2024/05/09	04:40:02	40.53930	141.55784	16	0.0	5	1.1	212
2024/05/09	04:41:00	40.53929	141.55788	30	0.0	4	1.1	204
2024/05/09	04:42:00	40.53931	141.55777	52	0.0	4	2.0	214
2024/05/09	04:43:00	40.53930	141.55788	20	0.0	5	1.1	212
2024/05/09	04:44:00	40.53923	141.55796	4	0.0	5	1.1	211
2024/05/09	04:45:00	40.53920	141.55790	20	0.0	5	1.2	208
2024/05/09	04:46:02	40.53928	141.55769	38	0.0	1	7.2	134
2024/05/09	04:47:03	40.53936	141.55789	22	0.0	3	2.1	144
2024/05/09	04:48:02	40.53930	141.55784	-4	0.0	3	1.2	170
2024/05/09	04:49:02	40.53934	141.55780	40	0.0	3	2.0	162
2024/05/09	04:50:04	40.53918	141.55783	26	0.0	1	5.0	149
2024/05/09	04:51:01	40.53935	141.55778	20	0.0	3	2.3	173
2024/05/09	04:52:01	40.53935	141.55799	12	0.0	3	1.2	154
2024/05/09	04:53:01	40.53933	141.55801	34	0.0	5	1.1	207
2024/05/09	04:54:01	40.53930	141.55861	30	0.0	3	1.4	158
2024/05/09	04:55:02	40.53914	141.55870	10	0.0	5	1.1	190
2024/05/09	04:56:01	40.53871	141.56009	38	0.0	5	1.4	243
2024/05/09	04:57:00	40.53870	141.56004	6	0.0	4	1.2	165
2024/05/09	04:58:00	40.53949	141.55797	-10	0.0	3	2.0	204
2024/05/09	04:59:00	40.53935	141.55797	6	0.0	4	1.4	213
2024/05/09	05:00:00	40.53940	141.55801	14	0.0	4	1.2	202
2024/05/09	05:01:01	40.53937	141.55799	18	0.0	5	1.2	201
2024/05/09	05:02:01	40.53930	141.55803	38	0.0	5	1.3	201
2024/05/09	05:03:00	40.53927	141.55805	10	3.7	4	1.2	175
2024/05/09	05:04:00	40.53947	141.55792	-2	0.0	5	1.2	218
2024/05/09	05:05:00	40.53943	141.55803	20	0.0	5	1.2	210
2024/05/09	05:06:00	40.53961	141.55789	-8	0.0	4	1.3	200
2024/05/09	05:07:00	40.53936	141.55800	28	0.0	4	1.2	175
2024/05/09	05:08:01	40.53938	141.55801	26	0.0	5	1.2	237
2024/05/09	05:09:01	40.53930	141.55807	30	0.0	5	1.2	237
2024/05/09	05:10:01	40.53938	141.55803	26	0.0	5	1.2	211
2024/05/09	05:11:00	40.53936	141.55807	20	0.0	5	1.3	210
2024/05/09	05:12:00	40.53938	141.55795	32	0.0	4	1.4	207
2024/05/09	05:13:00	40.53940	141.55803	22	0.0	5	1.3	203
2024/05/09	05:14:00	40.53937	141.55807	20	0.0	4	1.4	206
2024/05/09	05:15:00	40.53945	141.55795	10	0.0	4	2.0	204
2024/05/09	05:16:00	40.53935	141.55792	16	0.0	5	1.3	205
2024/05/09	05:17:00	40.53966	141.55787	-12	0.0	4	2.0	199
2024/05/09	05:18:01	40.53932	141.55807	34	0.0	4	1.3	200
2024/05/09	05:19:00	40.53938	141.55796	0	0.0	5	1.4	211
2024/05/09	05:20:00	40.53943	141.55792	14	0.0	5	2.0	200
2024/05/09	05:21:00	40.53940	141.55801	16	0.0	4	2.0	201
2024/05/09	05:22:00	40.53940	141.55789	20	0.0	4	1.4	200
2024/05/09	05:23:00	40.53952	141.55788	12	0.0	4	2.1	200
2024/05/09	05:24:00	40.53948	141.55777	36	3.7	3	2.2	161
2024/05/09	05:25:00	40.53959	141.55798	78	0.0	3	2.2	188
2024/05/09	05:26:01	40.53940	141.55795	24	0.0	5	2.0	196
2024/05/09	05:27:00	40.53936	141.55808	22	0.0	3	2.0	194
2024/05/09	05:28:00	40.53940	141.55811	6	0.0	5	1.4	205
2024/05/09	05:29:00	40.53941	141.55790	16	0.0	4	1.4	203
2024/05/09	05:30:00	40.53959	141.55789	2	0.0	4	2.1	205
2024/05/09	05:31:00	40.53937	141.55808	16	0.0	5	1.4	203
2024/05/09	05:32:01	40.53933	141.55803	32	0.0	4	2.1	193
2024/05/09	05:33:01	40.53936	141.55797	26	0.0	4	2.0	227
2024/05/09	05:34:01	40.53937	141.55796	24	0.0	4	2.0	195
2024/05/09	05:35:00	40.53925	141.55782	48	0.0	4	2.0	195
2024/05/09	05:36:00	40.53930	141.55798	38	0.0	4	2.1	170
2024/05/09	05:37:00	40.53936	141.55805	14	0.0	4	2.1	192
2024/05/09	05:38:00	40.53943	141.55796	14	0.0	5	1.4	208
2024/05/09	05:39:00	40.53940	141.55793	14	0.0	5	1.4	206
2024/05/09	05:40:00	40.53922	141.55815	26	0.0	5	1.4	206
2024/05/09	05:41:01	40.53936	141.55800	26	0.0	5	1.4	236
2024/05/09	05:42:00	40.53940	141.55799	26	0.0	5	1.4	214
2024/05/09	05:43:00	40.53939	141.55795	32	3.7	5	1.4	203
2024/05/09	05:44:00	40.53935	141.55799	14	0.0	4	2.1	193
2024/05/09	05:45:01	40.53937	141.55805	28	0.0	5	1.4	186
2024/05/09	05:46:00	40.53951	141.55785	-6	0.0	4	2.1	229
2024/05/09	05:47:00	40.53943	141.55796	26	0.0	5	1.4	275
2024/05/09	05:48:00	40.53955	141.55787	-0	0.0	4	2.0	207
2024/05/09	05:49:00	40.53927	141.55817	28	3.7	4	1.4	167
2024/05/09	05:50:00	40.53946	141.55790	0	3.7	3	2.2	142
2024/05/09	05:51:01	40.53933	141.55802	24	0.0	4	1.4	231
2024/05/09	05:52:00	40.53915	141.55830	60	0.0	3	2.2	171
2024/05/09	05:53:00	40.53952	141.55795	4	0.0	3	2.2	169
2024/05/09	05:54:00	40.53939	141.55792	14	0.0	4	2.0	166
2024/05/09	05:55:00	40.53947	141.55773	0	11.1	3	2.2	162
2024/05/09	05:56:00	40.53930	141.55814	24	3.7	3	2.2	159
2024/05/09	05:57:00	40.53945	141.55794	26	0.0	3	2.2	206
2024/05/09	05:58:00	40.53935	141.55816	36	0.0	3	2.2	155
2024/05/09	05:59:00	40.53940	141.55803	16	0.0	3	2.2	138
2024/05/09	06:00:00	40.53926	141.55811	54	0.0	4	2.0	200
2024/05/09	06:01:00	40.53956	141.55787	6	0.0	3	2.4	205
2024/05/09	06:02:00	40.53938	141.55808	20	0.0	3	2.4	139
2024/05/09	06:03:00	40.53941	141.55804	24	0.0	3	2.4	135
2024/05/09	06:04:00	40.53944	141.55804	24	0.0	3	2.4	175
2024/05/09	06:05:01	40.53934	141.55807	22	0.0	3	3.0	198
2024/05/09	06:06:01	40.53933	141.55809	2	0.0	3	3.0	196
2024/05/09	06:07:02	40.53951	141.55760	32	0.0	3	3.0	152
2024/05/09	06:08:02	40.53941	141.55795	6	0.0	4	2.0	283
2024/05/09	06:09:02	40.53940	141.55794	18	0.0	4	2.0	225
2024/05/09	06:10:01	40.53939	141.55797	24	0.0	4	2.0	196
2024/05/09	06:11:02	40.53933	141.55807	18	0.0	3	3.0	159
2024/05/09	06:12:01	40.53943	141.55794	18	0.0	3	3.0	197
2024/05/09	06:13:02	40.53940	141.55811	14	0.0	3	3.0	266
2024/05/09	06:14:02	40.53936	141.55812	12	0.0	3	3.0	234
2024/05/09	06:15:01	40.53928	141.55816	18	0.0	3	3.0	254
2024/05/09	06:16:02	40.53939	141.55813	16	0.0	3	3.0	180
2024/05/09	06:17:01	40.53936	141.55805	8	0.0	3	3.0	169
2024/05/09	06:18:03	40.53949	141.55797	4	0.0	3	3.0	235
2024/05/09	06:19:03	40.53939	141.55810	16	0.0	3	3.0	236
2024/05/09	06:20:02	40.53931	141.55807	20	0.0	3	3.0	156
2024/05/09	06:21:04	40.53939	141.55802	14	0.0	3	3.0	294
2024/05/09	06:22:04	40.53939	141.55811	10	0.0	3	3.0	228
2024/05/09	06:23:04	40.53940	141.55800	20	0.0	3	3.0	221
2024/05/09	06:24:04	40.53938	141.55808	20	0.0	3	3.0	293
2024/05/09	06:25:04	40.53938	141.55792	32	0.0	3	3.0	224
2024/05/09	06:26:04	40.53933	141.55799	30	0.0	3	3.0	228
2024/05/09	06:27:08	40.53924	141.55811	20	0.0	3	3.0	251
2024/05/09	06:28:16	40.53932	141.55808	22	0.0	3	3.0	274
2024/05/09	06:29:31	40.53939	141.55795	24	0.0	7	1.0	303
2024/05/09	06:30:01	40.53934	141.55789	28	0.0	6	1.4	262
2024/05/09	06:31:00	40.53940	141.55799	18	0.0	5	1.1	267
2024/05/09	06:32:00	40.53949	141.55805	10	3.7	4	1.2	168
2024/05/09	06:33:00	40.53952	141.55819	18	0.0	6	1.0	235
2024/05/09	06:34:00	40.53949	141.55807	22	0.0	5	2.4	269
2024/05/09	06:35:00	40.53941	141.55806	20	0.0	7	1.0	308
2024/05/09	06:36:00	40.53941	141.55800	10	0.0	5	1.1	233
2024/05/09	06:37:00	40.53951	141.55810	6	0.0	6	1.2	268
2024/05/09	06:38:00	40.53950	141.55812	-6	0.0	6	1.2	239
2024/05/09	06:39:00	40.53945	141.55802	16	3.7	4	1.1	239
2024/05/09	06:40:00	40.53943	141.55812	18	0.0	4	1.2	172
2024/05/09	06:41:01	40.53941	141.55801	14	0.0	6	1.1	241
2024/05/09	06:42:01	40.53937	141.55801	40	0.0	3	2.4	135
2024/05/09	06:43:01	40.53929	141.55778	30	0.0	6	1.1	236
2024/05/09	06:44:01	40.53939	141.55794	42	0.0	4	1.1	197
2024/05/09	06:45:00	40.53950	141.55794	4	0.0	5	1.1	205
2024/05/09	06:45:59	40.53954	141.55817	58	0.0	3	2.0	138
2024/05/09	06:47:00	40.53941	141.55800	24	0.0	6	1.1	236
2024/05/09	06:48:00	40.53970	141.55814	64	3.7	4	1.4	201
2024/05/09	06:49:01	40.53941	141.55807	12	0.0	5	2.2	210
2024/05/09	06:50:00	40.53939	141.55794	26	0.0	4	1.2	248
2024/05/09	06:51:00	40.53929	141.55786	16	0.0	5	2.0	212
2024/05/09	06:52:00	40.53936	141.55797	6	0.0	5	1.2	205
2024/05/09	06:53:00	40.53960	141.55839	-0	0.0	3	2.2	137
2024/05/09	06:54:01	40.53933	141.55791	20	0.0	5	2.0	242
2024/05/09	06:55:02	40.53945	141.55802	-2	0.0	5	2.0	232
2024/05/09	06:56:02	40.53945	141.55801	10	0.0	5	1.1	227
2024/05/09	06:57:02	40.53942	141.55793	22	0.0	4	1.2	191
2024/05/09	06:58:01	40.53948	141.55800	18	0.0	6	1.1	231
2024/05/09	06:59:02	40.53941	141.55793	28	0.0	6	1.1	231
2024/05/09	07:00:02	40.53936	141.55779	18	0.0	5	2.0	199
2024/05/09	07:01:01	40.53951	141.55800	54	0.0	4	1.2	229
2024/05/09	07:02:01	40.53937	141.55802	36	0.0	6	1.0	235
2024/05/09	07:03:01	40.53937	141.55796	14	0.0	6	1.0	269
2024/05/09	07:04:02	40.53938	141.55797	16	0.0	6	1.0	234
2024/05/09	07:05:01	40.53945	141.55786	8	3.7	4	2.3	195
2024/05/09	07:06:01	40.53942	141.55808	0	0.0	5	1.4	233
2024/05/09	07:07:01	40.53940	141.55799	20	0.0	6	1.0	232
2024/05/09	07:08:00	40.53902	141.55818	22	29.6	6	1.0	274
2024/05/09	07:09:02	40.53937	141.55798	12	0.0	6	1.0	245
2024/05/09	07:10:02	40.53939	141.55803	22	0.0	6	1.0	247
2024/05/09	07:11:01	40.53941	141.55799	18	0.0	6	1.0	238
2024/05/09	07:12:00	40.53939	141.55794	28	0.0	6	1.0	241
2024/05/09	07:13:01	40.53938	141.55797	20	0.0	6	1.0	243
2024/05/09	07:14:01	40.53938	141.55798	36	0.0	4	1.4	227
2024/05/09	07:15:01	40.53938	141.55803	20	0.0	5	2.0	228
2024/05/09	07:16:01	40.53941	141.55803	44	0.0	5	1.4	268
2024/05/09	07:17:01	40.53945	141.55787	48	0.0	5	1.1	210
2024/05/09	07:18:01	40.53939	141.55801	16	0.0	5	1.1	237
2024/05/09	07:19:01	40.53944	141.55798	10	0.0	5	1.1	211
2024/05/09	07:20:02	40.53945	141.55821	4	0.0	4	1.4	220
2024/05/09	07:21:01	40.53940	141.55799	12	0.0	5	1.3	235
2024/05/09	07:22:01	40.53943	141.55789	-14	0.0	4	1.4	190
2024/05/09	07:23:01	40.53943	141.55791	14	0.0	5	1.3	203
2024/05/09	07:24:00	40.53942	141.55803	6	0.0	4	1.4	201
2024/05/09	07:25:00	40.53936	141.55804	0	0.0	4	1.4	254
2024/05/09	07:26:01	40.53942	141.55809	14	0.0	5	1.3	234
2024/05/09	07:27:01	40.53942	141.55799	18	0.0	5	1.3	238
2024/05/09	07:28:01	40.53936	141.55817	-0	0.0	5	1.3	235
2024/05/09	07:29:01	40.53937	141.55787	10	0.0	5	1.3	239
2024/05/09	07:30:01	40.53937	141.55794	24	0.0	5	1.3	258
2024/05/09	07:31:01	40.53901	141.55835	156	7.4	2	8.0	210
2024/05/09	07:32:01	40.53935	141.55790	16	0.0	4	1.4	181
2024/05/09	07:33:01	40.53937	141.55792	36	0.0	5	1.3	255
2024/05/09	07:34:00	40.53940	141.55786	38	0.0	5	1.3	240
2024/05/09	07:35:00	40.53942	141.55792	30	0.0	3	2.1	206
2024/05/09	07:36:00	40.53936	141.55794	22	0.0	5	1.4	240
2024/05/09	07:37:00	40.53939	141.55783	44	0.0	4	1.4	241
2024/05/09	07:38:00	40.53943	141.55791	28	0.0	3	2.1	145
2024/05/09	07:39:00	40.53950	141.55788	28	0.0	4	1.4	246
2024/05/09	07:40:01	40.53934	141.55802	12	14.8	5	1.2	264
2024/05/09	07:41:02	40.53935	141.55794	24	0.0	5	1.2	250
2024/05/09	07:42:00	40.53940	141.55796	20	0.0	5	1.3	215
2024/05/09	07:43:00	40.53940	141.55806	16	0.0	5	1.2	243
2024/05/09	07:44:00	40.53937	141.55790	32	0.0	5	1.2	248
2024/05/09	07:45:01	40.53943	141.55797	18	0.0	5	1.2	272
2024/05/09	07:46:00	40.53939	141.55802	22	0.0	5	1.2	253
2024/05/09	07:47:00	40.53948	141.55810	10	0.0	5	1.4	247
2024/05/09	07:48:00	40.53937	141.55791	24	0.0	5	1.2	248
2024/05/09	07:49:00	40.53944	141.55805	12	0.0	4	1.3	236
2024/05/09	07:50:00	40.53926	141.55815	26	25.9	5	1.2	202
2024/05/09	07:51:01	40.53914	141.55861	8	0.0	4	2.0	236
2024/05/09	07:52:02	40.53943	141.55869	-0	33.3	4	1.4	198
2024/05/09	07:53:03	40.53991	141.55744	-4	0.0	3	2.0	317
2024/05/09	07:54:00	40.53986	141.55749	62	0.0	3	2.1	204
2024/05/09	07:55:01	40.53999	141.55755	26	0.0	3	1.4	271
2024/05/09	07:56:01	40.54000	141.55755	0	3.7	4	1.4	293
2024/05/09	07:57:01	40.53998	141.55748	24	0.0	4	1.4	223
2024/05/09	07:58:01	40.53994	141.55755	8	0.0	5	1.2	219
2024/05/09	07:59:00	40.54005	141.55754	-10	0.0	3	1.4	228
2024/05/09	08:00:00	40.54012	141.55771	-36	0.0	3	2.2	262
2024/05/09	08:01:00	40.53983	141.55764	60	0.0	4	2.1	250
2024/05/09	08:02:00	40.54018	141.55749	-44	0.0	4	1.4	226
2024/05/09	08:03:01	40.53977	141.55649	18	40.7	5	1.1	237
2024/05/09	08:04:02	40.53953	141.55822	10	0.0	3	2.4	221
2024/05/09	08:05:01	40.53921	141.55771	66	0.0	3	2.4	193
2024/05/09	08:06:01	40.53942	141.55826	20	0.0	4	2.1	260
2024/05/09	08:07:01	40.53945	141.55843	6	29.6	3	2.0	201
2024/05/09	08:08:01	40.53935	141.55793	12	0.0	4	2.1	237
2024/05/09	08:09:01	40.53948	141.55800	18	0.0	5	1.3	231
2024/05/09	08:10:00	40.53935	141.55799	14	0.0	5	1.3	226
2024/05/09	08:11:00	40.53948	141.55800	22	0.0	4	1.3	234
2024/05/09	08:12:00	40.53950	141.55804	6	0.0	5	1.3	232
2024/05/09	08:13:00	40.53952	141.55798	0	0.0	3	2.2	192
2024/05/09	08:14:00	40.53951	141.55782	0	3.7	4	2.1	236
2024/05/09	08:15:01	40.53947	141.55787	-32	0.0	3	2.2	235
2024/05/09	08:16:01	40.53940	141.55800	24	0.0	4	2.1	228
2024/05/09	08:17:00	40.53936	141.55812	34	0.0	4	2.1	203
2024/05/09	08:18:00	40.53939	141.55807	40	3.7	4	2.1	201
2024/05/09	08:19:00	40.53932	141.55796	26	0.0	4	2.1	207
2024/05/09	08:20:00	40.53942	141.55782	24	0.0	4	2.1	203
2024/05/09	08:21:00	40.53936	141.55797	38	0.0	4	2.1	173
2024/05/09	08:22:02	40.53939	141.55801	22	0.0	3	2.2	258
2024/05/09	08:23:00	40.53938	141.55809	-0	0.0	3	2.2	198
2024/05/09	08:24:01	40.53948	141.55810	0	0.0	3	2.2	289
2024/05/09	08:25:01	40.53943	141.55809	2	0.0	3	2.2	231
2024/05/09	08:26:01	40.53944	141.55800	12	0.0	3	2.2	243
2024/05/09	08:27:00	40.53942	141.55796	18	0.0	3	2.2	168
2024/05/09	08:28:01	40.53923	141.55799	46	0.0	3	2.2	155
2024/05/09	08:29:01	40.53941	141.55801	16	0.0	3	2.2	208
2024/05/09	08:30:00	40.53947	141.55833	-10	3.7	3	2.2	172
2024/05/09	08:31:03	40.53945	141.55792	18	0.0	3	2.2	239
2024/05/09	08:32:00	40.53943	141.55802	12	0.0	3	2.2	180
2024/05/09	08:33:00	40.53950	141.55798	10	0.0	3	2.2	169
2024/05/09	08:34:00	40.53939	141.55807	26	0.0	3	2.2	168
2024/05/09	08:35:00	40.53929	141.55805	46	0.0	3	2.2	172
2024/05/09	08:36:00	40.53935	141.55804	22	0.0	3	2.2	171
2024/05/09	08:37:01	40.53935	141.55795	28	0.0	3	2.2	238
2024/05/09	08:38:02	40.53946	141.55808	12	0.0	3	2.2	237
2024/05/09	08:39:00	40.53946	141.55801	10	0.0	3	2.2	181
2024/05/09	08:40:01	40.53932	141.55815	38	0.0	3	2.2	208
2024/05/09	08:41:01	40.53943	141.55795	-0	0.0	3	2.2	241
2024/05/09	08:42:01	40.53936	141.55789	18	0.0	3	2.2	165
2024/05/09	08:43:01	40.53939	141.55793	4	0.0	3	2.2	205
2024/05/09	08:44:00	40.53936	141.55817	46	3.7	3	2.2	208
2024/05/09	08:45:00	40.53952	141.55766	24	0.0	3	2.2	172
2024/05/09	08:46:01	40.53946	141.55823	26	0.0	3	2.2	233
2024/05/09	08:47:01	40.53940	141.55787	16	0.0	3	2.2	201
2024/05/09	08:48:01	40.53938	141.55777	16	0.0	3	2.2	269
2024/05/09	08:49:01	40.53945	141.55800	22	0.0	3	2.2	170
2024/05/09	08:50:05	40.53939	141.55794	10	0.0	3	2.2	228
2024/05/09	08:51:02	40.53938	141.55801	30	0.0	3	2.2	269
2024/05/09	08:52:01	40.53942	141.55797	12	0.0	3	2.2	205
2024/05/09	08:53:01	40.53947	141.55795	24	0.0	3	2.2	165
2024/05/09	08:54:01	40.53940	141.55805	18	0.0	3	2.2	168
2024/05/09	08:55:00	40.53929	141.55821	22	0.0	3	2.2	170
2024/05/09	08:56:01	40.53941	141.55788	26	0.0	3	2.3	229
2024/05/09	08:57:01	40.53936	141.55800	6	0.0	3	2.3	195
2024/05/09	08:58:01	40.53942	141.55800	24	0.0	3	2.3	160
2024/05/09	08:59:03	40.53945	141.55804	20	0.0	3	2.3	196
2024/05/09	09:00:03	40.53947	141.55804	18	0.0	3	2.3	192
2024/05/09	09:01:02	40.53941	141.55814	32	0.0	3	2.3	294
2024/05/09	09:02:00	40.53948	141.55789	22	0.0	3	2.3	161
2024/05/09	09:03:01	40.53953	141.55795	-2	0.0	3	2.3	223
2024/05/09	09:04:02	40.53948	141.55806	14	0.0	3	2.3	194
2024/05/09	09:05:01	40.53940	141.55794	26	0.0	3	2.3	163
2024/05/09	09:06:02	40.53928	141.55810	44	0.0	3	2.3	163
2024/05/09	09:07:04	40.53937	141.55823	40	0.0	3	2.3	227
2024/05/09	09:08:06	40.53941	141.55808	26	0.0	3	2.3	216
2024/05/09	09:09:31	40.53939	141.55800	12	0.0	6	1.0	310
2024/05/09	09:10:00	40.53938	141.55802	6	0.0	5	1.3	270
2024/05/09	09:11:00	40.53939	141.55814	0	3.7	4	2.0	186
2024/05/09	09:12:00	40.53944	141.55790	10	0.0	5	1.3	238
2024/05/09	09:13:00	40.53948	141.55797	8	0.0	4	1.3	230
2024/05/09	09:14:00	40.53945	141.55809	-2	0.0	4	1.4	174
2024/05/09	09:15:00	40.53941	141.55794	34	0.0	3	1.3	180
2024/05/09	09:16:01	40.53932	141.55776	40	0.0	5	1.3	202
2024/05/09	09:17:01	40.53937	141.55796	18	0.0	5	1.3	200
2024/05/09	09:18:00	40.53940	141.55804	26	0.0	5	1.3	202
2024/05/09	09:19:00	40.53933	141.55788	18	0.0	3	2.4	197
2024/05/09	09:20:00	40.53944	141.55792	46	0.0	5	1.3	201
2024/05/09	09:21:00	40.53891	141.55799	-4	29.6	6	1.0	235
2024/05/09	09:22:00	40.53933	141.55798	-0	0.0	5	1.3	214
2024/05/09	09:23:00	40.53955	141.55843	-24	0.0	5	1.3	197
2024/05/09	09:24:00	40.53937	141.55796	26	0.0	5	1.3	207
2024/05/09	09:25:00	40.53927	141.55784	26	0.0	5	1.3	213
2024/05/09	09:26:00	40.53939	141.55793	18	0.0	5	1.3	208
2024/05/09	09:27:00	40.53937	141.55799	8	0.0	4	1.3	178
2024/05/09	09:28:00	40.53941	141.55802	8	0.0	5	1.3	213
2024/05/09	09:29:00	40.53935	141.55797	14	0.0	5	1.3	209
2024/05/09	09:30:00	40.53934	141.55799	4	0.0	5	1.3	209
2024/05/09	09:31:00	40.53942	141.55806	10	0.0	5	1.3	211
2024/05/09	09:32:00	40.53938	141.55802	10	0.0	5	1.3	211
2024/05/09	09:33:00	40.53933	141.55791	34	0.0	5	1.3	211
2024/05/09	09:34:00	40.53939	141.55793	8	0.0	5	1.3	203
2024/05/09	09:35:01	40.53939	141.55805	14	0.0	5	1.3	207
2024/05/09	09:36:00	40.53941	141.55806	10	0.0	4	2.3	165
2024/05/09	09:37:00	40.53939	141.55791	28	0.0	5	1.3	208
2024/05/09	09:38:00	40.53939	141.55793	20	0.0	5	1.3	212
2024/05/09	09:39:00	40.53937	141.55790	12	0.0	5	1.3	205
2024/05/09	09:40:00	40.53935	141.55796	36	0.0	4	1.3	175
2024/05/09	09:41:01	40.53935	141.55794	16	0.0	5	1.3	210
2024/05/09	09:42:01	40.53934	141.55807	6	0.0	5	3.1	240
2024/05/09	09:43:00	40.53940	141.55793	32	0.0	5	1.3	213
2024/05/09	09:44:00	40.53939	141.55806	-0	0.0	5	1.3	208
2024/05/09	09:45:00	40.53936	141.55795	38	0.0	5	1.3	205
2024/05/09	09:46:00	40.53933	141.55791	24	0.0	5	1.3	204
2024/05/09	09:47:00	40.53937	141.55801	8	0.0	5	1.3	206
2024/05/09	09:48:00	40.53937	141.55799	14	0.0	5	1.3	209
2024/05/09	09:49:00	40.53936	141.55800	18	0.0	5	1.3	213
2024/05/09	09:50:00	40.53937	141.55798	4	0.0	5	1.3	210
2024/05/09	09:51:00	40.53933	141.55787	28	0.0	4	2.4	199
2024/05/09	09:52:00	40.53929	141.55776	24	0.0	4	2.4	162
2024/05/09	09:53:00	40.53933	141.55769	56	0.0	4	2.4	204
2024/05/09	09:54:00	40.53940	141.55815	4	0.0	4	2.3	198
2024/05/09	09:55:01	40.53938	141.55801	6	0.0	5	1.3	201
2024/05/09	09:56:00	40.53935	141.55794	16	0.0	5	1.3	207
2024/05/09	09:57:00	40.53942	141.55805	8	0.0	4	2.3	205
2024/05/09	09:58:00	40.53937	141.55801	24	0.0	5	1.3	208
2024/05/09	09:59:00	40.53936	141.55794	18	0.0	5	1.3	207
2024/05/09	10:00:00	40.53937	141.55781	26	0.0	5	1.3	204
2024/05/09	10:01:00	40.53938	141.55800	14	0.0	5	1.3	210
2024/05/09	10:02:00	40.53937	141.55801	4	0.0	5	1.3	208
2024/05/09	10:03:00	40.53940	141.55797	16	0.0	5	1.3	209
2024/05/09	10:04:00	40.53943	141.55803	20	0.0	5	1.3	210
2024/05/09	10:05:00	40.53941	141.55803	12	0.0	5	1.3	242
2024/05/09	10:06:00	40.53944	141.55816	26	0.0	5	1.3	240
2024/05/09	10:07:00	40.53933	141.55797	28	0.0	5	1.3	209
2024/05/09	10:08:00	40.53936	141.55802	4	0.0	5	1.3	205
2024/05/09	10:09:00	40.53938	141.55793	18	0.0	5	1.3	208
2024/05/09	10:10:00	40.53943	141.55797	22	0.0	5	1.3	204
2024/05/09	10:11:00	40.53932	141.55784	36	0.0	4	2.1	201
2024/05/09	10:12:00	40.53929	141.55780	42	0.0	4	2.0	203
2024/05/09	10:13:00	40.53940	141.55787	32	0.0	4	2.0	175
2024/05/09	10:14:00	40.53942	141.55800	18	0.0	5	1.3	205
2024/05/09	10:15:00	40.53940	141.55805	6	0.0	4	2.1	174
2024/05/09	10:16:00	40.53937	141.55793	22	0.0	5	1.3	208
2024/05/09	10:17:00	40.53921	141.55820	-30	0.0	4	2.0	177
2024/05/09	10:18:00	40.53928	141.55802	4	0.0	4	2.0	176
2024/05/09	10:19:01	40.53936	141.55793	14	0.0	5	1.3	240
2024/05/09	10:20:00	40.53940	141.55799	20	0.0	4	1.3	174
2024/05/09	10:21:00	40.53937	141.55790	34	0.0	5	1.3	209
2024/05/09	10:22:00	40.53944	141.55798	16	0.0	4	2.0	206
2024/05/09	10:23:00	40.53938	141.55798	22	0.0	5	1.3	208
2024/05/09	10:24:00	40.53937	141.55792	34	0.0	4	1.4	208
2024/05/09	10:25:00	40.53936	141.55792	2	0.0	5	1.3	200
2024/05/09	10:26:00	40.53940	141.55799	28	0.0	5	1.4	236
2024/05/09	10:27:00	40.53936	141.55790	34	0.0	5	1.3	206
2024/05/09	10:28:00	40.53937	141.55801	14	0.0	4	1.4	175
2024/05/09	10:29:00	40.53942	141.55794	12	3.7	3	2.2	200
2024/05/09	10:30:00	40.53926	141.55796	80	0.0	3	2.2	304
2024/05/09	10:31:00	40.53938	141.55800	12	3.7	3	2.2	235
2024/05/09	10:32:00	40.53931	141.55806	60	0.0	3	2.3	143
2024/05/09	10:33:01	40.53938	141.55795	22	0.0	5	1.3	241
2024/05/09	10:34:00	40.53938	141.55787	10	0.0	5	1.3	242
2024/05/09	10:35:00	40.53940	141.55790	6	0.0	5	2.2	201
2024/05/09	10:36:00	40.53937	141.55799	18	0.0	4	1.4	175
2024/05/09	10:37:00	40.53933	141.55792	24	0.0	3	2.1	164
2024/05/09	10:38:00	40.53936	141.55799	28	0.0	4	1.4	196
2024/05/09	10:39:00	40.53930	141.55794	30	0.0	4	1.4	232
2024/05/09	10:40:00	40.53938	141.55805	14	0.0	4	1.4	197
2024/05/09	10:41:00	40.53939	141.55793	16	0.0	4	1.4	206
2024/05/09	10:42:00	40.53927	141.55805	30	7.4	4	1.4	196
2024/05/09	10:43:00	40.53936	141.55793	46	0.0	4	1.4	170
2024/05/09	10:44:00	40.53930	141.55799	44	0.0	4	1.4	194
2024/05/09	10:45:01	40.53931	141.55803	28	0.0	4	1.4	268
2024/05/09	10:46:00	40.53936	141.55798	32	0.0	4	1.4	178
2024/05/09	10:47:00	40.53927	141.55794	40	0.0	4	1.4	176
2024/05/09	10:48:00	40.53935	141.55793	28	0.0	4	1.4	177
2024/05/09	10:49:00	40.53927	141.55793	28	0.0	4	1.4	175
2024/05/09	10:50:00	40.53937	141.55799	14	0.0	4	1.4	174
2024/05/09	10:51:00	40.53936	141.55800	32	0.0	4	1.4	174
2024/05/09	10:52:00	40.53939	141.55805	16	0.0	4	1.4	172
2024/05/09	10:53:00	40.53922	141.55803	30	0.0	4	1.4	169
2024/05/09	10:54:00	40.53937	141.55798	22	0.0	4	1.4	172
2024/05/09	10:55:00	40.53932	141.55794	22	0.0	4	1.4	203
2024/05/09	10:56:00	40.53932	141.55800	32	3.7	4	1.4	169
2024/05/09	10:57:01	40.53940	141.55804	16	0.0	4	1.4	237
2024/05/09	10:58:00	40.53936	141.55796	14	0.0	4	1.4	171
2024/05/09	10:59:00	40.53934	141.55806	20	0.0	4	1.4	170
2024/05/09	11:00:00	40.53932	141.55799	26	0.0	4	2.4	170
2024/05/09	11:01:00	40.53930	141.55796	44	0.0	4	2.4	169
2024/05/09	11:02:00	40.53937	141.55789	20	0.0	4	2.4	173
2024/05/09	11:03:02	40.53940	141.55800	18	0.0	4	3.0	242
2024/05/09	11:04:01	40.53939	141.55801	16	0.0	4	3.0	206
2024/05/09	11:05:01	40.53929	141.55795	36	0.0	4	3.0	243
2024/05/09	11:06:01	40.53939	141.55804	12	0.0	4	3.1	244
2024/05/09	11:07:01	40.53932	141.55796	32	0.0	4	3.1	205
2024/05/09	11:08:01	40.53941	141.55790	18	0.0	4	3.1	240
2024/05/09	11:09:01	40.53935	141.55797	16	0.0	4	3.2	204
2024/05/09	11:10:01	40.53937	141.55800	18	0.0	4	3.2	168
2024/05/09	11:11:01	40.53939	141.55800	18	0.0	4	3.3	205
2024/05/09	11:12:01	40.53940	141.55800	10	0.0	4	3.3	207
2024/05/09	11:13:01	40.53928	141.55789	42	0.0	4	3.4	244
2024/05/09	11:14:01	40.53945	141.55802	10	0.0	4	3.4	243
2024/05/09	11:15:01	40.53929	141.55788	34	0.0	4	4.0	155
2024/05/09	11:16:01	40.53931	141.55797	24	0.0	4	4.0	204
2024/05/09	11:17:01	40.53935	141.55800	16	0.0	4	4.1	240
2024/05/09	11:18:01	40.53921	141.55788	46	0.0	4	4.2	239
2024/05/09	11:19:01	40.53931	141.55795	28	0.0	4	4.2	206
2024/05/09	11:20:01	40.53930	141.55796	28	0.0	4	4.3	206
2024/05/09	11:21:01	40.53936	141.55800	18	0.0	4	4.4	206
2024/05/09	11:22:02	40.53934	141.55798	24	0.0	4	5.0	206
2024/05/09	11:23:02	40.53929	141.55797	30	0.0	4	5.1	225
2024/05/09	11:24:02	40.53934	141.55799	24	0.0	4	5.2	293
2024/05/09	11:25:02	40.53918	141.55789	46	0.0	4	5.3	271
2024/05/09	11:26:02	40.53963	141.55813	-16	0.0	4	6.0	302
2024/05/09	11:27:02	40.53934	141.55798	22	0.0	4	6.1	271
2024/05/09	11:28:01	40.53928	141.55784	38	0.0	4	6.3	270
2024/05/09	11:29:02	40.53946	141.55801	4	0.0	4	6.4	272
2024/05/09	11:30:02	40.53946	141.55806	4	0.0	4	7.1	306
2024/05/09	11:31:02	40.53911	141.55783	58	0.0	4	7.3	301
2024/05/09	11:32:02	40.53932	141.55795	34	0.0	4	7.4	267
2024/05/09	11:33:02	40.53932	141.55792	34	0.0	4	8.1	252
2024/05/09	11:34:02	40.53949	141.55803	6	0.0	4	8.3	268
2024/05/09	11:35:02	40.53925	141.55792	32	0.0	4	9.0	291
2024/05/09	11:36:02	40.53912	141.55784	60	0.0	4	9.2	238
2024/05/09	11:37:02	40.53952	141.55803	-0	0.0	4	9.3	288
2024/05/09	11:38:02	40.53892	141.55771	92	0.0	4	10.0	267
2024/05/09	11:39:02	40.53918	141.55788	50	0.0	4	10.0	285
2024/05/09	11:40:02	40.53961	141.55817	-12	0.0	3	12.4	281
2024/05/09	11:41:02	40.53940	141.55802	20	0.0	3	12.0	284
2024/05/09	11:42:02	40.53933	141.55794	36	0.0	3	11.1	228
2024/05/09	11:43:02	40.53960	141.55809	-18	0.0	3	10.3	283
2024/05/09	11:44:02	40.53940	141.55806	12	0.0	3	10.1	282
2024/05/09	11:45:01	40.53941	141.55795	16	0.0	3	9.3	202
2024/05/09	11:46:02	40.53944	141.55805	6	0.0	3	9.1	283
2024/05/09	11:47:02	40.53933	141.55797	24	0.0	3	8.4	279
2024/05/09	11:48:02	40.53951	141.55800	-12	0.0	3	8.3	261
2024/05/09	11:49:02	40.53959	141.55837	-2	0.0	3	8.1	240
2024/05/09	11:50:02	40.53947	141.55808	0	0.0	3	8.0	263
2024/05/09	11:51:02	40.53954	141.55816	6	0.0	3	7.3	260
2024/05/09	11:52:02	40.53960	141.55831	2	0.0	3	7.2	262
2024/05/09	11:53:01	40.53932	141.55795	24	0.0	3	7.1	222
2024/05/09	11:54:03	40.53934	141.55790	16	0.0	3	7.1	255
2024/05/09	11:55:02	40.53946	141.55798	0	0.0	3	7.0	295
2024/05/09	11:56:02	40.53955	141.55825	-4	0.0	3	6.4	294
2024/05/09	11:57:03	40.53948	141.55800	-0	0.0	3	6.3	259
2024/05/09	11:58:02	40.53933	141.55780	16	0.0	3	6.3	294
2024/05/09	11:59:03	40.53943	141.55817	16	0.0	3	6.2	293
2024/05/09	12:00:30	40.53938	141.55799	16	0.0	7	1.0	315
2024/05/09	12:00:59	40.53936	141.55797	48	0.0	5	1.2	265
2024/05/09	12:02:00	40.53940	141.55810	10	0.0	7	1.1	274
2024/05/09	12:03:00	40.53941	141.55799	4	0.0	6	1.0	266
2024/05/09	12:04:00	40.53928	141.55787	18	0.0	6	1.1	262
2024/05/09	12:05:00	40.53942	141.55804	18	0.0	6	1.1	244
2024/05/09	12:06:00	40.53934	141.55801	16	0.0	7	0.4	272
2024/05/09	12:07:00	40.53934	141.55797	12	0.0	6	1.0	235
2024/05/09	12:08:00	40.53937	141.55795	14	0.0	7	0.4	270
2024/05/09	12:09:00	40.53942	141.55794	6	0.0	7	0.4	271
2024/05/09	12:10:00	40.53938	141.55802	4	0.0	7	0.4	274
2024/05/09	12:11:00	40.53936	141.55800	18	0.0	7	0.4	269
2024/05/09	12:12:00	40.53939	141.55796	14	0.0	7	1.0	275
2024/05/09	12:13:00	40.53939	141.55801	16	0.0	7	0.4	273
2024/05/09	12:14:00	40.53945	141.55799	12	0.0	7	0.4	273
2024/05/09	12:15:00	40.53933	141.55798	12	0.0	7	0.4	273
2024/05/09	12:16:00	40.53941	141.55795	16	0.0	7	0.4	272
2024/05/09	12:17:00	40.53937	141.55803	20	0.0	7	0.4	273
2024/05/09	12:18:00	40.53935	141.55794	4	0.0	7	0.4	261
2024/05/09	12:19:00	40.53932	141.55795	18	0.0	6	1.0	260
2024/05/09	12:20:00	40.53931	141.55790	28	0.0	7	0.4	260
2024/05/09	12:21:00	40.53938	141.55797	8	0.0	7	0.4	263
2024/05/09	12:22:00	40.53943	141.55800	6	0.0	5	1.1	209
2024/05/09	12:23:00	40.53943	141.55785	16	7.4	7	0.4	279
2024/05/09	12:24:00	40.53937	141.55802	24	0.0	7	0.4	283
2024/05/09	12:25:00	40.53930	141.55790	20	0.0	7	0.4	273
2024/05/09	12:26:00	40.53941	141.55803	22	0.0	7	0.4	274
2024/05/09	12:27:00	40.53935	141.55796	10	0.0	7	0.4	270
2024/05/09	12:28:00	40.53944	141.55800	2	0.0	5	1.2	262
2024/05/09	12:29:00	40.53934	141.55793	8	0.0	6	0.4	263
2024/05/09	12:30:00	40.53938	141.55793	18	0.0	7	0.4	264
2024/05/09	12:31:00	40.53942	141.55794	-8	0.0	6	1.1	265
2024/05/09	12:32:00	40.53940	141.55791	4	0.0	6	1.1	259
2024/05/09	12:33:00	40.53933	141.55802	4	0.0	5	1.1	232
2024/05/09	12:34:00	40.53931	141.55802	34	0.0	4	1.3	197
2024/05/09	12:35:00	40.53934	141.55799	16	0.0	6	1.1	261
2024/05/09	12:36:00	40.53938	141.55804	16	0.0	6	1.0	231
2024/05/09	12:37:00	40.53942	141.55790	2	0.0	6	1.1	264
2024/05/09	12:38:00	40.53939	141.55796	4	0.0	7	0.4	269
2024/05/09	12:39:00	40.53934	141.55808	8	0.0	4	1.2	225
2024/05/09	12:40:00	40.53940	141.55792	4	0.0	7	0.4	263
2024/05/09	12:41:00	40.53936	141.55797	12	0.0	7	0.4	271
2024/05/09	12:42:00	40.53940	141.55795	22	0.0	6	1.1	265
2024/05/09	12:43:00	40.53934	141.55797	18	0.0	6	1.0	235
2024/05/09	12:44:00	40.53932	141.55807	24	0.0	6	1.1	232
2024/05/09	12:45:00	40.53939	141.55803	20	0.0	7	0.4	266
2024/05/09	12:46:00	40.53944	141.55796	18	0.0	6	1.0	237
2024/05/09	12:47:00	40.53934	141.55804	24	0.0	7	0.4	271
2024/05/09	12:48:00	40.53944	141.55796	16	0.0	7	0.4	277
2024/05/09	12:49:00	40.53933	141.55802	24	0.0	7	0.4	271
2024/05/09	12:50:00	40.53938	141.55800	10	0.0	7	0.4	280
2024/05/09	12:51:00	40.53938	141.55800	14	0.0	7	0.4	278
2024/05/09	12:52:00	40.53941	141.55799	14	0.0	7	0.4	284
2024/05/09	12:53:00	40.53936	141.55799	22	0.0	7	0.4	283
2024/05/09	12:54:00	40.53940	141.55802	24	0.0	6	1.0	245
2024/05/09	12:55:00	40.53934	141.55805	30	0.0	7	0.4	281
2024/05/09	12:56:00	40.53925	141.55804	12	0.0	6	1.1	245
2024/05/09	12:57:00	40.53941	141.55798	16	0.0	6	1.0	243
2024/05/09	12:58:00	40.53936	141.55794	12	0.0	6	0.4	274
2024/05/09	12:59:00	40.53935	141.55799	16	0.0	7	0.4	279
2024/05/09	13:00:00	40.53938	141.55800	14	0.0	7	0.4	275
2024/05/09	13:01:00	40.53937	141.55801	24	0.0	7	0.4	277
2024/05/09	13:02:00	40.53935	141.55802	12	0.0	6	0.4	277
2024/05/09	13:03:00	40.53940	141.55797	14	0.0	7	0.4	274
2024/05/09	13:04:00	40.53938	141.55796	22	0.0	6	0.4	275
2024/05/09	13:05:00	40.53941	141.55793	22	0.0	7	1.0	276
2024/05/09	13:06:00	40.53935	141.55800	34	0.0	5	1.1	240
2024/05/09	13:07:00	40.53943	141.55796	14	0.0	7	1.0	275
2024/05/09	13:08:00	40.53947	141.55783	12	0.0	6	1.0	251
2024/05/09	13:09:00	40.53946	141.55802	10	0.0	5	1.0	233
2024/05/09	13:10:00	40.53932	141.55801	18	0.0	6	1.0	268
2024/05/09	13:10:59	40.53932	141.55798	6	0.0	3	2.1	205
2024/05/09	13:12:00	40.53937	141.55796	10	0.0	6	1.0	274
2024/05/09	13:13:00	40.53937	141.55796	16	0.0	6	1.0	266
2024/05/09	13:14:00	40.53937	141.55803	14	0.0	6	1.0	264
2024/05/09	13:15:00	40.53938	141.55802	12	0.0	7	0.4	274
2024/05/09	13:16:00	40.53940	141.55798	20	0.0	5	1.0	231
2024/05/09	13:17:00	40.53939	141.55801	16	0.0	7	0.4	269
2024/05/09	13:18:00	40.53942	141.55798	12	0.0	7	0.4	272
2024/05/09	13:19:00	40.53931	141.55793	10	0.0	6	1.0	265
2024/05/09	13:20:00	40.53934	141.55795	14	0.0	5	1.0	261
2024/05/09	13:21:00	40.53934	141.55801	34	0.0	6	1.0	229
2024/05/09	13:22:00	40.53934	141.55806	20	0.0	3	1.3	163
2024/05/09	13:23:00	40.53939	141.55800	8	0.0	5	1.1	235
2024/05/09	13:24:00	40.53936	141.55804	8	0.0	4	1.1	195
2024/05/09	13:25:00	40.53923	141.55799	44	0.0	4	1.2	197
2024/05/09	13:26:00	40.53935	141.55799	0	0.0	4	1.2	168
2024/05/09	13:27:00	40.53933	141.55797	20	0.0	5	1.1	222
2024/05/09	13:28:00	40.53939	141.55802	6	0.0	5	1.1	227
2024/05/09	13:29:00	40.53940	141.55802	20	0.0	5	1.1	222
2024/05/09	13:30:00	40.53938	141.55795	16	0.0	5	1.0	224
2024/05/09	13:31:00	40.53933	141.55794	18	0.0	4	1.3	199
2024/05/09	13:32:00	40.53960	141.55784	22	11.1	6	1.0	241
2024/05/09	13:33:00	40.53945	141.55801	4	0.0	4	1.3	178
2024/05/09	13:34:00	40.53938	141.55794	22	0.0	4	1.2	225
2024/05/09	13:35:00	40.53936	141.55799	40	0.0	5	1.1	226
2024/05/09	13:36:00	40.53947	141.55807	6	0.0	5	1.1	232
2024/05/09	13:37:00	40.53941	141.55804	6	0.0	4	1.3	227
2024/05/09	13:38:00	40.53939	141.55793	10	3.7	5	1.1	265
2024/05/09	13:39:01	40.53935	141.55796	16	0.0	5	1.1	228
2024/05/09	13:40:00	40.53928	141.55805	24	0.0	5	1.1	229
2024/05/09	13:41:00	40.53941	141.55798	12	0.0	5	1.1	230
2024/05/09	13:42:00	40.53941	141.55790	12	0.0	5	1.1	203
2024/05/09	13:43:00	40.53939	141.55797	16	0.0	5	1.1	227
2024/05/09	13:44:00	40.53949	141.55802	-4	0.0	5	1.1	202
2024/05/09	13:45:00	40.53938	141.55799	10	0.0	5	1.1	259
2024/05/09	13:46:00	40.53938	141.55796	12	0.0	5	1.1	208
2024/05/09	13:47:00	40.53933	141.55805	14	0.0	5	1.1	246
2024/05/09	13:47:59	40.53961	141.55817	-2	0.0	3	2.0	205
2024/05/09	13:49:00	40.53939	141.55803	2	0.0	5	1.1	209
2024/05/09	13:49:59	40.53946	141.55789	12	0.0	3	2.1	208
2024/05/09	13:51:00	40.53938	141.55802	12	0.0	5	1.1	206
2024/05/09	13:52:00	40.53944	141.55801	-4	0.0	4	1.4	174
2024/05/09	13:53:00	40.53949	141.55798	-2	0.0	5	1.2	209
2024/05/09	13:53:59	40.53944	141.55788	8	0.0	4	1.4	209
2024/05/09	13:55:00	40.53936	141.55797	12	0.0	5	1.2	284
2024/05/09	13:56:00	40.53938	141.55800	14	0.0	5	1.2	209
2024/05/09	13:56:59	40.53927	141.55808	32	0.0	4	1.4	209
2024/05/09	13:57:59	40.53929	141.55799	26	0.0	3	2.0	175
2024/05/09	13:59:00	40.53940	141.55799	12	0.0	5	1.2	247
2024/05/09	14:00:00	40.53940	141.55801	18	0.0	5	1.3	210
2024/05/09	14:01:00	40.53944	141.55800	10	0.0	5	1.3	285
2024/05/09	14:02:00	40.53941	141.55801	6	0.0	5	1.3	246
2024/05/09	14:02:59	40.53938	141.55813	34	3.7	4	2.0	207
2024/05/09	14:03:59	40.53943	141.55802	22	0.0	4	2.3	212
2024/05/09	14:05:00	40.53941	141.55801	12	0.0	5	1.4	246
2024/05/09	14:05:59	40.53928	141.55798	20	0.0	4	2.0	211
2024/05/09	14:07:00	40.53944	141.55799	10	0.0	5	1.4	252
2024/05/09	14:07:59	40.53952	141.55803	0	0.0	5	1.4	215
2024/05/09	14:09:00	40.53940	141.55803	14	0.0	5	1.4	251
2024/05/09	14:09:59	40.53940	141.55796	6	0.0	3	2.1	186
2024/05/09	14:10:59	40.53936	141.55804	18	0.0	5	1.4	214
2024/05/09	14:12:00	40.53939	141.55797	14	0.0	5	1.4	248
2024/05/09	14:13:00	40.53946	141.55799	6	0.0	5	2.0	250
2024/05/09	14:13:59	40.53935	141.55809	24	0.0	4	2.1	182
2024/05/09	14:14:59	40.53942	141.55803	8	0.0	4	2.1	213
2024/05/09	14:16:00	40.53944	141.55801	14	0.0	5	2.0	249
2024/05/09	14:17:00	40.53941	141.55795	4	0.0	5	2.0	283
2024/05/09	14:17:59	40.53936	141.55804	10	3.7	4	2.2	211
2024/05/09	14:19:00	40.53948	141.55792	0	0.0	5	2.0	282
2024/05/09	14:20:00	40.53942	141.55797	12	0.0	5	2.0	245
2024/05/09	14:21:00	40.53944	141.55799	10	0.0	5	2.1	283
2024/05/09	14:22:00	40.53927	141.55799	20	0.0	5	2.1	195
2024/05/09	14:23:01	40.53941	141.55798	10	0.0	5	2.1	195
2024/05/09	14:24:00	40.53937	141.55801	14	0.0	5	2.1	236
2024/05/09	14:25:01	40.53944	141.55796	10	0.0	5	2.1	267
2024/05/09	14:26:00	40.53933	141.55806	24	0.0	5	2.1	270
2024/05/09	14:27:00	40.53940	141.55799	12	0.0	5	2.1	234
2024/05/09	14:28:01	40.53936	141.55799	22	0.0	5	2.1	196
2024/05/09	14:29:01	40.53936	141.55808	20	0.0	5	2.2	267
2024/05/09	14:30:00	40.53936	141.55803	14	0.0	5	2.2	198
2024/05/09	14:31:02	40.53942	141.55799	6	0.0	4	3.3	234
2024/05/09	14:32:02	40.53943	141.55800	12	0.0	4	3.3	265
2024/05/09	14:33:02	40.53938	141.55798	12	0.0	4	3.3	224
2024/05/09	14:34:02	40.53931	141.55801	28	0.0	4	3.3	250
2024/05/09	14:35:01	40.53943	141.55799	12	0.0	4	3.3	199
2024/05/09	14:36:02	40.53953	141.55801	2	0.0	4	3.3	265
2024/05/09	14:37:01	40.53948	141.55796	-0	0.0	4	3.3	231
2024/05/09	14:38:02	40.53946	141.55800	2	0.0	4	3.3	200
2024/05/09	14:39:01	40.53944	141.55797	14	0.0	4	3.3	231
2024/05/09	14:40:02	40.53941	141.55802	10	0.0	4	3.3	293
2024/05/09	14:41:02	40.53930	141.55806	32	0.0	4	3.2	260
2024/05/09	14:42:02	40.53945	141.55800	6	0.0	4	3.2	223
2024/05/09	14:43:02	40.53929	141.55801	30	0.0	4	3.2	226
2024/05/09	14:44:01	40.53937	141.55799	18	0.0	4	3.2	225
2024/05/09	14:45:01	40.53936	141.55802	26	0.0	3	3.4	284
2024/05/09	14:46:02	40.53925	141.55796	24	0.0	4	3.1	223
2024/05/09	14:47:03	40.53956	141.55785	-46	3.7	3	3.3	212
2024/05/09	14:48:02	40.53939	141.55805	14	0.0	3	3.3	254
2024/05/09	14:49:03	40.53933	141.55802	22	0.0	3	3.3	216
2024/05/09	14:50:03	40.53949	141.55788	-26	0.0	3	3.3	217
2024/05/09	14:51:03	40.53949	141.55792	-14	0.0	3	3.2	213
2024/05/09	14:52:03	40.53935	141.55801	16	0.0	3	3.2	228
2024/05/09	14:53:03	40.53935	141.55803	20	0.0	2	2.4	227
2024/05/09	14:54:03	40.53936	141.55799	22	3.7	3	3.2	197
2024/05/09	14:55:03	40.53943	141.55793	-0	0.0	3	3.1	193
2024/05/09	14:56:03	40.53946	141.55794	-4	0.0	2	2.3	193
2024/05/09	14:57:04	40.53929	141.55806	34	0.0	3	3.1	162
2024/05/09	14:58:03	40.53932	141.55807	36	0.0	2	2.3	160
2024/05/09	14:59:04	40.53931	141.55805	34	0.0	2	2.3	224
2024/05/09	15:00:05	40.53940	141.55798	8	0.0	3	3.1	223
2024/05/09	15:01:03	40.53926	141.55817	60	0.0	3	3.1	191
2024/05/09	15:02:03	40.53927	141.55814	60	0.0	2	2.2	258
2024/05/09	15:03:04	40.53925	141.55813	62	0.0	2	2.2	222
2024/05/09	15:04:03	40.53927	141.55816	64	0.0	2	2.2	242
2024/05/09	15:05:03	40.53925	141.55814	62	0.0	2	2.2	190
2024/05/09	15:06:03	40.53927	141.55817	60	0.0	2	2.2	140
2024/05/09	15:07:03	40.53927	141.55812	58	0.0	2	2.1	204
2024/05/09	15:08:03	40.53923	141.55814	54	0.0	2	2.1	203
2024/05/09	15:09:03	40.53928	141.55809	52	0.0	2	2.1	137
2024/05/09	15:10:05	40.53929	141.55814	52	0.0	2	2.1	167
2024/05/09	15:11:04	40.53929	141.55812	54	0.0	2	2.1	172
2024/05/09	15:12:04	40.53926	141.55813	54	0.0	2	2.1	174
2024/05/09	15:13:04	40.53930	141.55815	54	0.0	2	2.1	208
2024/05/09	15:14:04	40.53926	141.55812	54	0.0	2	2.1	138
2024/05/09	15:15:05	40.53927	141.55814	54	0.0	2	2.1	168
2024/05/09	15:16:05	40.53928	141.55814	52	0.0	2	2.1	231
2024/05/09	15:17:05	40.53927	141.55816	54	0.0	2	2.1	239
2024/05/09	15:18:05	40.53930	141.55814	54	0.0	2	2.0	171
2024/05/09	15:19:05	40.53927	141.55814	54	0.0	2	2.0	240
2024/05/09	15:20:05	40.53925	141.55817	54	0.0	2	2.0	202
2024/05/09	15:21:05	40.53926	141.55816	54	0.0	2	2.0	239
2024/05/09	15:22:05	40.53929	141.55811	52	0.0	2	2.0	237
2024/05/09	15:23:05	40.53927	141.55815	50	0.0	2	2.0	169
2024/05/09	15:24:05	40.53928	141.55817	52	0.0	2	2.0	205
2024/05/09	15:25:07	40.53930	141.55813	52	0.0	2	2.0	204
2024/05/09	15:26:06	40.53925	141.55819	52	0.0	2	2.0	233
2024/05/09	15:27:06	40.53928	141.55814	52	0.0	2	2.0	205
2024/05/09	15:28:06	40.53929	141.55815	52	0.0	2	2.0	169
2024/05/09	15:29:06	40.53927	141.55816	54	0.0	2	2.0	222
2024/05/09	15:30:06	40.53926	141.55815	54	0.0	2	2.0	203
2024/05/09	15:31:07	40.53926	141.55818	54	0.0	2	2.0	263
2024/05/09	15:32:07	40.53925	141.55818	52	0.0	2	2.0	226
2024/05/09	15:33:07	40.53927	141.55817	52	0.0	2	2.0	263
2024/05/09	15:34:07	40.53928	141.55816	52	0.0	2	2.0	264
2024/05/09	15:35:07	40.53927	141.55817	54	0.0	2	2.0	264
2024/05/09	15:36:07	40.53928	141.55814	52	0.0	2	2.0	266
2024/05/09	15:37:07	40.53926	141.55817	52	0.0	2	2.0	265
2024/05/09	15:38:08	40.53927	141.55819	52	0.0	2	2.0	264
2024/05/09	15:39:08	40.53925	141.55819	52	0.0	2	2.0	229
2024/05/09	15:40:08	40.53923	141.55821	54	0.0	2	2.0	272
2024/05/09	15:41:05	40.53927	141.55816	52	0.0	2	2.0	234
2024/05/09	15:42:06	40.53929	141.55817	50	0.0	2	2.0	263
2024/05/09	15:43:05	40.53931	141.55814	46	0.0	2	2.0	229
2024/05/09	15:44:05	40.53927	141.55816	48	0.0	2	2.0	272
2024/05/09	15:45:05	40.53930	141.55815	46	0.0	2	2.0	268
2024/05/09	15:46:06	40.53929	141.55814	44	0.0	2	2.0	233
2024/05/09	15:47:06	40.53929	141.55812	40	0.0	2	2.0	267
2024/05/09	15:48:32	40.53936	141.55799	14	0.0	6	1.0	300
2024/05/09	15:49:00	40.53938	141.55807	34	0.0	6	1.0	237
2024/05/09	15:50:00	40.53939	141.55801	-0	0.0	6	1.0	238
2024/05/09	15:50:59	40.53921	141.55783	-46	0.0	4	1.2	232
2024/05/09	15:51:59	40.53937	141.55798	6	0.0	4	1.1	204
2024/05/09	15:52:59	40.53934	141.55807	10	0.0	4	2.0	234
2024/05/09	15:53:59	40.53931	141.55794	30	0.0	4	1.2	233
2024/05/09	15:55:00	40.53939	141.55795	0	0.0	6	1.0	219
2024/05/09	15:56:00	40.53935	141.55799	6	0.0	6	1.2	237
2024/05/09	15:56:59	40.53930	141.55801	18	3.7	5	1.2	233
2024/05/09	15:57:59	40.53924	141.55797	38	0.0	4	1.4	235
2024/05/09	15:58:59	40.53938	141.55792	26	0.0	3	1.3	231
2024/05/09	16:00:00	40.53935	141.55799	22	0.0	6	1.0	271
2024/05/09	16:00:59	40.53946	141.55796	-22	3.7	4	1.4	231
2024/05/09	16:02:00	40.53921	141.55809	-26	0.0	4	1.3	232
2024/05/09	16:03:00	40.53928	141.55813	-8	0.0	5	1.4	237
2024/05/09	16:03:59	40.53944	141.55807	-12	0.0	4	1.3	235
2024/05/09	16:05:00	40.53941	141.55815	6	0.0	5	1.2	232
2024/05/09	16:06:00	40.53937	141.55799	12	0.0	6	1.0	236
2024/05/09	16:07:01	40.53941	141.55801	24	0.0	6	1.0	236
2024/05/09	16:08:01	40.53935	141.55802	8	0.0	5	1.1	238
2024/05/09	16:08:59	40.53935	141.55792	4	0.0	5	1.1	238
2024/05/09	16:09:59	40.53944	141.55805	-2	0.0	4	2.0	236
2024/05/09	16:10:59	40.53938	141.55793	-24	0.0	4	2.0	237
2024/05/09	16:12:00	40.53937	141.55798	24	0.0	5	1.3	235
2024/05/09	16:13:00	40.53926	141.55812	12	0.0	6	1.0	236
2024/05/09	16:14:00	40.53934	141.55802	18	0.0	4	1.4	204
2024/05/09	16:15:00	40.53944	141.55797	30	3.7	5	1.2	269
2024/05/09	16:16:01	40.53931	141.55803	6	0.0	4	1.4	174
2024/05/09	16:17:00	40.53936	141.55795	14	0.0	5	1.2	272
2024/05/09	16:18:01	40.53936	141.55798	14	0.0	5	1.1	273
2024/05/09	16:18:59	40.53935	141.55796	26	0.0	4	2.1	207
2024/05/09	16:20:00	40.53919	141.55806	36	0.0	5	1.3	209
2024/05/09	16:21:00	40.53945	141.55798	12	0.0	5	1.2	231
2024/05/09	16:22:00	40.53951	141.55803	24	0.0	6	1.0	235
2024/05/09	16:22:59	40.53946	141.55789	18	0.0	5	1.1	231
2024/05/09	16:24:01	40.53935	141.55802	12	0.0	5	1.1	269
2024/05/09	16:25:00	40.53941	141.55797	18	0.0	5	1.1	271
2024/05/09	16:25:59	40.53934	141.55803	20	0.0	5	1.1	206
2024/05/09	16:26:59	40.53946	141.55787	18	0.0	4	2.0	234
2024/05/09	16:28:00	40.53933	141.55784	44	0.0	3	2.1	228
2024/05/09	16:29:00	40.53939	141.55800	20	0.0	5	1.2	205
2024/05/09	16:29:59	40.53949	141.55796	16	0.0	5	1.1	207
2024/05/09	16:31:01	40.53938	141.55798	18	0.0	5	1.1	243
2024/05/09	16:31:59	40.53937	141.55802	12	0.0	4	1.1	209
2024/05/09	16:32:59	40.53931	141.55804	16	3.7	4	1.3	214
2024/05/09	16:34:00	40.53944	141.55791	24	0.0	5	1.1	208
2024/05/09	16:35:00	40.53938	141.55799	20	0.0	5	1.1	206
2024/05/09	16:36:00	40.53915	141.55813	-30	0.0	4	1.3	171
2024/05/09	16:37:00	40.53932	141.55798	-0	0.0	5	1.1	204
2024/05/09	16:38:00	40.53939	141.55801	32	0.0	5	1.1	210
2024/05/09	16:39:00	40.53940	141.55802	20	0.0	5	1.1	244
2024/05/09	16:40:00	40.53920	141.55807	22	0.0	4	1.3	209
2024/05/09	16:41:01	40.53939	141.55797	12	0.0	5	1.1	244
2024/05/09	16:42:01	40.53941	141.55792	2	0.0	4	2.1	244
2024/05/09	16:43:00	40.53934	141.55801	12	0.0	5	1.1	247
2024/05/09	16:43:59	40.53929	141.55799	14	0.0	4	1.1	208
2024/05/09	16:44:59	40.53924	141.55797	24	0.0	5	1.1	245
2024/05/09	16:46:00	40.53943	141.55806	-6	0.0	4	1.3	205
2024/05/09	16:47:00	40.53941	141.55796	42	0.0	5	1.1	206
2024/05/09	16:48:00	40.53952	141.55792	22	0.0	4	1.2	214
2024/05/09	16:49:00	40.53940	141.55794	4	0.0	4	2.2	180
2024/05/09	16:50:01	40.53934	141.55791	26	0.0	4	1.2	210
2024/05/09	16:51:01	40.53937	141.55797	18	0.0	5	1.1	208
2024/05/09	16:52:00	40.53941	141.55796	-8	0.0	4	2.0	205
2024/05/09	16:53:00	40.53939	141.55796	14	0.0	5	1.1	204
2024/05/09	16:54:00	40.53919	141.55808	8	0.0	5	1.1	203
2024/05/09	16:55:00	40.53947	141.55805	-0	0.0	5	1.1	210
2024/05/09	16:56:00	40.53927	141.55805	12	0.0	5	1.1	211
2024/05/09	16:57:00	40.53935	141.55793	6	0.0	5	1.1	207
2024/05/09	16:58:00	40.53940	141.55801	28	0.0	5	1.1	208
2024/05/09	16:59:01	40.53938	141.55799	12	0.0	5	1.1	243
2024/05/09	16:59:59	40.53943	141.55805	2	0.0	4	1.4	206
2024/05/09	17:00:59	40.53929	141.55807	0	0.0	5	1.2	244
2024/05/09	17:02:00	40.53931	141.55799	20	0.0	5	1.2	244
2024/05/09	17:03:00	40.53946	141.55793	6	3.7	4	1.3	244
2024/05/09	17:04:00	40.53931	141.55798	20	3.7	4	1.3	207
2024/05/09	17:05:00	40.53935	141.55796	8	0.0	4	1.3	238
2024/05/09	17:06:01	40.53936	141.55802	12	0.0	4	1.3	203
2024/05/09	17:06:59	40.53930	141.55810	10	0.0	3	2.0	207
2024/05/09	17:07:59	40.53927	141.55807	22	0.0	4	1.3	208
2024/05/09	17:09:00	40.53941	141.55797	8	0.0	5	1.2	245
2024/05/09	17:10:00	40.53936	141.55804	22	0.0	4	1.3	245
2024/05/09	17:10:59	40.53942	141.55804	22	0.0	4	1.3	240
2024/05/09	17:11:59	40.53931	141.55798	20	0.0	4	1.3	242
2024/05/09	17:13:00	40.53956	141.55789	-0	0.0	4	1.3	203
2024/05/09	17:13:59	40.53947	141.55795	-14	3.7	3	1.4	207
2024/05/09	17:15:01	40.53934	141.55794	46	0.0	4	2.1	167
2024/05/09	17:16:01	40.53933	141.55801	22	0.0	5	1.2	204
2024/05/09	17:17:01	40.53936	141.55792	14	0.0	4	1.3	278
2024/05/09	17:18:00	40.53930	141.55806	20	0.0	4	1.3	238
2024/05/09	17:19:01	40.53943	141.55791	12	0.0	4	1.3	236
2024/05/09	17:20:00	40.53944	141.55795	22	0.0	4	1.3	200
2024/05/09	17:21:00	40.53938	141.55800	10	0.0	4	1.3	230
2024/05/09	17:21:59	40.53938	141.55798	8	3.7	4	1.3	175
2024/05/09	17:23:00	40.53930	141.55811	22	3.7	4	1.4	174
2024/05/09	17:24:00	40.53930	141.55800	54	3.7	3	1.4	171
2024/05/09	17:25:00	40.53942	141.55795	38	0.0	3	1.4	243
2024/05/09	17:26:00	40.53941	141.55795	18	0.0	4	1.4	169
2024/05/09	17:27:00	40.53939	141.55800	8	0.0	4	1.4	166
2024/05/09	17:28:01	40.53941	141.55799	26	0.0	4	1.4	200
2024/05/09	17:28:59	40.53950	141.55796	38	0.0	3	2.0	162
2024/05/09	17:30:00	40.53932	141.55792	44	3.7	3	2.0	204
2024/05/09	17:31:00	40.53931	141.55802	12	0.0	3	2.0	138
2024/05/09	17:32:00	40.53937	141.55804	6	3.7	3	2.0	203
2024/05/09	17:33:00	40.53933	141.55803	20	0.0	3	2.0	177
2024/05/09	17:34:01	40.53937	141.55801	2	0.0	3	2.0	197
2024/05/09	17:35:03	40.53931	141.55806	16	0.0	3	2.0	200
2024/05/09	17:36:01	40.53944	141.55796	-4	0.0	3	2.0	198
2024/05/09	17:37:01	40.53934	141.55807	24	0.0	3	2.0	212
2024/05/09	17:38:01	40.53946	141.55804	-8	0.0	3	2.0	179
2024/05/09	17:39:03	40.53935	141.55798	10	0.0	3	2.0	176
2024/05/09	17:40:02	40.53938	141.55799	14	0.0	3	2.0	215
2024/05/09	17:41:01	40.53937	141.55804	16	0.0	3	2.0	174
2024/05/09	17:42:02	40.53935	141.55801	12	0.0	3	2.1	211
2024/05/09	17:43:01	40.53926	141.55807	28	0.0	3	2.1	137
2024/05/09	17:44:01	40.53945	141.55792	10	0.0	3	2.1	175
2024/05/09	17:45:01	40.53942	141.55803	-6	0.0	3	2.1	136
2024/05/09	17:46:01	40.53942	141.55795	14	0.0	3	2.1	134
2024/05/09	17:47:01	40.53949	141.55791	8	0.0	3	2.1	207
2024/05/09	17:48:01	40.53938	141.55800	8	0.0	3	2.1	203
2024/05/09	17:49:01	40.53928	141.55793	6	0.0	3	2.1	207
2024/05/09	17:50:01	40.53944	141.55795	6	0.0	3	2.2	205
2024/05/09	17:51:01	40.53943	141.55795	6	0.0	3	2.2	172
2024/05/09	17:52:01	40.53932	141.55805	2	0.0	3	2.2	132
2024/05/09	17:53:01	40.53926	141.55800	20	0.0	3	2.2	205
2024/05/09	17:54:02	40.53949	141.55787	-2	0.0	3	2.2	203
2024/05/09	17:55:01	40.53933	141.55793	22	0.0	3	2.2	201
2024/05/09	17:56:02	40.53935	141.55799	8	0.0	3	2.3	202
2024/05/09	17:57:03	40.53938	141.55797	24	0.0	3	2.3	201
2024/05/09	17:58:03	40.53942	141.55801	2	0.0	3	2.3	235
2024/05/09	17:59:04	40.53943	141.55793	10	0.0	3	2.3	233
2024/05/09	18:00:33	40.53937	141.55799	16	0.0	4	1.2	249
2024/05/09	18:01:00	40.53935	141.55805	18	0.0	4	1.3	174
2024/05/09	18:02:01	40.53939	141.55790	14	0.0	4	1.2	179
2024/05/09	18:03:00	40.53937	141.55799	4	3.7	3	2.1	178
2024/05/09	18:04:00	40.53929	141.55819	44	0.0	4	1.2	173
2024/05/09	18:05:00	40.53928	141.55782	10	0.0	3	2.0	135
2024/05/09	18:06:00	40.53933	141.55793	10	0.0	3	1.3	173
2024/05/09	18:07:00	40.53950	141.55785	12	0.0	4	1.2	178
2024/05/09	18:08:00	40.53943	141.55797	-10	0.0	4	1.2	170
2024/05/09	18:09:01	40.53943	141.55795	2	0.0	3	1.3	133
2024/05/09	18:10:02	40.53937	141.55802	22	0.0	4	1.2	198
2024/05/09	18:11:01	40.53942	141.55797	8	0.0	3	1.3	166
2024/05/09	18:12:00	40.53944	141.55807	14	0.0	3	1.3	140
2024/05/09	18:13:00	40.53935	141.55812	52	0.0	3	1.3	144
2024/05/09	18:14:00	40.53943	141.55799	44	0.0	3	1.3	145
2024/05/09	18:15:01	40.53942	141.55798	8	0.0	3	1.3	144
2024/05/09	18:16:00	40.53936	141.55795	28	0.0	3	1.3	146
2024/05/09	18:17:01	40.53936	141.55801	4	0.0	3	1.3	174
2024/05/09	18:18:00	40.53936	141.55791	-8	0.0	3	1.3	147
2024/05/09	18:19:00	40.53939	141.55800	38	0.0	3	1.3	146
2024/05/09	18:20:01	40.53934	141.55799	16	0.0	3	1.3	141
2024/05/09	18:21:00	40.53949	141.55796	-28	3.7	3	1.3	176
2024/05/09	18:22:00	40.53926	141.55796	-12	0.0	3	1.3	147
2024/05/09	18:23:01	40.53938	141.55791	12	0.0	3	1.3	145
2024/05/09	18:24:00	40.53945	141.55802	0	3.7	3	1.3	181
2024/05/09	18:25:00	40.53932	141.55803	-2	0.0	3	1.3	181
2024/05/09	18:26:00	40.53932	141.55797	36	0.0	3	1.3	141
2024/05/09	18:27:00	40.53927	141.55804	48	0.0	3	1.3	145
2024/05/09	18:28:01	40.53939	141.55799	14	0.0	3	1.3	176
2024/05/09	18:29:00	40.53933	141.55793	-2	0.0	3	1.4	143
2024/05/09	18:30:00	40.53934	141.55805	56	0.0	3	1.4	147
2024/05/09	18:31:01	40.53938	141.55798	8	0.0	3	1.4	144
2024/05/09	18:32:01	40.53935	141.55801	8	0.0	3	1.4	134
2024/05/09	18:33:00	40.53928	141.55801	44	0.0	3	1.4	145
2024/05/09	18:34:00	40.53943	141.55792	30	0.0	3	1.4	142
2024/05/09	18:35:00	40.53940	141.55794	28	0.0	3	1.4	141
2024/05/09	18:36:00	40.53941	141.55792	34	0.0	3	1.4	143
2024/05/09	18:37:00	40.53941	141.55799	-0	0.0	3	1.4	143
2024/05/09	18:38:02	40.53934	141.55801	20	0.0	3	1.4	139
2024/05/09	18:39:01	40.53946	141.55788	-2	0.0	3	1.4	132
2024/05/09	18:40:01	40.53950	141.55784	8	11.1	3	1.4	142
2024/05/09	18:41:00	40.53937	141.55775	-4	0.0	3	1.4	141
2024/05/09	18:42:00	40.53920	141.55818	54	0.0	3	1.4	138
2024/05/09	18:43:00	40.53940	141.55795	44	0.0	3	1.4	140
2024/05/09	18:44:00	40.53932	141.55810	32	0.0	3	1.4	140
2024/05/09	18:45:00	40.53940	141.55825	0	3.7	3	1.4	169
2024/05/09	18:46:01	40.53942	141.55774	-50	0.0	3	2.4	137
2024/05/09	18:47:02	40.53940	141.55798	4	0.0	3	2.0	208
2024/05/09	18:48:00	40.53943	141.55791	10	0.0	3	2.0	138
2024/05/09	18:49:00	40.53934	141.55787	22	0.0	3	2.0	143
2024/05/09	18:50:01	40.53936	141.55795	20	0.0	3	2.0	142
2024/05/09	18:51:00	40.53941	141.55790	10	0.0	3	2.0	184
2024/05/09	18:52:00	40.53929	141.55809	28	0.0	3	2.0	143
2024/05/09	18:53:00	40.53934	141.55789	18	0.0	3	2.4	179
2024/05/09	18:54:01	40.53933	141.55805	36	0.0	3	2.0	144
2024/05/09	18:55:01	40.53940	141.55794	12	0.0	3	2.1	143
2024/05/09	18:56:00	40.53938	141.55799	34	0.0	3	2.4	145
2024/05/09	18:57:01	40.53934	141.55799	10	0.0	3	2.1	144
2024/05/09	18:58:00	40.53939	141.55775	-26	0.0	3	2.1	138
2024/05/09	18:59:00	40.53938	141.55804	24	3.7	3	2.4	143
2024/05/09	19:00:00	40.53943	141.55798	-16	0.0	3	2.1	145
2024/05/09	19:01:01	40.53934	141.55800	20	0.0	3	2.1	177
2024/05/09	19:02:00	40.53943	141.55798	6	0.0	3	2.2	141
2024/05/09	19:03:01	40.53945	141.55785	-8	0.0	3	2.2	140
2024/05/09	19:04:01	40.53940	141.55800	12	0.0	3	2.2	174
2024/05/09	19:05:01	40.53936	141.55796	26	0.0	3	2.2	247
2024/05/09	19:06:01	40.53934	141.55801	22	0.0	3	2.2	173
2024/05/09	19:07:00	40.53923	141.55837	48	3.7	3	2.2	137
2024/05/09	19:08:02	40.53942	141.55791	-6	0.0	3	2.3	204
2024/05/09	19:09:00	40.53929	141.55811	16	0.0	3	2.3	135
2024/05/09	19:10:00	40.53941	141.55781	14	0.0	3	2.3	172
2024/05/09	19:11:00	40.53947	141.55794	2	0.0	3	2.3	138
2024/05/09	19:12:01	40.53936	141.55807	20	0.0	3	2.3	141
2024/05/09	19:13:00	40.53932	141.55800	6	7.4	3	2.4	142
2024/05/09	19:14:02	40.53936	141.55802	10	3.7	3	2.4	175
2024/05/09	19:15:01	40.53948	141.55785	2	0.0	3	2.4	137
2024/05/09	19:16:01	40.53939	141.55787	16	0.0	3	2.4	135
2024/05/09	19:17:02	40.53938	141.55793	12	0.0	3	2.4	205
2024/05/09	19:18:02	40.53938	141.55795	10	0.0	3	3.0	241
2024/05/09	19:19:03	40.53939	141.55795	6	0.0	3	3.0	204
2024/05/09	19:20:03	40.53930	141.55802	26	0.0	3	3.0	205
2024/05/09	19:21:03	40.53935	141.55800	14	0.0	3	3.0	237
2024/05/09	19:22:02	40.53925	141.55809	44	0.0	2	4.2	200
2024/05/09	19:23:02	40.53934	141.55804	24	0.0	2	4.2	201
2024/05/09	19:24:02	40.53942	141.55794	8	0.0	2	4.3	233
2024/05/09	19:25:03	40.53938	141.55795	16	0.0	2	4.3	194
2024/05/09	19:26:03	40.53925	141.55813	38	0.0	2	4.3	261
2024/05/09	19:27:03	40.53938	141.55798	20	0.0	2	4.3	192
2024/05/09	19:28:03	40.53947	141.55782	6	0.0	2	4.3	159
2024/05/09	19:29:02	40.53921	141.55816	56	0.0	2	4.3	141
2024/05/09	19:30:02	40.53929	141.55807	22	0.0	2	4.3	262
2024/05/09	19:31:02	40.53921	141.55817	42	0.0	2	4.3	245
2024/05/09	19:32:02	40.53941	141.55790	14	0.0	2	4.3	160
2024/05/09	19:33:02	40.53948	141.55780	2	0.0	2	4.3	235
2024/05/09	19:34:02	40.53910	141.55833	40	0.0	2	4.3	230
2024/05/09	19:35:03	40.53945	141.55791	4	0.0	2	4.3	194
2024/05/09	19:36:02	40.53935	141.55794	18	0.0	2	4.3	228
2024/05/09	19:37:02	40.53937	141.55797	24	0.0	2	4.2	197
2024/05/09	19:38:02	40.53943	141.55790	4	0.0	2	4.2	230
2024/05/09	19:39:03	40.53945	141.55785	4	0.0	2	4.2	194
2024/05/09	19:40:03	40.53937	141.55798	12	0.0	2	4.2	193
2024/05/09	19:41:03	40.53930	141.55806	22	0.0	2	4.1	174
2024/05/09	19:42:02	40.53921	141.55817	30	0.0	2	4.1	208
2024/05/09	19:43:03	40.53941	141.55782	4	0.0	2	4.0	174
2024/05/09	19:44:03	40.53949	141.55782	2	0.0	2	4.0	217
2024/05/09	19:45:02	40.53946	141.55781	-0	0.0	2	4.0	172
2024/05/09	19:46:03	40.53934	141.55802	20	0.0	2	3.4	209
2024/05/09	19:47:02	40.53955	141.55769	2	0.0	2	3.4	212
2024/05/09	19:48:02	40.53942	141.55793	8	0.0	2	3.4	209
2024/05/09	19:49:02	40.53938	141.55798	12	0.0	2	3.3	247
2024/05/09	19:50:02	40.53947	141.55777	8	0.0	2	3.3	171
2024/05/09	19:51:03	40.53941	141.55792	8	0.0	2	3.3	174
2024/05/09	19:52:03	40.53936	141.55800	10	0.0	2	3.2	209
2024/05/09	19:53:02	40.53936	141.55799	16	0.0	2	3.2	175
2024/05/09	19:54:02	40.53931	141.55805	18	0.0	2	3.2	211
2024/05/09	19:55:02	40.53934	141.55803	18	0.0	2	3.1	208
2024/05/09	19:56:03	40.53938	141.55799	20	0.0	2	3.1	131
2024/05/09	19:57:03	40.53939	141.55791	20	0.0	2	3.1	209
2024/05/09	19:58:03	40.53941	141.55792	16	0.0	2	3.1	242
2024/05/09	19:59:03	40.53933	141.55799	14	0.0	2	3.0	176
2024/05/09	20:00:31	40.53937	141.55797	20	0.0	6	1.0	297
2024/05/09	20:01:00	40.53945	141.55797	6	0.0	5	1.4	305
2024/05/09	20:02:01	40.53932	141.55797	24	0.0	6	1.0	306
2024/05/09	20:03:00	40.53924	141.55785	24	0.0	6	1.0	300
2024/05/09	20:04:00	40.53936	141.55803	16	0.0	4	2.0	275
2024/05/09	20:05:00	40.53934	141.55813	42	0.0	5	1.1	236
2024/05/09	20:06:01	40.53945	141.55794	8	0.0	6	1.4	302
2024/05/09	20:07:01	40.53939	141.55802	16	0.0	6	1.0	302
2024/05/09	20:08:00	40.53920	141.55818	56	0.0	5	1.4	242
2024/05/09	20:09:01	40.53935	141.55799	22	0.0	6	1.0	301
2024/05/09	20:10:00	40.53932	141.55807	30	0.0	4	2.2	273
2024/05/09	20:11:01	40.53940	141.55796	20	0.0	6	1.0	300
2024/05/09	20:12:00	40.53939	141.55800	10	0.0	5	1.4	294
2024/05/09	20:13:01	40.53939	141.55800	18	0.0	6	1.0	303
2024/05/09	20:14:00	40.53957	141.55800	-0	0.0	4	1.4	301
2024/05/09	20:15:01	40.53936	141.55803	18	0.0	6	1.0	340
2024/05/09	20:16:00	40.53926	141.55827	42	0.0	3	2.1	162
2024/05/09	20:17:00	40.53929	141.55793	24	0.0	5	1.0	284
2024/05/09	20:18:00	40.53978	141.55795	-6	18.5	4	2.2	276
2024/05/09	20:19:00	40.54383	141.55612	18	25.9	5	1.3	335
2024/05/09	20:20:01	40.54583	141.55299	24	11.1	6	1.0	347
2024/05/09	20:21:00	40.54757	141.54921	22	40.7	4	2.0	336
2024/05/09	20:22:00	40.55169	141.54729	0	44.4	5	1.1	334
2024/05/09	20:23:00	40.55627	141.54512	2	22.2	5	1.0	330
2024/05/09	20:24:01	40.55987	141.54140	14	33.3	6	1.0	337
2024/05/09	20:25:01	40.56048	141.53777	14	29.6	6	1.0	344
2024/05/09	20:26:00	40.55979	141.53495	18	29.6	5	1.0	301
2024/05/09	20:27:01	40.55501	141.53610	20	22.2	6	1.0	336
2024/05/09	20:28:00	40.55326	141.53116	-10	25.9	4	2.0	243
2024/05/09	20:29:01	40.55174	141.52603	12	25.9	6	1.0	330
2024/05/09	20:30:01	40.54976	141.52110	0	25.9	6	1.0	310
2024/05/09	20:31:01	40.54845	141.51653	4	25.9	6	1.0	307
2024/05/09	20:32:00	40.54726	141.51383	22	22.2	4	1.3	208
2024/05/09	20:33:00	40.54518	141.51017	12	25.9	4	1.4	249
2024/05/09	20:34:00	40.54428	141.50956	8	0.0	5	1.0	267
2024/05/09	20:35:01	40.54306	141.50966	2	0.0	5	1.3	267
2024/05/09	20:36:01	40.54302	141.50969	12	0.0	5	1.0	262
2024/05/09	20:37:01	40.54303	141.50965	2	0.0	5	1.3	267
2024/05/09	20:38:01	40.54302	141.50967	4	0.0	5	1.0	277
2024/05/09	20:39:01	40.54305	141.50971	14	0.0	5	1.0	272
2024/05/09	20:40:00	40.54304	141.50968	18	14.8	4	1.4	242
2024/05/09	20:41:01	40.54912	141.51310	20	44.4	5	1.0	274
2024/05/09	20:42:00	40.55587	141.51518	18	48.2	5	1.3	285
2024/05/09	20:43:00	40.56226	141.51983	26	55.6	5	1.0	278
2024/05/09	20:44:01	40.57002	141.52426	24	51.9	5	1.0	274
2024/05/09	20:45:00	40.57752	141.52692	14	48.2	3	1.3	207
2024/05/09	20:46:01	40.58382	141.52732	18	25.9	5	1.0	307
2024/05/09	20:47:00	40.58952	141.52820	24	37.0	4	1.4	245
2024/05/09	20:48:01	40.59606	141.52874	20	29.6	5	1.0	311
2024/05/09	20:49:00	40.60218	141.52900	8	37.0	4	2.4	205
2024/05/09	20:50:00	40.60794	141.52778	-4	22.2	4	1.4	239
2024/05/09	20:51:00	40.61390	141.52695	20	37.0	5	1.2	238
2024/05/09	20:52:01	40.62085	141.52824	38	40.7	5	1.0	278
2024/05/09	20:53:00	40.62305	141.52476	-6	25.9	5	1.0	278
2024/05/09	20:54:01	40.62254	141.52081	16	14.8	5	1.0	280
2024/05/09	20:55:00	40.62200	141.51731	12	14.8	4	1.4	208
2024/05/09	20:56:01	40.62043	141.51223	12	33.3	5	1.0	278
2024/05/09	20:57:00	40.61900	141.50649	14	29.6	5	1.0	276
2024/05/09	20:58:00	40.61905	141.50091	20	25.9	5	1.0	271
2024/05/09	20:59:00	40.61884	141.49501	26	18.5	5	1.0	276
2024/05/09	21:00:01	40.61826	141.49371	12	0.0	3	2.4	227
2024/05/09	21:01:00	40.61859	141.49394	12	25.9	4	1.4	259
2024/05/09	21:02:00	40.61888	141.49402	-0	0.0	3	2.4	241
2024/05/09	21:03:00	40.61874	141.49469	16	0.0	3	2.4	250
2024/05/09	21:04:02	40.61886	141.49412	24	0.0	4	1.0	248
2024/05/09	21:05:00	40.61875	141.49442	-14	0.0	4	1.3	229
2024/05/09	21:06:01	40.61893	141.49447	16	0.0	3	2.3	282
2024/05/09	21:07:01	40.61879	141.49459	28	14.8	5	1.0	250
2024/05/09	21:08:00	40.61896	141.49446	-0	7.4	3	2.3	246
2024/05/09	21:09:00	40.61712	141.49211	6	18.5	4	1.2	257
2024/05/09	21:10:01	40.61918	141.49452	2	48.2	5	2.0	257
2024/05/09	21:11:00	40.61829	141.49360	-4	3.7	4	1.0	263
2024/05/09	21:12:00	40.61839	141.49371	24	0.0	3	2.2	216
2024/05/09	21:13:01	40.61848	141.49398	10	0.0	3	2.3	210
2024/05/09	21:14:01	40.61863	141.49416	2	0.0	3	2.2	238
2024/05/09	21:15:00	40.61877	141.49444	24	0.0	3	2.2	195
2024/05/09	21:16:01	40.61864	141.49472	-6	0.0	3	2.1	243
2024/05/09	21:17:01	40.61887	141.49492	10	0.0	4	1.4	248
2024/05/09	21:18:00	40.61893	141.49519	24	0.0	3	2.1	220
2024/05/09	21:19:01	40.61887	141.49551	-2	0.0	4	1.4	240
2024/05/09	21:20:01	40.61916	141.49563	18	0.0	3	2.1	240
2024/05/09	21:21:01	40.61942	141.49645	8	0.0	5	1.0	255
2024/05/09	21:22:00	40.61938	141.49671	22	0.0	3	2.1	180
2024/05/09	21:23:01	40.61945	141.49689	8	3.7	4	1.1	250
2024/05/09	21:24:01	40.61963	141.49688	6	0.0	4	1.1	249
2024/05/09	21:25:01	40.61956	141.49696	12	0.0	5	1.0	249
2024/05/09	21:26:01	40.61981	141.49693	24	0.0	4	1.4	239
2024/05/09	21:27:01	40.61957	141.49735	24	0.0	4	1.4	237
2024/05/09	21:28:01	40.61970	141.49720	8	0.0	4	1.1	241
2024/05/09	21:29:01	40.61983	141.49740	8	0.0	4	1.4	234
2024/05/09	21:30:01	40.61982	141.49738	20	0.0	3	2.0	236
2024/05/09	21:31:01	40.61986	141.49654	6	14.8	5	1.0	245
2024/05/09	21:32:01	40.62012	141.49586	24	0.0	3	2.0	239
2024/05/09	21:33:01	40.62006	141.49660	10	0.0	3	2.0	239
2024/05/09	21:34:01	40.62001	141.49680	8	11.1	4	1.1	279
2024/05/09	21:35:01	40.62056	141.49441	20	7.4	5	1.0	249
2024/05/09	21:36:00	40.61932	141.49318	6	11.1	3	2.3	242
2024/05/09	21:37:01	40.61817	141.49043	24	29.6	5	1.0	246
2024/05/09	21:38:00	40.61531	141.49284	8	44.4	4	1.2	221
2024/05/09	21:39:00	40.61247	141.49502	2	18.5	4	1.2	241
2024/05/09	21:40:01	40.61382	141.49669	12	70.4	4	1.1	244
2024/05/09	21:41:01	40.62023	141.49874	8	22.2	4	1.1	249
2024/05/09	21:42:00	40.61836	141.50079	20	0.0	3	1.4	184
2024/05/09	21:43:01	40.61857	141.50103	-16	0.0	4	1.1	234
2024/05/09	21:44:00	40.61856	141.50129	6	0.0	3	1.4	183
2024/05/09	21:45:02	40.61876	141.50157	22	0.0	3	1.4	237
2024/05/09	21:46:01	40.61868	141.50180	16	0.0	3	1.4	227
2024/05/09	21:47:00	40.61862	141.50212	0	0.0	3	1.4	187
2024/05/09	21:48:01	40.61885	141.50190	-30	0.0	3	1.4	180
2024/05/09	21:49:02	40.61884	141.50232	4	0.0	3	1.1	179
2024/05/09	21:50:00	40.61893	141.50254	18	0.0	3	1.1	149
2024/05/09	21:51:01	40.61886	141.50290	6	0.0	3	1.3	189
2024/05/09	21:52:00	40.61888	141.50297	6	0.0	3	1.3	186
2024/05/09	21:53:01	40.61889	141.50327	30	0.0	3	1.1	218
2024/05/09	21:54:00	40.61890	141.50345	36	0.0	3	1.3	187
2024/05/09	21:55:01	40.61888	141.50383	16	0.0	3	1.3	208
2024/05/09	21:56:01	40.61886	141.50411	-6	0.0	3	1.1	210
2024/05/09	21:57:00	40.61793	141.50462	8	40.7	4	1.1	232
2024/05/09	21:58:00	40.61448	141.50586	20	22.2	3	1.2	196
2024/05/09	21:59:01	40.61225	141.50543	18	25.9	4	1.1	256
2024/05/09	22:00:01	40.60888	141.50703	6	37.0	4	1.2	229
2024/05/09	22:01:00	40.60482	141.50840	6	25.9	4	1.2	227
2024/05/09	22:02:00	40.60266	141.50868	46	11.1	4	1.2	225
2024/05/09	22:03:00	40.60456	141.50518	22	14.8	3	1.4	198
2024/05/09	22:04:00	40.60510	141.50151	18	18.5	4	1.1	226
2024/05/09	22:05:00	40.60528	141.49854	28	14.8	4	1.1	229
2024/05/09	22:06:00	40.60410	141.49628	26	14.8	3	2.2	219
2024/05/09	22:07:00	40.60483	141.49282	-38	29.6	3	1.4	221
2024/05/09	22:08:01	40.60736	141.48908	10	14.8	3	1.4	196
2024/05/09	22:09:00	40.60791	141.48524	0	22.2	4	1.1	220
2024/05/09	22:10:01	40.60665	141.48153	30	29.6	4	1.1	264
2024/05/09	22:11:01	40.60572	141.47715	46	22.2	4	1.1	261
2024/05/09	22:12:02	40.60507	141.47355	30	25.9	4	1.1	267
2024/05/09	22:13:00	40.60406	141.47012	54	22.2	3	2.2	201
2024/05/09	22:14:01	40.60150	141.46843	22	48.2	4	1.1	230
2024/05/09	22:15:02	40.60333	141.46565	10	29.6	4	1.1	260
2024/05/09	22:16:00	40.60304	141.46285	34	0.0	3	1.3	209
2024/05/09	22:17:00	40.60270	141.46287	10	0.0	3	1.3	181
2024/05/09	22:18:00	40.60211	141.46263	46	0.0	3	1.3	196
2024/05/09	22:19:02	40.60203	141.46281	10	0.0	3	1.3	217
2024/05/09	22:20:03	40.60205	141.46282	20	0.0	3	1.3	187
2024/05/09	22:21:01	40.60274	141.46300	4	14.8	4	1.1	220
2024/05/09	22:22:02	40.60287	141.46278	12	7.4	4	1.1	211
2024/05/09	22:23:03	40.60283	141.46265	18	3.7	4	1.1	215
2024/05/09	22:24:00	40.60457	141.46312	-10	22.2	3	1.3	214
2024/05/09	22:25:03	40.60459	141.46276	22	0.0	4	1.1	216
2024/05/09	22:26:01	40.60477	141.46331	20	14.8	3	1.3	241
2024/05/09	22:27:02	40.60470	141.46311	12	0.0	3	1.3	223
2024/05/09	22:28:02	40.60496	141.46300	26	40.7	3	1.3	218
2024/05/09	22:29:00	40.60615	141.46514	-30	14.8	3	1.3	206
2024/05/09	22:30:01	40.60610	141.46574	44	51.9	3	1.3	225
2024/05/09	22:31:04	40.60970	141.46904	14	55.6	3	1.3	271
2024/05/09	22:32:01	40.61372	141.46801	30	51.9	3	1.3	222
2024/05/09	22:33:00	40.61578	141.46668	34	3.7	3	1.3	183
2024/05/09	22:34:01	40.61547	141.46608	60	3.7	3	1.3	238
2024/05/09	22:35:00	40.61543	141.46589	16	11.1	3	1.3	189
2024/05/09	22:36:01	40.61513	141.46468	58	7.4	3	1.3	187
2024/05/09	22:37:01	40.61831	141.46303	16	48.2	3	1.3	188
2024/05/09	22:38:01	40.62132	141.46120	-12	7.4	3	1.3	211
2024/05/09	22:39:02	40.62248	141.46038	-16	7.4	3	1.3	213
2024/05/09	22:40:02	40.62454	141.46002	42	0.0	3	1.3	279
2024/05/09	22:41:02	40.62446	141.45921	58	22.2	3	1.3	243
2024/05/09	22:42:02	40.62173	141.45975	4	25.9	3	1.3	251
2024/05/09	22:43:02	40.61921	141.46049	32	14.8	3	1.3	210
2024/05/09	22:44:01	40.62049	141.45938	20	7.4	3	1.3	217
2024/05/09	22:45:00	40.62320	141.45744	100	14.8	3	1.3	189
2024/05/09	22:46:02	40.62922	141.45681	22	14.8	3	1.3	226
2024/05/09	22:47:00	40.63099	141.45640	-4	7.4	3	1.3	155
2024/05/09	22:48:01	40.63191	141.45651	22	7.4	3	1.3	193
2024/05/09	22:49:01	40.63183	141.45572	44	44.4	3	1.3	254
2024/05/09	22:50:01	40.63121	141.45510	34	3.7	3	1.3	260
2024/05/09	22:51:01	40.63076	141.45617	24	3.7	3	1.3	193
2024/05/09	22:52:00	40.63190	141.45476	34	11.1	3	1.3	216
2024/05/09	22:53:01	40.63254	141.45468	30	7.4	3	1.3	288
2024/05/09	22:54:01	40.63207	141.45359	60	37.0	3	1.3	227
2024/05/09	22:55:01	40.63054	141.45550	0	48.2	3	1.3	193
2024/05/09	22:56:01	40.62988	141.45473	84	14.8	3	1.3	261
2024/05/09	22:57:00	40.62531	141.46070	28	29.6	3	1.3	263
2024/05/09	22:58:02	40.62303	141.46050	38	7.4	3	1.3	305
2024/05/09	22:59:01	40.62146	141.46172	-10	37.0	3	1.3	225
2024/05/09	23:00:02	40.61984	141.46406	78	3.7	3	1.3	297
2024/05/09	23:01:02	40.61914	141.46535	98	14.8	3	1.3	258
2024/05/09	23:02:02	40.61483	141.47177	48	63.0	3	1.3	305
2024/05/09	23:03:01	40.61012	141.48111	12	44.4	3	1.3	294
2024/05/09	23:04:02	40.60608	141.48797	12	18.5	3	1.3	260
2024/05/09	23:05:01	40.60264	141.49197	28	25.9	3	1.3	264
2024/05/09	23:06:02	40.60255	141.49176	34	7.4	3	1.3	262
2024/05/09	23:07:01	40.60110	141.49237	30	11.1	3	1.3	285
2024/05/09	23:08:02	40.60367	141.49148	22	40.7	3	1.3	260
2024/05/09	23:09:00	40.60251	141.49091	-10	3.7	3	1.3	229
2024/05/09	23:10:02	40.60417	141.48985	-10	29.6	3	1.3	332
2024/05/09	23:11:00	40.60334	141.49157	30	11.1	3	1.2	224
2024/05/09	23:12:00	40.60372	141.49183	-26	7.4	3	1.2	220
2024/05/09	23:13:02	40.60328	141.49128	74	14.8	3	1.2	315
2024/05/09	23:14:01	40.60303	141.49040	64	29.6	3	1.2	296
2024/05/09	23:15:01	40.60083	141.49044	-8	3.7	3	1.2	266
2024/05/09	23:16:01	40.59957	141.49088	46	33.3	3	1.2	296
2024/05/09	23:17:00	40.59968	141.48951	78	0.0	3	1.2	261
2024/05/09	23:18:03	40.59852	141.48932	28	18.5	3	1.2	294
2024/05/09	23:19:03	40.59958	141.48803	64	7.4	3	1.2	291
2024/05/09	23:20:02	40.59835	141.48838	42	7.4	3	1.2	332
2024/05/09	23:21:00	40.59860	141.48805	-40	7.4	3	1.2	189
2024/05/09	23:22:03	40.59736	141.48827	42	25.9	3	1.2	356
2024/05/09	23:23:02	40.59510	141.48947	12	3.7	3	1.2	298
2024/05/09	23:24:03	40.59502	141.48914	34	0.0	3	1.2	276
2024/05/09	23:25:03	40.59497	141.48901	-8	7.4	2	2.3	273
2024/05/09	23:26:02	40.59522	141.48878	24	14.8	3	1.2	240
2024/05/09	23:27:32	40.59478	141.48847	22	11.1	3	3.1	347
2024/05/09	23:28:02	40.59447	141.48815	8	18.5	3	3.1	312
2024/05/09	23:29:02	40.59418	141.48808	20	7.4	3	3.1	307
2024/05/09	23:30:03	40.59467	141.48720	26	7.4	3	3.1	300
2024/05/09	23:31:03	40.59438	141.48685	42	44.4	3	3.1	279
2024/05/09	23:32:04	40.59481	141.48605	28	14.8	3	3.1	308
2024/05/09	23:33:32	40.59561	141.48377	-0	11.1	3	7.4	355
2024/05/09	23:34:03	40.59499	141.48461	2	22.2	3	8.0	305
2024/05/09	23:35:02	40.59436	141.48547	-6	3.7	3	8.0	272
2024/05/09	23:36:03	40.59365	141.48773	32	11.1	3	8.1	336
2024/05/09	23:37:03	40.59255	141.48769	64	3.7	3	8.2	271
2024/05/09	23:38:03	40.59264	141.48560	30	29.6	3	8.3	313
2024/05/09	23:39:02	40.59408	141.48584	18	25.9	3	8.3	290
2024/05/09	23:40:03	40.59411	141.49087	50	0.0	3	8.4	244
2024/05/09	23:41:02	40.59275	141.49079	-0	7.4	3	9.0	246
2024/05/09	23:42:03	40.59103	141.49201	46	11.1	3	9.1	247
2024/05/09	23:43:32	40.58844	141.49123	56	14.8	3	4.4	292
2024/05/09	23:44:02	40.58928	141.49015	14	18.5	3	4.3	244
2024/05/09	23:45:03	40.58853	141.48892	-16	29.6	3	4.3	254
2024/05/09	23:46:03	40.58678	141.48909	18	66.7	3	4.3	251
2024/05/09	23:47:02	40.58493	141.49209	36	3.7	3	4.2	244
2024/05/09	23:48:02	40.58354	141.49402	114	7.4	3	4.2	238
2024/05/09	23:49:02	40.58291	141.49356	46	22.2	3	4.1	218
2024/05/09	23:50:03	40.58544	141.49177	0	85.2	3	4.1	240
2024/05/09	23:51:03	40.58280	141.49442	28	63.0	3	4.1	267
2024/05/09	23:52:02	40.57862	141.49876	24	48.2	3	4.0	250
2024/05/09	23:53:03	40.57624	141.49825	14	29.6	3	4.0	253
2024/05/09	23:54:02	40.57527	141.49629	46	14.8	3	4.0	247
2024/05/09	23:55:04	40.57237	141.49749	-8	44.4	3	4.0	224
2024/05/09	23:56:03	40.57080	141.49874	36	14.8	3	3.4	222
2024/05/09	23:57:03	40.56816	141.50136	24	63.0	3	3.4	224
2024/05/09	23:58:03	40.56417	141.50866	26	66.7	3	3.4	220
2024/05/09	23:59:02	40.56058	141.51763	30	70.4	3	3.4	222
2024/05/10	00:00:03	40.55883	141.52660	34	33.3	2	3.1	170
2024/05/10	00:07:12	40.53938	141.55802	26	0.0	4	2.0	224
2024/05/10	00:08:00	40.53922	141.55833	56	0.0	4	2.0	166
2024/05/10	00:09:01	40.53939	141.55791	16	0.0	4	2.0	166
2024/05/10	00:10:01	40.53941	141.55799	28	0.0	4	2.1	168
2024/05/10	00:11:00	40.53929	141.55822	80	0.0	4	2.1	168
2024/05/10	00:12:00	40.53951	141.55780	-6	0.0	3	2.4	135
2024/05/10	00:13:01	40.53937	141.55800	16	0.0	4	2.1	169
2024/05/10	00:14:00	40.53943	141.55793	2	3.7	4	2.1	170
2024/05/10	00:15:00	40.53937	141.55778	-34	0.0	4	2.1	165
2024/05/10	00:16:00	40.53949	141.55825	72	3.7	3	2.2	169
2024/05/10	00:17:01	40.53937	141.55794	10	0.0	4	2.2	209
2024/05/10	00:18:01	40.53932	141.55806	32	3.7	4	2.2	208
2024/05/10	00:19:01	40.53938	141.55801	20	0.0	4	2.2	209
2024/05/10	00:19:59	40.53952	141.55779	-2	0.0	3	2.3	140
2024/05/10	00:21:01	40.53929	141.55810	48	0.0	4	2.2	207
2024/05/10	00:22:01	40.53941	141.55795	22	0.0	4	2.3	209
2024/05/10	00:23:00	40.53936	141.55795	22	0.0	4	2.3	173
2024/05/10	00:24:01	40.53942	141.55791	10	0.0	4	2.3	208
2024/05/10	00:25:00	40.53942	141.55806	30	0.0	4	2.4	174
2024/05/10	00:26:00	40.53952	141.55761	-28	0.0	4	2.4	172
2024/05/10	00:27:01	40.53944	141.55803	38	0.0	4	2.4	174
2024/05/10	00:28:02	40.53934	141.55808	40	0.0	4	3.0	210
2024/05/10	00:29:02	40.53940	141.55796	16	0.0	4	3.0	210
2024/05/10	00:30:03	40.53938	141.55806	36	0.0	4	3.0	211
2024/05/10	00:31:02	40.53939	141.55800	24	0.0	4	3.1	212
2024/05/10	00:32:02	40.53934	141.55807	34	0.0	4	3.1	248
2024/05/10	00:33:02	40.53937	141.55801	22	0.0	4	3.2	212
2024/05/10	00:34:03	40.53939	141.55801	20	0.0	4	3.2	211
2024/05/10	00:35:03	40.53939	141.55791	4	0.0	4	3.3	245
2024/05/10	00:36:03	40.53938	141.55798	18	0.0	4	3.3	246
2024/05/10	00:37:03	40.53938	141.55797	14	0.0	4	3.4	212
2024/05/10	00:38:03	40.53938	141.55793	4	0.0	4	3.4	246
2024/05/10	00:39:03	40.53937	141.55806	30	0.0	4	4.0	245
2024/05/10	00:40:03	40.53938	141.55798	20	0.0	4	4.0	245
2024/05/10	00:41:03	40.53937	141.55800	22	0.0	4	4.1	243
2024/05/10	00:42:03	40.53939	141.55795	12	0.0	4	4.1	241
2024/05/10	00:43:03	40.53938	141.55799	22	0.0	4	4.2	172
2024/05/10	00:44:03	40.53936	141.55795	10	0.0	4	4.2	243
2024/05/10	00:45:03	40.53933	141.55821	50	0.0	4	4.3	206
2024/05/10	00:46:03	40.53936	141.55807	34	0.0	4	4.3	241
2024/05/10	00:47:03	40.53940	141.55787	0	0.0	4	4.4	273
2024/05/10	00:48:02	40.53939	141.55798	18	0.0	4	5.0	242
2024/05/10	00:49:03	40.53941	141.55795	12	0.0	4	5.0	237
2024/05/10	00:50:03	40.53939	141.55808	30	0.0	4	5.0	236
2024/05/10	00:51:03	40.53940	141.55804	26	0.0	4	5.1	236
2024/05/10	00:52:02	40.53931	141.55834	62	0.0	4	5.1	202
2024/05/10	00:53:02	40.53938	141.55825	56	0.0	4	5.2	235
2024/05/10	00:54:02	40.53936	141.55799	18	0.0	4	5.2	269
2024/05/10	00:55:02	40.53926	141.55850	88	0.0	4	5.2	269
2024/05/10	00:56:02	40.53933	141.55814	48	0.0	4	5.2	162
2024/05/10	00:57:02	40.53942	141.55792	-0	0.0	4	5.2	234
2024/05/10	00:58:02	40.53934	141.55806	28	0.0	4	5.2	232
2024/05/10	00:59:02	40.53928	141.55850	90	0.0	4	5.2	233
2024/05/10	01:00:02	40.53919	141.55859	100	0.0	4	5.2	268
2024/05/10	01:01:02	40.53940	141.55783	-4	0.0	4	5.2	231
2024/05/10	01:02:02	40.53926	141.55837	74	0.0	4	5.2	232
2024/05/10	01:03:02	40.53933	141.55824	54	0.0	4	5.2	229
2024/05/10	01:04:02	40.53944	141.55773	-22	0.0	4	5.2	196
2024/05/10	01:05:02	40.53953	141.55762	-24	0.0	4	5.1	235
2024/05/10	01:06:02	40.53949	141.55775	-10	0.0	4	5.1	198
2024/05/10	01:07:02	40.53941	141.55807	38	0.0	4	5.1	268
2024/05/10	01:08:02	40.53946	141.55777	-8	0.0	4	5.0	230
2024/05/10	01:09:02	40.53944	141.55789	8	0.0	4	5.0	229
2024/05/10	01:10:02	40.53933	141.55816	40	0.0	4	5.0	158
2024/05/10	01:11:02	40.53941	141.55795	24	0.0	4	4.4	227
2024/05/10	01:12:03	40.53925	141.55849	86	0.0	4	4.4	227
2024/05/10	01:13:03	40.53950	141.55767	-20	0.0	4	4.3	225
2024/05/10	01:14:03	40.53948	141.55774	-12	0.0	4	4.3	228
2024/05/10	01:15:03	40.53938	141.55787	0	0.0	4	4.3	220
2024/05/10	01:16:03	40.53943	141.55782	-4	0.0	4	4.2	195
2024/05/10	01:17:03	40.53936	141.55816	38	0.0	4	4.2	192
2024/05/10	01:18:03	40.53934	141.55805	28	0.0	4	4.1	193
2024/05/10	01:19:03	40.53935	141.55808	30	0.0	4	4.1	187
2024/05/10	01:20:04	40.53939	141.55798	18	0.0	4	4.0	187
2024/05/10	01:21:03	40.53949	141.55777	-2	0.0	4	4.0	237
2024/05/10	01:22:06	40.53938	141.55800	26	0.0	4	4.0	306
2024/05/10	01:23:05	40.53936	141.55807	28	0.0	4	3.4	295
2024/05/10	01:24:05	40.53943	141.55795	14	0.0	4	3.4	277
2024/05/10	01:25:05	40.53935	141.55821	46	0.0	4	3.3	224
2024/05/10	01:26:06	40.53917	141.55847	80	0.0	4	3.3	277
2024/05/10	01:27:13	40.53929	141.55822	54	0.0	4	3.3	307
2024/05/10	01:28:14	40.53943	141.55787	10	0.0	4	3.2	292
2024/05/10	01:29:28	40.53935	141.55808	34	0.0	4	3.2	274
2024/05/10	01:30:21	40.53939	141.55797	22	0.0	4	3.2	322
2024/05/10	01:31:02	40.53915	141.55848	74	0.0	3	18.3	223
2024/05/10	01:32:03	40.53904	141.55864	102	0.0	3	17.4	191
2024/05/10	01:33:03	40.53915	141.55848	84	0.0	3	17.1	249
2024/05/10	01:34:03	40.53957	141.55779	4	0.0	3	16.3	207
2024/05/10	01:35:02	40.53942	141.55792	18	0.0	3	16.0	250
2024/05/10	01:36:02	40.53951	141.55780	-12	0.0	3	15.2	234
2024/05/10	01:37:03	40.53910	141.55855	90	0.0	3	14.4	271
2024/05/10	01:38:03	40.53943	141.55783	0	0.0	3	14.1	237
2024/05/10	01:39:02	40.53931	141.55833	62	0.0	3	13.4	270
2024/05/10	01:40:03	40.53912	141.55859	86	0.0	3	13.1	277
2024/05/10	01:41:02	40.53937	141.55804	22	0.0	3	12.4	274
2024/05/10	01:42:03	40.53918	141.55859	94	0.0	3	12.2	316
2024/05/10	01:43:03	40.53925	141.55821	54	0.0	3	12.0	316
2024/05/10	01:44:02	40.53883	141.55894	138	0.0	3	11.3	353
2024/05/10	01:45:03	40.53958	141.55768	-14	0.0	3	11.1	315
2024/05/10	01:46:02	40.53929	141.55809	40	0.0	3	10.4	318
2024/05/10	01:47:02	40.53872	141.55939	188	0.0	3	10.3	252
2024/05/10	01:48:02	40.53917	141.55837	68	0.0	3	10.1	324
2024/05/10	01:49:02	40.53911	141.55838	62	0.0	3	9.4	292
2024/05/10	01:50:02	40.53925	141.55818	48	0.0	2	10.0	330
2024/05/10	01:51:03	40.53941	141.55795	16	0.0	3	9.2	326
2024/05/10	01:52:02	40.53909	141.55839	74	0.0	2	9.2	323
2024/05/10	01:53:02	40.53931	141.55806	26	0.0	2	9.1	326
2024/05/10	01:54:03	40.53933	141.55816	46	0.0	3	8.3	357
2024/05/10	01:55:03	40.53931	141.55805	26	0.0	2	8.3	284
2024/05/10	01:56:03	40.53957	141.55763	-12	0.0	3	8.0	321
2024/05/10	01:57:03	40.53946	141.55795	26	0.0	3	7.4	317
2024/05/10	01:58:02	40.53911	141.55828	54	0.0	2	8.0	284
2024/05/10	01:59:02	40.53938	141.55776	-4	0.0	2	7.4	315
2024/05/10	02:00:32	40.53940	141.55799	22	0.0	7	0.4	328
2024/05/10	02:01:01	40.53947	141.55793	22	0.0	7	1.0	298
2024/05/10	02:02:01	40.53946	141.55797	22	0.0	7	0.4	298
2024/05/10	02:03:00	40.53937	141.55798	20	0.0	7	0.4	323
2024/05/10	02:04:00	40.53943	141.55808	26	0.0	7	0.4	284
2024/05/10	02:05:00	40.53948	141.55794	12	0.0	7	0.4	298
2024/05/10	02:06:00	40.53943	141.55791	16	0.0	7	0.4	294
2024/05/10	02:07:00	40.53942	141.55800	20	0.0	7	0.4	326
2024/05/10	02:08:00	40.53935	141.55798	20	0.0	7	0.4	332
2024/05/10	02:09:00	40.53939	141.55797	28	0.0	7	0.4	295
2024/05/10	02:10:00	40.53946	141.55796	18	0.0	7	1.0	325
2024/05/10	02:11:00	40.53936	141.55797	26	0.0	7	0.4	329
2024/05/10	02:12:00	40.53936	141.55798	32	0.0	6	1.1	229
2024/05/10	02:13:00	40.53939	141.55804	24	0.0	7	0.4	300
2024/05/10	02:14:00	40.53943	141.55798	24	0.0	7	1.1	297
2024/05/10	02:15:00	40.53950	141.55805	20	0.0	7	0.4	283
2024/05/10	02:16:00	40.53927	141.55794	16	0.0	7	1.0	285
2024/05/10	02:17:00	40.53946	141.55806	20	0.0	6	1.0	286
2024/05/10	02:18:01	40.53940	141.55804	20	0.0	7	1.1	316
2024/05/10	02:19:00	40.53940	141.55808	4	0.0	4	1.2	287
2024/05/10	02:20:00	40.53940	141.55798	12	0.0	7	1.0	294
2024/05/10	02:21:01	40.53933	141.55799	24	0.0	6	1.0	285
2024/05/10	02:22:01	40.53933	141.55798	20	0.0	5	1.4	226
2024/05/10	02:23:00	40.53925	141.55790	10	0.0	4	1.2	287
2024/05/10	02:24:01	40.53941	141.55795	30	0.0	4	1.1	187
2024/05/10	02:25:00	40.53934	141.55796	30	0.0	7	1.0	294
2024/05/10	02:26:00	40.53938	141.55789	20	0.0	6	1.3	297
2024/05/10	02:27:01	40.53941	141.55799	18	0.0	7	1.0	308
2024/05/10	02:28:00	40.53942	141.55802	22	0.0	7	1.0	304
2024/05/10	02:29:00	40.53940	141.55800	26	0.0	7	1.0	304
2024/05/10	02:30:00	40.53941	141.55802	20	0.0	7	1.0	305
2024/05/10	02:31:01	40.53945	141.55799	14	0.0	7	1.0	303
2024/05/10	02:32:00	40.53945	141.55803	16	0.0	7	1.0	302
2024/05/10	02:33:00	40.53941	141.55790	22	0.0	7	1.0	305
2024/05/10	02:34:00	40.53946	141.55800	8	0.0	7	1.0	307
2024/05/10	02:35:00	40.53939	141.55801	26	0.0	6	1.1	232
2024/05/10	02:36:00	40.53952	141.55804	4	0.0	6	1.0	261
2024/05/10	02:37:00	40.53937	141.55792	18	3.7	5	1.3	291
2024/05/10	02:38:00	40.53939	141.55797	16	0.0	4	1.2	296
2024/05/10	02:39:00	40.53933	141.55801	-0	0.0	6	1.1	257
2024/05/10	02:40:01	40.53935	141.55800	16	0.0	7	1.0	292
2024/05/10	02:41:00	40.53939	141.55803	8	0.0	7	1.0	295
2024/05/10	02:42:00	40.53944	141.55796	12	0.0	5	1.1	291
2024/05/10	02:43:01	40.53939	141.55798	14	0.0	7	1.0	293
2024/05/10	02:44:00	40.53935	141.55792	38	0.0	6	1.0	270
2024/05/10	02:45:00	40.53935	141.55806	8	0.0	7	1.0	292
2024/05/10	02:46:00	40.53933	141.55799	20	0.0	6	1.0	239
2024/05/10	02:47:00	40.53937	141.55796	20	0.0	7	1.0	269
2024/05/10	02:48:00	40.53935	141.55802	18	0.0	7	1.0	296
2024/05/10	02:49:00	40.53938	141.55796	24	0.0	7	1.0	270
2024/05/10	02:50:00	40.53944	141.55805	18	0.0	6	1.0	237
2024/05/10	02:51:00	40.53937	141.55794	28	0.0	6	1.1	264
2024/05/10	02:52:00	40.53934	141.55798	18	0.0	7	1.0	273
2024/05/10	02:53:01	40.53940	141.55799	22	0.0	7	0.4	300
2024/05/10	02:54:00	40.53942	141.55803	16	0.0	7	0.4	293
2024/05/10	02:55:00	40.53950	141.55805	12	0.0	7	1.0	297
2024/05/10	02:56:00	40.53942	141.55806	22	0.0	7	0.4	292
2024/05/10	02:57:00	40.53938	141.55798	20	0.0	7	0.4	295
2024/05/10	02:58:00	40.53935	141.55799	18	0.0	6	1.0	298
2024/05/10	02:59:00	40.53938	141.55796	22	0.0	5	1.0	261
2024/05/10	03:00:00	40.53924	141.55786	28	0.0	5	1.1	260
2024/05/10	03:01:01	40.53935	141.55788	10	0.0	6	1.0	267
2024/05/10	03:02:01	40.53929	141.55796	22	0.0	6	0.4	266
2024/05/10	03:03:00	40.53941	141.55801	0	0.0	5	1.0	256
2024/05/10	03:04:01	40.53937	141.55798	22	0.0	6	1.0	299
2024/05/10	03:05:01	40.53937	141.55794	28	0.0	5	1.0	299
2024/05/10	03:06:00	40.53935	141.55791	14	0.0	6	1.1	270
2024/05/10	03:07:00	40.53934	141.55795	46	0.0	5	1.0	261
2024/05/10	03:08:00	40.53938	141.55792	22	0.0	6	1.0	292
2024/05/10	03:09:01	40.53939	141.55803	26	0.0	5	1.0	267
2024/05/10	03:10:00	40.53936	141.55804	38	0.0	6	1.0	294
2024/05/10	03:11:00	40.53948	141.55818	14	0.0	5	1.0	267
2024/05/10	03:12:00	40.53935	141.55790	16	0.0	5	1.0	266
2024/05/10	03:13:00	40.53938	141.55797	32	0.0	5	1.1	231
2024/05/10	03:14:00	40.53940	141.55803	18	0.0	6	1.0	265
2024/05/10	03:15:01	40.53934	141.55789	24	0.0	6	1.0	293
2024/05/10	03:16:00	40.53940	141.55796	-6	0.0	6	1.0	320
2024/05/10	03:17:00	40.53938	141.55793	28	0.0	6	1.0	260
2024/05/10	03:18:01	40.53937	141.55798	16	0.0	4	1.0	228
2024/05/10	03:19:01	40.53933	141.55805	6	0.0	5	1.0	289
2024/05/10	03:19:59	40.53941	141.55793	84	3.7	3	2.2	139
2024/05/10	03:21:00	40.53938	141.55795	10	0.0	4	1.3	272
2024/05/10	03:22:00	40.53933	141.55794	42	0.0	5	1.0	270
2024/05/10	03:22:59	40.53933	141.55790	16	0.0	3	2.1	272
2024/05/10	03:24:01	40.53935	141.55802	2	0.0	5	1.2	268
2024/05/10	03:25:00	40.53930	141.55791	14	0.0	5	1.2	266
2024/05/10	03:26:01	40.53940	141.55801	20	0.0	5	1.0	268
2024/05/10	03:27:00	40.53942	141.55797	14	0.0	5	1.0	268
2024/05/10	03:28:00	40.53937	141.55793	20	0.0	5	1.0	268
2024/05/10	03:29:00	40.53948	141.55802	0	0.0	5	1.0	265
2024/05/10	03:30:00	40.53947	141.55796	34	0.0	4	1.2	177
2024/05/10	03:31:00	40.53937	141.55797	46	0.0	5	1.2	264
2024/05/10	03:32:00	40.53933	141.55790	22	0.0	5	1.0	267
2024/05/10	03:33:00	40.53947	141.55805	30	0.0	4	1.1	233
2024/05/10	03:34:01	40.53939	141.55792	26	0.0	5	1.0	263
2024/05/10	03:35:00	40.53951	141.55803	-0	0.0	4	1.2	249
2024/05/10	03:36:00	40.53944	141.55805	-0	0.0	5	1.2	235
2024/05/10	03:37:00	40.53939	141.55801	14	0.0	5	1.1	260
2024/05/10	03:38:00	40.53937	141.55802	0	0.0	5	1.1	265
2024/05/10	03:39:00	40.53940	141.55797	24	0.0	6	1.0	266
2024/05/10	03:40:01	40.53942	141.55803	14	0.0	6	1.0	298
2024/05/10	03:41:00	40.53940	141.55794	10	0.0	5	1.1	265
2024/05/10	03:42:00	40.53937	141.55799	10	3.7	5	1.3	302
2024/05/10	03:43:00	40.53939	141.55798	44	0.0	6	1.1	270
2024/05/10	03:44:00	40.53948	141.55802	28	0.0	5	1.1	294
2024/05/10	03:45:01	40.53939	141.55798	18	0.0	5	1.1	300
2024/05/10	03:46:00	40.53940	141.55797	20	0.0	5	1.1	292
2024/05/10	03:47:00	40.53943	141.55796	24	0.0	5	1.1	296
2024/05/10	03:48:00	40.53941	141.55799	34	0.0	6	1.0	298
2024/05/10	03:49:00	40.53945	141.55806	18	0.0	6	1.0	298
2024/05/10	03:50:00	40.53938	141.55793	22	0.0	5	1.1	296
2024/05/10	03:51:01	40.53943	141.55801	28	0.0	6	1.0	296
2024/05/10	03:52:00	40.53932	141.55799	28	0.0	6	1.0	325
2024/05/10	03:53:00	40.53936	141.55793	22	0.0	5	1.1	296
2024/05/10	03:54:00	40.53942	141.55800	24	0.0	4	1.1	293
2024/05/10	03:55:00	40.53935	141.55794	20	0.0	3	2.1	289
2024/05/10	03:56:00	40.53933	141.55800	42	0.0	3	2.1	292
2024/05/10	03:57:00	40.53948	141.55824	2	0.0	3	2.1	282
2024/05/10	03:58:00	40.53931	141.55795	30	0.0	4	1.1	289
2024/05/10	03:59:00	40.53943	141.55798	-4	0.0	3	2.1	290
2024/05/10	04:00:01	40.53947	141.55791	36	0.0	5	1.4	327
2024/05/10	04:01:01	40.53934	141.55794	34	0.0	6	1.2	293
2024/05/10	04:02:01	40.53929	141.55799	44	0.0	5	1.3	293
2024/05/10	04:03:01	40.53933	141.55796	34	0.0	6	1.2	323
2024/05/10	04:04:01	40.53930	141.55792	-6	0.0	4	2.0	324
2024/05/10	04:05:01	40.53937	141.55788	34	0.0	5	1.3	359
2024/05/10	04:06:01	40.53933	141.55800	18	0.0	5	1.4	321
2024/05/10	04:07:00	40.53941	141.55799	20	0.0	4	1.4	326
2024/05/10	04:08:01	40.53936	141.55797	40	0.0	5	1.4	321
2024/05/10	04:09:00	40.53950	141.55789	-10	0.0	4	2.0	232
2024/05/10	04:10:00	40.53942	141.55797	-8	0.0	4	2.0	294
2024/05/10	04:11:00	40.53938	141.55800	-44	0.0	5	1.4	327
2024/05/10	04:12:01	40.53945	141.55793	10	0.0	5	1.4	302
2024/05/10	04:13:01	40.53954	141.55773	28	3.7	6	1.3	291
2024/05/10	04:14:02	40.53939	141.55795	30	0.0	5	1.4	300
2024/05/10	04:15:01	40.53943	141.55796	14	0.0	5	1.4	300
2024/05/10	04:16:01	40.53942	141.55797	30	0.0	6	1.3	305
2024/05/10	04:17:00	40.53951	141.55790	-2	0.0	5	2.0	340
2024/05/10	04:18:00	40.53940	141.55798	-0	0.0	5	2.0	242
2024/05/10	04:19:00	40.53942	141.55800	48	0.0	5	2.0	291
2024/05/10	04:20:01	40.53936	141.55793	16	0.0	4	2.0	321
2024/05/10	04:21:01	40.53930	141.55807	26	0.0	5	2.0	266
2024/05/10	04:22:02	40.53936	141.55798	14	0.0	5	2.0	264
2024/05/10	04:23:00	40.53939	141.55795	44	0.0	4	2.0	258
2024/05/10	04:24:02	40.53940	141.55799	24	0.0	4	2.1	283
2024/05/10	04:25:01	40.53938	141.55802	-22	0.0	4	2.1	265
2024/05/10	04:26:01	40.53931	141.55807	10	0.0	4	2.1	267
2024/05/10	04:27:00	40.53930	141.55793	22	0.0	4	2.1	224
2024/05/10	04:28:00	40.53946	141.55809	40	3.7	4	2.1	222
2024/05/10	04:29:00	40.53934	141.55788	32	0.0	4	2.2	253
2024/05/10	04:30:02	40.53937	141.55804	10	0.0	4	2.2	286
2024/05/10	04:31:00	40.53937	141.55789	32	0.0	4	2.2	285
2024/05/10	04:32:00	40.53935	141.55797	14	0.0	4	2.2	261
2024/05/10	04:33:00	40.53944	141.55798	24	0.0	4	2.3	262
2024/05/10	04:34:00	40.53959	141.55787	-10	3.7	4	2.3	263
2024/05/10	04:35:00	40.53961	141.55785	26	0.0	4	2.3	264
2024/05/10	04:36:00	40.53950	141.55796	4	0.0	4	2.4	195
2024/05/10	04:37:00	40.53937	141.55804	8	0.0	4	2.4	301
2024/05/10	04:38:01	40.53956	141.55799	-4	0.0	4	3.0	291
2024/05/10	04:39:01	40.53935	141.55803	24	0.0	4	3.0	260
2024/05/10	04:40:02	40.53937	141.55801	24	0.0	4	3.0	301
2024/05/10	04:41:02	40.53938	141.55798	22	0.0	4	3.1	298
2024/05/10	04:42:02	40.53940	141.55798	20	0.0	4	3.2	299
2024/05/10	04:43:02	40.53939	141.55797	16	0.0	4	3.2	299
2024/05/10	04:44:01	40.53944	141.55796	4	0.0	4	3.3	297
2024/05/10	04:45:01	40.53933	141.55803	26	0.0	4	3.3	297
2024/05/10	04:46:02	40.53935	141.55800	20	0.0	4	3.4	294
2024/05/10	04:47:02	40.53936	141.55801	22	0.0	4	4.0	298
2024/05/10	04:48:01	40.53938	141.55800	28	0.0	4	4.0	332
2024/05/10	04:49:02	40.53946	141.55791	8	0.0	4	4.1	298
2024/05/10	04:50:02	40.53941	141.55796	12	0.0	4	4.2	297
2024/05/10	04:51:01	40.53942	141.55794	20	0.0	4	4.3	300
2024/05/10	04:52:01	40.53948	141.55790	-0	0.0	4	4.3	298
2024/05/10	04:53:02	40.53944	141.55796	12	0.0	4	4.4	300
2024/05/10	04:54:01	40.53948	141.55790	6	0.0	4	5.0	301
2024/05/10	04:55:01	40.53938	141.55799	16	0.0	4	5.1	300
2024/05/10	04:56:01	40.53937	141.55798	20	0.0	4	5.2	265
2024/05/10	04:57:01	40.53932	141.55807	32	0.0	4	5.2	279
2024/05/10	04:58:01	40.53938	141.55799	12	0.0	4	5.3	243
2024/05/10	04:59:01	40.54009	141.55741	-70	0.0	4	5.4	256
2024/05/10	05:00:02	40.53935	141.55801	22	0.0	4	5.4	289
2024/05/10	05:01:04	40.53953	141.55787	0	0.0	5	5.2	330
2024/05/10	05:02:01	40.53940	141.55797	4	0.0	4	6.0	327
2024/05/10	05:03:01	40.53958	141.55782	-2	0.0	4	6.0	261
2024/05/10	05:04:02	40.53937	141.55801	16	0.0	4	6.0	329
2024/05/10	05:05:01	40.53943	141.55793	6	0.0	4	5.4	263
2024/05/10	05:06:01	40.53939	141.55799	28	0.0	4	5.4	295
2024/05/10	05:07:02	40.53947	141.55793	14	0.0	4	5.4	355
2024/05/10	05:08:01	40.53982	141.55763	-6	0.0	4	5.3	272
2024/05/10	05:09:01	40.53943	141.55795	10	0.0	4	5.3	266
2024/05/10	05:10:01	40.53941	141.55786	30	14.8	4	5.2	262
2024/05/10	05:11:01	40.53829	141.55544	58	25.9	4	5.1	262
2024/05/10	05:12:02	40.53885	141.55040	16	22.2	5	5.0	325
2024/05/10	05:13:02	40.53774	141.54655	28	14.8	4	5.0	263
2024/05/10	05:14:02	40.53610	141.54291	22	29.6	5	4.4	355
2024/05/10	05:15:02	40.53645	141.53776	10	25.9	5	4.3	330
2024/05/10	05:16:01	40.53820	141.53281	26	33.3	5	4.2	336
2024/05/10	05:17:01	40.54082	141.52892	12	22.2	5	4.2	333
2024/05/10	05:18:02	40.54154	141.52475	64	25.9	5	4.1	326
2024/05/10	05:19:02	40.54351	141.51960	28	14.8	5	4.1	330
2024/05/10	05:20:02	40.54344	141.51478	24	44.4	5	4.0	331
2024/05/10	05:21:02	40.54388	141.50971	10	37.0	5	4.0	298
2024/05/10	05:22:02	40.54239	141.50586	8	0.0	5	3.4	305
2024/05/10	05:23:02	40.54201	141.50393	12	25.9	4	4.0	322
2024/05/10	05:24:02	40.54148	141.50357	22	0.0	4	3.3	275
2024/05/10	05:25:02	40.54149	141.50313	4	0.0	3	3.4	307
2024/05/10	05:26:02	40.54139	141.50299	6	0.0	4	3.2	251
2024/05/10	05:27:02	40.54116	141.50281	22	0.0	4	3.2	292
2024/05/10	05:28:02	40.54072	141.50289	24	18.5	4	3.1	356
2024/05/10	05:29:01	40.53985	141.49926	10	0.0	4	3.1	302
2024/05/10	05:30:02	40.53973	141.49955	22	0.0	4	3.1	307
2024/05/10	05:31:02	40.53974	141.49945	22	0.0	4	3.0	308
2024/05/10	05:32:01	40.53979	141.49936	20	0.0	4	3.0	288
2024/05/10	05:33:02	40.53969	141.49937	16	18.5	4	3.0	345
2024/05/10	05:34:00	40.53676	141.49942	54	25.9	4	2.4	312
2024/05/10	05:35:00	40.53338	141.49726	22	22.2	4	2.4	318
2024/05/10	05:36:01	40.52981	141.49747	36	25.9	4	2.4	320
2024/05/10	05:37:00	40.53130	141.50173	82	25.9	4	2.4	321
2024/05/10	05:38:00	40.53059	141.51154	32	40.7	4	2.3	261
2024/05/10	05:38:59	40.53045	141.51865	10	48.2	4	2.3	266
2024/05/10	05:40:01	40.53215	141.52492	54	59.3	4	2.3	316
2024/05/10	05:41:00	40.53148	141.52910	24	3.7	3	2.3	281
2024/05/10	05:42:00	40.53155	141.52922	24	0.0	4	2.3	278
2024/05/10	05:43:00	40.53139	141.52936	16	0.0	4	2.2	285
2024/05/10	05:44:01	40.53155	141.52916	18	0.0	4	2.2	289
2024/05/10	05:45:00	40.53156	141.52909	28	0.0	4	2.2	261
2024/05/10	05:45:59	40.53164	141.52911	22	0.0	4	2.2	292
2024/05/10	05:47:00	40.53157	141.52910	24	0.0	4	2.2	290
2024/05/10	05:48:00	40.53150	141.52916	16	0.0	4	2.2	279
2024/05/10	05:49:00	40.53143	141.52936	24	0.0	4	2.1	284
2024/05/10	05:50:01	40.53156	141.52914	-0	0.0	4	2.1	274
2024/05/10	05:51:01	40.53151	141.52913	22	0.0	3	2.3	239
2024/05/10	05:52:01	40.53151	141.52917	20	0.0	4	2.1	278
2024/05/10	05:53:01	40.53153	141.52914	16	0.0	4	2.1	260
2024/05/10	05:54:01	40.53152	141.52922	24	0.0	4	2.1	288
2024/05/10	05:55:00	40.53152	141.52933	46	0.0	4	2.1	232
2024/05/10	05:56:00	40.53164	141.52901	12	0.0	4	2.1	284
2024/05/10	05:57:00	40.53164	141.52895	20	0.0	3	2.2	287
2024/05/10	05:57:59	40.53148	141.52885	-6	0.0	3	2.1	285
2024/05/10	05:59:00	40.53150	141.52919	22	0.0	3	2.2	284
2024/05/10	06:00:31	40.53237	141.53755	40	33.3	5	1.3	315
2024/05/10	06:00:59	40.53328	141.54274	28	7.4	5	1.3	288
2024/05/10	06:02:01	40.53522	141.55034	30	63.0	5	1.4	299
2024/05/10	06:03:00	40.53953	141.55815	34	3.7	5	1.4	265
2024/05/10	06:04:00	40.53942	141.55792	14	0.0	5	1.4	270
2024/05/10	06:05:00	40.53933	141.55800	34	0.0	5	1.4	275
2024/05/10	06:06:00	40.53942	141.55805	46	0.0	5	1.4	282
2024/05/10	06:07:01	40.53942	141.55805	22	0.0	5	1.4	284
2024/05/10	06:08:00	40.53929	141.55771	12	0.0	4	2.1	256
2024/05/10	06:09:01	40.53948	141.55808	18	0.0	4	2.1	252
2024/05/10	06:10:00	40.53946	141.55845	100	0.0	4	2.1	255
2024/05/10	06:11:00	40.53935	141.55786	-6	0.0	4	2.1	236
2024/05/10	06:11:59	40.53929	141.55793	42	0.0	3	2.1	227
2024/05/10	06:13:00	40.53936	141.55799	58	0.0	3	2.1	203
2024/05/10	06:14:00	40.53933	141.55821	56	0.0	4	2.1	235
2024/05/10	06:15:00	40.53936	141.55809	32	0.0	4	2.3	225
2024/05/10	06:16:00	40.53940	141.55785	6	3.7	4	2.2	200
2024/05/10	06:17:00	40.53942	141.55824	92	0.0	4	2.2	226
2024/05/10	06:18:02	40.53929	141.55795	10	0.0	3	9.1	215
2024/05/10	06:19:00	40.53938	141.55783	-20	0.0	4	2.2	243
2024/05/10	06:20:00	40.53935	141.55788	12	0.0	4	2.2	228
2024/05/10	06:21:01	40.53938	141.55780	-26	0.0	4	2.3	248
2024/05/10	06:22:01	40.53944	141.55808	36	0.0	4	2.3	269
2024/05/10	06:23:01	40.53938	141.55800	14	0.0	3	2.3	195
2024/05/10	06:24:01	40.53943	141.55790	-0	0.0	4	2.3	236
2024/05/10	06:25:01	40.53942	141.55799	24	0.0	4	2.3	204
2024/05/10	06:26:00	40.53942	141.55810	54	0.0	4	2.3	201
2024/05/10	06:27:00	40.53953	141.55802	-4	0.0	4	2.3	205
2024/05/10	06:28:01	40.53946	141.55803	28	0.0	4	2.3	237
2024/05/10	06:29:00	40.53943	141.55833	58	0.0	3	2.4	165
2024/05/10	06:30:00	40.53941	141.55797	-6	3.7	4	2.4	174
2024/05/10	06:31:00	40.53932	141.55786	-18	0.0	4	2.4	198
2024/05/10	06:32:00	40.53945	141.55781	-10	0.0	4	2.4	223
2024/05/10	06:33:00	40.53944	141.55798	-8	0.0	3	2.4	233
2024/05/10	06:34:01	40.53946	141.55803	44	0.0	4	2.4	236
2024/05/10	06:35:00	40.53933	141.55806	48	0.0	4	2.4	176
2024/05/10	06:36:01	40.53929	141.55765	-80	0.0	4	2.3	210
2024/05/10	06:37:01	40.53941	141.55812	48	0.0	4	2.3	208
2024/05/10	06:38:01	40.53937	141.55796	14	0.0	4	2.3	210
2024/05/10	06:39:01	40.53940	141.55828	102	0.0	4	3.1	206
2024/05/10	06:40:01	40.53959	141.55777	-84	0.0	4	2.3	194
2024/05/10	06:41:00	40.53943	141.55789	-20	0.0	4	2.3	180
2024/05/10	06:42:01	40.53948	141.55816	30	0.0	4	2.3	208
2024/05/10	06:42:59	40.53944	141.55804	18	0.0	4	2.4	180
2024/05/10	06:44:02	40.53935	141.55793	14	0.0	4	2.3	273
2024/05/10	06:45:01	40.53935	141.55796	38	0.0	4	2.3	208
2024/05/10	06:46:01	40.53937	141.55795	8	0.0	4	2.3	177
2024/05/10	06:47:00	40.53938	141.55805	34	0.0	4	2.3	202
2024/05/10	06:48:01	40.53946	141.55787	-28	0.0	4	2.3	178
2024/05/10	06:49:01	40.53937	141.55789	6	0.0	4	2.3	215
2024/05/10	06:50:01	40.53932	141.55797	40	0.0	4	2.3	204
2024/05/10	06:51:00	40.53937	141.55798	20	0.0	3	2.3	172
2024/05/10	06:52:00	40.53934	141.55797	40	0.0	4	2.3	208
2024/05/10	06:53:01	40.53938	141.55797	2	0.0	4	2.3	210
2024/05/10	06:54:01	40.53938	141.55799	4	0.0	4	2.3	246
2024/05/10	06:55:00	40.53934	141.55809	26	0.0	4	2.3	204
2024/05/10	06:56:00	40.53948	141.55802	24	0.0	4	2.3	204
2024/05/10	06:57:01	40.53928	141.55818	20	0.0	4	2.3	203
2024/05/10	06:58:01	40.53943	141.55805	36	0.0	4	2.3	204
2024/05/10	06:59:00	40.53930	141.55798	38	0.0	4	2.3	200
2024/05/10	07:00:01	40.53939	141.55797	14	0.0	4	2.3	204
2024/05/10	07:01:00	40.53942	141.55789	34	0.0	3	2.3	171
2024/05/10	07:02:00	40.53944	141.55804	18	0.0	3	2.3	174
2024/05/10	07:03:00	40.53938	141.55811	66	0.0	4	2.3	177
2024/05/10	07:04:01	40.53943	141.55780	-2	0.0	4	2.3	229
2024/05/10	07:05:00	40.53945	141.55786	0	0.0	4	2.3	175
2024/05/10	07:06:00	40.53934	141.55796	12	0.0	4	2.4	229
2024/05/10	07:07:01	40.53944	141.55798	18	0.0	4	2.4	233
2024/05/10	07:08:01	40.53941	141.55795	-12	0.0	4	2.4	203
2024/05/10	07:09:00	40.53937	141.55796	48	0.0	4	2.4	207
2024/05/10	07:10:01	40.53938	141.55809	38	0.0	4	2.4	182
2024/05/10	07:11:00	40.53945	141.55791	2	0.0	4	2.4	204
2024/05/10	07:12:00	40.53954	141.55742	-48	0.0	4	2.4	191
2024/05/10	07:13:01	40.53936	141.55798	16	0.0	4	3.0	225
2024/05/10	07:14:02	40.53939	141.55799	12	0.0	4	3.0	226
2024/05/10	07:15:01	40.53943	141.55793	8	0.0	4	3.0	209
2024/05/10	07:16:02	40.53939	141.55798	28	0.0	4	3.0	208
2024/05/10	07:17:02	40.53942	141.55794	20	0.0	4	3.0	197
2024/05/10	07:18:02	40.53943	141.55800	10	0.0	4	3.0	197
2024/05/10	07:19:02	40.53938	141.55809	2	0.0	4	3.1	187
2024/05/10	07:20:02	40.53940	141.55796	20	0.0	4	3.1	223
2024/05/10	07:21:01	40.53946	141.55792	6	0.0	3	4.3	200
2024/05/10	07:22:02	40.53931	141.55808	38	0.0	3	4.4	197
2024/05/10	07:23:01	40.53946	141.55797	4	0.0	3	4.4	197
2024/05/10	07:24:01	40.53938	141.55796	20	0.0	3	5.0	194
2024/05/10	07:25:01	40.53942	141.55799	18	0.0	3	5.1	238
2024/05/10	07:26:01	40.53939	141.55815	28	0.0	3	5.3	196
2024/05/10	07:27:01	40.53940	141.55811	16	0.0	3	5.4	202
2024/05/10	07:28:01	40.53944	141.55786	26	3.7	3	6.0	220
2024/05/10	07:29:01	40.53965	141.55776	-22	0.0	3	6.2	201
2024/05/10	07:30:01	40.53943	141.55792	18	0.0	3	6.3	201
2024/05/10	07:31:01	40.53951	141.55786	4	0.0	3	7.0	201
2024/05/10	07:32:01	40.53936	141.55806	22	0.0	3	7.3	220
2024/05/10	07:33:01	40.53932	141.55796	46	0.0	3	8.0	261
2024/05/10	07:34:01	40.53923	141.55809	46	0.0	3	8.3	295
2024/05/10	07:35:01	40.53954	141.55786	0	0.0	3	9.1	224
2024/05/10	07:36:01	40.53946	141.55792	12	0.0	3	9.4	194
2024/05/10	07:37:01	40.53964	141.55762	-22	0.0	3	10.3	298
2024/05/10	07:38:01	40.53950	141.55779	8	0.0	3	11.3	205
2024/05/10	07:39:01	40.53946	141.55786	14	0.0	3	12.3	227
2024/05/10	07:40:02	40.53913	141.55833	82	0.0	3	13.4	242
2024/05/10	07:41:01	40.53947	141.55783	10	3.7	3	15.1	203
2024/05/10	07:42:01	40.53961	141.55780	-18	7.4	3	16.4	226
2024/05/10	07:43:01	40.54010	141.55690	-94	7.4	3	18.1	228
2024/05/10	07:44:01	40.53872	141.55905	144	7.4	3	19.4	227
2024/05/10	07:45:01	40.53901	141.55857	104	14.8	3	21.1	260
2024/05/10	07:46:01	40.53974	141.55746	-30	11.1	3	21.4	225
2024/05/10	07:47:02	40.53972	141.55745	-24	3.7	3	22.0	233
2024/05/10	07:48:02	40.53967	141.55751	-18	0.0	3	21.1	265
2024/05/10	07:49:01	40.53892	141.55878	98	0.0	3	20.1	307
2024/05/10	07:50:01	40.53904	141.55861	86	3.7	3	18.4	224
2024/05/10	07:51:01	40.54027	141.55641	-100	18.5	3	17.1	236
2024/05/10	07:52:01	40.53963	141.55761	-6	0.0	3	15.4	275
2024/05/10	07:53:01	40.54004	141.55686	-60	0.0	3	14.2	270
2024/05/10	07:54:02	40.53958	141.55767	0	0.0	3	13.2	234
2024/05/10	07:55:01	40.53864	141.55920	128	0.0	3	12.1	231
2024/05/10	07:56:02	40.53976	141.55723	-16	0.0	3	11.2	228
2024/05/10	07:57:01	40.53950	141.55771	18	0.0	3	10.3	231
2024/05/10	07:58:01	40.53885	141.55881	102	7.4	3	10.0	232
2024/05/10	07:59:01	40.53981	141.55705	-28	0.0	3	9.2	195
2024/05/10	08:00:01	40.53952	141.55784	16	0.0	3	16.3	221
2024/05/10	08:01:01	40.53968	141.55721	-0	0.0	3	15.2	234
2024/05/10	08:02:02	40.53972	141.55715	-4	0.0	3	14.1	222
2024/05/10	08:03:01	40.53933	141.55814	30	3.7	3	13.2	274
2024/05/10	08:04:01	40.53952	141.55778	16	7.4	3	12.3	211
2024/05/10	08:05:01	40.53979	141.55694	-0	0.0	3	11.4	270
2024/05/10	08:06:01	40.53933	141.55836	40	0.0	3	11.2	194
2024/05/10	08:07:01	40.53946	141.55777	24	0.0	3	10.4	266
2024/05/10	08:08:01	40.53963	141.55734	18	11.1	3	10.2	258
2024/05/10	08:09:03	40.53968	141.55719	16	0.0	3	10.0	292
2024/05/10	08:10:03	40.53963	141.55719	32	0.0	3	9.3	264
2024/05/10	08:11:02	40.53953	141.55764	26	0.0	3	9.1	270
2024/05/10	08:12:03	40.53951	141.55762	24	0.0	3	9.0	313
2024/05/10	08:13:01	40.53962	141.55722	24	0.0	3	8.4	237
2024/05/10	08:14:02	40.53938	141.55787	20	0.0	3	8.2	265
2024/05/10	08:15:01	40.53938	141.55771	42	0.0	3	8.1	201
2024/05/10	08:16:01	40.53951	141.55760	24	0.0	3	8.0	235
2024/05/10	08:17:01	40.53968	141.55691	36	7.4	3	7.4	206
2024/05/10	08:18:32	40.53941	141.55798	22	0.0	7	1.0	333
2024/05/10	08:19:00	40.53947	141.55795	12	0.0	7	1.1	296
2024/05/10	08:20:00	40.53948	141.55797	22	0.0	7	1.0	303
2024/05/10	08:21:00	40.53948	141.55807	12	0.0	6	1.0	260
2024/05/10	08:22:00	40.53949	141.55800	12	0.0	7	1.0	279
2024/05/10	08:23:00	40.53947	141.55793	2	0.0	6	1.0	269
2024/05/10	08:24:00	40.53937	141.55798	42	0.0	7	1.0	273
2024/05/10	08:25:00	40.53942	141.55798	20	0.0	6	1.0	243
2024/05/10	08:26:00	40.53935	141.55797	28	0.0	7	1.0	277
2024/05/10	08:27:00	40.53939	141.55805	36	0.0	7	1.0	277
2024/05/10	08:28:00	40.53946	141.55801	22	0.0	7	1.0	273
2024/05/10	08:29:00	40.53944	141.55798	6	0.0	6	1.0	245
2024/05/10	08:30:00	40.53938	141.55800	10	0.0	7	1.0	279
2024/05/10	08:31:00	40.53938	141.55797	16	0.0	7	1.0	281
2024/05/10	08:32:00	40.53941	141.55800	34	0.0	7	1.0	280
2024/05/10	08:33:00	40.53953	141.55797	0	0.0	6	1.1	272
2024/05/10	08:34:01	40.53954	141.55801	2	0.0	4	2.4	171
2024/05/10	08:35:00	40.53946	141.55802	24	0.0	7	1.0	288
2024/05/10	08:36:00	40.53935	141.55808	44	0.0	7	1.0	281
2024/05/10	08:37:01	40.53945	141.55800	22	0.0	7	1.0	277
2024/05/10	08:38:00	40.53939	141.55795	18	0.0	7	1.0	275
2024/05/10	08:39:00	40.53928	141.55798	42	0.0	6	1.1	274
2024/05/10	08:40:00	40.53946	141.55805	20	0.0	6	1.0	274
2024/05/10	08:41:00	40.53939	141.55797	12	0.0	7	1.0	263
2024/05/10	08:42:00	40.53943	141.55803	24	0.0	7	1.0	270
2024/05/10	08:43:00	40.53934	141.55803	34	0.0	7	1.0	281
2024/05/10	08:44:00	40.53947	141.55797	2	0.0	6	1.2	295
2024/05/10	08:45:00	40.53943	141.55801	18	0.0	5	1.2	301
2024/05/10	08:46:00	40.53945	141.55791	28	0.0	6	1.0	232
2024/05/10	08:47:00	40.53933	141.55797	20	0.0	6	1.1	241
2024/05/10	08:48:01	40.53954	141.55807	24	0.0	7	1.0	277
2024/05/10	08:49:01	40.53944	141.55802	32	0.0	6	1.0	237
2024/05/10	08:50:01	40.53934	141.55799	26	0.0	6	1.2	244
2024/05/10	08:51:01	40.53940	141.55797	20	0.0	6	1.1	281
2024/05/10	08:52:00	40.53942	141.55798	30	0.0	3	2.2	138
2024/05/10	08:53:00	40.53934	141.55797	12	0.0	4	1.4	176
2024/05/10	08:54:00	40.53951	141.55796	12	0.0	5	1.4	263
2024/05/10	08:55:00	40.53942	141.55804	20	0.0	6	1.2	262
2024/05/10	08:56:00	40.53930	141.55797	14	0.0	6	1.4	267
2024/05/10	08:57:00	40.53943	141.55801	18	0.0	6	1.1	258
2024/05/10	08:58:00	40.53946	141.55787	26	11.1	5	1.2	266
2024/05/10	08:59:00	40.53932	141.55792	30	14.8	6	1.1	237
2024/05/10	09:00:00	40.53945	141.55795	24	0.0	6	1.1	258
2024/05/10	09:01:00	40.53942	141.55802	48	3.7	7	1.0	262
2024/05/10	09:02:00	40.53959	141.55793	46	7.4	4	1.3	265
2024/05/10	09:03:00	40.53956	141.55801	16	7.4	7	1.0	260
2024/05/10	09:04:00	40.53943	141.55804	-2	0.0	5	1.0	234
2024/05/10	09:05:00	40.53935	141.55804	36	3.7	6	1.1	251
2024/05/10	09:06:00	40.53944	141.55802	44	0.0	5	1.2	261
2024/05/10	09:07:00	40.53932	141.55803	22	0.0	5	1.4	228
2024/05/10	09:08:00	40.53934	141.55805	6	0.0	5	1.3	232
2024/05/10	09:09:01	40.53939	141.55802	6	0.0	5	1.3	229
2024/05/10	09:10:00	40.53932	141.55794	-0	0.0	3	2.2	143
2024/05/10	09:11:01	40.53944	141.55796	12	0.0	5	1.3	209
2024/05/10	09:12:01	40.53935	141.55795	10	0.0	5	1.3	211
2024/05/10	09:13:00	40.53929	141.55799	2	0.0	5	1.3	208
2024/05/10	09:14:00	40.53939	141.55803	32	0.0	5	1.3	204
2024/05/10	09:15:00	40.53944	141.55797	-2	0.0	5	1.3	211
2024/05/10	09:16:00	40.53936	141.55798	16	0.0	5	1.3	199
2024/05/10	09:17:00	40.53936	141.55789	16	0.0	5	1.3	203
2024/05/10	09:18:00	40.53929	141.55795	4	0.0	5	1.3	199
2024/05/10	09:19:01	40.53933	141.55797	6	0.0	3	2.0	140
2024/05/10	09:20:00	40.53936	141.55799	22	0.0	4	1.3	172
2024/05/10	09:21:00	40.53947	141.55796	14	0.0	5	1.3	207
2024/05/10	09:22:00	40.53926	141.55795	18	0.0	5	1.3	206
2024/05/10	09:23:01	40.53938	141.55797	10	0.0	5	1.3	208
2024/05/10	09:24:00	40.53936	141.55793	28	0.0	5	1.3	203
2024/05/10	09:25:00	40.53929	141.55787	20	0.0	5	1.3	203
2024/05/10	09:26:00	40.53934	141.55785	8	0.0	5	1.3	209
2024/05/10	09:27:00	40.53964	141.55812	28	7.4	3	2.2	137
2024/05/10	09:28:00	40.53929	141.55791	-10	0.0	5	1.3	211
2024/05/10	09:29:00	40.53929	141.55791	12	0.0	5	1.3	206
2024/05/10	09:30:00	40.53940	141.55795	30	0.0	5	1.3	240
2024/05/10	09:31:00	40.53930	141.55802	12	0.0	4	1.3	197
2024/05/10	09:32:00	40.53937	141.55794	28	0.0	5	1.2	209
2024/05/10	09:33:00	40.53926	141.55798	22	0.0	5	1.2	201
2024/05/10	09:34:00	40.53902	141.55793	22	22.2	4	1.3	238
2024/05/10	09:35:00	40.53937	141.55804	24	0.0	4	1.4	168
2024/05/10	09:36:00	40.53948	141.55796	26	7.4	6	1.2	227
2024/05/10	09:37:01	40.53944	141.55785	-0	3.7	5	1.2	260
2024/05/10	09:38:00	40.53933	141.55792	4	0.0	5	1.2	205
2024/05/10	09:39:00	40.53941	141.55802	-2	0.0	5	1.2	205
2024/05/10	09:40:00	40.53935	141.55795	8	0.0	5	1.2	204
2024/05/10	09:41:00	40.53934	141.55810	2	0.0	5	1.2	201
2024/05/10	09:42:00	40.53950	141.55803	16	0.0	4	1.4	199
2024/05/10	09:43:00	40.53954	141.55801	24	3.7	4	1.3	192
2024/05/10	09:44:00	40.53948	141.55804	-2	0.0	5	1.4	205
2024/05/10	09:45:01	40.53939	141.55794	10	0.0	5	1.2	238
2024/05/10	09:46:00	40.53933	141.55787	8	0.0	4	1.4	233
2024/05/10	09:47:00	40.53937	141.55797	8	0.0	4	1.4	198
2024/05/10	09:48:00	40.53941	141.55807	10	0.0	5	1.2	204
2024/05/10	09:49:00	40.53937	141.55787	-14	0.0	5	1.2	268
2024/05/10	09:50:00	40.53934	141.55798	18	0.0	5	1.2	240
2024/05/10	09:51:00	40.53940	141.55804	28	0.0	4	1.4	198
2024/05/10	09:52:00	40.53942	141.55798	18	0.0	5	1.2	200
2024/05/10	09:53:00	40.53939	141.55792	30	0.0	4	1.3	198
2024/05/10	09:54:00	40.53947	141.55799	14	0.0	4	1.4	236
2024/05/10	09:55:00	40.53939	141.55788	-0	0.0	5	1.2	204
2024/05/10	09:56:00	40.53936	141.55784	6	0.0	5	1.3	235
2024/05/10	09:57:01	40.53941	141.55806	-8	0.0	5	1.3	183
2024/05/10	09:58:00	40.53944	141.55809	32	0.0	4	1.3	168
2024/05/10	09:59:00	40.53932	141.55780	0	0.0	4	2.0	167
2024/05/10	10:00:00	40.53926	141.55817	56	3.7	5	1.3	201
2024/05/10	10:01:00	40.53942	141.55798	4	0.0	5	1.3	202
2024/05/10	10:02:00	40.53934	141.55789	8	0.0	5	1.3	200
2024/05/10	10:03:00	40.53950	141.55833	74	3.7	3	2.2	134
2024/05/10	10:04:00	40.53931	141.55795	42	0.0	5	1.3	202
2024/05/10	10:05:00	40.53940	141.55780	-18	0.0	4	2.1	167
2024/05/10	10:06:02	40.53940	141.55795	18	0.0	5	1.3	269
2024/05/10	10:07:00	40.53934	141.55804	22	0.0	5	1.3	233
2024/05/10	10:08:01	40.53936	141.55797	12	0.0	5	1.3	196
2024/05/10	10:09:00	40.53937	141.55796	26	0.0	5	1.3	201
2024/05/10	10:10:00	40.53941	141.55792	-8	0.0	5	1.3	199
2024/05/10	10:11:00	40.53949	141.55805	8	0.0	5	1.3	232
2024/05/10	10:12:00	40.53938	141.55790	2	0.0	3	2.1	137
2024/05/10	10:13:00	40.53936	141.55808	28	0.0	5	1.3	202
2024/05/10	10:14:00	40.53936	141.55791	8	0.0	5	1.3	196
2024/05/10	10:15:00	40.53940	141.55796	-4	0.0	5	1.3	199
2024/05/10	10:16:00	40.53924	141.55797	46	0.0	3	2.2	201
2024/05/10	10:17:01	40.53939	141.55800	30	0.0	5	1.3	232
2024/05/10	10:18:00	40.53943	141.55803	12	3.7	4	2.0	198
2024/05/10	10:19:00	40.53935	141.55799	-12	0.0	3	2.2	194
2024/05/10	10:20:00	40.53930	141.55793	46	0.0	3	2.2	139
2024/05/10	10:21:00	40.53942	141.55809	2	0.0	3	2.2	197
2024/05/10	10:22:00	40.53934	141.55809	42	0.0	3	2.3	168
2024/05/10	10:23:01	40.53937	141.55808	26	0.0	4	2.1	261
2024/05/10	10:23:59	40.53937	141.55798	8	7.4	3	2.3	139
2024/05/10	10:25:00	40.53948	141.55784	-48	3.7	3	2.3	188
2024/05/10	10:26:01	40.53945	141.55802	8	0.0	4	2.1	227
2024/05/10	10:27:01	40.53941	141.55799	8	0.0	4	2.1	230
2024/05/10	10:28:00	40.53921	141.55823	64	0.0	4	2.1	190
2024/05/10	10:29:00	40.53945	141.55803	20	0.0	3	2.4	165
2024/05/10	10:30:00	40.53927	141.55806	46	0.0	3	2.4	167
2024/05/10	10:31:00	40.53930	141.55812	34	0.0	3	2.4	190
2024/05/10	10:32:00	40.53944	141.55803	-4	3.7	3	2.4	186
2024/05/10	10:33:00	40.53948	141.55795	-6	3.7	3	2.4	194
2024/05/10	10:34:00	40.53943	141.55794	16	0.0	3	2.4	168
2024/05/10	10:35:01	40.53932	141.55800	40	0.0	3	2.4	185
2024/05/10	10:36:02	40.53937	141.55795	2	0.0	3	3.0	184
2024/05/10	10:37:02	40.53931	141.55806	32	0.0	4	2.2	182
2024/05/10	10:38:01	40.53942	141.55791	-12	0.0	3	3.0	216
2024/05/10	10:39:01	40.53936	141.55802	30	0.0	4	2.2	183
2024/05/10	10:40:01	40.53934	141.55801	26	0.0	3	3.0	183
2024/05/10	10:41:02	40.53939	141.55799	14	0.0	3	3.0	182
2024/05/10	10:42:01	40.53936	141.55804	20	0.0	3	3.0	214
2024/05/10	10:43:01	40.53937	141.55794	12	0.0	3	3.0	173
2024/05/10	10:44:01	40.53934	141.55800	14	0.0	3	3.1	156
2024/05/10	10:45:01	40.53943	141.55796	4	0.0	3	3.1	139
2024/05/10	10:46:01	40.53939	141.55804	20	0.0	3	3.1	174
2024/05/10	10:47:02	40.53946	141.55788	2	0.0	3	3.1	156
2024/05/10	10:48:02	40.53937	141.55801	22	0.0	3	3.1	208
2024/05/10	10:49:02	40.53941	141.55797	6	0.0	3	3.1	208
2024/05/10	10:50:02	40.53938	141.55794	6	0.0	3	3.1	140
2024/05/10	10:51:02	40.53939	141.55797	20	0.0	3	3.1	171
2024/05/10	10:52:01	40.53940	141.55799	22	0.0	3	3.1	172
2024/05/10	10:53:01	40.53943	141.55796	-2	0.0	3	3.1	137
2024/05/10	10:54:01	40.53940	141.55795	2	0.0	3	3.1	138
2024/05/10	10:55:02	40.53946	141.55783	6	0.0	3	3.1	127
2024/05/10	10:56:01	40.53941	141.55800	6	0.0	3	3.2	136
2024/05/10	10:57:02	40.53941	141.55787	-2	0.0	3	3.2	136
2024/05/10	10:58:02	40.53937	141.55795	12	0.0	3	3.2	209
2024/05/10	10:59:01	40.53950	141.55789	-10	0.0	3	3.2	137
2024/05/10	11:00:02	40.53937	141.55804	16	0.0	3	3.2	171
2024/05/10	11:01:02	40.53944	141.55805	6	0.0	3	3.2	138
2024/05/10	11:02:02	40.53938	141.55792	6	0.0	3	3.2	173
2024/05/10	11:03:02	40.53937	141.55804	16	0.0	3	3.2	173
2024/05/10	11:04:02	40.53942	141.55791	10	0.0	3	3.2	170
2024/05/10	11:05:01	40.53950	141.55797	-4	0.0	3	3.2	135
2024/05/10	11:06:02	40.53952	141.55793	-14	0.0	3	3.2	135
2024/05/10	11:07:01	40.53942	141.55801	12	0.0	3	3.2	174
2024/05/10	11:08:02	40.53939	141.55810	4	3.7	3	3.2	244
2024/05/10	11:09:02	40.53952	141.55786	-8	0.0	3	3.2	244
2024/05/10	11:10:02	40.53944	141.55796	6	0.0	3	3.2	175
2024/05/10	11:11:02	40.53942	141.55792	10	0.0	3	3.2	207
2024/05/10	11:12:02	40.53940	141.55803	10	0.0	3	3.2	173
2024/05/10	11:13:01	40.53943	141.55794	6	3.7	3	3.2	135
2024/05/10	11:14:02	40.53938	141.55800	20	0.0	3	3.2	239
2024/05/10	11:15:02	40.53942	141.55801	10	0.0	3	3.2	137
2024/05/10	11:16:02	40.53948	141.55800	-4	0.0	3	3.2	170
2024/05/10	11:17:02	40.53943	141.55805	12	0.0	3	3.2	200
2024/05/10	11:18:01	40.53941	141.55803	6	0.0	3	3.2	136
2024/05/10	11:19:02	40.53945	141.55808	2	0.0	3	3.2	207
2024/05/10	11:20:02	40.53938	141.55802	16	0.0	3	3.3	174
2024/05/10	11:21:02	40.53934	141.55796	26	0.0	3	3.3	277
2024/05/10	11:22:02	40.53941	141.55806	8	0.0	3	3.3	205
2024/05/10	11:23:02	40.53941	141.55814	18	0.0	3	3.3	207
2024/05/10	11:24:02	40.53940	141.55800	16	0.0	3	3.3	228
2024/05/10	11:25:02	40.53937	141.55790	26	0.0	3	3.3	268
2024/05/10	11:26:02	40.53943	141.55796	18	0.0	3	3.3	240
2024/05/10	11:27:02	40.53940	141.55811	10	0.0	3	3.3	234
2024/05/10	11:28:02	40.53938	141.55799	16	0.0	3	3.3	236
2024/05/10	11:29:02	40.53941	141.55799	18	0.0	3	3.3	225
2024/05/10	11:30:02	40.53942	141.55793	14	0.0	3	3.3	269
2024/05/10	11:31:02	40.53934	141.55803	18	0.0	3	3.3	264
2024/05/10	11:32:02	40.53936	141.55801	24	0.0	3	3.3	226
2024/05/10	11:33:02	40.53947	141.55794	10	0.0	3	3.3	236
2024/05/10	11:34:02	40.53934	141.55805	26	0.0	3	3.3	225
2024/05/10	11:35:01	40.53929	141.55818	38	0.0	3	3.3	196
2024/05/10	11:36:02	40.53941	141.55806	18	0.0	3	3.3	257
2024/05/10	11:37:02	40.53942	141.55793	6	0.0	3	3.3	252
2024/05/10	11:38:02	40.53948	141.55807	4	0.0	3	3.3	267
2024/05/10	11:39:02	40.53936	141.55808	26	0.0	3	3.3	258
2024/05/10	11:40:02	40.53943	141.55801	14	0.0	3	3.4	293
2024/05/10	11:41:02	40.53939	141.55786	40	3.7	3	3.4	221
2024/05/10	11:42:02	40.53942	141.55792	16	0.0	3	3.4	259
2024/05/10	11:43:02	40.53937	141.55808	22	0.0	3	3.4	288
2024/05/10	11:44:03	40.53942	141.55794	22	0.0	3	3.4	290
2024/05/10	11:45:02	40.53930	141.55800	34	0.0	3	3.4	293
2024/05/10	11:46:02	40.53930	141.55797	36	0.0	3	3.4	293
2024/05/10	11:47:03	40.53944	141.55808	16	0.0	3	3.4	285
2024/05/10	11:48:02	40.53945	141.55800	8	0.0	3	3.4	180
2024/05/10	11:49:04	40.53945	141.55800	8	0.0	3	3.4	285
2024/05/10	11:50:04	40.53945	141.55813	10	0.0	3	3.4	247
2024/05/10	11:51:04	40.53954	141.55805	8	0.0	3	3.4	285
2024/05/10	11:52:06	40.53948	141.55815	12	0.0	3	3.4	279
2024/05/10	11:53:32	40.53938	141.55799	20	0.0	7	1.0	327
2024/05/10	11:54:00	40.53934	141.55794	2	0.0	5	1.0	232
2024/05/10	11:55:00	40.53943	141.55796	22	0.0	7	1.0	299
2024/05/10	11:56:00	40.53940	141.55788	-26	0.0	6	1.0	271
2024/05/10	11:57:00	40.53931	141.55808	4	0.0	3	1.1	193
2024/05/10	11:58:00	40.53939	141.55799	12	0.0	7	1.0	292
2024/05/10	11:59:00	40.53933	141.55797	34	0.0	6	1.0	262
2024/05/10	12:00:00	40.53936	141.55796	24	0.0	7	1.0	295
2024/05/10	12:01:00	40.53940	141.55805	18	0.0	6	1.0	291
2024/05/10	12:02:00	40.53936	141.55800	14	0.0	7	1.0	263
2024/05/10	12:03:00	40.53932	141.55798	22	0.0	5	1.2	224
2024/05/10	12:04:00	40.53942	141.55785	0	0.0	3	2.1	189
2024/05/10	12:05:00	40.53936	141.55801	22	0.0	5	1.1	231
2024/05/10	12:06:00	40.53936	141.55786	-12	0.0	6	1.0	265
2024/05/10	12:07:00	40.53943	141.55794	-10	0.0	6	1.4	261
2024/05/10	12:08:00	40.53943	141.55796	16	0.0	4	1.4	223
2024/05/10	12:09:01	40.53936	141.55793	32	0.0	4	1.2	233
2024/05/10	12:10:01	40.53936	141.55800	36	0.0	4	2.1	162
2024/05/10	12:11:00	40.53930	141.55789	32	0.0	4	1.3	219
2024/05/10	12:12:01	40.53940	141.55800	10	0.0	5	1.2	245
2024/05/10	12:13:00	40.53944	141.55799	38	0.0	5	1.2	226
2024/05/10	12:14:00	40.53924	141.55787	40	0.0	5	1.2	227
2024/05/10	12:15:00	40.53935	141.55799	20	0.0	5	1.2	254
2024/05/10	12:16:00	40.53941	141.55799	0	0.0	4	1.2	192
2024/05/10	12:17:00	40.53941	141.55797	24	0.0	5	1.3	227
2024/05/10	12:18:00	40.53934	141.55807	6	3.7	5	1.2	225
2024/05/10	12:19:00	40.53937	141.55783	0	0.0	5	1.1	224
2024/05/10	12:20:00	40.53954	141.55799	-4	0.0	4	2.0	222
2024/05/10	12:21:00	40.53940	141.55799	10	0.0	6	1.0	260
2024/05/10	12:22:00	40.53935	141.55802	28	0.0	4	1.4	171
2024/05/10	12:23:00	40.53928	141.55800	34	0.0	6	1.0	236
2024/05/10	12:24:00	40.53947	141.55792	4	0.0	6	1.0	257
2024/05/10	12:25:00	40.53947	141.55798	10	0.0	6	1.0	239
2024/05/10	12:26:00	40.53928	141.55789	0	0.0	6	1.1	240
2024/05/10	12:27:00	40.53941	141.55791	-4	0.0	6	1.1	241
2024/05/10	12:28:01	40.53933	141.55796	-4	0.0	6	1.1	242
2024/05/10	12:29:00	40.53938	141.55798	14	0.0	5	1.2	237
2024/05/10	12:30:00	40.53942	141.55800	16	0.0	5	1.2	242
2024/05/10	12:31:00	40.53947	141.55795	-4	0.0	6	1.1	259
2024/05/10	12:32:00	40.53938	141.55800	10	0.0	6	1.1	245
2024/05/10	12:33:00	40.53935	141.55807	46	0.0	6	1.1	237
2024/05/10	12:34:00	40.53935	141.55799	28	0.0	6	1.1	267
2024/05/10	12:35:00	40.53949	141.55793	0	0.0	5	1.1	207
2024/05/10	12:36:00	40.53948	141.55801	0	0.0	5	1.3	210
2024/05/10	12:36:59	40.53927	141.55814	82	7.4	3	2.2	142
2024/05/10	12:37:59	40.53932	141.55790	22	3.7	3	2.2	138
2024/05/10	12:39:00	40.53939	141.55787	-2	0.0	6	1.4	300
2024/05/10	12:39:59	40.53945	141.55788	78	3.7	3	2.0	140
2024/05/10	12:41:00	40.53940	141.55797	18	0.0	5	1.2	211
2024/05/10	12:42:00	40.53941	141.55796	14	0.0	6	1.1	243
2024/05/10	12:43:00	40.53935	141.55800	2	0.0	5	1.1	205
2024/05/10	12:44:00	40.53942	141.55801	20	0.0	5	1.1	212
2024/05/10	12:45:00	40.53943	141.55786	-10	0.0	6	1.1	242
2024/05/10	12:46:00	40.53940	141.55803	16	0.0	5	1.1	209
2024/05/10	12:47:00	40.53940	141.55801	30	0.0	6	1.1	245
2024/05/10	12:48:00	40.53944	141.55792	4	0.0	6	1.1	241
2024/05/10	12:49:00	40.53939	141.55804	10	0.0	6	1.1	244
2024/05/10	12:50:00	40.53939	141.55802	20	0.0	6	1.1	239
2024/05/10	12:51:00	40.53940	141.55797	10	0.0	6	1.1	244
2024/05/10	12:52:00	40.53943	141.55789	8	0.0	5	1.2	209
2024/05/10	12:53:00	40.53939	141.55808	28	0.0	4	1.2	238
2024/05/10	12:54:00	40.53936	141.55802	24	0.0	5	1.1	202
2024/05/10	12:54:59	40.53948	141.55800	20	11.1	3	2.3	139
2024/05/10	12:56:00	40.53935	141.55806	30	3.7	5	2.3	208
2024/05/10	12:57:00	40.53939	141.55798	16	0.0	5	2.3	209
2024/05/10	12:58:00	40.53929	141.55813	32	0.0	5	2.0	237
2024/05/10	12:59:00	40.53932	141.55796	-4	0.0	5	1.1	238
2024/05/10	13:00:00	40.53932	141.55804	40	0.0	5	1.3	206
2024/05/10	13:01:00	40.53933	141.55794	16	0.0	5	1.2	241
2024/05/10	13:02:00	40.53937	141.55787	26	0.0	6	1.1	240
2024/05/10	13:03:00	40.53933	141.55819	64	0.0	6	1.1	244
2024/05/10	13:04:00	40.53939	141.55802	20	3.7	5	1.2	238
2024/05/10	13:05:00	40.53927	141.55811	24	0.0	5	1.2	238
2024/05/10	13:06:00	40.53928	141.55814	22	3.7	5	1.2	257
2024/05/10	13:07:00	40.53938	141.55817	30	0.0	5	1.2	235
2024/05/10	13:08:00	40.53941	141.55800	20	0.0	6	1.2	275
2024/05/10	13:09:00	40.53937	141.55809	20	0.0	5	1.2	234
2024/05/10	13:10:00	40.53933	141.55802	16	0.0	6	1.2	240
2024/05/10	13:11:00	40.53936	141.55806	28	0.0	5	1.2	235
2024/05/10	13:12:00	40.53943	141.55794	10	0.0	6	1.2	237
2024/05/10	13:13:00	40.53952	141.55790	12	0.0	5	1.3	231
2024/05/10	13:14:00	40.53939	141.55795	-28	3.7	3	1.3	162
2024/05/10	13:15:00	40.53939	141.55807	2	0.0	4	1.3	191
2024/05/10	13:16:01	40.53936	141.55801	26	0.0	5	1.2	253
2024/05/10	13:17:00	40.53963	141.55805	-34	0.0	4	1.3	252
2024/05/10	13:18:00	40.53939	141.55798	16	0.0	4	1.3	228
2024/05/10	13:19:00	40.53943	141.55802	26	0.0	4	1.3	224
2024/05/10	13:20:00	40.53945	141.55800	22	0.0	4	1.3	222
2024/05/10	13:21:00	40.53938	141.55802	36	0.0	4	1.3	229
2024/05/10	13:22:00	40.53947	141.55802	34	0.0	4	1.3	199
2024/05/10	13:23:00	40.53924	141.55803	66	0.0	4	1.3	227
2024/05/10	13:24:00	40.53948	141.55803	18	0.0	4	1.3	226
2024/05/10	13:25:00	40.53938	141.55799	18	0.0	4	1.3	223
2024/05/10	13:26:00	40.53948	141.55802	4	0.0	4	1.3	230
2024/05/10	13:27:01	40.53939	141.55800	22	0.0	4	1.3	230
2024/05/10	13:28:00	40.53934	141.55792	18	0.0	4	1.3	171
2024/05/10	13:29:00	40.53945	141.55787	-8	0.0	4	1.3	202
2024/05/10	13:30:00	40.53941	141.55800	8	0.0	4	1.3	201
2024/05/10	13:31:00	40.53929	141.55794	20	0.0	4	1.3	226
2024/05/10	13:32:00	40.53937	141.55810	-4	0.0	3	2.4	191
2024/05/10	13:33:00	40.53946	141.55780	0	3.7	4	1.3	219
2024/05/10	13:34:00	40.53934	141.55799	14	0.0	4	1.4	195
2024/05/10	13:35:00	40.53916	141.55804	62	0.0	4	1.4	198
2024/05/10	13:36:00	40.53927	141.55800	14	0.0	4	1.4	232
2024/05/10	13:37:00	40.53939	141.55796	20	0.0	4	1.4	197
2024/05/10	13:38:00	40.53947	141.55782	-12	0.0	4	1.4	199
2024/05/10	13:39:00	40.53916	141.55808	58	0.0	4	1.4	198
2024/05/10	13:40:01	40.53944	141.55799	10	0.0	4	1.4	217
2024/05/10	13:41:00	40.53938	141.55795	22	0.0	4	1.4	163
2024/05/10	13:42:00	40.53942	141.55792	10	0.0	4	1.4	238
2024/05/10	13:43:00	40.53939	141.55792	24	0.0	4	1.4	199
2024/05/10	13:44:00	40.53932	141.55791	22	0.0	4	1.4	200
2024/05/10	13:45:00	40.53943	141.55804	18	0.0	4	1.4	201
2024/05/10	13:46:00	40.53918	141.55805	46	0.0	4	1.4	231
2024/05/10	13:47:00	40.53930	141.55807	26	0.0	4	1.4	236
2024/05/10	13:48:01	40.53927	141.55808	28	0.0	4	1.4	201
2024/05/10	13:49:00	40.53942	141.55800	0	0.0	4	1.4	165
2024/05/10	13:50:00	40.53942	141.55790	8	0.0	4	1.4	197
2024/05/10	13:51:00	40.53927	141.55806	26	0.0	4	2.0	200
2024/05/10	13:52:00	40.53937	141.55799	16	0.0	3	2.0	166
2024/05/10	13:53:00	40.53954	141.55785	-2	0.0	4	2.0	234
2024/05/10	13:54:01	40.53941	141.55792	12	0.0	4	2.0	200
2024/05/10	13:55:00	40.53946	141.55793	0	0.0	3	2.0	165
2024/05/10	13:56:00	40.53923	141.55813	28	0.0	4	2.0	203
2024/05/10	13:57:00	40.53941	141.55800	22	0.0	4	2.0	202
2024/05/10	13:58:00	40.53936	141.55803	26	0.0	4	2.0	200
2024/05/10	13:59:01	40.53938	141.55799	10	0.0	4	2.0	193
2024/05/10	14:00:31	40.53939	141.55801	16	0.0	6	0.4	259
2024/05/10	14:01:00	40.53946	141.55807	32	0.0	6	0.4	266
2024/05/10	14:02:00	40.53925	141.55795	36	0.0	4	1.4	243
2024/05/10	14:03:00	40.53941	141.55804	14	0.0	6	0.4	267
2024/05/10	14:04:00	40.53943	141.55799	-0	0.0	5	1.1	209
2024/05/10	14:05:00	40.53936	141.55805	24	0.0	6	0.4	271
2024/05/10	14:06:00	40.53940	141.55800	14	0.0	6	1.0	296
2024/05/10	14:07:00	40.53937	141.55790	10	0.0	6	1.0	244
2024/05/10	14:08:00	40.53937	141.55797	8	0.0	6	1.0	302
2024/05/10	14:09:00	40.53938	141.55791	14	0.0	6	1.0	305
2024/05/10	14:10:00	40.53940	141.55803	20	0.0	6	1.0	303
2024/05/10	14:11:00	40.53937	141.55799	22	0.0	6	1.0	303
2024/05/10	14:12:00	40.53942	141.55795	10	0.0	6	1.0	301
2024/05/10	14:13:00	40.53939	141.55803	14	0.0	6	1.0	304
2024/05/10	14:14:00	40.53939	141.55798	10	0.0	6	1.0	304
2024/05/10	14:15:00	40.53933	141.55794	12	0.0	6	1.0	305
2024/05/10	14:16:00	40.53938	141.55797	8	0.0	6	1.0	300
2024/05/10	14:17:00	40.53937	141.55797	14	0.0	5	1.0	304
2024/05/10	14:18:00	40.53940	141.55793	24	0.0	5	1.0	304
2024/05/10	14:19:00	40.53941	141.55801	20	0.0	5	1.0	274
2024/05/10	14:20:00	40.53936	141.55791	20	0.0	6	1.0	297
2024/05/10	14:21:00	40.53941	141.55803	14	0.0	5	1.0	299
2024/05/10	14:22:00	40.53937	141.55797	16	0.0	5	1.0	269
2024/05/10	14:23:00	40.53938	141.55791	12	0.0	6	1.0	305
2024/05/10	14:24:00	40.53939	141.55795	8	0.0	5	1.0	298
2024/05/10	14:25:00	40.53935	141.55798	18	0.0	5	1.0	298
2024/05/10	14:26:00	40.53937	141.55796	18	0.0	5	1.0	298
2024/05/10	14:27:00	40.53942	141.55794	0	0.0	4	1.1	266
2024/05/10	14:28:00	40.53938	141.55794	14	0.0	4	1.2	237
2024/05/10	14:29:00	40.53937	141.55801	10	0.0	5	1.1	297
2024/05/10	14:30:00	40.53941	141.55801	28	0.0	5	1.1	260
2024/05/10	14:31:00	40.53944	141.55803	18	0.0	4	1.2	266
2024/05/10	14:32:00	40.53934	141.55795	28	0.0	4	1.2	235
2024/05/10	14:32:59	40.53932	141.55789	8	0.0	4	1.2	209
2024/05/10	14:34:00	40.53938	141.55792	22	3.7	4	1.3	226
2024/05/10	14:35:00	40.53942	141.55800	18	0.0	4	1.2	237
2024/05/10	14:36:00	40.53938	141.55804	16	3.7	4	1.2	271
2024/05/10	14:37:00	40.53934	141.55798	4	0.0	4	1.2	237
2024/05/10	14:38:00	40.53935	141.55792	14	0.0	4	1.2	233
2024/05/10	14:39:00	40.53938	141.55799	26	0.0	4	1.2	239
2024/05/10	14:40:00	40.53933	141.55797	20	0.0	4	1.2	271
2024/05/10	14:41:00	40.53938	141.55793	6	0.0	4	1.2	271
2024/05/10	14:42:00	40.53937	141.55794	6	0.0	4	1.2	271
2024/05/10	14:43:00	40.53933	141.55797	26	0.0	4	1.2	265
2024/05/10	14:44:00	40.53941	141.55807	16	0.0	4	1.2	267
2024/05/10	14:44:59	40.53936	141.55783	0	0.0	3	2.0	140
2024/05/10	14:46:00	40.53938	141.55790	-4	0.0	4	1.2	176
2024/05/10	14:47:00	40.53930	141.55793	42	0.0	3	1.2	230
2024/05/10	14:48:01	40.53939	141.55798	16	0.0	4	1.2	266
2024/05/10	14:49:00	40.53939	141.55794	0	0.0	4	1.2	265
2024/05/10	14:50:00	40.53935	141.55800	18	0.0	4	1.2	240
2024/05/10	14:51:00	40.53940	141.55800	20	0.0	4	1.2	240
2024/05/10	14:52:00	40.53940	141.55809	-30	0.0	3	1.4	208
2024/05/10	14:53:00	40.53941	141.55794	12	0.0	4	1.2	209
2024/05/10	14:54:00	40.53934	141.55803	12	0.0	4	1.2	233
2024/05/10	14:55:00	40.53936	141.55801	16	0.0	4	1.2	210
2024/05/10	14:56:00	40.53937	141.55807	42	0.0	4	1.2	205
2024/05/10	14:57:00	40.53928	141.55781	-8	0.0	3	1.4	174
2024/05/10	14:58:00	40.53932	141.55799	10	0.0	3	1.3	243
2024/05/10	14:59:00	40.53932	141.55796	24	0.0	4	1.2	205
2024/05/10	15:00:00	40.53939	141.55784	-26	0.0	4	1.2	243
2024/05/10	15:01:00	40.53935	141.55798	24	0.0	4	1.2	212
2024/05/10	15:02:00	40.53930	141.55793	-0	0.0	4	1.2	239
2024/05/10	15:03:00	40.53935	141.55803	48	0.0	4	1.2	239
2024/05/10	15:04:00	40.53944	141.55805	40	0.0	4	1.2	237
2024/05/10	15:05:00	40.53936	141.55796	2	0.0	4	1.2	242
2024/05/10	15:05:59	40.53928	141.55801	22	0.0	3	1.2	206
2024/05/10	15:07:00	40.53934	141.55797	6	0.0	4	1.2	209
2024/05/10	15:08:00	40.53934	141.55793	-16	0.0	4	1.2	209
2024/05/10	15:08:59	40.53936	141.55789	24	0.0	3	1.3	175
2024/05/10	15:10:00	40.53938	141.55802	16	0.0	4	1.2	229
2024/05/10	15:11:00	40.53933	141.55803	42	0.0	4	1.2	209
2024/05/10	15:12:00	40.53939	141.55801	28	0.0	4	1.2	239
2024/05/10	15:12:59	40.53927	141.55796	14	3.7	3	2.0	210
2024/05/10	15:14:00	40.53930	141.55803	26	0.0	4	1.2	243
2024/05/10	15:15:00	40.53941	141.55808	16	0.0	4	1.2	243
2024/05/10	15:16:00	40.53927	141.55789	-18	0.0	3	2.0	210
2024/05/10	15:17:00	40.53935	141.55797	18	3.7	4	1.2	245
2024/05/10	15:18:00	40.53931	141.55805	24	0.0	4	1.2	208
2024/05/10	15:19:00	40.53935	141.55792	10	0.0	4	1.2	208
2024/05/10	15:20:00	40.53933	141.55803	28	0.0	3	1.2	205
2024/05/10	15:21:00	40.53931	141.55808	40	0.0	4	1.2	209
2024/05/10	15:22:00	40.53924	141.55804	28	0.0	4	1.2	242
2024/05/10	15:23:01	40.53941	141.55797	12	0.0	4	1.2	266
2024/05/10	15:24:00	40.53922	141.55790	14	0.0	4	1.2	244
2024/05/10	15:25:01	40.53940	141.55800	14	0.0	4	1.2	241
2024/05/10	15:26:00	40.53933	141.55806	30	0.0	4	1.2	244
2024/05/10	15:27:00	40.53939	141.55796	14	0.0	4	1.2	269
2024/05/10	15:28:00	40.53934	141.55811	26	0.0	4	1.2	208
2024/05/10	15:29:00	40.53935	141.55793	16	0.0	4	1.2	271
2024/05/10	15:30:00	40.53939	141.55807	20	0.0	4	1.2	272
2024/05/10	15:31:00	40.53935	141.55799	40	0.0	4	1.2	271
2024/05/10	15:32:00	40.53935	141.55803	20	0.0	4	1.2	267
2024/05/10	15:33:00	40.53940	141.55797	8	0.0	3	2.0	208
2024/05/10	15:34:00	40.53934	141.55793	4	0.0	4	1.2	274
2024/05/10	15:35:00	40.53930	141.55801	28	0.0	4	1.2	275
2024/05/10	15:36:00	40.53933	141.55801	-8	0.0	4	1.2	273
2024/05/10	15:37:00	40.53937	141.55803	26	0.0	4	1.2	270
2024/05/10	15:38:00	40.53925	141.55796	26	0.0	3	2.0	271
2024/05/10	15:39:01	40.53938	141.55806	16	0.0	4	1.2	241
2024/05/10	15:40:00	40.53942	141.55803	22	0.0	4	1.2	272
2024/05/10	15:41:00	40.53924	141.55793	12	0.0	4	1.2	269
2024/05/10	15:42:00	40.53936	141.55802	28	0.0	4	1.2	236
2024/05/10	15:43:00	40.53936	141.55793	8	0.0	4	1.2	273
2024/05/10	15:44:00	40.53935	141.55795	22	0.0	4	1.2	270
2024/05/10	15:45:00	40.53936	141.55801	20	0.0	4	1.2	242
2024/05/10	15:46:00	40.53936	141.55803	2	0.0	4	1.2	274
2024/05/10	15:47:00	40.53939	141.55800	0	0.0	4	1.2	273
2024/05/10	15:48:00	40.53930	141.55803	22	0.0	4	1.2	280
2024/05/10	15:49:00	40.53935	141.55800	34	0.0	4	1.3	273
2024/05/10	15:50:00	40.53939	141.55803	36	0.0	4	1.3	273
2024/05/10	15:51:00	40.53940	141.55797	10	0.0	4	1.3	266
2024/05/10	15:52:00	40.53941	141.55796	20	0.0	4	1.3	263
2024/05/10	15:53:00	40.53931	141.55818	42	0.0	3	1.3	236
2024/05/10	15:54:00	40.53934	141.55801	28	0.0	4	1.3	272
2024/05/10	15:55:00	40.53942	141.55806	24	0.0	4	1.3	275
2024/05/10	15:56:00	40.53936	141.55796	28	0.0	4	1.3	273
2024/05/10	15:57:00	40.53941	141.55804	30	0.0	4	1.3	272
2024/05/10	15:58:00	40.53932	141.55800	16	0.0	4	1.4	272
2024/05/10	15:59:00	40.53946	141.55805	-4	0.0	4	1.3	267
2024/05/10	16:00:01	40.53939	141.55800	46	0.0	4	2.0	271
2024/05/10	16:01:00	40.53937	141.55784	-8	0.0	3	2.1	232
2024/05/10	16:02:03	40.53932	141.55803	32	0.0	4	2.0	273
2024/05/10	16:03:01	40.53936	141.55800	14	0.0	4	2.0	274
2024/05/10	16:04:00	40.53943	141.55793	12	0.0	3	2.1	272
2024/05/10	16:05:00	40.53941	141.55800	-6	0.0	3	2.1	273
2024/05/10	16:06:00	40.53937	141.55809	14	0.0	3	2.1	278
2024/05/10	16:07:00	40.53939	141.55801	8	0.0	3	2.2	274
2024/05/10	16:08:00	40.53940	141.55800	10	0.0	4	2.1	271
2024/05/10	16:09:00	40.53940	141.55802	12	0.0	3	2.2	277
2024/05/10	16:10:00	40.53948	141.55788	28	0.0	3	2.2	272
2024/05/10	16:11:00	40.53937	141.55795	12	0.0	3	2.2	269
2024/05/10	16:12:00	40.53936	141.55800	22	0.0	3	2.2	272
2024/05/10	16:13:00	40.53922	141.55811	12	0.0	3	2.3	271
2024/05/10	16:14:00	40.53929	141.55810	36	0.0	3	2.3	275
2024/05/10	16:15:00	40.53959	141.55788	-42	0.0	3	2.3	267
2024/05/10	16:16:00	40.53926	141.55795	52	0.0	3	2.3	271
2024/05/10	16:17:01	40.53956	141.55795	20	0.0	3	2.4	236
2024/05/10	16:18:00	40.53940	141.55802	18	0.0	3	2.4	231
2024/05/10	16:19:00	40.53932	141.55803	-14	0.0	3	2.4	231
2024/05/10	16:20:00	40.53935	141.55805	6	0.0	3	2.4	273
2024/05/10	16:21:00	40.53943	141.55801	2	0.0	3	2.4	269
2024/05/10	16:22:02	40.53940	141.55798	10	0.0	3	3.0	267
2024/05/10	16:23:01	40.53929	141.55803	18	0.0	4	2.4	236
2024/05/10	16:24:01	40.53941	141.55797	4	0.0	3	3.0	267
2024/05/10	16:25:01	40.53933	141.55801	12	0.0	3	3.0	268
2024/05/10	16:26:01	40.53939	141.55802	6	0.0	3	3.1	252
2024/05/10	16:27:01	40.53945	141.55793	-0	0.0	3	3.1	246
2024/05/10	16:28:01	40.53940	141.55799	2	0.0	3	3.1	246
2024/05/10	16:29:02	40.53937	141.55802	16	0.0	3	3.2	243
2024/05/10	16:30:02	40.53936	141.55800	22	0.0	3	3.2	246
2024/05/10	16:31:02	40.53935	141.55799	20	0.0	3	3.3	246
2024/05/10	16:32:02	40.53941	141.55795	10	0.0	3	3.3	243
2024/05/10	16:33:02	40.53949	141.55790	4	0.0	3	3.3	246
2024/05/10	16:34:02	40.53931	141.55805	22	0.0	3	3.4	248
2024/05/10	16:35:02	40.53933	141.55802	22	0.0	3	3.4	248
2024/05/10	16:36:02	40.53933	141.55802	20	0.0	3	4.0	249
2024/05/10	16:37:02	40.53927	141.55810	32	0.0	3	4.0	244
2024/05/10	16:38:02	40.53937	141.55801	16	0.0	3	4.1	246
2024/05/10	16:39:02	40.53922	141.55809	26	0.0	3	4.1	244
2024/05/10	16:40:01	40.53937	141.55796	18	0.0	3	4.2	243
2024/05/10	16:41:01	40.53944	141.55795	6	0.0	3	4.3	244
2024/05/10	16:42:01	40.53925	141.55813	30	0.0	3	4.3	244
2024/05/10	16:43:02	40.53935	141.55802	22	0.0	3	4.4	244
2024/05/10	16:44:02	40.53933	141.55804	26	0.0	3	5.0	245
2024/05/10	16:45:02	40.53937	141.55800	14	0.0	3	5.0	247
2024/05/10	16:46:01	40.53928	141.55808	34	0.0	3	5.1	245
2024/05/10	16:47:01	40.53934	141.55800	30	0.0	3	5.2	242
2024/05/10	16:48:01	40.53924	141.55812	22	0.0	3	5.3	242
2024/05/10	16:49:01	40.53932	141.55803	16	0.0	3	5.4	239
2024/05/10	16:50:01	40.53925	141.55810	42	0.0	3	6.0	241
2024/05/10	16:51:02	40.53960	141.55780	-20	0.0	3	6.1	243
2024/05/10	16:52:02	40.53940	141.55797	6	0.0	3	6.3	245
2024/05/10	16:53:02	40.53920	141.55813	38	0.0	3	6.4	242
2024/05/10	16:54:02	40.53914	141.55821	44	0.0	3	7.0	243
2024/05/10	16:55:02	40.53940	141.55796	14	0.0	3	7.2	241
2024/05/10	16:56:01	40.53929	141.55807	26	0.0	3	7.3	248
2024/05/10	16:57:01	40.53929	141.55805	28	0.0	2	2.4	207
2024/05/10	16:58:02	40.53971	141.55769	-26	0.0	3	8.2	240
2024/05/10	16:59:01	40.53964	141.55777	-24	0.0	2	2.4	208
2024/05/10	17:00:02	40.53958	141.55782	-12	0.0	3	9.2	241
2024/05/10	17:01:02	40.53934	141.55803	20	0.0	3	10.0	237
2024/05/10	17:02:02	40.53960	141.55777	-10	0.0	3	10.2	239
2024/05/10	17:03:02	40.53921	141.55814	38	0.0	3	11.1	276
2024/05/10	17:04:02	40.53956	141.55782	-14	0.0	3	11.4	242
2024/05/10	17:05:02	40.53910	141.55824	60	0.0	3	12.4	272
2024/05/10	17:06:02	40.53954	141.55782	-6	0.0	3	13.3	240
2024/05/10	17:07:02	40.53860	141.55871	134	0.0	3	14.4	237
2024/05/10	17:08:01	40.53859	141.55870	132	0.0	2	2.4	209
2024/05/10	17:09:03	40.53919	141.55815	54	0.0	3	17.3	269
2024/05/10	17:10:32	40.53939	141.55797	16	0.0	7	1.0	299
2024/05/10	17:11:00	40.53942	141.55801	8	0.0	7	1.0	270
2024/05/10	17:12:00	40.53936	141.55779	18	0.0	6	1.1	270
2024/05/10	17:12:59	40.53960	141.55793	16	0.0	3	2.0	257
2024/05/10	17:14:00	40.53936	141.55799	22	0.0	6	1.0	266
2024/05/10	17:15:00	40.53943	141.55792	4	0.0	6	1.0	261
2024/05/10	17:15:59	40.53940	141.55788	26	0.0	4	1.4	176
2024/05/10	17:16:59	40.53933	141.55811	14	0.0	3	2.3	206
2024/05/10	17:18:00	40.53937	141.55796	22	0.0	6	1.0	260
2024/05/10	17:18:59	40.53941	141.55806	-0	0.0	5	1.1	236
2024/05/10	17:20:00	40.53939	141.55799	4	0.0	6	1.1	239
2024/05/10	17:20:59	40.53940	141.55792	26	0.0	3	1.4	210
2024/05/10	17:21:59	40.53929	141.55815	10	0.0	4	1.3	229
2024/05/10	17:22:59	40.53946	141.55802	30	0.0	4	1.3	203
2024/05/10	17:24:00	40.53935	141.55801	12	0.0	5	1.1	229
2024/05/10	17:24:59	40.53936	141.55800	20	0.0	3	1.4	191
2024/05/10	17:26:00	40.53937	141.55794	18	0.0	5	1.1	233
2024/05/10	17:27:00	40.53938	141.55799	14	0.0	5	1.1	233
2024/05/10	17:27:59	40.53934	141.55794	4	0.0	5	1.1	211
2024/05/10	17:28:59	40.53940	141.55796	10	0.0	5	1.1	208
2024/05/10	17:30:00	40.53934	141.55798	20	0.0	5	1.1	231
2024/05/10	17:30:59	40.53923	141.55795	20	0.0	3	1.3	176
2024/05/10	17:31:59	40.53930	141.55814	28	3.7	3	1.4	204
2024/05/10	17:32:59	40.53947	141.55797	-12	0.0	3	1.3	209
2024/05/10	17:33:59	40.53936	141.55800	10	3.7	4	1.3	205
2024/05/10	17:34:59	40.53940	141.55810	34	0.0	4	1.2	209
2024/05/10	17:36:00	40.53936	141.55792	24	3.7	5	1.1	214
2024/05/10	17:37:00	40.53938	141.55800	6	0.0	5	1.1	248
2024/05/10	17:38:00	40.53939	141.55801	24	0.0	5	1.1	212
2024/05/10	17:38:59	40.53945	141.55803	4	0.0	5	1.1	214
2024/05/10	17:39:59	40.53931	141.55778	-38	0.0	3	2.0	210
2024/05/10	17:40:59	40.53916	141.55816	42	0.0	3	2.1	207
2024/05/10	17:41:59	40.53945	141.55794	0	0.0	4	1.3	177
2024/05/10	17:42:59	40.53944	141.55781	-4	0.0	5	1.2	208
2024/05/10	17:44:00	40.53932	141.55805	14	0.0	5	1.1	206
2024/05/10	17:45:00	40.53937	141.55801	20	0.0	4	1.2	179
2024/05/10	17:46:00	40.53938	141.55794	16	0.0	5	1.1	210
2024/05/10	17:47:00	40.53938	141.55801	2	0.0	4	1.2	177
2024/05/10	17:48:00	40.53938	141.55796	24	0.0	5	1.1	207
2024/05/10	17:49:00	40.53925	141.55801	20	0.0	4	1.2	205
2024/05/10	17:50:00	40.53938	141.55797	16	0.0	4	1.2	201
2024/05/10	17:50:59	40.53927	141.55803	38	0.0	3	1.3	144
2024/05/10	17:52:00	40.53941	141.55797	8	0.0	5	1.1	207
2024/05/10	17:52:59	40.53934	141.55810	20	0.0	4	1.2	203
2024/05/10	17:53:59	40.53941	141.55805	0	0.0	4	1.2	204
2024/05/10	17:55:00	40.53936	141.55801	16	0.0	4	1.2	201
2024/05/10	17:55:59	40.53925	141.55813	40	0.0	4	1.2	197
2024/05/10	17:56:59	40.53941	141.55777	0	0.0	3	2.0	140
2024/05/10	17:57:59	40.53933	141.55799	24	0.0	4	1.2	173
2024/05/10	17:58:59	40.53941	141.55815	48	0.0	3	1.3	172
2024/05/10	17:59:59	40.53943	141.55805	12	0.0	3	1.3	174
2024/05/10	18:01:00	40.53937	141.55799	36	0.0	3	1.3	172
2024/05/10	18:02:00	40.53939	141.55794	0	0.0	3	1.3	168
2024/05/10	18:03:01	40.53940	141.55800	6	0.0	4	1.2	190
2024/05/10	18:03:59	40.53943	141.55796	-24	0.0	3	1.3	169
2024/05/10	18:05:00	40.53944	141.55798	4	0.0	3	1.3	192
2024/05/10	18:06:00	40.53940	141.55793	12	0.0	3	1.3	168
2024/05/10	18:06:59	40.53935	141.55782	4	0.0	3	2.4	146
2024/05/10	18:07:59	40.53938	141.55793	16	0.0	3	1.3	142
2024/05/10	18:09:00	40.53938	141.55793	-14	0.0	3	1.3	179
2024/05/10	18:10:00	40.53938	141.55796	-8	0.0	3	1.3	142
2024/05/10	18:11:00	40.53936	141.55791	-8	0.0	3	1.3	176
2024/05/10	18:12:00	40.53936	141.55802	24	0.0	3	1.3	143
2024/05/10	18:13:00	40.53937	141.55806	14	0.0	3	1.3	144
2024/05/10	18:13:59	40.53933	141.55819	40	3.7	3	1.3	142
2024/05/10	18:14:59	40.53932	141.55809	6	0.0	3	1.3	145
2024/05/10	18:16:00	40.53940	141.55792	8	0.0	3	1.3	167
2024/05/10	18:16:59	40.53945	141.55787	16	0.0	3	1.3	146
2024/05/10	18:17:59	40.53949	141.55791	54	0.0	3	1.3	144
2024/05/10	18:19:00	40.53936	141.55793	-0	0.0	3	1.3	143
2024/05/10	18:20:00	40.53938	141.55790	10	0.0	3	1.3	143
2024/05/10	18:21:00	40.53939	141.55796	8	0.0	3	1.3	141
2024/05/10	18:21:59	40.53943	141.55793	-6	3.7	3	1.3	144
2024/05/10	18:23:00	40.53940	141.55796	-8	0.0	3	1.3	168
2024/05/10	18:23:59	40.53934	141.55829	80	0.0	3	1.3	143
2024/05/10	18:25:00	40.53939	141.55795	4	0.0	3	1.4	144
2024/05/10	18:26:01	40.53939	141.55805	34	0.0	3	1.4	270
2024/05/10	18:27:00	40.53944	141.55791	-0	0.0	3	1.4	144
2024/05/10	18:27:59	40.53936	141.55787	8	0.0	3	1.4	140
2024/05/10	18:29:00	40.53935	141.55797	2	0.0	3	1.4	144
2024/05/10	18:29:59	40.53933	141.55785	-26	0.0	3	1.4	139
2024/05/10	18:31:00	40.53937	141.55802	24	0.0	3	1.4	180
2024/05/10	18:32:00	40.53934	141.55805	20	0.0	3	1.4	141
2024/05/10	18:32:59	40.53950	141.55780	-46	0.0	3	1.4	140
2024/05/10	18:34:00	40.53937	141.55800	6	0.0	3	1.4	143
2024/05/10	18:34:59	40.53943	141.55773	-2	3.7	3	1.4	139
2024/05/10	18:36:00	40.53937	141.55801	30	0.0	3	1.4	145
2024/05/10	18:37:00	40.53940	141.55778	-6	0.0	3	1.4	142
2024/05/10	18:38:00	40.53939	141.55788	-30	0.0	3	1.4	142
2024/05/10	18:38:59	40.53944	141.55811	48	0.0	3	1.4	143
2024/05/10	18:40:00	40.53934	141.55803	28	0.0	3	1.4	143
2024/05/10	18:40:59	40.53935	141.55790	10	0.0	3	1.4	140
2024/05/10	18:42:00	40.53937	141.55787	4	0.0	3	2.0	143
2024/05/10	18:42:59	40.53938	141.55780	2	0.0	3	2.0	141
2024/05/10	18:44:01	40.53940	141.55795	20	0.0	3	2.0	270
2024/05/10	18:45:00	40.53934	141.55790	4	11.1	4	1.4	203
2024/05/10	18:46:00	40.53947	141.55792	36	18.5	4	2.0	195
2024/05/10	18:47:00	40.53943	141.55803	30	0.0	3	2.4	162
2024/05/10	18:47:59	40.53925	141.55861	68	3.7	3	2.4	128
2024/05/10	18:49:00	40.53939	141.55792	24	0.0	3	2.0	133
2024/05/10	18:50:00	40.53939	141.55793	24	0.0	3	2.0	166
2024/05/10	18:51:00	40.53935	141.55793	20	0.0	3	2.1	129
2024/05/10	18:52:00	40.53940	141.55797	8	0.0	3	2.1	156
2024/05/10	18:53:01	40.53940	141.55802	-2	0.0	3	2.1	161
2024/05/10	18:54:00	40.53935	141.55801	6	0.0	3	2.1	132
2024/05/10	18:55:00	40.53938	141.55804	2	0.0	3	2.1	130
2024/05/10	18:56:00	40.53938	141.55803	16	0.0	3	2.1	130
2024/05/10	18:57:00	40.53940	141.55789	14	0.0	3	2.1	183
2024/05/10	18:58:00	40.53943	141.55800	-2	0.0	3	2.2	189
2024/05/10	18:59:00	40.53944	141.55790	-0	0.0	3	2.2	159
2024/05/10	19:00:02	40.53934	141.55805	26	0.0	3	3.0	300
2024/05/10	19:01:02	40.53948	141.55785	-4	0.0	3	3.1	217
2024/05/10	19:02:02	40.53941	141.55786	-4	0.0	2	2.4	224
2024/05/10	19:03:03	40.53936	141.55805	8	0.0	3	3.1	247
2024/05/10	19:04:02	40.53941	141.55792	0	0.0	3	3.2	220
2024/05/10	19:05:02	40.53933	141.55803	30	0.0	3	3.2	211
2024/05/10	19:06:02	40.53929	141.55810	24	0.0	3	3.2	184
2024/05/10	19:07:02	40.53946	141.55787	-2	0.0	3	3.3	186
2024/05/10	19:08:02	40.53947	141.55781	-8	0.0	3	3.3	260
2024/05/10	19:09:01	40.53942	141.55794	-6	0.0	3	3.4	277
2024/05/10	19:10:02	40.53930	141.55820	30	0.0	3	3.4	191
2024/05/10	19:11:02	40.53937	141.55797	10	0.0	3	4.0	275
2024/05/10	19:12:02	40.53941	141.55792	0	0.0	3	4.1	245
2024/05/10	19:13:03	40.53932	141.55814	18	0.0	3	4.1	294
2024/05/10	19:14:03	40.53934	141.55804	8	0.0	3	4.2	250
2024/05/10	19:15:05	40.53936	141.55794	22	0.0	3	4.3	180
2024/05/10	19:16:05	40.53948	141.55784	-10	0.0	3	4.4	270
2024/05/10	19:17:13	40.53936	141.55789	24	3.7	3	5.0	263
2024/05/10	19:18:33	40.53939	141.55797	8	0.0	6	1.0	282
2024/05/10	19:19:00	40.53942	141.55799	8	0.0	5	1.2	270
2024/05/10	19:20:00	40.53933	141.55794	22	0.0	5	1.3	300
2024/05/10	19:21:00	40.53945	141.55792	8	0.0	4	1.2	293
2024/05/10	19:22:00	40.53928	141.55780	44	3.7	4	1.3	291
2024/05/10	19:23:00	40.53934	141.55786	6	0.0	3	2.1	223
2024/05/10	19:24:00	40.53943	141.55797	-0	0.0	6	1.0	281
2024/05/10	19:25:00	40.53938	141.55793	14	0.0	6	1.0	280
2024/05/10	19:26:00	40.53932	141.55778	34	0.0	4	2.2	261
2024/05/10	19:27:00	40.53925	141.55788	40	7.4	4	2.1	259
2024/05/10	19:28:00	40.53944	141.55785	2	0.0	3	2.1	232
2024/05/10	19:29:00	40.53951	141.55787	-12	0.0	3	2.0	289
2024/05/10	19:30:00	40.53956	141.55811	-16	0.0	3	2.2	265
2024/05/10	19:31:01	40.53942	141.55812	10	0.0	3	1.3	222
2024/05/10	19:32:01	40.53958	141.55797	-26	0.0	5	1.2	296
2024/05/10	19:33:01	40.53934	141.55792	24	0.0	5	1.2	291
2024/05/10	19:34:01	40.53933	141.55798	14	0.0	3	2.2	230
2024/05/10	19:35:01	40.53951	141.55800	-18	3.7	5	1.2	294
2024/05/10	19:36:01	40.53941	141.55794	0	0.0	4	1.4	293
2024/05/10	19:37:01	40.53941	141.55803	10	0.0	5	1.2	265
2024/05/10	19:38:01	40.53934	141.55790	14	0.0	5	1.2	265
2024/05/10	19:39:01	40.53938	141.55796	12	0.0	5	1.2	299
2024/05/10	19:40:01	40.53940	141.55798	-2	0.0	4	1.3	261
2024/05/10	19:41:01	40.53948	141.55801	-6	0.0	3	1.2	220
2024/05/10	19:42:01	40.53937	141.55804	16	0.0	3	2.1	256
2024/05/10	19:43:01	40.53942	141.55792	2	0.0	5	1.2	294
2024/05/10	19:44:01	40.53936	141.55797	12	0.0	5	1.2	273
2024/05/10	19:45:01	40.53943	141.55792	2	0.0	5	1.2	300
2024/05/10	19:46:01	40.53946	141.55813	-2	0.0	4	2.2	261
2024/05/10	19:47:01	40.53923	141.55801	50	0.0	3	2.4	283
2024/05/10	19:48:01	40.53932	141.55798	-8	0.0	5	2.2	269
2024/05/10	19:49:01	40.54045	141.56107	24	29.6	7	0.4	298
2024/05/10	19:50:01	40.54403	141.56468	26	33.3	7	1.0	309
2024/05/10	19:51:01	40.54795	141.56946	18	37.0	7	0.4	307
2024/05/10	19:52:01	40.55170	141.57505	6	33.3	5	1.2	302
2024/05/10	19:53:02	40.55423	141.58050	18	33.3	6	1.0	302
2024/05/10	19:54:00	40.55490	141.58668	24	33.3	6	1.0	301
2024/05/10	19:55:00	40.55789	141.59223	20	33.3	6	1.1	294
2024/05/10	19:56:00	40.56126	141.59833	34	37.0	7	0.4	296
2024/05/10	19:57:01	40.56413	141.60456	32	37.0	6	1.0	297
2024/05/10	19:58:01	40.56772	141.61030	30	37.0	6	1.0	301
2024/05/10	19:59:01	40.57251	141.61476	36	37.0	6	1.0	299
2024/05/10	20:00:01	40.57722	141.61969	20	40.7	5	1.1	289
2024/05/10	20:01:01	40.58144	141.62551	30	40.7	5	1.1	302
2024/05/10	20:02:00	40.58598	141.63053	86	44.4	4	2.1	330
2024/05/10	20:03:01	40.59095	141.63527	34	37.0	5	1.1	293
2024/05/10	20:04:00	40.59610	141.63947	32	40.7	4	1.2	297
2024/05/10	20:05:00	40.60187	141.64303	78	33.3	3	2.3	308
2024/05/10	20:06:00	40.60701	141.64710	-4	40.7	4	1.3	301
2024/05/10	20:07:00	40.61243	141.65119	18	40.7	4	2.0	301
2024/05/10	20:08:00	40.61821	141.65521	34	40.7	4	1.1	301
2024/05/10	20:09:02	40.62392	141.66000	12	44.4	5	1.1	300
2024/05/10	20:10:00	40.62946	141.66451	44	48.2	3	1.2	295
2024/05/10	20:11:01	40.63589	141.66846	20	44.4	5	1.1	315
2024/05/10	20:12:00	40.64195	141.67253	14	40.7	4	1.2	338
2024/05/10	20:13:01	40.64742	141.67694	22	40.7	5	1.1	308
2024/05/10	20:14:00	40.65343	141.67957	26	37.0	3	2.2	335
2024/05/10	20:15:01	40.65992	141.68218	30	44.4	5	1.1	309
2024/05/10	20:16:00	40.66639	141.68480	-8	44.4	4	1.2	308
2024/05/10	20:17:00	40.67291	141.68743	-4	40.7	4	1.1	266
2024/05/10	20:18:01	40.67871	141.69046	20	44.4	5	1.1	311
2024/05/10	20:19:00	40.68471	141.69455	34	44.4	4	2.0	265
2024/05/10	20:20:00	40.69080	141.69826	8	44.4	5	1.1	312
2024/05/10	20:21:00	40.69727	141.70088	48	44.4	5	1.1	302
2024/05/10	20:22:00	40.70378	141.70412	36	48.2	5	1.1	300
2024/05/10	20:23:00	40.70868	141.70773	38	11.1	4	1.3	301
2024/05/10	20:24:01	40.71415	141.71085	4	48.2	4	1.4	273
2024/05/10	20:25:01	40.72154	141.71087	14	48.2	5	1.1	306
2024/05/10	20:26:02	40.72903	141.71110	30	44.4	5	1.1	306
2024/05/10	20:27:00	40.73558	141.71425	46	44.4	4	1.1	309
2024/05/10	20:28:00	40.74127	141.71765	28	37.0	3	1.2	304
2024/05/10	20:29:01	40.74627	141.72226	28	40.7	4	1.1	300
2024/05/10	20:30:01	40.75020	141.72559	2	0.0	4	1.1	297
2024/05/10	20:31:01	40.75017	141.72569	0	0.0	4	1.1	293
2024/05/10	20:32:02	40.75008	141.72644	4	0.0	4	1.1	284
2024/05/10	20:33:00	40.75017	141.72745	-32	7.4	4	1.1	306
2024/05/10	20:34:01	40.75022	141.72747	6	0.0	4	1.1	263
2024/05/10	20:35:01	40.75011	141.72736	18	18.5	4	1.1	301
2024/05/10	20:36:00	40.75124	141.73179	28	25.9	4	1.1	292
2024/05/10	20:37:01	40.75485	141.73411	6	14.8	4	1.1	298
2024/05/10	20:38:01	40.75444	141.73391	2	0.0	4	1.3	261
2024/05/10	20:39:01	40.75451	141.73391	6	0.0	4	1.3	223
2024/05/10	20:40:01	40.75459	141.73392	4	0.0	4	1.1	260
2024/05/10	20:41:00	40.75468	141.73376	6	0.0	4	1.1	259
2024/05/10	20:42:00	40.75476	141.73388	16	0.0	3	2.0	259
2024/05/10	20:43:01	40.75484	141.73383	6	0.0	4	1.1	265
2024/05/10	20:44:00	40.75487	141.73398	26	0.0	4	1.1	265
2024/05/10	20:45:01	40.75510	141.73389	12	0.0	4	1.1	262
2024/05/10	20:46:01	40.75514	141.73387	2	0.0	4	1.1	261
2024/05/10	20:47:01	40.75524	141.73387	-0	0.0	4	1.1	260
2024/05/10	20:48:03	40.75528	141.73379	16	0.0	4	1.1	259
2024/05/10	20:49:00	40.75541	141.73389	8	0.0	4	1.3	270
2024/05/10	20:50:01	40.75552	141.73382	6	0.0	4	1.1	260
2024/05/10	20:51:01	40.75563	141.73385	10	0.0	4	1.3	264
2024/05/10	20:52:01	40.75574	141.73373	0	0.0	4	1.1	266
2024/05/10	20:53:01	40.75610	141.73521	40	0.0	3	2.4	254
2024/05/10	20:54:01	40.75629	141.73550	20	7.4	4	1.1	264
2024/05/10	20:55:01	40.75647	141.73560	-18	0.0	3	2.4	257
2024/05/10	20:56:01	40.75644	141.73544	6	0.0	4	1.2	263
2024/05/10	20:57:00	40.75671	141.73561	-10	0.0	3	2.4	228
2024/05/10	20:58:01	40.75661	141.73531	8	0.0	3	2.4	236
2024/05/10	20:59:01	40.75670	141.73549	18	0.0	4	1.1	252
2024/05/10	21:00:03	40.75684	141.73540	10	0.0	4	1.4	256
2024/05/10	21:01:01	40.75693	141.73542	10	0.0	4	1.4	257
2024/05/10	21:02:00	40.75698	141.73520	8	0.0	3	2.4	231
2024/05/10	21:03:01	40.75700	141.73516	2	0.0	4	1.4	262
2024/05/10	21:04:01	40.75705	141.73500	10	0.0	4	1.4	261
2024/05/10	21:05:03	40.75712	141.73496	2	0.0	4	1.4	256
2024/05/10	21:06:03	40.75726	141.73499	10	0.0	4	1.4	261
2024/05/10	21:07:01	40.75725	141.73492	0	3.7	3	2.4	259
2024/05/10	21:08:01	40.75743	141.73466	0	0.0	4	1.4	263
2024/05/10	21:09:01	40.75751	141.73461	10	0.0	4	1.4	260
2024/05/10	21:10:03	40.75766	141.73466	20	0.0	3	3.2	266
2024/05/10	21:11:02	40.75775	141.73455	18	0.0	4	1.4	257
2024/05/10	21:12:01	40.75787	141.73457	-6	0.0	4	1.4	257
2024/05/10	21:13:03	40.75797	141.73454	8	0.0	4	1.4	248
2024/05/10	21:14:03	40.75817	141.73456	-14	0.0	3	3.1	254
2024/05/10	21:15:01	40.75827	141.73444	0	0.0	4	1.4	252
2024/05/10	21:16:01	40.75835	141.73429	-6	0.0	4	1.4	221
2024/05/10	21:17:01	40.75859	141.73452	8	0.0	4	1.4	260
2024/05/10	21:18:01	40.75862	141.73443	20	0.0	4	2.0	257
2024/05/10	21:19:01	40.75890	141.73427	-18	0.0	3	2.4	259
2024/05/10	21:20:02	40.75898	141.73441	4	0.0	4	2.0	254
2024/05/10	21:21:00	40.75926	141.73452	26	0.0	4	2.0	249
2024/05/10	21:22:01	40.75935	141.73441	12	0.0	4	2.0	261
2024/05/10	21:23:00	40.75954	141.73461	6	0.0	4	2.0	259
2024/05/10	21:24:01	40.75965	141.73439	6	0.0	4	2.0	249
2024/05/10	21:25:01	40.75989	141.73438	4	0.0	4	2.0	256
2024/05/10	21:26:00	40.75948	141.73371	-2	0.0	4	2.0	252
2024/05/10	21:27:01	40.75967	141.73368	0	0.0	3	2.3	241
2024/05/10	21:28:02	40.75981	141.73352	-14	0.0	3	3.0	245
2024/05/10	21:29:02	40.75993	141.73362	8	0.0	4	2.0	254
2024/05/10	21:30:03	40.75994	141.73350	12	0.0	4	2.0	255
2024/05/10	21:31:03	40.76016	141.73346	2	0.0	4	2.0	254
2024/05/10	21:32:01	40.76018	141.73355	-2	0.0	3	2.3	252
2024/05/10	21:33:03	40.76034	141.73342	16	0.0	3	3.0	252
2024/05/10	21:34:03	40.76050	141.73351	4	0.0	4	2.1	284
2024/05/10	21:35:02	40.76063	141.73349	12	0.0	3	3.0	252
2024/05/10	21:36:01	40.76081	141.73331	0	0.0	3	2.3	213
2024/05/10	21:37:03	40.76084	141.73333	26	0.0	3	3.0	245
2024/05/10	21:38:04	40.76090	141.73314	36	0.0	3	3.0	240
2024/05/10	21:39:02	40.76108	141.73303	2	0.0	3	3.0	252
2024/05/10	21:40:02	40.76119	141.73303	34	0.0	3	3.0	246
2024/05/10	21:41:02	40.76136	141.73295	30	0.0	3	3.0	285
2024/05/10	21:42:03	40.76156	141.73276	14	0.0	3	3.0	245
2024/05/10	21:43:03	40.76595	141.73538	14	44.4	3	3.0	270
2024/05/10	21:44:03	40.77324	141.73743	46	48.2	3	3.0	267
2024/05/10	21:45:03	40.77988	141.74151	24	48.2	3	3.0	299
2024/05/10	21:46:03	40.78715	141.74570	12	48.2	3	3.0	264
2024/05/10	21:47:03	40.79432	141.75032	18	51.9	3	3.0	231
2024/05/10	21:48:03	40.79902	141.75401	26	14.8	3	3.0	302
2024/05/10	21:49:02	40.80388	141.75976	10	48.2	3	3.0	258
2024/05/10	21:50:03	40.81021	141.76437	22	48.2	3	3.0	262
2024/05/10	21:51:02	40.81566	141.76473	12	44.4	3	3.0	235
2024/05/10	21:52:02	40.81704	141.76520	6	40.7	3	3.0	234
2024/05/10	21:53:03	40.82193	141.76877	14	25.9	3	3.0	270
2024/05/10	21:54:02	40.82364	141.77116	36	0.0	3	3.0	256
2024/05/10	21:55:03	40.82402	141.77161	-8	0.0	3	3.0	223
2024/05/10	21:56:03	40.82428	141.77124	-30	0.0	3	3.0	224
2024/05/10	21:57:02	40.82434	141.76990	26	18.5	3	3.1	265
2024/05/10	21:58:02	40.82732	141.77206	16	33.3	3	3.1	229
2024/05/10	21:59:02	40.82917	141.77723	34	25.9	3	3.1	265
2024/05/10	22:00:32	40.83262	141.78549	14	37.0	5	2.2	314
2024/05/10	22:01:00	40.83512	141.78742	22	40.7	5	2.2	251
2024/05/10	22:02:00	40.84114	141.79092	8	40.7	5	2.2	251
2024/05/10	22:03:01	40.84531	141.79587	30	37.0	5	2.2	262
2024/05/10	22:04:00	40.85053	141.79571	-4	37.0	4	2.4	258
2024/05/10	22:05:00	40.85315	141.78795	10	33.3	4	2.4	255
2024/05/10	22:06:01	40.85525	141.77955	18	48.2	5	2.3	232
2024/05/10	22:07:01	40.85744	141.77129	16	44.4	5	2.3	260
2024/05/10	22:08:00	40.85951	141.76424	26	25.9	5	2.3	258
2024/05/10	22:09:00	40.85921	141.75802	24	44.4	5	2.3	260
2024/05/10	22:10:00	40.86367	141.75110	22	51.9	5	2.3	266
2024/05/10	22:11:01	40.87039	141.75003	16	44.4	5	2.3	265
2024/05/10	22:12:01	40.87379	141.74442	8	0.0	5	2.3	253
2024/05/10	22:13:01	40.87385	141.74458	-0	0.0	5	2.3	264
2024/05/10	22:14:01	40.87434	141.74449	4	0.0	5	2.3	225
2024/05/10	22:15:01	40.87449	141.74458	-0	0.0	5	2.3	261
2024/05/10	22:16:00	40.87468	141.74480	18	0.0	5	2.3	256
2024/05/10	22:17:03	40.87484	141.74501	6	0.0	4	3.2	258
2024/05/10	22:18:01	40.87489	141.74532	-2	0.0	5	2.3	217
2024/05/10	22:19:01	40.87501	141.74542	-0	3.7	5	2.3	233
2024/05/10	22:20:01	40.87528	141.74559	-2	0.0	5	2.2	278
2024/05/10	22:21:01	40.87567	141.74574	-2	0.0	5	2.2	284
2024/05/10	22:22:02	40.87591	141.74581	-10	0.0	4	2.3	240
2024/05/10	22:23:01	40.87637	141.74580	2	0.0	4	2.2	279
2024/05/10	22:24:01	40.87669	141.74593	8	0.0	4	2.2	219
2024/05/10	22:25:01	40.87672	141.74623	8	0.0	5	2.2	218
2024/05/10	22:26:00	40.87723	141.74637	-22	3.7	4	2.2	221
2024/05/10	22:27:02	40.87734	141.74660	2	0.0	4	2.2	271
2024/05/10	22:28:00	40.87774	141.74661	-8	0.0	5	2.1	215
2024/05/10	22:29:02	40.87794	141.74697	4	0.0	4	2.1	211
2024/05/10	22:30:02	40.87811	141.74701	-4	0.0	4	2.1	210
2024/05/10	22:31:02	40.87843	141.74720	-0	0.0	4	2.1	250
2024/05/10	22:32:01	40.87866	141.74726	8	0.0	4	2.1	214
2024/05/10	22:33:01	40.87896	141.74732	26	0.0	4	2.1	214
2024/05/10	22:34:00	40.88281	141.74523	4	44.4	4	2.1	194
2024/05/10	22:35:02	40.88964	141.74250	10	51.9	5	2.0	265
2024/05/10	22:36:01	40.89714	141.74293	14	48.2	5	2.0	222
2024/05/10	22:37:00	40.90497	141.74469	28	48.2	4	2.0	223
2024/05/10	22:38:01	40.91246	141.74775	16	51.9	5	2.0	251
2024/05/10	22:39:00	40.91910	141.75263	38	37.0	4	2.0	220
2024/05/10	22:40:00	40.92306	141.75882	20	37.0	5	2.0	251
2024/05/10	22:41:01	40.92713	141.76402	26	51.9	5	1.4	230
2024/05/10	22:42:02	40.93256	141.75640	20	48.2	5	1.4	284
2024/05/10	22:43:01	40.93823	141.74909	14	51.9	5	1.4	257
2024/05/10	22:44:01	40.94365	141.74113	32	51.9	5	1.4	260
2024/05/10	22:45:01	40.94719	141.73255	24	44.4	5	1.4	287
2024/05/10	22:46:00	40.94949	141.72353	16	40.7	5	1.4	292
2024/05/10	22:47:00	40.95196	141.71475	14	48.2	4	2.0	224
2024/05/10	22:48:01	40.95641	141.70617	24	55.6	5	1.3	262
2024/05/10	22:49:01	40.96221	141.69754	18	55.6	5	1.3	281
2024/05/10	22:50:01	40.96633	141.68851	22	55.6	5	1.3	290
2024/05/10	22:51:01	40.96970	141.67989	16	44.4	5	1.3	280
2024/05/10	22:52:01	40.97375	141.67088	32	48.2	5	1.3	281
2024/05/10	22:53:00	40.97390	141.66465	22	37.0	4	1.4	281
2024/05/10	22:54:01	40.97256	141.65834	18	29.6	5	1.3	289
2024/05/10	22:55:00	40.96960	141.65335	-4	33.3	5	1.3	289
2024/05/10	22:56:00	40.96716	141.64785	22	25.9	4	1.4	284
2024/05/10	22:57:01	40.96530	141.64230	20	37.0	5	1.3	262
2024/05/10	22:58:01	40.96695	141.63382	24	40.7	4	1.4	318
2024/05/10	22:59:00	40.96841	141.62557	22	40.7	5	1.2	316
2024/05/10	23:00:01	40.96870	141.61718	22	37.0	5	1.2	227
2024/05/10	23:01:01	40.96740	141.61035	26	33.3	5	1.2	300
2024/05/10	23:02:01	40.96607	141.60498	-4	18.5	4	1.4	323
2024/05/10	23:03:00	40.96401	141.59998	12	37.0	5	1.2	298
2024/05/10	23:04:00	40.96299	141.59287	16	33.3	5	1.2	331
2024/05/10	23:05:00	40.96070	141.58660	2	29.6	4	1.4	323
2024/05/10	23:06:00	40.95895	141.58046	10	44.4	5	1.2	290
2024/05/10	23:07:01	40.95616	141.57861	14	18.5	5	1.2	330
2024/05/10	23:08:01	40.95298	141.57743	24	22.2	5	1.2	327
2024/05/10	23:09:01	40.95011	141.57324	18	29.6	5	1.2	366
2024/05/10	23:10:01	40.94736	141.57054	10	3.7	4	1.4	260
2024/05/10	23:11:01	40.94630	141.57033	8	22.2	4	1.4	269
2024/05/10	23:12:01	40.94356	141.56638	18	25.9	5	1.1	306
2024/05/10	23:13:02	40.94045	141.56188	26	29.6	5	1.1	336
2024/05/10	23:14:02	40.93645	141.55806	24	29.6	5	1.1	301
2024/05/10	23:15:01	40.93268	141.55468	28	29.6	4	1.4	308
2024/05/10	23:16:01	40.92865	141.55077	30	33.3	5	1.1	305
2024/05/10	23:17:01	40.92512	141.54528	24	37.0	4	1.4	269
2024/05/10	23:18:01	40.92127	141.54209	24	37.0	5	1.1	311
2024/05/10	23:19:00	40.91629	141.53868	34	40.7	4	1.4	306
2024/05/10	23:20:02	40.91188	141.53283	50	37.0	5	1.1	299
2024/05/10	23:21:01	40.91154	141.52709	48	33.3	5	1.1	306
2024/05/10	23:22:01	40.90837	141.52242	26	33.3	5	1.1	313
2024/05/10	23:23:00	40.90688	141.52020	62	25.9	3	2.1	248
2024/05/10	23:24:01	40.90350	141.51738	36	25.9	4	1.4	314
2024/05/10	23:25:01	40.90050	141.51347	22	25.9	3	2.1	276
2024/05/10	23:26:01	40.89762	141.51624	14	22.2	4	1.4	302
2024/05/10	23:27:01	40.89401	141.51686	12	22.2	4	1.4	311
2024/05/10	23:28:01	40.89201	141.52128	2	25.9	4	1.4	248
2024/05/10	23:29:02	40.88859	141.51884	18	25.9	4	1.4	297
2024/05/10	23:30:00	40.88569	141.51956	24	14.8	3	2.1	255
2024/05/10	23:31:02	40.88443	141.52514	22	25.9	4	1.4	277
2024/05/10	23:32:01	40.88226	141.52875	10	25.9	4	2.0	310
2024/05/10	23:33:02	40.87998	141.53250	16	22.2	4	2.0	223
2024/05/10	23:34:01	40.87772	141.53544	10	18.5	4	2.0	316
2024/05/10	23:35:01	40.87569	141.53944	32	25.9	4	2.0	306
2024/05/10	23:36:01	40.87238	141.54022	14	22.2	4	2.0	279
2024/05/10	23:37:02	40.86909	141.54191	18	22.2	4	2.0	256
2024/05/10	23:38:01	40.86614	141.54438	14	22.2	4	2.0	279
2024/05/10	23:39:01	40.86402	141.54690	32	25.9	4	2.0	230
2024/05/10	23:40:03	40.86102	141.54552	12	25.9	3	4.3	296
2024/05/10	23:41:03	40.85837	141.54667	32	18.5	3	4.3	296
2024/05/10	23:42:03	40.85599	141.54929	16	22.2	3	4.3	259
2024/05/10	23:43:03	40.85345	141.55115	18	18.5	3	4.2	304
2024/05/10	23:44:03	40.85017	141.54939	18	22.2	3	4.2	323
2024/05/10	23:45:03	40.84677	141.54745	6	22.2	3	4.2	318
2024/05/10	23:46:03	40.84307	141.54533	24	29.6	3	4.1	302
2024/05/10	23:47:03	40.83966	141.54302	16	25.9	3	4.1	297
2024/05/10	23:48:03	40.83582	141.54060	24	25.9	3	4.1	298
2024/05/10	23:49:03	40.83169	141.53780	18	29.6	3	4.0	288
2024/05/10	23:50:03	40.82946	141.53194	26	37.0	3	4.0	299
2024/05/10	23:51:02	40.82831	141.52475	4	37.0	3	4.0	321
2024/05/10	23:52:03	40.82644	141.51746	26	37.0	3	4.0	303
2024/05/10	23:53:03	40.82508	141.51065	22	29.6	3	3.4	304
2024/05/10	23:54:03	40.82135	141.50762	18	22.2	3	3.4	317
2024/05/10	23:55:03	40.81796	141.50404	32	29.6	3	3.4	299
2024/05/10	23:56:03	40.81495	141.49937	28	29.6	3	3.4	302
2024/05/10	23:57:03	40.81094	141.49656	30	29.6	3	3.4	268
2024/05/10	23:58:03	40.80807	141.49123	32	33.3	3	3.3	276
2024/05/10	23:59:03	40.80567	141.48488	42	33.3	3	3.3	273
2024/05/11	00:00:03	40.80297	141.47902	34	29.6	3	3.3	301
2024/05/11	00:01:03	40.79955	141.47488	30	25.9	3	3.3	270
2024/05/11	00:02:03	40.79596	141.47113	40	25.9	3	3.3	268
2024/05/11	00:03:03	40.79287	141.46608	26	33.3	3	3.3	301
2024/05/11	00:04:03	40.78954	141.46177	40	29.6	3	3.3	266
2024/05/11	00:05:03	40.78675	141.45664	50	25.9	3	3.3	265
2024/05/11	00:06:03	40.78379	141.45442	22	29.6	3	3.3	269
2024/05/11	00:07:03	40.78064	141.45046	34	25.9	3	3.2	265
2024/05/11	00:08:03	40.77786	141.44607	50	25.9	3	3.2	261
2024/05/11	00:09:03	40.77445	141.44225	34	29.6	3	3.2	265
2024/05/11	00:10:03	40.77057	141.44026	22	25.9	3	3.2	254
2024/05/11	00:11:03	40.76605	141.43855	30	25.9	3	3.2	318
2024/05/11	00:12:03	40.76162	141.43737	18	29.6	3	3.2	286
2024/05/11	00:13:03	40.75673	141.43661	34	29.6	3	3.2	273
2024/05/11	00:14:03	40.75191	141.43560	26	33.3	3	3.2	236
2024/05/11	00:15:03	40.74714	141.43446	20	29.6	3	3.2	272
2024/05/11	00:16:02	40.74286	141.43420	-0	29.6	3	3.2	273
2024/05/11	00:17:02	40.73841	141.43341	2	33.3	3	3.2	238
2024/05/11	00:18:03	40.73334	141.43278	26	33.3	3	3.2	270
2024/05/11	00:19:03	40.72830	141.43224	30	29.6	3	3.2	309
2024/05/11	00:20:03	40.72369	141.43053	32	33.3	3	3.2	269
2024/05/11	00:21:02	40.71956	141.42952	46	29.6	3	3.2	275
2024/05/11	00:22:03	40.71478	141.42952	58	29.6	3	3.2	306
2024/05/11	00:23:03	40.71092	141.42764	62	29.6	3	3.2	270
2024/05/11	00:24:02	40.70638	141.42884	38	33.3	3	3.2	238
2024/05/11	00:25:03	40.70136	141.43014	32	33.3	3	3.2	276
2024/05/11	00:26:03	40.69696	141.43166	48	25.9	3	3.2	233
2024/05/11	00:27:03	40.69313	141.43441	28	29.6	3	3.2	268
2024/05/11	00:28:02	40.68919	141.43782	50	29.6	3	3.2	234
2024/05/11	00:29:03	40.68437	141.43926	64	33.3	3	3.2	298
2024/05/11	00:30:33	40.68458	141.44617	12	18.5	7	1.0	332
2024/05/11	00:31:00	40.68308	141.44699	-10	29.6	6	1.2	273
2024/05/11	00:32:01	40.67966	141.45035	18	22.2	7	1.0	299
2024/05/11	00:33:00	40.67620	141.45203	16	25.9	6	1.1	273
2024/05/11	00:34:00	40.67217	141.45371	46	29.6	6	1.3	295
2024/05/11	00:35:00	40.66784	141.45391	10	29.6	6	1.0	301
2024/05/11	00:36:00	40.66309	141.45409	14	29.6	5	1.3	241
2024/05/11	00:37:01	40.65811	141.45394	18	33.3	7	1.0	290
2024/05/11	00:38:01	40.65704	141.45394	8	44.4	7	1.0	320
2024/05/11	00:39:00	40.65212	141.44986	24	33.3	7	1.0	267
2024/05/11	00:40:00	40.64717	141.44863	10	37.0	6	1.0	287
2024/05/11	00:41:00	40.64211	141.44988	-24	37.0	5	1.2	195
2024/05/11	00:42:00	40.63779	141.45316	44	33.3	4	2.3	171
2024/05/11	00:43:01	40.63514	141.45849	18	37.0	6	1.0	296
2024/05/11	00:44:00	40.63262	141.45829	22	29.6	5	2.3	248
2024/05/11	00:45:02	40.62813	141.45813	16	25.9	7	1.0	245
2024/05/11	00:46:00	40.62369	141.45870	4	29.6	6	1.2	249
2024/05/11	00:47:00	40.61921	141.45921	22	33.3	5	1.1	218
2024/05/11	00:48:01	40.61464	141.46133	30	33.3	7	1.0	244
2024/05/11	00:49:01	40.61030	141.46270	2	29.6	7	1.0	288
2024/05/11	00:50:00	40.60626	141.46353	36	22.2	6	1.1	246
2024/05/11	00:51:00	40.60507	141.46279	-34	7.4	5	2.4	244
2024/05/11	00:52:00	40.60491	141.46317	30	0.0	7	1.0	256
2024/05/11	00:53:00	40.60496	141.46314	6	0.0	4	1.1	183
2024/05/11	00:54:01	40.60495	141.46312	10	3.7	7	1.0	288
2024/05/11	00:55:00	40.60487	141.46296	6	0.0	5	1.1	242
2024/05/11	00:56:00	40.60466	141.46307	-0	0.0	4	1.4	181
2024/05/11	00:57:01	40.60472	141.46302	18	0.0	5	1.1	219
2024/05/11	00:58:00	40.60526	141.46310	10	37.0	4	2.3	156
2024/05/11	00:59:01	40.60477	141.46304	8	0.0	6	1.4	239
2024/05/11	01:00:03	40.60473	141.46289	-8	0.0	3	3.3	247
2024/05/11	01:01:00	40.60479	141.46307	-4	0.0	5	1.1	253
2024/05/11	01:02:00	40.60449	141.46316	-14	0.0	6	2.0	246
2024/05/11	01:03:00	40.60466	141.46288	-4	0.0	4	2.3	251
2024/05/11	01:04:01	40.60461	141.46312	-4	0.0	6	2.0	243
2024/05/11	01:05:00	40.60484	141.46285	-0	0.0	3	2.1	209
2024/05/11	01:06:01	40.60474	141.46304	4	0.0	5	2.0	242
2024/05/11	01:07:01	40.60464	141.46300	-8	0.0	7	1.0	248
2024/05/11	01:08:01	40.60461	141.46304	4	0.0	6	1.0	248
2024/05/11	01:09:01	40.60307	141.46533	2	48.2	6	1.1	246
2024/05/11	01:10:01	40.59877	141.46756	26	22.2	6	1.1	247
2024/05/11	01:11:00	40.59480	141.47006	42	44.4	3	2.2	208
2024/05/11	01:12:00	40.59075	141.47427	26	40.7	4	2.2	250
2024/05/11	01:13:00	40.58695	141.47955	2	29.6	5	2.4	246
2024/05/11	01:14:01	40.58383	141.48150	4	40.7	5	2.4	255
2024/05/11	01:15:01	40.58198	141.48190	32	48.2	6	1.1	252
2024/05/11	01:16:01	40.57699	141.48425	58	37.0	6	1.1	301
2024/05/11	01:17:00	40.57313	141.48732	22	37.0	4	2.3	315
2024/05/11	01:18:00	40.56806	141.49091	34	29.6	5	1.1	291
2024/05/11	01:19:01	40.56382	141.49589	18	33.3	6	1.1	319
2024/05/11	01:20:01	40.56054	141.50125	14	33.3	6	1.1	358
2024/05/11	01:21:01	40.55757	141.50686	20	33.3	6	1.1	313
2024/05/11	01:22:00	40.55469	141.51189	-0	33.3	5	2.2	354
2024/05/11	01:23:00	40.55148	141.51722	38	33.3	5	2.3	305
2024/05/11	01:24:00	40.54798	141.52184	30	33.3	6	1.1	330
2024/05/11	01:25:00	40.54655	141.52845	14	37.0	5	1.1	302
2024/05/11	01:26:00	40.54230	141.53372	50	29.6	5	2.3	347
2024/05/11	01:27:01	40.53880	141.53977	32	40.7	6	1.1	311
2024/05/11	01:28:01	40.53917	141.54896	54	44.4	6	1.1	343
2024/05/11	01:29:01	40.53921	141.55742	30	37.0	5	2.2	313
2024/05/11	01:30:00	40.53962	141.55794	16	0.0	4	1.4	222
2024/05/11	01:31:05	40.53933	141.55812	-20	0.0	3	5.3	216
2024/05/11	01:32:02	40.53966	141.55783	64	0.0	3	5.3	200
2024/05/11	01:33:05	40.53924	141.55815	18	0.0	3	5.2	205
2024/05/11	01:34:04	40.53976	141.55793	70	0.0	3	5.1	251
2024/05/11	01:35:03	40.53913	141.55809	-18	0.0	3	5.0	223
2024/05/11	01:36:09	40.53945	141.55798	8	0.0	5	1.2	277
2024/05/11	01:37:04	40.53914	141.55807	-22	0.0	3	4.4	299
2024/05/11	01:38:03	40.53927	141.55803	-2	0.0	4	3.0	289
2024/05/11	01:39:03	40.53946	141.55795	18	0.0	4	3.0	250
2024/05/11	01:40:03	40.53941	141.55797	8	0.0	3	4.2	274
2024/05/11	01:41:03	40.53885	141.55823	-46	0.0	3	4.2	238
2024/05/11	01:42:03	40.53904	141.55797	-26	3.7	3	9.2	239
2024/05/11	01:43:02	40.53944	141.55796	10	0.0	4	3.0	263
2024/05/11	01:44:02	40.53919	141.55802	4	0.0	4	3.0	295
2024/05/11	01:45:02	40.53956	141.55799	14	0.0	4	3.0	258
2024/05/11	01:46:03	40.53976	141.55786	0	0.0	4	5.2	279
2024/05/11	01:47:04	40.53901	141.55805	-8	0.0	3	3.4	242
2024/05/11	01:48:04	40.53933	141.55797	14	0.0	3	3.4	277
2024/05/11	01:49:03	40.53928	141.55801	18	0.0	4	3.0	301
2024/05/11	01:50:01	40.53932	141.55813	20	0.0	4	2.4	242
2024/05/11	01:51:00	40.53963	141.55793	20	0.0	4	2.4	260
2024/05/11	01:52:00	40.53929	141.55799	10	0.0	4	2.4	190
2024/05/11	01:53:02	40.53936	141.55796	26	0.0	4	2.4	303
2024/05/11	01:54:02	40.53926	141.55804	2	0.0	4	2.4	256
2024/05/11	01:55:02	40.53930	141.55806	8	0.0	4	2.4	304
2024/05/11	01:56:03	40.53981	141.55797	10	0.0	3	3.1	284
2024/05/11	01:57:02	40.53923	141.55806	-4	0.0	4	2.4	289
2024/05/11	01:58:02	40.53938	141.55800	18	0.0	4	2.4	285
2024/05/11	01:59:01	40.53937	141.55798	24	0.0	4	2.3	253
2024/05/11	02:00:03	40.53929	141.55801	20	0.0	4	7.3	287
2024/05/11	02:01:03	40.53956	141.55796	14	0.0	4	7.3	288
2024/05/11	02:02:02	40.53936	141.55801	18	0.0	4	7.3	252
2024/05/11	02:03:03	40.53931	141.55803	16	0.0	4	7.4	253
2024/05/11	02:04:03	40.53935	141.55800	14	0.0	4	7.4	253
2024/05/11	02:05:02	40.53883	141.55805	34	0.0	4	7.4	288
2024/05/11	02:06:03	40.53987	141.55794	4	0.0	4	7.4	285
2024/05/11	02:07:03	40.53956	141.55803	4	0.0	4	7.4	286
2024/05/11	02:08:02	40.53904	141.55799	38	0.0	4	7.4	286
2024/05/11	02:09:03	40.53943	141.55799	8	0.0	4	7.3	288
2024/05/11	02:10:03	40.53945	141.55798	14	0.0	4	7.3	289
2024/05/11	02:11:03	40.53947	141.55800	14	0.0	4	7.3	251
2024/05/11	02:12:02	40.53944	141.55798	18	0.0	4	7.2	251
2024/05/11	02:13:02	40.53940	141.55793	24	0.0	4	7.1	253
2024/05/11	02:14:03	40.53961	141.55797	0	0.0	4	7.1	299
2024/05/11	02:15:03	40.53939	141.55796	16	0.0	4	7.0	336
2024/05/11	02:16:03	40.53926	141.55802	18	0.0	3	7.0	231
2024/05/11	02:17:03	40.53944	141.55801	10	0.0	3	7.0	245
2024/05/11	02:18:03	40.53968	141.55796	-0	0.0	3	6.4	278
2024/05/11	02:19:03	40.53950	141.55799	4	0.0	3	6.4	242
2024/05/11	02:20:03	40.53946	141.55802	-0	0.0	3	6.4	238
2024/05/11	02:21:02	40.53894	141.55814	32	0.0	3	6.3	262
2024/05/11	02:22:03	40.53964	141.55796	0	0.0	3	6.3	285
2024/05/11	02:23:02	40.53920	141.55799	36	0.0	3	6.2	286
2024/05/11	02:24:03	40.53948	141.55794	4	0.0	4	5.4	254
2024/05/11	02:25:02	40.53920	141.55800	24	0.0	3	6.1	252
2024/05/11	02:26:03	40.53917	141.55804	30	0.0	4	5.2	290
2024/05/11	02:27:03	40.53939	141.55800	18	0.0	4	5.2	283
2024/05/11	02:28:02	40.53925	141.55805	12	0.0	3	6.0	282
2024/05/11	02:29:03	40.53971	141.55807	-22	0.0	3	6.0	251
2024/05/11	02:30:02	40.53910	141.55797	46	0.0	3	5.4	249
2024/05/11	02:31:02	40.53974	141.55794	-12	0.0	3	5.4	244
2024/05/11	02:32:03	40.53927	141.55799	32	0.0	3	5.4	245
2024/05/11	02:33:03	40.53954	141.55800	6	0.0	3	5.3	277
2024/05/11	02:34:03	40.53947	141.55798	14	0.0	4	4.3	280
2024/05/11	02:35:03	40.53937	141.55799	20	0.0	3	5.3	242
2024/05/11	02:36:02	40.53962	141.55805	-14	0.0	3	5.2	241
2024/05/11	02:37:03	40.53945	141.55804	6	0.0	3	5.2	282
2024/05/11	02:38:02	40.53944	141.55807	12	0.0	3	5.2	246
2024/05/11	02:39:02	40.53920	141.55800	38	0.0	3	5.1	277
2024/05/11	02:40:02	40.53948	141.55797	6	0.0	3	5.1	262
2024/05/11	02:41:02	40.53946	141.55802	10	0.0	3	5.1	228
2024/05/11	02:42:02	40.53941	141.55800	12	0.0	3	5.1	247
2024/05/11	02:43:02	40.53957	141.55801	-12	0.0	3	5.0	232
2024/05/11	02:44:03	40.53935	141.55802	20	0.0	3	5.0	246
2024/05/11	02:45:02	40.53973	141.55803	-22	0.0	3	5.0	198
2024/05/11	02:46:02	40.53959	141.55801	0	0.0	3	4.4	251
2024/05/11	02:47:02	40.53912	141.55799	60	0.0	3	4.4	226
2024/05/11	02:48:03	40.53928	141.55800	36	0.0	3	4.4	284
2024/05/11	02:49:03	40.53941	141.55802	12	0.0	3	4.4	292
2024/05/11	02:50:03	40.53957	141.55798	-20	0.0	3	4.4	291
2024/05/11	02:51:03	40.53940	141.55809	16	0.0	3	4.3	292
2024/05/11	02:52:04	40.53936	141.55810	12	0.0	3	4.3	285
2024/05/11	02:53:03	40.53951	141.55802	-0	0.0	3	4.3	257
2024/05/11	02:54:04	40.53929	141.55804	30	0.0	3	4.3	289
2024/05/11	02:55:02	40.53922	141.55800	40	0.0	3	4.2	256
2024/05/11	02:56:03	40.53949	141.55828	44	0.0	2	5.3	258
2024/05/11	02:57:03	40.53930	141.55814	54	0.0	2	5.3	254
2024/05/11	02:58:03	40.53965	141.55794	-12	0.0	3	4.2	282
2024/05/11	02:59:03	40.53967	141.55806	-28	0.0	3	4.2	286
2024/05/11	03:00:02	40.53935	141.55794	40	0.0	3	4.2	257
2024/05/11	03:01:03	40.53953	141.55800	0	0.0	3	4.1	292
2024/05/11	03:02:03	40.53950	141.55801	-0	0.0	3	4.1	259
2024/05/11	03:03:04	40.53944	141.55807	-2	0.0	3	4.1	292
2024/05/11	03:04:04	40.53936	141.55813	28	0.0	3	4.1	247
2024/05/11	03:05:03	40.53954	141.55809	-12	0.0	3	4.1	251
2024/05/11	03:06:03	40.53981	141.55801	-34	0.0	3	4.1	251
2024/05/11	03:07:03	40.53935	141.55795	14	0.0	3	4.0	286
2024/05/11	03:08:03	40.53944	141.55800	32	0.0	3	4.0	250
2024/05/11	03:09:04	40.53939	141.55796	20	0.0	3	4.0	282
2024/05/11	03:10:08	40.53933	141.55802	26	0.0	3	4.0	279
2024/05/11	03:11:05	40.53946	141.55801	20	0.0	3	4.0	282
2024/05/11	03:12:04	40.53932	141.55800	34	0.0	3	4.0	287
2024/05/11	03:13:04	40.53945	141.55798	12	0.0	3	4.0	290
2024/05/11	03:14:02	40.53948	141.55832	16	0.0	2	6.0	245
2024/05/11	03:15:05	40.53940	141.55803	24	0.0	3	3.4	283
2024/05/11	03:16:04	40.53932	141.55810	38	0.0	3	3.4	281
2024/05/11	03:17:07	40.53946	141.55800	14	0.0	3	3.4	247
2024/05/11	03:18:07	40.53946	141.55804	8	0.0	3	3.4	282
2024/05/11	03:19:06	40.53945	141.55803	14	0.0	3	3.4	247
2024/05/11	03:20:06	40.53944	141.55800	16	0.0	3	3.4	245
2024/05/11	03:21:07	40.53945	141.55796	-0	0.0	3	3.4	276
2024/05/11	03:22:02	40.53958	141.55789	-28	0.0	2	6.1	225
2024/05/11	03:23:33	40.53941	141.55797	16	0.0	7	1.0	287
2024/05/11	03:24:01	40.53941	141.55798	16	0.0	6	1.1	255
2024/05/11	03:25:01	40.53938	141.55803	-2	0.0	4	1.4	249
2024/05/11	03:26:00	40.53940	141.55805	10	0.0	5	1.2	223
2024/05/11	03:27:00	40.53942	141.55793	14	0.0	5	1.2	210
2024/05/11	03:28:00	40.53940	141.55799	-4	0.0	4	1.4	172
2024/05/11	03:29:01	40.53935	141.55803	4	0.0	6	1.2	281
2024/05/11	03:30:00	40.53937	141.55800	36	0.0	7	1.0	271
2024/05/11	03:31:00	40.53944	141.55800	12	0.0	7	1.0	274
2024/05/11	03:32:00	40.53937	141.55800	-0	0.0	6	1.2	265
2024/05/11	03:33:00	40.53941	141.55799	14	0.0	4	1.3	199
2024/05/11	03:34:02	40.53939	141.55795	16	0.0	7	1.0	278
2024/05/11	03:35:00	40.53941	141.55809	10	0.0	6	1.2	270
2024/05/11	03:36:00	40.53953	141.55807	8	0.0	4	1.4	218
2024/05/11	03:37:00	40.53941	141.55794	12	0.0	7	1.0	265
2024/05/11	03:38:00	40.53941	141.55805	24	0.0	5	1.2	262
2024/05/11	03:39:01	40.53917	141.55798	-10	0.0	5	2.0	235
2024/05/11	03:40:01	40.53887	141.55794	52	22.2	4	1.3	225
2024/05/11	03:41:02	40.53723	141.55208	38	44.4	6	1.2	325
2024/05/11	03:42:01	40.53660	141.54333	-26	48.2	3	2.3	191
2024/05/11	03:43:02	40.53690	141.53428	42	44.4	6	1.2	298
2024/05/11	03:44:03	40.53990	141.52751	32	44.4	7	1.0	293
2024/05/11	03:45:02	40.54216	141.51856	20	48.2	6	1.2	324
2024/05/11	03:46:02	40.54264	141.50908	44	44.4	7	1.0	329
2024/05/11	03:47:01	40.54272	141.50451	96	0.0	3	1.4	269
2024/05/11	03:48:02	40.54250	141.50448	14	0.0	6	1.2	267
2024/05/11	03:49:03	40.54239	141.50450	-2	0.0	6	1.2	246
2024/05/11	03:50:03	40.54247	141.50457	-4	0.0	5	1.2	241
2024/05/11	03:51:01	40.54262	141.50478	34	0.0	3	1.4	213
2024/05/11	03:52:03	40.54254	141.50493	-0	0.0	4	1.2	281
2024/05/11	03:53:00	40.54331	141.50562	26	3.7	4	1.4	246
2024/05/11	03:54:07	40.54403	141.50905	4	14.8	7	1.0	278
2024/05/11	03:55:00	40.54396	141.50887	-2	0.0	4	2.1	247
2024/05/11	03:56:01	40.54409	141.50914	48	0.0	5	1.2	247
2024/05/11	03:57:00	40.54402	141.50912	-0	0.0	5	1.3	282
2024/05/11	03:58:00	40.54401	141.50913	30	0.0	5	1.3	256
2024/05/11	03:59:00	40.54395	141.50887	16	0.0	4	1.3	307
2024/05/11	04:00:02	40.54398	141.50905	-10	0.0	5	1.2	236
2024/05/11	04:01:00	40.54402	141.50894	68	0.0	4	2.1	235
2024/05/11	04:02:02	40.54408	141.50907	22	0.0	6	1.1	250
2024/05/11	04:03:02	40.54383	141.50911	-22	0.0	4	1.2	235
2024/05/11	04:04:00	40.54423	141.50914	36	11.1	4	1.2	235
2024/05/11	04:05:00	40.54432	141.50902	24	0.0	4	2.1	271
2024/05/11	04:06:01	40.54433	141.50949	-12	0.0	4	2.0	254
2024/05/11	04:07:01	40.54426	141.50919	-12	0.0	4	2.1	272
2024/05/11	04:08:00	40.54419	141.50917	2	0.0	4	2.1	223
2024/05/11	04:09:01	40.54432	141.50932	-14	0.0	4	2.0	267
2024/05/11	04:10:00	40.54434	141.50920	12	0.0	4	2.1	199
2024/05/11	04:11:00	40.54429	141.51050	22	29.6	5	1.1	215
2024/05/11	04:12:02	40.54529	141.51478	30	29.6	6	1.1	245
2024/05/11	04:13:02	40.54297	141.52009	14	37.0	6	1.1	257
2024/05/11	04:14:01	40.53935	141.52421	24	25.9	5	1.2	279
2024/05/11	04:15:01	40.53919	141.52988	28	33.3	6	1.3	256
2024/05/11	04:16:01	40.53676	141.53552	-48	37.0	4	1.3	207
2024/05/11	04:17:01	40.53633	141.54112	22	25.9	5	1.1	203
2024/05/11	04:18:01	40.53715	141.54720	-4	37.0	6	1.1	264
2024/05/11	04:19:01	40.53799	141.55266	0	25.9	6	1.0	261
2024/05/11	04:20:01	40.53903	141.55751	2	18.5	5	1.3	241
2024/05/11	04:21:01	40.53940	141.55806	8	0.0	5	1.1	272
2024/05/11	04:22:02	40.53955	141.55795	-2	0.0	4	1.3	228
2024/05/11	04:23:02	40.53943	141.55794	-14	0.0	5	1.3	255
2024/05/11	04:24:02	40.53916	141.55819	16	0.0	4	1.3	222
2024/05/11	04:25:01	40.53919	141.55807	2	0.0	4	1.2	248
2024/05/11	04:26:02	40.53943	141.55798	8	0.0	6	1.0	231
2024/05/11	04:27:00	40.53930	141.55807	8	0.0	5	1.1	249
2024/05/11	04:28:00	40.53937	141.55801	18	0.0	5	1.1	251
2024/05/11	04:29:01	40.53930	141.55809	16	0.0	4	2.0	225
2024/05/11	04:30:01	40.53941	141.55798	20	0.0	5	1.1	295
2024/05/11	04:31:00	40.53944	141.55803	20	0.0	5	1.1	276
2024/05/11	04:32:00	40.53953	141.55809	18	0.0	4	1.2	257
2024/05/11	04:33:00	40.53928	141.55799	4	3.7	4	2.1	261
2024/05/11	04:34:00	40.53932	141.55809	58	3.7	4	2.0	252
2024/05/11	04:35:01	40.53932	141.55789	60	0.0	5	1.1	252
2024/05/11	04:36:00	40.53938	141.55791	38	0.0	4	1.1	202
2024/05/11	04:37:00	40.53944	141.55794	16	0.0	3	1.2	130
2024/05/11	04:38:01	40.53953	141.55787	2	0.0	5	1.1	237
2024/05/11	04:39:00	40.53925	141.55809	74	0.0	3	2.3	143
2024/05/11	04:40:01	40.53926	141.55812	10	0.0	4	1.1	258
2024/05/11	04:41:01	40.53937	141.55801	8	0.0	5	1.1	235
2024/05/11	04:42:00	40.53940	141.55791	40	0.0	3	2.4	138
2024/05/11	04:43:01	40.53922	141.55796	24	0.0	3	2.3	226
2024/05/11	04:44:02	40.53940	141.55794	26	0.0	4	2.0	255
2024/05/11	04:45:01	40.53941	141.55797	54	0.0	4	2.1	256
2024/05/11	04:46:00	40.53928	141.55809	8	3.7	3	2.3	223
2024/05/11	04:47:01	40.53954	141.55774	10	14.8	6	1.1	290
2024/05/11	04:48:02	40.53929	141.55751	24	18.5	6	1.1	294
2024/05/11	04:49:02	40.53939	141.55802	28	14.8	5	1.1	285
2024/05/11	04:50:01	40.53957	141.55799	0	0.0	5	1.3	231
2024/05/11	04:51:01	40.53938	141.55802	8	0.0	4	1.2	223
2024/05/11	04:52:00	40.53946	141.55795	-8	0.0	5	1.2	259
2024/05/11	04:53:01	40.53932	141.55800	18	0.0	5	1.2	292
2024/05/11	04:54:02	40.53951	141.55800	14	3.7	4	1.2	285
2024/05/11	04:55:01	40.53942	141.55805	20	0.0	4	1.2	220
2024/05/11	04:56:01	40.53932	141.55804	14	0.0	4	1.2	288
2024/05/11	04:57:00	40.53937	141.55800	12	0.0	4	2.0	221
2024/05/11	04:58:02	40.53952	141.55791	6	0.0	5	1.2	281
2024/05/11	04:59:00	40.53945	141.55804	30	0.0	5	1.2	258
2024/05/11	05:00:00	40.53939	141.55799	30	0.0	4	2.1	237
2024/05/11	05:01:01	40.53933	141.55794	16	0.0	4	2.1	283
2024/05/11	05:02:00	40.53928	141.55811	34	0.0	5	1.4	256
2024/05/11	05:03:00	40.53950	141.55799	12	0.0	4	2.1	295
2024/05/11	05:04:01	40.53924	141.55797	10	0.0	4	2.1	227
2024/05/11	05:05:01	40.53933	141.55803	26	0.0	5	2.0	308
2024/05/11	05:06:01	40.53931	141.55806	28	0.0	5	2.0	278
2024/05/11	05:07:00	40.53938	141.55795	2	0.0	4	2.1	228
2024/05/11	05:08:00	40.53941	141.55797	18	0.0	4	2.0	258
2024/05/11	05:09:01	40.53930	141.55808	28	0.0	5	2.0	307
2024/05/11	05:10:00	40.53938	141.55800	22	0.0	5	2.0	291
2024/05/11	05:11:00	40.53927	141.55809	42	0.0	3	2.1	189
2024/05/11	05:12:00	40.53939	141.55796	34	0.0	4	2.1	294
2024/05/11	05:13:00	40.53945	141.55786	0	0.0	4	2.1	264
2024/05/11	05:14:00	40.53936	141.55805	28	0.0	5	2.1	268
2024/05/11	05:15:00	40.53947	141.55794	-2	0.0	4	2.1	318
2024/05/11	05:16:01	40.53940	141.55797	18	0.0	5	2.1	330
2024/05/11	05:17:00	40.53935	141.55795	0	0.0	4	2.1	316
2024/05/11	05:18:01	40.53946	141.55793	6	0.0	5	2.1	343
2024/05/11	05:19:01	40.53933	141.55809	26	0.0	5	2.1	320
2024/05/11	05:20:00	40.53929	141.55800	32	0.0	3	2.3	338
2024/05/11	05:21:01	40.53942	141.55805	28	0.0	4	2.1	339
2024/05/11	05:22:00	40.53940	141.55809	22	0.0	4	2.1	197
2024/05/11	05:23:00	40.53935	141.55809	12	0.0	4	2.1	284
2024/05/11	05:24:01	40.53943	141.55796	12	0.0	5	2.1	344
2024/05/11	05:25:01	40.53946	141.55803	22	0.0	4	2.1	329
2024/05/11	05:26:00	40.53957	141.55795	4	0.0	4	2.1	264
2024/05/11	05:27:00	40.53942	141.55802	10	0.0	4	2.1	290
2024/05/11	05:28:00	40.53934	141.55809	28	0.0	5	2.1	294
2024/05/11	05:29:00	40.53951	141.55788	12	0.0	4	2.2	289
2024/05/11	05:30:00	40.53937	141.55801	26	0.0	4	2.2	296
2024/05/11	05:31:03	40.53940	141.55804	22	0.0	5	2.1	360
2024/05/11	05:32:01	40.53930	141.55807	26	0.0	4	2.2	297
2024/05/11	05:33:00	40.53950	141.55789	22	0.0	3	2.4	246
2024/05/11	05:34:01	40.53937	141.55790	28	0.0	3	2.4	235
2024/05/11	05:35:02	40.53920	141.55739	76	7.4	3	5.0	312
2024/05/11	05:36:02	40.53945	141.55798	14	0.0	5	2.1	329
2024/05/11	05:37:00	40.53965	141.55794	4	0.0	4	2.3	319
2024/05/11	05:38:00	40.53944	141.55788	-2	3.7	3	2.4	258
2024/05/11	05:39:02	40.53938	141.55795	12	0.0	4	2.1	310
2024/05/11	05:40:01	40.53945	141.55800	24	0.0	3	3.3	229
2024/05/11	05:41:02	40.53937	141.55788	-6	0.0	3	3.3	306
2024/05/11	05:42:01	40.53934	141.55806	10	0.0	4	2.1	297
2024/05/11	05:43:01	40.53951	141.55785	0	0.0	3	3.4	262
2024/05/11	05:44:01	40.53937	141.55806	28	0.0	4	2.0	295
2024/05/11	05:45:01	40.53939	141.55800	14	0.0	4	2.0	299
2024/05/11	05:46:02	40.53941	141.55799	8	0.0	4	2.0	306
2024/05/11	05:47:00	40.53959	141.55779	16	0.0	4	2.0	314
2024/05/11	05:48:00	40.53938	141.55807	8	0.0	3	2.4	293
2024/05/11	05:49:02	40.53939	141.55802	14	0.0	3	4.1	287
2024/05/11	05:50:01	40.53938	141.55809	24	0.0	4	2.0	294
2024/05/11	05:51:02	40.53940	141.55804	16	0.0	3	2.4	293
2024/05/11	05:52:01	40.53943	141.55801	22	0.0	3	2.4	295
2024/05/11	05:53:02	40.53935	141.55802	-4	0.0	3	2.4	289
2024/05/11	05:54:00	40.53951	141.55789	22	0.0	3	2.4	303
2024/05/11	05:55:00	40.53930	141.55813	20	0.0	3	2.4	276
2024/05/11	05:56:03	40.53936	141.55841	68	0.0	3	4.4	287
2024/05/11	05:57:03	40.53940	141.55810	28	0.0	3	4.4	279
2024/05/11	05:58:05	40.53938	141.55804	10	0.0	3	3.0	244
2024/05/11	05:59:01	40.53934	141.55805	12	0.0	3	3.0	260
2024/05/11	06:00:32	40.53939	141.55799	12	0.0	7	0.4	312
2024/05/11	06:01:00	40.53929	141.55798	-0	0.0	7	1.1	310
2024/05/11	06:02:01	40.53939	141.55791	-16	0.0	4	2.1	172
2024/05/11	06:03:00	40.53953	141.55796	22	0.0	5	1.4	214
2024/05/11	06:04:00	40.53955	141.55799	-0	0.0	7	1.0	294
2024/05/11	06:05:00	40.53945	141.55806	4	0.0	6	1.0	284
2024/05/11	06:06:01	40.53939	141.55799	12	0.0	7	1.0	301
2024/05/11	06:07:01	40.53935	141.55808	-2	0.0	5	2.4	268
2024/05/11	06:08:01	40.53936	141.55803	4	0.0	6	1.3	277
2024/05/11	06:09:02	40.53945	141.55800	16	0.0	6	1.3	271
2024/05/11	06:10:00	40.53935	141.55808	-2	0.0	6	1.3	226
2024/05/11	06:11:01	40.53945	141.55799	28	0.0	5	1.3	263
2024/05/11	06:12:00	40.53945	141.55797	18	0.0	7	1.0	267
2024/05/11	06:13:01	40.53942	141.55813	22	0.0	5	1.2	261
2024/05/11	06:14:02	40.53961	141.55824	16	18.5	6	1.0	258
2024/05/11	06:15:01	40.53937	141.55778	26	0.0	4	3.4	249
2024/05/11	06:16:00	40.53943	141.55800	24	0.0	7	1.0	272
2024/05/11	06:17:00	40.53936	141.55813	22	11.1	7	0.4	294
2024/05/11	06:18:01	40.53946	141.55798	22	3.7	7	0.4	303
2024/05/11	06:19:01	40.53938	141.55799	16	0.0	6	1.1	233
2024/05/11	06:20:00	40.53934	141.55799	2	0.0	6	1.2	227
2024/05/11	06:21:00	40.53944	141.55791	32	0.0	7	1.0	267
2024/05/11	06:22:00	40.53942	141.55808	-2	0.0	6	1.1	281
2024/05/11	06:23:00	40.53943	141.55804	20	0.0	6	1.4	234
2024/05/11	06:24:00	40.53939	141.55800	-2	0.0	6	1.2	263
2024/05/11	06:25:00	40.53937	141.55793	-12	0.0	3	2.4	192
2024/05/11	06:26:01	40.53940	141.55794	-2	0.0	5	1.3	278
2024/05/11	06:27:00	40.53948	141.55806	12	0.0	5	2.3	235
2024/05/11	06:28:01	40.53940	141.55796	10	0.0	5	1.2	246
2024/05/11	06:29:00	40.53931	141.55794	8	0.0	6	1.2	267
2024/05/11	06:30:00	40.53935	141.55791	20	0.0	6	1.2	270
2024/05/11	06:31:00	40.53942	141.55795	10	0.0	4	2.0	167
2024/05/11	06:32:00	40.53935	141.55797	20	0.0	6	1.2	236
2024/05/11	06:33:00	40.53929	141.55792	-14	0.0	6	1.2	240
2024/05/11	06:34:00	40.53937	141.55802	20	3.7	6	1.2	260
2024/05/11	06:35:00	40.53941	141.55798	26	0.0	5	1.2	236
2024/05/11	06:36:00	40.53935	141.55797	18	0.0	6	1.2	238
2024/05/11	06:37:00	40.53932	141.55797	2	0.0	6	1.2	236
2024/05/11	06:38:00	40.53935	141.55801	12	0.0	6	1.1	234
2024/05/11	06:39:00	40.53940	141.55801	0	0.0	5	1.2	231
2024/05/11	06:40:00	40.53938	141.55801	12	0.0	5	1.2	233
2024/05/11	06:41:00	40.53941	141.55798	4	0.0	6	1.1	233
2024/05/11	06:42:00	40.53939	141.55800	38	0.0	5	1.1	233
2024/05/11	06:43:00	40.53941	141.55796	34	0.0	6	1.1	235
2024/05/11	06:44:00	40.53940	141.55799	26	0.0	6	1.1	238
2024/05/11	06:45:01	40.53946	141.55800	22	0.0	6	1.1	262
2024/05/11	06:46:00	40.53942	141.55806	0	0.0	5	1.2	240
2024/05/11	06:47:01	40.53942	141.55805	4	0.0	6	1.1	263
2024/05/11	06:48:00	40.53949	141.55822	8	0.0	5	1.1	232
2024/05/11	06:49:00	40.53941	141.55807	8	0.0	4	2.1	201
2024/05/11	06:50:01	40.53926	141.55784	12	0.0	5	2.1	236
2024/05/11	06:51:00	40.53925	141.55799	-28	0.0	5	1.1	233
2024/05/11	06:52:00	40.53925	141.55803	10	0.0	4	1.2	200
2024/05/11	06:53:00	40.53937	141.55797	22	0.0	6	1.1	238
2024/05/11	06:54:01	40.53942	141.55798	6	0.0	6	1.1	241
2024/05/11	06:55:00	40.53942	141.55809	34	3.7	4	1.4	203
2024/05/11	06:56:00	40.53932	141.55807	8	3.7	4	1.1	238
2024/05/11	06:57:01	40.53939	141.55798	-6	0.0	6	1.1	236
2024/05/11	06:57:59	40.53940	141.55794	16	7.4	4	2.3	179
2024/05/11	06:59:00	40.53933	141.55795	14	0.0	6	1.0	244
2024/05/11	07:00:00	40.53938	141.55802	10	0.0	6	1.0	234
2024/05/11	07:01:00	40.53937	141.55802	36	0.0	6	1.0	235
2024/05/11	07:02:00	40.53940	141.55803	12	0.0	5	1.1	245
2024/05/11	07:03:00	40.53948	141.55804	-4	0.0	4	2.1	249
2024/05/11	07:04:01	40.53929	141.55799	10	0.0	6	1.0	234
2024/05/11	07:05:01	40.53939	141.55798	16	0.0	6	1.0	257
2024/05/11	07:06:00	40.53936	141.55798	12	0.0	6	1.0	243
2024/05/11	07:06:59	40.53951	141.55811	-0	0.0	4	2.1	205
2024/05/11	07:08:00	40.53939	141.55787	44	0.0	5	1.2	261
2024/05/11	07:09:00	40.53940	141.55800	16	0.0	4	2.0	201
2024/05/11	07:10:00	40.53940	141.55799	26	0.0	6	1.0	238
2024/05/11	07:11:00	40.53939	141.55797	26	0.0	6	1.0	241
2024/05/11	07:12:00	40.53923	141.55805	-10	0.0	3	2.1	251
2024/05/11	07:13:00	40.53938	141.55794	22	0.0	5	1.2	237
2024/05/11	07:14:01	40.53930	141.55800	8	0.0	5	1.2	249
2024/05/11	07:15:00	40.53936	141.55791	18	0.0	4	2.1	252
2024/05/11	07:16:01	40.53940	141.55798	12	0.0	5	1.4	253
2024/05/11	07:17:00	40.53948	141.55807	-10	0.0	4	2.0	260
2024/05/11	07:18:00	40.53943	141.55804	2	0.0	4	2.0	206
2024/05/11	07:19:00	40.53940	141.55798	20	3.7	5	1.4	286
2024/05/11	07:20:00	40.53930	141.55799	20	0.0	4	2.0	227
2024/05/11	07:20:59	40.53933	141.55787	50	3.7	4	2.0	234
2024/05/11	07:22:01	40.53930	141.55815	12	14.8	6	1.0	267
2024/05/11	07:23:02	40.53885	141.56007	0	0.0	6	1.0	333
2024/05/11	07:24:00	40.53888	141.56010	-0	3.7	3	2.0	291
2024/05/11	07:24:59	40.53882	141.56000	4	0.0	5	1.2	242
2024/05/11	07:26:00	40.53875	141.56010	18	0.0	5	1.2	223
2024/05/11	07:26:59	40.53876	141.56046	-56	0.0	4	1.4	291
2024/05/11	07:28:00	40.53870	141.56028	4	0.0	5	1.1	297
2024/05/11	07:29:01	40.53884	141.56033	24	0.0	4	2.1	287
2024/05/11	07:30:01	40.53875	141.56021	26	0.0	4	1.3	262
2024/05/11	07:31:01	40.53849	141.56020	12	0.0	4	1.4	231
2024/05/11	07:32:01	40.53857	141.56049	42	0.0	5	1.2	259
2024/05/11	07:33:01	40.53863	141.56044	4	0.0	3	2.0	248
2024/05/11	07:34:01	40.53881	141.56015	8	0.0	4	3.4	251
2024/05/11	07:35:01	40.53857	141.56024	16	0.0	4	1.4	327
2024/05/11	07:36:01	40.53885	141.56067	-18	0.0	3	2.4	257
2024/05/11	07:37:00	40.53865	141.56010	-28	3.7	4	1.3	282
2024/05/11	07:38:00	40.53861	141.56025	4	0.0	5	1.1	290
2024/05/11	07:39:01	40.53840	141.56038	6	0.0	3	2.2	238
2024/05/11	07:40:01	40.53881	141.56029	-12	3.7	4	2.3	282
2024/05/11	07:41:01	40.53865	141.56027	18	0.0	4	1.4	225
2024/05/11	07:42:01	40.53878	141.56029	-12	0.0	5	1.0	252
2024/05/11	07:43:01	40.53881	141.56032	-4	0.0	4	1.4	293
2024/05/11	07:44:01	40.53868	141.56028	4	0.0	5	1.3	260
2024/05/11	07:45:02	40.53862	141.56013	20	0.0	5	1.3	311
2024/05/11	07:46:00	40.53858	141.56007	32	0.0	5	1.3	221
2024/05/11	07:47:01	40.53873	141.56017	4	0.0	5	1.2	245
2024/05/11	07:48:01	40.53863	141.56024	14	0.0	6	1.0	258
2024/05/11	07:49:00	40.53866	141.56021	28	0.0	4	1.3	248
2024/05/11	07:50:00	40.53865	141.56027	4	0.0	4	1.3	251
2024/05/11	07:51:01	40.53859	141.56041	26	0.0	5	1.3	251
2024/05/11	07:52:00	40.53862	141.56039	10	0.0	3	2.2	253
2024/05/11	07:53:00	40.53859	141.56025	24	0.0	4	1.3	293
2024/05/11	07:54:00	40.53857	141.56036	-0	0.0	4	1.3	219
2024/05/11	07:55:00	40.53867	141.56050	-10	0.0	3	2.3	190
2024/05/11	07:56:00	40.53870	141.56021	14	0.0	4	2.0	254
2024/05/11	07:57:00	40.53878	141.56042	18	0.0	4	2.1	199
2024/05/11	07:58:01	40.53844	141.56037	94	0.0	3	2.2	192
2024/05/11	07:59:00	40.53879	141.56037	-10	3.7	4	2.0	228
2024/05/11	08:00:00	40.53845	141.56032	72	3.7	4	2.1	228
2024/05/11	08:01:00	40.53886	141.56031	-16	0.0	3	2.2	259
2024/05/11	08:02:02	40.53870	141.56033	14	0.0	5	1.4	284
2024/05/11	08:03:00	40.53862	141.56050	22	0.0	3	2.2	193
2024/05/11	08:04:00	40.53861	141.56057	6	0.0	4	1.4	196
2024/05/11	08:05:00	40.53871	141.56034	20	0.0	4	1.4	196
2024/05/11	08:06:01	40.53861	141.56070	40	0.0	4	1.4	173
2024/05/11	08:07:00	40.53871	141.56034	18	0.0	3	2.2	195
2024/05/11	08:08:00	40.53868	141.56041	6	0.0	3	2.2	130
2024/05/11	08:09:00	40.53875	141.56015	16	0.0	3	2.2	219
2024/05/11	08:10:00	40.53858	141.56046	56	0.0	3	2.2	187
2024/05/11	08:11:02	40.53866	141.56039	36	0.0	4	1.4	214
2024/05/11	08:12:00	40.53866	141.56056	28	0.0	3	2.2	195
2024/05/11	08:13:00	40.53866	141.56039	14	0.0	3	2.2	196
2024/05/11	08:14:00	40.53875	141.56040	10	0.0	4	2.0	192
2024/05/11	08:15:00	40.53878	141.56030	0	0.0	3	2.2	169
2024/05/11	08:16:00	40.53870	141.56037	-8	0.0	3	2.2	190
2024/05/11	08:17:00	40.53869	141.56059	-0	0.0	4	2.0	196
2024/05/11	08:18:00	40.53972	141.55841	10	18.5	3	2.1	162
2024/05/11	08:19:01	40.53938	141.55796	26	0.0	3	2.2	159
2024/05/11	08:20:02	40.53956	141.55810	8	0.0	3	2.2	163
2024/05/11	08:21:01	40.53949	141.55800	6	0.0	3	2.2	163
2024/05/11	08:22:01	40.53947	141.55800	10	0.0	3	2.2	236
2024/05/11	08:23:01	40.53949	141.55792	16	0.0	3	2.2	233
2024/05/11	08:24:00	40.53951	141.55804	-4	0.0	3	2.2	161
2024/05/11	08:25:00	40.53935	141.55817	36	3.7	3	2.2	200
2024/05/11	08:26:02	40.53953	141.55806	6	0.0	3	2.2	246
2024/05/11	08:27:00	40.53943	141.55805	8	0.0	3	2.2	279
2024/05/11	08:28:00	40.53939	141.55819	56	0.0	3	2.2	172
2024/05/11	08:29:02	40.53943	141.55814	24	0.0	3	2.2	202
2024/05/11	08:30:02	40.53942	141.55812	30	0.0	3	2.2	272
2024/05/11	08:31:01	40.53948	141.55808	34	0.0	3	2.2	205
2024/05/11	08:32:02	40.53936	141.55808	38	0.0	3	2.2	237
2024/05/11	08:33:01	40.53942	141.55798	30	0.0	3	2.2	241
2024/05/11	08:34:00	40.53934	141.55802	52	0.0	3	2.2	243
2024/05/11	08:35:01	40.53933	141.55817	52	0.0	3	2.2	199
2024/05/11	08:36:01	40.53939	141.55812	36	0.0	3	2.2	169
2024/05/11	08:37:00	40.53945	141.55789	22	0.0	3	2.2	166
2024/05/11	08:38:02	40.53938	141.55818	38	0.0	3	2.2	200
2024/05/11	08:39:03	40.53940	141.55814	32	0.0	3	2.2	202
2024/05/11	08:40:01	40.53935	141.55816	48	0.0	3	2.2	242
2024/05/11	08:41:01	40.53939	141.55826	34	0.0	3	2.2	201
2024/05/11	08:42:01	40.53942	141.55801	16	0.0	3	2.2	172
2024/05/11	08:43:03	40.53936	141.55824	48	0.0	3	2.2	229
2024/05/11	08:44:01	40.53943	141.55817	34	0.0	3	2.2	167
2024/05/11	08:45:02	40.53941	141.55805	40	0.0	3	2.2	233
2024/05/11	08:46:03	40.53936	141.55816	42	0.0	3	2.2	198
2024/05/11	08:47:02	40.53943	141.55826	42	0.0	3	2.2	207
2024/05/11	08:48:02	40.53934	141.55832	50	0.0	3	2.2	192
2024/05/11	08:49:01	40.53936	141.55847	52	0.0	3	2.3	165
2024/05/11	08:50:02	40.53932	141.55820	54	0.0	3	2.3	197
2024/05/11	08:51:02	40.53940	141.55803	24	0.0	3	2.3	239
2024/05/11	08:52:04	40.53938	141.55814	40	0.0	3	2.3	193
2024/05/11	08:53:02	40.53933	141.55837	64	0.0	3	2.3	228
2024/05/11	08:54:02	40.53942	141.55822	36	0.0	3	2.3	194
2024/05/11	08:55:03	40.53952	141.55806	22	0.0	3	2.3	149
2024/05/11	08:56:04	40.53941	141.55813	32	0.0	3	2.3	175
2024/05/11	08:57:05	40.53941	141.55821	36	0.0	3	2.3	180
2024/05/11	08:58:04	40.53936	141.55807	38	0.0	3	2.3	180
2024/05/11	08:59:03	40.53943	141.55828	42	0.0	3	2.3	186
2024/05/11	09:00:10	40.53931	141.55821	52	0.0	3	2.3	208
2024/05/11	09:01:33	40.53939	141.55799	18	0.0	6	1.1	322
2024/05/11	09:02:00	40.53948	141.55808	28	0.0	6	1.1	233
2024/05/11	09:03:01	40.53928	141.55789	28	0.0	5	2.2	226
2024/05/11	09:04:00	40.53945	141.55815	10	0.0	5	1.3	204
2024/05/11	09:05:00	40.53928	141.55791	0	0.0	6	1.1	233
2024/05/11	09:06:00	40.53935	141.55787	6	3.7	4	1.4	167
2024/05/11	09:07:00	40.53938	141.55793	24	0.0	6	1.2	236
2024/05/11	09:08:00	40.53943	141.55808	10	0.0	6	1.1	242
2024/05/11	09:09:00	40.53947	141.55795	-6	0.0	5	1.2	222
2024/05/11	09:10:00	40.53937	141.55796	18	0.0	6	1.1	230
2024/05/11	09:11:00	40.53957	141.55817	-14	0.0	3	2.0	224
2024/05/11	09:12:00	40.53970	141.55837	-26	0.0	4	2.2	233
2024/05/11	09:13:01	40.53935	141.55795	16	0.0	6	1.1	232
2024/05/11	09:14:00	40.53937	141.55794	2	3.7	4	2.0	203
2024/05/11	09:15:00	40.53945	141.55801	20	0.0	6	1.1	235
2024/05/11	09:16:01	40.53942	141.55803	10	0.0	6	1.2	232
2024/05/11	09:17:00	40.53918	141.55785	54	0.0	5	1.2	235
2024/05/11	09:18:00	40.53930	141.55797	34	0.0	6	1.1	239
2024/05/11	09:19:00	40.53950	141.55788	30	0.0	5	1.2	237
2024/05/11	09:20:00	40.53930	141.55794	52	3.7	4	1.2	236
2024/05/11	09:21:00	40.53961	141.55808	30	3.7	4	2.3	236
2024/05/11	09:22:01	40.53939	141.55794	2	0.0	6	1.1	240
2024/05/11	09:23:01	40.53938	141.55798	28	0.0	6	1.1	236
2024/05/11	09:24:01	40.53942	141.55798	20	0.0	6	1.1	242
2024/05/11	09:25:01	40.53938	141.55801	14	0.0	5	1.2	268
2024/05/11	09:26:01	40.53932	141.55784	24	0.0	6	1.1	240
2024/05/11	09:27:01	40.53940	141.55801	16	0.0	6	1.1	239
2024/05/11	09:28:00	40.53928	141.55796	22	0.0	3	2.1	151
2024/05/11	09:29:00	40.53936	141.55780	34	0.0	3	1.4	236
2024/05/11	09:30:00	40.53937	141.55789	6	0.0	6	1.1	237
2024/05/11	09:31:00	40.53939	141.55800	6	0.0	6	1.1	241
2024/05/11	09:32:00	40.53940	141.55795	12	0.0	6	1.1	237
2024/05/11	09:33:00	40.53935	141.55796	30	0.0	6	1.1	236
2024/05/11	09:34:00	40.53932	141.55813	60	0.0	4	1.4	235
2024/05/11	09:35:00	40.53938	141.55797	26	0.0	4	1.2	239
2024/05/11	09:36:01	40.53935	141.55797	12	0.0	6	1.2	238
2024/05/11	09:37:01	40.53940	141.55798	8	0.0	6	1.1	239
2024/05/11	09:38:00	40.53925	141.55801	20	0.0	5	1.2	201
2024/05/11	09:39:00	40.53938	141.55798	8	0.0	6	1.1	232
2024/05/11	09:40:00	40.53935	141.55769	-22	3.7	4	1.4	237
2024/05/11	09:41:00	40.53928	141.55809	-40	0.0	4	1.3	239
2024/05/11	09:42:00	40.53938	141.55803	-0	0.0	6	1.1	235
2024/05/11	09:43:01	40.53931	141.55802	38	0.0	4	1.4	193
2024/05/11	09:44:01	40.53940	141.55794	2	0.0	6	1.1	227
2024/05/11	09:45:01	40.53936	141.55794	-2	0.0	6	1.1	230
2024/05/11	09:46:01	40.53933	141.55791	14	0.0	4	1.3	233
2024/05/11	09:47:01	40.53942	141.55807	6	7.4	6	1.1	238
2024/05/11	09:48:01	40.53930	141.55793	16	7.4	6	1.1	241
2024/05/11	09:49:01	40.54007	141.55578	14	14.8	6	1.1	264
2024/05/11	09:50:01	40.53991	141.55722	10	0.0	6	1.1	262
2024/05/11	09:51:01	40.53988	141.55728	12	0.0	3	3.2	207
2024/05/11	09:52:00	40.53977	141.55748	12	0.0	5	1.2	227
2024/05/11	09:53:00	40.53992	141.55763	2	0.0	6	1.1	269
2024/05/11	09:54:00	40.53983	141.55750	0	0.0	6	1.1	241
2024/05/11	09:55:00	40.54001	141.55770	0	11.1	4	1.3	236
2024/05/11	09:56:00	40.54035	141.55754	-20	33.3	6	1.1	268
2024/05/11	09:57:00	40.54579	141.56107	60	37.0	5	1.2	254
2024/05/11	09:58:00	40.55050	141.56617	2	40.7	7	1.3	264
2024/05/11	09:59:01	40.55534	141.57095	16	37.0	5	1.3	230
2024/05/11	10:00:01	40.56018	141.57565	30	40.7	6	1.1	236
2024/05/11	10:01:02	40.56536	141.58013	28	40.7	5	1.2	231
2024/05/11	10:02:01	40.57066	141.58482	20	40.7	5	1.2	205
2024/05/11	10:03:00	40.57447	141.59068	10	40.7	4	1.3	227
2024/05/11	10:04:00	40.57781	141.59583	8	33.3	5	1.2	227
2024/05/11	10:05:00	40.58189	141.60145	6	44.4	4	2.2	169
2024/05/11	10:06:00	40.58612	141.60776	12	44.4	6	1.1	234
2024/05/11	10:07:01	40.59085	141.61282	30	25.9	6	1.1	265
2024/05/11	10:08:01	40.59530	141.61868	28	37.0	6	1.1	237
2024/05/11	10:09:00	40.59901	141.62518	32	37.0	6	1.1	230
2024/05/11	10:10:00	40.60299	141.63157	18	40.7	5	1.2	232
2024/05/11	10:11:00	40.60732	141.63746	20	40.7	5	1.2	229
2024/05/11	10:12:00	40.61124	141.64344	22	40.7	3	2.3	236
2024/05/11	10:13:00	40.61526	141.64944	14	37.0	6	1.1	233
2024/05/11	10:14:01	40.61913	141.65509	8	37.0	6	1.1	274
2024/05/11	10:15:01	40.62324	141.65924	20	0.0	6	1.1	242
2024/05/11	10:16:01	40.62433	141.66051	2	37.0	6	1.1	297
2024/05/11	10:17:00	40.62909	141.66065	-76	33.3	4	1.2	199
2024/05/11	10:18:00	40.63361	141.66498	-110	37.0	4	2.1	230
2024/05/11	10:19:00	40.63785	141.67034	26	40.7	4	2.1	233
2024/05/11	10:20:00	40.63921	141.67173	38	3.7	5	1.4	198
2024/05/11	10:21:00	40.63941	141.67119	16	3.7	3	2.3	188
2024/05/11	10:22:01	40.63968	141.67135	10	0.0	5	1.1	212
2024/05/11	10:23:00	40.64101	141.67375	-16	33.3	5	1.1	231
2024/05/11	10:24:00	40.64465	141.67952	12	29.6	4	2.2	234
2024/05/11	10:25:00	40.64818	141.68510	38	40.7	4	1.2	229
2024/05/11	10:26:00	40.65145	141.68976	2	0.0	5	1.1	231
2024/05/11	10:27:00	40.65143	141.68977	12	3.7	4	1.3	197
2024/05/11	10:28:00	40.65145	141.68966	58	0.0	4	1.4	194
2024/05/11	10:29:01	40.65164	141.69008	-4	0.0	4	1.4	215
2024/05/11	10:30:01	40.65178	141.68998	14	0.0	5	1.1	227
2024/05/11	10:31:01	40.65664	141.69304	12	40.7	5	1.1	236
2024/05/11	10:32:00	40.66263	141.69570	30	40.7	5	1.1	230
2024/05/11	10:33:00	40.66887	141.69860	18	40.7	5	1.2	235
2024/05/11	10:34:00	40.67423	141.70212	26	44.4	4	2.3	230
2024/05/11	10:35:00	40.67964	141.70656	0	37.0	4	1.1	202
2024/05/11	10:36:00	40.68516	141.71135	4	48.2	4	1.2	194
2024/05/11	10:37:01	40.69078	141.71740	86	44.4	3	2.4	135
2024/05/11	10:38:01	40.69620	141.72320	30	44.4	4	2.4	201
2024/05/11	10:39:01	40.70210	141.72928	38	48.2	5	2.4	230
2024/05/11	10:40:01	40.70768	141.73615	120	51.9	4	2.4	171
2024/05/11	10:41:01	40.71360	141.74409	60	55.6	5	1.4	263
2024/05/11	10:42:01	40.71930	141.75182	44	51.9	5	1.1	263
2024/05/11	10:43:01	40.72515	141.75824	16	44.4	5	1.1	226
2024/05/11	10:44:01	40.73005	141.76417	-8	40.7	5	1.1	200
2024/05/11	10:45:01	40.73351	141.77106	46	40.7	4	2.4	192
2024/05/11	10:46:01	40.73704	141.77755	22	44.4	4	2.4	167
2024/05/11	10:47:01	40.73966	141.78542	22	40.7	5	1.1	236
2024/05/11	10:48:01	40.74334	141.79153	18	37.0	5	1.1	233
2024/05/11	10:49:00	40.74713	141.79610	10	29.6	4	2.4	200
2024/05/11	10:50:00	40.75021	141.79908	12	29.6	5	1.2	224
2024/05/11	10:51:00	40.75537	141.80159	8	37.0	5	1.1	232
2024/05/11	10:52:00	40.76066	141.80483	4	37.0	5	1.1	263
2024/05/11	10:53:00	40.76517	141.80950	40	33.3	5	1.1	230
2024/05/11	10:54:01	40.76896	141.81492	36	37.0	5	1.1	232
2024/05/11	10:55:00	40.77265	141.82083	38	33.3	4	1.1	229
2024/05/11	10:56:00	40.77307	141.82055	-6	18.5	5	2.4	220
2024/05/11	10:57:00	40.77599	141.82496	-8	33.3	5	1.1	230
2024/05/11	10:58:00	40.77758	141.82629	-22	0.0	4	2.4	170
2024/05/11	10:59:00	40.78021	141.82818	-10	40.7	4	2.4	222
2024/05/11	11:00:01	40.78450	141.83244	12	29.6	4	1.3	194
2024/05/11	11:01:01	40.78831	141.83587	14	11.1	4	2.4	166
2024/05/11	11:02:01	40.79145	141.83983	4	37.0	4	2.4	202
2024/05/11	11:03:01	40.79561	141.84466	18	29.6	5	1.2	201
2024/05/11	11:04:01	40.79773	141.85017	10	29.6	5	1.2	200
2024/05/11	11:05:01	40.80181	141.85483	12	37.0	5	1.2	263
2024/05/11	11:06:00	40.80551	141.85968	34	33.3	5	1.2	265
2024/05/11	11:07:00	40.81011	141.86453	14	37.0	5	1.2	252
2024/05/11	11:08:00	40.81321	141.87010	-24	11.1	4	2.4	237
2024/05/11	11:09:00	40.81427	141.87549	26	33.3	5	1.2	229
2024/05/11	11:10:00	40.81784	141.88233	2	37.0	5	1.2	230
2024/05/11	11:11:01	40.82219	141.88820	24	40.7	5	1.2	269
2024/05/11	11:12:00	40.82664	141.89426	-14	37.0	4	2.3	198
2024/05/11	11:13:01	40.82988	141.90149	8	37.0	5	1.2	230
2024/05/11	11:14:00	40.83262	141.90735	2	33.3	5	1.2	252
2024/05/11	11:15:00	40.83517	141.91247	4	29.6	5	1.2	227
2024/05/11	11:16:00	40.83589	141.91507	6	0.0	5	1.2	247
2024/05/11	11:17:00	40.83583	141.91538	-4	0.0	5	1.2	230
2024/05/11	11:18:00	40.83574	141.91560	-6	0.0	5	1.2	220
2024/05/11	11:19:00	40.83574	141.91572	8	0.0	5	1.2	222
2024/05/11	11:20:00	40.83577	141.91591	-12	0.0	4	1.2	189
2024/05/11	11:21:00	40.83561	141.91621	-10	0.0	5	1.2	222
2024/05/11	11:22:00	40.83606	141.91815	-0	33.3	4	2.0	231
2024/05/11	11:23:00	40.83899	141.92369	-0	33.3	4	2.3	260
2024/05/11	11:24:00	40.84137	141.92810	24	33.3	4	2.3	256
2024/05/11	11:25:00	40.84276	141.93005	20	7.4	4	2.3	247
2024/05/11	11:26:01	40.84235	141.93250	0	3.7	4	2.2	197
2024/05/11	11:27:01	40.84094	141.93414	2	14.8	5	1.1	255
2024/05/11	11:28:01	40.84358	141.93810	46	33.3	4	2.2	192
2024/05/11	11:29:01	40.84807	141.94172	8	40.7	5	1.1	212
2024/05/11	11:30:00	40.84939	141.94307	28	3.7	4	2.2	194
2024/05/11	11:31:00	40.84929	141.94305	18	7.4	4	2.2	250
2024/05/11	11:32:00	40.85109	141.94527	6	33.3	4	1.4	217
2024/05/11	11:33:00	40.85134	141.94649	20	33.3	3	2.0	186
2024/05/11	11:34:00	40.85144	141.94937	-42	25.9	4	1.3	219
2024/05/11	11:35:01	40.85231	141.95218	8	22.2	5	1.1	221
2024/05/11	11:36:00	40.85356	141.95555	0	33.3	5	1.1	248
2024/05/11	11:37:00	40.85542	141.95825	-14	18.5	4	1.1	279
2024/05/11	11:38:01	40.85691	141.95909	0	11.1	4	1.3	187
2024/05/11	11:39:00	40.85525	141.95982	0	14.8	4	2.2	239
2024/05/11	11:40:00	40.85370	141.96054	50	22.2	4	2.2	219
2024/05/11	11:41:01	40.85224	141.96142	14	18.5	5	1.1	242
2024/05/11	11:42:01	40.85388	141.96471	8	33.3	4	2.2	235
2024/05/11	11:43:00	40.85486	141.96331	-2	14.8	4	1.2	205
2024/05/11	11:44:01	40.85335	141.95969	2	22.2	4	1.3	233
2024/05/11	11:45:01	40.85250	141.95688	4	25.9	5	1.1	234
2024/05/11	11:46:01	40.85206	141.95660	6	11.1	4	2.3	242
2024/05/11	11:47:01	40.84972	141.95665	34	14.8	5	1.1	235
2024/05/11	11:48:02	40.84804	141.95623	24	11.1	4	2.3	223
2024/05/11	11:49:01	40.84705	141.95695	64	33.3	3	11.2	201
2024/05/11	11:50:00	40.84624	141.95576	12	14.8	4	2.3	211
2024/05/11	11:51:02	40.84541	141.95544	0	18.5	4	2.3	234
2024/05/11	11:52:01	40.84421	141.95436	20	14.8	4	2.3	236
2024/05/11	11:53:01	40.84460	141.95464	-12	14.8	3	12.1	243
2024/05/11	11:54:01	40.84383	141.95662	30	11.1	3	12.3	221
2024/05/11	11:55:01	40.84184	141.95907	94	11.1	3	12.4	234
2024/05/11	11:56:01	40.83939	141.95687	-182	33.3	3	13.1	261
2024/05/11	11:57:01	40.83816	141.96186	28	14.8	3	13.2	227
2024/05/11	11:58:02	40.83628	141.96281	28	18.5	3	13.4	233
2024/05/11	11:59:03	40.83449	141.96514	12	29.6	3	14.1	222
2024/05/11	12:08:57	40.82800	141.98656	-16	14.8	4	6.2	282
2024/05/11	12:09:01	40.82786	141.98651	-14	14.8	4	6.2	184
2024/05/11	12:10:02	40.82647	141.98699	-16	18.5	4	6.1	182
2024/05/11	12:11:02	40.82735	141.98778	-10	3.7	4	6.0	188
2024/05/11	12:12:02	40.82631	141.98602	-130	3.7	2	5.0	177
2024/05/11	12:13:03	40.82652	141.98780	-6	0.0	4	5.2	206
2024/05/11	12:14:03	40.82634	141.98815	-4	0.0	4	5.1	205
2024/05/11	12:15:04	40.82617	141.98787	-18	0.0	4	5.1	215
2024/05/11	12:16:04	40.82601	141.98821	-12	0.0	4	5.0	210
2024/05/11	12:17:05	40.82584	141.98793	-28	0.0	4	4.4	216
2024/05/11	12:18:03	40.82562	141.98847	-12	18.5	4	4.3	236
2024/05/11	12:19:03	40.82509	141.98741	-58	14.8	4	4.3	178
2024/05/11	12:20:02	40.82338	141.98919	-24	25.9	4	4.2	184
2024/05/11	12:21:04	40.82320	141.98969	-14	33.3	4	4.2	212
2024/05/11	12:22:04	40.82287	141.99051	4	7.4	4	4.1	195
2024/05/11	12:23:02	40.82265	141.99015	-38	0.0	3	6.4	169
2024/05/11	12:24:29	40.82242	141.99045	-18	0.0	4	4.1	230
2024/05/11	12:25:05	40.82238	141.99020	-26	0.0	4	4.0	192
2024/05/11	12:26:05	40.82214	141.99057	-20	11.1	4	4.0	223
2024/05/11	12:27:02	40.82198	141.99070	-20	0.0	4	4.0	173
2024/05/11	12:28:01	40.82187	141.99091	-30	3.7	4	4.0	150
2024/05/11	12:29:03	40.82170	141.99106	-18	0.0	4	3.4	217
2024/05/11	12:30:01	40.82152	141.99068	-32	0.0	4	3.4	207
2024/05/11	12:31:02	40.82148	141.99157	0	0.0	4	3.4	171
2024/05/11	12:32:01	40.82123	141.99166	8	0.0	4	3.4	174
2024/05/11	12:33:02	40.82108	141.99183	-0	11.1	3	4.4	168
2024/05/11	12:34:02	40.82072	141.99086	-58	0.0	3	4.4	162
2024/05/11	12:35:05	40.82064	141.99169	-28	7.4	4	3.4	196
2024/05/11	12:36:04	40.82045	141.99144	-26	14.8	4	3.4	200
2024/05/11	12:37:07	40.82020	141.99240	-6	14.8	4	3.4	194
2024/05/11	12:38:02	40.82004	141.99236	6	3.7	3	4.2	198
2024/05/11	12:39:04	40.81975	141.99246	-8	3.7	4	3.4	172
2024/05/11	12:40:03	40.81950	141.99217	-32	0.0	3	4.2	163
2024/05/11	12:41:05	40.81937	141.99285	-10	3.7	4	3.4	198
2024/05/11	12:42:07	40.81911	141.99294	-6	0.0	4	3.4	170
2024/05/11	12:43:05	40.81896	141.99300	-26	0.0	4	3.4	176
2024/05/11	12:44:08	40.81887	141.99343	-8	0.0	4	3.4	176
2024/05/11	12:45:05	40.81868	141.99382	-6	3.7	4	4.0	250
2024/05/11	12:46:07	40.81847	141.99321	-48	0.0	3	4.1	169
2024/05/11	12:47:04	40.81833	141.99326	-52	3.7	4	4.0	227
2024/05/11	12:48:33	40.81797	141.99427	8	0.0	5	1.4	234
2024/05/11	12:49:00	40.81775	141.99450	26	3.7	5	1.4	194
2024/05/11	12:50:00	40.81774	141.99460	22	0.0	5	2.2	193
2024/05/11	12:51:01	40.81766	141.99462	-16	0.0	5	2.0	191
2024/05/11	12:52:00	40.81756	141.99491	-28	0.0	4	2.0	164
2024/05/11	12:53:00	40.81753	141.99481	-60	3.7	5	2.0	182
2024/05/11	12:54:00	40.81707	141.99513	8	3.7	4	2.0	187
2024/05/11	12:55:01	40.81675	141.99545	38	0.0	3	2.1	166
2024/05/11	12:56:01	40.81657	141.99556	2	0.0	4	2.0	191
2024/05/11	12:57:01	40.81644	141.99579	-10	0.0	4	2.1	199
2024/05/11	12:58:00	40.81613	141.99602	14	3.7	3	2.1	175
2024/05/11	12:59:01	40.81601	141.99611	-6	0.0	4	2.0	171
2024/05/11	13:00:00	40.81594	141.99619	-8	0.0	3	2.1	196
2024/05/11	13:01:00	40.81569	141.99650	12	0.0	4	2.0	155
2024/05/11	13:02:00	40.81533	141.99686	-8	0.0	3	2.1	156
2024/05/11	13:03:00	40.81549	141.99674	-24	3.7	3	2.1	128
2024/05/11	13:04:01	40.81507	141.99713	-4	0.0	4	2.0	207
2024/05/11	13:05:00	40.81478	141.99723	14	0.0	3	2.1	184
2024/05/11	13:06:00	40.81468	141.99761	10	3.7	4	2.0	189
2024/05/11	13:07:00	40.81452	141.99782	32	0.0	3	2.1	185
2024/05/11	13:08:01	40.81432	141.99782	2	0.0	4	2.0	204
2024/05/11	13:09:03	40.81420	141.99797	0	0.0	3	2.1	215
2024/05/11	13:10:00	40.81395	141.99824	-4	14.8	3	2.1	186
2024/05/11	13:11:00	40.81377	141.99847	6	0.0	3	2.1	182
2024/05/11	13:12:02	40.81385	141.99817	-32	0.0	3	18.0	166
2024/05/11	13:13:02	40.81324	141.99874	18	3.7	3	2.1	169
2024/05/11	13:14:02	40.81303	141.99866	-8	0.0	2	3.2	141
2024/05/11	13:15:01	40.81287	141.99871	30	0.0	3	2.2	179
2024/05/11	13:16:02	40.81260	141.99898	20	0.0	3	14.2	168
2024/05/11	13:17:01	40.81270	141.99852	-36	14.8	3	13.3	184
2024/05/11	13:18:02	40.81228	141.99876	-28	0.0	3	12.4	154
2024/05/11	13:19:02	40.81182	141.99901	-16	3.7	3	2.0	154
2024/05/11	13:20:01	40.81179	141.99910	-14	0.0	4	2.0	162
2024/05/11	13:21:01	40.81175	141.99930	-22	3.7	3	2.2	180
2024/05/11	13:22:00	40.81152	141.99917	-54	3.7	3	2.2	184
2024/05/11	13:23:01	40.81133	141.99961	-18	0.0	4	2.0	177
2024/05/11	13:24:00	40.81073	142.00035	48	3.7	3	2.2	208
2024/05/11	13:25:00	40.81094	141.99997	-4	0.0	4	2.0	211
2024/05/11	13:26:00	40.81086	141.99978	-32	0.0	3	2.2	183
2024/05/11	13:27:01	40.81062	142.00029	-6	0.0	4	2.0	211
2024/05/11	13:28:00	40.81055	142.00030	-10	0.0	4	2.0	188
2024/05/11	13:29:00	40.81050	142.00040	-42	0.0	3	2.3	187
2024/05/11	13:30:01	40.81027	142.00078	-18	0.0	3	2.3	210
2024/05/11	13:31:00	40.80997	142.00096	-6	0.0	3	2.0	182
2024/05/11	13:32:00	40.81016	142.00092	-52	0.0	3	2.3	208
2024/05/11	13:33:00	40.80983	142.00125	-20	0.0	3	2.3	209
2024/05/11	13:34:00	40.80956	142.00143	8	0.0	4	2.0	213
2024/05/11	13:35:00	40.80949	142.00152	-0	0.0	4	2.0	159
2024/05/11	13:36:01	40.80917	142.00178	14	0.0	3	2.3	212
2024/05/11	13:37:00	40.80885	142.00214	44	0.0	3	2.3	216
2024/05/11	13:38:00	40.80896	142.00206	-6	0.0	4	2.0	183
2024/05/11	13:39:00	40.80910	142.00183	-64	0.0	3	2.3	188
2024/05/11	13:40:00	40.80864	142.00232	10	0.0	3	2.3	183
2024/05/11	13:41:00	40.80864	142.00237	2	0.0	3	2.4	186
2024/05/11	13:42:01	40.80858	142.00231	-34	3.7	3	2.4	186
2024/05/11	13:43:01	40.80825	142.00285	0	3.7	4	1.4	214
2024/05/11	13:44:00	40.80803	142.00304	22	0.0	3	2.4	210
2024/05/11	13:45:01	40.80805	142.00300	-12	0.0	4	1.4	215
2024/05/11	13:46:00	40.80793	142.00320	-24	0.0	4	1.4	212
2024/05/11	13:47:00	40.80764	142.00345	12	0.0	3	2.4	186
2024/05/11	13:48:01	40.80757	142.00376	-0	3.7	3	5.1	178
2024/05/11	13:49:02	40.80729	142.00382	10	0.0	3	2.0	201
2024/05/11	13:50:00	40.80699	142.00415	-8	0.0	3	2.4	215
2024/05/11	13:51:02	40.80665	142.00425	48	0.0	2	8.0	166
2024/05/11	13:52:01	40.80676	142.00426	6	0.0	3	2.4	172
2024/05/11	13:53:01	40.80660	142.00452	-2	0.0	3	1.4	204
2024/05/11	13:54:01	40.80650	142.00463	-16	0.0	3	3.0	205
2024/05/11	13:55:01	40.80609	142.00491	18	0.0	3	3.0	219
2024/05/11	13:56:01	40.80618	142.00485	-16	0.0	4	1.4	258
2024/05/11	13:57:01	40.80605	142.00505	-10	0.0	4	1.3	213
2024/05/11	13:58:00	40.80590	142.00518	-14	0.0	4	1.3	189
2024/05/11	13:59:01	40.80566	142.00555	4	0.0	4	1.3	212
2024/05/11	14:00:00	40.80569	142.00559	-12	0.0	4	2.2	210
2024/05/11	14:01:01	40.80557	142.00573	-30	0.0	4	2.2	176
2024/05/11	14:02:01	40.80527	142.00617	0	3.7	4	2.2	215
2024/05/11	14:03:02	40.80525	142.00629	0	0.0	4	2.2	240
2024/05/11	14:04:01	40.80513	142.00634	-12	0.0	4	2.2	236
2024/05/11	14:05:01	40.80491	142.00664	-0	0.0	4	2.2	263
2024/05/11	14:06:00	40.80471	142.00697	4	0.0	4	2.1	214
2024/05/11	14:07:01	40.80453	142.00701	-6	0.0	4	2.1	233
2024/05/11	14:08:01	40.80440	142.00723	4	0.0	4	2.1	260
2024/05/11	14:09:01	40.80437	142.00728	-14	0.0	4	2.1	231
2024/05/11	14:10:01	40.80420	142.00745	-10	0.0	4	2.1	235
2024/05/11	14:11:01	40.80399	142.00760	-6	0.0	4	2.1	239
2024/05/11	14:12:01	40.80376	142.00791	4	0.0	3	4.1	233
2024/05/11	14:13:01	40.80374	142.00805	8	0.0	4	2.1	262
2024/05/11	14:14:01	40.80369	142.00828	8	0.0	4	2.1	264
2024/05/11	14:15:02	40.80350	142.00820	8	0.0	3	7.3	231
2024/05/11	14:16:02	40.80337	142.00822	-6	0.0	4	2.1	268
2024/05/11	14:17:01	40.80364	142.00889	60	0.0	3	8.0	251
2024/05/11	14:18:02	40.80313	142.00870	8	0.0	4	2.1	263
2024/05/11	14:19:01	40.80300	142.00862	-6	0.0	4	2.0	292
2024/05/11	14:20:02	40.80281	142.00880	0	0.0	3	3.4	258
2024/05/11	14:21:04	40.80247	142.00863	-44	3.7	3	8.4	226
2024/05/11	14:22:02	40.80242	142.00879	-30	3.7	3	9.1	291
2024/05/11	14:23:02	40.80259	142.00954	10	0.0	3	9.2	234
2024/05/11	14:24:02	40.80222	142.00931	-10	0.0	3	9.4	257
2024/05/11	14:25:02	40.80189	142.00915	-34	0.0	3	10.0	255
2024/05/11	14:26:02	40.80226	142.01008	20	0.0	3	10.2	236
2024/05/11	14:27:02	40.80195	142.01042	32	14.8	3	10.4	242
2024/05/11	14:28:03	40.80169	142.00995	-20	3.7	3	11.1	239
2024/05/11	14:29:03	40.80188	142.01077	38	0.0	3	11.3	243
2024/05/11	14:30:01	40.80107	142.00985	-62	0.0	3	12.1	177
2024/05/11	14:31:01	40.80083	142.00998	-38	0.0	3	12.3	184
2024/05/11	14:32:02	40.80166	142.01201	78	0.0	3	13.1	239
2024/05/11	14:33:01	40.80014	142.00948	-122	0.0	3	13.4	238
2024/05/11	14:34:02	40.80060	142.01080	-22	0.0	3	14.2	240
2024/05/11	14:35:04	40.80067	142.01161	14	0.0	3	15.1	223
2024/05/11	14:36:02	40.80028	142.01121	-26	0.0	3	16.0	195
2024/05/11	14:37:02	40.80026	142.01172	10	0.0	3	16.4	236
2024/05/11	14:38:02	40.80061	142.01312	82	0.0	3	17.4	243
2024/05/11	14:39:02	40.80008	142.01238	12	3.7	3	19.0	235
2024/05/11	14:40:04	40.80015	142.01258	60	3.7	3	20.1	260
2024/05/11	14:41:04	40.79909	142.00997	-52	3.7	3	21.3	232
2024/05/11	14:47:35	40.79832	142.00960	-10	0.0	5	1.2	240
2024/05/11	14:48:01	40.79824	142.00962	-18	0.0	4	2.2	236
2024/05/11	14:49:01	40.79813	142.00983	-4	0.0	5	1.2	225
2024/05/11	14:50:03	40.79782	142.01011	6	3.7	3	2.4	180
2024/05/11	14:51:01	40.79745	142.01035	78	3.7	2	4.0	208
2024/05/11	14:52:02	40.79682	142.01106	-4	3.7	2	15.1	195
2024/05/11	14:53:01	40.79726	142.01052	24	0.0	3	3.0	226
2024/05/11	14:54:00	40.79716	142.01077	16	0.0	4	2.2	241
2024/05/11	14:55:02	40.79697	142.01059	26	0.0	3	3.0	225
2024/05/11	14:56:02	40.79688	142.01092	-30	0.0	3	3.0	239
2024/05/11	14:57:01	40.79670	142.01109	2	0.0	4	2.2	251
2024/05/11	14:58:02	40.79673	142.01095	-44	0.0	3	3.0	248
2024/05/11	14:59:01	40.79632	142.01127	18	0.0	3	3.0	206
2024/05/11	15:00:01	40.79654	142.01141	42	22.2	3	3.0	294
2024/05/11	15:01:01	40.79762	142.01026	-32	18.5	3	2.4	290
2024/05/11	15:02:01	40.79742	142.01073	18	22.2	3	2.4	298
2024/05/11	15:03:01	40.79745	142.00805	-22	14.8	2	3.4	261
2024/05/11	15:04:01	40.79863	142.00933	-12	18.5	3	3.0	245
2024/05/11	15:05:02	40.79876	142.01000	-34	3.7	3	3.0	202
2024/05/11	15:06:02	40.80020	142.01140	0	33.3	3	3.0	284
2024/05/11	15:07:01	40.80078	142.01149	-4	0.0	3	3.0	224
2024/05/11	15:08:01	40.80058	142.01164	2	0.0	3	3.0	180
2024/05/11	15:09:01	40.80036	142.01192	-4	0.0	3	3.0	181
2024/05/11	15:10:01	40.80014	142.01210	24	0.0	3	3.0	224
2024/05/11	15:11:01	40.80003	142.01216	-0	0.0	3	3.0	234
2024/05/11	15:12:02	40.79983	142.01224	-8	0.0	3	3.0	237
2024/05/11	15:13:01	40.79956	142.01248	14	0.0	3	3.0	209
2024/05/11	15:14:02	40.79947	142.01252	-10	0.0	3	3.0	228
2024/05/11	15:15:02	40.79920	142.01265	-22	0.0	2	3.3	201
2024/05/11	15:16:03	40.79906	142.01286	-10	3.7	2	3.4	221
2024/05/11	15:17:02	40.79884	142.01305	-0	0.0	2	3.4	226
2024/05/11	15:18:03	40.79864	142.01309	-18	0.0	3	3.1	227
2024/05/11	15:19:01	40.79847	142.01319	-4	0.0	3	3.1	206
2024/05/11	15:20:02	40.79827	142.01344	-8	0.0	3	3.1	257
2024/05/11	15:21:01	40.79807	142.01347	-26	0.0	3	3.1	230
2024/05/11	15:22:02	40.79789	142.01379	-4	0.0	3	3.2	241
2024/05/11	15:23:01	40.79765	142.01394	-2	0.0	3	3.1	228
2024/05/11	15:24:01	40.79743	142.01395	-14	0.0	3	3.1	241
2024/05/11	15:25:01	40.79730	142.01431	-0	0.0	3	3.2	227
2024/05/11	15:26:01	40.79708	142.01452	-6	0.0	3	3.2	237
2024/05/11	15:27:02	40.79694	142.01451	-38	0.0	3	3.2	236
2024/05/11	15:28:02	40.79659	142.01469	-14	0.0	3	3.2	265
2024/05/11	15:29:01	40.79631	142.01503	0	0.0	3	3.2	260
2024/05/11	15:30:03	40.79608	142.01513	12	3.7	3	3.3	242
2024/05/11	15:31:01	40.79598	142.01509	-12	0.0	3	3.3	212
2024/05/11	15:32:01	40.79565	142.01561	20	3.7	3	3.4	234
2024/05/11	15:33:02	40.79539	142.01554	-40	14.8	2	7.2	233
2024/05/11	15:34:02	40.79531	142.01551	-18	3.7	3	3.4	236
2024/05/11	15:35:02	40.79510	142.01537	-30	0.0	3	3.4	237
2024/05/11	15:36:02	40.79456	142.01612	4	7.4	3	3.4	236
2024/05/11	15:37:02	40.79440	142.01616	-12	0.0	3	4.0	237
2024/05/11	15:38:02	40.79413	142.01625	6	3.7	3	4.1	236
2024/05/11	15:39:01	40.79388	142.01625	-14	0.0	3	4.0	230
2024/05/11	15:40:03	40.79350	142.01645	-4	0.0	3	4.0	240
2024/05/11	15:41:04	40.79328	142.01627	-8	3.7	3	4.1	234
2024/05/11	15:42:02	40.79303	142.01630	-18	0.0	3	4.2	232
2024/05/11	15:43:02	40.79277	142.01635	-24	0.0	2	5.0	234
2024/05/11	15:44:02	40.79264	142.01626	-24	0.0	3	4.3	228
2024/05/11	15:45:02	40.79230	142.01656	-30	0.0	3	4.4	241
2024/05/11	15:46:01	40.79184	142.01701	-0	0.0	3	4.4	237
2024/05/11	15:47:02	40.79190	142.01650	-14	3.7	3	4.3	236
2024/05/11	15:48:01	40.79159	142.01663	-20	22.2	3	5.0	248
2024/05/11	15:49:01	40.79129	142.01684	18	0.0	3	4.4	239
2024/05/11	15:50:02	40.79111	142.01707	14	3.7	3	5.1	235
2024/05/11	15:51:01	40.79089	142.01706	26	3.7	2	4.0	199
2024/05/11	15:52:01	40.79072	142.01670	-4	3.7	3	5.2	245
2024/05/11	15:53:01	40.79043	142.01681	-2	0.0	3	5.3	244
2024/05/11	15:54:02	40.79027	142.01677	-14	0.0	3	5.4	241
2024/05/11	15:55:02	40.79016	142.01674	-2	0.0	3	5.3	243
2024/05/11	15:56:02	40.78980	142.01700	22	0.0	3	6.0	244
2024/05/11	15:57:01	40.78973	142.01653	-22	0.0	3	6.1	241
2024/05/11	15:58:01	40.78959	142.01677	-10	0.0	3	6.2	215
2024/05/11	15:59:01	40.78920	142.01691	-18	0.0	1	8.3	229
2024/05/11	16:00:02	40.78898	142.01737	26	0.0	3	6.4	239
2024/05/11	16:01:01	40.78909	142.01675	-32	0.0	3	7.0	219
2024/05/11	16:02:02	40.78871	142.01708	16	0.0	3	7.1	251
2024/05/11	16:03:04	40.78873	142.01664	-42	3.7	3	7.2	235
2024/05/11	16:04:03	40.78870	142.01648	-32	3.7	3	7.4	271
2024/05/11	16:05:03	40.78892	142.01549	-138	0.0	3	8.0	235
2024/05/11	16:06:03	40.78837	142.01665	-18	3.7	3	8.1	234
2024/05/11	16:07:02	40.78774	142.01762	26	0.0	3	8.3	209
2024/05/11	16:08:02	40.78821	142.01651	-42	0.0	3	9.0	224
2024/05/11	16:09:05	40.78844	142.01607	-62	3.7	3	9.2	230
2024/05/11	16:10:04	40.78755	142.01737	-6	0.0	3	9.4	241
2024/05/11	16:11:06	40.78756	142.01722	-12	7.4	3	10.1	223
2024/05/11	16:12:06	40.78692	142.01801	44	18.5	3	10.3	226
2024/05/11	16:13:07	40.78754	142.01688	-58	0.0	3	11.1	224
2024/05/11	16:14:05	40.78687	142.01769	8	3.7	3	11.4	259
2024/05/11	16:15:06	40.78702	142.01737	-38	7.4	3	12.2	225
2024/05/11	16:16:08	40.78647	142.01809	22	25.9	3	13.1	216
2024/05/11	16:17:09	40.78663	142.01769	-28	25.9	3	14.1	226
2024/05/11	16:18:05	40.78632	142.01781	-18	0.0	3	15.0	230
2024/05/11	16:19:08	40.78638	142.01764	-32	7.4	3	16.1	250
2024/05/11	16:20:12	40.78589	142.01823	-12	3.7	3	17.3	224
2024/05/11	16:21:23	40.78553	142.01866	16	0.0	3	19.2	248
2024/05/11	16:22:33	40.78554	142.01842	-0	0.0	3	3.1	250
2024/05/11	16:23:02	40.78536	142.01848	-4	0.0	2	2.4	211
2024/05/11	16:24:03	40.78526	142.01860	-0	0.0	2	2.4	225
2024/05/11	16:25:02	40.78483	142.01858	-42	0.0	3	3.1	212
2024/05/11	16:26:01	40.78479	142.01862	-14	0.0	3	3.2	224
2024/05/11	16:27:01	40.78480	142.01865	-18	0.0	3	3.2	196
2024/05/11	16:28:02	40.78479	142.01870	2	0.0	3	3.2	233
2024/05/11	16:29:02	40.78462	142.01875	0	0.0	3	3.2	211
2024/05/11	16:30:02	40.78449	142.01867	-30	0.0	3	3.2	189
2024/05/11	16:31:02	40.78457	142.01886	0	0.0	3	3.2	189
2024/05/11	16:32:02	40.78448	142.01892	20	0.0	3	3.3	215
2024/05/11	16:33:02	40.78433	142.01888	6	0.0	3	3.3	213
2024/05/11	16:34:03	40.78401	142.01871	-6	0.0	3	3.3	216
2024/05/11	16:35:02	40.78393	142.01877	-4	0.0	3	3.3	205
2024/05/11	16:36:02	40.78371	142.01883	8	0.0	3	3.3	189
2024/05/11	16:37:02	40.78372	142.01890	4	0.0	3	3.3	238
2024/05/11	16:38:04	40.78341	142.01886	-16	0.0	3	3.4	217
2024/05/11	16:39:01	40.78344	142.01906	-2	0.0	3	3.4	193
2024/05/11	16:40:02	40.78310	142.01910	6	0.0	3	3.4	202
2024/05/11	16:41:03	40.78319	142.01927	20	0.0	3	3.4	216
2024/05/11	16:42:02	40.78289	142.01931	16	0.0	3	3.4	214
2024/05/11	16:43:02	40.78271	142.01931	16	0.0	2	3.2	189
2024/05/11	16:44:05	40.78254	142.01951	16	0.0	2	3.2	209
2024/05/11	16:45:02	40.78245	142.01979	46	0.0	3	4.0	216
2024/05/11	16:46:02	40.78224	142.01979	48	0.0	2	3.3	216
2024/05/11	16:47:03	40.78197	142.01981	-30	0.0	3	4.0	212
2024/05/11	16:48:01	40.78196	142.01991	4	0.0	3	4.0	218
2024/05/11	16:49:01	40.78151	142.01988	-24	0.0	3	4.0	215
2024/05/11	16:50:02	40.78162	142.02013	18	0.0	3	4.0	191
2024/05/11	16:51:02	40.78132	142.01994	-16	3.7	3	4.0	217
2024/05/11	16:52:02	40.78124	142.02000	-10	0.0	3	4.1	193
2024/05/11	16:53:01	40.78128	142.02008	8	0.0	3	4.1	217
2024/05/11	16:54:02	40.78103	142.02011	-2	0.0	3	4.1	220
2024/05/11	16:55:01	40.78103	142.02018	0	0.0	3	4.1	220
2024/05/11	16:56:02	40.78063	142.02019	-0	0.0	3	4.1	217
2024/05/11	16:57:01	40.78055	142.02017	4	0.0	3	4.1	219
2024/05/11	16:58:04	40.78051	142.02021	12	0.0	3	4.1	208
2024/05/11	16:59:02	40.78033	142.02024	14	0.0	3	4.2	220
2024/05/11	17:00:01	40.78001	142.02018	-10	0.0	3	4.2	219
2024/05/11	17:01:02	40.77995	142.02019	-14	0.0	3	4.2	216
2024/05/11	17:02:02	40.77998	142.02031	-0	0.0	3	4.2	219
2024/05/11	17:03:02	40.77977	142.02025	-24	0.0	3	4.2	217
2024/05/11	17:04:03	40.77960	142.02044	-6	0.0	3	4.3	217
2024/05/11	17:05:02	40.77969	142.02043	-0	0.0	3	4.3	215
2024/05/11	17:06:03	40.77940	142.02046	-10	3.7	3	4.3	217
2024/05/11	17:07:03	40.77920	142.02056	6	0.0	3	4.3	217
2024/05/11	17:08:02	40.77907	142.02057	-0	0.0	3	4.4	218
2024/05/11	17:09:03	40.77897	142.02033	-50	0.0	3	4.4	206
2024/05/11	17:10:04	40.77864	142.02069	14	7.4	3	4.4	217
2024/05/11	17:11:02	40.77847	142.02068	2	0.0	3	4.4	218
2024/05/11	17:12:01	40.77830	142.02055	-6	0.0	3	5.0	218
2024/05/11	17:13:04	40.77831	142.02066	18	0.0	3	5.0	213
2024/05/11	17:14:06	40.77820	142.02065	12	0.0	3	5.0	213
2024/05/11	17:15:05	40.77801	142.02066	-20	0.0	3	5.1	233
2024/05/11	17:16:03	40.77793	142.02080	6	3.7	3	5.1	210
2024/05/11	17:17:02	40.77801	142.02061	-6	0.0	3	5.1	218
2024/05/11	17:18:03	40.77755	142.02089	12	0.0	3	5.2	218
2024/05/11	17:19:03	40.77736	142.02092	8	0.0	3	5.2	223
2024/05/11	17:20:01	40.77702	142.02106	-4	0.0	3	5.2	220
2024/05/11	17:21:01	40.77712	142.02112	34	0.0	3	5.3	215
2024/05/11	17:22:02	40.77692	142.02109	2	0.0	3	5.3	209
2024/05/11	17:23:06	40.77693	142.02099	-0	0.0	3	5.3	243
2024/05/11	17:24:01	40.77684	142.02101	-0	0.0	3	5.4	217
2024/05/11	17:25:01	40.77671	142.02124	22	0.0	3	5.4	217
2024/05/11	17:26:01	40.77656	142.02083	-20	0.0	3	5.4	220
2024/05/11	17:27:05	40.77638	142.02106	-6	3.7	3	6.0	232
2024/05/11	17:28:02	40.77639	142.02095	-16	0.0	3	6.0	238
2024/05/11	17:29:02	40.77626	142.02115	12	0.0	3	6.0	232
2024/05/11	17:30:01	40.77610	142.02124	28	0.0	3	6.1	241
2024/05/11	17:31:01	40.77598	142.02097	-4	0.0	3	6.1	243
2024/05/11	17:32:01	40.77600	142.02085	-0	0.0	3	6.1	242
2024/05/11	17:33:02	40.77599	142.02048	-38	0.0	3	6.2	246
2024/05/11	17:34:02	40.77568	142.02095	-0	3.7	3	6.2	234
2024/05/11	17:35:03	40.77557	142.02095	-8	3.7	3	6.2	239
2024/05/11	17:36:02	40.77548	142.02114	6	3.7	3	6.2	213
2024/05/11	17:37:02	40.77560	142.02063	-8	0.0	3	6.2	244
2024/05/11	17:38:02	40.77534	142.02083	-8	0.0	3	6.3	246
2024/05/11	17:39:02	40.77526	142.02070	-24	0.0	3	6.3	245
2024/05/11	17:40:03	40.77528	142.02029	-30	0.0	3	6.3	247
2024/05/11	17:41:33	40.77481	142.02097	4	14.8	5	1.2	315
2024/05/11	17:42:00	40.77443	142.02090	0	3.7	4	2.1	323
2024/05/11	17:43:00	40.77429	142.02091	8	0.0	4	1.4	237
2024/05/11	17:44:00	40.77433	142.02085	-4	0.0	4	1.3	318
2024/05/11	17:45:00	40.77438	142.02080	-0	0.0	4	2.1	275
2024/05/11	17:46:00	40.77400	142.02111	-4	0.0	5	1.2	292
2024/05/11	17:47:00	40.77401	142.02092	6	0.0	5	1.2	317
2024/05/11	17:48:00	40.77392	142.02088	18	0.0	5	1.2	313
2024/05/11	17:49:00	40.77378	142.02090	10	0.0	5	1.2	317
2024/05/11	17:50:00	40.77358	142.02080	-0	0.0	4	2.4	315
2024/05/11	17:51:00	40.77340	142.02090	-10	0.0	4	1.2	294
2024/05/11	17:52:00	40.77331	142.02085	14	0.0	4	1.2	288
2024/05/11	17:53:00	40.77307	142.02100	-0	0.0	4	1.2	262
2024/05/11	17:54:00	40.77294	142.02090	2	0.0	3	1.4	259
2024/05/11	17:55:00	40.77260	142.02110	-8	0.0	4	1.2	312
2024/05/11	17:56:00	40.77263	142.02086	10	0.0	4	1.2	309
2024/05/11	17:57:00	40.77245	142.02088	-6	0.0	4	1.2	316
2024/05/11	17:58:00	40.77241	142.02084	-6	0.0	4	1.3	319
2024/05/11	17:59:00	40.77192	142.02089	-26	0.0	4	1.3	311
2024/05/11	18:00:00	40.77208	142.02082	4	0.0	5	1.2	261
2024/05/11	18:01:00	40.77192	142.02099	4	0.0	4	1.3	286
2024/05/11	18:02:00	40.77173	142.02090	10	0.0	3	1.4	226
2024/05/11	18:03:02	40.77180	142.02082	2	0.0	5	1.2	281
2024/05/11	18:04:00	40.77159	142.02092	-18	0.0	4	1.3	288
2024/05/11	18:05:00	40.77124	142.02102	6	0.0	4	1.3	295
2024/05/11	18:06:00	40.77121	142.02096	-2	0.0	3	1.4	268
2024/05/11	18:07:00	40.77092	142.02103	-6	0.0	4	1.3	290
2024/05/11	18:08:00	40.77089	142.02093	-4	0.0	3	1.4	296
2024/05/11	18:09:00	40.77067	142.02105	-4	3.7	4	1.4	283
2024/05/11	18:10:00	40.77073	142.02081	24	0.0	4	1.4	286
2024/05/11	18:11:01	40.77037	142.02099	4	0.0	4	1.3	321
2024/05/11	18:12:00	40.77020	142.02074	-14	0.0	4	1.4	307
2024/05/11	18:13:00	40.76990	142.02110	-10	0.0	4	1.4	286
2024/05/11	18:14:00	40.76983	142.02093	2	0.0	4	1.4	290
2024/05/11	18:15:00	40.76967	142.02086	48	0.0	3	2.0	257
2024/05/11	18:16:00	40.76942	142.02109	-30	0.0	3	2.4	252
2024/05/11	18:17:01	40.76942	142.02100	14	0.0	4	2.0	306
2024/05/11	18:18:01	40.76915	142.02112	-6	0.0	4	2.0	305
2024/05/11	18:19:01	40.76903	142.02108	6	0.0	4	2.0	298
2024/05/11	18:20:01	40.76893	142.02102	2	0.0	4	2.0	307
2024/05/11	18:21:00	40.76872	142.02114	12	0.0	3	2.0	282
2024/05/11	18:22:00	40.76866	142.02109	8	0.0	3	2.0	281
2024/05/11	18:23:00	40.76850	142.02125	-6	0.0	3	2.1	284
2024/05/11	18:24:01	40.76845	142.02123	10	0.0	4	2.0	260
2024/05/11	18:25:00	40.76821	142.02134	0	0.0	4	2.0	286
2024/05/11	18:26:00	40.76805	142.02122	0	0.0	4	2.1	285
2024/05/11	18:27:00	40.76804	142.02109	4	0.0	4	2.1	260
2024/05/11	18:28:00	40.76782	142.02114	4	0.0	4	2.1	285
2024/05/11	18:29:02	40.76774	142.02120	-4	0.0	4	2.1	253
2024/05/11	18:30:01	40.76747	142.02135	-36	0.0	4	2.1	252
2024/05/11	18:31:00	40.76749	142.02132	4	0.0	4	2.1	286
2024/05/11	18:32:01	40.76737	142.02138	-8	0.0	4	2.1	284
2024/05/11	18:33:00	40.76684	142.02167	-10	14.8	3	2.2	283
2024/05/11	18:34:00	40.76613	142.01459	8	25.9	4	2.1	289
2024/05/11	18:35:00	40.76513	142.01463	-10	22.2	4	2.1	285
2024/05/11	18:36:01	40.76483	142.01545	-2	0.0	2	3.3	282
2024/05/11	18:37:00	40.76433	142.01560	2	0.0	4	2.1	283
2024/05/11	18:38:01	40.76412	142.01538	18	0.0	2	3.1	304
2024/05/11	18:39:01	40.76385	142.01534	-16	0.0	4	2.0	275
2024/05/11	18:40:00	40.76371	142.01575	-20	22.2	4	2.0	319
2024/05/11	18:41:00	40.76366	142.01700	6	0.0	3	2.1	258
2024/05/11	18:42:01	40.76372	142.01697	8	25.9	4	2.0	298
2024/05/11	18:43:00	40.76379	142.01693	-50	0.0	3	2.0	307
2024/05/11	18:44:00	40.76402	142.01781	6	33.3	4	2.0	268
2024/05/11	18:45:00	40.76445	142.02350	-14	25.9	4	2.0	320
2024/05/11	18:46:00	40.76382	142.02754	14	25.9	4	1.4	281
2024/05/11	18:47:00	40.76393	142.03246	-6	25.9	4	1.4	259
2024/05/11	18:48:00	40.76460	142.03739	2	22.2	3	1.4	314
2024/05/11	18:49:00	40.76457	142.04280	-10	29.6	4	1.4	261
2024/05/11	18:50:01	40.76450	142.04834	-22	25.9	3	1.4	317
2024/05/11	18:51:01	40.76446	142.05362	-4	22.2	3	1.4	312
2024/05/11	18:52:00	40.76423	142.05815	10	18.5	3	2.0	249
2024/05/11	18:53:01	40.76343	142.06331	-24	22.2	3	1.4	311
2024/05/11	18:54:00	40.76128	142.06647	-4	22.2	3	1.4	319
2024/05/11	18:55:00	40.75862	142.06984	14	25.9	3	1.4	320
2024/05/11	18:56:00	40.75478	142.07112	4	33.3	3	1.3	314
2024/05/11	18:57:00	40.75040	142.07002	-0	22.2	3	1.3	325
2024/05/11	18:58:00	40.74619	142.06929	-4	29.6	3	1.3	305
2024/05/11	18:59:01	40.74205	142.06480	6	37.0	3	1.3	289
2024/05/11	19:00:00	40.73892	142.05820	-2	37.0	3	1.3	284
2024/05/11	19:01:00	40.73513	142.05338	56	33.3	3	1.3	312
2024/05/11	19:02:00	40.73095	142.05187	-6	25.9	3	1.3	342
2024/05/11	19:03:00	40.72653	142.05224	-0	22.2	3	1.3	319
2024/05/11	19:04:00	40.72446	142.05536	-34	22.2	3	1.3	288
2024/05/11	19:05:01	40.72299	142.05934	12	22.2	3	1.3	304
2024/05/11	19:06:00	40.72261	142.06397	10	25.9	3	1.3	294
2024/05/11	19:07:01	40.72312	142.06940	26	25.9	3	1.3	317
2024/05/11	19:08:00	40.72317	142.07504	-2	29.6	3	1.3	236
2024/05/11	19:09:01	40.72294	142.08061	30	25.9	3	1.3	318
2024/05/11	19:10:00	40.72125	142.07900	-42	29.6	3	1.3	261
2024/05/11	19:11:01	40.71719	142.07554	6	33.3	3	1.3	321
2024/05/11	19:12:01	40.71354	142.07078	20	40.7	3	1.3	316
2024/05/11	19:13:01	40.71099	142.06330	6	37.0	3	1.3	283
2024/05/11	19:14:00	40.70806	142.05802	-24	11.1	3	1.3	263
2024/05/11	19:15:01	40.70574	142.05257	46	37.0	3	1.3	285
2024/05/11	19:16:01	40.70260	142.04661	18	37.0	3	1.3	283
2024/05/11	19:17:01	40.69920	142.04097	2	44.4	3	1.3	314
2024/05/11	19:18:01	40.69643	142.03434	4	37.0	2	1.4	311
2024/05/11	19:19:02	40.69294	142.02806	14	29.6	3	1.4	319
2024/05/11	19:20:01	40.69022	142.02231	80	29.6	3	1.4	313
2024/05/11	19:21:01	40.68773	142.01617	56	29.6	3	1.4	287
2024/05/11	19:22:02	40.68470	142.01063	44	33.3	3	1.4	313
2024/05/11	19:23:01	40.68139	142.00508	32	33.3	3	1.4	284
2024/05/11	19:24:01	40.67770	142.00065	-2	37.0	3	1.4	289
2024/05/11	19:25:02	40.67349	141.99498	-2	33.3	3	1.4	278
2024/05/11	19:26:01	40.66867	141.99259	16	33.3	3	1.4	287
2024/05/11	19:27:01	40.66395	141.99257	0	29.6	3	1.4	319
2024/05/11	19:28:01	40.65907	141.99080	2	33.3	3	2.0	286
2024/05/11	19:29:01	40.65597	141.98600	2	37.0	3	2.0	287
2024/05/11	19:30:01	40.65378	141.97938	4	37.0	3	2.0	297
2024/05/11	19:31:01	40.64955	141.97661	-34	33.3	3	2.0	285
2024/05/11	19:32:01	40.64455	141.97346	14	33.3	3	2.0	287
2024/05/11	19:33:01	40.63952	141.97145	48	33.3	3	2.0	290
2024/05/11	19:34:01	40.63507	141.96750	12	33.3	3	2.1	324
2024/05/11	19:35:01	40.63057	141.96346	-6	33.3	3	2.1	318
2024/05/11	19:36:01	40.63361	141.95518	-6	55.6	2	1.3	322
2024/05/11	19:37:01	40.63382	141.94683	-6	37.0	2	1.3	290
2024/05/11	19:38:02	40.63008	141.94079	12	37.0	3	2.1	291
2024/05/11	19:39:01	40.62566	141.93588	-4	40.7	3	2.2	294
2024/05/11	19:40:01	40.62084	141.93083	12	37.0	3	2.2	291
2024/05/11	19:41:02	40.61663	141.92482	-8	40.7	3	2.2	294
2024/05/11	19:42:02	40.61193	141.91978	10	40.7	3	2.2	291
2024/05/11	19:43:02	40.60722	141.91444	34	40.7	3	2.3	291
2024/05/11	19:44:02	40.60333	141.90816	-12	40.7	3	2.3	287
2024/05/11	19:45:02	40.59921	141.90283	26	37.0	3	2.3	297
2024/05/11	19:46:01	40.59535	141.89693	28	37.0	3	2.4	297
2024/05/11	19:47:02	40.59243	141.89003	4	37.0	3	2.4	294
2024/05/11	19:48:02	40.58892	141.88342	18	37.0	3	2.4	293
2024/05/11	19:49:02	40.58583	141.87689	32	37.0	3	3.0	292
2024/05/11	19:50:02	40.58531	141.87572	12	22.2	3	3.0	295
2024/05/11	19:51:02	40.58351	141.87275	-14	33.3	3	3.1	290
2024/05/11	19:52:03	40.58035	141.86737	18	33.3	3	3.1	291
2024/05/11	19:53:01	40.57860	141.86128	34	33.3	3	3.1	293
2024/05/11	19:54:01	40.57479	141.85591	18	37.0	3	3.2	326
2024/05/11	19:55:01	40.57027	141.85076	-10	37.0	3	3.3	328
2024/05/11	19:56:01	40.56558	141.84632	-14	37.0	3	3.3	290
2024/05/11	19:57:01	40.56088	141.84167	60	37.0	3	3.4	323
2024/05/11	19:58:01	40.55699	141.83563	6	40.7	3	4.0	323
2024/05/11	19:59:01	40.55400	141.83142	8	25.9	3	4.0	289
2024/05/11	20:06:05	40.53514	141.77783	30	40.7	6	1.2	313
2024/05/11	20:07:00	40.53199	141.77094	30	40.7	5	1.3	318
2024/05/11	20:08:00	40.52838	141.76378	42	44.4	4	1.4	320
2024/05/11	20:09:00	40.52511	141.75564	28	44.4	6	1.2	321
2024/05/11	20:10:00	40.52188	141.74736	-8	48.2	3	2.1	281
2024/05/11	20:11:01	40.51809	141.74025	22	33.3	5	1.3	313
2024/05/11	20:12:00	40.51721	141.73870	10	40.7	4	1.3	321
2024/05/11	20:13:00	40.51473	141.73024	36	40.7	4	1.3	315
2024/05/11	20:14:00	40.51237	141.72190	22	40.7	5	1.3	311
2024/05/11	20:15:00	40.50987	141.71392	18	44.4	4	2.0	319
2024/05/11	20:16:00	40.50724	141.70531	32	44.4	4	1.3	282
2024/05/11	20:17:01	40.50545	141.69625	16	44.4	5	1.3	318
2024/05/11	20:18:00	40.50414	141.68759	18	44.4	3	1.4	314
2024/05/11	20:19:00	40.50336	141.67908	24	44.4	5	1.3	324
2024/05/11	20:20:00	40.50340	141.67112	22	40.7	5	1.3	319
2024/05/11	20:21:00	40.50359	141.66272	14	44.4	3	1.3	287
2024/05/11	20:22:00	40.50510	141.65482	48	40.7	4	1.4	318
2024/05/11	20:23:00	40.50754	141.64652	8	37.0	4	1.4	283
2024/05/11	20:24:01	40.50901	141.63844	24	44.4	4	1.3	314
2024/05/11	20:25:00	40.51151	141.63108	12	33.3	3	1.3	306
2024/05/11	20:26:00	40.51274	141.62391	36	33.3	4	1.4	290
2024/05/11	20:27:00	40.51402	141.61559	6	40.7	4	1.3	284
2024/05/11	20:28:00	40.51644	141.60761	24	44.4	4	1.3	289
2024/05/11	20:29:00	40.51944	141.59984	20	40.7	4	1.4	262
2024/05/11	20:30:00	40.52346	141.59252	12	40.7	4	1.4	293
2024/05/11	20:31:01	40.52924	141.58922	34	37.0	4	1.3	224
2024/05/11	20:32:00	40.53174	141.58971	64	37.0	4	1.3	292
2024/05/11	20:33:00	40.53756	141.58458	10	48.2	3	2.1	261
2024/05/11	20:34:01	40.54146	141.57820	18	40.7	4	1.3	293
2024/05/11	20:35:00	40.54362	141.57202	18	29.6	4	1.3	228
2024/05/11	20:36:00	40.54296	141.56587	14	22.2	4	1.3	289
2024/05/11	20:37:00	40.54003	141.56246	6	22.2	4	1.3	294
2024/05/11	20:38:01	40.53943	141.55803	-6	0.0	3	4.1	277
2024/05/11	20:39:01	40.53947	141.55812	-16	0.0	3	4.1	259
2024/05/11	20:40:02	40.53916	141.55781	72	0.0	3	4.0	262
2024/05/11	20:41:02	40.53934	141.55803	6	0.0	3	3.4	232
2024/05/11	20:42:02	40.53924	141.55785	36	0.0	3	3.4	257
2024/05/11	20:43:02	40.53931	141.55788	30	0.0	3	3.3	263
2024/05/11	20:44:02	40.53919	141.55782	48	0.0	3	3.3	263
2024/05/11	20:45:03	40.53930	141.55797	30	0.0	3	3.2	263
2024/05/11	20:46:02	40.53957	141.55831	-70	0.0	3	7.1	260
2024/05/11	20:47:02	40.53935	141.55799	4	0.0	3	7.0	262
2024/05/11	20:48:02	40.53948	141.55811	-28	0.0	3	7.0	263
2024/05/11	20:49:02	40.53952	141.55820	-62	0.0	3	6.4	263
2024/05/11	20:50:02	40.53941	141.55804	-14	0.0	3	6.4	234
2024/05/11	20:51:02	40.53933	141.55795	34	0.0	3	6.4	262
2024/05/11	20:52:02	40.53930	141.55799	10	0.0	3	3.0	265
2024/05/11	20:53:02	40.53940	141.55808	-30	0.0	3	6.3	266
2024/05/11	20:54:02	40.53932	141.55781	60	0.0	3	6.3	267
2024/05/11	20:55:02	40.53946	141.55813	-44	0.0	3	2.4	265
2024/05/11	20:56:01	40.53935	141.55794	-4	0.0	3	2.4	263
2024/05/11	20:57:02	40.53947	141.55811	-12	0.0	3	2.3	263
2024/05/11	20:58:02	40.53931	141.55795	12	0.0	3	2.3	264
2024/05/11	20:59:02	40.53941	141.55797	4	0.0	3	2.3	264
2024/05/11	21:00:02	40.53931	141.55795	36	0.0	3	2.3	262
2024/05/11	21:01:02	40.53916	141.55764	136	0.0	3	6.1	260
2024/05/11	21:02:02	40.53936	141.55797	20	0.0	3	2.2	262
2024/05/11	21:03:02	40.53936	141.55796	18	0.0	3	6.1	265
2024/05/11	21:04:02	40.53931	141.55792	38	0.0	3	6.1	263
2024/05/11	21:05:02	40.53915	141.55766	128	0.0	3	6.1	262
2024/05/11	21:06:02	40.53936	141.55796	28	0.0	3	6.1	265
2024/05/11	21:07:02	40.53932	141.55790	24	0.0	3	6.1	265
2024/05/11	21:08:02	40.53942	141.55807	-62	0.0	3	6.1	263
2024/05/11	21:09:02	40.53939	141.55789	38	0.0	3	6.1	263
2024/05/11	21:10:02	40.53927	141.55792	38	0.0	2	3.0	229
2024/05/11	21:11:03	40.53941	141.55789	8	0.0	3	2.1	281
2024/05/11	21:12:02	40.53941	141.55793	22	0.0	3	6.2	286
2024/05/11	21:13:02	40.53941	141.55802	-10	0.0	3	6.2	291
2024/05/11	21:14:13	40.53934	141.55796	26	0.0	3	2.1	288
2024/05/11	21:15:33	40.53938	141.55799	2	0.0	6	1.1	318
2024/05/11	21:16:00	40.53934	141.55808	20	0.0	3	1.4	261
2024/05/11	21:17:00	40.53909	141.55817	30	0.0	4	2.1	257
2024/05/11	21:18:00	40.53938	141.55810	6	0.0	6	1.1	255
2024/05/11	21:19:00	40.53932	141.55808	34	0.0	5	1.2	259
2024/05/11	21:19:59	40.53933	141.55795	16	0.0	3	2.3	297
2024/05/11	21:21:00	40.53937	141.55799	14	0.0	6	1.0	292
2024/05/11	21:21:59	40.53940	141.55806	4	0.0	3	2.1	293
2024/05/11	21:23:00	40.53932	141.55797	-0	0.0	4	1.1	262
2024/05/11	21:23:59	40.53939	141.55791	18	0.0	4	2.0	291
2024/05/11	21:25:00	40.53946	141.55792	-6	0.0	6	1.1	293
2024/05/11	21:25:59	40.53898	141.55816	30	7.4	3	2.3	284
2024/05/11	21:27:00	40.53932	141.55806	-10	0.0	4	1.2	224
2024/05/11	21:28:00	40.53929	141.55803	-4	0.0	5	1.1	231
2024/05/11	21:29:00	40.53947	141.55796	18	0.0	4	1.1	291
2024/05/11	21:30:00	40.53952	141.55791	8	0.0	5	1.1	233
2024/05/11	21:31:00	40.53941	141.55794	-6	0.0	5	1.2	269
2024/05/11	21:32:00	40.53939	141.55799	6	0.0	4	1.1	258
2024/05/11	21:33:00	40.53923	141.55807	14	0.0	4	2.0	230
2024/05/11	21:34:00	40.53948	141.55798	-10	0.0	5	1.4	291
2024/05/11	21:35:00	40.53935	141.55792	-0	0.0	6	1.0	290
2024/05/11	21:36:01	40.53939	141.55793	18	0.0	6	1.0	294
2024/05/11	21:37:00	40.53955	141.55793	36	0.0	5	1.2	264
2024/05/11	21:38:00	40.53951	141.55785	-18	3.7	5	2.1	265
2024/05/11	21:39:01	40.53947	141.55795	6	0.0	5	1.1	298
2024/05/11	21:40:00	40.53949	141.55802	12	0.0	5	1.2	297
2024/05/11	21:41:01	40.53925	141.55807	-38	0.0	4	1.1	261
2024/05/11	21:42:01	40.53940	141.55804	-6	0.0	5	1.1	265
2024/05/11	21:43:00	40.53946	141.55789	2	0.0	6	1.0	268
2024/05/11	21:44:00	40.53928	141.55806	16	0.0	5	1.2	287
2024/05/11	21:45:00	40.53941	141.55801	12	0.0	5	1.1	296
2024/05/11	21:46:00	40.53935	141.55800	8	0.0	5	1.4	291
2024/05/11	21:47:01	40.53945	141.55798	-18	0.0	4	1.1	233
2024/05/11	21:48:01	40.53949	141.55774	-38	0.0	3	2.3	292
2024/05/11	21:49:00	40.53928	141.55807	12	0.0	3	2.2	231
2024/05/11	21:50:00	40.53962	141.55798	-46	0.0	4	1.3	202
2024/05/11	21:51:00	40.53938	141.55804	46	0.0	4	2.1	262
2024/05/11	21:52:01	40.53943	141.55780	-30	0.0	3	2.2	223
2024/05/11	21:53:01	40.53931	141.55817	72	0.0	3	2.2	228
2024/05/11	21:54:01	40.53951	141.55796	12	0.0	3	2.2	284
2024/05/11	21:55:01	40.53930	141.55789	-10	0.0	5	1.2	255
2024/05/11	21:56:01	40.53945	141.55800	0	0.0	6	1.0	279
2024/05/11	21:56:59	40.53931	141.55819	2	0.0	3	1.1	289
2024/05/11	21:58:00	40.53932	141.55800	6	0.0	6	1.0	290
2024/05/11	21:59:00	40.53934	141.55802	16	0.0	6	1.0	284
2024/05/11	22:00:00	40.53944	141.55795	-12	0.0	5	1.1	278
2024/05/11	22:01:00	40.53931	141.55785	12	0.0	4	2.2	255
2024/05/11	22:02:00	40.53928	141.55802	30	0.0	5	1.1	292
2024/05/11	22:03:00	40.53942	141.55803	4	0.0	5	1.1	294
2024/05/11	22:04:00	40.53933	141.55808	42	0.0	4	2.1	266
2024/05/11	22:05:00	40.53937	141.55797	0	0.0	6	1.0	295
2024/05/11	22:06:00	40.53955	141.55779	-54	0.0	4	1.4	228
2024/05/11	22:07:00	40.53933	141.55802	12	0.0	5	1.1	292
2024/05/11	22:08:00	40.53952	141.55782	-22	0.0	5	1.1	282
2024/05/11	22:08:59	40.53950	141.55798	-20	0.0	4	1.2	288
2024/05/11	22:10:00	40.53941	141.55794	30	0.0	3	1.4	260
2024/05/11	22:11:00	40.53937	141.55801	10	0.0	5	1.0	289
2024/05/11	22:11:59	40.53940	141.55803	4	0.0	5	1.1	282
2024/05/11	22:13:00	40.53939	141.55799	2	0.0	5	1.0	287
2024/05/11	22:14:00	40.53937	141.55797	-2	0.0	5	1.0	286
2024/05/11	22:15:00	40.53943	141.55798	10	0.0	5	1.0	287
2024/05/11	22:16:00	40.53939	141.55793	6	0.0	4	1.3	259
2024/05/11	22:17:00	40.53928	141.55814	10	0.0	3	1.4	280
2024/05/11	22:18:00	40.53956	141.55775	24	0.0	4	1.3	286
2024/05/11	22:19:00	40.53931	141.55804	32	0.0	5	1.3	281
2024/05/11	22:20:00	40.53946	141.55797	10	0.0	3	1.4	223
2024/05/11	22:21:01	40.53939	141.55802	0	0.0	3	1.4	251
2024/05/11	22:22:01	40.53927	141.55801	26	0.0	4	1.3	219
2024/05/11	22:23:01	40.53931	141.55796	16	0.0	4	1.3	261
2024/05/11	22:24:01	40.53929	141.55803	12	0.0	4	1.3	205
2024/05/11	22:25:00	40.53939	141.55804	0	0.0	3	1.4	232
2024/05/11	22:26:00	40.53935	141.55804	2	0.0	3	1.4	285
2024/05/11	22:27:00	40.53939	141.55791	8	0.0	4	1.3	300
2024/05/11	22:28:00	40.53924	141.55804	18	0.0	3	2.2	239
2024/05/11	22:29:00	40.53943	141.55809	0	0.0	3	2.2	218
2024/05/11	22:30:00	40.53927	141.55812	12	0.0	4	1.4	231
2024/05/11	22:31:01	40.53928	141.55805	44	0.0	3	4.3	228
2024/05/11	22:32:00	40.53929	141.55804	8	0.0	4	2.1	230
2024/05/11	22:33:01	40.53938	141.55795	-2	0.0	4	1.3	246
2024/05/11	22:34:00	40.53926	141.55813	20	33.3	5	1.0	266
2024/05/11	22:35:01	40.53903	141.55833	100	0.0	3	4.2	244
2024/05/11	22:36:01	40.53927	141.55796	22	0.0	4	1.3	272
2024/05/11	22:37:01	40.53912	141.55801	40	0.0	3	1.4	193
2024/05/11	22:38:01	40.53929	141.55803	2	0.0	3	1.4	227
2024/05/11	22:39:01	40.53928	141.55800	24	0.0	4	1.4	238
2024/05/11	22:40:01	40.53930	141.55803	10	0.0	4	1.4	281
2024/05/11	22:41:00	40.53946	141.55800	-4	0.0	4	1.4	269
2024/05/11	22:42:00	40.53940	141.55795	2	0.0	4	1.4	226
2024/05/11	22:43:00	40.53940	141.55796	6	0.0	4	1.4	236
2024/05/11	22:44:00	40.53934	141.55792	6	0.0	3	2.1	233
2024/05/11	22:45:00	40.53964	141.55797	-6	0.0	4	2.3	195
2024/05/11	22:46:00	40.53930	141.55797	12	0.0	3	2.0	232
2024/05/11	22:47:01	40.53907	141.55787	44	0.0	3	2.2	229
2024/05/11	22:48:01	40.53933	141.55800	10	0.0	4	1.4	266
2024/05/11	22:49:01	40.53948	141.55804	-6	0.0	4	1.4	201
2024/05/11	22:50:01	40.53926	141.55797	16	0.0	4	1.4	221
2024/05/11	22:51:00	40.53929	141.55800	28	0.0	4	1.4	259
2024/05/11	22:52:01	40.53932	141.55799	12	0.0	4	1.4	227
2024/05/11	22:53:00	40.53907	141.55803	38	3.7	3	2.0	222
2024/05/11	22:54:00	40.53874	141.55795	80	0.0	4	2.4	254
2024/05/11	22:55:00	40.53936	141.55803	6	0.0	4	1.4	253
2024/05/11	22:56:01	40.53935	141.55794	0	0.0	4	1.4	253
2024/05/11	22:57:01	40.53929	141.55795	16	0.0	4	1.4	256
2024/05/11	22:58:01	40.53939	141.55784	12	0.0	4	1.4	222
2024/05/11	22:59:01	40.53922	141.55792	22	0.0	4	1.4	254
2024/05/11	23:00:01	40.53915	141.55793	34	0.0	4	4.1	285
2024/05/11	23:01:01	40.53927	141.55786	20	0.0	4	4.1	256
2024/05/11	23:02:01	40.53908	141.55797	46	0.0	4	4.2	215
2024/05/11	23:03:01	40.53926	141.55794	14	0.0	4	4.2	247
2024/05/11	23:04:01	40.53944	141.55799	-10	0.0	4	4.3	246
2024/05/11	23:05:02	40.53915	141.55797	24	0.0	4	4.3	269
2024/05/11	23:06:02	40.53914	141.55792	30	0.0	4	4.4	298
2024/05/11	23:07:02	40.53854	141.55817	142	0.0	3	12.3	248
2024/05/11	23:08:02	40.53906	141.55805	66	0.0	3	12.0	283
2024/05/11	23:09:02	40.53978	141.55790	-66	0.0	3	11.2	273
2024/05/11	23:10:02	40.53944	141.55796	-22	0.0	3	11.0	294
2024/05/11	23:11:03	40.53964	141.55798	-40	0.0	3	10.2	291
2024/05/11	23:12:01	40.53871	141.55811	96	0.0	3	10.0	214
2024/05/11	23:13:03	40.53951	141.55788	-36	0.0	3	9.3	273
2024/05/11	23:14:03	40.53956	141.55792	-30	0.0	3	9.2	244
2024/05/11	23:15:03	40.53936	141.55788	-12	0.0	3	9.0	236
2024/05/11	23:16:04	40.53924	141.55793	14	0.0	3	8.3	248
2024/05/11	23:17:02	40.53929	141.55792	2	0.0	3	8.2	270
2024/05/11	23:18:03	40.53921	141.55795	14	0.0	3	8.1	268
2024/05/11	23:19:03	40.53926	141.55794	16	0.0	3	8.0	235
2024/05/11	23:20:02	40.53912	141.55786	34	0.0	3	7.4	295
2024/05/11	23:21:02	40.53940	141.55785	-0	0.0	3	7.3	301
2024/05/11	23:22:02	40.53931	141.55801	16	0.0	3	7.2	242
2024/05/11	23:23:07	40.53940	141.55792	-8	0.0	3	7.1	261
2024/05/11	23:24:03	40.53920	141.55783	6	0.0	3	7.0	240
2024/05/11	23:25:34	40.53936	141.55797	4	0.0	6	1.0	290
2024/05/11	23:26:01	40.53937	141.55794	4	0.0	5	1.2	273
2024/05/11	23:27:01	40.53936	141.55810	8	0.0	5	1.3	250
2024/05/11	23:28:00	40.53936	141.55810	26	0.0	3	1.4	157
2024/05/11	23:29:00	40.53938	141.55796	-8	0.0	5	1.3	230
2024/05/11	23:30:00	40.53950	141.55786	-38	3.7	3	2.1	186
2024/05/11	23:31:01	40.53922	141.55786	44	0.0	6	1.2	276
2024/05/11	23:32:00	40.53931	141.55810	18	0.0	5	1.2	229
2024/05/11	23:33:01	40.53934	141.55792	20	0.0	5	1.2	278
2024/05/11	23:34:00	40.53933	141.55805	6	3.7	4	2.1	222
2024/05/11	23:35:00	40.53936	141.55780	50	3.7	3	2.1	232
2024/05/11	23:36:00	40.53932	141.55773	36	3.7	4	1.3	259
2024/05/11	23:37:02	40.53937	141.55797	0	0.0	5	1.2	304
2024/05/11	23:38:01	40.53935	141.55799	6	0.0	5	1.2	286
2024/05/11	23:39:01	40.53940	141.55805	-8	0.0	5	1.2	298
2024/05/11	23:40:01	40.53941	141.55797	4	0.0	5	1.2	305
2024/05/11	23:41:01	40.53935	141.55795	16	0.0	5	1.2	294
2024/05/11	23:42:00	40.53927	141.55793	38	0.0	5	1.2	289
2024/05/11	23:43:00	40.53941	141.55800	-34	0.0	4	1.2	224
2024/05/11	23:44:00	40.53936	141.55819	20	7.4	3	2.2	286
2024/05/11	23:45:00	40.53941	141.55816	-6	0.0	4	1.4	249
2024/05/11	23:46:00	40.53931	141.55794	4	0.0	5	1.2	237
2024/05/11	23:47:01	40.53935	141.55798	14	0.0	5	1.1	291
2024/05/11	23:48:01	40.53922	141.55802	44	0.0	3	1.3	169
2024/05/11	23:49:01	40.53924	141.55772	54	0.0	4	1.2	257
2024/05/11	23:50:01	40.53934	141.55802	-0	0.0	3	1.3	253
2024/05/11	23:51:01	40.53936	141.55801	4	0.0	5	1.2	205
2024/05/11	23:52:01	40.53946	141.55809	-32	0.0	4	1.2	199
2024/05/11	23:53:01	40.53938	141.55794	12	0.0	4	1.4	233
2024/05/11	23:54:01	40.53941	141.55799	-6	0.0	5	1.1	236
2024/05/11	23:55:01	40.53938	141.55805	10	0.0	5	1.1	238
2024/05/11	23:56:01	40.53947	141.55805	-12	0.0	5	1.1	234
2024/05/11	23:57:01	40.53941	141.55814	4	0.0	4	1.2	245
2024/05/11	23:58:01	40.53932	141.55805	20	0.0	5	1.1	235
2024/05/11	23:59:01	40.53942	141.55803	-6	0.0	5	1.1	284
2024/05/12	00:00:01	40.53926	141.55797	22	0.0	4	1.1	256
2024/05/12	00:01:01	40.53923	141.55783	66	0.0	4	1.3	259
2024/05/12	00:02:02	40.53939	141.55795	-0	0.0	5	1.1	292
2024/05/12	00:03:00	40.53946	141.55792	-24	0.0	4	1.3	171
2024/05/12	00:04:00	40.53946	141.55806	-50	0.0	4	1.3	222
2024/05/12	00:05:01	40.53934	141.55797	-0	0.0	5	1.1	255
2024/05/12	00:06:01	40.53934	141.55793	6	0.0	5	1.1	284
2024/05/12	00:07:00	40.53946	141.55780	-0	0.0	5	1.1	230
2024/05/12	00:08:01	40.53927	141.55782	36	0.0	5	1.1	257
2024/05/12	00:09:01	40.53931	141.55791	16	0.0	5	1.1	233
2024/05/12	00:10:01	40.53942	141.55794	36	0.0	5	1.1	261
2024/05/12	00:11:01	40.53937	141.55799	14	0.0	5	1.1	286
2024/05/12	00:12:01	40.53959	141.55793	20	3.7	3	1.3	190
2024/05/12	00:13:02	40.53938	141.55801	12	0.0	6	1.1	312
2024/05/12	00:14:01	40.53940	141.55799	28	0.0	4	1.2	257
2024/05/12	00:15:00	40.53934	141.55795	46	0.0	3	1.3	284
2024/05/12	00:16:00	40.53942	141.55808	108	0.0	4	1.1	243
2024/05/12	00:17:00	40.53929	141.55796	44	0.0	4	1.2	255
2024/05/12	00:18:01	40.53938	141.55796	30	0.0	5	1.1	277
2024/05/12	00:19:01	40.53970	141.55748	-6	25.9	4	1.2	252
2024/05/12	00:20:02	40.53900	141.55797	12	0.0	4	1.3	256
2024/05/12	00:21:00	40.53927	141.55799	10	0.0	6	1.1	300
2024/05/12	00:22:00	40.53937	141.55796	0	0.0	5	1.1	287
2024/05/12	00:23:02	40.53941	141.55801	12	0.0	4	1.3	297
2024/05/12	00:24:01	40.53929	141.55808	-2	0.0	4	1.3	247
2024/05/12	00:25:01	40.53933	141.55796	-2	0.0	4	1.3	231
2024/05/12	00:26:02	40.53940	141.55797	4	0.0	4	1.3	257
2024/05/12	00:27:01	40.53943	141.55816	-24	0.0	4	1.3	260
2024/05/12	00:28:01	40.53939	141.55804	-10	0.0	4	1.3	235
2024/05/12	00:29:01	40.53942	141.55775	70	0.0	3	2.1	198
2024/05/12	00:30:02	40.53944	141.55807	-28	0.0	3	1.4	235
2024/05/12	00:31:01	40.53941	141.55806	-34	0.0	3	2.0	167
2024/05/12	00:32:02	40.53936	141.55801	12	0.0	3	5.1	244
2024/05/12	00:33:01	40.53928	141.55790	34	0.0	4	1.3	252
2024/05/12	00:34:02	40.53941	141.55810	18	0.0	3	6.0	206
2024/05/12	00:35:02	40.53947	141.55805	8	0.0	4	1.3	247
2024/05/12	00:36:01	40.53935	141.55808	-10	0.0	3	1.4	221
2024/05/12	00:37:00	40.53936	141.55785	36	0.0	5	1.2	264
2024/05/12	00:38:01	40.53940	141.55791	8	0.0	4	1.4	230
2024/05/12	00:39:00	40.53943	141.55809	-8	0.0	4	1.4	227
2024/05/12	00:40:00	40.53934	141.55800	4	0.0	5	1.2	260
2024/05/12	00:41:01	40.53938	141.55800	2	0.0	5	1.2	253
2024/05/12	00:42:01	40.53935	141.55801	-2	0.0	3	1.4	214
2024/05/12	00:43:01	40.53939	141.55792	-16	0.0	4	1.2	287
2024/05/12	00:44:01	40.53957	141.55786	10	0.0	4	2.0	229
2024/05/12	00:45:01	40.53936	141.55791	-16	0.0	3	2.1	226
2024/05/12	00:46:02	40.53933	141.55798	2	0.0	5	1.2	278
2024/05/12	00:47:00	40.53945	141.55802	10	0.0	4	2.1	226
2024/05/12	00:48:00	40.53942	141.55804	16	0.0	4	2.1	257
2024/05/12	00:49:00	40.53953	141.55792	0	0.0	4	2.1	289
2024/05/12	00:50:00	40.53943	141.55804	26	0.0	4	2.0	255
2024/05/12	00:51:00	40.53945	141.55793	42	3.7	4	2.1	262
2024/05/12	00:52:02	40.53941	141.55805	-2	0.0	5	1.2	253
2024/05/12	00:53:03	40.53924	141.55815	32	0.0	5	3.1	250
2024/05/12	00:54:01	40.53943	141.55810	16	0.0	5	1.2	224
2024/05/12	00:55:02	40.53950	141.55803	4	0.0	4	1.4	236
2024/05/12	00:56:02	40.53932	141.55808	18	0.0	5	1.2	245
2024/05/12	00:57:02	40.53939	141.55801	0	0.0	5	1.2	240
2024/05/12	00:58:00	40.53940	141.55795	-26	0.0	5	1.2	252
2024/05/12	00:59:01	40.53938	141.55796	8	0.0	5	1.2	244
2024/05/12	01:00:03	40.53945	141.55796	6	0.0	3	3.4	164
2024/05/12	01:01:02	40.53959	141.55794	2	0.0	4	3.0	245
2024/05/12	01:02:02	40.53930	141.55802	-0	0.0	4	3.0	249
2024/05/12	01:03:03	40.53935	141.55801	-4	0.0	5	1.3	247
2024/05/12	01:04:03	40.53944	141.55793	0	0.0	5	1.3	240
2024/05/12	01:05:02	40.53937	141.55797	2	0.0	4	3.1	218
2024/05/12	01:06:02	40.53937	141.55798	6	0.0	5	1.3	258
2024/05/12	01:07:01	40.53952	141.55790	-18	0.0	5	1.4	250
2024/05/12	01:08:02	40.53925	141.55816	22	0.0	4	6.0	210
2024/05/12	01:09:01	40.53932	141.55805	4	0.0	4	2.1	186
2024/05/12	01:10:01	40.53942	141.55798	-4	0.0	5	1.4	227
2024/05/12	01:11:01	40.53941	141.55800	-6	0.0	4	2.0	188
2024/05/12	01:12:02	40.53944	141.55799	8	0.0	4	2.2	212
2024/05/12	01:13:02	40.53930	141.55803	-0	0.0	4	2.2	234
2024/05/12	01:14:05	40.53908	141.55815	-14	0.0	4	4.1	253
2024/05/12	01:15:03	40.53945	141.55796	2	0.0	4	4.2	273
2024/05/12	01:16:01	40.53935	141.55798	4	0.0	5	1.4	223
2024/05/12	01:17:02	40.53941	141.55799	-4	0.0	4	4.3	245
2024/05/12	01:18:03	40.53937	141.55802	-4	0.0	4	4.4	249
2024/05/12	01:19:03	40.53937	141.55806	10	3.7	4	5.0	276
2024/05/12	01:20:02	40.53936	141.55800	-0	0.0	4	5.1	277
2024/05/12	01:21:02	40.53923	141.55807	2	0.0	5	2.0	276
2024/05/12	01:22:02	40.53930	141.55803	-2	0.0	5	2.0	277
2024/05/12	01:23:02	40.53937	141.55799	14	0.0	5	2.0	299
2024/05/12	01:24:02	40.53958	141.55789	-4	0.0	4	6.0	292
2024/05/12	01:25:02	40.53923	141.55803	32	0.0	4	6.1	271
2024/05/12	01:26:02	40.53942	141.55799	2	0.0	4	6.3	300
2024/05/12	01:27:02	40.53920	141.55804	18	0.0	4	2.1	263
2024/05/12	01:28:02	40.53945	141.55798	-10	0.0	5	2.1	296
2024/05/12	01:29:02	40.53932	141.55807	-6	0.0	4	7.2	312
2024/05/12	01:30:03	40.53938	141.55797	4	0.0	5	2.1	314
2024/05/12	01:31:02	40.53908	141.55818	22	0.0	4	8.1	290
2024/05/12	01:32:02	40.53915	141.55810	2	0.0	4	8.2	306
2024/05/12	01:33:03	40.53957	141.55786	-4	0.0	4	8.4	312
2024/05/12	01:34:02	40.53923	141.55806	8	0.0	4	9.2	295
2024/05/12	01:35:02	40.53925	141.55805	12	0.0	4	9.4	314
2024/05/12	01:36:01	40.53925	141.55807	20	0.0	5	2.2	322
2024/05/12	01:37:02	40.53968	141.55779	-16	0.0	4	10.3	322
2024/05/12	01:38:01	40.53938	141.55799	-2	0.0	5	2.2	288
2024/05/12	01:39:01	40.53937	141.55803	2	0.0	4	2.3	301
2024/05/12	01:40:03	40.53916	141.55813	14	0.0	4	12.1	309
2024/05/12	01:41:04	40.53858	141.55840	42	0.0	4	12.3	293
2024/05/12	01:42:03	40.53954	141.55795	-8	0.0	4	13.0	357
2024/05/12	01:43:03	40.53940	141.55798	-10	0.0	5	2.3	318
2024/05/12	01:44:02	40.53990	141.55773	-26	0.0	4	13.4	290
2024/05/12	01:45:02	40.53949	141.55795	-8	0.0	4	14.0	339
2024/05/12	01:46:02	40.53992	141.55774	-32	0.0	4	14.0	324
2024/05/12	01:47:02	40.53944	141.55795	-6	0.0	4	14.0	323
2024/05/12	01:48:03	40.53883	141.55826	36	0.0	4	14.0	292
2024/05/12	01:49:03	40.53982	141.55773	-30	0.0	4	13.4	314
2024/05/12	01:50:03	40.53959	141.55791	-12	0.0	4	13.2	300
2024/05/12	01:51:02	40.53899	141.55817	28	3.7	4	13.1	305
2024/05/12	01:52:02	40.53942	141.55796	-10	3.7	4	12.4	323
2024/05/12	01:53:03	40.53886	141.55819	36	0.0	4	12.2	286
2024/05/12	01:54:03	40.53913	141.55805	20	0.0	4	12.0	294
2024/05/12	01:55:03	40.53914	141.55809	18	0.0	4	11.2	295
2024/05/12	01:56:03	40.53950	141.55791	-12	0.0	4	11.0	302
2024/05/12	01:57:02	40.53973	141.55778	-20	0.0	3	11.2	222
2024/05/12	01:58:05	40.53958	141.55783	-10	0.0	3	11.0	239
2024/05/12	01:59:04	40.53916	141.55797	26	0.0	3	10.4	269
2024/05/12	02:00:33	40.53934	141.55800	0	0.0	6	1.1	272
2024/05/12	02:01:01	40.53938	141.55808	0	0.0	3	1.3	237
2024/05/12	02:02:01	40.53930	141.55797	10	0.0	5	1.1	192
2024/05/12	02:03:02	40.53936	141.55803	-0	0.0	6	1.1	225
2024/05/12	02:04:01	40.53933	141.55798	-0	0.0	6	1.1	253
2024/05/12	02:05:01	40.53932	141.55781	6	0.0	4	1.3	249
2024/05/12	02:06:03	40.53937	141.55798	0	0.0	6	1.1	252
2024/05/12	02:07:00	40.53934	141.55796	-6	0.0	5	1.2	251
2024/05/12	02:08:00	40.53938	141.55797	-16	0.0	6	1.2	251
2024/05/12	02:09:01	40.53932	141.55795	10	0.0	6	1.1	223
2024/05/12	02:10:01	40.53950	141.55813	-18	0.0	5	1.3	247
2024/05/12	02:11:01	40.53929	141.55789	8	0.0	6	1.0	258
2024/05/12	02:12:02	40.53968	141.55756	-44	0.0	3	3.2	246
2024/05/12	02:13:01	40.53931	141.55805	4	0.0	4	1.1	249
2024/05/12	02:14:01	40.53956	141.55797	-34	0.0	4	1.4	246
2024/05/12	02:15:01	40.53952	141.55787	0	3.7	3	1.2	217
2024/05/12	02:16:02	40.53936	141.55802	-2	0.0	6	1.1	261
2024/05/12	02:17:02	40.53933	141.55804	2	0.0	5	1.1	281
2024/05/12	02:18:02	40.53934	141.55796	6	0.0	4	1.3	192
2024/05/12	02:19:01	40.53930	141.55763	34	0.0	3	1.4	214
2024/05/12	02:20:01	40.53933	141.55800	-0	3.7	4	1.1	230
2024/05/12	02:21:02	40.53943	141.55808	-10	0.0	5	1.1	223
2024/05/12	02:22:02	40.53937	141.55796	4	0.0	6	1.1	292
2024/05/12	02:23:01	40.53931	141.55798	2	0.0	6	1.0	258
2024/05/12	02:24:02	40.53939	141.55800	0	0.0	6	1.0	254
2024/05/12	02:25:03	40.53933	141.55808	-6	0.0	6	1.0	280
2024/05/12	02:26:02	40.53956	141.55822	-26	3.7	2	3.2	165
2024/05/12	02:27:02	40.53930	141.55809	12	0.0	4	1.2	160
2024/05/12	02:28:02	40.53934	141.55800	-4	0.0	6	1.0	264
2024/05/12	02:29:01	40.53924	141.55789	16	0.0	4	1.1	240
2024/05/12	02:30:02	40.53938	141.55796	0	0.0	5	1.0	258
2024/05/12	02:31:01	40.53927	141.55800	10	0.0	5	1.1	260
2024/05/12	02:32:01	40.53936	141.55794	-8	0.0	5	1.0	261
2024/05/12	02:33:01	40.53927	141.55804	-0	0.0	5	1.1	293
2024/05/12	02:34:01	40.53940	141.55806	-0	0.0	5	1.0	200
2024/05/12	02:35:00	40.53943	141.55796	36	0.0	5	1.1	234
2024/05/12	02:36:01	40.53940	141.55799	-0	0.0	5	1.0	288
2024/05/12	02:37:01	40.53934	141.55801	-18	0.0	5	1.0	255
2024/05/12	02:38:01	40.53936	141.55796	2	0.0	5	1.0	278
2024/05/12	02:39:01	40.53936	141.55798	-0	0.0	5	1.0	276
2024/05/12	02:40:01	40.53939	141.55800	-14	0.0	5	1.0	250
2024/05/12	02:41:01	40.53929	141.55796	10	0.0	4	1.0	227
2024/05/12	02:42:01	40.53940	141.55805	6	0.0	5	1.0	226
2024/05/12	02:43:00	40.53925	141.55790	4	0.0	4	1.1	230
2024/05/12	02:44:01	40.53943	141.55794	-26	0.0	4	1.1	203
2024/05/12	02:45:01	40.53950	141.55812	-28	0.0	5	1.0	261
2024/05/12	02:46:01	40.53939	141.55799	-14	0.0	3	1.2	196
2024/05/12	02:47:01	40.53935	141.55802	16	0.0	4	1.1	264
2024/05/12	02:48:00	40.53939	141.55793	8	3.7	3	1.1	232
2024/05/12	02:49:01	40.53936	141.55800	0	0.0	5	1.0	233
2024/05/12	02:50:01	40.53934	141.55795	-0	0.0	5	1.0	260
2024/05/12	02:51:01	40.53938	141.55797	-10	0.0	5	1.0	261
2024/05/12	02:52:01	40.53937	141.55809	-8	0.0	5	1.0	262
2024/05/12	02:53:00	40.53946	141.55794	-2	0.0	3	1.1	245
2024/05/12	02:54:00	40.53944	141.55799	-36	0.0	3	1.3	267
2024/05/12	02:55:00	40.53939	141.55804	6	0.0	5	1.0	229
2024/05/12	02:56:01	40.53931	141.55792	14	0.0	3	1.1	246
2024/05/12	02:57:00	40.53925	141.55812	12	0.0	3	1.1	223
2024/05/12	02:58:01	40.53937	141.55803	-14	0.0	4	1.0	247
2024/05/12	02:59:02	40.53933	141.55801	-14	0.0	5	1.0	251
2024/05/12	03:00:01	40.53925	141.55774	10	0.0	3	1.1	210
2024/05/12	03:01:00	40.53939	141.55802	14	0.0	4	1.1	244
2024/05/12	03:02:00	40.53933	141.55793	30	0.0	3	1.1	249
2024/05/12	03:03:01	40.53919	141.55825	-12	29.6	5	1.0	272
2024/05/12	03:04:02	40.53934	141.55800	0	0.0	4	1.0	251
2024/05/12	03:05:02	40.53931	141.55784	4	0.0	3	1.2	258
2024/05/12	03:06:00	40.53938	141.55792	14	0.0	3	1.1	212
2024/05/12	03:07:01	40.53940	141.55801	-16	0.0	4	1.1	212
2024/05/12	03:08:01	40.53938	141.55795	-10	0.0	4	1.0	274
2024/05/12	03:09:01	40.53936	141.55794	-16	0.0	3	1.1	277
2024/05/12	03:10:01	40.53934	141.55797	2	0.0	4	1.0	253
2024/05/12	03:11:01	40.53927	141.55790	26	0.0	3	1.1	282
2024/05/12	03:12:00	40.53939	141.55803	14	0.0	3	1.1	215
2024/05/12	03:13:00	40.53940	141.55807	12	0.0	4	1.0	239
2024/05/12	03:14:00	40.53930	141.55798	8	0.0	4	1.0	237
2024/05/12	03:15:00	40.53931	141.55806	26	0.0	4	1.1	228
2024/05/12	03:16:01	40.53939	141.55789	-22	0.0	4	1.0	224
2024/05/12	03:17:01	40.53930	141.55812	18	3.7	3	1.3	161
2024/05/12	03:18:02	40.53940	141.55797	-2	0.0	4	1.0	215
2024/05/12	03:19:00	40.53928	141.55808	16	0.0	3	1.1	194
2024/05/12	03:20:00	40.53935	141.55797	-6	0.0	4	1.0	203
2024/05/12	03:21:00	40.53940	141.55805	-6	0.0	3	1.3	211
2024/05/12	03:22:01	40.53934	141.55796	4	0.0	4	1.1	224
2024/05/12	03:23:01	40.53935	141.55803	-4	0.0	4	1.1	223
2024/05/12	03:24:00	40.53945	141.55809	10	0.0	3	1.2	212
2024/05/12	03:25:00	40.53936	141.55794	-36	0.0	3	1.2	219
2024/05/12	03:26:01	40.53936	141.55798	14	0.0	4	1.1	217
2024/05/12	03:27:01	40.53936	141.55797	-2	0.0	4	1.1	218
2024/05/12	03:28:01	40.53940	141.55795	-0	0.0	4	1.1	221
2024/05/12	03:29:01	40.53935	141.55805	6	0.0	4	1.1	218
2024/05/12	03:30:01	40.53935	141.55790	-0	0.0	4	1.1	219
2024/05/12	03:31:01	40.53931	141.55793	10	0.0	4	1.1	209
2024/05/12	03:32:01	40.53945	141.55786	-22	0.0	4	1.1	217
2024/05/12	03:33:01	40.53935	141.55805	18	0.0	3	1.1	222
2024/05/12	03:34:00	40.53940	141.55801	-20	0.0	3	1.2	225
2024/05/12	03:35:01	40.53936	141.55794	-16	0.0	3	1.1	194
2024/05/12	03:36:01	40.53936	141.55805	-0	0.0	4	1.1	228
2024/05/12	03:37:01	40.53938	141.55800	8	0.0	4	1.1	259
2024/05/12	03:38:00	40.53938	141.55806	8	0.0	3	1.2	249
2024/05/12	03:39:01	40.53935	141.55800	2	0.0	4	1.1	238
2024/05/12	03:40:01	40.53939	141.55804	-2	0.0	4	1.1	286
2024/05/12	03:41:01	40.53931	141.55797	2	0.0	4	1.1	247
2024/05/12	03:42:01	40.53938	141.55797	12	0.0	4	1.1	213
2024/05/12	03:43:01	40.53935	141.55801	12	0.0	4	1.1	249
2024/05/12	03:44:01	40.53934	141.55795	6	0.0	4	1.1	275
2024/05/12	03:45:01	40.53934	141.55797	-8	0.0	4	1.2	275
2024/05/12	03:46:01	40.53933	141.55791	-2	0.0	4	1.2	250
2024/05/12	03:47:01	40.53946	141.55797	8	0.0	3	1.2	248
2024/05/12	03:48:02	40.53938	141.55799	6	0.0	4	1.2	269
2024/05/12	03:49:01	40.53937	141.55804	2	0.0	4	1.2	249
2024/05/12	03:50:01	40.53933	141.55798	2	0.0	3	1.2	252
2024/05/12	03:51:01	40.53937	141.55785	-22	0.0	4	1.2	274
2024/05/12	03:52:01	40.53929	141.55805	10	0.0	4	1.2	275
2024/05/12	03:53:01	40.53944	141.55811	-6	0.0	3	1.3	268
2024/05/12	03:54:01	40.53939	141.55783	-6	0.0	4	1.2	243
2024/05/12	03:55:01	40.53935	141.55798	-0	0.0	4	1.2	268
2024/05/12	03:56:01	40.53934	141.55798	14	0.0	4	1.2	240
2024/05/12	03:57:01	40.53941	141.55783	2	0.0	3	1.3	269
2024/05/12	03:58:01	40.53936	141.55795	-4	0.0	4	1.3	272
2024/05/12	03:59:01	40.53933	141.55794	-0	0.0	4	1.3	245
2024/05/12	04:00:02	40.53935	141.55785	-8	0.0	4	2.0	279
2024/05/12	04:01:02	40.53966	141.55823	46	0.0	3	5.2	269
2024/05/12	04:02:01	40.53944	141.55800	-4	0.0	3	2.2	274
2024/05/12	04:03:03	40.53933	141.55794	-14	0.0	4	2.0	272
2024/05/12	04:04:02	40.53891	141.55769	-82	0.0	3	5.4	307
2024/05/12	04:05:02	40.53940	141.55801	0	0.0	4	2.0	307
2024/05/12	04:06:02	40.53934	141.55794	0	0.0	3	6.0	272
2024/05/12	04:07:02	40.53926	141.55792	-18	0.0	3	6.1	279
2024/05/12	04:08:03	40.53909	141.55782	-38	0.0	3	6.2	321
2024/05/12	04:09:02	40.53918	141.55782	-50	0.0	3	6.2	286
2024/05/12	04:10:03	40.53927	141.55789	-12	0.0	4	2.1	285
2024/05/12	04:11:02	40.53915	141.55788	-12	0.0	3	6.4	323
2024/05/12	04:12:02	40.53920	141.55791	-26	0.0	3	7.0	279
2024/05/12	04:13:02	40.53964	141.55812	34	0.0	3	7.0	262
2024/05/12	04:14:02	40.53942	141.55792	-16	0.0	3	7.1	297
2024/05/12	04:15:02	40.53905	141.55782	-36	0.0	3	7.2	298
2024/05/12	04:16:03	40.54014	141.55840	78	0.0	3	7.3	300
2024/05/12	04:17:03	40.54015	141.55835	64	3.7	3	7.4	252
2024/05/12	04:18:02	40.53882	141.55773	-68	0.0	3	8.0	294
2024/05/12	04:19:03	40.53905	141.55779	-36	0.0	3	8.1	297
2024/05/12	04:20:02	40.54026	141.55851	112	0.0	3	8.2	295
2024/05/12	04:21:03	40.53954	141.55803	16	0.0	3	8.3	302
2024/05/12	04:22:02	40.53953	141.55812	20	0.0	3	9.0	301
2024/05/12	04:23:03	40.53961	141.55814	28	0.0	3	9.1	298
2024/05/12	04:24:03	40.54000	141.55824	48	0.0	3	9.2	297
2024/05/12	04:25:03	40.54017	141.55830	50	7.4	3	9.4	250
2024/05/12	04:26:03	40.53826	141.55760	-76	0.0	3	10.1	287
2024/05/12	04:27:04	40.53862	141.55777	-52	3.7	3	10.3	282
2024/05/12	04:28:05	40.53977	141.55816	30	3.7	3	11.0	234
2024/05/12	04:29:03	40.53928	141.55796	-2	0.0	3	11.2	300
2024/05/12	04:30:02	40.53931	141.55799	2	0.0	3	12.0	259
2024/05/12	04:31:03	40.53968	141.55809	24	0.0	3	12.3	300
2024/05/12	04:32:03	40.54047	141.55819	44	0.0	3	13.2	292
2024/05/12	04:33:03	40.53951	141.55802	8	14.8	3	14.1	260
2024/05/12	04:34:03	40.53885	141.55795	2	0.0	3	15.1	265
2024/05/12	04:35:02	40.53914	141.55794	8	0.0	3	16.1	261
2024/05/12	04:36:02	40.53812	141.55779	-30	29.6	3	17.3	231
2024/05/12	04:37:02	40.53858	141.55164	4	40.7	3	19.2	233
2024/05/12	04:38:03	40.54015	141.54344	2	48.2	3	21.2	296
2024/05/12	04:39:03	40.53976	141.53456	8	44.4	3	24.1	270
2024/05/12	04:40:04	40.54180	141.52611	12	48.2	3	27.4	266
2024/05/12	04:41:34	40.54523	141.51391	8	33.3	7	1.0	328
2024/05/12	04:42:01	40.54515	141.51022	-2	37.0	6	1.0	257
2024/05/12	04:43:01	40.54246	141.50485	14	0.0	5	1.4	264
2024/05/12	04:44:01	40.54248	141.50499	0	0.0	6	1.1	325
2024/05/12	04:45:03	40.54241	141.50506	8	7.4	5	1.3	251
2024/05/12	04:46:02	40.54212	141.50524	-28	0.0	3	2.2	261
2024/05/12	04:47:02	40.54215	141.50506	14	0.0	4	1.4	259
2024/05/12	04:48:03	40.54218	141.50519	-2	0.0	7	1.0	304
2024/05/12	04:49:00	40.54248	141.50715	12	29.6	4	1.3	240
2024/05/12	04:50:01	40.54242	141.50739	0	0.0	5	1.3	270
2024/05/12	04:51:00	40.54248	141.50725	44	3.7	4	1.4	276
2024/05/12	04:52:00	40.54258	141.50743	-22	3.7	4	1.4	221
2024/05/12	04:53:00	40.54268	141.50780	42	3.7	4	2.2	242
2024/05/12	04:54:02	40.54299	141.50777	-28	0.0	6	1.3	303
2024/05/12	04:55:01	40.54292	141.50783	-18	0.0	7	1.1	300
2024/05/12	04:56:00	40.54263	141.50784	-10	11.1	5	1.3	270
2024/05/12	04:57:00	40.54241	141.50773	-48	0.0	4	2.1	270
2024/05/12	04:58:01	40.54223	141.50757	-4	0.0	7	1.1	302
2024/05/12	04:59:01	40.54224	141.50764	12	0.0	7	1.0	308
2024/05/12	05:00:02	40.54229	141.50755	-2	0.0	7	1.1	298
2024/05/12	05:01:00	40.54229	141.50760	10	0.0	5	1.2	276
2024/05/12	05:02:01	40.54228	141.50758	-8	0.0	7	1.0	275
2024/05/12	05:03:00	40.54230	141.50757	-14	0.0	4	1.1	257
2024/05/12	05:04:00	40.54219	141.50751	54	0.0	4	2.0	276
2024/05/12	05:05:01	40.54225	141.50757	-14	0.0	6	1.0	273
2024/05/12	05:06:01	40.54235	141.50754	-20	0.0	7	1.0	307
2024/05/12	05:07:00	40.54230	141.50731	-2	25.9	7	1.0	308
2024/05/12	05:08:01	40.54757	141.51169	0	40.7	7	1.0	288
2024/05/12	05:09:00	40.55413	141.51403	-12	51.9	4	2.0	299
2024/05/12	05:10:02	40.55663	141.51554	-2	0.0	5	2.4	311
2024/05/12	05:11:00	40.55674	141.51547	-18	0.0	6	1.3	310
2024/05/12	05:12:01	40.55664	141.51554	-10	0.0	7	1.0	268
2024/05/12	05:13:00	40.55664	141.51555	-12	0.0	6	1.2	300
2024/05/12	05:14:01	40.55668	141.51557	2	0.0	7	1.0	263
2024/05/12	05:15:00	40.55672	141.51555	-14	0.0	5	1.4	275
2024/05/12	05:16:00	40.55669	141.51552	-0	0.0	3	1.2	278
2024/05/12	05:17:00	40.55653	141.51622	-0	0.0	5	1.1	280
2024/05/12	05:18:01	40.55648	141.51621	4	0.0	6	1.1	299
2024/05/12	05:19:01	40.55653	141.51614	4	0.0	6	1.1	270
2024/05/12	05:20:02	40.55642	141.51609	8	0.0	5	2.0	237
2024/05/12	05:21:01	40.55661	141.51613	-8	0.0	5	1.3	269
2024/05/12	05:22:00	40.55656	141.51623	-10	0.0	5	1.1	286
2024/05/12	05:23:00	40.55646	141.51622	16	3.7	3	2.3	281
2024/05/12	05:24:01	40.55658	141.51620	-6	0.0	5	1.1	304
2024/05/12	05:25:00	40.55656	141.51618	-54	0.0	4	1.2	270
2024/05/12	05:26:01	40.55648	141.51633	10	0.0	6	1.1	260
2024/05/12	05:27:00	40.55645	141.51605	-30	0.0	4	1.3	274
2024/05/12	05:28:01	40.55651	141.51632	2	0.0	4	1.2	272
2024/05/12	05:29:00	40.55651	141.51632	-10	0.0	3	1.2	251
2024/05/12	05:30:01	40.55658	141.51617	-16	0.0	4	2.3	261
2024/05/12	05:31:00	40.55662	141.51613	-18	0.0	4	1.3	291
2024/05/12	05:32:00	40.55663	141.51609	6	0.0	4	1.2	234
2024/05/12	05:33:01	40.55646	141.51625	-14	0.0	4	1.2	339
2024/05/12	05:34:01	40.55652	141.51619	-0	0.0	5	1.1	263
2024/05/12	05:35:00	40.55646	141.51641	10	0.0	4	1.3	269
2024/05/12	05:36:00	40.55655	141.51601	20	0.0	4	1.2	264
2024/05/12	05:37:00	40.55653	141.51622	4	0.0	3	1.2	281
2024/05/12	05:38:01	40.55657	141.51622	-8	0.0	6	1.1	275
2024/05/12	05:39:01	40.55654	141.51616	2	0.0	5	1.2	313
2024/05/12	05:40:00	40.55650	141.51620	-8	0.0	3	1.4	256
2024/05/12	05:41:01	40.55654	141.51619	-14	0.0	5	1.3	344
2024/05/12	05:42:00	40.55654	141.51609	18	0.0	3	1.4	262
2024/05/12	05:43:00	40.55653	141.51614	0	0.0	4	2.1	256
2024/05/12	05:44:01	40.55656	141.51616	-4	0.0	6	1.1	326
2024/05/12	05:45:00	40.55656	141.51620	-6	0.0	6	1.1	328
2024/05/12	05:46:01	40.55654	141.51618	4	0.0	5	1.1	309
2024/05/12	05:47:00	40.55648	141.51624	10	0.0	4	1.2	280
2024/05/12	05:48:01	40.55661	141.51617	-20	0.0	7	1.0	275
2024/05/12	05:49:01	40.55653	141.51621	-0	0.0	6	1.0	319
2024/05/12	05:50:01	40.55664	141.51620	-14	0.0	7	1.0	353
2024/05/12	05:51:00	40.55655	141.51617	10	0.0	4	1.2	316
2024/05/12	05:52:00	40.55646	141.51626	30	0.0	3	1.3	281
2024/05/12	05:53:00	40.55651	141.51631	6	0.0	4	1.3	310
2024/05/12	05:54:00	40.55622	141.51619	12	25.9	6	1.0	291
2024/05/12	05:55:00	40.55558	141.52181	-0	37.0	5	1.1	317
2024/05/12	05:56:01	40.55820	141.52793	0	29.6	5	1.1	297
2024/05/12	05:57:02	40.55700	141.53408	12	29.6	7	1.0	290
2024/05/12	05:58:01	40.55423	141.53722	0	25.9	5	1.1	309
2024/05/12	05:59:01	40.55365	141.54176	-6	25.9	6	1.1	325
2024/05/12	06:00:01	40.55058	141.54456	-22	25.9	5	2.3	329
2024/05/12	06:01:01	40.54881	141.54678	-10	25.9	5	1.1	324
2024/05/12	06:02:01	40.54613	141.55081	-4	22.2	5	1.1	322
2024/05/12	06:03:00	40.54535	141.55587	4	29.6	4	1.3	295
2024/05/12	06:04:00	40.54262	141.55946	4	29.6	4	1.1	258
2024/05/12	06:05:00	40.53939	141.55839	-12	14.8	4	1.3	195
2024/05/12	06:06:01	40.53947	141.55821	-26	0.0	4	2.3	312
2024/05/12	06:07:01	40.53933	141.55788	-2	0.0	4	2.3	286
2024/05/12	06:08:02	40.53933	141.55793	32	0.0	4	2.3	274
2024/05/12	06:09:00	40.53926	141.55791	0	0.0	4	2.3	273
2024/05/12	06:10:01	40.53938	141.55803	-2	0.0	4	2.3	278
2024/05/12	06:11:02	40.53941	141.55795	-0	0.0	4	2.3	284
2024/05/12	06:12:01	40.53936	141.55797	10	0.0	4	2.3	288
2024/05/12	06:13:01	40.53942	141.55801	-14	0.0	4	2.3	289
2024/05/12	06:14:01	40.53937	141.55790	0	0.0	4	2.3	287
2024/05/12	06:15:01	40.53937	141.55796	-0	0.0	4	2.3	286
2024/05/12	06:16:01	40.53942	141.55801	-22	0.0	4	2.3	295
2024/05/12	06:17:00	40.53932	141.55779	0	0.0	4	2.3	304
2024/05/12	06:18:03	40.53944	141.55814	0	0.0	3	7.0	282
2024/05/12	06:19:00	40.53941	141.55787	-16	0.0	4	2.3	301
2024/05/12	06:20:01	40.53937	141.55814	-8	0.0	4	2.3	301
2024/05/12	06:21:00	40.53940	141.55804	-18	0.0	4	2.3	300
2024/05/12	06:22:00	40.53935	141.55794	2	3.7	4	2.3	232
2024/05/12	06:23:02	40.53940	141.55811	-4	0.0	4	2.3	303
2024/05/12	06:24:00	40.53929	141.55777	20	3.7	4	2.3	271
2024/05/12	06:25:00	40.53958	141.55795	-46	0.0	4	2.3	285
2024/05/12	06:26:01	40.53932	141.55792	16	0.0	4	2.3	293
2024/05/12	06:27:02	40.53946	141.55809	-22	0.0	3	4.0	285
2024/05/12	06:28:03	40.53942	141.55804	-8	0.0	4	2.3	285
2024/05/12	06:29:03	40.53940	141.55798	-2	0.0	4	2.3	272
2024/05/12	06:30:03	40.53942	141.55799	-34	0.0	3	3.3	265
2024/05/12	06:31:03	40.53944	141.55803	-20	0.0	3	3.3	270
2024/05/12	06:32:03	40.53943	141.55798	-36	0.0	3	3.2	286
2024/05/12	06:33:03	40.53939	141.55799	0	0.0	3	3.2	294
2024/05/12	06:34:02	40.53941	141.55803	6	0.0	3	3.2	289
2024/05/12	06:35:02	40.53925	141.55791	10	0.0	3	3.1	287
2024/05/12	06:36:02	40.53938	141.55795	-4	0.0	3	3.1	257
2024/05/12	06:37:03	40.53937	141.55810	30	0.0	3	3.1	282
2024/05/12	06:38:02	40.53941	141.55788	-42	0.0	3	3.1	289
2024/05/12	06:39:02	40.53941	141.55797	-22	0.0	3	3.1	261
2024/05/12	06:40:02	40.53942	141.55804	16	0.0	3	3.1	251
2024/05/12	06:41:02	40.53937	141.55792	-4	0.0	3	3.1	295
2024/05/12	06:42:03	40.53939	141.55800	12	0.0	3	3.1	267
2024/05/12	06:43:02	40.53941	141.55801	-14	0.0	3	3.1	269
2024/05/12	06:44:02	40.53936	141.55800	16	0.0	3	3.1	268
2024/05/12	06:45:02	40.53943	141.55796	-20	0.0	3	3.1	289
2024/05/12	06:46:02	40.53939	141.55802	-2	0.0	3	3.1	233
2024/05/12	06:47:03	40.53940	141.55788	-10	0.0	3	3.1	269
2024/05/12	06:48:02	40.53947	141.55803	-36	0.0	3	3.1	269
2024/05/12	06:49:02	40.53940	141.55793	-16	0.0	3	3.1	279
2024/05/12	06:50:02	40.53945	141.55804	-16	0.0	3	3.1	268
2024/05/12	06:51:02	40.53946	141.55793	-30	0.0	3	3.1	233
2024/05/12	06:52:03	40.53941	141.55797	-16	0.0	3	3.1	260
2024/05/12	06:53:02	40.53943	141.55797	-18	0.0	3	3.1	264
2024/05/12	06:54:02	40.53926	141.55802	48	0.0	3	3.2	229
2024/05/12	06:55:02	40.53943	141.55794	-20	0.0	3	3.2	232
2024/05/12	06:56:02	40.53937	141.55790	0	0.0	3	3.2	230
2024/05/12	06:57:03	40.53937	141.55800	-6	0.0	3	3.2	288
2024/05/12	06:58:03	40.53934	141.55799	16	0.0	3	3.2	292
2024/05/12	06:59:02	40.53933	141.55797	36	0.0	3	3.3	263
2024/05/12	07:00:02	40.53941	141.55793	-8	0.0	3	3.3	234
2024/05/12	07:01:02	40.53946	141.55790	-28	0.0	3	3.3	265
2024/05/12	07:02:02	40.53926	141.55803	28	0.0	3	3.3	266
2024/05/12	07:03:02	40.53945	141.55792	-20	0.0	3	3.4	264
2024/05/12	07:04:02	40.53947	141.55801	-26	0.0	3	3.4	237
2024/05/12	07:05:02	40.53938	141.55800	8	0.0	3	4.0	261
2024/05/12	07:06:02	40.53957	141.55789	-46	0.0	3	4.0	233
2024/05/12	07:07:02	40.53941	141.55801	-2	0.0	3	4.0	266
2024/05/12	07:08:02	40.53929	141.55801	20	0.0	3	4.1	266
2024/05/12	07:09:02	40.53973	141.55780	-100	0.0	3	4.1	267
2024/05/12	07:10:02	40.53942	141.55793	-6	0.0	3	4.2	267
2024/05/12	07:11:02	40.53940	141.55792	-8	0.0	3	4.3	225
2024/05/12	07:12:02	40.53935	141.55796	12	0.0	3	4.3	293
2024/05/12	07:13:02	40.53942	141.55795	-10	0.0	3	4.4	292
2024/05/12	07:14:02	40.53943	141.55790	2	0.0	3	5.0	312
2024/05/12	07:15:02	40.53944	141.55792	-12	0.0	3	5.1	285
2024/05/12	07:16:02	40.53933	141.55795	14	0.0	3	5.1	292
2024/05/12	07:17:02	40.53951	141.55930	8	18.5	3	5.2	296
2024/05/12	07:18:02	40.53920	141.56114	-24	29.6	3	5.4	288
2024/05/12	07:19:02	40.53598	141.56259	30	25.9	3	6.0	200
2024/05/12	07:20:02	40.53605	141.56370	74	22.2	3	6.1	232
2024/05/12	07:21:03	40.53885	141.56136	58	29.6	3	6.3	293
2024/05/12	07:22:03	40.53947	141.55802	4	18.5	3	6.4	297
2024/05/12	07:23:02	40.53948	141.55792	-32	0.0	3	7.1	235
2024/05/12	07:24:03	40.53948	141.55785	-16	0.0	3	7.3	283
2024/05/12	07:25:02	40.53929	141.55797	32	0.0	3	8.1	282
2024/05/12	07:26:02	40.53930	141.55807	8	0.0	3	8.4	295
2024/05/12	07:27:02	40.53951	141.55792	-30	0.0	3	9.2	305
2024/05/12	07:28:02	40.53929	141.55818	2	0.0	3	10.0	303
2024/05/12	07:29:02	40.53930	141.55809	24	0.0	3	11.0	311
2024/05/12	07:30:02	40.53946	141.55794	-32	3.7	3	12.0	297
2024/05/12	07:31:03	40.53945	141.55793	-12	0.0	3	13.1	313
2024/05/12	07:32:02	40.53921	141.55806	26	0.0	3	14.3	306
2024/05/12	07:33:03	40.53966	141.55768	-56	0.0	3	16.3	300
2024/05/12	07:34:02	40.53977	141.55737	-58	0.0	3	18.4	271
2024/05/12	07:35:34	40.53940	141.55796	-0	0.0	4	1.4	262
2024/05/12	07:36:00	40.53942	141.55796	22	0.0	3	1.4	246
2024/05/12	07:37:00	40.53926	141.55796	10	0.0	3	2.2	295
2024/05/12	07:38:00	40.53926	141.55801	40	0.0	3	2.0	272
2024/05/12	07:39:00	40.53927	141.55794	24	0.0	3	1.4	271
2024/05/12	07:40:01	40.53936	141.55799	16	0.0	4	1.4	299
2024/05/12	07:41:02	40.53939	141.55798	14	0.0	3	1.4	298
2024/05/12	07:42:01	40.53941	141.55800	6	0.0	3	1.4	298
2024/05/12	07:43:00	40.53953	141.55802	-30	0.0	4	2.1	318
2024/05/12	07:44:00	40.53937	141.55810	8	0.0	3	2.0	307
2024/05/12	07:45:01	40.53938	141.55800	36	0.0	3	1.4	308
2024/05/12	07:46:02	40.53934	141.55797	14	0.0	3	1.4	312
2024/05/12	07:46:59	40.53923	141.55761	30	3.7	3	2.4	140
2024/05/12	07:48:00	40.53942	141.55786	-10	3.7	3	1.4	268
2024/05/12	07:49:00	40.53930	141.55782	52	3.7	3	2.2	239
2024/05/12	07:50:02	40.53962	141.55757	-30	0.0	4	8.4	298
2024/05/12	07:51:01	40.53926	141.55816	0	0.0	4	1.4	253
2024/05/12	07:52:01	40.53937	141.55799	8	0.0	4	1.4	315
2024/05/12	07:53:02	40.53935	141.55802	10	0.0	4	2.0	292
2024/05/12	07:54:00	40.53925	141.55795	40	0.0	3	2.0	268
2024/05/12	07:55:01	40.53941	141.55797	10	0.0	3	2.0	292
2024/05/12	07:56:01	40.53935	141.55791	-18	0.0	3	2.0	276
2024/05/12	07:57:00	40.53932	141.55822	52	0.0	3	2.2	255
2024/05/12	07:58:00	40.53938	141.55788	0	0.0	4	2.0	301
2024/05/12	07:59:00	40.53935	141.55798	4	0.0	4	2.0	295
2024/05/12	08:00:03	40.53922	141.55788	-90	0.0	2	3.1	271
2024/05/12	08:01:02	40.53939	141.55795	-22	0.0	2	3.2	270
2024/05/12	08:02:02	40.53941	141.55802	-0	0.0	4	2.0	275
2024/05/12	08:03:03	40.53937	141.55793	18	0.0	3	2.0	272
2024/05/12	08:04:01	40.53936	141.55791	-16	0.0	3	2.0	276
2024/05/12	08:05:01	40.53940	141.55802	6	0.0	3	2.0	249
2024/05/12	08:06:01	40.53937	141.55802	18	0.0	3	2.0	280
2024/05/12	08:07:01	40.53932	141.55797	8	0.0	4	2.0	284
2024/05/12	08:08:02	40.53940	141.55796	12	0.0	3	2.1	265
2024/05/12	08:09:00	40.53947	141.55797	-0	0.0	4	2.1	278
2024/05/12	08:10:01	40.53937	141.55804	2	0.0	3	2.1	246
2024/05/12	08:11:03	40.53934	141.55796	-10	0.0	3	2.1	250
2024/05/12	08:12:02	40.53938	141.55799	6	0.0	3	2.1	271
2024/05/12	08:13:03	40.53933	141.55795	-14	0.0	2	4.0	227
2024/05/12	08:14:01	40.53938	141.55805	16	0.0	3	2.1	217
2024/05/12	08:15:01	40.53940	141.55802	16	0.0	3	2.1	205
2024/05/12	08:16:01	40.53940	141.55797	-2	0.0	3	2.1	232
2024/05/12	08:17:02	40.53940	141.55808	30	0.0	3	2.1	281
2024/05/12	08:18:00	40.53933	141.55788	8	0.0	3	2.1	238
2024/05/12	08:19:01	40.53940	141.55794	4	0.0	3	2.1	223
2024/05/12	08:20:02	40.53931	141.55798	8	0.0	3	2.1	190
2024/05/12	08:21:01	40.53938	141.55792	-2	0.0	3	2.1	223
2024/05/12	08:22:01	40.53938	141.55793	-2	0.0	3	2.1	225
2024/05/12	08:23:01	40.53930	141.55799	8	0.0	3	2.1	218
2024/05/12	08:24:02	40.53934	141.55801	20	0.0	3	2.1	247
2024/05/12	08:25:01	40.53941	141.55796	-14	0.0	3	2.1	223
2024/05/12	08:26:01	40.53934	141.55807	16	0.0	3	2.1	225
2024/05/12	08:27:00	40.53949	141.55812	-2	0.0	3	2.1	230
2024/05/12	08:28:01	40.53950	141.55809	4	0.0	3	2.1	259
2024/05/12	08:29:01	40.53932	141.55807	6	0.0	3	2.1	253
2024/05/12	08:30:01	40.53937	141.55801	0	0.0	3	2.1	255
2024/05/12	08:31:02	40.53941	141.55795	8	0.0	3	2.1	291
2024/05/12	08:32:01	40.53938	141.55812	24	0.0	3	2.1	252
2024/05/12	08:33:01	40.53934	141.55799	2	0.0	3	2.2	256
2024/05/12	08:34:01	40.53934	141.55804	2	0.0	3	2.2	257
2024/05/12	08:35:01	40.53937	141.55799	8	0.0	3	2.2	254
2024/05/12	08:36:01	40.53933	141.55802	10	0.0	3	2.2	256
2024/05/12	08:37:01	40.53939	141.55792	-8	0.0	3	2.2	258
2024/05/12	08:38:01	40.53938	141.55804	10	0.0	3	2.1	258
2024/05/12	08:39:01	40.53931	141.55805	12	0.0	3	2.1	257
2024/05/12	08:40:01	40.53941	141.55798	-2	0.0	3	2.1	257
2024/05/12	08:41:01	40.53930	141.55798	4	0.0	3	2.1	257
2024/05/12	08:42:01	40.53939	141.55801	0	0.0	3	2.1	289
2024/05/12	08:43:01	40.53934	141.55804	24	0.0	3	2.1	223
2024/05/12	08:44:01	40.53931	141.55800	-0	0.0	3	2.1	259
2024/05/12	08:45:01	40.53935	141.55787	-12	0.0	3	2.1	252
2024/05/12	08:46:01	40.53936	141.55796	6	0.0	3	2.1	255
2024/05/12	08:47:01	40.53942	141.55802	4	0.0	3	2.1	258
2024/05/12	08:48:01	40.53939	141.55806	0	0.0	3	2.1	253
2024/05/12	08:49:01	40.53936	141.55801	12	0.0	3	2.1	256
2024/05/12	08:50:01	40.53935	141.55800	2	0.0	3	2.1	252
2024/05/12	08:51:01	40.53939	141.55803	4	0.0	3	2.1	290
2024/05/12	08:52:03	40.53929	141.55812	26	0.0	3	2.1	251
2024/05/12	08:53:03	40.53934	141.55797	8	0.0	3	2.1	251
2024/05/12	08:54:02	40.53934	141.55796	12	0.0	3	2.1	289
2024/05/12	08:55:03	40.53919	141.55808	34	0.0	2	5.2	284
2024/05/12	08:56:03	40.53937	141.55798	8	0.0	3	2.1	248
2024/05/12	08:57:04	40.53932	141.55801	16	0.0	2	4.3	246
2024/05/12	08:58:05	40.53935	141.55787	-8	0.0	2	4.3	238
2024/05/12	08:59:04	40.53935	141.55796	-0	0.0	2	4.3	239
2024/05/12	09:00:34	40.53935	141.55797	2	0.0	7	1.0	271
2024/05/12	09:01:00	40.53930	141.55791	6	0.0	6	1.1	236
2024/05/12	09:02:00	40.53933	141.55800	4	0.0	6	1.1	238
2024/05/12	09:03:00	40.53926	141.55788	14	0.0	5	1.3	202
2024/05/12	09:04:00	40.53940	141.55805	14	0.0	6	1.1	238
2024/05/12	09:05:00	40.53936	141.55795	14	0.0	4	1.2	167
2024/05/12	09:06:00	40.53951	141.55813	0	0.0	3	2.4	138
2024/05/12	09:07:00	40.53936	141.55797	18	0.0	4	1.2	236
2024/05/12	09:08:00	40.53937	141.55801	-10	0.0	6	1.1	235
2024/05/12	09:09:01	40.53932	141.55794	-6	0.0	5	1.1	204
2024/05/12	09:10:00	40.53929	141.55797	12	0.0	5	1.3	204
2024/05/12	09:11:00	40.53937	141.55802	2	0.0	6	1.1	236
2024/05/12	09:12:00	40.53934	141.55798	-8	0.0	5	1.1	204
2024/05/12	09:13:00	40.53932	141.55786	0	0.0	6	1.1	238
2024/05/12	09:14:00	40.53929	141.55804	14	0.0	6	1.1	239
2024/05/12	09:15:00	40.53925	141.55812	46	0.0	5	1.3	235
2024/05/12	09:16:00	40.53942	141.55797	8	0.0	6	1.1	236
2024/05/12	09:17:00	40.53931	141.55805	16	0.0	4	2.2	193
2024/05/12	09:18:00	40.53946	141.55799	6	0.0	5	1.3	245
2024/05/12	09:19:00	40.53939	141.55803	10	0.0	6	1.1	249
2024/05/12	09:20:00	40.53935	141.55796	-8	0.0	6	1.1	240
2024/05/12	09:21:00	40.53942	141.55801	4	0.0	6	1.1	226
2024/05/12	09:22:00	40.53936	141.55805	24	0.0	6	1.1	236
2024/05/12	09:23:00	40.53935	141.55792	-18	0.0	6	1.1	240
2024/05/12	09:24:00	40.53939	141.55798	8	0.0	6	1.1	238
2024/05/12	09:25:00	40.53935	141.55801	10	0.0	6	1.1	240
2024/05/12	09:26:00	40.53937	141.55796	-4	0.0	6	1.1	240
2024/05/12	09:27:00	40.53940	141.55783	-10	0.0	4	1.4	236
2024/05/12	09:28:00	40.53935	141.55800	6	0.0	6	1.1	234
2024/05/12	09:29:00	40.53942	141.55792	-4	0.0	6	1.1	238
2024/05/12	09:30:00	40.53936	141.55795	6	0.0	6	1.1	239
2024/05/12	09:30:59	40.53934	141.55792	-18	0.0	3	2.2	138
2024/05/12	09:32:00	40.53937	141.55799	-6	0.0	5	1.2	231
2024/05/12	09:33:01	40.53937	141.55802	10	0.0	6	1.1	235
2024/05/12	09:34:00	40.53928	141.55792	20	0.0	5	1.2	205
2024/05/12	09:35:00	40.53935	141.55796	-0	0.0	5	1.2	200
2024/05/12	09:36:00	40.53932	141.55796	-16	0.0	5	1.2	203
2024/05/12	09:37:00	40.53950	141.55796	-24	0.0	5	1.2	237
2024/05/12	09:38:00	40.53926	141.55797	22	0.0	5	1.2	201
2024/05/12	09:39:00	40.53932	141.55797	6	0.0	5	1.2	233
2024/05/12	09:40:00	40.53933	141.55804	-10	0.0	4	1.2	230
2024/05/12	09:41:00	40.53935	141.55804	-0	0.0	4	1.3	235
2024/05/12	09:42:00	40.53942	141.55799	10	0.0	5	1.2	235
2024/05/12	09:43:00	40.53930	141.55793	12	0.0	4	1.3	201
2024/05/12	09:44:00	40.53931	141.55814	2	0.0	6	1.1	232
2024/05/12	09:45:00	40.53932	141.55805	16	0.0	6	1.1	234
2024/05/12	09:46:00	40.53926	141.55803	22	0.0	4	2.0	236
2024/05/12	09:47:00	40.53940	141.55803	-20	0.0	5	1.2	200
2024/05/12	09:48:00	40.53942	141.55802	18	0.0	5	1.2	204
2024/05/12	09:49:00	40.53932	141.55785	-0	0.0	5	1.2	219
2024/05/12	09:49:59	40.53933	141.55796	-14	0.0	3	2.1	141
2024/05/12	09:51:00	40.53941	141.55788	-2	0.0	5	1.2	229
2024/05/12	09:52:01	40.53940	141.55805	26	0.0	5	1.2	201
2024/05/12	09:53:01	40.53932	141.55799	2	0.0	5	1.2	206
2024/05/12	09:54:01	40.53936	141.55799	4	0.0	6	1.2	236
2024/05/12	09:55:00	40.53935	141.55804	-0	0.0	6	1.2	237
2024/05/12	09:56:00	40.53939	141.55800	0	0.0	6	1.2	237
2024/05/12	09:57:00	40.53936	141.55796	-6	0.0	5	1.3	200
2024/05/12	09:58:00	40.53937	141.55796	0	0.0	6	1.2	233
2024/05/12	09:58:59	40.53925	141.55804	20	3.7	3	2.2	236
2024/05/12	10:00:00	40.53935	141.55795	16	0.0	5	1.3	200
2024/05/12	10:01:00	40.53943	141.55796	2	0.0	6	1.2	231
2024/05/12	10:02:01	40.53934	141.55797	10	0.0	5	1.3	197
2024/05/12	10:03:00	40.53949	141.55787	-4	0.0	4	2.1	195
2024/05/12	10:04:00	40.53928	141.55799	12	0.0	5	1.3	231
2024/05/12	10:05:00	40.53935	141.55802	-4	3.7	5	2.0	198
2024/05/12	10:06:01	40.53925	141.55799	-6	0.0	5	1.3	227
2024/05/12	10:07:00	40.53941	141.55804	14	0.0	4	2.1	162
2024/05/12	10:08:00	40.53939	141.55781	-48	0.0	4	1.4	228
2024/05/12	10:09:00	40.53937	141.55799	8	0.0	4	1.4	219
2024/05/12	10:10:00	40.53936	141.55807	30	0.0	5	1.4	228
2024/05/12	10:11:01	40.53940	141.55802	-22	0.0	3	2.1	160
2024/05/12	10:12:00	40.53935	141.55800	18	0.0	5	1.4	201
2024/05/12	10:13:00	40.53931	141.55813	12	0.0	4	1.4	200
2024/05/12	10:14:00	40.53933	141.55794	-12	0.0	5	1.4	249
2024/05/12	10:15:00	40.53931	141.55808	56	3.7	4	2.0	245
2024/05/12	10:16:00	40.53946	141.55808	56	0.0	3	2.1	182
2024/05/12	10:17:00	40.53943	141.55791	-12	0.0	5	2.0	228
2024/05/12	10:18:01	40.53927	141.55804	18	0.0	5	1.4	226
2024/05/12	10:19:01	40.53931	141.55816	30	0.0	5	1.4	248
2024/05/12	10:20:00	40.53937	141.55787	-42	0.0	3	2.4	138
2024/05/12	10:21:00	40.53938	141.55785	-12	0.0	5	2.0	227
2024/05/12	10:22:00	40.53944	141.55806	-26	0.0	4	2.2	225
2024/05/12	10:23:00	40.53947	141.55784	-72	0.0	4	2.2	226
2024/05/12	10:24:00	40.53932	141.55799	12	0.0	4	2.1	227
2024/05/12	10:24:59	40.53938	141.55802	-40	0.0	3	2.4	138
2024/05/12	10:26:00	40.53939	141.55807	0	0.0	3	2.3	162
2024/05/12	10:27:00	40.53924	141.55822	70	0.0	4	2.3	194
2024/05/12	10:28:00	40.53933	141.55799	36	3.7	4	2.3	220
2024/05/12	10:29:00	40.53934	141.55792	6	0.0	4	2.3	225
2024/05/12	10:30:01	40.53959	141.55770	-68	0.0	4	2.3	226
2024/05/12	10:31:01	40.53941	141.55804	2	0.0	4	2.3	223
2024/05/12	10:32:00	40.53931	141.55792	20	0.0	4	2.3	226
2024/05/12	10:33:00	40.53932	141.55799	2	0.0	4	2.4	227
2024/05/12	10:34:00	40.53934	141.55787	6	3.7	4	2.4	326
2024/05/12	10:35:01	40.53929	141.55809	34	3.7	3	4.4	204
2024/05/12	10:36:00	40.53935	141.55791	20	3.7	3	2.4	201
2024/05/12	10:37:01	40.53929	141.55801	16	0.0	4	2.4	234
2024/05/12	10:38:01	40.53928	141.55800	22	0.0	4	2.4	236
2024/05/12	10:39:00	40.53930	141.55796	12	0.0	4	2.4	170
2024/05/12	10:40:00	40.53937	141.55773	-16	3.7	4	2.4	196
2024/05/12	10:41:01	40.53915	141.55822	78	0.0	4	2.4	235
2024/05/12	10:42:00	40.53956	141.55782	-32	0.0	4	2.4	202
2024/05/12	10:43:01	40.53926	141.55818	56	0.0	4	2.4	268
2024/05/12	10:44:01	40.53945	141.55799	-8	0.0	4	2.4	277
2024/05/12	10:45:01	40.53944	141.55796	-24	0.0	4	2.4	271
2024/05/12	10:46:01	40.53944	141.55794	-6	0.0	4	2.4	234
2024/05/12	10:47:00	40.53938	141.55803	10	0.0	4	2.4	193
2024/05/12	10:48:01	40.53947	141.55789	-12	0.0	4	2.4	236
2024/05/12	10:49:01	40.53930	141.55809	28	0.0	4	2.4	198
2024/05/12	10:50:01	40.53938	141.55793	-4	0.0	4	2.4	166
2024/05/12	10:51:01	40.53929	141.55806	24	0.0	4	2.4	197
2024/05/12	10:52:00	40.53936	141.55795	2	0.0	4	2.4	199
2024/05/12	10:53:01	40.53926	141.55811	30	0.0	3	3.0	165
2024/05/12	10:54:01	40.53923	141.55817	40	0.0	3	9.4	164
2024/05/12	10:55:01	40.53920	141.55819	58	0.0	4	2.4	233
2024/05/12	10:56:01	40.53930	141.55806	32	0.0	4	2.4	270
2024/05/12	10:57:00	40.53952	141.55767	-38	0.0	4	2.4	197
2024/05/12	10:58:01	40.53941	141.55792	-12	0.0	3	2.4	203
2024/05/12	10:59:00	40.53934	141.55807	38	11.1	3	2.4	166
2024/05/12	11:00:02	40.53955	141.55790	-36	0.0	4	2.4	275
2024/05/12	11:01:00	40.53927	141.55831	36	3.7	4	2.4	165
2024/05/12	11:02:01	40.53943	141.55790	-10	0.0	4	2.4	232
2024/05/12	11:03:02	40.53918	141.55815	44	0.0	4	2.4	303
2024/05/12	11:04:02	40.53933	141.55792	8	0.0	4	2.4	198
2024/05/12	11:05:01	40.53936	141.55784	8	0.0	4	2.4	236
2024/05/12	11:06:01	40.53924	141.55809	42	0.0	4	2.3	223
2024/05/12	11:07:00	40.53937	141.55818	30	0.0	4	2.3	201
2024/05/12	11:08:01	40.53938	141.55785	-6	0.0	4	2.3	227
2024/05/12	11:09:01	40.53933	141.55803	26	0.0	4	2.3	195
2024/05/12	11:10:01	40.53931	141.55803	16	0.0	4	2.3	195
2024/05/12	11:11:00	40.53934	141.55794	-6	3.7	4	2.3	199
2024/05/12	11:12:01	40.53941	141.55791	-2	0.0	4	2.3	200
2024/05/12	11:13:00	40.53952	141.55796	-24	0.0	4	2.3	198
2024/05/12	11:14:00	40.53943	141.55807	-4	0.0	4	2.3	226
2024/05/12	11:15:02	40.53935	141.55805	10	0.0	4	2.3	223
2024/05/12	11:16:02	40.53931	141.55793	14	0.0	4	2.3	224
2024/05/12	11:17:01	40.53933	141.55803	12	0.0	4	2.3	227
2024/05/12	11:18:00	40.53927	141.55799	22	0.0	4	2.3	227
2024/05/12	11:19:00	40.53934	141.55792	6	0.0	4	2.3	232
2024/05/12	11:20:00	40.53933	141.55791	2	0.0	4	2.3	232
2024/05/12	11:21:00	40.53947	141.55784	-18	0.0	4	2.3	231
2024/05/12	11:22:00	40.53930	141.55795	20	0.0	4	2.2	228
2024/05/12	11:23:01	40.53941	141.55795	2	0.0	4	2.2	214
2024/05/12	11:24:00	40.53933	141.55811	14	0.0	4	2.2	199
2024/05/12	11:25:01	40.53935	141.55789	0	0.0	4	2.2	265
2024/05/12	11:26:00	40.53941	141.55785	-10	0.0	3	2.2	233
2024/05/12	11:27:00	40.53934	141.55763	2	0.0	4	2.2	191
2024/05/12	11:28:01	40.53938	141.55800	12	0.0	4	2.2	256
2024/05/12	11:29:01	40.53937	141.55794	0	0.0	4	2.2	202
2024/05/12	11:30:02	40.53933	141.55797	8	0.0	4	2.2	260
2024/05/12	11:31:01	40.53946	141.55800	6	0.0	4	2.2	214
2024/05/12	11:32:00	40.53937	141.55803	10	0.0	3	2.2	191
2024/05/12	11:33:01	40.53944	141.55799	-4	0.0	4	2.2	281
2024/05/12	11:34:01	40.53935	141.55792	6	0.0	4	2.2	220
2024/05/12	11:35:01	40.53937	141.55805	10	0.0	4	2.2	254
2024/05/12	11:36:01	40.53942	141.55790	6	0.0	4	2.2	240
2024/05/12	11:37:01	40.53948	141.55814	-2	0.0	3	8.1	211
2024/05/12	11:38:01	40.53935	141.55799	8	0.0	3	8.0	241
2024/05/12	11:39:02	40.53943	141.55798	2	0.0	3	7.4	252
2024/05/12	11:40:02	40.53933	141.55787	0	0.0	3	7.2	251
2024/05/12	11:41:01	40.53939	141.55793	-8	0.0	3	7.2	190
2024/05/12	11:42:02	40.53952	141.55805	-30	0.0	3	7.1	273
2024/05/12	11:43:01	40.53913	141.55772	46	0.0	3	7.0	219
2024/05/12	11:44:02	40.53912	141.55794	50	0.0	2	4.1	249
2024/05/12	11:45:03	40.53945	141.55811	-0	0.0	3	6.3	248
2024/05/12	11:46:02	40.53935	141.55783	-8	0.0	3	6.3	211
2024/05/12	11:47:01	40.53949	141.55792	-12	0.0	3	6.2	255
2024/05/12	11:48:04	40.53945	141.55818	-4	0.0	3	6.2	255
2024/05/12	11:49:02	40.53953	141.55823	-20	0.0	3	6.1	255
2024/05/12	11:50:04	40.53931	141.55789	14	0.0	3	6.1	217
2024/05/12	11:51:34	40.53936	141.55796	4	0.0	7	0.4	263
2024/05/12	11:52:00	40.53925	141.55797	-12	0.0	5	1.2	251
2024/05/12	11:53:00	40.53925	141.55785	24	0.0	5	1.4	258
2024/05/12	11:53:59	40.53946	141.55803	28	0.0	4	1.2	224
2024/05/12	11:55:00	40.53938	141.55804	6	0.0	5	1.2	252
2024/05/12	11:56:00	40.53933	141.55786	10	0.0	6	1.1	259
2024/05/12	11:57:00	40.53940	141.55790	-6	0.0	7	0.4	261
2024/05/12	11:58:01	40.53935	141.55795	4	0.0	7	0.4	261
2024/05/12	11:59:00	40.53947	141.55792	-2	0.0	5	1.0	218
2024/05/12	12:00:00	40.53940	141.55795	-14	0.0	5	1.1	255
2024/05/12	12:00:59	40.53931	141.55808	-24	0.0	4	1.4	255
2024/05/12	12:02:00	40.53927	141.55803	14	0.0	5	1.1	259
2024/05/12	12:02:59	40.53936	141.55810	-2	3.7	3	2.0	256
2024/05/12	12:04:00	40.53939	141.55800	2	0.0	5	1.2	260
2024/05/12	12:05:01	40.53935	141.55779	18	0.0	6	0.4	261
2024/05/12	12:05:59	40.53932	141.55813	-62	0.0	3	2.4	136
2024/05/12	12:07:01	40.53933	141.55797	6	0.0	5	1.0	227
2024/05/12	12:08:00	40.53930	141.55795	10	0.0	5	1.1	259
2024/05/12	12:09:00	40.53936	141.55790	-10	0.0	5	1.1	255
2024/05/12	12:10:01	40.53932	141.55803	6	0.0	5	1.1	259
2024/05/12	12:11:00	40.53934	141.55797	-2	0.0	4	1.1	232
2024/05/12	12:12:00	40.53930	141.55802	0	0.0	5	1.1	260
2024/05/12	12:13:00	40.53929	141.55801	16	0.0	3	1.1	195
2024/05/12	12:14:00	40.53935	141.55791	8	0.0	5	1.1	254
2024/05/12	12:15:00	40.53935	141.55795	-2	0.0	6	0.4	254
2024/05/12	12:16:00	40.53941	141.55800	6	0.0	6	0.4	260
2024/05/12	12:17:01	40.53943	141.55793	-8	0.0	6	1.1	259
2024/05/12	12:18:00	40.53939	141.55786	-10	0.0	5	1.1	258
2024/05/12	12:19:01	40.53932	141.55799	8	0.0	5	1.1	264
2024/05/12	12:20:01	40.53938	141.55793	-2	0.0	6	0.4	268
2024/05/12	12:21:00	40.53938	141.55794	24	0.0	6	0.4	226
2024/05/12	12:22:00	40.53942	141.55784	-8	0.0	5	1.1	226
2024/05/12	12:22:59	40.53934	141.55802	-10	0.0	4	1.2	261
2024/05/12	12:24:00	40.53935	141.55800	0	0.0	6	1.1	263
2024/05/12	12:24:59	40.53928	141.55786	-6	0.0	5	1.0	237
2024/05/12	12:26:00	40.53932	141.55802	14	3.7	4	1.0	236
2024/05/12	12:27:01	40.53942	141.55797	-18	0.0	6	0.4	260
2024/05/12	12:28:00	40.53928	141.55796	-14	0.0	6	0.4	263
2024/05/12	12:29:01	40.53934	141.55794	10	0.0	6	0.4	265
2024/05/12	12:29:59	40.53945	141.55796	0	0.0	5	1.0	232
2024/05/12	12:30:59	40.53932	141.55789	16	0.0	5	1.2	205
2024/05/12	12:31:59	40.53974	141.55799	22	7.4	3	2.1	237
2024/05/12	12:33:00	40.53926	141.55797	26	0.0	6	0.4	235
2024/05/12	12:33:59	40.53968	141.55802	20	0.0	4	1.3	204
2024/05/12	12:35:01	40.53937	141.55795	22	0.0	6	0.4	266
2024/05/12	12:36:00	40.53919	141.55799	-8	0.0	5	1.0	268
2024/05/12	12:37:00	40.53928	141.55803	38	0.0	4	1.0	169
2024/05/12	12:38:00	40.53930	141.55790	-8	0.0	3	1.2	232
2024/05/12	12:39:00	40.53944	141.55796	34	0.0	6	0.4	235
2024/05/12	12:40:00	40.53936	141.55783	28	0.0	4	1.0	231
2024/05/12	12:41:00	40.53942	141.55789	10	0.0	4	1.1	201
2024/05/12	12:42:01	40.53944	141.55797	-4	0.0	5	1.0	262
2024/05/12	12:43:01	40.53933	141.55805	12	0.0	6	0.4	257
2024/05/12	12:44:01	40.53942	141.55792	8	0.0	6	0.4	259
2024/05/12	12:45:00	40.53937	141.55790	6	0.0	5	1.0	262
2024/05/12	12:45:59	40.53937	141.55783	-6	0.0	4	2.0	264
2024/05/12	12:47:00	40.53931	141.55801	22	0.0	6	0.4	264
2024/05/12	12:48:00	40.53939	141.55793	24	0.0	5	1.0	261
2024/05/12	12:49:00	40.53942	141.55805	-8	0.0	5	1.0	262
2024/05/12	12:50:00	40.53930	141.55807	24	0.0	4	1.2	259
2024/05/12	12:51:00	40.53942	141.55797	52	0.0	3	1.3	225
2024/05/12	12:52:00	40.53950	141.55800	-12	0.0	5	1.1	260
2024/05/12	12:53:01	40.53935	141.55793	8	0.0	4	0.4	196
2024/05/12	12:54:00	40.53940	141.55792	0	0.0	4	1.2	229
2024/05/12	12:55:00	40.53936	141.55798	14	0.0	6	0.4	263
2024/05/12	12:56:00	40.53939	141.55803	4	0.0	5	1.0	260
2024/05/12	12:57:00	40.53934	141.55788	-6	3.7	5	1.1	259
2024/05/12	12:58:00	40.53934	141.55797	-12	0.0	4	1.0	259
2024/05/12	12:59:01	40.53939	141.55795	-2	0.0	6	0.4	261
2024/05/12	13:00:00	40.53941	141.55792	8	0.0	6	1.0	261
2024/05/12	13:00:59	40.53939	141.55794	6	0.0	3	2.0	138
2024/05/12	13:02:01	40.53940	141.55798	12	0.0	6	1.0	262
2024/05/12	13:03:01	40.53939	141.55799	2	0.0	6	1.0	284
2024/05/12	13:03:59	40.53940	141.55798	-2	0.0	5	1.1	263
2024/05/12	13:05:00	40.53940	141.55802	14	0.0	6	1.0	261
2024/05/12	13:06:00	40.53938	141.55791	10	0.0	4	1.3	287
2024/05/12	13:07:00	40.53929	141.55798	-0	0.0	5	1.1	253
2024/05/12	13:08:00	40.53936	141.55784	10	0.0	4	1.3	311
2024/05/12	13:09:01	40.53937	141.55804	2	0.0	4	1.3	281
2024/05/12	13:10:01	40.53945	141.55807	-6	0.0	4	1.3	280
2024/05/12	13:11:01	40.53939	141.55797	42	0.0	4	1.2	249
2024/05/12	13:12:01	40.53938	141.55799	8	0.0	5	1.1	289
2024/05/12	13:13:00	40.53942	141.55804	16	0.0	4	1.3	285
2024/05/12	13:14:00	40.53934	141.55790	26	3.7	4	1.3	287
2024/05/12	13:15:00	40.53949	141.55805	-18	0.0	5	1.1	281
2024/05/12	13:16:00	40.53944	141.55789	-0	0.0	5	1.1	284
2024/05/12	13:17:00	40.53947	141.55815	-8	0.0	4	1.2	259
2024/05/12	13:18:01	40.53938	141.55796	4	0.0	5	1.1	292
2024/05/12	13:19:00	40.53942	141.55795	28	0.0	5	1.1	265
2024/05/12	13:20:00	40.53939	141.55826	32	3.7	4	1.1	263
2024/05/12	13:21:00	40.53935	141.55797	0	0.0	5	1.1	262
2024/05/12	13:22:00	40.53922	141.55785	30	7.4	3	2.4	253
2024/05/12	13:23:00	40.53945	141.55793	0	0.0	4	1.4	261
2024/05/12	13:24:01	40.53930	141.55795	14	0.0	5	1.1	263
2024/05/12	13:25:01	40.53939	141.55796	16	0.0	5	1.1	218
2024/05/12	13:26:02	40.53938	141.55795	6	0.0	4	1.2	249
2024/05/12	13:27:00	40.53924	141.55785	8	0.0	3	2.1	256
2024/05/12	13:28:00	40.53940	141.55791	8	0.0	5	1.1	262
2024/05/12	13:29:00	40.53939	141.55788	16	0.0	5	1.2	261
2024/05/12	13:30:00	40.53928	141.55796	22	0.0	4	1.3	261
2024/05/12	13:31:00	40.53939	141.55778	0	0.0	5	1.2	262
2024/05/12	13:32:01	40.53941	141.55794	-10	0.0	4	2.0	265
2024/05/12	13:33:01	40.53943	141.55798	6	0.0	4	2.0	231
2024/05/12	13:34:01	40.53946	141.55792	-6	0.0	4	2.0	263
2024/05/12	13:35:01	40.53933	141.55797	14	0.0	5	1.2	263
2024/05/12	13:36:00	40.53942	141.55796	0	0.0	5	1.2	260
2024/05/12	13:37:00	40.53943	141.55796	8	0.0	4	1.3	222
2024/05/12	13:38:00	40.53938	141.55783	6	3.7	5	1.2	258
2024/05/12	13:39:00	40.53928	141.55794	30	0.0	4	2.1	256
2024/05/12	13:40:00	40.53959	141.55791	-16	0.0	5	1.2	264
2024/05/12	13:41:00	40.53955	141.55809	-0	0.0	4	1.4	286
2024/05/12	13:42:01	40.53919	141.55799	44	0.0	4	1.4	227
2024/05/12	13:43:01	40.53935	141.55797	12	0.0	4	2.2	255
2024/05/12	13:44:01	40.53941	141.55792	4	7.4	4	2.3	232
2024/05/12	13:45:01	40.53937	141.55806	24	0.0	4	2.2	227
2024/05/12	13:46:01	40.53944	141.55796	2	0.0	4	2.2	225
2024/05/12	13:47:00	40.53944	141.55794	6	0.0	4	2.2	201
2024/05/12	13:48:01	40.53940	141.55796	-10	0.0	4	2.2	251
2024/05/12	13:49:00	40.53950	141.55797	8	0.0	4	2.2	253
2024/05/12	13:50:00	40.53927	141.55798	12	0.0	5	1.3	261
2024/05/12	13:51:00	40.53934	141.55803	10	0.0	4	2.3	246
2024/05/12	13:52:01	40.53944	141.55800	4	0.0	4	2.3	278
2024/05/12	13:53:01	40.53948	141.55792	-0	0.0	4	2.3	277
2024/05/12	13:54:02	40.53929	141.55789	14	0.0	4	2.4	277
2024/05/12	13:55:00	40.53954	141.55776	8	14.8	5	1.3	293
2024/05/12	13:56:00	40.53935	141.55777	-6	0.0	5	1.3	344
2024/05/12	13:57:02	40.53933	141.55809	18	0.0	6	1.1	278
2024/05/12	13:58:00	40.53952	141.55800	-4	0.0	5	1.3	317
2024/05/12	13:59:00	40.53920	141.55789	28	0.0	5	1.4	286
2024/05/12	14:06:05	40.53936	141.55796	8	0.0	6	0.4	273
2024/05/12	14:07:00	40.53950	141.55808	10	0.0	6	1.0	265
2024/05/12	14:08:00	40.53938	141.55796	10	0.0	5	1.1	261
2024/05/12	14:09:00	40.53937	141.55792	8	0.0	5	1.1	285
2024/05/12	14:10:00	40.53929	141.55804	-2	0.0	5	1.4	285
2024/05/12	14:11:00	40.53952	141.55812	22	0.0	5	1.1	259
2024/05/12	14:12:00	40.53930	141.55797	18	0.0	6	0.4	262
2024/05/12	14:13:00	40.53930	141.55801	14	0.0	3	1.1	264
2024/05/12	14:14:00	40.53940	141.55795	6	0.0	6	1.0	261
2024/05/12	14:15:00	40.53933	141.55797	16	3.7	4	1.4	255
2024/05/12	14:16:00	40.53936	141.55798	-10	0.0	4	1.1	262
2024/05/12	14:17:00	40.53941	141.55800	4	3.7	5	1.4	289
2024/05/12	14:18:00	40.53941	141.55798	8	0.0	6	1.4	262
2024/05/12	14:19:00	40.53930	141.55795	-6	0.0	6	1.0	260
2024/05/12	14:20:00	40.53925	141.55788	6	0.0	5	1.1	262
2024/05/12	14:21:00	40.53948	141.55830	-22	0.0	5	2.0	288
2024/05/12	14:22:00	40.53940	141.55800	12	3.7	5	1.4	254
2024/05/12	14:23:00	40.53928	141.55794	10	0.0	4	1.4	261
2024/05/12	14:24:00	40.53941	141.55787	16	0.0	5	1.4	285
2024/05/12	14:25:01	40.53942	141.55793	22	0.0	5	1.3	261
2024/05/12	14:26:01	40.53945	141.55807	4	0.0	4	2.1	288
2024/05/12	14:27:01	40.53931	141.55786	16	0.0	4	2.1	258
2024/05/12	14:28:01	40.53941	141.55801	-0	0.0	4	2.0	262
2024/05/12	14:29:01	40.53938	141.55791	8	0.0	4	2.0	206
2024/05/12	14:30:01	40.53941	141.55810	2	0.0	4	2.0	282
2024/05/12	14:31:00	40.53942	141.55813	-22	0.0	4	2.0	278
2024/05/12	14:32:00	40.53936	141.55807	12	0.0	4	2.0	254
2024/05/12	14:33:00	40.53932	141.55793	-6	0.0	4	2.0	271
2024/05/12	14:34:00	40.53926	141.55789	22	0.0	4	1.4	275
2024/05/12	14:35:00	40.53933	141.55787	18	0.0	4	1.4	275
2024/05/12	14:36:00	40.53933	141.55792	4	0.0	4	1.4	231
2024/05/12	14:37:00	40.53930	141.55785	24	0.0	3	1.4	232
2024/05/12	14:38:00	40.53930	141.55794	12	0.0	4	1.4	197
2024/05/12	14:39:00	40.53942	141.55788	16	3.7	4	1.4	234
2024/05/12	14:40:00	40.53950	141.55817	26	0.0	4	1.4	227
2024/05/12	14:41:01	40.53934	141.55793	12	0.0	4	1.3	250
2024/05/12	14:42:00	40.53939	141.55805	-6	0.0	4	1.3	252
2024/05/12	14:43:00	40.53936	141.55782	26	0.0	3	1.4	197
2024/05/12	14:44:00	40.53938	141.55807	-22	0.0	4	1.3	234
2024/05/12	14:45:00	40.53944	141.55806	-10	0.0	4	1.3	199
2024/05/12	14:46:00	40.53944	141.55811	-14	0.0	4	1.4	233
2024/05/12	14:47:01	40.53945	141.55809	-2	0.0	4	1.3	254
2024/05/12	14:48:00	40.53948	141.55811	28	7.4	3	1.3	204
2024/05/12	14:49:00	40.53937	141.55794	16	0.0	4	1.3	233
2024/05/12	14:50:00	40.53933	141.55797	8	0.0	3	1.3	228
2024/05/12	14:51:00	40.53932	141.55785	30	0.0	4	1.2	235
2024/05/12	14:52:00	40.53942	141.55800	48	3.7	4	1.3	231
2024/05/12	14:53:00	40.53925	141.55791	-0	0.0	4	1.2	198
2024/05/12	14:54:00	40.53936	141.55792	8	0.0	4	1.3	232
2024/05/12	14:55:00	40.53938	141.55796	32	3.7	3	2.3	195
2024/05/12	14:56:00	40.53937	141.55801	18	3.7	3	1.2	232
2024/05/12	14:57:01	40.53937	141.55800	2	0.0	3	1.3	169
2024/05/12	14:58:01	40.53929	141.55789	-4	3.7	4	1.2	235
2024/05/12	14:59:00	40.53944	141.55820	-52	0.0	4	1.2	234
2024/05/12	15:00:01	40.53924	141.55766	70	0.0	3	1.3	171
2024/05/12	15:01:01	40.53938	141.55799	6	0.0	3	2.0	204
2024/05/12	15:02:01	40.53936	141.55792	-2	0.0	4	1.2	238
2024/05/12	15:03:00	40.53932	141.55796	32	0.0	4	1.2	237
2024/05/12	15:04:00	40.53934	141.55797	16	0.0	4	1.2	241
2024/05/12	15:05:00	40.53943	141.55800	16	0.0	4	1.2	236
2024/05/12	15:06:00	40.53931	141.55795	-16	0.0	4	1.3	235
2024/05/12	15:07:00	40.53933	141.55795	36	0.0	4	1.4	238
2024/05/12	15:08:01	40.53937	141.55806	2	0.0	4	1.1	201
2024/05/12	15:09:01	40.53930	141.55785	20	0.0	4	1.1	201
2024/05/12	15:10:01	40.53944	141.55803	18	0.0	4	1.4	240
2024/05/12	15:11:00	40.53943	141.55792	138	0.0	3	2.2	139
2024/05/12	15:12:01	40.53935	141.55784	6	0.0	4	1.1	241
2024/05/12	15:13:01	40.53938	141.55803	24	0.0	3	1.2	206
2024/05/12	15:14:00	40.53953	141.55809	22	0.0	4	1.4	239
2024/05/12	15:15:00	40.53944	141.55808	-4	0.0	4	1.1	239
2024/05/12	15:16:00	40.53949	141.55808	14	0.0	4	1.1	240
2024/05/12	15:17:00	40.53932	141.55803	-4	0.0	4	1.1	205
2024/05/12	15:18:00	40.53937	141.55795	-14	0.0	4	1.1	237
2024/05/12	15:19:01	40.53934	141.55794	18	0.0	4	1.1	262
2024/05/12	15:20:00	40.53934	141.55803	36	0.0	4	1.1	235
2024/05/12	15:21:00	40.53936	141.55811	-2	0.0	3	1.2	228
2024/05/12	15:22:00	40.53931	141.55792	20	0.0	4	1.1	242
2024/05/12	15:23:00	40.53930	141.55801	40	0.0	4	1.1	265
2024/05/12	15:24:00	40.53938	141.55801	30	0.0	4	1.1	265
2024/05/12	15:25:00	40.53933	141.55800	60	3.7	3	1.1	201
2024/05/12	15:26:01	40.53930	141.55800	44	0.0	3	1.1	232
2024/05/12	15:27:00	40.53952	141.55793	48	11.1	3	2.4	232
2024/05/12	15:28:01	40.53939	141.55805	20	0.0	4	1.1	203
2024/05/12	15:29:01	40.53944	141.55805	0	0.0	4	1.1	229
2024/05/12	15:30:01	40.53943	141.55809	0	0.0	4	1.1	271
2024/05/12	15:31:01	40.53941	141.55802	-12	0.0	4	1.1	269
2024/05/12	15:32:01	40.53934	141.55802	60	0.0	3	1.2	197
2024/05/12	15:33:01	40.53938	141.55800	-6	0.0	4	1.1	264
2024/05/12	15:34:00	40.53940	141.55818	-18	0.0	3	2.1	262
2024/05/12	15:35:01	40.53940	141.55792	18	0.0	3	2.1	263
2024/05/12	15:36:00	40.53932	141.55796	8	0.0	3	1.4	260
2024/05/12	15:37:01	40.53935	141.55790	20	0.0	4	1.1	266
2024/05/12	15:38:01	40.53930	141.55767	92	0.0	4	1.1	229
2024/05/12	15:39:01	40.53938	141.55795	20	0.0	4	1.3	267
2024/05/12	15:40:01	40.53940	141.55806	16	3.7	3	1.4	232
2024/05/12	15:41:01	40.53945	141.55836	0	0.0	4	1.1	271
2024/05/12	15:42:00	40.53946	141.55782	-2	0.0	4	1.1	203
2024/05/12	15:43:01	40.53942	141.55802	-18	0.0	3	1.4	240
2024/05/12	15:44:01	40.53933	141.55786	-4	3.7	3	2.0	270
2024/05/12	15:45:01	40.53939	141.55806	2	0.0	4	1.1	268
2024/05/12	15:46:00	40.53957	141.55817	-12	0.0	3	2.0	267
2024/05/12	15:47:00	40.53939	141.55797	16	0.0	4	1.1	265
2024/05/12	15:48:00	40.53934	141.55792	4	0.0	4	1.1	266
2024/05/12	15:49:00	40.53938	141.55800	-16	0.0	4	1.1	265
2024/05/12	15:50:00	40.53935	141.55794	28	0.0	4	1.1	269
2024/05/12	15:51:00	40.53932	141.55794	24	0.0	3	1.4	201
2024/05/12	15:52:01	40.53936	141.55793	-2	0.0	3	1.4	269
2024/05/12	15:53:01	40.53937	141.55796	-24	0.0	3	1.4	222
2024/05/12	15:54:01	40.53937	141.55809	2	0.0	3	1.4	265
2024/05/12	15:55:00	40.53932	141.55781	50	0.0	3	2.1	142
2024/05/12	15:56:01	40.53936	141.55800	-22	3.7	3	2.1	265
2024/05/12	15:57:01	40.53937	141.55804	4	0.0	4	1.1	271
2024/05/12	15:58:00	40.53930	141.55796	32	0.0	3	1.4	268
2024/05/12	15:59:00	40.53930	141.55789	-0	0.0	3	2.2	262
2024/05/12	16:00:00	40.53957	141.55804	-72	3.7	3	2.2	263
2024/05/12	16:01:00	40.53933	141.55788	44	0.0	3	2.2	262
2024/05/12	16:02:00	40.53937	141.55813	-16	0.0	3	2.2	269
2024/05/12	16:03:01	40.53952	141.55823	-108	0.0	3	2.2	262
2024/05/12	16:04:01	40.53943	141.55795	2	0.0	4	1.2	267
2024/05/12	16:05:01	40.53945	141.55787	10	0.0	3	2.3	269
2024/05/12	16:06:01	40.53936	141.55797	28	0.0	3	2.3	231
2024/05/12	16:07:01	40.53942	141.55798	4	0.0	4	1.2	261
2024/05/12	16:08:00	40.53926	141.55784	58	0.0	3	2.3	262
2024/05/12	16:09:00	40.53943	141.55804	-20	0.0	4	1.2	263
2024/05/12	16:10:00	40.53945	141.55799	-42	3.7	3	2.3	227
2024/05/12	16:11:00	40.53947	141.55804	-44	3.7	3	2.4	233
2024/05/12	16:12:00	40.53946	141.55799	-44	0.0	3	2.4	261
2024/05/12	16:13:01	40.53943	141.55804	-34	0.0	3	2.4	216
2024/05/12	16:14:01	40.53945	141.55790	-6	0.0	3	2.4	221
2024/05/12	16:15:01	40.53944	141.55797	-8	0.0	4	1.3	258
2024/05/12	16:16:01	40.53934	141.55795	22	0.0	4	1.3	222
2024/05/12	16:17:01	40.53936	141.55805	22	0.0	4	1.4	248
2024/05/12	16:18:01	40.53932	141.55809	48	0.0	4	1.4	230
2024/05/12	16:19:00	40.53954	141.55795	4	3.7	4	1.4	228
2024/05/12	16:20:00	40.53949	141.55793	-26	0.0	4	1.4	232
2024/05/12	16:21:02	40.53941	141.55800	10	0.0	4	2.0	231
2024/05/12	16:22:00	40.53934	141.55794	14	3.7	3	2.2	167
2024/05/12	16:23:00	40.53932	141.55801	32	0.0	4	2.0	227
2024/05/12	16:24:02	40.53941	141.55797	6	0.0	4	2.0	251
2024/05/12	16:25:00	40.53945	141.55797	-0	0.0	4	2.1	230
2024/05/12	16:26:00	40.53949	141.55794	-14	0.0	3	2.1	136
2024/05/12	16:27:00	40.53947	141.55782	-34	0.0	3	2.4	226
2024/05/12	16:28:00	40.53948	141.55786	-18	0.0	4	2.2	230
2024/05/12	16:29:00	40.53929	141.55799	20	0.0	4	2.2	201
2024/05/12	16:30:01	40.53930	141.55805	18	0.0	4	2.2	229
2024/05/12	16:31:00	40.53944	141.55808	32	0.0	4	2.3	227
2024/05/12	16:32:01	40.53940	141.55792	6	0.0	4	2.3	288
2024/05/12	16:33:01	40.53935	141.55809	40	0.0	4	2.4	253
2024/05/12	16:34:01	40.53937	141.55795	24	0.0	4	3.0	227
2024/05/12	16:35:01	40.53928	141.55812	16	0.0	4	3.0	256
2024/05/12	16:36:02	40.53935	141.55800	14	0.0	4	3.1	257
2024/05/12	16:37:01	40.53946	141.55792	-0	0.0	4	3.2	223
2024/05/12	16:38:01	40.53954	141.55789	-6	0.0	4	3.2	226
2024/05/12	16:39:02	40.53945	141.55792	-0	0.0	4	3.3	262
2024/05/12	16:40:01	40.53932	141.55799	24	0.0	4	3.4	259
2024/05/12	16:41:01	40.53953	141.55782	-20	0.0	4	4.0	257
2024/05/12	16:42:02	40.53936	141.55800	14	0.0	4	4.1	261
2024/05/12	16:43:02	40.53945	141.55786	-4	0.0	4	4.3	261
2024/05/12	16:44:01	40.53949	141.55790	-4	0.0	4	4.4	260
2024/05/12	16:45:01	40.53949	141.55789	-6	0.0	4	5.1	258
2024/05/12	16:46:01	40.53920	141.55822	44	3.7	4	5.3	257
2024/05/12	16:47:01	40.53931	141.55805	10	0.0	4	6.0	260
2024/05/12	16:48:02	40.53949	141.55787	-12	0.0	4	6.2	294
2024/05/12	16:49:02	40.53941	141.55800	12	0.0	4	6.4	264
2024/05/12	16:50:02	40.53951	141.55788	-10	0.0	4	7.2	263
2024/05/12	16:51:02	40.53941	141.55800	2	0.0	4	8.1	264
2024/05/12	16:52:02	40.53934	141.55800	10	0.0	4	8.4	294
2024/05/12	16:53:02	40.53924	141.55816	28	0.0	4	9.3	255
2024/05/12	16:54:02	40.53956	141.55781	-24	0.0	4	10.2	267
2024/05/12	16:55:02	40.54008	141.55733	-104	0.0	4	11.1	270
2024/05/12	16:56:01	40.53911	141.55829	60	0.0	4	12.0	272
2024/05/12	16:57:02	40.53946	141.55794	-0	0.0	4	12.3	275
2024/05/12	16:58:02	40.53942	141.55793	-0	0.0	4	13.0	274
2024/05/12	16:59:02	40.53934	141.55801	12	0.0	4	13.0	270
2024/05/12	17:00:01	40.53861	141.55874	136	0.0	4	12.4	265
2024/05/12	17:01:02	40.53957	141.55781	-18	0.0	4	12.1	269
2024/05/12	17:02:02	40.53985	141.55750	-52	0.0	4	11.3	301
2024/05/12	17:03:02	40.53947	141.55792	2	0.0	4	10.4	267
2024/05/12	17:04:01	40.53918	141.55813	38	0.0	4	10.1	233
2024/05/12	17:05:01	40.53797	141.55935	198	0.0	4	9.2	266
2024/05/12	17:06:02	40.53927	141.55809	26	0.0	4	8.4	264
2024/05/12	17:07:02	40.53959	141.55779	-10	0.0	4	8.1	296
2024/05/12	17:08:01	40.53880	141.55860	82	0.0	3	8.4	296
2024/05/12	17:09:02	40.53933	141.55805	20	0.0	3	8.0	258
2024/05/12	17:10:01	40.53927	141.55813	16	0.0	3	7.2	235
2024/05/12	17:11:01	40.53933	141.55805	2	0.0	3	6.4	232
2024/05/12	17:12:02	40.53930	141.55809	14	0.0	3	6.2	253
2024/05/12	17:13:02	40.53927	141.55813	16	0.0	3	6.0	234
2024/05/12	17:14:02	40.53895	141.55840	56	0.0	3	5.4	255
2024/05/12	17:15:02	40.53968	141.55770	-12	0.0	3	5.2	253
2024/05/12	17:16:02	40.53949	141.55788	0	3.7	3	5.1	284
2024/05/12	17:17:03	40.53915	141.55830	28	3.7	3	5.0	248
2024/05/12	17:18:03	40.53936	141.55804	6	7.4	3	4.4	251
2024/05/12	17:19:06	40.54003	141.55710	-28	3.7	3	4.3	276
2024/05/12	17:20:06	40.53958	141.55770	2	3.7	3	4.2	301
2024/05/12	17:21:04	40.53926	141.55816	20	7.4	3	4.1	286
2024/05/12	17:22:04	40.53894	141.55861	36	0.0	3	4.0	285
2024/05/12	17:23:10	40.53935	141.55798	14	3.7	3	4.0	299
2024/05/12	17:24:19	40.53934	141.55802	14	11.1	3	3.4	302
2024/05/12	17:25:19	40.53862	141.55901	56	3.7	3	3.3	300
2024/05/12	17:26:34	40.53938	141.55799	10	0.0	7	0.4	322
2024/05/12	17:27:00	40.53932	141.55798	30	0.0	5	1.0	270
2024/05/12	17:28:00	40.53938	141.55793	18	0.0	7	1.0	304
2024/05/12	17:29:00	40.53939	141.55797	8	0.0	7	0.4	310
2024/05/12	17:30:00	40.53937	141.55801	-0	0.0	6	1.0	299
2024/05/12	17:31:00	40.53942	141.55815	0	0.0	6	1.0	295
2024/05/12	17:32:00	40.53939	141.55790	8	0.0	6	1.0	317
2024/05/12	17:33:00	40.53938	141.55798	12	0.0	5	1.1	232
2024/05/12	17:34:00	40.53944	141.55803	2	0.0	6	1.1	288
2024/05/12	17:35:00	40.53932	141.55792	4	0.0	4	1.2	261
2024/05/12	17:36:00	40.53934	141.55792	-20	7.4	3	2.0	230
2024/05/12	17:37:00	40.53935	141.55795	12	0.0	5	1.1	252
2024/05/12	17:38:00	40.53943	141.55804	18	0.0	6	0.4	260
2024/05/12	17:39:00	40.53932	141.55784	-8	0.0	4	1.1	293
2024/05/12	17:40:00	40.53885	141.55762	46	0.0	3	2.0	224
2024/05/12	17:41:00	40.53945	141.55790	-0	0.0	3	2.0	217
2024/05/12	17:42:00	40.53941	141.55796	2	0.0	4	1.3	252
2024/05/12	17:43:00	40.53936	141.55797	-2	0.0	5	1.1	287
2024/05/12	17:44:00	40.53940	141.55799	16	3.7	3	2.0	224
2024/05/12	17:45:00	40.53934	141.55804	12	0.0	4	1.2	277
2024/05/12	17:46:00	40.53944	141.55795	28	0.0	5	1.1	308
2024/05/12	17:47:00	40.53939	141.55792	14	0.0	5	1.1	263
2024/05/12	17:48:00	40.53932	141.55784	10	0.0	4	1.3	281
2024/05/12	17:49:00	40.53934	141.55805	8	0.0	5	1.1	256
2024/05/12	17:50:00	40.53934	141.55794	0	0.0	5	1.1	292
2024/05/12	17:51:01	40.53937	141.55801	20	0.0	6	1.1	311
2024/05/12	17:52:00	40.53932	141.55788	18	0.0	5	1.1	289
2024/05/12	17:53:00	40.53937	141.55793	-6	0.0	5	1.1	281
2024/05/12	17:54:00	40.53934	141.55802	8	0.0	4	1.1	289
2024/05/12	17:55:00	40.53931	141.55794	20	0.0	4	1.1	284
2024/05/12	17:56:00	40.53939	141.55795	18	0.0	5	1.1	263
2024/05/12	17:57:00	40.53935	141.55796	16	0.0	3	1.2	205
2024/05/12	17:58:00	40.53931	141.55797	10	0.0	4	1.1	199
2024/05/12	17:59:00	40.53942	141.55789	16	0.0	4	1.2	208
2024/05/12	18:00:00	40.53948	141.55798	32	3.7	4	1.1	236
2024/05/12	18:01:00	40.53933	141.55789	24	0.0	4	1.2	200
2024/05/12	18:02:00	40.53933	141.55795	6	0.0	5	1.1	204
2024/05/12	18:03:00	40.53939	141.55798	20	0.0	5	1.1	266
2024/05/12	18:04:00	40.53934	141.55789	-8	0.0	5	1.0	260
2024/05/12	18:05:00	40.53939	141.55805	4	0.0	3	1.3	149
2024/05/12	18:06:00	40.53946	141.55806	4	0.0	4	1.1	200
2024/05/12	18:07:00	40.53933	141.55805	12	0.0	5	1.0	261
2024/05/12	18:08:00	40.53932	141.55801	0	0.0	5	1.1	238
2024/05/12	18:09:00	40.53932	141.55798	0	0.0	5	1.0	264
2024/05/12	18:10:00	40.53932	141.55812	10	0.0	4	1.1	202
2024/05/12	18:11:00	40.53929	141.55793	-14	0.0	5	1.0	266
2024/05/12	18:12:00	40.53933	141.55794	22	0.0	3	1.4	238
2024/05/12	18:13:00	40.53932	141.55798	-12	3.7	3	1.3	176
2024/05/12	18:14:00	40.53936	141.55795	14	0.0	5	1.0	268
2024/05/12	18:15:00	40.53935	141.55799	4	0.0	4	1.1	235
2024/05/12	18:16:00	40.53938	141.55798	10	0.0	4	1.1	207
2024/05/12	18:17:00	40.53937	141.55803	8	0.0	5	1.1	241
2024/05/12	18:18:00	40.53934	141.55795	18	0.0	5	1.0	267
2024/05/12	18:19:00	40.53939	141.55796	8	0.0	4	1.1	238
2024/05/12	18:20:00	40.53929	141.55804	-0	0.0	4	1.2	204
2024/05/12	18:21:00	40.53937	141.55801	10	0.0	5	1.0	270
2024/05/12	18:22:00	40.53935	141.55798	0	0.0	5	1.0	272
2024/05/12	18:23:00	40.53936	141.55793	34	0.0	5	1.0	268
2024/05/12	18:24:00	40.53938	141.55804	-0	0.0	4	1.2	269
2024/05/12	18:25:00	40.53936	141.55796	16	0.0	4	1.2	264
2024/05/12	18:26:00	40.53930	141.55806	18	0.0	3	2.0	174
2024/05/12	18:27:00	40.53939	141.55798	40	0.0	5	1.0	268
2024/05/12	18:28:00	40.53932	141.55791	-18	0.0	5	1.0	267
2024/05/12	18:29:01	40.53938	141.55803	14	0.0	5	1.0	242
2024/05/12	18:30:00	40.53937	141.55801	12	0.0	5	1.0	265
2024/05/12	18:31:00	40.53946	141.55802	38	0.0	4	1.2	202
2024/05/12	18:32:00	40.53941	141.55800	36	0.0	5	1.0	238
2024/05/12	18:33:00	40.53940	141.55799	20	0.0	5	1.0	238
2024/05/12	18:34:00	40.53936	141.55795	16	0.0	5	1.0	268
2024/05/12	18:35:00	40.53931	141.55797	-20	0.0	4	1.3	210
2024/05/12	18:36:00	40.53935	141.55791	-18	0.0	5	1.0	238
2024/05/12	18:37:00	40.53949	141.55803	-4	0.0	3	1.3	267
2024/05/12	18:38:00	40.53946	141.55810	36	0.0	4	1.1	266
2024/05/12	18:39:00	40.53932	141.55792	0	0.0	5	1.1	238
2024/05/12	18:40:00	40.53938	141.55795	60	0.0	5	1.0	241
2024/05/12	18:41:01	40.53934	141.55796	32	0.0	5	1.0	270
2024/05/12	18:42:00	40.53946	141.55805	42	0.0	4	1.2	235
2024/05/12	18:43:00	40.53932	141.55795	28	0.0	5	1.0	239
2024/05/12	18:44:00	40.53939	141.55799	14	0.0	5	1.1	269
2024/05/12	18:45:00	40.53938	141.55802	22	0.0	5	1.0	236
2024/05/12	18:46:00	40.53935	141.55800	26	0.0	4	1.3	209
2024/05/12	18:47:00	40.53939	141.55801	14	0.0	4	1.2	206
2024/05/12	18:48:00	40.53931	141.55799	32	0.0	4	1.3	266
2024/05/12	18:48:59	40.53937	141.55806	-28	0.0	3	2.0	139
2024/05/12	18:50:00	40.53936	141.55803	-2	3.7	3	2.0	202
2024/05/12	18:51:00	40.53937	141.55801	16	0.0	3	1.3	231
2024/05/12	18:52:00	40.53952	141.55795	-36	3.7	4	2.0	266
2024/05/12	18:53:00	40.53940	141.55811	2	0.0	4	1.3	254
2024/05/12	18:54:00	40.53945	141.55819	-24	0.0	3	1.4	265
2024/05/12	18:55:00	40.53945	141.55802	20	0.0	4	1.3	235
2024/05/12	18:56:00	40.53931	141.55794	24	0.0	4	1.3	232
2024/05/12	18:57:00	40.53928	141.55790	50	0.0	3	1.3	287
2024/05/12	18:58:00	40.53942	141.55800	-0	0.0	4	1.3	235
2024/05/12	18:59:00	40.53941	141.55795	32	0.0	4	1.3	296
2024/05/12	19:00:00	40.53931	141.55801	48	0.0	4	2.1	208
2024/05/12	19:00:59	40.53923	141.55798	72	3.7	4	2.1	173
2024/05/12	19:02:00	40.53930	141.55802	76	0.0	4	2.1	207
2024/05/12	19:03:00	40.53926	141.55795	16	0.0	4	2.1	268
2024/05/12	19:04:01	40.53930	141.55794	18	0.0	4	2.1	313
2024/05/12	19:05:00	40.53941	141.55803	16	3.7	4	2.2	223
2024/05/12	19:06:02	40.53935	141.55798	16	0.0	4	2.2	313
2024/05/12	19:07:00	40.53945	141.55806	-12	0.0	4	2.2	264
2024/05/12	19:08:00	40.53919	141.55794	54	0.0	4	2.2	252
2024/05/12	19:09:01	40.53943	141.55803	18	0.0	4	2.2	293
2024/05/12	19:10:00	40.53921	141.55801	60	0.0	4	2.2	200
2024/05/12	19:11:00	40.53961	141.55818	-52	3.7	4	2.2	230
2024/05/12	19:12:00	40.53931	141.55801	24	0.0	3	2.3	195
2024/05/12	19:13:01	40.53941	141.55800	0	0.0	4	2.2	296
2024/05/12	19:14:00	40.53916	141.55801	110	0.0	4	2.2	256
2024/05/12	19:15:00	40.53940	141.55814	26	3.7	4	2.2	235
2024/05/12	19:16:00	40.53951	141.55794	-10	3.7	4	2.2	229
2024/05/12	19:17:02	40.53939	141.55799	2	0.0	4	2.2	291
2024/05/12	19:18:00	40.53927	141.55800	68	0.0	4	2.2	265
2024/05/12	19:19:01	40.53932	141.55800	26	0.0	3	5.4	200
2024/05/12	19:20:00	40.53946	141.55798	-8	0.0	3	2.3	163
2024/05/12	19:21:00	40.53923	141.55804	50	0.0	4	2.2	240
2024/05/12	19:22:00	40.53942	141.55794	6	0.0	4	2.2	244
2024/05/12	19:23:00	40.53947	141.55799	6	0.0	4	2.2	235
2024/05/12	19:24:01	40.53917	141.55831	6	25.9	5	1.3	292
2024/05/12	19:25:00	40.54304	141.56100	28	33.3	5	1.3	323
2024/05/12	19:26:00	40.54672	141.56396	26	37.0	5	1.3	292
2024/05/12	19:27:00	40.55129	141.56818	6	40.7	4	2.2	323
2024/05/12	19:28:00	40.55580	141.57342	30	37.0	5	1.3	300
2024/05/12	19:29:00	40.55939	141.57739	50	40.7	3	1.4	323
2024/05/12	19:30:01	40.56323	141.58282	30	18.5	5	1.3	289
2024/05/12	19:31:00	40.56573	141.58730	32	33.3	5	1.3	269
2024/05/12	19:32:01	40.57031	141.59241	22	37.0	5	1.3	268
2024/05/12	19:33:00	40.57294	141.59427	-16	33.3	4	2.1	261
2024/05/12	19:34:00	40.57371	141.59834	10	29.6	4	2.1	291
2024/05/12	19:35:00	40.57901	141.59849	20	33.3	5	1.3	267
2024/05/12	19:36:00	40.58274	141.60297	4	29.6	5	1.3	271
2024/05/12	19:37:00	40.58626	141.60357	12	33.3	3	2.1	296
2024/05/12	19:38:01	40.58822	141.60682	12	25.9	5	1.3	268
2024/05/12	19:39:00	40.59027	141.61098	-0	29.6	5	1.3	304
2024/05/12	19:40:00	40.59214	141.61280	12	33.3	5	1.4	272
2024/05/12	19:41:00	40.59101	141.60979	-20	29.6	4	2.1	272
2024/05/12	19:42:00	40.59085	141.60580	22	22.2	5	1.4	281
2024/05/12	19:43:00	40.58887	141.60623	2	33.3	4	2.1	279
2024/05/12	19:44:01	40.58757	141.60504	2	11.1	5	1.4	274
2024/05/12	19:45:00	40.58437	141.60446	32	18.5	3	2.4	268
2024/05/12	19:46:01	40.58847	141.60790	14	33.3	5	1.4	272
2024/05/12	19:47:00	40.59285	141.60997	-16	33.3	3	2.4	271
2024/05/12	19:48:00	40.59202	141.60545	-24	25.9	4	2.0	278
2024/05/12	19:49:00	40.59339	141.60718	-4	33.3	4	2.0	278
2024/05/12	19:50:00	40.59350	141.60800	-0	22.2	4	2.0	276
2024/05/12	19:51:01	40.59355	141.60742	-4	14.8	5	1.4	308
2024/05/12	19:52:01	40.59301	141.60672	-12	11.1	4	2.0	271
2024/05/12	19:53:00	40.59271	141.60601	38	18.5	4	2.0	274
2024/05/12	19:54:00	40.59400	141.60775	20	14.8	4	2.0	249
2024/05/12	19:55:01	40.59495	141.60781	14	18.5	5	1.4	304
2024/05/12	19:56:00	40.59458	141.61241	32	29.6	5	1.4	308
2024/05/12	19:57:00	40.59418	141.61613	30	25.9	4	2.0	299
2024/05/12	19:58:00	40.59315	141.61541	8	29.6	4	2.0	280
2024/05/12	19:59:00	40.59051	141.61057	-6	33.3	4	2.0	276
2024/05/12	20:07:38	40.59172	141.60415	4	22.2	4	2.1	266
2024/05/12	20:08:00	40.59141	141.60405	-40	40.7	3	2.3	277
2024/05/12	20:09:00	40.59682	141.59901	6	48.2	3	2.3	303
2024/05/12	20:10:01	40.60284	141.59455	22	44.4	4	2.2	278
2024/05/12	20:11:00	40.60809	141.59117	6	44.4	3	2.3	279
2024/05/12	20:12:00	40.61452	141.58814	6	44.4	4	2.2	247
2024/05/12	20:13:00	40.61996	141.58471	-8	37.0	3	2.3	304
2024/05/12	20:14:00	40.62637	141.58431	28	44.4	4	2.2	275
2024/05/12	20:15:00	40.63181	141.58417	8	33.3	4	2.2	252
2024/05/12	20:16:00	40.63768	141.58217	10	33.3	4	2.2	277
2024/05/12	20:17:00	40.64320	141.58355	4	44.4	4	2.3	279
2024/05/12	20:18:00	40.64952	141.58198	6	40.7	3	2.4	240
2024/05/12	20:19:00	40.65513	141.57840	14	40.7	4	2.3	276
2024/05/12	20:20:01	40.66145	141.57746	-18	40.7	3	2.4	250
2024/05/12	20:21:01	40.66759	141.57680	2	40.7	4	2.3	227
2024/05/12	20:22:00	40.67350	141.57609	6	44.4	4	2.3	284
2024/05/12	20:23:00	40.67774	141.57829	-26	37.0	4	2.3	226
2024/05/12	20:24:00	40.68330	141.57740	28	40.7	4	2.3	282
2024/05/12	20:25:00	40.68792	141.57602	14	44.4	4	2.3	248
2024/05/12	20:26:00	40.69418	141.57450	14	40.7	4	2.3	250
2024/05/12	20:27:00	40.70026	141.57411	14	40.7	4	2.3	280
2024/05/12	20:28:00	40.70475	141.57160	-16	40.7	4	2.3	274
2024/05/12	20:29:00	40.70946	141.57242	4	40.7	4	2.3	247
2024/05/12	20:30:00	40.71485	141.57472	10	25.9	4	2.3	247
2024/05/12	20:31:00	40.72064	141.57428	-2	40.7	4	2.3	227
2024/05/12	20:32:01	40.72636	141.57518	8	40.7	4	2.3	251
2024/05/12	20:33:00	40.73294	141.57448	24	40.7	4	2.3	259
2024/05/12	20:34:00	40.73876	141.57187	22	44.4	4	2.3	255
2024/05/12	20:35:00	40.74459	141.56923	12	44.4	4	2.3	246
2024/05/12	20:36:00	40.75024	141.56537	-6	40.7	4	2.2	255
2024/05/12	20:37:00	40.75613	141.56256	12	44.4	4	2.2	252
2024/05/12	20:38:01	40.76124	141.56207	8	0.0	3	4.4	249
2024/05/12	20:39:01	40.76124	141.56211	-20	0.0	4	2.2	250
2024/05/12	20:40:01	40.76144	141.56237	10	0.0	4	2.2	251
2024/05/12	20:41:01	40.76162	141.56260	-40	0.0	3	4.1	239
2024/05/12	20:42:02	40.76159	141.56266	-22	0.0	3	4.1	242
2024/05/12	20:43:02	40.76156	141.56253	-16	0.0	3	2.3	234
2024/05/12	20:44:02	40.76173	141.56290	-16	0.0	3	4.2	241
2024/05/12	20:45:02	40.76134	141.56264	16	0.0	4	2.1	257
2024/05/12	20:46:00	40.76136	141.56276	-0	0.0	4	2.1	276
2024/05/12	20:47:01	40.76157	141.56291	-6	0.0	3	2.2	241
2024/05/12	20:48:01	40.76133	141.56287	6	0.0	3	2.2	217
2024/05/12	20:49:00	40.76156	141.56298	0	0.0	4	2.1	254
2024/05/12	20:50:00	40.76158	141.56306	-18	0.0	4	2.1	256
2024/05/12	20:51:02	40.76161	141.56319	4	0.0	4	2.1	250
2024/05/12	20:52:00	40.76166	141.56329	-14	0.0	4	2.1	275
2024/05/12	20:53:01	40.76156	141.56342	0	0.0	4	2.1	274
2024/05/12	20:54:01	40.76173	141.56353	-14	0.0	4	2.0	276
2024/05/12	20:55:01	40.76147	141.56357	20	0.0	4	2.0	279
2024/05/12	20:56:00	40.76177	141.56376	-32	0.0	4	2.0	268
2024/05/12	20:57:01	40.76160	141.56379	2	0.0	4	2.0	272
2024/05/12	20:58:01	40.76317	141.56414	0	40.7	4	2.0	282
2024/05/12	20:59:00	40.76320	141.55732	2	48.2	4	2.0	277
2024/05/12	21:00:00	40.76823	141.55154	24	48.2	4	2.0	245
2024/05/12	21:01:01	40.77028	141.54427	30	33.3	4	2.0	277
2024/05/12	21:02:01	40.77121	141.53601	-6	48.2	4	2.0	278
2024/05/12	21:03:01	40.77484	141.53508	-14	33.3	4	2.0	275
2024/05/12	21:04:00	40.78018	141.53673	0	29.6	3	2.2	281
2024/05/12	21:05:00	40.78225	141.54115	-4	25.9	3	2.3	278
2024/05/12	21:06:00	40.78191	141.54503	64	18.5	4	2.0	253
2024/05/12	21:07:00	40.78014	141.54647	-4	22.2	3	2.3	252
2024/05/12	21:08:00	40.77850	141.54817	-10	22.2	4	2.0	281
2024/05/12	21:09:01	40.77724	141.55066	12	18.5	4	2.0	282
2024/05/12	21:10:01	40.77611	141.54928	6	25.9	4	2.0	256
2024/05/12	21:11:01	40.77302	141.54851	16	22.2	4	2.0	289
2024/05/12	21:12:00	40.77003	141.54505	6	25.9	4	2.0	222
2024/05/12	21:13:00	40.76727	141.54652	-22	18.5	4	2.0	283
2024/05/12	21:14:00	40.76460	141.54678	-24	18.5	4	2.0	258
2024/05/12	21:15:00	40.76389	141.54966	6	18.5	4	2.0	288
2024/05/12	21:16:00	40.76042	141.54947	-6	25.9	4	2.0	256
2024/05/12	21:17:01	40.75670	141.54710	34	29.6	3	2.0	247
2024/05/12	21:18:01	40.75573	141.54668	-4	0.0	4	2.0	276
2024/05/12	21:19:02	40.75571	141.54675	-12	0.0	3	9.0	277
2024/05/12	21:20:00	40.75499	141.54697	84	14.8	3	2.4	276
2024/05/12	21:21:00	40.75223	141.54543	-0	25.9	4	2.0	276
2024/05/12	21:22:01	40.74852	141.54332	10	22.2	4	2.0	282
2024/05/12	21:23:00	40.74519	141.54199	-12	29.6	4	2.0	285
2024/05/12	21:24:01	40.74303	141.54155	-0	7.4	4	2.0	304
2024/05/12	21:25:01	40.74173	141.53937	-26	25.9	4	2.0	249
2024/05/12	21:26:00	40.73843	141.53639	20	29.6	3	2.4	280
2024/05/12	21:27:01	40.73549	141.53034	-0	37.0	4	2.0	253
2024/05/12	21:28:00	40.73287	141.52522	-30	29.6	3	2.4	281
2024/05/12	21:29:00	40.72939	141.52056	10	29.6	4	2.0	284
2024/05/12	21:30:00	40.72630	141.51565	-30	29.6	3	2.0	249
2024/05/12	21:31:01	40.72235	141.51149	4	33.3	4	2.0	282
2024/05/12	21:32:00	40.71834	141.50791	36	29.6	4	2.0	283
2024/05/12	21:33:00	40.71498	141.50367	-30	33.3	4	2.0	278
2024/05/12	21:34:00	40.71040	141.50057	54	29.6	4	2.0	279
2024/05/12	21:35:00	40.70649	141.49758	-30	29.6	4	2.0	279
2024/05/12	21:36:00	40.70253	141.49472	-6	25.9	3	2.0	249
2024/05/12	21:37:01	40.69818	141.49326	8	29.6	4	2.0	287
2024/05/12	21:38:00	40.69429	141.49039	8	25.9	4	1.4	284
2024/05/12	21:39:00	40.69092	141.48854	-6	29.6	4	1.4	279
2024/05/12	21:40:00	40.68636	141.48553	12	29.6	4	1.4	289
2024/05/12	21:41:00	40.68184	141.48280	28	33.3	4	1.4	277
2024/05/12	21:42:01	40.67920	141.47963	-6	14.8	4	1.4	278
2024/05/12	21:43:00	40.67537	141.47622	0	33.3	4	1.4	279
2024/05/12	21:44:00	40.67068	141.47304	48	33.3	4	1.4	278
2024/05/12	21:45:00	40.66712	141.46923	-14	29.6	4	1.4	282
2024/05/12	21:46:01	40.66292	141.46479	-14	33.3	4	1.4	272
2024/05/12	21:47:00	40.65881	141.46044	-22	37.0	4	1.4	275
2024/05/12	21:48:01	40.65489	141.45591	0	25.9	4	1.4	274
2024/05/12	21:49:00	40.65163	141.45101	0	33.3	4	1.4	278
2024/05/12	21:50:00	40.64691	141.45037	18	29.6	4	1.4	281
2024/05/12	21:51:01	40.64172	141.44998	-8	33.3	4	1.4	285
2024/05/12	21:52:01	40.63666	141.45159	6	33.3	4	1.4	283
2024/05/12	21:53:00	40.63208	141.45368	2	37.0	3	2.0	245
2024/05/12	21:54:00	40.62675	141.45450	20	37.0	4	1.4	284
2024/05/12	21:55:01	40.62187	141.45585	-12	37.0	4	1.4	287
2024/05/12	21:56:00	40.61681	141.45839	8	29.6	4	1.4	279
2024/05/12	21:57:01	40.61152	141.46082	2	33.3	4	1.4	249
2024/05/12	21:58:00	40.60664	141.46240	-6	40.7	4	1.4	283
2024/05/12	21:59:02	40.60190	141.46278	-2	0.0	3	3.1	253
2024/05/12	22:00:01	40.60358	141.46326	0	0.0	3	3.1	236
2024/05/12	22:01:01	40.60369	141.46315	-22	0.0	3	3.0	264
2024/05/12	22:02:02	40.60338	141.46334	-2	0.0	3	3.0	240
2024/05/12	22:03:01	40.60359	141.46325	2	0.0	3	3.0	232
2024/05/12	22:04:01	40.60368	141.46343	-12	0.0	3	3.0	214
2024/05/12	22:05:01	40.60360	141.46350	-22	0.0	3	3.0	241
2024/05/12	22:06:01	40.60345	141.46365	16	0.0	3	2.4	219
2024/05/12	22:07:02	40.60365	141.46337	-2	0.0	3	2.4	257
2024/05/12	22:08:03	40.60348	141.46355	10	0.0	3	2.4	240
2024/05/12	22:09:01	40.60333	141.46365	-20	0.0	3	2.4	183
2024/05/12	22:10:02	40.60348	141.46363	0	0.0	3	3.0	266
2024/05/12	22:11:02	40.60345	141.46351	-14	0.0	4	1.3	269
2024/05/12	22:12:01	40.60358	141.46356	-16	0.0	3	2.3	304
2024/05/12	22:13:01	40.60366	141.46354	-0	0.0	3	2.3	245
2024/05/12	22:14:01	40.60346	141.46359	12	0.0	3	2.3	217
2024/05/12	22:15:00	40.60192	141.46274	-8	33.3	3	2.2	269
2024/05/12	22:16:06	40.59974	141.45996	2	0.0	3	2.2	223
2024/05/12	22:17:02	40.59985	141.45982	6	0.0	2	3.1	228
2024/05/12	22:18:34	40.59967	141.45993	-0	0.0	5	1.2	279
2024/05/12	22:19:01	40.59970	141.45994	-6	0.0	5	1.2	273
2024/05/12	22:20:00	40.59985	141.45998	40	0.0	3	2.3	243
2024/05/12	22:21:01	40.59970	141.45992	-12	0.0	4	2.4	262
2024/05/12	22:22:01	40.59972	141.46000	4	0.0	3	4.0	259
2024/05/12	22:23:01	40.59966	141.46002	2	0.0	4	2.4	186
2024/05/12	22:24:01	40.59978	141.46006	0	0.0	2	4.2	237
2024/05/12	22:25:02	40.59960	141.45991	-20	0.0	3	4.0	260
2024/05/12	22:26:02	40.59945	141.46013	-0	0.0	3	4.0	265
2024/05/12	22:27:01	40.59971	141.46017	2	0.0	3	4.0	264
2024/05/12	22:28:02	40.59973	141.46031	54	0.0	3	4.1	265
2024/05/12	22:29:01	40.59969	141.46021	20	0.0	4	2.3	267
2024/05/12	22:30:01	40.59988	141.46019	14	0.0	4	2.3	241
2024/05/12	22:31:01	40.59972	141.46021	-16	0.0	3	4.2	275
2024/05/12	22:32:02	40.59983	141.46014	12	0.0	4	2.3	242
2024/05/12	22:33:00	40.59970	141.46006	0	0.0	4	2.3	280
2024/05/12	22:34:00	40.59959	141.45992	4	0.0	4	2.3	244
2024/05/12	22:35:01	40.59967	141.46001	-2	0.0	3	4.2	284
2024/05/12	22:36:01	40.59972	141.46016	-8	0.0	3	4.2	291
2024/05/12	22:37:02	40.59886	141.46008	68	0.0	3	8.2	270
2024/05/12	22:38:01	40.59937	141.46011	32	0.0	3	8.4	285
2024/05/12	22:39:02	40.59958	141.45996	-6	0.0	4	2.2	320
2024/05/12	22:40:01	40.59975	141.45993	2	0.0	4	1.3	332
2024/05/12	22:41:00	40.59944	141.46404	16	29.6	4	2.2	306
2024/05/12	22:42:01	40.59496	141.46903	8	37.0	5	1.1	309
2024/05/12	22:43:01	40.58955	141.47249	16	33.3	4	2.2	332
2024/05/12	22:44:01	40.58665	141.47960	-0	40.7	5	1.1	310
2024/05/12	22:45:00	40.58425	141.48074	-22	0.0	4	2.1	222
2024/05/12	22:46:00	40.58477	141.48102	4	0.0	4	2.1	300
2024/05/12	22:47:01	40.58477	141.48104	-6	0.0	5	1.1	288
2024/05/12	22:48:01	40.58489	141.48102	4	0.0	4	2.1	293
2024/05/12	22:49:00	40.58478	141.48096	-0	0.0	4	1.2	237
2024/05/12	22:50:00	40.58477	141.48101	10	0.0	4	2.1	277
2024/05/12	22:51:00	40.58184	141.48465	16	40.7	4	2.1	303
2024/05/12	22:52:00	40.57771	141.49108	10	51.9	4	1.3	304
2024/05/12	22:53:00	40.57342	141.49640	18	37.0	4	2.1	308
2024/05/12	22:54:00	40.56977	141.50265	6	40.7	4	2.0	307
2024/05/12	22:55:00	40.56690	141.51053	10	51.9	4	2.0	301
2024/05/12	22:56:01	40.56369	141.51793	4	37.0	4	2.0	293
2024/05/12	22:57:01	40.56068	141.52572	8	40.7	5	1.0	306
2024/05/12	22:58:00	40.55737	141.53243	28	40.7	4	2.0	302
2024/05/12	22:59:00	40.55320	141.53873	14	29.6	4	2.0	310
2024/05/12	23:00:00	40.54924	141.54427	14	40.7	4	2.0	302
2024/05/12	23:01:00	40.54568	141.55160	12	37.0	4	2.0	344
2024/05/12	23:02:00	40.54100	141.55570	8	40.7	4	2.0	338
2024/05/12	23:03:01	40.53971	141.55813	-46	0.0	4	1.3	283
2024/05/12	23:04:01	40.53911	141.55775	6	0.0	3	14.1	250
2024/05/12	23:05:01	40.53893	141.55766	34	0.0	3	15.2	238
2024/05/12	23:06:01	40.54011	141.55855	-16	0.0	3	16.4	258
2024/05/12	23:07:02	40.53906	141.55775	22	0.0	3	18.3	258
2024/05/12	23:08:02	40.53945	141.55813	-10	0.0	3	20.3	262
2024/05/12	23:09:02	40.53906	141.55772	16	0.0	3	23.2	257
2024/05/12	23:10:03	40.54027	141.55870	-24	0.0	3	27.1	257
2024/05/12	23:11:34	40.53939	141.55800	4	0.0	6	1.0	267
2024/05/12	23:12:00	40.53950	141.55817	-16	0.0	4	1.3	240
2024/05/12	23:13:00	40.53941	141.55815	-12	0.0	5	1.3	235
2024/05/12	23:14:00	40.53938	141.55789	-10	0.0	4	1.3	208
2024/05/12	23:15:00	40.53933	141.55794	-4	0.0	4	1.3	214
2024/05/12	23:16:00	40.53952	141.55805	2	0.0	4	1.3	160
2024/05/12	23:17:00	40.53947	141.55815	-0	0.0	4	1.3	231
2024/05/12	23:18:01	40.53947	141.55800	0	0.0	5	1.1	257
2024/05/12	23:19:00	40.53938	141.55794	28	0.0	3	2.2	233
2024/05/12	23:20:00	40.53935	141.55805	16	0.0	5	1.1	286
2024/05/12	23:21:00	40.53934	141.55790	10	0.0	4	1.3	207
2024/05/12	23:22:00	40.53940	141.55801	14	0.0	4	1.2	212
2024/05/12	23:23:00	40.53924	141.55797	30	0.0	4	1.3	184
2024/05/12	23:24:00	40.53952	141.55823	-60	0.0	4	1.3	235
2024/05/12	23:25:00	40.53939	141.55814	-0	0.0	3	1.4	159
2024/05/12	23:26:01	40.53937	141.55797	10	0.0	4	1.2	255
2024/05/12	23:27:00	40.53950	141.55827	-28	0.0	4	1.2	201
2024/05/12	23:28:00	40.53938	141.55802	-6	0.0	4	1.2	274
2024/05/12	23:29:00	40.53944	141.55805	18	0.0	4	1.2	246
2024/05/12	23:30:00	40.53927	141.55790	22	0.0	4	1.2	247
2024/05/12	23:31:00	40.53939	141.55797	6	0.0	4	1.2	226
2024/05/12	23:32:00	40.53947	141.55800	-26	0.0	3	1.4	244
2024/05/12	23:33:00	40.53934	141.55796	-0	0.0	3	1.3	226
2024/05/12	23:34:00	40.53944	141.55801	-6	0.0	4	1.2	220
2024/05/12	23:35:01	40.53936	141.55800	10	0.0	4	1.2	275
2024/05/12	23:36:00	40.53920	141.55796	-2	0.0	3	1.3	218
2024/05/12	23:37:00	40.53932	141.55792	18	0.0	4	1.2	272
2024/05/12	23:38:00	40.53943	141.55804	0	0.0	3	1.3	215
2024/05/12	23:39:00	40.53940	141.55792	-30	0.0	4	1.2	220
2024/05/12	23:40:00	40.53946	141.55801	-2	0.0	4	1.2	194
2024/05/12	23:41:00	40.53936	141.55801	-38	0.0	4	1.2	219
2024/05/12	23:42:00	40.53944	141.55798	26	0.0	4	1.2	193
2024/05/12	23:43:00	40.53940	141.55796	26	0.0	4	1.2	223
2024/05/12	23:44:01	40.53936	141.55780	10	0.0	4	1.2	269
2024/05/12	23:45:00	40.53935	141.55793	18	0.0	3	1.3	235
2024/05/12	23:46:00	40.53940	141.55801	-6	0.0	3	1.3	216
2024/05/12	23:47:00	40.53949	141.55801	-40	0.0	3	1.4	165
2024/05/12	23:48:00	40.53937	141.55801	16	0.0	3	1.4	214
2024/05/12	23:49:01	40.53944	141.55809	-4	0.0	4	1.2	280
2024/05/12	23:50:00	40.53931	141.55786	26	0.0	4	1.1	225
2024/05/12	23:51:00	40.53935	141.55820	4	0.0	4	1.1	223
2024/05/12	23:52:01	40.53937	141.55803	-2	0.0	4	1.1	281
2024/05/12	23:53:00	40.53938	141.55802	26	0.0	3	2.1	244
2024/05/12	23:54:00	40.53938	141.55799	4	0.0	4	1.1	253
2024/05/12	23:55:00	40.53934	141.55800	8	0.0	4	1.1	224
2024/05/12	23:56:00	40.53940	141.55802	-8	0.0	4	1.1	252
2024/05/12	23:57:00	40.53942	141.55801	-2	0.0	4	1.1	248
2024/05/12	23:58:01	40.53936	141.55806	-4	0.0	4	1.1	276
2024/05/12	23:59:00	40.53940	141.55809	-8	0.0	4	1.1	227
2024/05/13	00:00:00	40.53942	141.55800	6	0.0	4	1.1	256
2024/05/13	00:01:00	40.53928	141.55804	4	0.0	4	1.1	255
2024/05/13	00:02:00	40.53945	141.55803	16	0.0	4	1.1	257
2024/05/13	00:03:00	40.53935	141.55805	8	0.0	4	1.1	257
2024/05/13	00:03:59	40.53953	141.55811	-22	0.0	3	1.4	134
2024/05/13	00:05:00	40.53924	141.55814	-8	0.0	3	1.4	214
2024/05/13	00:06:00	40.53931	141.55806	52	3.7	3	1.4	194
2024/05/13	00:07:01	40.53932	141.55801	-16	0.0	3	1.3	249
2024/05/13	00:08:00	40.53940	141.55800	14	0.0	3	1.3	225
2024/05/13	00:09:00	40.53929	141.55786	40	0.0	4	1.2	233
2024/05/13	00:10:00	40.53942	141.55832	-40	0.0	3	1.3	256
2024/05/13	00:11:01	40.53928	141.55796	10	0.0	4	1.2	284
2024/05/13	00:12:00	40.53938	141.55798	2	0.0	4	1.2	258
2024/05/13	00:13:00	40.53931	141.55798	46	0.0	4	1.2	258
2024/05/13	00:14:00	40.53935	141.55787	-20	0.0	3	1.4	227
2024/05/13	00:15:00	40.53941	141.55799	-20	0.0	4	1.2	260
2024/05/13	00:16:00	40.53930	141.55791	22	0.0	4	1.2	259
2024/05/13	00:17:01	40.53939	141.55796	20	0.0	4	1.2	260
2024/05/13	00:18:00	40.53932	141.55811	-20	0.0	4	1.2	258
2024/05/13	00:19:00	40.53942	141.55808	-6	0.0	3	1.4	259
2024/05/13	00:20:00	40.53933	141.55798	12	0.0	4	1.2	259
2024/05/13	00:21:00	40.53933	141.55796	18	0.0	4	1.2	255
2024/05/13	00:22:00	40.53939	141.55803	-20	0.0	4	1.2	257
2024/05/13	00:23:02	40.53940	141.55802	0	0.0	4	1.2	263
2024/05/13	00:24:00	40.53940	141.55797	36	0.0	4	1.2	259
2024/05/13	00:25:00	40.53937	141.55803	0	0.0	3	1.4	257
2024/05/13	00:26:01	40.53932	141.55796	8	0.0	4	1.2	260
2024/05/13	00:27:00	40.53934	141.55781	-20	0.0	3	1.4	227
2024/05/13	00:28:00	40.53941	141.55812	64	0.0	3	1.4	256
2024/05/13	00:29:01	40.53941	141.55796	4	0.0	4	1.2	278
2024/05/13	00:30:00	40.53946	141.55799	30	0.0	3	2.0	259
2024/05/13	00:31:00	40.53933	141.55802	-6	0.0	3	2.0	258
2024/05/13	00:32:00	40.53938	141.55793	26	0.0	4	1.2	279
2024/05/13	00:33:00	40.53938	141.55796	4	0.0	3	2.0	252
2024/05/13	00:34:00	40.53935	141.55802	-0	0.0	4	1.2	279
2024/05/13	00:35:00	40.53939	141.55796	26	0.0	4	1.2	256
2024/05/13	00:36:00	40.53934	141.55802	0	0.0	4	1.2	259
2024/05/13	00:37:00	40.53942	141.55789	18	0.0	4	1.2	257
2024/05/13	00:38:00	40.53936	141.55801	-12	0.0	4	1.2	258
2024/05/13	00:39:01	40.53944	141.55788	-2	0.0	3	1.4	265
2024/05/13	00:40:00	40.53948	141.55803	-14	0.0	3	1.4	218
2024/05/13	00:41:00	40.53940	141.55803	32	0.0	3	2.1	252
2024/05/13	00:42:00	40.53935	141.55802	8	0.0	4	1.2	279
2024/05/13	00:43:00	40.53937	141.55800	14	0.0	4	1.2	282
2024/05/13	00:44:00	40.53913	141.55802	8	0.0	3	2.2	283
2024/05/13	00:45:00	40.53947	141.55790	34	0.0	3	2.2	281
2024/05/13	00:46:00	40.53942	141.55794	-8	0.0	4	1.2	281
2024/05/13	00:47:00	40.53925	141.55810	-4	0.0	3	2.2	279
2024/05/13	00:48:00	40.53929	141.55799	-6	0.0	3	2.2	251
2024/05/13	00:49:00	40.53930	141.55798	8	0.0	4	1.2	281
2024/05/13	00:50:00	40.53932	141.55803	16	0.0	4	1.2	276
2024/05/13	00:51:00	40.53940	141.55799	6	0.0	4	1.3	277
2024/05/13	00:52:00	40.53934	141.55806	18	0.0	4	1.3	279
2024/05/13	00:53:00	40.53934	141.55799	0	0.0	3	2.3	277
2024/05/13	00:54:00	40.53936	141.55798	2	0.0	4	1.3	280
2024/05/13	00:55:00	40.53942	141.55796	6	0.0	4	1.3	282
2024/05/13	00:56:00	40.53936	141.55800	8	0.0	4	1.3	248
2024/05/13	00:57:00	40.53941	141.55800	-2	0.0	4	1.3	248
2024/05/13	00:58:00	40.53926	141.55818	-0	0.0	3	2.4	212
2024/05/13	00:59:00	40.53934	141.55798	12	0.0	3	2.4	249
2024/05/13	01:00:00	40.53928	141.55802	26	0.0	4	1.4	247
2024/05/13	01:01:00	40.53936	141.55799	12	0.0	4	1.4	280
2024/05/13	01:02:00	40.53926	141.55803	20	0.0	4	1.4	258
2024/05/13	01:03:01	40.53936	141.55801	0	0.0	4	1.4	276
2024/05/13	01:04:00	40.53934	141.55797	-0	0.0	4	1.4	279
2024/05/13	01:05:00	40.53944	141.55803	0	0.0	4	2.0	223
2024/05/13	01:06:00	40.53932	141.55803	-8	0.0	4	2.0	247
2024/05/13	01:07:01	40.53946	141.55798	-12	0.0	4	2.0	245
2024/05/13	01:08:00	40.53940	141.55800	-12	0.0	4	2.0	254
2024/05/13	01:09:03	40.53933	141.55796	8	0.0	3	3.0	240
2024/05/13	01:10:00	40.53914	141.55804	20	0.0	3	2.0	219
2024/05/13	01:11:01	40.53933	141.55800	18	0.0	4	2.0	238
2024/05/13	01:12:01	40.53941	141.55800	6	0.0	4	2.0	271
2024/05/13	01:13:01	40.53928	141.55804	4	0.0	4	2.0	250
2024/05/13	01:14:02	40.53933	141.55803	10	0.0	4	2.0	299
2024/05/13	01:15:01	40.53929	141.55807	8	0.0	4	2.1	273
2024/05/13	01:16:01	40.53949	141.55797	18	0.0	3	7.4	270
2024/05/13	01:17:01	40.53930	141.55834	14	25.9	3	8.0	330
2024/05/13	01:18:01	40.53905	141.55807	32	0.0	3	8.2	229
2024/05/13	01:19:01	40.53998	141.55776	-2	0.0	3	9.0	270
2024/05/13	01:20:01	40.53909	141.55813	34	0.0	3	9.2	292
2024/05/13	01:21:02	40.53921	141.55806	4	0.0	3	10.0	281
2024/05/13	01:22:01	40.53948	141.55794	-2	0.0	4	2.1	272
2024/05/13	01:23:01	40.53948	141.55791	0	0.0	3	11.2	279
2024/05/13	01:24:01	40.53823	141.55848	86	0.0	3	12.1	289
2024/05/13	01:25:01	40.53922	141.55814	28	0.0	4	2.2	255
2024/05/13	01:26:02	40.53932	141.55802	-4	0.0	4	2.2	280
2024/05/13	01:27:02	40.53972	141.55784	-20	0.0	3	15.3	299
2024/05/13	01:28:02	40.53920	141.55808	24	0.0	3	17.1	284
2024/05/13	01:29:02	40.53891	141.55823	16	0.0	3	19.1	304
2024/05/13	01:30:01	40.53907	141.55814	18	0.0	3	21.2	331
2024/05/13	01:31:02	40.53928	141.55808	24	0.0	4	2.3	267
2024/05/13	01:32:05	40.53937	141.55800	6	0.0	4	2.3	299
2024/05/13	01:33:02	40.53933	141.55809	8	0.0	4	2.3	295
2024/05/13	01:34:01	40.53949	141.55794	-2	0.0	4	2.4	299
2024/05/13	01:35:12	40.53911	141.55811	22	0.0	4	2.4	293
2024/05/13	01:36:12	40.53948	141.55796	-2	0.0	4	2.4	281
2024/05/13	01:37:07	40.53934	141.55801	4	0.0	4	2.4	305
2024/05/13	01:38:03	40.53954	141.55798	-12	0.0	4	2.4	296
2024/05/13	01:39:04	40.53935	141.55800	4	0.0	4	3.0	265
2024/05/13	01:40:04	40.53935	141.55802	2	0.0	4	3.0	281
2024/05/13	01:41:07	40.53929	141.55805	10	0.0	4	3.0	309
2024/05/13	01:42:07	40.53940	141.55799	-2	0.0	4	3.0	293
2024/05/13	01:43:14	40.53956	141.55790	-10	0.0	4	3.1	285
2024/05/13	01:44:03	40.53948	141.55795	-10	0.0	4	3.1	298
2024/05/13	01:45:03	40.53956	141.55795	-12	0.0	4	3.1	295
2024/05/13	01:46:02	40.54082	141.55737	-108	0.0	3	23.0	301
2024/05/13	01:47:03	40.53903	141.55816	26	0.0	3	20.2	291
2024/05/13	01:48:02	40.54056	141.55745	-86	0.0	3	18.2	290
2024/05/13	01:49:04	40.53956	141.55789	-8	0.0	3	16.4	299
2024/05/13	01:50:03	40.53966	141.55792	-40	3.7	3	15.2	297
2024/05/13	01:51:03	40.53914	141.55809	28	0.0	3	14.1	300
2024/05/13	01:52:04	40.53942	141.55793	4	0.0	3	13.1	304
2024/05/13	01:53:02	40.53900	141.55820	40	0.0	3	12.2	311
2024/05/13	01:54:01	40.53895	141.55827	36	0.0	3	11.3	298
2024/05/13	01:55:01	40.53893	141.55822	44	0.0	3	11.0	320
2024/05/13	01:56:01	40.53896	141.55810	50	0.0	3	10.2	292
2024/05/13	01:57:02	40.53958	141.55782	-10	0.0	3	9.4	313
2024/05/13	01:58:02	40.53908	141.55814	18	0.0	3	9.2	292
2024/05/13	01:59:02	40.53919	141.55807	8	0.0	3	8.4	321
2024/05/13	02:00:34	40.53940	141.55795	6	0.0	7	1.1	296
2024/05/13	02:01:00	40.53934	141.55819	-32	0.0	5	1.4	271
2024/05/13	02:02:00	40.53941	141.55865	-92	0.0	6	2.2	247
2024/05/13	02:03:00	40.53944	141.55812	-22	0.0	6	2.2	278
2024/05/13	02:04:00	40.53941	141.55796	4	0.0	7	1.1	279
2024/05/13	02:05:00	40.53932	141.55797	10	0.0	7	1.1	275
2024/05/13	02:06:00	40.53936	141.55802	-4	0.0	7	1.1	284
2024/05/13	02:07:00	40.53934	141.55758	60	0.0	5	2.1	302
2024/05/13	02:08:00	40.53939	141.55797	0	0.0	6	1.1	306
2024/05/13	02:09:00	40.53932	141.55787	12	0.0	7	1.1	278
2024/05/13	02:10:00	40.53930	141.55784	12	0.0	6	1.1	259
2024/05/13	02:11:00	40.53931	141.55797	-8	0.0	6	1.2	287
2024/05/13	02:12:00	40.53935	141.55794	4	0.0	6	1.1	254
2024/05/13	02:13:00	40.53949	141.55798	-20	0.0	5	1.2	217
2024/05/13	02:14:00	40.53937	141.55795	18	0.0	6	1.1	231
2024/05/13	02:15:01	40.53939	141.55794	14	0.0	6	1.1	265
2024/05/13	02:16:00	40.53939	141.55784	20	0.0	7	1.0	282
2024/05/13	02:17:01	40.53932	141.55791	18	0.0	7	1.0	256
2024/05/13	02:18:00	40.53949	141.55813	-16	0.0	5	1.3	281
2024/05/13	02:19:00	40.53930	141.55792	10	0.0	5	1.2	279
2024/05/13	02:20:00	40.53929	141.55801	14	0.0	6	1.1	275
2024/05/13	02:21:00	40.53943	141.55796	4	0.0	5	1.2	248
2024/05/13	02:22:00	40.53939	141.55794	12	0.0	7	1.0	285
2024/05/13	02:23:01	40.53939	141.55790	12	0.0	7	1.0	284
2024/05/13	02:24:00	40.53938	141.55795	-12	0.0	5	1.1	246
2024/05/13	02:25:00	40.53936	141.55802	-8	3.7	6	1.1	285
2024/05/13	02:26:00	40.53930	141.55800	-8	0.0	5	1.1	224
2024/05/13	02:27:00	40.53938	141.55797	-14	0.0	5	1.4	222
2024/05/13	02:28:00	40.53941	141.55815	4	0.0	4	2.0	249
2024/05/13	02:29:01	40.53932	141.55807	-2	0.0	6	1.1	234
2024/05/13	02:30:01	40.53931	141.55808	-8	0.0	5	1.4	260
2024/05/13	02:31:01	40.53926	141.55803	4	0.0	6	1.1	231
2024/05/13	02:32:02	40.53932	141.55795	4	0.0	6	1.1	255
2024/05/13	02:33:00	40.53946	141.55803	-26	0.0	6	1.1	255
2024/05/13	02:34:00	40.53945	141.55799	12	3.7	5	1.1	263
2024/05/13	02:35:00	40.53941	141.55789	22	0.0	6	1.1	231
2024/05/13	02:36:00	40.53942	141.55798	-2	0.0	6	1.1	261
2024/05/13	02:37:01	40.53941	141.55799	10	0.0	6	1.1	287
2024/05/13	02:38:00	40.53934	141.55802	-18	0.0	5	1.1	258
2024/05/13	02:39:00	40.53918	141.55799	8	0.0	3	2.0	291
2024/05/13	02:40:01	40.53933	141.55798	6	0.0	6	1.1	264
2024/05/13	02:41:01	40.53937	141.55803	-2	0.0	6	1.1	291
2024/05/13	02:42:00	40.53946	141.55803	-2	3.7	4	1.2	255
2024/05/13	02:43:00	40.53945	141.55808	-34	0.0	5	1.2	289
2024/05/13	02:44:00	40.53925	141.55794	14	0.0	3	1.3	256
2024/05/13	02:45:00	40.53949	141.55792	10	0.0	5	1.1	293
2024/05/13	02:46:00	40.53927	141.55789	-4	0.0	5	1.2	264
2024/05/13	02:47:01	40.53929	141.55805	-12	0.0	6	1.2	289
2024/05/13	02:48:01	40.53933	141.55797	-4	0.0	5	1.2	289
2024/05/13	02:49:01	40.53940	141.55801	-2	0.0	5	1.2	263
2024/05/13	02:50:01	40.53934	141.55815	-4	3.7	5	1.2	226
2024/05/13	02:51:02	40.53931	141.55799	-10	0.0	5	1.1	236
2024/05/13	02:52:01	40.53919	141.55825	-46	7.4	3	2.4	271
2024/05/13	02:53:00	40.53948	141.55778	-24	0.0	3	1.4	245
2024/05/13	02:54:00	40.53902	141.55787	32	0.0	4	1.3	214
2024/05/13	02:55:00	40.53918	141.55791	-16	0.0	3	2.3	219
2024/05/13	02:56:01	40.53936	141.55796	6	0.0	5	1.1	273
2024/05/13	02:57:00	40.53938	141.55791	6	0.0	5	1.1	215
2024/05/13	02:58:00	40.53923	141.55757	52	11.1	3	2.3	250
2024/05/13	02:59:00	40.53960	141.55810	36	3.7	3	1.3	248
2024/05/13	03:00:01	40.53939	141.55798	4	0.0	5	1.1	248
2024/05/13	03:01:01	40.53943	141.55799	4	0.0	5	1.1	249
2024/05/13	03:02:00	40.53930	141.55804	-28	3.7	3	2.2	220
2024/05/13	03:03:01	40.53941	141.55807	10	0.0	5	1.1	267
2024/05/13	03:04:01	40.53934	141.55797	20	0.0	5	1.1	248
2024/05/13	03:05:00	40.53947	141.55795	40	0.0	4	1.3	252
2024/05/13	03:06:00	40.53949	141.55785	32	0.0	4	2.0	215
2024/05/13	03:07:01	40.53944	141.55803	2	0.0	5	1.1	249
2024/05/13	03:08:00	40.53945	141.55805	0	0.0	5	1.1	251
2024/05/13	03:09:00	40.53940	141.55793	44	0.0	4	1.4	247
2024/05/13	03:10:00	40.53934	141.55779	48	0.0	3	2.1	250
2024/05/13	03:11:01	40.53939	141.55802	-18	0.0	5	1.1	254
2024/05/13	03:12:01	40.53936	141.55800	-0	0.0	5	1.1	252
2024/05/13	03:13:01	40.53928	141.55795	-6	0.0	5	1.1	251
2024/05/13	03:14:00	40.53936	141.55792	26	0.0	3	2.0	254
2024/05/13	03:15:01	40.53929	141.55796	-8	0.0	5	1.1	252
2024/05/13	03:16:01	40.53934	141.55795	12	0.0	5	1.1	248
2024/05/13	03:17:00	40.53942	141.55807	14	0.0	3	2.0	247
2024/05/13	03:18:00	40.53945	141.55805	10	3.7	3	2.0	247
2024/05/13	03:19:00	40.53916	141.55774	82	0.0	3	2.0	248
2024/05/13	03:20:00	40.53923	141.55798	-46	0.0	3	2.0	249
2024/05/13	03:21:00	40.53947	141.55794	76	0.0	3	2.0	249
2024/05/13	03:22:01	40.53939	141.55818	2	0.0	3	2.3	249
2024/05/13	03:23:06	40.53932	141.55798	-6	0.0	5	1.1	246
2024/05/13	03:24:00	40.53923	141.55810	-84	0.0	3	1.4	244
2024/05/13	03:25:00	40.53945	141.55801	60	0.0	3	1.4	242
2024/05/13	03:26:00	40.53939	141.55798	-20	0.0	3	1.4	240
2024/05/13	03:27:00	40.53927	141.55806	-58	0.0	3	1.4	246
2024/05/13	03:28:00	40.53939	141.55799	4	0.0	3	1.4	244
2024/05/13	03:29:01	40.53929	141.55806	-24	0.0	3	1.4	247
2024/05/13	03:30:01	40.53937	141.55798	22	0.0	3	1.4	251
2024/05/13	03:31:01	40.53947	141.55803	22	0.0	3	1.3	220
2024/05/13	03:32:01	40.53938	141.55813	12	0.0	3	1.3	221
2024/05/13	03:33:02	40.53947	141.55800	12	0.0	4	1.3	248
2024/05/13	03:34:01	40.53929	141.55803	4	0.0	5	1.1	251
2024/05/13	03:35:01	40.53943	141.55784	64	0.0	3	1.3	252
2024/05/13	03:36:00	40.53947	141.55813	-4	0.0	3	1.3	246
2024/05/13	03:37:00	40.53927	141.55807	-2	0.0	3	1.3	211
2024/05/13	03:38:01	40.53938	141.55797	-16	0.0	5	1.1	278
2024/05/13	03:39:01	40.53935	141.55799	-0	0.0	4	1.2	282
2024/05/13	03:40:01	40.53939	141.55806	32	0.0	5	1.1	276
2024/05/13	03:41:00	40.53943	141.55792	20	0.0	3	1.3	270
2024/05/13	03:42:00	40.53942	141.55794	-12	0.0	3	1.3	242
2024/05/13	03:43:00	40.53925	141.55796	-8	0.0	3	1.3	276
2024/05/13	03:44:00	40.53955	141.55803	-10	0.0	3	1.3	246
2024/05/13	03:45:00	40.53934	141.55802	0	0.0	3	1.3	250
2024/05/13	03:46:02	40.53934	141.55799	8	0.0	5	1.2	251
2024/05/13	03:47:01	40.53942	141.55794	6	0.0	4	1.2	249
2024/05/13	03:48:01	40.53941	141.55800	30	0.0	4	1.2	276
2024/05/13	03:49:01	40.53939	141.55797	14	0.0	4	1.3	285
2024/05/13	03:50:01	40.53936	141.55803	-18	0.0	4	1.3	309
2024/05/13	03:51:01	40.53934	141.55795	42	0.0	3	1.3	296
2024/05/13	03:52:01	40.53940	141.55799	-16	0.0	4	1.3	268
2024/05/13	03:53:00	40.53943	141.55796	34	0.0	4	1.3	307
2024/05/13	03:54:00	40.53936	141.55797	22	0.0	3	1.3	276
2024/05/13	03:55:00	40.53940	141.55804	-8	0.0	3	1.3	276
2024/05/13	03:56:00	40.53944	141.55828	-64	0.0	3	1.3	289
2024/05/13	03:57:01	40.53937	141.55805	26	0.0	4	1.3	313
2024/05/13	03:58:00	40.53944	141.55802	12	0.0	3	1.3	286
2024/05/13	03:59:00	40.53929	141.55791	-28	0.0	4	1.3	321
2024/05/13	04:00:02	40.53908	141.55673	-32	7.4	4	3.1	232
2024/05/13	04:01:03	40.53948	141.55791	-24	0.0	5	3.0	322
2024/05/13	04:02:03	40.53938	141.55793	-2	0.0	5	3.1	318
2024/05/13	04:03:02	40.53940	141.55797	-0	0.0	4	3.2	310
2024/05/13	04:04:03	40.53932	141.55809	28	0.0	5	3.1	319
2024/05/13	04:05:02	40.53935	141.55793	16	0.0	5	3.2	305
2024/05/13	04:06:03	40.53949	141.55788	-28	0.0	4	3.4	307
2024/05/13	04:07:03	40.53936	141.55800	2	0.0	5	3.2	275
2024/05/13	04:08:03	40.53941	141.55797	12	0.0	4	3.3	275
2024/05/13	04:09:03	40.53943	141.55793	8	0.0	4	3.3	305
2024/05/13	04:10:02	40.53936	141.55801	28	0.0	3	5.3	279
2024/05/13	04:11:02	40.53931	141.55798	0	0.0	3	5.3	285
2024/05/13	04:12:04	40.53944	141.55800	-16	0.0	4	3.4	277
2024/05/13	04:13:03	40.53942	141.55800	-14	0.0	3	5.3	277
2024/05/13	04:14:03	40.53932	141.55806	28	0.0	4	4.0	287
2024/05/13	04:15:03	40.53933	141.55800	4	0.0	4	4.0	286
2024/05/13	04:16:03	40.53950	141.55786	-30	0.0	4	4.1	280
2024/05/13	04:17:03	40.53938	141.55797	4	0.0	4	4.1	231
2024/05/13	04:18:03	40.53913	141.55830	94	0.0	4	4.1	255
2024/05/13	04:19:03	40.53954	141.55793	-46	0.0	3	5.4	284
2024/05/13	04:20:03	40.53943	141.55795	6	0.0	4	4.2	282
2024/05/13	04:21:03	40.53937	141.55797	6	0.0	4	4.2	283
2024/05/13	04:22:03	40.53939	141.55794	0	0.0	3	5.4	251
2024/05/13	04:23:04	40.53927	141.55815	56	0.0	4	4.2	270
2024/05/13	04:24:03	40.53928	141.55815	42	0.0	4	4.3	292
2024/05/13	04:25:03	40.53940	141.55795	-8	0.0	4	4.3	287
2024/05/13	04:26:03	40.53987	141.55812	26	22.2	4	4.3	288
2024/05/13	04:27:02	40.54020	141.55839	18	22.2	4	4.3	286
2024/05/13	04:28:03	40.54397	141.56057	32	33.3	4	4.4	301
2024/05/13	04:29:02	40.54684	141.56126	-10	29.6	4	4.4	298
2024/05/13	04:30:03	40.55031	141.56410	-4	25.9	4	4.4	293
2024/05/13	04:31:02	40.55351	141.56651	36	25.9	4	4.4	296
2024/05/13	04:32:02	40.55619	141.57120	18	33.3	2	4.4	259
2024/05/13	04:33:03	40.55799	141.57295	-12	25.9	4	5.0	290
2024/05/13	04:34:03	40.56071	141.57676	2	25.9	4	5.0	285
2024/05/13	04:35:03	40.56366	141.58028	14	29.6	4	5.0	322
2024/05/13	04:36:02	40.56563	141.58050	48	7.4	4	5.0	291
2024/05/13	04:37:02	40.56796	141.58004	-24	25.9	4	5.0	285
2024/05/13	04:38:02	40.57041	141.58131	14	25.9	4	5.1	289
2024/05/13	04:39:02	40.57219	141.58679	2	29.6	4	5.1	291
2024/05/13	04:40:03	40.57349	141.59325	58	25.9	4	5.1	289
2024/05/13	04:41:03	40.57431	141.59985	28	33.3	4	5.1	285
2024/05/13	04:42:03	40.57656	141.60331	-4	18.5	4	5.1	288
2024/05/13	04:43:02	40.57868	141.60703	14	29.6	4	5.1	286
2024/05/13	04:44:02	40.58027	141.61205	24	25.9	4	5.1	293
2024/05/13	04:45:02	40.58152	141.61780	8	44.4	4	5.2	290
2024/05/13	04:46:02	40.58201	141.62461	-12	40.7	4	5.2	260
2024/05/13	04:47:02	40.58073	141.63305	18	33.3	4	5.2	293
2024/05/13	04:48:03	40.58146	141.63909	16	14.8	4	5.2	290
2024/05/13	04:49:03	40.58481	141.63952	4	18.5	4	5.2	290
2024/05/13	04:50:02	40.58759	141.64315	64	22.2	4	5.2	294
2024/05/13	04:51:03	40.59061	141.64681	-6	37.0	4	5.2	327
2024/05/13	04:52:03	40.59294	141.65201	-0	33.3	4	5.2	310
2024/05/13	04:53:03	40.59525	141.65792	4	22.2	4	5.2	320
2024/05/13	04:54:03	40.59807	141.66260	-12	22.2	4	5.2	314
2024/05/13	04:55:02	40.59826	141.66283	18	11.1	4	5.3	299
2024/05/13	04:56:03	40.59827	141.66157	8	3.7	4	5.3	295
2024/05/13	04:57:03	40.59835	141.66095	-0	7.4	4	5.3	293
2024/05/13	04:58:03	40.59982	141.66171	-2	14.8	4	5.3	324
2024/05/13	04:59:02	40.60184	141.66355	6	14.8	4	5.3	289
2024/05/13	05:00:03	40.60420	141.66892	24	18.5	4	5.3	319
2024/05/13	05:01:02	40.60663	141.67184	-40	29.6	4	5.3	315
2024/05/13	05:02:03	40.60860	141.67721	0	29.6	4	5.3	317
2024/05/13	05:03:02	40.61082	141.68299	0	25.9	4	5.3	315
2024/05/13	05:04:03	40.61233	141.68975	2	33.3	4	5.3	312
2024/05/13	05:05:03	40.61161	141.69244	2	18.5	4	5.3	314
2024/05/13	05:06:03	40.61286	141.69905	-8	37.0	4	5.3	286
2024/05/13	05:07:04	40.61400	141.70244	10	33.3	4	5.3	283
2024/05/13	05:08:03	40.61623	141.70802	-4	33.3	4	5.3	285
2024/05/13	05:09:03	40.61815	141.71486	8	33.3	4	5.3	288
2024/05/13	05:10:02	40.62075	141.72062	0	22.2	4	5.3	278
2024/05/13	05:11:03	40.62131	141.71933	-4	14.8	4	5.4	320
2024/05/13	05:12:03	40.62244	141.72546	20	37.0	4	5.4	323
2024/05/13	05:13:02	40.62379	141.72862	40	29.6	3	6.0	310
2024/05/13	05:14:03	40.62600	141.73416	2	37.0	4	5.4	288
2024/05/13	05:15:03	40.62787	141.73979	14	29.6	3	6.0	289
2024/05/13	05:16:03	40.62919	141.74242	0	0.0	3	6.0	284
2024/05/13	05:17:02	40.63211	141.74409	-12	18.5	3	6.0	307
2024/05/13	05:18:03	40.63529	141.74670	-6	18.5	3	6.0	291
2024/05/13	05:19:03	40.63804	141.74746	-8	22.2	3	6.0	319
2024/05/13	05:20:02	40.64064	141.74733	8	25.9	3	6.0	318
2024/05/13	05:21:03	40.64299	141.74726	4	25.9	3	6.0	290
2024/05/13	05:22:03	40.64646	141.74930	0	22.2	3	6.0	322
2024/05/13	05:23:03	40.64960	141.75057	10	14.8	3	6.0	323
2024/05/13	05:24:02	40.65265	141.75037	-0	18.5	3	6.0	327
2024/05/13	05:25:03	40.65496	141.74841	0	25.9	3	6.0	322
2024/05/13	05:26:02	40.65766	141.74798	-0	33.3	3	6.0	318
2024/05/13	05:27:03	40.65794	141.74807	-22	25.9	3	6.0	314
2024/05/13	05:28:02	40.65778	141.74838	6	14.8	3	6.0	356
2024/05/13	05:29:03	40.65809	141.74846	4	18.5	3	6.0	285
2024/05/13	05:30:02	40.65678	141.74891	12	11.1	3	6.0	316
2024/05/13	05:31:02	40.65849	141.74945	0	14.8	2	4.2	344
2024/05/13	05:32:04	40.65758	141.74653	10	40.7	3	6.0	318
2024/05/13	05:33:03	40.65802	141.74252	-0	25.9	3	6.0	317
2024/05/13	05:34:03	40.66076	141.74005	-6	29.6	3	6.0	277
2024/05/13	05:35:03	40.66256	141.73625	-8	33.3	3	6.0	305
2024/05/13	05:36:03	40.66570	141.73781	6	25.9	3	6.0	304
2024/05/13	05:37:03	40.66887	141.74196	-18	25.9	3	6.1	310
2024/05/13	05:38:03	40.67170	141.74533	-6	33.3	3	6.1	314
2024/05/13	05:39:02	40.67432	141.74584	2	7.4	3	6.1	298
2024/05/13	05:40:02	40.67783	141.74783	-20	25.9	3	6.1	312
2024/05/13	05:41:02	40.68067	141.75078	28	22.2	3	6.1	280
2024/05/13	05:42:03	40.68402	141.75145	-6	25.9	3	6.1	316
2024/05/13	05:43:03	40.68739	141.75251	-12	22.2	3	6.1	284
2024/05/13	05:44:02	40.68966	141.75069	4	18.5	3	6.1	320
2024/05/13	05:45:03	40.69174	141.74771	-4	22.2	3	6.1	318
2024/05/13	05:46:03	40.69415	141.74526	-10	29.6	3	6.1	310
2024/05/13	05:47:03	40.69585	141.74249	-0	25.9	3	6.1	317
2024/05/13	05:48:03	40.69928	141.74235	-0	18.5	3	6.1	311
2024/05/13	05:49:03	40.70195	141.74072	-4	22.2	3	6.1	314
2024/05/13	05:50:02	40.70314	141.73705	6	18.5	3	6.1	318
2024/05/13	05:51:02	40.70551	141.73374	22	25.9	2	4.4	313
2024/05/13	05:52:03	40.70691	141.72887	-22	22.2	3	6.1	316
2024/05/13	05:53:02	40.70885	141.72618	-10	25.9	3	6.1	308
2024/05/13	05:54:03	40.71117	141.72554	2	37.0	3	6.2	314
2024/05/13	05:55:03	40.71411	141.72273	2	18.5	3	6.2	314
2024/05/13	05:56:02	40.71690	141.72003	-26	18.5	3	6.2	286
2024/05/13	05:57:02	40.71927	141.71868	-24	18.5	3	6.2	290
2024/05/13	05:58:35	40.72126	141.71598	2	37.0	3	1.3	280
2024/05/13	05:59:00	40.72223	141.71482	4	18.5	3	1.3	314
2024/05/13	06:06:23	40.74881	141.72113	-2	25.9	6	1.3	290
2024/05/13	06:07:01	40.75126	141.72245	-22	22.2	6	1.4	294
2024/05/13	06:08:03	40.75290	141.72251	-12	0.0	5	3.0	320
2024/05/13	06:09:02	40.75278	141.72275	-4	0.0	6	1.4	289
2024/05/13	06:10:02	40.75256	141.72296	8	3.7	6	1.4	304
2024/05/13	06:11:01	40.75231	141.72305	6	0.0	5	2.4	315
2024/05/13	06:12:01	40.75223	141.72344	0	0.0	5	2.4	313
2024/05/13	06:13:01	40.75209	141.72357	-8	0.0	5	2.4	310
2024/05/13	06:14:01	40.75184	141.72360	-12	0.0	5	2.4	279
2024/05/13	06:15:01	40.75172	141.72377	-16	0.0	5	2.4	288
2024/05/13	06:16:02	40.75158	141.72384	-4	0.0	6	1.4	304
2024/05/13	06:17:00	40.75125	141.72382	-14	3.7	5	2.4	282
2024/05/13	06:18:02	40.75115	141.72416	-18	0.0	6	1.4	301
2024/05/13	06:19:00	40.75112	141.72508	-8	3.7	4	2.4	198
2024/05/13	06:20:00	40.75078	141.72397	28	18.5	6	1.4	322
2024/05/13	06:21:00	40.75063	141.72356	-20	14.8	5	2.0	314
2024/05/13	06:22:00	40.75042	141.72087	14	11.1	5	2.3	316
2024/05/13	06:23:00	40.74917	141.71796	2	33.3	5	1.4	340
2024/05/13	06:24:00	40.74883	141.71470	34	14.8	4	2.2	249
2024/05/13	06:25:01	40.74841	141.71031	-14	18.5	4	2.2	224
2024/05/13	06:26:01	40.74819	141.70598	-0	22.2	6	1.4	260
2024/05/13	06:27:01	40.75024	141.70346	20	14.8	5	2.1	284
2024/05/13	06:28:00	40.75257	141.70281	12	22.2	5	2.1	334
2024/05/13	06:29:00	40.75438	141.70019	-18	25.9	6	1.4	318
2024/05/13	06:30:00	40.75692	141.69766	-24	18.5	6	1.4	317
2024/05/13	06:31:00	40.75979	141.69511	-30	33.3	5	2.1	323
2024/05/13	06:32:00	40.76349	141.69612	-22	29.6	6	1.4	324
2024/05/13	06:33:00	40.76782	141.69753	-52	22.2	5	2.1	306
2024/05/13	06:34:00	40.77111	141.69692	-34	25.9	4	2.0	303
2024/05/13	06:35:00	40.77592	141.69943	-28	29.6	4	2.2	310
2024/05/13	06:36:00	40.77714	141.70024	16	18.5	5	2.1	309
2024/05/13	06:37:00	40.78068	141.70015	6	25.9	5	2.1	259
2024/05/13	06:38:01	40.78421	141.69951	14	22.2	6	1.4	320
2024/05/13	06:39:00	40.78511	141.69999	-28	0.0	6	1.4	318
2024/05/13	06:40:01	40.78490	141.69999	-0	3.7	4	2.2	233
2024/05/13	06:41:01	40.78494	141.70010	10	0.0	5	2.1	261
2024/05/13	06:42:01	40.78488	141.70047	-42	3.7	6	1.4	294
2024/05/13	06:43:01	40.78472	141.70032	8	0.0	4	2.1	261
2024/05/13	06:44:00	40.78476	141.70071	-26	3.7	3	2.3	216
2024/05/13	06:45:01	40.78479	141.70063	-22	0.0	4	2.2	221
2024/05/13	06:46:00	40.78464	141.70090	-32	3.7	3	2.2	217
2024/05/13	06:47:00	40.78452	141.70085	24	0.0	3	2.2	276
2024/05/13	06:48:00	40.78453	141.70076	18	3.7	3	2.3	209
2024/05/13	06:49:01	40.78441	141.70107	-6	0.0	6	1.4	289
2024/05/13	06:50:01	40.78436	141.70117	-12	0.0	4	2.2	282
2024/05/13	06:51:00	40.78505	141.70180	-140	3.7	4	2.2	282
2024/05/13	06:52:00	40.78851	141.70345	28	40.7	5	2.0	317
2024/05/13	06:53:01	40.79317	141.70877	-12	51.9	6	1.4	294
2024/05/13	06:54:01	40.79715	141.71441	-8	29.6	6	1.4	315
2024/05/13	06:55:00	40.80101	141.71968	-24	40.7	5	1.4	318
2024/05/13	06:56:01	40.80560	141.72290	8	25.9	4	2.2	289
2024/05/13	06:57:01	40.80907	141.72285	-6	14.8	6	1.4	296
2024/05/13	06:58:00	40.81097	141.72058	-36	11.1	6	1.4	319
2024/05/13	06:59:00	40.81080	141.71647	-2	22.2	6	1.4	256
2024/05/13	07:00:00	40.81212	141.71314	-6	7.4	6	1.4	298
2024/05/13	07:01:01	40.81213	141.71284	-18	0.0	4	2.2	204
2024/05/13	07:02:01	40.81228	141.71275	24	0.0	3	2.2	199
2024/05/13	07:03:00	40.81210	141.70920	14	29.6	5	2.0	321
2024/05/13	07:04:00	40.81334	141.70513	0	29.6	4	2.0	219
2024/05/13	07:05:01	40.81537	141.70118	14	29.6	4	2.3	292
2024/05/13	07:06:00	40.81723	141.69703	-8	25.9	4	2.0	316
2024/05/13	07:07:00	40.81768	141.69304	-26	22.2	4	2.1	187
2024/05/13	07:08:01	40.81749	141.68881	10	22.2	6	2.0	260
2024/05/13	07:09:00	40.82083	141.68619	-24	22.2	5	2.1	284
2024/05/13	07:10:00	40.82420	141.68411	40	22.2	4	2.3	286
2024/05/13	07:11:00	40.82695	141.68053	-14	25.9	5	2.1	256
2024/05/13	07:12:00	40.82951	141.67642	-24	25.9	5	1.4	318
2024/05/13	07:13:00	40.83083	141.67209	26	29.6	6	1.3	319
2024/05/13	07:14:00	40.83265	141.66850	68	18.5	5	2.0	292
2024/05/13	07:15:01	40.83466	141.66481	-24	40.7	5	2.0	311
2024/05/13	07:16:00	40.83497	141.66068	-40	22.2	4	2.3	297
2024/05/13	07:17:00	40.83567	141.65708	28	7.4	5	1.4	321
2024/05/13	07:18:01	40.83722	141.65407	-10	25.9	5	2.0	331
2024/05/13	07:19:00	40.83747	141.65011	42	25.9	5	2.0	324
2024/05/13	07:20:00	40.83930	141.64632	-10	25.9	6	1.3	323
2024/05/13	07:21:00	40.84240	141.64388	46	22.2	4	2.3	235
2024/05/13	07:22:00	40.84492	141.64145	28	25.9	3	2.3	252
2024/05/13	07:23:00	40.84777	141.64004	-34	22.2	5	2.0	287
2024/05/13	07:24:01	40.85037	141.63728	-16	29.6	6	1.3	318
2024/05/13	07:25:00	40.85180	141.63456	-30	29.6	6	1.3	264
2024/05/13	07:26:01	40.85223	141.63035	-4	22.2	6	1.3	293
2024/05/13	07:27:00	40.85377	141.62699	-30	25.9	5	1.4	286
2024/05/13	07:28:00	40.85733	141.62688	-14	18.5	4	2.3	259
2024/05/13	07:29:00	40.85719	141.62317	50	40.7	4	2.0	296
2024/05/13	07:30:00	40.85907	141.61993	8	29.6	5	1.4	285
2024/05/13	07:31:00	40.86071	141.61671	-40	25.9	3	2.0	224
2024/05/13	07:32:01	40.86348	141.61561	-30	18.5	6	1.3	289
2024/05/13	07:33:01	40.86505	141.61437	4	33.3	5	2.0	289
2024/05/13	07:34:01	40.86636	141.61033	8	33.3	6	1.3	290
2024/05/13	07:35:00	40.86616	141.60547	-12	44.4	5	1.3	290
2024/05/13	07:36:00	40.86633	141.60020	-12	22.2	5	1.4	262
2024/05/13	07:37:01	40.86802	141.59621	0	25.9	6	1.3	302
2024/05/13	07:38:00	40.86895	141.59217	48	33.3	4	1.4	288
2024/05/13	07:39:00	40.87011	141.58718	-14	25.9	5	1.4	298
2024/05/13	07:40:00	40.86949	141.58211	24	29.6	5	1.4	310
2024/05/13	07:41:00	40.87075	141.57757	16	25.9	3	2.2	285
2024/05/13	07:42:00	40.87356	141.57400	-34	22.2	5	2.0	258
2024/05/13	07:43:00	40.87444	141.57073	72	25.9	3	2.2	220
2024/05/13	07:44:00	40.87650	141.56654	-0	25.9	5	1.3	286
2024/05/13	07:45:00	40.87792	141.56184	16	25.9	4	2.3	318
2024/05/13	07:46:00	40.88156	141.55971	26	40.7	5	2.2	289
2024/05/13	07:47:00	40.88733	141.56129	-14	40.7	4	1.4	250
2024/05/13	07:48:02	40.89064	141.56113	12	11.1	6	1.2	314
2024/05/13	07:49:00	40.89221	141.55865	28	29.6	4	1.4	228
2024/05/13	07:50:00	40.89218	141.55519	-28	22.2	5	1.3	315
2024/05/13	07:51:00	40.89544	141.55273	2	25.9	4	2.2	287
2024/05/13	07:52:01	40.89896	141.55254	-2	18.5	6	1.2	310
2024/05/13	07:53:00	40.90248	141.55302	12	29.6	5	1.4	294
2024/05/13	07:54:01	40.90668	141.55473	6	22.2	6	1.2	343
2024/05/13	07:55:00	40.91049	141.55602	-6	25.9	5	1.2	349
2024/05/13	07:56:00	40.91373	141.55655	56	18.5	4	1.4	307
2024/05/13	07:57:00	40.91354	141.55273	34	14.8	3	2.4	260
2024/05/13	07:58:00	40.91523	141.54977	30	18.5	5	1.4	284
2024/05/13	07:59:01	40.91723	141.54665	-4	29.6	4	1.4	297
2024/05/13	08:00:01	40.91963	141.54296	-26	25.9	5	1.3	348
2024/05/13	08:01:00	40.92218	141.54084	40	25.9	5	1.3	319
2024/05/13	08:02:00	40.92193	141.53598	18	25.9	5	1.3	256
2024/05/13	08:03:01	40.92134	141.53551	16	0.0	4	1.4	244
2024/05/13	08:04:01	40.92119	141.53529	-40	0.0	4	1.3	267
2024/05/13	08:05:01	40.92113	141.53519	-28	0.0	4	1.3	271
2024/05/13	08:06:02	40.92102	141.53516	-2	0.0	4	1.3	278
2024/05/13	08:07:00	40.92096	141.53512	14	0.0	4	1.3	311
2024/05/13	08:08:00	40.92071	141.53486	2	0.0	4	1.3	280
2024/05/13	08:09:01	40.92069	141.53479	-24	0.0	4	1.3	278
2024/05/13	08:10:01	40.92058	141.53469	-12	0.0	3	2.4	255
2024/05/13	08:11:00	40.92137	141.53435	2	29.6	4	1.3	319
2024/05/13	08:12:01	40.92574	141.53409	-0	33.3	4	1.3	287
2024/05/13	08:13:00	40.93058	141.53501	42	33.3	3	1.3	252
2024/05/13	08:14:00	40.93548	141.53606	26	29.6	3	2.4	230
2024/05/13	08:15:00	40.93931	141.53401	0	33.3	4	1.3	281
2024/05/13	08:16:00	40.94202	141.53049	6	29.6	4	1.3	229
2024/05/13	08:17:00	40.94504	141.52671	34	29.6	3	2.4	230
2024/05/13	08:18:00	40.94873	141.52364	6	22.2	4	1.3	311
2024/05/13	08:19:00	40.95113	141.52052	0	25.9	4	1.3	259
2024/05/13	08:20:00	40.95223	141.51619	32	29.6	3	2.4	225
2024/05/13	08:21:00	40.95437	141.51257	12	25.9	4	1.3	214
2024/05/13	08:22:00	40.95379	141.50919	38	25.9	3	2.2	220
2024/05/13	08:23:00	40.95367	141.50581	-0	14.8	4	1.3	222
2024/05/13	08:24:01	40.95432	141.50391	8	29.6	3	2.4	232
2024/05/13	08:25:01	40.95764	141.50175	24	29.6	3	2.4	201
2024/05/13	08:26:00	40.96117	141.50020	-22	14.8	3	2.4	223
2024/05/13	08:27:00	40.96426	141.50061	4	3.7	4	1.3	252
2024/05/13	08:28:00	40.96454	141.50093	-14	11.1	4	1.3	232
2024/05/13	08:29:00	40.96474	141.50155	62	18.5	3	2.4	223
2024/05/13	08:30:02	40.96530	141.50021	2	0.0	3	3.0	208
2024/05/13	08:31:02	40.96521	141.50031	-0	0.0	3	3.0	213
2024/05/13	08:32:03	40.96509	141.50032	-2	0.0	3	3.0	274
2024/05/13	08:33:02	40.96491	141.50033	-18	0.0	3	3.0	212
2024/05/13	08:34:02	40.96481	141.50030	-16	0.0	3	3.0	209
2024/05/13	08:35:03	40.96474	141.50040	4	0.0	3	3.0	226
2024/05/13	08:36:02	40.96565	141.49935	22	18.5	4	1.3	262
2024/05/13	08:37:00	40.96807	141.49769	12	14.8	4	1.3	195
2024/05/13	08:38:03	40.96876	141.49656	-14	0.0	3	3.1	211
2024/05/13	08:39:00	40.96741	141.49702	-2	29.6	4	1.3	258
2024/05/13	08:40:01	40.96595	141.49743	0	48.2	4	1.3	197
2024/05/13	08:41:02	40.96930	141.50230	20	22.2	4	1.3	256
2024/05/13	08:42:00	40.97148	141.50085	12	25.9	3	1.3	224
2024/05/13	08:43:00	40.97031	141.50188	8	33.3	4	1.3	254
2024/05/13	08:44:00	40.96656	141.50317	32	29.6	3	2.3	127
2024/05/13	08:45:01	40.96248	141.50388	16	33.3	4	1.3	228
2024/05/13	08:46:00	40.95728	141.50609	0	40.7	4	1.3	230
2024/05/13	08:47:01	40.95246	141.51099	8	44.4	4	1.3	262
2024/05/13	08:48:01	40.94819	141.51142	20	33.3	4	1.3	265
2024/05/13	08:49:03	40.94673	141.51197	-8	0.0	4	1.3	232
2024/05/13	08:50:03	40.94659	141.51200	2	0.0	3	3.4	263
2024/05/13	08:51:03	40.94639	141.51210	20	0.0	3	4.0	264
2024/05/13	08:52:03	40.94630	141.51192	2	7.4	3	4.0	317
2024/05/13	08:53:03	40.94994	141.51930	4	25.9	3	4.0	284
2024/05/13	08:54:03	40.94869	141.51916	4	14.8	3	4.1	321
2024/05/13	08:55:02	40.94913	141.51937	-4	44.4	3	4.1	284
2024/05/13	08:56:02	40.94707	141.51995	-26	7.4	3	4.2	198
2024/05/13	08:57:03	40.94648	141.52053	-0	0.0	3	4.2	250
2024/05/13	08:58:02	40.94965	141.52364	30	25.9	3	4.3	253
2024/05/13	08:59:03	40.95014	141.52865	34	11.1	3	4.3	287
2024/05/13	09:00:02	40.94960	141.52983	4	14.8	3	4.4	258
2024/05/13	09:01:02	40.94882	141.53089	20	7.4	3	4.4	275
2024/05/13	09:02:03	40.95299	141.53208	38	25.9	3	5.0	313
2024/05/13	09:03:02	40.95499	141.53376	10	33.3	3	5.0	260
2024/05/13	09:04:03	40.95034	141.53332	42	29.6	3	5.1	253
2024/05/13	09:05:03	40.94728	141.53164	-16	33.3	3	5.2	262
2024/05/13	09:06:03	40.94658	141.53057	-26	3.7	3	5.2	249
2024/05/13	09:07:03	40.94597	141.52993	8	11.1	3	5.3	254
2024/05/13	09:08:02	40.94532	141.52897	-16	11.1	3	5.4	256
2024/05/13	09:09:03	40.94576	141.52976	26	14.8	3	6.0	252
2024/05/13	09:10:02	40.94532	141.53097	34	14.8	3	6.0	254
2024/05/13	09:11:03	40.94493	141.53282	6	22.2	3	6.1	257
2024/05/13	09:12:03	40.94433	141.53112	46	7.4	3	6.2	247
2024/05/13	09:13:02	40.94519	141.53055	-6	3.7	3	6.3	254
2024/05/13	09:14:02	40.94482	141.53079	-16	25.9	3	6.4	225
2024/05/13	09:15:03	40.94527	141.53062	4	11.1	3	7.0	255
2024/05/13	09:16:03	40.94511	141.53107	8	7.4	3	7.1	247
2024/05/13	09:17:02	40.94429	141.53151	36	7.4	3	7.2	243
2024/05/13	09:18:03	40.94385	141.53045	-44	7.4	3	7.4	249
2024/05/13	09:19:03	40.94398	141.53197	4	22.2	3	8.0	256
2024/05/13	09:20:03	40.94418	141.53148	-52	14.8	3	8.1	280
2024/05/13	09:21:03	40.94439	141.53136	-26	11.1	3	8.3	248
2024/05/13	09:22:03	40.94290	141.53237	108	0.0	3	8.4	249
2024/05/13	09:23:03	40.94226	141.52903	-32	29.6	3	9.1	256
2024/05/13	09:24:02	40.94247	141.52664	50	14.8	3	9.3	254
2024/05/13	09:25:02	40.94261	141.52343	-44	14.8	3	9.4	224
2024/05/13	09:26:02	40.94256	141.52075	-16	22.2	3	10.1	262
2024/05/13	09:27:03	40.94222	141.51988	-26	0.0	3	10.3	245
2024/05/13	09:28:03	40.94143	141.52149	58	7.4	3	11.0	271
2024/05/13	09:29:03	40.94002	141.52018	-40	11.1	3	11.3	263
2024/05/13	09:30:03	40.93909	141.52002	-10	33.3	3	12.0	255
2024/05/13	09:31:03	40.93405	141.52065	-18	25.9	3	12.3	257
2024/05/13	09:32:04	40.93289	141.52084	-2	0.0	3	13.1	232
2024/05/13	09:33:02	40.93263	141.52080	-10	0.0	2	3.0	247
2024/05/13	09:34:03	40.93258	141.52111	30	0.0	3	14.2	242
2024/05/13	09:35:04	40.93230	141.52168	70	0.0	3	15.1	240
2024/05/13	09:36:03	40.93221	141.52167	76	0.0	3	16.0	247
2024/05/13	09:37:03	40.93193	141.52032	-12	0.0	3	17.0	246
2024/05/13	09:38:04	40.93168	141.52072	18	0.0	3	17.4	246
2024/05/13	09:39:03	40.93154	141.51995	-26	0.0	3	19.0	237
2024/05/13	09:40:03	40.93138	141.52077	18	0.0	3	20.1	243
2024/05/13	09:41:04	40.93114	141.51999	-16	0.0	3	21.2	250
2024/05/13	09:42:03	40.93094	141.51984	-24	3.7	3	23.0	269
2024/05/13	09:43:35	40.93068	141.52009	-4	0.0	7	0.4	304
2024/05/13	09:44:01	40.93065	141.52001	-16	0.0	7	0.4	273
2024/05/13	09:45:00	40.93042	141.51999	-20	0.0	6	1.1	244
2024/05/13	09:46:00	40.93022	141.51981	-62	0.0	4	1.3	263
2024/05/13	09:47:00	40.93006	141.51972	-30	0.0	5	1.2	249
2024/05/13	09:48:00	40.92985	141.51994	54	0.0	3	2.0	186
2024/05/13	09:49:00	40.92975	141.51960	-2	0.0	5	1.3	217
2024/05/13	09:50:00	40.92948	141.51932	-18	0.0	4	2.0	276
2024/05/13	09:51:01	40.92920	141.51924	52	3.7	6	2.1	226
2024/05/13	09:52:00	40.92907	141.51950	-26	0.0	7	1.0	279
2024/05/13	09:53:00	40.92892	141.51940	2	0.0	4	2.1	214
2024/05/13	09:54:00	40.92879	141.51944	24	0.0	5	1.3	272
2024/05/13	09:55:00	40.92865	141.51925	24	0.0	5	1.1	244
2024/05/13	09:56:00	40.92827	141.51919	22	3.7	3	2.2	210
2024/05/13	09:57:00	40.92804	141.51875	-90	3.7	3	2.3	224
2024/05/13	09:58:00	40.92797	141.51899	-0	0.0	6	1.1	252
2024/05/13	09:59:01	40.92757	141.51904	-16	0.0	6	1.1	250
2024/05/13	10:00:00	40.92759	141.51865	-8	0.0	6	1.1	227
2024/05/13	10:01:00	40.92730	141.51862	-18	0.0	6	1.1	250
2024/05/13	10:02:00	40.92707	141.51856	-22	0.0	6	1.1	245
2024/05/13	10:03:00	40.92668	141.51850	8	0.0	5	1.2	245
2024/05/13	10:04:00	40.92670	141.51839	-6	0.0	5	1.2	247
2024/05/13	10:05:00	40.92650	141.51843	10	3.7	3	2.4	242
2024/05/13	10:06:00	40.92620	141.51827	-6	0.0	4	2.1	211
2024/05/13	10:07:00	40.92600	141.51829	28	7.4	3	1.4	218
2024/05/13	10:08:00	40.92595	141.51823	-28	0.0	4	2.0	189
2024/05/13	10:09:01	40.92571	141.51812	-18	0.0	4	1.3	189
2024/05/13	10:10:00	40.92568	141.51803	8	0.0	4	2.2	245
2024/05/13	10:11:00	40.92343	141.51883	-12	14.8	6	1.1	258
2024/05/13	10:12:01	40.92318	141.51883	-8	0.0	4	2.2	224
2024/05/13	10:13:01	40.92319	141.51872	24	0.0	6	1.1	249
2024/05/13	10:14:00	40.92306	141.51870	8	0.0	4	1.2	191
2024/05/13	10:15:01	40.92288	141.51866	-18	0.0	5	1.3	221
2024/05/13	10:16:00	40.92271	141.51840	-20	0.0	4	2.0	215
2024/05/13	10:17:00	40.92267	141.51839	-6	0.0	5	1.3	254
2024/05/13	10:18:00	40.92252	141.51832	-14	0.0	5	1.3	221
2024/05/13	10:19:00	40.92239	141.51831	-16	0.0	4	2.4	188
2024/05/13	10:20:00	40.92356	141.51891	24	0.0	5	1.3	195
2024/05/13	10:21:01	40.92343	141.51882	-14	0.0	5	2.1	274
2024/05/13	10:22:00	40.92338	141.51873	-2	0.0	5	2.1	226
2024/05/13	10:23:01	40.92316	141.51870	6	0.0	5	1.3	255
2024/05/13	10:24:00	40.92301	141.51848	-8	3.7	4	2.0	253
2024/05/13	10:25:01	40.92293	141.51840	-0	0.0	5	1.3	257
2024/05/13	10:26:00	40.92261	141.51848	-18	0.0	3	1.4	188
2024/05/13	10:27:00	40.92242	141.51825	-16	3.7	5	2.2	252
2024/05/13	10:28:00	40.92106	141.52511	2	51.9	6	1.1	278
2024/05/13	10:29:00	40.92237	141.52905	-38	7.4	4	2.1	198
2024/05/13	10:30:00	40.92223	141.52904	-2	22.2	5	2.2	224
2024/05/13	10:31:00	40.92679	141.53634	-8	51.9	4	2.0	165
2024/05/13	10:32:01	40.92615	141.53629	24	18.5	5	2.0	278
2024/05/13	10:33:01	40.92615	141.53625	-8	0.0	5	2.2	252
2024/05/13	10:34:00	40.92612	141.53628	0	0.0	5	1.3	217
2024/05/13	10:35:00	40.92697	141.53535	22	3.7	6	1.1	262
2024/05/13	10:36:00	40.92710	141.53473	-16	0.0	4	2.4	220
2024/05/13	10:37:00	40.92701	141.53447	-8	3.7	5	1.3	256
2024/05/13	10:38:01	40.92705	141.53424	-24	0.0	4	2.0	193
2024/05/13	10:39:00	40.92685	141.53442	16	14.8	6	1.1	291
2024/05/13	10:40:00	40.93065	141.53825	22	37.0	5	1.2	247
2024/05/13	10:41:00	40.93388	141.54160	-14	29.6	4	2.0	221
2024/05/13	10:42:00	40.93857	141.54654	8	40.7	6	1.1	258
2024/05/13	10:43:00	40.94198	141.55017	10	7.4	5	1.3	249
2024/05/13	10:44:01	40.94357	141.55111	20	29.6	6	1.2	286
2024/05/13	10:45:00	40.94570	141.55237	-6	0.0	4	1.2	198
2024/05/13	10:46:00	40.94841	141.55400	-6	29.6	5	1.2	257
2024/05/13	10:47:01	40.95265	141.55928	20	37.0	6	1.1	326
2024/05/13	10:48:00	40.95646	141.56627	-8	40.7	6	1.1	258
2024/05/13	10:49:00	40.95956	141.57545	0	48.2	5	1.2	253
2024/05/13	10:50:00	40.96231	141.58528	22	48.2	5	1.2	286
2024/05/13	10:51:00	40.96296	141.59615	-4	51.9	5	1.1	228
2024/05/13	10:52:00	40.96330	141.60851	26	63.0	3	2.0	274
2024/05/13	10:53:00	40.96313	141.61947	-16	11.1	4	2.4	188
2024/05/13	10:54:00	40.96294	141.61856	-10	7.4	4	1.3	252
2024/05/13	10:55:00	40.96343	141.61928	-10	3.7	3	1.4	219
2024/05/13	10:56:00	40.96414	141.61892	0	11.1	5	1.2	253
2024/05/13	10:57:00	40.96725	141.62222	-6	3.7	5	1.2	260
2024/05/13	10:58:00	40.96744	141.62122	-8	3.7	5	1.4	252
2024/05/13	10:59:00	40.96847	141.62134	-10	3.7	6	1.1	256
2024/05/13	11:00:00	40.96913	141.62095	-12	3.7	5	2.2	282
2024/05/13	11:01:01	40.97024	141.62071	12	7.4	6	1.1	292
2024/05/13	11:02:00	40.97173	141.62053	6	7.4	5	1.1	228
2024/05/13	11:03:00	40.97424	141.62062	8	18.5	5	2.1	302
2024/05/13	11:04:00	40.97525	141.61946	4	22.2	6	2.1	319
2024/05/13	11:05:00	40.97910	141.62087	16	33.3	5	1.3	293
2024/05/13	11:06:00	40.98148	141.62256	-10	3.7	6	1.1	282
2024/05/13	11:07:00	40.98445	141.62561	12	44.4	6	1.1	283
2024/05/13	11:08:01	40.98728	141.62836	0	37.0	6	1.1	324
2024/05/13	11:09:00	40.99025	141.63154	-14	14.8	4	1.3	275
2024/05/13	11:10:01	40.99290	141.63537	-8	3.7	5	2.1	284
2024/05/13	11:11:02	40.99370	141.64160	2	59.3	5	1.2	291
2024/05/13	11:12:00	40.99271	141.64836	-4	55.6	5	2.1	290
2024/05/13	11:13:00	40.99127	141.65707	-18	0.0	5	1.3	287
2024/05/13	11:14:01	40.98930	141.66516	-8	3.7	6	1.1	318
2024/05/13	11:15:00	40.98661	141.67454	18	59.3	5	1.1	327
2024/05/13	11:16:00	40.98505	141.67806	0	48.2	6	1.1	293
2024/05/13	11:17:00	40.98410	141.68031	-6	0.0	5	1.1	285
2024/05/13	11:18:00	40.98421	141.67997	-6	3.7	5	1.2	319
2024/05/13	11:19:00	40.98442	141.67979	-8	7.4	6	1.1	304
2024/05/13	11:20:00	40.98455	141.67939	8	3.7	5	1.2	253
2024/05/13	11:21:00	40.98478	141.67901	-12	7.4	4	2.0	279
2024/05/13	11:22:00	40.98487	141.67909	-6	3.7	5	1.1	280
2024/05/13	11:23:02	40.98520	141.67839	-8	3.7	5	1.2	305
2024/05/13	11:24:00	40.98535	141.67820	24	0.0	3	2.1	248
2024/05/13	11:25:01	40.98564	141.67774	-10	3.7	5	1.2	286
2024/05/13	11:26:01	40.98583	141.67740	-8	0.0	5	1.2	307
2024/05/13	11:27:00	40.98585	141.67702	-24	0.0	4	1.2	301
2024/05/13	11:28:00	40.98594	141.67703	30	3.7	4	2.0	299
2024/05/13	11:29:00	40.98615	141.67655	-30	3.7	4	2.0	309
2024/05/13	11:30:00	40.98643	141.67606	14	3.7	4	2.0	306
2024/05/13	11:31:01	40.98674	141.67608	-22	3.7	5	1.2	303
2024/05/13	11:32:00	40.98661	141.67572	4	7.4	4	2.0	303
2024/05/13	11:33:01	40.98701	141.67565	10	3.7	5	1.2	310
2024/05/13	11:34:01	40.98616	141.67553	-42	11.1	4	2.0	305
2024/05/13	11:35:00	40.98787	141.67525	-12	11.1	5	1.2	308
2024/05/13	11:36:00	40.98742	141.67495	12	48.2	4	2.0	249
2024/05/13	11:37:00	40.98785	141.68030	-14	3.7	3	1.4	296
2024/05/13	11:38:01	40.98506	141.68466	-18	7.4	4	2.0	274
2024/05/13	11:39:00	40.98227	141.68963	20	22.2	3	2.2	220
2024/05/13	11:40:01	40.98147	141.69379	-4	11.1	5	1.2	285
2024/05/13	11:41:01	40.98118	141.69509	2	3.7	4	1.4	319
2024/05/13	11:42:01	40.98122	141.69490	10	3.7	5	1.2	317
2024/05/13	11:43:00	40.98120	141.69455	-12	7.4	4	2.0	307
2024/05/13	11:44:00	40.98339	141.69831	-6	0.0	3	2.2	276
2024/05/13	11:45:00	40.98346	141.69794	-4	0.0	3	2.2	275
2024/05/13	11:46:00	40.98364	141.69788	16	3.7	4	2.1	286
2024/05/13	11:47:01	40.98378	141.69781	-10	11.1	4	2.1	300
2024/05/13	11:48:00	40.98410	141.69777	8	3.7	4	2.1	312
2024/05/13	11:49:00	40.98415	141.69759	-6	0.0	4	2.1	307
2024/05/13	11:50:01	40.98402	141.69753	4	0.0	4	2.1	262
2024/05/13	11:51:01	40.98389	141.69756	-8	0.0	4	2.1	275
2024/05/13	11:52:01	40.98360	141.69747	-18	0.0	4	2.1	296
2024/05/13	11:53:02	40.98372	141.69748	-8	0.0	4	2.1	311
2024/05/13	11:54:01	40.98354	141.69746	6	0.0	4	2.1	309
2024/05/13	11:55:02	40.98344	141.69750	2	3.7	4	2.1	279
2024/05/13	11:56:01	40.98340	141.69745	2	0.0	4	2.1	297
2024/05/13	11:57:01	40.98336	141.69732	-14	0.0	4	2.1	306
2024/05/13	11:58:00	40.98333	141.69740	24	0.0	4	2.2	273
2024/05/13	11:59:02	40.98318	141.69722	-0	0.0	4	2.2	309
2024/05/13	12:06:06	40.98282	141.69643	-6	0.0	7	1.0	312
2024/05/13	12:07:00	40.98279	141.69639	-2	0.0	7	1.0	290
2024/05/13	12:08:00	40.98267	141.69627	-16	0.0	5	1.4	281
2024/05/13	12:09:00	40.98259	141.69617	-12	0.0	6	1.1	313
2024/05/13	12:10:00	40.98261	141.69604	-8	0.0	7	1.0	316
2024/05/13	12:11:00	40.98249	141.69613	6	0.0	7	1.1	316
2024/05/13	12:12:00	40.98242	141.69600	-8	3.7	4	2.0	282
2024/05/13	12:13:00	40.98248	141.69605	10	3.7	7	1.1	287
2024/05/13	12:14:00	40.98231	141.69589	0	0.0	5	1.4	282
2024/05/13	12:15:00	40.98229	141.69595	-22	0.0	6	1.1	251
2024/05/13	12:16:00	40.98208	141.69594	20	0.0	5	1.1	256
2024/05/13	12:17:01	40.98187	141.69576	4	0.0	5	2.2	232
2024/05/13	12:18:00	40.98186	141.69585	8	0.0	7	1.0	258
2024/05/13	12:19:00	40.98191	141.69560	16	14.8	7	1.0	287
2024/05/13	12:20:01	40.98317	141.69356	-2	18.5	6	1.1	255
2024/05/13	12:21:01	40.98411	141.69559	6	40.7	5	1.1	223
2024/05/13	12:22:00	40.98336	141.69883	-18	7.4	4	1.4	241
2024/05/13	12:23:00	40.98381	141.69861	-8	7.4	5	1.1	219
2024/05/13	12:24:00	40.98370	141.69818	-108	3.7	4	2.4	249
2024/05/13	12:25:00	40.98393	141.69816	-0	0.0	7	1.2	297
2024/05/13	12:26:00	40.98389	141.69806	-0	3.7	4	2.1	272
2024/05/13	12:27:00	40.98419	141.69797	-30	3.7	4	1.4	250
2024/05/13	12:28:00	40.98438	141.69774	-30	3.7	5	1.2	246
2024/05/13	12:29:00	40.98438	141.69767	4	0.0	7	1.0	275
2024/05/13	12:30:00	40.98433	141.69761	-10	3.7	7	1.0	285
2024/05/13	12:31:00	40.98410	141.69781	-38	0.0	4	1.4	302
2024/05/13	12:32:01	40.98411	141.69764	2	0.0	7	1.0	314
2024/05/13	12:33:00	40.98414	141.69761	20	0.0	6	1.1	281
2024/05/13	12:34:00	40.98389	141.69767	-4	0.0	6	1.1	311
2024/05/13	12:35:00	40.98395	141.69752	-4	0.0	7	1.0	309
2024/05/13	12:36:00	40.98380	141.69749	-0	0.0	6	1.2	251
2024/05/13	12:37:00	40.98376	141.69758	-4	0.0	6	1.2	224
2024/05/13	12:38:00	40.98378	141.69744	-14	0.0	5	1.2	278
2024/05/13	12:39:00	40.98356	141.69751	-14	0.0	6	1.2	254
2024/05/13	12:40:00	40.98329	141.69754	2	0.0	5	2.0	189
2024/05/13	12:41:00	40.98334	141.69745	22	0.0	5	1.1	255
2024/05/13	12:42:00	40.98310	141.69744	6	0.0	4	1.3	195
2024/05/13	12:43:00	40.98296	141.69740	-22	0.0	6	1.2	253
2024/05/13	12:44:00	40.98281	141.69741	-12	0.0	5	1.3	254
2024/05/13	12:45:00	40.98285	141.69733	-4	0.0	4	1.3	255
2024/05/13	12:46:00	40.98257	141.69741	12	0.0	5	1.3	251
2024/05/13	12:47:00	40.98284	141.69723	40	0.0	6	1.2	256
2024/05/13	12:48:00	40.98247	141.69738	-4	0.0	3	1.4	196
2024/05/13	12:49:00	40.98234	141.69734	-8	0.0	7	1.0	289
2024/05/13	12:50:00	40.98238	141.69718	-16	0.0	6	1.2	227
2024/05/13	12:51:00	40.98222	141.69708	-8	3.7	6	1.3	257
2024/05/13	12:52:00	40.98222	141.69713	8	0.0	7	1.0	285
2024/05/13	12:53:00	40.98207	141.69710	-8	0.0	5	2.3	258
2024/05/13	12:54:00	40.98194	141.69705	-28	0.0	5	1.4	251
2024/05/13	12:55:01	40.98184	141.69710	-0	0.0	6	1.3	261
2024/05/13	12:56:00	40.98188	141.69687	-0	0.0	5	1.4	230
2024/05/13	12:57:00	40.98171	141.69700	10	0.0	5	1.4	253
2024/05/13	12:58:00	40.98171	141.69696	0	3.7	6	1.3	257
2024/05/13	12:59:00	40.98178	141.70445	26	33.3	5	1.1	291
2024/05/13	13:00:00	40.98138	141.71249	-4	51.9	7	1.0	289
2024/05/13	13:01:00	40.98085	141.71808	36	11.1	7	1.0	292
2024/05/13	13:02:01	40.97812	141.72557	-6	44.4	7	1.0	294
2024/05/13	13:03:00	40.97781	141.72611	28	0.0	6	1.0	254
2024/05/13	13:04:00	40.97783	141.72605	-0	0.0	6	1.3	310
2024/05/13	13:05:00	40.97750	141.72619	0	0.0	6	1.3	286
2024/05/13	13:06:00	40.97738	141.72619	4	0.0	5	1.3	254
2024/05/13	13:07:01	40.97725	141.72616	16	0.0	6	1.3	279
2024/05/13	13:08:01	40.97696	141.72622	-16	3.7	6	1.3	281
2024/05/13	13:09:00	40.97689	141.72637	32	0.0	6	1.3	227
2024/05/13	13:10:01	40.97680	141.72626	6	0.0	6	1.3	259
2024/05/13	13:11:00	40.97663	141.72622	0	0.0	6	1.3	258
2024/05/13	13:12:00	40.97639	141.72630	0	0.0	6	1.3	285
2024/05/13	13:13:00	40.97636	141.72620	-0	3.7	5	1.4	280
2024/05/13	13:14:00	40.97619	141.72634	12	0.0	7	1.0	313
2024/05/13	13:15:00	40.97604	141.72630	-4	0.0	6	1.3	261
2024/05/13	13:16:00	40.97409	141.72907	4	44.4	6	1.0	288
2024/05/13	13:17:01	40.97194	141.73782	8	44.4	6	1.0	341
2024/05/13	13:18:00	40.96773	141.74126	-2	25.9	6	1.1	317
2024/05/13	13:19:00	40.96389	141.74222	8	33.3	4	1.4	281
2024/05/13	13:20:00	40.96064	141.74158	-4	29.6	5	1.1	231
2024/05/13	13:21:00	40.95653	141.74247	26	14.8	6	1.1	313
2024/05/13	13:22:00	40.95348	141.74264	-20	22.2	5	1.3	224
2024/05/13	13:23:00	40.95086	141.74274	-24	11.1	3	2.0	162
2024/05/13	13:24:00	40.94777	141.74239	16	18.5	6	1.0	285
2024/05/13	13:25:00	40.94582	141.74009	4	3.7	6	1.0	317
2024/05/13	13:26:00	40.94426	141.73821	4	11.1	6	1.1	284
2024/05/13	13:27:00	40.94148	141.73686	-2	40.7	6	1.1	284
2024/05/13	13:28:00	40.93805	141.73765	6	25.9	5	1.1	281
2024/05/13	13:29:00	40.93479	141.73669	-10	18.5	5	1.0	310
2024/05/13	13:30:00	40.93293	141.73561	-24	7.4	5	1.1	282
2024/05/13	13:31:00	40.93299	141.73547	-2	3.7	4	1.4	250
2024/05/13	13:32:00	40.93194	141.73422	18	7.4	5	1.1	249
2024/05/13	13:33:00	40.92881	141.73581	14	7.4	3	2.1	282
2024/05/13	13:34:00	40.92937	141.73778	-10	37.0	5	1.2	273
2024/05/13	13:35:00	40.92786	141.74011	6	29.6	4	2.1	189
2024/05/13	13:36:01	40.92516	141.74477	14	48.2	5	1.2	282
2024/05/13	13:37:00	40.92055	141.74784	22	18.5	5	1.1	284
2024/05/13	13:38:01	40.91700	141.74671	16	18.5	7	1.0	298
2024/05/13	13:39:00	40.91666	141.74453	12	25.9	4	1.3	290
2024/05/13	13:40:00	40.91829	141.75324	28	7.4	5	1.3	286
2024/05/13	13:41:01	40.91866	141.75255	4	3.7	5	1.3	335
2024/05/13	13:42:00	40.91886	141.75281	20	7.4	4	2.2	280
2024/05/13	13:43:01	40.91887	141.75228	18	0.0	4	2.2	283
2024/05/13	13:44:01	40.92084	141.75228	-2	3.7	6	1.1	314
2024/05/13	13:45:00	40.92105	141.75145	-2	0.0	5	1.4	275
2024/05/13	13:46:00	40.92088	141.75058	-6	3.7	4	2.3	308
2024/05/13	13:47:00	40.92112	141.74976	2	7.4	4	2.0	217
2024/05/13	13:48:00	40.92105	141.74878	4	7.4	4	2.3	275
2024/05/13	13:49:01	40.92125	141.74791	6	7.4	6	1.1	303
2024/05/13	13:50:01	40.92189	141.74755	2	3.7	5	1.4	344
2024/05/13	13:51:00	40.92246	141.74712	12	3.7	5	1.2	287
2024/05/13	13:52:00	40.92267	141.74490	2	25.9	5	1.0	283
2024/05/13	13:53:00	40.92233	141.74166	0	7.4	7	1.0	317
2024/05/13	13:54:01	40.92106	141.73832	-0	22.2	6	1.1	305
2024/05/13	13:55:00	40.92037	141.73487	10	22.2	6	1.1	337
2024/05/13	13:56:00	40.92012	141.73202	8	14.8	6	1.1	320
2024/05/13	13:57:00	40.92025	141.72877	12	18.5	5	1.3	282
2024/05/13	13:58:00	40.92123	141.72557	-0	11.1	5	1.3	289
2024/05/13	13:59:00	40.92209	141.72316	22	29.6	6	1.1	284
2024/05/13	14:00:01	40.92550	141.72458	8	14.8	6	1.1	306
2024/05/13	14:01:01	40.92777	141.72561	6	3.7	6	1.1	312
2024/05/13	14:02:01	40.92776	141.72516	2	0.0	6	1.1	281
2024/05/13	14:03:00	40.92766	141.72472	22	3.7	5	2.0	303
2024/05/13	14:04:00	40.92783	141.72414	-10	3.7	4	2.2	280
2024/05/13	14:05:01	40.92800	141.72371	2	0.0	6	1.1	302
2024/05/13	14:06:01	40.92783	141.72329	-0	3.7	6	1.1	304
2024/05/13	14:07:00	40.92802	141.72284	8	3.7	5	1.1	278
2024/05/13	14:08:01	40.92813	141.72236	-0	0.0	6	1.1	283
2024/05/13	14:09:01	40.92809	141.72194	18	0.0	6	1.1	281
2024/05/13	14:10:01	40.92821	141.72138	-2	3.7	5	1.2	277
2024/05/13	14:11:00	40.92941	141.72049	12	14.8	5	1.2	306
2024/05/13	14:12:01	40.93214	141.72241	20	37.0	5	1.1	316
2024/05/13	14:13:00	40.93468	141.72561	-0	25.9	4	1.4	275
2024/05/13	14:14:00	40.93856	141.72924	36	29.6	4	1.3	284
2024/05/13	14:15:01	40.94042	141.73013	8	25.9	5	1.2	305
2024/05/13	14:16:00	40.94352	141.73225	18	40.7	5	1.2	322
2024/05/13	14:17:01	40.94570	141.73292	8	0.0	5	1.2	347
2024/05/13	14:18:01	40.94707	141.73251	14	18.5	5	1.2	298
2024/05/13	14:19:01	40.95000	141.73368	4	22.2	5	1.2	337
2024/05/13	14:20:01	40.95363	141.73462	4	22.2	5	1.2	313
2024/05/13	14:21:01	40.95568	141.73286	0	11.1	5	1.2	316
2024/05/13	14:22:00	40.95717	141.73089	16	14.8	4	2.2	353
2024/05/13	14:23:01	40.95695	141.73029	10	0.0	4	2.1	284
2024/05/13	14:24:01	40.95731	141.72942	2	0.0	4	2.1	302
2024/05/13	14:25:01	40.95721	141.72837	2	18.5	5	1.1	309
2024/05/13	14:26:01	40.95574	141.72639	-0	18.5	5	1.1	315
2024/05/13	14:27:01	40.95563	141.72633	14	0.0	4	2.1	210
2024/05/13	14:28:00	40.95545	141.72624	-20	0.0	3	2.3	249
2024/05/13	14:29:00	40.95554	141.72627	14	0.0	4	2.1	254
2024/05/13	14:30:01	40.95546	141.72618	2	0.0	4	2.1	265
2024/05/13	14:31:00	40.95541	141.72602	-22	0.0	3	2.2	220
2024/05/13	14:32:00	40.95534	141.72588	-8	0.0	3	2.2	245
2024/05/13	14:33:01	40.95526	141.72582	4	0.0	4	2.0	272
2024/05/13	14:34:01	40.95511	141.72584	0	0.0	3	2.2	274
2024/05/13	14:35:01	40.95510	141.72565	14	0.0	3	2.2	294
2024/05/13	14:36:01	40.95497	141.72554	8	0.0	4	2.0	270
2024/05/13	14:37:01	40.95491	141.72544	4	0.0	4	2.0	271
2024/05/13	14:38:01	40.95477	141.72541	8	0.0	3	2.1	266
2024/05/13	14:39:01	40.95482	141.72542	4	0.0	3	2.1	273
2024/05/13	14:40:01	40.95475	141.72525	-2	0.0	4	2.0	274
2024/05/13	14:41:02	40.95464	141.72518	-0	0.0	4	1.4	274
2024/05/13	14:42:01	40.95468	141.72511	-6	0.0	3	2.1	266
2024/05/13	14:43:01	40.95458	141.72504	-4	0.0	3	2.1	319
2024/05/13	14:44:01	40.95455	141.72489	-4	0.0	2	2.2	239
2024/05/13	14:45:02	40.95382	141.72438	12	0.0	3	2.0	265
2024/05/13	14:46:02	40.95374	141.72424	-6	0.0	3	2.0	318
2024/05/13	14:47:01	40.95370	141.72420	10	0.0	3	2.0	251
2024/05/13	14:48:05	40.95367	141.72394	-14	0.0	3	3.0	280
2024/05/13	14:49:03	40.95362	141.72387	-22	3.7	3	3.0	284
2024/05/13	14:50:02	40.95350	141.72380	-14	0.0	3	3.0	310
2024/05/13	14:51:04	40.95348	141.72366	-14	0.0	2	2.1	285
2024/05/13	14:52:29	40.95332	141.72362	12	0.0	2	4.4	286
2024/05/13	14:53:02	40.95324	141.72361	20	0.0	2	4.4	283
2024/05/13	14:54:02	40.95339	141.72330	-14	0.0	2	4.4	268
2024/05/13	14:55:02	40.95320	141.72337	24	0.0	2	4.4	287
2024/05/13	14:56:02	40.95322	141.72308	-16	0.0	2	4.4	273
2024/05/13	14:57:02	40.95306	141.72316	34	0.0	2	4.4	291
2024/05/13	14:58:02	40.95280	141.72328	94	0.0	2	4.4	292
2024/05/13	14:59:02	40.95316	141.72248	-68	0.0	2	4.4	288
2024/05/13	15:00:01	40.95267	141.72294	88	0.0	2	5.0	218
2024/05/13	15:01:01	40.95241	141.72311	182	3.7	2	5.0	272
2024/05/13	15:02:01	40.95286	141.72217	-8	3.7	2	5.0	225
2024/05/13	15:03:01	40.95270	141.72236	68	0.0	2	5.0	228
2024/05/13	15:04:02	40.95278	141.72182	-4	0.0	2	5.0	194
2024/05/13	15:05:02	40.95277	141.72159	10	7.4	2	5.0	243
2024/05/13	15:06:01	40.95269	141.72126	-50	0.0	2	5.0	227
2024/05/13	15:07:02	40.95266	141.72138	-0	0.0	2	5.0	273
2024/05/13	15:08:01	40.95241	141.72171	98	0.0	2	5.0	221
2024/05/13	15:09:01	40.95269	141.72096	-48	0.0	2	5.0	248
2024/05/13	15:10:01	40.95239	141.72132	58	0.0	2	5.0	227
2024/05/13	15:11:02	40.95268	141.72064	-36	0.0	2	5.0	252
2024/05/13	15:12:01	40.95254	141.72049	-30	0.0	2	5.0	225
2024/05/13	15:13:01	40.95197	141.72104	66	3.7	2	5.0	247
2024/05/13	15:14:01	40.95226	141.72037	-16	0.0	2	5.0	255
2024/05/13	15:15:01	40.95226	141.72010	-20	0.0	2	5.0	306
2024/05/13	15:16:01	40.95219	141.71990	-32	0.0	2	5.0	223
2024/05/13	15:17:01	40.95174	141.72050	126	0.0	2	5.0	227
2024/05/13	15:18:01	40.95199	141.71977	10	0.0	2	5.0	254
2024/05/13	15:19:01	40.95199	141.71946	-14	0.0	2	5.0	278
2024/05/13	15:20:01	40.95178	141.71949	30	0.0	2	5.0	228
2024/05/13	15:21:01	40.95173	141.71928	18	0.0	2	5.0	253
2024/05/13	15:22:01	40.95184	141.71859	-86	0.0	2	5.0	223
2024/05/13	15:23:01	40.95146	141.71884	4	0.0	2	5.0	274
2024/05/13	15:24:01	40.95138	141.71873	4	0.0	2	5.0	258
2024/05/13	15:25:02	40.95150	141.71831	-26	0.0	2	5.0	244
2024/05/13	15:26:02	40.95143	141.71821	-6	0.0	2	5.0	300
2024/05/13	15:27:01	40.95131	141.71811	10	0.0	2	5.0	219
2024/05/13	15:28:01	40.95108	141.71810	22	3.7	2	5.0	281
2024/05/13	15:29:03	40.95123	141.71778	8	0.0	2	5.0	279
2024/05/13	15:30:01	40.95135	141.71721	-58	3.7	2	5.0	249
2024/05/13	15:31:01	40.95087	141.71769	64	0.0	2	5.0	283
2024/05/13	15:32:01	40.95107	141.71715	14	0.0	2	5.0	291
2024/05/13	15:33:01	40.95112	141.71675	-4	0.0	2	5.0	286
2024/05/13	15:34:01	40.95118	141.71661	-32	0.0	2	5.0	233
2024/05/13	15:35:01	40.95097	141.71634	-18	0.0	2	5.0	287
2024/05/13	15:36:01	40.95079	141.71649	40	3.7	2	5.0	293
2024/05/13	15:37:01	40.95087	141.71586	-44	3.7	2	5.0	259
2024/05/13	15:38:02	40.95070	141.71590	-2	0.0	2	5.0	289
2024/05/13	15:39:01	40.95059	141.71566	-24	0.0	2	5.0	291
2024/05/13	15:40:01	40.95073	141.71523	-32	0.0	2	5.0	260
2024/05/13	15:41:01	40.95037	141.71540	38	0.0	2	5.0	282
2024/05/13	15:42:01	40.95053	141.71506	0	0.0	2	5.0	282
2024/05/13	15:43:01	40.95031	141.71485	-4	0.0	2	5.0	291
2024/05/13	15:44:02	40.95023	141.71475	20	0.0	2	5.0	284
2024/05/13	15:45:01	40.95030	141.71440	20	3.7	2	5.0	257
2024/05/13	15:46:01	40.95001	141.71467	78	14.8	2	5.0	285
2024/05/13	15:47:01	40.95021	141.71399	-24	0.0	2	5.0	290
2024/05/13	15:48:02	40.95009	141.71394	4	0.0	2	5.0	290
2024/05/13	15:49:01	40.95039	141.71337	-46	0.0	2	5.0	287
2024/05/13	15:50:02	40.95008	141.71355	6	0.0	2	5.0	284
2024/05/13	15:51:02	40.95040	141.71219	-10	25.9	2	5.0	290
2024/05/13	15:52:01	40.95265	141.70889	-34	25.9	2	5.0	295
2024/05/13	15:53:02	40.95617	141.70827	28	22.2	2	5.0	263
2024/05/13	15:54:02	40.95975	141.70661	-22	22.2	2	5.0	293
2024/05/13	15:55:02	40.96254	141.70503	-0	18.5	2	5.0	295
2024/05/13	15:56:02	40.96580	141.70495	2	7.4	2	5.0	288
2024/05/13	15:57:02	40.96665	141.70461	40	18.5	2	5.0	290
2024/05/13	15:58:02	40.96786	141.70310	-2	3.7	2	5.1	296
2024/05/13	15:59:02	40.96788	141.70278	14	14.8	2	5.1	305
2024/05/13	16:06:06	40.96938	141.70111	10	0.0	5	1.4	281
2024/05/13	16:07:00	40.96928	141.70096	-8	3.7	4	1.4	221
2024/05/13	16:08:00	40.96925	141.70081	-8	0.0	4	1.4	216
2024/05/13	16:09:00	40.96907	141.70066	30	0.0	4	2.2	257
2024/05/13	16:10:00	40.96903	141.70059	-2	0.0	5	1.4	249
2024/05/13	16:11:00	40.96890	141.70046	34	0.0	4	1.4	228
2024/05/13	16:12:01	40.96879	141.70027	-34	0.0	4	1.4	281
2024/05/13	16:13:01	40.96893	141.69873	-16	18.5	5	1.4	310
2024/05/13	16:14:01	40.97040	141.69598	4	18.5	5	1.4	259
2024/05/13	16:15:01	40.96787	141.69688	-16	37.0	5	1.4	288
2024/05/13	16:16:01	40.96586	141.69782	0	37.0	5	1.4	310
2024/05/13	16:17:01	40.96370	141.69741	-12	7.4	5	1.4	319
2024/05/13	16:18:00	40.96376	141.69704	0	0.0	4	1.4	194
2024/05/13	16:19:01	40.96358	141.69694	-38	0.0	5	1.4	195
2024/05/13	16:20:00	40.96357	141.69686	-28	3.7	5	1.4	198
2024/05/13	16:21:01	40.96351	141.69660	-38	0.0	5	1.4	193
2024/05/13	16:22:01	40.96331	141.69675	14	0.0	4	2.0	217
2024/05/13	16:23:00	40.96333	141.69626	0	0.0	5	1.4	200
2024/05/13	16:24:01	40.96315	141.69637	-26	0.0	4	2.0	196
2024/05/13	16:25:01	40.96322	141.69604	-56	0.0	5	1.4	195
2024/05/13	16:26:00	40.96296	141.69601	-48	0.0	5	1.4	199
2024/05/13	16:27:01	40.96312	141.69536	4	0.0	5	1.4	224
2024/05/13	16:28:01	40.96182	141.69470	-116	18.5	4	2.1	285
2024/05/13	16:29:00	40.96180	141.69397	-112	18.5	4	2.1	230
2024/05/13	16:30:00	40.96121	141.69402	22	11.1	3	2.2	132
2024/05/13	16:31:01	40.96025	141.69242	-94	25.9	4	2.1	227
2024/05/13	16:32:01	40.95976	141.69538	-110	7.4	4	2.0	225
2024/05/13	16:33:02	40.95926	141.69503	-124	0.0	4	2.0	241
2024/05/13	16:34:01	40.95945	141.69457	-136	7.4	4	2.0	292
2024/05/13	16:35:01	40.95659	141.69853	4	22.2	4	2.2	250
2024/05/13	16:36:01	40.95698	141.69820	-36	3.7	3	2.3	279
2024/05/13	16:37:00	40.95665	141.69826	-88	7.4	4	2.0	198
2024/05/13	16:38:01	40.95613	141.69808	2	3.7	3	2.4	229
2024/05/13	16:39:01	40.95634	141.69733	-88	18.5	5	1.3	291
2024/05/13	16:40:01	40.95626	141.69675	-96	18.5	5	1.3	227
2024/05/13	16:41:01	40.95611	141.69654	-82	0.0	5	1.3	263
2024/05/13	16:42:01	40.95605	141.69639	-78	3.7	5	1.3	237
2024/05/13	16:43:00	40.95652	141.69612	-80	0.0	5	1.3	194
2024/05/13	16:44:02	40.95599	141.69615	-84	0.0	5	1.3	246
2024/05/13	16:45:00	40.95623	141.69602	-54	3.7	5	1.3	221
2024/05/13	16:46:00	40.95628	141.69578	-90	0.0	4	2.0	190
2024/05/13	16:47:00	40.95608	141.69577	-36	0.0	5	1.3	226
2024/05/13	16:48:00	40.95631	141.69552	-148	0.0	4	1.4	222
2024/05/13	16:49:01	40.95619	141.69519	-120	0.0	5	1.3	216
2024/05/13	16:50:00	40.95633	141.69479	-62	3.7	4	1.4	250
2024/05/13	16:51:00	40.95636	141.69486	-122	0.0	4	1.4	226
2024/05/13	16:52:00	40.95621	141.69464	-46	0.0	4	1.4	248
2024/05/13	16:53:00	40.95642	141.69418	-94	0.0	4	1.4	219
2024/05/13	16:54:00	40.95632	141.69421	-120	3.7	5	1.3	220
2024/05/13	16:55:01	40.95619	141.69380	-48	0.0	4	1.4	251
2024/05/13	16:56:01	40.95531	141.69476	-28	3.7	4	3.4	250
2024/05/13	16:57:01	40.95619	141.69348	-74	0.0	4	1.4	224
2024/05/13	16:58:01	40.95613	141.69326	-92	0.0	4	1.4	222
2024/05/13	16:59:01	40.95647	141.69266	-180	0.0	3	2.0	161
2024/05/13	17:00:01	40.95574	141.69303	-26	0.0	4	1.4	223
2024/05/13	17:01:01	40.95603	141.69255	-102	0.0	4	1.4	223
2024/05/13	17:02:01	40.95644	141.69183	-170	3.7	3	2.0	193
2024/05/13	17:03:01	40.95568	141.69199	-78	0.0	4	1.4	215
2024/05/13	17:04:01	40.95581	141.69173	-86	0.0	4	1.4	224
2024/05/13	17:05:00	40.95579	141.69144	-120	0.0	4	1.4	222
2024/05/13	17:06:00	40.95594	141.69105	-150	0.0	3	2.0	193
2024/05/13	17:07:00	40.95500	141.69129	-164	0.0	4	2.4	193
2024/05/13	17:08:00	40.95527	141.69114	-58	0.0	4	1.4	218
2024/05/13	17:09:00	40.95553	141.69058	-74	0.0	4	1.4	224
2024/05/13	17:10:01	40.95495	141.69082	-94	0.0	5	1.3	225
2024/05/13	17:11:00	40.95515	141.69027	-62	0.0	4	1.4	228
2024/05/13	17:12:00	40.95540	141.68976	-86	3.7	4	1.4	227
2024/05/13	17:13:01	40.95459	141.68971	-146	3.7	4	2.3	215
2024/05/13	17:14:00	40.95516	141.68904	-94	0.0	4	1.4	194
2024/05/13	17:15:00	40.95533	141.68880	-98	3.7	4	1.4	221
2024/05/13	17:16:01	40.95346	141.69061	-0	0.0	3	9.4	169
2024/05/13	17:17:00	40.95395	141.68859	-198	0.0	4	2.2	224
2024/05/13	17:18:00	40.95474	141.68818	-60	0.0	4	1.4	250
2024/05/13	17:19:00	40.95479	141.68786	-72	0.0	4	1.4	246
2024/05/13	17:20:01	40.95477	141.68748	-54	3.7	4	1.4	244
2024/05/13	17:21:00	40.95493	141.68698	-76	0.0	4	1.4	221
2024/05/13	17:22:01	40.95475	141.68675	-54	0.0	4	1.4	247
2024/05/13	17:23:00	40.95481	141.68618	-88	3.7	4	1.4	222
2024/05/13	17:24:01	40.95444	141.68636	-74	0.0	4	1.4	223
2024/05/13	17:25:00	40.95428	141.68604	-58	0.0	4	1.4	221
2024/05/13	17:26:00	40.95455	141.68543	-90	0.0	4	1.4	224
2024/05/13	17:27:00	40.95439	141.68525	-46	3.7	4	1.4	224
2024/05/13	17:28:00	40.95409	141.68378	-96	25.9	3	2.0	254
2024/05/13	17:29:01	40.95373	141.68323	-144	7.4	5	1.3	240
2024/05/13	17:30:01	40.95570	141.68131	-106	18.5	5	1.3	260
2024/05/13	17:31:01	40.95807	141.67917	-52	14.8	4	1.4	251
2024/05/13	17:32:01	40.95718	141.67757	-54	0.0	4	1.4	236
2024/05/13	17:33:00	40.95586	141.67454	-56	33.3	4	1.4	220
2024/05/13	17:34:00	40.95258	141.67128	-70	25.9	4	1.4	242
2024/05/13	17:35:00	40.95133	141.67014	-42	0.0	4	1.4	226
2024/05/13	17:36:00	40.95065	141.66768	-58	29.6	4	1.4	240
2024/05/13	17:37:01	40.94651	141.66426	-42	33.3	4	1.4	272
2024/05/13	17:38:01	40.94496	141.66211	-24	0.0	3	3.3	229
2024/05/13	17:39:01	40.94486	141.66181	-32	0.0	4	1.4	256
2024/05/13	17:40:01	40.94486	141.66144	-42	0.0	4	2.0	237
2024/05/13	17:41:01	40.94481	141.66103	-64	0.0	3	3.2	264
2024/05/13	17:42:01	40.94489	141.66079	-38	0.0	4	2.0	242
2024/05/13	17:43:00	40.94486	141.66058	-16	0.0	4	2.0	215
2024/05/13	17:44:01	40.94495	141.66008	-34	0.0	4	2.0	264
2024/05/13	17:45:01	40.94492	141.65971	-40	0.0	4	2.0	223
2024/05/13	17:46:01	40.94485	141.65946	-36	0.0	4	2.0	248
2024/05/13	17:47:00	40.94498	141.65892	-26	0.0	4	2.0	249
2024/05/13	17:48:02	40.94485	141.65880	-42	0.0	4	2.0	250
2024/05/13	17:49:01	40.94479	141.65865	-26	0.0	4	2.0	251
2024/05/13	17:50:02	40.94481	141.65817	-44	0.0	4	2.0	282
2024/05/13	17:51:01	40.94481	141.65750	-84	0.0	3	3.0	245
2024/05/13	17:52:00	40.94298	141.65612	-16	29.6	3	2.1	252
2024/05/13	17:53:01	40.93939	141.65289	-10	29.6	4	2.0	230
2024/05/13	17:54:01	40.93550	141.64966	-14	29.6	4	2.0	195
2024/05/13	17:55:01	40.93247	141.64616	-8	25.9	4	2.0	285
2024/05/13	17:56:01	40.92933	141.64209	-18	29.6	4	2.0	278
2024/05/13	17:57:00	40.92559	141.63910	4	25.9	4	2.0	253
2024/05/13	17:58:00	40.92166	141.63569	-24	29.6	4	2.0	250
2024/05/13	17:59:00	40.91749	141.63202	26	29.6	3	2.1	248
2024/05/13	18:00:00	40.91411	141.62864	8	29.6	4	2.0	263
2024/05/13	18:01:01	40.91093	141.62476	-110	0.0	3	3.0	259
2024/05/13	18:02:01	40.91092	141.62492	-86	0.0	3	3.0	252
2024/05/13	18:03:01	40.91109	141.62440	-128	0.0	3	3.0	247
2024/05/13	18:04:01	40.91123	141.62465	-22	0.0	3	3.0	247
2024/05/13	18:05:01	40.91114	141.62421	-102	0.0	3	3.0	281
2024/05/13	18:06:01	40.91129	141.62437	-48	0.0	3	3.0	244
2024/05/13	18:07:02	40.91128	141.62388	-106	0.0	3	3.1	241
2024/05/13	18:08:04	40.91134	141.62351	-114	0.0	3	3.1	278
2024/05/13	18:09:01	40.91110	141.62285	-112	29.6	3	3.1	263
2024/05/13	18:10:02	40.90717	141.61982	-90	25.9	3	3.1	252
2024/05/13	18:11:01	40.90290	141.61695	-124	33.3	3	3.1	250
2024/05/13	18:12:02	40.89870	141.61404	-118	29.6	3	3.2	285
2024/05/13	18:13:02	40.89444	141.61161	-98	25.9	3	3.2	260
2024/05/13	18:14:01	40.89019	141.60890	-104	25.9	3	3.2	225
2024/05/13	18:15:02	40.88621	141.60535	-110	29.6	3	3.2	253
2024/05/13	18:16:02	40.88217	141.60171	-146	29.6	3	3.3	263
2024/05/13	18:17:02	40.87797	141.59889	-118	29.6	3	3.3	286
2024/05/13	18:18:01	40.87370	141.59630	-142	25.9	3	3.3	227
2024/05/13	18:19:01	40.86947	141.59404	-124	29.6	3	3.3	214
2024/05/13	18:20:01	40.86522	141.59184	-156	29.6	3	3.4	222
2024/05/13	18:21:01	40.86095	141.59027	-104	29.6	3	3.4	218
2024/05/13	18:22:01	40.85695	141.58808	-126	25.9	3	3.4	252
2024/05/13	18:23:01	40.85309	141.58451	-114	29.6	3	4.0	192
2024/05/13	18:24:02	40.84894	141.58181	-80	33.3	3	4.0	286
2024/05/13	18:25:01	40.84508	141.57837	-98	25.9	3	4.0	248
2024/05/13	18:26:02	40.84068	141.57565	-110	33.3	3	4.1	290
2024/05/13	18:27:02	40.83635	141.57278	-110	29.6	3	4.1	286
2024/05/13	18:28:02	40.83206	141.56955	-136	29.6	3	4.1	290
2024/05/13	18:29:02	40.82795	141.56647	-108	37.0	3	4.2	289
2024/05/13	18:30:03	40.82393	141.56210	-100	33.3	3	4.2	290
2024/05/13	18:31:03	40.81987	141.55748	-94	33.3	3	4.2	251
2024/05/13	18:32:01	40.81528	141.55366	-124	37.0	3	4.3	255
2024/05/13	18:33:04	40.81048	141.55024	-114	33.3	3	4.3	293
2024/05/13	18:34:03	40.80587	141.54791	-128	29.6	3	4.4	257
2024/05/13	18:35:03	40.80128	141.54566	-148	37.0	3	4.4	286
2024/05/13	18:36:03	40.79652	141.54366	-144	33.3	3	5.0	290
2024/05/13	18:37:02	40.79260	141.54034	-122	33.3	3	5.0	297
2024/05/13	18:38:03	40.78817	141.53688	-94	37.0	3	5.1	291
2024/05/13	18:39:02	40.78318	141.53397	-114	33.3	3	5.1	291
2024/05/13	18:40:02	40.77799	141.53084	-148	37.0	3	5.1	298
2024/05/13	18:41:04	40.77238	141.52936	-108	33.3	3	5.2	285
2024/05/13	18:42:02	40.76721	141.52813	-102	29.6	3	5.2	277
2024/05/13	18:43:02	40.76188	141.52585	-104	37.0	3	5.3	294
2024/05/13	18:44:35	40.75179	141.52996	14	29.6	4	1.3	304
2024/05/13	18:45:00	40.75024	141.52860	34	33.3	4	1.3	314
2024/05/13	18:46:00	40.74578	141.52622	14	29.6	3	1.4	281
2024/05/13	18:47:00	40.74129	141.52456	36	25.9	4	1.3	285
2024/05/13	18:48:01	40.73647	141.52437	18	33.3	4	1.3	317
2024/05/13	18:49:00	40.73197	141.52346	-122	29.6	3	2.4	284
2024/05/13	18:50:00	40.72706	141.52184	8	29.6	3	1.4	280
2024/05/13	18:51:00	40.72238	141.52011	30	25.9	3	2.4	311
2024/05/13	18:52:00	40.71744	141.51907	-0	33.3	3	2.4	288
2024/05/13	18:53:01	40.71248	141.51860	10	33.3	4	1.3	309
2024/05/13	18:54:00	40.70758	141.51840	46	33.3	4	1.3	322
2024/05/13	18:55:00	40.70260	141.51811	-2	29.6	4	1.3	292
2024/05/13	18:56:00	40.69789	141.51748	-58	33.3	3	2.4	192
2024/05/13	18:57:01	40.69287	141.51753	2	29.6	4	1.3	327
2024/05/13	18:58:00	40.68799	141.51770	34	33.3	4	1.3	283
2024/05/13	18:59:00	40.68290	141.51792	-2	33.3	4	1.3	293
2024/05/13	19:00:01	40.67759	141.51898	6	33.3	4	1.3	287
2024/05/13	19:01:00	40.67242	141.51974	-16	33.3	4	1.3	284
2024/05/13	19:02:00	40.66701	141.52067	2	33.3	4	1.3	290
2024/05/13	19:03:00	40.66181	141.52174	12	33.3	4	1.3	326
2024/05/13	19:04:00	40.65662	141.52286	-14	33.3	3	2.4	322
2024/05/13	19:05:00	40.65107	141.52343	-10	33.3	4	1.3	293
2024/05/13	19:06:01	40.64555	141.52421	18	33.3	4	1.3	323
2024/05/13	19:07:00	40.64045	141.52487	-34	37.0	4	1.3	330
2024/05/13	19:08:00	40.63529	141.52556	48	29.6	3	2.4	253
2024/05/13	19:09:00	40.63045	141.52674	-28	22.2	3	2.4	318
2024/05/13	19:10:00	40.62499	141.52784	50	33.3	3	2.4	326
2024/05/13	19:11:01	40.61971	141.52931	10	37.0	4	1.3	322
2024/05/13	19:12:00	40.61436	141.53027	8	37.0	4	1.3	284
2024/05/13	19:13:00	40.60897	141.53248	-48	33.3	3	2.4	280
2024/05/13	19:14:00	40.60305	141.53408	14	40.7	3	2.3	316
2024/05/13	19:15:01	40.59723	141.53566	-0	33.3	4	1.3	294
2024/05/13	19:16:00	40.59181	141.53702	26	33.3	3	2.3	293
2024/05/13	19:17:00	40.58680	141.53913	-10	44.4	3	2.3	262
2024/05/13	19:18:00	40.58102	141.54163	40	37.0	3	2.3	290
2024/05/13	19:19:00	40.57558	141.54360	24	33.3	3	1.4	292
2024/05/13	19:20:00	40.57045	141.54513	4	40.7	4	1.3	286
2024/05/13	19:21:01	40.56475	141.54712	2	29.6	3	2.3	290
2024/05/13	19:22:01	40.55917	141.54943	-2	40.7	4	1.3	290
2024/05/13	19:23:01	40.55394	141.55130	-24	37.0	3	2.2	349
2024/05/13	19:24:00	40.54871	141.55520	-60	40.7	3	2.2	259
2024/05/13	19:25:02	40.54476	141.56042	16	29.6	4	1.4	290
2024/05/13	19:26:00	40.54047	141.55886	12	29.6	3	2.2	285
2024/05/13	19:27:00	40.53937	141.55808	14	0.0	3	2.2	301
2024/05/13	19:28:00	40.53927	141.55805	2	0.0	3	2.2	328
2024/05/13	19:29:00	40.53933	141.55795	32	0.0	3	2.2	287
2024/05/13	19:30:00	40.53951	141.55793	-20	0.0	3	2.2	260
2024/05/13	19:31:01	40.53941	141.55801	2	0.0	3	2.1	232
2024/05/13	19:32:01	40.53932	141.55793	6	0.0	3	2.1	255
2024/05/13	19:33:01	40.53934	141.55796	26	0.0	3	2.1	190
2024/05/13	19:34:01	40.53954	141.55775	-12	0.0	3	2.1	285
2024/05/13	19:35:01	40.53938	141.55784	-2	0.0	3	2.1	254
2024/05/13	19:36:01	40.53927	141.55792	10	0.0	3	2.1	232
2024/05/13	19:37:01	40.53924	141.55817	64	0.0	3	2.1	264
2024/05/13	19:38:01	40.53961	141.55793	-36	0.0	3	2.1	265
2024/05/13	19:39:01	40.53926	141.55797	24	0.0	3	2.1	286
2024/05/13	19:40:01	40.53946	141.55796	-14	0.0	3	2.1	257
2024/05/13	19:41:01	40.53942	141.55797	8	0.0	3	2.1	258
2024/05/13	19:42:01	40.53938	141.55801	8	0.0	3	2.1	291
2024/05/13	19:43:01	40.53933	141.55800	32	0.0	3	2.0	257
2024/05/13	19:44:01	40.53932	141.55798	8	0.0	3	2.0	289
2024/05/13	19:45:00	40.53938	141.55795	30	0.0	3	2.0	215
2024/05/13	19:46:01	40.53922	141.55803	58	0.0	3	2.0	319
2024/05/13	19:47:01	40.53943	141.55795	-6	0.0	3	2.0	257
2024/05/13	19:48:01	40.53927	141.55819	44	0.0	3	2.0	314
2024/05/13	19:49:02	40.53945	141.55795	-10	0.0	3	2.0	293
2024/05/13	19:50:00	40.53966	141.55799	-46	0.0	3	2.0	245
2024/05/13	19:51:01	40.53937	141.55794	28	0.0	3	2.0	291
2024/05/13	19:52:01	40.53920	141.55812	34	0.0	3	2.0	233
2024/05/13	19:53:01	40.53931	141.55801	18	0.0	3	2.0	321
2024/05/13	19:54:01	40.53937	141.55792	12	0.0	3	2.0	229
2024/05/13	19:55:01	40.53941	141.55789	6	0.0	3	2.0	320
2024/05/13	19:56:01	40.53940	141.55798	0	0.0	3	2.0	295
2024/05/13	19:57:01	40.53937	141.55789	24	0.0	3	2.0	292
2024/05/13	19:58:00	40.53929	141.55816	46	0.0	3	2.0	259
2024/05/13	19:59:01	40.53931	141.55818	22	0.0	3	2.0	280
2024/05/13	20:00:01	40.53939	141.55810	-2	0.0	3	2.0	292
2024/05/13	20:01:02	40.53940	141.55794	0	0.0	3	2.0	287
2024/05/13	20:02:03	40.53935	141.55798	8	0.0	3	2.0	285
2024/05/13	20:03:01	40.53932	141.55799	18	0.0	3	2.0	290
2024/05/13	20:04:01	40.53938	141.55800	12	0.0	3	2.0	290
2024/05/13	20:05:03	40.53935	141.55801	14	0.0	3	2.0	313
2024/05/13	20:06:01	40.53942	141.55793	0	0.0	3	2.0	289
2024/05/13	20:07:01	40.53939	141.55799	8	0.0	3	2.0	293
2024/05/13	20:08:01	40.53939	141.55793	2	0.0	3	2.0	294
2024/05/13	20:09:00	40.53931	141.55830	32	0.0	3	2.0	324
2024/05/13	20:10:01	40.53930	141.55798	24	0.0	3	2.0	323
2024/05/13	20:11:01	40.53933	141.55784	-2	0.0	3	2.0	319
2024/05/13	20:12:02	40.53926	141.55796	28	0.0	3	2.0	323
2024/05/13	20:13:01	40.53932	141.55798	14	0.0	3	2.0	323
2024/05/13	20:14:01	40.53935	141.55809	18	0.0	3	2.0	328
2024/05/13	20:15:02	40.53937	141.55790	16	0.0	3	2.0	322
2024/05/13	20:16:03	40.53938	141.55797	16	0.0	2	2.1	317
2024/05/13	20:17:29	40.53934	141.55799	16	0.0	2	2.1	314
2024/05/13	20:18:01	40.53941	141.55785	-16	0.0	2	2.1	316
2024/05/13	20:19:02	40.53928	141.55794	24	0.0	2	2.1	314
2024/05/13	20:20:01	40.53934	141.55792	4	0.0	2	2.1	286
2024/05/13	20:21:01	40.53945	141.55789	-16	0.0	1	4.1	287
2024/05/13	20:22:01	40.53955	141.55807	-34	0.0	1	4.1	285
2024/05/13	20:23:01	40.53939	141.55799	12	0.0	1	4.1	287
2024/05/13	20:24:01	40.53941	141.55794	-2	0.0	1	4.1	285
2024/05/13	20:25:01	40.53945	141.55797	-10	3.7	1	4.1	287
2024/05/13	20:26:01	40.53930	141.55796	26	0.0	1	4.0	259
2024/05/13	20:27:01	40.53926	141.55789	22	0.0	1	4.0	235
2024/05/13	20:28:01	40.53929	141.55792	20	0.0	1	4.0	235
2024/05/13	20:29:02	40.53941	141.55795	-12	0.0	1	4.0	284
2024/05/13	20:30:02	40.53942	141.55806	2	0.0	1	4.0	288
2024/05/13	20:31:02	40.53927	141.55791	30	0.0	1	4.0	269
2024/05/13	20:32:01	40.53941	141.55816	26	0.0	1	4.0	269
2024/05/13	20:33:02	40.53920	141.55790	40	0.0	1	4.0	268
2024/05/13	20:34:01	40.53935	141.55789	0	0.0	1	4.0	261
2024/05/13	20:35:01	40.53931	141.55790	16	0.0	1	4.0	185
2024/05/13	20:36:01	40.53923	141.55792	30	0.0	1	4.0	269
2024/05/13	20:37:01	40.53949	141.55792	-10	0.0	1	4.0	238
2024/05/13	20:38:02	40.53952	141.55788	-38	0.0	1	4.0	274
2024/05/13	20:39:01	40.53949	141.55795	-16	0.0	1	4.0	273
2024/05/13	20:40:02	40.53934	141.55799	16	0.0	1	4.1	274
2024/05/13	20:41:01	40.53941	141.55791	6	0.0	1	4.1	273
2024/05/13	20:42:01	40.53912	141.55799	64	0.0	1	4.1	273
2024/05/13	20:43:01	40.53910	141.55788	62	0.0	1	4.1	267
2024/05/13	20:44:02	40.53940	141.55784	-4	0.0	1	4.1	273
2024/05/13	20:45:01	40.53921	141.55788	42	0.0	1	4.1	271
2024/05/13	20:46:02	40.53939	141.55793	10	0.0	1	4.1	273
2024/05/13	20:47:01	40.53939	141.55805	12	0.0	1	4.2	275
2024/05/13	20:48:01	40.53923	141.55808	64	0.0	1	4.2	271
2024/05/13	20:49:02	40.53939	141.55776	-12	0.0	1	4.2	273
2024/05/13	20:50:02	40.53935	141.55791	6	0.0	1	4.3	270
2024/05/13	20:51:01	40.53914	141.55806	64	0.0	1	4.3	240
2024/05/13	20:52:02	40.53959	141.55801	-26	0.0	1	4.4	263
2024/05/13	20:53:01	40.53952	141.55798	-14	0.0	1	4.4	267
2024/05/13	20:54:01	40.53932	141.55806	14	0.0	1	5.0	281
2024/05/13	20:55:03	40.53945	141.55796	-4	0.0	1	5.0	247
2024/05/13	20:56:01	40.53930	141.55788	36	0.0	1	5.1	263
2024/05/13	20:57:02	40.53943	141.55784	-10	0.0	1	5.2	231
2024/05/13	20:58:02	40.53926	141.55791	36	0.0	1	5.3	264
2024/05/13	20:59:02	40.53943	141.55792	-8	0.0	1	5.3	262
2024/05/13	21:00:01	40.53924	141.55808	50	0.0	1	5.4	260
2024/05/13	21:01:01	40.53935	141.55810	26	0.0	1	6.1	260
2024/05/13	21:02:02	40.53924	141.55807	44	0.0	1	6.2	287
2024/05/13	21:03:02	40.53945	141.55780	-8	0.0	1	6.4	261
2024/05/13	21:04:01	40.53956	141.55757	-58	0.0	1	7.0	263
2024/05/13	21:05:02	40.53958	141.55773	-46	0.0	1	7.2	267
2024/05/13	21:06:02	40.53924	141.55806	48	0.0	1	7.4	264
2024/05/13	21:07:01	40.53955	141.55752	-56	3.7	1	8.2	261
2024/05/13	21:08:02	40.53940	141.55792	4	0.0	1	9.0	294
2024/05/13	21:09:02	40.53939	141.55787	0	0.0	1	9.3	295
2024/05/13	21:10:02	40.53941	141.55790	-0	0.0	1	10.2	293
2024/05/13	21:11:02	40.53940	141.55797	6	3.7	1	11.2	295
2024/05/13	21:12:02	40.53963	141.55753	-68	0.0	1	12.2	293
2024/05/13	21:13:02	40.53971	141.55758	-78	0.0	1	13.4	294
2024/05/13	21:14:29	40.53933	141.55798	20	0.0	2	2.4	294
2024/05/13	21:15:01	40.53934	141.55796	16	0.0	2	2.4	298
2024/05/13	21:16:01	40.53925	141.55800	38	0.0	2	2.4	293
2024/05/13	21:17:01	40.53935	141.55788	2	0.0	2	2.4	264
2024/05/13	21:18:01	40.53929	141.55793	16	0.0	2	2.4	265
2024/05/13	21:19:01	40.53927	141.55808	52	0.0	2	2.4	230
2024/05/13	21:20:01	40.53935	141.55802	20	0.0	2	2.4	290
2024/05/13	21:21:01	40.53944	141.55797	2	0.0	2	2.4	291
2024/05/13	21:22:01	40.53928	141.55788	22	0.0	2	2.4	288
2024/05/13	21:23:01	40.53934	141.55804	24	0.0	2	2.4	266
2024/05/13	21:24:01	40.53935	141.55797	20	0.0	2	2.4	254
2024/05/13	21:25:01	40.53927	141.55801	32	0.0	2	2.4	289
2024/05/13	21:26:01	40.53935	141.55791	12	0.0	2	2.4	289
2024/05/13	21:27:01	40.53940	141.55795	0	0.0	2	2.4	279
2024/05/13	21:28:01	40.53942	141.55795	0	0.0	2	2.4	289
2024/05/13	21:29:01	40.53929	141.55791	30	0.0	2	2.4	290
2024/05/13	21:30:02	40.53920	141.55804	48	0.0	2	2.4	300
2024/05/13	21:31:01	40.53937	141.55808	34	0.0	1	3.0	285
2024/05/13	21:32:01	40.53935	141.55808	28	0.0	2	2.4	297
2024/05/13	21:33:01	40.53929	141.55799	32	0.0	2	2.4	225
2024/05/13	21:34:01	40.53931	141.55793	18	0.0	2	2.4	297
2024/05/13	21:35:01	40.53931	141.55807	30	0.0	2	2.4	228
2024/05/13	21:36:01	40.53932	141.55799	30	0.0	2	2.4	265
2024/05/13	21:37:01	40.53935	141.55792	22	0.0	2	2.4	294
2024/05/13	21:38:01	40.53941	141.55788	4	0.0	2	2.4	295
2024/05/13	21:39:02	40.53930	141.55798	30	0.0	2	2.4	291
2024/05/13	21:40:01	40.53936	141.55799	24	0.0	1	3.1	294
2024/05/13	21:41:01	40.53930	141.55802	46	0.0	2	3.0	295
2024/05/13	21:42:01	40.53947	141.55799	-6	0.0	2	3.0	295
2024/05/13	21:43:01	40.53937	141.55800	14	0.0	1	3.2	293
2024/05/13	21:44:01	40.53939	141.55803	22	0.0	2	3.0	292
2024/05/13	21:45:01	40.53939	141.55786	2	0.0	1	3.2	287
2024/05/13	21:46:01	40.53923	141.55800	38	0.0	2	3.0	291
2024/05/13	21:47:01	40.53929	141.55787	0	0.0	2	3.0	291
2024/05/13	21:48:01	40.53930	141.55794	16	0.0	2	3.0	291
2024/05/13	21:49:01	40.53930	141.55796	30	0.0	2	3.0	293
2024/05/13	21:50:01	40.53938	141.55792	12	0.0	1	3.3	292
2024/05/13	21:51:01	40.53962	141.55768	-68	0.0	2	3.0	293
2024/05/13	21:52:02	40.53935	141.55800	20	0.0	2	3.0	297
2024/05/13	21:53:01	40.53932	141.55789	24	0.0	1	3.4	308
2024/05/13	21:54:01	40.53935	141.55814	22	0.0	2	3.0	291
2024/05/13	21:55:02	40.53941	141.55783	6	0.0	2	3.0	293
2024/05/13	21:56:02	40.53941	141.55790	-4	0.0	2	3.0	291
2024/05/13	21:57:02	40.53938	141.55797	6	0.0	2	3.0	290
2024/05/13	21:58:01	40.53934	141.55796	10	0.0	2	3.0	294
2024/05/13	21:59:01	40.53946	141.55793	-14	0.0	2	3.0	291
2024/05/13	22:00:28	40.53935	141.55798	14	0.0	3	3.4	250
2024/05/13	22:01:01	40.53925	141.55800	36	0.0	3	4.0	260
2024/05/13	22:02:02	40.53939	141.55797	10	0.0	3	4.0	275
2024/05/13	22:03:01	40.53938	141.55796	-6	0.0	3	4.0	259
2024/05/13	22:04:01	40.53961	141.55800	0	0.0	3	4.1	253
2024/05/13	22:05:02	40.53931	141.55802	14	0.0	3	4.1	275
2024/05/13	22:06:02	40.53934	141.55799	12	0.0	3	4.1	280
2024/05/13	22:07:04	40.53936	141.55801	10	0.0	3	4.2	272
2024/05/13	22:08:01	40.53941	141.55798	4	0.0	3	4.2	197
2024/05/13	22:09:01	40.53928	141.55809	-0	0.0	3	4.3	274
2024/05/13	22:10:02	40.53922	141.55805	16	0.0	3	4.3	254
2024/05/13	22:11:01	40.53966	141.55789	-32	0.0	3	4.4	247
2024/05/13	22:12:01	40.53956	141.55793	-0	0.0	3	4.4	246
2024/05/13	22:13:02	40.53946	141.55794	-8	0.0	3	5.0	282
2024/05/13	22:14:02	40.53947	141.55796	-4	0.0	3	5.0	283
2024/05/13	22:15:02	40.53949	141.55795	-0	0.0	3	5.1	282
2024/05/13	22:16:01	40.53942	141.55799	-0	0.0	3	5.2	259
2024/05/13	22:17:02	40.53939	141.55801	10	0.0	3	5.2	244
2024/05/13	22:18:02	40.53938	141.55796	16	0.0	3	5.3	260
2024/05/13	22:19:02	40.53957	141.55793	-2	0.0	3	5.4	283
2024/05/13	22:20:03	40.53948	141.55800	-2	0.0	3	6.0	284
2024/05/13	22:21:02	40.53943	141.55798	2	0.0	3	6.1	281
2024/05/13	22:22:02	40.53949	141.55798	4	0.0	3	6.2	243
2024/05/13	22:23:02	40.53925	141.55804	26	0.0	3	6.3	281
2024/05/13	22:24:02	40.53913	141.55803	24	0.0	3	6.4	263
2024/05/13	22:25:02	40.53941	141.55797	6	0.0	3	7.1	262
2024/05/13	22:26:01	40.53958	141.55797	-32	3.7	3	7.2	194
2024/05/13	22:27:02	40.53964	141.55796	-18	0.0	3	7.4	261
2024/05/13	22:28:02	40.53933	141.55799	10	0.0	3	8.1	262
2024/05/13	22:29:02	40.53930	141.55800	8	0.0	3	8.3	281
2024/05/13	22:30:02	40.53895	141.55807	60	0.0	3	9.0	265
2024/05/13	22:31:02	40.53953	141.55795	-6	0.0	3	9.2	224
2024/05/13	22:32:02	40.53914	141.55800	26	0.0	3	10.0	295
2024/05/13	22:33:02	40.53932	141.55797	14	0.0	3	10.3	229
2024/05/13	22:34:02	40.53881	141.55813	78	0.0	3	11.1	252
2024/05/13	22:35:02	40.53899	141.55808	54	0.0	3	12.0	299
2024/05/13	22:36:02	40.54043	141.55779	-118	0.0	3	13.0	263
2024/05/13	22:37:02	40.53968	141.55796	-26	0.0	3	14.0	286
2024/05/13	22:38:02	40.54005	141.55785	-90	0.0	3	15.2	253
2024/05/13	22:39:02	40.53884	141.55811	76	0.0	3	16.4	265
2024/05/13	22:40:35	40.53934	141.55798	10	0.0	6	1.0	301
2024/05/13	22:41:00	40.53933	141.55789	10	0.0	4	1.4	260
2024/05/13	22:42:00	40.53931	141.55792	16	0.0	6	1.0	272
2024/05/13	22:43:00	40.53931	141.55801	14	0.0	3	2.1	197
2024/05/13	22:44:00	40.53930	141.55795	16	0.0	5	1.3	281
2024/05/13	22:45:00	40.53946	141.55793	8	0.0	5	1.3	286
2024/05/13	22:46:00	40.53902	141.55814	60	0.0	4	1.4	259
2024/05/13	22:47:01	40.53941	141.55797	16	0.0	5	1.3	289
2024/05/13	22:48:01	40.53933	141.55799	20	0.0	5	1.3	288
2024/05/13	22:49:01	40.53921	141.55798	32	0.0	4	2.1	256
2024/05/13	22:50:01	40.53921	141.55796	32	0.0	5	1.3	276
2024/05/13	22:51:01	40.53952	141.55801	-6	0.0	3	2.1	219
2024/05/13	22:52:01	40.53931	141.55805	18	0.0	5	1.1	259
2024/05/13	22:53:01	40.53934	141.55800	8	0.0	3	2.1	196
2024/05/13	22:54:01	40.53930	141.55800	18	0.0	5	2.4	288
2024/05/13	22:55:01	40.53937	141.55796	4	0.0	4	2.1	230
2024/05/13	22:56:01	40.53927	141.55803	44	0.0	4	2.1	280
2024/05/13	22:57:01	40.53935	141.55802	8	0.0	4	2.0	256
2024/05/13	22:58:01	40.53942	141.55787	-14	0.0	4	2.0	281
2024/05/13	22:59:01	40.53931	141.55796	18	0.0	3	2.1	226
2024/05/13	23:00:01	40.53931	141.55808	30	0.0	4	2.0	299
2024/05/13	23:01:00	40.53936	141.55781	18	0.0	3	2.1	252
2024/05/13	23:02:00	40.53922	141.55799	36	0.0	4	2.0	253
2024/05/13	23:03:00	40.53936	141.55795	20	0.0	3	2.1	252
2024/05/13	23:04:00	40.53953	141.55776	-48	3.7	3	2.1	253
2024/05/13	23:05:00	40.53911	141.55823	38	0.0	3	2.1	255
2024/05/13	23:06:01	40.53934	141.55799	18	0.0	4	2.0	249
2024/05/13	23:07:01	40.53930	141.55792	0	0.0	3	2.1	245
2024/05/13	23:08:01	40.53957	141.55797	-22	0.0	3	2.1	277
2024/05/13	23:09:01	40.53933	141.55795	16	0.0	3	1.3	207
2024/05/13	23:10:01	40.53930	141.55795	16	0.0	3	2.1	220
2024/05/13	23:11:01	40.53940	141.55797	-14	0.0	4	1.2	247
2024/05/13	23:12:01	40.53940	141.55798	24	0.0	4	1.2	245
2024/05/13	23:13:01	40.53940	141.55805	26	0.0	3	1.4	221
2024/05/13	23:14:01	40.53937	141.55797	10	0.0	4	1.2	281
2024/05/13	23:15:01	40.53943	141.55796	2	0.0	3	2.1	277
2024/05/13	23:16:01	40.53937	141.55794	-4	0.0	4	1.3	306
2024/05/13	23:17:00	40.53936	141.55803	-2	0.0	4	1.3	309
2024/05/13	23:18:00	40.53935	141.55787	12	0.0	4	1.3	306
2024/05/13	23:19:00	40.53941	141.55797	0	0.0	4	1.3	284
2024/05/13	23:20:00	40.53952	141.55803	12	3.7	3	2.1	253
2024/05/13	23:21:00	40.53924	141.55792	14	0.0	4	1.3	286
2024/05/13	23:22:01	40.53959	141.55790	34	0.0	3	1.4	219
2024/05/13	23:23:01	40.53931	141.55800	12	0.0	4	1.3	214
2024/05/13	23:24:01	40.53946	141.55807	28	0.0	4	1.3	289
2024/05/13	23:25:01	40.53937	141.55788	-6	0.0	4	1.3	254
2024/05/13	23:26:01	40.53931	141.55786	-12	0.0	3	2.1	220
2024/05/13	23:27:01	40.53940	141.55802	28	0.0	4	1.3	284
2024/05/13	23:28:01	40.53939	141.55807	32	0.0	2	1.4	196
2024/05/13	23:29:01	40.53937	141.55804	20	0.0	4	1.3	221
2024/05/13	23:30:01	40.53951	141.55803	32	0.0	3	1.4	247
2024/05/13	23:31:01	40.53922	141.55805	38	0.0	4	1.3	221
2024/05/13	23:32:01	40.53928	141.55808	14	0.0	3	1.3	257
2024/05/13	23:33:01	40.53935	141.55800	16	0.0	4	1.3	229
2024/05/13	23:34:02	40.53939	141.55799	14	0.0	3	1.3	281
2024/05/13	23:35:00	40.53941	141.55798	34	0.0	3	1.3	259
2024/05/13	23:36:01	40.53938	141.55802	20	0.0	4	1.3	325
2024/05/13	23:37:01	40.53926	141.55793	4	0.0	3	1.3	228
2024/05/13	23:38:00	40.53948	141.55811	40	0.0	3	1.3	231
2024/05/13	23:39:00	40.53947	141.55797	14	0.0	4	1.3	227
2024/05/13	23:40:01	40.53946	141.55799	10	0.0	4	1.3	296
2024/05/13	23:41:02	40.53929	141.55794	10	0.0	4	1.3	307
2024/05/13	23:42:01	40.53932	141.55803	-6	0.0	3	1.3	288
2024/05/13	23:43:01	40.53937	141.55795	30	0.0	3	1.3	262
2024/05/13	23:44:01	40.53925	141.55793	18	0.0	3	1.3	261
2024/05/13	23:45:01	40.53931	141.55803	18	0.0	3	2.3	291
2024/05/13	23:46:01	40.53939	141.55793	36	0.0	3	1.3	264
2024/05/13	23:47:02	40.53942	141.55809	10	0.0	3	1.3	312
2024/05/13	23:48:01	40.53935	141.55797	12	0.0	4	1.3	307
2024/05/13	23:49:01	40.53941	141.55800	10	0.0	4	1.3	310
2024/05/13	23:50:00	40.53893	141.55779	-24	3.7	3	2.2	285
2024/05/13	23:51:00	40.53938	141.55801	30	0.0	3	1.3	291
2024/05/13	23:52:01	40.53938	141.55796	-2	0.0	3	1.3	291
2024/05/13	23:53:02	40.53933	141.55788	8	0.0	3	1.3	286
2024/05/13	23:54:01	40.53945	141.55806	-2	0.0	3	1.3	288
2024/05/13	23:55:02	40.53940	141.55808	10	0.0	3	1.3	294
2024/05/13	23:56:00	40.53933	141.55801	8	0.0	3	1.3	262
2024/05/13	23:57:00	40.53934	141.55798	28	0.0	3	1.3	292
2024/05/13	23:58:00	40.53943	141.55804	16	0.0	3	1.3	293
2024/05/13	23:59:00	40.53921	141.55786	64	0.0	3	1.3	263
2024/05/14	00:00:01	40.53933	141.55798	8	0.0	3	2.4	291
2024/05/14	00:01:02	40.53926	141.55795	16	0.0	4	2.4	293
2024/05/14	00:02:00	40.53945	141.55809	4	0.0	3	2.4	233
2024/05/14	00:03:01	40.53945	141.55801	-2	0.0	3	2.4	281
2024/05/14	00:04:01	40.53950	141.55796	-28	0.0	3	2.3	282
2024/05/14	00:05:02	40.53936	141.55789	12	7.4	3	4.0	256
2024/05/14	00:06:00	40.53945	141.55792	-8	0.0	4	2.3	269
2024/05/14	00:07:01	40.53984	141.55781	10	25.9	3	2.3	234
2024/05/14	00:08:02	40.53897	141.55863	-90	0.0	3	2.3	287
2024/05/14	00:09:02	40.53882	141.55865	-14	3.7	4	2.3	252
2024/05/14	00:10:04	40.53850	141.55852	-12	0.0	3	3.2	277
2024/05/14	00:11:02	40.53857	141.55844	14	0.0	3	2.3	300
2024/05/14	00:12:01	40.53835	141.55852	-4	3.7	3	2.3	257
2024/05/14	00:13:01	40.53832	141.55845	42	3.7	3	2.3	223
2024/05/14	00:14:03	40.53838	141.55847	12	3.7	3	2.3	245
2024/05/14	00:15:03	40.53837	141.55841	10	0.0	3	2.3	246
2024/05/14	00:16:02	40.53845	141.55842	8	0.0	3	2.3	254
2024/05/14	00:17:05	40.53855	141.55856	-2	0.0	3	2.3	250
2024/05/14	00:18:04	40.53845	141.55836	14	0.0	3	2.2	247
2024/05/14	00:19:03	40.53825	141.55849	70	0.0	3	2.2	258
2024/05/14	00:20:02	40.53855	141.55847	-30	0.0	3	2.2	285
2024/05/14	00:21:02	40.53854	141.55846	6	0.0	3	2.2	293
2024/05/14	00:22:02	40.53934	141.55798	8	0.0	3	2.2	251
2024/05/14	00:23:04	40.53946	141.55800	2	0.0	3	2.2	266
2024/05/14	00:24:02	40.53940	141.55811	0	0.0	2	2.3	248
2024/05/14	00:25:03	40.53944	141.55800	0	0.0	2	2.3	266
2024/05/14	00:26:03	40.53930	141.55806	0	0.0	3	2.2	270
2024/05/14	00:27:03	40.53951	141.55807	6	0.0	3	2.2	249
2024/05/14	00:28:01	40.53935	141.55799	18	0.0	3	2.2	256
2024/05/14	00:29:01	40.53938	141.55806	32	0.0	3	2.2	272
2024/05/14	00:30:02	40.53934	141.55798	24	0.0	3	2.2	274
2024/05/14	00:31:01	40.53918	141.55798	18	0.0	3	2.2	275
2024/05/14	00:32:02	40.53912	141.55809	30	0.0	3	2.2	276
2024/05/14	00:33:03	40.53949	141.55797	8	0.0	3	2.2	277
2024/05/14	00:34:01	40.53939	141.55809	-16	0.0	3	2.2	277
2024/05/14	00:35:03	40.53945	141.55797	22	0.0	3	2.2	274
2024/05/14	00:36:01	40.53941	141.55798	2	0.0	3	2.2	190
2024/05/14	00:37:02	40.53966	141.55796	-36	0.0	3	2.2	275
2024/05/14	00:38:02	40.53951	141.55797	-6	0.0	3	2.2	277
2024/05/14	00:39:03	40.53946	141.55802	-28	0.0	3	2.2	277
2024/05/14	00:40:01	40.53941	141.55795	8	0.0	3	2.2	290
2024/05/14	00:41:02	40.53935	141.55802	16	0.0	3	2.2	271
2024/05/14	00:42:04	40.53938	141.55800	6	0.0	3	2.2	272
2024/05/14	00:43:03	40.53957	141.55798	-16	0.0	3	2.2	270
2024/05/14	00:44:04	40.53957	141.55800	-30	0.0	3	2.2	269
2024/05/14	00:45:03	40.53955	141.55798	-12	0.0	3	2.2	275
2024/05/14	00:46:03	40.53954	141.55796	-2	0.0	3	2.2	273
2024/05/14	00:47:06	40.53934	141.55801	0	0.0	3	2.2	268
2024/05/14	00:48:02	40.53965	141.55790	-26	0.0	3	2.2	246
2024/05/14	00:49:01	40.53934	141.55791	2	0.0	3	2.2	274
2024/05/14	00:50:03	40.53945	141.55792	-0	0.0	3	2.3	271
2024/05/14	00:51:01	40.53946	141.55801	4	0.0	3	2.3	273
2024/05/14	00:52:02	40.53952	141.55792	-4	0.0	3	2.3	275
2024/05/14	00:53:01	40.53936	141.55798	8	0.0	3	2.3	279
2024/05/14	00:54:03	40.53947	141.55801	-14	0.0	3	2.3	277
2024/05/14	00:55:01	40.53959	141.55796	-22	0.0	3	2.3	274
2024/05/14	00:56:01	40.53934	141.55794	10	0.0	3	2.3	275
2024/05/14	00:57:00	40.53958	141.55788	-10	0.0	3	2.3	257
2024/05/14	00:58:00	40.53947	141.55801	-18	0.0	3	2.3	252
2024/05/14	00:59:01	40.53955	141.55803	-0	0.0	3	2.3	267
2024/05/14	01:00:04	40.53949	141.55799	-16	0.0	3	2.3	272
2024/05/14	01:01:03	40.53989	141.55786	-54	0.0	3	2.3	264
2024/05/14	01:02:04	40.53946	141.55801	-16	0.0	3	2.3	263
2024/05/14	01:03:06	40.53935	141.55801	-0	0.0	3	2.3	264
2024/05/14	01:04:03	40.53955	141.55800	-10	0.0	3	2.3	268
2024/05/14	01:05:03	40.53930	141.55809	36	0.0	3	2.3	265
2024/05/14	01:06:04	40.53950	141.55797	2	0.0	3	2.3	264
2024/05/14	01:07:04	40.53920	141.55808	24	0.0	3	2.3	242
2024/05/14	01:08:03	40.53928	141.55802	20	0.0	3	2.4	269
2024/05/14	01:09:02	40.53936	141.55795	16	0.0	3	2.4	268
2024/05/14	01:10:01	40.53955	141.55799	6	0.0	3	2.4	266
2024/05/14	01:11:02	40.53955	141.55800	-16	0.0	3	2.4	273
2024/05/14	01:12:02	40.53937	141.55801	0	0.0	3	2.4	272
2024/05/14	01:13:02	40.53946	141.55798	8	0.0	3	2.4	278
2024/05/14	01:14:02	40.53974	141.55791	-30	0.0	3	2.4	298
2024/05/14	01:15:03	40.53947	141.55798	-14	0.0	3	2.4	271
2024/05/14	01:16:02	40.53948	141.55798	-0	3.7	3	2.4	273
2024/05/14	01:17:02	40.53963	141.55790	-12	0.0	3	2.4	293
2024/05/14	01:18:03	40.53945	141.55796	0	0.0	3	2.4	294
2024/05/14	01:19:03	40.53982	141.55796	-72	0.0	3	2.4	290
2024/05/14	01:20:04	40.53927	141.55803	10	0.0	3	3.0	286
2024/05/14	01:21:05	40.53966	141.55797	-36	0.0	3	3.0	288
2024/05/14	01:22:04	40.53938	141.55797	12	0.0	3	3.0	295
2024/05/14	01:23:04	40.53945	141.55801	4	0.0	3	3.0	290
2024/05/14	01:24:02	40.53951	141.55797	-4	0.0	3	3.0	295
2024/05/14	01:25:02	40.53961	141.55792	-8	0.0	3	3.0	294
2024/05/14	01:26:02	40.53933	141.55801	8	0.0	3	3.0	297
2024/05/14	01:27:06	40.53940	141.55803	-8	7.4	3	3.0	275
2024/05/14	01:28:05	40.53955	141.55794	-14	0.0	3	3.0	286
2024/05/14	01:29:03	40.53973	141.55802	-48	0.0	3	3.0	287
2024/05/14	01:30:05	40.53954	141.55794	-22	0.0	3	3.1	264
2024/05/14	01:31:04	40.53950	141.55797	-10	0.0	3	3.1	267
2024/05/14	01:32:06	40.53960	141.55791	-10	0.0	3	3.1	265
2024/05/14	01:33:04	40.53958	141.55792	-22	0.0	3	3.1	261
2024/05/14	01:34:03	40.53971	141.55786	-26	0.0	3	3.1	287
2024/05/14	01:35:03	40.53951	141.55792	-12	0.0	3	3.1	314
2024/05/14	01:36:17	40.53953	141.55795	-10	0.0	3	3.1	272
2024/05/14	01:37:01	40.53969	141.55782	-30	0.0	3	3.1	277
2024/05/14	01:38:02	40.53936	141.55805	10	0.0	3	3.2	301
2024/05/14	01:39:02	40.53969	141.55783	-16	0.0	3	3.2	294
2024/05/14	01:40:02	40.53940	141.55798	-0	0.0	3	3.2	299
2024/05/14	01:41:02	40.53925	141.55805	16	0.0	3	3.2	295
2024/05/14	01:42:15	40.53938	141.55801	6	7.4	3	3.2	292
2024/05/14	01:43:35	40.53938	141.55801	8	0.0	7	1.0	310
2024/05/14	01:44:02	40.53929	141.55793	0	0.0	5	2.0	278
2024/05/14	01:45:03	40.53938	141.55805	10	0.0	5	1.2	278
2024/05/14	01:46:02	40.53924	141.55801	16	0.0	6	1.2	311
2024/05/14	01:47:02	40.53938	141.55796	16	0.0	6	1.2	310
2024/05/14	01:48:01	40.53933	141.55800	18	0.0	5	1.2	310
2024/05/14	01:49:00	40.53935	141.55799	8	0.0	3	1.3	315
2024/05/14	01:50:01	40.53935	141.55801	4	0.0	6	1.2	316
2024/05/14	01:51:01	40.53939	141.55807	-2	0.0	5	1.2	315
2024/05/14	01:52:01	40.53940	141.55791	16	0.0	7	1.1	315
2024/05/14	01:53:01	40.53932	141.55830	-18	0.0	6	2.3	280
2024/05/14	01:54:01	40.53933	141.55809	8	0.0	4	1.3	195
2024/05/14	01:55:01	40.53950	141.55797	-24	0.0	4	1.2	252
2024/05/14	01:56:01	40.53936	141.55787	28	0.0	6	2.2	311
2024/05/14	01:57:01	40.53932	141.55800	14	0.0	6	1.3	226
2024/05/14	01:58:01	40.53942	141.55792	20	0.0	5	2.0	248
2024/05/14	01:59:02	40.53940	141.55798	10	0.0	7	1.1	315
2024/05/14	02:00:00	40.53932	141.55798	0	0.0	3	1.3	319
2024/05/14	02:01:01	40.53938	141.55804	0	0.0	7	1.1	289
2024/05/14	02:02:01	40.53945	141.55797	16	0.0	5	1.2	258
2024/05/14	02:03:01	40.53935	141.55781	28	0.0	6	2.1	289
2024/05/14	02:04:01	40.53932	141.55797	14	0.0	7	1.1	296
2024/05/14	02:05:00	40.53916	141.55787	66	0.0	4	1.3	233
2024/05/14	02:06:00	40.53944	141.55795	6	0.0	7	1.1	320
2024/05/14	02:07:00	40.53940	141.55807	6	0.0	7	1.1	291
2024/05/14	02:08:00	40.53935	141.55795	2	0.0	6	1.1	295
2024/05/14	02:09:00	40.53932	141.55786	22	0.0	7	1.1	296
2024/05/14	02:10:00	40.53938	141.55799	8	0.0	3	2.2	138
2024/05/14	02:11:01	40.53934	141.55814	-6	0.0	7	1.0	296
2024/05/14	02:12:01	40.53931	141.55792	14	0.0	7	1.1	295
2024/05/14	02:13:00	40.53941	141.55798	4	0.0	5	1.1	288
2024/05/14	02:14:01	40.53935	141.55795	18	0.0	5	2.0	256
2024/05/14	02:15:01	40.53938	141.55804	10	0.0	7	1.0	296
2024/05/14	02:16:00	40.53943	141.55807	-4	0.0	6	1.1	263
2024/05/14	02:17:00	40.53940	141.55818	-30	0.0	5	2.0	297
2024/05/14	02:18:00	40.53938	141.55810	-8	3.7	6	1.1	266
2024/05/14	02:19:01	40.53938	141.55793	12	0.0	7	1.0	312
2024/05/14	02:20:00	40.53944	141.55808	14	0.0	6	1.1	290
2024/05/14	02:21:00	40.53946	141.55789	14	0.0	5	1.1	289
2024/05/14	02:22:00	40.53942	141.55796	16	0.0	5	1.1	292
2024/05/14	02:23:00	40.53940	141.55805	16	0.0	4	1.4	225
2024/05/14	02:24:00	40.53937	141.55806	2	0.0	5	1.3	288
2024/05/14	02:25:01	40.53937	141.55800	8	0.0	6	1.1	256
2024/05/14	02:26:01	40.53934	141.55793	28	0.0	4	1.4	284
2024/05/14	02:27:02	40.53934	141.55800	6	0.0	4	1.2	250
2024/05/14	02:28:02	40.53933	141.55796	6	0.0	6	1.1	286
2024/05/14	02:29:01	40.53946	141.55791	32	0.0	5	1.3	230
2024/05/14	02:30:00	40.53934	141.55803	8	0.0	6	1.1	263
2024/05/14	02:31:01	40.53932	141.55797	-2	0.0	5	1.2	233
2024/05/14	02:32:01	40.53942	141.55790	14	0.0	6	1.2	262
2024/05/14	02:33:02	40.53942	141.55807	14	0.0	6	1.2	260
2024/05/14	02:34:01	40.53946	141.55797	8	0.0	6	1.1	262
2024/05/14	02:35:01	40.53928	141.55800	6	0.0	6	1.1	260
2024/05/14	02:36:01	40.53942	141.55794	14	0.0	6	1.1	260
2024/05/14	02:37:01	40.53925	141.55793	2	0.0	5	1.1	254
2024/05/14	02:38:02	40.53929	141.55794	10	0.0	6	1.1	288
2024/05/14	02:39:01	40.53941	141.55789	28	0.0	5	1.3	237
2024/05/14	02:40:00	40.53928	141.55789	-0	0.0	5	1.1	229
2024/05/14	02:41:00	40.53925	141.55792	-8	0.0	4	2.1	257
2024/05/14	02:42:00	40.53938	141.55797	10	0.0	4	1.2	255
2024/05/14	02:43:00	40.53940	141.55795	12	0.0	4	1.4	248
2024/05/14	02:44:01	40.53938	141.55802	0	0.0	6	1.0	284
2024/05/14	02:45:01	40.53941	141.55804	14	0.0	6	1.0	288
2024/05/14	02:46:03	40.53929	141.55805	-4	0.0	5	1.2	282
2024/05/14	02:47:01	40.53950	141.55800	26	0.0	3	2.4	170
2024/05/14	02:48:00	40.53956	141.55795	2	0.0	4	2.0	279
2024/05/14	02:49:00	40.53945	141.55799	56	0.0	4	2.0	277
2024/05/14	02:50:00	40.53943	141.55795	-6	0.0	5	1.2	288
2024/05/14	02:51:02	40.53959	141.55805	12	0.0	4	2.0	252
2024/05/14	02:52:02	40.53932	141.55800	2	0.0	4	2.0	276
2024/05/14	02:53:02	40.53949	141.55787	40	0.0	4	2.0	246
2024/05/14	02:54:02	40.53942	141.55790	2	0.0	4	2.0	244
2024/05/14	02:55:02	40.53887	141.55831	-108	0.0	4	5.0	249
2024/05/14	02:56:02	40.53882	141.55824	-100	3.7	4	5.0	231
2024/05/14	02:57:02	40.53955	141.55784	74	0.0	3	2.4	185
2024/05/14	02:58:02	40.53932	141.55809	4	0.0	4	2.0	276
2024/05/14	02:59:01	40.53938	141.55787	-2	0.0	4	1.4	232
2024/05/14	03:00:01	40.53890	141.55810	-54	0.0	4	5.2	256
2024/05/14	03:01:01	40.53922	141.55805	18	0.0	4	5.1	258
2024/05/14	03:02:02	40.53946	141.55802	16	11.1	4	5.0	257
2024/05/14	03:03:02	40.53980	141.55793	114	0.0	4	5.0	238
2024/05/14	03:04:02	40.53936	141.55796	-0	0.0	5	1.4	257
2024/05/14	03:05:03	40.53934	141.55800	22	0.0	5	1.4	253
2024/05/14	03:06:01	40.53918	141.55794	18	0.0	5	1.4	273
2024/05/14	03:07:00	40.53951	141.55804	-4	0.0	5	1.4	254
2024/05/14	03:08:02	40.53942	141.55802	18	0.0	5	1.4	253
2024/05/14	03:09:00	40.53929	141.55789	-72	3.7	4	1.4	255
2024/05/14	03:10:00	40.53936	141.55798	10	0.0	5	1.4	257
2024/05/14	03:11:00	40.53949	141.55794	-46	0.0	5	1.4	256
2024/05/14	03:12:01	40.53941	141.55798	8	0.0	5	1.4	255
2024/05/14	03:13:01	40.53929	141.55801	20	0.0	5	1.4	252
2024/05/14	03:14:00	40.53941	141.55800	8	0.0	5	1.4	253
2024/05/14	03:15:01	40.53933	141.55792	20	0.0	4	3.2	256
2024/05/14	03:16:01	40.53930	141.55807	16	0.0	5	1.4	253
2024/05/14	03:17:00	40.53947	141.55800	10	0.0	5	1.4	253
2024/05/14	03:18:01	40.53941	141.55805	14	0.0	5	1.4	249
2024/05/14	03:19:01	40.53947	141.55793	-22	0.0	5	1.4	249
2024/05/14	03:20:01	40.53936	141.55792	12	0.0	5	1.4	251
2024/05/14	03:21:01	40.53943	141.55800	6	0.0	5	1.4	254
2024/05/14	03:22:01	40.54033	141.55860	60	37.0	4	2.0	267
2024/05/14	03:23:03	40.54457	141.56007	-36	18.5	4	2.4	223
2024/05/14	03:24:02	40.54430	141.56141	-100	0.0	4	2.4	343
2024/05/14	03:25:01	40.54453	141.56143	10	0.0	4	2.4	264
2024/05/14	03:26:01	40.54431	141.56138	-44	0.0	4	2.3	296
2024/05/14	03:27:01	40.54735	141.56173	26	3.7	5	1.4	258
2024/05/14	03:28:03	40.55045	141.55502	22	55.6	4	2.3	296
2024/05/14	03:29:07	40.55258	141.54281	6	55.6	5	1.4	300
2024/05/14	03:30:02	40.55290	141.53317	86	51.9	4	2.3	274
2024/05/14	03:31:02	40.55052	141.52267	12	51.9	5	1.4	303
2024/05/14	03:32:01	40.54611	141.51516	-4	51.9	4	2.0	304
2024/05/14	03:33:01	40.54270	141.50506	6	51.9	5	2.0	302
2024/05/14	03:34:01	40.54246	141.50477	-12	0.0	4	2.2	243
2024/05/14	03:35:01	40.54250	141.50459	-40	0.0	4	2.2	237
2024/05/14	03:36:02	40.54234	141.50487	-14	0.0	5	2.0	220
2024/05/14	03:37:02	40.54232	141.50495	-32	0.0	4	2.2	241
2024/05/14	03:38:01	40.54265	141.50523	-16	18.5	4	2.1	301
2024/05/14	03:39:01	40.54289	141.50724	-30	25.9	4	2.1	244
2024/05/14	03:40:01	40.54276	141.50804	-48	3.7	4	2.2	252
2024/05/14	03:41:01	40.54295	141.50803	26	0.0	3	5.2	258
2024/05/14	03:42:02	40.54272	141.50810	36	25.9	4	2.2	276
2024/05/14	03:43:02	40.54332	141.50813	-16	0.0	4	2.3	273
2024/05/14	03:44:01	40.54321	141.50819	-34	0.0	3	5.1	259
2024/05/14	03:45:01	40.54327	141.50805	-14	0.0	4	2.3	219
2024/05/14	03:46:01	40.54316	141.50814	-22	0.0	4	2.3	264
2024/05/14	03:47:03	40.54317	141.50818	-18	0.0	4	2.3	292
2024/05/14	03:48:03	40.54311	141.50830	10	0.0	4	3.3	260
2024/05/14	03:49:02	40.54307	141.50854	86	0.0	3	5.4	256
2024/05/14	03:50:02	40.54313	141.50847	84	0.0	3	5.1	234
2024/05/14	03:51:03	40.54317	141.50823	-12	0.0	3	4.3	244
2024/05/14	03:52:04	40.54317	141.50835	116	0.0	4	2.4	264
2024/05/14	03:53:03	40.54325	141.50817	-14	0.0	4	3.0	274
2024/05/14	03:54:02	40.54322	141.50816	-4	0.0	3	5.1	253
2024/05/14	03:55:01	40.54706	141.51084	48	37.0	4	3.0	304
2024/05/14	03:56:03	40.55354	141.51139	30	44.4	5	3.0	304
2024/05/14	03:57:03	40.56024	141.51159	28	40.7	5	3.0	302
2024/05/14	03:58:02	40.56604	141.51109	34	37.0	4	3.1	251
2024/05/14	03:59:03	40.57297	141.51064	96	40.7	4	3.1	305
2024/05/14	04:06:14	40.61311	141.49642	6	7.4	4	2.3	301
2024/05/14	04:07:00	40.61249	141.49549	10	14.8	4	2.3	326
2024/05/14	04:08:00	40.61618	141.49486	32	55.6	4	2.3	263
2024/05/14	04:09:01	40.62219	141.49504	14	48.2	4	2.3	255
2024/05/14	04:10:00	40.62794	141.49318	-22	37.0	4	2.2	174
2024/05/14	04:11:00	40.63168	141.49478	28	22.2	4	2.2	200
2024/05/14	04:12:01	40.63716	141.49441	28	44.4	4	2.2	225
2024/05/14	04:13:01	40.64382	141.49535	32	37.0	4	2.2	224
2024/05/14	04:14:01	40.64971	141.49473	28	44.4	4	2.2	198
2024/05/14	04:15:01	40.65344	141.49132	-10	37.0	3	2.4	248
2024/05/14	04:16:01	40.65952	141.49356	18	44.4	4	2.1	299
2024/05/14	04:17:00	40.66333	141.49290	-16	48.2	4	2.1	260
2024/05/14	04:18:01	40.66966	141.49184	10	37.0	4	2.1	257
2024/05/14	04:19:00	40.67615	141.49213	52	40.7	4	2.1	260
2024/05/14	04:20:00	40.68243	141.49276	-2	40.7	4	2.1	230
2024/05/14	04:21:00	40.68886	141.49399	56	40.7	4	2.1	197
2024/05/14	04:22:00	40.69523	141.49594	36	44.4	3	2.1	166
2024/05/14	04:23:01	40.70063	141.49795	52	22.2	4	2.1	293
2024/05/14	04:24:00	40.70307	141.49992	34	29.6	4	2.0	198
2024/05/14	04:25:00	40.70759	141.50225	38	37.0	4	2.0	229
2024/05/14	04:26:00	40.71335	141.50326	26	40.7	4	2.0	230
2024/05/14	04:27:00	40.71972	141.50278	26	37.0	3	2.1	227
2024/05/14	04:28:00	40.72601	141.50203	18	29.6	4	2.0	286
2024/05/14	04:29:00	40.72623	141.50080	16	7.4	4	2.0	234
2024/05/14	04:30:00	40.73057	141.50170	10	48.2	4	2.0	256
2024/05/14	04:31:00	40.73754	141.49819	16	37.0	4	2.0	266
2024/05/14	04:32:02	40.74007	141.50185	16	25.9	4	2.0	291
2024/05/14	04:33:00	40.74230	141.50448	-6	33.3	4	2.0	197
2024/05/14	04:34:00	40.74850	141.50540	26	37.0	4	2.0	194
2024/05/14	04:35:01	40.75184	141.50755	14	37.0	4	2.0	291
2024/05/14	04:36:00	40.75579	141.51199	24	37.0	4	2.0	285
2024/05/14	04:37:00	40.76137	141.51590	18	40.7	4	2.0	296
2024/05/14	04:38:00	40.76597	141.51968	20	40.7	4	2.0	258
2024/05/14	04:39:01	40.77163	141.52356	18	44.4	4	2.0	287
2024/05/14	04:40:00	40.77431	141.52609	-30	25.9	4	2.0	285
2024/05/14	04:41:00	40.77832	141.53009	76	33.3	3	2.2	282
2024/05/14	04:42:00	40.78328	141.53389	26	40.7	4	2.0	282
2024/05/14	04:43:00	40.78829	141.53712	-0	40.7	4	2.0	279
2024/05/14	04:44:00	40.79430	141.54010	8	33.3	3	2.1	252
2024/05/14	04:45:01	40.79996	141.54275	-0	33.3	3	2.2	248
2024/05/14	04:46:00	40.80405	141.54717	0	37.0	3	2.2	222
2024/05/14	04:47:01	40.80920	141.55109	2	37.0	4	2.1	318
2024/05/14	04:48:00	40.81160	141.55411	-42	3.7	3	2.2	258
2024/05/14	04:49:00	40.81154	141.55417	-10	0.0	4	2.1	218
2024/05/14	04:50:00	40.81173	141.55411	24	0.0	3	2.2	269
2024/05/14	04:51:02	40.81200	141.55407	-4	0.0	3	4.2	241
2024/05/14	04:52:00	40.81213	141.55415	-8	0.0	4	2.1	225
2024/05/14	04:53:01	40.81236	141.55412	-0	0.0	4	2.1	279
2024/05/14	04:54:01	40.81257	141.55405	-6	0.0	4	2.1	281
2024/05/14	04:55:00	40.81300	141.55402	-8	0.0	4	2.1	248
2024/05/14	04:56:03	40.81309	141.55410	-16	0.0	4	2.1	261
2024/05/14	04:57:00	40.81331	141.55413	14	0.0	4	2.1	274
2024/05/14	04:58:01	40.81346	141.55420	-14	0.0	4	2.1	275
2024/05/14	04:59:01	40.81487	141.55408	0	0.0	4	2.2	271
2024/05/14	05:00:01	40.81502	141.55399	-16	0.0	4	2.2	248
2024/05/14	05:01:00	40.81508	141.55415	-8	0.0	3	2.3	163
2024/05/14	05:02:00	40.81539	141.55387	-20	7.4	3	2.3	279
2024/05/14	05:03:00	40.81539	141.55407	-30	3.7	3	2.3	293
2024/05/14	05:04:00	40.81526	141.55388	16	3.7	3	2.3	243
2024/05/14	05:05:02	40.81540	141.55411	-18	0.0	4	2.2	288
2024/05/14	05:06:02	40.81537	141.55411	-22	0.0	4	2.2	260
2024/05/14	05:07:01	40.81418	141.55491	18	22.2	4	2.2	313
2024/05/14	05:08:01	40.81105	141.55618	4	3.7	3	2.2	246
2024/05/14	05:09:02	40.81122	141.55616	-20	0.0	3	2.3	276
2024/05/14	05:10:00	40.81099	141.55599	6	0.0	3	2.3	191
2024/05/14	05:11:01	40.81106	141.55617	-20	0.0	3	3.1	268
2024/05/14	05:12:02	40.81109	141.55631	20	0.0	4	2.2	309
2024/05/14	05:13:01	40.81126	141.55613	-14	3.7	4	2.2	261
2024/05/14	05:14:01	40.81088	141.55628	-6	0.0	3	2.3	267
2024/05/14	05:15:01	40.81095	141.55650	12	3.7	3	2.3	287
2024/05/14	05:16:01	40.81113	141.55658	-4	0.0	4	2.1	315
2024/05/14	05:17:00	40.81122	141.55643	-16	3.7	3	2.4	313
2024/05/14	05:18:00	40.81100	141.55682	16	3.7	3	2.4	290
2024/05/14	05:19:00	40.80864	141.55957	4	33.3	4	2.1	224
2024/05/14	05:20:02	40.80441	141.56376	0	33.3	4	2.1	249
2024/05/14	05:21:01	40.80024	141.56708	12	33.3	4	2.1	310
2024/05/14	05:22:01	40.79556	141.57029	4	40.7	3	2.4	251
2024/05/14	05:23:01	40.79006	141.57178	-28	40.7	3	2.4	255
2024/05/14	05:24:01	40.78552	141.57224	-6	22.2	4	2.1	351
2024/05/14	05:25:01	40.78245	141.57299	8	0.0	4	2.1	324
2024/05/14	05:26:00	40.78078	141.57199	-18	0.0	3	2.4	313
2024/05/14	05:27:00	40.77831	141.57260	0	25.9	3	2.4	324
2024/05/14	05:28:01	40.77351	141.57247	-0	0.0	4	2.1	312
2024/05/14	05:29:00	40.77347	141.57270	4	3.7	3	2.4	278
2024/05/14	05:30:02	40.77372	141.57272	-22	0.0	3	2.4	288
2024/05/14	05:31:02	40.77373	141.57527	-6	25.9	3	2.4	280
2024/05/14	05:32:00	40.77490	141.58135	-2	33.3	4	2.0	290
2024/05/14	05:33:00	40.77822	141.58669	2	33.3	3	2.4	348
2024/05/14	05:34:01	40.78284	141.58645	-12	33.3	3	2.4	289
2024/05/14	05:35:01	40.78336	141.58708	0	0.0	4	2.0	281
2024/05/14	05:36:01	40.78364	141.58699	-4	0.0	4	2.0	276
2024/05/14	05:37:01	40.78378	141.58702	-12	0.0	4	2.0	285
2024/05/14	05:38:02	40.78398	141.58702	-4	0.0	4	2.0	275
2024/05/14	05:39:02	40.78402	141.58695	-6	0.0	3	4.2	271
2024/05/14	05:40:02	40.78405	141.58687	-20	0.0	3	4.2	272
2024/05/14	05:41:00	40.78415	141.58701	-22	3.7	3	2.4	254
2024/05/14	05:42:00	40.78442	141.58698	6	0.0	4	2.0	250
2024/05/14	05:43:04	40.78448	141.58698	0	0.0	3	3.3	256
2024/05/14	05:44:01	40.78460	141.58705	-4	0.0	3	3.0	293
2024/05/14	05:45:04	40.78483	141.58701	-0	0.0	4	2.0	271
2024/05/14	05:46:01	40.78505	141.58694	12	0.0	3	5.0	278
2024/05/14	05:47:01	40.78515	141.58682	-8	0.0	4	2.0	302
2024/05/14	05:48:02	40.78541	141.58674	-10	0.0	3	3.0	277
2024/05/14	05:49:01	40.78782	141.58513	0	44.4	4	2.0	286
2024/05/14	05:50:02	40.79422	141.58728	20	40.7	4	2.0	290
2024/05/14	05:51:02	40.80047	141.58898	18	51.9	3	3.0	292
2024/05/14	05:52:01	40.80731	141.58803	28	40.7	4	1.4	290
2024/05/14	05:53:01	40.81318	141.59027	22	37.0	4	1.4	322
2024/05/14	05:54:01	40.81921	141.59159	14	37.0	4	1.4	322
2024/05/14	05:55:01	40.82475	141.59410	8	22.2	4	1.4	318
2024/05/14	05:56:02	40.82905	141.59803	8	33.3	3	3.0	358
2024/05/14	05:57:02	40.83471	141.59788	12	40.7	3	3.0	314
2024/05/14	05:58:01	40.83682	141.59974	14	25.9	3	3.0	321
2024/05/14	05:59:02	40.83975	141.60201	10	44.4	3	3.0	323
2024/05/14	06:00:02	40.84610	141.60002	12	51.9	3	3.0	291
2024/05/14	06:01:02	40.85105	141.59640	18	37.0	3	3.0	329
2024/05/14	06:02:02	40.85772	141.59278	12	48.2	3	3.0	288
2024/05/14	06:03:01	40.86494	141.58887	16	51.9	3	3.0	292
2024/05/14	06:04:01	40.87165	141.58463	6	48.2	3	3.0	285
2024/05/14	06:05:03	40.87425	141.57625	12	51.9	3	3.0	292
2024/05/14	06:06:02	40.87771	141.56665	10	51.9	3	3.0	297
2024/05/14	06:07:01	40.88182	141.55677	22	55.6	3	3.0	318
2024/05/14	06:08:02	40.88600	141.54596	8	59.3	3	3.0	316
2024/05/14	06:09:01	40.89091	141.53610	16	59.3	3	3.0	284
2024/05/14	06:10:02	40.89828	141.53143	24	51.9	3	3.1	323
2024/05/14	06:11:01	40.90612	141.52844	14	59.3	3	3.1	296
2024/05/14	06:12:02	40.91145	141.51885	16	59.3	3	3.1	293
2024/05/14	06:13:02	40.91360	141.51669	-0	18.5	3	3.1	324
2024/05/14	06:14:03	40.91355	141.51609	-4	0.0	3	3.1	273
2024/05/14	06:15:01	40.91350	141.51580	-6	0.0	2	3.4	250
2024/05/14	06:16:05	40.91373	141.51565	-16	0.0	3	3.1	277
2024/05/14	06:17:01	40.91281	141.51621	-2	0.0	3	3.1	299
2024/05/14	06:18:02	40.91093	141.51576	-0	25.9	3	3.1	320
2024/05/14	06:19:02	40.90842	141.51609	2	29.6	2	3.3	300
2024/05/14	06:20:02	40.90603	141.51613	4	25.9	3	3.1	307
2024/05/14	06:21:02	40.90320	141.51298	0	33.3	3	3.1	300
2024/05/14	06:22:01	40.89983	141.51119	2	33.3	3	3.1	308
2024/05/14	06:23:01	40.89684	141.50742	-6	14.8	3	3.1	278
2024/05/14	06:24:02	40.89484	141.50991	-6	22.2	3	3.1	289
2024/05/14	06:25:01	40.89102	141.50930	-16	22.2	2	3.3	285
2024/05/14	06:26:02	40.88622	141.50992	-2	33.3	3	3.1	285
2024/05/14	06:27:02	40.88224	141.50853	-2	29.6	3	3.1	283
2024/05/14	06:28:02	40.87816	141.50480	6	33.3	3	3.2	287
2024/05/14	06:29:01	40.87396	141.50378	22	14.8	3	3.2	285
2024/05/14	06:30:02	40.87060	141.49961	12	37.0	3	3.2	287
2024/05/14	06:31:01	40.86851	141.49137	20	55.6	3	3.2	284
2024/05/14	06:32:02	40.86633	141.48254	18	51.9	3	3.2	316
2024/05/14	06:33:01	40.86349	141.47481	14	40.7	3	3.2	279
2024/05/14	06:34:02	40.86052	141.46750	26	33.3	2	3.4	290
2024/05/14	06:35:35	40.85662	141.45475	2	37.0	3	2.1	283
2024/05/14	06:36:00	40.85547	141.45182	16	40.7	3	2.1	321
2024/05/14	06:37:01	40.85297	141.44344	2	40.7	3	2.1	292
2024/05/14	06:38:01	40.85036	141.43550	0	44.4	3	2.1	312
2024/05/14	06:39:01	40.84732	141.42782	6	37.0	3	2.2	286
2024/05/14	06:40:01	40.84341	141.42249	-8	29.6	3	2.2	320
2024/05/14	06:41:01	40.83913	141.42096	-2	29.6	3	2.2	279
2024/05/14	06:42:01	40.83458	141.41809	-26	33.3	2	4.2	278
2024/05/14	06:43:00	40.83071	141.41537	-22	25.9	3	2.2	306
2024/05/14	06:44:01	40.82627	141.41426	0	33.3	3	2.2	281
2024/05/14	06:45:00	40.82209	141.41207	0	29.6	3	2.2	274
2024/05/14	06:46:00	40.81771	141.41116	4	25.9	3	2.2	285
2024/05/14	06:47:00	40.81342	141.41003	-4	25.9	3	2.2	284
2024/05/14	06:48:01	40.80904	141.41004	-0	29.6	3	2.2	287
2024/05/14	06:49:00	40.80499	141.40797	12	22.2	3	2.2	292
2024/05/14	06:50:01	40.80124	141.40815	10	18.5	3	2.3	288
2024/05/14	06:51:01	40.79717	141.40894	8	29.6	3	2.3	286
2024/05/14	06:52:01	40.79290	141.41009	-8	33.3	3	2.3	319
2024/05/14	06:53:00	40.78877	141.41072	-2	29.6	3	2.3	278
2024/05/14	06:54:01	40.78455	141.41131	-8	37.0	3	2.3	259
2024/05/14	06:55:00	40.78013	141.41265	8	25.9	3	2.3	261
2024/05/14	06:56:00	40.77558	141.41296	8	25.9	3	2.3	162
2024/05/14	06:57:00	40.77132	141.41268	-20	29.6	3	2.3	230
2024/05/14	06:58:00	40.76692	141.41440	12	29.6	3	2.3	288
2024/05/14	06:59:01	40.76285	141.41521	2	25.9	3	2.4	286
2024/05/14	07:00:01	40.75851	141.41652	4	29.6	3	2.4	295
2024/05/14	07:01:00	40.75411	141.41518	14	22.2	3	2.4	133
2024/05/14	07:02:01	40.75062	141.41668	-18	22.2	2	4.1	278
2024/05/14	07:03:01	40.74622	141.41693	6	29.6	2	4.1	286
2024/05/14	07:04:01	40.74168	141.41791	20	29.6	2	4.1	318
2024/05/14	07:05:01	40.73723	141.41994	14	33.3	2	4.1	290
2024/05/14	07:06:02	40.73273	141.42152	-8	29.6	2	4.1	316
2024/05/14	07:07:02	40.72880	141.42315	0	25.9	2	4.1	289
2024/05/14	07:08:02	40.72473	141.42446	-14	25.9	2	4.1	320
2024/05/14	07:09:01	40.72070	141.42595	-26	25.9	2	4.1	296
2024/05/14	07:10:02	40.71604	141.42659	-0	25.9	2	4.1	290
2024/05/14	07:11:02	40.71196	141.42731	0	25.9	2	4.1	308
2024/05/14	07:12:02	40.70819	141.42846	-0	25.9	2	4.1	273
2024/05/14	07:13:02	40.70437	141.43027	-12	29.6	2	4.1	332
2024/05/14	07:14:01	40.70035	141.43185	-24	25.9	2	4.1	293
2024/05/14	07:15:02	40.69621	141.43384	-4	25.9	2	4.1	296
2024/05/14	07:16:02	40.69209	141.43523	8	29.6	2	4.1	328
2024/05/14	07:17:02	40.68822	141.43750	-4	25.9	2	4.1	325
2024/05/14	07:18:01	40.68471	141.43893	12	25.9	2	4.1	289
2024/05/14	07:19:01	40.68312	141.44287	-38	33.3	2	4.1	290
2024/05/14	07:20:01	40.68421	141.44630	-2	0.0	2	4.1	265
2024/05/14	07:21:03	40.68409	141.44629	6	0.0	2	4.1	274
2024/05/14	07:22:01	40.68417	141.44634	-10	0.0	2	4.1	292
2024/05/14	07:23:02	40.68410	141.44595	18	0.0	2	4.1	293
2024/05/14	07:24:03	40.68432	141.44644	-22	0.0	2	4.1	279
2024/05/14	07:25:02	40.68407	141.44655	-6	0.0	2	4.1	296
2024/05/14	07:26:01	40.68339	141.44741	-50	14.8	2	4.1	194
2024/05/14	07:27:01	40.68191	141.44779	0	0.0	2	4.1	298
2024/05/14	07:28:01	40.68229	141.44694	-50	55.6	2	4.2	288
2024/05/14	07:29:03	40.68324	141.44670	48	3.7	2	4.2	282
2024/05/14	07:30:02	40.68367	141.44650	-32	0.0	2	4.2	285
2024/05/14	07:31:01	40.68212	141.44741	44	11.1	2	4.2	198
2024/05/14	07:32:01	40.68162	141.44767	-0	7.4	2	4.2	325
2024/05/14	07:33:01	40.67955	141.44257	30	29.6	2	4.2	309
2024/05/14	07:34:02	40.67519	141.44196	16	18.5	2	4.2	324
2024/05/14	07:35:02	40.67078	141.44222	-12	25.9	2	4.2	284
2024/05/14	07:36:01	40.66617	141.44302	-4	29.6	2	4.3	322
2024/05/14	07:37:02	40.66185	141.44433	2	25.9	2	4.3	293
2024/05/14	07:38:02	40.65786	141.44544	8	25.9	2	4.3	324
2024/05/14	07:39:01	40.65402	141.44746	-2	25.9	2	4.3	286
2024/05/14	07:40:02	40.64996	141.44943	10	25.9	2	4.3	293
2024/05/14	07:41:02	40.64572	141.45084	16	29.6	2	4.3	295
2024/05/14	07:42:02	40.64118	141.45037	4	25.9	2	4.4	287
2024/05/14	07:43:02	40.63718	141.45195	16	25.9	2	4.4	318
2024/05/14	07:44:01	40.63282	141.45057	12	25.9	2	4.4	287
2024/05/14	07:45:02	40.62855	141.45273	-0	25.9	2	4.4	284
2024/05/14	07:46:01	40.62397	141.45413	16	33.3	2	5.0	280
2024/05/14	07:47:01	40.61982	141.45668	-6	25.9	2	5.0	290
2024/05/14	07:48:01	40.61587	141.45821	-6	33.3	2	5.0	282
2024/05/14	07:49:01	40.61123	141.46078	16	33.3	2	5.0	294
2024/05/14	07:50:02	40.60626	141.46228	28	37.0	2	5.1	288
2024/05/14	07:51:03	40.60231	141.46267	28	0.0	2	5.1	287
2024/05/14	07:52:03	40.60241	141.46292	4	0.0	2	5.1	278
2024/05/14	07:53:02	40.60156	141.46304	36	3.7	2	5.1	262
2024/05/14	07:54:04	40.60210	141.46301	4	29.6	2	5.2	277
2024/05/14	07:55:06	40.60205	141.46289	-4	0.0	2	5.2	264
2024/05/14	07:56:02	40.60210	141.46298	-14	3.7	2	5.2	256
2024/05/14	07:57:07	40.60232	141.46316	-64	3.7	2	5.3	246
2024/05/14	07:58:04	40.60173	141.46286	-4	22.2	2	5.3	262
2024/05/14	07:59:36	40.59952	141.46069	0	0.0	6	1.1	250
2024/05/14	08:00:00	40.59956	141.46061	0	0.0	4	1.1	189
2024/05/14	08:01:01	40.59939	141.46063	36	0.0	6	1.1	296
2024/05/14	08:02:00	40.59969	141.46060	-4	0.0	4	2.2	219
2024/05/14	08:03:01	40.59953	141.46065	-4	0.0	4	2.2	269
2024/05/14	08:04:00	40.59875	141.46208	38	22.2	4	1.2	299
2024/05/14	08:05:00	40.59630	141.46376	48	29.6	4	1.1	274
2024/05/14	08:06:01	40.59407	141.46814	14	29.6	5	1.1	305
2024/05/14	08:07:01	40.58936	141.47059	16	37.0	5	1.1	302
2024/05/14	08:08:01	40.58714	141.47501	8	29.6	6	1.1	265
2024/05/14	08:09:00	40.58403	141.47694	76	40.7	3	2.2	303
2024/05/14	08:10:00	40.57980	141.47938	-12	37.0	4	1.4	273
2024/05/14	08:11:00	40.57533	141.48206	28	29.6	3	1.2	273
2024/05/14	08:12:00	40.57449	141.48677	8	22.2	4	1.3	308
2024/05/14	08:13:00	40.57049	141.48915	52	25.9	3	2.3	240
2024/05/14	08:14:01	40.56649	141.49188	16	33.3	5	1.4	252
2024/05/14	08:15:01	40.56364	141.49650	-20	25.9	4	1.3	278
2024/05/14	08:16:01	40.56331	141.49705	20	0.0	5	1.1	278
2024/05/14	08:17:00	40.56337	141.49698	12	0.0	5	1.1	280
2024/05/14	08:18:01	40.56331	141.49704	6	0.0	6	1.0	244
2024/05/14	08:19:00	40.56346	141.49716	14	0.0	5	2.1	248
2024/05/14	08:20:00	40.56332	141.49701	16	0.0	4	1.1	257
2024/05/14	08:21:00	40.56327	141.49712	0	0.0	5	1.1	251
2024/05/14	08:22:00	40.56327	141.49676	52	0.0	4	2.1	247
2024/05/14	08:23:00	40.56325	141.49715	0	0.0	5	1.1	257
2024/05/14	08:24:00	40.56340	141.49697	8	0.0	4	1.1	224
2024/05/14	08:25:00	40.56341	141.49706	2	0.0	4	1.3	255
2024/05/14	08:26:00	40.56339	141.49702	6	3.7	4	1.3	246
2024/05/14	08:27:01	40.56294	141.49769	16	3.7	4	2.2	224
2024/05/14	08:28:01	40.56295	141.49770	-2	0.0	5	1.1	246
2024/05/14	08:29:00	40.56299	141.49784	-4	0.0	3	1.4	192
2024/05/14	08:30:00	40.56281	141.49762	12	0.0	4	1.4	225
2024/05/14	08:31:01	40.56288	141.49775	-32	0.0	3	1.4	206
2024/05/14	08:32:00	40.56288	141.49758	8	0.0	4	1.1	199
2024/05/14	08:33:01	40.56302	141.49782	-8	0.0	6	1.0	215
2024/05/14	08:34:00	40.56284	141.49761	28	0.0	5	2.1	278
2024/05/14	08:35:00	40.56288	141.49768	4	0.0	4	1.3	293
2024/05/14	08:36:00	40.56299	141.49765	22	0.0	5	1.0	257
2024/05/14	08:37:00	40.56304	141.49775	10	0.0	4	1.3	221
2024/05/14	08:38:00	40.56296	141.49781	14	0.0	6	1.0	280
2024/05/14	08:39:00	40.56300	141.49766	2	0.0	4	1.2	250
2024/05/14	08:40:00	40.56296	141.49769	10	0.0	3	2.1	251
2024/05/14	08:41:01	40.56084	141.50091	6	0.0	6	1.0	282
2024/05/14	08:42:01	40.56095	141.50096	-44	0.0	4	2.1	252
2024/05/14	08:43:00	40.56086	141.50090	4	0.0	4	1.1	279
2024/05/14	08:44:00	40.56089	141.50094	4	0.0	5	1.0	291
2024/05/14	08:45:00	40.56084	141.50097	6	0.0	5	1.0	249
2024/05/14	08:46:00	40.56085	141.50112	16	0.0	5	1.0	306
2024/05/14	08:47:01	40.56106	141.50119	10	0.0	3	1.3	190
2024/05/14	08:48:01	40.56099	141.50114	-8	0.0	4	1.1	245
2024/05/14	08:49:01	40.56083	141.50109	24	0.0	4	1.4	250
2024/05/14	08:50:01	40.56089	141.50111	12	0.0	5	1.0	286
2024/05/14	08:51:01	40.56102	141.50126	-0	0.0	4	1.1	224
2024/05/14	08:52:01	40.56087	141.50116	4	0.0	4	1.4	223
2024/05/14	08:53:01	40.56088	141.50122	0	0.0	4	1.4	290
2024/05/14	08:54:01	40.56090	141.50118	-2	0.0	3	1.2	185
2024/05/14	08:55:01	40.56088	141.50142	40	0.0	3	1.2	259
2024/05/14	08:56:01	40.56093	141.50119	2	0.0	5	1.0	263
2024/05/14	08:57:01	40.56093	141.50111	2	0.0	5	1.0	255
2024/05/14	08:58:01	40.56099	141.50104	-6	0.0	4	1.4	293
2024/05/14	08:59:01	40.56096	141.50115	10	0.0	4	1.2	223
2024/05/14	09:00:01	40.56083	141.50103	-12	3.7	4	1.2	198
2024/05/14	09:01:01	40.56099	141.50124	24	0.0	5	1.1	255
2024/05/14	09:02:01	40.56108	141.50141	-44	3.7	3	2.4	222
2024/05/14	09:03:01	40.56095	141.50117	8	0.0	5	1.1	229
2024/05/14	09:04:00	40.56093	141.50117	-0	0.0	4	1.2	227
2024/05/14	09:05:00	40.56092	141.50114	4	0.0	3	2.0	255
2024/05/14	09:06:00	40.56086	141.50111	8	0.0	4	2.0	285
2024/05/14	09:07:01	40.56093	141.50125	10	0.0	5	1.1	264
2024/05/14	09:08:01	40.56089	141.50112	-6	0.0	5	1.1	288
2024/05/14	09:09:00	40.56101	141.50125	2	0.0	5	1.1	270
2024/05/14	09:10:01	40.56094	141.50115	6	0.0	4	1.3	261
2024/05/14	09:11:01	40.56094	141.50115	22	0.0	4	1.3	215
2024/05/14	09:12:00	40.56149	141.50141	-6	40.7	4	2.0	283
2024/05/14	09:13:00	40.56097	141.50098	-30	3.7	3	2.0	291
2024/05/14	09:14:00	40.56102	141.50096	-26	0.0	4	1.3	263
2024/05/14	09:15:01	40.56086	141.50121	6	0.0	4	1.3	244
2024/05/14	09:16:00	40.56095	141.50113	16	0.0	4	2.0	264
2024/05/14	09:17:01	40.56094	141.50103	-0	0.0	4	1.4	274
2024/05/14	09:18:00	40.56103	141.50113	-12	0.0	4	1.4	290
2024/05/14	09:19:00	40.56104	141.50103	-36	0.0	4	1.4	166
2024/05/14	09:20:00	40.56084	141.50125	44	0.0	3	2.3	237
2024/05/14	09:21:01	40.56089	141.50105	14	0.0	4	1.4	302
2024/05/14	09:22:00	40.56088	141.50127	2	0.0	4	1.3	253
2024/05/14	09:23:01	40.56094	141.50116	-4	0.0	5	1.2	286
2024/05/14	09:24:01	40.56095	141.50118	14	0.0	4	1.3	254
2024/05/14	09:25:01	40.56091	141.50113	10	0.0	4	1.3	238
2024/05/14	09:26:00	40.56099	141.50114	-0	0.0	4	1.3	245
2024/05/14	09:27:01	40.56096	141.50109	6	0.0	4	1.3	285
2024/05/14	09:28:00	40.56092	141.50118	8	0.0	4	1.3	292
2024/05/14	09:29:00	40.56097	141.50118	14	0.0	5	1.2	290
2024/05/14	09:30:00	40.56082	141.50113	28	0.0	4	2.0	280
2024/05/14	09:31:00	40.56105	141.50121	2	0.0	4	2.0	244
2024/05/14	09:32:00	40.56104	141.50091	-36	0.0	4	2.0	239
2024/05/14	09:33:00	40.56092	141.50103	0	0.0	3	2.1	259
2024/05/14	09:34:00	40.56090	141.50110	6	0.0	4	1.4	257
2024/05/14	09:35:01	40.56093	141.50122	6	0.0	5	1.2	288
2024/05/14	09:36:00	40.56093	141.50101	8	0.0	5	1.3	298
2024/05/14	09:37:00	40.56094	141.50108	-4	0.0	4	1.4	282
2024/05/14	09:38:01	40.56091	141.50111	-2	0.0	5	1.3	281
2024/05/14	09:39:00	40.56088	141.50111	6	0.0	4	1.4	284
2024/05/14	09:40:01	40.56093	141.50115	6	0.0	3	2.2	259
2024/05/14	09:41:00	40.56096	141.50116	18	0.0	4	1.4	283
2024/05/14	09:42:00	40.56097	141.50112	16	0.0	4	1.4	234
2024/05/14	09:43:00	40.56092	141.50107	-8	0.0	4	1.4	226
2024/05/14	09:44:01	40.56095	141.50117	10	0.0	4	1.4	256
2024/05/14	09:45:00	40.56093	141.50109	10	0.0	4	2.0	285
2024/05/14	09:46:00	40.56095	141.50108	0	0.0	3	2.3	230
2024/05/14	09:47:00	40.56097	141.50120	14	0.0	4	2.1	289
2024/05/14	09:48:00	40.56105	141.50121	-12	0.0	4	2.1	328
2024/05/14	09:49:00	40.56098	141.50109	-12	0.0	4	2.1	274
2024/05/14	09:50:01	40.56090	141.50124	26	0.0	3	2.3	281
2024/05/14	09:51:00	40.56104	141.50106	-12	0.0	4	2.1	257
2024/05/14	09:52:00	40.56094	141.50099	-2	0.0	4	2.1	315
2024/05/14	09:53:00	40.56102	141.50116	-64	0.0	3	2.4	294
2024/05/14	09:54:01	40.56079	141.50125	40	0.0	3	2.4	231
2024/05/14	09:55:01	40.56092	141.50114	42	0.0	3	2.3	305
2024/05/14	09:56:01	40.56093	141.50128	6	0.0	4	2.1	314
2024/05/14	09:57:00	40.56089	141.50126	42	0.0	3	2.3	261
2024/05/14	09:58:01	40.56092	141.50113	138	0.0	3	2.3	194
2024/05/14	09:59:02	40.56094	141.50123	-62	0.0	3	2.3	306
2024/05/14	10:00:29	40.56090	141.50121	6	0.0	4	2.0	309
2024/05/14	10:01:00	40.56109	141.50086	6	0.0	4	2.0	264
2024/05/14	10:02:00	40.56074	141.50124	12	3.7	4	2.0	264
2024/05/14	10:03:00	40.56104	141.50116	22	0.0	3	2.3	289
2024/05/14	10:04:00	40.56091	141.50116	-12	0.0	3	2.2	263
2024/05/14	10:05:00	40.56104	141.50118	4	0.0	4	2.2	299
2024/05/14	10:06:00	40.56094	141.50125	-4	0.0	4	2.1	306
2024/05/14	10:07:01	40.56095	141.50121	2	0.0	4	2.1	192
2024/05/14	10:08:01	40.56095	141.50119	12	0.0	3	2.1	200
2024/05/14	10:09:01	40.56082	141.50139	0	3.7	4	2.2	227
2024/05/14	10:10:01	40.56094	141.50119	-12	0.0	3	2.2	254
2024/05/14	10:11:02	40.56089	141.50124	6	0.0	4	2.2	265
2024/05/14	10:12:00	40.56080	141.50149	2	0.0	4	2.2	230
2024/05/14	10:13:00	40.56074	141.50158	-12	0.0	3	2.2	203
2024/05/14	10:14:00	40.56055	141.50151	24	0.0	4	2.2	234
2024/05/14	10:15:00	40.56073	141.50164	-28	0.0	4	2.4	263
2024/05/14	10:16:00	40.56064	141.50155	-2	0.0	4	2.3	259
2024/05/14	10:17:01	40.56069	141.50142	24	0.0	4	2.4	264
2024/05/14	10:18:01	40.56056	141.50182	-22	3.7	3	2.4	257
2024/05/14	10:19:02	40.56072	141.50151	2	0.0	4	2.3	255
2024/05/14	10:20:00	40.56075	141.50155	-6	0.0	4	2.4	225
2024/05/14	10:21:01	40.56067	141.50157	-2	0.0	4	2.4	263
2024/05/14	10:22:00	40.56071	141.50166	-20	0.0	4	2.4	267
2024/05/14	10:23:01	40.56085	141.50149	-4	0.0	4	2.4	271
2024/05/14	10:24:01	40.56081	141.50152	-0	0.0	4	2.4	261
2024/05/14	10:25:02	40.56079	141.50154	-8	0.0	4	3.0	268
2024/05/14	10:26:02	40.56073	141.50151	2	0.0	4	3.0	321
2024/05/14	10:27:02	40.56060	141.50158	12	0.0	4	3.0	317
2024/05/14	10:28:02	40.56068	141.50159	6	0.0	4	3.0	324
2024/05/14	10:29:02	40.56074	141.50150	6	0.0	4	3.0	298
2024/05/14	10:30:02	40.56068	141.50154	-2	0.0	4	3.0	296
2024/05/14	10:31:02	40.56079	141.50153	-10	0.0	4	3.0	296
2024/05/14	10:32:02	40.56068	141.50152	-4	0.0	4	3.0	267
2024/05/14	10:33:02	40.56061	141.50151	-8	0.0	4	3.0	264
2024/05/14	10:34:02	40.56076	141.50153	-4	0.0	4	3.1	261
2024/05/14	10:35:02	40.56076	141.50152	16	0.0	4	3.1	290
2024/05/14	10:36:02	40.56081	141.50152	8	0.0	4	3.0	320
2024/05/14	10:37:02	40.56083	141.50153	8	0.0	4	3.0	263
2024/05/14	10:38:02	40.56076	141.50154	16	0.0	4	3.0	315
2024/05/14	10:39:02	40.56066	141.50156	6	0.0	4	3.0	292
2024/05/14	10:40:02	40.56065	141.50155	8	0.0	4	3.0	298
2024/05/14	10:41:02	40.56081	141.50152	2	0.0	4	3.0	294
2024/05/14	10:42:02	40.56068	141.50155	-6	0.0	4	3.0	286
2024/05/14	10:43:02	40.56068	141.50158	0	0.0	4	3.0	291
2024/05/14	10:44:02	40.56069	141.50157	-4	0.0	4	3.0	294
2024/05/14	10:45:02	40.56064	141.50154	4	0.0	4	3.0	259
2024/05/14	10:46:01	40.56064	141.50154	2	0.0	4	2.4	286
2024/05/14	10:47:00	40.56061	141.50150	20	0.0	4	2.4	286
2024/05/14	10:48:01	40.56071	141.50148	-6	0.0	4	2.4	292
2024/05/14	10:49:00	40.56072	141.50152	2	0.0	4	2.4	286
2024/05/14	10:50:00	40.56059	141.50155	8	0.0	4	2.4	290
2024/05/14	10:51:00	40.56085	141.50151	2	0.0	4	2.3	292
2024/05/14	10:52:00	40.56066	141.50156	12	0.0	4	2.3	292
2024/05/14	10:53:01	40.56059	141.50158	12	0.0	4	2.3	294
2024/05/14	10:54:00	40.56069	141.50157	4	3.7	4	2.3	316
2024/05/14	10:55:00	40.56054	141.50158	-48	0.0	4	2.3	232
2024/05/14	10:56:01	40.56049	141.50184	6	0.0	3	2.3	227
2024/05/14	10:57:01	40.56062	141.50223	12	25.9	4	2.2	328
2024/05/14	10:58:00	40.56157	141.50379	-20	0.0	4	2.2	227
2024/05/14	10:59:03	40.56172	141.50382	2	0.0	4	2.2	301
2024/05/14	11:00:00	40.56187	141.50371	-2	0.0	4	2.2	225
2024/05/14	11:01:00	40.56186	141.50386	30	0.0	4	2.2	255
2024/05/14	11:02:01	40.56186	141.50385	-4	0.0	4	2.2	308
2024/05/14	11:03:02	40.56161	141.50389	42	0.0	3	4.2	277
2024/05/14	11:04:00	40.56183	141.50397	8	0.0	4	2.1	226
2024/05/14	11:05:02	40.55969	141.50218	-4	33.3	4	2.1	293
2024/05/14	11:06:00	40.55814	141.50251	-36	0.0	4	2.1	259
2024/05/14	11:07:00	40.55817	141.50244	2	0.0	4	2.1	309
2024/05/14	11:08:01	40.55899	141.50197	-42	29.6	4	2.1	296
2024/05/14	11:09:02	40.56035	141.50156	34	0.0	4	2.1	321
2024/05/14	11:10:00	40.56055	141.50163	4	0.0	4	2.1	336
2024/05/14	11:11:02	40.56051	141.50162	24	0.0	4	2.0	291
2024/05/14	11:12:00	40.56064	141.50162	2	0.0	4	2.0	319
2024/05/14	11:13:02	40.56056	141.50161	-2	0.0	3	4.0	317
2024/05/14	11:14:00	40.56057	141.50164	0	0.0	4	2.0	317
2024/05/14	11:15:01	40.56061	141.50165	-18	0.0	4	2.0	315
2024/05/14	11:16:01	40.56058	141.50162	-2	0.0	4	2.0	292
2024/05/14	11:17:02	40.56057	141.50161	14	0.0	4	2.0	312
2024/05/14	11:18:01	40.56057	141.50168	40	0.0	4	2.0	319
2024/05/14	11:19:02	40.56057	141.50161	12	0.0	4	2.0	316
2024/05/14	11:20:01	40.56040	141.50171	50	0.0	4	2.0	303
2024/05/14	11:21:00	40.56054	141.50150	-6	0.0	4	2.0	287
2024/05/14	11:22:01	40.56044	141.50152	2	0.0	4	2.0	314
2024/05/14	11:23:00	40.56055	141.50161	8	0.0	4	2.0	317
2024/05/14	11:24:01	40.56061	141.50169	16	0.0	4	2.0	312
2024/05/14	11:25:01	40.56057	141.50164	-10	0.0	4	2.0	313
2024/05/14	11:26:02	40.56059	141.50165	6	0.0	4	2.0	299
2024/05/14	11:27:00	40.56061	141.50170	-0	0.0	4	2.0	284
2024/05/14	11:28:01	40.56063	141.50168	24	0.0	4	2.0	310
2024/05/14	11:29:00	40.56048	141.50142	-48	0.0	4	2.0	282
2024/05/14	11:30:01	40.56046	141.50151	-4	0.0	4	2.0	316
2024/05/14	11:31:01	40.56050	141.50166	14	0.0	4	2.0	321
2024/05/14	11:32:01	40.56051	141.50157	-4	0.0	4	2.0	317
2024/05/14	11:33:02	40.56078	141.50169	42	0.0	3	3.4	311
2024/05/14	11:34:02	40.56059	141.50159	-0	0.0	3	3.3	302
2024/05/14	11:35:02	40.56051	141.50162	-2	0.0	3	3.3	306
2024/05/14	11:36:02	40.56035	141.50162	-6	0.0	3	3.3	307
2024/05/14	11:37:02	40.56060	141.50158	4	0.0	4	2.0	309
2024/05/14	11:38:01	40.56054	141.50149	14	0.0	4	2.0	318
2024/05/14	11:39:02	40.56049	141.50147	0	0.0	4	2.0	283
2024/05/14	11:40:00	40.56054	141.50171	24	0.0	3	2.4	289
2024/05/14	11:41:00	40.56044	141.50154	32	0.0	3	2.4	281
2024/05/14	11:42:00	40.56048	141.50136	-16	0.0	3	2.4	280
2024/05/14	11:43:00	40.56036	141.50159	20	0.0	3	2.4	282
2024/05/14	11:44:00	40.56049	141.50134	-22	0.0	3	2.4	277
2024/05/14	11:45:01	40.56061	141.50148	-12	0.0	3	2.4	226
2024/05/14	11:46:03	40.56053	141.50158	8	0.0	3	2.4	304
2024/05/14	11:47:02	40.56053	141.50159	-2	0.0	4	2.1	283
2024/05/14	11:48:00	40.56066	141.50172	32	0.0	4	2.1	279
2024/05/14	11:49:00	40.56056	141.50155	26	0.0	3	2.4	281
2024/05/14	11:50:01	40.56055	141.50158	-10	0.0	3	2.4	281
2024/05/14	11:51:01	40.56052	141.50147	-6	0.0	3	2.4	312
2024/05/14	11:52:01	40.56057	141.50155	-8	0.0	3	2.4	307
2024/05/14	11:53:00	40.56054	141.50175	36	0.0	3	2.4	281
2024/05/14	11:54:00	40.56068	141.50169	-56	0.0	3	2.4	254
2024/05/14	11:55:02	40.56059	141.50160	6	0.0	3	3.1	311
2024/05/14	11:56:01	40.56052	141.50150	4	0.0	4	2.1	307
2024/05/14	11:57:01	40.56054	141.50181	36	0.0	3	2.4	291
2024/05/14	11:58:01	40.56055	141.50168	44	0.0	3	2.4	285
2024/05/14	11:59:01	40.56056	141.50147	-8	0.0	3	2.4	282
2024/05/14	12:00:02	40.56064	141.50155	6	0.0	4	2.2	276
2024/05/14	12:01:01	40.56057	141.50151	10	0.0	4	2.2	311
2024/05/14	12:02:02	40.56059	141.50164	8	0.0	4	2.3	315
2024/05/14	12:03:02	40.56052	141.50155	16	0.0	4	2.3	319
2024/05/14	12:04:01	40.56062	141.50190	26	0.0	4	2.3	314
2024/05/14	12:05:01	40.56061	141.50170	10	0.0	4	2.3	264
2024/05/14	12:06:00	40.56057	141.50127	-26	0.0	4	2.3	325
2024/05/14	12:07:00	40.56065	141.50200	38	3.7	4	2.3	269
2024/05/14	12:08:03	40.56061	141.50160	10	0.0	4	2.3	274
2024/05/14	12:09:02	40.56059	141.50153	14	0.0	3	3.1	277
2024/05/14	12:10:02	40.56058	141.50145	4	0.0	3	3.1	291
2024/05/14	12:11:02	40.56059	141.50147	-16	0.0	3	3.1	250
2024/05/14	12:12:03	40.56058	141.50160	26	0.0	3	3.1	282
2024/05/14	12:13:02	40.56058	141.50142	-0	0.0	3	3.1	284
2024/05/14	12:14:03	40.56060	141.50153	-0	0.0	4	2.4	288
2024/05/14	12:15:03	40.56061	141.50147	-4	0.0	3	3.1	283
2024/05/14	12:16:01	40.56057	141.50133	-12	0.0	4	2.4	259
2024/05/14	12:17:02	40.56060	141.50172	26	0.0	4	2.4	259
2024/05/14	12:18:01	40.56051	141.50171	30	0.0	4	2.4	286
2024/05/14	12:19:01	40.56060	141.50154	-2	0.0	4	2.4	292
2024/05/14	12:20:02	40.56059	141.50163	12	0.0	4	3.0	309
2024/05/14	12:21:03	40.56062	141.50163	16	0.0	4	3.0	310
2024/05/14	12:22:02	40.56055	141.50149	-0	0.0	3	3.3	307
2024/05/14	12:23:02	40.56060	141.50150	0	0.0	3	3.3	276
2024/05/14	12:24:03	40.56054	141.50141	-6	0.0	3	3.3	293
2024/05/14	12:25:02	40.56056	141.50147	4	0.0	3	3.2	278
2024/05/14	12:26:03	40.56059	141.50133	-20	0.0	3	3.2	289
2024/05/14	12:27:03	40.56062	141.50156	6	0.0	3	3.3	250
2024/05/14	12:28:03	40.56058	141.50153	10	0.0	4	3.1	306
2024/05/14	12:29:02	40.56055	141.50154	8	0.0	3	3.3	316
2024/05/14	12:30:02	40.56061	141.50152	-0	0.0	3	3.3	313
2024/05/14	12:31:02	40.56050	141.50140	-12	0.0	3	3.3	308
2024/05/14	12:32:03	40.56061	141.50157	6	0.0	3	3.4	315
2024/05/14	12:33:03	40.56059	141.50160	12	0.0	3	3.4	309
2024/05/14	12:34:02	40.56067	141.50165	10	0.0	2	3.0	308
2024/05/14	12:35:06	40.56056	141.50163	28	0.0	3	3.4	295
2024/05/14	12:36:03	40.56062	141.50150	-2	0.0	3	3.4	310
2024/05/14	12:37:04	40.56064	141.50167	18	0.0	3	3.4	305
2024/05/14	12:38:02	40.56059	141.50145	0	0.0	3	3.4	310
2024/05/14	12:39:04	40.56056	141.50152	12	3.7	3	3.4	285
2024/05/14	12:40:03	40.56062	141.50163	12	0.0	3	4.0	286
2024/05/14	12:41:02	40.56062	141.50152	12	0.0	2	3.0	270
2024/05/14	12:42:02	40.56058	141.50163	10	0.0	2	3.0	282
2024/05/14	12:43:03	40.56062	141.50128	-32	0.0	3	4.0	292
2024/05/14	12:44:03	40.56058	141.50171	14	0.0	3	4.0	294
2024/05/14	12:45:03	40.56076	141.50122	-42	0.0	3	4.1	292
2024/05/14	12:46:04	40.56062	141.50113	-44	0.0	2	3.0	263
2024/05/14	12:47:03	40.56060	141.50150	4	0.0	3	4.1	295
2024/05/14	12:48:03	40.56063	141.50140	-2	0.0	3	4.1	282
2024/05/14	12:49:03	40.56062	141.50168	8	0.0	3	4.1	276
2024/05/14	12:50:03	40.56052	141.50163	30	0.0	3	4.2	277
2024/05/14	12:51:03	40.56054	141.50158	20	0.0	3	4.2	280
2024/05/14	12:52:03	40.56056	141.50180	20	0.0	3	4.2	281
2024/05/14	12:53:07	40.56057	141.50162	20	0.0	2	3.1	276
2024/05/14	12:54:11	40.56033	141.50291	190	11.1	3	4.2	261
2024/05/14	12:55:05	40.56053	141.50139	6	0.0	3	4.3	273
2024/05/14	12:56:03	40.56053	141.50159	16	0.0	3	4.3	294
2024/05/14	12:57:05	40.56063	141.50148	8	7.4	3	4.3	269
2024/05/14	12:58:02	40.56057	141.50161	26	0.0	3	4.3	320
2024/05/14	12:59:03	40.56069	141.50122	-20	0.0	3	4.4	280
2024/05/14	13:00:03	40.56060	141.50175	14	0.0	3	4.4	276
2024/05/14	13:01:03	40.56062	141.50133	-14	3.7	3	4.4	267
2024/05/14	13:02:02	40.56067	141.50137	-14	0.0	2	3.1	275
2024/05/14	13:03:30	40.56060	141.50150	14	0.0	3	1.2	292
2024/05/14	13:04:01	40.56066	141.50157	12	0.0	3	1.2	281
2024/05/14	13:05:03	40.56046	141.50150	4	0.0	3	1.2	304
2024/05/14	13:06:01	40.56060	141.50152	14	0.0	3	1.2	281
2024/05/14	13:07:00	40.56057	141.50159	-6	0.0	3	1.2	280
2024/05/14	13:08:02	40.56061	141.50149	8	0.0	3	1.2	276
2024/05/14	13:09:00	40.56063	141.50153	14	0.0	3	1.2	248
2024/05/14	13:10:01	40.56058	141.50155	18	0.0	3	1.2	275
2024/05/14	13:11:01	40.56069	141.50152	10	0.0	3	1.2	278
2024/05/14	13:12:01	40.56065	141.50152	4	0.0	3	1.2	274
2024/05/14	13:13:01	40.56063	141.50161	12	0.0	3	1.2	281
2024/05/14	13:14:01	40.56056	141.50159	12	0.0	3	1.4	283
2024/05/14	13:15:00	40.56067	141.50166	-14	0.0	3	1.4	213
2024/05/14	13:16:01	40.56061	141.50142	10	0.0	3	1.2	270
2024/05/14	13:17:02	40.56058	141.50154	10	0.0	3	1.2	281
2024/05/14	13:18:02	40.56050	141.50191	52	0.0	2	8.0	276
2024/05/14	13:19:01	40.56058	141.50151	8	0.0	3	1.2	276
2024/05/14	13:20:01	40.56063	141.50152	8	0.0	3	1.2	287
2024/05/14	13:21:01	40.56059	141.50159	18	0.0	3	1.2	285
2024/05/14	13:22:01	40.56056	141.50149	4	0.0	3	1.2	287
2024/05/14	13:23:01	40.56055	141.50158	20	0.0	3	1.2	288
2024/05/14	13:24:01	40.56060	141.50152	6	0.0	3	1.2	284
2024/05/14	13:25:02	40.56058	141.50152	6	0.0	2	2.1	252
2024/05/14	13:26:01	40.56063	141.50152	12	0.0	3	1.2	280
2024/05/14	13:27:00	40.56052	141.50145	20	0.0	3	1.2	254
2024/05/14	13:28:00	40.56049	141.50143	14	0.0	3	1.2	251
2024/05/14	13:29:01	40.56064	141.50157	14	0.0	3	1.2	250
2024/05/14	13:30:00	40.56069	141.50157	18	0.0	3	1.2	250
2024/05/14	13:31:01	40.56069	141.50159	10	0.0	3	1.2	241
2024/05/14	13:32:01	40.56063	141.50161	16	0.0	3	1.2	279
2024/05/14	13:33:02	40.56063	141.50157	14	0.0	3	1.2	274
2024/05/14	13:34:02	40.56061	141.50153	10	0.0	3	1.2	275
2024/05/14	13:35:01	40.56064	141.50160	14	0.0	3	1.2	286
2024/05/14	13:36:00	40.56063	141.50159	14	0.0	3	1.3	260
2024/05/14	13:37:01	40.56061	141.50155	22	0.0	3	1.1	285
2024/05/14	13:38:02	40.56062	141.50155	8	0.0	3	1.1	279
2024/05/14	13:39:01	40.56062	141.50155	8	0.0	3	1.1	251
2024/05/14	13:40:01	40.56049	141.50144	12	0.0	3	1.3	271
2024/05/14	13:41:02	40.56064	141.50162	2	0.0	3	1.1	251
2024/05/14	13:42:02	40.56052	141.50146	14	0.0	3	1.1	277
2024/05/14	13:43:01	40.56064	141.50153	18	0.0	3	1.1	277
2024/05/14	13:44:02	40.56058	141.50152	10	0.0	3	1.1	279
2024/05/14	13:45:02	40.56065	141.50161	4	0.0	3	1.1	274
2024/05/14	13:46:02	40.56066	141.50163	6	0.0	3	1.1	264
2024/05/14	13:47:02	40.56063	141.50159	14	0.0	3	1.1	269
2024/05/14	13:48:03	40.56060	141.50158	6	0.0	3	1.1	269
2024/05/14	13:49:03	40.56059	141.50147	18	0.0	2	2.0	268
2024/05/14	13:50:02	40.56060	141.50153	18	0.0	3	1.1	271
2024/05/14	13:51:03	40.56065	141.50159	10	0.0	2	2.0	267
2024/05/14	13:52:03	40.56061	141.50157	14	0.0	3	1.1	267
2024/05/14	13:53:02	40.56062	141.50153	14	0.0	3	1.2	263
2024/05/14	13:54:02	40.56064	141.50157	16	0.0	2	2.0	264
2024/05/14	13:55:03	40.56063	141.50158	2	0.0	3	1.2	262
2024/05/14	13:56:03	40.56061	141.50154	10	0.0	3	1.2	279
2024/05/14	13:57:02	40.56055	141.50149	20	0.0	2	2.0	307
2024/05/14	13:58:02	40.56062	141.50157	14	0.0	2	2.0	268
2024/05/14	13:59:03	40.56069	141.50155	-2	0.0	2	2.0	291
2024/05/14	14:00:29	40.56061	141.50156	8	0.0	6	1.3	299
2024/05/14	14:01:00	40.56054	141.50152	20	0.0	6	1.4	262
2024/05/14	14:02:01	40.56067	141.50159	6	0.0	6	1.4	276
2024/05/14	14:03:00	40.56073	141.50162	-4	3.7	5	1.3	286
2024/05/14	14:04:00	40.56072	141.50146	14	0.0	4	1.4	285
2024/05/14	14:05:00	40.56066	141.50138	10	3.7	5	1.4	263
2024/05/14	14:06:00	40.56039	141.50133	30	0.0	4	1.4	228
2024/05/14	14:07:01	40.56062	141.50160	-6	0.0	6	1.3	311
2024/05/14	14:08:00	40.56042	141.50164	40	0.0	4	2.4	287
2024/05/14	14:09:01	40.56053	141.50158	26	0.0	4	2.2	271
2024/05/14	14:10:01	40.56060	141.50156	4	0.0	4	1.3	301
2024/05/14	14:11:01	40.56055	141.50154	16	0.0	4	1.3	300
2024/05/14	14:12:03	40.56057	141.50153	16	0.0	4	1.3	299
2024/05/14	14:13:01	40.56064	141.50157	12	0.0	4	1.3	297
2024/05/14	14:14:01	40.56063	141.50152	14	0.0	5	1.3	303
2024/05/14	14:15:01	40.56061	141.50156	4	0.0	4	1.3	299
2024/05/14	14:16:00	40.56059	141.50141	6	0.0	4	1.4	222
2024/05/14	14:17:00	40.55687	141.50386	22	37.0	5	1.2	322
2024/05/14	14:18:00	40.55211	141.50830	26	37.0	5	1.2	318
2024/05/14	14:19:02	40.54896	141.51561	6	48.2	4	1.3	289
2024/05/14	14:20:00	40.54712	141.51988	-4	29.6	5	1.2	258
2024/05/14	14:21:00	40.54740	141.52074	-4	0.0	5	1.2	316
2024/05/14	14:22:00	40.54753	141.52097	36	3.7	4	2.1	299
2024/05/14	14:23:00	40.54801	141.52326	-26	40.7	3	2.2	297
2024/05/14	14:24:00	40.54769	141.53021	28	37.0	4	2.0	284
2024/05/14	14:25:01	40.54536	141.53757	26	37.0	4	1.3	224
2024/05/14	14:26:02	40.54333	141.54469	44	37.0	5	1.2	314
2024/05/14	14:27:00	40.54173	141.55115	106	33.3	4	1.3	325
2024/05/14	14:28:01	40.54008	141.55750	44	25.9	5	1.2	320
2024/05/14	14:29:01	40.53941	141.55798	20	0.0	5	1.2	258
2024/05/14	14:30:00	40.53916	141.55776	26	3.7	3	2.1	219
2024/05/14	14:31:00	40.53938	141.55793	22	0.0	5	1.2	227
2024/05/14	14:32:00	40.53943	141.55789	38	3.7	4	2.0	231
2024/05/14	14:33:00	40.53929	141.55796	-20	0.0	4	1.3	199
2024/05/14	14:34:00	40.53928	141.55779	32	0.0	3	2.1	195
2024/05/14	14:35:01	40.53936	141.55790	12	0.0	5	1.2	221
2024/05/14	14:36:01	40.53955	141.55818	14	3.7	4	1.4	193
2024/05/14	14:37:01	40.53943	141.55802	8	0.0	5	1.2	221
2024/05/14	14:38:01	40.53936	141.55783	30	0.0	5	1.2	222
2024/05/14	14:39:01	40.53956	141.55800	18	3.7	4	2.2	162
2024/05/14	14:40:01	40.53939	141.55794	8	0.0	4	1.4	218
2024/05/14	14:41:01	40.53935	141.55800	6	0.0	3	1.4	155
2024/05/14	14:42:01	40.53942	141.55801	14	0.0	3	2.0	187
2024/05/14	14:43:01	40.53925	141.55798	0	0.0	4	1.3	190
2024/05/14	14:44:02	40.53939	141.55808	10	0.0	5	1.2	218
2024/05/14	14:45:00	40.53936	141.55786	34	3.7	4	1.3	228
2024/05/14	14:46:01	40.53931	141.55799	18	0.0	5	1.2	247
2024/05/14	14:47:01	40.53938	141.55813	66	0.0	4	1.3	214
2024/05/14	14:48:00	40.53931	141.55814	-174	3.7	3	1.4	222
2024/05/14	14:49:00	40.53939	141.55793	16	0.0	4	1.3	228
2024/05/14	14:50:00	40.53929	141.55797	10	0.0	3	1.4	224
2024/05/14	14:51:00	40.53926	141.55816	-18	0.0	3	1.3	198
2024/05/14	14:52:00	40.53940	141.55797	54	0.0	4	1.3	228
2024/05/14	14:53:01	40.53933	141.55786	-2	0.0	4	1.3	228
2024/05/14	14:54:01	40.53937	141.55798	-6	0.0	5	1.2	208
2024/05/14	14:55:01	40.53934	141.55798	30	0.0	3	1.4	137
2024/05/14	14:56:02	40.53942	141.55804	24	0.0	5	1.2	198
2024/05/14	14:57:00	40.53947	141.55798	12	3.7	4	1.2	231
2024/05/14	14:58:00	40.53937	141.55804	48	0.0	4	1.3	234
2024/05/14	14:59:01	40.53940	141.55801	14	0.0	5	1.2	230
2024/05/14	15:00:00	40.53935	141.55810	44	0.0	4	1.4	233
2024/05/14	15:01:00	40.53945	141.55803	44	0.0	4	1.4	235
2024/05/14	15:02:00	40.53924	141.55795	4	0.0	5	1.2	234
2024/05/14	15:03:01	40.53934	141.55795	12	0.0	5	1.2	233
2024/05/14	15:04:00	40.53929	141.55796	54	0.0	4	1.2	198
2024/05/14	15:05:00	40.53932	141.55796	10	3.7	4	1.3	229
2024/05/14	15:06:00	40.53961	141.55820	44	0.0	4	1.3	234
2024/05/14	15:07:00	40.53921	141.55813	-46	0.0	3	2.3	197
2024/05/14	15:08:00	40.53939	141.55800	2	0.0	4	1.3	168
2024/05/14	15:09:02	40.53938	141.55804	18	0.0	5	1.2	233
2024/05/14	15:10:00	40.53929	141.55795	16	0.0	5	1.2	237
2024/05/14	15:11:00	40.53947	141.55806	0	0.0	5	1.2	231
2024/05/14	15:12:00	40.53947	141.55799	48	0.0	5	1.2	241
2024/05/14	15:13:00	40.53963	141.55805	32	0.0	5	1.2	258
2024/05/14	15:14:00	40.53951	141.55800	-16	3.7	5	1.1	235
2024/05/14	15:15:01	40.53930	141.55785	4	0.0	5	1.1	264
2024/05/14	15:16:01	40.53931	141.55796	-0	0.0	4	2.2	231
2024/05/14	15:17:00	40.53934	141.55788	-36	3.7	3	2.2	163
2024/05/14	15:18:02	40.53944	141.55816	12	0.0	3	2.1	234
2024/05/14	15:19:01	40.53934	141.55798	16	0.0	3	2.3	204
2024/05/14	15:20:01	40.53940	141.55796	-40	0.0	4	1.3	167
2024/05/14	15:21:01	40.53935	141.55802	22	0.0	5	1.1	265
2024/05/14	15:22:01	40.53939	141.55807	18	0.0	4	2.0	169
2024/05/14	15:23:02	40.53936	141.55799	-10	0.0	3	2.2	173
2024/05/14	15:24:01	40.53946	141.55792	38	0.0	3	2.0	197
2024/05/14	15:25:02	40.53933	141.55798	20	0.0	4	1.4	235
2024/05/14	15:26:00	40.53925	141.55786	24	3.7	3	2.2	233
2024/05/14	15:27:00	40.53944	141.55807	32	0.0	4	1.3	263
2024/05/14	15:28:00	40.53934	141.55800	18	0.0	3	2.2	230
2024/05/14	15:29:00	40.53948	141.55801	-14	0.0	4	1.3	263
2024/05/14	15:30:00	40.53942	141.55810	6	0.0	4	1.4	207
2024/05/14	15:31:01	40.53949	141.55799	16	0.0	5	1.1	235
2024/05/14	15:32:01	40.53939	141.55798	18	0.0	5	1.1	237
2024/05/14	15:33:01	40.53940	141.55791	-12	0.0	5	1.1	239
2024/05/14	15:34:01	40.53943	141.55796	34	0.0	5	1.1	240
2024/05/14	15:35:01	40.53941	141.55789	28	0.0	4	1.2	235
2024/05/14	15:36:00	40.53929	141.55798	72	0.0	3	2.1	195
2024/05/14	15:37:01	40.53938	141.55792	14	0.0	5	1.1	204
2024/05/14	15:38:00	40.53937	141.55764	-8	0.0	3	1.3	235
2024/05/14	15:39:01	40.53933	141.55805	18	0.0	5	1.1	269
2024/05/14	15:40:01	40.53938	141.55807	18	0.0	4	1.2	195
2024/05/14	15:41:01	40.53943	141.55802	12	0.0	5	1.1	201
2024/05/14	15:42:01	40.53938	141.55787	14	0.0	4	1.2	204
2024/05/14	15:43:01	40.53938	141.55789	36	0.0	3	2.2	207
2024/05/14	15:44:00	40.53947	141.55803	28	0.0	4	1.2	262
2024/05/14	15:45:01	40.53944	141.55790	30	0.0	4	1.2	266
2024/05/14	15:46:02	40.53937	141.55795	22	0.0	4	1.2	238
2024/05/14	15:47:01	40.53940	141.55799	18	0.0	5	1.1	239
2024/05/14	15:48:01	40.53938	141.55792	0	0.0	4	1.2	266
2024/05/14	15:49:01	40.53930	141.55790	38	0.0	3	2.2	203
2024/05/14	15:50:01	40.53940	141.55799	0	0.0	4	1.3	236
2024/05/14	15:51:01	40.53935	141.55800	10	0.0	4	1.3	223
2024/05/14	15:52:01	40.53934	141.55802	30	0.0	5	1.2	202
2024/05/14	15:53:00	40.53937	141.55783	16	0.0	3	2.2	265
2024/05/14	15:54:00	40.53935	141.55804	36	3.7	3	2.2	230
2024/05/14	15:55:01	40.53937	141.55794	18	0.0	5	1.2	204
2024/05/14	15:56:01	40.53936	141.55799	24	0.0	4	1.3	203
2024/05/14	15:57:01	40.53939	141.55799	-0	0.0	3	2.3	233
2024/05/14	15:58:01	40.53934	141.55791	54	0.0	4	1.3	202
2024/05/14	15:59:01	40.53940	141.55789	22	0.0	4	1.2	202
2024/05/14	16:00:01	40.53937	141.55796	24	0.0	4	1.3	198
2024/05/14	16:01:01	40.53933	141.55796	46	0.0	4	1.3	196
2024/05/14	16:02:01	40.53946	141.55799	-38	0.0	3	2.4	193
2024/05/14	16:03:00	40.53941	141.55797	28	3.7	3	2.4	205
2024/05/14	16:04:01	40.53934	141.55778	28	0.0	3	2.4	203
2024/05/14	16:05:01	40.53939	141.55799	16	0.0	3	2.4	224
2024/05/14	16:06:01	40.53934	141.55797	12	0.0	4	1.3	261
2024/05/14	16:07:02	40.53941	141.55798	2	0.0	5	1.3	259
2024/05/14	16:08:03	40.53944	141.55794	-8	0.0	5	1.4	257
2024/05/14	16:09:02	40.53936	141.55800	20	0.0	4	1.4	254
2024/05/14	16:10:01	40.53936	141.55800	26	0.0	4	1.4	235
2024/05/14	16:11:01	40.53935	141.55797	34	0.0	4	1.4	232
2024/05/14	16:12:01	40.53935	141.55801	24	0.0	4	1.4	236
2024/05/14	16:13:01	40.53940	141.55798	4	0.0	4	2.0	237
2024/05/14	16:14:00	40.53935	141.55792	16	3.7	3	2.2	200
2024/05/14	16:15:00	40.53941	141.55792	8	0.0	4	2.0	233
2024/05/14	16:16:00	40.53945	141.55806	-18	0.0	4	2.0	238
2024/05/14	16:17:00	40.53931	141.55810	10	0.0	4	2.1	238
2024/05/14	16:18:00	40.53935	141.55808	-8	0.0	4	2.1	263
2024/05/14	16:19:01	40.53914	141.55813	90	0.0	3	2.2	136
2024/05/14	16:20:01	40.53938	141.55798	-12	0.0	4	2.2	256
2024/05/14	16:21:01	40.53923	141.55811	40	0.0	4	2.2	202
2024/05/14	16:22:01	40.53950	141.55784	-14	0.0	4	2.3	226
2024/05/14	16:23:01	40.53940	141.55795	22	0.0	4	2.3	294
2024/05/14	16:24:01	40.53936	141.55797	10	0.0	4	2.4	197
2024/05/14	16:25:01	40.53924	141.55813	30	0.0	4	2.4	258
2024/05/14	16:26:02	40.53945	141.55795	-0	0.0	4	3.0	251
2024/05/14	16:27:03	40.53938	141.55794	10	0.0	4	3.0	256
2024/05/14	16:28:03	40.53943	141.55793	4	0.0	4	3.1	263
2024/05/14	16:29:03	40.53937	141.55801	26	0.0	4	3.2	262
2024/05/14	16:30:03	40.53943	141.55797	4	0.0	4	3.3	262
2024/05/14	16:31:03	40.53939	141.55799	10	0.0	4	3.3	256
2024/05/14	16:32:03	40.53931	141.55802	28	0.0	4	3.4	292
2024/05/14	16:33:03	40.53928	141.55806	24	0.0	4	4.1	292
2024/05/14	16:34:03	40.53934	141.55803	18	0.0	4	4.2	261
2024/05/14	16:35:03	40.53941	141.55796	10	0.0	4	4.3	297
2024/05/14	16:36:02	40.53951	141.55788	-16	0.0	4	4.4	262
2024/05/14	16:37:03	40.53940	141.55796	8	0.0	4	5.1	262
2024/05/14	16:38:03	40.53944	141.55793	-0	0.0	4	5.3	300
2024/05/14	16:39:03	40.53941	141.55796	14	0.0	4	6.0	263
2024/05/14	16:40:03	40.53921	141.55813	42	0.0	4	6.2	261
2024/05/14	16:41:03	40.53936	141.55801	10	0.0	4	7.0	295
2024/05/14	16:42:03	40.53975	141.55768	-54	0.0	4	7.3	258
2024/05/14	16:43:03	40.53933	141.55802	12	0.0	4	8.1	245
2024/05/14	16:44:03	40.53964	141.55775	-26	0.0	4	9.0	254
2024/05/14	16:45:03	40.53925	141.55810	30	0.0	4	9.4	251
2024/05/14	16:46:03	40.53965	141.55779	-28	0.0	4	10.3	260
2024/05/14	16:47:02	40.53950	141.55786	-6	0.0	4	11.2	266
2024/05/14	16:48:02	40.53988	141.55754	-62	0.0	4	12.0	265
2024/05/14	16:49:02	40.53976	141.55763	-42	0.0	4	12.3	263
2024/05/14	16:50:02	40.53864	141.55872	132	0.0	4	13.0	259
2024/05/14	16:51:02	40.53968	141.55769	-28	0.0	4	13.0	256
2024/05/14	16:52:03	40.54052	141.55696	-148	0.0	4	12.3	288
2024/05/14	16:53:03	40.53894	141.55846	82	0.0	4	12.1	290
2024/05/14	16:54:02	40.53911	141.55835	56	0.0	4	11.2	254
2024/05/14	16:55:02	40.53955	141.55782	-2	0.0	4	10.4	252
2024/05/14	16:56:03	40.53940	141.55790	4	0.0	4	10.0	285
2024/05/14	16:57:03	40.54006	141.55741	-78	0.0	4	9.1	286
2024/05/14	16:58:03	40.53948	141.55790	2	0.0	4	8.3	286
2024/05/14	16:59:03	40.53904	141.55829	52	0.0	3	9.2	282
2024/05/14	17:00:03	40.53927	141.55810	28	0.0	3	8.3	278
2024/05/14	17:01:02	40.53942	141.55795	8	0.0	3	7.4	284
2024/05/14	17:02:02	40.53936	141.55807	18	0.0	3	7.1	227
2024/05/14	17:03:03	40.53985	141.55758	-34	0.0	3	6.4	261
2024/05/14	17:04:02	40.53944	141.55793	6	0.0	3	6.2	284
2024/05/14	17:05:03	40.53927	141.55808	28	0.0	3	6.0	250
2024/05/14	17:06:03	40.53948	141.55793	8	3.7	3	5.3	284
2024/05/14	17:07:03	40.53932	141.55804	22	0.0	3	5.2	281
2024/05/14	17:08:05	40.53936	141.55798	24	0.0	3	5.1	240
2024/05/14	17:09:04	40.53935	141.55805	12	0.0	3	4.4	283
2024/05/14	17:10:04	40.53940	141.55793	14	0.0	3	4.3	304
2024/05/14	17:11:04	40.53894	141.55851	50	0.0	3	4.3	282
2024/05/14	17:12:04	40.53937	141.55799	20	7.4	3	4.2	302
2024/05/14	17:13:07	40.53944	141.55789	14	3.7	3	4.1	296
2024/05/14	17:14:08	40.53942	141.55792	12	3.7	3	4.0	296
2024/05/14	17:15:30	40.53938	141.55795	18	0.0	6	1.1	310
2024/05/14	17:16:00	40.53937	141.55799	22	0.0	5	1.1	267
2024/05/14	17:17:00	40.53942	141.55807	18	0.0	6	1.1	269
2024/05/14	17:18:00	40.53942	141.55796	28	0.0	6	1.1	237
2024/05/14	17:19:01	40.53936	141.55804	8	0.0	5	1.2	200
2024/05/14	17:20:00	40.53936	141.55790	18	0.0	5	1.1	206
2024/05/14	17:21:00	40.53938	141.55816	8	0.0	5	1.1	233
2024/05/14	17:22:01	40.53933	141.55801	18	0.0	6	1.0	310
2024/05/14	17:23:00	40.53940	141.55806	2	0.0	6	1.1	232
2024/05/14	17:24:00	40.53941	141.55815	12	0.0	5	1.4	227
2024/05/14	17:25:00	40.53942	141.55795	14	0.0	6	1.0	229
2024/05/14	17:26:00	40.53948	141.55824	-8	0.0	5	1.4	290
2024/05/14	17:27:01	40.53935	141.55802	6	0.0	6	1.4	227
2024/05/14	17:28:00	40.53933	141.55773	20	0.0	4	1.4	226
2024/05/14	17:29:00	40.53948	141.55800	24	0.0	4	1.4	228
2024/05/14	17:30:00	40.53937	141.55765	34	0.0	3	1.4	136
2024/05/14	17:31:00	40.53938	141.55799	24	0.0	4	1.3	223
2024/05/14	17:32:00	40.53939	141.55798	20	0.0	4	1.3	222
2024/05/14	17:33:01	40.53939	141.55802	10	0.0	4	1.3	241
2024/05/14	17:34:01	40.53942	141.55805	4	0.0	5	1.3	261
2024/05/14	17:35:00	40.53933	141.55792	22	0.0	4	1.3	197
2024/05/14	17:36:00	40.53938	141.55793	12	0.0	4	1.4	163
2024/05/14	17:37:00	40.53937	141.55792	16	0.0	4	1.4	161
2024/05/14	17:38:00	40.53940	141.55781	38	0.0	5	1.3	222
2024/05/14	17:39:00	40.53927	141.55800	26	0.0	4	1.3	193
2024/05/14	17:40:01	40.53937	141.55796	10	0.0	4	1.3	189
2024/05/14	17:41:00	40.53929	141.55838	6	0.0	4	1.4	201
2024/05/14	17:42:00	40.53955	141.55796	0	0.0	4	1.2	195
2024/05/14	17:43:01	40.53935	141.55813	-8	0.0	3	1.3	218
2024/05/14	17:44:00	40.53944	141.55804	6	0.0	4	1.4	193
2024/05/14	17:45:01	40.53937	141.55805	14	0.0	5	1.2	197
2024/05/14	17:46:01	40.53944	141.55779	20	0.0	4	1.2	223
2024/05/14	17:47:00	40.53935	141.55781	30	0.0	3	1.3	225
2024/05/14	17:48:01	40.53940	141.55809	-8	0.0	3	1.3	213
2024/05/14	17:49:00	40.53926	141.55808	-18	0.0	3	1.3	225
2024/05/14	17:50:01	40.53944	141.55789	34	3.7	3	1.3	259
2024/05/14	17:51:00	40.53946	141.55783	42	0.0	4	1.3	167
2024/05/14	17:52:01	40.53945	141.55806	-4	0.0	4	1.2	235
2024/05/14	17:53:00	40.53945	141.55790	14	0.0	4	1.4	191
2024/05/14	17:54:00	40.53932	141.55811	8	0.0	4	1.2	193
2024/05/14	17:55:01	40.53936	141.55798	18	0.0	3	1.4	161
2024/05/14	17:56:01	40.53939	141.55779	46	0.0	4	1.2	191
2024/05/14	17:57:00	40.53922	141.55792	16	0.0	3	1.2	199
2024/05/14	17:58:00	40.53933	141.55784	48	0.0	3	1.2	222
2024/05/14	17:59:01	40.53937	141.55811	10	0.0	4	1.2	186
2024/05/14	18:00:00	40.53938	141.55789	18	0.0	4	1.2	166
2024/05/14	18:01:00	40.53939	141.55774	68	0.0	4	1.2	168
2024/05/14	18:02:00	40.53940	141.55760	82	0.0	3	1.2	164
2024/05/14	18:03:01	40.53935	141.55798	-4	0.0	4	1.2	195
2024/05/14	18:04:02	40.53940	141.55797	20	0.0	4	1.2	230
2024/05/14	18:05:01	40.53935	141.55797	2	0.0	4	1.2	269
2024/05/14	18:06:00	40.53933	141.55806	20	0.0	4	1.2	197
2024/05/14	18:07:00	40.53932	141.55785	20	0.0	4	1.2	196
2024/05/14	18:08:00	40.53935	141.55782	28	0.0	4	1.2	198
2024/05/14	18:09:01	40.53936	141.55807	0	0.0	4	1.1	168
2024/05/14	18:10:01	40.53941	141.55789	28	0.0	4	1.1	201
2024/05/14	18:11:00	40.53935	141.55808	12	0.0	4	1.1	240
2024/05/14	18:12:00	40.53934	141.55795	26	0.0	4	1.1	195
2024/05/14	18:13:01	40.53941	141.55799	8	0.0	4	1.1	204
2024/05/14	18:14:00	40.53940	141.55803	0	0.0	4	1.1	195
2024/05/14	18:15:01	40.53939	141.55815	-16	0.0	4	1.1	164
2024/05/14	18:16:01	40.53938	141.55790	18	0.0	4	1.1	194
2024/05/14	18:17:01	40.53940	141.55801	12	0.0	4	1.1	265
2024/05/14	18:18:01	40.53937	141.55797	14	0.0	4	1.1	197
2024/05/14	18:19:00	40.53929	141.55793	14	0.0	4	1.1	169
2024/05/14	18:20:01	40.53937	141.55800	8	0.0	4	1.1	198
2024/05/14	18:21:01	40.53943	141.55790	24	0.0	4	1.1	169
2024/05/14	18:22:00	40.53930	141.55789	0	0.0	3	1.2	138
2024/05/14	18:23:00	40.53946	141.55808	48	0.0	4	1.2	198
2024/05/14	18:24:00	40.53937	141.55792	68	0.0	4	1.2	195
2024/05/14	18:25:00	40.53947	141.55792	36	0.0	4	1.2	193
2024/05/14	18:26:00	40.53940	141.55803	6	0.0	4	1.1	199
2024/05/14	18:27:00	40.53932	141.55804	-2	0.0	4	1.2	189
2024/05/14	18:28:01	40.53942	141.55804	14	0.0	4	1.1	196
2024/05/14	18:29:00	40.53922	141.55776	18	0.0	4	1.1	167
2024/05/14	18:30:01	40.53938	141.55798	-2	0.0	4	1.1	168
2024/05/14	18:31:00	40.53926	141.55800	14	0.0	4	1.1	167
2024/05/14	18:32:00	40.53931	141.55807	2	0.0	3	1.2	133
2024/05/14	18:33:01	40.53938	141.55798	16	0.0	4	1.1	169
2024/05/14	18:34:00	40.53940	141.55813	-6	0.0	4	1.1	172
2024/05/14	18:35:00	40.53939	141.55809	20	0.0	4	1.1	198
2024/05/14	18:36:00	40.53938	141.55813	14	0.0	4	1.1	195
2024/05/14	18:37:00	40.53944	141.55798	-2	0.0	4	1.1	195
2024/05/14	18:38:00	40.53936	141.55792	8	0.0	3	1.2	161
2024/05/14	18:39:00	40.53941	141.55802	14	0.0	4	1.1	261
2024/05/14	18:40:00	40.53929	141.55805	26	3.7	4	1.2	213
2024/05/14	18:41:00	40.53934	141.55775	40	3.7	3	2.4	197
2024/05/14	18:42:01	40.53930	141.55800	14	0.0	4	1.2	195
2024/05/14	18:43:01	40.53940	141.55788	0	0.0	4	1.2	196
2024/05/14	18:44:00	40.53947	141.55809	-56	3.7	3	2.4	228
2024/05/14	18:45:01	40.53939	141.55798	30	0.0	4	1.1	194
2024/05/14	18:46:00	40.53927	141.55788	-22	0.0	3	1.3	134
2024/05/14	18:47:00	40.53929	141.55786	70	0.0	3	2.3	162
2024/05/14	18:48:01	40.53929	141.55768	38	0.0	3	2.3	167
2024/05/14	18:49:01	40.53930	141.55803	72	0.0	4	1.2	227
2024/05/14	18:50:01	40.53937	141.55791	-2	0.0	3	2.3	162
2024/05/14	18:51:00	40.53917	141.55770	32	3.7	3	2.3	157
2024/05/14	18:52:00	40.53938	141.55816	20	3.7	3	2.3	165
2024/05/14	18:53:01	40.53940	141.55800	-0	0.0	3	2.3	222
2024/05/14	18:54:00	40.53935	141.55802	70	3.7	3	2.3	160
2024/05/14	18:55:02	40.53932	141.55807	30	0.0	3	2.3	240
2024/05/14	18:56:01	40.53938	141.55799	16	0.0	3	2.3	186
2024/05/14	18:57:01	40.53943	141.55788	18	0.0	3	2.3	196
2024/05/14	18:58:01	40.53958	141.55826	-78	0.0	3	2.3	168
2024/05/14	18:59:01	40.53949	141.55805	-30	0.0	3	2.3	189
2024/05/14	19:00:02	40.53918	141.55785	98	0.0	3	4.4	182
2024/05/14	19:01:02	40.53928	141.55799	70	0.0	3	4.4	239
2024/05/14	19:02:03	40.53936	141.55801	10	0.0	3	5.0	220
2024/05/14	19:03:02	40.53936	141.55805	20	0.0	3	5.0	192
2024/05/14	19:04:02	40.53938	141.55805	14	0.0	3	5.1	219
2024/05/14	19:05:02	40.53939	141.55803	-14	0.0	3	5.1	229
2024/05/14	19:06:02	40.53932	141.55796	40	0.0	3	5.1	221
2024/05/14	19:07:02	40.53914	141.55786	80	0.0	3	5.2	255
2024/05/14	19:08:02	40.53922	141.55788	46	0.0	3	5.3	226
2024/05/14	19:09:02	40.53935	141.55808	-0	0.0	3	5.3	226
2024/05/14	19:10:03	40.53916	141.55789	86	0.0	3	5.4	245
2024/05/14	19:11:03	40.53929	141.55792	38	0.0	3	5.4	285
2024/05/14	19:12:02	40.53962	141.55829	-44	0.0	3	6.0	217
2024/05/14	19:13:02	40.53957	141.55807	-34	0.0	3	6.1	231
2024/05/14	19:14:02	40.53955	141.55798	-28	0.0	3	6.2	252
2024/05/14	19:15:02	40.53919	141.55788	66	3.7	3	6.3	241
2024/05/14	19:16:03	40.53930	141.55783	46	0.0	3	6.3	280
2024/05/14	19:17:02	40.53928	141.55798	40	0.0	3	6.4	284
2024/05/14	19:18:03	40.53933	141.55809	44	0.0	3	7.1	276
2024/05/14	19:19:03	40.53942	141.55796	16	0.0	3	7.2	289
2024/05/14	19:20:02	40.53949	141.55796	-14	0.0	3	7.3	243
2024/05/14	19:21:02	40.53889	141.55777	138	0.0	3	7.4	275
2024/05/14	19:22:03	40.53932	141.55793	52	11.1	3	8.1	274
2024/05/14	19:23:03	40.53919	141.55798	52	0.0	2	5.2	276
2024/05/14	19:24:02	40.53942	141.55803	6	0.0	3	8.4	280
2024/05/14	19:25:02	40.53911	141.55785	78	0.0	3	9.1	253
2024/05/14	19:26:02	40.53949	141.55799	-10	0.0	3	9.3	262
2024/05/14	19:27:03	40.53965	141.55814	-46	0.0	3	10.0	224
2024/05/14	19:28:03	40.53936	141.55800	18	0.0	3	10.2	252
2024/05/14	19:29:03	40.53922	141.55792	40	0.0	3	11.0	282
2024/05/14	19:30:02	40.53923	141.55792	50	0.0	3	11.3	280
2024/05/14	19:31:03	40.53955	141.55805	-40	3.7	3	12.1	180
2024/05/14	19:32:02	40.53877	141.55770	122	0.0	3	13.0	246
2024/05/14	19:33:02	40.53928	141.55781	22	0.0	3	13.4	220
2024/05/14	19:34:03	40.53964	141.55814	-36	0.0	3	14.4	290
2024/05/14	19:35:03	40.53931	141.55791	26	0.0	3	15.4	250
2024/05/14	19:36:36	40.53937	141.55799	10	0.0	7	1.0	291
2024/05/14	19:37:00	40.53938	141.55776	42	3.7	4	2.0	289
2024/05/14	19:38:01	40.53947	141.55805	-0	0.0	5	1.1	253
2024/05/14	19:39:00	40.53930	141.55805	4	0.0	6	1.0	295
2024/05/14	19:40:00	40.53939	141.55796	24	0.0	6	1.1	322
2024/05/14	19:41:00	40.53941	141.55795	0	0.0	5	1.2	285
2024/05/14	19:42:00	40.53942	141.55795	-0	0.0	6	1.0	299
2024/05/14	19:43:00	40.53936	141.55800	2	0.0	6	1.0	256
2024/05/14	19:44:01	40.53950	141.55798	-10	0.0	7	2.0	314
2024/05/14	19:45:00	40.53919	141.55796	48	0.0	4	2.4	306
2024/05/14	19:46:01	40.53946	141.55799	0	0.0	6	2.0	311
2024/05/14	19:47:00	40.53954	141.55791	22	25.9	6	1.0	267
2024/05/14	19:48:01	40.54316	141.56204	14	29.6	5	1.4	335
2024/05/14	19:49:01	40.54746	141.56527	26	37.0	7	0.4	330
2024/05/14	19:50:00	40.55126	141.56737	14	40.7	4	2.4	305
2024/05/14	19:51:01	40.55608	141.57111	20	33.3	5	1.1	232
2024/05/14	19:52:00	40.56027	141.57520	8	37.0	7	1.1	336
2024/05/14	19:53:00	40.56493	141.57804	18	33.3	7	1.0	333
2024/05/14	19:54:01	40.56918	141.58241	22	37.0	7	1.0	321
2024/05/14	19:55:00	40.57192	141.58852	34	37.0	7	1.0	327
2024/05/14	19:56:00	40.57222	141.59257	16	29.6	6	2.1	259
2024/05/14	19:57:00	40.57338	141.59829	6	29.6	5	1.4	287
2024/05/14	19:58:00	40.57092	141.59897	14	29.6	5	1.1	285
2024/05/14	19:59:00	40.56690	141.59454	34	40.7	6	2.2	288
2024/05/14	20:00:01	40.56164	141.58963	40	40.7	7	1.0	290
2024/05/14	20:01:00	40.55773	141.58568	32	40.7	7	2.1	290
2024/05/14	20:02:00	40.55304	141.58033	8	40.7	6	1.1	281
2024/05/14	20:03:00	40.54919	141.57353	60	37.0	5	2.2	286
2024/05/14	20:04:00	40.54571	141.56691	32	33.3	6	2.1	287
2024/05/14	20:05:00	40.54315	141.56084	18	33.3	6	2.1	323
2024/05/14	20:06:01	40.53940	141.55799	-0	0.0	5	1.2	278
2024/05/14	20:07:00	40.53929	141.55788	24	3.7	5	1.4	314
2024/05/14	20:08:01	40.53944	141.55801	8	0.0	6	1.2	304
2024/05/14	20:09:01	40.53939	141.55794	4	0.0	5	1.2	302
2024/05/14	20:10:00	40.53929	141.55796	-12	3.7	4	1.4	309
2024/05/14	20:11:00	40.53959	141.55815	42	0.0	5	2.2	312
2024/05/14	20:12:01	40.53926	141.55797	-2	0.0	6	1.2	302
2024/05/14	20:13:00	40.53978	141.55824	2	0.0	5	2.3	279
2024/05/14	20:14:01	40.53945	141.55800	14	0.0	5	2.2	304
2024/05/14	20:15:01	40.53944	141.55799	14	0.0	6	1.2	290
2024/05/14	20:16:01	40.53940	141.55795	20	0.0	5	2.3	276
2024/05/14	20:17:00	40.53947	141.55803	58	0.0	3	2.4	218
2024/05/14	20:18:01	40.53949	141.55804	20	0.0	5	2.3	272
2024/05/14	20:19:00	40.53945	141.55803	8	0.0	4	2.4	226
2024/05/14	20:20:01	40.53946	141.55803	18	0.0	5	2.3	268
2024/05/14	20:21:01	40.53933	141.55799	2	0.0	5	2.3	277
2024/05/14	20:22:01	40.53940	141.55798	8	0.0	5	2.2	274
2024/05/14	20:23:01	40.53945	141.55801	6	0.0	5	2.2	254
2024/05/14	20:24:00	40.53946	141.55814	-26	0.0	5	2.2	221
2024/05/14	20:25:00	40.53929	141.55782	0	0.0	5	2.2	255
2024/05/14	20:26:00	40.53927	141.55788	28	0.0	5	2.2	225
2024/05/14	20:27:00	40.53948	141.55796	24	0.0	4	2.3	255
2024/05/14	20:28:01	40.53941	141.55797	16	0.0	5	2.2	224
2024/05/14	20:29:01	40.53934	141.55792	14	0.0	4	2.2	231
2024/05/14	20:30:00	40.53924	141.55788	-10	0.0	5	2.2	257
2024/05/14	20:31:00	40.53928	141.55796	-8	0.0	5	2.2	261
2024/05/14	20:32:00	40.53945	141.55809	10	0.0	4	2.2	262
2024/05/14	20:33:00	40.53936	141.55801	14	0.0	4	2.2	259
2024/05/14	20:34:00	40.53954	141.55807	-4	0.0	5	2.1	259
2024/05/14	20:35:01	40.53943	141.55805	-2	0.0	5	2.1	258
2024/05/14	20:36:00	40.53943	141.55811	18	3.7	4	2.2	256
2024/05/14	20:37:00	40.53909	141.55780	26	0.0	5	2.1	261
2024/05/14	20:38:00	40.53941	141.55805	40	0.0	5	2.0	220
2024/05/14	20:39:00	40.53916	141.55794	20	0.0	3	2.1	196
2024/05/14	20:40:00	40.53937	141.55798	14	0.0	5	2.0	263
2024/05/14	20:41:00	40.53915	141.55785	6	0.0	5	2.0	232
2024/05/14	20:42:00	40.53933	141.55802	26	0.0	4	2.1	256
2024/05/14	20:43:00	40.53932	141.55803	18	0.0	5	2.0	232
2024/05/14	20:44:00	40.53947	141.55804	10	0.0	4	2.1	261
2024/05/14	20:45:00	40.53958	141.55822	24	0.0	5	1.4	226
2024/05/14	20:46:01	40.53923	141.55797	22	0.0	5	1.4	258
2024/05/14	20:47:01	40.53944	141.55799	-20	0.0	5	1.4	226
2024/05/14	20:48:00	40.53924	141.55785	20	0.0	5	1.4	261
2024/05/14	20:49:00	40.53946	141.55796	-8	0.0	5	1.4	257
2024/05/14	20:50:00	40.53924	141.55796	22	0.0	4	2.4	259
2024/05/14	20:51:00	40.53924	141.55787	10	0.0	5	1.3	264
2024/05/14	20:52:00	40.53921	141.55781	6	0.0	5	1.3	262
2024/05/14	20:53:00	40.53927	141.55812	18	0.0	5	1.3	260
2024/05/14	20:54:00	40.53920	141.55797	68	3.7	5	1.3	232
2024/05/14	20:55:01	40.53928	141.55809	30	0.0	4	2.0	263
2024/05/14	20:56:01	40.53939	141.55805	18	0.0	5	1.3	260
2024/05/14	20:57:01	40.53925	141.55790	4	0.0	5	1.3	288
2024/05/14	20:58:01	40.53929	141.55797	10	0.0	5	1.3	283
2024/05/14	20:59:00	40.53931	141.55788	-4	0.0	4	2.0	286
2024/05/14	21:00:00	40.53942	141.55786	-34	0.0	4	2.0	228
2024/05/14	21:01:01	40.53941	141.55794	-24	0.0	5	1.3	295
2024/05/14	21:02:00	40.53935	141.55792	28	0.0	5	1.3	260
2024/05/14	21:03:01	40.53934	141.55799	2	0.0	5	1.3	279
2024/05/14	21:04:01	40.53956	141.55803	2	0.0	5	1.2	285
2024/05/14	21:05:00	40.53950	141.55812	14	0.0	4	1.3	282
2024/05/14	21:06:00	40.53945	141.55783	16	0.0	4	2.0	217
2024/05/14	21:07:01	40.53925	141.55796	-2	0.0	5	1.2	284
2024/05/14	21:08:01	40.53928	141.55798	20	0.0	5	1.2	284
2024/05/14	21:09:00	40.53946	141.55795	-14	0.0	3	2.0	218
2024/05/14	21:10:02	40.53945	141.55800	2	0.0	5	1.2	287
2024/05/14	21:11:00	40.53940	141.55799	4	0.0	4	1.4	197
2024/05/14	21:12:01	40.53930	141.55799	28	0.0	5	1.2	288
2024/05/14	21:13:00	40.53929	141.55812	40	0.0	3	2.4	194
2024/05/14	21:14:00	40.53947	141.55803	-2	0.0	5	1.2	292
2024/05/14	21:15:00	40.53934	141.55795	0	0.0	5	1.2	260
2024/05/14	21:16:00	40.53936	141.55800	10	0.0	4	2.0	259
2024/05/14	21:17:00	40.53925	141.55801	-0	0.0	5	1.2	262
2024/05/14	21:18:00	40.53945	141.55789	0	0.0	4	2.0	228
2024/05/14	21:19:00	40.53939	141.55800	-6	0.0	4	2.0	224
2024/05/14	21:20:01	40.53944	141.55796	-2	0.0	5	1.2	286
2024/05/14	21:21:01	40.53931	141.55803	22	0.0	5	1.2	276
2024/05/14	21:22:01	40.53926	141.55790	34	0.0	5	1.2	287
2024/05/14	21:23:00	40.53945	141.55802	10	0.0	3	1.2	251
2024/05/14	21:24:00	40.53940	141.55784	-12	0.0	4	2.0	285
2024/05/14	21:25:00	40.53943	141.55780	-26	0.0	4	2.0	254
2024/05/14	21:26:01	40.53937	141.55796	24	0.0	3	2.0	221
2024/05/14	21:27:00	40.53946	141.55801	-2	0.0	4	1.3	287
2024/05/14	21:28:00	40.53951	141.55803	-2	0.0	5	1.2	289
2024/05/14	21:29:00	40.53946	141.55793	-6	0.0	4	2.1	248
2024/05/14	21:30:00	40.53953	141.55800	-26	0.0	3	2.0	286
2024/05/14	21:31:00	40.53940	141.55804	-2	0.0	4	2.1	254
2024/05/14	21:32:02	40.53932	141.55802	10	0.0	5	1.2	281
2024/05/14	21:33:01	40.53918	141.55790	46	0.0	4	2.2	281
2024/05/14	21:34:02	40.53933	141.55795	32	0.0	4	2.1	266
2024/05/14	21:35:02	40.53935	141.55790	22	0.0	4	1.2	236
2024/05/14	21:36:01	40.53930	141.55797	12	0.0	5	1.1	315
2024/05/14	21:37:00	40.53938	141.55801	10	0.0	4	1.2	242
2024/05/14	21:38:00	40.53932	141.55792	0	0.0	3	2.4	245
2024/05/14	21:39:00	40.53934	141.55798	14	0.0	4	2.1	277
2024/05/14	21:40:01	40.53950	141.55798	2	0.0	4	1.2	240
2024/05/14	21:41:01	40.53940	141.55800	8	0.0	4	1.2	284
2024/05/14	21:42:00	40.53934	141.55794	16	0.0	5	1.1	279
2024/05/14	21:43:00	40.53938	141.55795	10	0.0	4	1.2	212
2024/05/14	21:44:01	40.53936	141.55800	14	0.0	5	1.1	269
2024/05/14	21:45:00	40.53930	141.55800	18	0.0	3	1.2	273
2024/05/14	21:46:01	40.53934	141.55793	28	0.0	4	1.2	275
2024/05/14	21:47:00	40.53949	141.55803	8	0.0	4	1.2	271
2024/05/14	21:48:01	40.53933	141.55796	24	0.0	5	1.1	276
2024/05/14	21:49:01	40.53942	141.55801	6	0.0	4	1.1	266
2024/05/14	21:50:00	40.53949	141.55788	-14	0.0	4	1.2	276
2024/05/14	21:51:01	40.53935	141.55797	16	0.0	4	2.3	269
2024/05/14	21:52:01	40.53945	141.55800	10	0.0	5	1.1	289
2024/05/14	21:53:02	40.53941	141.55798	14	0.0	4	1.1	279
2024/05/14	21:54:01	40.53936	141.55797	8	0.0	4	1.2	302
2024/05/14	21:55:00	40.53937	141.55795	12	0.0	4	1.2	258
2024/05/14	21:56:02	40.53937	141.55799	8	0.0	4	1.2	299
2024/05/14	21:57:02	40.53944	141.55790	12	0.0	4	1.2	309
2024/05/14	21:58:01	40.53942	141.55798	-4	0.0	5	1.1	301
2024/05/14	21:59:02	40.53941	141.55796	2	0.0	5	1.1	297
2024/05/14	22:00:29	40.53933	141.55797	36	0.0	3	2.3	279
2024/05/14	22:01:01	40.53934	141.55792	24	0.0	3	2.3	274
2024/05/14	22:02:02	40.53939	141.55800	10	0.0	3	2.3	262
2024/05/14	22:03:00	40.53947	141.55799	-38	0.0	3	2.3	222
2024/05/14	22:04:01	40.53925	141.55793	36	0.0	3	2.3	215
2024/05/14	22:05:02	40.53944	141.55805	-10	0.0	2	2.3	237
2024/05/14	22:06:02	40.53911	141.55797	74	0.0	3	2.3	251
2024/05/14	22:07:02	40.53917	141.55790	116	0.0	3	2.2	244
2024/05/14	22:08:02	40.53933	141.55797	0	0.0	3	2.2	253
2024/05/14	22:09:01	40.53938	141.55798	-14	0.0	3	2.2	217
2024/05/14	22:10:01	40.53929	141.55793	50	0.0	3	2.2	218
2024/05/14	22:11:02	40.53935	141.55801	22	0.0	3	2.2	218
2024/05/14	22:12:02	40.53939	141.55790	12	0.0	3	2.2	221
2024/05/14	22:13:01	40.53931	141.55798	26	0.0	3	2.2	221
2024/05/14	22:14:02	40.53928	141.55798	44	0.0	3	2.2	225
2024/05/14	22:15:00	40.53925	141.55794	60	3.7	3	2.2	163
2024/05/14	22:16:02	40.53923	141.55798	42	0.0	3	2.2	243
2024/05/14	22:17:03	40.53930	141.55800	32	0.0	2	3.0	272
2024/05/14	22:18:02	40.53932	141.55799	18	0.0	3	2.2	221
2024/05/14	22:19:02	40.53941	141.55805	14	0.0	3	2.2	217
2024/05/14	22:20:02	40.53941	141.55797	6	0.0	3	2.1	241
2024/05/14	22:21:01	40.53934	141.55805	16	0.0	3	2.1	192
2024/05/14	22:22:01	40.53930	141.55802	0	0.0	3	2.1	220
2024/05/14	22:23:02	40.53941	141.55803	-14	0.0	3	2.1	228
2024/05/14	22:24:01	40.53943	141.55793	-12	0.0	3	2.1	256
2024/05/14	22:25:01	40.53938	141.55791	8	0.0	3	2.1	210
2024/05/14	22:26:01	40.53943	141.55803	22	0.0	3	2.1	220
2024/05/14	22:27:02	40.53938	141.55795	4	0.0	3	2.1	222
2024/05/14	22:28:01	40.53941	141.55804	16	0.0	3	2.1	215
2024/05/14	22:29:01	40.53922	141.55803	56	0.0	3	2.1	212
2024/05/14	22:30:01	40.53938	141.55798	14	0.0	3	2.1	220
2024/05/14	22:31:02	40.53930	141.55798	16	0.0	3	2.1	229
2024/05/14	22:32:01	40.53924	141.55802	42	0.0	3	2.1	224
2024/05/14	22:33:02	40.53920	141.55797	36	0.0	2	2.3	223
2024/05/14	22:34:01	40.53929	141.55804	48	0.0	3	2.1	216
2024/05/14	22:35:03	40.53930	141.55800	16	0.0	3	2.1	242
2024/05/14	22:36:01	40.53928	141.55798	48	0.0	3	2.1	251
2024/05/14	22:37:02	40.53930	141.55800	26	0.0	2	2.3	287
2024/05/14	22:38:01	40.53927	141.55802	20	0.0	3	2.1	245
2024/05/14	22:39:00	40.53930	141.55807	-6	0.0	3	2.1	247
2024/05/14	22:40:02	40.53934	141.55803	18	0.0	3	2.1	241
2024/05/14	22:41:03	40.53940	141.55799	-2	0.0	3	2.1	248
2024/05/14	22:42:01	40.53922	141.55803	40	0.0	3	2.1	245
2024/05/14	22:43:01	40.53921	141.55797	52	0.0	3	2.1	214
2024/05/14	22:44:01	40.53935	141.55803	32	0.0	3	2.1	250
2024/05/14	22:45:02	40.53925	141.55796	36	0.0	3	2.1	275
2024/05/14	22:46:02	40.53942	141.55798	-6	0.0	3	2.1	252
2024/05/14	22:47:02	40.53932	141.55802	-0	0.0	3	2.1	292
2024/05/14	22:48:02	40.53938	141.55789	2	0.0	3	2.1	257
2024/05/14	22:49:02	40.53939	141.55798	-4	0.0	2	2.2	259
2024/05/14	22:50:00	40.53933	141.55796	10	3.7	3	2.1	214
2024/05/14	22:51:03	40.53954	141.55784	-12	3.7	3	2.1	239
2024/05/14	22:52:03	40.53938	141.55789	6	0.0	2	2.2	279
2024/05/14	22:53:03	40.53934	141.55796	-4	0.0	3	2.1	210
2024/05/14	22:54:01	40.53916	141.55790	12	0.0	3	2.1	212
2024/05/14	22:55:01	40.53926	141.55800	16	0.0	3	2.1	209
2024/05/14	22:56:00	40.53950	141.55802	0	0.0	3	2.1	214
2024/05/14	22:57:01	40.53926	141.55796	14	0.0	3	2.1	238
2024/05/14	22:58:02	40.53948	141.55786	-22	0.0	3	2.1	238
2024/05/14	22:59:03	40.53933	141.55798	16	0.0	3	2.1	262
2024/05/14	23:00:02	40.53935	141.55796	4	0.0	2	2.2	204
2024/05/14	23:01:03	40.53938	141.55798	-0	0.0	3	2.1	244
2024/05/14	23:02:02	40.53935	141.55796	0	0.0	3	2.1	246
2024/05/14	23:03:02	40.53934	141.55799	8	0.0	3	2.1	247
2024/05/14	23:04:01	40.53935	141.55804	8	0.0	3	2.1	249
2024/05/14	23:05:02	40.53938	141.55802	16	0.0	3	2.1	256
2024/05/14	23:06:02	40.53932	141.55796	28	0.0	2	2.2	238
2024/05/14	23:07:02	40.53935	141.55788	-6	0.0	2	2.2	242
2024/05/14	23:08:02	40.53936	141.55791	-24	0.0	2	2.2	244
2024/05/14	23:09:02	40.53938	141.55799	-12	0.0	2	2.2	242
2024/05/14	23:10:02	40.53941	141.55799	-10	0.0	2	2.2	263
2024/05/14	23:11:03	40.53941	141.55797	-2	0.0	2	2.2	268
2024/05/14	23:12:03	40.53928	141.55800	34	0.0	3	2.1	270
2024/05/14	23:13:02	40.53934	141.55800	26	0.0	2	2.3	266
2024/05/14	23:14:02	40.53933	141.55808	38	0.0	2	2.3	274
2024/05/14	23:15:03	40.53940	141.55800	0	0.0	2	2.3	287
2024/05/14	23:16:02	40.53926	141.55800	26	0.0	2	2.3	291
2024/05/14	23:17:02	40.53916	141.55794	8	0.0	2	2.3	274
2024/05/14	23:18:02	40.53935	141.55792	18	0.0	2	2.3	247
2024/05/14	23:19:02	40.53930	141.55794	2	0.0	2	2.3	277
2024/05/14	23:20:03	40.53933	141.55806	44	0.0	2	2.3	274
2024/05/14	23:21:02	40.53941	141.55799	26	0.0	2	2.3	280
2024/05/14	23:22:03	40.53938	141.55797	-4	0.0	2	2.3	277
2024/05/14	23:23:03	40.53945	141.55791	-22	0.0	2	2.3	280
2024/05/14	23:24:03	40.53930	141.55803	14	0.0	2	2.3	280
2024/05/14	23:25:03	40.53938	141.55799	10	0.0	1	2.2	280
2024/05/14	23:26:04	40.53934	141.55805	24	0.0	2	2.3	285
2024/05/14	23:27:02	40.53920	141.55790	-4	0.0	2	2.3	283
2024/05/14	23:28:02	40.53939	141.55794	-4	0.0	1	2.2	283
2024/05/14	23:29:03	40.53933	141.55789	-2	0.0	1	2.2	282
2024/05/14	23:30:02	40.53931	141.55791	-0	0.0	1	2.2	285
2024/05/14	23:31:03	40.53941	141.55797	-4	0.0	1	2.2	279
2024/05/14	23:32:01	40.53937	141.55797	-4	0.0	1	2.2	277
2024/05/14	23:33:03	40.53934	141.55794	-8	0.0	1	2.2	284
2024/05/14	23:34:03	40.53938	141.55791	-4	0.0	1	2.2	285
2024/05/14	23:35:02	40.53932	141.55794	-6	0.0	1	2.2	288
2024/05/14	23:36:03	40.53933	141.55794	-2	0.0	2	2.4	287
2024/05/14	23:37:03	40.53942	141.55801	-0	0.0	1	2.3	282
2024/05/14	23:38:02	40.53937	141.55792	-0	0.0	1	2.3	286
2024/05/14	23:39:02	40.53941	141.55798	6	0.0	2	2.4	290
2024/05/14	23:40:02	40.53928	141.55795	6	0.0	1	2.3	287
2024/05/14	23:41:02	40.53930	141.55786	14	0.0	2	2.4	286
2024/05/14	23:42:02	40.53926	141.55800	18	0.0	1	2.3	282
2024/05/14	23:43:03	40.53931	141.55793	16	0.0	1	2.3	290
2024/05/14	23:44:02	40.53940	141.55813	24	0.0	1	2.3	286
2024/05/14	23:45:03	40.53924	141.55806	36	0.0	2	3.0	291
2024/05/14	23:46:02	40.53921	141.55789	26	0.0	2	3.0	290
2024/05/14	23:47:03	40.53949	141.55813	28	0.0	2	3.0	286
2024/05/14	23:48:03	40.53932	141.55807	34	0.0	1	3.0	287
2024/05/14	23:49:04	40.53933	141.55796	4	0.0	2	3.0	290
2024/05/14	23:50:03	40.53922	141.55775	-8	0.0	2	3.0	290
2024/05/14	23:51:02	40.53932	141.55782	-10	0.0	1	3.0	231
2024/05/14	23:52:03	40.53926	141.55787	10	0.0	2	3.0	293
2024/05/14	23:53:02	40.53932	141.55798	34	0.0	2	3.0	295
2024/05/14	23:54:03	40.53935	141.55802	16	0.0	2	3.0	293
2024/05/14	23:55:03	40.53936	141.55830	62	0.0	2	3.0	292
2024/05/14	23:56:03	40.53938	141.55813	28	0.0	2	3.0	286
2024/05/14	23:57:04	40.53940	141.55794	2	0.0	2	3.0	290
2024/05/14	23:58:03	40.53941	141.55783	-12	0.0	2	3.0	287
2024/05/14	23:59:04	40.53930	141.55782	-16	0.0	1	2.3	288
2024/05/15	00:00:30	40.53937	141.55799	10	0.0	7	1.0	283
2024/05/15	00:01:01	40.53939	141.55790	2	0.0	5	1.2	283
2024/05/15	00:02:01	40.53928	141.55787	12	0.0	4	1.2	192
2024/05/15	00:03:01	40.53960	141.55766	24	0.0	3	1.3	257
2024/05/15	00:04:01	40.53937	141.55792	18	0.0	6	1.0	269
2024/05/15	00:05:01	40.53942	141.55789	38	0.0	5	1.2	248
2024/05/15	00:06:01	40.53937	141.55795	22	0.0	4	1.3	239
2024/05/15	00:07:00	40.53931	141.55812	-2	3.7	3	1.4	160
2024/05/15	00:08:01	40.53939	141.55797	-2	0.0	6	1.0	288
2024/05/15	00:09:01	40.53943	141.55788	24	0.0	4	1.3	227
2024/05/15	00:10:01	40.53934	141.55803	-2	0.0	5	1.2	257
2024/05/15	00:11:00	40.53932	141.55795	-8	0.0	4	1.2	228
2024/05/15	00:12:00	40.53934	141.55788	68	0.0	4	1.3	230
2024/05/15	00:13:01	40.53946	141.55788	18	0.0	5	1.2	257
2024/05/15	00:14:01	40.53941	141.55796	4	0.0	5	1.2	262
2024/05/15	00:15:01	40.53936	141.55798	-16	0.0	4	1.2	261
2024/05/15	00:16:01	40.53942	141.55791	22	0.0	4	2.0	201
2024/05/15	00:17:01	40.53944	141.55790	-8	0.0	5	1.2	263
2024/05/15	00:18:01	40.53940	141.55790	36	0.0	5	1.2	260
2024/05/15	00:19:01	40.53960	141.55785	28	0.0	5	1.2	279
2024/05/15	00:20:01	40.53946	141.55794	10	0.0	4	1.3	194
2024/05/15	00:21:01	40.53944	141.55790	36	0.0	3	1.4	164
2024/05/15	00:22:01	40.53940	141.55793	30	0.0	5	1.2	230
2024/05/15	00:23:01	40.53931	141.55821	-16	0.0	4	1.3	250
2024/05/15	00:24:01	40.53943	141.55810	-6	0.0	5	1.2	228
2024/05/15	00:25:01	40.53944	141.55797	8	0.0	6	1.0	251
2024/05/15	00:26:01	40.53955	141.55787	-10	0.0	5	1.3	220
2024/05/15	00:27:01	40.53937	141.55814	68	0.0	3	2.4	183
2024/05/15	00:28:01	40.53947	141.55789	0	0.0	4	1.2	224
2024/05/15	00:29:01	40.53931	141.55798	4	0.0	4	1.4	250
2024/05/15	00:30:01	40.53941	141.55799	20	0.0	6	1.0	263
2024/05/15	00:31:01	40.53924	141.55808	-6	0.0	5	1.3	225
2024/05/15	00:32:01	40.53933	141.55806	-16	0.0	4	2.0	253
2024/05/15	00:33:01	40.53941	141.55788	12	0.0	5	1.3	283
2024/05/15	00:34:01	40.53956	141.55791	16	0.0	3	5.1	192
2024/05/15	00:35:01	40.53928	141.55806	-0	0.0	5	1.4	285
2024/05/15	00:36:01	40.53940	141.55799	36	0.0	5	1.3	283
2024/05/15	00:37:01	40.53931	141.55804	-10	0.0	5	1.3	288
2024/05/15	00:38:01	40.53934	141.55795	10	0.0	5	1.3	261
2024/05/15	00:39:01	40.53910	141.55809	20	0.0	4	2.0	252
2024/05/15	00:40:01	40.53947	141.55790	18	0.0	4	2.0	255
2024/05/15	00:41:01	40.53931	141.55815	-32	0.0	4	2.3	216
2024/05/15	00:42:01	40.53936	141.55804	6	0.0	5	1.4	282
2024/05/15	00:43:01	40.53927	141.55809	-6	0.0	4	1.4	251
2024/05/15	00:44:01	40.53934	141.55796	12	0.0	5	1.4	283
2024/05/15	00:45:01	40.53953	141.55796	16	3.7	4	1.4	258
2024/05/15	00:46:01	40.53948	141.55796	-14	0.0	4	2.4	163
2024/05/15	00:47:01	40.53932	141.55795	-20	0.0	4	2.0	218
2024/05/15	00:48:01	40.53947	141.55785	36	0.0	4	2.3	248
2024/05/15	00:49:01	40.53942	141.55798	34	0.0	4	2.3	251
2024/05/15	00:50:01	40.53932	141.55806	-20	0.0	5	1.4	256
2024/05/15	00:51:01	40.53930	141.55810	-10	0.0	5	1.4	285
2024/05/15	00:52:01	40.53939	141.55784	22	0.0	5	1.4	258
2024/05/15	00:53:01	40.53950	141.55789	8	3.7	5	1.4	253
2024/05/15	00:54:01	40.53901	141.55809	-4	0.0	4	2.3	250
2024/05/15	00:55:01	40.53960	141.55776	46	0.0	5	1.4	254
2024/05/15	00:56:01	40.53967	141.55789	34	0.0	5	1.4	283
2024/05/15	00:57:01	40.53953	141.55789	48	0.0	5	2.0	229
2024/05/15	00:58:01	40.53934	141.55810	6	3.7	4	2.3	241
2024/05/15	00:59:01	40.53936	141.55790	4	0.0	5	2.0	282
2024/05/15	01:00:01	40.53935	141.55805	-0	0.0	5	2.0	227
2024/05/15	01:01:01	40.53942	141.55801	12	0.0	5	2.0	281
2024/05/15	01:02:00	40.53927	141.55800	-4	0.0	5	2.0	257
2024/05/15	01:03:00	40.53941	141.55796	12	0.0	5	2.0	224
2024/05/15	01:04:00	40.53951	141.55769	14	11.1	6	1.1	312
2024/05/15	01:05:01	40.53942	141.55786	6	3.7	4	2.0	319
2024/05/15	01:06:02	40.53927	141.55797	14	0.0	4	3.1	276
2024/05/15	01:07:01	40.53944	141.55792	20	0.0	6	1.1	275
2024/05/15	01:08:01	40.53944	141.55800	4	0.0	4	3.1	257
2024/05/15	01:09:02	40.53940	141.55802	18	0.0	4	3.0	272
2024/05/15	01:10:00	40.53958	141.55790	8	0.0	5	1.2	281
2024/05/15	01:11:01	40.53945	141.55801	16	3.7	3	2.4	207
2024/05/15	01:12:01	40.53930	141.55807	2	0.0	5	2.0	293
2024/05/15	01:13:01	40.53929	141.55814	-18	0.0	6	2.4	314
2024/05/15	01:14:00	40.53936	141.55804	6	0.0	5	2.0	311
2024/05/15	01:15:01	40.53934	141.55803	-0	0.0	3	2.4	294
2024/05/15	01:21:15	40.53901	141.55738	6	0.0	5	2.0	295
2024/05/15	01:22:00	40.53889	141.55751	-10	0.0	5	2.0	322
2024/05/15	01:23:01	40.53896	141.55737	4	0.0	5	2.0	230
2024/05/15	01:24:01	40.53897	141.55734	-12	0.0	2	6.3	158
2024/05/15	01:25:01	40.53895	141.55741	2	0.0	5	2.0	285
2024/05/15	01:26:02	40.53897	141.55742	10	0.0	5	2.0	311
2024/05/15	01:27:01	40.53895	141.55738	4	0.0	5	2.0	279
2024/05/15	01:28:02	40.53887	141.55749	10	0.0	4	3.2	317
2024/05/15	01:29:02	40.53906	141.55738	-6	0.0	4	3.2	268
2024/05/15	01:30:01	40.53885	141.55745	42	0.0	4	2.4	184
2024/05/15	01:31:01	40.53900	141.55743	-0	0.0	3	3.4	242
2024/05/15	01:32:02	40.53896	141.55746	6	0.0	3	3.4	260
2024/05/15	01:33:02	40.53922	141.55731	0	0.0	4	3.1	245
2024/05/15	01:34:03	40.53889	141.55742	-0	0.0	4	2.2	242
2024/05/15	01:35:01	40.53865	141.55760	10	0.0	2	4.4	291
2024/05/15	01:36:02	40.53891	141.55746	6	0.0	2	5.4	240
2024/05/15	01:37:02	40.53904	141.55736	14	0.0	3	3.2	261
2024/05/15	01:38:01	40.53870	141.55759	20	0.0	3	4.0	298
2024/05/15	01:39:02	40.53919	141.55727	6	0.0	4	3.1	288
2024/05/15	01:40:01	40.53902	141.55739	14	0.0	5	1.4	318
2024/05/15	01:41:01	40.53908	141.55726	16	7.4	4	2.2	296
2024/05/15	01:42:01	40.53909	141.55728	36	0.0	4	2.1	222
2024/05/15	01:43:01	40.53909	141.55732	22	0.0	4	2.1	292
2024/05/15	01:44:00	40.53922	141.55737	0	0.0	4	2.2	207
2024/05/15	01:45:01	40.53897	141.55747	8	0.0	5	1.4	256
2024/05/15	01:46:00	40.53894	141.55737	32	0.0	4	2.0	201
2024/05/15	01:47:00	40.53917	141.55725	-2	0.0	4	2.4	258
2024/05/15	01:48:01	40.53910	141.55735	8	3.7	4	2.0	285
2024/05/15	01:49:00	40.53877	141.55734	60	0.0	4	2.0	255
2024/05/15	01:50:01	40.53895	141.55727	34	0.0	4	2.1	255
2024/05/15	01:51:01	40.53881	141.55746	8	0.0	3	2.2	142
2024/05/15	01:52:00	40.53896	141.55737	24	3.7	3	2.4	192
2024/05/15	01:53:01	40.53900	141.55732	36	0.0	3	2.2	206
2024/05/15	01:54:03	40.53898	141.55738	10	0.0	3	2.2	179
2024/05/15	01:55:01	40.53896	141.55739	6	0.0	4	2.0	208
2024/05/15	01:56:00	40.53883	141.55742	16	0.0	3	2.0	207
2024/05/15	01:57:01	40.53895	141.55728	22	0.0	2	4.4	226
2024/05/15	01:58:00	40.53904	141.55753	2	0.0	4	2.0	222
2024/05/15	01:59:02	40.53873	141.55748	4	0.0	3	7.1	218
2024/05/15	02:00:06	40.53949	141.55761	-0	0.0	3	7.3	233
2024/05/15	02:01:04	40.53831	141.55741	62	3.7	3	7.0	223
2024/05/15	02:02:01	40.53914	141.55746	-8	0.0	3	6.4	256
2024/05/15	02:03:05	40.53893	141.55744	10	3.7	4	3.0	258
2024/05/15	02:04:04	40.53901	141.55740	18	7.4	3	6.3	257
2024/05/15	02:05:05	40.53864	141.55744	26	14.8	3	6.3	259
2024/05/15	02:06:04	40.53778	141.55749	102	0.0	3	6.3	236
2024/05/15	02:07:04	40.53871	141.55733	52	3.7	3	6.2	277
2024/05/15	02:08:02	40.53892	141.55739	10	0.0	3	6.2	263
2024/05/15	02:09:03	40.53893	141.55721	-10	0.0	3	6.1	244
2024/05/15	02:10:03	40.53812	141.55710	54	0.0	3	6.1	243
2024/05/15	02:11:06	40.53855	141.55710	36	0.0	4	3.2	240
2024/05/15	02:12:04	40.53902	141.55718	-14	7.4	4	5.1	206
2024/05/15	02:13:02	40.53795	141.55715	46	3.7	4	3.3	241
2024/05/15	02:14:02	40.53800	141.55771	4	7.4	3	3.2	272
2024/05/15	02:15:07	40.53781	141.55862	10	3.7	3	5.4	264
2024/05/15	02:16:04	40.53772	141.55929	12	0.0	3	5.4	254
2024/05/15	02:17:36	40.53836	141.55957	38	3.7	4	2.2	207
2024/05/15	02:18:03	40.53801	141.55966	26	0.0	3	14.4	183
2024/05/15	02:19:02	40.53899	141.55950	92	7.4	3	16.2	190
2024/05/15	02:20:03	40.53713	141.55983	-30	0.0	3	18.2	188
2024/05/15	02:21:05	40.53882	141.55949	72	0.0	3	21.0	190
2024/05/15	02:22:06	40.53774	141.55968	18	0.0	3	24.1	175
2024/05/15	02:23:16	40.53748	141.55969	8	3.7	3	4.3	168
2024/05/15	02:24:03	40.53759	141.55931	2	0.0	4	4.1	215
2024/05/15	02:25:03	40.53729	141.55975	12	0.0	3	4.1	212
2024/05/15	02:26:05	40.53699	141.55982	4	14.8	4	2.3	192
2024/05/15	02:27:06	40.53748	141.55966	22	0.0	4	2.3	171
2024/05/15	02:28:02	40.53701	141.55991	-4	0.0	3	6.0	207
2024/05/15	02:29:04	40.53758	141.55976	-2	0.0	3	2.4	172
2024/05/15	02:30:02	40.53749	141.55984	-2	0.0	3	2.3	185
2024/05/15	02:31:03	40.53733	141.55987	10	0.0	3	2.3	211
2024/05/15	02:32:03	40.53749	141.55993	-26	0.0	3	2.3	180
2024/05/15	02:33:17	40.53742	141.55948	4	11.1	5	2.1	215
2024/05/15	02:34:06	40.53453	141.55681	4	40.7	4	3.0	167
2024/05/15	02:35:01	40.53170	141.55633	-2	0.0	3	2.2	217
2024/05/15	02:36:01	40.53164	141.55727	-10	0.0	3	3.0	141
2024/05/15	02:37:03	40.52660	141.55345	-6	40.7	3	19.4	162
2024/05/15	02:38:01	40.52264	141.54933	102	0.0	3	4.4	194
2024/05/15	02:39:03	40.52141	141.54585	-118	25.9	3	4.3	162
2024/05/15	02:40:03	40.51785	141.54358	12	29.6	3	14.3	140
2024/05/15	02:41:05	40.51252	141.54415	8	0.0	3	10.2	177
2024/05/15	02:42:06	40.50777	141.54634	34	33.3	4	2.3	166
2024/05/15	02:43:01	40.50469	141.55031	86	3.7	3	11.3	185
2024/05/15	02:44:08	40.50564	141.54843	56	48.2	3	3.0	168
2024/05/15	02:45:05	40.50745	141.54562	18	7.4	3	4.3	195
2024/05/15	02:52:46	40.50730	141.54545	34	0.0	4	1.1	120
2024/05/15	02:53:03	40.50713	141.54596	102	0.0	2	8.3	94
2024/05/15	02:59:19	40.50521	141.54224	20	0.0	3	2.1	157
2024/05/15	03:00:02	40.50525	141.54224	16	0.0	3	2.1	184
2024/05/15	03:01:04	40.50521	141.54248	16	3.7	3	5.0	154
2024/05/15	03:42:37	40.50537	141.54222	20	0.0	2	3.2	91
2024/05/15	03:47:21	40.50463	141.54275	96	40.7	3	2.2	107
2024/05/15	07:18:40	40.50520	141.54250	56	0.0	2	7.0	117
2024/05/15	07:19:35	40.50561	141.54244	42	0.0	2	6.4	112
2024/05/15	07:20:02	40.50558	141.54216	44	0.0	2	6.4	103
2024/05/15	07:21:34	40.50533	141.54257	46	0.0	2	6.4	113
2024/05/15	07:22:58	40.50515	141.54257	58	3.7	1	17.3	97
2024/05/15	07:23:06	40.50465	141.54310	34	11.1	2	6.4	96
2024/05/15	07:25:23	40.50525	141.54238	68	0.0	2	6.4	121
2024/05/15	07:26:38	40.50434	141.54287	66	3.7	2	6.4	99
2024/05/15	07:27:06	40.50616	141.54238	32	14.8	2	6.4	122
2024/05/15	07:28:04	40.50515	141.54250	34	3.7	2	6.4	123
2024/05/15	07:35:28	40.50467	141.54260	64	0.0	2	6.3	144
2024/05/15	07:40:40	40.50481	141.54263	76	3.7	2	6.2	103
2024/05/15	07:41:42	40.50551	141.54224	26	3.7	2	6.2	101
