2024/05/09	04:08:18	40.53909	141.55742	20	0.0	3	10.4	143
2024/05/09	04:15:43	40.53949	141.55715	18	14.8	3	10.4	237
2024/05/09	04:21:46	40.53908	141.55766	16	0.0	4	6.2	239
2024/05/09	04:22:01	40.53892	141.55833	-56	0.0	3	6.2	177
2024/05/09	04:23:02	40.53900	141.55773	-0	0.0	4	6.1	183
2024/05/09	04:24:01	40.53903	141.55783	-6	0.0	3	6.1	180
2024/05/09	04:25:01	40.53907	141.55798	-8	0.0	4	6.0	186
2024/05/09	04:26:01	40.53907	141.55750	42	0.0	3	6.0	178
2024/05/09	04:27:01	40.53900	141.55805	-36	0.0	3	6.0	183
2024/05/09	04:28:02	40.53902	141.55798	-10	0.0	3	5.4	180
2024/05/09	04:29:02	40.53903	141.55787	-0	0.0	3	5.4	177
2024/05/09	04:30:01	40.53916	141.55778	-2	0.0	3	12.1	184
2024/05/09	04:31:03	40.53904	141.55780	4	0.0	3	5.3	180
2024/05/09	04:32:02	40.53909	141.55764	20	0.0	4	5.2	178
2024/05/09	04:33:02	40.53909	141.55788	12	0.0	4	5.2	184
2024/05/09	04:34:02	40.53910	141.55776	0	0.0	4	5.2	187
2024/05/09	04:35:02	40.53902	141.55771	18	0.0	4	5.1	180
2024/05/09	04:36:02	40.53909	141.55752	36	0.0	4	5.1	189
2024/05/09	04:37:02	40.53902	141.55753	38	0.0	4	5.1	187
2024/05/09	04:38:02	40.53907	141.55768	20	0.0	4	5.0	190
2024/05/09	04:39:01	40.53904	141.55777	-8	0.0	4	5.0	185
2024/05/09	04:40:01	40.53905	141.55757	34	0.0	4	5.0	184
2024/05/09	04:41:01	40.53903	141.55806	-22	0.0	4	4.4	187
2024/05/09	04:42:01	40.53905	141.55772	-4	0.0	4	4.4	187
2024/05/09	04:43:01	40.53903	141.55787	-8	0.0	4	4.4	185
2024/05/09	04:44:02	40.53908	141.55781	4	0.0	4	4.4	220
2024/05/09	04:45:01	40.53910	141.55785	6	0.0	4	4.3	187
2024/05/09	04:46:02	40.53906	141.55737	48	0.0	4	4.3	181
2024/05/09	04:47:01	40.53907	141.55758	4	0.0	4	4.3	191
2024/05/09	04:48:02	40.53903	141.55776	10	0.0	4	4.3	189
2024/05/09	04:49:01	40.53902	141.55750	38	0.0	4	4.3	184
2024/05/09	04:50:01	40.53906	141.55762	28	0.0	3	4.4	185
2024/05/09	04:51:02	40.53903	141.55771	14	0.0	4	4.2	190
2024/05/09	04:52:01	40.53906	141.55784	-4	0.0	4	4.2	225
2024/05/09	04:53:01	40.53911	141.55808	-32	0.0	3	4.3	219
2024/05/09	04:54:02	40.53905	141.55757	28	0.0	4	4.2	193
2024/05/09	04:55:02	40.53910	141.55823	-42	0.0	4	4.2	193
2024/05/09	04:56:02	40.53903	141.55747	44	0.0	4	4.2	193
2024/05/09	04:57:01	40.53910	141.55761	20	0.0	4	4.2	190
2024/05/09	04:58:02	40.53905	141.55776	8	0.0	4	4.1	193
2024/05/09	04:59:02	40.53909	141.55766	0	0.0	4	4.1	226
2024/05/09	05:00:02	40.53906	141.55787	4	0.0	4	4.1	188
2024/05/09	05:01:02	40.53902	141.55745	34	0.0	4	4.1	189
2024/05/09	05:02:01	40.53915	141.55791	-0	0.0	4	4.1	184
2024/05/09	05:03:02	40.53906	141.55793	2	0.0	4	4.1	188
2024/05/09	05:04:01	40.53906	141.55770	6	0.0	4	4.1	224
2024/05/09	05:05:02	40.53899	141.55733	70	0.0	4	4.1	226
2024/05/09	05:06:02	40.53907	141.55781	14	0.0	4	4.1	227
2024/05/09	05:07:01	40.53908	141.55765	18	3.7	4	4.1	228
2024/05/09	05:08:01	40.53916	141.55793	-2	0.0	4	4.1	224
2024/05/09	05:09:01	40.53903	141.55768	26	0.0	4	4.1	191
2024/05/09	05:10:01	40.53905	141.55758	52	0.0	4	4.1	192
2024/05/09	05:11:01	40.53905	141.55745	20	0.0	4	4.1	226
2024/05/09	05:12:02	40.53906	141.55768	8	0.0	4	4.1	188
2024/05/09	05:13:01	40.53904	141.55752	24	0.0	4	4.1	194
2024/05/09	05:14:01	40.53884	141.55732	96	0.0	4	4.1	193
2024/05/09	05:15:01	40.53905	141.55778	16	0.0	4	4.1	195
2024/05/09	05:16:02	40.53909	141.55781	4	0.0	4	4.1	226
2024/05/09	05:17:02	40.53900	141.55757	46	0.0	4	4.1	186
2024/05/09	05:18:02	40.53912	141.55771	8	0.0	4	4.1	182
2024/05/09	05:19:02	40.53900	141.55754	46	0.0	4	4.1	185
2024/05/09	05:20:02	40.53906	141.55760	26	0.0	4	4.1	191
2024/05/09	05:21:03	40.53912	141.55769	10	0.0	4	4.1	192
2024/05/09	05:22:01	40.53909	141.55765	12	0.0	4	4.1	190
2024/05/09	05:23:01	40.53913	141.55764	2	0.0	4	4.1	223
2024/05/09	05:24:01	40.53915	141.55767	6	0.0	4	4.1	186
2024/05/09	05:25:01	40.53912	141.55796	-14	0.0	4	4.1	187
2024/05/09	05:26:01	40.53907	141.55758	24	0.0	4	4.1	187
2024/05/09	05:27:02	40.53904	141.55757	26	0.0	4	4.1	178
2024/05/09	05:28:01	40.53892	141.55734	58	0.0	4	4.1	178
2024/05/09	05:29:02	40.53904	141.55759	34	0.0	4	4.1	186
2024/05/09	05:30:01	40.53902	141.55742	22	0.0	3	4.3	153
2024/05/09	05:31:02	40.53903	141.55770	10	0.0	4	4.1	185
2024/05/09	05:32:01	40.53899	141.55731	50	0.0	4	4.1	181
2024/05/09	05:33:02	40.53914	141.55775	-2	0.0	4	4.1	214
2024/05/09	05:34:03	40.53910	141.55778	4	0.0	4	4.1	183
2024/05/09	05:35:01	40.53917	141.55797	-26	0.0	4	4.1	178
2024/05/09	05:36:01	40.53898	141.55743	42	0.0	4	4.1	184
2024/05/09	05:37:01	40.53910	141.55757	14	0.0	4	4.1	179
2024/05/09	05:38:01	40.53917	141.55790	-12	0.0	4	4.1	182
2024/05/09	05:39:01	40.53910	141.55754	22	0.0	4	4.1	181
2024/05/09	05:40:02	40.53912	141.55764	12	0.0	4	4.1	177
2024/05/09	05:41:02	40.53903	141.55757	26	0.0	4	4.1	180
2024/05/09	05:42:02	40.53939	141.55854	-118	0.0	3	16.0	158
2024/05/09	05:43:02	40.53903	141.55766	34	0.0	4	4.1	176
2024/05/09	05:44:02	40.53936	141.55850	-104	0.0	3	14.4	175
2024/05/09	05:45:01	40.53903	141.55732	60	0.0	3	14.2	152
2024/05/09	05:46:03	40.53892	141.55731	68	0.0	3	13.4	155
2024/05/09	05:47:04	40.53891	141.55724	90	0.0	3	13.2	150
2024/05/09	05:48:02	40.53890	141.55707	98	0.0	3	13.0	132
2024/05/09	05:49:02	40.53907	141.55776	4	0.0	3	12.3	152
2024/05/09	05:50:02	40.53922	141.55800	-24	0.0	3	12.1	154
2024/05/09	05:51:02	40.53923	141.55806	-32	0.0	3	11.4	132
2024/05/09	05:52:02	40.53947	141.55879	-138	0.0	3	11.2	131
2024/05/09	05:53:02	40.53928	141.55830	-58	0.0	3	11.1	129
2024/05/09	05:54:01	40.53933	141.55827	-64	3.7	3	10.4	129
2024/05/09	05:55:04	40.53909	141.55773	8	0.0	3	10.3	130
2024/05/09	05:56:02	40.53917	141.55785	-12	0.0	3	10.1	134
2024/05/09	05:57:01	40.53912	141.55779	0	0.0	3	10.0	131
2024/05/09	05:58:01	40.53935	141.55808	-34	0.0	3	9.4	129
2024/05/09	05:59:02	40.53931	141.55822	-58	0.0	3	9.3	132
2024/05/09	06:00:02	40.53910	141.55774	10	0.0	3	9.1	163
2024/05/09	06:01:02	40.53918	141.55787	-14	0.0	3	9.0	134
2024/05/09	06:02:01	40.53921	141.55807	-36	3.7	3	8.4	130
2024/05/09	06:03:02	40.53912	141.55770	2	0.0	3	8.3	131
2024/05/09	06:04:02	40.53924	141.55795	-18	0.0	3	8.3	129
2024/05/09	06:05:01	40.53919	141.55772	2	0.0	3	8.2	131
2024/05/09	06:06:01	40.53922	141.55791	-38	0.0	3	8.1	130
2024/05/09	06:07:01	40.53916	141.55767	0	0.0	3	8.0	129
2024/05/09	06:08:02	40.53919	141.55794	-22	0.0	3	7.4	130
2024/05/09	06:09:01	40.53902	141.55757	34	0.0	3	7.4	128
2024/05/09	06:10:02	40.53903	141.55757	30	0.0	3	7.3	124
2024/05/09	06:11:02	40.53888	141.55712	84	0.0	3	7.2	130
2024/05/09	06:12:01	40.53914	141.55772	8	0.0	3	7.2	130
2024/05/09	06:13:01	40.53909	141.55776	12	3.7	3	7.1	129
2024/05/09	06:14:01	40.53886	141.55720	96	0.0	3	7.0	129
2024/05/09	06:15:01	40.53897	141.55743	40	0.0	3	7.0	127
2024/05/09	06:16:02	40.53915	141.55789	0	0.0	3	6.4	129
2024/05/09	06:17:01	40.53921	141.55803	-26	0.0	3	6.4	129
2024/05/09	06:18:02	40.53938	141.55828	-40	0.0	3	6.3	129
2024/05/09	06:19:02	40.53923	141.55805	-18	0.0	3	6.3	129
2024/05/09	06:20:02	40.53916	141.55786	-2	0.0	3	6.2	158
2024/05/09	06:21:02	40.53922	141.55804	-30	0.0	3	6.2	123
2024/05/09	06:22:02	40.53893	141.55739	54	7.4	3	6.2	127
2024/05/09	06:23:01	40.53910	141.55766	22	0.0	3	6.1	125
2024/05/09	06:24:02	40.53906	141.55762	6	0.0	3	6.1	130
2024/05/09	06:25:02	40.53906	141.55770	8	0.0	3	6.0	126
2024/05/09	06:26:02	40.53910	141.55773	18	0.0	3	6.0	126
2024/05/09	06:27:01	40.53918	141.55793	-10	0.0	3	6.0	127
2024/05/09	06:28:03	40.53906	141.55768	0	0.0	3	5.4	125
2024/05/09	06:29:02	40.53908	141.55771	12	0.0	3	5.4	130
2024/05/09	06:30:02	40.53917	141.55793	4	0.0	3	5.4	124
2024/05/09	06:31:02	40.53901	141.55753	32	0.0	3	5.3	127
2024/05/09	06:32:02	40.53908	141.55773	14	0.0	3	5.3	126
2024/05/09	06:33:02	40.53897	141.55740	38	0.0	3	5.3	126
2024/05/09	06:34:02	40.53905	141.55755	18	0.0	3	5.3	191
2024/05/09	06:35:05	40.53913	141.55781	4	0.0	3	5.2	119
2024/05/09	06:36:04	40.53911	141.55784	22	0.0	3	5.2	118
2024/05/09	06:37:05	40.53899	141.55732	-0	3.7	3	5.2	147
2024/05/09	06:38:31	40.53911	141.55764	2	0.0	2	10.0	194
2024/05/09	06:39:02	40.53903	141.55757	28	0.0	2	10.1	100
2024/05/09	06:40:01	40.53915	141.55768	-6	0.0	2	10.3	96
2024/05/09	06:41:01	40.53925	141.55828	30	0.0	2	11.1	97
2024/05/09	06:42:01	40.53927	141.55873	78	0.0	2	11.3	133
2024/05/09	06:43:02	40.53907	141.55727	-30	0.0	2	12.1	133
2024/05/09	06:44:01	40.53907	141.55728	-36	0.0	2	13.0	100
2024/05/09	06:45:01	40.53920	141.55734	-104	11.1	2	13.4	101
2024/05/09	06:46:02	40.53899	141.55727	14	0.0	2	14.3	132
2024/05/09	06:47:02	40.53915	141.55857	82	0.0	2	15.3	167
2024/05/09	06:48:02	40.53901	141.55694	-44	0.0	2	16.3	132
2024/05/09	06:49:03	40.53911	141.55800	24	0.0	2	18.0	134
2024/05/09	06:50:04	40.53906	141.55664	-98	0.0	2	19.2	128
2024/05/09	06:51:31	40.53909	141.55767	0	0.0	5	1.4	224
2024/05/09	06:52:01	40.53913	141.55784	-0	0.0	4	2.0	192
2024/05/09	06:53:00	40.53915	141.55772	-20	0.0	5	1.4	193
2024/05/09	06:54:01	40.53907	141.55774	16	0.0	3	2.4	196
2024/05/09	06:55:02	40.53912	141.55750	-0	3.7	3	3.0	196
2024/05/09	06:56:02	40.53914	141.55801	-14	0.0	4	3.1	187
2024/05/09	06:57:01	40.53903	141.55740	46	0.0	5	2.0	187
2024/05/09	06:58:02	40.53921	141.55772	-0	0.0	4	2.0	193
2024/05/09	06:59:02	40.53923	141.55790	-22	0.0	3	3.0	188
2024/05/09	07:00:01	40.53899	141.55757	8	0.0	4	2.1	154
2024/05/09	07:01:01	40.53892	141.55726	34	0.0	4	2.1	190
2024/05/09	07:02:01	40.53919	141.55791	-6	0.0	4	2.0	192
2024/05/09	07:03:01	40.53891	141.55754	46	0.0	5	2.0	191
2024/05/09	07:04:01	40.53904	141.55763	32	0.0	4	2.1	191
2024/05/09	07:05:01	40.53907	141.55775	-0	0.0	4	2.0	160
2024/05/09	07:06:01	40.53902	141.55766	18	0.0	4	1.4	193
2024/05/09	07:07:01	40.53904	141.55760	22	0.0	5	1.4	188
2024/05/09	07:08:01	40.53912	141.55755	22	0.0	5	1.4	187
2024/05/09	07:09:00	40.53903	141.55744	76	0.0	4	2.2	155
2024/05/09	07:10:00	40.53908	141.55769	-6	0.0	5	1.3	190
2024/05/09	07:11:00	40.53905	141.55762	36	0.0	5	1.3	192
2024/05/09	07:12:00	40.53912	141.55774	-4	0.0	5	1.4	191
2024/05/09	07:13:01	40.53907	141.55743	68	3.7	3	2.1	160
2024/05/09	07:14:02	40.53904	141.55755	24	0.0	5	1.3	195
2024/05/09	07:15:02	40.53915	141.55767	-12	0.0	5	1.3	189
2024/05/09	07:16:02	40.53902	141.55766	12	0.0	5	1.3	195
2024/05/09	07:17:01	40.53913	141.55772	-10	0.0	5	1.3	196
2024/05/09	07:18:01	40.53904	141.55754	40	0.0	4	2.0	164
2024/05/09	07:19:01	40.53914	141.55769	-48	0.0	5	1.3	193
2024/05/09	07:20:01	40.53909	141.55765	2	0.0	5	1.3	194
2024/05/09	07:21:01	40.53914	141.55765	-6	0.0	5	1.3	195
2024/05/09	07:22:01	40.53919	141.55768	-30	0.0	4	1.4	192
2024/05/09	07:23:01	40.53915	141.55778	-30	0.0	5	1.3	192
2024/05/09	07:24:00	40.53876	141.55734	108	0.0	4	1.3	188
2024/05/09	07:25:01	40.53913	141.55776	-48	0.0	4	1.4	196
2024/05/09	07:26:01	40.53905	141.55765	-10	0.0	5	1.4	193
2024/05/09	07:27:01	40.53903	141.55772	-30	0.0	4	2.0	158
2024/05/09	07:28:01	40.53895	141.55761	36	0.0	4	1.4	180
2024/05/09	07:29:01	40.53904	141.55761	4	0.0	3	1.4	191
2024/05/09	07:30:01	40.53915	141.55775	-14	0.0	4	1.3	162
2024/05/09	07:31:01	40.53900	141.55783	4	0.0	4	1.4	187
2024/05/09	07:32:01	40.53914	141.55775	-38	0.0	4	1.4	191
2024/05/09	07:33:00	40.53917	141.55772	-38	7.4	3	2.1	155
2024/05/09	07:34:01	40.53905	141.55771	-0	0.0	4	1.4	214
2024/05/09	07:35:00	40.53903	141.55758	10	0.0	5	1.2	221
2024/05/09	07:36:00	40.53907	141.55757	12	0.0	5	1.2	216
2024/05/09	07:37:00	40.53903	141.55753	24	0.0	4	1.3	216
2024/05/09	07:38:00	40.53891	141.55735	132	0.0	4	2.3	214
2024/05/09	07:39:01	40.53916	141.55772	-22	0.0	5	1.2	212
2024/05/09	07:40:01	40.53918	141.55768	-106	3.7	3	2.3	214
2024/05/09	07:41:01	40.53886	141.55778	-28	0.0	4	1.3	188
2024/05/09	07:42:01	40.53905	141.55779	-12	0.0	4	1.3	214
2024/05/09	07:43:01	40.53905	141.55766	12	0.0	4	1.3	210
2024/05/09	07:44:01	40.53913	141.55790	26	0.0	4	1.4	188
2024/05/09	07:45:01	40.53912	141.55787	-12	0.0	4	1.4	216
2024/05/09	07:46:01	40.53903	141.55740	82	0.0	3	2.3	185
2024/05/09	07:47:01	40.53904	141.55768	10	0.0	4	1.3	215
2024/05/09	07:48:01	40.53917	141.55766	0	0.0	3	2.4	157
2024/05/09	07:49:01	40.53899	141.55748	48	0.0	3	1.3	222
2024/05/09	07:50:01	40.53908	141.55784	-6	0.0	3	1.3	156
2024/05/09	07:51:01	40.53921	141.55760	36	0.0	3	2.1	155
2024/05/09	07:52:01	40.53912	141.55760	58	0.0	3	1.4	157
2024/05/09	07:53:01	40.53912	141.55760	26	0.0	3	1.3	163
2024/05/09	07:54:01	40.53908	141.55765	6	0.0	4	1.2	195
2024/05/09	07:55:01	40.53892	141.55776	68	0.0	4	1.3	191
2024/05/09	07:56:01	40.53914	141.55779	-22	0.0	4	1.3	194
2024/05/09	07:57:02	40.53906	141.55755	8	0.0	4	1.2	180
2024/05/09	07:58:01	40.53916	141.55771	-22	0.0	4	1.2	179
2024/05/09	07:59:00	40.53899	141.55766	-30	0.0	4	1.2	181
2024/05/09	08:00:00	40.53904	141.55779	24	0.0	4	2.0	190
2024/05/09	08:01:00	40.53902	141.55768	12	0.0	4	2.0	186
2024/05/09	08:02:02	40.53912	141.55767	-26	0.0	4	2.0	191
2024/05/09	08:03:00	40.53906	141.55763	-0	0.0	3	2.2	156
2024/05/09	08:04:01	40.53909	141.55750	70	0.0	3	2.0	191
2024/05/09	08:05:01	40.53907	141.55767	42	0.0	4	2.0	190
2024/05/09	08:06:02	40.53902	141.55767	-2	0.0	3	2.4	207
2024/05/09	08:07:01	40.53919	141.55791	-10	0.0	4	1.4	159
2024/05/09	08:08:03	40.53909	141.55779	4	0.0	4	1.4	212
2024/05/09	08:09:00	40.53902	141.55743	76	0.0	4	1.4	213
2024/05/09	08:10:00	40.53914	141.55761	6	0.0	3	2.2	154
2024/05/09	08:11:00	40.53909	141.55764	14	0.0	4	1.4	188
2024/05/09	08:12:00	40.53909	141.55758	-16	0.0	4	1.4	188
2024/05/09	08:13:01	40.53909	141.55768	-10	0.0	4	1.4	232
2024/05/09	08:14:00	40.53910	141.55777	-14	0.0	4	1.4	210
2024/05/09	08:15:00	40.53912	141.55762	32	0.0	4	1.4	234
2024/05/09	08:16:00	40.53909	141.55763	16	0.0	4	1.4	189
2024/05/09	08:17:00	40.53925	141.55759	-50	0.0	4	1.4	214
2024/05/09	08:18:01	40.53915	141.55768	4	0.0	4	1.4	231
2024/05/09	08:19:02	40.53888	141.55768	-8	0.0	3	3.1	222
2024/05/09	08:20:01	40.53903	141.55775	-2	0.0	3	3.0	220
2024/05/09	08:21:01	40.53910	141.55775	-64	0.0	3	3.0	224
2024/05/09	08:22:01	40.53904	141.55763	4	0.0	3	3.0	197
2024/05/09	08:23:01	40.53900	141.55769	0	0.0	3	3.0	198
2024/05/09	08:24:02	40.53894	141.55768	-12	0.0	3	3.0	216
2024/05/09	08:25:02	40.53902	141.55770	52	0.0	3	3.0	182
2024/05/09	08:26:02	40.53905	141.55765	30	0.0	3	3.0	201
2024/05/09	08:27:02	40.53918	141.55764	18	0.0	3	3.0	206
2024/05/09	08:28:02	40.53911	141.55764	-14	0.0	3	3.0	211
2024/05/09	08:29:01	40.53888	141.55763	-40	0.0	3	2.4	185
2024/05/09	08:30:01	40.53888	141.55771	4	0.0	3	2.4	176
2024/05/09	08:31:01	40.53908	141.55768	18	0.0	3	2.4	160
2024/05/09	08:32:01	40.53904	141.55778	44	0.0	3	2.4	152
2024/05/09	08:33:01	40.53912	141.55776	16	0.0	3	2.4	183
2024/05/09	08:34:01	40.53897	141.55773	-0	0.0	3	2.4	184
2024/05/09	08:35:01	40.53900	141.55781	70	0.0	3	2.4	157
2024/05/09	08:36:01	40.53888	141.55772	-2	0.0	3	2.4	207
2024/05/09	08:37:02	40.53917	141.55778	42	3.7	3	2.4	235
2024/05/09	08:38:01	40.53906	141.55761	-14	0.0	3	2.4	240
2024/05/09	08:39:01	40.53896	141.55755	2	0.0	3	2.4	241
2024/05/09	08:40:01	40.53914	141.55755	10	0.0	3	2.4	240
2024/05/09	08:41:01	40.53897	141.55762	-8	0.0	3	2.4	236
2024/05/09	08:42:01	40.53905	141.55769	0	0.0	3	2.4	207
2024/05/09	08:43:03	40.53907	141.55768	14	0.0	3	3.0	242
2024/05/09	08:44:01	40.53899	141.55749	-38	0.0	3	3.0	231
2024/05/09	08:45:02	40.53916	141.55775	-4	0.0	3	3.0	239
2024/05/09	08:46:02	40.53915	141.55768	0	0.0	3	3.0	236
2024/05/09	08:47:01	40.53911	141.55756	4	0.0	3	3.0	238
2024/05/09	08:48:01	40.53918	141.55773	14	0.0	3	3.0	208
2024/05/09	08:49:02	40.53908	141.55769	0	0.0	3	3.0	246
2024/05/09	08:50:02	40.53908	141.55761	-4	0.0	3	3.0	242
2024/05/09	08:51:01	40.53922	141.55781	66	0.0	3	3.1	238
2024/05/09	08:52:02	40.53907	141.55773	10	0.0	3	3.1	253
2024/05/09	08:53:02	40.53906	141.55770	12	0.0	3	3.1	252
2024/05/09	08:54:02	40.53912	141.55772	20	0.0	3	3.1	254
2024/05/09	08:55:03	40.53911	141.55781	20	0.0	2	1.4	216
2024/05/09	08:56:02	40.53904	141.55764	-6	0.0	3	3.1	244
2024/05/09	08:57:02	40.53905	141.55775	10	0.0	3	3.2	246
2024/05/09	08:58:01	40.53912	141.55769	0	0.0	3	3.2	244
2024/05/09	08:59:01	40.53895	141.55756	-10	0.0	3	3.2	245
2024/05/09	09:00:02	40.53908	141.55777	24	0.0	3	3.2	254
2024/05/09	09:01:01	40.53906	141.55769	-4	0.0	3	3.3	250
2024/05/09	09:02:02	40.53899	141.55749	-32	0.0	3	3.3	253
2024/05/09	09:03:01	40.53894	141.55740	-38	0.0	3	3.3	218
2024/05/09	09:04:02	40.53900	141.55759	-16	0.0	3	3.4	253
2024/05/09	09:05:02	40.53909	141.55773	14	0.0	3	3.4	288
2024/05/09	09:06:01	40.53923	141.55798	48	0.0	3	3.4	256
2024/05/09	09:07:01	40.53909	141.55771	-6	0.0	3	4.0	256
2024/05/09	09:08:06	40.53914	141.55790	46	0.0	3	4.0	227
2024/05/09	09:09:01	40.53910	141.55757	-2	0.0	3	4.1	258
2024/05/09	09:10:01	40.53905	141.55771	6	0.0	3	4.1	256
2024/05/09	09:11:01	40.53907	141.55767	6	0.0	3	4.1	254
2024/05/09	09:12:01	40.53908	141.55781	20	0.0	3	4.2	257
2024/05/09	09:13:01	40.53902	141.55760	-14	0.0	3	4.2	252
2024/05/09	09:14:02	40.53915	141.55789	42	0.0	3	4.3	261
2024/05/09	09:15:02	40.53917	141.55781	20	0.0	3	4.3	258
2024/05/09	09:16:02	40.53897	141.55752	-16	0.0	3	4.4	254
2024/05/09	09:17:02	40.53903	141.55741	-12	0.0	3	4.4	285
2024/05/09	09:18:02	40.53906	141.55749	-16	0.0	3	5.0	247
2024/05/09	09:19:02	40.53912	141.55786	26	0.0	3	5.1	223
2024/05/09	09:20:02	40.53913	141.55787	26	0.0	3	5.1	276
2024/05/09	09:21:01	40.53907	141.55758	-6	0.0	3	5.2	273
2024/05/09	09:22:01	40.53916	141.55808	54	0.0	3	5.3	219
2024/05/09	09:23:02	40.53901	141.55778	8	0.0	3	5.3	278
2024/05/09	09:24:01	40.53905	141.55743	-12	0.0	3	5.4	270
2024/05/09	09:25:01	40.53903	141.55756	-6	0.0	3	6.0	250
2024/05/09	09:26:02	40.53915	141.55794	32	0.0	3	6.1	278
2024/05/09	09:27:02	40.53911	141.55801	32	0.0	3	6.2	270
2024/05/09	09:28:01	40.53902	141.55771	4	0.0	3	6.3	247
2024/05/09	09:29:01	40.53914	141.55783	22	0.0	3	6.4	242
2024/05/09	09:30:01	40.53911	141.55793	26	0.0	3	7.0	238
2024/05/09	09:31:01	40.53908	141.55783	18	0.0	3	7.1	275
2024/05/09	09:32:02	40.53912	141.55799	32	0.0	3	7.2	277
2024/05/09	09:33:02	40.53901	141.55752	-0	0.0	3	7.3	281
2024/05/09	09:34:02	40.53916	141.55823	60	0.0	3	7.4	280
2024/05/09	09:35:01	40.53906	141.55799	36	0.0	3	8.0	274
2024/05/09	09:36:01	40.53905	141.55774	6	0.0	3	8.2	278
2024/05/09	09:37:01	40.53914	141.55771	16	0.0	3	8.3	275
2024/05/09	09:38:02	40.53908	141.55762	6	0.0	3	9.0	280
2024/05/09	09:39:02	40.53910	141.55773	4	0.0	3	9.1	283
2024/05/09	09:40:01	40.53906	141.55758	-4	0.0	3	9.3	275
2024/05/09	09:41:02	40.53892	141.55579	-150	0.0	3	10.0	282
2024/05/09	09:42:03	40.53901	141.55699	-42	0.0	3	10.2	309
2024/05/09	09:43:01	40.53898	141.55677	-62	0.0	3	10.4	267
2024/05/09	09:44:02	40.53913	141.55795	18	0.0	3	11.1	308
2024/05/09	09:45:01	40.53908	141.55733	-22	0.0	3	11.4	268
2024/05/09	09:46:03	40.53914	141.55763	6	0.0	3	12.1	307
2024/05/09	09:47:02	40.53904	141.55772	20	3.7	3	12.4	274
2024/05/09	09:48:04	40.53900	141.55714	-26	0.0	3	13.2	299
2024/05/09	09:49:03	40.53913	141.55801	26	11.1	3	14.0	309
2024/05/09	09:50:03	40.53919	141.55944	126	0.0	3	14.4	302
2024/05/09	09:51:05	40.53906	141.55738	-20	0.0	3	15.3	317
2024/05/09	09:52:06	40.53911	141.55806	28	3.7	3	16.2	285
2024/05/09	09:53:09	40.53914	141.55789	10	18.5	3	17.2	283
2024/05/09	09:54:07	40.53910	141.55834	44	14.8	3	18.1	291
2024/05/09	09:55:24	40.53908	141.55783	16	3.7	3	19.4	293
2024/05/09	09:56:08	40.53904	141.55668	-48	3.7	3	20.3	252
2024/05/09	09:57:14	40.53902	141.55605	-86	3.7	3	22.1	308
2024/05/09	09:58:31	40.53909	141.55766	2	0.0	7	1.0	271
2024/05/09	09:59:00	40.53916	141.55778	16	0.0	6	1.1	276
2024/05/09	10:00:00	40.53895	141.55762	-18	0.0	6	1.1	278
2024/05/09	10:01:00	40.53913	141.55769	14	0.0	6	1.1	286
2024/05/09	10:02:00	40.53906	141.55762	-18	0.0	6	1.1	280
2024/05/09	10:03:00	40.53903	141.55768	0	0.0	6	1.1	283
2024/05/09	10:04:00	40.53907	141.55768	28	0.0	6	1.1	277
2024/05/09	10:05:00	40.53908	141.55767	24	0.0	6	1.1	278
2024/05/09	10:06:00	40.53908	141.55765	-6	0.0	5	1.3	278
2024/05/09	10:07:00	40.53906	141.55771	20	0.0	5	1.3	254
2024/05/09	10:08:00	40.53909	141.55779	32	0.0	4	2.1	252
2024/05/09	10:09:00	40.53902	141.55778	26	0.0	4	1.3	246
2024/05/09	10:10:00	40.53907	141.55762	28	0.0	5	1.3	253
2024/05/09	10:11:00	40.53898	141.55792	100	0.0	3	2.1	243
2024/05/09	10:12:00	40.53915	141.55757	-82	0.0	4	1.4	216
2024/05/09	10:13:00	40.53914	141.55764	22	0.0	4	1.4	213
2024/05/09	10:14:00	40.53918	141.55755	-14	0.0	5	1.3	250
2024/05/09	10:15:00	40.53899	141.55742	-68	0.0	4	2.3	248
2024/05/09	10:16:00	40.53910	141.55766	24	0.0	6	1.1	253
2024/05/09	10:17:00	40.53908	141.55760	-20	0.0	6	1.1	257
2024/05/09	10:18:00	40.53902	141.55760	8	0.0	6	1.1	252
2024/05/09	10:19:00	40.53917	141.55765	36	0.0	6	1.1	252
2024/05/09	10:20:00	40.53900	141.55779	-2	0.0	5	1.3	248
2024/05/09	10:21:00	40.53898	141.55760	-6	0.0	5	1.2	255
2024/05/09	10:22:00	40.53898	141.55770	8	0.0	6	1.2	252
2024/05/09	10:23:00	40.53909	141.55765	16	0.0	5	1.1	256
2024/05/09	10:24:00	40.53902	141.55779	26	0.0	6	1.1	251
2024/05/09	10:25:00	40.53919	141.55767	2	0.0	6	1.1	251
2024/05/09	10:26:00	40.53904	141.55775	-6	0.0	6	1.1	249
2024/05/09	10:27:00	40.53912	141.55777	4	0.0	6	1.1	256
2024/05/09	10:28:00	40.53899	141.55768	4	0.0	7	1.1	248
2024/05/09	10:29:00	40.53906	141.55797	52	0.0	5	1.4	248
2024/05/09	10:30:00	40.53912	141.55762	-4	0.0	5	1.3	277
2024/05/09	10:31:00	40.53903	141.55763	-6	0.0	5	1.4	247
2024/05/09	10:32:00	40.53902	141.55772	18	0.0	5	1.1	247
2024/05/09	10:33:00	40.53918	141.55759	-4	0.0	3	2.4	219
2024/05/09	10:34:00	40.53932	141.55749	-46	0.0	4	2.3	246
2024/05/09	10:35:00	40.53899	141.55775	22	0.0	5	1.4	273
2024/05/09	10:36:00	40.53910	141.55772	-0	0.0	5	1.4	277
2024/05/09	10:37:00	40.53910	141.55769	8	0.0	6	1.1	283
2024/05/09	10:38:00	40.53915	141.55756	4	0.0	5	1.2	283
2024/05/09	10:39:00	40.53904	141.55774	26	0.0	4	1.2	276
2024/05/09	10:40:00	40.53906	141.55783	28	3.7	5	1.4	274
2024/05/09	10:41:00	40.53904	141.55765	2	0.0	4	2.1	252
2024/05/09	10:42:00	40.53910	141.55765	12	0.0	6	1.1	280
2024/05/09	10:43:00	40.53896	141.55778	4	0.0	5	1.1	280
2024/05/09	10:44:00	40.53904	141.55774	14	0.0	7	1.0	247
2024/05/09	10:45:00	40.53918	141.55762	30	0.0	7	1.0	278
2024/05/09	10:46:00	40.53906	141.55779	30	0.0	6	1.1	275
2024/05/09	10:47:00	40.53908	141.55765	-2	0.0	5	1.4	277
2024/05/09	10:48:01	40.53904	141.55769	12	0.0	7	1.0	264
2024/05/09	10:49:00	40.53906	141.55768	8	0.0	6	1.0	245
2024/05/09	10:50:00	40.53908	141.55762	-8	0.0	6	1.1	277
2024/05/09	10:51:00	40.53916	141.55764	-30	0.0	5	1.3	193
2024/05/09	10:52:00	40.53903	141.55770	4	0.0	7	1.0	281
2024/05/09	10:53:00	40.53912	141.55765	-6	0.0	5	2.0	262
2024/05/09	10:54:00	40.53902	141.55775	22	0.0	6	1.1	273
2024/05/09	10:54:59	40.53910	141.55777	26	3.7	4	1.1	287
2024/05/09	10:55:59	40.53898	141.55793	22	0.0	5	1.1	285
2024/05/09	10:56:59	40.53901	141.55765	38	0.0	5	1.1	283
2024/05/09	10:58:00	40.53934	141.55769	30	0.0	5	2.3	273
2024/05/09	10:59:00	40.53903	141.55752	-8	0.0	5	1.1	276
2024/05/09	11:00:00	40.53912	141.55767	2	0.0	6	1.1	276
2024/05/09	11:01:00	40.53908	141.55766	-8	0.0	7	1.0	285
2024/05/09	11:02:00	40.53912	141.55775	-2	0.0	7	1.0	285
2024/05/09	11:02:59	40.53932	141.55760	-34	3.7	5	1.3	288
2024/05/09	11:04:00	40.53914	141.55756	-4	0.0	6	1.1	275
2024/05/09	11:05:00	40.53907	141.55768	0	0.0	6	1.2	270
2024/05/09	11:06:00	40.53909	141.55766	6	0.0	7	1.0	283
2024/05/09	11:07:00	40.53914	141.55777	-8	0.0	6	1.2	284
2024/05/09	11:08:00	40.53906	141.55773	0	0.0	6	1.2	275
2024/05/09	11:09:00	40.53909	141.55761	16	0.0	6	1.2	275
2024/05/09	11:10:00	40.53903	141.55769	6	0.0	5	2.4	250
2024/05/09	11:11:00	40.53911	141.55773	-0	0.0	4	2.4	234
2024/05/09	11:11:59	40.53907	141.55758	38	3.7	4	2.4	250
2024/05/09	11:13:00	40.53906	141.55765	16	0.0	6	1.2	278
2024/05/09	11:14:00	40.53912	141.55766	10	0.0	5	2.3	279
2024/05/09	11:15:00	40.53915	141.55777	-0	0.0	5	1.2	224
2024/05/09	11:15:59	40.53896	141.55772	12	0.0	4	1.2	224
2024/05/09	11:17:00	40.53906	141.55764	0	0.0	4	1.2	188
2024/05/09	11:17:59	40.53919	141.55776	22	0.0	5	2.2	258
2024/05/09	11:19:01	40.53887	141.55762	10	0.0	5	2.1	274
2024/05/09	11:20:00	40.53927	141.55760	-2	0.0	5	2.1	250
2024/05/09	11:21:01	40.53912	141.55765	10	0.0	6	1.1	249
2024/05/09	11:21:59	40.53893	141.55770	-10	0.0	5	2.1	253
2024/05/09	11:23:00	40.53912	141.55765	24	0.0	5	2.1	254
2024/05/09	11:24:00	40.53926	141.55766	-4	0.0	5	2.0	250
2024/05/09	11:25:00	40.53922	141.55769	-10	0.0	5	2.0	240
2024/05/09	11:26:00	40.53908	141.55770	8	0.0	6	1.1	249
2024/05/09	11:27:00	40.53894	141.55777	14	0.0	4	2.1	181
2024/05/09	11:28:01	40.53862	141.55784	-2	0.0	3	11.2	223
2024/05/09	11:29:01	40.53915	141.55760	-12	0.0	4	2.1	223
2024/05/09	11:30:00	40.53904	141.55761	10	0.0	4	2.1	244
2024/05/09	11:31:00	40.53908	141.55771	22	0.0	5	1.3	247
2024/05/09	11:32:00	40.53903	141.55774	-12	0.0	4	2.1	246
2024/05/09	11:33:00	40.53897	141.55760	-22	0.0	4	2.0	223
2024/05/09	11:34:00	40.53921	141.55767	0	0.0	4	2.0	238
2024/05/09	11:35:00	40.53909	141.55767	4	0.0	4	2.0	235
2024/05/09	11:36:00	40.53910	141.55770	-12	0.0	4	2.0	232
2024/05/09	11:37:01	40.53905	141.55761	0	0.0	4	2.0	217
2024/05/09	11:38:00	40.53905	141.55790	24	0.0	4	2.0	217
2024/05/09	11:38:59	40.53908	141.55768	4	0.0	3	2.1	163
2024/05/09	11:40:00	40.53908	141.55771	16	0.0	4	2.0	196
2024/05/09	11:41:00	40.53900	141.55769	22	0.0	4	2.0	214
2024/05/09	11:42:00	40.53903	141.55771	36	0.0	4	2.0	216
2024/05/09	11:43:00	40.53909	141.55771	6	0.0	4	2.0	215
2024/05/09	11:44:00	40.53910	141.55769	24	0.0	4	2.0	215
2024/05/09	11:45:00	40.53906	141.55758	-36	0.0	4	2.0	209
2024/05/09	11:46:00	40.53906	141.55769	-0	0.0	4	2.0	218
2024/05/09	11:46:59	40.53899	141.55740	-26	3.7	4	2.0	197
2024/05/09	11:47:59	40.53906	141.55763	0	0.0	4	2.0	192
2024/05/09	11:49:00	40.53906	141.55761	-4	0.0	4	2.0	190
2024/05/09	11:50:00	40.53911	141.55763	6	0.0	4	2.0	241
2024/05/09	11:51:00	40.53896	141.55762	2	0.0	4	2.0	215
2024/05/09	11:52:00	40.53905	141.55757	2	0.0	4	2.0	212
2024/05/09	11:53:00	40.53903	141.55777	32	0.0	4	2.0	185
2024/05/09	11:54:00	40.53907	141.55768	-2	0.0	4	2.0	220
2024/05/09	11:55:01	40.53907	141.55755	-28	0.0	3	2.1	205
2024/05/09	11:55:59	40.53898	141.55763	-4	0.0	3	2.2	199
2024/05/09	11:57:00	40.53900	141.55767	20	0.0	4	2.0	211
2024/05/09	11:58:00	40.53907	141.55769	-4	0.0	4	2.0	220
2024/05/09	11:59:00	40.53900	141.55765	8	0.0	4	2.0	221
2024/05/09	12:00:31	40.53912	141.55769	18	0.0	4	3.3	243
2024/05/09	12:00:59	40.53911	141.55768	20	0.0	3	2.0	126
2024/05/09	12:02:00	40.53901	141.55772	-40	0.0	3	2.0	156
2024/05/09	12:03:00	40.53912	141.55784	-12	3.7	3	2.0	158
2024/05/09	12:03:59	40.53918	141.55797	-50	0.0	3	2.2	132
2024/05/09	12:05:00	40.53902	141.55765	8	0.0	3	2.0	156
2024/05/09	12:06:00	40.53909	141.55763	22	0.0	3	2.0	156
2024/05/09	12:07:00	40.53904	141.55761	-40	0.0	3	1.4	157
2024/05/09	12:08:00	40.53913	141.55755	34	0.0	3	1.4	133
2024/05/09	12:09:00	40.53926	141.55782	-2	0.0	3	1.4	156
2024/05/09	12:10:00	40.53913	141.55732	72	0.0	3	1.4	155
2024/05/09	12:11:00	40.53901	141.55770	-6	0.0	3	1.4	159
2024/05/09	12:12:01	40.53917	141.55771	6	0.0	3	2.3	157
2024/05/09	12:13:01	40.53900	141.55759	-4	0.0	3	1.4	159
2024/05/09	12:14:01	40.53903	141.55771	18	0.0	3	1.4	153
2024/05/09	12:15:01	40.53900	141.55756	30	0.0	4	1.1	155
2024/05/09	12:16:00	40.53900	141.55755	-16	3.7	3	1.1	131
2024/05/09	12:17:00	40.53905	141.55767	22	0.0	4	1.1	156
2024/05/09	12:18:00	40.53903	141.55767	18	0.0	3	1.4	156
2024/05/09	12:19:00	40.53910	141.55796	-50	0.0	3	1.4	153
2024/05/09	12:20:00	40.53901	141.55761	6	0.0	4	1.1	151
2024/05/09	12:21:00	40.53930	141.55783	-108	3.7	3	2.1	154
2024/05/09	12:22:00	40.53915	141.55800	-38	0.0	3	1.3	155
2024/05/09	12:23:00	40.53928	141.55803	-78	0.0	3	2.1	155
2024/05/09	12:24:00	40.53909	141.55775	32	0.0	3	1.1	164
2024/05/09	12:25:00	40.53911	141.55770	14	0.0	4	1.1	164
2024/05/09	12:26:01	40.53897	141.55765	-0	0.0	3	2.1	156
2024/05/09	12:27:01	40.53902	141.55771	22	0.0	3	1.3	154
2024/05/09	12:28:01	40.53913	141.55776	-30	3.7	3	2.2	124
2024/05/09	12:29:01	40.53909	141.55761	24	7.4	3	2.0	151
2024/05/09	12:30:01	40.53902	141.55771	16	0.0	4	1.1	156
2024/05/09	12:31:00	40.53914	141.55766	14	0.0	3	1.3	155
2024/05/09	12:32:00	40.53901	141.55766	6	0.0	4	1.1	158
2024/05/09	12:33:00	40.53898	141.55766	18	0.0	3	1.3	154
2024/05/09	12:34:00	40.53900	141.55781	-6	3.7	4	1.4	161
2024/05/09	12:35:00	40.53908	141.55772	14	0.0	4	1.4	159
2024/05/09	12:36:00	40.53909	141.55761	-4	0.0	4	1.1	156
2024/05/09	12:37:00	40.53915	141.55766	14	0.0	4	1.1	161
2024/05/09	12:38:00	40.53918	141.55763	40	0.0	3	2.0	162
2024/05/09	12:39:00	40.53902	141.55771	8	3.7	4	1.3	164
2024/05/09	12:40:00	40.53939	141.55759	-4	0.0	3	1.4	162
2024/05/09	12:41:00	40.53907	141.55776	-6	0.0	3	1.4	163
2024/05/09	12:42:00	40.53909	141.55752	-18	0.0	3	2.0	164
2024/05/09	12:43:01	40.53911	141.55765	-0	0.0	4	1.3	160
2024/05/09	12:44:01	40.53906	141.55770	10	0.0	4	1.3	162
2024/05/09	12:45:01	40.53904	141.55767	-2	0.0	4	1.3	164
2024/05/09	12:46:01	40.53901	141.55775	8	0.0	4	1.1	163
2024/05/09	12:47:01	40.53910	141.55761	14	3.7	4	1.3	162
2024/05/09	12:48:01	40.53889	141.55769	18	0.0	4	1.3	163
2024/05/09	12:49:01	40.53900	141.55762	14	0.0	3	1.3	159
2024/05/09	12:50:01	40.53918	141.55767	-12	0.0	3	1.4	130
2024/05/09	12:51:01	40.53897	141.55772	20	0.0	3	1.3	155
2024/05/09	12:52:02	40.53906	141.55761	6	0.0	4	1.1	158
2024/05/09	12:53:00	40.53908	141.55775	22	0.0	4	1.1	163
2024/05/09	12:54:01	40.53903	141.55765	18	0.0	4	1.1	160
2024/05/09	12:55:01	40.53901	141.55770	26	0.0	4	1.1	159
2024/05/09	12:56:00	40.53907	141.55765	-0	0.0	4	1.1	161
2024/05/09	12:57:00	40.53879	141.55759	64	3.7	3	1.3	162
2024/05/09	12:58:01	40.53907	141.55773	2	0.0	4	1.1	160
2024/05/09	12:59:00	40.53900	141.55769	30	0.0	4	1.2	161
2024/05/09	13:00:01	40.53905	141.55761	8	0.0	4	1.1	159
2024/05/09	13:01:01	40.53907	141.55764	24	0.0	4	1.1	159
2024/05/09	13:02:00	40.53900	141.55765	-0	0.0	3	1.3	122
2024/05/09	13:03:00	40.53940	141.55754	-86	0.0	3	1.3	159
2024/05/09	13:04:01	40.53905	141.55765	-0	0.0	4	1.1	154
2024/05/09	13:05:00	40.53893	141.55779	16	0.0	3	1.2	160
2024/05/09	13:06:00	40.53918	141.55781	34	0.0	4	1.2	162
2024/05/09	13:07:00	40.53878	141.55774	32	0.0	4	1.2	159
2024/05/09	13:08:00	40.53917	141.55764	28	0.0	4	1.2	161
2024/05/09	13:09:01	40.53902	141.55769	6	0.0	4	1.1	157
2024/05/09	13:10:00	40.53888	141.55780	26	0.0	4	1.2	161
2024/05/09	13:11:01	40.53906	141.55777	18	0.0	4	1.2	155
2024/05/09	13:12:00	40.53907	141.55766	30	0.0	4	1.2	162
2024/05/09	13:13:00	40.53918	141.55758	-66	0.0	3	1.4	157
2024/05/09	13:14:01	40.53904	141.55766	4	0.0	4	1.1	152
2024/05/09	13:15:01	40.53901	141.55764	4	18.5	4	1.2	149
2024/05/09	13:16:01	40.53911	141.55755	46	3.7	3	1.3	147
2024/05/09	13:17:01	40.53907	141.55768	8	0.0	4	1.2	160
2024/05/09	13:18:00	40.53912	141.55773	-12	0.0	3	1.3	150
2024/05/09	13:19:01	40.53890	141.55756	60	0.0	3	1.3	153
2024/05/09	13:20:01	40.53917	141.55763	-12	0.0	3	1.3	146
2024/05/09	13:21:01	40.53908	141.55767	16	0.0	4	1.1	148
2024/05/09	13:22:01	40.53905	141.55770	22	0.0	4	1.1	145
2024/05/09	13:23:01	40.53910	141.55767	8	0.0	4	1.1	145
2024/05/09	13:24:01	40.53910	141.55761	-6	0.0	4	1.1	151
2024/05/09	13:25:01	40.53915	141.55766	24	0.0	3	1.3	145
2024/05/09	13:26:01	40.53914	141.55765	-6	0.0	3	1.3	140
2024/05/09	13:27:03	40.53910	141.55763	14	0.0	4	1.1	175
2024/05/09	13:28:00	40.53915	141.55765	-10	3.7	3	1.4	153
2024/05/09	13:29:02	40.53862	141.55797	-4	0.0	2	5.1	171
2024/05/09	13:30:00	40.53908	141.55771	8	0.0	3	1.3	120
2024/05/09	13:31:01	40.53918	141.55763	16	0.0	3	1.3	142
2024/05/09	13:32:01	40.53916	141.55761	8	0.0	3	1.3	147
2024/05/09	13:33:01	40.53902	141.55764	8	0.0	4	1.1	156
2024/05/09	13:34:01	40.53902	141.55749	26	3.7	3	1.3	147
2024/05/09	13:35:02	40.53915	141.55764	-4	0.0	3	1.3	144
2024/05/09	13:36:02	40.53901	141.55775	18	0.0	3	1.3	138
2024/05/09	13:37:01	40.53894	141.55768	0	0.0	3	1.3	144
2024/05/09	13:38:01	40.53895	141.55759	36	0.0	3	1.3	141
2024/05/09	13:39:01	40.53889	141.55778	18	0.0	3	1.3	119
2024/05/09	13:40:02	40.53913	141.55763	6	0.0	3	1.3	169
2024/05/09	13:41:02	40.53908	141.55767	-2	0.0	3	1.3	137
2024/05/09	13:42:02	40.53915	141.55763	6	0.0	3	1.4	152
2024/05/09	13:43:01	40.53904	141.55775	16	0.0	3	1.4	119
2024/05/09	13:44:02	40.53910	141.55771	18	0.0	3	1.4	118
2024/05/09	13:45:02	40.53906	141.55759	0	0.0	3	1.4	152
2024/05/09	13:46:03	40.53895	141.55771	18	0.0	3	1.4	120
2024/05/09	13:47:01	40.53913	141.55772	0	0.0	3	1.4	121
2024/05/09	13:48:01	40.53915	141.55758	2	0.0	3	1.4	121
2024/05/09	13:49:02	40.53901	141.55772	18	0.0	3	1.4	117
2024/05/09	13:50:02	40.53897	141.55774	18	0.0	3	1.4	214
2024/05/09	13:51:02	40.53902	141.55776	10	0.0	3	1.4	150
2024/05/09	13:52:02	40.53917	141.55761	4	0.0	3	1.4	147
2024/05/09	13:53:02	40.53925	141.55755	24	0.0	2	18.3	149
2024/05/09	13:54:02	40.53907	141.55765	0	0.0	2	19.4	141
2024/05/09	13:55:02	40.53852	141.55801	22	0.0	2	21.2	143
2024/05/09	13:56:02	40.53869	141.55789	22	0.0	2	23.0	111
2024/05/09	13:57:02	40.53794	141.55835	36	0.0	2	25.0	112
2024/05/09	13:58:02	40.53861	141.55790	32	3.7	2	27.1	109
2024/05/09	13:59:10	40.53918	141.55759	10	0.0	3	1.4	102
2024/05/09	14:00:04	40.53918	141.55764	-4	3.7	3	2.0	110
2024/05/09	14:01:03	40.53923	141.55754	-8	0.0	3	2.0	177
2024/05/09	14:02:08	40.53911	141.55766	10	0.0	3	2.0	137
2024/05/09	14:03:04	40.53892	141.55774	6	0.0	3	2.0	105
2024/05/09	14:04:07	40.53945	141.55746	-6	0.0	3	2.0	105
2024/05/09	14:05:04	40.53929	141.55757	-0	7.4	3	2.0	107
2024/05/09	14:06:07	40.53913	141.55766	14	0.0	3	2.0	138
2024/05/09	14:07:05	40.53904	141.55769	12	3.7	3	2.0	142
2024/05/09	14:08:04	40.53902	141.55769	18	7.4	3	2.1	108
2024/05/09	14:09:26	40.53905	141.55769	12	0.0	3	2.1	201
2024/05/09	14:10:26	40.53922	141.55758	12	0.0	3	2.1	246
2024/05/09	14:11:05	40.53919	141.55763	8	3.7	3	2.1	103
2024/05/09	14:12:13	40.53910	141.55764	20	3.7	3	2.1	229
2024/05/09	14:13:10	40.53920	141.55762	4	7.4	3	2.1	132
2024/05/09	14:14:30	40.53921	141.55760	10	0.0	3	2.1	226
2024/05/09	14:15:32	40.53906	141.55767	14	0.0	3	1.1	179
2024/05/09	14:16:02	40.53915	141.55764	30	0.0	3	1.1	147
2024/05/09	14:17:02	40.53903	141.55764	8	0.0	3	1.1	150
2024/05/09	14:18:03	40.53909	141.55771	12	0.0	3	1.1	142
2024/05/09	14:19:02	40.53904	141.55768	-2	0.0	3	1.1	149
2024/05/09	14:20:02	40.53915	141.55777	32	0.0	4	1.0	198
2024/05/09	14:21:02	40.53902	141.55773	16	0.0	3	1.1	152
2024/05/09	14:22:02	40.53925	141.55774	22	0.0	2	4.3	146
2024/05/09	14:23:00	40.53919	141.55769	18	0.0	3	1.2	175
2024/05/09	14:24:01	40.53899	141.55768	-22	0.0	3	1.1	145
2024/05/09	14:25:02	40.53874	141.55755	-4	0.0	2	4.3	142
2024/05/09	14:26:03	40.53911	141.55771	-2	0.0	3	1.1	140
2024/05/09	14:27:02	40.53911	141.55777	-0	0.0	2	1.3	172
2024/05/09	14:28:03	40.53901	141.55769	6	0.0	3	1.1	147
2024/05/09	14:29:02	40.53887	141.55749	10	3.7	2	4.3	143
2024/05/09	14:30:02	40.53909	141.55767	12	0.0	3	1.1	186
2024/05/09	14:31:02	40.53905	141.55772	18	0.0	3	1.1	149
2024/05/09	14:32:02	40.53913	141.55764	14	0.0	3	1.1	149
2024/05/09	14:33:03	40.53893	141.55755	16	3.7	2	4.4	173
2024/05/09	14:34:04	40.53901	141.55765	14	0.0	3	1.1	141
2024/05/09	14:35:03	40.53911	141.55769	16	0.0	3	1.1	149
2024/05/09	14:36:03	40.53904	141.55764	32	0.0	2	1.3	146
2024/05/09	14:37:04	40.53915	141.55776	8	0.0	3	1.1	137
2024/05/09	14:38:03	40.53902	141.55764	24	0.0	3	1.1	148
2024/05/09	14:39:04	40.53905	141.55763	14	0.0	3	1.1	139
2024/05/09	14:40:04	40.53905	141.55765	12	0.0	2	1.3	135
2024/05/09	14:41:04	40.53905	141.55767	-6	0.0	2	1.3	134
2024/05/09	14:42:07	40.53912	141.55768	26	0.0	3	1.1	192
2024/05/09	14:43:04	40.53906	141.55765	0	0.0	2	1.3	137
2024/05/09	14:44:04	40.53905	141.55763	4	0.0	2	1.3	118
2024/05/09	14:45:10	40.53897	141.55769	6	3.7	2	1.3	113
2024/05/09	14:46:04	40.53905	141.55766	10	0.0	2	1.3	136
2024/05/09	14:47:05	40.53906	141.55765	24	0.0	3	1.2	130
2024/05/09	14:48:07	40.53906	141.55766	-4	0.0	3	1.2	166
2024/05/09	14:49:10	40.53903	141.55765	12	0.0	2	1.3	142
2024/05/09	14:50:07	40.53905	141.55766	12	0.0	2	1.3	112
2024/05/09	14:51:06	40.53908	141.55767	18	0.0	2	1.3	113
2024/05/09	14:52:06	40.53904	141.55766	18	0.0	2	1.3	146
2024/05/09	14:53:19	40.53896	141.55760	8	0.0	2	1.3	128
2024/05/09	14:54:08	40.53898	141.55763	-2	0.0	2	1.3	131
2024/05/09	14:55:32	40.53907	141.55767	12	0.0	4	1.2	187
2024/05/09	14:56:01	40.53905	141.55769	-6	0.0	4	1.2	166
2024/05/09	14:57:01	40.53906	141.55766	-12	0.0	4	1.2	179
2024/05/09	14:58:00	40.53906	141.55750	28	0.0	3	2.0	155
2024/05/09	14:59:01	40.53910	141.55766	8	0.0	4	1.2	223
2024/05/09	15:00:00	40.53910	141.55778	50	0.0	4	1.3	153
2024/05/09	15:01:00	40.53891	141.55780	54	0.0	4	1.3	158
2024/05/09	15:02:00	40.53912	141.55779	16	0.0	3	1.4	182
2024/05/09	15:03:00	40.53910	141.55759	-2	0.0	4	1.2	189
2024/05/09	15:04:00	40.53906	141.55773	16	0.0	4	1.2	203
2024/05/09	15:05:01	40.53905	141.55754	-28	0.0	4	1.2	193
2024/05/09	15:06:01	40.53910	141.55759	4	0.0	4	1.2	196
2024/05/09	15:07:01	40.53901	141.55773	78	0.0	4	1.2	161
2024/05/09	15:08:01	40.53909	141.55769	48	7.4	4	1.2	188
2024/05/09	15:09:02	40.53905	141.55768	26	0.0	4	1.2	153
2024/05/09	15:10:02	40.53907	141.55764	0	0.0	4	1.2	183
2024/05/09	15:11:01	40.53908	141.55766	24	0.0	4	1.2	185
2024/05/09	15:12:01	40.53902	141.55764	16	0.0	4	1.2	157
2024/05/09	15:13:00	40.53904	141.55761	-46	0.0	3	1.3	189
2024/05/09	15:14:01	40.53901	141.55771	22	0.0	4	1.2	180
2024/05/09	15:15:00	40.53897	141.55773	-50	0.0	3	1.4	155
2024/05/09	15:16:01	40.53917	141.55764	-2	0.0	3	1.3	191
2024/05/09	15:17:00	40.53907	141.55755	46	0.0	3	1.3	189
2024/05/09	15:18:01	40.53909	141.55766	8	0.0	4	1.2	191
2024/05/09	15:19:00	40.53919	141.55781	-20	0.0	3	1.2	162
2024/05/09	15:20:01	40.53905	141.55772	-14	0.0	4	1.2	189
2024/05/09	15:21:01	40.53903	141.55768	20	0.0	4	1.2	193
2024/05/09	15:22:01	40.53906	141.55758	-6	0.0	4	1.2	225
2024/05/09	15:23:01	40.53902	141.55767	4	0.0	4	1.2	223
2024/05/09	15:24:00	40.53903	141.55751	2	0.0	3	1.3	186
2024/05/09	15:25:01	40.53905	141.55763	-16	0.0	4	1.2	187
2024/05/09	15:26:01	40.53909	141.55767	-2	0.0	4	1.2	218
2024/05/09	15:27:01	40.53912	141.55769	-2	0.0	4	1.2	215
2024/05/09	15:28:01	40.53910	141.55764	0	0.0	4	1.2	190
2024/05/09	15:29:01	40.53899	141.55761	2	0.0	3	2.0	195
2024/05/09	15:30:01	40.53905	141.55772	48	0.0	4	1.2	188
2024/05/09	15:31:01	40.53905	141.55771	22	0.0	4	1.2	186
2024/05/09	15:32:01	40.53910	141.55770	28	0.0	4	1.2	217
2024/05/09	15:33:00	40.53886	141.55756	22	0.0	3	1.3	213
2024/05/09	15:34:01	40.53907	141.55765	20	0.0	4	1.2	213
2024/05/09	15:35:00	40.53906	141.55771	-0	0.0	3	1.3	128
2024/05/09	15:36:01	40.53909	141.55764	4	0.0	4	1.2	186
2024/05/09	15:37:01	40.53911	141.55765	10	0.0	4	1.2	246
2024/05/09	15:38:01	40.53909	141.55762	20	0.0	4	1.2	187
2024/05/09	15:39:00	40.53901	141.55754	-32	0.0	3	1.2	218
2024/05/09	15:40:00	40.53893	141.55771	0	0.0	3	1.2	219
2024/05/09	15:41:01	40.53906	141.55767	-4	0.0	4	1.2	188
2024/05/09	15:42:01	40.53912	141.55766	4	0.0	4	1.2	210
2024/05/09	15:43:00	40.53908	141.55779	52	0.0	3	2.0	211
2024/05/09	15:44:00	40.53917	141.55760	-72	0.0	3	1.3	208
2024/05/09	15:45:01	40.53912	141.55763	-12	0.0	4	1.2	189
2024/05/09	15:46:01	40.53913	141.55771	-8	0.0	3	1.2	240
2024/05/09	15:47:00	40.53872	141.55772	-0	0.0	3	2.0	215
2024/05/09	15:48:00	40.53915	141.55762	-4	0.0	3	2.0	180
2024/05/09	15:49:00	40.53911	141.55763	-34	0.0	3	2.0	211
2024/05/09	15:50:00	40.53912	141.55751	86	0.0	3	2.0	180
2024/05/09	15:51:01	40.53903	141.55767	12	0.0	4	1.2	188
2024/05/09	15:52:01	40.53896	141.55780	30	0.0	3	1.3	195
2024/05/09	15:53:00	40.53905	141.55754	82	3.7	3	2.0	205
2024/05/09	15:54:01	40.53901	141.55765	16	0.0	3	1.3	183
2024/05/09	15:55:01	40.53922	141.55762	-16	0.0	3	2.0	170
2024/05/09	15:56:02	40.53909	141.55775	22	0.0	4	1.3	232
2024/05/09	15:57:01	40.53903	141.55766	12	0.0	3	1.3	249
2024/05/09	15:58:01	40.53907	141.55765	32	0.0	3	1.3	247
2024/05/09	15:59:00	40.53901	141.55771	10	7.4	3	2.0	189
2024/05/09	16:00:01	40.53896	141.55766	18	0.0	3	2.0	214
2024/05/09	16:01:01	40.53919	141.55762	26	0.0	3	2.0	206
2024/05/09	16:02:01	40.53903	141.55774	-2	0.0	3	2.0	209
2024/05/09	16:03:00	40.53901	141.55776	8	0.0	3	2.1	149
2024/05/09	16:04:02	40.53916	141.55770	16	0.0	3	2.1	215
2024/05/09	16:05:02	40.53915	141.55756	10	0.0	3	2.1	215
2024/05/09	16:06:01	40.53911	141.55766	40	0.0	3	2.1	159
2024/05/09	16:07:01	40.53891	141.55771	18	0.0	3	2.1	158
2024/05/09	16:08:02	40.53905	141.55777	8	0.0	3	2.1	221
2024/05/09	16:09:02	40.53908	141.55769	-30	0.0	3	2.1	216
2024/05/09	16:10:01	40.53914	141.55757	-4	0.0	3	2.1	190
2024/05/09	16:11:02	40.53907	141.55770	14	0.0	3	2.2	218
2024/05/09	16:12:02	40.53898	141.55771	36	0.0	3	2.2	219
2024/05/09	16:13:02	40.53922	141.55765	-8	0.0	3	2.2	220
2024/05/09	16:14:02	40.53901	141.55766	32	0.0	3	2.2	225
2024/05/09	16:15:02	40.53908	141.55770	6	0.0	3	2.2	215
2024/05/09	16:16:02	40.53903	141.55772	6	0.0	3	2.2	224
2024/05/09	16:17:02	40.53926	141.55762	-12	0.0	3	2.3	188
2024/05/09	16:18:01	40.53903	141.55775	16	0.0	3	2.3	190
2024/05/09	16:19:02	40.53904	141.55771	12	0.0	3	2.3	187
2024/05/09	16:20:02	40.53907	141.55771	-4	0.0	3	2.3	186
2024/05/09	16:21:01	40.53893	141.55776	0	0.0	3	2.3	222
2024/05/09	16:22:02	40.53895	141.55776	28	0.0	3	2.4	219
2024/05/09	16:23:01	40.53930	141.55760	18	0.0	3	2.4	183
2024/05/09	16:24:02	40.53901	141.55771	34	0.0	3	2.4	220
2024/05/09	16:25:02	40.53912	141.55763	22	0.0	3	2.4	221
2024/05/09	16:26:03	40.53908	141.55767	12	0.0	3	3.0	187
2024/05/09	16:27:02	40.53904	141.55769	6	0.0	3	3.0	222
2024/05/09	16:28:02	40.53892	141.55779	16	0.0	3	3.0	183
2024/05/09	16:29:02	40.53902	141.55769	12	0.0	3	3.0	191
2024/05/09	16:30:02	40.53918	141.55756	-8	0.0	3	3.1	189
2024/05/09	16:31:02	40.53904	141.55776	12	0.0	3	3.1	224
2024/05/09	16:32:03	40.53910	141.55764	14	0.0	3	3.1	186
2024/05/09	16:33:03	40.53916	141.55753	-0	0.0	3	3.2	221
2024/05/09	16:34:02	40.53915	141.55760	22	0.0	3	3.2	221
2024/05/09	16:35:03	40.53899	141.55770	12	0.0	3	3.2	182
2024/05/09	16:36:03	40.53925	141.55760	-20	0.0	3	3.3	184
2024/05/09	16:37:02	40.53916	141.55764	-4	0.0	3	3.3	218
2024/05/09	16:38:03	40.53923	141.55756	0	0.0	3	3.4	181
2024/05/09	16:39:03	40.53921	141.55759	-8	0.0	3	3.4	218
2024/05/09	16:40:02	40.53892	141.55774	26	0.0	3	4.0	225
2024/05/09	16:41:03	40.53902	141.55772	4	0.0	3	4.0	221
2024/05/09	16:42:03	40.53909	141.55766	4	0.0	3	4.1	221
2024/05/09	16:43:02	40.53922	141.55760	-10	0.0	3	4.1	225
2024/05/09	16:44:03	40.53902	141.55770	18	0.0	3	4.2	212
2024/05/09	16:45:04	40.53908	141.55766	26	0.0	3	4.3	244
2024/05/09	16:46:04	40.53908	141.55766	12	0.0	3	4.3	170
2024/05/09	16:47:04	40.53887	141.55784	32	0.0	3	4.4	167
2024/05/09	16:48:05	40.53918	141.55758	-6	0.0	3	5.0	200
2024/05/09	16:49:32	40.53906	141.55767	8	0.0	5	1.3	188
2024/05/09	16:50:00	40.53916	141.55764	4	3.7	3	2.1	163
2024/05/09	16:51:00	40.53913	141.55761	2	3.7	3	2.3	182
2024/05/09	16:52:00	40.53902	141.55773	14	0.0	3	2.3	183
2024/05/09	16:53:00	40.53919	141.55763	-0	0.0	5	1.3	189
2024/05/09	16:54:00	40.53890	141.55776	-32	0.0	3	2.3	149
2024/05/09	16:55:00	40.53923	141.55769	40	0.0	4	2.0	189
2024/05/09	16:56:01	40.53907	141.55766	-4	0.0	5	1.3	192
2024/05/09	16:57:01	40.53868	141.55791	32	0.0	4	2.3	188
2024/05/09	16:58:02	40.53913	141.55764	2	0.0	5	1.3	189
2024/05/09	16:59:00	40.53899	141.55758	34	0.0	4	2.0	187
2024/05/09	17:00:00	40.53881	141.55766	18	0.0	4	2.0	184
2024/05/09	17:01:00	40.53899	141.55787	6	0.0	3	2.1	189
2024/05/09	17:02:00	40.53885	141.55779	0	0.0	4	1.4	187
2024/05/09	17:03:00	40.53912	141.55753	46	0.0	4	1.4	158
2024/05/09	17:04:01	40.53902	141.55772	28	0.0	4	1.4	183
2024/05/09	17:05:02	40.53912	141.55764	4	0.0	4	1.4	188
2024/05/09	17:06:01	40.53913	141.55761	12	0.0	4	1.4	187
2024/05/09	17:07:00	40.53908	141.55773	18	0.0	4	1.4	183
2024/05/09	17:08:00	40.53918	141.55752	20	0.0	4	1.4	209
2024/05/09	17:09:01	40.53910	141.55765	-2	0.0	4	1.4	210
2024/05/09	17:10:00	40.53913	141.55757	48	0.0	4	1.4	182
2024/05/09	17:11:01	40.53910	141.55769	16	0.0	4	1.4	208
2024/05/09	17:12:01	40.53911	141.55764	12	0.0	4	1.4	208
2024/05/09	17:13:00	40.53909	141.55770	30	0.0	4	1.4	210
2024/05/09	17:14:00	40.53901	141.55761	10	0.0	4	1.4	159
2024/05/09	17:15:00	40.53918	141.55767	-24	0.0	4	1.4	187
2024/05/09	17:16:00	40.53897	141.55775	18	0.0	4	1.4	163
2024/05/09	17:17:01	40.53908	141.55768	2	0.0	4	1.4	210
2024/05/09	17:18:02	40.53904	141.55769	-12	0.0	4	1.4	179
2024/05/09	17:19:01	40.53903	141.55767	28	0.0	4	1.4	208
2024/05/09	17:20:00	40.53902	141.55766	4	0.0	4	1.4	160
2024/05/09	17:21:01	40.53909	141.55761	6	0.0	4	1.4	206
2024/05/09	17:22:01	40.53901	141.55771	2	0.0	4	1.4	208
2024/05/09	17:23:01	40.53902	141.55770	12	0.0	4	1.4	215
2024/05/09	17:24:00	40.53900	141.55777	34	0.0	4	1.4	194
2024/05/09	17:25:00	40.53918	141.55761	18	0.0	4	1.4	186
2024/05/09	17:26:00	40.53916	141.55767	8	0.0	4	1.4	183
2024/05/09	17:27:01	40.53904	141.55770	8	0.0	4	1.4	160
2024/05/09	17:28:00	40.53911	141.55766	12	0.0	4	1.4	157
2024/05/09	17:29:00	40.53919	141.55762	24	0.0	4	1.4	185
2024/05/09	17:30:01	40.53912	141.55765	-14	0.0	4	1.4	182
2024/05/09	17:31:00	40.53920	141.55740	-0	0.0	4	1.4	185
2024/05/09	17:32:00	40.53905	141.55779	28	0.0	3	2.0	157
2024/05/09	17:33:01	40.53903	141.55773	18	0.0	4	1.4	193
2024/05/09	17:34:01	40.53898	141.55776	6	0.0	4	1.4	192
2024/05/09	17:35:01	40.53911	141.55759	14	0.0	4	1.4	187
2024/05/09	17:36:01	40.53910	141.55762	4	0.0	4	1.4	191
2024/05/09	17:37:03	40.53908	141.55761	4	0.0	3	7.4	195
2024/05/09	17:38:00	40.53915	141.55770	10	0.0	3	2.4	188
2024/05/09	17:39:00	40.53911	141.55771	-0	0.0	4	1.4	191
2024/05/09	17:40:00	40.53923	141.55765	-0	0.0	3	2.0	154
2024/05/09	17:41:00	40.53902	141.55770	14	0.0	4	1.4	163
2024/05/09	17:42:01	40.53912	141.55773	12	0.0	4	1.4	189
2024/05/09	17:43:01	40.53909	141.55777	26	0.0	4	1.4	191
2024/05/09	17:44:02	40.53906	141.55759	4	0.0	4	1.4	209
2024/05/09	17:45:03	40.53903	141.55768	6	0.0	4	1.4	172
2024/05/09	17:46:01	40.53893	141.55777	20	0.0	4	1.4	154
2024/05/09	17:47:01	40.53907	141.55767	10	0.0	4	1.4	185
2024/05/09	17:48:01	40.53929	141.55727	2	0.0	4	1.4	179
2024/05/09	17:49:00	40.53901	141.55768	24	0.0	4	1.4	189
2024/05/09	17:50:01	40.53906	141.55771	6	0.0	4	1.4	186
2024/05/09	17:51:01	40.53901	141.55779	16	0.0	4	1.4	185
2024/05/09	17:52:01	40.53904	141.55770	22	0.0	4	1.4	187
2024/05/09	17:53:01	40.53911	141.55755	30	0.0	4	1.4	182
2024/05/09	17:54:00	40.53918	141.55767	8	0.0	4	1.4	190
2024/05/09	17:55:01	40.53910	141.55759	24	0.0	4	1.4	187
2024/05/09	17:56:00	40.53903	141.55800	-6	14.8	3	2.2	180
2024/05/09	17:57:00	40.53903	141.55785	18	0.0	4	2.0	190
2024/05/09	17:58:00	40.53921	141.55747	2	0.0	4	2.0	196
2024/05/09	17:59:00	40.53900	141.55797	14	0.0	4	2.0	197
2024/05/09	18:00:02	40.53907	141.55776	34	0.0	4	2.0	184
2024/05/09	18:01:03	40.53905	141.55767	12	0.0	4	2.0	218
2024/05/09	18:02:03	40.53906	141.55774	18	0.0	4	2.0	183
2024/05/09	18:03:03	40.53913	141.55769	16	0.0	3	3.0	177
2024/05/09	18:04:03	40.53909	141.55767	10	0.0	3	3.0	180
2024/05/09	18:05:03	40.53905	141.55763	-0	0.0	3	3.0	160
2024/05/09	18:06:03	40.53910	141.55767	14	0.0	3	3.0	161
2024/05/09	18:07:03	40.53911	141.55759	2	0.0	3	3.0	160
2024/05/09	18:08:03	40.53907	141.55760	2	0.0	3	3.0	161
2024/05/09	18:09:03	40.53907	141.55768	8	0.0	3	3.0	158
2024/05/09	18:10:03	40.53901	141.55772	2	0.0	3	3.0	158
2024/05/09	18:11:03	40.53910	141.55754	-0	0.0	3	3.0	160
2024/05/09	18:12:03	40.53905	141.55757	-0	0.0	3	3.0	159
2024/05/09	18:13:03	40.53905	141.55763	-2	0.0	3	3.0	157
2024/05/09	18:14:03	40.53903	141.55768	0	0.0	3	3.0	161
2024/05/09	18:15:03	40.53898	141.55775	-0	0.0	3	3.0	156
2024/05/09	18:16:03	40.53898	141.55759	-6	0.0	3	3.0	156
2024/05/09	18:17:03	40.53904	141.55753	-6	0.0	3	3.0	154
2024/05/09	18:18:03	40.53908	141.55766	8	0.0	3	3.0	156
2024/05/09	18:19:03	40.53910	141.55759	-2	0.0	3	3.0	169
2024/05/09	18:20:02	40.53913	141.55774	44	0.0	3	3.0	185
2024/05/09	18:21:02	40.53908	141.55770	10	0.0	3	3.0	127
2024/05/09	18:22:03	40.53905	141.55764	0	0.0	3	3.0	186
2024/05/09	18:23:03	40.53906	141.55763	8	0.0	3	3.1	188
2024/05/09	18:24:03	40.53909	141.55774	28	0.0	3	3.1	186
2024/05/09	18:25:02	40.53897	141.55777	4	0.0	3	3.1	150
2024/05/09	18:26:03	40.53906	141.55756	-8	0.0	3	3.1	185
2024/05/09	18:27:02	40.53903	141.55772	10	0.0	3	3.1	151
2024/05/09	18:28:03	40.53909	141.55777	22	0.0	3	3.2	157
2024/05/09	18:29:02	40.53906	141.55777	18	0.0	3	3.2	152
2024/05/09	18:30:03	40.53905	141.55775	10	0.0	3	3.2	183
2024/05/09	18:31:03	40.53910	141.55759	0	0.0	3	3.2	153
2024/05/09	18:32:03	40.53906	141.55768	12	0.0	3	3.2	154
2024/05/09	18:33:02	40.53908	141.55774	14	0.0	3	3.3	152
2024/05/09	18:34:03	40.53909	141.55762	16	0.0	3	3.3	183
2024/05/09	18:35:03	40.53909	141.55732	-62	0.0	3	3.3	179
2024/05/09	18:36:03	40.53912	141.55760	6	0.0	3	3.3	150
2024/05/09	18:37:03	40.53906	141.55755	-6	0.0	3	3.4	144
2024/05/09	18:38:04	40.53906	141.55779	42	0.0	3	3.4	143
2024/05/09	18:39:03	40.53906	141.55754	-12	0.0	3	3.4	185
2024/05/09	18:40:04	40.53909	141.55774	26	0.0	3	4.0	183
2024/05/09	18:41:04	40.53906	141.55760	6	0.0	3	4.0	180
2024/05/09	18:42:04	40.53913	141.55740	-34	3.7	3	4.0	179
2024/05/09	18:43:05	40.53907	141.55764	4	0.0	3	4.1	144
2024/05/09	18:44:08	40.53907	141.55747	-14	0.0	3	4.1	176
2024/05/09	18:45:06	40.53902	141.55786	34	0.0	3	4.1	209
2024/05/09	18:46:19	40.53904	141.55777	14	3.7	3	4.2	264
2024/05/09	18:47:12	40.53903	141.55780	32	3.7	3	4.2	258
2024/05/09	18:48:07	40.53909	141.55746	-10	11.1	3	4.3	170
2024/05/09	18:49:32	40.53906	141.55768	8	0.0	4	1.2	242
2024/05/09	18:50:00	40.53920	141.55773	72	0.0	3	2.2	159
2024/05/09	18:51:00	40.53910	141.55763	-2	0.0	4	1.2	194
2024/05/09	18:52:00	40.53900	141.55788	30	0.0	4	1.2	190
2024/05/09	18:53:00	40.53918	141.55785	18	0.0	4	1.2	186
2024/05/09	18:54:00	40.53914	141.55779	32	0.0	4	1.2	190
2024/05/09	18:55:00	40.53897	141.55781	60	0.0	4	1.2	191
2024/05/09	18:56:01	40.53906	141.55763	40	0.0	4	1.2	195
2024/05/09	18:57:01	40.53898	141.55763	26	0.0	4	1.2	189
2024/05/09	18:58:01	40.53909	141.55762	22	0.0	4	1.2	195
2024/05/09	18:59:00	40.53899	141.55752	24	0.0	4	1.2	191
2024/05/09	19:00:01	40.53903	141.55778	-2	0.0	4	1.2	190
2024/05/09	19:01:00	40.53904	141.55781	50	0.0	4	1.3	195
2024/05/09	19:02:00	40.53916	141.55750	-40	18.5	3	1.4	186
2024/05/09	19:03:01	40.53999	141.55717	-18	0.0	3	2.4	185
2024/05/09	19:04:01	40.54126	141.55776	24	0.0	4	1.2	184
2024/05/09	19:05:01	40.54113	141.55764	-26	0.0	3	2.4	155
2024/05/09	19:06:02	40.54521	141.56388	10	40.7	4	1.3	218
2024/05/09	19:07:00	40.55019	141.57048	42	51.9	4	1.3	206
2024/05/09	19:08:00	40.55629	141.57568	-2	48.2	4	1.3	220
2024/05/09	19:09:01	40.56003	141.58107	62	7.4	3	1.4	211
2024/05/09	19:10:00	40.56246	141.58653	182	59.3	3	2.2	235
2024/05/09	19:11:00	40.56858	141.59570	82	74.1	3	2.0	186
2024/05/09	19:12:02	40.57743	141.60425	34	66.7	3	1.4	243
2024/05/09	19:13:01	40.58509	141.61406	2	74.1	4	1.3	216
2024/05/09	19:14:01	40.59279	141.62226	0	55.6	4	1.3	224
2024/05/09	19:15:01	40.59995	141.63006	34	66.7	4	1.3	220
2024/05/09	19:16:00	40.60726	141.63724	-6	51.9	4	1.3	283
2024/05/09	19:17:01	40.61444	141.64396	-14	59.3	3	13.0	194
2024/05/09	19:18:01	40.62309	141.65062	22	59.3	4	1.3	222
2024/05/09	19:19:01	40.63083	141.65590	24	55.6	4	1.3	245
2024/05/09	19:20:00	40.63817	141.66227	30	63.0	3	2.3	213
2024/05/09	19:21:00	40.64579	141.66907	16	63.0	3	1.4	243
2024/05/09	19:22:01	40.65329	141.67750	-12	66.7	4	1.4	218
2024/05/09	19:23:01	40.66141	141.68547	24	70.4	4	1.4	221
2024/05/09	19:24:02	40.66975	141.69362	26	59.3	4	1.4	241
2024/05/09	19:25:02	40.67826	141.70085	6	63.0	4	1.4	271
2024/05/09	19:26:01	40.68697	141.70737	14	63.0	4	1.4	269
2024/05/09	19:27:01	40.69560	141.71398	20	66.7	4	1.4	249
2024/05/09	19:28:01	40.70395	141.71862	-0	55.6	4	1.4	257
2024/05/09	19:29:01	40.71245	141.72380	28	51.9	4	1.4	247
2024/05/09	19:30:01	40.72035	141.72891	32	59.3	4	1.4	301
2024/05/09	19:31:01	40.72827	141.73418	12	59.3	4	2.0	272
2024/05/09	19:32:02	40.73611	141.73947	36	51.9	4	2.0	301
2024/05/09	19:33:01	40.74355	141.74456	48	59.3	4	2.0	272
2024/05/09	19:34:01	40.75151	141.74912	8	55.6	4	2.0	248
2024/05/09	19:35:01	40.75957	141.75374	18	55.6	4	2.0	209
2024/05/09	19:36:01	40.76764	141.75894	18	63.0	4	2.0	217
2024/05/09	19:37:00	40.77441	141.76584	28	59.3	3	2.4	244
2024/05/09	19:38:01	40.78199	141.77241	20	59.3	4	2.1	273
2024/05/09	19:39:01	40.78932	141.77884	6	51.9	4	2.1	242
2024/05/09	19:40:01	40.79667	141.78468	28	63.0	4	2.1	215
2024/05/09	19:41:00	40.80294	141.79246	12	55.6	3	2.3	241
2024/05/09	19:42:01	40.80967	141.80024	24	55.6	4	2.1	249
2024/05/09	19:43:02	40.81700	141.80709	20	59.3	4	2.1	289
2024/05/09	19:44:02	40.82409	141.81465	8	59.3	4	2.1	298
2024/05/09	19:45:01	40.83132	141.82039	16	55.6	4	2.2	267
2024/05/09	19:46:00	40.83856	141.82679	32	70.4	3	2.4	272
2024/05/09	19:47:02	40.84524	141.83387	8	59.3	4	2.2	301
2024/05/09	19:48:01	40.84596	141.84195	6	51.9	4	2.2	273
2024/05/09	19:49:01	40.84966	141.84825	-0	44.4	4	2.2	267
2024/05/09	19:50:00	40.84916	141.85633	-20	37.0	3	2.4	294
2024/05/09	19:51:02	40.85125	141.86265	-2	44.4	4	2.2	286
2024/05/09	19:52:02	40.85572	141.86779	-10	40.7	4	2.2	288
2024/05/09	19:53:01	40.85900	141.87289	-2	37.0	4	2.3	245
2024/05/09	19:54:00	40.85708	141.88077	10	40.7	4	2.3	295
2024/05/09	19:55:01	40.85448	141.88667	-2	48.2	4	2.3	246
2024/05/09	19:56:00	40.85361	141.89600	2	44.4	3	2.4	269
2024/05/09	19:57:00	40.85803	141.90146	10	51.9	3	2.4	239
2024/05/09	19:58:00	40.85758	141.90774	24	48.2	3	2.4	228
2024/05/09	19:59:00	40.85917	141.91276	16	40.7	3	2.4	240
2024/05/09	20:00:01	40.85663	141.91952	2	18.5	4	2.4	296
2024/05/09	20:01:02	40.85408	141.92423	6	29.6	3	3.0	260
2024/05/09	20:02:01	40.85315	141.93053	14	29.6	4	2.4	302
2024/05/09	20:03:00	40.85219	141.93623	-0	44.4	4	2.4	248
2024/05/09	20:04:01	40.85045	141.94117	-8	0.0	3	3.0	272
2024/05/09	20:05:02	40.85032	141.94157	6	0.0	4	2.4	265
2024/05/09	20:06:03	40.85028	141.94123	-54	7.4	3	4.2	277
2024/05/09	20:07:03	40.85011	141.94188	6	0.0	3	4.2	263
2024/05/09	20:08:02	40.85009	141.94279	4	40.7	4	2.4	295
2024/05/09	20:09:01	40.85171	141.94962	4	48.2	4	2.4	274
2024/05/09	20:10:01	40.85008	141.95871	26	44.4	4	2.4	277
2024/05/09	20:11:01	40.84972	141.96621	2	48.2	4	2.4	273
2024/05/09	20:12:01	40.84725	141.97416	10	51.9	4	2.4	295
2024/05/09	20:13:02	40.85291	141.98085	16	55.6	4	2.4	296
2024/05/09	20:14:02	40.85955	141.98628	22	33.3	3	4.3	291
2024/05/09	20:15:01	40.86399	141.99151	-4	40.7	3	4.3	298
2024/05/09	20:16:02	40.87035	141.99200	6	48.2	3	4.4	269
2024/05/09	20:17:02	40.87062	141.99491	8	33.3	4	2.4	300
2024/05/09	20:18:02	40.87101	141.99663	8	25.9	3	3.0	272
2024/05/09	20:19:01	40.87543	141.99476	6	25.9	3	3.0	271
2024/05/09	20:20:02	40.87623	142.00143	14	55.6	3	3.0	291
2024/05/09	20:21:02	40.87830	142.00863	16	25.9	3	3.0	287
2024/05/09	20:22:02	40.88318	142.00815	8	11.1	3	3.0	293
2024/05/09	20:23:03	40.88456	142.00979	12	40.7	3	3.0	295
2024/05/09	20:24:02	40.88892	142.01267	8	40.7	3	3.0	292
2024/05/09	20:25:04	40.88884	142.01927	10	40.7	3	3.0	289
2024/05/09	20:26:02	40.89042	142.02182	22	44.4	3	3.0	302
2024/05/09	20:27:04	40.89138	142.02976	14	37.0	3	3.1	294
2024/05/09	20:28:01	40.89262	142.03245	8	37.0	3	3.1	295
2024/05/09	20:29:02	40.89747	142.03128	12	48.2	3	3.1	291
2024/05/09	20:30:03	40.89536	142.03344	2	7.4	3	3.1	292
2024/05/09	20:31:32	40.89970	142.02895	24	18.5	3	2.1	318
2024/05/09	20:32:01	40.89919	142.02828	24	14.8	3	2.1	273
2024/05/09	20:33:02	40.89740	142.02726	16	25.9	3	2.1	301
2024/05/09	20:34:02	40.89536	142.02538	12	18.5	3	2.1	262
2024/05/09	20:35:01	40.89323	142.02463	-10	22.2	3	2.1	275
2024/05/09	20:36:02	40.89206	142.02443	-18	0.0	3	2.1	244
2024/05/09	20:37:01	40.89227	142.02371	-2	11.1	3	2.1	265
2024/05/09	20:38:02	40.89279	142.02137	-18	14.8	3	2.0	236
2024/05/09	20:39:02	40.89143	142.02085	4	11.1	3	2.0	263
2024/05/09	20:40:03	40.89111	142.01840	18	14.8	3	2.0	275
2024/05/09	20:41:02	40.88912	142.01906	-0	22.2	3	2.0	280
2024/05/09	20:42:02	40.88643	142.02060	2	11.1	3	2.0	273
2024/05/09	20:43:02	40.88400	142.02120	-2	14.8	3	2.0	245
2024/05/09	20:44:01	40.88342	142.02043	16	14.8	3	2.0	219
2024/05/09	20:45:02	40.88083	142.02086	16	25.9	3	2.0	247
2024/05/09	20:46:02	40.88066	142.01955	28	22.2	3	2.0	242
2024/05/09	20:47:02	40.87958	142.01906	8	14.8	3	2.0	249
2024/05/09	20:48:01	40.87892	142.01742	0	37.0	3	2.0	241
2024/05/09	20:49:02	40.87997	142.01489	12	22.2	3	2.0	237
2024/05/09	20:50:02	40.87950	142.01351	16	11.1	3	1.4	243
2024/05/09	20:51:02	40.87871	142.01193	14	14.8	3	1.4	245
2024/05/09	20:52:02	40.87669	142.01105	-12	14.8	3	1.4	267
2024/05/09	20:53:02	40.87543	142.01017	2	11.1	3	1.4	268
2024/05/09	20:54:02	40.87368	142.01018	32	18.5	3	1.4	244
2024/05/09	20:55:03	40.87215	142.00906	10	11.1	3	1.4	261
2024/05/09	20:56:02	40.87339	142.00685	6	29.6	3	1.4	272
2024/05/09	20:57:03	40.87829	142.00487	18	25.9	3	1.4	272
2024/05/09	20:58:03	40.88310	142.00294	2	44.4	3	1.4	263
2024/05/09	20:59:02	40.88760	142.00116	-16	29.6	3	1.4	262
2024/05/09	21:00:03	40.89341	141.99994	8	29.6	3	1.4	275
2024/05/09	21:01:03	40.89768	141.99823	34	11.1	3	1.4	240
2024/05/09	21:02:04	40.89529	141.99875	24	11.1	3	1.4	265
2024/05/09	21:03:01	40.89307	141.99842	-8	18.5	3	1.4	270
2024/05/09	21:04:04	40.89060	141.99891	14	7.4	3	1.4	266
2024/05/09	21:05:02	40.88766	142.00058	0	37.0	3	1.4	275
2024/05/09	21:06:02	40.88677	142.00120	32	3.7	3	1.4	244
2024/05/09	21:07:03	40.88643	142.00162	0	3.7	3	1.4	260
2024/05/09	21:08:01	40.88624	142.00199	-8	0.0	3	1.4	241
2024/05/09	21:09:01	40.88623	142.00238	0	0.0	3	1.3	275
2024/05/09	21:10:01	40.88610	142.00268	-2	0.0	3	1.3	232
2024/05/09	21:11:02	40.88582	142.00294	-12	0.0	3	1.3	243
2024/05/09	21:12:01	40.88586	142.00338	46	0.0	3	1.3	240
2024/05/09	21:13:03	40.88557	142.00369	12	0.0	3	1.3	288
2024/05/09	21:14:02	40.88538	142.00399	-0	0.0	3	1.3	275
2024/05/09	21:15:01	40.88528	142.00436	-6	0.0	3	1.3	243
2024/05/09	21:16:04	40.88434	142.00585	16	33.3	3	1.3	269
2024/05/09	21:17:01	40.88104	142.01062	-6	44.4	3	1.3	273
2024/05/09	21:18:01	40.87782	142.01627	8	44.4	3	1.3	240
2024/05/09	21:19:03	40.87432	142.02055	8	29.6	3	1.3	300
2024/05/09	21:20:02	40.87181	142.02466	-10	33.3	3	1.3	268
2024/05/09	21:21:01	40.86879	142.02885	18	37.0	3	1.3	274
2024/05/09	21:22:03	40.86519	142.03387	6	18.5	3	1.3	265
2024/05/09	21:23:02	40.86180	142.03911	2	25.9	3	1.3	268
2024/05/09	21:24:02	40.85880	142.04406	-0	3.7	3	1.3	263
2024/05/09	21:25:02	40.85609	142.04787	-6	33.3	3	1.3	270
2024/05/09	21:26:03	40.85256	142.05283	8	51.9	3	1.3	270
2024/05/09	21:27:03	40.84894	142.05796	6	29.6	3	1.3	277
2024/05/09	21:28:03	40.84550	142.06218	6	22.2	3	1.3	270
2024/05/09	21:29:03	40.84156	142.06652	2	48.2	3	1.3	260
2024/05/09	21:30:04	40.83752	142.07052	6	18.5	3	1.3	267
2024/05/09	21:31:04	40.83349	142.07365	0	22.2	3	1.3	263
2024/05/09	21:32:07	40.83004	142.07509	6	18.5	3	1.3	261
2024/05/09	21:33:03	40.82934	142.07537	-8	3.7	3	1.3	299
2024/05/09	21:34:03	40.82906	142.07569	-14	0.0	3	1.3	265
2024/05/09	21:35:02	40.82888	142.07602	-2	3.7	3	1.3	266
2024/05/09	21:36:03	40.82874	142.07642	-2	3.7	3	1.3	268
2024/05/09	21:37:07	40.82845	142.07672	2	0.0	3	1.3	283
2024/05/09	21:38:04	40.82815	142.07693	2	0.0	3	1.3	257
2024/05/09	21:39:04	40.82806	142.07737	2	0.0	3	1.3	293
2024/05/09	21:40:03	40.82777	142.07764	-10	0.0	3	1.3	256
2024/05/09	21:41:06	40.82726	142.07820	-2	7.4	3	1.3	256
2024/05/09	21:48:36	40.81379	142.07371	4	14.8	4	2.1	259
2024/05/09	21:49:01	40.81297	142.07392	16	22.2	4	2.1	237
2024/05/09	21:50:00	40.81069	142.07370	12	25.9	4	2.1	238
2024/05/09	21:51:01	40.80890	142.07461	12	11.1	4	2.1	235
2024/05/09	21:52:00	40.80693	142.07415	-12	11.1	3	2.3	264
2024/05/09	21:53:00	40.80425	142.07489	22	44.4	3	2.3	233
2024/05/09	21:54:00	40.80151	142.07587	16	14.8	3	2.2	207
2024/05/09	21:55:01	40.79967	142.07524	-4	22.2	4	2.1	217
2024/05/09	21:56:00	40.79633	142.07683	-14	22.2	4	2.1	241
2024/05/09	21:57:01	40.79273	142.07883	26	40.7	3	3.0	217
2024/05/09	21:58:00	40.78898	142.08349	-4	29.6	3	2.3	243
2024/05/09	21:59:00	40.78532	142.08678	10	25.9	4	2.1	243
2024/05/09	22:00:00	40.78211	142.09028	-14	25.9	4	2.1	215
2024/05/09	22:01:01	40.77927	142.09237	14	7.4	3	2.3	179
2024/05/09	22:02:01	40.77630	142.09352	-2	18.5	4	2.1	186
2024/05/09	22:03:01	40.77421	142.09339	-4	18.5	4	2.1	215
2024/05/09	22:04:01	40.77330	142.09232	24	11.1	3	2.3	211
2024/05/09	22:05:02	40.77399	142.09184	20	18.5	3	20.1	205
2024/05/09	22:06:01	40.77247	142.09054	-8	11.1	4	2.1	180
2024/05/09	22:07:01	40.76989	142.09024	24	11.1	3	2.3	201
2024/05/09	22:08:01	40.76935	142.08784	22	18.5	4	2.1	210
2024/05/09	22:09:01	40.76733	142.08701	36	18.5	4	2.1	204
2024/05/09	22:10:01	40.76617	142.08599	16	11.1	3	11.3	155
2024/05/09	22:11:01	40.76445	142.08517	0	14.8	4	2.1	233
2024/05/09	22:12:01	40.76239	142.08363	22	11.1	4	2.1	204
2024/05/09	22:13:01	40.76144	142.08230	-22	11.1	3	2.4	180
2024/05/09	22:14:03	40.75930	142.08170	0	25.9	4	2.1	245
2024/05/09	22:15:01	40.75839	142.07996	12	11.1	4	2.1	236
2024/05/09	22:16:01	40.75718	142.07875	-0	14.8	4	2.1	231
2024/05/09	22:17:00	40.75469	142.07893	-38	18.5	3	2.4	236
2024/05/09	22:18:01	40.75166	142.07917	-14	33.3	4	2.1	269
2024/05/09	22:19:01	40.74890	142.07882	16	25.9	3	2.4	232
2024/05/09	22:20:00	40.74677	142.07798	4	18.5	4	2.1	236
2024/05/09	22:21:01	40.74545	142.07607	6	14.8	4	2.1	231
2024/05/09	22:22:01	40.74416	142.07365	-2	18.5	4	2.1	258
2024/05/09	22:23:01	40.74192	142.07292	22	14.8	3	2.4	228
2024/05/09	22:24:01	40.73774	142.07503	-0	33.3	4	2.2	295
2024/05/09	22:25:01	40.73577	142.07448	18	11.1	4	2.2	232
2024/05/09	22:26:01	40.73362	142.07476	2	40.7	4	2.2	270
2024/05/09	22:27:02	40.73074	142.07513	18	25.9	3	3.0	229
2024/05/09	22:28:01	40.73096	142.07324	4	14.8	3	3.0	238
2024/05/09	22:29:01	40.72876	142.07233	26	33.3	3	3.0	232
2024/05/09	22:30:01	40.72684	142.07199	-12	29.6	3	3.0	256
2024/05/09	22:31:02	40.72329	142.07373	18	51.9	3	3.1	285
2024/05/09	22:32:02	40.71964	142.07563	-2	11.1	3	3.1	242
2024/05/09	22:33:02	40.71807	142.07406	0	11.1	3	3.1	252
2024/05/09	22:34:01	40.71699	142.07204	-38	18.5	3	3.1	238
2024/05/09	22:35:03	40.71538	142.06924	4	18.5	3	3.1	265
2024/05/09	22:36:02	40.71293	142.06783	4	11.1	3	3.2	258
2024/05/09	22:37:02	40.71151	142.06597	-32	14.8	3	3.2	208
2024/05/09	22:38:02	40.71093	142.06377	2	11.1	3	3.2	201
2024/05/09	22:39:02	40.70994	142.06175	20	25.9	3	3.2	250
2024/05/09	22:40:02	40.71107	142.05933	-0	14.8	3	3.3	208
2024/05/09	22:41:02	40.71379	142.05764	0	11.1	3	3.3	235
2024/05/09	22:42:02	40.71645	142.05586	-22	37.0	3	3.3	265
2024/05/09	22:43:02	40.71954	142.05435	-10	55.6	3	3.4	258
2024/05/09	22:44:02	40.72252	142.05267	0	7.4	3	3.4	239
2024/05/09	22:45:04	40.72668	142.05105	-10	18.5	3	3.4	259
2024/05/09	22:46:03	40.73089	142.04988	-12	44.4	3	4.0	232
2024/05/09	22:47:02	40.73479	142.04843	6	22.2	3	4.0	265
2024/05/09	22:48:02	40.73862	142.04677	-2	25.9	3	4.1	264
2024/05/09	22:49:02	40.74129	142.04428	42	14.8	3	4.1	231
2024/05/09	22:50:02	40.74441	142.04233	12	25.9	3	4.2	267
2024/05/09	22:51:02	40.74945	142.04182	-10	7.4	3	4.2	255
2024/05/09	22:52:03	40.75479	142.04145	0	25.9	3	4.3	271
2024/05/09	22:53:03	40.76035	142.04118	-16	33.3	3	4.4	266
2024/05/09	22:54:02	40.76462	142.03997	16	22.2	3	4.4	244
2024/05/09	22:55:02	40.76874	142.03880	-32	22.2	3	5.0	238
2024/05/09	22:56:02	40.77406	142.03837	42	25.9	3	5.1	266
2024/05/09	22:57:02	40.77946	142.03770	12	33.3	3	5.2	269
2024/05/09	22:58:03	40.78519	142.03635	-32	44.4	3	5.3	266
2024/05/09	22:59:02	40.78748	142.03398	-20	29.6	3	5.4	259
2024/05/09	23:00:03	40.79290	142.03284	52	33.3	3	6.0	267
2024/05/09	23:01:02	40.79945	142.03281	10	25.9	3	6.1	264
2024/05/09	23:02:01	40.80455	142.03206	24	14.8	3	6.2	239
2024/05/09	23:03:02	40.80956	142.03093	30	37.0	2	5.4	264
2024/05/09	23:04:02	40.81538	142.03007	68	48.2	3	7.0	264
2024/05/09	23:05:02	40.82068	142.02931	64	37.0	2	5.2	289
2024/05/09	23:06:02	40.82661	142.02835	70	40.7	2	5.1	235
2024/05/09	23:07:02	40.83123	142.02767	68	37.0	2	5.0	270
2024/05/09	23:08:03	40.83612	142.02542	82	33.3	3	8.4	260
2024/05/09	23:09:04	40.84219	142.02465	-2	40.7	3	9.1	264
2024/05/09	23:10:01	40.84696	142.02356	-0	25.9	2	4.3	231
2024/05/09	23:11:02	40.85083	142.02308	60	37.0	3	10.3	263
2024/05/09	23:12:02	40.85658	142.02318	80	48.2	3	11.2	265
2024/05/09	23:13:03	40.86262	142.02263	132	40.7	3	12.2	258
2024/05/09	23:14:01	40.86798	142.02194	136	37.0	2	3.4	268
2024/05/09	23:15:05	40.87433	142.02099	-68	37.0	3	15.1	292
2024/05/09	23:16:05	40.87963	142.01971	-48	40.7	3	17.0	258
2024/05/09	23:23:04	40.90933	142.00525	6	22.2	5	1.1	289
2024/05/09	23:24:01	40.91437	142.00326	4	48.2	3	3.1	288
2024/05/09	23:25:01	40.91943	142.00140	18	29.6	4	2.1	298
2024/05/09	23:26:01	40.92405	141.99829	2	40.7	4	2.1	289
2024/05/09	23:27:02	40.92687	141.99455	-14	33.3	4	2.1	289
2024/05/09	23:28:01	40.92953	141.99077	10	29.6	4	2.1	293
2024/05/09	23:29:01	40.93186	141.98670	20	25.9	4	2.1	295
2024/05/09	23:30:01	40.93482	141.98303	14	0.0	4	2.1	285
2024/05/09	23:31:02	40.94010	141.98289	-4	40.7	3	3.0	282
2024/05/09	23:32:02	40.94549	141.98387	4	29.6	3	3.0	299
2024/05/09	23:33:01	40.94974	141.98146	10	22.2	3	3.0	296
2024/05/09	23:34:01	40.95200	141.97724	0	37.0	3	3.0	289
2024/05/09	23:35:01	40.95498	141.97390	16	33.3	3	3.0	268
2024/05/09	23:36:01	40.95974	141.97044	4	33.3	3	2.4	273
2024/05/09	23:37:01	40.96469	141.96757	14	37.0	3	2.4	297
2024/05/09	23:38:02	40.96603	141.96447	-12	22.2	3	2.4	263
2024/05/09	23:39:02	40.96598	141.96318	20	25.9	3	2.4	283
2024/05/09	23:40:01	40.96851	141.96128	-4	29.6	3	2.4	286
2024/05/09	23:41:02	40.97270	141.95782	12	37.0	3	2.4	269
2024/05/09	23:42:01	40.97640	141.95463	8	29.6	3	2.4	304
2024/05/09	23:43:02	40.97951	141.95102	0	14.8	3	2.4	254
2024/05/09	23:44:02	40.97571	141.95412	8	40.7	2	2.4	243
2024/05/09	23:45:04	40.97269	141.95580	10	22.2	2	2.4	201
2024/05/09	23:46:03	40.97196	141.95275	12	18.5	2	2.4	230
2024/05/09	23:47:32	40.96983	141.95024	10	25.9	5	1.2	266
2024/05/09	23:48:01	40.96806	141.95065	14	22.2	5	1.2	290
2024/05/09	23:49:00	40.96512	141.95446	18	25.9	4	1.3	242
2024/05/09	23:50:00	40.96261	141.96050	32	33.3	3	1.4	262
2024/05/09	23:51:00	40.96013	141.96617	4	25.9	4	1.3	297
2024/05/09	23:52:00	40.95944	141.96552	50	22.2	3	2.1	242
2024/05/09	23:53:01	40.96046	141.96106	-0	22.2	5	1.2	286
2024/05/09	23:54:00	40.95904	141.95840	-38	25.9	4	1.3	270
2024/05/09	23:55:00	40.95778	141.95527	-10	25.9	3	2.0	187
2024/05/09	23:56:00	40.95683	141.95227	-8	25.9	4	1.3	243
2024/05/09	23:57:00	40.95841	141.94819	-16	22.2	4	1.3	242
2024/05/09	23:58:00	40.95556	141.95019	-70	29.6	4	1.3	244
2024/05/09	23:59:01	40.95392	141.94882	0	25.9	4	1.3	263
2024/05/10	00:00:00	40.95335	141.94503	-4	22.2	3	1.4	235
2024/05/10	00:01:01	40.95239	141.94127	14	25.9	4	1.3	266
2024/05/10	00:02:00	40.95247	141.93743	-18	22.2	3	1.4	240
2024/05/10	00:03:00	40.95248	141.93312	-0	22.2	4	1.3	273
2024/05/10	00:04:01	40.95156	141.93029	22	33.3	4	1.3	268
2024/05/10	00:05:01	40.95094	141.93032	-6	0.0	4	1.3	273
2024/05/10	00:06:00	40.94939	141.92941	24	14.8	4	1.3	249
2024/05/10	00:07:00	40.94724	141.92822	4	48.2	3	1.4	265
2024/05/10	00:08:00	40.94414	141.92857	60	18.5	3	1.4	243
2024/05/10	00:09:00	40.94093	141.92697	-8	18.5	4	1.3	216
2024/05/10	00:10:00	40.93784	141.92523	16	22.2	4	1.3	241
2024/05/10	00:11:01	40.93485	141.92294	-34	25.9	3	1.4	259
2024/05/10	00:12:01	40.93227	141.92032	32	22.2	4	1.3	244
2024/05/10	00:13:01	40.92955	141.91841	-2	18.5	4	1.3	264
2024/05/10	00:14:00	40.92666	141.91730	52	25.9	3	1.4	252
2024/05/10	00:15:00	40.92327	141.91603	26	33.3	3	1.4	260
2024/05/10	00:16:00	40.91993	141.91533	-6	22.2	3	1.4	241
2024/05/10	00:17:00	40.91567	141.91608	38	14.8	3	1.4	235
2024/05/10	00:18:00	40.91305	141.91422	8	22.2	4	1.3	241
2024/05/10	00:19:00	40.90933	141.91347	74	33.3	3	1.4	220
2024/05/10	00:20:01	40.90501	141.91229	28	22.2	4	1.3	216
2024/05/10	00:21:01	40.90186	141.91007	16	18.5	4	1.3	244
2024/05/10	00:22:00	40.89801	141.90889	-36	29.6	3	1.4	215
2024/05/10	00:23:00	40.89387	141.90752	-2	22.2	3	2.0	221
2024/05/10	00:24:00	40.88908	141.90680	6	40.7	3	2.0	188
2024/05/10	00:25:01	40.88484	141.90533	18	18.5	4	1.4	243
2024/05/10	00:26:00	40.88160	141.90387	12	22.2	3	2.0	211
2024/05/10	00:27:00	40.87754	141.90174	-6	25.9	4	1.4	221
2024/05/10	00:28:00	40.87351	141.89912	-20	25.9	3	2.0	211
2024/05/10	00:29:00	40.86961	141.89711	-44	33.3	3	2.0	214
2024/05/10	00:30:00	40.86485	141.89537	-8	29.6	3	2.0	209
2024/05/10	00:31:01	40.86049	141.89321	-24	33.3	4	1.4	216
2024/05/10	00:32:00	40.85587	141.89146	-28	25.9	4	1.4	223
2024/05/10	00:33:01	40.85164	141.88870	-12	33.3	4	1.4	268
2024/05/10	00:34:00	40.84723	141.88648	58	33.3	3	2.0	232
2024/05/10	00:35:00	40.84281	141.88493	8	33.3	4	1.4	213
2024/05/10	00:36:00	40.83826	141.88273	-42	33.3	3	2.0	263
2024/05/10	00:37:00	40.83338	141.88125	-52	40.7	3	2.0	216
2024/05/10	00:38:00	40.82916	141.87950	-18	33.3	3	2.0	212
2024/05/10	00:39:01	40.82501	141.87802	6	33.3	4	1.4	243
2024/05/10	00:40:00	40.82111	141.87679	-24	29.6	3	2.0	263
2024/05/10	00:41:00	40.81960	141.87317	2	18.5	4	1.4	245
2024/05/10	00:42:01	40.81640	141.87130	16	18.5	3	2.1	247
2024/05/10	00:43:00	40.81379	141.86920	-28	22.2	4	1.4	160
2024/05/10	00:44:00	40.81062	141.86623	16	22.2	3	2.2	209
2024/05/10	00:45:01	40.80825	141.86484	-4	25.9	3	5.2	226
2024/05/10	00:46:01	40.80548	141.86520	-22	18.5	3	5.4	257
2024/05/10	00:47:02	40.80645	141.86303	12	14.8	4	1.4	263
2024/05/10	00:48:02	40.80486	141.86069	52	22.2	3	6.2	254
2024/05/10	00:49:04	40.80199	141.85994	14	22.2	4	1.4	269
2024/05/10	00:50:00	40.79822	141.85989	44	33.3	4	1.4	244
2024/05/10	00:51:00	40.79473	141.85926	-22	14.8	4	1.4	214
2024/05/10	00:52:00	40.79322	141.85708	44	25.9	3	2.1	247
2024/05/10	00:53:00	40.79136	141.85465	-14	14.8	3	2.1	207
2024/05/10	00:54:00	40.78849	141.85285	16	18.5	4	1.4	244
2024/05/10	00:55:01	40.78663	141.84913	0	25.9	4	1.4	276
2024/05/10	00:56:00	40.78513	141.84510	6	22.2	4	1.4	204
2024/05/10	00:57:00	40.78257	141.84193	-12	22.2	4	1.4	265
2024/05/10	00:58:01	40.78024	141.83826	-10	22.2	4	1.4	271
2024/05/10	00:59:00	40.77853	141.83408	-12	22.2	3	2.2	203
2024/05/10	01:00:00	40.77665	141.82971	0	22.2	3	2.1	234
2024/05/10	01:01:01	40.77506	141.82527	-6	25.9	4	1.4	233
2024/05/10	01:02:00	40.77293	141.82120	-16	25.9	4	1.4	244
2024/05/10	01:03:00	40.76967	141.81793	34	18.5	3	2.1	184
2024/05/10	01:04:01	40.76964	141.81382	-16	25.9	4	1.4	261
2024/05/10	01:05:00	40.76677	141.81024	-12	25.9	4	1.4	244
2024/05/10	01:06:00	40.76349	141.80726	-2	25.9	4	1.4	237
2024/05/10	01:07:00	40.76024	141.80474	-12	18.5	4	1.4	260
2024/05/10	01:08:02	40.75685	141.80204	-4	25.9	4	1.4	258
2024/05/10	01:09:01	40.75356	141.79993	-14	25.9	4	1.4	264
2024/05/10	01:10:01	40.75068	141.79704	-6	25.9	4	1.4	265
2024/05/10	01:11:00	40.74728	141.79459	-12	29.6	4	1.4	242
2024/05/10	01:12:00	40.74345	141.79207	2	25.9	4	1.4	242
2024/05/10	01:13:00	40.73936	141.78970	2	25.9	3	2.3	232
2024/05/10	01:14:00	40.73474	141.78845	2	33.3	3	2.1	238
2024/05/10	01:15:00	40.73053	141.78659	0	29.6	4	1.4	244
2024/05/10	01:16:01	40.72661	141.78494	-22	29.6	4	1.4	244
2024/05/10	01:17:00	40.72236	141.78365	-18	29.6	4	1.4	261
2024/05/10	01:18:00	40.71817	141.78235	0	29.6	4	1.4	243
2024/05/10	01:19:00	40.71392	141.78164	16	25.9	4	1.4	242
2024/05/10	01:20:01	40.70985	141.78177	-20	29.6	4	1.4	262
2024/05/10	01:21:01	40.70563	141.78245	-0	25.9	4	1.4	264
2024/05/10	01:22:01	40.70145	141.78265	-0	25.9	4	1.4	258
2024/05/10	01:23:00	40.69799	141.78147	4	18.5	4	1.4	237
2024/05/10	01:24:00	40.69391	141.78120	4	33.3	4	1.4	264
2024/05/10	01:25:01	40.68967	141.78105	14	25.9	4	1.4	259
2024/05/10	01:26:00	40.68618	141.78023	-8	22.2	4	1.4	208
2024/05/10	01:27:00	40.68194	141.78024	12	25.9	4	1.4	240
2024/05/10	01:28:01	40.67817	141.77943	-8	22.2	4	2.0	266
2024/05/10	01:29:01	40.67435	141.77821	-4	25.9	4	2.0	287
2024/05/10	01:30:00	40.67127	141.77606	-16	29.6	4	2.0	246
2024/05/10	01:31:01	40.66699	141.77488	2	22.2	4	2.0	259
2024/05/10	01:32:01	40.66340	141.77328	-6	18.5	4	2.0	264
2024/05/10	01:33:00	40.65972	141.77139	18	22.2	4	2.0	262
2024/05/10	01:34:01	40.65638	141.76997	-14	22.2	4	2.0	265
2024/05/10	01:35:01	40.65300	141.76808	22	22.2	4	2.0	270
2024/05/10	01:36:01	40.65014	141.76584	-24	22.2	4	2.0	263
2024/05/10	01:37:01	40.64592	141.76484	12	29.6	4	2.0	243
2024/05/10	01:38:01	40.64286	141.76317	-2	18.5	3	3.0	262
2024/05/10	01:39:00	40.63964	141.76111	40	29.6	4	2.1	236
2024/05/10	01:40:00	40.63695	141.75878	10	22.2	4	2.1	197
2024/05/10	01:41:02	40.63533	141.75495	26	18.5	4	2.1	261
2024/05/10	01:42:01	40.63396	141.75135	24	22.2	4	2.1	253
2024/05/10	01:43:01	40.63363	141.74982	-16	0.0	4	2.1	264
2024/05/10	01:44:01	40.63340	141.74998	2	0.0	3	3.0	260
2024/05/10	01:45:01	40.63351	141.75005	6	0.0	4	2.1	262
2024/05/10	01:46:02	40.63308	141.75029	0	0.0	3	3.0	241
2024/05/10	01:47:01	40.63331	141.75023	28	0.0	3	3.0	259
2024/05/10	01:48:01	40.63338	141.75037	-18	0.0	3	3.0	252
2024/05/10	01:49:01	40.63325	141.74987	10	0.0	3	3.0	239
2024/05/10	01:50:01	40.63356	141.74986	-16	0.0	3	3.0	201
2024/05/10	01:51:01	40.63291	141.74868	6	18.5	4	2.2	236
2024/05/10	01:52:01	40.63063	141.74596	4	22.2	4	2.2	258
2024/05/10	01:53:00	40.62872	141.74260	0	22.2	4	2.3	227
2024/05/10	01:54:01	40.62647	141.73941	12	22.2	4	2.3	258
2024/05/10	01:55:01	40.62481	141.73604	6	18.5	4	2.3	207
2024/05/10	01:56:01	40.62233	141.73299	6	22.2	4	2.3	263
2024/05/10	01:57:01	40.62070	141.72958	-2	18.5	4	2.3	254
2024/05/10	01:58:02	40.61847	141.72637	30	18.5	4	2.4	264
2024/05/10	01:59:02	40.61583	141.72398	-10	25.9	3	3.0	266
2024/05/10	02:06:11	40.60132	141.69932	-2	22.2	3	2.0	246
2024/05/10	02:07:01	40.60041	141.69581	-48	22.2	3	2.1	227
2024/05/10	02:08:01	40.59921	141.69171	4	22.2	3	2.1	179
2024/05/10	02:09:01	40.59736	141.68788	-20	22.2	3	2.1	201
2024/05/10	02:10:00	40.59533	141.68398	-64	22.2	3	2.1	177
2024/05/10	02:11:01	40.59314	141.68013	-8	25.9	3	2.1	193
2024/05/10	02:12:01	40.59152	141.67632	-4	22.2	2	3.1	173
2024/05/10	02:13:01	40.58947	141.67274	-6	18.5	3	2.1	200
2024/05/10	02:14:01	40.58786	141.66882	12	22.2	3	2.1	173
2024/05/10	02:15:01	40.58620	141.66525	38	22.2	3	2.1	172
2024/05/10	02:16:01	40.58436	141.66190	-22	22.2	3	2.2	194
2024/05/10	02:17:01	40.58249	141.65864	-12	22.2	3	2.2	174
2024/05/10	02:18:01	40.58002	141.65645	-2	25.9	3	6.3	207
2024/05/10	02:19:00	40.57786	141.65345	8	18.5	3	2.2	181
2024/05/10	02:20:01	40.57518	141.65181	-48	18.5	3	2.2	194
2024/05/10	02:21:01	40.57305	141.64835	12	18.5	3	2.2	209
2024/05/10	02:22:00	40.57328	141.64542	-6	18.5	3	2.3	175
2024/05/10	02:23:01	40.57162	141.64211	-22	22.2	3	2.3	175
2024/05/10	02:24:00	40.57069	141.63898	36	18.5	3	2.3	195
2024/05/10	02:25:01	40.56811	141.63635	4	18.5	3	2.3	202
2024/05/10	02:26:01	40.56625	141.63371	-12	18.5	3	2.3	175
2024/05/10	02:27:01	40.56531	141.63074	2	18.5	3	2.4	203
2024/05/10	02:28:01	40.56384	141.62758	-4	18.5	3	2.4	177
2024/05/10	02:29:01	40.56175	141.62591	-64	29.6	3	2.4	174
2024/05/10	02:30:02	40.55885	141.62282	-18	22.2	3	2.4	203
2024/05/10	02:31:02	40.55507	141.62166	14	29.6	3	3.0	267
2024/05/10	02:32:02	40.55364	141.61888	4	22.2	3	3.0	202
2024/05/10	02:33:02	40.55188	141.61629	10	14.8	3	3.0	262
2024/05/10	02:34:02	40.54962	141.61384	16	18.5	3	3.0	230
2024/05/10	02:35:02	40.54855	141.61154	8	18.5	3	3.0	199
2024/05/10	02:36:02	40.54559	141.60965	-16	37.0	3	3.0	231
2024/05/10	02:37:02	40.54175	141.60965	16	18.5	3	3.1	208
2024/05/10	02:38:01	40.53902	141.60815	-26	25.9	3	3.1	206
2024/05/10	02:39:02	40.53793	141.60486	4	22.2	3	3.1	176
2024/05/10	02:40:02	40.53763	141.60069	20	22.2	3	3.1	236
2024/05/10	02:41:01	40.53741	141.59722	10	22.2	3	3.1	170
2024/05/10	02:42:01	40.53516	141.59480	30	18.5	3	3.1	174
2024/05/10	02:43:02	40.53433	141.59224	32	40.7	3	3.1	180
2024/05/10	02:44:02	40.53331	141.58958	-2	40.7	3	6.0	172
2024/05/10	02:45:02	40.53390	141.58596	-2	22.2	3	3.2	199
2024/05/10	02:46:02	40.53725	141.58321	16	74.1	3	6.0	237
2024/05/10	02:47:01	40.54114	141.58090	2	40.7	3	3.2	194
2024/05/10	02:48:02	40.54373	141.57629	8	18.5	3	3.2	233
2024/05/10	02:49:02	40.54350	141.57287	-22	22.2	2	3.3	251
2024/05/10	02:50:01	40.54306	141.56880	-4	25.9	2	3.3	172
2024/05/10	02:51:01	40.54299	141.56468	8	18.5	3	3.2	200
2024/05/10	02:52:01	40.54184	141.56349	-10	22.2	2	3.3	172
2024/05/10	02:53:02	40.54152	141.56143	-20	11.1	3	3.2	208
2024/05/10	02:54:01	40.53979	141.55885	10	18.5	2	3.3	200
2024/05/10	02:55:09	40.53992	141.55796	-12	40.7	3	5.3	198
2024/05/10	02:56:03	40.53987	141.55767	-28	0.0	2	4.2	142
2024/05/10	02:57:02	40.53969	141.55767	16	0.0	2	3.2	153
2024/05/10	02:58:03	40.53976	141.55768	10	0.0	2	3.2	176
2024/05/10	02:59:34	40.53981	141.55770	0	0.0	4	1.0	238
2024/05/10	03:00:01	40.53982	141.55768	0	0.0	4	1.2	154
2024/05/10	03:01:01	40.53985	141.55765	-12	0.0	4	1.2	151
2024/05/10	03:02:00	40.53988	141.55770	6	0.0	3	1.4	153
2024/05/10	03:03:01	40.53983	141.55770	6	0.0	4	1.0	148
2024/05/10	03:04:01	40.53984	141.55774	16	0.0	3	1.2	119
2024/05/10	03:05:00	40.53975	141.55779	20	0.0	3	1.4	154
2024/05/10	03:06:01	40.53986	141.55777	4	0.0	4	1.0	145
2024/05/10	03:07:01	40.53979	141.55775	12	0.0	4	1.0	183
2024/05/10	03:08:00	40.53976	141.55773	6	0.0	3	1.4	148
2024/05/10	03:09:01	40.53975	141.55774	2	0.0	4	1.0	168
2024/05/10	03:10:01	40.53979	141.55768	-8	0.0	3	1.3	146
2024/05/10	03:11:01	40.53980	141.55767	-2	0.0	2	3.3	150
2024/05/10	03:12:01	40.53972	141.55789	30	0.0	3	1.4	147
2024/05/10	03:13:00	40.53976	141.55755	0	11.1	3	2.0	122
2024/05/10	03:14:00	40.53917	141.55764	-38	0.0	3	1.4	183
2024/05/10	03:15:01	40.53901	141.55779	24	0.0	3	2.0	238
2024/05/10	03:16:01	40.53911	141.55752	-4	0.0	3	2.0	177
2024/05/10	03:17:01	40.53906	141.55766	4	0.0	3	2.0	182
2024/05/10	03:18:02	40.53905	141.55767	2	0.0	4	1.0	240
2024/05/10	03:19:00	40.53908	141.55762	4	0.0	3	2.0	203
2024/05/10	03:20:01	40.53910	141.55764	10	0.0	4	1.2	204
2024/05/10	03:21:01	40.53906	141.55764	6	0.0	3	1.4	207
2024/05/10	03:22:01	40.53907	141.55768	10	0.0	4	1.1	202
2024/05/10	03:23:00	40.53910	141.55766	4	0.0	4	1.3	157
2024/05/10	03:24:01	40.53906	141.55763	-12	0.0	4	1.1	213
2024/05/10	03:25:01	40.53906	141.55760	26	0.0	3	1.1	204
2024/05/10	03:26:01	40.53903	141.55769	-0	0.0	4	1.0	182
2024/05/10	03:27:00	40.53899	141.55767	24	0.0	3	1.1	188
2024/05/10	03:28:00	40.53892	141.55773	34	0.0	3	1.1	160
2024/05/10	03:29:00	40.53906	141.55761	-4	0.0	3	1.4	182
2024/05/10	03:30:00	40.53904	141.55756	-44	0.0	3	1.4	153
2024/05/10	03:31:01	40.53902	141.55770	8	0.0	3	1.1	182
2024/05/10	03:32:01	40.53908	141.55768	-0	0.0	3	1.1	214
2024/05/10	03:33:01	40.53908	141.55769	6	0.0	3	1.1	182
2024/05/10	03:34:00	40.53896	141.55765	-32	0.0	3	1.4	157
2024/05/10	03:35:00	40.53910	141.55771	10	0.0	3	1.1	158
2024/05/10	03:36:00	40.53931	141.55778	114	3.7	3	1.4	159
2024/05/10	03:37:00	40.53906	141.55761	8	0.0	3	1.1	161
2024/05/10	03:38:00	40.53912	141.55774	-16	0.0	3	1.1	241
2024/05/10	03:39:01	40.53906	141.55771	-2	0.0	3	1.1	203
2024/05/10	03:40:01	40.53909	141.55770	22	0.0	3	1.1	158
2024/05/10	03:41:01	40.53908	141.55768	22	0.0	3	1.1	180
2024/05/10	03:42:01	40.53906	141.55771	20	0.0	3	1.1	177
2024/05/10	03:43:01	40.53905	141.55769	4	0.0	4	1.1	210
2024/05/10	03:44:00	40.53918	141.55756	30	3.7	3	2.3	182
2024/05/10	03:45:00	40.53919	141.55769	34	0.0	3	1.3	183
2024/05/10	03:46:00	40.53904	141.55765	18	0.0	3	1.3	176
2024/05/10	03:47:00	40.53890	141.55768	-16	0.0	3	2.2	178
2024/05/10	03:48:01	40.53903	141.55769	-2	0.0	3	1.2	200
2024/05/10	03:49:00	40.53909	141.55770	22	0.0	3	1.2	177
2024/05/10	03:50:01	40.53908	141.55778	26	0.0	3	1.2	173
2024/05/10	03:51:01	40.53903	141.55787	42	0.0	3	1.2	193
2024/05/10	03:52:01	40.53909	141.55766	8	0.0	2	2.3	228
2024/05/10	03:53:00	40.53906	141.55765	-18	0.0	3	2.2	184
2024/05/10	03:54:00	40.53894	141.55754	-86	3.7	3	2.3	183
2024/05/10	03:55:00	40.53894	141.55781	76	0.0	3	2.3	216
2024/05/10	03:56:01	40.53917	141.55775	36	0.0	3	1.3	184
2024/05/10	03:57:00	40.53938	141.55753	-12	0.0	3	2.3	180
2024/05/10	03:58:01	40.53896	141.55772	-16	0.0	3	1.3	214
2024/05/10	03:59:01	40.53907	141.55773	-0	0.0	3	1.4	158
2024/05/10	04:00:01	40.53915	141.55774	30	0.0	3	2.4	217
2024/05/10	04:01:01	40.53957	141.55724	-8	7.4	3	2.4	187
2024/05/10	04:02:02	40.53894	141.55792	80	0.0	3	3.0	158
2024/05/10	04:03:02	40.53915	141.55771	28	0.0	3	3.0	159
2024/05/10	04:04:02	40.53907	141.55780	44	0.0	3	3.0	216
2024/05/10	04:05:01	40.53916	141.55755	-24	0.0	3	3.1	184
2024/05/10	04:06:02	40.53896	141.55773	12	0.0	3	3.1	216
2024/05/10	04:07:01	40.53893	141.55777	28	0.0	3	3.2	187
2024/05/10	04:08:01	40.53905	141.55773	36	0.0	3	3.2	188
2024/05/10	04:09:02	40.53916	141.55753	-36	0.0	3	3.3	226
2024/05/10	04:10:02	40.53925	141.55745	-46	0.0	3	3.3	150
2024/05/10	04:11:02	40.53910	141.55762	-4	0.0	3	3.4	212
2024/05/10	04:12:03	40.53895	141.55772	2	0.0	3	3.4	226
2024/05/10	04:13:04	40.53907	141.55765	4	0.0	2	2.2	187
2024/05/10	04:14:02	40.53905	141.55773	18	0.0	3	4.0	185
2024/05/10	04:15:02	40.53920	141.55752	-38	0.0	3	4.1	185
2024/05/10	04:16:02	40.53900	141.55771	8	0.0	3	4.1	214
2024/05/10	04:17:01	40.53887	141.55789	72	0.0	3	4.2	183
2024/05/10	04:18:01	40.53917	141.55754	-36	0.0	3	4.3	182
2024/05/10	04:19:02	40.53919	141.55752	-50	0.0	3	4.3	154
2024/05/10	04:20:02	40.53908	141.55775	50	0.0	3	4.4	157
2024/05/10	04:21:02	40.53903	141.55767	0	0.0	3	5.0	190
2024/05/10	04:22:02	40.53897	141.55780	40	0.0	3	5.1	181
2024/05/10	04:23:02	40.53921	141.55753	-24	0.0	3	5.1	215
2024/05/10	04:24:02	40.53893	141.55785	46	0.0	3	5.2	157
2024/05/10	04:25:01	40.53888	141.55795	78	0.0	3	5.3	215
2024/05/10	04:26:02	40.53917	141.55753	-38	0.0	3	5.4	186
2024/05/10	04:27:03	40.53911	141.55763	-2	0.0	3	6.0	182
2024/05/10	04:28:03	40.53936	141.55732	-94	0.0	3	6.0	231
2024/05/10	04:29:03	40.53903	141.55773	28	0.0	3	6.1	233
2024/05/10	04:30:02	40.53924	141.55756	-22	0.0	3	6.2	205
2024/05/10	04:31:03	40.53907	141.55771	2	3.7	3	6.3	201
2024/05/10	04:32:02	40.53894	141.55788	44	0.0	3	6.4	236
2024/05/10	04:33:03	40.53925	141.55745	-36	0.0	3	7.0	168
2024/05/10	04:34:03	40.53933	141.55744	-48	0.0	3	7.1	238
2024/05/10	04:35:03	40.53938	141.55744	-32	0.0	3	7.2	235
2024/05/10	04:36:02	40.53933	141.55743	-8	0.0	3	7.3	198
2024/05/10	04:37:02	40.53856	141.55820	110	0.0	3	7.4	239
2024/05/10	04:38:01	40.53915	141.55760	0	0.0	3	8.0	240
2024/05/10	04:39:04	40.53890	141.55793	46	7.4	3	8.2	234
2024/05/10	04:40:03	40.53889	141.55794	76	3.7	3	8.3	234
2024/05/10	04:41:03	40.53912	141.55759	-6	0.0	3	8.4	203
2024/05/10	04:42:02	40.53942	141.55733	-48	0.0	3	9.0	271
2024/05/10	04:43:03	40.53899	141.55787	30	0.0	3	9.2	238
2024/05/10	04:44:02	40.53899	141.55782	30	0.0	2	2.2	201
2024/05/10	04:45:03	40.53905	141.55771	10	0.0	3	9.4	237
2024/05/10	04:46:03	40.53944	141.55733	-48	0.0	3	10.1	203
2024/05/10	04:47:04	40.53886	141.55786	36	11.1	3	10.2	235
2024/05/10	04:48:02	40.53956	141.55710	-84	0.0	3	10.4	239
2024/05/10	04:49:03	40.53889	141.55792	48	0.0	3	11.0	206
2024/05/10	04:50:02	40.53888	141.55795	44	0.0	2	2.3	237
2024/05/10	04:51:02	40.53875	141.55796	40	0.0	2	2.3	200
2024/05/10	04:52:04	40.53909	141.55768	0	11.1	3	12.0	205
2024/05/10	04:53:06	40.53920	141.55747	-20	7.4	3	12.1	236
2024/05/10	04:54:02	40.53896	141.55770	16	0.0	3	12.3	204
2024/05/10	04:55:03	40.53941	141.55736	-32	3.7	3	13.0	223
2024/05/10	04:56:02	40.53926	141.55746	-36	0.0	2	2.3	234
2024/05/10	04:57:08	40.53921	141.55755	-10	11.1	3	13.3	245
2024/05/10	04:58:09	40.53962	141.55710	-76	11.1	3	14.0	262
2024/05/10	04:59:08	40.53825	141.55854	118	3.7	3	14.2	217
2024/05/10	05:00:01	40.53825	141.55853	114	0.0	2	2.3	204
2024/05/10	05:01:12	40.53991	141.55679	-108	3.7	3	15.1	246
2024/05/10	05:02:09	40.53849	141.55830	84	3.7	3	15.3	249
2024/05/10	05:03:33	40.53907	141.55766	6	0.0	7	0.4	270
2024/05/10	05:04:01	40.53911	141.55761	8	0.0	5	1.1	219
2024/05/10	05:05:01	40.53891	141.55769	20	0.0	4	1.4	243
2024/05/10	05:06:00	40.53893	141.55772	-10	0.0	4	1.3	240
2024/05/10	05:07:00	40.53908	141.55776	0	0.0	4	1.3	243
2024/05/10	05:08:00	40.53900	141.55734	48	0.0	4	1.3	247
2024/05/10	05:09:00	40.53904	141.55765	22	0.0	3	1.4	207
2024/05/10	05:10:01	40.53909	141.55772	-12	0.0	5	1.2	220
2024/05/10	05:11:01	40.53920	141.55740	-28	0.0	3	2.4	198
2024/05/10	05:12:01	40.53908	141.55765	-2	0.0	6	1.0	243
2024/05/10	05:13:00	40.53903	141.55768	4	0.0	5	1.2	247
2024/05/10	05:14:00	40.53908	141.55759	12	0.0	5	1.2	249
2024/05/10	05:15:01	40.53905	141.55771	18	0.0	7	1.0	268
2024/05/10	05:16:00	40.53902	141.55767	-0	0.0	5	1.2	272
2024/05/10	05:17:00	40.53901	141.55769	-14	0.0	4	1.4	243
2024/05/10	05:18:01	40.53910	141.55772	8	0.0	7	1.0	279
2024/05/10	05:19:00	40.53920	141.55765	-6	0.0	4	1.2	282
2024/05/10	05:20:00	40.53913	141.55770	-10	0.0	3	1.3	262
2024/05/10	05:21:00	40.53930	141.55744	14	3.7	4	1.1	272
2024/05/10	05:22:00	40.53909	141.55763	-6	0.0	5	1.0	272
2024/05/10	05:23:00	40.53902	141.55763	20	0.0	6	1.1	274
2024/05/10	05:24:01	40.53894	141.55776	18	0.0	4	1.2	279
2024/05/10	05:25:00	40.53900	141.55774	18	0.0	4	1.4	290
2024/05/10	05:26:00	40.53913	141.55763	-4	0.0	4	1.1	275
2024/05/10	05:27:00	40.53897	141.55773	-32	0.0	4	1.4	295
2024/05/10	05:28:01	40.53909	141.55772	0	0.0	3	1.3	158
2024/05/10	05:29:01	40.53918	141.55774	38	0.0	5	1.2	271
2024/05/10	05:30:01	40.53904	141.55770	14	0.0	6	1.0	262
2024/05/10	05:31:00	40.53925	141.55770	-46	0.0	4	1.1	269
2024/05/10	05:32:00	40.53911	141.55770	-14	0.0	4	1.1	273
2024/05/10	05:33:00	40.53906	141.55781	-8	0.0	4	1.2	271
2024/05/10	05:34:00	40.53911	141.55757	-12	0.0	4	1.2	187
2024/05/10	05:35:00	40.53921	141.55777	8	0.0	3	1.4	267
2024/05/10	05:36:01	40.53905	141.55768	12	0.0	6	1.0	266
2024/05/10	05:37:00	40.53915	141.55767	-14	0.0	4	1.2	270
2024/05/10	05:38:00	40.53889	141.55775	-2	0.0	3	1.2	264
2024/05/10	05:39:00	40.53913	141.55768	-4	0.0	4	1.2	291
2024/05/10	05:40:00	40.53902	141.55769	4	0.0	5	1.2	272
2024/05/10	05:41:00	40.53906	141.55766	12	0.0	4	2.1	191
2024/05/10	05:42:01	40.53894	141.55771	34	0.0	5	1.1	222
2024/05/10	05:43:01	40.53915	141.55754	-2	0.0	4	2.1	191
2024/05/10	05:44:01	40.53918	141.55760	-84	0.0	3	1.2	189
2024/05/10	05:45:01	40.53915	141.55755	36	0.0	3	2.2	211
2024/05/10	05:46:01	40.53895	141.55763	-14	0.0	4	1.2	237
2024/05/10	05:47:01	40.53903	141.55772	26	0.0	5	1.0	245
2024/05/10	05:48:01	40.53904	141.55778	-12	0.0	5	1.0	242
2024/05/10	05:49:00	40.53901	141.55763	-62	3.7	4	2.4	185
2024/05/10	05:50:01	40.53906	141.55774	28	0.0	5	1.0	243
2024/05/10	05:51:00	40.53913	141.55756	6	0.0	5	1.0	246
2024/05/10	05:52:00	40.53906	141.55775	6	0.0	4	1.1	244
2024/05/10	05:53:00	40.53916	141.55763	2	0.0	5	1.0	267
2024/05/10	05:54:01	40.53908	141.55781	30	0.0	3	1.4	188
2024/05/10	05:55:00	40.53899	141.55775	-22	0.0	3	1.1	214
2024/05/10	05:56:01	40.53905	141.55776	6	0.0	5	1.1	275
2024/05/10	05:57:00	40.53905	141.55779	20	0.0	4	1.1	243
2024/05/10	05:58:01	40.53902	141.55759	-26	0.0	4	1.3	265
2024/05/10	05:59:01	40.53914	141.55760	-0	0.0	5	1.1	240
2024/05/10	06:00:00	40.53913	141.55764	0	0.0	4	1.1	266
2024/05/10	06:01:00	40.53908	141.55763	-0	0.0	4	1.2	216
2024/05/10	06:02:00	40.53902	141.55761	-18	0.0	4	1.3	273
2024/05/10	06:03:00	40.53893	141.55751	-80	0.0	3	2.3	241
2024/05/10	06:04:00	40.53900	141.55774	8	0.0	5	1.1	224
2024/05/10	06:05:02	40.53909	141.55769	8	0.0	4	1.2	268
2024/05/10	06:06:01	40.53905	141.55767	4	0.0	4	1.1	270
2024/05/10	06:07:01	40.53907	141.55770	8	0.0	4	1.1	240
2024/05/10	06:08:01	40.53910	141.55767	6	0.0	3	1.1	207
2024/05/10	06:09:00	40.53904	141.55771	-8	0.0	4	1.2	270
2024/05/10	06:10:01	40.53909	141.55779	-12	0.0	3	1.3	266
2024/05/10	06:11:01	40.53925	141.55787	-30	0.0	3	7.0	274
2024/05/10	06:12:01	40.53913	141.55763	2	0.0	3	1.3	276
2024/05/10	06:13:00	40.53908	141.55775	-12	0.0	3	1.3	275
2024/05/10	06:14:00	40.53916	141.55776	24	0.0	4	1.2	277
2024/05/10	06:15:00	40.53910	141.55767	-12	0.0	4	1.2	274
2024/05/10	06:16:00	40.53889	141.55728	-72	0.0	3	1.3	243
2024/05/10	06:17:00	40.53910	141.55769	12	0.0	4	1.2	276
2024/05/10	06:18:00	40.53897	141.55751	-34	0.0	4	2.0	267
2024/05/10	06:19:00	40.53901	141.55749	-20	0.0	3	2.3	245
2024/05/10	06:20:00	40.53909	141.55767	-6	0.0	4	1.2	239
2024/05/10	06:21:00	40.53904	141.55764	-0	0.0	4	1.2	269
2024/05/10	06:22:00	40.53907	141.55758	-4	0.0	4	1.2	249
2024/05/10	06:23:01	40.53910	141.55763	12	0.0	4	1.2	271
2024/05/10	06:24:00	40.53914	141.55766	-2	0.0	3	1.3	270
2024/05/10	06:25:01	40.53905	141.55775	26	0.0	3	1.3	274
2024/05/10	06:26:00	40.53905	141.55769	8	0.0	4	1.2	269
2024/05/10	06:27:01	40.53910	141.55774	20	0.0	4	1.2	271
2024/05/10	06:28:00	40.53911	141.55750	-36	0.0	3	2.2	218
2024/05/10	06:29:00	40.53899	141.55759	22	0.0	3	2.2	252
2024/05/10	06:30:00	40.53902	141.55754	-32	0.0	3	2.2	273
2024/05/10	06:31:00	40.53908	141.55768	20	0.0	3	2.2	248
2024/05/10	06:32:01	40.53906	141.55768	6	0.0	4	1.3	274
2024/05/10	06:33:01	40.53909	141.55776	12	0.0	3	1.3	250
2024/05/10	06:34:00	40.53914	141.55757	-22	0.0	3	2.3	248
2024/05/10	06:35:00	40.53908	141.55776	18	0.0	3	2.4	212
2024/05/10	06:36:01	40.53907	141.55769	26	0.0	4	1.3	250
2024/05/10	06:37:01	40.53910	141.55769	-0	0.0	3	1.4	244
2024/05/10	06:38:01	40.53909	141.55767	-16	0.0	3	1.4	258
2024/05/10	06:39:01	40.53905	141.55770	6	0.0	4	1.4	259
2024/05/10	06:40:01	40.53918	141.55775	-8	0.0	3	1.4	237
2024/05/10	06:41:01	40.53917	141.55723	-58	0.0	4	2.3	238
2024/05/10	06:42:01	40.53909	141.55760	0	0.0	4	1.4	249
2024/05/10	06:43:01	40.53911	141.55772	18	0.0	4	1.4	212
2024/05/10	06:44:01	40.53911	141.55754	8	0.0	4	2.3	209
2024/05/10	06:45:01	40.53905	141.55768	-10	0.0	4	2.4	216
2024/05/10	06:46:01	40.53901	141.55781	28	0.0	4	2.4	231
2024/05/10	06:47:01	40.53910	141.55781	32	0.0	4	2.4	256
2024/05/10	06:48:00	40.53910	141.55760	0	0.0	4	2.4	240
2024/05/10	06:49:01	40.53908	141.55761	0	0.0	4	3.0	242
2024/05/10	06:50:01	40.53908	141.55769	6	0.0	3	4.1	249
2024/05/10	06:51:01	40.53909	141.55767	-0	0.0	3	4.2	265
2024/05/10	06:52:01	40.53910	141.55784	36	0.0	4	3.1	265
2024/05/10	06:53:02	40.53914	141.55755	-10	0.0	3	4.3	261
2024/05/10	06:54:02	40.53912	141.55770	10	0.0	3	4.4	257
2024/05/10	06:55:01	40.53909	141.55758	-6	0.0	3	5.0	259
2024/05/10	06:56:02	40.53911	141.55741	-28	0.0	3	5.1	262
2024/05/10	06:57:02	40.53905	141.55786	28	0.0	3	5.3	264
2024/05/10	06:58:03	40.53897	141.55791	30	0.0	3	5.4	239
2024/05/10	06:59:01	40.53907	141.55775	22	0.0	3	6.0	243
2024/05/10	07:00:01	40.53906	141.55804	50	0.0	3	11.3	242
2024/05/10	07:01:02	40.53906	141.55791	42	0.0	3	12.2	252
2024/05/10	07:02:01	40.53904	141.55754	-24	0.0	3	13.2	240
2024/05/10	07:03:02	40.53895	141.55816	60	0.0	3	14.2	240
2024/05/10	07:04:03	40.53914	141.55743	-34	0.0	3	15.4	241
2024/05/10	07:05:04	40.53919	141.55730	-42	0.0	3	17.1	247
2024/05/10	07:06:32	40.53909	141.55766	0	0.0	6	1.1	278
2024/05/10	07:07:01	40.53915	141.55776	8	0.0	5	1.1	240
2024/05/10	07:08:01	40.53899	141.55775	38	0.0	5	1.1	217
2024/05/10	07:09:00	40.53908	141.55761	40	0.0	5	1.1	221
2024/05/10	07:10:00	40.53908	141.55764	118	0.0	3	2.1	223
2024/05/10	07:11:00	40.53909	141.55763	10	0.0	6	1.0	248
2024/05/10	07:12:00	40.53885	141.55766	-16	0.0	3	1.3	217
2024/05/10	07:13:00	40.53913	141.55770	8	0.0	5	1.1	221
2024/05/10	07:14:00	40.53913	141.55765	20	0.0	5	1.1	223
2024/05/10	07:15:00	40.53907	141.55776	8	0.0	5	1.1	217
2024/05/10	07:16:00	40.53914	141.55768	-18	0.0	6	1.0	223
2024/05/10	07:17:00	40.53909	141.55763	-8	3.7	4	2.0	218
2024/05/10	07:18:01	40.53900	141.55758	26	0.0	4	2.1	218
2024/05/10	07:19:01	40.53908	141.55768	8	0.0	6	1.0	221
2024/05/10	07:20:00	40.53923	141.55752	8	0.0	5	1.1	221
2024/05/10	07:21:00	40.53907	141.55773	20	0.0	5	1.1	222
2024/05/10	07:22:00	40.53908	141.55768	6	0.0	5	1.1	196
2024/05/10	07:23:00	40.53909	141.55772	46	0.0	5	1.1	244
2024/05/10	07:24:00	40.53902	141.55769	2	0.0	5	1.1	222
2024/05/10	07:25:01	40.53901	141.55752	-4	0.0	4	1.3	212
2024/05/10	07:26:01	40.53904	141.55766	0	0.0	6	1.0	238
2024/05/10	07:27:00	40.53903	141.55757	12	0.0	3	2.2	182
2024/05/10	07:28:00	40.53915	141.55765	12	0.0	4	2.1	237
2024/05/10	07:29:00	40.53920	141.55763	8	0.0	4	1.3	220
2024/05/10	07:30:00	40.53903	141.55763	-6	0.0	5	1.4	239
2024/05/10	07:31:00	40.53921	141.55763	6	0.0	4	1.2	243
2024/05/10	07:32:00	40.53907	141.55778	-0	0.0	5	1.2	244
2024/05/10	07:33:00	40.53909	141.55764	6	0.0	6	1.0	271
2024/05/10	07:34:00	40.53914	141.55776	48	3.7	3	2.3	212
2024/05/10	07:35:00	40.53914	141.55771	8	0.0	6	1.0	265
2024/05/10	07:36:00	40.53910	141.55765	10	0.0	5	1.2	243
2024/05/10	07:37:00	40.53907	141.55764	22	0.0	4	1.4	266
2024/05/10	07:38:01	40.53906	141.55778	6	0.0	5	1.2	238
2024/05/10	07:39:00	40.53899	141.55769	54	0.0	3	2.0	205
2024/05/10	07:40:00	40.53904	141.55793	8	0.0	4	1.4	234
2024/05/10	07:41:00	40.53910	141.55796	-16	0.0	3	2.0	237
2024/05/10	07:42:00	40.53906	141.55762	2	0.0	3	2.0	240
2024/05/10	07:43:00	40.53918	141.55749	-22	0.0	3	2.0	237
2024/05/10	07:44:01	40.53914	141.55757	2	0.0	6	1.0	264
2024/05/10	07:45:00	40.53917	141.55775	0	0.0	3	2.0	128
2024/05/10	07:46:00	40.53897	141.55757	54	0.0	3	2.0	240
2024/05/10	07:47:00	40.53912	141.55761	-8	0.0	3	2.0	236
2024/05/10	07:48:00	40.53908	141.55761	20	0.0	4	1.4	217
2024/05/10	07:49:01	40.53914	141.55758	-10	0.0	4	1.3	212
2024/05/10	07:50:01	40.53908	141.55758	4	0.0	5	1.1	216
2024/05/10	07:51:00	40.53908	141.55771	4	0.0	5	1.1	214
2024/05/10	07:52:00	40.53903	141.55775	22	0.0	4	1.3	184
2024/05/10	07:53:01	40.53910	141.55771	4	0.0	5	1.1	211
2024/05/10	07:54:01	40.53904	141.55774	10	0.0	4	1.3	209
2024/05/10	07:55:00	40.53906	141.55790	10	0.0	3	2.0	210
2024/05/10	07:56:01	40.53908	141.55761	-8	0.0	4	1.3	205
2024/05/10	07:57:00	40.53908	141.55772	4	0.0	4	1.3	211
2024/05/10	07:58:01	40.53909	141.55770	20	0.0	4	1.3	230
2024/05/10	07:59:01	40.53917	141.55761	20	0.0	4	1.4	205
2024/05/10	08:00:01	40.53911	141.55765	-2	0.0	3	2.0	176
2024/05/10	08:01:01	40.53911	141.55764	0	0.0	3	2.0	205
2024/05/10	08:02:01	40.53901	141.55766	16	0.0	3	2.0	227
2024/05/10	08:03:01	40.53914	141.55751	36	0.0	4	1.3	253
2024/05/10	08:04:01	40.53911	141.55756	22	0.0	4	1.3	227
2024/05/10	08:05:01	40.53897	141.55772	42	0.0	3	2.0	229
2024/05/10	08:06:01	40.53908	141.55758	0	0.0	4	1.3	220
2024/05/10	08:07:01	40.53908	141.55760	14	0.0	3	2.2	273
2024/05/10	08:08:01	40.53909	141.55776	24	0.0	3	2.0	278
2024/05/10	08:09:01	40.53900	141.55778	40	0.0	3	2.0	242
2024/05/10	08:10:01	40.53911	141.55758	6	0.0	3	2.1	206
2024/05/10	08:11:01	40.53905	141.55777	26	0.0	3	2.1	231
2024/05/10	08:12:00	40.53917	141.55777	14	0.0	3	2.1	208
2024/05/10	08:13:01	40.53905	141.55768	10	0.0	3	2.1	177
2024/05/10	08:14:02	40.53907	141.55775	14	0.0	3	2.1	225
2024/05/10	08:15:02	40.53900	141.55768	-10	0.0	3	2.1	227
2024/05/10	08:16:03	40.53904	141.55761	10	0.0	3	2.1	227
2024/05/10	08:17:03	40.53912	141.55784	42	0.0	2	8.2	224
2024/05/10	08:18:02	40.53904	141.55775	32	0.0	3	2.1	221
2024/05/10	08:19:02	40.53874	141.55731	-132	0.0	2	8.2	242
2024/05/10	08:20:03	40.53910	141.55764	0	0.0	3	2.1	233
2024/05/10	08:21:02	40.53914	141.55749	28	0.0	2	8.1	236
2024/05/10	08:22:03	40.53908	141.55761	8	0.0	2	8.1	214
2024/05/10	08:23:03	40.53886	141.55743	-74	0.0	2	8.1	200
2024/05/10	08:24:03	40.53909	141.55774	38	0.0	2	8.0	223
2024/05/10	08:25:03	40.53936	141.55825	192	0.0	2	8.0	219
2024/05/10	08:26:03	40.53900	141.55746	-58	0.0	2	7.4	202
2024/05/10	08:27:02	40.53889	141.55748	-72	0.0	2	7.4	182
2024/05/10	08:28:03	40.53908	141.55783	34	0.0	2	7.4	225
2024/05/10	08:29:03	40.53909	141.55769	24	0.0	2	7.3	220
2024/05/10	08:30:02	40.53921	141.55798	74	0.0	2	7.3	203
2024/05/10	08:31:03	40.53895	141.55728	-80	0.0	2	7.3	198
2024/05/10	08:32:03	40.53916	141.55781	54	0.0	2	7.2	210
2024/05/10	08:33:03	40.53911	141.55766	22	0.0	2	7.2	240
2024/05/10	08:34:03	40.53907	141.55756	-22	0.0	2	7.1	230
2024/05/10	08:35:03	40.53922	141.55806	102	0.0	2	7.1	266
2024/05/10	08:36:02	40.53904	141.55746	-14	0.0	2	7.1	231
2024/05/10	08:37:03	40.53908	141.55767	20	0.0	2	7.0	240
2024/05/10	08:38:03	40.53905	141.55777	18	0.0	2	7.0	268
2024/05/10	08:39:03	40.53918	141.55787	64	0.0	2	7.0	239
2024/05/10	08:40:03	40.53912	141.55777	28	0.0	2	6.4	242
2024/05/10	08:41:03	40.53890	141.55729	-38	0.0	2	6.4	278
2024/05/10	08:42:03	40.53899	141.55734	-44	0.0	2	6.4	219
2024/05/10	08:43:03	40.53894	141.55727	-62	0.0	2	6.3	246
2024/05/10	08:44:03	40.53915	141.55801	90	0.0	2	6.3	278
2024/05/10	08:45:03	40.53904	141.55744	-30	0.0	2	6.3	244
2024/05/10	08:46:03	40.53912	141.55785	32	0.0	2	6.2	247
2024/05/10	08:47:03	40.53903	141.55741	-30	0.0	2	6.2	250
2024/05/10	08:48:03	40.53893	141.55706	-100	0.0	2	6.2	247
2024/05/10	08:49:02	40.53909	141.55782	20	0.0	2	6.1	219
2024/05/10	08:50:03	40.53897	141.55725	-82	0.0	2	6.1	219
2024/05/10	08:51:02	40.53901	141.55740	-40	3.7	2	6.1	250
2024/05/10	08:52:03	40.53914	141.55801	52	0.0	2	6.1	281
2024/05/10	08:53:03	40.53910	141.55766	6	0.0	2	6.0	244
2024/05/10	08:54:03	40.53912	141.55779	12	0.0	2	6.0	248
2024/05/10	08:55:03	40.53903	141.55755	-12	0.0	2	6.0	247
2024/05/10	08:56:03	40.53912	141.55768	12	0.0	2	6.0	251
2024/05/10	08:57:03	40.53908	141.55757	-16	0.0	2	5.4	253
2024/05/10	08:58:03	40.53915	141.55768	22	0.0	2	5.4	252
2024/05/10	08:59:02	40.53912	141.55771	34	0.0	2	2.3	246
2024/05/10	09:00:33	40.53908	141.55768	8	0.0	7	0.4	280
2024/05/10	09:01:01	40.53903	141.55763	-12	0.0	6	1.1	282
2024/05/10	09:02:00	40.53928	141.55768	8	0.0	5	1.1	253
2024/05/10	09:03:00	40.53907	141.55760	0	0.0	6	1.0	279
2024/05/10	09:04:00	40.53912	141.55762	-6	0.0	6	1.0	284
2024/05/10	09:05:00	40.53899	141.55767	12	0.0	3	1.2	280
2024/05/10	09:06:01	40.53910	141.55765	2	0.0	7	0.4	284
2024/05/10	09:07:00	40.53917	141.55757	-20	0.0	5	1.2	280
2024/05/10	09:08:01	40.53908	141.55768	16	0.0	6	1.0	273
2024/05/10	09:09:00	40.53913	141.55769	14	0.0	7	0.4	283
2024/05/10	09:10:00	40.53904	141.55756	4	0.0	5	1.0	274
2024/05/10	09:11:00	40.53904	141.55767	-20	0.0	5	1.0	277
2024/05/10	09:12:00	40.53917	141.55768	-4	0.0	4	1.1	280
2024/05/10	09:13:01	40.53904	141.55771	0	0.0	7	0.4	276
2024/05/10	09:14:00	40.53901	141.55754	-8	0.0	4	1.1	274
2024/05/10	09:15:01	40.53904	141.55765	0	0.0	7	0.4	278
2024/05/10	09:16:00	40.53897	141.55759	-14	0.0	4	1.1	277
2024/05/10	09:17:00	40.53905	141.55769	-18	0.0	6	1.0	241
2024/05/10	09:18:00	40.53909	141.55773	8	0.0	6	1.0	275
2024/05/10	09:19:01	40.53906	141.55767	0	0.0	7	1.0	276
2024/05/10	09:20:00	40.53915	141.55762	20	0.0	5	1.1	284
2024/05/10	09:21:01	40.53909	141.55769	8	0.0	7	1.0	306
2024/05/10	09:22:01	40.53912	141.55765	14	0.0	7	1.0	300
2024/05/10	09:23:01	40.53908	141.55767	2	0.0	7	1.0	277
2024/05/10	09:24:01	40.53904	141.55766	2	0.0	7	1.0	303
2024/05/10	09:25:00	40.53907	141.55762	0	0.0	7	1.0	276
2024/05/10	09:26:00	40.53926	141.55767	26	0.0	3	1.3	272
2024/05/10	09:27:00	40.53899	141.55773	4	0.0	5	1.1	277
2024/05/10	09:28:00	40.53895	141.55753	-24	0.0	4	1.2	303
2024/05/10	09:29:01	40.53906	141.55769	4	0.0	7	1.0	275
2024/05/10	09:30:00	40.53891	141.55764	-14	0.0	4	1.2	297
2024/05/10	09:31:00	40.53921	141.55778	32	0.0	4	1.2	274
2024/05/10	09:32:01	40.53907	141.55764	-2	0.0	7	1.0	303
2024/05/10	09:33:00	40.53908	141.55768	44	0.0	4	1.2	299
2024/05/10	09:34:00	40.53925	141.55774	18	0.0	6	1.0	304
2024/05/10	09:35:00	40.53902	141.55743	-24	0.0	4	1.4	302
2024/05/10	09:36:00	40.53904	141.55771	0	0.0	5	1.1	302
2024/05/10	09:37:00	40.53903	141.55774	38	0.0	5	1.2	279
2024/05/10	09:38:01	40.53898	141.55761	-10	0.0	4	1.2	263
2024/05/10	09:39:01	40.53908	141.55759	-36	0.0	6	1.0	300
2024/05/10	09:40:01	40.53900	141.55764	-2	0.0	5	1.2	292
2024/05/10	09:41:01	40.53888	141.55757	-12	0.0	4	1.3	187
2024/05/10	09:42:00	40.53901	141.55764	-40	0.0	3	1.3	212
2024/05/10	09:43:02	40.53905	141.55766	6	0.0	6	1.0	269
2024/05/10	09:44:00	40.53897	141.55781	14	0.0	4	1.3	271
2024/05/10	09:45:00	40.53900	141.55766	10	0.0	5	1.2	280
2024/05/10	09:46:01	40.53912	141.55769	0	0.0	6	1.0	295
2024/05/10	09:47:00	40.53894	141.55770	-18	3.7	3	1.4	265
2024/05/10	09:48:00	40.53897	141.55757	14	0.0	4	1.3	247
2024/05/10	09:49:00	40.53905	141.55753	-8	0.0	5	1.2	277
2024/05/10	09:50:00	40.53927	141.55776	20	0.0	4	1.4	272
2024/05/10	09:51:00	40.53907	141.55744	-40	0.0	5	1.2	277
2024/05/10	09:52:00	40.53896	141.55766	-26	0.0	4	1.3	245
2024/05/10	09:53:00	40.53912	141.55775	32	0.0	3	2.0	241
2024/05/10	09:54:01	40.53916	141.55762	18	0.0	6	1.0	282
2024/05/10	09:55:01	40.53904	141.55763	-22	0.0	5	1.2	284
2024/05/10	09:56:00	40.53914	141.55769	64	3.7	4	1.4	277
2024/05/10	09:57:00	40.53910	141.55784	190	0.0	4	2.0	282
2024/05/10	09:58:00	40.53909	141.55760	-2	0.0	5	1.2	252
2024/05/10	09:59:01	40.53895	141.55775	16	0.0	4	2.0	247
2024/05/10	10:00:00	40.53918	141.55784	56	3.7	4	2.1	251
2024/05/10	10:01:00	40.53944	141.55835	284	3.7	3	2.3	250
2024/05/10	10:02:01	40.53905	141.55765	0	0.0	4	1.2	239
2024/05/10	10:03:01	40.53905	141.55767	0	0.0	5	1.2	255
2024/05/10	10:04:00	40.53893	141.55765	2	3.7	3	2.3	221
2024/05/10	10:05:00	40.53919	141.55794	158	0.0	4	2.2	278
2024/05/10	10:06:00	40.53909	141.55752	-24	3.7	4	2.2	279
2024/05/10	10:07:00	40.53903	141.55764	-30	3.7	4	2.0	245
2024/05/10	10:08:00	40.53903	141.55763	-10	0.0	4	2.0	274
2024/05/10	10:09:01	40.53910	141.55769	-2	0.0	5	1.1	257
2024/05/10	10:10:01	40.53948	141.55750	12	3.7	3	2.2	248
2024/05/10	10:11:01	40.53915	141.55762	10	0.0	3	2.1	195
2024/05/10	10:12:01	40.53906	141.55764	0	0.0	4	2.0	250
2024/05/10	10:13:01	40.53912	141.55770	18	0.0	4	2.0	247
2024/05/10	10:14:00	40.53928	141.55774	-16	3.7	4	2.2	249
2024/05/10	10:15:03	40.53896	141.55767	-0	0.0	4	2.2	246
2024/05/10	10:16:01	40.53910	141.55767	0	0.0	5	1.1	253
2024/05/10	10:17:00	40.53894	141.55747	-34	3.7	4	2.1	197
2024/05/10	10:18:01	40.53912	141.55766	4	0.0	5	1.1	248
2024/05/10	10:19:00	40.53898	141.55761	0	0.0	3	2.2	270
2024/05/10	10:20:00	40.53912	141.55743	-34	11.1	3	2.3	190
2024/05/10	10:21:00	40.53912	141.55773	18	0.0	4	2.0	272
2024/05/10	10:22:01	40.53909	141.55765	8	0.0	5	1.1	281
2024/05/10	10:23:00	40.53905	141.55755	6	3.7	4	2.2	239
2024/05/10	10:24:01	40.53909	141.55765	8	0.0	4	2.0	248
2024/05/10	10:25:02	40.53901	141.55768	-6	0.0	5	1.1	293
2024/05/10	10:26:01	40.53908	141.55771	4	0.0	5	1.1	245
2024/05/10	10:27:01	40.53903	141.55762	-12	0.0	5	1.1	275
2024/05/10	10:28:01	40.53905	141.55768	20	0.0	5	1.1	277
2024/05/10	10:29:01	40.53905	141.55765	4	0.0	5	1.1	276
2024/05/10	10:30:00	40.53901	141.55732	-10	0.0	3	2.2	237
2024/05/10	10:31:02	40.53912	141.55764	4	0.0	5	1.0	234
2024/05/10	10:32:01	40.53904	141.55767	16	0.0	5	1.1	266
2024/05/10	10:33:01	40.53901	141.55767	10	0.0	5	1.0	267
2024/05/10	10:34:01	40.53899	141.55765	-2	0.0	3	2.2	235
2024/05/10	10:35:01	40.53907	141.55778	30	0.0	4	2.1	240
2024/05/10	10:36:01	40.53909	141.55767	-0	0.0	5	1.0	264
2024/05/10	10:37:01	40.53905	141.55767	14	3.7	6	1.0	300
2024/05/10	10:38:01	40.53920	141.55747	12	22.2	5	1.0	279
2024/05/10	10:39:01	40.53934	141.55751	4	3.7	4	1.1	293
2024/05/10	10:40:01	40.53898	141.55772	4	0.0	5	1.0	283
2024/05/10	10:41:01	40.53904	141.55778	8	0.0	4	2.2	272
2024/05/10	10:42:01	40.53907	141.55771	20	0.0	3	2.2	264
2024/05/10	10:43:00	40.53908	141.55763	8	0.0	3	2.3	234
2024/05/10	10:44:01	40.53904	141.55752	-12	0.0	4	2.1	270
2024/05/10	10:45:01	40.53907	141.55763	10	0.0	4	2.1	268
2024/05/10	10:46:01	40.53903	141.55798	40	0.0	4	2.1	268
2024/05/10	10:47:01	40.53906	141.55767	4	0.0	5	1.0	270
2024/05/10	10:48:01	40.53906	141.55772	-8	0.0	5	1.0	269
2024/05/10	10:49:01	40.53907	141.55753	6	0.0	4	2.1	267
2024/05/10	10:50:01	40.53901	141.55770	6	0.0	4	2.1	269
2024/05/10	10:51:01	40.53899	141.55777	26	0.0	4	2.2	268
2024/05/10	10:52:01	40.53916	141.55755	-0	0.0	4	2.2	268
2024/05/10	10:53:01	40.53915	141.55774	16	0.0	4	2.2	267
2024/05/10	10:54:01	40.53911	141.55775	2	3.7	4	1.1	269
2024/05/10	10:55:01	40.53911	141.55767	0	0.0	4	1.1	274
2024/05/10	10:56:01	40.53901	141.55772	10	0.0	4	2.3	271
2024/05/10	10:57:02	40.53905	141.55763	0	0.0	5	1.0	279
2024/05/10	10:58:01	40.53911	141.55757	-4	0.0	4	2.2	268
2024/05/10	10:59:01	40.53913	141.55763	8	0.0	4	2.2	262
2024/05/10	11:00:00	40.53905	141.55765	-6	0.0	4	1.1	274
2024/05/10	11:01:00	40.53899	141.55748	-10	0.0	4	1.1	277
2024/05/10	11:02:00	40.53907	141.55781	20	0.0	4	2.3	266
2024/05/10	11:03:01	40.53909	141.55763	10	0.0	5	1.1	272
2024/05/10	11:04:00	40.53910	141.55773	24	0.0	4	1.1	240
2024/05/10	11:05:01	40.53903	141.55771	6	0.0	5	1.1	265
2024/05/10	11:06:01	40.53912	141.55761	0	0.0	5	1.1	273
2024/05/10	11:07:01	40.53903	141.55766	12	0.0	5	1.1	270
2024/05/10	11:08:01	40.53899	141.55770	8	0.0	5	1.1	273
2024/05/10	11:09:01	40.53914	141.55761	-0	0.0	4	1.2	265
2024/05/10	11:10:02	40.53901	141.55766	16	0.0	4	1.2	266
2024/05/10	11:11:01	40.53919	141.55761	10	0.0	4	1.2	210
2024/05/10	11:12:01	40.53904	141.55769	22	0.0	4	1.2	259
2024/05/10	11:13:01	40.53914	141.55767	4	0.0	5	1.1	273
2024/05/10	11:14:03	40.53905	141.55767	-0	0.0	4	1.2	260
2024/05/10	11:15:01	40.53904	141.55762	20	0.0	4	1.2	243
2024/05/10	11:16:01	40.53915	141.55766	16	0.0	4	1.2	248
2024/05/10	11:17:01	40.53901	141.55779	6	0.0	4	1.2	242
2024/05/10	11:18:01	40.53909	141.55762	-2	0.0	5	1.1	271
2024/05/10	11:19:02	40.53904	141.55776	18	0.0	4	1.2	260
2024/05/10	11:20:02	40.53915	141.55755	6	0.0	5	1.1	261
2024/05/10	11:21:03	40.53979	141.55723	14	0.0	3	11.2	232
2024/05/10	11:22:03	40.53885	141.55780	8	0.0	3	10.2	253
2024/05/10	11:23:02	40.53909	141.55761	16	0.0	4	1.2	237
2024/05/10	11:24:03	40.53919	141.55759	18	0.0	3	8.4	238
2024/05/10	11:25:03	40.53905	141.55765	6	0.0	4	1.2	241
2024/05/10	11:26:03	40.53903	141.55769	4	0.0	4	1.2	241
2024/05/10	11:27:02	40.53912	141.55747	16	0.0	4	1.2	240
2024/05/10	11:28:03	40.53917	141.55756	2	0.0	4	1.2	242
2024/05/10	11:29:03	40.53906	141.55766	6	0.0	4	1.2	257
2024/05/10	11:30:03	40.53900	141.55780	14	0.0	4	1.2	241
2024/05/10	11:31:02	40.53921	141.55764	-8	0.0	4	1.2	285
2024/05/10	11:32:04	40.53913	141.55759	10	0.0	3	5.3	272
2024/05/10	11:33:04	40.53913	141.55762	6	0.0	3	5.2	249
2024/05/10	11:34:04	40.53913	141.55757	-2	0.0	3	5.1	210
2024/05/10	11:35:04	40.53913	141.55762	10	0.0	3	5.0	236
2024/05/10	11:36:04	40.53905	141.55768	0	0.0	3	4.4	247
2024/05/10	11:37:02	40.53914	141.55770	2	18.5	4	1.2	292
2024/05/10	11:38:03	40.53890	141.55753	8	11.1	3	4.2	286
2024/05/10	11:39:02	40.53914	141.55781	6	0.0	3	4.4	302
2024/05/10	11:40:04	40.53915	141.55759	4	0.0	3	4.1	293
2024/05/10	11:41:07	40.53907	141.55772	4	0.0	3	4.1	237
2024/05/10	11:42:03	40.53912	141.55758	12	0.0	3	4.0	257
2024/05/10	11:43:04	40.53907	141.55775	10	0.0	3	4.0	207
2024/05/10	11:44:03	40.53904	141.55768	6	0.0	3	3.4	232
2024/05/10	11:45:03	40.53913	141.55765	12	0.0	3	3.4	252
2024/05/10	11:46:02	40.53890	141.55782	12	0.0	3	3.3	236
2024/05/10	11:47:04	40.53898	141.55772	4	0.0	3	3.3	249
2024/05/10	11:48:02	40.53900	141.55760	4	0.0	2	4.1	262
2024/05/10	11:49:06	40.53903	141.55775	14	0.0	3	3.2	226
2024/05/10	11:50:08	40.53912	141.55764	10	0.0	3	3.2	218
2024/05/10	11:51:06	40.53909	141.55768	8	0.0	3	3.2	245
2024/05/10	11:52:06	40.53903	141.55768	8	0.0	3	3.2	242
2024/05/10	11:53:32	40.53906	141.55762	2	0.0	3	3.1	251
2024/05/10	11:54:00	40.53921	141.55769	16	0.0	5	1.3	188
2024/05/10	11:55:01	40.53912	141.55777	24	0.0	5	1.0	186
2024/05/10	11:56:01	40.53909	141.55765	10	0.0	5	1.0	241
2024/05/10	11:57:01	40.53910	141.55767	4	0.0	5	1.0	240
2024/05/10	11:58:01	40.53906	141.55767	4	0.0	5	1.0	238
2024/05/10	11:59:01	40.53904	141.55769	-0	0.0	5	1.0	237
2024/05/10	12:00:01	40.53909	141.55763	10	0.0	5	1.0	210
2024/05/10	12:01:01	40.53912	141.55761	2	0.0	5	1.0	239
2024/05/10	12:02:00	40.53897	141.55766	30	7.4	4	2.4	207
2024/05/10	12:03:00	40.53891	141.55767	4	0.0	4	2.4	215
2024/05/10	12:04:01	40.53909	141.55763	12	0.0	5	1.0	236
2024/05/10	12:05:00	40.53891	141.55771	-0	0.0	4	2.3	209
2024/05/10	12:06:00	40.53916	141.55769	16	0.0	5	1.2	243
2024/05/10	12:07:01	40.53909	141.55768	16	0.0	5	1.0	242
2024/05/10	12:08:00	40.53909	141.55753	2	11.1	5	1.0	183
2024/05/10	12:09:01	40.53904	141.55766	14	14.8	5	1.0	238
2024/05/10	12:10:01	40.53903	141.55764	0	0.0	5	1.0	250
2024/05/10	12:11:01	40.53904	141.55769	0	0.0	3	2.0	238
2024/05/10	12:12:00	40.53908	141.55798	48	0.0	4	2.1	208
2024/05/10	12:13:01	40.53910	141.55769	-2	0.0	5	1.0	237
2024/05/10	12:14:01	40.53910	141.55765	6	0.0	5	1.2	238
2024/05/10	12:15:00	40.53919	141.55747	-10	0.0	4	2.1	240
2024/05/10	12:16:00	40.53904	141.55768	8	0.0	4	2.1	205
2024/05/10	12:17:01	40.53918	141.55776	22	0.0	5	1.2	240
2024/05/10	12:18:00	40.53918	141.55779	38	0.0	4	2.0	243
2024/05/10	12:19:01	40.53905	141.55768	8	0.0	5	1.1	233
2024/05/10	12:20:01	40.53912	141.55766	24	0.0	5	1.1	238
2024/05/10	12:21:00	40.53876	141.55766	-10	0.0	3	2.3	233
2024/05/10	12:22:01	40.53913	141.55767	10	0.0	5	1.1	236
2024/05/10	12:23:00	40.53911	141.55767	-6	0.0	3	2.0	245
2024/05/10	12:24:01	40.53904	141.55767	34	0.0	4	1.2	235
2024/05/10	12:25:01	40.53907	141.55772	12	0.0	4	1.2	240
2024/05/10	12:26:00	40.53931	141.55772	-16	0.0	3	2.2	212
2024/05/10	12:27:01	40.53908	141.55775	-38	0.0	3	2.0	234
2024/05/10	12:28:00	40.53899	141.55762	80	0.0	3	2.1	212
2024/05/10	12:29:00	40.53907	141.55772	-6	0.0	3	2.0	219
2024/05/10	12:30:00	40.53913	141.55779	6	0.0	3	2.0	216
2024/05/10	12:31:01	40.53912	141.55767	6	0.0	4	1.2	237
2024/05/10	12:32:00	40.53899	141.55761	96	0.0	3	1.4	213
2024/05/10	12:33:01	40.53908	141.55769	6	0.0	4	1.2	215
2024/05/10	12:34:00	40.53895	141.55763	78	0.0	3	2.0	212
2024/05/10	12:35:01	40.53904	141.55767	14	0.0	3	1.4	211
2024/05/10	12:36:00	40.53922	141.55769	-12	0.0	3	1.4	184
2024/05/10	12:37:00	40.53902	141.55770	18	0.0	3	2.0	209
2024/05/10	12:38:00	40.53912	141.55765	-12	0.0	3	1.4	211
2024/05/10	12:39:01	40.53922	141.55771	2	0.0	3	1.4	204
2024/05/10	12:40:00	40.53894	141.55776	-12	0.0	3	1.4	189
2024/05/10	12:41:01	40.53901	141.55764	-2	0.0	3	1.2	214
2024/05/10	12:42:01	40.53902	141.55771	-0	0.0	3	1.2	216
2024/05/10	12:43:01	40.53901	141.55768	4	0.0	3	1.2	219
2024/05/10	12:44:00	40.53909	141.55762	26	0.0	3	1.3	189
2024/05/10	12:45:00	40.53909	141.55768	-32	3.7	3	1.4	211
2024/05/10	12:46:00	40.53906	141.55762	44	0.0	3	1.4	195
2024/05/10	12:47:00	40.53916	141.55757	42	0.0	3	1.2	189
2024/05/10	12:48:01	40.53891	141.55765	22	0.0	3	1.2	211
2024/05/10	12:49:00	40.53910	141.55777	-14	0.0	3	1.3	191
2024/05/10	12:50:01	40.53909	141.55762	16	0.0	3	1.2	212
2024/05/10	12:51:00	40.53897	141.55764	20	0.0	3	1.2	182
2024/05/10	12:52:01	40.53917	141.55768	-8	0.0	3	1.2	213
2024/05/10	12:53:00	40.53911	141.55767	22	0.0	3	1.2	162
2024/05/10	12:54:00	40.53907	141.55765	22	0.0	3	1.2	189
2024/05/10	12:55:00	40.53888	141.55765	34	0.0	3	1.2	189
2024/05/10	12:56:00	40.53910	141.55765	18	0.0	3	1.2	186
2024/05/10	12:57:01	40.53898	141.55768	30	0.0	3	1.2	204
2024/05/10	12:58:00	40.53910	141.55765	30	0.0	3	1.2	183
2024/05/10	12:59:00	40.53898	141.55778	48	0.0	3	1.2	187
2024/05/10	13:00:00	40.53912	141.55763	-28	0.0	3	1.4	184
2024/05/10	13:01:01	40.53908	141.55763	0	0.0	3	1.4	189
2024/05/10	13:02:00	40.53904	141.55759	-0	0.0	3	1.4	186
2024/05/10	13:03:01	40.53910	141.55762	16	0.0	3	1.4	180
2024/05/10	13:04:01	40.53908	141.55776	-18	0.0	3	1.4	181
2024/05/10	13:05:01	40.53919	141.55772	2	0.0	3	1.4	183
2024/05/10	13:06:01	40.53905	141.55770	0	0.0	3	1.4	185
2024/05/10	13:07:01	40.53908	141.55771	-4	0.0	3	1.4	181
2024/05/10	13:08:00	40.53910	141.55758	0	0.0	3	1.4	214
2024/05/10	13:09:01	40.53905	141.55764	6	0.0	3	1.4	173
2024/05/10	13:10:01	40.53905	141.55764	24	0.0	3	1.4	183
2024/05/10	13:11:01	40.53897	141.55762	-0	0.0	3	1.4	178
2024/05/10	13:12:01	40.53904	141.55762	16	0.0	3	1.4	186
2024/05/10	13:13:02	40.53920	141.55765	4	0.0	3	1.4	216
2024/05/10	13:14:01	40.53899	141.55759	38	0.0	3	1.4	181
2024/05/10	13:15:02	40.53913	141.55758	-26	0.0	3	1.4	181
2024/05/10	13:16:01	40.53907	141.55769	22	0.0	3	1.4	183
2024/05/10	13:17:01	40.53910	141.55762	22	0.0	3	1.4	212
2024/05/10	13:18:00	40.53912	141.55763	26	0.0	3	1.4	185
2024/05/10	13:19:01	40.53907	141.55765	12	0.0	3	1.4	186
2024/05/10	13:20:01	40.53911	141.55761	-10	0.0	3	1.4	184
2024/05/10	13:21:01	40.53905	141.55767	18	0.0	3	1.4	183
2024/05/10	13:22:02	40.53906	141.55770	6	0.0	3	1.4	216
2024/05/10	13:23:02	40.53907	141.55766	16	0.0	3	1.4	183
2024/05/10	13:24:01	40.53924	141.55769	-6	0.0	3	1.4	157
2024/05/10	13:25:01	40.53900	141.55781	22	0.0	3	1.4	182
2024/05/10	13:26:00	40.53929	141.55765	-4	0.0	3	1.4	181
2024/05/10	13:27:02	40.53916	141.55762	-22	0.0	3	1.4	173
2024/05/10	13:28:00	40.53923	141.55750	-4	0.0	3	1.4	155
2024/05/10	13:29:01	40.53906	141.55769	20	0.0	3	1.4	154
2024/05/10	13:30:00	40.53884	141.55776	46	0.0	3	1.4	154
2024/05/10	13:31:01	40.53908	141.55768	10	0.0	3	1.4	152
2024/05/10	13:32:02	40.53901	141.55768	4	0.0	3	1.4	178
2024/05/10	13:33:00	40.53927	141.55765	-42	3.7	3	1.4	158
2024/05/10	13:34:02	40.53897	141.55773	28	0.0	3	1.4	175
2024/05/10	13:35:01	40.53900	141.55764	20	0.0	3	1.4	153
2024/05/10	13:36:01	40.53908	141.55770	28	0.0	3	1.4	153
2024/05/10	13:37:01	40.53898	141.55772	28	0.0	3	1.4	151
2024/05/10	13:38:03	40.53902	141.55771	26	0.0	3	1.4	154
2024/05/10	13:39:01	40.53917	141.55763	8	0.0	3	1.4	155
2024/05/10	13:40:01	40.53906	141.55759	14	0.0	3	1.4	153
2024/05/10	13:41:01	40.53899	141.55771	32	0.0	3	1.4	155
2024/05/10	13:42:02	40.53918	141.55762	6	0.0	3	1.4	154
2024/05/10	13:43:01	40.53905	141.55769	50	0.0	3	1.4	154
2024/05/10	13:44:01	40.53907	141.55760	-12	0.0	3	2.0	186
2024/05/10	13:45:02	40.53920	141.55760	-2	0.0	3	2.0	183
2024/05/10	13:46:01	40.53895	141.55779	96	0.0	3	2.0	149
2024/05/10	13:47:00	40.53930	141.55760	-24	0.0	3	2.0	153
2024/05/10	13:48:02	40.53911	141.55776	6	0.0	3	2.0	174
2024/05/10	13:49:01	40.53909	141.55770	10	0.0	3	2.0	150
2024/05/10	13:50:04	40.53899	141.55768	16	0.0	3	2.0	163
2024/05/10	13:51:03	40.53905	141.55758	32	0.0	3	2.0	178
2024/05/10	13:52:03	40.53915	141.55762	8	0.0	3	2.0	178
2024/05/10	13:53:03	40.53917	141.55763	0	0.0	3	2.0	176
2024/05/10	13:54:03	40.53902	141.55778	-0	0.0	3	2.0	174
2024/05/10	13:55:03	40.53891	141.55772	36	0.0	3	2.0	174
2024/05/10	13:56:04	40.53910	141.55764	4	0.0	3	2.0	171
2024/05/10	13:57:03	40.53923	141.55761	8	0.0	3	2.0	172
2024/05/10	13:58:04	40.53895	141.55774	20	0.0	3	2.0	174
2024/05/10	13:59:01	40.53902	141.55755	10	0.0	3	2.0	175
2024/05/10	14:00:32	40.53907	141.55766	14	0.0	4	1.1	230
2024/05/10	14:01:01	40.53913	141.55765	6	0.0	4	1.1	171
2024/05/10	14:02:01	40.53908	141.55762	0	0.0	3	1.3	149
2024/05/10	14:03:00	40.53910	141.55762	2	0.0	3	1.4	148
2024/05/10	14:04:01	40.53909	141.55769	0	0.0	4	1.1	150
2024/05/10	14:05:01	40.53909	141.55766	18	0.0	4	1.1	151
2024/05/10	14:06:00	40.53913	141.55757	-14	0.0	3	2.0	150
2024/05/10	14:07:01	40.53909	141.55767	10	0.0	4	1.1	149
2024/05/10	14:08:00	40.53907	141.55759	40	0.0	3	1.4	152
2024/05/10	14:09:01	40.53909	141.55760	10	0.0	4	1.1	150
2024/05/10	14:10:01	40.53911	141.55764	0	0.0	4	1.2	151
2024/05/10	14:11:01	40.53913	141.55763	12	0.0	4	1.2	152
2024/05/10	14:12:01	40.53918	141.55767	4	0.0	4	1.2	149
2024/05/10	14:13:01	40.53906	141.55775	18	0.0	4	1.2	153
2024/05/10	14:14:01	40.53909	141.55765	14	0.0	4	1.2	150
2024/05/10	14:15:01	40.53897	141.55766	20	0.0	4	1.2	151
2024/05/10	14:16:01	40.53903	141.55765	18	0.0	4	1.2	149
2024/05/10	14:17:01	40.53901	141.55769	18	0.0	3	1.2	113
2024/05/10	14:18:01	40.53901	141.55768	20	0.0	4	1.2	149
2024/05/10	14:19:01	40.53914	141.55767	10	0.0	4	1.2	149
2024/05/10	14:20:01	40.53905	141.55766	26	0.0	4	1.2	151
2024/05/10	14:21:01	40.53912	141.55766	22	0.0	3	2.1	147
2024/05/10	14:22:01	40.53914	141.55766	4	0.0	3	2.1	148
2024/05/10	14:23:01	40.53905	141.55768	24	0.0	3	2.1	145
2024/05/10	14:24:01	40.53915	141.55777	0	0.0	3	2.1	138
2024/05/10	14:25:01	40.53911	141.55771	2	0.0	3	2.0	148
2024/05/10	14:26:01	40.53916	141.55770	4	0.0	3	2.0	147
2024/05/10	14:27:01	40.53905	141.55774	14	0.0	3	2.0	144
2024/05/10	14:28:01	40.53908	141.55765	0	0.0	2	3.0	119
2024/05/10	14:29:01	40.53909	141.55775	16	0.0	3	2.0	124
2024/05/10	14:30:01	40.53864	141.55802	140	0.0	2	7.2	94
2024/05/10	14:31:01	40.53912	141.55764	-28	0.0	2	3.1	143
2024/05/10	14:32:02	40.53906	141.55766	20	0.0	3	2.2	123
2024/05/10	14:33:02	40.53910	141.55765	4	0.0	2	3.1	136
2024/05/10	14:34:02	40.53918	141.55758	-32	0.0	2	3.1	137
2024/05/10	14:35:02	40.53916	141.55761	-10	0.0	2	3.2	139
2024/05/10	14:36:02	40.53900	141.55771	20	0.0	3	2.0	111
2024/05/10	14:37:01	40.53913	141.55736	-56	0.0	2	3.2	113
2024/05/10	14:38:01	40.53903	141.55771	34	0.0	2	3.2	135
2024/05/10	14:39:01	40.53892	141.55793	72	0.0	2	3.2	148
2024/05/10	14:40:01	40.53928	141.55749	-42	0.0	2	3.2	113
2024/05/10	14:41:01	40.53915	141.55765	-16	0.0	2	3.2	114
2024/05/10	14:42:02	40.53904	141.55766	20	0.0	2	3.2	147
2024/05/10	14:43:02	40.53893	141.55777	58	0.0	2	3.3	148
2024/05/10	14:44:01	40.53906	141.55785	46	0.0	2	3.3	127
2024/05/10	14:45:02	40.53908	141.55770	24	0.0	2	3.3	115
2024/05/10	14:46:02	40.53902	141.55776	40	0.0	2	3.3	110
2024/05/10	14:47:02	40.53897	141.55766	14	0.0	2	3.3	148
2024/05/10	14:48:01	40.53907	141.55755	-14	0.0	2	3.3	93
2024/05/10	14:49:01	40.53892	141.55781	32	0.0	2	3.3	93
2024/05/10	14:50:01	40.53923	141.55754	-10	0.0	2	4.2	93
2024/05/10	14:51:01	40.53917	141.55758	-12	0.0	2	3.3	128
2024/05/10	14:52:01	40.53894	141.55756	-14	0.0	2	4.3	95
2024/05/10	14:53:03	40.53894	141.55771	58	0.0	2	4.3	129
2024/05/10	14:54:24	40.53905	141.55766	8	0.0	2	3.3	187
2024/05/10	14:55:02	40.53901	141.55772	34	0.0	2	3.3	120
2024/05/10	14:56:01	40.53909	141.55763	18	0.0	2	3.3	120
2024/05/10	14:57:02	40.53910	141.55766	4	0.0	2	3.3	127
2024/05/10	14:58:02	40.53899	141.55781	38	0.0	2	3.3	152
2024/05/10	14:59:02	40.53886	141.55781	50	0.0	2	3.3	122
2024/05/10	15:00:02	40.53912	141.55752	-12	0.0	2	3.3	138
2024/05/10	15:01:02	40.53897	141.55760	-0	0.0	2	3.3	155
2024/05/10	15:02:01	40.53883	141.55773	64	0.0	2	3.3	190
2024/05/10	15:03:02	40.53888	141.55775	22	0.0	2	3.3	160
2024/05/10	15:04:02	40.53914	141.55754	-20	0.0	2	3.3	160
2024/05/10	15:05:01	40.53932	141.55760	-52	0.0	2	3.3	123
2024/05/10	15:06:02	40.53898	141.55778	36	0.0	2	3.3	175
2024/05/10	15:07:01	40.53895	141.55736	-58	0.0	2	7.1	120
2024/05/10	15:08:02	40.53889	141.55765	8	0.0	2	3.4	121
2024/05/10	15:09:01	40.53900	141.55759	-6	0.0	2	7.4	157
2024/05/10	15:10:02	40.53906	141.55768	18	0.0	2	3.4	130
2024/05/10	15:11:01	40.53919	141.55749	-26	0.0	2	3.4	155
2024/05/10	15:12:02	40.53897	141.55777	44	0.0	2	3.4	122
2024/05/10	15:13:01	40.53900	141.55767	18	0.0	2	3.4	118
2024/05/10	15:14:02	40.53896	141.55769	14	0.0	2	3.4	159
2024/05/10	15:15:01	40.53896	141.55780	62	0.0	2	3.4	125
2024/05/10	15:16:01	40.53933	141.55763	-2	0.0	2	11.1	120
2024/05/10	15:17:01	40.53951	141.55766	2	0.0	2	11.4	125
2024/05/10	15:18:01	40.53906	141.55754	-30	0.0	2	4.0	122
2024/05/10	15:19:02	40.53906	141.55769	10	0.0	2	4.0	121
2024/05/10	15:20:02	40.53916	141.55762	10	0.0	2	4.0	156
2024/05/10	15:21:01	40.53922	141.55774	20	0.0	2	4.0	124
2024/05/10	15:22:01	40.53915	141.55785	24	0.0	2	4.1	159
2024/05/10	15:23:01	40.53749	141.55783	42	3.7	2	15.3	121
2024/05/10	15:24:01	40.53913	141.55762	20	0.0	2	4.1	124
2024/05/10	15:25:02	40.53877	141.55781	42	0.0	2	4.1	180
2024/05/10	15:26:01	40.53921	141.55756	-6	0.0	2	4.2	125
2024/05/10	15:27:01	40.54092	141.55743	-64	0.0	2	18.4	145
2024/05/10	15:28:02	40.53959	141.55774	22	0.0	2	19.3	144
2024/05/10	15:29:01	40.53903	141.55770	38	0.0	2	4.2	151
2024/05/10	15:30:01	40.53909	141.55773	6	0.0	2	4.3	142
2024/05/10	15:31:02	40.53880	141.55777	34	0.0	2	4.3	154
2024/05/10	15:32:02	40.53891	141.55762	12	0.0	2	4.3	175
2024/05/10	15:33:02	40.53923	141.55773	16	0.0	2	4.3	153
2024/05/10	15:34:02	40.53915	141.55757	18	0.0	2	4.4	143
2024/05/10	15:35:01	40.53929	141.55767	-8	0.0	2	4.4	121
2024/05/10	15:36:01	40.53902	141.55772	16	0.0	2	4.4	146
2024/05/10	15:37:02	40.53899	141.55769	14	0.0	2	4.4	179
2024/05/10	15:38:02	40.53932	141.55768	-4	0.0	2	4.4	145
2024/05/10	15:39:02	40.53904	141.55762	18	0.0	2	5.0	211
2024/05/10	15:40:02	40.53853	141.55789	62	0.0	2	5.0	244
2024/05/10	15:41:02	40.53898	141.55765	-0	0.0	2	5.0	175
2024/05/10	15:42:02	40.53978	141.55736	-34	0.0	2	5.0	142
2024/05/10	15:43:03	40.53907	141.55769	24	0.0	2	5.0	209
2024/05/10	15:44:02	40.53826	141.55826	82	3.7	1	11.3	144
2024/05/10	15:45:04	40.53901	141.55763	8	0.0	2	5.1	177
2024/05/10	15:46:02	40.53881	141.55782	60	0.0	2	5.1	142
2024/05/10	15:47:02	40.53916	141.55767	4	0.0	2	5.1	145
2024/05/10	15:48:02	40.53825	141.55805	92	0.0	2	5.1	178
2024/05/10	15:49:02	40.53945	141.55756	-58	0.0	1	9.2	216
2024/05/10	15:50:30	40.53895	141.55772	26	0.0	2	5.1	233
2024/05/10	15:51:02	40.53905	141.55776	18	0.0	2	5.1	148
2024/05/10	15:52:02	40.53907	141.55772	6	0.0	2	5.1	145
2024/05/10	15:53:02	40.53913	141.55767	-8	0.0	1	8.0	140
2024/05/10	15:54:02	40.53880	141.55783	46	0.0	1	7.3	148
2024/05/10	15:55:02	40.53880	141.55783	46	0.0	1	7.2	176
2024/05/10	15:56:02	40.53909	141.55772	-12	0.0	1	7.1	145
2024/05/10	15:57:01	40.53958	141.55747	-78	3.7	1	6.4	97
2024/05/10	15:58:04	40.53862	141.55785	94	0.0	1	6.3	181
2024/05/10	15:59:04	40.53896	141.55767	38	0.0	2	5.1	178
2024/05/10	16:00:33	40.53906	141.55767	18	0.0	6	1.1	243
2024/05/10	16:01:00	40.53904	141.55750	74	7.4	3	2.1	214
2024/05/10	16:02:00	40.53904	141.55760	52	0.0	4	1.4	219
2024/05/10	16:03:00	40.53915	141.55794	-90	0.0	4	1.4	219
2024/05/10	16:04:00	40.53899	141.55732	94	0.0	4	1.4	217
2024/05/10	16:05:01	40.53912	141.55787	-2	0.0	5	1.4	242
2024/05/10	16:06:00	40.53912	141.55773	-18	0.0	4	1.4	195
2024/05/10	16:07:00	40.53907	141.55768	-6	0.0	4	2.1	193
2024/05/10	16:08:01	40.53915	141.55783	10	0.0	4	1.4	219
2024/05/10	16:09:01	40.53910	141.55774	-20	0.0	4	1.4	213
2024/05/10	16:10:01	40.53901	141.55764	-14	0.0	4	1.4	221
2024/05/10	16:11:01	40.53909	141.55762	10	0.0	4	1.4	224
2024/05/10	16:12:01	40.53902	141.55767	-20	0.0	4	1.4	220
2024/05/10	16:13:01	40.53900	141.55759	44	0.0	4	1.4	225
2024/05/10	16:14:01	40.53910	141.55775	-36	0.0	4	1.4	223
2024/05/10	16:15:01	40.53910	141.55770	30	0.0	4	1.4	218
2024/05/10	16:16:01	40.53903	141.55768	24	0.0	4	2.0	188
2024/05/10	16:17:01	40.53911	141.55778	8	0.0	4	1.4	220
2024/05/10	16:18:01	40.53901	141.55776	-0	0.0	3	1.4	163
2024/05/10	16:19:01	40.53912	141.55769	2	0.0	4	2.0	220
2024/05/10	16:20:01	40.53901	141.55771	-10	0.0	4	1.4	221
2024/05/10	16:21:01	40.53902	141.55780	-16	0.0	4	1.4	218
2024/05/10	16:22:01	40.53915	141.55771	16	0.0	4	1.4	190
2024/05/10	16:23:01	40.53915	141.55774	-38	0.0	4	2.0	224
2024/05/10	16:24:01	40.53902	141.55764	20	0.0	4	1.4	222
2024/05/10	16:25:01	40.53911	141.55770	-2	0.0	4	1.4	220
2024/05/10	16:26:01	40.53906	141.55771	8	0.0	4	1.4	223
2024/05/10	16:27:01	40.53909	141.55755	8	0.0	3	1.4	217
2024/05/10	16:28:01	40.53913	141.55775	-16	0.0	4	1.4	220
2024/05/10	16:29:01	40.53900	141.55755	32	0.0	4	1.4	219
2024/05/10	16:30:01	40.53908	141.55778	4	0.0	4	1.4	223
2024/05/10	16:31:01	40.53912	141.55767	-6	0.0	4	1.4	215
2024/05/10	16:32:01	40.53906	141.55777	-0	0.0	5	1.3	243
2024/05/10	16:33:01	40.53904	141.55775	24	0.0	4	1.4	217
2024/05/10	16:34:01	40.53913	141.55761	28	3.7	4	1.4	222
2024/05/10	16:35:01	40.53899	141.55766	28	0.0	5	1.2	222
2024/05/10	16:36:01	40.53914	141.55771	-12	0.0	5	1.2	224
2024/05/10	16:37:01	40.53920	141.55796	-32	0.0	5	2.4	228
2024/05/10	16:38:01	40.53911	141.55774	12	0.0	5	1.3	218
2024/05/10	16:39:01	40.53907	141.55761	56	0.0	3	1.4	214
2024/05/10	16:40:01	40.53903	141.55762	32	0.0	5	1.2	225
2024/05/10	16:41:01	40.53903	141.55772	30	0.0	3	2.0	242
2024/05/10	16:42:01	40.53909	141.55775	10	0.0	4	1.3	216
2024/05/10	16:43:01	40.53918	141.55771	-30	0.0	4	1.3	217
2024/05/10	16:44:01	40.53905	141.55767	18	0.0	4	1.4	213
2024/05/10	16:45:01	40.53916	141.55762	-22	0.0	3	2.0	183
2024/05/10	16:46:01	40.53915	141.55764	14	0.0	3	1.4	187
2024/05/10	16:47:01	40.53902	141.55771	-0	0.0	3	1.4	182
2024/05/10	16:48:01	40.53916	141.55773	-6	0.0	3	2.0	212
2024/05/10	16:49:01	40.53906	141.55775	-4	0.0	3	1.4	213
2024/05/10	16:50:01	40.53900	141.55773	20	0.0	4	1.3	218
2024/05/10	16:51:01	40.53910	141.55783	12	0.0	3	1.4	188
2024/05/10	16:52:01	40.53918	141.55782	-34	0.0	4	1.3	216
2024/05/10	16:53:01	40.53911	141.55769	16	0.0	4	1.3	221
2024/05/10	16:54:01	40.53908	141.55774	18	0.0	4	1.3	190
2024/05/10	16:55:01	40.53902	141.55778	4	0.0	3	1.3	181
2024/05/10	16:56:01	40.53911	141.55766	72	0.0	4	1.2	190
2024/05/10	16:57:01	40.53908	141.55769	2	0.0	3	2.0	184
2024/05/10	16:58:01	40.53897	141.55780	14	3.7	3	1.3	160
2024/05/10	16:59:01	40.53916	141.55767	-4	0.0	4	1.3	188
2024/05/10	17:00:01	40.53903	141.55771	24	0.0	4	1.2	191
2024/05/10	17:01:01	40.53907	141.55779	10	0.0	4	1.2	188
2024/05/10	17:02:01	40.53906	141.55758	-2	0.0	4	1.2	192
2024/05/10	17:03:01	40.53922	141.55758	-6	0.0	3	1.2	160
2024/05/10	17:04:01	40.53907	141.55769	-2	0.0	3	1.2	185
2024/05/10	17:05:01	40.53904	141.55781	4	0.0	4	1.2	219
2024/05/10	17:06:01	40.53907	141.55768	4	0.0	4	1.2	190
2024/05/10	17:07:01	40.53904	141.55775	-6	0.0	4	1.2	222
2024/05/10	17:08:01	40.53910	141.55769	-0	0.0	4	1.2	187
2024/05/10	17:09:01	40.53895	141.55756	44	0.0	4	1.2	242
2024/05/10	17:10:01	40.53911	141.55775	12	0.0	4	1.2	194
2024/05/10	17:11:01	40.53910	141.55761	32	0.0	4	1.2	195
2024/05/10	17:12:01	40.53903	141.55774	20	0.0	4	1.2	194
2024/05/10	17:13:01	40.53900	141.55777	-4	0.0	3	1.2	161
2024/05/10	17:14:01	40.53911	141.55768	4	0.0	4	1.2	214
2024/05/10	17:15:01	40.53915	141.55772	2	0.0	4	1.3	161
2024/05/10	17:16:01	40.53907	141.55775	-0	0.0	4	1.2	220
2024/05/10	17:17:01	40.53901	141.55767	18	0.0	4	1.2	219
2024/05/10	17:18:01	40.53911	141.55768	6	0.0	4	1.2	186
2024/05/10	17:19:01	40.53908	141.55768	32	0.0	4	1.3	220
2024/05/10	17:20:01	40.53909	141.55757	20	0.0	4	1.2	221
2024/05/10	17:21:01	40.53908	141.55765	18	0.0	4	1.2	194
2024/05/10	17:22:01	40.53902	141.55760	14	0.0	3	2.3	187
2024/05/10	17:23:01	40.53908	141.55757	24	0.0	3	2.4	191
2024/05/10	17:24:01	40.53901	141.55765	28	0.0	4	1.2	217
2024/05/10	17:25:01	40.53909	141.55768	14	0.0	4	1.2	246
2024/05/10	17:26:01	40.53903	141.55765	-6	0.0	4	1.2	192
2024/05/10	17:27:01	40.53916	141.55771	12	0.0	3	1.2	168
2024/05/10	17:28:01	40.53901	141.55767	2	0.0	4	1.2	222
2024/05/10	17:29:01	40.53913	141.55762	22	0.0	4	1.2	245
2024/05/10	17:30:01	40.53906	141.55778	28	0.0	4	1.2	192
2024/05/10	17:31:01	40.53904	141.55746	26	0.0	3	2.1	242
2024/05/10	17:32:01	40.53912	141.55761	14	0.0	4	1.2	234
2024/05/10	17:33:01	40.53902	141.55772	16	0.0	4	1.2	189
2024/05/10	17:34:01	40.53905	141.55770	16	0.0	4	1.2	253
2024/05/10	17:35:01	40.53907	141.55767	10	0.0	4	1.2	239
2024/05/10	17:36:01	40.53913	141.55769	4	0.0	4	1.2	239
2024/05/10	17:37:00	40.53901	141.55778	14	0.0	4	1.2	251
2024/05/10	17:38:00	40.53912	141.55785	30	0.0	4	1.3	221
2024/05/10	17:39:00	40.53915	141.55754	10	0.0	3	1.2	212
2024/05/10	17:40:00	40.53895	141.55783	6	0.0	4	1.2	230
2024/05/10	17:41:00	40.53894	141.55758	38	0.0	3	2.1	234
2024/05/10	17:42:01	40.53921	141.55762	46	0.0	3	4.3	236
2024/05/10	17:43:01	40.53903	141.55779	24	0.0	3	1.3	214
2024/05/10	17:44:01	40.53907	141.55767	4	0.0	3	2.1	215
2024/05/10	17:45:01	40.53897	141.55789	20	0.0	4	1.3	240
2024/05/10	17:46:01	40.53905	141.55765	6	0.0	3	1.3	234
2024/05/10	17:47:01	40.53914	141.55755	10	0.0	4	1.3	243
2024/05/10	17:48:01	40.53900	141.55767	14	0.0	4	1.3	244
2024/05/10	17:49:01	40.53899	141.55773	16	0.0	4	1.3	267
2024/05/10	17:50:00	40.53903	141.55760	-0	0.0	3	2.1	215
2024/05/10	17:51:00	40.53912	141.55771	46	0.0	3	2.1	236
2024/05/10	17:52:00	40.53903	141.55766	-2	0.0	3	2.2	241
2024/05/10	17:53:00	40.53886	141.55765	-10	3.7	3	2.2	246
2024/05/10	17:54:00	40.53916	141.55740	12	0.0	3	2.2	224
2024/05/10	17:55:01	40.53909	141.55739	-18	0.0	3	2.2	269
2024/05/10	17:56:02	40.53912	141.55756	12	0.0	4	1.3	247
2024/05/10	17:57:00	40.53911	141.55784	36	0.0	3	2.2	221
2024/05/10	17:58:00	40.53891	141.55802	26	0.0	3	2.2	214
2024/05/10	17:59:00	40.53904	141.55760	22	0.0	3	2.2	227
2024/05/10	18:00:01	40.53909	141.55764	12	0.0	3	3.0	243
2024/05/10	18:01:01	40.53921	141.55754	20	0.0	3	3.0	239
2024/05/10	18:02:02	40.53909	141.55759	4	0.0	3	3.0	240
2024/05/10	18:03:01	40.53908	141.55770	12	0.0	3	3.0	227
2024/05/10	18:04:01	40.53901	141.55763	8	0.0	3	3.0	218
2024/05/10	18:05:01	40.53907	141.55768	18	0.0	3	3.0	164
2024/05/10	18:06:02	40.53897	141.55768	-0	0.0	3	3.0	192
2024/05/10	18:07:01	40.53928	141.55727	-2	3.7	3	3.0	248
2024/05/10	18:08:02	40.53907	141.55781	34	0.0	3	3.0	244
2024/05/10	18:09:02	40.53913	141.55761	18	0.0	3	3.0	239
2024/05/10	18:10:02	40.53902	141.55770	4	0.0	3	3.0	246
2024/05/10	18:11:02	40.53905	141.55769	8	0.0	3	3.0	223
2024/05/10	18:12:01	40.53913	141.55735	-26	0.0	3	3.0	189
2024/05/10	18:13:02	40.53905	141.55771	18	0.0	3	3.0	220
2024/05/10	18:14:01	40.53915	141.55738	-8	0.0	3	3.0	223
2024/05/10	18:15:02	40.53906	141.55755	0	0.0	3	3.0	246
2024/05/10	18:16:02	40.53897	141.55764	-14	0.0	3	3.0	214
2024/05/10	18:17:02	40.53906	141.55759	2	0.0	3	3.0	219
2024/05/10	18:18:02	40.53911	141.55759	-2	0.0	3	3.0	239
2024/05/10	18:19:02	40.53906	141.55760	-12	0.0	3	3.1	247
2024/05/10	18:20:02	40.53906	141.55768	12	0.0	3	3.1	185
2024/05/10	18:21:02	40.53907	141.55773	8	0.0	3	3.1	242
2024/05/10	18:22:01	40.53924	141.55767	36	0.0	3	3.1	252
2024/05/10	18:23:02	40.53917	141.55764	16	0.0	3	3.1	247
2024/05/10	18:24:02	40.53906	141.55748	-16	0.0	3	3.2	251
2024/05/10	18:25:03	40.53908	141.55741	-10	0.0	3	3.2	252
2024/05/10	18:26:03	40.54042	141.55671	-28	14.8	3	3.2	263
2024/05/10	18:27:01	40.54049	141.55675	-0	0.0	3	3.2	210
2024/05/10	18:28:03	40.54060	141.55630	-40	0.0	3	3.2	234
2024/05/10	18:29:01	40.54082	141.55638	-14	25.9	3	3.3	236
2024/05/10	18:30:02	40.54221	141.55961	-12	25.9	2	2.2	244
2024/05/10	18:31:02	40.54219	141.55889	-34	0.0	3	3.3	237
2024/05/10	18:32:02	40.54213	141.55896	-32	0.0	3	3.4	241
2024/05/10	18:33:02	40.54128	141.55971	-34	25.9	2	2.3	258
2024/05/10	18:34:02	40.53998	141.55815	-12	0.0	3	3.4	277
2024/05/10	18:35:02	40.54008	141.55839	22	0.0	3	3.4	217
2024/05/10	18:36:03	40.53995	141.55849	20	0.0	3	4.0	245
2024/05/10	18:37:02	40.54010	141.55820	2	0.0	3	4.0	248
2024/05/10	18:38:01	40.54007	141.55853	40	0.0	3	4.0	242
2024/05/10	18:39:02	40.54011	141.55819	6	0.0	3	4.1	240
2024/05/10	18:40:01	40.54015	141.55807	-8	0.0	3	4.1	244
2024/05/10	18:41:02	40.54018	141.55812	-4	0.0	3	4.2	242
2024/05/10	18:42:02	40.53995	141.55863	28	0.0	3	4.2	247
2024/05/10	18:43:05	40.53906	141.55794	30	0.0	2	2.3	234
2024/05/10	18:44:02	40.53916	141.55770	32	0.0	2	2.4	272
2024/05/10	18:45:02	40.54016	141.56100	114	25.9	3	4.3	241
2024/05/10	18:46:05	40.54446	141.56541	22	37.0	3	4.4	237
2024/05/10	18:47:02	40.54729	141.57137	24	37.0	3	4.4	277
2024/05/10	18:48:01	40.55121	141.57831	60	44.4	3	4.4	185
2024/05/10	18:49:04	40.55589	141.58499	6	40.7	3	5.0	241
2024/05/10	18:50:01	40.56031	141.59184	40	44.4	3	5.0	215
2024/05/10	18:51:03	40.56339	141.59896	22	37.0	3	5.1	239
2024/05/10	18:52:02	40.56651	141.60403	-20	33.3	3	5.1	260
2024/05/10	18:53:02	40.56882	141.61081	4	33.3	3	5.2	271
2024/05/10	18:54:01	40.57296	141.61499	-2	37.0	3	5.2	217
2024/05/10	18:55:02	40.57698	141.61933	-42	25.9	3	5.3	299
2024/05/10	18:56:33	40.58221	141.62933	18	40.7	4	1.2	281
2024/05/10	18:57:00	40.58374	141.63249	96	37.0	3	1.3	213
2024/05/10	18:58:00	40.58796	141.63816	-30	40.7	3	2.1	271
2024/05/10	18:59:00	40.59161	141.64406	36	37.0	3	2.1	242
2024/05/10	19:00:00	40.59507	141.64917	-46	33.3	3	2.1	211
2024/05/10	19:01:00	40.59825	141.65494	136	37.0	3	2.1	214
2024/05/10	19:02:00	40.60141	141.65983	6	33.3	3	2.1	239
2024/05/10	19:03:01	40.60406	141.66391	22	25.9	4	1.3	250
2024/05/10	19:04:01	40.60719	141.66885	22	29.6	4	1.3	208
2024/05/10	19:05:00	40.61057	141.67359	22	37.0	3	2.2	244
2024/05/10	19:06:00	40.61447	141.67847	34	37.0	3	2.2	232
2024/05/10	19:07:01	40.61807	141.68434	2	37.0	4	1.3	263
2024/05/10	19:08:00	40.62175	141.68988	48	40.7	3	2.2	259
2024/05/10	19:09:00	40.62685	141.69537	-54	44.4	3	2.2	214
2024/05/10	19:10:00	40.63156	141.70127	20	44.4	3	2.2	241
2024/05/10	19:11:01	40.63574	141.70730	6	29.6	4	1.3	231
2024/05/10	19:12:00	40.63886	141.71332	-42	37.0	3	2.3	183
2024/05/10	19:13:00	40.64217	141.71969	24	40.7	3	2.3	216
2024/05/10	19:14:00	40.64570	141.72620	76	40.7	3	2.3	183
2024/05/10	19:15:01	40.64950	141.73285	50	40.7	4	1.3	260
2024/05/10	19:16:00	40.65299	141.73885	-36	37.0	3	2.3	232
2024/05/10	19:17:00	40.65663	141.74515	-16	44.4	3	2.3	217
2024/05/10	19:18:00	40.66060	141.75196	56	48.2	3	2.3	211
2024/05/10	19:19:00	40.66536	141.75846	14	44.4	3	2.3	183
2024/05/10	19:20:01	40.66960	141.76566	14	40.7	4	1.4	206
2024/05/10	19:21:01	40.67309	141.77273	-70	40.7	3	2.3	264
2024/05/10	19:22:01	40.67721	141.77987	10	44.4	4	1.4	182
2024/05/10	19:23:00	40.68132	141.78647	-80	48.2	3	2.3	212
2024/05/10	19:24:00	40.68577	141.79329	-70	48.2	3	2.4	209
2024/05/10	19:25:01	40.69045	141.80061	-22	40.7	3	2.4	160
2024/05/10	19:26:01	40.69401	141.80692	26	37.0	3	2.4	215
2024/05/10	19:27:01	40.69773	141.81368	2	44.4	3	2.4	262
2024/05/10	19:28:02	40.70048	141.81889	20	37.0	3	9.1	261
2024/05/10	19:29:01	40.70363	141.82452	-16	40.7	3	2.4	214
2024/05/10	19:30:02	40.70768	141.83039	-4	37.0	3	10.4	254
2024/05/10	19:31:01	40.71171	141.83650	-4	40.7	3	2.4	216
2024/05/10	19:32:01	40.71620	141.84309	-16	40.7	3	2.4	216
2024/05/10	19:33:01	40.71843	141.85045	32	37.0	3	2.4	261
2024/05/10	19:34:01	40.72147	141.85719	-36	44.4	3	2.4	189
2024/05/10	19:35:01	40.72478	141.86429	26	40.7	4	2.1	216
2024/05/10	19:36:01	40.72789	141.87057	28	14.8	4	2.1	232
2024/05/10	19:37:01	40.72973	141.87713	30	37.0	4	2.1	240
2024/05/10	19:38:02	40.73205	141.88362	18	33.3	4	2.1	260
2024/05/10	19:39:00	40.73391	141.89041	46	37.0	3	2.4	243
2024/05/10	19:40:00	40.73578	141.89691	34	33.3	3	2.4	229
2024/05/10	19:41:00	40.73819	141.90353	0	48.2	3	2.4	208
2024/05/10	19:42:01	40.74032	141.91099	44	37.0	3	2.4	266
2024/05/10	19:43:01	40.74340	141.91734	8	37.0	4	2.2	285
2024/05/10	19:44:00	40.74458	141.92440	46	37.0	3	2.4	239
2024/05/10	19:45:01	40.74557	141.93109	2	29.6	4	2.2	233
2024/05/10	19:46:00	40.74690	141.93745	-34	33.3	3	2.4	153
2024/05/10	19:47:00	40.74797	141.94514	32	40.7	3	2.4	210
2024/05/10	19:48:00	40.74955	141.95218	0	37.0	3	2.4	185
2024/05/10	19:49:00	40.75126	141.95937	-10	37.0	3	2.4	208
2024/05/10	19:50:00	40.75420	141.96619	32	37.0	3	2.4	237
2024/05/10	19:51:01	40.75742	141.97299	38	37.0	3	2.4	212
2024/05/10	19:52:01	40.75885	141.97886	6	33.3	3	2.4	210
2024/05/10	19:53:01	40.76330	141.98491	24	40.7	3	2.4	270
2024/05/10	19:54:01	40.76780	141.99025	-14	37.0	3	2.4	292
2024/05/10	19:55:01	40.77102	141.99636	18	44.4	4	2.3	288
2024/05/10	19:56:01	40.77746	141.99765	28	37.0	4	2.4	287
2024/05/10	19:57:00	40.78334	142.00149	-36	40.7	3	2.4	268
2024/05/10	19:58:01	40.78829	142.00671	14	40.7	3	3.0	265
2024/05/10	19:59:01	40.79372	142.01155	20	40.7	3	3.0	269
2024/05/10	20:00:33	40.79922	142.01860	4	44.4	4	1.1	262
2024/05/10	20:01:00	40.80176	142.02061	14	44.4	3	1.2	296
2024/05/10	20:02:00	40.80818	142.02485	84	48.2	3	1.4	279
2024/05/10	20:03:01	40.81426	142.02860	16	44.4	4	1.1	268
2024/05/10	20:04:00	40.81927	142.03400	10	44.4	4	1.1	277
2024/05/10	20:05:01	40.82500	142.03881	12	44.4	3	1.2	267
2024/05/10	20:06:01	40.82705	142.04587	6	40.7	3	2.0	274
2024/05/10	20:07:00	40.83374	142.04908	32	44.4	4	1.1	313
2024/05/10	20:08:01	40.83968	142.05436	12	40.7	4	1.1	299
2024/05/10	20:09:01	40.84301	142.06034	6	40.7	4	1.1	297
2024/05/10	20:10:02	40.84656	142.06737	2	37.0	4	1.1	302
2024/05/10	20:11:01	40.84889	142.07364	2	37.0	3	3.0	293
2024/05/10	20:12:00	40.85148	142.07862	-4	40.7	3	1.4	313
2024/05/10	20:13:01	40.85288	142.08374	6	33.3	3	2.4	262
2024/05/10	20:14:00	40.85438	142.08733	-32	40.7	3	2.4	297
2024/05/10	20:15:00	40.85857	142.09410	26	40.7	3	1.4	244
2024/05/10	20:16:03	40.86496	142.09735	10	40.7	3	1.2	295
2024/05/10	20:17:01	40.86846	142.09116	16	48.2	4	1.1	300
2024/05/10	20:18:03	40.87098	142.08371	20	37.0	4	1.1	301
2024/05/10	20:19:01	40.87267	142.07658	6	37.0	3	1.4	300
2024/05/10	20:20:01	40.87332	142.06878	20	37.0	4	1.1	301
2024/05/10	20:21:00	40.87623	142.06148	12	40.7	3	1.2	327
2024/05/10	20:22:00	40.87748	142.05350	8	40.7	3	1.2	299
2024/05/10	20:23:00	40.87610	142.04833	12	25.9	3	1.4	278
2024/05/10	20:24:01	40.87517	142.04693	-22	25.9	3	2.2	298
2024/05/10	20:25:00	40.87378	142.04587	12	29.6	3	1.4	301
2024/05/10	20:26:02	40.87312	142.03927	4	29.6	3	1.4	301
2024/05/10	20:27:02	40.87171	142.03678	34	22.2	3	1.4	306
2024/05/10	20:28:01	40.87049	142.03095	10	33.3	3	1.4	301
2024/05/10	20:29:03	40.86933	142.02470	16	33.3	3	1.4	305
2024/05/10	20:30:01	40.86854	142.01895	14	22.2	3	1.4	310
2024/05/10	20:31:01	40.86714	142.02265	8	3.7	3	1.4	308
2024/05/10	20:32:02	40.86670	142.02269	12	0.0	3	1.4	275
2024/05/10	20:33:03	40.86635	142.02283	12	0.0	3	1.4	273
2024/05/10	20:34:02	40.86588	142.02286	-8	0.0	3	1.4	272
2024/05/10	20:35:02	40.86565	142.02285	14	0.0	3	1.4	278
2024/05/10	20:36:02	40.86536	142.02281	2	0.0	3	1.4	268
2024/05/10	20:37:02	40.86518	142.02281	6	0.0	3	1.4	270
2024/05/10	20:38:01	40.86453	142.02265	-24	3.7	3	1.4	281
2024/05/10	20:39:01	40.86412	142.02264	-34	0.0	3	1.4	273
2024/05/10	20:40:03	40.86456	142.02130	12	29.6	3	2.0	266
2024/05/10	20:41:03	40.86550	142.01749	-2	0.0	3	2.0	298
2024/05/10	20:42:04	40.86511	142.01744	-4	0.0	3	2.0	295
2024/05/10	20:43:02	40.86451	142.01608	6	29.6	3	2.0	300
2024/05/10	20:44:01	40.86495	142.01020	-6	18.5	3	2.0	273
2024/05/10	20:45:01	40.86579	142.01479	24	40.7	3	2.0	277
2024/05/10	20:46:01	40.86835	142.02016	-10	18.5	3	2.0	296
2024/05/10	20:47:03	40.86726	142.01479	24	22.2	3	2.0	296
2024/05/10	20:48:01	40.86615	142.01836	-0	14.8	3	2.1	275
2024/05/10	20:49:01	40.86598	142.02403	-0	29.6	3	2.1	272
2024/05/10	20:50:02	40.86382	142.02645	-6	22.2	3	2.1	302
2024/05/10	20:51:01	40.86109	142.02908	6	22.2	3	2.1	295
2024/05/10	20:52:02	40.86012	142.02558	14	14.8	3	2.2	277
2024/05/10	20:53:03	40.85935	142.02581	2	0.0	3	2.2	283
2024/05/10	20:54:03	40.85904	142.02591	8	0.0	3	2.2	268
2024/05/10	20:55:02	40.85891	142.02593	10	3.7	2	2.0	287
2024/05/10	20:56:03	40.85834	142.02598	-0	0.0	3	2.3	286
2024/05/10	20:57:03	40.85783	142.02531	4	0.0	3	2.3	279
2024/05/10	20:58:01	40.85760	142.02530	-4	0.0	3	2.4	249
2024/05/10	20:59:02	40.85725	142.02545	34	0.0	3	2.4	294
2024/05/10	21:00:02	40.85669	142.02551	-8	0.0	3	3.0	298
2024/05/10	21:01:02	40.85636	142.02553	-12	0.0	3	3.1	292
2024/05/10	21:02:02	40.85679	142.02448	34	14.8	2	4.1	288
2024/05/10	21:03:02	40.85531	142.02739	-26	25.9	3	3.2	301
2024/05/10	21:04:02	40.85571	142.02676	66	25.9	3	3.3	301
2024/05/10	21:05:03	40.85509	142.02644	12	0.0	3	3.4	292
2024/05/10	21:06:03	40.85551	142.03146	10	29.6	3	4.0	291
2024/05/10	21:07:03	40.85945	142.03706	22	40.7	3	4.2	295
2024/05/10	21:08:02	40.86394	142.04286	-2	37.0	3	4.3	300
2024/05/10	21:09:04	40.86831	142.04895	30	37.0	3	5.0	295
2024/05/10	21:10:02	40.86758	142.05184	-54	29.6	3	5.2	308
2024/05/10	21:11:02	40.86466	142.04990	-58	22.2	2	3.2	308
2024/05/10	21:12:03	40.86249	142.04863	12	14.8	3	6.3	300
2024/05/10	21:13:02	40.86597	142.04305	30	40.7	3	7.2	296
2024/05/10	21:14:04	40.87017	142.03651	-6	37.0	3	8.2	297
2024/05/10	21:15:03	40.87356	142.02973	132	40.7	3	9.4	296
2024/05/10	21:16:02	40.87748	142.02295	210	37.0	3	11.4	302
2024/05/10	21:17:04	40.88006	142.01948	14	51.9	3	14.4	299
2024/05/10	21:18:33	40.88268	142.00920	16	37.0	5	0.4	292
2024/05/10	21:19:01	40.88342	142.00578	30	37.0	3	1.3	302
2024/05/10	21:20:01	40.88464	141.99813	22	37.0	5	0.4	293
2024/05/10	21:21:00	40.88562	141.99076	22	37.0	3	1.3	304
2024/05/10	21:22:01	40.88642	141.98331	54	37.0	3	1.3	294
2024/05/10	21:23:01	40.88762	141.97561	18	40.7	4	0.4	293
2024/05/10	21:24:00	40.88809	141.96847	20	29.6	3	1.3	296
2024/05/10	21:25:00	40.88560	141.96302	0	29.6	4	1.2	269
2024/05/10	21:26:01	40.88440	141.95639	20	29.6	3	1.2	273
2024/05/10	21:27:00	40.88275	141.95047	44	22.2	3	1.3	302
2024/05/10	21:28:00	40.88030	141.95175	28	22.2	3	1.3	267
2024/05/10	21:29:00	40.87768	141.95467	58	22.2	3	1.3	332
2024/05/10	21:30:01	40.87490	141.95836	2	25.9	4	1.2	298
2024/05/10	21:31:00	40.87235	141.96161	22	25.9	3	1.3	240
2024/05/10	21:32:00	40.86958	141.96117	6	22.2	3	1.3	295
2024/05/10	21:33:00	40.86731	141.95645	32	22.2	3	1.3	276
2024/05/10	21:34:01	40.86482	141.95893	14	18.5	3	1.3	299
2024/05/10	21:35:01	40.86343	141.95464	6	33.3	4	1.1	287
2024/05/10	21:36:01	40.86231	141.94853	2	29.6	3	2.4	264
2024/05/10	21:37:00	40.86261	141.94172	8	33.3	3	2.4	296
2024/05/10	21:38:01	40.86109	141.94039	36	22.2	4	1.1	301
2024/05/10	21:39:01	40.86089	141.93412	10	29.6	3	1.2	290
2024/05/10	21:40:01	40.86047	141.92845	20	37.0	4	1.0	295
2024/05/10	21:41:01	40.86109	141.92165	26	37.0	4	1.1	288
2024/05/10	21:42:01	40.86158	141.91523	28	33.3	3	1.3	291
2024/05/10	21:43:01	40.86517	141.90824	8	55.6	3	1.0	304
2024/05/10	21:44:02	40.87114	141.91254	14	14.8	3	1.2	292
2024/05/10	21:45:01	40.87388	141.90896	30	48.2	3	1.2	293
2024/05/10	21:46:01	40.88005	141.90525	18	51.9	4	1.1	302
2024/05/10	21:47:02	40.88271	141.90704	-4	33.3	4	1.0	297
2024/05/10	21:48:01	40.88585	141.90001	34	48.2	3	1.2	274
2024/05/10	21:49:01	40.89081	141.89212	22	51.9	3	1.0	264
2024/05/10	21:50:01	40.89604	141.88658	38	44.4	4	1.1	296
2024/05/10	21:51:01	40.90050	141.89266	26	37.0	3	1.2	289
2024/05/10	21:52:01	40.90305	141.89953	2	33.3	3	1.2	288
2024/05/10	21:53:01	40.90707	141.90336	-2	37.0	4	1.0	296
2024/05/10	21:54:00	40.90786	141.90150	-0	18.5	3	2.3	293
2024/05/10	21:55:02	40.90751	141.90455	30	18.5	4	1.0	308
2024/05/10	21:56:01	40.90728	141.89958	22	29.6	4	1.0	294
2024/05/10	21:57:00	40.90849	141.89277	34	22.2	3	2.3	300
2024/05/10	21:58:02	40.90630	141.89280	-8	18.5	4	1.0	302
2024/05/10	21:59:01	40.90359	141.89441	20	22.2	3	1.0	298
2024/05/10	22:00:02	40.90343	141.89444	-2	0.0	4	1.0	301
2024/05/10	22:01:02	40.90172	141.89320	-8	7.4	4	1.0	303
2024/05/10	22:02:02	40.90128	141.89335	-4	0.0	4	1.0	282
2024/05/10	22:03:02	40.90116	141.89342	18	0.0	3	1.0	294
2024/05/10	22:04:02	40.90106	141.89358	-16	0.0	4	1.0	291
2024/05/10	22:05:04	40.90092	141.89379	-16	0.0	4	1.0	253
2024/05/10	22:06:02	40.90086	141.89382	26	0.0	4	1.0	299
2024/05/10	22:07:02	40.90070	141.89398	-12	3.7	3	1.1	293
2024/05/10	22:08:02	40.90054	141.89421	-8	0.0	3	1.0	263
2024/05/10	22:09:01	40.90048	141.89430	2	0.0	3	1.0	294
2024/05/10	22:10:05	40.90029	141.89434	-12	0.0	3	1.0	274
2024/05/10	22:11:02	40.90018	141.89441	-0	0.0	4	1.0	288
2024/05/10	22:12:04	40.89999	141.89449	-10	0.0	3	1.0	286
2024/05/10	22:13:03	40.89981	141.89456	-12	0.0	4	1.0	281
2024/05/10	22:14:03	40.89973	141.89462	28	0.0	3	1.0	283
2024/05/10	22:15:01	40.89956	141.89476	8	0.0	4	1.0	274
2024/05/10	22:16:01	40.89943	141.89482	12	0.0	3	1.0	285
2024/05/10	22:17:03	40.89929	141.89503	-20	0.0	3	1.0	294
2024/05/10	22:18:07	40.89911	141.89514	-26	0.0	3	1.0	281
2024/05/10	22:19:07	40.89895	141.89519	-6	0.0	3	1.0	294
2024/05/10	22:20:02	40.89877	141.89519	-8	0.0	2	1.1	284
2024/05/10	22:21:02	40.89859	141.89530	-24	0.0	3	1.0	296
2024/05/10	22:22:04	40.89845	141.89539	-22	0.0	3	1.0	296
2024/05/10	22:23:01	40.89822	141.89551	-22	0.0	2	1.1	291
2024/05/10	22:24:12	40.89805	141.89550	-26	0.0	3	1.0	292
2024/05/10	22:25:06	40.89793	141.89556	-36	0.0	3	1.0	296
2024/05/10	22:26:10	40.89775	141.89557	6	0.0	3	1.0	255
2024/05/10	22:27:07	40.89757	141.89568	-22	0.0	3	1.0	293
2024/05/10	22:28:03	40.89741	141.89569	10	0.0	3	1.0	289
2024/05/10	22:29:01	40.89557	141.89470	-24	18.5	2	1.2	257
2024/05/10	22:30:04	40.89267	141.88949	38	33.3	3	1.0	253
2024/05/10	22:31:02	40.89168	141.88739	-16	25.9	3	1.0	286
2024/05/10	22:32:01	40.88984	141.88195	-10	33.3	1	2.4	289
2024/05/10	22:33:01	40.88728	141.87561	8	33.3	2	2.4	295
2024/05/10	22:34:03	40.88417	141.86988	-46	29.6	3	1.0	296
2024/05/10	22:35:01	40.88161	141.86483	-42	33.3	2	2.4	293
2024/05/10	22:36:01	40.87902	141.85957	0	33.3	2	3.0	292
2024/05/10	22:37:03	40.87490	141.85425	-14	37.0	3	1.0	292
2024/05/10	22:38:02	40.87225	141.84897	-8	33.3	2	2.4	285
2024/05/10	22:39:02	40.87024	141.84291	28	29.6	3	1.0	298
2024/05/10	22:40:01	40.86831	141.83784	44	22.2	3	1.0	294
2024/05/10	22:41:03	40.86491	141.83809	28	22.2	3	1.0	297
2024/05/10	22:42:02	40.86247	141.83494	74	29.6	2	3.1	291
2024/05/10	22:43:02	40.86108	141.82952	28	22.2	3	1.0	295
2024/05/10	22:44:03	40.85922	141.82905	22	22.2	3	1.0	298
2024/05/10	22:45:01	40.85842	141.82892	28	29.6	2	3.0	295
2024/05/10	22:46:01	40.85629	141.82423	36	25.9	2	3.0	295
2024/05/10	22:47:02	40.85278	141.82203	-2	22.2	3	1.1	297
2024/05/10	22:48:01	40.84973	141.81917	-4	25.9	2	3.0	285
2024/05/10	22:49:01	40.84734	141.81513	-2	22.2	2	3.0	296
2024/05/10	22:50:02	40.84433	141.81130	-10	29.6	2	3.0	294
2024/05/10	22:51:02	40.84142	141.80695	-20	25.9	2	3.0	290
2024/05/10	22:52:03	40.83805	141.80470	62	25.9	3	1.1	291
2024/05/10	22:53:03	40.83479	141.80257	72	22.2	3	1.1	288
2024/05/10	22:54:02	40.83131	141.80153	84	25.9	2	3.4	299
2024/05/10	22:55:02	40.82778	141.79947	54	22.2	2	3.1	293
2024/05/10	22:56:03	40.82434	141.79755	-18	25.9	3	1.1	288
2024/05/10	22:57:02	40.82107	141.79808	-16	22.2	2	1.2	291
2024/05/10	22:58:09	40.81726	141.79798	-90	25.9	3	1.1	281
2024/05/10	22:59:03	40.81454	141.79445	48	29.6	3	1.1	258
2024/05/10	23:00:01	40.81316	141.78903	82	25.9	2	3.1	323
2024/05/10	23:01:20	40.80990	141.78578	24	29.6	2	3.1	282
2024/05/10	23:02:01	40.80915	141.78429	32	22.2	2	2.2	311
2024/05/10	23:03:33	40.80397	141.78504	2	25.9	5	1.0	279
2024/05/10	23:04:01	40.80231	141.78536	-20	25.9	3	1.1	315
2024/05/10	23:05:01	40.79862	141.78335	26	25.9	3	1.1	323
2024/05/10	23:06:00	40.79484	141.78184	84	25.9	3	1.1	322
2024/05/10	23:07:02	40.79108	141.77965	4	25.9	3	4.0	319
2024/05/10	23:08:02	40.78815	141.77512	2	29.6	3	1.1	307
2024/05/10	23:09:02	40.78521	141.77193	6	33.3	4	1.1	326
2024/05/10	23:10:01	40.78168	141.76846	8	29.6	4	1.1	326
2024/05/10	23:11:01	40.77830	141.76485	16	29.6	2	2.1	310
2024/05/10	23:12:02	40.77529	141.75988	-62	29.6	3	1.2	317
2024/05/10	23:13:03	40.77152	141.75571	-12	33.3	3	1.2	319
2024/05/10	23:14:01	40.76770	141.75195	-16	29.6	2	4.3	301
2024/05/10	23:15:02	40.76366	141.74794	-18	29.6	2	1.1	310
2024/05/10	23:16:03	40.76044	141.74630	6	25.9	5	1.0	288
2024/05/10	23:17:01	40.75709	141.74301	-46	33.3	3	1.2	291
2024/05/10	23:18:01	40.75302	141.73857	24	29.6	3	3.1	291
2024/05/10	23:19:00	40.74878	141.73517	8	33.3	3	1.4	331
2024/05/10	23:20:04	40.74444	141.73018	-18	37.0	3	1.2	299
2024/05/10	23:21:01	40.74029	141.72618	-20	33.3	2	1.2	319
2024/05/10	23:22:02	40.73599	141.72259	-54	29.6	3	3.1	319
2024/05/10	23:23:03	40.73140	141.71951	26	33.3	3	1.2	309
2024/05/10	23:24:03	40.72731	141.71578	36	33.3	3	1.3	305
2024/05/10	23:25:04	40.72304	141.71218	-24	33.3	3	1.3	312
2024/05/10	23:26:04	40.71869	141.70868	-20	33.3	3	1.3	317
2024/05/10	23:27:04	40.71387	141.70543	42	29.6	3	2.1	312
2024/05/10	23:28:03	40.70934	141.70206	32	33.3	3	1.3	319
2024/05/10	23:29:03	40.70472	141.69836	32	37.0	2	2.2	325
2024/05/10	23:30:09	40.70048	141.69366	-54	33.3	3	2.1	275
2024/05/10	23:31:06	40.69712	141.68819	8	29.6	3	2.1	306
2024/05/10	23:32:07	40.69331	141.68336	-10	37.0	3	2.1	305
2024/05/10	23:33:07	40.68848	141.67868	-0	33.3	3	2.1	306
2024/05/10	23:34:07	40.68354	141.67471	-2	33.3	3	2.1	297
2024/05/10	23:35:02	40.67886	141.67134	4	37.0	3	2.1	292
2024/05/10	23:36:03	40.67340	141.66792	14	37.0	2	2.2	329
2024/05/10	23:37:06	40.66768	141.66484	10	40.7	3	2.1	311
2024/05/10	23:38:04	40.66272	141.66085	-8	40.7	3	2.1	325
2024/05/10	23:39:34	40.65592	141.65313	-14	37.0	4	1.2	285
2024/05/10	23:40:01	40.65368	141.65112	-16	44.4	2	1.2	307
2024/05/10	23:41:01	40.64886	141.64567	-36	44.4	3	2.1	318
2024/05/10	23:42:00	40.64388	141.64077	-78	40.7	4	1.3	333
2024/05/10	23:43:00	40.63880	141.63662	-54	40.7	3	2.2	299
2024/05/10	23:44:00	40.63405	141.63259	-84	37.0	3	2.3	332
2024/05/10	23:45:01	40.62889	141.62920	60	37.0	3	3.0	328
2024/05/10	23:46:01	40.62394	141.62505	52	37.0	4	1.4	325
2024/05/10	23:47:02	40.61868	141.62141	-94	37.0	3	3.4	322
2024/05/10	23:48:02	40.61333	141.61774	-44	40.7	4	2.0	328
2024/05/10	23:49:04	40.60788	141.61437	-42	37.0	4	2.0	286
2024/05/10	23:50:01	40.60281	141.61175	80	37.0	4	2.0	301
2024/05/10	23:51:02	40.59786	141.60740	20	40.7	4	2.1	336
2024/05/10	23:52:04	40.59243	141.60221	-0	44.4	4	2.1	286
2024/05/10	23:53:07	40.58779	141.59555	-40	37.0	4	2.2	276
2024/05/10	23:54:08	40.58416	141.58811	-60	44.4	4	2.2	297
2024/05/10	23:55:00	40.57995	141.58316	6	37.0	4	2.2	341
2024/05/10	23:56:03	40.57463	141.57845	-2	40.7	4	2.2	328
2024/05/10	23:57:01	40.57043	141.57278	164	40.7	4	2.2	327
2024/05/10	23:58:04	40.56606	141.56544	38	44.4	4	2.2	324
2024/05/10	23:59:01	40.56083	141.56039	114	44.4	4	2.2	323
2024/05/11	00:00:02	40.55579	141.55522	50	40.7	3	4.2	335
2024/05/11	00:01:01	40.55083	141.54992	16	37.0	4	2.1	334
2024/05/11	00:02:04	40.55040	141.54975	10	0.0	4	2.1	310
2024/05/11	00:03:01	40.55015	141.54966	-38	0.0	4	2.1	333
2024/05/11	00:04:00	40.55013	141.54978	-0	0.0	3	2.2	288
2024/05/11	00:05:01	40.55014	141.54982	24	0.0	4	2.0	301
2024/05/11	00:06:02	40.55040	141.54989	48	3.7	3	2.4	285
2024/05/11	00:07:03	40.55051	141.55006	80	0.0	3	2.2	284
2024/05/11	00:08:01	40.54865	141.54958	26	0.0	3	2.2	327
2024/05/11	00:09:01	40.54837	141.54899	26	0.0	3	2.2	294
2024/05/11	00:10:00	40.54834	141.54903	14	0.0	3	2.2	240
2024/05/11	00:11:02	40.54856	141.54934	14	11.1	2	1.3	261
2024/05/11	00:12:02	40.54853	141.54943	-4	0.0	3	2.2	260
2024/05/11	00:13:01	40.54853	141.54932	-36	0.0	3	2.2	277
2024/05/11	00:14:01	40.54859	141.54927	-40	0.0	2	1.3	267
2024/05/11	00:15:03	40.54872	141.54937	-8	0.0	3	2.2	258
2024/05/11	00:16:01	40.54863	141.54929	-12	0.0	2	1.3	257
2024/05/11	00:17:02	40.54860	141.54935	-22	0.0	3	2.2	240
2024/05/11	00:18:04	40.54854	141.54942	-32	0.0	2	2.4	255
2024/05/11	00:19:05	40.54865	141.54945	36	0.0	3	2.2	268
2024/05/11	00:20:01	40.54865	141.54936	-6	0.0	3	2.2	263
2024/05/11	00:21:01	40.54858	141.54945	42	0.0	3	2.3	266
2024/05/11	00:22:01	40.54848	141.54935	-34	0.0	3	2.3	239
2024/05/11	00:23:03	40.54857	141.54932	-36	0.0	3	2.3	254
2024/05/11	00:24:03	40.54859	141.54939	10	0.0	3	2.3	266
2024/05/11	00:25:04	40.54858	141.54937	-4	0.0	3	2.4	264
2024/05/11	00:26:01	40.54871	141.54936	32	0.0	3	2.4	306
2024/05/11	00:27:03	40.54842	141.54913	-100	0.0	3	2.4	300
2024/05/11	00:28:03	40.54852	141.54937	-36	0.0	3	2.4	287
2024/05/11	00:29:02	40.54848	141.54924	-38	0.0	2	1.4	260
2024/05/11	00:30:02	40.54835	141.54928	-36	0.0	2	1.4	281
2024/05/11	00:31:08	40.54866	141.54962	94	0.0	3	3.1	278
2024/05/11	00:32:03	40.54857	141.54950	94	0.0	2	1.4	289
2024/05/11	00:33:02	40.54902	141.54941	90	0.0	2	2.4	289
2024/05/11	00:34:04	40.54844	141.54931	-56	0.0	3	3.2	264
2024/05/11	00:35:02	40.54866	141.54946	66	0.0	3	3.3	297
2024/05/11	00:36:02	40.54859	141.54941	68	0.0	2	2.0	282
2024/05/11	00:37:04	40.54826	141.54925	-74	0.0	3	4.0	295
2024/05/11	00:38:03	40.54821	141.54923	-92	0.0	3	4.0	293
2024/05/11	00:39:03	40.54778	141.54968	4	0.0	3	4.1	298
2024/05/11	00:40:01	40.54497	141.55414	54	37.0	3	4.2	246
2024/05/11	00:41:04	40.54003	141.55656	-10	0.0	3	4.4	263
2024/05/11	00:42:02	40.54029	141.55667	30	0.0	3	5.0	264
2024/05/11	00:43:02	40.54017	141.55678	-18	0.0	3	5.2	286
2024/05/11	00:44:03	40.54013	141.55691	-34	0.0	3	5.3	289
2024/05/11	00:45:02	40.53964	141.55746	-36	0.0	2	2.2	272
2024/05/11	00:46:02	40.53955	141.55749	-32	0.0	2	2.2	265
2024/05/11	00:47:03	40.53960	141.55749	-32	0.0	2	2.2	265
2024/05/11	00:48:08	40.53991	141.55746	28	3.7	3	7.3	279
2024/05/11	00:49:01	40.53994	141.55746	32	0.0	2	2.3	287
2024/05/11	00:50:02	40.53998	141.55742	30	0.0	2	2.3	223
2024/05/11	00:51:06	40.53983	141.55740	28	0.0	2	2.3	233
2024/05/11	00:52:33	40.53983	141.55720	24	0.0	4	4.0	244
2024/05/11	00:53:02	40.53952	141.55768	-46	0.0	3	6.3	253
2024/05/11	00:54:01	40.53975	141.55731	14	0.0	4	4.1	264
2024/05/11	00:55:02	40.53974	141.55733	12	0.0	4	4.3	261
2024/05/11	00:56:02	40.53960	141.55750	-24	0.0	5	1.4	262
2024/05/11	00:57:01	40.53973	141.55740	-12	0.0	4	5.1	272
2024/05/11	00:58:02	40.53991	141.55696	48	0.0	4	5.3	262
2024/05/11	00:59:01	40.53976	141.55747	-12	0.0	4	6.0	272
2024/05/11	01:00:01	40.53982	141.55726	20	0.0	4	6.2	246
2024/05/11	01:01:01	40.53969	141.55743	-10	0.0	4	7.0	249
2024/05/11	01:02:01	40.53980	141.55737	4	0.0	4	7.3	268
2024/05/11	01:03:02	40.53979	141.55723	28	0.0	4	8.2	265
2024/05/11	01:04:02	40.53959	141.55751	-30	0.0	4	9.1	261
2024/05/11	01:05:02	40.53976	141.55727	14	0.0	4	10.0	237
2024/05/11	01:06:02	40.53939	141.55815	-104	0.0	4	10.3	221
2024/05/11	01:07:03	40.53945	141.55768	-70	0.0	4	11.0	228
2024/05/11	01:08:01	40.53918	141.55818	-128	0.0	4	11.0	221
2024/05/11	01:09:01	40.53966	141.55747	-18	0.0	4	2.4	229
2024/05/11	01:10:02	40.53991	141.55697	48	0.0	4	9.4	221
2024/05/11	01:11:01	40.53976	141.55736	-2	0.0	5	2.0	237
2024/05/11	01:12:05	40.53981	141.55731	20	0.0	5	2.0	231
2024/05/11	01:13:02	40.53960	141.55748	-16	0.0	5	2.0	236
2024/05/11	01:14:02	40.54017	141.55666	122	0.0	4	6.4	233
2024/05/11	01:15:02	40.53971	141.55742	-16	0.0	5	2.0	232
2024/05/11	01:16:01	40.53968	141.55736	-0	0.0	4	5.3	233
2024/05/11	01:17:03	40.53991	141.55691	60	3.7	4	5.1	248
2024/05/11	01:18:01	40.53975	141.55746	-12	0.0	4	4.4	228
2024/05/11	01:19:03	40.53983	141.55730	22	0.0	3	5.4	219
2024/05/11	01:20:02	40.53962	141.55750	-22	0.0	4	4.1	226
2024/05/11	01:21:02	40.53962	141.55748	-20	0.0	5	2.0	257
2024/05/11	01:22:04	40.53965	141.55747	-16	0.0	5	2.0	269
2024/05/11	01:23:01	40.53979	141.55727	14	0.0	5	2.0	252
2024/05/11	01:24:03	40.53926	141.55727	-20	25.9	4	3.2	282
2024/05/11	01:25:00	40.53905	141.55779	4	0.0	4	2.0	236
2024/05/11	01:26:01	40.53908	141.55767	-6	0.0	4	2.0	242
2024/05/11	01:27:04	40.53886	141.55778	-14	0.0	5	1.4	210
2024/05/11	01:28:03	40.53905	141.55757	-0	0.0	4	3.4	209
2024/05/11	01:29:03	40.53915	141.55769	-16	0.0	4	1.4	243
2024/05/11	01:30:02	40.53908	141.55768	0	0.0	5	1.4	238
2024/05/11	01:31:02	40.53886	141.55778	-44	0.0	3	4.3	212
2024/05/11	01:32:02	40.53896	141.55777	-24	0.0	4	1.4	217
2024/05/11	01:33:05	40.53916	141.55770	10	0.0	3	5.1	239
2024/05/11	01:34:02	40.53932	141.55765	28	7.4	3	5.2	209
2024/05/11	01:35:03	40.53901	141.55759	6	0.0	3	2.2	236
2024/05/11	01:36:00	40.53906	141.55755	38	3.7	3	2.1	275
2024/05/11	01:36:59	40.53917	141.55754	28	3.7	3	2.1	220
2024/05/11	01:38:01	40.53914	141.55768	4	0.0	4	1.3	248
2024/05/11	01:39:01	40.53907	141.55775	-8	0.0	5	1.3	263
2024/05/11	01:40:01	40.53919	141.55764	0	0.0	5	1.3	274
2024/05/11	01:41:02	40.53908	141.55772	-24	0.0	4	2.0	267
2024/05/11	01:42:01	40.53913	141.55774	16	0.0	4	1.3	266
2024/05/11	01:43:01	40.53892	141.55793	-20	0.0	4	1.3	215
2024/05/11	01:44:01	40.53900	141.55749	32	0.0	3	2.0	216
2024/05/11	01:45:02	40.53906	141.55774	0	0.0	5	1.3	269
2024/05/11	01:46:00	40.53928	141.55740	56	0.0	3	2.0	241
2024/05/11	01:47:00	40.53907	141.55767	2	0.0	4	1.4	246
2024/05/11	01:48:01	40.53912	141.55765	14	0.0	5	1.3	263
2024/05/11	01:49:01	40.53907	141.55775	-2	0.0	5	1.2	259
2024/05/11	01:50:01	40.53916	141.55775	-12	0.0	5	1.2	205
2024/05/11	01:51:00	40.53927	141.55753	28	0.0	3	1.4	205
2024/05/11	01:52:00	40.53905	141.55774	-4	0.0	5	1.2	238
2024/05/11	01:53:01	40.53906	141.55765	-2	0.0	5	1.2	258
2024/05/11	01:54:03	40.53940	141.55755	4	0.0	4	1.4	254
2024/05/11	01:55:01	40.53912	141.55768	10	0.0	4	1.4	211
2024/05/11	01:56:00	40.53896	141.55774	6	0.0	4	1.4	233
2024/05/11	01:57:00	40.53918	141.55763	-16	0.0	4	1.4	234
2024/05/11	01:58:00	40.53919	141.55748	36	0.0	4	1.4	209
2024/05/11	01:59:01	40.53925	141.55762	2	0.0	4	1.4	239
2024/05/11	02:00:02	40.53902	141.55765	40	0.0	4	1.4	247
2024/05/11	02:01:02	40.53919	141.55763	6	0.0	4	1.4	282
2024/05/11	02:02:01	40.53909	141.55773	0	0.0	4	1.4	276
2024/05/11	02:03:01	40.53908	141.55770	8	0.0	4	1.4	227
2024/05/11	02:04:01	40.53923	141.55762	80	7.4	3	6.3	283
2024/05/11	02:05:01	40.53902	141.55767	14	0.0	4	1.4	205
2024/05/11	02:06:01	40.53898	141.55768	10	0.0	4	1.4	232
2024/05/11	02:07:01	40.53899	141.55773	4	0.0	4	1.4	226
2024/05/11	02:08:01	40.53906	141.55775	2	0.0	4	1.4	234
2024/05/11	02:09:02	40.53910	141.55773	-0	0.0	4	1.4	254
2024/05/11	02:10:00	40.53905	141.55769	-0	0.0	4	1.4	235
2024/05/11	02:11:01	40.53909	141.55754	14	0.0	4	1.4	208
2024/05/11	02:12:01	40.53914	141.55771	-14	0.0	4	2.0	234
2024/05/11	02:13:01	40.53921	141.55771	2	0.0	4	2.0	231
2024/05/11	02:14:00	40.53912	141.55765	4	0.0	4	2.0	236
2024/05/11	02:15:05	40.53890	141.55779	10	0.0	3	8.1	176
2024/05/11	02:16:01	40.53900	141.55774	18	0.0	4	2.0	244
2024/05/11	02:17:01	40.53914	141.55774	-12	0.0	4	2.0	236
2024/05/11	02:18:01	40.53988	141.55749	-92	3.7	3	7.4	238
2024/05/11	02:19:01	40.53892	141.55771	-48	0.0	3	6.1	213
2024/05/11	02:20:02	40.53910	141.55784	-10	3.7	3	6.1	156
2024/05/11	02:21:02	40.53996	141.55795	10	0.0	3	6.0	213
2024/05/11	02:22:04	40.53912	141.55765	8	0.0	4	2.2	238
2024/05/11	02:23:02	40.53837	141.55767	10	0.0	3	6.0	210
2024/05/11	02:24:02	40.53897	141.55765	26	0.0	4	2.2	241
2024/05/11	02:25:01	40.53962	141.55786	-8	0.0	3	5.4	156
2024/05/11	02:26:01	40.53918	141.55763	-16	0.0	4	2.3	243
2024/05/11	02:27:01	40.53911	141.55767	-4	0.0	4	2.3	241
2024/05/11	02:28:01	40.53922	141.55771	2	0.0	3	5.4	244
2024/05/11	02:29:01	40.53912	141.55772	-8	0.0	4	2.4	239
2024/05/11	02:30:02	40.53907	141.55763	-0	0.0	3	5.3	238
2024/05/11	02:31:02	40.53909	141.55770	6	0.0	4	3.0	242
2024/05/11	02:32:02	40.53922	141.55766	-22	0.0	4	3.1	212
2024/05/11	02:33:01	40.53917	141.55774	-14	0.0	3	5.3	239
2024/05/11	02:34:02	40.53907	141.55765	14	0.0	4	3.2	246
2024/05/11	02:35:02	40.53920	141.55766	-20	0.0	4	3.2	241
2024/05/11	02:36:02	40.53911	141.55771	-10	0.0	3	5.2	230
2024/05/11	02:37:01	40.53901	141.55768	18	0.0	3	5.2	241
2024/05/11	02:38:02	40.53901	141.55774	0	0.0	3	5.1	232
2024/05/11	02:39:02	40.53909	141.55767	-24	0.0	3	5.1	259
2024/05/11	02:40:03	40.53915	141.55765	-0	0.0	3	5.1	262
2024/05/11	02:41:02	40.53925	141.55776	4	0.0	3	5.1	234
2024/05/11	02:42:03	40.53894	141.55765	20	0.0	3	5.0	269
2024/05/11	02:43:02	40.53893	141.55766	-24	0.0	3	5.0	246
2024/05/11	02:44:02	40.53917	141.55764	-6	0.0	3	5.0	238
2024/05/11	02:45:03	40.53914	141.55772	-0	0.0	3	5.0	260
2024/05/11	02:46:02	40.53905	141.55763	-22	0.0	3	5.0	294
2024/05/11	02:47:02	40.53890	141.55765	40	0.0	3	4.4	265
2024/05/11	02:48:01	40.53916	141.55770	0	0.0	3	4.4	218
2024/05/11	02:49:03	40.53907	141.55766	-22	0.0	3	4.4	240
2024/05/11	02:50:02	40.53874	141.55774	60	0.0	3	4.4	215
2024/05/11	02:51:02	40.53910	141.55769	2	0.0	3	4.4	239
2024/05/11	02:52:02	40.53917	141.55773	10	0.0	3	4.4	213
2024/05/11	02:53:02	40.53925	141.55772	-4	0.0	3	4.4	281
2024/05/11	02:54:02	40.53922	141.55772	-34	0.0	3	4.4	212
2024/05/11	02:55:03	40.53881	141.55775	64	0.0	3	4.3	235
2024/05/11	02:56:02	40.53897	141.55773	46	0.0	3	4.3	242
2024/05/11	02:57:02	40.53892	141.55772	40	0.0	3	4.3	239
2024/05/11	02:58:02	40.53919	141.55760	-28	0.0	3	4.3	250
2024/05/11	02:59:02	40.53910	141.55752	-22	0.0	3	4.3	241
2024/05/11	03:00:02	40.53851	141.55783	136	0.0	3	4.3	211
2024/05/11	03:01:02	40.53888	141.55771	54	0.0	3	4.3	243
2024/05/11	03:02:02	40.53941	141.55761	-62	0.0	3	4.3	190
2024/05/11	03:03:05	40.53880	141.55775	66	14.8	3	4.3	221
2024/05/11	03:04:05	40.53890	141.55774	28	3.7	3	4.3	228
2024/05/11	03:05:05	40.53896	141.55766	18	0.0	3	4.3	235
2024/05/11	03:06:02	40.53917	141.55757	-2	0.0	3	4.3	243
2024/05/11	03:07:04	40.53987	141.55431	4	44.4	3	4.3	258
2024/05/11	03:08:05	40.54095	141.54485	-48	44.4	3	4.4	257
2024/05/11	03:09:29	40.54253	141.53262	6	37.0	3	4.4	270
2024/05/11	03:10:05	40.54602	141.52985	-0	37.0	3	4.4	263
2024/05/11	03:11:06	40.54603	141.52114	-0	29.6	3	4.4	263
2024/05/11	03:12:04	40.54604	141.51575	10	0.0	3	4.4	229
2024/05/11	03:13:05	40.54634	141.51536	-60	0.0	3	4.4	227
2024/05/11	03:14:27	40.54610	141.51515	-16	18.5	3	4.4	255
2024/05/11	03:15:03	40.54613	141.51528	-22	0.0	3	4.4	224
2024/05/11	03:16:03	40.54595	141.51432	-14	0.0	3	4.4	206
2024/05/11	03:17:04	40.54600	141.51438	-22	0.0	3	5.0	250
2024/05/11	03:18:03	40.54658	141.51607	-36	0.0	3	5.0	239
2024/05/11	03:19:01	40.54611	141.51652	78	0.0	3	5.0	227
2024/05/11	03:20:02	40.54637	141.51413	-96	0.0	3	5.0	242
2024/05/11	03:21:05	40.54594	141.51327	-16	37.0	3	5.0	244
2024/05/11	03:22:01	40.54553	141.51295	36	37.0	3	5.0	243
2024/05/11	03:23:04	40.54764	141.51461	-100	0.0	3	5.1	257
2024/05/11	03:24:05	40.54767	141.51468	-72	0.0	3	5.1	247
2024/05/11	03:25:03	40.54735	141.51498	32	0.0	3	5.1	245
2024/05/11	03:26:04	40.54716	141.51507	30	0.0	3	5.1	266
2024/05/11	03:27:04	40.54752	141.51443	-128	18.5	3	5.1	210
2024/05/11	03:28:06	40.54761	141.51458	-114	7.4	3	5.2	240
2024/05/11	03:29:07	40.54770	141.51465	-114	0.0	2	2.0	217
2024/05/11	03:30:01	40.54735	141.51495	-2	0.0	3	5.2	260
2024/05/11	03:31:03	40.54701	141.51528	96	0.0	3	5.2	248
2024/05/11	03:32:05	40.54698	141.51522	72	0.0	3	5.2	236
2024/05/11	03:33:05	40.54728	141.51486	-44	0.0	3	5.3	215
2024/05/11	03:34:04	40.54779	141.51442	-136	0.0	3	5.3	222
2024/05/11	03:35:05	40.54735	141.51488	-26	0.0	3	5.3	245
2024/05/11	03:36:07	40.54712	141.51511	32	7.4	3	5.3	243
2024/05/11	03:37:02	40.54734	141.51572	-24	25.9	3	5.4	254
2024/05/11	03:38:02	40.54815	141.52192	6	25.9	3	5.4	224
2024/05/11	03:39:04	40.54901	141.52712	20	33.3	3	5.4	252
2024/05/11	03:40:03	40.55002	141.53268	58	29.6	3	5.4	233
2024/05/11	03:41:03	40.55180	141.53752	28	25.9	3	6.0	254
2024/05/11	03:42:03	40.55073	141.54221	-60	33.3	3	6.0	255
2024/05/11	03:43:04	40.55044	141.54765	-56	25.9	3	6.0	255
2024/05/11	03:44:11	40.55043	141.54959	-14	0.0	3	6.0	257
2024/05/11	03:45:09	40.55064	141.54942	-38	22.2	3	6.0	237
2024/05/11	03:46:12	40.55074	141.54930	-48	3.7	3	6.1	240
2024/05/11	03:47:03	40.54997	141.55021	102	0.0	3	6.1	262
2024/05/11	03:48:02	40.55038	141.54975	14	3.7	3	6.1	273
2024/05/11	03:49:04	40.55086	141.54898	-146	0.0	3	6.1	241
2024/05/11	03:50:04	40.55028	141.54982	22	0.0	3	6.2	240
2024/05/11	03:51:04	40.55045	141.54960	-36	0.0	3	6.2	250
2024/05/11	03:52:05	40.55048	141.54951	-48	0.0	3	6.2	250
2024/05/11	03:53:03	40.54969	141.54976	-8	22.2	3	6.2	266
2024/05/11	03:54:04	40.54875	141.54911	-78	3.7	3	6.3	259
2024/05/11	03:55:03	40.54875	141.54907	-78	0.0	2	1.4	235
2024/05/11	03:56:04	40.54808	141.55008	124	0.0	3	6.3	264
2024/05/11	03:57:03	40.54847	141.54942	-20	0.0	3	6.4	264
2024/05/11	03:58:05	40.54850	141.54945	-12	0.0	3	6.4	255
2024/05/11	03:59:05	40.54862	141.54923	-56	0.0	3	6.4	253
2024/05/11	04:00:33	40.54839	141.54947	8	0.0	5	1.1	251
2024/05/11	04:01:01	40.54831	141.54953	14	0.0	3	2.3	253
2024/05/11	04:02:01	40.54843	141.54960	-4	0.0	4	2.2	261
2024/05/11	04:03:02	40.54836	141.54940	10	0.0	4	1.4	233
2024/05/11	04:04:02	40.54844	141.54952	14	0.0	3	1.4	215
2024/05/11	04:05:01	40.54831	141.54941	22	0.0	3	2.0	204
2024/05/11	04:06:01	40.54832	141.54948	10	0.0	5	1.1	229
2024/05/11	04:07:02	40.54829	141.54937	20	0.0	5	1.1	261
2024/05/11	04:08:02	40.54837	141.54951	8	0.0	5	1.1	264
2024/05/11	04:09:02	40.54850	141.54946	16	0.0	3	1.2	267
2024/05/11	04:10:02	40.55042	141.54960	6	25.9	4	1.2	237
2024/05/11	04:11:02	40.55034	141.54970	-18	0.0	4	2.2	230
2024/05/11	04:12:02	40.55035	141.54967	-0	0.0	5	1.1	269
2024/05/11	04:13:02	40.55033	141.54960	6	0.0	3	1.4	167
2024/05/11	04:14:01	40.55029	141.54964	-14	0.0	4	1.2	268
2024/05/11	04:15:01	40.55022	141.54967	-22	3.7	4	2.2	211
2024/05/11	04:16:01	40.55029	141.54952	8	0.0	4	2.2	270
2024/05/11	04:17:00	40.55006	141.54950	2	3.7	3	2.4	257
2024/05/11	04:18:02	40.55025	141.54954	8	0.0	4	2.2	253
2024/05/11	04:19:02	40.55024	141.54972	8	0.0	4	2.2	273
2024/05/11	04:20:00	40.55031	141.54963	2	0.0	5	1.1	238
2024/05/11	04:21:01	40.55034	141.54958	10	0.0	5	1.1	275
2024/05/11	04:22:00	40.55031	141.54960	28	0.0	4	2.2	240
2024/05/11	04:23:00	40.55036	141.55010	-52	0.0	4	2.2	233
2024/05/11	04:24:00	40.55024	141.54988	-46	0.0	3	2.4	236
2024/05/11	04:25:00	40.55038	141.54989	-46	0.0	3	2.4	243
2024/05/11	04:26:00	40.55031	141.54983	4	0.0	4	2.2	241
2024/05/11	04:27:02	40.55030	141.54969	-2	0.0	4	2.2	207
2024/05/11	04:28:01	40.55028	141.54932	34	3.7	4	2.3	273
2024/05/11	04:29:00	40.55033	141.54967	40	7.4	4	2.4	179
2024/05/11	04:30:01	40.55030	141.54916	98	0.0	3	2.3	243
2024/05/11	04:31:01	40.55020	141.54943	44	0.0	3	2.3	206
2024/05/11	04:32:01	40.55029	141.54977	4	3.7	4	2.2	248
2024/05/11	04:33:01	40.55038	141.54959	4	0.0	3	2.2	240
2024/05/11	04:34:01	40.55031	141.54969	-4	0.0	3	2.2	236
2024/05/11	04:35:02	40.55027	141.54963	22	0.0	4	2.1	265
2024/05/11	04:36:02	40.55026	141.54976	24	0.0	3	1.4	273
2024/05/11	04:37:02	40.54948	141.55015	10	7.4	4	1.1	264
2024/05/11	04:38:02	40.54948	141.55032	4	0.0	4	1.1	238
2024/05/11	04:39:02	40.54960	141.55006	0	0.0	5	1.2	237
2024/05/11	04:40:02	40.54990	141.54969	22	0.0	3	1.1	254
2024/05/11	04:41:01	40.55012	141.54960	-42	0.0	3	2.3	263
2024/05/11	04:42:02	40.54990	141.54967	4	0.0	3	1.2	237
2024/05/11	04:43:02	40.54995	141.54977	16	0.0	3	1.4	254
2024/05/11	04:44:02	40.54999	141.54969	-0	0.0	4	1.1	246
2024/05/11	04:45:01	40.54996	141.54976	6	0.0	3	1.2	235
2024/05/11	04:46:02	40.54992	141.54970	26	0.0	4	1.1	241
2024/05/11	04:47:01	40.55007	141.54999	-30	0.0	3	2.1	211
2024/05/11	04:48:00	40.55009	141.54972	-22	0.0	3	2.1	184
2024/05/11	04:49:01	40.54990	141.54979	8	0.0	4	1.3	271
2024/05/11	04:50:00	40.55009	141.54983	-26	0.0	3	2.1	185
2024/05/11	04:51:01	40.55001	141.54985	-28	0.0	3	2.1	227
2024/05/11	04:52:01	40.54990	141.54976	2	0.0	3	2.0	263
2024/05/11	04:53:02	40.54986	141.54979	30	0.0	4	1.2	241
2024/05/11	04:54:00	40.55027	141.54966	-2	0.0	4	1.3	267
2024/05/11	04:55:01	40.55035	141.54960	-6	0.0	4	1.4	240
2024/05/11	04:56:02	40.55023	141.54957	22	0.0	4	1.3	228
2024/05/11	04:57:01	40.55022	141.54968	-10	0.0	4	1.4	242
2024/05/11	04:58:02	40.55034	141.54960	2	0.0	4	1.3	228
2024/05/11	04:59:01	40.55028	141.54955	40	0.0	4	1.3	263
2024/05/11	05:00:00	40.55025	141.54966	24	0.0	3	1.4	248
2024/05/11	05:01:01	40.55027	141.54977	8	0.0	3	2.0	241
2024/05/11	05:02:02	40.55027	141.54966	18	0.0	5	1.0	252
2024/05/11	05:03:00	40.55022	141.54947	40	0.0	3	2.0	212
2024/05/11	05:04:02	40.55031	141.54965	-2	0.0	4	1.2	263
2024/05/11	05:05:00	40.55040	141.54948	8	0.0	3	2.1	265
2024/05/11	05:06:01	40.55042	141.54994	-58	0.0	4	1.3	257
2024/05/11	05:07:00	40.55057	141.54987	-66	0.0	4	1.3	286
2024/05/11	05:08:00	40.55033	141.54978	12	0.0	4	1.3	271
2024/05/11	05:09:03	40.55028	141.54953	16	0.0	4	1.2	234
2024/05/11	05:10:00	40.55004	141.55018	56	0.0	3	2.1	273
2024/05/11	05:11:01	40.54959	141.54971	16	14.8	5	1.0	261
2024/05/11	05:12:01	40.54844	141.54992	14	37.0	4	2.0	267
2024/05/11	05:13:03	40.55025	141.54947	-10	0.0	3	4.2	146
2024/05/11	05:14:02	40.55025	141.54934	-0	0.0	3	11.4	146
2024/05/11	05:15:02	40.54996	141.54877	68	0.0	3	11.3	150
2024/05/11	05:16:03	40.55005	141.54921	38	0.0	3	11.2	142
2024/05/11	05:17:03	40.55013	141.54942	-4	0.0	3	11.1	149
2024/05/11	05:18:02	40.54985	141.54897	48	0.0	3	11.0	154
2024/05/11	05:19:03	40.55006	141.54963	-20	0.0	3	10.3	172
2024/05/11	05:20:03	40.54983	141.54909	30	0.0	3	10.2	148
2024/05/11	05:21:03	40.55002	141.54993	-52	0.0	3	10.1	176
2024/05/11	05:22:03	40.54991	141.54957	-34	0.0	3	10.0	151
2024/05/11	05:23:03	40.54973	141.54903	28	11.1	2	10.0	117
2024/05/11	05:24:03	40.54940	141.54867	82	0.0	3	9.3	173
2024/05/11	05:25:03	40.54953	141.54928	28	3.7	3	9.2	165
2024/05/11	05:26:02	40.54924	141.54888	58	18.5	2	9.2	175
2024/05/11	05:27:20	40.54937	141.54921	16	0.0	3	8.2	229
2024/05/11	05:28:02	40.55045	141.54964	-14	0.0	5	1.0	256
2024/05/11	05:29:02	40.55052	141.54987	-28	0.0	3	8.2	260
2024/05/11	05:30:02	40.55024	141.54963	28	0.0	2	2.0	181
2024/05/11	05:31:02	40.55046	141.54961	-2	0.0	4	1.2	267
2024/05/11	05:32:01	40.55056	141.54958	-10	0.0	5	1.1	293
2024/05/11	05:33:02	40.55046	141.54951	0	0.0	4	1.3	271
2024/05/11	05:34:00	40.55051	141.54959	-24	0.0	4	1.3	291
2024/05/11	05:35:02	40.55032	141.54963	-0	0.0	3	1.2	205
2024/05/11	05:36:03	40.54978	141.54946	-56	0.0	2	8.4	159
2024/05/11	05:37:04	40.55009	141.54951	-26	0.0	2	9.1	146
2024/05/11	05:38:02	40.55039	141.54952	12	0.0	4	1.2	266
2024/05/11	05:39:01	40.55053	141.54960	-10	0.0	4	1.2	268
2024/05/11	05:40:02	40.55039	141.54951	12	0.0	4	1.2	269
2024/05/11	05:41:00	40.55050	141.54943	-24	0.0	4	1.2	271
2024/05/11	05:42:01	40.54893	141.54966	4	25.9	4	1.1	237
2024/05/11	05:43:03	40.55257	141.54991	-4	37.0	4	1.1	268
2024/05/11	05:44:02	40.55306	141.55068	-4	29.6	5	1.1	271
2024/05/11	05:45:03	40.54990	141.54937	6	0.0	4	1.1	258
2024/05/11	05:46:01	40.54949	141.54931	10	25.9	4	1.2	241
2024/05/11	05:47:02	40.54868	141.54905	24	0.0	3	6.0	172
2024/05/11	05:48:03	40.54867	141.54927	18	0.0	3	5.4	185
2024/05/11	05:49:03	40.54888	141.54961	-18	0.0	1	14.1	172
2024/05/11	05:50:03	40.54804	141.54958	-52	0.0	1	13.4	170
2024/05/11	05:51:03	40.54792	141.54974	-42	0.0	1	13.2	174
2024/05/11	05:52:03	40.54807	141.55043	-78	18.5	2	10.3	155
2024/05/11	05:53:04	40.54774	141.54945	-18	0.0	3	5.2	159
2024/05/11	05:54:03	40.54759	141.54946	30	0.0	1	8.1	161
2024/05/11	05:55:02	40.54762	141.54911	46	3.7	1	8.0	163
2024/05/11	05:56:03	40.54786	141.55038	-2	0.0	1	8.1	142
2024/05/11	05:57:03	40.54777	141.54909	10	0.0	1	11.3	164
2024/05/11	05:58:04	40.54767	141.54907	36	3.7	1	11.2	168
2024/05/11	05:59:02	40.54807	141.55054	-84	0.0	1	11.1	139
2024/05/11	06:00:09	40.54775	141.54922	10	22.2	3	12.2	167
2024/05/11	06:01:05	40.54811	141.55056	-62	7.4	3	12.0	174
2024/05/11	06:02:08	40.54764	141.54926	-2	0.0	3	11.4	168
2024/05/11	06:03:03	40.54748	141.54963	-0	7.4	5	1.2	260
2024/05/11	06:04:04	40.55045	141.54968	10	0.0	3	5.0	265
2024/05/11	06:05:02	40.54991	141.54889	-178	0.0	3	4.2	239
2024/05/11	06:06:03	40.54990	141.54959	12	7.4	4	2.1	257
2024/05/11	06:07:05	40.54668	141.55016	-30	0.0	3	5.1	261
2024/05/11	06:08:02	40.54669	141.55010	4	0.0	3	5.2	234
2024/05/11	06:09:03	40.54651	141.55003	-48	0.0	4	4.0	268
2024/05/11	06:10:03	40.54658	141.55000	-66	0.0	4	3.4	267
2024/05/11	06:11:02	40.54649	141.54995	-90	0.0	2	23.0	235
2024/05/11	06:12:05	40.54666	141.55026	2	0.0	4	3.3	247
2024/05/11	06:13:02	40.54655	141.55047	32	0.0	3	3.4	208
2024/05/11	06:14:03	40.54654	141.55003	-66	0.0	3	3.4	250
2024/05/11	06:15:02	40.54635	141.54990	-148	0.0	3	3.4	205
2024/05/11	06:16:06	40.54654	141.55028	-42	0.0	3	3.4	230
2024/05/11	06:17:04	40.54667	141.55047	14	0.0	3	3.4	206
2024/05/11	06:18:04	40.54674	141.55038	20	0.0	4	3.0	260
2024/05/11	06:19:02	40.54663	141.55013	-2	0.0	3	7.1	182
2024/05/11	06:20:02	40.54649	141.55034	-4	0.0	4	3.0	179
2024/05/11	06:21:03	40.54662	141.55019	-12	0.0	3	3.4	197
2024/05/11	06:22:02	40.54666	141.55016	-82	0.0	3	3.4	177
2024/05/11	06:23:02	40.54654	141.55005	-136	3.7	3	3.4	203
2024/05/11	06:24:03	40.54667	141.55062	56	0.0	3	3.4	203
2024/05/11	06:25:03	40.54663	141.55034	-2	0.0	3	3.4	158
2024/05/11	06:26:02	40.54731	141.54952	-36	29.6	4	2.4	244
2024/05/11	06:27:03	40.55239	141.54816	4	33.3	4	2.3	266
2024/05/11	06:28:03	40.55478	141.54948	-30	11.1	3	4.0	177
2024/05/11	06:29:05	40.55384	141.55034	-22	0.0	4	2.3	234
2024/05/11	06:30:04	40.55227	141.55017	12	11.1	4	2.3	265
2024/05/11	06:31:04	40.55033	141.54974	28	0.0	4	2.3	266
2024/05/11	06:32:03	40.55033	141.54949	-30	0.0	4	2.3	279
2024/05/11	06:33:02	40.55033	141.54966	-2	0.0	4	2.3	272
2024/05/11	06:34:02	40.55034	141.55002	64	0.0	3	4.3	244
2024/05/11	06:35:02	40.55033	141.54950	-34	0.0	4	2.4	208
2024/05/11	06:36:02	40.54976	141.54995	20	29.6	4	2.4	246
2024/05/11	06:43:07	40.55018	141.54956	-28	0.0	3	4.1	181
2024/05/11	06:44:01	40.55042	141.54965	4	0.0	4	1.2	270
2024/05/11	06:45:01	40.55041	141.54942	-8	0.0	4	1.2	272
2024/05/11	06:46:01	40.55039	141.54958	2	0.0	5	1.1	273
2024/05/11	06:47:00	40.55055	141.54956	-6	0.0	4	1.2	239
2024/05/11	06:48:03	40.55044	141.54974	-0	0.0	3	4.0	239
2024/05/11	06:49:02	40.55044	141.54958	-16	0.0	4	1.2	273
2024/05/11	06:50:02	40.55043	141.54960	8	0.0	5	1.1	269
2024/05/11	06:51:01	40.55039	141.54959	-36	0.0	4	1.2	265
2024/05/11	06:52:02	40.55042	141.54966	2	0.0	4	1.4	182
2024/05/11	06:53:09	40.55034	141.54964	-12	14.8	4	1.4	194
2024/05/11	06:54:24	40.55042	141.54966	-6	0.0	4	1.4	204
2024/05/11	06:55:28	40.55029	141.54966	-12	0.0	4	1.4	206
2024/05/11	06:56:03	40.55028	141.54966	-22	0.0	4	1.4	219
2024/05/11	06:57:02	40.55060	141.55022	-74	0.0	3	3.3	243
2024/05/11	06:58:02	40.55036	141.54976	-4	0.0	4	1.2	243
2024/05/11	06:59:02	40.55061	141.55005	-12	22.2	4	1.2	257
2024/05/11	07:00:01	40.55481	141.55345	14	37.0	5	1.1	246
2024/05/11	07:01:02	40.55816	141.55740	0	25.9	4	1.2	240
2024/05/11	07:02:02	40.55867	141.55535	8	40.7	3	3.3	237
2024/05/11	07:03:01	40.55429	141.55076	-26	40.7	4	1.2	240
2024/05/11	07:04:02	40.55044	141.54971	22	0.0	4	1.2	259
2024/05/11	07:05:02	40.55036	141.54968	-10	0.0	4	1.3	288
2024/05/11	07:06:01	40.54945	141.54963	8	37.0	4	1.2	290
2024/05/11	07:07:01	40.54764	141.54958	-6	18.5	5	1.2	261
2024/05/11	07:08:01	40.54921	141.54646	-10	0.0	4	1.2	238
2024/05/11	07:09:01	40.54910	141.54648	-20	0.0	4	1.2	235
2024/05/11	07:10:02	40.54917	141.54641	-10	0.0	4	1.2	183
2024/05/11	07:11:02	40.54915	141.54643	-16	0.0	4	1.2	234
2024/05/11	07:12:03	40.54920	141.54645	-8	0.0	5	1.2	270
2024/05/11	07:13:02	40.54921	141.54637	-4	0.0	4	1.2	242
2024/05/11	07:14:02	40.54923	141.54636	-8	0.0	4	1.2	231
2024/05/11	07:15:02	40.54919	141.54652	-0	0.0	4	1.2	229
2024/05/11	07:16:01	40.54915	141.54642	-0	0.0	4	1.2	265
2024/05/11	07:17:01	40.54917	141.54647	38	0.0	4	1.2	214
2024/05/11	07:18:02	40.55041	141.54954	0	0.0	4	1.2	272
2024/05/11	07:19:02	40.55043	141.54967	0	0.0	4	1.2	271
2024/05/11	07:20:01	40.55050	141.54946	-2	0.0	3	1.3	260
2024/05/11	07:21:02	40.55046	141.54973	10	0.0	4	1.2	268
2024/05/11	07:22:01	40.55032	141.54964	-32	0.0	3	1.3	270
2024/05/11	07:23:02	40.55044	141.54960	6	0.0	3	1.3	261
2024/05/11	07:24:01	40.55039	141.54956	8	0.0	3	1.3	268
2024/05/11	07:25:03	40.55038	141.54967	8	0.0	4	1.3	273
2024/05/11	07:26:00	40.55040	141.54941	-14	0.0	3	1.4	267
2024/05/11	07:27:02	40.55038	141.54974	-22	0.0	3	1.4	195
2024/05/11	07:28:01	40.55040	141.54972	-20	0.0	3	1.4	182
2024/05/11	07:29:01	40.55041	141.54961	-6	0.0	3	1.4	207
2024/05/11	07:30:11	40.55034	141.54968	-2	0.0	3	1.4	177
2024/05/11	07:36:46	40.55037	141.54974	-0	0.0	4	1.3	304
2024/05/11	07:37:01	40.55036	141.54972	-0	0.0	4	1.3	312
2024/05/11	07:38:01	40.55038	141.54977	-12	0.0	4	1.4	278
2024/05/11	07:39:01	40.55044	141.54963	0	0.0	4	1.4	302
2024/05/11	07:40:02	40.55034	141.54950	-10	0.0	3	3.1	264
2024/05/11	07:41:00	40.55019	141.54945	-0	0.0	3	1.4	161
2024/05/11	07:42:01	40.55026	141.54958	16	0.0	4	1.4	275
2024/05/11	07:43:01	40.55025	141.54948	22	0.0	4	1.4	305
2024/05/11	07:44:01	40.55025	141.54947	10	0.0	4	1.4	273
2024/05/11	07:45:03	40.55022	141.54926	18	0.0	3	3.1	264
2024/05/11	07:46:03	40.55024	141.54951	14	0.0	4	1.4	258
2024/05/11	07:47:02	40.55029	141.54942	8	0.0	4	1.4	269
2024/05/11	07:48:01	40.55036	141.54934	-8	0.0	4	1.4	263
2024/05/11	07:49:02	40.55023	141.54944	18	0.0	4	1.4	264
2024/05/11	07:50:00	40.55030	141.54959	-16	0.0	4	1.4	275
2024/05/11	07:51:01	40.55017	141.54958	32	0.0	4	1.4	277
2024/05/11	07:52:01	40.55027	141.54944	0	0.0	4	1.4	271
2024/05/11	07:53:01	40.55028	141.54950	8	0.0	4	1.4	254
2024/05/11	08:00:27	40.55018	141.54935	-16	0.0	4	1.4	228
2024/05/11	08:01:34	40.55028	141.54949	8	3.7	3	3.2	155
2024/05/11	08:02:05	40.55016	141.54942	2	0.0	3	3.2	189
2024/05/11	08:03:02	40.54997	141.54939	-4	0.0	3	3.2	289
2024/05/11	08:04:00	40.55014	141.54950	28	0.0	4	1.4	297
2024/05/11	08:05:01	40.55010	141.54938	-6	0.0	4	1.4	301
2024/05/11	08:06:02	40.55032	141.54941	40	0.0	3	3.1	301
2024/05/11	08:07:04	40.55015	141.54941	-22	0.0	3	2.2	304
2024/05/11	08:08:03	40.55013	141.54937	-12	0.0	3	3.1	288
2024/05/11	08:09:03	40.55029	141.54940	42	0.0	3	3.1	295
2024/05/11	08:10:02	40.55013	141.54943	-34	0.0	3	3.1	298
2024/05/11	08:11:04	40.55030	141.54944	-6	0.0	4	1.3	318
2024/05/11	08:12:01	40.55028	141.54940	2	0.0	4	1.3	301
2024/05/11	08:13:01	40.55024	141.54948	8	0.0	4	1.3	307
2024/05/11	08:14:01	40.55048	141.54973	10	0.0	4	1.3	291
2024/05/11	08:15:02	40.55030	141.54975	-2	0.0	3	3.0	278
2024/05/11	08:16:05	40.55022	141.54985	18	0.0	3	2.2	224
2024/05/11	08:17:02	40.55023	141.54979	8	0.0	4	1.3	268
2024/05/11	08:18:02	40.55020	141.54970	-0	0.0	4	1.3	211
2024/05/11	08:19:03	40.55001	141.54977	0	0.0	4	1.3	246
2024/05/11	08:20:04	40.54998	141.54975	2	0.0	4	1.3	249
2024/05/11	08:21:01	40.54895	141.54205	20	48.2	4	1.3	255
2024/05/11	08:22:01	40.54923	141.53195	60	51.9	4	1.3	254
2024/05/11	08:23:02	40.54738	141.52268	30	40.7	4	1.3	290
2024/05/11	08:24:03	40.54684	141.51552	-2	0.0	4	1.3	266
2024/05/11	08:25:01	40.54698	141.51304	8	33.3	3	2.4	268
2024/05/11	08:26:02	40.54398	141.50744	14	40.7	4	1.3	289
2024/05/11	08:27:00	40.54338	141.50266	68	44.4	3	2.4	264
2024/05/11	08:28:01	40.54797	141.50370	20	29.6	4	1.3	295
2024/05/11	08:29:01	40.54774	141.50925	36	29.6	4	1.3	286
2024/05/11	08:30:02	40.54424	141.50882	-20	0.0	3	13.0	291
2024/05/11	08:31:02	40.54375	141.50962	38	0.0	3	12.3	263
2024/05/11	08:32:00	40.54392	141.50944	-62	0.0	3	2.4	238
2024/05/11	08:33:01	40.54343	141.51154	34	0.0	4	1.3	291
2024/05/11	08:34:03	40.54350	141.51135	8	0.0	4	1.3	303
2024/05/11	08:35:02	40.54343	141.51132	24	0.0	4	1.3	277
2024/05/11	08:36:01	40.54343	141.51144	46	0.0	3	2.2	226
2024/05/11	08:37:02	40.54343	141.51131	16	0.0	4	1.3	301
2024/05/11	08:38:01	40.54350	141.51152	16	0.0	4	1.3	300
2024/05/11	08:39:01	40.54347	141.51171	2	0.0	3	2.2	295
2024/05/11	08:40:01	40.54350	141.51152	10	0.0	4	1.3	270
2024/05/11	08:41:01	40.54335	141.51151	22	0.0	4	1.3	258
2024/05/11	08:42:00	40.54347	141.51138	-4	0.0	3	2.2	294
2024/05/11	08:43:00	40.54320	141.51159	18	0.0	3	2.2	305
2024/05/11	08:44:00	40.54328	141.51152	26	0.0	4	1.3	304
2024/05/11	08:45:01	40.54339	141.51147	14	0.0	4	1.3	299
2024/05/11	08:46:01	40.54500	141.51424	14	25.9	4	1.3	276
2024/05/11	08:47:02	40.54898	141.51774	20	33.3	4	1.3	300
2024/05/11	08:48:03	40.55428	141.51989	12	37.0	4	1.3	294
2024/05/11	08:49:03	40.55581	141.51958	4	0.0	3	3.2	287
2024/05/11	08:50:02	40.55587	141.51967	4	0.0	3	3.2	262
2024/05/11	08:51:02	40.55576	141.51951	-34	0.0	3	3.2	262
2024/05/11	08:52:03	40.55588	141.51967	6	0.0	3	3.2	259
2024/05/11	08:53:03	40.55576	141.51944	-24	0.0	3	3.3	263
2024/05/11	08:54:04	40.55587	141.51966	-4	0.0	3	3.3	266
2024/05/11	08:55:03	40.55593	141.51978	20	0.0	3	3.3	264
2024/05/11	08:56:03	40.55584	141.51969	2	0.0	3	3.4	280
2024/05/11	08:57:02	40.55587	141.51978	8	0.0	3	3.4	282
2024/05/11	08:58:03	40.55594	141.51974	8	0.0	3	3.4	275
2024/05/11	08:59:02	40.55586	141.51982	30	0.0	3	4.0	274
2024/05/11	09:00:02	40.55598	141.52157	10	33.3	4	1.3	260
2024/05/11	09:01:03	40.55811	141.52707	6	29.6	3	4.0	296
2024/05/11	09:02:02	40.55876	141.53235	-38	29.6	3	4.1	285
2024/05/11	09:03:03	40.55513	141.53673	10	29.6	3	4.1	291
2024/05/11	09:04:03	40.55197	141.54114	46	25.9	3	4.2	269
2024/05/11	09:05:03	40.54931	141.54533	-2	25.9	3	4.2	289
2024/05/11	09:12:06	40.55037	141.54960	-12	0.0	4	1.3	172
2024/05/11	09:13:07	40.55038	141.54967	4	7.4	3	3.2	141
2024/05/11	09:14:09	40.54974	141.54990	-14	7.4	3	3.2	153
2024/05/11	09:15:06	40.55026	141.54967	-18	0.0	3	3.2	152
2024/05/11	09:16:05	40.55034	141.54969	-6	0.0	3	3.2	199
2024/05/11	09:17:03	40.55021	141.54972	-22	0.0	3	3.2	239
2024/05/11	09:18:02	40.55030	141.54974	-32	0.0	4	1.3	206
2024/05/11	09:19:01	40.55035	141.54979	0	0.0	4	1.3	245
2024/05/11	09:20:04	40.55029	141.54973	-2	0.0	2	3.0	204
2024/05/11	09:21:02	40.55019	141.54973	-0	0.0	4	1.3	193
2024/05/11	09:22:02	40.54998	141.54936	-60	0.0	3	6.4	203
2024/05/11	09:23:04	40.54999	141.54965	-14	0.0	3	7.0	200
2024/05/11	09:24:02	40.54998	141.54958	-2	0.0	4	1.3	223
2024/05/11	09:25:03	40.54983	141.54978	-2	0.0	4	1.3	263
2024/05/11	09:26:02	40.54985	141.54975	-4	0.0	4	1.3	272
2024/05/11	09:27:03	40.54953	141.54882	-78	0.0	3	8.0	196
2024/05/11	09:28:03	40.54950	141.54912	-74	0.0	2	2.4	197
2024/05/11	09:29:03	40.54961	141.54978	2	0.0	4	1.4	237
2024/05/11	09:30:02	40.54940	141.54950	6	0.0	3	4.2	201
2024/05/11	09:31:02	40.55049	141.54970	30	0.0	3	3.0	274
2024/05/11	09:32:02	40.55026	141.54943	32	0.0	2	4.0	288
2024/05/11	09:33:03	40.55024	141.54952	-4	0.0	4	1.4	286
2024/05/11	09:34:01	40.55018	141.54966	-4	0.0	3	2.4	269
2024/05/11	09:35:03	40.55032	141.54961	14	0.0	3	2.4	294
2024/05/11	09:36:03	40.55031	141.54962	-12	0.0	4	1.4	284
2024/05/11	09:37:02	40.55026	141.54959	-14	3.7	4	1.4	291
2024/05/11	09:38:00	40.55007	141.54967	-32	0.0	3	2.4	293
2024/05/11	09:39:03	40.55030	141.54979	8	0.0	4	1.4	290
2024/05/11	09:40:00	40.55023	141.54976	-10	0.0	3	2.4	237
2024/05/11	09:41:00	40.55038	141.55009	58	0.0	3	2.4	265
2024/05/11	09:42:01	40.55021	141.54972	6	0.0	3	2.4	284
2024/05/11	09:43:01	40.55026	141.54961	18	0.0	3	2.4	264
2024/05/11	09:44:03	40.55027	141.54971	-6	0.0	3	4.0	287
2024/05/11	09:45:03	40.55023	141.54971	-8	0.0	3	4.0	287
2024/05/11	09:46:01	40.55027	141.54987	14	0.0	4	2.0	267
2024/05/11	09:47:03	40.55021	141.54962	-4	0.0	3	3.4	285
2024/05/11	09:48:01	40.55029	141.54972	-4	0.0	4	2.0	240
2024/05/11	09:49:03	40.55041	141.54932	20	18.5	3	3.4	298
2024/05/11	09:50:01	40.55042	141.54978	16	0.0	3	2.4	293
2024/05/11	09:51:01	40.55037	141.54956	-26	0.0	3	2.4	296
2024/05/11	09:52:00	40.55030	141.54968	-16	0.0	3	2.4	275
2024/05/11	09:53:00	40.55034	141.54923	-38	0.0	3	2.4	247
2024/05/11	09:54:01	40.55036	141.54969	-2	0.0	3	2.4	243
2024/05/11	09:55:02	40.55041	141.54965	0	0.0	3	2.4	270
2024/05/11	09:56:01	40.55048	141.54953	6	0.0	3	2.4	187
2024/05/11	09:57:03	40.55035	141.54952	-12	0.0	3	2.4	263
2024/05/11	09:58:01	40.55043	141.54975	6	0.0	3	2.4	278
2024/05/11	09:59:02	40.55044	141.54968	8	0.0	2	3.3	238
2024/05/11	10:00:03	40.55045	141.55002	8	0.0	2	3.3	244
2024/05/11	10:01:05	40.55034	141.54962	8	0.0	2	3.3	260
2024/05/11	10:02:05	40.55039	141.54961	6	0.0	2	3.3	292
2024/05/11	10:03:01	40.55038	141.54957	-2	0.0	2	3.2	269
2024/05/11	10:04:02	40.55028	141.54961	-2	0.0	2	3.2	265
2024/05/11	10:05:03	40.55037	141.54958	-4	0.0	2	3.2	295
2024/05/11	10:06:04	40.55041	141.54972	-6	0.0	2	3.2	300
2024/05/11	10:07:03	40.55034	141.54973	-8	0.0	2	3.2	299
2024/05/11	10:08:01	40.55052	141.54985	-8	0.0	2	3.2	294
2024/05/11	10:09:05	40.55017	141.54953	-8	0.0	2	3.2	182
2024/05/11	10:10:04	40.55010	141.54935	-8	0.0	2	3.2	254
2024/05/11	10:11:07	40.55019	141.54927	-8	0.0	2	3.2	250
2024/05/11	10:12:05	40.55018	141.54908	-12	0.0	2	3.2	255
2024/05/11	10:13:02	40.55039	141.54956	-10	0.0	2	3.2	203
2024/05/11	10:14:03	40.55013	141.54924	-10	0.0	2	3.2	272
2024/05/11	10:15:05	40.55012	141.54949	-6	0.0	2	3.2	282
2024/05/11	10:16:04	40.55019	141.54926	-2	0.0	2	3.2	278
2024/05/11	10:17:34	40.55027	141.54949	18	0.0	3	2.3	248
2024/05/11	10:18:01	40.55043	141.54967	70	0.0	3	2.3	239
2024/05/11	10:19:02	40.55050	141.54975	-2	0.0	3	2.3	291
2024/05/11	10:20:01	40.55062	141.54991	36	0.0	3	2.3	293
2024/05/11	10:21:00	40.55074	141.54969	-26	0.0	3	2.3	248
2024/05/11	10:22:01	40.55045	141.54963	-28	0.0	2	2.0	273
2024/05/11	10:23:02	40.55030	141.54962	0	0.0	3	2.3	254
2024/05/11	10:24:02	40.55033	141.54984	22	0.0	3	2.3	239
2024/05/11	10:25:03	40.55043	141.54976	-34	0.0	3	2.4	234
2024/05/11	10:26:03	40.55031	141.54958	8	0.0	3	2.4	224
2024/05/11	10:27:02	40.55026	141.54969	18	0.0	3	2.4	257
2024/05/11	10:28:03	40.55038	141.54968	-14	0.0	3	2.4	245
2024/05/11	10:29:05	40.55024	141.54962	24	0.0	3	2.4	226
2024/05/11	10:30:03	40.55038	141.54972	12	0.0	3	2.4	278
2024/05/11	10:31:01	40.55038	141.54987	38	0.0	3	2.4	288
2024/05/11	10:32:03	40.55040	141.54957	-22	0.0	3	3.0	276
2024/05/11	10:33:04	40.55046	141.54972	-0	0.0	3	3.0	274
2024/05/11	10:34:03	40.55035	141.54976	12	0.0	3	3.0	278
2024/05/11	10:35:04	40.55026	141.54963	-10	0.0	3	3.0	259
2024/05/11	10:36:02	40.55125	141.54978	-6	29.6	3	3.0	307
2024/05/11	10:37:02	40.55240	141.55049	16	0.0	3	3.0	268
2024/05/11	10:38:02	40.55258	141.55053	-8	0.0	3	3.0	266
2024/05/11	10:39:01	40.55268	141.55086	26	0.0	3	3.0	241
2024/05/11	10:40:01	40.55292	141.55080	-38	0.0	3	3.1	237
2024/05/11	10:41:01	40.55279	141.55115	18	0.0	3	3.1	244
2024/05/11	10:42:01	40.55291	141.55111	-14	0.0	3	3.1	243
2024/05/11	10:43:03	40.55301	141.55118	-34	0.0	3	3.1	264
2024/05/11	10:44:01	40.55282	141.55151	50	0.0	3	3.1	215
2024/05/11	10:45:02	40.55290	141.55155	2	0.0	3	3.1	260
2024/05/11	10:46:02	40.55293	141.55178	34	0.0	3	3.1	267
2024/05/11	10:47:01	40.55294	141.55169	4	0.0	3	3.1	267
2024/05/11	10:48:01	40.55308	141.55164	0	0.0	3	3.1	213
2024/05/11	10:49:01	40.55319	141.55233	26	0.0	3	3.1	272
2024/05/11	10:50:01	40.55326	141.55234	10	0.0	3	3.1	272
2024/05/11	10:51:01	40.55339	141.55270	28	0.0	3	3.2	265
2024/05/11	10:52:01	40.55350	141.55293	10	0.0	3	3.2	268
2024/05/11	10:53:01	40.55375	141.55290	-10	0.0	3	3.2	264
2024/05/11	10:54:02	40.55384	141.55308	4	0.0	3	3.2	291
2024/05/11	10:55:01	40.55382	141.55363	32	0.0	3	3.2	268
2024/05/11	10:56:01	40.55399	141.55379	18	0.0	3	3.2	285
2024/05/11	10:57:01	40.55419	141.55397	-12	0.0	3	3.2	239
2024/05/11	10:58:01	40.55433	141.55434	6	0.0	3	3.2	242
2024/05/11	10:59:01	40.55441	141.55469	2	0.0	3	3.2	240
2024/05/11	11:00:01	40.55478	141.55453	-58	0.0	3	3.2	261
2024/05/11	11:01:01	40.55466	141.55498	-6	0.0	3	3.2	239
2024/05/11	11:02:01	40.55481	141.55544	18	0.0	3	3.2	240
2024/05/11	11:03:02	40.55493	141.55560	-6	0.0	3	3.2	268
2024/05/11	11:04:01	40.55497	141.55562	18	0.0	3	3.2	239
2024/05/11	11:05:02	40.55510	141.55586	-6	0.0	3	3.2	289
2024/05/11	11:06:01	40.55514	141.55595	4	0.0	3	3.2	268
2024/05/11	11:07:03	40.55541	141.55642	-28	0.0	3	3.2	264
2024/05/11	11:08:01	40.55539	141.55700	34	25.9	3	3.2	303
2024/05/11	11:09:02	40.55944	141.56022	-6	29.6	3	3.2	297
2024/05/11	11:10:02	40.56377	141.56373	20	29.6	3	3.2	298
2024/05/11	11:11:02	40.56745	141.56807	36	22.2	3	3.2	293
2024/05/11	11:12:02	40.57179	141.57069	14	29.6	3	3.2	292
2024/05/11	11:13:01	40.57536	141.57219	-6	0.0	3	3.2	179
2024/05/11	11:14:02	40.57540	141.57231	-10	0.0	3	3.2	301
2024/05/11	11:15:03	40.57544	141.57249	6	0.0	3	3.3	291
2024/05/11	11:16:02	40.57549	141.57268	6	0.0	3	3.3	288
2024/05/11	11:17:01	40.57553	141.57283	-8	0.0	3	3.3	139
2024/05/11	11:18:02	40.57559	141.57296	4	0.0	3	3.3	298
2024/05/11	11:19:01	40.57559	141.57327	10	0.0	3	3.3	264
2024/05/11	11:20:01	40.57563	141.57326	-0	0.0	3	3.3	239
2024/05/11	11:21:02	40.57579	141.57344	2	0.0	3	3.3	295
2024/05/11	11:22:03	40.57579	141.57355	-18	0.0	3	3.3	261
2024/05/11	11:23:02	40.57584	141.57391	-2	0.0	3	3.3	292
2024/05/11	11:24:02	40.57582	141.57416	12	0.0	3	3.3	289
2024/05/11	11:25:01	40.57592	141.57426	4	0.0	3	3.3	267
2024/05/11	11:26:01	40.57579	141.57452	18	3.7	3	3.3	210
2024/05/11	11:27:02	40.57586	141.57460	0	0.0	3	3.3	260
2024/05/11	11:28:03	40.57589	141.57487	22	0.0	3	3.3	276
2024/05/11	11:29:03	40.57585	141.57504	34	0.0	3	3.3	280
2024/05/11	11:30:03	40.57720	141.57536	-0	29.6	3	3.3	267
2024/05/11	11:31:01	40.58170	141.57686	12	29.6	3	3.3	299
2024/05/11	11:32:02	40.58571	141.58030	12	33.3	3	3.3	265
2024/05/11	11:33:02	40.58961	141.58487	10	29.6	3	3.3	291
2024/05/11	11:34:02	40.59263	141.58626	14	0.0	3	3.3	291
2024/05/11	11:35:04	40.59268	141.58632	12	0.0	3	3.4	261
2024/05/11	11:36:02	40.59284	141.58633	8	0.0	3	3.4	288
2024/05/11	11:37:03	40.59283	141.58638	20	0.0	3	3.4	292
2024/05/11	11:38:02	40.59298	141.58682	18	0.0	3	3.4	290
2024/05/11	11:39:02	40.59300	141.58697	12	0.0	3	3.4	283
2024/05/11	11:40:01	40.59314	141.58729	6	0.0	2	4.1	293
2024/05/11	11:41:03	40.59306	141.58693	16	0.0	3	3.4	274
2024/05/11	11:42:02	40.59311	141.58739	-2	0.0	3	3.4	291
2024/05/11	11:43:02	40.59309	141.58796	14	0.0	3	3.4	290
2024/05/11	11:44:02	40.59310	141.58797	20	0.0	3	3.4	262
2024/05/11	11:45:02	40.59306	141.58834	22	3.7	3	3.4	266
2024/05/11	11:46:02	40.59314	141.58829	6	0.0	3	3.4	254
2024/05/11	11:47:04	40.59318	141.58848	16	0.0	3	3.4	286
2024/05/11	11:48:02	40.59323	141.58835	14	0.0	3	3.4	261
2024/05/11	11:49:03	40.59324	141.58880	12	0.0	3	4.0	281
2024/05/11	11:50:01	40.59331	141.58889	18	0.0	3	4.0	263
2024/05/11	11:51:03	40.59324	141.58889	16	0.0	3	4.0	261
2024/05/11	11:52:03	40.59327	141.58892	-4	0.0	3	4.0	279
2024/05/11	11:53:03	40.59705	141.59035	30	25.9	3	4.0	266
2024/05/11	11:54:34	40.60367	141.59278	14	29.6	6	1.2	264
2024/05/11	11:55:00	40.60540	141.59300	32	25.9	4	1.4	297
2024/05/11	11:56:01	40.60941	141.59500	4	25.9	6	1.2	269
2024/05/11	11:57:01	40.61273	141.59616	14	25.9	6	1.2	269
2024/05/11	11:58:00	40.61541	141.59760	-18	0.0	4	2.3	188
2024/05/11	11:59:00	40.61555	141.59810	28	0.0	4	2.3	156
2024/05/11	12:00:01	40.61548	141.59800	-8	0.0	4	1.2	237
2024/05/11	12:01:01	40.61558	141.59818	-4	0.0	4	1.4	242
2024/05/11	12:02:00	40.61547	141.59834	12	0.0	4	1.2	250
2024/05/11	12:03:01	40.61563	141.59839	2	0.0	4	1.4	235
2024/05/11	12:04:00	40.61556	141.59851	-2	0.0	4	1.4	219
2024/05/11	12:05:01	40.61547	141.59864	-20	0.0	5	1.2	240
2024/05/11	12:06:00	40.61555	141.59890	18	0.0	3	1.4	240
2024/05/11	12:07:00	40.61569	141.59907	4	0.0	3	1.4	237
2024/05/11	12:08:00	40.61543	141.59896	-16	0.0	4	1.2	247
2024/05/11	12:09:01	40.61540	141.59917	-16	0.0	4	1.4	239
2024/05/11	12:10:01	40.61530	141.59928	-2	0.0	4	1.3	235
2024/05/11	12:11:00	40.61533	141.59961	2	0.0	3	1.4	213
2024/05/11	12:12:00	40.61544	141.59960	0	0.0	4	1.2	243
2024/05/11	12:13:01	40.61525	141.59979	-18	0.0	4	1.3	241
2024/05/11	12:14:01	40.61524	141.59997	12	0.0	5	1.1	237
2024/05/11	12:15:02	40.61530	141.60009	6	0.0	4	1.3	238
2024/05/11	12:16:00	40.61516	141.60015	-16	0.0	4	1.3	215
2024/05/11	12:17:00	40.61508	141.60032	-16	0.0	4	1.2	239
2024/05/11	12:18:00	40.61515	141.60052	10	0.0	3	1.3	233
2024/05/11	12:19:02	40.61513	141.60070	-2	0.0	5	1.1	233
2024/05/11	12:20:01	40.61532	141.60090	-28	25.9	5	1.1	237
2024/05/11	12:21:01	40.61896	141.60446	-0	25.9	5	1.1	237
2024/05/11	12:22:01	40.62268	141.60875	2	33.3	4	1.2	244
2024/05/11	12:23:01	40.62628	141.61418	10	37.0	4	1.2	214
2024/05/11	12:24:01	40.62995	141.61966	6	37.0	4	1.2	242
2024/05/11	12:25:01	40.63316	141.62470	16	29.6	5	1.1	240
2024/05/11	12:26:02	40.63646	141.62549	4	18.5	5	1.1	229
2024/05/11	12:27:01	40.63489	141.62356	-4	0.0	5	1.1	240
2024/05/11	12:28:02	40.63483	141.62374	-6	0.0	5	1.1	231
2024/05/11	12:29:01	40.63468	141.62392	-2	0.0	5	1.1	206
2024/05/11	12:30:01	40.63465	141.62414	-6	0.0	5	1.1	240
2024/05/11	12:31:01	40.63453	141.62419	-10	0.0	4	1.1	241
2024/05/11	12:32:01	40.63453	141.62451	0	0.0	4	1.1	239
2024/05/11	12:33:01	40.63462	141.62481	-4	0.0	5	1.1	238
2024/05/11	12:34:01	40.63461	141.62501	6	0.0	4	1.1	237
2024/05/11	12:35:01	40.63456	141.62532	8	0.0	4	1.2	241
2024/05/11	12:36:00	40.63473	141.62549	-8	0.0	3	2.2	172
2024/05/11	12:37:01	40.63475	141.62568	8	22.2	5	1.1	238
2024/05/11	12:38:01	40.63913	141.62766	4	29.6	5	1.1	238
2024/05/11	12:39:01	40.64311	141.63028	8	29.6	4	1.1	243
2024/05/11	12:40:00	40.64712	141.63251	-0	29.6	3	2.4	239
2024/05/11	12:41:01	40.65173	141.63510	6	18.5	5	1.0	240
2024/05/11	12:42:01	40.65171	141.63511	0	0.0	3	1.2	204
2024/05/11	12:43:02	40.65338	141.63592	-8	25.9	5	1.0	237
2024/05/11	12:44:01	40.65672	141.63715	-8	25.9	4	1.1	234
2024/05/11	12:45:01	40.66113	141.63585	-6	29.6	3	2.3	210
2024/05/11	12:46:01	40.66553	141.63607	-12	29.6	4	2.3	238
2024/05/11	12:47:01	40.67048	141.63779	12	29.6	4	1.1	268
2024/05/11	12:48:01	40.67433	141.64021	-0	29.6	4	1.1	235
2024/05/11	12:49:01	40.67817	141.64427	14	29.6	4	1.1	234
2024/05/11	12:50:01	40.68225	141.64751	-4	29.6	4	1.1	233
2024/05/11	12:51:01	40.68622	141.64987	0	25.9	4	1.1	265
2024/05/11	12:52:00	40.69003	141.65200	16	22.2	3	2.2	203
2024/05/11	12:53:01	40.69391	141.65274	-4	29.6	4	1.1	236
2024/05/11	12:54:01	40.69805	141.65508	0	29.6	3	2.2	238
2024/05/11	12:55:01	40.70248	141.65835	28	33.3	4	1.1	268
2024/05/11	12:56:01	40.70646	141.66292	16	33.3	4	1.1	266
2024/05/11	12:57:01	40.71097	141.66615	14	37.0	4	1.1	263
2024/05/11	12:58:01	40.71502	141.67104	12	37.0	3	1.2	259
2024/05/11	12:59:01	40.71842	141.67673	22	37.0	3	2.2	230
2024/05/11	13:00:01	40.72228	141.68229	8	37.0	3	2.2	240
2024/05/11	13:01:01	40.72587	141.68888	0	40.7	4	1.1	238
2024/05/11	13:02:01	40.72963	141.69568	2	40.7	4	1.1	237
2024/05/11	13:03:00	40.73392	141.70092	16	40.7	3	2.1	261
2024/05/11	13:04:03	40.73480	141.70277	-0	0.0	4	1.1	223
2024/05/11	13:05:01	40.73476	141.70311	4	0.0	3	2.1	178
2024/05/11	13:06:03	40.73485	141.70333	-0	0.0	4	1.1	221
2024/05/11	13:07:02	40.73675	141.70657	-12	7.4	3	2.1	261
2024/05/11	13:08:01	40.73675	141.70680	-4	0.0	3	2.1	212
2024/05/11	13:09:04	40.73678	141.70721	-0	0.0	4	1.1	197
2024/05/11	13:10:01	40.73710	141.70809	-6	0.0	3	2.1	206
2024/05/11	13:11:01	40.73723	141.70832	-24	0.0	3	2.1	206
2024/05/11	13:12:01	40.73860	141.71027	14	37.0	3	2.1	260
2024/05/11	13:13:01	40.74283	141.71559	-8	37.0	3	2.1	225
2024/05/11	13:14:00	40.74720	141.72065	-20	40.7	3	2.1	231
2024/05/11	13:15:02	40.75145	141.72416	-14	33.3	3	2.1	229
2024/05/11	13:16:01	40.75612	141.72769	2	37.0	3	2.1	233
2024/05/11	13:17:02	40.76043	141.72986	-8	25.9	3	2.1	198
2024/05/11	13:18:01	40.76185	141.72994	-14	14.8	3	2.1	203
2024/05/11	13:19:02	40.76193	141.73016	10	29.6	3	2.1	210
2024/05/11	13:20:02	40.76216	141.73040	12	22.2	2	2.1	252
2024/05/11	13:21:03	40.76190	141.72994	-16	11.1	3	2.1	259
2024/05/11	13:22:03	40.76199	141.73024	-18	11.1	2	2.1	250
2024/05/11	13:23:04	40.76246	141.73007	-22	0.0	3	2.1	224
2024/05/11	13:24:02	40.76274	141.72962	-2	18.5	3	2.0	224
2024/05/11	13:25:01	40.76163	141.73079	-40	7.4	3	2.0	212
2024/05/11	13:26:00	40.76165	141.73064	-20	18.5	3	2.0	208
2024/05/11	13:27:02	40.76148	141.73088	-6	3.7	3	2.0	235
2024/05/11	13:28:01	40.76082	141.73215	-0	18.5	3	2.0	172
2024/05/11	13:29:02	40.76327	141.73133	2	18.5	2	2.1	231
2024/05/11	13:30:02	40.76302	141.72941	4	22.2	3	2.0	208
2024/05/11	13:31:02	40.76260	141.72951	-16	7.4	3	2.0	234
2024/05/11	13:32:03	40.76299	141.72917	-18	11.1	3	2.0	224
2024/05/11	13:33:01	40.76311	141.72987	-2	3.7	3	2.0	232
2024/05/11	13:34:02	40.76312	141.72918	-12	7.4	3	2.0	193
2024/05/11	13:35:03	40.76298	141.73161	-14	22.2	2	2.1	221
2024/05/11	13:36:02	40.76326	141.72999	-4	14.8	3	2.0	260
2024/05/11	13:37:02	40.76383	141.73233	-4	48.2	2	2.1	235
2024/05/11	13:38:04	40.76734	141.73945	4	3.7	3	2.0	233
2024/05/11	13:39:02	40.77108	141.74002	12	37.0	3	2.0	207
2024/05/11	13:40:02	40.77265	141.74175	18	33.3	3	2.0	204
2024/05/11	13:41:05	40.77507	141.74268	-12	29.6	3	2.0	262
2024/05/11	13:42:02	40.77847	141.74264	6	25.9	3	2.0	220
2024/05/11	13:43:02	40.78182	141.74388	-4	14.8	3	2.0	224
2024/05/11	13:44:02	40.78547	141.74460	-6	14.8	3	2.0	226
2024/05/11	13:45:01	40.78897	141.74435	0	25.9	3	2.0	232
2024/05/11	13:46:03	40.79316	141.74525	-10	22.2	3	2.0	249
2024/05/11	13:47:02	40.79416	141.74328	-6	18.5	3	2.0	228
2024/05/11	13:48:01	40.79414	141.74039	-8	14.8	2	2.1	256
2024/05/11	13:49:01	40.79523	141.73630	-10	18.5	3	1.4	252
2024/05/11	13:50:03	40.79341	141.73265	6	25.9	3	1.4	256
2024/05/11	13:51:02	40.78981	141.73226	0	7.4	3	1.4	248
2024/05/11	13:52:05	40.78734	141.72981	-2	25.9	3	1.4	257
2024/05/11	13:53:01	40.78560	141.72771	-2	18.5	2	2.1	247
2024/05/11	13:54:04	40.78503	141.73075	4	0.0	3	1.4	236
2024/05/11	13:55:01	40.78381	141.72942	-20	22.2	3	1.4	252
2024/05/11	13:56:01	40.78116	141.72639	-20	22.2	2	2.1	227
2024/05/11	13:57:01	40.77926	141.73081	2	29.6	3	1.4	249
2024/05/11	13:58:02	40.77825	141.73420	2	40.7	2	2.1	247
2024/05/11	13:59:03	40.77656	141.73953	-0	33.3	3	1.4	252
2024/05/11	14:06:36	40.77126	141.74250	0	0.0	4	1.1	245
2024/05/11	14:07:01	40.77135	141.74263	0	0.0	4	1.1	271
2024/05/11	14:08:02	40.76887	141.74544	16	37.0	4	1.1	260
2024/05/11	14:09:01	40.76456	141.74916	8	29.6	4	1.1	235
2024/05/11	14:10:01	40.76185	141.74872	-2	18.5	4	1.1	227
2024/05/11	14:11:02	40.76179	141.74470	-6	22.2	3	1.4	250
2024/05/11	14:12:01	40.76351	141.74166	-20	22.2	3	1.4	267
2024/05/11	14:13:00	40.76554	141.73802	-28	18.5	3	1.4	254
2024/05/11	14:14:00	40.76855	141.73576	-24	25.9	4	1.1	179
2024/05/11	14:15:02	40.77092	141.73433	2	0.0	4	1.1	252
2024/05/11	14:16:03	40.77091	141.73437	-2	0.0	3	1.2	228
2024/05/11	14:17:02	40.77091	141.73453	0	0.0	4	1.1	252
2024/05/11	14:18:01	40.77088	141.73452	16	0.0	4	1.2	233
2024/05/11	14:19:02	40.77145	141.73497	2	0.0	3	21.1	246
2024/05/11	14:20:02	40.77200	141.73536	26	0.0	3	18.4	255
2024/05/11	14:21:01	40.77089	141.73486	0	0.0	4	1.2	256
2024/05/11	14:22:01	40.77095	141.73503	-12	0.0	4	1.2	234
2024/05/11	14:23:01	40.77080	141.73513	4	0.0	3	2.1	260
2024/05/11	14:24:01	40.77097	141.73526	-14	0.0	4	1.2	251
2024/05/11	14:25:00	40.77189	141.73487	-0	29.6	3	2.1	257
2024/05/11	14:26:00	40.77602	141.73254	8	25.9	4	1.2	233
2024/05/11	14:27:01	40.78097	141.73159	4	33.3	3	2.2	206
2024/05/11	14:28:01	40.78582	141.73107	0	33.3	4	1.2	230
2024/05/11	14:29:01	40.79083	141.73063	14	33.3	4	1.2	228
2024/05/11	14:30:01	40.79549	141.73247	4	29.6	4	1.2	235
2024/05/11	14:31:01	40.80079	141.73228	4	33.3	4	1.2	236
2024/05/11	14:32:01	40.80514	141.73347	14	33.3	3	8.0	259
2024/05/11	14:33:02	40.80771	141.73440	-10	0.0	3	7.3	251
2024/05/11	14:34:02	40.80767	141.73455	-6	0.0	4	1.2	249
2024/05/11	14:35:02	40.80712	141.73454	8	7.4	3	6.4	245
2024/05/11	14:36:02	40.80834	141.73522	-14	11.1	3	6.3	232
2024/05/11	14:37:02	40.80792	141.73516	-6	0.0	3	6.2	245
2024/05/11	14:38:01	40.80777	141.73514	-2	0.0	4	1.3	256
2024/05/11	14:39:01	40.80829	141.73539	-10	25.9	3	5.4	238
2024/05/11	14:40:01	40.81268	141.73494	16	29.6	3	3.4	225
2024/05/11	14:41:03	40.81721	141.73338	-2	25.9	3	1.3	227
2024/05/11	14:42:02	40.82118	141.73150	18	29.6	4	1.3	277
2024/05/11	14:43:01	40.82523	141.72942	20	25.9	3	4.2	260
2024/05/11	14:44:02	40.82859	141.72613	12	25.9	3	4.4	287
2024/05/11	14:45:03	40.83021	141.72603	-2	0.0	3	4.4	240
2024/05/11	14:46:03	40.83061	141.72623	-6	0.0	3	4.3	227
2024/05/11	14:47:02	40.83075	141.72652	-10	0.0	3	4.3	252
2024/05/11	14:48:03	40.83082	141.72664	-14	0.0	4	1.4	251
2024/05/11	14:49:01	40.83121	141.72690	-8	29.6	4	1.4	260
2024/05/11	14:50:02	40.83524	141.72897	76	3.7	3	8.0	242
2024/05/11	14:51:01	40.83653	141.72998	148	33.3	3	9.1	287
2024/05/11	14:52:03	40.84023	141.72867	-8	29.6	4	1.4	281
2024/05/11	14:53:01	40.84476	141.73272	8	37.0	3	3.4	294
2024/05/11	14:54:01	40.84656	141.73424	-6	25.9	3	3.4	275
2024/05/11	14:55:02	40.84768	141.73356	-18	11.1	3	3.4	260
2024/05/11	14:56:02	40.84810	141.73256	8	29.6	3	3.3	270
2024/05/11	14:57:02	40.84914	141.73301	6	11.1	2	3.2	283
2024/05/11	14:58:03	40.84889	141.73266	-0	18.5	3	3.2	283
2024/05/11	14:59:08	40.85066	141.73750	-0	33.3	2	3.1	289
2024/05/11	15:06:44	40.85796	141.74203	8	14.8	3	2.0	280
2024/05/11	15:07:01	40.85790	141.74199	-12	11.1	3	2.0	300
2024/05/11	15:08:00	40.85768	141.74300	4	29.6	3	2.0	260
2024/05/11	15:09:02	40.85743	141.74389	0	11.1	3	2.0	273
2024/05/11	15:10:01	40.85755	141.74353	22	18.5	3	2.0	258
2024/05/11	15:11:01	40.85746	141.74328	22	22.2	3	2.0	263
2024/05/11	15:12:03	40.85773	141.74296	-2	0.0	3	2.0	229
2024/05/11	15:13:01	40.85762	141.74252	6	11.1	3	2.0	234
2024/05/11	15:14:02	40.85790	141.74254	-0	0.0	3	2.0	253
2024/05/11	15:15:01	40.85793	141.74250	36	0.0	3	2.0	256
2024/05/11	15:16:02	40.85848	141.74271	10	0.0	3	2.0	223
2024/05/11	15:17:03	40.85867	141.74227	12	18.5	3	2.0	255
2024/05/11	15:18:01	40.85756	141.74251	50	29.6	3	2.0	243
2024/05/11	15:19:02	40.85791	141.74210	-8	0.0	3	2.0	202
2024/05/11	15:20:04	40.85780	141.74215	22	0.0	3	2.0	240
2024/05/11	15:21:01	40.85796	141.74201	-8	0.0	3	2.0	178
2024/05/11	15:22:02	40.85829	141.74087	14	0.0	3	2.0	202
2024/05/11	15:23:02	40.85852	141.74071	-4	0.0	3	2.0	182
2024/05/11	15:24:04	40.85861	141.74084	16	0.0	3	2.0	212
2024/05/11	15:25:04	40.85856	141.74052	-2	0.0	3	2.0	209
2024/05/11	15:26:03	40.85883	141.74044	4	0.0	3	2.0	248
2024/05/11	15:27:03	40.85886	141.74070	40	0.0	3	2.0	231
2024/05/11	15:28:02	40.85922	141.74053	0	0.0	3	2.0	255
2024/05/11	15:29:02	40.85915	141.74041	8	0.0	3	2.0	257
2024/05/11	15:30:02	40.85922	141.74024	-0	0.0	3	2.0	255
2024/05/11	15:31:03	40.85936	141.74047	14	0.0	3	2.0	243
2024/05/11	15:32:00	40.85946	141.74028	20	0.0	3	2.0	201
2024/05/11	15:33:00	40.85951	141.74023	24	0.0	3	2.0	201
2024/05/11	15:34:01	40.85975	141.74010	2	0.0	3	2.0	258
2024/05/11	15:35:01	40.85971	141.74023	26	3.7	3	2.0	199
2024/05/11	15:36:02	40.85983	141.74009	6	0.0	3	2.0	256
2024/05/11	15:37:03	40.85990	141.74002	26	0.0	3	2.0	246
2024/05/11	15:38:02	40.86012	141.74006	10	0.0	3	2.0	250
2024/05/11	15:39:02	40.86030	141.74000	10	0.0	3	2.0	249
2024/05/11	15:40:04	40.86045	141.74009	28	0.0	3	2.0	257
2024/05/11	15:41:01	40.86057	141.73985	-18	0.0	3	2.0	175
2024/05/11	15:42:02	40.86049	141.73995	6	0.0	3	2.0	250
2024/05/11	15:43:01	40.86068	141.73981	-0	0.0	3	2.0	203
2024/05/11	15:44:04	40.86067	141.73978	24	0.0	3	2.0	253
2024/05/11	15:45:01	40.86088	141.73988	40	0.0	3	2.0	199
2024/05/11	15:46:01	40.86103	141.73961	-18	0.0	3	2.0	178
2024/05/11	15:47:02	40.86103	141.73969	32	0.0	3	2.0	251
2024/05/11	15:48:02	40.86118	141.73965	12	0.0	3	2.0	261
2024/05/11	15:49:02	40.86120	141.73946	-0	0.0	3	2.1	260
2024/05/11	15:50:01	40.86133	141.73950	-4	0.0	3	2.1	233
2024/05/11	15:51:01	40.86149	141.73930	2	0.0	3	2.1	202
2024/05/11	15:52:01	40.86160	141.73934	10	0.0	3	2.1	206
2024/05/11	15:53:01	40.86164	141.73917	16	0.0	3	2.1	257
2024/05/11	15:54:02	40.86181	141.73918	-2	0.0	3	2.1	251
2024/05/11	15:55:02	40.86187	141.73913	6	0.0	3	2.1	266
2024/05/11	15:56:02	40.86199	141.73912	20	0.0	3	2.1	254
2024/05/11	15:57:02	40.86213	141.73914	6	0.0	3	2.1	255
2024/05/11	15:58:01	40.86228	141.73892	-12	0.0	3	2.1	200
2024/05/11	15:59:02	40.86249	141.73897	2	0.0	3	2.1	252
2024/05/11	16:00:02	40.86245	141.73892	2	0.0	3	2.2	260
2024/05/11	16:01:01	40.86270	141.73869	-24	0.0	3	2.2	206
2024/05/11	16:02:02	40.86276	141.73872	-0	0.0	3	2.2	258
2024/05/11	16:03:02	40.86283	141.73850	10	0.0	3	2.2	253
2024/05/11	16:04:02	40.86310	141.73848	-28	0.0	3	2.2	255
2024/05/11	16:05:03	40.86310	141.73853	-0	0.0	3	2.2	254
2024/05/11	16:06:04	40.86321	141.73852	-6	0.0	3	2.2	253
2024/05/11	16:07:03	40.86345	141.73844	-6	0.0	3	2.3	253
2024/05/11	16:08:02	40.86338	141.73842	14	0.0	3	2.3	252
2024/05/11	16:09:02	40.86373	141.73813	0	0.0	3	2.3	250
2024/05/11	16:10:07	40.86408	141.73726	-10	14.8	3	2.3	257
2024/05/11	16:11:02	40.86422	141.73657	-12	0.0	3	2.3	223
2024/05/11	16:12:03	40.86419	141.73654	-4	0.0	3	2.4	247
2024/05/11	16:13:06	40.86495	141.73601	-4	29.6	3	2.4	269
2024/05/11	16:14:04	40.86698	141.73980	12	11.1	3	2.4	284
2024/05/11	16:15:02	40.86698	141.73930	2	11.1	3	2.4	281
2024/05/11	16:16:03	40.86767	141.73846	-36	0.0	3	3.0	231
2024/05/11	16:17:03	40.86781	141.73692	-0	25.9	3	3.0	266
2024/05/11	16:18:06	40.86736	141.73385	0	0.0	3	3.0	247
2024/05/11	16:19:01	40.86754	141.73384	8	0.0	3	3.1	205
2024/05/11	16:20:02	40.86740	141.73389	-2	0.0	3	3.1	251
2024/05/11	16:21:34	40.86768	141.73359	-0	0.0	5	1.4	261
2024/05/11	16:22:00	40.86776	141.73355	-0	0.0	4	2.0	208
2024/05/11	16:23:00	40.86781	141.73338	-4	0.0	5	1.4	206
2024/05/11	16:24:00	40.86794	141.73304	80	0.0	3	2.2	181
2024/05/11	16:25:00	40.86789	141.73298	14	0.0	3	2.3	204
2024/05/11	16:26:01	40.86790	141.73284	10	0.0	5	1.4	273
2024/05/11	16:27:00	40.86809	141.73278	0	0.0	5	1.4	211
2024/05/11	16:28:00	40.86808	141.73258	-8	0.0	4	2.1	207
2024/05/11	16:29:00	40.86817	141.73240	-36	0.0	3	2.2	181
2024/05/11	16:30:00	40.86742	141.73038	12	29.6	3	2.2	260
2024/05/11	16:31:00	40.86536	141.72603	122	22.2	3	2.2	259
2024/05/11	16:32:00	40.86258	141.72382	2	7.4	4	2.1	234
2024/05/11	16:33:01	40.86272	141.72387	-8	0.0	4	1.4	233
2024/05/11	16:34:00	40.86311	141.72404	-26	3.7	4	2.1	208
2024/05/11	16:35:00	40.86293	141.72379	24	0.0	4	2.1	184
2024/05/11	16:36:00	40.86307	141.72379	-10	0.0	4	2.1	235
2024/05/11	16:37:00	40.86312	141.72372	-6	0.0	5	1.3	211
2024/05/11	16:38:01	40.86322	141.72368	14	0.0	5	1.3	227
2024/05/11	16:39:01	40.86301	141.72371	6	0.0	5	1.3	236
2024/05/11	16:40:00	40.86324	141.72359	-20	0.0	3	2.2	156
2024/05/11	16:41:00	40.86335	141.72375	-4	0.0	4	2.0	231
2024/05/11	16:42:00	40.86343	141.72362	-4	0.0	4	1.4	205
2024/05/11	16:43:00	40.86342	141.72373	-20	0.0	4	2.0	205
2024/05/11	16:44:01	40.86357	141.72371	-12	0.0	5	1.3	231
2024/05/11	16:45:00	40.86357	141.72367	12	0.0	4	2.0	204
2024/05/11	16:46:00	40.86380	141.72396	-16	0.0	4	2.0	213
2024/05/11	16:47:00	40.86363	141.72389	8	0.0	3	2.3	205
2024/05/11	16:48:00	40.86362	141.72405	20	0.0	5	1.3	232
2024/05/11	16:49:00	40.86350	141.72407	14	0.0	4	2.0	206
2024/05/11	16:50:01	40.86366	141.72416	-34	0.0	4	2.0	213
2024/05/11	16:51:01	40.86371	141.72420	18	11.1	4	2.0	160
2024/05/11	16:52:01	40.85965	141.72156	-22	29.6	4	2.0	237
2024/05/11	16:53:01	40.85528	141.71906	-2	29.6	5	1.3	258
2024/05/11	16:54:00	40.85131	141.71677	-60	29.6	4	2.0	262
2024/05/11	16:55:00	40.84725	141.71457	32	25.9	4	1.4	154
2024/05/11	16:56:00	40.84339	141.71267	2	22.2	4	1.4	188
2024/05/11	16:57:00	40.83928	141.71122	4	25.9	4	1.4	235
2024/05/11	16:58:00	40.83529	141.70869	-28	29.6	4	1.4	238
2024/05/11	16:59:01	40.83084	141.70608	40	25.9	3	2.0	173
2024/05/11	17:00:01	40.82723	141.70473	24	18.5	5	1.3	257
2024/05/11	17:01:00	40.82505	141.70275	24	18.5	4	1.4	224
2024/05/11	17:02:00	40.82237	141.70086	36	18.5	4	1.4	207
2024/05/11	17:03:00	40.81911	141.69867	22	29.6	4	1.4	228
2024/05/11	17:04:00	40.81473	141.69550	20	25.9	4	1.4	180
2024/05/11	17:05:00	40.81070	141.69372	-18	25.9	4	1.4	236
2024/05/11	17:06:01	40.80686	141.69228	-2	25.9	5	1.3	235
2024/05/11	17:07:00	40.80284	141.69200	-2	25.9	5	1.3	260
2024/05/11	17:08:00	40.79870	141.69134	6	25.9	5	1.3	265
2024/05/11	17:09:01	40.79485	141.69025	2	22.2	5	1.3	264
2024/05/11	17:10:00	40.79116	141.68943	-0	29.6	4	1.4	270
2024/05/11	17:11:00	40.78657	141.68845	6	25.9	5	1.3	238
2024/05/11	17:12:00	40.78238	141.68647	28	29.6	4	1.4	295
2024/05/11	17:13:00	40.77841	141.68407	2	29.6	4	1.4	264
2024/05/11	17:14:00	40.77414	141.68233	34	25.9	4	1.4	220
2024/05/11	17:15:00	40.76963	141.68071	0	29.6	4	2.4	213
2024/05/11	17:16:00	40.76553	141.67895	6	25.9	4	1.4	236
2024/05/11	17:17:01	40.76145	141.67697	24	33.3	5	2.4	265
2024/05/11	17:18:01	40.75717	141.67450	10	22.2	4	2.3	233
2024/05/11	17:19:01	40.75314	141.67226	16	29.6	4	2.3	241
2024/05/11	17:20:00	40.74859	141.67010	14	29.6	5	1.3	182
2024/05/11	17:21:01	40.74388	141.66796	4	29.6	5	1.3	239
2024/05/11	17:22:00	40.73906	141.66617	2	33.3	4	1.4	246
2024/05/11	17:23:00	40.73388	141.66398	18	37.0	4	1.4	243
2024/05/11	17:24:01	40.72857	141.66008	30	37.0	4	1.4	287
2024/05/11	17:25:00	40.72391	141.65534	22	37.0	5	1.3	267
2024/05/11	17:26:00	40.71950	141.65035	14	37.0	3	2.4	239
2024/05/11	17:27:01	40.71536	141.64509	50	33.3	5	1.3	258
2024/05/11	17:28:00	40.71201	141.63957	46	33.3	3	2.4	291
2024/05/11	17:29:00	40.70863	141.63449	38	33.3	3	2.4	265
2024/05/11	17:30:00	40.70548	141.62844	-2	37.0	4	1.4	291
2024/05/11	17:31:01	40.70122	141.62376	68	33.3	4	1.4	264
2024/05/11	17:32:00	40.69750	141.61927	52	33.3	3	2.3	262
2024/05/11	17:33:00	40.69359	141.61477	46	29.6	4	2.1	265
2024/05/11	17:34:01	40.68978	141.60999	48	33.3	5	1.3	291
2024/05/11	17:35:00	40.68621	141.60454	78	37.0	4	1.4	265
2024/05/11	17:36:00	40.68262	141.59900	12	37.0	4	1.4	211
2024/05/11	17:37:01	40.67885	141.59435	20	33.3	5	1.3	288
2024/05/11	17:38:01	40.67518	141.59327	4	18.5	5	1.3	261
2024/05/11	17:39:01	40.67527	141.59380	-20	0.0	3	2.2	230
2024/05/11	17:40:01	40.67507	141.59356	10	0.0	3	2.0	243
2024/05/11	17:41:01	40.67498	141.59366	0	0.0	3	2.0	264
2024/05/11	17:42:00	40.67496	141.59360	10	0.0	3	2.0	238
2024/05/11	17:43:01	40.67481	141.59366	-2	0.0	4	1.4	261
2024/05/11	17:44:00	40.67476	141.59381	-0	0.0	3	2.0	239
2024/05/11	17:45:02	40.67462	141.59369	-2	0.0	4	1.4	275
2024/05/11	17:46:01	40.67446	141.59369	-8	0.0	3	3.3	232
2024/05/11	17:47:01	40.67436	141.59361	-34	0.0	3	3.2	276
2024/05/11	17:48:01	40.67440	141.59360	-8	0.0	3	3.2	256
2024/05/11	17:49:01	40.67395	141.59376	-34	0.0	3	3.2	231
2024/05/11	17:50:01	40.67415	141.59378	-10	0.0	3	3.1	235
2024/05/11	17:51:02	40.67412	141.59381	6	0.0	3	3.1	254
2024/05/11	17:52:02	40.67409	141.59387	10	0.0	3	3.1	233
2024/05/11	17:53:02	40.67393	141.59389	0	0.0	4	2.0	259
2024/05/11	17:54:01	40.67399	141.59399	-10	0.0	3	2.1	259
2024/05/11	17:55:01	40.67384	141.59387	6	0.0	4	2.0	263
2024/05/11	17:56:04	40.67374	141.59404	10	3.7	4	2.0	225
2024/05/11	17:57:01	40.67356	141.59393	-0	0.0	4	2.0	253
2024/05/11	17:58:01	40.67179	141.59414	-6	33.3	4	2.0	236
2024/05/11	17:59:01	40.66681	141.59312	-4	33.3	2	2.1	206
2024/05/11	18:00:01	40.66230	141.59086	32	29.6	3	3.0	246
2024/05/11	18:01:02	40.65761	141.58904	38	29.6	4	2.0	262
2024/05/11	18:02:02	40.65314	141.58743	38	29.6	4	2.0	262
2024/05/11	18:03:01	40.64855	141.58660	32	29.6	3	2.1	260
2024/05/11	18:04:01	40.64368	141.58537	42	33.3	4	2.0	259
2024/05/11	18:05:02	40.63889	141.58365	30	33.3	3	3.0	256
2024/05/11	18:06:01	40.63385	141.58229	38	33.3	4	2.0	267
2024/05/11	18:07:02	40.62856	141.58093	42	33.3	4	2.0	263
2024/05/11	18:08:01	40.62372	141.57913	48	33.3	3	2.1	256
2024/05/11	18:09:01	40.61892	141.57670	36	33.3	3	3.0	264
2024/05/11	18:10:02	40.61307	141.57409	8	40.7	3	3.0	257
2024/05/11	18:11:01	40.60731	141.57194	8	40.7	3	2.2	260
2024/05/11	18:12:01	40.60114	141.57002	16	33.3	3	2.2	262
2024/05/11	18:13:02	40.59690	141.56826	16	29.6	3	2.2	254
2024/05/11	18:14:01	40.59261	141.56775	16	29.6	2	2.2	242
2024/05/11	18:15:02	40.58798	141.56562	20	29.6	4	2.1	261
2024/05/11	18:16:03	40.58366	141.56310	32	25.9	3	2.2	260
2024/05/11	18:17:04	40.57986	141.56046	58	25.9	3	3.1	258
2024/05/11	18:18:02	40.57622	141.55768	-24	29.6	3	3.1	257
2024/05/11	18:19:02	40.57182	141.55760	52	25.9	3	3.1	259
2024/05/11	18:20:03	40.56691	141.55724	22	33.3	3	3.2	251
2024/05/11	18:21:03	40.56264	141.55538	20	29.6	2	2.2	260
2024/05/11	18:22:04	40.55836	141.55313	28	29.6	3	3.2	260
2024/05/11	18:23:04	40.55426	141.55177	30	25.9	2	2.2	229
2024/05/11	18:24:02	40.55151	141.54919	-20	0.0	3	3.3	238
2024/05/11	18:25:01	40.55156	141.54935	-26	0.0	2	2.2	233
2024/05/11	18:26:01	40.55175	141.54911	-54	0.0	3	3.3	246
2024/05/11	18:27:02	40.55193	141.54969	24	0.0	3	3.3	268
2024/05/11	18:28:02	40.55156	141.54943	-14	22.2	3	3.4	235
2024/05/11	18:29:02	40.55051	141.54942	-26	0.0	3	3.4	235
2024/05/11	18:30:02	40.55047	141.54963	-4	0.0	3	3.4	219
2024/05/11	18:31:01	40.55037	141.54966	0	0.0	3	3.4	235
2024/05/11	18:32:01	40.55037	141.54919	-54	0.0	3	4.0	216
2024/05/11	18:33:01	40.55029	141.54983	2	0.0	3	4.0	207
2024/05/11	18:34:01	40.55059	141.54933	-24	0.0	3	4.0	174
2024/05/11	18:35:02	40.55045	141.54955	-24	0.0	3	4.1	230
2024/05/11	18:36:02	40.55047	141.54935	-10	0.0	3	4.1	174
2024/05/11	18:37:03	40.55036	141.54967	-14	0.0	3	4.2	227
2024/05/11	18:38:03	40.55044	141.54964	-12	0.0	2	2.3	227
2024/05/11	18:39:03	40.55043	141.54906	-58	0.0	3	4.2	234
2024/05/11	18:40:02	40.55038	141.54984	0	0.0	3	4.3	247
2024/05/11	18:41:02	40.55043	141.54983	12	0.0	3	4.3	244
2024/05/11	18:42:02	40.55042	141.54988	8	0.0	3	4.4	213
2024/05/11	18:43:01	40.55052	141.54933	-36	0.0	3	4.4	230
2024/05/11	18:44:02	40.54908	141.55277	-42	29.6	3	4.4	238
2024/05/11	18:45:02	40.54491	141.55539	-34	29.6	3	5.0	259
2024/05/11	18:46:01	40.54065	141.55712	-18	25.9	3	5.0	181
2024/05/11	18:47:01	40.53982	141.55709	-22	0.0	2	2.4	217
2024/05/11	18:48:34	40.53910	141.55770	20	0.0	5	1.1	230
2024/05/11	18:49:00	40.53922	141.55746	-6	0.0	3	2.4	229
2024/05/11	18:50:00	40.53909	141.55767	62	0.0	3	2.0	202
2024/05/11	18:51:00	40.53922	141.55771	6	0.0	3	1.4	177
2024/05/11	18:52:00	40.53909	141.55764	-10	0.0	3	2.4	164
2024/05/11	18:53:00	40.53902	141.55772	-2	0.0	4	1.2	202
2024/05/11	18:54:01	40.53916	141.55755	10	0.0	4	1.2	287
2024/05/11	18:55:01	40.53900	141.55768	38	0.0	4	1.3	227
2024/05/11	18:56:01	40.53914	141.55758	22	0.0	3	1.4	152
2024/05/11	18:57:01	40.53896	141.55757	42	0.0	3	4.0	265
2024/05/11	18:58:01	40.53906	141.55760	-28	0.0	3	1.4	145
2024/05/11	18:59:01	40.53908	141.55765	30	0.0	5	1.1	238
2024/05/11	19:00:00	40.53910	141.55771	28	0.0	5	1.1	204
2024/05/11	19:01:00	40.53905	141.55782	10	0.0	5	1.1	271
2024/05/11	19:02:00	40.53896	141.55779	8	0.0	3	2.0	241
2024/05/11	19:03:00	40.53900	141.55755	38	0.0	4	1.3	263
2024/05/11	19:04:00	40.53911	141.55766	-10	0.0	4	1.3	204
2024/05/11	19:05:00	40.53898	141.55772	-6	0.0	4	1.3	206
2024/05/11	19:06:00	40.53905	141.55772	22	0.0	4	1.3	180
2024/05/11	19:07:00	40.53912	141.55771	36	0.0	4	1.3	203
2024/05/11	19:08:01	40.53895	141.55783	20	0.0	4	1.3	201
2024/05/11	19:09:00	40.53909	141.55779	32	0.0	3	2.0	146
2024/05/11	19:10:01	40.53909	141.55770	2	0.0	4	1.3	223
2024/05/11	19:11:00	40.53913	141.55772	-14	0.0	4	1.3	202
2024/05/11	19:12:01	40.53910	141.55761	-2	0.0	4	1.3	195
2024/05/11	19:13:01	40.53916	141.55758	-2	0.0	3	3.1	204
2024/05/11	19:14:01	40.53913	141.55780	26	0.0	3	3.2	201
2024/05/11	19:15:01	40.53911	141.55764	6	0.0	4	1.4	196
2024/05/11	19:16:00	40.53898	141.55774	16	11.1	3	2.0	174
2024/05/11	19:17:01	40.53909	141.55802	18	22.2	4	1.3	227
2024/05/11	19:18:01	40.53879	141.55759	-28	0.0	3	3.2	228
2024/05/11	19:19:01	40.53905	141.55772	14	0.0	4	1.4	225
2024/05/11	19:20:01	40.53907	141.55772	-2	0.0	4	1.4	228
2024/05/11	19:21:01	40.53905	141.55755	-10	0.0	4	1.4	224
2024/05/11	19:22:00	40.53919	141.55765	-48	0.0	3	2.1	206
2024/05/11	19:23:01	40.53888	141.55772	-10	0.0	2	4.1	226
2024/05/11	19:24:00	40.53894	141.55771	6	0.0	3	2.1	203
2024/05/11	19:25:00	40.53907	141.55773	14	0.0	3	1.4	150
2024/05/11	19:26:00	40.53906	141.55772	10	0.0	3	1.3	180
2024/05/11	19:27:01	40.53894	141.55768	24	0.0	4	1.3	180
2024/05/11	19:28:00	40.53904	141.55783	-22	0.0	4	1.3	207
2024/05/11	19:29:01	40.53905	141.55779	-2	0.0	4	1.3	201
2024/05/11	19:30:00	40.53902	141.55777	6	0.0	4	1.3	184
2024/05/11	19:31:00	40.53888	141.55779	36	0.0	3	2.0	208
2024/05/11	19:32:00	40.53906	141.55788	-20	0.0	3	2.4	202
2024/05/11	19:33:00	40.53896	141.55760	44	0.0	3	1.3	205
2024/05/11	19:34:00	40.53896	141.55774	14	0.0	4	1.3	177
2024/05/11	19:35:01	40.53896	141.55777	22	0.0	4	1.3	176
2024/05/11	19:36:07	40.53901	141.55781	-6	0.0	3	3.1	196
2024/05/11	19:37:04	40.53893	141.55827	-46	3.7	2	3.4	164
2024/05/11	19:38:01	40.53905	141.55776	28	0.0	3	2.4	146
2024/05/11	19:39:01	40.53889	141.55774	44	0.0	3	2.4	219
2024/05/11	19:40:00	40.53908	141.55760	22	0.0	3	2.4	173
2024/05/11	19:41:00	40.53902	141.55766	2	0.0	3	2.4	174
2024/05/11	19:42:00	40.53904	141.55773	10	0.0	3	2.4	174
2024/05/11	19:43:01	40.53908	141.55771	10	0.0	3	2.4	215
2024/05/11	19:44:00	40.53923	141.55762	34	0.0	3	2.4	201
2024/05/11	19:45:01	40.53909	141.55768	12	0.0	3	2.4	218
2024/05/11	19:46:01	40.53921	141.55760	30	0.0	3	2.4	219
2024/05/11	19:47:00	40.53909	141.55770	16	0.0	3	2.4	200
2024/05/11	19:48:00	40.53902	141.55773	20	0.0	3	2.4	177
2024/05/11	19:49:00	40.53932	141.55752	8	0.0	3	2.4	153
2024/05/11	19:50:00	40.53952	141.55754	24	0.0	3	2.4	146
2024/05/11	19:51:00	40.53914	141.55766	20	0.0	3	2.4	142
2024/05/11	19:52:00	40.53891	141.55795	-10	0.0	3	2.4	202
2024/05/11	19:53:01	40.53910	141.55768	10	0.0	3	2.4	179
2024/05/11	19:54:00	40.53906	141.55767	-8	0.0	3	2.4	180
2024/05/11	19:55:00	40.53926	141.55751	24	0.0	3	2.4	182
2024/05/11	19:56:01	40.53910	141.55772	0	0.0	3	2.3	182
2024/05/11	19:57:01	40.53886	141.55775	-0	0.0	3	2.3	172
2024/05/11	19:58:00	40.53872	141.55796	-32	0.0	3	2.3	179
2024/05/11	19:59:00	40.53939	141.55750	12	0.0	3	2.3	185
2024/05/11	20:00:00	40.53894	141.55770	4	0.0	3	2.3	177
2024/05/11	20:01:00	40.53915	141.55767	-0	0.0	3	2.3	186
2024/05/11	20:02:00	40.53912	141.55769	28	0.0	3	2.3	206
2024/05/11	20:03:00	40.53919	141.55763	30	0.0	3	2.3	209
2024/05/11	20:04:01	40.53906	141.55776	-16	0.0	3	2.3	210
2024/05/11	20:05:01	40.53888	141.55781	-16	0.0	3	2.2	205
2024/05/11	20:06:01	40.53909	141.55768	12	0.0	3	2.2	210
2024/05/11	20:07:01	40.53897	141.55776	-0	0.0	3	2.2	211
2024/05/11	20:08:01	40.53908	141.55768	14	0.0	3	2.2	212
2024/05/11	20:09:01	40.53924	141.55766	24	0.0	3	2.2	210
2024/05/11	20:10:01	40.53904	141.55774	-2	0.0	3	2.2	212
2024/05/11	20:11:00	40.53874	141.55791	-6	0.0	3	2.2	207
2024/05/11	20:12:01	40.53906	141.55771	-10	0.0	3	2.2	241
2024/05/11	20:13:01	40.53903	141.55771	2	0.0	3	2.2	214
2024/05/11	20:14:00	40.53896	141.55773	-12	0.0	3	2.1	212
2024/05/11	20:15:00	40.53890	141.55770	-14	0.0	3	2.1	185
2024/05/11	20:16:01	40.53912	141.55761	18	0.0	3	2.1	210
2024/05/11	20:17:01	40.53918	141.55772	18	0.0	3	2.1	210
2024/05/11	20:18:00	40.53880	141.55766	-20	0.0	3	2.1	183
2024/05/11	20:19:01	40.53901	141.55771	4	0.0	3	2.1	242
2024/05/11	20:20:00	40.53915	141.55759	22	0.0	3	2.1	211
2024/05/11	20:21:00	40.53919	141.55779	22	0.0	3	2.1	214
2024/05/11	20:22:00	40.53924	141.55758	36	0.0	3	2.1	241
2024/05/11	20:23:01	40.53896	141.55773	-26	0.0	3	2.1	237
2024/05/11	20:24:01	40.53913	141.55766	2	0.0	3	2.1	241
2024/05/11	20:25:00	40.53913	141.55761	56	0.0	3	2.1	185
2024/05/11	20:26:01	40.53920	141.55771	30	0.0	3	2.0	277
2024/05/11	20:27:00	40.53889	141.55770	0	0.0	3	2.0	185
2024/05/11	20:28:01	40.53901	141.55763	2	0.0	3	2.0	256
2024/05/11	20:29:00	40.53909	141.55773	-8	0.0	3	2.0	239
2024/05/11	20:30:00	40.53907	141.55769	4	0.0	3	2.0	240
2024/05/11	20:31:01	40.53915	141.55765	28	0.0	3	2.0	240
2024/05/11	20:32:01	40.53899	141.55774	18	0.0	3	2.0	266
2024/05/11	20:33:00	40.53894	141.55773	-14	0.0	3	2.0	242
2024/05/11	20:34:00	40.53922	141.55775	60	0.0	3	2.0	215
2024/05/11	20:35:00	40.53890	141.55770	-2	0.0	3	2.0	247
2024/05/11	20:36:01	40.53906	141.55771	30	0.0	3	2.0	263
2024/05/11	20:37:01	40.53925	141.55767	14	0.0	3	2.0	269
2024/05/11	20:38:00	40.53932	141.55758	16	0.0	3	2.0	272
2024/05/11	20:39:00	40.53890	141.55761	-22	0.0	3	2.0	247
2024/05/11	20:40:00	40.53912	141.55776	46	0.0	3	2.0	217
2024/05/11	20:41:00	40.53917	141.55786	46	0.0	3	2.0	185
2024/05/11	20:42:00	40.53905	141.55773	22	0.0	3	2.0	244
2024/05/11	20:43:01	40.53905	141.55761	-10	0.0	3	2.0	268
2024/05/11	20:44:00	40.53899	141.55741	0	0.0	3	2.0	211
2024/05/11	20:45:01	40.53909	141.55779	10	0.0	3	2.0	269
2024/05/11	20:46:01	40.53912	141.55763	0	0.0	3	2.0	274
2024/05/11	20:47:00	40.53908	141.55769	-12	0.0	3	2.0	243
2024/05/11	20:48:01	40.53910	141.55765	2	0.0	3	2.1	271
2024/05/11	20:49:01	40.53906	141.55766	4	0.0	3	2.1	271
2024/05/11	20:50:00	40.53900	141.55775	8	0.0	3	2.1	238
2024/05/11	20:51:01	40.53921	141.55756	14	0.0	3	2.1	272
2024/05/11	20:52:01	40.53916	141.55777	20	0.0	3	2.1	270
2024/05/11	20:53:01	40.53903	141.55765	14	0.0	3	2.1	271
2024/05/11	20:54:02	40.53914	141.55778	12	0.0	3	2.1	298
2024/05/11	20:55:01	40.53912	141.55766	6	0.0	3	2.1	247
2024/05/11	20:56:01	40.53904	141.55760	-12	0.0	3	2.1	270
2024/05/11	20:57:01	40.53915	141.55767	16	0.0	3	2.1	266
2024/05/11	20:58:01	40.53918	141.55792	26	0.0	3	2.1	277
2024/05/11	20:59:01	40.53925	141.55773	8	0.0	3	2.2	271
2024/05/11	21:00:02	40.53912	141.55780	22	0.0	3	2.2	299
2024/05/11	21:01:03	40.53912	141.55776	20	0.0	3	2.2	255
2024/05/11	21:02:03	40.53908	141.55773	2	0.0	3	2.2	263
2024/05/11	21:03:03	40.53914	141.55762	4	0.0	3	2.2	306
2024/05/11	21:04:03	40.53913	141.55768	-2	0.0	3	2.2	267
2024/05/11	21:05:06	40.53920	141.55782	4	0.0	3	2.2	265
2024/05/11	21:06:03	40.53914	141.55771	-16	0.0	3	2.3	257
2024/05/11	21:07:04	40.53910	141.55769	-0	0.0	3	2.3	266
2024/05/11	21:08:03	40.53918	141.55780	14	0.0	3	2.3	259
2024/05/11	21:09:05	40.53908	141.55767	-4	0.0	3	2.3	277
2024/05/11	21:10:13	40.53906	141.55765	-6	0.0	3	2.3	278
2024/05/11	21:11:06	40.53906	141.55762	-0	3.7	3	2.4	275
2024/05/11	21:12:19	40.53912	141.55772	4	0.0	3	2.4	273
2024/05/11	21:13:35	40.53910	141.55769	6	0.0	7	1.0	283
2024/05/11	21:14:01	40.53906	141.55768	0	0.0	5	1.3	267
2024/05/11	21:15:01	40.53888	141.55741	74	0.0	4	2.3	268
2024/05/11	21:16:00	40.53905	141.55774	-0	0.0	4	2.0	240
2024/05/11	21:17:00	40.53900	141.55754	38	3.7	4	2.3	244
2024/05/11	21:18:00	40.53910	141.55767	-2	0.0	5	1.3	266
2024/05/11	21:19:00	40.53926	141.55766	-6	0.0	4	1.3	242
2024/05/11	21:20:00	40.53895	141.55777	110	7.4	3	2.4	244
2024/05/11	21:21:00	40.53901	141.55768	2	0.0	6	1.1	271
2024/05/11	21:22:00	40.53903	141.55770	-2	0.0	5	1.2	246
2024/05/11	21:23:00	40.53910	141.55769	-4	0.0	5	1.2	270
2024/05/11	21:24:00	40.53906	141.55765	-4	0.0	6	1.1	250
2024/05/11	21:25:00	40.53909	141.55768	8	0.0	4	1.3	242
2024/05/11	21:26:00	40.53921	141.55760	40	0.0	5	1.2	247
2024/05/11	21:27:01	40.53913	141.55767	34	0.0	4	1.4	207
2024/05/11	21:28:01	40.53909	141.55757	6	0.0	3	1.4	152
2024/05/11	21:29:01	40.53885	141.55797	96	0.0	4	1.4	189
2024/05/11	21:30:01	40.53915	141.55741	-32	0.0	3	2.2	217
2024/05/11	21:31:01	40.53901	141.55776	28	0.0	4	1.4	241
2024/05/11	21:32:01	40.53897	141.55780	24	3.7	3	2.3	190
2024/05/11	21:33:01	40.53900	141.55772	16	0.0	4	1.4	213
2024/05/11	21:34:01	40.53905	141.55770	-0	0.0	5	1.2	271
2024/05/11	21:35:00	40.53919	141.55759	8	0.0	3	2.2	239
2024/05/11	21:36:00	40.53919	141.55751	-28	0.0	4	1.4	213
2024/05/11	21:37:00	40.53914	141.55779	30	0.0	4	1.4	241
2024/05/11	21:38:00	40.53901	141.55770	24	0.0	3	2.3	243
2024/05/11	21:39:01	40.53908	141.55771	26	0.0	4	1.4	236
2024/05/11	21:40:02	40.53899	141.55758	-20	0.0	4	2.0	278
2024/05/11	21:41:00	40.53919	141.55754	6	0.0	3	2.4	235
2024/05/11	21:42:00	40.53907	141.55801	28	0.0	3	2.3	202
2024/05/11	21:43:00	40.53904	141.55782	48	0.0	4	2.0	236
2024/05/11	21:44:00	40.53892	141.55781	4	0.0	3	2.2	265
2024/05/11	21:45:01	40.53907	141.55763	12	0.0	4	2.0	259
2024/05/11	21:46:02	40.53907	141.55765	10	0.0	4	2.0	228
2024/05/11	21:47:01	40.53896	141.55761	-10	0.0	4	2.0	243
2024/05/11	21:48:02	40.53894	141.55773	16	0.0	4	2.0	269
2024/05/11	21:49:02	40.53920	141.55771	18	0.0	5	1.2	262
2024/05/11	21:50:01	40.53917	141.55778	-12	0.0	5	1.2	226
2024/05/11	21:51:01	40.53913	141.55768	34	0.0	4	1.4	254
2024/05/11	21:52:00	40.53905	141.55756	6	0.0	3	2.2	238
2024/05/11	21:53:00	40.53906	141.55765	8	0.0	4	2.1	244
2024/05/11	21:54:00	40.53913	141.55750	-12	0.0	3	2.2	266
2024/05/11	21:55:02	40.53908	141.55771	12	0.0	5	1.1	285
2024/05/11	21:56:00	40.53899	141.55776	34	0.0	3	2.2	264
2024/05/11	21:57:00	40.53896	141.55766	-66	0.0	3	2.3	184
2024/05/11	21:58:00	40.53894	141.55766	-64	0.0	3	2.3	206
2024/05/11	21:59:01	40.53903	141.55778	14	0.0	4	2.1	267
2024/05/11	22:00:01	40.53907	141.55767	16	0.0	4	2.2	268
2024/05/11	22:01:01	40.53906	141.55760	18	0.0	3	2.3	191
2024/05/11	22:02:01	40.53920	141.55739	-30	0.0	3	2.2	214
2024/05/11	22:03:02	40.53908	141.55765	8	0.0	5	1.1	295
2024/05/11	22:04:01	40.53904	141.55772	20	0.0	4	2.2	283
2024/05/11	22:05:01	40.53904	141.55771	10	0.0	4	2.2	271
2024/05/11	22:06:01	40.53913	141.55765	0	0.0	4	2.2	265
2024/05/11	22:07:01	40.53905	141.55768	12	0.0	4	2.2	295
2024/05/11	22:08:01	40.53902	141.55775	44	0.0	5	1.1	273
2024/05/11	22:09:01	40.53903	141.55761	4	0.0	4	2.2	264
2024/05/11	22:10:00	40.53924	141.55736	-54	0.0	4	2.2	270
2024/05/11	22:11:00	40.53901	141.55762	6	0.0	4	2.2	236
2024/05/11	22:12:00	40.53896	141.55776	30	0.0	4	2.2	212
2024/05/11	22:13:01	40.53906	141.55784	50	0.0	4	2.2	271
2024/05/11	22:14:02	40.53905	141.55768	12	0.0	6	1.0	295
2024/05/11	22:15:01	40.53916	141.55761	-4	0.0	4	2.2	290
2024/05/11	22:16:00	40.53914	141.55756	-28	0.0	4	2.2	242
2024/05/11	22:17:01	40.53910	141.55755	-14	0.0	4	2.2	284
2024/05/11	22:18:01	40.53908	141.55774	4	0.0	5	1.1	293
2024/05/11	22:19:01	40.53901	141.55785	40	0.0	4	2.2	295
2024/05/11	22:20:00	40.53914	141.55748	-18	0.0	4	2.2	245
2024/05/11	22:21:02	40.53909	141.55764	8	0.0	5	1.1	262
2024/05/11	22:22:02	40.53913	141.55728	-36	0.0	4	2.2	293
2024/05/11	22:23:01	40.53910	141.55760	-2	0.0	5	1.1	293
2024/05/11	22:24:01	40.53903	141.55762	-6	0.0	4	2.2	293
2024/05/11	22:25:01	40.53899	141.55758	10	0.0	4	2.2	240
2024/05/11	22:26:00	40.53910	141.55786	36	3.7	3	2.2	211
2024/05/11	22:27:02	40.53907	141.55771	0	0.0	6	1.0	294
2024/05/11	22:28:01	40.53898	141.55769	26	0.0	5	1.1	291
2024/05/11	22:29:01	40.53898	141.55770	12	0.0	6	1.0	296
2024/05/11	22:30:01	40.53897	141.55778	-4	0.0	3	2.1	239
2024/05/11	22:31:02	40.53911	141.55774	4	0.0	6	1.0	292
2024/05/11	22:32:02	40.53905	141.55773	6	0.0	6	1.0	286
2024/05/11	22:33:01	40.53915	141.55781	16	0.0	4	2.1	290
2024/05/11	22:34:00	40.53906	141.55757	-12	0.0	4	2.1	268
2024/05/11	22:35:02	40.53904	141.55765	-2	0.0	4	2.0	288
2024/05/11	22:36:02	40.53907	141.55772	16	0.0	5	1.1	288
2024/05/11	22:37:01	40.53908	141.55764	-2	0.0	4	2.1	292
2024/05/11	22:38:01	40.53908	141.55765	-2	0.0	5	1.0	290
2024/05/11	22:39:01	40.53946	141.55766	-0	18.5	5	1.3	317
2024/05/11	22:40:03	40.53861	141.55825	-26	37.0	2	8.4	314
2024/05/11	22:41:03	40.53909	141.55761	-0	0.0	6	1.0	297
2024/05/11	22:42:00	40.53908	141.55747	0	0.0	4	2.1	186
2024/05/11	22:43:00	40.53911	141.55796	32	0.0	3	2.1	237
2024/05/11	22:44:00	40.53909	141.55743	-24	3.7	4	2.1	237
2024/05/11	22:45:02	40.54201	141.55597	2	40.7	5	1.1	288
2024/05/11	22:46:04	40.54721	141.55232	42	18.5	3	5.2	287
2024/05/11	22:47:02	40.55044	141.54969	0	0.0	4	1.4	291
2024/05/11	22:48:03	40.55043	141.54972	-0	0.0	5	1.2	306
2024/05/11	22:49:01	40.55033	141.54978	-2	0.0	4	1.1	315
2024/05/11	22:50:02	40.55040	141.54972	-2	0.0	5	1.0	323
2024/05/11	22:51:00	40.55032	141.54972	2	0.0	4	2.0	312
2024/05/11	22:52:01	40.55040	141.54968	6	0.0	5	1.4	310
2024/05/11	22:53:01	40.55030	141.54962	4	0.0	3	2.1	152
2024/05/11	22:54:02	40.55047	141.54997	22	0.0	3	4.1	214
2024/05/11	22:55:01	40.55032	141.54963	-6	0.0	4	2.0	244
2024/05/11	22:56:01	40.55035	141.54936	-6	0.0	5	1.1	299
2024/05/11	22:57:02	40.55030	141.54944	2	0.0	5	1.1	326
2024/05/11	22:58:01	40.55035	141.54942	2	0.0	4	1.3	269
2024/05/11	22:59:01	40.55028	141.54942	-2	0.0	4	1.3	261
2024/05/11	23:00:01	40.55016	141.54943	-4	0.0	4	1.3	267
2024/05/11	23:01:01	40.55042	141.54994	6	25.9	4	2.0	313
2024/05/11	23:02:02	40.54985	141.55005	12	0.0	3	3.4	321
2024/05/11	23:03:02	40.54993	141.54965	-20	0.0	4	2.0	315
2024/05/11	23:04:02	40.54998	141.54943	-18	0.0	4	2.0	296
2024/05/11	23:05:03	40.54997	141.54971	-4	0.0	3	2.1	278
2024/05/11	23:06:02	40.55002	141.54960	-12	0.0	3	6.0	288
2024/05/11	23:07:02	40.54988	141.54968	-8	0.0	4	2.0	301
2024/05/11	23:08:02	40.54994	141.54973	6	0.0	4	2.0	323
2024/05/11	23:09:03	40.54992	141.54982	-0	0.0	4	2.0	294
2024/05/11	23:10:02	40.54996	141.54985	0	0.0	4	2.0	292
2024/05/11	23:11:03	40.54997	141.54964	-18	0.0	4	2.0	318
2024/05/11	23:12:01	40.55001	141.54950	-20	0.0	3	2.1	184
2024/05/11	23:13:01	40.54997	141.54984	-0	0.0	4	2.0	265
2024/05/11	23:14:02	40.54978	141.54916	-42	0.0	3	6.3	294
2024/05/11	23:15:02	40.55002	141.54995	2	0.0	4	2.0	295
2024/05/11	23:16:01	40.54995	141.54959	-18	0.0	4	2.0	308
2024/05/11	23:17:02	40.54997	141.54950	-10	0.0	4	2.0	291
2024/05/11	23:18:03	40.54995	141.54991	-0	0.0	3	3.3	305
2024/05/11	23:19:02	40.54989	141.54949	-34	0.0	2	3.3	295
2024/05/11	23:20:03	40.55025	141.54944	-8	0.0	3	3.0	262
2024/05/11	23:21:35	40.55022	141.54952	-14	3.7	3	4.2	156
2024/05/11	23:22:04	40.55031	141.54947	-14	0.0	3	4.2	173
2024/05/11	23:23:02	40.54952	141.54961	0	25.9	4	3.2	290
2024/05/11	23:24:03	40.54819	141.54960	-14	40.7	4	1.4	305
2024/05/11	23:25:02	40.54941	141.54946	-10	0.0	3	7.1	290
2024/05/11	23:26:03	40.54971	141.54880	-28	48.2	3	8.0	306
2024/05/11	23:27:06	40.54779	141.54921	44	18.5	3	23.1	310
2024/05/11	23:28:05	40.54805	141.54988	6	14.8	3	8.1	221
2024/05/11	23:29:06	40.54796	141.54962	-28	0.0	4	1.3	237
2024/05/11	23:30:03	40.54829	141.54996	-22	0.0	3	15.4	293
2024/05/11	23:31:09	40.54782	141.54930	-34	0.0	3	8.4	242
2024/05/11	23:32:04	40.54764	141.54912	-42	3.7	3	9.0	214
2024/05/11	23:33:04	40.54789	141.54973	-10	0.0	3	9.0	227
2024/05/11	23:34:08	40.54762	141.54927	-28	0.0	3	9.1	249
2024/05/11	23:35:20	40.54787	141.54971	-22	0.0	3	10.0	276
2024/05/11	23:42:26	40.55043	141.54982	-8	18.5	3	6.3	284
2024/05/11	23:43:03	40.55018	141.54986	-2	0.0	3	6.2	314
2024/05/11	23:44:04	40.55015	141.54982	-26	0.0	3	6.1	265
2024/05/11	23:45:03	40.55001	141.54975	-30	0.0	3	5.4	290
2024/05/11	23:46:02	40.55059	141.54977	-22	7.4	3	5.3	319
2024/05/11	23:47:02	40.55035	141.54949	-22	0.0	2	3.3	223
2024/05/11	23:48:04	40.55020	141.54959	-22	0.0	2	3.2	230
2024/05/11	23:49:04	40.55048	141.54960	-22	0.0	2	3.2	187
2024/05/11	23:56:02	40.55025	141.54956	-0	11.1	4	3.0	289
2024/05/11	23:57:02	40.54941	141.54959	-4	22.2	3	3.0	270
2024/05/12	00:07:15	40.55014	141.54946	-10	0.0	3	10.3	156
2024/05/12	00:08:03	40.55026	141.54986	-70	0.0	3	10.1	147
2024/05/12	00:09:02	40.55008	141.54950	0	0.0	3	9.4	157
2024/05/12	00:10:02	40.55003	141.54963	-34	0.0	3	9.2	155
2024/05/12	00:11:03	40.55007	141.54957	-32	0.0	3	9.0	157
2024/05/12	00:12:03	40.54992	141.54915	28	0.0	3	8.4	263
2024/05/12	00:13:03	40.54988	141.54957	-18	14.8	3	8.2	246
2024/05/12	00:14:02	40.54955	141.54863	136	0.0	3	8.1	155
2024/05/12	00:15:03	40.54986	141.54964	-42	3.7	3	8.1	150
2024/05/12	00:16:03	40.54998	141.55019	-136	0.0	3	7.3	151
2024/05/12	00:17:02	40.55001	141.54946	2	0.0	3	7.4	162
2024/05/12	00:18:03	40.54970	141.54904	106	0.0	2	12.2	234
2024/05/12	00:19:35	40.55012	141.54939	10	14.8	4	1.2	294
2024/05/12	00:20:01	40.54954	141.54982	-4	0.0	3	1.4	260
2024/05/12	00:21:03	40.54939	141.54985	6	0.0	3	2.2	261
2024/05/12	00:22:02	40.54950	141.54972	2	0.0	4	1.2	233
2024/05/12	00:23:03	40.54942	141.54979	-4	0.0	2	6.1	189
2024/05/12	00:24:03	40.54942	141.54972	2	0.0	3	2.2	230
2024/05/12	00:25:01	40.54928	141.54994	52	0.0	3	2.2	217
2024/05/12	00:26:02	40.54932	141.54926	90	0.0	3	5.4	250
2024/05/12	00:27:02	40.54935	141.54974	12	0.0	3	1.4	226
2024/05/12	00:28:10	40.54931	141.54941	-40	3.7	1	8.1	155
2024/05/12	00:29:07	40.54919	141.54939	-44	0.0	0	4.4	191
2024/05/12	00:30:05	40.54959	141.54951	-46	7.4	3	2.3	206
2024/05/12	00:31:01	40.54920	141.54972	-18	0.0	4	1.3	213
2024/05/12	00:32:02	40.54902	141.54934	2	33.3	4	1.3	290
2024/05/12	00:33:02	40.55042	141.54994	-46	0.0	3	5.1	291
2024/05/12	00:34:06	40.55040	141.54978	-16	0.0	4	1.3	294
2024/05/12	00:35:01	40.55037	141.54962	0	0.0	4	1.3	296
2024/05/12	00:36:01	40.55049	141.54973	-0	0.0	4	1.3	298
2024/05/12	00:37:01	40.54997	141.54949	-6	14.8	4	1.3	267
2024/05/12	00:38:01	40.54710	141.54959	22	14.8	4	1.3	208
2024/05/12	00:39:02	40.54537	141.55593	40	48.2	4	1.3	296
2024/05/12	00:40:01	40.54208	141.56024	-4	22.2	3	1.4	235
2024/05/12	00:41:00	40.53936	141.55758	12	14.8	4	1.4	244
2024/05/12	00:42:02	40.53913	141.55776	-10	0.0	4	1.3	267
2024/05/12	00:43:02	40.53906	141.55757	20	0.0	3	5.0	258
2024/05/12	00:44:02	40.53920	141.55706	126	0.0	3	5.1	262
2024/05/12	00:45:02	40.53914	141.55749	22	0.0	3	5.1	262
2024/05/12	00:46:03	40.53902	141.55761	-14	0.0	3	5.1	257
2024/05/12	00:47:03	40.53903	141.55748	48	0.0	3	5.2	259
2024/05/12	00:48:03	40.53921	141.55744	60	0.0	3	5.2	258
2024/05/12	00:49:03	40.53909	141.55769	6	0.0	4	1.4	262
2024/05/12	00:50:02	40.53894	141.55802	-62	0.0	3	5.3	236
2024/05/12	00:51:04	40.53911	141.55759	26	0.0	3	6.4	265
2024/05/12	00:52:02	40.53904	141.55760	60	0.0	3	5.4	237
2024/05/12	00:53:05	40.53922	141.55725	94	0.0	3	5.4	258
2024/05/12	00:54:09	40.53907	141.55768	-6	0.0	4	1.4	257
2024/05/12	00:55:03	40.53908	141.55756	18	0.0	3	6.0	261
2024/05/12	00:56:03	40.53909	141.55759	20	0.0	3	6.1	262
2024/05/12	00:57:03	40.53887	141.55808	-86	0.0	3	6.1	265
2024/05/12	00:58:03	40.53904	141.55772	-18	0.0	3	6.2	260
2024/05/12	00:59:02	40.53938	141.55721	64	0.0	3	6.2	264
2024/05/12	01:00:05	40.53897	141.55789	-42	0.0	3	6.3	255
2024/05/12	01:01:03	40.53919	141.55748	36	0.0	3	6.3	240
2024/05/12	01:02:03	40.53930	141.55734	68	0.0	3	6.4	266
2024/05/12	01:03:03	40.53894	141.55780	-2	0.0	3	6.4	260
2024/05/12	01:04:02	40.53928	141.55738	48	0.0	3	6.4	236
2024/05/12	01:05:04	40.53874	141.55816	-70	0.0	3	6.4	261
2024/05/12	01:06:02	40.53888	141.55793	-36	0.0	3	6.4	262
2024/05/12	01:07:03	40.53892	141.55795	-38	0.0	3	6.4	261
2024/05/12	01:08:03	40.53891	141.55802	-42	0.0	3	6.4	266
2024/05/12	01:09:03	40.53915	141.55751	28	0.0	3	6.4	237
2024/05/12	01:10:02	40.53842	141.55865	-158	0.0	3	6.4	266
2024/05/12	01:11:03	40.53879	141.55797	-20	0.0	3	6.4	260
2024/05/12	01:12:03	40.53940	141.55708	70	3.7	3	6.3	260
2024/05/12	01:13:03	40.53890	141.55769	6	0.0	3	6.3	261
2024/05/12	01:14:03	40.53907	141.55765	-18	3.7	3	6.2	256
2024/05/12	01:15:03	40.53908	141.55766	8	0.0	3	6.2	239
2024/05/12	01:16:03	40.53905	141.55764	30	0.0	3	6.1	289
2024/05/12	01:17:03	40.53903	141.55778	6	0.0	3	6.1	214
2024/05/12	01:18:04	40.53880	141.55799	-46	0.0	3	6.0	243
2024/05/12	01:19:03	40.53929	141.55756	12	0.0	3	6.0	245
2024/05/12	01:20:03	40.53919	141.55761	12	0.0	3	5.4	264
2024/05/12	01:21:02	40.53859	141.55817	-52	0.0	3	5.4	244
2024/05/12	01:22:03	40.53884	141.55780	0	0.0	3	5.3	282
2024/05/12	01:23:02	40.53871	141.55799	-28	0.0	3	5.3	240
2024/05/12	01:24:03	40.53930	141.55737	22	0.0	3	5.2	284
2024/05/12	01:25:03	40.53907	141.55773	-14	0.0	3	5.2	264
2024/05/12	01:26:03	40.53909	141.55760	0	0.0	3	5.1	276
2024/05/12	01:27:03	40.53904	141.55768	-2	0.0	3	5.1	276
2024/05/12	01:28:02	40.53920	141.55755	26	0.0	3	5.1	269
2024/05/12	01:29:02	40.53918	141.55750	26	0.0	3	5.0	241
2024/05/12	01:30:02	40.53902	141.55770	4	0.0	3	5.0	245
2024/05/12	01:31:02	40.53875	141.55789	-24	0.0	3	4.4	243
2024/05/12	01:32:03	40.53893	141.55783	-12	0.0	3	4.4	270
2024/05/12	01:33:02	40.53858	141.55807	-16	0.0	3	4.3	263
2024/05/12	01:34:03	40.53891	141.55780	12	0.0	3	4.3	270
2024/05/12	01:35:02	40.53920	141.55763	6	0.0	3	4.3	274
2024/05/12	01:36:03	40.53887	141.55778	10	0.0	3	4.2	266
2024/05/12	01:37:02	40.53927	141.55749	-14	0.0	3	4.2	240
2024/05/12	01:38:02	40.53887	141.55779	-8	0.0	3	4.1	239
2024/05/12	01:39:02	40.53900	141.55771	10	0.0	2	5.4	233
2024/05/12	01:40:03	40.53885	141.55778	6	0.0	3	4.1	251
2024/05/12	01:41:02	40.53894	141.55774	-12	0.0	3	4.0	237
2024/05/12	01:42:03	40.53899	141.55771	4	0.0	3	4.0	252
2024/05/12	01:43:03	40.53924	141.55758	24	0.0	3	4.0	233
2024/05/12	01:44:02	40.53891	141.55776	18	0.0	3	3.4	228
2024/05/12	01:45:03	40.53907	141.55768	0	0.0	3	3.4	253
2024/05/12	01:46:03	40.53899	141.55769	2	0.0	3	3.4	251
2024/05/12	01:47:02	40.53911	141.55766	-6	0.0	3	3.3	230
2024/05/12	01:48:02	40.53897	141.55767	-6	0.0	3	3.3	226
2024/05/12	01:49:02	40.53888	141.55771	16	0.0	3	3.3	255
2024/05/12	01:50:02	40.53913	141.55763	16	0.0	3	3.3	228
2024/05/12	01:51:03	40.53887	141.55779	10	0.0	3	3.2	273
2024/05/12	01:52:03	40.53891	141.55776	6	0.0	3	3.2	251
2024/05/12	01:53:03	40.53908	141.55761	-4	0.0	3	3.2	274
2024/05/12	01:54:02	40.53886	141.55776	0	0.0	3	3.2	252
2024/05/12	01:55:02	40.53892	141.55769	6	0.0	3	3.1	251
2024/05/12	01:56:03	40.53893	141.55769	10	0.0	3	3.1	277
2024/05/12	01:57:03	40.53901	141.55770	2	0.0	3	3.1	279
2024/05/12	01:58:02	40.53898	141.55771	16	0.0	3	3.1	255
2024/05/12	01:59:02	40.53899	141.55763	-10	0.0	2	5.4	209
2024/05/12	02:00:03	40.53820	141.55808	62	0.0	3	10.3	234
2024/05/12	02:01:03	40.53885	141.55776	18	0.0	3	10.1	259
2024/05/12	02:02:03	40.53896	141.55779	-8	0.0	3	10.0	257
2024/05/12	02:03:02	40.53939	141.55757	-46	0.0	3	9.4	215
2024/05/12	02:04:04	40.53897	141.55768	8	0.0	3	9.3	232
2024/05/12	02:05:05	40.53984	141.55741	-68	7.4	3	9.2	204
2024/05/12	02:06:04	40.53888	141.55773	16	0.0	3	9.1	250
2024/05/12	02:07:03	40.53893	141.55787	-10	0.0	3	9.0	232
2024/05/12	02:08:02	40.53936	141.55743	-30	0.0	3	8.4	208
2024/05/12	02:09:05	40.53898	141.55771	-2	0.0	3	8.3	244
2024/05/12	02:10:04	40.53919	141.55775	-12	0.0	3	8.2	229
2024/05/12	02:11:04	40.53901	141.55772	8	0.0	3	8.1	235
2024/05/12	02:12:05	40.53896	141.55768	-6	0.0	3	8.0	264
2024/05/12	02:13:05	40.53904	141.55761	6	0.0	3	8.0	269
2024/05/12	02:14:06	40.53874	141.55766	20	0.0	3	7.4	268
2024/05/12	02:15:04	40.53922	141.55755	-44	0.0	3	7.3	235
2024/05/12	02:16:06	40.53889	141.55767	18	0.0	3	7.2	235
2024/05/12	02:17:06	40.53909	141.55760	-8	0.0	3	7.2	230
2024/05/12	02:18:03	40.53903	141.55765	-10	0.0	2	6.1	236
2024/05/12	02:19:05	40.53918	141.55750	-22	0.0	3	7.0	230
2024/05/12	02:20:08	40.53927	141.55767	-22	0.0	3	7.0	231
2024/05/12	02:21:06	40.53913	141.55765	-20	0.0	3	6.4	262
2024/05/12	02:22:07	40.53913	141.55768	-14	0.0	3	6.3	230
2024/05/12	02:23:04	40.53921	141.55755	-32	0.0	3	6.3	272
2024/05/12	02:24:05	40.53895	141.55763	8	0.0	3	6.2	236
2024/05/12	02:25:05	40.53909	141.55765	-28	0.0	3	6.2	234
2024/05/12	02:26:06	40.53888	141.55774	18	0.0	3	6.1	270
2024/05/12	02:27:04	40.53889	141.55771	22	0.0	2	5.4	244
2024/05/12	02:28:07	40.53885	141.55769	14	0.0	3	6.0	231
2024/05/12	02:29:16	40.53901	141.55763	-6	0.0	3	6.0	259
2024/05/12	02:30:03	40.53927	141.55762	-14	0.0	3	5.4	244
2024/05/12	02:31:03	40.53897	141.55774	4	0.0	3	5.4	238
2024/05/12	02:32:03	40.53915	141.55762	-22	0.0	3	5.4	239
2024/05/12	02:33:04	40.53845	141.55779	76	0.0	3	5.3	231
2024/05/12	02:34:03	40.53874	141.55773	48	0.0	3	5.3	239
2024/05/12	02:35:05	40.53897	141.55762	10	0.0	3	5.2	260
2024/05/12	02:36:04	40.53933	141.55763	-40	0.0	3	5.2	261
2024/05/12	02:37:03	40.53900	141.55782	-4	0.0	3	5.2	258
2024/05/12	02:38:03	40.53927	141.55762	-20	0.0	3	5.1	272
2024/05/12	02:39:02	40.53924	141.55748	-30	18.5	3	5.1	238
2024/05/12	02:40:04	40.53965	141.55677	-32	25.9	3	5.1	265
2024/05/12	02:41:06	40.53963	141.55669	6	0.0	3	5.1	251
2024/05/12	02:42:04	40.53992	141.55665	-22	0.0	3	5.0	264
2024/05/12	02:43:03	40.54326	141.55579	86	37.0	3	5.0	238
2024/05/12	02:44:32	40.54881	141.55041	-2	37.0	3	5.0	289
2024/05/12	02:45:03	40.54997	141.54975	0	0.0	2	5.3	277
2024/05/12	02:46:35	40.55038	141.54969	-6	0.0	5	2.0	284
2024/05/12	02:47:01	40.55046	141.54977	-22	0.0	5	2.0	262
2024/05/12	02:48:00	40.55035	141.54967	26	0.0	3	2.1	176
2024/05/12	02:49:02	40.55048	141.54970	-22	0.0	4	2.0	243
2024/05/12	02:50:01	40.55028	141.54959	8	0.0	3	2.0	223
2024/05/12	02:51:01	40.55026	141.54954	-22	0.0	4	2.0	232
2024/05/12	02:52:01	40.55037	141.54966	-14	0.0	4	2.0	246
2024/05/12	02:53:02	40.55024	141.54960	-6	0.0	4	2.0	263
2024/05/12	02:54:00	40.55019	141.54962	16	0.0	3	2.0	243
2024/05/12	02:55:02	40.55039	141.54957	-0	0.0	3	2.0	263
2024/05/12	02:56:02	40.55025	141.54950	-2	0.0	4	2.4	205
2024/05/12	02:57:07	40.55021	141.54958	-28	3.7	2	21.0	170
2024/05/12	02:58:06	40.55051	141.55030	-70	0.0	2	23.1	165
2024/05/12	02:59:35	40.55012	141.54942	-12	0.0	4	4.3	159
2024/05/12	03:00:02	40.55014	141.54960	-22	0.0	3	5.3	170
2024/05/12	03:01:02	40.55009	141.54943	-30	0.0	4	4.3	151
2024/05/12	03:02:03	40.55005	141.54950	-14	0.0	4	4.3	168
2024/05/12	03:03:03	40.55002	141.54960	-14	0.0	4	4.3	141
2024/05/12	03:04:02	40.55006	141.54990	-40	0.0	4	4.3	151
2024/05/12	03:05:03	40.54932	141.54955	-20	0.0	4	4.3	147
2024/05/12	03:06:03	40.54925	141.54931	-0	0.0	4	4.3	147
2024/05/12	03:07:03	40.54930	141.54966	-28	0.0	4	4.3	145
2024/05/12	03:08:02	40.54933	141.54957	-22	0.0	4	4.3	143
2024/05/12	03:09:03	40.54930	141.54934	-6	0.0	4	4.3	140
2024/05/12	03:10:03	40.54933	141.54935	-8	0.0	2	6.2	79
2024/05/12	03:11:03	40.54934	141.54929	-0	0.0	4	4.3	154
2024/05/12	03:12:03	40.54930	141.54962	-24	0.0	4	4.3	142
2024/05/12	03:13:03	40.54926	141.54938	-6	0.0	4	4.2	169
2024/05/12	03:14:03	40.54917	141.54942	-14	0.0	4	4.2	165
2024/05/12	03:15:01	40.54928	141.54947	32	0.0	3	2.2	237
2024/05/12	03:16:02	40.54942	141.54931	-36	0.0	3	5.2	105
2024/05/12	03:17:03	40.54978	141.54922	-0	0.0	5	3.0	263
2024/05/12	03:18:02	40.54883	141.54938	-12	0.0	4	4.2	168
2024/05/12	03:19:03	40.54860	141.54922	-10	0.0	3	5.1	170
2024/05/12	03:20:03	40.54869	141.54937	-6	0.0	4	4.1	163
2024/05/12	03:21:02	40.54872	141.54946	-10	0.0	4	4.1	153
2024/05/12	03:22:03	40.54848	141.54950	-12	0.0	4	4.1	169
2024/05/12	03:23:06	40.54840	141.54962	-34	3.7	3	5.0	166
2024/05/12	03:24:03	40.54698	141.54944	-8	3.7	3	5.0	197
2024/05/12	03:25:03	40.54695	141.54965	-16	0.0	3	5.0	202
2024/05/12	03:26:01	40.54904	141.54924	-18	33.3	6	1.2	298
2024/05/12	03:27:04	40.55008	141.54977	-2	0.0	3	3.3	197
2024/05/12	03:28:01	40.55002	141.54976	-6	0.0	5	1.2	240
2024/05/12	03:29:01	40.54927	141.54959	8	22.2	6	1.1	259
2024/05/12	03:30:00	40.54859	141.54967	-6	0.0	4	2.4	302
2024/05/12	03:31:00	40.54930	141.54959	58	0.0	4	2.4	295
2024/05/12	03:32:01	40.54924	141.54449	40	29.6	5	2.3	255
2024/05/12	03:33:02	40.54940	141.54425	16	0.0	2	4.0	141
2024/05/12	03:34:08	40.54959	141.54384	6	0.0	1	4.2	157
2024/05/12	03:35:35	40.54942	141.54373	18	0.0	2	4.1	131
2024/05/12	03:36:03	40.54991	141.54387	-36	0.0	2	4.1	108
2024/05/12	03:37:02	40.54932	141.54351	18	0.0	2	4.1	115
2024/05/12	03:38:03	40.54956	141.54369	-4	0.0	2	4.1	119
2024/05/12	03:39:03	40.54943	141.54351	2	0.0	2	4.1	128
2024/05/12	03:40:03	40.54938	141.54376	-24	0.0	3	3.3	156
2024/05/12	03:41:02	40.54971	141.54388	38	0.0	2	4.1	111
2024/05/12	03:42:03	40.54950	141.54378	-10	0.0	2	4.1	110
2024/05/12	03:43:03	40.54945	141.54360	4	0.0	2	4.1	130
2024/05/12	03:44:02	40.54925	141.54419	-24	22.2	4	2.1	243
2024/05/12	03:45:02	40.54851	141.54467	-2	0.0	2	7.1	151
2024/05/12	03:46:03	40.54907	141.54493	-0	0.0	2	7.2	175
2024/05/12	03:47:04	40.54933	141.54507	-12	0.0	2	7.2	172
2024/05/12	03:48:03	40.54895	141.54516	8	11.1	3	3.2	166
2024/05/12	03:49:02	40.54900	141.54551	-8	0.0	5	1.2	279
2024/05/12	03:50:00	40.54890	141.54472	-18	33.3	5	2.0	243
2024/05/12	03:51:00	40.54985	141.54261	26	29.6	5	1.4	213
2024/05/12	03:52:03	40.55059	141.54176	6	0.0	3	4.4	156
2024/05/12	03:53:04	40.55081	141.54173	28	0.0	3	3.0	180
2024/05/12	03:54:00	40.55073	141.54196	-26	0.0	3	2.4	186
2024/05/12	03:55:03	40.55050	141.54172	-24	0.0	3	4.0	153
2024/05/12	03:56:01	40.55017	141.54370	-0	25.9	3	2.1	174
2024/05/12	03:57:02	40.55084	141.54963	18	25.9	4	2.0	296
2024/05/12	03:58:03	40.55030	141.54910	20	0.0	3	4.4	154
2024/05/12	03:59:01	40.55038	141.54922	64	0.0	4	2.2	240
2024/05/12	04:00:03	40.55029	141.54939	-6	3.7	3	7.3	143
2024/05/12	04:01:02	40.54990	141.54941	2	0.0	5	1.4	260
2024/05/12	04:02:03	40.54955	141.54940	-2	0.0	3	7.1	157
2024/05/12	04:03:03	40.54943	141.54900	18	0.0	3	7.1	156
2024/05/12	04:04:02	40.54873	141.54942	-32	0.0	3	7.0	149
2024/05/12	04:05:03	40.54878	141.54985	-24	0.0	3	6.4	154
2024/05/12	04:06:03	40.54877	141.54917	20	0.0	3	6.4	156
2024/05/12	04:07:03	40.54871	141.54931	8	0.0	3	6.3	156
2024/05/12	04:08:03	40.54878	141.54968	-22	0.0	3	6.3	153
2024/05/12	04:09:04	40.54872	141.54925	6	3.7	3	6.2	140
2024/05/12	04:10:02	40.54863	141.54974	-48	0.0	3	6.2	157
2024/05/12	04:11:05	40.54652	141.55001	12	3.7	3	3.1	170
2024/05/12	04:12:01	40.54631	141.55018	30	0.0	5	1.2	213
2024/05/12	04:13:05	40.54644	141.55011	30	7.4	2	3.2	150
2024/05/12	04:14:35	40.54624	141.55026	4	0.0	4	2.1	160
2024/05/12	04:15:00	40.54625	141.55023	16	0.0	4	2.2	209
2024/05/12	04:16:03	40.54620	141.55049	20	0.0	2	4.0	161
2024/05/12	04:17:03	40.54621	141.55050	-2	0.0	2	4.1	150
2024/05/12	04:18:03	40.54620	141.55068	14	3.7	2	4.1	101
2024/05/12	04:19:03	40.54618	141.55052	14	0.0	2	4.1	134
2024/05/12	04:20:03	40.54631	141.55041	-18	0.0	2	4.1	104
2024/05/12	04:21:04	40.54630	141.55038	-20	0.0	2	4.2	126
2024/05/12	04:22:03	40.54634	141.55049	-24	0.0	2	4.2	132
2024/05/12	04:23:03	40.54621	141.55047	12	3.7	2	4.2	105
2024/05/12	04:24:03	40.54675	141.55020	-68	0.0	2	4.2	165
2024/05/12	04:25:04	40.54681	141.54998	-68	0.0	2	4.3	146
2024/05/12	04:26:06	40.54648	141.55007	-4	0.0	3	3.0	169
2024/05/12	04:27:01	40.54600	141.55235	10	25.9	6	1.1	268
2024/05/12	04:28:02	40.54489	141.55780	20	18.5	5	1.2	244
2024/05/12	04:29:02	40.54070	141.55615	-24	29.6	6	1.1	272
2024/05/12	04:30:02	40.53973	141.55579	0	0.0	5	1.2	261
2024/05/12	04:31:03	40.53974	141.55642	-26	25.9	6	1.1	280
2024/05/12	04:32:02	40.53882	141.55786	-28	0.0	3	2.4	263
2024/05/12	04:33:00	40.53919	141.55775	-46	7.4	3	2.4	215
2024/05/12	04:34:00	40.53906	141.55764	12	0.0	3	2.4	216
2024/05/12	04:35:00	40.53909	141.55759	10	0.0	3	2.4	238
2024/05/12	04:36:00	40.53912	141.55762	0	0.0	4	2.0	230
2024/05/12	04:37:01	40.53906	141.55761	30	0.0	3	2.4	209
2024/05/12	04:38:02	40.53901	141.55771	-10	0.0	5	1.2	260
2024/05/12	04:39:01	40.53902	141.55772	2	0.0	5	1.2	254
2024/05/12	04:40:01	40.53897	141.55767	44	0.0	5	1.2	258
2024/05/12	04:41:00	40.53890	141.55757	6	0.0	3	2.3	236
2024/05/12	04:42:00	40.53926	141.55746	-6	7.4	3	2.3	208
2024/05/12	04:43:00	40.53899	141.55736	108	0.0	3	2.3	175
2024/05/12	04:44:00	40.53898	141.55770	14	0.0	3	2.2	238
2024/05/12	04:45:00	40.53917	141.55757	28	0.0	3	2.2	150
2024/05/12	04:46:02	40.53907	141.55761	-0	0.0	5	1.3	254
2024/05/12	04:47:00	40.53914	141.55767	12	0.0	4	2.0	214
2024/05/12	04:48:00	40.53899	141.55757	22	0.0	3	2.3	210
2024/05/12	04:49:00	40.53909	141.55776	-42	3.7	3	2.2	239
2024/05/12	04:50:01	40.53907	141.55772	4	0.0	5	1.3	236
2024/05/12	04:51:01	40.53899	141.55771	18	0.0	5	1.3	236
2024/05/12	04:52:00	40.53902	141.55761	38	0.0	3	2.2	237
2024/05/12	04:53:00	40.53918	141.55756	38	0.0	3	2.2	237
2024/05/12	04:54:01	40.53904	141.55771	4	0.0	5	1.3	239
2024/05/12	04:55:00	40.53896	141.55799	-32	0.0	3	2.2	235
2024/05/12	04:56:00	40.53885	141.55787	-0	0.0	3	2.1	208
2024/05/12	04:57:00	40.53896	141.55770	54	0.0	3	2.2	237
2024/05/12	04:58:00	40.53915	141.55772	-36	0.0	3	2.2	209
2024/05/12	04:59:01	40.53906	141.55765	-6	0.0	6	1.2	244
2024/05/12	05:00:00	40.53905	141.55769	0	0.0	4	2.0	240
2024/05/12	05:01:01	40.53910	141.55766	-22	0.0	4	2.0	229
2024/05/12	05:02:00	40.53904	141.55765	10	0.0	3	1.4	168
2024/05/12	05:03:01	40.53923	141.55768	-32	0.0	4	2.0	233
2024/05/12	05:04:01	40.53900	141.55773	-6	0.0	6	1.2	237
2024/05/12	05:05:00	40.53924	141.55778	-44	0.0	3	2.3	213
2024/05/12	05:06:00	40.53921	141.55760	-32	0.0	5	1.4	271
2024/05/12	05:07:00	40.53902	141.55777	-0	3.7	3	2.3	266
2024/05/12	05:08:00	40.53877	141.55777	56	0.0	4	2.3	228
2024/05/12	05:09:01	40.53898	141.55778	30	0.0	6	1.3	264
2024/05/12	05:10:00	40.53913	141.55741	-6	0.0	4	2.0	266
2024/05/12	05:11:00	40.53900	141.55761	4	0.0	3	2.2	269
2024/05/12	05:12:00	40.53906	141.55771	-22	0.0	3	2.4	154
2024/05/12	05:13:00	40.53881	141.55764	82	0.0	4	1.4	273
2024/05/12	05:14:00	40.53922	141.55762	-36	0.0	3	2.2	242
2024/05/12	05:15:01	40.53914	141.55755	-2	0.0	4	1.4	232
2024/05/12	05:16:01	40.53902	141.55770	18	0.0	4	1.4	232
2024/05/12	05:17:01	40.53902	141.55789	-0	0.0	4	2.1	231
2024/05/12	05:18:01	40.53906	141.55754	18	0.0	3	2.3	239
2024/05/12	05:19:02	40.53909	141.55760	-8	0.0	6	1.3	261
2024/05/12	05:20:00	40.53893	141.55778	10	0.0	3	2.3	208
2024/05/12	05:21:00	40.53909	141.55770	-4	0.0	5	1.4	269
2024/05/12	05:22:00	40.53920	141.55761	-4	0.0	3	2.3	214
2024/05/12	05:23:01	40.53902	141.55771	20	0.0	4	1.4	253
2024/05/12	05:24:00	40.53906	141.55780	-48	0.0	3	2.3	257
2024/05/12	05:25:00	40.53897	141.55772	-16	0.0	3	2.3	241
2024/05/12	05:26:00	40.53912	141.55747	-12	0.0	4	2.2	210
2024/05/12	05:27:00	40.53931	141.55762	-34	0.0	3	2.4	267
2024/05/12	05:28:01	40.53906	141.55769	-8	0.0	5	1.3	254
2024/05/12	05:29:01	40.53904	141.55772	-18	0.0	4	2.2	251
2024/05/12	05:30:01	40.53913	141.55759	2	0.0	3	2.4	247
2024/05/12	05:31:01	40.53906	141.55764	-0	0.0	4	1.4	255
2024/05/12	05:32:01	40.53899	141.55787	-4	0.0	3	2.4	257
2024/05/12	05:33:01	40.53905	141.55773	4	0.0	4	1.4	257
2024/05/12	05:34:01	40.53909	141.55751	4	0.0	3	2.4	233
2024/05/12	05:35:01	40.53891	141.55779	-0	0.0	3	2.4	254
2024/05/12	05:36:00	40.53914	141.55762	-14	0.0	3	2.4	270
2024/05/12	05:37:00	40.53892	141.55769	20	0.0	4	1.4	245
2024/05/12	05:38:01	40.53898	141.55772	2	0.0	4	1.4	254
2024/05/12	05:39:01	40.53909	141.55766	-4	0.0	4	1.4	274
2024/05/12	05:40:02	40.53900	141.55781	10	0.0	3	2.4	227
2024/05/12	05:41:01	40.53903	141.55782	22	0.0	4	1.4	204
2024/05/12	05:42:01	40.53902	141.55770	-4	0.0	4	1.4	252
2024/05/12	05:43:01	40.53911	141.55765	-10	0.0	4	1.4	235
2024/05/12	05:44:00	40.53915	141.55759	-14	0.0	3	2.4	228
2024/05/12	05:45:01	40.53913	141.55761	-8	0.0	4	1.4	228
2024/05/12	05:46:00	40.53901	141.55759	-12	0.0	3	2.1	228
2024/05/12	05:47:01	40.53899	141.55774	-0	0.0	4	1.4	233
2024/05/12	05:48:01	40.53913	141.55756	-16	0.0	4	1.4	259
2024/05/12	05:49:01	40.53903	141.55764	-22	0.0	4	1.4	256
2024/05/12	05:50:01	40.53904	141.55769	-4	0.0	4	1.4	259
2024/05/12	05:51:01	40.53906	141.55767	-2	0.0	4	2.0	240
2024/05/12	05:52:03	40.53903	141.55764	-0	0.0	4	2.0	260
2024/05/12	05:53:01	40.53906	141.55775	-4	0.0	4	2.0	263
2024/05/12	05:54:01	40.53908	141.55764	-6	0.0	4	2.0	265
2024/05/12	05:55:01	40.53906	141.55769	4	0.0	4	2.0	262
2024/05/12	05:56:01	40.53897	141.55779	-0	0.0	4	2.0	265
2024/05/12	05:57:00	40.53911	141.55766	-0	0.0	4	2.0	231
2024/05/12	05:58:01	40.53906	141.55761	-16	0.0	4	2.0	264
2024/05/12	05:59:01	40.53906	141.55759	-20	0.0	3	2.3	261
2024/05/12	06:00:34	40.53910	141.55769	0	0.0	6	1.3	230
2024/05/12	06:01:01	40.53912	141.55764	10	0.0	6	1.3	239
2024/05/12	06:02:01	40.53864	141.55728	-134	0.0	4	3.1	237
2024/05/12	06:03:01	40.53906	141.55766	-6	0.0	6	1.3	233
2024/05/12	06:04:01	40.53903	141.55765	-4	0.0	6	1.3	234
2024/05/12	06:05:01	40.53908	141.55772	-4	0.0	6	1.3	232
2024/05/12	06:06:01	40.53902	141.55767	-8	0.0	6	1.3	240
2024/05/12	06:07:01	40.53917	141.55769	18	0.0	6	1.3	241
2024/05/12	06:08:00	40.53902	141.55764	-10	0.0	5	1.3	238
2024/05/12	06:09:01	40.53899	141.55767	-6	0.0	5	1.3	242
2024/05/12	06:10:00	40.53926	141.55781	48	0.0	4	2.4	231
2024/05/12	06:11:00	40.53913	141.55777	40	0.0	4	2.4	234
2024/05/12	06:12:01	40.53914	141.55764	4	0.0	6	1.3	235
2024/05/12	06:13:00	40.53905	141.55768	4	0.0	4	2.3	236
2024/05/12	06:14:00	40.53899	141.55760	-26	0.0	5	1.3	215
2024/05/12	06:15:01	40.53904	141.55762	-14	0.0	5	1.3	236
2024/05/12	06:16:02	40.53907	141.55763	2	0.0	6	1.2	246
2024/05/12	06:17:02	40.53897	141.55771	-30	0.0	6	1.2	232
2024/05/12	06:18:01	40.53907	141.55762	0	0.0	5	1.3	257
2024/05/12	06:19:02	40.53899	141.55761	-2	0.0	5	1.3	229
2024/05/12	06:20:01	40.53918	141.55770	-6	0.0	5	1.3	225
2024/05/12	06:21:01	40.53908	141.55765	-4	0.0	6	1.2	258
2024/05/12	06:22:02	40.53897	141.55776	-36	0.0	3	2.4	219
2024/05/12	06:23:01	40.53904	141.55761	-16	0.0	6	1.2	251
2024/05/12	06:24:01	40.53912	141.55764	-0	0.0	4	1.3	230
2024/05/12	06:25:01	40.53905	141.55767	10	0.0	4	1.3	235
2024/05/12	06:26:01	40.53918	141.55756	-40	0.0	3	3.0	202
2024/05/12	06:27:00	40.53906	141.55771	4	0.0	4	1.2	203
2024/05/12	06:28:01	40.53907	141.55767	16	0.0	4	1.2	234
2024/05/12	06:29:01	40.53909	141.55770	2	0.0	6	1.1	237
2024/05/12	06:30:01	40.53913	141.55782	28	0.0	3	3.1	222
2024/05/12	06:31:01	40.53912	141.55761	4	0.0	5	1.2	227
2024/05/12	06:32:01	40.53910	141.55769	-24	0.0	4	1.2	235
2024/05/12	06:33:01	40.53905	141.55764	-6	0.0	5	1.1	239
2024/05/12	06:34:01	40.53902	141.55769	-0	0.0	5	1.2	241
2024/05/12	06:35:01	40.53898	141.55763	18	3.7	2	9.1	228
2024/05/12	06:36:01	40.53915	141.55772	6	0.0	5	1.2	236
2024/05/12	06:37:01	40.53909	141.55775	-8	0.0	4	1.2	232
2024/05/12	06:38:01	40.53917	141.55777	0	0.0	5	1.1	251
2024/05/12	06:39:02	40.53909	141.55767	6	0.0	6	1.1	263
2024/05/12	06:40:01	40.53909	141.55765	2	0.0	5	1.1	237
2024/05/12	06:41:01	40.53906	141.55770	-16	0.0	5	1.1	253
2024/05/12	06:42:02	40.53909	141.55772	-6	0.0	5	1.1	251
2024/05/12	06:43:02	40.53905	141.55768	-4	0.0	5	1.1	258
2024/05/12	06:44:02	40.53906	141.55768	-12	0.0	5	1.1	256
2024/05/12	06:45:01	40.53914	141.55776	-0	0.0	5	1.1	257
2024/05/12	06:46:01	40.53906	141.55766	6	0.0	5	1.1	254
2024/05/12	06:47:01	40.53909	141.55764	-4	0.0	5	1.1	258
2024/05/12	06:48:01	40.53910	141.55776	-12	0.0	5	1.1	260
2024/05/12	06:49:01	40.53904	141.55760	-0	0.0	5	1.1	228
2024/05/12	06:50:01	40.53909	141.55767	-0	0.0	5	1.1	228
2024/05/12	06:51:01	40.53903	141.55776	-0	0.0	5	1.1	207
2024/05/12	06:52:02	40.53909	141.55772	-4	0.0	5	1.1	227
2024/05/12	06:53:02	40.53906	141.55759	4	0.0	4	1.1	202
2024/05/12	06:54:01	40.53906	141.55771	8	0.0	5	1.1	234
2024/05/12	06:55:02	40.53899	141.55747	8	0.0	4	3.3	230
2024/05/12	06:56:02	40.53908	141.55774	-4	0.0	5	1.1	236
2024/05/12	06:57:01	40.53902	141.55766	-8	0.0	5	1.1	234
2024/05/12	06:58:01	40.53904	141.55764	2	0.0	5	1.1	235
2024/05/12	06:59:01	40.53901	141.55761	-4	0.0	5	1.1	239
2024/05/12	07:00:01	40.53906	141.55758	14	0.0	5	1.0	244
2024/05/12	07:01:01	40.53907	141.55765	16	0.0	5	1.0	242
2024/05/12	07:02:01	40.53907	141.55761	4	0.0	5	1.0	236
2024/05/12	07:03:01	40.53903	141.55763	12	0.0	5	1.0	241
2024/05/12	07:04:02	40.53901	141.55750	6	0.0	4	3.1	232
2024/05/12	07:05:01	40.53903	141.55774	-12	0.0	5	1.0	235
2024/05/12	07:06:02	40.53910	141.55777	-10	0.0	5	1.0	236
2024/05/12	07:07:02	40.53906	141.55763	-2	0.0	5	1.0	237
2024/05/12	07:08:02	40.53904	141.55762	-8	0.0	5	1.0	234
2024/05/12	07:09:01	40.53916	141.55793	-12	0.0	4	3.1	229
2024/05/12	07:10:02	40.53914	141.55778	-18	0.0	5	1.0	232
2024/05/12	07:11:01	40.53903	141.55762	0	0.0	5	1.0	233
2024/05/12	07:12:01	40.53905	141.55761	-4	0.0	5	1.0	235
2024/05/12	07:13:01	40.53910	141.55765	-14	0.0	4	1.2	235
2024/05/12	07:14:02	40.53905	141.55768	0	0.0	5	1.0	231
2024/05/12	07:15:01	40.53908	141.55760	-6	0.0	5	1.0	235
2024/05/12	07:16:02	40.53903	141.55763	0	0.0	5	1.0	237
2024/05/12	07:17:02	40.53910	141.55764	8	0.0	5	1.0	234
2024/05/12	07:18:01	40.53907	141.55767	-10	0.0	5	1.0	236
2024/05/12	07:19:01	40.53905	141.55761	0	0.0	5	1.0	298
2024/05/12	07:20:00	40.53904	141.55759	30	0.0	4	1.2	235
2024/05/12	07:21:01	40.53904	141.55763	12	0.0	5	1.0	263
2024/05/12	07:22:01	40.53912	141.55762	2	0.0	5	1.0	255
2024/05/12	07:23:01	40.53913	141.55774	-14	0.0	5	1.0	257
2024/05/12	07:24:00	40.53909	141.55769	0	0.0	4	2.4	212
2024/05/12	07:25:01	40.53904	141.55765	2	0.0	5	1.0	239
2024/05/12	07:26:01	40.53909	141.55762	-0	0.0	5	1.0	255
2024/05/12	07:27:01	40.53906	141.55766	-14	0.0	5	1.0	237
2024/05/12	07:28:01	40.53907	141.55765	10	0.0	5	1.0	261
2024/05/12	07:29:01	40.53907	141.55758	4	0.0	5	1.0	259
2024/05/12	07:30:01	40.53909	141.55763	18	0.0	5	1.0	297
2024/05/12	07:31:01	40.53909	141.55768	-2	0.0	4	2.3	260
2024/05/12	07:32:01	40.53911	141.55773	-4	0.0	4	2.3	259
2024/05/12	07:33:02	40.53911	141.55772	-16	0.0	5	1.0	256
2024/05/12	07:34:01	40.53908	141.55766	-6	0.0	5	1.0	290
2024/05/12	07:35:01	40.53900	141.55766	-10	0.0	5	1.0	256
2024/05/12	07:36:02	40.53908	141.55766	-2	0.0	3	3.2	247
2024/05/12	07:37:01	40.53908	141.55763	-0	0.0	4	1.1	234
2024/05/12	07:38:01	40.53921	141.55790	-48	0.0	3	3.2	251
2024/05/12	07:39:02	40.53904	141.55768	-4	0.0	4	1.1	250
2024/05/12	07:40:02	40.53906	141.55762	-8	0.0	4	1.1	249
2024/05/12	07:41:01	40.53909	141.55768	-26	0.0	3	3.2	226
2024/05/12	07:42:01	40.53895	141.55756	44	0.0	2	3.2	205
2024/05/12	07:43:02	40.53907	141.55763	0	0.0	4	1.1	221
2024/05/12	07:44:01	40.53901	141.55785	12	0.0	3	1.4	202
2024/05/12	07:45:02	40.53903	141.55762	-4	0.0	3	1.4	222
2024/05/12	07:46:01	40.53935	141.55777	32	0.0	2	5.0	145
2024/05/12	07:47:01	40.53907	141.55763	0	0.0	3	2.0	200
2024/05/12	07:48:01	40.53906	141.55773	6	0.0	3	2.0	173
2024/05/12	07:49:00	40.53900	141.55787	10	0.0	3	2.0	149
2024/05/12	07:50:01	40.53903	141.55781	16	0.0	3	2.0	175
2024/05/12	07:51:01	40.53900	141.55774	10	0.0	3	2.0	174
2024/05/12	07:52:02	40.53904	141.55771	4	0.0	3	2.0	216
2024/05/12	07:53:01	40.53910	141.55758	-6	0.0	3	2.0	170
2024/05/12	07:54:01	40.53894	141.55778	-2	0.0	3	2.0	217
2024/05/12	07:55:01	40.53934	141.55772	22	0.0	2	5.0	165
2024/05/12	07:56:01	40.53910	141.55759	8	0.0	2	3.2	259
2024/05/12	07:57:02	40.53911	141.55782	-22	0.0	2	3.2	261
2024/05/12	07:58:02	40.53913	141.55771	-26	0.0	2	3.2	251
2024/05/12	07:59:04	40.53903	141.55772	20	0.0	2	3.2	208
2024/05/12	08:00:04	40.53893	141.55764	20	0.0	2	2.3	211
2024/05/12	08:01:05	40.53912	141.55766	-6	0.0	3	2.0	209
2024/05/12	08:02:05	40.53908	141.55766	-10	0.0	2	2.3	231
2024/05/12	08:03:34	40.53903	141.55758	12	0.0	3	2.0	257
2024/05/12	08:04:01	40.53888	141.55773	-56	0.0	3	2.1	227
2024/05/12	08:05:01	40.53916	141.55772	56	0.0	3	2.1	199
2024/05/12	08:06:01	40.53915	141.55768	42	0.0	3	2.1	221
2024/05/12	08:07:01	40.53906	141.55771	22	0.0	4	1.2	172
2024/05/12	08:08:01	40.53895	141.55761	-10	0.0	4	1.3	222
2024/05/12	08:09:01	40.53901	141.55770	2	0.0	5	1.1	219
2024/05/12	08:10:00	40.53908	141.55776	32	0.0	3	2.1	178
2024/05/12	08:11:00	40.53903	141.55777	6	0.0	3	2.2	173
2024/05/12	08:12:01	40.53903	141.55766	12	0.0	4	1.3	216
2024/05/12	08:13:00	40.53888	141.55775	-42	0.0	3	2.1	175
2024/05/12	08:14:00	40.53908	141.55759	-22	0.0	3	2.2	176
2024/05/12	08:15:01	40.53898	141.55762	-14	0.0	4	1.3	197
2024/05/12	08:16:01	40.53904	141.55764	0	0.0	3	2.2	188
2024/05/12	08:17:01	40.53910	141.55766	32	0.0	4	1.4	171
2024/05/12	08:18:02	40.53907	141.55765	30	0.0	3	2.2	169
2024/05/12	08:19:01	40.53903	141.55758	-38	0.0	3	2.2	176
2024/05/12	08:20:01	40.53900	141.55770	-28	0.0	3	2.2	170
2024/05/12	08:21:02	40.53908	141.55772	6	0.0	4	1.4	196
2024/05/12	08:22:01	40.53892	141.55746	-34	0.0	4	1.4	198
2024/05/12	08:23:00	40.53899	141.55780	-24	0.0	3	2.2	200
2024/05/12	08:24:01	40.53898	141.55756	-32	0.0	4	1.4	198
2024/05/12	08:25:00	40.53922	141.55773	100	0.0	3	2.2	173
2024/05/12	08:26:00	40.53913	141.55787	64	0.0	3	2.2	233
2024/05/12	08:27:01	40.53894	141.55759	-10	0.0	4	2.0	226
2024/05/12	08:28:00	40.53907	141.55755	-6	0.0	3	2.2	201
2024/05/12	08:29:00	40.53909	141.55768	14	0.0	4	2.0	266
2024/05/12	08:30:01	40.53907	141.55773	24	0.0	3	2.3	207
2024/05/12	08:31:00	40.53902	141.55766	-42	0.0	3	2.4	207
2024/05/12	08:32:01	40.53899	141.55759	-8	0.0	4	2.1	211
2024/05/12	08:33:01	40.53904	141.55778	10	0.0	3	2.3	206
2024/05/12	08:34:01	40.53901	141.55768	0	0.0	4	2.1	231
2024/05/12	08:35:01	40.53914	141.55786	78	0.0	3	3.2	198
2024/05/12	08:36:01	40.53910	141.55776	22	0.0	3	3.2	237
2024/05/12	08:37:01	40.53892	141.55731	-60	0.0	3	3.2	207
2024/05/12	08:38:01	40.53924	141.55800	48	0.0	3	2.4	149
2024/05/12	08:39:02	40.53920	141.55783	52	0.0	3	3.2	221
2024/05/12	08:40:02	40.53903	141.55758	20	0.0	3	2.4	226
2024/05/12	08:41:01	40.53906	141.55772	20	0.0	4	2.3	211
2024/05/12	08:42:02	40.53905	141.55774	8	0.0	3	3.0	256
2024/05/12	08:43:01	40.53915	141.55770	-6	0.0	2	3.3	236
2024/05/12	08:44:01	40.53930	141.55798	-8	0.0	2	3.4	251
2024/05/12	08:45:01	40.53913	141.55770	-12	0.0	3	3.2	176
2024/05/12	08:46:01	40.53902	141.55762	40	0.0	2	4.2	209
2024/05/12	08:47:01	40.53913	141.55755	-26	0.0	3	3.3	182
2024/05/12	08:48:01	40.53903	141.55756	-16	0.0	3	3.1	236
2024/05/12	08:49:02	40.53900	141.55763	12	0.0	2	4.0	237
2024/05/12	08:50:02	40.53898	141.55765	4	0.0	3	3.1	265
2024/05/12	08:51:02	40.53880	141.55705	-70	0.0	3	3.2	209
2024/05/12	08:52:01	40.53914	141.55773	16	0.0	4	3.2	265
2024/05/12	08:53:01	40.53910	141.55788	36	0.0	3	3.2	183
2024/05/12	08:54:01	40.53925	141.55797	60	0.0	4	3.2	214
2024/05/12	08:55:01	40.53882	141.55714	-74	0.0	4	3.4	266
2024/05/12	08:56:01	40.53900	141.55774	-0	0.0	4	3.2	186
2024/05/12	08:57:01	40.53910	141.55769	24	0.0	4	3.2	241
2024/05/12	08:58:01	40.53917	141.55811	70	0.0	4	3.3	242
2024/05/12	08:59:01	40.53910	141.55761	4	0.0	3	3.4	217
2024/05/12	09:00:01	40.53908	141.55783	18	0.0	4	3.2	219
2024/05/12	09:01:01	40.53912	141.55779	14	0.0	3	3.4	212
2024/05/12	09:02:01	40.53911	141.55779	22	0.0	3	3.3	236
2024/05/12	09:03:01	40.53907	141.55753	-12	0.0	3	3.4	212
2024/05/12	09:04:01	40.53895	141.55762	-10	0.0	4	3.1	239
2024/05/12	09:05:02	40.53913	141.55773	16	0.0	4	3.1	269
2024/05/12	09:06:01	40.53906	141.55767	-6	0.0	4	3.0	263
2024/05/12	09:07:01	40.53916	141.55789	48	0.0	4	3.0	240
2024/05/12	09:08:01	40.53913	141.55789	34	0.0	4	3.0	261
2024/05/12	09:09:01	40.53904	141.55756	2	0.0	4	3.0	211
2024/05/12	09:10:01	40.53914	141.55774	6	0.0	4	2.4	238
2024/05/12	09:11:03	40.53905	141.55752	-18	0.0	4	2.4	289
2024/05/12	09:12:00	40.53910	141.55762	4	0.0	4	2.4	267
2024/05/12	09:13:01	40.53901	141.55780	12	0.0	4	2.4	288
2024/05/12	09:14:01	40.53914	141.55779	20	0.0	4	2.4	271
2024/05/12	09:15:00	40.53909	141.55748	-26	0.0	3	2.4	290
2024/05/12	09:16:01	40.53906	141.55753	-16	0.0	4	2.4	269
2024/05/12	09:17:01	40.53904	141.55744	-22	0.0	4	2.3	242
2024/05/12	09:18:00	40.53907	141.55802	46	0.0	4	2.4	270
2024/05/12	09:19:01	40.53910	141.55795	50	0.0	4	2.3	294
2024/05/12	09:20:02	40.53907	141.55783	22	0.0	3	4.1	287
2024/05/12	09:21:01	40.53900	141.55754	-30	0.0	4	2.3	294
2024/05/12	09:22:01	40.53901	141.55778	10	0.0	4	2.3	294
2024/05/12	09:23:01	40.53909	141.55756	-10	0.0	4	2.3	291
2024/05/12	09:24:02	40.53904	141.55785	24	0.0	4	2.3	288
2024/05/12	09:25:01	40.53915	141.55759	-18	0.0	4	2.3	289
2024/05/12	09:26:01	40.53907	141.55789	34	0.0	4	2.3	292
2024/05/12	09:27:01	40.53907	141.55762	-20	0.0	4	2.3	287
2024/05/12	09:28:01	40.53907	141.55757	-4	0.0	4	2.3	292
2024/05/12	09:29:01	40.53901	141.55768	0	0.0	4	2.3	232
2024/05/12	09:30:01	40.53909	141.55784	30	0.0	3	2.4	287
2024/05/12	09:31:02	40.53906	141.55754	-16	0.0	4	2.3	288
2024/05/12	09:32:02	40.53896	141.55775	10	0.0	4	2.3	287
2024/05/12	09:33:02	40.53903	141.55782	22	0.0	2	4.3	261
2024/05/12	09:34:01	40.53910	141.55770	20	0.0	2	4.3	242
2024/05/12	09:35:01	40.53908	141.55768	24	0.0	2	4.3	267
2024/05/12	09:36:01	40.53911	141.55771	20	0.0	3	4.1	229
2024/05/12	09:37:04	40.53902	141.55754	4	0.0	3	4.2	235
2024/05/12	09:38:02	40.53914	141.55751	-34	0.0	3	4.1	261
2024/05/12	09:39:03	40.53911	141.55780	12	0.0	3	4.1	252
2024/05/12	09:40:02	40.53916	141.55734	-50	0.0	3	4.2	262
2024/05/12	09:41:01	40.53903	141.55776	2	0.0	3	4.3	267
2024/05/12	09:42:01	40.53905	141.55728	-34	0.0	3	4.2	245
2024/05/12	09:43:01	40.53903	141.55733	-46	0.0	3	4.3	233
2024/05/12	09:44:01	40.53912	141.55798	136	0.0	2	4.4	244
2024/05/12	09:45:01	40.53892	141.55779	16	0.0	3	4.2	273
2024/05/12	09:46:02	40.53908	141.55756	-0	0.0	3	4.2	232
2024/05/12	09:47:02	40.53896	141.55757	-14	0.0	2	4.4	257
2024/05/12	09:48:01	40.53903	141.55738	-38	0.0	2	5.0	209
2024/05/12	09:49:01	40.53897	141.55783	36	0.0	2	5.1	263
2024/05/12	09:50:02	40.53902	141.55760	-4	0.0	3	4.2	268
2024/05/12	09:51:01	40.53892	141.55804	40	0.0	2	4.3	269
2024/05/12	09:52:01	40.53908	141.55747	-56	0.0	2	5.0	238
2024/05/12	09:53:01	40.53908	141.55805	48	0.0	2	4.3	238
2024/05/12	09:54:01	40.53907	141.55781	28	0.0	2	4.3	240
2024/05/12	09:55:02	40.53912	141.55747	-18	0.0	2	4.2	266
2024/05/12	09:56:02	40.53906	141.55771	-2	0.0	3	4.2	270
2024/05/12	09:57:02	40.53915	141.55714	-58	0.0	3	4.1	282
2024/05/12	09:58:02	40.53909	141.55745	-14	0.0	2	4.2	265
2024/05/12	09:59:01	40.53917	141.55742	-6	0.0	2	4.2	267
2024/05/12	10:00:03	40.53906	141.55789	16	3.7	3	12.1	292
2024/05/12	10:01:03	40.53911	141.55784	2	0.0	2	3.4	287
2024/05/12	10:02:02	40.53908	141.55756	4	0.0	2	3.4	284
2024/05/12	10:03:04	40.53897	141.55812	28	3.7	3	14.4	281
2024/05/12	10:04:03	40.53931	141.55622	-92	0.0	3	16.0	274
2024/05/12	10:05:05	40.53914	141.55713	-40	14.8	3	17.2	274
2024/05/12	10:06:10	40.53928	141.55650	-84	0.0	2	4.1	258
2024/05/12	10:07:27	40.53907	141.55766	-0	14.8	3	21.3	273
2024/05/12	10:08:04	40.53902	141.55778	20	7.4	3	23.0	290
2024/05/12	10:09:35	40.53907	141.55763	-10	14.8	4	3.4	279
2024/05/12	10:10:03	40.53904	141.55767	-8	0.0	3	4.1	269
2024/05/12	10:11:02	40.53910	141.55747	-12	0.0	3	4.1	260
2024/05/12	10:12:02	40.53899	141.55764	-8	0.0	3	4.1	276
2024/05/12	10:13:01	40.53922	141.55758	16	7.4	3	4.1	289
2024/05/12	10:14:02	40.53908	141.55758	-4	0.0	3	4.1	264
2024/05/12	10:15:01	40.53902	141.55781	6	0.0	3	4.1	206
2024/05/12	10:16:01	40.53924	141.55775	16	7.4	3	4.2	262
2024/05/12	10:17:01	40.53915	141.55762	20	0.0	3	4.2	270
2024/05/12	10:18:01	40.53921	141.55770	18	7.4	3	4.2	270
2024/05/12	10:19:02	40.53927	141.55759	2	22.2	4	4.2	284
2024/05/12	10:20:02	40.53912	141.55776	8	14.8	3	4.3	286
2024/05/12	10:21:01	40.53909	141.55778	-10	18.5	3	4.3	268
2024/05/12	10:22:02	40.53911	141.55782	-6	0.0	3	4.3	262
2024/05/12	10:23:02	40.53912	141.55762	4	0.0	3	4.4	253
2024/05/12	10:24:02	40.53910	141.55761	0	0.0	3	4.4	230
2024/05/12	10:25:04	40.53913	141.55751	0	0.0	3	5.0	265
2024/05/12	10:26:03	40.53904	141.55741	-12	0.0	3	5.0	264
2024/05/12	10:27:02	40.53893	141.55800	2	0.0	3	5.1	264
2024/05/12	10:28:03	40.53906	141.55750	6	0.0	3	5.2	264
2024/05/12	10:29:02	40.53899	141.55773	0	0.0	3	5.2	263
2024/05/12	10:30:02	40.53902	141.55764	-26	0.0	3	5.3	263
2024/05/12	10:31:02	40.53909	141.55765	6	0.0	3	5.4	267
2024/05/12	10:32:01	40.53927	141.55750	6	0.0	2	6.1	260
2024/05/12	10:33:02	40.53887	141.55785	-28	0.0	3	6.0	262
2024/05/12	10:34:03	40.53921	141.55721	4	0.0	3	6.1	261
2024/05/12	10:35:02	40.53908	141.55777	4	0.0	3	6.2	266
2024/05/12	10:36:03	40.53907	141.55733	-2	0.0	3	6.3	265
2024/05/12	10:37:02	40.53908	141.55761	6	0.0	3	6.4	270
2024/05/12	10:38:03	40.53903	141.55790	2	0.0	3	7.0	260
2024/05/12	10:39:02	40.53894	141.55839	-8	0.0	3	7.2	269
2024/05/12	10:40:02	40.53919	141.55729	-2	0.0	3	7.3	274
2024/05/12	10:41:02	40.53908	141.55762	6	0.0	3	7.4	269
2024/05/12	10:42:02	40.53909	141.55796	8	0.0	3	8.1	276
2024/05/12	10:43:02	40.53909	141.55779	4	0.0	3	8.3	274
2024/05/12	10:44:02	40.53886	141.55847	-8	0.0	3	9.0	275
2024/05/12	10:45:01	40.53918	141.55742	-22	0.0	3	9.2	240
2024/05/12	10:46:02	40.53915	141.55707	16	0.0	3	9.4	273
2024/05/12	10:47:02	40.53912	141.55748	2	0.0	3	10.1	274
2024/05/12	10:48:03	40.53894	141.55817	24	7.4	3	10.4	269
2024/05/12	10:49:02	40.53897	141.55776	8	0.0	3	11.2	275
2024/05/12	10:50:02	40.53913	141.55714	2	0.0	3	12.0	275
2024/05/12	10:51:02	40.53936	141.55650	12	0.0	3	12.3	275
2024/05/12	10:52:04	40.53882	141.55855	-2	0.0	3	13.2	269
2024/05/12	10:53:02	40.53893	141.55805	2	3.7	3	14.1	269
2024/05/12	10:54:03	40.53908	141.55746	10	3.7	3	15.1	267
2024/05/12	10:55:04	40.53902	141.55805	-8	0.0	3	16.2	269
2024/05/12	10:56:04	40.53896	141.55827	-10	3.7	3	17.3	271
2024/05/12	10:57:06	40.53912	141.55729	4	18.5	3	19.0	264
2024/05/12	10:58:09	40.53888	141.55851	-10	3.7	3	20.4	259
2024/05/12	10:59:05	40.53882	141.55864	-8	7.4	3	22.3	263
2024/05/12	11:00:08	40.53875	141.55904	-18	0.0	3	25.0	261
2024/05/12	11:01:08	40.53870	141.55918	-24	14.8	3	27.4	258
2024/05/12	11:02:19	40.53917	141.55720	8	0.0	2	27.0	247
2024/05/12	11:03:35	40.53906	141.55766	0	0.0	7	0.4	261
2024/05/12	11:04:01	40.53914	141.55769	12	0.0	4	1.3	241
2024/05/12	11:05:01	40.53902	141.55761	16	0.0	4	1.3	242
2024/05/12	11:06:00	40.53908	141.55791	-4	0.0	4	2.2	213
2024/05/12	11:07:00	40.53906	141.55759	8	0.0	5	1.2	243
2024/05/12	11:08:00	40.53889	141.55771	-12	0.0	5	1.4	243
2024/05/12	11:09:00	40.53904	141.55763	2	3.7	4	2.3	242
2024/05/12	11:10:01	40.53908	141.55772	-6	0.0	6	1.1	241
2024/05/12	11:11:00	40.53901	141.55766	-4	0.0	4	1.4	205
2024/05/12	11:12:00	40.53917	141.55787	36	3.7	3	2.4	209
2024/05/12	11:13:00	40.53906	141.55750	-30	0.0	4	2.3	210
2024/05/12	11:14:00	40.53892	141.55755	12	11.1	5	1.2	237
2024/05/12	11:15:01	40.53930	141.55814	-26	18.5	4	2.3	235
2024/05/12	11:16:02	40.53902	141.55778	-0	18.5	4	2.4	235
2024/05/12	11:17:02	40.53895	141.55759	28	0.0	5	1.2	230
2024/05/12	11:18:01	40.53901	141.55769	-6	0.0	4	1.2	174
2024/05/12	11:19:00	40.53911	141.55765	-10	0.0	5	1.1	178
2024/05/12	11:20:00	40.53923	141.55772	42	0.0	5	2.0	207
2024/05/12	11:21:00	40.53900	141.55764	-28	0.0	5	2.0	187
2024/05/12	11:22:01	40.53903	141.55763	0	3.7	7	1.0	285
2024/05/12	11:23:00	40.53906	141.55781	4	0.0	4	2.1	207
2024/05/12	11:24:00	40.53910	141.55756	6	0.0	3	2.1	232
2024/05/12	11:25:00	40.53904	141.55783	-10	0.0	4	1.2	202
2024/05/12	11:26:00	40.53900	141.55778	14	0.0	3	2.1	179
2024/05/12	11:27:00	40.53908	141.55758	-12	0.0	5	1.1	179
2024/05/12	11:28:01	40.53913	141.55777	-18	0.0	4	2.0	209
2024/05/12	11:29:01	40.53902	141.55763	-4	0.0	5	1.1	208
2024/05/12	11:30:00	40.53911	141.55763	-18	0.0	4	1.2	226
2024/05/12	11:31:00	40.53898	141.55717	-50	0.0	4	2.0	240
2024/05/12	11:32:00	40.53918	141.55772	14	0.0	5	1.4	183
2024/05/12	11:33:00	40.53896	141.55764	0	0.0	5	1.4	181
2024/05/12	11:34:00	40.53901	141.55764	10	0.0	5	1.4	208
2024/05/12	11:35:01	40.53892	141.55783	6	0.0	3	4.4	184
2024/05/12	11:36:01	40.53916	141.55764	24	0.0	5	1.3	185
2024/05/12	11:37:00	40.53902	141.55776	10	0.0	5	1.3	200
2024/05/12	11:38:00	40.53905	141.55758	12	0.0	5	1.3	200
2024/05/12	11:39:00	40.53877	141.55767	-2	0.0	5	1.3	210
2024/05/12	11:40:00	40.53904	141.55766	-4	0.0	5	1.3	209
2024/05/12	11:41:00	40.53896	141.55757	8	0.0	5	1.3	206
2024/05/12	11:42:01	40.53912	141.55769	24	0.0	5	1.3	236
2024/05/12	11:43:01	40.53905	141.55765	2	0.0	5	1.0	206
2024/05/12	11:44:00	40.53913	141.55776	18	18.5	5	1.0	261
2024/05/12	11:45:01	40.53905	141.55771	18	11.1	4	1.3	241
2024/05/12	11:46:01	40.53905	141.55763	-6	0.0	4	3.2	240
2024/05/12	11:47:00	40.53913	141.55760	4	0.0	4	1.1	213
2024/05/12	11:48:00	40.53909	141.55769	24	0.0	5	1.3	241
2024/05/12	11:49:01	40.53910	141.55777	18	0.0	4	1.0	257
2024/05/12	11:50:00	40.53901	141.55763	-14	0.0	5	1.2	226
2024/05/12	11:51:00	40.53913	141.55780	20	0.0	5	1.2	238
2024/05/12	11:52:00	40.53903	141.55766	0	0.0	4	1.3	206
2024/05/12	11:53:01	40.53907	141.55769	4	0.0	5	1.0	259
2024/05/12	11:54:00	40.53911	141.55768	-6	0.0	5	1.0	260
2024/05/12	11:55:00	40.53912	141.55760	8	0.0	3	1.1	200
2024/05/12	11:56:00	40.53913	141.55800	42	0.0	4	2.1	234
2024/05/12	11:57:01	40.53903	141.55756	-4	0.0	5	1.0	262
2024/05/12	11:58:00	40.53907	141.55778	10	0.0	4	1.2	239
2024/05/12	11:59:01	40.53909	141.55766	-14	0.0	5	1.0	250
2024/05/12	12:00:00	40.53908	141.55779	16	0.0	5	1.2	232
2024/05/12	12:01:00	40.53906	141.55754	-4	0.0	4	1.0	207
2024/05/12	12:02:01	40.53907	141.55769	10	0.0	5	1.0	261
2024/05/12	12:03:00	40.53900	141.55763	12	0.0	4	2.2	216
2024/05/12	12:04:00	40.53897	141.55772	16	0.0	4	1.3	235
2024/05/12	12:05:00	40.53909	141.55787	28	0.0	4	2.2	260
2024/05/12	12:06:01	40.53902	141.55759	36	0.0	5	1.0	256
2024/05/12	12:07:00	40.53897	141.55768	32	0.0	4	2.3	232
2024/05/12	12:08:01	40.53903	141.55760	8	0.0	5	1.0	236
2024/05/12	12:09:00	40.53898	141.55773	16	0.0	5	1.0	243
2024/05/12	12:10:00	40.53884	141.55764	78	0.0	3	2.0	202
2024/05/12	12:11:00	40.53884	141.55776	72	0.0	3	2.0	204
2024/05/12	12:12:00	40.53898	141.55762	18	0.0	4	1.3	238
2024/05/12	12:13:00	40.53906	141.55779	-22	0.0	3	2.3	240
2024/05/12	12:14:00	40.53909	141.55785	38	0.0	4	2.3	245
2024/05/12	12:15:01	40.53908	141.55758	14	0.0	4	1.3	237
2024/05/12	12:16:01	40.53904	141.55751	14	0.0	4	1.3	238
2024/05/12	12:17:01	40.53875	141.55766	10	0.0	3	2.2	271
2024/05/12	12:18:01	40.53905	141.55757	12	0.0	3	2.2	209
2024/05/12	12:19:01	40.53890	141.55790	-74	0.0	3	2.1	211
2024/05/12	12:20:01	40.53896	141.55774	0	0.0	3	2.1	184
2024/05/12	12:21:01	40.53900	141.55781	-4	3.7	3	2.1	231
2024/05/12	12:22:01	40.53909	141.55771	30	0.0	3	2.1	213
2024/05/12	12:23:01	40.53899	141.55775	-24	0.0	3	2.1	212
2024/05/12	12:24:01	40.53899	141.55763	22	0.0	3	2.1	185
2024/05/12	12:25:01	40.53933	141.55757	-8	0.0	3	2.1	212
2024/05/12	12:26:01	40.53892	141.55769	40	0.0	3	2.0	243
2024/05/12	12:27:02	40.53903	141.55764	-16	0.0	3	2.0	241
2024/05/12	12:28:01	40.53894	141.55770	-54	0.0	3	2.0	209
2024/05/12	12:29:01	40.53904	141.55752	-2	18.5	3	2.0	213
2024/05/12	12:30:01	40.53916	141.55755	-2	0.0	3	2.0	213
2024/05/12	12:31:01	40.53895	141.55769	-0	0.0	3	2.0	237
2024/05/12	12:32:01	40.53899	141.55766	10	0.0	3	2.0	240
2024/05/12	12:33:01	40.53899	141.55759	20	0.0	3	1.4	189
2024/05/12	12:34:01	40.53898	141.55766	56	0.0	3	2.0	186
2024/05/12	12:35:01	40.53900	141.55768	12	0.0	3	2.0	216
2024/05/12	12:36:01	40.53904	141.55763	30	0.0	3	2.0	238
2024/05/12	12:37:01	40.53919	141.55764	0	0.0	3	1.4	213
2024/05/12	12:38:01	40.53922	141.55767	-40	0.0	3	1.4	213
2024/05/12	12:39:01	40.53905	141.55769	24	0.0	3	1.4	212
2024/05/12	12:40:02	40.53917	141.55766	48	0.0	3	1.4	216
2024/05/12	12:41:01	40.53922	141.55768	-6	3.7	3	1.4	217
2024/05/12	12:42:01	40.53905	141.55770	0	0.0	3	1.4	184
2024/05/12	12:43:01	40.53918	141.55757	18	0.0	3	1.4	216
2024/05/12	12:44:01	40.53897	141.55775	26	0.0	3	1.4	217
2024/05/12	12:45:03	40.53905	141.55769	4	0.0	3	1.4	232
2024/05/12	12:46:01	40.53884	141.55761	70	0.0	3	1.4	210
2024/05/12	12:47:02	40.53910	141.55771	12	0.0	3	1.4	238
2024/05/12	12:48:01	40.53913	141.55770	-12	0.0	3	1.4	214
2024/05/12	12:49:01	40.53908	141.55763	-10	0.0	3	1.4	188
2024/05/12	12:50:01	40.53915	141.55766	-14	0.0	3	1.4	219
2024/05/12	12:51:01	40.53904	141.55757	14	0.0	3	1.4	210
2024/05/12	12:52:01	40.53916	141.55759	-28	0.0	3	1.4	238
2024/05/12	12:53:00	40.53942	141.55762	-22	0.0	3	1.4	188
2024/05/12	12:54:01	40.53909	141.55769	-6	0.0	3	1.4	213
2024/05/12	12:55:01	40.53905	141.55768	42	0.0	3	1.4	218
2024/05/12	12:56:02	40.53897	141.55762	26	0.0	3	1.4	237
2024/05/12	12:57:01	40.53908	141.55769	20	0.0	3	1.4	245
2024/05/12	12:58:01	40.53910	141.55768	-4	0.0	3	1.4	181
2024/05/12	12:59:01	40.53905	141.55769	10	0.0	3	1.4	208
2024/05/12	13:00:01	40.53895	141.55773	8	0.0	3	1.4	239
2024/05/12	13:01:01	40.53900	141.55769	6	0.0	3	1.4	210
2024/05/12	13:02:02	40.53913	141.55768	4	0.0	3	1.4	234
2024/05/12	13:03:02	40.53927	141.55760	4	0.0	3	1.4	237
2024/05/12	13:04:01	40.53904	141.55772	32	0.0	3	1.4	207
2024/05/12	13:05:02	40.53902	141.55765	14	0.0	3	1.4	242
2024/05/12	13:06:02	40.53898	141.55758	4	0.0	3	1.4	240
2024/05/12	13:07:02	40.53907	141.55764	22	0.0	3	1.4	236
2024/05/12	13:08:01	40.53904	141.55774	24	0.0	3	1.4	210
2024/05/12	13:09:03	40.53905	141.55763	4	0.0	3	1.4	235
2024/05/12	13:10:03	40.53907	141.55769	18	0.0	3	1.4	262
2024/05/12	13:11:03	40.53907	141.55767	14	0.0	3	1.4	234
2024/05/12	13:12:02	40.53921	141.55760	0	0.0	3	1.4	268
2024/05/12	13:13:02	40.53910	141.55767	12	0.0	3	1.4	234
2024/05/12	13:14:03	40.53912	141.55764	2	0.0	3	1.4	262
2024/05/12	13:15:03	40.53910	141.55760	0	0.0	3	1.4	232
2024/05/12	13:16:03	40.53907	141.55772	8	0.0	3	1.4	233
2024/05/12	13:17:03	40.53904	141.55762	2	0.0	3	1.4	234
2024/05/12	13:18:03	40.53898	141.55765	24	0.0	3	1.4	231
2024/05/12	13:19:02	40.53899	141.55769	12	0.0	3	1.4	234
2024/05/12	13:20:03	40.53905	141.55763	14	0.0	3	1.4	231
2024/05/12	13:21:03	40.53906	141.55769	-0	0.0	3	1.4	254
2024/05/12	13:22:03	40.53905	141.55766	26	0.0	3	1.4	230
2024/05/12	13:23:03	40.53910	141.55761	-8	0.0	3	1.4	230
2024/05/12	13:24:03	40.53905	141.55768	24	0.0	3	1.4	226
2024/05/12	13:25:03	40.53903	141.55771	10	0.0	3	1.4	230
2024/05/12	13:26:03	40.53910	141.55760	4	0.0	3	1.4	228
2024/05/12	13:27:03	40.53909	141.55754	-10	3.7	3	1.4	229
2024/05/12	13:28:05	40.53896	141.55793	32	0.0	3	1.4	215
2024/05/12	13:29:03	40.53914	141.55753	-2	0.0	3	1.4	201
2024/05/12	13:30:01	40.53911	141.55805	12	18.5	3	1.4	207
2024/05/12	13:31:02	40.53916	141.55796	12	18.5	3	1.4	284
2024/05/12	13:32:02	40.53913	141.55783	-6	11.1	3	1.4	261
2024/05/12	13:33:03	40.53907	141.55764	10	0.0	3	1.4	199
2024/05/12	13:34:04	40.53908	141.55757	12	0.0	2	1.4	197
2024/05/12	13:35:04	40.53905	141.55766	10	0.0	2	1.4	199
2024/05/12	13:36:03	40.53908	141.55762	2	0.0	3	2.0	206
2024/05/12	13:37:02	40.53911	141.55769	0	0.0	2	1.4	196
2024/05/12	13:38:04	40.53916	141.55772	-28	0.0	3	2.0	199
2024/05/12	13:39:04	40.53908	141.55771	0	0.0	3	2.0	202
2024/05/12	13:40:02	40.53906	141.55774	24	0.0	3	2.0	224
2024/05/12	13:41:04	40.53903	141.55773	2	0.0	3	2.0	205
2024/05/12	13:42:04	40.53916	141.55758	2	0.0	3	2.0	227
2024/05/12	13:43:04	40.53902	141.55769	14	0.0	3	2.0	225
2024/05/12	13:44:04	40.53898	141.55770	20	0.0	3	2.0	250
2024/05/12	13:45:03	40.53895	141.55768	12	3.7	3	2.0	243
2024/05/12	13:46:03	40.53904	141.55761	-4	3.7	3	2.0	223
2024/05/12	13:47:04	40.53910	141.55759	8	0.0	3	2.0	219
2024/05/12	13:48:06	40.53900	141.55774	24	0.0	3	2.0	244
2024/05/12	13:49:04	40.53894	141.55771	22	0.0	3	2.0	242
2024/05/12	13:50:15	40.53904	141.55766	8	7.4	3	2.0	236
2024/05/12	13:51:05	40.53905	141.55765	4	3.7	3	2.0	245
2024/05/12	13:52:09	40.53888	141.55773	18	11.1	3	2.0	237
2024/05/12	13:53:04	40.53902	141.55768	2	0.0	3	2.0	242
2024/05/12	13:54:04	40.53901	141.55764	14	0.0	3	2.0	250
2024/05/12	13:55:06	40.53913	141.55762	4	3.7	3	2.0	236
2024/05/12	13:56:07	40.53911	141.55767	10	0.0	3	2.1	238
2024/05/12	13:57:17	40.53919	141.55762	4	14.8	3	2.1	239
2024/05/12	13:58:18	40.53890	141.55771	22	3.7	3	2.1	270
2024/05/12	13:59:27	40.53908	141.55766	-0	3.7	3	2.1	270
2024/05/12	14:00:34	40.53901	141.55757	8	0.0	4	1.3	247
2024/05/12	14:01:01	40.53908	141.55765	0	0.0	4	1.3	204
2024/05/12	14:02:01	40.53924	141.55812	-14	0.0	2	5.3	175
2024/05/12	14:03:00	40.53898	141.55758	16	0.0	4	1.4	181
2024/05/12	14:04:01	40.53918	141.55771	4	0.0	4	1.3	224
2024/05/12	14:05:00	40.53903	141.55758	36	0.0	4	1.4	209
2024/05/12	14:06:00	40.53905	141.55769	12	0.0	3	2.2	177
2024/05/12	14:07:00	40.53898	141.55752	24	0.0	3	1.4	230
2024/05/12	14:08:00	40.53906	141.55762	2	3.7	4	1.4	212
2024/05/12	14:09:01	40.53926	141.55762	16	14.8	4	1.3	255
2024/05/12	14:10:01	40.53905	141.55766	-20	7.4	4	1.4	236
2024/05/12	14:11:02	40.53902	141.55778	32	0.0	3	2.4	201
2024/05/12	14:12:01	40.53906	141.55772	8	0.0	4	1.4	168
2024/05/12	14:13:00	40.53903	141.55759	20	0.0	4	1.4	172
2024/05/12	14:14:00	40.53920	141.55773	-20	0.0	4	1.4	238
2024/05/12	14:15:01	40.53903	141.55763	20	0.0	4	1.3	223
2024/05/12	14:16:00	40.53935	141.55769	-40	0.0	3	2.2	208
2024/05/12	14:17:00	40.53909	141.55770	6	0.0	3	1.4	152
2024/05/12	14:18:00	40.53913	141.55770	28	0.0	4	1.3	180
2024/05/12	14:19:00	40.53887	141.55739	34	3.7	3	2.2	180
2024/05/12	14:20:00	40.53895	141.55768	52	0.0	4	1.4	184
2024/05/12	14:21:02	40.53907	141.55764	30	0.0	4	1.3	231
2024/05/12	14:22:00	40.53922	141.55783	-20	0.0	3	2.2	207
2024/05/12	14:23:00	40.53916	141.55778	-10	0.0	3	2.2	178
2024/05/12	14:24:00	40.53918	141.55786	-28	0.0	3	2.2	182
2024/05/12	14:25:01	40.53908	141.55765	16	0.0	4	1.3	228
2024/05/12	14:26:00	40.53906	141.55759	20	0.0	3	1.3	184
2024/05/12	14:27:00	40.53897	141.55776	62	0.0	3	2.2	183
2024/05/12	14:28:00	40.53909	141.55782	20	0.0	4	1.3	182
2024/05/12	14:29:00	40.53899	141.55764	14	0.0	4	1.3	183
2024/05/12	14:30:00	40.53898	141.55767	66	0.0	3	2.2	185
2024/05/12	14:31:01	40.53907	141.55762	14	0.0	3	1.3	184
2024/05/12	14:32:01	40.53911	141.55768	-2	0.0	4	1.3	205
2024/05/12	14:33:00	40.53898	141.55742	56	3.7	3	2.1	183
2024/05/12	14:34:00	40.53907	141.55782	0	3.7	3	2.1	189
2024/05/12	14:35:00	40.53893	141.55751	86	0.0	3	2.1	183
2024/05/12	14:36:00	40.53899	141.55754	16	0.0	3	2.1	131
2024/05/12	14:37:01	40.53906	141.55770	14	0.0	4	1.3	188
2024/05/12	14:38:00	40.53920	141.55778	-32	0.0	3	2.1	189
2024/05/12	14:39:00	40.53907	141.55761	-22	0.0	3	2.2	129
2024/05/12	14:40:00	40.53910	141.55755	34	0.0	3	2.1	185
2024/05/12	14:41:00	40.53898	141.55757	22	0.0	4	1.3	186
2024/05/12	14:42:00	40.53916	141.55774	-84	0.0	3	2.1	182
2024/05/12	14:43:01	40.53901	141.55768	26	0.0	4	1.3	213
2024/05/12	14:44:00	40.53909	141.55783	86	0.0	4	1.3	190
2024/05/12	14:45:00	40.53895	141.55775	38	0.0	3	2.0	213
2024/05/12	14:46:00	40.53921	141.55766	-30	0.0	4	1.3	217
2024/05/12	14:47:00	40.53907	141.55761	-12	0.0	3	2.0	215
2024/05/12	14:48:00	40.53912	141.55776	22	0.0	3	1.4	183
2024/05/12	14:49:01	40.53896	141.55757	-12	0.0	4	1.3	213
2024/05/12	14:50:01	40.53900	141.55761	10	0.0	4	1.3	214
2024/05/12	14:51:01	40.53902	141.55771	44	0.0	4	1.3	218
2024/05/12	14:52:00	40.53897	141.55759	28	0.0	4	1.3	217
2024/05/12	14:53:00	40.53908	141.55754	-36	0.0	4	1.3	216
2024/05/12	14:54:00	40.53904	141.55772	30	0.0	3	2.0	216
2024/05/12	14:55:00	40.53910	141.55781	50	0.0	4	1.3	216
2024/05/12	14:56:00	40.53901	141.55766	22	0.0	4	1.3	217
2024/05/12	14:57:02	40.53908	141.55776	28	0.0	4	1.3	217
2024/05/12	14:58:00	40.53924	141.55781	6	0.0	3	2.0	218
2024/05/12	14:59:00	40.53909	141.55775	14	0.0	4	1.3	224
2024/05/12	15:00:00	40.53904	141.55767	48	0.0	3	1.3	184
2024/05/12	15:01:00	40.53897	141.55772	6	0.0	4	1.3	191
2024/05/12	15:02:00	40.53897	141.55765	-14	0.0	4	1.3	207
2024/05/12	15:03:00	40.53903	141.55771	8	0.0	3	2.0	153
2024/05/12	15:04:02	40.53903	141.55768	12	0.0	4	1.3	206
2024/05/12	15:05:01	40.53900	141.55756	-10	0.0	4	1.3	206
2024/05/12	15:06:01	40.53897	141.55764	-28	0.0	4	1.3	213
2024/05/12	15:07:01	40.53909	141.55771	2	0.0	4	1.3	216
2024/05/12	15:08:01	40.53916	141.55760	-18	0.0	4	1.3	217
2024/05/12	15:09:00	40.53921	141.55763	-34	7.4	3	2.4	223
2024/05/12	15:10:00	40.53924	141.55730	-76	0.0	3	2.4	217
2024/05/12	15:11:00	40.53918	141.55742	-42	0.0	3	2.0	220
2024/05/12	15:12:00	40.53901	141.55781	36	0.0	4	1.3	189
2024/05/12	15:13:00	40.53903	141.55757	-6	0.0	4	1.3	218
2024/05/12	15:14:00	40.53922	141.55773	-40	0.0	4	1.3	215
2024/05/12	15:15:00	40.53911	141.55763	-16	0.0	4	1.3	221
2024/05/12	15:16:01	40.53889	141.55745	-12	0.0	4	1.3	247
2024/05/12	15:17:00	40.53906	141.55768	18	0.0	4	1.3	223
2024/05/12	15:18:00	40.53920	141.55773	20	0.0	4	1.3	225
2024/05/12	15:19:00	40.53893	141.55761	2	0.0	3	1.4	213
2024/05/12	15:20:00	40.53906	141.55777	50	0.0	4	1.3	220
2024/05/12	15:21:00	40.53901	141.55760	-0	0.0	4	1.3	221
2024/05/12	15:22:00	40.53945	141.55798	18	7.4	3	2.4	220
2024/05/12	15:23:01	40.53907	141.55765	8	0.0	3	2.2	152
2024/05/12	15:24:01	40.53913	141.55770	36	0.0	4	1.3	239
2024/05/12	15:25:00	40.53906	141.55770	14	0.0	4	1.3	220
2024/05/12	15:26:00	40.53912	141.55780	-116	0.0	3	2.1	217
2024/05/12	15:27:01	40.53919	141.55775	28	3.7	3	2.0	222
2024/05/12	15:28:00	40.53915	141.55764	50	0.0	3	2.0	206
2024/05/12	15:29:00	40.53899	141.55786	50	0.0	4	1.3	213
2024/05/12	15:30:01	40.53911	141.55775	4	0.0	4	1.3	244
2024/05/12	15:31:00	40.53902	141.55782	-154	3.7	3	2.0	185
2024/05/12	15:32:00	40.53927	141.55752	60	0.0	3	2.0	208
2024/05/12	15:33:01	40.53900	141.55778	50	0.0	3	2.0	208
2024/05/12	15:34:00	40.53917	141.55753	0	0.0	3	2.0	154
2024/05/12	15:35:01	40.53907	141.55775	20	0.0	4	1.3	240
2024/05/12	15:36:00	40.53910	141.55759	12	0.0	4	1.3	216
2024/05/12	15:37:00	40.53904	141.55757	-28	0.0	4	1.3	241
2024/05/12	15:38:00	40.53908	141.55769	-12	0.0	3	2.0	219
2024/05/12	15:39:00	40.53910	141.55770	-20	0.0	3	2.0	216
2024/05/12	15:40:00	40.53909	141.55772	-4	0.0	3	2.0	218
2024/05/12	15:41:01	40.53908	141.55770	24	0.0	3	2.0	207
2024/05/12	15:42:01	40.53896	141.55772	-2	0.0	3	2.0	239
2024/05/12	15:43:01	40.53898	141.55760	18	0.0	3	2.0	213
2024/05/12	15:44:01	40.53906	141.55774	20	0.0	3	2.0	240
2024/05/12	15:45:00	40.53880	141.55769	-90	0.0	3	2.0	191
2024/05/12	15:46:00	40.53892	141.55778	-42	0.0	3	2.0	219
2024/05/12	15:47:00	40.53908	141.55769	16	0.0	3	2.0	216
2024/05/12	15:48:00	40.53910	141.55758	18	0.0	3	2.0	212
2024/05/12	15:49:00	40.53905	141.55764	-34	0.0	3	2.0	207
2024/05/12	15:50:02	40.53911	141.55762	2	0.0	3	2.0	238
2024/05/12	15:51:00	40.53914	141.55758	0	0.0	3	2.0	191
2024/05/12	15:52:00	40.53915	141.55762	8	0.0	3	2.0	189
2024/05/12	15:53:00	40.53898	141.55770	-48	0.0	3	2.0	183
2024/05/12	15:54:00	40.53896	141.55767	12	0.0	3	2.1	213
2024/05/12	15:55:00	40.53918	141.55749	-4	0.0	3	2.1	213
2024/05/12	15:56:01	40.53905	141.55780	26	0.0	3	2.1	206
2024/05/12	15:57:01	40.53892	141.55791	14	3.7	3	2.1	183
2024/05/12	15:58:01	40.53906	141.55763	2	0.0	3	2.1	149
2024/05/12	15:59:01	40.53903	141.55771	28	0.0	3	2.1	186
2024/05/12	16:00:03	40.53907	141.55768	-20	0.0	3	2.2	229
2024/05/12	16:01:01	40.53907	141.55760	4	0.0	3	2.2	212
2024/05/12	16:02:01	40.53903	141.55776	20	0.0	3	2.2	216
2024/05/12	16:03:03	40.53909	141.55766	2	0.0	3	2.2	215
2024/05/12	16:04:01	40.53893	141.55781	16	3.7	3	2.2	220
2024/05/12	16:05:01	40.53911	141.55764	-10	0.0	3	2.3	217
2024/05/12	16:06:00	40.53908	141.55767	4	0.0	3	2.3	212
2024/05/12	16:07:00	40.53904	141.55777	-12	3.7	3	2.3	191
2024/05/12	16:08:00	40.53911	141.55764	16	3.7	3	2.3	217
2024/05/12	16:09:01	40.53900	141.55764	16	0.0	3	2.3	217
2024/05/12	16:10:01	40.53907	141.55773	-0	0.0	3	2.4	213
2024/05/12	16:11:01	40.53906	141.55780	-6	0.0	3	2.4	217
2024/05/12	16:12:01	40.53909	141.55765	2	0.0	3	2.4	218
2024/05/12	16:13:01	40.53884	141.55785	42	0.0	3	2.4	189
2024/05/12	16:14:01	40.53894	141.55775	12	0.0	3	3.0	216
2024/05/12	16:15:02	40.53905	141.55763	8	0.0	3	3.0	213
2024/05/12	16:16:01	40.53919	141.55751	14	0.0	3	3.0	217
2024/05/12	16:17:01	40.53899	141.55774	14	0.0	3	3.0	216
2024/05/12	16:18:01	40.53918	141.55753	20	3.7	3	3.1	184
2024/05/12	16:19:01	40.53901	141.55781	16	0.0	3	3.1	218
2024/05/12	16:20:01	40.53919	141.55763	6	0.0	3	3.1	216
2024/05/12	16:21:01	40.53917	141.55758	-12	0.0	3	3.2	212
2024/05/12	16:22:01	40.53919	141.55763	-2	0.0	3	3.2	215
2024/05/12	16:23:02	40.53905	141.55768	-4	0.0	3	3.3	218
2024/05/12	16:24:02	40.53910	141.55761	8	0.0	3	3.3	186
2024/05/12	16:25:01	40.53921	141.55767	-10	0.0	3	3.3	183
2024/05/12	16:26:01	40.53917	141.55760	-18	0.0	3	3.4	216
2024/05/12	16:27:01	40.53902	141.55768	20	0.0	3	3.4	218
2024/05/12	16:28:02	40.53926	141.55753	-16	0.0	3	4.0	220
2024/05/12	16:29:01	40.53931	141.55746	-40	0.0	3	4.0	216
2024/05/12	16:30:01	40.53900	141.55778	10	0.0	3	4.1	215
2024/05/12	16:31:01	40.53895	141.55773	32	0.0	3	4.1	217
2024/05/12	16:32:01	40.53911	141.55765	10	0.0	3	4.2	217
2024/05/12	16:33:03	40.53911	141.55774	0	0.0	3	4.3	238
2024/05/12	16:34:01	40.53877	141.55784	48	0.0	3	4.3	211
2024/05/12	16:35:03	40.53901	141.55769	14	7.4	3	4.4	230
2024/05/12	16:36:05	40.53891	141.55777	18	18.5	3	5.0	227
2024/05/12	16:37:29	40.53910	141.55766	4	0.0	3	4.0	224
2024/05/12	16:38:01	40.53915	141.55760	-10	0.0	3	4.1	211
2024/05/12	16:39:02	40.53892	141.55781	34	0.0	3	4.2	213
2024/05/12	16:40:01	40.53915	141.55767	-14	0.0	3	4.3	211
2024/05/12	16:41:01	40.53903	141.55759	4	0.0	3	4.4	210
2024/05/12	16:42:01	40.53904	141.55776	8	0.0	3	5.1	210
2024/05/12	16:43:01	40.53903	141.55760	2	0.0	3	5.3	212
2024/05/12	16:44:02	40.53911	141.55762	12	0.0	3	6.0	215
2024/05/12	16:45:02	40.53896	141.55780	32	0.0	3	6.2	213
2024/05/12	16:46:01	40.53924	141.55752	-0	0.0	3	7.0	212
2024/05/12	16:47:02	40.53936	141.55748	-38	0.0	3	7.4	214
2024/05/12	16:48:02	40.53905	141.55773	22	0.0	3	8.3	235
2024/05/12	16:49:02	40.53962	141.55715	-78	0.0	3	9.3	231
2024/05/12	16:50:01	40.53847	141.55812	120	0.0	3	11.0	181
2024/05/12	16:51:01	40.53870	141.55787	34	0.0	3	12.3	211
2024/05/12	16:52:01	40.53901	141.55770	30	0.0	2	3.2	210
2024/05/12	16:53:04	40.53935	141.55742	-40	0.0	3	18.3	225
2024/05/12	16:54:35	40.53906	141.55768	8	0.0	5	1.1	233
2024/05/12	16:55:01	40.53908	141.55764	56	0.0	4	1.2	224
2024/05/12	16:56:00	40.53908	141.55778	34	0.0	3	1.3	186
2024/05/12	16:57:00	40.53864	141.55792	24	0.0	3	2.4	232
2024/05/12	16:58:00	40.53892	141.55781	26	0.0	4	1.2	213
2024/05/12	16:59:00	40.53884	141.55767	-4	0.0	3	1.4	234
2024/05/12	17:00:00	40.53904	141.55751	26	0.0	3	1.2	189
2024/05/12	17:01:01	40.53898	141.55771	14	0.0	4	1.2	233
2024/05/12	17:02:00	40.53900	141.55777	14	0.0	4	1.2	233
2024/05/12	17:03:00	40.53918	141.55760	12	0.0	4	1.2	212
2024/05/12	17:04:01	40.53914	141.55759	14	0.0	4	1.2	154
2024/05/12	17:05:01	40.53903	141.55762	2	0.0	4	1.2	210
2024/05/12	17:06:00	40.53900	141.55774	10	0.0	3	1.2	182
2024/05/12	17:07:01	40.53901	141.55776	-12	0.0	4	1.2	232
2024/05/12	17:08:00	40.53911	141.55770	26	0.0	4	1.2	213
2024/05/12	17:09:00	40.53910	141.55766	20	0.0	4	1.2	230
2024/05/12	17:10:00	40.53899	141.55776	24	0.0	4	1.2	213
2024/05/12	17:11:00	40.53915	141.55766	6	0.0	3	1.4	214
2024/05/12	17:12:00	40.53908	141.55765	12	0.0	3	2.4	211
2024/05/12	17:13:01	40.53909	141.55762	-4	0.0	3	1.2	205
2024/05/12	17:14:00	40.53909	141.55762	20	0.0	3	1.2	182
2024/05/12	17:15:00	40.53903	141.55751	8	0.0	4	1.2	215
2024/05/12	17:16:00	40.53912	141.55758	16	0.0	4	1.2	183
2024/05/12	17:17:00	40.53907	141.55759	4	0.0	4	1.2	216
2024/05/12	17:18:00	40.53913	141.55768	2	0.0	4	1.2	215
2024/05/12	17:19:00	40.53909	141.55763	14	0.0	4	1.2	214
2024/05/12	17:20:00	40.53913	141.55765	6	0.0	4	1.2	215
2024/05/12	17:21:00	40.53914	141.55762	8	0.0	4	1.2	214
2024/05/12	17:22:00	40.53909	141.55754	28	0.0	4	1.2	238
2024/05/12	17:23:00	40.53922	141.55753	-0	0.0	4	1.3	212
2024/05/12	17:24:00	40.53891	141.55792	12	0.0	4	1.2	239
2024/05/12	17:25:00	40.53905	141.55782	-8	0.0	4	1.2	245
2024/05/12	17:26:00	40.53908	141.55762	14	0.0	3	2.0	210
2024/05/12	17:27:00	40.53907	141.55746	-40	0.0	3	2.0	215
2024/05/12	17:28:00	40.53917	141.55759	38	0.0	3	1.3	217
2024/05/12	17:29:00	40.53913	141.55757	38	0.0	4	1.2	242
2024/05/12	17:30:00	40.53898	141.55781	32	0.0	4	1.3	205
2024/05/12	17:31:00	40.53903	141.55767	10	0.0	4	1.2	239
2024/05/12	17:32:00	40.53910	141.55758	8	0.0	4	1.2	241
2024/05/12	17:33:00	40.53906	141.55773	0	0.0	3	1.3	239
2024/05/12	17:34:00	40.53886	141.55769	-38	0.0	3	2.1	214
2024/05/12	17:35:00	40.53895	141.55797	12	0.0	4	1.3	242
2024/05/12	17:36:01	40.53916	141.55749	2	0.0	3	1.3	216
2024/05/12	17:37:01	40.53903	141.55768	0	0.0	4	1.3	217
2024/05/12	17:38:02	40.53907	141.55766	6	0.0	4	1.3	237
2024/05/12	17:39:01	40.53910	141.55772	24	0.0	3	1.3	219
2024/05/12	17:40:00	40.53918	141.55772	40	0.0	3	2.1	215
2024/05/12	17:41:00	40.53899	141.55774	-0	0.0	3	2.1	187
2024/05/12	17:42:01	40.53904	141.55784	24	0.0	3	1.3	186
2024/05/12	17:43:01	40.53910	141.55771	-16	0.0	4	1.3	218
2024/05/12	17:44:01	40.53893	141.55774	-10	0.0	3	2.2	217
2024/05/12	17:45:00	40.53905	141.55772	8	0.0	3	2.2	184
2024/05/12	17:46:01	40.53909	141.55758	0	0.0	4	1.3	220
2024/05/12	17:47:01	40.53902	141.55768	20	0.0	4	1.3	220
2024/05/12	17:48:01	40.53906	141.55757	0	0.0	3	2.2	184
2024/05/12	17:49:00	40.53903	141.55777	30	0.0	3	2.2	217
2024/05/12	17:50:00	40.53887	141.55806	-4	0.0	3	2.2	192
2024/05/12	17:51:01	40.53900	141.55778	-6	0.0	3	1.4	195
2024/05/12	17:52:00	40.53899	141.55756	-12	0.0	3	2.2	193
2024/05/12	17:53:02	40.53912	141.55768	14	0.0	3	1.4	236
2024/05/12	17:54:00	40.53902	141.55745	-52	0.0	3	2.3	220
2024/05/12	17:55:01	40.53903	141.55765	2	0.0	3	2.3	193
2024/05/12	17:56:00	40.53896	141.55776	8	3.7	3	2.3	192
2024/05/12	17:57:02	40.53902	141.55771	30	0.0	3	2.0	244
2024/05/12	17:58:02	40.53904	141.55757	-0	0.0	3	2.0	227
2024/05/12	17:59:02	40.53902	141.55776	14	0.0	3	2.0	185
2024/05/12	18:00:02	40.54018	141.55597	40	0.0	3	3.0	236
2024/05/12	18:01:02	40.54016	141.55571	-4	0.0	4	2.0	265
2024/05/12	18:02:03	40.54000	141.55580	-0	0.0	4	2.0	297
2024/05/12	18:03:02	40.54002	141.55565	10	0.0	4	2.0	258
2024/05/12	18:04:03	40.53994	141.55549	-28	0.0	3	3.0	250
2024/05/12	18:05:04	40.53996	141.55764	12	0.0	3	2.1	253
2024/05/12	18:06:04	40.53992	141.55768	12	0.0	2	2.2	222
2024/05/12	18:07:11	40.53994	141.55762	4	0.0	3	2.2	220
2024/05/12	18:08:06	40.53994	141.55772	42	0.0	3	3.0	211
2024/05/12	18:09:21	40.53994	141.55768	28	0.0	3	3.0	257
2024/05/12	18:10:16	40.53992	141.55761	0	0.0	3	2.2	249
2024/05/12	18:11:06	40.53999	141.55765	0	0.0	2	2.2	202
2024/05/12	18:12:06	40.53993	141.55758	-12	3.7	3	3.1	263
2024/05/12	18:13:04	40.53987	141.55766	-12	0.0	2	2.2	217
2024/05/12	18:14:04	40.53991	141.55753	-12	0.0	2	2.2	217
2024/05/12	18:15:03	40.53990	141.55752	-14	0.0	2	2.2	222
2024/05/12	18:16:03	40.54001	141.55748	-12	0.0	2	2.2	197
2024/05/12	18:17:04	40.53995	141.55756	-12	0.0	2	2.2	249
2024/05/12	18:18:03	40.53995	141.55732	-12	0.0	2	2.2	239
2024/05/12	18:19:05	40.53992	141.55760	-10	0.0	2	2.2	220
2024/05/12	18:20:03	40.54006	141.55746	-10	0.0	2	2.2	220
2024/05/12	18:21:05	40.53995	141.55755	-14	0.0	2	2.2	242
2024/05/12	18:22:04	40.53996	141.55758	-14	0.0	2	2.3	255
2024/05/12	18:23:02	40.54089	141.55826	28	29.6	3	3.3	236
2024/05/12	18:24:03	40.54553	141.56112	38	33.3	3	3.4	270
2024/05/12	18:25:02	40.55060	141.56411	52	37.0	3	3.4	242
2024/05/12	18:26:03	40.55621	141.56643	54	37.0	3	3.4	266
2024/05/12	18:27:03	40.56162	141.56919	88	37.0	3	4.0	267
2024/05/12	18:28:03	40.56756	141.56943	42	37.0	3	4.0	298
2024/05/12	18:29:03	40.57339	141.57045	26	37.0	3	4.0	242
2024/05/12	18:30:03	40.57839	141.57148	-4	33.3	3	4.1	267
2024/05/12	18:31:03	40.58402	141.57175	34	37.0	3	4.1	270
2024/05/12	18:32:02	40.58943	141.57300	14	37.0	3	4.1	299
2024/05/12	18:33:03	40.59496	141.57364	2	33.3	3	4.2	262
2024/05/12	18:34:02	40.60011	141.57526	18	29.6	3	4.2	241
2024/05/12	18:35:03	40.60085	141.57594	20	18.5	3	4.2	264
2024/05/12	18:36:04	40.60101	141.57517	-14	22.2	3	4.3	261
2024/05/12	18:37:03	40.60148	141.57578	6	18.5	3	4.3	266
2024/05/12	18:38:03	40.60171	141.57575	-14	18.5	3	4.4	268
2024/05/12	18:39:04	40.60121	141.57561	16	22.2	3	4.4	256
2024/05/12	18:40:04	40.60159	141.57522	26	18.5	3	5.0	252
2024/05/12	18:41:03	40.60207	141.57605	18	14.8	3	5.0	263
2024/05/12	18:42:05	40.60189	141.57484	-18	33.3	3	5.0	254
2024/05/12	18:43:04	40.60216	141.57355	-20	18.5	3	5.1	260
2024/05/12	18:44:03	40.60435	141.57466	6	18.5	3	5.1	265
2024/05/12	18:45:03	40.60488	141.57499	-4	22.2	3	5.2	239
2024/05/12	18:46:04	40.60697	141.57324	-20	37.0	3	5.2	290
2024/05/12	18:47:02	40.60911	141.57238	-36	7.4	3	5.3	286
2024/05/12	18:48:36	40.60587	141.57203	12	22.2	3	3.0	254
2024/05/12	18:49:03	40.60579	141.57169	-6	18.5	3	3.0	247
2024/05/12	18:50:04	40.60489	141.57010	-32	22.2	3	3.0	249
2024/05/12	18:51:03	40.60512	141.56941	-14	18.5	3	3.0	264
2024/05/12	18:52:04	40.60650	141.56971	-18	14.8	3	3.0	275
2024/05/12	18:53:02	40.60643	141.57204	14	22.2	3	3.1	291
2024/05/12	18:54:02	40.60391	141.57226	2	22.2	3	3.1	260
2024/05/12	18:55:02	40.60622	141.57668	-0	29.6	3	3.1	249
2024/05/12	18:56:02	40.60924	141.58119	-0	37.0	3	3.2	290
2024/05/12	18:57:03	40.61459	141.58450	10	37.0	3	3.2	299
2024/05/12	18:58:04	40.62053	141.58647	18	40.7	3	3.3	264
2024/05/12	18:59:03	40.62544	141.58957	14	40.7	3	3.3	288
2024/05/12	19:00:03	40.63130	141.58931	2	40.7	3	3.3	254
2024/05/12	19:01:04	40.63747	141.59060	38	40.7	3	3.4	289
2024/05/12	19:02:03	40.64328	141.59367	4	37.0	3	4.0	264
2024/05/12	19:03:03	40.64886	141.59592	28	37.0	3	4.0	286
2024/05/12	19:04:03	40.65347	141.59938	16	29.6	3	4.1	256
2024/05/12	19:05:03	40.65789	141.60427	14	40.7	3	4.1	291
2024/05/12	19:06:03	40.66333	141.60805	8	37.0	3	4.2	239
2024/05/12	19:07:02	40.66885	141.61160	26	37.0	3	4.3	261
2024/05/12	19:08:02	40.67384	141.61501	22	37.0	3	4.4	266
2024/05/12	19:09:03	40.67901	141.61782	4	25.9	3	5.0	294
2024/05/12	19:10:03	40.68272	141.62134	-2	33.3	3	5.1	262
2024/05/12	19:11:02	40.68750	141.62477	-4	37.0	2	4.0	261
2024/05/12	19:12:04	40.69246	141.62911	54	37.0	3	5.4	297
2024/05/12	19:13:03	40.69733	141.63284	4	37.0	3	6.0	264
2024/05/12	19:14:03	40.70271	141.63557	-2	37.0	3	6.2	258
2024/05/12	19:15:03	40.70718	141.64061	16	37.0	3	6.3	255
2024/05/12	19:16:02	40.71220	141.64536	-10	40.7	3	7.0	261
2024/05/12	19:17:02	40.71718	141.65035	-18	40.7	3	7.3	288
2024/05/12	19:18:03	40.72078	141.65233	32	7.4	3	8.0	253
2024/05/12	19:19:02	40.72443	141.64916	-20	33.3	3	8.3	293
2024/05/12	19:20:03	40.72997	141.65118	20	40.7	3	9.2	264
2024/05/12	19:21:03	40.73722	141.65096	-24	48.2	3	10.1	261
2024/05/12	19:22:02	40.74174	141.65524	84	40.7	3	11.1	237
2024/05/12	19:23:03	40.74786	141.65879	74	44.4	3	12.2	294
2024/05/12	19:24:06	40.75414	141.66204	30	44.4	3	14.0	254
2024/05/12	19:25:03	40.75957	141.66532	-14	40.7	3	15.3	261
2024/05/12	19:26:03	40.76454	141.67113	10	40.7	3	18.0	262
2024/05/12	19:27:03	40.77067	141.67460	-14	44.4	3	21.2	266
2024/05/12	19:28:05	40.77643	141.67922	-2	44.4	3	26.2	259
2024/05/12	19:29:36	40.78520	141.68530	14	40.7	5	1.3	257
2024/05/12	19:30:00	40.78752	141.68702	-42	40.7	3	2.2	249
2024/05/12	19:31:01	40.79260	141.69168	34	44.4	4	2.2	290
2024/05/12	19:32:00	40.79566	141.69338	-30	33.3	4	2.1	231
2024/05/12	19:33:01	40.79988	141.69864	44	40.7	4	2.1	237
2024/05/12	19:34:01	40.80575	141.70145	70	40.7	4	2.1	259
2024/05/12	19:35:01	40.81197	141.70402	22	33.3	4	2.1	226
2024/05/12	19:36:02	40.81725	141.70768	8	37.0	5	1.3	238
2024/05/12	19:37:00	40.82271	141.70889	-40	37.0	4	2.1	215
2024/05/12	19:38:02	40.82758	141.71146	10	40.7	5	1.3	260
2024/05/12	19:39:01	40.83295	141.71508	4	40.7	4	2.1	266
2024/05/12	19:40:02	40.83860	141.71892	14	40.7	5	1.4	264
2024/05/12	19:41:01	40.84399	141.72280	-16	37.0	4	2.1	209
2024/05/12	19:42:01	40.84823	141.72828	14	33.3	4	2.1	256
2024/05/12	19:43:02	40.85351	141.73243	12	40.7	4	2.3	253
2024/05/12	19:44:01	40.85890	141.73518	4	7.4	5	1.4	259
2024/05/12	19:45:01	40.86379	141.73775	6	37.0	5	1.4	269
2024/05/12	19:46:01	40.86630	141.74053	50	33.3	4	2.0	293
2024/05/12	19:47:02	40.87227	141.74024	16	55.6	3	4.3	262
2024/05/12	19:48:02	40.87798	141.73935	26	33.3	4	3.2	263
2024/05/12	19:49:01	40.88248	141.74179	12	29.6	4	2.0	268
2024/05/12	19:50:02	40.88441	141.74577	16	25.9	5	1.4	260
2024/05/12	19:51:02	40.88581	141.74594	40	37.0	4	2.0	257
2024/05/12	19:52:02	40.88551	141.74134	-8	14.8	5	1.4	260
2024/05/12	19:53:02	40.88970	141.74365	48	40.7	3	4.4	259
2024/05/12	19:54:01	40.89258	141.73867	-4	37.0	4	2.0	257
2024/05/12	19:55:01	40.89132	141.73553	20	18.5	4	2.0	258
2024/05/12	19:56:02	40.89125	141.73344	14	25.9	5	1.4	259
2024/05/12	19:57:02	40.88877	141.73184	14	25.9	4	2.0	264
2024/05/12	19:58:02	40.88689	141.73379	12	18.5	5	1.4	263
2024/05/12	19:59:01	40.88472	141.73282	12	25.9	4	2.0	267
2024/05/12	20:00:30	40.88213	141.73451	34	40.7	3	5.0	262
2024/05/12	20:01:02	40.88284	141.73073	38	33.3	3	5.0	261
2024/05/12	20:02:03	40.88436	141.72615	-20	44.4	3	5.1	272
2024/05/12	20:03:02	40.88930	141.72735	18	29.6	3	5.1	259
2024/05/12	20:04:03	40.89492	141.72887	44	33.3	3	5.1	264
2024/05/12	20:05:03	40.89946	141.73095	24	37.0	3	5.2	263
2024/05/12	20:06:02	40.90522	141.73265	16	40.7	3	5.2	263
2024/05/12	20:07:03	40.91019	141.73525	30	29.6	3	5.3	268
2024/05/12	20:08:03	40.91381	141.73935	-22	33.3	3	5.3	234
2024/05/12	20:09:02	40.91681	141.74302	6	33.3	3	5.4	184
2024/05/12	20:10:03	40.92156	141.74238	14	44.4	3	5.4	273
2024/05/12	20:11:03	40.92760	141.74183	-22	40.7	3	6.0	270
2024/05/12	20:12:03	40.93419	141.74374	-0	37.0	3	6.0	273
2024/05/12	20:13:03	40.94066	141.74362	0	44.4	3	6.1	259
2024/05/12	20:14:02	40.94656	141.73970	30	44.4	3	6.2	229
2024/05/12	20:15:04	40.94839	141.73139	-4	37.0	3	6.2	261
2024/05/12	20:16:02	40.95061	141.72430	-16	44.4	3	6.3	293
2024/05/12	20:17:03	40.95706	141.72074	20	44.4	3	6.4	262
2024/05/12	20:18:03	40.96087	141.71607	-22	44.4	3	7.0	262
2024/05/12	20:19:03	40.96745	141.71357	76	48.2	3	7.1	263
2024/05/12	20:20:02	40.96923	141.70683	8	37.0	3	7.1	261
2024/05/12	20:21:02	40.96927	141.70200	104	0.0	3	7.2	245
2024/05/12	20:22:03	40.96931	141.70168	68	0.0	3	7.3	242
2024/05/12	20:23:03	40.96911	141.70092	0	0.0	3	8.0	258
2024/05/12	20:24:03	40.96912	141.70093	28	0.0	3	8.1	276
2024/05/12	20:25:02	40.96899	141.70053	-26	0.0	3	8.2	214
2024/05/12	20:26:04	40.96894	141.69997	-62	0.0	3	8.3	265
2024/05/12	20:27:03	40.96913	141.70017	24	0.0	3	8.4	266
2024/05/12	20:28:02	40.96905	141.69999	30	3.7	3	9.1	236
2024/05/12	20:29:02	40.97256	141.69564	112	44.4	3	9.2	258
2024/05/12	20:30:03	40.97336	141.68651	-60	37.0	3	9.4	261
2024/05/12	20:31:02	40.97679	141.67932	-70	44.4	3	10.1	253
2024/05/12	20:32:03	40.98155	141.67541	2	44.4	3	10.2	244
2024/05/12	20:33:03	40.98648	141.66880	-36	48.2	3	10.4	261
2024/05/12	20:34:03	40.99003	141.66131	50	48.2	3	11.1	258
2024/05/12	20:35:02	40.99355	141.65212	-12	44.4	3	11.4	258
2024/05/12	20:36:02	40.99405	141.64540	-54	48.2	3	12.1	231
2024/05/12	20:37:04	40.99527	141.63869	16	29.6	3	12.4	263
2024/05/12	20:38:03	40.99525	141.63091	-16	44.4	3	13.1	261
2024/05/12	20:39:03	40.99606	141.62229	4	37.0	3	13.4	262
2024/05/12	20:40:03	40.99838	141.61326	8	48.2	3	14.3	266
2024/05/12	20:41:03	41.00099	141.60500	62	48.2	3	15.1	259
2024/05/12	20:42:03	41.00344	141.59554	-24	44.4	3	16.0	260
2024/05/12	20:43:03	41.00656	141.58779	-48	48.2	3	16.4	262
2024/05/12	20:44:04	41.01113	141.58034	2	44.4	3	17.4	260
2024/05/12	20:45:04	41.01184	141.57463	-40	51.9	3	18.4	264
2024/05/12	20:46:04	41.01887	141.57106	-84	51.9	3	20.0	286
2024/05/12	20:47:36	41.02830	141.56704	10	51.9	4	1.3	254
2024/05/12	20:48:01	41.03124	141.56565	26	48.2	4	1.3	260
2024/05/12	20:49:01	41.03632	141.55859	24	48.2	4	1.3	298
2024/05/12	20:50:01	41.04363	141.55562	22	51.9	4	1.3	294
2024/05/12	20:51:02	41.05019	141.55351	22	48.2	4	1.3	269
2024/05/12	20:52:01	41.05555	141.55176	6	51.9	4	1.3	265
2024/05/12	20:53:01	41.06028	141.54361	16	51.9	4	1.3	258
2024/05/12	20:54:02	41.06423	141.53452	18	48.2	4	1.3	261
2024/05/12	20:55:01	41.06737	141.52567	4	44.4	4	1.3	259
2024/05/12	20:56:02	41.06814	141.51956	-24	40.7	3	3.0	261
2024/05/12	20:57:03	41.06974	141.51104	2	33.3	4	1.3	268
2024/05/12	20:58:03	41.06873	141.50498	24	40.7	4	1.3	265
2024/05/12	20:59:02	41.07008	141.49676	6	48.2	3	3.0	259
2024/05/12	21:00:03	41.07144	141.48817	32	40.7	3	3.0	282
2024/05/12	21:01:02	41.07200	141.48249	46	40.7	3	3.0	288
2024/05/12	21:02:01	41.07284	141.48277	28	18.5	4	1.3	264
2024/05/12	21:03:00	41.07416	141.48282	62	14.8	4	1.3	236
2024/05/12	21:04:02	41.07580	141.48440	36	40.7	4	1.3	266
2024/05/12	21:05:01	41.08113	141.48755	94	44.4	3	2.4	265
2024/05/12	21:06:01	41.08429	141.49060	76	18.5	3	2.4	242
2024/05/12	21:07:02	41.08925	141.49493	52	51.9	4	1.3	262
2024/05/12	21:08:01	41.09497	141.49729	58	40.7	4	1.3	261
2024/05/12	21:09:01	41.09917	141.50275	46	40.7	3	2.4	211
2024/05/12	21:10:00	41.10231	141.49556	58	11.1	3	2.4	187
2024/05/12	21:11:01	41.10719	141.49749	16	40.7	3	2.4	262
2024/05/12	21:12:00	41.10844	141.49829	-28	14.8	3	2.4	243
2024/05/12	21:13:01	41.10655	141.49438	54	29.6	3	2.4	262
2024/05/12	21:14:01	41.10959	141.48770	-14	40.7	3	2.4	262
2024/05/12	21:15:02	41.11158	141.48141	-2	40.7	3	3.0	286
2024/05/12	21:16:03	41.11426	141.47656	-18	40.7	3	3.0	289
2024/05/12	21:17:03	41.11649	141.47065	12	37.0	4	1.3	285
2024/05/12	21:18:01	41.11939	141.46488	34	40.7	3	2.3	292
2024/05/12	21:19:03	41.12430	141.45896	-6	40.7	4	1.3	286
2024/05/12	21:20:02	41.12798	141.45515	-0	33.3	4	1.3	264
2024/05/12	21:21:02	41.12956	141.44927	18	29.6	3	3.0	256
2024/05/12	21:22:02	41.12819	141.44556	32	25.9	3	3.0	283
2024/05/12	21:23:03	41.12733	141.44053	16	22.2	3	3.0	283
2024/05/12	21:24:03	41.12566	141.43682	-8	22.2	3	3.0	287
2024/05/12	21:25:02	41.12314	141.43433	-2	18.5	3	3.0	267
2024/05/12	21:26:03	41.12129	141.43069	18	18.5	4	1.3	288
2024/05/12	21:27:03	41.11926	141.42821	-4	22.2	3	3.0	288
2024/05/12	21:28:03	41.11610	141.42780	12	18.5	3	3.0	292
2024/05/12	21:29:03	41.11342	141.42755	0	18.5	3	3.0	290
2024/05/12	21:30:03	41.11298	141.42353	-16	25.9	3	3.0	290
2024/05/12	21:31:02	41.11488	141.41709	10	29.6	3	3.0	288
2024/05/12	21:32:02	41.11565	141.41099	-6	22.2	3	3.0	268
2024/05/12	21:33:02	41.11547	141.40985	-14	0.0	3	3.1	261
2024/05/12	21:34:02	41.11529	141.40891	6	11.1	3	3.1	267
2024/05/12	21:35:03	41.11490	141.40863	4	0.0	2	2.2	289
2024/05/12	21:36:03	41.11478	141.40875	24	0.0	3	3.1	258
2024/05/12	21:37:03	41.11481	141.40878	26	0.0	2	2.2	241
2024/05/12	21:38:04	41.11506	141.40870	30	0.0	2	2.2	250
2024/05/12	21:39:04	41.11479	141.40871	2	3.7	3	3.1	249
2024/05/12	21:40:04	41.11472	141.40871	0	0.0	3	3.1	258
2024/05/12	21:41:03	41.11485	141.40871	-20	0.0	3	3.1	262
2024/05/12	21:42:04	41.11468	141.40870	20	0.0	3	3.1	256
2024/05/12	21:43:04	41.11474	141.40881	20	0.0	2	2.2	257
2024/05/12	21:44:05	41.11480	141.40877	4	0.0	3	3.1	253
2024/05/12	21:45:03	41.11478	141.40888	4	0.0	2	2.2	263
2024/05/12	21:46:04	41.11474	141.40885	0	0.0	2	2.2	259
2024/05/12	21:47:03	41.11363	141.41103	0	18.5	2	2.2	265
2024/05/12	21:48:03	41.11298	141.41610	26	37.0	3	3.1	238
2024/05/12	21:49:03	41.11240	141.42201	-12	29.6	3	3.2	264
2024/05/12	21:50:03	41.11140	141.42867	6	29.6	3	3.2	265
2024/05/12	21:51:03	41.11040	141.43534	0	29.6	3	3.2	264
2024/05/12	21:52:04	41.10884	141.44183	-8	37.0	3	3.2	260
2024/05/12	21:53:02	41.10783	141.44849	20	33.3	3	3.2	263
2024/05/12	21:54:03	41.10726	141.45620	10	40.7	3	3.2	259
2024/05/12	21:55:02	41.10774	141.46054	74	29.6	3	3.2	261
2024/05/12	21:56:02	41.10745	141.46610	-24	11.1	3	3.2	235
2024/05/12	21:57:03	41.10672	141.47140	-0	29.6	3	3.2	260
2024/05/12	21:58:02	41.10580	141.47610	2	18.5	2	2.1	295
2024/05/12	21:59:03	41.10576	141.48107	6	37.0	3	3.2	280
2024/05/12	22:00:04	41.10666	141.48856	4	44.4	2	2.1	286
2024/05/12	22:01:05	41.10962	141.49524	2	33.3	2	2.1	200
2024/05/12	22:02:06	41.11344	141.49102	0	33.3	2	2.1	282
2024/05/12	22:03:36	41.11542	141.48164	24	22.2	3	5.2	279
2024/05/12	22:04:02	41.11471	141.48031	-18	22.2	3	5.2	291
2024/05/12	22:05:03	41.11375	141.47659	2	33.3	3	5.3	282
2024/05/12	22:06:02	41.11207	141.47389	24	14.8	3	5.4	289
2024/05/12	22:07:03	41.11181	141.46999	-24	11.1	3	6.0	291
2024/05/12	22:08:02	41.11062	141.46682	34	11.1	3	6.1	289
2024/05/12	22:09:02	41.11051	141.47234	-18	33.3	3	6.3	281
2024/05/12	22:10:04	41.10873	141.47717	38	22.2	3	6.4	288
2024/05/12	22:11:03	41.10809	141.47344	20	22.2	3	7.0	289
2024/05/12	22:12:03	41.10578	141.47449	16	18.5	3	7.2	290
2024/05/12	22:19:24	41.11088	141.51531	22	18.5	3	3.1	327
2024/05/12	22:20:02	41.10961	141.51690	-0	29.6	3	3.2	320
2024/05/12	22:21:02	41.11177	141.51443	20	22.2	3	3.2	321
2024/05/12	22:22:03	41.11372	141.51961	0	33.3	3	3.2	291
2024/05/12	22:23:03	41.11216	141.52481	2	25.9	3	3.3	288
2024/05/12	22:24:02	41.10979	141.52982	-2	25.9	3	3.3	292
2024/05/12	22:25:02	41.10877	141.53399	-2	14.8	3	3.4	321
2024/05/12	22:26:03	41.10802	141.53774	-18	37.0	3	3.4	313
2024/05/12	22:27:02	41.10946	141.54480	-24	29.6	2	5.2	207
2024/05/12	22:28:02	41.10986	141.55198	18	33.3	3	4.0	286
2024/05/12	22:29:02	41.10935	141.55722	-22	29.6	3	4.1	265
2024/05/12	22:30:03	41.10936	141.56383	42	29.6	3	4.1	306
2024/05/12	22:31:03	41.10873	141.56921	2	33.3	3	4.2	306
2024/05/12	22:32:03	41.10602	141.57094	20	25.9	3	4.2	291
2024/05/12	22:33:03	41.10387	141.57463	6	25.9	3	4.3	312
2024/05/12	22:34:02	41.10224	141.57969	16	25.9	3	4.4	318
2024/05/12	22:35:03	41.10164	141.58487	-20	33.3	3	5.0	311
2024/05/12	22:36:03	41.10421	141.59129	8	33.3	3	5.0	283
2024/05/12	22:37:03	41.10542	141.59751	40	29.6	3	5.1	303
2024/05/12	22:38:03	41.10297	141.59891	-38	22.2	3	5.2	288
2024/05/12	22:39:03	41.10095	141.60355	74	29.6	3	5.3	312
2024/05/12	22:40:02	41.09962	141.60566	90	22.2	2	4.2	320
2024/05/12	22:41:03	41.09722	141.60720	8	18.5	3	6.1	289
2024/05/12	22:42:03	41.09566	141.60809	-80	25.9	3	6.2	310
2024/05/12	22:43:02	41.09481	141.60955	0	11.1	3	6.3	310
2024/05/12	22:44:03	41.09176	141.61142	40	22.2	3	7.0	313
2024/05/12	22:45:04	41.09177	141.61056	26	3.7	3	7.2	283
2024/05/12	22:46:04	41.09216	141.61040	-36	0.0	3	7.3	311
2024/05/12	22:47:03	41.09131	141.60990	30	22.2	3	8.0	278
2024/05/12	22:48:02	41.08928	141.61227	32	29.6	2	4.0	309
2024/05/12	22:49:03	41.08703	141.61542	70	22.2	3	9.0	318
2024/05/12	22:50:03	41.08480	141.61829	78	25.9	3	9.3	306
2024/05/12	22:51:03	41.08360	141.61901	-152	22.2	3	10.1	310
2024/05/12	22:52:04	41.08080	141.61412	66	29.6	3	10.4	310
2024/05/12	22:53:02	41.07742	141.61389	62	18.5	3	11.3	319
2024/05/12	22:54:04	41.07343	141.61211	104	25.9	3	12.3	311
2024/05/12	22:55:05	41.07228	141.61550	-56	25.9	3	13.3	305
2024/05/12	22:56:03	41.07059	141.62045	-4	25.9	3	14.4	281
2024/05/12	23:03:46	41.06222	141.63626	-8	33.3	5	2.3	287
2024/05/12	23:04:01	41.06103	141.63643	14	22.2	4	2.4	307
2024/05/12	23:05:01	41.06084	141.63305	8	29.6	4	2.4	293
2024/05/12	23:06:03	41.05915	141.62672	18	37.0	5	2.4	285
2024/05/12	23:07:02	41.06163	141.62090	28	22.2	4	13.1	286
2024/05/12	23:08:03	41.06162	141.61511	12	25.9	5	2.4	279
2024/05/12	23:09:02	41.06039	141.60990	56	29.6	5	2.4	307
2024/05/12	23:10:03	41.05942	141.60382	38	33.3	5	3.0	313
2024/05/12	23:11:02	41.05957	141.60362	0	0.0	4	3.0	312
2024/05/12	23:12:03	41.05955	141.60352	-12	0.0	4	3.2	312
2024/05/12	23:13:02	41.05597	141.60630	2	33.3	5	3.0	290
2024/05/12	23:14:03	41.05308	141.61190	0	29.6	5	3.0	291
2024/05/12	23:15:04	41.04975	141.61055	-32	29.6	5	3.1	281
2024/05/12	23:16:02	41.04773	141.60516	22	33.3	5	3.1	287
2024/05/12	23:17:03	41.04660	141.59833	-56	40.7	5	3.1	273
2024/05/12	23:18:02	41.04298	141.59303	-8	33.3	5	3.1	320
2024/05/12	23:19:02	41.03921	141.58755	-2	33.3	5	3.2	289
2024/05/12	23:20:02	41.03570	141.58288	-10	29.6	4	3.2	287
2024/05/12	23:21:02	41.03326	141.57742	-4	25.9	3	4.0	278
2024/05/12	23:22:03	41.03327	141.57094	-12	29.6	4	3.2	288
2024/05/12	23:23:02	41.03132	141.56679	0	22.2	4	3.3	319
2024/05/12	23:24:02	41.02920	141.56500	-22	14.8	4	3.3	327
2024/05/12	23:25:02	41.02707	141.56008	26	29.6	4	3.3	311
2024/05/12	23:26:03	41.02524	141.55508	20	29.6	4	3.3	277
2024/05/12	23:27:03	41.02370	141.54955	26	29.6	4	3.3	317
2024/05/12	23:28:03	41.02174	141.54441	20	29.6	4	3.3	303
2024/05/12	23:29:02	41.02014	141.53886	16	25.9	4	3.3	286
2024/05/12	23:30:03	41.01806	141.53381	32	25.9	4	3.4	295
2024/05/12	23:31:02	41.01589	141.52961	-8	25.9	4	3.4	290
2024/05/12	23:32:03	41.01434	141.52394	18	29.6	4	3.4	291
2024/05/12	23:33:02	41.01142	141.51985	12	29.6	4	3.4	284
2024/05/12	23:34:02	41.00800	141.51639	10	25.9	3	4.2	293
2024/05/12	23:35:02	41.00403	141.51343	42	25.9	4	4.0	290
2024/05/12	23:36:03	41.00330	141.50732	-30	33.3	4	4.0	283
2024/05/12	23:37:03	41.00026	141.50260	12	29.6	4	4.1	310
2024/05/12	23:38:03	40.99702	141.49819	12	29.6	4	4.1	305
2024/05/12	23:39:02	40.99402	141.49362	-6	29.6	4	4.2	314
2024/05/12	23:40:03	40.99132	141.48809	56	29.6	4	4.2	311
2024/05/12	23:41:03	40.98901	141.48286	38	29.6	4	4.3	305
2024/05/12	23:42:03	40.98638	141.47741	-40	29.6	4	4.3	313
2024/05/12	23:43:03	40.98244	141.47429	2	25.9	4	4.4	295
2024/05/12	23:44:03	40.97904	141.47079	2	29.6	4	4.4	323
2024/05/12	23:45:03	40.97542	141.46762	4	25.9	4	5.0	321
2024/05/12	23:46:03	40.97123	141.46567	42	25.9	4	5.1	301
2024/05/12	23:47:03	40.96705	141.46536	10	29.6	4	5.1	312
2024/05/12	23:48:03	40.96292	141.46308	10	29.6	4	5.2	327
2024/05/12	23:49:02	40.95834	141.46206	46	29.6	4	5.3	328
2024/05/12	23:50:02	40.95362	141.46295	28	29.6	4	5.4	297
2024/05/12	23:51:02	40.94878	141.46325	10	33.3	4	6.0	329
2024/05/12	23:52:03	40.94443	141.46068	-10	29.6	4	6.1	327
2024/05/12	23:53:03	40.94017	141.45775	-6	33.3	4	6.2	328
2024/05/12	23:54:03	40.93555	141.45589	2	33.3	4	6.3	300
2024/05/12	23:55:02	40.92987	141.45421	42	40.7	4	6.4	293
2024/05/12	23:56:03	40.92566	141.45039	8	37.0	4	7.1	322
2024/05/12	23:57:03	40.92150	141.44735	2	37.0	4	7.2	321
2024/05/12	23:58:03	40.91630	141.44937	-18	33.3	4	7.3	319
2024/05/12	23:59:02	40.91174	141.45086	-30	29.6	4	8.0	297
2024/05/13	00:00:03	40.90696	141.44893	-16	33.3	4	8.1	326
2024/05/13	00:01:03	40.90202	141.44839	-70	37.0	4	8.3	319
2024/05/13	00:02:02	40.89759	141.44715	-170	33.3	4	8.4	318
2024/05/13	00:03:03	40.89194	141.44718	72	25.9	4	9.1	325
2024/05/13	00:04:02	40.88835	141.44508	58	29.6	3	12.0	324
2024/05/13	00:05:03	40.88455	141.44113	-24	29.6	3	12.0	295
2024/05/13	00:06:03	40.88046	141.43680	24	33.3	4	10.1	325
2024/05/13	00:07:02	40.87872	141.43017	26	37.0	2	3.0	255
2024/05/13	00:08:03	40.87573	141.42383	18	33.3	4	10.3	294
2024/05/13	00:09:03	40.87251	141.41798	-20	37.0	4	11.0	291
2024/05/13	00:10:03	40.86940	141.41293	-36	37.0	4	11.1	296
2024/05/13	00:11:03	40.86731	141.40642	-114	37.0	4	11.2	286
2024/05/13	00:12:04	40.86403	141.40074	28	33.3	4	11.3	287
2024/05/13	00:13:03	40.85990	141.39906	-46	29.6	4	11.4	289
2024/05/13	00:14:03	40.85495	141.40029	-34	33.3	4	12.0	296
2024/05/13	00:15:03	40.85034	141.40058	-70	33.3	4	12.0	297
2024/05/13	00:16:03	40.84550	141.40147	-62	37.0	4	12.1	298
2024/05/13	00:17:03	40.84033	141.40261	-46	33.3	4	12.1	297
2024/05/13	00:18:03	40.83536	141.40341	-42	29.6	4	12.1	300
2024/05/13	00:19:03	40.82993	141.40514	78	33.3	4	12.1	295
2024/05/13	00:20:02	40.82547	141.40652	-18	29.6	3	12.2	300
2024/05/13	00:21:02	40.82060	141.40613	-44	29.6	3	12.1	299
2024/05/13	00:22:03	40.81589	141.40563	-86	22.2	3	12.1	310
2024/05/13	00:23:03	40.81131	141.40795	-28	33.3	3	12.1	319
2024/05/13	00:24:02	40.80607	141.40856	60	29.6	3	12.0	311
2024/05/13	00:25:03	40.80155	141.40904	-48	25.9	3	12.0	294
2024/05/13	00:26:02	40.79665	141.41042	-26	29.6	3	11.4	296
2024/05/13	00:27:02	40.79227	141.41124	-56	29.6	3	11.4	301
2024/05/13	00:28:03	40.78707	141.41161	20	29.6	3	11.3	326
2024/05/13	00:29:02	40.78287	141.41296	-46	33.3	3	11.2	327
2024/05/13	00:30:03	40.77737	141.41429	-16	33.3	3	11.1	284
2024/05/13	00:31:02	40.77242	141.41519	12	33.3	3	11.1	292
2024/05/13	00:32:02	40.76730	141.41602	-36	40.7	3	11.0	279
2024/05/13	00:33:02	40.76124	141.41774	16	37.0	3	10.4	297
2024/05/13	00:34:02	40.75548	141.41963	22	40.7	3	10.3	297
2024/05/13	00:35:02	40.74999	141.42133	-66	29.6	3	10.2	303
2024/05/13	00:36:03	40.74405	141.42405	-28	40.7	3	10.1	298
2024/05/13	00:37:02	40.73787	141.42667	24	40.7	3	10.0	295
2024/05/13	00:38:02	40.73228	141.42685	-32	40.7	3	9.4	297
2024/05/13	00:39:02	40.72599	141.42722	4	40.7	3	9.3	296
2024/05/13	00:40:02	40.72013	141.42793	0	40.7	3	9.1	292
2024/05/13	00:41:03	40.71477	141.42978	-24	40.7	3	9.0	299
2024/05/13	00:42:02	40.70899	141.43215	40	33.3	3	8.4	299
2024/05/13	00:43:02	40.70293	141.43356	30	37.0	3	8.3	296
2024/05/13	00:44:02	40.69741	141.43624	44	37.0	3	8.2	297
2024/05/13	00:45:02	40.69248	141.43800	-28	40.7	3	8.1	297
2024/05/13	00:46:02	40.68670	141.44041	-22	40.7	3	8.0	295
2024/05/13	00:47:05	40.68296	141.44410	-22	29.6	3	7.3	290
2024/05/13	00:48:02	40.67940	141.44193	-36	33.3	3	7.2	268
2024/05/13	00:49:03	40.67514	141.44163	-14	29.6	3	7.1	283
2024/05/13	00:50:03	40.67046	141.44317	-36	29.6	3	7.0	295
2024/05/13	00:51:03	40.66533	141.44503	34	29.6	3	6.4	296
2024/05/13	00:52:03	40.66091	141.44719	10	33.3	3	6.3	297
2024/05/13	00:53:02	40.65545	141.44626	-30	37.0	3	6.2	263
2024/05/13	00:54:02	40.64940	141.44614	-44	40.7	3	6.1	265
2024/05/13	00:55:02	40.64451	141.44749	-24	29.6	3	6.1	292
2024/05/13	00:56:03	40.63964	141.44786	-6	29.6	3	6.0	294
2024/05/13	00:57:03	40.63920	141.44799	-8	0.0	3	5.4	264
2024/05/13	00:58:05	40.63929	141.44801	-4	3.7	3	5.3	281
2024/05/13	00:59:03	40.63927	141.44793	-24	0.0	3	5.2	297
2024/05/13	01:00:03	40.63877	141.44825	-10	0.0	3	5.1	305
2024/05/13	01:01:03	40.63869	141.44832	-2	3.7	3	5.1	297
2024/05/13	01:02:03	40.63577	141.45221	-6	33.3	3	5.0	289
2024/05/13	01:03:03	40.63049	141.45355	-20	37.0	3	4.4	292
2024/05/13	01:04:03	40.62601	141.45744	-14	37.0	3	4.4	284
2024/05/13	01:05:03	40.61992	141.45804	2	33.3	3	4.3	288
2024/05/13	01:06:03	40.61490	141.45893	-6	29.6	3	4.3	313
2024/05/13	01:07:03	40.60985	141.46138	-4	33.3	3	4.2	292
2024/05/13	01:08:03	40.60466	141.46286	34	29.6	3	4.2	308
2024/05/13	01:09:03	40.60285	141.46262	-18	25.9	3	4.1	288
2024/05/13	01:10:03	40.60249	141.46268	4	3.7	3	4.1	282
2024/05/13	01:11:03	40.60240	141.46279	-12	0.0	3	4.0	285
2024/05/13	01:12:02	40.60253	141.46284	10	11.1	3	4.0	215
2024/05/13	01:13:03	40.60237	141.46273	-6	0.0	3	3.4	281
2024/05/13	01:14:02	40.60267	141.46242	-16	0.0	3	3.4	293
2024/05/13	01:15:03	40.60265	141.46228	-18	0.0	3	3.4	276
2024/05/13	01:16:03	40.60234	141.46266	6	0.0	3	3.3	278
2024/05/13	01:17:04	40.60273	141.46220	-56	22.2	3	3.3	259
2024/05/13	01:18:02	40.60228	141.46252	-32	0.0	3	3.3	281
2024/05/13	01:19:02	40.60183	141.46570	-10	22.2	3	3.3	286
2024/05/13	01:20:03	40.59791	141.46651	8	29.6	3	3.2	285
2024/05/13	01:21:03	40.59317	141.46871	20	29.6	3	3.2	305
2024/05/13	01:22:03	40.58945	141.47121	4	25.9	3	3.2	285
2024/05/13	01:23:03	40.58721	141.47531	10	25.9	3	3.2	295
2024/05/13	01:24:03	40.58411	141.47675	-12	33.3	3	3.2	281
2024/05/13	01:25:03	40.57985	141.47966	2	29.6	3	3.2	314
2024/05/13	01:26:03	40.57584	141.48169	-12	25.9	3	3.2	302
2024/05/13	01:27:03	40.57486	141.48649	-4	29.6	3	3.1	307
2024/05/13	01:28:02	40.57053	141.48955	4	29.6	3	3.1	261
2024/05/13	01:29:03	40.56602	141.49215	-24	29.6	3	3.1	296
2024/05/13	01:30:03	40.56341	141.49703	-14	25.9	3	3.1	303
2024/05/13	01:31:02	40.56071	141.50164	20	29.6	3	3.1	204
2024/05/13	01:32:03	40.55871	141.50665	4	29.6	3	3.1	298
2024/05/13	01:33:03	40.55739	141.51200	-14	29.6	3	3.1	275
2024/05/13	01:34:05	40.55594	141.51763	0	29.6	3	3.1	247
2024/05/13	01:35:03	40.55607	141.52268	2	33.3	3	3.1	300
2024/05/13	01:36:03	40.55791	141.52672	18	29.6	3	3.1	299
2024/05/13	01:37:04	40.55844	141.53313	-8	29.6	3	3.1	295
2024/05/13	01:38:02	40.55520	141.53642	-18	25.9	3	3.1	284
2024/05/13	01:39:03	40.55201	141.54068	2	29.6	3	3.1	259
2024/05/13	01:40:03	40.54938	141.54479	28	25.9	3	3.1	306
2024/05/13	01:41:03	40.54759	141.54972	12	33.3	3	3.1	320
2024/05/13	01:42:03	40.54574	141.55423	8	25.9	3	3.1	312
2024/05/13	01:43:02	40.54363	141.55704	-14	40.7	3	3.1	289
2024/05/13	01:44:03	40.53901	141.55784	20	3.7	3	3.1	275
2024/05/13	01:45:02	40.53948	141.55752	16	0.0	2	3.3	295
2024/05/13	01:46:10	40.53901	141.55786	16	3.7	3	3.2	262
2024/05/13	01:47:03	40.53902	141.55750	-12	0.0	3	3.2	268
2024/05/13	01:48:03	40.53900	141.55747	-30	3.7	3	3.2	270
2024/05/13	01:49:09	40.53907	141.55759	-18	3.7	3	3.2	261
2024/05/13	01:50:06	40.53910	141.55758	-18	0.0	2	2.1	265
2024/05/13	01:51:08	40.53891	141.55758	-16	3.7	3	3.2	266
2024/05/13	01:52:05	40.53895	141.55777	6	0.0	3	3.2	280
2024/05/13	01:53:07	40.53928	141.55739	-38	3.7	3	3.2	270
2024/05/13	01:54:02	40.53875	141.55757	-34	0.0	3	3.2	287
2024/05/13	01:55:05	40.53878	141.55763	-34	3.7	2	3.0	263
2024/05/13	01:56:06	40.53906	141.55764	-8	0.0	3	3.3	259
2024/05/13	01:57:04	40.53898	141.55768	-12	0.0	2	2.4	267
2024/05/13	01:58:12	40.53891	141.55756	-22	3.7	3	3.3	266
2024/05/13	01:59:08	40.53908	141.55778	4	7.4	3	3.3	263
2024/05/13	02:00:29	40.53910	141.55763	14	0.0	6	1.1	274
2024/05/13	02:01:01	40.53901	141.55763	14	0.0	5	1.1	258
2024/05/13	02:02:01	40.53905	141.55766	0	0.0	5	1.1	264
2024/05/13	02:03:01	40.53902	141.55774	-2	0.0	4	1.2	252
2024/05/13	02:04:01	40.53911	141.55768	-4	0.0	4	1.2	258
2024/05/13	02:05:01	40.53906	141.55768	8	0.0	4	1.2	262
2024/05/13	02:06:01	40.53897	141.55779	6	0.0	4	1.2	207
2024/05/13	02:07:01	40.53910	141.55765	8	0.0	4	1.2	256
2024/05/13	02:08:01	40.53900	141.55775	0	0.0	4	1.2	263
2024/05/13	02:09:01	40.53916	141.55774	4	0.0	6	1.1	266
2024/05/13	02:10:01	40.53898	141.55762	18	0.0	4	1.2	261
2024/05/13	02:11:01	40.53920	141.55763	-6	0.0	3	1.3	261
2024/05/13	02:12:01	40.53897	141.55764	0	0.0	4	1.2	260
2024/05/13	02:13:01	40.53906	141.55764	16	0.0	4	1.2	260
2024/05/13	02:14:01	40.53915	141.55759	12	0.0	5	1.1	252
2024/05/13	02:15:01	40.53906	141.55774	-2	0.0	4	1.2	261
2024/05/13	02:16:01	40.53897	141.55767	14	0.0	5	1.2	264
2024/05/13	02:17:00	40.53914	141.55763	-4	0.0	3	1.4	262
2024/05/13	02:18:01	40.53906	141.55768	-0	0.0	6	1.1	265
2024/05/13	02:19:01	40.53906	141.55782	-14	0.0	3	1.4	252
2024/05/13	02:20:01	40.53912	141.55759	12	0.0	6	1.1	272
2024/05/13	02:21:01	40.53904	141.55769	-8	0.0	6	1.1	258
2024/05/13	02:22:01	40.53902	141.55764	14	0.0	5	1.2	268
2024/05/13	02:23:01	40.53905	141.55770	4	0.0	5	1.2	264
2024/05/13	02:24:01	40.53907	141.55771	-4	0.0	5	1.2	260
2024/05/13	02:25:01	40.53900	141.55770	0	0.0	5	1.2	264
2024/05/13	02:26:01	40.53906	141.55771	-10	0.0	5	1.2	265
2024/05/13	02:27:02	40.53903	141.55766	-2	0.0	5	1.1	260
2024/05/13	02:28:01	40.53904	141.55753	32	0.0	5	1.1	266
2024/05/13	02:29:01	40.53907	141.55768	4	0.0	5	1.1	264
2024/05/13	02:30:02	40.53908	141.55770	2	0.0	5	1.1	258
2024/05/13	02:31:01	40.53907	141.55766	6	0.0	5	1.1	279
2024/05/13	02:32:02	40.53905	141.55758	6	0.0	5	1.1	279
2024/05/13	02:33:02	40.53904	141.55775	-8	0.0	4	3.1	251
2024/05/13	02:34:03	40.53907	141.55765	6	0.0	5	1.1	280
2024/05/13	02:35:02	40.53903	141.55759	20	0.0	5	1.1	262
2024/05/13	02:36:02	40.53902	141.55777	-6	0.0	4	1.4	257
2024/05/13	02:37:01	40.53917	141.55773	22	0.0	4	1.4	233
2024/05/13	02:38:01	40.53898	141.55765	-0	0.0	4	2.4	265
2024/05/13	02:39:01	40.53909	141.55753	20	0.0	4	2.4	235
2024/05/13	02:40:01	40.53904	141.55769	0	0.0	5	1.1	267
2024/05/13	02:41:01	40.53904	141.55781	-10	0.0	5	1.1	267
2024/05/13	02:42:01	40.53902	141.55758	24	0.0	5	1.1	264
2024/05/13	02:43:02	40.53903	141.55771	-18	0.0	5	1.1	262
2024/05/13	02:44:01	40.53905	141.55763	6	0.0	5	1.1	265
2024/05/13	02:45:01	40.53911	141.55765	10	0.0	5	1.1	263
2024/05/13	02:46:02	40.53911	141.55761	30	0.0	4	1.4	260
2024/05/13	02:47:01	40.53905	141.55766	0	0.0	5	1.1	272
2024/05/13	02:48:01	40.53905	141.55761	6	0.0	5	1.1	271
2024/05/13	02:49:00	40.53897	141.55763	-10	0.0	3	2.4	264
2024/05/13	02:50:00	40.53904	141.55744	6	0.0	3	2.4	235
2024/05/13	02:51:00	40.53895	141.55792	-56	0.0	3	2.4	271
2024/05/13	02:52:01	40.53904	141.55759	6	0.0	3	2.4	263
2024/05/13	02:53:01	40.53903	141.55748	22	0.0	4	2.0	270
2024/05/13	02:54:00	40.53939	141.55712	160	3.7	3	2.4	243
2024/05/13	02:55:01	40.53908	141.55774	-4	0.0	4	1.3	266
2024/05/13	02:56:01	40.53907	141.55775	-12	0.0	4	1.3	265
2024/05/13	02:57:01	40.53902	141.55771	-4	0.0	4	1.3	271
2024/05/13	02:58:00	40.53905	141.55725	56	0.0	3	2.3	264
2024/05/13	02:59:01	40.53904	141.55759	26	0.0	3	2.3	275
2024/05/13	03:00:01	40.53913	141.55774	8	0.0	4	1.3	274
2024/05/13	03:01:01	40.53908	141.55755	36	0.0	3	2.2	265
2024/05/13	03:02:01	40.53922	141.55754	52	0.0	3	2.2	263
2024/05/13	03:03:01	40.53908	141.55753	34	0.0	3	2.2	238
2024/05/13	03:04:01	40.53927	141.55735	110	0.0	3	2.2	234
2024/05/13	03:05:01	40.53907	141.55763	2	0.0	3	2.2	262
2024/05/13	03:06:02	40.53911	141.55752	48	0.0	3	2.2	241
2024/05/13	03:07:02	40.53906	141.55775	8	0.0	3	2.2	255
2024/05/13	03:08:02	40.53897	141.55764	8	0.0	4	1.2	231
2024/05/13	03:09:01	40.53904	141.55767	-2	0.0	3	1.3	228
2024/05/13	03:10:01	40.53890	141.55753	18	0.0	3	2.2	225
2024/05/13	03:11:01	40.53894	141.55763	-22	0.0	4	1.2	233
2024/05/13	03:12:01	40.53897	141.55769	-10	0.0	3	1.3	227
2024/05/13	03:13:01	40.53906	141.55769	-0	0.0	4	1.2	223
2024/05/13	03:14:01	40.53894	141.55768	4	0.0	4	1.2	227
2024/05/13	03:15:01	40.53900	141.55768	-22	0.0	4	1.2	229
2024/05/13	03:16:01	40.53904	141.55764	0	0.0	3	2.0	234
2024/05/13	03:17:02	40.53905	141.55767	8	0.0	4	1.2	231
2024/05/13	03:18:01	40.53904	141.55768	12	0.0	4	1.2	234
2024/05/13	03:19:02	40.53906	141.55766	16	0.0	4	1.2	240
2024/05/13	03:20:01	40.53899	141.55762	16	0.0	3	2.0	241
2024/05/13	03:21:01	40.53906	141.55762	-6	0.0	3	2.0	178
2024/05/13	03:22:01	40.53903	141.55758	8	0.0	3	2.0	228
2024/05/13	03:23:01	40.53905	141.55759	-8	0.0	3	1.4	232
2024/05/13	03:24:01	40.53908	141.55771	24	0.0	3	1.4	227
2024/05/13	03:25:02	40.53904	141.55766	-0	0.0	3	1.4	229
2024/05/13	03:26:02	40.53900	141.55765	40	0.0	3	1.4	228
2024/05/13	03:27:01	40.53896	141.55783	-20	0.0	2	1.4	227
2024/05/13	03:28:01	40.53905	141.55776	22	0.0	1	2.0	206
2024/05/13	03:29:01	40.53902	141.55762	-6	0.0	3	1.4	210
2024/05/13	03:30:02	40.53915	141.55757	48	0.0	2	1.4	231
2024/05/13	03:31:01	40.53908	141.55764	14	0.0	3	1.4	229
2024/05/13	03:32:01	40.53910	141.55777	26	0.0	3	1.3	206
2024/05/13	03:33:01	40.53898	141.55766	4	0.0	2	1.4	208
2024/05/13	03:34:02	40.53902	141.55763	6	0.0	3	1.3	229
2024/05/13	03:35:01	40.53890	141.55777	-26	0.0	2	1.4	202
2024/05/13	03:36:01	40.53907	141.55757	-18	0.0	2	1.4	227
2024/05/13	03:37:01	40.53904	141.55757	-8	0.0	3	1.3	182
2024/05/13	03:38:01	40.53906	141.55772	4	0.0	3	1.3	229
2024/05/13	03:39:01	40.53917	141.55766	38	0.0	3	1.3	227
2024/05/13	03:40:01	40.53902	141.55774	6	0.0	2	1.4	180
2024/05/13	03:41:02	40.53903	141.55765	26	0.0	3	1.3	231
2024/05/13	03:42:01	40.53898	141.55750	-92	0.0	3	1.3	209
2024/05/13	03:43:01	40.53899	141.55762	-22	0.0	3	1.3	212
2024/05/13	03:44:01	40.53903	141.55769	32	0.0	3	1.3	231
2024/05/13	03:45:01	40.53910	141.55769	2	0.0	3	1.3	209
2024/05/13	03:46:01	40.53910	141.55764	14	0.0	3	1.3	211
2024/05/13	03:47:01	40.53903	141.55769	-18	0.0	3	1.3	215
2024/05/13	03:48:01	40.53902	141.55782	36	0.0	3	1.3	211
2024/05/13	03:49:01	40.53916	141.55759	20	0.0	3	1.3	208
2024/05/13	03:50:01	40.53905	141.55762	22	0.0	2	1.4	210
2024/05/13	03:51:00	40.53921	141.55768	60	0.0	3	2.1	210
2024/05/13	03:52:01	40.53912	141.55771	36	0.0	3	1.3	236
2024/05/13	03:53:01	40.53903	141.55772	26	0.0	3	1.3	210
2024/05/13	03:54:01	40.53911	141.55772	-20	0.0	2	1.3	198
2024/05/13	03:55:01	40.53906	141.55774	26	0.0	3	1.3	207
2024/05/13	03:56:00	40.53911	141.55773	-0	0.0	3	1.3	241
2024/05/13	03:57:01	40.53906	141.55766	0	0.0	3	1.3	233
2024/05/13	03:58:00	40.53902	141.55777	40	0.0	3	1.3	236
2024/05/13	03:59:00	40.53903	141.55765	-18	0.0	3	1.3	213
2024/05/13	04:00:02	40.53911	141.55759	-74	0.0	3	5.0	216
2024/05/13	04:01:05	40.53906	141.55760	-74	0.0	2	3.1	224
2024/05/13	04:02:02	40.53932	141.55742	-104	0.0	3	5.1	203
2024/05/13	04:03:02	40.53919	141.55749	-80	0.0	3	5.1	229
2024/05/13	04:04:02	40.53899	141.55782	102	0.0	3	5.1	235
2024/05/13	04:05:02	40.53888	141.55777	52	0.0	3	5.2	231
2024/05/13	04:06:02	40.53893	141.55783	82	0.0	3	5.2	236
2024/05/13	04:07:02	40.53902	141.55750	-46	0.0	3	5.2	207
2024/05/13	04:08:02	40.53915	141.55757	-40	0.0	3	5.2	205
2024/05/13	04:09:02	40.53922	141.55737	-72	0.0	3	5.3	229
2024/05/13	04:10:02	40.53884	141.55796	68	0.0	3	5.3	205
2024/05/13	04:11:02	40.53916	141.55757	-4	0.0	3	5.3	208
2024/05/13	04:12:02	40.53876	141.55803	108	0.0	3	5.3	233
2024/05/13	04:13:02	40.53878	141.55804	124	0.0	3	5.3	221
2024/05/13	04:14:02	40.53905	141.55761	-4	0.0	3	5.3	207
2024/05/13	04:15:01	40.53902	141.55770	38	0.0	3	5.4	179
2024/05/13	04:16:30	40.53905	141.55768	6	0.0	3	1.3	250
2024/05/13	04:17:01	40.53893	141.55761	18	0.0	3	1.3	223
2024/05/13	04:18:01	40.53906	141.55771	22	0.0	3	1.3	225
2024/05/13	04:19:00	40.53909	141.55783	36	0.0	3	2.0	182
2024/05/13	04:20:01	40.53909	141.55767	-0	0.0	3	1.3	228
2024/05/13	04:21:01	40.53905	141.55765	-10	0.0	3	1.4	217
2024/05/13	04:22:01	40.53894	141.55778	22	0.0	3	1.4	208
2024/05/13	04:23:01	40.53899	141.55775	18	0.0	3	1.4	201
2024/05/13	04:24:01	40.53902	141.55768	4	0.0	3	1.4	233
2024/05/13	04:25:01	40.53903	141.55772	-2	0.0	3	1.4	232
2024/05/13	04:26:01	40.53913	141.55760	-20	0.0	3	1.4	198
2024/05/13	04:27:01	40.53901	141.55767	2	0.0	3	1.4	228
2024/05/13	04:28:01	40.53907	141.55762	18	0.0	3	1.4	253
2024/05/13	04:29:01	40.53906	141.55772	12	0.0	3	1.4	225
2024/05/13	04:30:01	40.53898	141.55776	22	0.0	3	1.4	259
2024/05/13	04:31:01	40.53899	141.55781	16	0.0	3	1.4	253
2024/05/13	04:32:01	40.53898	141.55773	16	0.0	3	1.4	258
2024/05/13	04:33:01	40.53898	141.55779	14	0.0	3	2.0	234
2024/05/13	04:34:01	40.53898	141.55771	16	0.0	3	2.2	236
2024/05/13	04:35:01	40.53904	141.55772	20	0.0	3	3.3	231
2024/05/13	04:36:01	40.53918	141.55769	-14	0.0	3	2.2	263
2024/05/13	04:37:01	40.53905	141.55773	2	0.0	3	1.4	210
2024/05/13	04:38:01	40.53904	141.55769	6	0.0	3	2.2	211
2024/05/13	04:39:01	40.53910	141.55767	4	0.0	3	2.3	234
2024/05/13	04:40:01	40.53898	141.55782	24	0.0	3	2.3	258
2024/05/13	04:41:01	40.53916	141.55765	-2	0.0	3	2.3	201
2024/05/13	04:42:02	40.53910	141.55763	-0	0.0	3	1.4	232
2024/05/13	04:43:01	40.53918	141.55751	-4	0.0	3	1.4	264
2024/05/13	04:44:01	40.53907	141.55768	6	0.0	3	1.4	244
2024/05/13	04:45:00	40.53918	141.55766	4	0.0	3	2.4	216
2024/05/13	04:46:01	40.53921	141.55755	-10	0.0	3	2.4	260
2024/05/13	04:47:01	40.53904	141.55765	-0	0.0	3	2.4	238
2024/05/13	04:48:01	40.53892	141.55781	28	0.0	3	2.0	208
2024/05/13	04:49:01	40.53900	141.55775	8	0.0	3	2.0	246
2024/05/13	04:50:01	40.53899	141.55769	16	0.0	3	2.0	248
2024/05/13	04:51:01	40.53917	141.55758	-2	0.0	3	2.0	240
2024/05/13	04:52:01	40.53910	141.55763	14	0.0	3	2.0	239
2024/05/13	04:53:01	40.53913	141.55767	-20	0.0	3	2.0	243
2024/05/13	04:54:01	40.53904	141.55775	8	0.0	3	2.0	269
2024/05/13	04:55:01	40.53909	141.55762	8	0.0	3	2.0	241
2024/05/13	04:56:01	40.53898	141.55781	8	0.0	3	2.0	241
2024/05/13	04:57:01	40.53899	141.55777	16	0.0	3	2.0	265
2024/05/13	04:58:01	40.53908	141.55764	-2	0.0	3	2.0	238
2024/05/13	04:59:01	40.53912	141.55770	10	0.0	3	2.0	261
2024/05/13	05:00:02	40.53903	141.55780	2	0.0	3	3.1	233
2024/05/13	05:01:01	40.53912	141.55758	-8	0.0	3	2.0	240
2024/05/13	05:02:01	40.53901	141.55773	14	0.0	3	2.0	270
2024/05/13	05:03:01	40.53905	141.55769	12	0.0	3	2.1	247
2024/05/13	05:04:01	40.53869	141.55808	36	0.0	3	2.1	247
2024/05/13	05:05:01	40.53909	141.55769	-2	0.0	3	2.1	247
2024/05/13	05:06:01	40.53909	141.55763	0	0.0	3	2.1	270
2024/05/13	05:07:01	40.53904	141.55778	-8	0.0	3	2.1	273
2024/05/13	05:08:01	40.53911	141.55761	-2	0.0	3	2.1	260
2024/05/13	05:09:01	40.53897	141.55774	16	0.0	3	2.1	261
2024/05/13	05:10:01	40.53898	141.55778	6	0.0	3	2.2	267
2024/05/13	05:11:01	40.53911	141.55771	2	0.0	3	3.2	265
2024/05/13	05:12:02	40.53906	141.55769	10	0.0	3	2.1	268
2024/05/13	05:13:01	40.53900	141.55760	4	0.0	2	3.3	258
2024/05/13	05:14:01	40.53913	141.55760	6	0.0	3	2.1	258
2024/05/13	05:15:02	40.53902	141.55769	6	0.0	3	2.1	264
2024/05/13	05:16:01	40.53895	141.55774	24	0.0	3	2.1	266
2024/05/13	05:17:02	40.53898	141.55775	6	0.0	3	2.2	264
2024/05/13	05:18:01	40.53890	141.55759	36	0.0	2	5.1	270
2024/05/13	05:19:02	40.53913	141.55757	0	0.0	2	3.3	263
2024/05/13	05:20:02	40.53917	141.55764	-2	0.0	2	2.2	263
2024/05/13	05:21:02	40.53911	141.55772	16	0.0	3	2.2	262
2024/05/13	05:22:01	40.53862	141.55731	86	0.0	2	5.0	238
2024/05/13	05:23:01	40.53892	141.55767	22	0.0	2	6.0	264
2024/05/13	05:24:03	40.53906	141.55766	-0	0.0	3	2.2	261
2024/05/13	05:25:03	40.53908	141.55760	0	0.0	3	2.2	262
2024/05/13	05:26:03	40.53922	141.55771	-12	0.0	2	2.2	259
2024/05/13	05:27:04	40.53905	141.55767	8	0.0	2	2.2	249
2024/05/13	05:28:04	40.53904	141.55780	2	0.0	2	2.2	243
2024/05/13	05:29:05	40.53908	141.55766	-2	0.0	2	2.3	252
2024/05/13	05:30:06	40.53893	141.55762	24	0.0	2	2.3	253
2024/05/13	05:31:06	40.53908	141.55771	4	0.0	2	2.3	255
2024/05/13	05:32:19	40.53912	141.55776	-8	0.0	2	2.3	251
2024/05/13	05:33:13	40.53905	141.55771	2	0.0	2	2.3	249
2024/05/13	05:34:09	40.53903	141.55775	4	0.0	2	2.3	251
2024/05/13	05:35:05	40.53900	141.55754	22	0.0	2	2.3	253
2024/05/13	05:36:13	40.53903	141.55764	10	0.0	2	2.3	248
2024/05/13	05:37:09	40.53906	141.55769	6	0.0	2	2.3	246
2024/05/13	05:38:15	40.53903	141.55768	8	0.0	2	2.3	247
2024/05/13	05:39:05	40.53901	141.55767	16	0.0	2	2.3	249
2024/05/13	05:40:28	40.53910	141.55770	-0	0.0	2	2.3	251
2024/05/13	05:41:22	40.53905	141.55764	8	0.0	2	2.3	251
2024/05/13	05:42:30	40.53906	141.55767	6	0.0	6	0.4	261
2024/05/13	05:43:01	40.53905	141.55767	-8	0.0	5	1.1	263
2024/05/13	05:44:01	40.53902	141.55770	-2	0.0	4	1.3	262
2024/05/13	05:45:01	40.53909	141.55771	-8	0.0	5	1.1	267
2024/05/13	05:46:00	40.53903	141.55732	-68	0.0	3	1.4	260
2024/05/13	05:47:01	40.53905	141.55766	8	0.0	6	0.4	266
2024/05/13	05:48:01	40.53909	141.55771	-0	0.0	6	0.4	263
2024/05/13	05:49:01	40.53904	141.55757	-8	0.0	6	0.4	230
2024/05/13	05:50:01	40.53904	141.55759	-2	0.0	6	0.4	263
2024/05/13	05:51:01	40.53910	141.55770	2	0.0	6	0.4	266
2024/05/13	05:52:00	40.53918	141.55753	-8	0.0	4	1.3	266
2024/05/13	05:53:00	40.53911	141.55750	18	0.0	3	1.3	266
2024/05/13	05:54:01	40.53907	141.55769	2	0.0	6	0.4	267
2024/05/13	05:55:01	40.53912	141.55770	6	0.0	6	0.4	267
2024/05/13	05:56:01	40.53909	141.55764	2	0.0	6	0.4	266
2024/05/13	05:57:00	40.53902	141.55761	20	0.0	3	2.0	235
2024/05/13	05:58:00	40.53906	141.55760	-14	0.0	4	1.2	266
2024/05/13	05:59:00	40.53906	141.55787	22	0.0	3	2.1	266
2024/05/13	06:00:01	40.53911	141.55766	-4	0.0	6	0.4	266
2024/05/13	06:01:00	40.53902	141.55759	-26	0.0	3	2.1	239
2024/05/13	06:02:01	40.53907	141.55768	4	0.0	6	0.4	265
2024/05/13	06:03:00	40.53898	141.55772	14	0.0	3	2.1	237
2024/05/13	06:04:00	40.53921	141.55757	-18	0.0	3	1.3	266
2024/05/13	06:05:00	40.53909	141.55787	58	0.0	4	2.0	267
2024/05/13	06:06:01	40.53906	141.55773	8	0.0	6	0.4	270
2024/05/13	06:07:00	40.53928	141.55789	50	0.0	4	2.4	209
2024/05/13	06:08:00	40.53927	141.55794	38	0.0	3	2.4	268
2024/05/13	06:09:00	40.53901	141.55771	6	0.0	4	2.0	215
2024/05/13	06:10:00	40.53912	141.55774	24	0.0	4	2.0	237
2024/05/13	06:11:00	40.53889	141.55743	-38	3.7	4	2.0	211
2024/05/13	06:12:02	40.53912	141.55785	38	0.0	4	2.0	245
2024/05/13	06:13:00	40.53911	141.55779	-2	0.0	4	2.3	260
2024/05/13	06:14:01	40.53907	141.55770	6	0.0	4	1.2	268
2024/05/13	06:15:00	40.53920	141.55743	-110	3.7	3	2.4	213
2024/05/13	06:16:00	40.53909	141.55745	-62	0.0	4	2.3	247
2024/05/13	06:17:00	40.53910	141.55755	16	0.0	3	2.1	234
2024/05/13	06:18:00	40.53901	141.55777	14	0.0	3	2.2	208
2024/05/13	06:19:00	40.53908	141.55768	-4	0.0	4	1.3	242
2024/05/13	06:20:01	40.53911	141.55741	-26	0.0	4	2.1	241
2024/05/13	06:21:01	40.53903	141.55769	-0	0.0	5	1.0	238
2024/05/13	06:22:01	40.53908	141.55763	16	0.0	5	1.0	258
2024/05/13	06:23:00	40.53900	141.55773	20	0.0	4	1.3	264
2024/05/13	06:24:00	40.53908	141.55768	-22	0.0	3	2.4	259
2024/05/13	06:25:00	40.53904	141.55759	14	0.0	3	1.4	261
2024/05/13	06:26:01	40.53908	141.55765	-4	0.0	5	1.0	235
2024/05/13	06:27:00	40.53905	141.55770	26	0.0	3	1.4	260
2024/05/13	06:28:00	40.53904	141.55764	8	0.0	3	1.4	266
2024/05/13	06:29:00	40.53894	141.55762	56	0.0	3	1.4	232
2024/05/13	06:30:00	40.53909	141.55763	6	0.0	3	1.4	236
2024/05/13	06:31:01	40.53904	141.55762	2	0.0	4	1.1	266
2024/05/13	06:32:01	40.53906	141.55769	-4	0.0	4	1.1	264
2024/05/13	06:33:01	40.53907	141.55765	12	0.0	4	1.1	264
2024/05/13	06:34:01	40.53905	141.55777	14	0.0	4	2.4	261
2024/05/13	06:35:01	40.53909	141.55759	-4	0.0	4	1.1	263
2024/05/13	06:36:01	40.53908	141.55773	16	0.0	4	1.1	267
2024/05/13	06:37:01	40.53912	141.55773	12	0.0	4	1.1	266
2024/05/13	06:38:01	40.53909	141.55770	16	0.0	4	1.1	262
2024/05/13	06:39:01	40.53909	141.55769	0	0.0	4	1.1	262
2024/05/13	06:40:01	40.53900	141.55815	62	0.0	3	4.3	220
2024/05/13	06:41:01	40.53904	141.55775	-14	0.0	4	1.1	256
2024/05/13	06:42:01	40.53903	141.55788	40	0.0	3	5.0	261
2024/05/13	06:43:01	40.53909	141.55772	28	0.0	4	1.1	261
2024/05/13	06:44:01	40.53909	141.55757	4	0.0	4	1.1	261
2024/05/13	06:45:01	40.53907	141.55766	12	0.0	5	1.0	249
2024/05/13	06:46:01	40.53907	141.55768	-10	0.0	4	1.1	260
2024/05/13	06:47:01	40.53907	141.55768	2	0.0	4	1.1	235
2024/05/13	06:48:01	40.53906	141.55766	-2	0.0	4	1.1	262
2024/05/13	06:49:01	40.53909	141.55764	0	0.0	4	1.1	237
2024/05/13	06:50:01	40.53907	141.55764	4	0.0	4	1.1	260
2024/05/13	06:51:02	40.53911	141.55741	-28	25.9	3	7.3	214
2024/05/13	06:52:01	40.53906	141.55761	10	0.0	4	1.1	259
2024/05/13	06:53:01	40.53878	141.55889	134	0.0	3	8.2	254
2024/05/13	06:54:01	40.53907	141.55763	-0	0.0	3	1.1	274
2024/05/13	06:55:01	40.53906	141.55768	4	0.0	4	1.1	239
2024/05/13	06:56:01	40.53905	141.55774	4	0.0	4	1.1	264
2024/05/13	06:57:01	40.53906	141.55764	8	0.0	4	1.1	263
2024/05/13	06:58:01	40.53910	141.55767	-4	0.0	4	1.1	267
2024/05/13	06:59:01	40.53909	141.55760	-0	0.0	4	1.1	244
2024/05/13	07:00:01	40.53904	141.55778	2	0.0	4	1.1	244
2024/05/13	07:01:01	40.53906	141.55765	-2	0.0	4	1.1	244
2024/05/13	07:02:01	40.53910	141.55771	-8	0.0	4	1.1	266
2024/05/13	07:03:01	40.53913	141.55770	20	0.0	4	1.1	240
2024/05/13	07:04:01	40.53907	141.55765	4	0.0	4	1.1	245
2024/05/13	07:05:01	40.53907	141.55769	2	0.0	4	1.1	248
2024/05/13	07:06:01	40.53913	141.55762	2	0.0	4	1.1	245
2024/05/13	07:07:02	40.53907	141.55757	2	0.0	4	1.1	267
2024/05/13	07:08:00	40.53904	141.55775	2	0.0	4	1.1	245
2024/05/13	07:09:01	40.53906	141.55760	10	0.0	4	1.1	267
2024/05/13	07:10:01	40.53905	141.55766	2	0.0	4	1.1	268
2024/05/13	07:11:02	40.53904	141.55768	-2	0.0	4	1.1	267
2024/05/13	07:12:01	40.53902	141.55767	2	0.0	4	1.1	234
2024/05/13	07:13:02	40.53904	141.55768	2	0.0	4	1.1	284
2024/05/13	07:14:01	40.53903	141.55759	12	0.0	4	1.1	266
2024/05/13	07:15:01	40.53909	141.55759	10	0.0	4	1.1	258
2024/05/13	07:16:01	40.53913	141.55768	-4	0.0	4	1.1	257
2024/05/13	07:17:02	40.53908	141.55769	-4	0.0	4	1.1	282
2024/05/13	07:18:01	40.53905	141.55766	12	0.0	4	1.1	234
2024/05/13	07:19:02	40.53908	141.55766	0	0.0	4	1.1	260
2024/05/13	07:20:01	40.53906	141.55773	6	0.0	3	17.2	224
2024/05/13	07:21:01	40.53908	141.55762	6	0.0	4	1.1	263
2024/05/13	07:22:01	40.53900	141.55780	14	0.0	3	15.3	261
2024/05/13	07:23:02	40.53906	141.55764	-0	0.0	4	1.1	257
2024/05/13	07:24:02	40.53913	141.55765	0	0.0	4	1.1	258
2024/05/13	07:25:01	40.53913	141.55763	8	0.0	3	1.3	262
2024/05/13	07:26:02	40.53908	141.55760	4	0.0	4	1.1	282
2024/05/13	07:27:01	40.53929	141.55748	-16	0.0	3	12.4	261
2024/05/13	07:28:01	40.53902	141.55787	2	0.0	3	12.1	257
2024/05/13	07:29:01	40.53904	141.55766	-2	0.0	4	1.1	278
2024/05/13	07:30:01	40.53904	141.55771	0	0.0	4	1.1	254
2024/05/13	07:31:01	40.53911	141.55755	8	0.0	4	1.1	255
2024/05/13	07:32:01	40.53909	141.55748	2	0.0	4	1.1	255
2024/05/13	07:33:03	40.53902	141.55782	18	0.0	3	10.3	249
2024/05/13	07:34:03	40.53910	141.55768	4	0.0	4	1.0	271
2024/05/13	07:35:01	40.53896	141.55776	-10	0.0	3	1.3	276
2024/05/13	07:36:03	40.53906	141.55765	4	0.0	3	1.3	269
2024/05/13	07:37:03	40.53910	141.55764	4	0.0	3	1.3	254
2024/05/13	07:38:03	40.53911	141.55761	2	0.0	3	1.3	269
2024/05/13	07:39:01	40.53914	141.55757	4	0.0	3	1.3	234
2024/05/13	07:40:01	40.53913	141.55762	6	0.0	3	1.3	232
2024/05/13	07:41:03	40.53907	141.55770	0	0.0	3	1.3	251
2024/05/13	07:42:02	40.53907	141.55761	8	0.0	3	1.3	256
2024/05/13	07:43:04	40.53912	141.55756	2	0.0	3	1.3	252
2024/05/13	07:44:02	40.53905	141.55764	-4	0.0	3	1.3	253
2024/05/13	07:45:03	40.53910	141.55761	-4	0.0	3	1.3	254
2024/05/13	07:46:03	40.53911	141.55776	-2	0.0	2	1.4	275
2024/05/13	07:47:04	40.53909	141.55763	8	0.0	3	1.3	253
2024/05/13	07:48:05	40.53913	141.55748	6	0.0	3	1.3	240
2024/05/13	07:49:05	40.53903	141.55762	24	0.0	3	1.3	270
2024/05/13	07:50:03	40.53909	141.55746	22	0.0	2	1.4	248
2024/05/13	07:51:04	40.53904	141.55749	26	0.0	2	1.4	245
2024/05/13	07:52:04	40.53906	141.55742	26	0.0	2	1.4	271
2024/05/13	07:53:04	40.53907	141.55744	24	0.0	2	1.4	260
2024/05/13	07:54:04	40.53904	141.55753	22	0.0	2	1.4	243
2024/05/13	07:55:06	40.53908	141.55745	22	0.0	2	1.4	243
2024/05/13	07:56:04	40.53901	141.55750	22	0.0	2	1.4	245
2024/05/13	07:57:29	40.53907	141.55769	4	0.0	3	2.2	246
2024/05/13	07:58:00	40.53895	141.55774	-6	0.0	3	2.2	205
2024/05/13	07:59:01	40.53901	141.55760	10	0.0	3	2.2	183
2024/05/13	08:00:01	40.53902	141.55759	14	0.0	2	2.4	227
2024/05/13	08:01:01	40.53901	141.55769	-2	0.0	3	2.2	201
2024/05/13	08:02:00	40.53898	141.55768	20	0.0	3	2.2	206
2024/05/13	08:03:01	40.53900	141.55758	16	0.0	3	2.2	251
2024/05/13	08:04:01	40.53901	141.55767	18	0.0	3	2.2	250
2024/05/13	08:05:02	40.53918	141.55768	38	0.0	2	2.4	245
2024/05/13	08:06:01	40.53910	141.55763	8	0.0	2	2.4	248
2024/05/13	08:07:02	40.53904	141.55766	12	0.0	2	2.4	224
2024/05/13	08:08:01	40.53905	141.55777	2	0.0	2	2.4	204
2024/05/13	08:09:02	40.53901	141.55773	22	0.0	2	2.4	197
2024/05/13	08:10:02	40.53903	141.55768	-32	0.0	2	2.4	205
2024/05/13	08:11:01	40.53910	141.55759	-0	0.0	2	2.4	201
2024/05/13	08:12:02	40.53924	141.55780	30	0.0	2	2.4	200
2024/05/13	08:13:02	40.53892	141.55768	28	0.0	2	3.0	205
2024/05/13	08:14:01	40.53903	141.55763	-62	0.0	2	3.0	208
2024/05/13	08:15:02	40.53907	141.55771	22	0.0	2	3.0	206
2024/05/13	08:16:02	40.53898	141.55757	-34	0.0	2	3.0	209
2024/05/13	08:17:02	40.53907	141.55769	-40	0.0	2	3.0	209
2024/05/13	08:18:02	40.53901	141.55769	26	0.0	2	3.0	204
2024/05/13	08:19:01	40.53923	141.55766	68	0.0	2	3.0	206
2024/05/13	08:20:02	40.53898	141.55765	28	0.0	2	3.0	233
2024/05/13	08:21:01	40.53920	141.55769	-18	0.0	2	3.0	205
2024/05/13	08:22:01	40.53886	141.55742	-116	0.0	2	3.1	207
2024/05/13	08:23:02	40.53900	141.55764	42	0.0	2	3.1	240
2024/05/13	08:24:01	40.53897	141.55759	-8	0.0	2	3.1	210
2024/05/13	08:25:02	40.53891	141.55740	-28	0.0	2	3.1	263
2024/05/13	08:26:02	40.53902	141.55761	16	0.0	2	3.1	237
2024/05/13	08:27:01	40.53905	141.55758	-16	0.0	2	3.1	204
2024/05/13	08:28:01	40.53904	141.55767	54	0.0	2	3.2	238
2024/05/13	08:29:02	40.53904	141.55761	8	0.0	2	3.2	242
2024/05/13	08:30:02	40.53919	141.55774	34	0.0	2	3.2	240
2024/05/13	08:31:02	40.53901	141.55772	10	0.0	2	3.2	267
2024/05/13	08:32:01	40.53906	141.55761	2	0.0	2	3.2	215
2024/05/13	08:33:01	40.53907	141.55784	44	0.0	2	3.2	237
2024/05/13	08:34:01	40.53907	141.55766	16	0.0	2	3.3	238
2024/05/13	08:35:02	40.53903	141.55756	6	0.0	2	3.3	211
2024/05/13	08:36:02	40.53898	141.55761	12	0.0	2	3.3	271
2024/05/13	08:37:02	40.53904	141.55768	26	0.0	2	3.3	269
2024/05/13	08:38:01	40.53895	141.55738	-42	0.0	2	4.2	273
2024/05/13	08:39:02	40.53919	141.55780	16	0.0	2	3.3	271
2024/05/13	08:40:01	40.53904	141.55744	-32	0.0	2	3.4	271
2024/05/13	08:41:02	40.53920	141.55769	-8	0.0	2	3.4	272
2024/05/13	08:42:01	40.53911	141.55764	18	0.0	2	3.4	271
2024/05/13	08:43:02	40.53914	141.55762	4	0.0	2	3.4	274
2024/05/13	08:44:02	40.53917	141.55771	-4	0.0	2	3.4	273
2024/05/13	08:45:02	40.53898	141.55771	28	0.0	2	4.0	275
2024/05/13	08:46:01	40.53914	141.55742	-42	0.0	2	4.0	275
2024/05/13	08:47:02	40.53911	141.55764	-14	0.0	2	4.0	275
2024/05/13	08:48:02	40.53903	141.55766	-0	0.0	2	4.0	276
2024/05/13	08:49:02	40.53909	141.55775	34	0.0	2	4.0	276
2024/05/13	08:50:02	40.53906	141.55770	6	0.0	2	4.0	275
2024/05/13	08:51:01	40.53894	141.55773	30	0.0	2	4.1	246
2024/05/13	08:52:01	40.53910	141.55781	32	0.0	2	4.1	271
2024/05/13	08:53:02	40.53912	141.55778	10	0.0	2	4.1	279
2024/05/13	08:54:01	40.53899	141.55777	32	0.0	2	4.1	269
2024/05/13	08:55:04	40.53902	141.55761	14	0.0	2	4.1	274
2024/05/13	08:56:01	40.53890	141.55780	48	0.0	2	4.1	276
2024/05/13	08:57:01	40.53900	141.55762	20	0.0	2	4.1	276
2024/05/13	08:58:01	40.53900	141.55756	0	0.0	2	4.2	274
2024/05/13	08:59:01	40.53901	141.55746	-20	0.0	2	4.2	273
2024/05/13	09:00:30	40.53908	141.55768	4	0.0	7	0.4	286
2024/05/13	09:01:00	40.53908	141.55775	42	0.0	5	1.1	274
2024/05/13	09:02:00	40.53914	141.55770	-2	0.0	5	1.1	270
2024/05/13	09:03:00	40.53904	141.55753	0	0.0	4	1.4	268
2024/05/13	09:04:00	40.53904	141.55776	16	0.0	5	1.4	269
2024/05/13	09:05:00	40.53904	141.55774	4	0.0	5	1.1	274
2024/05/13	09:06:00	40.53917	141.55768	8	0.0	7	1.0	277
2024/05/13	09:07:00	40.53902	141.55771	-10	0.0	4	1.2	244
2024/05/13	09:08:00	40.53896	141.55758	0	0.0	5	1.1	244
2024/05/13	09:09:00	40.53897	141.55760	-20	0.0	4	1.4	270
2024/05/13	09:10:00	40.53915	141.55754	26	0.0	5	1.1	267
2024/05/13	09:11:00	40.53901	141.55764	-8	0.0	5	1.2	246
2024/05/13	09:12:01	40.53899	141.55768	12	0.0	7	1.1	274
2024/05/13	09:13:00	40.53905	141.55775	6	0.0	5	1.3	270
2024/05/13	09:14:00	40.53919	141.55763	-14	0.0	5	1.1	240
2024/05/13	09:15:00	40.53902	141.55756	-14	0.0	5	1.1	296
2024/05/13	09:16:00	40.53899	141.55764	-4	0.0	5	1.2	266
2024/05/13	09:17:00	40.53902	141.55768	14	0.0	5	1.1	268
2024/05/13	09:18:01	40.53903	141.55764	14	0.0	7	1.0	295
2024/05/13	09:19:00	40.53909	141.55758	10	0.0	5	1.2	269
2024/05/13	09:20:00	40.53900	141.55769	2	0.0	4	1.3	266
2024/05/13	09:21:00	40.53909	141.55770	-0	0.0	5	1.4	270
2024/05/13	09:22:00	40.53910	141.55777	16	0.0	4	1.2	269
2024/05/13	09:23:00	40.53924	141.55746	14	0.0	3	2.2	231
2024/05/13	09:24:01	40.53900	141.55767	-8	0.0	7	1.0	297
2024/05/13	09:25:00	40.53905	141.55741	-10	0.0	5	1.2	294
2024/05/13	09:26:00	40.53880	141.55775	22	0.0	5	1.4	273
2024/05/13	09:27:00	40.53898	141.55772	-10	0.0	5	1.2	270
2024/05/13	09:28:00	40.53912	141.55758	-12	0.0	6	1.1	272
2024/05/13	09:29:00	40.53898	141.55769	14	0.0	5	1.4	264
2024/05/13	09:30:01	40.53910	141.55775	16	0.0	7	1.0	269
2024/05/13	09:31:00	40.53909	141.55759	0	0.0	6	1.1	265
2024/05/13	09:32:00	40.53898	141.55773	-0	0.0	5	1.2	267
2024/05/13	09:33:00	40.53903	141.55764	8	0.0	6	1.1	269
2024/05/13	09:34:00	40.53918	141.55764	-2	0.0	3	2.1	263
2024/05/13	09:35:00	40.53907	141.55766	18	0.0	7	1.0	263
2024/05/13	09:36:00	40.53911	141.55753	-22	0.0	6	1.1	275
2024/05/13	09:37:00	40.53894	141.55761	-24	0.0	6	1.1	263
2024/05/13	09:38:00	40.53922	141.55752	-12	0.0	4	2.0	264
2024/05/13	09:39:00	40.53918	141.55771	40	0.0	6	1.1	268
2024/05/13	09:40:00	40.53919	141.55764	10	0.0	5	1.2	268
2024/05/13	09:41:01	40.53897	141.55769	20	0.0	4	1.3	224
2024/05/13	09:42:01	40.53904	141.55765	2	0.0	7	1.0	261
2024/05/13	09:43:00	40.53905	141.55767	-8	0.0	4	2.0	241
2024/05/13	09:44:00	40.53913	141.55771	4	0.0	4	1.3	236
2024/05/13	09:45:00	40.53903	141.55774	-4	0.0	4	1.3	262
2024/05/13	09:46:00	40.53916	141.55770	104	0.0	4	2.1	261
2024/05/13	09:47:00	40.53907	141.55773	6	0.0	5	1.2	267
2024/05/13	09:48:00	40.53914	141.55741	-72	0.0	4	1.3	240
2024/05/13	09:49:00	40.53897	141.55761	2	0.0	5	1.3	239
2024/05/13	09:50:00	40.53906	141.55754	-82	0.0	3	2.3	262
2024/05/13	09:51:01	40.53898	141.55770	-8	3.7	3	2.3	258
2024/05/13	09:52:01	40.53896	141.55756	-6	0.0	5	1.3	261
2024/05/13	09:53:00	40.53907	141.55760	0	0.0	5	1.1	210
2024/05/13	09:54:00	40.53882	141.55759	-16	0.0	4	2.0	238
2024/05/13	09:55:00	40.53907	141.55758	2	0.0	4	2.2	239
2024/05/13	09:56:00	40.53909	141.55775	22	0.0	5	1.1	240
2024/05/13	09:57:00	40.53898	141.55768	26	0.0	5	1.1	207
2024/05/13	09:58:01	40.53907	141.55765	2	0.0	6	1.1	256
2024/05/13	09:59:00	40.53903	141.55749	-44	0.0	5	1.3	227
2024/05/13	10:00:00	40.53909	141.55764	-6	0.0	5	1.3	234
2024/05/13	10:01:00	40.53914	141.55751	-50	0.0	5	1.3	242
2024/05/13	10:02:00	40.53925	141.55754	-88	0.0	4	2.0	235
2024/05/13	10:03:00	40.53902	141.55764	-28	0.0	4	2.0	237
2024/05/13	10:04:00	40.53899	141.55778	52	0.0	3	2.1	237
2024/05/13	10:05:00	40.53889	141.55779	46	0.0	3	2.2	238
2024/05/13	10:06:00	40.53908	141.55762	-42	0.0	5	1.4	237
2024/05/13	10:07:01	40.53902	141.55766	8	0.0	6	1.1	236
2024/05/13	10:08:00	40.53896	141.55764	-12	0.0	3	2.2	233
2024/05/13	10:09:00	40.53908	141.55775	14	0.0	5	1.1	262
2024/05/13	10:10:00	40.53897	141.55756	-4	0.0	3	2.1	205
2024/05/13	10:11:00	40.53904	141.55761	-4	0.0	5	1.3	239
2024/05/13	10:12:00	40.53913	141.55759	-16	0.0	4	2.1	241
2024/05/13	10:13:00	40.53908	141.55790	20	0.0	5	1.4	239
2024/05/13	10:14:01	40.53922	141.55777	38	0.0	6	1.0	266
2024/05/13	10:15:00	40.53908	141.55754	-4	0.0	4	2.3	241
2024/05/13	10:16:00	40.53902	141.55734	-38	0.0	4	2.0	229
2024/05/13	10:17:00	40.53913	141.55772	16	0.0	4	2.4	233
2024/05/13	10:18:00	40.53900	141.55772	8	0.0	5	1.1	212
2024/05/13	10:19:00	40.53904	141.55765	12	0.0	6	1.1	270
2024/05/13	10:20:00	40.53921	141.55759	14	0.0	5	1.4	267
2024/05/13	10:21:00	40.53896	141.55766	-4	0.0	5	1.4	269
2024/05/13	10:22:00	40.53905	141.55772	-8	0.0	6	1.0	268
2024/05/13	10:23:00	40.53911	141.55766	14	0.0	6	1.0	267
2024/05/13	10:24:00	40.53906	141.55765	16	0.0	5	1.4	259
2024/05/13	10:25:00	40.53910	141.55765	-2	0.0	6	1.0	242
2024/05/13	10:26:00	40.53915	141.55745	-16	0.0	5	1.4	268
2024/05/13	10:27:00	40.53916	141.55759	-28	0.0	5	1.4	265
2024/05/13	10:28:00	40.53906	141.55769	-12	0.0	5	1.4	228
2024/05/13	10:29:00	40.53911	141.55777	16	0.0	4	2.0	264
2024/05/13	10:30:00	40.53909	141.55755	-12	0.0	5	1.4	271
2024/05/13	10:31:00	40.53909	141.55751	-14	0.0	4	2.0	256
2024/05/13	10:32:00	40.53908	141.55771	18	0.0	5	2.0	229
2024/05/13	10:33:00	40.53905	141.55740	-14	0.0	5	1.4	267
2024/05/13	10:34:00	40.53909	141.55748	-18	0.0	4	2.0	267
2024/05/13	10:35:00	40.53909	141.55770	-0	0.0	5	1.4	242
2024/05/13	10:36:00	40.53904	141.55754	-10	0.0	5	1.4	268
2024/05/13	10:37:00	40.53909	141.55756	-12	0.0	4	1.4	213
2024/05/13	10:38:00	40.53910	141.55760	-0	0.0	5	1.4	266
2024/05/13	10:39:00	40.53906	141.55747	-20	0.0	4	2.0	243
2024/05/13	10:40:00	40.53901	141.55771	-8	0.0	5	1.4	268
2024/05/13	10:41:00	40.53903	141.55756	-4	0.0	5	1.4	269
2024/05/13	10:42:00	40.53902	141.55776	16	0.0	3	2.4	213
2024/05/13	10:43:01	40.53912	141.55768	2	0.0	4	2.0	256
2024/05/13	10:44:00	40.53908	141.55752	-16	0.0	5	2.0	237
2024/05/13	10:45:00	40.53911	141.55756	16	0.0	5	1.4	268
2024/05/13	10:46:00	40.53914	141.55761	10	0.0	5	1.4	241
2024/05/13	10:47:00	40.53911	141.55757	2	0.0	5	1.4	267
2024/05/13	10:48:00	40.53918	141.55766	4	0.0	4	2.2	241
2024/05/13	10:49:00	40.53896	141.55789	36	0.0	3	2.4	225
2024/05/13	10:50:00	40.53903	141.55761	10	0.0	5	1.1	248
2024/05/13	10:51:01	40.53898	141.55771	20	0.0	5	1.1	263
2024/05/13	10:52:00	40.53895	141.55760	14	0.0	5	1.1	270
2024/05/13	10:53:00	40.53905	141.55758	18	0.0	3	2.1	196
2024/05/13	10:54:01	40.53915	141.55762	-8	0.0	3	1.4	190
2024/05/13	10:55:01	40.53902	141.55762	2	0.0	4	1.1	240
2024/05/13	10:56:01	40.53898	141.55777	20	0.0	4	2.3	236
2024/05/13	10:57:00	40.53929	141.55733	-50	0.0	3	2.3	240
2024/05/13	10:58:00	40.53905	141.55767	-6	0.0	5	1.3	240
2024/05/13	10:59:00	40.53897	141.55764	0	0.0	4	1.3	238
2024/05/13	11:00:00	40.53940	141.55763	0	0.0	4	2.2	207
2024/05/13	11:01:00	40.53910	141.55762	8	0.0	5	1.2	237
2024/05/13	11:02:00	40.53909	141.55768	2	0.0	5	1.2	240
2024/05/13	11:03:00	40.53907	141.55761	-0	0.0	4	2.2	239
2024/05/13	11:04:01	40.53902	141.55768	20	0.0	4	2.2	234
2024/05/13	11:05:01	40.53910	141.55767	-12	0.0	5	1.2	240
2024/05/13	11:06:00	40.53898	141.55768	28	0.0	5	1.2	243
2024/05/13	11:07:00	40.53893	141.55769	14	0.0	4	2.1	239
2024/05/13	11:08:00	40.53930	141.55757	4	0.0	3	2.1	213
2024/05/13	11:09:01	40.53911	141.55771	2	0.0	4	2.1	235
2024/05/13	11:10:00	40.53922	141.55773	-4	0.0	4	2.0	177
2024/05/13	11:11:00	40.53906	141.55773	-2	0.0	4	2.0	237
2024/05/13	11:12:00	40.53902	141.55773	8	0.0	4	2.0	236
2024/05/13	11:13:00	40.53920	141.55762	4	0.0	4	2.0	239
2024/05/13	11:14:01	40.53899	141.55763	-2	0.0	4	2.0	262
2024/05/13	11:15:00	40.53907	141.55765	-0	0.0	4	2.0	236
2024/05/13	11:16:01	40.53893	141.55759	-0	0.0	4	2.0	239
2024/05/13	11:17:01	40.53916	141.55770	-4	0.0	4	1.4	267
2024/05/13	11:18:01	40.53915	141.55774	-0	0.0	4	1.4	256
2024/05/13	11:19:01	40.53915	141.55753	4	0.0	4	1.4	209
2024/05/13	11:20:02	40.53911	141.55765	8	0.0	4	1.4	247
2024/05/13	11:21:01	40.53931	141.55817	40	0.0	3	8.3	205
2024/05/13	11:22:02	40.53904	141.55773	10	0.0	4	1.4	230
2024/05/13	11:23:01	40.53914	141.55764	32	0.0	3	8.4	259
2024/05/13	11:24:01	40.53902	141.55770	12	0.0	4	1.4	252
2024/05/13	11:25:01	40.53907	141.55769	8	0.0	4	1.4	232
2024/05/13	11:26:02	40.53901	141.55768	10	0.0	4	1.3	258
2024/05/13	11:27:02	40.53911	141.55787	26	0.0	3	9.1	273
2024/05/13	11:28:01	40.53909	141.55733	-28	0.0	3	9.2	227
2024/05/13	11:29:02	40.53904	141.55748	-6	0.0	3	9.3	239
2024/05/13	11:30:04	40.53914	141.55837	74	7.4	3	9.3	196
2024/05/13	11:31:04	40.53907	141.55761	8	0.0	4	1.3	238
2024/05/13	11:32:03	40.53936	141.55868	120	3.7	3	10.0	240
2024/05/13	11:33:03	40.53902	141.55710	-40	0.0	3	10.0	280
2024/05/13	11:34:02	40.53908	141.55771	12	0.0	3	10.1	280
2024/05/13	11:35:02	40.53925	141.55853	82	0.0	3	10.2	262
2024/05/13	11:36:02	40.53908	141.55775	22	0.0	3	10.3	264
2024/05/13	11:37:02	40.53907	141.55779	12	0.0	3	10.4	237
2024/05/13	11:38:01	40.53917	141.55831	70	0.0	3	10.4	281
2024/05/13	11:39:02	40.53917	141.55831	68	0.0	3	11.0	283
2024/05/13	11:40:02	40.53906	141.55747	-8	0.0	3	11.1	231
2024/05/13	11:41:02	40.53889	141.55686	-68	0.0	3	11.2	230
2024/05/13	11:42:02	40.53897	141.55742	-18	0.0	3	11.3	230
2024/05/13	11:43:02	40.53897	141.55697	-56	0.0	3	12.0	235
2024/05/13	11:44:02	40.53900	141.55702	-38	0.0	3	12.1	260
2024/05/13	11:45:02	40.53903	141.55719	-22	0.0	3	12.2	267
2024/05/13	11:46:02	40.53900	141.55712	-28	0.0	3	12.3	264
2024/05/13	11:47:02	40.53915	141.55810	36	0.0	3	13.0	268
2024/05/13	11:48:02	40.53904	141.55752	2	0.0	3	13.1	241
2024/05/13	11:49:02	40.53903	141.55781	32	14.8	3	13.3	265
2024/05/13	11:50:03	40.53919	141.55798	6	0.0	3	14.0	266
2024/05/13	11:51:02	40.53904	141.55731	-28	0.0	3	14.1	265
2024/05/13	11:52:01	40.53910	141.55835	44	0.0	3	14.3	231
2024/05/13	11:53:04	40.53925	141.55883	74	0.0	3	15.0	247
2024/05/13	11:54:05	40.53915	141.55806	40	0.0	3	15.2	286
2024/05/13	11:55:38	40.53907	141.55764	4	0.0	7	1.0	287
2024/05/13	11:56:01	40.53911	141.55768	24	0.0	5	1.0	254
2024/05/13	11:57:00	40.53909	141.55770	24	0.0	3	1.4	285
2024/05/13	11:58:00	40.53904	141.55776	36	3.7	4	2.4	241
2024/05/13	11:59:01	40.53908	141.55763	6	0.0	7	1.0	266
2024/05/13	12:00:00	40.53915	141.55767	-10	0.0	4	2.4	205
2024/05/13	12:01:00	40.53916	141.55760	-4	0.0	4	2.2	209
2024/05/13	12:02:00	40.53917	141.55762	-6	0.0	5	1.2	273
2024/05/13	12:03:00	40.53907	141.55820	46	7.4	4	2.4	273
2024/05/13	12:04:01	40.53896	141.55769	48	0.0	4	2.0	250
2024/05/13	12:05:01	40.53902	141.55758	20	0.0	4	1.4	171
2024/05/13	12:06:01	40.53897	141.55775	-34	0.0	3	2.3	261
2024/05/13	12:07:01	40.53894	141.55760	32	0.0	3	2.3	227
2024/05/13	12:08:02	40.53906	141.55770	-4	0.0	5	1.1	279
2024/05/13	12:09:01	40.53908	141.55779	8	0.0	4	1.4	261
2024/05/13	12:10:01	40.53910	141.55767	20	0.0	5	1.1	230
2024/05/13	12:11:00	40.53879	141.55788	-76	3.7	3	2.2	236
2024/05/13	12:12:01	40.53911	141.55768	-12	0.0	4	1.4	257
2024/05/13	12:13:01	40.53906	141.55767	-20	0.0	4	1.4	281
2024/05/13	12:14:01	40.53902	141.55765	8	0.0	5	1.1	237
2024/05/13	12:15:00	40.53915	141.55778	-120	3.7	3	2.0	241
2024/05/13	12:16:01	40.53909	141.55758	-24	0.0	5	1.1	265
2024/05/13	12:17:00	40.53895	141.55765	-24	0.0	4	1.3	237
2024/05/13	12:18:01	40.53905	141.55766	32	0.0	5	1.1	262
2024/05/13	12:19:00	40.53901	141.55753	-16	0.0	4	1.3	235
2024/05/13	12:20:00	40.53900	141.55759	0	0.0	5	1.2	239
2024/05/13	12:21:01	40.53894	141.55765	2	0.0	5	1.2	258
2024/05/13	12:22:00	40.53906	141.55771	24	0.0	5	1.2	237
2024/05/13	12:23:00	40.53911	141.55770	28	0.0	5	1.2	233
2024/05/13	12:24:00	40.53906	141.55757	56	0.0	3	2.3	200
2024/05/13	12:25:00	40.53896	141.55773	14	0.0	4	1.4	235
2024/05/13	12:26:00	40.53900	141.55767	-2	0.0	4	1.3	236
2024/05/13	12:27:02	40.53897	141.55778	16	0.0	5	1.2	260
2024/05/13	12:28:00	40.53896	141.55774	20	0.0	5	1.2	239
2024/05/13	12:29:00	40.53895	141.55773	40	0.0	3	2.2	227
2024/05/13	12:30:02	40.53907	141.55756	-12	0.0	5	1.4	285
2024/05/13	12:31:02	40.53905	141.55760	18	0.0	6	1.0	260
2024/05/13	12:32:00	40.53899	141.55754	48	3.7	4	2.0	184
2024/05/13	12:33:00	40.53907	141.55775	-6	0.0	4	1.2	229
2024/05/13	12:34:01	40.53900	141.55758	-8	0.0	4	1.2	235
2024/05/13	12:35:00	40.53914	141.55765	-36	0.0	4	1.2	186
2024/05/13	12:36:01	40.53907	141.55771	8	0.0	5	1.2	245
2024/05/13	12:37:01	40.53915	141.55762	-56	0.0	3	2.1	213
2024/05/13	12:38:02	40.53901	141.55771	28	0.0	5	1.1	263
2024/05/13	12:39:00	40.53912	141.55760	-22	0.0	3	2.1	240
2024/05/13	12:40:01	40.53907	141.55750	-8	0.0	5	1.1	269
2024/05/13	12:41:01	40.53908	141.55764	8	0.0	5	1.2	266
2024/05/13	12:42:01	40.53905	141.55766	8	0.0	5	1.2	269
2024/05/13	12:43:01	40.53908	141.55761	-6	0.0	5	1.1	268
2024/05/13	12:44:00	40.53910	141.55774	8	0.0	3	1.4	250
2024/05/13	12:45:01	40.53902	141.55766	12	0.0	5	1.1	265
2024/05/13	12:46:01	40.53903	141.55763	22	0.0	5	1.1	245
2024/05/13	12:47:00	40.53911	141.55760	56	0.0	3	1.4	245
2024/05/13	12:48:01	40.53903	141.55764	24	0.0	5	1.1	267
2024/05/13	12:49:01	40.53903	141.55764	-0	0.0	5	1.1	243
2024/05/13	12:50:01	40.53909	141.55753	-8	0.0	5	1.1	269
2024/05/13	12:51:01	40.53908	141.55766	8	0.0	5	1.2	245
2024/05/13	12:52:00	40.53910	141.55775	-16	0.0	4	1.3	217
2024/05/13	12:53:01	40.53903	141.55772	42	0.0	5	1.2	269
2024/05/13	12:54:01	40.53903	141.55773	26	0.0	5	1.2	245
2024/05/13	12:55:01	40.53917	141.55761	24	0.0	5	1.2	245
2024/05/13	12:56:01	40.53905	141.55760	12	0.0	5	1.1	274
2024/05/13	12:57:01	40.53903	141.55762	2	0.0	5	1.1	247
2024/05/13	12:58:00	40.53901	141.55775	12	0.0	4	1.4	244
2024/05/13	12:59:01	40.53908	141.55764	-0	0.0	5	1.1	242
2024/05/13	13:00:01	40.53906	141.55755	-0	0.0	5	1.2	267
2024/05/13	13:01:01	40.53910	141.55759	12	0.0	5	1.2	243
2024/05/13	13:02:01	40.53909	141.55765	16	0.0	5	1.2	247
2024/05/13	13:03:01	40.53905	141.55765	16	0.0	5	1.2	271
2024/05/13	13:04:01	40.53915	141.55754	-18	0.0	4	1.3	262
2024/05/13	13:05:01	40.53907	141.55766	2	0.0	5	1.1	247
2024/05/13	13:06:00	40.53902	141.55763	30	0.0	4	1.3	210
2024/05/13	13:07:01	40.53911	141.55763	14	0.0	4	1.3	263
2024/05/13	13:08:00	40.53923	141.55765	36	0.0	3	2.3	183
2024/05/13	13:09:00	40.53922	141.55755	-4	0.0	4	1.3	235
2024/05/13	13:10:01	40.53911	141.55772	-4	0.0	4	1.3	234
2024/05/13	13:11:01	40.53893	141.55779	30	0.0	4	1.3	236
2024/05/13	13:12:00	40.53903	141.55766	12	0.0	4	1.3	212
2024/05/13	13:13:00	40.53913	141.55768	-0	0.0	3	2.3	208
2024/05/13	13:14:00	40.53897	141.55776	-10	3.7	3	2.3	182
2024/05/13	13:15:01	40.53896	141.55768	4	0.0	4	1.3	233
2024/05/13	13:16:00	40.53937	141.55764	-20	3.7	3	2.4	214
2024/05/13	13:17:01	40.53907	141.55770	14	0.0	4	1.3	233
2024/05/13	13:18:00	40.53924	141.55767	-14	0.0	3	2.4	177
2024/05/13	13:19:01	40.53895	141.55767	26	0.0	4	1.3	212
2024/05/13	13:20:00	40.53923	141.55754	-8	0.0	3	2.4	207
2024/05/13	13:21:01	40.53920	141.55760	2	0.0	4	1.4	234
2024/05/13	13:22:01	40.53901	141.55763	18	0.0	4	1.4	210
2024/05/13	13:23:01	40.53901	141.55774	18	0.0	4	1.4	236
2024/05/13	13:24:00	40.53911	141.55768	-0	0.0	4	1.4	182
2024/05/13	13:25:01	40.53906	141.55763	6	0.0	4	1.4	207
2024/05/13	13:26:01	40.53897	141.55764	22	0.0	4	1.4	230
2024/05/13	13:27:02	40.53909	141.55770	12	0.0	4	1.4	231
2024/05/13	13:28:01	40.53905	141.55769	14	0.0	4	1.4	178
2024/05/13	13:29:02	40.53904	141.55770	2	0.0	4	1.4	230
2024/05/13	13:30:01	40.53914	141.55766	-6	0.0	4	1.4	229
2024/05/13	13:31:01	40.53914	141.55756	8	0.0	4	1.4	209
2024/05/13	13:32:01	40.53909	141.55769	8	0.0	4	1.4	228
2024/05/13	13:33:01	40.53899	141.55762	20	0.0	4	1.4	231
2024/05/13	13:34:02	40.53901	141.55771	14	0.0	4	1.4	252
2024/05/13	13:35:04	40.53907	141.55766	10	0.0	4	1.4	235
2024/05/13	13:36:03	40.53905	141.55770	16	0.0	4	1.4	235
2024/05/13	13:37:03	40.53920	141.55759	12	0.0	4	1.4	242
2024/05/13	13:38:03	40.53901	141.55767	10	0.0	4	1.4	263
2024/05/13	13:39:02	40.54014	141.55717	-28	0.0	3	24.4	237
2024/05/13	13:40:02	40.53880	141.55785	18	0.0	3	21.2	235
2024/05/13	13:41:03	40.53934	141.55751	2	0.0	3	18.4	280
2024/05/13	13:42:03	40.53842	141.55795	34	0.0	3	16.4	261
2024/05/13	13:43:03	40.53922	141.55763	6	0.0	3	15.1	256
2024/05/13	13:44:02	40.53912	141.55769	14	0.0	3	14.0	230
2024/05/13	13:45:02	40.54013	141.55717	-34	0.0	3	12.4	254
2024/05/13	13:46:03	40.53869	141.55787	28	0.0	3	12.0	279
2024/05/13	13:47:03	40.53872	141.55781	32	0.0	3	11.1	275
2024/05/13	13:48:03	40.53854	141.55799	36	0.0	3	10.2	234
2024/05/13	13:49:03	40.53945	141.55754	2	0.0	3	9.4	277
2024/05/13	13:50:02	40.53852	141.55793	28	0.0	3	9.1	210
2024/05/13	13:51:03	40.53865	141.55781	18	0.0	3	8.4	260
2024/05/13	13:52:02	40.53877	141.55778	26	0.0	3	8.2	235
2024/05/13	13:53:03	40.53916	141.55755	8	0.0	3	8.0	259
2024/05/13	13:54:03	40.53920	141.55748	16	0.0	3	7.3	257
2024/05/13	13:55:03	40.53875	141.55782	30	0.0	3	7.2	258
2024/05/13	13:56:03	40.53917	141.55761	6	0.0	3	7.0	260
2024/05/13	13:57:03	40.53943	141.55749	-22	0.0	3	6.4	260
2024/05/13	13:58:04	40.53880	141.55779	40	0.0	3	6.3	256
2024/05/13	13:59:02	40.53882	141.55767	50	0.0	2	3.4	234
2024/05/13	14:00:30	40.53908	141.55767	12	0.0	5	1.1	250
2024/05/13	14:01:02	40.53900	141.55762	4	0.0	5	1.1	232
2024/05/13	14:02:01	40.53909	141.55776	4	0.0	5	1.1	210
2024/05/13	14:03:01	40.53907	141.55760	2	0.0	5	1.1	258
2024/05/13	14:04:01	40.53908	141.55772	24	0.0	5	1.1	258
2024/05/13	14:05:01	40.53909	141.55769	-0	0.0	4	1.4	255
2024/05/13	14:06:01	40.53911	141.55774	-12	0.0	4	1.4	257
2024/05/13	14:07:01	40.53907	141.55771	6	0.0	5	1.1	226
2024/05/13	14:08:01	40.53899	141.55766	20	0.0	4	1.4	253
2024/05/13	14:09:01	40.53903	141.55765	12	0.0	4	1.4	229
2024/05/13	14:10:01	40.53909	141.55762	2	0.0	4	1.4	209
2024/05/13	14:11:01	40.53908	141.55765	18	0.0	4	1.4	253
2024/05/13	14:12:01	40.53903	141.55770	-0	0.0	4	1.4	227
2024/05/13	14:13:01	40.53897	141.55759	0	0.0	4	1.4	226
2024/05/13	14:14:01	40.53914	141.55778	4	0.0	4	1.4	249
2024/05/13	14:15:01	40.53905	141.55766	12	0.0	4	1.4	202
2024/05/13	14:16:01	40.53910	141.55770	-12	0.0	4	1.4	203
2024/05/13	14:17:01	40.53919	141.55779	-4	0.0	4	1.4	180
2024/05/13	14:18:01	40.53909	141.55767	4	0.0	4	1.4	179
2024/05/13	14:19:01	40.53906	141.55766	8	0.0	4	1.4	201
2024/05/13	14:20:01	40.53910	141.55776	26	0.0	4	1.4	219
2024/05/13	14:21:01	40.53923	141.55756	-6	18.5	5	1.1	233
2024/05/13	14:22:01	40.53907	141.55761	6	3.7	4	1.3	240
2024/05/13	14:23:00	40.53926	141.55796	-62	3.7	3	2.2	182
2024/05/13	14:24:00	40.53914	141.55798	78	3.7	4	1.3	210
2024/05/13	14:25:00	40.53912	141.55774	20	3.7	3	2.0	239
2024/05/13	14:26:01	40.53919	141.55749	4	3.7	4	1.3	287
2024/05/13	14:27:00	40.53905	141.55758	8	11.1	3	2.4	186
2024/05/13	14:28:04	40.53874	141.55737	-2	0.0	4	1.3	195
2024/05/13	14:29:01	40.53904	141.55776	36	0.0	3	2.3	163
2024/05/13	14:30:01	40.53892	141.55757	4	0.0	4	1.3	176
2024/05/13	14:31:01	40.53891	141.55767	16	0.0	3	2.3	175
2024/05/13	14:32:00	40.53923	141.55774	16	0.0	3	2.3	182
2024/05/13	14:33:01	40.53906	141.55768	14	0.0	4	1.3	178
2024/05/13	14:34:00	40.53892	141.55750	-2	0.0	3	2.2	177
2024/05/13	14:35:01	40.53894	141.55760	-14	0.0	4	1.3	205
2024/05/13	14:36:02	40.53912	141.55765	-28	0.0	4	1.3	219
2024/05/13	14:37:02	40.53908	141.55773	12	0.0	4	1.3	216
2024/05/13	14:38:01	40.53899	141.55756	0	0.0	4	1.3	175
2024/05/13	14:39:01	40.53908	141.55778	0	0.0	4	1.3	215
2024/05/13	14:40:01	40.53919	141.55780	12	0.0	4	1.3	183
2024/05/13	14:41:01	40.53902	141.55769	32	0.0	4	1.3	183
2024/05/13	14:42:00	40.53912	141.55766	16	0.0	4	1.3	202
2024/05/13	14:43:00	40.53917	141.55778	-52	0.0	4	1.3	202
2024/05/13	14:44:00	40.53891	141.55761	-2	0.0	4	1.3	179
2024/05/13	14:45:01	40.53898	141.55766	2	0.0	4	1.3	203
2024/05/13	14:46:01	40.53912	141.55761	4	0.0	4	1.3	182
2024/05/13	14:47:01	40.53901	141.55772	8	0.0	4	1.3	180
2024/05/13	14:48:01	40.53910	141.55778	-56	0.0	3	1.4	183
2024/05/13	14:49:02	40.53911	141.55768	12	0.0	4	1.3	208
2024/05/13	14:50:01	40.53901	141.55764	18	0.0	4	1.3	208
2024/05/13	14:51:01	40.53899	141.55772	8	0.0	4	1.3	208
2024/05/13	14:52:00	40.53911	141.55759	32	0.0	3	1.4	205
2024/05/13	14:53:01	40.53900	141.55778	0	0.0	4	1.3	180
2024/05/13	14:54:01	40.53900	141.55766	-0	0.0	4	1.3	215
2024/05/13	14:55:00	40.53909	141.55763	44	0.0	3	1.4	208
2024/05/13	14:56:00	40.53898	141.55775	-44	0.0	3	1.4	188
2024/05/13	14:57:01	40.53911	141.55776	14	0.0	4	1.3	215
2024/05/13	14:58:00	40.53895	141.55765	-68	0.0	3	1.4	186
2024/05/13	14:59:01	40.53898	141.55765	20	0.0	4	1.3	217
2024/05/13	15:00:01	40.53909	141.55765	12	0.0	4	1.3	214
2024/05/13	15:01:01	40.53905	141.55770	-4	0.0	4	1.3	215
2024/05/13	15:02:01	40.53901	141.55772	-8	0.0	4	1.3	212
2024/05/13	15:03:01	40.53904	141.55767	26	0.0	4	1.3	188
2024/05/13	15:04:01	40.53900	141.55767	-60	0.0	3	1.4	213
2024/05/13	15:05:01	40.53906	141.55768	6	0.0	4	1.3	216
2024/05/13	15:06:01	40.53912	141.55770	6	0.0	4	1.3	215
2024/05/13	15:07:01	40.53904	141.55763	-24	0.0	4	1.3	216
2024/05/13	15:08:01	40.53918	141.55772	-24	0.0	4	1.3	211
2024/05/13	15:09:01	40.53906	141.55771	22	0.0	4	1.3	238
2024/05/13	15:10:01	40.53899	141.55772	24	0.0	4	1.3	217
2024/05/13	15:11:01	40.53900	141.55770	12	0.0	4	1.3	219
2024/05/13	15:12:01	40.53919	141.55769	0	0.0	4	1.3	181
2024/05/13	15:13:01	40.53912	141.55769	-2	0.0	4	1.3	216
2024/05/13	15:14:01	40.53905	141.55770	12	0.0	4	1.3	219
2024/05/13	15:15:01	40.53905	141.55767	-12	0.0	4	1.3	216
2024/05/13	15:16:01	40.53912	141.55774	26	0.0	4	1.3	242
2024/05/13	15:17:01	40.53904	141.55766	22	0.0	4	1.3	215
2024/05/13	15:18:01	40.53904	141.55776	40	0.0	4	1.3	215
2024/05/13	15:19:01	40.53902	141.55755	24	0.0	4	1.3	241
2024/05/13	15:20:01	40.53916	141.55763	-4	0.0	4	1.3	239
2024/05/13	15:21:01	40.53911	141.55766	-10	0.0	3	2.2	175
2024/05/13	15:22:01	40.53908	141.55772	-6	0.0	4	1.3	217
2024/05/13	15:23:00	40.53917	141.55766	78	0.0	3	2.0	216
2024/05/13	15:24:00	40.53890	141.55776	-94	0.0	3	2.0	159
2024/05/13	15:25:01	40.53906	141.55756	-102	0.0	3	2.0	242
2024/05/13	15:26:02	40.53908	141.55762	-8	0.0	4	1.3	243
2024/05/13	15:27:01	40.53907	141.55765	-34	0.0	3	2.0	214
2024/05/13	15:28:01	40.53907	141.55769	-2	0.0	3	2.0	216
2024/05/13	15:29:00	40.53921	141.55762	20	0.0	3	2.0	190
2024/05/13	15:30:01	40.53901	141.55768	-20	0.0	3	2.0	219
2024/05/13	15:31:00	40.53912	141.55776	72	0.0	3	2.0	216
2024/05/13	15:32:01	40.53902	141.55762	4	0.0	3	2.0	159
2024/05/13	15:33:00	40.53916	141.55762	188	0.0	3	2.0	185
2024/05/13	15:34:01	40.53902	141.55766	-18	0.0	3	2.0	184
2024/05/13	15:35:01	40.53912	141.55776	-0	0.0	3	2.0	238
2024/05/13	15:36:01	40.53897	141.55769	0	0.0	3	2.0	213
2024/05/13	15:37:01	40.53911	141.55767	44	0.0	3	2.0	210
2024/05/13	15:38:01	40.53900	141.55765	-4	0.0	3	2.0	188
2024/05/13	15:39:01	40.53923	141.55769	38	0.0	3	2.0	213
2024/05/13	15:40:01	40.53915	141.55762	32	0.0	3	2.0	211
2024/05/13	15:41:02	40.53907	141.55768	-12	0.0	3	2.0	236
2024/05/13	15:42:01	40.53903	141.55778	18	0.0	3	2.0	182
2024/05/13	15:43:01	40.53915	141.55767	34	0.0	3	2.0	184
2024/05/13	15:44:02	40.53907	141.55764	22	0.0	3	2.0	202
2024/05/13	15:45:01	40.53910	141.55763	-10	0.0	3	2.0	186
2024/05/13	15:46:02	40.53906	141.55761	22	0.0	3	2.1	230
2024/05/13	15:47:01	40.53902	141.55764	4	0.0	3	2.1	189
2024/05/13	15:48:03	40.53889	141.55760	66	0.0	3	2.1	221
2024/05/13	15:49:02	40.53904	141.55771	36	0.0	3	2.1	215
2024/05/13	15:50:02	40.53930	141.55748	-10	18.5	3	2.1	267
2024/05/13	15:51:01	40.53908	141.55734	-2	14.8	3	2.1	188
2024/05/13	15:52:01	40.53886	141.55805	30	0.0	3	2.1	186
2024/05/13	15:53:02	40.53893	141.55765	34	0.0	3	2.1	214
2024/05/13	15:54:02	40.53909	141.55768	12	0.0	3	2.1	218
2024/05/13	15:55:01	40.53908	141.55767	16	0.0	3	2.2	217
2024/05/13	15:56:02	40.53911	141.55758	16	0.0	3	2.2	218
2024/05/13	15:57:02	40.53906	141.55766	26	0.0	3	2.2	219
2024/05/13	15:58:02	40.53907	141.55768	2	0.0	3	2.2	218
2024/05/13	15:59:01	40.53892	141.55780	8	0.0	3	2.2	213
2024/05/13	16:00:01	40.53897	141.55770	16	0.0	3	2.2	189
2024/05/13	16:01:03	40.53906	141.55774	22	0.0	3	2.3	214
2024/05/13	16:02:01	40.53902	141.55768	14	0.0	3	2.3	214
2024/05/13	16:03:01	40.53901	141.55766	28	0.0	3	2.3	212
2024/05/13	16:04:01	40.53913	141.55756	16	0.0	3	2.3	213
2024/05/13	16:05:03	40.53901	141.55768	16	0.0	3	2.3	213
2024/05/13	16:06:02	40.53901	141.55769	24	0.0	3	2.4	214
2024/05/13	16:07:02	40.53909	141.55771	6	0.0	3	2.4	220
2024/05/13	16:08:01	40.53915	141.55767	2	0.0	3	2.4	215
2024/05/13	16:09:03	40.53915	141.55770	-8	0.0	3	2.4	217
2024/05/13	16:10:03	40.53896	141.55774	38	0.0	3	3.0	215
2024/05/13	16:11:04	40.53907	141.55767	0	0.0	3	3.0	211
2024/05/13	16:12:02	40.53890	141.55772	44	0.0	3	3.0	217
2024/05/13	16:13:02	40.53907	141.55763	10	0.0	3	3.0	217
2024/05/13	16:14:03	40.53911	141.55766	10	0.0	3	3.1	216
2024/05/13	16:15:03	40.53912	141.55765	2	0.0	3	3.1	217
2024/05/13	16:16:03	40.53916	141.55763	4	0.0	3	3.1	232
2024/05/13	16:17:03	40.53905	141.55767	14	0.0	3	3.2	236
2024/05/13	16:18:03	40.53908	141.55756	0	0.0	3	3.2	233
2024/05/13	16:19:03	40.53895	141.55773	36	0.0	3	3.3	237
2024/05/13	16:20:02	40.53908	141.55764	0	0.0	3	3.3	239
2024/05/13	16:21:03	40.53913	141.55762	-2	0.0	3	3.3	235
2024/05/13	16:22:03	40.53917	141.55766	-28	0.0	3	3.4	238
2024/05/13	16:23:02	40.53910	141.55772	0	0.0	3	3.4	238
2024/05/13	16:24:02	40.53917	141.55754	6	0.0	3	4.0	240
2024/05/13	16:25:02	40.53898	141.55770	8	0.0	3	4.0	242
2024/05/13	16:26:02	40.53932	141.55762	-16	0.0	3	4.1	235
2024/05/13	16:27:03	40.53888	141.55781	44	0.0	3	4.1	234
2024/05/13	16:28:03	40.53915	141.55764	0	0.0	3	4.2	237
2024/05/13	16:29:03	40.53931	141.55734	-0	0.0	3	4.3	237
2024/05/13	16:30:04	40.53919	141.55760	-14	0.0	3	4.3	232
2024/05/13	16:31:03	40.53875	141.55790	68	0.0	3	4.4	233
2024/05/13	16:32:05	40.53920	141.55754	6	3.7	3	5.0	225
2024/05/13	16:33:31	40.53903	141.55769	8	0.0	4	1.3	203
2024/05/13	16:34:00	40.53876	141.55784	62	0.0	3	2.0	205
2024/05/13	16:35:00	40.53895	141.55769	70	0.0	3	2.0	181
2024/05/13	16:36:00	40.53910	141.55778	8	0.0	3	1.4	178
2024/05/13	16:37:00	40.53909	141.55775	32	0.0	3	2.0	209
2024/05/13	16:38:01	40.53907	141.55774	10	0.0	3	1.4	210
2024/05/13	16:39:00	40.53916	141.55763	2	0.0	3	1.4	179
2024/05/13	16:40:00	40.53913	141.55775	8	3.7	3	1.4	210
2024/05/13	16:41:00	40.53906	141.55755	4	0.0	3	2.0	180
2024/05/13	16:42:02	40.53914	141.55772	-22	0.0	3	2.0	202
2024/05/13	16:43:01	40.53913	141.55754	14	0.0	3	2.0	181
2024/05/13	16:44:01	40.53907	141.55767	46	0.0	3	2.0	205
2024/05/13	16:45:02	40.53907	141.55770	20	3.7	4	1.4	226
2024/05/13	16:46:02	40.53900	141.55766	8	0.0	4	3.0	236
2024/05/13	16:47:01	40.53896	141.55789	10	11.1	3	2.0	184
2024/05/13	16:48:01	40.53911	141.55773	6	7.4	3	2.0	233
2024/05/13	16:49:00	40.53905	141.55779	74	11.1	3	2.1	213
2024/05/13	16:50:00	40.53896	141.55764	16	7.4	3	2.0	206
2024/05/13	16:51:01	40.53910	141.55756	26	0.0	3	2.0	201
2024/05/13	16:52:01	40.53912	141.55755	14	0.0	3	2.0	179
2024/05/13	16:53:01	40.53907	141.55771	0	0.0	3	2.1	177
2024/05/13	16:54:01	40.53906	141.55760	26	0.0	3	2.1	197
2024/05/13	16:55:00	40.53912	141.55761	-14	0.0	3	2.1	182
2024/05/13	16:56:01	40.53915	141.55765	0	0.0	3	2.2	225
2024/05/13	16:57:00	40.53940	141.55747	2	18.5	3	2.2	150
2024/05/13	16:58:03	40.53928	141.55714	20	0.0	4	2.0	237
2024/05/13	16:59:01	40.53929	141.55717	30	7.4	3	2.2	212
2024/05/13	17:00:01	40.53914	141.55765	0	0.0	3	2.2	204
2024/05/13	17:01:01	40.53912	141.55756	-4	0.0	3	2.2	177
2024/05/13	17:02:00	40.53905	141.55765	12	0.0	3	2.3	156
2024/05/13	17:03:01	40.53899	141.55771	8	0.0	3	2.2	201
2024/05/13	17:04:01	40.53904	141.55771	10	0.0	3	2.3	226
2024/05/13	17:05:01	40.53918	141.55753	14	0.0	3	2.3	205
2024/05/13	17:06:00	40.53921	141.55768	22	0.0	3	2.4	180
2024/05/13	17:07:01	40.53923	141.55743	10	0.0	3	2.3	230
2024/05/13	17:08:01	40.53904	141.55768	18	0.0	3	2.4	202
2024/05/13	17:09:01	40.53906	141.55772	6	0.0	3	2.4	183
2024/05/13	17:10:01	40.53915	141.55762	-0	0.0	3	2.4	202
2024/05/13	17:11:01	40.53913	141.55767	-8	0.0	3	2.4	209
2024/05/13	17:12:03	40.53907	141.55766	4	0.0	3	3.0	227
2024/05/13	17:13:03	40.53908	141.55763	12	0.0	3	3.0	252
2024/05/13	17:14:03	40.53910	141.55765	0	0.0	3	3.0	238
2024/05/13	17:15:03	40.53904	141.55771	12	0.0	3	3.1	242
2024/05/13	17:16:03	40.53914	141.55760	8	0.0	3	3.1	251
2024/05/13	17:17:03	40.53900	141.55782	10	0.0	3	3.2	256
2024/05/13	17:18:03	40.53929	141.55738	2	14.8	3	3.2	267
2024/05/13	17:19:03	40.53907	141.55768	6	0.0	3	3.2	232
2024/05/13	17:20:02	40.53904	141.55763	12	0.0	3	3.3	267
2024/05/13	17:21:03	40.53910	141.55768	6	0.0	3	3.3	242
2024/05/13	17:22:03	40.53909	141.55764	12	0.0	3	3.4	244
2024/05/13	17:23:03	40.53908	141.55770	4	0.0	3	3.4	243
2024/05/13	17:24:03	40.53898	141.55781	16	0.0	3	4.0	274
2024/05/13	17:25:03	40.53907	141.55766	8	0.0	3	4.1	258
2024/05/13	17:26:03	40.53895	141.55784	16	0.0	3	4.1	240
2024/05/13	17:27:03	40.53910	141.55755	12	0.0	3	4.2	242
2024/05/13	17:28:03	40.53906	141.55771	10	0.0	3	4.3	260
2024/05/13	17:29:03	40.53907	141.55772	0	0.0	3	4.3	264
2024/05/13	17:30:03	40.53894	141.55783	14	0.0	3	4.4	261
2024/05/13	17:31:02	40.53888	141.55797	8	0.0	3	5.0	258
2024/05/13	17:32:03	40.53908	141.55764	8	0.0	3	5.1	262
2024/05/13	17:33:03	40.53903	141.55772	16	0.0	3	5.2	262
2024/05/13	17:34:03	40.53901	141.55779	8	0.0	3	5.3	291
2024/05/13	17:35:03	40.53913	141.55761	6	0.0	3	5.4	262
2024/05/13	17:36:03	40.53899	141.55777	10	0.0	3	6.0	261
2024/05/13	17:37:03	40.53907	141.55762	8	0.0	3	6.2	292
2024/05/13	17:38:03	40.53919	141.55747	12	0.0	3	6.3	256
2024/05/13	17:39:03	40.53901	141.55776	6	0.0	3	7.0	264
2024/05/13	17:40:03	40.53894	141.55788	24	0.0	3	7.2	296
2024/05/13	17:41:02	40.53922	141.55741	10	0.0	3	7.3	263
2024/05/13	17:42:03	40.53897	141.55786	2	0.0	3	8.0	265
2024/05/13	17:43:03	40.53920	141.55739	16	0.0	3	8.3	264
2024/05/13	17:44:03	40.53903	141.55773	2	0.0	3	9.0	267
2024/05/13	17:45:03	40.53881	141.55814	18	0.0	3	9.3	263
2024/05/13	17:46:03	40.53886	141.55800	16	0.0	3	10.1	268
2024/05/13	17:47:03	40.53925	141.55731	4	0.0	3	10.4	264
2024/05/13	17:48:03	40.53900	141.55773	10	0.0	2	13.3	263
2024/05/13	17:49:03	40.53893	141.55795	10	0.0	2	14.2	261
2024/05/13	17:50:03	40.53917	141.55741	14	0.0	2	15.1	243
2024/05/13	17:51:03	40.53912	141.55753	4	0.0	2	16.1	262
2024/05/13	17:52:03	40.53908	141.55765	12	0.0	2	17.2	243
2024/05/13	17:53:02	40.53865	141.55866	24	25.9	2	18.2	232
2024/05/13	17:54:02	40.53922	141.55729	18	14.8	3	17.0	261
2024/05/13	17:55:02	40.53855	141.55872	10	7.4	2	20.1	231
2024/05/13	17:56:03	40.53963	141.55670	-2	0.0	2	21.0	236
2024/05/13	17:57:03	40.53939	141.55710	20	0.0	2	21.3	236
2024/05/13	17:58:03	40.53961	141.55651	-14	0.0	2	21.4	235
2024/05/13	17:59:03	40.53948	141.55685	2	0.0	2	21.3	238
2024/05/13	18:00:31	40.53906	141.55766	14	0.0	6	1.0	264
2024/05/13	18:01:00	40.53905	141.55751	20	7.4	3	1.3	204
2024/05/13	18:02:00	40.53935	141.55737	14	11.1	5	1.0	246
2024/05/13	18:03:00	40.53902	141.55776	4	3.7	5	1.1	215
2024/05/13	18:04:00	40.53901	141.55757	-18	3.7	4	1.4	248
2024/05/13	18:05:00	40.53913	141.55773	40	0.0	4	1.4	212
2024/05/13	18:06:00	40.53904	141.55772	-6	0.0	3	2.2	206
2024/05/13	18:07:00	40.53898	141.55780	14	0.0	3	2.1	238
2024/05/13	18:08:00	40.53914	141.55801	90	0.0	4	2.2	206
2024/05/13	18:09:00	40.53911	141.55772	32	0.0	4	1.2	210
2024/05/13	18:10:01	40.53896	141.55767	0	11.1	4	1.1	151
2024/05/13	18:11:00	40.53907	141.55755	12	7.4	3	2.0	154
2024/05/13	18:12:01	40.53907	141.55777	4	0.0	4	1.4	177
2024/05/13	18:13:00	40.53918	141.55754	-16	0.0	3	2.0	178
2024/05/13	18:14:01	40.53917	141.55772	34	0.0	4	1.3	233
2024/05/13	18:15:01	40.53913	141.55761	18	0.0	3	1.4	174
2024/05/13	18:16:01	40.53902	141.55770	10	0.0	5	1.1	212
2024/05/13	18:17:00	40.53902	141.55766	-54	0.0	3	1.4	208
2024/05/13	18:18:01	40.53908	141.55755	12	0.0	4	1.2	153
2024/05/13	18:19:01	40.53913	141.55757	24	0.0	4	1.2	180
2024/05/13	18:20:00	40.53920	141.55778	82	0.0	3	1.4	124
2024/05/13	18:21:00	40.53906	141.55775	-30	0.0	4	1.3	186
2024/05/13	18:22:01	40.53910	141.55770	66	0.0	4	1.2	154
2024/05/13	18:23:00	40.53889	141.55756	-4	0.0	3	1.3	175
2024/05/13	18:24:00	40.53912	141.55778	44	0.0	3	1.2	124
2024/05/13	18:25:00	40.53906	141.55777	-0	0.0	4	1.3	189
2024/05/13	18:26:01	40.53911	141.55771	8	0.0	3	2.0	150
2024/05/13	18:27:01	40.53903	141.55767	20	0.0	5	1.0	184
2024/05/13	18:28:01	40.53912	141.55777	6	0.0	4	1.2	182
2024/05/13	18:29:01	40.53903	141.55769	0	0.0	5	1.0	247
2024/05/13	18:30:00	40.53905	141.55766	-10	0.0	5	1.1	210
2024/05/13	18:31:01	40.53899	141.55768	12	0.0	5	1.1	187
2024/05/13	18:32:01	40.53900	141.55764	20	0.0	5	1.0	185
2024/05/13	18:33:00	40.53918	141.55737	22	0.0	3	2.4	183
2024/05/13	18:34:00	40.53906	141.55746	-0	0.0	3	1.4	154
2024/05/13	18:35:01	40.53902	141.55763	16	0.0	5	1.1	186
2024/05/13	18:36:00	40.53918	141.55777	-10	0.0	4	1.3	184
2024/05/13	18:37:00	40.53909	141.55763	2	0.0	5	1.1	190
2024/05/13	18:38:00	40.53906	141.55785	28	0.0	4	1.2	188
2024/05/13	18:39:01	40.53911	141.55762	2	0.0	4	1.3	214
2024/05/13	18:40:00	40.53910	141.55773	-26	0.0	3	2.4	179
2024/05/13	18:41:01	40.54062	141.55709	-4	0.0	5	1.0	246
2024/05/13	18:42:01	40.54073	141.55720	-20	0.0	3	1.3	178
2024/05/13	18:43:02	40.54058	141.55720	14	0.0	4	1.1	224
2024/05/13	18:44:01	40.53996	141.55756	-8	0.0	5	1.0	265
2024/05/13	18:45:01	40.53991	141.55759	-0	0.0	3	2.0	266
2024/05/13	18:46:01	40.53992	141.55764	6	0.0	5	1.1	267
2024/05/13	18:47:01	40.53991	141.55758	16	0.0	3	2.1	230
2024/05/13	18:48:01	40.53996	141.55758	4	0.0	5	1.1	274
2024/05/13	18:49:00	40.53981	141.55756	44	0.0	3	2.0	267
2024/05/13	18:50:01	40.54003	141.55753	10	0.0	4	2.0	245
2024/05/13	18:51:00	40.54000	141.55773	-34	0.0	4	2.1	214
2024/05/13	18:52:00	40.53998	141.55773	-10	0.0	4	2.0	206
2024/05/13	18:53:00	40.54011	141.55796	-54	0.0	3	2.3	213
2024/05/13	18:54:01	40.53991	141.55764	42	0.0	3	2.1	212
2024/05/13	18:55:00	40.53980	141.55789	38	0.0	5	1.1	219
2024/05/13	18:56:01	40.54008	141.55791	36	0.0	4	2.3	206
2024/05/13	18:57:01	40.54083	141.56088	44	40.7	4	1.3	236
2024/05/13	18:58:01	40.54560	141.56797	8	48.2	3	1.4	186
2024/05/13	18:59:01	40.54937	141.57645	48	51.9	4	1.3	156
2024/05/13	19:00:01	40.55092	141.58250	66	44.4	4	2.1	208
2024/05/13	19:01:00	40.55437	141.59087	10	48.2	3	2.3	239
2024/05/13	19:02:01	40.55903	141.59935	40	51.9	4	1.3	236
2024/05/13	19:03:01	40.56337	141.60765	16	51.9	4	1.3	185
2024/05/13	19:04:01	40.56852	141.61445	-0	44.4	3	2.0	232
2024/05/13	19:05:01	40.57368	141.62093	-2	48.2	4	1.4	237
2024/05/13	19:06:01	40.57887	141.62684	40	44.4	4	1.4	260
2024/05/13	19:07:00	40.58402	141.63281	-26	40.7	4	1.4	296
2024/05/13	19:08:01	40.58867	141.63927	-14	44.4	4	2.2	251
2024/05/13	19:09:01	40.59305	141.64555	42	40.7	4	1.4	248
2024/05/13	19:10:01	40.59706	141.65262	38	37.0	4	1.2	204
2024/05/13	19:11:00	40.60132	141.65981	54	44.4	4	2.2	214
2024/05/13	19:12:00	40.60598	141.66733	-10	48.2	3	2.4	234
2024/05/13	19:13:01	40.61143	141.67508	52	51.9	4	2.2	238
2024/05/13	19:14:01	40.61651	141.68307	18	55.6	4	2.2	212
2024/05/13	19:15:01	40.62206	141.69123	80	51.9	4	1.4	213
2024/05/13	19:16:01	40.62753	141.69925	58	51.9	4	2.2	207
2024/05/13	19:17:01	40.63313	141.70749	10	55.6	5	1.2	289
2024/05/13	19:18:01	40.63844	141.71629	6	55.6	3	3.0	260
2024/05/13	19:19:02	40.64431	141.72523	18	51.9	4	3.0	264
2024/05/13	19:20:01	40.64972	141.73359	28	59.3	4	3.0	266
2024/05/13	19:21:01	40.65566	141.74107	38	51.9	5	1.3	244
2024/05/13	19:22:01	40.66149	141.74881	36	51.9	3	2.0	229
2024/05/13	19:23:01	40.66690	141.75603	8	55.6	4	3.0	239
2024/05/13	19:24:02	40.67257	141.76337	36	48.2	4	1.4	236
2024/05/13	19:25:01	40.67813	141.76975	20	48.2	5	1.3	260
2024/05/13	19:26:01	40.68368	141.77579	0	44.4	5	1.3	266
2024/05/13	19:27:01	40.68906	141.78173	30	51.9	5	1.3	270
2024/05/13	19:28:01	40.69424	141.78762	44	33.3	4	2.0	262
2024/05/13	19:29:02	40.69958	141.79293	26	37.0	5	1.3	262
2024/05/13	19:30:02	40.70485	141.79816	8	48.2	5	1.3	259
2024/05/13	19:31:00	40.70959	141.80431	-18	48.2	4	2.1	268
2024/05/13	19:32:00	40.71407	141.81131	-8	44.4	4	2.1	243
2024/05/13	19:33:00	40.71790	141.81872	52	44.4	4	2.1	237
2024/05/13	19:34:01	40.72207	141.82618	18	44.4	5	1.3	239
2024/05/13	19:35:00	40.72576	141.83432	28	44.4	3	2.4	206
2024/05/13	19:36:01	40.72926	141.84304	14	48.2	4	2.0	265
2024/05/13	19:37:00	40.73253	141.85209	46	55.6	4	2.0	242
2024/05/13	19:38:01	40.73625	141.86119	2	51.9	5	1.3	270
2024/05/13	19:39:00	40.73913	141.87133	20	55.6	4	2.1	214
2024/05/13	19:40:00	40.74237	141.88114	36	51.9	4	2.1	232
2024/05/13	19:41:00	40.74561	141.89035	14	48.2	3	2.4	213
2024/05/13	19:42:02	40.74900	141.89951	12	51.9	4	1.4	255
2024/05/13	19:43:01	40.75243	141.90766	14	44.4	4	2.0	262
2024/05/13	19:44:01	40.75585	141.91582	-20	44.4	4	2.0	266
2024/05/13	19:45:01	40.75895	141.92469	18	51.9	5	1.4	266
2024/05/13	19:46:00	40.76222	141.93309	14	44.4	4	2.0	268
2024/05/13	19:47:01	40.76535	141.94237	-10	48.2	4	2.0	262
2024/05/13	19:48:01	40.76854	141.95177	12	55.6	4	1.4	239
2024/05/13	19:49:00	40.77157	141.96116	16	51.9	4	2.0	257
2024/05/13	19:50:01	40.77495	141.97060	10	48.2	4	2.0	263
2024/05/13	19:51:01	40.77667	141.98034	10	51.9	4	2.0	258
2024/05/13	19:52:00	40.77818	141.99041	40	51.9	4	2.0	234
2024/05/13	19:53:01	40.77994	142.00015	-0	48.2	4	1.4	265
2024/05/13	19:54:00	40.78199	142.00965	42	48.2	4	2.0	268
2024/05/13	19:55:01	40.78433	142.01857	6	48.2	3	2.0	206
2024/05/13	19:56:01	40.78582	142.02599	20	44.4	4	2.0	260
2024/05/13	19:57:01	40.78807	142.03496	18	48.2	4	2.0	261
2024/05/13	19:58:00	40.79016	142.04388	10	44.4	3	2.0	244
2024/05/13	19:59:01	40.79307	142.05155	-26	37.0	3	4.4	263
2024/05/13	20:00:01	40.79661	142.05914	8	48.2	4	2.0	265
2024/05/13	20:01:01	40.79915	142.06780	6	29.6	4	2.0	233
2024/05/13	20:02:02	40.80210	142.07651	16	33.3	3	5.2	266
2024/05/13	20:03:01	40.80465	142.08421	12	51.9	4	2.0	261
2024/05/13	20:04:01	40.80858	142.09095	4	11.1	4	2.0	257
2024/05/13	20:05:02	40.81301	142.09485	-0	33.3	3	5.4	279
2024/05/13	20:06:01	40.81627	142.09793	48	33.3	3	5.4	271
2024/05/13	20:07:02	40.82080	142.10119	-26	37.0	3	6.0	286
2024/05/13	20:08:02	40.82521	142.10250	-42	25.9	3	6.0	235
2024/05/13	20:09:01	40.82891	142.10529	-6	29.6	3	6.1	247
2024/05/13	20:10:03	40.83251	142.10713	-102	33.3	3	6.2	266
2024/05/13	20:11:01	40.83695	142.10979	-70	37.0	3	6.2	257
2024/05/13	20:12:01	40.84105	142.11312	28	7.4	3	6.3	261
2024/05/13	20:13:02	40.84420	142.11504	20	29.6	3	6.4	286
2024/05/13	20:14:01	40.84553	142.11490	40	40.7	3	7.0	201
2024/05/13	20:15:02	40.84979	142.11834	-72	44.4	3	7.0	200
2024/05/13	20:16:02	40.85496	142.12065	-14	40.7	3	7.1	262
2024/05/13	20:17:01	40.86000	142.12346	22	29.6	3	7.2	237
2024/05/13	20:18:03	40.86352	142.12496	40	22.2	3	7.3	260
2024/05/13	20:19:02	40.86760	142.12685	-20	25.9	3	7.4	208
2024/05/13	20:20:05	40.86830	142.12513	-48	0.0	3	8.1	254
2024/05/13	20:21:02	40.86842	142.12551	-6	0.0	3	8.2	255
2024/05/13	20:22:02	40.86808	142.12515	-62	0.0	3	8.3	264
2024/05/13	20:23:02	40.86841	142.12639	94	3.7	3	8.4	258
2024/05/13	20:24:03	40.86754	142.12196	30	25.9	3	9.1	258
2024/05/13	20:25:02	40.86562	142.11650	-54	29.6	3	9.2	260
2024/05/13	20:26:03	40.86282	142.11318	-4	25.9	3	9.4	262
2024/05/13	20:27:04	40.86022	142.10841	-6	29.6	3	10.1	258
2024/05/13	20:28:03	40.85723	142.10376	-38	37.0	3	10.2	266
2024/05/13	20:29:02	40.85432	142.09960	-10	37.0	3	10.4	265
2024/05/13	20:30:02	40.85063	142.09557	-28	29.6	3	11.1	262
2024/05/13	20:31:03	40.84844	142.09075	-24	37.0	3	11.4	269
2024/05/13	20:32:02	40.84606	142.08721	32	29.6	3	12.1	259
2024/05/13	20:33:03	40.84249	142.08286	30	29.6	3	12.4	262
2024/05/13	20:40:08	40.82142	142.05855	0	29.6	4	1.2	258
2024/05/13	20:41:02	40.81795	142.05557	4	44.4	3	5.0	258
2024/05/13	20:42:01	40.81397	142.05249	-4	29.6	4	1.2	259
2024/05/13	20:43:01	40.81024	142.04922	-22	25.9	4	1.2	231
2024/05/13	20:44:01	40.80603	142.04615	-4	29.6	4	1.2	230
2024/05/13	20:45:01	40.80822	142.04441	6	18.5	4	1.2	261
2024/05/13	20:46:02	40.80684	142.04039	-4	37.0	3	4.2	265
2024/05/13	20:47:02	40.80189	142.03794	4	29.6	3	4.1	259
2024/05/13	20:48:02	40.79608	142.03964	2	37.0	3	4.1	295
2024/05/13	20:49:01	40.79033	142.03932	16	48.2	3	4.0	259
2024/05/13	20:50:01	40.78927	142.04045	14	22.2	2	3.1	274
2024/05/13	20:51:01	40.78812	142.04401	22	22.2	3	3.4	260
2024/05/13	20:52:02	40.78917	142.04613	46	18.5	4	1.2	261
2024/05/13	20:53:02	40.78523	142.04810	24	29.6	3	3.4	263
2024/05/13	20:54:01	40.78419	142.04589	36	14.8	3	2.2	255
2024/05/13	20:55:02	40.78600	142.04428	50	18.5	4	1.2	258
2024/05/13	20:56:01	40.78325	142.04079	22	29.6	4	1.2	263
2024/05/13	20:57:01	40.78051	142.03628	18	25.9	4	1.2	269
2024/05/13	20:58:01	40.77740	142.03209	10	33.3	4	1.1	239
2024/05/13	20:59:02	40.77364	142.02768	10	33.3	4	1.1	265
2024/05/13	21:00:01	40.77084	142.02365	24	25.9	4	1.1	233
2024/05/13	21:01:01	40.76883	142.01972	46	18.5	4	1.1	262
2024/05/13	21:02:01	40.76888	142.01495	36	25.9	4	1.1	256
2024/05/13	21:03:01	40.76851	142.00946	24	25.9	4	1.1	261
2024/05/13	21:04:01	40.76757	142.00406	30	25.9	4	1.1	259
2024/05/13	21:05:01	40.76602	141.99868	18	29.6	4	1.1	262
2024/05/13	21:06:02	40.76405	141.99317	16	29.6	3	3.0	263
2024/05/13	21:07:01	40.76323	141.98728	26	29.6	4	1.1	259
2024/05/13	21:08:01	40.76257	141.98187	24	29.6	4	1.1	235
2024/05/13	21:09:01	40.76162	141.97598	6	33.3	4	1.1	261
2024/05/13	21:10:01	40.76099	141.96932	44	33.3	3	2.4	265
2024/05/13	21:11:02	40.76162	141.96579	34	40.7	3	2.4	263
2024/05/13	21:12:01	40.76139	141.96332	-20	40.7	3	2.4	294
2024/05/13	21:13:01	40.75872	141.95938	22	33.3	4	1.1	262
2024/05/13	21:14:01	40.75618	141.95627	28	25.9	3	2.4	287
2024/05/13	21:15:01	40.75680	141.95210	10	25.9	3	2.0	291
2024/05/13	21:16:01	40.75691	141.94718	-4	22.2	4	1.1	288
2024/05/13	21:17:00	40.75667	141.94184	26	29.6	3	2.3	284
2024/05/13	21:18:00	40.75637	141.93689	38	25.9	3	2.3	234
2024/05/13	21:19:01	40.75709	141.93229	14	22.2	3	22.4	288
2024/05/13	21:20:00	40.75777	141.92667	2	25.9	3	2.3	231
2024/05/13	21:21:01	40.75708	141.92152	-0	29.6	3	2.3	260
2024/05/13	21:22:01	40.75474	141.91682	-0	22.2	3	2.3	261
2024/05/13	21:23:02	40.75521	141.91315	4	18.5	4	1.1	289
2024/05/13	21:24:00	40.75608	141.90946	-2	22.2	3	2.3	233
2024/05/13	21:25:01	40.75496	141.90582	16	22.2	3	2.2	257
2024/05/13	21:26:00	40.75343	141.90191	46	25.9	3	2.2	261
2024/05/13	21:27:00	40.75106	141.89851	-6	22.2	3	2.2	204
2024/05/13	21:28:01	40.74871	141.89511	-30	33.3	3	2.2	289
2024/05/13	21:29:01	40.74540	141.89215	-12	25.9	3	2.2	208
2024/05/13	21:30:02	40.74214	141.88845	-6	29.6	3	2.2	265
2024/05/13	21:31:01	40.73989	141.88490	12	25.9	3	2.2	266
2024/05/13	21:32:02	40.73584	141.88344	-14	40.7	3	2.2	260
2024/05/13	21:33:02	40.73095	141.88219	18	29.6	3	2.2	286
2024/05/13	21:34:02	40.72643	141.88100	-6	29.6	3	2.2	262
2024/05/13	21:35:01	40.72234	141.87819	26	29.6	3	2.2	148
2024/05/13	21:36:02	40.71875	141.87505	-8	25.9	3	2.2	265
2024/05/13	21:37:01	40.71589	141.87162	-0	25.9	3	2.2	239
2024/05/13	21:38:02	40.71266	141.86772	30	29.6	3	2.2	267
2024/05/13	21:39:01	40.70957	141.86397	-4	29.6	3	2.2	203
2024/05/13	21:40:02	40.70532	141.86100	-4	37.0	3	2.2	270
2024/05/13	21:41:01	40.70079	141.85879	-12	37.0	3	2.2	238
2024/05/13	21:42:02	40.69643	141.85594	-10	37.0	3	2.2	265
2024/05/13	21:43:02	40.69233	141.85398	-10	22.2	3	2.2	260
2024/05/13	21:44:02	40.68753	141.85140	-4	40.7	3	2.2	270
2024/05/13	21:45:01	40.68376	141.84848	-14	25.9	3	2.2	209
2024/05/13	21:46:02	40.67932	141.84529	-0	33.3	3	2.2	261
2024/05/13	21:47:01	40.67496	141.84285	16	29.6	3	2.2	236
2024/05/13	21:48:02	40.67061	141.84088	2	33.3	3	2.2	297
2024/05/13	21:49:02	40.66705	141.83775	-14	37.0	3	2.2	287
2024/05/13	21:50:03	40.66242	141.83503	6	40.7	3	2.2	261
2024/05/13	21:51:03	40.65898	141.83084	14	25.9	3	2.2	281
2024/05/13	21:52:01	40.65522	141.82774	6	29.6	3	2.2	259
2024/05/13	21:53:02	40.65158	141.82392	30	33.3	3	2.2	260
2024/05/13	21:54:02	40.64879	141.81958	34	25.9	3	2.2	286
2024/05/13	21:55:01	40.64632	141.81606	2	25.9	3	2.2	283
2024/05/13	21:56:02	40.64384	141.81254	22	25.9	3	2.2	286
2024/05/13	21:57:02	40.64000	141.80864	-14	29.6	3	2.2	284
2024/05/13	21:58:01	40.63626	141.80546	18	33.3	3	2.2	231
2024/05/13	21:59:01	40.63213	141.80236	4	29.6	3	2.2	179
2024/05/13	22:06:17	40.60936	141.77491	-0	25.9	3	2.3	289
2024/05/13	22:07:01	40.60720	141.77139	-6	22.2	3	2.3	287
2024/05/13	22:08:01	40.60493	141.76788	6	29.6	3	2.3	286
2024/05/13	22:09:01	40.60237	141.76341	-14	29.6	3	2.4	288
2024/05/13	22:10:02	40.59954	141.75911	-20	25.9	2	2.4	291
2024/05/13	22:11:01	40.59681	141.75448	-18	33.3	2	2.4	284
2024/05/13	22:12:01	40.59419	141.74981	-10	29.6	2	2.4	263
2024/05/13	22:13:03	40.59232	141.74428	-16	29.6	2	2.4	288
2024/05/13	22:14:03	40.58918	141.73981	-18	29.6	2	2.4	287
2024/05/13	22:15:03	40.58620	141.73544	-24	33.3	2	2.4	286
2024/05/13	22:16:01	40.58364	141.73092	-32	29.6	2	2.4	279
2024/05/13	22:17:01	40.58161	141.72653	-24	22.2	2	2.4	285
2024/05/13	22:25:09	40.56524	141.68930	8	37.0	4	1.3	279
2024/05/13	22:26:01	40.56306	141.68443	-10	33.3	3	1.3	225
2024/05/13	22:27:02	40.56042	141.67775	-6	37.0	4	1.3	279
2024/05/13	22:28:02	40.55762	141.67118	6	33.3	4	1.3	274
2024/05/13	22:29:01	40.55617	141.66495	-0	33.3	4	1.3	280
2024/05/13	22:30:03	40.55409	141.65883	8	33.3	4	1.3	281
2024/05/13	22:31:01	40.55167	141.65329	22	29.6	3	1.3	280
2024/05/13	22:32:01	40.54975	141.64724	16	29.6	3	1.3	277
2024/05/13	22:33:01	40.54669	141.64283	14	29.6	3	2.2	282
2024/05/13	22:34:01	40.54445	141.63848	4	29.6	3	1.4	230
2024/05/13	22:35:02	40.54357	141.63209	6	29.6	4	1.3	278
2024/05/13	22:36:02	40.54124	141.62721	10	29.6	4	1.3	283
2024/05/13	22:37:03	40.53881	141.62244	6	29.6	4	1.3	280
2024/05/13	22:38:02	40.53763	141.61846	-14	0.0	4	1.3	305
2024/05/13	22:39:03	40.53766	141.61866	-8	0.0	3	2.2	282
2024/05/13	22:40:04	40.53763	141.61881	0	0.0	3	1.4	262
2024/05/13	22:41:03	40.53684	141.61394	10	29.6	3	2.2	275
2024/05/13	22:42:03	40.53515	141.60912	0	25.9	4	1.3	270
2024/05/13	22:43:03	40.53479	141.60436	0	29.6	4	1.4	278
2024/05/13	22:44:01	40.53438	141.59951	20	22.2	3	2.3	255
2024/05/13	22:45:03	40.53495	141.59350	22	29.6	4	1.4	274
2024/05/13	22:46:01	40.53517	141.58998	6	22.2	3	2.3	280
2024/05/13	22:47:02	40.53496	141.58575	18	29.6	3	1.4	283
2024/05/13	22:48:03	40.53965	141.58248	62	37.0	3	6.3	285
2024/05/13	22:49:02	40.54190	141.57768	26	25.9	3	2.3	297
2024/05/13	22:50:02	40.54400	141.57272	8	37.0	3	2.3	299
2024/05/13	22:51:02	40.54278	141.56718	26	29.6	3	2.0	224
2024/05/13	22:52:02	40.54363	141.56252	-10	33.3	3	2.0	275
2024/05/13	22:53:03	40.54443	141.56134	12	0.0	3	2.0	297
2024/05/13	22:54:02	40.54447	141.56068	26	7.4	3	2.4	275
2024/05/13	22:55:02	40.54522	141.55578	32	25.9	3	2.4	273
2024/05/13	22:56:02	40.54604	141.55177	14	18.5	3	2.0	276
2024/05/13	22:57:03	40.54931	141.54951	8	18.5	4	2.0	273
2024/05/13	22:58:03	40.55037	141.54970	4	0.0	3	3.0	294
2024/05/13	22:59:02	40.55036	141.54969	2	0.0	2	2.3	280
2024/05/13	23:00:03	40.55047	141.54995	-12	0.0	2	2.3	311
2024/05/13	23:01:03	40.55033	141.54991	-12	0.0	2	2.3	283
2024/05/13	23:02:04	40.55031	141.54957	12	0.0	3	3.1	284
2024/05/13	23:03:05	40.55044	141.54982	-8	0.0	3	3.1	279
2024/05/13	23:04:04	40.55025	141.54960	18	3.7	3	3.2	283
2024/05/13	23:05:03	40.55042	141.54953	20	0.0	2	2.3	285
2024/05/13	23:06:26	40.55045	141.54986	-2	7.4	3	3.3	288
2024/05/13	23:07:05	40.55038	141.54978	4	3.7	3	3.3	286
2024/05/13	23:08:15	40.55055	141.54996	-28	14.8	3	3.4	273
2024/05/13	23:09:10	40.55043	141.54983	-2	7.4	3	3.4	283
2024/05/13	23:10:04	40.55044	141.54987	-2	0.0	3	4.0	293
2024/05/13	23:11:03	40.55022	141.54959	20	0.0	3	4.1	293
2024/05/13	23:12:02	40.55007	141.54922	22	0.0	2	2.3	296
2024/05/13	23:13:02	40.55034	141.54933	20	0.0	2	2.3	265
2024/05/13	23:14:02	40.55019	141.54935	18	0.0	2	2.3	270
2024/05/13	23:15:03	40.55006	141.54941	16	0.0	2	2.3	296
2024/05/13	23:16:09	40.55020	141.54946	0	0.0	3	5.0	261
2024/05/13	23:17:31	40.55023	141.54945	-0	0.0	7	1.1	286
2024/05/13	23:18:01	40.55025	141.54944	-4	0.0	4	3.2	286
2024/05/13	23:19:01	40.55013	141.54938	-16	0.0	6	2.4	321
2024/05/13	23:20:01	40.55014	141.54944	-2	0.0	6	2.4	277
2024/05/13	23:21:01	40.55022	141.54948	-6	0.0	6	1.2	320
2024/05/13	23:22:00	40.55022	141.54948	-10	0.0	6	1.2	330
2024/05/13	23:23:00	40.55022	141.54948	0	0.0	6	1.2	296
2024/05/13	23:24:00	40.55026	141.54944	-2	0.0	6	1.2	304
2024/05/13	23:25:00	40.55002	141.54953	2	0.0	4	2.2	297
2024/05/13	23:26:01	40.55030	141.54944	-2	0.0	7	1.1	284
2024/05/13	23:27:01	40.55021	141.54948	12	0.0	6	1.1	278
2024/05/13	23:28:01	40.55024	141.54942	-2	0.0	5	3.1	306
2024/05/13	23:29:02	40.55022	141.54944	-0	0.0	5	3.1	276
2024/05/13	23:30:01	40.55023	141.54942	2	0.0	5	3.1	257
2024/05/13	23:31:02	40.54655	141.55060	2	44.4	4	3.1	284
2024/05/13	23:32:02	40.54608	141.55192	-0	0.0	5	3.0	291
2024/05/13	23:33:01	40.54601	141.55183	-8	0.0	4	3.0	290
2024/05/13	23:34:02	40.54626	141.55197	12	0.0	5	3.0	304
2024/05/13	23:35:02	40.54603	141.55191	-0	0.0	5	2.4	292
2024/05/13	23:36:01	40.54612	141.55189	8	0.0	5	2.4	301
2024/05/13	23:37:00	40.54607	141.55185	-0	0.0	5	2.4	277
2024/05/13	23:38:02	40.54481	141.55332	2	25.9	5	2.4	286
2024/05/13	23:39:01	40.54470	141.55371	40	3.7	5	2.3	280
2024/05/13	23:40:01	40.54442	141.55378	-2	0.0	4	2.3	294
2024/05/13	23:41:02	40.54123	141.55632	76	29.6	3	3.1	269
2024/05/13	23:42:03	40.53983	141.55744	16	0.0	3	3.1	152
2024/05/13	23:43:01	40.54009	141.55768	28	0.0	4	2.4	188
2024/05/13	23:44:01	40.54004	141.55764	2	0.0	4	2.4	200
2024/05/13	23:45:01	40.54016	141.55758	-42	0.0	3	3.1	204
2024/05/13	23:46:01	40.53998	141.55761	12	0.0	4	2.3	185
2024/05/13	23:47:01	40.53999	141.55757	20	0.0	4	2.3	205
2024/05/13	23:48:02	40.54003	141.55765	-16	0.0	4	2.3	207
2024/05/13	23:49:00	40.53993	141.55767	-4	0.0	4	2.3	236
2024/05/13	23:50:01	40.53989	141.55758	14	0.0	4	2.2	235
2024/05/13	23:51:01	40.54001	141.55753	-38	0.0	3	3.0	207
2024/05/13	23:52:01	40.54065	141.55734	84	0.0	3	12.1	179
2024/05/13	23:53:01	40.54003	141.55762	10	0.0	3	3.0	209
2024/05/13	23:54:01	40.54054	141.55738	62	0.0	3	10.2	211
2024/05/13	23:55:01	40.54018	141.55775	-12	0.0	4	2.1	210
2024/05/13	23:56:01	40.53987	141.55755	-2	0.0	4	2.1	217
2024/05/13	23:57:01	40.54020	141.55773	10	0.0	3	4.0	212
2024/05/13	23:58:01	40.54003	141.55766	12	0.0	4	2.1	216
2024/05/13	23:59:01	40.53990	141.55759	-8	0.0	4	2.1	202
2024/05/14	00:00:01	40.53987	141.55750	0	0.0	4	2.1	208
2024/05/14	00:01:00	40.53987	141.55767	6	3.7	4	2.1	214
2024/05/14	00:02:01	40.53999	141.55767	6	0.0	4	2.0	206
2024/05/14	00:03:02	40.54005	141.55763	-0	0.0	4	2.0	184
2024/05/14	00:04:01	40.54005	141.55764	-4	0.0	4	2.0	184
2024/05/14	00:05:01	40.53973	141.55739	-30	18.5	3	2.0	187
2024/05/14	00:06:01	40.54006	141.55770	-4	0.0	3	3.1	202
2024/05/14	00:07:01	40.54001	141.55760	-6	0.0	4	2.0	180
2024/05/14	00:08:01	40.53978	141.55756	10	0.0	4	2.0	197
2024/05/14	00:09:01	40.54006	141.55762	-4	0.0	4	2.0	213
2024/05/14	00:10:01	40.53997	141.55764	-4	0.0	4	1.4	206
2024/05/14	00:11:01	40.54009	141.55770	10	0.0	4	1.4	210
2024/05/14	00:12:01	40.53998	141.55763	8	0.0	4	1.4	208
2024/05/14	00:13:01	40.53989	141.55759	-2	0.0	4	1.4	241
2024/05/14	00:14:01	40.53904	141.55771	-0	0.0	5	1.2	293
2024/05/14	00:15:01	40.53887	141.55771	4	0.0	4	1.4	263
2024/05/14	00:16:02	40.53905	141.55764	-8	0.0	3	2.3	235
2024/05/14	00:17:03	40.53887	141.55775	-6	0.0	3	4.1	236
2024/05/14	00:18:04	40.53908	141.55775	10	0.0	4	1.4	259
2024/05/14	00:19:02	40.53908	141.55770	18	0.0	4	1.4	291
2024/05/14	00:20:04	40.53908	141.55778	10	0.0	3	2.2	253
2024/05/14	00:21:03	40.53930	141.55765	-14	0.0	3	2.2	240
2024/05/14	00:22:03	40.53915	141.55769	28	0.0	3	2.2	242
2024/05/14	00:23:03	40.53911	141.55779	30	0.0	3	2.2	263
2024/05/14	00:24:03	40.53898	141.55770	14	0.0	4	1.3	279
2024/05/14	00:25:04	40.53907	141.55782	-14	0.0	3	3.3	240
2024/05/14	00:26:03	40.53913	141.55770	14	0.0	3	2.2	237
2024/05/14	00:27:02	40.53920	141.55774	-12	0.0	4	1.3	241
2024/05/14	00:28:02	40.53889	141.55773	12	0.0	3	3.2	260
2024/05/14	00:29:01	40.53927	141.55771	-10	0.0	3	2.2	210
2024/05/14	00:30:01	40.53910	141.55765	0	0.0	3	2.2	215
2024/05/14	00:31:01	40.53881	141.55784	-8	0.0	3	3.1	259
2024/05/14	00:32:01	40.53910	141.55777	-12	0.0	3	3.1	264
2024/05/14	00:33:02	40.53906	141.55771	0	0.0	3	3.1	260
2024/05/14	00:34:02	40.53908	141.55757	12	0.0	3	3.0	259
2024/05/14	00:35:02	40.53917	141.55775	12	0.0	3	3.0	218
2024/05/14	00:36:03	40.53906	141.55782	2	0.0	3	3.0	256
2024/05/14	00:37:02	40.53896	141.55769	-28	0.0	3	3.0	240
2024/05/14	00:38:01	40.53885	141.55782	2	0.0	3	3.0	214
2024/05/14	00:39:02	40.53913	141.55775	-12	0.0	3	3.0	241
2024/05/14	00:40:02	40.53907	141.55768	10	0.0	3	2.4	215
2024/05/14	00:41:02	40.53919	141.55769	20	0.0	3	2.4	214
2024/05/14	00:42:02	40.53918	141.55767	20	0.0	3	2.4	261
2024/05/14	00:43:01	40.53908	141.55781	18	0.0	3	2.4	212
2024/05/14	00:44:01	40.53901	141.55769	-10	0.0	3	2.4	213
2024/05/14	00:45:02	40.53901	141.55766	-12	0.0	3	2.4	258
2024/05/14	00:46:02	40.53890	141.55771	-0	0.0	3	2.4	259
2024/05/14	00:47:02	40.53916	141.55768	-0	0.0	3	2.4	256
2024/05/14	00:48:01	40.53930	141.55754	30	0.0	3	2.3	189
2024/05/14	00:49:01	40.53931	141.55762	38	0.0	3	2.3	186
2024/05/14	00:50:01	40.53923	141.55764	-32	0.0	3	2.3	218
2024/05/14	00:51:01	40.53903	141.55763	2	0.0	3	2.3	270
2024/05/14	00:52:03	40.53914	141.55770	-16	0.0	4	1.3	269
2024/05/14	00:53:03	40.53926	141.55775	-20	0.0	3	2.1	255
2024/05/14	00:54:02	40.53904	141.55773	-12	0.0	3	2.1	266
2024/05/14	00:55:02	40.53905	141.55772	2	0.0	3	2.1	226
2024/05/14	00:56:02	40.53912	141.55778	26	0.0	4	1.3	253
2024/05/14	00:57:03	40.53902	141.55782	-18	0.0	3	2.3	267
2024/05/14	00:58:01	40.53909	141.55772	-4	0.0	3	2.3	214
2024/05/14	00:59:02	40.53906	141.55770	12	0.0	4	1.3	271
2024/05/14	01:00:01	40.53917	141.55776	6	0.0	3	2.1	260
2024/05/14	01:01:01	40.53900	141.55775	0	0.0	3	2.3	234
2024/05/14	01:02:02	40.53899	141.55769	16	0.0	4	1.3	264
2024/05/14	01:03:01	40.53917	141.55772	-18	0.0	4	1.3	234
2024/05/14	01:04:00	40.53911	141.55784	26	0.0	3	2.2	272
2024/05/14	01:05:01	40.53897	141.55771	12	0.0	3	2.2	316
2024/05/14	01:06:01	40.53901	141.55777	-2	0.0	3	2.2	280
2024/05/14	01:07:01	40.53905	141.55768	-4	0.0	3	2.2	278
2024/05/14	01:08:01	40.53904	141.55768	-20	0.0	3	2.2	290
2024/05/14	01:09:02	40.53910	141.55763	-0	0.0	3	2.2	291
2024/05/14	01:10:02	40.53912	141.55778	-12	0.0	3	2.2	255
2024/05/14	01:11:02	40.53915	141.55759	12	0.0	3	2.2	276
2024/05/14	01:12:02	40.53903	141.55772	-10	0.0	3	2.2	280
2024/05/14	01:13:02	40.53905	141.55776	-0	0.0	3	2.2	282
2024/05/14	01:14:04	40.53914	141.55773	-24	0.0	3	2.2	283
2024/05/14	01:15:01	40.53897	141.55782	10	0.0	3	2.2	294
2024/05/14	01:16:02	40.53906	141.55775	-14	0.0	3	2.2	296
2024/05/14	01:17:01	40.53908	141.55768	6	0.0	3	2.2	271
2024/05/14	01:18:02	40.53896	141.55772	6	3.7	3	2.2	292
2024/05/14	01:19:01	40.53907	141.55780	-30	0.0	3	2.2	211
2024/05/14	01:20:02	40.53907	141.55775	24	0.0	3	2.3	293
2024/05/14	01:21:02	40.53902	141.55780	-6	0.0	3	2.3	289
2024/05/14	01:22:04	40.53906	141.55772	-4	0.0	2	2.3	293
2024/05/14	01:23:02	40.53885	141.55779	14	0.0	3	2.3	295
2024/05/14	01:24:03	40.53923	141.55763	-16	0.0	3	2.3	321
2024/05/14	01:25:05	40.53900	141.55779	22	0.0	3	2.3	286
2024/05/14	01:26:03	40.53905	141.55770	4	0.0	3	2.3	289
2024/05/14	01:27:05	40.53906	141.55778	-50	0.0	3	2.3	291
2024/05/14	01:28:03	40.53909	141.55764	12	0.0	3	2.3	301
2024/05/14	01:29:04	40.53977	141.55664	-10	0.0	3	2.3	307
2024/05/14	01:30:03	40.53975	141.55671	-24	0.0	3	2.3	316
2024/05/14	01:31:08	40.53971	141.55677	-6	0.0	4	1.4	269
2024/05/14	01:32:06	40.53967	141.55750	-26	0.0	3	2.3	247
2024/05/14	01:33:05	40.53990	141.55740	-26	0.0	2	2.3	262
2024/05/14	01:39:46	40.53955	141.55745	-4	0.0	7	1.3	177
2024/05/14	01:40:04	40.53964	141.55738	6	0.0	4	2.3	213
2024/05/14	01:41:03	40.53965	141.55754	-16	0.0	4	1.4	203
2024/05/14	01:42:01	40.53956	141.55756	-32	3.7	4	2.3	217
2024/05/14	01:43:02	40.53968	141.55705	10	37.0	3	6.3	193
2024/05/14	01:44:02	40.53952	141.55736	28	0.0	5	1.3	203
2024/05/14	01:45:02	40.53960	141.55741	20	11.1	5	1.3	192
2024/05/14	01:46:07	40.53959	141.55744	0	0.0	6	1.2	238
2024/05/14	01:47:01	40.53962	141.55748	-24	11.1	4	1.3	127
2024/05/14	01:48:01	40.53955	141.55728	0	18.5	4	6.1	169
2024/05/14	01:49:03	40.53958	141.55763	-12	14.8	6	1.2	213
2024/05/14	01:50:01	40.53954	141.55740	-20	3.7	6	1.2	215
2024/05/14	01:51:01	40.53971	141.55742	6	14.8	5	2.0	217
2024/05/14	01:52:03	40.53950	141.55699	32	40.7	4	5.4	203
2024/05/14	01:53:02	40.53969	141.55770	-8	66.7	3	6.1	206
2024/05/14	01:54:03	40.53987	141.55693	56	3.7	3	6.1	193
2024/05/14	01:55:02	40.53964	141.55745	-0	11.1	5	1.3	214
2024/05/14	01:56:04	40.53977	141.55785	-70	14.8	3	8.0	154
2024/05/14	02:02:15	40.53966	141.55743	0	0.0	6	1.4	234
2024/05/14	02:03:03	40.54041	141.55704	-4	0.0	3	6.0	218
2024/05/14	02:04:02	40.54175	141.55602	118	14.8	3	5.1	198
2024/05/14	02:05:03	40.53835	141.55504	-196	3.7	4	5.3	217
2024/05/14	02:06:03	40.54353	141.55440	282	3.7	3	5.1	212
2024/05/14	02:07:03	40.54449	141.55336	320	3.7	4	5.0	204
2024/05/14	02:08:05	40.54519	141.55250	304	0.0	5	2.4	294
2024/05/14	02:09:03	40.54609	141.55635	-86	3.7	3	3.0	262
2024/05/14	02:10:03	40.53624	141.55212	-440	3.7	3	6.0	258
2024/05/14	02:11:03	40.53929	141.55302	-268	0.0	5	3.2	265
2024/05/14	02:12:04	40.54350	141.55491	-216	22.2	3	4.0	216
2024/05/14	02:13:13	40.54220	141.55338	-272	0.0	6	3.2	269
2024/05/14	02:14:04	40.53559	141.55016	-534	0.0	5	4.3	252
2024/05/14	02:20:21	40.53907	141.55770	-0	0.0	6	1.3	262
2024/05/14	02:21:01	40.53925	141.55772	22	0.0	5	1.4	240
2024/05/14	02:22:01	40.53913	141.55775	4	0.0	6	1.3	273
2024/05/14	02:23:00	40.53903	141.55757	6	0.0	6	1.3	242
2024/05/14	02:24:01	40.53912	141.55767	18	0.0	6	1.3	272
2024/05/14	02:25:01	40.53896	141.55765	-6	0.0	6	1.3	264
2024/05/14	02:26:00	40.53897	141.55761	18	0.0	6	1.3	242
2024/05/14	02:27:01	40.53908	141.55772	0	0.0	6	1.4	295
2024/05/14	02:28:00	40.53907	141.55774	10	0.0	5	1.4	294
2024/05/14	02:29:00	40.53918	141.55774	-6	0.0	5	1.4	240
2024/05/14	02:30:01	40.53896	141.55764	12	0.0	6	1.4	271
2024/05/14	02:31:01	40.53903	141.55763	24	0.0	5	2.1	274
2024/05/14	02:32:00	40.53897	141.55773	16	0.0	4	2.4	252
2024/05/14	02:33:01	40.53912	141.55777	-12	0.0	5	2.1	269
2024/05/14	02:34:02	40.53909	141.55732	38	0.0	3	3.4	269
2024/05/14	02:35:02	40.53910	141.55780	-40	0.0	4	4.2	209
2024/05/14	02:36:01	40.53898	141.55757	-0	0.0	4	2.4	188
2024/05/14	02:37:02	40.53918	141.55779	0	0.0	5	2.4	242
2024/05/14	02:38:03	40.53889	141.55760	16	0.0	3	4.4	254
2024/05/14	02:39:02	40.53904	141.55770	8	0.0	5	2.3	240
2024/05/14	02:40:02	40.53907	141.55769	10	0.0	5	2.3	244
2024/05/14	02:41:02	40.53910	141.55771	-22	0.0	6	1.4	268
2024/05/14	02:42:02	40.53919	141.55779	2	0.0	5	2.3	243
2024/05/14	02:43:02	40.53889	141.55763	-10	0.0	5	2.2	255
2024/05/14	02:44:03	40.53904	141.55767	18	0.0	5	2.0	260
2024/05/14	02:45:02	40.53915	141.55777	-14	0.0	5	2.2	267
2024/05/14	02:46:03	40.53912	141.55770	4	0.0	5	2.2	264
2024/05/14	02:47:02	40.53900	141.55768	12	0.0	3	4.2	238
2024/05/14	02:48:02	40.53908	141.55763	6	0.0	5	2.1	267
2024/05/14	02:49:01	40.53931	141.55775	-44	3.7	4	4.1	237
2024/05/14	02:50:01	40.53892	141.55759	30	0.0	4	4.1	157
2024/05/14	02:51:01	40.53907	141.55770	14	0.0	5	2.1	263
2024/05/14	02:52:01	40.53897	141.55770	36	3.7	4	4.1	261
2024/05/14	02:53:02	40.53929	141.55772	-24	0.0	6	1.4	256
2024/05/14	02:54:02	40.53932	141.55772	-2	0.0	4	6.2	235
2024/05/14	02:55:04	40.53901	141.55773	4	0.0	4	6.1	255
2024/05/14	02:56:01	40.53836	141.55780	-96	0.0	4	6.0	263
2024/05/14	02:57:01	40.53905	141.55762	16	0.0	5	2.0	264
2024/05/14	02:58:01	40.53907	141.55775	-12	0.0	5	2.0	242
2024/05/14	02:59:02	40.53905	141.55764	16	0.0	5	2.0	264
2024/05/14	03:00:01	40.53922	141.55771	12	0.0	4	5.2	252
2024/05/14	03:01:01	40.53952	141.55766	52	0.0	4	5.1	259
2024/05/14	03:02:02	40.53910	141.55771	14	0.0	6	1.3	266
2024/05/14	03:03:02	40.53898	141.55770	12	0.0	4	5.0	260
2024/05/14	03:04:01	40.53904	141.55766	16	0.0	5	1.4	258
2024/05/14	03:05:01	40.53910	141.55763	24	0.0	4	4.3	260
2024/05/14	03:06:01	40.53910	141.55769	-4	0.0	6	1.3	263
2024/05/14	03:07:01	40.53917	141.55775	20	0.0	5	1.4	241
2024/05/14	03:08:02	40.53900	141.55772	38	0.0	4	4.1	186
2024/05/14	03:09:02	40.53891	141.55774	-12	0.0	4	4.1	261
2024/05/14	03:10:01	40.53889	141.55767	-12	0.0	4	4.0	237
2024/05/14	03:11:01	40.53905	141.55765	-72	0.0	4	4.0	214
2024/05/14	03:12:01	40.53908	141.55774	-6	0.0	4	3.4	212
2024/05/14	03:13:02	40.53919	141.55766	10	0.0	5	1.4	243
2024/05/14	03:14:01	40.53881	141.55779	-98	0.0	4	3.3	243
2024/05/14	03:15:02	40.53922	141.55766	20	0.0	4	3.2	212
2024/05/14	03:16:02	40.53907	141.55765	-44	0.0	4	3.2	239
2024/05/14	03:17:03	40.53914	141.55771	30	0.0	5	1.4	239
2024/05/14	03:18:02	40.53908	141.55769	0	0.0	4	3.1	233
2024/05/14	03:19:02	40.53902	141.55762	10	0.0	5	1.4	224
2024/05/14	03:20:01	40.53898	141.55773	-38	0.0	4	3.0	244
2024/05/14	03:21:02	40.53900	141.55766	6	18.5	4	3.0	236
2024/05/14	03:22:02	40.53912	141.55768	-34	0.0	4	3.0	257
2024/05/14	03:23:02	40.53924	141.55768	40	0.0	4	2.4	258
2024/05/14	03:24:02	40.53942	141.55766	124	0.0	4	2.4	255
2024/05/14	03:25:02	40.53914	141.55773	-26	0.0	3	7.3	210
2024/05/14	03:26:02	40.53905	141.55766	-2	0.0	4	2.3	260
2024/05/14	03:27:01	40.53915	141.55776	-8	0.0	4	2.3	215
2024/05/14	03:28:01	40.53909	141.55770	28	0.0	4	2.3	220
2024/05/14	03:29:01	40.53919	141.55763	-42	0.0	4	2.3	240
2024/05/14	03:30:02	40.53896	141.55773	-20	0.0	4	2.3	240
2024/05/14	03:31:01	40.53911	141.55769	-14	0.0	4	2.2	215
2024/05/14	03:32:03	40.53906	141.55779	18	0.0	4	2.2	258
2024/05/14	03:33:01	40.53913	141.55766	18	0.0	4	2.2	211
2024/05/14	03:34:02	40.53908	141.55757	-58	0.0	4	2.2	242
2024/05/14	03:35:02	40.53901	141.55777	62	0.0	4	2.2	238
2024/05/14	03:36:03	40.53910	141.55771	32	0.0	4	2.2	239
2024/05/14	03:37:00	40.53899	141.55767	-44	0.0	4	2.2	239
2024/05/14	03:38:00	40.53901	141.55768	-18	0.0	4	2.2	239
2024/05/14	03:39:01	40.53896	141.55765	-62	0.0	4	2.2	244
2024/05/14	03:40:01	40.53912	141.55772	24	0.0	4	2.2	241
2024/05/14	03:41:01	40.53903	141.55761	-64	0.0	4	2.2	217
2024/05/14	03:42:01	40.53906	141.55765	-26	0.0	4	2.2	214
2024/05/14	03:43:02	40.53908	141.55763	-14	0.0	4	2.3	239
2024/05/14	03:44:02	40.53898	141.55781	30	0.0	4	2.3	234
2024/05/14	03:45:02	40.53915	141.55774	12	0.0	4	2.3	241
2024/05/14	03:46:02	40.53899	141.55793	106	0.0	4	2.3	234
2024/05/14	03:47:03	40.53907	141.55764	-20	0.0	4	2.3	238
2024/05/14	03:48:01	40.53910	141.55767	10	0.0	4	2.3	239
2024/05/14	03:49:02	40.53908	141.55767	-32	0.0	4	2.4	239
2024/05/14	03:50:01	40.53901	141.55781	58	0.0	4	2.4	241
2024/05/14	03:51:01	40.53896	141.55782	38	0.0	4	2.4	240
2024/05/14	03:52:02	40.53914	141.55773	-14	0.0	3	4.3	237
2024/05/14	03:53:02	40.53897	141.55786	56	0.0	4	3.0	239
2024/05/14	03:54:02	40.53889	141.55775	-2	0.0	4	3.0	237
2024/05/14	03:55:02	40.53914	141.55762	-20	0.0	3	4.4	238
2024/05/14	03:56:03	40.53902	141.55771	52	0.0	4	3.1	240
2024/05/14	03:57:02	40.53894	141.55794	120	0.0	3	5.0	243
2024/05/14	03:58:02	40.53901	141.55785	54	0.0	3	5.1	241
2024/05/14	03:59:03	40.53908	141.55773	24	0.0	4	3.1	237
2024/05/14	04:00:30	40.53906	141.55769	0	0.0	6	1.1	248
2024/05/14	04:01:01	40.53910	141.55745	64	0.0	3	2.4	240
2024/05/14	04:02:02	40.53911	141.55759	10	0.0	4	1.2	238
2024/05/14	04:03:00	40.53911	141.55782	-20	0.0	3	2.2	234
2024/05/14	04:04:01	40.53913	141.55759	32	0.0	4	1.4	238
2024/05/14	04:05:01	40.53897	141.55755	24	0.0	3	2.4	214
2024/05/14	04:06:01	40.53888	141.55777	-2	0.0	4	2.1	244
2024/05/14	04:07:01	40.53901	141.55766	-14	0.0	5	1.1	244
2024/05/14	04:08:01	40.53908	141.55774	2	0.0	5	1.3	245
2024/05/14	04:09:02	40.53904	141.55781	-34	0.0	3	3.1	231
2024/05/14	04:10:03	40.53971	141.55698	-16	0.0	3	2.1	238
2024/05/14	04:11:07	40.53980	141.55671	10	0.0	6	1.1	266
2024/05/14	04:12:06	40.53979	141.55668	0	0.0	6	1.0	263
2024/05/14	04:13:03	40.54373	141.55306	18	48.2	4	1.3	273
2024/05/14	04:14:03	40.54830	141.54945	22	0.0	4	1.3	215
2024/05/14	04:15:03	40.54832	141.54941	4	0.0	5	1.2	250
2024/05/14	04:16:02	40.54807	141.54958	0	0.0	4	1.2	235
2024/05/14	04:17:03	40.54809	141.54957	14	0.0	4	1.3	211
2024/05/14	04:18:02	40.54813	141.54957	-12	0.0	4	1.1	264
2024/05/14	04:19:00	40.54823	141.54950	6	0.0	5	1.1	265
2024/05/14	04:20:01	40.54812	141.54923	60	3.7	3	2.1	266
2024/05/14	04:21:00	40.54819	141.54940	56	0.0	3	2.0	237
2024/05/14	04:22:03	40.54823	141.54958	8	0.0	6	1.0	250
2024/05/14	04:23:00	40.54822	141.54951	2	0.0	5	1.1	262
2024/05/14	04:24:00	40.54819	141.54942	10	0.0	5	1.1	270
2024/05/14	04:25:00	40.54821	141.54964	-22	0.0	4	2.1	246
2024/05/14	04:26:00	40.54825	141.54926	-16	0.0	3	1.2	271
2024/05/14	04:27:02	40.54755	141.54681	44	51.9	3	2.1	237
2024/05/14	04:28:07	40.54572	141.53521	4	55.6	5	1.0	282
2024/05/14	04:29:04	40.54681	141.52480	0	40.7	4	1.4	256
2024/05/14	04:30:02	40.54665	141.51752	-14	0.0	2	4.4	239
2024/05/14	04:31:03	40.54637	141.51700	-2	44.4	2	3.0	257
2024/05/14	04:32:06	40.54414	141.50844	16	44.4	6	1.0	262
2024/05/14	04:33:02	40.54299	141.50558	-44	0.0	3	2.0	241
2024/05/14	04:34:02	40.54269	141.50477	4	0.0	5	1.4	265
2024/05/14	04:35:03	40.54242	141.50497	50	0.0	2	2.4	118
2024/05/14	04:36:02	40.54256	141.50501	-2	0.0	4	1.4	183
2024/05/14	04:37:01	40.54262	141.50503	4	0.0	5	1.1	212
2024/05/14	04:38:00	40.54282	141.50520	34	11.1	3	2.4	240
2024/05/14	04:39:00	40.54241	141.50647	10	18.5	3	1.2	234
2024/05/14	04:40:01	40.54240	141.50744	12	0.0	2	2.4	269
2024/05/14	04:41:02	40.54249	141.50743	8	0.0	2	4.1	248
2024/05/14	04:42:02	40.54251	141.50741	-16	0.0	5	1.0	262
2024/05/14	04:43:01	40.54246	141.50751	-32	0.0	4	1.3	263
2024/05/14	04:44:01	40.54247	141.50730	4	0.0	4	1.1	260
2024/05/14	04:45:01	40.54246	141.50736	4	0.0	4	1.1	261
2024/05/14	04:46:01	40.54251	141.50741	4	0.0	4	1.1	244
2024/05/14	04:47:01	40.54316	141.50783	-10	0.0	5	1.0	258
2024/05/14	04:48:00	40.54299	141.50784	10	0.0	5	1.0	242
2024/05/14	04:49:01	40.54311	141.50783	0	0.0	4	1.3	257
2024/05/14	04:50:01	40.54314	141.50821	4	0.0	5	1.0	252
2024/05/14	04:51:01	40.54321	141.50817	12	0.0	4	1.1	246
2024/05/14	04:52:01	40.54325	141.50810	-4	0.0	5	1.0	263
2024/05/14	04:53:00	40.54312	141.50816	-4	0.0	4	1.3	298
2024/05/14	04:54:01	40.54318	141.50821	16	0.0	5	1.0	251
2024/05/14	04:55:02	40.54316	141.50809	6	0.0	5	1.1	254
2024/05/14	04:56:01	40.54340	141.50829	-14	0.0	4	1.1	239
2024/05/14	04:57:01	40.54339	141.50821	-20	0.0	5	1.1	263
2024/05/14	04:58:01	40.54340	141.50826	24	0.0	5	1.1	258
2024/05/14	04:59:01	40.54323	141.50817	10	0.0	3	4.1	264
2024/05/14	05:00:01	40.54335	141.50827	10	0.0	5	1.1	270
2024/05/14	05:01:01	40.54336	141.50825	-10	0.0	4	1.2	265
2024/05/14	05:02:01	40.54322	141.50816	42	0.0	3	4.1	267
2024/05/14	05:03:02	40.54331	141.50793	10	0.0	3	4.1	250
2024/05/14	05:04:01	40.54346	141.50819	-16	0.0	5	1.1	265
2024/05/14	05:05:00	40.54337	141.50828	-8	0.0	4	1.1	268
2024/05/14	05:06:01	40.54339	141.50835	-0	0.0	5	1.1	257
2024/05/14	05:07:01	40.54344	141.50825	-26	0.0	3	2.4	247
2024/05/14	05:08:01	40.54335	141.50825	10	0.0	4	1.1	257
2024/05/14	05:09:01	40.54338	141.50828	-6	0.0	5	1.1	264
2024/05/14	05:10:01	40.54339	141.50831	-4	0.0	4	1.1	254
2024/05/14	05:11:01	40.54331	141.50841	2	0.0	4	1.2	265
2024/05/14	05:12:01	40.54338	141.50824	-20	0.0	5	1.1	272
2024/05/14	05:13:01	40.54332	141.50830	8	0.0	4	1.2	259
2024/05/14	05:14:02	40.54340	141.50838	-10	0.0	4	1.2	262
2024/05/14	05:15:01	40.54343	141.50835	-6	0.0	4	1.2	268
2024/05/14	05:16:00	40.54590	141.51062	32	25.9	3	2.1	266
2024/05/14	05:17:03	40.54834	141.51347	66	22.2	3	2.1	268
2024/05/14	05:18:03	40.55409	141.51443	-0	48.2	3	1.2	294
2024/05/14	05:19:02	40.55620	141.51814	-8	29.6	2	2.2	288
2024/05/14	05:20:02	40.55653	141.52369	30	29.6	4	1.2	262
2024/05/14	05:21:01	40.55914	141.52868	-10	40.7	2	1.3	266
2024/05/14	05:22:01	40.55986	141.53369	-24	29.6	5	1.2	270
2024/05/14	05:23:01	40.55585	141.53586	2	25.9	3	2.3	259
2024/05/14	05:24:01	40.55299	141.53945	-2	25.9	4	1.3	247
2024/05/14	05:25:01	40.55034	141.54273	14	25.9	5	1.2	262
2024/05/14	05:26:01	40.54942	141.54526	0	0.0	4	1.3	260
2024/05/14	05:27:01	40.54926	141.54530	14	0.0	3	1.2	257
2024/05/14	05:28:02	40.54943	141.54514	-18	0.0	3	1.3	261
2024/05/14	05:29:02	40.54938	141.54528	-0	0.0	4	1.2	260
2024/05/14	05:30:01	40.54934	141.54644	8	44.4	3	1.3	263
2024/05/14	05:31:01	40.55026	141.54953	-18	0.0	3	4.0	216
2024/05/14	05:32:01	40.55025	141.54956	-10	0.0	3	4.0	196
2024/05/14	05:33:02	40.55029	141.54972	-10	0.0	3	4.0	192
2024/05/14	05:34:02	40.55039	141.54987	-50	0.0	3	4.0	198
2024/05/14	05:35:02	40.55019	141.54902	8	3.7	3	4.2	197
2024/05/14	05:36:03	40.54989	141.54958	46	0.0	1	8.0	166
2024/05/14	05:37:02	40.54833	141.54938	4	14.8	3	1.3	260
2024/05/14	05:38:02	40.54823	141.54960	10	0.0	4	1.3	273
2024/05/14	05:39:00	40.54825	141.54944	14	0.0	4	1.3	267
2024/05/14	05:40:01	40.54826	141.54939	12	0.0	4	1.3	290
2024/05/14	05:41:01	40.54822	141.54957	18	0.0	4	1.3	260
2024/05/14	05:42:00	40.54816	141.54948	12	3.7	3	1.3	278
2024/05/14	05:43:00	40.54829	141.54960	-10	0.0	3	1.3	258
2024/05/14	05:44:00	40.54824	141.54948	2	0.0	3	1.4	266
2024/05/14	05:45:00	40.54827	141.54953	6	0.0	3	1.4	267
2024/05/14	05:46:01	40.54824	141.54951	10	0.0	3	1.4	258
2024/05/14	05:47:00	40.54836	141.54965	8	0.0	3	2.0	273
2024/05/14	05:48:01	40.54829	141.54951	2	0.0	3	1.4	256
2024/05/14	05:49:00	40.54824	141.54940	8	0.0	3	1.4	269
2024/05/14	05:50:00	40.54827	141.54957	0	0.0	3	1.4	260
2024/05/14	05:51:00	40.54828	141.54950	-2	0.0	3	1.4	267
2024/05/14	05:52:00	40.54829	141.54952	6	0.0	3	1.4	268
2024/05/14	05:53:01	40.54829	141.54947	-0	0.0	3	1.4	262
2024/05/14	05:54:01	40.54825	141.54950	4	0.0	3	1.4	264
2024/05/14	05:55:01	40.54824	141.54955	4	0.0	3	1.4	257
2024/05/14	05:56:02	40.54828	141.54951	-0	0.0	3	1.4	266
2024/05/14	05:57:02	40.54825	141.54955	14	0.0	3	1.4	265
2024/05/14	05:58:01	40.54829	141.54946	-8	0.0	3	2.0	262
2024/05/14	05:59:01	40.54827	141.54957	0	0.0	3	2.0	264
2024/05/14	06:00:31	40.54873	141.54999	-44	0.0	3	10.4	219
2024/05/14	06:01:01	40.54867	141.54967	-14	0.0	2	10.4	172
2024/05/14	06:02:01	40.54879	141.54988	-44	0.0	3	10.2	147
2024/05/14	06:03:02	40.54871	141.54957	-8	0.0	2	10.0	170
2024/05/14	06:04:02	40.54875	141.54934	-2	0.0	3	9.4	186
2024/05/14	06:05:02	40.54884	141.54959	-22	0.0	3	9.2	200
2024/05/14	06:06:01	40.54877	141.54929	8	0.0	3	9.1	176
2024/05/14	06:07:02	40.54872	141.54944	-12	0.0	3	8.4	151
2024/05/14	06:08:01	40.54839	141.54852	76	0.0	3	8.3	180
2024/05/14	06:09:01	40.54861	141.54939	6	14.8	3	8.2	189
2024/05/14	06:10:01	40.54865	141.54942	-2	0.0	3	8.0	187
2024/05/14	06:11:02	40.54912	141.54853	60	0.0	3	7.4	176
2024/05/14	06:12:02	40.54941	141.54964	-20	0.0	2	7.4	181
2024/05/14	06:13:02	40.54940	141.54947	-6	0.0	3	7.2	191
2024/05/14	06:14:02	40.54981	141.54926	-0	3.7	3	7.1	215
2024/05/14	06:15:04	40.54718	141.54971	12	22.2	4	1.1	268
2024/05/14	06:16:03	40.54639	141.55066	-8	0.0	4	1.1	238
2024/05/14	06:17:00	40.54660	141.55055	4	0.0	4	1.1	276
2024/05/14	06:18:00	40.54649	141.55050	-6	0.0	3	1.1	279
2024/05/14	06:19:01	40.54650	141.55044	2	0.0	4	1.1	273
2024/05/14	06:20:02	40.54645	141.55065	-12	0.0	3	2.2	254
2024/05/14	06:21:02	40.54648	141.55057	12	0.0	3	2.2	260
2024/05/14	06:22:02	40.54647	141.55060	8	0.0	3	2.2	237
2024/05/14	06:23:11	40.54647	141.55086	8	0.0	3	2.2	245
2024/05/14	06:24:00	40.54603	141.55193	0	11.1	4	1.1	264
2024/05/14	06:25:31	40.54613	141.55067	6	0.0	2	7.1	170
2024/05/14	06:26:02	40.54597	141.55071	20	0.0	2	7.1	154
2024/05/14	06:27:02	40.54568	141.55078	40	0.0	2	7.1	153
2024/05/14	06:28:03	40.54572	141.55078	40	0.0	2	7.2	151
2024/05/14	06:29:04	40.54563	141.55095	46	0.0	2	7.2	126
2024/05/14	06:30:02	40.54616	141.55140	8	7.4	3	1.4	291
2024/05/14	06:31:04	40.54598	141.55336	52	22.2	3	4.0	262
2024/05/14	06:32:02	40.54553	141.55504	12	3.7	3	2.3	261
2024/05/14	06:33:01	40.54508	141.55885	32	25.9	3	3.3	260
2024/05/14	06:34:01	40.54325	141.55786	16	11.1	3	2.1	264
2024/05/14	06:35:02	40.53986	141.55746	0	0.0	4	2.0	299
2024/05/14	06:36:00	40.54001	141.55749	28	0.0	4	2.0	257
2024/05/14	06:37:01	40.53986	141.55756	8	0.0	4	2.0	299
2024/05/14	06:38:00	40.53971	141.55753	6	0.0	4	2.0	252
2024/05/14	06:39:01	40.54003	141.55764	20	0.0	4	2.0	270
2024/05/14	06:40:01	40.54004	141.55759	14	0.0	4	2.0	265
2024/05/14	06:41:01	40.53987	141.55752	-8	0.0	4	2.0	261
2024/05/14	06:42:00	40.53995	141.55753	10	0.0	4	1.4	265
2024/05/14	06:43:00	40.53981	141.55732	46	0.0	3	2.2	272
2024/05/14	06:44:01	40.53986	141.55755	-16	3.7	3	2.2	257
2024/05/14	06:45:01	40.53990	141.55742	58	0.0	3	2.2	247
2024/05/14	06:46:01	40.53919	141.55770	2	11.1	3	2.1	237
2024/05/14	06:47:01	40.53910	141.55763	-2	0.0	3	2.2	234
2024/05/14	06:48:01	40.53912	141.55760	30	0.0	3	2.2	178
2024/05/14	06:49:01	40.53911	141.55775	2	0.0	3	2.2	232
2024/05/14	06:50:01	40.53905	141.55760	38	0.0	3	2.2	151
2024/05/14	06:51:00	40.53911	141.55754	8	0.0	3	2.2	173
2024/05/14	06:52:01	40.53916	141.55767	24	0.0	3	2.2	257
2024/05/14	06:53:00	40.53910	141.55755	24	3.7	3	2.2	212
2024/05/14	06:54:01	40.53914	141.55772	-18	0.0	3	2.2	204
2024/05/14	06:55:00	40.53948	141.55816	-108	0.0	3	2.2	187
2024/05/14	06:56:01	40.53909	141.55760	46	0.0	3	2.2	206
2024/05/14	06:57:01	40.53904	141.55758	56	0.0	3	2.2	209
2024/05/14	06:58:01	40.53912	141.55760	2	0.0	3	2.2	212
2024/05/14	06:59:01	40.53909	141.55775	16	0.0	3	2.2	229
2024/05/14	07:00:01	40.53898	141.55752	46	0.0	3	2.2	204
2024/05/14	07:01:00	40.53913	141.55735	22	0.0	3	2.2	188
2024/05/14	07:02:01	40.53908	141.55771	16	0.0	3	2.2	237
2024/05/14	07:03:02	40.53906	141.55767	-18	0.0	3	2.3	258
2024/05/14	07:04:00	40.53878	141.55747	30	3.7	3	2.3	188
2024/05/14	07:05:01	40.53911	141.55769	40	0.0	3	2.3	211
2024/05/14	07:06:01	40.53907	141.55756	2	0.0	3	2.3	244
2024/05/14	07:07:01	40.53937	141.55770	-116	0.0	3	2.3	211
2024/05/14	07:08:03	40.53907	141.55772	-26	0.0	3	2.3	254
2024/05/14	07:09:01	40.53909	141.55765	32	0.0	3	2.3	216
2024/05/14	07:10:01	40.53908	141.55782	-12	0.0	3	2.3	205
2024/05/14	07:11:01	40.53914	141.55796	-66	0.0	3	2.3	234
2024/05/14	07:12:01	40.53909	141.55768	2	0.0	3	2.3	209
2024/05/14	07:13:01	40.53909	141.55769	-46	0.0	3	2.3	234
2024/05/14	07:14:02	40.53910	141.55773	-18	0.0	3	2.3	262
2024/05/14	07:15:01	40.53920	141.55765	-26	0.0	3	2.3	178
2024/05/14	07:16:01	40.53904	141.55746	52	0.0	3	2.3	237
2024/05/14	07:17:02	40.53912	141.55772	-16	0.0	3	2.3	266
2024/05/14	07:18:01	40.53909	141.55766	4	0.0	3	2.3	183
2024/05/14	07:19:01	40.53929	141.55765	-78	0.0	3	2.3	241
2024/05/14	07:20:01	40.53918	141.55771	-40	0.0	3	2.3	238
2024/05/14	07:21:01	40.53918	141.55748	-62	0.0	3	2.3	246
2024/05/14	07:22:02	40.53900	141.55760	58	0.0	3	2.3	234
2024/05/14	07:23:01	40.53906	141.55797	-28	0.0	3	2.3	213
2024/05/14	07:24:01	40.53917	141.55769	14	0.0	3	2.3	236
2024/05/14	07:25:01	40.53894	141.55754	80	0.0	3	2.3	208
2024/05/14	07:26:02	40.53914	141.55782	-28	0.0	3	2.3	289
2024/05/14	07:27:02	40.53907	141.55762	12	0.0	3	2.3	287
2024/05/14	07:28:01	40.53904	141.55772	16	0.0	3	2.3	262
2024/05/14	07:29:01	40.53900	141.55760	60	0.0	3	2.2	157
2024/05/14	07:30:03	40.53912	141.55781	-28	0.0	3	2.2	272
2024/05/14	07:31:01	40.53904	141.55768	22	0.0	3	2.2	212
2024/05/14	07:32:02	40.53901	141.55769	18	0.0	3	2.2	254
2024/05/14	07:33:03	40.53909	141.55761	-8	0.0	3	2.2	269
2024/05/14	07:34:03	40.53914	141.55763	-14	0.0	3	2.2	237
2024/05/14	07:35:01	40.53898	141.55769	44	0.0	3	2.2	181
2024/05/14	07:36:01	40.53926	141.55776	-50	0.0	3	2.2	181
2024/05/14	07:37:02	40.53907	141.55778	28	0.0	3	2.2	232
2024/05/14	07:38:00	40.53903	141.55774	2	0.0	3	2.2	184
2024/05/14	07:39:01	40.53900	141.55775	0	0.0	3	2.2	246
2024/05/14	07:40:01	40.53910	141.55771	44	0.0	3	2.2	206
2024/05/14	07:41:02	40.53901	141.55754	46	0.0	3	2.2	278
2024/05/14	07:42:01	40.53908	141.55783	-2	0.0	3	2.2	237
2024/05/14	07:43:01	40.53899	141.55740	40	0.0	3	2.2	210
2024/05/14	07:44:01	40.53909	141.55764	20	0.0	3	2.2	182
2024/05/14	07:45:01	40.53912	141.55771	-16	0.0	3	2.2	184
2024/05/14	07:46:01	40.53894	141.55768	78	0.0	3	2.2	150
2024/05/14	07:47:01	40.53905	141.55756	16	0.0	3	2.2	208
2024/05/14	07:48:01	40.53904	141.55765	-12	0.0	3	2.2	189
2024/05/14	07:49:01	40.53936	141.55760	-72	0.0	3	2.2	180
2024/05/14	07:50:07	40.53910	141.55768	22	0.0	3	2.2	180
2024/05/14	07:51:03	40.53900	141.55783	28	0.0	3	2.2	265
2024/05/14	07:52:02	40.53907	141.55764	20	0.0	3	2.2	222
2024/05/14	07:53:01	40.53900	141.55768	32	0.0	3	2.2	205
2024/05/14	07:54:02	40.53908	141.55762	14	0.0	3	2.2	249
2024/05/14	07:55:02	40.53909	141.55758	20	0.0	3	2.2	222
2024/05/14	07:56:01	40.53910	141.55756	-34	0.0	3	2.2	188
2024/05/14	07:57:01	40.53906	141.55790	30	0.0	3	2.2	180
2024/05/14	07:58:02	40.53914	141.55774	8	0.0	3	2.2	256
2024/05/14	07:59:03	40.53908	141.55761	-16	0.0	3	2.2	254
2024/05/14	08:00:04	40.53914	141.55760	-18	0.0	2	2.1	248
2024/05/14	08:01:05	40.53909	141.55764	-18	0.0	2	2.1	239
2024/05/14	08:02:04	40.53908	141.55766	-16	0.0	2	2.1	259
2024/05/14	08:03:06	40.53913	141.55754	-18	0.0	2	2.1	219
2024/05/14	08:04:31	40.53909	141.55767	6	0.0	5	1.1	234
2024/05/14	08:05:01	40.53904	141.55766	12	0.0	4	1.4	202
2024/05/14	08:06:01	40.53915	141.55765	8	0.0	4	1.4	156
2024/05/14	08:07:00	40.53915	141.55777	0	0.0	4	1.4	181
2024/05/14	08:08:00	40.53907	141.55772	12	0.0	4	1.4	155
2024/05/14	08:09:00	40.53905	141.55770	-12	0.0	4	1.4	180
2024/05/14	08:10:01	40.53909	141.55760	10	0.0	4	1.4	202
2024/05/14	08:11:00	40.53896	141.55771	-4	0.0	4	1.4	208
2024/05/14	08:12:00	40.53890	141.55758	-14	0.0	4	1.4	148
2024/05/14	08:13:00	40.53907	141.55776	-2	0.0	4	1.4	203
2024/05/14	08:14:01	40.53907	141.55772	8	0.0	4	1.4	201
2024/05/14	08:15:00	40.53908	141.55773	8	0.0	4	1.4	203
2024/05/14	08:16:00	40.53908	141.55767	12	0.0	4	1.4	207
2024/05/14	08:17:01	40.53900	141.55768	-2	0.0	4	1.4	223
2024/05/14	08:18:01	40.53901	141.55776	0	0.0	4	1.3	194
2024/05/14	08:19:01	40.53902	141.55769	2	0.0	4	1.3	206
2024/05/14	08:20:00	40.53912	141.55775	-2	0.0	4	1.3	205
2024/05/14	08:21:00	40.53904	141.55770	-2	0.0	4	1.3	230
2024/05/14	08:22:01	40.53899	141.55768	20	0.0	4	1.3	207
2024/05/14	08:23:01	40.53902	141.55776	0	0.0	4	1.3	209
2024/05/14	08:24:00	40.53905	141.55758	14	0.0	4	1.3	209
2024/05/14	08:25:00	40.53909	141.55754	24	0.0	4	1.3	204
2024/05/14	08:26:01	40.53906	141.55773	-4	0.0	4	1.3	238
2024/05/14	08:27:00	40.53899	141.55761	10	0.0	3	2.3	206
2024/05/14	08:28:01	40.53905	141.55763	14	0.0	4	1.3	258
2024/05/14	08:29:01	40.53914	141.55775	-2	0.0	4	1.3	235
2024/05/14	08:30:00	40.53911	141.55765	18	0.0	3	2.3	235
2024/05/14	08:31:01	40.53915	141.55764	10	0.0	4	1.3	229
2024/05/14	08:32:01	40.53902	141.55769	6	0.0	4	1.3	234
2024/05/14	08:33:00	40.53902	141.55754	22	0.0	3	1.4	203
2024/05/14	08:34:00	40.53892	141.55764	18	0.0	4	1.3	237
2024/05/14	08:35:00	40.53911	141.55778	16	0.0	4	1.3	207
2024/05/14	08:36:00	40.53906	141.55767	-12	0.0	4	1.3	238
2024/05/14	08:37:00	40.53892	141.55761	0	0.0	4	1.3	234
2024/05/14	08:38:01	40.53901	141.55773	-4	0.0	4	1.3	240
2024/05/14	08:39:00	40.53902	141.55761	2	0.0	4	1.3	264
2024/05/14	08:40:01	40.53896	141.55764	-14	0.0	4	1.3	260
2024/05/14	08:41:00	40.53916	141.55772	26	0.0	4	1.3	261
2024/05/14	08:42:01	40.53915	141.55771	22	0.0	4	1.3	240
2024/05/14	08:43:00	40.53903	141.55768	12	0.0	4	1.3	268
2024/05/14	08:44:00	40.53902	141.55760	-8	0.0	4	1.3	264
2024/05/14	08:45:00	40.53914	141.55767	12	0.0	4	1.3	259
2024/05/14	08:46:01	40.53907	141.55772	-16	0.0	4	1.3	259
2024/05/14	08:47:01	40.53910	141.55765	6	0.0	4	1.3	259
2024/05/14	08:48:00	40.53895	141.55769	-2	0.0	4	1.3	265
2024/05/14	08:49:00	40.53904	141.55763	0	0.0	4	1.3	265
2024/05/14	08:50:00	40.53913	141.55773	12	0.0	4	1.3	239
2024/05/14	08:51:00	40.53906	141.55775	22	3.7	4	1.3	272
2024/05/14	08:52:00	40.53922	141.55770	26	0.0	4	1.3	265
2024/05/14	08:53:01	40.53910	141.55765	6	0.0	4	1.3	243
2024/05/14	08:54:00	40.53907	141.55758	-10	0.0	4	1.3	243
2024/05/14	08:55:00	40.53918	141.55760	24	0.0	3	2.4	269
2024/05/14	08:56:00	40.53895	141.55766	-18	0.0	4	1.3	269
2024/05/14	08:57:00	40.53909	141.55746	22	0.0	4	1.3	270
2024/05/14	08:58:00	40.53911	141.55770	24	0.0	4	1.3	268
2024/05/14	08:59:01	40.53920	141.55769	20	0.0	4	1.3	241
2024/05/14	09:00:01	40.53911	141.55753	18	0.0	4	1.3	267
2024/05/14	09:01:01	40.53906	141.55767	-6	0.0	4	1.3	268
2024/05/14	09:02:00	40.53907	141.55779	12	0.0	4	1.3	267
2024/05/14	09:03:00	40.53904	141.55762	-22	0.0	4	1.3	263
2024/05/14	09:04:01	40.53901	141.55768	8	0.0	3	3.2	266
2024/05/14	09:05:00	40.53905	141.55770	22	0.0	4	1.3	209
2024/05/14	09:06:00	40.53892	141.55770	-8	0.0	3	2.4	271
2024/05/14	09:07:00	40.53923	141.55771	2	0.0	3	2.4	294
2024/05/14	09:08:00	40.53887	141.55751	-2	0.0	3	2.4	273
2024/05/14	09:09:00	40.53909	141.55769	2	0.0	4	1.3	300
2024/05/14	09:10:01	40.53898	141.55764	4	0.0	4	1.3	295
2024/05/14	09:11:01	40.53913	141.55778	18	0.0	4	1.3	300
2024/05/14	09:12:01	40.53904	141.55770	-4	0.0	4	1.3	271
2024/05/14	09:13:01	40.53912	141.55773	2	0.0	4	1.3	275
2024/05/14	09:14:00	40.53895	141.55757	4	0.0	4	1.3	239
2024/05/14	09:15:01	40.53907	141.55782	14	0.0	4	1.3	265
2024/05/14	09:16:01	40.53896	141.55752	16	0.0	3	3.2	293
2024/05/14	09:17:01	40.53904	141.55754	-20	0.0	4	1.4	299
2024/05/14	09:18:01	40.53898	141.55752	4	0.0	3	3.2	293
2024/05/14	09:19:01	40.53915	141.55774	18	0.0	4	1.4	297
2024/05/14	09:20:01	40.53907	141.55763	-8	0.0	4	1.4	296
2024/05/14	09:21:01	40.53906	141.55766	-16	0.0	3	3.1	289
2024/05/14	09:22:02	40.53908	141.55767	-6	0.0	3	3.1	298
2024/05/14	09:23:01	40.53902	141.55765	12	0.0	3	3.1	291
2024/05/14	09:24:01	40.53898	141.55762	24	0.0	3	3.1	262
2024/05/14	09:25:01	40.53906	141.55760	18	0.0	3	3.1	291
2024/05/14	09:26:01	40.53913	141.55784	-8	0.0	3	3.1	292
2024/05/14	09:27:01	40.53896	141.55750	4	0.0	3	3.1	271
2024/05/14	09:28:01	40.53891	141.55767	24	0.0	3	3.1	292
2024/05/14	09:29:01	40.53903	141.55769	14	0.0	3	3.1	289
2024/05/14	09:30:01	40.53893	141.55750	-6	0.0	3	3.1	269
2024/05/14	09:31:02	40.53907	141.55765	10	0.0	3	3.1	265
2024/05/14	09:32:01	40.53900	141.55757	0	0.0	3	3.1	262
2024/05/14	09:33:02	40.53898	141.55750	2	0.0	3	3.1	266
2024/05/14	09:34:01	40.53913	141.55761	-6	0.0	3	3.1	258
2024/05/14	09:35:01	40.53911	141.55771	-6	0.0	3	3.1	271
2024/05/14	09:36:01	40.53905	141.55758	-8	0.0	3	3.1	267
2024/05/14	09:37:01	40.53900	141.55773	20	0.0	3	3.1	270
2024/05/14	09:38:01	40.53912	141.55789	8	0.0	3	3.1	270
2024/05/14	09:39:01	40.53914	141.55772	4	0.0	3	3.1	266
2024/05/14	09:40:01	40.53899	141.55746	10	0.0	3	3.1	267
2024/05/14	09:41:01	40.53910	141.55766	-0	0.0	3	3.1	272
2024/05/14	09:42:01	40.53903	141.55756	-0	0.0	3	3.1	278
2024/05/14	09:43:01	40.53916	141.55782	-0	0.0	3	3.0	270
2024/05/14	09:44:01	40.53912	141.55789	-38	0.0	2	3.1	270
2024/05/14	09:45:01	40.53916	141.55764	-2	0.0	2	3.1	269
2024/05/14	09:46:01	40.53913	141.55778	16	0.0	3	3.0	271
2024/05/14	09:47:02	40.53904	141.55767	22	0.0	3	3.0	273
2024/05/14	09:48:01	40.53907	141.55779	-12	0.0	2	3.1	266
2024/05/14	09:49:01	40.53905	141.55727	18	0.0	2	3.1	287
2024/05/14	09:50:02	40.53895	141.55745	14	0.0	2	3.1	268
2024/05/14	09:51:02	40.53909	141.55759	28	0.0	2	3.1	291
2024/05/14	09:52:02	40.53915	141.55777	20	0.0	2	3.1	288
2024/05/14	09:53:02	40.53908	141.55770	32	0.0	2	3.1	271
2024/05/14	09:54:02	40.53905	141.55760	-0	0.0	2	3.1	292
2024/05/14	09:55:02	40.53909	141.55776	10	0.0	2	3.1	285
2024/05/14	09:56:02	40.53909	141.55769	0	0.0	2	3.1	264
2024/05/14	09:57:02	40.53898	141.55750	40	0.0	2	3.1	289
2024/05/14	09:58:01	40.53910	141.55761	-34	0.0	2	3.1	238
2024/05/14	09:59:02	40.53911	141.55776	-12	0.0	2	3.1	282
2024/05/14	10:00:07	40.53900	141.55774	30	0.0	3	3.3	265
2024/05/14	10:01:03	40.53900	141.55755	32	0.0	2	3.2	264
2024/05/14	10:02:03	40.53900	141.55750	36	0.0	2	3.2	284
2024/05/14	10:03:04	40.53900	141.55765	36	0.0	2	3.2	247
2024/05/14	10:04:01	40.53904	141.55749	32	0.0	2	3.2	264
2024/05/14	10:05:01	40.53898	141.55770	32	0.0	2	3.2	255
2024/05/14	10:06:03	40.53902	141.55784	34	0.0	2	3.2	258
2024/05/14	10:07:04	40.53901	141.55758	34	0.0	2	3.2	264
2024/05/14	10:08:04	40.53902	141.55764	32	0.0	2	3.2	265
2024/05/14	10:09:32	40.53907	141.55767	8	0.0	5	1.3	265
2024/05/14	10:10:00	40.53923	141.55716	-188	0.0	4	2.1	241
2024/05/14	10:11:00	40.53910	141.55760	24	0.0	5	1.4	243
2024/05/14	10:12:00	40.53902	141.55759	10	0.0	5	1.4	270
2024/05/14	10:13:00	40.53915	141.55765	0	0.0	5	1.4	270
2024/05/14	10:14:00	40.53920	141.55742	-42	0.0	4	2.2	218
2024/05/14	10:15:00	40.53917	141.55753	-22	0.0	5	2.2	270
2024/05/14	10:16:00	40.53912	141.55765	-4	0.0	4	2.0	270
2024/05/14	10:17:00	40.53906	141.55762	6	0.0	5	1.4	268
2024/05/14	10:18:00	40.53925	141.55758	-48	0.0	4	2.2	240
2024/05/14	10:19:00	40.53911	141.55748	-22	0.0	5	1.4	265
2024/05/14	10:20:00	40.53907	141.55758	0	0.0	5	1.4	266
2024/05/14	10:21:00	40.53904	141.55772	4	0.0	5	1.4	243
2024/05/14	10:22:00	40.53903	141.55770	20	0.0	4	2.4	260
2024/05/14	10:23:00	40.53909	141.55771	26	0.0	4	2.3	264
2024/05/14	10:24:00	40.53911	141.55757	-14	0.0	5	1.4	268
2024/05/14	10:25:00	40.53908	141.55769	0	0.0	5	1.4	265
2024/05/14	10:26:00	40.53900	141.55774	22	0.0	4	2.4	238
2024/05/14	10:27:00	40.53901	141.55791	28	0.0	4	2.4	240
2024/05/14	10:28:00	40.53919	141.55745	-52	0.0	4	2.4	241
2024/05/14	10:29:00	40.53906	141.55770	12	0.0	4	2.4	241
2024/05/14	10:30:01	40.53910	141.55763	-2	0.0	4	2.4	244
2024/05/14	10:31:01	40.53903	141.55775	20	0.0	5	1.4	259
2024/05/14	10:32:01	40.53907	141.55748	-10	0.0	5	1.4	235
2024/05/14	10:33:01	40.53902	141.55771	2	0.0	5	1.4	239
2024/05/14	10:34:01	40.53901	141.55762	14	0.0	5	1.4	242
2024/05/14	10:35:01	40.53907	141.55769	12	0.0	5	1.4	261
2024/05/14	10:36:02	40.53914	141.55749	-32	0.0	5	3.0	265
2024/05/14	10:37:01	40.53909	141.55760	-6	0.0	5	1.4	265
2024/05/14	10:38:02	40.53904	141.55770	-4	0.0	5	3.0	264
2024/05/14	10:39:01	40.53913	141.55767	22	0.0	4	2.4	234
2024/05/14	10:40:01	40.53911	141.55764	-12	0.0	4	2.4	264
2024/05/14	10:41:01	40.53900	141.55765	30	0.0	4	2.4	269
2024/05/14	10:42:01	40.53914	141.55765	-0	0.0	4	2.4	270
2024/05/14	10:43:01	40.53907	141.55758	0	0.0	4	2.4	245
2024/05/14	10:44:01	40.53925	141.55717	-24	0.0	4	2.4	242
2024/05/14	10:45:01	40.53920	141.55752	-38	0.0	4	2.4	238
2024/05/14	10:46:01	40.53903	141.55775	2	0.0	4	2.4	243
2024/05/14	10:47:02	40.53905	141.55764	6	0.0	4	2.4	270
2024/05/14	10:48:01	40.53907	141.55753	-10	0.0	4	2.4	265
2024/05/14	10:49:01	40.53909	141.55771	2	0.0	4	2.4	266
2024/05/14	10:50:01	40.53898	141.55769	20	0.0	4	2.3	265
2024/05/14	10:51:01	40.53912	141.55757	0	0.0	4	2.3	256
2024/05/14	10:52:01	40.53904	141.55766	18	0.0	4	2.3	232
2024/05/14	10:53:00	40.53898	141.55773	-0	0.0	3	2.3	146
2024/05/14	10:54:00	40.53897	141.55778	16	0.0	4	2.3	200
2024/05/14	10:55:01	40.53894	141.55779	44	0.0	4	2.3	205
2024/05/14	10:56:01	40.53914	141.55755	-18	0.0	4	2.3	206
2024/05/14	10:57:01	40.53906	141.55755	6	0.0	4	2.3	213
2024/05/14	10:58:02	40.53909	141.55772	12	0.0	3	7.1	203
2024/05/14	10:59:00	40.53906	141.55777	8	0.0	4	2.2	236
2024/05/14	11:00:00	40.53889	141.55798	16	0.0	4	2.2	217
2024/05/14	11:01:00	40.53916	141.55758	-20	0.0	4	2.3	239
2024/05/14	11:02:01	40.53893	141.55775	32	0.0	4	2.2	240
2024/05/14	11:03:01	40.53906	141.55769	2	0.0	4	2.2	237
2024/05/14	11:04:01	40.53906	141.55755	8	0.0	4	2.2	238
2024/05/14	11:05:00	40.53901	141.55774	22	0.0	3	2.2	237
2024/05/14	11:06:01	40.53904	141.55763	2	0.0	4	2.1	237
2024/05/14	11:07:01	40.53915	141.55751	-0	0.0	4	2.1	233
2024/05/14	11:08:01	40.53916	141.55747	2	0.0	4	2.1	237
2024/05/14	11:09:02	40.53893	141.55785	16	0.0	4	2.1	221
2024/05/14	11:10:01	40.53912	141.55748	-10	0.0	3	2.1	235
2024/05/14	11:11:01	40.53904	141.55771	22	0.0	4	2.1	212
2024/05/14	11:12:01	40.53900	141.55766	10	0.0	4	2.1	260
2024/05/14	11:13:01	40.53912	141.55747	0	0.0	3	2.1	236
2024/05/14	11:14:01	40.53904	141.55765	-6	0.0	3	2.1	233
2024/05/14	11:15:01	40.53898	141.55772	-4	0.0	3	2.1	182
2024/05/14	11:16:00	40.53910	141.55766	2	0.0	3	2.0	188
2024/05/14	11:17:01	40.53905	141.55760	10	0.0	3	2.0	185
2024/05/14	11:18:01	40.53906	141.55765	-2	0.0	3	2.0	186
2024/05/14	11:19:00	40.53897	141.55781	8	0.0	3	2.0	208
2024/05/14	11:20:01	40.53914	141.55756	-8	0.0	3	2.0	187
2024/05/14	11:21:01	40.53899	141.55784	42	0.0	3	2.0	183
2024/05/14	11:22:01	40.53897	141.55786	4	0.0	3	2.0	205
2024/05/14	11:23:01	40.53910	141.55770	34	0.0	3	2.0	185
2024/05/14	11:24:02	40.53906	141.55768	0	0.0	2	4.0	203
2024/05/14	11:25:01	40.53897	141.55786	14	0.0	3	2.0	209
2024/05/14	11:26:01	40.53908	141.55766	10	0.0	3	2.0	234
2024/05/14	11:27:01	40.53904	141.55772	14	0.0	3	2.0	210
2024/05/14	11:28:01	40.53900	141.55792	22	0.0	3	2.0	214
2024/05/14	11:29:01	40.53912	141.55751	-18	0.0	3	1.4	235
2024/05/14	11:30:01	40.53901	141.55774	2	0.0	3	1.4	212
2024/05/14	11:31:01	40.53898	141.55771	2	0.0	3	1.4	236
2024/05/14	11:32:02	40.53900	141.55773	22	0.0	2	3.3	208
2024/05/14	11:33:02	40.53911	141.55748	-10	0.0	3	1.4	229
2024/05/14	11:34:02	40.53909	141.55776	16	0.0	3	1.4	234
2024/05/14	11:35:01	40.53905	141.55787	26	0.0	3	1.4	233
2024/05/14	11:36:02	40.53909	141.55766	10	0.0	3	1.4	261
2024/05/14	11:37:01	40.53913	141.55752	-2	0.0	3	1.4	260
2024/05/14	11:38:02	40.53905	141.55758	8	0.0	2	3.1	256
2024/05/14	11:39:02	40.53904	141.55772	6	0.0	2	3.1	252
2024/05/14	11:40:01	40.53916	141.55752	10	11.1	3	1.4	286
2024/05/14	11:41:00	40.53901	141.55766	0	7.4	3	1.4	239
2024/05/14	11:42:02	40.53910	141.55757	4	7.4	3	1.4	285
2024/05/14	11:43:02	40.53909	141.55765	20	0.0	2	3.0	257
2024/05/14	11:44:02	40.53901	141.55777	4	0.0	2	3.0	274
2024/05/14	11:45:02	40.53911	141.55749	8	0.0	2	3.0	258
2024/05/14	11:46:02	40.53897	141.55783	-2	0.0	2	3.0	282
2024/05/14	11:47:02	40.53904	141.55769	20	0.0	2	2.4	259
2024/05/14	11:48:02	40.53902	141.55771	16	0.0	2	2.4	283
2024/05/14	11:49:02	40.53907	141.55774	12	0.0	3	1.3	259
2024/05/14	11:50:02	40.53902	141.55773	12	0.0	3	1.3	263
2024/05/14	11:51:02	40.53907	141.55761	-10	0.0	3	1.3	288
2024/05/14	11:52:02	40.53906	141.55756	-4	0.0	2	2.4	261
2024/05/14	11:53:02	40.53905	141.55760	-12	0.0	3	1.3	261
2024/05/14	11:54:02	40.53905	141.55774	12	0.0	2	2.3	261
2024/05/14	11:55:02	40.53908	141.55761	0	0.0	3	1.3	289
2024/05/14	11:56:03	40.53904	141.55770	8	0.0	3	1.3	288
2024/05/14	11:57:02	40.53908	141.55760	6	0.0	3	1.3	252
2024/05/14	11:58:01	40.53906	141.55758	6	7.4	3	1.3	300
2024/05/14	11:59:03	40.53908	141.55754	2	0.0	2	2.3	289
2024/05/14	12:00:32	40.53906	141.55766	8	0.0	5	1.1	278
2024/05/14	12:01:01	40.53906	141.55767	4	3.7	4	1.3	292
2024/05/14	12:02:00	40.53889	141.55758	24	14.8	4	2.0	268
2024/05/14	12:03:02	40.53908	141.55759	2	0.0	5	1.1	315
2024/05/14	12:04:01	40.53901	141.55771	10	0.0	5	1.1	291
2024/05/14	12:05:00	40.53906	141.55784	4	3.7	4	1.4	208
2024/05/14	12:06:00	40.53914	141.55769	32	0.0	3	2.2	262
2024/05/14	12:07:00	40.53932	141.55780	-42	3.7	3	2.2	292
2024/05/14	12:08:00	40.53913	141.55769	-44	0.0	3	2.2	293
2024/05/14	12:09:00	40.53911	141.55759	36	0.0	3	2.2	235
2024/05/14	12:10:02	40.53913	141.55763	4	0.0	4	1.4	286
2024/05/14	12:11:01	40.53901	141.55768	8	0.0	3	2.1	242
2024/05/14	12:12:01	40.53896	141.55760	-28	0.0	3	2.1	215
2024/05/14	12:13:02	40.53907	141.55766	-42	0.0	3	2.1	212
2024/05/14	12:14:01	40.53905	141.55765	0	0.0	3	2.1	264
2024/05/14	12:15:01	40.53906	141.55771	10	11.1	3	1.4	184
2024/05/14	12:16:01	40.53910	141.55776	56	11.1	3	2.2	266
2024/05/14	12:17:02	40.53897	141.55776	26	0.0	3	1.4	243
2024/05/14	12:18:02	40.53915	141.55762	-18	0.0	3	2.1	296
2024/05/14	12:19:02	40.53890	141.55778	38	0.0	3	2.0	244
2024/05/14	12:20:02	40.53912	141.55761	-28	0.0	4	1.3	248
2024/05/14	12:21:01	40.53900	141.55768	52	0.0	4	1.3	244
2024/05/14	12:22:01	40.53895	141.55778	-2	0.0	3	2.0	181
2024/05/14	12:23:01	40.53900	141.55771	-64	0.0	3	2.0	216
2024/05/14	12:24:01	40.53916	141.55750	-4	0.0	3	2.0	185
2024/05/14	12:25:02	40.53906	141.55777	12	0.0	4	1.2	245
2024/05/14	12:26:01	40.53912	141.55768	58	0.0	3	2.0	210
2024/05/14	12:27:01	40.53902	141.55764	4	0.0	3	2.1	215
2024/05/14	12:28:01	40.53903	141.55759	4	0.0	4	1.2	244
2024/05/14	12:29:01	40.53912	141.55763	-38	0.0	3	2.1	216
2024/05/14	12:30:01	40.53911	141.55765	-28	0.0	3	2.1	241
2024/05/14	12:31:01	40.53924	141.55752	22	0.0	3	2.1	243
2024/05/14	12:32:01	40.53903	141.55770	46	0.0	3	2.1	247
2024/05/14	12:33:02	40.53889	141.55758	62	0.0	4	1.2	244
2024/05/14	12:34:01	40.53908	141.55765	6	0.0	3	2.2	241
2024/05/14	12:35:01	40.53918	141.55753	0	0.0	3	2.2	244
2024/05/14	12:36:01	40.53909	141.55751	-8	0.0	3	2.2	239
2024/05/14	12:37:01	40.53918	141.55769	-28	0.0	3	2.2	238
2024/05/14	12:38:01	40.53912	141.55753	14	0.0	4	1.2	212
2024/05/14	12:39:01	40.53902	141.55778	-6	0.0	3	1.4	187
2024/05/14	12:40:00	40.53897	141.55784	26	0.0	3	2.3	246
2024/05/14	12:41:01	40.53906	141.55767	-8	0.0	3	2.3	182
2024/05/14	12:42:02	40.53904	141.55771	-4	0.0	4	1.2	266
2024/05/14	12:43:01	40.53906	141.55771	14	0.0	4	1.2	271
2024/05/14	12:44:00	40.53913	141.55763	30	0.0	3	2.4	243
2024/05/14	12:45:01	40.53904	141.55771	12	0.0	4	1.2	243
2024/05/14	12:46:01	40.53907	141.55768	-2	0.0	4	1.2	269
2024/05/14	12:47:01	40.53907	141.55763	-12	0.0	4	1.2	233
2024/05/14	12:48:00	40.53914	141.55770	32	0.0	3	2.1	187
2024/05/14	12:49:01	40.53888	141.55769	50	0.0	4	1.3	262
2024/05/14	12:50:00	40.53905	141.55763	2	0.0	4	1.3	244
2024/05/14	12:51:01	40.53899	141.55771	22	0.0	4	1.3	271
2024/05/14	12:52:01	40.53911	141.55759	6	0.0	4	1.3	271
2024/05/14	12:53:02	40.53900	141.55770	12	0.0	3	3.3	256
2024/05/14	12:54:01	40.53903	141.55773	16	0.0	4	1.2	274
2024/05/14	12:55:01	40.53908	141.55766	30	0.0	3	2.0	262
2024/05/14	12:56:02	40.53911	141.55759	16	0.0	3	2.0	267
2024/05/14	12:57:01	40.53897	141.55772	10	0.0	3	2.0	262
2024/05/14	12:58:01	40.53903	141.55763	6	0.0	4	1.2	269
2024/05/14	12:59:01	40.53897	141.55771	26	0.0	3	2.0	265
2024/05/14	13:00:00	40.53911	141.55766	0	0.0	4	1.2	270
2024/05/14	13:01:01	40.53901	141.55776	-8	0.0	4	1.3	271
2024/05/14	13:02:01	40.53910	141.55759	-2	0.0	4	1.3	265
2024/05/14	13:03:01	40.53921	141.55765	-2	0.0	4	1.3	268
2024/05/14	13:04:01	40.53910	141.55762	12	0.0	4	1.3	267
2024/05/14	13:05:01	40.53901	141.55772	4	0.0	4	1.3	264
2024/05/14	13:06:01	40.53896	141.55772	14	0.0	4	1.3	266
2024/05/14	13:07:03	40.53904	141.55772	0	0.0	4	1.3	262
2024/05/14	13:08:01	40.53905	141.55765	-4	0.0	4	1.3	269
2024/05/14	13:09:01	40.53905	141.55784	10	0.0	4	1.3	257
2024/05/14	13:10:02	40.53913	141.55764	18	0.0	4	1.3	268
2024/05/14	13:11:01	40.53905	141.55757	6	0.0	4	1.3	262
2024/05/14	13:12:01	40.53913	141.55761	18	0.0	4	1.3	265
2024/05/14	13:13:02	40.53911	141.55768	10	0.0	4	1.3	258
2024/05/14	13:14:01	40.53903	141.55764	34	0.0	4	1.3	264
2024/05/14	13:15:02	40.53924	141.55757	-4	0.0	4	1.3	242
2024/05/14	13:16:02	40.53902	141.55780	4	0.0	4	1.3	260
2024/05/14	13:17:01	40.53912	141.55768	-4	0.0	4	1.4	240
2024/05/14	13:18:02	40.53898	141.55772	12	0.0	4	1.4	261
2024/05/14	13:19:03	40.53922	141.55758	2	0.0	4	1.4	250
2024/05/14	13:20:03	40.53898	141.55775	14	0.0	4	1.4	235
2024/05/14	13:21:00	40.53897	141.55784	24	7.4	3	2.3	206
2024/05/14	13:22:02	40.53903	141.55769	18	0.0	4	1.4	229
2024/05/14	13:23:02	40.53821	141.55815	38	0.0	3	26.0	237
2024/05/14	13:24:05	40.53908	141.55767	6	0.0	4	1.4	231
2024/05/14	13:25:03	40.53905	141.55769	10	0.0	4	1.4	236
2024/05/14	13:26:01	40.53907	141.55760	16	0.0	4	1.4	241
2024/05/14	13:27:01	40.53923	141.55756	-0	0.0	4	1.4	243
2024/05/14	13:28:02	40.53904	141.55770	24	0.0	4	1.4	234
2024/05/14	13:29:03	40.53899	141.55775	22	0.0	4	1.4	229
2024/05/14	13:30:03	40.53897	141.55771	14	0.0	4	1.4	233
2024/05/14	13:31:01	40.53905	141.55775	-0	0.0	4	1.4	238
2024/05/14	13:32:02	40.53902	141.55764	10	0.0	4	1.4	237
2024/05/14	13:33:02	40.53900	141.55763	42	0.0	4	1.4	257
2024/05/14	13:34:03	40.53915	141.55762	6	0.0	4	1.4	264
2024/05/14	13:35:02	40.53905	141.55765	16	0.0	4	2.0	261
2024/05/14	13:36:03	40.53860	141.55795	24	0.0	3	21.1	268
2024/05/14	13:37:03	40.53912	141.55770	10	0.0	3	18.3	276
2024/05/14	13:38:02	40.53902	141.55777	14	0.0	3	16.4	258
2024/05/14	13:39:10	40.53896	141.55760	8	0.0	3	5.0	248
2024/05/14	13:40:03	40.53907	141.55760	0	0.0	3	13.4	277
2024/05/14	13:41:08	40.53910	141.55762	8	0.0	4	2.0	276
2024/05/14	13:42:03	40.53910	141.55768	18	0.0	3	11.4	259
2024/05/14	13:43:02	40.53912	141.55762	24	0.0	3	11.0	258
2024/05/14	13:44:03	40.53910	141.55767	-0	0.0	3	10.2	262
2024/05/14	13:45:03	40.53912	141.55764	6	0.0	3	9.4	279
2024/05/14	13:46:04	40.53907	141.55760	6	0.0	3	9.1	253
2024/05/14	13:47:02	40.53917	141.55761	-8	0.0	3	8.4	236
2024/05/14	13:48:03	40.53893	141.55773	18	0.0	3	8.2	258
2024/05/14	13:49:04	40.53906	141.55758	-4	0.0	3	8.0	257
2024/05/14	13:50:03	40.53944	141.55754	-10	0.0	3	7.3	279
2024/05/14	13:51:02	40.53900	141.55756	12	0.0	3	7.2	236
2024/05/14	13:52:05	40.53884	141.55777	22	0.0	3	7.0	259
2024/05/14	13:53:02	40.53927	141.55767	4	0.0	3	6.4	264
2024/05/14	13:54:04	40.53929	141.55746	-12	0.0	3	6.3	260
2024/05/14	13:55:04	40.53914	141.55761	10	0.0	3	6.1	259
2024/05/14	13:56:04	40.53916	141.55775	14	0.0	3	6.0	257
2024/05/14	13:57:03	40.53888	141.55769	14	0.0	2	3.3	261
2024/05/14	13:58:04	40.53882	141.55775	28	0.0	3	5.4	252
2024/05/14	13:59:04	40.53835	141.55781	66	3.7	3	5.3	260
2024/05/14	14:00:04	40.53932	141.55755	-10	0.0	3	5.2	259
2024/05/14	14:01:04	40.53928	141.55754	-8	0.0	2	3.2	253
2024/05/14	14:02:05	40.53876	141.55771	36	0.0	3	5.0	254
2024/05/14	14:03:06	40.53887	141.55770	16	3.7	3	5.0	243
2024/05/14	14:04:05	40.53923	141.55763	-12	0.0	3	4.4	254
2024/05/14	14:05:04	40.53918	141.55766	6	0.0	3	4.4	255
2024/05/14	14:06:03	40.53921	141.55751	-8	3.7	3	4.3	254
2024/05/14	14:07:04	40.53869	141.55772	64	0.0	3	4.3	253
2024/05/14	14:08:05	40.53919	141.55763	-10	0.0	3	4.2	245
2024/05/14	14:09:04	40.53921	141.55761	-12	0.0	3	4.2	244
2024/05/14	14:10:08	40.53925	141.55764	-16	0.0	3	4.1	247
2024/05/14	14:11:04	40.53878	141.55776	50	0.0	3	4.1	248
2024/05/14	14:12:02	40.53884	141.55766	56	0.0	2	2.4	227
2024/05/14	14:13:04	40.53865	141.55769	56	0.0	2	2.4	207
2024/05/14	14:14:05	40.53879	141.55765	56	0.0	2	2.3	205
2024/05/14	14:15:05	40.53912	141.55768	-0	0.0	3	3.4	222
2024/05/14	14:16:06	40.53913	141.55769	-2	0.0	2	2.3	204
2024/05/14	14:17:05	40.53907	141.55757	-0	0.0	2	2.3	205
2024/05/14	14:18:05	40.53916	141.55768	-0	0.0	2	2.3	200
2024/05/14	14:19:06	40.53918	141.55762	0	0.0	2	2.3	200
2024/05/14	14:20:07	40.53919	141.55775	-0	0.0	2	2.2	202
2024/05/14	14:21:07	40.53913	141.55765	-0	0.0	2	2.2	223
2024/05/14	14:22:06	40.53908	141.55765	-0	0.0	2	2.2	203
2024/05/14	14:23:08	40.53914	141.55768	-0	0.0	2	2.2	202
2024/05/14	14:24:08	40.53920	141.55769	-0	0.0	2	2.2	204
2024/05/14	14:25:29	40.53929	141.55765	-22	11.1	3	3.2	215
2024/05/14	14:26:32	40.53906	141.55764	16	0.0	5	1.2	204
2024/05/14	14:27:02	40.53906	141.55768	18	0.0	4	1.3	204
2024/05/14	14:28:00	40.53914	141.55760	8	0.0	3	2.0	158
2024/05/14	14:29:00	40.53925	141.55783	6	7.4	3	2.1	187
2024/05/14	14:30:01	40.53913	141.55775	-0	0.0	4	1.3	186
2024/05/14	14:31:00	40.53895	141.55736	40	0.0	3	2.0	184
2024/05/14	14:32:00	40.53910	141.55765	34	0.0	3	1.4	187
2024/05/14	14:33:00	40.53900	141.55745	90	0.0	3	2.0	190
2024/05/14	14:34:00	40.53899	141.55758	28	0.0	3	2.0	159
2024/05/14	14:35:00	40.53922	141.55768	66	0.0	3	2.0	214
2024/05/14	14:36:01	40.53910	141.55763	44	0.0	4	1.3	185
2024/05/14	14:37:01	40.53902	141.55762	4	0.0	3	1.4	213
2024/05/14	14:38:01	40.53910	141.55775	18	0.0	3	1.4	213
2024/05/14	14:39:01	40.53907	141.55771	46	0.0	3	1.4	212
2024/05/14	14:40:01	40.53908	141.55765	6	0.0	3	1.4	216
2024/05/14	14:41:01	40.53904	141.55769	24	0.0	3	1.4	189
2024/05/14	14:42:00	40.53910	141.55777	10	0.0	3	1.4	187
2024/05/14	14:43:03	40.53899	141.55766	16	0.0	4	1.3	217
2024/05/14	14:44:01	40.53907	141.55769	8	0.0	4	1.3	218
2024/05/14	14:45:00	40.53910	141.55768	-22	0.0	3	1.3	217
2024/05/14	14:46:00	40.53901	141.55767	56	0.0	3	1.3	214
2024/05/14	14:47:00	40.53915	141.55763	-0	0.0	4	1.3	222
2024/05/14	14:48:00	40.53927	141.55765	84	0.0	3	1.3	215
2024/05/14	14:49:01	40.53904	141.55760	-14	0.0	4	1.3	220
2024/05/14	14:50:01	40.53903	141.55771	46	0.0	3	1.3	218
2024/05/14	14:51:01	40.53902	141.55771	20	0.0	4	1.3	193
2024/05/14	14:52:01	40.53907	141.55765	-0	0.0	3	1.3	183
2024/05/14	14:53:01	40.53925	141.55783	52	0.0	4	1.3	213
2024/05/14	14:54:01	40.53913	141.55774	12	0.0	3	1.3	222
2024/05/14	14:55:01	40.53889	141.55764	-2	0.0	3	1.4	219
2024/05/14	14:56:01	40.53906	141.55757	86	0.0	3	1.4	215
2024/05/14	14:57:00	40.53923	141.55789	110	0.0	3	2.0	187
2024/05/14	14:58:01	40.53918	141.55764	190	0.0	3	1.4	216
2024/05/14	14:59:01	40.53907	141.55759	16	0.0	3	1.4	190
2024/05/14	15:00:02	40.53919	141.55772	22	0.0	4	1.3	192
2024/05/14	15:01:01	40.53922	141.55771	30	0.0	4	1.3	191
2024/05/14	15:02:01	40.53912	141.55768	52	0.0	3	1.4	220
2024/05/14	15:03:00	40.53905	141.55777	-28	0.0	3	2.0	219
2024/05/14	15:04:01	40.53902	141.55774	8	0.0	4	1.3	267
2024/05/14	15:05:01	40.53907	141.55764	-14	0.0	4	1.3	221
2024/05/14	15:06:02	40.53909	141.55768	-36	0.0	4	1.3	265
2024/05/14	15:07:01	40.53903	141.55772	8	0.0	4	1.3	245
2024/05/14	15:08:00	40.53913	141.55765	-10	0.0	3	2.0	192
2024/05/14	15:09:01	40.53902	141.55769	16	0.0	3	2.1	267
2024/05/14	15:10:02	40.53903	141.55773	6	0.0	4	1.3	248
2024/05/14	15:11:01	40.53901	141.55760	-14	0.0	4	1.3	193
2024/05/14	15:12:01	40.53940	141.55773	-10	0.0	4	1.3	247
2024/05/14	15:13:01	40.53908	141.55767	-8	0.0	4	1.3	244
2024/05/14	15:14:01	40.53906	141.55770	2	0.0	4	1.3	189
2024/05/14	15:15:00	40.53922	141.55782	10	0.0	3	2.0	217
2024/05/14	15:16:01	40.53903	141.55755	32	0.0	3	2.1	218
2024/05/14	15:17:01	40.53906	141.55767	100	0.0	3	2.1	189
2024/05/14	15:18:01	40.53900	141.55761	42	0.0	3	2.0	218
2024/05/14	15:19:01	40.53904	141.55767	16	0.0	4	1.3	244
2024/05/14	15:20:00	40.53887	141.55773	86	0.0	3	2.0	186
2024/05/14	15:21:01	40.53911	141.55767	46	0.0	3	2.0	241
2024/05/14	15:22:00	40.53894	141.55762	6	0.0	3	2.0	240
2024/05/14	15:23:01	40.53889	141.55755	26	0.0	3	2.0	215
2024/05/14	15:24:01	40.53912	141.55761	84	0.0	3	2.0	214
2024/05/14	15:25:01	40.53911	141.55776	-64	0.0	3	2.0	187
2024/05/14	15:26:01	40.53916	141.55768	2	0.0	3	2.0	161
2024/05/14	15:27:01	40.53904	141.55768	2	0.0	3	2.0	211
2024/05/14	15:28:01	40.53889	141.55764	-76	0.0	3	2.0	191
2024/05/14	15:29:02	40.53894	141.55768	22	0.0	3	2.0	237
2024/05/14	15:30:01	40.53912	141.55762	48	0.0	3	2.0	210
2024/05/14	15:31:00	40.53913	141.55768	46	0.0	3	2.0	160
2024/05/14	15:32:01	40.53908	141.55774	30	0.0	3	2.0	244
2024/05/14	15:33:00	40.53910	141.55760	44	0.0	3	2.0	214
2024/05/14	15:34:00	40.53911	141.55771	56	0.0	3	2.0	214
2024/05/14	15:35:01	40.53903	141.55768	16	0.0	3	2.0	242
2024/05/14	15:36:00	40.53920	141.55762	54	0.0	3	2.0	218
2024/05/14	15:37:00	40.53907	141.55749	2	0.0	3	2.0	218
2024/05/14	15:38:00	40.53920	141.55767	-4	0.0	3	2.0	219
2024/05/14	15:39:01	40.53916	141.55765	-12	0.0	3	2.0	239
2024/05/14	15:40:00	40.53922	141.55773	-34	0.0	3	2.0	192
2024/05/14	15:41:01	40.53913	141.55769	2	0.0	3	2.0	221
2024/05/14	15:42:03	40.53902	141.55766	26	0.0	3	2.0	209
2024/05/14	15:43:01	40.53911	141.55770	6	0.0	3	2.0	235
2024/05/14	15:44:01	40.53907	141.55771	-26	0.0	3	2.0	215
2024/05/14	15:45:01	40.53909	141.55766	4	0.0	3	2.0	185
2024/05/14	15:46:01	40.53904	141.55771	10	0.0	3	2.1	215
2024/05/14	15:47:01	40.53906	141.55769	38	0.0	3	2.1	185
2024/05/14	15:48:01	40.53899	141.55768	18	0.0	3	2.1	240
2024/05/14	15:49:02	40.53910	141.55778	-10	0.0	3	2.1	203
2024/05/14	15:50:01	40.53893	141.55775	6	0.0	3	2.1	218
2024/05/14	15:51:02	40.53904	141.55761	30	0.0	3	2.1	216
2024/05/14	15:52:01	40.53908	141.55772	26	0.0	3	2.1	218
2024/05/14	15:53:00	40.53908	141.55771	0	0.0	3	2.1	215
2024/05/14	15:54:01	40.53913	141.55768	18	0.0	3	2.1	217
2024/05/14	15:55:01	40.53905	141.55771	6	0.0	3	2.2	215
2024/05/14	15:56:00	40.53900	141.55765	12	0.0	3	2.2	182
2024/05/14	15:57:01	40.53897	141.55773	12	0.0	3	2.2	220
2024/05/14	15:58:01	40.53919	141.55756	-4	0.0	3	2.2	219
2024/05/14	15:59:01	40.53903	141.55765	10	0.0	3	2.2	218
2024/05/14	16:00:00	40.53918	141.55773	4	0.0	3	2.3	215
2024/05/14	16:01:04	40.53901	141.55764	22	0.0	3	2.3	217
2024/05/14	16:02:00	40.53911	141.55761	2	0.0	3	2.4	210
2024/05/14	16:03:00	40.53902	141.55769	14	0.0	3	2.4	213
2024/05/14	16:04:01	40.53909	141.55762	12	0.0	3	2.4	217
2024/05/14	16:05:02	40.53919	141.55768	8	0.0	3	2.4	216
2024/05/14	16:06:02	40.53909	141.55768	26	0.0	3	3.0	221
2024/05/14	16:07:03	40.53912	141.55762	-4	0.0	3	3.0	213
2024/05/14	16:08:03	40.53901	141.55772	2	0.0	3	3.0	214
2024/05/14	16:09:03	40.53914	141.55768	8	0.0	3	3.1	214
2024/05/14	16:10:02	40.53915	141.55771	-16	0.0	3	3.1	218
2024/05/14	16:11:02	40.53924	141.55759	-6	0.0	3	3.1	218
2024/05/14	16:12:03	40.53918	141.55762	6	0.0	3	3.2	215
2024/05/14	16:13:03	40.53925	141.55755	-16	0.0	3	3.2	214
2024/05/14	16:14:02	40.53919	141.55751	10	0.0	3	3.2	217
2024/05/14	16:15:02	40.53889	141.55776	64	0.0	3	3.3	239
2024/05/14	16:16:03	40.53916	141.55756	6	0.0	3	3.3	238
2024/05/14	16:17:03	40.53917	141.55758	-2	0.0	3	3.3	238
2024/05/14	16:18:02	40.53879	141.55782	50	0.0	3	3.4	209
2024/05/14	16:19:03	40.53901	141.55765	16	0.0	3	3.4	238
2024/05/14	16:20:02	40.53908	141.55767	12	0.0	3	4.0	242
2024/05/14	16:21:02	40.53913	141.55763	14	0.0	3	4.0	241
2024/05/14	16:22:02	40.53902	141.55770	28	0.0	3	4.1	239
2024/05/14	16:23:03	40.53921	141.55756	-22	0.0	3	4.1	235
2024/05/14	16:24:03	40.53906	141.55775	4	0.0	3	4.2	236
2024/05/14	16:25:03	40.53906	141.55772	8	0.0	3	4.3	239
2024/05/14	16:26:04	40.53889	141.55782	18	0.0	3	4.3	236
2024/05/14	16:27:04	40.53912	141.55763	4	3.7	3	4.4	231
2024/05/14	16:28:06	40.53947	141.55737	-26	0.0	3	5.0	225
2024/05/14	16:29:32	40.53906	141.55768	10	0.0	5	1.1	207
2024/05/14	16:30:00	40.53937	141.55730	36	18.5	3	2.3	259
2024/05/14	16:31:01	40.53922	141.55747	24	22.2	4	1.3	246
2024/05/14	16:32:01	40.53916	141.55799	6	14.8	5	1.2	242
2024/05/14	16:33:01	40.53904	141.55770	12	0.0	4	1.3	181
2024/05/14	16:34:01	40.53910	141.55763	14	0.0	4	1.1	179
2024/05/14	16:35:00	40.53901	141.55773	22	0.0	3	2.2	151
2024/05/14	16:36:00	40.53921	141.55776	-8	0.0	3	1.4	185
2024/05/14	16:37:01	40.53909	141.55772	4	0.0	5	1.1	208
2024/05/14	16:38:00	40.53899	141.55769	34	0.0	3	1.4	182
2024/05/14	16:39:01	40.53903	141.55763	12	0.0	5	1.1	210
2024/05/14	16:40:01	40.53908	141.55767	-0	0.0	5	1.1	209
2024/05/14	16:41:01	40.53908	141.55761	-0	0.0	5	1.1	210
2024/05/14	16:42:01	40.53911	141.55761	14	0.0	5	1.1	203
2024/05/14	16:43:00	40.53895	141.55773	8	0.0	4	1.3	185
2024/05/14	16:44:00	40.53901	141.55792	-4	0.0	3	2.0	180
2024/05/14	16:45:00	40.53901	141.55778	-12	0.0	4	1.2	183
2024/05/14	16:46:01	40.53904	141.55764	-6	0.0	4	1.2	202
2024/05/14	16:47:01	40.53903	141.55770	20	0.0	4	1.2	201
2024/05/14	16:48:01	40.53907	141.55769	-4	0.0	4	1.2	208
2024/05/14	16:49:01	40.53910	141.55774	12	0.0	5	1.1	205
2024/05/14	16:50:00	40.53913	141.55761	22	0.0	3	1.2	175
2024/05/14	16:51:01	40.53903	141.55773	20	0.0	4	1.2	231
2024/05/14	16:52:00	40.53902	141.55775	-22	0.0	3	2.0	153
2024/05/14	16:53:00	40.53921	141.55747	26	0.0	3	2.2	183
2024/05/14	16:54:01	40.53908	141.55768	6	0.0	4	1.2	228
2024/05/14	16:55:00	40.53906	141.55765	20	0.0	4	1.2	181
2024/05/14	16:56:01	40.53909	141.55766	14	0.0	4	1.2	230
2024/05/14	16:57:01	40.53909	141.55770	2	0.0	4	1.2	232
2024/05/14	16:58:00	40.53912	141.55760	50	0.0	3	1.2	184
2024/05/14	16:59:00	40.53911	141.55767	-16	0.0	4	1.2	209
2024/05/14	17:00:00	40.53909	141.55773	14	0.0	3	2.3	206
2024/05/14	17:01:00	40.53900	141.55759	16	0.0	4	1.2	211
2024/05/14	17:02:01	40.53909	141.55769	4	0.0	4	1.2	211
2024/05/14	17:03:00	40.53897	141.55763	-8	0.0	4	1.2	213
2024/05/14	17:04:00	40.53904	141.55782	18	0.0	3	2.4	212
2024/05/14	17:05:00	40.53905	141.55760	24	0.0	3	2.4	185
2024/05/14	17:06:00	40.53911	141.55772	0	0.0	4	1.2	215
2024/05/14	17:07:00	40.53911	141.55773	12	0.0	3	2.4	212
2024/05/14	17:08:01	40.53910	141.55754	-8	0.0	3	3.0	215
2024/05/14	17:09:00	40.53921	141.55762	46	0.0	3	1.4	191
2024/05/14	17:10:01	40.53901	141.55777	10	0.0	4	1.2	241
2024/05/14	17:11:01	40.53906	141.55764	22	0.0	4	1.2	215
2024/05/14	17:12:01	40.53910	141.55770	12	0.0	4	1.2	244
2024/05/14	17:13:01	40.53914	141.55762	4	0.0	4	1.2	242
2024/05/14	17:14:00	40.53900	141.55768	16	0.0	4	1.2	243
2024/05/14	17:15:01	40.53906	141.55769	12	0.0	4	1.2	245
2024/05/14	17:16:01	40.53912	141.55768	10	0.0	4	1.2	236
2024/05/14	17:17:00	40.53914	141.55753	12	0.0	4	1.3	215
2024/05/14	17:18:01	40.53902	141.55767	16	0.0	4	1.2	247
2024/05/14	17:19:01	40.53907	141.55765	10	0.0	4	1.2	246
2024/05/14	17:20:01	40.53907	141.55768	10	0.0	3	2.1	213
2024/05/14	17:21:01	40.53905	141.55770	22	0.0	4	1.2	245
2024/05/14	17:22:00	40.53909	141.55754	20	0.0	3	1.3	206
2024/05/14	17:23:00	40.53895	141.55763	0	0.0	3	2.0	244
2024/05/14	17:24:01	40.53904	141.55769	14	0.0	4	1.2	244
2024/05/14	17:25:00	40.53934	141.55772	58	0.0	3	2.1	246
2024/05/14	17:26:01	40.53911	141.55768	12	0.0	4	1.2	239
2024/05/14	17:27:01	40.53908	141.55768	14	0.0	4	1.3	246
2024/05/14	17:28:00	40.53901	141.55776	12	0.0	4	1.3	248
2024/05/14	17:29:01	40.53905	141.55772	18	0.0	4	1.3	242
2024/05/14	17:30:01	40.53906	141.55774	8	0.0	4	1.3	245
2024/05/14	17:31:00	40.53903	141.55771	16	0.0	3	2.1	244
2024/05/14	17:32:00	40.53905	141.55767	30	0.0	3	2.1	241
2024/05/14	17:33:00	40.53913	141.55763	12	0.0	3	2.1	210
2024/05/14	17:34:00	40.53924	141.55763	28	0.0	3	2.1	215
2024/05/14	17:35:00	40.53907	141.55758	-18	0.0	3	1.4	245
2024/05/14	17:36:00	40.53912	141.55777	64	0.0	3	1.4	244
2024/05/14	17:37:00	40.53915	141.55746	-6	0.0	3	2.2	267
2024/05/14	17:38:00	40.53913	141.55771	48	0.0	3	2.2	243
2024/05/14	17:39:01	40.53920	141.55772	18	22.2	4	1.3	245
2024/05/14	17:40:00	40.53927	141.55754	38	14.8	4	1.3	247
2024/05/14	17:41:01	40.53900	141.55803	0	18.5	3	1.4	188
2024/05/14	17:42:00	40.53939	141.55733	42	18.5	3	2.2	219
2024/05/14	17:43:02	40.53900	141.55768	6	0.0	3	1.4	226
2024/05/14	17:44:01	40.53905	141.55765	6	0.0	3	1.4	236
2024/05/14	17:45:01	40.53914	141.55753	0	0.0	3	1.4	187
2024/05/14	17:46:01	40.53898	141.55770	-2	0.0	3	2.0	213
2024/05/14	17:47:01	40.53909	141.55775	6	0.0	3	2.0	244
2024/05/14	17:48:01	40.53909	141.55753	-4	0.0	3	2.0	217
2024/05/14	17:49:01	40.53910	141.55777	38	0.0	3	2.0	190
2024/05/14	17:50:01	40.53909	141.55761	8	0.0	3	2.0	213
2024/05/14	17:51:00	40.53900	141.55750	-34	0.0	3	2.3	218
2024/05/14	17:52:00	40.53898	141.55789	18	0.0	3	2.0	216
2024/05/14	17:53:00	40.53898	141.55768	-22	0.0	3	2.4	244
2024/05/14	17:54:01	40.53906	141.55762	8	0.0	3	2.0	190
2024/05/14	17:55:01	40.53906	141.55765	4	0.0	3	2.0	188
2024/05/14	17:56:01	40.53908	141.55789	22	0.0	3	2.4	183
2024/05/14	17:57:01	40.53917	141.55770	28	0.0	3	2.4	190
2024/05/14	17:58:01	40.53905	141.55774	6	0.0	3	2.1	186
2024/05/14	17:59:01	40.53900	141.55784	-20	14.8	3	2.1	211
2024/05/14	18:00:02	40.53907	141.55762	12	0.0	3	3.0	236
2024/05/14	18:01:02	40.53902	141.55780	18	11.1	3	3.0	232
2024/05/14	18:02:01	40.53911	141.55750	0	0.0	3	3.1	229
2024/05/14	18:03:05	40.53905	141.55751	-26	0.0	3	3.1	271
2024/05/14	18:04:04	40.53906	141.55753	-22	0.0	3	3.1	275
2024/05/14	18:05:02	40.53910	141.55733	-36	0.0	3	3.1	243
2024/05/14	18:06:04	40.53908	141.55776	26	0.0	3	3.1	273
2024/05/14	18:07:04	40.53908	141.55757	-2	0.0	3	3.1	237
2024/05/14	18:08:03	40.53908	141.55746	-24	0.0	3	3.2	275
2024/05/14	18:09:02	40.53911	141.55762	20	0.0	3	3.2	237
2024/05/14	18:10:02	40.53911	141.55744	-6	0.0	3	3.2	279
2024/05/14	18:11:02	40.53910	141.55752	8	0.0	3	3.2	243
2024/05/14	18:12:04	40.53909	141.55769	16	0.0	3	3.3	271
2024/05/14	18:13:04	40.53902	141.55784	20	0.0	3	3.3	273
2024/05/14	18:14:05	40.53907	141.55770	20	0.0	3	3.3	271
2024/05/14	18:15:03	40.53906	141.55764	2	0.0	3	3.3	275
2024/05/14	18:16:01	40.53903	141.55776	0	0.0	2	2.3	274
2024/05/14	18:17:05	40.53914	141.55764	2	0.0	2	2.3	227
2024/05/14	18:18:04	40.53906	141.55767	18	3.7	3	3.4	238
2024/05/14	18:19:04	40.53907	141.55754	-2	0.0	3	4.0	231
2024/05/14	18:20:04	40.53907	141.55766	26	3.7	3	4.0	227
2024/05/14	18:21:04	40.53905	141.55755	0	0.0	3	4.0	235
2024/05/14	18:22:05	40.53906	141.55776	24	7.4	3	4.1	228
2024/05/14	18:23:32	40.53907	141.55766	8	0.0	5	1.0	258
2024/05/14	18:24:01	40.53910	141.55765	42	0.0	5	1.0	190
2024/05/14	18:25:00	40.53904	141.55762	-2	0.0	3	1.1	131
2024/05/14	18:26:00	40.53904	141.55771	32	0.0	4	1.2	184
2024/05/14	18:27:00	40.53910	141.55755	6	0.0	4	1.2	214
2024/05/14	18:28:00	40.53909	141.55785	90	0.0	3	1.2	180
2024/05/14	18:28:59	40.53917	141.55789	-118	0.0	3	2.0	190
2024/05/14	18:30:01	40.53912	141.55767	-6	0.0	5	1.1	184
2024/05/14	18:31:01	40.53910	141.55775	38	0.0	4	1.1	182
2024/05/14	18:32:01	40.53902	141.55747	24	0.0	5	1.0	191
2024/05/14	18:33:00	40.53915	141.55757	2	0.0	3	1.3	186
2024/05/14	18:34:01	40.53908	141.55773	4	0.0	5	1.0	215
2024/05/14	18:35:00	40.53905	141.55763	18	0.0	4	1.1	186
2024/05/14	18:36:00	40.53906	141.55759	-0	0.0	3	1.2	154
2024/05/14	18:37:00	40.53918	141.55759	20	0.0	5	1.1	190
2024/05/14	18:38:00	40.53904	141.55760	40	0.0	3	1.4	188
2024/05/14	18:39:01	40.53902	141.55766	34	0.0	4	1.3	204
2024/05/14	18:40:01	40.53909	141.55757	2	3.7	5	1.1	192
2024/05/14	18:41:00	40.53904	141.55766	28	0.0	3	2.0	210
2024/05/14	18:42:00	40.53906	141.55791	12	0.0	3	1.4	186
2024/05/14	18:43:01	40.53924	141.55762	-4	0.0	3	1.3	233
2024/05/14	18:44:01	40.53905	141.55777	46	0.0	5	1.1	185
2024/05/14	18:45:01	40.53904	141.55763	-20	0.0	5	1.1	211
2024/05/14	18:46:01	40.53898	141.55767	52	0.0	5	1.1	190
2024/05/14	18:47:01	40.53917	141.55760	10	0.0	5	1.1	179
2024/05/14	18:48:01	40.53899	141.55772	8	0.0	4	1.3	233
2024/05/14	18:49:01	40.53904	141.55774	30	0.0	4	1.2	207
2024/05/14	18:50:01	40.53901	141.55796	8	18.5	4	1.3	184
2024/05/14	18:51:00	40.53889	141.55777	0	0.0	3	2.0	241
2024/05/14	18:52:01	40.53904	141.55772	20	0.0	5	1.1	174
2024/05/14	18:53:01	40.53899	141.55763	4	0.0	5	1.2	172
2024/05/14	18:54:01	40.53902	141.55759	14	0.0	4	1.2	210
2024/05/14	18:55:01	40.53939	141.55768	-52	22.2	4	1.3	234
2024/05/14	18:56:01	40.53975	141.55740	12	0.0	4	1.3	215
2024/05/14	18:57:01	40.53971	141.55752	32	0.0	4	1.3	218
2024/05/14	18:58:01	40.54058	141.55725	2	25.9	4	1.3	212
2024/05/14	18:59:01	40.54077	141.55933	-20	0.0	5	1.2	183
2024/05/14	19:00:01	40.54099	141.55919	16	0.0	3	2.3	196
2024/05/14	19:01:01	40.54084	141.55900	48	22.2	3	2.3	237
2024/05/14	19:02:02	40.53997	141.55807	-20	0.0	4	2.3	205
2024/05/14	19:03:01	40.54000	141.55815	4	0.0	4	2.3	204
2024/05/14	19:04:00	40.54002	141.55827	4	0.0	4	2.3	210
2024/05/14	19:05:01	40.54006	141.55798	-12	0.0	4	1.4	195
2024/05/14	19:06:00	40.53989	141.55783	18	0.0	4	1.3	188
2024/05/14	19:07:00	40.53987	141.55802	56	0.0	4	1.3	194
2024/05/14	19:08:00	40.53996	141.55772	-10	0.0	5	1.2	205
2024/05/14	19:09:01	40.53995	141.55767	8	0.0	5	1.2	216
2024/05/14	19:10:01	40.53995	141.55764	0	0.0	5	1.2	269
2024/05/14	19:11:00	40.53987	141.55761	0	0.0	4	1.3	182
2024/05/14	19:12:01	40.54294	141.56052	26	37.0	5	1.2	233
2024/05/14	19:13:00	40.54717	141.56592	50	33.3	4	2.2	242
2024/05/14	19:14:00	40.55158	141.57187	28	40.7	3	2.0	231
2024/05/14	19:15:00	40.55524	141.57744	28	40.7	4	2.2	214
2024/05/14	19:16:01	40.55841	141.58416	28	37.0	5	1.2	213
2024/05/14	19:17:01	40.56297	141.58938	24	37.0	5	1.3	244
2024/05/14	19:18:01	40.56678	141.59508	10	33.3	5	1.2	270
2024/05/14	19:19:00	40.57052	141.59986	4	33.3	4	1.4	209
2024/05/14	19:20:00	40.57401	141.60451	18	29.6	4	1.4	234
2024/05/14	19:21:00	40.57552	141.61084	12	33.3	4	1.4	233
2024/05/14	19:22:01	40.57778	141.61708	26	37.0	4	2.0	212
2024/05/14	19:23:01	40.58215	141.62099	14	33.3	5	1.3	267
2024/05/14	19:24:01	40.58418	141.62619	12	29.6	5	1.3	214
2024/05/14	19:25:01	40.58826	141.63019	20	33.3	5	1.3	265
2024/05/14	19:26:00	40.59189	141.63419	-0	33.3	4	2.0	261
2024/05/14	19:27:00	40.59566	141.63780	12	25.9	4	2.1	182
2024/05/14	19:28:01	40.59886	141.64233	30	29.6	5	1.3	237
2024/05/14	19:29:01	40.60223	141.64695	44	33.3	5	1.3	258
2024/05/14	19:30:00	40.60569	141.65157	24	33.3	4	2.0	232
2024/05/14	19:31:00	40.60940	141.65611	-0	37.0	4	2.1	234
2024/05/14	19:32:00	40.61342	141.66150	20	37.0	4	2.0	266
2024/05/14	19:33:00	40.61525	141.66481	16	33.3	4	2.0	230
2024/05/14	19:34:01	40.61889	141.66978	44	33.3	4	2.0	247
2024/05/14	19:35:01	40.62285	141.67442	58	29.6	4	2.0	209
2024/05/14	19:36:01	40.62264	141.67821	38	22.2	3	4.0	258
2024/05/14	19:37:01	40.61970	141.67427	6	33.3	3	3.4	235
2024/05/14	19:38:02	40.61573	141.66998	32	29.6	4	1.4	254
2024/05/14	19:39:01	40.61227	141.66531	28	33.3	4	1.4	268
2024/05/14	19:40:01	40.60821	141.66044	14	37.0	3	4.1	252
2024/05/14	19:41:01	40.60409	141.65554	40	37.0	4	1.4	249
2024/05/14	19:42:02	40.60034	141.64900	44	37.0	4	1.4	260
2024/05/14	19:43:01	40.59805	141.64586	26	33.3	3	2.0	255
2024/05/14	19:44:02	40.59404	141.64325	4	0.0	4	1.4	248
2024/05/14	19:45:01	40.59288	141.64244	22	40.7	4	1.4	258
2024/05/14	19:46:02	40.58929	141.63707	46	33.3	3	4.2	258
2024/05/14	19:47:01	40.58635	141.63160	26	33.3	4	1.4	252
2024/05/14	19:48:01	40.58329	141.62598	20	29.6	4	1.4	257
2024/05/14	19:49:01	40.57982	141.62091	26	37.0	4	1.4	270
2024/05/14	19:50:02	40.57747	141.61684	18	33.3	4	1.4	254
2024/05/14	19:51:01	40.57407	141.61159	18	33.3	4	1.4	262
2024/05/14	19:52:02	40.57142	141.60920	12	3.7	4	1.4	265
2024/05/14	19:53:02	40.56832	141.60467	8	33.3	4	2.0	249
2024/05/14	19:54:01	40.56501	141.59889	24	37.0	4	2.0	253
2024/05/14	19:55:01	40.56178	141.59310	26	33.3	4	1.4	254
2024/05/14	19:56:01	40.55917	141.58626	18	37.0	4	2.0	259
2024/05/14	19:57:01	40.55618	141.57979	16	37.0	4	1.4	257
2024/05/14	19:58:00	40.55455	141.57333	28	37.0	4	2.0	252
2024/05/14	19:59:01	40.55307	141.56544	16	40.7	4	2.0	204
2024/05/14	20:00:01	40.55246	141.55813	26	33.3	4	2.0	258
2024/05/14	20:01:01	40.55140	141.55176	10	33.3	4	2.0	284
2024/05/14	20:02:01	40.55020	141.54951	-40	0.0	3	6.0	259
2024/05/14	20:03:01	40.55010	141.54923	-70	0.0	3	6.0	266
2024/05/14	20:04:03	40.55030	141.54976	32	0.0	3	6.1	270
2024/05/14	20:05:02	40.55025	141.54934	-32	0.0	3	6.2	267
2024/05/14	20:06:01	40.55043	141.54979	4	0.0	3	6.2	234
2024/05/14	20:07:02	40.55047	141.54979	36	0.0	3	6.3	249
2024/05/14	20:08:03	40.54998	141.54882	-126	0.0	3	6.4	253
2024/05/14	20:09:02	40.55024	141.54961	-12	0.0	3	7.0	255
2024/05/14	20:10:02	40.55036	141.54944	-16	0.0	3	7.0	259
2024/05/14	20:11:02	40.55033	141.54972	4	0.0	3	7.1	172
2024/05/14	20:12:08	40.55041	141.54965	4	0.0	3	7.2	243
2024/05/14	20:13:02	40.55028	141.54959	-14	0.0	3	7.3	227
2024/05/14	20:14:02	40.55031	141.54991	14	0.0	3	7.4	269
2024/05/14	20:15:03	40.54997	141.54836	-162	0.0	3	8.0	235
2024/05/14	20:16:02	40.55045	141.54994	50	0.0	3	8.1	266
2024/05/14	20:17:01	40.55046	141.54979	48	0.0	3	8.3	215
2024/05/14	20:18:03	40.55075	141.55048	116	0.0	3	8.4	269
2024/05/14	20:24:39	40.55036	141.54964	6	0.0	6	1.2	263
2024/05/14	20:25:01	40.55034	141.54963	-8	0.0	5	1.3	272
2024/05/14	20:26:01	40.55038	141.54964	4	0.0	5	1.3	269
2024/05/14	20:27:01	40.55010	141.54866	-118	0.0	4	6.2	205
2024/05/14	20:28:01	40.55035	141.54959	2	0.0	4	6.1	262
2024/05/14	20:29:01	40.55035	141.54969	18	0.0	5	1.3	207
2024/05/14	20:30:00	40.55037	141.54963	10	0.0	4	1.3	295
2024/05/14	20:31:01	40.55037	141.54964	8	0.0	5	1.3	269
2024/05/14	20:32:01	40.55047	141.54967	24	0.0	4	1.3	270
2024/05/14	20:33:02	40.55035	141.54962	0	0.0	5	1.2	271
2024/05/14	20:34:02	40.55032	141.54961	-4	0.0	5	1.2	257
2024/05/14	20:35:01	40.55025	141.54962	0	0.0	5	1.2	256
2024/05/14	20:36:00	40.55035	141.54947	-2	0.0	4	2.2	294
2024/05/14	20:37:01	40.55037	141.54969	12	0.0	6	1.2	270
2024/05/14	20:38:01	40.55029	141.54965	6	0.0	6	1.2	276
2024/05/14	20:39:00	40.55059	141.54982	48	0.0	4	2.1	292
2024/05/14	20:40:01	40.55035	141.54983	26	0.0	5	1.3	281
2024/05/14	20:41:01	40.55036	141.54976	14	0.0	6	1.2	297
2024/05/14	20:42:02	40.55032	141.54968	16	0.0	5	1.4	268
2024/05/14	20:43:00	40.55033	141.54969	4	0.0	4	2.4	268
2024/05/14	20:44:00	40.55052	141.54978	8	0.0	5	1.2	290
2024/05/14	20:45:02	40.55039	141.54969	2	0.0	5	1.2	285
2024/05/14	20:46:01	40.55029	141.54968	-16	0.0	5	1.2	283
2024/05/14	20:47:01	40.55037	141.54981	-26	0.0	3	3.2	258
2024/05/14	20:48:01	40.55027	141.54956	10	0.0	3	3.2	253
2024/05/14	20:49:00	40.55017	141.54946	-36	0.0	3	2.2	272
2024/05/14	20:50:01	40.55010	141.54946	42	0.0	4	2.4	288
2024/05/14	20:51:01	40.55050	141.54982	-10	0.0	4	2.4	286
2024/05/14	20:52:02	40.55036	141.54966	8	0.0	6	1.1	262
2024/05/14	20:53:01	40.55003	141.54953	26	0.0	3	3.1	260
2024/05/14	20:54:01	40.55043	141.54978	38	0.0	5	1.3	294
2024/05/14	20:55:00	40.55045	141.54977	34	0.0	3	2.4	292
2024/05/14	20:56:01	40.55022	141.54967	16	0.0	4	2.3	235
2024/05/14	20:57:02	40.55036	141.54974	4	0.0	5	1.1	290
2024/05/14	20:58:01	40.55049	141.54974	4	0.0	4	2.0	286
2024/05/14	20:59:01	40.55030	141.54969	-12	0.0	5	1.1	282
2024/05/14	21:00:01	40.55047	141.54971	2	0.0	4	2.3	244
2024/05/14	21:01:01	40.55018	141.54954	30	0.0	4	2.3	290
2024/05/14	21:02:01	40.55035	141.54968	12	0.0	4	2.3	289
2024/05/14	21:03:01	40.55019	141.54944	30	0.0	3	2.4	196
2024/05/14	21:04:01	40.55035	141.54970	12	0.0	4	2.2	285
2024/05/14	21:05:01	40.55041	141.54951	-14	0.0	4	2.0	252
2024/05/14	21:06:01	40.55036	141.54974	34	0.0	4	2.2	234
2024/05/14	21:07:01	40.55031	141.54969	18	0.0	5	1.1	295
2024/05/14	21:08:00	40.55040	141.54974	6	0.0	4	2.2	256
2024/05/14	21:09:00	40.55043	141.54962	-14	0.0	4	2.0	214
2024/05/14	21:10:01	40.55031	141.54967	18	0.0	5	1.2	287
2024/05/14	21:11:01	40.55032	141.54965	16	0.0	5	1.2	295
2024/05/14	21:12:01	40.55029	141.54965	30	0.0	4	2.2	286
2024/05/14	21:13:01	40.55039	141.54971	14	0.0	6	1.0	285
2024/05/14	21:14:01	40.55030	141.54969	8	0.0	5	1.1	286
2024/05/14	21:15:01	40.55033	141.54971	0	0.0	5	1.1	285
2024/05/14	21:16:00	40.55068	141.54976	-68	0.0	3	2.3	297
2024/05/14	21:17:01	40.55041	141.54974	6	0.0	6	1.0	284
2024/05/14	21:18:02	40.55034	141.54970	18	0.0	6	1.0	289
2024/05/14	21:19:01	40.55034	141.54966	8	0.0	6	1.0	298
2024/05/14	21:20:01	40.55029	141.54966	10	0.0	4	1.2	296
2024/05/14	21:21:01	40.55033	141.54964	2	0.0	5	1.2	298
2024/05/14	21:22:00	40.55000	141.54937	86	0.0	4	2.2	300
2024/05/14	21:23:00	40.55040	141.54969	18	0.0	5	1.2	304
2024/05/14	21:24:00	40.55025	141.54964	46	3.7	3	1.4	305
2024/05/14	21:25:00	40.55034	141.54973	44	0.0	3	2.3	268
2024/05/14	21:26:00	40.55030	141.54957	4	0.0	3	2.1	236
2024/05/14	21:27:01	40.55032	141.54969	26	0.0	3	2.4	235
2024/05/14	21:28:01	40.55040	141.54963	0	0.0	4	2.0	260
2024/05/14	21:29:01	40.55031	141.54964	46	0.0	3	2.2	209
2024/05/14	21:30:01	40.55039	141.54979	10	0.0	4	2.0	293
2024/05/14	21:31:01	40.55039	141.54968	-4	0.0	4	2.0	293
2024/05/14	21:32:01	40.55025	141.54969	18	0.0	5	1.1	284
2024/05/14	21:33:00	40.55043	141.54980	-26	0.0	3	2.1	272
2024/05/14	21:34:00	40.55030	141.54964	-0	0.0	3	1.2	295
2024/05/14	21:35:01	40.55041	141.54976	-8	0.0	5	1.1	303
2024/05/14	21:36:01	40.55034	141.54966	0	0.0	5	1.1	295
2024/05/14	21:37:00	40.55045	141.54976	-18	0.0	3	2.2	268
2024/05/14	21:38:00	40.55034	141.54967	2	0.0	3	2.4	293
2024/05/14	21:39:01	40.55030	141.54968	12	0.0	4	1.1	290
2024/05/14	21:40:03	40.55040	141.54968	2	0.0	3	2.2	239
2024/05/14	21:41:01	40.55038	141.54968	2	0.0	3	1.3	269
2024/05/14	21:42:01	40.55037	141.54968	20	0.0	4	1.2	299
2024/05/14	21:43:01	40.55022	141.54966	16	0.0	2	2.2	293
2024/05/14	21:44:01	40.55035	141.54969	24	0.0	4	1.2	287
2024/05/14	21:45:01	40.55025	141.54963	38	0.0	2	4.1	286
2024/05/14	21:46:01	40.55027	141.54964	12	0.0	4	2.0	286
2024/05/14	21:47:01	40.55025	141.54960	20	0.0	4	2.0	282
2024/05/14	21:48:01	40.55164	141.55109	8	22.2	5	1.1	277
2024/05/14	21:49:03	40.55486	141.55267	36	22.2	4	1.2	287
2024/05/14	21:50:01	40.55933	141.55445	8	29.6	4	2.2	263
2024/05/14	21:51:01	40.56322	141.55850	-16	33.3	3	3.0	284
2024/05/14	21:52:02	40.56626	141.56397	16	33.3	5	1.1	288
2024/05/14	21:53:01	40.57056	141.56827	36	29.6	4	2.2	285
2024/05/14	21:54:01	40.57457	141.57328	44	37.0	4	2.2	290
2024/05/14	21:55:01	40.57852	141.57798	28	29.6	4	1.2	279
2024/05/14	21:56:01	40.58108	141.58332	12	29.6	3	3.0	284
2024/05/14	21:57:01	40.58316	141.58835	4	25.9	4	2.2	286
2024/05/14	21:58:01	40.58415	141.59333	-20	29.6	3	3.0	285
2024/05/14	21:59:02	40.58651	141.59902	12	29.6	5	1.1	285
2024/05/14	22:00:01	40.58531	141.60276	24	22.2	4	1.2	288
2024/05/14	22:01:01	40.58908	141.60519	12	33.3	3	3.0	285
2024/05/14	22:02:01	40.59247	141.61008	36	33.3	5	1.1	288
2024/05/14	22:03:01	40.59530	141.61305	0	3.7	4	1.1	274
2024/05/14	22:04:01	40.59261	141.61302	0	29.6	4	2.1	292
2024/05/14	22:05:01	40.59058	141.60843	12	40.7	4	1.1	294
2024/05/14	22:06:02	40.59344	141.61324	16	33.3	3	3.0	277
2024/05/14	22:07:02	40.59621	141.61868	-0	33.3	3	3.0	274
2024/05/14	22:08:02	40.59857	141.62459	54	33.3	3	3.0	275
2024/05/14	22:09:01	40.59976	141.62806	2	14.8	3	3.0	281
2024/05/14	22:10:01	40.59998	141.63314	38	33.3	3	3.0	274
2024/05/14	22:11:01	40.59969	141.63867	0	25.9	4	1.1	291
2024/05/14	22:12:01	40.59646	141.64109	32	25.9	4	1.1	286
2024/05/14	22:13:01	40.59479	141.64525	2	25.9	4	1.1	285
2024/05/14	22:14:01	40.59165	141.64556	-0	33.3	3	3.2	290
2024/05/14	22:15:01	40.58879	141.64334	34	11.1	4	1.1	278
2024/05/14	22:16:01	40.58829	141.64311	-6	0.0	3	1.2	287
2024/05/14	22:17:02	40.58782	141.64244	14	11.1	4	1.1	309
2024/05/14	22:18:01	40.58609	141.64106	10	25.9	4	1.1	295
2024/05/14	22:19:01	40.58539	141.64325	10	18.5	4	1.1	288
2024/05/14	22:20:01	40.58375	141.63642	2	40.7	3	3.3	284
2024/05/14	22:21:02	40.58038	141.63050	0	37.0	2	2.4	289
2024/05/14	22:22:01	40.57732	141.62543	24	29.6	3	1.2	263
2024/05/14	22:23:01	40.57467	141.61899	74	37.0	3	3.3	290
2024/05/14	22:24:01	40.57528	141.61374	0	14.8	4	1.1	290
2024/05/14	22:25:02	40.57517	141.61378	2	0.0	4	1.1	288
2024/05/14	22:26:01	40.57513	141.61377	4	0.0	4	1.1	282
2024/05/14	22:27:01	40.57346	141.60933	20	48.2	4	1.1	282
2024/05/14	22:28:01	40.57886	141.60343	0	44.4	3	2.0	279
2024/05/14	22:29:01	40.58062	141.60530	-8	0.0	3	1.2	284
2024/05/14	22:30:02	40.57849	141.60137	20	44.4	3	4.0	288
2024/05/14	22:31:02	40.58070	141.59722	-4	48.2	3	2.0	286
2024/05/14	22:32:02	40.57885	141.58974	-4	33.3	2	3.0	290
2024/05/14	22:33:03	40.57555	141.58456	0	44.4	3	4.0	294
2024/05/14	22:34:02	40.57252	141.57796	0	33.3	2	3.0	291
2024/05/14	22:35:01	40.57021	141.57348	6	14.8	3	1.4	293
2024/05/14	22:36:02	40.56716	141.56856	2	33.3	2	3.0	279
2024/05/14	22:37:02	40.56338	141.56615	-2	33.3	2	3.0	292
2024/05/14	22:38:03	40.55918	141.56173	10	37.0	3	4.1	280
2024/05/14	22:39:03	40.55570	141.55504	22	40.7	3	4.1	277
2024/05/14	22:40:03	40.55152	141.55047	22	33.3	4	1.1	280
2024/05/14	22:41:01	40.55024	141.54976	2	0.0	4	1.1	284
2024/05/14	22:42:01	40.55016	141.54949	14	0.0	3	1.2	302
2024/05/14	22:43:02	40.55016	141.54972	18	0.0	4	1.1	295
2024/05/14	22:44:01	40.55018	141.54981	0	0.0	3	1.2	295
2024/05/14	22:45:01	40.55023	141.54974	2	0.0	3	1.2	298
2024/05/14	22:46:02	40.55024	141.54949	10	0.0	3	3.0	281
2024/05/14	22:47:02	40.55028	141.54974	2	0.0	3	3.0	286
2024/05/14	22:48:01	40.55020	141.54962	0	0.0	3	3.0	288
2024/05/14	22:49:02	40.55026	141.54944	-18	0.0	3	3.0	280
2024/05/14	22:50:03	40.55026	141.54961	4	0.0	3	3.0	293
2024/05/14	22:51:02	40.55022	141.54973	-0	0.0	3	3.0	296
2024/05/14	22:52:02	40.55024	141.54959	14	0.0	3	3.0	293
2024/05/14	22:53:03	40.55029	141.54952	-2	0.0	3	3.0	289
2024/05/14	22:54:02	40.55022	141.54970	-0	0.0	3	3.0	290
2024/05/14	22:55:09	40.55021	141.55008	6	7.4	3	3.0	277
2024/05/14	22:56:04	40.55027	141.54956	2	0.0	3	3.0	279
2024/05/14	22:57:04	40.55025	141.54947	-2	0.0	3	3.0	287
2024/05/14	22:58:02	40.55016	141.54983	0	3.7	3	3.0	286
2024/05/14	22:59:03	40.54970	141.54965	2	0.0	4	1.1	294
2024/05/14	23:00:01	40.54964	141.54960	22	0.0	3	1.2	294
2024/05/14	23:01:01	40.54965	141.54974	10	0.0	3	1.2	300
2024/05/14	23:02:03	40.54964	141.54970	12	0.0	3	1.2	278
2024/05/14	23:03:03	40.54967	141.54962	4	0.0	4	1.1	276
2024/05/14	23:04:02	40.54683	141.55009	0	25.9	4	1.1	284
2024/05/14	23:05:01	40.54358	141.55388	-2	33.3	4	1.1	286
2024/05/14	23:06:02	40.53918	141.55731	-2	29.6	3	1.3	284
2024/05/14	23:07:31	40.53906	141.55770	10	0.0	5	1.2	226
2024/05/14	23:08:00	40.53905	141.55771	10	0.0	3	1.4	169
2024/05/14	23:09:01	40.53915	141.55763	16	0.0	4	1.3	263
2024/05/14	23:10:01	40.53914	141.55773	0	0.0	4	1.2	262
2024/05/14	23:11:01	40.53906	141.55759	10	0.0	4	1.2	271
2024/05/14	23:12:01	40.53911	141.55772	-0	0.0	4	1.2	274
2024/05/14	23:13:00	40.53902	141.55760	22	0.0	3	1.4	239
2024/05/14	23:14:01	40.53903	141.55761	18	0.0	5	1.2	239
2024/05/14	23:15:01	40.53903	141.55755	-26	0.0	3	1.4	211
2024/05/14	23:16:01	40.53899	141.55755	-38	0.0	2	2.1	207
2024/05/14	23:17:01	40.53927	141.55751	18	3.7	3	1.4	211
2024/05/14	23:18:01	40.53914	141.55764	8	0.0	3	1.3	170
2024/05/14	23:19:01	40.53898	141.55756	0	0.0	4	1.3	227
2024/05/14	23:20:01	40.53903	141.55763	-4	0.0	4	1.3	268
2024/05/14	23:21:01	40.53911	141.55780	12	0.0	3	1.4	201
2024/05/14	23:22:01	40.53915	141.55771	-0	0.0	4	1.3	255
2024/05/14	23:23:01	40.53912	141.55765	-4	0.0	4	1.3	228
2024/05/14	23:24:01	40.53901	141.55771	18	0.0	3	1.4	274
2024/05/14	23:25:01	40.53907	141.55766	28	0.0	3	1.4	268
2024/05/14	23:26:00	40.53900	141.55765	4	0.0	3	1.4	179
2024/05/14	23:27:01	40.53897	141.55768	-28	0.0	3	1.3	270
2024/05/14	23:28:00	40.53899	141.55761	18	0.0	3	1.4	205
2024/05/14	23:29:00	40.53899	141.55746	56	0.0	3	1.3	231
2024/05/14	23:30:00	40.53911	141.55749	54	0.0	3	1.3	231
2024/05/14	23:31:00	40.53899	141.55756	54	0.0	3	1.4	211
2024/05/14	23:32:01	40.53905	141.55757	22	0.0	3	1.3	254
2024/05/14	23:33:01	40.53911	141.55772	12	0.0	3	1.3	279
2024/05/14	23:34:00	40.53908	141.55765	-0	0.0	3	1.3	187
2024/05/14	23:35:00	40.53911	141.55765	-8	0.0	3	1.3	211
2024/05/14	23:36:00	40.53913	141.55772	46	0.0	3	1.3	212
2024/05/14	23:37:00	40.53888	141.55762	0	0.0	3	1.3	214
2024/05/14	23:38:00	40.53908	141.55766	30	0.0	3	1.3	213
2024/05/14	23:39:00	40.53939	141.55763	58	0.0	3	1.3	241
2024/05/14	23:40:01	40.53888	141.55768	2	0.0	3	1.3	244
2024/05/14	23:41:01	40.53903	141.55755	34	0.0	3	1.3	215
2024/05/14	23:42:01	40.53903	141.55772	20	0.0	3	1.3	270
2024/05/14	23:43:01	40.53909	141.55755	20	0.0	3	1.3	240
2024/05/14	23:44:01	40.53906	141.55774	-14	0.0	3	1.3	244
2024/05/14	23:45:01	40.53914	141.55763	22	0.0	2	2.0	242
2024/05/14	23:46:01	40.53904	141.55768	-0	0.0	3	1.3	274
2024/05/14	23:47:01	40.53903	141.55771	-14	0.0	3	1.3	271
2024/05/14	23:48:01	40.53918	141.55769	46	0.0	3	1.3	273
2024/05/14	23:49:01	40.53900	141.55763	18	0.0	3	2.2	212
2024/05/14	23:50:01	40.53908	141.55759	0	0.0	3	1.3	247
2024/05/14	23:51:01	40.53921	141.55760	54	0.0	2	2.0	243
2024/05/14	23:52:02	40.53900	141.55764	18	0.0	3	1.3	233
2024/05/14	23:53:01	40.53909	141.55756	32	0.0	3	2.4	180
2024/05/14	23:54:01	40.53905	141.55756	36	0.0	2	1.3	207
2024/05/14	23:55:00	40.53903	141.55770	10	0.0	3	1.3	215
2024/05/14	23:56:00	40.53893	141.55765	-2	0.0	3	1.3	240
2024/05/14	23:57:00	40.53915	141.55762	10	0.0	3	1.3	244
2024/05/14	23:58:01	40.53892	141.55766	12	0.0	3	1.3	272
2024/05/14	23:59:02	40.53895	141.55771	-4	0.0	3	1.3	272
2024/05/15	00:00:01	40.53905	141.55767	4	0.0	3	1.3	240
2024/05/15	00:01:01	40.53907	141.55777	-12	0.0	3	1.3	260
2024/05/15	00:02:01	40.53911	141.55772	20	0.0	3	1.3	236
2024/05/15	00:03:01	40.53910	141.55772	8	0.0	3	1.3	239
2024/05/15	00:04:01	40.53902	141.55759	40	0.0	3	1.3	242
2024/05/15	00:05:01	40.53904	141.55762	8	0.0	3	1.3	218
2024/05/15	00:06:01	40.53923	141.55759	50	0.0	1	2.4	206
2024/05/15	00:07:01	40.53909	141.55767	-8	0.0	3	1.3	210
2024/05/15	00:08:01	40.53907	141.55762	-4	0.0	3	1.3	215
2024/05/15	00:09:01	40.53919	141.55767	4	0.0	3	1.3	268
2024/05/15	00:10:01	40.53889	141.55761	34	0.0	3	1.3	265
2024/05/15	00:11:01	40.53903	141.55766	2	0.0	3	1.3	224
2024/05/15	00:12:01	40.53905	141.55767	-8	0.0	3	1.3	276
2024/05/15	00:13:01	40.53908	141.55769	4	0.0	3	1.3	274
2024/05/15	00:14:01	40.53913	141.55761	-0	0.0	3	1.3	250
2024/05/15	00:15:01	40.53904	141.55767	26	0.0	3	1.3	272
2024/05/15	00:16:01	40.53901	141.55772	-10	0.0	3	1.3	242
2024/05/15	00:17:01	40.53902	141.55769	6	0.0	3	1.3	244
2024/05/15	00:18:01	40.53904	141.55780	6	0.0	3	1.3	237
2024/05/15	00:19:01	40.53906	141.55765	10	0.0	3	1.3	268
2024/05/15	00:20:01	40.53896	141.55774	14	0.0	3	1.2	235
2024/05/15	00:21:01	40.53908	141.55764	14	0.0	3	1.2	269
2024/05/15	00:22:01	40.53905	141.55767	10	0.0	3	1.2	267
2024/05/15	00:23:01	40.53911	141.55763	12	0.0	3	1.2	271
2024/05/15	00:24:01	40.53908	141.55771	10	0.0	3	1.2	239
2024/05/15	00:25:01	40.53902	141.55765	16	0.0	3	1.2	264
2024/05/15	00:26:01	40.53900	141.55765	14	0.0	3	1.2	270
2024/05/15	00:27:02	40.53903	141.55763	22	0.0	3	1.2	262
2024/05/15	00:28:02	40.53899	141.55759	22	0.0	3	1.2	265
2024/05/15	00:29:02	40.53907	141.55762	2	0.0	2	2.0	262
2024/05/15	00:30:02	40.53913	141.55768	10	0.0	3	1.2	260
2024/05/15	00:31:01	40.53901	141.55762	18	0.0	2	2.0	235
2024/05/15	00:32:02	40.53903	141.55764	18	0.0	3	1.3	254
2024/05/15	00:33:02	40.53901	141.55761	18	0.0	3	1.3	235
2024/05/15	00:34:01	40.53907	141.55764	22	0.0	3	1.3	265
2024/05/15	00:35:01	40.53905	141.55764	16	0.0	3	1.3	270
2024/05/15	00:36:00	40.53910	141.55766	44	0.0	3	1.3	213
2024/05/15	00:37:01	40.53912	141.55770	6	0.0	3	1.3	266
2024/05/15	00:38:01	40.53912	141.55761	18	0.0	3	1.3	269
2024/05/15	00:39:01	40.53914	141.55768	4	0.0	3	1.3	271
2024/05/15	00:40:01	40.53915	141.55772	12	0.0	3	1.3	272
2024/05/15	00:41:01	40.53902	141.55765	40	0.0	3	1.3	269
2024/05/15	00:42:01	40.53898	141.55773	6	0.0	3	1.3	263
2024/05/15	00:43:01	40.53919	141.55765	-2	0.0	3	1.3	273
2024/05/15	00:44:01	40.53903	141.55761	-8	0.0	3	1.3	264
2024/05/15	00:45:01	40.53910	141.55767	12	0.0	3	1.3	267
2024/05/15	00:46:02	40.53895	141.55772	4	0.0	2	2.3	267
2024/05/15	00:47:01	40.53900	141.55771	-10	0.0	3	1.3	268
2024/05/15	00:48:02	40.53904	141.55772	10	0.0	3	1.3	268
2024/05/15	00:49:02	40.53896	141.55771	2	0.0	3	1.3	278
2024/05/15	00:50:01	40.53909	141.55757	-4	0.0	3	1.3	272
2024/05/15	00:51:00	40.53914	141.55758	0	0.0	3	1.3	246
2024/05/15	00:52:04	40.53898	141.55779	-2	0.0	2	2.4	272
2024/05/15	00:53:03	40.53891	141.55777	32	0.0	3	1.4	266
2024/05/15	00:54:01	40.53902	141.55764	32	0.0	3	1.3	269
2024/05/15	00:55:02	40.53906	141.55768	12	0.0	3	1.3	272
2024/05/15	00:56:02	40.53908	141.55762	0	0.0	3	1.3	259
2024/05/15	00:57:02	40.53909	141.55767	22	0.0	3	1.3	264
2024/05/15	00:58:01	40.53903	141.55770	14	0.0	2	3.0	241
2024/05/15	00:59:03	40.53901	141.55771	6	0.0	1	11.3	230
2024/05/15	01:00:06	40.53913	141.55769	-2	0.0	3	2.3	270
2024/05/15	01:01:04	40.53916	141.55768	-18	0.0	3	2.3	282
2024/05/15	01:02:04	40.53929	141.55762	-10	0.0	3	2.3	285
2024/05/15	01:03:05	40.53897	141.55771	26	0.0	3	2.3	278
2024/05/15	01:04:06	40.53902	141.55767	10	0.0	3	2.3	279
2024/05/15	01:05:04	40.53929	141.55763	-20	3.7	3	2.4	280
2024/05/15	01:06:04	40.53908	141.55769	14	0.0	3	2.4	289
2024/05/15	01:07:08	40.53919	141.55764	12	0.0	3	2.4	261
2024/05/15	01:08:06	40.53912	141.55765	2	0.0	3	2.4	273
2024/05/15	01:09:04	40.53907	141.55767	38	0.0	3	2.4	273
2024/05/15	01:10:04	40.53912	141.55767	-26	3.7	3	2.4	280
2024/05/15	01:11:04	40.53921	141.55766	-50	14.8	3	2.4	270
2024/05/15	01:12:03	40.53920	141.55761	2	0.0	3	2.4	277
2024/05/15	01:13:11	40.53907	141.55767	0	11.1	3	2.4	266
2024/05/15	01:14:07	40.53910	141.55769	2	0.0	3	2.4	275
2024/05/15	01:15:08	40.53916	141.55768	-2	3.7	3	2.4	271
2024/05/15	01:16:08	40.53917	141.55766	-12	0.0	3	3.0	270
2024/05/15	01:17:10	40.53918	141.55761	2	7.4	3	3.0	278
2024/05/15	01:18:32	40.53908	141.55770	8	0.0	7	1.1	286
2024/05/15	01:19:01	40.53905	141.55777	2	0.0	6	2.4	291
2024/05/15	01:20:01	40.53921	141.55764	28	0.0	6	2.4	293
2024/05/15	01:21:01	40.53919	141.55765	26	0.0	7	1.4	289
2024/05/15	01:22:01	40.53905	141.55753	20	0.0	7	3.0	298
2024/05/15	01:23:01	40.53911	141.55768	14	0.0	7	1.1	276
2024/05/15	01:24:00	40.53895	141.55776	-8	0.0	6	2.1	265
2024/05/15	01:25:01	40.53898	141.55772	0	0.0	7	1.1	295
2024/05/15	01:26:01	40.53897	141.55787	-18	0.0	7	1.3	297
2024/05/15	01:27:01	40.53900	141.55811	-38	0.0	7	3.0	298
2024/05/15	01:28:00	40.53914	141.55742	40	3.7	6	2.4	299
2024/05/15	01:29:02	40.53906	141.55771	-4	0.0	6	1.3	292
2024/05/15	01:30:00	40.53909	141.55760	22	0.0	6	2.4	260
2024/05/15	01:31:00	40.53904	141.55767	4	0.0	6	2.4	297
2024/05/15	01:32:00	40.53915	141.55731	56	0.0	7	2.4	295
2024/05/15	01:33:00	40.53901	141.55766	4	0.0	7	1.0	298
2024/05/15	01:34:00	40.53905	141.55768	12	0.0	7	1.0	299
2024/05/15	01:35:00	40.53911	141.55781	-2	0.0	6	2.4	275
2024/05/15	01:36:00	40.53908	141.55762	14	0.0	7	1.2	292
2024/05/15	01:37:00	40.53905	141.55789	-2	3.7	6	2.4	304
2024/05/15	01:38:00	40.53916	141.55739	50	0.0	6	2.4	293
2024/05/15	01:39:00	40.53904	141.55758	14	0.0	6	1.2	297
2024/05/15	01:40:01	40.53913	141.55758	22	0.0	7	1.2	306
2024/05/15	01:41:01	40.53908	141.55758	16	0.0	7	1.2	309
2024/05/15	01:42:01	40.53914	141.55766	-4	0.0	6	1.3	303
2024/05/15	01:43:01	40.53902	141.55769	0	0.0	7	1.2	299
2024/05/15	01:44:01	40.53906	141.55801	-22	0.0	6	3.1	299
2024/05/15	01:45:01	40.53913	141.55763	10	0.0	6	1.2	299
2024/05/15	01:46:00	40.53909	141.55761	8	0.0	7	1.1	274
2024/05/15	01:47:00	40.53906	141.55762	26	0.0	6	2.3	306
2024/05/15	01:48:00	40.53913	141.55756	18	0.0	6	2.3	273
2024/05/15	01:49:00	40.53899	141.55779	-10	0.0	7	1.1	298
2024/05/15	01:50:01	40.53910	141.55780	-2	0.0	7	1.1	269
2024/05/15	01:51:00	40.53916	141.55819	-44	0.0	5	2.4	240
2024/05/15	01:52:03	40.53900	141.55764	8	0.0	6	1.2	256
2024/05/15	01:58:10	40.53900	141.55738	4	0.0	5	1.2	163
2024/05/15	02:04:38	40.53907	141.55743	12	0.0	7	1.1	210
2024/05/15	02:05:02	40.53896	141.55750	-8	0.0	3	3.2	217
2024/05/15	02:06:05	40.53905	141.55736	0	0.0	7	1.2	206
2024/05/15	02:07:04	40.53907	141.55745	10	0.0	4	2.1	161
2024/05/15	02:08:01	40.53927	141.55750	-6	0.0	5	3.2	192
2024/05/15	02:09:06	40.53879	141.55725	4	7.4	3	2.3	142
2024/05/15	02:10:04	40.53874	141.55714	-6	0.0	2	4.1	140
2024/05/15	02:11:05	40.53854	141.55705	0	0.0	4	3.2	181
2024/05/15	02:12:07	40.53825	141.55686	22	3.7	3	1.4	137
2024/05/15	02:13:03	40.53903	141.55753	48	14.8	3	4.2	133
2024/05/15	02:14:03	40.53813	141.55791	-22	3.7	3	4.2	203
2024/05/15	02:15:06	40.53785	141.55855	-4	3.7	7	1.1	215
2024/05/15	02:16:03	40.53775	141.55934	4	3.7	5	1.1	198
2024/05/15	02:17:04	40.53749	141.55979	6	0.0	4	11.0	155
2024/05/15	02:18:04	40.53761	141.55980	-12	0.0	4	5.3	156
2024/05/15	02:19:01	40.53864	141.55975	70	0.0	3	13.3	165
2024/05/15	02:20:03	40.53732	141.55972	-18	0.0	3	6.1	161
2024/05/15	02:21:04	40.53760	141.55973	-20	3.7	4	6.1	153
2024/05/15	02:22:03	40.53765	141.55968	4	0.0	3	6.2	155
2024/05/15	02:28:22	40.53729	141.55973	20	0.0	5	1.3	163
2024/05/15	02:29:02	40.53673	141.55993	-32	11.1	3	7.4	123
2024/05/15	02:30:11	40.53740	141.55975	16	0.0	5	1.4	139
2024/05/15	02:31:03	40.53733	141.55976	18	3.7	3	3.0	191
2024/05/15	02:32:05	40.53689	141.55969	-20	3.7	3	8.3	104
2024/05/15	02:33:04	40.53703	141.55985	-40	7.4	3	5.1	124
2024/05/15	02:34:07	40.53447	141.55695	-4	48.2	3	1.4	84
2024/05/15	02:35:13	40.53173	141.55615	38	0.0	4	1.2	154
2024/05/15	02:36:12	40.53114	141.55739	12	7.4	4	1.2	145
2024/05/15	02:37:08	40.52681	141.55302	14	40.7	4	1.3	154
2024/05/15	02:38:13	40.52286	141.54921	10	0.0	5	1.2	135
2024/05/15	02:39:04	40.52115	141.54608	-16	25.9	4	2.3	188
2024/05/15	02:53:52	40.50734	141.54548	54	3.7	3	7.3	78
2024/05/15	02:54:43	40.50737	141.54548	76	0.0	3	7.1	72
2024/05/15	02:55:25	40.50729	141.54547	18	0.0	3	1.4	80
2024/05/15	02:56:39	40.50746	141.54464	-122	0.0	3	2.3	83
2024/05/15	02:57:26	40.50737	141.54527	26	0.0	4	1.4	104
2024/05/15	02:58:06	40.50660	141.54442	66	44.4	4	1.4	97
2024/05/15	02:59:21	40.50529	141.54226	66	0.0	4	1.4	129
2024/05/15	03:00:20	40.50529	141.54222	58	3.7	5	1.3	159
2024/05/15	03:01:04	40.50581	141.54244	112	3.7	4	4.3	117
2024/05/15	03:13:23	40.50518	141.54240	22	7.4	4	1.3	105
2024/05/15	03:21:30	40.50537	141.54258	16	7.4	4	1.3	116
2024/05/15	03:29:04	40.50505	141.54251	70	0.0	3	2.3	88
2024/05/15	07:24:42	40.50471	141.54322	132	0.0	4	2.2	115
2024/05/15	07:25:47	40.50521	141.54263	58	0.0	4	2.2	123
2024/05/15	07:26:50	40.50516	141.54286	98	0.0	3	2.2	134
2024/05/15	07:27:29	40.50499	141.54296	94	0.0	2	2.2	100
2024/05/15	07:28:07	40.50554	141.54219	-12	0.0	3	11.1	96
2024/05/15	07:29:53	40.50470	141.54324	138	0.0	4	2.1	117
2024/05/15	07:30:07	40.50425	141.54361	154	0.0	2	6.4	93
2024/05/15	07:31:11	40.50547	141.54230	4	22.2	3	9.2	112
2024/05/15	07:33:33	40.50533	141.54251	20	7.4	4	2.1	134
2024/05/15	07:34:53	40.50525	141.54262	70	0.0	3	2.2	112
2024/05/15	07:35:03	40.50519	141.54263	4	0.0	3	2.2	112
