2024/05/09	05:26:06	40.53883	141.55712	28	0.0	3	4.1	166
2024/05/09	05:27:02	40.53881	141.55716	34	0.0	3	4.1	164
2024/05/09	05:28:02	40.53885	141.55718	16	0.0	3	4.1	163
2024/05/09	05:29:01	40.53880	141.55709	32	0.0	3	4.1	160
2024/05/09	05:30:01	40.53886	141.55710	26	0.0	3	4.1	163
2024/05/09	05:31:01	40.53883	141.55710	32	0.0	3	4.1	160
2024/05/09	05:32:29	40.53881	141.55702	52	3.7	3	4.1	130
2024/05/09	05:33:03	40.53880	141.55713	16	0.0	2	7.3	178
2024/05/09	05:39:28	40.53881	141.55725	18	0.0	3	4.0	201
2024/05/09	05:40:01	40.53883	141.55733	4	0.0	3	4.0	148
2024/05/09	05:41:02	40.53897	141.55749	-18	0.0	3	4.0	150
2024/05/09	05:42:01	40.53902	141.55756	-48	0.0	2	9.4	149
2024/05/09	05:43:01	40.53916	141.55796	-92	0.0	2	10.0	151
2024/05/09	05:44:01	40.53866	141.55679	80	3.7	2	10.2	155
2024/05/09	05:45:01	40.53881	141.55713	40	0.0	2	10.3	150
2024/05/09	05:46:02	40.53889	141.55746	-10	0.0	2	11.0	142
2024/05/09	05:47:02	40.53882	141.55719	12	0.0	2	11.2	146
2024/05/09	05:48:02	40.53872	141.55702	56	0.0	2	11.4	145
2024/05/09	05:49:02	40.53907	141.55794	-70	0.0	2	13.0	123
2024/05/09	05:50:03	40.53885	141.55737	-2	0.0	2	12.3	150
2024/05/09	05:51:02	40.53892	141.55737	6	0.0	2	13.0	127
2024/05/09	05:52:02	40.53848	141.55676	100	0.0	2	13.2	121
2024/05/09	05:53:02	40.53880	141.55721	24	0.0	2	14.0	125
2024/05/09	05:54:02	40.53889	141.55750	-16	0.0	2	14.3	123
2024/05/09	05:55:02	40.53854	141.55642	98	3.7	2	15.0	122
2024/05/09	05:56:02	40.53824	141.55594	164	0.0	2	15.3	123
2024/05/09	05:57:03	40.53877	141.55709	26	0.0	2	16.1	124
2024/05/09	05:58:01	40.53909	141.55816	-92	0.0	2	16.4	124
2024/05/09	05:59:03	40.53890	141.55738	-4	0.0	2	17.2	123
2024/05/09	06:00:31	40.53881	141.55727	12	0.0	4	2.2	150
2024/05/09	06:01:01	40.53874	141.55717	50	0.0	3	2.3	149
2024/05/09	06:02:01	40.53879	141.55724	18	0.0	4	2.2	147
2024/05/09	06:03:00	40.53874	141.55732	34	0.0	4	2.2	158
2024/05/09	06:04:00	40.53880	141.55710	8	0.0	3	2.3	153
2024/05/09	06:05:00	40.53886	141.55736	18	0.0	3	2.3	128
2024/05/09	06:06:01	40.53882	141.55734	20	0.0	4	2.2	152
2024/05/09	06:07:00	40.53865	141.55714	34	0.0	3	2.3	153
2024/05/09	06:08:00	40.53867	141.55726	14	0.0	4	2.2	156
2024/05/09	06:09:00	40.53886	141.55729	0	0.0	3	2.3	129
2024/05/09	06:10:01	40.53871	141.55717	30	0.0	4	2.2	152
2024/05/09	06:11:00	40.53894	141.55743	-10	0.0	4	2.3	152
2024/05/09	06:12:00	40.53883	141.55716	8	0.0	3	2.3	149
2024/05/09	06:13:01	40.53881	141.55725	4	0.0	4	2.2	152
2024/05/09	06:14:01	40.53883	141.55734	22	0.0	4	2.2	153
2024/05/09	06:15:01	40.53882	141.55716	8	0.0	4	2.2	154
2024/05/09	06:16:00	40.53888	141.55726	-8	0.0	4	2.2	152
2024/05/09	06:17:01	40.53883	141.55739	14	0.0	4	2.2	151
2024/05/09	06:18:00	40.53882	141.55736	-2	0.0	3	2.4	123
2024/05/09	06:19:00	40.53845	141.55673	94	0.0	4	2.2	150
2024/05/09	06:20:01	40.53870	141.55706	26	0.0	4	2.2	152
2024/05/09	06:21:00	40.53905	141.55750	-8	0.0	4	2.3	157
2024/05/09	06:22:00	40.53884	141.55737	12	0.0	4	2.2	156
2024/05/09	06:23:00	40.53883	141.55735	2	0.0	4	2.2	156
2024/05/09	06:24:00	40.53859	141.55724	20	0.0	3	2.3	158
2024/05/09	06:25:01	40.53881	141.55722	18	0.0	4	2.2	154
2024/05/09	06:26:01	40.53865	141.55717	72	0.0	4	2.2	150
2024/05/09	06:27:01	40.53884	141.55725	14	0.0	4	2.2	157
2024/05/09	06:28:00	40.53884	141.55723	-6	0.0	3	2.2	156
2024/05/09	06:29:00	40.53870	141.55711	14	0.0	3	2.3	131
2024/05/09	06:30:00	40.53872	141.55749	60	3.7	3	2.3	129
2024/05/09	06:31:00	40.53896	141.55776	-38	0.0	3	2.3	128
2024/05/09	06:32:00	40.53862	141.55703	44	0.0	3	2.2	128
2024/05/09	06:33:01	40.53889	141.55731	-0	0.0	3	2.2	150
2024/05/09	06:34:01	40.53872	141.55699	38	0.0	3	2.2	126
2024/05/09	06:35:01	40.53872	141.55716	38	0.0	3	2.3	147
2024/05/09	06:36:00	40.53884	141.55753	16	0.0	3	2.3	130
2024/05/09	06:37:00	40.53918	141.55748	-46	0.0	3	2.3	127
2024/05/09	06:38:01	40.53875	141.55727	22	0.0	3	2.2	149
2024/05/09	06:39:01	40.53892	141.55740	-10	0.0	3	2.3	115
2024/05/09	06:40:00	40.53903	141.55720	-26	0.0	3	2.2	126
2024/05/09	06:41:01	40.53875	141.55734	40	0.0	3	2.2	120
2024/05/09	06:42:02	40.53886	141.55721	-2	0.0	3	2.2	136
2024/05/09	06:43:02	40.53877	141.55719	10	0.0	3	2.2	120
2024/05/09	06:44:02	40.53886	141.55735	2	0.0	3	2.2	124
2024/05/09	06:45:01	40.53877	141.55741	28	0.0	3	2.2	120
2024/05/09	06:46:01	40.53885	141.55719	4	0.0	3	2.2	121
2024/05/09	06:47:00	40.53881	141.55717	20	0.0	3	2.2	123
2024/05/09	06:48:01	40.53894	141.55738	-24	0.0	3	2.2	120
2024/05/09	06:49:01	40.53883	141.55715	8	0.0	3	2.2	123
2024/05/09	06:50:01	40.53885	141.55739	8	0.0	3	2.2	122
2024/05/09	06:51:01	40.53882	141.55726	20	0.0	3	2.2	125
2024/05/09	06:52:01	40.53879	141.55736	6	0.0	3	2.2	124
2024/05/09	06:53:01	40.53879	141.55730	18	0.0	3	2.2	125
2024/05/09	06:54:01	40.53875	141.55730	4	0.0	3	3.0	123
2024/05/09	06:55:02	40.53884	141.55710	-62	0.0	3	3.0	126
2024/05/09	06:56:02	40.53876	141.55745	36	0.0	3	3.0	129
2024/05/09	06:57:02	40.53878	141.55704	0	0.0	3	3.0	125
2024/05/09	06:58:02	40.53885	141.55743	16	0.0	3	2.2	126
2024/05/09	06:59:02	40.53876	141.55740	24	0.0	3	2.3	123
2024/05/09	07:00:02	40.53879	141.55715	10	0.0	3	3.0	129
2024/05/09	07:01:01	40.53897	141.55717	-68	0.0	3	3.0	128
2024/05/09	07:02:01	40.53895	141.55724	-82	0.0	3	3.0	128
2024/05/09	07:03:01	40.53894	141.55741	-54	0.0	3	3.0	127
2024/05/09	07:04:02	40.53872	141.55714	32	0.0	3	3.0	121
2024/05/09	07:05:02	40.53887	141.55734	2	0.0	3	3.1	122
2024/05/09	07:06:02	40.53898	141.55738	-22	0.0	3	3.2	122
2024/05/09	07:07:01	40.53876	141.55735	34	0.0	3	3.1	124
2024/05/09	07:08:01	40.53890	141.55749	36	0.0	2	3.4	126
2024/05/09	07:09:02	40.53885	141.55722	14	0.0	3	3.1	128
2024/05/09	07:10:02	40.53886	141.55723	24	0.0	3	3.1	128
2024/05/09	07:11:01	40.53891	141.55731	-36	0.0	3	3.2	127
2024/05/09	07:12:01	40.53887	141.55721	-8	0.0	3	3.2	121
2024/05/09	07:13:02	40.53888	141.55743	-38	0.0	2	4.0	99
2024/05/09	07:19:25	40.53879	141.55725	22	0.0	3	4.0	142
2024/05/09	07:20:02	40.53868	141.55726	52	0.0	3	4.0	124
2024/05/09	07:21:02	40.53878	141.55746	4	0.0	3	4.0	128
2024/05/09	07:22:01	40.53872	141.55740	26	0.0	2	5.0	123
2024/05/09	07:23:02	40.53873	141.55727	62	0.0	3	4.1	125
2024/05/09	07:24:02	40.53889	141.55720	-12	0.0	3	4.2	124
2024/05/09	07:25:02	40.53889	141.55717	-10	0.0	3	4.3	124
2024/05/09	07:26:01	40.53892	141.55707	-10	0.0	2	5.4	120
2024/05/09	07:27:02	40.53886	141.55722	-6	0.0	3	4.4	120
2024/05/09	07:28:02	40.53880	141.55730	16	0.0	2	6.1	115
2024/05/09	07:29:01	40.53882	141.55717	42	0.0	2	6.3	94
2024/05/09	07:30:02	40.53875	141.55732	76	0.0	2	6.4	152
2024/05/09	07:31:02	40.53869	141.55744	54	0.0	2	7.1	119
2024/05/09	07:32:01	40.53882	141.55752	-18	0.0	2	7.3	93
2024/05/09	07:33:31	40.53881	141.55728	20	0.0	4	1.4	173
2024/05/09	07:34:01	40.53890	141.55733	28	0.0	3	2.0	146
2024/05/09	07:35:01	40.53885	141.55729	-2	0.0	3	2.0	127
2024/05/09	07:36:00	40.53871	141.55722	-4	0.0	3	2.0	126
2024/05/09	07:37:00	40.53874	141.55719	28	0.0	3	2.0	126
2024/05/09	07:38:01	40.53882	141.55730	14	0.0	3	2.0	149
2024/05/09	07:39:01	40.53881	141.55742	0	0.0	3	2.0	116
2024/05/09	07:40:01	40.53883	141.55715	2	0.0	3	2.0	125
2024/05/09	07:41:01	40.53885	141.55734	28	0.0	3	2.0	153
2024/05/09	07:42:01	40.53880	141.55721	12	0.0	3	2.0	126
2024/05/09	07:43:01	40.53903	141.55734	-36	0.0	3	2.0	155
2024/05/09	07:44:00	40.53867	141.55720	24	0.0	3	2.0	124
2024/05/09	07:45:00	40.53876	141.55734	26	3.7	3	2.0	124
2024/05/09	07:46:00	40.53875	141.55715	62	0.0	3	2.0	120
2024/05/09	07:47:00	40.53875	141.55724	50	0.0	3	2.0	126
2024/05/09	07:48:00	40.53869	141.55713	50	0.0	3	2.0	128
2024/05/09	07:49:01	40.53864	141.55714	96	0.0	3	2.0	127
2024/05/09	07:50:01	40.53883	141.55712	18	0.0	3	2.0	123
2024/05/09	07:51:01	40.53845	141.55726	-78	0.0	2	6.0	117
2024/05/09	07:52:02	40.53876	141.55720	36	0.0	3	2.0	155
2024/05/09	07:53:02	40.53876	141.55721	32	0.0	3	2.0	125
2024/05/09	07:54:01	40.53880	141.55718	50	0.0	3	2.0	124
2024/05/09	07:55:01	40.53873	141.55725	24	0.0	3	2.0	121
2024/05/09	07:56:01	40.53887	141.55729	16	0.0	3	2.0	124
2024/05/09	07:57:01	40.53876	141.55727	-26	0.0	3	2.0	121
2024/05/09	07:58:02	40.53886	141.55738	6	0.0	3	2.0	117
2024/05/09	07:59:01	40.53895	141.55720	20	0.0	3	2.0	121
2024/05/09	08:00:01	40.53876	141.55729	2	0.0	3	2.0	123
2024/05/09	08:01:01	40.53883	141.55718	-6	0.0	3	2.0	119
2024/05/09	08:02:02	40.53887	141.55724	14	0.0	3	2.0	118
2024/05/09	08:03:02	40.53884	141.55724	20	0.0	3	2.0	123
2024/05/09	08:04:02	40.53883	141.55720	-0	0.0	3	2.0	123
2024/05/09	08:05:01	40.53877	141.55732	16	0.0	3	2.0	125
2024/05/09	08:06:02	40.53871	141.55726	30	0.0	3	2.0	153
2024/05/09	08:07:02	40.53874	141.55731	30	0.0	3	2.0	144
2024/05/09	08:08:04	40.53876	141.55710	32	0.0	3	2.2	118
2024/05/09	08:09:03	40.53877	141.55727	32	0.0	3	2.0	112
2024/05/09	08:10:01	40.53881	141.55716	20	0.0	3	2.0	151
2024/05/09	08:11:01	40.53886	141.55735	8	0.0	3	2.0	118
2024/05/09	08:12:02	40.53886	141.55723	22	0.0	3	2.0	123
2024/05/09	08:13:01	40.53869	141.55740	34	0.0	3	2.0	122
2024/05/09	08:14:01	40.53874	141.55728	32	0.0	3	2.1	118
2024/05/09	08:15:01	40.53877	141.55730	34	0.0	3	2.1	123
2024/05/09	08:16:01	40.53877	141.55721	8	0.0	3	2.1	150
2024/05/09	08:17:01	40.53872	141.55725	20	0.0	3	2.1	121
2024/05/09	08:18:01	40.53883	141.55736	20	0.0	3	2.1	122
2024/05/09	08:19:01	40.53881	141.55720	22	0.0	3	2.1	119
2024/05/09	08:20:01	40.53877	141.55733	6	0.0	3	2.1	124
2024/05/09	08:21:00	40.53885	141.55730	40	0.0	3	2.1	126
2024/05/09	08:22:01	40.53886	141.55727	2	0.0	3	2.1	123
2024/05/09	08:23:01	40.53879	141.55718	12	0.0	3	2.1	124
2024/05/09	08:24:01	40.53873	141.55722	10	0.0	3	2.1	151
2024/05/09	08:25:02	40.53880	141.55724	30	0.0	3	2.1	158
2024/05/09	08:26:02	40.53886	141.55719	26	0.0	3	2.1	155
2024/05/09	08:27:01	40.53881	141.55733	54	0.0	2	8.0	120
2024/05/09	08:28:02	40.53881	141.55711	24	0.0	3	2.1	119
2024/05/09	08:29:02	40.53885	141.55729	36	0.0	3	2.1	151
2024/05/09	08:30:02	40.53864	141.55713	-28	0.0	2	7.4	149
2024/05/09	08:31:02	40.53862	141.55695	-90	0.0	2	7.4	116
2024/05/09	08:32:02	40.53866	141.55688	-26	0.0	2	7.4	117
2024/05/09	08:33:02	40.53887	141.55740	46	0.0	2	7.3	117
2024/05/09	08:34:02	40.53878	141.55727	10	0.0	2	7.3	114
2024/05/09	08:35:02	40.53886	141.55755	58	0.0	2	7.3	145
2024/05/09	08:36:02	40.53868	141.55718	-14	0.0	2	7.2	111
2024/05/09	08:37:02	40.53869	141.55689	-56	0.0	2	7.2	91
2024/05/09	08:38:01	40.53878	141.55735	22	0.0	2	7.1	92
2024/05/09	08:39:03	40.53879	141.55726	36	0.0	2	7.1	90
2024/05/09	08:40:31	40.53882	141.55733	30	0.0	3	2.2	140
2024/05/09	08:41:01	40.53878	141.55721	6	0.0	2	7.0	93
2024/05/09	08:42:02	40.53875	141.55716	8	0.0	2	7.0	126
2024/05/09	08:43:01	40.53868	141.55705	-24	0.0	2	7.0	93
2024/05/09	08:44:01	40.53872	141.55710	-10	0.0	2	6.4	92
2024/05/09	08:45:01	40.53869	141.55741	34	0.0	2	6.4	92
2024/05/09	08:46:01	40.53891	141.55742	58	0.0	2	6.4	90
2024/05/09	08:47:02	40.53874	141.55724	-2	0.0	2	6.3	89
2024/05/09	08:48:02	40.53883	141.55723	4	0.0	2	6.3	89
2024/05/09	08:49:01	40.53887	141.55710	-4	0.0	2	6.3	91
2024/05/09	08:50:01	40.53873	141.55677	-70	0.0	2	6.2	92
2024/05/09	08:51:31	40.53879	141.55725	14	0.0	3	1.4	150
2024/05/09	08:52:01	40.53881	141.55730	10	0.0	3	1.4	150
2024/05/09	08:53:01	40.53868	141.55721	-14	0.0	3	1.4	152
2024/05/09	08:54:00	40.53865	141.55729	-0	0.0	3	1.4	154
2024/05/09	08:55:00	40.53866	141.55719	16	0.0	3	1.4	156
2024/05/09	08:56:01	40.53882	141.55728	24	0.0	3	1.4	152
2024/05/09	08:57:00	40.53888	141.55726	42	0.0	3	1.4	156
2024/05/09	08:58:01	40.53889	141.55729	24	0.0	3	1.4	150
2024/05/09	08:59:01	40.53879	141.55726	24	0.0	3	1.4	153
2024/05/09	09:00:01	40.53883	141.55725	14	0.0	3	1.4	149
2024/05/09	09:01:00	40.53865	141.55730	-4	0.0	3	1.4	149
2024/05/09	09:02:01	40.53877	141.55716	20	0.0	3	1.4	150
2024/05/09	09:03:00	40.53875	141.55727	22	0.0	3	1.4	153
2024/05/09	09:04:01	40.53883	141.55728	12	0.0	3	1.4	151
2024/05/09	09:05:00	40.53880	141.55720	26	0.0	3	1.4	148
2024/05/09	09:06:00	40.53886	141.55722	28	0.0	3	1.4	153
2024/05/09	09:07:01	40.53905	141.55750	2	0.0	2	4.0	141
2024/05/09	09:08:01	40.53873	141.55720	16	0.0	3	1.4	150
2024/05/09	09:09:01	40.53885	141.55729	6	0.0	2	4.0	150
2024/05/09	09:10:01	40.53863	141.55720	-28	0.0	3	1.3	166
2024/05/09	09:11:00	40.53883	141.55728	30	0.0	3	1.3	152
2024/05/09	09:12:00	40.53884	141.55725	10	0.0	3	1.3	153
2024/05/09	09:13:00	40.53878	141.55724	28	0.0	3	1.3	151
2024/05/09	09:14:01	40.53867	141.55727	-4	0.0	3	1.3	150
2024/05/09	09:15:01	40.53887	141.55721	28	0.0	3	1.3	166
2024/05/09	09:16:01	40.53883	141.55729	22	0.0	3	1.3	151
2024/05/09	09:17:00	40.53881	141.55729	-4	0.0	3	1.4	152
2024/05/09	09:18:01	40.53889	141.55735	20	0.0	3	1.4	151
2024/05/09	09:19:01	40.53881	141.55721	40	0.0	3	1.4	150
2024/05/09	09:20:00	40.53883	141.55728	4	0.0	3	1.4	153
2024/05/09	09:21:01	40.53905	141.55759	-8	0.0	1	8.0	140
2024/05/09	09:22:08	40.53881	141.55721	6	0.0	3	1.4	131
2024/05/09	09:23:01	40.53883	141.55619	242	0.0	1	7.3	138
2024/05/09	09:24:01	40.53841	141.55727	-40	0.0	1	7.2	141
2024/05/09	09:25:01	40.53855	141.55740	-50	0.0	1	7.2	139
2024/05/09	09:26:02	40.53873	141.55709	28	0.0	1	7.1	141
2024/05/09	09:27:01	40.53877	141.55718	44	0.0	1	7.0	118
2024/05/09	09:28:02	40.53856	141.55758	-100	0.0	1	7.0	109
2024/05/09	09:29:02	40.53872	141.55720	6	0.0	1	6.4	117
2024/05/09	09:30:03	40.53911	141.55690	154	0.0	1	6.3	149
2024/05/09	09:31:02	40.53869	141.55724	-4	0.0	1	6.3	128
2024/05/09	09:32:02	40.53864	141.55695	26	0.0	1	6.2	136
2024/05/09	09:33:02	40.53884	141.55724	42	0.0	1	6.2	116
2024/05/09	09:34:02	40.53882	141.55746	-28	0.0	1	6.1	116
2024/05/09	09:35:02	40.53881	141.55754	-66	0.0	1	6.1	92
2024/05/09	09:36:02	40.53875	141.55702	62	0.0	1	6.1	116
2024/05/09	09:37:01	40.53875	141.55703	56	0.0	1	6.0	92
2024/05/09	09:38:02	40.53868	141.55701	44	0.0	1	6.0	115
2024/05/09	09:39:01	40.53899	141.55727	86	0.0	1	6.0	92
2024/05/09	09:40:03	40.53886	141.55668	146	0.0	1	5.4	82
2024/05/09	09:41:02	40.53879	141.55730	8	0.0	1	5.4	148
2024/05/09	09:42:01	40.53866	141.55693	24	0.0	1	5.4	93
2024/05/09	09:43:02	40.53866	141.55696	28	0.0	1	5.3	90
2024/05/09	09:44:02	40.53865	141.55714	-8	0.0	1	5.3	115
2024/05/09	09:45:01	40.53881	141.55744	-76	0.0	1	5.3	92
2024/05/09	09:46:01	40.53865	141.55725	-26	0.0	1	5.3	93
2024/05/09	09:47:01	40.53883	141.55754	-56	0.0	1	5.3	89
2024/05/09	09:48:01	40.53910	141.55762	50	0.0	1	5.2	90
2024/05/09	09:49:01	40.53874	141.55746	-76	0.0	1	5.2	92
2024/05/09	09:50:01	40.53871	141.55712	-54	0.0	1	5.2	87
2024/05/09	09:51:02	40.53881	141.55698	138	0.0	1	5.2	83
2024/05/09	09:52:01	40.53893	141.55765	-46	0.0	1	5.2	116
2024/05/09	09:53:03	40.53861	141.55678	48	0.0	1	5.2	92
2024/05/09	09:54:01	40.53887	141.55740	14	0.0	1	5.1	89
2024/05/09	09:55:01	40.53883	141.55707	22	0.0	1	5.1	91
2024/05/09	09:56:01	40.53864	141.55710	0	0.0	1	5.1	93
2024/05/09	09:57:01	40.53880	141.55713	48	0.0	1	5.1	123
2024/05/09	09:58:01	40.53900	141.55740	136	0.0	1	5.1	125
2024/05/09	09:59:01	40.53894	141.55741	34	0.0	1	5.1	122
2024/05/09	10:00:31	40.53882	141.55739	-48	0.0	3	5.2	209
2024/05/09	10:01:05	40.53876	141.55722	110	0.0	3	5.0	148
2024/05/09	10:02:02	40.53880	141.55739	-66	0.0	3	4.4	159
2024/05/09	10:03:30	40.53879	141.55722	28	0.0	3	4.1	188
2024/05/09	10:04:00	40.53880	141.55720	20	0.0	4	2.4	162
2024/05/09	10:05:01	40.53886	141.55715	6	0.0	4	2.3	154
2024/05/09	10:06:01	40.53881	141.55730	4	0.0	4	2.3	154
2024/05/09	10:07:00	40.53868	141.55707	38	0.0	4	2.3	159
2024/05/09	10:08:01	40.53884	141.55744	-2	0.0	4	2.3	144
2024/05/09	10:09:00	40.53866	141.55739	-14	0.0	4	2.3	158
2024/05/09	10:10:00	40.53874	141.55699	64	0.0	4	2.3	156
2024/05/09	10:11:01	40.53875	141.55715	48	0.0	4	2.3	150
2024/05/09	10:12:01	40.53874	141.55735	12	0.0	4	2.2	155
2024/05/09	10:13:01	40.53871	141.55714	46	0.0	4	2.2	158
2024/05/09	10:14:01	40.53882	141.55733	16	0.0	4	2.2	157
2024/05/09	10:15:01	40.53883	141.55704	40	0.0	4	2.2	188
2024/05/09	10:16:01	40.53881	141.55726	16	0.0	4	2.2	157
2024/05/09	10:17:00	40.53862	141.55735	8	0.0	4	2.2	160
2024/05/09	10:18:00	40.53868	141.55718	38	0.0	4	2.2	159
2024/05/09	10:19:00	40.53877	141.55733	38	0.0	3	2.4	154
2024/05/09	10:20:00	40.53881	141.55707	40	0.0	4	2.2	162
2024/05/09	10:21:00	40.53891	141.55744	-28	0.0	4	2.2	159
2024/05/09	10:22:01	40.53879	141.55699	44	0.0	4	2.2	157
2024/05/09	10:23:01	40.53873	141.55721	24	0.0	4	2.2	146
2024/05/09	10:24:00	40.53868	141.55719	38	0.0	4	2.1	159
2024/05/09	10:25:00	40.53871	141.55716	54	0.0	4	2.1	158
2024/05/09	10:26:00	40.53870	141.55717	42	0.0	4	2.1	158
2024/05/09	10:27:00	40.53872	141.55717	24	0.0	4	2.1	159
2024/05/09	10:28:01	40.53885	141.55736	-18	0.0	4	2.1	156
2024/05/09	10:29:00	40.53853	141.55741	154	3.7	3	2.4	159
2024/05/09	10:30:01	40.53882	141.55724	10	0.0	4	2.1	156
2024/05/09	10:31:01	40.53879	141.55736	6	0.0	4	2.1	157
2024/05/09	10:32:00	40.53889	141.55732	-28	3.7	3	2.4	154
2024/05/09	10:33:01	40.53881	141.55722	34	0.0	4	2.2	152
2024/05/09	10:34:01	40.53858	141.55707	80	0.0	4	2.2	149
2024/05/09	10:35:01	40.53877	141.55719	24	0.0	4	2.2	152
2024/05/09	10:36:00	40.53876	141.55712	28	0.0	4	2.2	159
2024/05/09	10:37:00	40.53885	141.55731	2	0.0	4	2.2	156
2024/05/09	10:38:00	40.53882	141.55720	12	0.0	4	2.2	155
2024/05/09	10:39:00	40.53887	141.55725	16	0.0	4	2.2	154
2024/05/09	10:40:00	40.53893	141.55733	-10	0.0	4	2.2	156
2024/05/09	10:41:01	40.53879	141.55728	8	0.0	4	2.2	153
2024/05/09	10:42:01	40.53866	141.55731	18	0.0	3	3.2	182
2024/05/09	10:43:01	40.53878	141.55719	22	0.0	4	2.2	152
2024/05/09	10:44:01	40.53881	141.55727	14	0.0	4	2.3	153
2024/05/09	10:45:02	40.53891	141.55724	-18	0.0	4	2.3	152
2024/05/09	10:46:02	40.53865	141.55729	28	0.0	4	2.3	140
2024/05/09	10:47:01	40.53881	141.55731	12	0.0	4	2.3	153
2024/05/09	10:48:01	40.53889	141.55723	6	0.0	4	2.3	151
2024/05/09	10:49:00	40.53881	141.55727	12	0.0	4	2.4	157
2024/05/09	10:50:01	40.53863	141.55725	50	0.0	4	2.4	153
2024/05/09	10:51:01	40.53893	141.55728	-4	0.0	4	2.4	152
2024/05/09	10:52:01	40.53862	141.55714	34	0.0	4	2.4	138
2024/05/09	10:53:02	40.53885	141.55717	30	0.0	4	3.0	151
2024/05/09	10:54:02	40.53858	141.55719	60	0.0	4	3.0	144
2024/05/09	10:55:02	40.53876	141.55725	24	0.0	4	3.1	154
2024/05/09	10:56:02	40.53893	141.55726	-2	0.0	3	4.1	152
2024/05/09	10:57:02	40.53885	141.55725	4	0.0	4	3.1	152
2024/05/09	10:58:02	40.53888	141.55730	6	0.0	3	4.2	151
2024/05/09	10:59:01	40.53896	141.55721	6	0.0	3	4.3	144
2024/05/09	11:00:02	40.53877	141.55729	-8	0.0	3	4.3	182
2024/05/09	11:01:02	40.53897	141.55733	-6	0.0	3	4.4	151
2024/05/09	11:02:02	40.53883	141.55730	-16	0.0	3	5.0	152
2024/05/09	11:03:02	40.53881	141.55725	8	0.0	3	5.1	151
2024/05/09	11:04:01	40.53879	141.55721	18	0.0	3	5.2	144
2024/05/09	11:05:02	40.53882	141.55727	4	0.0	3	5.3	151
2024/05/09	11:06:02	40.53861	141.55720	52	0.0	3	5.4	148
2024/05/09	11:07:01	40.53879	141.55728	-8	0.0	3	6.0	143
2024/05/09	11:08:02	40.53855	141.55725	26	0.0	3	6.1	147
2024/05/09	11:09:02	40.53858	141.55718	60	0.0	3	6.2	146
2024/05/09	11:10:02	40.53884	141.55734	-22	0.0	3	6.4	147
2024/05/09	11:11:02	40.53873	141.55718	16	0.0	3	7.1	144
2024/05/09	11:12:02	40.53893	141.55729	30	0.0	3	7.3	144
2024/05/09	11:13:02	40.53839	141.55719	44	0.0	3	8.0	173
2024/05/09	11:14:02	40.53878	141.55718	20	0.0	3	8.3	143
2024/05/09	11:15:01	40.53882	141.55730	-22	0.0	3	9.1	119
2024/05/09	11:16:02	40.53867	141.55729	-26	0.0	3	9.4	143
2024/05/09	11:17:02	40.53832	141.55716	60	0.0	3	10.3	143
2024/05/09	11:18:01	40.53883	141.55727	8	0.0	3	11.3	121
2024/05/09	11:19:02	40.53964	141.55749	-110	0.0	3	12.4	124
2024/05/09	11:20:02	40.53874	141.55718	42	0.0	3	14.1	123
2024/05/09	11:21:02	40.53856	141.55730	30	0.0	3	16.0	121
2024/05/09	11:22:31	40.53881	141.55724	14	0.0	4	2.1	195
2024/05/09	11:23:01	40.53862	141.55727	4	0.0	4	2.1	152
2024/05/09	11:24:00	40.53894	141.55726	46	0.0	4	2.1	153
2024/05/09	11:25:01	40.53874	141.55724	8	0.0	4	2.1	153
2024/05/09	11:26:01	40.53866	141.55737	34	0.0	4	2.1	149
2024/05/09	11:27:01	40.53859	141.55728	0	0.0	3	2.2	139
2024/05/09	11:28:00	40.53890	141.55714	-2	0.0	4	2.1	145
2024/05/09	11:29:00	40.53864	141.55727	24	0.0	4	2.1	149
2024/05/09	11:30:01	40.53868	141.55730	-4	0.0	3	5.3	147
2024/05/09	11:31:01	40.53877	141.55722	4	0.0	4	2.0	148
2024/05/09	11:32:01	40.53911	141.55715	34	0.0	3	5.2	147
2024/05/09	11:33:02	40.53873	141.55737	18	0.0	4	2.0	168
2024/05/09	11:34:02	40.53873	141.55731	20	0.0	4	2.0	173
2024/05/09	11:35:01	40.53871	141.55738	14	0.0	3	5.0	169
2024/05/09	11:36:01	40.53885	141.55728	30	0.0	3	5.0	172
2024/05/09	11:37:01	40.53856	141.55737	6	0.0	3	4.4	138
2024/05/09	11:38:01	40.53884	141.55718	-6	0.0	4	2.0	147
2024/05/09	11:39:01	40.53879	141.55725	-0	0.0	4	2.0	143
2024/05/09	11:40:01	40.53870	141.55728	-18	0.0	4	2.0	172
2024/05/09	11:41:02	40.53884	141.55720	-0	0.0	3	4.3	170
2024/05/09	11:42:02	40.53882	141.55720	-0	0.0	4	2.0	173
2024/05/09	11:43:01	40.53848	141.55727	-28	0.0	3	4.2	168
2024/05/09	11:44:01	40.53895	141.55726	8	0.0	3	4.1	172
2024/05/09	11:45:01	40.53879	141.55731	34	0.0	3	4.1	170
2024/05/09	11:46:01	40.53869	141.55731	-18	0.0	3	4.1	170
2024/05/09	11:47:01	40.53889	141.55728	24	0.0	3	4.0	170
2024/05/09	11:48:02	40.53874	141.55726	-0	0.0	4	2.0	174
2024/05/09	11:49:01	40.53889	141.55720	42	0.0	3	4.0	173
2024/05/09	11:50:02	40.53881	141.55729	22	0.0	3	3.4	175
2024/05/09	11:51:01	40.53879	141.55721	8	0.0	3	3.4	177
2024/05/09	11:52:01	40.53869	141.55726	6	0.0	3	3.4	174
2024/05/09	11:53:01	40.53871	141.55718	-8	0.0	4	2.0	176
2024/05/09	11:54:01	40.53871	141.55728	-0	0.0	4	2.0	178
2024/05/09	11:55:01	40.53876	141.55722	4	0.0	4	2.0	179
2024/05/09	11:56:01	40.53876	141.55728	-6	0.0	4	2.0	180
2024/05/09	11:57:01	40.53880	141.55718	-2	0.0	4	2.0	179
2024/05/09	11:58:00	40.53877	141.55723	8	0.0	4	2.0	182
2024/05/09	11:59:01	40.53885	141.55722	0	0.0	4	2.0	174
2024/05/09	12:00:01	40.53887	141.55746	36	0.0	4	2.0	177
2024/05/09	12:01:01	40.53879	141.55721	16	0.0	3	3.2	176
2024/05/09	12:02:02	40.53882	141.55719	16	0.0	4	2.0	175
2024/05/09	12:03:01	40.53892	141.55725	10	0.0	3	3.2	176
2024/05/09	12:04:01	40.53876	141.55736	10	0.0	3	3.2	174
2024/05/09	12:05:01	40.53887	141.55724	-6	0.0	3	3.2	172
2024/05/09	12:06:01	40.53870	141.55730	110	0.0	2	3.3	146
2024/05/09	12:07:02	40.53881	141.55730	-12	0.0	3	3.1	172
2024/05/09	12:08:01	40.53863	141.55707	-84	0.0	2	3.3	142
2024/05/09	12:09:03	40.53887	141.55717	4	0.0	3	3.1	148
2024/05/09	12:10:02	40.53886	141.55731	62	0.0	2	3.3	151
2024/05/09	12:11:02	40.53869	141.55719	-20	0.0	2	3.4	151
2024/05/09	12:12:02	40.53889	141.55737	82	0.0	2	3.4	151
2024/05/09	12:13:02	40.53893	141.55731	140	0.0	2	3.4	151
2024/05/09	12:14:02	40.53875	141.55715	-40	0.0	2	4.0	157
2024/05/09	12:15:02	40.53891	141.55721	30	0.0	2	4.0	183
2024/05/09	12:16:02	40.53884	141.55735	24	0.0	2	4.1	153
2024/05/09	12:17:02	40.53873	141.55727	18	0.0	3	3.1	184
2024/05/09	12:18:02	40.53885	141.55710	8	0.0	3	3.1	153
2024/05/09	12:19:03	40.53886	141.55724	-8	0.0	3	3.1	150
2024/05/09	12:20:02	40.53886	141.55755	120	0.0	2	4.4	153
2024/05/09	12:21:02	40.53875	141.55732	54	0.0	2	5.0	153
2024/05/09	12:22:03	40.53874	141.55716	-4	0.0	3	3.1	150
2024/05/09	12:23:02	40.53866	141.55719	-42	0.0	2	5.2	150
2024/05/09	12:24:03	40.53889	141.55736	50	0.0	2	5.3	181
2024/05/09	12:25:02	40.53880	141.55720	-0	0.0	3	3.0	186
2024/05/09	12:26:02	40.53877	141.55717	-6	0.0	2	6.0	149
2024/05/09	12:27:02	40.53863	141.55699	-72	0.0	2	6.2	184
2024/05/09	12:28:03	40.53870	141.55736	14	14.8	3	2.4	192
2024/05/09	12:29:03	40.53887	141.55730	24	0.0	3	3.0	149
2024/05/09	12:30:03	40.53891	141.55758	124	0.0	2	7.2	141
2024/05/09	12:31:03	40.53875	141.55736	44	0.0	3	3.0	139
2024/05/09	12:32:03	40.53879	141.55715	-6	0.0	3	3.0	143
2024/05/09	12:33:03	40.53879	141.55743	40	0.0	3	3.0	142
2024/05/09	12:34:05	40.53877	141.55724	22	0.0	3	3.0	142
2024/05/09	12:35:03	40.53880	141.55723	12	0.0	3	3.0	142
2024/05/09	12:36:07	40.53879	141.55723	10	0.0	3	3.0	136
2024/05/09	12:37:14	40.53879	141.55728	26	0.0	3	3.0	139
2024/05/09	12:38:04	40.53878	141.55726	18	0.0	3	3.0	146
2024/05/09	12:39:07	40.53877	141.55722	12	0.0	3	3.0	143
2024/05/09	12:40:09	40.53879	141.55727	4	0.0	3	3.0	134
2024/05/09	12:41:06	40.53879	141.55736	34	0.0	3	3.0	138
2024/05/09	12:42:05	40.53882	141.55731	24	0.0	3	3.0	142
2024/05/09	12:43:05	40.53881	141.55727	22	0.0	3	3.0	139
2024/05/09	12:44:05	40.53881	141.55737	40	0.0	3	3.0	146
2024/05/09	12:45:07	40.53880	141.55726	20	0.0	3	3.0	163
2024/05/09	12:46:11	40.53881	141.55726	14	0.0	3	3.0	145
2024/05/09	12:47:31	40.53879	141.55722	0	0.0	3	2.2	144
2024/05/09	12:48:00	40.53894	141.55742	42	3.7	3	2.2	128
2024/05/09	12:49:00	40.53877	141.55739	88	3.7	3	2.4	130
2024/05/09	12:50:00	40.53892	141.55704	-52	0.0	3	2.3	126
2024/05/09	12:51:01	40.53874	141.55730	18	0.0	2	3.3	116
2024/05/09	12:52:00	40.53882	141.55722	-16	0.0	3	2.3	129
2024/05/09	12:53:01	40.53879	141.55728	22	0.0	3	2.3	152
2024/05/09	12:54:02	40.53873	141.55729	8	0.0	3	2.4	150
2024/05/09	12:55:00	40.53890	141.55733	36	0.0	3	2.4	126
2024/05/09	12:56:01	40.53878	141.55726	-8	0.0	3	2.4	151
2024/05/09	12:57:02	40.53877	141.55723	4	0.0	3	3.0	151
2024/05/09	12:58:02	40.53872	141.55739	44	0.0	3	3.0	150
2024/05/09	12:59:02	40.53879	141.55732	18	0.0	3	3.0	151
2024/05/09	13:00:02	40.53880	141.55723	0	0.0	3	3.1	153
2024/05/09	13:01:02	40.53879	141.55721	-8	0.0	3	3.1	182
2024/05/09	13:02:02	40.53888	141.55717	0	0.0	3	3.2	149
2024/05/09	13:03:02	40.53884	141.55709	-20	0.0	3	3.2	154
2024/05/09	13:04:02	40.53879	141.55728	12	0.0	3	3.3	165
2024/05/09	13:05:02	40.53884	141.55704	-20	0.0	3	3.3	148
2024/05/09	13:06:02	40.53876	141.55730	10	0.0	3	3.4	149
2024/05/09	13:07:01	40.53881	141.55727	34	0.0	3	3.4	121
2024/05/09	13:08:02	40.53873	141.55738	40	0.0	3	4.0	143
2024/05/09	13:09:01	40.53915	141.55670	-60	0.0	2	11.3	147
2024/05/09	13:10:02	40.53886	141.55722	30	0.0	3	4.1	167
2024/05/09	13:11:02	40.53875	141.55743	24	0.0	3	4.1	154
2024/05/09	13:12:03	40.53878	141.55724	30	0.0	3	4.2	147
2024/05/09	13:13:02	40.53871	141.55722	2	0.0	2	13.3	141
2024/05/09	13:14:02	40.53882	141.55710	-36	0.0	2	14.1	144
2024/05/09	13:15:02	40.53870	141.55724	-24	0.0	2	14.4	149
2024/05/09	13:16:02	40.53812	141.55821	94	0.0	2	15.2	145
2024/05/09	13:17:02	40.53876	141.55735	28	0.0	2	16.0	163
2024/05/09	13:18:01	40.53861	141.55748	12	0.0	2	16.3	142
2024/05/09	13:19:02	40.53790	141.55851	146	0.0	2	17.1	191
2024/05/09	13:20:02	40.53943	141.55645	-48	3.7	2	18.0	171
2024/05/09	13:21:02	40.53877	141.55718	4	3.7	2	18.3	144
2024/05/09	13:22:03	40.53876	141.55728	2	3.7	2	19.1	148
2024/05/09	13:23:03	40.53901	141.55698	-10	0.0	2	19.4	149
2024/05/09	13:24:02	40.53840	141.55764	44	0.0	2	20.2	172
2024/05/09	13:25:03	40.53876	141.55714	-0	0.0	2	20.4	168
2024/05/09	13:26:04	40.53874	141.55730	26	0.0	3	5.3	163
2024/05/09	13:27:03	40.53830	141.55800	110	0.0	2	21.4	164
2024/05/09	13:28:04	40.53793	141.55835	106	0.0	2	22.0	141
2024/05/09	13:29:03	40.53913	141.55690	-8	0.0	2	22.1	190
2024/05/09	13:30:02	40.53848	141.55770	64	0.0	2	22.2	145
2024/05/09	13:31:02	40.53877	141.55718	-4	0.0	2	22.2	148
2024/05/09	13:32:03	40.53852	141.55755	36	0.0	2	22.2	151
2024/05/09	13:33:03	40.53810	141.55826	126	0.0	2	22.1	146
2024/05/09	13:34:02	40.53882	141.55654	-18	7.4	3	5.4	166
2024/05/09	13:35:01	40.53903	141.55601	-42	0.0	3	5.4	180
2024/05/09	13:36:04	40.53800	141.55800	68	0.0	2	21.1	169
2024/05/09	13:37:04	40.53855	141.55740	14	3.7	2	20.3	137
2024/05/09	13:38:04	40.53856	141.55736	-4	3.7	2	20.0	130
2024/05/09	13:39:04	40.53900	141.55707	-0	3.7	2	19.2	136
2024/05/09	13:40:02	40.53849	141.55752	24	0.0	2	18.4	140
2024/05/09	13:41:02	40.53934	141.55684	-8	0.0	2	18.1	145
2024/05/09	13:42:02	40.53858	141.55737	24	3.7	2	17.2	180
2024/05/09	13:43:02	40.53934	141.55682	-26	0.0	2	16.4	144
2024/05/09	13:44:02	40.53938	141.55665	-20	0.0	2	16.0	148
2024/05/09	13:45:02	40.53856	141.55740	26	0.0	2	15.2	180
2024/05/09	13:46:01	40.53894	141.55713	8	0.0	2	14.4	145
2024/05/09	13:47:02	40.53864	141.55726	-6	0.0	2	14.1	147
2024/05/09	13:48:02	40.53876	141.55719	-2	0.0	2	13.3	142
2024/05/09	13:49:03	40.53858	141.55745	6	0.0	2	13.0	144
2024/05/09	13:50:03	40.53864	141.55717	-10	0.0	2	12.2	146
2024/05/09	13:51:02	40.53899	141.55715	-8	0.0	2	11.4	144
2024/05/09	13:52:02	40.53898	141.55710	10	0.0	2	11.2	179
2024/05/09	13:53:03	40.53850	141.55750	28	0.0	2	11.0	124
2024/05/09	13:54:03	40.53869	141.55741	42	0.0	2	10.2	143
2024/05/09	13:55:03	40.53915	141.55695	-22	0.0	2	10.0	145
2024/05/09	13:56:03	40.53881	141.55715	-2	0.0	2	9.3	146
2024/05/09	13:57:03	40.53891	141.55722	-12	0.0	2	9.2	144
2024/05/09	13:58:03	40.53820	141.55742	-16	0.0	2	9.0	173
2024/05/09	13:59:04	40.53852	141.55728	2	0.0	2	8.3	144
2024/05/09	14:00:32	40.53870	141.55727	4	0.0	3	9.2	168
2024/05/09	14:01:01	40.53888	141.55720	10	0.0	3	9.3	174
2024/05/09	14:02:02	40.53916	141.55744	46	0.0	3	10.1	132
2024/05/09	14:03:02	40.53897	141.55726	34	0.0	3	10.4	142
2024/05/09	14:04:02	40.53850	141.55707	-6	0.0	3	11.3	140
2024/05/09	14:05:03	40.53902	141.55731	18	0.0	3	12.2	140
2024/05/09	14:06:03	40.53963	141.55753	76	0.0	3	13.2	142
2024/05/09	14:07:04	40.53796	141.55697	-48	0.0	3	14.2	175
2024/05/09	14:08:04	40.53856	141.55718	-4	3.7	3	15.4	137
2024/05/09	14:09:05	40.53848	141.55706	-12	0.0	3	17.2	140
2024/05/09	14:10:03	40.53907	141.55736	36	11.1	3	19.2	141
2024/05/09	14:11:00	40.53889	141.55710	34	11.1	3	2.4	237
2024/05/09	14:12:03	40.53902	141.55737	24	25.9	3	24.4	140
2024/05/09	14:13:36	40.53877	141.55715	18	7.4	4	1.2	177
2024/05/09	14:14:02	40.53877	141.55698	18	7.4	3	2.4	224
2024/05/09	14:15:34	40.53885	141.55679	18	0.0	4	1.1	215
2024/05/09	14:16:01	40.53886	141.55678	32	0.0	4	1.4	207
2024/05/09	14:17:03	40.53882	141.55730	8	0.0	4	1.0	203
2024/05/09	14:18:02	40.53873	141.55693	36	0.0	5	1.3	253
2024/05/09	14:19:01	40.53883	141.55707	-8	0.0	4	2.1	257
2024/05/09	14:20:01	40.53865	141.55676	50	0.0	3	2.0	261
2024/05/09	14:21:03	40.53875	141.55726	28	0.0	3	2.2	169
2024/05/09	14:22:03	40.53874	141.55718	4	0.0	3	2.2	135
2024/05/09	14:23:01	40.53894	141.55739	14	0.0	3	2.2	113
2024/05/09	14:24:01	40.53862	141.55697	34	3.7	3	2.2	222
2024/05/09	14:25:01	40.53884	141.55731	-6	7.4	3	2.2	194
2024/05/09	14:26:02	40.53875	141.55698	28	0.0	4	1.2	205
2024/05/09	14:27:01	40.53871	141.55705	22	0.0	6	1.0	236
2024/05/09	14:28:02	40.53879	141.55712	26	0.0	3	2.2	146
2024/05/09	14:29:01	40.53877	141.55716	26	0.0	3	2.2	147
2024/05/09	14:30:01	40.53874	141.55724	8	0.0	3	2.2	133
2024/05/09	14:31:02	40.53887	141.55729	6	0.0	3	2.2	116
2024/05/09	14:32:01	40.53872	141.55707	28	7.4	3	2.2	119
2024/05/09	14:33:01	40.53890	141.55642	-6	0.0	4	1.2	235
2024/05/09	14:34:02	40.53887	141.55647	2	0.0	4	2.2	195
2024/05/09	14:35:01	40.53888	141.55649	6	0.0	3	2.1	151
2024/05/09	14:36:01	40.53880	141.55696	30	18.5	4	2.2	199
2024/05/09	14:37:03	40.53878	141.55713	10	0.0	3	2.2	160
2024/05/09	14:38:02	40.53866	141.55706	50	0.0	3	2.2	149
2024/05/09	14:39:01	40.53883	141.55730	16	0.0	3	2.2	121
2024/05/09	14:40:02	40.53884	141.55719	4	0.0	3	2.2	140
2024/05/09	14:41:03	40.53880	141.55730	8	0.0	3	2.2	142
2024/05/09	14:42:01	40.53889	141.55741	24	0.0	3	2.2	145
2024/05/09	14:43:01	40.53889	141.55739	8	0.0	3	2.2	119
2024/05/09	14:44:02	40.53882	141.55726	16	0.0	3	2.2	166
2024/05/09	14:45:01	40.53899	141.55749	-28	0.0	3	2.1	148
2024/05/09	14:46:01	40.53877	141.55744	6	0.0	3	2.1	125
2024/05/09	14:47:01	40.53873	141.55713	4	0.0	3	2.1	121
2024/05/09	14:48:01	40.53883	141.55739	72	0.0	3	2.1	122
2024/05/09	14:49:01	40.53878	141.55730	-4	0.0	3	2.1	166
2024/05/09	14:50:01	40.53884	141.55737	18	0.0	3	2.1	121
2024/05/09	14:51:01	40.53870	141.55716	18	0.0	3	2.1	123
2024/05/09	14:52:01	40.53863	141.55712	38	0.0	4	2.0	172
2024/05/09	14:53:03	40.53884	141.55731	-2	0.0	4	2.0	196
2024/05/09	14:54:01	40.53890	141.55739	-16	0.0	3	2.1	145
2024/05/09	14:55:01	40.53881	141.55722	22	0.0	3	2.1	140
2024/05/09	14:56:01	40.53887	141.55728	8	0.0	3	2.0	145
2024/05/09	14:57:02	40.53862	141.55715	120	0.0	3	2.0	167
2024/05/09	14:58:01	40.53872	141.55722	4	3.7	4	2.0	210
2024/05/09	14:59:02	40.53881	141.55703	6	3.7	4	1.4	238
2024/05/09	15:00:03	40.53882	141.55759	-48	0.0	3	3.1	166
2024/05/09	15:01:02	40.53875	141.55718	22	0.0	3	3.0	166
2024/05/09	15:02:02	40.53881	141.55715	42	0.0	3	3.0	185
2024/05/09	15:03:02	40.53870	141.55713	18	0.0	3	2.4	119
2024/05/09	15:04:01	40.53871	141.55695	92	0.0	3	2.4	119
2024/05/09	15:05:02	40.53883	141.55730	6	0.0	3	2.3	140
2024/05/09	15:06:02	40.53888	141.55725	26	0.0	3	2.3	143
2024/05/09	15:07:02	40.53870	141.55704	72	0.0	3	2.3	165
2024/05/09	15:08:01	40.53884	141.55720	30	0.0	3	2.2	121
2024/05/09	15:09:03	40.53877	141.55715	36	0.0	3	2.2	166
2024/05/09	15:10:02	40.53884	141.55728	-10	0.0	3	2.2	120
2024/05/09	15:11:01	40.53875	141.55709	18	0.0	3	2.2	125
2024/05/09	15:12:01	40.53870	141.55699	32	3.7	3	2.1	154
2024/05/09	15:13:02	40.53875	141.55636	30	0.0	4	1.4	152
2024/05/09	15:14:00	40.53880	141.55668	-12	33.3	3	2.1	174
2024/05/09	15:15:01	40.53894	141.55747	12	0.0	3	2.1	119
2024/05/09	15:16:01	40.53862	141.55715	8	7.4	3	2.1	180
2024/05/09	15:17:01	40.53872	141.55736	-18	0.0	3	2.1	155
2024/05/09	15:18:03	40.53878	141.55725	6	0.0	3	2.1	117
2024/05/09	15:19:01	40.53885	141.55704	72	0.0	3	2.0	127
2024/05/09	15:20:02	40.53875	141.55738	22	0.0	3	2.0	119
2024/05/09	15:21:02	40.53876	141.55730	-10	0.0	3	2.0	150
2024/05/09	15:22:03	40.53887	141.55730	0	0.0	3	2.0	144
2024/05/09	15:23:01	40.53884	141.55730	8	0.0	3	2.0	125
2024/05/09	15:24:01	40.53881	141.55731	-12	0.0	3	2.1	121
2024/05/09	15:25:02	40.53887	141.55726	34	0.0	3	2.1	149
2024/05/09	15:26:01	40.53867	141.55731	-32	3.7	3	2.1	122
2024/05/09	15:27:01	40.53882	141.55728	16	3.7	3	2.1	152
2024/05/09	15:28:03	40.53880	141.55721	-4	0.0	3	2.1	151
2024/05/09	15:29:06	40.53887	141.55731	8	0.0	3	2.2	188
2024/05/09	15:30:02	40.53870	141.55721	-2	0.0	3	2.2	150
2024/05/09	15:31:01	40.53904	141.55733	78	0.0	3	2.2	152
2024/05/09	15:32:00	40.53881	141.55717	0	0.0	3	2.3	150
2024/05/09	15:33:00	40.53884	141.55724	6	0.0	3	2.3	149
2024/05/09	15:34:01	40.53883	141.55716	12	0.0	3	2.4	156
2024/05/09	15:35:04	40.53875	141.55716	2	0.0	3	3.0	157
2024/05/09	15:36:02	40.53890	141.55729	22	0.0	3	3.0	159
2024/05/09	15:37:02	40.53870	141.55727	-30	3.7	3	3.1	124
2024/05/09	15:38:03	40.53875	141.55730	-2	0.0	3	3.3	161
2024/05/09	15:39:02	40.53900	141.55727	78	0.0	3	3.4	159
2024/05/09	15:40:03	40.53892	141.55727	10	0.0	3	4.1	178
2024/05/09	15:41:03	40.53900	141.55723	68	0.0	3	4.3	154
2024/05/09	15:42:03	40.53874	141.55693	-8	0.0	4	1.3	213
2024/05/09	15:43:02	40.53874	141.55698	12	0.0	4	1.3	211
2024/05/09	15:44:02	40.53872	141.55699	16	0.0	4	1.3	243
2024/05/09	15:45:03	40.53927	141.55727	160	0.0	3	8.1	183
2024/05/09	15:46:02	40.53876	141.55709	26	0.0	4	1.3	203
2024/05/09	15:47:00	40.53872	141.55703	18	0.0	4	1.3	193
2024/05/09	15:48:02	40.53885	141.55662	10	0.0	4	1.3	209
2024/05/09	15:49:02	40.53900	141.55697	18	29.6	4	1.3	186
2024/05/09	15:50:32	40.53880	141.55736	16	0.0	4	1.1	160
2024/05/09	15:51:01	40.53884	141.55745	-20	0.0	4	1.1	183
2024/05/09	15:52:01	40.53898	141.55724	104	0.0	4	1.4	178
2024/05/09	15:53:01	40.53893	141.55724	36	0.0	4	1.4	150
2024/05/09	15:54:00	40.53892	141.55728	14	0.0	3	2.1	121
2024/05/09	15:55:00	40.53881	141.55718	24	0.0	3	2.3	149
2024/05/09	15:56:02	40.53878	141.55721	6	0.0	4	1.1	187
2024/05/09	15:57:01	40.53886	141.55722	-30	0.0	4	1.1	156
2024/05/09	15:58:01	40.53887	141.55730	14	0.0	3	2.1	184
2024/05/09	15:59:01	40.53873	141.55710	90	0.0	3	2.4	184
2024/05/09	16:00:02	40.53873	141.55710	68	0.0	3	3.0	158
2024/05/09	16:01:02	40.53884	141.55719	30	0.0	4	2.1	187
2024/05/09	16:02:01	40.53884	141.55729	14	0.0	4	2.1	188
2024/05/09	16:03:02	40.53877	141.55732	-30	0.0	3	1.3	156
2024/05/09	16:04:02	40.53879	141.55715	-0	0.0	3	2.0	158
2024/05/09	16:05:01	40.53883	141.55706	8	0.0	4	2.1	157
2024/05/09	16:06:02	40.53882	141.55723	24	0.0	4	1.2	187
2024/05/09	16:07:01	40.53878	141.55727	2	0.0	3	2.0	130
2024/05/09	16:08:01	40.53878	141.55740	-32	0.0	4	2.0	160
2024/05/09	16:09:00	40.53896	141.55702	82	0.0	4	2.0	158
2024/05/09	16:10:01	40.53870	141.55714	36	0.0	3	2.0	181
2024/05/09	16:11:01	40.53894	141.55719	-20	0.0	4	1.2	186
2024/05/09	16:12:02	40.53886	141.55731	-16	0.0	3	2.0	184
2024/05/09	16:13:02	40.53878	141.55729	-12	0.0	4	1.2	185
2024/05/09	16:14:00	40.53872	141.55709	8	0.0	3	2.0	159
2024/05/09	16:15:00	40.53879	141.55724	-16	0.0	3	2.0	133
2024/05/09	16:16:01	40.53884	141.55729	44	0.0	3	2.0	189
2024/05/09	16:17:01	40.53884	141.55728	4	0.0	4	1.2	190
2024/05/09	16:18:01	40.53878	141.55718	-8	0.0	4	1.2	181
2024/05/09	16:19:01	40.53883	141.55717	22	0.0	3	2.0	189
2024/05/09	16:20:02	40.53879	141.55728	-14	0.0	4	1.2	151
2024/05/09	16:21:02	40.53878	141.55730	-18	0.0	4	1.2	156
2024/05/09	16:22:01	40.53880	141.55734	14	0.0	4	1.4	157
2024/05/09	16:23:01	40.53870	141.55731	10	0.0	4	1.2	153
2024/05/09	16:24:01	40.53885	141.55729	-18	0.0	3	2.0	173
2024/05/09	16:25:01	40.53885	141.55735	20	0.0	4	1.2	180
2024/05/09	16:26:01	40.53889	141.55754	-44	0.0	3	2.0	181
2024/05/09	16:27:01	40.53881	141.55744	-28	0.0	3	2.0	179
2024/05/09	16:28:00	40.53871	141.55725	34	0.0	3	2.3	180
2024/05/09	16:29:03	40.53879	141.55713	80	0.0	2	3.2	150
2024/05/09	16:30:01	40.53886	141.55730	132	0.0	3	2.0	152
2024/05/09	16:31:01	40.53870	141.55721	18	0.0	3	2.2	151
2024/05/09	16:32:02	40.53895	141.55759	-100	0.0	3	2.0	151
2024/05/09	16:33:01	40.53884	141.55724	12	3.7	3	2.2	159
2024/05/09	16:34:01	40.53889	141.55648	-60	0.0	3	2.0	157
2024/05/09	16:35:01	40.53901	141.55662	-32	7.4	3	2.2	156
2024/05/09	16:36:01	40.53890	141.55645	14	3.7	3	2.2	158
2024/05/09	16:37:02	40.53872	141.55693	74	22.2	2	4.2	192
2024/05/09	16:38:01	40.53878	141.55731	-4	0.0	3	1.3	175
2024/05/09	16:39:01	40.53881	141.55715	-24	0.0	3	2.0	151
2024/05/09	16:40:01	40.53885	141.55743	50	0.0	4	1.3	181
2024/05/09	16:41:01	40.53872	141.55749	38	0.0	4	1.3	154
2024/05/09	16:42:01	40.53863	141.55723	-32	0.0	4	1.3	182
2024/05/09	16:43:01	40.53882	141.55755	-36	0.0	3	2.0	180
2024/05/09	16:44:01	40.53900	141.55717	-28	22.2	3	2.2	178
2024/05/09	16:45:01	40.53894	141.55639	8	0.0	4	1.3	175
2024/05/09	16:46:03	40.53889	141.55641	18	0.0	4	1.3	184
2024/05/09	16:47:01	40.53889	141.55642	-26	0.0	4	1.3	181
2024/05/09	16:48:01	40.53882	141.55735	-0	0.0	3	2.1	179
2024/05/09	16:49:01	40.53882	141.55726	18	0.0	3	2.0	178
2024/05/09	16:50:01	40.53890	141.55728	-12	0.0	3	2.0	177
2024/05/09	16:51:00	40.53864	141.55730	54	0.0	3	2.0	157
2024/05/09	16:52:00	40.53869	141.55745	2	0.0	3	2.0	154
2024/05/09	16:53:01	40.53879	141.55724	48	0.0	3	2.0	152
2024/05/09	16:54:01	40.53887	141.55739	-26	0.0	3	2.0	153
2024/05/09	16:55:01	40.53875	141.55726	14	0.0	3	2.0	156
2024/05/09	16:56:00	40.53875	141.55728	28	0.0	3	2.0	156
2024/05/09	16:57:01	40.53875	141.55726	36	0.0	3	2.0	156
2024/05/09	16:58:02	40.53878	141.55715	24	0.0	3	2.0	170
2024/05/09	16:59:01	40.53889	141.55731	-34	0.0	3	2.0	150
2024/05/09	17:00:03	40.53887	141.55726	-12	0.0	3	3.0	170
2024/05/09	17:01:03	40.53880	141.55725	12	0.0	3	3.0	168
2024/05/09	17:02:03	40.53884	141.55728	-2	0.0	3	3.1	158
2024/05/09	17:03:03	40.53882	141.55721	4	0.0	3	3.1	156
2024/05/09	17:04:03	40.53888	141.55717	6	0.0	3	3.2	156
2024/05/09	17:05:03	40.53877	141.55727	18	0.0	3	3.2	158
2024/05/09	17:06:03	40.53889	141.55716	-4	0.0	3	3.2	157
2024/05/09	17:07:03	40.53892	141.55717	-14	0.0	3	3.3	156
2024/05/09	17:08:03	40.53881	141.55728	-8	0.0	3	3.3	155
2024/05/09	17:09:03	40.53880	141.55724	14	0.0	3	3.4	155
2024/05/09	17:10:03	40.53897	141.55711	8	0.0	3	4.0	158
2024/05/09	17:11:03	40.53873	141.55733	26	0.0	3	4.0	168
2024/05/09	17:12:03	40.53896	141.55712	-14	0.0	3	4.1	155
2024/05/09	17:13:03	40.53877	141.55728	14	0.0	3	4.1	161
2024/05/09	17:14:03	40.53869	141.55735	24	0.0	3	4.2	157
2024/05/09	17:15:03	40.53891	141.55715	4	0.0	3	4.3	157
2024/05/09	17:16:03	40.53879	141.55728	20	0.0	3	4.4	157
2024/05/09	17:17:03	40.53888	141.55719	-0	0.0	3	5.0	159
2024/05/09	17:18:03	40.53892	141.55715	-2	0.0	3	5.1	158
2024/05/09	17:19:03	40.53867	141.55739	16	0.0	3	5.2	160
2024/05/09	17:20:03	40.53879	141.55729	8	0.0	3	5.3	157
2024/05/09	17:21:03	40.53872	141.55733	4	0.0	3	5.4	159
2024/05/09	17:22:03	40.53878	141.55728	2	0.0	3	6.0	159
2024/05/09	17:23:03	40.53895	141.55713	-0	0.0	3	6.1	178
2024/05/09	17:24:03	40.53862	141.55747	8	0.0	3	6.2	157
2024/05/09	17:25:03	40.53908	141.55692	-12	0.0	3	6.4	177
2024/05/09	17:26:03	40.53876	141.55732	12	0.0	3	7.0	176
2024/05/09	17:27:03	40.53876	141.55727	12	0.0	3	7.2	158
2024/05/09	17:28:03	40.53906	141.55698	4	0.0	3	7.4	176
2024/05/09	17:29:03	40.53878	141.55721	16	0.0	3	8.1	157
2024/05/09	17:30:03	40.53878	141.55725	12	0.0	3	8.3	177
2024/05/09	17:31:03	40.53886	141.55715	6	0.0	3	9.0	181
2024/05/09	17:32:03	40.53863	141.55745	18	0.0	3	9.3	214
2024/05/09	17:33:03	40.53897	141.55706	-0	0.0	3	10.0	177
2024/05/09	17:34:03	40.53905	141.55692	-8	0.0	3	10.3	175
2024/05/09	17:35:03	40.53906	141.55695	-4	0.0	3	11.2	149
2024/05/09	17:36:03	40.53882	141.55724	14	0.0	3	12.0	169
2024/05/09	17:37:03	40.53875	141.55731	8	0.0	3	12.4	173
2024/05/09	17:38:03	40.53907	141.55685	4	0.0	3	13.4	178
2024/05/09	17:39:03	40.53886	141.55715	8	0.0	3	14.4	181
2024/05/09	17:40:03	40.53871	141.55737	18	0.0	3	16.0	175
2024/05/09	17:41:03	40.53897	141.55696	2	0.0	3	17.1	176
2024/05/09	17:42:03	40.53831	141.55794	22	0.0	3	18.4	176
2024/05/09	17:43:03	40.53927	141.55660	0	3.7	3	20.2	152
2024/05/09	17:44:03	40.53938	141.55579	-8	7.4	3	22.2	183
2024/05/09	17:45:03	40.53901	141.55622	-0	0.0	3	24.4	183
2024/05/09	17:46:03	40.53815	141.55803	40	22.2	3	27.4	175
2024/05/09	17:47:32	40.53878	141.55729	12	0.0	4	1.3	215
2024/05/09	17:48:00	40.53881	141.55728	14	0.0	4	1.3	151
2024/05/09	17:49:01	40.53877	141.55717	-6	0.0	3	2.1	144
2024/05/09	17:50:00	40.53872	141.55710	-52	0.0	3	2.1	160
2024/05/09	17:51:01	40.53868	141.55740	12	0.0	4	1.3	149
2024/05/09	17:52:00	40.53890	141.55728	-6	0.0	3	2.1	153
2024/05/09	17:53:01	40.53878	141.55711	-10	0.0	3	2.1	153
2024/05/09	17:54:01	40.53878	141.55723	4	0.0	4	1.3	177
2024/05/09	17:55:01	40.53877	141.55733	22	0.0	4	1.3	148
2024/05/09	17:56:01	40.53881	141.55721	-0	0.0	3	2.2	172
2024/05/09	17:57:01	40.53884	141.55727	34	0.0	3	2.2	149
2024/05/09	17:58:03	40.53883	141.55723	32	0.0	3	2.2	168
2024/05/09	17:59:02	40.53880	141.55715	-12	0.0	3	2.2	170
2024/05/09	18:00:03	40.53873	141.55725	-2	0.0	2	6.1	168
2024/05/09	18:01:03	40.53894	141.55753	44	0.0	2	6.3	165
2024/05/09	18:02:03	40.53883	141.55740	40	0.0	2	7.0	168
2024/05/09	18:03:03	40.53885	141.55716	-20	0.0	2	7.3	170
2024/05/09	18:04:03	40.53911	141.55763	106	0.0	2	8.2	177
2024/05/09	18:05:04	40.53880	141.55734	22	0.0	2	9.1	144
2024/05/09	18:06:04	40.53883	141.55735	40	3.7	2	10.0	146
2024/05/09	18:07:03	40.53880	141.55730	34	0.0	2	11.1	145
2024/05/09	18:08:04	40.53868	141.55696	-44	0.0	2	12.3	165
2024/05/09	18:09:20	40.53880	141.55727	12	0.0	3	1.4	156
2024/05/09	18:10:20	40.53886	141.55736	42	0.0	3	1.4	193
2024/05/09	18:11:30	40.53878	141.55714	2	0.0	3	2.0	216
2024/05/09	18:12:32	40.53879	141.55722	10	0.0	5	1.2	225
2024/05/09	18:13:01	40.53885	141.55718	20	0.0	4	1.4	180
2024/05/09	18:14:01	40.53877	141.55727	16	0.0	4	1.4	154
2024/05/09	18:15:01	40.53882	141.55729	-2	0.0	4	1.4	171
2024/05/09	18:16:01	40.53882	141.55731	12	0.0	3	2.1	175
2024/05/09	18:17:01	40.53881	141.55722	20	0.0	4	1.4	152
2024/05/09	18:18:01	40.53883	141.55719	18	0.0	4	1.4	171
2024/05/09	18:19:01	40.53888	141.55724	20	0.0	3	2.0	126
2024/05/09	18:20:02	40.53882	141.55721	14	0.0	3	2.0	150
2024/05/09	18:21:01	40.53884	141.55725	40	0.0	3	2.0	157
2024/05/09	18:22:01	40.53878	141.55730	-2	0.0	3	2.0	151
2024/05/09	18:23:01	40.53882	141.55728	20	0.0	4	1.4	150
2024/05/09	18:24:01	40.53885	141.55720	2	0.0	3	2.0	151
2024/05/09	18:25:00	40.53874	141.55742	42	0.0	3	2.0	157
2024/05/09	18:26:01	40.53882	141.55722	16	0.0	4	1.4	151
2024/05/09	18:27:01	40.53877	141.55715	-4	0.0	4	1.4	149
2024/05/09	18:28:01	40.53881	141.55736	26	0.0	4	1.4	154
2024/05/09	18:29:01	40.53877	141.55744	16	0.0	3	1.4	146
2024/05/09	18:30:01	40.53883	141.55728	14	0.0	4	1.3	151
2024/05/09	18:31:01	40.53879	141.55718	12	0.0	4	1.3	151
2024/05/09	18:32:01	40.53878	141.55731	16	0.0	4	1.3	151
2024/05/09	18:33:01	40.53880	141.55730	6	0.0	3	1.4	185
2024/05/09	18:34:00	40.53874	141.55742	4	0.0	3	2.0	130
2024/05/09	18:35:00	40.53871	141.55735	-42	0.0	3	1.4	152
2024/05/09	18:36:01	40.53878	141.55723	26	0.0	3	1.4	154
2024/05/09	18:37:00	40.53870	141.55729	10	0.0	3	1.4	154
2024/05/09	18:38:00	40.53874	141.55732	20	0.0	3	1.4	155
2024/05/09	18:39:00	40.53872	141.55712	-18	0.0	3	1.4	156
2024/05/09	18:40:01	40.53878	141.55725	14	0.0	4	1.3	148
2024/05/09	18:41:00	40.53889	141.55720	40	0.0	3	1.4	157
2024/05/09	18:42:00	40.53871	141.55738	28	0.0	3	1.4	158
2024/05/09	18:43:00	40.53872	141.55724	-20	0.0	4	1.3	158
2024/05/09	18:44:00	40.53868	141.55708	2	0.0	4	1.3	158
2024/05/09	18:45:00	40.53868	141.55739	-10	0.0	4	1.2	158
2024/05/09	18:46:00	40.53872	141.55712	20	0.0	3	1.3	154
2024/05/09	18:47:01	40.53877	141.55723	8	0.0	3	1.3	151
2024/05/09	18:48:01	40.53872	141.55724	16	0.0	4	1.2	154
2024/05/09	18:49:00	40.53880	141.55748	22	3.7	3	1.4	153
2024/05/09	18:50:01	40.53877	141.55730	14	0.0	3	1.4	155
2024/05/09	18:51:01	40.53877	141.55734	36	0.0	3	1.4	152
2024/05/09	18:52:01	40.53877	141.55720	4	0.0	4	1.2	153
2024/05/09	18:53:01	40.53880	141.55723	-2	0.0	3	1.3	150
2024/05/09	18:54:01	40.53871	141.55724	34	0.0	3	1.3	157
2024/05/09	18:55:01	40.53885	141.55725	8	0.0	3	1.4	123
2024/05/09	18:56:01	40.53884	141.55738	14	0.0	3	1.3	148
2024/05/09	18:57:01	40.53892	141.55713	10	0.0	3	1.3	147
2024/05/09	18:58:02	40.53876	141.55735	24	0.0	3	1.3	145
2024/05/09	18:59:01	40.53882	141.55717	14	0.0	3	1.3	145
2024/05/09	19:00:01	40.53873	141.55727	14	0.0	3	1.3	174
2024/05/09	19:01:01	40.53882	141.55731	44	0.0	3	1.3	148
2024/05/09	19:02:00	40.53876	141.55743	14	0.0	3	1.3	158
2024/05/09	19:03:01	40.53878	141.55727	2	0.0	3	1.3	146
2024/05/09	19:04:00	40.53869	141.55721	4	0.0	3	1.3	153
2024/05/09	19:05:00	40.53881	141.55720	20	0.0	3	1.3	127
2024/05/09	19:06:02	40.53876	141.55736	28	0.0	3	1.3	157
2024/05/09	19:07:00	40.53867	141.55740	54	0.0	3	1.3	127
2024/05/09	19:08:00	40.53876	141.55720	2	0.0	3	1.3	152
2024/05/09	19:09:00	40.53868	141.55730	16	0.0	3	1.3	153
2024/05/09	19:10:00	40.53881	141.55731	58	0.0	3	1.3	151
2024/05/09	19:11:00	40.53881	141.55740	34	0.0	3	1.3	150
2024/05/09	19:12:01	40.53884	141.55725	10	0.0	3	1.3	148
2024/05/09	19:13:01	40.53872	141.55731	20	0.0	3	1.3	147
2024/05/09	19:14:02	40.53886	141.55735	28	0.0	3	1.3	145
2024/05/09	19:15:01	40.53880	141.55724	14	0.0	3	1.4	147
2024/05/09	19:16:01	40.53873	141.55719	4	0.0	3	1.4	143
2024/05/09	19:17:01	40.53883	141.55726	22	0.0	3	1.4	145
2024/05/09	19:18:02	40.53892	141.55724	40	0.0	3	1.4	167
2024/05/09	19:19:01	40.53858	141.55726	-8	0.0	2	4.3	138
2024/05/09	19:20:01	40.53868	141.55693	40	14.8	3	1.4	174
2024/05/09	19:21:01	40.53951	141.55565	2	0.0	3	1.4	118
2024/05/09	19:22:01	40.53970	141.55558	22	0.0	3	1.4	151
2024/05/09	19:23:01	40.53988	141.55559	10	0.0	4	1.1	171
2024/05/09	19:24:01	40.53887	141.55647	18	0.0	3	1.4	145
2024/05/09	19:25:00	40.53883	141.55645	10	0.0	3	1.4	141
2024/05/09	19:26:01	40.53889	141.55647	-8	0.0	3	1.4	141
2024/05/09	19:27:01	40.53886	141.55656	14	0.0	3	1.4	145
2024/05/09	19:28:00	40.54063	141.55587	16	44.4	3	1.4	148
2024/05/09	19:29:00	40.54571	141.55365	10	29.6	3	1.4	121
2024/05/09	19:30:01	40.55221	141.55453	30	7.4	3	1.4	199
2024/05/09	19:31:00	40.55774	141.55485	6	48.2	3	1.4	174
2024/05/09	19:32:00	40.56456	141.55654	4	44.4	3	1.4	181
2024/05/09	19:33:02	40.57146	141.56009	18	40.7	4	1.1	205
2024/05/09	19:34:00	40.57773	141.56111	26	40.7	3	1.4	149
2024/05/09	19:35:02	40.58455	141.56232	12	37.0	4	1.1	170
2024/05/09	19:36:01	40.59085	141.56402	10	40.7	3	1.4	171
2024/05/09	19:37:00	40.59695	141.56484	34	37.0	3	1.4	173
2024/05/09	19:38:01	40.60387	141.56657	12	44.4	3	1.4	171
2024/05/09	19:39:01	40.60957	141.56739	22	3.7	3	2.2	172
2024/05/09	19:40:01	40.61488	141.56660	12	44.4	3	1.4	176
2024/05/09	19:41:01	40.62024	141.56638	14	37.0	3	1.4	175
2024/05/09	19:42:01	40.62610	141.56529	16	25.9	4	1.1	172
2024/05/09	19:43:02	40.63253	141.56491	6	48.2	3	5.4	173
2024/05/09	19:44:01	40.63895	141.56469	14	48.2	3	1.4	179
2024/05/09	19:45:01	40.64568	141.56524	16	40.7	4	1.1	170
2024/05/09	19:46:01	40.65167	141.56588	24	37.0	4	1.1	173
2024/05/09	19:47:01	40.65816	141.56634	28	37.0	3	1.4	140
2024/05/09	19:48:01	40.66479	141.56616	10	48.2	4	1.1	202
2024/05/09	19:49:01	40.67065	141.56449	12	25.9	4	1.0	170
2024/05/09	19:50:01	40.67557	141.56213	36	33.3	3	1.4	119
2024/05/09	19:51:01	40.68071	141.55935	28	37.0	3	1.4	165
2024/05/09	19:52:01	40.68761	141.55853	6	48.2	4	1.0	169
2024/05/09	19:53:00	40.69040	141.55403	10	40.7	3	1.4	145
2024/05/09	19:54:02	40.69536	141.55270	12	11.1	4	1.0	167
2024/05/09	19:55:01	40.70131	141.55167	26	44.4	3	1.4	164
2024/05/09	19:56:01	40.70885	141.55161	12	44.4	4	1.0	172
2024/05/09	19:57:01	40.71541	141.55210	-32	74.1	2	9.3	174
2024/05/09	19:58:01	40.72325	141.55233	24	44.4	4	1.0	204
2024/05/09	19:59:00	40.73031	141.55255	20	48.2	3	1.4	174
2024/05/09	20:00:01	40.73734	141.55332	16	48.2	3	1.4	207
2024/05/09	20:01:01	40.74397	141.55348	8	48.2	3	1.4	200
2024/05/09	20:02:02	40.75146	141.55462	22	44.4	3	1.4	204
2024/05/09	20:03:03	40.75857	141.55580	20	40.7	3	1.4	203
2024/05/09	20:04:02	40.76564	141.55696	42	51.9	3	1.4	204
2024/05/09	20:05:03	40.77348	141.55873	26	51.9	3	1.4	202
2024/05/09	20:06:04	40.77638	141.56129	8	11.1	3	1.4	169
2024/05/09	20:07:04	40.78116	141.56052	26	40.7	3	1.4	197
2024/05/09	20:08:07	40.78693	141.55887	18	37.0	3	1.4	191
2024/05/09	20:09:03	40.79147	141.55734	18	44.4	3	1.4	175
2024/05/09	20:10:04	40.79776	141.55641	30	40.7	3	1.4	167
2024/05/09	20:11:03	40.80462	141.55602	12	44.4	3	1.4	208
2024/05/09	20:12:03	40.81097	141.55555	16	37.0	3	1.4	143
2024/05/09	20:13:03	40.81684	141.55495	28	44.4	3	1.4	174
2024/05/09	20:14:03	40.82247	141.55426	22	33.3	3	1.4	238
2024/05/09	20:15:04	40.82734	141.55145	20	18.5	3	1.4	143
2024/05/09	20:16:03	40.83257	141.54954	16	33.3	3	1.4	178
2024/05/09	20:17:06	40.83372	141.55236	26	11.1	3	2.0	190
2024/05/09	20:24:42	40.87404	141.54168	20	33.3	3	2.0	302
2024/05/09	20:25:01	40.87542	141.54059	18	33.3	3	2.0	169
2024/05/09	20:26:02	40.87789	141.53520	16	29.6	3	2.0	172
2024/05/09	20:27:01	40.87911	141.52986	6	11.1	3	2.0	210
2024/05/09	20:28:01	40.88000	141.52432	26	25.9	3	2.0	205
2024/05/09	20:29:02	40.87894	141.51856	18	29.6	3	2.0	170
2024/05/09	20:30:04	40.87792	141.51207	18	33.3	3	2.0	172
2024/05/09	20:37:28	40.85828	141.49140	4	33.3	3	1.4	250
2024/05/09	20:38:01	40.85889	141.49442	-16	25.9	3	1.4	174
2024/05/09	20:39:01	40.85900	141.49461	-18	0.0	3	1.4	113
2024/05/09	20:40:01	40.85916	141.49491	-10	0.0	3	1.4	109
2024/05/09	20:41:02	40.85907	141.49490	2	0.0	3	1.4	117
2024/05/09	20:42:01	40.85961	141.49336	-14	0.0	3	1.4	124
2024/05/09	20:43:02	40.85968	141.49358	8	0.0	3	1.4	150
2024/05/09	20:44:02	40.85976	141.49380	8	0.0	3	1.4	164
2024/05/09	20:45:03	40.85979	141.49400	-0	0.0	3	1.4	117
2024/05/09	20:46:02	40.85996	141.49420	14	0.0	3	1.4	125
2024/05/09	20:47:03	40.86009	141.49454	2	0.0	3	1.4	195
2024/05/09	20:48:04	40.86023	141.49471	16	0.0	3	1.4	116
2024/05/09	20:49:03	40.86226	141.49120	24	37.0	3	1.4	119
2024/05/09	20:50:06	40.86774	141.48510	12	44.4	3	1.4	146
2024/05/09	20:51:01	40.86977	141.48302	18	0.0	3	1.4	118
2024/05/09	20:52:00	40.86982	141.48300	-34	0.0	3	1.4	125
2024/05/09	20:53:00	40.86990	141.48352	26	0.0	3	1.4	122
2024/05/09	20:54:00	40.87180	141.48316	18	0.0	3	1.4	150
2024/05/09	20:55:01	40.87179	141.48337	14	0.0	3	1.4	121
2024/05/09	20:56:02	40.87185	141.48355	-2	0.0	3	1.4	120
2024/05/09	20:57:01	40.87209	141.48391	-0	0.0	3	1.4	119
2024/05/09	20:58:01	40.87206	141.48401	12	0.0	3	1.4	127
2024/05/09	20:59:01	40.87227	141.48416	36	0.0	3	1.4	125
2024/05/09	21:00:00	40.87225	141.48433	-6	0.0	3	1.4	122
2024/05/09	21:01:01	40.87237	141.48439	0	0.0	3	1.4	120
2024/05/09	21:02:00	40.87227	141.48448	6	0.0	3	1.4	122
2024/05/09	21:03:01	40.87244	141.48456	2	0.0	3	1.4	122
2024/05/09	21:04:01	40.87249	141.48465	-22	0.0	3	1.4	122
2024/05/09	21:05:02	40.87260	141.48490	8	0.0	3	1.4	156
2024/05/09	21:06:02	40.87275	141.48503	12	0.0	3	1.4	181
2024/05/09	21:07:04	40.87272	141.48519	-4	0.0	3	1.4	138
2024/05/09	21:08:03	40.87696	141.48710	2	40.7	3	1.4	144
2024/05/09	21:09:03	40.88263	141.49112	26	48.2	3	1.4	176
2024/05/09	21:10:03	40.88625	141.49725	14	40.7	3	1.4	145
2024/05/09	21:11:03	40.89151	141.50363	4	51.9	3	1.4	169
2024/05/09	21:12:05	40.89475	141.50918	18	48.2	3	2.0	174
2024/05/09	21:13:03	40.89693	141.51570	28	51.9	3	2.0	175
2024/05/09	21:14:02	40.90249	141.52265	26	48.2	3	2.0	202
2024/05/09	21:15:03	40.90585	141.53096	20	48.2	3	2.0	149
2024/05/09	21:16:16	40.90699	141.53944	10	0.0	3	2.0	257
2024/05/09	21:17:00	40.90710	141.53937	-4	0.0	3	2.0	117
2024/05/09	21:18:02	40.90730	141.53926	24	0.0	3	2.0	144
2024/05/09	21:19:01	40.90753	141.53912	0	0.0	3	2.0	141
2024/05/09	21:20:00	40.90779	141.53882	-6	0.0	3	2.0	116
2024/05/09	21:21:01	40.90800	141.53872	22	0.0	3	2.0	177
2024/05/09	21:22:03	40.90821	141.53850	20	0.0	3	2.0	142
2024/05/09	21:23:04	40.91120	141.54106	0	18.5	3	2.0	141
2024/05/09	21:24:04	40.91065	141.54265	18	0.0	3	2.0	132
2024/05/09	21:25:03	40.91111	141.54080	-10	3.7	3	2.0	139
2024/05/09	21:26:02	40.91128	141.54076	-4	0.0	3	2.0	119
2024/05/09	21:27:01	40.91143	141.54069	10	0.0	3	2.0	117
2024/05/09	21:28:02	40.91162	141.54041	22	0.0	3	2.0	145
2024/05/09	21:29:01	40.91191	141.54039	10	0.0	3	2.0	147
2024/05/09	21:30:02	40.91211	141.54004	0	0.0	3	2.0	144
2024/05/09	21:31:03	40.91254	141.54214	12	40.7	3	2.1	153
2024/05/09	21:32:02	40.91441	141.55043	30	40.7	3	2.1	153
2024/05/09	21:33:05	40.91597	141.55907	12	44.4	3	2.1	200
2024/05/09	21:34:05	40.91718	141.56795	22	44.4	3	2.1	195
2024/05/09	21:35:01	40.92221	141.57423	20	55.6	3	2.1	188
2024/05/09	21:36:03	40.92453	141.58131	10	40.7	3	2.1	144
2024/05/09	21:37:03	40.92545	141.59104	28	44.4	3	2.1	145
2024/05/09	21:38:06	40.92556	141.59715	6	0.0	3	2.1	135
2024/05/09	21:39:03	40.92574	141.59686	-16	0.0	3	2.1	129
2024/05/09	21:40:03	40.92593	141.59701	24	0.0	3	2.1	134
2024/05/09	21:41:05	40.92607	141.59670	10	3.7	3	2.1	197
2024/05/09	21:42:32	40.92648	141.59652	2	0.0	4	1.4	274
2024/05/09	21:43:02	40.92646	141.59643	0	0.0	4	1.4	250
2024/05/09	21:44:02	40.92683	141.59633	12	0.0	4	1.4	213
2024/05/09	21:45:02	40.92674	141.59633	4	0.0	3	3.0	255
2024/05/09	21:46:01	40.92884	141.59647	38	0.0	3	3.0	197
2024/05/09	21:47:00	40.92880	141.59632	30	0.0	3	2.4	201
2024/05/09	21:48:00	40.92920	141.59631	10	0.0	3	2.4	204
2024/05/09	21:49:00	40.92931	141.59640	-42	0.0	3	2.4	200
2024/05/09	21:50:02	40.92930	141.59615	-4	0.0	3	2.4	200
2024/05/09	21:51:01	40.92961	141.59582	22	0.0	3	2.4	209
2024/05/09	21:52:01	40.92982	141.59600	-26	0.0	3	2.3	173
2024/05/09	21:53:02	40.93005	141.59573	8	0.0	3	2.3	202
2024/05/09	21:54:03	40.93003	141.59555	0	0.0	4	1.4	202
2024/05/09	21:55:03	40.93039	141.59540	12	0.0	3	2.3	147
2024/05/09	21:56:04	40.93022	141.59509	22	3.7	3	2.3	144
2024/05/09	21:57:04	40.92953	141.60157	18	44.4	4	1.4	240
2024/05/09	21:58:03	40.92859	141.60913	18	29.6	4	1.4	211
2024/05/09	21:59:02	40.92634	141.61487	32	25.9	3	2.3	209
2024/05/09	22:00:03	40.92569	141.62149	8	37.0	3	2.3	244
2024/05/09	22:01:03	40.92504	141.62414	6	0.0	3	2.2	194
2024/05/09	22:02:02	40.92523	141.62372	30	0.0	3	2.2	174
2024/05/09	22:03:03	40.92524	141.62372	-8	0.0	3	2.2	163
2024/05/09	22:04:04	40.92539	141.62340	6	0.0	3	2.2	198
2024/05/09	22:05:18	40.92555	141.62306	2	0.0	3	2.2	187
2024/05/09	22:06:00	40.92588	141.62278	32	0.0	3	2.2	169
2024/05/09	22:07:02	40.92588	141.62245	16	0.0	3	2.2	170
2024/05/09	22:08:00	40.92591	141.62230	2	0.0	3	2.2	170
2024/05/09	22:09:01	40.92602	141.62206	28	0.0	3	2.2	200
2024/05/09	22:10:01	40.92619	141.62159	42	0.0	3	2.2	200
2024/05/09	22:11:02	40.92636	141.62144	36	0.0	3	2.2	172
2024/05/09	22:12:02	40.92647	141.62149	-6	0.0	3	2.2	179
2024/05/09	22:13:00	40.92674	141.62087	38	0.0	3	2.2	149
2024/05/09	22:14:01	40.92660	141.62094	28	0.0	3	2.2	144
2024/05/09	22:15:03	40.92694	141.62072	8	0.0	3	2.2	180
2024/05/09	22:16:01	40.92717	141.62056	-20	0.0	3	2.2	150
2024/05/09	22:17:02	40.92716	141.62024	24	0.0	3	2.2	176
2024/05/09	22:18:04	40.92743	141.61996	28	0.0	3	2.2	186
2024/05/09	22:19:03	40.92642	141.62734	34	48.2	3	2.2	196
2024/05/09	22:20:03	40.92870	141.63707	4	40.7	3	2.2	206
2024/05/09	22:21:06	40.92855	141.64621	22	44.4	3	2.2	193
2024/05/09	22:22:03	40.92865	141.65336	32	18.5	3	2.2	198
2024/05/09	22:23:05	40.92870	141.65864	18	48.2	3	2.2	191
2024/05/09	22:24:03	40.93107	141.65721	0	44.4	3	2.2	260
2024/05/09	22:25:01	40.93028	141.66229	20	22.2	3	2.2	213
2024/05/09	22:26:04	40.93362	141.66675	14	51.9	3	2.2	213
2024/05/09	22:27:01	40.93406	141.67108	-18	14.8	3	2.2	213
2024/05/09	22:28:04	40.93502	141.67753	46	44.4	3	2.2	202
2024/05/09	22:29:03	40.93667	141.68153	2	22.2	3	2.2	181
2024/05/09	22:30:05	40.93698	141.68534	24	37.0	3	2.2	200
2024/05/09	22:31:02	40.93651	141.69164	38	25.9	3	2.2	218
2024/05/09	22:32:03	40.93815	141.69467	0	37.0	3	2.2	246
2024/05/09	22:33:03	40.94206	141.69024	-30	44.4	3	2.2	247
2024/05/09	22:34:03	40.94464	141.69630	32	40.7	3	2.2	261
2024/05/09	22:35:02	40.94882	141.70178	18	40.7	3	2.2	202
2024/05/09	22:36:03	40.94950	141.70091	8	0.0	3	2.2	169
2024/05/09	22:37:03	40.94977	141.70084	-18	0.0	3	2.2	164
2024/05/09	22:38:03	40.94965	141.70047	34	0.0	3	2.2	170
2024/05/09	22:39:03	40.95008	141.70046	-10	0.0	3	2.2	172
2024/05/09	22:40:03	40.95029	141.70009	26	0.0	3	2.2	186
2024/05/09	22:41:03	40.95038	141.69972	66	0.0	3	2.2	169
2024/05/09	22:42:03	40.95056	141.69978	24	0.0	3	2.3	208
2024/05/09	22:43:02	40.95078	141.69958	38	0.0	3	2.3	171
2024/05/09	22:44:02	40.95089	141.69927	36	0.0	3	2.3	145
2024/05/09	22:45:03	40.95105	141.69922	10	0.0	3	2.3	218
2024/05/09	22:46:03	40.95144	141.69913	-14	0.0	3	2.3	191
2024/05/09	22:47:02	40.95153	141.69883	10	0.0	3	2.3	218
2024/05/09	22:48:03	40.95140	141.69848	32	0.0	3	2.3	247
2024/05/09	22:49:03	40.95179	141.69839	6	0.0	3	2.3	243
2024/05/09	22:50:03	40.95188	141.69820	14	0.0	3	2.3	224
2024/05/09	22:51:06	40.95217	141.69810	-0	3.7	3	2.3	185
2024/05/09	22:52:03	40.95223	141.69788	-0	0.0	3	2.3	244
2024/05/09	22:53:04	40.95240	141.69754	12	3.7	3	2.3	215
2024/05/09	22:54:04	40.95258	141.69735	12	0.0	3	2.3	201
2024/05/09	22:55:03	40.95268	141.69705	30	0.0	3	2.4	218
2024/05/09	22:56:01	40.95304	141.69711	-24	0.0	3	2.4	193
2024/05/09	22:57:04	40.95331	141.69690	-12	0.0	3	2.4	210
2024/05/09	22:58:04	40.95309	141.69478	6	25.9	3	2.4	265
2024/05/09	22:59:05	40.95412	141.68867	62	29.6	3	2.4	266
2024/05/09	23:00:02	40.95417	141.68343	20	25.9	3	2.4	195
2024/05/09	23:01:03	40.95295	141.67927	-46	29.6	3	2.4	256
2024/05/09	23:02:02	40.95000	141.67677	16	18.5	3	2.4	198
2024/05/09	23:03:03	40.94830	141.67533	16	0.0	2	2.2	191
2024/05/09	23:04:06	40.94873	141.67524	-10	3.7	3	2.4	194
2024/05/09	23:05:03	40.94873	141.67499	0	0.0	3	2.4	241
2024/05/09	23:06:04	40.94907	141.67464	-10	0.0	3	3.0	265
2024/05/09	23:07:03	40.94923	141.67428	28	0.0	3	3.0	229
2024/05/09	23:08:01	40.94946	141.67407	20	0.0	3	3.0	183
2024/05/09	23:09:06	40.94969	141.67376	12	0.0	3	3.0	284
2024/05/09	23:10:04	40.95005	141.67360	-6	0.0	3	3.0	294
2024/05/09	23:11:06	40.95008	141.67333	22	0.0	3	3.0	274
2024/05/09	23:12:04	40.95052	141.67319	-2	0.0	3	3.0	283
2024/05/09	23:13:04	40.95068	141.67299	6	0.0	3	3.0	311
2024/05/09	23:14:04	40.95103	141.67286	-0	0.0	3	3.0	319
2024/05/09	23:15:07	40.95125	141.67260	0	3.7	3	3.1	302
2024/05/09	23:16:03	40.95138	141.67236	14	0.0	3	3.1	284
2024/05/09	23:17:04	40.95182	141.67231	-8	7.4	3	3.1	318
2024/05/09	23:18:03	40.95245	141.67207	-46	0.0	3	3.1	313
2024/05/09	23:19:04	40.95204	141.67174	12	3.7	3	3.1	280
2024/05/09	23:20:07	40.95213	141.67158	18	0.0	3	3.1	309
2024/05/09	23:21:05	40.95256	141.67145	-6	22.2	3	3.1	244
2024/05/09	23:22:03	40.95272	141.67113	4	0.0	3	3.1	249
2024/05/09	23:23:08	40.95281	141.67101	-2	11.1	3	3.2	209
2024/05/09	23:24:04	40.95222	141.66956	-8	18.5	3	3.2	294
2024/05/09	23:25:03	40.95021	141.66494	38	25.9	3	3.2	286
2024/05/09	23:26:32	40.94963	141.65743	10	25.9	3	3.1	284
2024/05/09	23:27:01	40.94907	141.65505	-0	25.9	3	3.1	301
2024/05/09	23:28:04	40.94828	141.64983	28	33.3	3	3.2	298
2024/05/09	23:29:03	40.94682	141.64553	14	29.6	3	3.2	303
2024/05/09	23:30:03	40.94626	141.64139	24	22.2	3	3.2	299
2024/05/09	23:31:02	40.94441	141.64021	26	0.0	2	2.1	254
2024/05/09	23:32:03	40.94203	141.63801	30	29.6	3	3.3	285
2024/05/09	23:33:02	40.94071	141.63572	-0	22.2	3	3.3	308
2024/05/09	23:34:04	40.93751	141.63280	60	22.2	3	3.4	308
2024/05/09	23:35:07	40.93709	141.62848	18	11.1	3	3.4	286
2024/05/09	23:36:05	40.93711	141.62814	10	0.0	3	3.4	291
2024/05/09	23:37:08	40.93705	141.62759	16	3.7	3	4.0	288
2024/05/09	23:38:09	40.93698	141.62726	30	0.0	3	4.0	280
2024/05/09	23:39:32	40.93720	141.62684	16	0.0	4	2.4	288
2024/05/09	23:40:01	40.93747	141.62681	-0	0.0	4	2.4	272
2024/05/09	23:41:01	40.93741	141.62663	36	0.0	3	2.4	245
2024/05/09	23:42:01	40.93651	141.62715	14	0.0	4	2.4	304
2024/05/09	23:43:01	40.93671	141.62702	2	0.0	4	2.4	313
2024/05/09	23:44:02	40.93670	141.62674	2	0.0	4	3.0	299
2024/05/09	23:45:02	40.93698	141.62673	-2	0.0	4	3.0	287
2024/05/09	23:46:02	40.93709	141.62655	8	0.0	4	3.0	312
2024/05/09	23:47:02	40.93712	141.62636	16	0.0	4	3.0	279
2024/05/09	23:48:02	40.93733	141.62619	-6	0.0	4	3.0	284
2024/05/09	23:49:02	40.93732	141.62603	12	14.8	4	3.0	306
2024/05/09	23:50:01	40.93721	141.62580	52	0.0	3	3.2	280
2024/05/09	23:51:02	40.93732	141.62567	10	0.0	4	3.0	313
2024/05/09	23:52:01	40.93755	141.62560	-6	0.0	4	3.0	310
2024/05/09	23:53:02	40.93763	141.62534	6	0.0	4	3.0	312
2024/05/09	23:54:01	40.93702	141.62245	26	0.0	4	3.0	309
2024/05/09	23:55:01	40.93728	141.62226	-4	0.0	4	3.0	284
2024/05/09	23:56:01	40.93717	141.62200	16	0.0	4	3.0	310
2024/05/09	23:57:02	40.93738	141.62173	20	0.0	4	3.0	304
2024/05/09	23:58:02	40.93742	141.62159	12	0.0	4	3.0	312
2024/05/09	23:59:02	40.93754	141.62136	6	0.0	4	3.0	311
2024/05/10	00:00:03	40.93778	141.62121	24	0.0	3	3.1	310
2024/05/10	00:01:01	40.93781	141.62097	32	0.0	3	3.1	289
2024/05/10	00:02:02	40.93787	141.62063	24	0.0	3	3.1	311
2024/05/10	00:03:02	40.93794	141.62040	8	0.0	3	3.1	260
2024/05/10	00:04:02	40.93807	141.62013	28	0.0	3	3.0	314
2024/05/10	00:05:01	40.93824	141.62010	-14	0.0	3	3.0	231
2024/05/10	00:06:01	40.93836	141.61993	52	0.0	3	3.0	256
2024/05/10	00:07:01	40.93839	141.61980	8	0.0	3	3.0	259
2024/05/10	00:08:01	40.93859	141.61966	0	0.0	3	3.0	314
2024/05/10	00:09:01	40.93874	141.61941	-28	0.0	3	3.0	265
2024/05/10	00:10:02	40.93871	141.61930	4	0.0	3	3.0	313
2024/05/10	00:11:02	40.93872	141.61906	24	0.0	3	3.0	277
2024/05/10	00:12:01	40.93901	141.61888	50	0.0	3	2.4	235
2024/05/10	00:13:02	40.93900	141.61884	-6	0.0	3	2.4	280
2024/05/10	00:14:01	40.93904	141.61870	0	7.4	3	2.4	256
2024/05/10	00:15:01	40.93915	141.61845	32	3.7	3	2.4	236
2024/05/10	00:16:01	40.93960	141.61853	-28	0.0	3	2.4	238
2024/05/10	00:17:03	40.93943	141.61828	-8	0.0	3	2.4	297
2024/05/10	00:18:01	40.93956	141.61820	-36	0.0	3	2.4	267
2024/05/10	00:19:03	40.93975	141.61812	-0	0.0	3	2.4	271
2024/05/10	00:20:01	40.93967	141.61802	2	0.0	3	2.4	268
2024/05/10	00:21:02	40.94007	141.61784	6	0.0	3	2.4	292
2024/05/10	00:22:01	40.94016	141.61758	-14	0.0	3	2.3	216
2024/05/10	00:23:02	40.94019	141.61740	58	0.0	3	2.3	268
2024/05/10	00:24:02	40.93974	141.61710	-8	22.2	3	2.3	286
2024/05/10	00:25:02	40.93426	141.61955	38	11.1	3	2.3	286
2024/05/10	00:26:03	40.92902	141.62164	-4	40.7	3	2.3	259
2024/05/10	00:27:02	40.92461	141.62124	4	18.5	3	2.3	259
2024/05/10	00:28:03	40.92041	141.62034	-4	29.6	3	2.3	289
2024/05/10	00:29:02	40.91728	141.61945	6	33.3	3	2.3	258
2024/05/10	00:30:03	40.91302	141.61762	-30	18.5	3	2.3	290
2024/05/10	00:31:02	40.90951	141.61501	4	22.2	3	2.3	237
2024/05/10	00:32:04	40.90697	141.61130	18	22.2	3	2.3	291
2024/05/10	00:33:04	40.90485	141.60773	14	18.5	3	2.3	280
2024/05/10	00:34:02	40.90312	141.60427	36	18.5	3	2.3	263
2024/05/10	00:35:02	40.90186	141.60059	-26	25.9	3	2.3	285
2024/05/10	00:36:02	40.89927	141.59616	-6	33.3	3	2.3	268
2024/05/10	00:37:01	40.89906	141.59574	2	0.0	3	2.3	240
2024/05/10	00:38:02	40.89933	141.59581	-36	0.0	3	2.3	266
2024/05/10	00:39:01	40.89925	141.59580	24	0.0	3	2.2	264
2024/05/10	00:40:01	40.89941	141.59578	-20	0.0	3	2.2	237
2024/05/10	00:41:04	40.89925	141.59503	6	22.2	3	2.2	288
2024/05/10	00:42:02	40.89902	141.59119	12	22.2	3	2.2	264
2024/05/10	00:43:04	40.89689	141.58796	12	29.6	3	2.2	265
2024/05/10	00:44:03	40.89522	141.58461	34	18.5	3	2.2	288
2024/05/10	00:45:02	40.89401	141.58123	8	18.5	3	2.2	264
2024/05/10	00:46:03	40.89387	141.57738	12	22.2	3	2.2	292
2024/05/10	00:47:03	40.89205	141.57322	26	18.5	3	2.2	268
2024/05/10	00:48:01	40.89199	141.56887	6	14.8	3	2.2	272
2024/05/10	00:49:02	40.89090	141.56484	36	18.5	3	2.2	276
2024/05/10	00:50:02	40.88949	141.56050	12	25.9	3	2.2	264
2024/05/10	00:51:03	40.88838	141.55560	2	22.2	3	2.2	266
2024/05/10	00:52:02	40.88752	141.55104	22	25.9	3	2.2	240
2024/05/10	00:53:03	40.88612	141.54625	10	22.2	3	2.2	270
2024/05/10	00:54:03	40.88491	141.54195	20	22.2	3	2.2	263
2024/05/10	00:55:03	40.88313	141.53831	44	29.6	3	2.2	263
2024/05/10	00:56:02	40.87913	141.53552	-12	37.0	3	2.2	264
2024/05/10	00:57:03	40.87641	141.53260	-42	25.9	3	2.2	262
2024/05/10	00:58:01	40.87566	141.53220	30	0.0	3	2.2	233
2024/05/10	00:59:03	40.87576	141.53219	0	0.0	3	2.2	271
2024/05/10	01:00:03	40.87564	141.53214	12	0.0	3	2.2	266
2024/05/10	01:01:01	40.87541	141.53204	24	0.0	3	2.3	268
2024/05/10	01:02:02	40.87558	141.53195	-0	0.0	3	2.3	271
2024/05/10	01:03:03	40.87545	141.53138	28	0.0	3	2.3	265
2024/05/10	01:04:04	40.87515	141.53138	22	0.0	3	2.3	248
2024/05/10	01:05:04	40.87523	141.53140	8	0.0	3	2.3	267
2024/05/10	01:06:04	40.87497	141.53146	18	0.0	3	2.3	256
2024/05/10	01:07:01	40.87511	141.53139	-12	0.0	3	2.3	263
2024/05/10	01:08:01	40.87498	141.53129	14	0.0	3	2.3	266
2024/05/10	01:09:02	40.87481	141.53129	28	0.0	3	2.3	265
2024/05/10	01:10:01	40.87466	141.53131	20	0.0	3	2.3	272
2024/05/10	01:11:02	40.87460	141.53131	0	0.0	3	2.3	263
2024/05/10	01:12:02	40.87453	141.53123	-30	0.0	3	2.3	230
2024/05/10	01:13:01	40.87431	141.53128	-2	0.0	3	2.3	262
2024/05/10	01:14:02	40.87396	141.53149	16	0.0	3	2.3	266
2024/05/10	01:15:01	40.87401	141.53137	6	0.0	2	3.1	256
2024/05/10	01:16:02	40.87383	141.53146	-6	0.0	3	2.3	262
2024/05/10	01:17:03	40.87368	141.53166	24	0.0	3	2.3	253
2024/05/10	01:18:02	40.87372	141.53170	-40	0.0	3	2.3	257
2024/05/10	01:19:02	40.87330	141.53200	20	0.0	3	2.3	234
2024/05/10	01:20:02	40.87345	141.53202	-2	0.0	3	2.3	261
2024/05/10	01:21:03	40.87287	141.53241	48	3.7	3	2.3	270
2024/05/10	01:22:03	40.87306	141.53231	-2	0.0	3	2.4	248
2024/05/10	01:23:02	40.87273	141.53268	32	0.0	3	2.4	229
2024/05/10	01:24:02	40.87281	141.53282	-10	0.0	3	2.4	282
2024/05/10	01:25:02	40.87280	141.53262	-10	0.0	3	2.4	239
2024/05/10	01:26:01	40.87266	141.53279	8	0.0	3	2.4	237
2024/05/10	01:27:03	40.87265	141.53276	-18	0.0	3	2.4	264
2024/05/10	01:28:01	40.87241	141.53278	-18	0.0	3	2.4	235
2024/05/10	01:29:02	40.87221	141.53277	6	0.0	3	2.4	247
2024/05/10	01:30:01	40.87221	141.53270	-8	0.0	3	2.4	249
2024/05/10	01:31:01	40.87184	141.53293	32	0.0	3	2.4	241
2024/05/10	01:32:02	40.87188	141.53293	-12	0.0	3	2.4	260
2024/05/10	01:33:02	40.87157	141.53302	-12	0.0	3	2.4	261
2024/05/10	01:34:03	40.87125	141.53305	6	0.0	3	2.4	258
2024/05/10	01:35:02	40.87112	141.53307	-4	0.0	3	3.0	256
2024/05/10	01:36:01	40.87094	141.53314	-14	0.0	3	3.0	252
2024/05/10	01:37:04	40.86887	141.53041	-2	22.2	3	3.0	314
2024/05/10	01:38:05	40.86721	141.52616	-22	18.5	3	3.0	274
2024/05/10	01:39:05	40.86553	141.52207	-6	22.2	3	3.0	272
2024/05/10	01:40:05	40.86446	141.51948	12	22.2	3	3.0	275
2024/05/10	01:41:03	40.86269	141.51577	-16	29.6	3	3.0	276
2024/05/10	01:42:03	40.85951	141.51204	24	33.3	3	3.0	282
2024/05/10	01:43:02	40.85821	141.51038	-10	0.0	3	3.0	257
2024/05/10	01:44:03	40.85785	141.51061	0	0.0	3	3.1	280
2024/05/10	01:45:02	40.85750	141.51065	38	0.0	3	3.1	258
2024/05/10	01:46:03	40.85746	141.51069	-2	0.0	3	3.1	279
2024/05/10	01:47:04	40.85736	141.51071	-16	0.0	3	3.1	278
2024/05/10	01:48:02	40.85723	141.51074	-0	0.0	3	3.1	255
2024/05/10	01:49:04	40.85639	141.50933	2	18.5	3	3.1	276
2024/05/10	01:50:05	40.85542	141.50887	18	0.0	3	3.1	279
2024/05/10	01:51:04	40.85539	141.50895	6	3.7	3	3.1	283
2024/05/10	01:52:02	40.85538	141.50898	-14	0.0	3	3.2	287
2024/05/10	01:53:04	40.85506	141.50917	10	0.0	3	3.2	277
2024/05/10	01:54:10	40.85486	141.50938	12	7.4	3	3.2	275
2024/05/10	01:55:06	40.85490	141.50953	-14	3.7	3	3.2	275
2024/05/10	01:56:05	40.85475	141.50958	-2	3.7	3	3.2	278
2024/05/10	01:57:03	40.85467	141.50977	-8	0.0	3	3.2	283
2024/05/10	01:58:32	40.85409	141.51020	4	3.7	6	1.2	266
2024/05/10	01:59:01	40.85415	141.51019	6	0.0	6	1.2	256
2024/05/10	02:00:01	40.85383	141.51034	-4	0.0	5	2.0	256
2024/05/10	02:01:01	40.85367	141.51045	-8	0.0	5	2.0	260
2024/05/10	02:02:01	40.85366	141.51050	14	0.0	5	2.0	253
2024/05/10	02:03:01	40.85325	141.51076	-14	0.0	4	3.3	258
2024/05/10	02:04:01	40.85329	141.51076	-2	0.0	5	2.0	231
2024/05/10	02:05:01	40.85335	141.51083	22	0.0	4	3.2	230
2024/05/10	02:06:01	40.85304	141.51102	-0	0.0	5	2.0	255
2024/05/10	02:07:01	40.85293	141.51125	6	0.0	4	3.1	231
2024/05/10	02:08:01	40.85292	141.51136	28	0.0	4	3.0	256
2024/05/10	02:09:01	40.85248	141.51168	4	0.0	4	3.0	254
2024/05/10	02:10:01	40.85269	141.51162	26	0.0	4	2.4	259
2024/05/10	02:11:00	40.85200	141.51191	-16	33.3	4	2.4	226
2024/05/10	02:12:00	40.85152	141.51225	34	0.0	4	2.4	233
2024/05/10	02:13:00	40.85132	141.51243	14	0.0	4	2.3	202
2024/05/10	02:14:01	40.85118	141.51253	-4	0.0	4	2.3	251
2024/05/10	02:15:01	40.85229	141.51275	-2	14.8	4	2.1	235
2024/05/10	02:16:01	40.85319	141.50906	0	18.5	4	2.2	230
2024/05/10	02:17:02	40.85587	141.50664	14	18.5	5	1.3	260
2024/05/10	02:18:01	40.85796	141.50369	8	11.1	5	1.3	238
2024/05/10	02:19:02	40.85780	141.50345	6	0.0	5	1.3	253
2024/05/10	02:20:00	40.85750	141.50378	18	0.0	4	2.0	233
2024/05/10	02:21:01	40.85738	141.50395	14	3.7	3	2.2	251
2024/05/10	02:22:01	40.85724	141.50409	12	0.0	4	2.1	226
2024/05/10	02:23:01	40.85696	141.50421	-0	0.0	4	2.0	227
2024/05/10	02:24:01	40.85678	141.50443	20	0.0	4	2.0	223
2024/05/10	02:25:01	40.85632	141.50470	-4	0.0	4	2.0	223
2024/05/10	02:26:01	40.85605	141.50488	8	0.0	4	2.0	227
2024/05/10	02:27:01	40.85589	141.50525	6	0.0	4	2.0	253
2024/05/10	02:28:01	40.85555	141.50515	-22	0.0	3	6.2	176
2024/05/10	02:29:00	40.85577	141.50548	14	0.0	4	2.0	206
2024/05/10	02:30:01	40.85535	141.50594	-8	0.0	4	1.4	197
2024/05/10	02:31:01	40.85509	141.50611	4	0.0	4	1.4	252
2024/05/10	02:32:01	40.85477	141.50631	-2	0.0	4	1.4	195
2024/05/10	02:33:02	40.85459	141.50677	-6	0.0	4	3.3	245
2024/05/10	02:34:02	40.85422	141.50697	12	0.0	3	6.2	247
2024/05/10	02:35:02	40.85454	141.50854	6	0.0	5	1.2	276
2024/05/10	02:36:02	40.85437	141.50896	2	3.7	5	1.2	247
2024/05/10	02:37:01	40.85413	141.50923	20	0.0	4	3.3	238
2024/05/10	02:38:02	40.85363	141.50973	78	0.0	3	6.0	223
2024/05/10	02:39:01	40.85403	141.51001	-36	0.0	3	5.3	238
2024/05/10	02:40:02	40.85377	141.51019	-10	0.0	3	5.3	245
2024/05/10	02:41:01	40.85372	141.51048	34	0.0	3	5.2	245
2024/05/10	02:42:03	40.85347	141.51067	30	0.0	3	5.2	245
2024/05/10	02:43:03	40.85356	141.51086	10	0.0	3	5.2	269
2024/05/10	02:44:03	40.85317	141.51112	40	0.0	3	5.1	216
2024/05/10	02:45:02	40.85309	141.51136	28	0.0	3	5.1	233
2024/05/10	02:46:03	40.85315	141.51153	8	0.0	3	5.1	218
2024/05/10	02:47:02	40.85299	141.51185	4	0.0	3	5.0	235
2024/05/10	02:48:02	40.85301	141.51198	-14	0.0	3	5.0	227
2024/05/10	02:49:03	40.85247	141.51245	58	0.0	3	5.0	227
2024/05/10	02:50:04	40.85267	141.51257	6	0.0	4	4.0	211
2024/05/10	02:51:02	40.85250	141.51276	-2	0.0	3	4.4	235
2024/05/10	02:52:03	40.85221	141.51286	18	0.0	3	4.4	212
2024/05/10	02:53:03	40.85212	141.51298	12	0.0	3	4.4	213
2024/05/10	02:54:03	40.85186	141.51307	24	3.7	4	4.0	215
2024/05/10	02:55:03	40.85191	141.51322	-2	0.0	3	4.3	212
2024/05/10	02:56:02	40.85169	141.51341	4	0.0	3	4.3	192
2024/05/10	02:57:03	40.85130	141.51342	52	0.0	3	4.3	207
2024/05/10	02:58:02	40.85121	141.51342	38	0.0	3	4.3	212
2024/05/10	02:59:02	40.85114	141.51358	22	0.0	3	4.3	174
2024/05/10	03:00:02	40.85070	141.51317	68	7.4	3	4.2	235
2024/05/10	03:01:03	40.85054	141.51346	44	0.0	3	4.2	227
2024/05/10	03:02:04	40.85023	141.51359	46	0.0	3	4.2	232
2024/05/10	03:03:04	40.85019	141.51386	18	0.0	3	4.2	236
2024/05/10	03:04:03	40.85002	141.51399	22	3.7	3	4.2	195
2024/05/10	03:05:04	40.84992	141.51417	10	0.0	3	4.2	194
2024/05/10	03:06:02	40.84970	141.51420	-6	0.0	3	4.1	209
2024/05/10	03:07:03	40.84942	141.51424	10	0.0	3	4.1	212
2024/05/10	03:08:03	40.84909	141.51443	30	0.0	3	4.1	215
2024/05/10	03:09:03	40.84890	141.51464	14	0.0	3	4.1	216
2024/05/10	03:10:03	40.84865	141.51468	24	0.0	3	4.1	214
2024/05/10	03:11:02	40.84823	141.51484	44	0.0	3	4.1	214
2024/05/10	03:12:04	40.84813	141.51498	2	3.7	3	4.0	218
2024/05/10	03:13:07	40.84791	141.51513	10	0.0	3	4.0	217
2024/05/10	03:14:04	40.84768	141.51527	4	0.0	3	4.0	216
2024/05/10	03:15:04	40.84747	141.51542	14	3.7	3	4.0	220
2024/05/10	03:16:02	40.84736	141.51575	-2	3.7	3	4.0	217
2024/05/10	03:17:04	40.84687	141.51573	38	0.0	3	4.0	217
2024/05/10	03:18:04	40.84672	141.51593	16	0.0	3	4.0	220
2024/05/10	03:19:04	40.84648	141.51604	20	0.0	3	4.0	211
2024/05/10	03:20:01	40.84640	141.51663	44	3.7	2	6.0	197
2024/05/10	03:21:04	40.84614	141.51647	4	0.0	3	3.4	219
2024/05/10	03:22:05	40.84562	141.51649	22	3.7	3	3.4	218
2024/05/10	03:23:04	40.84543	141.51687	20	0.0	3	3.4	237
2024/05/10	03:24:04	40.84530	141.51692	-6	0.0	3	3.4	219
2024/05/10	03:25:05	40.84497	141.51718	-0	3.7	3	3.4	216
2024/05/10	03:26:05	40.84461	141.51754	18	0.0	3	3.4	218
2024/05/10	03:27:09	40.84445	141.51765	-6	0.0	3	3.4	214
2024/05/10	03:28:12	40.84408	141.51792	12	0.0	3	3.4	219
2024/05/10	03:29:12	40.84389	141.51805	0	0.0	3	3.4	238
2024/05/10	03:30:32	40.84343	141.51830	12	0.0	5	1.2	270
2024/05/10	03:31:00	40.84316	141.51837	-28	0.0	3	2.0	178
2024/05/10	03:32:01	40.84290	141.51843	-16	0.0	5	1.2	208
2024/05/10	03:33:00	40.84266	141.51866	-0	0.0	3	2.0	232
2024/05/10	03:34:00	40.84242	141.51892	48	0.0	4	2.0	206
2024/05/10	03:35:01	40.84187	141.51897	-42	0.0	4	2.0	204
2024/05/10	03:36:00	40.84176	141.51941	38	0.0	3	2.1	175
2024/05/10	03:37:00	40.84142	141.51929	-14	0.0	3	2.1	176
2024/05/10	03:38:01	40.84121	141.51929	24	0.0	4	2.1	182
2024/05/10	03:39:02	40.84099	141.51931	6	0.0	5	1.2	225
2024/05/10	03:40:00	40.84068	141.51933	0	3.7	5	1.2	203
2024/05/10	03:41:00	40.84024	141.51978	-2	3.7	3	2.2	207
2024/05/10	03:42:00	40.84016	141.51956	-28	0.0	4	2.2	211
2024/05/10	03:43:00	40.83991	141.51974	-28	3.7	4	2.2	204
2024/05/10	03:44:00	40.83970	141.52005	36	0.0	4	2.2	200
2024/05/10	03:45:00	40.83988	141.52011	78	0.0	4	2.4	207
2024/05/10	03:46:01	40.83914	141.52024	6	0.0	4	2.3	257
2024/05/10	03:47:01	40.83911	141.52037	68	0.0	4	2.3	206
2024/05/10	03:48:01	40.83838	141.52028	0	3.7	3	3.4	198
2024/05/10	03:49:01	40.83820	141.52038	-8	0.0	5	1.2	204
2024/05/10	03:50:00	40.83805	141.52052	26	0.0	4	2.4	152
2024/05/10	03:51:01	40.83759	141.52061	32	0.0	5	1.2	202
2024/05/10	03:52:00	40.83736	141.52058	50	0.0	4	2.4	200
2024/05/10	03:53:01	40.83695	141.52067	22	3.7	5	1.2	225
2024/05/10	03:54:00	40.83659	141.52078	22	0.0	4	2.4	211
2024/05/10	03:55:00	40.83622	141.52079	-18	0.0	4	2.4	206
2024/05/10	03:56:00	40.83599	141.52082	34	0.0	4	2.4	210
2024/05/10	03:57:00	40.83542	141.52083	-30	0.0	4	2.4	211
2024/05/10	03:58:00	40.83516	141.52099	-20	0.0	4	2.4	179
2024/05/10	03:59:01	40.83495	141.52096	-10	3.7	4	2.4	210
2024/05/10	04:00:00	40.83467	141.52132	-22	0.0	4	2.4	207
2024/05/10	04:01:01	40.83464	141.52120	12	0.0	4	2.4	209
2024/05/10	04:02:01	40.83415	141.52143	10	0.0	4	2.4	213
2024/05/10	04:03:02	40.83395	141.52159	22	0.0	4	2.4	203
2024/05/10	04:04:00	40.83369	141.52188	48	0.0	4	2.4	205
2024/05/10	04:05:00	40.83346	141.52199	46	0.0	4	2.4	198
2024/05/10	04:06:01	40.83316	141.52194	4	0.0	3	4.4	248
2024/05/10	04:07:01	40.83291	141.52214	10	0.0	4	2.4	207
2024/05/10	04:08:00	40.83305	141.52214	54	0.0	4	2.4	209
2024/05/10	04:09:00	40.83267	141.52237	22	0.0	4	2.4	187
2024/05/10	04:10:01	40.83246	141.52248	22	0.0	4	2.4	217
2024/05/10	04:11:00	40.83194	141.52264	22	3.7	4	2.4	182
2024/05/10	04:12:00	40.83163	141.52266	-0	0.0	4	2.4	209
2024/05/10	04:13:00	40.83158	141.52280	62	0.0	4	2.4	178
2024/05/10	04:14:01	40.83122	141.52296	18	0.0	4	2.4	212
2024/05/10	04:15:01	40.83109	141.52302	32	0.0	4	3.0	210
2024/05/10	04:16:01	40.83068	141.52308	20	0.0	4	3.0	210
2024/05/10	04:17:01	40.83032	141.52311	0	0.0	4	3.0	184
2024/05/10	04:18:01	40.83004	141.52321	4	0.0	4	3.0	206
2024/05/10	04:19:01	40.82999	141.52340	30	0.0	4	3.0	228
2024/05/10	04:20:01	40.82950	141.52339	-8	0.0	4	3.0	213
2024/05/10	04:21:01	40.82926	141.52349	4	0.0	4	3.0	180
2024/05/10	04:22:01	40.82916	141.52356	18	0.0	4	3.0	205
2024/05/10	04:23:01	40.82880	141.52353	-0	0.0	4	3.0	209
2024/05/10	04:24:01	40.82894	141.52353	8	0.0	4	3.0	235
2024/05/10	04:25:01	40.82855	141.52362	28	0.0	4	3.1	206
2024/05/10	04:26:01	40.82819	141.52365	26	0.0	4	3.1	211
2024/05/10	04:27:01	40.82792	141.52362	-6	0.0	4	3.1	208
2024/05/10	04:28:01	40.82761	141.52372	28	0.0	4	3.1	231
2024/05/10	04:29:01	40.82758	141.52368	22	0.0	4	3.2	209
2024/05/10	04:30:01	40.82739	141.52376	4	0.0	4	3.2	206
2024/05/10	04:31:01	40.82732	141.52375	26	0.0	4	3.2	230
2024/05/10	04:32:01	40.82700	141.52372	8	0.0	4	3.3	229
2024/05/10	04:33:01	40.82679	141.52374	32	0.0	4	3.3	210
2024/05/10	04:34:01	40.82648	141.52376	12	0.0	4	3.3	206
2024/05/10	04:35:02	40.82599	141.52183	10	11.1	4	3.4	229
2024/05/10	04:36:01	40.82645	141.52166	20	0.0	4	3.4	235
2024/05/10	04:37:01	40.82639	141.52162	18	0.0	4	4.0	239
2024/05/10	04:38:01	40.82605	141.52171	8	0.0	4	4.0	235
2024/05/10	04:39:01	40.82607	141.52161	0	0.0	3	5.4	238
2024/05/10	04:40:01	40.82577	141.52182	2	0.0	4	4.2	237
2024/05/10	04:41:01	40.82574	141.52172	6	0.0	4	4.2	237
2024/05/10	04:42:01	40.82517	141.52190	36	0.0	4	4.3	236
2024/05/10	04:43:02	40.82496	141.52198	40	0.0	4	4.4	226
2024/05/10	04:44:01	40.82513	141.52170	8	0.0	4	5.0	237
2024/05/10	04:45:01	40.82500	141.52178	34	0.0	4	5.1	235
2024/05/10	04:46:01	40.82513	141.52158	-2	0.0	4	5.2	230
2024/05/10	04:47:01	40.82459	141.52181	16	0.0	4	5.3	233
2024/05/10	04:48:01	40.82464	141.52162	-4	0.0	3	5.4	229
2024/05/10	04:49:01	40.82398	141.52193	22	0.0	4	6.1	237
2024/05/10	04:50:01	40.82458	141.52144	-28	0.0	4	6.2	231
2024/05/10	04:51:01	40.82347	141.52199	24	0.0	4	6.3	240
2024/05/10	04:52:01	40.82312	141.52217	46	0.0	4	7.0	237
2024/05/10	04:53:01	40.82340	141.52181	10	0.0	4	7.1	234
2024/05/10	04:54:01	40.82301	141.52200	18	0.0	4	7.3	236
2024/05/10	04:55:01	40.82295	141.52177	-0	0.0	3	7.4	231
2024/05/10	04:56:02	40.82247	141.52192	18	0.0	4	8.1	240
2024/05/10	04:57:02	40.82254	141.52166	-4	0.0	4	8.2	234
2024/05/10	04:58:02	40.82184	141.52201	14	0.0	4	8.3	256
2024/05/10	04:59:02	40.82167	141.52213	16	0.0	4	8.3	229
2024/05/10	05:00:32	40.82134	141.52224	14	0.0	5	2.1	265
2024/05/10	05:01:01	40.82124	141.52226	2	0.0	5	2.1	233
2024/05/10	05:02:01	40.82078	141.52227	30	0.0	4	2.1	235
2024/05/10	05:03:01	40.82030	141.52246	26	0.0	4	2.1	232
2024/05/10	05:04:00	40.82023	141.52229	-8	0.0	4	2.1	231
2024/05/10	05:05:00	40.82002	141.52218	16	0.0	4	2.0	226
2024/05/10	05:06:01	40.81914	141.51961	2	25.9	5	2.0	252
2024/05/10	05:07:01	40.81751	141.51835	14	0.0	4	2.0	228
2024/05/10	05:08:00	40.81667	141.51858	16	0.0	4	2.0	202
2024/05/10	05:09:00	40.81644	141.51872	14	0.0	4	2.0	235
2024/05/10	05:10:01	40.81645	141.51859	20	0.0	4	2.0	233
2024/05/10	05:11:00	40.81627	141.51854	16	3.7	4	1.4	217
2024/05/10	05:12:00	40.81620	141.51854	4	0.0	4	1.4	210
2024/05/10	05:13:00	40.81605	141.51834	0	0.0	4	1.4	238
2024/05/10	05:14:01	40.81592	141.51840	6	0.0	4	1.4	240
2024/05/10	05:15:00	40.81572	141.51845	10	0.0	3	2.1	228
2024/05/10	05:16:00	40.81546	141.51830	16	3.7	4	1.4	207
2024/05/10	05:17:00	40.81517	141.51833	12	0.0	4	1.4	217
2024/05/10	05:18:01	40.81503	141.51822	2	0.0	4	1.4	230
2024/05/10	05:19:00	40.81481	141.51820	14	0.0	4	1.3	235
2024/05/10	05:20:00	40.81440	141.51821	-6	0.0	3	2.4	208
2024/05/10	05:21:00	40.81437	141.51831	10	3.7	3	2.4	178
2024/05/10	05:22:00	40.81443	141.51840	12	0.0	3	2.4	209
2024/05/10	05:23:00	40.81408	141.51829	12	0.0	3	2.3	184
2024/05/10	05:24:00	40.81399	141.51809	30	0.0	3	2.3	209
2024/05/10	05:25:01	40.81377	141.51816	8	0.0	4	1.3	229
2024/05/10	05:26:00	40.81345	141.51813	18	0.0	3	2.3	228
2024/05/10	05:27:00	40.81338	141.51801	20	0.0	3	2.2	211
2024/05/10	05:28:00	40.81313	141.51807	14	0.0	4	1.3	237
2024/05/10	05:29:00	40.81307	141.51795	0	0.0	3	2.2	216
2024/05/10	05:30:00	40.81274	141.51784	4	0.0	3	2.2	238
2024/05/10	05:31:00	40.81281	141.51793	38	0.0	3	2.2	212
2024/05/10	05:32:00	40.81259	141.51766	-0	0.0	3	2.2	207
2024/05/10	05:33:00	40.81225	141.51763	-14	0.0	4	1.2	210
2024/05/10	05:34:00	40.81211	141.51774	10	0.0	3	2.1	211
2024/05/10	05:35:01	40.81184	141.51785	14	0.0	3	2.1	230
2024/05/10	05:36:02	40.81166	141.51794	16	0.0	4	1.2	252
2024/05/10	05:37:00	40.81133	141.51773	8	0.0	3	2.1	152
2024/05/10	05:38:01	40.81116	141.51795	0	0.0	3	2.1	222
2024/05/10	05:39:01	40.81098	141.51793	22	0.0	3	2.1	229
2024/05/10	05:40:01	40.81073	141.51798	8	0.0	4	1.2	253
2024/05/10	05:41:00	40.81035	141.51801	14	0.0	3	2.1	183
2024/05/10	05:42:01	40.81027	141.51806	28	0.0	3	2.1	245
2024/05/10	05:43:00	40.81007	141.51813	18	0.0	3	2.0	204
2024/05/10	05:44:00	40.80988	141.51809	8	0.0	3	2.0	180
2024/05/10	05:45:00	40.80975	141.51804	6	0.0	3	2.0	257
2024/05/10	05:46:00	40.80951	141.51807	4	3.7	3	2.0	260
2024/05/10	05:47:01	40.80936	141.51789	14	0.0	3	2.0	196
2024/05/10	05:48:01	40.80913	141.51796	2	0.0	4	1.2	247
2024/05/10	05:49:01	40.80878	141.51806	30	0.0	3	2.0	192
2024/05/10	05:50:01	40.80769	141.51427	8	22.2	3	1.3	202
2024/05/10	05:51:01	40.80594	141.51027	26	0.0	3	2.0	251
2024/05/10	05:52:01	40.80567	141.51040	36	0.0	3	2.0	249
2024/05/10	05:53:01	40.80552	141.51027	42	3.7	2	4.1	247
2024/05/10	05:54:01	40.80519	141.51033	36	0.0	3	2.0	252
2024/05/10	05:55:01	40.80493	141.51032	30	0.0	3	2.0	255
2024/05/10	05:56:01	40.80470	141.51040	16	0.0	4	1.2	256
2024/05/10	05:57:02	40.80444	141.51032	12	0.0	3	2.0	244
2024/05/10	05:58:01	40.80411	141.51037	14	0.0	2	3.4	253
2024/05/10	05:59:01	40.80398	141.51040	28	0.0	2	3.4	260
2024/05/10	06:00:01	40.80374	141.51044	22	0.0	3	2.1	253
2024/05/10	06:01:01	40.80340	141.51052	22	0.0	3	2.1	256
2024/05/10	06:02:02	40.80322	141.51054	22	0.0	3	1.3	276
2024/05/10	06:03:01	40.80296	141.51058	20	0.0	2	3.3	241
2024/05/10	06:04:02	40.80270	141.51067	10	0.0	3	1.3	278
2024/05/10	06:05:01	40.80259	141.51081	32	0.0	2	3.3	249
2024/05/10	06:06:01	40.80233	141.51074	10	0.0	3	1.3	247
2024/05/10	06:07:01	40.80211	141.51077	22	0.0	3	1.3	255
2024/05/10	06:08:01	40.80187	141.51084	-2	0.0	2	3.2	256
2024/05/10	06:09:02	40.80170	141.51092	26	0.0	3	1.3	275
2024/05/10	06:10:01	40.80156	141.51081	10	0.0	3	1.3	252
2024/05/10	06:11:01	40.80137	141.51102	22	0.0	3	1.3	250
2024/05/10	06:12:01	40.80116	141.51120	10	0.0	3	1.3	255
2024/05/10	06:13:01	40.80094	141.51119	8	0.0	3	1.3	257
2024/05/10	06:14:01	40.80087	141.51120	16	0.0	3	1.3	254
2024/05/10	06:15:01	40.80057	141.51127	2	0.0	3	1.3	236
2024/05/10	06:16:01	40.80030	141.51126	-8	0.0	2	3.3	292
2024/05/10	06:17:01	40.80029	141.51138	24	0.0	2	3.3	252
2024/05/10	06:18:01	40.80006	141.51134	-4	0.0	2	3.3	232
2024/05/10	06:19:01	40.79991	141.51146	14	0.0	2	3.3	288
2024/05/10	06:20:01	40.79962	141.51126	-16	0.0	2	3.3	236
2024/05/10	06:21:02	40.79956	141.51145	4	0.0	2	3.3	241
2024/05/10	06:22:02	40.79939	141.51146	18	0.0	3	1.3	202
2024/05/10	06:23:02	40.79930	141.51165	42	3.7	2	3.4	201
2024/05/10	06:24:02	40.79900	141.51154	8	0.0	2	3.4	228
2024/05/10	06:25:01	40.79875	141.51164	26	0.0	3	1.3	222
2024/05/10	06:26:01	40.79868	141.51160	18	0.0	2	4.0	231
2024/05/10	06:27:01	40.79840	141.51169	10	0.0	2	4.0	230
2024/05/10	06:28:01	40.79816	141.51191	26	0.0	2	4.0	224
2024/05/10	06:29:01	40.79795	141.51166	-14	0.0	2	4.1	230
2024/05/10	06:30:02	40.79782	141.51209	44	0.0	2	4.1	228
2024/05/10	06:31:01	40.79760	141.51179	-26	0.0	2	4.1	232
2024/05/10	06:32:01	40.79755	141.51267	104	0.0	2	4.2	230
2024/05/10	06:33:03	40.79725	141.51202	30	0.0	2	4.2	249
2024/05/10	06:34:02	40.79720	141.51167	-22	0.0	2	4.3	221
2024/05/10	06:35:03	40.79749	141.51160	-12	0.0	2	4.3	235
2024/05/10	06:36:02	40.79725	141.51213	46	0.0	2	4.4	194
2024/05/10	06:37:04	40.79705	141.51196	28	0.0	2	4.4	227
2024/05/10	06:38:02	40.79681	141.51186	32	0.0	1	3.1	201
2024/05/10	06:39:04	40.79655	141.51170	4	0.0	2	5.0	246
2024/05/10	06:40:03	40.79654	141.51196	38	3.7	2	5.1	239
2024/05/10	06:41:02	40.79626	141.51181	20	0.0	2	5.2	243
2024/05/10	06:42:02	40.79615	141.51230	60	0.0	2	5.2	249
2024/05/10	06:43:04	40.79568	141.51190	-4	3.7	2	5.3	248
2024/05/10	06:44:03	40.79550	141.51183	-2	0.0	2	5.4	242
2024/05/10	06:45:03	40.79517	141.51185	-10	0.0	2	6.0	250
2024/05/10	06:46:03	40.79497	141.51222	8	0.0	2	6.1	244
2024/05/10	06:47:04	40.79478	141.51243	36	18.5	2	6.2	243
2024/05/10	06:48:03	40.79458	141.51234	34	0.0	1	3.2	221
2024/05/10	06:49:03	40.79440	141.51242	38	0.0	2	6.4	241
2024/05/10	06:50:03	40.79404	141.51180	-34	0.0	2	7.0	246
2024/05/10	06:51:02	40.79397	141.51184	-32	0.0	2	7.1	249
2024/05/10	06:52:03	40.79377	141.51194	-18	0.0	2	7.2	228
2024/05/10	06:53:03	40.79350	141.51300	88	0.0	2	7.4	246
2024/05/10	06:54:03	40.79324	141.51333	80	0.0	2	8.0	226
2024/05/10	06:55:03	40.79299	141.51290	54	3.7	2	8.2	216
2024/05/10	06:56:09	40.79277	141.51296	34	3.7	2	8.4	206
2024/05/10	06:57:03	40.79265	141.51245	0	0.0	2	9.1	254
2024/05/10	06:58:03	40.79251	141.51253	-4	0.0	2	9.3	215
2024/05/10	06:59:03	40.79222	141.51308	32	0.0	2	10.0	200
2024/05/10	07:00:33	40.79199	141.51284	12	0.0	5	1.1	252
2024/05/10	07:01:00	40.79189	141.51293	42	0.0	3	2.3	260
2024/05/10	07:02:00	40.79165	141.51286	6	0.0	4	1.1	232
2024/05/10	07:03:00	40.79160	141.51302	14	0.0	3	2.3	230
2024/05/10	07:04:02	40.79127	141.51292	-0	0.0	4	2.3	231
2024/05/10	07:05:00	40.79110	141.51291	2	0.0	3	2.4	173
2024/05/10	07:06:01	40.79105	141.51295	38	0.0	4	1.1	253
2024/05/10	07:07:01	40.79072	141.51293	-26	0.0	3	2.4	259
2024/05/10	07:08:00	40.79076	141.51299	-4	0.0	4	1.1	227
2024/05/10	07:09:01	40.79062	141.51296	22	0.0	4	1.1	212
2024/05/10	07:10:01	40.79042	141.51300	30	0.0	4	1.1	229
2024/05/10	07:11:00	40.79031	141.51303	-4	0.0	4	1.1	227
2024/05/10	07:12:00	40.79010	141.51297	-12	0.0	4	1.1	180
2024/05/10	07:13:00	40.78999	141.51328	20	0.0	4	1.1	227
2024/05/10	07:14:00	40.78980	141.51354	22	0.0	4	1.1	209
2024/05/10	07:15:00	40.78966	141.51356	28	0.0	4	1.2	181
2024/05/10	07:16:02	40.78960	141.51372	10	0.0	4	1.2	255
2024/05/10	07:17:01	40.78943	141.51368	0	0.0	4	1.2	199
2024/05/10	07:18:00	40.78929	141.51380	0	0.0	4	1.2	174
2024/05/10	07:19:01	40.78905	141.51386	-0	0.0	4	1.2	227
2024/05/10	07:20:00	40.78890	141.51405	-4	0.0	4	1.2	203
2024/05/10	07:21:01	40.78862	141.51422	14	0.0	4	1.2	256
2024/05/10	07:22:00	40.78847	141.51440	-2	0.0	4	1.2	180
2024/05/10	07:23:01	40.78828	141.51456	14	0.0	4	1.2	228
2024/05/10	07:24:00	40.78795	141.51448	28	0.0	4	1.2	224
2024/05/10	07:25:01	40.78788	141.51471	10	0.0	4	1.2	252
2024/05/10	07:26:01	40.78771	141.51482	-8	0.0	4	1.2	208
2024/05/10	07:27:00	40.78740	141.51492	36	0.0	3	2.2	149
2024/05/10	07:28:00	40.78721	141.51507	-2	0.0	4	1.2	188
2024/05/10	07:29:00	40.78710	141.51508	-4	0.0	3	2.2	178
2024/05/10	07:30:01	40.78689	141.51521	24	0.0	4	1.2	203
2024/05/10	07:31:01	40.78719	141.51548	30	22.2	4	1.2	255
2024/05/10	07:32:01	40.78909	141.51724	20	0.0	4	1.2	174
2024/05/10	07:33:01	40.78895	141.51720	6	0.0	4	1.2	180
2024/05/10	07:34:01	40.79013	141.51871	4	0.0	4	1.2	233
2024/05/10	07:35:00	40.79008	141.51871	4	0.0	4	1.2	179
2024/05/10	07:36:00	40.78983	141.51880	28	0.0	4	1.2	178
2024/05/10	07:37:01	40.78971	141.51876	-4	0.0	4	1.2	236
2024/05/10	07:38:00	40.78959	141.51906	12	0.0	4	1.2	256
2024/05/10	07:39:01	40.78943	141.51894	16	0.0	4	1.2	260
2024/05/10	07:40:01	40.78925	141.51914	20	0.0	4	1.2	234
2024/05/10	07:41:01	40.78916	141.51918	-2	0.0	3	2.1	183
2024/05/10	07:42:01	40.78995	141.51924	12	22.2	4	1.2	290
2024/05/10	07:43:02	40.79317	141.52089	18	18.5	4	1.2	304
2024/05/10	07:44:02	40.79497	141.51845	0	18.5	3	4.2	264
2024/05/10	07:45:01	40.79826	141.52096	24	25.9	4	1.3	228
2024/05/10	07:46:02	40.80004	141.52432	56	3.7	3	4.1	260
2024/05/10	07:47:03	40.80123	141.52782	14	48.2	3	2.1	236
2024/05/10	07:48:02	40.80326	141.53255	14	14.8	4	1.3	284
2024/05/10	07:49:00	40.80296	141.53263	8	0.0	4	1.3	200
2024/05/10	07:50:01	40.80281	141.53252	14	0.0	4	1.3	232
2024/05/10	07:51:02	40.80272	141.53253	28	0.0	4	1.3	272
2024/05/10	07:52:01	40.80255	141.53246	-14	0.0	4	1.3	214
2024/05/10	07:53:03	40.80223	141.53264	12	0.0	4	1.3	250
2024/05/10	07:54:01	40.80207	141.53250	14	0.0	4	1.3	196
2024/05/10	07:55:02	40.80181	141.53259	12	0.0	4	1.3	244
2024/05/10	07:56:02	40.80171	141.53255	6	0.0	4	1.3	220
2024/05/10	07:57:02	40.80141	141.53287	14	0.0	4	1.3	219
2024/05/10	07:58:01	40.80116	141.53301	16	0.0	4	1.3	203
2024/05/10	07:59:01	40.80088	141.53303	24	0.0	4	1.3	209
2024/05/10	08:00:02	40.80088	141.53308	42	0.0	3	3.3	201
2024/05/10	08:01:02	40.80063	141.53300	26	0.0	3	3.3	201
2024/05/10	08:02:03	40.80033	141.53314	10	0.0	3	3.2	250
2024/05/10	08:03:02	40.80009	141.53326	2	0.0	3	3.2	176
2024/05/10	08:04:03	40.79980	141.53336	6	0.0	3	3.2	221
2024/05/10	08:05:03	40.79967	141.53336	20	0.0	3	3.2	206
2024/05/10	08:06:03	40.80101	141.53291	14	25.9	3	3.2	300
2024/05/10	08:07:02	40.80428	141.53396	60	18.5	3	3.1	264
2024/05/10	08:08:03	40.80682	141.53818	-14	33.3	3	3.1	285
2024/05/10	08:09:03	40.80982	141.54458	24	37.0	3	3.1	304
2024/05/10	08:10:03	40.81286	141.55043	18	37.0	3	3.1	274
2024/05/10	08:11:02	40.81552	141.55655	2	33.3	3	3.1	200
2024/05/10	08:12:03	40.81645	141.55728	16	0.0	3	3.1	247
2024/05/10	08:13:02	40.81639	141.55759	12	0.0	3	3.1	224
2024/05/10	08:14:03	40.81615	141.55761	8	0.0	3	3.0	227
2024/05/10	08:15:03	40.81589	141.55773	-0	3.7	3	3.0	195
2024/05/10	08:16:02	40.81566	141.55789	4	0.0	3	3.0	225
2024/05/10	08:17:03	40.81533	141.55810	-10	0.0	3	3.0	252
2024/05/10	08:18:02	40.81515	141.55834	10	0.0	3	3.0	221
2024/05/10	08:19:02	40.81484	141.55830	6	0.0	3	3.0	221
2024/05/10	08:20:02	40.81456	141.55864	-0	0.0	3	3.0	226
2024/05/10	08:21:03	40.81434	141.55885	8	0.0	3	3.0	247
2024/05/10	08:22:02	40.81406	141.55873	-66	0.0	2	8.1	250
2024/05/10	08:23:02	40.81390	141.55900	-0	0.0	3	3.0	222
2024/05/10	08:24:02	40.81385	141.55892	12	0.0	3	3.0	244
2024/05/10	08:25:02	40.81352	141.55940	12	0.0	3	3.0	254
2024/05/10	08:26:02	40.81333	141.55940	6	0.0	3	3.0	252
2024/05/10	08:27:03	40.81281	141.55898	-150	0.0	2	7.4	254
2024/05/10	08:28:03	40.81290	141.55987	42	0.0	2	7.4	248
2024/05/10	08:29:03	40.81258	141.55997	18	3.7	3	2.4	249
2024/05/10	08:30:03	40.81269	141.56062	180	0.0	2	7.3	251
2024/05/10	08:31:06	40.81237	141.56053	100	0.0	2	7.2	241
2024/05/10	08:37:34	40.81087	141.56091	8	0.0	4	1.3	253
2024/05/10	08:38:00	40.81094	141.56092	-8	0.0	4	1.4	188
2024/05/10	08:39:00	40.81072	141.56108	-6	0.0	4	1.4	215
2024/05/10	08:40:01	40.81052	141.56138	38	0.0	4	1.4	236
2024/05/10	08:41:00	40.81029	141.56139	48	0.0	3	2.4	201
2024/05/10	08:42:00	40.81031	141.56174	88	0.0	3	2.4	176
2024/05/10	08:43:01	40.81002	141.56175	34	3.7	4	1.4	228
2024/05/10	08:44:00	40.80980	141.56189	40	0.0	4	1.4	236
2024/05/10	08:45:04	40.80969	141.56186	18	0.0	3	2.2	206
2024/05/10	08:46:01	40.80961	141.56204	26	3.7	4	1.4	204
2024/05/10	08:47:01	40.80951	141.56228	12	0.0	4	1.4	234
2024/05/10	08:48:00	40.80950	141.56263	26	0.0	4	2.0	205
2024/05/10	08:49:01	40.80924	141.56252	8	0.0	4	2.0	237
2024/05/10	08:50:01	40.80914	141.56241	-4	0.0	4	2.0	235
2024/05/10	08:51:01	40.80906	141.56261	0	0.0	4	2.0	238
2024/05/10	08:52:01	40.80888	141.56285	2	0.0	4	2.0	208
2024/05/10	08:53:00	40.80883	141.56295	18	0.0	4	2.1	205
2024/05/10	08:54:01	40.80871	141.56309	8	0.0	4	2.1	232
2024/05/10	08:55:00	40.80857	141.56324	6	0.0	4	2.1	230
2024/05/10	08:56:01	40.80847	141.56320	-12	0.0	4	2.2	230
2024/05/10	08:57:01	40.80848	141.56352	10	0.0	4	2.2	234
2024/05/10	08:58:01	40.80840	141.56389	44	0.0	4	2.2	212
2024/05/10	08:59:01	40.80819	141.56384	6	0.0	4	2.3	233
2024/05/10	09:00:01	40.80819	141.56385	12	0.0	4	2.3	225
2024/05/10	09:01:01	40.80805	141.56421	48	0.0	4	2.3	206
2024/05/10	09:02:01	40.80802	141.56406	8	0.0	4	2.4	209
2024/05/10	09:03:01	40.80796	141.56434	30	0.0	4	2.4	208
2024/05/10	09:04:02	40.80789	141.56429	-10	0.0	4	3.0	241
2024/05/10	09:05:02	40.80795	141.56478	34	0.0	4	3.1	212
2024/05/10	09:06:03	40.80781	141.56478	18	0.0	4	3.1	203
2024/05/10	09:07:02	40.80765	141.56476	4	0.0	4	3.2	208
2024/05/10	09:08:03	40.80828	141.56489	4	22.2	4	3.2	204
2024/05/10	09:09:02	40.81052	141.56449	10	33.3	4	3.3	231
2024/05/10	09:10:02	40.81483	141.56871	34	25.9	4	3.3	197
2024/05/10	09:11:03	40.81697	141.57869	42	51.9	4	3.4	255
2024/05/10	09:12:02	40.82055	141.58262	12	22.2	4	3.4	229
2024/05/10	09:13:02	40.82129	141.58306	46	0.0	4	4.0	197
2024/05/10	09:14:03	40.82111	141.58256	-20	0.0	3	4.0	198
2024/05/10	09:15:03	40.82091	141.58313	8	0.0	4	4.1	208
2024/05/10	09:16:03	40.82089	141.58340	28	0.0	4	4.1	208
2024/05/10	09:17:03	40.82075	141.58342	18	0.0	4	4.1	207
2024/05/10	09:18:02	40.82071	141.58319	-6	0.0	2	5.1	208
2024/05/10	09:19:29	40.82056	141.58315	8	0.0	4	4.1	203
2024/05/10	09:20:02	40.82057	141.58280	22	0.0	4	4.1	197
2024/05/10	09:21:03	40.82041	141.58270	-10	0.0	4	4.0	211
2024/05/10	09:22:02	40.82031	141.58302	14	0.0	4	4.0	211
2024/05/10	09:23:02	40.82025	141.58316	4	0.0	4	4.0	208
2024/05/10	09:24:02	40.82014	141.58339	26	0.0	4	3.4	204
2024/05/10	09:25:02	40.81990	141.58367	12	0.0	4	3.4	207
2024/05/10	09:26:03	40.81974	141.58347	-12	0.0	4	3.3	208
2024/05/10	09:27:03	40.81956	141.58347	-28	0.0	4	3.3	205
2024/05/10	09:28:02	40.81947	141.58387	-12	0.0	4	3.2	207
2024/05/10	09:29:02	40.81938	141.58406	-2	0.0	4	3.2	207
2024/05/10	09:30:02	40.81913	141.58427	12	0.0	4	3.1	205
2024/05/10	09:31:02	40.81908	141.58444	18	0.0	4	3.1	233
2024/05/10	09:32:02	40.81890	141.58447	6	0.0	4	3.1	207
2024/05/10	09:33:02	40.81879	141.58471	6	0.0	4	3.0	207
2024/05/10	09:34:02	40.81855	141.58481	-2	0.0	4	3.0	211
2024/05/10	09:35:01	40.81854	141.58564	82	0.0	4	2.4	208
2024/05/10	09:36:02	40.81828	141.58530	10	0.0	3	4.4	203
2024/05/10	09:37:02	40.81811	141.58530	-2	0.0	3	3.1	180
2024/05/10	09:38:02	40.81803	141.58552	0	0.0	4	2.4	209
2024/05/10	09:39:01	40.81801	141.58551	8	0.0	4	2.3	207
2024/05/10	09:40:00	40.81772	141.58579	8	0.0	3	2.4	202
2024/05/10	09:41:03	40.81773	141.58590	-2	0.0	4	2.3	209
2024/05/10	09:42:02	40.81757	141.58603	0	0.0	3	3.2	209
2024/05/10	09:43:01	40.81753	141.58618	-18	0.0	4	2.3	206
2024/05/10	09:44:01	40.81734	141.58608	-26	0.0	4	2.2	210
2024/05/10	09:45:03	40.81724	141.58642	6	0.0	4	2.2	242
2024/05/10	09:46:02	40.81713	141.58669	6	0.0	4	2.2	204
2024/05/10	09:47:03	40.81701	141.58683	16	0.0	4	2.2	202
2024/05/10	09:48:02	40.81691	141.58713	24	0.0	3	3.2	199
2024/05/10	09:49:02	40.81676	141.58705	14	0.0	3	3.2	232
2024/05/10	09:50:03	40.81675	141.58739	12	0.0	3	3.2	195
2024/05/10	09:51:03	40.81665	141.58762	30	0.0	3	3.2	194
2024/05/10	09:52:02	40.81664	141.58793	4	0.0	3	3.2	194
2024/05/10	09:53:02	40.81897	141.58961	-8	25.9	3	3.2	199
2024/05/10	09:54:03	40.82114	141.59511	14	22.2	4	2.1	199
2024/05/10	09:55:03	40.82112	141.59512	48	0.0	2	5.2	188
2024/05/10	09:56:02	40.82092	141.59515	24	0.0	4	2.1	200
2024/05/10	09:57:02	40.82076	141.59489	14	0.0	3	3.2	199
2024/05/10	09:58:03	40.82069	141.59484	-12	0.0	3	3.3	194
2024/05/10	09:59:04	40.82065	141.59463	-18	0.0	3	3.3	170
2024/05/10	10:00:03	40.82046	141.59477	-12	0.0	3	4.0	190
2024/05/10	10:01:06	40.82032	141.59480	-36	3.7	3	4.0	209
2024/05/10	10:02:03	40.82015	141.59476	8	0.0	4	3.0	199
2024/05/10	10:03:02	40.81994	141.59468	0	0.0	3	4.0	196
2024/05/10	10:04:03	40.81991	141.59477	22	0.0	3	4.0	196
2024/05/10	10:05:02	40.81993	141.59470	8	0.0	3	4.1	198
2024/05/10	10:06:03	40.81980	141.59437	-22	0.0	3	4.1	190
2024/05/10	10:07:03	40.81969	141.59465	8	0.0	3	4.1	186
2024/05/10	10:08:03	40.81956	141.59462	-0	0.0	3	4.2	191
2024/05/10	10:09:03	40.81950	141.59447	-10	3.7	3	4.2	177
2024/05/10	10:10:03	40.81936	141.59463	10	0.0	3	4.2	197
2024/05/10	10:11:03	40.82186	141.59542	64	11.1	3	4.3	205
2024/05/10	10:12:03	40.82202	141.59549	46	0.0	3	4.3	158
2024/05/10	10:13:02	40.82200	141.59523	44	0.0	3	4.3	170
2024/05/10	10:14:03	40.82177	141.59547	52	0.0	3	4.4	178
2024/05/10	10:15:07	40.82186	141.59526	18	0.0	3	5.0	194
2024/05/10	10:16:04	40.82199	141.59499	8	0.0	3	5.0	169
2024/05/10	10:17:04	40.82172	141.59527	40	0.0	3	5.1	171
2024/05/10	10:18:03	40.82161	141.59560	70	0.0	3	5.1	209
2024/05/10	10:19:04	40.82185	141.59495	20	0.0	3	5.2	175
2024/05/10	10:20:05	40.82181	141.59529	20	0.0	3	5.3	154
2024/05/10	10:21:03	40.82188	141.59474	8	0.0	3	5.4	201
2024/05/10	10:22:03	40.82187	141.59459	-2	0.0	3	5.4	207
2024/05/10	10:23:04	40.82163	141.59505	48	0.0	3	6.0	185
2024/05/10	10:24:03	40.82179	141.59497	12	0.0	3	6.1	178
2024/05/10	10:25:03	40.82175	141.59471	-2	7.4	3	6.3	171
2024/05/10	10:26:04	40.82156	141.59528	36	0.0	3	6.4	204
2024/05/10	10:27:03	40.82193	141.59558	62	33.3	3	7.0	173
2024/05/10	10:28:03	40.82702	141.59870	48	44.4	3	7.2	180
2024/05/10	10:29:03	40.83103	141.60269	12	33.3	3	7.3	179
2024/05/10	10:30:03	40.83582	141.60666	-6	33.3	3	8.0	175
2024/05/10	10:31:03	40.83967	141.61229	66	37.0	3	8.2	176
2024/05/10	10:32:02	40.84413	141.61501	60	29.6	3	8.4	175
2024/05/10	10:33:02	40.84840	141.61771	8	33.3	3	9.2	148
2024/05/10	10:34:05	40.85194	141.62041	60	3.7	3	10.0	176
2024/05/10	10:35:05	40.85213	141.62052	38	3.7	3	10.3	165
2024/05/10	10:36:06	40.85226	141.62076	62	0.0	3	11.2	166
2024/05/10	10:37:05	40.85286	141.61996	-10	11.1	3	12.1	164
2024/05/10	10:38:34	40.85287	141.62054	14	0.0	5	2.1	212
2024/05/10	10:39:01	40.85302	141.62051	6	0.0	4	2.4	201
2024/05/10	10:40:03	40.85317	141.62048	0	0.0	4	3.0	176
2024/05/10	10:41:03	40.85335	141.62038	-26	0.0	4	3.0	193
2024/05/10	10:42:03	40.85643	141.62260	-0	33.3	4	3.0	212
2024/05/10	10:43:02	40.86098	141.62586	18	33.3	4	3.0	239
2024/05/10	10:44:03	40.86573	141.63030	18	37.0	4	3.0	205
2024/05/10	10:45:03	40.87063	141.63302	36	37.0	4	3.0	204
2024/05/10	10:46:02	40.87552	141.63593	-10	33.3	4	3.0	200
2024/05/10	10:47:03	40.87989	141.64043	8	33.3	4	3.0	200
2024/05/10	10:48:03	40.88301	141.64092	52	25.9	4	3.0	212
2024/05/10	10:49:03	40.88724	141.64377	4	29.6	4	3.0	224
2024/05/10	10:50:03	40.89065	141.64409	-40	0.0	4	3.0	170
2024/05/10	10:51:02	40.89072	141.64426	24	0.0	4	3.0	154
2024/05/10	10:52:03	40.89114	141.64386	-12	0.0	4	3.0	147
2024/05/10	10:53:03	40.89129	141.64401	8	0.0	3	5.0	169
2024/05/10	10:54:03	40.89167	141.64375	-8	0.0	4	3.0	173
2024/05/10	10:55:03	40.89180	141.64354	0	0.0	4	3.0	194
2024/05/10	10:56:03	40.89198	141.64366	26	0.0	4	3.0	173
2024/05/10	10:57:03	40.89545	141.64378	-8	25.9	4	3.0	178
2024/05/10	10:58:02	40.89879	141.64312	8	0.0	4	3.0	166
2024/05/10	10:59:03	40.89902	141.64276	-12	0.0	4	3.0	192
2024/05/10	11:00:03	40.89920	141.64268	0	0.0	4	3.0	199
2024/05/10	11:01:03	40.89944	141.64253	-2	0.0	4	3.0	193
2024/05/10	11:02:03	40.89949	141.64247	12	0.0	4	3.0	219
2024/05/10	11:03:03	40.89979	141.64216	-0	0.0	4	3.0	190
2024/05/10	11:04:03	40.89993	141.64212	-0	0.0	4	3.0	195
2024/05/10	11:05:01	40.90009	141.64206	32	0.0	4	2.4	174
2024/05/10	11:06:01	40.90029	141.64196	34	0.0	4	2.4	152
2024/05/10	11:07:02	40.90052	141.64187	62	0.0	3	6.2	206
2024/05/10	11:08:01	40.90068	141.64156	14	0.0	4	2.4	174
2024/05/10	11:09:03	40.90094	141.64145	46	0.0	3	6.3	166
2024/05/10	11:10:02	40.90125	141.64115	28	0.0	3	6.3	145
2024/05/10	11:11:03	40.90154	141.64122	98	3.7	3	6.4	170
2024/05/10	11:12:03	40.90153	141.64063	14	0.0	3	6.4	170
2024/05/10	11:13:03	40.90167	141.64040	-2	0.0	4	2.4	189
2024/05/10	11:14:02	40.90210	141.63860	60	14.8	4	2.4	175
2024/05/10	11:15:03	40.90459	141.63815	-6	18.5	4	2.3	227
2024/05/10	11:16:01	40.90480	141.63763	40	0.0	4	2.3	174
2024/05/10	11:17:03	40.90489	141.63731	-2	0.0	4	2.3	190
2024/05/10	11:18:04	40.90503	141.63708	6	7.4	3	3.2	146
2024/05/10	11:19:03	40.90519	141.63697	-12	0.0	4	2.3	166
2024/05/10	11:20:02	40.90623	141.63623	-32	22.2	3	7.3	197
2024/05/10	11:21:01	40.90833	141.63587	-26	0.0	4	2.3	194
2024/05/10	11:22:01	40.90831	141.63612	10	0.0	4	2.3	152
2024/05/10	11:23:01	40.90845	141.63609	28	0.0	4	2.3	152
2024/05/10	11:24:02	40.90978	141.63422	8	0.0	4	2.3	198
2024/05/10	11:25:02	40.90995	141.63409	18	0.0	4	2.3	192
2024/05/10	11:26:01	40.91007	141.63371	6	0.0	4	2.3	148
2024/05/10	11:27:02	40.91023	141.63342	-14	0.0	4	2.3	150
2024/05/10	11:28:01	40.91416	141.63525	16	37.0	4	2.3	181
2024/05/10	11:29:00	40.91820	141.63866	10	29.6	4	2.3	205
2024/05/10	11:30:02	40.91917	141.63849	62	18.5	3	8.2	162
2024/05/10	11:31:01	40.91931	141.63836	8	0.0	4	2.2	145
2024/05/10	11:32:02	40.91940	141.63798	4	18.5	4	2.2	166
2024/05/10	11:33:02	40.91992	141.63686	12	14.8	3	8.3	236
2024/05/10	11:34:04	40.91971	141.63509	-32	0.0	3	8.3	201
2024/05/10	11:35:04	40.91946	141.63542	48	22.2	3	8.4	233
2024/05/10	11:36:16	40.91977	141.63485	4	0.0	4	2.2	205
2024/05/10	11:37:02	40.91956	141.63274	-0	14.8	3	9.0	276
2024/05/10	11:38:04	40.91928	141.63154	-12	18.5	4	2.2	269
2024/05/10	11:39:02	40.91902	141.63138	14	0.0	4	2.2	171
2024/05/10	11:40:02	40.92131	141.63131	-2	29.6	4	2.2	263
2024/05/10	11:41:01	40.92461	141.63335	-2	14.8	4	2.2	256
2024/05/10	11:42:02	40.92512	141.63293	10	33.3	4	2.2	202
2024/05/10	11:43:04	40.92519	141.63253	-56	0.0	3	9.4	207
2024/05/10	11:44:02	40.92581	141.63326	32	37.0	3	9.4	278
2024/05/10	11:45:02	40.92540	141.63216	-2	14.8	4	2.2	281
2024/05/10	11:46:01	40.92565	141.63156	2	0.0	4	2.2	189
2024/05/10	11:47:02	40.92596	141.63081	-4	0.0	4	2.3	195
2024/05/10	11:48:03	40.92605	141.63076	-0	0.0	4	2.3	266
2024/05/10	11:49:03	40.92602	141.63055	-2	29.6	4	2.3	275
2024/05/10	11:50:00	40.92596	141.63024	4	11.1	4	2.3	249
2024/05/10	11:51:01	40.92632	141.62915	-28	33.3	4	2.3	250
2024/05/10	11:52:03	40.92611	141.62921	4	0.0	4	2.3	211
2024/05/10	11:53:03	40.92616	141.62903	16	0.0	3	11.2	232
2024/05/10	11:54:04	40.92640	141.62773	20	0.0	4	2.3	267
2024/05/10	11:55:04	40.92680	141.62743	40	0.0	3	11.4	233
2024/05/10	11:56:16	40.92680	141.62683	8	0.0	4	2.3	268
2024/05/10	11:57:03	40.92689	141.62677	6	0.0	4	2.3	231
2024/05/10	11:58:03	40.92695	141.62605	-26	0.0	3	12.3	237
2024/05/10	11:59:02	40.92711	141.62685	26	0.0	3	12.4	245
2024/05/10	12:00:34	40.92717	141.62617	4	0.0	4	1.2	256
2024/05/10	12:01:02	40.92715	141.62596	4	0.0	4	1.2	229
2024/05/10	12:02:01	40.92755	141.62594	-18	11.1	4	1.2	258
2024/05/10	12:03:03	40.92770	141.62654	50	0.0	3	14.1	228
2024/05/10	12:04:01	40.92775	141.62580	-2	0.0	4	1.2	195
2024/05/10	12:05:01	40.92777	141.62539	0	0.0	4	1.2	201
2024/05/10	12:06:02	40.92792	141.62538	2	0.0	4	1.2	220
2024/05/10	12:07:00	40.92810	141.62537	6	0.0	4	1.2	170
2024/05/10	12:08:03	40.92828	141.62579	38	0.0	3	16.1	217
2024/05/10	12:09:03	40.92832	141.62521	14	0.0	4	1.2	189
2024/05/10	12:10:02	40.92857	141.62646	72	0.0	3	17.2	193
2024/05/10	12:11:03	40.92855	141.62488	-2	0.0	4	1.2	222
2024/05/10	12:12:01	40.92873	141.62496	36	0.0	4	1.2	202
2024/05/10	12:13:04	40.92875	141.62464	-0	0.0	4	1.2	208
2024/05/10	12:14:02	40.92878	141.62477	-8	0.0	3	3.0	223
2024/05/10	12:15:04	40.92899	141.62520	34	0.0	3	20.4	194
2024/05/10	12:16:11	40.92909	141.62456	-0	0.0	4	1.2	219
2024/05/10	12:17:02	40.92914	141.62453	-8	0.0	3	2.4	221
2024/05/10	12:18:01	40.92945	141.62448	-44	0.0	3	2.4	199
2024/05/10	12:19:01	40.92926	141.62426	20	3.7	3	2.3	222
2024/05/10	12:20:04	40.92943	141.62410	-0	0.0	4	1.2	223
2024/05/10	12:21:01	40.92947	141.62410	48	0.0	3	2.3	224
2024/05/10	12:22:02	40.92966	141.62397	2	0.0	3	2.2	222
2024/05/10	12:23:04	40.92977	141.62397	2	0.0	3	2.2	215
2024/05/10	12:24:03	40.92981	141.62375	-2	0.0	4	1.1	221
2024/05/10	12:25:01	40.92968	141.62356	12	0.0	3	2.2	198
2024/05/10	12:26:01	40.93008	141.62346	32	0.0	3	2.2	227
2024/05/10	12:27:06	40.93016	141.62334	4	0.0	4	1.1	237
2024/05/10	12:28:00	40.93024	141.62334	14	0.0	3	2.1	200
2024/05/10	12:29:04	40.93033	141.62303	16	0.0	4	1.1	219
2024/05/10	12:30:04	40.93055	141.62288	-2	0.0	4	1.1	216
2024/05/10	12:31:01	40.93056	141.62243	18	14.8	4	1.1	181
2024/05/10	12:32:02	40.93069	141.62249	32	0.0	3	2.1	218
2024/05/10	12:33:04	40.93181	141.62146	4	11.1	4	1.1	232
2024/05/10	12:34:01	40.93193	141.62127	0	0.0	3	2.0	200
2024/05/10	12:35:03	40.93207	141.62061	-8	0.0	3	2.0	191
2024/05/10	12:36:01	40.93233	141.62038	36	0.0	3	2.0	196
2024/05/10	12:37:01	40.93253	141.61984	56	0.0	3	2.0	175
2024/05/10	12:38:00	40.93300	141.61952	-20	14.8	3	2.0	148
2024/05/10	12:39:03	40.93364	141.61991	-20	3.7	2	2.0	211
2024/05/10	12:40:05	40.93409	141.61990	-20	0.0	3	2.0	195
2024/05/10	12:41:01	40.93424	141.61952	28	14.8	3	2.0	209
2024/05/10	12:42:03	40.93461	141.61940	36	7.4	3	2.0	228
2024/05/10	12:43:04	40.93489	141.61883	4	0.0	3	2.0	195
2024/05/10	12:44:02	40.93535	141.61955	10	18.5	3	1.2	232
2024/05/10	12:45:03	40.93663	141.61995	14	33.3	3	1.4	219
2024/05/10	12:46:04	40.93735	141.61591	48	11.1	3	1.4	231
2024/05/10	12:47:04	40.93756	141.61603	-2	0.0	3	1.4	220
2024/05/10	12:48:03	40.93758	141.61584	0	0.0	2	1.4	216
2024/05/10	12:49:05	40.93761	141.61567	0	0.0	2	1.4	186
2024/05/10	12:50:05	40.93779	141.61546	48	0.0	2	1.4	204
2024/05/10	12:51:03	40.93803	141.61537	12	0.0	3	1.4	215
2024/05/10	12:52:08	40.93806	141.61508	18	3.7	3	1.4	201
2024/05/10	12:53:04	40.93833	141.61497	16	0.0	2	1.4	186
2024/05/10	12:54:04	40.93925	141.61033	0	29.6	3	1.4	226
2024/05/10	12:55:04	40.94000	141.60883	10	0.0	3	1.4	188
2024/05/10	12:56:03	40.94004	141.60864	40	0.0	3	1.4	187
2024/05/10	12:57:03	40.94032	141.60848	40	0.0	2	1.4	197
2024/05/10	12:58:02	40.94046	141.60835	-2	0.0	3	1.4	175
2024/05/10	12:59:03	40.94069	141.60825	-12	0.0	3	1.4	188
2024/05/10	13:00:03	40.94074	141.60797	-12	0.0	2	1.3	227
2024/05/10	13:01:08	40.94079	141.60788	-4	0.0	3	1.4	171
2024/05/10	13:02:07	40.94090	141.60769	12	0.0	3	1.4	215
2024/05/10	13:03:06	40.94102	141.60745	-8	0.0	3	1.4	215
2024/05/10	13:04:03	40.94109	141.60723	38	0.0	3	1.4	198
2024/05/10	13:05:03	40.94122	141.60706	38	0.0	2	1.3	198
2024/05/10	13:06:03	40.94135	141.60668	-14	0.0	3	1.4	220
2024/05/10	13:07:03	40.94140	141.60654	-12	0.0	2	1.3	196
2024/05/10	13:08:04	40.94159	141.60632	6	0.0	3	1.4	215
2024/05/10	13:09:11	40.94168	141.60604	-8	0.0	3	1.4	193
2024/05/10	13:10:15	40.94173	141.60579	20	0.0	3	1.4	213
2024/05/10	13:11:22	40.94189	141.60548	-2	3.7	3	1.4	233
2024/05/10	13:12:03	40.94193	141.60529	-2	0.0	2	1.3	185
2024/05/10	13:13:03	40.94210	141.60509	-0	0.0	2	1.3	167
2024/05/10	13:14:01	40.94095	141.60461	38	14.8	3	1.4	243
2024/05/10	13:15:03	40.94092	141.60465	38	0.0	2	1.3	232
2024/05/10	13:16:03	40.94133	141.59987	40	37.0	2	1.3	247
2024/05/10	13:17:07	40.94209	141.59767	4	0.0	3	1.4	230
2024/05/10	13:18:03	40.94281	141.59713	6	33.3	2	1.3	248
2024/05/10	13:19:02	40.94238	141.59670	-0	33.3	2	1.3	203
2024/05/10	13:20:02	40.94258	141.59582	42	7.4	2	1.3	229
2024/05/10	13:21:02	40.94207	141.59464	42	14.8	2	1.3	253
2024/05/10	13:34:23	40.95913	141.57916	0	25.9	3	1.4	276
2024/05/10	13:35:01	40.95956	141.57911	-14	0.0	3	1.4	168
2024/05/10	13:36:01	40.95998	141.57848	-10	18.5	3	1.4	233
2024/05/10	13:37:06	40.96254	141.57580	12	37.0	3	1.4	195
2024/05/10	13:38:02	40.96337	141.57506	8	0.0	2	3.1	213
2024/05/10	13:39:01	40.96344	141.57471	14	0.0	3	1.4	240
2024/05/10	13:40:03	40.96386	141.57448	-10	0.0	3	1.4	215
2024/05/10	13:41:02	40.96459	141.57433	-0	7.4	3	1.4	196
2024/05/10	13:42:04	40.96510	141.57460	-4	25.9	3	1.4	227
2024/05/10	13:43:07	40.96541	141.57403	0	0.0	2	2.4	203
2024/05/10	13:44:02	40.96504	141.57529	12	22.2	3	1.4	223
2024/05/10	13:45:03	40.96179	141.57373	-6	22.2	3	1.4	196
2024/05/10	13:46:01	40.95951	141.57604	-34	22.2	3	1.4	211
2024/05/10	13:47:01	40.95905	141.57831	6	22.2	3	1.4	197
2024/05/10	13:48:03	40.95695	141.58193	-0	25.9	3	1.4	259
2024/05/10	13:49:03	40.95566	141.58512	4	0.0	2	2.2	214
2024/05/10	13:50:03	40.95590	141.58483	6	0.0	3	2.0	197
2024/05/10	13:51:05	40.95597	141.58460	22	0.0	3	2.0	219
2024/05/10	13:52:00	40.95620	141.58485	18	14.8	3	2.0	205
2024/05/10	13:53:03	40.95409	141.58668	2	14.8	3	2.0	241
2024/05/10	13:54:02	40.95463	141.58762	-4	25.9	3	2.0	278
2024/05/10	13:55:02	40.95312	141.58959	16	14.8	3	2.0	278
2024/05/10	13:56:01	40.95286	141.59018	-16	0.0	3	2.0	170
2024/05/10	13:57:05	40.95298	141.59002	-12	0.0	2	2.1	209
2024/05/10	13:58:15	40.95200	141.58975	6	11.1	3	2.0	263
2024/05/10	13:59:02	40.95244	141.58851	-4	7.4	3	2.0	281
2024/05/10	14:00:02	40.95164	141.59009	26	25.9	3	2.0	258
2024/05/10	14:01:02	40.95284	141.59206	20	11.1	3	2.1	245
2024/05/10	14:02:03	40.95329	141.59133	4	0.0	3	2.1	259
2024/05/10	14:03:03	40.95294	141.59408	18	14.8	3	2.1	243
2024/05/10	14:04:04	40.95314	141.59398	2	0.0	3	2.1	256
2024/05/10	14:05:03	40.95347	141.59511	18	0.0	3	2.1	272
2024/05/10	14:06:02	40.95355	141.59502	26	0.0	3	2.1	257
2024/05/10	14:07:03	40.95413	141.59475	-2	0.0	3	2.1	275
2024/05/10	14:08:02	40.95401	141.59471	36	0.0	3	2.1	281
2024/05/10	14:09:03	40.95436	141.59445	20	0.0	3	2.1	281
2024/05/10	14:10:05	40.95454	141.59412	22	7.4	3	2.1	257
2024/05/10	14:11:04	40.95485	141.59393	2	0.0	3	2.2	266
2024/05/10	14:12:04	40.95510	141.59367	6	0.0	3	2.2	268
2024/05/10	14:13:05	40.95522	141.59349	16	0.0	3	2.2	275
2024/05/10	14:14:06	40.95566	141.59329	0	0.0	3	2.2	269
2024/05/10	14:15:04	40.95575	141.59311	0	7.4	3	2.2	274
2024/05/10	14:16:04	40.95587	141.59297	2	0.0	3	2.2	273
2024/05/10	14:17:06	40.95625	141.59263	-2	0.0	3	2.2	264
2024/05/10	14:18:03	40.95662	141.59239	-20	0.0	3	2.3	273
2024/05/10	14:19:06	40.95633	141.59239	28	7.4	3	2.3	257
2024/05/10	14:20:04	40.95795	141.59286	-26	37.0	3	2.3	274
2024/05/10	14:21:08	40.96056	141.59330	-22	0.0	3	2.3	264
2024/05/10	14:22:03	40.96057	141.59327	12	3.7	3	2.3	277
2024/05/10	14:23:04	40.96089	141.59291	24	3.7	3	2.3	272
2024/05/10	14:24:08	40.96161	141.59221	-22	0.0	3	2.4	259
2024/05/10	14:25:33	40.96166	141.59193	4	0.0	6	1.0	262
2024/05/10	14:26:00	40.96172	141.59174	8	3.7	4	2.3	229
2024/05/10	14:27:00	40.96206	141.59154	0	0.0	4	2.3	203
2024/05/10	14:28:00	40.96228	141.59112	10	0.0	4	2.4	226
2024/05/10	14:29:01	40.96240	141.59063	8	0.0	4	2.2	228
2024/05/10	14:30:01	40.96269	141.59040	-0	0.0	5	1.4	253
2024/05/10	14:31:01	40.96300	141.59012	10	0.0	4	2.2	251
2024/05/10	14:32:01	40.96317	141.58972	18	0.0	5	1.4	251
2024/05/10	14:33:00	40.96360	141.58977	-22	0.0	3	2.3	225
2024/05/10	14:34:01	40.96375	141.58932	6	0.0	4	2.1	225
2024/05/10	14:35:00	40.96385	141.58892	-12	0.0	4	2.2	150
2024/05/10	14:36:00	40.96408	141.58867	-4	3.7	4	2.2	221
2024/05/10	14:37:02	40.96424	141.58830	2	0.0	3	3.2	206
2024/05/10	14:38:01	40.96436	141.58805	-8	0.0	4	2.2	223
2024/05/10	14:39:01	40.96444	141.58749	-8	0.0	4	2.0	255
2024/05/10	14:40:01	40.96463	141.58700	30	0.0	4	2.0	251
2024/05/10	14:41:00	40.96462	141.58656	4	0.0	4	2.1	149
2024/05/10	14:42:01	40.96507	141.58651	-4	0.0	4	2.0	250
2024/05/10	14:43:01	40.96532	141.58624	10	0.0	4	2.0	247
2024/05/10	14:44:01	40.96565	141.58605	-2	0.0	4	2.0	252
2024/05/10	14:45:01	40.96576	141.58550	16	0.0	4	2.0	250
2024/05/10	14:46:00	40.96596	141.58520	4	0.0	4	2.0	153
2024/05/10	14:47:00	40.96606	141.58460	56	0.0	4	2.0	176
2024/05/10	14:48:01	40.96654	141.58475	-2	0.0	4	1.4	248
2024/05/10	14:49:01	40.96671	141.58444	2	0.0	4	1.4	220
2024/05/10	14:50:01	40.96709	141.58428	4	0.0	4	1.4	249
2024/05/10	14:51:01	40.96730	141.58388	22	0.0	4	1.4	245
2024/05/10	14:52:01	40.96759	141.58365	0	0.0	4	1.4	251
2024/05/10	14:53:00	40.96797	141.58343	-24	0.0	3	1.4	177
2024/05/10	14:54:00	40.96823	141.58307	52	3.7	3	1.4	154
2024/05/10	14:55:00	40.96851	141.58286	16	0.0	3	1.4	206
2024/05/10	14:56:00	40.96872	141.58259	20	0.0	3	1.4	208
2024/05/10	14:57:00	40.96897	141.58217	42	0.0	3	1.4	183
2024/05/10	14:58:01	40.96931	141.58197	20	0.0	3	1.4	178
2024/05/10	14:59:01	40.96970	141.58157	-24	0.0	3	1.4	180
2024/05/10	15:00:01	40.96993	141.58155	-22	3.7	3	1.4	179
2024/05/10	15:01:01	40.97010	141.58105	22	0.0	4	1.4	185
2024/05/10	15:02:01	40.97036	141.58111	-10	0.0	4	1.4	184
2024/05/10	15:03:01	40.97054	141.58059	52	0.0	3	2.3	180
2024/05/10	15:04:01	40.97077	141.58046	6	0.0	4	1.4	182
2024/05/10	15:05:01	40.97100	141.58039	24	0.0	3	2.2	183
2024/05/10	15:06:01	40.97125	141.57998	10	0.0	4	1.3	156
2024/05/10	15:07:01	40.97145	141.57983	-2	0.0	4	1.3	183
2024/05/10	15:08:01	40.97180	141.57956	-6	0.0	3	2.1	180
2024/05/10	15:09:01	40.97202	141.57942	6	0.0	3	1.3	142
2024/05/10	15:10:02	40.97227	141.57923	-28	0.0	4	1.3	172
2024/05/10	15:11:00	40.97252	141.57880	-54	0.0	3	1.3	177
2024/05/10	15:12:00	40.97265	141.57858	-14	0.0	4	1.3	155
2024/05/10	15:13:01	40.97289	141.57815	-18	0.0	4	1.4	169
2024/05/10	15:14:02	40.97328	141.57799	14	0.0	3	3.0	181
2024/05/10	15:15:01	40.97352	141.57792	-0	0.0	4	1.3	203
2024/05/10	15:16:01	40.97372	141.57770	12	0.0	3	3.0	175
2024/05/10	15:17:01	40.97395	141.57741	-2	0.0	4	1.4	176
2024/05/10	15:18:02	40.97420	141.57716	222	0.0	3	2.0	169
2024/05/10	15:19:03	40.97419	141.57666	-32	0.0	3	4.0	173
2024/05/10	15:20:02	40.97473	141.57671	4	0.0	4	1.4	176
2024/05/10	15:21:01	40.97493	141.57649	-24	0.0	3	3.4	203
2024/05/10	15:22:01	40.97522	141.57619	22	0.0	3	3.3	200
2024/05/10	15:23:01	40.97547	141.57603	4	0.0	4	1.4	203
2024/05/10	15:24:01	40.97580	141.57578	42	0.0	4	1.4	204
2024/05/10	15:25:01	40.97600	141.57543	42	0.0	4	1.4	231
2024/05/10	15:26:01	40.97619	141.57529	4	0.0	3	3.1	233
2024/05/10	15:27:00	40.97640	141.57502	-40	0.0	3	2.0	179
2024/05/10	15:33:15	40.97811	141.57362	12	0.0	4	2.0	219
2024/05/10	15:34:00	40.97822	141.57347	-30	3.7	3	2.0	180
2024/05/10	15:35:01	40.97852	141.57316	58	0.0	3	2.0	151
2024/05/10	15:36:06	40.97885	141.57306	-46	0.0	4	1.4	197
2024/05/10	15:37:00	40.97908	141.57286	-56	0.0	3	2.2	203
2024/05/10	15:38:01	40.97946	141.57255	-32	0.0	3	2.0	198
2024/05/10	15:39:02	40.97973	141.57243	-12	0.0	2	4.3	119
2024/05/10	15:40:01	40.98018	141.57204	98	0.0	3	2.0	176
2024/05/10	15:41:02	40.97979	141.57199	-104	0.0	3	8.1	161
2024/05/10	15:42:01	40.98039	141.57167	-44	0.0	3	2.2	180
2024/05/10	15:43:01	40.98065	141.57151	-16	0.0	3	2.1	181
2024/05/10	15:44:01	40.98100	141.57139	-14	0.0	3	2.1	152
2024/05/10	15:45:02	40.98116	141.57126	-26	0.0	3	2.0	219
2024/05/10	15:46:01	40.98155	141.57213	10	0.0	4	1.3	204
2024/05/10	15:47:01	40.98183	141.57194	4	0.0	3	2.1	227
2024/05/10	15:48:00	40.98207	141.57194	20	0.0	3	2.2	185
2024/05/10	15:49:00	40.98238	141.57161	36	0.0	3	1.3	151
2024/05/10	15:50:00	40.98259	141.57134	-64	0.0	3	2.0	175
2024/05/10	15:51:00	40.98282	141.57084	36	0.0	3	2.2	209
2024/05/10	15:52:01	40.98313	141.57090	14	0.0	4	1.2	203
2024/05/10	15:53:01	40.98346	141.57079	22	0.0	3	2.0	205
2024/05/10	15:54:01	40.98380	141.57059	-56	0.0	3	2.2	187
2024/05/10	15:55:01	40.98404	141.57041	-24	0.0	3	2.2	209
2024/05/10	15:56:01	40.98436	141.57009	18	0.0	3	2.0	212
2024/05/10	15:57:01	40.98466	141.56996	-4	0.0	3	2.0	237
2024/05/10	15:58:01	40.98500	141.56977	10	3.7	3	2.2	178
2024/05/10	15:59:01	40.98525	141.56947	38	0.0	4	1.1	211
2024/05/10	16:00:01	40.98546	141.56925	30	0.0	3	2.2	183
2024/05/10	16:01:01	40.98575	141.56902	16	0.0	3	2.2	232
2024/05/10	16:02:01	40.98603	141.56882	16	0.0	3	2.2	156
2024/05/10	16:03:01	40.98630	141.56857	32	0.0	3	2.2	203
2024/05/10	16:04:01	40.98663	141.56842	28	0.0	4	1.2	176
2024/05/10	16:05:01	40.98680	141.56805	40	0.0	4	1.2	204
2024/05/10	16:06:01	40.98724	141.56780	-16	0.0	4	1.2	201
2024/05/10	16:07:01	40.98752	141.56742	-8	0.0	3	2.2	174
2024/05/10	16:08:01	40.98790	141.56718	-8	0.0	4	1.2	205
2024/05/10	16:09:02	40.98829	141.56681	-6	0.0	4	1.2	210
2024/05/10	16:10:01	40.98855	141.56665	48	0.0	3	2.2	207
2024/05/10	16:11:01	40.98885	141.56636	-0	0.0	4	1.2	208
2024/05/10	16:12:00	40.98912	141.56627	20	0.0	3	2.3	205
2024/05/10	16:13:01	40.98949	141.56598	0	0.0	3	2.3	233
2024/05/10	16:14:00	40.98992	141.56583	-40	0.0	3	2.3	180
2024/05/10	16:15:00	40.99021	141.56547	28	0.0	3	2.3	183
2024/05/10	16:16:01	40.99055	141.56522	-22	0.0	4	1.2	208
2024/05/10	16:17:01	40.99093	141.56493	-48	0.0	3	2.4	209
2024/05/10	16:18:01	40.99103	141.56459	52	0.0	3	2.4	170
2024/05/10	16:19:02	40.99136	141.56444	16	0.0	4	1.3	204
2024/05/10	16:20:01	40.99169	141.56412	6	0.0	3	2.1	208
2024/05/10	16:21:01	40.99206	141.56397	20	0.0	3	2.1	202
2024/05/10	16:22:01	40.99239	141.56356	12	0.0	4	1.3	205
2024/05/10	16:23:02	40.99266	141.56348	2	0.0	4	1.3	210
2024/05/10	16:24:00	40.99303	141.56325	-10	0.0	3	2.1	205
2024/05/10	16:25:02	40.99330	141.56298	4	0.0	4	1.4	237
2024/05/10	16:26:01	40.99353	141.56272	26	0.0	3	3.1	190
2024/05/10	16:27:01	40.99403	141.56242	-20	0.0	4	1.4	208
2024/05/10	16:28:01	40.99433	141.56217	-34	0.0	3	3.2	210
2024/05/10	16:29:01	40.99457	141.56193	0	0.0	4	2.0	207
2024/05/10	16:30:01	40.99480	141.56171	32	0.0	3	3.3	196
2024/05/10	16:31:01	40.99511	141.56154	40	0.0	4	2.0	226
2024/05/10	16:32:02	40.99551	141.56127	28	0.0	3	4.0	226
2024/05/10	16:33:01	40.99580	141.56108	4	0.0	4	2.1	233
2024/05/10	16:34:01	40.99619	141.56079	-20	0.0	3	4.2	205
2024/05/10	16:35:02	40.99656	141.56063	-16	0.0	3	4.3	206
2024/05/10	16:36:02	40.99659	141.56053	40	0.0	3	2.4	221
2024/05/10	16:37:01	40.99697	141.56033	42	0.0	3	2.4	204
2024/05/10	16:38:01	40.99729	141.56006	38	0.0	4	2.3	206
2024/05/10	16:39:02	40.99773	141.55973	18	0.0	4	2.3	219
2024/05/10	16:40:02	40.99795	141.55966	38	0.0	3	6.0	249
2024/05/10	16:41:02	40.99846	141.55923	4	0.0	3	6.2	228
2024/05/10	16:42:01	40.99876	141.55930	-0	3.7	3	6.4	184
2024/05/10	16:43:02	40.99899	141.55902	38	0.0	3	7.1	210
2024/05/10	16:44:04	40.99959	141.55877	-66	0.0	3	8.0	253
2024/05/10	16:45:03	40.99965	141.55865	-10	0.0	4	3.2	257
2024/05/10	16:46:03	41.00013	141.55823	-48	0.0	3	9.2	257
2024/05/10	16:47:02	41.00056	141.55804	-84	0.0	3	10.2	258
2024/05/10	16:48:05	41.00010	141.55832	102	3.7	3	11.3	218
2024/05/10	16:49:02	41.00083	141.55782	-2	0.0	4	4.0	232
2024/05/10	16:50:03	41.00116	141.55766	-6	0.0	4	4.1	255
2024/05/10	16:51:02	41.00121	141.55767	42	0.0	4	4.3	261
2024/05/10	16:52:03	41.00135	141.55765	78	0.0	4	4.4	261
2024/05/10	16:53:03	41.00219	141.55696	-22	0.0	4	5.1	263
2024/05/10	16:54:03	41.00250	141.55679	-42	0.0	4	5.3	263
2024/05/10	16:55:01	41.00280	141.55656	-42	0.0	2	3.1	236
2024/05/10	16:56:03	41.00267	141.55668	40	0.0	4	6.2	266
2024/05/10	16:57:01	41.00304	141.55650	42	0.0	2	3.1	229
2024/05/10	16:58:05	41.00335	141.55624	30	7.4	4	7.2	246
2024/05/10	16:59:01	41.00356	141.55617	26	0.0	2	3.2	262
2024/05/10	17:00:03	41.00311	141.55662	156	3.7	4	8.4	260
2024/05/10	17:01:01	41.00341	141.55636	156	0.0	2	3.3	256
2024/05/10	17:02:01	41.00371	141.55610	158	0.0	2	3.3	259
2024/05/10	17:03:01	41.00384	141.55611	160	0.0	2	3.3	254
2024/05/10	17:04:04	41.00531	141.55501	-12	0.0	4	12.0	264
2024/05/10	17:05:04	41.00605	141.55432	-88	7.4	4	12.3	257
2024/05/10	17:06:04	41.00591	141.55448	-24	0.0	4	13.0	256
2024/05/10	17:07:03	41.00621	141.55424	-24	0.0	2	4.0	210
2024/05/10	17:08:03	41.00680	141.55369	-54	3.7	3	13.4	278
2024/05/10	17:09:03	41.00639	141.55431	40	0.0	4	12.2	264
2024/05/10	17:10:07	41.00675	141.55414	30	0.0	4	11.4	230
2024/05/10	17:11:04	41.00699	141.55405	32	0.0	3	11.1	221
2024/05/10	17:12:04	41.00730	141.55393	22	3.7	4	10.2	245
2024/05/10	17:13:03	41.00684	141.55265	-52	0.0	3	12.2	255
2024/05/10	17:14:04	41.00752	141.55202	-98	0.0	3	11.0	282
2024/05/10	17:15:04	41.00708	141.55258	0	0.0	4	8.2	254
2024/05/10	17:16:04	41.00739	141.55230	-14	0.0	3	8.4	230
2024/05/10	17:17:03	41.00823	141.55167	-76	0.0	3	8.1	274
2024/05/10	17:18:04	41.00784	141.55204	8	0.0	3	8.0	271
2024/05/10	17:19:03	41.00732	141.55018	-8	22.2	3	7.4	280
2024/05/10	17:20:06	41.00507	141.54845	26	11.1	3	6.3	231
2024/05/10	17:21:05	41.00565	141.54663	2	18.5	3	7.1	249
2024/05/10	17:22:07	41.00630	141.54578	0	18.5	3	5.4	227
2024/05/10	17:23:03	41.00543	141.54568	22	3.7	3	6.4	242
2024/05/10	17:24:02	41.00787	141.54455	-6	7.4	3	6.3	254
2024/05/10	17:25:03	41.00795	141.54399	-10	7.4	3	5.0	285
2024/05/10	17:26:05	41.00700	141.54424	14	3.7	3	4.4	237
2024/05/10	17:27:03	41.00550	141.54484	24	3.7	3	4.3	289
2024/05/10	17:28:02	41.00548	141.54620	-4	25.9	3	4.2	277
2024/05/10	17:29:03	41.00421	141.54997	10	11.1	3	4.1	277
2024/05/10	17:30:04	41.00369	141.54670	16	40.7	3	4.1	273
2024/05/10	17:31:02	41.00646	141.54143	4	51.9	3	4.0	253
2024/05/10	17:32:05	41.00729	141.54102	8	7.4	3	3.4	272
2024/05/10	17:33:02	41.00782	141.54002	0	40.7	3	3.4	272
2024/05/10	17:34:05	41.00800	141.53972	-2	3.7	3	3.3	242
2024/05/10	17:35:05	41.00816	141.53921	-2	29.6	3	3.3	271
2024/05/10	17:36:09	41.00872	141.53951	10	0.0	3	3.2	239
2024/05/10	17:37:11	41.00925	141.53904	0	0.0	3	3.2	241
2024/05/10	17:38:06	41.00901	141.53946	20	11.1	3	3.2	242
2024/05/10	17:39:04	41.00959	141.53886	12	3.7	3	3.1	271
2024/05/10	17:40:04	41.00967	141.53894	2	3.7	3	3.1	273
2024/05/10	17:41:10	41.00984	141.53890	8	11.1	3	3.0	270
2024/05/10	17:42:04	41.01004	141.53874	14	0.0	3	3.0	251
2024/05/10	17:43:07	41.01028	141.53859	8	18.5	3	3.0	265
2024/05/10	17:44:33	41.01068	141.53821	2	0.0	6	1.1	260
2024/05/10	17:45:01	41.01078	141.53812	12	0.0	6	1.1	284
2024/05/10	17:46:01	41.01099	141.53796	12	0.0	5	1.1	235
2024/05/10	17:47:01	41.01129	141.53780	8	0.0	6	1.1	263
2024/05/10	17:48:01	41.01088	141.53667	4	25.9	4	1.1	280
2024/05/10	17:49:01	41.01168	141.53253	4	25.9	5	1.1	281
2024/05/10	17:50:01	41.01172	141.53269	-24	11.1	5	1.4	292
2024/05/10	17:51:01	41.01195	141.53221	8	0.0	4	2.4	219
2024/05/10	17:52:01	41.01203	141.53230	-4	0.0	4	1.3	252
2024/05/10	17:53:00	41.01221	141.53229	-8	0.0	3	2.4	225
2024/05/10	17:54:00	41.01246	141.53216	30	0.0	3	1.4	209
2024/05/10	17:55:00	41.01263	141.53250	-2	0.0	3	1.4	209
2024/05/10	17:56:02	41.01289	141.53263	-12	0.0	5	1.3	277
2024/05/10	17:57:00	41.01304	141.53247	0	0.0	4	1.3	262
2024/05/10	17:58:01	41.01318	141.53272	-4	0.0	4	1.3	213
2024/05/10	17:59:00	41.01335	141.53271	16	0.0	4	1.3	240
2024/05/10	18:00:01	41.01358	141.53282	8	0.0	4	1.3	286
2024/05/10	18:01:00	41.01364	141.53294	8	0.0	4	1.4	240
2024/05/10	18:02:00	41.01392	141.53313	-0	0.0	4	1.3	239
2024/05/10	18:03:01	41.01417	141.53299	26	0.0	3	2.0	246
2024/05/10	18:04:01	41.01427	141.53319	-10	0.0	4	1.3	287
2024/05/10	18:05:00	41.01447	141.53300	24	0.0	4	1.3	263
2024/05/10	18:06:01	41.01478	141.53334	6	0.0	4	1.3	286
2024/05/10	18:07:00	41.01485	141.53318	4	0.0	3	1.4	257
2024/05/10	18:08:00	41.01513	141.53343	6	0.0	3	1.4	180
2024/05/10	18:09:00	41.01543	141.53327	20	0.0	4	1.3	260
2024/05/10	18:10:01	41.01558	141.53364	-8	0.0	3	1.4	280
2024/05/10	18:11:01	41.01582	141.53370	-32	0.0	4	1.2	258
2024/05/10	18:12:00	41.01595	141.53361	-10	0.0	3	1.4	210
2024/05/10	18:13:01	41.01621	141.53366	2	0.0	4	1.2	280
2024/05/10	18:14:01	41.01651	141.53371	12	0.0	4	1.2	259
2024/05/10	18:15:02	41.01662	141.53375	-2	0.0	4	1.2	233
2024/05/10	18:16:02	41.01686	141.53376	-10	0.0	3	12.2	251
2024/05/10	18:17:03	41.01717	141.53433	-74	0.0	3	11.4	252
2024/05/10	18:18:08	41.01723	141.53375	-6	0.0	4	1.2	253
2024/05/10	18:19:02	41.01739	141.53383	-10	0.0	4	1.2	262
2024/05/10	18:20:02	41.01768	141.53372	8	0.0	3	10.2	279
2024/05/10	18:21:04	41.01787	141.53380	-22	0.0	4	1.2	266
2024/05/10	18:22:02	41.01814	141.53411	-54	0.0	3	9.3	285
2024/05/10	18:23:02	41.01820	141.53362	-16	0.0	4	1.2	203
2024/05/10	18:24:02	41.01838	141.53348	-0	0.0	4	1.2	269
2024/05/10	18:25:00	41.01869	141.53314	34	0.0	3	1.2	268
2024/05/10	18:26:01	41.01885	141.53322	34	0.0	4	1.2	236
2024/05/10	18:27:01	41.01911	141.53322	-8	0.0	4	1.1	264
2024/05/10	18:28:01	41.01923	141.53302	40	0.0	4	1.1	266
2024/05/10	18:29:01	41.01949	141.53294	18	0.0	4	1.1	264
2024/05/10	18:30:01	41.01977	141.53313	-22	0.0	4	1.1	239
2024/05/10	18:31:01	41.01996	141.53304	-10	0.0	3	7.1	234
2024/05/10	18:32:01	41.02013	141.53309	-4	0.0	4	1.1	249
2024/05/10	18:33:02	41.02038	141.53292	-6	0.0	4	1.1	271
2024/05/10	18:34:01	41.02042	141.53230	118	0.0	3	6.3	262
2024/05/10	18:35:03	41.02061	141.53234	106	0.0	3	6.2	259
2024/05/10	18:36:02	41.02109	141.53320	-72	0.0	3	9.2	264
2024/05/10	18:37:03	41.02155	141.53400	-238	0.0	3	6.0	222
2024/05/10	18:38:01	41.02134	141.53289	-14	0.0	4	1.1	230
2024/05/10	18:39:01	41.02153	141.53295	2	0.0	3	1.4	182
2024/05/10	18:40:02	41.02172	141.53290	12	0.0	4	1.1	236
2024/05/10	18:41:01	41.02174	141.53262	52	0.0	3	5.2	206
2024/05/10	18:42:02	41.02205	141.53287	16	0.0	3	7.1	279
2024/05/10	18:43:01	41.02196	141.53266	80	0.0	3	7.0	228
2024/05/10	18:44:03	41.02237	141.53337	-94	0.0	3	5.1	231
2024/05/10	18:45:01	41.02228	141.53303	18	0.0	3	1.1	207
2024/05/10	18:46:02	41.02208	141.53429	-32	37.0	4	1.1	271
2024/05/10	18:47:02	41.02272	141.53483	62	0.0	3	6.1	207
2024/05/10	18:48:01	41.02297	141.53513	-16	0.0	3	1.4	189
2024/05/10	18:49:02	41.02320	141.53503	40	0.0	4	1.2	250
2024/05/10	18:50:02	41.02342	141.53527	-22	0.0	3	5.3	248
2024/05/10	18:51:04	41.02368	141.53538	-86	0.0	3	4.3	241
2024/05/10	18:52:03	41.02411	141.53638	-32	25.9	4	1.1	264
2024/05/10	18:53:02	41.02501	141.54065	-2	0.0	4	1.1	229
2024/05/10	18:54:01	41.02534	141.54050	28	0.0	4	1.2	194
2024/05/10	18:55:01	41.02561	141.54059	-12	0.0	3	1.4	249
2024/05/10	18:56:00	41.02587	141.53999	-40	0.0	3	1.4	172
2024/05/10	18:57:02	41.02632	141.54046	-100	0.0	3	4.2	272
2024/05/10	18:58:01	41.02643	141.54016	-14	0.0	3	4.2	230
2024/05/10	18:59:01	41.02675	141.53994	0	0.0	3	3.1	192
2024/05/10	19:00:02	41.02699	141.53982	12	0.0	3	3.1	220
2024/05/10	19:01:01	41.02741	141.53957	-18	0.0	4	1.2	197
2024/05/10	19:02:01	41.02750	141.53956	30	0.0	3	3.1	178
2024/05/10	19:03:01	41.02786	141.53957	28	0.0	3	2.0	180
2024/05/10	19:04:02	41.02832	141.53949	28	0.0	3	2.0	227
2024/05/10	19:05:01	41.02900	141.53930	28	3.7	3	3.2	180
2024/05/10	19:06:01	41.02906	141.53910	-4	0.0	3	2.0	200
2024/05/10	19:07:01	41.02932	141.53920	38	0.0	3	2.0	202
2024/05/10	19:08:02	41.03190	141.54010	2	40.7	4	1.3	276
2024/05/10	19:09:03	41.03637	141.54000	-20	40.7	4	1.3	268
2024/05/10	19:10:02	41.03786	141.54636	-18	33.3	2	3.1	223
2024/05/10	19:11:02	41.04050	141.55123	40	25.9	3	1.4	225
2024/05/10	19:12:02	41.04014	141.55429	38	22.2	2	2.1	277
2024/05/10	19:13:02	41.04093	141.55586	-26	40.7	4	1.3	274
2024/05/10	19:14:01	41.04499	141.55948	-18	33.3	3	4.4	268
2024/05/10	19:15:00	41.04710	141.56406	16	25.9	3	1.4	231
2024/05/10	19:16:02	41.04825	141.56954	-16	25.9	4	1.3	283
2024/05/10	19:17:01	41.04962	141.57487	96	25.9	3	5.0	224
2024/05/10	19:18:02	41.04879	141.57884	34	25.9	4	1.3	278
2024/05/10	19:19:02	41.04957	141.58360	32	14.8	4	1.3	281
2024/05/10	19:20:02	41.04705	141.58601	70	22.2	3	5.1	274
2024/05/10	19:21:03	41.04657	141.59082	24	25.9	3	4.0	252
2024/05/10	19:22:01	41.04658	141.59500	-46	25.9	3	5.2	225
2024/05/10	19:23:04	41.04577	141.59972	-8	25.9	4	1.3	281
2024/05/10	19:24:01	41.04381	141.60344	-4	22.2	4	1.3	284
2024/05/10	19:25:01	41.04161	141.60735	12	25.9	4	1.3	230
2024/05/10	19:26:01	41.03862	141.60860	-50	25.9	3	5.4	277
2024/05/10	19:27:02	41.03521	141.60968	8	22.2	4	1.3	280
2024/05/10	19:28:02	41.03214	141.61118	14	22.2	3	6.1	282
2024/05/10	19:29:03	41.03139	141.61631	22	29.6	3	6.2	249
2024/05/10	19:30:01	41.03356	141.62116	12	29.6	4	1.4	226
2024/05/10	19:31:02	41.03270	141.62612	16	25.9	4	1.4	286
2024/05/10	19:32:03	41.02990	141.62865	4	22.2	4	1.4	279
2024/05/10	19:33:02	41.02832	141.63112	-6	18.5	4	1.4	282
2024/05/10	19:34:02	41.02622	141.63474	30	22.2	4	1.4	280
2024/05/10	19:35:01	41.02452	141.63926	32	25.9	4	1.4	276
2024/05/10	19:36:01	41.02377	141.64350	6	22.2	4	1.4	278
2024/05/10	19:37:01	41.02084	141.64447	-112	14.8	3	8.0	291
2024/05/10	19:38:02	41.01731	141.64226	30	29.6	3	8.1	275
2024/05/10	19:39:01	41.01391	141.63966	28	29.6	2	4.0	233
2024/05/10	19:40:02	41.01114	141.63904	-106	29.6	3	8.4	283
2024/05/10	19:41:02	41.00771	141.64115	-12	25.9	4	1.4	262
2024/05/10	19:42:02	41.00431	141.64225	-114	40.7	3	9.3	283
2024/05/10	19:43:03	40.99961	141.64314	-8	29.6	4	1.4	281
2024/05/10	19:44:02	40.99496	141.64347	114	18.5	3	10.3	285
2024/05/10	19:45:05	40.99103	141.64254	2	25.9	4	1.4	280
2024/05/10	19:46:02	40.98588	141.64270	198	29.6	3	11.3	290
2024/05/10	19:47:04	40.98305	141.64190	-16	22.2	4	1.4	285
2024/05/10	19:48:02	40.97973	141.64038	-8	18.5	4	1.4	287
2024/05/10	19:49:03	40.97658	141.63947	6	18.5	4	1.4	281
2024/05/10	19:50:03	40.97348	141.64126	16	22.2	4	1.4	285
2024/05/10	19:51:02	40.97007	141.64092	0	22.2	4	1.4	284
2024/05/10	19:52:03	40.96636	141.64174	4	25.9	4	1.4	283
2024/05/10	19:53:04	40.96267	141.64088	2	25.9	4	1.4	285
2024/05/10	19:54:04	40.95921	141.64093	12	25.9	4	1.4	284
2024/05/10	19:55:03	40.95579	141.63910	14	22.2	4	1.4	279
2024/05/10	19:56:03	40.95254	141.63818	4	25.9	4	1.4	285
2024/05/10	19:57:03	40.94894	141.63554	0	29.6	4	1.4	283
2024/05/10	19:58:03	40.94641	141.63055	-0	29.6	4	1.4	284
2024/05/10	19:59:03	40.94269	141.62689	0	25.9	4	1.4	285
2024/05/10	20:10:43	40.90723	141.58316	2	29.6	3	2.2	271
2024/05/10	20:11:00	40.90612	141.58233	20	29.6	3	2.2	252
2024/05/10	20:12:01	40.90244	141.58098	-16	29.6	3	2.2	284
2024/05/10	20:13:00	40.89920	141.57700	36	25.9	3	2.2	254
2024/05/10	20:14:01	40.89658	141.57485	-14	22.2	3	2.2	281
2024/05/10	20:15:01	40.89302	141.57240	-12	22.2	3	2.2	254
2024/05/10	20:16:03	40.88898	141.57071	-8	25.9	3	2.3	278
2024/05/10	20:17:01	40.88541	141.56854	6	29.6	3	2.3	229
2024/05/10	20:18:01	40.88114	141.56680	-18	22.2	3	2.3	231
2024/05/10	20:19:01	40.87754	141.56549	-22	25.9	3	2.3	226
2024/05/10	20:20:01	40.87470	141.56018	4	33.3	3	2.3	231
2024/05/10	20:21:02	40.87059	141.55757	24	33.3	3	2.3	284
2024/05/10	20:22:01	40.86778	141.55451	-8	33.3	3	2.3	249
2024/05/10	20:23:01	40.86537	141.54927	36	29.6	3	2.4	203
2024/05/10	20:24:02	40.86289	141.54461	10	29.6	3	2.4	279
2024/05/10	20:25:01	40.85922	141.54236	10	25.9	3	2.4	281
2024/05/10	20:26:02	40.85536	141.54078	12	25.9	3	2.4	283
2024/05/10	20:27:02	40.85218	141.53835	-10	33.3	3	2.4	279
2024/05/10	20:28:02	40.84832	141.53644	12	37.0	3	2.4	279
2024/05/10	20:29:01	40.84673	141.53188	-16	14.8	3	3.0	207
2024/05/10	20:30:02	40.84454	141.53016	4	14.8	3	3.0	281
2024/05/10	20:31:03	40.84284	141.52799	-8	0.0	3	3.0	226
2024/05/10	20:32:02	40.84147	141.52419	16	22.2	3	3.0	315
2024/05/10	20:33:02	40.84128	141.51926	20	22.2	2	4.0	283
2024/05/10	20:34:02	40.83777	141.51803	-44	14.8	3	3.1	275
2024/05/10	20:35:01	40.83399	141.51628	34	29.6	3	3.1	199
2024/05/10	20:36:02	40.82960	141.51676	-2	29.6	3	3.1	264
2024/05/10	20:37:01	40.82484	141.51703	-8	29.6	3	3.2	210
2024/05/10	20:38:02	40.82034	141.51682	-10	33.3	3	3.2	258
2024/05/10	20:39:01	40.81526	141.51712	-28	29.6	3	3.2	231
2024/05/10	20:40:02	40.81007	141.51769	-10	33.3	3	3.3	259
2024/05/10	20:41:02	40.80556	141.51705	-30	33.3	3	3.3	258
2024/05/10	20:42:02	40.80009	141.51637	-12	33.3	3	3.3	252
2024/05/10	20:43:01	40.79574	141.51674	4	29.6	3	3.4	254
2024/05/10	20:44:02	40.79023	141.51686	-50	29.6	3	3.4	258
2024/05/10	20:45:01	40.78524	141.51502	38	29.6	3	3.4	265
2024/05/10	20:46:01	40.78072	141.51295	-38	33.3	3	4.0	232
2024/05/10	20:47:01	40.77586	141.51159	-48	33.3	3	4.0	231
2024/05/10	20:48:01	40.77209	141.50817	-26	22.2	3	4.0	207
2024/05/10	20:49:02	40.76820	141.50682	40	22.2	3	4.1	254
2024/05/10	20:50:02	40.76513	141.50670	-14	25.9	3	4.1	280
2024/05/10	20:51:02	40.76126	141.50591	26	22.2	3	4.2	283
2024/05/10	20:52:03	40.75720	141.50620	2	25.9	3	4.2	282
2024/05/10	20:53:01	40.75344	141.50733	4	25.9	3	4.3	260
2024/05/10	20:54:02	40.74895	141.50756	14	25.9	3	4.3	288
2024/05/10	20:55:01	40.74375	141.50730	-28	37.0	3	4.3	254
2024/05/10	20:56:02	40.73810	141.50882	-24	37.0	3	4.4	290
2024/05/10	20:57:01	40.73268	141.50838	-54	40.7	3	4.4	236
2024/05/10	20:58:01	40.72648	141.50731	54	40.7	3	5.0	207
2024/05/10	20:59:03	40.72084	141.50645	-2	29.6	3	5.0	286
2024/05/10	21:00:02	40.71540	141.50579	58	33.3	3	5.1	286
2024/05/10	21:01:02	40.71036	141.50622	22	29.6	3	5.1	287
2024/05/10	21:02:01	40.70441	141.50488	34	37.0	3	5.2	293
2024/05/10	21:03:02	40.69879	141.50570	56	29.6	3	5.2	290
2024/05/10	21:04:03	40.69382	141.50672	62	33.3	3	5.3	285
2024/05/10	21:05:02	40.68916	141.50756	6	29.6	3	5.3	281
2024/05/10	21:06:03	40.68426	141.50876	-40	29.6	3	5.4	281
2024/05/10	21:07:01	40.67910	141.50913	6	33.3	3	6.0	288
2024/05/10	21:08:01	40.67370	141.50951	58	25.9	3	6.0	238
2024/05/10	21:09:03	40.66872	141.51036	6	33.3	3	6.1	261
2024/05/10	21:10:02	40.66368	141.51173	16	29.6	3	6.1	287
2024/05/10	21:11:02	40.65848	141.51280	56	29.6	3	6.2	284
2024/05/10	21:12:02	40.65378	141.51493	42	37.0	3	6.3	290
2024/05/10	21:13:02	40.64910	141.51643	-24	33.3	3	6.3	281
2024/05/10	21:14:01	40.64381	141.51817	48	33.3	3	6.4	259
2024/05/10	21:15:02	40.63877	141.51974	-6	44.4	3	7.0	284
2024/05/10	21:16:01	40.63349	141.52205	66	37.0	3	7.0	288
2024/05/10	21:17:02	40.62847	141.52411	-52	37.0	3	7.1	286
2024/05/10	21:18:02	40.62278	141.52585	4	37.0	3	7.2	286
2024/05/10	21:19:01	40.61670	141.52736	108	37.0	3	7.3	257
2024/05/10	21:20:02	40.61196	141.52987	-46	40.7	3	7.4	287
2024/05/10	21:21:02	40.60634	141.53208	-74	29.6	3	7.4	290
2024/05/10	21:22:02	40.60042	141.53367	-10	40.7	3	8.0	288
2024/05/10	21:23:02	40.59500	141.53605	-114	44.4	3	8.1	286
2024/05/10	21:24:02	40.58813	141.53691	26	44.4	3	8.2	285
2024/05/10	21:25:02	40.58092	141.53750	226	40.7	3	8.3	285
2024/05/10	21:26:04	40.57602	141.53967	-46	33.3	3	8.4	284
2024/05/10	21:27:02	40.57067	141.54202	-36	37.0	3	9.0	285
2024/05/10	21:28:03	40.56437	141.54332	70	33.3	3	9.1	284
2024/05/10	21:29:02	40.55818	141.54449	16	40.7	3	9.2	287
2024/05/10	21:30:03	40.55177	141.54654	34	37.0	3	9.3	285
2024/05/10	21:31:03	40.54609	141.55011	86	37.0	3	9.4	280
2024/05/10	21:32:04	40.54069	141.55408	116	44.4	3	10.0	285
2024/05/10	21:33:33	40.53876	141.55719	18	0.0	5	1.4	235
2024/05/10	21:34:00	40.53864	141.55698	94	0.0	3	2.1	201
2024/05/10	21:35:00	40.53877	141.55713	44	0.0	4	2.0	203
2024/05/10	21:36:00	40.53883	141.55754	-48	0.0	4	2.0	185
2024/05/10	21:37:00	40.53871	141.55714	46	0.0	4	2.0	152
2024/05/10	21:38:00	40.53886	141.55722	24	0.0	4	2.0	202
2024/05/10	21:39:00	40.53878	141.55731	4	0.0	5	1.4	201
2024/05/10	21:40:01	40.53884	141.55711	46	0.0	3	2.3	142
2024/05/10	21:41:01	40.53880	141.55727	4	0.0	4	2.0	226
2024/05/10	21:42:01	40.53885	141.55722	-10	0.0	5	1.4	228
2024/05/10	21:43:00	40.53874	141.55714	16	0.0	5	1.4	226
2024/05/10	21:44:00	40.53913	141.55717	44	0.0	3	2.3	232
2024/05/10	21:45:00	40.53877	141.55731	8	0.0	4	2.0	151
2024/05/10	21:46:00	40.53885	141.55719	4	0.0	4	2.0	204
2024/05/10	21:47:00	40.53887	141.55720	20	0.0	5	1.4	176
2024/05/10	21:48:01	40.53858	141.55739	-6	0.0	3	2.4	147
2024/05/10	21:49:01	40.53888	141.55717	12	0.0	3	2.4	238
2024/05/10	21:50:01	40.53883	141.55731	-18	0.0	4	2.0	207
2024/05/10	21:51:01	40.53872	141.55721	2	0.0	4	1.4	244
2024/05/10	21:52:00	40.53879	141.55730	0	0.0	4	2.2	246
2024/05/10	21:53:00	40.53871	141.55728	28	0.0	4	1.4	230
2024/05/10	21:54:00	40.53870	141.55714	24	0.0	4	1.4	236
2024/05/10	21:55:00	40.53885	141.55720	28	0.0	5	1.4	208
2024/05/10	21:56:00	40.53881	141.55720	10	0.0	5	1.4	205
2024/05/10	21:57:01	40.53872	141.55712	50	0.0	4	1.4	233
2024/05/10	21:58:00	40.53897	141.55720	-12	0.0	4	1.4	204
2024/05/10	21:59:00	40.53867	141.55729	38	0.0	4	1.4	236
2024/05/10	22:00:00	40.53893	141.55728	-24	0.0	4	1.4	230
2024/05/10	22:01:00	40.53874	141.55721	12	0.0	4	2.0	202
2024/05/10	22:02:01	40.53881	141.55732	26	0.0	3	3.2	222
2024/05/10	22:03:01	40.53876	141.55731	-12	0.0	3	2.2	239
2024/05/10	22:04:01	40.53877	141.55723	12	0.0	5	1.4	237
2024/05/10	22:05:00	40.53884	141.55720	26	0.0	5	1.4	235
2024/05/10	22:06:00	40.53890	141.55729	-6	0.0	5	1.4	234
2024/05/10	22:07:00	40.53880	141.55724	8	0.0	4	2.1	241
2024/05/10	22:08:00	40.53881	141.55727	-8	0.0	4	2.0	181
2024/05/10	22:09:01	40.53870	141.55723	18	0.0	4	2.4	238
2024/05/10	22:10:01	40.53894	141.55724	-24	0.0	4	2.0	241
2024/05/10	22:11:00	40.53887	141.55730	-20	0.0	5	1.4	236
2024/05/10	22:12:00	40.53877	141.55732	12	0.0	5	1.4	239
2024/05/10	22:13:01	40.53877	141.55730	2	0.0	4	2.1	228
2024/05/10	22:14:00	40.53887	141.55726	26	0.0	4	2.1	197
2024/05/10	22:15:00	40.53877	141.55722	22	0.0	4	2.1	215
2024/05/10	22:16:01	40.53893	141.55726	-12	0.0	5	1.4	229
2024/05/10	22:17:01	40.53875	141.55723	26	0.0	5	1.4	229
2024/05/10	22:18:02	40.53863	141.55728	14	0.0	5	1.4	220
2024/05/10	22:19:01	40.53887	141.55719	18	0.0	5	1.4	222
2024/05/10	22:20:01	40.53888	141.55725	4	0.0	4	3.2	225
2024/05/10	22:21:02	40.53867	141.55726	26	0.0	4	3.2	222
2024/05/10	22:22:02	40.53890	141.55719	0	0.0	4	3.3	219
2024/05/10	22:23:01	40.53892	141.55723	-8	0.0	4	3.3	229
2024/05/10	22:24:01	40.53882	141.55725	0	0.0	4	3.3	235
2024/05/10	22:25:01	40.53859	141.55722	32	0.0	4	3.4	229
2024/05/10	22:26:02	40.53890	141.55725	0	0.0	5	2.0	222
2024/05/10	22:27:02	40.53867	141.55727	14	0.0	4	3.4	210
2024/05/10	22:28:02	40.53896	141.55720	4	0.0	4	4.0	218
2024/05/10	22:29:02	40.53916	141.55727	-18	0.0	4	4.0	214
2024/05/10	22:30:01	40.53865	141.55718	30	0.0	4	4.0	200
2024/05/10	22:31:01	40.53873	141.55730	0	0.0	5	2.0	220
2024/05/10	22:32:01	40.53889	141.55722	-2	0.0	4	4.1	211
2024/05/10	22:33:02	40.53899	141.55722	-4	0.0	4	4.1	220
2024/05/10	22:34:01	40.53880	141.55723	8	0.0	4	4.2	198
2024/05/10	22:35:01	40.53865	141.55727	16	0.0	4	4.2	196
2024/05/10	22:36:01	40.53885	141.55727	6	0.0	4	4.2	221
2024/05/10	22:37:01	40.53880	141.55725	6	0.0	4	5.1	211
2024/05/10	22:38:01	40.53835	141.55732	50	0.0	4	4.3	195
2024/05/10	22:39:01	40.53849	141.55744	74	0.0	3	7.4	190
2024/05/10	22:40:01	40.53857	141.55732	28	0.0	4	4.4	197
2024/05/10	22:41:02	40.53888	141.55718	0	0.0	4	4.4	171
2024/05/10	22:42:02	40.53853	141.55726	34	0.0	4	4.4	172
2024/05/10	22:43:01	40.53888	141.55718	0	0.0	4	5.0	174
2024/05/10	22:44:01	40.53892	141.55715	-2	0.0	4	5.0	169
2024/05/10	22:45:01	40.53875	141.55714	28	0.0	4	5.0	200
2024/05/10	22:46:02	40.53855	141.55729	36	0.0	4	5.1	170
2024/05/10	22:47:01	40.53880	141.55719	10	0.0	3	5.3	164
2024/05/10	22:48:02	40.53885	141.55723	-0	0.0	4	5.1	171
2024/05/10	22:49:01	40.53925	141.55718	-62	0.0	3	5.4	175
2024/05/10	22:50:01	40.53888	141.55723	-6	0.0	4	5.1	172
2024/05/10	22:51:02	40.53892	141.55716	-10	0.0	3	5.4	166
2024/05/10	22:52:01	40.53902	141.55720	-12	0.0	2	9.0	162
2024/05/10	22:53:02	40.53900	141.55723	-4	11.1	2	8.3	155
2024/05/10	22:54:02	40.53885	141.55712	60	0.0	2	8.2	172
2024/05/10	22:55:02	40.53918	141.55700	42	0.0	2	8.1	158
2024/05/10	22:56:01	40.53870	141.55747	-70	0.0	2	8.0	158
2024/05/10	22:57:02	40.53905	141.55716	14	0.0	2	7.4	165
2024/05/10	22:58:02	40.53863	141.55726	44	0.0	2	7.3	161
2024/05/10	22:59:03	40.53885	141.55709	22	0.0	2	7.2	127
2024/05/10	23:00:29	40.53881	141.55725	10	0.0	4	9.0	181
2024/05/10	23:01:02	40.53779	141.55735	116	3.7	4	9.0	163
2024/05/10	23:02:04	40.53891	141.55719	-2	0.0	4	9.1	174
2024/05/10	23:03:04	40.53839	141.55737	48	0.0	4	9.1	177
2024/05/10	23:04:04	40.53894	141.55726	-20	0.0	4	9.1	180
2024/05/10	23:05:03	40.53909	141.55724	-42	3.7	4	9.1	186
2024/05/10	23:06:03	40.53873	141.55728	8	3.7	4	9.1	185
2024/05/10	23:07:09	40.53911	141.55725	-36	0.0	4	9.0	165
2024/05/10	23:08:04	40.53947	141.55716	-116	0.0	3	12.3	179
2024/05/10	23:09:04	40.53895	141.55715	10	0.0	3	12.0	161
2024/05/10	23:10:04	40.53898	141.55725	-8	0.0	3	11.2	161
2024/05/10	23:11:03	40.53888	141.55726	0	3.7	3	10.4	166
2024/05/10	23:12:04	40.53898	141.55718	-14	0.0	3	10.1	169
2024/05/10	23:13:04	40.53885	141.55724	-12	0.0	2	6.0	163
2024/05/10	23:19:49	40.53871	141.55728	6	0.0	3	4.2	229
2024/05/10	23:20:01	40.53880	141.55722	-44	0.0	2	4.3	138
2024/05/10	23:21:01	40.53886	141.55724	-52	0.0	2	4.2	117
2024/05/10	23:22:04	40.53843	141.55726	76	0.0	2	4.2	162
2024/05/10	23:23:01	40.53871	141.55722	12	0.0	2	4.1	144
2024/05/10	23:24:01	40.53887	141.55721	26	0.0	2	4.1	150
2024/05/10	23:25:01	40.53857	141.55721	126	0.0	2	4.1	131
2024/05/10	23:26:03	40.53872	141.55734	-58	0.0	2	4.0	171
2024/05/10	23:27:02	40.53909	141.55730	2	0.0	2	4.0	170
2024/05/10	23:28:01	40.53895	141.55715	-48	0.0	2	4.0	125
2024/05/10	23:29:02	40.53888	141.55723	-0	0.0	2	3.4	167
2024/05/10	23:30:03	40.53869	141.55727	16	0.0	2	3.4	215
2024/05/10	23:31:02	40.53890	141.55730	8	0.0	2	3.4	140
2024/05/10	23:32:04	40.53877	141.55729	14	0.0	2	3.4	190
2024/05/10	23:33:03	40.53856	141.55731	44	0.0	2	3.3	195
2024/05/10	23:39:25	40.53874	141.55714	-106	0.0	2	3.3	191
2024/05/10	23:40:02	40.53886	141.55726	44	0.0	2	3.3	176
2024/05/10	23:41:02	40.53883	141.55720	-22	0.0	2	3.2	178
2024/05/10	23:42:02	40.53871	141.55727	24	0.0	2	3.2	176
2024/05/10	23:43:02	40.53868	141.55712	48	0.0	2	3.2	181
2024/05/10	23:44:02	40.53873	141.55709	-102	0.0	2	3.2	173
2024/05/10	23:45:02	40.53885	141.55723	-2	0.0	2	3.2	178
2024/05/10	23:51:29	40.53880	141.55727	16	0.0	2	3.3	200
2024/05/10	23:52:03	40.53888	141.55724	-28	0.0	2	3.3	175
2024/05/10	23:53:02	40.53872	141.55731	42	0.0	2	3.3	175
2024/05/10	23:54:01	40.53880	141.55718	-22	0.0	2	3.3	229
2024/05/10	23:55:02	40.53876	141.55735	8	0.0	2	3.4	175
2024/05/10	23:56:02	40.53879	141.55725	-12	0.0	2	3.4	182
2024/05/10	23:57:02	40.53875	141.55714	-8	0.0	2	3.4	202
2024/05/10	23:58:04	40.53886	141.55693	-72	0.0	2	3.4	168
2024/05/10	23:59:05	40.53884	141.55727	34	0.0	2	4.0	223
2024/05/11	00:00:05	40.53883	141.55650	32	0.0	1	4.2	260
2024/05/11	00:01:35	40.53893	141.55643	4	0.0	5	1.1	259
2024/05/11	00:02:02	40.53887	141.55660	28	0.0	4	2.1	257
2024/05/11	00:03:01	40.53895	141.55514	0	37.0	3	2.0	207
2024/05/11	00:04:05	40.54040	141.54826	32	37.0	3	2.2	250
2024/05/11	00:05:04	40.54176	141.54237	34	29.6	3	2.0	198
2024/05/11	00:06:03	40.54128	141.53486	20	33.3	3	2.0	237
2024/05/11	00:07:02	40.54161	141.52987	8	33.3	3	2.0	228
2024/05/11	00:08:03	40.54391	141.52377	24	40.7	5	1.1	255
2024/05/11	00:09:01	40.54525	141.51770	16	29.6	3	2.0	205
2024/05/11	00:10:01	40.54496	141.51161	-24	33.3	3	2.0	146
2024/05/11	00:11:01	40.54309	141.50605	-4	11.1	3	2.0	230
2024/05/11	00:12:02	40.54212	141.50535	14	22.2	4	1.2	233
2024/05/11	00:13:03	40.54337	141.50616	24	0.0	4	1.2	250
2024/05/11	00:14:05	40.54362	141.50641	-18	0.0	4	2.2	237
2024/05/11	00:15:03	40.54341	141.50643	50	18.5	4	2.2	192
2024/05/11	00:16:02	40.54298	141.50528	0	14.8	3	1.4	200
2024/05/11	00:17:02	40.54282	141.50521	14	0.0	3	2.0	225
2024/05/11	00:18:01	40.54294	141.50547	-10	0.0	3	2.0	181
2024/05/11	00:19:00	40.54329	141.50526	92	7.4	3	2.0	179
2024/05/11	00:20:02	40.54329	141.50548	16	0.0	3	2.0	256
2024/05/11	00:21:02	40.54324	141.50589	42	0.0	4	2.2	239
2024/05/11	00:22:02	40.54294	141.50761	6	0.0	4	2.2	268
2024/05/11	00:23:02	40.54299	141.50756	-30	0.0	3	3.2	242
2024/05/11	00:24:01	40.54296	141.50772	-6	0.0	3	2.0	262
2024/05/11	00:25:01	40.54313	141.50748	52	0.0	3	2.0	223
2024/05/11	00:26:02	40.54292	141.50774	-0	0.0	4	2.3	238
2024/05/11	00:27:01	40.54308	141.50762	4	0.0	3	2.0	183
2024/05/11	00:28:03	40.54295	141.50756	-18	0.0	4	1.2	243
2024/05/11	00:29:02	40.54300	141.50791	-10	0.0	4	1.2	255
2024/05/11	00:30:03	40.54289	141.50781	-16	0.0	4	1.2	266
2024/05/11	00:31:03	40.54291	141.50775	2	0.0	4	1.2	270
2024/05/11	00:32:03	40.54296	141.50777	10	0.0	3	4.2	252
2024/05/11	00:33:03	40.54293	141.50770	18	0.0	4	1.2	267
2024/05/11	00:34:02	40.54296	141.50758	-28	0.0	3	4.4	262
2024/05/11	00:35:02	40.54292	141.50800	52	0.0	3	4.4	222
2024/05/11	00:36:03	40.54296	141.50776	-6	0.0	4	1.2	235
2024/05/11	00:37:11	40.54294	141.50771	-4	0.0	4	1.2	222
2024/05/11	00:38:03	40.54291	141.50797	50	0.0	3	5.2	243
2024/05/11	00:39:03	40.54282	141.50798	32	3.7	2	6.1	208
2024/05/11	00:40:05	40.54288	141.50766	-10	0.0	3	2.1	236
2024/05/11	00:41:06	40.54298	141.50719	-66	0.0	3	6.1	238
2024/05/11	00:42:02	40.54269	141.50817	134	0.0	3	6.2	232
2024/05/11	00:43:02	40.54287	141.50756	2	0.0	4	1.2	246
2024/05/11	00:44:02	40.54287	141.50766	34	0.0	3	6.4	247
2024/05/11	00:45:01	40.54293	141.50754	4	0.0	3	2.1	188
2024/05/11	00:46:02	40.54279	141.50750	-14	0.0	4	1.2	246
2024/05/11	00:47:02	40.54280	141.50752	-6	0.0	4	1.2	242
2024/05/11	00:48:02	40.54282	141.50751	-8	0.0	4	1.2	241
2024/05/11	00:49:02	40.54292	141.50752	-2	0.0	4	1.2	244
2024/05/11	00:50:03	40.54297	141.50717	-62	0.0	3	8.4	230
2024/05/11	00:51:05	40.54288	141.50744	-2	0.0	4	1.2	233
2024/05/11	00:52:02	40.54260	141.50845	132	0.0	3	9.3	240
2024/05/11	00:53:02	40.54298	141.50760	0	0.0	4	1.2	233
2024/05/11	00:54:02	40.54288	141.50758	-6	0.0	4	1.2	241
2024/05/11	00:55:02	40.54290	141.50750	2	0.0	4	1.2	263
2024/05/11	00:56:02	40.54285	141.50738	-2	0.0	4	1.2	267
2024/05/11	00:57:02	40.54262	141.50746	-52	0.0	2	12.0	163
2024/05/11	00:58:03	40.54289	141.50758	-6	0.0	4	1.2	226
2024/05/11	00:59:03	40.54284	141.50752	-10	0.0	4	1.2	249
2024/05/11	01:00:04	40.54290	141.50745	-14	0.0	4	1.2	259
2024/05/11	01:01:02	40.54283	141.50745	-8	0.0	4	1.3	263
2024/05/11	01:02:02	40.54291	141.50751	-0	0.0	4	1.3	259
2024/05/11	01:03:01	40.54283	141.50747	-26	0.0	3	2.1	225
2024/05/11	01:04:04	40.54289	141.50751	-0	0.0	4	1.3	266
2024/05/11	01:05:03	40.54282	141.50745	-6	0.0	4	1.3	265
2024/05/11	01:06:04	40.54288	141.50752	-18	0.0	4	1.3	260
2024/05/11	01:07:03	40.54285	141.50748	-12	0.0	3	3.2	254
2024/05/11	01:08:02	40.54292	141.50756	-2	0.0	3	2.1	260
2024/05/11	01:09:02	40.54275	141.50741	24	0.0	3	2.1	258
2024/05/11	01:10:07	40.54280	141.50748	-18	0.0	4	1.3	251
2024/05/11	01:11:04	40.54291	141.50757	8	0.0	4	1.3	267
2024/05/11	01:12:02	40.54258	141.50748	-8	0.0	3	3.4	249
2024/05/11	01:13:03	40.54264	141.50749	-0	0.0	3	2.1	251
2024/05/11	01:14:03	40.54272	141.50746	-18	0.0	3	3.4	252
2024/05/11	01:15:05	40.54284	141.50756	0	0.0	4	1.3	253
2024/05/11	01:16:06	40.54282	141.50740	-12	0.0	4	1.3	253
2024/05/11	01:17:05	40.54287	141.50752	-8	0.0	4	1.3	254
2024/05/11	01:18:04	40.54287	141.50746	-8	0.0	4	1.3	273
2024/05/11	01:19:02	40.54293	141.50761	-10	0.0	4	1.3	237
2024/05/11	01:20:04	40.54286	141.50736	-10	0.0	4	1.3	254
2024/05/11	01:21:04	40.54292	141.50749	-2	0.0	4	1.3	257
2024/05/11	01:22:04	40.54285	141.50751	-0	0.0	4	1.3	255
2024/05/11	01:23:04	40.54287	141.50754	-0	0.0	4	1.3	277
2024/05/11	01:24:04	40.54296	141.50742	-26	0.0	4	1.3	249
2024/05/11	01:25:03	40.54221	141.50727	-4	18.5	3	5.1	269
2024/05/11	01:26:03	40.54313	141.50759	-24	0.0	4	1.3	265
2024/05/11	01:27:01	40.54301	141.50766	4	0.0	3	1.4	208
2024/05/11	01:28:03	40.54285	141.50755	2	0.0	4	1.4	243
2024/05/11	01:29:02	40.54302	141.50763	2	0.0	4	1.4	242
2024/05/11	01:30:06	40.54297	141.50753	0	0.0	4	1.4	275
2024/05/11	01:31:03	40.54306	141.50745	-24	0.0	3	16.2	272
2024/05/11	01:32:05	40.54310	141.50728	-52	0.0	3	15.4	267
2024/05/11	01:33:04	40.54290	141.50746	0	0.0	4	1.4	250
2024/05/11	01:34:02	40.54302	141.50756	-0	0.0	4	1.4	229
2024/05/11	01:35:03	40.54297	141.50744	-8	0.0	4	1.4	294
2024/05/11	01:36:02	40.54290	141.50753	0	0.0	4	1.4	297
2024/05/11	01:37:02	40.54306	141.50748	-6	0.0	3	8.3	275
2024/05/11	01:38:03	40.54318	141.50742	-54	0.0	3	13.0	276
2024/05/11	01:39:06	40.54290	141.50781	22	0.0	3	12.2	264
2024/05/11	01:40:02	40.54287	141.50758	6	0.0	4	2.0	246
2024/05/11	01:41:03	40.54319	141.50752	-10	0.0	3	10.4	298
2024/05/11	01:42:03	40.54331	141.50754	-26	0.0	3	11.3	271
2024/05/11	01:43:04	40.54304	141.50747	-18	3.7	3	11.0	298
2024/05/11	01:44:06	40.54295	141.50747	-32	0.0	3	13.3	246
2024/05/11	01:45:04	40.54309	141.50747	-26	0.0	4	2.0	246
2024/05/11	01:46:06	40.54303	141.50758	-4	0.0	4	2.0	269
2024/05/11	01:47:04	40.54303	141.50764	-0	0.0	4	2.0	250
2024/05/11	01:48:04	40.54337	141.50751	-22	0.0	3	20.0	255
2024/05/11	01:49:04	40.54804	141.50717	-126	0.0	4	2.1	291
2024/05/11	01:50:03	40.54210	141.50758	26	0.0	3	26.1	291
2024/05/11	01:51:06	40.54313	141.50752	-4	0.0	4	2.1	270
2024/05/11	01:52:07	40.54345	141.50747	-24	0.0	4	2.1	266
2024/05/11	01:53:03	40.54299	141.50751	-2	0.0	4	2.1	275
2024/05/11	01:54:03	40.54336	141.50733	-32	0.0	3	8.1	267
2024/05/11	01:55:34	40.54299	141.50753	-4	0.0	6	1.0	256
2024/05/11	01:56:03	40.54294	141.50751	-10	0.0	5	1.0	272
2024/05/11	01:57:03	40.54298	141.50751	-20	0.0	4	1.2	247
2024/05/11	01:58:01	40.54307	141.50746	8	0.0	3	1.4	261
2024/05/11	01:59:02	40.54299	141.50756	2	0.0	3	1.4	203
2024/05/11	02:00:02	40.54305	141.50747	-10	0.0	4	1.2	235
2024/05/11	02:01:00	40.54310	141.50744	-14	0.0	3	1.4	212
2024/05/11	02:02:03	40.54302	141.50745	-0	0.0	5	1.0	278
2024/05/11	02:03:03	40.54304	141.50748	-8	0.0	5	1.0	276
2024/05/11	02:04:02	40.54292	141.50752	8	0.0	5	1.0	280
2024/05/11	02:05:02	40.54190	141.50527	-30	0.0	3	2.2	245
2024/05/11	02:06:07	40.54210	141.50533	4	0.0	5	1.1	263
2024/05/11	02:07:03	40.54203	141.50531	-4	0.0	3	2.1	293
2024/05/11	02:08:08	40.54214	141.50524	2	0.0	5	1.1	269
2024/05/11	02:09:04	40.54219	141.50529	6	0.0	4	1.4	296
2024/05/11	02:10:09	40.54206	141.50540	0	0.0	6	1.0	282
2024/05/11	02:11:02	40.54190	141.50554	2	0.0	2	3.3	193
2024/05/11	02:12:02	40.54214	141.50549	0	0.0	6	1.0	293
2024/05/11	02:13:02	40.54292	141.50722	-10	0.0	5	1.1	297
2024/05/11	02:14:00	40.54293	141.50719	-8	0.0	4	1.2	258
2024/05/11	02:15:02	40.54290	141.50722	-4	0.0	5	1.1	279
2024/05/11	02:16:02	40.54290	141.50721	-2	0.0	5	1.1	296
2024/05/11	02:17:02	40.54286	141.50713	16	0.0	4	1.2	298
2024/05/11	02:18:03	40.54296	141.50720	-4	0.0	5	1.1	292
2024/05/11	02:19:02	40.54279	141.50721	-6	0.0	4	1.3	295
2024/05/11	02:20:03	40.54330	141.50737	38	37.0	2	3.3	212
2024/05/11	02:21:03	40.54728	141.51106	2	40.7	4	1.3	278
2024/05/11	02:22:04	40.55220	141.51014	38	18.5	4	1.3	267
2024/05/11	02:23:02	40.55489	141.50847	10	40.7	4	1.2	268
2024/05/11	02:24:02	40.55797	141.50438	-24	18.5	4	1.4	265
2024/05/11	02:25:02	40.55886	141.50431	44	55.6	3	2.1	277
2024/05/11	02:26:01	40.56055	141.50182	0	0.0	3	2.3	236
2024/05/11	02:27:01	40.56056	141.50175	-6	0.0	4	1.4	236
2024/05/11	02:28:03	40.56059	141.50173	-10	0.0	3	1.4	270
2024/05/11	02:29:02	40.56051	141.50184	-10	0.0	3	2.3	277
2024/05/11	02:30:02	40.56052	141.50191	-8	0.0	3	2.2	238
2024/05/11	02:31:03	40.56050	141.50192	-14	0.0	3	2.2	257
2024/05/11	02:32:02	40.56050	141.50187	0	0.0	2	2.3	244
2024/05/11	02:33:02	40.56061	141.50190	2	0.0	4	1.3	266
2024/05/11	02:34:02	40.56061	141.50190	2	0.0	4	1.3	291
2024/05/11	02:35:03	40.56046	141.50200	-28	0.0	2	3.3	269
2024/05/11	02:36:02	40.56146	141.50171	2	44.4	4	1.1	286
2024/05/11	02:37:02	40.56565	141.49970	18	33.3	3	2.1	220
2024/05/11	02:38:02	40.56609	141.50172	148	44.4	3	2.1	268
2024/05/11	02:39:02	40.57105	141.50272	210	59.3	4	2.3	287
2024/05/11	02:40:02	40.58092	141.50496	0	63.0	4	1.1	292
2024/05/11	02:41:02	40.58116	141.50466	2	0.0	1	2.4	226
2024/05/11	02:42:03	40.58107	141.50478	-14	0.0	3	1.2	282
2024/05/11	02:43:01	40.58128	141.50482	8	0.0	3	1.2	268
2024/05/11	02:44:03	40.58119	141.50482	-4	0.0	2	2.2	251
2024/05/11	02:45:02	40.58137	141.50482	-14	0.0	3	1.2	242
2024/05/11	02:46:02	40.58185	141.50439	-16	40.7	2	2.2	280
2024/05/11	02:47:02	40.58459	141.50541	-12	0.0	2	2.2	218
2024/05/11	02:48:02	40.58568	141.50575	16	29.6	4	1.2	273
2024/05/11	02:49:02	40.58967	141.50925	10	0.0	2	2.2	255
2024/05/11	02:50:01	40.58977	141.50953	-0	0.0	3	1.2	264
2024/05/11	02:51:03	40.58974	141.50975	-8	0.0	2	2.1	240
2024/05/11	02:52:02	40.58992	141.50990	-0	0.0	3	1.2	249
2024/05/11	02:53:01	40.58992	141.51008	-28	0.0	3	1.2	238
2024/05/11	02:54:02	40.59022	141.51004	12	0.0	2	2.0	279
2024/05/11	02:55:03	40.59031	141.51032	-12	0.0	3	1.2	250
2024/05/11	02:56:02	40.59036	141.51031	8	0.0	3	1.2	267
2024/05/11	02:57:02	40.59042	141.51031	-6	0.0	3	1.2	252
2024/05/11	02:58:02	40.59047	141.51046	-18	0.0	3	1.2	249
2024/05/11	02:59:03	40.59058	141.51056	0	0.0	2	2.0	257
2024/05/11	03:00:32	40.59241	141.51416	32	51.9	2	3.0	245
2024/05/11	03:07:22	40.62058	141.51770	18	37.0	5	3.0	258
2024/05/11	03:08:03	40.62452	141.51964	32	18.5	5	3.0	289
2024/05/11	03:09:02	40.62502	141.51968	-38	0.0	4	4.0	270
2024/05/11	03:10:03	40.62513	141.51991	-26	0.0	5	3.1	262
2024/05/11	03:11:03	40.62510	141.52017	-10	0.0	4	3.4	258
2024/05/11	03:12:03	40.62521	141.52043	4	0.0	5	3.1	250
2024/05/11	03:13:03	40.62548	141.52077	-44	0.0	5	3.1	265
2024/05/11	03:14:03	40.62529	141.52090	8	0.0	5	3.1	267
2024/05/11	03:15:03	40.62534	141.52123	-8	3.7	4	3.3	252
2024/05/11	03:16:03	40.62572	141.52148	-26	0.0	4	3.3	264
2024/05/11	03:17:02	40.62557	141.52164	14	0.0	4	3.3	254
2024/05/11	03:18:03	40.62708	141.51990	-52	22.2	4	3.3	282
2024/05/11	03:19:03	40.62684	141.51971	-4	0.0	4	3.2	278
2024/05/11	03:20:03	40.62698	141.52102	-60	11.1	5	3.2	266
2024/05/11	03:21:03	40.62959	141.52199	26	48.2	4	3.2	253
2024/05/11	03:22:03	40.63136	141.52350	72	29.6	4	3.4	254
2024/05/11	03:23:03	40.63717	141.52053	120	29.6	4	3.4	257
2024/05/11	03:24:02	40.64365	141.51974	68	44.4	5	3.1	252
2024/05/11	03:25:02	40.64946	141.51874	18	48.2	5	3.1	269
2024/05/11	03:26:03	40.65401	141.51832	-6	51.9	5	3.1	282
2024/05/11	03:27:03	40.65193	141.51656	-46	18.5	3	11.4	255
2024/05/11	03:28:03	40.64994	141.51736	-38	18.5	4	3.1	280
2024/05/11	03:29:02	40.64967	141.51534	-28	18.5	4	3.1	261
2024/05/11	03:30:03	40.65132	141.51215	0	25.9	4	3.1	261
2024/05/11	03:31:03	40.64824	141.51173	-30	29.6	4	3.1	250
2024/05/11	03:32:03	40.64458	141.51138	-54	18.5	3	9.1	272
2024/05/11	03:33:03	40.64258	141.50984	-2	22.2	3	8.4	284
2024/05/11	03:34:03	40.63926	141.50813	-22	25.9	4	3.1	285
2024/05/11	03:35:03	40.63654	141.50587	-40	22.2	3	8.1	286
2024/05/11	03:36:03	40.63248	141.50498	-44	37.0	4	3.1	251
2024/05/11	03:37:03	40.62873	141.50358	-22	3.7	3	7.3	256
2024/05/11	03:38:03	40.62841	141.50374	-8	0.0	4	3.1	288
2024/05/11	03:39:03	40.62846	141.50385	-8	0.0	3	7.1	237
2024/05/11	03:40:03	40.62866	141.50388	-62	0.0	4	3.1	254
2024/05/11	03:41:02	40.62887	141.50412	-52	0.0	4	3.2	240
2024/05/11	03:42:04	40.62862	141.50418	-24	0.0	4	3.2	251
2024/05/11	03:43:02	40.62880	141.50442	-28	0.0	3	6.2	256
2024/05/11	03:44:03	40.62837	141.50494	74	0.0	4	3.2	249
2024/05/11	03:45:03	40.62884	141.50498	76	0.0	2	6.1	253
2024/05/11	03:46:02	40.62864	141.50514	-18	0.0	3	6.1	241
2024/05/11	03:47:03	40.62871	141.50500	-50	3.7	3	6.0	247
2024/05/11	03:48:03	40.62845	141.50529	-50	3.7	2	5.4	224
2024/05/11	03:49:05	40.62850	141.50541	42	0.0	3	6.0	224
2024/05/11	03:50:02	40.62844	141.50541	-4	0.0	3	5.4	212
2024/05/11	03:51:03	40.62837	141.50542	-28	0.0	4	3.4	282
2024/05/11	03:52:03	40.62846	141.50537	-76	0.0	3	4.0	240
2024/05/11	03:53:03	40.62837	141.50557	-36	0.0	3	5.4	278
2024/05/11	03:54:03	40.62860	141.50538	-94	0.0	3	5.4	252
2024/05/11	03:55:04	40.62861	141.50539	-58	0.0	3	5.4	236
2024/05/11	03:56:03	40.62879	141.50543	-48	0.0	3	5.4	253
2024/05/11	03:57:03	40.62872	141.50533	-86	0.0	3	5.4	265
2024/05/11	03:58:03	40.62878	141.50524	-52	0.0	3	6.0	258
2024/05/11	03:59:02	40.62820	141.50534	-34	0.0	3	6.0	236
2024/05/11	04:00:02	40.62717	141.50261	60	40.7	3	6.0	253
2024/05/11	04:01:03	40.62692	141.49433	58	37.0	2	4.4	252
2024/05/11	04:02:03	40.62864	141.48989	44	22.2	3	6.1	267
2024/05/11	04:03:04	40.63139	141.48825	48	37.0	3	6.1	244
2024/05/11	04:04:02	40.63251	141.48845	70	40.7	3	6.2	239
2024/05/11	04:05:02	40.63272	141.49026	158	18.5	3	6.2	256
2024/05/11	04:06:03	40.63027	141.49026	542	11.1	3	6.3	255
2024/05/11	04:07:03	40.63151	141.48469	294	29.6	3	6.3	254
2024/05/11	04:08:03	40.63237	141.47775	184	37.0	3	6.4	253
2024/05/11	04:09:02	40.63487	141.46944	-64	59.3	3	7.0	236
2024/05/11	04:10:03	40.63643	141.46814	-8	51.9	3	7.1	266
2024/05/11	04:11:04	40.63864	141.46423	-42	29.6	3	7.1	248
2024/05/11	04:12:03	40.63899	141.46091	-78	33.3	3	7.2	297
2024/05/11	04:13:03	40.63648	141.45905	-12	37.0	3	7.3	264
2024/05/11	04:14:04	40.63312	141.45851	178	25.9	3	7.4	252
2024/05/11	04:15:04	40.63005	141.45765	176	25.9	2	4.2	255
2024/05/11	04:16:06	40.63120	141.45397	-44	7.4	3	8.1	235
2024/05/11	04:17:05	40.63120	141.45398	-68	0.0	3	8.2	250
2024/05/11	04:18:03	40.62996	141.45511	96	18.5	3	8.3	258
2024/05/11	04:19:03	40.63125	141.45403	-96	0.0	3	8.4	254
2024/05/11	04:20:03	40.63069	141.45461	14	0.0	3	9.1	258
2024/05/11	04:21:02	40.63194	141.45379	-152	0.0	3	9.2	260
2024/05/11	04:22:02	40.63122	141.45450	-24	0.0	3	9.3	238
2024/05/11	04:23:03	40.63201	141.45434	-70	33.3	3	10.0	258
2024/05/11	04:24:03	40.63195	141.45439	-56	0.0	3	10.1	264
2024/05/11	04:25:04	40.63163	141.45459	-46	0.0	3	10.3	255
2024/05/11	04:26:05	40.63180	141.45459	-52	7.4	3	11.0	253
2024/05/11	04:27:04	40.63191	141.45462	-54	0.0	2	4.1	258
2024/05/11	04:28:04	40.63206	141.45452	-122	0.0	3	11.3	261
2024/05/11	04:29:03	40.62778	141.45827	-24	48.2	3	12.0	260
2024/05/11	04:30:04	40.62276	141.46058	24	22.2	3	12.2	282
2024/05/11	04:31:07	40.62112	141.46220	24	11.1	3	12.4	246
2024/05/11	04:32:09	40.61896	141.46064	42	55.6	3	13.1	244
2024/05/11	04:33:02	40.61584	141.46092	44	22.2	2	4.1	253
2024/05/11	04:34:04	40.61485	141.45903	4	0.0	3	14.1	263
2024/05/11	04:35:02	40.61537	141.45857	-70	0.0	3	14.3	262
2024/05/11	04:36:05	40.61475	141.45907	2	0.0	3	15.1	264
2024/05/11	04:37:03	40.61415	141.45957	84	0.0	3	15.3	255
2024/05/11	04:38:05	40.61529	141.45864	-56	0.0	3	16.1	250
2024/05/11	04:39:02	40.61556	141.45862	-54	0.0	2	4.2	230
2024/05/11	04:40:06	40.61473	141.45911	10	0.0	3	17.2	249
2024/05/11	04:41:06	40.61475	141.45894	-2	37.0	3	18.1	248
2024/05/11	04:42:03	40.61438	141.45982	-76	33.3	3	18.4	260
2024/05/11	04:43:05	40.60974	141.46140	2	33.3	3	19.2	256
2024/05/11	04:44:08	40.60453	141.46502	76	55.6	3	20.1	257
2024/05/11	04:45:07	40.60407	141.46305	-30	14.8	3	21.0	251
2024/05/11	04:46:08	40.60184	141.46319	24	7.4	3	22.0	256
2024/05/11	04:47:08	40.60252	141.46653	0	22.2	3	22.4	249
2024/05/11	04:48:07	40.60057	141.46969	80	22.2	3	23.4	250
2024/05/11	04:55:06	40.58441	141.48130	4	0.0	6	1.1	250
2024/05/11	04:56:01	40.58436	141.48123	12	0.0	5	1.1	263
2024/05/11	04:57:01	40.58441	141.48128	2	0.0	5	1.4	237
2024/05/11	04:58:01	40.58445	141.48130	-2	0.0	5	1.4	240
2024/05/11	04:59:00	40.58428	141.48138	52	0.0	4	2.1	211
2024/05/11	05:00:01	40.58446	141.48134	-0	0.0	5	1.4	250
2024/05/11	05:01:00	40.58432	141.48123	64	0.0	4	1.4	206
2024/05/11	05:02:02	40.58444	141.48128	-8	0.0	5	1.1	258
2024/05/11	05:03:00	40.58432	141.48139	6	0.0	4	1.4	235
2024/05/11	05:04:01	40.58440	141.48131	16	0.0	4	1.3	240
2024/05/11	05:05:01	40.58425	141.48141	18	0.0	5	1.1	205
2024/05/11	05:06:01	40.58430	141.48133	8	0.0	5	1.3	210
2024/05/11	05:07:02	40.58441	141.48131	-10	0.0	5	1.1	232
2024/05/11	05:08:01	40.58434	141.48137	-10	0.0	5	1.1	266
2024/05/11	05:09:00	40.58431	141.48128	-16	0.0	3	2.0	178
2024/05/11	05:10:02	40.58438	141.48131	8	0.0	5	1.1	233
2024/05/11	05:11:01	40.58438	141.48132	-12	0.0	4	1.3	231
2024/05/11	05:12:01	40.58431	141.48141	2	0.0	4	1.3	230
2024/05/11	05:13:02	40.58433	141.48140	4	0.0	5	1.1	228
2024/05/11	05:14:00	40.58439	141.48140	70	0.0	3	1.3	205
2024/05/11	05:15:00	40.58415	141.48134	16	0.0	3	2.3	207
2024/05/11	05:16:02	40.58439	141.48137	20	0.0	3	2.0	246
2024/05/11	05:17:01	40.58429	141.48137	28	0.0	3	2.0	175
2024/05/11	05:18:01	40.58434	141.48131	18	0.0	4	1.4	242
2024/05/11	05:19:01	40.58421	141.48137	40	0.0	4	1.4	234
2024/05/11	05:20:06	40.58444	141.48123	-18	0.0	5	1.1	254
2024/05/11	05:21:03	40.58433	141.48140	14	0.0	4	1.2	213
2024/05/11	05:22:02	40.58446	141.48153	-2	0.0	3	7.1	213
2024/05/11	05:23:07	40.58440	141.48134	10	0.0	5	1.1	235
2024/05/11	05:24:01	40.58442	141.48126	-14	0.0	4	1.2	257
2024/05/11	05:25:03	40.58440	141.48133	10	0.0	2	1.3	252
2024/05/11	05:26:01	40.58437	141.48143	-0	0.0	3	1.2	255
2024/05/11	05:27:02	40.58430	141.48136	-10	0.0	3	1.2	260
2024/05/11	05:28:02	40.58434	141.48136	4	0.0	5	1.1	261
2024/05/11	05:29:02	40.58434	141.48124	6	0.0	3	1.2	277
2024/05/11	05:30:03	40.58440	141.48134	6	0.0	3	1.2	255
2024/05/11	05:31:02	40.58434	141.48143	14	0.0	5	1.1	247
2024/05/11	05:32:01	40.58437	141.48142	10	0.0	3	1.2	263
2024/05/11	05:33:02	40.58435	141.48138	10	0.0	4	1.2	255
2024/05/11	05:34:01	40.58434	141.48134	-4	0.0	3	1.2	234
2024/05/11	05:35:01	40.58436	141.48145	8	0.0	4	1.3	263
2024/05/11	05:36:01	40.58437	141.48139	10	0.0	3	1.2	265
2024/05/11	05:37:01	40.58438	141.48137	14	0.0	3	1.2	267
2024/05/11	05:38:02	40.58432	141.48137	8	0.0	4	1.2	264
2024/05/11	05:39:02	40.58433	141.48136	-6	0.0	3	1.2	256
2024/05/11	05:40:02	40.58438	141.48142	0	0.0	4	1.2	263
2024/05/11	05:41:01	40.58432	141.48145	-12	0.0	3	1.2	261
2024/05/11	05:42:00	40.58437	141.48133	24	0.0	3	1.2	263
2024/05/11	05:43:01	40.58432	141.48141	-2	0.0	3	1.3	259
2024/05/11	05:44:01	40.58428	141.48141	-18	0.0	3	1.3	265
2024/05/11	05:45:01	40.58433	141.48141	-6	0.0	4	1.2	262
2024/05/11	05:46:01	40.58435	141.48134	-8	0.0	3	1.3	261
2024/05/11	05:47:01	40.58442	141.48133	-2	0.0	4	1.2	261
2024/05/11	05:48:03	40.58472	141.48233	-122	0.0	3	9.1	247
2024/05/11	05:49:01	40.58434	141.48135	2	0.0	3	2.2	232
2024/05/11	05:50:02	40.58437	141.48139	14	0.0	4	1.3	262
2024/05/11	05:51:02	40.58412	141.48130	-54	0.0	3	4.2	261
2024/05/11	05:52:03	40.58435	141.48143	-2	0.0	4	1.3	264
2024/05/11	05:53:02	40.58432	141.48141	2	0.0	4	1.2	273
2024/05/11	05:54:02	40.58436	141.48149	12	0.0	4	1.2	272
2024/05/11	05:55:01	40.58436	141.48138	-18	0.0	4	1.2	270
2024/05/11	05:56:02	40.58433	141.48137	-10	0.0	4	1.2	275
2024/05/11	05:57:03	40.58440	141.48136	0	0.0	4	1.2	274
2024/05/11	05:58:02	40.58436	141.48140	6	0.0	4	1.2	278
2024/05/11	05:59:01	40.58431	141.48137	10	0.0	3	1.3	277
2024/05/11	06:00:34	40.58437	141.48135	-6	0.0	7	0.4	275
2024/05/11	06:01:00	40.58434	141.48132	0	0.0	7	1.0	271
2024/05/11	06:02:00	40.58441	141.48144	14	0.0	5	1.1	269
2024/05/11	06:03:00	40.58442	141.48139	8	0.0	7	1.1	273
2024/05/11	06:04:00	40.58429	141.48132	-12	0.0	4	1.4	253
2024/05/11	06:05:00	40.58435	141.48133	8	0.0	5	1.3	272
2024/05/11	06:06:00	40.58445	141.48145	-30	0.0	6	1.1	251
2024/05/11	06:07:01	40.58433	141.48136	-14	0.0	7	1.0	257
2024/05/11	06:08:01	40.58438	141.48131	10	0.0	4	1.4	155
2024/05/11	06:09:00	40.58432	141.48146	-36	0.0	3	2.0	184
2024/05/11	06:10:00	40.58434	141.48139	-52	0.0	3	2.0	216
2024/05/11	06:11:01	40.58434	141.48135	-18	0.0	5	1.2	248
2024/05/11	06:12:00	40.58437	141.48113	38	3.7	3	2.0	245
2024/05/11	06:13:00	40.58452	141.48126	54	0.0	5	1.3	244
2024/05/11	06:14:00	40.58433	141.48127	-22	0.0	4	1.2	215
2024/05/11	06:15:00	40.58432	141.48126	-0	0.0	4	1.3	218
2024/05/11	06:16:01	40.58439	141.48141	-20	0.0	5	1.3	244
2024/05/11	06:17:00	40.58425	141.48117	6	0.0	4	1.3	214
2024/05/11	06:18:01	40.58441	141.48143	-12	0.0	4	1.2	187
2024/05/11	06:19:02	40.58428	141.48128	-8	0.0	4	1.2	237
2024/05/11	06:20:01	40.58441	141.48129	10	0.0	6	1.1	223
2024/05/11	06:21:00	40.58435	141.48129	-16	0.0	4	1.1	269
2024/05/11	06:22:00	40.58441	141.48136	2	3.7	5	1.4	248
2024/05/11	06:23:00	40.58450	141.48139	-14	0.0	4	2.0	267
2024/05/11	06:24:01	40.58436	141.48130	14	0.0	6	1.0	241
2024/05/11	06:25:00	40.58446	141.48145	-14	0.0	3	2.4	236
2024/05/11	06:26:00	40.58444	141.48116	-28	0.0	4	1.2	240
2024/05/11	06:27:01	40.58429	141.48127	34	0.0	5	1.0	263
2024/05/11	06:28:01	40.58437	141.48141	-8	0.0	5	1.2	228
2024/05/11	06:29:00	40.58408	141.48127	48	7.4	4	2.2	217
2024/05/11	06:30:01	40.58433	141.48120	-4	0.0	4	1.2	181
2024/05/11	06:31:02	40.58433	141.48151	-4	0.0	4	1.2	206
2024/05/11	06:32:02	40.58440	141.48146	-26	0.0	4	1.2	234
2024/05/11	06:33:02	40.58435	141.48147	-18	0.0	5	2.1	266
2024/05/11	06:34:00	40.58431	141.48141	4	0.0	4	1.2	219
2024/05/11	06:35:00	40.58434	141.48164	70	0.0	4	2.4	243
2024/05/11	06:36:01	40.58434	141.48130	-4	0.0	5	1.2	261
2024/05/11	06:37:01	40.58433	141.48145	14	0.0	5	1.2	262
2024/05/11	06:38:01	40.58441	141.48136	-20	0.0	6	1.1	271
2024/05/11	06:39:00	40.58444	141.48139	2	0.0	5	1.2	267
2024/05/11	06:40:01	40.58398	141.48098	-14	22.2	4	1.3	251
2024/05/11	06:41:02	40.58534	141.48313	14	29.6	6	1.0	261
2024/05/11	06:42:02	40.58856	141.48580	22	25.9	3	2.2	252
2024/05/11	06:43:02	40.59297	141.48746	10	29.6	6	1.0	254
2024/05/11	06:44:01	40.59587	141.48832	-18	25.9	4	2.2	230
2024/05/11	06:45:01	40.59907	141.49061	-18	25.9	3	3.0	254
2024/05/11	06:46:00	40.60394	141.49108	4	40.7	4	2.2	233
2024/05/11	06:47:00	40.61061	141.48964	2	40.7	5	1.1	211
2024/05/11	06:48:01	40.61575	141.49066	12	29.6	4	1.3	257
2024/05/11	06:49:02	40.61836	141.49427	14	22.2	4	1.3	255
2024/05/11	06:50:01	40.61844	141.49569	-12	0.0	5	1.4	264
2024/05/11	06:51:00	40.61842	141.49569	-22	0.0	3	1.4	236
2024/05/11	06:52:01	40.61844	141.49591	-18	0.0	5	1.4	264
2024/05/11	06:53:01	40.61827	141.49564	4	0.0	6	1.0	262
2024/05/11	06:54:01	40.61830	141.49576	-16	0.0	6	1.0	268
2024/05/11	06:55:00	40.61844	141.49695	54	0.0	3	2.2	205
2024/05/11	06:56:00	40.62160	141.49940	-30	18.5	3	2.3	207
2024/05/11	06:57:01	40.62555	141.50181	-32	25.9	3	3.0	224
2024/05/11	06:58:01	40.62947	141.50502	22	29.6	3	2.2	180
2024/05/11	06:59:00	40.63469	141.50591	8	40.7	3	2.1	207
2024/05/11	07:00:01	40.64154	141.50623	-2	48.2	4	2.2	202
2024/05/11	07:01:01	40.64883	141.50653	56	51.9	5	1.1	261
2024/05/11	07:02:01	40.65450	141.50750	10	33.3	4	1.4	156
2024/05/11	07:03:02	40.65889	141.50963	2	33.3	4	2.0	250
2024/05/11	07:04:01	40.66380	141.51182	18	25.9	6	1.0	254
2024/05/11	07:05:00	40.66956	141.51325	-28	37.0	4	2.1	259
2024/05/11	07:06:00	40.67504	141.51584	8	18.5	3	2.3	223
2024/05/11	07:07:01	40.67994	141.51916	0	37.0	4	2.0	244
2024/05/11	07:08:01	40.67982	141.51926	16	0.0	4	2.0	249
2024/05/11	07:09:01	40.67994	141.51893	10	3.7	5	1.1	228
2024/05/11	07:10:01	40.68337	141.52042	26	40.7	6	1.0	253
2024/05/11	07:11:01	40.68954	141.52135	10	40.7	6	1.0	259
2024/05/11	07:12:00	40.69617	141.52127	12	37.0	4	1.4	179
2024/05/11	07:13:00	40.70287	141.51876	-0	29.6	3	2.2	195
2024/05/11	07:14:01	40.70558	141.52214	26	29.6	5	1.1	257
2024/05/11	07:15:00	40.71010	141.52395	26	44.4	4	2.3	266
2024/05/11	07:16:00	40.71564	141.52163	34	33.3	5	1.1	262
2024/05/11	07:17:01	40.71887	141.52545	-4	33.3	5	1.1	261
2024/05/11	07:18:01	40.72068	141.53057	22	33.3	5	1.1	256
2024/05/11	07:19:00	40.72604	141.53357	-22	37.0	4	2.1	227
2024/05/11	07:20:01	40.73117	141.53672	22	37.0	5	1.1	248
2024/05/11	07:21:01	40.73145	141.53655	6	48.2	6	1.0	268
2024/05/11	07:22:00	40.73757	141.53666	2	40.7	4	2.1	206
2024/05/11	07:23:01	40.74386	141.53841	10	48.2	5	1.1	257
2024/05/11	07:24:01	40.74693	141.54134	24	29.6	5	1.1	260
2024/05/11	07:25:01	40.75086	141.54532	26	29.6	5	1.1	240
2024/05/11	07:26:01	40.75571	141.54811	14	33.3	5	1.1	253
2024/05/11	07:27:01	40.76122	141.55064	22	37.0	5	1.2	248
2024/05/11	07:28:01	40.76581	141.55489	40	33.3	4	1.3	202
2024/05/11	07:29:00	40.77108	141.55811	26	40.7	3	2.1	233
2024/05/11	07:30:00	40.77753	141.55905	8	44.4	5	1.0	212
2024/05/11	07:31:00	40.78419	141.55905	0	37.0	4	1.4	209
2024/05/11	07:32:01	40.79104	141.55918	10	48.2	6	1.0	265
2024/05/11	07:33:01	40.79601	141.56182	8	29.6	5	1.1	230
2024/05/11	07:34:01	40.79623	141.56440	6	0.0	5	1.1	258
2024/05/11	07:35:00	40.79626	141.56442	-0	0.0	4	1.4	213
2024/05/11	07:36:00	40.79618	141.56467	-24	0.0	4	1.4	179
2024/05/11	07:37:00	40.79628	141.56468	-30	0.0	4	1.4	263
2024/05/11	07:38:00	40.79655	141.56616	-10	0.0	4	2.1	263
2024/05/11	07:39:00	40.79636	141.56635	40	0.0	4	1.4	235
2024/05/11	07:40:01	40.79653	141.56631	-0	0.0	5	1.2	181
2024/05/11	07:41:00	40.79645	141.56629	6	0.0	4	1.4	237
2024/05/11	07:42:01	40.79662	141.56677	0	0.0	5	1.2	212
2024/05/11	07:43:00	40.79662	141.56666	-20	0.0	3	2.1	181
2024/05/11	07:44:00	40.79638	141.56720	2	0.0	3	1.4	235
2024/05/11	07:45:01	40.79640	141.56750	2	0.0	4	1.3	260
2024/05/11	07:46:01	40.79646	141.56762	-4	0.0	5	1.2	262
2024/05/11	07:47:00	40.79633	141.56806	4	0.0	3	1.4	228
2024/05/11	07:48:00	40.79639	141.56794	6	0.0	4	2.1	205
2024/05/11	07:49:01	40.79652	141.56832	-10	0.0	5	1.3	250
2024/05/11	07:50:01	40.79644	141.56856	18	7.4	4	1.4	266
2024/05/11	07:51:01	40.79876	141.57236	10	25.9	4	2.3	261
2024/05/11	07:52:02	40.80177	141.57553	2	33.3	6	0.4	256
2024/05/11	07:53:01	40.80172	141.57640	0	0.0	4	1.3	257
2024/05/11	07:54:00	40.80162	141.57647	16	0.0	3	1.4	263
2024/05/11	07:55:00	40.80152	141.57677	60	0.0	3	2.0	212
2024/05/11	07:56:00	40.80150	141.57702	-12	0.0	3	2.2	203
2024/05/11	07:57:00	40.80139	141.57716	44	0.0	3	2.2	185
2024/05/11	07:58:02	40.80150	141.57740	-4	0.0	3	1.4	253
2024/05/11	07:59:01	40.80146	141.57757	12	0.0	4	1.4	254
2024/05/11	08:00:01	40.80148	141.57782	-4	0.0	3	2.2	208
2024/05/11	08:01:00	40.80146	141.57800	-20	0.0	3	2.2	183
2024/05/11	08:02:00	40.80141	141.57842	14	0.0	3	2.2	231
2024/05/11	08:03:01	40.80136	141.57869	14	0.0	4	2.1	272
2024/05/11	08:04:00	40.80115	141.57909	64	0.0	3	2.2	227
2024/05/11	08:05:01	40.80126	141.57911	-8	0.0	3	2.0	223
2024/05/11	08:06:00	40.80139	141.57918	-28	7.4	3	2.2	182
2024/05/11	08:07:01	40.80140	141.57710	-18	0.0	3	2.2	240
2024/05/11	08:08:02	40.80138	141.57721	0	0.0	5	1.4	254
2024/05/11	08:09:00	40.80123	141.57760	20	0.0	3	2.2	205
2024/05/11	08:10:01	40.80135	141.57761	0	0.0	4	2.1	264
2024/05/11	08:11:00	40.80119	141.57800	28	0.0	3	2.2	209
2024/05/11	08:12:00	40.80129	141.57799	-26	0.0	3	2.2	227
2024/05/11	08:13:00	40.80118	141.57859	2	0.0	3	2.2	233
2024/05/11	08:14:00	40.80103	141.57884	2	0.0	3	2.2	205
2024/05/11	08:15:00	40.80097	141.57906	12	0.0	3	2.2	205
2024/05/11	08:16:00	40.80095	141.57915	32	0.0	3	2.2	203
2024/05/11	08:17:01	40.80087	141.57963	42	0.0	3	2.2	180
2024/05/11	08:18:02	40.80083	141.57967	14	0.0	3	2.2	251
2024/05/11	08:19:01	40.80104	141.57994	-6	0.0	3	2.2	211
2024/05/11	08:20:01	40.80074	141.58018	38	0.0	3	2.2	242
2024/05/11	08:21:01	40.80086	141.58029	-4	0.0	3	2.2	240
2024/05/11	08:22:01	40.80073	141.58078	-14	0.0	3	2.2	212
2024/05/11	08:23:01	40.80060	141.58122	28	0.0	3	2.2	212
2024/05/11	08:24:01	40.80066	141.58115	-12	0.0	3	2.2	242
2024/05/11	08:25:00	40.80059	141.58155	-2	0.0	3	2.2	237
2024/05/11	08:26:01	40.80045	141.58178	20	0.0	3	2.2	241
2024/05/11	08:27:01	40.80065	141.58152	12	0.0	3	2.2	228
2024/05/11	08:28:01	40.80050	141.58225	24	0.0	3	2.2	208
2024/05/11	08:29:04	40.80060	141.58237	16	0.0	3	2.2	272
2024/05/11	08:30:00	40.80056	141.58274	28	18.5	3	2.2	229
2024/05/11	08:31:04	40.80466	141.58042	20	33.3	3	2.2	271
2024/05/11	08:32:02	40.80808	141.58071	24	29.6	3	2.2	235
2024/05/11	08:33:02	40.81262	141.57780	20	29.6	3	2.2	282
2024/05/11	08:34:03	40.81668	141.57685	20	25.9	3	2.2	284
2024/05/11	08:35:03	40.82158	141.57590	10	33.3	3	2.2	293
2024/05/11	08:36:01	40.82702	141.57425	20	37.0	3	2.2	258
2024/05/11	08:37:02	40.83236	141.57373	48	37.0	3	2.2	259
2024/05/11	08:38:02	40.83745	141.56906	24	33.3	3	2.2	256
2024/05/11	08:39:02	40.84241	141.56748	8	33.3	3	2.2	287
2024/05/11	08:40:02	40.84674	141.56748	6	22.2	2	2.4	238
2024/05/11	08:41:03	40.84935	141.57122	24	29.6	3	2.2	264
2024/05/11	08:42:03	40.84982	141.57402	18	0.0	3	2.2	259
2024/05/11	08:43:01	40.84977	141.57390	0	0.0	3	2.2	232
2024/05/11	08:44:02	40.84958	141.57436	14	0.0	3	2.2	263
2024/05/11	08:45:04	40.84951	141.57432	10	0.0	2	2.3	249
2024/05/11	08:46:04	40.84927	141.57408	-6	0.0	3	2.2	255
2024/05/11	08:47:03	40.84910	141.57455	16	0.0	3	2.2	259
2024/05/11	08:48:02	40.84910	141.57458	0	0.0	3	2.3	263
2024/05/11	08:49:03	40.84884	141.57473	10	0.0	3	2.3	260
2024/05/11	08:50:01	40.84859	141.57512	28	0.0	3	2.3	236
2024/05/11	08:51:03	40.84851	141.57530	16	0.0	3	2.3	267
2024/05/11	08:52:03	40.84835	141.57558	20	0.0	3	2.3	261
2024/05/11	08:53:04	40.84828	141.57544	4	0.0	3	2.3	253
2024/05/11	08:54:01	40.84822	141.57571	22	0.0	3	2.3	262
2024/05/11	08:55:01	40.84798	141.57558	22	0.0	2	2.3	258
2024/05/11	08:56:03	40.84784	141.57609	22	0.0	3	2.3	266
2024/05/11	08:57:03	40.84768	141.57647	42	0.0	3	2.3	290
2024/05/11	08:58:04	40.84752	141.57624	2	0.0	3	2.3	252
2024/05/11	08:59:02	40.84749	141.57651	2	0.0	2	2.3	250
2024/05/11	09:06:06	40.84684	141.57851	-6	0.0	5	1.2	247
2024/05/11	09:07:01	40.84680	141.57865	-12	0.0	5	1.2	239
2024/05/11	09:08:00	40.84664	141.57874	-10	0.0	5	1.2	245
2024/05/11	09:09:01	40.84659	141.57887	0	0.0	5	1.2	236
2024/05/11	09:10:00	40.84654	141.57911	10	0.0	3	2.4	210
2024/05/11	09:11:02	40.84612	141.57931	-2	0.0	5	1.2	233
2024/05/11	09:12:02	40.84611	141.57962	-2	0.0	5	1.2	238
2024/05/11	09:13:01	40.84586	141.58089	0	0.0	5	1.2	236
2024/05/11	09:14:02	40.84529	141.58066	0	0.0	4	3.2	240
2024/05/11	09:15:02	40.84531	141.58123	6	0.0	5	1.2	240
2024/05/11	09:16:01	40.84500	141.58131	-8	0.0	4	1.2	236
2024/05/11	09:17:01	40.84484	141.58153	-16	0.0	5	1.2	238
2024/05/11	09:18:01	40.84467	141.58157	-12	0.0	5	1.2	208
2024/05/11	09:19:01	40.84461	141.58154	-34	0.0	4	4.3	267
2024/05/11	09:20:02	40.84550	141.57996	0	0.0	5	1.2	232
2024/05/11	09:21:00	40.84527	141.58002	-12	0.0	4	1.3	239
2024/05/11	09:22:01	40.84575	141.58006	-4	0.0	5	1.2	234
2024/05/11	09:23:02	40.84556	141.58011	-16	0.0	4	4.1	231
2024/05/11	09:24:01	40.84529	141.58037	12	0.0	3	4.2	235
2024/05/11	09:25:02	40.84548	141.58066	0	0.0	5	1.2	240
2024/05/11	09:26:01	40.84533	141.58070	-0	0.0	5	1.2	234
2024/05/11	09:27:01	40.84524	141.58098	2	0.0	5	1.1	238
2024/05/11	09:28:01	40.84520	141.58131	20	0.0	4	3.3	232
2024/05/11	09:29:01	40.84499	141.58137	-4	0.0	4	2.2	234
2024/05/11	09:30:01	40.84494	141.58171	8	0.0	3	4.0	237
2024/05/11	09:31:00	40.84499	141.58173	-26	0.0	4	2.2	214
2024/05/11	09:32:01	40.84468	141.58180	22	0.0	3	3.4	236
2024/05/11	09:33:00	40.84484	141.58188	-14	0.0	5	1.1	211
2024/05/11	09:34:00	40.84495	141.58215	-4	0.0	4	2.4	209
2024/05/11	09:35:01	40.84449	141.58224	-2	0.0	4	2.1	237
2024/05/11	09:36:00	40.84423	141.58222	-0	0.0	4	2.3	215
2024/05/11	09:37:01	40.84399	141.58250	-6	0.0	4	2.1	239
2024/05/11	09:38:01	40.84361	141.58268	-0	0.0	4	2.1	233
2024/05/11	09:39:02	40.84354	141.58306	-18	0.0	4	2.1	235
2024/05/11	09:40:01	40.84325	141.58327	4	0.0	4	2.0	229
2024/05/11	09:41:01	40.84325	141.58365	10	0.0	4	2.0	235
2024/05/11	09:42:01	40.84320	141.58379	-14	0.0	4	2.0	232
2024/05/11	09:43:02	40.84310	141.58419	4	0.0	5	1.1	236
2024/05/11	09:44:01	40.84306	141.58432	-0	0.0	4	2.0	234
2024/05/11	09:45:01	40.84302	141.58442	0	0.0	4	2.0	235
2024/05/11	09:46:01	40.84316	141.58462	0	0.0	3	2.1	233
2024/05/11	09:47:01	40.84312	141.58494	0	0.0	4	2.0	233
2024/05/11	09:48:02	40.84306	141.58509	8	0.0	3	3.2	228
2024/05/11	09:49:00	40.84309	141.58501	18	0.0	4	1.4	213
2024/05/11	09:50:00	40.84447	141.58536	-18	25.9	3	2.2	202
2024/05/11	09:51:01	40.84734	141.58963	22	25.9	4	1.4	233
2024/05/11	09:52:01	40.84984	141.59385	-8	29.6	4	1.4	232
2024/05/11	09:53:01	40.85372	141.59613	-22	25.9	4	2.0	230
2024/05/11	09:54:01	40.85531	141.59689	-8	0.0	4	1.4	207
2024/05/11	09:55:01	40.85736	141.59994	8	25.9	4	1.4	227
2024/05/11	09:56:00	40.86192	141.59984	44	29.6	3	2.1	234
2024/05/11	09:57:01	40.86470	141.60434	6	29.6	4	2.2	231
2024/05/11	09:58:00	40.86941	141.60472	18	29.6	3	2.1	228
2024/05/11	09:59:01	40.87461	141.60724	-2	33.3	4	1.4	201
2024/05/11	10:00:00	40.87921	141.60933	10	29.6	3	2.0	202
2024/05/11	10:01:01	40.88319	141.60503	-2	37.0	3	2.0	226
2024/05/11	10:02:01	40.88771	141.60204	4	25.9	4	2.0	234
2024/05/11	10:03:01	40.88934	141.60189	-24	0.0	2	3.0	195
2024/05/11	10:04:02	40.88954	141.60147	-24	0.0	3	3.4	203
2024/05/11	10:05:02	40.88940	141.60165	4	0.0	4	1.3	208
2024/05/11	10:06:01	40.88939	141.60148	16	0.0	4	1.3	206
2024/05/11	10:07:01	40.88952	141.60163	-28	0.0	4	1.3	207
2024/05/11	10:08:02	40.88931	141.60143	2	0.0	3	3.4	207
2024/05/11	10:09:01	40.88932	141.60132	6	0.0	3	1.4	218
2024/05/11	10:10:01	40.88938	141.60127	-34	0.0	3	3.4	198
2024/05/11	10:11:01	40.88926	141.60135	6	0.0	4	1.3	202
2024/05/11	10:12:02	40.88928	141.60124	-6	0.0	4	1.3	234
2024/05/11	10:13:02	40.88954	141.60106	-42	0.0	3	4.0	198
2024/05/11	10:14:01	40.89010	141.60162	0	25.9	4	1.3	232
2024/05/11	10:15:02	40.89399	141.59985	26	33.3	4	1.3	231
2024/05/11	10:16:01	40.89764	141.59807	20	33.3	3	2.0	233
2024/05/11	10:17:00	40.89961	141.59838	-0	22.2	3	1.4	207
2024/05/11	10:18:02	40.90206	141.59909	-0	0.0	4	1.3	201
2024/05/11	10:19:01	40.90312	141.60094	-14	22.2	3	1.4	225
2024/05/11	10:20:02	40.90329	141.60074	-0	0.0	3	4.0	199
2024/05/11	10:21:00	40.90342	141.60101	-46	0.0	3	2.0	181
2024/05/11	10:22:00	40.90361	141.60149	-20	0.0	3	1.4	207
2024/05/11	10:23:01	40.90355	141.60147	-8	0.0	4	1.3	200
2024/05/11	10:24:02	40.90354	141.60173	14	0.0	3	1.4	224
2024/05/11	10:25:01	40.90361	141.60155	-8	0.0	4	1.3	228
2024/05/11	10:26:00	40.90387	141.60215	-0	0.0	3	1.4	208
2024/05/11	10:27:01	40.90372	141.60223	6	0.0	4	1.3	230
2024/05/11	10:28:01	40.90375	141.60225	-2	0.0	4	1.3	225
2024/05/11	10:29:01	40.90383	141.60229	6	0.0	3	4.0	198
2024/05/11	10:30:02	40.90401	141.60178	-60	0.0	2	7.3	219
2024/05/11	10:31:01	40.90378	141.60227	18	0.0	2	7.2	198
2024/05/11	10:32:02	40.90352	141.60238	58	0.0	2	7.0	212
2024/05/11	10:33:02	40.90377	141.60208	-4	0.0	2	6.4	216
2024/05/11	10:34:01	40.90381	141.60214	6	0.0	3	2.0	178
2024/05/11	10:35:02	40.90384	141.60198	-34	0.0	2	6.2	223
2024/05/11	10:36:01	40.90384	141.60211	-24	0.0	2	6.1	167
2024/05/11	10:37:01	40.90371	141.60199	10	0.0	3	1.3	213
2024/05/11	10:38:01	40.90385	141.60223	-74	0.0	3	2.0	155
2024/05/11	10:39:01	40.90385	141.60208	-26	0.0	3	2.0	155
2024/05/11	10:40:01	40.90375	141.60196	-22	0.0	3	1.3	153
2024/05/11	10:41:02	40.90365	141.60199	4	0.0	2	5.2	199
2024/05/11	10:42:03	40.90330	141.60240	98	0.0	2	5.1	235
2024/05/11	10:43:01	40.90372	141.60182	20	0.0	3	1.3	204
2024/05/11	10:44:01	40.90363	141.60174	10	0.0	3	1.3	209
2024/05/11	10:45:01	40.90379	141.60182	-12	0.0	3	1.3	205
2024/05/11	10:46:00	40.90364	141.60192	-8	0.0	3	1.3	210
2024/05/11	10:47:00	40.90373	141.60174	-8	0.0	3	1.3	213
2024/05/11	10:48:01	40.90372	141.60172	16	0.0	3	1.3	208
2024/05/11	10:49:01	40.90378	141.60175	2	0.0	3	1.3	209
2024/05/11	10:50:01	40.90376	141.60169	-6	0.0	3	1.2	207
2024/05/11	10:51:02	40.90378	141.60163	-10	0.0	3	1.2	207
2024/05/11	10:52:00	40.90681	141.60158	-56	29.6	3	1.4	203
2024/05/11	10:53:01	40.91170	141.59877	8	37.0	3	1.2	251
2024/05/11	10:54:01	40.91668	141.59646	-34	29.6	3	1.2	254
2024/05/11	10:55:02	40.91802	141.59651	28	0.0	2	3.4	222
2024/05/11	10:56:01	40.91817	141.59621	10	0.0	3	1.2	203
2024/05/11	10:57:01	40.91816	141.59605	26	0.0	3	1.2	204
2024/05/11	10:58:02	40.91822	141.59597	10	0.0	3	1.2	252
2024/05/11	10:59:02	40.91835	141.59582	-10	0.0	2	3.3	248
2024/05/11	11:00:29	40.91832	141.59581	-2	0.0	3	1.4	226
2024/05/11	11:01:19	40.91841	141.59571	-16	0.0	3	1.4	269
2024/05/11	11:02:08	40.91840	141.59555	-4	3.7	3	1.4	235
2024/05/11	11:03:04	40.91923	141.59426	-2	0.0	3	1.4	249
2024/05/11	11:04:04	40.91908	141.59408	10	0.0	3	1.4	250
2024/05/11	11:05:01	40.91884	141.59031	12	0.0	3	1.4	253
2024/05/11	11:06:02	40.91869	141.59036	0	0.0	3	1.4	203
2024/05/11	11:07:01	40.92000	141.59007	44	0.0	3	1.4	170
2024/05/11	11:08:02	40.92091	141.58973	16	0.0	3	1.4	230
2024/05/11	11:09:02	40.92082	141.58954	56	0.0	3	1.4	243
2024/05/11	11:10:02	40.92172	141.58951	-6	25.9	3	1.4	287
2024/05/11	11:11:03	40.92347	141.58997	-10	25.9	3	1.4	290
2024/05/11	11:12:03	40.92476	141.58341	54	40.7	3	1.4	279
2024/05/11	11:13:03	40.92663	141.58259	18	0.0	3	1.4	272
2024/05/11	11:14:04	40.92679	141.58262	0	7.4	3	1.3	256
2024/05/11	11:15:02	40.92690	141.58262	-4	33.3	2	12.2	248
2024/05/11	11:16:03	40.92719	141.58171	6	22.2	3	1.3	265
2024/05/11	11:17:01	40.92806	141.58086	-2	11.1	3	1.3	259
2024/05/11	11:18:03	40.92779	141.57993	-2	0.0	3	1.3	271
2024/05/11	11:19:04	40.92806	141.58128	8	7.4	3	1.3	268
2024/05/11	11:20:04	40.92718	141.57816	-12	29.6	3	1.3	251
2024/05/11	11:21:03	40.92701	141.57737	-12	0.0	3	1.3	236
2024/05/11	11:22:04	40.92635	141.57755	22	22.2	3	1.3	245
2024/05/11	11:23:02	40.92500	141.57597	24	0.0	3	1.3	270
2024/05/11	11:24:04	40.92714	141.57736	-4	22.2	3	1.3	245
2024/05/11	11:25:03	40.92903	141.57981	0	18.5	3	1.3	254
2024/05/11	11:26:03	40.92927	141.58024	10	18.5	3	1.3	246
2024/05/11	11:27:04	40.92931	141.57929	16	33.3	3	1.3	273
2024/05/11	11:28:02	40.93053	141.58037	46	18.5	3	1.3	242
2024/05/11	11:29:03	40.93183	141.58057	48	25.9	2	2.0	250
2024/05/11	11:30:03	40.93150	141.58058	4	7.4	3	1.3	270
2024/05/11	11:31:03	40.93182	141.58005	-12	25.9	3	1.3	242
2024/05/11	11:32:04	40.93160	141.58008	20	0.0	3	1.3	253
2024/05/11	11:33:01	40.93169	141.58030	-30	0.0	3	1.3	195
2024/05/11	11:34:03	40.93156	141.58029	0	0.0	3	1.3	245
2024/05/11	11:35:03	40.93152	141.58021	28	0.0	3	1.3	265
2024/05/11	11:36:04	40.93153	141.58028	12	0.0	3	1.3	231
2024/05/11	11:37:05	40.93147	141.58022	14	0.0	3	1.3	269
2024/05/11	11:38:04	40.93144	141.58031	10	0.0	3	1.3	273
2024/05/11	11:39:03	40.93134	141.58028	6	0.0	2	1.4	279
2024/05/11	11:40:05	40.93145	141.58029	22	0.0	3	1.3	247
2024/05/11	11:41:04	40.93141	141.58029	12	0.0	3	1.3	271
2024/05/11	11:42:04	40.93137	141.58037	24	0.0	3	1.3	252
2024/05/11	11:43:04	40.93135	141.58026	18	0.0	3	1.2	251
2024/05/11	11:44:07	40.93136	141.58022	26	0.0	3	1.2	267
2024/05/11	11:45:08	40.93137	141.58042	6	0.0	3	1.2	264
2024/05/11	11:46:05	40.93131	141.58039	26	0.0	3	1.2	263
2024/05/11	11:47:04	40.93128	141.58047	12	0.0	3	1.2	270
2024/05/11	11:48:08	40.93130	141.58021	28	0.0	3	1.2	258
2024/05/11	11:49:34	40.93125	141.58043	0	0.0	4	1.3	268
2024/05/11	11:50:01	40.93123	141.58041	-8	0.0	3	1.4	272
2024/05/11	11:51:01	40.93120	141.58045	-2	0.0	3	1.3	268
2024/05/11	11:52:02	40.93128	141.58038	-26	0.0	3	1.3	262
2024/05/11	11:53:00	40.93110	141.58058	4	0.0	3	1.3	149
2024/05/11	11:54:01	40.93120	141.58035	-8	0.0	3	1.3	251
2024/05/11	11:55:01	40.93108	141.58062	8	0.0	3	1.3	245
2024/05/11	11:56:01	40.93109	141.58050	8	0.0	3	1.3	244
2024/05/11	11:57:01	40.93125	141.58039	-40	0.0	3	1.3	272
2024/05/11	11:58:02	40.93111	141.58045	-18	0.0	2	3.0	268
2024/05/11	11:59:01	40.93101	141.58045	-0	0.0	3	1.3	253
2024/05/11	12:00:01	40.93090	141.58046	-18	0.0	3	1.4	259
2024/05/11	12:01:01	40.93052	141.58078	100	0.0	2	3.0	253
2024/05/11	12:02:01	40.93085	141.58056	-10	0.0	3	1.3	257
2024/05/11	12:03:01	40.93087	141.58043	-2	0.0	3	1.3	223
2024/05/11	12:04:02	40.93089	141.58042	-18	0.0	2	4.3	252
2024/05/11	12:05:01	40.93076	141.58062	-0	0.0	3	1.3	258
2024/05/11	12:06:02	40.93076	141.58059	-0	0.0	3	1.3	252
2024/05/11	12:07:01	40.93048	141.58064	48	0.0	2	3.1	231
2024/05/11	12:08:02	40.93058	141.58061	-2	0.0	3	1.3	231
2024/05/11	12:09:02	40.93057	141.58061	-6	0.0	3	1.3	255
2024/05/11	12:10:02	40.93045	141.58076	20	0.0	3	1.3	256
2024/05/11	12:11:02	40.93049	141.58073	-6	0.0	3	1.3	259
2024/05/11	12:12:02	40.93045	141.58079	-2	0.0	3	1.3	255
2024/05/11	12:13:02	40.93054	141.58048	-12	0.0	2	10.3	254
2024/05/11	12:14:01	40.92970	141.58199	22	0.0	2	10.2	255
2024/05/11	12:15:01	40.93014	141.58096	24	0.0	3	1.3	255
2024/05/11	12:16:02	40.93022	141.58079	-10	0.0	3	1.3	257
2024/05/11	12:17:01	40.93017	141.58074	-10	0.0	3	1.3	254
2024/05/11	12:18:02	40.93000	141.58096	24	0.0	2	3.1	256
2024/05/11	12:19:01	40.93027	141.58046	-24	0.0	2	9.1	229
2024/05/11	12:20:01	40.92993	141.58093	2	0.0	2	3.1	253
2024/05/11	12:21:01	40.92991	141.58070	-20	0.0	3	1.3	232
2024/05/11	12:22:01	40.92977	141.58087	-6	0.0	3	1.3	230
2024/05/11	12:23:02	40.92971	141.58088	-4	0.0	3	1.3	257
2024/05/11	12:24:01	40.92957	141.58097	-14	0.0	3	1.3	257
2024/05/11	12:25:01	40.92956	141.58062	-16	0.0	2	3.2	257
2024/05/11	12:26:02	40.92959	141.58049	-46	0.0	2	3.2	257
2024/05/11	12:27:01	40.92913	141.58094	42	0.0	2	3.2	250
2024/05/11	12:28:01	40.92925	141.58074	2	0.0	2	3.2	255
2024/05/11	12:29:02	40.92937	141.58044	-44	0.0	2	3.2	245
2024/05/11	12:30:02	40.92898	141.58071	18	0.0	2	3.2	224
2024/05/11	12:31:01	40.92890	141.58074	22	0.0	2	3.2	252
2024/05/11	12:32:01	40.92890	141.58067	0	0.0	3	2.0	250
2024/05/11	12:33:04	40.92882	141.58055	-20	0.0	3	1.3	244
2024/05/11	12:34:03	40.92879	141.58033	-24	0.0	3	2.0	246
2024/05/11	12:35:02	40.92857	141.58054	12	0.0	2	5.0	259
2024/05/11	12:36:04	40.92855	141.58029	-16	0.0	3	1.3	251
2024/05/11	12:37:03	40.92833	141.58034	-10	0.0	3	1.3	251
2024/05/11	12:38:03	40.92827	141.58019	-12	0.0	3	1.3	254
2024/05/11	12:39:03	40.92809	141.58022	-6	0.0	2	3.3	255
2024/05/11	12:40:02	40.92794	141.58024	10	0.0	3	1.3	253
2024/05/11	12:41:02	40.92761	141.58037	40	0.0	2	3.3	255
2024/05/11	12:42:02	40.92759	141.58014	18	0.0	2	3.3	252
2024/05/11	12:43:03	40.92757	141.58003	-10	0.0	2	3.3	255
2024/05/11	12:44:03	40.92739	141.58004	2	0.0	2	3.3	246
2024/05/11	12:45:03	40.92734	141.57990	-2	0.0	2	3.4	231
2024/05/11	12:46:03	40.92730	141.57975	-16	0.0	2	3.4	247
2024/05/11	12:47:05	40.92704	141.57997	0	3.7	2	3.4	245
2024/05/11	12:48:03	40.92716	141.57955	-28	0.0	2	3.4	231
2024/05/11	12:49:04	40.92684	141.57982	2	3.7	2	3.4	230
2024/05/11	12:50:03	40.92697	141.57949	-24	0.0	2	3.4	230
2024/05/11	12:51:02	40.92649	141.57974	-0	3.7	2	3.4	226
2024/05/11	12:52:04	40.92651	141.57960	4	0.0	2	3.4	221
2024/05/11	12:53:01	40.92633	141.57956	10	0.0	2	4.0	200
2024/05/11	12:54:02	40.92639	141.57950	-2	0.0	2	4.0	201
2024/05/11	12:55:02	40.92633	141.57929	-14	0.0	2	4.0	223
2024/05/11	12:56:01	40.92609	141.57932	-8	0.0	2	4.0	204
2024/05/11	12:57:03	40.92606	141.57921	-14	3.7	2	4.0	223
2024/05/11	12:58:03	40.92598	141.57919	-2	0.0	2	4.0	222
2024/05/11	12:59:04	40.92579	141.57919	4	0.0	2	4.1	245
2024/05/11	13:00:04	40.92564	141.57916	4	0.0	2	2.0	244
2024/05/11	13:01:05	40.92563	141.57901	4	0.0	2	2.0	238
2024/05/11	13:02:05	40.92539	141.57900	8	0.0	2	2.0	233
2024/05/11	13:03:06	40.92536	141.57893	8	0.0	2	2.0	221
2024/05/11	13:04:36	40.92524	141.57872	0	0.0	5	1.2	286
2024/05/11	13:05:00	40.92521	141.57871	14	0.0	4	1.2	259
2024/05/11	13:06:00	40.92515	141.57868	-12	0.0	4	1.2	212
2024/05/11	13:07:01	40.92501	141.57856	20	0.0	3	2.1	251
2024/05/11	13:08:00	40.92487	141.57851	-6	0.0	3	2.1	207
2024/05/11	13:09:00	40.92480	141.57828	-28	0.0	4	1.3	241
2024/05/11	13:10:00	40.92451	141.57815	64	0.0	3	2.0	204
2024/05/11	13:11:00	40.92463	141.57812	-10	0.0	4	1.3	212
2024/05/11	13:12:00	40.92443	141.57807	12	0.0	3	1.3	242
2024/05/11	13:13:01	40.92422	141.57808	12	0.0	3	4.3	260
2024/05/11	13:14:00	40.92428	141.57793	-18	0.0	3	2.2	153
2024/05/11	13:15:00	40.92421	141.57788	-52	0.0	4	1.3	234
2024/05/11	13:16:01	40.92395	141.57778	2	0.0	4	1.3	246
2024/05/11	13:17:01	40.92382	141.57781	16	0.0	4	1.3	268
2024/05/11	13:18:01	40.92380	141.57762	-20	0.0	3	2.2	264
2024/05/11	13:19:01	40.92367	141.57757	0	0.0	3	2.2	263
2024/05/11	13:20:01	40.92341	141.57762	2	0.0	3	2.2	260
2024/05/11	13:21:01	40.92324	141.57753	-6	0.0	4	1.3	265
2024/05/11	13:22:01	40.92318	141.57744	-4	0.0	4	1.3	285
2024/05/11	13:23:01	40.92407	141.57606	8	0.0	4	1.3	264
2024/05/11	13:24:01	40.92383	141.57597	12	0.0	4	1.3	260
2024/05/11	13:25:01	40.92364	141.57589	16	0.0	3	7.3	264
2024/05/11	13:26:02	40.92330	141.57600	2	0.0	3	8.0	262
2024/05/11	13:27:01	40.92331	141.57574	12	0.0	3	2.2	255
2024/05/11	13:28:01	40.92321	141.57569	14	0.0	4	1.3	256
2024/05/11	13:29:01	40.92299	141.57562	16	0.0	3	2.3	255
2024/05/11	13:30:01	40.92301	141.57539	-6	0.0	4	1.3	268
2024/05/11	13:31:01	40.92278	141.57538	8	0.0	4	1.3	263
2024/05/11	13:32:01	40.92266	141.57522	6	0.0	4	1.3	264
2024/05/11	13:33:01	40.92261	141.57524	2	0.0	3	5.3	265
2024/05/11	13:34:00	40.92258	141.57505	-2	0.0	4	1.4	263
2024/05/11	13:35:01	40.92243	141.57492	-16	0.0	3	2.3	252
2024/05/11	13:36:00	40.92226	141.57487	-0	0.0	4	1.4	244
2024/05/11	13:37:01	40.92209	141.57472	0	0.0	4	1.3	252
2024/05/11	13:38:01	40.92207	141.57466	-8	0.0	3	11.3	258
2024/05/11	13:39:01	40.92185	141.57457	-8	0.0	4	1.4	289
2024/05/11	13:40:01	40.92116	141.57483	-0	0.0	3	11.2	261
2024/05/11	13:41:02	40.92157	141.57436	-2	0.0	4	1.4	269
2024/05/11	13:42:01	40.92186	141.57399	-14	0.0	3	11.0	283
2024/05/11	13:43:01	40.92152	141.57399	-14	0.0	3	10.4	263
2024/05/11	13:44:01	40.92154	141.57385	-6	0.0	3	10.3	266
2024/05/11	13:45:01	40.92104	141.57395	0	0.0	4	1.4	264
2024/05/11	13:46:00	40.92098	141.57379	4	0.0	3	1.4	261
2024/05/11	13:47:01	40.92079	141.57375	8	0.0	4	1.4	268
2024/05/11	13:48:01	40.92077	141.57365	20	0.0	4	1.4	266
2024/05/11	13:49:00	40.92079	141.57341	-4	0.0	4	1.4	291
2024/05/11	13:50:02	40.92055	141.57344	6	0.0	4	1.4	258
2024/05/11	13:51:02	40.92049	141.57326	2	0.0	4	1.4	256
2024/05/11	13:52:02	40.91816	141.57044	0	22.2	3	3.0	249
2024/05/11	13:53:01	40.91399	141.57081	20	29.6	3	2.4	255
2024/05/11	13:54:01	40.91268	141.57693	-6	37.0	4	1.4	245
2024/05/11	13:55:01	40.91543	141.58271	8	37.0	4	1.4	256
2024/05/11	13:56:00	40.91515	141.58361	4	0.0	4	2.0	211
2024/05/11	13:57:01	40.91515	141.58347	-10	0.0	3	4.4	278
2024/05/11	13:58:01	40.91495	141.58351	10	0.0	3	3.0	254
2024/05/11	13:59:01	40.91362	141.58704	18	33.3	4	1.4	252
2024/05/11	14:00:02	40.91278	141.59455	18	40.7	3	3.1	254
2024/05/11	14:01:01	40.91473	141.60071	-22	0.0	2	6.1	261
2024/05/11	14:02:01	40.91403	141.60093	24	0.0	3	3.2	277
2024/05/11	14:03:02	40.91384	141.60106	18	0.0	3	3.2	252
2024/05/11	14:04:02	40.91397	141.60106	-20	0.0	3	3.2	261
2024/05/11	14:05:01	40.91392	141.60113	-22	0.0	2	7.2	259
2024/05/11	14:06:01	40.91293	141.60167	102	0.0	2	7.1	263
2024/05/11	14:07:02	40.91311	141.60139	20	0.0	3	3.2	250
2024/05/11	14:08:02	40.91338	141.60150	-30	0.0	2	3.2	259
2024/05/11	14:09:01	40.91637	141.60222	-30	29.6	2	3.3	257
2024/05/11	14:10:02	40.92072	141.60169	24	29.6	3	3.2	259
2024/05/11	14:11:01	40.92546	141.60137	26	33.3	1	4.2	250
2024/05/11	14:12:03	40.93018	141.60053	20	29.6	3	3.2	276
2024/05/11	14:13:01	40.93208	141.60048	8	14.8	2	3.2	249
2024/05/11	14:14:02	40.93579	141.59945	-52	25.9	3	17.3	295
2024/05/11	14:15:03	40.93852	141.60183	80	25.9	2	5.3	301
2024/05/11	14:16:02	40.94099	141.60206	34	0.0	3	3.0	245
2024/05/11	14:17:02	40.94118	141.60175	12	0.0	2	4.1	240
2024/05/11	14:18:02	40.94368	141.60291	18	18.5	2	3.1	245
2024/05/11	14:19:03	40.94771	141.60459	26	22.2	3	3.2	242
2024/05/11	14:20:01	40.95173	141.60771	28	33.3	2	3.0	260
2024/05/11	14:21:02	40.95566	141.60847	26	7.4	3	3.0	245
2024/05/11	14:22:03	40.95965	141.60744	26	37.0	1	3.3	254
2024/05/11	14:23:06	40.96180	141.60694	2	18.5	2	3.4	249
2024/05/11	14:24:01	40.96294	141.60592	-12	0.0	1	4.1	250
2024/05/11	14:25:02	40.96287	141.60582	-8	0.0	2	3.4	251
2024/05/11	14:26:04	40.96285	141.60555	12	0.0	2	3.0	242
2024/05/11	14:27:03	40.96321	141.60514	-6	0.0	2	3.0	244
2024/05/11	14:28:03	40.96294	141.60498	64	0.0	1	4.0	250
2024/05/11	14:29:04	40.96353	141.60463	10	0.0	2	3.0	246
2024/05/11	14:30:03	40.96344	141.60446	8	0.0	2	3.0	247
2024/05/11	14:31:02	40.96377	141.60401	-6	0.0	1	3.4	251
2024/05/11	14:32:03	40.96383	141.60394	6	0.0	2	2.4	247
2024/05/11	14:33:02	40.96390	141.60365	8	0.0	2	2.4	256
2024/05/11	14:34:03	40.96407	141.60345	-6	0.0	2	2.4	245
2024/05/11	14:35:01	40.96406	141.60319	26	0.0	2	3.1	244
2024/05/11	14:36:03	40.96425	141.60295	0	0.0	2	2.4	239
2024/05/11	14:37:03	40.96144	141.60443	0	25.9	2	2.4	253
2024/05/11	14:38:03	40.96099	141.60403	-18	0.0	2	2.4	251
2024/05/11	14:39:05	40.96095	141.60377	10	3.7	2	2.4	237
2024/05/11	14:40:04	40.96089	141.60362	30	0.0	2	2.3	248
2024/05/11	14:41:03	40.96117	141.60335	20	0.0	2	2.3	260
2024/05/11	14:42:02	40.96158	141.60300	-8	3.7	1	3.1	251
2024/05/11	14:43:03	40.96165	141.60266	-12	0.0	1	2.4	264
2024/05/11	14:44:05	40.96174	141.60253	10	0.0	2	2.3	237
2024/05/11	14:45:04	40.96193	141.60234	8	0.0	1	2.4	243
2024/05/11	14:46:04	40.96197	141.60190	14	0.0	2	2.3	253
2024/05/11	14:47:03	40.96226	141.60166	14	0.0	1	2.3	252
2024/05/11	14:48:03	40.96227	141.60133	6	0.0	2	2.3	252
2024/05/11	14:49:03	40.96248	141.60107	8	0.0	1	2.3	252
2024/05/11	14:50:04	40.96270	141.60074	0	0.0	2	2.2	253
2024/05/11	14:51:01	40.96274	141.60040	-0	0.0	1	2.3	256
2024/05/11	14:52:02	40.96287	141.60006	-0	0.0	1	2.3	254
2024/05/11	14:53:02	40.96303	141.59972	-0	0.0	1	2.3	256
2024/05/11	14:54:28	40.96322	141.59937	12	0.0	1	3.0	247
2024/05/11	14:55:04	40.96334	141.59903	4	0.0	1	2.4	246
2024/05/11	14:56:01	40.96346	141.59882	6	0.0	1	2.2	233
2024/05/11	14:57:03	40.96356	141.59831	8	0.0	1	2.2	202
2024/05/11	14:58:03	40.96368	141.59720	-22	0.0	1	2.4	240
2024/05/11	14:59:02	40.96379	141.59681	-20	0.0	1	2.2	209
2024/05/11	15:00:34	40.96379	141.59629	2	0.0	6	1.0	240
2024/05/11	15:01:00	40.96386	141.59616	2	0.0	6	1.0	202
2024/05/11	15:02:00	40.96412	141.59583	-28	7.4	3	2.2	220
2024/05/11	15:03:00	40.96406	141.59531	58	0.0	3	2.2	207
2024/05/11	15:04:00	40.96423	141.59509	-22	0.0	4	1.4	207
2024/05/11	15:05:00	40.96437	141.59474	-28	0.0	3	2.2	207
2024/05/11	15:06:00	40.96456	141.59425	-22	0.0	5	1.2	184
2024/05/11	15:07:00	40.96467	141.59412	12	0.0	4	1.3	212
2024/05/11	15:08:01	40.96484	141.59363	-6	0.0	5	1.2	207
2024/05/11	15:09:00	40.96502	141.59331	10	0.0	6	1.0	208
2024/05/11	15:10:00	40.96517	141.59280	-2	0.0	5	1.2	215
2024/05/11	15:11:00	40.96519	141.59257	-52	0.0	4	1.2	207
2024/05/11	15:12:00	40.96546	141.59208	-4	0.0	6	1.1	239
2024/05/11	15:13:00	40.96549	141.59169	12	0.0	6	1.1	211
2024/05/11	15:14:00	40.96590	141.59147	0	0.0	4	1.4	214
2024/05/11	15:15:01	40.96575	141.59106	6	0.0	6	1.0	232
2024/05/11	15:16:00	40.96587	141.59080	-24	0.0	3	2.1	179
2024/05/11	15:17:00	40.96613	141.59037	2	0.0	5	1.2	211
2024/05/11	15:18:00	40.96625	141.58994	-24	3.7	4	2.3	208
2024/05/11	15:19:00	40.96625	141.58956	-16	0.0	5	1.4	211
2024/05/11	15:20:00	40.96644	141.58939	58	0.0	6	1.1	239
2024/05/11	15:21:00	40.96651	141.58904	-12	0.0	5	1.1	212
2024/05/11	15:22:00	40.96678	141.58855	-46	0.0	3	2.1	237
2024/05/11	15:23:01	40.96668	141.58828	28	0.0	6	1.1	235
2024/05/11	15:24:00	40.96685	141.58797	-20	0.0	5	1.1	227
2024/05/11	15:25:00	40.96722	141.58781	38	0.0	4	2.0	212
2024/05/11	15:26:00	40.96724	141.58741	44	0.0	4	2.1	237
2024/05/11	15:27:00	40.96724	141.58686	24	0.0	6	1.1	212
2024/05/11	15:28:00	40.96734	141.58643	12	0.0	3	2.4	143
2024/05/11	15:29:00	40.96777	141.58592	146	3.7	3	2.4	209
2024/05/11	15:30:01	40.96763	141.58578	38	0.0	6	1.1	208
2024/05/11	15:31:00	40.96778	141.58510	82	0.0	3	2.0	181
2024/05/11	15:32:02	40.96793	141.58481	102	0.0	3	2.0	206
2024/05/11	15:33:00	40.96792	141.58453	18	0.0	3	2.2	192
2024/05/11	15:34:01	40.96806	141.58423	-8	0.0	5	1.1	179
2024/05/11	15:35:02	40.96826	141.58385	30	0.0	5	1.1	257
2024/05/11	15:36:00	40.96848	141.58340	56	0.0	3	1.4	204
2024/05/11	15:37:00	40.96841	141.58286	-6	0.0	5	1.1	208
2024/05/11	15:38:00	40.96846	141.58252	-32	0.0	3	1.4	179
2024/05/11	15:39:00	40.96873	141.58217	-26	0.0	4	2.1	182
2024/05/11	15:40:00	40.96880	141.58171	-6	0.0	4	1.3	198
2024/05/11	15:41:00	40.96877	141.58111	46	0.0	3	2.3	234
2024/05/11	15:42:00	40.96914	141.58120	4	0.0	3	2.3	207
2024/05/11	15:43:00	40.96903	141.58059	-30	0.0	5	1.2	239
2024/05/11	15:44:00	40.96902	141.58037	-96	0.0	3	2.3	209
2024/05/11	15:45:00	40.96925	141.57994	46	0.0	4	1.3	240
2024/05/11	15:46:00	40.96927	141.57955	-54	0.0	5	1.2	240
2024/05/11	15:47:00	40.96939	141.57916	-18	0.0	3	1.3	180
2024/05/11	15:48:00	40.96944	141.57893	-54	0.0	3	2.0	244
2024/05/11	15:49:00	40.96964	141.57851	-2	0.0	6	1.1	252
2024/05/11	15:50:01	40.96983	141.57810	4	0.0	6	1.1	250
2024/05/11	15:51:00	40.96998	141.57770	40	0.0	3	1.2	210
2024/05/11	15:52:00	40.97011	141.57755	-70	0.0	3	2.0	210
2024/05/11	15:53:00	40.97017	141.57708	50	0.0	4	1.2	243
2024/05/11	15:54:00	40.97024	141.57670	22	0.0	5	1.1	243
2024/05/11	15:55:00	40.97038	141.57642	-32	0.0	4	2.1	188
2024/05/11	15:56:01	40.97041	141.57594	16	0.0	5	1.2	270
2024/05/11	15:57:00	40.97041	141.57561	-18	0.0	5	1.1	213
2024/05/11	15:58:00	40.97054	141.57529	-6	0.0	4	2.0	238
2024/05/11	15:59:00	40.97057	141.57492	-16	0.0	3	2.1	208
2024/05/11	16:00:00	40.97066	141.57461	-16	0.0	5	1.1	211
2024/05/11	16:01:00	40.97084	141.57413	12	0.0	4	1.2	211
2024/05/11	16:02:00	40.97094	141.57379	-82	0.0	3	1.2	240
2024/05/11	16:03:01	40.97109	141.57348	-0	0.0	6	1.1	266
2024/05/11	16:04:00	40.97107	141.57326	-34	0.0	4	1.4	261
2024/05/11	16:05:00	40.97143	141.57292	18	0.0	3	2.4	236
2024/05/11	16:06:00	40.97158	141.57169	10	0.0	4	1.2	254
2024/05/11	16:07:01	40.97314	141.56998	-14	25.9	4	2.0	248
2024/05/11	16:08:00	40.97345	141.56956	-6	0.0	4	2.0	207
2024/05/11	16:09:01	40.97337	141.56889	-4	0.0	5	1.1	233
2024/05/11	16:10:00	40.97340	141.56836	36	0.0	4	1.4	210
2024/05/11	16:11:00	40.97336	141.56772	26	18.5	4	1.2	151
2024/05/11	16:12:01	40.97352	141.56723	64	0.0	3	4.0	227
2024/05/11	16:13:00	40.97325	141.56622	66	0.0	3	2.3	144
2024/05/11	16:14:00	40.97297	141.56527	2	18.5	4	2.0	189
2024/05/11	16:15:01	40.97328	141.56406	-28	29.6	3	2.4	204
2024/05/11	16:16:01	40.97305	141.56296	-4	0.0	5	1.1	232
2024/05/11	16:17:00	40.97266	141.56247	12	0.0	4	1.3	181
2024/05/11	16:18:00	40.97372	141.55741	-4	37.0	3	2.1	237
2024/05/11	16:19:00	40.97461	141.55629	-0	0.0	4	1.3	151
2024/05/11	16:20:00	40.97469	141.55630	4	0.0	3	2.2	183
2024/05/11	16:21:00	40.97463	141.55595	0	0.0	4	2.0	184
2024/05/11	16:22:01	40.97471	141.55551	30	0.0	4	1.4	201
2024/05/11	16:23:01	40.97453	141.55524	34	33.3	4	2.2	253
2024/05/11	16:24:01	40.97838	141.55606	28	7.4	4	2.3	291
2024/05/11	16:25:01	40.97844	141.55578	4	33.3	5	1.2	269
2024/05/11	16:26:00	40.97843	141.55577	0	11.1	5	1.2	289
2024/05/11	16:27:00	40.98054	141.55509	-28	14.8	4	1.3	264
2024/05/11	16:28:00	40.98425	141.55404	-26	44.4	4	2.0	284
2024/05/11	16:29:00	40.98883	141.54819	104	44.4	3	2.2	267
2024/05/11	16:30:00	40.99074	141.54707	-0	33.3	3	2.2	251
2024/05/11	16:31:01	40.99454	141.55015	36	25.9	3	2.2	290
2024/05/11	16:32:01	40.99652	141.55079	-16	33.3	4	2.0	211
2024/05/11	16:33:01	40.99697	141.54968	4	11.1	5	1.3	261
2024/05/11	16:34:00	40.99735	141.54964	20	14.8	3	2.1	208
2024/05/11	16:35:00	40.99759	141.54842	8	25.9	4	2.1	268
2024/05/11	16:36:00	40.99732	141.54804	46	33.3	3	2.2	148
2024/05/11	16:37:00	40.99728	141.54737	-64	14.8	3	2.2	259
2024/05/11	16:38:00	40.99770	141.54640	4	14.8	4	2.1	234
2024/05/11	16:39:01	40.99773	141.54555	-2	0.0	4	2.0	257
2024/05/11	16:40:00	40.99794	141.54471	-12	7.4	4	2.2	270
2024/05/11	16:41:01	40.99807	141.54397	-4	25.9	5	2.0	280
2024/05/11	16:42:01	40.99805	141.54378	26	0.0	4	2.2	246
2024/05/11	16:43:00	40.99825	141.54351	-22	0.0	4	2.0	183
2024/05/11	16:44:00	40.99870	141.54229	14	18.5	4	2.2	248
2024/05/11	16:45:00	40.99826	141.54182	18	18.5	4	2.0	231
2024/05/11	16:46:00	40.99839	141.54102	2	33.3	4	2.3	256
2024/05/11	16:47:01	40.99909	141.54021	-14	25.9	5	2.1	234
2024/05/11	16:48:00	40.99882	141.54020	36	0.0	4	2.3	260
2024/05/11	16:49:01	40.99905	141.54007	-16	0.0	3	2.4	215
2024/05/11	16:50:01	40.99912	141.53980	-0	0.0	4	2.1	269
2024/05/11	16:51:00	40.99922	141.53966	-0	0.0	4	2.1	238
2024/05/11	16:52:01	40.99959	141.54017	-18	0.0	3	2.2	243
2024/05/11	16:53:00	40.99972	141.53947	30	29.6	3	2.2	255
2024/05/11	16:54:01	41.00018	141.53701	18	37.0	5	2.1	263
2024/05/11	16:55:01	41.00002	141.53556	12	29.6	4	3.1	261
2024/05/11	16:56:01	41.00020	141.53519	48	7.4	3	2.3	255
2024/05/11	16:57:01	41.00070	141.53440	10	18.5	5	2.2	286
2024/05/11	16:58:00	41.00063	141.53622	18	3.7	5	2.2	290
2024/05/11	16:59:01	41.00098	141.53662	14	22.2	5	2.2	255
2024/05/11	17:00:02	41.00087	141.53545	0	7.4	5	3.0	270
2024/05/11	17:01:02	41.00112	141.53570	10	33.3	4	3.3	287
2024/05/11	17:02:01	41.00117	141.53494	-10	0.0	4	3.3	249
2024/05/11	17:03:01	41.00108	141.53488	12	3.7	3	4.0	248
2024/05/11	17:04:01	41.00109	141.53480	24	0.0	3	4.1	226
2024/05/11	17:05:02	41.00139	141.53429	-28	0.0	4	4.0	248
2024/05/11	17:06:01	41.00144	141.53410	20	0.0	3	4.2	259
2024/05/11	17:07:02	41.00161	141.53381	2	0.0	3	4.3	259
2024/05/11	17:08:01	41.00178	141.53340	4	0.0	3	4.4	235
2024/05/11	17:09:02	41.00188	141.53321	-4	0.0	5	3.3	285
2024/05/11	17:10:02	41.00203	141.53307	-8	0.0	3	5.1	278
2024/05/11	17:11:01	41.00192	141.53285	8	0.0	3	5.2	225
2024/05/11	17:12:02	41.00226	141.53248	-20	0.0	5	3.4	284
2024/05/11	17:13:01	41.00256	141.53095	2	11.1	4	4.0	295
2024/05/11	17:14:02	41.00266	141.53067	12	3.7	3	6.0	210
2024/05/11	17:15:01	41.00295	141.53017	-22	0.0	3	6.1	252
2024/05/11	17:16:02	41.00345	141.52855	2	0.0	3	6.3	225
2024/05/11	17:17:01	41.00258	141.53116	4	29.6	4	4.1	278
2024/05/11	17:18:01	41.00166	141.53493	6	25.9	5	3.4	243
2024/05/11	17:19:02	41.00175	141.53522	6	0.0	3	7.2	225
2024/05/11	17:20:02	41.00157	141.53523	26	0.0	3	7.4	249
2024/05/11	17:21:15	41.00192	141.53486	-4	0.0	3	8.2	225
2024/05/11	17:22:02	41.00214	141.53441	14	0.0	3	8.3	258
2024/05/11	17:23:02	41.00216	141.53420	12	0.0	3	9.1	280
2024/05/11	17:24:03	41.00238	141.53378	-6	0.0	3	9.3	253
2024/05/11	17:25:04	41.00229	141.53378	12	0.0	3	10.1	232
2024/05/11	17:26:02	41.00233	141.53366	-0	0.0	3	10.4	249
2024/05/11	17:27:03	41.00254	141.53318	-2	0.0	3	11.2	254
2024/05/11	17:28:03	41.00302	141.53227	4	0.0	3	12.1	273
2024/05/11	17:29:03	41.00322	141.53184	2	0.0	3	13.0	253
2024/05/11	17:30:02	41.00273	141.53250	16	0.0	3	14.0	256
2024/05/11	17:31:02	41.00332	141.53147	-16	0.0	3	15.0	229
2024/05/11	17:32:03	41.00397	141.53038	-22	0.0	3	16.1	232
2024/05/11	17:33:04	41.00314	141.53137	24	3.7	3	17.2	234
2024/05/11	17:34:02	41.00300	141.53146	12	0.0	3	19.0	228
2024/05/11	17:35:04	41.00378	141.53029	-10	0.0	3	20.4	235
2024/05/11	17:36:02	41.00356	141.53045	2	0.0	3	22.4	266
2024/05/11	17:37:04	41.00366	141.53021	4	0.0	3	25.2	229
2024/05/11	17:38:03	41.00365	141.53006	2	3.7	3	28.1	251
2024/05/11	17:39:35	41.00396	141.52943	4	0.0	6	1.0	265
2024/05/11	17:40:00	41.00409	141.52937	6	0.0	4	2.1	263
2024/05/11	17:41:00	41.00388	141.52860	30	0.0	3	2.1	203
2024/05/11	17:42:00	41.00416	141.52866	4	0.0	5	1.1	237
2024/05/11	17:43:00	41.00431	141.52839	8	0.0	3	2.2	179
2024/05/11	17:44:01	41.00445	141.52805	-10	0.0	4	1.2	233
2024/05/11	17:45:00	41.00456	141.52774	-0	0.0	3	2.0	180
2024/05/11	17:46:00	41.00454	141.52726	46	0.0	3	2.0	259
2024/05/11	17:47:01	41.00475	141.52711	-10	0.0	4	1.3	268
2024/05/11	17:48:01	41.00482	141.52681	14	0.0	4	1.3	268
2024/05/11	17:49:01	41.00497	141.52657	8	0.0	4	1.3	267
2024/05/11	17:50:00	41.00511	141.52630	8	0.0	4	1.4	216
2024/05/11	17:51:00	41.00508	141.52604	-10	0.0	4	1.4	182
2024/05/11	17:52:01	41.00531	141.52572	30	0.0	4	1.2	269
2024/05/11	17:53:00	41.00519	141.52528	-0	0.0	4	1.4	232
2024/05/11	17:54:01	41.00542	141.52507	6	0.0	5	1.1	262
2024/05/11	17:55:01	41.00551	141.52464	4	0.0	5	1.1	264
2024/05/11	17:56:01	41.00565	141.52432	18	0.0	5	1.0	265
2024/05/11	17:57:00	41.00564	141.52385	-0	0.0	3	1.4	219
2024/05/11	17:58:00	41.00588	141.52378	0	0.0	4	1.3	212
2024/05/11	17:59:01	41.00607	141.52358	14	0.0	4	1.2	268
2024/05/11	18:00:00	41.00618	141.52325	6	0.0	3	1.4	240
2024/05/11	18:01:00	41.00636	141.52291	20	0.0	4	1.3	214
2024/05/11	18:02:01	41.00630	141.52261	14	0.0	4	1.3	261
2024/05/11	18:03:01	41.00649	141.52234	22	0.0	4	1.2	266
2024/05/11	18:04:01	41.00656	141.52199	22	0.0	3	2.4	243
2024/05/11	18:05:01	41.00675	141.52179	-0	0.0	4	1.1	289
2024/05/11	18:06:01	41.00685	141.52146	8	0.0	4	1.1	244
2024/05/11	18:07:01	41.00704	141.52126	8	0.0	4	1.2	267
2024/05/11	18:08:01	41.00718	141.52103	8	0.0	4	1.2	237
2024/05/11	18:09:00	41.00732	141.52065	18	0.0	4	1.1	266
2024/05/11	18:10:01	41.00744	141.52044	10	0.0	4	1.1	219
2024/05/11	18:11:01	41.00742	141.52129	-10	0.0	3	1.2	266
2024/05/11	18:12:00	41.00786	141.52114	0	0.0	3	2.4	208
2024/05/11	18:13:00	41.00772	141.52066	62	0.0	3	2.3	183
2024/05/11	18:14:01	41.00769	141.52026	-0	0.0	4	1.2	236
2024/05/11	18:15:01	41.00795	141.52012	32	0.0	4	1.2	241
2024/05/11	18:16:01	41.00800	141.51986	-16	0.0	4	1.1	244
2024/05/11	18:17:01	41.00810	141.51955	-14	0.0	4	1.2	238
2024/05/11	18:18:00	41.00813	141.51915	2	0.0	3	2.2	239
2024/05/11	18:19:01	41.00836	141.51902	0	0.0	3	2.1	266
2024/05/11	18:20:01	41.00849	141.51868	24	0.0	3	1.3	262
2024/05/11	18:21:01	41.00852	141.51841	4	0.0	4	1.1	265
2024/05/11	18:22:01	41.00878	141.51815	2	0.0	4	1.1	269
2024/05/11	18:23:00	41.00890	141.51801	0	0.0	3	1.1	238
2024/05/11	18:24:01	41.00911	141.51781	46	0.0	3	2.0	241
2024/05/11	18:25:01	41.00911	141.51741	2	0.0	4	1.1	260
2024/05/11	18:26:01	41.00931	141.51712	44	0.0	4	1.1	266
2024/05/11	18:27:00	41.00931	141.51687	40	0.0	3	2.1	260
2024/05/11	18:28:01	41.00946	141.51660	-32	0.0	3	2.0	236
2024/05/11	18:29:01	41.00963	141.51646	-16	0.0	4	1.2	271
2024/05/11	18:30:01	41.00967	141.51602	-20	0.0	4	1.1	267
2024/05/11	18:31:01	41.00986	141.51567	10	0.0	4	1.2	266
2024/05/11	18:32:01	41.01001	141.51562	-10	0.0	3	1.3	239
2024/05/11	18:33:00	41.01018	141.51534	-26	0.0	4	1.1	237
2024/05/11	18:34:00	41.01040	141.51531	30	0.0	3	2.0	183
2024/05/11	18:35:00	41.01035	141.51502	-20	0.0	3	2.0	207
2024/05/11	18:36:01	41.01058	141.51475	-20	0.0	3	1.3	252
2024/05/11	18:37:01	41.01070	141.51446	-10	0.0	3	1.3	264
2024/05/11	18:38:01	41.01093	141.51428	-16	0.0	3	1.3	259
2024/05/11	18:39:00	41.01102	141.51396	-66	0.0	3	1.4	230
2024/05/11	18:40:01	41.01125	141.51388	18	0.0	4	1.1	233
2024/05/11	18:41:00	41.01147	141.51365	10	0.0	3	1.2	206
2024/05/11	18:42:01	41.01155	141.51359	10	0.0	4	1.1	260
2024/05/11	18:43:01	41.01179	141.51327	28	0.0	4	1.1	255
2024/05/11	18:44:00	41.01192	141.51311	42	0.0	3	2.0	211
2024/05/11	18:45:01	41.01211	141.51279	8	0.0	4	1.1	232
2024/05/11	18:46:01	41.01002	141.51384	12	25.9	3	2.2	232
2024/05/11	18:47:01	41.00570	141.51493	16	29.6	3	1.3	234
2024/05/11	18:48:02	41.00101	141.51567	14	29.6	4	1.2	256
2024/05/11	18:49:01	40.99696	141.51568	12	33.3	3	1.4	243
2024/05/11	18:50:01	40.99196	141.51626	2	29.6	3	1.4	240
2024/05/11	18:51:01	40.98772	141.51721	74	29.6	3	1.3	211
2024/05/11	18:52:01	40.98346	141.51779	-14	25.9	3	2.1	209
2024/05/11	18:53:02	40.98021	141.52025	26	18.5	1	5.2	206
2024/05/11	18:54:02	40.97667	141.52124	-10	29.6	4	1.1	295
2024/05/11	18:55:01	40.97264	141.52288	0	25.9	3	1.4	202
2024/05/11	18:56:03	40.96862	141.52475	10	25.9	4	1.1	265
2024/05/11	18:57:00	40.96524	141.52692	-6	25.9	3	1.4	285
2024/05/11	18:58:01	40.96106	141.52736	-14	29.6	3	1.4	281
2024/05/11	18:59:01	40.95699	141.52928	4	25.9	4	1.2	292
2024/05/11	19:00:01	40.95341	141.53209	22	29.6	3	2.2	239
2024/05/11	19:01:02	40.94890	141.53451	10	29.6	4	1.3	286
2024/05/11	19:02:01	40.94413	141.53518	0	29.6	4	1.3	257
2024/05/11	19:03:01	40.93941	141.53574	-14	33.3	3	2.2	264
2024/05/11	19:04:01	40.93507	141.53767	-4	25.9	4	1.3	265
2024/05/11	19:05:02	40.93156	141.54045	-16	3.7	4	1.3	260
2024/05/11	19:06:01	40.92947	141.54231	-6	22.2	4	1.3	264
2024/05/11	19:07:02	40.92511	141.54377	18	22.2	4	1.3	289
2024/05/11	19:08:01	40.92328	141.54629	12	25.9	4	1.3	253
2024/05/11	19:09:01	40.92096	141.54794	-6	25.9	4	1.3	287
2024/05/11	19:10:02	40.91717	141.55042	0	29.6	4	1.3	257
2024/05/11	19:11:01	40.91239	141.55227	-26	29.6	4	1.3	261
2024/05/11	19:12:00	40.91243	141.55230	-44	0.0	3	2.3	239
2024/05/11	19:13:01	40.91223	141.55236	4	0.0	3	2.3	283
2024/05/11	19:14:02	40.91223	141.55218	-22	0.0	3	2.3	284
2024/05/11	19:15:00	40.91148	141.55264	106	29.6	3	2.3	228
2024/05/11	19:16:01	40.91094	141.55291	10	0.0	3	2.3	260
2024/05/11	19:17:02	40.90937	141.55358	4	25.9	3	2.3	294
2024/05/11	19:18:02	40.90543	141.55472	-16	29.6	4	1.4	291
2024/05/11	19:19:02	40.90380	141.55503	-8	18.5	3	6.3	253
2024/05/11	19:20:01	40.90142	141.55717	-36	22.2	3	2.0	257
2024/05/11	19:21:02	40.90134	141.55721	12	0.0	3	2.4	264
2024/05/11	19:22:03	40.90133	141.55719	24	0.0	3	2.4	286
2024/05/11	19:23:02	40.90142	141.55711	10	0.0	3	2.4	281
2024/05/11	19:24:03	40.90144	141.55688	-28	0.0	4	2.0	288
2024/05/11	19:25:01	40.90055	141.55595	14	33.3	3	2.4	259
2024/05/11	19:26:01	40.89653	141.55446	6	29.6	4	2.0	287
2024/05/11	19:27:00	40.89335	141.55504	-24	29.6	3	2.4	292
2024/05/11	19:28:01	40.88878	141.55390	22	33.3	3	2.4	284
2024/05/11	19:29:01	40.88413	141.55238	-28	29.6	3	2.4	259
2024/05/11	19:30:02	40.88196	141.55163	-30	0.0	3	2.4	255
2024/05/11	19:31:03	40.88006	141.55143	-16	29.6	3	2.4	319
2024/05/11	19:32:01	40.87551	141.55114	-38	29.6	3	2.4	285
2024/05/11	19:33:03	40.87051	141.55047	28	29.6	3	2.4	259
2024/05/11	19:34:03	40.86597	141.54982	22	29.6	3	2.4	259
2024/05/11	19:35:02	40.86115	141.54857	26	33.3	3	2.4	257
2024/05/11	19:36:04	40.85659	141.54697	-12	29.6	3	2.4	259
2024/05/11	19:37:04	40.85221	141.54537	58	29.6	3	2.4	253
2024/05/11	19:38:04	40.84800	141.54312	-8	33.3	3	2.4	257
2024/05/11	19:39:06	40.84312	141.54202	10	33.3	4	2.2	254
2024/05/11	19:40:03	40.83836	141.54148	-8	29.6	3	2.4	256
2024/05/11	19:41:02	40.83344	141.54026	-20	37.0	3	2.4	252
2024/05/11	19:42:01	40.82836	141.54020	24	29.6	3	2.4	282
2024/05/11	19:43:02	40.82348	141.53890	44	29.6	3	2.4	260
2024/05/11	19:44:00	40.81869	141.53769	42	33.3	3	2.4	287
2024/05/11	19:45:01	40.81397	141.53692	0	29.6	3	2.4	235
2024/05/11	19:46:03	40.80896	141.53628	-2	33.3	3	2.4	263
2024/05/11	19:47:04	40.80377	141.53569	6	33.3	3	2.4	255
2024/05/11	19:48:02	40.79869	141.53508	2	33.3	2	3.2	290
2024/05/11	19:49:04	40.79386	141.53515	24	29.6	3	2.4	259
2024/05/11	19:50:03	40.78885	141.53484	2	33.3	3	2.4	259
2024/05/11	19:51:05	40.78337	141.53493	14	33.3	4	2.3	313
2024/05/11	19:52:05	40.77766	141.53492	28	33.3	3	4.2	311
2024/05/11	19:53:03	40.77206	141.53549	26	37.0	2	3.1	259
2024/05/11	19:54:05	40.76595	141.53501	2	33.3	4	2.4	255
2024/05/11	19:55:04	40.76028	141.53444	34	44.4	3	3.0	257
2024/05/11	19:56:04	40.75555	141.53356	-6	33.3	3	3.0	287
2024/05/11	19:57:04	40.74937	141.53232	-10	37.0	3	4.2	307
2024/05/11	19:58:03	40.74331	141.53024	-8	40.7	2	3.1	287
2024/05/11	19:59:04	40.73744	141.52858	-16	40.7	3	3.0	286
2024/05/11	20:09:33	40.68579	141.54418	4	37.0	3	2.0	265
2024/05/11	20:10:01	40.68285	141.54354	28	40.7	3	2.0	281
2024/05/11	20:11:01	40.67684	141.54170	-2	40.7	3	2.0	233
2024/05/11	20:12:03	40.67049	141.54058	-0	40.7	3	2.0	256
2024/05/11	20:13:01	40.66444	141.53925	-2	40.7	3	2.0	259
2024/05/11	20:14:01	40.65820	141.53747	-8	40.7	3	2.0	235
2024/05/11	20:15:00	40.65189	141.53658	-18	40.7	3	2.0	233
2024/05/11	20:16:03	40.64616	141.53645	20	37.0	3	2.0	256
2024/05/11	20:17:01	40.64102	141.53714	24	37.0	3	2.0	226
2024/05/11	20:18:03	40.63524	141.53808	-4	37.0	3	2.1	254
2024/05/11	20:19:03	40.62935	141.53849	-10	37.0	3	2.1	265
2024/05/11	20:20:01	40.62358	141.53904	18	40.7	3	2.1	209
2024/05/11	20:21:02	40.61760	141.54068	12	40.7	3	2.1	265
2024/05/11	20:22:03	40.61165	141.54174	16	37.0	3	2.1	259
2024/05/11	20:23:01	40.60591	141.54253	40	37.0	3	2.1	205
2024/05/11	20:24:01	40.60058	141.54371	-16	37.0	3	2.1	185
2024/05/11	20:25:01	40.59470	141.54589	22	40.7	3	2.1	205
2024/05/11	20:26:03	40.58969	141.55123	6	44.4	3	2.1	263
2024/05/11	20:27:03	40.58466	141.55498	-30	44.4	3	2.1	257
2024/05/11	20:28:01	40.57838	141.55721	0	40.7	3	2.1	229
2024/05/11	20:29:03	40.57148	141.55897	-18	44.4	3	2.1	264
2024/05/11	20:30:03	40.56505	141.55998	-14	40.7	3	2.1	258
2024/05/11	20:31:02	40.55868	141.56083	-28	44.4	3	2.1	259
2024/05/11	20:32:04	40.55399	141.56090	8	29.6	3	2.1	261
2024/05/11	20:33:01	40.54998	141.56089	6	29.6	3	2.1	212
2024/05/11	20:34:03	40.54555	141.56067	12	29.6	3	2.1	257
2024/05/11	20:35:04	40.54504	141.55802	4	22.2	3	2.1	254
2024/05/11	20:36:03	40.54549	141.55398	28	14.8	3	2.1	259
2024/05/11	20:37:01	40.54490	141.55629	-14	55.6	3	2.1	231
2024/05/11	20:38:03	40.53967	141.55704	-4	25.9	3	2.1	264
2024/05/11	20:39:05	40.53903	141.55748	-48	0.0	3	2.1	270
2024/05/11	20:40:04	40.53829	141.55687	-44	0.0	2	7.4	281
2024/05/11	20:41:02	40.53923	141.55663	-118	0.0	3	2.1	260
2024/05/11	20:42:02	40.53899	141.55664	-8	0.0	3	2.1	263
2024/05/11	20:43:03	40.53876	141.55645	44	0.0	3	2.0	263
2024/05/11	20:44:04	40.53877	141.55642	-24	0.0	3	2.0	264
2024/05/11	20:45:03	40.53887	141.55653	-46	0.0	3	2.0	265
2024/05/11	20:46:04	40.53882	141.55645	4	0.0	3	2.0	261
2024/05/11	20:47:04	40.53884	141.55635	30	0.0	3	2.0	269
2024/05/11	20:48:03	40.53893	141.55654	-16	0.0	3	2.0	265
2024/05/11	20:49:04	40.53885	141.55646	6	0.0	3	2.0	294
2024/05/11	20:50:04	40.53876	141.55645	14	0.0	3	2.0	261
2024/05/11	20:51:04	40.53855	141.55625	30	0.0	3	2.0	255
2024/05/11	20:52:04	40.53890	141.55656	-14	0.0	3	2.0	245
2024/05/11	20:53:04	40.53865	141.55628	-18	0.0	3	2.0	256
2024/05/11	20:54:02	40.53881	141.55644	-14	0.0	3	2.0	258
2024/05/11	20:55:01	40.53875	141.55640	2	0.0	3	2.0	255
2024/05/11	20:56:03	40.53870	141.55636	-12	0.0	3	2.0	266
2024/05/11	20:57:02	40.53911	141.55659	-52	0.0	3	2.0	264
2024/05/11	20:58:03	40.53892	141.55659	2	0.0	3	2.0	267
2024/05/11	20:59:02	40.53878	141.55645	10	0.0	3	2.0	303
2024/05/11	21:00:01	40.53870	141.55645	30	0.0	3	2.0	237
2024/05/11	21:01:01	40.53883	141.55651	-10	0.0	3	2.0	182
2024/05/11	21:02:04	40.53891	141.55635	-12	0.0	2	5.3	235
2024/05/11	21:03:03	40.53876	141.55639	-24	0.0	3	2.1	271
2024/05/11	21:04:05	40.53875	141.55637	20	3.7	3	2.1	255
2024/05/11	21:05:01	40.53872	141.55636	-16	0.0	3	2.1	262
2024/05/11	21:06:00	40.53871	141.55635	-28	0.0	3	2.1	261
2024/05/11	21:07:01	40.53889	141.55653	-16	0.0	3	2.1	266
2024/05/11	21:08:02	40.53900	141.55775	-12	0.0	2	4.3	275
2024/05/11	21:09:35	40.53880	141.55726	-2	0.0	6	1.1	281
2024/05/11	21:10:01	40.53877	141.55748	-80	0.0	4	2.2	279
2024/05/11	21:11:02	40.53886	141.55719	8	0.0	5	1.2	275
2024/05/11	21:12:01	40.53879	141.55731	-18	0.0	5	1.2	235
2024/05/11	21:13:01	40.53892	141.55712	22	0.0	4	2.1	235
2024/05/11	21:14:01	40.53885	141.55726	-6	0.0	5	1.2	235
2024/05/11	21:15:00	40.53883	141.55739	34	0.0	4	2.3	232
2024/05/11	21:16:01	40.53880	141.55728	8	0.0	5	1.2	251
2024/05/11	21:17:01	40.53875	141.55720	-4	0.0	5	1.2	237
2024/05/11	21:18:01	40.53869	141.55720	-0	0.0	5	1.2	231
2024/05/11	21:19:01	40.53880	141.55727	12	0.0	5	1.2	237
2024/05/11	21:20:01	40.53880	141.55722	16	0.0	5	1.2	264
2024/05/11	21:21:01	40.53879	141.55730	12	0.0	5	1.2	238
2024/05/11	21:22:01	40.53892	141.55729	2	0.0	5	1.2	240
2024/05/11	21:23:01	40.53877	141.55724	2	0.0	5	1.2	263
2024/05/11	21:24:01	40.53879	141.55726	18	0.0	4	1.4	264
2024/05/11	21:25:01	40.53883	141.55712	20	0.0	5	1.2	240
2024/05/11	21:26:01	40.53876	141.55721	0	0.0	5	1.2	267
2024/05/11	21:27:00	40.53887	141.55746	-94	0.0	4	2.0	261
2024/05/11	21:28:00	40.53887	141.55729	-16	0.0	4	1.4	258
2024/05/11	21:29:01	40.53878	141.55729	-12	0.0	4	1.4	267
2024/05/11	21:30:00	40.53870	141.55726	-18	0.0	3	2.3	254
2024/05/11	21:31:00	40.53880	141.55716	60	0.0	3	2.3	257
2024/05/11	21:32:01	40.53889	141.55723	6	0.0	5	1.2	252
2024/05/11	21:33:01	40.53878	141.55714	16	0.0	5	1.2	263
2024/05/11	21:34:00	40.53879	141.55723	-4	0.0	3	2.3	234
2024/05/11	21:35:00	40.53880	141.55742	-36	0.0	3	2.3	230
2024/05/11	21:36:01	40.53885	141.55729	-30	0.0	5	1.2	262
2024/05/11	21:37:00	40.53891	141.55735	-8	0.0	4	1.4	256
2024/05/11	21:38:01	40.53888	141.55731	12	0.0	4	1.4	258
2024/05/11	21:39:02	40.53880	141.55724	-8	0.0	5	1.2	254
2024/05/11	21:40:00	40.53885	141.55722	38	0.0	3	2.1	221
2024/05/11	21:41:00	40.53865	141.55722	18	0.0	3	2.1	226
2024/05/11	21:42:01	40.53890	141.55739	-30	0.0	3	2.1	194
2024/05/11	21:43:00	40.53885	141.55717	26	0.0	3	2.1	229
2024/05/11	21:44:00	40.53867	141.55711	46	0.0	3	2.0	232
2024/05/11	21:45:01	40.53879	141.55731	-10	0.0	4	1.4	260
2024/05/11	21:46:02	40.53872	141.55728	-18	0.0	4	1.3	255
2024/05/11	21:47:01	40.53879	141.55725	-8	0.0	5	1.2	263
2024/05/11	21:48:01	40.53881	141.55726	0	0.0	5	1.2	267
2024/05/11	21:49:01	40.53877	141.55726	22	0.0	5	1.2	267
2024/05/11	21:50:01	40.53881	141.55727	-0	0.0	5	1.2	266
2024/05/11	21:51:00	40.53906	141.55701	38	0.0	3	2.4	264
2024/05/11	21:52:01	40.53889	141.55726	2	0.0	5	1.2	265
2024/05/11	21:53:00	40.53880	141.55728	-14	0.0	5	1.2	262
2024/05/11	21:54:00	40.53888	141.55729	0	0.0	5	1.2	262
2024/05/11	21:55:00	40.53881	141.55726	20	0.0	4	2.4	254
2024/05/11	21:56:00	40.53878	141.55720	24	0.0	5	1.2	258
2024/05/11	21:57:00	40.53875	141.55721	-2	0.0	3	2.3	262
2024/05/11	21:58:01	40.53872	141.55710	36	0.0	5	1.2	268
2024/05/11	21:59:01	40.53871	141.55731	12	0.0	4	2.4	263
2024/05/11	22:00:02	40.53887	141.55713	-2	0.0	4	2.2	263
2024/05/11	22:01:01	40.53873	141.55729	-0	0.0	5	1.2	259
2024/05/11	22:02:00	40.53879	141.55759	72	0.0	4	2.2	236
2024/05/11	22:03:01	40.53890	141.55722	14	0.0	5	1.1	265
2024/05/11	22:04:00	40.53892	141.55707	-34	0.0	4	2.2	262
2024/05/11	22:05:00	40.53889	141.55720	8	0.0	4	2.4	261
2024/05/11	22:06:01	40.53866	141.55728	-8	0.0	4	2.4	261
2024/05/11	22:07:01	40.53878	141.55735	20	0.0	4	2.2	266
2024/05/11	22:08:01	40.53879	141.55734	26	0.0	5	1.1	263
2024/05/11	22:09:01	40.53888	141.55722	-6	0.0	5	1.1	262
2024/05/11	22:10:00	40.53886	141.55733	22	0.0	4	2.2	261
2024/05/11	22:11:01	40.53869	141.55722	4	0.0	5	1.1	255
2024/05/11	22:12:01	40.53888	141.55721	6	0.0	4	2.3	230
2024/05/11	22:13:01	40.53878	141.55730	16	0.0	3	2.1	197
2024/05/11	22:14:01	40.53882	141.55721	12	0.0	5	1.1	266
2024/05/11	22:15:02	40.53884	141.55712	-16	0.0	4	2.2	241
2024/05/11	22:16:03	40.53886	141.55726	0	0.0	5	1.1	242
2024/05/11	22:17:02	40.53878	141.55729	2	0.0	3	3.4	244
2024/05/11	22:18:02	40.53871	141.55723	8	0.0	5	1.1	248
2024/05/11	22:19:01	40.53887	141.55726	2	0.0	4	2.0	252
2024/05/11	22:20:03	40.53875	141.55717	16	0.0	4	2.0	243
2024/05/11	22:21:02	40.53872	141.55721	18	0.0	4	2.0	249
2024/05/11	22:22:01	40.53904	141.55724	-32	0.0	3	2.2	216
2024/05/11	22:23:02	40.53864	141.55716	18	0.0	4	2.0	251
2024/05/11	22:24:02	40.53883	141.55728	6	0.0	3	4.1	244
2024/05/11	22:25:03	40.53890	141.55723	-8	0.0	4	2.1	243
2024/05/11	22:26:02	40.53876	141.55721	6	0.0	4	2.1	248
2024/05/11	22:27:02	40.53865	141.55723	18	0.0	4	2.1	247
2024/05/11	22:28:03	40.53883	141.55724	-0	0.0	3	4.2	242
2024/05/11	22:29:03	40.53861	141.55731	12	0.0	3	4.3	233
2024/05/11	22:30:02	40.53883	141.55712	-2	0.0	2	7.4	236
2024/05/11	22:31:04	40.53927	141.55719	-32	0.0	3	4.3	234
2024/05/11	22:32:02	40.53871	141.55728	14	0.0	3	6.0	237
2024/05/11	22:33:02	40.53868	141.55728	22	0.0	4	2.0	232
2024/05/11	22:34:02	40.53884	141.55755	62	0.0	2	8.2	206
2024/05/11	22:35:03	40.53881	141.55738	-0	0.0	4	2.0	208
2024/05/11	22:36:02	40.53894	141.55713	-20	0.0	2	8.3	211
2024/05/11	22:37:04	40.53877	141.55725	12	0.0	4	2.0	232
2024/05/11	22:38:03	40.53863	141.55719	2	0.0	2	8.4	200
2024/05/11	22:39:04	40.53818	141.55774	146	0.0	2	8.4	206
2024/05/11	22:40:05	40.53885	141.55722	-14	0.0	4	1.4	234
2024/05/11	22:41:02	40.53940	141.55696	-114	0.0	2	8.4	116
2024/05/11	22:42:10	40.53877	141.55727	-0	0.0	4	1.4	195
2024/05/11	22:43:04	40.53890	141.55738	34	0.0	3	4.1	181
2024/05/11	22:44:05	40.53865	141.55729	10	0.0	3	5.2	179
2024/05/11	22:45:03	40.53832	141.55789	178	0.0	2	8.4	182
2024/05/11	22:51:17	40.53875	141.55727	-0	0.0	4	1.3	192
2024/05/11	22:52:02	40.53871	141.55700	-12	0.0	3	4.1	173
2024/05/11	22:53:03	40.53892	141.55710	8	37.0	4	4.1	270
2024/05/11	22:54:03	40.53883	141.55703	-26	0.0	3	4.1	183
2024/05/11	22:55:03	40.53877	141.55711	-18	0.0	3	4.1	164
2024/05/11	22:56:02	40.53870	141.55713	4	0.0	3	4.1	168
2024/05/11	22:57:02	40.53874	141.55703	-38	0.0	2	7.4	137
2024/05/11	22:58:06	40.53895	141.55716	12	0.0	3	4.1	159
2024/05/11	22:59:04	40.53905	141.55719	-76	0.0	2	7.2	185
2024/05/11	23:00:05	40.53880	141.55689	-30	0.0	3	5.3	160
2024/05/11	23:01:04	40.53901	141.55724	-26	0.0	2	9.0	162
2024/05/11	23:02:03	40.53875	141.55714	-20	0.0	3	5.3	162
2024/05/11	23:03:04	40.53890	141.55731	10	0.0	3	5.4	162
2024/05/11	23:04:04	40.53898	141.55726	12	0.0	3	5.4	160
2024/05/11	23:05:05	40.53882	141.55749	6	0.0	3	5.4	157
2024/05/11	23:06:04	40.53884	141.55729	6	0.0	2	4.0	141
2024/05/11	23:07:35	40.53878	141.55728	2	0.0	3	1.4	148
2024/05/11	23:08:02	40.53881	141.55731	12	0.0	3	1.4	121
2024/05/11	23:09:02	40.53879	141.55724	18	0.0	3	1.4	121
2024/05/11	23:10:02	40.53885	141.55738	-30	0.0	2	2.3	133
2024/05/11	23:11:03	40.53883	141.55720	-14	0.0	3	1.4	144
2024/05/11	23:12:01	40.53881	141.55727	2	0.0	3	1.4	123
2024/05/11	23:13:03	40.53875	141.55725	2	0.0	3	1.4	158
2024/05/11	23:14:03	40.53873	141.55725	44	0.0	3	1.4	158
2024/05/11	23:15:01	40.53877	141.55710	-4	0.0	3	1.4	121
2024/05/11	23:16:02	40.53869	141.55726	-2	0.0	3	1.4	146
2024/05/11	23:17:02	40.53877	141.55729	-0	0.0	3	1.4	145
2024/05/11	23:18:03	40.53876	141.55729	22	0.0	2	2.2	163
2024/05/11	23:19:02	40.53866	141.55721	104	0.0	2	2.2	143
2024/05/11	23:20:02	40.53872	141.55725	-4	0.0	2	2.2	121
2024/05/11	23:21:03	40.53879	141.55721	-12	0.0	2	2.2	164
2024/05/11	23:22:02	40.53894	141.55725	-76	0.0	2	2.2	167
2024/05/11	23:23:03	40.53876	141.55722	20	0.0	2	2.2	176
2024/05/11	23:24:03	40.53855	141.55724	142	0.0	2	2.2	167
2024/05/11	23:25:02	40.53877	141.55724	2	0.0	3	1.4	145
2024/05/11	23:26:03	40.53881	141.55721	-48	0.0	2	2.1	165
2024/05/11	23:27:03	40.53873	141.55721	16	0.0	2	2.1	159
2024/05/11	23:28:03	40.53878	141.55718	12	0.0	3	1.4	185
2024/05/11	23:29:03	40.53878	141.55718	-6	0.0	2	2.1	200
2024/05/11	23:30:03	40.53878	141.55718	-38	0.0	2	2.1	183
2024/05/11	23:31:03	40.53882	141.55721	32	0.0	2	2.1	187
2024/05/11	23:32:03	40.53875	141.55727	-14	0.0	2	2.1	190
2024/05/11	23:33:02	40.53872	141.55731	74	0.0	2	2.1	142
2024/05/11	23:34:02	40.53879	141.55728	14	0.0	2	2.2	121
2024/05/11	23:35:03	40.53861	141.55732	108	0.0	2	2.2	193
2024/05/11	23:36:03	40.53879	141.55729	26	0.0	2	2.2	171
2024/05/11	23:37:03	40.53879	141.55734	24	0.0	2	2.2	169
2024/05/11	23:38:02	40.53871	141.55729	54	0.0	2	2.2	171
2024/05/11	23:39:02	40.53886	141.55725	0	0.0	2	2.2	171
2024/05/11	23:40:03	40.53877	141.55724	30	0.0	2	2.2	198
2024/05/11	23:41:03	40.53880	141.55722	-22	0.0	2	2.2	194
2024/05/11	23:42:03	40.53878	141.55711	-12	0.0	2	2.2	229
2024/05/11	23:43:03	40.53877	141.55718	-2	0.0	2	2.2	191
2024/05/11	23:44:03	40.53880	141.55720	-8	0.0	2	2.2	188
2024/05/11	23:45:02	40.53869	141.55727	38	0.0	2	2.3	169
2024/05/11	23:46:03	40.53879	141.55715	38	0.0	2	2.3	202
2024/05/11	23:47:02	40.53862	141.55716	-16	0.0	2	3.3	120
2024/05/11	23:48:03	40.53887	141.55728	-18	0.0	1	2.3	165
2024/05/11	23:49:02	40.53872	141.55737	146	0.0	2	2.3	171
2024/05/11	23:50:02	40.53875	141.55712	-88	0.0	2	3.4	151
2024/05/11	23:51:03	40.53873	141.55740	12	0.0	2	2.4	174
2024/05/11	23:52:01	40.53867	141.55730	4	0.0	2	2.4	179
2024/05/11	23:53:23	40.53877	141.55727	6	0.0	2	3.0	202
2024/05/11	23:54:01	40.53880	141.55737	68	0.0	2	3.0	145
2024/05/11	23:55:02	40.53873	141.55731	-12	0.0	2	3.0	120
2024/05/11	23:56:01	40.53903	141.55701	-76	0.0	2	3.0	120
2024/05/11	23:57:02	40.53884	141.55698	-76	0.0	2	3.1	180
2024/05/11	23:58:02	40.53888	141.55732	20	3.7	2	4.1	124
2024/05/11	23:59:03	40.53877	141.55721	0	0.0	2	3.1	205
2024/05/12	00:00:03	40.53873	141.55709	-20	0.0	2	3.2	221
2024/05/12	00:06:31	40.53878	141.55735	36	0.0	2	4.0	225
2024/05/12	00:07:01	40.53872	141.55739	90	0.0	2	4.0	204
2024/05/12	00:08:03	40.53882	141.55741	114	0.0	1	4.1	219
2024/05/12	00:09:02	40.53879	141.55742	28	0.0	2	4.1	202
2024/05/12	00:10:01	40.53876	141.55687	-112	0.0	2	4.2	203
2024/05/12	00:11:02	40.53876	141.55733	14	0.0	1	4.3	205
2024/05/12	00:12:28	40.53877	141.55729	12	0.0	2	4.3	235
2024/05/12	00:13:04	40.53871	141.55777	146	0.0	1	4.4	167
2024/05/12	00:14:06	40.53858	141.55780	146	0.0	1	2.4	192
2024/05/12	00:15:34	40.53877	141.55737	32	0.0	2	5.0	239
2024/05/12	00:16:01	40.53843	141.55732	-144	0.0	3	2.4	180
2024/05/12	00:17:02	40.53884	141.55698	6	0.0	4	3.0	185
2024/05/12	00:18:01	40.53881	141.55742	-52	0.0	4	1.3	206
2024/05/12	00:19:00	40.53880	141.55757	-32	0.0	3	1.4	183
2024/05/12	00:20:01	40.53886	141.55738	4	0.0	3	1.4	207
2024/05/12	00:21:01	40.53866	141.55731	-28	0.0	3	2.0	149
2024/05/12	00:22:00	40.53878	141.55719	24	0.0	3	1.4	151
2024/05/12	00:23:01	40.53879	141.55721	36	0.0	4	1.3	154
2024/05/12	00:24:01	40.53888	141.55723	30	0.0	3	1.4	153
2024/05/12	00:25:01	40.53872	141.55726	6	0.0	4	1.3	152
2024/05/12	00:26:02	40.53882	141.55720	6	0.0	4	1.3	206
2024/05/12	00:27:01	40.53884	141.55732	18	0.0	4	1.3	184
2024/05/12	00:28:00	40.53876	141.55731	22	0.0	4	1.3	152
2024/05/12	00:29:01	40.53880	141.55717	20	0.0	4	1.3	204
2024/05/12	00:30:00	40.53872	141.55731	14	0.0	3	1.4	200
2024/05/12	00:31:01	40.53884	141.55728	14	0.0	4	1.3	193
2024/05/12	00:32:01	40.53884	141.55726	0	0.0	5	1.2	226
2024/05/12	00:33:00	40.53870	141.55729	-18	0.0	4	1.3	182
2024/05/12	00:34:01	40.53882	141.55725	-16	0.0	4	1.3	206
2024/05/12	00:35:01	40.53879	141.55722	6	0.0	5	1.2	236
2024/05/12	00:36:02	40.53876	141.55729	-14	0.0	4	1.3	232
2024/05/12	00:37:01	40.53886	141.55722	-8	0.0	4	1.3	227
2024/05/12	00:38:01	40.53881	141.55737	-6	0.0	4	1.4	234
2024/05/12	00:39:01	40.53882	141.55723	26	0.0	4	1.4	229
2024/05/12	00:40:02	40.53875	141.55731	-10	0.0	5	1.3	230
2024/05/12	00:41:01	40.53879	141.55722	18	0.0	3	2.2	177
2024/05/12	00:42:01	40.53892	141.55725	30	0.0	4	2.0	206
2024/05/12	00:43:01	40.53876	141.55739	4	0.0	4	1.4	230
2024/05/12	00:44:01	40.53877	141.55732	8	0.0	5	1.3	239
2024/05/12	00:45:00	40.53889	141.55740	6	0.0	4	1.4	238
2024/05/12	00:46:01	40.53858	141.55735	-20	0.0	4	2.0	230
2024/05/12	00:47:01	40.53884	141.55722	-8	0.0	5	1.3	239
2024/05/12	00:48:00	40.53887	141.55743	24	0.0	4	2.0	216
2024/05/12	00:49:01	40.53884	141.55723	-6	0.0	5	1.3	263
2024/05/12	00:50:01	40.53892	141.55678	96	0.0	4	5.1	229
2024/05/12	00:51:00	40.53883	141.55721	-12	0.0	3	2.1	229
2024/05/12	00:52:00	40.53935	141.55708	82	0.0	3	2.2	232
2024/05/12	00:53:01	40.53875	141.55734	-12	0.0	4	2.2	263
2024/05/12	00:54:01	40.53873	141.55731	-8	0.0	4	2.2	212
2024/05/12	00:55:04	40.53878	141.55728	-14	0.0	5	1.4	249
2024/05/12	00:56:02	40.53881	141.55727	10	0.0	4	2.2	262
2024/05/12	00:57:01	40.53886	141.55721	-4	0.0	3	2.4	208
2024/05/12	00:58:02	40.53871	141.55727	-12	0.0	5	1.4	235
2024/05/12	00:59:02	40.53886	141.55713	-2	0.0	4	2.2	234
2024/05/12	01:00:03	40.53887	141.55722	2	0.0	5	1.4	255
2024/05/12	01:01:01	40.53877	141.55727	-0	0.0	5	1.4	229
2024/05/12	01:02:01	40.53884	141.55716	8	0.0	5	1.4	231
2024/05/12	01:03:02	40.53881	141.55717	8	0.0	5	1.4	233
2024/05/12	01:04:02	40.53869	141.55730	-2	0.0	5	1.4	236
2024/05/12	01:05:02	40.53875	141.55725	4	0.0	5	1.4	262
2024/05/12	01:06:00	40.53895	141.55724	-8	0.0	4	2.0	260
2024/05/12	01:07:02	40.53862	141.55740	-18	0.0	4	2.0	209
2024/05/12	01:08:04	40.53888	141.55720	-4	0.0	5	1.4	254
2024/05/12	01:09:02	40.53867	141.55731	-28	0.0	5	2.0	232
2024/05/12	01:10:01	40.53876	141.55730	-8	0.0	3	3.1	199
2024/05/12	01:11:02	40.53878	141.55731	-4	0.0	5	2.0	236
2024/05/12	01:12:02	40.53874	141.55716	12	0.0	5	2.0	236
2024/05/12	01:13:01	40.53889	141.55714	34	0.0	3	5.1	233
2024/05/12	01:14:05	40.53878	141.55725	8	0.0	5	2.0	243
2024/05/12	01:15:03	40.53882	141.55714	10	0.0	3	2.2	230
2024/05/12	01:16:03	40.53876	141.55734	-10	0.0	5	2.0	229
2024/05/12	01:17:03	40.53867	141.55726	0	0.0	3	4.3	227
2024/05/12	01:18:03	40.53876	141.55732	20	0.0	5	2.0	227
2024/05/12	01:19:02	40.53868	141.55726	-18	0.0	4	2.0	224
2024/05/12	01:20:01	40.53868	141.55730	-14	0.0	5	2.0	229
2024/05/12	01:21:00	40.53873	141.55721	-8	0.0	4	2.0	229
2024/05/12	01:22:01	40.53875	141.55729	2	0.0	5	2.0	227
2024/05/12	01:23:00	40.53893	141.55729	-18	0.0	4	2.1	198
2024/05/12	01:24:00	40.53899	141.55723	-10	0.0	4	2.1	202
2024/05/12	01:25:01	40.53865	141.55735	2	0.0	4	2.0	233
2024/05/12	01:26:01	40.53867	141.55722	14	0.0	4	2.0	230
2024/05/12	01:27:01	40.53882	141.55725	-2	0.0	5	2.0	230
2024/05/12	01:28:01	40.53894	141.55728	-26	0.0	5	2.1	227
2024/05/12	01:29:01	40.53859	141.55730	-10	0.0	5	2.0	230
2024/05/12	01:30:01	40.53874	141.55723	8	0.0	3	3.0	227
2024/05/12	01:31:01	40.53888	141.55720	-2	0.0	4	2.1	230
2024/05/12	01:32:01	40.53873	141.55725	6	0.0	4	2.4	203
2024/05/12	01:33:01	40.53864	141.55737	-22	0.0	4	2.3	227
2024/05/12	01:34:01	40.53871	141.55724	-0	0.0	3	2.4	171
2024/05/12	01:35:02	40.53874	141.55719	-2	0.0	4	2.3	251
2024/05/12	01:36:02	40.53881	141.55716	0	0.0	4	2.3	247
2024/05/12	01:37:00	40.53876	141.55721	10	0.0	3	2.4	263
2024/05/12	01:38:02	40.53863	141.55742	-18	0.0	2	3.0	192
2024/05/12	01:39:00	40.53877	141.55711	0	0.0	3	2.3	197
2024/05/12	01:40:02	40.53872	141.55725	2	0.0	4	2.2	240
2024/05/12	01:41:01	40.53882	141.55723	8	0.0	4	2.2	223
2024/05/12	01:42:01	40.53853	141.55744	-20	0.0	4	2.2	254
2024/05/12	01:43:02	40.53871	141.55724	6	0.0	4	2.2	220
2024/05/12	01:44:01	40.53872	141.55732	-2	0.0	3	2.3	228
2024/05/12	01:45:02	40.53883	141.55732	2	0.0	3	2.3	220
2024/05/12	01:46:01	40.53867	141.55735	-6	0.0	4	2.2	215
2024/05/12	01:47:01	40.53888	141.55719	4	0.0	4	2.2	264
2024/05/12	01:48:01	40.53887	141.55627	-10	18.5	5	1.4	275
2024/05/12	01:49:08	40.53864	141.55636	-2	0.0	6	1.3	269
2024/05/12	01:50:08	40.53869	141.55630	-14	0.0	6	1.3	264
2024/05/12	01:51:14	40.53867	141.55633	-4	0.0	5	2.1	278
2024/05/12	01:52:03	40.53896	141.55627	-26	0.0	4	3.1	284
2024/05/12	01:53:03	40.53911	141.55620	-48	0.0	3	5.4	288
2024/05/12	01:54:05	40.53857	141.55630	-6	0.0	4	3.1	267
2024/05/12	01:55:03	40.53837	141.55662	0	0.0	3	5.4	288
2024/05/12	01:56:03	40.53874	141.55633	-4	0.0	4	3.1	286
2024/05/12	01:57:02	40.53891	141.55603	-48	0.0	3	5.3	294
2024/05/12	01:58:02	40.53867	141.55634	-10	0.0	5	2.1	291
2024/05/12	01:59:01	40.53855	141.55657	8	0.0	3	4.0	287
2024/05/12	02:00:03	40.53887	141.55629	-18	0.0	3	10.0	264
2024/05/12	02:01:03	40.53867	141.55657	16	0.0	3	9.3	277
2024/05/12	02:02:06	40.53861	141.55641	2	0.0	4	2.4	259
2024/05/12	02:03:02	40.53902	141.55627	-36	0.0	3	8.0	283
2024/05/12	02:04:04	40.53903	141.55617	-38	0.0	2	7.1	269
2024/05/12	02:05:21	40.53871	141.55632	-4	0.0	5	2.4	262
2024/05/12	02:06:01	40.53878	141.55625	-26	0.0	3	7.3	255
2024/05/12	02:07:02	40.53876	141.55632	-14	0.0	3	7.3	262
2024/05/12	02:08:02	40.53882	141.55627	-0	0.0	3	7.2	261
2024/05/12	02:09:02	40.53891	141.55623	-22	0.0	3	7.2	257
2024/05/12	02:10:02	40.53866	141.55634	-0	0.0	4	3.0	291
2024/05/12	02:11:04	40.53859	141.55635	-22	0.0	3	7.1	260
2024/05/12	02:12:03	40.53871	141.55630	0	0.0	3	7.0	281
2024/05/12	02:13:02	40.53897	141.55630	-24	0.0	3	8.0	276
2024/05/12	02:14:03	40.53851	141.55623	16	0.0	4	3.1	260
2024/05/12	02:15:03	40.53884	141.55630	-22	0.0	3	7.3	275
2024/05/12	02:16:04	40.53855	141.55636	10	0.0	3	6.4	260
2024/05/12	02:17:04	40.53879	141.55625	-18	0.0	3	6.3	254
2024/05/12	02:18:02	40.53856	141.55599	50	0.0	3	4.1	175
2024/05/12	02:19:06	40.53877	141.55623	-12	0.0	3	7.0	244
2024/05/12	02:20:04	40.53896	141.55618	-44	0.0	3	7.0	256
2024/05/12	02:21:04	40.53881	141.55630	-30	0.0	3	6.1	283
2024/05/12	02:22:02	40.53872	141.55626	-34	0.0	3	6.3	294
2024/05/12	02:23:03	40.53891	141.55623	-24	0.0	3	6.1	254
2024/05/12	02:24:04	40.53865	141.55624	2	0.0	4	3.2	244
2024/05/12	02:25:05	40.53865	141.55629	6	0.0	3	6.0	283
2024/05/12	02:26:02	40.53903	141.55632	-66	0.0	3	6.1	284
2024/05/12	02:27:04	40.53889	141.55631	-24	0.0	4	3.3	278
2024/05/12	02:28:01	40.53863	141.55633	-0	0.0	3	5.4	295
2024/05/12	02:29:02	40.53894	141.55627	-22	0.0	4	3.3	299
2024/05/12	02:30:02	40.53903	141.55639	-52	0.0	4	3.3	267
2024/05/12	02:31:02	40.53893	141.55620	-58	0.0	2	5.4	261
2024/05/12	02:32:13	40.53871	141.55624	-18	0.0	3	5.4	255
2024/05/12	02:33:03	40.53879	141.55632	-8	0.0	4	3.4	282
2024/05/12	02:34:03	40.53875	141.55618	-30	0.0	3	5.3	287
2024/05/12	02:35:02	40.53849	141.55629	22	0.0	3	5.1	286
2024/05/12	02:36:02	40.53881	141.55628	-14	0.0	3	5.2	291
2024/05/12	02:37:02	40.53871	141.55631	2	0.0	3	5.2	284
2024/05/12	02:38:03	40.53869	141.55633	-0	0.0	2	5.3	279
2024/05/12	02:39:05	40.53867	141.55639	16	0.0	3	5.0	293
2024/05/12	02:40:03	40.53897	141.55723	-38	0.0	3	5.0	233
2024/05/12	02:41:03	40.53870	141.55643	14	0.0	3	5.0	262
2024/05/12	02:42:04	40.53894	141.55636	-20	0.0	4	3.4	265
2024/05/12	02:43:03	40.53899	141.55642	-22	0.0	3	4.4	261
2024/05/12	02:44:04	40.53877	141.55643	10	0.0	3	4.4	268
2024/05/12	02:45:08	40.53863	141.55644	8	0.0	3	4.4	247
2024/05/12	02:46:01	40.53890	141.55644	6	0.0	2	5.3	270
2024/05/12	02:47:04	40.53883	141.55538	-10	29.6	3	4.3	243
2024/05/12	02:48:02	40.53863	141.54987	6	29.6	4	4.0	284
2024/05/12	02:49:03	40.53836	141.54389	-4	59.3	3	4.2	291
2024/05/12	02:50:02	40.54102	141.53819	-16	37.0	4	4.0	292
2024/05/12	02:51:03	40.54461	141.53174	-26	44.4	3	4.3	306
2024/05/12	02:52:04	40.54698	141.52540	12	37.0	3	4.2	252
2024/05/12	02:53:11	40.54614	141.51785	14	29.6	3	4.2	258
2024/05/12	02:54:03	40.54640	141.51609	-14	0.0	2	18.2	233
2024/05/12	02:55:04	40.54561	141.51294	-4	33.3	3	4.2	255
2024/05/12	02:56:07	40.54366	141.50699	14	29.6	3	4.2	246
2024/05/12	02:57:35	40.54248	141.50471	-8	0.0	6	1.0	244
2024/05/12	02:58:00	40.54253	141.50466	22	0.0	4	1.2	178
2024/05/12	02:59:02	40.54251	141.50473	10	0.0	4	1.2	237
2024/05/12	03:00:01	40.54241	141.50484	-44	0.0	4	2.1	185
2024/05/12	03:01:00	40.54245	141.50493	-38	0.0	4	2.0	236
2024/05/12	03:02:01	40.54244	141.50478	-2	0.0	5	1.1	219
2024/05/12	03:03:00	40.54234	141.50488	-56	11.1	4	1.3	176
2024/05/12	03:04:02	40.54258	141.50502	-8	0.0	6	1.1	252
2024/05/12	03:05:02	40.54232	141.50656	18	3.7	6	1.1	278
2024/05/12	03:06:01	40.54300	141.50724	-6	48.2	6	1.1	249
2024/05/12	03:07:01	40.54718	141.51433	6	48.2	6	1.0	256
2024/05/12	03:08:00	40.54698	141.51508	16	0.0	4	1.4	214
2024/05/12	03:09:01	40.54702	141.51501	22	0.0	3	1.4	248
2024/05/12	03:10:00	40.54703	141.51476	-84	0.0	4	1.4	162
2024/05/12	03:11:00	40.54699	141.51498	-6	0.0	3	1.4	208
2024/05/12	03:12:00	40.54690	141.51524	-70	3.7	4	2.0	214
2024/05/12	03:13:01	40.54705	141.51505	-50	0.0	3	1.4	189
2024/05/12	03:14:01	40.54708	141.51497	6	0.0	4	1.2	210
2024/05/12	03:15:02	40.54706	141.51508	-10	0.0	6	1.1	284
2024/05/12	03:16:01	40.54715	141.51504	-12	0.0	5	1.3	264
2024/05/12	03:17:03	40.54709	141.51504	-2	0.0	5	1.3	230
2024/05/12	03:18:01	40.54716	141.51498	-22	0.0	6	1.1	240
2024/05/12	03:19:02	40.54702	141.51495	-26	0.0	6	1.1	268
2024/05/12	03:20:01	40.54709	141.51494	-28	0.0	4	1.4	258
2024/05/12	03:21:00	40.54715	141.51505	34	0.0	3	2.0	144
2024/05/12	03:22:00	40.54710	141.51504	-74	0.0	5	1.3	183
2024/05/12	03:23:00	40.54723	141.51515	34	0.0	3	2.1	211
2024/05/12	03:24:00	40.54686	141.51489	-96	0.0	3	2.1	154
2024/05/12	03:25:02	40.54719	141.51508	84	0.0	4	1.4	254
2024/05/12	03:26:01	40.54701	141.51488	-90	0.0	3	2.1	179
2024/05/12	03:27:01	40.54697	141.51502	-96	0.0	3	2.1	129
2024/05/12	03:28:01	40.54702	141.51503	-12	0.0	3	1.4	159
2024/05/12	03:29:01	40.54700	141.51500	-78	0.0	4	1.3	217
2024/05/12	03:30:01	40.54716	141.51501	58	0.0	5	1.2	238
2024/05/12	03:31:01	40.54718	141.51510	40	0.0	5	1.2	214
2024/05/12	03:32:01	40.54721	141.51507	48	0.0	5	1.3	256
2024/05/12	03:33:01	40.54718	141.51508	4	0.0	2	2.4	120
2024/05/12	03:34:01	40.54711	141.51505	-34	0.0	3	1.4	270
2024/05/12	03:35:01	40.54695	141.51506	-40	0.0	5	2.1	212
2024/05/12	03:36:01	40.54719	141.51509	66	0.0	3	2.2	185
2024/05/12	03:37:01	40.54718	141.51507	22	0.0	3	2.2	208
2024/05/12	03:38:01	40.54710	141.51501	14	0.0	4	2.1	173
2024/05/12	03:39:01	40.54704	141.51503	-48	0.0	5	1.3	181
2024/05/12	03:40:01	40.54713	141.51506	6	0.0	4	2.0	231
2024/05/12	03:41:01	40.54711	141.51504	-10	0.0	3	2.2	120
2024/05/12	03:42:01	40.54715	141.51522	-4	0.0	3	1.4	211
2024/05/12	03:43:01	40.54713	141.51498	-4	0.0	3	1.4	210
2024/05/12	03:44:01	40.54717	141.51500	16	0.0	4	1.3	242
2024/05/12	03:45:01	40.54709	141.51501	-10	0.0	5	1.1	232
2024/05/12	03:46:01	40.54711	141.51503	22	0.0	5	1.2	209
2024/05/12	03:47:01	40.54710	141.51507	-10	0.0	5	1.2	235
2024/05/12	03:48:01	40.54710	141.51497	-38	0.0	2	2.1	149
2024/05/12	03:49:02	40.54706	141.51478	102	0.0	3	4.1	285
2024/05/12	03:50:03	40.54708	141.51497	-20	0.0	4	1.3	296
2024/05/12	03:51:00	40.54704	141.51511	-0	0.0	3	1.4	229
2024/05/12	03:52:01	40.54712	141.51495	-22	0.0	6	1.1	265
2024/05/12	03:53:00	40.54716	141.51500	4	0.0	3	1.4	256
2024/05/12	03:54:00	40.54708	141.51510	-32	0.0	4	2.3	264
2024/05/12	03:55:00	40.54707	141.51503	10	0.0	3	1.4	267
2024/05/12	03:56:02	40.54714	141.51522	86	0.0	4	1.4	225
2024/05/12	03:57:01	40.54710	141.51500	-18	0.0	4	1.3	259
2024/05/12	03:58:00	40.54697	141.51517	-6	0.0	3	1.3	289
2024/05/12	03:59:01	40.54692	141.51509	-44	0.0	3	5.1	249
2024/05/12	04:00:01	40.54726	141.51512	30	0.0	3	3.1	227
2024/05/12	04:01:01	40.54711	141.51501	16	0.0	4	1.4	241
2024/05/12	04:02:01	40.54713	141.51514	6	0.0	4	1.4	293
2024/05/12	04:03:00	40.54702	141.51506	-58	0.0	4	1.4	301
2024/05/12	04:04:01	40.54702	141.51498	-24	0.0	4	1.4	242
2024/05/12	04:05:01	40.54706	141.51502	-8	0.0	4	1.4	236
2024/05/12	04:06:01	40.54720	141.51505	-10	0.0	4	1.4	247
2024/05/12	04:07:01	40.54693	141.51509	-28	0.0	4	2.0	266
2024/05/12	04:08:00	40.54705	141.51500	-0	0.0	4	2.0	307
2024/05/12	04:09:00	40.54738	141.51502	6	0.0	4	2.0	260
2024/05/12	04:10:02	40.54711	141.51501	-14	0.0	4	2.0	285
2024/05/12	04:11:02	40.54705	141.51507	6	0.0	4	2.0	284
2024/05/12	04:12:01	40.54707	141.51496	-2	0.0	4	2.0	260
2024/05/12	04:13:01	40.54718	141.51504	22	0.0	4	2.0	232
2024/05/12	04:14:01	40.54711	141.51509	-14	0.0	4	2.0	229
2024/05/12	04:15:01	40.54715	141.51508	-6	0.0	3	3.1	226
2024/05/12	04:16:00	40.54689	141.51514	18	0.0	4	2.1	273
2024/05/12	04:17:00	40.54717	141.51518	26	0.0	4	2.1	247
2024/05/12	04:18:01	40.54708	141.51505	-14	0.0	4	2.1	259
2024/05/12	04:19:01	40.54716	141.51500	-14	0.0	3	3.2	231
2024/05/12	04:20:02	40.54704	141.51512	36	0.0	3	3.3	224
2024/05/12	04:21:02	40.54707	141.51512	-16	0.0	3	3.2	236
2024/05/12	04:22:01	40.54685	141.51520	18	0.0	3	3.3	211
2024/05/12	04:23:03	40.54698	141.51513	14	0.0	4	2.2	250
2024/05/12	04:24:01	40.54709	141.51505	10	0.0	4	2.2	241
2024/05/12	04:25:01	40.54708	141.51503	-2	0.0	4	2.3	244
2024/05/12	04:26:01	40.54697	141.51509	14	0.0	4	2.3	243
2024/05/12	04:27:01	40.54714	141.51503	-14	0.0	4	2.3	261
2024/05/12	04:28:01	40.54721	141.51500	2	0.0	4	2.4	264
2024/05/12	04:29:00	40.54683	141.51518	-0	0.0	4	2.4	234
2024/05/12	04:30:02	40.54696	141.51520	16	0.0	3	3.4	228
2024/05/12	04:31:02	40.54722	141.51505	-10	0.0	4	3.0	235
2024/05/12	04:32:02	40.54721	141.51503	-16	0.0	3	5.1	258
2024/05/12	04:33:01	40.54736	141.51493	-14	0.0	3	5.2	294
2024/05/12	04:34:02	40.54725	141.51496	-12	0.0	3	5.4	287
2024/05/12	04:35:01	40.54711	141.51519	24	0.0	3	6.1	282
2024/05/12	04:36:02	40.54689	141.51517	6	0.0	3	6.3	265
2024/05/12	04:37:02	40.54755	141.51475	-30	0.0	3	7.0	259
2024/05/12	04:38:01	40.54714	141.51497	-4	0.0	4	3.4	293
2024/05/12	04:39:02	40.54720	141.51506	-16	0.0	3	8.1	259
2024/05/12	04:40:02	40.54740	141.51496	0	0.0	3	8.4	256
2024/05/12	04:41:02	40.54693	141.51516	0	0.0	3	9.4	261
2024/05/12	04:42:02	40.54697	141.51503	20	0.0	3	7.0	260
2024/05/12	04:43:02	40.54812	141.51438	-76	0.0	3	12.2	285
2024/05/12	04:44:02	40.54728	141.51485	-4	0.0	4	4.4	258
2024/05/12	04:45:01	40.54720	141.51483	-8	0.0	4	4.4	237
2024/05/12	04:46:02	40.54735	141.51482	-10	0.0	4	5.0	264
2024/05/12	04:47:02	40.54736	141.51477	-18	0.0	4	5.1	269
2024/05/12	04:48:02	40.54691	141.51507	24	0.0	4	5.2	261
2024/05/12	04:49:03	40.54779	141.51436	-72	0.0	4	5.2	257
2024/05/12	04:50:06	40.54772	141.51448	-38	0.0	4	5.3	244
2024/05/12	04:51:02	40.54727	141.51474	-20	0.0	4	5.4	254
2024/05/12	04:52:01	40.54707	141.51498	36	0.0	4	5.4	239
2024/05/12	04:53:03	40.54724	141.51487	-4	0.0	4	5.4	260
2024/05/12	04:54:02	40.54638	141.51569	94	7.4	4	6.0	257
2024/05/12	04:55:02	40.54710	141.51495	0	0.0	4	6.0	260
2024/05/12	04:56:03	40.54706	141.51502	16	0.0	4	6.0	264
2024/05/12	04:57:03	40.54719	141.51488	-6	0.0	4	5.4	266
2024/05/12	04:58:02	40.54709	141.51497	0	0.0	3	12.4	266
2024/05/12	04:59:01	40.54654	141.51554	76	0.0	4	5.4	262
2024/05/12	05:00:02	40.54717	141.51490	-4	0.0	4	5.3	264
2024/05/12	05:01:02	40.54708	141.51496	4	0.0	4	5.3	255
2024/05/12	05:02:01	40.54707	141.51499	4	0.0	4	5.2	253
2024/05/12	05:03:02	40.54764	141.51448	-66	0.0	4	5.1	277
2024/05/12	05:04:02	40.54732	141.51491	0	0.0	3	7.1	277
2024/05/12	05:05:03	40.54701	141.51509	2	0.0	4	5.0	250
2024/05/12	05:06:02	40.54759	141.51438	-56	0.0	3	8.2	281
2024/05/12	05:07:03	40.54669	141.51533	46	0.0	4	4.3	244
2024/05/12	05:08:02	40.54969	141.51556	-44	48.2	3	5.3	285
2024/05/12	05:09:03	40.55663	141.51578	30	40.7	3	5.2	284
2024/05/12	05:10:07	40.55673	141.51537	-24	0.0	3	5.0	233
2024/05/12	05:11:01	40.55649	141.51557	2	0.0	3	4.4	232
2024/05/12	05:12:02	40.55672	141.51544	-10	0.0	4	4.0	260
2024/05/12	05:13:02	40.55663	141.51556	-6	0.0	3	4.2	234
2024/05/12	05:14:02	40.55657	141.51555	-6	0.0	3	5.1	283
2024/05/12	05:15:02	40.55653	141.51562	8	0.0	4	3.4	260
2024/05/12	05:16:03	40.55665	141.51554	-4	0.0	3	4.4	253
2024/05/12	05:17:02	40.55659	141.51557	6	0.0	4	3.3	253
2024/05/12	05:18:01	40.55668	141.51550	-0	0.0	3	3.4	263
2024/05/12	05:19:01	40.55651	141.51567	6	0.0	3	3.3	256
2024/05/12	05:20:02	40.55662	141.51550	-0	0.0	3	3.3	252
2024/05/12	05:21:02	40.55641	141.51573	-2	0.0	4	3.1	253
2024/05/12	05:22:01	40.55682	141.51533	-22	0.0	3	4.2	244
2024/05/12	05:23:04	40.55650	141.51569	-18	0.0	4	3.0	240
2024/05/12	05:24:03	40.55650	141.51568	2	0.0	3	3.1	246
2024/05/12	05:25:02	40.55660	141.51552	4	0.0	3	3.0	246
2024/05/12	05:26:02	40.55643	141.51604	0	0.0	3	3.0	273
2024/05/12	05:27:02	40.55650	141.51597	-2	0.0	3	4.1	258
2024/05/12	05:28:02	40.55662	141.51573	-0	0.0	3	4.1	258
2024/05/12	05:29:05	40.55655	141.51584	-14	0.0	3	2.4	248
2024/05/12	05:30:03	40.55650	141.51591	-4	0.0	4	2.3	255
2024/05/12	05:31:02	40.55646	141.51598	0	0.0	3	4.1	243
2024/05/12	05:32:01	40.55654	141.51593	-12	0.0	4	2.3	261
2024/05/12	05:33:03	40.55659	141.51585	-16	0.0	4	2.3	254
2024/05/12	05:34:03	40.55654	141.51592	-6	0.0	4	2.3	259
2024/05/12	05:35:03	40.55657	141.51574	-6	0.0	3	2.3	247
2024/05/12	05:36:03	40.55647	141.51599	4	0.0	3	2.3	254
2024/05/12	05:37:01	40.55647	141.51584	-4	0.0	3	2.2	280
2024/05/12	05:38:01	40.55664	141.51579	-2	0.0	2	2.3	252
2024/05/12	05:39:02	40.55644	141.51600	-4	0.0	2	2.3	264
2024/05/12	05:40:01	40.55650	141.51588	-2	0.0	3	2.3	325
2024/05/12	05:41:03	40.55648	141.51593	-2	0.0	4	2.1	267
2024/05/12	05:42:02	40.55664	141.51588	-12	0.0	4	2.1	267
2024/05/12	05:43:03	40.55654	141.51589	-10	0.0	4	2.1	267
2024/05/12	05:44:01	40.55647	141.51599	-12	0.0	4	2.1	262
2024/05/12	05:45:01	40.55648	141.51604	16	0.0	3	2.1	263
2024/05/12	05:46:02	40.55663	141.51579	-18	0.0	3	2.3	265
2024/05/12	05:47:03	40.55654	141.51583	-6	0.0	4	2.1	264
2024/05/12	05:48:03	40.55655	141.51580	-16	0.0	4	2.1	261
2024/05/12	05:49:03	40.55658	141.51587	-4	0.0	4	2.0	262
2024/05/12	05:50:01	40.55654	141.51587	-8	0.0	2	2.2	260
2024/05/12	05:51:03	40.55650	141.51567	-12	0.0	2	2.2	268
2024/05/12	05:52:02	40.55659	141.51578	-18	0.0	4	2.0	263
2024/05/12	05:53:03	40.55662	141.51588	-8	0.0	3	2.0	265
2024/05/12	05:54:02	40.55665	141.51583	-14	0.0	3	2.0	265
2024/05/12	05:55:02	40.55654	141.51605	10	0.0	3	2.0	257
2024/05/12	05:56:02	40.55649	141.51605	12	0.0	2	2.2	266
2024/05/12	05:57:05	40.55647	141.51597	-2	0.0	3	2.0	248
2024/05/12	05:58:03	40.55652	141.51588	0	0.0	3	2.0	257
2024/05/12	05:59:03	40.55651	141.51594	-12	0.0	3	2.0	263
2024/05/12	06:00:34	40.55656	141.51589	-2	0.0	7	1.0	266
2024/05/12	06:01:00	40.55648	141.51589	-26	0.0	4	1.2	268
2024/05/12	06:02:01	40.55658	141.51587	-2	0.0	7	1.1	274
2024/05/12	06:03:00	40.55658	141.51586	10	0.0	5	1.1	270
2024/05/12	06:04:00	40.55655	141.51599	-4	0.0	5	1.2	234
2024/05/12	06:05:00	40.55662	141.51586	-20	0.0	4	1.3	272
2024/05/12	06:06:00	40.55638	141.51562	-4	0.0	5	2.4	268
2024/05/12	06:07:01	40.55663	141.51599	-12	0.0	5	2.2	252
2024/05/12	06:08:01	40.55673	141.51631	54	7.4	3	6.3	226
2024/05/12	06:09:01	40.56099	141.51992	6	48.2	3	1.2	193
2024/05/12	06:10:02	40.56877	141.52090	28	48.2	6	1.1	279
2024/05/12	06:11:02	40.57506	141.52563	16	44.4	5	3.0	261
2024/05/12	06:12:02	40.58095	141.52942	0	48.2	6	1.3	279
2024/05/12	06:13:01	40.58835	141.53237	-2	51.9	6	1.2	255
2024/05/12	06:14:01	40.59600	141.53522	4	51.9	6	1.1	258
2024/05/12	06:15:00	40.60415	141.53618	48	51.9	3	2.0	229
2024/05/12	06:16:01	40.61253	141.53709	34	59.3	7	1.0	264
2024/05/12	06:17:00	40.61979	141.53707	-10	44.4	5	1.3	232
2024/05/12	06:18:01	40.62690	141.53827	-14	48.2	6	1.2	263
2024/05/12	06:19:01	40.63027	141.54078	-10	0.0	5	1.1	261
2024/05/12	06:20:00	40.63038	141.54083	-38	0.0	5	2.4	263
2024/05/12	06:21:00	40.63055	141.54056	-24	0.0	4	2.2	239
2024/05/12	06:22:01	40.63079	141.54049	-0	0.0	7	1.0	240
2024/05/12	06:23:00	40.63094	141.54043	-28	0.0	4	2.2	262
2024/05/12	06:24:02	40.63176	141.54225	-30	29.6	5	2.0	249
2024/05/12	06:25:00	40.63693	141.54584	26	29.6	5	2.1	252
2024/05/12	06:26:01	40.64190	141.54952	-4	48.2	4	1.4	220
2024/05/12	06:27:01	40.64789	141.55240	16	25.9	6	1.1	247
2024/05/12	06:28:01	40.64794	141.55391	-16	0.0	6	1.2	253
2024/05/12	06:29:00	40.64804	141.55402	14	0.0	5	1.2	260
2024/05/12	06:30:00	40.64804	141.55394	-18	0.0	5	1.1	260
2024/05/12	06:31:00	40.64812	141.55406	-26	0.0	4	2.3	258
2024/05/12	06:32:00	40.64806	141.55417	-26	0.0	5	2.2	267
2024/05/12	06:33:00	40.64803	141.55413	-40	0.0	5	1.2	258
2024/05/12	06:34:01	40.64807	141.55419	-6	0.0	5	2.1	258
2024/05/12	06:35:01	40.64803	141.55424	-0	0.0	4	1.2	215
2024/05/12	06:36:00	40.64780	141.55405	-18	3.7	3	2.4	158
2024/05/12	06:37:01	40.64815	141.55434	-6	0.0	5	1.1	262
2024/05/12	06:38:01	40.64823	141.55430	22	0.0	3	2.4	261
2024/05/12	06:39:00	40.64816	141.55436	18	0.0	4	2.2	206
2024/05/12	06:40:00	40.64832	141.55445	-12	0.0	4	1.1	173
2024/05/12	06:41:00	40.64829	141.55450	6	0.0	4	2.0	235
2024/05/12	06:42:00	40.64833	141.55469	-0	0.0	4	2.2	259
2024/05/12	06:43:00	40.64849	141.55463	8	0.0	4	2.0	234
2024/05/12	06:44:01	40.64864	141.55473	-8	0.0	5	1.1	232
2024/05/12	06:45:01	40.64862	141.55483	-28	0.0	4	2.1	231
2024/05/12	06:46:00	40.64877	141.55508	-58	0.0	4	2.1	235
2024/05/12	06:47:00	40.64860	141.55469	86	0.0	3	2.4	219
2024/05/12	06:48:00	40.64876	141.55518	-20	0.0	4	2.1	234
2024/05/12	06:49:00	40.64889	141.55525	16	0.0	4	2.2	228
2024/05/12	06:50:00	40.64888	141.55517	28	0.0	3	2.4	235
2024/05/12	06:51:00	40.64925	141.55575	-106	0.0	3	2.2	229
2024/05/12	06:52:01	40.64930	141.55520	2	0.0	5	1.1	266
2024/05/12	06:53:00	40.64964	141.55525	-0	0.0	3	2.3	206
2024/05/12	06:54:00	40.64968	141.55502	-10	0.0	5	1.1	256
2024/05/12	06:55:00	40.64986	141.55501	-16	0.0	4	2.3	177
2024/05/12	06:56:00	40.65154	141.55625	-30	44.4	4	1.4	173
2024/05/12	06:57:01	40.65750	141.55893	-14	40.7	5	1.4	246
2024/05/12	06:58:01	40.66233	141.56084	-8	0.0	6	1.0	258
2024/05/12	06:59:00	40.66265	141.56081	0	7.4	4	2.4	263
2024/05/12	07:00:00	40.66265	141.56102	8	0.0	6	1.0	239
2024/05/12	07:01:00	40.66270	141.56121	38	0.0	4	1.4	236
2024/05/12	07:02:00	40.66287	141.56117	-36	0.0	4	1.3	260
2024/05/12	07:03:00	40.66319	141.56149	28	0.0	3	2.0	179
2024/05/12	07:04:01	40.66341	141.56114	8	0.0	5	1.2	257
2024/05/12	07:05:00	40.66346	141.56134	36	0.0	4	1.4	233
2024/05/12	07:06:01	40.66379	141.56118	-22	0.0	5	1.1	225
2024/05/12	07:07:01	40.66404	141.56117	-30	0.0	5	1.1	248
2024/05/12	07:08:00	40.66424	141.56146	-32	0.0	5	1.3	236
2024/05/12	07:09:00	40.66426	141.56153	-6	0.0	5	1.1	180
2024/05/12	07:10:00	40.66442	141.56140	-0	0.0	4	1.4	184
2024/05/12	07:11:01	40.66448	141.56159	10	0.0	5	1.1	230
2024/05/12	07:12:01	40.66475	141.56157	-2	3.7	5	1.0	270
2024/05/12	07:13:00	40.66485	141.56140	2	0.0	4	1.3	177
2024/05/12	07:14:00	40.66497	141.56135	-22	0.0	4	1.2	175
2024/05/12	07:15:00	40.66513	141.56099	-0	0.0	5	1.2	240
2024/05/12	07:16:01	40.66534	141.56080	-4	0.0	5	1.1	268
2024/05/12	07:17:01	40.66531	141.56065	-10	0.0	4	1.2	246
2024/05/12	07:18:00	40.66551	141.56061	-4	0.0	4	1.2	232
2024/05/12	07:19:00	40.66569	141.56035	-8	0.0	4	1.2	176
2024/05/12	07:20:00	40.66576	141.56041	0	0.0	5	1.4	211
2024/05/12	07:21:00	40.66595	141.56023	10	0.0	3	1.4	265
2024/05/12	07:22:00	40.66615	141.56044	10	0.0	4	1.2	232
2024/05/12	07:23:01	40.66635	141.56029	4	0.0	4	1.2	241
2024/05/12	07:24:01	40.66644	141.56050	16	0.0	3	1.2	200
2024/05/12	07:25:01	40.66648	141.56007	24	7.4	3	2.3	180
2024/05/12	07:26:01	40.66691	141.56040	-12	0.0	4	1.2	202
2024/05/12	07:27:01	40.66699	141.56036	4	0.0	5	1.2	235
2024/05/12	07:28:00	40.66730	141.56040	-68	0.0	3	2.3	244
2024/05/12	07:29:00	40.66727	141.56053	-12	3.7	3	2.0	176
2024/05/12	07:30:01	40.66734	141.56050	-2	0.0	6	1.0	255
2024/05/12	07:31:00	40.66759	141.56039	60	3.7	3	2.0	249
2024/05/12	07:32:00	40.66735	141.56074	34	3.7	3	2.0	209
2024/05/12	07:33:00	40.66749	141.56081	-12	7.4	4	2.1	247
2024/05/12	07:34:00	40.66755	141.56089	48	0.0	3	1.4	212
2024/05/12	07:35:01	40.66772	141.56108	-6	0.0	5	1.2	258
2024/05/12	07:36:01	40.66788	141.56122	-0	0.0	5	1.2	258
2024/05/12	07:37:00	40.66805	141.56142	20	0.0	3	1.4	256
2024/05/12	07:38:01	40.66824	141.56151	-4	0.0	5	1.2	262
2024/05/12	07:39:01	40.66845	141.56160	0	0.0	6	1.0	258
2024/05/12	07:40:00	40.66858	141.56171	-48	3.7	4	2.1	263
2024/05/12	07:41:00	40.66856	141.56185	0	0.0	3	2.0	255
2024/05/12	07:42:00	40.66871	141.56195	70	3.7	3	2.0	203
2024/05/12	07:43:00	40.66894	141.56217	-26	0.0	3	2.2	209
2024/05/12	07:44:00	40.66920	141.56259	42	0.0	3	2.2	214
2024/05/12	07:45:01	40.66936	141.56231	4	0.0	3	1.4	255
2024/05/12	07:46:01	40.66957	141.56242	12	0.0	4	1.3	226
2024/05/12	07:47:01	40.66965	141.56255	-48	0.0	3	1.4	174
2024/05/12	07:48:01	40.66990	141.56272	-8	0.0	4	1.4	182
2024/05/12	07:49:01	40.67015	141.56275	-42	0.0	3	2.0	227
2024/05/12	07:50:01	40.67007	141.56283	-0	0.0	4	1.3	224
2024/05/12	07:51:00	40.67020	141.56273	-12	0.0	3	2.0	239
2024/05/12	07:52:00	40.67043	141.56304	20	0.0	3	1.4	232
2024/05/12	07:53:00	40.67046	141.56328	0	0.0	3	2.0	232
2024/05/12	07:54:01	40.67060	141.56323	-6	0.0	4	1.4	277
2024/05/12	07:55:01	40.67076	141.56355	-0	0.0	5	1.3	272
2024/05/12	07:56:02	40.67086	141.56355	-18	0.0	4	1.4	256
2024/05/12	07:57:01	40.67093	141.56376	0	0.0	4	2.0	265
2024/05/12	07:58:01	40.67111	141.56375	-26	0.0	3	2.0	250
2024/05/12	07:59:00	40.67131	141.56396	-16	0.0	3	2.0	144
2024/05/12	08:00:01	40.67155	141.56416	-40	0.0	4	2.1	249
2024/05/12	08:01:00	40.67146	141.56455	10	0.0	3	2.2	203
2024/05/12	08:02:00	40.67167	141.56478	-20	0.0	3	2.2	202
2024/05/12	08:03:00	40.67190	141.56465	-46	3.7	3	2.2	206
2024/05/12	08:04:00	40.67184	141.56485	24	0.0	3	2.2	237
2024/05/12	08:05:00	40.67192	141.56549	10	0.0	3	2.2	202
2024/05/12	08:06:01	40.67217	141.56531	-30	0.0	3	2.2	204
2024/05/12	08:07:02	40.67234	141.56568	-16	0.0	3	2.2	278
2024/05/12	08:08:01	40.67247	141.56576	-16	0.0	3	2.2	273
2024/05/12	08:09:01	40.67267	141.56569	-34	0.0	3	2.2	207
2024/05/12	08:10:02	40.67366	141.56694	-36	44.4	2	2.3	275
2024/05/12	08:11:02	40.67691	141.56732	-4	48.2	3	4.0	175
2024/05/12	08:12:02	40.68240	141.56354	52	37.0	3	4.0	306
2024/05/12	08:13:02	40.68861	141.56456	4	40.7	4	2.0	222
2024/05/12	08:14:02	40.68969	141.56549	-0	0.0	3	3.4	264
2024/05/12	08:15:00	40.68984	141.56548	-6	0.0	3	2.2	214
2024/05/12	08:16:01	40.69003	141.56560	6	0.0	3	2.2	253
2024/05/12	08:17:01	40.69025	141.56570	-28	0.0	3	2.2	279
2024/05/12	08:18:00	40.69063	141.56577	-36	0.0	3	2.2	211
2024/05/12	08:19:02	40.69059	141.56554	4	3.7	3	2.2	228
2024/05/12	08:20:01	40.69073	141.56564	-12	0.0	3	2.2	224
2024/05/12	08:21:02	40.69089	141.56600	-16	0.0	3	2.2	257
2024/05/12	08:22:01	40.69085	141.56593	0	0.0	3	2.2	206
2024/05/12	08:23:01	40.69104	141.56625	-26	0.0	3	2.2	232
2024/05/12	08:24:03	40.69105	141.56644	-2	3.7	3	2.2	248
2024/05/12	08:25:02	40.69097	141.56636	6	0.0	3	2.2	253
2024/05/12	08:26:02	40.69112	141.56648	-14	0.0	3	2.2	237
2024/05/12	08:27:01	40.69107	141.56682	22	0.0	3	2.2	234
2024/05/12	08:28:02	40.69139	141.56654	-24	0.0	3	2.2	264
2024/05/12	08:29:02	40.69141	141.56689	-0	0.0	3	2.2	264
2024/05/12	08:30:01	40.69144	141.56704	-4	0.0	3	2.2	262
2024/05/12	08:31:01	40.69166	141.56693	-38	0.0	3	2.2	234
2024/05/12	08:32:01	40.69158	141.56704	-28	0.0	3	2.2	266
2024/05/12	08:33:01	40.69178	141.56742	-14	3.7	3	2.2	273
2024/05/12	08:34:02	40.69185	141.56750	4	0.0	3	2.2	237
2024/05/12	08:35:01	40.69207	141.56758	-24	0.0	3	2.2	264
2024/05/12	08:36:01	40.69209	141.56781	-26	0.0	3	2.2	228
2024/05/12	08:37:01	40.69231	141.56802	-16	0.0	3	2.2	258
2024/05/12	08:38:03	40.69235	141.56827	-4	0.0	3	2.2	256
2024/05/12	08:39:03	40.69243	141.56854	6	7.4	3	2.2	263
2024/05/12	08:40:02	40.69771	141.57154	8	44.4	3	2.2	258
2024/05/12	08:41:02	40.70395	141.57519	34	44.4	3	2.2	200
2024/05/12	08:42:02	40.71139	141.57952	8	55.6	3	2.2	258
2024/05/12	08:43:02	40.71978	141.58406	20	59.3	3	2.2	260
2024/05/12	08:44:04	40.72923	141.58726	24	63.0	3	2.2	260
2024/05/12	08:45:00	40.73826	141.58958	10	63.0	3	2.3	257
2024/05/12	08:46:01	40.74816	141.59140	26	63.0	3	2.3	228
2024/05/12	08:47:04	40.75846	141.59143	62	63.0	3	2.3	244
2024/05/12	08:48:01	40.76759	141.59052	62	59.3	2	2.3	229
2024/05/12	08:49:05	40.77440	141.58749	-8	51.9	3	2.3	244
2024/05/12	08:50:01	40.77484	141.58763	-6	0.0	2	2.3	259
2024/05/12	08:51:06	40.78064	141.58304	2	51.9	3	2.3	246
2024/05/12	08:52:02	40.78588	141.57653	0	48.2	2	2.3	249
2024/05/12	08:53:05	40.78585	141.57601	-30	0.0	3	2.3	254
2024/05/12	08:54:03	40.78571	141.57602	-28	0.0	2	2.3	265
2024/05/12	08:55:04	40.78569	141.57602	-30	0.0	2	2.3	240
2024/05/12	08:56:03	40.78581	141.57635	-30	3.7	2	2.3	261
2024/05/12	08:57:03	40.78575	141.57643	-32	3.7	2	2.4	252
2024/05/12	08:58:29	40.78582	141.57688	-4	0.0	3	1.4	273
2024/05/12	08:59:02	40.78580	141.57696	26	0.0	3	1.4	238
2024/05/12	09:00:03	40.78582	141.57711	4	0.0	3	1.4	237
2024/05/12	09:01:03	40.78587	141.57728	2	0.0	3	1.4	238
2024/05/12	09:02:03	40.78584	141.57748	-4	0.0	3	1.4	239
2024/05/12	09:03:05	40.78585	141.57769	-10	0.0	3	1.4	236
2024/05/12	09:04:03	40.78592	141.57796	-2	3.7	3	1.4	240
2024/05/12	09:05:03	40.78586	141.57807	-2	0.0	3	1.4	238
2024/05/12	09:06:03	40.78582	141.57825	-8	0.0	3	1.4	240
2024/05/12	09:07:02	40.78587	141.57850	16	0.0	3	1.4	232
2024/05/12	09:08:04	40.78587	141.57869	-12	3.7	3	1.4	230
2024/05/12	09:09:04	40.78580	141.57888	-10	0.0	3	1.4	238
2024/05/12	09:10:02	40.78582	141.57910	-10	0.0	3	1.4	232
2024/05/12	09:11:02	40.78593	141.57930	0	0.0	3	1.4	239
2024/05/12	09:12:03	40.78586	141.57944	-6	0.0	3	1.4	238
2024/05/12	09:13:03	40.78604	141.57972	-2	0.0	3	1.4	237
2024/05/12	09:14:02	40.78594	141.57992	-6	0.0	3	1.4	240
2024/05/12	09:15:01	40.78590	141.58003	-2	0.0	3	1.4	245
2024/05/12	09:16:01	40.78598	141.58027	-26	0.0	3	1.4	242
2024/05/12	09:17:02	40.78607	141.58055	-8	0.0	3	1.4	240
2024/05/12	09:18:03	40.78594	141.58066	-4	0.0	3	1.4	238
2024/05/12	09:19:06	40.78595	141.58091	-8	0.0	3	1.4	259
2024/05/12	09:20:03	40.78589	141.58107	-12	0.0	3	1.4	237
2024/05/12	09:21:05	40.78595	141.58132	-6	3.7	3	1.4	237
2024/05/12	09:22:02	40.78587	141.58151	-26	0.0	3	1.4	239
2024/05/12	09:23:03	40.78595	141.58180	-4	0.0	3	2.0	239
2024/05/12	09:24:03	40.78595	141.58211	-6	0.0	3	2.0	238
2024/05/12	09:25:03	40.78601	141.58237	-6	0.0	3	2.0	246
2024/05/12	09:26:03	40.78590	141.58253	-4	0.0	3	2.0	241
2024/05/12	09:27:03	40.78585	141.58260	-18	0.0	3	2.0	241
2024/05/12	09:28:01	40.78596	141.58295	2	0.0	3	2.0	242
2024/05/12	09:29:02	40.78592	141.58314	-4	0.0	3	2.0	242
2024/05/12	09:30:01	40.78585	141.58312	-30	0.0	3	2.0	240
2024/05/12	09:31:01	40.78592	141.58344	4	0.0	3	2.0	208
2024/05/12	09:32:05	40.78593	141.58364	4	0.0	3	2.1	239
2024/05/12	09:33:01	40.78602	141.58366	2	0.0	2	1.4	224
2024/05/12	09:34:02	40.78598	141.58360	-16	0.0	3	2.1	234
2024/05/12	09:35:00	40.78609	141.58383	8	0.0	3	2.1	202
2024/05/12	09:36:03	40.78619	141.58378	-4	0.0	3	2.1	228
2024/05/12	09:37:03	40.78726	141.58076	32	40.7	3	2.1	224
2024/05/12	09:38:35	40.78713	141.57985	-4	0.0	6	1.1	260
2024/05/12	09:39:00	40.78712	141.57997	-24	0.0	4	1.4	240
2024/05/12	09:40:00	40.78724	141.58023	-16	0.0	3	1.3	241
2024/05/12	09:41:00	40.78721	141.58041	-4	0.0	5	1.2	270
2024/05/12	09:42:00	40.78722	141.58060	2	0.0	5	1.2	215
2024/05/12	09:43:00	40.78721	141.58086	-12	0.0	5	1.2	242
2024/05/12	09:44:00	40.78725	141.58107	24	0.0	3	1.3	216
2024/05/12	09:45:00	40.78723	141.58136	20	3.7	4	1.3	214
2024/05/12	09:46:01	40.78726	141.58155	-24	0.0	5	1.2	243
2024/05/12	09:47:00	40.78775	141.58172	-66	0.0	3	1.3	184
2024/05/12	09:48:01	40.78738	141.58193	10	0.0	4	1.3	292
2024/05/12	09:49:00	40.78751	141.58235	-10	0.0	3	1.4	269
2024/05/12	09:50:00	40.78757	141.58240	-46	0.0	3	1.3	270
2024/05/12	09:51:00	40.78750	141.58285	-10	0.0	5	1.2	267
2024/05/12	09:52:00	40.78748	141.58281	-90	0.0	3	1.4	270
2024/05/12	09:53:00	40.78766	141.58343	-8	0.0	5	1.2	270
2024/05/12	09:54:00	40.78755	141.58383	-26	0.0	5	1.2	271
2024/05/12	09:55:00	40.78759	141.58416	38	0.0	4	1.4	270
2024/05/12	09:56:00	40.78785	141.58458	16	0.0	5	1.2	274
2024/05/12	09:57:01	40.78794	141.58485	14	0.0	5	1.2	270
2024/05/12	09:58:01	40.78804	141.58513	-2	0.0	5	1.2	276
2024/05/12	09:59:00	40.78798	141.58543	34	0.0	4	1.3	217
2024/05/12	10:00:00	40.78804	141.58562	-0	0.0	4	1.2	235
2024/05/12	10:01:00	40.78794	141.58580	82	0.0	4	1.4	211
2024/05/12	10:02:00	40.78805	141.58610	54	0.0	4	1.4	189
2024/05/12	10:03:00	40.78793	141.58623	-12	0.0	5	1.2	270
2024/05/12	10:04:00	40.78769	141.58708	188	0.0	3	2.2	152
2024/05/12	10:05:00	40.78788	141.58685	-50	7.4	4	1.3	271
2024/05/12	10:06:01	40.78725	141.58924	-164	37.0	3	2.2	204
2024/05/12	10:07:03	40.78322	141.59438	-2	25.9	5	1.2	287
2024/05/12	10:08:01	40.77956	141.59316	4	33.3	3	1.3	286
2024/05/12	10:09:00	40.77547	141.59233	-36	22.2	3	2.1	293
2024/05/12	10:10:00	40.77426	141.59169	0	3.7	3	2.1	267
2024/05/12	10:11:00	40.77346	141.59093	44	11.1	3	2.4	213
2024/05/12	10:12:01	40.77003	141.59047	-14	29.6	4	1.3	289
2024/05/12	10:13:01	40.76950	141.59007	28	0.0	3	2.3	229
2024/05/12	10:14:01	40.76954	141.59052	8	0.0	4	1.4	289
2024/05/12	10:15:00	40.76938	141.59059	-0	0.0	4	2.0	238
2024/05/12	10:16:00	40.76941	141.59078	-14	0.0	4	1.3	245
2024/05/12	10:17:02	40.76945	141.59092	-16	0.0	5	1.1	244
2024/05/12	10:18:02	40.76962	141.59096	-0	0.0	5	1.1	233
2024/05/12	10:19:00	40.76951	141.59149	70	0.0	4	2.2	214
2024/05/12	10:20:00	40.77205	141.59198	-2	44.4	6	1.2	283
2024/05/12	10:21:01	40.77984	141.59193	0	48.2	5	1.1	289
2024/05/12	10:22:00	40.78057	141.59123	-56	18.5	4	1.4	270
2024/05/12	10:23:00	40.78054	141.59180	-4	0.0	4	1.4	221
2024/05/12	10:24:00	40.78030	141.59197	-28	3.7	4	2.3	269
2024/05/12	10:25:00	40.78049	141.59228	-26	0.0	4	1.4	235
2024/05/12	10:26:00	40.78046	141.59223	2	0.0	5	1.1	211
2024/05/12	10:27:01	40.78047	141.59253	-8	0.0	5	1.1	255
2024/05/12	10:28:01	40.78015	141.59284	80	0.0	4	2.4	234
2024/05/12	10:29:01	40.78033	141.59298	2	0.0	5	1.1	288
2024/05/12	10:30:00	40.78034	141.59336	-2	0.0	5	1.1	211
2024/05/12	10:31:00	40.78036	141.59350	-0	0.0	4	2.4	241
2024/05/12	10:32:00	40.78029	141.59354	-8	3.7	4	2.4	265
2024/05/12	10:33:00	40.78032	141.59392	4	0.0	5	1.1	271
2024/05/12	10:34:00	40.78043	141.59418	-22	0.0	5	1.2	270
2024/05/12	10:35:01	40.78056	141.59425	-14	0.0	4	2.4	233
2024/05/12	10:36:01	40.78041	141.59460	-22	3.7	5	1.1	270
2024/05/12	10:37:01	40.78049	141.59467	-18	0.0	5	1.1	259
2024/05/12	10:38:00	40.78044	141.59479	-20	0.0	4	2.4	234
2024/05/12	10:39:00	40.78056	141.59508	6	0.0	4	2.4	231
2024/05/12	10:40:00	40.78068	141.59501	-34	0.0	4	2.4	256
2024/05/12	10:41:00	40.78057	141.59520	-10	0.0	4	1.3	230
2024/05/12	10:42:01	40.78073	141.59526	-6	0.0	5	1.1	266
2024/05/12	10:43:00	40.78060	141.59550	-2	0.0	5	1.1	271
2024/05/12	10:44:01	40.78063	141.59568	0	0.0	5	1.1	269
2024/05/12	10:45:00	40.78058	141.59591	30	0.0	5	1.1	271
2024/05/12	10:46:00	40.78074	141.59598	-32	0.0	5	1.1	241
2024/05/12	10:47:00	40.78073	141.59624	-8	0.0	5	1.1	269
2024/05/12	10:48:00	40.78086	141.59656	-52	0.0	5	1.2	242
2024/05/12	10:49:00	40.78066	141.59671	16	0.0	4	2.4	241
2024/05/12	10:50:00	40.78067	141.59685	2	0.0	5	1.1	240
2024/05/12	10:51:00	40.78072	141.59712	40	0.0	4	2.4	294
2024/05/12	10:52:00	40.78078	141.59728	-10	0.0	5	1.1	246
2024/05/12	10:53:00	40.78070	141.59778	4	0.0	4	2.4	273
2024/05/12	10:54:00	40.78074	141.59791	-6	3.7	4	2.4	290
2024/05/12	10:55:00	40.78098	141.59794	-26	0.0	5	1.1	236
2024/05/12	10:56:00	40.78073	141.59795	24	0.0	4	2.0	266
2024/05/12	10:57:00	40.78079	141.59832	24	3.7	4	2.4	240
2024/05/12	10:58:01	40.78066	141.59871	8	0.0	5	1.1	293
2024/05/12	10:59:00	40.78063	141.59898	18	0.0	3	2.4	271
2024/05/12	11:00:00	40.78085	141.59894	-28	0.0	4	2.4	297
2024/05/12	11:01:00	40.78085	141.59930	-16	0.0	5	1.2	269
2024/05/12	11:02:01	40.78085	141.59953	-6	0.0	5	1.2	292
2024/05/12	11:03:01	40.78060	141.59962	30	0.0	4	4.0	290
2024/05/12	11:04:01	40.78093	141.59994	-22	0.0	4	4.1	291
2024/05/12	11:05:00	40.78071	141.60009	16	0.0	5	1.2	243
2024/05/12	11:06:00	40.78067	141.60024	0	0.0	5	1.2	268
2024/05/12	11:07:00	40.78085	141.60048	-20	0.0	5	1.2	314
2024/05/12	11:08:01	40.78078	141.60078	6	0.0	5	1.2	268
2024/05/12	11:09:00	40.78088	141.60053	-28	0.0	4	2.3	268
2024/05/12	11:10:00	40.78100	141.60121	-18	0.0	5	1.2	297
2024/05/12	11:11:01	40.78094	141.60136	-4	0.0	5	1.2	293
2024/05/12	11:12:00	40.78091	141.60151	-0	0.0	5	1.2	292
2024/05/12	11:13:01	40.78115	141.60199	-38	0.0	4	5.4	264
2024/05/12	11:14:01	40.78083	141.60208	-16	0.0	4	2.0	261
2024/05/12	11:15:01	40.78087	141.60214	-0	0.0	5	1.2	264
2024/05/12	11:16:02	40.78080	141.60225	2	0.0	5	1.2	290
2024/05/12	11:17:01	40.78094	141.60259	-16	0.0	5	1.2	292
2024/05/12	11:18:01	40.78070	141.60258	26	0.0	4	7.2	287
2024/05/12	11:19:01	40.78098	141.60291	-20	0.0	5	1.2	259
2024/05/12	11:20:01	40.78166	141.60356	-110	3.7	4	8.1	284
2024/05/12	11:21:01	40.78073	141.60324	18	3.7	4	8.2	286
2024/05/12	11:22:01	40.78090	141.60348	4	0.0	4	1.4	247
2024/05/12	11:23:02	40.78099	141.60361	-12	0.0	5	1.1	285
2024/05/12	11:24:01	40.78099	141.60386	-14	0.0	5	1.1	284
2024/05/12	11:25:00	40.78104	141.60392	-12	0.0	4	2.2	237
2024/05/12	11:26:03	40.78104	141.60407	-18	0.0	5	1.1	272
2024/05/12	11:27:01	40.78094	141.60435	26	0.0	3	13.4	281
2024/05/12	11:28:02	40.78109	141.60437	-2	0.0	4	1.4	284
2024/05/12	11:29:01	40.78093	141.60432	14	0.0	3	12.0	291
2024/05/12	11:30:01	40.78047	141.60431	84	0.0	3	11.2	285
2024/05/12	11:31:01	40.78098	141.60491	18	0.0	4	10.0	285
2024/05/12	11:32:01	40.78085	141.60510	36	0.0	3	11.0	212
2024/05/12	11:33:01	40.78122	141.60552	2	0.0	4	1.3	238
2024/05/12	11:34:01	40.78133	141.60565	0	0.0	4	1.3	265
2024/05/12	11:35:03	40.78045	141.60540	96	0.0	3	8.4	213
2024/05/12	11:36:01	40.78100	141.60618	6	0.0	3	8.2	286
2024/05/12	11:37:01	40.78109	141.60641	10	0.0	4	1.3	288
2024/05/12	11:38:01	40.78112	141.60675	-0	0.0	4	1.3	286
2024/05/12	11:39:02	40.78112	141.60684	-2	0.0	4	2.3	285
2024/05/12	11:40:01	40.78117	141.60691	-44	3.7	3	10.2	285
2024/05/12	11:41:02	40.78073	141.60712	82	0.0	4	6.2	286
2024/05/12	11:42:02	40.78125	141.60772	-2	0.0	4	1.3	282
2024/05/12	11:43:01	40.78128	141.60797	-6	0.0	3	6.0	282
2024/05/12	11:44:03	40.78133	141.60817	-18	0.0	5	1.1	286
2024/05/12	11:45:03	40.78134	141.60877	22	0.0	3	11.2	283
2024/05/12	11:46:02	40.78133	141.60878	8	0.0	3	11.3	262
2024/05/12	11:47:04	40.78138	141.60913	10	0.0	3	11.4	276
2024/05/12	11:48:03	40.78140	141.60991	46	3.7	3	12.1	280
2024/05/12	11:49:04	40.78140	141.60889	-38	0.0	3	12.2	284
2024/05/12	11:50:06	40.78130	141.60896	-52	3.7	3	12.3	260
2024/05/12	11:51:03	40.78158	141.61121	82	3.7	3	13.0	287
2024/05/12	11:52:03	40.78154	141.61055	12	0.0	3	13.1	284
2024/05/12	11:53:03	40.78146	141.61073	32	0.0	3	13.3	291
2024/05/12	11:54:02	40.78148	141.61189	106	7.4	3	13.4	291
2024/05/12	11:55:04	40.78149	141.61123	42	0.0	3	14.1	275
2024/05/12	11:56:04	40.78145	141.61118	0	3.7	3	14.3	277
2024/05/12	12:02:44	40.78146	141.61294	-4	0.0	3	2.2	248
2024/05/12	12:03:00	40.78159	141.61311	-42	0.0	3	2.2	151
2024/05/12	12:04:01	40.78148	141.61320	12	0.0	3	2.2	214
2024/05/12	12:05:01	40.78145	141.61415	-48	18.5	3	2.2	254
2024/05/12	12:06:00	40.78161	141.61582	22	0.0	3	2.2	154
2024/05/12	12:07:01	40.78159	141.61593	52	0.0	3	2.2	232
2024/05/12	12:08:00	40.78184	141.61628	-82	0.0	3	2.2	237
2024/05/12	12:09:01	40.78172	141.61628	16	0.0	3	2.1	215
2024/05/12	12:10:01	40.78170	141.61674	-50	0.0	3	2.1	238
2024/05/12	12:11:01	40.78156	141.61688	-42	0.0	3	2.1	185
2024/05/12	12:12:01	40.78158	141.61699	38	0.0	3	2.1	238
2024/05/12	12:13:01	40.78157	141.61716	-4	0.0	3	2.1	270
2024/05/12	12:14:01	40.78143	141.61727	64	0.0	3	2.1	243
2024/05/12	12:15:01	40.78172	141.61777	-72	0.0	3	2.1	265
2024/05/12	12:16:01	40.78151	141.61787	-6	0.0	3	2.1	264
2024/05/12	12:17:01	40.78321	141.61896	-10	0.0	3	2.0	215
2024/05/12	12:18:01	40.78284	141.61917	-4	0.0	3	2.0	217
2024/05/12	12:19:01	40.78298	141.61937	-122	0.0	3	2.0	230
2024/05/12	12:20:02	40.78268	141.61978	-26	3.7	3	2.0	231
2024/05/12	12:21:01	40.78287	141.61974	62	0.0	3	2.0	208
2024/05/12	12:22:01	40.78289	141.61999	48	0.0	3	2.0	181
2024/05/12	12:23:04	40.78287	141.62017	14	3.7	3	2.0	228
2024/05/12	12:24:01	40.78294	141.62044	-14	0.0	3	2.0	187
2024/05/12	12:25:03	40.78307	141.62059	-16	3.7	3	2.0	261
2024/05/12	12:26:01	40.78301	141.62099	-36	0.0	3	2.0	265
2024/05/12	12:27:01	40.78310	141.62090	80	3.7	3	2.0	235
2024/05/12	12:28:01	40.78295	141.62134	22	0.0	3	2.0	208
2024/05/12	12:29:02	40.78300	141.62166	24	0.0	3	2.0	261
2024/05/12	12:30:01	40.78321	141.62159	-50	0.0	3	2.0	206
2024/05/12	12:31:01	40.78322	141.62193	0	0.0	3	2.0	213
2024/05/12	12:32:01	40.78306	141.62224	-10	0.0	3	2.0	218
2024/05/12	12:33:01	40.78327	141.62255	-24	0.0	3	2.0	241
2024/05/12	12:34:01	40.78351	141.62242	36	0.0	3	2.0	216
2024/05/12	12:35:01	40.78328	141.62287	-8	0.0	3	2.0	240
2024/05/12	12:36:01	40.78326	141.62318	-16	3.7	3	2.1	235
2024/05/12	12:37:02	40.78342	141.62329	-42	0.0	3	2.1	264
2024/05/12	12:38:01	40.78334	141.62340	-40	0.0	3	2.1	214
2024/05/12	12:39:01	40.78323	141.62392	46	0.0	3	2.1	180
2024/05/12	12:40:01	40.78330	141.62402	-2	0.0	3	2.1	213
2024/05/12	12:41:01	40.78349	141.62421	-34	0.0	3	2.1	204
2024/05/12	12:42:01	40.78336	141.62471	-30	0.0	3	2.1	148
2024/05/12	12:43:03	40.78342	141.62466	-8	0.0	3	2.2	281
2024/05/12	12:44:03	40.78346	141.62480	-34	0.0	3	2.2	266
2024/05/12	12:45:03	40.78349	141.62519	24	0.0	3	2.2	251
2024/05/12	12:46:01	40.78352	141.62541	-10	0.0	3	2.2	150
2024/05/12	12:47:02	40.78363	141.62554	-28	0.0	3	2.3	209
2024/05/12	12:48:01	40.78378	141.62565	18	0.0	3	2.3	188
2024/05/12	12:49:04	40.78500	141.62848	18	37.0	3	2.3	254
2024/05/12	12:50:02	40.78746	141.63151	46	0.0	3	2.3	259
2024/05/12	12:51:02	40.78745	141.63141	28	33.3	3	2.4	288
2024/05/12	12:52:02	40.78764	141.63149	-0	0.0	3	2.4	208
2024/05/12	12:53:02	40.78773	141.63159	-18	3.7	3	2.4	203
2024/05/12	12:54:05	40.78771	141.63180	-8	0.0	3	3.0	227
2024/05/12	12:55:03	40.78769	141.63203	-14	0.0	3	3.0	234
2024/05/12	12:56:05	40.78796	141.63259	16	18.5	3	3.1	245
2024/05/12	12:57:05	40.78808	141.63300	6	7.4	3	3.1	261
2024/05/12	12:58:02	40.78800	141.63324	-24	0.0	3	3.2	257
2024/05/12	12:59:02	40.78816	141.63335	10	0.0	3	3.2	272
2024/05/12	13:00:04	40.78819	141.63360	12	3.7	3	3.3	257
2024/05/12	13:01:03	40.78824	141.63399	-22	0.0	3	3.3	217
2024/05/12	13:02:02	40.78837	141.63418	-8	0.0	3	3.4	249
2024/05/12	13:03:02	40.78839	141.63448	-8	0.0	3	3.4	253
2024/05/12	13:04:03	40.78849	141.63486	-4	0.0	3	4.0	248
2024/05/12	13:05:02	40.78859	141.63512	-12	0.0	3	4.1	251
2024/05/12	13:06:03	40.78908	141.63633	-30	37.0	3	4.1	279
2024/05/12	13:07:02	40.79217	141.63727	6	11.1	3	4.2	254
2024/05/12	13:08:04	40.79761	141.63726	8	48.2	3	4.3	256
2024/05/12	13:09:02	40.79860	141.63924	4	0.0	3	4.4	256
2024/05/12	13:10:03	40.79842	141.63952	-0	0.0	3	5.0	252
2024/05/12	13:11:03	40.79859	141.63965	10	0.0	3	5.1	281
2024/05/12	13:12:03	40.79876	141.63979	-14	0.0	3	5.2	282
2024/05/12	13:13:03	40.79848	141.64028	-8	0.0	3	5.4	262
2024/05/12	13:14:04	40.79848	141.64044	-4	0.0	3	6.0	259
2024/05/12	13:15:04	40.79846	141.64072	-0	0.0	3	6.1	257
2024/05/12	13:16:03	40.79869	141.64082	-6	0.0	3	6.3	282
2024/05/12	13:17:04	40.79847	141.64122	-12	3.7	3	7.0	260
2024/05/12	13:18:03	40.79801	141.64176	4	0.0	3	7.2	259
2024/05/12	13:19:04	40.79882	141.64153	12	0.0	3	7.4	257
2024/05/12	13:20:03	40.79922	141.64146	36	0.0	3	8.2	256
2024/05/12	13:21:03	40.79815	141.64248	-2	0.0	3	8.4	274
2024/05/12	13:22:02	40.79819	141.64268	6	0.0	3	9.3	254
2024/05/12	13:23:03	40.79934	141.64225	22	0.0	3	10.1	254
2024/05/12	13:24:02	40.79926	141.64260	-0	7.4	3	11.1	254
2024/05/12	13:25:03	40.79871	141.64305	-12	0.0	3	12.1	258
2024/05/12	13:26:02	40.79869	141.64336	6	0.0	3	13.1	254
2024/05/12	13:27:02	40.79882	141.64361	-14	0.0	3	14.3	262
2024/05/12	13:28:02	40.79863	141.64387	12	0.0	3	16.2	256
2024/05/12	13:29:02	40.79979	141.64350	-24	0.0	3	18.3	263
2024/05/12	13:30:02	40.79890	141.64420	8	0.0	3	21.2	262
2024/05/12	13:31:03	40.80027	141.64370	-16	3.7	3	25.1	266
2024/05/12	13:32:36	40.79899	141.64488	-2	3.7	5	1.1	256
2024/05/12	13:33:01	40.79898	141.64488	4	0.0	4	1.4	265
2024/05/12	13:34:00	40.79906	141.64497	-26	3.7	3	1.4	240
2024/05/12	13:35:01	40.79895	141.64550	18	0.0	4	1.4	241
2024/05/12	13:36:02	40.79884	141.64587	6	0.0	5	1.2	265
2024/05/12	13:37:01	40.79909	141.64603	4	0.0	4	1.4	185
2024/05/12	13:38:00	40.79940	141.64634	-38	0.0	3	2.1	271
2024/05/12	13:39:00	40.79915	141.64667	-10	3.7	3	2.1	241
2024/05/12	13:40:00	40.79915	141.64683	-0	0.0	3	2.1	259
2024/05/12	13:41:00	40.79902	141.64721	-18	0.0	3	2.3	205
2024/05/12	13:42:01	40.79915	141.64726	-6	0.0	4	1.4	260
2024/05/12	13:43:00	40.79895	141.64749	-0	0.0	3	2.4	230
2024/05/12	13:44:01	40.79916	141.64786	-18	0.0	3	2.3	252
2024/05/12	13:45:00	40.79922	141.64800	-20	0.0	3	2.4	234
2024/05/12	13:46:02	40.79993	141.64852	68	0.0	3	8.2	246
2024/05/12	13:47:01	40.79901	141.64858	-26	0.0	3	2.2	184
2024/05/12	13:48:02	40.79913	141.64871	0	0.0	5	1.2	262
2024/05/12	13:49:01	40.79896	141.64904	26	0.0	4	2.1	280
2024/05/12	13:50:01	40.79896	141.64925	24	0.0	3	2.2	254
2024/05/12	13:51:01	40.79913	141.64954	-10	0.0	3	2.2	252
2024/05/12	13:52:01	40.79912	141.64968	14	0.0	4	2.1	242
2024/05/12	13:53:02	40.79911	141.64998	4	0.0	5	1.3	249
2024/05/12	13:54:01	40.79923	141.65021	-8	0.0	5	1.4	254
2024/05/12	13:55:01	40.79914	141.65049	-0	0.0	5	1.3	236
2024/05/12	13:56:01	40.79911	141.65089	0	0.0	4	2.1	258
2024/05/12	13:57:02	40.79913	141.65113	2	0.0	4	2.1	259
2024/05/12	13:58:01	40.79931	141.65148	-30	0.0	3	2.4	264
2024/05/12	13:59:01	40.79927	141.65174	-20	0.0	3	2.4	282
2024/05/12	14:00:01	40.79927	141.65176	-16	0.0	3	2.4	286
2024/05/12	14:01:01	40.79875	141.65210	48	0.0	3	2.4	276
2024/05/12	14:02:01	40.79909	141.65223	44	0.0	3	2.4	260
2024/05/12	14:03:02	40.79925	141.65267	-18	0.0	4	2.3	281
2024/05/12	14:04:02	40.79901	141.65290	8	0.0	3	3.0	260
2024/05/12	14:05:01	40.79903	141.65315	4	0.0	4	2.2	261
2024/05/12	14:06:01	40.79927	141.65329	0	0.0	4	2.3	231
2024/05/12	14:07:02	40.79887	141.65361	12	0.0	4	2.3	284
2024/05/12	14:08:01	40.79917	141.65371	-10	0.0	4	2.3	272
2024/05/12	14:09:02	40.79910	141.65397	-4	0.0	4	2.3	280
2024/05/12	14:10:02	40.79911	141.65423	4	0.0	4	2.3	273
2024/05/12	14:11:03	40.79915	141.65456	0	0.0	5	1.4	260
2024/05/12	14:12:03	40.79911	141.65497	12	0.0	4	2.3	245
2024/05/12	14:13:02	40.79914	141.65512	-2	0.0	4	2.3	279
2024/05/12	14:14:02	40.79923	141.65541	6	0.0	4	2.3	250
2024/05/12	14:15:02	40.79922	141.65562	-8	0.0	4	2.3	269
2024/05/12	14:16:03	40.79919	141.65594	2	0.0	4	2.3	272
2024/05/12	14:17:02	40.79926	141.65611	0	0.0	4	2.3	277
2024/05/12	14:18:02	40.79917	141.65633	-18	3.7	3	3.2	228
2024/05/12	14:19:02	40.79918	141.65669	-4	0.0	4	2.4	278
2024/05/12	14:20:02	40.79918	141.65688	-6	0.0	3	3.2	278
2024/05/12	14:21:02	40.79901	141.65719	12	0.0	4	2.4	276
2024/05/12	14:22:02	40.79907	141.65754	22	0.0	3	3.2	277
2024/05/12	14:23:02	40.79932	141.65770	-6	3.7	4	2.4	279
2024/05/12	14:24:02	40.79929	141.65778	-20	0.0	4	2.4	280
2024/05/12	14:25:02	40.79923	141.65820	20	0.0	3	3.1	281
2024/05/12	14:26:02	40.79911	141.65840	-4	0.0	3	3.1	251
2024/05/12	14:27:02	40.79917	141.65867	0	0.0	4	2.4	278
2024/05/12	14:28:02	40.79900	141.65907	10	0.0	4	2.4	283
2024/05/12	14:29:02	40.79922	141.65910	-26	0.0	3	3.1	284
2024/05/12	14:30:03	40.79903	141.65963	14	0.0	4	2.3	283
2024/05/12	14:31:02	40.79906	141.65987	-4	0.0	3	3.1	283
2024/05/12	14:32:02	40.79905	141.66018	36	0.0	2	4.0	282
2024/05/12	14:33:02	40.79905	141.66041	-6	0.0	2	4.0	273
2024/05/12	14:34:03	40.79912	141.66052	-44	3.7	3	3.0	257
2024/05/12	14:35:04	40.79892	141.66107	10	0.0	3	3.0	259
2024/05/12	14:36:03	40.79913	141.66124	-30	0.0	2	4.0	245
2024/05/12	14:37:03	40.79894	141.66163	-20	0.0	3	3.0	262
2024/05/12	14:38:03	40.79910	141.66194	-16	0.0	3	3.0	275
2024/05/12	14:39:02	40.79916	141.66175	-94	0.0	2	4.1	245
2024/05/12	14:40:02	40.79896	141.66249	-30	0.0	2	4.1	150
2024/05/12	14:41:03	40.79899	141.66275	-34	0.0	2	4.1	280
2024/05/12	14:42:02	40.79904	141.66292	-38	0.0	2	4.1	230
2024/05/12	14:43:03	40.79882	141.66347	8	0.0	2	4.2	257
2024/05/12	14:44:04	40.79894	141.66362	-6	0.0	3	3.0	252
2024/05/12	14:45:03	40.79883	141.66407	36	3.7	2	4.2	255
2024/05/12	14:46:02	40.79879	141.66427	30	3.7	2	4.2	227
2024/05/12	14:47:03	40.79877	141.66475	72	0.0	2	4.2	259
2024/05/12	14:48:03	40.79883	141.66488	70	0.0	2	4.3	256
2024/05/12	14:49:03	40.79863	141.66523	48	0.0	2	4.3	233
2024/05/12	14:50:02	40.79897	141.66531	-10	0.0	2	4.3	210
2024/05/12	14:51:03	40.79887	141.66585	56	0.0	2	4.3	255
2024/05/12	14:52:03	40.79891	141.66597	18	0.0	2	4.3	252
2024/05/12	14:53:03	40.79887	141.66601	-4	0.0	3	2.4	273
2024/05/12	14:54:03	40.79873	141.66657	38	0.0	2	4.3	250
2024/05/12	14:55:03	40.79891	141.66653	-22	0.0	2	4.4	240
2024/05/12	14:56:03	40.79891	141.66687	-28	0.0	2	4.4	234
2024/05/12	14:57:02	40.79909	141.66700	-38	0.0	2	4.4	208
2024/05/12	14:58:03	40.79897	141.66727	-60	0.0	2	4.4	213
2024/05/12	14:59:03	40.79882	141.66786	24	0.0	2	4.4	211
2024/05/12	15:00:36	40.79889	141.66809	-6	0.0	4	1.3	262
2024/05/12	15:01:02	40.79886	141.66824	-8	0.0	4	1.3	236
2024/05/12	15:02:02	40.79874	141.66836	-4	0.0	4	1.3	211
2024/05/12	15:03:01	40.79887	141.66869	34	0.0	4	1.3	184
2024/05/12	15:04:01	40.79890	141.66900	8	0.0	4	1.3	184
2024/05/12	15:05:01	40.79890	141.66918	0	0.0	4	1.3	212
2024/05/12	15:06:01	40.79889	141.66935	12	0.0	4	1.3	214
2024/05/12	15:07:01	40.79895	141.66976	8	0.0	4	1.3	214
2024/05/12	15:08:00	40.79894	141.67004	-2	7.4	4	1.3	215
2024/05/12	15:09:01	40.79885	141.67031	4	0.0	4	1.2	189
2024/05/12	15:10:00	40.79899	141.67062	-6	0.0	3	2.0	220
2024/05/12	15:11:01	40.79895	141.67102	16	0.0	4	1.2	219
2024/05/12	15:12:00	40.79903	141.67129	-32	0.0	3	2.0	211
2024/05/12	15:13:00	40.79901	141.67178	-12	0.0	3	2.0	154
2024/05/12	15:14:00	40.79911	141.67227	-12	0.0	3	2.0	239
2024/05/12	15:15:00	40.79896	141.67247	-60	0.0	3	2.3	176
2024/05/12	15:16:02	40.79906	141.67249	-10	0.0	4	1.2	225
2024/05/12	15:17:01	40.79850	141.67331	10	33.3	3	2.1	205
2024/05/12	15:18:01	40.79951	141.67583	-74	0.0	3	2.2	182
2024/05/12	15:19:01	40.79977	141.67592	28	0.0	3	1.2	185
2024/05/12	15:20:02	40.79975	141.67611	14	0.0	3	2.1	206
2024/05/12	15:21:02	40.79978	141.67636	26	0.0	3	2.1	210
2024/05/12	15:22:02	40.79997	141.67675	-14	0.0	3	2.1	229
2024/05/12	15:23:02	40.79897	141.68133	32	44.4	3	1.2	229
2024/05/12	15:24:02	40.79969	141.68220	34	0.0	4	1.2	217
2024/05/12	15:25:01	40.79956	141.68214	-10	0.0	3	2.0	146
2024/05/12	15:26:02	40.80012	141.68215	-2	0.0	4	1.2	205
2024/05/12	15:27:02	40.79991	141.68207	-32	22.2	3	2.0	224
2024/05/12	15:28:02	40.79984	141.68266	40	3.7	3	2.0	200
2024/05/12	15:29:02	40.79988	141.68271	74	0.0	3	2.0	233
2024/05/12	15:30:02	40.79970	141.68277	42	0.0	3	2.0	228
2024/05/12	15:31:02	40.79969	141.68310	40	0.0	4	1.2	206
2024/05/12	15:32:03	40.79963	141.68323	36	0.0	4	1.2	233
2024/05/12	15:33:03	40.79949	141.68297	-52	0.0	3	5.3	253
2024/05/12	15:34:01	40.79962	141.68351	12	0.0	3	1.4	207
2024/05/12	15:35:01	40.79945	141.68384	46	0.0	3	1.4	209
2024/05/12	15:36:03	40.79950	141.68389	12	0.0	4	1.2	261
2024/05/12	15:37:02	40.79956	141.68418	32	0.0	3	6.0	260
2024/05/12	15:38:02	40.79966	141.68414	-24	0.0	4	1.2	207
2024/05/12	15:39:01	40.79950	141.68437	28	0.0	4	1.2	229
2024/05/12	15:40:01	40.79954	141.68436	18	0.0	3	1.3	235
2024/05/12	15:41:00	40.79954	141.68471	80	0.0	3	1.3	209
2024/05/12	15:42:00	40.79956	141.68471	0	0.0	4	1.2	237
2024/05/12	15:43:01	40.79967	141.68499	10	0.0	4	1.2	255
2024/05/12	15:44:02	40.79965	141.68521	28	0.0	4	1.2	233
2024/05/12	15:45:01	40.79963	141.68527	50	0.0	3	1.3	238
2024/05/12	15:46:02	40.79960	141.68540	-8	0.0	4	1.3	260
2024/05/12	15:47:01	40.79953	141.68560	14	0.0	3	1.3	264
2024/05/12	15:48:01	40.79960	141.68598	68	0.0	3	1.4	265
2024/05/12	15:49:01	40.79966	141.68603	28	0.0	3	1.4	261
2024/05/12	15:50:02	40.79961	141.68601	-24	0.0	4	1.3	261
2024/05/12	15:51:03	40.79965	141.68628	-8	0.0	4	1.3	260
2024/05/12	15:52:03	40.79958	141.68658	80	0.0	3	2.0	263
2024/05/12	15:53:04	40.79962	141.68665	-12	0.0	4	1.4	259
2024/05/12	15:54:03	40.79959	141.68663	-58	0.0	3	2.1	262
2024/05/12	15:55:04	40.79946	141.68694	0	0.0	3	2.2	223
2024/05/12	15:56:03	40.79954	141.68712	16	0.0	4	2.0	238
2024/05/12	15:57:02	40.79960	141.68765	-2	0.0	3	2.3	255
2024/05/12	15:58:03	40.79951	141.68690	-2	0.0	2	6.2	241
2024/05/12	15:59:04	40.79948	141.68757	2	14.8	4	2.0	262
2024/05/12	16:00:03	40.79944	141.68726	-56	11.1	3	3.1	228
2024/05/12	16:01:03	40.79933	141.68736	-84	0.0	3	3.2	222
2024/05/12	16:02:03	40.79931	141.68747	-50	0.0	3	3.3	226
2024/05/12	16:03:03	40.79921	141.68774	-58	0.0	3	3.4	224
2024/05/12	16:04:03	40.79955	141.68770	-106	0.0	3	4.0	222
2024/05/12	16:05:02	40.79930	141.68838	188	0.0	3	4.2	149
2024/05/12	16:06:04	40.79968	141.68814	22	0.0	3	4.3	200
2024/05/12	16:07:03	40.79985	141.68806	-70	0.0	3	5.0	223
2024/05/12	16:08:03	40.79995	141.68816	-56	0.0	2	5.2	231
2024/05/12	16:09:04	40.79977	141.68857	24	3.7	3	5.4	231
2024/05/12	16:10:04	40.79908	141.68918	180	0.0	3	6.1	222
2024/05/12	16:11:07	40.79931	141.68880	16	3.7	3	6.4	221
2024/05/12	16:12:04	40.79926	141.68896	36	0.0	3	7.1	226
2024/05/12	16:13:05	40.79925	141.68911	24	0.0	3	7.4	218
2024/05/12	16:14:05	40.79915	141.68945	70	0.0	3	8.3	221
2024/05/12	16:15:02	40.79904	141.68973	108	0.0	3	9.1	207
2024/05/12	16:16:03	40.79913	141.68983	80	0.0	3	10.0	231
2024/05/12	16:17:30	40.79935	141.68990	0	0.0	5	1.2	237
2024/05/12	16:18:00	40.79937	141.69001	-54	3.7	3	2.3	214
2024/05/12	16:19:02	40.79941	141.69014	30	0.0	4	1.4	231
2024/05/12	16:20:00	40.79960	141.69043	-30	0.0	4	2.0	184
2024/05/12	16:21:00	40.79973	141.69229	30	0.0	3	2.2	156
2024/05/12	16:22:00	40.79978	141.69244	42	0.0	3	2.2	176
2024/05/12	16:23:01	40.79981	141.69285	-10	3.7	4	2.0	208
2024/05/12	16:24:01	40.79972	141.69283	18	0.0	4	2.0	203
2024/05/12	16:25:01	40.79967	141.69276	54	0.0	4	1.4	213
2024/05/12	16:26:02	40.79976	141.69301	20	0.0	4	1.4	227
2024/05/12	16:27:01	40.79978	141.69321	-20	0.0	4	1.4	208
2024/05/12	16:28:01	40.79963	141.69317	24	0.0	3	2.1	234
2024/05/12	16:29:01	40.79968	141.69322	26	0.0	4	1.4	208
2024/05/12	16:30:00	40.79954	141.69351	-84	3.7	3	2.2	211
2024/05/12	16:31:01	40.79960	141.69353	16	0.0	4	2.0	209
2024/05/12	16:32:01	40.79960	141.69369	-10	0.0	4	2.0	211
2024/05/12	16:33:01	40.79953	141.69352	60	0.0	3	2.1	235
2024/05/12	16:34:01	40.79954	141.69385	8	0.0	3	2.1	239
2024/05/12	16:35:01	40.79950	141.69363	12	0.0	4	2.0	234
2024/05/12	16:36:02	40.79874	141.69232	2	25.9	4	1.4	259
2024/05/12	16:37:01	40.79923	141.69262	-8	0.0	3	2.3	175
2024/05/12	16:38:02	40.79868	141.69259	10	14.8	5	1.4	259
2024/05/12	16:39:01	40.79943	141.69162	14	29.6	4	2.2	228
2024/05/12	16:40:01	40.79921	141.69141	-12	11.1	4	2.2	256
2024/05/12	16:41:02	40.79914	141.69127	-24	0.0	4	2.2	260
2024/05/12	16:42:01	40.79870	141.69250	22	14.8	3	2.1	225
2024/05/12	16:43:00	40.79890	141.69175	-14	14.8	4	2.3	237
2024/05/12	16:44:01	40.79890	141.69114	-10	14.8	4	2.1	234
2024/05/12	16:45:01	40.79951	141.69046	14	29.6	3	2.2	195
2024/05/12	16:46:01	40.79938	141.69048	-20	0.0	3	2.2	247
2024/05/12	16:47:02	40.79920	141.68974	0	25.9	4	2.1	241
2024/05/12	16:48:01	40.80123	141.68641	-12	11.1	4	2.1	258
2024/05/12	16:49:01	40.79868	141.68583	14	22.2	4	2.2	209
2024/05/12	16:50:02	40.79879	141.68618	-12	0.0	4	2.4	257
2024/05/12	16:51:01	40.79861	141.68646	8	0.0	4	2.2	258
2024/05/12	16:52:02	40.79868	141.68670	22	0.0	4	3.0	253
2024/05/12	16:53:01	40.79870	141.69017	-6	11.1	3	2.3	262
2024/05/12	16:54:02	40.79805	141.69111	8	22.2	3	2.3	275
2024/05/12	16:55:01	40.79786	141.69111	28	3.7	3	2.4	243
2024/05/12	16:56:02	40.79831	141.69095	12	3.7	4	2.3	232
2024/05/12	16:57:01	40.79719	141.69097	16	0.0	4	2.3	261
2024/05/12	16:58:02	40.79717	141.69187	16	0.0	3	2.4	224
2024/05/12	16:59:03	40.79708	141.69204	42	0.0	4	2.3	242
2024/05/12	17:00:02	40.79721	141.69229	4	0.0	4	3.2	277
2024/05/12	17:01:02	40.79703	141.69265	34	0.0	5	2.3	231
2024/05/12	17:02:03	40.79737	141.69273	-0	0.0	5	2.3	265
2024/05/12	17:03:02	40.79718	141.69283	4	0.0	4	2.4	240
2024/05/12	17:04:02	40.79715	141.69317	-6	0.0	2	4.2	272
2024/05/12	17:05:03	40.79724	141.69318	-2	0.0	4	3.0	276
2024/05/12	17:06:03	40.79712	141.69345	0	0.0	3	3.2	279
2024/05/12	17:07:02	40.79724	141.69348	-16	0.0	3	3.2	256
2024/05/12	17:08:03	40.79704	141.69374	12	0.0	4	2.4	283
2024/05/12	17:09:02	40.79711	141.69390	-14	0.0	4	2.4	258
2024/05/12	17:10:03	40.79581	141.69450	12	0.0	3	3.4	257
2024/05/12	17:11:02	40.79566	141.69479	10	0.0	4	2.4	251
2024/05/12	17:12:03	40.79571	141.69497	4	0.0	4	3.1	276
2024/05/12	17:13:02	40.79569	141.69518	8	0.0	2	4.3	277
2024/05/12	17:14:03	40.79581	141.69521	-12	0.0	3	4.1	256
2024/05/12	17:15:03	40.79564	141.69537	18	0.0	3	4.1	275
2024/05/12	17:16:03	40.79581	141.69536	-2	0.0	3	4.2	277
2024/05/12	17:17:02	40.79567	141.69553	18	0.0	3	4.2	270
2024/05/12	17:18:02	40.79569	141.69584	-0	0.0	3	4.3	235
2024/05/12	17:19:03	40.79590	141.69579	-6	0.0	3	4.4	258
2024/05/12	17:20:02	40.79571	141.69620	16	0.0	3	5.0	233
2024/05/12	17:21:03	40.79570	141.69635	8	0.0	3	5.0	249
2024/05/12	17:22:03	40.79595	141.69624	-2	0.0	3	5.1	281
2024/05/12	17:23:02	40.79569	141.69686	-24	0.0	2	5.3	250
2024/05/12	17:24:03	40.79556	141.69711	-18	0.0	3	5.3	249
2024/05/12	17:25:03	40.79537	141.69748	0	0.0	3	5.4	253
2024/05/12	17:26:03	40.79565	141.69728	-10	0.0	3	6.0	274
2024/05/12	17:27:02	40.79550	141.69766	-12	0.0	3	6.1	256
2024/05/12	17:28:02	40.79536	141.69795	0	0.0	3	6.2	260
2024/05/12	17:29:02	40.79542	141.69807	6	0.0	2	6.4	236
2024/05/12	17:30:03	40.79549	141.69813	-4	0.0	3	6.4	258
2024/05/12	17:31:03	40.79528	141.69861	6	0.0	3	7.1	282
2024/05/12	17:32:03	40.79558	141.69824	4	0.0	3	7.2	259
2024/05/12	17:33:03	40.79530	141.69873	10	0.0	3	7.4	256
2024/05/12	17:34:02	40.79539	141.69883	16	0.0	3	8.0	259
2024/05/12	17:35:02	40.79521	141.69930	0	0.0	3	8.2	279
2024/05/12	17:36:03	40.79551	141.69888	-10	0.0	3	8.4	233
2024/05/12	17:37:03	40.79511	141.69944	12	0.0	3	9.1	228
2024/05/12	17:38:03	40.79508	141.69963	10	0.0	3	9.3	202
2024/05/12	17:39:08	40.79577	141.69869	-18	3.7	3	10.0	237
2024/05/12	17:40:03	40.79462	141.70012	-0	0.0	3	10.3	229
2024/05/12	17:41:03	40.79476	141.69992	2	0.0	3	11.0	254
2024/05/12	17:42:03	40.79465	141.70027	0	0.0	3	11.3	250
2024/05/12	17:43:02	40.79455	141.70017	38	3.7	2	13.1	237
2024/05/12	17:44:03	40.79500	141.69947	4	3.7	2	14.1	248
2024/05/12	17:45:04	40.79461	141.70038	2	7.4	3	13.3	256
2024/05/12	17:46:03	40.79404	141.70133	10	0.0	2	16.2	232
2024/05/12	17:47:03	40.79471	141.70029	-8	0.0	3	15.2	257
2024/05/12	17:48:04	40.79369	141.70212	20	0.0	3	16.1	260
2024/05/12	17:49:04	40.79483	141.70021	-14	0.0	3	17.1	252
2024/05/12	17:50:03	40.79453	141.70088	0	3.7	3	18.1	230
2024/05/12	17:51:04	40.79536	141.69958	-12	3.7	3	19.2	252
2024/05/12	17:52:03	40.79465	141.70107	-0	0.0	3	20.2	226
2024/05/12	17:53:04	40.79377	141.70289	16	0.0	3	21.2	256
2024/05/12	17:54:03	40.79407	141.70241	8	0.0	3	22.2	259
2024/05/12	17:55:04	40.79432	141.70217	8	0.0	3	23.2	260
2024/05/12	17:56:04	40.79407	141.70267	4	3.7	3	24.0	256
2024/05/12	17:57:04	40.79400	141.70292	10	0.0	3	24.2	257
2024/05/12	17:58:04	40.79442	141.70219	4	0.0	3	24.3	261
2024/05/12	17:59:03	40.79347	141.70411	4	7.4	3	24.3	258
2024/05/12	18:00:05	40.79449	141.70238	-2	3.7	3	25.0	280
2024/05/12	18:01:06	40.79436	141.70276	6	3.7	3	23.4	277
2024/05/12	18:02:05	40.79383	141.70392	0	7.4	3	22.4	277
2024/05/12	18:03:06	40.79486	141.70221	-0	7.4	3	22.0	279
2024/05/12	18:04:07	40.79459	141.70287	2	0.0	3	21.1	251
2024/05/12	18:05:06	40.79450	141.70311	-4	37.0	3	20.3	247
2024/05/12	18:06:09	40.79377	141.70475	14	0.0	3	20.0	276
2024/05/12	18:07:06	40.79434	141.70378	-6	18.5	3	19.2	275
2024/05/12	18:08:08	40.79480	141.70310	2	7.4	3	18.4	242
2024/05/12	18:09:05	40.79454	141.70378	-0	3.7	3	18.2	282
2024/05/12	18:10:10	40.79462	141.70382	0	0.0	3	18.0	274
2024/05/12	18:11:07	40.79432	141.70451	-2	0.0	3	17.3	274
2024/05/12	18:12:30	40.79466	141.70409	-0	0.0	6	1.0	239
2024/05/12	18:13:00	40.79466	141.70420	-38	3.7	3	2.0	207
2024/05/12	18:14:01	40.79466	141.70420	-0	0.0	5	1.1	207
2024/05/12	18:15:00	40.79458	141.70432	-34	0.0	3	1.4	201
2024/05/12	18:16:01	40.79463	141.70454	-0	0.0	5	1.1	235
2024/05/12	18:17:01	40.79462	141.70468	-20	0.0	4	1.2	207
2024/05/12	18:18:00	40.79461	141.70445	22	0.0	3	1.4	210
2024/05/12	18:19:01	40.79466	141.70477	8	0.0	4	1.2	240
2024/05/12	18:20:01	40.79465	141.70476	8	0.0	5	1.1	235
2024/05/12	18:21:01	40.79460	141.70491	8	0.0	5	1.1	239
2024/05/12	18:22:01	40.79460	141.70501	-0	0.0	6	1.1	237
2024/05/12	18:23:01	40.79460	141.70517	12	0.0	6	1.1	238
2024/05/12	18:24:01	40.79453	141.70517	-10	0.0	5	1.1	237
2024/05/12	18:25:01	40.79458	141.70532	2	0.0	6	1.1	233
2024/05/12	18:26:00	40.79462	141.70539	8	0.0	4	1.3	189
2024/05/12	18:27:01	40.79457	141.70551	-12	0.0	4	1.3	233
2024/05/12	18:28:00	40.79450	141.70555	-24	0.0	4	1.2	234
2024/05/12	18:29:00	40.79452	141.70589	16	0.0	3	1.3	240
2024/05/12	18:30:01	40.79451	141.70575	-20	0.0	5	1.1	208
2024/05/12	18:31:01	40.79451	141.70587	2	0.0	5	1.1	237
2024/05/12	18:32:01	40.79455	141.70601	-16	0.0	5	1.1	227
2024/05/12	18:33:00	40.79449	141.70613	24	0.0	4	1.2	183
2024/05/12	18:34:01	40.79465	141.70631	-24	0.0	5	1.1	232
2024/05/12	18:35:01	40.79467	141.70638	26	0.0	4	1.2	229
2024/05/12	18:36:01	40.79465	141.70650	-0	0.0	5	1.1	231
2024/05/12	18:37:01	40.79467	141.70664	-10	0.0	5	1.1	231
2024/05/12	18:38:01	40.79474	141.70664	16	3.7	4	1.3	233
2024/05/12	18:39:02	40.79482	141.70694	-10	0.0	4	1.3	201
2024/05/12	18:40:01	40.79290	141.70679	28	25.9	4	1.3	232
2024/05/12	18:41:00	40.79253	141.70604	-14	0.0	4	1.2	180
2024/05/12	18:42:01	40.79257	141.70612	50	0.0	5	1.1	230
2024/05/12	18:43:01	40.79242	141.70612	24	0.0	4	1.3	207
2024/05/12	18:44:01	40.79242	141.70620	-12	0.0	4	1.2	196
2024/05/12	18:45:01	40.79248	141.70644	-40	0.0	4	1.3	198
2024/05/12	18:46:00	40.79249	141.70650	6	0.0	3	1.4	148
2024/05/12	18:47:01	40.79242	141.70665	-26	0.0	5	1.1	203
2024/05/12	18:48:01	40.79117	141.70630	36	25.9	4	1.3	244
2024/05/12	18:49:02	40.78806	141.70267	16	33.3	5	1.1	275
2024/05/12	18:50:01	40.78447	141.69956	-26	29.6	4	2.0	199
2024/05/12	18:51:01	40.78072	141.69620	34	33.3	3	1.3	231
2024/05/12	18:52:02	40.77659	141.69316	20	29.6	4	1.3	274
2024/05/12	18:53:02	40.77251	141.69110	-32	29.6	4	1.3	205
2024/05/12	18:54:03	40.76886	141.68658	20	29.6	4	1.3	261
2024/05/12	18:55:01	40.76517	141.68243	-0	37.0	4	2.1	200
2024/05/12	18:56:02	40.76115	141.67850	-30	33.3	4	2.1	221
2024/05/12	18:57:02	40.75667	141.67435	22	33.3	3	1.3	218
2024/05/12	18:58:02	40.75240	141.67125	-34	33.3	3	2.3	261
2024/05/12	18:59:03	40.74804	141.66695	60	33.3	4	1.3	249
2024/05/12	19:00:02	40.74366	141.66355	-28	33.3	4	2.1	279
2024/05/12	19:01:02	40.73892	141.66088	-8	33.3	4	1.3	246
2024/05/12	19:02:03	40.73402	141.65788	34	33.3	4	1.3	254
2024/05/12	19:03:02	40.72940	141.65508	16	29.6	4	2.2	250
2024/05/12	19:04:02	40.72442	141.65244	12	37.0	4	1.3	259
2024/05/12	19:05:02	40.71936	141.64876	44	37.0	3	2.3	250
2024/05/12	19:06:03	40.71439	141.64510	26	33.3	4	1.3	250
2024/05/12	19:07:02	40.71014	141.64175	-6	33.3	3	2.3	230
2024/05/12	19:08:02	40.70585	141.63848	-16	33.3	3	2.3	251
2024/05/12	19:09:02	40.70430	141.63646	-22	29.6	4	1.4	222
2024/05/12	19:10:03	40.70108	141.63487	-46	33.3	4	1.4	247
2024/05/12	19:11:03	40.69652	141.63180	34	33.3	3	2.4	247
2024/05/12	19:12:03	40.69234	141.62731	38	33.3	4	1.4	249
2024/05/12	19:13:03	40.68754	141.62364	50	37.0	4	1.4	251
2024/05/12	19:14:03	40.68324	141.61998	18	37.0	4	1.4	248
2024/05/12	19:15:03	40.67800	141.61722	18	37.0	5	1.2	253
2024/05/12	19:16:02	40.67255	141.61347	42	40.7	4	2.2	248
2024/05/12	19:17:02	40.66723	141.61060	12	40.7	3	5.3	254
2024/05/12	19:18:02	40.66231	141.60643	28	37.0	4	1.4	283
2024/05/12	19:19:02	40.65752	141.60307	6	33.3	2	4.0	250
2024/05/12	19:20:03	40.65307	141.59940	-14	33.3	4	1.4	253
2024/05/12	19:21:04	40.64784	141.59668	58	37.0	3	6.1	258
2024/05/12	19:22:04	40.64327	141.59403	80	37.0	3	4.2	248
2024/05/12	19:23:02	40.63899	141.59269	0	29.6	3	2.0	201
2024/05/12	19:24:02	40.63462	141.59013	2	37.0	4	2.2	263
2024/05/12	19:25:03	40.63015	141.58761	26	33.3	3	3.0	250
2024/05/12	19:26:02	40.62601	141.58461	4	33.3	4	2.2	261
2024/05/12	19:27:03	40.62256	141.58083	-26	29.6	4	1.4	251
2024/05/12	19:28:03	40.61809	141.57882	36	33.3	4	1.4	255
2024/05/12	19:29:03	40.61332	141.57542	48	33.3	3	3.1	255
2024/05/12	19:30:02	40.60862	141.57273	-16	33.3	4	2.0	255
2024/05/12	19:31:02	40.60408	141.56996	-4	33.3	4	2.1	248
2024/05/12	19:32:03	40.59925	141.56869	-2	33.3	4	2.0	254
2024/05/12	19:33:03	40.59438	141.56743	10	29.6	4	2.0	283
2024/05/12	19:34:02	40.58998	141.56562	48	29.6	2	3.4	249
2024/05/12	19:35:03	40.58654	141.56253	-2	29.6	4	2.0	250
2024/05/12	19:36:02	40.58174	141.56050	0	37.0	4	2.0	254
2024/05/12	19:37:03	40.57631	141.55790	36	33.3	5	1.3	254
2024/05/12	19:38:01	40.57173	141.55773	4	29.6	3	2.4	236
2024/05/12	19:39:03	40.56637	141.55777	22	33.3	4	2.0	252
2024/05/12	19:40:02	40.56069	141.55739	-60	37.0	2	5.4	219
2024/05/12	19:41:04	40.55498	141.55645	40	37.0	4	2.0	252
2024/05/12	19:42:03	40.54919	141.55653	8	40.7	3	4.0	252
2024/05/12	19:43:02	40.54346	141.55688	18	33.3	3	4.0	275
2024/05/12	19:44:03	40.53873	141.55711	-10	22.2	4	3.0	247
2024/05/12	19:45:02	40.53848	141.55723	-40	0.0	2	4.3	172
2024/05/12	19:46:03	40.53880	141.55726	12	0.0	3	4.0	192
2024/05/12	19:47:03	40.53900	141.55735	90	0.0	3	4.1	220
2024/05/12	19:48:02	40.53868	141.55735	16	0.0	3	4.1	144
2024/05/12	19:49:02	40.53867	141.55730	-8	0.0	2	4.4	182
2024/05/12	19:50:03	40.53884	141.55729	26	0.0	3	4.1	176
2024/05/12	19:51:02	40.53882	141.55712	-8	0.0	3	4.4	187
2024/05/12	19:52:02	40.53836	141.55713	-26	0.0	3	4.1	175
2024/05/12	19:53:03	40.53889	141.55741	58	0.0	3	4.2	172
2024/05/12	19:54:03	40.53883	141.55722	-0	0.0	3	4.2	174
2024/05/12	19:55:03	40.53898	141.55735	52	0.0	3	4.2	177
2024/05/12	19:56:02	40.53881	141.55748	54	0.0	3	4.2	174
2024/05/12	19:57:03	40.53899	141.55729	20	0.0	3	4.3	195
2024/05/12	19:58:03	40.53886	141.55723	2	0.0	3	4.3	195
2024/05/12	19:59:03	40.53884	141.55739	44	0.0	3	4.3	230
2024/05/12	20:00:04	40.53884	141.55747	52	0.0	3	5.0	197
2024/05/12	20:01:03	40.53875	141.55737	18	0.0	3	5.1	230
2024/05/12	20:02:03	40.53877	141.55719	2	0.0	3	5.1	200
2024/05/12	20:03:03	40.53889	141.55732	28	0.0	3	5.1	198
2024/05/12	20:04:03	40.53883	141.55735	24	0.0	3	5.2	199
2024/05/12	20:05:03	40.53890	141.55736	30	0.0	3	5.2	231
2024/05/12	20:06:03	40.53882	141.55734	-4	0.0	3	5.3	229
2024/05/12	20:07:03	40.53862	141.55696	-70	0.0	3	5.3	198
2024/05/12	20:08:03	40.53898	141.55754	78	0.0	3	5.4	200
2024/05/12	20:09:03	40.53881	141.55741	24	0.0	3	5.4	205
2024/05/12	20:10:03	40.53888	141.55740	44	0.0	3	6.0	199
2024/05/12	20:11:02	40.53876	141.55723	10	0.0	3	6.0	195
2024/05/12	20:12:03	40.53877	141.55714	2	0.0	3	6.1	167
2024/05/12	20:13:04	40.53902	141.55746	56	0.0	3	6.1	203
2024/05/12	20:14:05	40.53874	141.55703	-28	0.0	3	6.2	232
2024/05/12	20:15:36	40.53878	141.55726	4	0.0	6	1.0	226
2024/05/12	20:16:01	40.53884	141.55723	6	0.0	5	1.1	198
2024/05/12	20:17:01	40.53888	141.55722	6	0.0	5	1.1	202
2024/05/12	20:18:01	40.53879	141.55728	2	0.0	6	1.0	196
2024/05/12	20:19:01	40.53879	141.55740	8	0.0	6	1.0	201
2024/05/12	20:20:01	40.53875	141.55728	6	0.0	6	1.0	206
2024/05/12	20:21:01	40.53879	141.55726	12	0.0	6	1.0	205
2024/05/12	20:22:01	40.53872	141.55725	26	0.0	5	1.4	205
2024/05/12	20:23:01	40.53874	141.55720	4	0.0	6	1.0	205
2024/05/12	20:24:01	40.53879	141.55712	8	0.0	5	1.4	207
2024/05/12	20:25:01	40.53873	141.55726	32	0.0	5	1.4	231
2024/05/12	20:26:01	40.53871	141.55731	6	0.0	6	1.0	210
2024/05/12	20:27:01	40.53880	141.55729	8	0.0	6	1.0	208
2024/05/12	20:28:01	40.53879	141.55731	-0	0.0	6	1.0	209
2024/05/12	20:29:01	40.53877	141.55722	0	0.0	6	1.0	234
2024/05/12	20:30:01	40.53869	141.55731	12	0.0	5	1.4	231
2024/05/12	20:31:01	40.53874	141.55711	28	0.0	5	1.4	224
2024/05/12	20:32:01	40.53883	141.55728	0	0.0	5	1.4	233
2024/05/12	20:33:01	40.53880	141.55726	10	0.0	5	1.4	209
2024/05/12	20:34:00	40.53901	141.55715	0	0.0	4	1.3	176
2024/05/12	20:35:01	40.53885	141.55732	6	0.0	6	1.0	258
2024/05/12	20:36:01	40.53876	141.55728	6	0.0	6	1.0	260
2024/05/12	20:37:01	40.53899	141.55732	-18	0.0	5	1.4	261
2024/05/12	20:38:01	40.53868	141.55705	38	0.0	5	2.0	177
2024/05/12	20:39:01	40.53889	141.55727	4	0.0	5	1.4	260
2024/05/12	20:40:01	40.53877	141.55719	14	0.0	5	1.4	257
2024/05/12	20:41:01	40.53878	141.55723	6	0.0	6	1.0	257
2024/05/12	20:42:01	40.53878	141.55726	32	0.0	5	1.4	225
2024/05/12	20:43:00	40.53877	141.55707	24	0.0	4	2.0	230
2024/05/12	20:44:01	40.53867	141.55721	6	0.0	5	1.4	203
2024/05/12	20:45:00	40.53874	141.55722	-8	0.0	5	2.0	206
2024/05/12	20:46:01	40.53883	141.55735	-22	0.0	5	1.4	223
2024/05/12	20:47:01	40.53879	141.55724	6	0.0	5	1.4	251
2024/05/12	20:48:00	40.53893	141.55745	-76	0.0	4	2.1	202
2024/05/12	20:49:01	40.53874	141.55733	-10	0.0	5	1.4	253
2024/05/12	20:50:01	40.53877	141.55731	-10	0.0	5	1.4	224
2024/05/12	20:51:01	40.53881	141.55740	-24	0.0	4	2.4	230
2024/05/12	20:52:01	40.53889	141.55742	-6	0.0	4	2.4	245
2024/05/12	20:53:01	40.53864	141.55682	108	0.0	4	2.4	244
2024/05/12	20:54:00	40.53862	141.55670	110	0.0	4	2.4	151
2024/05/12	20:55:01	40.53878	141.55734	-0	0.0	4	2.4	225
2024/05/12	20:56:02	40.53878	141.55720	22	0.0	4	2.0	221
2024/05/12	20:57:03	40.53884	141.55733	-18	0.0	4	2.3	243
2024/05/12	20:58:02	40.53871	141.55711	60	0.0	4	2.3	195
2024/05/12	20:59:02	40.53885	141.55709	12	0.0	4	2.3	199
2024/05/12	21:00:02	40.53882	141.55733	-20	0.0	4	2.3	252
2024/05/12	21:01:02	40.53890	141.55751	-42	0.0	4	2.3	220
2024/05/12	21:02:01	40.53864	141.55690	78	0.0	3	2.4	192
2024/05/12	21:03:01	40.53872	141.55709	68	0.0	3	2.4	175
2024/05/12	21:04:02	40.53889	141.55732	-48	0.0	3	6.1	205
2024/05/12	21:05:03	40.53882	141.55725	-4	0.0	4	2.2	252
2024/05/12	21:06:01	40.53876	141.55719	26	0.0	4	2.2	222
2024/05/12	21:07:02	40.53878	141.55714	24	0.0	4	2.2	199
2024/05/12	21:08:02	40.53887	141.55723	6	0.0	4	2.1	230
2024/05/12	21:09:01	40.53873	141.55737	-12	0.0	4	2.1	197
2024/05/12	21:10:01	40.53881	141.55722	-8	0.0	4	2.1	201
2024/05/12	21:11:01	40.53885	141.55716	0	0.0	4	2.1	201
2024/05/12	21:12:01	40.53884	141.55722	42	0.0	4	2.1	204
2024/05/12	21:13:01	40.53877	141.55731	-44	0.0	4	2.1	205
2024/05/12	21:14:01	40.53885	141.55730	-24	0.0	4	2.1	206
2024/05/12	21:15:01	40.53874	141.55739	-0	0.0	4	2.0	206
2024/05/12	21:16:02	40.53878	141.55732	28	0.0	4	2.2	196
2024/05/12	21:17:01	40.53878	141.55729	-36	0.0	3	2.4	215
2024/05/12	21:18:01	40.53867	141.55716	44	0.0	3	2.1	174
2024/05/12	21:19:01	40.53872	141.55712	96	0.0	3	2.1	175
2024/05/12	21:20:01	40.53877	141.55709	122	0.0	3	2.1	175
2024/05/12	21:21:01	40.53881	141.55738	-14	0.0	4	2.1	229
2024/05/12	21:22:02	40.53889	141.55739	-36	0.0	4	2.0	205
2024/05/12	21:23:01	40.53869	141.55723	52	0.0	3	2.1	226
2024/05/12	21:24:01	40.53875	141.55751	-88	0.0	3	2.3	168
2024/05/12	21:25:02	40.53880	141.55710	62	0.0	4	1.4	229
2024/05/12	21:26:01	40.53876	141.55730	8	0.0	4	1.4	232
2024/05/12	21:27:01	40.53848	141.55717	126	0.0	3	2.1	171
2024/05/12	21:28:01	40.53888	141.55725	8	0.0	4	1.4	230
2024/05/12	21:29:01	40.53885	141.55730	-8	0.0	4	1.4	203
2024/05/12	21:30:01	40.53875	141.55717	26	0.0	4	1.4	229
2024/05/12	21:31:01	40.53882	141.55725	-18	0.0	4	1.4	205
2024/05/12	21:32:01	40.53877	141.55722	20	0.0	4	1.4	229
2024/05/12	21:33:00	40.53869	141.55758	-32	0.0	3	2.3	204
2024/05/12	21:34:00	40.53876	141.55741	26	0.0	4	1.4	203
2024/05/12	21:35:01	40.53882	141.55716	22	0.0	3	2.2	195
2024/05/12	21:36:01	40.53888	141.55733	-12	0.0	4	1.4	206
2024/05/12	21:37:01	40.53882	141.55715	12	0.0	4	1.4	227
2024/05/12	21:38:01	40.53877	141.55725	20	0.0	4	1.4	205
2024/05/12	21:39:01	40.53883	141.55728	8	0.0	4	1.4	207
2024/05/12	21:40:02	40.53878	141.55634	-6	0.0	4	1.4	253
2024/05/12	21:41:01	40.53855	141.55637	16	0.0	3	2.4	265
2024/05/12	21:42:01	40.53867	141.55633	8	0.0	3	2.4	253
2024/05/12	21:43:00	40.53881	141.55638	4	0.0	4	1.4	244
2024/05/12	21:44:01	40.53909	141.55667	-18	0.0	3	2.3	269
2024/05/12	21:45:01	40.53883	141.55636	26	0.0	5	1.3	237
2024/05/12	21:46:00	40.53911	141.55630	-12	0.0	4	2.2	213
2024/05/12	21:47:00	40.53895	141.55637	-32	0.0	4	1.4	268
2024/05/12	21:48:01	40.53890	141.55641	4	0.0	5	1.3	261
2024/05/12	21:49:01	40.53898	141.55635	-2	0.0	4	1.4	222
2024/05/12	21:50:01	40.53891	141.55651	8	0.0	4	1.4	262
2024/05/12	21:51:01	40.53903	141.55630	-28	0.0	3	3.1	295
2024/05/12	21:52:01	40.53881	141.55637	38	0.0	4	1.4	230
2024/05/12	21:53:01	40.53909	141.55650	-34	0.0	5	1.4	294
2024/05/12	21:54:02	40.53893	141.55642	18	0.0	5	1.4	290
2024/05/12	21:55:01	40.53894	141.55638	2	0.0	5	1.4	304
2024/05/12	21:56:01	40.53894	141.55645	-0	0.0	5	1.4	289
2024/05/12	21:57:00	40.53880	141.55645	8	0.0	4	2.3	281
2024/05/12	21:58:02	40.53900	141.55634	-0	0.0	5	1.4	276
2024/05/12	21:59:01	40.53895	141.55631	24	0.0	4	1.4	281
2024/05/12	22:00:01	40.53882	141.55651	-14	29.6	4	1.4	250
2024/05/12	22:01:02	40.53871	141.55727	14	0.0	4	2.0	245
2024/05/12	22:02:01	40.53882	141.55713	20	0.0	4	2.0	234
2024/05/12	22:03:01	40.53887	141.55730	18	0.0	4	2.0	203
2024/05/12	22:04:01	40.53873	141.55727	4	0.0	4	2.0	231
2024/05/12	22:05:02	40.53881	141.55723	16	0.0	3	3.3	222
2024/05/12	22:06:02	40.53860	141.55737	70	0.0	3	8.0	250
2024/05/12	22:07:02	40.53887	141.55721	2	0.0	4	2.0	251
2024/05/12	22:08:02	40.53868	141.55738	-4	0.0	3	3.4	254
2024/05/12	22:09:03	40.53882	141.55714	10	0.0	3	3.4	228
2024/05/12	22:10:03	40.53878	141.55730	2	0.0	3	3.4	201
2024/05/12	22:11:03	40.53851	141.55716	30	0.0	3	4.0	254
2024/05/12	22:12:03	40.53867	141.55732	18	0.0	3	4.0	249
2024/05/12	22:13:03	40.53846	141.55722	40	0.0	3	4.1	255
2024/05/12	22:14:03	40.53865	141.55719	20	0.0	3	4.1	252
2024/05/12	22:15:03	40.53879	141.55725	-6	0.0	4	2.1	257
2024/05/12	22:16:02	40.53880	141.55721	-2	0.0	4	2.1	255
2024/05/12	22:17:02	40.53874	141.55724	12	0.0	3	4.2	257
2024/05/12	22:18:01	40.53871	141.55741	-14	0.0	3	4.3	256
2024/05/12	22:19:02	40.53862	141.55726	30	0.0	4	2.1	257
2024/05/12	22:20:03	40.53880	141.55724	-8	0.0	4	2.1	255
2024/05/12	22:21:02	40.53863	141.55723	-4	0.0	4	2.1	256
2024/05/12	22:22:02	40.53915	141.55722	-30	0.0	3	5.0	257
2024/05/12	22:23:02	40.53864	141.55726	14	0.0	3	5.1	253
2024/05/12	22:24:02	40.53887	141.55723	4	0.0	3	5.1	256
2024/05/12	22:25:02	40.53876	141.55720	8	0.0	2	4.3	223
2024/05/12	22:26:02	40.53894	141.55737	10	0.0	2	4.3	245
2024/05/12	22:27:03	40.53887	141.55719	-8	0.0	3	5.4	240
2024/05/12	22:28:05	40.53888	141.55723	-2	0.0	3	6.0	229
2024/05/12	22:29:05	40.53875	141.55725	10	3.7	3	6.1	211
2024/05/12	22:30:03	40.53884	141.55717	0	0.0	3	6.2	216
2024/05/12	22:31:04	40.53867	141.55722	18	3.7	3	6.3	233
2024/05/12	22:32:03	40.53885	141.55714	2	0.0	3	6.4	219
2024/05/12	22:33:02	40.53872	141.55730	16	0.0	3	7.0	222
2024/05/12	22:34:04	40.53892	141.55720	-22	0.0	3	7.2	200
2024/05/12	22:35:02	40.53914	141.55715	-24	0.0	3	7.3	230
2024/05/12	22:36:02	40.53813	141.55745	60	0.0	3	8.0	228
2024/05/12	22:37:03	40.53887	141.55729	-10	0.0	3	8.2	226
2024/05/12	22:38:02	40.53954	141.55717	-74	0.0	3	8.4	223
2024/05/12	22:39:03	40.53903	141.55734	-30	3.7	3	9.1	221
2024/05/12	22:40:04	40.53934	141.55722	-46	7.4	3	9.3	196
2024/05/12	22:41:04	40.53887	141.55729	-10	0.0	3	10.1	225
2024/05/12	22:42:01	40.53989	141.55728	-118	0.0	3	10.4	181
2024/05/12	22:43:03	40.53885	141.55731	-10	0.0	3	11.3	210
2024/05/12	22:44:02	40.53923	141.55721	-36	0.0	3	12.2	210
2024/05/12	22:45:24	40.53854	141.55736	42	0.0	3	13.3	190
2024/05/12	22:46:09	40.53868	141.55721	10	7.4	3	14.2	189
2024/05/12	22:47:17	40.53887	141.55729	-0	11.1	3	15.4	190
2024/05/12	22:48:16	40.53836	141.55735	66	0.0	3	17.2	198
2024/05/12	22:49:02	40.53870	141.55764	68	0.0	2	7.2	168
2024/05/12	22:50:30	40.53871	141.55725	10	0.0	4	8.4	224
2024/05/12	22:51:04	40.53866	141.55720	22	7.4	3	23.3	205
2024/05/12	22:52:04	40.53842	141.55731	32	0.0	3	21.3	187
2024/05/12	22:53:05	40.53921	141.55710	-26	0.0	3	19.4	179
2024/05/12	22:54:03	40.53936	141.55705	-30	0.0	3	18.2	167
2024/05/12	22:55:03	40.53861	141.55726	6	0.0	3	17.1	194
2024/05/12	22:56:04	40.53861	141.55733	10	0.0	4	9.1	219
2024/05/12	22:57:02	40.53854	141.55732	24	0.0	3	15.0	218
2024/05/12	22:58:01	40.53927	141.55716	-52	0.0	3	14.1	198
2024/05/12	22:59:02	40.53871	141.55727	14	0.0	3	13.1	202
2024/05/12	23:00:04	40.53814	141.55733	84	0.0	3	12.3	218
2024/05/12	23:01:05	40.53847	141.55728	42	3.7	3	11.4	210
2024/05/12	23:02:03	40.53900	141.55721	-20	0.0	3	11.1	195
2024/05/12	23:03:03	40.53840	141.55735	36	0.0	3	10.4	199
2024/05/12	23:04:02	40.53948	141.55714	-52	0.0	3	10.1	196
2024/05/12	23:05:03	40.53882	141.55726	4	0.0	3	9.4	167
2024/05/12	23:06:03	40.53818	141.55739	68	0.0	3	9.2	190
2024/05/12	23:07:04	40.53894	141.55724	-24	0.0	3	9.0	189
2024/05/12	23:08:04	40.53889	141.55723	-14	0.0	3	8.3	189
2024/05/12	23:09:04	40.53829	141.55726	82	0.0	3	8.1	188
2024/05/12	23:10:04	40.53862	141.55725	8	0.0	3	8.0	171
2024/05/12	23:11:03	40.53884	141.55725	8	0.0	2	5.1	191
2024/05/12	23:12:04	40.53879	141.55726	8	0.0	2	5.1	211
2024/05/12	23:13:04	40.53879	141.55723	2	0.0	2	5.0	174
2024/05/12	23:14:04	40.53875	141.55724	4	0.0	2	5.0	220
2024/05/12	23:15:03	40.53876	141.55727	2	0.0	2	4.4	217
2024/05/12	23:16:04	40.53885	141.55724	4	0.0	2	4.4	210
2024/05/12	23:17:03	40.53885	141.55721	2	0.0	2	4.4	220
2024/05/12	23:18:05	40.53871	141.55722	2	3.7	2	4.3	210
2024/05/12	23:19:03	40.53872	141.55722	2	0.0	2	4.3	221
2024/05/12	23:20:04	40.53870	141.55726	-0	0.0	2	4.2	244
2024/05/12	23:21:03	40.53876	141.55718	0	0.0	2	4.2	247
2024/05/12	23:22:05	40.53874	141.55728	0	0.0	2	4.2	248
2024/05/12	23:23:02	40.53882	141.55722	0	0.0	2	4.1	232
2024/05/12	23:24:30	40.53880	141.55721	10	0.0	3	3.3	231
2024/05/12	23:25:02	40.53879	141.55720	0	0.0	3	3.3	179
2024/05/12	23:26:02	40.53870	141.55719	-2	0.0	3	3.3	250
2024/05/12	23:27:01	40.53882	141.55716	32	0.0	3	3.3	222
2024/05/12	23:28:01	40.53882	141.55721	-14	0.0	3	3.3	198
2024/05/12	23:29:01	40.53893	141.55735	8	0.0	3	3.3	221
2024/05/12	23:30:02	40.53896	141.55723	2	0.0	3	3.3	207
2024/05/12	23:31:03	40.53876	141.55730	0	0.0	3	3.3	196
2024/05/12	23:32:01	40.53893	141.55735	0	0.0	3	3.3	137
2024/05/12	23:33:01	40.53890	141.55730	-6	0.0	3	3.3	152
2024/05/12	23:34:02	40.53871	141.55718	-16	0.0	3	3.2	175
2024/05/12	23:35:02	40.53870	141.55725	10	0.0	3	3.2	225
2024/05/12	23:36:02	40.53879	141.55726	12	0.0	3	3.2	173
2024/05/12	23:37:01	40.53871	141.55723	-26	0.0	3	3.2	181
2024/05/12	23:38:02	40.53871	141.55733	8	0.0	3	3.2	216
2024/05/12	23:39:02	40.53882	141.55729	-4	0.0	3	3.2	232
2024/05/12	23:40:02	40.53902	141.55732	32	0.0	3	3.2	234
2024/05/12	23:41:02	40.53886	141.55729	-22	0.0	3	3.2	232
2024/05/12	23:42:01	40.53884	141.55726	-6	0.0	3	3.2	186
2024/05/12	23:43:02	40.53898	141.55736	-22	0.0	3	3.1	213
2024/05/12	23:44:01	40.53882	141.55735	-20	0.0	3	3.1	184
2024/05/12	23:45:01	40.53884	141.55715	-6	0.0	3	3.1	182
2024/05/12	23:46:02	40.53876	141.55730	-4	0.0	3	3.1	236
2024/05/12	23:47:01	40.53884	141.55720	46	0.0	3	3.1	177
2024/05/12	23:48:01	40.53881	141.55730	-18	0.0	3	3.1	185
2024/05/12	23:49:01	40.53879	141.55716	2	0.0	3	3.1	186
2024/05/12	23:50:01	40.53862	141.55737	-12	0.0	3	3.1	187
2024/05/12	23:51:01	40.53883	141.55730	58	0.0	3	3.0	185
2024/05/12	23:52:01	40.53881	141.55725	4	0.0	3	3.0	185
2024/05/12	23:53:03	40.53869	141.55735	-44	0.0	3	3.0	212
2024/05/12	23:54:02	40.53874	141.55725	22	0.0	3	3.0	231
2024/05/12	23:55:02	40.53886	141.55729	-10	0.0	3	3.0	234
2024/05/12	23:56:02	40.53893	141.55731	20	0.0	3	3.0	237
2024/05/12	23:57:02	40.53886	141.55724	18	0.0	3	3.0	215
2024/05/12	23:58:02	40.53891	141.55722	18	0.0	3	3.0	240
2024/05/12	23:59:02	40.53879	141.55724	-10	0.0	3	2.4	239
2024/05/13	00:00:02	40.53898	141.55727	-20	0.0	3	2.4	242
2024/05/13	00:01:03	40.53885	141.55722	34	0.0	3	2.4	241
2024/05/13	00:02:01	40.53870	141.55727	10	0.0	3	2.4	241
2024/05/13	00:03:02	40.53883	141.55725	4	0.0	3	2.4	262
2024/05/13	00:04:01	40.53891	141.55728	4	0.0	3	2.4	217
2024/05/13	00:05:02	40.53872	141.55724	22	0.0	3	2.4	233
2024/05/13	00:06:03	40.53881	141.55724	2	0.0	3	2.4	242
2024/05/13	00:07:02	40.53861	141.55717	-16	0.0	3	2.4	242
2024/05/13	00:08:03	40.53892	141.55726	-10	0.0	3	2.4	240
2024/05/13	00:09:07	40.53874	141.55729	-12	0.0	3	2.3	237
2024/05/13	00:10:30	40.53881	141.55722	0	0.0	5	1.1	211
2024/05/13	00:11:00	40.53888	141.55723	-2	0.0	4	1.3	215
2024/05/13	00:12:01	40.53886	141.55729	-38	0.0	4	1.3	220
2024/05/13	00:13:00	40.53868	141.55744	64	0.0	4	1.3	212
2024/05/13	00:14:00	40.53886	141.55723	0	0.0	4	1.3	185
2024/05/13	00:15:00	40.53885	141.55724	26	0.0	4	1.3	216
2024/05/13	00:16:00	40.53865	141.55745	30	0.0	4	1.3	214
2024/05/13	00:17:01	40.53880	141.55733	10	0.0	3	1.4	180
2024/05/13	00:18:01	40.53870	141.55724	-28	0.0	3	1.4	183
2024/05/13	00:19:01	40.53890	141.55715	12	0.0	4	1.3	202
2024/05/13	00:20:01	40.53878	141.55728	24	0.0	5	1.2	211
2024/05/13	00:21:00	40.53881	141.55727	4	0.0	5	1.2	215
2024/05/13	00:22:00	40.53878	141.55718	6	0.0	4	1.3	210
2024/05/13	00:23:00	40.53870	141.55720	2	0.0	4	1.3	214
2024/05/13	00:24:00	40.53869	141.55741	32	0.0	4	1.3	156
2024/05/13	00:25:00	40.53896	141.55724	-40	0.0	4	1.3	187
2024/05/13	00:26:01	40.53878	141.55726	2	0.0	4	1.3	184
2024/05/13	00:27:00	40.53891	141.55727	6	0.0	3	2.1	184
2024/05/13	00:28:00	40.53890	141.55722	-56	0.0	4	1.3	208
2024/05/13	00:29:00	40.53882	141.55722	6	0.0	4	1.4	159
2024/05/13	00:30:01	40.53879	141.55717	12	0.0	4	1.4	229
2024/05/13	00:31:00	40.53882	141.55722	26	0.0	4	1.4	206
2024/05/13	00:32:00	40.53886	141.55708	54	3.7	4	1.4	208
2024/05/13	00:33:01	40.53885	141.55719	-14	0.0	4	1.4	221
2024/05/13	00:34:00	40.53876	141.55732	-6	0.0	4	1.4	204
2024/05/13	00:35:00	40.53885	141.55727	18	0.0	4	1.4	209
2024/05/13	00:36:00	40.53879	141.55719	14	0.0	4	1.4	181
2024/05/13	00:37:00	40.53870	141.55732	-16	0.0	4	2.0	182
2024/05/13	00:38:00	40.53885	141.55718	-2	0.0	4	2.0	230
2024/05/13	00:39:01	40.53873	141.55724	6	0.0	4	2.0	228
2024/05/13	00:40:00	40.53883	141.55729	4	0.0	4	2.0	207
2024/05/13	00:41:00	40.53881	141.55723	-0	0.0	4	2.0	213
2024/05/13	00:42:00	40.53882	141.55728	-6	0.0	4	2.0	206
2024/05/13	00:43:01	40.53882	141.55726	2	0.0	5	2.0	260
2024/05/13	00:44:01	40.53876	141.55727	10	0.0	5	2.0	259
2024/05/13	00:45:00	40.53883	141.55729	10	0.0	4	2.1	234
2024/05/13	00:46:00	40.53869	141.55737	0	0.0	4	2.1	242
2024/05/13	00:47:00	40.53884	141.55720	-8	0.0	4	2.2	238
2024/05/13	00:48:00	40.53878	141.55727	-6	0.0	4	2.2	236
2024/05/13	00:49:00	40.53892	141.55722	2	0.0	4	2.2	236
2024/05/13	00:50:01	40.53882	141.55722	12	0.0	5	2.2	237
2024/05/13	00:51:01	40.53878	141.55736	16	0.0	5	2.2	260
2024/05/13	00:52:00	40.53852	141.55747	28	3.7	5	2.3	270
2024/05/13	00:53:00	40.53875	141.55734	-8	0.0	4	2.4	258
2024/05/13	00:54:00	40.53865	141.55743	-2	0.0	4	2.4	234
2024/05/13	00:55:01	40.53870	141.55735	-12	0.0	5	2.4	261
2024/05/13	00:56:01	40.53873	141.55724	-6	0.0	5	2.4	261
2024/05/13	00:57:01	40.53884	141.55722	10	0.0	5	2.4	265
2024/05/13	00:58:01	40.53878	141.55730	16	0.0	5	2.4	264
2024/05/13	00:59:01	40.53875	141.55739	20	0.0	4	3.2	261
2024/05/13	01:00:01	40.53873	141.55728	6	0.0	5	3.0	263
2024/05/13	01:01:01	40.53881	141.55723	-10	0.0	5	3.0	262
2024/05/13	01:02:01	40.53878	141.55721	8	0.0	5	3.0	261
2024/05/13	01:03:01	40.53880	141.55719	-0	0.0	5	3.0	261
2024/05/13	01:04:01	40.53847	141.55765	-56	0.0	3	11.4	259
2024/05/13	01:05:01	40.53893	141.55718	6	0.0	4	4.2	259
2024/05/13	01:06:01	40.53881	141.55723	-4	0.0	5	3.1	256
2024/05/13	01:07:01	40.53890	141.55718	12	0.0	4	5.0	253
2024/05/13	01:08:01	40.53862	141.55739	-0	0.0	5	3.1	222
2024/05/13	01:09:01	40.53866	141.55732	-6	0.0	5	3.0	251
2024/05/13	01:10:02	40.53874	141.55734	12	0.0	5	3.0	252
2024/05/13	01:11:01	40.53823	141.55779	-60	0.0	3	9.4	247
2024/05/13	01:12:01	40.53891	141.55713	12	0.0	4	3.4	248
2024/05/13	01:13:01	40.53879	141.55729	-0	0.0	4	3.4	223
2024/05/13	01:14:01	40.53871	141.55725	-0	0.0	5	3.0	231
2024/05/13	01:15:01	40.53884	141.55719	4	0.0	5	2.4	231
2024/05/13	01:16:01	40.53883	141.55722	8	0.0	5	2.4	223
2024/05/13	01:17:01	40.53874	141.55725	-8	0.0	5	2.4	230
2024/05/13	01:18:01	40.53879	141.55721	-4	0.0	5	2.4	233
2024/05/13	01:19:01	40.53903	141.55718	-4	0.0	4	4.1	228
2024/05/13	01:20:01	40.53856	141.55738	0	0.0	5	2.3	231
2024/05/13	01:21:01	40.53873	141.55730	2	0.0	5	2.3	234
2024/05/13	01:22:01	40.53890	141.55720	4	0.0	4	4.1	233
2024/05/13	01:23:01	40.53884	141.55713	-8	0.0	5	2.2	232
2024/05/13	01:24:01	40.53864	141.55727	-0	0.0	5	2.2	234
2024/05/13	01:25:01	40.53875	141.55732	0	0.0	5	2.2	235
2024/05/13	01:26:01	40.53889	141.55715	-4	0.0	5	2.2	233
2024/05/13	01:27:01	40.53867	141.55729	0	0.0	5	2.2	256
2024/05/13	01:28:01	40.53860	141.55735	6	0.0	4	4.1	229
2024/05/13	01:29:01	40.53887	141.55718	10	0.0	5	2.1	223
2024/05/13	01:30:01	40.53879	141.55722	-12	0.0	4	4.1	249
2024/05/13	01:31:01	40.53884	141.55719	0	0.0	4	4.3	255
2024/05/13	01:32:01	40.53876	141.55726	-10	0.0	4	4.3	259
2024/05/13	01:33:01	40.53841	141.55750	-8	0.0	4	4.2	256
2024/05/13	01:34:01	40.53891	141.55716	4	0.0	5	2.0	260
2024/05/13	01:35:01	40.53863	141.55734	-4	0.0	5	2.0	260
2024/05/13	01:36:01	40.53871	141.55727	8	0.0	5	2.0	256
2024/05/13	01:37:01	40.53895	141.55622	8	0.0	5	2.0	293
2024/05/13	01:38:02	40.53919	141.55599	-8	0.0	4	4.2	283
2024/05/13	01:39:03	40.53899	141.55620	2	0.0	4	3.3	225
2024/05/13	01:40:01	40.53899	141.55622	8	0.0	4	3.2	290
2024/05/13	01:41:01	40.53876	141.55637	-6	0.0	5	1.4	284
2024/05/13	01:42:01	40.53899	141.55620	-0	0.0	5	1.4	288
2024/05/13	01:43:00	40.53880	141.55637	-2	0.0	5	1.4	317
2024/05/13	01:44:01	40.53875	141.55637	2	0.0	5	1.4	292
2024/05/13	01:45:01	40.53881	141.55628	-18	0.0	5	1.3	286
2024/05/13	01:46:01	40.53891	141.55626	-4	0.0	5	1.3	287
2024/05/13	01:47:01	40.53905	141.55630	2	0.0	5	1.4	277
2024/05/13	01:48:00	40.53899	141.55632	16	0.0	4	2.4	297
2024/05/13	01:49:01	40.53888	141.55635	12	0.0	5	1.3	262
2024/05/13	01:50:01	40.53885	141.55635	-2	0.0	4	2.3	292
2024/05/13	01:51:01	40.53881	141.55623	-4	0.0	4	2.3	283
2024/05/13	01:52:01	40.53891	141.55624	-18	0.0	5	1.3	284
2024/05/13	01:53:01	40.53889	141.55614	-16	0.0	3	3.2	287
2024/05/13	01:54:01	40.53878	141.55636	6	0.0	4	1.3	259
2024/05/13	01:55:01	40.53886	141.55621	-0	0.0	5	1.2	268
2024/05/13	01:56:01	40.53898	141.55623	0	0.0	4	2.2	284
2024/05/13	01:57:00	40.53881	141.55607	-28	0.0	4	2.3	273
2024/05/13	01:58:01	40.53896	141.55636	4	0.0	5	1.2	296
2024/05/13	01:59:01	40.53898	141.55629	10	0.0	5	1.2	273
2024/05/13	02:00:01	40.53889	141.55622	-14	0.0	5	1.2	275
2024/05/13	02:01:01	40.53881	141.55630	-4	0.0	5	1.2	284
2024/05/13	02:02:01	40.53878	141.55638	14	0.0	5	1.2	284
2024/05/13	02:03:01	40.53879	141.55622	-14	0.0	4	2.1	294
2024/05/13	02:04:01	40.53899	141.55639	6	0.0	3	6.1	287
2024/05/13	02:05:01	40.53913	141.55649	24	0.0	3	6.1	284
2024/05/13	02:06:01	40.53890	141.55623	-8	0.0	3	6.2	292
2024/05/13	02:07:01	40.53902	141.55617	0	0.0	4	2.0	267
2024/05/13	02:08:01	40.53895	141.55623	4	0.0	4	2.0	291
2024/05/13	02:09:01	40.53862	141.55607	-44	0.0	3	6.2	264
2024/05/13	02:10:01	40.53880	141.55634	-6	0.0	4	2.0	274
2024/05/13	02:11:01	40.53892	141.55628	-2	0.0	4	2.0	267
2024/05/13	02:12:00	40.53888	141.55625	-20	0.0	4	2.0	273
2024/05/13	02:13:01	40.53888	141.55622	-8	0.0	4	1.4	281
2024/05/13	02:14:01	40.53927	141.55540	-6	40.7	5	1.1	277
2024/05/13	02:15:02	40.54026	141.54697	14	40.7	4	1.4	287
2024/05/13	02:16:03	40.54223	141.53761	-16	48.2	3	7.0	267
2024/05/13	02:17:01	40.54591	141.52903	10	51.9	4	4.0	262
2024/05/13	02:18:02	40.54566	141.51856	24	48.2	4	1.4	284
2024/05/13	02:19:02	40.54345	141.50823	14	48.2	4	1.4	275
2024/05/13	02:20:02	40.54173	141.50589	64	0.0	3	6.2	285
2024/05/13	02:21:02	40.54226	141.50571	-10	0.0	3	6.2	284
2024/05/13	02:22:02	40.54170	141.50591	82	0.0	3	6.1	267
2024/05/13	02:23:03	40.54247	141.50606	-20	0.0	3	6.1	281
2024/05/13	02:24:02	40.54251	141.50631	-10	22.2	5	1.1	283
2024/05/13	02:25:02	40.54281	141.50855	4	3.7	3	6.0	302
2024/05/13	02:26:02	40.54508	141.51109	-28	25.9	3	5.4	284
2024/05/13	02:27:02	40.54710	141.51460	-10	0.0	3	9.0	278
2024/05/13	02:28:02	40.54735	141.51435	-24	0.0	2	10.4	307
2024/05/13	02:29:02	40.54782	141.51426	-84	0.0	3	11.2	280
2024/05/13	02:30:15	40.54731	141.51452	-36	0.0	4	3.4	263
2024/05/13	02:31:06	40.54736	141.51426	-22	3.7	3	5.2	278
2024/05/13	02:32:03	40.54671	141.51475	36	3.7	3	5.2	288
2024/05/13	02:33:06	40.54722	141.51450	-14	0.0	3	5.2	247
2024/05/13	02:34:03	40.54747	141.51435	-28	22.2	3	5.1	289
2024/05/13	02:35:06	40.54733	141.51460	-20	0.0	3	5.1	284
2024/05/13	02:36:04	40.54707	141.51477	6	3.7	3	5.1	264
2024/05/13	02:37:02	40.54696	141.51462	32	0.0	3	5.1	260
2024/05/13	02:38:04	40.54700	141.51483	36	0.0	2	5.3	260
2024/05/13	02:39:02	40.54746	141.51458	-36	0.0	3	5.0	302
2024/05/13	02:40:02	40.54735	141.51449	-2	0.0	3	5.0	283
2024/05/13	02:41:03	40.54734	141.51455	-28	0.0	3	4.4	196
2024/05/13	02:42:03	40.54700	141.51463	44	3.7	3	4.4	253
2024/05/13	02:43:04	40.54737	141.51461	-24	0.0	3	4.4	235
2024/05/13	02:44:04	40.54710	141.51467	12	0.0	3	4.4	268
2024/05/13	02:45:04	40.54699	141.51468	16	0.0	3	4.3	262
2024/05/13	02:46:05	40.54705	141.51479	2	0.0	3	4.3	262
2024/05/13	02:47:04	40.54702	141.51457	16	0.0	2	5.3	270
2024/05/13	02:48:06	40.54739	141.51498	20	0.0	2	5.3	261
2024/05/13	02:49:38	40.54721	141.51453	-4	0.0	7	1.0	289
2024/05/13	02:50:00	40.54715	141.51436	22	0.0	5	1.1	272
2024/05/13	02:51:01	40.54722	141.51459	-18	0.0	7	1.1	284
2024/05/13	02:52:00	40.54721	141.51458	-4	0.0	5	1.2	223
2024/05/13	02:53:00	40.54746	141.51487	-58	0.0	5	2.0	303
2024/05/13	02:54:00	40.54726	141.51462	4	0.0	6	1.3	281
2024/05/13	02:55:00	40.54721	141.51441	-42	0.0	3	1.4	247
2024/05/13	02:56:00	40.54720	141.51448	-6	0.0	7	1.0	266
2024/05/13	02:57:00	40.54721	141.51455	18	0.0	3	1.4	224
2024/05/13	02:58:00	40.54738	141.51478	-34	0.0	4	2.0	237
2024/05/13	02:59:00	40.54729	141.51428	10	0.0	3	1.4	233
2024/05/13	03:00:00	40.54738	141.51444	14	0.0	4	1.3	181
2024/05/13	03:01:00	40.55029	141.51436	12	33.3	5	1.1	227
2024/05/13	03:02:02	40.55552	141.51546	-34	37.0	3	4.0	234
2024/05/13	03:03:02	40.55682	141.51577	2	0.0	4	2.0	201
2024/05/13	03:04:01	40.55668	141.51572	-2	0.0	5	1.2	217
2024/05/13	03:05:00	40.55678	141.51577	-6	0.0	3	1.4	227
2024/05/13	03:06:01	40.55673	141.51559	6	0.0	3	1.4	183
2024/05/13	03:07:01	40.55665	141.51558	4	0.0	5	1.3	252
2024/05/13	03:08:00	40.55678	141.51569	4	0.0	4	1.3	257
2024/05/13	03:09:00	40.55673	141.51559	10	0.0	5	1.2	253
2024/05/13	03:10:00	40.55666	141.51566	18	0.0	4	1.2	235
2024/05/13	03:11:00	40.55674	141.51554	4	0.0	4	2.4	151
2024/05/13	03:12:00	40.55667	141.51566	6	0.0	5	1.2	208
2024/05/13	03:13:00	40.55681	141.51564	10	0.0	5	1.2	188
2024/05/13	03:14:01	40.55676	141.51558	16	0.0	5	1.2	251
2024/05/13	03:15:00	40.55653	141.51535	8	0.0	4	1.3	204
2024/05/13	03:16:01	40.55681	141.51583	-2	0.0	4	2.3	232
2024/05/13	03:17:00	40.55666	141.51571	-22	0.0	4	1.4	231
2024/05/13	03:18:01	40.55669	141.51567	14	0.0	4	1.3	243
2024/05/13	03:19:01	40.55671	141.51568	-0	0.0	6	1.1	259
2024/05/13	03:20:00	40.55676	141.51562	2	0.0	4	1.3	218
2024/05/13	03:21:00	40.55659	141.51565	-34	0.0	3	2.0	199
2024/05/13	03:22:00	40.55679	141.51553	36	0.0	4	1.3	182
2024/05/13	03:23:00	40.55661	141.51564	-42	0.0	3	1.4	232
2024/05/13	03:24:00	40.55669	141.51523	70	0.0	3	1.4	185
2024/05/13	03:25:01	40.55667	141.51569	-20	0.0	5	1.3	281
2024/05/13	03:26:00	40.55664	141.51559	-8	0.0	6	1.1	266
2024/05/13	03:27:00	40.55676	141.51464	124	3.7	3	2.4	244
2024/05/13	03:28:00	40.55665	141.51495	-2	0.0	5	1.1	241
2024/05/13	03:29:00	40.55690	141.51504	12	0.0	3	2.2	145
2024/05/13	03:30:00	40.55519	141.51645	2	18.5	3	1.3	146
2024/05/13	03:31:01	40.55558	141.52076	0	29.6	3	1.3	194
2024/05/13	03:32:01	40.55751	141.52524	6	33.3	3	1.3	202
2024/05/13	03:33:02	40.55883	141.53067	-4	33.3	6	1.1	273
2024/05/13	03:34:00	40.55870	141.53526	12	0.0	4	2.2	260
2024/05/13	03:35:00	40.55852	141.53510	-0	0.0	6	1.1	238
2024/05/13	03:36:00	40.55850	141.53506	0	0.0	5	2.0	264
2024/05/13	03:37:00	40.55868	141.53504	0	0.0	6	1.1	237
2024/05/13	03:38:00	40.55873	141.53507	-6	0.0	4	2.3	257
2024/05/13	03:39:00	40.55866	141.53503	-16	0.0	5	1.3	259
2024/05/13	03:40:00	40.55878	141.53479	-46	0.0	4	2.2	183
2024/05/13	03:41:00	40.55880	141.53495	-0	0.0	7	1.0	299
2024/05/13	03:42:00	40.55878	141.53521	-18	0.0	4	2.4	265
2024/05/13	03:43:00	40.55876	141.53491	16	0.0	4	1.4	265
2024/05/13	03:44:00	40.55870	141.53486	4	0.0	3	2.1	180
2024/05/13	03:45:00	40.55871	141.53489	-2	0.0	5	1.3	239
2024/05/13	03:46:00	40.55892	141.53488	-28	0.0	4	1.4	234
2024/05/13	03:47:00	40.55882	141.53498	4	0.0	5	1.3	255
2024/05/13	03:48:00	40.55890	141.53546	-184	0.0	3	2.4	209
2024/05/13	03:49:00	40.55869	141.53491	-14	0.0	5	1.3	270
2024/05/13	03:50:00	40.55883	141.53504	6	0.0	6	1.1	226
2024/05/13	03:51:00	40.55877	141.53500	10	0.0	4	2.1	264
2024/05/13	03:52:00	40.55876	141.53495	-2	0.0	5	1.3	292
2024/05/13	03:53:00	40.55884	141.53494	16	0.0	7	1.0	278
2024/05/13	03:54:01	40.55890	141.53490	-8	0.0	5	1.2	260
2024/05/13	03:55:00	40.55895	141.53490	-16	0.0	5	1.2	262
2024/05/13	03:56:00	40.55884	141.53502	-10	0.0	6	1.0	271
2024/05/13	03:57:00	40.55886	141.53498	-0	0.0	6	1.0	251
2024/05/13	03:58:00	40.55890	141.53501	-10	0.0	5	1.1	243
2024/05/13	03:59:00	40.55894	141.53507	-18	0.0	4	1.3	239
2024/05/13	04:00:00	40.55894	141.53498	-18	0.0	6	1.3	276
2024/05/13	04:01:00	40.55890	141.53507	-32	0.0	4	1.4	268
2024/05/13	04:02:00	40.55886	141.53512	-42	0.0	5	1.4	267
2024/05/13	04:03:00	40.55892	141.53496	2	0.0	5	1.3	260
2024/05/13	04:04:00	40.55884	141.53506	40	0.0	4	2.0	236
2024/05/13	04:05:02	40.55853	141.53487	-18	0.0	3	6.2	224
2024/05/13	04:06:01	40.55883	141.53524	-42	0.0	4	2.2	231
2024/05/13	04:07:01	40.55892	141.53468	48	0.0	4	2.2	270
2024/05/13	04:08:01	40.55892	141.53494	-4	0.0	4	2.2	259
2024/05/13	04:09:01	40.55887	141.53496	-6	0.0	6	1.2	238
2024/05/13	04:10:00	40.55876	141.53494	10	0.0	4	2.3	279
2024/05/13	04:11:00	40.55884	141.53506	-2	0.0	5	1.2	235
2024/05/13	04:12:01	40.55888	141.53501	-24	0.0	5	1.2	253
2024/05/13	04:13:00	40.55891	141.53497	30	0.0	4	2.2	205
2024/05/13	04:14:01	40.55887	141.53499	-0	0.0	5	1.2	269
2024/05/13	04:15:00	40.55889	141.53503	2	0.0	5	1.2	263
2024/05/13	04:16:01	40.55884	141.53505	-2	0.0	5	1.2	229
2024/05/13	04:17:00	40.55893	141.53494	6	0.0	4	2.2	223
2024/05/13	04:18:00	40.55880	141.53512	-2	0.0	5	1.2	237
2024/05/13	04:19:00	40.55890	141.53499	-10	0.0	5	2.2	258
2024/05/13	04:20:01	40.55899	141.53492	22	0.0	4	2.1	225
2024/05/13	04:21:00	40.55893	141.53509	-10	0.0	4	2.1	255
2024/05/13	04:22:01	40.55891	141.53495	4	0.0	4	1.3	247
2024/05/13	04:23:00	40.55873	141.53518	66	0.0	5	2.3	288
2024/05/13	04:24:00	40.55885	141.53511	-12	0.0	4	2.1	264
2024/05/13	04:25:00	40.55900	141.53492	-58	0.0	4	2.4	267
2024/05/13	04:26:00	40.55883	141.53509	16	0.0	5	1.2	256
2024/05/13	04:27:01	40.55882	141.53501	6	0.0	5	1.2	259
2024/05/13	04:28:00	40.55895	141.53496	0	0.0	5	1.2	257
2024/05/13	04:29:00	40.55897	141.53495	-8	0.0	5	1.2	258
2024/05/13	04:30:00	40.55884	141.53504	0	0.0	5	1.2	288
2024/05/13	04:31:00	40.55900	141.53491	-4	0.0	6	1.2	294
2024/05/13	04:32:00	40.55892	141.53495	-16	0.0	6	1.2	293
2024/05/13	04:33:01	40.55891	141.53499	-16	0.0	6	1.2	295
2024/05/13	04:34:01	40.55890	141.53497	0	0.0	5	2.0	270
2024/05/13	04:35:01	40.55888	141.53496	-0	0.0	6	1.2	259
2024/05/13	04:36:00	40.55868	141.53514	6	0.0	3	1.3	210
2024/05/13	04:37:00	40.55906	141.53498	-34	0.0	3	2.2	294
2024/05/13	04:38:00	40.55878	141.53509	24	0.0	5	1.3	268
2024/05/13	04:39:01	40.55894	141.53499	-4	0.0	6	1.3	282
2024/05/13	04:40:01	40.55887	141.53509	16	0.0	4	2.1	226
2024/05/13	04:41:02	40.55911	141.53480	-30	0.0	4	4.2	254
2024/05/13	04:42:00	40.55887	141.53504	14	0.0	5	1.3	298
2024/05/13	04:43:01	40.55883	141.53508	12	0.0	5	1.3	295
2024/05/13	04:44:00	40.55886	141.53500	-10	0.0	5	1.3	301
2024/05/13	04:45:00	40.55889	141.53510	6	0.0	5	1.3	276
2024/05/13	04:46:00	40.55883	141.53502	14	0.0	5	1.4	298
2024/05/13	04:47:00	40.55899	141.53487	12	3.7	4	1.4	296
2024/05/13	04:48:00	40.55887	141.53496	-0	0.0	6	1.4	275
2024/05/13	04:49:00	40.55903	141.53504	8	0.0	3	2.0	290
2024/05/13	04:50:00	40.55924	141.53493	-38	0.0	3	2.2	255
2024/05/13	04:51:01	40.55914	141.53496	-4	0.0	6	1.4	289
2024/05/13	04:52:00	40.55906	141.53501	4	0.0	6	1.4	292
2024/05/13	04:53:00	40.55899	141.53520	14	0.0	4	2.0	293
2024/05/13	04:54:00	40.55904	141.53504	2	0.0	5	1.4	265
2024/05/13	04:55:00	40.55905	141.53492	-8	0.0	5	2.0	275
2024/05/13	04:56:00	40.55914	141.53492	-14	0.0	5	2.1	236
2024/05/13	04:57:00	40.55905	141.53498	-20	0.0	3	2.2	262
2024/05/13	04:58:00	40.55926	141.53463	-88	0.0	5	2.0	297
2024/05/13	04:59:00	40.55905	141.53503	12	0.0	5	2.0	288
2024/05/13	05:00:00	40.55913	141.53502	0	0.0	6	2.0	290
2024/05/13	05:01:00	40.55931	141.53476	-36	0.0	3	2.4	267
2024/05/13	05:02:00	40.55900	141.53511	24	0.0	6	2.0	286
2024/05/13	05:03:00	40.55904	141.53500	26	0.0	4	2.1	260
2024/05/13	05:04:00	40.55894	141.53507	8	0.0	6	2.0	294
2024/05/13	05:05:01	40.55916	141.53498	-24	0.0	5	2.1	264
2024/05/13	05:06:00	40.55902	141.53518	20	0.0	5	2.1	230
2024/05/13	05:07:00	40.55887	141.53510	56	0.0	5	2.1	291
2024/05/13	05:08:00	40.55952	141.53488	-38	7.4	3	2.2	236
2024/05/13	05:09:01	40.55915	141.53495	-2	0.0	4	2.2	258
2024/05/13	05:10:01	40.55899	141.53505	16	0.0	6	2.1	268
2024/05/13	05:11:00	40.55904	141.53495	-20	0.0	5	2.1	296
2024/05/13	05:12:01	40.55894	141.53509	18	0.0	5	2.1	293
2024/05/13	05:13:00	40.55903	141.53499	2	0.0	4	2.2	212
2024/05/13	05:14:00	40.55921	141.53492	-10	0.0	4	2.2	291
2024/05/13	05:15:00	40.55914	141.53483	-16	0.0	4	2.2	262
2024/05/13	05:16:01	40.55911	141.53494	-12	0.0	4	2.2	289
2024/05/13	05:17:01	40.55904	141.53512	12	0.0	4	2.2	290
2024/05/13	05:18:00	40.55908	141.53505	-4	0.0	4	2.2	263
2024/05/13	05:19:01	40.55911	141.53499	-0	0.0	4	2.1	289
2024/05/13	05:20:00	40.55897	141.53515	2	0.0	4	2.1	290
2024/05/13	05:21:01	40.55904	141.53506	20	0.0	5	2.1	290
2024/05/13	05:22:00	40.55889	141.53520	32	0.0	5	2.1	293
2024/05/13	05:23:01	40.55903	141.53506	16	0.0	5	2.1	293
2024/05/13	05:24:00	40.55927	141.53486	-24	0.0	4	2.1	235
2024/05/13	05:25:01	40.55903	141.53516	12	0.0	5	2.1	301
2024/05/13	05:26:01	40.55904	141.53501	0	0.0	4	2.1	292
2024/05/13	05:27:00	40.55909	141.53491	-24	0.0	4	2.1	289
2024/05/13	05:28:01	40.55917	141.53496	-12	0.0	5	2.1	268
2024/05/13	05:29:01	40.55904	141.53516	14	0.0	4	2.1	289
2024/05/13	05:30:01	40.55904	141.53502	-0	0.0	4	2.1	290
2024/05/13	05:31:01	40.55924	141.53499	-2	0.0	4	2.1	300
2024/05/13	05:32:00	40.55910	141.53492	-14	0.0	4	2.1	274
2024/05/13	05:33:00	40.55911	141.53486	-12	0.0	4	2.1	308
2024/05/13	05:34:00	40.55893	141.53510	12	0.0	4	2.1	304
2024/05/13	05:35:00	40.55907	141.53487	-2	0.0	4	2.1	308
2024/05/13	05:36:00	40.55905	141.53505	4	0.0	4	2.0	303
2024/05/13	05:37:01	40.55923	141.53490	-50	0.0	4	2.0	296
2024/05/13	05:38:01	40.55911	141.53511	20	0.0	3	2.4	249
2024/05/13	05:39:01	40.55921	141.53491	-10	0.0	4	2.0	274
2024/05/13	05:40:01	40.55926	141.53486	0	0.0	4	2.0	268
2024/05/13	05:41:02	40.55907	141.53504	-0	0.0	5	2.0	272
2024/05/13	05:42:00	40.55907	141.53506	8	0.0	4	2.0	295
2024/05/13	05:43:00	40.55916	141.53518	22	0.0	3	2.1	270
2024/05/13	05:44:00	40.55922	141.53482	-6	0.0	4	2.0	296
2024/05/13	05:45:00	40.55908	141.53507	-0	0.0	4	2.0	273
2024/05/13	05:46:00	40.55905	141.53501	8	0.0	4	2.0	241
2024/05/13	05:47:02	40.55912	141.53511	8	0.0	4	2.1	272
2024/05/13	05:48:02	40.55909	141.53512	14	0.0	4	2.0	299
2024/05/13	05:49:01	40.55909	141.53500	10	0.0	4	2.0	292
2024/05/13	05:50:02	40.55999	141.53493	-6	18.5	4	2.0	282
2024/05/13	05:51:03	40.56308	141.53471	-20	25.9	3	5.0	272
2024/05/13	05:52:03	40.56693	141.53596	30	37.0	4	2.0	250
2024/05/13	05:53:02	40.56915	141.54136	24	51.9	5	1.4	248
2024/05/13	05:54:03	40.56240	141.54597	8	51.9	4	3.0	253
2024/05/13	05:55:01	40.55519	141.55021	16	55.6	4	2.3	258
2024/05/13	05:56:02	40.54952	141.55403	10	51.9	4	1.4	246
2024/05/13	05:57:03	40.54248	141.55618	12	44.4	5	1.4	248
2024/05/13	05:58:02	40.53888	141.55635	-2	0.0	3	3.0	293
2024/05/13	05:59:02	40.53885	141.55634	8	0.0	3	3.0	262
2024/05/13	06:00:30	40.53889	141.55625	0	0.0	6	0.4	260
2024/05/13	06:01:01	40.53889	141.55629	8	0.0	6	1.0	266
2024/05/13	06:02:00	40.53885	141.55717	36	0.0	3	1.2	179
2024/05/13	06:03:01	40.53882	141.55725	18	0.0	3	2.4	219
2024/05/13	06:04:01	40.53871	141.55706	22	0.0	4	2.3	249
2024/05/13	06:05:02	40.53871	141.55723	20	0.0	3	2.4	249
2024/05/13	06:06:01	40.53898	141.55737	-22	0.0	3	2.4	250
2024/05/13	06:07:02	40.53880	141.55722	8	0.0	4	1.2	250
2024/05/13	06:08:01	40.53860	141.55700	48	0.0	3	2.4	249
2024/05/13	06:09:02	40.53881	141.55728	12	0.0	5	1.1	252
2024/05/13	06:10:02	40.53874	141.55728	12	0.0	4	1.2	242
2024/05/13	06:11:02	40.53876	141.55719	-4	0.0	3	1.2	242
2024/05/13	06:12:02	40.53883	141.55727	-2	0.0	5	1.1	246
2024/05/13	06:13:02	40.53881	141.55728	18	0.0	4	1.1	250
2024/05/13	06:14:01	40.53875	141.55715	24	0.0	3	2.3	233
2024/05/13	06:15:01	40.53876	141.55723	-8	0.0	4	1.1	233
2024/05/13	06:16:01	40.53877	141.55726	10	0.0	4	1.1	233
2024/05/13	06:17:01	40.53864	141.55694	30	0.0	3	2.3	235
2024/05/13	06:18:01	40.53883	141.55730	8	0.0	4	1.2	232
2024/05/13	06:19:00	40.53890	141.55727	0	0.0	3	2.4	202
2024/05/13	06:20:02	40.53878	141.55726	-6	0.0	2	1.4	235
2024/05/13	06:21:02	40.53884	141.55719	-16	0.0	4	1.1	251
2024/05/13	06:22:01	40.53879	141.55728	26	0.0	4	1.2	180
2024/05/13	06:23:01	40.53879	141.55722	-18	0.0	4	1.2	229
2024/05/13	06:24:01	40.53875	141.55730	-14	0.0	4	1.2	210
2024/05/13	06:25:01	40.53873	141.55710	-32	0.0	3	2.4	234
2024/05/13	06:26:01	40.53876	141.55721	-14	0.0	4	1.2	236
2024/05/13	06:27:01	40.53872	141.55720	18	0.0	4	1.2	234
2024/05/13	06:28:01	40.53877	141.55723	-0	0.0	4	1.2	206
2024/05/13	06:29:01	40.53877	141.55722	2	0.0	4	1.2	208
2024/05/13	06:30:02	40.53880	141.55717	14	0.0	4	1.2	254
2024/05/13	06:31:01	40.53876	141.55711	-6	0.0	4	1.2	209
2024/05/13	06:32:01	40.53881	141.55727	14	0.0	4	1.2	210
2024/05/13	06:33:01	40.53867	141.55725	14	0.0	4	1.2	231
2024/05/13	06:34:00	40.53883	141.55724	-2	0.0	4	1.2	202
2024/05/13	06:35:01	40.53881	141.55727	-12	0.0	4	1.2	204
2024/05/13	06:36:01	40.53874	141.55709	18	0.0	4	1.2	208
2024/05/13	06:37:01	40.53889	141.55740	-12	0.0	4	1.2	206
2024/05/13	06:38:00	40.53886	141.55724	48	0.0	3	1.2	177
2024/05/13	06:39:00	40.53871	141.55716	4	0.0	4	1.2	183
2024/05/13	06:40:01	40.53880	141.55730	14	0.0	4	1.2	210
2024/05/13	06:41:01	40.53887	141.55719	-12	0.0	4	1.2	236
2024/05/13	06:42:02	40.53878	141.55722	2	0.0	4	1.2	253
2024/05/13	06:43:00	40.53872	141.55728	4	0.0	3	2.2	208
2024/05/13	06:44:00	40.53875	141.55720	-16	0.0	3	2.2	208
2024/05/13	06:45:00	40.53872	141.55732	22	0.0	3	2.2	187
2024/05/13	06:46:01	40.53882	141.55720	12	0.0	4	1.1	212
2024/05/13	06:47:01	40.53878	141.55719	20	0.0	3	2.2	176
2024/05/13	06:48:01	40.53897	141.55728	12	0.0	3	2.3	202
2024/05/13	06:49:01	40.53881	141.55721	14	0.0	4	1.1	208
2024/05/13	06:50:01	40.53882	141.55726	32	0.0	3	2.3	172
2024/05/13	06:51:01	40.53883	141.55722	22	0.0	3	2.3	208
2024/05/13	06:52:01	40.53899	141.55735	22	0.0	3	2.4	228
2024/05/13	06:53:01	40.53887	141.55725	4	0.0	3	2.4	175
2024/05/13	06:54:01	40.53883	141.55732	-30	0.0	3	2.4	207
2024/05/13	06:55:01	40.53870	141.55706	2	0.0	4	1.1	211
2024/05/13	06:56:02	40.53880	141.55723	4	0.0	4	1.1	208
2024/05/13	06:57:03	40.53885	141.55728	0	0.0	4	1.1	208
2024/05/13	06:58:03	40.53879	141.55715	-16	0.0	3	3.0	201
2024/05/13	06:59:02	40.53887	141.55741	20	0.0	3	3.1	225
2024/05/13	07:00:03	40.53880	141.55719	18	0.0	3	3.1	192
2024/05/13	07:01:02	40.53877	141.55720	16	0.0	4	1.1	209
2024/05/13	07:02:02	40.53886	141.55727	24	0.0	3	3.2	227
2024/05/13	07:03:02	40.53897	141.55733	10	0.0	4	1.1	228
2024/05/13	07:04:01	40.53894	141.55723	4	0.0	4	1.2	209
2024/05/13	07:05:02	40.53873	141.55724	-6	0.0	4	1.2	205
2024/05/13	07:06:03	40.53875	141.55728	-2	0.0	4	1.2	206
2024/05/13	07:07:03	40.53877	141.55721	10	0.0	4	1.2	208
2024/05/13	07:08:02	40.53880	141.55724	-0	0.0	4	1.2	225
2024/05/13	07:09:02	40.53858	141.55723	-26	0.0	3	3.4	197
2024/05/13	07:10:02	40.53860	141.55710	14	0.0	2	4.1	167
2024/05/13	07:11:02	40.53871	141.55721	26	0.0	3	2.2	172
2024/05/13	07:12:02	40.53880	141.55728	34	0.0	2	4.1	194
2024/05/13	07:13:02	40.53881	141.55728	14	0.0	2	4.1	170
2024/05/13	07:14:03	40.53870	141.55717	-6	0.0	3	2.2	202
2024/05/13	07:15:02	40.53868	141.55724	0	0.0	2	4.2	195
2024/05/13	07:16:03	40.53881	141.55730	10	0.0	2	4.2	201
2024/05/13	07:17:02	40.53880	141.55728	-10	0.0	2	4.2	200
2024/05/13	07:18:03	40.53886	141.55720	-18	0.0	2	4.3	197
2024/05/13	07:19:03	40.53861	141.55732	-8	0.0	2	4.3	183
2024/05/13	07:20:03	40.53875	141.55721	-14	0.0	3	2.1	201
2024/05/13	07:21:02	40.53883	141.55722	-4	0.0	3	2.1	202
2024/05/13	07:22:03	40.53883	141.55724	6	0.0	4	1.2	203
2024/05/13	07:23:03	40.53878	141.55719	14	0.0	2	4.4	197
2024/05/13	07:24:02	40.53859	141.55718	-14	0.0	3	4.3	199
2024/05/13	07:25:03	40.53878	141.55724	-2	0.0	2	5.0	197
2024/05/13	07:26:03	40.53884	141.55725	16	0.0	2	5.1	179
2024/05/13	07:27:03	40.53890	141.55732	22	0.0	3	4.3	200
2024/05/13	07:28:03	40.53875	141.55730	-16	0.0	2	5.1	175
2024/05/13	07:29:03	40.53890	141.55729	52	0.0	2	5.2	173
2024/05/13	07:30:03	40.53833	141.55715	-138	0.0	2	5.3	172
2024/05/13	07:31:03	40.53875	141.55720	2	0.0	2	5.3	175
2024/05/13	07:32:03	40.53863	141.55720	-6	0.0	2	5.4	175
2024/05/13	07:33:03	40.53870	141.55712	-8	0.0	2	5.4	178
2024/05/13	07:34:03	40.53895	141.55733	24	0.0	2	6.0	176
2024/05/13	07:35:03	40.53896	141.55724	26	0.0	2	6.0	177
2024/05/13	07:36:02	40.53866	141.55735	-44	0.0	2	6.1	175
2024/05/13	07:37:03	40.53900	141.55720	38	0.0	2	6.2	176
2024/05/13	07:38:03	40.53885	141.55722	24	0.0	3	4.0	176
2024/05/13	07:39:03	40.53857	141.55723	-44	0.0	2	6.3	173
2024/05/13	07:40:03	40.53892	141.55728	54	0.0	2	6.4	175
2024/05/13	07:41:03	40.53889	141.55724	14	0.0	3	4.0	174
2024/05/13	07:42:02	40.53854	141.55707	-42	0.0	2	7.0	176
2024/05/13	07:43:04	40.53867	141.55724	-22	0.0	3	3.4	195
2024/05/13	07:44:02	40.53875	141.55713	-48	0.0	2	7.1	176
2024/05/13	07:45:03	40.53878	141.55729	26	0.0	2	7.2	198
2024/05/13	07:46:02	40.53876	141.55720	-4	0.0	2	7.3	199
2024/05/13	07:47:03	40.53890	141.55722	-0	0.0	2	7.3	201
2024/05/13	07:48:04	40.53845	141.55731	-62	3.7	3	7.2	195
2024/05/13	07:49:03	40.53888	141.55733	74	0.0	2	8.0	199
2024/05/13	07:50:02	40.53921	141.55745	174	0.0	2	8.0	203
2024/05/13	07:51:03	40.53889	141.55722	8	0.0	3	3.2	204
2024/05/13	07:52:02	40.53889	141.55730	58	0.0	2	8.1	203
2024/05/13	07:53:03	40.53869	141.55724	-46	0.0	2	8.2	205
2024/05/13	07:54:24	40.53877	141.55726	-0	0.0	3	3.2	218
2024/05/13	07:55:02	40.53886	141.55718	22	0.0	2	8.2	221
2024/05/13	07:56:07	40.53874	141.55726	-2	0.0	3	3.1	192
2024/05/13	07:57:07	40.53869	141.55720	-34	0.0	3	3.1	215
2024/05/13	07:58:04	40.53873	141.55719	-18	0.0	3	3.1	216
2024/05/13	07:59:04	40.53878	141.55719	-0	0.0	3	3.1	220
2024/05/13	08:00:04	40.53874	141.55719	-2	0.0	3	4.3	220
2024/05/13	08:01:04	40.53864	141.55722	-16	0.0	3	4.3	218
2024/05/13	08:02:04	40.53877	141.55728	4	0.0	3	4.2	218
2024/05/13	08:03:04	40.53871	141.55726	2	0.0	2	3.0	225
2024/05/13	08:04:05	40.53874	141.55729	-18	3.7	3	4.1	216
2024/05/13	08:05:04	40.53873	141.55720	-14	0.0	3	4.1	210
2024/05/13	08:06:04	40.53877	141.55712	-14	0.0	2	3.0	219
2024/05/13	08:07:05	40.53881	141.55729	4	0.0	3	4.0	215
2024/05/13	08:08:07	40.53873	141.55714	-36	0.0	3	4.0	212
2024/05/13	08:09:04	40.53874	141.55711	-36	0.0	2	2.4	195
2024/05/13	08:10:05	40.53874	141.55711	-26	0.0	3	3.4	215
2024/05/13	08:11:07	40.53875	141.55720	-6	0.0	3	3.4	214
2024/05/13	08:12:05	40.53880	141.55723	-4	0.0	2	2.4	208
2024/05/13	08:13:06	40.53877	141.55722	-4	0.0	2	2.4	191
2024/05/13	08:14:06	40.53882	141.55715	-4	0.0	2	2.4	192
2024/05/13	08:15:39	40.53874	141.55726	-6	0.0	5	1.3	211
2024/05/13	08:16:00	40.53859	141.55720	-36	0.0	3	2.3	172
2024/05/13	08:17:01	40.53888	141.55733	-0	0.0	3	2.3	178
2024/05/13	08:18:01	40.53884	141.55725	4	0.0	5	1.3	176
2024/05/13	08:19:01	40.53900	141.55727	44	0.0	4	2.1	174
2024/05/13	08:20:01	40.53883	141.55728	2	0.0	5	1.3	178
2024/05/13	08:21:00	40.53871	141.55721	-22	0.0	4	1.4	178
2024/05/13	08:22:01	40.53875	141.55722	0	0.0	5	1.3	205
2024/05/13	08:23:01	40.53890	141.55723	20	0.0	5	1.3	179
2024/05/13	08:24:01	40.53876	141.55722	-0	0.0	5	1.3	228
2024/05/13	08:25:00	40.53875	141.55726	6	0.0	4	1.3	197
2024/05/13	08:26:00	40.53878	141.55725	0	0.0	4	1.3	198
2024/05/13	08:27:01	40.53879	141.55727	2	0.0	4	1.3	205
2024/05/13	08:28:01	40.53884	141.55723	0	0.0	5	1.3	202
2024/05/13	08:29:01	40.53887	141.55729	22	0.0	5	1.3	201
2024/05/13	08:30:01	40.53877	141.55722	4	0.0	5	1.3	231
2024/05/13	08:31:01	40.53872	141.55728	0	0.0	5	1.3	205
2024/05/13	08:32:01	40.53885	141.55722	4	0.0	5	1.3	231
2024/05/13	08:33:01	40.53887	141.55725	14	0.0	4	2.1	180
2024/05/13	08:34:00	40.53861	141.55729	-26	0.0	4	2.1	202
2024/05/13	08:35:01	40.53885	141.55726	10	0.0	5	1.3	232
2024/05/13	08:36:01	40.53894	141.55748	8	0.0	4	2.1	203
2024/05/13	08:37:01	40.53883	141.55724	4	0.0	5	1.3	230
2024/05/13	08:38:01	40.53887	141.55718	18	0.0	5	1.3	208
2024/05/13	08:39:01	40.53877	141.55725	0	0.0	5	1.3	212
2024/05/13	08:40:01	40.53877	141.55717	6	0.0	5	1.3	210
2024/05/13	08:41:01	40.53873	141.55724	-2	0.0	5	1.3	207
2024/05/13	08:42:01	40.53869	141.55726	-6	0.0	4	2.2	205
2024/05/13	08:43:01	40.53892	141.55738	-4	0.0	4	2.2	205
2024/05/13	08:44:00	40.53868	141.55705	-0	0.0	4	2.2	205
2024/05/13	08:45:01	40.53879	141.55718	14	0.0	4	2.2	233
2024/05/13	08:46:01	40.53879	141.55721	-2	0.0	4	2.2	208
2024/05/13	08:47:01	40.53883	141.55716	24	0.0	4	2.2	231
2024/05/13	08:48:01	40.53878	141.55729	-14	0.0	4	2.3	211
2024/05/13	08:49:01	40.53868	141.55711	-10	0.0	4	2.3	208
2024/05/13	08:50:01	40.53872	141.55729	-6	0.0	4	2.3	212
2024/05/13	08:51:01	40.53873	141.55721	-0	0.0	4	2.3	210
2024/05/13	08:52:01	40.53862	141.55723	-14	0.0	4	2.3	169
2024/05/13	08:53:01	40.53883	141.55727	12	0.0	4	2.3	199
2024/05/13	08:54:01	40.53868	141.55714	6	0.0	4	2.3	201
2024/05/13	08:55:00	40.53882	141.55744	-2	0.0	4	2.3	186
2024/05/13	08:56:01	40.53876	141.55723	2	0.0	4	2.3	230
2024/05/13	08:57:01	40.53875	141.55712	18	0.0	4	2.3	236
2024/05/13	08:58:01	40.53879	141.55728	-18	0.0	4	2.4	235
2024/05/13	08:59:01	40.53895	141.55750	2	0.0	4	2.4	230
2024/05/13	09:00:01	40.53884	141.55733	-2	0.0	4	2.4	207
2024/05/13	09:01:01	40.53869	141.55708	8	0.0	4	2.4	232
2024/05/13	09:02:01	40.53870	141.55714	-4	0.0	4	2.4	235
2024/05/13	09:03:01	40.53886	141.55725	8	0.0	4	2.4	231
2024/05/13	09:04:01	40.53892	141.55733	10	0.0	4	2.4	205
2024/05/13	09:05:00	40.53873	141.55699	20	0.0	4	2.4	213
2024/05/13	09:06:01	40.53886	141.55733	-2	0.0	4	2.4	231
2024/05/13	09:07:02	40.53862	141.55711	-0	0.0	4	2.4	227
2024/05/13	09:08:01	40.53879	141.55721	10	0.0	4	2.4	227
2024/05/13	09:09:02	40.53871	141.55725	2	0.0	4	2.4	228
2024/05/13	09:10:03	40.53874	141.55718	0	0.0	4	2.4	224
2024/05/13	09:11:02	40.53881	141.55734	0	0.0	4	2.4	235
2024/05/13	09:12:01	40.53880	141.55719	6	0.0	4	2.4	211
2024/05/13	09:13:03	40.53875	141.55735	-12	0.0	4	2.4	224
2024/05/13	09:14:02	40.53871	141.55715	8	0.0	4	2.4	227
2024/05/13	09:15:03	40.53872	141.55704	20	0.0	4	2.4	225
2024/05/13	09:16:03	40.53877	141.55726	-14	0.0	3	4.1	209
2024/05/13	09:17:03	40.53876	141.55725	-10	0.0	3	4.1	219
2024/05/13	09:18:03	40.53882	141.55730	-0	0.0	3	4.1	217
2024/05/13	09:19:03	40.53879	141.55741	-22	0.0	3	4.1	200
2024/05/13	09:20:03	40.53879	141.55725	6	0.0	3	4.1	218
2024/05/13	09:21:03	40.53878	141.55717	0	0.0	3	4.1	196
2024/05/13	09:22:03	40.53877	141.55722	0	0.0	3	4.1	212
2024/05/13	09:23:03	40.53878	141.55699	40	0.0	3	4.1	198
2024/05/13	09:24:03	40.53874	141.55730	-18	0.0	3	4.1	186
2024/05/13	09:25:03	40.53876	141.55730	-6	0.0	3	4.0	182
2024/05/13	09:26:03	40.53876	141.55720	6	0.0	3	4.0	214
2024/05/13	09:27:03	40.53878	141.55730	-12	0.0	3	4.0	201
2024/05/13	09:28:03	40.53871	141.55704	28	0.0	3	4.0	201
2024/05/13	09:29:03	40.53882	141.55718	6	0.0	3	4.0	203
2024/05/13	09:30:03	40.53883	141.55728	0	0.0	3	4.0	213
2024/05/13	09:31:03	40.53877	141.55718	10	0.0	3	4.0	202
2024/05/13	09:32:03	40.53876	141.55738	-34	0.0	3	4.0	203
2024/05/13	09:33:03	40.53875	141.55726	-0	0.0	3	4.0	199
2024/05/13	09:34:03	40.53882	141.55719	4	0.0	3	3.4	201
2024/05/13	09:35:03	40.53872	141.55716	14	0.0	3	3.4	199
2024/05/13	09:36:03	40.53876	141.55716	16	0.0	3	3.4	199
2024/05/13	09:37:02	40.53889	141.55753	-112	0.0	2	6.0	200
2024/05/13	09:38:02	40.53907	141.55787	-34	0.0	2	5.2	176
2024/05/13	09:39:03	40.53879	141.55726	-8	0.0	3	3.4	205
2024/05/13	09:40:03	40.53876	141.55728	20	0.0	3	3.3	203
2024/05/13	09:41:03	40.53868	141.55699	12	0.0	3	3.3	205
2024/05/13	09:42:02	40.53871	141.55699	26	0.0	3	3.3	170
2024/05/13	09:43:03	40.53875	141.55703	24	0.0	3	3.3	206
2024/05/13	09:44:03	40.53868	141.55709	26	0.0	3	3.3	207
2024/05/13	09:45:02	40.53876	141.55697	36	0.0	2	5.0	177
2024/05/13	09:46:03	40.53866	141.55700	22	0.0	3	3.2	204
2024/05/13	09:47:03	40.53878	141.55708	24	0.0	3	3.2	208
2024/05/13	09:48:03	40.53873	141.55706	18	0.0	3	3.2	207
2024/05/13	09:49:03	40.53874	141.55697	38	0.0	3	3.2	204
2024/05/13	09:50:03	40.53883	141.55720	8	0.0	3	3.1	207
2024/05/13	09:51:03	40.53882	141.55735	-8	0.0	3	3.1	227
2024/05/13	09:52:03	40.53878	141.55725	4	0.0	3	3.1	206
2024/05/13	09:53:03	40.53880	141.55725	-4	0.0	3	3.1	205
2024/05/13	09:54:02	40.53888	141.55739	2	0.0	3	3.1	180
2024/05/13	09:55:03	40.53867	141.55696	38	0.0	3	3.1	209
2024/05/13	09:56:03	40.53873	141.55710	14	0.0	3	3.0	208
2024/05/13	09:57:03	40.53881	141.55724	-2	0.0	3	3.0	206
2024/05/13	09:58:03	40.53876	141.55713	26	0.0	3	3.0	205
2024/05/13	09:59:02	40.53880	141.55717	38	0.0	3	3.0	209
2024/05/13	10:00:02	40.53862	141.55676	106	0.0	3	6.0	208
2024/05/13	10:01:02	40.53862	141.55688	66	0.0	3	6.0	227
2024/05/13	10:02:02	40.53875	141.55707	26	0.0	3	6.0	229
2024/05/13	10:03:03	40.53864	141.55702	32	0.0	3	6.0	207
2024/05/13	10:04:03	40.53868	141.55690	62	0.0	3	6.0	225
2024/05/13	10:05:03	40.53890	141.55749	-36	0.0	3	6.0	224
2024/05/13	10:06:02	40.53858	141.55677	64	0.0	3	6.0	231
2024/05/13	10:07:03	40.53892	141.55746	-30	0.0	3	6.0	232
2024/05/13	10:08:03	40.53888	141.55736	-26	0.0	3	6.0	230
2024/05/13	10:09:02	40.53903	141.55768	-70	0.0	3	6.0	141
2024/05/13	10:10:02	40.53890	141.55753	-48	0.0	3	6.0	200
2024/05/13	10:11:03	40.53878	141.55730	-20	0.0	3	6.0	233
2024/05/13	10:12:02	40.53890	141.55727	-16	0.0	3	6.0	223
2024/05/13	10:13:03	40.53876	141.55718	2	0.0	3	6.0	227
2024/05/13	10:14:03	40.53892	141.55733	-14	0.0	3	6.0	229
2024/05/13	10:15:02	40.53895	141.55741	-14	0.0	3	6.0	229
2024/05/13	10:16:02	40.53868	141.55716	22	0.0	3	6.0	200
2024/05/13	10:17:02	40.53879	141.55715	22	0.0	2	3.2	202
2024/05/13	10:18:03	40.53883	141.55724	-6	0.0	3	6.1	226
2024/05/13	10:19:03	40.53915	141.55777	-70	0.0	3	6.1	210
2024/05/13	10:20:03	40.53852	141.55694	54	0.0	3	6.1	224
2024/05/13	10:21:02	40.53866	141.55676	50	0.0	2	3.2	202
2024/05/13	10:22:03	40.53876	141.55723	18	0.0	3	6.1	224
2024/05/13	10:23:03	40.53893	141.55753	-34	0.0	3	6.1	226
2024/05/13	10:24:02	40.53902	141.55722	-32	0.0	2	4.3	203
2024/05/13	10:25:03	40.53845	141.55680	88	0.0	3	6.1	227
2024/05/13	10:26:03	40.53860	141.55712	36	0.0	3	6.1	229
2024/05/13	10:27:03	40.53899	141.55745	-36	0.0	3	6.1	231
2024/05/13	10:28:03	40.53882	141.55726	0	0.0	3	6.1	229
2024/05/13	10:29:03	40.53894	141.55746	-36	0.0	3	6.1	227
2024/05/13	10:30:03	40.53889	141.55740	-30	0.0	3	6.2	231
2024/05/13	10:31:03	40.53895	141.55741	-32	0.0	3	6.2	227
2024/05/13	10:32:03	40.53879	141.55722	4	0.0	3	6.2	226
2024/05/13	10:33:03	40.53878	141.55730	-6	0.0	3	6.2	229
2024/05/13	10:34:02	40.53891	141.55726	-4	0.0	2	4.1	207
2024/05/13	10:35:03	40.53870	141.55707	28	0.0	3	6.2	230
2024/05/13	10:36:03	40.53905	141.55765	-54	3.7	3	6.2	224
2024/05/13	10:37:03	40.53875	141.55720	34	0.0	3	6.3	231
2024/05/13	10:38:03	40.53874	141.55723	14	0.0	3	6.3	227
2024/05/13	10:39:03	40.53883	141.55730	-6	0.0	3	6.3	234
2024/05/13	10:40:03	40.53878	141.55723	0	0.0	3	6.3	233
2024/05/13	10:41:03	40.53864	141.55709	38	0.0	3	6.3	228
2024/05/13	10:42:02	40.53863	141.55708	34	0.0	3	6.4	232
2024/05/13	10:43:02	40.53879	141.55728	-2	0.0	3	6.4	234
2024/05/13	10:44:04	40.53895	141.55734	-22	0.0	3	6.4	229
2024/05/13	10:45:03	40.53897	141.55734	-22	0.0	3	6.4	226
2024/05/13	10:46:03	40.53892	141.55735	-26	0.0	3	6.4	227
2024/05/13	10:47:04	40.53876	141.55719	22	0.0	3	7.0	229
2024/05/13	10:48:02	40.53860	141.55720	22	0.0	2	3.4	235
2024/05/13	10:49:02	40.53872	141.55711	18	0.0	2	3.4	199
2024/05/13	10:50:04	40.53930	141.55760	-80	3.7	3	7.0	225
2024/05/13	10:51:03	40.53909	141.55741	-34	0.0	3	7.1	223
2024/05/13	10:52:04	40.53886	141.55721	10	0.0	3	7.1	218
2024/05/13	10:53:02	40.53851	141.55692	74	0.0	3	7.1	228
2024/05/13	10:54:03	40.53900	141.55731	-46	0.0	3	7.2	225
2024/05/13	10:55:04	40.53837	141.55700	60	0.0	3	7.2	225
2024/05/13	10:56:02	40.53858	141.55700	56	0.0	2	3.3	229
2024/05/13	10:57:05	40.53921	141.55750	-64	3.7	3	7.3	218
2024/05/13	10:58:04	40.53855	141.55709	30	0.0	3	7.3	222
2024/05/13	10:59:03	40.53902	141.55739	-24	11.1	3	7.3	220
2024/05/13	11:00:03	40.53917	141.55735	-16	0.0	2	3.3	224
2024/05/13	11:01:07	40.53907	141.55747	-36	11.1	3	7.4	213
2024/05/13	11:02:04	40.53833	141.55696	56	0.0	3	8.0	214
2024/05/13	11:03:07	40.53890	141.55727	-0	11.1	3	8.0	205
2024/05/13	11:04:19	40.53912	141.55740	-38	29.6	3	8.0	224
2024/05/13	11:05:09	40.53901	141.55732	-26	7.4	3	8.1	208
2024/05/13	11:06:11	40.53866	141.55718	16	11.1	3	8.1	208
2024/05/13	11:07:31	40.53886	141.55715	4	0.0	4	1.3	242
2024/05/13	11:08:01	40.53889	141.55706	-22	0.0	3	2.2	206
2024/05/13	11:09:01	40.53860	141.55747	36	0.0	2	6.4	181
2024/05/13	11:10:01	40.53872	141.55741	20	0.0	3	2.2	227
2024/05/13	11:11:01	40.53871	141.55736	-0	0.0	3	2.1	226
2024/05/13	11:12:00	40.53884	141.55721	2	0.0	3	2.1	179
2024/05/13	11:13:01	40.53868	141.55737	8	0.0	3	2.1	204
2024/05/13	11:14:01	40.53881	141.55710	-20	0.0	3	2.1	206
2024/05/13	11:15:01	40.53880	141.55721	2	0.0	3	2.1	207
2024/05/13	11:16:02	40.53883	141.55717	-18	0.0	3	2.1	241
2024/05/13	11:17:01	40.53881	141.55736	10	0.0	3	2.1	224
2024/05/13	11:18:01	40.53870	141.55726	14	0.0	3	2.1	220
2024/05/13	11:19:01	40.53866	141.55749	22	0.0	2	5.0	198
2024/05/13	11:20:01	40.53881	141.55725	8	0.0	2	5.0	178
2024/05/13	11:21:01	40.53885	141.55712	-10	0.0	2	4.4	176
2024/05/13	11:22:01	40.53872	141.55733	22	0.0	2	4.3	201
2024/05/13	11:23:01	40.53878	141.55734	16	0.0	2	4.3	197
2024/05/13	11:24:02	40.53882	141.55716	-18	0.0	2	4.2	200
2024/05/13	11:25:01	40.53889	141.55692	-4	0.0	2	4.2	175
2024/05/13	11:26:02	40.53871	141.55740	6	0.0	2	4.1	201
2024/05/13	11:27:02	40.53866	141.55742	24	0.0	2	4.1	205
2024/05/13	11:28:02	40.53881	141.55726	-6	0.0	2	4.0	204
2024/05/13	11:29:02	40.53863	141.55745	10	0.0	2	4.0	198
2024/05/13	11:30:02	40.53886	141.55722	12	0.0	2	4.0	193
2024/05/13	11:31:01	40.53880	141.55699	0	0.0	2	3.4	199
2024/05/13	11:32:01	40.53894	141.55707	-32	0.0	2	3.4	175
2024/05/13	11:33:01	40.53872	141.55726	6	0.0	2	3.4	173
2024/05/13	11:34:00	40.53873	141.55695	26	33.3	4	2.1	201
2024/05/13	11:35:02	40.53883	141.55717	0	0.0	2	4.0	254
2024/05/13	11:36:03	40.53856	141.55755	10	0.0	1	4.1	177
2024/05/13	11:37:03	40.53876	141.55683	48	0.0	1	4.1	177
2024/05/13	11:38:07	40.53873	141.55731	18	0.0	3	1.4	179
2024/05/13	11:39:01	40.53884	141.55724	-0	0.0	2	3.1	170
2024/05/13	11:40:01	40.53879	141.55709	8	0.0	1	4.0	170
2024/05/13	11:41:01	40.53886	141.55705	-22	0.0	2	3.1	198
2024/05/13	11:42:02	40.53876	141.55710	12	0.0	1	3.4	192
2024/05/13	11:43:01	40.53867	141.55735	56	0.0	1	3.4	161
2024/05/13	11:44:02	40.53873	141.55732	16	0.0	1	3.4	216
2024/05/13	11:45:02	40.53873	141.55707	48	0.0	1	3.3	180
2024/05/13	11:46:02	40.53869	141.55740	8	3.7	1	3.3	184
2024/05/13	11:47:02	40.53872	141.55733	4	0.0	1	3.3	216
2024/05/13	11:48:02	40.53881	141.55713	18	0.0	1	3.2	215
2024/05/13	11:49:01	40.53870	141.55718	24	0.0	1	3.2	154
2024/05/13	11:50:02	40.53869	141.55743	-0	0.0	1	3.2	196
2024/05/13	11:51:02	40.53868	141.55742	-10	0.0	2	2.4	206
2024/05/13	11:52:02	40.53873	141.55696	76	0.0	1	3.2	231
2024/05/13	11:53:01	40.53863	141.55709	74	0.0	1	3.1	152
2024/05/13	11:54:02	40.53876	141.55709	20	0.0	1	3.1	207
2024/05/13	11:55:03	40.53880	141.55747	-26	0.0	1	3.1	194
2024/05/13	11:56:02	40.53884	141.55706	24	3.7	3	1.4	229
2024/05/13	11:57:02	40.53884	141.55687	22	0.0	3	1.3	266
2024/05/13	11:58:01	40.53872	141.55704	4	0.0	2	2.3	208
2024/05/13	11:59:01	40.53881	141.55712	14	3.7	2	2.0	236
2024/05/13	12:00:01	40.53896	141.55728	34	18.5	3	1.3	233
2024/05/13	12:01:01	40.53883	141.55730	-2	0.0	1	3.0	229
2024/05/13	12:02:02	40.53874	141.55698	10	0.0	3	3.1	259
2024/05/13	12:03:02	40.53884	141.55732	12	0.0	1	3.1	195
2024/05/13	12:04:02	40.53872	141.55733	28	0.0	1	2.4	193
2024/05/13	12:05:03	40.53886	141.55705	-28	0.0	1	2.4	173
2024/05/13	12:06:01	40.53872	141.55727	32	0.0	1	2.4	173
2024/05/13	12:07:03	40.53875	141.55716	-8	0.0	1	2.4	197
2024/05/13	12:08:03	40.53884	141.55689	-8	0.0	1	3.0	172
2024/05/13	12:14:21	40.53877	141.55727	8	0.0	2	2.2	212
2024/05/13	12:15:02	40.53888	141.55727	-8	0.0	1	2.3	210
2024/05/13	12:16:02	40.53879	141.55730	18	0.0	1	2.3	201
2024/05/13	12:17:01	40.53880	141.55723	16	0.0	1	2.3	183
2024/05/13	12:18:03	40.53879	141.55731	8	0.0	1	2.3	200
2024/05/13	12:19:01	40.53881	141.55728	10	0.0	1	2.3	179
2024/05/13	12:20:01	40.53885	141.55714	10	0.0	1	2.3	181
2024/05/13	12:21:04	40.53875	141.55722	4	0.0	1	2.3	234
2024/05/13	12:22:03	40.53872	141.55732	22	0.0	1	2.3	221
2024/05/13	12:23:04	40.53878	141.55725	8	0.0	1	2.3	243
2024/05/13	12:24:02	40.53874	141.55737	2	0.0	1	2.2	220
2024/05/13	12:25:03	40.53873	141.55730	22	0.0	1	2.2	226
2024/05/13	12:26:01	40.53882	141.55722	28	0.0	1	2.2	182
2024/05/13	12:27:02	40.53882	141.55721	-6	0.0	1	2.2	210
2024/05/13	12:28:01	40.53876	141.55714	6	0.0	1	2.2	205
2024/05/13	12:29:01	40.53875	141.55742	4	3.7	1	2.2	181
2024/05/13	12:30:02	40.53880	141.55720	6	0.0	1	2.2	226
2024/05/13	12:31:02	40.53874	141.55725	-18	0.0	1	2.2	207
2024/05/13	12:32:03	40.53873	141.55707	2	0.0	1	2.2	226
2024/05/13	12:33:02	40.53872	141.55739	-8	0.0	1	2.2	210
2024/05/13	12:34:02	40.53871	141.55688	16	7.4	1	2.2	225
2024/05/13	12:35:02	40.53880	141.55684	2	0.0	2	2.1	212
2024/05/13	12:36:01	40.53875	141.55700	16	0.0	2	2.0	290
2024/05/13	12:37:02	40.53886	141.55631	4	0.0	3	1.3	290
2024/05/13	12:38:03	40.53881	141.55656	4	0.0	2	2.1	282
2024/05/13	12:39:03	40.53873	141.55711	8	3.7	1	2.4	271
2024/05/13	12:40:03	40.53871	141.55692	24	7.4	2	2.1	253
2024/05/13	12:41:02	40.53892	141.55627	30	0.0	1	2.4	268
2024/05/13	12:42:01	40.53878	141.55691	-10	3.7	2	2.1	203
2024/05/13	12:43:01	40.53866	141.55708	-10	0.0	1	2.2	240
2024/05/13	12:44:03	40.53868	141.55732	20	0.0	1	2.2	215
2024/05/13	12:45:04	40.53889	141.55720	-2	0.0	1	2.2	219
2024/05/13	12:46:02	40.53890	141.55717	-12	0.0	1	2.2	169
2024/05/13	12:47:02	40.53870	141.55742	30	0.0	1	2.2	201
2024/05/13	12:48:03	40.53877	141.55736	4	0.0	1	2.2	202
2024/05/13	12:49:01	40.53883	141.55710	16	0.0	1	2.2	178
2024/05/13	12:50:02	40.53889	141.55713	-18	0.0	1	2.2	170
2024/05/13	12:51:02	40.53887	141.55727	0	0.0	1	2.2	181
2024/05/13	12:52:04	40.53880	141.55728	-8	0.0	1	2.2	191
2024/05/13	12:53:03	40.53870	141.55731	16	0.0	1	2.2	200
2024/05/13	12:54:03	40.53882	141.55712	-0	0.0	1	2.2	224
2024/05/13	12:55:02	40.53885	141.55687	0	0.0	1	2.2	179
2024/05/13	12:56:04	40.53885	141.55722	4	0.0	1	2.2	220
2024/05/13	12:57:03	40.53876	141.55729	2	0.0	1	2.2	224
2024/05/13	12:58:04	40.53890	141.55700	10	0.0	1	2.2	216
2024/05/13	12:59:05	40.53882	141.55712	-0	0.0	1	2.2	207
2024/05/13	13:00:30	40.53880	141.55722	6	0.0	5	1.1	227
2024/05/13	13:01:01	40.53879	141.55728	6	0.0	4	1.4	236
2024/05/13	13:02:01	40.53883	141.55714	34	0.0	3	2.0	191
2024/05/13	13:03:00	40.53873	141.55738	18	0.0	3	2.2	118
2024/05/13	13:04:01	40.53875	141.55732	22	0.0	4	1.4	224
2024/05/13	13:05:01	40.53879	141.55725	16	0.0	4	1.4	223
2024/05/13	13:06:01	40.53877	141.55738	8	0.0	4	1.4	198
2024/05/13	13:07:01	40.53879	141.55718	20	0.0	4	1.4	219
2024/05/13	13:08:01	40.53874	141.55731	-2	0.0	4	1.4	200
2024/05/13	13:09:01	40.53870	141.55727	22	0.0	4	1.4	200
2024/05/13	13:10:01	40.53883	141.55720	6	0.0	4	1.4	201
2024/05/13	13:11:01	40.53876	141.55719	14	0.0	4	1.4	206
2024/05/13	13:12:01	40.53885	141.55720	36	0.0	4	1.4	199
2024/05/13	13:13:01	40.53881	141.55723	50	0.0	3	2.4	175
2024/05/13	13:14:01	40.53877	141.55731	0	0.0	3	2.4	201
2024/05/13	13:15:00	40.53874	141.55713	22	0.0	3	2.4	175
2024/05/13	13:16:01	40.53898	141.55706	24	22.2	5	1.1	253
2024/05/13	13:17:01	40.53880	141.55737	-4	0.0	3	3.0	231
2024/05/13	13:18:01	40.53900	141.55740	8	0.0	3	3.0	212
2024/05/13	13:19:02	40.53869	141.55729	-10	0.0	3	3.1	230
2024/05/13	13:20:00	40.53874	141.55696	8	14.8	3	2.0	232
2024/05/13	13:21:01	40.53887	141.55725	-22	0.0	3	2.2	191
2024/05/13	13:22:01	40.53867	141.55730	10	0.0	3	2.2	218
2024/05/13	13:23:03	40.53879	141.55719	20	0.0	3	2.2	211
2024/05/13	13:24:01	40.53882	141.55717	34	0.0	3	2.2	212
2024/05/13	13:25:03	40.53877	141.55726	10	0.0	3	2.2	201
2024/05/13	13:26:01	40.53876	141.55727	10	0.0	3	2.2	192
2024/05/13	13:27:02	40.53881	141.55715	20	0.0	3	2.1	216
2024/05/13	13:28:01	40.53886	141.55716	-6	0.0	3	2.1	215
2024/05/13	13:29:02	40.53874	141.55723	16	0.0	3	2.1	217
2024/05/13	13:30:01	40.53886	141.55727	0	0.0	3	2.1	198
2024/05/13	13:31:01	40.53866	141.55703	28	3.7	4	1.4	246
2024/05/13	13:32:01	40.53895	141.55637	12	0.0	3	2.1	275
2024/05/13	13:33:01	40.53886	141.55643	14	0.0	4	1.3	258
2024/05/13	13:34:01	40.53903	141.55719	-10	22.2	4	2.0	246
2024/05/13	13:35:01	40.53884	141.55733	34	0.0	3	5.4	200
2024/05/13	13:36:02	40.53875	141.55724	26	3.7	4	2.1	233
2024/05/13	13:37:02	40.53902	141.55732	22	0.0	2	10.4	224
2024/05/13	13:38:01	40.53895	141.55740	26	0.0	3	6.3	229
2024/05/13	13:39:03	40.53911	141.55719	0	0.0	2	10.0	219
2024/05/13	13:40:02	40.53876	141.55736	2	0.0	3	4.0	218
2024/05/13	13:41:13	40.53928	141.55730	16	0.0	3	8.0	194
2024/05/13	13:42:01	40.53889	141.55743	22	0.0	3	4.0	202
2024/05/13	13:43:02	40.53871	141.55728	-2	0.0	3	4.0	218
2024/05/13	13:44:01	40.53877	141.55726	-24	0.0	2	5.4	224
2024/05/13	13:45:01	40.53869	141.55724	6	0.0	4	2.0	189
2024/05/13	13:46:01	40.53870	141.55724	8	0.0	4	2.1	194
2024/05/13	13:47:01	40.53894	141.55719	-2	0.0	3	2.2	147
2024/05/13	13:48:01	40.53890	141.55734	-28	0.0	3	2.3	215
2024/05/13	13:49:01	40.53884	141.55731	10	0.0	3	2.3	168
2024/05/13	13:50:01	40.53866	141.55731	28	0.0	3	2.3	214
2024/05/13	13:51:01	40.53850	141.55725	-80	0.0	2	4.4	136
2024/05/13	13:52:01	40.53875	141.55717	30	0.0	3	2.3	142
2024/05/13	13:53:02	40.53896	141.55735	62	0.0	2	4.3	223
2024/05/13	13:54:02	40.53880	141.55729	12	0.0	4	2.2	212
2024/05/13	13:55:01	40.53886	141.55722	26	0.0	4	2.2	194
2024/05/13	13:56:01	40.53883	141.55716	18	0.0	3	2.4	197
2024/05/13	13:57:01	40.53865	141.55727	14	0.0	4	2.2	197
2024/05/13	13:58:01	40.53879	141.55727	-0	0.0	3	2.4	195
2024/05/13	13:59:01	40.53857	141.55725	34	0.0	3	2.4	197
2024/05/13	14:00:02	40.53886	141.55724	2	0.0	4	2.2	196
2024/05/13	14:01:01	40.53872	141.55714	20	0.0	3	3.0	194
2024/05/13	14:02:02	40.53884	141.55727	2	0.0	3	3.0	190
2024/05/13	14:03:01	40.53870	141.55717	-16	0.0	2	3.4	168
2024/05/13	14:04:01	40.53871	141.55721	28	0.0	2	3.4	166
2024/05/13	14:05:01	40.53889	141.55720	8	0.0	3	3.0	144
2024/05/13	14:06:02	40.53883	141.55723	6	0.0	3	3.1	207
2024/05/13	14:07:01	40.53858	141.55726	18	0.0	2	3.4	168
2024/05/13	14:08:01	40.53886	141.55727	2	0.0	3	3.1	172
2024/05/13	14:09:02	40.53877	141.55714	12	0.0	3	3.1	173
2024/05/13	14:10:02	40.53885	141.55712	26	11.1	3	3.3	247
2024/05/13	14:11:02	40.53869	141.55748	82	0.0	2	3.3	173
2024/05/13	14:12:02	40.53883	141.55730	-24	3.7	2	3.3	184
2024/05/13	14:13:02	40.53877	141.55706	22	0.0	3	3.1	168
2024/05/13	14:14:02	40.53868	141.55723	24	0.0	2	3.3	201
2024/05/13	14:15:02	40.53893	141.55742	14	18.5	2	3.4	276
2024/05/13	14:16:01	40.53873	141.55726	10	7.4	2	3.3	199
2024/05/13	14:17:02	40.53895	141.55674	-38	0.0	2	3.3	272
2024/05/13	14:18:03	40.53886	141.55659	-26	0.0	2	3.3	246
2024/05/13	14:19:02	40.53944	141.55727	4	33.3	3	5.0	251
2024/05/13	14:20:02	40.53876	141.55646	4	3.7	2	4.3	259
2024/05/13	14:21:03	40.53893	141.55621	-38	0.0	2	3.4	251
2024/05/13	14:22:01	40.53848	141.55727	70	37.0	2	3.4	248
2024/05/13	14:23:02	40.53884	141.55594	14	22.2	2	3.2	232
2024/05/13	14:24:02	40.53954	141.55696	-10	0.0	3	3.0	278
2024/05/13	14:25:02	40.53931	141.55706	40	0.0	2	3.4	271
2024/05/13	14:26:02	40.53930	141.55689	4	0.0	3	3.1	254
2024/05/13	14:27:01	40.53918	141.55688	2	0.0	3	3.1	259
2024/05/13	14:28:02	40.53920	141.55693	22	11.1	3	3.0	281
2024/05/13	14:29:02	40.53901	141.55719	-48	0.0	2	4.0	193
2024/05/13	14:30:02	40.53881	141.55735	6	0.0	2	4.0	175
2024/05/13	14:31:02	40.53900	141.55735	32	0.0	2	4.0	226
2024/05/13	14:32:03	40.53883	141.55732	18	0.0	2	4.0	194
2024/05/13	14:33:04	40.53883	141.55727	-4	0.0	2	4.0	188
2024/05/13	14:34:03	40.53861	141.55729	28	0.0	2	4.1	193
2024/05/13	14:40:36	40.53876	141.55728	18	0.0	2	4.2	225
2024/05/13	14:41:01	40.53893	141.55731	18	0.0	3	2.0	194
2024/05/13	14:42:01	40.53882	141.55737	-20	0.0	3	2.0	151
2024/05/13	14:43:01	40.53877	141.55730	-0	0.0	4	1.4	219
2024/05/13	14:44:01	40.53874	141.55731	-16	0.0	4	1.4	193
2024/05/13	14:45:00	40.53878	141.55722	10	0.0	3	1.4	173
2024/05/13	14:46:00	40.53884	141.55727	70	0.0	3	1.4	150
2024/05/13	14:47:00	40.53874	141.55705	8	0.0	4	1.4	172
2024/05/13	14:48:00	40.53870	141.55714	46	0.0	3	1.3	174
2024/05/13	14:49:00	40.53882	141.55718	4	0.0	4	1.4	180
2024/05/13	14:50:02	40.53887	141.55727	6	0.0	4	1.3	178
2024/05/13	14:51:00	40.53878	141.55725	-20	0.0	3	1.4	143
2024/05/13	14:52:00	40.53883	141.55729	-34	0.0	3	1.4	179
2024/05/13	14:53:00	40.53871	141.55709	24	0.0	4	1.4	178
2024/05/13	14:54:00	40.53884	141.55699	46	0.0	4	1.3	174
2024/05/13	14:55:00	40.53882	141.55717	24	0.0	4	1.3	181
2024/05/13	14:56:01	40.53875	141.55728	-30	0.0	4	1.3	185
2024/05/13	14:57:01	40.53884	141.55728	14	0.0	4	1.3	181
2024/05/13	14:58:00	40.53881	141.55733	-6	0.0	4	1.4	179
2024/05/13	14:59:01	40.53886	141.55729	30	0.0	4	1.3	182
2024/05/13	15:00:00	40.53874	141.55728	-136	0.0	3	1.4	173
2024/05/13	15:01:01	40.53892	141.55728	12	3.7	3	1.4	156
2024/05/13	15:02:01	40.53875	141.55716	-18	0.0	4	1.4	156
2024/05/13	15:03:00	40.53888	141.55727	4	0.0	4	1.4	178
2024/05/13	15:04:01	40.53871	141.55723	8	0.0	4	1.4	172
2024/05/13	15:05:01	40.53862	141.55722	-50	0.0	3	1.4	173
2024/05/13	15:06:01	40.53870	141.55734	62	0.0	3	2.4	174
2024/05/13	15:07:00	40.53866	141.55724	20	0.0	4	1.4	148
2024/05/13	15:08:00	40.53858	141.55740	-26	0.0	3	2.1	145
2024/05/13	15:09:01	40.53873	141.55727	34	3.7	5	1.2	234
2024/05/13	15:10:00	40.53903	141.55720	100	0.0	3	2.0	173
2024/05/13	15:11:02	40.53882	141.55734	-6	0.0	3	2.1	149
2024/05/13	15:12:00	40.53896	141.55708	74	0.0	4	2.0	179
2024/05/13	15:13:00	40.53868	141.55718	12	0.0	4	2.0	179
2024/05/13	15:14:00	40.53870	141.55722	-10	0.0	4	2.0	182
2024/05/13	15:15:01	40.53906	141.55714	152	0.0	4	2.0	183
2024/05/13	15:16:01	40.53887	141.55718	68	0.0	4	2.0	154
2024/05/13	15:17:01	40.53875	141.55726	-26	0.0	3	2.2	157
2024/05/13	15:18:01	40.53885	141.55720	20	0.0	3	2.2	155
2024/05/13	15:19:01	40.53884	141.55730	38	0.0	4	2.0	185
2024/05/13	15:20:01	40.53883	141.55726	72	0.0	4	2.0	185
2024/05/13	15:21:01	40.53872	141.55731	-28	0.0	4	2.0	180
2024/05/13	15:22:01	40.53901	141.55708	98	0.0	4	2.0	184
2024/05/13	15:23:01	40.53855	141.55702	-78	0.0	3	2.3	184
2024/05/13	15:24:01	40.53869	141.55725	-50	0.0	3	2.3	158
2024/05/13	15:25:01	40.53888	141.55719	40	0.0	4	2.0	156
2024/05/13	15:26:01	40.53864	141.55711	-18	0.0	4	1.4	155
2024/05/13	15:27:02	40.53876	141.55734	-26	0.0	4	1.4	207
2024/05/13	15:28:01	40.53893	141.55737	30	0.0	3	2.2	150
2024/05/13	15:29:01	40.53878	141.55721	-0	0.0	3	2.3	153
2024/05/13	15:30:04	40.53880	141.55717	20	0.0	3	2.1	201
2024/05/13	15:31:01	40.53885	141.55727	18	0.0	3	2.1	158
2024/05/13	15:32:01	40.53876	141.55728	-62	0.0	3	1.4	151
2024/05/13	15:33:01	40.53882	141.55721	62	0.0	3	2.1	155
2024/05/13	15:34:00	40.53895	141.55722	-28	0.0	3	2.2	182
2024/05/13	15:35:01	40.53875	141.55712	34	0.0	3	2.2	176
2024/05/13	15:36:01	40.53879	141.55726	4	0.0	4	1.2	208
2024/05/13	15:37:00	40.53886	141.55727	-22	0.0	3	2.2	183
2024/05/13	15:38:00	40.53890	141.55734	38	11.1	3	2.1	125
2024/05/13	15:39:01	40.53870	141.55717	18	0.0	3	2.0	210
2024/05/13	15:40:01	40.53877	141.55731	-4	0.0	4	1.2	211
2024/05/13	15:41:00	40.53880	141.55710	58	0.0	3	2.1	211
2024/05/13	15:42:00	40.53887	141.55748	-42	0.0	3	2.0	211
2024/05/13	15:43:00	40.53896	141.55693	76	0.0	3	2.1	184
2024/05/13	15:44:01	40.53889	141.55727	14	0.0	4	1.2	212
2024/05/13	15:45:00	40.53878	141.55716	38	0.0	3	2.0	212
2024/05/13	15:46:00	40.53902	141.55725	-116	0.0	3	2.2	213
2024/05/13	15:47:00	40.53878	141.55676	120	0.0	3	2.2	183
2024/05/13	15:48:00	40.53887	141.55713	6	0.0	3	2.2	158
2024/05/13	15:49:00	40.53891	141.55746	-120	0.0	3	2.2	181
2024/05/13	15:50:00	40.53884	141.55727	22	0.0	3	2.2	180
2024/05/13	15:51:01	40.53880	141.55714	36	0.0	3	2.0	212
2024/05/13	15:52:01	40.53884	141.55743	16	0.0	3	2.0	155
2024/05/13	15:53:01	40.53880	141.55725	10	0.0	3	2.0	212
2024/05/13	15:54:00	40.53884	141.55716	-106	0.0	3	2.2	158
2024/05/13	15:55:00	40.53878	141.55719	56	7.4	3	2.2	183
2024/05/13	15:56:01	40.53881	141.55726	-14	0.0	3	2.0	211
2024/05/13	15:57:00	40.53862	141.55719	76	0.0	3	2.2	184
2024/05/13	15:58:01	40.53888	141.55742	-34	0.0	3	2.2	183
2024/05/13	15:59:01	40.53878	141.55727	20	0.0	3	2.0	188
2024/05/13	16:00:02	40.53881	141.55705	28	0.0	3	2.2	183
2024/05/13	16:01:01	40.53879	141.55721	8	0.0	3	2.3	186
2024/05/13	16:02:01	40.53878	141.55737	0	0.0	3	2.3	188
2024/05/13	16:03:01	40.53868	141.55720	50	0.0	3	2.3	184
2024/05/13	16:04:02	40.53871	141.55710	62	0.0	3	2.3	209
2024/05/13	16:05:00	40.53877	141.55741	10	0.0	3	2.3	183
2024/05/13	16:06:01	40.53901	141.55733	-74	0.0	3	2.3	184
2024/05/13	16:07:01	40.53870	141.55716	66	0.0	3	2.4	185
2024/05/13	16:08:01	40.53877	141.55722	18	0.0	3	2.4	187
2024/05/13	16:09:01	40.53883	141.55724	-10	0.0	3	2.4	206
2024/05/13	16:10:02	40.53861	141.55711	84	0.0	3	3.0	209
2024/05/13	16:11:02	40.53887	141.55731	-38	0.0	3	3.0	207
2024/05/13	16:12:02	40.53880	141.55728	14	0.0	3	3.0	207
2024/05/13	16:13:02	40.53888	141.55717	-14	0.0	3	3.1	211
2024/05/13	16:14:02	40.53884	141.55726	-6	0.0	3	3.1	209
2024/05/13	16:15:02	40.53873	141.55719	52	0.0	3	3.1	204
2024/05/13	16:16:01	40.53870	141.55733	30	0.0	3	3.2	203
2024/05/13	16:17:01	40.53884	141.55730	-8	0.0	3	3.3	202
2024/05/13	16:18:02	40.53892	141.55725	-34	0.0	3	3.3	202
2024/05/13	16:19:02	40.53893	141.55723	-30	0.0	3	3.4	205
2024/05/13	16:20:02	40.53880	141.55718	18	0.0	3	4.0	172
2024/05/13	16:21:01	40.53881	141.55728	16	0.0	3	4.0	148
2024/05/13	16:22:01	40.53847	141.55714	124	0.0	3	4.1	182
2024/05/13	16:23:01	40.53931	141.55659	14	25.9	3	2.4	235
2024/05/13	16:24:01	40.53878	141.55740	28	0.0	3	4.0	156
2024/05/13	16:25:04	40.53888	141.55744	-32	0.0	3	5.0	184
2024/05/13	16:26:03	40.53889	141.55735	-8	0.0	4	2.3	203
2024/05/13	16:27:01	40.53866	141.55755	44	0.0	4	2.3	209
2024/05/13	16:28:04	40.53879	141.55746	18	0.0	3	6.0	168
2024/05/13	16:29:18	40.53883	141.55726	4	0.0	4	2.4	200
2024/05/13	16:30:04	40.53892	141.55727	-26	0.0	3	6.4	203
2024/05/13	16:31:03	40.53906	141.55715	-48	3.7	3	7.1	188
2024/05/13	16:32:04	40.53898	141.55724	-38	0.0	3	8.0	191
2024/05/13	16:33:04	40.53908	141.55716	-52	3.7	3	8.3	191
2024/05/13	16:34:04	40.53918	141.55707	-84	0.0	3	9.2	194
2024/05/13	16:35:04	40.53880	141.55725	8	7.4	3	10.3	192
2024/05/13	16:36:03	40.53877	141.55722	12	0.0	2	2.4	194
2024/05/13	16:37:07	40.53885	141.55723	-2	3.7	4	4.0	189
2024/05/13	16:38:21	40.53860	141.55735	56	0.0	4	4.2	188
2024/05/13	16:39:04	40.53862	141.55732	56	0.0	2	3.0	149
2024/05/13	16:40:29	40.53908	141.55707	-48	0.0	4	5.0	186
2024/05/13	16:41:22	40.53907	141.55707	-46	0.0	4	5.2	185
2024/05/13	16:42:27	40.53928	141.55694	-90	0.0	4	5.4	185
2024/05/13	16:43:08	40.53927	141.55695	-88	0.0	2	3.1	150
2024/05/13	16:44:30	40.53877	141.55733	24	7.4	3	9.1	168
2024/05/13	16:45:01	40.53881	141.55724	16	0.0	4	2.0	151
2024/05/13	16:46:01	40.53875	141.55699	12	7.4	5	1.3	231
2024/05/13	16:47:00	40.53899	141.55674	2	14.8	4	1.4	237
2024/05/13	16:48:01	40.53886	141.55667	20	18.5	4	3.1	262
2024/05/13	16:49:00	40.53901	141.55668	40	0.0	4	1.4	207
2024/05/13	16:50:01	40.53888	141.55724	8	0.0	4	1.4	166
2024/05/13	16:51:01	40.53892	141.55723	14	0.0	3	3.3	160
2024/05/13	16:52:01	40.53884	141.55722	22	0.0	4	1.4	145
2024/05/13	16:53:02	40.53878	141.55719	2	0.0	4	1.4	151
2024/05/13	16:54:01	40.53892	141.55720	20	0.0	3	8.0	147
2024/05/13	16:55:01	40.53880	141.55719	24	0.0	3	5.0	139
2024/05/13	16:56:00	40.53869	141.55723	-2	0.0	4	1.4	158
2024/05/13	16:57:00	40.53876	141.55722	16	0.0	4	1.4	150
2024/05/13	16:58:01	40.53876	141.55722	24	0.0	4	1.4	144
2024/05/13	16:59:01	40.53885	141.55719	-2	0.0	4	1.4	148
2024/05/13	17:00:01	40.53877	141.55718	26	0.0	4	1.4	153
2024/05/13	17:01:01	40.53875	141.55731	22	0.0	4	1.4	156
2024/05/13	17:02:00	40.53916	141.55698	-38	0.0	4	1.4	156
2024/05/13	17:03:01	40.53895	141.55711	2	0.0	4	1.4	152
2024/05/13	17:04:00	40.53883	141.55727	32	0.0	4	1.4	153
2024/05/13	17:05:00	40.53865	141.55733	20	0.0	4	1.4	154
2024/05/13	17:06:00	40.53881	141.55734	12	0.0	4	1.4	155
2024/05/13	17:07:00	40.53879	141.55755	-12	0.0	4	1.4	178
2024/05/13	17:08:00	40.53878	141.55729	28	0.0	4	1.4	178
2024/05/13	17:09:01	40.53882	141.55724	22	0.0	4	1.4	184
2024/05/13	17:10:01	40.53883	141.55723	16	0.0	4	1.4	202
2024/05/13	17:11:00	40.53881	141.55720	36	0.0	4	1.4	185
2024/05/13	17:12:01	40.53875	141.55713	32	0.0	4	1.4	197
2024/05/13	17:13:00	40.53869	141.55740	42	0.0	3	2.0	174
2024/05/13	17:14:00	40.53877	141.55722	34	0.0	4	1.4	182
2024/05/13	17:15:00	40.53893	141.55699	-18	0.0	3	2.0	178
2024/05/13	17:16:00	40.53872	141.55721	-16	0.0	3	2.0	179
2024/05/13	17:17:00	40.53877	141.55712	20	0.0	4	1.4	180
2024/05/13	17:18:01	40.53867	141.55726	30	0.0	4	1.4	187
2024/05/13	17:19:01	40.53884	141.55715	20	0.0	4	1.4	184
2024/05/13	17:20:00	40.53887	141.55714	-0	7.4	3	2.4	184
2024/05/13	17:21:01	40.53874	141.55721	14	0.0	4	1.4	184
2024/05/13	17:22:01	40.53880	141.55731	6	0.0	4	1.4	155
2024/05/13	17:23:01	40.53882	141.55717	22	0.0	4	1.4	202
2024/05/13	17:24:00	40.53885	141.55721	24	0.0	4	1.4	155
2024/05/13	17:25:01	40.53884	141.55721	8	0.0	4	1.4	145
2024/05/13	17:26:00	40.53874	141.55727	14	0.0	4	1.4	175
2024/05/13	17:27:00	40.53885	141.55725	20	0.0	4	1.4	178
2024/05/13	17:28:00	40.53877	141.55718	6	0.0	4	1.4	180
2024/05/13	17:29:03	40.53874	141.55730	14	0.0	3	4.4	180
2024/05/13	17:30:02	40.53878	141.55730	20	0.0	3	4.3	170
2024/05/13	17:31:02	40.53890	141.55724	26	0.0	3	4.2	192
2024/05/13	17:32:01	40.53867	141.55723	16	0.0	3	2.2	202
2024/05/13	17:33:00	40.53865	141.55715	28	0.0	3	2.2	126
2024/05/13	17:34:00	40.53888	141.55732	14	0.0	3	2.2	179
2024/05/13	17:35:02	40.53880	141.55734	2	0.0	3	2.2	194
2024/05/13	17:36:01	40.53876	141.55738	-0	0.0	3	2.2	118
2024/05/13	17:37:01	40.53874	141.55721	20	0.0	3	2.2	171
2024/05/13	17:38:01	40.53879	141.55747	-24	0.0	3	2.2	151
2024/05/13	17:39:01	40.53885	141.55724	20	0.0	3	2.2	122
2024/05/13	17:40:02	40.53882	141.55720	2	0.0	4	1.4	204
2024/05/13	17:41:01	40.53881	141.55736	12	0.0	3	3.2	229
2024/05/13	17:42:01	40.53870	141.55729	4	0.0	3	3.1	232
2024/05/13	17:43:02	40.53874	141.55685	16	18.5	4	2.0	259
2024/05/13	17:44:02	40.53872	141.55704	4	11.1	4	2.0	254
2024/05/13	17:45:02	40.53984	141.55567	-10	0.0	3	3.1	249
2024/05/13	17:46:02	40.53901	141.55641	-2	0.0	3	3.0	246
2024/05/13	17:47:01	40.53878	141.55631	-12	0.0	3	3.0	264
2024/05/13	17:48:01	40.53887	141.55640	6	0.0	4	2.0	239
2024/05/13	17:49:01	40.53903	141.55733	34	0.0	3	3.0	200
2024/05/13	17:50:01	40.53874	141.55725	-10	0.0	3	3.0	184
2024/05/13	17:51:02	40.53872	141.55738	-16	0.0	3	3.0	215
2024/05/13	17:52:03	40.53893	141.55718	14	11.1	4	2.0	260
2024/05/13	17:53:01	40.53897	141.55672	16	18.5	4	2.0	261
2024/05/13	17:54:02	40.53874	141.55690	28	22.2	4	2.0	261
2024/05/13	17:55:02	40.53878	141.55758	40	0.0	3	3.0	241
2024/05/13	17:56:02	40.53885	141.55718	10	0.0	3	3.0	251
2024/05/13	17:57:02	40.53880	141.55731	10	0.0	2	2.2	220
2024/05/13	17:58:05	40.53886	141.55713	22	0.0	3	3.0	245
2024/05/13	17:59:04	40.53883	141.55704	-24	0.0	3	3.0	249
2024/05/13	18:00:04	40.53876	141.55707	-24	0.0	3	3.0	252
2024/05/13	18:01:04	40.53886	141.55715	12	0.0	3	3.0	219
2024/05/13	18:02:03	40.53875	141.55731	12	0.0	2	2.2	219
2024/05/13	18:03:03	40.53878	141.55728	18	0.0	3	3.0	226
2024/05/13	18:04:10	40.53873	141.55730	-38	0.0	3	3.0	224
2024/05/13	18:05:07	40.53876	141.55726	6	0.0	3	3.0	205
2024/05/13	18:06:03	40.53875	141.55709	-40	0.0	3	3.1	211
2024/05/13	18:07:03	40.53875	141.55731	8	0.0	3	3.1	192
2024/05/13	18:08:03	40.53879	141.55721	8	0.0	2	2.2	192
2024/05/13	18:09:04	40.53880	141.55724	6	0.0	2	2.2	214
2024/05/13	18:10:06	40.53881	141.55706	-24	0.0	3	3.1	212
2024/05/13	18:11:03	40.53878	141.55716	-26	0.0	2	2.2	217
2024/05/13	18:12:03	40.53880	141.55703	-24	0.0	2	2.2	224
2024/05/13	18:13:03	40.53885	141.55706	-26	0.0	2	2.2	225
2024/05/13	18:14:03	40.53879	141.55726	20	0.0	3	3.2	225
2024/05/13	18:15:04	40.53882	141.55727	24	0.0	3	3.2	226
2024/05/13	18:16:04	40.53881	141.55737	30	0.0	3	3.3	224
2024/05/13	18:17:04	40.53877	141.55736	12	3.7	3	3.3	222
2024/05/13	18:18:04	40.53879	141.55732	26	0.0	3	3.3	223
2024/05/13	18:19:05	40.53881	141.55714	-8	3.7	3	3.3	218
2024/05/13	18:20:05	40.53878	141.55727	-8	0.0	3	3.4	218
2024/05/13	18:21:05	40.53881	141.55720	-8	0.0	2	2.3	217
2024/05/13	18:22:07	40.53880	141.55720	-6	0.0	2	2.3	200
2024/05/13	18:23:07	40.53882	141.55721	-8	0.0	2	2.3	222
2024/05/13	18:24:03	40.53897	141.55677	-12	0.0	2	2.3	208
2024/05/13	18:25:07	40.53879	141.55738	34	3.7	3	4.0	222
2024/05/13	18:26:08	40.53875	141.55741	36	0.0	2	2.3	221
2024/05/13	18:27:29	40.53874	141.55759	64	3.7	3	4.1	253
2024/05/13	18:28:19	40.53881	141.55705	-4	0.0	3	4.1	263
2024/05/13	18:29:06	40.53882	141.55730	28	3.7	3	4.2	225
2024/05/13	18:30:31	40.53879	141.55724	6	0.0	6	1.1	243
2024/05/13	18:31:00	40.53875	141.55736	-32	0.0	4	1.2	205
2024/05/13	18:32:00	40.53861	141.55712	80	0.0	3	2.0	181
2024/05/13	18:33:00	40.53895	141.55740	118	0.0	3	2.1	204
2024/05/13	18:34:07	40.53877	141.55723	-2	0.0	6	1.1	205
2024/05/13	18:35:00	40.53886	141.55729	-6	0.0	3	2.0	205
2024/05/13	18:36:00	40.53883	141.55729	-110	0.0	3	2.0	183
2024/05/13	18:37:00	40.53896	141.55668	-66	0.0	3	2.4	176
2024/05/13	18:38:00	40.53869	141.55710	22	0.0	3	1.4	181
2024/05/13	18:39:00	40.53887	141.55744	-46	0.0	4	1.3	205
2024/05/13	18:40:00	40.53883	141.55735	-72	0.0	3	2.0	206
2024/05/13	18:41:00	40.53866	141.55715	64	0.0	3	2.0	181
2024/05/13	18:42:01	40.53875	141.55727	26	0.0	5	1.1	206
2024/05/13	18:43:00	40.53886	141.55730	12	0.0	5	1.1	183
2024/05/13	18:44:00	40.53881	141.55726	4	0.0	5	1.1	202
2024/05/13	18:45:00	40.53869	141.55694	92	0.0	3	2.4	177
2024/05/13	18:46:00	40.53872	141.55729	6	0.0	5	1.1	182
2024/05/13	18:47:00	40.53884	141.55733	56	0.0	5	1.1	176
2024/05/13	18:48:01	40.53885	141.55732	12	0.0	5	1.1	180
2024/05/13	18:49:00	40.53882	141.55736	-16	0.0	3	2.1	179
2024/05/13	18:50:00	40.53873	141.55737	40	0.0	3	1.3	176
2024/05/13	18:51:00	40.53869	141.55707	74	0.0	4	2.1	178
2024/05/13	18:52:00	40.53904	141.55725	-44	0.0	4	2.1	202
2024/05/13	18:53:00	40.53876	141.55739	24	0.0	4	1.3	173
2024/05/13	18:54:01	40.53881	141.55725	36	0.0	3	1.4	178
2024/05/13	18:55:01	40.53898	141.55741	-20	0.0	4	1.3	199
2024/05/13	18:56:01	40.53879	141.55726	24	0.0	5	1.1	226
2024/05/13	18:57:00	40.53893	141.55731	22	0.0	3	2.1	178
2024/05/13	18:58:00	40.53889	141.55734	-2	0.0	3	1.4	175
2024/05/13	18:59:00	40.53866	141.55723	12	0.0	4	1.3	201
2024/05/13	19:00:00	40.53886	141.55719	8	0.0	5	1.1	200
2024/05/13	19:01:00	40.53883	141.55728	26	0.0	5	1.2	204
2024/05/13	19:02:01	40.53881	141.55723	-8	0.0	5	1.2	204
2024/05/13	19:03:00	40.53874	141.55723	10	0.0	4	2.2	176
2024/05/13	19:04:00	40.53876	141.55719	4	0.0	5	1.2	180
2024/05/13	19:05:00	40.53876	141.55723	16	0.0	5	1.2	205
2024/05/13	19:06:00	40.53877	141.55726	20	0.0	5	1.2	203
2024/05/13	19:07:00	40.53879	141.55726	-12	0.0	3	2.3	173
2024/05/13	19:08:01	40.53882	141.55736	8	0.0	4	2.3	198
2024/05/13	19:09:00	40.53876	141.55748	34	0.0	5	1.2	203
2024/05/13	19:10:00	40.54158	141.55937	34	48.2	5	1.2	231
2024/05/13	19:11:01	40.54807	141.56438	12	48.2	5	1.2	264
2024/05/13	19:12:01	40.55501	141.56811	26	48.2	5	1.2	247
2024/05/13	19:13:01	40.56097	141.57028	6	48.2	5	1.2	256
2024/05/13	19:14:00	40.56739	141.57294	-30	37.0	4	2.4	199
2024/05/13	19:15:01	40.57426	141.57608	2	48.2	4	2.4	254
2024/05/13	19:16:01	40.58088	141.57781	24	40.7	5	1.2	249
2024/05/13	19:17:01	40.58719	141.57975	-0	44.4	4	3.0	280
2024/05/13	19:18:01	40.59366	141.58174	20	48.2	5	2.4	257
2024/05/13	19:19:00	40.59858	141.58303	8	44.4	3	2.0	233
2024/05/13	19:20:01	40.60495	141.58565	16	48.2	6	1.0	284
2024/05/13	19:21:01	40.61108	141.58734	12	44.4	6	1.0	284
2024/05/13	19:22:00	40.61715	141.58887	24	40.7	5	1.3	256
2024/05/13	19:23:01	40.62346	141.59005	26	48.2	4	3.0	277
2024/05/13	19:24:00	40.62981	141.59271	46	51.9	5	1.3	200
2024/05/13	19:25:01	40.63710	141.59503	8	48.2	5	1.3	254
2024/05/13	19:26:01	40.64300	141.59917	12	11.1	4	2.0	247
2024/05/13	19:27:00	40.64366	141.59919	4	14.8	4	2.0	201
2024/05/13	19:28:01	40.64748	141.60063	8	29.6	5	1.3	275
2024/05/13	19:29:02	40.65334	141.60177	14	33.3	5	2.4	246
2024/05/13	19:30:02	40.65872	141.60119	16	40.7	5	1.3	246
2024/05/13	19:31:01	40.66457	141.60073	16	29.6	6	1.0	306
2024/05/13	19:32:01	40.66988	141.60040	28	37.0	5	2.4	248
2024/05/13	19:33:02	40.67711	141.60211	18	48.2	4	3.0	274
2024/05/13	19:34:01	40.68375	141.60390	22	40.7	5	2.3	281
2024/05/13	19:35:02	40.68836	141.60262	12	40.7	6	1.0	280
2024/05/13	19:36:01	40.69480	141.60236	24	44.4	6	1.0	293
2024/05/13	19:37:01	40.70131	141.60214	12	44.4	6	1.0	288
2024/05/13	19:38:01	40.70743	141.60081	2	40.7	4	3.0	278
2024/05/13	19:39:01	40.71370	141.60088	20	33.3	6	1.0	255
2024/05/13	19:40:01	40.71988	141.60061	8	37.0	4	3.0	273
2024/05/13	19:41:01	40.72588	141.59968	16	37.0	5	1.4	253
2024/05/13	19:42:00	40.73168	141.59793	28	37.0	5	2.2	255
2024/05/13	19:43:00	40.73799	141.59859	16	44.4	4	2.0	234
2024/05/13	19:44:01	40.74431	141.59979	14	44.4	4	2.0	272
2024/05/13	19:45:01	40.74755	141.60023	-46	33.3	4	2.4	249
2024/05/13	19:46:01	40.75331	141.60244	12	33.3	4	2.0	228
2024/05/13	19:47:01	40.75826	141.60720	20	44.4	4	2.0	260
2024/05/13	19:48:01	40.76445	141.61158	-16	48.2	4	2.4	222
2024/05/13	19:49:01	40.77129	141.61453	24	44.4	5	1.4	255
2024/05/13	19:50:00	40.77745	141.61782	10	40.7	5	1.4	253
2024/05/13	19:51:01	40.77947	141.61838	2	0.0	2	5.2	240
2024/05/13	19:52:01	40.77954	141.61846	-0	0.0	4	2.0	244
2024/05/13	19:53:01	40.77931	141.61891	16	0.0	3	4.2	223
2024/05/13	19:54:01	40.77910	141.61895	-24	0.0	3	4.3	246
2024/05/13	19:55:02	40.77896	141.61914	-22	0.0	3	4.3	226
2024/05/13	19:56:01	40.77886	141.61947	6	0.0	4	2.0	253
2024/05/13	19:57:02	40.77879	141.61976	-4	0.0	4	2.0	242
2024/05/13	19:58:02	40.77877	141.62015	70	3.7	3	4.4	233
2024/05/13	19:59:01	40.77854	141.62012	4	0.0	3	4.4	248
2024/05/13	20:00:02	40.77832	141.62059	0	0.0	3	4.0	251
2024/05/13	20:01:02	40.77828	141.62075	34	0.0	3	5.2	242
2024/05/13	20:02:02	40.77804	141.62035	18	14.8	4	2.0	278
2024/05/13	20:03:02	40.77922	141.61966	60	33.3	3	5.3	271
2024/05/13	20:04:01	40.78491	141.61961	2	37.0	3	5.3	257
2024/05/13	20:05:01	40.78948	141.61757	34	37.0	3	5.4	254
2024/05/13	20:06:02	40.79276	141.61447	12	29.6	4	2.0	252
2024/05/13	20:07:02	40.79593	141.61016	4	22.2	4	2.0	281
2024/05/13	20:08:01	40.79820	141.60620	20	29.6	3	6.1	251
2024/05/13	20:09:02	40.80092	141.60137	20	25.9	4	2.0	273
2024/05/13	20:10:02	40.80497	141.59727	6	29.6	3	3.4	257
2024/05/13	20:11:01	40.80607	141.59158	6	25.9	4	2.0	254
2024/05/13	20:12:01	40.80703	141.58576	26	37.0	2	4.3	283
2024/05/13	20:13:02	40.80820	141.57959	22	33.3	3	3.4	280
2024/05/13	20:14:02	40.81172	141.57503	34	37.0	3	7.0	270
2024/05/13	20:15:04	40.81712	141.57300	-16	29.6	3	7.1	247
2024/05/13	20:16:01	40.81820	141.56846	-18	22.2	3	7.2	270
2024/05/13	20:17:02	40.82046	141.56583	28	25.9	3	7.3	254
2024/05/13	20:18:03	40.81973	141.56151	4	25.9	3	7.4	236
2024/05/13	20:24:38	40.81439	141.53997	18	37.0	4	1.3	251
2024/05/13	20:25:01	40.81530	141.53817	22	22.2	4	1.3	251
2024/05/13	20:26:01	40.81589	141.53323	8	22.2	4	1.3	253
2024/05/13	20:27:01	40.81799	141.52863	12	29.6	4	1.3	262
2024/05/13	20:28:02	40.82016	141.52341	12	29.6	4	1.3	253
2024/05/13	20:29:03	40.82096	141.51919	4	33.3	4	1.3	254
2024/05/13	20:30:02	40.81925	141.51738	24	25.9	4	1.3	255
2024/05/13	20:31:02	40.81844	141.51348	4	22.2	4	1.3	257
2024/05/13	20:32:01	40.81806	141.50828	18	29.6	4	1.3	222
2024/05/13	20:33:02	40.81713	141.50268	12	25.9	4	1.3	248
2024/05/13	20:34:01	40.81601	141.49751	10	29.6	4	1.3	229
2024/05/13	20:35:01	40.81647	141.49138	16	29.6	4	1.3	254
2024/05/13	20:36:02	40.81711	141.48786	20	22.2	4	1.3	245
2024/05/13	20:37:01	40.81601	141.48329	16	25.9	4	1.3	254
2024/05/13	20:38:01	40.81283	141.48160	16	33.3	4	1.3	257
2024/05/13	20:39:02	40.80861	141.48347	32	25.9	4	1.3	258
2024/05/13	20:40:02	40.80632	141.48116	-14	29.6	3	3.2	249
2024/05/13	20:41:02	40.80231	141.48465	-14	33.3	3	3.2	247
2024/05/13	20:42:02	40.79903	141.48597	28	25.9	3	3.1	253
2024/05/13	20:43:01	40.79467	141.48584	22	29.6	3	3.1	255
2024/05/13	20:44:02	40.79134	141.48154	28	29.6	4	1.3	250
2024/05/13	20:45:02	40.78840	141.47736	-0	25.9	3	3.1	278
2024/05/13	20:46:02	40.78488	141.47469	40	29.6	3	3.1	261
2024/05/13	20:47:02	40.78339	141.47141	10	22.2	3	3.2	248
2024/05/13	20:48:02	40.78168	141.46642	22	29.6	3	3.1	255
2024/05/13	20:49:02	40.78139	141.46037	6	33.3	3	3.1	252
2024/05/13	20:50:03	40.78187	141.45428	16	29.6	3	2.0	251
2024/05/13	20:51:03	40.78249	141.44821	24	25.9	4	1.3	254
2024/05/13	20:52:02	40.78386	141.44169	8	33.3	3	3.1	246
2024/05/13	20:53:01	40.78340	141.44020	-8	0.0	4	1.3	266
2024/05/13	20:54:02	40.78344	141.44026	-22	0.0	4	1.3	255
2024/05/13	20:55:01	40.78324	141.44028	22	0.0	3	3.0	305
2024/05/13	20:56:00	40.78327	141.44028	-6	0.0	3	1.4	260
2024/05/13	20:57:00	40.78338	141.44021	2	0.0	4	1.3	289
2024/05/13	20:58:00	40.78329	141.44025	4	0.0	4	1.3	287
2024/05/13	20:59:00	40.78341	141.44022	6	0.0	4	1.3	214
2024/05/13	21:00:00	40.78338	141.44038	16	0.0	4	1.3	265
2024/05/13	21:01:01	40.78335	141.44033	6	0.0	4	1.3	272
2024/05/13	21:02:00	40.78338	141.44022	-6	0.0	4	1.3	265
2024/05/13	21:03:01	40.78330	141.44025	4	0.0	4	1.3	291
2024/05/13	21:04:00	40.78322	141.44030	-22	0.0	4	1.3	267
2024/05/13	21:05:01	40.78285	141.43995	12	0.0	4	1.3	267
2024/05/13	21:06:01	40.78293	141.43993	6	0.0	4	1.3	262
2024/05/13	21:07:00	40.78282	141.44000	8	0.0	3	2.4	233
2024/05/13	21:08:02	40.78278	141.43991	8	0.0	2	3.0	274
2024/05/13	21:09:04	40.78277	141.43994	-30	0.0	4	1.3	273
2024/05/13	21:10:02	40.78295	141.43978	-28	0.0	2	2.4	277
2024/05/13	21:11:02	40.78258	141.43987	10	7.4	3	2.4	264
2024/05/13	21:12:02	40.78276	141.43974	-16	0.0	3	2.4	275
2024/05/13	21:13:02	40.78290	141.43983	-22	0.0	2	2.4	274
2024/05/13	21:14:03	40.78293	141.43979	-24	0.0	2	2.4	272
2024/05/13	21:15:01	40.78300	141.43960	-16	0.0	4	1.3	280
2024/05/13	21:16:01	40.78302	141.43973	-12	0.0	3	3.0	253
2024/05/13	21:17:02	40.78290	141.43976	-10	0.0	2	2.4	271
2024/05/13	21:18:12	40.78300	141.43969	-10	0.0	4	1.3	271
2024/05/13	21:19:03	40.78292	141.43967	34	0.0	3	3.0	280
2024/05/13	21:20:02	40.78294	141.43967	30	0.0	2	2.3	273
2024/05/13	21:21:03	40.78299	141.43971	8	0.0	3	3.0	278
2024/05/13	21:22:03	40.78279	141.43987	62	0.0	3	3.0	277
2024/05/13	21:23:02	40.78290	141.43975	60	0.0	2	2.3	253
2024/05/13	21:24:05	40.78298	141.43973	32	0.0	3	3.0	268
2024/05/13	21:25:02	40.78310	141.43968	30	0.0	2	2.3	270
2024/05/13	21:26:02	40.78307	141.43974	30	0.0	2	2.3	254
2024/05/13	21:27:06	40.78324	141.43967	-14	0.0	3	3.0	253
2024/05/13	21:28:01	40.78324	141.43959	-16	0.0	2	2.3	253
2024/05/13	21:29:02	40.78313	141.43972	0	0.0	3	3.0	256
2024/05/13	21:30:02	40.78330	141.43961	2	0.0	2	2.3	258
2024/05/13	21:31:05	40.78321	141.43963	4	0.0	2	2.0	254
2024/05/13	21:32:04	40.78326	141.43963	30	0.0	3	3.1	257
2024/05/13	21:33:04	40.78322	141.43961	16	0.0	3	3.1	256
2024/05/13	21:34:06	40.78337	141.43960	-8	0.0	3	3.1	253
2024/05/13	21:35:04	40.78335	141.43975	4	0.0	3	3.1	256
2024/05/13	21:36:04	40.78323	141.43976	48	0.0	3	3.1	257
2024/05/13	21:37:02	40.78342	141.43972	46	0.0	2	2.2	254
2024/05/13	21:38:03	40.78325	141.43996	42	0.0	3	3.1	262
2024/05/13	21:39:02	40.78339	141.43987	0	0.0	3	3.1	263
2024/05/13	21:40:01	40.78330	141.43991	12	0.0	3	3.1	208
2024/05/13	21:41:04	40.78364	141.44034	-48	0.0	3	3.1	238
2024/05/13	21:42:04	40.78362	141.44040	-22	0.0	3	3.1	252
2024/05/13	21:43:07	40.78361	141.44049	0	0.0	3	3.1	242
2024/05/13	21:44:04	40.78358	141.44061	54	3.7	3	3.1	251
2024/05/13	21:45:05	40.78363	141.44046	26	0.0	3	3.1	245
2024/05/13	21:46:04	40.78366	141.44029	22	0.0	3	3.1	272
2024/05/13	21:47:02	40.78379	141.44017	-2	0.0	3	3.1	288
2024/05/13	21:48:02	40.78371	141.44018	0	0.0	2	2.2	256
2024/05/13	21:49:01	40.78373	141.44033	16	0.0	3	3.2	222
2024/05/13	21:50:02	40.78378	141.44026	4	0.0	3	3.2	285
2024/05/13	21:51:01	40.78387	141.44014	-28	0.0	3	3.2	204
2024/05/13	21:52:03	40.78373	141.44022	-2	0.0	3	3.2	284
2024/05/13	21:53:02	40.78364	141.44017	22	0.0	3	3.2	281
2024/05/13	21:54:05	40.78386	141.44004	-24	0.0	3	3.2	272
2024/05/13	21:55:03	40.78379	141.44011	-28	0.0	2	2.1	283
2024/05/13	21:56:03	40.78362	141.44023	14	0.0	3	3.2	293
2024/05/13	21:57:01	40.78365	141.44031	14	0.0	2	2.1	286
2024/05/13	21:58:02	40.78374	141.44016	-0	0.0	3	3.2	284
2024/05/13	21:59:04	40.78379	141.44018	-14	0.0	3	3.2	278
2024/05/13	22:00:31	40.78444	141.44076	-4	0.0	6	1.3	255
2024/05/13	22:01:02	40.78443	141.44079	4	0.0	6	1.3	270
2024/05/13	22:02:01	40.78434	141.44104	-22	0.0	5	1.4	210
2024/05/13	22:03:02	40.78437	141.44088	0	0.0	5	1.4	252
2024/05/13	22:04:01	40.78554	141.43959	8	0.0	4	2.1	252
2024/05/13	22:05:02	40.78548	141.43963	-8	0.0	6	1.3	255
2024/05/13	22:06:01	40.78553	141.43970	-6	0.0	4	2.0	204
2024/05/13	22:07:02	40.78554	141.43985	-0	0.0	6	1.3	254
2024/05/13	22:08:01	40.78558	141.43974	-0	0.0	6	1.3	255
2024/05/13	22:09:01	40.78546	141.43982	-2	0.0	6	1.3	230
2024/05/13	22:10:00	40.78573	141.43987	8	0.0	3	2.4	231
2024/05/13	22:11:01	40.78580	141.43976	-14	0.0	4	2.2	149
2024/05/13	22:12:02	40.78571	141.43991	-0	0.0	5	1.4	261
2024/05/13	22:13:01	40.78574	141.43986	10	0.0	5	2.0	202
2024/05/13	22:14:02	40.78559	141.43989	-2	0.0	6	1.3	251
2024/05/13	22:15:01	40.78572	141.43979	-20	0.0	4	2.2	200
2024/05/13	22:16:01	40.78558	141.43987	0	0.0	4	2.2	177
2024/05/13	22:17:01	40.78578	141.43967	12	0.0	4	2.1	228
2024/05/13	22:18:01	40.78558	141.43964	-8	0.0	3	2.3	208
2024/05/13	22:19:01	40.78559	141.43967	-2	0.0	4	2.1	239
2024/05/13	22:20:01	40.78630	141.44023	-8	37.0	5	1.4	279
2024/05/13	22:21:03	40.78222	141.44141	38	44.4	4	4.3	258
2024/05/13	22:22:02	40.77931	141.44902	36	48.2	3	14.2	199
2024/05/13	22:23:02	40.77779	141.45574	26	33.3	4	5.0	289
2024/05/13	22:24:02	40.77753	141.46340	-10	48.2	4	2.1	224
2024/05/13	22:25:02	40.78049	141.46752	18	33.3	5	1.4	282
2024/05/13	22:26:02	40.78388	141.46828	14	25.9	6	1.2	276
2024/05/13	22:27:01	40.78868	141.46866	22	37.0	4	2.0	292
2024/05/13	22:28:01	40.79336	141.46768	10	33.3	5	1.4	212
2024/05/13	22:29:01	40.79801	141.46621	32	29.6	4	2.0	211
2024/05/13	22:30:00	40.80090	141.46730	2	0.0	4	2.0	223
2024/05/13	22:31:02	40.80007	141.46533	2	40.7	5	2.0	277
2024/05/13	22:32:03	40.79433	141.46799	-48	25.9	4	6.1	274
2024/05/13	22:33:03	40.79260	141.46877	4	29.6	4	2.1	276
2024/05/13	22:34:01	40.79160	141.46390	14	29.6	5	1.4	281
2024/05/13	22:35:02	40.78942	141.45832	14	29.6	5	2.0	274
2024/05/13	22:36:02	40.78854	141.45216	18	37.0	5	1.4	278
2024/05/13	22:37:03	40.78591	141.44589	12	22.2	6	1.2	283
2024/05/13	22:38:00	40.78440	141.44189	16	3.7	4	1.3	229
2024/05/13	22:39:02	40.78430	141.44177	10	0.0	4	1.4	283
2024/05/13	22:40:02	40.78438	141.44172	-2	0.0	5	1.3	277
2024/05/13	22:41:02	40.78436	141.44176	-12	0.0	5	1.3	275
2024/05/13	22:42:03	40.78435	141.44175	8	0.0	6	1.2	281
2024/05/13	22:43:02	40.78451	141.44170	-4	0.0	6	1.2	283
2024/05/13	22:44:01	40.78459	141.44168	-2	0.0	4	1.4	231
2024/05/13	22:45:03	40.78452	141.44172	-20	0.0	4	1.4	261
2024/05/13	22:46:02	40.78456	141.44180	-8	0.0	4	1.4	271
2024/05/13	22:47:02	40.78468	141.44184	-10	0.0	4	1.4	270
2024/05/13	22:48:02	40.78489	141.44179	-2	0.0	6	1.1	276
2024/05/13	22:49:02	40.78477	141.44197	-2	0.0	5	1.3	279
2024/05/13	22:50:01	40.78492	141.44195	-8	0.0	4	1.4	239
2024/05/13	22:51:02	40.78492	141.44204	14	0.0	5	1.3	280
2024/05/13	22:52:03	40.78487	141.44210	-10	0.0	5	1.3	282
2024/05/13	22:53:03	40.78497	141.44212	-2	0.0	6	1.1	285
2024/05/13	22:54:02	40.78500	141.44217	6	0.0	4	1.4	282
2024/05/13	22:55:02	40.78497	141.44229	-16	0.0	3	5.1	281
2024/05/13	22:56:02	40.78503	141.44239	-16	0.0	5	1.2	283
2024/05/13	22:57:02	40.78518	141.44231	-4	0.0	4	1.4	281
2024/05/13	22:58:01	40.78530	141.44229	8	0.0	4	1.4	278
2024/05/13	22:59:01	40.78532	141.44243	-6	0.0	4	1.4	281
2024/05/13	23:00:02	40.78551	141.44240	-8	0.0	5	1.2	275
2024/05/13	23:01:01	40.78538	141.44248	-8	0.0	4	1.4	253
2024/05/13	23:02:01	40.78558	141.44259	-8	0.0	4	1.4	281
2024/05/13	23:03:02	40.78553	141.44272	30	0.0	3	11.4	256
2024/05/13	23:04:01	40.78584	141.44283	-2	0.0	4	1.4	200
2024/05/13	23:05:02	40.78594	141.44291	-16	0.0	4	1.4	274
2024/05/13	23:06:01	40.78595	141.44295	-12	0.0	4	1.4	255
2024/05/13	23:07:02	40.78610	141.44313	-2	0.0	4	1.4	250
2024/05/13	23:08:01	40.78627	141.44321	16	0.0	4	1.4	278
2024/05/13	23:09:01	40.78641	141.44324	-2	0.0	4	1.4	257
2024/05/13	23:10:01	40.78629	141.44334	-8	0.0	4	1.4	280
2024/05/13	23:11:02	40.78649	141.44356	-10	0.0	4	1.4	273
2024/05/13	23:12:01	40.78651	141.44358	8	0.0	4	1.4	220
2024/05/13	23:13:02	40.78665	141.44376	-6	0.0	4	1.4	272
2024/05/13	23:14:03	40.78668	141.44386	2	0.0	4	1.4	265
2024/05/13	23:15:03	40.78687	141.44402	-8	0.0	4	1.4	277
2024/05/13	23:16:01	40.78694	141.44417	8	0.0	4	1.4	230
2024/05/13	23:17:02	40.78708	141.44423	-22	0.0	3	6.1	269
2024/05/13	23:18:03	40.78704	141.44436	4	0.0	3	6.0	276
2024/05/13	23:19:03	40.78718	141.44440	-20	0.0	3	5.4	266
2024/05/13	23:20:02	40.78714	141.44450	-8	0.0	4	2.0	268
2024/05/13	23:21:03	40.78723	141.44451	12	0.0	3	5.2	264
2024/05/13	23:22:03	40.78725	141.44462	8	0.0	2	4.1	287
2024/05/13	23:23:02	40.78732	141.44467	-10	0.0	3	5.1	264
2024/05/13	23:24:02	40.78741	141.44315	-4	70.4	3	10.3	281
2024/05/13	23:25:04	40.78330	141.44017	-4	29.6	5	1.1	280
2024/05/13	23:26:04	40.78209	141.43956	12	48.2	3	4.1	275
2024/05/13	23:27:03	40.77634	141.44204	32	44.4	4	3.4	284
2024/05/13	23:28:03	40.77079	141.44419	0	37.0	3	4.3	279
2024/05/13	23:29:03	40.76598	141.44203	8	40.7	3	4.3	279
2024/05/13	23:30:03	40.75943	141.44499	66	48.2	3	4.2	287
2024/05/13	23:31:03	40.75366	141.44645	-22	44.4	3	4.2	278
2024/05/13	23:32:04	40.74709	141.44842	-22	48.2	2	3.3	283
2024/05/13	23:33:02	40.74158	141.45263	-20	48.2	2	3.3	292
2024/05/13	23:34:03	40.73857	141.45440	-48	0.0	3	4.1	272
2024/05/13	23:35:02	40.73837	141.45444	-38	0.0	3	4.1	268
2024/05/13	23:36:06	40.73840	141.45454	-12	0.0	3	4.0	281
2024/05/13	23:37:03	40.73826	141.45463	8	0.0	3	4.0	297
2024/05/13	23:38:03	40.73829	141.45456	-18	0.0	3	4.0	280
2024/05/13	23:39:04	40.73818	141.45457	6	0.0	3	4.0	269
2024/05/13	23:40:04	40.73831	141.45462	6	0.0	3	3.4	290
2024/05/13	23:41:03	40.73831	141.45470	14	0.0	3	3.4	291
2024/05/13	23:42:02	40.73838	141.45466	16	0.0	2	3.2	243
2024/05/13	23:43:03	40.73829	141.45463	6	0.0	3	3.4	293
2024/05/13	23:44:03	40.73843	141.45469	6	0.0	2	3.2	293
2024/05/13	23:45:03	40.73813	141.45474	6	0.0	2	3.1	291
2024/05/13	23:46:03	40.73862	141.45443	-88	0.0	3	3.3	288
2024/05/13	23:47:03	40.73819	141.45456	14	0.0	3	3.3	289
2024/05/13	23:48:02	40.73806	141.45467	24	3.7	3	3.3	296
2024/05/13	23:49:04	40.73822	141.45454	-22	0.0	3	3.3	283
2024/05/13	23:50:04	40.73809	141.45466	-20	0.0	2	3.1	281
2024/05/13	23:51:03	40.73840	141.45493	-22	0.0	2	3.1	289
2024/05/13	23:52:02	40.73824	141.45495	-20	0.0	2	3.1	296
2024/05/13	23:53:04	40.73821	141.45510	14	0.0	3	3.3	274
2024/05/13	23:54:09	40.73838	141.45505	-26	0.0	3	3.2	279
2024/05/13	23:55:04	40.73832	141.45510	6	0.0	3	3.2	299
2024/05/13	23:56:05	40.73831	141.45504	-0	0.0	3	3.2	279
2024/05/13	23:57:03	40.73833	141.45503	-26	0.0	3	3.2	293
2024/05/13	23:58:05	40.73828	141.45503	-12	0.0	3	3.2	277
2024/05/13	23:59:04	40.73837	141.45505	-10	0.0	2	3.0	262
2024/05/14	00:00:04	40.73826	141.45494	-12	0.0	2	3.0	258
2024/05/14	00:01:02	40.73820	141.45493	-14	0.0	2	3.0	258
2024/05/14	00:02:03	40.73821	141.45486	-12	0.0	2	3.0	286
2024/05/14	00:03:05	40.73827	141.45501	-12	0.0	3	3.2	293
2024/05/14	00:04:05	40.73824	141.45523	28	0.0	3	3.2	292
2024/05/14	00:05:05	40.73832	141.45506	-8	0.0	3	3.2	291
2024/05/14	00:06:02	40.73832	141.45518	-8	0.0	2	3.0	258
2024/05/14	00:07:03	40.73843	141.45510	-6	0.0	2	3.0	291
2024/05/14	00:08:04	40.73837	141.45509	-6	0.0	3	3.2	294
2024/05/14	00:09:03	40.73832	141.45520	-8	0.0	2	3.0	291
2024/05/14	00:10:04	40.73831	141.45534	24	0.0	3	3.2	294
2024/05/14	00:11:03	40.73826	141.45517	6	0.0	3	3.2	300
2024/05/14	00:12:02	40.73840	141.45523	-0	0.0	3	3.2	296
2024/05/14	00:13:04	40.73836	141.45488	-36	3.7	3	3.2	287
2024/05/14	00:14:03	40.73831	141.45516	12	0.0	3	3.2	296
2024/05/14	00:15:03	40.73831	141.45510	0	0.0	3	3.2	293
2024/05/14	00:16:02	40.73837	141.45501	-14	0.0	3	3.2	305
2024/05/14	00:17:04	40.73827	141.45496	-12	0.0	2	3.0	289
2024/05/14	00:18:05	40.73841	141.45501	-12	0.0	2	3.0	290
2024/05/14	00:19:05	40.73837	141.45492	-12	0.0	2	3.0	284
2024/05/14	00:20:40	40.73834	141.45509	-0	0.0	6	1.1	277
2024/05/14	00:21:00	40.73827	141.45505	6	0.0	3	2.0	288
2024/05/14	00:22:02	40.73814	141.45514	-4	3.7	4	2.0	266
2024/05/14	00:23:00	40.73839	141.45520	10	0.0	3	1.3	236
2024/05/14	00:24:01	40.73835	141.45509	20	0.0	3	2.1	216
2024/05/14	00:25:02	40.73841	141.45509	8	0.0	4	1.3	263
2024/05/14	00:26:01	40.73843	141.45506	16	0.0	5	1.2	281
2024/05/14	00:27:01	40.73854	141.45503	18	0.0	5	1.3	237
2024/05/14	00:28:01	40.73835	141.45516	-0	0.0	5	1.3	238
2024/05/14	00:29:01	40.73831	141.45513	4	0.0	3	2.0	268
2024/05/14	00:30:01	40.73686	141.45911	-40	33.3	4	1.3	236
2024/05/14	00:31:08	40.73897	141.46059	2	37.0	6	1.1	276
2024/05/14	00:32:05	40.74037	141.46380	20	25.9	6	1.1	266
2024/05/14	00:33:03	40.74150	141.46850	8	29.6	5	1.2	280
2024/05/14	00:34:03	40.74389	141.47294	6	25.9	6	1.1	256
2024/05/14	00:35:03	40.74717	141.47735	10	29.6	5	2.2	272
2024/05/14	00:36:02	40.74936	141.48203	20	29.6	4	1.3	275
2024/05/14	00:37:02	40.75120	141.48680	-2	25.9	5	2.2	272
2024/05/14	00:38:01	40.75313	141.49137	76	40.7	4	2.4	230
2024/05/14	00:39:02	40.75788	141.49402	14	37.0	5	2.3	272
2024/05/14	00:40:02	40.76217	141.49831	10	37.0	5	2.3	279
2024/05/14	00:41:02	40.76570	141.50317	40	40.7	3	3.2	140
2024/05/14	00:42:02	40.76822	141.50884	22	37.0	6	1.1	253
2024/05/14	00:43:02	40.77029	141.51435	-12	33.3	3	2.3	275
2024/05/14	00:44:02	40.76988	141.52016	2	25.9	4	3.3	273
2024/05/14	00:45:03	40.76749	141.52369	16	25.9	6	1.1	293
2024/05/14	00:46:01	40.76572	141.52829	16	29.6	5	2.1	254
2024/05/14	00:47:01	40.76436	141.53402	22	29.6	6	1.2	261
2024/05/14	00:48:01	40.76483	141.53900	-16	29.6	5	2.1	293
2024/05/14	00:49:01	40.76615	141.54531	6	33.3	6	1.2	249
2024/05/14	00:50:00	40.76618	141.55222	20	33.3	3	2.3	198
2024/05/14	00:51:01	40.76662	141.55910	-0	37.0	5	1.2	282
2024/05/14	00:52:00	40.76669	141.56554	10	29.6	3	2.2	254
2024/05/14	00:53:00	40.76473	141.57088	-4	25.9	3	2.4	198
2024/05/14	00:54:01	40.76450	141.57610	20	29.6	5	2.3	275
2024/05/14	00:55:01	40.76426	141.58204	16	33.3	4	2.4	221
2024/05/14	00:56:00	40.76394	141.58761	-12	29.6	3	2.3	227
2024/05/14	00:57:01	40.76559	141.59413	34	33.3	5	2.3	251
2024/05/14	00:58:01	40.76672	141.59883	6	37.0	5	2.4	240
2024/05/14	00:59:02	40.77017	141.60499	30	37.0	5	2.4	285
2024/05/14	01:00:02	40.77485	141.61021	4	40.7	6	1.2	278
2024/05/14	01:01:01	40.77704	141.61611	34	40.7	4	1.4	226
2024/05/14	01:02:02	40.78058	141.62184	16	40.7	6	1.2	276
2024/05/14	01:03:01	40.78586	141.62506	26	40.7	4	1.3	246
2024/05/14	01:04:02	40.79109	141.62545	18	44.4	6	1.2	282
2024/05/14	01:05:01	40.79806	141.62728	4	11.1	3	2.4	275
2024/05/14	01:06:03	40.79679	141.62486	-14	40.7	5	2.4	275
2024/05/14	01:07:02	40.79404	141.62006	22	33.3	3	6.2	278
2024/05/14	01:08:02	40.78997	141.61614	-2	33.3	5	2.4	268
2024/05/14	01:09:03	40.78561	141.61226	20	29.6	5	1.3	287
2024/05/14	01:10:01	40.78093	141.61136	14	29.6	5	2.3	293
2024/05/14	01:11:02	40.77602	141.61065	26	33.3	5	1.3	289
2024/05/14	01:12:02	40.77093	141.61000	22	37.0	6	1.1	287
2024/05/14	01:13:02	40.76553	141.60842	30	33.3	5	2.3	285
2024/05/14	01:14:02	40.76031	141.60726	12	37.0	4	5.0	278
2024/05/14	01:15:02	40.75554	141.60480	42	33.3	5	2.3	285
2024/05/14	01:16:02	40.75023	141.60312	30	33.3	4	3.2	289
2024/05/14	01:17:03	40.74481	141.60172	32	33.3	5	1.4	280
2024/05/14	01:18:03	40.73965	141.59894	56	40.7	4	2.1	275
2024/05/14	01:19:02	40.73484	141.59616	42	37.0	3	5.0	289
2024/05/14	01:20:02	40.73013	141.59212	46	37.0	4	2.1	277
2024/05/14	01:21:02	40.72455	141.58866	34	37.0	3	4.0	283
2024/05/14	01:22:02	40.71879	141.58611	42	40.7	5	1.2	282
2024/05/14	01:23:03	40.71293	141.58276	36	40.7	5	1.2	282
2024/05/14	01:24:03	40.70737	141.58029	42	33.3	4	3.3	275
2024/05/14	01:25:02	40.70161	141.57800	14	40.7	2	7.1	279
2024/05/14	01:26:02	40.69570	141.57514	34	40.7	6	1.1	284
2024/05/14	01:27:02	40.68993	141.57225	22	37.0	5	1.4	288
2024/05/14	01:28:02	40.68426	141.56944	32	37.0	6	1.1	277
2024/05/14	01:29:02	40.67907	141.56500	56	40.7	4	2.1	283
2024/05/14	01:30:02	40.67443	141.56553	10	33.3	5	2.0	282
2024/05/14	01:31:02	40.66902	141.56462	6	33.3	6	1.1	285
2024/05/14	01:32:02	40.66429	141.56547	10	29.6	5	1.4	256
2024/05/14	01:33:02	40.66187	141.56513	-2	0.0	5	1.4	274
2024/05/14	01:34:03	40.66180	141.56530	-0	0.0	5	1.4	287
2024/05/14	01:35:02	40.66180	141.56536	-8	0.0	5	1.4	273
2024/05/14	01:36:03	40.66183	141.56541	-0	0.0	4	3.2	273
2024/05/14	01:37:03	40.66175	141.56548	2	0.0	5	1.4	271
2024/05/14	01:38:03	40.66164	141.56563	12	0.0	4	3.1	275
2024/05/14	01:39:03	40.66139	141.56590	2	0.0	4	3.1	260
2024/05/14	01:40:03	40.66170	141.56576	-18	0.0	5	1.3	272
2024/05/14	01:41:02	40.66187	141.56577	-8	0.0	4	3.0	276
2024/05/14	01:42:02	40.66161	141.56594	4	0.0	4	2.4	279
2024/05/14	01:43:03	40.66185	141.56589	0	0.0	4	3.1	278
2024/05/14	01:44:02	40.66235	141.56604	-0	0.0	5	1.3	277
2024/05/14	01:45:02	40.66258	141.56593	-20	0.0	4	2.3	284
2024/05/14	01:46:03	40.66232	141.56605	-2	0.0	5	1.3	282
2024/05/14	01:47:03	40.66212	141.56622	0	0.0	4	3.0	282
2024/05/14	01:48:03	40.66202	141.56629	12	0.0	4	3.0	273
2024/05/14	01:49:03	40.66224	141.56624	-2	0.0	5	1.2	285
2024/05/14	01:50:02	40.66204	141.56640	-0	0.0	4	2.2	281
2024/05/14	01:51:02	40.66231	141.56630	-4	0.0	4	2.4	285
2024/05/14	01:52:02	40.66209	141.56648	-0	0.0	5	1.2	286
2024/05/14	01:53:02	40.66201	141.56659	24	0.0	3	3.0	287
2024/05/14	01:54:02	40.66201	141.56656	4	0.0	4	2.4	286
2024/05/14	01:55:02	40.66192	141.56666	8	0.0	4	2.4	289
2024/05/14	01:56:02	40.66192	141.56669	4	0.0	4	2.1	285
2024/05/14	01:57:01	40.66207	141.56668	4	0.0	3	2.4	288
2024/05/14	01:58:01	40.66173	141.56677	30	0.0	3	2.4	286
2024/05/14	01:59:01	40.66186	141.56673	10	0.0	3	2.4	287
2024/05/14	02:00:03	40.66048	141.56718	-2	22.2	4	1.3	279
2024/05/14	02:01:06	40.65842	141.56760	-18	22.2	3	14.2	270
2024/05/14	02:02:09	40.65643	141.56704	2	0.0	4	1.3	279
2024/05/14	02:03:03	40.65687	141.56655	-6	0.0	3	13.3	283
2024/05/14	02:04:02	40.65604	141.56721	50	0.0	3	12.4	287
2024/05/14	02:05:02	40.65747	141.56568	-4	0.0	3	13.0	281
2024/05/14	02:06:03	40.65748	141.56644	-94	3.7	3	12.3	281
2024/05/14	02:07:03	40.65689	141.56651	-4	0.0	3	12.2	282
2024/05/14	02:08:04	40.65665	141.56712	-18	0.0	4	1.2	279
2024/05/14	02:09:04	40.65199	141.56451	4	40.7	4	1.2	279
2024/05/14	02:10:06	40.64681	141.56135	12	37.0	4	1.2	274
2024/05/14	02:11:05	40.64208	141.55738	12	37.0	4	1.2	273
2024/05/14	02:12:05	40.63740	141.55269	36	44.4	3	12.1	271
2024/05/14	02:13:05	40.63239	141.54880	64	37.0	3	12.0	272
2024/05/14	02:14:04	40.62811	141.54404	42	33.3	3	12.0	283
2024/05/14	02:15:05	40.62345	141.53974	56	25.9	3	12.0	283
2024/05/14	02:16:03	40.61901	141.53602	32	40.7	3	11.4	275
2024/05/14	02:17:04	40.61306	141.53243	134	40.7	3	11.4	281
2024/05/14	02:18:04	40.60961	141.52716	4	37.0	3	9.4	277
2024/05/14	02:19:05	40.60500	141.52553	-100	37.0	3	11.3	271
2024/05/14	02:20:04	40.59806	141.52491	30	22.2	3	11.3	276
2024/05/14	02:21:04	40.59295	141.52348	16	25.9	3	11.3	279
2024/05/14	02:22:03	40.58740	141.52164	64	7.4	3	11.2	280
2024/05/14	02:23:04	40.58293	141.52008	-0	33.3	3	9.0	270
2024/05/14	02:24:03	40.57778	141.51749	-2	48.2	3	11.2	281
2024/05/14	02:25:06	40.57131	141.51445	88	44.4	3	11.2	271
2024/05/14	02:26:05	40.56687	141.50945	24	40.7	3	11.1	284
2024/05/14	02:27:06	40.56146	141.50652	-12	33.3	3	11.1	276
2024/05/14	02:28:04	40.55832	141.50911	-0	33.3	3	11.1	262
2024/05/14	02:29:06	40.55670	141.51528	10	33.3	3	11.1	253
2024/05/14	02:30:32	40.55661	141.52367	-0	37.0	3	3.1	259
2024/05/14	02:31:02	40.55815	141.52655	0	18.5	3	3.1	286
2024/05/14	02:32:03	40.55806	141.52673	20	0.0	3	3.1	286
2024/05/14	02:33:03	40.55806	141.52656	20	0.0	3	3.1	250
2024/05/14	02:34:03	40.55806	141.52666	14	0.0	3	3.1	262
2024/05/14	02:35:03	40.55809	141.52673	6	0.0	3	3.1	265
2024/05/14	02:36:03	40.55806	141.52679	2	0.0	3	3.1	282
2024/05/14	02:37:03	40.55806	141.52673	0	0.0	3	3.1	266
2024/05/14	02:38:02	40.55841	141.52744	-28	14.8	3	3.1	274
2024/05/14	02:39:03	40.55907	141.53249	-4	33.3	3	3.2	303
2024/05/14	02:40:03	40.55836	141.53499	-6	0.0	3	3.2	284
2024/05/14	02:41:02	40.55847	141.53506	-8	0.0	2	5.3	270
2024/05/14	02:42:06	40.55848	141.53476	20	0.0	3	3.2	280
2024/05/14	02:43:03	40.55844	141.53482	18	0.0	2	5.3	293
2024/05/14	02:44:38	40.55843	141.53498	0	0.0	7	1.0	283
2024/05/14	02:45:00	40.55868	141.53478	22	0.0	5	2.0	296
2024/05/14	02:46:00	40.55846	141.53523	-30	3.7	4	2.3	298
2024/05/14	02:47:00	40.55841	141.53509	4	0.0	5	2.1	219
2024/05/14	02:48:00	40.55829	141.53459	74	0.0	4	2.3	266
2024/05/14	02:49:00	40.55866	141.53486	-22	0.0	3	1.3	281
2024/05/14	02:50:02	40.55817	141.53543	16	25.9	3	2.0	168
2024/05/14	02:51:02	40.55436	141.53757	-18	25.9	4	1.2	240
2024/05/14	02:52:05	40.55046	141.54269	-2	33.3	5	1.1	266
2024/05/14	02:53:03	40.54846	141.54812	-4	33.3	5	1.2	259
2024/05/14	02:54:00	40.54829	141.54937	14	0.0	6	1.2	295
2024/05/14	02:55:00	40.54833	141.54942	8	0.0	7	1.1	301
2024/05/14	02:56:02	40.54832	141.54944	-4	0.0	7	0.4	287
2024/05/14	02:57:02	40.54830	141.54953	6	0.0	7	0.4	285
2024/05/14	02:58:01	40.54827	141.54950	22	0.0	6	1.1	245
2024/05/14	02:59:01	40.54851	141.54940	10	0.0	6	1.3	308
2024/05/14	03:00:01	40.54830	141.54953	2	0.0	6	1.3	252
2024/05/14	03:01:01	40.54823	141.54936	-8	0.0	5	1.2	221
2024/05/14	03:02:00	40.54824	141.54940	-20	0.0	6	1.1	219
2024/05/14	03:03:01	40.54818	141.54941	-6	0.0	4	2.2	188
2024/05/14	03:04:02	40.54834	141.54951	-12	0.0	7	1.2	301
2024/05/14	03:05:00	40.54834	141.54964	-2	0.0	4	1.4	239
2024/05/14	03:06:01	40.54846	141.54951	4	0.0	6	1.2	297
2024/05/14	03:07:01	40.54824	141.54958	-4	0.0	7	1.0	306
2024/05/14	03:08:00	40.54835	141.54950	-2	0.0	6	1.2	304
2024/05/14	03:09:00	40.54829	141.54959	-74	3.7	3	1.4	331
2024/05/14	03:10:00	40.54824	141.54952	18	0.0	5	1.4	272
2024/05/14	03:11:01	40.54819	141.54952	-8	0.0	6	1.3	301
2024/05/14	03:12:00	40.54823	141.54943	20	0.0	5	1.4	246
2024/05/14	03:13:01	40.54829	141.54946	-0	0.0	7	1.0	307
2024/05/14	03:14:02	40.54829	141.54945	16	0.0	7	1.0	291
2024/05/14	03:15:00	40.54815	141.54947	-22	0.0	5	2.0	273
2024/05/14	03:16:01	40.54826	141.54949	-0	0.0	5	1.4	175
2024/05/14	03:17:00	40.54851	141.54936	-8	0.0	3	2.2	250
2024/05/14	03:18:01	40.54823	141.54950	12	0.0	7	1.1	250
2024/05/14	03:19:01	40.54833	141.54945	40	0.0	5	2.1	275
2024/05/14	03:20:00	40.54807	141.54941	-84	0.0	4	2.2	272
2024/05/14	03:21:00	40.54836	141.54951	12	3.7	6	1.3	283
2024/05/14	03:22:00	40.54835	141.54939	-44	0.0	5	2.1	222
2024/05/14	03:23:00	40.54853	141.54943	60	3.7	5	2.1	246
2024/05/14	03:24:01	40.54814	141.54955	2	0.0	6	1.4	249
2024/05/14	03:25:02	40.54830	141.54945	12	0.0	5	2.3	280
2024/05/14	03:26:00	40.54839	141.54939	20	0.0	5	2.1	242
2024/05/14	03:27:03	40.54818	141.54950	-14	0.0	3	2.1	227
2024/05/14	03:28:00	40.54841	141.54958	46	0.0	5	2.0	216
2024/05/14	03:29:01	40.54816	141.54947	-14	0.0	5	2.1	208
2024/05/14	03:30:02	40.54827	141.54949	4	0.0	4	2.1	248
2024/05/14	03:31:01	40.54786	141.54936	-24	0.0	4	2.4	212
2024/05/14	03:32:02	40.54832	141.54952	16	0.0	6	1.4	237
2024/05/14	03:33:01	40.54832	141.54947	-12	0.0	6	1.4	237
2024/05/14	03:34:01	40.54818	141.54948	-10	0.0	6	1.4	236
2024/05/14	03:35:00	40.54847	141.54945	52	7.4	4	2.4	237
2024/05/14	03:36:00	40.54828	141.54955	2	0.0	6	1.4	263
2024/05/14	03:37:00	40.54830	141.54955	12	0.0	5	2.3	211
2024/05/14	03:38:01	40.54810	141.54958	-88	0.0	4	2.3	253
2024/05/14	03:39:00	40.54812	141.54960	-0	0.0	4	2.2	244
2024/05/14	03:40:01	40.54792	141.54952	-58	0.0	5	2.3	243
2024/05/14	03:41:01	40.54839	141.54956	18	0.0	4	2.1	241
2024/05/14	03:42:01	40.54840	141.54962	22	0.0	5	2.0	245
2024/05/14	03:43:01	40.54815	141.54948	4	0.0	4	2.0	246
2024/05/14	03:44:03	40.54604	141.55242	6	22.2	4	2.4	273
2024/05/14	03:45:04	40.54447	141.55683	12	37.0	4	2.4	265
2024/05/14	03:46:03	40.54022	141.55625	130	48.2	3	3.4	205
2024/05/14	03:47:01	40.53905	141.55614	-10	3.7	5	2.0	269
2024/05/14	03:48:01	40.53877	141.55648	-16	0.0	4	2.4	189
2024/05/14	03:49:02	40.53880	141.55735	0	0.0	6	1.3	236
2024/05/14	03:50:02	40.53876	141.55733	20	0.0	4	2.4	188
2024/05/14	03:51:03	40.53878	141.55725	-2	0.0	5	1.3	172
2024/05/14	03:52:04	40.53885	141.55728	12	0.0	4	2.2	204
2024/05/14	03:53:02	40.53899	141.55674	-6	0.0	3	7.2	194
2024/05/14	03:54:07	40.53883	141.55725	-12	0.0	6	1.3	231
2024/05/14	03:55:03	40.53882	141.55721	0	0.0	4	3.0	206
2024/05/14	03:56:02	40.53879	141.55732	-6	0.0	5	1.3	230
2024/05/14	03:57:02	40.53882	141.55726	6	0.0	5	1.3	227
2024/05/14	03:58:03	40.53877	141.55721	-6	0.0	5	1.3	230
2024/05/14	03:59:02	40.53868	141.55726	-48	0.0	4	1.3	175
2024/05/14	04:00:01	40.53867	141.55734	-18	0.0	5	1.3	197
2024/05/14	04:01:02	40.53872	141.55731	-10	0.0	5	1.3	229
2024/05/14	04:02:01	40.53873	141.55723	-10	0.0	4	2.2	205
2024/05/14	04:03:01	40.53888	141.55747	-2	0.0	4	2.2	206
2024/05/14	04:04:02	40.53888	141.55741	4	0.0	5	1.2	204
2024/05/14	04:05:01	40.53876	141.55736	-74	0.0	4	2.2	177
2024/05/14	04:06:01	40.53883	141.55736	-10	0.0	4	2.2	200
2024/05/14	04:07:02	40.53881	141.55732	8	0.0	5	1.2	204
2024/05/14	04:08:03	40.53862	141.55726	0	0.0	4	2.3	203
2024/05/14	04:09:01	40.53875	141.55730	-14	0.0	4	2.2	203
2024/05/14	04:10:01	40.53881	141.55721	2	0.0	4	2.2	199
2024/05/14	04:11:00	40.53888	141.55720	2	0.0	5	1.2	173
2024/05/14	04:12:03	40.53885	141.55718	32	0.0	5	1.2	197
2024/05/14	04:13:01	40.53894	141.55695	74	0.0	4	2.2	172
2024/05/14	04:14:01	40.53893	141.55718	18	0.0	4	2.2	204
2024/05/14	04:15:00	40.53884	141.55728	0	0.0	4	2.1	174
2024/05/14	04:16:00	40.53878	141.55727	10	0.0	4	2.1	197
2024/05/14	04:17:00	40.53887	141.55743	-22	0.0	4	2.1	172
2024/05/14	04:18:02	40.53883	141.55734	22	0.0	4	2.1	193
2024/05/14	04:19:02	40.53892	141.55731	0	0.0	4	2.1	204
2024/05/14	04:20:02	40.53872	141.55719	52	0.0	4	2.1	195
2024/05/14	04:21:02	40.53886	141.55731	-10	0.0	4	2.1	172
2024/05/14	04:22:03	40.53880	141.55725	-8	0.0	4	2.1	211
2024/05/14	04:23:02	40.53870	141.55743	-2	0.0	4	2.1	194
2024/05/14	04:24:00	40.53893	141.55702	46	0.0	3	2.4	172
2024/05/14	04:25:00	40.53882	141.55738	-8	0.0	4	2.1	170
2024/05/14	04:26:00	40.53882	141.55721	30	0.0	4	2.1	172
2024/05/14	04:27:02	40.53883	141.55724	8	0.0	5	1.2	196
2024/05/14	04:28:03	40.53887	141.55730	-14	0.0	4	2.1	195
2024/05/14	04:29:01	40.53880	141.55733	-10	0.0	3	2.4	148
2024/05/14	04:30:02	40.53879	141.55705	74	0.0	3	2.4	183
2024/05/14	04:31:01	40.53882	141.55722	-8	0.0	3	2.3	167
2024/05/14	04:32:04	40.53875	141.55733	-14	0.0	3	2.3	188
2024/05/14	04:33:02	40.53869	141.55711	78	0.0	3	2.3	165
2024/05/14	04:34:03	40.53872	141.55738	24	14.8	3	2.3	226
2024/05/14	04:35:05	40.53871	141.55725	34	0.0	4	2.1	201
2024/05/14	04:36:02	40.53880	141.55713	74	0.0	3	2.3	175
2024/05/14	04:37:02	40.53890	141.55743	-72	0.0	3	2.3	205
2024/05/14	04:38:05	40.53881	141.55727	6	0.0	4	2.1	203
2024/05/14	04:39:04	40.53893	141.55722	-24	0.0	4	2.1	198
2024/05/14	04:40:03	40.53884	141.55718	10	0.0	4	2.1	204
2024/05/14	04:41:02	40.53916	141.55737	-46	3.7	3	2.2	186
2024/05/14	04:42:04	40.53881	141.55725	24	0.0	3	3.0	198
2024/05/14	04:43:03	40.53897	141.55721	4	0.0	3	2.0	202
2024/05/14	04:44:03	40.53880	141.55739	-8	0.0	4	2.1	214
2024/05/14	04:45:02	40.53866	141.55727	80	0.0	3	3.1	208
2024/05/14	04:46:04	40.53878	141.55705	28	0.0	3	3.2	182
2024/05/14	04:53:54	40.53876	141.55725	22	0.0	6	1.0	212
2024/05/14	04:54:12	40.53881	141.55726	2	0.0	6	1.0	205
2024/05/14	04:55:03	40.53881	141.55722	12	0.0	5	1.2	208
2024/05/14	04:56:02	40.53884	141.55726	14	0.0	4	2.0	192
2024/05/14	04:57:04	40.53884	141.55718	10	0.0	3	1.4	193
2024/05/14	04:58:01	40.53879	141.55733	0	0.0	5	1.2	201
2024/05/14	04:59:01	40.53881	141.55721	8	0.0	4	1.4	173
2024/05/14	05:00:01	40.53879	141.55742	-6	0.0	4	2.0	178
2024/05/14	05:01:01	40.53891	141.55711	-10	0.0	3	2.0	179
2024/05/14	05:02:00	40.53867	141.55726	70	0.0	3	2.0	179
2024/05/14	05:03:00	40.53869	141.55729	26	0.0	3	2.0	152
2024/05/14	05:04:01	40.53902	141.55732	-30	0.0	4	2.0	140
2024/05/14	05:05:01	40.53868	141.55741	48	0.0	3	2.3	150
2024/05/14	05:06:04	40.53891	141.55727	16	0.0	3	4.3	188
2024/05/14	05:07:03	40.53870	141.55720	2	0.0	3	1.3	166
2024/05/14	05:08:02	40.53878	141.55730	6	0.0	4	1.2	180
2024/05/14	05:09:02	40.53881	141.55735	-0	0.0	5	1.2	178
2024/05/14	05:10:00	40.53880	141.55717	42	0.0	3	1.3	178
2024/05/14	05:11:01	40.53879	141.55729	6	0.0	4	1.2	178
2024/05/14	05:12:01	40.53884	141.55726	4	0.0	4	1.2	178
2024/05/14	05:13:00	40.53847	141.55778	-0	0.0	3	2.1	151
2024/05/14	05:14:01	40.53883	141.55730	-8	0.0	4	1.2	179
2024/05/14	05:15:01	40.53884	141.55719	16	0.0	4	1.2	178
2024/05/14	05:16:00	40.53899	141.55725	-26	0.0	4	1.2	178
2024/05/14	05:17:01	40.53877	141.55720	4	0.0	4	1.2	177
2024/05/14	05:18:00	40.53883	141.55718	10	0.0	3	1.2	181
2024/05/14	05:19:01	40.53885	141.55708	6	0.0	3	1.2	181
2024/05/14	05:20:01	40.53880	141.55725	-6	0.0	3	1.2	179
2024/05/14	05:21:01	40.53890	141.55724	34	0.0	3	1.4	182
2024/05/14	05:22:01	40.53894	141.55722	-24	0.0	4	1.3	180
2024/05/14	05:23:02	40.53879	141.55723	18	0.0	4	1.2	177
2024/05/14	05:24:01	40.53880	141.55729	8	0.0	4	1.2	176
2024/05/14	05:25:00	40.53879	141.55739	54	0.0	3	2.2	174
2024/05/14	05:26:00	40.53878	141.55730	64	0.0	3	1.2	204
2024/05/14	05:27:02	40.53877	141.55731	16	0.0	4	1.2	191
2024/05/14	05:28:01	40.53891	141.55711	6	0.0	4	1.2	204
2024/05/14	05:29:00	40.53891	141.55716	-6	0.0	3	1.3	177
2024/05/14	05:30:00	40.53876	141.55717	-0	0.0	4	1.2	179
2024/05/14	05:31:00	40.53880	141.55723	-6	0.0	3	1.3	175
2024/05/14	05:32:00	40.53887	141.55717	-12	0.0	3	1.3	156
2024/05/14	05:33:02	40.53886	141.55725	12	0.0	4	1.2	172
2024/05/14	05:34:00	40.53879	141.55732	10	0.0	4	1.2	174
2024/05/14	05:35:00	40.53890	141.55717	-12	0.0	3	1.3	177
2024/05/14	05:36:00	40.53873	141.55742	28	0.0	3	1.3	176
2024/05/14	05:37:02	40.53884	141.55724	0	0.0	4	1.2	177
2024/05/14	05:38:01	40.53884	141.55725	2	0.0	4	1.3	180
2024/05/14	05:39:00	40.53882	141.55719	-0	0.0	4	1.3	176
2024/05/14	05:40:00	40.53880	141.55727	16	0.0	4	1.3	153
2024/05/14	05:41:02	40.53883	141.55714	12	0.0	4	1.2	204
2024/05/14	05:42:01	40.53872	141.55715	8	3.7	4	1.3	202
2024/05/14	05:43:09	40.53889	141.55730	18	0.0	4	1.3	233
2024/05/14	05:44:05	40.53880	141.55721	24	0.0	4	1.3	240
2024/05/14	05:45:03	40.53908	141.55745	64	0.0	3	3.3	225
2024/05/14	05:46:02	40.53880	141.55721	-2	0.0	4	1.3	203
2024/05/14	05:47:03	40.53878	141.55727	8	0.0	4	1.3	238
2024/05/14	05:48:04	40.53875	141.55737	-0	0.0	3	3.2	228
2024/05/14	05:49:05	40.53876	141.55727	18	0.0	3	1.3	214
2024/05/14	05:50:06	40.53889	141.55718	-6	0.0	3	2.3	242
2024/05/14	05:51:05	40.53880	141.55723	-0	0.0	4	1.2	257
2024/05/14	05:52:02	40.53890	141.55754	-12	0.0	2	11.2	205
2024/05/14	05:53:02	40.53873	141.55722	16	0.0	3	7.1	203
2024/05/14	05:54:03	40.53879	141.55729	20	0.0	3	3.2	253
2024/05/14	05:55:02	40.53882	141.55734	-2	0.0	4	1.3	207
2024/05/14	05:56:03	40.53875	141.55693	36	0.0	3	6.4	175
2024/05/14	05:57:07	40.53896	141.55728	-4	3.7	2	2.0	202
2024/05/14	05:58:09	40.53906	141.55751	10	0.0	2	11.4	202
2024/05/14	05:59:06	40.53919	141.55820	-76	7.4	1	10.2	172
2024/05/14	06:00:03	40.53919	141.55759	40	0.0	3	6.0	172
2024/05/14	06:01:11	40.53893	141.55720	-0	3.7	3	6.2	225
2024/05/14	06:02:02	40.53927	141.55777	68	0.0	3	6.1	221
2024/05/14	06:03:02	40.53917	141.55762	26	0.0	3	6.2	192
2024/05/14	06:04:03	40.53910	141.55735	-12	0.0	3	6.3	212
2024/05/14	06:05:03	40.53894	141.55713	-44	0.0	3	6.4	265
2024/05/14	06:06:03	40.53882	141.55674	-100	0.0	3	7.0	219
2024/05/14	06:07:03	40.53897	141.55717	-54	0.0	3	7.2	195
2024/05/14	06:08:03	40.53894	141.55724	-48	0.0	3	7.3	235
2024/05/14	06:09:05	40.53901	141.55733	-34	0.0	3	7.4	245
2024/05/14	06:10:03	40.53901	141.55728	-6	7.4	3	8.1	208
2024/05/14	06:11:06	40.53914	141.55780	52	3.7	3	8.3	192
2024/05/14	06:12:06	40.53905	141.55745	-20	3.7	3	8.4	221
2024/05/14	06:13:06	40.53903	141.55715	-42	0.0	3	9.1	208
2024/05/14	06:14:07	40.53926	141.55798	80	0.0	3	9.3	220
2024/05/14	06:15:07	40.53918	141.55753	28	0.0	3	10.0	162
2024/05/14	06:16:08	40.53908	141.55764	26	3.7	3	10.3	172
2024/05/14	06:17:12	40.53906	141.55734	4	0.0	4	1.3	233
2024/05/14	06:18:05	40.53903	141.55730	8	0.0	3	5.2	247
2024/05/14	06:19:05	40.53906	141.55742	0	0.0	3	12.0	243
2024/05/14	06:20:05	40.53905	141.55733	-30	0.0	3	12.3	246
2024/05/14	06:21:04	40.53907	141.55751	6	0.0	4	1.4	252
2024/05/14	06:22:03	40.53899	141.55748	6	0.0	2	2.0	262
2024/05/14	06:23:05	40.53911	141.55790	52	0.0	3	15.0	245
2024/05/14	06:24:05	40.53912	141.55748	8	0.0	3	15.4	248
2024/05/14	06:25:02	40.53911	141.55747	12	0.0	2	2.3	278
2024/05/14	06:26:02	40.53911	141.55740	-6	0.0	2	9.1	236
2024/05/14	06:27:04	40.53903	141.55762	16	0.0	3	5.0	213
2024/05/14	06:28:32	40.53884	141.55722	4	0.0	5	2.1	193
2024/05/14	06:29:02	40.53881	141.55680	-118	0.0	4	2.4	178
2024/05/14	06:30:02	40.53879	141.55697	-48	0.0	4	2.3	185
2024/05/14	06:31:01	40.53882	141.55724	8	0.0	4	2.3	162
2024/05/14	06:32:00	40.53878	141.55708	-30	0.0	4	2.3	165
2024/05/14	06:33:00	40.53882	141.55698	-24	0.0	4	2.3	163
2024/05/14	06:34:01	40.53877	141.55729	58	0.0	4	2.3	162
2024/05/14	06:35:01	40.53890	141.55738	22	0.0	4	2.3	162
2024/05/14	06:36:01	40.53891	141.55713	16	0.0	4	2.3	164
2024/05/14	06:37:02	40.53887	141.55712	-18	0.0	4	2.3	185
2024/05/14	06:38:02	40.53885	141.55702	-24	0.0	4	2.3	191
2024/05/14	06:39:02	40.53883	141.55725	12	0.0	4	2.3	186
2024/05/14	06:40:02	40.53886	141.55736	58	0.0	4	2.3	187
2024/05/14	06:41:02	40.53884	141.55730	36	3.7	4	2.3	178
2024/05/14	06:42:03	40.53894	141.55716	-24	0.0	3	3.1	170
2024/05/14	06:43:07	40.53899	141.55701	-2	3.7	3	3.1	130
2024/05/14	06:44:03	40.53883	141.55720	26	0.0	3	3.1	175
2024/05/14	06:45:03	40.53898	141.55727	-60	0.0	3	3.1	123
2024/05/14	06:46:06	40.53891	141.55719	-44	3.7	3	3.2	112
2024/05/14	06:54:21	40.53883	141.55720	-6	0.0	4	2.4	175
2024/05/14	06:55:08	40.53886	141.55739	-40	3.7	3	3.4	116
2024/05/14	06:56:04	40.53877	141.55712	-0	0.0	3	3.0	165
2024/05/14	06:57:04	40.53877	141.55727	20	0.0	3	3.1	177
2024/05/14	06:58:26	40.53887	141.55696	-14	0.0	4	8.2	189
2024/05/14	06:59:02	40.53869	141.55713	-6	0.0	4	3.0	210
2024/05/14	07:00:01	40.53856	141.55671	26	0.0	3	3.1	166
2024/05/14	07:01:02	40.53816	141.55709	12	0.0	3	4.1	259
2024/05/14	07:02:04	40.53802	141.55739	-20	0.0	4	3.1	286
2024/05/14	07:03:02	40.53779	141.55832	30	0.0	3	4.3	255
2024/05/14	07:04:02	40.53766	141.55898	28	3.7	2	3.2	271
2024/05/14	07:11:56	40.53767	141.55973	-0	0.0	4	3.3	186
2024/05/14	07:12:01	40.53813	141.55957	24	11.1	3	7.2	139
2024/05/14	07:13:04	40.53763	141.55973	-2	0.0	3	7.0	163
2024/05/14	07:14:03	40.53816	141.55967	12	0.0	3	6.4	165
2024/05/14	07:15:23	40.53759	141.55977	-6	14.8	3	6.2	141
2024/05/14	07:16:07	40.53758	141.55973	-4	3.7	3	6.1	150
2024/05/14	07:17:04	40.53743	141.55973	-28	0.0	3	6.0	157
2024/05/14	07:18:08	40.53754	141.55973	-12	22.2	3	5.3	152
2024/05/14	07:19:04	40.53777	141.55968	4	0.0	3	5.3	152
2024/05/14	07:27:22	40.53775	141.55971	-4	3.7	5	1.1	164
2024/05/14	07:28:14	40.53738	141.55999	24	3.7	3	3.2	129
2024/05/14	07:29:16	40.53783	141.55965	0	3.7	3	3.2	130
2024/05/14	07:30:02	40.53765	141.55969	-36	0.0	3	4.1	209
2024/05/14	07:31:01	40.53751	141.55972	-6	0.0	3	2.2	177
2024/05/14	07:32:04	40.53748	141.55995	-6	0.0	3	2.2	174
2024/05/14	07:33:02	40.53750	141.55970	-30	0.0	4	2.1	211
2024/05/14	07:34:03	40.53733	141.55960	58	0.0	3	3.1	180
2024/05/14	07:35:59	40.53729	141.55976	2	0.0	3	2.3	146
2024/05/14	07:37:05	40.53750	141.55975	-4	3.7	2	4.1	181
2024/05/14	07:38:23	40.53714	141.55985	34	0.0	3	1.3	131
2024/05/14	07:39:04	40.53727	141.55999	46	0.0	3	2.3	113
2024/05/14	07:40:12	40.53740	141.55973	-6	0.0	5	1.2	179
2024/05/14	07:41:01	40.53715	141.55899	12	29.6	3	4.0	136
2024/05/14	07:42:03	40.53174	141.55608	4	11.1	4	3.2	207
2024/05/14	07:43:16	40.53133	141.55728	52	7.4	4	2.0	143
2024/05/14	07:44:04	40.52769	141.55413	14	51.9	4	1.1	134
2024/05/14	07:45:04	40.52309	141.54933	-40	0.0	3	2.0	196
2024/05/14	07:46:05	40.52112	141.54581	56	3.7	3	2.4	160
2024/05/14	07:47:05	40.51947	141.54163	10	0.0	4	1.1	110
2024/05/14	07:48:03	40.51878	141.54123	-14	33.3	3	7.1	147
2024/05/14	07:49:04	40.51659	141.53821	-64	44.4	3	2.1	201
2024/05/14	07:50:02	40.51486	141.53657	46	0.0	3	1.3	163
2024/05/14	07:51:04	40.51074	141.53352	42	51.9	3	1.3	150
2024/05/14	07:52:02	40.50846	141.53172	36	44.4	4	1.1	186
2024/05/14	07:53:01	40.50643	141.53061	4	0.0	3	5.2	166
2024/05/14	07:54:02	40.50634	141.53054	-10	0.0	3	5.1	220
2024/05/14	07:55:02	40.50560	141.52977	34	0.0	3	3.1	230
2024/05/14	07:56:04	40.50074	141.52319	-6	3.7	3	2.2	200
2024/05/14	07:57:04	40.49889	141.52016	32	0.0	3	2.2	149
2024/05/14	07:58:04	40.49793	141.51825	4	25.9	3	2.2	181
2024/05/14	07:59:04	40.49596	141.51512	32	44.4	3	2.2	210
2024/05/14	08:00:04	40.49510	141.51395	30	3.7	2	2.1	167
2024/05/14	08:01:22	40.49818	141.51125	10	25.9	3	1.4	178
2024/05/14	08:02:18	40.50238	141.50653	-54	81.5	2	6.3	195
2024/05/14	08:03:05	40.50396	141.50628	-48	7.4	2	1.2	162
2024/05/14	08:04:15	40.50213	141.50627	-42	0.0	3	18.0	144
2024/05/14	08:05:06	40.50373	141.50597	-16	3.7	3	2.2	168
2024/05/14	08:06:04	40.50226	141.50477	32	3.7	2	4.4	189
2024/05/14	08:07:18	40.50077	141.50375	-8	3.7	3	2.3	160
2024/05/14	08:08:07	40.50083	141.50391	42	33.3	2	2.4	137
2024/05/14	08:09:06	40.49797	141.50715	10	14.8	2	4.3	194
2024/05/14	08:10:03	40.49813	141.50726	26	0.0	2	1.4	227
2024/05/14	08:11:05	40.50284	141.50801	-118	48.2	3	2.2	197
2024/05/14	08:12:05	40.50366	141.50736	0	11.1	3	2.2	233
2024/05/14	08:13:06	40.50652	141.50503	-34	14.8	3	2.2	187
2024/05/14	08:14:04	40.50659	141.50499	60	0.0	2	5.1	183
2024/05/14	08:15:04	40.50732	141.50506	50	11.1	3	2.2	231
2024/05/14	08:16:04	40.50800	141.50503	-6	0.0	3	2.2	154
2024/05/14	08:17:06	40.50805	141.50493	36	11.1	3	2.2	142
2024/05/14	08:18:04	40.50898	141.50549	18	0.0	3	1.4	213
2024/05/14	08:19:04	40.50889	141.50550	18	3.7	1	4.4	106
2024/05/14	08:25:31	40.50481	141.53520	30	51.9	3	2.0	131
2024/05/14	08:26:05	40.50191	141.53970	60	25.9	3	2.2	141
2024/05/14	08:27:04	40.50162	141.54019	32	33.3	2	5.3	222
2024/05/14	08:28:22	40.50653	141.54170	60	7.4	3	2.0	159
2024/05/14	08:29:32	40.50615	141.54163	22	3.7	2	3.3	173
2024/05/14	08:36:18	40.50636	141.54168	46	0.0	3	2.2	176
2024/05/14	08:37:05	40.50626	141.54196	52	3.7	2	2.1	171
2024/05/14	08:38:06	40.50609	141.54298	78	18.5	3	2.3	194
