11/05/2025	01:19:52	40.53896	141.55738	-2	0.0	2	3.1	137
11/05/2025	01:20:01	40.53911	141.55740	22	0.0	2	3.1	90
11/05/2025	01:21:46	40.53900	141.55731	-4	0.0	1	3.2	133
11/05/2025	01:22:10	40.53899	141.55733	4	0.0	2	3.1	136
11/05/2025	01:24:20	40.53896	141.55744	20	0.0	3	2.4	132
11/05/2025	01:30:49	40.53905	141.55793	-4	0.0	3	2.3	222
11/05/2025	01:31:01	40.53902	141.55798	-12	0.0	3	2.3	188
11/05/2025	01:32:00	40.53901	141.55797	-8	0.0	3	2.3	169
11/05/2025	01:33:00	40.53913	141.55901	30	40.7	3	2.3	221
11/05/2025	01:34:05	40.53934	141.55920	-10	0.0	3	2.3	159
11/05/2025	01:35:01	40.53965	141.55845	-30	25.9	3	2.3	219
11/05/2025	01:36:01	40.53925	141.55895	-14	0.0	3	2.3	185
11/05/2025	01:37:00	40.53985	141.55714	-16	14.8	3	2.3	193
11/05/2025	01:38:00	40.53980	141.55713	2	0.0	3	2.3	188
11/05/2025	01:39:00	40.53967	141.55704	-16	3.7	3	2.3	191
11/05/2025	01:40:01	40.53995	141.55698	10	0.0	3	2.2	216
11/05/2025	01:41:01	40.53978	141.55698	-18	0.0	3	2.2	257
11/05/2025	01:42:31	40.53981	141.55716	0	0.0	6	1.2	278
11/05/2025	01:43:00	40.53988	141.55725	18	0.0	3	2.0	282
11/05/2025	01:44:00	40.53998	141.55738	2	0.0	4	1.4	317
11/05/2025	01:45:01	40.53985	141.55719	10	0.0	3	1.4	258
11/05/2025	01:46:00	40.53987	141.55728	-2	0.0	6	1.1	315
11/05/2025	01:47:00	40.53986	141.55712	0	0.0	4	1.4	287
11/05/2025	01:48:00	40.53977	141.55706	-6	0.0	3	2.1	206
11/05/2025	01:49:00	40.53991	141.55715	4	0.0	4	1.2	282
11/05/2025	01:50:01	40.53984	141.55714	0	0.0	5	1.1	285
11/05/2025	01:51:00	40.53990	141.55715	60	0.0	5	1.1	310
11/05/2025	01:52:01	40.53983	141.55719	-22	0.0	5	1.2	252
11/05/2025	01:53:01	40.53982	141.55716	4	0.0	5	1.2	297
11/05/2025	01:54:01	40.53987	141.55716	8	0.0	5	1.2	248
11/05/2025	01:55:01	40.53981	141.55712	-10	0.0	6	1.1	272
11/05/2025	01:56:00	40.53981	141.55711	-14	3.7	4	1.3	250
11/05/2025	01:57:01	40.53981	141.55712	-10	0.0	6	1.1	277
11/05/2025	01:58:00	40.53983	141.55737	-6	0.0	4	1.3	212
11/05/2025	01:59:00	40.53993	141.55732	6	3.7	4	1.3	220
11/05/2025	02:00:00	40.53949	141.55700	68	0.0	3	1.3	182
11/05/2025	02:01:01	40.53984	141.55730	16	0.0	3	2.0	182
11/05/2025	02:02:00	40.53990	141.55711	-12	3.7	4	1.3	249
11/05/2025	02:03:01	40.53980	141.55714	-0	0.0	6	1.1	274
11/05/2025	02:04:00	40.53993	141.55754	36	11.1	3	2.4	211
11/05/2025	02:05:00	40.53988	141.55734	22	0.0	5	1.3	245
11/05/2025	02:06:00	40.53981	141.55723	-6	0.0	5	1.2	244
11/05/2025	02:07:01	40.53987	141.55708	-0	0.0	5	1.2	244
11/05/2025	02:08:00	40.53981	141.55706	-6	0.0	5	1.2	186
11/05/2025	02:09:00	40.53964	141.55686	-30	3.7	5	1.2	222
11/05/2025	02:10:01	40.53969	141.55723	36	0.0	4	1.3	217
11/05/2025	02:11:01	40.53978	141.55698	-10	0.0	5	1.2	242
11/05/2025	02:12:00	40.53978	141.55713	6	0.0	5	1.2	185
11/05/2025	02:13:00	40.53983	141.55695	36	0.0	3	2.1	179
11/05/2025	02:14:00	40.53978	141.55693	-22	0.0	3	1.4	188
11/05/2025	02:15:00	40.54001	141.55706	46	0.0	3	2.0	218
11/05/2025	02:16:00	40.53984	141.55701	-4	0.0	4	1.3	185
11/05/2025	02:17:00	40.53985	141.55710	24	0.0	5	1.2	223
11/05/2025	02:18:00	40.53988	141.55715	-10	0.0	4	1.4	184
11/05/2025	02:19:00	40.53982	141.55699	6	0.0	3	2.0	216
11/05/2025	02:20:01	40.53980	141.55697	32	0.0	4	1.3	276
11/05/2025	02:21:00	40.53972	141.55702	-10	0.0	4	1.3	243
11/05/2025	02:22:00	40.53973	141.55725	34	0.0	4	1.3	248
11/05/2025	02:23:00	40.53970	141.55703	-10	0.0	4	1.3	248
11/05/2025	02:24:00	40.53970	141.55704	-4	0.0	5	1.2	243
11/05/2025	02:25:00	40.53983	141.55707	-10	0.0	3	2.0	255
11/05/2025	02:26:01	40.53979	141.55706	-4	11.1	5	1.3	244
11/05/2025	02:27:01	40.53928	141.55718	-30	3.7	4	2.0	221
11/05/2025	02:28:01	40.53972	141.55734	30	0.0	5	1.3	285
11/05/2025	02:29:00	40.53951	141.55751	14	3.7	5	1.3	256
11/05/2025	02:30:01	40.53948	141.55737	6	0.0	5	1.3	259
11/05/2025	02:31:01	40.53940	141.55735	-2	0.0	4	1.4	244
11/05/2025	02:32:00	40.53919	141.55890	18	0.0	3	2.3	234
11/05/2025	02:33:00	40.53909	141.55880	-18	0.0	3	2.0	230
11/05/2025	02:34:00	40.53906	141.55821	26	0.0	3	2.0	211
11/05/2025	02:35:01	40.53915	141.55796	-32	0.0	3	2.2	163
11/05/2025	02:36:02	40.53908	141.55790	-24	0.0	2	5.3	155
11/05/2025	02:37:02	40.53910	141.55832	76	0.0	2	5.3	165
11/05/2025	02:38:03	40.53904	141.55800	2	0.0	4	1.3	189
11/05/2025	02:39:04	40.53901	141.55784	-6	0.0	4	1.2	161
11/05/2025	02:40:02	40.53901	141.55774	-20	0.0	2	5.2	143
11/05/2025	02:41:03	40.53890	141.55780	-60	0.0	2	5.2	143
11/05/2025	02:42:02	40.53903	141.55782	-40	0.0	2	5.1	93
11/05/2025	02:43:03	40.53907	141.55801	14	0.0	3	4.2	180
11/05/2025	02:44:03	40.53916	141.55844	48	0.0	2	4.3	90
11/05/2025	02:45:07	40.53905	141.55787	2	0.0	5	1.2	162
11/05/2025	02:46:02	40.53916	141.55801	4	0.0	3	4.2	117
11/05/2025	02:47:02	40.53902	141.55783	-18	0.0	2	5.1	91
11/05/2025	02:48:04	40.53914	141.55790	-8	0.0	3	3.2	177
11/05/2025	02:49:03	40.53928	141.55844	98	0.0	2	5.0	163
11/05/2025	02:50:04	40.53900	141.55768	-32	0.0	3	4.1	159
11/05/2025	02:51:03	40.53908	141.55793	-104	0.0	1	4.0	155
11/05/2025	02:52:04	40.53903	141.55793	8	0.0	4	1.4	179
11/05/2025	02:53:05	40.53905	141.55798	-8	0.0	4	1.3	150
11/05/2025	02:54:02	40.53902	141.55802	-28	0.0	1	4.0	134
11/05/2025	02:55:03	40.53919	141.55789	34	0.0	1	4.1	136
11/05/2025	02:56:03	40.53914	141.55808	6	0.0	3	2.1	159
11/05/2025	02:57:03	40.53887	141.55800	-16	0.0	2	4.1	162
11/05/2025	02:58:02	40.53885	141.55766	-80	0.0	2	5.1	156
11/05/2025	02:59:03	40.53891	141.55792	28	0.0	3	1.4	172
11/05/2025	03:00:04	40.53908	141.55803	26	0.0	3	4.0	155
11/05/2025	03:01:03	40.53925	141.55796	26	0.0	3	2.2	131
11/05/2025	03:02:05	40.53908	141.55802	-0	0.0	3	2.2	150
11/05/2025	03:03:03	40.53907	141.55795	20	3.7	3	2.1	175
11/05/2025	03:04:04	40.53909	141.55805	2	0.0	3	2.1	172
11/05/2025	03:05:03	40.53907	141.55804	-30	0.0	3	2.1	156
11/05/2025	03:06:03	40.53900	141.55799	-28	0.0	3	2.1	138
11/05/2025	03:07:04	40.53918	141.55810	18	0.0	3	2.4	154
11/05/2025	03:08:02	40.53890	141.55799	-38	0.0	3	2.1	131
11/05/2025	03:09:03	40.53913	141.55802	64	0.0	3	2.1	143
11/05/2025	03:10:03	40.53904	141.55784	36	0.0	3	2.1	153
11/05/2025	03:11:03	40.53903	141.55796	-72	0.0	3	2.1	157
11/05/2025	03:12:04	40.53922	141.55799	32	0.0	3	2.1	136
11/05/2025	03:13:03	40.53916	141.55801	-36	0.0	3	2.2	154
11/05/2025	03:14:03	40.53897	141.55814	-10	0.0	3	2.2	138
11/05/2025	03:15:04	40.53910	141.55800	-14	0.0	3	2.2	148
11/05/2025	03:16:04	40.53903	141.55800	-4	0.0	3	2.2	133
11/05/2025	03:17:02	40.53903	141.55804	-36	0.0	3	2.2	137
11/05/2025	03:18:03	40.53912	141.55795	-0	0.0	3	2.3	162
11/05/2025	03:19:02	40.53904	141.55806	-54	0.0	3	2.3	155
11/05/2025	03:20:02	40.53890	141.55805	48	0.0	3	2.3	161
11/05/2025	03:21:02	40.53899	141.55815	34	0.0	3	2.3	135
11/05/2025	03:22:03	40.53907	141.55803	-44	0.0	3	2.4	140
11/05/2025	03:23:02	40.53908	141.55818	10	0.0	3	2.4	115
11/05/2025	03:24:04	40.53917	141.55801	-4	0.0	3	2.4	129
11/05/2025	03:25:04	40.53909	141.55783	-20	0.0	3	3.0	136
11/05/2025	03:26:19	40.53905	141.55798	10	0.0	5	2.2	164
11/05/2025	03:27:03	40.53913	141.55798	-10	0.0	3	3.1	135
11/05/2025	03:28:03	40.53879	141.55813	42	0.0	3	3.1	139
11/05/2025	03:29:05	40.53911	141.55796	-26	0.0	3	3.2	136
11/05/2025	03:30:04	40.53900	141.55790	-16	0.0	3	3.3	133
11/05/2025	03:31:06	40.53902	141.55805	6	0.0	3	3.3	131
11/05/2025	03:32:05	40.53907	141.55805	-0	0.0	3	3.4	131
11/05/2025	03:33:04	40.53897	141.55790	-8	0.0	3	4.0	133
11/05/2025	03:34:04	40.53892	141.55807	-6	0.0	2	3.1	109
11/05/2025	03:35:06	40.53882	141.55801	44	0.0	3	4.2	129
11/05/2025	03:36:05	40.53894	141.55806	-22	0.0	3	4.3	131
11/05/2025	03:37:27	40.53911	141.55795	-2	0.0	4	4.3	144
11/05/2025	03:38:04	40.53897	141.55797	30	0.0	3	5.0	131
11/05/2025	03:39:03	40.53879	141.55824	72	0.0	3	5.2	138
11/05/2025	03:40:31	40.53905	141.55798	4	0.0	5	1.1	150
11/05/2025	03:41:02	40.53926	141.55833	-90	0.0	2	2.2	133
11/05/2025	03:42:03	40.53892	141.55806	12	0.0	4	1.3	143
11/05/2025	03:43:08	40.53899	141.55810	20	0.0	4	1.1	148
11/05/2025	03:44:06	40.53906	141.55798	-8	0.0	4	1.1	131
11/05/2025	03:45:05	40.53905	141.55810	-0	0.0	2	1.3	101
11/05/2025	03:46:07	40.53906	141.55797	4	0.0	5	1.1	147
11/05/2025	03:47:04	40.53903	141.55803	18	0.0	2	6.1	113
11/05/2025	03:48:05	40.53886	141.55825	64	0.0	2	6.3	139
11/05/2025	03:49:02	40.53884	141.55817	76	7.4	2	7.0	150
11/05/2025	03:50:04	40.53899	141.55776	14	3.7	2	7.3	139
11/05/2025	03:56:28	40.53906	141.55803	0	0.0	5	1.2	124
11/05/2025	03:57:08	40.53900	141.55804	16	0.0	5	1.2	134
11/05/2025	03:58:03	40.53893	141.55826	30	0.0	2	3.0	147
11/05/2025	03:59:08	40.53905	141.55804	-0	0.0	5	1.2	133
11/05/2025	04:00:36	40.53912	141.55785	-12	0.0	2	1.4	140
11/05/2025	04:01:27	40.53900	141.55810	18	0.0	2	1.4	142
11/05/2025	04:02:33	40.53899	141.55811	20	0.0	3	1.4	166
11/05/2025	04:03:03	40.53858	141.55945	138	0.0	2	14.3	111
11/05/2025	04:04:02	40.53893	141.55820	34	3.7	2	16.3	110
11/05/2025	04:05:03	40.53908	141.55791	4	3.7	2	19.3	129
11/05/2025	04:06:09	40.53903	141.55806	18	0.0	3	1.4	127
11/05/2025	04:07:05	40.53905	141.55794	6	0.0	3	1.4	130
11/05/2025	04:08:05	40.53910	141.55819	8	11.1	3	1.4	132
11/05/2025	04:09:05	40.53902	141.55802	22	0.0	3	2.0	132
11/05/2025	04:10:06	40.53904	141.55817	22	0.0	3	2.0	132
11/05/2025	04:11:02	40.53909	141.55806	10	0.0	3	2.0	137
11/05/2025	04:12:04	40.53904	141.55811	18	0.0	3	2.0	130
11/05/2025	04:13:03	40.53911	141.55784	-6	0.0	3	2.0	130
11/05/2025	04:14:04	40.53913	141.55775	-18	0.0	3	2.0	110
11/05/2025	04:15:03	40.53897	141.55798	26	0.0	3	2.0	134
11/05/2025	04:16:02	40.53886	141.55778	20	0.0	2	4.3	140
11/05/2025	04:17:04	40.53904	141.55787	0	0.0	3	2.0	134
11/05/2025	04:18:03	40.53838	141.55716	50	0.0	2	4.3	110
11/05/2025	04:19:02	40.53904	141.55813	30	0.0	3	2.0	112
11/05/2025	04:20:04	40.53916	141.55820	14	0.0	3	2.1	136
11/05/2025	04:21:01	40.53914	141.55800	-18	0.0	3	2.1	112
11/05/2025	04:22:03	40.53898	141.55801	24	0.0	3	2.1	113
11/05/2025	04:23:01	40.53928	141.55816	-2	0.0	3	2.1	117
11/05/2025	04:24:01	40.53912	141.55775	-16	0.0	3	2.2	117
11/05/2025	04:25:02	40.53906	141.55798	-2	0.0	3	2.2	116
11/05/2025	04:26:02	40.53907	141.55799	-0	0.0	3	2.1	118
11/05/2025	04:27:02	40.53905	141.55820	28	0.0	3	2.2	134
11/05/2025	04:28:02	40.53901	141.55844	36	0.0	3	2.2	117
11/05/2025	04:29:01	40.53901	141.55803	16	0.0	3	2.2	135
11/05/2025	04:30:02	40.53914	141.55788	-10	0.0	3	2.3	138
11/05/2025	04:31:03	40.53910	141.55762	-28	0.0	3	2.2	135
11/05/2025	04:32:04	40.53914	141.55798	-2	0.0	3	2.3	119
11/05/2025	04:33:03	40.53909	141.55817	22	7.4	2	4.2	137
11/05/2025	04:34:02	40.53905	141.55813	22	0.0	3	2.4	137
11/05/2025	04:35:03	40.53898	141.55836	64	0.0	3	2.4	129
11/05/2025	04:36:01	40.53884	141.55788	30	0.0	2	4.2	120
11/05/2025	04:37:01	40.53916	141.55806	26	0.0	2	4.2	98
11/05/2025	04:38:03	40.53903	141.55797	-2	0.0	3	2.3	131
11/05/2025	04:39:02	40.53889	141.55780	22	0.0	2	4.2	134
11/05/2025	04:40:01	40.53918	141.55830	-2	0.0	2	4.2	118
11/05/2025	04:41:02	40.53901	141.55808	22	0.0	2	4.2	133
11/05/2025	04:42:01	40.53918	141.55760	-24	0.0	1	8.0	88
11/05/2025	04:43:03	40.53906	141.55772	-48	0.0	1	4.1	125
11/05/2025	04:44:04	40.53912	141.55833	34	0.0	3	3.0	125
11/05/2025	04:45:04	40.53902	141.55790	2	0.0	2	19.3	107
11/05/2025	04:46:02	40.53909	141.55805	4	0.0	3	3.3	188
11/05/2025	04:47:03	40.53914	141.55802	-8	0.0	3	3.0	146
11/05/2025	04:48:02	40.53911	141.55812	12	0.0	3	3.0	163
11/05/2025	04:49:01	40.53904	141.55768	-18	0.0	3	3.1	153
11/05/2025	04:50:02	40.53910	141.55803	12	0.0	3	3.1	162
11/05/2025	04:51:01	40.53911	141.55829	36	0.0	2	4.3	149
11/05/2025	04:52:01	40.53994	141.55885	4	22.2	3	3.1	188
11/05/2025	04:53:01	40.53923	141.55641	24	14.8	3	3.1	157
11/05/2025	04:54:03	40.53862	141.55282	48	29.6	3	3.1	156
11/05/2025	04:55:02	40.53928	141.54810	-4	14.8	3	3.1	191
11/05/2025	04:56:01	40.53750	141.54623	-2	14.8	3	3.1	190
11/05/2025	04:57:01	40.53610	141.54310	0	18.5	3	3.1	186
11/05/2025	04:58:02	40.53639	141.53904	-0	18.5	3	3.2	188
11/05/2025	04:59:02	40.53721	141.53511	-18	14.8	3	3.2	212
11/05/2025	05:00:02	40.53883	141.53291	6	22.2	3	3.2	156
11/05/2025	05:01:02	40.54088	141.53071	8	14.8	3	3.2	190
11/05/2025	05:02:02	40.54155	141.52655	2	33.3	3	3.2	189
11/05/2025	05:03:02	40.54368	141.52245	6	22.2	3	3.2	185
11/05/2025	05:04:02	40.54633	141.51946	-0	25.9	3	3.2	217
11/05/2025	05:05:01	40.54707	141.51788	42	29.6	3	3.2	214
11/05/2025	05:06:01	40.54703	141.51463	-2	33.3	3	3.2	157
11/05/2025	05:07:01	40.54554	141.51251	-10	0.0	3	3.2	159
11/05/2025	05:08:01	40.54628	141.51217	-0	18.5	3	3.2	186
11/05/2025	05:09:01	40.54420	141.50960	16	25.9	3	3.2	188
11/05/2025	05:10:02	40.54288	141.50610	-0	18.5	3	3.2	192
11/05/2025	05:11:01	40.54271	141.50529	8	0.0	3	3.2	159
11/05/2025	05:12:01	40.54279	141.50528	-4	0.0	3	3.2	164
11/05/2025	05:13:01	40.54286	141.50535	-24	0.0	3	3.2	162
11/05/2025	05:14:01	40.54303	141.50600	46	0.0	3	3.2	155
11/05/2025	05:15:01	40.54314	141.50596	10	0.0	3	3.2	188
11/05/2025	05:16:02	40.54314	141.50996	2	0.0	3	3.1	163
11/05/2025	05:17:01	40.54308	141.50977	-28	0.0	3	3.1	159
11/05/2025	05:18:01	40.54308	141.50971	-46	0.0	3	3.1	158
11/05/2025	05:19:01	40.54305	141.50996	-0	0.0	3	3.1	163
11/05/2025	05:20:01	40.54312	141.51012	14	0.0	3	3.1	162
11/05/2025	05:21:01	40.54310	141.50985	-22	0.0	3	3.1	160
11/05/2025	05:22:02	40.54320	141.51007	22	0.0	3	3.1	166
11/05/2025	05:23:01	40.54311	141.50987	-8	0.0	3	3.1	163
11/05/2025	05:24:01	40.54312	141.51001	12	0.0	3	3.0	163
11/05/2025	05:25:01	40.54318	141.50976	-12	0.0	3	3.0	163
11/05/2025	05:26:01	40.54312	141.50995	2	0.0	3	3.0	162
11/05/2025	05:27:01	40.54306	141.50971	-18	0.0	3	3.0	161
11/05/2025	05:28:01	40.54312	141.50989	6	0.0	3	3.0	158
11/05/2025	05:29:01	40.54311	141.50986	-4	0.0	3	3.0	162
11/05/2025	05:30:01	40.54313	141.50961	-30	0.0	3	3.0	161
11/05/2025	05:31:01	40.54309	141.50985	4	0.0	3	3.0	156
11/05/2025	05:32:01	40.54314	141.50963	-12	0.0	3	3.0	162
11/05/2025	05:33:01	40.54305	141.50968	-14	0.0	3	3.0	162
11/05/2025	05:34:01	40.54317	141.50977	10	0.0	3	2.4	159
11/05/2025	05:35:00	40.54324	141.51015	8	0.0	3	2.4	163
11/05/2025	05:36:01	40.54313	141.50995	8	0.0	3	2.4	158
11/05/2025	05:37:00	40.54309	141.50994	6	0.0	3	2.4	160
11/05/2025	05:38:00	40.54302	141.50996	-6	0.0	3	2.4	161
11/05/2025	05:39:00	40.54317	141.50986	16	0.0	3	2.4	163
11/05/2025	05:40:00	40.54302	141.50988	2	0.0	3	2.4	162
11/05/2025	05:41:00	40.54309	141.50960	-24	0.0	3	2.4	163
11/05/2025	05:42:01	40.54309	141.50998	20	0.0	3	2.4	161
11/05/2025	05:43:00	40.54307	141.50976	2	0.0	3	2.4	166
11/05/2025	05:44:00	40.54317	141.50949	-8	0.0	3	2.4	162
11/05/2025	05:45:00	40.54303	141.50964	2	0.0	3	2.4	165
11/05/2025	05:46:00	40.54299	141.50951	-10	0.0	3	2.4	167
11/05/2025	05:47:01	40.54302	141.50958	-2	0.0	3	2.4	161
11/05/2025	05:48:00	40.54287	141.50986	6	0.0	3	2.4	165
11/05/2025	05:49:00	40.54293	141.50980	14	0.0	3	2.4	158
11/05/2025	05:50:00	40.54308	141.50953	20	0.0	3	2.4	163
11/05/2025	05:51:00	40.54286	141.50931	-6	0.0	3	2.4	165
11/05/2025	05:52:00	40.54274	141.50917	-16	0.0	3	2.4	165
11/05/2025	05:53:00	40.54285	141.50942	4	0.0	3	2.4	190
11/05/2025	05:54:00	40.54274	141.50946	-0	0.0	3	2.4	170
11/05/2025	05:55:01	40.54283	141.50940	4	0.0	3	2.4	163
11/05/2025	05:56:01	40.54285	141.50923	-24	0.0	3	2.4	163
11/05/2025	05:57:00	40.54295	141.50918	-8	0.0	3	2.4	161
11/05/2025	05:58:01	40.54285	141.50948	12	0.0	2	8.4	158
11/05/2025	05:59:00	40.54300	141.50972	-4	0.0	3	2.4	162
11/05/2025	06:00:31	40.54300	141.50964	0	0.0	4	3.4	259
11/05/2025	06:01:01	40.54300	141.50961	4	0.0	4	3.4	194
11/05/2025	06:02:01	40.54299	141.50972	10	0.0	3	4.0	186
11/05/2025	06:03:01	40.54311	141.50987	16	0.0	3	4.1	222
11/05/2025	06:04:01	40.54306	141.50988	-6	0.0	3	4.1	223
11/05/2025	06:05:01	40.54303	141.50995	-24	0.0	3	4.1	184
11/05/2025	06:06:01	40.54304	141.50977	-6	0.0	3	4.1	197
11/05/2025	06:07:02	40.54303	141.50981	2	0.0	3	4.1	189
11/05/2025	06:08:02	40.54301	141.50993	8	0.0	3	4.1	222
11/05/2025	06:09:02	40.54294	141.50989	-0	0.0	3	4.2	213
11/05/2025	06:10:01	40.54304	141.50979	14	0.0	3	4.2	188
11/05/2025	06:11:02	40.54311	141.50962	-8	0.0	3	4.2	168
11/05/2025	06:12:02	40.54293	141.50982	8	0.0	3	4.2	200
11/05/2025	06:13:02	40.54293	141.50977	-22	0.0	3	4.3	166
11/05/2025	06:14:02	40.54307	141.50989	-0	0.0	3	4.3	166
11/05/2025	06:15:02	40.54311	141.50963	4	0.0	3	4.3	166
11/05/2025	06:16:02	40.54315	141.50970	-8	0.0	3	4.3	167
11/05/2025	06:17:01	40.54313	141.50957	-12	0.0	3	4.3	160
11/05/2025	06:18:02	40.54309	141.50963	-4	0.0	3	4.4	164
11/05/2025	06:19:02	40.54298	141.50982	2	0.0	3	4.4	165
11/05/2025	06:20:02	40.54305	141.50973	-2	0.0	3	4.4	167
11/05/2025	06:21:02	40.54304	141.50961	-8	0.0	3	4.4	165
11/05/2025	06:22:01	40.54314	141.50948	-20	0.0	3	5.0	168
11/05/2025	06:23:01	40.54305	141.50964	24	3.7	3	5.0	191
11/05/2025	06:24:02	40.54248	141.51809	6	33.3	3	5.0	225
11/05/2025	06:25:02	40.54042	141.51796	-10	0.0	3	5.0	165
11/05/2025	06:26:02	40.54032	141.51812	16	0.0	3	5.1	164
11/05/2025	06:27:01	40.54034	141.51801	28	0.0	3	5.1	158
11/05/2025	06:28:02	40.54032	141.51809	4	0.0	3	5.1	224
11/05/2025	06:29:02	40.54033	141.51812	4	0.0	3	5.1	187
11/05/2025	06:30:01	40.54049	141.51779	2	0.0	3	5.1	188
11/05/2025	06:31:02	40.54034	141.51813	-0	0.0	3	5.2	169
11/05/2025	06:32:02	40.54044	141.51784	2	0.0	3	5.2	189
11/05/2025	06:33:01	40.54037	141.51808	2	0.0	3	5.2	197
11/05/2025	06:34:01	40.54051	141.51776	-18	0.0	3	5.2	194
11/05/2025	06:35:02	40.54049	141.51771	2	0.0	3	5.3	194
11/05/2025	06:36:02	40.54040	141.51798	-2	0.0	3	5.3	218
11/05/2025	06:37:02	40.54031	141.51819	10	0.0	3	5.3	187
11/05/2025	06:38:02	40.54045	141.51783	14	0.0	3	5.3	223
11/05/2025	06:39:02	40.54038	141.51803	6	0.0	3	5.4	186
11/05/2025	06:40:01	40.54037	141.51808	42	3.7	3	5.4	184
11/05/2025	06:41:01	40.54059	141.51740	10	0.0	3	5.4	249
11/05/2025	06:42:02	40.54047	141.51774	-4	0.0	3	5.4	187
11/05/2025	06:43:02	40.54028	141.51821	26	0.0	3	6.0	189
11/05/2025	06:44:02	40.54040	141.51799	20	0.0	3	6.0	213
11/05/2025	06:45:01	40.54036	141.51792	8	0.0	3	6.0	189
11/05/2025	06:46:02	40.54044	141.51769	-0	0.0	3	6.0	220
11/05/2025	06:47:02	40.54031	141.51826	8	0.0	3	6.1	191
11/05/2025	06:48:02	40.54027	141.51813	24	0.0	3	6.1	189
11/05/2025	06:49:01	40.54054	141.51767	4	0.0	3	6.1	210
11/05/2025	06:50:02	40.54038	141.51798	8	0.0	3	6.1	216
11/05/2025	06:51:02	40.54033	141.51805	24	0.0	3	6.1	190
11/05/2025	06:52:02	40.54039	141.51791	6	0.0	3	6.2	191
11/05/2025	06:53:01	40.54058	141.51749	-12	0.0	3	6.2	208
11/05/2025	06:54:01	40.54028	141.51841	-8	0.0	3	6.2	187
11/05/2025	06:55:02	40.54052	141.51766	-0	0.0	3	6.2	255
11/05/2025	06:56:01	40.54040	141.51788	12	0.0	3	6.3	213
11/05/2025	06:57:02	40.54039	141.51806	4	0.0	3	6.3	214
11/05/2025	06:58:02	40.54051	141.51763	2	0.0	3	6.3	287
11/05/2025	06:59:02	40.54050	141.51756	18	0.0	3	6.3	217
11/05/2025	07:00:02	40.54051	141.51759	0	0.0	3	6.3	186
11/05/2025	07:01:01	40.54046	141.51781	12	0.0	3	6.4	211
11/05/2025	07:02:02	40.54052	141.51761	6	0.0	3	6.4	185
11/05/2025	07:03:02	40.54039	141.51790	14	0.0	3	6.4	249
11/05/2025	07:04:02	40.54054	141.51748	-2	0.0	3	6.4	243
11/05/2025	07:05:01	40.54058	141.51740	12	0.0	3	6.4	242
11/05/2025	07:06:02	40.54017	141.51857	18	0.0	3	7.0	238
11/05/2025	07:07:02	40.54058	141.51733	4	0.0	3	7.0	248
11/05/2025	07:08:02	40.54039	141.51802	6	0.0	3	7.0	239
11/05/2025	07:09:02	40.54072	141.51693	-0	0.0	3	7.0	222
11/05/2025	07:10:07	40.54028	141.51819	-2	3.7	3	7.0	234
11/05/2025	07:11:01	40.54053	141.51741	-0	0.0	3	7.1	262
11/05/2025	07:12:05	40.54072	141.51687	16	7.4	3	7.1	252
11/05/2025	07:13:03	40.54032	141.51814	-6	0.0	3	7.1	256
11/05/2025	07:14:04	40.54042	141.51792	-6	3.7	3	7.1	254
11/05/2025	07:15:31	40.54038	141.51800	6	0.0	6	0.4	247
11/05/2025	07:16:00	40.54036	141.51811	2	0.0	5	0.4	258
11/05/2025	07:17:00	40.54039	141.51838	36	0.0	3	2.3	241
11/05/2025	07:18:00	40.54049	141.51818	28	0.0	4	2.1	268
11/05/2025	07:19:00	40.54026	141.51778	-18	0.0	3	2.3	242
11/05/2025	07:20:00	40.54031	141.51803	26	0.0	3	2.3	239
11/05/2025	07:21:00	40.54030	141.51809	0	0.0	4	2.0	235
11/05/2025	07:22:00	40.54026	141.51816	-6	0.0	3	2.1	235
11/05/2025	07:23:00	40.54036	141.51817	24	0.0	4	2.0	235
11/05/2025	07:24:00	40.54022	141.51815	-6	0.0	4	2.0	233
11/05/2025	07:25:00	40.54042	141.51797	2	0.0	4	2.0	231
11/05/2025	07:26:00	40.54032	141.51797	-8	0.0	3	2.4	211
11/05/2025	07:27:00	40.54038	141.51804	12	0.0	3	2.1	232
11/05/2025	07:28:00	40.54023	141.51824	12	14.8	6	0.4	272
11/05/2025	07:29:00	40.53679	141.52313	6	22.2	3	2.2	265
11/05/2025	07:30:00	40.53823	141.53014	80	48.2	4	1.1	213
11/05/2025	07:31:00	40.53632	141.54097	18	55.6	3	2.2	208
11/05/2025	07:32:00	40.53879	141.55116	4	29.6	4	1.0	264
11/05/2025	07:33:00	40.53870	141.55080	-22	0.0	4	2.0	271
11/05/2025	07:34:00	40.53882	141.55094	8	0.0	4	2.0	275
11/05/2025	07:35:00	40.53861	141.55209	12	51.9	4	1.1	243
11/05/2025	07:36:00	40.53848	141.55531	14	0.0	3	2.0	206
11/05/2025	07:37:00	40.53869	141.55540	20	0.0	5	1.0	265
11/05/2025	07:38:00	40.53843	141.55532	-0	0.0	3	2.0	271
11/05/2025	07:39:00	40.53862	141.55516	6	0.0	3	1.1	247
11/05/2025	07:40:00	40.53861	141.55516	18	0.0	3	2.0	182
11/05/2025	07:41:00	40.53856	141.55519	4	0.0	4	1.1	205
11/05/2025	07:42:00	40.53851	141.55531	14	0.0	5	1.0	264
11/05/2025	07:43:01	40.53855	141.55518	8	0.0	4	1.1	248
11/05/2025	07:44:00	40.53859	141.55530	14	0.0	4	1.1	236
11/05/2025	07:45:00	40.53862	141.55512	22	0.0	4	1.0	242
11/05/2025	07:46:00	40.53862	141.55510	4	0.0	4	1.0	232
11/05/2025	07:47:00	40.53859	141.55525	18	0.0	3	1.1	232
11/05/2025	07:48:00	40.53861	141.55531	14	0.0	4	1.1	241
11/05/2025	07:49:00	40.53861	141.55515	12	0.0	4	1.1	210
11/05/2025	07:50:00	40.53841	141.55532	2	0.0	3	2.0	240
11/05/2025	07:51:00	40.53846	141.55523	20	0.0	4	1.0	211
11/05/2025	07:52:00	40.53853	141.55507	2	0.0	4	1.1	234
11/05/2025	07:53:00	40.53853	141.55526	8	0.0	4	1.1	207
11/05/2025	07:54:01	40.53860	141.55521	16	0.0	4	1.0	230
11/05/2025	07:55:01	40.53855	141.55521	20	0.0	5	1.0	233
11/05/2025	07:56:00	40.53851	141.55544	16	0.0	3	1.3	243
11/05/2025	07:57:00	40.53860	141.55528	4	0.0	4	1.0	232
11/05/2025	07:58:00	40.53866	141.55506	0	0.0	3	1.3	237
11/05/2025	07:59:00	40.53846	141.55534	26	0.0	3	1.3	236
11/05/2025	08:00:00	40.53848	141.55523	24	0.0	3	1.3	237
11/05/2025	08:01:00	40.53854	141.55519	28	0.0	3	1.3	228
11/05/2025	08:02:00	40.53862	141.55525	16	0.0	4	1.0	234
11/05/2025	08:03:00	40.53856	141.55518	6	0.0	3	1.3	230
11/05/2025	08:04:00	40.53846	141.55531	10	0.0	3	1.3	207
11/05/2025	08:05:00	40.53855	141.55505	8	0.0	4	1.2	231
11/05/2025	08:06:00	40.53856	141.55514	-2	0.0	4	1.2	212
11/05/2025	08:07:00	40.53842	141.55511	-20	0.0	4	1.2	233
11/05/2025	08:08:00	40.53855	141.55511	-2	0.0	4	1.2	206
11/05/2025	08:09:00	40.53843	141.55504	-26	0.0	3	1.3	206
11/05/2025	08:10:00	40.53855	141.55512	20	0.0	3	1.4	209
11/05/2025	08:11:00	40.53854	141.55524	6	0.0	4	1.2	211
11/05/2025	08:12:00	40.53857	141.55518	26	0.0	3	1.3	208
11/05/2025	08:13:00	40.53855	141.55510	12	0.0	4	1.3	209
11/05/2025	08:14:01	40.53863	141.55535	22	0.0	4	1.3	213
11/05/2025	08:15:01	40.53857	141.55520	18	0.0	4	1.0	212
11/05/2025	08:16:00	40.53865	141.55545	20	0.0	3	1.4	209
11/05/2025	08:17:00	40.53836	141.55503	-28	0.0	3	1.4	205
11/05/2025	08:18:00	40.53859	141.55513	2	0.0	3	1.4	175
11/05/2025	08:19:00	40.53871	141.55522	32	0.0	3	2.0	209
11/05/2025	08:20:00	40.53859	141.55512	-0	0.0	4	1.3	180
11/05/2025	08:21:01	40.53860	141.55521	24	0.0	4	1.4	210
11/05/2025	08:22:00	40.53849	141.55515	0	0.0	4	1.4	181
11/05/2025	08:23:00	40.53861	141.55528	20	0.0	4	1.4	212
11/05/2025	08:24:00	40.53843	141.55518	-0	0.0	4	1.4	212
11/05/2025	08:25:00	40.53858	141.55525	18	0.0	4	1.4	247
11/05/2025	08:26:00	40.53862	141.55526	18	0.0	4	1.4	212
11/05/2025	08:27:00	40.53836	141.55517	0	0.0	3	2.3	187
11/05/2025	08:28:00	40.53853	141.55519	16	0.0	3	1.0	214
11/05/2025	08:29:01	40.53856	141.55519	12	0.0	3	1.0	212
11/05/2025	08:30:00	40.53845	141.55533	-4	0.0	4	1.4	187
11/05/2025	08:31:00	40.53857	141.55520	4	0.0	4	2.0	215
11/05/2025	08:32:00	40.53852	141.55515	4	0.0	4	2.0	216
11/05/2025	08:33:01	40.53848	141.55517	-10	0.0	4	2.0	216
11/05/2025	08:34:01	40.53860	141.55523	20	0.0	4	2.0	214
11/05/2025	08:35:00	40.53851	141.55512	2	0.0	4	2.0	215
11/05/2025	08:36:01	40.53852	141.55505	-4	0.0	4	2.0	214
11/05/2025	08:37:00	40.53845	141.55511	-8	0.0	4	2.0	215
11/05/2025	08:38:01	40.53848	141.55518	22	0.0	4	2.0	213
11/05/2025	08:39:01	40.53863	141.55527	22	0.0	4	2.0	243
11/05/2025	08:40:00	40.53854	141.55528	16	0.0	4	2.0	213
11/05/2025	08:41:00	40.53866	141.55532	30	0.0	4	2.0	214
11/05/2025	08:42:00	40.53857	141.55533	20	0.0	4	1.4	212
11/05/2025	08:43:00	40.53850	141.55520	18	0.0	4	1.4	210
11/05/2025	08:44:00	40.53854	141.55524	18	0.0	4	1.4	210
11/05/2025	08:45:01	40.53846	141.55520	4	0.0	4	1.4	212
11/05/2025	08:46:00	40.53854	141.55519	22	0.0	4	1.4	189
11/05/2025	08:47:00	40.53860	141.55527	24	0.0	4	1.4	216
11/05/2025	08:48:01	40.53857	141.55516	18	0.0	4	1.4	212
11/05/2025	08:49:00	40.53859	141.55524	18	0.0	3	2.2	180
11/05/2025	08:50:01	40.53849	141.55517	8	0.0	4	1.4	210
11/05/2025	08:51:01	40.53856	141.55522	16	0.0	4	1.4	207
11/05/2025	08:52:01	40.53841	141.55514	-10	0.0	4	1.4	208
11/05/2025	08:53:01	40.53852	141.55508	-8	0.0	3	2.1	207
11/05/2025	08:54:00	40.53852	141.55516	-10	0.0	3	2.1	197
11/05/2025	08:55:01	40.53849	141.55515	-12	0.0	3	2.1	204
11/05/2025	08:56:01	40.53850	141.55508	0	0.0	3	2.0	207
11/05/2025	08:57:00	40.53858	141.55491	0	0.0	3	2.0	158
11/05/2025	08:58:01	40.53848	141.55485	-12	0.0	2	4.0	238
11/05/2025	08:59:00	40.53852	141.55494	-16	0.0	3	2.0	187
11/05/2025	09:00:00	40.53859	141.55515	22	0.0	3	2.1	185
11/05/2025	09:01:01	40.53849	141.55504	18	0.0	3	2.1	181
11/05/2025	09:02:00	40.53855	141.55502	36	0.0	3	2.1	184
11/05/2025	09:03:01	40.53854	141.55506	24	0.0	3	2.1	217
11/05/2025	09:04:01	40.53864	141.55520	40	0.0	3	2.1	179
11/05/2025	09:05:01	40.53866	141.55519	22	0.0	3	2.1	222
11/05/2025	09:06:01	40.53849	141.55507	26	0.0	3	2.1	188
11/05/2025	09:07:02	40.53852	141.55493	10	0.0	3	2.1	206
11/05/2025	09:08:00	40.53848	141.55504	38	0.0	3	2.1	161
11/05/2025	09:09:01	40.53850	141.55504	20	0.0	3	2.1	226
11/05/2025	09:10:00	40.53842	141.55506	28	0.0	3	2.1	186
11/05/2025	09:11:01	40.53855	141.55503	0	0.0	3	2.1	187
11/05/2025	09:12:02	40.53862	141.55502	-16	0.0	3	2.1	187
11/05/2025	09:13:00	40.53856	141.55524	66	0.0	3	2.1	190
11/05/2025	09:14:01	40.53857	141.55486	-18	0.0	3	2.1	190
11/05/2025	09:15:00	40.53852	141.55510	16	0.0	3	2.1	185
11/05/2025	09:16:00	40.53855	141.55511	8	0.0	3	2.1	191
11/05/2025	09:17:00	40.53851	141.55520	40	0.0	3	2.1	157
11/05/2025	09:18:01	40.53849	141.55504	18	0.0	3	2.1	191
11/05/2025	09:19:00	40.53864	141.55503	0	0.0	3	2.1	159
11/05/2025	09:20:01	40.53859	141.55499	8	0.0	3	2.1	221
11/05/2025	09:21:01	40.53851	141.55498	4	0.0	3	2.1	217
11/05/2025	09:22:00	40.53860	141.55490	-42	3.7	3	2.1	190
11/05/2025	09:23:00	40.53856	141.55480	20	0.0	3	2.1	188
11/05/2025	09:24:01	40.53864	141.55495	-26	0.0	3	2.1	188
11/05/2025	09:25:01	40.53847	141.55510	22	0.0	3	2.1	190
11/05/2025	09:26:01	40.53845	141.55513	46	0.0	3	2.1	220
11/05/2025	09:27:01	40.53851	141.55504	38	0.0	3	2.1	236
11/05/2025	09:28:01	40.53854	141.55499	10	0.0	3	2.1	187
11/05/2025	09:29:02	40.53858	141.55499	-6	0.0	3	2.2	240
11/05/2025	09:30:01	40.53849	141.55502	24	0.0	3	2.2	217
11/05/2025	09:31:01	40.53859	141.55513	20	0.0	3	2.2	187
11/05/2025	09:32:01	40.53846	141.55507	32	0.0	3	2.2	181
11/05/2025	09:33:02	40.53850	141.55506	32	0.0	2	2.0	273
11/05/2025	09:34:04	40.53864	141.55495	-6	0.0	3	2.2	232
11/05/2025	09:35:02	40.53861	141.55503	-6	0.0	2	2.0	271
11/05/2025	09:36:06	40.53852	141.55508	28	0.0	3	2.2	214
11/05/2025	09:37:03	40.53852	141.55502	20	0.0	3	2.2	239
11/05/2025	09:38:03	40.53856	141.55504	10	0.0	3	2.2	234
11/05/2025	09:39:03	40.53851	141.55507	28	0.0	3	2.3	241
11/05/2025	09:40:03	40.53855	141.55508	20	0.0	3	2.3	273
11/05/2025	09:41:02	40.53866	141.55479	14	0.0	3	2.3	239
11/05/2025	09:42:03	40.53858	141.55501	10	0.0	3	2.3	206
11/05/2025	09:43:01	40.53857	141.55497	4	0.0	3	2.3	207
11/05/2025	09:44:03	40.53852	141.55500	20	0.0	3	2.3	240
11/05/2025	09:45:03	40.53852	141.55506	18	0.0	2	2.0	242
11/05/2025	09:46:03	40.53852	141.55499	16	0.0	2	2.0	206
11/05/2025	09:47:32	40.53855	141.55498	2	0.0	7	1.0	294
11/05/2025	09:48:00	40.53855	141.55506	-8	0.0	4	1.3	253
11/05/2025	09:49:00	40.53858	141.55497	0	0.0	5	1.4	219
11/05/2025	09:50:00	40.53853	141.55485	-22	0.0	6	1.3	221
11/05/2025	09:51:00	40.53855	141.55502	-10	0.0	5	1.4	244
11/05/2025	09:52:00	40.53867	141.55495	-0	0.0	4	1.1	186
11/05/2025	09:53:00	40.53856	141.55495	10	0.0	6	1.0	244
11/05/2025	09:54:00	40.53849	141.55501	-4	0.0	5	1.4	213
11/05/2025	09:55:00	40.53852	141.55497	12	0.0	7	1.0	250
11/05/2025	09:56:00	40.53855	141.55493	6	0.0	4	2.0	235
11/05/2025	09:57:00	40.53856	141.55499	4	0.0	6	1.0	275
11/05/2025	09:58:00	40.53853	141.55518	16	0.0	5	1.4	270
11/05/2025	09:59:00	40.53856	141.55502	14	0.0	6	1.0	249
11/05/2025	10:00:00	40.53845	141.55492	-18	0.0	4	2.0	267
11/05/2025	10:01:00	40.53862	141.55506	0	0.0	4	2.3	269
11/05/2025	10:02:00	40.53861	141.55498	16	0.0	7	0.4	274
11/05/2025	10:03:00	40.53862	141.55494	10	0.0	7	0.4	269
11/05/2025	10:04:00	40.53860	141.55504	28	0.0	5	1.2	275
11/05/2025	10:05:00	40.53862	141.55502	4	0.0	7	0.4	274
11/05/2025	10:06:00	40.53853	141.55496	4	0.0	7	0.4	275
11/05/2025	10:07:00	40.53858	141.55494	0	0.0	7	1.1	273
11/05/2025	10:08:00	40.53855	141.55504	6	0.0	7	0.4	269
11/05/2025	10:09:00	40.53854	141.55484	-12	0.0	5	2.0	273
11/05/2025	10:09:59	40.53847	141.55501	34	0.0	3	2.4	233
11/05/2025	10:11:00	40.53854	141.55505	0	0.0	7	0.4	279
11/05/2025	10:12:00	40.53849	141.55484	10	0.0	5	1.2	242
11/05/2025	10:13:00	40.53865	141.55505	26	0.0	6	2.0	273
11/05/2025	10:14:00	40.53857	141.55505	2	0.0	7	0.4	275
11/05/2025	10:14:59	40.53848	141.55516	-12	3.7	3	2.1	266
11/05/2025	10:16:00	40.53876	141.55501	8	0.0	4	1.2	250
11/05/2025	10:17:00	40.53880	141.55499	-2	3.7	6	1.0	268
11/05/2025	10:18:00	40.53848	141.55517	18	0.0	5	1.4	248
11/05/2025	10:19:00	40.53859	141.55497	6	0.0	4	2.0	263
11/05/2025	10:19:59	40.53837	141.55516	8	3.7	4	2.3	271
11/05/2025	10:21:00	40.53855	141.55506	4	0.0	6	1.0	278
11/05/2025	10:22:00	40.53854	141.55504	12	0.0	6	1.0	277
11/05/2025	10:23:00	40.53847	141.55497	8	0.0	3	2.2	265
11/05/2025	10:24:00	40.53849	141.55505	4	0.0	6	1.0	276
11/05/2025	10:24:59	40.53868	141.55498	-2	0.0	4	1.2	272
11/05/2025	10:26:00	40.53857	141.55493	10	0.0	6	1.0	274
11/05/2025	10:26:59	40.53820	141.55523	4	0.0	4	1.4	273
11/05/2025	10:28:00	40.53856	141.55504	8	0.0	6	1.0	273
11/05/2025	10:29:00	40.53855	141.55506	10	0.0	6	1.0	248
11/05/2025	10:30:00	40.53855	141.55485	32	0.0	5	1.1	247
11/05/2025	10:31:00	40.53855	141.55504	0	0.0	5	1.1	245
11/05/2025	10:32:00	40.53854	141.55503	0	0.0	5	1.1	263
11/05/2025	10:33:00	40.53850	141.55503	22	0.0	3	2.0	214
11/05/2025	10:34:00	40.53853	141.55502	10	0.0	4	1.4	243
11/05/2025	10:35:00	40.53851	141.55506	4	0.0	5	1.0	263
11/05/2025	10:36:00	40.53862	141.55504	-0	0.0	5	1.0	241
11/05/2025	10:37:00	40.53846	141.55508	6	0.0	5	1.0	241
11/05/2025	10:38:00	40.53844	141.55493	26	0.0	5	1.4	262
11/05/2025	10:39:00	40.53844	141.55487	18	0.0	3	2.1	232
11/05/2025	10:40:00	40.53861	141.55503	8	0.0	6	1.2	266
11/05/2025	10:41:00	40.53865	141.55501	8	0.0	4	1.4	241
11/05/2025	10:42:00	40.53849	141.55504	2	0.0	5	1.0	238
11/05/2025	10:43:00	40.53852	141.55500	4	0.0	6	1.0	242
11/05/2025	10:44:00	40.53849	141.55503	14	0.0	5	1.0	216
11/05/2025	10:45:01	40.53851	141.55503	6	0.0	6	1.0	214
11/05/2025	10:46:00	40.53854	141.55497	4	0.0	6	1.0	246
11/05/2025	10:47:00	40.53859	141.55502	8	0.0	6	0.4	243
11/05/2025	10:48:00	40.53856	141.55522	26	0.0	3	2.0	239
11/05/2025	10:49:00	40.53858	141.55503	10	0.0	3	2.0	238
11/05/2025	10:50:00	40.53859	141.55495	16	0.0	5	1.0	242
11/05/2025	10:51:00	40.53859	141.55499	-6	0.0	5	1.1	251
11/05/2025	10:52:00	40.53852	141.55487	-4	0.0	3	2.0	238
11/05/2025	10:53:00	40.53850	141.55497	6	0.0	4	1.1	232
11/05/2025	10:54:00	40.53847	141.55502	4	0.0	4	1.1	246
11/05/2025	10:55:00	40.53859	141.55495	2	0.0	4	1.1	243
11/05/2025	10:56:00	40.53847	141.55504	2	0.0	3	1.2	237
11/05/2025	10:57:00	40.53859	141.55505	14	0.0	3	1.2	210
11/05/2025	10:58:00	40.53861	141.55502	18	0.0	4	1.1	211
11/05/2025	10:59:00	40.53849	141.55494	0	0.0	3	2.0	185
11/05/2025	11:00:00	40.53853	141.55504	28	0.0	4	1.2	214
11/05/2025	11:01:00	40.53858	141.55504	18	0.0	4	1.2	217
11/05/2025	11:02:00	40.53856	141.55502	4	0.0	4	1.2	222
11/05/2025	11:03:00	40.53851	141.55509	26	0.0	4	1.2	216
11/05/2025	11:04:01	40.53859	141.55501	4	0.0	4	1.2	212
11/05/2025	11:05:00	40.53853	141.55503	10	0.0	4	1.2	205
11/05/2025	11:06:00	40.53840	141.55492	-0	0.0	4	1.2	212
11/05/2025	11:07:00	40.53842	141.55491	-4	0.0	4	1.2	222
11/05/2025	11:08:00	40.53973	141.55702	16	0.0	4	1.2	185
11/05/2025	11:09:00	40.53966	141.55727	8	0.0	4	1.2	193
11/05/2025	11:10:00	40.53971	141.55708	-10	0.0	4	1.2	187
11/05/2025	11:11:00	40.53969	141.55708	12	0.0	4	1.2	188
11/05/2025	11:12:00	40.53974	141.55698	-8	0.0	3	2.4	182
11/05/2025	11:13:00	40.53944	141.55720	-2	7.4	4	1.2	183
11/05/2025	11:14:00	40.53959	141.55872	-4	0.0	3	2.3	175
11/05/2025	11:15:00	40.53958	141.55877	-20	0.0	4	1.2	182
11/05/2025	11:16:00	40.53964	141.55890	18	0.0	4	1.2	176
11/05/2025	11:16:59	40.53950	141.55874	56	0.0	3	2.3	180
11/05/2025	11:17:59	40.53953	141.55876	6	0.0	3	2.2	179
11/05/2025	11:19:01	40.53939	141.55838	20	0.0	3	2.2	136
11/05/2025	11:20:00	40.53946	141.55848	8	0.0	3	1.2	159
11/05/2025	11:21:02	40.53941	141.55846	2	0.0	4	1.1	165
11/05/2025	11:22:01	40.53937	141.55846	-2	0.0	3	2.2	180
11/05/2025	11:23:00	40.53951	141.55849	-6	3.7	3	2.2	159
11/05/2025	11:24:01	40.53949	141.55847	12	0.0	3	2.2	153
11/05/2025	11:25:01	40.53947	141.55843	16	0.0	4	1.1	183
11/05/2025	11:26:00	40.53938	141.55840	14	0.0	4	1.1	156
11/05/2025	11:27:00	40.53945	141.55846	6	0.0	4	1.1	181
11/05/2025	11:28:00	40.53942	141.55839	-2	0.0	4	1.1	182
11/05/2025	11:29:00	40.53937	141.55849	12	0.0	3	2.1	179
11/05/2025	11:30:00	40.53952	141.55842	0	0.0	3	2.1	123
11/05/2025	11:30:59	40.53951	141.55847	18	0.0	3	2.1	151
11/05/2025	11:32:00	40.53936	141.55850	22	0.0	3	2.1	178
11/05/2025	11:33:00	40.53936	141.55852	-2	0.0	3	2.0	128
11/05/2025	11:34:02	40.53964	141.55848	12	0.0	3	2.0	172
11/05/2025	11:35:02	40.53951	141.55846	12	0.0	2	2.0	208
11/05/2025	11:36:00	40.53953	141.55853	20	0.0	3	2.0	126
11/05/2025	11:37:01	40.53942	141.55847	2	0.0	3	2.0	169
11/05/2025	11:38:02	40.53939	141.55842	-0	0.0	2	2.0	235
11/05/2025	11:39:01	40.53945	141.55843	18	0.0	3	2.0	176
11/05/2025	11:40:03	40.53951	141.55846	4	0.0	3	2.0	211
11/05/2025	11:41:02	40.53954	141.55845	-16	0.0	3	1.4	179
11/05/2025	11:42:02	40.53949	141.55843	-8	0.0	3	1.4	172
11/05/2025	11:43:02	40.53950	141.55846	-10	0.0	3	1.4	211
11/05/2025	11:44:02	40.53944	141.55845	10	0.0	3	1.4	210
11/05/2025	11:45:02	40.53952	141.55848	2	0.0	3	1.4	212
11/05/2025	11:46:01	40.53945	141.55836	-2	0.0	3	1.4	176
11/05/2025	11:47:02	40.53940	141.55844	4	0.0	3	1.4	208
11/05/2025	11:48:02	40.53944	141.55846	-4	0.0	3	1.4	172
11/05/2025	11:49:04	40.53943	141.55846	6	0.0	3	1.4	184
11/05/2025	11:50:03	40.53942	141.55844	-28	0.0	3	1.4	176
11/05/2025	11:51:02	40.53940	141.55847	-28	0.0	2	1.4	169
11/05/2025	11:52:05	40.53946	141.55839	22	0.0	3	1.4	180
11/05/2025	11:53:02	40.53946	141.55844	20	0.0	2	1.4	164
11/05/2025	11:54:02	40.53943	141.55842	22	0.0	2	1.4	236
11/05/2025	11:55:02	40.53941	141.55843	18	0.0	2	1.4	170
11/05/2025	11:56:03	40.53941	141.55845	18	0.0	2	1.4	207
11/05/2025	11:57:02	40.53940	141.55848	20	0.0	2	1.4	202
11/05/2025	11:58:02	40.53944	141.55847	22	0.0	2	1.4	199
11/05/2025	11:59:02	40.53947	141.55841	16	0.0	2	1.4	242
11/05/2025	12:00:31	40.53944	141.55845	4	0.0	6	1.1	269
11/05/2025	12:01:00	40.53953	141.55848	-8	0.0	5	1.1	223
11/05/2025	12:02:00	40.53940	141.55848	26	3.7	4	1.2	219
11/05/2025	12:03:00	40.53957	141.55847	14	0.0	4	1.2	220
11/05/2025	12:04:00	40.53952	141.55847	-14	0.0	4	1.1	220
11/05/2025	12:05:00	40.53945	141.55853	-14	0.0	5	1.1	222
11/05/2025	12:06:00	40.53942	141.55850	70	3.7	3	2.0	215
11/05/2025	12:07:01	40.53947	141.55834	16	0.0	3	2.0	190
11/05/2025	12:08:01	40.53910	141.55792	18	0.0	5	1.1	218
11/05/2025	12:09:04	40.53908	141.55805	36	0.0	3	2.0	148
11/05/2025	12:10:05	40.53904	141.55791	16	0.0	4	1.1	161
11/05/2025	12:11:04	40.53907	141.55801	26	0.0	4	1.1	141
11/05/2025	12:12:04	40.53903	141.55801	18	0.0	3	1.2	148
11/05/2025	12:13:03	40.53905	141.55788	20	0.0	2	2.1	140
11/05/2025	12:14:05	40.53915	141.55802	12	0.0	3	2.3	145
11/05/2025	12:15:05	40.53898	141.55800	22	0.0	3	2.3	126
11/05/2025	12:16:04	40.53912	141.55795	4	0.0	3	2.0	166
11/05/2025	12:17:04	40.53900	141.55790	12	0.0	3	2.3	169
11/05/2025	12:18:05	40.53904	141.55799	4	0.0	4	1.1	171
11/05/2025	12:19:04	40.53900	141.55792	-8	0.0	4	1.1	171
11/05/2025	12:20:04	40.53907	141.55802	42	0.0	3	1.3	168
11/05/2025	12:26:16	40.53909	141.55798	20	0.0	4	1.3	147
11/05/2025	12:27:03	40.53902	141.55800	8	0.0	4	1.3	135
11/05/2025	12:28:03	40.53900	141.55828	56	0.0	3	5.3	131
11/05/2025	12:29:03	40.53901	141.55801	-0	0.0	3	5.4	131
11/05/2025	12:30:02	40.53917	141.55765	-42	0.0	3	5.4	111
11/05/2025	12:31:01	40.53907	141.55780	-10	0.0	3	5.4	115
11/05/2025	12:32:01	40.53891	141.55844	70	0.0	3	5.4	112
11/05/2025	12:33:04	40.53898	141.55824	40	0.0	3	5.4	111
11/05/2025	12:34:02	40.53926	141.55751	-74	0.0	3	5.4	109
11/05/2025	12:35:03	40.53891	141.55818	46	3.7	3	5.4	136
11/05/2025	12:36:04	40.53904	141.55797	10	0.0	3	5.3	133
11/05/2025	12:37:06	40.53905	141.55790	10	3.7	2	11.4	158
11/05/2025	12:38:05	40.53899	141.55818	48	3.7	3	5.3	157
11/05/2025	12:39:05	40.53921	141.55761	-48	3.7	3	5.3	108
11/05/2025	12:40:04	40.53934	141.55774	-42	3.7	2	12.1	129
11/05/2025	12:41:14	40.53890	141.55813	46	0.0	4	1.4	151
11/05/2025	12:42:06	40.53902	141.55797	14	7.4	2	12.2	123
11/05/2025	12:43:05	40.53874	141.55841	110	0.0	2	12.3	132
11/05/2025	12:44:07	40.53887	141.55800	36	3.7	3	2.3	106
11/05/2025	12:45:05	40.53878	141.55831	90	0.0	3	2.3	107
11/05/2025	12:46:05	40.53896	141.55804	26	0.0	3	2.3	111
11/05/2025	12:47:03	40.53906	141.55813	38	0.0	3	2.3	118
11/05/2025	12:48:03	40.53906	141.55764	-10	0.0	3	3.1	148
11/05/2025	12:49:04	40.53907	141.55797	2	0.0	3	2.4	112
11/05/2025	12:50:03	40.53915	141.55792	-24	0.0	3	2.4	115
11/05/2025	12:51:03	40.53904	141.55795	14	0.0	3	3.2	144
11/05/2025	12:52:03	40.53878	141.55811	60	0.0	3	3.3	113
11/05/2025	12:53:03	40.53903	141.55803	12	0.0	3	3.3	147
11/05/2025	12:54:04	40.53903	141.55803	14	0.0	3	3.4	112
11/05/2025	12:55:03	40.53902	141.55792	-8	0.0	3	3.0	166
11/05/2025	12:56:03	40.53938	141.55787	-42	0.0	3	3.0	166
11/05/2025	12:57:03	40.53865	141.55817	98	0.0	3	4.1	134
11/05/2025	12:58:04	40.53902	141.55804	28	0.0	3	3.1	152
11/05/2025	12:59:03	40.53923	141.55796	-0	0.0	3	3.1	113
11/05/2025	13:00:03	40.53897	141.55801	36	0.0	3	3.1	137
11/05/2025	13:01:03	40.53894	141.55798	0	0.0	2	7.3	168
11/05/2025	13:02:03	40.53937	141.55786	-16	0.0	3	3.2	137
11/05/2025	13:03:04	40.53915	141.55797	6	0.0	3	3.2	112
11/05/2025	13:04:03	40.53923	141.55792	2	0.0	3	3.2	139
11/05/2025	13:05:03	40.53904	141.55796	36	0.0	3	3.3	114
11/05/2025	13:06:03	40.53894	141.55813	40	0.0	3	3.3	134
11/05/2025	13:07:03	40.53927	141.55801	-12	0.0	3	3.3	153
11/05/2025	13:08:02	40.53843	141.55797	112	0.0	3	8.1	113
11/05/2025	13:09:02	40.53930	141.55779	-24	0.0	3	3.4	112
11/05/2025	13:10:04	40.53888	141.55801	48	0.0	3	4.0	110
11/05/2025	13:11:04	40.53877	141.55801	56	0.0	3	4.0	154
11/05/2025	13:12:03	40.53911	141.55784	8	0.0	2	4.0	129
11/05/2025	13:13:02	40.53893	141.55802	24	0.0	2	4.1	159
11/05/2025	13:14:03	40.53865	141.55794	62	0.0	2	4.1	129
11/05/2025	13:15:04	40.53892	141.55802	40	0.0	3	4.1	151
11/05/2025	13:16:03	40.53909	141.55807	0	0.0	2	4.2	128
11/05/2025	13:17:04	40.53909	141.55796	0	0.0	3	4.2	129
11/05/2025	13:18:04	40.53899	141.55801	16	0.0	3	4.2	170
11/05/2025	13:19:04	40.53927	141.55793	-8	0.0	3	4.2	127
11/05/2025	13:20:03	40.53943	141.55781	-34	0.0	2	4.4	147
11/05/2025	13:21:04	40.53918	141.55795	4	0.0	2	5.0	143
11/05/2025	13:22:03	40.53947	141.55788	-42	0.0	2	5.1	146
11/05/2025	13:23:03	40.53910	141.55815	8	0.0	2	5.2	145
11/05/2025	13:24:04	40.53887	141.55807	38	0.0	2	5.2	100
11/05/2025	13:25:03	40.53909	141.55794	4	0.0	3	4.2	126
11/05/2025	13:26:04	40.53907	141.55804	20	3.7	2	5.4	78
11/05/2025	13:27:15	40.53895	141.55806	28	0.0	4	2.4	123
11/05/2025	13:28:05	40.53920	141.55789	16	0.0	2	6.1	95
11/05/2025	13:29:16	40.53914	141.55795	12	0.0	4	2.4	120
11/05/2025	13:30:22	40.53915	141.55792	-6	0.0	3	4.1	154
11/05/2025	13:31:24	40.53946	141.55782	-50	3.7	4	2.4	119
11/05/2025	13:32:08	40.53906	141.55799	24	7.4	2	7.1	107
11/05/2025	13:33:38	40.53906	141.55797	8	0.0	3	2.3	109
11/05/2025	13:34:02	40.53902	141.55789	24	0.0	1	6.2	79
11/05/2025	13:35:03	40.53915	141.55819	-12	11.1	1	6.3	79
11/05/2025	13:36:03	40.53852	141.55823	98	0.0	1	6.4	81
11/05/2025	13:37:04	40.53873	141.55815	76	0.0	1	7.0	81
11/05/2025	13:38:02	40.53873	141.55825	82	7.4	1	7.1	97
11/05/2025	13:39:02	40.53944	141.55777	-34	0.0	1	7.2	83
11/05/2025	13:40:04	40.53904	141.55793	20	7.4	1	7.3	80
11/05/2025	13:41:03	40.53890	141.55821	46	0.0	1	7.4	81
11/05/2025	13:47:27	40.53910	141.55790	2	0.0	3	2.3	123
11/05/2025	13:48:04	40.53915	141.55797	-0	0.0	1	4.1	128
11/05/2025	13:49:02	40.53915	141.55791	16	0.0	1	4.1	109
11/05/2025	13:50:04	40.53924	141.55779	-26	0.0	1	4.1	130
11/05/2025	13:51:18	40.53922	141.55786	-20	0.0	3	2.3	118
11/05/2025	13:52:03	40.53881	141.55815	62	0.0	1	4.1	123
11/05/2025	13:53:03	40.53912	141.55817	-4	0.0	1	4.1	126
11/05/2025	13:54:03	40.53910	141.55790	-8	0.0	1	4.1	128
11/05/2025	13:55:02	40.53896	141.55816	26	0.0	1	4.1	108
11/05/2025	13:56:03	40.53911	141.55790	12	0.0	1	4.1	107
11/05/2025	13:57:03	40.53889	141.55821	44	0.0	1	4.1	127
11/05/2025	13:58:03	40.53897	141.55790	12	0.0	1	4.1	131
11/05/2025	13:59:03	40.53903	141.55795	4	0.0	1	4.1	107
11/05/2025	14:00:04	40.53911	141.55789	2	0.0	1	2.4	105
11/05/2025	14:01:03	40.53901	141.55798	14	0.0	2	5.1	105
11/05/2025	14:02:04	40.53900	141.55797	10	0.0	2	5.1	108
11/05/2025	14:03:03	40.53901	141.55791	12	0.0	2	5.1	107
11/05/2025	14:04:04	40.53869	141.55815	124	3.7	2	5.2	106
11/05/2025	14:05:03	40.53908	141.55794	6	3.7	2	5.2	102
11/05/2025	14:06:03	40.53883	141.55813	70	0.0	2	5.2	105
11/05/2025	14:07:04	40.53908	141.55806	10	7.4	2	5.2	102
11/05/2025	14:08:04	40.53902	141.55813	30	0.0	2	5.3	142
11/05/2025	14:09:03	40.53916	141.55794	-22	0.0	2	5.3	137
11/05/2025	14:10:05	40.53908	141.55803	0	0.0	2	5.3	122
11/05/2025	14:11:03	40.53942	141.55770	-86	0.0	2	5.4	129
11/05/2025	14:12:33	40.53903	141.55800	20	0.0	3	2.4	147
11/05/2025	14:13:03	40.53925	141.55782	-52	0.0	3	2.4	158
11/05/2025	14:14:02	40.53914	141.55772	6	3.7	2	3.2	128
11/05/2025	14:15:03	40.53911	141.55794	-4	0.0	3	2.4	130
11/05/2025	14:16:02	40.53905	141.55824	20	0.0	2	3.2	129
11/05/2025	14:17:03	40.53909	141.55799	14	0.0	2	3.2	157
11/05/2025	14:18:04	40.53906	141.55802	-2	0.0	3	2.3	129
11/05/2025	14:19:02	40.53916	141.55788	-14	0.0	2	3.2	127
11/05/2025	14:20:02	40.53911	141.55797	-16	0.0	2	3.2	107
11/05/2025	14:21:03	40.53900	141.55792	32	0.0	2	3.2	127
11/05/2025	14:22:05	40.53913	141.55798	4	0.0	3	2.3	127
11/05/2025	14:23:04	40.53915	141.55761	0	0.0	2	3.2	131
11/05/2025	14:24:04	40.53900	141.55817	2	3.7	2	3.2	131
11/05/2025	14:25:04	40.53911	141.55776	-2	0.0	2	3.2	127
11/05/2025	14:26:04	40.53907	141.55798	14	0.0	2	3.3	132
11/05/2025	14:27:03	40.53932	141.55770	-26	0.0	2	3.3	131
11/05/2025	14:28:03	40.53909	141.55812	-4	0.0	2	3.3	140
11/05/2025	14:29:03	40.53906	141.55774	-6	0.0	2	3.3	135
11/05/2025	14:30:02	40.53907	141.55807	6	3.7	2	3.3	134
11/05/2025	14:31:02	40.53918	141.55766	-2	0.0	2	3.3	137
11/05/2025	14:32:04	40.53920	141.55788	-10	3.7	2	3.3	155
11/05/2025	14:33:04	40.53904	141.55797	0	0.0	3	2.3	158
11/05/2025	14:34:03	40.53899	141.55806	6	0.0	2	3.4	161
11/05/2025	14:35:02	40.53912	141.55791	-4	0.0	2	3.4	155
11/05/2025	14:36:03	40.53910	141.55793	6	0.0	2	3.4	156
11/05/2025	14:37:02	40.53932	141.55738	-16	0.0	2	3.4	154
11/05/2025	14:38:03	40.53909	141.55789	2	0.0	2	4.0	155
11/05/2025	14:39:02	40.53912	141.55813	-4	0.0	2	4.0	110
11/05/2025	14:40:03	40.53903	141.55828	6	0.0	2	4.0	113
11/05/2025	14:41:03	40.53922	141.55771	4	0.0	2	4.0	112
11/05/2025	14:42:02	40.53902	141.55808	12	0.0	2	4.1	112
11/05/2025	14:43:03	40.53906	141.55776	34	0.0	2	4.1	131
11/05/2025	14:44:03	40.53918	141.55767	-8	0.0	2	4.1	114
11/05/2025	14:45:02	40.53898	141.55797	18	0.0	2	4.1	115
11/05/2025	14:46:04	40.53926	141.55757	-22	0.0	2	4.2	111
11/05/2025	14:47:05	40.53910	141.55815	-14	3.7	3	2.4	128
11/05/2025	14:48:04	40.53893	141.55791	14	3.7	2	4.2	150
11/05/2025	14:49:04	40.53937	141.55740	-44	3.7	2	4.3	130
11/05/2025	14:50:04	40.53908	141.55773	10	0.0	2	4.3	150
11/05/2025	14:51:04	40.53906	141.55808	-2	0.0	2	4.4	131
11/05/2025	14:52:03	40.53941	141.55727	-46	0.0	2	4.4	153
11/05/2025	14:53:03	40.53905	141.55786	12	3.7	2	5.0	128
11/05/2025	14:54:03	40.53900	141.55781	28	3.7	2	5.0	129
11/05/2025	14:55:04	40.53900	141.55806	22	0.0	2	5.1	158
11/05/2025	14:56:04	40.53890	141.55828	34	0.0	2	5.1	156
11/05/2025	14:57:04	40.53924	141.55767	-10	0.0	2	5.2	133
11/05/2025	14:58:05	40.53900	141.55802	8	0.0	2	5.2	151
11/05/2025	14:59:05	40.53926	141.55766	-34	3.7	2	5.3	152
11/05/2025	15:00:20	40.53914	141.55780	4	3.7	3	3.1	145
11/05/2025	15:01:11	40.53908	141.55795	4	3.7	3	3.1	143
11/05/2025	15:02:12	40.53913	141.55789	4	14.8	3	3.1	152
11/05/2025	15:03:21	40.53909	141.55797	24	3.7	3	3.1	185
11/05/2025	15:04:05	40.53878	141.55850	44	3.7	3	3.1	146
11/05/2025	15:05:05	40.53908	141.55796	12	3.7	3	3.2	144
11/05/2025	15:06:09	40.53907	141.55810	22	0.0	3	3.2	138
11/05/2025	15:07:32	40.53911	141.55798	8	0.0	3	2.0	157
11/05/2025	15:08:07	40.53911	141.55795	14	0.0	3	2.1	120
11/05/2025	15:09:08	40.53890	141.55790	2	0.0	3	2.1	124
11/05/2025	15:10:04	40.53916	141.55793	16	0.0	3	2.1	135
11/05/2025	15:11:08	40.53910	141.55798	14	3.7	3	2.1	123
11/05/2025	15:12:21	40.53908	141.55799	4	0.0	3	2.1	166
11/05/2025	15:13:05	40.53898	141.55797	6	3.7	3	2.1	104
11/05/2025	15:14:03	40.53904	141.55793	16	0.0	3	2.1	134
11/05/2025	15:15:04	40.53895	141.55794	12	0.0	3	2.1	150
11/05/2025	15:16:04	40.53921	141.55801	-0	3.7	3	2.1	129
11/05/2025	15:17:05	40.53912	141.55808	-6	0.0	3	1.3	129
11/05/2025	15:18:04	40.53894	141.55789	-0	0.0	3	2.1	130
11/05/2025	15:19:05	40.53911	141.55798	20	0.0	3	2.1	154
11/05/2025	15:20:09	40.53910	141.55803	6	0.0	3	1.3	125
11/05/2025	15:21:07	40.53903	141.55797	10	0.0	3	1.3	139
11/05/2025	15:22:04	40.53890	141.55785	52	0.0	3	1.3	150
11/05/2025	15:23:04	40.53913	141.55804	-10	0.0	3	1.3	127
11/05/2025	15:24:04	40.53904	141.55791	38	0.0	3	1.3	131
11/05/2025	15:25:04	40.53909	141.55798	2	3.7	3	1.4	127
11/05/2025	15:26:06	40.53906	141.55796	-8	0.0	3	1.4	150
11/05/2025	15:27:05	40.53901	141.55827	-10	0.0	2	1.4	130
11/05/2025	15:28:13	40.53911	141.55812	-12	3.7	3	1.4	154
11/05/2025	15:29:08	40.53913	141.55811	-18	0.0	3	1.4	121
11/05/2025	15:30:05	40.53892	141.55791	42	0.0	3	2.0	120
11/05/2025	15:31:38	40.53902	141.55796	24	0.0	4	2.0	179
11/05/2025	15:32:34	40.53906	141.55803	10	0.0	4	1.4	177
11/05/2025	15:33:02	40.53887	141.55808	-16	0.0	3	3.0	117
11/05/2025	15:34:03	40.53909	141.55803	16	0.0	3	3.0	178
11/05/2025	15:35:03	40.53914	141.55790	10	0.0	3	3.0	180
11/05/2025	15:36:02	40.53920	141.55781	8	0.0	3	3.0	181
11/05/2025	15:37:03	40.53887	141.55826	16	0.0	3	3.0	163
11/05/2025	15:38:04	40.53913	141.55792	-0	0.0	4	2.0	165
11/05/2025	15:39:03	40.53908	141.55797	32	0.0	3	3.1	203
11/05/2025	15:40:02	40.53902	141.55809	-18	0.0	3	2.1	168
11/05/2025	15:41:01	40.53905	141.55801	50	0.0	3	2.1	164
11/05/2025	15:42:02	40.53906	141.55797	30	0.0	4	2.0	189
11/05/2025	15:43:03	40.53901	141.55795	20	0.0	4	2.0	189
11/05/2025	15:44:01	40.53922	141.55788	16	0.0	3	2.1	141
11/05/2025	15:45:02	40.53906	141.55786	0	0.0	3	2.1	167
11/05/2025	15:46:02	40.53907	141.55799	14	0.0	4	2.0	190
11/05/2025	15:47:01	40.53918	141.55795	-12	0.0	3	2.2	168
11/05/2025	15:48:02	40.53896	141.55799	4	0.0	3	2.2	167
11/05/2025	15:49:02	40.53907	141.55797	12	0.0	3	2.2	167
11/05/2025	15:50:02	40.53902	141.55802	16	0.0	3	2.2	165
11/05/2025	15:51:04	40.53909	141.55801	14	0.0	3	2.2	161
11/05/2025	15:52:02	40.53903	141.55808	18	0.0	3	2.2	139
11/05/2025	15:53:06	40.53909	141.55799	-4	0.0	3	2.2	131
11/05/2025	15:54:05	40.53894	141.55795	-4	0.0	2	3.1	136
11/05/2025	15:55:07	40.53901	141.55802	4	0.0	3	2.3	131
11/05/2025	15:56:05	40.53908	141.55791	6	0.0	2	3.2	132
11/05/2025	15:57:07	40.53906	141.55798	8	0.0	2	3.2	111
11/05/2025	15:58:30	40.53905	141.55798	16	0.0	5	2.2	159
11/05/2025	15:59:05	40.53909	141.55803	18	0.0	3	2.4	128
11/05/2025	16:00:04	40.53901	141.55807	10	0.0	3	2.4	131
11/05/2025	16:01:04	40.53894	141.55799	-22	0.0	3	2.4	135
11/05/2025	16:02:03	40.53910	141.55799	14	0.0	3	3.0	131
11/05/2025	16:03:03	40.53904	141.55799	28	0.0	3	3.0	135
11/05/2025	16:04:03	40.53907	141.55804	22	0.0	3	3.0	134
11/05/2025	16:05:02	40.53900	141.55806	12	0.0	3	3.1	135
11/05/2025	16:06:03	40.53922	141.55780	16	0.0	3	3.1	135
11/05/2025	16:07:04	40.53888	141.55800	22	0.0	3	3.2	154
11/05/2025	16:08:04	40.53906	141.55810	-2	0.0	3	3.2	154
11/05/2025	16:09:03	40.53907	141.55807	-2	0.0	3	3.2	137
11/05/2025	16:10:04	40.53902	141.55818	-4	0.0	3	3.3	154
11/05/2025	16:11:04	40.53891	141.55805	16	0.0	3	3.3	139
11/05/2025	16:12:04	40.53895	141.55798	26	0.0	3	3.4	139
11/05/2025	16:13:03	40.53907	141.55827	-0	0.0	3	4.0	136
11/05/2025	16:14:04	40.53916	141.55806	-20	3.7	3	4.0	137
11/05/2025	16:15:04	40.53906	141.55810	6	0.0	3	4.1	138
11/05/2025	16:16:04	40.53882	141.55818	50	0.0	3	4.2	135
11/05/2025	16:17:05	40.53914	141.55782	-0	0.0	3	4.2	134
11/05/2025	16:18:03	40.53900	141.55822	22	0.0	3	4.3	136
11/05/2025	16:19:04	40.53904	141.55797	14	0.0	3	4.4	141
11/05/2025	16:20:07	40.53907	141.55810	6	0.0	3	5.0	129
11/05/2025	16:21:04	40.53888	141.55802	16	0.0	3	5.1	135
11/05/2025	16:22:05	40.53886	141.55814	36	3.7	3	5.2	133
11/05/2025	16:23:04	40.53899	141.55801	6	0.0	3	5.3	130
11/05/2025	16:24:06	40.53916	141.55777	16	3.7	3	5.4	159
11/05/2025	16:25:05	40.53898	141.55801	10	0.0	3	6.0	129
11/05/2025	16:26:05	40.53918	141.55767	-12	11.1	3	6.1	128
11/05/2025	16:27:05	40.53881	141.55820	26	0.0	3	6.2	172
11/05/2025	16:28:07	40.53921	141.55784	-0	3.7	3	6.4	139
11/05/2025	16:29:24	40.53898	141.55790	-20	11.1	3	4.4	145
11/05/2025	16:30:11	40.53910	141.55804	28	0.0	3	5.0	136
11/05/2025	16:31:32	40.53909	141.55790	-2	0.0	3	4.1	128
11/05/2025	16:32:05	40.53905	141.55831	56	0.0	3	4.2	140
11/05/2025	16:33:04	40.53915	141.55772	-32	7.4	3	4.2	130
11/05/2025	16:34:04	40.53909	141.55803	4	3.7	3	4.2	127
11/05/2025	16:35:05	40.53908	141.55818	44	3.7	4	4.1	142
11/05/2025	16:36:05	40.53920	141.55770	-44	11.1	3	4.2	140
11/05/2025	16:37:08	40.53906	141.55786	-2	7.4	3	4.2	125
11/05/2025	16:38:07	40.53912	141.55777	-28	0.0	3	4.2	128
11/05/2025	16:39:04	40.53934	141.55773	-50	14.8	3	4.2	124
11/05/2025	16:40:08	40.53918	141.55792	-12	3.7	3	4.2	123
11/05/2025	16:41:05	40.53922	141.55776	-46	3.7	3	4.2	123
11/05/2025	16:42:04	40.53903	141.55816	36	3.7	3	4.2	143
11/05/2025	16:43:08	40.53914	141.55766	-22	3.7	3	4.2	124
11/05/2025	16:44:07	40.53904	141.55796	6	0.0	3	4.2	139
11/05/2025	16:45:06	40.53900	141.55814	28	3.7	4	4.0	138
11/05/2025	16:46:04	40.53912	141.55780	-20	0.0	3	4.1	125
11/05/2025	16:47:06	40.53901	141.55788	2	0.0	3	4.1	118
11/05/2025	16:48:20	40.53910	141.55783	-2	3.7	3	4.1	116
11/05/2025	16:49:06	40.53922	141.55766	-46	7.4	3	4.1	102
11/05/2025	16:50:29	40.53898	141.55816	42	0.0	2	2.3	136
11/05/2025	16:51:47	40.53904	141.55802	16	0.0	3	3.4	133
11/05/2025	16:52:11	40.53893	141.55827	64	0.0	3	3.4	131
11/05/2025	16:54:10	40.53913	141.55780	-28	0.0	3	3.3	120
11/05/2025	16:55:30	40.53905	141.55793	6	0.0	2	2.1	115
11/05/2025	16:57:17	40.53903	141.55809	22	0.0	3	3.3	147
11/05/2025	16:58:07	40.53897	141.55818	40	11.1	3	3.2	131
11/05/2025	16:59:18	40.53899	141.55818	48	0.0	2	10.1	141
11/05/2025	17:00:25	40.53903	141.55804	24	0.0	3	3.2	151
11/05/2025	17:03:24	40.53901	141.55814	44	0.0	3	3.1	137
11/05/2025	17:04:17	40.53906	141.55799	6	0.0	3	3.1	138
11/05/2025	17:05:21	40.53918	141.55748	-92	0.0	3	3.1	139
11/05/2025	17:06:26	40.53890	141.55849	118	0.0	3	3.1	135
11/05/2025	17:07:32	40.53905	141.55798	10	0.0	3	3.1	140
11/05/2025	17:08:07	40.53905	141.55782	-50	0.0	3	3.1	136
11/05/2025	17:09:13	40.53907	141.55792	-4	0.0	3	3.0	136
11/05/2025	17:10:12	40.53906	141.55803	22	0.0	3	3.0	140
11/05/2025	17:11:05	40.53907	141.55805	16	0.0	3	3.0	121
11/05/2025	17:12:08	40.53914	141.55784	-18	0.0	3	3.0	125
11/05/2025	17:13:05	40.53908	141.55798	2	7.4	3	3.0	139
11/05/2025	17:14:12	40.53901	141.55805	22	0.0	3	3.0	140
11/05/2025	17:15:10	40.53918	141.55735	-142	0.0	3	3.0	142
11/05/2025	17:16:04	40.53898	141.55791	-8	0.0	3	3.0	131
11/05/2025	17:17:08	40.53906	141.55803	22	0.0	3	3.0	153
11/05/2025	17:18:10	40.53908	141.55789	-8	0.0	3	2.4	152
11/05/2025	17:19:05	40.53902	141.55807	38	0.0	3	2.4	150
11/05/2025	17:20:05	40.53907	141.55800	14	7.4	3	2.4	151
11/05/2025	17:21:28	40.53913	141.55797	4	0.0	3	2.4	166
11/05/2025	17:22:09	40.53908	141.55778	-38	3.7	3	2.4	154
11/05/2025	17:23:09	40.53911	141.55784	-20	3.7	3	2.4	135
11/05/2025	17:24:10	40.53910	141.55781	-30	0.0	3	2.4	150
11/05/2025	17:25:09	40.53905	141.55809	50	0.0	3	2.4	127
11/05/2025	17:26:05	40.53906	141.55809	40	0.0	3	2.4	150
11/05/2025	17:27:12	40.53907	141.55790	-6	0.0	3	2.4	154
11/05/2025	17:28:08	40.53908	141.55812	70	0.0	3	3.0	154
11/05/2025	17:29:20	40.53905	141.55777	-56	0.0	3	3.0	149
11/05/2025	17:30:13	40.53912	141.55809	60	0.0	3	3.0	146
11/05/2025	17:31:19	40.53912	141.55809	64	0.0	3	3.0	153
11/05/2025	17:32:11	40.53909	141.55789	-6	0.0	3	3.0	151
11/05/2025	17:33:05	40.53916	141.55793	24	0.0	2	6.2	136
11/05/2025	17:34:05	40.53897	141.55795	-14	0.0	2	5.3	130
11/05/2025	17:35:04	40.53912	141.55813	46	0.0	2	5.1	133
11/05/2025	17:36:03	40.53903	141.55795	-12	0.0	2	4.4	131
11/05/2025	17:37:04	40.53904	141.55800	24	0.0	2	4.2	131
11/05/2025	17:43:38	40.53918	141.55787	12	0.0	2	3.3	145
11/05/2025	17:44:04	40.53904	141.55796	16	0.0	2	3.3	157
11/05/2025	17:45:05	40.53891	141.55807	26	3.7	2	3.3	132
11/05/2025	17:46:08	40.53913	141.55795	-10	0.0	2	3.3	150
11/05/2025	17:47:05	40.53897	141.55793	-10	3.7	2	3.3	130
11/05/2025	17:48:04	40.53890	141.55816	30	0.0	2	3.3	132
11/05/2025	17:49:04	40.53909	141.55779	-18	0.0	2	3.3	129
11/05/2025	17:50:04	40.53903	141.55805	22	3.7	2	3.3	131
11/05/2025	17:51:04	40.53893	141.55820	38	0.0	2	3.4	131
11/05/2025	17:52:08	40.53900	141.55782	-8	0.0	2	3.4	122
11/05/2025	17:53:05	40.53913	141.55786	8	11.1	2	3.4	122
11/05/2025	17:54:05	40.53890	141.55805	20	7.4	2	3.4	120
11/05/2025	17:55:05	40.53884	141.55828	32	11.1	2	3.4	102
11/05/2025	17:56:31	40.53902	141.55802	12	0.0	1	5.3	144
11/05/2025	17:57:07	40.53921	141.55778	-0	0.0	2	3.4	97
11/05/2025	17:58:06	40.53882	141.55828	50	0.0	2	4.0	97
11/05/2025	17:59:05	40.53909	141.55798	-4	0.0	2	4.0	115
11/05/2025	18:00:05	40.53896	141.55806	12	0.0	2	4.0	116
11/05/2025	18:01:05	40.53918	141.55777	-38	0.0	2	4.0	92
11/05/2025	18:02:05	40.53934	141.55758	-70	0.0	2	4.0	109
11/05/2025	18:03:07	40.53903	141.55796	18	0.0	2	4.1	116
11/05/2025	18:04:04	40.53889	141.55823	34	3.7	2	4.1	116
11/05/2025	18:05:04	40.53911	141.55804	30	3.7	2	4.1	113
11/05/2025	18:06:04	40.53906	141.55792	-0	0.0	2	4.1	118
11/05/2025	18:07:04	40.53918	141.55786	-4	14.8	2	4.1	98
11/05/2025	18:08:04	40.53892	141.55826	46	0.0	2	4.2	101
11/05/2025	18:09:04	40.53902	141.55788	-22	0.0	2	4.2	100
11/05/2025	18:10:03	40.53944	141.55735	-30	7.4	2	4.2	118
11/05/2025	18:11:04	40.53892	141.55821	28	0.0	2	4.2	103
11/05/2025	18:12:05	40.53906	141.55790	6	0.0	2	4.3	101
11/05/2025	18:13:04	40.53911	141.55798	0	0.0	2	4.3	114
11/05/2025	18:14:04	40.53927	141.55772	0	0.0	2	4.3	126
11/05/2025	18:15:04	40.53909	141.55796	6	0.0	2	4.4	108
11/05/2025	18:16:04	40.53897	141.55800	22	3.7	2	4.4	137
11/05/2025	18:17:04	40.53901	141.55814	26	3.7	2	4.4	108
11/05/2025	18:18:03	40.53920	141.55781	-10	3.7	2	5.0	131
11/05/2025	18:19:03	40.53913	141.55797	8	0.0	2	5.0	132
11/05/2025	18:20:02	40.53920	141.55760	-36	3.7	2	5.1	136
11/05/2025	18:21:03	40.53915	141.55800	6	3.7	2	5.1	159
11/05/2025	18:22:05	40.53896	141.55813	24	0.0	2	5.2	154
11/05/2025	18:23:03	40.53907	141.55796	14	3.7	2	5.2	158
11/05/2025	18:24:04	40.53907	141.55801	-2	0.0	2	5.3	158
11/05/2025	18:25:03	40.53928	141.55768	-30	0.0	2	5.3	178
11/05/2025	18:26:04	40.53912	141.55791	6	0.0	2	5.4	160
11/05/2025	18:27:04	40.53889	141.55823	30	3.7	2	5.4	163
11/05/2025	18:28:05	40.53930	141.55755	-24	0.0	2	6.0	162
11/05/2025	18:29:05	40.53924	141.55765	-22	0.0	2	6.1	159
11/05/2025	18:30:11	40.53911	141.55789	4	29.6	2	6.2	161
11/05/2025	18:31:18	40.53934	141.55753	-34	7.4	2	6.2	158
11/05/2025	18:32:16	40.53933	141.55752	-32	3.7	2	6.3	166
11/05/2025	18:33:32	40.53907	141.55798	10	0.0	3	2.3	144
11/05/2025	18:34:02	40.53906	141.55807	20	0.0	3	2.3	148
11/05/2025	18:35:02	40.53916	141.55787	-6	0.0	3	2.3	162
11/05/2025	18:36:00	40.53897	141.55828	12	0.0	3	2.3	148
11/05/2025	18:37:01	40.53903	141.55808	16	0.0	3	2.4	143
11/05/2025	18:38:02	40.53905	141.55801	0	0.0	3	2.4	142
11/05/2025	18:39:03	40.53904	141.55799	8	0.0	3	2.4	164
11/05/2025	18:40:03	40.53865	141.55848	72	0.0	2	11.0	140
11/05/2025	18:41:03	40.53903	141.55788	32	0.0	2	10.1	164
11/05/2025	18:42:03	40.53913	141.55800	-0	0.0	3	2.4	167
11/05/2025	18:43:02	40.53937	141.55758	-36	0.0	2	8.4	144
11/05/2025	18:44:03	40.53897	141.55812	28	0.0	3	3.0	165
11/05/2025	18:45:02	40.53897	141.55809	26	0.0	3	3.0	174
11/05/2025	18:46:02	40.53911	141.55807	-0	0.0	2	7.2	186
11/05/2025	18:47:03	40.53925	141.55780	-8	0.0	3	3.0	167
11/05/2025	18:48:02	40.53914	141.55781	6	0.0	2	6.3	163
11/05/2025	18:49:02	40.53899	141.55805	20	0.0	3	3.0	189
11/05/2025	18:50:03	40.53904	141.55799	12	0.0	2	6.0	178
11/05/2025	18:51:02	40.53891	141.55819	36	0.0	2	5.4	166
11/05/2025	18:52:02	40.53911	141.55790	-0	0.0	2	5.3	183
11/05/2025	18:53:02	40.53913	141.55792	2	0.0	2	5.2	166
11/05/2025	18:54:02	40.53927	141.55754	-2	0.0	2	5.1	143
11/05/2025	18:55:03	40.53890	141.55831	20	0.0	2	5.0	188
11/05/2025	18:56:03	40.53912	141.55778	8	0.0	2	4.4	189
11/05/2025	18:57:03	40.53877	141.55826	46	0.0	2	4.3	182
11/05/2025	18:58:03	40.53914	141.55786	2	0.0	3	3.1	162
11/05/2025	18:59:03	40.53906	141.55791	16	0.0	2	4.2	178
11/05/2025	19:00:04	40.53908	141.55770	14	0.0	3	3.1	175
11/05/2025	19:01:04	40.53894	141.55836	8	0.0	3	3.1	173
11/05/2025	19:02:05	40.53918	141.55787	-4	3.7	3	3.1	166
11/05/2025	19:03:05	40.53923	141.55753	-0	0.0	3	3.1	152
11/05/2025	19:04:32	40.53907	141.55798	12	0.0	3	1.4	150
11/05/2025	19:05:02	40.53916	141.55797	-4	0.0	2	4.0	166
11/05/2025	19:06:03	40.53877	141.55786	66	0.0	2	4.0	156
11/05/2025	19:07:02	40.53922	141.55808	-12	0.0	2	4.0	125
11/05/2025	19:08:03	40.53888	141.55787	40	0.0	2	4.0	164
11/05/2025	19:09:02	40.53921	141.55808	-6	0.0	2	4.0	110
11/05/2025	19:10:03	40.53911	141.55801	-0	0.0	2	4.1	192
11/05/2025	19:11:03	40.53907	141.55790	18	0.0	2	4.1	135
11/05/2025	19:12:03	40.53891	141.55806	24	0.0	2	4.1	148
11/05/2025	19:13:02	40.53914	141.55806	10	0.0	2	4.1	140
11/05/2025	19:14:02	40.53902	141.55792	18	0.0	2	4.1	139
11/05/2025	19:15:02	40.53895	141.55787	22	0.0	2	4.1	133
11/05/2025	19:16:03	40.53919	141.55810	-12	0.0	2	4.1	173
11/05/2025	19:17:02	40.53949	141.55844	126	0.0	2	5.0	159
11/05/2025	19:18:05	40.53941	141.55857	134	11.1	2	5.0	155
11/05/2025	19:24:32	40.53906	141.55797	4	0.0	5	1.4	175
11/05/2025	19:25:02	40.53879	141.55776	18	0.0	2	5.3	115
11/05/2025	19:26:03	40.53918	141.55809	-10	0.0	2	5.3	116
11/05/2025	19:27:03	40.53933	141.55826	6	0.0	2	5.3	157
11/05/2025	19:28:02	40.53891	141.55782	16	0.0	2	5.4	111
11/05/2025	19:29:02	40.53898	141.55790	-2	0.0	2	5.4	157
11/05/2025	19:30:02	40.53927	141.55828	28	0.0	2	5.4	143
11/05/2025	19:31:03	40.53927	141.55817	38	0.0	2	5.4	139
11/05/2025	19:32:03	40.53895	141.55777	-46	0.0	2	6.0	139
11/05/2025	19:33:03	40.53917	141.55779	-68	0.0	2	6.0	156
11/05/2025	19:34:08	40.53929	141.55828	12	0.0	2	6.0	166
11/05/2025	19:35:03	40.53916	141.55784	-28	0.0	2	6.0	115
11/05/2025	19:36:02	40.53932	141.55825	58	0.0	2	6.1	141
11/05/2025	19:37:03	40.53918	141.55799	12	0.0	2	6.1	188
11/05/2025	19:38:02	40.53919	141.55797	-6	3.7	2	6.1	139
11/05/2025	19:39:02	40.53918	141.55802	8	0.0	2	6.1	157
11/05/2025	19:40:04	40.53868	141.55788	52	3.7	2	6.1	169
11/05/2025	19:41:03	40.53924	141.55827	36	0.0	2	6.1	158
11/05/2025	19:42:04	40.53895	141.55795	2	3.7	2	6.2	156
11/05/2025	19:43:04	40.53886	141.55797	30	3.7	2	6.2	178
11/05/2025	19:44:05	40.53873	141.55780	-16	0.0	2	6.2	128
11/05/2025	19:45:05	40.53911	141.55789	-16	3.7	2	6.2	168
11/05/2025	19:46:04	40.53902	141.55782	-16	7.4	1	10.1	134
11/05/2025	19:52:33	40.53901	141.55797	16	0.0	5	1.1	182
11/05/2025	19:53:01	40.53884	141.55792	28	0.0	2	3.1	108
11/05/2025	19:54:02	40.53910	141.55807	6	0.0	2	3.1	148
11/05/2025	19:55:02	40.53935	141.55824	-32	0.0	2	3.0	130
11/05/2025	19:56:02	40.53914	141.55822	-4	0.0	2	3.0	130
11/05/2025	19:57:02	40.53900	141.55786	0	3.7	1	8.4	126
11/05/2025	19:58:03	40.53899	141.55797	16	0.0	3	2.4	149
11/05/2025	19:59:02	40.53939	141.55821	-32	0.0	2	3.0	129
11/05/2025	20:00:02	40.53891	141.55784	14	0.0	1	9.0	149
11/05/2025	20:01:01	40.53907	141.55794	-12	3.7	2	3.0	133
11/05/2025	20:02:02	40.53865	141.55798	58	3.7	1	15.0	173
11/05/2025	20:03:03	40.53895	141.55798	36	0.0	3	2.3	153
11/05/2025	20:04:03	40.53873	141.55780	52	0.0	1	9.0	155
11/05/2025	20:05:02	40.53829	141.55732	122	0.0	1	9.0	159
11/05/2025	20:06:04	40.53936	141.55823	-40	3.7	3	2.3	167
11/05/2025	20:07:03	40.53906	141.55817	0	0.0	1	9.0	130
11/05/2025	20:08:01	40.53968	141.55860	-82	7.4	1	9.0	107
11/05/2025	20:09:11	40.53895	141.55794	20	0.0	5	1.1	160
11/05/2025	20:10:02	40.53934	141.55801	-18	3.7	1	11.1	151
11/05/2025	20:11:04	40.53929	141.55807	-18	0.0	2	4.2	138
11/05/2025	20:12:03	40.53894	141.55750	30	7.4	1	4.3	123
11/05/2025	20:13:02	40.53936	141.55808	-32	3.7	2	5.1	102
11/05/2025	20:14:03	40.53887	141.55787	30	0.0	2	4.1	125
11/05/2025	20:15:03	40.53917	141.55804	-0	0.0	2	5.0	109
11/05/2025	20:16:02	40.53900	141.55803	22	0.0	1	9.0	133
11/05/2025	20:17:02	40.53902	141.55794	28	0.0	2	5.0	136
11/05/2025	20:18:02	40.53895	141.55784	26	0.0	2	4.4	137
11/05/2025	20:19:02	40.53902	141.55807	12	0.0	2	4.4	136
11/05/2025	20:20:03	40.53888	141.55770	16	0.0	3	3.2	141
11/05/2025	20:21:02	40.53905	141.55798	14	0.0	3	2.2	145
11/05/2025	20:22:01	40.53902	141.55796	18	0.0	3	3.2	136
11/05/2025	20:23:01	40.53913	141.55784	-6	0.0	3	3.2	139
11/05/2025	20:24:01	40.53909	141.55808	16	0.0	4	2.1	140
11/05/2025	20:25:01	40.53897	141.55800	42	0.0	4	2.0	237
11/05/2025	20:26:00	40.53895	141.55793	98	0.0	3	2.2	188
11/05/2025	20:27:00	40.53903	141.55823	54	0.0	4	2.1	215
11/05/2025	20:28:01	40.53900	141.55795	28	0.0	3	2.2	205
11/05/2025	20:29:00	40.53912	141.55793	8	0.0	3	2.3	183
11/05/2025	20:30:01	40.53935	141.55885	32	33.3	5	1.2	273
11/05/2025	20:31:01	40.53967	141.55899	16	0.0	3	2.3	212
11/05/2025	20:32:00	40.53945	141.55853	-2	0.0	3	2.1	268
11/05/2025	20:33:01	40.53935	141.55852	46	0.0	3	2.1	164
11/05/2025	20:34:00	40.53951	141.55833	6	0.0	4	1.4	274
11/05/2025	20:35:00	40.53951	141.55843	-4	0.0	4	1.3	189
11/05/2025	20:36:01	40.53948	141.55845	16	0.0	5	1.2	248
11/05/2025	20:37:00	40.53948	141.55845	-4	0.0	3	1.4	247
11/05/2025	20:38:00	40.53900	141.55795	-2	0.0	4	1.4	224
11/05/2025	20:39:00	40.53905	141.55803	20	0.0	4	2.1	189
11/05/2025	20:40:01	40.53908	141.55794	-0	0.0	5	1.2	214
11/05/2025	20:41:00	40.53903	141.55797	-22	3.7	3	2.3	186
11/05/2025	20:42:00	40.53899	141.55805	14	0.0	4	2.1	251
11/05/2025	20:43:00	40.53897	141.55799	40	0.0	4	2.1	254
11/05/2025	20:44:00	40.53937	141.55789	-66	0.0	3	2.3	253
11/05/2025	20:45:00	40.53910	141.55805	-28	0.0	3	2.3	189
11/05/2025	20:46:00	40.53901	141.55810	8	0.0	3	2.3	218
11/05/2025	20:47:00	40.53873	141.55815	130	3.7	3	2.3	221
11/05/2025	20:48:01	40.53923	141.55792	-48	0.0	4	2.2	214
11/05/2025	20:49:02	40.53909	141.55799	-2	0.0	3	3.1	230
11/05/2025	20:50:01	40.53904	141.55801	10	0.0	4	2.2	234
11/05/2025	20:51:01	40.53910	141.55802	18	0.0	3	2.3	212
11/05/2025	20:52:02	40.53901	141.55799	18	0.0	4	2.2	234
11/05/2025	20:53:01	40.53900	141.55799	14	0.0	4	2.2	212
11/05/2025	20:54:00	40.53902	141.55795	20	0.0	4	2.2	162
11/05/2025	20:55:00	40.53895	141.55796	52	0.0	3	2.4	211
11/05/2025	20:56:01	40.53886	141.55810	46	0.0	4	2.2	210
11/05/2025	20:57:02	40.53917	141.55799	-8	0.0	4	2.2	240
11/05/2025	20:58:02	40.53898	141.55805	46	0.0	3	3.0	238
11/05/2025	20:59:02	40.53902	141.55802	86	0.0	2	3.3	234
11/05/2025	21:00:02	40.53924	141.55789	-40	0.0	3	7.1	250
11/05/2025	21:01:02	40.53908	141.55797	-38	0.0	2	3.3	257
11/05/2025	21:02:02	40.53901	141.55802	6	0.0	3	7.2	264
11/05/2025	21:03:02	40.53907	141.55802	-24	0.0	3	7.2	249
11/05/2025	21:04:02	40.53924	141.55781	-80	0.0	3	7.2	246
11/05/2025	21:05:03	40.53885	141.55815	52	0.0	3	7.2	233
11/05/2025	21:06:01	40.53914	141.55794	-10	0.0	3	7.3	221
11/05/2025	21:07:02	40.53907	141.55804	-2	0.0	3	7.3	219
11/05/2025	21:08:02	40.53938	141.55776	-102	0.0	3	7.3	222
11/05/2025	21:09:02	40.53894	141.55809	16	0.0	3	7.3	239
11/05/2025	21:10:03	40.53862	141.55842	170	0.0	3	7.4	236
11/05/2025	21:11:03	40.53947	141.55763	-124	0.0	3	7.4	216
11/05/2025	21:12:02	40.53924	141.55796	-28	0.0	3	8.0	232
11/05/2025	21:13:02	40.53923	141.55805	-22	0.0	3	8.0	235
11/05/2025	21:14:02	40.53876	141.55829	116	0.0	3	8.1	189
11/05/2025	21:15:02	40.53894	141.55814	56	0.0	3	8.1	240
11/05/2025	21:16:03	40.53907	141.55797	-2	0.0	3	8.2	217
11/05/2025	21:17:02	40.53900	141.55803	42	0.0	3	8.2	214
11/05/2025	21:18:02	40.53856	141.55836	176	0.0	3	8.3	218
11/05/2025	21:19:02	40.53897	141.55806	58	0.0	3	8.4	215
11/05/2025	21:20:01	40.53877	141.55817	62	0.0	3	3.3	184
11/05/2025	21:21:02	40.53892	141.55806	32	0.0	4	3.0	183
11/05/2025	21:22:02	40.53989	141.55740	-226	0.0	3	9.1	212
11/05/2025	21:23:04	40.53895	141.55809	16	0.0	3	9.2	204
11/05/2025	21:24:02	40.53920	141.55800	-28	0.0	3	9.3	223
11/05/2025	21:25:03	40.53898	141.55811	20	0.0	3	9.4	201
11/05/2025	21:26:03	40.53911	141.55808	4	0.0	3	10.0	181
11/05/2025	21:27:04	40.53925	141.55804	-22	0.0	3	10.1	227
11/05/2025	21:28:05	40.53953	141.55756	-122	0.0	3	10.2	204
11/05/2025	21:29:04	40.53913	141.55781	-36	0.0	3	10.4	227
11/05/2025	21:30:02	40.53897	141.55810	28	29.6	3	11.0	209
11/05/2025	21:31:33	40.53911	141.55798	-0	0.0	5	1.4	228
11/05/2025	21:32:01	40.53909	141.55798	-0	0.0	5	1.4	181
11/05/2025	21:33:00	40.53912	141.55808	-4	0.0	4	2.1	185
11/05/2025	21:34:00	40.53894	141.55796	32	0.0	5	1.4	186
11/05/2025	21:35:00	40.53904	141.55796	6	0.0	3	2.2	182
11/05/2025	21:36:01	40.53906	141.55800	2	0.0	5	1.4	237
11/05/2025	21:37:02	40.53902	141.55802	24	0.0	3	4.4	195
11/05/2025	21:38:01	40.53876	141.55813	70	0.0	3	4.3	159
11/05/2025	21:39:01	40.53911	141.55790	-4	0.0	3	5.0	224
11/05/2025	21:40:01	40.53874	141.55800	42	0.0	3	6.4	125
11/05/2025	21:41:04	40.53946	141.55771	-92	0.0	3	4.2	194
11/05/2025	21:42:02	40.53910	141.55778	-42	0.0	2	8.1	172
11/05/2025	21:43:03	40.53864	141.55849	172	0.0	2	7.3	172
11/05/2025	21:44:01	40.53882	141.55802	62	0.0	4	2.1	161
11/05/2025	21:45:02	40.53949	141.55804	-36	0.0	3	5.3	225
11/05/2025	21:46:01	40.53864	141.55800	58	0.0	2	11.4	98
11/05/2025	21:47:01	40.53898	141.55800	24	0.0	3	5.3	153
11/05/2025	21:48:03	40.53893	141.55797	62	0.0	2	3.4	171
11/05/2025	21:49:02	40.53930	141.55796	-22	0.0	3	5.4	255
11/05/2025	21:50:02	40.53916	141.55804	-14	0.0	3	2.2	234
11/05/2025	21:51:02	40.53953	141.55764	-82	0.0	3	3.4	198
11/05/2025	21:52:03	40.53898	141.55805	16	0.0	3	3.3	233
11/05/2025	21:53:02	40.53887	141.55814	72	0.0	3	3.3	190
11/05/2025	21:54:01	40.53910	141.55797	4	0.0	3	2.1	155
11/05/2025	21:55:01	40.53889	141.55795	34	0.0	4	2.1	151
11/05/2025	21:56:01	40.53908	141.55794	6	0.0	3	2.1	183
11/05/2025	21:57:01	40.53899	141.55808	18	0.0	4	2.1	154
11/05/2025	21:58:02	40.53933	141.55784	-76	0.0	2	6.4	207
11/05/2025	21:59:02	40.53913	141.55777	-16	0.0	3	2.1	209
11/05/2025	22:00:01	40.53881	141.55810	88	0.0	3	2.1	209
11/05/2025	22:01:02	40.53878	141.55834	108	0.0	2	8.3	225
11/05/2025	22:02:01	40.53908	141.55791	-0	0.0	3	2.1	123
11/05/2025	22:03:02	40.53901	141.55801	36	0.0	3	2.1	232
11/05/2025	22:04:01	40.53897	141.55792	30	0.0	3	2.1	181
11/05/2025	22:05:01	40.53897	141.55801	22	0.0	4	2.1	184
11/05/2025	22:06:01	40.53926	141.55796	-36	0.0	3	2.1	185
11/05/2025	22:07:11	40.53932	141.55797	-26	0.0	3	4.4	166
11/05/2025	22:08:03	40.53893	141.55809	40	3.7	3	2.1	175
11/05/2025	22:09:04	40.53934	141.55799	-30	0.0	3	5.0	158
11/05/2025	22:10:06	40.53942	141.55798	-42	0.0	3	5.0	168
11/05/2025	22:11:10	40.53907	141.55802	14	0.0	3	2.1	137
11/05/2025	22:12:05	40.53912	141.55800	12	0.0	3	5.1	167
11/05/2025	22:13:05	40.53894	141.55808	34	11.1	3	5.1	163
11/05/2025	22:14:05	40.53896	141.55802	24	3.7	4	4.2	145
11/05/2025	22:15:03	40.53937	141.55781	-38	3.7	4	4.2	144
11/05/2025	22:16:09	40.53933	141.55800	-46	0.0	3	4.3	131
11/05/2025	22:17:10	40.53905	141.55800	22	0.0	3	2.1	115
11/05/2025	22:18:05	40.53948	141.55801	-50	3.7	3	4.3	102
11/05/2025	22:19:05	40.53897	141.55800	10	3.7	3	4.2	104
11/05/2025	22:20:05	40.53887	141.55804	28	0.0	3	4.2	126
11/05/2025	22:21:05	40.53892	141.55798	18	0.0	3	4.2	102
11/05/2025	22:22:05	40.53919	141.55798	-40	0.0	3	4.1	125
11/05/2025	22:23:15	40.53903	141.55801	16	0.0	3	2.0	141
11/05/2025	22:24:03	40.53950	141.55789	-94	0.0	3	10.4	128
11/05/2025	22:25:05	40.53916	141.55800	2	0.0	3	10.0	122
11/05/2025	22:26:04	40.53862	141.55800	96	0.0	3	9.3	103
11/05/2025	22:27:04	40.53909	141.55799	0	0.0	3	9.1	126
11/05/2025	22:28:04	40.53936	141.55791	-38	0.0	3	8.3	108
11/05/2025	22:29:04	40.53891	141.55793	24	0.0	3	8.2	170
11/05/2025	22:30:05	40.53864	141.55809	94	11.1	3	8.0	143
11/05/2025	22:31:04	40.54009	141.55787	-180	7.4	3	7.3	150
11/05/2025	22:32:05	40.53890	141.55801	28	0.0	3	2.1	144
11/05/2025	22:33:05	40.53902	141.55793	22	3.7	3	2.1	147
11/05/2025	22:34:04	40.53914	141.55788	4	0.0	2	2.2	168
11/05/2025	22:35:04	40.53914	141.55793	-14	0.0	2	2.2	174
11/05/2025	22:36:04	40.53905	141.55794	4	0.0	2	2.2	172
11/05/2025	22:37:04	40.53961	141.55781	-94	3.7	3	6.1	177
11/05/2025	22:38:04	40.53909	141.55792	-26	0.0	3	6.0	192
11/05/2025	22:39:05	40.53905	141.55811	32	0.0	3	5.4	181
11/05/2025	22:40:04	40.53900	141.55799	26	0.0	3	2.0	178
11/05/2025	22:41:04	40.53883	141.55805	46	3.7	3	5.3	182
11/05/2025	22:42:04	40.53914	141.55803	2	0.0	3	2.0	181
11/05/2025	22:43:02	40.53876	141.55802	76	0.0	3	5.2	162
11/05/2025	22:44:03	40.53897	141.55796	34	0.0	3	5.1	183
11/05/2025	22:45:03	40.53938	141.55789	-62	0.0	3	5.0	182
11/05/2025	22:46:03	40.53874	141.55814	92	0.0	3	5.0	158
11/05/2025	22:47:03	40.53885	141.55793	42	0.0	3	4.4	164
11/05/2025	22:48:03	40.53929	141.55791	-34	0.0	3	4.4	162
11/05/2025	22:49:02	40.53877	141.55804	66	0.0	3	4.3	167
11/05/2025	22:50:03	40.53932	141.55790	-20	0.0	3	4.3	165
11/05/2025	22:51:03	40.53920	141.55794	-38	0.0	3	2.1	164
11/05/2025	22:52:03	40.53914	141.55793	-6	0.0	3	2.1	158
11/05/2025	22:53:02	40.53909	141.55814	18	0.0	3	4.2	114
11/05/2025	22:54:03	40.53890	141.55812	50	0.0	3	4.2	165
11/05/2025	22:55:03	40.53908	141.55793	-0	0.0	3	2.1	160
11/05/2025	22:56:04	40.53910	141.55809	32	0.0	3	2.1	132
11/05/2025	22:57:04	40.53909	141.55799	-8	0.0	3	2.1	128
11/05/2025	22:58:04	40.53901	141.55800	10	0.0	3	2.1	150
11/05/2025	22:59:01	40.53900	141.55796	10	0.0	3	2.1	109
11/05/2025	23:00:04	40.53912	141.55792	-6	0.0	3	4.0	170
11/05/2025	23:01:04	40.53905	141.55797	-2	0.0	3	4.0	155
11/05/2025	23:02:04	40.53907	141.55810	28	0.0	3	4.0	158
11/05/2025	23:03:03	40.53904	141.55800	32	0.0	3	4.0	158
11/05/2025	23:04:03	40.53894	141.55800	26	0.0	3	3.4	158
11/05/2025	23:05:04	40.53905	141.55787	-18	0.0	3	3.4	136
11/05/2025	23:06:04	40.53896	141.55810	56	0.0	3	3.4	156
11/05/2025	23:07:06	40.53887	141.55797	52	3.7	3	3.4	150
11/05/2025	23:08:04	40.53917	141.55803	-2	0.0	3	3.4	157
11/05/2025	23:09:05	40.53943	141.55819	-34	3.7	3	3.4	134
11/05/2025	23:10:04	40.53904	141.55793	20	0.0	3	3.4	173
11/05/2025	23:11:04	40.53909	141.55796	-10	0.0	3	3.3	179
11/05/2025	23:12:04	40.53900	141.55804	20	0.0	3	3.3	178
11/05/2025	23:13:04	40.53908	141.55800	-14	0.0	3	3.3	178
11/05/2025	23:14:04	40.53896	141.55794	6	0.0	3	3.3	182
11/05/2025	23:15:05	40.53905	141.55796	18	0.0	3	3.3	180
11/05/2025	23:16:02	40.53922	141.55788	-34	0.0	3	3.3	183
11/05/2025	23:17:04	40.53884	141.55824	94	0.0	3	3.3	203
11/05/2025	23:18:04	40.53905	141.55787	0	0.0	3	3.3	182
11/05/2025	23:19:03	40.53911	141.55811	26	0.0	3	3.3	209
11/05/2025	23:20:07	40.53923	141.55785	-56	0.0	3	3.3	199
11/05/2025	23:21:04	40.53909	141.55792	-10	0.0	3	3.3	201
11/05/2025	23:22:04	40.53927	141.55796	-12	0.0	3	3.3	201
11/05/2025	23:23:04	40.53880	141.55782	50	0.0	3	3.3	177
11/05/2025	23:24:04	40.53905	141.55780	-8	3.7	3	3.3	174
11/05/2025	23:25:05	40.53923	141.55791	-42	0.0	3	3.3	166
11/05/2025	23:26:42	40.53906	141.55805	18	0.0	4	2.3	207
11/05/2025	23:27:03	40.53930	141.55710	-194	0.0	2	11.0	151
11/05/2025	23:28:03	40.53905	141.55782	-58	0.0	2	11.2	152
11/05/2025	23:34:38	40.53903	141.55809	24	0.0	4	2.3	148
11/05/2025	23:35:13	40.53896	141.55833	66	0.0	3	8.3	140
11/05/2025	23:36:22	40.53897	141.55848	96	0.0	3	8.4	139
11/05/2025	23:37:22	40.53897	141.55841	82	0.0	3	9.0	132
11/05/2025	23:38:18	40.53900	141.55821	44	0.0	3	9.1	147
11/05/2025	23:39:08	40.53891	141.55856	106	0.0	3	9.1	155
11/05/2025	23:46:45	40.53897	141.55845	76	0.0	3	10.2	189
11/05/2025	23:47:04	40.53877	141.55894	154	0.0	3	10.2	174
11/05/2025	23:48:05	40.53902	141.55814	34	0.0	3	10.3	173
11/05/2025	23:49:04	40.53916	141.55772	-34	0.0	3	10.4	180
11/05/2025	23:50:04	40.53884	141.55901	160	0.0	3	11.0	182
11/05/2025	23:51:03	40.53893	141.55859	94	0.0	3	11.1	183
11/05/2025	23:52:03	40.53879	141.55925	198	0.0	3	11.1	184
11/05/2025	23:53:02	40.53880	141.55924	196	3.7	3	11.2	185
11/05/2025	23:54:04	40.53802	141.56152	530	0.0	3	11.3	163
11/05/2025	23:55:04	40.53910	141.55795	6	3.7	3	11.4	189
11/05/2025	23:56:02	40.53922	141.55750	-64	3.7	3	12.0	184
11/05/2025	23:57:04	40.53894	141.55883	122	0.0	3	12.2	185
11/05/2025	23:58:04	40.53893	141.55866	94	0.0	3	12.3	188
11/05/2025	23:59:05	40.53912	141.55767	-22	0.0	3	12.4	191
12/05/2025	00:00:33	40.53908	141.55802	8	0.0	3	10.2	181
12/05/2025	00:01:02	40.53879	141.55849	74	3.7	3	10.3	183
12/05/2025	00:02:03	40.53873	141.55905	144	0.0	3	10.4	189
12/05/2025	00:03:03	40.53905	141.55825	34	0.0	3	11.1	166
12/05/2025	00:04:03	40.53896	141.55838	58	3.7	3	11.3	183
12/05/2025	00:05:03	40.53902	141.55801	0	0.0	3	11.4	184
12/05/2025	00:06:04	40.53862	141.55940	170	7.4	3	12.1	177
12/05/2025	00:07:05	40.53869	141.55929	174	0.0	3	12.3	198
12/05/2025	00:08:06	40.53898	141.55818	34	0.0	3	13.0	197
12/05/2025	00:09:05	40.53882	141.55888	110	0.0	3	13.2	193
12/05/2025	00:10:17	40.53884	141.55890	104	0.0	3	13.4	185
12/05/2025	00:11:08	40.53887	141.55870	108	0.0	3	14.0	186
12/05/2025	00:12:32	40.53905	141.55803	12	0.0	5	1.3	191
12/05/2025	00:13:02	40.53902	141.55795	60	0.0	2	4.3	153
12/05/2025	00:14:03	40.53913	141.55792	14	0.0	3	4.0	174
12/05/2025	00:15:01	40.53918	141.55765	60	0.0	2	4.3	153
12/05/2025	00:16:01	40.53887	141.55840	-60	0.0	2	5.1	132
12/05/2025	00:17:01	40.53914	141.55776	18	0.0	3	4.0	174
12/05/2025	00:18:01	40.53908	141.55844	-60	0.0	2	5.3	158
12/05/2025	00:19:02	40.53900	141.55808	18	0.0	2	6.4	154
12/05/2025	00:20:02	40.53906	141.55786	14	0.0	1	9.1	149
12/05/2025	00:21:02	40.53897	141.55788	20	0.0	2	6.4	172
12/05/2025	00:22:02	40.53911	141.55762	36	0.0	1	9.2	156
12/05/2025	00:23:02	40.53898	141.55814	6	0.0	2	6.3	151
12/05/2025	00:24:02	40.53918	141.55791	14	0.0	3	4.2	173
12/05/2025	00:25:03	40.53890	141.55809	0	0.0	3	4.3	152
12/05/2025	00:26:03	40.53894	141.55832	-28	0.0	2	7.1	155
12/05/2025	00:27:01	40.53911	141.55817	-114	0.0	1	9.3	132
12/05/2025	00:28:04	40.53907	141.55794	16	0.0	4	2.0	172
12/05/2025	00:29:01	40.53938	141.55702	94	0.0	1	9.3	56
12/05/2025	00:30:01	40.53898	141.55824	78	0.0	1	9.4	131
12/05/2025	00:31:02	40.53884	141.55825	24	0.0	1	9.4	155
12/05/2025	00:32:02	40.53887	141.55815	36	0.0	1	9.4	154
12/05/2025	00:33:02	40.53912	141.55812	24	0.0	1	10.0	133
12/05/2025	00:34:03	40.53877	141.55829	-10	0.0	1	10.0	133
12/05/2025	00:35:02	40.53916	141.55790	12	0.0	2	9.2	155
12/05/2025	00:36:02	40.53918	141.55767	26	0.0	1	10.1	134
12/05/2025	00:37:03	40.53911	141.55808	56	0.0	1	10.1	134
12/05/2025	00:38:02	40.53905	141.55814	86	0.0	1	10.1	110
12/05/2025	00:39:03	40.53910	141.55796	64	0.0	1	10.2	108
12/05/2025	00:40:03	40.53874	141.55842	28	0.0	1	10.2	110
12/05/2025	00:46:25	40.53904	141.55802	10	0.0	4	3.0	274
12/05/2025	00:47:02	40.53912	141.55796	-4	0.0	4	3.0	273
12/05/2025	00:48:02	40.53892	141.55810	14	0.0	4	3.0	282
12/05/2025	00:49:01	40.53892	141.55818	10	0.0	4	3.0	271
12/05/2025	00:50:02	40.53892	141.55803	8	0.0	4	3.0	267
12/05/2025	00:51:02	40.53902	141.55801	10	0.0	4	3.0	266
12/05/2025	00:52:02	40.53890	141.55807	14	0.0	4	3.0	270
12/05/2025	00:53:02	40.53898	141.55809	2	0.0	4	3.0	277
12/05/2025	00:54:02	40.53912	141.55795	-0	0.0	4	3.0	258
12/05/2025	00:55:02	40.53903	141.55796	14	0.0	4	3.0	261
12/05/2025	00:56:01	40.53904	141.55794	24	0.0	4	3.0	261
12/05/2025	00:57:02	40.53908	141.55793	2	0.0	4	3.0	256
12/05/2025	00:58:01	40.53915	141.55795	18	0.0	4	3.0	263
12/05/2025	00:59:01	40.53904	141.55807	0	0.0	4	3.0	263
12/05/2025	01:00:01	40.53906	141.55802	12	0.0	3	3.4	266
12/05/2025	01:01:01	40.53897	141.55810	2	0.0	3	3.4	230
12/05/2025	01:02:01	40.53914	141.55787	22	0.0	3	3.4	233
12/05/2025	01:03:01	40.53886	141.55821	28	0.0	3	3.3	230
12/05/2025	01:04:01	40.53901	141.55801	34	0.0	3	3.3	229
12/05/2025	01:05:01	40.53907	141.55803	4	0.0	3	3.3	230
12/05/2025	01:06:01	40.53907	141.55786	-38	0.0	2	6.4	233
12/05/2025	01:07:01	40.53886	141.55815	28	0.0	4	3.0	239
12/05/2025	01:08:01	40.53902	141.55805	-12	0.0	2	7.1	268
12/05/2025	01:09:01	40.53907	141.55794	10	0.0	4	2.4	234
12/05/2025	01:10:01	40.53913	141.55798	18	0.0	3	3.2	275
12/05/2025	01:11:01	40.53887	141.55831	46	0.0	3	4.2	205
12/05/2025	01:12:01	40.53905	141.55822	54	0.0	2	8.3	255
12/05/2025	01:13:03	40.53897	141.55807	8	0.0	4	2.4	257
12/05/2025	01:14:03	40.53902	141.55808	18	0.0	3	4.1	275
12/05/2025	01:15:02	40.53914	141.55798	10	0.0	3	4.1	241
12/05/2025	01:16:01	40.53898	141.55811	20	0.0	3	4.0	234
12/05/2025	01:17:03	40.53901	141.55786	-20	0.0	3	4.0	278
12/05/2025	01:18:03	40.53895	141.55803	8	0.0	3	4.0	250
12/05/2025	01:19:03	40.53910	141.55803	12	0.0	3	4.0	261
12/05/2025	01:20:03	40.53897	141.55815	28	0.0	3	4.0	254
12/05/2025	01:21:02	40.53904	141.55799	2	0.0	3	3.4	258
12/05/2025	01:22:02	40.53910	141.55811	18	0.0	3	3.4	254
12/05/2025	01:23:02	40.53900	141.55800	0	0.0	3	3.4	260
12/05/2025	01:24:02	40.53901	141.55795	4	0.0	3	3.4	235
12/05/2025	01:25:02	40.53905	141.55795	-2	0.0	3	3.4	242
12/05/2025	01:26:02	40.53912	141.55808	22	0.0	3	3.4	236
12/05/2025	01:27:06	40.53909	141.55784	-32	0.0	3	3.4	248
12/05/2025	01:28:06	40.53900	141.55801	14	0.0	3	3.3	250
12/05/2025	01:29:05	40.53907	141.55796	2	0.0	3	3.3	255
12/05/2025	01:30:04	40.53902	141.55799	4	0.0	3	3.3	250
12/05/2025	01:31:05	40.53900	141.55797	0	0.0	3	3.3	251
12/05/2025	01:32:03	40.53906	141.55791	-4	0.0	3	3.3	265
12/05/2025	01:33:02	40.53896	141.55812	26	0.0	3	3.3	223
12/05/2025	01:34:03	40.53904	141.55805	8	0.0	3	3.3	248
12/05/2025	01:35:05	40.53905	141.55801	14	0.0	3	3.2	239
12/05/2025	01:36:03	40.53901	141.55813	32	0.0	3	3.2	225
12/05/2025	01:37:01	40.53905	141.55785	-6	0.0	3	3.2	211
12/05/2025	01:38:01	40.53901	141.55787	-4	0.0	3	3.2	238
12/05/2025	01:39:03	40.53907	141.55793	-8	0.0	3	3.2	266
12/05/2025	01:40:03	40.53908	141.55791	-10	0.0	3	3.2	264
12/05/2025	01:41:01	40.53904	141.55803	20	0.0	3	3.2	265
12/05/2025	01:42:02	40.53905	141.55793	2	0.0	3	3.2	269
12/05/2025	01:43:04	40.53902	141.55793	-12	0.0	3	3.2	266
12/05/2025	01:44:04	40.53902	141.55787	-12	0.0	3	3.2	262
12/05/2025	01:45:07	40.53909	141.55773	-38	0.0	3	3.2	255
12/05/2025	01:46:32	40.53905	141.55794	-4	0.0	3	1.4	224
12/05/2025	01:47:02	40.53895	141.55793	-22	0.0	3	1.4	241
12/05/2025	01:48:02	40.53917	141.55802	-2	0.0	2	4.0	213
12/05/2025	01:49:01	40.53899	141.55788	18	0.0	3	1.4	245
12/05/2025	01:50:01	40.53912	141.55793	12	0.0	4	1.4	243
12/05/2025	01:51:01	40.53904	141.55798	-14	0.0	3	2.3	238
12/05/2025	01:52:01	40.53902	141.55797	-0	0.0	4	1.4	247
12/05/2025	01:53:00	40.53899	141.55803	-0	0.0	3	1.4	216
12/05/2025	01:54:00	40.53898	141.55792	-14	0.0	4	1.4	255
12/05/2025	01:55:00	40.53915	141.55801	20	3.7	3	2.2	249
12/05/2025	01:56:00	40.53903	141.55804	-4	0.0	4	1.4	246
12/05/2025	01:57:01	40.53906	141.55804	4	0.0	4	1.4	251
12/05/2025	01:58:01	40.53905	141.55793	-6	0.0	4	2.0	256
12/05/2025	01:59:00	40.53892	141.55748	-28	0.0	3	2.3	246
12/05/2025	02:00:00	40.53906	141.55805	2	0.0	4	2.1	251
12/05/2025	02:01:00	40.53897	141.55788	-16	0.0	4	2.1	274
12/05/2025	02:02:00	40.53901	141.55792	-20	0.0	3	2.4	219
12/05/2025	02:03:01	40.53911	141.55808	12	0.0	4	2.1	252
12/05/2025	02:04:01	40.53908	141.55800	2	0.0	4	2.1	253
12/05/2025	02:05:00	40.53916	141.55809	0	0.0	4	2.0	249
12/05/2025	02:06:00	40.53908	141.55800	12	0.0	4	2.0	249
12/05/2025	02:07:00	40.53907	141.55794	-8	0.0	4	2.0	258
12/05/2025	02:08:00	40.53931	141.55811	8	0.0	4	2.0	226
12/05/2025	02:09:00	40.53919	141.55804	4	0.0	4	2.0	224
12/05/2025	02:10:00	40.53914	141.55770	-12	0.0	3	2.2	224
12/05/2025	02:11:01	40.53916	141.55809	14	0.0	4	2.0	268
12/05/2025	02:12:01	40.53909	141.55802	0	0.0	4	2.0	266
12/05/2025	02:13:01	40.53902	141.55801	-8	0.0	4	1.4	231
12/05/2025	02:14:03	40.53908	141.55804	4	0.0	4	1.4	265
12/05/2025	02:15:00	40.53914	141.55806	4	0.0	4	1.4	256
12/05/2025	02:16:01	40.53909	141.55795	-10	0.0	4	1.4	240
12/05/2025	02:17:02	40.53908	141.55801	-4	0.0	4	1.4	244
12/05/2025	02:18:02	40.53902	141.55798	4	0.0	3	5.1	239
12/05/2025	02:19:02	40.53897	141.55751	-22	0.0	3	5.1	239
12/05/2025	02:20:02	40.53908	141.55806	0	0.0	4	1.4	244
12/05/2025	02:21:01	40.53888	141.55799	30	0.0	3	2.3	242
12/05/2025	02:22:04	40.53894	141.55796	16	0.0	3	2.3	238
12/05/2025	02:23:03	40.53912	141.55803	-6	0.0	3	2.3	220
12/05/2025	02:24:01	40.53908	141.55797	0	0.0	4	1.3	217
12/05/2025	02:25:01	40.53910	141.55795	-0	0.0	4	1.3	248
12/05/2025	02:26:00	40.53918	141.55796	22	0.0	4	1.3	253
12/05/2025	02:27:02	40.53881	141.55815	32	0.0	2	3.3	211
12/05/2025	02:28:02	40.53902	141.55784	-32	0.0	3	1.4	219
12/05/2025	02:29:02	40.53792	141.55899	-52	0.0	3	12.4	262
12/05/2025	02:30:02	40.53889	141.55839	-8	25.9	4	1.3	254
12/05/2025	02:31:03	40.53916	141.55808	4	0.0	3	1.4	243
12/05/2025	02:32:01	40.53921	141.55801	-8	0.0	3	1.4	216
12/05/2025	02:33:02	40.53908	141.55799	4	0.0	4	1.3	240
12/05/2025	02:34:02	40.53904	141.55802	6	0.0	2	3.0	210
12/05/2025	02:35:04	40.53898	141.55790	-6	0.0	3	1.4	230
12/05/2025	02:36:04	40.53914	141.55801	6	0.0	3	1.4	213
12/05/2025	02:37:04	40.53912	141.55803	0	0.0	3	1.4	229
12/05/2025	02:38:03	40.53911	141.55800	-0	0.0	3	1.3	230
12/05/2025	02:39:02	40.53903	141.55800	-6	0.0	4	1.3	280
12/05/2025	02:40:04	40.53912	141.55802	6	0.0	3	2.3	245
12/05/2025	02:41:12	40.53904	141.55805	6	0.0	3	2.3	244
12/05/2025	02:42:09	40.53898	141.55802	4	0.0	3	2.3	257
12/05/2025	02:43:03	40.53903	141.55803	22	0.0	3	2.3	247
12/05/2025	02:44:04	40.53895	141.55802	2	0.0	3	2.3	264
12/05/2025	02:45:05	40.53922	141.55802	4	0.0	3	2.3	258
12/05/2025	02:46:04	40.53921	141.55799	2	0.0	3	2.3	261
12/05/2025	02:47:10	40.53905	141.55798	-2	0.0	3	2.3	254
12/05/2025	02:48:09	40.53906	141.55800	4	3.7	3	2.3	251
12/05/2025	02:49:04	40.53888	141.55805	6	0.0	3	2.4	254
12/05/2025	02:50:04	40.53914	141.55800	0	3.7	3	2.4	212
12/05/2025	02:51:08	40.53902	141.55794	-6	0.0	3	2.4	229
12/05/2025	02:52:04	40.53894	141.55803	4	0.0	3	2.4	215
12/05/2025	02:53:02	40.53926	141.55797	8	0.0	3	2.4	226
12/05/2025	02:54:05	40.53904	141.55799	-2	0.0	3	2.4	232
12/05/2025	02:55:04	40.53918	141.55799	-12	0.0	3	2.4	259
12/05/2025	02:56:03	40.53926	141.55794	-26	0.0	3	3.0	264
12/05/2025	02:57:04	40.53896	141.55807	10	0.0	3	3.0	264
12/05/2025	02:58:02	40.53928	141.55786	-48	0.0	3	3.0	267
12/05/2025	02:59:02	40.53922	141.55792	-12	0.0	3	3.0	258
12/05/2025	03:00:04	40.53889	141.55814	44	0.0	3	3.0	251
12/05/2025	03:01:06	40.53906	141.55796	-4	0.0	3	3.0	243
12/05/2025	03:02:02	40.53912	141.55801	10	0.0	3	3.1	256
12/05/2025	03:03:04	40.53899	141.55807	16	0.0	3	3.1	252
12/05/2025	03:04:05	40.53887	141.55816	32	0.0	3	3.1	244
12/05/2025	03:05:05	40.53891	141.55813	30	0.0	3	3.1	247
12/05/2025	03:06:04	40.53918	141.55801	2	0.0	3	3.1	246
12/05/2025	03:07:05	40.53948	141.55783	-28	0.0	3	3.1	246
12/05/2025	03:08:32	40.53908	141.55801	4	0.0	6	1.0	247
12/05/2025	03:09:02	40.53917	141.55797	6	0.0	6	1.0	230
12/05/2025	03:10:01	40.53908	141.55809	-6	0.0	3	2.3	205
12/05/2025	03:11:01	40.53904	141.55805	12	0.0	5	1.2	227
12/05/2025	03:12:00	40.53907	141.55776	48	0.0	3	2.3	235
12/05/2025	03:13:01	40.53902	141.55798	12	0.0	6	1.1	251
12/05/2025	03:14:01	40.53919	141.55790	8	0.0	3	1.4	201
12/05/2025	03:15:01	40.53907	141.55804	6	0.0	6	1.0	203
12/05/2025	03:16:01	40.53911	141.55803	2	0.0	6	1.0	225
12/05/2025	03:17:01	40.53909	141.55803	0	0.0	6	1.0	204
12/05/2025	03:18:01	40.53915	141.55798	12	0.0	6	1.1	204
12/05/2025	03:19:00	40.53906	141.55804	2	0.0	4	2.0	209
12/05/2025	03:20:00	40.53891	141.55804	32	0.0	3	2.0	200
12/05/2025	03:21:00	40.53900	141.55811	22	0.0	5	1.2	204
12/05/2025	03:22:00	40.53884	141.55826	34	0.0	3	2.0	208
12/05/2025	03:23:01	40.53910	141.55804	0	0.0	6	1.0	234
12/05/2025	03:24:00	40.53889	141.55811	62	0.0	4	1.4	182
12/05/2025	03:25:00	40.53900	141.55800	12	0.0	5	1.1	205
12/05/2025	03:26:00	40.53884	141.55817	48	0.0	4	2.3	206
12/05/2025	03:27:00	40.53903	141.55803	-16	0.0	3	2.1	179
12/05/2025	03:28:00	40.53907	141.55801	12	0.0	4	1.4	228
12/05/2025	03:29:01	40.53915	141.55802	-38	0.0	3	2.1	152
12/05/2025	03:30:01	40.53900	141.55807	30	0.0	4	1.3	223
12/05/2025	03:31:00	40.53906	141.55791	32	0.0	4	2.0	179
12/05/2025	03:32:00	40.53943	141.55765	-80	3.7	3	2.3	155
12/05/2025	03:33:00	40.53915	141.55787	24	0.0	4	1.3	202
12/05/2025	03:34:00	40.53888	141.55823	22	0.0	4	2.0	202
12/05/2025	03:35:00	40.53905	141.55806	14	0.0	4	2.0	178
12/05/2025	03:36:01	40.53898	141.55804	-2	0.0	4	2.0	229
12/05/2025	03:37:01	40.53902	141.55809	18	0.0	4	2.0	172
12/05/2025	03:38:01	40.53909	141.55814	-28	0.0	3	2.2	172
12/05/2025	03:39:01	40.53904	141.55805	-8	0.0	4	1.3	221
12/05/2025	03:40:01	40.53905	141.55808	-6	0.0	4	1.3	224
12/05/2025	03:41:01	40.53905	141.55817	8	0.0	3	2.1	181
12/05/2025	03:42:01	40.53902	141.55806	14	0.0	3	2.1	203
12/05/2025	03:43:01	40.53912	141.55793	-4	0.0	5	1.1	249
12/05/2025	03:44:01	40.53908	141.55798	12	0.0	5	1.1	231
12/05/2025	03:45:00	40.53903	141.55797	22	0.0	3	2.3	229
12/05/2025	03:46:01	40.53891	141.55813	32	0.0	4	2.2	252
12/05/2025	03:47:00	40.53892	141.55817	18	0.0	4	2.2	201
12/05/2025	03:48:01	40.53903	141.55802	28	0.0	5	1.1	212
12/05/2025	03:49:01	40.53911	141.55794	-4	0.0	5	1.1	235
12/05/2025	03:50:00	40.53917	141.55787	2	0.0	3	1.3	211
12/05/2025	03:51:00	40.53921	141.55790	-16	0.0	3	2.2	260
12/05/2025	03:52:00	40.53897	141.55811	40	0.0	4	1.4	206
12/05/2025	03:53:00	40.53904	141.55801	-0	0.0	3	1.4	205
12/05/2025	03:54:00	40.53900	141.55818	26	0.0	3	2.3	212
12/05/2025	03:55:01	40.53899	141.55802	18	0.0	4	1.2	214
12/05/2025	03:56:01	40.53911	141.55790	14	0.0	4	1.4	256
12/05/2025	03:57:01	40.53901	141.55798	-2	0.0	4	1.1	254
12/05/2025	03:58:00	40.53904	141.55784	8	0.0	4	1.1	203
12/05/2025	03:59:00	40.53886	141.55821	26	0.0	3	2.1	214
12/05/2025	04:00:00	40.53905	141.55830	-0	3.7	3	2.1	245
12/05/2025	04:01:00	40.53912	141.55798	-6	0.0	3	1.4	210
12/05/2025	04:02:00	40.53900	141.55812	-14	0.0	3	1.4	211
12/05/2025	04:03:01	40.53904	141.55802	40	0.0	3	1.4	184
12/05/2025	04:04:01	40.53903	141.55805	16	0.0	4	1.4	261
12/05/2025	04:05:01	40.53875	141.55832	28	0.0	3	7.4	228
12/05/2025	04:06:02	40.53910	141.55799	-4	0.0	6	1.1	247
12/05/2025	04:07:00	40.53893	141.55813	18	0.0	5	1.4	269
12/05/2025	04:08:00	40.53913	141.55805	-46	0.0	3	2.3	273
12/05/2025	04:09:00	40.53908	141.55800	6	0.0	4	1.2	264
12/05/2025	04:10:00	40.53908	141.55808	8	0.0	4	1.2	265
12/05/2025	04:11:00	40.53907	141.55794	10	0.0	4	1.2	264
12/05/2025	04:12:01	40.53899	141.55798	-0	0.0	4	1.3	268
12/05/2025	04:13:01	40.53906	141.55802	10	0.0	5	1.2	267
12/05/2025	04:14:02	40.53904	141.55798	14	0.0	5	1.2	269
12/05/2025	04:15:00	40.53895	141.55812	16	0.0	4	1.3	267
12/05/2025	04:16:01	40.53906	141.55801	12	0.0	3	1.4	238
12/05/2025	04:17:00	40.53918	141.55787	18	0.0	3	1.3	237
12/05/2025	04:18:00	40.53897	141.55815	22	3.7	4	1.4	219
12/05/2025	04:19:01	40.53905	141.55806	8	0.0	4	1.3	263
12/05/2025	04:20:01	40.53913	141.55807	14	0.0	4	1.4	214
12/05/2025	04:21:01	40.53902	141.55816	12	0.0	4	1.2	241
12/05/2025	04:22:00	40.53909	141.55789	-18	0.0	4	1.2	233
12/05/2025	04:23:00	40.53917	141.55806	-10	0.0	3	2.0	238
12/05/2025	04:24:01	40.53909	141.55798	-6	0.0	4	1.2	215
12/05/2025	04:25:00	40.53909	141.55796	14	0.0	4	1.2	241
12/05/2025	04:26:00	40.53910	141.55792	-18	0.0	3	1.3	212
12/05/2025	04:27:00	40.53902	141.55795	12	0.0	3	2.0	239
12/05/2025	04:28:01	40.53906	141.55805	-6	0.0	4	1.2	241
12/05/2025	04:29:00	40.53912	141.55798	-48	0.0	3	1.3	238
12/05/2025	04:30:01	40.53909	141.55797	-12	0.0	3	1.3	221
12/05/2025	04:31:01	40.53905	141.55807	-0	0.0	3	1.3	174
12/05/2025	04:32:04	40.53909	141.55815	-6	0.0	2	6.1	161
12/05/2025	04:33:04	40.53943	141.55843	-50	0.0	2	8.0	178
12/05/2025	04:34:03	40.53925	141.55833	-44	0.0	2	6.4	182
12/05/2025	04:35:06	40.53877	141.55750	90	0.0	2	9.0	122
12/05/2025	04:36:05	40.53896	141.55797	24	0.0	2	7.2	158
12/05/2025	04:37:04	40.53903	141.55787	22	0.0	2	10.2	142
12/05/2025	04:38:11	40.53905	141.55801	2	0.0	3	1.3	179
12/05/2025	04:39:06	40.53920	141.55809	-28	0.0	2	12.0	161
12/05/2025	04:40:02	40.53899	141.55776	44	0.0	2	13.0	161
12/05/2025	04:41:02	40.53907	141.55802	12	0.0	2	9.0	163
12/05/2025	04:42:03	40.53910	141.55805	-16	0.0	2	15.2	163
12/05/2025	04:43:04	40.53914	141.55822	-26	3.7	2	9.4	161
12/05/2025	04:44:04	40.53925	141.55833	-44	0.0	2	10.0	163
12/05/2025	04:45:02	40.53897	141.55806	12	0.0	2	10.2	168
12/05/2025	04:46:04	40.53938	141.55849	-76	0.0	2	10.3	144
12/05/2025	04:47:04	40.53946	141.55848	-86	0.0	2	11.0	164
12/05/2025	04:48:03	40.53983	141.55889	-160	3.7	2	11.0	139
12/05/2025	04:49:07	40.53933	141.55837	-68	0.0	2	11.1	173
12/05/2025	04:50:06	40.53902	141.55791	4	0.0	2	2.3	129
12/05/2025	04:51:26	40.53893	141.55782	28	0.0	2	2.3	150
12/05/2025	04:52:12	40.53907	141.55803	-0	0.0	2	2.3	147
12/05/2025	04:53:18	40.53899	141.55791	14	0.0	3	1.4	183
12/05/2025	04:54:11	40.53869	141.55760	86	0.0	2	11.0	133
12/05/2025	04:55:12	40.53920	141.55816	-20	0.0	2	2.3	162
12/05/2025	04:56:13	40.53906	141.55795	-12	0.0	2	10.3	128
12/05/2025	04:57:10	40.53906	141.55800	-2	0.0	2	2.4	146
12/05/2025	04:58:22	40.53915	141.55810	-16	0.0	2	2.4	145
12/05/2025	04:59:09	40.53907	141.55791	-0	0.0	2	2.4	130
12/05/2025	05:00:15	40.53901	141.55760	-58	11.1	3	7.3	144
12/05/2025	05:01:08	40.53888	141.55748	-60	0.0	2	3.1	129
12/05/2025	05:02:05	40.53895	141.55747	-54	0.0	2	3.1	168
12/05/2025	05:03:10	40.53883	141.55713	-114	0.0	3	8.2	166
12/05/2025	05:04:09	40.53931	141.55878	116	0.0	3	8.4	160
12/05/2025	05:05:05	40.53939	141.55865	112	0.0	2	3.0	133
12/05/2025	05:11:43	40.53910	141.55812	18	0.0	4	5.4	171
12/05/2025	05:12:02	40.53890	141.55799	-2	0.0	3	11.3	152
12/05/2025	05:13:04	40.53917	141.55823	20	0.0	3	10.1	175
12/05/2025	05:14:04	40.53915	141.55786	-14	0.0	4	5.2	152
12/05/2025	05:15:04	40.53910	141.55780	-26	0.0	4	5.1	156
12/05/2025	05:16:04	40.53930	141.55870	104	0.0	4	4.4	173
12/05/2025	05:17:01	40.53911	141.55811	18	0.0	3	7.0	153
12/05/2025	05:18:03	40.53910	141.55809	12	0.0	3	7.1	183
12/05/2025	05:19:03	40.53906	141.55817	32	0.0	3	6.3	176
12/05/2025	05:20:04	40.53915	141.55812	46	0.0	3	6.0	170
12/05/2025	05:21:04	40.53912	141.55816	-0	0.0	4	4.1	174
12/05/2025	05:22:04	40.53918	141.55829	44	0.0	4	4.0	173
12/05/2025	05:23:03	40.53911	141.55782	-18	0.0	3	5.0	174
12/05/2025	05:24:05	40.53900	141.55770	-42	0.0	3	4.3	132
12/05/2025	05:25:03	40.53905	141.55806	16	0.0	3	4.2	133
12/05/2025	05:26:04	40.53888	141.55786	-16	0.0	3	4.1	156
12/05/2025	05:27:04	40.53910	141.55800	-4	0.0	3	4.1	155
12/05/2025	05:28:05	40.53899	141.55784	-10	0.0	3	4.0	154
12/05/2025	05:29:05	40.53897	141.55780	-44	3.7	3	3.4	151
12/05/2025	05:30:05	40.53932	141.55844	82	3.7	3	3.4	152
12/05/2025	05:31:05	40.53903	141.55800	-6	0.0	3	3.3	149
12/05/2025	05:32:04	40.53901	141.55804	20	0.0	3	3.3	156
12/05/2025	05:33:05	40.53906	141.55790	-44	3.7	3	3.3	152
12/05/2025	05:34:04	40.53889	141.55801	2	0.0	3	3.2	156
12/05/2025	05:35:06	40.53902	141.55809	6	0.0	3	3.2	154
12/05/2025	05:36:04	40.53900	141.55818	54	0.0	3	3.2	159
12/05/2025	05:37:10	40.53907	141.55803	-30	3.7	3	3.2	148
12/05/2025	05:38:04	40.53892	141.55794	-34	0.0	2	4.0	175
12/05/2025	05:39:05	40.53875	141.55788	-24	3.7	2	4.0	133
12/05/2025	05:45:42	40.53909	141.55801	-6	0.0	3	2.4	136
12/05/2025	05:46:02	40.53907	141.55804	-14	0.0	3	2.4	138
12/05/2025	05:47:02	40.53914	141.55807	-26	0.0	3	2.4	139
12/05/2025	05:48:01	40.53893	141.55830	78	0.0	3	2.4	139
12/05/2025	05:49:01	40.53915	141.55809	-18	0.0	3	2.4	113
12/05/2025	05:50:01	40.53916	141.55799	-22	0.0	3	2.4	140
12/05/2025	05:51:02	40.53928	141.55802	-30	0.0	3	3.0	137
12/05/2025	05:52:02	40.53916	141.55806	-42	0.0	3	3.0	142
12/05/2025	05:53:02	40.53891	141.55823	38	0.0	3	3.0	113
12/05/2025	05:54:02	40.53913	141.55788	12	0.0	3	3.0	138
12/05/2025	05:55:02	40.53910	141.55815	28	0.0	3	3.0	139
12/05/2025	05:56:01	40.53912	141.55806	-28	0.0	3	3.0	139
12/05/2025	05:57:02	40.53911	141.55789	-18	0.0	3	3.0	140
12/05/2025	05:58:02	40.53915	141.55804	-8	0.0	3	3.0	116
12/05/2025	05:59:02	40.53895	141.55812	74	0.0	3	3.1	139
12/05/2025	06:00:04	40.53901	141.55803	74	0.0	2	2.3	114
12/05/2025	06:01:06	40.53907	141.55805	74	0.0	2	2.4	132
12/05/2025	06:07:50	40.53906	141.55803	4	0.0	3	3.3	139
12/05/2025	06:08:01	40.53932	141.55766	8	0.0	2	4.2	113
12/05/2025	06:09:04	40.53924	141.55779	-20	7.4	3	3.3	129
12/05/2025	06:10:56	40.53902	141.55807	4	0.0	3	3.4	125
12/05/2025	06:11:02	40.53921	141.55783	-2	0.0	2	4.3	102
12/05/2025	06:12:33	40.53913	141.55794	-8	0.0	3	4.0	118
12/05/2025	06:13:06	40.53909	141.55813	-8	7.4	3	4.0	105
12/05/2025	06:14:06	40.53916	141.55801	-22	0.0	3	4.1	120
12/05/2025	06:15:08	40.53899	141.55826	12	3.7	3	4.1	126
12/05/2025	06:16:04	40.53897	141.55821	20	0.0	3	4.2	133
12/05/2025	06:17:04	40.53917	141.55801	-12	3.7	3	4.3	133
12/05/2025	06:18:03	40.53923	141.55771	-2	0.0	3	4.3	134
12/05/2025	06:19:04	40.53899	141.55794	28	0.0	3	4.4	125
12/05/2025	06:20:09	40.53918	141.55787	-0	11.1	3	5.0	124
12/05/2025	06:21:05	40.53906	141.55800	6	0.0	3	5.1	148
12/05/2025	06:22:06	40.53921	141.55789	-12	0.0	3	5.2	128
12/05/2025	06:23:06	40.53908	141.55794	8	7.4	3	5.3	133
12/05/2025	06:24:07	40.53991	141.55674	-124	11.1	3	5.4	147
12/05/2025	06:25:03	40.53914	141.55806	-10	11.1	3	6.1	140
12/05/2025	06:26:05	40.53898	141.55811	24	3.7	3	6.2	142
12/05/2025	06:28:05	40.53898	141.55814	24	0.0	3	6.2	147
12/05/2025	06:29:11	40.53908	141.55791	0	3.7	2	7.0	161
12/05/2025	06:30:33	40.53906	141.55800	4	0.0	4	1.4	183
12/05/2025	06:31:13	40.53906	141.55799	2	0.0	3	1.4	77
12/05/2025	06:32:04	40.53913	141.55804	0	0.0	2	2.0	111
12/05/2025	06:33:04	40.53906	141.55792	10	0.0	4	1.4	173
12/05/2025	06:34:05	40.53911	141.55800	-0	3.7	4	1.4	184
12/05/2025	06:35:04	40.53930	141.55767	-36	14.8	3	10.2	190
12/05/2025	06:36:04	40.53912	141.55794	-0	0.0	3	2.0	145
12/05/2025	06:37:04	40.53980	141.55685	-100	7.4	3	12.4	169
12/05/2025	06:38:05	40.53890	141.55826	42	11.1	3	14.1	164
12/05/2025	06:39:03	40.54032	141.55593	-178	18.5	3	16.1	174
12/05/2025	06:40:05	40.53914	141.55784	2	0.0	3	18.4	162
12/05/2025	06:41:05	40.53885	141.55846	40	11.1	3	22.2	169
12/05/2025	06:42:04	40.53906	141.55803	6	0.0	4	1.4	172
12/05/2025	06:43:04	40.53914	141.55796	-2	0.0	4	1.4	170
12/05/2025	06:44:04	40.53912	141.55789	2	0.0	4	1.4	178
12/05/2025	06:45:03	40.53905	141.55807	14	0.0	3	2.0	195
12/05/2025	06:46:03	40.53909	141.55787	16	0.0	4	2.0	183
12/05/2025	06:47:03	40.53903	141.55795	16	7.4	4	2.0	203
12/05/2025	06:48:03	40.53905	141.55795	8	3.7	4	2.0	204
12/05/2025	06:49:03	40.53918	141.55776	2	0.0	4	2.0	180
12/05/2025	06:50:02	40.53902	141.55803	2	0.0	3	2.0	209
12/05/2025	06:51:03	40.53911	141.55797	10	0.0	4	2.0	204
12/05/2025	06:52:02	40.53906	141.55797	16	0.0	3	2.0	207
12/05/2025	06:53:03	40.53903	141.55818	16	0.0	4	2.0	191
12/05/2025	06:54:01	40.53907	141.55809	12	0.0	2	15.4	153
12/05/2025	06:55:04	40.53923	141.55773	18	7.4	3	14.0	199
12/05/2025	06:56:03	40.53904	141.55793	12	0.0	4	2.0	204
12/05/2025	06:57:03	40.53920	141.55785	18	0.0	3	2.1	203
12/05/2025	06:58:04	40.53921	141.55775	-4	0.0	4	2.1	204
12/05/2025	06:59:02	40.53925	141.55789	-0	0.0	3	2.1	213
12/05/2025	07:00:03	40.53913	141.55793	-8	0.0	3	2.1	214
12/05/2025	07:01:03	40.53911	141.55797	-16	0.0	3	2.1	213
12/05/2025	07:02:02	40.53919	141.55789	44	0.0	2	2.4	189
12/05/2025	07:03:01	40.53916	141.55796	16	0.0	2	2.4	161
12/05/2025	07:04:03	40.53907	141.55793	-0	0.0	3	2.1	192
12/05/2025	07:05:01	40.53902	141.55767	-54	0.0	2	3.0	138
12/05/2025	07:06:02	40.53905	141.55797	0	0.0	3	2.1	187
12/05/2025	07:07:01	40.53916	141.55809	-10	0.0	2	3.1	185
12/05/2025	07:08:02	40.53896	141.55811	16	0.0	3	2.1	194
12/05/2025	07:09:01	40.53906	141.55814	18	0.0	3	2.2	162
12/05/2025	07:10:02	40.53915	141.55792	-10	0.0	3	2.2	167
12/05/2025	07:11:01	40.53924	141.55775	-18	0.0	3	2.2	167
12/05/2025	07:12:01	40.53929	141.55762	-6	0.0	2	5.2	162
12/05/2025	07:13:02	40.53907	141.55788	-22	0.0	3	2.2	167
12/05/2025	07:14:02	40.53909	141.55799	10	0.0	2	5.0	188
12/05/2025	07:15:02	40.53906	141.55784	6	0.0	2	4.4	187
12/05/2025	07:16:02	40.53902	141.55821	6	0.0	2	4.4	187
12/05/2025	07:17:03	40.53909	141.55790	14	0.0	3	2.2	165
12/05/2025	07:18:02	40.53907	141.55803	8	0.0	2	4.3	163
12/05/2025	07:19:03	40.53912	141.55798	6	0.0	3	2.2	180
12/05/2025	07:20:03	40.53920	141.55795	4	0.0	2	4.1	177
12/05/2025	07:21:03	40.53910	141.55805	6	0.0	2	4.1	158
12/05/2025	07:22:03	40.53908	141.55799	18	0.0	2	4.0	173
12/05/2025	07:23:03	40.53918	141.55785	2	0.0	2	4.0	153
12/05/2025	07:24:04	40.53906	141.55799	0	0.0	3	2.2	151
12/05/2025	07:25:03	40.53894	141.55808	38	0.0	3	2.3	156
12/05/2025	07:26:03	40.53900	141.55792	-12	0.0	3	2.3	170
12/05/2025	07:27:05	40.53905	141.55789	-48	0.0	2	3.4	123
12/05/2025	07:28:04	40.53904	141.55798	12	0.0	2	3.3	149
12/05/2025	07:29:16	40.53913	141.55798	-0	0.0	3	2.3	154
12/05/2025	07:30:02	40.53904	141.55798	12	0.0	2	4.0	126
12/05/2025	07:31:26	40.53911	141.55797	6	0.0	3	2.3	152
12/05/2025	07:32:05	40.53917	141.55801	0	7.4	2	4.0	117
12/05/2025	07:33:27	40.53906	141.55787	-0	0.0	3	2.3	140
12/05/2025	07:34:04	40.53872	141.55809	36	11.1	2	4.1	112
12/05/2025	07:35:03	40.53896	141.55808	28	3.7	2	4.1	98
12/05/2025	07:36:22	40.53910	141.55796	6	0.0	3	2.3	129
12/05/2025	07:37:27	40.53905	141.55802	20	0.0	3	2.3	148
12/05/2025	07:38:04	40.53910	141.55786	8	7.4	2	4.2	135
12/05/2025	07:39:07	40.53893	141.55792	36	0.0	2	4.2	111
12/05/2025	07:40:23	40.53918	141.55795	8	0.0	3	2.3	150
12/05/2025	07:41:05	40.53906	141.55807	30	0.0	2	3.0	134
12/05/2025	07:42:20	40.53910	141.55801	20	0.0	3	2.3	158
12/05/2025	07:43:05	40.53905	141.55801	0	0.0	3	2.3	152
12/05/2025	07:44:31	40.53912	141.55804	16	0.0	3	2.3	183
12/05/2025	07:45:04	40.53890	141.55765	-64	0.0	2	4.2	157
12/05/2025	07:46:04	40.53940	141.55841	126	0.0	2	4.2	159
12/05/2025	07:47:04	40.53917	141.55814	46	0.0	2	4.3	161
12/05/2025	07:48:04	40.53909	141.55809	30	0.0	2	4.3	138
12/05/2025	07:49:21	40.53912	141.55804	6	0.0	3	2.2	145
12/05/2025	07:50:05	40.53904	141.55795	-12	3.7	2	4.3	95
12/05/2025	07:51:08	40.53910	141.55784	-12	0.0	2	4.3	135
12/05/2025	07:52:37	40.53911	141.55804	20	0.0	2	4.3	153
12/05/2025	07:53:07	40.53930	141.55776	-46	0.0	1	10.4	114
12/05/2025	07:54:15	40.53905	141.55807	28	0.0	2	4.3	138
12/05/2025	07:55:12	40.53913	141.55807	18	0.0	2	4.4	152
12/05/2025	07:56:29	40.53902	141.55809	28	0.0	2	4.4	133
12/05/2025	07:57:05	40.53916	141.55813	34	3.7	2	4.4	138
12/05/2025	07:58:15	40.53917	141.55795	-14	3.7	2	4.4	141
12/05/2025	07:59:09	40.53910	141.55814	36	0.0	2	4.4	109
12/05/2025	08:00:25	40.53923	141.55788	-24	0.0	2	4.4	141
12/05/2025	08:01:13	40.53928	141.55836	66	0.0	2	4.4	145
12/05/2025	08:08:25	40.53913	141.55814	24	0.0	3	4.3	182
12/05/2025	08:09:03	40.53909	141.55813	20	0.0	2	5.0	137
12/05/2025	08:10:03	40.53907	141.55799	-18	0.0	2	5.0	104
12/05/2025	08:11:02	40.53906	141.55775	-14	0.0	2	5.1	127
12/05/2025	08:12:02	40.53906	141.55797	4	0.0	2	5.1	130
12/05/2025	08:13:02	40.53910	141.55807	8	0.0	2	5.1	134
12/05/2025	08:14:02	40.53900	141.55789	2	0.0	2	5.1	172
12/05/2025	08:15:02	40.53909	141.55809	26	0.0	2	5.1	167
12/05/2025	08:16:03	40.53909	141.55834	28	0.0	2	5.2	167
12/05/2025	08:17:03	40.53902	141.55816	60	0.0	2	5.2	140
12/05/2025	08:18:04	40.53901	141.55790	-0	0.0	2	5.2	124
12/05/2025	08:19:02	40.53900	141.55850	82	0.0	2	5.2	131
12/05/2025	08:20:02	40.53897	141.55792	28	0.0	2	5.2	174
12/05/2025	08:21:03	40.53898	141.55826	52	0.0	2	5.2	163
12/05/2025	08:22:03	40.53897	141.55813	22	0.0	2	5.3	183
12/05/2025	08:23:04	40.53898	141.55810	30	0.0	2	5.3	161
12/05/2025	08:24:06	40.53897	141.55797	-4	0.0	2	5.3	176
12/05/2025	08:25:03	40.53897	141.55847	42	0.0	2	5.3	205
12/05/2025	08:26:03	40.53909	141.55815	14	0.0	2	5.3	166
12/05/2025	08:27:03	40.53900	141.55795	18	0.0	2	5.3	172
12/05/2025	08:28:04	40.53894	141.55811	22	0.0	2	5.3	216
12/05/2025	08:29:04	40.53888	141.55810	40	0.0	2	5.3	195
12/05/2025	08:30:05	40.53955	141.55804	-42	0.0	1	18.4	189
12/05/2025	08:31:04	40.53919	141.55821	32	0.0	2	5.3	198
12/05/2025	08:32:04	40.53904	141.55796	36	0.0	1	17.4	192
12/05/2025	08:33:04	40.53926	141.55806	-28	0.0	1	17.1	191
12/05/2025	08:39:33	40.53910	141.55804	10	0.0	3	2.0	188
12/05/2025	08:40:02	40.53854	141.55794	34	0.0	2	10.3	157
12/05/2025	08:41:01	40.53946	141.55789	-44	0.0	2	10.1	178
12/05/2025	08:42:02	40.53919	141.55817	-6	0.0	2	9.4	180
12/05/2025	08:43:02	40.53881	141.55804	36	0.0	2	9.2	138
12/05/2025	08:44:02	40.53889	141.55800	24	3.7	2	9.1	175
12/05/2025	08:45:01	40.53912	141.55820	-0	0.0	2	9.0	160
12/05/2025	08:46:02	40.53886	141.55794	42	0.0	2	8.4	161
12/05/2025	08:47:01	40.53873	141.55795	48	0.0	2	8.2	161
12/05/2025	08:48:01	40.53916	141.55807	-2	0.0	2	8.1	174
12/05/2025	08:54:22	40.53899	141.55803	18	0.0	3	2.4	178
12/05/2025	08:55:01	40.53946	141.55812	-42	0.0	2	7.1	162
12/05/2025	08:56:01	40.53916	141.55795	-6	0.0	2	7.0	182
12/05/2025	08:57:01	40.53921	141.55801	-2	0.0	2	7.0	182
12/05/2025	08:58:01	40.53944	141.55788	-38	0.0	2	6.4	179
12/05/2025	08:59:02	40.53916	141.55797	-0	0.0	2	6.4	183
12/05/2025	09:00:01	40.53952	141.55868	18	7.4	1	10.3	158
12/05/2025	09:01:03	40.53917	141.55805	0	0.0	3	3.0	176
12/05/2025	09:02:01	40.53903	141.55807	24	0.0	1	10.2	133
12/05/2025	09:03:02	40.53885	141.55757	10	0.0	1	10.1	153
12/05/2025	09:04:01	40.53868	141.55757	10	0.0	1	10.1	110
12/05/2025	09:05:02	40.53913	141.55800	-6	0.0	1	10.0	179
12/05/2025	09:06:01	40.53906	141.55788	6	0.0	1	10.0	161
12/05/2025	09:07:02	40.53924	141.55801	-8	0.0	1	9.4	177
12/05/2025	09:08:03	40.53920	141.55809	-4	3.7	3	3.1	237
12/05/2025	09:09:01	40.53894	141.55807	44	0.0	2	4.0	233
12/05/2025	09:10:01	40.53898	141.55802	20	0.0	3	3.1	243
12/05/2025	09:11:01	40.53948	141.55777	-82	0.0	2	4.1	183
12/05/2025	09:12:02	40.53897	141.55804	32	0.0	3	3.1	230
12/05/2025	09:13:01	40.53917	141.55793	-30	0.0	2	4.2	194
12/05/2025	09:14:02	40.53893	141.55809	56	0.0	2	4.3	231
12/05/2025	09:15:02	40.53915	141.55799	12	0.0	3	3.2	269
12/05/2025	09:16:02	40.53895	141.55815	84	0.0	2	4.4	272
12/05/2025	09:17:02	40.53889	141.55818	80	0.0	2	5.0	270
12/05/2025	09:18:02	40.53897	141.55798	20	0.0	2	5.1	252
12/05/2025	09:19:02	40.53908	141.55807	10	0.0	3	3.2	271
12/05/2025	09:20:02	40.53904	141.55799	10	0.0	3	3.2	237
12/05/2025	09:21:02	40.53877	141.55897	44	0.0	2	5.2	273
12/05/2025	09:22:01	40.53895	141.55888	-4	0.0	3	3.2	278
12/05/2025	09:23:01	40.53884	141.55908	42	0.0	3	3.2	282
12/05/2025	09:24:02	40.53902	141.55908	16	0.0	3	3.2	306
12/05/2025	09:25:02	40.53889	141.55911	42	0.0	2	6.0	305
12/05/2025	09:26:02	40.53947	141.55837	4	0.0	3	3.2	253
12/05/2025	09:27:02	40.53947	141.55850	16	0.0	2	6.0	243
12/05/2025	09:28:02	40.53970	141.55840	-44	0.0	3	3.2	248
12/05/2025	09:29:02	40.53934	141.55847	28	0.0	3	3.2	260
12/05/2025	09:30:01	40.53946	141.55845	22	0.0	2	6.1	251
12/05/2025	09:31:01	40.53917	141.55853	52	0.0	2	6.2	248
12/05/2025	09:32:01	40.53940	141.55856	18	0.0	3	3.2	243
12/05/2025	09:33:01	40.53940	141.55849	8	0.0	3	3.2	255
12/05/2025	09:34:01	40.53942	141.55842	12	0.0	3	3.2	258
12/05/2025	09:35:01	40.53945	141.55849	16	0.0	3	3.2	252
12/05/2025	09:36:01	40.53937	141.55839	14	0.0	3	3.2	255
12/05/2025	09:37:01	40.53962	141.55837	-16	0.0	3	3.1	251
12/05/2025	09:38:01	40.53947	141.55819	-30	0.0	2	6.2	244
12/05/2025	09:39:01	40.53934	141.55847	48	0.0	2	6.2	234
12/05/2025	09:40:01	40.53926	141.55861	48	0.0	2	6.1	236
12/05/2025	09:41:01	40.53924	141.55857	42	0.0	2	6.1	220
12/05/2025	09:42:06	40.53915	141.55851	72	0.0	2	6.1	210
12/05/2025	09:43:02	40.53964	141.55827	-50	0.0	2	6.0	230
12/05/2025	09:44:01	40.53937	141.55859	24	0.0	2	6.0	215
12/05/2025	09:45:02	40.53939	141.55859	6	0.0	2	6.0	225
12/05/2025	09:46:02	40.53938	141.55854	28	0.0	2	5.4	222
12/05/2025	09:47:02	40.53949	141.55850	-8	0.0	2	5.4	223
12/05/2025	09:48:02	40.53973	141.55820	-68	0.0	2	5.4	214
12/05/2025	09:49:02	40.53898	141.55849	84	0.0	2	5.3	228
12/05/2025	09:50:02	40.53978	141.55836	-56	0.0	2	5.3	231
12/05/2025	09:51:02	40.53868	141.55899	304	0.0	1	8.3	203
12/05/2025	09:52:01	40.53936	141.55841	18	0.0	2	5.2	231
12/05/2025	09:53:02	40.53950	141.55855	4	0.0	2	5.1	225
12/05/2025	09:54:02	40.53904	141.55865	64	0.0	2	5.1	221
12/05/2025	09:55:02	40.53894	141.55869	114	0.0	2	5.1	219
12/05/2025	09:56:02	40.53935	141.55841	14	0.0	2	5.0	242
12/05/2025	09:57:02	40.53935	141.55849	36	0.0	2	5.0	246
12/05/2025	09:58:02	40.53932	141.55852	24	0.0	2	4.4	250
12/05/2025	09:59:02	40.53933	141.55832	2	0.0	2	4.4	246
12/05/2025	10:00:03	40.53945	141.55851	2	0.0	2	2.3	243
12/05/2025	10:01:33	40.53944	141.55845	2	0.0	7	1.0	281
12/05/2025	10:02:00	40.53940	141.55831	-16	0.0	5	1.4	215
12/05/2025	10:03:00	40.53951	141.55838	-4	0.0	5	1.4	251
12/05/2025	10:04:00	40.53945	141.55845	-12	0.0	7	1.0	253
12/05/2025	10:05:00	40.53940	141.55844	6	0.0	7	1.0	252
12/05/2025	10:06:00	40.53956	141.55830	-14	0.0	5	1.3	245
12/05/2025	10:07:00	40.53944	141.55859	16	0.0	7	1.0	246
12/05/2025	10:08:00	40.53952	141.55846	0	0.0	5	1.2	250
12/05/2025	10:09:00	40.53941	141.55852	2	0.0	7	1.1	276
12/05/2025	10:10:00	40.53951	141.55862	30	3.7	4	2.1	276
12/05/2025	10:11:00	40.53951	141.55831	-10	0.0	6	1.0	269
12/05/2025	10:12:00	40.53954	141.55844	-0	0.0	7	1.1	271
12/05/2025	10:13:00	40.53942	141.55831	-10	0.0	6	1.0	220
12/05/2025	10:14:00	40.53943	141.55841	12	0.0	5	1.2	268
12/05/2025	10:15:00	40.53959	141.55852	68	7.4	3	2.3	273
12/05/2025	10:16:00	40.53941	141.55847	18	0.0	7	1.1	279
12/05/2025	10:17:00	40.53947	141.55846	6	0.0	7	1.0	287
12/05/2025	10:18:00	40.53959	141.55850	-14	0.0	5	1.2	271
12/05/2025	10:19:00	40.53951	141.55845	10	0.0	7	1.0	287
12/05/2025	10:20:00	40.53954	141.55836	2	0.0	5	1.4	275
12/05/2025	10:21:00	40.53940	141.55855	4	0.0	7	1.0	309
12/05/2025	10:22:00	40.53946	141.55848	0	0.0	7	1.0	279
12/05/2025	10:23:00	40.53948	141.55832	-0	0.0	5	1.2	303
12/05/2025	10:24:00	40.53944	141.55833	-10	0.0	6	1.1	302
12/05/2025	10:25:00	40.53948	141.55844	4	0.0	5	1.2	300
12/05/2025	10:25:59	40.53936	141.55837	-0	0.0	4	2.0	224
12/05/2025	10:27:00	40.53945	141.55845	4	0.0	5	1.2	307
12/05/2025	10:28:00	40.53942	141.55842	-4	0.0	6	1.1	280
12/05/2025	10:29:00	40.53950	141.55838	-10	0.0	6	1.1	268
12/05/2025	10:30:00	40.53943	141.55838	-2	0.0	5	1.2	276
12/05/2025	10:31:00	40.53938	141.55843	-14	0.0	5	1.2	269
12/05/2025	10:32:00	40.53942	141.55851	14	0.0	4	1.2	296
12/05/2025	10:33:00	40.53939	141.55839	-2	0.0	5	1.2	295
12/05/2025	10:34:00	40.53937	141.55841	4	0.0	4	1.2	249
12/05/2025	10:35:00	40.53945	141.55840	-6	0.0	5	1.2	299
12/05/2025	10:36:00	40.53944	141.55850	-0	0.0	4	1.4	279
12/05/2025	10:37:00	40.53950	141.55858	16	0.0	4	1.2	320
12/05/2025	10:38:00	40.53942	141.55826	-52	0.0	3	2.1	256
12/05/2025	10:39:00	40.53944	141.55830	-0	0.0	3	1.4	248
12/05/2025	10:40:00	40.53949	141.55840	-6	0.0	5	1.2	313
12/05/2025	10:41:01	40.53940	141.55847	16	0.0	4	1.2	238
12/05/2025	10:42:01	40.53956	141.55823	-10	0.0	3	2.4	244
12/05/2025	10:43:01	40.53947	141.55847	18	0.0	4	1.2	294
12/05/2025	10:44:01	40.53962	141.55852	8	0.0	5	1.4	303
12/05/2025	10:45:01	40.53958	141.55839	-2	0.0	4	1.2	296
12/05/2025	10:46:01	40.53945	141.55834	20	0.0	3	1.3	213
12/05/2025	10:47:01	40.53935	141.55821	-40	0.0	4	1.2	245
12/05/2025	10:48:01	40.53946	141.55863	10	0.0	6	1.1	304
12/05/2025	10:49:00	40.53948	141.55856	20	0.0	6	1.1	305
12/05/2025	10:50:00	40.53952	141.55814	54	0.0	4	1.4	249
12/05/2025	10:51:00	40.53950	141.55850	-4	0.0	5	1.2	273
12/05/2025	10:52:00	40.53957	141.55848	14	0.0	4	1.4	248
12/05/2025	10:53:00	40.53969	141.55858	8	22.2	5	1.2	310
12/05/2025	10:54:00	40.53912	141.55880	10	0.0	4	1.3	306
12/05/2025	10:55:00	40.53927	141.55856	-4	0.0	4	1.3	300
12/05/2025	10:56:00	40.53932	141.55866	10	0.0	5	1.2	290
12/05/2025	10:57:00	40.53955	141.55852	-78	0.0	3	2.0	295
12/05/2025	10:58:00	40.53938	141.55853	6	0.0	3	2.0	296
12/05/2025	10:59:00	40.53942	141.55841	-0	0.0	5	1.2	283
12/05/2025	11:00:00	40.53936	141.55850	0	0.0	3	2.2	269
12/05/2025	11:01:00	40.53946	141.55853	12	3.7	4	1.3	251
12/05/2025	11:02:00	40.53949	141.55847	12	0.0	5	1.2	280
12/05/2025	11:03:00	40.53941	141.55842	-10	0.0	5	1.2	284
12/05/2025	11:04:00	40.53941	141.55849	18	0.0	4	1.3	269
12/05/2025	11:05:00	40.53948	141.55849	2	0.0	5	1.2	282
12/05/2025	11:06:00	40.53959	141.55836	-26	0.0	3	2.3	248
12/05/2025	11:07:00	40.53960	141.55852	20	0.0	5	2.0	277
12/05/2025	11:08:00	40.53926	141.55858	26	0.0	4	2.1	241
12/05/2025	11:09:00	40.53944	141.55836	-4	0.0	5	1.2	308
12/05/2025	11:10:00	40.53941	141.55849	26	0.0	5	2.0	248
12/05/2025	11:11:00	40.53944	141.55830	0	0.0	4	2.1	304
12/05/2025	11:12:00	40.53944	141.55820	-12	0.0	5	1.2	310
12/05/2025	11:13:00	40.53952	141.55846	-24	0.0	4	1.2	281
12/05/2025	11:14:00	40.53937	141.55857	-2	0.0	5	2.0	278
12/05/2025	11:15:01	40.53945	141.55844	10	0.0	5	1.2	314
12/05/2025	11:16:01	40.53950	141.55829	-14	0.0	4	2.1	303
12/05/2025	11:17:01	40.53942	141.55851	8	0.0	5	1.2	311
12/05/2025	11:18:00	40.53961	141.55849	20	0.0	4	2.1	279
12/05/2025	11:19:00	40.53946	141.55835	-14	0.0	5	1.2	312
12/05/2025	11:20:00	40.53943	141.55840	2	0.0	5	1.2	313
12/05/2025	11:21:00	40.53976	141.55845	48	0.0	4	2.4	302
12/05/2025	11:22:00	40.53948	141.55877	36	0.0	5	2.0	314
12/05/2025	11:23:00	40.53943	141.55856	46	0.0	3	2.3	187
12/05/2025	11:24:00	40.53969	141.55883	10	0.0	5	1.2	313
12/05/2025	11:25:00	40.53971	141.55901	20	0.0	4	1.3	237
12/05/2025	11:26:00	40.54398	141.56142	-58	48.2	3	2.3	312
12/05/2025	11:27:01	40.54929	141.56557	-8	0.0	3	1.3	250
12/05/2025	11:28:00	40.54950	141.56580	0	0.0	3	2.0	281
12/05/2025	11:29:00	40.54974	141.56602	0	0.0	5	2.0	314
12/05/2025	11:30:01	40.55011	141.56618	0	0.0	4	1.3	313
12/05/2025	11:31:00	40.55028	141.56652	36	0.0	4	2.2	278
12/05/2025	11:32:00	40.55065	141.56651	-2	0.0	3	1.4	274
12/05/2025	11:33:01	40.55075	141.56681	-10	0.0	5	2.0	314
12/05/2025	11:34:00	40.55105	141.56681	-8	0.0	4	1.4	276
12/05/2025	11:35:00	40.55131	141.56710	2	0.0	4	2.2	307
12/05/2025	11:36:01	40.55150	141.56726	-22	0.0	4	2.4	312
12/05/2025	11:37:01	40.55181	141.56769	4	0.0	4	1.3	309
12/05/2025	11:38:01	40.55208	141.56792	8	0.0	4	2.2	309
12/05/2025	11:39:01	40.55224	141.56811	-0	0.0	3	1.4	311
12/05/2025	11:40:00	40.55247	141.56806	-20	3.7	4	2.3	309
12/05/2025	11:41:01	40.55269	141.56891	62	0.0	4	2.3	311
12/05/2025	11:42:00	40.55294	141.56869	10	0.0	3	1.4	239
12/05/2025	11:43:01	40.55403	141.56895	14	0.0	5	1.2	313
12/05/2025	11:44:01	40.55416	141.56904	10	0.0	4	2.3	311
12/05/2025	11:45:01	40.55583	141.57003	16	44.4	3	1.4	250
12/05/2025	11:46:00	40.55894	141.57144	12	0.0	3	2.0	246
12/05/2025	11:47:00	40.55902	141.57147	0	0.0	3	2.0	255
12/05/2025	11:48:02	40.55910	141.57160	2	0.0	4	1.4	309
12/05/2025	11:49:01	40.55928	141.57183	-30	0.0	3	2.0	304
12/05/2025	11:50:01	40.56364	141.57298	16	37.0	4	1.4	313
12/05/2025	11:51:01	40.57008	141.57643	18	44.4	4	1.4	308
12/05/2025	11:52:00	40.57613	141.57902	-0	40.7	4	1.4	305
12/05/2025	11:53:01	40.58179	141.58090	8	33.3	4	2.4	317
12/05/2025	11:54:00	40.58625	141.58043	-20	22.2	3	2.0	255
12/05/2025	11:55:01	40.59020	141.58014	-0	29.6	4	1.4	319
12/05/2025	11:56:02	40.59099	141.57988	-2	0.0	4	2.4	285
12/05/2025	11:57:02	40.59222	141.58026	14	29.6	4	1.4	314
12/05/2025	11:58:00	40.59691	141.58039	6	37.0	3	2.0	308
12/05/2025	11:59:00	40.60210	141.57989	0	33.3	3	2.0	309
12/05/2025	12:00:02	40.60716	141.57987	20	33.3	4	3.1	283
12/05/2025	12:01:02	40.61189	141.57837	4	29.6	4	3.1	288
12/05/2025	12:02:03	40.61634	141.57642	6	29.6	4	3.1	287
12/05/2025	12:03:03	40.61827	141.57577	52	0.0	3	4.4	271
12/05/2025	12:04:03	40.61824	141.57522	0	0.0	3	4.4	274
12/05/2025	12:05:02	40.61822	141.57540	-2	0.0	3	4.4	276
12/05/2025	12:06:02	40.61876	141.57506	4	25.9	4	3.2	285
12/05/2025	12:07:03	40.62025	141.57481	16	14.8	4	3.2	280
12/05/2025	12:08:03	40.61930	141.57469	38	18.5	3	4.4	279
12/05/2025	12:09:03	40.61926	141.57558	-4	22.2	4	3.2	279
12/05/2025	12:10:03	40.61997	141.57289	8	18.5	4	3.2	285
12/05/2025	12:11:02	40.61765	141.57523	48	11.1	3	4.3	279
12/05/2025	12:12:02	40.61849	141.57451	-16	33.3	3	4.3	305
12/05/2025	12:13:02	40.61806	141.57501	38	11.1	3	4.3	265
12/05/2025	12:14:02	40.61838	141.57567	-24	29.6	3	4.3	267
12/05/2025	12:15:02	40.61846	141.57558	-8	29.6	3	4.3	310
12/05/2025	12:16:02	40.61946	141.57557	10	25.9	3	4.3	262
12/05/2025	12:17:04	40.62047	141.57601	36	11.1	3	4.2	261
12/05/2025	12:18:02	40.61977	141.57688	34	18.5	2	2.4	282
12/05/2025	12:19:03	40.61804	141.57694	-28	14.8	3	4.2	304
12/05/2025	12:20:03	40.61876	141.57589	4	11.1	3	4.2	264
12/05/2025	12:21:03	40.62083	141.57683	-20	11.1	3	4.2	288
12/05/2025	12:22:03	40.61902	141.57903	2	0.0	3	4.2	261
12/05/2025	12:23:04	40.61879	141.57855	2	11.1	3	4.1	257
12/05/2025	12:24:02	40.62013	141.57723	10	29.6	2	3.0	233
12/05/2025	12:25:04	40.61975	141.57603	56	11.1	3	4.1	291
12/05/2025	12:26:03	40.62145	141.57472	40	14.8	3	4.1	288
12/05/2025	12:27:03	40.61996	141.57471	-0	11.1	3	4.1	256
12/05/2025	12:28:02	40.61958	141.58115	0	37.0	3	4.0	285
12/05/2025	12:29:03	40.62335	141.58036	-0	18.5	3	4.0	261
12/05/2025	12:30:05	40.62344	141.58007	-4	0.0	3	4.0	256
12/05/2025	12:31:05	40.62446	141.57868	6	11.1	3	4.0	283
12/05/2025	12:32:03	40.62441	141.57874	2	11.1	3	3.4	276
12/05/2025	12:33:03	40.62432	141.57895	-12	25.9	3	3.4	256
12/05/2025	12:34:04	40.62434	141.57831	-16	3.7	2	3.1	283
12/05/2025	12:35:06	40.62405	141.57767	-16	11.1	3	3.4	275
12/05/2025	12:36:04	40.62390	141.57783	10	11.1	3	3.4	290
12/05/2025	12:37:04	40.62381	141.57877	-4	14.8	3	3.3	285
12/05/2025	12:38:02	40.62327	141.57843	-4	0.0	3	3.3	276
12/05/2025	12:39:04	40.62331	141.57798	-14	0.0	3	3.3	278
12/05/2025	12:40:03	40.62332	141.57849	14	0.0	3	3.3	283
12/05/2025	12:41:03	40.62317	141.57846	24	14.8	2	3.4	280
12/05/2025	12:42:25	40.62315	141.57892	8	22.2	3	3.2	273
12/05/2025	12:43:03	40.62326	141.57774	12	0.0	3	3.2	291
12/05/2025	12:44:02	40.62318	141.57789	22	0.0	3	3.2	276
12/05/2025	12:45:03	40.62333	141.57736	2	0.0	3	3.2	277
12/05/2025	12:46:03	40.62323	141.57763	-12	0.0	2	3.4	278
12/05/2025	12:47:03	40.62344	141.57777	22	0.0	3	3.2	283
12/05/2025	12:48:04	40.62337	141.57754	18	0.0	3	3.2	280
12/05/2025	12:49:03	40.62353	141.57757	18	0.0	2	3.4	283
12/05/2025	12:50:05	40.62352	141.57704	2	0.0	3	3.1	282
12/05/2025	12:51:03	40.62358	141.57718	16	0.0	3	3.1	199
12/05/2025	12:52:04	40.62354	141.57687	8	0.0	3	3.1	274
12/05/2025	12:53:04	40.62368	141.57714	10	0.0	3	3.1	285
12/05/2025	12:54:04	40.62362	141.57751	24	0.0	3	3.1	280
12/05/2025	12:55:03	40.62362	141.57682	-24	0.0	3	3.1	291
12/05/2025	12:56:04	40.62368	141.57743	12	0.0	3	3.0	272
12/05/2025	12:57:05	40.62371	141.57724	10	0.0	3	3.0	268
12/05/2025	12:58:03	40.62383	141.57689	10	0.0	3	3.0	280
12/05/2025	12:59:05	40.62401	141.57662	-10	0.0	3	3.0	274
12/05/2025	13:00:04	40.62399	141.57671	8	0.0	3	3.0	281
12/05/2025	13:01:04	40.62389	141.57670	-0	0.0	2	4.0	279
12/05/2025	13:07:27	40.62440	141.57640	0	0.0	3	2.4	240
12/05/2025	13:08:04	40.62445	141.57631	-8	3.7	3	2.4	245
12/05/2025	13:09:05	40.62446	141.57652	10	14.8	3	2.4	243
12/05/2025	13:10:05	40.62176	141.57523	-6	0.0	3	2.4	241
12/05/2025	13:11:33	40.62179	141.57504	4	0.0	5	1.1	238
12/05/2025	13:12:02	40.62187	141.57510	10	0.0	5	1.1	250
12/05/2025	13:13:02	40.62190	141.57507	8	0.0	5	1.1	237
12/05/2025	13:14:02	40.62183	141.57500	12	0.0	4	3.2	242
12/05/2025	13:15:02	40.62191	141.57494	10	0.0	3	4.1	248
12/05/2025	13:16:02	40.62178	141.57490	-14	0.0	4	3.2	247
12/05/2025	13:17:02	40.62197	141.57488	8	0.0	5	1.1	244
12/05/2025	13:18:03	40.62206	141.57481	6	0.0	4	3.1	249
12/05/2025	13:19:02	40.62205	141.57478	4	0.0	4	3.1	272
12/05/2025	13:20:02	40.62225	141.57477	18	0.0	3	3.3	242
12/05/2025	13:21:02	40.62219	141.57480	12	0.0	3	3.2	245
12/05/2025	13:22:02	40.62229	141.57477	14	0.0	3	3.2	249
12/05/2025	13:23:02	40.62220	141.57463	-14	0.0	4	2.4	266
12/05/2025	13:24:02	40.62231	141.57469	24	0.0	4	2.4	244
12/05/2025	13:25:02	40.62226	141.57458	14	0.0	3	3.1	273
12/05/2025	13:26:02	40.62231	141.57451	16	0.0	4	2.3	246
12/05/2025	13:27:02	40.62232	141.57438	18	0.0	4	2.3	247
12/05/2025	13:28:01	40.62227	141.57425	-4	0.0	3	2.4	242
12/05/2025	13:29:01	40.62246	141.57436	14	0.0	3	2.4	219
12/05/2025	13:30:01	40.62240	141.57416	20	0.0	3	2.4	245
12/05/2025	13:31:01	40.62251	141.57430	4	0.0	3	2.3	171
12/05/2025	13:32:01	40.62239	141.57419	8	0.0	3	2.3	245
12/05/2025	13:33:01	40.62243	141.57411	10	0.0	3	2.3	143
12/05/2025	13:34:01	40.62243	141.57403	4	0.0	3	2.4	219
12/05/2025	13:35:02	40.62252	141.57410	-0	0.0	3	2.2	224
12/05/2025	13:36:00	40.62243	141.57409	-34	0.0	3	2.2	194
12/05/2025	13:37:01	40.62261	141.57398	2	0.0	3	2.2	191
12/05/2025	13:38:00	40.62265	141.57401	-6	0.0	3	2.2	171
12/05/2025	13:39:01	40.62264	141.57380	10	0.0	3	2.2	171
12/05/2025	13:40:00	40.62271	141.57393	46	0.0	3	2.2	142
12/05/2025	13:41:02	40.62258	141.57373	8	0.0	3	2.1	222
12/05/2025	13:42:00	40.62276	141.57361	34	0.0	3	2.1	164
12/05/2025	13:43:02	40.62261	141.57370	-12	0.0	3	2.1	248
12/05/2025	13:44:01	40.62263	141.57364	-2	0.0	3	2.0	117
12/05/2025	13:45:03	40.62055	141.57188	14	33.3	3	2.0	254
12/05/2025	13:46:02	40.61563	141.56930	10	37.0	4	2.0	263
12/05/2025	13:47:03	40.61144	141.56585	-6	0.0	3	2.0	257
12/05/2025	13:48:05	40.61128	141.56588	-2	0.0	3	2.0	234
12/05/2025	13:49:02	40.61125	141.56595	10	0.0	3	2.0	239
12/05/2025	13:50:02	40.61117	141.56596	-2	0.0	3	2.0	243
12/05/2025	13:51:02	40.61105	141.56610	-14	0.0	3	1.4	217
12/05/2025	13:52:03	40.61093	141.56615	-20	0.0	3	1.4	240
12/05/2025	13:53:03	40.61090	141.56636	-2	0.0	3	1.4	246
12/05/2025	13:54:02	40.61086	141.56645	18	0.0	3	1.4	224
12/05/2025	13:55:01	40.61075	141.56642	30	0.0	3	1.4	198
12/05/2025	13:56:02	40.61070	141.56640	48	0.0	3	1.4	244
12/05/2025	13:57:02	40.61061	141.56644	30	0.0	3	1.4	197
12/05/2025	13:58:03	40.61047	141.56662	-16	0.0	3	1.4	229
12/05/2025	13:59:01	40.60600	141.56536	18	37.0	3	1.4	293
12/05/2025	14:00:01	40.60131	141.56314	58	33.3	3	1.4	230
12/05/2025	14:01:02	40.59668	141.56194	42	25.9	3	1.4	260
12/05/2025	14:02:03	40.59382	141.56196	16	0.0	3	1.4	206
12/05/2025	14:03:02	40.59391	141.56220	60	0.0	3	1.3	226
12/05/2025	14:04:02	40.59381	141.56223	26	0.0	3	1.3	207
12/05/2025	14:05:02	40.59380	141.56236	0	0.0	2	3.3	211
12/05/2025	14:06:03	40.59381	141.56252	12	0.0	3	1.3	230
12/05/2025	14:07:02	40.59373	141.56259	16	0.0	3	1.3	215
12/05/2025	14:08:02	40.59377	141.56270	64	0.0	3	1.3	204
12/05/2025	14:09:02	40.59374	141.56290	2	0.0	3	1.3	203
12/05/2025	14:10:02	40.59370	141.56309	-20	0.0	2	4.4	183
12/05/2025	14:11:02	40.59367	141.56313	32	0.0	3	1.3	229
12/05/2025	14:12:02	40.59363	141.56322	2	0.0	3	1.3	210
12/05/2025	14:13:03	40.59360	141.56340	22	0.0	3	1.3	228
12/05/2025	14:14:03	40.59352	141.56344	-2	0.0	3	1.3	254
12/05/2025	14:15:02	40.59344	141.56365	16	0.0	3	1.3	207
12/05/2025	14:16:02	40.59348	141.56371	-8	0.0	3	1.3	228
12/05/2025	14:17:02	40.59334	141.56388	16	0.0	3	1.3	231
12/05/2025	14:18:02	40.59330	141.56403	-8	0.0	3	1.3	209
12/05/2025	14:19:02	40.59316	141.56411	38	0.0	3	1.3	229
12/05/2025	14:20:03	40.59333	141.56412	-40	0.0	2	2.0	200
12/05/2025	14:21:03	40.59323	141.56436	-28	0.0	2	2.0	223
12/05/2025	14:22:02	40.59321	141.56456	46	0.0	3	1.3	206
12/05/2025	14:23:03	40.59310	141.56456	0	0.0	3	1.3	231
12/05/2025	14:24:02	40.59309	141.56458	-24	0.0	3	1.3	246
12/05/2025	14:25:02	40.59309	141.56480	-2	0.0	3	1.3	226
12/05/2025	14:26:03	40.59301	141.56492	16	0.0	3	1.3	253
12/05/2025	14:27:02	40.59298	141.56502	8	0.0	3	1.3	233
12/05/2025	14:28:02	40.59293	141.56510	14	0.0	3	1.4	228
12/05/2025	14:29:03	40.59283	141.56521	-0	0.0	3	1.4	229
12/05/2025	14:30:02	40.59280	141.56520	32	0.0	2	2.0	226
12/05/2025	14:31:03	40.59275	141.56525	36	0.0	2	2.0	226
12/05/2025	14:32:02	40.59277	141.56535	12	0.0	3	1.4	251
12/05/2025	14:33:02	40.59269	141.56548	-10	0.0	2	2.0	258
12/05/2025	14:34:03	40.59266	141.56554	6	0.0	3	1.4	248
12/05/2025	14:35:02	40.59259	141.56572	12	0.0	3	1.4	251
12/05/2025	14:36:01	40.59241	141.56566	10	0.0	3	2.4	207
12/05/2025	14:37:02	40.59249	141.56587	-4	0.0	3	1.4	236
12/05/2025	14:38:02	40.59224	141.56569	-6	0.0	1	4.3	253
12/05/2025	14:39:03	40.59216	141.56598	-12	0.0	3	1.4	257
12/05/2025	14:40:03	40.59210	141.56609	0	0.0	3	1.4	256
12/05/2025	14:41:02	40.59184	141.56576	32	29.6	3	1.4	241
12/05/2025	14:42:02	40.58680	141.56395	10	33.3	3	1.4	262
12/05/2025	14:43:02	40.58164	141.56293	10	33.3	3	1.4	265
12/05/2025	14:44:02	40.57635	141.56303	52	33.3	3	1.4	259
12/05/2025	14:45:02	40.57358	141.56284	42	0.0	3	1.4	255
12/05/2025	14:46:03	40.57356	141.56282	16	0.0	3	2.0	250
12/05/2025	14:47:03	40.57348	141.56292	-16	0.0	2	2.0	255
12/05/2025	14:48:02	40.57336	141.56297	10	0.0	2	2.0	226
12/05/2025	14:49:03	40.57339	141.56293	-16	0.0	3	2.0	260
12/05/2025	14:50:02	40.57319	141.56320	24	0.0	3	2.0	256
12/05/2025	14:51:02	40.57316	141.56310	-22	0.0	3	2.0	225
12/05/2025	14:52:02	40.57290	141.56340	44	0.0	2	2.4	255
12/05/2025	14:53:01	40.57291	141.56341	-2	0.0	3	2.0	239
12/05/2025	14:54:02	40.57278	141.56360	30	0.0	3	2.0	254
12/05/2025	14:55:02	40.57286	141.56358	-2	0.0	3	2.0	266
12/05/2025	14:56:03	40.57277	141.56359	0	0.0	3	2.0	254
12/05/2025	14:57:03	40.57280	141.56373	-4	0.0	3	2.0	258
12/05/2025	14:58:02	40.57270	141.56382	-2	0.0	3	2.0	229
12/05/2025	14:59:03	40.57257	141.56391	8	0.0	3	2.0	257
12/05/2025	15:00:02	40.57250	141.56405	10	0.0	2	2.0	256
12/05/2025	15:01:03	40.57260	141.56399	-48	0.0	3	7.0	247
12/05/2025	15:02:04	40.57228	141.56425	24	7.4	3	7.1	250
12/05/2025	15:03:03	40.57167	141.56383	2	33.3	3	7.3	261
12/05/2025	15:04:03	40.56626	141.56309	24	40.7	3	7.4	263
12/05/2025	15:05:04	40.55983	141.56376	118	37.0	3	8.1	260
12/05/2025	15:06:05	40.55413	141.56351	-28	37.0	3	8.3	259
12/05/2025	15:07:04	40.54926	141.56352	-24	29.6	3	9.0	261
12/05/2025	15:08:05	40.54430	141.56324	128	29.6	3	9.1	264
12/05/2025	15:09:04	40.54261	141.55910	48	18.5	3	9.3	268
12/05/2025	15:10:04	40.54264	141.55830	-124	3.7	3	10.0	246
12/05/2025	15:11:05	40.54165	141.55963	212	0.0	3	10.3	257
12/05/2025	15:12:07	40.54240	141.55881	-60	0.0	3	11.0	259
12/05/2025	15:13:04	40.54109	141.55970	138	37.0	3	11.2	270
12/05/2025	15:14:05	40.53885	141.55913	194	0.0	3	12.0	260
12/05/2025	15:15:04	40.53921	141.55872	82	0.0	3	12.2	255
12/05/2025	15:16:06	40.53910	141.55884	112	0.0	3	13.0	257
12/05/2025	15:17:33	40.53945	141.55844	4	0.0	7	0.4	267
12/05/2025	15:18:00	40.53943	141.55830	-10	0.0	3	2.0	263
12/05/2025	15:19:00	40.53981	141.55875	46	0.0	4	2.1	270
12/05/2025	15:20:00	40.53980	141.55851	4	7.4	3	2.4	216
12/05/2025	15:21:00	40.53955	141.55841	-14	3.7	3	1.3	210
12/05/2025	15:22:00	40.53941	141.55856	46	0.0	5	1.2	244
12/05/2025	15:23:01	40.53942	141.55846	12	0.0	7	1.0	249
12/05/2025	15:24:01	40.53948	141.55853	6	0.0	5	1.2	232
12/05/2025	15:25:00	40.53961	141.55860	-4	11.1	3	2.4	247
12/05/2025	15:26:01	40.53939	141.55846	16	0.0	4	1.4	246
12/05/2025	15:27:00	40.53942	141.55841	16	0.0	5	1.2	279
12/05/2025	15:28:00	40.53933	141.55845	6	0.0	4	1.3	271
12/05/2025	15:29:01	40.53945	141.55840	-2	0.0	6	1.1	267
12/05/2025	15:30:01	40.53942	141.55830	14	0.0	5	1.2	258
12/05/2025	15:31:01	40.53941	141.55842	10	0.0	5	1.2	284
12/05/2025	15:32:01	40.53940	141.55832	-2	0.0	4	2.4	223
12/05/2025	15:33:01	40.53938	141.55839	24	0.0	5	1.2	257
12/05/2025	15:34:01	40.53946	141.55848	-6	0.0	5	1.2	252
12/05/2025	15:35:01	40.53945	141.55856	4	0.0	4	2.3	231
12/05/2025	15:36:01	40.53948	141.55836	-16	0.0	4	2.3	265
12/05/2025	15:37:01	40.53941	141.55834	32	0.0	4	2.3	231
12/05/2025	15:38:01	40.53942	141.55851	0	0.0	4	2.3	232
12/05/2025	15:39:00	40.53958	141.55856	-22	0.0	3	2.4	159
12/05/2025	15:40:01	40.53941	141.55839	26	0.0	5	1.2	232
12/05/2025	15:41:00	40.53961	141.55864	28	0.0	3	1.4	180
12/05/2025	15:42:00	40.53954	141.55898	6	0.0	5	1.3	209
12/05/2025	15:43:00	40.53947	141.55883	-2	0.0	3	2.1	184
12/05/2025	15:44:00	40.53956	141.55882	0	0.0	4	2.0	174
12/05/2025	15:45:01	40.53943	141.55881	18	0.0	5	1.1	202
12/05/2025	15:46:01	40.53938	141.55875	8	0.0	4	1.2	228
12/05/2025	15:47:02	40.53919	141.55802	8	0.0	3	2.4	204
12/05/2025	15:48:03	40.53906	141.55792	32	0.0	3	1.3	181
12/05/2025	15:49:10	40.53905	141.55798	14	0.0	3	1.3	159
12/05/2025	15:50:03	40.53916	141.55796	6	0.0	3	2.1	130
12/05/2025	15:51:02	40.53918	141.55785	26	0.0	3	2.1	127
12/05/2025	15:52:04	40.53913	141.55783	12	0.0	2	2.2	149
12/05/2025	15:53:04	40.53917	141.55779	10	0.0	2	2.2	128
12/05/2025	15:54:04	40.53900	141.55794	-42	0.0	3	2.1	128
12/05/2025	15:55:03	40.53906	141.55787	12	0.0	2	2.3	107
12/05/2025	15:56:05	40.53909	141.55792	-6	0.0	3	2.1	127
12/05/2025	15:57:04	40.53906	141.55796	-16	0.0	3	2.2	130
12/05/2025	15:58:04	40.53916	141.55793	34	0.0	2	2.4	126
12/05/2025	15:59:05	40.53904	141.55790	0	0.0	3	1.4	127
12/05/2025	16:00:04	40.53904	141.55813	36	0.0	3	2.2	129
12/05/2025	16:01:05	40.53906	141.55795	12	0.0	3	1.4	126
12/05/2025	16:02:04	40.53891	141.55828	52	0.0	2	2.3	126
12/05/2025	16:03:04	40.53900	141.55815	36	0.0	2	2.4	128
12/05/2025	16:04:04	40.53906	141.55784	-32	0.0	2	2.4	128
12/05/2025	16:05:04	40.53910	141.55795	18	0.0	2	2.4	151
12/05/2025	16:06:03	40.53906	141.55806	32	0.0	2	3.1	129
12/05/2025	16:07:04	40.53900	141.55802	42	0.0	2	3.0	146
12/05/2025	16:08:04	40.53901	141.55819	-8	0.0	3	2.0	143
12/05/2025	16:09:04	40.53904	141.55797	36	0.0	3	2.0	123
12/05/2025	16:10:05	40.53909	141.55775	-6	0.0	3	2.0	142
12/05/2025	16:11:04	40.53889	141.55804	-22	3.7	2	3.3	140
12/05/2025	16:12:04	40.53908	141.55795	-14	0.0	2	3.3	143
12/05/2025	16:13:03	40.53912	141.55790	-34	0.0	2	3.4	144
12/05/2025	16:14:05	40.53907	141.55802	-12	0.0	4	1.2	142
12/05/2025	16:15:03	40.53933	141.55794	-22	3.7	2	5.2	145
12/05/2025	16:21:26	40.53908	141.55803	0	0.0	3	2.2	130
12/05/2025	16:22:05	40.53914	141.55794	16	0.0	2	3.3	98
12/05/2025	16:23:06	40.53900	141.55821	24	0.0	2	3.3	115
12/05/2025	16:24:06	40.53903	141.55791	50	0.0	2	3.3	118
12/05/2025	16:30:41	40.53912	141.55798	-24	0.0	3	1.3	154
12/05/2025	16:31:04	40.53909	141.55797	-14	0.0	2	2.3	100
12/05/2025	16:32:05	40.53918	141.55797	28	0.0	2	2.3	117
12/05/2025	16:33:04	40.53902	141.55812	34	0.0	1	4.0	102
12/05/2025	16:39:34	40.53915	141.55791	-18	0.0	3	1.3	137
12/05/2025	16:40:06	40.53914	141.55805	-20	0.0	1	4.2	142
12/05/2025	16:46:25	40.53912	141.55785	-12	0.0	3	1.4	132
12/05/2025	16:47:05	40.53902	141.55808	14	0.0	2	6.2	121
12/05/2025	16:48:05	40.53901	141.55809	0	0.0	2	5.2	120
12/05/2025	16:49:05	40.53916	141.55754	-52	7.4	1	5.4	136
12/05/2025	16:50:07	40.53910	141.55791	6	3.7	2	2.1	142
12/05/2025	16:51:05	40.53903	141.55801	22	0.0	3	2.1	139
12/05/2025	16:52:05	40.53906	141.55794	-12	0.0	2	2.1	136
12/05/2025	16:53:05	40.53907	141.55779	-40	0.0	3	2.1	134
12/05/2025	16:54:05	40.53903	141.55836	52	0.0	2	7.3	137
12/05/2025	16:55:05	40.53908	141.55772	-60	3.7	3	2.1	139
12/05/2025	16:56:04	40.53896	141.55810	-4	0.0	2	2.1	121
12/05/2025	16:57:04	40.53903	141.55802	-26	0.0	2	2.1	121
12/05/2025	16:58:04	40.53908	141.55786	-20	3.7	3	2.1	102
12/05/2025	16:59:04	40.53903	141.55796	-14	3.7	3	2.1	102
12/05/2025	17:00:04	40.53893	141.55807	-28	0.0	3	3.0	103
12/05/2025	17:01:04	40.53915	141.55799	36	0.0	3	3.0	104
12/05/2025	17:02:06	40.53909	141.55784	-18	0.0	3	3.0	103
12/05/2025	17:03:05	40.53917	141.55769	-18	0.0	2	2.3	105
12/05/2025	17:04:24	40.53916	141.55802	30	0.0	3	2.2	153
12/05/2025	17:05:05	40.53898	141.55781	-44	0.0	3	3.0	106
12/05/2025	17:06:04	40.53908	141.55778	-14	0.0	3	2.4	111
12/05/2025	17:07:04	40.53908	141.55788	24	0.0	3	2.4	129
12/05/2025	17:08:04	40.53905	141.55770	-52	0.0	3	2.4	131
12/05/2025	17:09:04	40.53912	141.55814	44	0.0	3	2.4	135
12/05/2025	17:10:04	40.53905	141.55786	-40	0.0	3	3.0	152
12/05/2025	17:11:04	40.53904	141.55797	-40	0.0	2	2.3	133
12/05/2025	17:12:05	40.53897	141.55800	8	0.0	3	3.0	154
12/05/2025	17:13:07	40.53918	141.55778	8	0.0	2	2.3	152
12/05/2025	17:14:06	40.53906	141.55790	8	0.0	2	2.3	134
12/05/2025	17:20:51	40.53908	141.55785	-4	0.0	4	2.1	161
12/05/2025	17:21:03	40.53902	141.55798	12	0.0	4	2.1	158
12/05/2025	17:22:31	40.53910	141.55817	78	0.0	4	2.1	149
12/05/2025	17:23:10	40.53911	141.55799	30	0.0	4	2.1	141
12/05/2025	17:24:05	40.53906	141.55800	24	0.0	4	2.1	151
12/05/2025	17:25:28	40.53911	141.55808	54	0.0	4	2.1	153
12/05/2025	17:26:13	40.53909	141.55788	-22	0.0	3	7.4	132
12/05/2025	17:27:04	40.53909	141.55773	-68	0.0	3	6.4	137
12/05/2025	17:28:04	40.53931	141.55800	34	0.0	3	5.4	135
12/05/2025	17:29:04	40.53915	141.55776	-60	0.0	2	6.1	132
12/05/2025	17:30:03	40.53917	141.55824	102	0.0	2	5.3	124
12/05/2025	17:31:08	40.53905	141.55790	-16	0.0	2	5.0	128
12/05/2025	17:32:05	40.53906	141.55787	-20	0.0	2	4.4	110
12/05/2025	17:33:05	40.53902	141.55800	-8	0.0	2	4.2	108
12/05/2025	17:39:33	40.53902	141.55802	20	0.0	3	2.1	130
12/05/2025	17:40:03	40.53907	141.55798	4	0.0	2	2.2	130
12/05/2025	17:41:03	40.53899	141.55801	14	0.0	2	2.2	127
12/05/2025	17:42:03	40.53901	141.55796	44	0.0	2	2.1	129
12/05/2025	17:43:03	40.53903	141.55790	-40	0.0	2	2.1	103
12/05/2025	17:44:03	40.53913	141.55793	12	3.7	2	2.1	122
12/05/2025	17:45:04	40.53903	141.55800	-28	0.0	2	2.0	123
12/05/2025	17:46:03	40.53906	141.55801	-4	0.0	2	2.0	124
12/05/2025	17:47:05	40.53905	141.55804	14	0.0	3	1.4	119
12/05/2025	17:48:05	40.53892	141.55817	30	0.0	2	2.0	97
12/05/2025	17:49:06	40.53906	141.55804	16	3.7	2	2.0	96
12/05/2025	17:50:14	40.53905	141.55795	-14	0.0	2	1.4	132
12/05/2025	17:51:24	40.53922	141.55806	48	0.0	2	9.1	135
12/05/2025	17:52:06	40.53896	141.55799	14	3.7	2	1.4	94
12/05/2025	17:53:11	40.53904	141.55797	10	0.0	3	1.3	118
12/05/2025	17:54:04	40.53903	141.55778	-54	3.7	2	1.4	98
12/05/2025	17:55:04	40.53902	141.55799	14	0.0	2	1.4	100
12/05/2025	17:56:04	40.53922	141.55800	50	0.0	2	1.4	96
12/05/2025	17:57:04	40.53893	141.55815	24	0.0	2	1.4	99
12/05/2025	17:58:04	40.53899	141.55804	-16	0.0	2	1.4	96
12/05/2025	17:59:05	40.53898	141.55800	26	0.0	2	1.4	97
12/05/2025	18:00:05	40.53903	141.55816	12	0.0	2	1.4	96
12/05/2025	18:01:04	40.53920	141.55794	-26	0.0	2	2.0	100
12/05/2025	18:02:04	40.53908	141.55809	32	0.0	2	2.0	99
12/05/2025	18:03:10	40.53914	141.55795	-2	0.0	3	1.3	96
12/05/2025	18:04:05	40.53904	141.55808	4	0.0	2	2.0	94
12/05/2025	18:05:03	40.53897	141.55813	54	0.0	2	2.0	102
12/05/2025	18:06:04	40.53905	141.55804	8	0.0	2	2.0	118
12/05/2025	18:07:04	40.53894	141.55798	34	0.0	2	2.0	101
12/05/2025	18:08:04	40.53904	141.55800	32	0.0	2	2.0	103
12/05/2025	18:09:04	40.53914	141.55786	-16	0.0	2	2.0	118
12/05/2025	18:10:02	40.53905	141.55793	0	0.0	2	2.0	87
12/05/2025	18:11:02	40.53897	141.55793	86	0.0	2	2.0	84
12/05/2025	18:12:03	40.53899	141.55785	10	0.0	2	2.1	128
12/05/2025	18:13:02	40.53905	141.55797	26	0.0	2	2.1	83
12/05/2025	18:14:03	40.53897	141.55799	34	0.0	2	2.1	128
12/05/2025	18:15:03	40.53897	141.55789	42	0.0	2	2.1	145
12/05/2025	18:16:03	40.53902	141.55804	-2	0.0	2	2.1	146
12/05/2025	18:17:04	40.53914	141.55785	-20	0.0	2	2.1	150
12/05/2025	18:18:03	40.53906	141.55790	-8	0.0	2	2.2	132
12/05/2025	18:19:04	40.53904	141.55809	6	0.0	2	2.2	173
12/05/2025	18:20:04	40.53913	141.55791	4	0.0	2	2.2	134
12/05/2025	18:21:03	40.53914	141.55789	-18	0.0	2	2.2	139
12/05/2025	18:22:03	40.53922	141.55778	-38	0.0	2	2.2	137
12/05/2025	18:23:03	40.53904	141.55787	14	0.0	2	2.3	133
12/05/2025	18:24:03	40.53909	141.55794	10	0.0	2	2.3	143
12/05/2025	18:25:02	40.53902	141.55771	-10	0.0	2	2.3	143
12/05/2025	18:26:03	40.53902	141.55812	14	0.0	2	2.4	143
12/05/2025	18:27:04	40.53904	141.55806	16	0.0	2	2.4	143
12/05/2025	18:28:04	40.53914	141.55797	-4	0.0	2	2.4	140
12/05/2025	18:29:04	40.53917	141.55794	-10	0.0	2	3.0	143
12/05/2025	18:30:03	40.53905	141.55802	14	3.7	2	3.0	144
12/05/2025	18:31:04	40.53896	141.55816	32	0.0	2	3.0	144
12/05/2025	18:32:04	40.53913	141.55797	-18	0.0	2	3.1	141
12/05/2025	18:33:04	40.53897	141.55805	34	0.0	2	3.1	141
12/05/2025	18:34:05	40.53930	141.55756	-34	7.4	2	3.2	138
12/05/2025	18:35:04	40.53911	141.55792	-2	0.0	2	3.2	140
12/05/2025	18:36:04	40.53910	141.55792	4	7.4	2	3.3	138
12/05/2025	18:37:05	40.53922	141.55769	-18	11.1	2	3.3	156
12/05/2025	18:38:05	40.53902	141.55800	12	3.7	2	3.4	161
12/05/2025	18:39:05	40.53906	141.55793	10	11.1	2	4.0	160
12/05/2025	18:40:05	40.53881	141.55832	50	7.4	2	4.0	161
12/05/2025	18:41:05	40.53901	141.55810	20	14.8	2	4.1	156
12/05/2025	18:42:02	40.53888	141.55824	42	0.0	2	4.2	140
12/05/2025	18:43:02	40.53910	141.55799	-0	0.0	2	4.3	208
12/05/2025	18:44:03	40.53904	141.55801	8	0.0	2	4.4	229
12/05/2025	18:45:02	40.53913	141.55783	-14	0.0	2	5.0	210
12/05/2025	18:46:03	40.53916	141.55778	-16	0.0	3	4.3	214
12/05/2025	18:47:03	40.53904	141.55808	16	0.0	3	4.4	215
12/05/2025	18:48:02	40.53896	141.55813	26	0.0	3	5.0	178
12/05/2025	18:49:03	40.53899	141.55802	14	0.0	3	5.2	219
12/05/2025	18:50:02	40.53918	141.55780	-0	0.0	3	5.3	187
12/05/2025	18:51:03	40.53898	141.55803	6	0.0	3	6.0	192
12/05/2025	18:52:02	40.53940	141.55764	-56	0.0	2	7.1	190
12/05/2025	18:53:04	40.53920	141.55761	-16	0.0	2	7.4	191
12/05/2025	18:54:03	40.53911	141.55778	-0	0.0	2	8.2	192
12/05/2025	18:55:04	40.53914	141.55814	6	0.0	2	9.0	185
12/05/2025	18:56:04	40.53918	141.55766	-22	0.0	3	8.4	247
12/05/2025	18:57:02	40.53921	141.55768	-18	0.0	2	10.3	208
12/05/2025	18:58:03	40.53906	141.55805	14	0.0	2	11.3	228
12/05/2025	18:59:02	40.53880	141.55839	10	0.0	1	6.2	201
12/05/2025	19:00:05	40.53909	141.55793	-6	7.4	3	19.1	205
12/05/2025	19:01:33	40.53907	141.55797	6	0.0	6	1.1	234
12/05/2025	19:02:01	40.53908	141.55801	6	0.0	5	1.1	230
12/05/2025	19:03:01	40.53903	141.55805	24	0.0	3	1.3	144
12/05/2025	19:04:00	40.53907	141.55798	-8	0.0	3	1.3	178
12/05/2025	19:05:00	40.53921	141.55787	-18	0.0	3	1.4	179
12/05/2025	19:06:00	40.53900	141.55798	18	0.0	5	1.1	182
12/05/2025	19:07:02	40.53908	141.55794	4	0.0	5	1.2	197
12/05/2025	19:08:01	40.53897	141.55805	0	0.0	4	2.1	196
12/05/2025	19:09:01	40.53942	141.55898	4	25.9	6	1.1	297
12/05/2025	19:10:01	40.53970	141.55909	26	0.0	4	2.0	292
12/05/2025	19:11:02	40.53941	141.55825	-22	0.0	4	2.3	200
12/05/2025	19:12:01	40.53962	141.55841	-16	0.0	4	1.4	261
12/05/2025	19:13:01	40.53940	141.55843	2	0.0	6	1.1	208
12/05/2025	19:14:00	40.53939	141.55837	-0	0.0	3	2.4	295
12/05/2025	19:15:01	40.53945	141.55846	8	0.0	5	1.4	258
12/05/2025	19:16:01	40.53941	141.55836	10	0.0	6	1.1	261
12/05/2025	19:17:01	40.53943	141.55849	10	0.0	4	1.3	261
12/05/2025	19:18:00	40.53944	141.55836	10	0.0	4	1.4	253
12/05/2025	19:19:01	40.53950	141.55843	16	0.0	4	2.0	227
12/05/2025	19:20:01	40.53897	141.55812	26	0.0	3	1.4	168
12/05/2025	19:21:01	40.53916	141.55793	2	0.0	3	1.4	144
12/05/2025	19:22:01	40.53900	141.55817	38	0.0	3	1.4	193
12/05/2025	19:23:02	40.53909	141.55799	10	0.0	3	4.2	189
12/05/2025	19:24:01	40.53910	141.55807	2	0.0	4	1.4	171
12/05/2025	19:25:01	40.53910	141.55800	18	0.0	4	1.1	177
12/05/2025	19:26:02	40.53917	141.55789	2	0.0	4	1.1	188
12/05/2025	19:27:03	40.53911	141.55803	8	0.0	4	1.4	187
12/05/2025	19:28:02	40.53919	141.55804	0	0.0	3	4.0	169
12/05/2025	19:29:03	40.53907	141.55793	4	0.0	3	3.1	207
12/05/2025	19:30:02	40.53897	141.55790	-10	0.0	3	4.0	166
12/05/2025	19:31:02	40.53918	141.55800	-14	0.0	2	3.2	165
12/05/2025	19:32:02	40.53882	141.55759	-52	0.0	2	6.1	110
12/05/2025	19:33:03	40.53911	141.55812	16	0.0	4	1.4	216
12/05/2025	19:34:03	40.53885	141.55793	50	0.0	3	3.0	211
12/05/2025	19:35:02	40.53914	141.55801	-2	0.0	2	3.2	191
12/05/2025	19:36:02	40.53908	141.55795	8	0.0	3	3.0	189
12/05/2025	19:37:02	40.53902	141.55806	12	0.0	3	3.0	190
12/05/2025	19:38:02	40.53907	141.55804	2	0.0	3	3.0	180
12/05/2025	19:39:02	40.53913	141.55794	-2	0.0	2	3.2	192
12/05/2025	19:40:02	40.53903	141.55796	8	0.0	2	3.2	168
12/05/2025	19:41:03	40.53905	141.55794	0	0.0	3	1.3	213
12/05/2025	19:42:02	40.53916	141.55808	-22	0.0	2	3.1	166
12/05/2025	19:43:02	40.53888	141.55772	-0	0.0	2	6.2	197
12/05/2025	19:44:03	40.53898	141.55791	16	0.0	3	2.4	215
12/05/2025	19:45:02	40.53897	141.55786	26	0.0	3	2.4	202
12/05/2025	19:46:02	40.53900	141.55798	20	0.0	2	3.1	195
12/05/2025	19:47:02	40.53906	141.55792	6	0.0	3	3.3	198
12/05/2025	19:48:02	40.53908	141.55793	-0	0.0	4	1.4	197
12/05/2025	19:49:02	40.53905	141.55796	-0	0.0	4	2.0	210
12/05/2025	19:50:01	40.53915	141.55822	36	0.0	4	2.0	210
12/05/2025	19:51:00	40.53922	141.55808	30	0.0	4	2.0	222
12/05/2025	19:52:01	40.53902	141.55781	-12	0.0	4	2.0	225
12/05/2025	19:53:01	40.53909	141.55803	20	0.0	4	2.0	167
12/05/2025	19:54:01	40.53907	141.55793	60	0.0	2	4.0	171
12/05/2025	19:55:01	40.53876	141.55785	52	0.0	3	4.3	172
12/05/2025	19:56:02	40.53915	141.55799	22	0.0	4	2.0	199
12/05/2025	19:57:01	40.53910	141.55807	2	0.0	3	6.0	176
12/05/2025	19:58:01	40.53902	141.55780	-8	0.0	3	1.3	191
12/05/2025	19:59:01	40.53897	141.55778	-0	0.0	4	2.0	198
12/05/2025	20:00:01	40.53928	141.55785	-22	0.0	1	4.2	198
12/05/2025	20:01:01	40.53912	141.55797	-4	0.0	3	2.3	194
12/05/2025	20:02:02	40.53937	141.55835	-76	0.0	3	2.3	195
12/05/2025	20:03:01	40.53909	141.55782	12	0.0	2	3.2	195
12/05/2025	20:04:01	40.53912	141.55809	4	0.0	2	3.2	195
12/05/2025	20:05:02	40.53906	141.55799	-6	0.0	2	3.2	172
12/05/2025	20:06:02	40.53924	141.55817	2	0.0	3	3.2	202
12/05/2025	20:07:05	40.53899	141.55780	12	3.7	3	3.2	108
12/05/2025	20:08:24	40.53911	141.55807	2	0.0	3	3.1	117
12/05/2025	20:09:15	40.53897	141.55775	60	11.1	3	4.0	128
12/05/2025	20:10:33	40.53907	141.55794	0	0.0	3	2.4	134
12/05/2025	20:11:05	40.53915	141.55796	-2	11.1	3	3.3	131
12/05/2025	20:12:04	40.53890	141.55796	8	3.7	3	3.3	116
12/05/2025	20:13:04	40.53917	141.55800	-6	7.4	2	4.2	123
12/05/2025	20:14:03	40.53925	141.55823	-20	14.8	2	4.2	141
12/05/2025	20:15:04	40.53905	141.55816	8	0.0	3	3.2	144
12/05/2025	20:16:05	40.53906	141.55802	16	7.4	3	3.2	140
12/05/2025	20:17:04	40.53906	141.55784	10	0.0	2	4.2	125
12/05/2025	20:18:14	40.53907	141.55800	0	0.0	3	2.4	159
12/05/2025	20:19:04	40.53918	141.55807	-20	0.0	3	3.2	124
12/05/2025	20:20:03	40.53931	141.55812	-74	7.4	2	4.2	128
12/05/2025	20:21:04	40.53916	141.55832	-14	0.0	2	4.2	123
12/05/2025	20:22:04	40.53918	141.55786	-6	0.0	3	3.1	125
12/05/2025	20:23:04	40.53907	141.55803	12	0.0	3	3.1	127
12/05/2025	20:24:04	40.53909	141.55793	2	3.7	2	4.3	126
12/05/2025	20:25:05	40.53898	141.55785	38	0.0	3	3.1	147
12/05/2025	20:26:04	40.53910	141.55794	6	0.0	3	3.1	125
12/05/2025	20:27:02	40.53908	141.55793	-20	0.0	2	4.2	125
12/05/2025	20:28:04	40.53939	141.55867	-48	0.0	3	3.1	126
12/05/2025	20:29:04	40.53912	141.55832	-20	0.0	2	4.4	125
12/05/2025	20:30:04	40.53925	141.55797	-26	0.0	3	3.1	141
12/05/2025	20:31:05	40.53919	141.55794	-22	0.0	3	3.1	139
12/05/2025	20:32:15	40.53906	141.55787	6	0.0	3	2.4	143
12/05/2025	20:33:04	40.53907	141.55789	0	0.0	2	5.0	147
12/05/2025	20:34:03	40.53908	141.55794	2	0.0	2	5.0	150
12/05/2025	20:35:03	40.53915	141.55781	-22	3.7	2	5.0	152
12/05/2025	20:36:04	40.53912	141.55776	-4	0.0	2	5.1	148
12/05/2025	20:37:03	40.53928	141.55806	-28	0.0	2	5.1	151
12/05/2025	20:38:05	40.53894	141.55761	34	0.0	3	3.0	150
12/05/2025	20:39:04	40.53902	141.55789	16	0.0	2	5.2	152
12/05/2025	20:40:04	40.53910	141.55813	-18	0.0	3	3.0	152
12/05/2025	20:41:02	40.53901	141.55811	6	0.0	2	5.3	158
12/05/2025	20:42:04	40.53905	141.55800	18	3.7	2	4.4	153
12/05/2025	20:43:15	40.53900	141.55796	20	0.0	3	2.4	162
12/05/2025	20:44:05	40.53903	141.55802	20	3.7	3	3.0	151
12/05/2025	20:45:04	40.53914	141.55767	4	0.0	2	6.0	152
12/05/2025	20:46:04	40.53912	141.55758	-6	3.7	2	6.1	150
12/05/2025	20:47:04	40.53898	141.55796	56	3.7	3	3.1	149
12/05/2025	20:48:04	40.53865	141.55820	90	3.7	2	6.2	144
12/05/2025	20:49:04	40.53867	141.55781	114	0.0	3	3.1	143
12/05/2025	20:50:05	40.53906	141.55833	10	3.7	3	3.1	139
12/05/2025	20:51:04	40.53908	141.55737	12	0.0	2	6.4	127
12/05/2025	20:52:05	40.53915	141.55781	-2	0.0	2	7.0	139
12/05/2025	20:53:05	40.53947	141.55737	-60	25.9	2	7.0	133
12/05/2025	20:54:05	40.53903	141.55846	4	3.7	2	7.1	119
12/05/2025	21:01:03	40.53910	141.55792	0	0.0	2	8.2	116
12/05/2025	21:02:05	40.53860	141.55869	86	25.9	2	8.2	96
12/05/2025	21:03:45	40.53906	141.55790	10	0.0	2	8.4	97
12/05/2025	21:04:03	40.53886	141.55822	42	0.0	2	8.4	98
12/05/2025	21:05:23	40.53889	141.55833	36	0.0	3	3.2	123
12/05/2025	21:06:04	40.53887	141.55849	24	14.8	2	9.1	117
12/05/2025	21:07:25	40.53952	141.55680	-50	14.8	2	9.2	135
12/05/2025	21:08:05	40.53813	141.55964	152	0.0	2	9.3	117
12/05/2025	21:09:25	40.53883	141.55855	38	33.3	3	3.2	130
12/05/2025	21:10:05	40.53981	141.55634	-88	11.1	2	9.4	118
12/05/2025	21:11:05	40.53924	141.55737	0	0.0	2	10.0	99
12/05/2025	21:12:04	40.53916	141.55783	-0	11.1	2	10.1	122
12/05/2025	21:18:45	40.53908	141.55790	4	0.0	3	3.3	156
12/05/2025	21:19:06	40.53903	141.55805	14	11.1	2	10.0	137
12/05/2025	21:20:08	40.53943	141.55716	14	3.7	1	7.2	121
12/05/2025	21:21:08	40.53888	141.55810	46	0.0	2	8.4	147
12/05/2025	21:28:34	40.53899	141.55805	22	0.0	2	8.4	98
12/05/2025	21:29:06	40.53889	141.55808	62	14.8	3	6.1	136
12/05/2025	21:30:03	40.53897	141.55821	24	18.5	2	6.3	117
12/05/2025	21:36:48	40.53911	141.55799	2	0.0	3	4.4	128
12/05/2025	21:37:03	40.53921	141.55813	0	3.7	2	5.1	102
12/05/2025	21:38:28	40.53910	141.55799	2	0.0	3	4.3	140
12/05/2025	21:39:04	40.53904	141.55784	12	0.0	2	5.3	123
12/05/2025	21:40:26	40.53899	141.55805	26	0.0	3	4.2	118
12/05/2025	21:41:03	40.53924	141.55792	-32	0.0	3	4.1	160
12/05/2025	21:42:02	40.53881	141.55800	52	0.0	3	4.1	225
12/05/2025	21:43:02	40.53882	141.55809	56	0.0	3	4.0	151
12/05/2025	21:44:02	40.53916	141.55795	-2	0.0	3	4.0	209
12/05/2025	21:45:03	40.53884	141.55802	46	3.7	3	4.0	247
12/05/2025	21:46:02	40.53921	141.55896	8	33.3	3	3.4	297
12/05/2025	21:47:03	40.54133	141.55994	30	37.0	3	3.4	297
12/05/2025	21:48:04	40.54248	141.56056	-0	0.0	3	3.4	294
12/05/2025	21:49:03	40.54265	141.56065	-42	0.0	3	3.3	285
12/05/2025	21:50:02	40.54255	141.56083	-8	0.0	3	3.3	300
12/05/2025	21:51:03	40.54252	141.56092	-18	11.1	3	3.3	314
12/05/2025	21:52:02	40.54444	141.56158	20	0.0	3	3.2	283
12/05/2025	21:53:02	40.54465	141.56147	-26	0.0	3	3.2	260
12/05/2025	21:54:01	40.54533	141.56107	-164	0.0	3	3.2	261
12/05/2025	21:55:02	40.54738	141.56388	44	40.7	3	3.2	284
12/05/2025	21:56:03	40.55347	141.56734	-14	37.0	3	3.1	286
12/05/2025	21:57:04	40.55737	141.56825	18	14.8	2	4.0	275
12/05/2025	21:58:04	40.56003	141.56852	72	33.3	3	3.1	281
12/05/2025	21:59:04	40.56473	141.56768	22	33.3	3	3.1	282
12/05/2025	22:00:04	40.56989	141.56725	24	33.3	1	2.1	279
12/05/2025	22:01:04	40.57480	141.56534	26	33.3	1	2.1	279
12/05/2025	22:02:03	40.57996	141.56340	28	33.3	1	2.1	278
12/05/2025	22:03:04	40.58463	141.56017	16	33.3	2	3.1	284
12/05/2025	22:04:06	40.58969	141.55845	12	33.3	1	2.1	277
12/05/2025	22:05:05	40.59422	141.55545	14	37.0	1	2.1	280
12/05/2025	22:06:04	40.59823	141.55134	36	37.0	2	3.0	279
12/05/2025	22:07:04	40.60256	141.54727	34	33.3	1	2.1	280
12/05/2025	22:08:04	40.60653	141.54396	-52	25.9	2	3.0	272
12/05/2025	22:09:04	40.60659	141.54419	24	25.9	2	3.0	306
12/05/2025	22:10:05	40.60842	141.54267	6	29.6	2	3.0	276
12/05/2025	22:11:04	40.60904	141.53867	34	29.6	2	3.0	276
12/05/2025	22:12:04	40.61037	141.53345	20	29.6	2	3.0	270
12/05/2025	22:13:01	40.60777	141.53027	-4	29.6	2	3.0	264
12/05/2025	22:14:05	40.60639	141.52602	-34	3.7	2	3.0	264
12/05/2025	22:15:04	40.60638	141.52593	-34	0.0	1	2.1	270
12/05/2025	22:16:08	40.60635	141.52572	-34	0.0	1	2.1	249
12/05/2025	22:22:43	40.58933	141.51919	14	33.3	3	2.1	276
12/05/2025	22:23:01	40.58869	141.51931	30	25.9	3	2.1	266
12/05/2025	22:24:02	40.58835	141.51846	-2	0.0	2	4.0	271
12/05/2025	22:25:01	40.58827	141.51811	78	0.0	2	3.4	250
12/05/2025	22:26:02	40.58876	141.51844	-52	0.0	2	3.4	266
12/05/2025	22:27:02	40.58865	141.51809	16	0.0	2	3.4	290
12/05/2025	22:28:02	40.58880	141.51814	0	0.0	2	3.4	265
12/05/2025	22:29:02	40.58871	141.51812	52	0.0	2	3.4	239
12/05/2025	22:30:03	40.58898	141.51816	24	0.0	3	2.1	259
12/05/2025	22:31:03	40.58918	141.51808	6	0.0	3	2.1	265
12/05/2025	22:32:02	40.58930	141.51786	-2	0.0	3	5.0	237
12/05/2025	22:33:03	40.58927	141.51792	36	0.0	2	3.3	259
12/05/2025	22:34:02	40.58956	141.51778	-28	0.0	3	4.4	242
12/05/2025	22:35:03	40.58958	141.51784	-24	0.0	2	3.3	264
12/05/2025	22:36:02	40.58965	141.51775	-30	0.0	2	3.3	238
12/05/2025	22:37:03	40.58956	141.51763	80	0.0	2	3.2	261
12/05/2025	22:43:17	40.56515	141.53104	18	44.4	3	2.2	265
12/05/2025	22:44:03	40.56424	141.53498	-16	0.0	2	2.3	226
12/05/2025	22:45:02	40.56419	141.53492	-0	0.0	2	2.3	278
12/05/2025	22:46:03	40.56425	141.53510	16	0.0	2	2.4	272
12/05/2025	22:47:02	40.56416	141.53519	18	0.0	2	2.3	231
12/05/2025	22:48:02	40.56417	141.53511	18	0.0	1	2.2	250
12/05/2025	22:49:05	40.56417	141.53501	20	0.0	3	2.3	268
12/05/2025	22:50:03	40.56412	141.53503	-14	22.2	3	2.3	276
12/05/2025	22:51:02	40.55967	141.53486	26	29.6	3	2.3	258
12/05/2025	22:52:02	40.55534	141.53598	104	29.6	2	3.2	273
12/05/2025	22:53:02	40.55205	141.54009	12	29.6	3	2.3	280
12/05/2025	22:54:02	40.54870	141.54701	146	59.3	2	3.2	273
12/05/2025	22:55:02	40.54464	141.55259	18	33.3	3	2.3	282
12/05/2025	22:56:01	40.54386	141.55265	30	0.0	2	3.3	223
12/05/2025	22:57:02	40.54559	141.55529	22	0.0	2	3.3	270
12/05/2025	22:58:03	40.54565	141.55508	-48	0.0	2	3.4	303
12/05/2025	23:04:32	40.54256	141.56092	-8	0.0	3	4.1	290
12/05/2025	23:05:01	40.54260	141.56112	16	0.0	3	1.3	281
12/05/2025	23:06:01	40.54215	141.56122	-2	18.5	7	0.4	290
12/05/2025	23:07:00	40.54011	141.55746	4	22.2	4	1.3	200
12/05/2025	23:08:00	40.53986	141.55700	0	0.0	4	1.3	236
12/05/2025	23:09:00	40.53980	141.55698	-10	0.0	6	1.0	294
12/05/2025	23:10:00	40.53987	141.55683	12	0.0	4	2.1	289
12/05/2025	23:11:01	40.53979	141.55703	-6	0.0	7	1.0	295
12/05/2025	23:12:00	40.53972	141.55704	6	0.0	5	1.1	273
12/05/2025	23:13:01	40.53978	141.55696	2	0.0	7	0.4	246
12/05/2025	23:14:00	40.53979	141.55709	4	0.0	5	1.2	277
12/05/2025	23:15:01	40.53982	141.55703	0	0.0	7	1.0	296
12/05/2025	23:16:00	40.53986	141.55696	8	0.0	5	1.2	276
12/05/2025	23:17:00	40.53980	141.55707	-6	0.0	5	1.2	266
12/05/2025	23:18:00	40.53982	141.55688	-6	0.0	5	1.2	269
12/05/2025	23:19:00	40.53998	141.55690	4	0.0	5	1.1	217
12/05/2025	23:20:00	40.53986	141.55698	-0	0.0	5	1.1	238
12/05/2025	23:21:01	40.53966	141.55733	24	0.0	3	2.3	210
12/05/2025	23:22:01	40.53993	141.55689	16	0.0	4	1.3	237
12/05/2025	23:23:01	40.53962	141.55701	58	0.0	3	2.0	238
12/05/2025	23:24:01	40.53981	141.55694	4	0.0	6	1.0	262
12/05/2025	23:25:01	40.53977	141.55709	-2	0.0	6	1.0	277
12/05/2025	23:26:01	40.53971	141.55704	-2	0.0	5	1.2	197
12/05/2025	23:27:00	40.53943	141.55713	-24	0.0	4	1.3	242
12/05/2025	23:28:00	40.53993	141.55701	-10	0.0	4	1.2	234
12/05/2025	23:29:00	40.53983	141.55713	28	0.0	4	1.3	242
12/05/2025	23:30:00	40.53978	141.55709	14	0.0	3	1.3	264
12/05/2025	23:31:01	40.53983	141.55701	20	0.0	3	1.4	241
12/05/2025	23:32:01	40.53971	141.55692	-2	3.7	4	2.2	219
12/05/2025	23:33:01	40.53986	141.55677	10	0.0	4	1.2	268
12/05/2025	23:34:01	40.53983	141.55691	0	0.0	5	1.4	269
12/05/2025	23:35:01	40.53980	141.55701	0	0.0	6	1.1	267
12/05/2025	23:36:00	40.53981	141.55686	2	0.0	3	1.4	267
12/05/2025	23:37:00	40.53985	141.55693	-24	0.0	3	1.4	264
12/05/2025	23:38:00	40.53990	141.55689	-8	0.0	3	1.4	268
12/05/2025	23:39:01	40.53976	141.55699	-2	0.0	6	1.0	269
12/05/2025	23:40:01	40.53976	141.55692	4	0.0	6	1.0	265
12/05/2025	23:41:00	40.53980	141.55713	-0	0.0	5	1.1	232
12/05/2025	23:42:00	40.53979	141.55702	10	0.0	5	1.1	214
12/05/2025	23:43:01	40.53982	141.55704	-2	0.0	6	1.0	264
12/05/2025	23:44:00	40.53985	141.55609	8	0.0	5	1.1	214
12/05/2025	23:45:01	40.53958	141.55708	2	0.0	5	1.3	215
12/05/2025	23:46:01	40.53965	141.55701	16	0.0	5	1.3	235
12/05/2025	23:47:00	40.53971	141.55707	6	0.0	5	1.3	241
12/05/2025	23:48:01	40.53971	141.55709	0	0.0	6	1.1	282
12/05/2025	23:49:01	40.53970	141.55708	-10	0.0	6	1.1	283
12/05/2025	23:50:01	40.53942	141.55737	16	0.0	6	1.2	291
12/05/2025	23:51:01	40.53951	141.55727	2	0.0	6	1.1	294
12/05/2025	23:52:01	40.53947	141.55720	-6	0.0	6	1.1	293
12/05/2025	23:53:00	40.53952	141.55720	-12	0.0	5	1.4	291
12/05/2025	23:54:00	40.53960	141.55708	-20	0.0	5	1.4	249
12/05/2025	23:55:01	40.53943	141.55727	-2	0.0	6	1.1	288
12/05/2025	23:56:01	40.53935	141.55738	4	0.0	5	1.3	271
12/05/2025	23:57:01	40.53946	141.55736	8	0.0	5	1.4	286
12/05/2025	23:58:01	40.53950	141.55727	12	0.0	5	1.3	261
12/05/2025	23:59:01	40.53953	141.55717	10	0.0	6	1.1	285
13/05/2025	00:00:01	40.53956	141.55714	-2	0.0	6	1.1	252
13/05/2025	00:01:01	40.53951	141.55851	-2	22.2	6	1.1	283
13/05/2025	00:02:02	40.53916	141.55791	-2	0.0	3	4.0	217
13/05/2025	00:03:01	40.53911	141.55788	16	0.0	4	1.4	177
13/05/2025	00:04:02	40.53908	141.55797	-0	0.0	5	1.4	200
13/05/2025	00:05:02	40.53913	141.55796	14	0.0	5	1.4	202
13/05/2025	00:06:02	40.53901	141.55794	18	0.0	5	2.0	227
13/05/2025	00:07:02	40.53906	141.55794	2	0.0	5	2.0	228
13/05/2025	00:08:01	40.53905	141.55801	10	0.0	4	2.1	182
13/05/2025	00:09:01	40.53895	141.55801	-18	0.0	5	2.0	206
13/05/2025	00:10:01	40.53902	141.55805	-0	0.0	4	2.1	178
13/05/2025	00:11:01	40.53890	141.55827	-4	0.0	4	2.2	150
13/05/2025	00:12:01	40.53910	141.55805	-0	0.0	4	2.2	147
13/05/2025	00:13:02	40.53880	141.55815	-6	0.0	4	2.2	176
13/05/2025	00:14:02	40.53893	141.55808	-6	0.0	2	6.3	116
13/05/2025	00:15:02	40.53865	141.55873	42	0.0	2	6.4	93
13/05/2025	00:16:02	40.53892	141.55815	-0	0.0	4	2.3	222
13/05/2025	00:17:01	40.53905	141.55801	0	0.0	4	2.4	200
13/05/2025	00:18:01	40.53911	141.55792	-0	0.0	4	2.4	195
13/05/2025	00:19:01	40.53912	141.55797	-10	0.0	3	6.2	200
13/05/2025	00:20:01	40.53900	141.55802	12	0.0	5	2.1	221
13/05/2025	00:21:02	40.53905	141.55802	8	0.0	4	3.0	197
13/05/2025	00:22:02	40.53920	141.55785	16	0.0	5	2.1	219
13/05/2025	00:23:01	40.53922	141.55781	0	0.0	3	6.3	171
13/05/2025	00:24:02	40.53887	141.55817	-6	0.0	4	3.2	197
13/05/2025	00:25:02	40.53911	141.55793	-2	0.0	5	2.1	220
13/05/2025	00:26:01	40.53888	141.55816	2	0.0	5	2.2	204
13/05/2025	00:27:01	40.53910	141.55803	8	0.0	5	2.1	226
13/05/2025	00:28:01	40.53892	141.55815	-16	0.0	5	2.0	211
13/05/2025	00:29:01	40.53929	141.55782	26	0.0	5	2.0	233
13/05/2025	00:30:01	40.53907	141.55801	8	0.0	4	2.4	195
13/05/2025	00:31:01	40.53915	141.55790	10	0.0	4	2.3	196
13/05/2025	00:32:01	40.53905	141.55794	4	0.0	4	2.4	259
13/05/2025	00:33:01	40.53926	141.55787	16	0.0	3	8.0	176
13/05/2025	00:34:01	40.53909	141.55801	4	0.0	4	2.3	226
13/05/2025	00:35:01	40.53898	141.55822	40	0.0	4	2.3	180
13/05/2025	00:36:01	40.53895	141.55797	-0	0.0	4	2.3	180
13/05/2025	00:37:02	40.53896	141.55813	10	0.0	4	2.3	222
13/05/2025	00:38:01	40.53914	141.55796	-0	0.0	3	5.4	228
13/05/2025	00:39:02	40.53899	141.55800	8	0.0	4	3.0	232
13/05/2025	00:40:00	40.53958	141.55915	-12	29.6	4	2.0	296
13/05/2025	00:41:04	40.53964	141.55902	-10	0.0	5	2.0	274
13/05/2025	00:42:03	40.53981	141.55867	12	25.9	4	3.3	299
13/05/2025	00:43:02	40.53961	141.55758	32	14.8	2	6.4	210
13/05/2025	00:44:02	40.53977	141.55715	-0	0.0	6	1.2	271
13/05/2025	00:45:00	40.53994	141.55681	50	0.0	4	2.2	249
13/05/2025	00:46:01	40.53982	141.55709	6	0.0	6	1.2	280
13/05/2025	00:47:01	40.53986	141.55708	0	0.0	3	2.2	235
13/05/2025	00:48:02	40.53987	141.55707	6	0.0	6	1.2	276
13/05/2025	00:49:01	40.53970	141.55722	-14	0.0	5	2.0	275
13/05/2025	00:50:01	40.53972	141.55712	-14	0.0	4	3.1	298
13/05/2025	00:51:01	40.53979	141.55715	10	0.0	5	1.3	294
13/05/2025	00:52:01	40.53986	141.55706	8	0.0	5	1.3	300
13/05/2025	00:53:01	40.53983	141.55686	-12	0.0	4	2.1	295
13/05/2025	00:54:00	40.53974	141.55692	0	0.0	4	2.1	163
13/05/2025	00:55:01	40.53985	141.55709	2	0.0	3	1.3	302
13/05/2025	00:56:00	40.53975	141.55700	4	0.0	4	2.1	302
13/05/2025	00:57:00	40.53965	141.55670	-24	0.0	3	2.3	278
13/05/2025	00:58:00	40.53956	141.55717	32	0.0	4	1.3	241
13/05/2025	00:59:01	40.53985	141.55704	6	0.0	5	2.0	304
13/05/2025	01:00:01	40.53977	141.55706	-6	0.0	6	1.2	296
13/05/2025	01:01:01	40.53990	141.55703	-4	0.0	4	3.0	299
13/05/2025	01:02:02	40.53983	141.55704	-6	0.0	6	1.1	303
13/05/2025	01:03:01	40.53975	141.55714	2	0.0	5	2.0	296
13/05/2025	01:04:00	40.53974	141.55711	2	0.0	4	2.4	302
13/05/2025	01:05:00	40.53990	141.55703	10	0.0	4	2.4	328
13/05/2025	01:06:01	40.53977	141.55709	0	0.0	4	2.4	300
13/05/2025	01:07:00	40.53983	141.55705	-6	3.7	4	2.3	301
13/05/2025	01:08:01	40.53991	141.55708	-6	0.0	6	1.1	300
13/05/2025	01:09:00	40.53970	141.55723	-4	0.0	4	2.2	296
13/05/2025	01:10:01	40.53982	141.55714	10	0.0	6	1.1	300
13/05/2025	01:11:01	40.53958	141.55631	-4	14.8	6	1.1	296
13/05/2025	01:12:01	40.53993	141.55738	8	48.2	5	1.4	295
13/05/2025	01:13:03	40.53898	141.55784	-20	0.0	3	3.4	229
13/05/2025	01:14:05	40.53903	141.55789	-22	0.0	2	4.0	213
13/05/2025	01:15:07	40.53904	141.55794	-20	0.0	2	4.0	182
13/05/2025	01:16:06	40.53965	141.55758	-56	0.0	3	5.0	183
13/05/2025	01:17:02	40.53900	141.55804	8	0.0	3	3.4	276
13/05/2025	01:18:03	40.53908	141.55807	4	0.0	3	3.4	248
13/05/2025	01:19:05	40.53911	141.55803	2	0.0	3	3.4	241
13/05/2025	01:20:06	40.53902	141.55803	6	0.0	4	2.2	261
13/05/2025	01:21:04	40.53895	141.55814	14	0.0	3	3.4	255
13/05/2025	01:22:05	40.53911	141.55815	18	0.0	3	3.4	241
13/05/2025	01:23:13	40.53856	141.55799	18	7.4	3	4.3	199
13/05/2025	01:24:07	40.53913	141.55801	18	0.0	2	3.4	188
13/05/2025	01:25:32	40.53883	141.55803	18	0.0	4	3.2	219
13/05/2025	01:26:02	40.53877	141.55844	94	0.0	2	7.1	214
13/05/2025	01:27:02	40.53939	141.55754	-100	0.0	2	7.2	148
13/05/2025	01:28:02	40.53896	141.55798	10	14.8	2	7.2	149
13/05/2025	01:35:54	40.53907	141.55794	20	0.0	7	1.0	269
13/05/2025	01:36:03	40.53936	141.55775	52	0.0	2	3.3	216
13/05/2025	01:37:04	40.53911	141.55808	16	0.0	4	1.4	241
13/05/2025	01:38:00	40.53920	141.55815	-2	0.0	3	1.3	175
13/05/2025	01:39:01	40.53926	141.55834	-28	0.0	3	4.2	196
13/05/2025	01:40:03	40.53894	141.55773	8	0.0	2	5.2	178
13/05/2025	01:41:02	40.53907	141.55810	-6	0.0	2	4.3	143
13/05/2025	01:47:12	40.53900	141.55796	-0	0.0	6	1.1	241
13/05/2025	01:48:04	40.53910	141.55804	6	0.0	4	1.2	211
13/05/2025	01:49:02	40.53911	141.55806	10	0.0	5	1.2	209
13/05/2025	01:50:02	40.53906	141.55819	36	3.7	3	2.4	160
13/05/2025	01:51:03	40.53904	141.55807	-2	0.0	5	1.2	211
13/05/2025	01:52:02	40.53907	141.55785	-50	0.0	2	3.3	204
13/05/2025	01:53:00	40.53903	141.55799	-50	0.0	3	1.3	152
13/05/2025	01:54:02	40.53930	141.55787	50	0.0	3	2.2	187
13/05/2025	01:55:03	40.53909	141.55799	6	0.0	4	2.2	176
13/05/2025	01:56:04	40.53891	141.55803	-8	0.0	3	1.3	211
13/05/2025	01:57:03	40.53891	141.55804	-26	0.0	5	1.2	211
13/05/2025	01:58:03	40.53910	141.55797	18	0.0	5	1.2	215
13/05/2025	01:59:02	40.53909	141.55792	38	7.4	3	4.1	184
13/05/2025	02:00:02	40.53790	141.55670	-80	3.7	2	9.1	180
13/05/2025	02:01:01	40.53911	141.55799	6	0.0	5	1.2	212
13/05/2025	02:02:01	40.53908	141.55796	-8	0.0	5	1.2	209
13/05/2025	02:03:01	40.53901	141.55800	10	0.0	5	1.2	204
13/05/2025	02:04:01	40.53906	141.55805	18	0.0	4	1.3	233
13/05/2025	02:05:01	40.53899	141.55804	-30	0.0	4	1.3	205
13/05/2025	02:06:02	40.53907	141.55805	-56	0.0	4	2.2	174
13/05/2025	02:07:02	40.53905	141.55797	-0	0.0	4	2.3	215
13/05/2025	02:08:02	40.53904	141.55798	36	0.0	3	2.3	171
13/05/2025	02:09:02	40.53907	141.55798	20	0.0	4	2.1	172
13/05/2025	02:10:03	40.53919	141.55800	44	0.0	4	1.3	210
13/05/2025	02:11:02	40.53906	141.55798	10	0.0	3	2.1	172
13/05/2025	02:12:02	40.53906	141.55784	22	0.0	4	2.1	216
13/05/2025	02:13:03	40.53913	141.55799	34	0.0	2	3.3	112
13/05/2025	02:14:04	40.53897	141.55800	-8	0.0	5	1.3	225
13/05/2025	02:15:02	40.53898	141.55793	-20	0.0	5	1.3	208
13/05/2025	02:16:01	40.53919	141.55801	30	0.0	5	1.3	231
13/05/2025	02:17:02	40.53966	141.55798	110	0.0	3	5.0	210
13/05/2025	02:18:02	40.53913	141.55802	32	0.0	4	1.3	184
13/05/2025	02:19:02	40.53915	141.55795	72	0.0	5	1.3	239
13/05/2025	02:20:03	40.53907	141.55811	30	0.0	3	2.0	222
13/05/2025	02:21:03	40.53904	141.55799	20	0.0	4	2.0	206
13/05/2025	02:22:01	40.53899	141.55801	-22	0.0	5	1.3	234
13/05/2025	02:23:01	40.53937	141.55803	88	0.0	4	2.3	183
13/05/2025	02:24:03	40.53939	141.55811	74	0.0	3	3.2	151
13/05/2025	02:25:02	40.53904	141.55799	4	0.0	5	1.3	190
13/05/2025	02:26:03	40.53905	141.55804	-0	0.0	6	1.1	237
13/05/2025	02:27:01	40.53905	141.55802	22	0.0	5	1.3	234
13/05/2025	02:28:03	40.53891	141.55798	-20	0.0	5	1.3	235
13/05/2025	02:29:02	40.53908	141.55795	30	0.0	2	3.4	171
13/05/2025	02:30:01	40.53909	141.55795	-0	0.0	5	2.0	212
13/05/2025	02:31:02	40.53879	141.55803	-114	0.0	4	2.1	205
13/05/2025	02:32:03	40.53888	141.55793	-82	0.0	4	3.1	177
13/05/2025	02:33:01	40.53911	141.55809	2	0.0	4	1.4	212
13/05/2025	02:34:02	40.53910	141.55797	8	0.0	5	2.0	232
13/05/2025	02:40:07	40.53907	141.55801	8	0.0	6	1.1	265
13/05/2025	02:41:03	40.53968	141.55806	92	0.0	3	4.4	236
13/05/2025	02:42:01	40.53902	141.55801	-14	0.0	5	1.3	263
13/05/2025	02:43:00	40.53898	141.55809	-42	0.0	4	2.3	263
13/05/2025	02:44:01	40.53900	141.55805	16	0.0	4	1.3	265
13/05/2025	02:45:01	40.53903	141.55805	-12	0.0	5	1.3	258
13/05/2025	02:46:00	40.53918	141.55784	-34	0.0	4	2.4	208
13/05/2025	02:47:02	40.53924	141.55784	-28	0.0	4	2.0	154
13/05/2025	02:48:03	40.53902	141.55809	24	0.0	4	1.4	222
13/05/2025	02:49:03	40.53886	141.55792	42	0.0	3	1.4	184
13/05/2025	02:50:02	40.53914	141.55799	8	3.7	4	1.4	213
13/05/2025	02:51:04	40.53900	141.55808	22	0.0	5	1.2	213
13/05/2025	02:52:02	40.53862	141.55819	-114	0.0	4	1.3	189
13/05/2025	02:53:01	40.53916	141.55807	26	0.0	5	2.0	215
13/05/2025	02:54:01	40.53909	141.55813	8	0.0	3	1.4	188
13/05/2025	02:55:01	40.53911	141.55793	18	0.0	4	1.3	185
13/05/2025	02:56:02	40.53916	141.55797	12	0.0	5	1.2	236
13/05/2025	02:57:02	40.53906	141.55808	10	0.0	4	1.3	233
13/05/2025	02:58:02	40.53890	141.55797	28	0.0	3	3.2	233
13/05/2025	02:59:04	40.53906	141.55807	-20	0.0	3	2.3	176
13/05/2025	03:05:11	40.53917	141.55870	4	0.0	6	1.3	273
13/05/2025	03:06:03	40.53910	141.55861	82	0.0	4	2.1	269
13/05/2025	03:12:27	40.53907	141.55797	14	0.0	5	2.2	185
13/05/2025	03:18:29	40.53968	141.55749	194	0.0	5	2.3	207
13/05/2025	03:19:04	40.53901	141.55803	30	0.0	4	2.4	172
13/05/2025	03:20:03	40.53919	141.55797	-20	0.0	3	3.4	156
13/05/2025	03:21:02	40.53907	141.55804	-14	0.0	4	3.0	136
13/05/2025	03:22:03	40.53913	141.55806	-8	0.0	3	3.3	173
13/05/2025	03:23:03	40.53858	141.55848	18	0.0	3	3.3	169
13/05/2025	03:24:02	40.53906	141.55806	-4	0.0	3	3.4	159
13/05/2025	03:25:03	40.53886	141.55814	16	0.0	3	4.0	154
13/05/2025	03:26:05	40.53906	141.55797	22	0.0	3	4.1	153
13/05/2025	03:27:05	40.53921	141.55791	0	0.0	4	4.1	155
13/05/2025	03:28:03	40.53905	141.55798	12	7.4	3	4.2	159
13/05/2025	03:29:04	40.53940	141.55785	-26	0.0	3	4.4	155
13/05/2025	03:30:04	40.53948	141.55763	-32	0.0	3	5.1	154
13/05/2025	03:31:04	40.53904	141.55805	4	0.0	3	5.2	150
13/05/2025	03:32:04	40.53934	141.55776	-12	3.7	3	5.4	153
13/05/2025	03:33:04	40.53845	141.55856	40	3.7	3	6.1	152
13/05/2025	03:34:05	40.53943	141.55764	16	18.5	3	4.3	187
13/05/2025	03:35:07	40.53923	141.55785	-22	7.4	4	6.3	169
13/05/2025	03:36:05	40.53871	141.55826	54	7.4	3	7.4	150
13/05/2025	03:37:05	40.53933	141.55771	-44	7.4	3	8.3	148
13/05/2025	03:38:08	40.53931	141.55772	-26	7.4	3	9.2	163
13/05/2025	03:39:34	40.53903	141.55804	2	11.1	3	11.2	141
13/05/2025	03:40:05	40.53910	141.55805	-4	0.0	3	1.4	145
13/05/2025	03:41:06	40.53911	141.55797	14	0.0	3	1.4	172
13/05/2025	03:42:05	40.53906	141.55804	4	0.0	3	1.4	149
13/05/2025	03:43:08	40.53906	141.55801	12	0.0	3	1.4	183
13/05/2025	03:44:03	40.53900	141.55803	2	0.0	3	1.4	151
13/05/2025	03:45:04	40.53906	141.55802	12	0.0	3	2.0	198
13/05/2025	03:46:08	40.53928	141.55784	-58	7.4	4	1.4	188
13/05/2025	03:47:04	40.53903	141.55805	-2	0.0	3	2.0	173
13/05/2025	03:48:04	40.53908	141.55798	-16	3.7	4	2.0	192
13/05/2025	03:49:06	40.53899	141.55803	92	0.0	3	2.1	154
13/05/2025	03:50:04	40.53907	141.55803	-8	0.0	3	2.1	178
13/05/2025	03:51:04	40.53907	141.55802	4	0.0	3	2.2	228
13/05/2025	03:52:05	40.53910	141.55806	-2	0.0	3	2.1	195
13/05/2025	03:53:03	40.53910	141.55817	26	0.0	3	2.1	159
13/05/2025	03:54:05	40.53935	141.55814	26	0.0	2	4.0	191
13/05/2025	03:55:18	40.53903	141.55804	2	0.0	5	1.4	204
13/05/2025	03:56:05	40.53910	141.55793	16	11.1	4	2.0	197
13/05/2025	03:57:05	40.53908	141.55805	-0	0.0	3	2.2	219
13/05/2025	03:58:04	40.53905	141.55804	0	0.0	3	2.2	202
13/05/2025	03:59:03	40.53914	141.55792	2	0.0	3	2.2	204
13/05/2025	04:00:32	40.53905	141.55804	4	0.0	4	2.0	213
13/05/2025	04:01:01	40.53892	141.55797	28	0.0	4	2.0	208
13/05/2025	04:02:04	40.53912	141.55809	12	0.0	4	2.0	163
13/05/2025	04:03:02	40.53888	141.55796	44	0.0	4	2.0	164
13/05/2025	04:04:02	40.53918	141.55787	-24	0.0	4	2.0	165
13/05/2025	04:05:01	40.53912	141.55805	12	0.0	3	2.2	114
13/05/2025	04:06:04	40.53913	141.55813	-12	0.0	3	3.4	191
13/05/2025	04:07:04	40.53910	141.55789	8	0.0	3	3.4	200
13/05/2025	04:08:04	40.53865	141.55808	164	0.0	3	4.3	203
13/05/2025	04:09:02	40.53929	141.55796	-72	0.0	3	4.2	221
13/05/2025	04:10:04	40.53913	141.55808	-16	0.0	4	2.0	218
13/05/2025	04:11:03	40.53913	141.55808	32	0.0	3	2.1	200
13/05/2025	04:12:03	40.53931	141.55805	-12	0.0	4	2.0	202
13/05/2025	04:13:03	40.53902	141.55820	34	0.0	4	2.0	201
13/05/2025	04:14:02	40.53903	141.55799	14	0.0	3	3.3	209
13/05/2025	04:15:02	40.53908	141.55813	44	0.0	3	3.3	208
13/05/2025	04:16:04	40.53910	141.55807	10	0.0	4	2.0	208
13/05/2025	04:17:02	40.53898	141.55792	20	0.0	3	3.0	165
13/05/2025	04:18:03	40.53905	141.55817	22	0.0	3	3.0	208
13/05/2025	04:19:02	40.53918	141.55817	6	0.0	3	3.0	166
13/05/2025	04:20:02	40.53894	141.55792	26	0.0	3	3.0	160
13/05/2025	04:21:03	40.53913	141.55794	0	0.0	3	3.0	210
13/05/2025	04:22:02	40.53901	141.55804	22	0.0	4	2.1	190
13/05/2025	04:23:01	40.53911	141.55784	-26	0.0	3	2.3	137
13/05/2025	04:24:01	40.53913	141.55818	18	0.0	3	3.0	188
13/05/2025	04:25:01	40.53904	141.55799	18	0.0	4	2.1	164
13/05/2025	04:26:02	40.53896	141.55799	16	0.0	3	3.0	185
13/05/2025	04:27:01	40.53913	141.55790	-2	0.0	3	3.0	139
13/05/2025	04:28:02	40.53912	141.55836	22	3.7	3	3.0	200
13/05/2025	04:29:01	40.53905	141.55802	24	0.0	3	3.0	161
13/05/2025	04:30:02	40.53899	141.55791	0	0.0	3	3.1	177
13/05/2025	04:31:03	40.53918	141.55800	-2	0.0	3	3.1	192
13/05/2025	04:32:02	40.53917	141.55808	26	0.0	3	3.1	173
13/05/2025	04:33:04	40.53912	141.55802	-12	0.0	4	2.2	169
13/05/2025	04:34:11	40.53914	141.55813	8	0.0	3	3.1	148
13/05/2025	04:35:06	40.53901	141.55793	-0	0.0	3	3.2	157
13/05/2025	04:36:05	40.53901	141.55805	6	3.7	3	3.3	151
13/05/2025	04:37:06	40.53906	141.55808	24	0.0	3	3.3	166
13/05/2025	04:38:06	40.53903	141.55808	20	3.7	3	3.4	149
13/05/2025	04:45:12	40.53911	141.55816	22	0.0	4	2.4	150
13/05/2025	04:46:07	40.53891	141.55788	16	7.4	3	3.4	145
13/05/2025	04:47:08	40.53919	141.55814	14	3.7	4	3.0	146
13/05/2025	04:48:05	40.53911	141.55811	6	3.7	3	5.4	128
13/05/2025	04:49:05	40.53886	141.55748	-46	11.1	3	4.1	169
13/05/2025	04:50:03	40.53910	141.55805	12	0.0	3	6.3	155
13/05/2025	04:51:03	40.53912	141.55802	-32	0.0	3	7.0	157
13/05/2025	04:52:03	40.53903	141.55780	-4	0.0	3	7.3	138
13/05/2025	04:53:03	40.53921	141.55805	16	0.0	3	8.1	155
13/05/2025	04:59:42	40.53910	141.55800	-0	0.0	4	3.1	174
13/05/2025	05:00:11	40.53916	141.55818	24	0.0	4	3.1	165
13/05/2025	05:01:22	40.53917	141.55842	64	0.0	4	3.1	178
13/05/2025	05:02:10	40.53906	141.55788	-10	0.0	4	3.1	143
13/05/2025	05:03:05	40.53904	141.55822	44	0.0	3	9.4	153
13/05/2025	05:04:07	40.53913	141.55801	0	0.0	4	3.1	196
13/05/2025	05:05:04	40.53913	141.55855	84	3.7	4	3.1	196
13/05/2025	05:06:04	40.53909	141.55775	-38	0.0	4	3.1	181
13/05/2025	05:07:04	40.53918	141.55812	44	0.0	4	3.1	179
13/05/2025	05:08:05	40.53909	141.55817	18	0.0	4	3.0	198
13/05/2025	05:09:05	40.53905	141.55804	10	0.0	4	3.0	189
13/05/2025	05:10:03	40.53906	141.55791	-20	0.0	4	3.0	186
13/05/2025	05:11:03	40.53909	141.55818	20	0.0	4	3.0	197
13/05/2025	05:12:04	40.53908	141.55803	12	0.0	4	3.0	196
13/05/2025	05:13:03	40.53908	141.55788	-16	0.0	4	3.0	197
13/05/2025	05:14:03	40.53915	141.55796	8	0.0	3	3.2	209
13/05/2025	05:15:04	40.53895	141.55793	-2	0.0	4	3.0	193
13/05/2025	05:16:08	40.53901	141.55817	62	0.0	4	2.4	191
13/05/2025	05:17:04	40.53901	141.55818	46	0.0	3	9.1	196
13/05/2025	05:23:25	40.53909	141.55803	6	0.0	4	2.4	172
13/05/2025	05:24:02	40.53917	141.55806	-14	0.0	3	5.1	160
13/05/2025	05:25:16	40.53914	141.55796	2	0.0	4	2.4	171
13/05/2025	05:26:02	40.53930	141.55767	4	0.0	3	4.3	161
13/05/2025	05:27:02	40.53899	141.55814	-30	3.7	3	4.3	184
13/05/2025	05:28:02	40.53903	141.55801	-8	0.0	3	4.2	209
13/05/2025	05:29:03	40.53899	141.55811	50	0.0	3	4.1	217
13/05/2025	05:30:02	40.53909	141.55777	-6	0.0	4	2.4	218
13/05/2025	05:31:03	40.53909	141.55796	20	0.0	3	4.0	195
13/05/2025	05:32:02	40.53911	141.55779	4	0.0	4	3.0	213
13/05/2025	05:33:02	40.53906	141.55802	-10	0.0	4	3.0	250
13/05/2025	05:34:02	40.53976	141.55628	0	40.7	4	3.0	276
13/05/2025	05:35:04	40.54047	141.54706	-4	44.4	4	3.0	279
13/05/2025	05:36:03	40.54311	141.53904	-4	48.2	4	3.0	311
13/05/2025	05:37:05	40.54662	141.52987	28	44.4	4	3.0	278
13/05/2025	05:38:02	40.54746	141.52136	6	44.4	3	3.4	278
13/05/2025	05:39:02	40.54542	141.51306	-26	29.6	3	3.4	275
13/05/2025	05:40:03	40.54516	141.51305	30	0.0	3	3.4	265
13/05/2025	05:41:02	40.54514	141.51281	-16	0.0	3	3.4	263
13/05/2025	05:42:03	40.54482	141.51279	40	0.0	3	3.4	213
13/05/2025	05:43:03	40.54474	141.51265	-2	0.0	3	3.4	269
13/05/2025	05:44:02	40.54396	141.50988	-16	44.4	3	3.4	241
13/05/2025	05:45:04	40.54164	141.50360	-18	0.0	3	3.4	193
13/05/2025	05:46:02	40.54160	141.50376	22	0.0	3	3.4	248
13/05/2025	05:47:01	40.54176	141.50384	-12	0.0	3	3.4	248
13/05/2025	05:48:02	40.54173	141.50379	-14	0.0	3	4.0	273
13/05/2025	05:49:02	40.54172	141.50408	2	7.4	3	4.0	236
13/05/2025	05:50:01	40.54256	141.50778	-6	33.3	4	3.3	274
13/05/2025	05:51:04	40.54320	141.51008	-10	0.0	4	3.4	273
13/05/2025	05:52:03	40.54322	141.51019	-0	0.0	3	4.0	266
13/05/2025	05:53:02	40.54317	141.51012	2	0.0	2	5.3	269
13/05/2025	05:54:01	40.54318	141.51033	-20	0.0	3	4.0	277
13/05/2025	05:55:03	40.54325	141.51032	-4	0.0	3	4.1	279
13/05/2025	05:56:02	40.54330	141.51016	14	0.0	3	4.1	276
13/05/2025	05:57:02	40.54354	141.50984	16	0.0	2	6.0	276
13/05/2025	05:58:02	40.54314	141.51021	-52	0.0	3	4.1	249
13/05/2025	05:59:03	40.54316	141.51031	-34	0.0	3	4.1	247
13/05/2025	06:00:03	40.54315	141.51006	-8	0.0	3	4.2	246
13/05/2025	06:01:04	40.54310	141.51022	-6	0.0	3	4.2	246
13/05/2025	06:02:04	40.54309	141.51018	-6	0.0	3	4.2	219
13/05/2025	06:03:02	40.54307	141.51050	-2	0.0	3	4.2	249
13/05/2025	06:04:02	40.54302	141.51034	-2	0.0	2	7.1	236
13/05/2025	06:05:02	40.54319	141.51003	-4	0.0	3	4.3	248
13/05/2025	06:06:03	40.54327	141.50992	-2	0.0	3	4.3	270
13/05/2025	06:07:04	40.54307	141.51030	-2	0.0	3	4.3	249
13/05/2025	06:08:02	40.54321	141.51010	16	0.0	3	4.3	182
13/05/2025	06:09:02	40.54308	141.51023	20	0.0	3	4.3	254
13/05/2025	06:10:03	40.54310	141.51031	14	0.0	3	4.4	246
13/05/2025	06:11:02	40.54313	141.51000	0	0.0	3	4.4	253
13/05/2025	06:12:02	40.54320	141.50989	-14	0.0	3	4.4	248
13/05/2025	06:13:01	40.54332	141.50835	22	37.0	3	4.4	272
13/05/2025	06:14:04	40.54242	141.50509	16	0.0	3	5.0	268
13/05/2025	06:15:02	40.54272	141.50467	-26	0.0	3	5.0	268
13/05/2025	06:16:03	40.54246	141.50547	70	0.0	3	5.0	249
13/05/2025	06:17:03	40.54253	141.50536	-8	0.0	3	5.0	266
13/05/2025	06:18:02	40.54086	141.50233	-4	0.0	3	5.1	208
13/05/2025	06:19:01	40.54112	141.50225	-20	0.0	3	5.1	246
13/05/2025	06:20:02	40.54118	141.50546	12	22.2	3	5.1	262
13/05/2025	06:21:03	40.54323	141.50989	-24	0.0	3	5.1	262
13/05/2025	06:22:02	40.54321	141.51013	4	0.0	3	5.2	258
13/05/2025	06:23:02	40.54319	141.51019	-16	0.0	3	5.2	258
13/05/2025	06:24:02	40.54334	141.50992	-28	0.0	3	5.2	269
13/05/2025	06:25:02	40.54325	141.51018	10	0.0	3	5.2	272
13/05/2025	06:26:04	40.54308	141.51011	2	0.0	3	5.2	245
13/05/2025	06:27:03	40.54329	141.50976	14	0.0	3	5.3	244
13/05/2025	06:28:02	40.54310	141.51004	10	0.0	3	5.3	248
13/05/2025	06:29:04	40.54326	141.50992	-8	0.0	3	5.3	260
13/05/2025	06:30:01	40.54309	141.51038	26	0.0	3	5.3	270
13/05/2025	06:31:03	40.54320	141.51003	26	0.0	3	5.4	262
13/05/2025	06:32:12	40.54312	141.51018	2	3.7	3	5.4	259
13/05/2025	06:33:05	40.54317	141.50983	2	0.0	3	5.4	255
13/05/2025	06:34:04	40.54318	141.50997	0	0.0	3	5.4	263
13/05/2025	06:35:04	40.54317	141.50994	14	0.0	3	6.0	241
13/05/2025	06:36:03	40.54318	141.51011	14	0.0	3	6.0	268
13/05/2025	06:37:03	40.54322	141.50973	12	0.0	3	6.0	274
13/05/2025	06:38:01	40.54450	141.51151	20	25.9	3	6.0	263
13/05/2025	06:39:33	40.54700	141.51527	2	0.0	7	0.4	263
13/05/2025	06:40:01	40.54700	141.51546	-18	0.0	3	2.3	259
13/05/2025	06:41:01	40.54711	141.51549	4	0.0	6	1.2	259
13/05/2025	06:42:00	40.54574	141.51728	-64	33.3	4	1.4	269
13/05/2025	06:43:02	40.54273	141.52246	34	29.6	7	0.4	269
13/05/2025	06:44:01	40.54028	141.52803	50	29.6	3	2.0	299
13/05/2025	06:45:00	40.53831	141.53447	-18	33.3	3	2.2	255
13/05/2025	06:46:00	40.53638	141.53662	8	0.0	3	2.3	267
13/05/2025	06:47:01	40.53660	141.53672	4	0.0	6	1.0	270
13/05/2025	06:48:01	40.53661	141.53666	12	0.0	5	2.2	270
13/05/2025	06:49:01	40.53658	141.53656	14	0.0	5	1.2	217
13/05/2025	06:50:01	40.53665	141.53678	-2	0.0	5	2.0	263
13/05/2025	06:51:01	40.53669	141.53676	4	0.0	4	2.2	240
13/05/2025	06:52:02	40.53673	141.53655	20	0.0	2	3.2	214
13/05/2025	06:53:02	40.53661	141.53678	16	0.0	5	1.1	237
13/05/2025	06:54:01	40.53662	141.53674	4	0.0	6	1.0	263
13/05/2025	06:55:01	40.53656	141.53670	-4	0.0	4	2.2	260
13/05/2025	06:56:02	40.53667	141.53668	-2	0.0	7	0.4	242
13/05/2025	06:57:00	40.53671	141.53662	4	0.0	5	1.2	243
13/05/2025	06:58:00	40.53662	141.53669	4	0.0	5	2.2	208
13/05/2025	06:59:01	40.53636	141.53675	6	0.0	3	2.4	253
13/05/2025	07:00:01	40.53666	141.53657	18	0.0	4	2.1	272
13/05/2025	07:01:00	40.53685	141.53662	-6	0.0	4	2.1	225
13/05/2025	07:02:01	40.53666	141.53660	-2	0.0	3	2.2	225
13/05/2025	07:03:01	40.53669	141.53661	-2	0.0	5	1.2	264
13/05/2025	07:04:01	40.53664	141.53665	16	0.0	5	1.1	227
13/05/2025	07:05:01	40.53642	141.53917	36	29.6	4	1.4	263
13/05/2025	07:06:06	40.53673	141.54525	12	25.9	7	0.4	266
13/05/2025	07:07:04	40.53890	141.55040	14	29.6	5	1.1	265
13/05/2025	07:08:02	40.53928	141.55545	-4	25.9	3	2.1	265
13/05/2025	07:09:01	40.53903	141.55798	6	29.6	4	2.0	263
13/05/2025	07:10:00	40.53900	141.55799	18	0.0	4	1.3	206
13/05/2025	07:11:00	40.53900	141.55779	8	0.0	4	1.2	147
13/05/2025	07:12:00	40.53904	141.55808	0	0.0	5	1.4	232
13/05/2025	07:13:01	40.53905	141.55802	20	0.0	4	1.2	219
13/05/2025	07:14:01	40.53909	141.55809	12	0.0	4	1.2	217
13/05/2025	07:15:01	40.53901	141.55813	32	0.0	3	2.2	191
13/05/2025	07:16:01	40.53898	141.55805	4	0.0	5	1.2	221
13/05/2025	07:17:02	40.53902	141.55790	16	0.0	5	1.1	224
13/05/2025	07:18:01	40.53906	141.55797	12	0.0	6	1.0	230
13/05/2025	07:19:01	40.53908	141.55804	10	0.0	4	1.2	226
13/05/2025	07:20:01	40.53903	141.55800	10	0.0	6	1.0	204
13/05/2025	07:21:00	40.53904	141.55801	16	0.0	4	1.2	180
13/05/2025	07:22:01	40.53912	141.55797	-6	0.0	6	1.0	225
13/05/2025	07:23:02	40.53899	141.55799	34	0.0	4	1.3	131
13/05/2025	07:24:03	40.53912	141.55801	10	0.0	2	3.3	143
13/05/2025	07:25:02	40.53914	141.55817	30	0.0	3	2.3	109
13/05/2025	07:26:03	40.53906	141.55792	10	0.0	3	1.2	152
13/05/2025	07:27:04	40.53899	141.55780	18	0.0	2	3.3	120
13/05/2025	07:28:04	40.53926	141.55803	-10	0.0	2	3.4	122
13/05/2025	07:29:05	40.53906	141.55805	14	3.7	3	1.3	126
13/05/2025	07:30:04	40.53905	141.55795	22	0.0	2	3.4	136
13/05/2025	07:31:10	40.53910	141.55798	6	0.0	3	1.3	123
13/05/2025	07:32:08	40.53904	141.55803	14	0.0	3	1.3	132
13/05/2025	07:33:11	40.53943	141.55783	-24	0.0	3	1.4	127
13/05/2025	07:34:12	40.53908	141.55797	8	0.0	3	1.3	119
13/05/2025	07:35:09	40.53914	141.55800	-4	3.7	3	1.3	115
13/05/2025	07:36:06	40.53887	141.55794	42	0.0	2	3.4	115
13/05/2025	07:37:06	40.53913	141.55782	10	0.0	2	4.0	130
13/05/2025	07:38:08	40.53914	141.55782	0	0.0	3	1.3	118
13/05/2025	07:39:04	40.53912	141.55807	16	0.0	2	3.0	118
13/05/2025	07:40:04	40.53907	141.55808	4	0.0	3	1.3	137
13/05/2025	07:41:11	40.53912	141.55793	-0	0.0	3	1.3	140
13/05/2025	07:42:04	40.53905	141.55785	42	0.0	3	1.3	117
13/05/2025	07:43:10	40.53903	141.55791	24	0.0	4	1.3	145
13/05/2025	07:44:08	40.53915	141.55795	-8	0.0	4	1.3	132
13/05/2025	07:45:04	40.53922	141.55820	34	0.0	3	4.0	139
13/05/2025	07:46:03	40.53918	141.55824	88	3.7	2	6.1	121
13/05/2025	07:47:03	40.53888	141.55785	36	0.0	2	4.0	123
13/05/2025	07:48:05	40.53898	141.55801	-10	3.7	3	3.4	143
13/05/2025	07:49:05	40.53907	141.55798	26	0.0	3	3.4	123
13/05/2025	07:50:04	40.53909	141.55788	-28	0.0	3	3.4	144
13/05/2025	07:51:04	40.53905	141.55802	-4	0.0	3	3.4	163
13/05/2025	07:52:04	40.53871	141.55773	36	0.0	3	3.4	146
13/05/2025	07:53:03	40.53877	141.55776	-0	0.0	2	3.4	124
13/05/2025	07:54:04	40.53890	141.55787	34	0.0	2	3.3	144
13/05/2025	07:55:03	40.53882	141.55773	10	0.0	3	3.3	150
13/05/2025	07:56:04	40.53910	141.55792	-32	0.0	3	3.3	149
13/05/2025	07:57:04	40.53888	141.55775	36	0.0	3	3.3	148
13/05/2025	07:58:04	40.53907	141.55791	24	0.0	3	3.3	164
13/05/2025	07:59:03	40.53888	141.55763	-46	0.0	2	6.3	147
13/05/2025	08:00:05	40.53914	141.55806	8	0.0	3	6.1	142
13/05/2025	08:01:04	40.53904	141.55793	46	0.0	3	6.0	126
13/05/2025	08:02:03	40.53920	141.55800	4	0.0	3	6.0	124
13/05/2025	08:03:04	40.53948	141.55844	-12	3.7	3	5.4	123
13/05/2025	08:04:05	40.53863	141.55755	46	0.0	3	5.4	103
13/05/2025	08:05:04	40.53957	141.55836	-4	3.7	3	5.3	107
13/05/2025	08:06:05	40.53936	141.55808	6	0.0	3	5.3	123
13/05/2025	08:07:05	40.53890	141.55782	2	0.0	3	5.2	121
13/05/2025	08:08:05	40.53926	141.55820	10	0.0	3	5.2	143
13/05/2025	08:09:06	40.53897	141.55782	10	11.1	3	5.1	119
13/05/2025	08:10:06	40.53926	141.55817	-22	0.0	3	5.1	143
13/05/2025	08:11:05	40.53924	141.55822	-2	0.0	3	5.0	127
13/05/2025	08:12:03	40.53892	141.55792	8	0.0	3	5.0	152
13/05/2025	08:13:04	40.53905	141.55800	6	3.7	3	5.0	151
13/05/2025	08:14:04	40.53879	141.55769	18	3.7	3	4.4	152
13/05/2025	08:15:04	40.53904	141.55804	-6	3.7	3	4.4	169
13/05/2025	08:16:04	40.53922	141.55833	-2	0.0	3	4.4	154
13/05/2025	08:17:04	40.53943	141.55846	-40	0.0	3	4.3	174
13/05/2025	08:18:05	40.53839	141.55737	32	3.7	3	4.3	164
13/05/2025	08:19:04	40.53895	141.55795	-12	3.7	3	4.3	193
13/05/2025	08:20:04	40.53872	141.55748	10	0.0	3	4.2	174
13/05/2025	08:21:04	40.53889	141.55771	16	14.8	3	4.2	174
13/05/2025	08:22:04	40.53894	141.55788	-14	0.0	4	1.3	196
13/05/2025	08:23:04	40.53902	141.55798	-4	0.0	4	1.3	194
13/05/2025	08:24:04	40.53902	141.55786	0	0.0	4	1.3	196
13/05/2025	08:25:05	40.53910	141.55779	2	0.0	2	3.2	198
13/05/2025	08:26:04	40.53908	141.55806	22	0.0	3	1.4	186
13/05/2025	08:27:03	40.53917	141.55790	2	0.0	3	1.4	182
13/05/2025	08:28:03	40.53913	141.55800	38	0.0	3	1.3	159
13/05/2025	08:29:03	40.53904	141.55800	-0	0.0	3	1.3	187
13/05/2025	08:30:03	40.53900	141.55794	16	0.0	3	1.3	163
13/05/2025	08:31:03	40.53904	141.55793	-20	0.0	3	1.3	166
13/05/2025	08:32:04	40.53920	141.55810	10	0.0	3	1.3	173
13/05/2025	08:33:05	40.53918	141.55808	28	0.0	3	1.3	164
13/05/2025	08:34:03	40.53906	141.55802	28	0.0	3	1.3	188
13/05/2025	08:35:03	40.53906	141.55803	12	0.0	3	1.3	166
13/05/2025	08:36:03	40.53909	141.55816	18	0.0	3	1.3	168
13/05/2025	08:37:03	40.53898	141.55785	4	0.0	3	1.3	167
13/05/2025	08:38:04	40.53910	141.55796	-12	0.0	3	1.3	164
13/05/2025	08:39:04	40.53912	141.55790	2	0.0	3	1.3	165
13/05/2025	08:40:03	40.53906	141.55787	4	0.0	3	1.3	168
13/05/2025	08:41:14	40.53912	141.55806	4	0.0	3	1.3	166
13/05/2025	08:42:04	40.53907	141.55772	2	0.0	3	1.3	158
13/05/2025	08:43:04	40.53897	141.55796	2	3.7	3	1.3	163
13/05/2025	08:44:03	40.53902	141.55799	-24	0.0	3	1.4	162
13/05/2025	08:45:03	40.53905	141.55800	14	0.0	3	1.4	167
13/05/2025	08:46:04	40.53909	141.55799	12	0.0	3	1.4	164
13/05/2025	08:47:04	40.53918	141.55803	14	0.0	3	1.4	166
13/05/2025	08:48:05	40.53912	141.55793	0	0.0	3	1.4	166
13/05/2025	08:49:05	40.53906	141.55802	2	0.0	3	1.4	164
13/05/2025	08:50:06	40.53919	141.55814	2	3.7	3	1.4	160
13/05/2025	08:51:04	40.53910	141.55780	-42	0.0	3	1.4	162
13/05/2025	08:52:04	40.53912	141.55801	-0	0.0	3	1.4	160
13/05/2025	08:53:05	40.53917	141.55812	2	3.7	3	1.4	159
13/05/2025	08:54:04	40.53914	141.55788	2	0.0	3	1.4	154
13/05/2025	08:55:04	40.53909	141.55790	-14	3.7	3	1.4	156
13/05/2025	08:56:05	40.53906	141.55809	14	0.0	3	2.0	153
13/05/2025	08:57:06	40.53906	141.55784	0	7.4	3	2.0	172
13/05/2025	08:58:05	40.53901	141.55769	-4	0.0	3	2.0	183
13/05/2025	08:59:23	40.53909	141.55798	10	0.0	3	2.0	160
13/05/2025	09:00:17	40.53910	141.55814	16	0.0	3	2.0	168
13/05/2025	09:01:17	40.53886	141.55760	6	11.1	3	3.2	160
13/05/2025	09:02:15	40.53907	141.55798	4	7.4	3	3.2	158
13/05/2025	09:03:25	40.53899	141.55779	2	0.0	4	1.4	197
13/05/2025	09:04:10	40.53906	141.55799	8	11.1	3	3.2	144
13/05/2025	09:05:17	40.53905	141.55796	12	14.8	3	3.2	161
13/05/2025	09:06:36	40.53905	141.55789	4	0.0	4	2.1	178
13/05/2025	09:07:02	40.53908	141.55844	58	0.0	2	6.4	83
13/05/2025	09:08:02	40.53944	141.55792	-34	0.0	2	6.4	80
13/05/2025	09:09:05	40.53882	141.55783	24	0.0	2	6.4	120
13/05/2025	09:10:03	40.53912	141.55796	8	7.4	2	6.4	103
13/05/2025	09:11:03	40.53897	141.55815	32	0.0	3	3.3	166
13/05/2025	09:12:03	40.53886	141.55825	48	3.7	2	5.1	117
13/05/2025	09:13:01	40.53900	141.55804	-0	0.0	4	2.0	252
13/05/2025	09:14:01	40.53917	141.55804	4	0.0	4	2.0	238
13/05/2025	09:15:01	40.53912	141.55800	2	0.0	4	2.0	182
13/05/2025	09:16:02	40.53887	141.55808	62	0.0	3	2.4	243
13/05/2025	09:17:00	40.53889	141.55800	-66	3.7	3	2.2	187
13/05/2025	09:18:00	40.53875	141.55800	14	0.0	4	2.0	185
13/05/2025	09:19:04	40.53893	141.55793	18	0.0	2	7.3	196
13/05/2025	09:20:02	40.53895	141.55805	4	0.0	4	2.0	235
13/05/2025	09:21:00	40.53892	141.55798	28	0.0	3	2.2	182
13/05/2025	09:22:00	40.53898	141.55798	-18	0.0	4	2.0	181
13/05/2025	09:23:00	40.53914	141.55811	34	0.0	4	2.0	189
13/05/2025	09:24:00	40.53935	141.55850	-2	22.2	4	2.0	215
13/05/2025	09:25:01	40.53942	141.55859	26	0.0	5	1.4	238
13/05/2025	09:26:00	40.53952	141.55828	-74	0.0	3	2.3	214
13/05/2025	09:27:00	40.53945	141.55816	8	7.4	3	2.2	236
13/05/2025	09:28:00	40.53956	141.55854	14	0.0	4	2.1	214
13/05/2025	09:29:00	40.53942	141.55830	8	0.0	4	2.1	190
13/05/2025	09:30:00	40.53949	141.55848	6	0.0	3	2.4	238
13/05/2025	09:31:01	40.53947	141.55850	0	0.0	4	2.1	239
13/05/2025	09:32:00	40.53937	141.55846	-0	0.0	4	2.1	182
13/05/2025	09:33:00	40.53934	141.55823	16	0.0	4	2.3	238
13/05/2025	09:34:00	40.53960	141.55873	8	0.0	4	2.1	246
13/05/2025	09:35:00	40.53945	141.55828	-12	0.0	4	2.1	240
13/05/2025	09:36:01	40.53955	141.55846	18	0.0	4	2.1	211
13/05/2025	09:37:00	40.53946	141.55863	12	0.0	4	2.1	211
13/05/2025	09:38:00	40.53953	141.55824	-16	0.0	4	2.1	215
13/05/2025	09:39:00	40.53956	141.55827	0	0.0	4	2.1	191
13/05/2025	09:40:00	40.53941	141.55819	-26	0.0	4	2.1	222
13/05/2025	09:41:00	40.53940	141.55866	16	0.0	4	2.1	213
13/05/2025	09:42:01	40.53948	141.55837	-0	0.0	4	2.1	212
13/05/2025	09:43:01	40.53952	141.55853	18	0.0	4	2.1	215
13/05/2025	09:44:01	40.53943	141.55836	2	0.0	4	2.1	219
13/05/2025	09:45:00	40.53949	141.55835	-0	0.0	4	2.1	221
13/05/2025	09:46:00	40.53950	141.55842	10	0.0	4	2.1	223
13/05/2025	09:47:00	40.53950	141.55856	30	0.0	4	2.1	208
13/05/2025	09:48:00	40.53944	141.55828	8	0.0	4	2.1	213
13/05/2025	09:49:00	40.53947	141.55834	6	0.0	4	2.1	242
13/05/2025	09:50:01	40.53948	141.55821	-22	0.0	4	2.1	245
13/05/2025	09:51:01	40.53948	141.55842	4	0.0	4	2.1	245
13/05/2025	09:52:00	40.53948	141.55851	8	0.0	4	2.1	238
13/05/2025	09:53:00	40.53950	141.55845	8	0.0	4	2.1	240
13/05/2025	09:54:00	40.53947	141.55826	4	0.0	4	2.1	248
13/05/2025	09:55:01	40.53935	141.55849	34	0.0	3	4.0	271
13/05/2025	09:56:00	40.53944	141.55833	-4	0.0	3	2.2	279
13/05/2025	09:57:01	40.53943	141.55852	20	3.7	4	2.1	275
13/05/2025	09:58:01	40.53939	141.55827	-6	0.0	4	2.1	269
13/05/2025	09:59:00	40.53942	141.55853	2	3.7	3	2.4	267
13/05/2025	10:00:33	40.53947	141.55842	6	0.0	7	0.4	290
13/05/2025	10:01:00	40.53952	141.55836	12	0.0	7	0.4	248
13/05/2025	10:02:00	40.53943	141.55836	16	0.0	5	1.3	241
13/05/2025	10:03:00	40.53952	141.55855	8	0.0	5	2.4	278
13/05/2025	10:04:00	40.53935	141.55824	10	0.0	3	1.4	268
13/05/2025	10:05:00	40.53943	141.55835	8	0.0	7	0.4	297
13/05/2025	10:06:00	40.53922	141.55817	-38	0.0	3	2.1	264
13/05/2025	10:07:00	40.53946	141.55843	-4	0.0	5	1.1	277
13/05/2025	10:08:00	40.53952	141.55846	10	0.0	5	2.0	307
13/05/2025	10:09:00	40.53955	141.55842	10	0.0	5	2.0	247
13/05/2025	10:10:00	40.53943	141.55842	0	0.0	6	1.1	272
13/05/2025	10:11:00	40.53938	141.55841	-0	0.0	4	2.0	301
13/05/2025	10:12:00	40.53947	141.55842	8	0.0	7	1.0	303
13/05/2025	10:13:00	40.53937	141.55830	-0	0.0	4	2.0	298
13/05/2025	10:14:00	40.53939	141.55840	-12	0.0	5	2.1	301
13/05/2025	10:15:00	40.53932	141.55842	-36	0.0	5	1.4	273
13/05/2025	10:16:00	40.53973	141.55849	46	0.0	5	1.4	273
13/05/2025	10:17:00	40.53941	141.55840	-4	0.0	5	1.1	261
13/05/2025	10:18:00	40.53948	141.55851	-6	0.0	3	1.3	236
13/05/2025	10:19:00	40.53958	141.55846	-22	0.0	4	1.3	245
13/05/2025	10:20:01	40.53934	141.55850	2	25.9	7	0.4	291
13/05/2025	10:21:00	40.54418	141.56159	26	40.7	3	2.4	291
13/05/2025	10:22:00	40.54670	141.56313	-6	0.0	6	1.1	295
13/05/2025	10:23:00	40.54673	141.56324	-4	0.0	5	1.4	298
13/05/2025	10:24:00	40.54683	141.56334	0	0.0	5	1.3	287
13/05/2025	10:25:00	40.54673	141.56337	-8	0.0	4	1.4	262
13/05/2025	10:26:00	40.54679	141.56339	-6	0.0	5	1.3	239
13/05/2025	10:27:00	40.54695	141.56344	-0	0.0	5	1.3	242
13/05/2025	10:28:01	40.54697	141.56349	8	0.0	5	1.3	291
13/05/2025	10:29:00	40.54695	141.56343	-2	0.0	4	1.4	271
13/05/2025	10:30:00	40.54714	141.56382	4	0.0	4	2.3	286
13/05/2025	10:31:00	40.54694	141.56394	-20	0.0	4	1.3	241
13/05/2025	10:32:00	40.54705	141.56402	34	0.0	4	1.4	261
13/05/2025	10:33:00	40.54712	141.56389	-8	0.0	5	1.3	288
13/05/2025	10:34:01	40.54967	141.56400	4	0.0	6	1.0	265
13/05/2025	10:35:00	40.54959	141.56402	-24	0.0	4	1.4	269
13/05/2025	10:36:00	40.54960	141.56413	-6	0.0	4	1.3	241
13/05/2025	10:37:00	40.54997	141.56454	66	0.0	3	1.2	208
13/05/2025	10:38:00	40.54975	141.56425	32	0.0	4	2.3	266
13/05/2025	10:39:00	40.55166	141.56493	-10	29.6	6	1.0	293
13/05/2025	10:40:00	40.55552	141.56542	-38	25.9	4	2.3	299
13/05/2025	10:41:00	40.56040	141.56668	-28	29.6	5	1.3	268
13/05/2025	10:42:00	40.56130	141.56627	8	0.0	5	1.1	289
13/05/2025	10:43:01	40.56126	141.56625	-8	0.0	4	1.2	279
13/05/2025	10:44:00	40.56140	141.56642	10	0.0	5	1.2	243
13/05/2025	10:45:00	40.56133	141.56653	24	0.0	4	1.2	236
13/05/2025	10:46:00	40.56131	141.56644	-6	0.0	5	1.0	266
13/05/2025	10:47:00	40.56131	141.56658	-0	0.0	5	1.2	273
13/05/2025	10:48:00	40.56145	141.56671	2	0.0	5	1.2	245
13/05/2025	10:49:01	40.56153	141.56666	8	0.0	5	1.2	268
13/05/2025	10:50:00	40.56147	141.56683	24	0.0	5	1.2	273
13/05/2025	10:51:00	40.56271	141.56675	34	25.9	5	1.0	292
13/05/2025	10:52:00	40.56686	141.56752	16	25.9	5	1.0	297
13/05/2025	10:53:00	40.57107	141.56793	8	18.5	5	1.0	299
13/05/2025	10:54:00	40.57126	141.56776	12	0.0	5	1.2	242
13/05/2025	10:55:00	40.57125	141.56786	12	0.0	5	1.2	300
13/05/2025	10:56:00	40.57147	141.56801	18	0.0	5	1.2	273
13/05/2025	10:57:00	40.57157	141.56802	14	0.0	5	1.2	271
13/05/2025	10:58:01	40.57498	141.56799	12	25.9	5	1.0	268
13/05/2025	10:59:00	40.57957	141.56834	18	33.3	5	1.2	299
13/05/2025	11:00:00	40.58479	141.56702	24	33.3	4	2.4	301
13/05/2025	11:01:00	40.59006	141.56668	12	33.3	4	2.4	298
13/05/2025	11:02:00	40.59534	141.56563	-8	29.6	4	2.3	270
13/05/2025	11:03:00	40.60030	141.56458	-10	33.3	5	1.2	274
13/05/2025	11:04:00	40.60535	141.56355	-16	33.3	4	2.4	270
13/05/2025	11:05:00	40.61015	141.56289	36	29.6	4	2.3	271
13/05/2025	11:06:00	40.61519	141.56197	34	22.2	4	2.3	273
13/05/2025	11:07:01	40.62012	141.56176	4	37.0	5	1.2	305
13/05/2025	11:08:00	40.62416	141.56026	-4	0.0	3	2.0	270
13/05/2025	11:09:00	40.62414	141.56025	-6	0.0	4	2.2	272
13/05/2025	11:10:00	40.62419	141.56050	14	0.0	5	1.1	304
13/05/2025	11:11:00	40.62419	141.56055	0	0.0	4	2.1	307
13/05/2025	11:12:00	40.62419	141.56057	-22	0.0	4	2.1	280
13/05/2025	11:13:01	40.62435	141.56055	4	0.0	5	1.1	301
13/05/2025	11:14:00	40.62443	141.56062	-6	0.0	5	1.1	275
13/05/2025	11:15:00	40.62443	141.56074	22	0.0	5	1.1	296
13/05/2025	11:16:00	40.62456	141.56069	-38	0.0	4	2.1	295
13/05/2025	11:17:00	40.62440	141.56078	8	0.0	5	1.1	303
13/05/2025	11:18:00	40.62424	141.56073	54	0.0	3	2.2	271
13/05/2025	11:19:00	40.62466	141.56085	24	0.0	4	2.0	296
13/05/2025	11:20:00	40.62442	141.56078	-38	0.0	3	2.1	302
13/05/2025	11:21:00	40.62463	141.56079	-12	0.0	4	1.1	300
13/05/2025	11:22:00	40.62467	141.56087	10	0.0	4	2.0	302
13/05/2025	11:23:00	40.62466	141.56112	50	3.7	3	2.1	262
13/05/2025	11:24:00	40.62600	141.55988	4	22.2	4	1.2	271
13/05/2025	11:25:01	40.62952	141.55974	-4	25.9	4	1.2	310
13/05/2025	11:26:00	40.62965	141.55976	0	0.0	5	1.1	295
13/05/2025	11:27:00	40.62972	141.55980	-6	0.0	5	1.1	265
13/05/2025	11:28:00	40.62971	141.55984	40	0.0	3	2.0	268
13/05/2025	11:29:00	40.62978	141.55998	-22	25.9	3	2.0	296
13/05/2025	11:30:00	40.62904	141.55937	-2	18.5	4	1.1	302
13/05/2025	11:31:00	40.62838	141.55940	28	29.6	3	1.3	275
13/05/2025	11:32:00	40.62828	141.55907	-36	25.9	4	1.4	245
13/05/2025	11:33:01	40.62798	141.56036	-0	29.6	5	1.0	308
13/05/2025	11:34:02	40.62793	141.56017	10	0.0	5	1.1	291
13/05/2025	11:35:00	40.62728	141.55985	14	29.6	4	1.2	275
13/05/2025	11:36:00	40.62881	141.55891	20	18.5	4	1.1	302
13/05/2025	11:37:00	40.63028	141.56060	42	22.2	4	1.4	276
13/05/2025	11:38:00	40.63188	141.55991	0	18.5	5	1.1	305
13/05/2025	11:39:00	40.63209	141.56007	6	0.0	4	1.4	295
13/05/2025	11:40:00	40.63264	141.56034	2	22.2	4	1.1	300
13/05/2025	11:41:00	40.63336	141.56119	-18	22.2	3	1.3	293
13/05/2025	11:42:00	40.63209	141.56124	-8	22.2	3	1.3	269
13/05/2025	11:43:00	40.62897	141.56255	-28	33.3	3	1.3	244
13/05/2025	11:44:00	40.62886	141.56163	32	29.6	3	1.3	242
13/05/2025	11:45:00	40.62931	141.55872	88	22.2	3	1.3	306
13/05/2025	11:46:00	40.63021	141.55841	14	22.2	3	1.3	252
13/05/2025	11:47:02	40.63032	141.55854	2	0.0	3	1.4	289
13/05/2025	11:48:01	40.63066	141.55431	36	22.2	3	1.3	293
13/05/2025	11:49:00	40.62826	141.55218	-40	22.2	3	1.4	297
13/05/2025	11:50:00	40.62882	141.55565	-34	25.9	3	1.3	262
13/05/2025	11:51:00	40.63077	141.55927	-4	18.5	3	2.1	214
13/05/2025	11:52:01	40.63324	141.56029	10	11.1	3	1.3	270
13/05/2025	11:53:00	40.63498	141.55923	-36	22.2	3	1.4	272
13/05/2025	11:54:00	40.63646	141.55936	-22	25.9	3	1.4	296
13/05/2025	11:55:00	40.63925	141.56024	-30	18.5	3	1.3	237
13/05/2025	11:56:00	40.63592	141.56236	-36	33.3	3	1.4	270
13/05/2025	11:57:00	40.63229	141.56259	8	25.9	3	1.3	240
13/05/2025	11:58:01	40.63180	141.55994	30	0.0	3	1.3	254
13/05/2025	11:59:01	40.63177	141.56003	32	0.0	3	2.2	255
13/05/2025	12:00:00	40.63181	141.55992	38	0.0	3	1.4	243
13/05/2025	12:01:00	40.63137	141.56077	2	25.9	3	1.4	274
13/05/2025	12:02:03	40.63219	141.55857	-4	11.1	3	1.3	254
13/05/2025	12:03:02	40.63184	141.55818	10	25.9	4	1.3	265
13/05/2025	12:04:00	40.63132	141.55842	22	25.9	3	1.3	291
13/05/2025	12:05:01	40.63082	141.55757	10	22.2	3	1.3	266
13/05/2025	12:06:00	40.63151	141.55710	24	22.2	3	1.3	255
13/05/2025	12:07:02	40.63031	141.55851	-18	18.5	3	1.4	252
13/05/2025	12:08:01	40.63269	141.55573	14	18.5	3	1.4	271
13/05/2025	12:09:01	40.63303	141.55722	22	25.9	3	1.4	258
13/05/2025	12:10:02	40.63298	141.55872	12	0.0	3	1.4	248
13/05/2025	12:11:03	40.63301	141.55878	-0	0.0	3	1.4	244
13/05/2025	12:12:03	40.63290	141.55889	12	0.0	3	1.4	254
13/05/2025	12:13:04	40.63308	141.55878	-30	0.0	3	1.4	248
13/05/2025	12:14:02	40.63162	141.55963	6	14.8	3	1.4	265
13/05/2025	12:15:01	40.63190	141.56182	4	25.9	3	1.4	147
13/05/2025	12:16:01	40.63212	141.55871	0	25.9	3	1.4	240
13/05/2025	12:17:05	40.63290	141.55752	-2	25.9	3	1.4	252
13/05/2025	12:18:01	40.63451	141.56078	4	25.9	3	1.4	252
13/05/2025	12:19:00	40.63713	141.56299	-4	25.9	3	1.4	256
13/05/2025	12:20:02	40.63897	141.56728	-10	25.9	3	1.4	262
13/05/2025	12:21:01	40.63895	141.57050	6	11.1	3	1.4	262
13/05/2025	12:22:03	40.63907	141.57050	-12	3.7	3	1.4	242
13/05/2025	12:23:04	40.63923	141.57053	4	0.0	3	1.4	256
13/05/2025	12:24:02	40.64011	141.57192	0	25.9	3	1.4	260
13/05/2025	12:25:01	40.64423	141.57057	8	25.9	3	1.4	258
13/05/2025	12:26:10	40.64589	141.56984	22	0.0	3	1.4	244
13/05/2025	12:27:04	40.64595	141.56978	-0	0.0	3	1.4	269
13/05/2025	12:28:02	40.64612	141.56980	-14	0.0	3	1.4	280
13/05/2025	12:29:09	40.64619	141.56983	2	0.0	3	1.4	239
13/05/2025	12:30:12	40.64634	141.56971	-6	0.0	3	1.4	238
13/05/2025	12:31:03	40.64650	141.56986	2	0.0	3	1.4	245
13/05/2025	12:32:09	40.64651	141.56999	20	11.1	3	1.4	268
13/05/2025	12:33:08	40.64679	141.56983	-26	0.0	3	1.4	271
13/05/2025	12:34:00	40.65030	141.56990	12	25.9	3	1.4	289
13/05/2025	12:35:05	40.65306	141.56858	14	0.0	3	1.4	251
13/05/2025	12:36:02	40.65316	141.56865	4	0.0	3	1.4	275
13/05/2025	12:37:01	40.65557	141.56793	26	25.9	3	1.4	251
13/05/2025	12:38:01	40.65654	141.56731	-14	25.9	3	1.4	279
13/05/2025	12:39:05	40.65818	141.56921	4	22.2	3	1.4	252
13/05/2025	12:40:02	40.66064	141.56827	28	25.9	3	1.4	260
13/05/2025	12:41:01	40.66091	141.56835	4	22.2	3	1.4	283
13/05/2025	12:42:01	40.66112	141.56851	-2	22.2	3	1.4	280
13/05/2025	12:43:01	40.66139	141.56879	0	22.2	3	1.4	253
13/05/2025	12:44:02	40.66184	141.56861	-24	0.0	3	1.4	259
13/05/2025	12:45:04	40.66161	141.56892	18	0.0	3	1.4	254
13/05/2025	12:46:02	40.66161	141.56909	20	0.0	3	2.0	256
13/05/2025	12:47:04	40.66190	141.56902	8	0.0	3	2.0	252
13/05/2025	12:48:02	40.66207	141.56896	-12	0.0	3	2.0	256
13/05/2025	12:49:03	40.66208	141.56911	-4	0.0	3	2.0	276
13/05/2025	12:50:03	40.66205	141.56928	-6	0.0	3	2.0	256
13/05/2025	12:51:05	40.66236	141.56927	-4	0.0	2	1.4	240
13/05/2025	12:52:03	40.66260	141.56923	-32	0.0	3	2.0	247
13/05/2025	12:53:03	40.66256	141.56936	4	0.0	3	2.0	245
13/05/2025	12:54:03	40.66247	141.56948	2	0.0	3	2.0	273
13/05/2025	12:55:04	40.66267	141.56943	12	0.0	3	2.0	248
13/05/2025	12:56:03	40.66255	141.56960	2	0.0	3	2.0	276
13/05/2025	12:57:04	40.66281	141.56966	-22	0.0	3	2.0	241
13/05/2025	12:58:04	40.66285	141.56966	12	0.0	3	2.0	240
13/05/2025	12:59:03	40.66300	141.56972	18	7.4	3	2.0	244
13/05/2025	13:00:01	40.66308	141.56981	-18	0.0	3	2.0	227
13/05/2025	13:01:03	40.66308	141.57007	-12	0.0	3	2.0	250
13/05/2025	13:02:02	40.66321	141.57016	-6	0.0	3	2.0	250
13/05/2025	13:03:03	40.66232	141.56923	0	22.2	2	2.0	255
13/05/2025	13:04:04	40.66189	141.56852	36	0.0	3	2.1	241
13/05/2025	13:05:04	40.66202	141.56850	8	0.0	3	2.1	242
13/05/2025	13:06:04	40.66222	141.56864	10	0.0	3	2.1	238
13/05/2025	13:07:04	40.66221	141.56869	10	3.7	3	2.1	244
13/05/2025	13:08:04	40.66232	141.56879	-14	7.4	3	2.1	242
13/05/2025	13:09:04	40.66228	141.56893	-6	0.0	3	2.1	260
13/05/2025	13:10:04	40.66221	141.56913	-2	0.0	2	2.0	237
13/05/2025	13:11:04	40.66233	141.56922	-16	0.0	3	2.1	243
13/05/2025	13:12:03	40.66263	141.56923	-14	0.0	3	2.1	252
13/05/2025	13:13:03	40.66232	141.56948	8	0.0	3	2.1	251
13/05/2025	13:14:05	40.66213	141.56964	32	0.0	3	2.1	241
13/05/2025	13:15:04	40.66254	141.56966	6	0.0	3	2.1	246
13/05/2025	13:16:04	40.66278	141.56969	-4	3.7	3	2.1	242
13/05/2025	13:17:04	40.66282	141.56973	-2	0.0	3	2.2	238
13/05/2025	13:18:04	40.66276	141.56987	2	0.0	3	2.2	241
13/05/2025	13:19:07	40.66196	141.56930	8	0.0	3	2.2	235
13/05/2025	13:20:14	40.66226	141.56929	14	7.4	3	2.2	225
13/05/2025	13:21:06	40.66244	141.56935	-10	14.8	3	2.2	231
13/05/2025	13:22:09	40.66202	141.56968	6	7.4	3	2.2	222
13/05/2025	13:23:34	40.66257	141.56946	4	0.0	7	0.4	245
13/05/2025	13:24:01	40.66256	141.56954	4	0.0	5	1.2	239
13/05/2025	13:25:00	40.66259	141.56952	34	0.0	4	2.2	200
13/05/2025	13:26:01	40.66282	141.56975	14	0.0	5	1.3	243
13/05/2025	13:27:00	40.66290	141.56984	-2	0.0	5	1.2	227
13/05/2025	13:28:01	40.66285	141.56996	-2	0.0	4	2.1	239
13/05/2025	13:29:00	40.66288	141.57001	0	0.0	4	2.3	221
13/05/2025	13:30:00	40.66302	141.57026	-4	0.0	4	2.0	202
13/05/2025	13:31:00	40.66295	141.57008	12	0.0	3	2.4	174
13/05/2025	13:32:01	40.66310	141.57018	14	0.0	5	1.4	237
13/05/2025	13:33:01	40.66359	141.56751	10	33.3	6	2.4	254
13/05/2025	13:34:02	40.66366	141.56498	8	0.0	5	1.0	247
13/05/2025	13:35:01	40.66381	141.56498	-0	0.0	4	2.0	238
13/05/2025	13:36:00	40.66378	141.56492	16	0.0	4	2.0	197
13/05/2025	13:37:00	40.66490	141.55906	16	33.3	3	2.2	113
13/05/2025	13:38:00	40.66627	141.55578	-42	25.9	3	2.3	178
13/05/2025	13:39:03	40.66722	141.55547	-32	0.0	3	3.3	245
13/05/2025	13:40:00	40.66740	141.55541	-12	0.0	3	2.0	226
13/05/2025	13:41:01	40.66734	141.55559	4	0.0	3	2.1	199
13/05/2025	13:42:01	40.66727	141.55563	-18	0.0	3	3.1	244
13/05/2025	13:43:00	40.66742	141.55590	32	0.0	3	2.0	141
13/05/2025	13:44:01	40.66715	141.55601	14	0.0	3	2.0	245
13/05/2025	13:45:01	40.66710	141.55627	14	0.0	4	1.2	243
13/05/2025	13:46:00	40.66708	141.55632	-2	0.0	4	1.4	148
13/05/2025	13:47:01	40.66704	141.55642	10	0.0	4	1.4	231
13/05/2025	13:48:01	40.66696	141.55653	14	0.0	3	3.1	229
13/05/2025	13:49:01	40.66683	141.55649	32	0.0	3	3.1	217
13/05/2025	13:50:01	40.66683	141.55674	2	0.0	4	1.3	216
13/05/2025	13:51:01	40.66659	141.55689	-4	0.0	3	3.1	195
13/05/2025	13:52:01	40.66665	141.55702	-0	0.0	4	1.4	239
13/05/2025	13:53:01	40.66660	141.55701	16	0.0	4	1.3	211
13/05/2025	13:54:01	40.66647	141.55714	0	0.0	5	1.2	208
13/05/2025	13:55:01	40.66652	141.55722	4	0.0	5	1.2	169
13/05/2025	13:56:01	40.66640	141.55718	0	0.0	5	1.2	200
13/05/2025	13:57:00	40.66639	141.55736	6	0.0	4	1.3	144
13/05/2025	13:58:01	40.66645	141.55715	46	0.0	3	2.4	201
13/05/2025	13:59:01	40.66630	141.55735	10	0.0	4	1.2	199
13/05/2025	14:00:01	40.66619	141.55753	18	0.0	5	1.0	199
13/05/2025	14:01:01	40.66618	141.55764	10	0.0	4	1.3	198
13/05/2025	14:02:00	40.66600	141.55766	10	0.0	5	1.2	169
13/05/2025	14:03:01	40.66611	141.55784	-12	0.0	5	1.1	237
13/05/2025	14:04:01	40.66608	141.55780	34	0.0	3	2.3	158
13/05/2025	14:05:01	40.66597	141.55802	-2	0.0	5	1.2	168
13/05/2025	14:06:00	40.66601	141.55816	-2	0.0	3	1.3	143
13/05/2025	14:07:00	40.66582	141.55828	-8	0.0	5	1.2	197
13/05/2025	14:08:00	40.66566	141.55835	2	0.0	5	1.1	199
13/05/2025	14:09:00	40.66579	141.55845	18	0.0	3	2.2	169
13/05/2025	14:10:01	40.66564	141.55840	-70	0.0	3	1.4	196
13/05/2025	14:11:01	40.66551	141.55858	4	0.0	5	1.2	213
13/05/2025	14:12:01	40.66544	141.55868	2	0.0	3	2.3	194
13/05/2025	14:13:00	40.66531	141.55870	20	0.0	3	2.3	117
13/05/2025	14:14:00	40.66522	141.55884	2	0.0	4	1.3	170
13/05/2025	14:15:00	40.66529	141.55893	12	0.0	4	1.4	193
13/05/2025	14:16:00	40.66517	141.55904	14	0.0	4	1.4	220
13/05/2025	14:17:01	40.66508	141.55910	-14	0.0	3	2.2	169
13/05/2025	14:18:01	40.66500	141.55932	2	0.0	5	1.0	201
13/05/2025	14:19:00	40.66493	141.55930	16	0.0	4	1.4	174
13/05/2025	14:20:00	40.66486	141.55948	-2	0.0	5	1.1	175
13/05/2025	14:21:00	40.66477	141.55961	-18	0.0	5	1.1	200
13/05/2025	14:22:01	40.66471	141.55979	24	0.0	4	1.3	200
13/05/2025	14:23:01	40.66482	141.55988	-18	0.0	5	1.1	198
13/05/2025	14:24:01	40.66460	141.55994	-0	0.0	5	1.1	219
13/05/2025	14:25:01	40.66463	141.56003	22	0.0	4	1.1	223
13/05/2025	14:26:00	40.66461	141.56016	28	0.0	5	1.1	200
13/05/2025	14:27:01	40.66444	141.56026	-20	0.0	5	1.1	172
13/05/2025	14:28:01	40.66451	141.56036	12	0.0	4	1.3	222
13/05/2025	14:29:00	40.66417	141.56031	42	0.0	3	2.0	172
13/05/2025	14:30:01	40.66414	141.56042	6	0.0	5	1.0	225
13/05/2025	14:31:00	40.66408	141.56052	-0	0.0	5	1.1	228
13/05/2025	14:32:00	40.66411	141.56070	-20	0.0	4	1.1	199
13/05/2025	14:33:01	40.66395	141.56081	22	0.0	5	1.1	202
13/05/2025	14:34:01	40.66381	141.56083	42	0.0	5	1.1	199
13/05/2025	14:35:01	40.66382	141.56096	-2	0.0	5	1.0	243
13/05/2025	14:36:01	40.66379	141.56112	8	0.0	5	1.1	224
13/05/2025	14:37:01	40.66373	141.56129	28	0.0	5	1.1	247
13/05/2025	14:38:01	40.66357	141.56138	20	0.0	5	1.1	226
13/05/2025	14:39:00	40.66348	141.56144	16	0.0	5	1.0	200
13/05/2025	14:40:01	40.66340	141.56147	0	0.0	5	1.1	252
13/05/2025	14:41:01	40.66328	141.56155	-6	0.0	4	1.2	198
13/05/2025	14:42:01	40.66325	141.56164	-6	0.0	4	1.3	227
13/05/2025	14:43:01	40.66326	141.56180	16	0.0	5	1.1	247
13/05/2025	14:44:01	40.66314	141.56190	12	0.0	5	1.0	247
13/05/2025	14:45:01	40.66305	141.56210	-6	0.0	4	1.1	249
13/05/2025	14:46:01	40.66305	141.56220	0	0.0	4	1.2	222
13/05/2025	14:47:01	40.66287	141.56225	2	0.0	5	1.1	226
13/05/2025	14:48:00	40.66279	141.56249	-10	0.0	4	1.3	197
13/05/2025	14:49:01	40.66274	141.56224	2	0.0	4	1.2	221
13/05/2025	14:50:01	40.66264	141.56212	10	0.0	3	2.0	198
13/05/2025	14:51:00	40.66255	141.56229	-30	0.0	3	2.1	201
13/05/2025	14:52:01	40.66245	141.56249	-8	0.0	4	1.1	225
13/05/2025	14:53:01	40.66404	141.56374	24	18.5	4	1.1	261
13/05/2025	14:54:01	40.66405	141.56377	-2	0.0	3	1.3	197
13/05/2025	14:55:01	40.66403	141.56383	-8	0.0	4	1.3	218
13/05/2025	14:56:00	40.66464	141.56463	4	33.3	3	1.1	201
13/05/2025	14:57:01	40.66748	141.56838	14	37.0	4	1.1	203
13/05/2025	14:58:01	40.66851	141.56827	16	14.8	4	1.4	239
13/05/2025	14:59:01	40.66972	141.56496	6	25.9	4	1.1	233
13/05/2025	15:00:01	40.67016	141.56460	-16	0.0	4	1.1	181
13/05/2025	15:01:02	40.66992	141.56473	-6	0.0	3	2.3	224
13/05/2025	15:02:02	40.67002	141.56495	6	0.0	3	2.1	227
13/05/2025	15:03:01	40.66991	141.56493	20	0.0	3	2.1	231
13/05/2025	15:04:03	40.66989	141.56518	-16	0.0	4	1.3	252
13/05/2025	15:05:01	40.66978	141.56531	44	0.0	3	2.2	153
13/05/2025	15:06:01	40.66968	141.56544	-10	0.0	3	2.2	200
13/05/2025	15:07:01	40.66847	141.56752	20	29.6	5	1.2	234
13/05/2025	15:08:01	40.66889	141.56826	-14	25.9	5	1.2	238
13/05/2025	15:09:01	40.66832	141.56751	-6	22.2	4	1.2	249
13/05/2025	15:10:01	40.66814	141.57035	24	0.0	3	2.1	181
13/05/2025	15:11:02	40.66804	141.57052	16	0.0	3	2.2	244
13/05/2025	15:12:01	40.66810	141.57061	8	0.0	3	2.1	203
13/05/2025	15:13:02	40.66799	141.57070	-34	0.0	3	2.1	255
13/05/2025	15:14:01	40.66824	141.57092	72	3.7	3	2.1	154
13/05/2025	15:15:01	40.66823	141.57108	2	0.0	3	2.1	200
13/05/2025	15:16:01	40.66807	141.57121	-20	0.0	3	2.1	200
13/05/2025	15:17:03	40.66834	141.57140	2	0.0	3	2.1	227
13/05/2025	15:18:01	40.66834	141.57151	2	0.0	3	2.1	175
13/05/2025	15:19:02	40.66840	141.57164	-6	0.0	3	2.1	227
13/05/2025	15:20:03	40.66850	141.57177	12	0.0	3	2.1	264
13/05/2025	15:21:03	40.66822	141.57198	48	0.0	3	2.4	224
13/05/2025	15:22:02	40.66841	141.57213	-24	0.0	3	2.4	227
13/05/2025	15:23:03	40.66834	141.57236	14	0.0	3	3.0	225
13/05/2025	15:24:02	40.66847	141.57238	-34	0.0	3	3.0	221
13/05/2025	15:25:03	40.66844	141.57240	-30	0.0	2	4.0	244
13/05/2025	15:26:02	40.66836	141.57271	-24	0.0	3	3.1	198
13/05/2025	15:27:03	40.66810	141.57280	44	0.0	3	3.2	263
13/05/2025	15:28:02	40.66820	141.57286	26	0.0	3	3.2	200
13/05/2025	15:29:03	40.66825	141.57317	4	0.0	3	3.3	246
13/05/2025	15:30:03	40.66853	141.57312	-30	0.0	4	2.2	240
13/05/2025	15:31:04	40.66822	141.57345	0	0.0	4	2.2	243
13/05/2025	15:32:01	40.66838	141.57349	-48	0.0	3	2.4	173
13/05/2025	15:33:03	40.66833	141.57363	-10	3.7	3	3.0	255
13/05/2025	15:34:02	40.66813	141.57331	34	0.0	4	2.4	224
13/05/2025	15:35:02	40.66805	141.57351	18	0.0	3	3.1	241
13/05/2025	15:36:02	40.66817	141.57355	16	0.0	3	3.2	224
13/05/2025	15:37:03	40.66803	141.57360	44	0.0	3	5.1	251
13/05/2025	15:38:02	40.66825	141.57372	-14	0.0	4	3.2	201
13/05/2025	15:39:04	40.66815	141.57386	4	3.7	3	6.0	250
13/05/2025	15:40:03	40.66803	141.57414	18	0.0	4	3.4	247
13/05/2025	15:41:04	40.66831	141.57399	-42	0.0	4	4.0	255
13/05/2025	15:42:03	40.66665	141.57337	-6	25.9	4	4.1	262
13/05/2025	15:43:02	40.66580	141.57376	64	0.0	3	8.0	228
13/05/2025	15:44:03	40.66610	141.57359	-22	0.0	4	4.4	247
13/05/2025	15:45:02	40.66563	141.57402	86	0.0	3	9.3	230
13/05/2025	15:46:03	40.66612	141.57388	-10	0.0	4	5.3	247
13/05/2025	15:47:02	40.66612	141.57395	-12	0.0	3	6.2	202
13/05/2025	15:48:04	40.66602	141.57418	12	0.0	4	6.3	251
13/05/2025	15:49:03	40.66597	141.57430	10	0.0	4	7.1	226
13/05/2025	15:50:03	40.66592	141.57446	40	0.0	4	8.0	252
13/05/2025	15:51:03	40.66528	141.57520	8	3.7	4	9.0	248
13/05/2025	15:52:04	40.66484	141.57565	102	0.0	4	10.1	255
13/05/2025	15:53:03	40.66529	141.57540	12	0.0	3	13.2	241
13/05/2025	15:54:02	40.66590	141.57493	-76	0.0	3	16.0	223
13/05/2025	15:55:03	40.66637	141.57462	-178	0.0	4	16.0	243
13/05/2025	15:56:34	40.66536	141.57571	6	0.0	6	1.2	234
13/05/2025	15:57:01	40.66535	141.57567	-0	0.0	4	2.1	250
13/05/2025	15:58:00	40.66530	141.57596	30	0.0	3	2.3	229
13/05/2025	15:59:01	40.66544	141.57588	2	0.0	5	1.3	224
13/05/2025	16:00:01	40.66519	141.57619	60	0.0	4	1.3	199
13/05/2025	16:01:01	40.66539	141.57619	14	0.0	4	1.3	198
13/05/2025	16:02:01	40.66555	141.57622	-46	0.0	4	1.3	203
13/05/2025	16:03:01	40.66551	141.57624	-38	0.0	4	1.3	201
13/05/2025	16:04:00	40.66540	141.57635	-2	0.0	3	1.4	173
13/05/2025	16:05:01	40.66545	141.57652	2	0.0	4	1.3	203
13/05/2025	16:06:01	40.66538	141.57678	14	0.0	4	1.3	177
13/05/2025	16:07:01	40.66538	141.57685	12	0.0	4	1.3	205
13/05/2025	16:08:01	40.66535	141.57698	0	0.0	4	1.3	176
13/05/2025	16:09:01	40.66543	141.57700	-0	0.0	4	1.3	201
13/05/2025	16:10:01	40.66539	141.57725	0	0.0	4	1.3	203
13/05/2025	16:11:01	40.66541	141.57733	4	0.0	4	1.3	212
13/05/2025	16:12:01	40.66518	141.57739	26	0.0	3	2.4	205
13/05/2025	16:13:01	40.66540	141.57754	-12	0.0	4	1.3	177
13/05/2025	16:14:02	40.66491	141.57809	8	22.2	4	1.3	203
13/05/2025	16:15:01	40.66471	141.57813	4	0.0	4	1.4	204
13/05/2025	16:16:03	40.66472	141.57826	4	0.0	4	1.3	227
13/05/2025	16:17:03	40.66472	141.57838	10	0.0	4	1.3	250
13/05/2025	16:18:02	40.66466	141.57850	24	0.0	3	2.4	261
13/05/2025	16:19:02	40.66482	141.57866	-0	0.0	3	2.4	202
13/05/2025	16:20:02	40.66481	141.57880	-0	0.0	4	1.3	226
13/05/2025	16:21:02	40.66482	141.57905	-8	0.0	3	2.4	229
13/05/2025	16:22:02	40.66482	141.57914	-2	0.0	3	8.1	246
13/05/2025	16:23:03	40.66452	141.57915	36	0.0	3	2.3	269
13/05/2025	16:24:02	40.66464	141.57945	0	0.0	3	6.3	227
13/05/2025	16:25:01	40.66484	141.57953	-14	0.0	3	2.3	203
13/05/2025	16:26:02	40.66488	141.57977	-16	0.0	3	2.3	231
13/05/2025	16:27:01	40.66468	141.57982	8	0.0	3	2.3	203
13/05/2025	16:28:02	40.66472	141.57999	-0	0.0	4	1.3	203
13/05/2025	16:29:03	40.66456	141.58031	20	0.0	3	3.0	218
13/05/2025	16:30:02	40.66481	141.58006	0	0.0	3	2.2	243
13/05/2025	16:31:03	40.66470	141.58027	0	0.0	3	3.0	216
13/05/2025	16:32:03	40.66451	141.58058	20	0.0	4	1.3	220
13/05/2025	16:33:02	40.66454	141.58056	-30	0.0	2	5.2	211
13/05/2025	16:34:03	40.66460	141.58084	24	0.0	4	1.3	245
13/05/2025	16:35:03	40.66455	141.58085	0	0.0	3	4.1	216
13/05/2025	16:36:03	40.66453	141.58105	-12	0.0	3	4.1	255
13/05/2025	16:37:03	40.66441	141.58129	24	0.0	3	2.1	223
13/05/2025	16:38:02	40.66449	141.58152	0	0.0	3	2.1	244
13/05/2025	16:39:02	40.66463	141.58158	-8	0.0	4	1.3	198
13/05/2025	16:40:02	40.66447	141.58135	-8	0.0	3	4.2	197
13/05/2025	16:41:03	40.66454	141.58150	12	0.0	3	3.4	223
13/05/2025	16:42:03	40.66455	141.58152	6	0.0	4	1.3	227
13/05/2025	16:43:02	40.66446	141.58187	16	0.0	2	6.2	199
13/05/2025	16:44:03	40.66459	141.58172	0	0.0	3	4.0	245
13/05/2025	16:45:01	40.66444	141.58204	10	0.0	3	2.3	204
13/05/2025	16:46:00	40.66462	141.58200	-26	0.0	3	2.3	200
13/05/2025	16:47:00	40.66463	141.58216	-12	0.0	3	2.2	206
13/05/2025	16:48:01	40.66457	141.58250	-0	0.0	3	2.2	232
13/05/2025	16:49:02	40.66457	141.58263	6	0.0	4	1.3	225
13/05/2025	16:50:03	40.66443	141.58304	20	0.0	3	3.2	199
13/05/2025	16:51:02	40.66452	141.58256	-26	0.0	3	3.2	200
13/05/2025	16:52:03	40.66453	141.58315	12	0.0	4	1.4	203
13/05/2025	16:53:03	40.66450	141.58307	-6	0.0	4	1.4	201
13/05/2025	16:54:02	40.66451	141.58346	6	0.0	3	3.2	222
13/05/2025	16:55:02	40.66466	141.58303	-30	0.0	2	8.4	216
13/05/2025	16:56:03	40.66462	141.58330	-2	0.0	4	1.4	196
13/05/2025	16:57:03	40.66459	141.58361	6	0.0	4	1.4	219
13/05/2025	16:58:03	40.66458	141.58376	2	0.0	3	3.1	252
13/05/2025	16:59:02	40.66431	141.58434	-0	0.0	2	10.1	246
13/05/2025	17:00:02	40.66464	141.58401	10	0.0	3	3.2	221
13/05/2025	17:01:03	40.66472	141.58409	16	0.0	3	3.2	221
13/05/2025	17:02:03	40.66471	141.58436	12	0.0	3	3.2	197
13/05/2025	17:03:02	40.66467	141.58434	-8	0.0	3	3.2	243
13/05/2025	17:04:03	40.66466	141.58428	-30	0.0	3	3.2	201
13/05/2025	17:05:03	40.66472	141.58480	22	0.0	3	3.1	196
13/05/2025	17:06:03	40.66475	141.58471	0	0.0	3	3.1	242
13/05/2025	17:07:04	40.66655	141.58624	-0	0.0	2	2.3	251
13/05/2025	17:08:05	40.66647	141.58647	2	0.0	3	3.1	220
13/05/2025	17:09:03	40.66651	141.58656	20	0.0	3	3.1	197
13/05/2025	17:10:02	40.66671	141.58631	-8	0.0	3	3.1	219
13/05/2025	17:11:03	40.66659	141.58647	-2	0.0	3	3.1	242
13/05/2025	17:12:03	40.66674	141.58672	26	0.0	3	3.1	216
13/05/2025	17:13:03	40.66675	141.58673	0	0.0	3	3.0	239
13/05/2025	17:14:03	40.66674	141.58686	-22	0.0	3	3.0	216
13/05/2025	17:15:03	40.66677	141.58702	10	0.0	3	3.0	242
13/05/2025	17:16:02	40.66684	141.58715	4	0.0	3	3.0	199
13/05/2025	17:17:03	40.66665	141.58745	-0	0.0	3	3.0	249
13/05/2025	17:18:04	40.66670	141.58769	26	0.0	3	3.0	230
13/05/2025	17:19:03	40.66676	141.58788	16	0.0	3	3.0	228
13/05/2025	17:20:02	40.66686	141.58780	10	0.0	3	3.0	182
13/05/2025	17:21:03	40.66681	141.58797	0	0.0	3	3.0	233
13/05/2025	17:22:02	40.66682	141.58819	22	0.0	3	3.1	207
13/05/2025	17:23:03	40.66682	141.58838	16	0.0	3	3.1	231
13/05/2025	17:24:02	40.66690	141.58829	-4	0.0	3	3.1	228
13/05/2025	17:25:04	40.66683	141.58879	12	0.0	3	3.1	226
13/05/2025	17:26:03	40.66681	141.58886	-18	0.0	3	3.1	229
13/05/2025	17:27:03	40.66688	141.58894	16	0.0	3	3.1	230
13/05/2025	17:28:03	40.66697	141.58926	26	0.0	3	3.2	236
13/05/2025	17:29:03	40.66684	141.58931	-10	0.0	3	3.2	235
13/05/2025	17:30:03	40.66690	141.58956	10	0.0	3	3.2	258
13/05/2025	17:31:02	40.66687	141.58969	-8	0.0	3	3.2	185
13/05/2025	17:32:03	40.66683	141.58972	-32	0.0	3	3.3	251
13/05/2025	17:33:03	40.66674	141.58999	-30	0.0	2	3.3	251
13/05/2025	17:34:04	40.66680	141.59020	2	0.0	3	3.4	248
13/05/2025	17:35:03	40.66668	141.59043	4	0.0	2	3.3	246
13/05/2025	17:36:04	40.66684	141.59034	-2	0.0	3	3.4	249
13/05/2025	17:37:05	40.66678	141.59064	2	0.0	3	4.0	246
13/05/2025	17:38:04	40.66666	141.59085	4	7.4	3	4.0	265
13/05/2025	17:39:03	40.67027	141.59580	20	40.7	3	4.1	255
13/05/2025	17:40:03	40.67478	141.60153	16	40.7	2	4.1	232
13/05/2025	17:41:04	40.67906	141.60799	-2	40.7	3	4.2	257
13/05/2025	17:42:05	40.68306	141.61481	36	40.7	3	4.3	238
13/05/2025	17:43:02	40.68683	141.62080	32	40.7	2	4.3	254
13/05/2025	17:44:03	40.69124	141.62343	-10	22.2	3	4.4	262
13/05/2025	17:45:03	40.69184	141.62367	-16	0.0	2	4.4	243
13/05/2025	17:46:34	40.69200	141.62353	4	0.0	5	1.1	232
13/05/2025	17:47:02	40.69189	141.62351	2	0.0	5	1.1	217
13/05/2025	17:48:01	40.69218	141.62346	-4	29.6	4	1.3	235
13/05/2025	17:49:01	40.69609	141.62766	10	33.3	5	1.1	256
13/05/2025	17:50:01	40.69668	141.62818	-34	0.0	3	1.4	167
13/05/2025	17:51:01	40.69658	141.62855	-2	0.0	4	1.3	145
13/05/2025	17:52:01	40.69655	141.62856	-12	0.0	4	1.3	149
13/05/2025	17:53:01	40.69641	141.62869	-0	0.0	4	1.3	150
13/05/2025	17:54:00	40.69635	141.62861	4	0.0	4	1.3	148
13/05/2025	17:55:02	40.69618	141.62900	8	0.0	4	1.3	177
13/05/2025	17:56:02	40.69614	141.62922	32	0.0	3	3.1	146
13/05/2025	17:57:02	40.69619	141.62906	-0	0.0	4	1.3	172
13/05/2025	17:58:00	40.69620	141.62917	-16	0.0	4	1.3	149
13/05/2025	17:59:00	40.69614	141.62913	-16	0.0	3	2.3	171
13/05/2025	18:00:02	40.69588	141.62894	42	0.0	2	4.2	193
13/05/2025	18:01:02	40.69595	141.62939	0	0.0	2	4.2	219
13/05/2025	18:02:03	40.69612	141.62979	-28	0.0	2	4.1	198
13/05/2025	18:03:03	40.69596	141.62960	24	0.0	2	4.1	220
13/05/2025	18:04:02	40.69612	141.63001	-58	0.0	2	4.1	170
13/05/2025	18:05:03	40.69605	141.63025	-28	0.0	2	4.1	170
13/05/2025	18:06:04	40.69591	141.63010	16	0.0	2	4.0	245
13/05/2025	18:07:03	40.69596	141.63044	-8	3.7	2	4.0	244
13/05/2025	18:08:02	40.69579	141.63002	24	0.0	2	4.0	197
13/05/2025	18:09:03	40.69575	141.63032	28	0.0	2	4.0	224
13/05/2025	18:10:02	40.69573	141.63049	14	0.0	2	4.0	199
13/05/2025	18:11:03	40.69565	141.63068	16	0.0	2	4.0	243
13/05/2025	18:12:03	40.69582	141.63086	-30	0.0	2	4.0	221
13/05/2025	18:13:03	40.69569	141.63124	14	0.0	2	4.0	246
13/05/2025	18:14:03	40.69562	141.63119	6	0.0	2	3.4	228
13/05/2025	18:15:03	40.69697	141.63246	14	40.7	3	3.3	287
13/05/2025	18:16:02	40.70102	141.63895	6	40.7	3	3.2	224
13/05/2025	18:17:02	40.70487	141.64622	6	44.4	2	3.4	257
13/05/2025	18:18:03	40.70884	141.65351	22	40.7	3	3.2	289
13/05/2025	18:19:02	40.71328	141.65959	8	40.7	2	3.4	260
13/05/2025	18:20:02	40.71794	141.66440	14	37.0	3	3.2	261
13/05/2025	18:21:02	40.72274	141.66939	-4	37.0	3	3.2	237
13/05/2025	18:22:03	40.72692	141.67426	4	33.3	3	3.1	265
13/05/2025	18:23:03	40.73126	141.67845	26	37.0	3	3.1	289
13/05/2025	18:24:03	40.73586	141.68273	6	37.0	3	3.1	266
13/05/2025	18:25:03	40.74034	141.68743	32	37.0	3	3.1	262
13/05/2025	18:26:02	40.74484	141.69225	0	22.2	3	3.1	267
13/05/2025	18:27:03	40.74940	141.69498	-14	37.0	3	3.1	262
13/05/2025	18:28:02	40.75400	141.69886	0	33.3	3	3.1	295
13/05/2025	18:29:02	40.75886	141.70220	6	37.0	2	3.4	290
13/05/2025	18:30:02	40.76349	141.70579	28	37.0	3	3.1	295
13/05/2025	18:31:02	40.76830	141.71005	32	40.7	3	3.1	291
13/05/2025	18:32:03	40.77313	141.71540	20	40.7	3	3.0	295
13/05/2025	18:33:03	40.77806	141.72073	8	40.7	3	3.0	288
13/05/2025	18:34:02	40.78299	141.72635	-8	40.7	3	3.0	292
13/05/2025	18:35:03	40.78813	141.73102	22	44.4	3	3.0	293
13/05/2025	18:36:03	40.79348	141.73621	20	40.7	3	3.0	297
13/05/2025	18:37:02	40.79846	141.74224	8	44.4	3	3.0	292
13/05/2025	18:38:03	40.80402	141.74780	6	40.7	3	3.0	285
13/05/2025	18:39:02	40.80913	141.75277	22	44.4	2	4.0	265
13/05/2025	18:40:03	40.81424	141.75868	10	40.7	3	3.0	296
13/05/2025	18:41:02	40.81929	141.76295	20	37.0	2	4.1	293
13/05/2025	18:42:03	40.82466	141.76744	-2	37.0	3	3.0	293
13/05/2025	18:43:02	40.82950	141.77179	32	40.7	3	3.0	289
13/05/2025	18:44:02	40.83418	141.77759	16	44.4	3	3.0	296
13/05/2025	18:45:02	40.83747	141.78189	14	0.0	2	4.2	272
13/05/2025	18:46:03	40.83722	141.78235	2	0.0	2	4.2	270
13/05/2025	18:47:04	40.83706	141.78243	-0	0.0	1	4.2	252
13/05/2025	18:48:03	40.83702	141.78308	-26	0.0	2	4.3	255
13/05/2025	18:49:03	40.83656	141.78301	28	0.0	2	4.3	275
13/05/2025	18:50:02	40.83745	141.78461	4	37.0	2	4.3	299
13/05/2025	18:51:03	40.84094	141.79097	8	37.0	2	4.3	291
13/05/2025	18:52:03	40.84482	141.79677	10	37.0	2	4.4	291
13/05/2025	18:53:03	40.84943	141.80223	-6	40.7	2	4.4	272
13/05/2025	18:54:03	40.85442	141.80824	-8	44.4	2	5.0	298
13/05/2025	18:55:03	40.85926	141.81369	6	44.4	2	5.0	290
13/05/2025	18:56:03	40.86333	141.81893	40	44.4	2	5.0	294
13/05/2025	18:57:03	40.86878	141.82455	10	44.4	2	5.1	293
13/05/2025	18:58:02	40.87388	141.83043	16	48.2	2	5.1	271
13/05/2025	18:59:03	40.87933	141.83696	20	48.2	2	5.2	302
13/05/2025	19:00:34	40.88815	141.84430	8	44.4	5	1.1	293
13/05/2025	19:01:00	40.89073	141.84613	18	40.7	5	1.1	288
13/05/2025	19:02:00	40.89494	141.85247	-26	40.7	4	2.2	290
13/05/2025	19:03:01	40.90044	141.85719	2	40.7	5	1.1	266
13/05/2025	19:04:01	40.90434	141.85928	4	33.3	5	1.1	296
13/05/2025	19:05:01	40.90977	141.86122	6	33.3	5	1.1	295
13/05/2025	19:06:01	40.91531	141.86355	4	37.0	5	1.1	297
13/05/2025	19:07:01	40.91787	141.86262	4	18.5	5	1.1	272
13/05/2025	19:08:01	40.91737	141.86193	-34	0.0	3	2.4	250
13/05/2025	19:09:02	40.91821	141.86286	16	3.7	3	18.0	255
13/05/2025	19:10:00	40.91756	141.86595	14	37.0	4	2.1	297
13/05/2025	19:11:01	40.92065	141.86769	4	22.2	4	2.1	294
13/05/2025	19:12:01	40.92360	141.86529	-8	0.0	4	1.4	295
13/05/2025	19:13:01	40.92350	141.86545	-0	0.0	4	1.4	255
13/05/2025	19:14:01	40.92331	141.86567	2	0.0	4	1.3	261
13/05/2025	19:15:01	40.92321	141.86597	12	0.0	3	1.4	183
13/05/2025	19:16:03	40.92313	141.86597	20	0.0	3	2.2	268
13/05/2025	19:17:00	40.92633	141.86735	0	40.7	4	1.3	275
13/05/2025	19:18:00	40.93188	141.86878	20	40.7	4	1.3	274
13/05/2025	19:19:01	40.93422	141.87049	26	0.0	3	1.4	208
13/05/2025	19:20:02	40.93385	141.87053	-30	0.0	3	2.2	250
13/05/2025	19:21:02	40.93383	141.87073	4	0.0	3	2.2	259
13/05/2025	19:22:03	40.93368	141.87087	14	0.0	5	1.1	260
13/05/2025	19:23:00	40.93362	141.87098	6	0.0	3	2.1	239
13/05/2025	19:24:01	40.93338	141.87117	2	0.0	4	1.3	284
13/05/2025	19:25:01	40.93327	141.87135	-10	0.0	3	2.1	264
13/05/2025	19:26:00	40.93362	141.87155	12	0.0	3	1.4	209
13/05/2025	19:27:01	40.93302	141.87147	-6	0.0	4	1.3	198
13/05/2025	19:28:02	40.93297	141.87154	14	0.0	4	1.3	258
13/05/2025	19:29:00	40.93283	141.87149	-8	0.0	3	1.4	208
13/05/2025	19:30:01	40.93278	141.87157	6	0.0	4	1.3	213
13/05/2025	19:31:01	40.93277	141.87168	-8	0.0	3	1.4	225
13/05/2025	19:32:04	40.93253	141.87188	-6	0.0	3	2.0	251
13/05/2025	19:33:02	40.93598	141.87077	-2	0.0	3	2.0	261
13/05/2025	19:34:01	40.93585	141.87084	-2	0.0	3	2.0	208
13/05/2025	19:35:00	40.93576	141.87082	-8	0.0	3	2.0	210
13/05/2025	19:36:01	40.93573	141.87100	6	0.0	3	2.0	182
13/05/2025	19:37:00	40.93552	141.87124	-0	0.0	3	2.0	229
13/05/2025	19:38:02	40.93554	141.87126	10	0.0	3	2.0	228
13/05/2025	19:39:03	40.93541	141.87126	34	0.0	3	2.0	225
13/05/2025	19:40:01	40.93514	141.87136	22	0.0	3	2.0	225
13/05/2025	19:41:02	40.93502	141.87132	18	0.0	4	1.4	272
13/05/2025	19:42:01	40.93490	141.87149	30	0.0	3	2.1	183
13/05/2025	19:43:01	40.93654	141.87060	-4	44.4	4	1.4	214
13/05/2025	19:44:02	40.93878	141.87475	-10	0.0	4	1.4	259
13/05/2025	19:45:00	40.93875	141.87499	-2	0.0	3	2.2	202
13/05/2025	19:46:02	40.93851	141.87466	-42	0.0	3	6.3	199
13/05/2025	19:47:00	40.93860	141.87526	16	0.0	3	2.2	268
13/05/2025	19:48:02	40.93845	141.87529	-10	0.0	4	1.4	211
13/05/2025	19:49:01	40.93845	141.87543	-10	0.0	4	1.4	211
13/05/2025	19:50:01	40.93841	141.87547	8	0.0	4	1.4	214
13/05/2025	19:51:01	40.93828	141.87538	-4	0.0	4	1.4	213
13/05/2025	19:52:02	40.93821	141.87546	-18	0.0	4	1.4	255
13/05/2025	19:53:01	40.93821	141.87561	-10	0.0	4	1.4	215
13/05/2025	19:54:02	40.93822	141.87541	-2	0.0	3	4.3	200
13/05/2025	19:55:01	40.93813	141.87568	-28	0.0	4	1.4	210
13/05/2025	19:56:01	40.94284	141.87944	16	44.4	4	1.4	272
13/05/2025	19:57:02	40.94488	141.88554	-12	0.0	4	1.4	264
13/05/2025	19:58:03	40.94463	141.88581	-34	3.7	3	1.4	248
13/05/2025	19:59:02	40.94478	141.88586	-12	0.0	3	4.2	254
13/05/2025	20:00:02	40.94189	141.88814	-6	22.2	2	2.0	274
13/05/2025	20:01:07	40.94113	141.88834	-6	0.0	2	2.0	248
13/05/2025	20:02:03	40.94090	141.88846	-8	0.0	2	2.0	258
13/05/2025	20:03:34	40.93981	141.88848	-2	0.0	6	1.1	255
13/05/2025	20:04:01	40.93946	141.88849	-32	0.0	4	2.1	195
13/05/2025	20:05:01	40.93982	141.88884	24	0.0	4	2.4	230
13/05/2025	20:06:02	40.93962	141.88893	-16	0.0	4	3.4	273
13/05/2025	20:07:01	40.93927	141.88914	-4	0.0	4	1.4	229
13/05/2025	20:08:01	40.93838	141.88880	4	29.6	6	1.1	275
13/05/2025	20:09:01	40.93709	141.88823	14	0.0	5	1.1	269
13/05/2025	20:10:02	40.93685	141.88832	2	0.0	4	1.4	249
13/05/2025	20:11:01	40.93661	141.88832	10	0.0	3	2.0	253
13/05/2025	20:12:02	40.93626	141.88846	0	0.0	4	1.3	253
13/05/2025	20:13:01	40.93627	141.88844	22	0.0	3	2.0	175
13/05/2025	20:14:00	40.93655	141.88808	24	29.6	5	1.3	268
13/05/2025	20:15:00	40.93846	141.88365	-0	22.2	5	1.1	301
13/05/2025	20:16:01	40.93820	141.87915	24	22.2	6	1.0	230
13/05/2025	20:17:01	40.93834	141.87461	4	29.6	6	1.0	271
13/05/2025	20:18:01	40.93955	141.87017	2	22.2	6	1.0	244
13/05/2025	20:19:01	40.94062	141.86569	-4	25.9	4	1.4	242
13/05/2025	20:20:01	40.94202	141.86062	10	25.9	6	1.0	269
13/05/2025	20:21:01	40.94113	141.85599	2	22.2	6	1.0	271
13/05/2025	20:22:02	40.94038	141.85392	26	0.0	4	3.1	254
13/05/2025	20:23:01	40.94031	141.85417	6	0.0	5	1.2	231
13/05/2025	20:24:02	40.94018	141.85419	-8	0.0	4	1.2	273
13/05/2025	20:25:02	40.93988	141.85432	4	0.0	5	1.1	258
13/05/2025	20:26:03	40.93971	141.85437	-2	0.0	5	1.0	276
13/05/2025	20:27:02	40.93947	141.85443	18	0.0	4	3.0	248
13/05/2025	20:28:02	40.93925	141.85458	10	0.0	5	1.2	279
13/05/2025	20:29:01	40.93897	141.85467	16	0.0	5	1.2	287
13/05/2025	20:30:03	40.93864	141.85464	22	0.0	4	3.0	271
13/05/2025	20:31:01	40.93860	141.85485	-30	0.0	4	2.4	231
13/05/2025	20:32:01	40.93823	141.85495	-8	0.0	4	2.4	261
13/05/2025	20:33:00	40.93609	141.85591	-26	22.2	4	1.2	301
13/05/2025	20:34:01	40.93183	141.85508	2	25.9	5	1.2	304
13/05/2025	20:35:00	40.92855	141.85236	8	25.9	4	1.3	290
13/05/2025	20:36:01	40.92724	141.84714	32	25.9	5	1.2	300
13/05/2025	20:37:00	40.92598	141.84203	24	25.9	5	1.2	297
13/05/2025	20:38:00	40.92474	141.83779	-28	22.2	4	1.3	295
13/05/2025	20:39:01	40.92468	141.83319	-16	22.2	5	1.2	297
13/05/2025	20:40:00	40.92418	141.82845	30	22.2	4	1.2	267
13/05/2025	20:41:01	40.92441	141.82450	16	25.9	5	1.2	301
13/05/2025	20:42:01	40.92379	141.82084	-8	25.9	5	1.2	300
13/05/2025	20:43:01	40.92233	141.81630	16	22.2	5	1.2	307
13/05/2025	20:44:01	40.92048	141.81214	-18	22.2	5	1.2	293
13/05/2025	20:45:01	40.91751	141.80878	14	22.2	5	1.2	290
13/05/2025	20:46:01	40.91533	141.80474	22	22.2	5	1.2	295
13/05/2025	20:47:01	40.91385	141.80130	2	22.2	5	1.2	270
13/05/2025	20:48:01	40.91504	141.79705	10	18.5	5	1.2	298
13/05/2025	20:49:00	40.91367	141.79343	16	22.2	5	1.2	271
13/05/2025	20:50:01	40.91197	141.78940	6	25.9	5	1.2	298
13/05/2025	20:51:01	40.90951	141.78646	0	22.2	5	1.2	303
13/05/2025	20:52:01	40.90876	141.78231	8	22.2	5	1.2	291
13/05/2025	20:53:01	40.90648	141.77977	8	0.0	4	1.2	255
13/05/2025	20:54:00	40.90504	141.77795	8	18.5	4	1.2	237
13/05/2025	20:55:01	40.90233	141.77434	26	22.2	5	1.2	299
13/05/2025	20:56:01	40.90041	141.77101	20	22.2	5	1.1	296
13/05/2025	20:57:01	40.89740	141.76864	6	14.8	5	1.1	294
13/05/2025	20:58:00	40.89810	141.76632	8	33.3	4	1.4	275
13/05/2025	20:59:01	40.89897	141.76171	8	25.9	5	1.1	294
13/05/2025	21:00:00	40.89842	141.75701	14	25.9	4	1.1	299
13/05/2025	21:01:01	40.89767	141.75184	2	25.9	4	1.2	295
13/05/2025	21:02:01	40.89691	141.74958	18	0.0	4	1.2	285
13/05/2025	21:03:02	40.89655	141.74975	8	0.0	4	1.2	276
13/05/2025	21:04:02	40.89613	141.74983	24	0.0	4	1.2	289
13/05/2025	21:05:02	40.89545	141.74967	126	0.0	3	5.0	277
13/05/2025	21:06:01	40.89457	141.74914	18	25.9	5	1.1	307
13/05/2025	21:07:01	40.89147	141.74789	2	25.9	4	1.2	294
13/05/2025	21:08:01	40.88827	141.74526	24	22.2	4	1.2	300
13/05/2025	21:09:01	40.88535	141.74285	-8	22.2	5	1.1	295
13/05/2025	21:10:01	40.88228	141.73989	-4	25.9	5	1.1	265
13/05/2025	21:11:01	40.87871	141.73739	24	22.2	4	2.3	296
13/05/2025	21:12:00	40.87577	141.73444	12	25.9	5	1.1	333
13/05/2025	21:13:02	40.87206	141.73329	-4	25.9	4	1.2	292
13/05/2025	21:14:01	40.86861	141.73104	24	25.9	4	1.2	261
13/05/2025	21:15:02	40.86551	141.72842	12	25.9	5	1.1	348
13/05/2025	21:16:01	40.86287	141.72506	-8	22.2	5	1.1	323
13/05/2025	21:17:00	40.86024	141.72133	6	25.9	4	1.2	294
13/05/2025	21:18:01	40.85675	141.71872	10	25.9	4	1.2	295
13/05/2025	21:19:00	40.85300	141.71736	-8	22.2	4	1.2	292
13/05/2025	21:20:01	40.84971	141.71510	10	25.9	4	1.2	326
13/05/2025	21:21:02	40.84604	141.71316	-36	25.9	3	3.3	324
13/05/2025	21:22:01	40.84240	141.71197	6	22.2	4	1.2	294
13/05/2025	21:23:00	40.83841	141.70955	18	29.6	4	1.1	300
13/05/2025	21:24:02	40.83410	141.70741	-4	25.9	4	1.1	322
13/05/2025	21:25:01	40.83041	141.70548	8	22.2	4	1.1	327
13/05/2025	21:26:01	40.82683	141.70346	16	25.9	4	1.1	326
13/05/2025	21:27:01	40.82320	141.70149	-0	25.9	4	1.1	324
13/05/2025	21:28:02	40.82129	141.70197	6	40.7	4	1.1	269
13/05/2025	21:29:00	40.82000	141.70216	-4	25.9	4	1.1	238
13/05/2025	21:30:02	40.81977	141.70209	-2	0.0	4	1.1	307
13/05/2025	21:31:02	40.81972	141.70198	14	0.0	3	2.2	300
13/05/2025	21:32:03	40.81937	141.70216	10	0.0	4	1.1	301
13/05/2025	21:33:02	40.81912	141.70216	-8	0.0	3	2.2	304
13/05/2025	21:34:01	40.81900	141.70222	10	0.0	3	2.2	284
13/05/2025	21:35:03	40.81877	141.70223	-6	0.0	4	1.1	307
13/05/2025	21:36:01	40.81792	141.70114	-20	29.6	4	1.1	294
13/05/2025	21:37:01	40.81537	141.69796	8	3.7	4	1.1	283
13/05/2025	21:38:01	40.81405	141.69779	34	25.9	4	1.1	290
13/05/2025	21:39:01	40.81105	141.69448	18	25.9	4	1.1	295
13/05/2025	21:40:02	40.80735	141.69257	14	25.9	4	1.1	295
13/05/2025	21:41:02	40.80282	141.69266	-12	25.9	4	1.1	300
13/05/2025	21:42:02	40.79851	141.69126	-2	25.9	3	3.3	295
13/05/2025	21:43:01	40.79510	141.68828	-2	25.9	4	1.1	297
13/05/2025	21:44:01	40.79150	141.68570	-0	25.9	4	1.1	296
13/05/2025	21:45:01	40.78753	141.68365	16	29.6	4	1.1	297
13/05/2025	21:46:01	40.78293	141.68268	6	29.6	4	1.1	297
13/05/2025	21:47:01	40.77819	141.68230	18	29.6	4	1.1	301
13/05/2025	21:48:01	40.77406	141.67944	12	29.6	4	1.1	333
13/05/2025	21:49:02	40.76919	141.67800	14	33.3	4	1.1	318
13/05/2025	21:50:01	40.76454	141.67533	6	33.3	4	1.1	326
13/05/2025	21:51:01	40.75997	141.67213	8	33.3	3	2.1	321
13/05/2025	21:52:02	40.75559	141.66842	12	33.3	4	1.1	322
13/05/2025	21:53:02	40.75095	141.66584	0	33.3	4	1.1	325
13/05/2025	21:54:02	40.74598	141.66316	6	37.0	4	1.1	324
13/05/2025	21:55:01	40.74113	141.66006	10	33.3	3	2.0	324
13/05/2025	21:56:01	40.73640	141.65662	12	37.0	3	2.0	326
13/05/2025	21:57:02	40.73132	141.65331	28	37.0	4	1.1	291
13/05/2025	21:58:01	40.72641	141.64954	22	37.0	4	1.1	300
13/05/2025	21:59:03	40.72137	141.64538	14	37.0	4	1.1	297
13/05/2025	22:00:02	40.71626	141.64139	42	37.0	3	9.2	292
13/05/2025	22:01:02	40.71115	141.63787	10	37.0	4	1.1	324
13/05/2025	22:02:02	40.70632	141.63357	40	37.0	4	1.1	320
13/05/2025	22:03:00	40.70166	141.62957	36	37.0	3	2.0	322
13/05/2025	22:04:03	40.69626	141.62559	12	37.0	4	1.1	322
13/05/2025	22:05:01	40.69139	141.62198	6	37.0	3	2.0	324
13/05/2025	22:06:01	40.68647	141.61749	8	37.0	3	2.0	294
13/05/2025	22:07:03	40.68126	141.61355	26	37.0	4	1.1	297
13/05/2025	22:08:02	40.67649	141.61013	2	37.0	4	1.1	298
13/05/2025	22:09:02	40.67148	141.60636	8	37.0	3	4.0	297
13/05/2025	22:10:03	40.66655	141.60273	10	37.0	4	1.1	295
13/05/2025	22:11:03	40.66191	141.59906	2	33.3	4	1.1	294
13/05/2025	22:12:02	40.65866	141.59360	-2	33.3	3	2.0	314
13/05/2025	22:13:03	40.65423	141.58890	2	37.0	4	1.1	325
13/05/2025	22:14:02	40.64928	141.58505	8	37.0	4	1.1	321
13/05/2025	22:15:01	40.64453	141.58092	4	37.0	3	2.0	323
13/05/2025	22:16:34	40.63710	141.57352	20	37.0	4	2.0	309
13/05/2025	22:17:01	40.63492	141.57139	8	37.0	4	2.0	349
13/05/2025	22:18:01	40.63025	141.56668	20	37.0	3	2.4	301
13/05/2025	22:19:01	40.62651	141.56114	10	33.3	4	2.0	299
13/05/2025	22:20:01	40.62281	141.55602	26	33.3	4	2.0	291
13/05/2025	22:21:02	40.61821	141.55206	8	33.3	3	2.0	317
13/05/2025	22:22:00	40.61361	141.54944	22	33.3	3	2.0	320
13/05/2025	22:23:01	40.60938	141.54594	20	33.3	4	2.0	297
13/05/2025	22:24:01	40.60489	141.54296	28	33.3	4	2.0	319
13/05/2025	22:25:01	40.60043	141.53989	8	29.6	3	2.0	335
13/05/2025	22:26:01	40.59610	141.53703	26	29.6	3	2.0	327
13/05/2025	22:27:01	40.59470	141.53194	12	29.6	4	2.0	326
13/05/2025	22:28:01	40.59326	141.52885	14	29.6	3	2.2	292
13/05/2025	22:29:02	40.59113	141.52252	20	33.3	4	2.0	292
13/05/2025	22:30:02	40.58815	141.51885	18	33.3	4	2.0	300
13/05/2025	22:31:01	40.58625	141.51963	14	29.6	4	2.0	335
13/05/2025	22:32:01	40.58300	141.51742	12	29.6	3	2.0	327
13/05/2025	22:33:01	40.57977	141.51417	-22	33.3	3	2.1	328
13/05/2025	22:34:02	40.57520	141.51349	12	33.3	3	2.1	331
13/05/2025	22:35:00	40.57087	141.51308	26	29.6	3	2.1	303
13/05/2025	22:36:01	40.56812	141.51770	38	25.9	3	2.1	297
13/05/2025	22:37:02	40.56559	141.52009	40	0.0	2	4.1	273
13/05/2025	22:38:04	40.56509	141.51936	26	25.9	3	2.1	314
13/05/2025	22:39:04	40.56425	141.52027	8	25.9	3	2.1	283
13/05/2025	22:40:03	40.56092	141.51952	2	29.6	3	2.1	309
13/05/2025	22:41:02	40.55817	141.52145	4	25.9	3	2.0	287
13/05/2025	22:42:03	40.55792	141.52655	6	0.0	3	2.0	278
13/05/2025	22:43:02	40.55813	141.52880	2	29.6	3	2.0	286
13/05/2025	22:44:03	40.55798	141.53473	14	29.6	3	2.0	292
13/05/2025	22:45:07	40.55786	141.53497	6	0.0	3	2.0	270
13/05/2025	22:46:04	40.55781	141.53462	8	3.7	2	3.1	283
13/05/2025	22:47:09	40.55790	141.53475	-6	3.7	3	2.0	252
13/05/2025	22:48:34	40.55767	141.53495	24	0.0	4	2.3	237
13/05/2025	22:49:12	40.55764	141.53498	60	0.0	4	2.3	195
13/05/2025	22:50:05	40.55775	141.53483	28	0.0	4	2.3	224
13/05/2025	22:51:00	40.55956	141.53513	36	0.0	4	2.3	238
13/05/2025	22:52:00	40.55947	141.53501	6	0.0	5	1.3	239
13/05/2025	22:53:01	40.55929	141.53480	-14	0.0	3	2.3	238
13/05/2025	22:54:03	40.55955	141.53502	4	0.0	4	2.3	267
13/05/2025	22:55:01	40.55942	141.53498	14	0.0	4	2.3	230
13/05/2025	22:56:03	40.55946	141.53492	-0	0.0	3	2.4	270
13/05/2025	22:57:03	40.55941	141.53499	8	0.0	4	1.4	278
13/05/2025	22:58:03	40.55948	141.53496	10	0.0	2	2.3	248
13/05/2025	22:59:04	40.55957	141.53485	-4	0.0	3	2.4	230
13/05/2025	23:00:04	40.55952	141.53497	-2	0.0	4	2.1	280
13/05/2025	23:01:01	40.55949	141.53486	-4	0.0	3	2.4	264
13/05/2025	23:02:01	40.55950	141.53493	0	0.0	3	2.4	204
13/05/2025	23:03:01	40.55947	141.53512	20	0.0	3	2.4	257
13/05/2025	23:04:03	40.55945	141.53490	-12	0.0	3	3.0	233
13/05/2025	23:05:03	40.55942	141.53504	8	0.0	3	3.0	250
13/05/2025	23:06:06	40.55949	141.53504	14	3.7	3	2.2	225
13/05/2025	23:07:03	40.55945	141.53500	-2	0.0	3	3.0	255
13/05/2025	23:08:04	40.55942	141.53504	6	0.0	3	3.0	278
13/05/2025	23:09:04	40.55947	141.53500	-8	0.0	3	3.0	253
13/05/2025	23:10:02	40.55943	141.53520	44	0.0	3	3.0	194
13/05/2025	23:11:03	40.55948	141.53477	-8	0.0	3	3.0	236
13/05/2025	23:12:04	40.55939	141.53512	6	0.0	3	3.0	250
13/05/2025	23:13:03	40.55934	141.53490	-2	0.0	3	3.0	254
13/05/2025	23:14:03	40.55950	141.53495	0	0.0	3	3.0	261
13/05/2025	23:15:03	40.55934	141.53507	-0	0.0	3	3.0	262
13/05/2025	23:16:03	40.55943	141.53484	4	0.0	3	3.0	252
13/05/2025	23:17:04	40.55951	141.53484	-0	0.0	3	3.0	252
13/05/2025	23:18:03	40.55957	141.53492	-2	0.0	3	3.0	256
13/05/2025	23:19:04	40.55955	141.53499	-0	0.0	3	3.0	254
13/05/2025	23:20:04	40.55946	141.53503	18	0.0	4	2.0	251
13/05/2025	23:21:03	40.55948	141.53513	12	0.0	3	3.0	254
13/05/2025	23:22:03	40.55940	141.53508	0	0.0	3	3.0	255
13/05/2025	23:23:04	40.55948	141.53517	50	0.0	4	2.0	251
13/05/2025	23:24:03	40.55949	141.53490	2	0.0	3	3.0	255
13/05/2025	23:25:04	40.55944	141.53502	12	0.0	3	3.0	271
13/05/2025	23:26:04	40.55948	141.53499	18	0.0	4	2.0	266
13/05/2025	23:27:03	40.55951	141.53516	28	0.0	3	3.0	266
13/05/2025	23:28:01	40.55756	141.53415	52	48.2	3	3.2	278
13/05/2025	23:29:05	40.55425	141.52800	-10	0.0	4	2.1	277
13/05/2025	23:30:03	40.55422	141.52815	14	0.0	4	2.1	256
13/05/2025	23:31:02	40.55237	141.52718	-8	33.3	5	1.4	283
13/05/2025	23:32:01	40.54838	141.52141	30	48.2	4	2.1	282
13/05/2025	23:33:04	40.54827	141.52056	-10	7.4	3	13.0	254
13/05/2025	23:34:03	40.54701	141.51412	-28	0.0	3	4.0	249
13/05/2025	23:35:05	40.54701	141.51455	6	3.7	4	2.1	268
13/05/2025	23:36:04	40.54702	141.51458	4	0.0	4	2.1	275
13/05/2025	23:37:01	40.54695	141.51446	2	0.0	4	2.1	284
13/05/2025	23:38:03	40.54658	141.51534	70	0.0	3	13.2	266
13/05/2025	23:39:03	40.54692	141.51439	-110	0.0	3	13.3	254
13/05/2025	23:40:02	40.54562	141.51322	26	0.0	3	3.1	284
13/05/2025	23:41:04	40.54552	141.51301	-6	0.0	4	2.1	270
13/05/2025	23:42:06	40.54550	141.51315	-6	0.0	4	2.1	276
13/05/2025	23:43:01	40.54552	141.51335	2	0.0	3	3.1	206
13/05/2025	23:44:05	40.54555	141.51331	18	3.7	4	2.1	274
13/05/2025	23:45:02	40.54559	141.51300	0	0.0	3	3.2	283
13/05/2025	23:46:04	40.54549	141.51327	2	0.0	3	3.2	277
13/05/2025	23:47:02	40.54541	141.51322	-2	0.0	3	3.2	280
13/05/2025	23:48:04	40.54550	141.51292	-22	0.0	3	3.2	277
13/05/2025	23:49:01	40.54539	141.51302	-20	0.0	2	3.4	284
13/05/2025	23:50:34	40.54547	141.51321	0	0.0	7	0.4	272
13/05/2025	23:51:01	40.54547	141.51323	-0	0.0	6	1.1	279
13/05/2025	23:52:01	40.54544	141.51324	-12	0.0	6	1.1	279
13/05/2025	23:53:00	40.54527	141.51340	0	0.0	5	1.3	208
13/05/2025	23:54:00	40.54534	141.51328	10	0.0	3	2.1	232
13/05/2025	23:55:00	40.54532	141.51340	-0	0.0	5	1.3	238
13/05/2025	23:56:00	40.54529	141.51350	-12	0.0	4	2.1	185
13/05/2025	23:57:00	40.54528	141.51345	16	0.0	5	1.2	218
13/05/2025	23:58:01	40.54473	141.51809	12	29.6	3	2.2	199
13/05/2025	23:59:02	40.54410	141.52317	16	29.6	5	1.3	280
14/05/2025	00:00:02	40.54637	141.52782	8	25.9	5	1.4	254
14/05/2025	00:01:01	40.54334	141.53227	44	37.0	5	2.0	275
14/05/2025	00:02:00	40.53791	141.53468	16	33.3	5	2.0	261
14/05/2025	00:03:01	40.53632	141.54114	4	37.0	5	2.0	280
14/05/2025	00:04:01	40.53759	141.54687	12	33.3	5	1.2	273
14/05/2025	00:05:01	40.53876	141.55237	-0	29.6	5	2.0	279
14/05/2025	00:06:01	40.54023	141.55822	0	25.9	5	2.0	226
14/05/2025	00:07:04	40.53909	141.55750	100	0.0	3	4.1	169
14/05/2025	00:08:05	40.53916	141.55760	66	0.0	3	4.4	90
14/05/2025	00:14:32	40.53902	141.55803	4	0.0	4	1.3	93
14/05/2025	00:15:19	40.53912	141.55781	24	0.0	6	1.2	154
14/05/2025	00:16:02	40.53905	141.55818	-20	0.0	3	4.2	210
14/05/2025	00:17:15	40.53912	141.55794	4	3.7	5	2.1	171
14/05/2025	00:18:14	40.53910	141.55795	0	0.0	6	1.1	172
14/05/2025	00:19:01	40.53889	141.55839	112	0.0	1	9.3	122
14/05/2025	00:20:04	40.53925	141.55762	-58	0.0	1	9.4	121
14/05/2025	00:21:02	40.53910	141.55804	-26	0.0	1	9.4	165
14/05/2025	00:22:03	40.53945	141.55729	48	7.4	1	9.4	142
14/05/2025	00:28:18	40.53904	141.55800	0	0.0	6	1.1	180
14/05/2025	00:29:04	40.53910	141.55802	28	3.7	2	10.0	147
14/05/2025	00:30:03	40.53864	141.55862	-4	0.0	1	10.2	167
14/05/2025	00:31:03	40.53958	141.55729	62	7.4	1	10.2	161
14/05/2025	00:32:03	40.53878	141.55832	6	7.4	1	10.2	161
14/05/2025	00:33:04	40.53901	141.55801	0	0.0	4	1.4	161
14/05/2025	00:34:09	40.53905	141.55797	-0	0.0	5	1.3	162
14/05/2025	00:35:05	40.53925	141.55760	-12	0.0	2	5.4	162
14/05/2025	00:36:04	40.53896	141.55818	4	0.0	2	5.4	109
14/05/2025	00:37:04	40.53920	141.55778	-22	3.7	2	5.3	109
14/05/2025	00:38:04	40.53901	141.55810	-22	14.8	2	5.3	129
14/05/2025	00:39:04	40.53887	141.55816	2	0.0	2	5.3	111
14/05/2025	00:40:02	40.53920	141.55782	50	0.0	1	11.0	113
14/05/2025	00:41:03	40.53884	141.55829	30	0.0	2	5.3	110
14/05/2025	00:42:03	40.53914	141.55772	-36	0.0	2	5.3	103
14/05/2025	00:43:01	40.53923	141.55768	-12	0.0	2	5.3	113
14/05/2025	00:44:02	40.53906	141.55823	86	0.0	2	5.3	114
14/05/2025	00:45:01	40.53892	141.55782	-58	0.0	2	5.3	114
14/05/2025	00:51:15	40.53895	141.55801	-18	0.0	5	1.3	156
14/05/2025	00:52:04	40.53890	141.55831	52	0.0	3	4.4	143
14/05/2025	00:53:04	40.53920	141.55801	62	0.0	3	2.4	117
14/05/2025	00:54:05	40.53922	141.55784	44	0.0	3	2.4	118
14/05/2025	00:55:02	40.53903	141.55759	-142	0.0	2	6.1	148
14/05/2025	00:56:03	40.53887	141.55843	120	0.0	2	6.2	168
14/05/2025	00:57:03	40.53896	141.55804	-8	0.0	3	2.4	157
14/05/2025	00:58:03	40.53892	141.55830	40	0.0	2	6.3	133
14/05/2025	00:59:04	40.53876	141.55871	160	0.0	2	7.0	141
14/05/2025	01:05:22	40.53906	141.55794	-8	0.0	5	1.4	184
14/05/2025	01:06:12	40.53906	141.55802	16	0.0	5	1.4	187
14/05/2025	01:07:15	40.53906	141.55801	0	0.0	6	1.0	196
14/05/2025	01:08:06	40.53917	141.55798	22	0.0	3	2.4	148
14/05/2025	01:09:05	40.53906	141.55806	22	0.0	3	2.4	150
14/05/2025	01:10:03	40.53907	141.55796	8	0.0	3	2.4	146
14/05/2025	01:11:04	40.53929	141.55795	6	0.0	3	2.4	125
14/05/2025	01:12:05	40.53895	141.55810	-12	0.0	3	2.4	149
14/05/2025	01:13:05	40.53903	141.55797	10	0.0	3	2.4	149
14/05/2025	01:14:07	40.53903	141.55804	-0	0.0	3	3.0	148
14/05/2025	01:15:08	40.53897	141.55801	-14	0.0	3	3.0	163
14/05/2025	01:16:06	40.53895	141.55805	-14	0.0	2	3.1	108
14/05/2025	01:17:22	40.53904	141.55799	-2	0.0	3	3.0	138
14/05/2025	01:18:08	40.53909	141.55803	-16	3.7	3	3.0	160
14/05/2025	01:19:36	40.53906	141.55799	14	0.0	3	1.4	164
14/05/2025	01:20:02	40.53940	141.55680	-122	0.0	2	10.0	106
14/05/2025	01:21:04	40.53898	141.55823	6	0.0	2	10.1	125
14/05/2025	01:22:03	40.53936	141.55700	-112	0.0	2	10.3	126
14/05/2025	01:23:04	40.53911	141.55798	26	0.0	3	1.4	120
14/05/2025	01:24:04	40.53910	141.55785	6	0.0	3	1.4	103
14/05/2025	01:25:03	40.53910	141.55796	16	0.0	3	1.4	124
14/05/2025	01:26:04	40.53916	141.55797	2	0.0	3	1.4	116
14/05/2025	01:27:06	40.53911	141.55795	0	0.0	4	1.2	136
14/05/2025	01:28:03	40.53923	141.55736	-100	0.0	2	13.4	141
14/05/2025	01:29:03	40.53904	141.55787	-30	0.0	4	1.2	123
14/05/2025	01:30:04	40.53905	141.55791	-4	0.0	3	1.3	123
14/05/2025	01:31:03	40.53907	141.55801	22	0.0	3	1.3	119
14/05/2025	01:32:06	40.53890	141.55814	-32	0.0	2	3.0	101
14/05/2025	01:33:07	40.53906	141.55797	4	0.0	4	1.3	103
14/05/2025	01:34:10	40.53905	141.55809	4	0.0	3	1.3	130
14/05/2025	01:35:04	40.53891	141.55808	-64	0.0	2	3.0	127
14/05/2025	01:36:10	40.53902	141.55799	-16	0.0	3	1.3	135
14/05/2025	01:37:04	40.53916	141.55815	18	0.0	2	1.3	107
14/05/2025	01:38:09	40.53902	141.55798	-32	0.0	3	1.3	101
14/05/2025	01:39:08	40.53904	141.55807	10	0.0	3	1.3	137
14/05/2025	01:40:10	40.53909	141.55798	30	0.0	4	1.2	130
14/05/2025	01:41:08	40.53908	141.55796	8	0.0	3	1.3	153
14/05/2025	01:42:06	40.53907	141.55796	8	0.0	3	1.3	124
14/05/2025	01:43:08	40.53906	141.55796	4	0.0	3	1.3	112
14/05/2025	01:44:04	40.53908	141.55791	6	0.0	3	1.3	140
14/05/2025	01:45:05	40.53910	141.55807	36	3.7	3	1.3	99
14/05/2025	01:46:04	40.53904	141.55800	12	0.0	3	1.3	120
14/05/2025	01:47:05	40.53913	141.55779	-20	0.0	3	1.3	130
14/05/2025	01:48:04	40.53907	141.55818	40	0.0	3	1.3	119
14/05/2025	01:49:07	40.53908	141.55797	0	0.0	3	1.3	115
14/05/2025	01:50:04	40.53900	141.55782	-36	0.0	3	1.4	141
14/05/2025	01:51:07	40.53903	141.55804	0	3.7	3	1.4	158
14/05/2025	01:52:06	40.53899	141.55793	-8	0.0	3	1.4	118
14/05/2025	01:53:05	40.53904	141.55795	0	0.0	3	1.4	123
14/05/2025	01:54:04	40.53906	141.55813	20	0.0	3	1.4	145
14/05/2025	01:55:04	40.53904	141.55806	18	0.0	3	1.4	166
14/05/2025	01:56:04	40.53906	141.55809	34	0.0	3	1.4	164
14/05/2025	01:57:04	40.53906	141.55797	16	0.0	3	1.4	167
14/05/2025	01:58:04	40.53905	141.55796	0	0.0	4	1.3	171
14/05/2025	01:59:03	40.53904	141.55781	-34	0.0	2	12.1	170
14/05/2025	02:05:59	40.53908	141.55795	6	0.0	1	3.3	169
14/05/2025	02:07:03	40.53905	141.55781	10	0.0	1	4.3	102
14/05/2025	02:08:02	40.53910	141.55788	-4	0.0	1	4.3	170
14/05/2025	02:09:02	40.53916	141.55815	-8	0.0	1	3.3	171
14/05/2025	02:10:02	40.53904	141.55792	14	7.4	0	8.1	172
14/05/2025	02:11:03	40.53908	141.55788	8	0.0	1	3.3	172
14/05/2025	02:12:02	40.53915	141.55779	-20	0.0	1	4.4	154
14/05/2025	02:13:03	40.53879	141.55800	44	3.7	0	8.0	170
14/05/2025	02:14:03	40.53905	141.55775	12	0.0	1	3.3	174
14/05/2025	02:15:02	40.53875	141.55804	66	7.4	0	7.4	152
14/05/2025	02:16:04	40.53901	141.55836	4	0.0	0	7.3	174
14/05/2025	02:22:28	40.53908	141.55798	6	0.0	1	3.3	178
14/05/2025	02:23:02	40.53939	141.55756	-12	0.0	0	7.1	140
14/05/2025	02:24:04	40.53899	141.55811	-0	0.0	1	3.3	160
14/05/2025	02:25:02	40.53914	141.55792	-2	0.0	1	3.3	161
14/05/2025	02:26:02	40.53916	141.55790	2	0.0	1	3.4	183
14/05/2025	02:27:03	40.53905	141.55800	-0	0.0	1	3.4	181
14/05/2025	02:28:02	40.53895	141.55795	28	0.0	1	3.4	160
14/05/2025	02:29:02	40.53907	141.55783	-0	0.0	1	3.4	180
14/05/2025	02:30:02	40.53924	141.55768	-4	0.0	1	3.4	182
14/05/2025	02:31:02	40.53902	141.55804	10	0.0	1	3.4	161
14/05/2025	02:32:02	40.53903	141.55818	8	0.0	1	3.4	160
14/05/2025	02:33:03	40.53912	141.55811	2	0.0	1	3.4	181
14/05/2025	02:34:03	40.53892	141.55815	36	0.0	1	4.0	175
14/05/2025	02:35:02	40.53909	141.55808	2	0.0	1	3.4	130
14/05/2025	02:36:04	40.53901	141.55822	6	0.0	1	4.0	152
14/05/2025	02:37:03	40.53901	141.55795	10	0.0	1	4.0	195
14/05/2025	02:38:04	40.53912	141.55802	6	0.0	1	4.0	179
14/05/2025	02:39:03	40.53902	141.55810	12	0.0	1	4.0	87
14/05/2025	02:40:02	40.53897	141.55818	32	0.0	1	4.0	173
14/05/2025	02:41:03	40.53897	141.55817	14	0.0	1	6.1	130
14/05/2025	02:42:03	40.53816	141.55828	146	7.4	0	7.0	174
14/05/2025	02:43:06	40.53911	141.55783	-6	0.0	1	4.1	146
14/05/2025	02:44:03	40.53895	141.55831	26	0.0	1	4.1	192
14/05/2025	02:45:03	40.53926	141.55778	-10	0.0	0	7.1	192
14/05/2025	02:46:05	40.53918	141.55772	0	0.0	1	4.1	171
14/05/2025	02:47:04	40.53921	141.55757	-6	0.0	1	4.1	192
14/05/2025	02:48:28	40.53906	141.55799	6	0.0	1	4.2	210
14/05/2025	02:49:04	40.53910	141.55781	0	0.0	1	4.2	195
14/05/2025	02:50:04	40.53911	141.55795	2	0.0	1	7.0	169
14/05/2025	02:51:04	40.53901	141.55810	26	3.7	1	4.2	181
14/05/2025	02:52:04	40.53937	141.55775	-36	3.7	0	7.3	171
14/05/2025	02:53:05	40.53962	141.55736	-80	0.0	0	7.4	167
14/05/2025	02:59:37	40.53911	141.55789	2	0.0	1	4.4	177
14/05/2025	03:00:34	40.53916	141.55766	-12	0.0	2	9.2	205
14/05/2025	03:01:05	40.53914	141.55777	6	11.1	2	9.3	166
14/05/2025	03:02:04	40.53891	141.55826	20	14.8	2	9.4	171
14/05/2025	03:03:05	40.53949	141.55649	-40	22.2	2	10.1	194
14/05/2025	03:04:08	40.53904	141.55812	2	3.7	2	10.3	209
14/05/2025	03:05:05	40.53926	141.55735	-4	0.0	2	11.0	211
14/05/2025	03:06:04	40.53916	141.55793	-0	3.7	2	11.2	190
14/05/2025	03:07:09	40.53966	141.55616	-56	0.0	2	11.4	183
14/05/2025	03:08:35	40.53905	141.55799	2	0.0	3	2.1	203
14/05/2025	03:09:02	40.53904	141.55793	20	0.0	2	2.2	150
14/05/2025	03:10:02	40.53906	141.55804	-16	0.0	2	2.3	148
14/05/2025	03:11:02	40.53915	141.55790	-22	0.0	2	2.3	187
14/05/2025	03:12:03	40.53911	141.55792	-24	0.0	2	2.3	146
14/05/2025	03:13:04	40.53909	141.55803	10	0.0	2	2.3	214
14/05/2025	03:14:03	40.53911	141.55793	-8	0.0	2	2.4	173
14/05/2025	03:15:04	40.53911	141.55788	-2	0.0	2	2.4	195
14/05/2025	03:16:04	40.53912	141.55800	2	0.0	2	2.4	193
14/05/2025	03:17:04	40.53910	141.55791	16	0.0	2	3.0	192
14/05/2025	03:18:04	40.53909	141.55810	20	0.0	2	3.0	195
14/05/2025	03:19:04	40.53915	141.55796	-6	0.0	2	3.1	196
14/05/2025	03:20:04	40.53919	141.55793	-10	0.0	2	3.1	195
14/05/2025	03:21:04	40.53904	141.55793	8	0.0	2	3.2	195
14/05/2025	03:22:04	40.53902	141.55802	36	0.0	2	3.2	199
14/05/2025	03:23:04	40.53894	141.55805	-0	0.0	3	3.0	195
14/05/2025	03:24:04	40.53919	141.55800	-6	0.0	2	3.3	197
14/05/2025	03:25:06	40.53902	141.55820	30	0.0	3	3.1	185
14/05/2025	03:26:08	40.53920	141.55818	46	3.7	2	4.0	149
14/05/2025	03:27:06	40.53901	141.55826	8	0.0	2	4.1	165
14/05/2025	03:28:06	40.53934	141.55787	-54	0.0	2	4.2	173
14/05/2025	03:29:06	40.53913	141.55804	-54	0.0	1	2.3	131
14/05/2025	03:30:05	40.53921	141.55781	0	3.7	2	4.4	169
14/05/2025	03:31:05	40.53921	141.55804	-32	3.7	2	5.0	174
14/05/2025	03:32:05	40.53916	141.55778	-24	0.0	2	5.1	193
14/05/2025	03:38:46	40.53904	141.55807	12	0.0	3	5.0	194
14/05/2025	03:39:04	40.53886	141.55845	62	0.0	2	8.1	196
14/05/2025	03:40:03	40.53865	141.55891	144	0.0	2	9.0	185
14/05/2025	03:41:04	40.53886	141.55829	32	0.0	2	9.4	184
14/05/2025	03:42:05	40.53902	141.55814	8	0.0	3	5.4	196
14/05/2025	03:43:06	40.53894	141.55822	30	0.0	2	12.0	193
14/05/2025	03:44:07	40.53917	141.55778	-26	0.0	2	13.2	193
14/05/2025	03:45:08	40.53909	141.55793	-8	18.5	3	6.3	188
14/05/2025	03:46:11	40.53886	141.55851	78	3.7	3	6.4	186
14/05/2025	03:47:10	40.53887	141.55839	54	0.0	3	7.0	186
14/05/2025	03:48:05	40.54025	141.55500	-324	14.8	3	7.2	195
14/05/2025	03:49:09	40.53945	141.55718	-104	0.0	3	7.3	190
14/05/2025	03:50:07	40.53923	141.55752	-42	3.7	3	7.4	192
14/05/2025	03:51:07	40.53897	141.55828	24	7.4	3	8.0	192
14/05/2025	03:52:04	40.53891	141.55849	24	0.0	1	3.1	189
14/05/2025	03:53:06	40.53904	141.55805	30	3.7	3	8.3	196
14/05/2025	03:54:07	40.53898	141.55829	10	0.0	3	8.4	195
14/05/2025	03:55:09	40.53916	141.55770	-18	0.0	3	8.4	187
14/05/2025	03:56:12	40.53891	141.55837	36	0.0	3	9.0	207
14/05/2025	03:57:08	40.53883	141.55867	76	0.0	3	9.0	189
14/05/2025	03:58:06	40.53940	141.55715	-80	14.8	3	9.0	187
14/05/2025	03:59:08	40.53895	141.55847	54	0.0	3	9.0	195
14/05/2025	04:00:05	40.53908	141.55846	58	3.7	2	4.4	170
14/05/2025	04:06:36	40.53909	141.55794	0	0.0	5	1.4	215
14/05/2025	04:07:02	40.53893	141.55812	74	0.0	3	4.0	171
14/05/2025	04:13:24	40.53912	141.55792	-8	0.0	5	2.0	197
14/05/2025	04:14:02	40.53899	141.55813	22	0.0	4	2.0	139
14/05/2025	04:15:02	40.53911	141.55783	-26	0.0	3	2.2	134
14/05/2025	04:16:01	40.53911	141.55788	-20	0.0	4	2.0	136
14/05/2025	04:17:02	40.53908	141.55801	10	0.0	4	2.1	204
14/05/2025	04:18:01	40.53906	141.55784	-42	0.0	4	2.1	139
14/05/2025	04:19:01	40.53904	141.55793	0	0.0	4	2.1	139
14/05/2025	04:20:01	40.53913	141.55818	8	0.0	4	2.1	183
14/05/2025	04:21:01	40.53908	141.55795	6	0.0	3	3.0	189
14/05/2025	04:22:01	40.53907	141.55789	-10	0.0	3	3.0	203
14/05/2025	04:23:02	40.53915	141.55771	-54	0.0	3	3.0	187
14/05/2025	04:24:02	40.53910	141.55779	-24	0.0	4	2.1	201
14/05/2025	04:25:02	40.53887	141.55781	12	0.0	3	3.0	164
14/05/2025	04:26:03	40.53943	141.55851	118	0.0	3	5.2	197
14/05/2025	04:27:04	40.53900	141.55775	-6	0.0	3	3.1	198
14/05/2025	04:28:03	40.53901	141.55770	-38	7.4	3	6.1	179
14/05/2025	04:29:04	40.53902	141.55788	-8	0.0	3	3.1	188
14/05/2025	04:30:03	40.53917	141.55790	-12	0.0	3	3.1	183
14/05/2025	04:31:04	40.53903	141.55773	-26	0.0	4	2.2	193
14/05/2025	04:32:03	40.53919	141.55837	92	7.4	4	2.3	163
14/05/2025	04:33:03	40.53901	141.55791	2	0.0	3	3.3	202
14/05/2025	04:34:05	40.53915	141.55792	-4	0.0	4	2.3	169
14/05/2025	04:35:05	40.53898	141.55770	-34	3.7	5	2.3	190
14/05/2025	04:36:04	40.53897	141.55802	-16	0.0	4	2.3	178
14/05/2025	04:37:04	40.53896	141.55772	-40	0.0	3	4.1	195
14/05/2025	04:38:03	40.53904	141.55785	-12	0.0	3	4.2	175
14/05/2025	04:39:03	40.53907	141.55802	28	0.0	3	4.3	162
14/05/2025	04:40:02	40.53901	141.55801	6	0.0	3	4.4	142
14/05/2025	04:41:03	40.53910	141.55813	4	0.0	3	5.0	162
14/05/2025	04:42:03	40.53910	141.55779	-16	0.0	3	5.1	143
14/05/2025	04:43:03	40.53906	141.55789	-12	0.0	3	5.2	161
14/05/2025	04:44:02	40.53919	141.55859	108	0.0	3	5.4	178
14/05/2025	04:45:03	40.53907	141.55774	-0	0.0	3	6.1	142
14/05/2025	04:46:04	40.53915	141.55826	42	0.0	3	6.3	159
14/05/2025	04:47:03	40.53893	141.55713	-128	0.0	3	7.0	142
14/05/2025	04:48:02	40.53911	141.55779	-18	0.0	3	7.3	141
14/05/2025	04:49:04	40.53916	141.55815	22	0.0	3	8.1	158
14/05/2025	04:50:02	40.53902	141.55776	-26	0.0	3	9.0	142
14/05/2025	04:51:05	40.53909	141.55757	-56	3.7	3	10.0	155
14/05/2025	04:57:31	40.53906	141.55775	-24	0.0	5	2.4	196
14/05/2025	04:58:04	40.53919	141.55885	132	7.4	4	7.1	180
14/05/2025	04:59:07	40.53899	141.55753	-54	7.4	4	7.0	195
14/05/2025	05:00:04	40.53908	141.55771	-24	0.0	4	6.4	178
14/05/2025	05:01:03	40.53894	141.55714	-92	14.8	4	6.3	176
14/05/2025	05:02:04	40.53911	141.55784	-14	0.0	5	2.3	177
14/05/2025	05:03:03	40.53919	141.55820	36	0.0	5	2.3	179
14/05/2025	05:04:03	40.53922	141.55795	10	0.0	4	3.1	180
14/05/2025	05:05:04	40.53912	141.55817	32	3.7	5	2.3	180
14/05/2025	05:06:04	40.53906	141.55803	2	0.0	5	2.3	179
14/05/2025	05:07:03	40.53917	141.55806	16	0.0	3	9.4	207
14/05/2025	05:08:05	40.53916	141.55788	16	0.0	5	2.3	204
14/05/2025	05:09:05	40.53920	141.55805	22	0.0	5	2.3	198
14/05/2025	05:10:03	40.53921	141.55796	28	0.0	5	2.3	207
14/05/2025	05:11:03	40.53906	141.55781	-6	0.0	4	3.1	210
14/05/2025	05:12:05	40.53903	141.55789	-8	3.7	5	2.3	204
14/05/2025	05:13:02	40.53897	141.55804	-0	0.0	3	9.1	203
14/05/2025	05:14:04	40.53904	141.55773	-52	0.0	3	8.1	196
14/05/2025	05:15:03	40.53898	141.55780	-44	0.0	3	7.2	196
14/05/2025	05:21:19	40.53908	141.55787	-8	0.0	4	2.4	172
14/05/2025	05:22:04	40.53918	141.55814	74	0.0	3	4.3	178
14/05/2025	05:23:05	40.53907	141.55810	42	3.7	3	4.2	175
14/05/2025	05:24:04	40.53911	141.55765	-74	0.0	3	4.2	176
14/05/2025	05:25:03	40.53910	141.55753	-74	3.7	3	4.1	180
14/05/2025	05:26:02	40.53916	141.55778	2	0.0	3	4.1	158
14/05/2025	05:27:01	40.53914	141.55795	88	0.0	3	4.0	160
14/05/2025	05:28:02	40.53895	141.55784	-28	0.0	3	4.0	177
14/05/2025	05:29:02	40.53910	141.55793	102	0.0	3	4.0	155
14/05/2025	05:30:02	40.53896	141.55791	-86	0.0	3	4.0	138
14/05/2025	05:31:03	40.53898	141.55800	-26	0.0	3	3.4	135
14/05/2025	05:32:03	40.53908	141.55793	-24	0.0	3	3.4	177
14/05/2025	05:33:02	40.53920	141.55751	-36	0.0	3	3.4	158
14/05/2025	05:34:02	40.53909	141.55786	-16	0.0	3	3.4	158
14/05/2025	05:35:02	40.53881	141.55792	-62	0.0	3	3.4	176
14/05/2025	05:36:06	40.53906	141.55789	-10	3.7	4	3.1	147
14/05/2025	05:37:03	40.53907	141.55811	18	0.0	3	3.4	161
14/05/2025	05:38:03	40.53909	141.55778	-10	0.0	3	3.4	153
14/05/2025	05:39:03	40.53915	141.55796	36	0.0	3	3.4	181
14/05/2025	05:40:03	40.53906	141.55804	26	0.0	3	3.4	178
14/05/2025	05:41:03	40.53934	141.55759	-0	0.0	3	3.4	182
14/05/2025	05:42:02	40.53898	141.55819	22	0.0	3	3.4	163
14/05/2025	05:43:03	40.53900	141.55799	-34	0.0	3	3.4	162
14/05/2025	05:44:03	40.53911	141.55779	22	0.0	3	4.0	162
14/05/2025	05:45:02	40.53938	141.55735	-16	0.0	3	4.0	164
14/05/2025	05:46:02	40.53911	141.55804	26	0.0	3	4.0	157
14/05/2025	05:47:03	40.53907	141.55781	-2	0.0	3	4.0	158
14/05/2025	05:48:04	40.53914	141.55778	-8	0.0	3	4.0	180
14/05/2025	05:49:02	40.53928	141.55748	26	0.0	3	4.0	162
14/05/2025	05:50:03	40.53911	141.55798	-4	0.0	3	4.0	185
14/05/2025	05:51:02	40.53910	141.55800	-10	0.0	3	4.1	162
14/05/2025	05:52:03	40.53929	141.55748	-12	0.0	3	4.1	160
14/05/2025	05:53:02	40.53904	141.55808	30	0.0	3	4.1	161
14/05/2025	05:54:03	40.53905	141.55805	6	3.7	3	4.1	185
14/05/2025	05:55:04	40.53906	141.55793	6	0.0	3	4.1	186
14/05/2025	05:56:04	40.53907	141.55791	12	0.0	3	4.2	162
14/05/2025	05:57:04	40.53925	141.55767	-10	3.7	3	4.2	161
14/05/2025	05:58:04	40.53904	141.55792	10	0.0	3	4.2	154
14/05/2025	05:59:04	40.53909	141.55793	4	0.0	3	4.2	181
14/05/2025	06:00:34	40.53909	141.55802	16	0.0	3	1.4	160
14/05/2025	06:01:03	40.53913	141.55789	26	0.0	3	1.4	133
14/05/2025	06:02:04	40.53896	141.55797	-2	0.0	3	1.4	166
14/05/2025	06:03:03	40.53910	141.55798	-12	0.0	3	1.4	172
14/05/2025	06:04:01	40.53902	141.55794	24	0.0	3	1.4	214
14/05/2025	06:05:02	40.53889	141.55828	-22	0.0	2	17.3	192
14/05/2025	06:06:02	40.53906	141.55799	-12	0.0	3	1.3	213
14/05/2025	06:07:01	40.53899	141.55800	-64	0.0	3	1.3	210
14/05/2025	06:08:03	40.53905	141.55814	-72	0.0	2	2.3	190
14/05/2025	06:09:01	40.53903	141.55810	20	0.0	3	1.3	186
14/05/2025	06:10:02	40.53876	141.55777	-22	0.0	3	1.3	214
14/05/2025	06:11:04	40.53905	141.55793	46	0.0	2	10.3	154
14/05/2025	06:12:01	40.53904	141.55785	118	0.0	2	2.1	177
14/05/2025	06:13:03	40.53872	141.55808	0	0.0	3	1.3	214
14/05/2025	06:14:01	40.53880	141.55793	14	0.0	3	1.3	173
14/05/2025	06:15:01	40.53903	141.55871	-12	0.0	3	1.3	248
14/05/2025	06:16:02	40.53903	141.55887	-32	0.0	3	1.3	273
14/05/2025	06:17:04	40.54087	141.55189	-8	48.2	3	1.3	272
14/05/2025	06:18:03	40.54342	141.54214	34	51.9	2	1.4	248
14/05/2025	06:19:03	40.54568	141.53606	-4	44.4	3	1.3	252
14/05/2025	06:20:03	40.54835	141.53203	24	25.9	2	7.3	263
14/05/2025	06:21:02	40.55071	141.52990	-32	22.2	3	1.3	253
14/05/2025	06:22:01	40.54783	141.53199	-42	18.5	2	7.2	283
14/05/2025	06:23:01	40.54664	141.53349	70	25.9	2	1.4	248
14/05/2025	06:24:01	40.54955	141.53489	32	18.5	3	1.3	249
14/05/2025	06:25:01	40.54998	141.53608	-12	11.1	2	3.0	258
14/05/2025	06:26:01	40.55368	141.53210	22	40.7	2	1.4	281
14/05/2025	06:27:02	40.55546	141.52792	4	44.4	3	1.3	259
14/05/2025	06:28:01	40.55166	141.52238	-14	40.7	2	1.4	253
14/05/2025	06:29:02	40.54699	141.51538	-46	44.4	2	2.0	256
14/05/2025	06:30:01	40.54520	141.51338	14	0.0	3	1.3	256
14/05/2025	06:31:01	40.54514	141.51314	46	0.0	2	2.0	255
14/05/2025	06:32:02	40.54538	141.51332	-40	0.0	2	2.0	249
14/05/2025	06:33:01	40.54327	141.51018	-2	0.0	3	1.4	259
14/05/2025	06:34:02	40.54323	141.51016	-30	0.0	2	2.0	252
14/05/2025	06:35:01	40.54311	141.51016	52	0.0	2	2.0	253
14/05/2025	06:36:02	40.54322	141.51005	-8	0.0	2	2.2	253
14/05/2025	06:37:01	40.54316	141.51029	38	0.0	2	2.0	253
14/05/2025	06:38:01	40.54323	141.51028	26	0.0	2	2.0	258
14/05/2025	06:39:03	40.54328	141.51022	6	0.0	2	2.2	250
14/05/2025	06:40:03	40.54313	141.50991	-30	0.0	2	2.2	231
14/05/2025	06:41:02	40.54328	141.50989	-34	0.0	3	2.0	256
14/05/2025	06:42:03	40.54526	141.50942	-22	29.6	3	2.0	253
14/05/2025	06:43:02	40.54894	141.51161	-10	29.6	3	2.0	258
14/05/2025	06:44:03	40.55243	141.51028	4	44.4	2	2.3	254
14/05/2025	06:45:03	40.55164	141.51100	2	11.1	2	2.2	278
14/05/2025	06:46:02	40.55229	141.51005	2	22.2	2	2.0	252
14/05/2025	06:47:02	40.55141	141.51096	-20	40.7	2	2.2	272
14/05/2025	06:48:02	40.55036	141.51112	10	14.8	2	2.2	245
14/05/2025	06:49:02	40.54994	141.51089	36	29.6	2	2.3	251
14/05/2025	06:50:02	40.55014	141.51078	-10	29.6	2	2.3	279
14/05/2025	06:51:02	40.55065	141.50912	0	29.6	3	2.1	260
14/05/2025	06:52:02	40.55069	141.51026	12	25.9	2	2.4	252
14/05/2025	06:53:02	40.55137	141.50771	-6	37.0	2	2.4	278
14/05/2025	06:54:02	40.54948	141.50699	16	11.1	3	2.2	252
14/05/2025	06:55:02	40.54980	141.51099	12	25.9	3	2.2	235
14/05/2025	06:56:02	40.54951	141.50991	12	7.4	3	2.2	259
14/05/2025	06:57:04	40.54964	141.50997	-4	11.1	3	2.3	180
14/05/2025	06:58:02	40.54929	141.50938	-4	25.9	1	2.3	250
14/05/2025	06:59:02	40.55023	141.51093	38	25.9	2	3.1	252
14/05/2025	07:00:03	40.55015	141.51069	-4	14.8	2	5.3	248
14/05/2025	07:01:01	40.55009	141.51118	-6	14.8	3	2.4	171
14/05/2025	07:02:03	40.55051	141.51126	2	18.5	3	2.4	254
14/05/2025	07:03:02	40.54982	141.51136	4	22.2	2	3.1	271
14/05/2025	07:04:03	40.55006	141.51093	-26	11.1	2	3.4	246
14/05/2025	07:05:09	40.55003	141.51139	-0	29.6	2	3.2	234
14/05/2025	07:06:01	40.55017	141.50951	-10	33.3	2	4.0	248
14/05/2025	07:07:02	40.54776	141.51252	12	33.3	3	3.0	248
14/05/2025	07:08:03	40.54574	141.51270	2	0.0	3	3.0	241
14/05/2025	07:09:03	40.54574	141.51278	2	0.0	1	3.1	227
14/05/2025	07:10:03	40.54339	141.50976	-26	25.9	2	4.3	255
14/05/2025	07:11:04	40.54318	141.51009	0	0.0	3	3.1	239
14/05/2025	07:12:03	40.54330	141.51025	18	0.0	2	4.4	255
14/05/2025	07:13:03	40.54315	141.51013	22	0.0	2	5.0	247
14/05/2025	07:14:02	40.54279	141.51094	106	0.0	2	5.1	243
14/05/2025	07:15:03	40.54326	141.51010	-6	0.0	3	3.3	252
14/05/2025	07:16:02	40.54326	141.51002	-8	0.0	2	5.4	227
14/05/2025	07:17:02	40.54311	141.51044	44	0.0	2	6.0	254
14/05/2025	07:18:02	40.54329	141.50979	-16	0.0	2	6.1	255
14/05/2025	07:19:03	40.54319	141.51027	24	0.0	2	6.3	273
14/05/2025	07:20:02	40.54330	141.50994	-16	0.0	3	3.4	256
14/05/2025	07:21:02	40.54322	141.51002	0	0.0	2	7.1	257
14/05/2025	07:22:03	40.54303	141.51024	18	0.0	2	7.3	275
14/05/2025	07:23:03	40.54287	141.51086	64	3.7	2	8.1	258
14/05/2025	07:24:03	40.54312	141.51023	8	0.0	2	8.3	269
14/05/2025	07:25:03	40.54325	141.51012	2	0.0	2	9.1	282
14/05/2025	07:26:02	40.54310	141.51040	16	0.0	2	9.4	273
14/05/2025	07:27:03	40.54281	141.51093	70	0.0	2	10.3	273
14/05/2025	07:28:03	40.54324	141.51022	-24	0.0	2	11.2	279
14/05/2025	07:29:03	40.54296	141.51076	48	0.0	2	12.2	284
14/05/2025	07:30:02	40.54306	141.51049	36	0.0	2	13.2	278
14/05/2025	07:31:02	40.54347	141.50963	-26	0.0	2	14.4	259
14/05/2025	07:32:03	40.54302	141.51076	36	0.0	2	16.2	274
14/05/2025	07:33:04	40.54301	141.51057	34	0.0	2	18.2	275
14/05/2025	07:34:04	40.54352	141.50917	-58	0.0	2	20.4	275
14/05/2025	07:35:05	40.54323	141.51005	0	0.0	2	24.0	281
14/05/2025	07:36:34	40.54321	141.51016	4	0.0	5	1.0	266
14/05/2025	07:37:01	40.54311	141.51021	-12	0.0	4	1.3	274
14/05/2025	07:38:01	40.54310	141.51014	8	0.0	4	1.3	224
14/05/2025	07:39:00	40.54330	141.51021	0	0.0	4	1.3	258
14/05/2025	07:40:01	40.54324	141.51020	10	0.0	5	1.0	254
14/05/2025	07:41:01	40.54311	141.51025	-8	0.0	4	1.3	254
14/05/2025	07:42:01	40.54312	141.51018	-20	0.0	4	1.3	258
14/05/2025	07:43:01	40.54313	141.51030	20	11.1	5	1.0	225
14/05/2025	07:44:01	40.54310	141.51041	18	0.0	4	1.3	226
14/05/2025	07:45:01	40.54310	141.51036	8	0.0	4	3.0	288
14/05/2025	07:46:01	40.54310	141.51031	-0	0.0	4	1.3	276
14/05/2025	07:47:01	40.54310	141.51028	-6	0.0	4	1.3	230
14/05/2025	07:48:02	40.54316	141.51031	12	0.0	5	1.0	278
14/05/2025	07:49:01	40.54311	141.51033	8	0.0	4	1.3	231
14/05/2025	07:50:01	40.54346	141.51113	32	22.2	3	3.4	281
14/05/2025	07:51:02	40.54363	141.51108	-6	0.0	2	4.3	223
14/05/2025	07:52:02	40.54354	141.51106	14	0.0	3	3.1	268
14/05/2025	07:53:02	40.54370	141.51114	18	0.0	3	4.1	262
14/05/2025	07:54:02	40.54344	141.51090	-4	0.0	3	3.1	251
14/05/2025	07:55:01	40.54456	141.51099	-2	29.6	4	1.3	284
14/05/2025	07:56:02	40.54780	141.51287	10	22.2	3	3.1	288
14/05/2025	07:57:02	40.55214	141.51466	14	25.9	4	1.3	287
14/05/2025	07:58:01	40.55706	141.51482	16	18.5	4	1.3	253
14/05/2025	07:59:02	40.55652	141.51693	26	0.0	4	1.3	266
14/05/2025	08:00:01	40.55638	141.51689	4	0.0	4	1.3	246
14/05/2025	08:01:02	40.55569	141.51908	36	0.0	3	3.1	252
14/05/2025	08:02:02	40.55622	141.52272	18	22.2	3	2.3	227
14/05/2025	08:03:02	40.55808	141.52674	0	18.5	4	1.3	282
14/05/2025	08:04:02	40.55918	141.53101	0	22.2	4	1.3	285
14/05/2025	08:05:01	40.55851	141.53411	18	25.9	3	3.1	287
14/05/2025	08:06:01	40.55533	141.53654	14	29.6	4	1.3	285
14/05/2025	08:07:01	40.55519	141.53655	6	0.0	3	2.3	258
14/05/2025	08:08:01	40.55510	141.53657	28	0.0	3	2.3	232
14/05/2025	08:09:01	40.55499	141.53656	-20	0.0	3	2.3	234
14/05/2025	08:10:01	40.55508	141.53655	2	0.0	4	1.3	273
14/05/2025	08:11:02	40.55508	141.53648	4	0.0	4	1.3	292
14/05/2025	08:12:01	40.55514	141.53656	6	0.0	3	2.3	287
14/05/2025	08:13:00	40.55507	141.53657	24	0.0	3	2.2	240
14/05/2025	08:14:01	40.55499	141.53649	-18	0.0	3	2.2	290
14/05/2025	08:15:01	40.55494	141.53702	18	14.8	4	1.3	285
14/05/2025	08:16:01	40.55232	141.54004	6	22.2	4	1.3	294
14/05/2025	08:17:02	40.54990	141.54304	4	0.0	4	1.3	293
14/05/2025	08:18:01	40.54991	141.54313	2	0.0	3	2.2	266
14/05/2025	08:19:01	40.54990	141.54310	0	0.0	3	2.2	269
14/05/2025	08:20:00	40.54999	141.54309	4	0.0	3	2.3	289
14/05/2025	08:21:00	40.54977	141.54305	-4	0.0	3	2.3	240
14/05/2025	08:22:01	40.54992	141.54302	2	0.0	3	2.2	265
14/05/2025	08:23:00	40.54994	141.54318	14	0.0	3	2.2	246
14/05/2025	08:24:00	40.54978	141.54300	-8	0.0	3	2.2	267
14/05/2025	08:25:01	40.54997	141.54309	14	0.0	4	1.3	300
14/05/2025	08:26:00	40.54987	141.54307	-6	0.0	3	2.2	241
14/05/2025	08:27:00	40.54993	141.54318	52	3.7	3	2.3	295
14/05/2025	08:28:01	40.54993	141.54300	6	0.0	4	1.3	296
14/05/2025	08:29:01	40.54956	141.54386	20	22.2	4	1.3	291
14/05/2025	08:30:01	40.54802	141.54888	32	25.9	3	3.0	289
14/05/2025	08:31:02	40.54594	141.55242	-0	22.2	4	1.4	297
14/05/2025	08:32:02	40.54514	141.55691	0	22.2	4	1.4	289
14/05/2025	08:33:01	40.54147	141.55779	12	29.6	4	1.4	296
14/05/2025	08:34:02	40.53900	141.55796	4	0.0	3	3.0	268
14/05/2025	08:35:01	40.53912	141.55762	-30	0.0	3	5.4	238
14/05/2025	08:36:02	40.53899	141.55773	4	0.0	3	3.0	229
14/05/2025	08:37:02	40.53903	141.55777	-14	0.0	4	1.4	232
14/05/2025	08:38:07	40.53858	141.55724	12	7.4	2	19.1	162
14/05/2025	08:39:04	40.53904	141.55789	2	0.0	3	2.4	179
14/05/2025	08:40:08	40.53885	141.55776	10	18.5	2	20.3	156
14/05/2025	08:41:05	40.53918	141.55810	22	3.7	3	2.4	182
14/05/2025	08:42:05	40.53886	141.55769	10	3.7	3	2.4	184
14/05/2025	08:43:03	40.53927	141.55836	12	0.0	3	2.4	187
14/05/2025	08:44:04	40.53908	141.55799	6	3.7	3	2.4	185
14/05/2025	08:45:05	40.53903	141.55799	-2	0.0	2	3.1	182
14/05/2025	08:46:04	40.53886	141.55769	6	0.0	3	2.4	203
14/05/2025	08:47:03	40.53895	141.55790	8	0.0	2	3.1	198
14/05/2025	08:48:08	40.53892	141.55773	-4	0.0	3	2.4	172
14/05/2025	08:49:03	40.53899	141.55792	48	3.7	2	3.0	169
14/05/2025	08:50:04	40.53898	141.55785	26	0.0	2	3.0	174
14/05/2025	08:51:03	40.53902	141.55792	4	0.0	2	3.0	192
14/05/2025	08:52:04	40.53897	141.55787	2	0.0	2	3.0	184
14/05/2025	08:53:05	40.53914	141.55802	8	0.0	2	3.0	167
14/05/2025	08:54:04	40.53906	141.55794	30	0.0	2	3.0	164
14/05/2025	08:55:04	40.53913	141.55803	24	3.7	2	3.0	180
14/05/2025	08:56:03	40.53915	141.55802	12	0.0	2	3.0	178
14/05/2025	08:57:04	40.53913	141.55801	8	0.0	3	2.4	120
14/05/2025	08:58:05	40.53930	141.55842	-4	0.0	3	2.4	101
14/05/2025	08:59:17	40.53907	141.55797	6	0.0	3	2.4	120
14/05/2025	09:00:04	40.53898	141.55794	32	0.0	3	3.2	117
14/05/2025	09:01:24	40.53904	141.55793	12	0.0	3	3.2	132
14/05/2025	09:02:33	40.53904	141.55795	14	0.0	3	3.2	120
14/05/2025	09:03:05	40.53906	141.55800	20	3.7	3	3.2	103
14/05/2025	09:04:03	40.53894	141.55777	16	0.0	3	3.2	100
14/05/2025	09:05:04	40.53916	141.55815	4	0.0	3	3.2	102
14/05/2025	09:06:04	40.53898	141.55782	10	0.0	3	3.2	99
14/05/2025	09:07:04	40.53903	141.55795	24	0.0	3	3.2	104
14/05/2025	09:08:04	40.53920	141.55800	0	0.0	3	3.2	121
14/05/2025	09:09:02	40.53915	141.55813	8	0.0	3	3.2	108
14/05/2025	09:10:22	40.53903	141.55790	18	0.0	3	3.2	158
14/05/2025	09:11:23	40.53903	141.55788	16	0.0	3	3.2	175
14/05/2025	09:12:04	40.53897	141.55785	20	0.0	3	3.2	163
14/05/2025	09:13:06	40.53901	141.55805	24	3.7	3	3.2	138
14/05/2025	09:14:09	40.53906	141.55790	16	0.0	3	3.2	176
14/05/2025	09:15:05	40.53908	141.55792	6	3.7	3	3.2	139
14/05/2025	09:16:04	40.53881	141.55801	54	0.0	3	3.2	183
14/05/2025	09:17:04	40.53910	141.55798	14	0.0	3	3.2	170
14/05/2025	09:18:06	40.53893	141.55831	44	3.7	3	3.2	145
14/05/2025	09:19:04	40.53900	141.55823	22	3.7	3	3.2	170
14/05/2025	09:20:05	40.53912	141.55807	6	0.0	3	3.2	190
14/05/2025	09:21:04	40.53901	141.55786	16	3.7	3	3.2	176
14/05/2025	09:22:04	40.53908	141.55808	12	3.7	3	3.2	170
14/05/2025	09:23:08	40.53911	141.55809	2	3.7	3	3.2	162
14/05/2025	09:24:06	40.53897	141.55823	6	0.0	2	3.0	166
14/05/2025	09:25:20	40.53895	141.55774	22	3.7	3	3.2	185
14/05/2025	09:26:05	40.53883	141.55822	38	3.7	3	3.2	189
14/05/2025	09:27:15	40.53910	141.55753	-0	7.4	3	3.2	185
14/05/2025	09:28:07	40.53899	141.55769	26	3.7	3	3.2	189
14/05/2025	09:29:19	40.53900	141.55804	22	3.7	3	3.2	180
14/05/2025	09:30:07	40.53901	141.55785	20	0.0	2	3.0	185
14/05/2025	09:31:05	40.53915	141.55802	-4	0.0	3	3.2	171
14/05/2025	09:32:08	40.53889	141.55780	48	7.4	3	3.2	181
14/05/2025	09:33:34	40.53911	141.55796	6	0.0	4	2.2	186
14/05/2025	09:34:02	40.53882	141.55837	80	0.0	3	3.3	112
14/05/2025	09:35:02	40.53919	141.55802	-20	0.0	3	3.3	155
14/05/2025	09:36:01	40.53916	141.55784	-10	0.0	3	3.3	133
14/05/2025	09:37:02	40.53919	141.55789	-6	0.0	2	6.0	134
14/05/2025	09:38:02	40.53873	141.55815	120	0.0	2	6.0	131
14/05/2025	09:39:02	40.53946	141.55779	-60	0.0	2	5.4	134
14/05/2025	09:45:35	40.53909	141.55796	6	0.0	3	3.0	150
14/05/2025	09:46:01	40.53938	141.55767	-38	0.0	2	5.1	133
14/05/2025	09:47:03	40.53912	141.55796	-0	0.0	3	3.0	135
14/05/2025	09:48:01	40.53906	141.55803	32	0.0	2	5.0	135
14/05/2025	09:49:03	40.53928	141.55773	-30	0.0	3	3.0	135
14/05/2025	09:50:02	40.53899	141.55805	38	3.7	2	4.4	132
14/05/2025	09:51:03	40.53919	141.55801	-12	0.0	3	2.4	130
14/05/2025	09:52:02	40.53904	141.55793	30	3.7	2	3.4	130
14/05/2025	09:53:03	40.53886	141.55802	28	0.0	2	4.3	149
14/05/2025	09:54:03	40.53922	141.55787	-12	0.0	2	4.3	166
14/05/2025	09:55:03	40.53861	141.55826	88	3.7	2	4.2	126
14/05/2025	09:56:02	40.53938	141.55779	-42	0.0	1	8.3	129
14/05/2025	09:57:04	40.53873	141.55826	86	0.0	2	4.2	128
14/05/2025	09:58:03	40.53895	141.55796	36	0.0	2	4.1	127
14/05/2025	09:59:03	40.53929	141.55798	-4	3.7	2	4.1	148
14/05/2025	10:00:04	40.53901	141.55798	22	0.0	3	2.3	129
14/05/2025	10:01:04	40.53872	141.55806	64	3.7	2	4.0	103
14/05/2025	10:02:03	40.53895	141.55808	32	3.7	2	4.0	128
14/05/2025	10:03:03	40.53819	141.55851	152	0.0	1	7.3	105
14/05/2025	10:04:04	40.53884	141.55825	48	0.0	2	3.4	148
14/05/2025	10:05:04	40.53905	141.55807	12	0.0	3	2.2	148
14/05/2025	10:06:04	40.53910	141.55791	8	0.0	2	2.3	148
14/05/2025	10:07:03	40.53914	141.55789	-2	0.0	1	7.1	106
14/05/2025	10:08:04	40.53908	141.55795	8	0.0	2	3.3	146
14/05/2025	10:09:03	40.53838	141.55832	114	0.0	1	7.0	107
14/05/2025	10:10:05	40.54000	141.55762	-110	0.0	1	6.4	121
14/05/2025	10:11:03	40.53878	141.55809	46	18.5	1	6.4	100
14/05/2025	10:12:15	40.53907	141.55798	14	0.0	3	2.2	152
14/05/2025	10:13:02	40.53908	141.55811	0	7.4	2	5.1	149
14/05/2025	10:14:03	40.53913	141.55801	2	3.7	1	6.2	101
14/05/2025	10:15:04	40.53872	141.55812	54	0.0	1	6.2	126
14/05/2025	10:21:24	40.53919	141.55796	-2	0.0	3	2.1	158
14/05/2025	10:22:04	40.53860	141.55823	68	11.1	1	5.4	133
14/05/2025	10:23:04	40.53896	141.55797	36	3.7	1	5.4	151
14/05/2025	10:24:03	40.53799	141.55833	132	11.1	1	5.3	155
14/05/2025	10:25:04	40.53923	141.55799	-2	0.0	2	2.1	152
14/05/2025	10:26:04	40.53913	141.55796	8	0.0	2	2.1	194
14/05/2025	10:27:03	40.53879	141.55803	56	3.7	1	5.3	155
14/05/2025	10:33:27	40.53910	141.55797	12	0.0	3	2.0	182
14/05/2025	10:34:04	40.53912	141.55785	8	3.7	1	2.2	163
14/05/2025	10:35:04	40.53907	141.55796	18	0.0	1	2.2	166
14/05/2025	10:36:04	40.53910	141.55795	10	0.0	2	2.1	146
14/05/2025	10:37:04	40.53913	141.55783	-46	0.0	2	2.1	144
14/05/2025	10:38:04	40.53917	141.55764	-36	3.7	2	2.1	147
14/05/2025	10:39:04	40.53900	141.55799	0	0.0	2	2.1	164
14/05/2025	10:40:07	40.53905	141.55714	-104	0.0	2	6.1	163
14/05/2025	10:41:05	40.53903	141.55796	24	7.4	2	6.1	122
14/05/2025	10:42:13	40.53908	141.55806	20	7.4	2	2.1	153
14/05/2025	10:43:04	40.53910	141.55792	4	3.7	2	2.1	154
14/05/2025	10:44:34	40.53906	141.55799	8	0.0	3	1.4	153
14/05/2025	10:45:01	40.53925	141.55785	2	0.0	3	3.4	151
14/05/2025	10:46:04	40.53905	141.55797	-4	0.0	3	1.4	145
14/05/2025	10:47:03	40.53903	141.55796	10	0.0	3	1.4	133
14/05/2025	10:48:02	40.53896	141.55797	6	0.0	3	3.2	151
14/05/2025	10:49:02	40.53906	141.55800	94	0.0	2	3.4	174
14/05/2025	10:50:08	40.53903	141.55798	4	0.0	3	1.4	164
14/05/2025	10:51:02	40.53907	141.55801	-6	0.0	2	3.3	152
14/05/2025	10:52:02	40.53910	141.55794	88	0.0	2	3.3	129
14/05/2025	10:53:04	40.53915	141.55797	18	0.0	3	1.4	172
14/05/2025	10:54:03	40.53915	141.55802	-2	0.0	2	3.3	171
14/05/2025	10:55:02	40.53905	141.55801	22	0.0	2	2.1	173
14/05/2025	10:56:02	40.53902	141.55800	-50	0.0	2	3.2	177
14/05/2025	10:57:10	40.53906	141.55804	22	0.0	4	1.2	231
14/05/2025	10:58:02	40.53911	141.55807	26	0.0	2	3.2	224
14/05/2025	10:59:02	40.53905	141.55795	12	0.0	2	3.2	228
14/05/2025	11:00:02	40.53905	141.55793	10	0.0	2	3.1	227
14/05/2025	11:01:03	40.53894	141.55772	48	0.0	3	3.0	251
14/05/2025	11:02:02	40.53916	141.55789	48	0.0	2	3.0	227
14/05/2025	11:03:05	40.53901	141.55785	14	0.0	3	3.0	223
14/05/2025	11:04:03	40.53902	141.55805	14	0.0	2	3.0	246
14/05/2025	11:05:05	40.53904	141.55803	42	0.0	3	3.0	242
14/05/2025	11:06:03	40.53902	141.55784	2	0.0	3	2.4	230
14/05/2025	11:07:03	40.53912	141.55808	4	0.0	2	3.0	208
14/05/2025	11:08:03	40.53904	141.55804	22	0.0	3	2.4	155
14/05/2025	11:09:02	40.53910	141.55809	-6	0.0	3	2.4	251
14/05/2025	11:10:03	40.53909	141.55821	18	0.0	3	2.4	223
14/05/2025	11:11:01	40.53898	141.55806	54	0.0	3	2.4	107
14/05/2025	11:12:02	40.53897	141.55792	24	0.0	3	2.4	246
14/05/2025	11:13:02	40.53913	141.55803	12	0.0	3	2.4	186
14/05/2025	11:14:02	40.53897	141.55791	-6	0.0	3	2.4	220
14/05/2025	11:15:03	40.53906	141.55775	-26	0.0	3	2.4	201
14/05/2025	11:16:03	40.53892	141.55788	-28	0.0	2	2.4	168
14/05/2025	11:17:16	40.53906	141.55804	22	0.0	4	2.1	207
14/05/2025	11:18:04	40.53907	141.55800	20	0.0	3	2.4	168
14/05/2025	11:19:03	40.53907	141.55797	10	0.0	3	2.4	180
14/05/2025	11:20:03	40.53903	141.55804	8	0.0	2	2.4	173
14/05/2025	11:21:04	40.53905	141.55790	-8	0.0	3	2.4	155
14/05/2025	11:22:04	40.53916	141.55813	28	0.0	3	2.4	175
14/05/2025	11:23:04	40.53908	141.55804	28	0.0	2	2.3	151
14/05/2025	11:24:23	40.53906	141.55804	20	0.0	4	2.2	180
14/05/2025	11:25:06	40.53907	141.55800	20	0.0	2	2.3	130
14/05/2025	11:26:05	40.53902	141.55804	32	0.0	3	2.4	155
14/05/2025	11:27:04	40.53905	141.55802	22	0.0	3	2.4	152
14/05/2025	11:28:06	40.53909	141.55797	8	0.0	3	3.0	146
14/05/2025	11:29:06	40.53910	141.55792	10	0.0	2	2.3	146
14/05/2025	11:30:28	40.53920	141.55782	-56	0.0	3	3.0	179
14/05/2025	11:31:04	40.53906	141.55815	50	0.0	3	3.0	179
14/05/2025	11:32:03	40.53905	141.55808	56	0.0	3	3.0	180
14/05/2025	11:33:03	40.53909	141.55789	22	0.0	3	3.0	180
14/05/2025	11:34:04	40.53910	141.55810	8	0.0	3	3.0	199
14/05/2025	11:35:04	40.53904	141.55818	46	0.0	3	3.0	195
14/05/2025	11:36:07	40.53908	141.55803	24	3.7	3	3.0	187
14/05/2025	11:37:04	40.53913	141.55776	-44	3.7	3	3.0	195
14/05/2025	11:38:03	40.53913	141.55793	-2	3.7	3	3.0	198
14/05/2025	11:39:04	40.53909	141.55785	-14	0.0	3	3.1	196
14/05/2025	11:40:04	40.53907	141.55781	-8	0.0	3	3.1	193
14/05/2025	11:41:04	40.53902	141.55813	24	0.0	3	3.1	175
14/05/2025	11:42:04	40.53910	141.55792	-14	3.7	3	3.1	196
14/05/2025	11:43:04	40.53918	141.55765	-20	3.7	3	3.1	197
14/05/2025	11:44:06	40.53903	141.55826	64	0.0	3	3.1	193
14/05/2025	11:45:05	40.53907	141.55759	4	0.0	3	3.1	191
14/05/2025	11:46:05	40.53905	141.55837	12	7.4	3	3.1	216
14/05/2025	11:47:11	40.53905	141.55804	16	3.7	3	3.1	193
14/05/2025	11:48:08	40.53904	141.55831	30	7.4	3	3.2	187
14/05/2025	11:49:22	40.53906	141.55806	28	14.8	3	3.2	207
14/05/2025	11:50:31	40.53915	141.55730	0	14.8	3	3.2	208
14/05/2025	11:51:32	40.53909	141.55752	14	3.7	3	3.2	208
14/05/2025	11:52:15	40.53910	141.55772	22	3.7	3	3.2	205
14/05/2025	11:53:18	40.53896	141.55901	42	3.7	3	3.2	211
14/05/2025	11:54:23	40.53909	141.55769	8	0.0	3	3.3	199
14/05/2025	11:55:26	40.53898	141.55883	34	3.7	3	3.3	206
14/05/2025	11:56:34	40.53908	141.55797	16	0.0	4	1.2	205
14/05/2025	11:57:01	40.53908	141.55795	0	0.0	3	1.4	131
14/05/2025	11:58:04	40.53907	141.55800	-8	0.0	3	1.4	192
14/05/2025	11:59:05	40.53901	141.55798	30	0.0	3	1.4	149
14/05/2025	12:00:04	40.53907	141.55793	6	0.0	3	1.4	196
14/05/2025	12:01:05	40.53899	141.55802	58	0.0	3	1.4	147
14/05/2025	12:02:04	40.53911	141.55798	-6	0.0	3	1.4	191
14/05/2025	12:03:04	40.53899	141.55810	94	0.0	3	1.4	146
14/05/2025	12:04:04	40.53909	141.55800	14	0.0	3	1.4	151
14/05/2025	12:05:04	40.53903	141.55797	-4	0.0	3	1.4	170
14/05/2025	12:06:04	40.53903	141.55795	-24	0.0	3	1.4	186
14/05/2025	12:07:05	40.53911	141.55808	50	0.0	3	1.4	167
14/05/2025	12:08:04	40.53909	141.55789	-48	0.0	3	1.4	184
14/05/2025	12:09:05	40.53906	141.55805	28	0.0	3	1.4	163
14/05/2025	12:10:04	40.53899	141.55797	-10	0.0	3	1.4	168
14/05/2025	12:11:05	40.53922	141.55798	-26	0.0	3	1.4	149
14/05/2025	12:12:05	40.53906	141.55787	-8	0.0	3	1.4	180
14/05/2025	12:13:05	40.53917	141.55808	24	0.0	3	1.4	158
14/05/2025	12:14:05	40.53910	141.55796	18	0.0	4	1.3	195
14/05/2025	12:15:05	40.53927	141.55793	38	0.0	3	2.4	121
14/05/2025	12:16:04	40.53925	141.55814	-16	0.0	3	1.4	179
14/05/2025	12:17:04	40.53923	141.55799	26	0.0	3	3.0	167
14/05/2025	12:18:04	40.53899	141.55789	0	3.7	3	3.0	167
14/05/2025	12:19:04	40.53880	141.55796	4	0.0	3	3.0	168
14/05/2025	12:20:02	40.53886	141.55790	-58	0.0	3	3.1	131
14/05/2025	12:21:03	40.53927	141.55817	-58	0.0	2	2.4	196
14/05/2025	12:22:03	40.53931	141.55806	-26	0.0	3	2.3	177
14/05/2025	12:23:10	40.53910	141.55799	0	0.0	4	1.4	193
14/05/2025	12:24:04	40.53901	141.55792	14	3.7	3	2.3	152
14/05/2025	12:25:10	40.53911	141.55798	-4	0.0	4	1.4	208
14/05/2025	12:26:01	40.53907	141.55801	8	0.0	3	2.3	138
14/05/2025	12:27:01	40.53903	141.55791	-8	0.0	3	2.4	159
14/05/2025	12:28:01	40.53892	141.55782	46	0.0	3	2.4	162
14/05/2025	12:29:01	40.53893	141.55811	62	0.0	3	2.4	161
14/05/2025	12:30:02	40.53900	141.55790	-4	0.0	3	2.4	185
14/05/2025	12:31:01	40.53928	141.55801	-14	0.0	3	2.4	167
14/05/2025	12:32:03	40.53905	141.55788	26	0.0	3	3.0	165
14/05/2025	12:33:01	40.53916	141.55808	-22	0.0	3	3.0	144
14/05/2025	12:34:02	40.53885	141.55795	52	0.0	3	3.0	186
14/05/2025	12:35:02	40.53906	141.55799	4	0.0	3	3.1	190
14/05/2025	12:36:02	40.53921	141.55791	-16	0.0	3	3.1	172
14/05/2025	12:37:02	40.53906	141.55790	-12	0.0	3	3.1	173
14/05/2025	12:38:01	40.53924	141.55809	-0	0.0	3	3.2	174
14/05/2025	12:39:04	40.53913	141.55794	-8	0.0	3	3.2	199
14/05/2025	12:40:01	40.53908	141.55812	30	0.0	3	6.2	210
14/05/2025	12:41:01	40.53909	141.55808	12	0.0	4	2.1	202
14/05/2025	12:42:00	40.53914	141.55796	10	0.0	3	2.2	243
14/05/2025	12:43:00	40.53908	141.55807	8	0.0	4	2.1	271
14/05/2025	12:44:01	40.53913	141.55795	8	0.0	4	2.1	205
14/05/2025	12:45:00	40.53898	141.55797	10	0.0	4	2.1	184
14/05/2025	12:46:00	40.53900	141.55815	38	0.0	4	2.1	186
14/05/2025	12:47:00	40.53918	141.55789	-10	0.0	4	2.2	182
14/05/2025	12:48:00	40.53916	141.55793	-10	0.0	4	2.2	176
14/05/2025	12:49:01	40.53919	141.55804	16	0.0	3	14.2	194
14/05/2025	12:50:01	40.53942	141.55817	44	0.0	3	16.4	147
14/05/2025	12:51:02	40.54002	141.55800	20	0.0	3	20.2	173
14/05/2025	12:52:02	40.53877	141.55791	0	0.0	3	25.3	212
14/05/2025	12:53:01	40.53918	141.55790	-10	0.0	3	6.3	195
14/05/2025	12:54:02	40.53897	141.55818	48	0.0	4	2.3	191
14/05/2025	12:55:02	40.53929	141.55798	-16	0.0	3	7.4	227
14/05/2025	12:56:03	40.53903	141.55797	6	0.0	4	2.3	260
14/05/2025	12:57:03	40.53923	141.55799	-2	0.0	4	2.3	251
14/05/2025	12:58:03	40.53908	141.55803	12	0.0	4	2.3	252
14/05/2025	12:59:01	40.53899	141.55802	14	0.0	4	2.3	250
14/05/2025	13:00:01	40.53877	141.55788	-2	0.0	3	24.0	208
14/05/2025	13:01:02	40.53954	141.55811	32	3.7	3	19.1	223
14/05/2025	13:02:01	40.53909	141.55806	14	0.0	4	2.4	211
14/05/2025	13:03:02	40.53860	141.55792	-2	0.0	3	13.4	230
14/05/2025	13:04:02	40.53887	141.55800	16	0.0	4	2.4	229
14/05/2025	13:05:02	40.53895	141.55801	-0	0.0	3	11.0	227
14/05/2025	13:06:04	40.53923	141.55798	-6	3.7	4	2.4	222
14/05/2025	13:07:03	40.53911	141.55797	-4	0.0	4	2.4	247
14/05/2025	13:08:02	40.53922	141.55790	-6	0.0	4	3.0	231
14/05/2025	13:09:03	40.53883	141.55803	46	0.0	4	3.0	244
14/05/2025	13:10:02	40.53924	141.55784	-26	0.0	4	3.0	229
14/05/2025	13:11:01	40.53891	141.55798	20	0.0	3	6.4	195
14/05/2025	13:12:02	40.53896	141.55798	2	0.0	3	6.2	219
14/05/2025	13:13:02	40.53907	141.55791	-20	0.0	3	6.0	189
14/05/2025	13:14:03	40.53913	141.55802	2	0.0	4	3.0	211
14/05/2025	13:15:03	40.53918	141.55793	2	0.0	4	3.0	213
14/05/2025	13:16:01	40.53856	141.55822	90	0.0	3	9.4	226
14/05/2025	13:17:04	40.53866	141.55807	68	0.0	3	8.4	237
14/05/2025	13:18:04	40.53921	141.55808	-10	0.0	3	8.1	230
14/05/2025	13:19:06	40.53898	141.55803	38	0.0	3	7.3	234
14/05/2025	13:20:03	40.53895	141.55799	38	0.0	2	4.1	197
14/05/2025	13:21:35	40.53909	141.55796	2	0.0	4	2.3	199
14/05/2025	13:22:00	40.53926	141.55814	-28	0.0	4	2.4	179
14/05/2025	13:23:01	40.53904	141.55806	10	0.0	3	2.3	203
14/05/2025	13:24:00	40.53904	141.55796	18	0.0	3	2.4	174
14/05/2025	13:25:00	40.53902	141.55795	24	0.0	4	2.4	151
14/05/2025	13:26:00	40.53912	141.55797	10	0.0	4	2.2	177
14/05/2025	13:27:01	40.53927	141.55791	-18	0.0	3	2.2	205
14/05/2025	13:28:00	40.53908	141.55803	2	0.0	4	2.4	154
14/05/2025	13:29:01	40.53909	141.55799	2	0.0	4	2.3	228
14/05/2025	13:30:01	40.53907	141.55797	-2	0.0	3	3.1	223
14/05/2025	13:31:01	40.53904	141.55795	22	0.0	3	3.1	229
14/05/2025	13:32:01	40.53919	141.55789	-18	0.0	4	2.3	236
14/05/2025	13:33:01	40.53911	141.55796	-8	0.0	4	2.3	234
14/05/2025	13:34:01	40.53905	141.55802	8	0.0	4	2.3	230
14/05/2025	13:35:01	40.53907	141.55785	-0	0.0	4	2.3	227
14/05/2025	13:36:01	40.53911	141.55804	4	0.0	3	3.0	226
14/05/2025	13:37:00	40.53896	141.55797	16	0.0	4	2.3	179
14/05/2025	13:38:00	40.53922	141.55786	-12	0.0	4	2.3	183
14/05/2025	13:39:00	40.53907	141.55789	0	0.0	4	2.3	205
14/05/2025	13:40:02	40.53913	141.55811	12	0.0	4	2.3	208
14/05/2025	13:41:02	40.53906	141.55790	6	0.0	4	2.2	260
14/05/2025	13:42:00	40.53917	141.55786	-12	0.0	4	2.2	158
14/05/2025	13:43:00	40.53918	141.55778	-46	0.0	3	2.4	184
14/05/2025	13:44:00	40.53928	141.55782	-38	0.0	3	2.4	175
14/05/2025	13:45:03	40.53905	141.55769	14	0.0	2	3.1	168
14/05/2025	13:46:03	40.53919	141.55800	-14	0.0	2	3.1	153
14/05/2025	13:47:01	40.53900	141.55792	10	0.0	2	3.1	158
14/05/2025	13:48:02	40.53925	141.55765	-68	0.0	2	3.1	159
14/05/2025	13:49:02	40.53907	141.55799	-2	0.0	2	3.1	176
14/05/2025	13:50:01	40.53919	141.55803	-24	0.0	2	3.1	155
14/05/2025	13:51:01	40.53921	141.55779	2	0.0	2	3.0	155
14/05/2025	13:52:01	40.53920	141.55783	-28	0.0	2	3.0	157
14/05/2025	13:53:01	40.53908	141.55804	-14	0.0	2	3.0	137
14/05/2025	13:54:02	40.53908	141.55795	-2	0.0	2	3.0	158
14/05/2025	13:55:02	40.53908	141.55798	14	0.0	2	3.0	160
14/05/2025	13:56:02	40.53906	141.55811	8	0.0	4	2.2	203
14/05/2025	13:57:02	40.53903	141.55795	18	0.0	4	2.2	204
14/05/2025	13:58:01	40.53919	141.55801	0	0.0	3	2.3	210
14/05/2025	13:59:01	40.53895	141.55823	34	0.0	3	2.3	189
14/05/2025	14:00:01	40.53896	141.55809	16	0.0	4	2.2	165
14/05/2025	14:01:02	40.53914	141.55792	-20	0.0	4	2.2	187
14/05/2025	14:02:01	40.53916	141.55805	10	0.0	3	3.0	163
14/05/2025	14:03:02	40.53900	141.55811	66	0.0	3	3.0	208
14/05/2025	14:04:01	40.53913	141.55808	4	0.0	2	3.0	171
14/05/2025	14:05:01	40.53898	141.55817	8	0.0	3	3.0	170
14/05/2025	14:06:01	40.53906	141.55787	28	0.0	3	3.0	167
14/05/2025	14:07:01	40.53897	141.55808	40	0.0	3	2.4	168
14/05/2025	14:08:01	40.53911	141.55804	2	0.0	3	2.4	166
14/05/2025	14:09:01	40.53910	141.55805	18	0.0	2	3.0	166
14/05/2025	14:10:01	40.53899	141.55800	-4	0.0	3	2.4	168
14/05/2025	14:11:01	40.53915	141.55786	-8	0.0	3	2.3	166
14/05/2025	14:12:02	40.53903	141.55799	-22	0.0	3	2.4	167
14/05/2025	14:13:01	40.53924	141.55777	-34	0.0	3	2.4	138
14/05/2025	14:14:03	40.53909	141.55799	30	0.0	2	3.1	172
14/05/2025	14:15:02	40.53906	141.55796	8	0.0	3	2.4	180
14/05/2025	14:16:02	40.53919	141.55782	-6	0.0	3	2.3	162
14/05/2025	14:17:01	40.53891	141.55810	24	0.0	4	2.3	158
14/05/2025	14:18:01	40.53903	141.55790	6	0.0	2	3.1	129
14/05/2025	14:19:02	40.53924	141.55782	-18	0.0	4	2.3	154
14/05/2025	14:20:02	40.53927	141.55760	-36	0.0	1	7.1	147
14/05/2025	14:21:02	40.53913	141.55788	4	0.0	4	2.3	192
14/05/2025	14:22:01	40.53869	141.55815	44	0.0	2	7.1	151
14/05/2025	14:23:01	40.53894	141.55846	52	0.0	1	7.2	154
14/05/2025	14:24:02	40.53901	141.55798	12	0.0	2	7.2	152
14/05/2025	14:25:01	40.53922	141.55792	-4	0.0	1	7.3	172
14/05/2025	14:26:02	40.53924	141.55777	-8	0.0	2	7.3	151
14/05/2025	14:27:01	40.53899	141.55806	26	0.0	1	7.4	111
14/05/2025	14:28:01	40.53881	141.55819	70	0.0	1	8.0	111
14/05/2025	14:29:01	40.53882	141.55822	52	0.0	1	8.0	109
14/05/2025	14:30:01	40.53896	141.55815	22	0.0	1	8.0	131
14/05/2025	14:36:23	40.53897	141.55804	14	0.0	4	2.3	171
14/05/2025	14:37:01	40.54004	141.55734	-96	0.0	2	11.0	87
14/05/2025	14:38:02	40.53929	141.55781	-8	0.0	2	11.1	158
14/05/2025	14:39:05	40.53916	141.55800	2	0.0	2	11.2	160
14/05/2025	14:40:02	40.53836	141.55845	84	0.0	2	11.2	186
14/05/2025	14:41:02	40.53884	141.55814	40	0.0	2	11.3	164
14/05/2025	14:42:03	40.53873	141.55825	44	0.0	3	9.0	163
14/05/2025	14:43:02	40.53918	141.55790	-2	0.0	3	8.4	162
14/05/2025	14:44:02	40.53877	141.55819	42	0.0	3	5.3	163
14/05/2025	14:45:02	40.53904	141.55799	-0	0.0	2	8.4	185
14/05/2025	14:46:02	40.53897	141.55797	30	0.0	3	8.4	187
14/05/2025	14:47:02	40.53872	141.55820	56	0.0	3	8.3	183
14/05/2025	14:48:03	40.53894	141.55792	20	0.0	2	9.1	165
14/05/2025	14:49:05	40.53883	141.55819	38	3.7	4	2.4	182
14/05/2025	14:50:03	40.53891	141.55811	24	0.0	2	12.4	183
14/05/2025	14:51:04	40.53924	141.55770	-16	0.0	4	2.4	182
14/05/2025	14:52:03	40.53921	141.55793	-18	3.7	3	4.3	182
14/05/2025	14:53:04	40.53899	141.55805	8	0.0	3	3.3	180
14/05/2025	14:54:02	40.53908	141.55799	4	0.0	2	7.4	184
14/05/2025	14:55:04	40.53915	141.55789	-12	0.0	2	8.1	180
14/05/2025	14:56:04	40.53897	141.55807	42	3.7	2	5.1	177
14/05/2025	14:57:04	40.53921	141.55772	-40	0.0	2	5.2	176
14/05/2025	14:58:04	40.53912	141.55794	-4	0.0	3	3.4	173
14/05/2025	14:59:04	40.53921	141.55770	-54	0.0	2	5.3	153
14/05/2025	15:00:34	40.53907	141.55798	2	0.0	4	1.1	171
14/05/2025	15:01:01	40.53901	141.55809	-84	0.0	2	4.2	175
14/05/2025	15:02:02	40.53893	141.55805	0	0.0	2	4.4	158
14/05/2025	15:03:02	40.53895	141.55827	-56	0.0	2	5.1	160
14/05/2025	15:04:05	40.53901	141.55802	-30	0.0	3	2.0	152
14/05/2025	15:05:03	40.53908	141.55800	20	0.0	3	2.0	159
14/05/2025	15:06:03	40.53908	141.55796	16	0.0	3	2.0	138
14/05/2025	15:07:03	40.53904	141.55799	16	0.0	3	2.0	157
14/05/2025	15:08:03	40.53901	141.55805	-24	0.0	3	2.0	156
14/05/2025	15:09:02	40.53910	141.55794	14	0.0	3	2.0	137
14/05/2025	15:10:02	40.53904	141.55806	-6	0.0	3	2.0	138
14/05/2025	15:11:04	40.53907	141.55797	18	0.0	3	2.0	136
14/05/2025	15:12:02	40.53905	141.55797	8	0.0	3	2.0	159
14/05/2025	15:13:03	40.53911	141.55795	8	0.0	3	2.0	154
14/05/2025	15:14:05	40.53906	141.55803	-18	0.0	3	2.0	168
14/05/2025	15:15:02	40.53906	141.55801	12	0.0	3	2.0	139
14/05/2025	15:16:03	40.53914	141.55806	22	0.0	3	2.1	159
14/05/2025	15:17:04	40.53909	141.55796	-8	0.0	3	2.1	147
14/05/2025	15:18:03	40.53905	141.55797	-8	0.0	3	2.0	177
14/05/2025	15:19:03	40.53891	141.55809	-114	0.0	2	4.0	188
14/05/2025	15:20:02	40.53919	141.55802	8	0.0	2	3.3	146
14/05/2025	15:21:02	40.53911	141.55794	78	0.0	2	3.2	145
14/05/2025	15:22:01	40.53921	141.55801	54	0.0	2	3.1	146
14/05/2025	15:23:01	40.53912	141.55790	24	0.0	2	3.0	144
14/05/2025	15:24:02	40.53903	141.55811	-40	0.0	2	2.4	143
14/05/2025	15:25:02	40.53919	141.55790	126	0.0	2	2.4	143
14/05/2025	15:26:04	40.53925	141.55781	110	0.0	2	2.3	142
14/05/2025	15:27:02	40.53951	141.55723	-30	0.0	2	21.1	134
14/05/2025	15:28:03	40.53912	141.55805	36	0.0	2	2.3	163
14/05/2025	15:29:04	40.53903	141.55792	18	0.0	3	2.0	163
14/05/2025	15:30:01	40.53905	141.55802	14	0.0	2	2.2	143
14/05/2025	15:31:03	40.53906	141.55810	18	0.0	2	2.2	164
14/05/2025	15:32:03	40.53904	141.55794	6	0.0	2	2.2	142
14/05/2025	15:33:03	40.53923	141.55809	-46	0.0	2	2.2	164
14/05/2025	15:34:02	40.53900	141.55777	-42	0.0	2	2.2	145
14/05/2025	15:35:02	40.53894	141.55775	-8	0.0	2	2.2	142
14/05/2025	15:36:02	40.53902	141.55788	-36	0.0	2	2.2	164
14/05/2025	15:37:02	40.53908	141.55804	-6	0.0	2	2.2	139
14/05/2025	15:38:03	40.53903	141.55776	-4	0.0	2	2.2	166
14/05/2025	15:39:02	40.53911	141.55785	28	0.0	2	2.2	165
14/05/2025	15:40:03	40.53910	141.55790	-46	0.0	2	2.2	164
14/05/2025	15:41:02	40.53910	141.55807	50	0.0	2	2.2	142
14/05/2025	15:42:02	40.53904	141.55780	-48	0.0	2	2.3	138
14/05/2025	15:43:03	40.53904	141.55794	34	0.0	2	2.3	137
14/05/2025	15:44:04	40.53911	141.55795	-30	0.0	2	2.3	140
14/05/2025	15:45:02	40.53911	141.55804	-2	0.0	2	2.3	141
14/05/2025	15:46:04	40.53906	141.55788	52	0.0	2	2.3	138
14/05/2025	15:47:04	40.53910	141.55795	0	0.0	2	2.3	137
14/05/2025	15:48:05	40.53896	141.55791	34	0.0	2	2.3	136
14/05/2025	15:49:04	40.53911	141.55803	6	0.0	2	2.4	135
14/05/2025	15:50:04	40.53900	141.55800	14	0.0	2	2.4	136
14/05/2025	15:51:04	40.53903	141.55810	42	0.0	2	2.4	136
14/05/2025	15:52:04	40.53909	141.55801	10	0.0	2	2.4	134
14/05/2025	15:53:04	40.53908	141.55807	-0	0.0	2	3.0	134
14/05/2025	15:54:04	40.53910	141.55798	10	0.0	2	3.0	135
14/05/2025	15:55:04	40.53895	141.55804	2	0.0	2	3.0	135
14/05/2025	15:56:03	40.53908	141.55815	4	0.0	1	3.4	130
14/05/2025	16:02:35	40.53904	141.55803	10	0.0	2	3.0	138
14/05/2025	16:03:05	40.53897	141.55809	28	0.0	2	3.1	123
14/05/2025	16:04:05	40.53916	141.55788	-34	0.0	2	3.1	124
14/05/2025	16:05:04	40.53912	141.55791	-26	0.0	2	3.1	142
14/05/2025	16:06:05	40.53896	141.55813	42	0.0	2	3.1	125
14/05/2025	16:07:05	40.53892	141.55798	66	0.0	2	3.1	125
14/05/2025	16:08:04	40.53903	141.55801	40	0.0	2	3.2	124
14/05/2025	16:09:05	40.53901	141.55789	6	0.0	2	3.2	140
14/05/2025	16:10:06	40.53903	141.55789	22	0.0	2	3.2	120
14/05/2025	16:11:06	40.53903	141.55793	10	0.0	2	3.2	137
14/05/2025	16:12:05	40.53905	141.55806	24	0.0	2	3.3	139
14/05/2025	16:13:30	40.53907	141.55798	2	0.0	2	3.3	154
14/05/2025	16:14:10	40.53905	141.55805	0	0.0	2	3.3	135
14/05/2025	16:21:26	40.53906	141.55802	2	0.0	1	8.1	133
14/05/2025	16:22:38	40.53901	141.55809	20	0.0	1	7.3	100
14/05/2025	16:23:03	40.53916	141.55803	2	0.0	1	7.2	82
14/05/2025	16:24:39	40.53901	141.55807	18	0.0	2	5.4	139
14/05/2025	16:25:03	40.53888	141.55844	76	0.0	2	5.4	85
14/05/2025	16:26:02	40.53897	141.55820	28	0.0	2	6.0	82
14/05/2025	16:27:03	40.53902	141.55800	28	0.0	2	6.0	85
14/05/2025	16:33:35	40.53909	141.55796	0	0.0	2	5.3	148
14/05/2025	16:34:02	40.53898	141.55822	84	0.0	1	5.4	129
14/05/2025	16:35:04	40.53912	141.55810	16	0.0	2	5.2	131
14/05/2025	16:36:02	40.53901	141.55795	-20	0.0	2	5.1	111
14/05/2025	16:37:02	40.53895	141.55811	36	0.0	2	5.0	114
14/05/2025	16:38:02	40.53896	141.55810	42	0.0	2	5.0	134
14/05/2025	16:39:03	40.53887	141.55836	102	0.0	2	4.4	137
14/05/2025	16:40:03	40.53919	141.55780	-32	0.0	2	4.3	137
14/05/2025	16:41:04	40.53894	141.55824	24	0.0	2	4.2	134
14/05/2025	16:42:03	40.53914	141.55805	6	0.0	2	4.2	135
14/05/2025	16:43:02	40.53906	141.55794	-32	0.0	1	6.0	136
14/05/2025	16:44:04	40.53900	141.55806	-8	0.0	1	6.0	135
14/05/2025	16:45:03	40.53903	141.55828	62	0.0	1	6.1	133
14/05/2025	16:46:04	40.53920	141.55784	-44	0.0	2	3.4	137
14/05/2025	16:47:03	40.53917	141.55768	-52	0.0	1	6.2	133
14/05/2025	16:48:03	40.53881	141.55864	80	7.4	1	6.2	113
14/05/2025	16:49:03	40.53907	141.55791	32	0.0	1	6.3	112
14/05/2025	16:50:04	40.53902	141.55809	8	3.7	1	6.4	113
14/05/2025	16:51:04	40.53891	141.55838	74	3.7	2	3.2	132
14/05/2025	16:52:03	40.53894	141.55819	14	3.7	2	3.1	113
14/05/2025	16:53:03	40.53916	141.55787	30	0.0	2	3.1	113
14/05/2025	16:54:03	40.53885	141.55855	62	0.0	1	7.3	113
14/05/2025	16:55:03	40.53920	141.55780	-0	0.0	1	7.4	113
14/05/2025	16:56:04	40.53899	141.55814	34	3.7	2	3.0	116
14/05/2025	16:57:05	40.53898	141.55816	22	3.7	2	3.0	112
14/05/2025	16:58:03	40.53906	141.55796	-0	0.0	2	2.4	116
14/05/2025	16:59:04	40.53911	141.55789	-24	0.0	2	2.4	114
14/05/2025	17:00:04	40.53926	141.55775	-40	3.7	2	2.4	115
14/05/2025	17:01:05	40.53912	141.55774	-46	0.0	2	2.4	127
14/05/2025	17:02:04	40.53900	141.55833	68	0.0	2	2.4	112
14/05/2025	17:03:04	40.53904	141.55820	36	0.0	2	2.3	132
14/05/2025	17:04:07	40.53915	141.55770	-68	0.0	2	2.3	132
14/05/2025	17:05:04	40.53915	141.55776	-4	3.7	2	2.3	134
14/05/2025	17:06:04	40.53909	141.55803	36	3.7	2	2.3	134
14/05/2025	17:07:04	40.53924	141.55788	-14	3.7	2	2.3	136
14/05/2025	17:08:04	40.53913	141.55805	34	0.0	2	2.3	134
14/05/2025	17:09:12	40.53909	141.55779	-32	3.7	2	2.3	130
14/05/2025	17:10:08	40.53908	141.55813	36	14.8	2	2.3	156
14/05/2025	17:11:32	40.53908	141.55805	22	0.0	2	2.3	130
14/05/2025	17:12:29	40.53907	141.55813	46	0.0	2	2.3	131
14/05/2025	17:13:16	40.53909	141.55798	20	0.0	3	2.4	138
14/05/2025	17:14:08	40.53910	141.55796	12	0.0	2	2.3	118
14/05/2025	17:15:36	40.53906	141.55800	8	0.0	3	3.0	143
14/05/2025	17:16:15	40.53910	141.55793	-0	0.0	2	2.3	135
14/05/2025	17:17:12	40.53906	141.55798	6	0.0	3	3.0	147
14/05/2025	17:18:15	40.53905	141.55804	22	0.0	3	3.0	149
14/05/2025	17:19:16	40.53908	141.55808	36	0.0	3	3.0	143
14/05/2025	17:20:04	40.53925	141.55798	22	3.7	2	6.4	133
14/05/2025	17:21:05	40.53903	141.55797	16	3.7	2	6.0	128
14/05/2025	17:22:05	40.53902	141.55802	14	3.7	2	5.2	110
14/05/2025	17:23:05	40.53914	141.55805	38	0.0	2	5.0	109
14/05/2025	17:24:05	40.53918	141.55776	-22	3.7	2	4.3	109
14/05/2025	17:25:07	40.53923	141.55791	-8	3.7	2	4.2	129
14/05/2025	17:26:04	40.53917	141.55802	36	0.0	2	4.1	127
14/05/2025	17:27:04	40.53896	141.55804	2	3.7	2	4.0	130
14/05/2025	17:28:15	40.53917	141.55791	-8	3.7	2	3.4	121
14/05/2025	17:29:12	40.53914	141.55797	0	3.7	2	3.4	120
14/05/2025	17:36:52	40.53890	141.55815	36	0.0	1	9.2	112
14/05/2025	17:37:04	40.53905	141.55801	40	0.0	1	6.3	116
14/05/2025	17:38:05	40.53899	141.55767	20	7.4	1	9.0	97
14/05/2025	17:39:05	40.53904	141.55785	20	3.7	1	8.4	97
14/05/2025	17:45:32	40.53909	141.55794	8	0.0	2	3.3	140
14/05/2025	17:46:05	40.53912	141.55791	2	7.4	1	6.1	119
14/05/2025	17:47:04	40.53944	141.55719	-50	3.7	1	6.1	118
14/05/2025	17:48:05	40.53940	141.55699	-50	7.4	1	6.0	117
14/05/2025	17:49:03	40.53897	141.55801	14	3.7	1	6.0	121
14/05/2025	17:50:04	40.53899	141.55793	22	0.0	1	5.4	119
14/05/2025	17:51:05	40.53929	141.55740	-30	0.0	1	5.4	113
14/05/2025	17:52:04	40.53905	141.55806	4	22.2	1	5.4	98
14/05/2025	17:53:07	40.53898	141.55835	30	0.0	1	5.3	116
14/05/2025	17:54:05	40.53894	141.55827	34	7.4	1	5.3	95
14/05/2025	17:55:30	40.53905	141.55810	8	0.0	1	5.2	105
14/05/2025	17:56:06	40.53906	141.55821	-10	0.0	1	5.2	95
14/05/2025	17:57:36	40.53907	141.55798	8	3.7	3	1.3	130
14/05/2025	17:58:03	40.53907	141.55757	46	0.0	1	6.2	80
14/05/2025	17:59:04	40.53894	141.55771	44	3.7	1	6.2	80
14/05/2025	18:00:05	40.53906	141.55801	8	0.0	2	2.0	99
14/05/2025	18:01:04	40.53906	141.55780	16	0.0	2	2.0	102
14/05/2025	18:02:04	40.53907	141.55808	18	0.0	2	2.0	122
14/05/2025	18:03:03	40.53907	141.55804	-12	0.0	2	2.0	125
14/05/2025	18:04:04	40.53905	141.55801	-8	0.0	2	2.1	124
14/05/2025	18:05:04	40.53908	141.55793	0	0.0	2	2.1	128
14/05/2025	18:06:04	40.53916	141.55801	-4	0.0	2	2.1	127
14/05/2025	18:07:02	40.53917	141.55815	-14	0.0	2	2.1	105
14/05/2025	18:08:03	40.53899	141.55807	44	0.0	2	2.1	130
14/05/2025	18:09:04	40.53907	141.55807	4	0.0	2	2.1	128
14/05/2025	18:10:04	40.53908	141.55786	6	0.0	2	2.2	130
14/05/2025	18:11:04	40.53913	141.55795	2	0.0	2	2.2	150
14/05/2025	18:12:03	40.53903	141.55795	-10	0.0	2	2.2	134
14/05/2025	18:13:03	40.53898	141.55804	20	0.0	2	2.2	156
14/05/2025	18:14:04	40.53902	141.55795	14	0.0	2	2.2	135
14/05/2025	18:15:04	40.53908	141.55786	-8	0.0	2	2.3	135
14/05/2025	18:16:04	40.53892	141.55818	48	3.7	2	2.3	136
14/05/2025	18:17:04	40.53905	141.55805	14	3.7	2	2.3	125
14/05/2025	18:18:04	40.53905	141.55791	12	0.0	2	2.4	136
14/05/2025	18:19:04	40.53907	141.55796	20	0.0	2	2.4	134
14/05/2025	18:20:04	40.53913	141.55796	-10	0.0	2	2.4	135
14/05/2025	18:21:04	40.53893	141.55815	42	3.7	2	3.0	135
14/05/2025	18:22:04	40.53901	141.55810	10	0.0	2	3.0	154
14/05/2025	18:23:04	40.53890	141.55826	56	7.4	2	3.0	154
14/05/2025	18:24:04	40.53925	141.55773	-22	0.0	2	3.1	135
14/05/2025	18:25:04	40.53921	141.55766	-24	0.0	2	3.1	138
14/05/2025	18:26:04	40.53902	141.55795	-0	0.0	2	3.2	137
14/05/2025	18:27:04	40.53907	141.55796	14	0.0	2	3.2	170
14/05/2025	18:28:05	40.53900	141.55810	20	0.0	2	3.3	133
14/05/2025	18:29:03	40.53913	141.55790	-4	3.7	2	3.3	155
14/05/2025	18:30:05	40.53891	141.55816	30	7.4	2	3.4	158
14/05/2025	18:31:04	40.53940	141.55741	-42	7.4	2	4.0	181
14/05/2025	18:32:04	40.53907	141.55799	-0	0.0	2	4.0	161
14/05/2025	18:33:07	40.53904	141.55785	14	0.0	2	4.1	176
14/05/2025	18:34:04	40.53892	141.55800	20	14.8	2	4.2	178
14/05/2025	18:35:06	40.53912	141.55772	-4	3.7	2	4.3	179
14/05/2025	18:36:05	40.53916	141.55762	-12	0.0	2	4.4	182
14/05/2025	18:37:06	40.53928	141.55754	-28	0.0	2	5.0	175
14/05/2025	18:38:05	40.53880	141.55850	50	0.0	2	5.1	178
14/05/2025	18:39:18	40.53935	141.55743	-34	3.7	2	5.3	182
14/05/2025	18:40:09	40.53874	141.55858	60	22.2	2	5.4	174
14/05/2025	18:41:10	40.53910	141.55797	0	3.7	2	6.1	175
14/05/2025	18:42:15	40.53885	141.55843	42	22.2	2	6.3	191
14/05/2025	18:43:05	40.53883	141.55838	38	29.6	2	6.4	180
14/05/2025	18:44:05	40.53962	141.55699	-80	33.3	2	7.2	180
14/05/2025	18:45:10	40.53924	141.55768	-16	3.7	2	7.4	175
14/05/2025	18:46:06	40.53988	141.55626	-116	22.2	2	8.2	171
14/05/2025	18:47:06	40.53942	141.55717	-44	3.7	2	9.0	175
14/05/2025	18:48:07	40.53873	141.55856	58	18.5	2	9.4	180
14/05/2025	18:49:09	40.53921	141.55769	-6	7.4	2	10.4	191
14/05/2025	18:50:05	40.53902	141.55816	12	18.5	2	11.3	191
14/05/2025	18:51:05	40.53907	141.55807	8	40.7	2	13.0	189
14/05/2025	18:52:07	40.53875	141.55882	58	25.9	2	14.3	172
14/05/2025	18:53:07	40.53912	141.55775	0	18.5	2	16.2	172
14/05/2025	18:54:12	40.53921	141.55773	-12	0.0	2	19.1	172
14/05/2025	18:55:14	40.53951	141.55681	-58	25.9	2	22.4	190
14/05/2025	18:56:35	40.53908	141.55800	6	0.0	5	1.3	152
14/05/2025	18:57:01	40.53901	141.55778	6	0.0	3	2.1	110
14/05/2025	18:58:01	40.53910	141.55801	-12	0.0	3	2.3	111
14/05/2025	18:59:03	40.53912	141.55802	-8	0.0	3	2.1	155
14/05/2025	19:00:01	40.53899	141.55802	24	0.0	3	2.1	111
14/05/2025	19:01:03	40.53931	141.55804	-18	0.0	4	2.1	138
14/05/2025	19:02:02	40.53917	141.55805	0	0.0	3	2.1	130
14/05/2025	19:03:03	40.53889	141.55799	26	0.0	3	2.1	150
14/05/2025	19:04:03	40.53903	141.55801	22	0.0	4	2.1	148
14/05/2025	19:05:03	40.53908	141.55805	4	0.0	2	2.2	130
14/05/2025	19:06:02	40.53902	141.55809	10	0.0	3	2.2	163
14/05/2025	19:07:03	40.53911	141.55792	-0	0.0	3	2.2	147
14/05/2025	19:08:03	40.53884	141.55800	40	0.0	2	2.2	147
14/05/2025	19:09:02	40.53908	141.55803	4	0.0	3	2.3	128
14/05/2025	19:10:02	40.53912	141.55799	6	0.0	3	2.2	127
14/05/2025	19:11:01	40.53899	141.55802	14	0.0	3	2.2	108
14/05/2025	19:12:02	40.53898	141.55797	14	0.0	3	2.3	109
14/05/2025	19:13:03	40.53888	141.55798	24	0.0	2	4.4	128
14/05/2025	19:14:02	40.53923	141.55794	-20	0.0	3	2.2	108
14/05/2025	19:15:03	40.53921	141.55789	-14	0.0	2	4.4	108
14/05/2025	19:16:03	40.53901	141.55801	14	0.0	3	2.2	134
14/05/2025	19:17:02	40.53931	141.55756	-18	0.0	2	4.3	131
14/05/2025	19:18:03	40.53887	141.55794	16	0.0	2	4.3	131
14/05/2025	19:19:03	40.53911	141.55817	8	0.0	2	4.3	136
14/05/2025	19:20:03	40.53928	141.55774	-14	0.0	2	4.3	154
14/05/2025	19:21:03	40.53869	141.55815	34	0.0	2	4.3	150
14/05/2025	19:22:02	40.53903	141.55817	18	0.0	2	4.3	136
14/05/2025	19:23:04	40.53910	141.55793	-2	0.0	3	2.2	133
14/05/2025	19:24:04	40.53901	141.55803	20	0.0	3	2.2	131
14/05/2025	19:25:03	40.53952	141.55778	-44	0.0	2	2.4	130
14/05/2025	19:26:04	40.53903	141.55793	16	0.0	3	2.2	131
14/05/2025	19:27:03	40.53920	141.55795	-10	0.0	3	2.2	130
14/05/2025	19:28:03	40.53930	141.55781	-24	0.0	2	4.1	127
14/05/2025	19:29:03	40.53906	141.55793	20	0.0	2	4.1	129
14/05/2025	19:30:04	40.53921	141.55801	-10	0.0	3	2.2	125
14/05/2025	19:31:04	40.53953	141.55766	-48	0.0	2	4.1	124
14/05/2025	19:32:03	40.53900	141.55816	12	3.7	2	4.0	123
14/05/2025	19:33:05	40.53923	141.55811	-10	0.0	3	2.2	119
14/05/2025	19:34:04	40.53927	141.55777	-20	0.0	3	2.2	115
14/05/2025	19:35:04	40.53902	141.55809	16	3.7	3	2.2	117
14/05/2025	19:36:04	40.53942	141.55787	-36	0.0	1	7.1	95
14/05/2025	19:37:04	40.53887	141.55815	38	3.7	2	3.4	91
14/05/2025	19:38:17	40.53898	141.55797	16	0.0	3	2.2	88
14/05/2025	19:39:15	40.53904	141.55795	10	0.0	3	2.2	103
14/05/2025	19:40:18	40.53922	141.55798	-12	0.0	3	2.2	77
14/05/2025	19:41:35	40.54539	141.55871	-804	0.0	1	3.0	98
14/05/2025	19:42:24	40.53890	141.55799	26	0.0	3	2.2	117
14/05/2025	19:43:16	40.53916	141.55796	-4	0.0	3	2.2	118
14/05/2025	19:44:04	40.53864	141.55745	54	3.7	1	5.1	92
14/05/2025	19:45:05	40.53932	141.55790	-26	7.4	2	3.3	110
14/05/2025	19:46:04	40.53916	141.55780	-10	0.0	1	5.1	93
14/05/2025	19:47:04	40.53944	141.55809	-46	0.0	2	3.3	121
14/05/2025	19:48:07	40.53903	141.55768	20	3.7	2	5.1	139
14/05/2025	19:49:05	40.53876	141.55757	52	7.4	2	5.1	114
14/05/2025	19:50:04	40.53906	141.55822	14	0.0	2	5.0	144
14/05/2025	19:51:04	40.53926	141.55846	-24	0.0	2	5.0	129
14/05/2025	19:52:04	40.53930	141.55872	-30	11.1	2	5.0	131
14/05/2025	19:53:03	40.53890	141.55787	36	0.0	2	5.0	134
14/05/2025	19:54:04	40.53914	141.55861	-0	0.0	2	4.4	130
14/05/2025	19:55:03	40.53895	141.55801	32	0.0	2	4.4	135
14/05/2025	19:56:04	40.53914	141.55807	-2	0.0	2	4.4	136
14/05/2025	19:57:03	40.53897	141.55797	16	0.0	2	4.4	155
14/05/2025	19:58:03	40.53892	141.55790	52	0.0	2	4.4	141
14/05/2025	19:59:03	40.53912	141.55842	-4	0.0	2	4.3	138
14/05/2025	20:00:03	40.53890	141.55789	38	0.0	2	4.3	139
14/05/2025	20:01:04	40.53898	141.55783	20	0.0	2	4.3	139
14/05/2025	20:02:03	40.53908	141.55787	18	0.0	2	4.3	141
14/05/2025	20:03:03	40.53900	141.55799	36	0.0	2	4.3	141
14/05/2025	20:04:03	40.53903	141.55833	32	0.0	2	4.3	141
14/05/2025	20:05:02	40.53917	141.55812	-10	3.7	2	4.3	116
14/05/2025	20:06:03	40.53925	141.55789	-18	0.0	2	4.3	140
14/05/2025	20:07:04	40.53904	141.55802	10	0.0	2	4.3	141
14/05/2025	20:08:03	40.53910	141.55764	18	0.0	2	4.3	142
14/05/2025	20:09:02	40.53901	141.55768	20	0.0	2	4.3	142
14/05/2025	20:10:03	40.53905	141.55781	10	0.0	2	4.3	161
14/05/2025	20:11:04	40.53920	141.55810	-20	3.7	2	4.3	141
14/05/2025	20:12:04	40.53904	141.55788	20	3.7	2	4.3	142
14/05/2025	20:13:04	40.53904	141.55785	20	0.0	2	4.3	141
14/05/2025	20:14:04	40.53902	141.55778	22	0.0	2	4.3	140
14/05/2025	20:15:04	40.53910	141.55734	-20	0.0	2	4.3	137
14/05/2025	20:16:05	40.53910	141.55835	4	3.7	2	4.3	134
14/05/2025	20:17:04	40.53910	141.55786	16	3.7	2	4.3	154
14/05/2025	20:18:05	40.53914	141.55816	-4	14.8	2	4.3	129
14/05/2025	20:19:19	40.53900	141.55795	24	7.4	2	4.3	121
14/05/2025	20:20:28	40.53906	141.55800	6	7.4	2	4.4	141
14/05/2025	20:21:08	40.53913	141.55851	-24	3.7	2	4.4	120
14/05/2025	20:22:05	40.53903	141.55796	28	0.0	2	4.4	122
14/05/2025	20:23:04	40.53911	141.55800	-0	7.4	2	4.4	142
14/05/2025	20:24:04	40.53919	141.55846	-28	3.7	2	5.0	143
14/05/2025	20:25:05	40.53914	141.55749	-8	11.1	2	5.0	142
14/05/2025	20:26:05	40.53903	141.55791	20	3.7	2	5.0	122
14/05/2025	20:27:05	40.53917	141.55836	-24	0.0	2	5.0	142
14/05/2025	20:28:04	40.53914	141.55817	-28	0.0	2	5.1	149
14/05/2025	20:29:04	40.53910	141.55850	-8	0.0	2	5.1	124
14/05/2025	20:30:05	40.53915	141.55799	-12	0.0	2	5.2	145
14/05/2025	20:31:03	40.53885	141.55820	66	0.0	2	5.2	142
14/05/2025	20:32:04	40.53895	141.55817	44	0.0	3	5.0	139
14/05/2025	20:33:05	40.53898	141.55809	14	0.0	3	5.1	137
14/05/2025	20:34:05	40.53913	141.55799	0	0.0	2	5.4	115
14/05/2025	20:35:05	40.53914	141.55769	-2	3.7	3	5.2	134
14/05/2025	20:36:03	40.53923	141.55812	-30	0.0	2	5.4	122
14/05/2025	20:37:04	40.53909	141.55800	-0	0.0	3	5.3	123
14/05/2025	20:38:03	40.53923	141.55727	-0	0.0	2	6.0	124
14/05/2025	20:39:03	40.53943	141.55715	-48	0.0	2	6.1	142
14/05/2025	20:40:03	40.53895	141.55774	46	0.0	2	6.2	106
14/05/2025	20:41:04	40.53913	141.55765	-8	0.0	2	6.2	104
14/05/2025	20:42:02	40.53912	141.55791	6	0.0	2	7.0	149
14/05/2025	20:43:03	40.53876	141.55845	76	0.0	2	7.1	197
14/05/2025	20:44:09	40.53896	141.55856	38	14.8	3	6.2	205
14/05/2025	20:45:04	40.53881	141.55872	50	0.0	3	6.3	205
14/05/2025	20:46:03	40.53906	141.55800	6	0.0	3	6.3	203
14/05/2025	20:47:03	40.53920	141.55773	-22	0.0	2	7.4	201
14/05/2025	20:48:02	40.53935	141.55705	-32	0.0	2	8.0	203
14/05/2025	20:49:03	40.53904	141.55805	10	0.0	2	8.1	205
14/05/2025	20:50:03	40.53912	141.55790	34	0.0	2	8.1	227
14/05/2025	20:51:04	40.53915	141.55769	6	3.7	3	6.4	224
14/05/2025	20:52:03	40.53931	141.55720	-26	0.0	2	8.2	223
14/05/2025	20:53:02	40.53914	141.55771	4	0.0	3	6.4	206
14/05/2025	20:54:03	40.53903	141.55818	12	0.0	3	6.4	204
14/05/2025	20:55:04	40.53912	141.55780	-4	0.0	3	6.4	218
14/05/2025	20:56:02	40.53931	141.55726	-34	0.0	3	6.4	227
14/05/2025	20:57:04	40.53898	141.55840	16	0.0	3	6.3	253
14/05/2025	20:58:03	40.53926	141.55731	-2	0.0	2	8.3	225
14/05/2025	20:59:03	40.53910	141.55798	-20	0.0	2	8.2	221
14/05/2025	21:00:35	40.53908	141.55799	2	0.0	6	1.1	220
14/05/2025	21:01:00	40.53908	141.55777	34	0.0	3	2.2	179
14/05/2025	21:02:01	40.53909	141.55816	0	0.0	4	2.2	177
14/05/2025	21:03:01	40.53903	141.55803	30	0.0	5	1.2	204
14/05/2025	21:04:02	40.53905	141.55800	18	0.0	4	2.1	187
14/05/2025	21:05:00	40.53886	141.55832	70	0.0	3	2.2	146
14/05/2025	21:06:00	40.53908	141.55801	42	0.0	4	2.2	146
14/05/2025	21:07:01	40.53911	141.55802	2	0.0	4	2.0	195
14/05/2025	21:08:01	40.53909	141.55809	6	0.0	4	2.0	200
14/05/2025	21:09:01	40.53904	141.55802	18	0.0	3	2.2	225
14/05/2025	21:10:01	40.53899	141.55804	8	0.0	4	2.0	202
14/05/2025	21:11:02	40.53910	141.55800	-6	0.0	4	2.1	200
14/05/2025	21:12:01	40.53929	141.55909	10	0.0	4	2.4	267
14/05/2025	21:13:02	40.53937	141.55893	-8	0.0	3	2.4	206
14/05/2025	21:14:03	40.53941	141.55851	26	0.0	3	2.1	201
14/05/2025	21:15:01	40.53944	141.55870	34	0.0	4	2.1	207
14/05/2025	21:16:00	40.53959	141.55838	-12	0.0	3	2.2	167
14/05/2025	21:17:01	40.53948	141.55851	26	0.0	4	2.1	177
14/05/2025	21:18:02	40.53951	141.55854	8	0.0	5	1.1	200
14/05/2025	21:19:01	40.53934	141.55853	42	0.0	4	2.1	232
14/05/2025	21:20:01	40.53951	141.55828	-2	0.0	4	2.1	183
14/05/2025	21:21:01	40.53948	141.55849	10	0.0	4	2.1	215
14/05/2025	21:22:01	40.53943	141.55844	16	0.0	4	2.2	209
14/05/2025	21:23:01	40.53924	141.55910	-2	0.0	4	2.2	234
14/05/2025	21:24:00	40.53905	141.55795	24	3.7	4	2.1	183
14/05/2025	21:25:03	40.53921	141.55784	-36	0.0	3	4.4	201
14/05/2025	21:26:02	40.53890	141.55799	28	0.0	4	2.1	190
14/05/2025	21:27:01	40.53893	141.55794	40	0.0	4	2.1	199
14/05/2025	21:28:01	40.53885	141.55789	42	0.0	4	2.1	182
14/05/2025	21:29:01	40.53905	141.55795	0	0.0	4	2.1	200
14/05/2025	21:30:01	40.53904	141.55797	10	0.0	3	2.1	199
14/05/2025	21:31:02	40.53917	141.55798	-0	0.0	3	5.2	191
14/05/2025	21:32:01	40.53900	141.55796	18	0.0	3	2.1	180
14/05/2025	21:33:01	40.53889	141.55809	36	0.0	3	2.3	191
14/05/2025	21:34:02	40.53892	141.55791	30	0.0	3	2.3	190
14/05/2025	21:35:03	40.53901	141.55799	6	0.0	4	2.1	195
14/05/2025	21:36:01	40.53898	141.55804	24	0.0	4	2.1	198
14/05/2025	21:37:01	40.53911	141.55801	10	0.0	4	1.1	179
14/05/2025	21:38:05	40.53930	141.55771	-28	7.4	2	4.0	156
14/05/2025	21:39:01	40.53915	141.55790	-8	0.0	5	1.1	205
14/05/2025	21:40:01	40.53907	141.55797	4	0.0	5	1.1	177
14/05/2025	21:41:01	40.53904	141.55802	8	0.0	4	1.1	178
14/05/2025	21:42:01	40.53910	141.55799	14	0.0	4	1.1	201
14/05/2025	21:43:01	40.53907	141.55808	14	0.0	4	1.1	170
14/05/2025	21:44:01	40.53902	141.55800	-2	0.0	4	1.1	225
14/05/2025	21:45:01	40.53906	141.55807	16	0.0	4	1.1	229
14/05/2025	21:46:01	40.53903	141.55799	10	0.0	4	1.1	176
14/05/2025	21:47:00	40.53903	141.55795	-0	0.0	4	1.1	148
14/05/2025	21:48:01	40.53905	141.55804	16	0.0	4	1.1	201
14/05/2025	21:49:00	40.53909	141.55789	-18	0.0	3	2.0	175
14/05/2025	21:50:01	40.53910	141.55801	-2	0.0	3	2.0	192
14/05/2025	21:51:01	40.53903	141.55809	26	0.0	4	1.1	226
14/05/2025	21:52:01	40.53911	141.55799	14	0.0	4	1.1	248
14/05/2025	21:53:01	40.53906	141.55804	20	0.0	3	2.0	227
14/05/2025	21:54:00	40.53899	141.55806	16	0.0	3	2.0	180
14/05/2025	21:55:01	40.53913	141.55799	24	0.0	4	2.1	208
14/05/2025	21:56:02	40.53915	141.55791	2	0.0	3	2.1	178
14/05/2025	21:57:01	40.53892	141.55801	32	0.0	3	2.2	175
14/05/2025	21:58:03	40.53905	141.55799	4	0.0	3	2.1	215
14/05/2025	21:59:03	40.53902	141.55792	12	0.0	2	2.3	213
14/05/2025	22:00:03	40.53903	141.55803	18	0.0	3	2.1	242
14/05/2025	22:01:03	40.53903	141.55796	14	0.0	4	1.2	242
14/05/2025	22:02:02	40.53902	141.55796	-8	0.0	3	1.3	241
14/05/2025	22:03:01	40.53914	141.55798	-18	0.0	3	2.1	231
14/05/2025	22:04:00	40.53914	141.55795	2	0.0	4	1.4	241
14/05/2025	22:05:00	40.53899	141.55802	-20	0.0	4	1.2	191
14/05/2025	22:06:00	40.53902	141.55815	12	3.7	3	2.1	212
14/05/2025	22:07:00	40.53902	141.55804	-8	0.0	4	1.2	244
14/05/2025	22:08:00	40.53895	141.55795	34	0.0	4	1.2	190
14/05/2025	22:09:02	40.53905	141.55794	-0	0.0	4	1.2	241
14/05/2025	22:10:01	40.53905	141.55802	16	0.0	4	1.2	240
14/05/2025	22:11:01	40.53912	141.55790	-22	0.0	3	2.0	238
14/05/2025	22:12:02	40.53913	141.55803	6	0.0	4	1.2	266
14/05/2025	22:13:02	40.53894	141.55796	54	0.0	2	2.1	229
14/05/2025	22:14:02	40.53909	141.55793	-16	0.0	3	2.0	263
14/05/2025	22:15:02	40.53905	141.55800	2	0.0	3	2.0	259
14/05/2025	22:16:02	40.53912	141.55796	-2	0.0	3	2.0	257
14/05/2025	22:17:03	40.53909	141.55801	-8	0.0	4	1.2	258
14/05/2025	22:18:02	40.53910	141.55801	-6	0.0	3	2.0	263
14/05/2025	22:19:03	40.53902	141.55801	16	0.0	4	1.2	253
14/05/2025	22:20:05	40.53890	141.55802	50	0.0	3	2.1	143
14/05/2025	22:21:04	40.53893	141.55804	56	0.0	3	2.1	146
14/05/2025	22:22:04	40.53895	141.55807	16	0.0	3	2.1	151
14/05/2025	22:23:04	40.53912	141.55793	-16	0.0	3	2.1	171
14/05/2025	22:24:03	40.53923	141.55801	-22	0.0	2	4.2	173
14/05/2025	22:25:19	40.53903	141.55803	16	0.0	3	2.0	175
14/05/2025	22:26:02	40.53907	141.55789	-14	0.0	3	2.1	108
14/05/2025	22:27:02	40.53907	141.55801	-18	0.0	3	2.1	136
14/05/2025	22:28:05	40.53901	141.55786	8	0.0	3	2.1	153
14/05/2025	22:29:03	40.53916	141.55782	-42	0.0	3	5.3	181
14/05/2025	22:30:03	40.53906	141.55800	12	0.0	3	5.2	157
14/05/2025	22:31:02	40.53857	141.55800	122	0.0	3	5.1	160
14/05/2025	22:32:02	40.53893	141.55814	70	0.0	3	2.1	165
14/05/2025	22:33:03	40.53947	141.55796	-46	0.0	3	5.0	155
14/05/2025	22:34:03	40.53921	141.55804	8	0.0	3	5.0	161
14/05/2025	22:35:03	40.53903	141.55792	10	0.0	3	2.1	182
14/05/2025	22:36:02	40.53909	141.55822	30	0.0	3	2.1	163
14/05/2025	22:37:03	40.53914	141.55792	-30	0.0	3	2.1	162
14/05/2025	22:38:03	40.53928	141.55790	-32	0.0	3	2.1	160
14/05/2025	22:39:04	40.53909	141.55795	-10	0.0	3	2.1	161
14/05/2025	22:40:02	40.53919	141.55800	4	0.0	3	4.2	161
14/05/2025	22:41:02	40.53896	141.55795	24	0.0	3	4.2	163
14/05/2025	22:42:03	40.53911	141.55796	12	0.0	3	2.1	161
14/05/2025	22:43:02	40.53899	141.55796	42	0.0	3	2.1	162
14/05/2025	22:44:03	40.53906	141.55781	10	0.0	3	2.1	157
14/05/2025	22:45:04	40.53898	141.55800	56	0.0	2	5.2	169
14/05/2025	22:46:05	40.53899	141.55811	52	0.0	2	5.2	129
14/05/2025	22:47:03	40.53903	141.55815	16	0.0	2	5.2	132
14/05/2025	22:53:30	40.53898	141.55805	40	0.0	3	2.2	154
14/05/2025	22:54:04	40.53904	141.55806	30	0.0	2	6.1	145
14/05/2025	22:55:17	40.53906	141.55797	4	0.0	3	2.2	150
14/05/2025	22:56:03	40.53897	141.55806	50	0.0	2	6.2	176
14/05/2025	23:02:45	40.53903	141.55805	24	0.0	4	2.1	142
14/05/2025	23:03:03	40.53902	141.55824	70	0.0	2	6.4	142
14/05/2025	23:04:03	40.53932	141.55744	-110	0.0	2	7.0	106
14/05/2025	23:10:24	40.53904	141.55803	26	0.0	4	2.2	175
14/05/2025	23:11:05	40.53906	141.55803	20	0.0	3	7.0	145
14/05/2025	23:12:05	40.53911	141.55799	14	0.0	3	7.1	144
14/05/2025	23:13:05	40.53886	141.55893	180	0.0	3	7.2	160
14/05/2025	23:14:04	40.53898	141.55811	60	3.7	3	7.3	179
14/05/2025	23:20:38	40.53905	141.55806	16	0.0	4	2.3	275
14/05/2025	23:21:03	40.53896	141.55824	52	0.0	3	8.4	237
14/05/2025	23:22:03	40.53915	141.55757	-86	0.0	3	8.4	211
14/05/2025	23:23:03	40.53927	141.55742	-116	0.0	3	9.0	208
14/05/2025	23:24:03	40.53888	141.55850	122	0.0	3	9.1	269
14/05/2025	23:25:03	40.53905	141.55827	16	22.2	3	9.2	293
14/05/2025	23:26:04	40.53986	141.55578	-24	0.0	3	9.2	266
14/05/2025	23:27:04	40.53960	141.55698	212	7.4	3	9.3	277
14/05/2025	23:28:05	40.54021	141.55504	-52	33.3	3	9.4	304
14/05/2025	23:29:03	40.54372	141.55030	-86	29.6	3	10.0	302
14/05/2025	23:30:04	40.54804	141.54989	90	0.0	3	10.0	296
14/05/2025	23:31:04	40.54810	141.54975	68	0.0	3	10.1	292
14/05/2025	23:32:03	40.54815	141.54972	48	0.0	3	10.2	281
14/05/2025	23:33:08	40.54814	141.54976	54	0.0	3	10.3	284
14/05/2025	23:34:06	40.54826	141.54909	-64	3.7	3	10.4	282
14/05/2025	23:35:04	40.54831	141.54901	-66	0.0	3	10.4	289
14/05/2025	23:36:03	40.54805	141.55012	108	0.0	3	11.0	303
14/05/2025	23:37:04	40.54803	141.55027	112	0.0	3	11.1	286
14/05/2025	23:38:03	40.54812	141.54963	20	0.0	3	11.2	269
14/05/2025	23:39:03	40.55077	141.54883	-0	37.0	3	11.3	305
14/05/2025	23:40:03	40.55333	141.54770	70	29.6	3	11.4	301
14/05/2025	23:41:03	40.55634	141.54175	-38	33.3	3	12.0	303
14/05/2025	23:42:03	40.55883	141.54106	26	25.9	3	12.1	300
14/05/2025	23:43:03	40.56114	141.53860	16	25.9	3	12.2	302
14/05/2025	23:44:03	40.56340	141.53572	38	25.9	3	12.3	309
14/05/2025	23:45:04	40.56535	141.53169	50	37.0	3	12.4	296
14/05/2025	23:46:02	40.56851	141.53035	-50	29.6	3	13.1	301
14/05/2025	23:47:03	40.56830	141.52554	148	33.3	3	13.2	300
14/05/2025	23:48:04	40.56577	141.51954	88	29.6	3	13.3	299
14/05/2025	23:49:03	40.56496	141.51816	42	22.2	3	14.0	299
14/05/2025	23:50:03	40.56303	141.51674	-44	0.0	3	14.1	247
14/05/2025	23:51:04	40.56261	141.51764	74	3.7	3	14.3	267
14/05/2025	23:52:06	40.56071	141.51649	200	25.9	3	14.4	278
14/05/2025	23:53:40	40.55945	141.51680	16	29.6	4	5.2	286
14/05/2025	23:54:03	40.55957	141.51719	26	29.6	4	5.2	286
14/05/2025	23:55:03	40.56191	141.51681	46	0.0	4	5.1	253
14/05/2025	23:56:03	40.55938	141.51994	16	33.3	4	5.1	277
14/05/2025	23:57:03	40.55728	141.52461	-10	29.6	4	5.1	273
14/05/2025	23:58:03	40.55784	141.52612	28	0.0	3	11.0	244
14/05/2025	23:59:03	40.55790	141.52592	0	0.0	4	5.0	276
15/05/2025	00:00:05	40.55784	141.52655	58	0.0	2	17.4	275
15/05/2025	00:01:02	40.55765	141.52722	134	0.0	2	18.0	257
15/05/2025	00:02:03	40.55773	141.52681	88	3.7	2	18.2	255
15/05/2025	00:03:04	40.55778	141.52608	26	0.0	2	18.3	280
15/05/2025	00:04:36	40.55843	141.52722	10	0.0	4	1.2	254
15/05/2025	00:05:01	40.55824	141.52737	-8	0.0	2	4.4	212
15/05/2025	00:06:02	40.55857	141.52716	26	0.0	2	4.3	270
15/05/2025	00:07:01	40.55838	141.52758	-38	0.0	2	4.3	246
15/05/2025	00:08:01	40.55850	141.52736	-4	0.0	3	2.1	283
15/05/2025	00:09:01	40.55819	141.53007	4	25.9	3	3.1	269
15/05/2025	00:10:02	40.55948	141.53507	-10	0.0	2	4.4	273
15/05/2025	00:11:01	40.55912	141.53515	0	0.0	2	4.4	282
15/05/2025	00:12:01	40.55911	141.53523	10	0.0	2	4.4	220
15/05/2025	00:13:01	40.55931	141.53506	18	0.0	3	2.1	227
15/05/2025	00:14:01	40.55933	141.53496	22	0.0	2	4.4	254
15/05/2025	00:15:01	40.55934	141.53519	-2	0.0	2	4.4	258
15/05/2025	00:16:01	40.55934	141.53506	18	0.0	3	2.1	249
15/05/2025	00:17:02	40.55921	141.53528	-6	0.0	2	4.4	275
15/05/2025	00:18:01	40.55927	141.53525	32	0.0	3	2.1	284
15/05/2025	00:19:01	40.55933	141.53492	34	0.0	2	5.0	198
15/05/2025	00:20:01	40.55995	141.53453	34	0.0	2	8.3	146
15/05/2025	00:21:05	40.55927	141.53520	12	0.0	3	2.1	263
15/05/2025	00:22:01	40.55939	141.53493	40	0.0	2	4.4	258
15/05/2025	00:23:00	40.55935	141.53502	6	0.0	3	2.1	256
15/05/2025	00:24:00	40.55931	141.53516	26	0.0	3	2.2	251
15/05/2025	00:25:01	40.55923	141.53527	16	0.0	2	4.4	250
15/05/2025	00:26:01	40.55942	141.53503	4	0.0	3	2.1	278
15/05/2025	00:27:01	40.55884	141.53559	-14	0.0	2	7.0	250
15/05/2025	00:28:01	40.55915	141.53553	-24	0.0	2	4.4	225
15/05/2025	00:29:01	40.55896	141.53524	22	0.0	2	4.4	249
15/05/2025	00:30:01	40.55629	141.53558	22	37.0	3	4.2	275
15/05/2025	00:31:02	40.55168	141.54113	4	37.0	3	4.3	271
15/05/2025	00:32:02	40.54841	141.54653	18	44.4	3	5.4	280
15/05/2025	00:33:01	40.54398	141.55120	4	29.6	3	4.2	285
15/05/2025	00:34:01	40.54132	141.55435	-10	0.0	2	5.2	174
15/05/2025	00:35:02	40.54104	141.55473	-18	0.0	2	4.3	247
15/05/2025	00:36:01	40.54037	141.55564	-4	37.0	3	5.3	280
15/05/2025	00:37:05	40.53920	141.55780	-16	0.0	3	4.2	194
15/05/2025	00:38:04	40.53877	141.55828	-4	0.0	2	4.2	186
15/05/2025	00:39:36	40.53904	141.55800	16	0.0	3	3.3	135
15/05/2025	00:40:24	40.53911	141.55792	2	0.0	3	3.2	124
15/05/2025	00:41:19	40.53914	141.55779	-0	0.0	4	1.2	115
15/05/2025	00:42:26	40.53905	141.55799	14	0.0	3	3.1	126
15/05/2025	00:43:06	40.53917	141.55766	-2	0.0	3	3.1	109
15/05/2025	00:44:26	40.53911	141.55792	2	0.0	3	3.1	125
15/05/2025	00:45:06	40.53933	141.55763	-42	7.4	2	6.4	109
15/05/2025	00:46:18	40.53907	141.55800	2	0.0	4	1.2	130
15/05/2025	00:47:17	40.53921	141.55775	-16	3.7	4	1.2	122
15/05/2025	00:48:04	40.53946	141.55726	-68	3.7	2	7.0	115
15/05/2025	00:49:04	40.53917	141.55796	-8	18.5	2	6.4	101
15/05/2025	00:55:28	40.53907	141.55797	10	0.0	3	1.4	112
15/05/2025	00:56:05	40.53874	141.55815	76	3.7	2	6.1	117
15/05/2025	00:57:16	40.53902	141.55804	22	0.0	3	1.4	166
15/05/2025	00:58:04	40.53899	141.55790	8	0.0	2	5.3	124
15/05/2025	00:59:04	40.53911	141.55792	-8	0.0	2	5.3	124
15/05/2025	01:00:05	40.53904	141.55822	16	3.7	2	5.3	144
15/05/2025	01:01:05	40.53898	141.55827	10	3.7	2	5.2	144
15/05/2025	01:02:05	40.53914	141.55764	-26	0.0	2	5.2	139
15/05/2025	01:03:06	40.53896	141.55812	26	7.4	2	5.2	133
15/05/2025	01:04:07	40.53900	141.55817	24	7.4	2	5.2	128
15/05/2025	01:05:07	40.53914	141.55767	-18	7.4	2	5.1	125
15/05/2025	01:06:05	40.53884	141.55868	68	29.6	2	5.1	138
15/05/2025	01:07:22	40.53906	141.55788	10	0.0	3	2.3	142
15/05/2025	01:08:05	40.53891	141.55839	56	7.4	2	5.1	134
15/05/2025	01:09:09	40.53900	141.55825	28	0.0	2	5.1	138
15/05/2025	01:10:10	40.53902	141.55829	30	22.2	2	5.1	122
15/05/2025	01:11:35	40.53901	141.55789	24	0.0	5	1.1	173
15/05/2025	01:12:02	40.53905	141.55805	34	0.0	3	1.4	109
15/05/2025	01:13:02	40.53902	141.55796	8	0.0	3	1.4	113
15/05/2025	01:14:03	40.53902	141.55801	6	0.0	3	1.4	129
15/05/2025	01:15:02	40.53898	141.55800	56	0.0	2	3.4	131
15/05/2025	01:16:03	40.53909	141.55795	-2	0.0	3	1.4	152
15/05/2025	01:17:03	40.53897	141.55797	-38	0.0	3	1.4	124
15/05/2025	01:18:01	40.53912	141.55805	-6	0.0	2	1.4	80
15/05/2025	01:19:01	40.53896	141.55790	2	0.0	3	1.4	107
15/05/2025	01:20:02	40.53907	141.55807	56	0.0	3	1.4	106
15/05/2025	01:21:04	40.53910	141.55791	-2	0.0	3	1.4	106
15/05/2025	01:22:03	40.53903	141.55792	-8	0.0	3	1.4	127
15/05/2025	01:23:01	40.53898	141.55817	-58	0.0	2	3.2	81
15/05/2025	01:24:03	40.53902	141.55791	-46	0.0	3	1.3	153
15/05/2025	01:25:03	40.53910	141.55795	36	0.0	2	1.3	120
15/05/2025	01:26:03	40.53911	141.55792	-20	0.0	2	1.3	139
15/05/2025	01:27:02	40.53913	141.55815	38	0.0	2	1.3	118
15/05/2025	01:28:03	40.53906	141.55794	0	0.0	2	1.3	79
15/05/2025	01:29:02	40.53913	141.55811	-18	0.0	2	1.3	78
15/05/2025	01:30:03	40.53907	141.55801	-4	0.0	2	1.3	115
15/05/2025	01:31:02	40.53899	141.55799	0	0.0	2	1.3	100
15/05/2025	01:32:08	40.53905	141.55801	24	0.0	3	1.3	128
15/05/2025	01:33:04	40.53904	141.55813	4	0.0	3	1.3	118
15/05/2025	01:34:03	40.53905	141.55795	-8	0.0	2	1.3	120
15/05/2025	01:35:03	40.53908	141.55790	-12	0.0	2	1.3	118
15/05/2025	01:36:03	40.53903	141.55806	54	0.0	2	1.3	101
15/05/2025	01:37:02	40.53904	141.55800	18	0.0	2	1.3	121
15/05/2025	01:38:03	40.53917	141.55786	12	0.0	2	1.3	123
15/05/2025	01:39:02	40.53901	141.55793	44	0.0	2	1.3	142
15/05/2025	01:40:03	40.53911	141.55814	26	0.0	2	1.3	120
15/05/2025	01:41:03	40.53910	141.55801	-0	0.0	2	1.3	122
15/05/2025	01:42:03	40.53909	141.55785	-12	0.0	2	1.4	123
15/05/2025	01:43:03	40.53914	141.55795	18	0.0	2	1.4	119
15/05/2025	01:44:04	40.53910	141.55799	18	0.0	3	1.3	122
15/05/2025	01:45:05	40.53901	141.55791	-14	0.0	3	1.3	144
15/05/2025	01:46:05	40.53900	141.55797	-16	0.0	3	1.3	147
15/05/2025	01:47:04	40.53906	141.55826	78	0.0	3	1.3	151
15/05/2025	01:48:04	40.53906	141.55801	32	0.0	3	1.3	149
15/05/2025	01:49:04	40.53907	141.55812	22	0.0	3	1.3	149
15/05/2025	01:50:03	40.53920	141.55722	-110	0.0	2	12.1	153
15/05/2025	01:51:03	40.53899	141.55796	2	0.0	3	1.3	152
15/05/2025	01:52:04	40.53901	141.55791	8	0.0	3	1.3	152
15/05/2025	01:53:04	40.53911	141.55785	-24	0.0	3	1.3	153
15/05/2025	01:54:03	40.53915	141.55770	-58	0.0	2	9.0	152
15/05/2025	01:55:03	40.53909	141.55822	66	0.0	2	8.2	153
15/05/2025	01:56:04	40.53903	141.55781	-64	0.0	3	1.4	152
15/05/2025	01:57:04	40.53898	141.55801	-16	0.0	3	1.4	154
15/05/2025	01:58:04	40.53915	141.55794	-36	0.0	3	1.4	175
15/05/2025	01:59:04	40.53915	141.55778	-38	0.0	3	2.0	173
15/05/2025	02:00:04	40.53906	141.55784	-42	0.0	3	1.4	179
15/05/2025	02:01:04	40.53904	141.55796	6	0.0	4	1.3	181
15/05/2025	02:02:02	40.53902	141.55859	86	0.0	2	6.3	185
15/05/2025	02:03:03	40.53895	141.55795	2	0.0	2	6.2	188
15/05/2025	02:04:03	40.53912	141.55808	-12	0.0	3	2.0	184
15/05/2025	02:05:03	40.53916	141.55786	10	0.0	3	2.0	185
15/05/2025	02:06:02	40.53912	141.55797	-60	0.0	2	2.3	188
15/05/2025	02:07:02	40.53908	141.55784	-20	0.0	3	2.0	188
15/05/2025	02:08:02	40.53905	141.55811	30	0.0	2	5.2	188
15/05/2025	02:09:03	40.53897	141.55795	6	0.0	3	2.0	190
15/05/2025	02:10:02	40.53911	141.55778	-26	0.0	2	5.1	192
15/05/2025	02:11:03	40.53891	141.55885	390	0.0	1	6.1	174
15/05/2025	02:17:21	40.53907	141.55797	10	0.0	4	1.3	196
15/05/2025	02:18:03	40.53905	141.55795	14	0.0	2	4.2	179
15/05/2025	02:19:03	40.53899	141.55805	-52	0.0	1	4.2	165
15/05/2025	02:20:05	40.53911	141.55782	-8	0.0	3	2.0	177
15/05/2025	02:21:03	40.53918	141.55795	-42	0.0	2	4.2	185
15/05/2025	02:22:03	40.53905	141.55830	-40	3.7	1	4.3	177
15/05/2025	02:23:03	40.53910	141.55798	-10	0.0	2	4.1	185
15/05/2025	02:24:05	40.53900	141.55800	-30	7.4	2	3.4	167
15/05/2025	02:25:06	40.53908	141.55782	-10	0.0	3	2.0	147
15/05/2025	02:26:04	40.53903	141.55805	2	0.0	2	4.1	178
15/05/2025	02:27:05	40.53907	141.55801	-0	0.0	2	3.4	141
15/05/2025	02:28:08	40.53915	141.55790	48	0.0	3	2.0	148
15/05/2025	02:29:03	40.53890	141.55828	-108	0.0	1	4.0	173
15/05/2025	02:30:04	40.53894	141.55822	-150	0.0	1	4.0	170
15/05/2025	02:31:04	40.53910	141.55799	26	0.0	3	2.1	171
15/05/2025	02:32:04	40.53904	141.55805	-8	0.0	3	2.1	169
15/05/2025	02:33:04	40.53904	141.55789	6	0.0	3	2.1	192
15/05/2025	02:34:04	40.53903	141.55802	-18	0.0	2	4.0	188
15/05/2025	02:35:04	40.53909	141.55775	0	0.0	3	2.2	162
15/05/2025	02:36:05	40.53909	141.55801	8	0.0	3	2.2	145
15/05/2025	02:37:04	40.53889	141.55838	-76	3.7	1	4.0	178
15/05/2025	02:38:04	40.53890	141.55817	-82	0.0	1	4.0	147
15/05/2025	02:39:03	40.53924	141.55781	40	0.0	1	4.0	146
15/05/2025	02:40:04	40.53910	141.55799	-0	0.0	1	4.1	112
15/05/2025	02:41:04	40.53918	141.55782	58	3.7	1	4.1	167
15/05/2025	02:42:04	40.53913	141.55781	28	7.4	1	4.1	154
15/05/2025	02:43:05	40.53912	141.55787	20	3.7	1	4.1	167
15/05/2025	02:44:04	40.53885	141.55826	-44	0.0	1	4.2	133
15/05/2025	02:45:04	40.53912	141.55779	22	3.7	1	4.2	113
15/05/2025	02:46:04	40.53893	141.55823	2	11.1	1	4.2	149
15/05/2025	02:47:05	40.53856	141.55884	-118	11.1	1	4.2	165
15/05/2025	02:48:03	40.53907	141.55769	-20	0.0	1	4.3	109
15/05/2025	02:49:07	40.53907	141.55799	-16	14.8	1	4.3	109
15/05/2025	02:50:04	40.53909	141.55803	12	0.0	2	4.1	146
15/05/2025	02:51:04	40.53892	141.55815	20	0.0	2	4.2	129
15/05/2025	02:52:04	40.53872	141.55843	-88	0.0	2	4.2	146
15/05/2025	02:53:03	40.53914	141.55770	-12	3.7	1	4.4	106
15/05/2025	02:54:03	40.53891	141.55824	0	3.7	1	5.0	108
15/05/2025	02:55:05	40.53911	141.55788	-24	0.0	1	5.0	126
15/05/2025	02:56:04	40.53888	141.55809	-36	0.0	1	5.0	128
15/05/2025	02:57:05	40.53918	141.55780	-24	0.0	1	5.1	146
15/05/2025	02:58:04	40.53906	141.55793	32	0.0	1	5.1	149
15/05/2025	02:59:04	40.53929	141.55776	0	3.7	1	5.2	149
15/05/2025	03:00:05	40.53878	141.55838	-0	0.0	2	7.3	163
15/05/2025	03:01:20	40.53918	141.55791	16	0.0	3	3.1	161
15/05/2025	03:02:32	40.53921	141.55786	22	3.7	3	3.2	162
15/05/2025	03:03:06	40.53903	141.55793	18	3.7	3	3.2	159
15/05/2025	03:04:18	40.53907	141.55800	28	3.7	3	3.2	163
15/05/2025	03:05:10	40.53909	141.55799	6	0.0	3	3.2	160
15/05/2025	03:06:11	40.53920	141.55783	2	0.0	3	3.3	173
15/05/2025	03:07:12	40.53903	141.55800	8	0.0	3	3.3	184
15/05/2025	03:08:08	40.53897	141.55808	26	3.7	4	2.4	182
15/05/2025	03:09:04	40.53911	141.55783	14	3.7	3	7.3	166
15/05/2025	03:10:03	40.53842	141.55830	20	3.7	3	8.0	176
15/05/2025	03:11:09	40.53916	141.55789	0	3.7	3	8.2	162
15/05/2025	03:12:05	40.53947	141.55755	14	0.0	3	8.3	150
15/05/2025	03:13:35	40.53909	141.55797	6	0.0	3	3.2	134
15/05/2025	03:14:02	40.53891	141.55807	-28	0.0	3	3.3	133
15/05/2025	03:15:02	40.53928	141.55796	-12	0.0	3	3.3	135
15/05/2025	03:16:02	40.53906	141.55791	-28	0.0	3	3.4	149
15/05/2025	03:17:03	40.53922	141.55796	18	0.0	3	4.0	154
15/05/2025	03:18:02	40.53920	141.55802	2	0.0	3	4.1	150
15/05/2025	03:19:03	40.53904	141.55802	6	0.0	3	4.2	150
15/05/2025	03:20:04	40.53895	141.55826	10	0.0	3	4.3	191
15/05/2025	03:21:04	40.53935	141.55768	-24	0.0	3	4.4	173
15/05/2025	03:22:04	40.53905	141.55792	2	3.7	3	5.1	174
15/05/2025	03:23:04	40.53907	141.55805	6	7.4	3	5.2	192
15/05/2025	03:24:01	40.53893	141.55814	48	0.0	3	5.4	267
15/05/2025	03:25:03	40.53905	141.55808	10	0.0	3	6.1	235
15/05/2025	03:26:06	40.53911	141.55799	0	0.0	4	6.1	238
15/05/2025	03:27:04	40.53904	141.55805	22	0.0	4	6.3	257
15/05/2025	03:28:04	40.53944	141.55766	-34	0.0	3	7.4	239
15/05/2025	03:29:05	40.53964	141.55758	-84	0.0	3	8.3	250
15/05/2025	03:30:04	40.53941	141.55764	-16	3.7	3	9.2	209
15/05/2025	03:31:03	40.53966	141.55742	-72	0.0	3	10.2	208
15/05/2025	03:32:03	40.53871	141.55829	48	0.0	3	11.4	258
15/05/2025	03:33:03	40.53782	141.55928	154	0.0	3	13.3	213
15/05/2025	03:34:03	40.53853	141.55854	82	0.0	3	15.4	240
15/05/2025	03:35:04	40.53952	141.55747	-48	0.0	4	16.1	247
15/05/2025	03:36:04	40.53910	141.55795	0	0.0	4	19.3	216
15/05/2025	03:37:35	40.53906	141.55801	6	0.0	6	1.3	255
15/05/2025	03:38:02	40.53893	141.55806	-2	0.0	3	2.0	187
15/05/2025	03:39:01	40.53898	141.55813	12	0.0	3	2.0	186
15/05/2025	03:40:01	40.53905	141.55803	12	0.0	4	2.0	186
15/05/2025	03:41:00	40.53912	141.55821	14	3.7	4	2.1	156
15/05/2025	03:42:00	40.53910	141.55799	18	0.0	4	2.1	187
15/05/2025	03:43:00	40.53908	141.55802	-0	0.0	4	2.1	184
15/05/2025	03:44:01	40.53917	141.55788	24	0.0	4	2.1	187
15/05/2025	03:45:01	40.53902	141.55795	-14	3.7	4	2.0	194
15/05/2025	03:46:01	40.53934	141.55791	-6	0.0	4	2.1	182
15/05/2025	03:47:01	40.53904	141.55808	0	0.0	4	2.0	209
15/05/2025	03:48:01	40.53916	141.55796	18	0.0	3	7.2	177
15/05/2025	03:49:02	40.53889	141.55811	12	0.0	4	4.4	204
15/05/2025	03:50:01	40.53887	141.55822	22	0.0	3	6.4	142
15/05/2025	03:51:01	40.53914	141.55795	-6	0.0	3	4.4	141
15/05/2025	03:52:02	40.53891	141.55820	12	0.0	5	1.4	246
15/05/2025	03:53:02	40.53914	141.55796	0	0.0	5	1.4	247
15/05/2025	03:54:00	40.53903	141.55803	10	0.0	4	2.0	209
15/05/2025	03:55:02	40.53924	141.55788	-12	0.0	4	2.0	225
15/05/2025	03:56:00	40.53915	141.55803	40	0.0	4	2.0	206
15/05/2025	03:57:02	40.53907	141.55801	4	0.0	4	2.0	253
15/05/2025	03:58:01	40.53906	141.55805	34	0.0	3	2.2	238
15/05/2025	03:59:02	40.53946	141.55831	106	3.7	3	3.3	207
15/05/2025	04:00:02	40.53906	141.55803	6	0.0	5	2.0	247
15/05/2025	04:01:02	40.53899	141.55804	20	0.0	4	2.0	247
15/05/2025	04:02:02	40.53905	141.55817	28	0.0	3	3.3	247
15/05/2025	04:03:02	40.53915	141.55821	38	0.0	3	3.3	244
15/05/2025	04:04:01	40.53925	141.55760	10	0.0	3	2.2	233
15/05/2025	04:05:00	40.53932	141.55777	-12	0.0	3	2.2	209
15/05/2025	04:06:01	40.53910	141.55784	-10	0.0	4	2.1	212
15/05/2025	04:07:03	40.53895	141.55806	-0	0.0	4	2.1	232
15/05/2025	04:08:01	40.53909	141.55800	2	0.0	4	2.1	203
15/05/2025	04:09:01	40.53896	141.55812	-0	0.0	4	2.1	204
15/05/2025	04:10:01	40.53900	141.55805	16	0.0	3	2.2	234
15/05/2025	04:11:01	40.53893	141.55818	22	0.0	4	2.1	237
15/05/2025	04:12:01	40.53922	141.55800	12	0.0	4	2.1	236
15/05/2025	04:13:01	40.53910	141.55795	4	0.0	4	2.1	234
15/05/2025	04:14:01	40.53908	141.55803	14	0.0	3	2.2	257
15/05/2025	04:15:01	40.53906	141.55799	12	0.0	3	2.2	223
15/05/2025	04:16:02	40.53919	141.55796	0	0.0	4	2.1	231
15/05/2025	04:17:01	40.53902	141.55803	2	0.0	3	2.3	234
15/05/2025	04:18:02	40.53913	141.55799	-0	0.0	3	2.3	233
15/05/2025	04:19:01	40.53900	141.55798	2	0.0	4	2.0	201
15/05/2025	04:20:01	40.53922	141.55792	4	0.0	4	2.0	238
15/05/2025	04:21:01	40.53907	141.55809	22	0.0	4	2.0	232
15/05/2025	04:22:01	40.53901	141.55799	12	0.0	3	2.3	225
15/05/2025	04:23:00	40.53914	141.55809	48	3.7	3	2.3	237
15/05/2025	04:24:02	40.53910	141.55802	-4	0.0	3	2.3	239
15/05/2025	04:25:01	40.53905	141.55814	8	0.0	3	2.3	200
15/05/2025	04:26:04	40.53912	141.55799	4	0.0	3	2.3	217
15/05/2025	04:27:02	40.53907	141.55801	-4	0.0	3	4.1	227
15/05/2025	04:28:01	40.53892	141.55815	0	0.0	3	2.3	231
15/05/2025	04:29:01	40.53911	141.55794	6	0.0	3	2.3	203
15/05/2025	04:30:02	40.53895	141.55811	18	0.0	3	2.3	224
15/05/2025	04:31:01	40.53902	141.55807	-4	0.0	3	2.3	203
15/05/2025	04:32:01	40.53897	141.55795	-6	0.0	3	2.3	205
15/05/2025	04:33:02	40.53901	141.55806	4	0.0	3	2.3	223
15/05/2025	04:34:02	40.53913	141.55819	34	0.0	2	7.4	218
15/05/2025	04:35:02	40.53882	141.55768	-104	0.0	2	7.4	221
15/05/2025	04:36:02	40.53892	141.55771	-60	0.0	2	7.4	200
15/05/2025	04:37:01	40.53909	141.55830	48	0.0	3	5.1	202
15/05/2025	04:38:02	40.53929	141.55844	88	0.0	2	7.4	211
15/05/2025	04:39:04	40.53910	141.55871	90	0.0	3	5.2	195
15/05/2025	04:40:01	40.53892	141.55752	-50	0.0	3	5.2	197
15/05/2025	04:41:02	40.53903	141.55871	82	0.0	3	5.3	196
15/05/2025	04:42:02	40.53917	141.55849	50	0.0	3	5.4	194
15/05/2025	04:43:02	40.53909	141.55782	-12	0.0	3	5.4	192
15/05/2025	04:44:02	40.53908	141.55850	60	0.0	3	6.0	201
15/05/2025	04:45:02	40.53890	141.55786	-22	0.0	3	6.1	208
15/05/2025	04:46:02	40.53911	141.55821	26	0.0	3	6.1	204
15/05/2025	04:47:02	40.53909	141.55864	70	0.0	3	6.2	197
15/05/2025	04:48:02	40.53927	141.55891	144	0.0	2	8.0	227
15/05/2025	04:49:02	40.53903	141.55789	-24	0.0	3	6.4	221
15/05/2025	04:50:01	40.53887	141.55737	-56	0.0	2	8.3	182
15/05/2025	04:56:43	40.53910	141.55807	14	0.0	4	6.0	179
15/05/2025	04:57:03	40.53927	141.55870	102	0.0	4	6.3	178
15/05/2025	04:58:06	40.53902	141.55731	-98	0.0	3	7.2	172
15/05/2025	05:04:34	40.53906	141.55801	8	0.0	4	4.4	195
15/05/2025	05:05:02	40.53893	141.55771	-70	0.0	3	6.3	162
15/05/2025	05:06:02	40.53897	141.55751	-30	0.0	3	6.1	137
15/05/2025	05:07:04	40.53906	141.55829	128	0.0	3	5.4	139
15/05/2025	05:13:35	40.53905	141.55790	-20	0.0	4	2.4	171
15/05/2025	05:14:02	40.53924	141.55791	16	0.0	4	2.4	160
15/05/2025	05:15:15	40.53905	141.55798	2	0.0	4	2.4	155
15/05/2025	05:16:03	40.53903	141.55802	-4	0.0	3	5.0	156
15/05/2025	05:22:27	40.53906	141.55801	10	0.0	5	2.0	176
15/05/2025	05:23:02	40.53905	141.55774	-58	0.0	4	2.2	139
15/05/2025	05:24:04	40.53910	141.55795	-6	0.0	4	2.2	163
15/05/2025	05:25:03	40.53904	141.55788	-34	0.0	3	3.0	162
15/05/2025	05:26:03	40.53903	141.55796	-52	0.0	3	2.2	134
15/05/2025	05:27:03	40.53911	141.55798	8	0.0	4	2.2	181
15/05/2025	05:28:03	40.53912	141.55808	20	0.0	4	2.2	161
15/05/2025	05:29:03	40.53911	141.55807	30	0.0	4	2.2	155
15/05/2025	05:30:03	40.53910	141.55785	0	0.0	3	3.4	158
15/05/2025	05:31:03	40.53914	141.55786	-22	0.0	3	3.4	161
15/05/2025	05:32:01	40.53907	141.55771	4	0.0	3	2.4	124
15/05/2025	05:33:03	40.53901	141.55806	0	3.7	3	4.2	177
15/05/2025	05:34:05	40.53908	141.55791	6	0.0	4	2.2	160
15/05/2025	05:35:03	40.53915	141.55829	30	0.0	3	4.0	161
15/05/2025	05:41:17	40.53907	141.55801	2	0.0	5	2.0	163
15/05/2025	05:42:02	40.53909	141.55789	44	0.0	3	4.0	159
15/05/2025	05:43:02	40.53897	141.55809	4	0.0	3	4.0	156
15/05/2025	05:44:02	40.53901	141.55823	40	0.0	3	4.0	160
15/05/2025	05:45:03	40.53924	141.55773	-30	0.0	3	4.0	156
15/05/2025	05:46:03	40.53910	141.55808	-24	3.7	3	4.0	159
15/05/2025	05:47:03	40.53892	141.55812	22	0.0	3	4.1	156
15/05/2025	05:48:03	40.53902	141.55796	14	0.0	3	4.1	159
15/05/2025	05:49:04	40.53919	141.55786	24	0.0	4	2.3	159
15/05/2025	05:50:04	40.53910	141.55799	-32	0.0	3	4.1	157
15/05/2025	05:51:04	40.53922	141.55791	-12	0.0	3	4.1	155
15/05/2025	05:52:04	40.53890	141.55829	12	0.0	3	4.2	135
15/05/2025	05:53:05	40.53912	141.55805	-4	0.0	3	4.2	149
15/05/2025	05:54:09	40.53919	141.55784	-20	7.4	3	4.2	126
15/05/2025	05:55:04	40.53901	141.55816	0	3.7	3	4.2	133
15/05/2025	05:56:05	40.53903	141.55811	-6	3.7	3	4.2	130
15/05/2025	05:57:04	40.53912	141.55805	20	0.0	3	3.0	162
15/05/2025	05:58:05	40.53921	141.55768	-4	0.0	3	4.3	132
15/05/2025	05:59:05	40.53909	141.55818	-14	0.0	3	4.3	131
15/05/2025	06:00:04	40.53909	141.55766	24	3.7	3	4.3	133
15/05/2025	06:01:05	40.53926	141.55783	-30	3.7	3	4.4	134
15/05/2025	06:02:07	40.53919	141.55788	-8	3.7	3	4.4	135
15/05/2025	06:03:04	40.53907	141.55802	-10	0.0	3	4.4	138
15/05/2025	06:04:03	40.53915	141.55806	-22	0.0	3	4.4	139
15/05/2025	06:05:03	40.53911	141.55793	-8	0.0	3	4.4	138
15/05/2025	06:06:04	40.53893	141.55821	34	11.1	3	5.0	153
15/05/2025	06:07:04	40.53901	141.55816	0	3.7	3	3.3	153
15/05/2025	06:08:04	40.53913	141.55798	-28	3.7	3	3.3	154
15/05/2025	06:09:04	40.53897	141.55831	10	0.0	3	3.4	156
15/05/2025	06:10:04	40.53895	141.55815	34	3.7	4	3.3	154
15/05/2025	06:11:04	40.53910	141.55799	-0	3.7	3	3.4	156
15/05/2025	06:12:04	40.53920	141.55778	-8	3.7	3	4.0	156
15/05/2025	06:13:04	40.53915	141.55764	10	0.0	4	3.4	157
15/05/2025	06:14:04	40.53910	141.55797	6	0.0	3	4.1	157
15/05/2025	06:15:04	40.53908	141.55814	-4	3.7	4	4.0	160
15/05/2025	06:16:03	40.53919	141.55771	-14	0.0	4	4.0	164
15/05/2025	06:17:03	40.53980	141.55737	-138	0.0	3	7.4	162
15/05/2025	06:18:05	40.53909	141.55778	12	0.0	4	4.1	182
15/05/2025	06:19:03	40.53920	141.55762	-6	0.0	3	5.3	166
15/05/2025	06:20:02	40.53895	141.55818	-8	0.0	3	4.4	196
15/05/2025	06:21:02	40.53947	141.55735	-52	0.0	3	10.1	144
15/05/2025	06:22:04	40.53896	141.55822	32	0.0	3	11.1	161
15/05/2025	06:23:04	40.53925	141.55773	-28	0.0	3	12.1	162
15/05/2025	06:24:03	40.53849	141.55904	106	0.0	3	13.2	138
15/05/2025	06:25:04	40.53907	141.55792	12	3.7	3	14.4	149
15/05/2025	06:26:05	40.53861	141.55864	94	0.0	3	16.4	177
15/05/2025	06:27:03	40.53924	141.55759	-20	0.0	4	5.1	187
15/05/2025	06:28:06	40.53897	141.55817	34	0.0	4	5.1	187
15/05/2025	06:29:07	40.53903	141.55815	14	0.0	4	5.2	200
15/05/2025	06:30:11	40.53916	141.55789	-6	0.0	4	5.2	235
15/05/2025	06:31:32	40.53892	141.55826	32	0.0	4	5.3	176
15/05/2025	06:32:33	40.53899	141.55816	20	0.0	4	5.3	195
15/05/2025	06:39:08	40.53906	141.55802	14	0.0	4	4.3	208
15/05/2025	06:40:04	40.53945	141.55714	-34	0.0	3	19.0	190
15/05/2025	06:41:03	40.53893	141.55834	30	0.0	3	16.3	189
15/05/2025	06:42:02	40.53923	141.55780	-0	3.7	3	14.4	169
15/05/2025	06:43:03	40.53894	141.55826	30	0.0	3	13.1	166
15/05/2025	06:44:02	40.53902	141.55820	20	0.0	3	12.0	185
15/05/2025	06:45:02	40.53905	141.55790	20	0.0	3	11.0	209
15/05/2025	06:46:03	40.53896	141.55805	24	0.0	2	10.3	185
15/05/2025	06:47:03	40.53962	141.55726	-56	0.0	3	9.2	188
15/05/2025	06:48:03	40.53930	141.55743	20	0.0	2	9.1	186
15/05/2025	06:49:03	40.53901	141.55795	18	0.0	2	8.3	160
15/05/2025	06:50:02	40.53895	141.55844	-6	0.0	2	8.1	134
15/05/2025	06:51:03	40.53934	141.55743	-0	0.0	2	7.4	159
15/05/2025	06:52:03	40.53918	141.55781	-16	0.0	2	7.2	159
15/05/2025	06:53:03	40.53936	141.55763	-8	0.0	2	7.0	187
15/05/2025	06:54:03	40.53891	141.55834	24	0.0	2	6.3	182
15/05/2025	06:55:02	40.53918	141.55811	-20	0.0	2	6.2	182
15/05/2025	06:56:02	40.53905	141.55819	2	0.0	2	6.1	184
15/05/2025	06:57:03	40.53923	141.55770	-16	0.0	2	5.4	186
15/05/2025	06:58:02	40.53922	141.55770	-4	0.0	2	5.3	189
15/05/2025	06:59:02	40.53925	141.55753	-0	0.0	2	5.2	161
15/05/2025	07:00:04	40.53922	141.55770	-0	0.0	2	5.1	185
15/05/2025	07:01:02	40.53909	141.55802	18	0.0	2	5.1	179
15/05/2025	07:02:03	40.53908	141.55785	2	0.0	2	5.0	187
15/05/2025	07:03:02	40.53904	141.55811	24	0.0	2	4.4	165
15/05/2025	07:04:03	40.53910	141.55779	22	0.0	2	4.3	185
15/05/2025	07:05:03	40.53922	141.55773	2	0.0	2	4.3	185
15/05/2025	07:06:03	40.53923	141.55774	8	0.0	2	4.2	183
15/05/2025	07:07:08	40.53925	141.55777	-0	3.7	2	4.2	187
15/05/2025	07:08:04	40.53903	141.55812	8	0.0	2	4.1	170
15/05/2025	07:09:08	40.53911	141.55795	0	0.0	2	4.1	185
15/05/2025	07:10:06	40.53911	141.55805	6	0.0	2	4.0	190
15/05/2025	07:11:06	40.53924	141.55796	-6	3.7	2	4.0	167
15/05/2025	07:12:03	40.53908	141.55791	2	0.0	2	3.4	158
15/05/2025	07:13:03	40.53908	141.55806	10	0.0	2	3.4	177
15/05/2025	07:14:04	40.53902	141.55803	10	0.0	2	3.4	146
15/05/2025	07:15:04	40.53890	141.55806	30	0.0	2	3.3	169
15/05/2025	07:16:06	40.53908	141.55806	12	0.0	2	3.3	160
15/05/2025	07:17:15	40.53920	141.55787	-0	0.0	2	3.2	174
15/05/2025	07:18:06	40.53912	141.55787	10	0.0	2	3.2	157
15/05/2025	07:19:05	40.53920	141.55799	8	7.4	2	3.2	141
15/05/2025	07:20:15	40.53925	141.55787	-10	11.1	2	3.2	134
15/05/2025	07:27:15	40.53912	141.55797	10	0.0	2	2.4	155
15/05/2025	07:28:06	40.53901	141.55795	10	0.0	2	2.4	133
15/05/2025	07:29:28	40.53915	141.55798	4	0.0	2	2.4	177
15/05/2025	07:30:04	40.53921	141.55795	12	0.0	2	2.4	148
15/05/2025	07:31:10	40.53904	141.55804	10	0.0	2	2.4	158
15/05/2025	07:37:50	40.53910	141.55804	12	0.0	3	1.3	165
15/05/2025	07:38:02	40.53909	141.55799	10	0.0	1	3.4	124
15/05/2025	07:39:05	40.53943	141.55856	130	0.0	1	10.0	104
15/05/2025	07:40:38	40.53908	141.55806	18	0.0	3	2.4	168
15/05/2025	07:41:02	40.53870	141.55739	-46	0.0	2	5.1	124
15/05/2025	07:42:02	40.53919	141.55796	-8	0.0	2	5.2	150
15/05/2025	07:43:03	40.53915	141.55807	4	0.0	2	5.3	128
15/05/2025	07:44:03	40.53918	141.55806	12	0.0	2	5.4	170
15/05/2025	07:45:01	40.53914	141.55843	76	3.7	2	6.0	81
15/05/2025	07:46:02	40.53875	141.55734	-78	0.0	2	6.1	148
15/05/2025	07:47:04	40.53925	141.55809	14	0.0	2	6.3	147
15/05/2025	07:48:04	40.53891	141.55767	-16	0.0	2	7.0	125
15/05/2025	07:49:04	40.53893	141.55801	24	0.0	2	7.2	124
15/05/2025	07:50:05	40.53915	141.55800	8	3.7	2	8.0	124
15/05/2025	07:51:07	40.53914	141.55808	30	3.7	2	8.3	138
15/05/2025	07:52:06	40.53903	141.55815	36	0.0	2	9.2	121
15/05/2025	07:53:40	40.53908	141.55799	4	0.0	4	4.0	195
15/05/2025	07:54:03	40.53907	141.55766	-32	0.0	2	4.4	121
15/05/2025	07:55:04	40.53920	141.55775	-38	0.0	2	5.0	199
15/05/2025	07:56:01	40.53917	141.55828	68	0.0	4	4.2	237
15/05/2025	07:57:02	40.53901	141.55804	-0	0.0	3	4.3	219
15/05/2025	07:58:01	40.53911	141.55796	6	0.0	4	4.3	237
15/05/2025	07:59:01	40.53903	141.55800	10	0.0	3	5.0	233
15/05/2025	08:00:01	40.53892	141.55790	16	0.0	3	5.0	233
15/05/2025	08:01:02	40.53899	141.55800	-0	0.0	3	5.0	225
15/05/2025	08:02:01	40.53916	141.55807	16	0.0	3	5.0	211
15/05/2025	08:03:01	40.53911	141.55827	30	0.0	4	4.4	197
15/05/2025	08:04:01	40.53906	141.55800	-26	0.0	2	5.2	237
15/05/2025	08:05:01	40.53903	141.55801	18	0.0	3	5.0	268
15/05/2025	08:06:01	40.53891	141.55793	-20	0.0	2	5.1	239
15/05/2025	08:07:01	40.53871	141.55873	16	0.0	3	4.4	243
15/05/2025	08:08:02	40.53864	141.55472	-48	29.6	3	4.4	268
15/05/2025	08:09:03	40.53931	141.54891	34	29.6	4	4.1	281
15/05/2025	08:10:02	40.54067	141.54319	6	25.9	4	4.0	300
15/05/2025	08:11:01	40.54227	141.53904	144	29.6	2	5.3	208
15/05/2025	08:12:02	40.54469	141.53465	-4	25.9	3	4.3	299
15/05/2025	08:13:01	40.54595	141.52930	22	33.3	4	3.4	271
15/05/2025	08:14:01	40.54725	141.52237	8	33.3	2	5.4	295
15/05/2025	08:15:01	40.54679	141.51685	0	0.0	4	3.2	297
15/05/2025	08:16:01	40.54706	141.51583	34	0.0	3	4.1	259
15/05/2025	08:17:01	40.54495	141.51230	40	25.9	2	5.3	296
15/05/2025	08:18:02	40.54480	141.51189	22	3.7	3	4.0	298
15/05/2025	08:19:01	40.54484	141.51248	124	0.0	2	7.0	227
15/05/2025	08:20:03	40.54494	141.51196	-22	11.1	3	3.4	296
15/05/2025	08:21:01	40.54721	141.51229	-12	25.9	4	3.0	265
15/05/2025	08:22:02	40.54972	141.51201	18	0.0	4	2.4	223
15/05/2025	08:23:02	40.54983	141.51211	18	0.0	4	3.4	245
15/05/2025	08:24:01	40.54972	141.51192	2	0.0	4	2.4	293
15/05/2025	08:25:01	40.54969	141.51190	-32	0.0	4	2.3	264
15/05/2025	08:26:01	40.54978	141.51193	12	0.0	4	2.3	270
15/05/2025	08:27:02	40.54972	141.51219	32	0.0	4	2.3	286
15/05/2025	08:28:01	40.54973	141.51210	30	0.0	3	3.3	289
15/05/2025	08:29:02	40.54962	141.51229	40	0.0	3	3.3	299
15/05/2025	08:30:01	40.54973	141.51229	32	0.0	4	2.2	302
15/05/2025	08:31:00	40.54985	141.51204	-0	0.0	4	2.2	292
15/05/2025	08:32:01	40.54961	141.51217	42	0.0	3	3.3	292
15/05/2025	08:33:02	40.54984	141.51192	-16	0.0	3	3.3	276
15/05/2025	08:34:01	40.54965	141.51208	20	0.0	3	3.3	288
15/05/2025	08:35:01	40.54969	141.51228	-6	0.0	2	6.0	262
15/05/2025	08:36:01	40.54963	141.51223	36	0.0	3	3.4	267
15/05/2025	08:37:01	40.54967	141.51218	28	0.0	4	2.1	265
15/05/2025	08:38:01	40.54977	141.51207	28	0.0	3	3.3	283
15/05/2025	08:39:02	40.54972	141.51178	-30	0.0	4	2.1	298
15/05/2025	08:40:04	40.54973	141.51198	4	0.0	4	2.1	272
15/05/2025	08:41:02	40.54983	141.51171	-66	0.0	3	3.3	282
15/05/2025	08:42:03	40.54980	141.51206	8	0.0	3	3.4	235
15/05/2025	08:43:02	40.54976	141.51190	-8	0.0	3	3.3	297
15/05/2025	08:44:02	40.54970	141.51184	-30	0.0	3	3.4	299
15/05/2025	08:45:02	40.54962	141.51211	32	0.0	3	3.4	279
15/05/2025	08:46:01	40.54976	141.51212	12	0.0	3	3.4	268
15/05/2025	08:47:02	40.54977	141.51210	14	0.0	3	3.4	293
15/05/2025	08:48:03	40.54987	141.51189	-22	0.0	3	3.4	280
15/05/2025	08:49:03	40.54980	141.51196	-24	0.0	3	3.4	289
15/05/2025	08:50:02	40.54974	141.51187	-16	0.0	3	3.4	292
15/05/2025	08:51:01	40.54998	141.51140	-86	0.0	3	4.0	268
15/05/2025	08:52:01	40.54950	141.51226	56	0.0	3	4.0	273
15/05/2025	08:53:01	40.54995	141.51200	-46	0.0	3	4.0	265
15/05/2025	08:54:02	40.54989	141.51187	-20	0.0	3	4.0	255
15/05/2025	08:55:01	40.54956	141.51204	4	0.0	3	4.0	257
15/05/2025	08:56:02	40.54991	141.51180	-10	0.0	3	4.0	268
15/05/2025	08:57:02	40.55324	141.51078	-4	33.3	3	4.1	266
15/05/2025	08:58:01	40.55638	141.51369	88	29.6	2	4.3	298
15/05/2025	08:59:02	40.55689	141.51454	-6	0.0	1	9.3	256
15/05/2025	09:00:03	40.55675	141.51489	22	14.8	3	5.3	239
15/05/2025	09:01:01	40.55680	141.51464	6	0.0	3	5.4	263
15/05/2025	09:02:02	40.55694	141.51458	-12	0.0	3	5.4	283
15/05/2025	09:03:02	40.55671	141.51483	18	0.0	3	6.0	260
15/05/2025	09:04:03	40.55676	141.51449	-0	0.0	3	6.1	289
15/05/2025	09:05:02	40.55684	141.51465	0	0.0	3	6.2	286
15/05/2025	09:06:02	40.55665	141.51510	32	0.0	3	6.3	291
15/05/2025	09:07:01	40.55664	141.51502	30	0.0	3	7.0	237
15/05/2025	09:08:03	40.55683	141.51486	4	0.0	3	7.1	292
15/05/2025	09:09:01	40.55727	141.51434	56	25.9	3	7.3	297
15/05/2025	09:10:02	40.55915	141.51717	32	25.9	3	7.4	293
15/05/2025	09:11:04	40.55964	141.51770	-12	25.9	3	8.1	264
15/05/2025	09:12:03	40.56156	141.52094	-10	25.9	2	4.3	292
15/05/2025	09:13:03	40.56265	141.52474	50	37.0	3	9.0	299
15/05/2025	09:14:02	40.56534	141.52482	0	33.3	3	9.3	300
15/05/2025	09:15:01	40.56375	141.52359	42	22.2	3	10.1	239
15/05/2025	09:16:04	40.56376	141.52217	-80	40.7	3	10.4	291
15/05/2025	09:17:02	40.56418	141.52617	-16	37.0	3	11.3	303
15/05/2025	09:18:04	40.56181	141.52832	-0	40.7	3	12.2	293
15/05/2025	09:19:04	40.56423	141.53151	76	29.6	3	13.2	294
15/05/2025	09:20:04	40.56607	141.52859	24	7.4	3	14.2	281
15/05/2025	09:21:36	40.56619	141.52836	8	0.0	5	2.0	279
15/05/2025	09:22:01	40.56625	141.52836	0	0.0	3	2.2	261
15/05/2025	09:23:01	40.56618	141.52840	-20	0.0	4	2.0	229
15/05/2025	09:24:02	40.56809	141.52654	14	33.3	4	2.0	275
15/05/2025	09:25:01	40.56562	141.52500	-0	37.0	4	2.0	257
15/05/2025	09:26:01	40.56233	141.51995	14	33.3	3	2.2	223
15/05/2025	09:27:01	40.56034	141.51818	-10	29.6	4	2.0	272
15/05/2025	09:28:02	40.56074	141.51262	2	29.6	5	2.0	285
15/05/2025	09:29:01	40.56232	141.50909	16	14.8	3	2.2	281
15/05/2025	09:30:03	40.56215	141.50919	-2	0.0	4	2.0	269
15/05/2025	09:31:02	40.56223	141.50929	12	0.0	4	2.0	222
15/05/2025	09:32:02	40.55967	141.50978	14	37.0	3	3.3	284
15/05/2025	09:33:02	40.55789	141.50980	18	0.0	3	3.3	288
15/05/2025	09:34:02	40.55776	141.50977	14	0.0	2	2.3	255
15/05/2025	09:35:17	40.55793	141.50974	8	0.0	4	2.0	243
15/05/2025	09:36:07	40.55801	141.50970	8	0.0	3	2.2	222
15/05/2025	09:37:01	40.55793	141.50970	10	0.0	2	2.3	206
15/05/2025	09:38:04	40.55797	141.50978	4	0.0	3	2.2	263
15/05/2025	09:39:01	40.55782	141.50995	2	0.0	3	3.1	281
15/05/2025	09:40:03	40.55785	141.50999	8	0.0	3	2.2	274
15/05/2025	09:41:03	40.55780	141.50992	2	0.0	3	2.2	253
15/05/2025	09:42:02	40.55784	141.50989	6	0.0	2	2.3	285
15/05/2025	09:43:04	40.55791	141.50987	-26	0.0	3	3.0	264
15/05/2025	09:44:04	40.55807	141.50996	-22	0.0	3	3.0	241
15/05/2025	09:45:01	40.55788	141.50985	-4	0.0	4	2.0	244
15/05/2025	09:46:03	40.55787	141.51002	4	0.0	4	2.0	278
15/05/2025	09:47:04	40.55782	141.50996	24	3.7	3	3.0	271
15/05/2025	09:48:04	40.55770	141.51006	40	0.0	3	2.4	270
15/05/2025	09:49:01	40.55784	141.50994	42	0.0	2	2.3	227
15/05/2025	09:50:06	40.55786	141.51000	8	0.0	3	2.4	264
15/05/2025	09:51:03	40.55793	141.50993	0	0.0	3	2.4	274
15/05/2025	09:52:01	40.55798	141.50994	-8	0.0	3	2.2	244
15/05/2025	09:53:02	40.55790	141.51003	6	0.0	4	2.0	278
15/05/2025	09:54:02	40.55790	141.50989	2	0.0	4	2.0	275
15/05/2025	09:55:00	40.55780	141.51002	8	0.0	4	2.0	286
15/05/2025	09:56:01	40.55780	141.51010	16	0.0	4	2.0	287
15/05/2025	09:57:01	40.55794	141.50982	24	0.0	4	2.0	258
15/05/2025	09:58:01	40.55789	141.51000	4	0.0	4	2.0	281
15/05/2025	09:59:00	40.55782	141.50981	6	0.0	4	2.0	262
15/05/2025	10:00:01	40.55779	141.51000	10	0.0	2	2.2	285
15/05/2025	10:01:35	40.55792	141.50990	8	0.0	6	1.1	265
15/05/2025	10:02:01	40.55797	141.51005	12	0.0	5	2.2	278
15/05/2025	10:03:01	40.55792	141.50990	16	0.0	6	1.1	281
15/05/2025	10:04:02	40.55793	141.50984	2	0.0	6	1.1	284
15/05/2025	10:05:02	40.55784	141.50982	2	0.0	5	2.3	279
15/05/2025	10:06:01	40.55803	141.50982	-12	0.0	6	1.1	281
15/05/2025	10:07:01	40.55796	141.50990	-0	0.0	5	2.0	275
15/05/2025	10:08:02	40.55795	141.50992	16	0.0	6	1.1	274
15/05/2025	10:09:01	40.55796	141.50979	2	0.0	6	1.1	280
15/05/2025	10:10:01	40.55788	141.50987	2	0.0	5	1.4	279
15/05/2025	10:11:01	40.55790	141.50973	8	0.0	4	2.3	285
15/05/2025	10:12:00	40.55803	141.50988	0	0.0	4	2.2	296
15/05/2025	10:13:00	40.55796	141.50988	-4	0.0	4	2.2	291
15/05/2025	10:14:01	40.55791	141.50981	10	0.0	4	2.2	279
15/05/2025	10:15:01	40.55782	141.50992	22	0.0	5	1.4	280
15/05/2025	10:16:01	40.55795	141.50982	0	0.0	5	1.4	282
15/05/2025	10:17:00	40.55795	141.50994	10	0.0	4	2.2	266
15/05/2025	10:18:01	40.55797	141.50991	6	0.0	5	1.4	284
15/05/2025	10:19:02	40.55592	141.50957	34	0.0	3	4.0	262
15/05/2025	10:20:01	40.55585	141.50993	66	0.0	2	6.2	246
15/05/2025	10:21:03	40.55590	141.51003	-16	0.0	3	4.0	264
15/05/2025	10:22:02	40.55575	141.51004	18	0.0	3	3.4	263
15/05/2025	10:23:02	40.55554	141.51039	36	0.0	3	3.4	260
15/05/2025	10:24:02	40.55559	141.51052	4	0.0	3	3.4	263
15/05/2025	10:25:02	40.55548	141.51075	6	0.0	3	3.3	271
15/05/2025	10:26:02	40.55544	141.51073	20	0.0	3	3.3	293
15/05/2025	10:27:02	40.55520	141.51086	-20	0.0	4	4.0	267
15/05/2025	10:28:02	40.55537	141.51112	4	0.0	5	1.3	275
15/05/2025	10:29:02	40.55528	141.51092	-10	0.0	4	4.0	269
15/05/2025	10:30:02	40.55531	141.51098	-22	0.0	4	4.0	265
15/05/2025	10:31:02	40.55532	141.51110	-8	0.0	4	4.0	270
15/05/2025	10:32:02	40.55542	141.51127	22	0.0	4	4.0	269
15/05/2025	10:33:02	40.55544	141.51139	12	0.0	4	4.0	266
15/05/2025	10:34:02	40.55541	141.51125	10	0.0	4	4.0	270
15/05/2025	10:35:02	40.55541	141.51136	6	3.7	2	5.2	268
15/05/2025	10:36:02	40.55549	141.51122	-4	0.0	4	4.0	250
15/05/2025	10:37:02	40.55545	141.51143	2	0.0	5	1.3	277
15/05/2025	10:38:02	40.55544	141.51144	2	0.0	4	4.0	291
15/05/2025	10:39:01	40.55540	141.51152	6	0.0	5	1.3	226
15/05/2025	10:40:01	40.55556	141.51167	-8	0.0	4	2.0	228
15/05/2025	10:41:01	40.55546	141.51164	2	0.0	4	2.0	247
15/05/2025	10:42:01	40.55561	141.51248	62	0.0	3	4.1	221
15/05/2025	10:43:02	40.55553	141.51269	72	0.0	4	3.4	272
15/05/2025	10:44:01	40.55555	141.51221	28	0.0	4	3.4	278
15/05/2025	10:45:01	40.55523	141.51219	42	0.0	3	3.0	222
15/05/2025	10:46:02	40.55456	141.51556	16	40.7	4	2.0	280
15/05/2025	10:47:02	40.55497	141.51651	18	0.0	4	3.3	286
15/05/2025	10:48:01	40.55507	141.51648	18	0.0	3	3.1	253
15/05/2025	10:49:01	40.55503	141.51654	-26	0.0	3	3.0	251
15/05/2025	10:50:01	40.55511	141.51651	-6	0.0	5	1.2	254
15/05/2025	10:51:02	40.55510	141.51681	18	0.0	5	1.2	278
15/05/2025	10:52:01	40.55522	141.51672	4	0.0	3	2.4	283
15/05/2025	10:53:02	40.55524	141.51676	-2	0.0	5	1.2	286
15/05/2025	10:54:02	40.55530	141.51714	32	0.0	5	1.2	280
15/05/2025	10:55:01	40.55525	141.51695	16	0.0	5	1.2	290
15/05/2025	10:56:02	40.55519	141.51689	6	0.0	5	1.2	273
15/05/2025	10:57:02	40.55506	141.51706	10	0.0	4	2.0	276
15/05/2025	10:58:01	40.55508	141.51703	14	0.0	4	2.0	280
15/05/2025	10:59:02	40.55515	141.51682	0	0.0	4	3.0	282
15/05/2025	11:00:02	40.55517	141.51720	18	0.0	4	3.0	286
15/05/2025	11:01:01	40.55513	141.51731	-10	0.0	3	2.2	252
15/05/2025	11:02:01	40.55495	141.51729	2	0.0	3	2.2	247
15/05/2025	11:03:02	40.55483	141.51756	6	0.0	3	2.2	249
15/05/2025	11:04:01	40.55478	141.51750	-4	0.0	3	2.2	204
15/05/2025	11:05:01	40.55465	141.51775	8	0.0	3	2.2	205
15/05/2025	11:06:01	40.55425	141.51762	36	0.0	2	2.4	264
15/05/2025	11:07:02	40.55426	141.51759	28	0.0	3	2.2	248
15/05/2025	11:08:02	40.55422	141.51786	10	0.0	3	2.2	266
15/05/2025	11:09:01	40.55402	141.51805	22	0.0	3	2.2	255
15/05/2025	11:10:01	40.55420	141.51809	-58	0.0	2	2.3	223
15/05/2025	11:11:01	40.55381	141.51827	24	0.0	3	2.2	199
15/05/2025	11:12:01	40.55382	141.51844	-6	0.0	2	2.3	225
15/05/2025	11:13:01	40.55414	141.51842	-32	3.7	2	7.3	201
15/05/2025	11:14:03	40.55373	141.51872	-12	0.0	2	2.3	223
15/05/2025	11:15:02	40.55355	141.51893	48	0.0	2	2.3	253
15/05/2025	11:16:02	40.55384	141.51889	-38	0.0	2	7.1	223
15/05/2025	11:17:02	40.55330	141.51907	26	0.0	3	2.2	248
15/05/2025	11:18:02	40.55318	141.51921	22	0.0	2	2.2	220
15/05/2025	11:19:02	40.55325	141.51930	-8	0.0	3	2.2	247
15/05/2025	11:20:03	40.55331	141.51926	0	0.0	3	2.2	271
15/05/2025	11:21:02	40.55340	141.51934	-40	0.0	2	2.2	247
15/05/2025	11:22:01	40.55331	141.51938	-0	0.0	2	2.2	229
15/05/2025	11:23:01	40.55297	141.51966	54	0.0	3	2.2	250
15/05/2025	11:24:02	40.55311	141.51948	24	0.0	3	2.2	251
15/05/2025	11:25:01	40.55309	141.51953	24	0.0	1	3.2	265
15/05/2025	11:26:03	40.55320	141.51977	-18	0.0	2	2.2	267
15/05/2025	11:27:01	40.55333	141.51991	-16	0.0	1	3.2	225
15/05/2025	11:28:03	40.55305	141.51978	6	0.0	3	2.2	274
15/05/2025	11:29:02	40.55204	141.51998	16	29.6	4	2.0	283
15/05/2025	11:30:01	40.54874	141.51996	-10	0.0	3	2.2	259
15/05/2025	11:31:02	40.54877	141.52066	6	0.0	3	2.1	282
15/05/2025	11:32:01	40.54894	141.52069	-2	0.0	3	2.1	220
15/05/2025	11:33:01	40.54905	141.52087	-18	0.0	3	2.2	273
15/05/2025	11:34:02	40.54922	141.52134	8	11.1	4	2.0	279
15/05/2025	11:35:01	40.54707	141.52696	28	33.3	3	2.2	285
15/05/2025	11:36:01	40.54467	141.53273	60	33.3	4	2.0	261
15/05/2025	11:37:01	40.54038	141.53605	14	29.6	3	2.2	281
15/05/2025	11:38:01	40.53655	141.53821	6	22.2	3	2.1	286
15/05/2025	11:39:01	40.53734	141.54515	78	40.7	3	2.1	285
15/05/2025	11:40:03	40.53922	141.54873	46	0.0	3	2.1	253
15/05/2025	11:41:01	40.53921	141.54859	8	0.0	4	2.0	230
15/05/2025	11:42:01	40.53923	141.54842	-18	0.0	4	2.0	259
15/05/2025	11:43:01	40.53920	141.54856	8	0.0	3	2.1	258
15/05/2025	11:44:02	40.53909	141.54878	12	0.0	4	2.1	249
15/05/2025	11:45:01	40.53910	141.54853	-12	0.0	3	2.2	138
15/05/2025	11:46:00	40.53914	141.54877	26	0.0	4	2.1	238
15/05/2025	11:47:00	40.53913	141.54846	-22	0.0	3	2.2	181
15/05/2025	11:48:01	40.53897	141.54873	-30	0.0	3	2.2	206
15/05/2025	11:49:01	40.53906	141.54853	-28	0.0	3	2.2	237
15/05/2025	11:50:01	40.53906	141.54861	4	0.0	3	2.3	204
15/05/2025	11:51:01	40.53920	141.54875	56	0.0	3	2.3	227
15/05/2025	11:52:01	40.53906	141.54842	-20	0.0	3	2.2	206
15/05/2025	11:53:01	40.53915	141.54873	32	0.0	3	2.3	265
15/05/2025	11:54:02	40.53920	141.54839	-34	0.0	3	2.3	248
15/05/2025	11:55:01	40.53917	141.54879	36	0.0	3	2.3	229
15/05/2025	11:56:01	40.53911	141.54891	48	0.0	4	2.1	229
15/05/2025	11:57:02	40.53914	141.54855	6	0.0	3	2.3	247
15/05/2025	11:58:02	40.53937	141.54879	46	0.0	2	3.4	250
15/05/2025	11:59:04	40.53916	141.54834	-38	0.0	2	4.3	240
15/05/2025	12:00:02	40.53929	141.54840	-36	0.0	2	2.0	245
15/05/2025	12:01:04	40.53913	141.54841	-26	3.7	3	2.3	242
15/05/2025	12:02:04	40.53924	141.54852	-6	0.0	3	2.3	243
15/05/2025	12:03:01	40.53914	141.54867	2	0.0	3	2.3	231
15/05/2025	12:04:03	40.53921	141.54846	-6	0.0	3	2.3	234
15/05/2025	12:05:01	40.53919	141.54877	34	0.0	3	2.4	228
15/05/2025	12:06:02	40.53904	141.54870	36	0.0	2	2.0	252
15/05/2025	12:07:03	40.53917	141.54870	36	0.0	2	2.0	252
15/05/2025	12:08:03	40.53912	141.54867	36	0.0	2	2.0	248
15/05/2025	12:09:04	40.53905	141.54868	38	0.0	2	2.0	242
15/05/2025	12:10:02	40.53916	141.54882	40	0.0	2	2.0	255
15/05/2025	12:11:02	40.53920	141.54849	-16	0.0	3	2.4	261
15/05/2025	12:12:02	40.53914	141.54864	34	0.0	3	2.4	262
15/05/2025	12:13:02	40.53920	141.54843	-8	0.0	3	2.4	245
15/05/2025	12:14:02	40.53919	141.54866	14	0.0	3	2.4	265
15/05/2025	12:15:01	40.53925	141.54881	26	0.0	3	2.4	255
15/05/2025	12:16:01	40.53902	141.54897	22	0.0	3	2.3	265
15/05/2025	12:17:01	40.53917	141.54874	32	0.0	3	2.3	268
15/05/2025	12:18:01	40.53910	141.54844	-24	0.0	3	2.3	237
15/05/2025	12:19:02	40.53924	141.54819	-32	0.0	3	2.3	280
15/05/2025	12:20:01	40.53924	141.54866	24	0.0	3	2.3	264
15/05/2025	12:21:01	40.53907	141.54854	-8	0.0	3	2.3	284
15/05/2025	12:22:05	40.53921	141.54858	-6	0.0	2	2.0	247
15/05/2025	12:23:05	40.53904	141.54863	4	0.0	3	2.3	287
15/05/2025	12:24:01	40.53913	141.54859	-12	0.0	3	2.3	265
15/05/2025	12:25:01	40.53911	141.54850	0	0.0	3	2.3	268
15/05/2025	12:26:02	40.53910	141.54854	-4	0.0	2	2.0	266
15/05/2025	12:27:02	40.53907	141.54860	-0	0.0	3	2.3	268
15/05/2025	12:28:02	40.53912	141.54885	40	0.0	3	2.3	268
15/05/2025	12:29:02	40.53868	141.55142	42	33.3	2	2.0	277
15/05/2025	12:30:03	40.53989	141.55485	-6	3.7	3	2.3	285
15/05/2025	12:31:03	40.53998	141.55492	-2	0.0	3	2.3	283
15/05/2025	12:32:03	40.53935	141.55840	2	0.0	3	2.3	285
15/05/2025	12:33:02	40.53898	141.55804	22	22.2	3	2.2	288
15/05/2025	12:34:35	40.53911	141.55795	4	3.7	4	4.3	157
15/05/2025	12:35:11	40.53906	141.55789	12	0.0	4	4.4	163
15/05/2025	12:36:04	40.53922	141.55767	-18	3.7	4	4.4	148
15/05/2025	12:37:09	40.53914	141.55790	-4	0.0	4	4.4	144
15/05/2025	12:38:04	40.53895	141.55813	38	3.7	4	4.4	151
15/05/2025	12:39:05	40.53889	141.55801	38	11.1	4	4.4	150
15/05/2025	12:40:06	40.53892	141.55807	42	14.8	4	5.0	148
15/05/2025	12:41:08	40.53908	141.55801	6	14.8	4	5.0	145
15/05/2025	12:42:06	40.53866	141.55831	80	0.0	4	4.4	146
15/05/2025	12:43:07	40.53887	141.55821	52	0.0	4	4.4	150
15/05/2025	12:44:04	40.53906	141.55789	6	3.7	4	4.4	151
15/05/2025	12:45:07	40.53878	141.55834	60	3.7	4	4.4	163
15/05/2025	12:46:04	40.53911	141.55765	10	0.0	4	4.4	152
15/05/2025	12:47:05	40.53918	141.55774	-0	3.7	4	4.3	154
15/05/2025	12:48:03	40.53912	141.55787	8	7.4	4	4.3	153
15/05/2025	12:49:04	40.53893	141.55812	18	7.4	4	4.3	150
15/05/2025	12:50:04	40.53867	141.55859	82	0.0	4	4.2	149
15/05/2025	12:51:05	40.53882	141.55805	60	0.0	3	7.2	148
15/05/2025	12:57:36	40.53900	141.55797	20	0.0	5	2.1	157
15/05/2025	12:58:02	40.53922	141.55799	-14	0.0	2	7.0	127
15/05/2025	12:59:03	40.53923	141.55789	-24	0.0	2	6.4	126
15/05/2025	13:05:24	40.53904	141.55797	8	0.0	5	2.1	174
15/05/2025	13:06:02	40.53905	141.55789	4	0.0	2	6.0	109
15/05/2025	13:07:03	40.53938	141.55803	-38	0.0	2	5.4	144
15/05/2025	13:08:03	40.53870	141.55811	86	0.0	2	5.4	143
15/05/2025	13:09:02	40.53966	141.55775	-122	0.0	2	5.3	147
15/05/2025	13:15:43	40.53907	141.55799	12	0.0	4	2.1	146
15/05/2025	13:16:04	40.53912	141.55822	8	0.0	1	3.0	133
15/05/2025	13:17:06	40.53903	141.55796	22	3.7	2	4.4	118
15/05/2025	13:18:04	40.53906	141.55787	10	0.0	2	4.4	96
15/05/2025	13:24:32	40.53907	141.55802	8	0.0	3	3.1	160
15/05/2025	13:25:02	40.53915	141.55786	-10	0.0	2	4.1	152
15/05/2025	13:26:02	40.53925	141.55781	-38	0.0	2	4.0	153
15/05/2025	13:27:01	40.53889	141.55802	36	0.0	2	4.0	107
15/05/2025	13:28:03	40.53908	141.55789	6	0.0	2	4.0	177
15/05/2025	13:29:03	40.53894	141.55802	76	0.0	3	3.2	169
15/05/2025	13:30:03	40.53883	141.55797	78	0.0	2	4.0	143
15/05/2025	13:31:18	40.53902	141.55799	22	0.0	4	2.1	165
15/05/2025	13:32:05	40.53916	141.55788	10	0.0	3	3.2	160
15/05/2025	13:33:04	40.53921	141.55785	-26	0.0	2	3.4	166
15/05/2025	13:34:05	40.53905	141.55824	14	3.7	2	3.4	143
15/05/2025	13:40:31	40.53909	141.55797	4	0.0	4	2.1	180
15/05/2025	13:41:02	40.53902	141.55751	34	0.0	2	3.3	129
15/05/2025	13:42:03	40.53908	141.55788	12	0.0	2	3.2	132
15/05/2025	13:43:03	40.53932	141.55788	-58	0.0	2	3.2	171
15/05/2025	13:44:03	40.53892	141.55822	54	0.0	2	3.2	133
15/05/2025	13:45:03	40.53900	141.55807	10	0.0	2	3.2	149
15/05/2025	13:46:04	40.53913	141.55790	-14	3.7	2	3.2	149
15/05/2025	13:47:05	40.53904	141.55791	4	0.0	3	2.4	141
15/05/2025	13:48:03	40.53905	141.55785	10	0.0	2	3.2	139
15/05/2025	13:49:03	40.53918	141.55769	-26	0.0	2	3.2	155
15/05/2025	13:50:04	40.53905	141.55792	14	0.0	2	3.2	153
15/05/2025	13:51:01	40.53910	141.55783	-8	0.0	2	3.1	176
15/05/2025	13:52:02	40.53913	141.55789	-38	0.0	3	3.4	181
15/05/2025	13:53:01	40.53903	141.55814	14	0.0	3	3.4	153
15/05/2025	13:54:01	40.53902	141.55807	16	0.0	3	3.3	156
15/05/2025	13:55:02	40.53914	141.55784	-14	0.0	3	3.2	172
15/05/2025	13:56:02	40.53899	141.55798	20	0.0	3	3.2	216
15/05/2025	13:57:02	40.53916	141.55793	2	0.0	3	3.1	175
15/05/2025	13:58:02	40.53908	141.55805	56	0.0	3	3.1	173
15/05/2025	13:59:01	40.53907	141.55805	16	0.0	3	3.1	174
15/05/2025	14:00:35	40.53909	141.55796	10	0.0	3	3.0	206
15/05/2025	14:01:02	40.53919	141.55789	-62	0.0	3	3.0	213
15/05/2025	14:02:02	40.53913	141.55773	20	0.0	2	3.0	211
15/05/2025	14:03:02	40.53906	141.55807	26	0.0	2	3.0	146
15/05/2025	14:04:01	40.53902	141.55812	32	0.0	3	2.4	152
15/05/2025	14:05:02	40.53908	141.55811	92	0.0	2	3.0	196
15/05/2025	14:06:01	40.53897	141.55815	64	0.0	2	3.0	150
15/05/2025	14:07:01	40.53904	141.55806	22	0.0	2	3.0	196
15/05/2025	14:08:02	40.53907	141.55783	-60	0.0	2	3.0	211
15/05/2025	14:09:01	40.53895	141.55809	30	0.0	3	2.4	185
15/05/2025	14:10:01	40.53895	141.55806	-0	0.0	3	2.4	183
15/05/2025	14:11:01	40.53897	141.55802	10	0.0	3	2.4	187
15/05/2025	14:12:01	40.53906	141.55800	2	0.0	3	2.3	212
15/05/2025	14:13:01	40.53889	141.55814	12	0.0	3	2.3	184
15/05/2025	14:14:01	40.53911	141.55765	-58	0.0	3	2.3	228
15/05/2025	14:15:01	40.53911	141.55799	-4	0.0	3	2.3	212
15/05/2025	14:16:00	40.53907	141.55792	-10	0.0	3	2.3	211
15/05/2025	14:17:01	40.53898	141.55801	32	0.0	2	3.3	225
15/05/2025	14:18:01	40.53910	141.55797	22	0.0	3	2.3	227
15/05/2025	14:19:01	40.53909	141.55807	18	0.0	3	2.3	231
15/05/2025	14:20:01	40.53919	141.55792	-8	0.0	3	2.3	228
15/05/2025	14:21:01	40.53901	141.55819	8	0.0	2	4.0	198
15/05/2025	14:22:01	40.53902	141.55797	-8	0.0	3	2.4	207
15/05/2025	14:23:01	40.53914	141.55798	12	0.0	3	2.4	245
15/05/2025	14:24:03	40.53911	141.55791	10	0.0	2	4.1	182
15/05/2025	14:25:01	40.53898	141.55805	20	0.0	3	2.4	243
15/05/2025	14:26:00	40.53922	141.55790	-6	0.0	3	2.4	219
15/05/2025	14:27:01	40.53920	141.55788	-0	0.0	2	20.4	245
15/05/2025	14:28:01	40.53918	141.55773	-18	0.0	3	2.4	211
15/05/2025	14:29:01	40.53905	141.55804	6	0.0	3	2.4	244
15/05/2025	14:30:01	40.53911	141.55788	-10	0.0	3	2.4	246
15/05/2025	14:31:01	40.53897	141.55818	18	0.0	3	2.4	244
15/05/2025	14:32:02	40.53889	141.55808	36	3.7	3	2.4	232
15/05/2025	14:33:02	40.53920	141.55782	4	0.0	3	2.4	243
15/05/2025	14:34:00	40.53901	141.55793	4	0.0	3	2.4	237
15/05/2025	14:35:02	40.53913	141.55789	8	0.0	3	2.4	241
15/05/2025	14:36:01	40.53911	141.55797	14	0.0	3	3.0	242
15/05/2025	14:37:01	40.53917	141.55793	-2	0.0	3	3.0	215
15/05/2025	14:38:02	40.53907	141.55805	26	0.0	3	3.0	267
15/05/2025	14:39:01	40.53919	141.55793	0	0.0	3	3.0	206
15/05/2025	14:40:01	40.53925	141.55780	-2	0.0	3	3.0	238
15/05/2025	14:41:01	40.53882	141.55825	44	0.0	3	3.0	237
15/05/2025	14:42:01	40.53896	141.55811	26	0.0	3	3.0	209
15/05/2025	14:43:02	40.53913	141.55796	4	0.0	3	3.1	254
15/05/2025	14:44:01	40.53912	141.55794	2	0.0	3	3.1	230
15/05/2025	14:45:03	40.53924	141.55785	-14	0.0	3	3.1	257
15/05/2025	14:46:01	40.53910	141.55798	10	0.0	3	3.1	237
15/05/2025	14:47:01	40.53903	141.55811	20	0.0	3	3.1	258
15/05/2025	14:48:02	40.53901	141.55811	18	0.0	3	3.1	255
15/05/2025	14:49:02	40.53916	141.55790	-0	0.0	3	3.2	255
15/05/2025	14:50:02	40.53934	141.55774	-8	0.0	3	3.2	255
15/05/2025	14:51:02	40.53926	141.55786	-4	0.0	3	3.2	254
15/05/2025	14:52:02	40.53906	141.55799	10	0.0	3	3.2	253
15/05/2025	14:53:02	40.53898	141.55809	10	0.0	3	3.3	255
15/05/2025	14:54:02	40.53909	141.55800	-2	3.7	3	3.3	253
15/05/2025	14:55:04	40.53894	141.55818	36	3.7	3	3.3	246
15/05/2025	14:56:04	40.53898	141.55803	30	0.0	3	3.3	226
15/05/2025	14:57:04	40.53886	141.55827	30	0.0	3	3.4	220
15/05/2025	14:58:03	40.53913	141.55795	20	0.0	3	3.4	248
15/05/2025	14:59:02	40.53888	141.55795	26	0.0	2	13.1	227
15/05/2025	15:00:03	40.53983	141.55710	-78	0.0	2	15.1	212
15/05/2025	15:01:03	40.53920	141.55784	-4	0.0	3	4.0	222
15/05/2025	15:02:03	40.53868	141.55844	62	0.0	2	17.4	221
15/05/2025	15:03:03	40.53887	141.55831	20	0.0	2	19.3	253
15/05/2025	15:04:03	40.53917	141.55798	10	3.7	3	4.0	228
15/05/2025	15:05:02	40.53902	141.55819	10	0.0	2	24.1	207
15/05/2025	15:06:04	40.53898	141.55813	14	3.7	3	4.1	204
15/05/2025	15:07:03	40.53929	141.55772	-2	0.0	3	4.1	203
15/05/2025	15:08:08	40.53868	141.55858	42	3.7	3	4.2	189
15/05/2025	15:09:05	40.53867	141.55852	44	0.0	3	4.2	173
15/05/2025	15:10:04	40.53923	141.55782	-10	0.0	3	4.2	167
15/05/2025	15:11:04	40.53898	141.55812	14	0.0	3	4.3	232
15/05/2025	15:12:04	40.53901	141.55809	20	0.0	3	4.3	218
15/05/2025	15:13:08	40.53914	141.55789	4	0.0	3	4.3	214
15/05/2025	15:14:14	40.53973	141.55711	-48	3.7	3	4.4	222
15/05/2025	15:15:20	40.53912	141.55791	4	0.0	3	4.4	220
15/05/2025	15:16:17	40.53917	141.55785	2	0.0	3	4.4	219
15/05/2025	15:17:18	40.53931	141.55769	-14	0.0	3	5.0	216
15/05/2025	15:18:35	40.53905	141.55805	14	0.0	4	1.3	213
15/05/2025	15:19:01	40.53902	141.55786	-30	0.0	3	2.1	179
15/05/2025	15:20:01	40.53908	141.55776	-20	0.0	3	2.1	176
15/05/2025	15:21:01	40.53907	141.55802	2	0.0	4	1.3	178
15/05/2025	15:22:00	40.53905	141.55782	-18	0.0	3	2.1	152
15/05/2025	15:23:00	40.53906	141.55792	-18	0.0	3	2.1	180
15/05/2025	15:24:00	40.53909	141.55790	-8	0.0	4	1.3	183
15/05/2025	15:25:01	40.53910	141.55804	10	0.0	4	1.3	199
15/05/2025	15:26:01	40.53912	141.55801	12	0.0	4	1.3	151
15/05/2025	15:27:02	40.53912	141.55783	-48	0.0	3	2.1	212
15/05/2025	15:28:01	40.53910	141.55798	-6	0.0	3	2.0	173
15/05/2025	15:29:00	40.53913	141.55810	24	0.0	3	2.1	207
15/05/2025	15:30:00	40.53904	141.55800	-8	0.0	3	2.1	228
15/05/2025	15:31:01	40.53906	141.55795	-30	0.0	3	2.1	178
15/05/2025	15:32:01	40.53907	141.55794	-4	0.0	3	2.2	199
15/05/2025	15:33:01	40.53901	141.55793	-14	0.0	3	2.2	222
15/05/2025	15:34:02	40.53898	141.55791	4	0.0	3	2.2	176
15/05/2025	15:35:03	40.53903	141.55797	20	0.0	3	2.2	191
15/05/2025	15:36:02	40.53906	141.55812	22	0.0	3	2.2	191
15/05/2025	15:37:01	40.53903	141.55793	4	0.0	2	2.2	122
15/05/2025	15:38:01	40.53900	141.55794	-14	0.0	2	2.3	120
15/05/2025	15:39:02	40.53897	141.55810	68	7.4	2	2.3	148
15/05/2025	15:40:02	40.53907	141.55821	80	0.0	2	2.3	140
15/05/2025	15:41:01	40.53907	141.55791	8	0.0	2	2.3	154
15/05/2025	15:42:03	40.53904	141.55792	-90	0.0	2	2.3	201
15/05/2025	15:43:02	40.53899	141.55791	-64	3.7	2	2.3	183
15/05/2025	15:44:02	40.54300	141.56140	10	33.3	4	2.1	239
15/05/2025	15:45:02	40.54657	141.56677	24	33.3	4	2.1	245
15/05/2025	15:46:01	40.55018	141.57173	22	33.3	4	2.2	270
15/05/2025	15:47:01	40.55316	141.57730	26	25.9	4	2.2	268
15/05/2025	15:48:01	40.55323	141.57737	12	0.0	4	2.2	230
15/05/2025	15:49:01	40.55323	141.57733	-10	0.0	3	3.4	227
15/05/2025	15:50:01	40.55338	141.57753	4	0.0	4	2.2	226
15/05/2025	15:51:01	40.55341	141.57764	10	0.0	4	2.2	223
15/05/2025	15:52:02	40.55342	141.57771	0	0.0	4	2.3	261
15/05/2025	15:53:02	40.55350	141.57780	-4	0.0	4	2.3	237
15/05/2025	15:54:01	40.55615	141.58051	14	33.3	4	2.3	269
15/05/2025	15:55:01	40.56053	141.58472	-6	33.3	4	2.3	293
15/05/2025	15:56:01	40.56467	141.58988	14	37.0	4	2.3	296
15/05/2025	15:57:01	40.56761	141.59547	0	3.7	4	2.4	270
15/05/2025	15:58:01	40.56751	141.59589	18	0.0	2	3.3	262
15/05/2025	15:59:01	40.56735	141.59594	20	0.0	1	4.0	211
15/05/2025	16:00:02	40.56726	141.59642	18	0.0	2	3.4	278
15/05/2025	16:01:01	40.56713	141.59665	26	0.0	2	3.4	253
15/05/2025	16:02:02	40.56707	141.59696	12	0.0	3	3.4	242
15/05/2025	16:03:01	40.56858	141.60071	24	37.0	2	4.0	289
15/05/2025	16:04:02	40.57157	141.60818	24	44.4	3	4.0	290
15/05/2025	16:05:01	40.57379	141.61603	2	40.7	3	4.0	274
15/05/2025	16:06:01	40.57635	141.62411	-18	44.4	3	4.0	283
15/05/2025	16:07:01	40.57732	141.63036	28	40.7	3	4.1	263
15/05/2025	16:08:03	40.57967	141.63770	-20	33.3	2	4.3	285
15/05/2025	16:09:02	40.58086	141.63937	-14	0.0	2	4.3	210
15/05/2025	16:10:01	40.58079	141.63968	22	0.0	2	4.4	233
15/05/2025	16:11:02	40.58050	141.63970	-10	0.0	2	5.0	253
15/05/2025	16:12:02	40.58107	141.64024	-0	33.3	3	4.3	268
15/05/2025	16:13:03	40.58269	141.64554	10	33.3	3	4.3	270
15/05/2025	16:14:04	40.58295	141.64593	16	0.0	2	5.2	230
15/05/2025	16:15:04	40.58290	141.64592	32	0.0	3	5.0	223
15/05/2025	16:16:03	40.58280	141.64561	-40	0.0	2	5.4	254
15/05/2025	16:17:06	40.58283	141.64571	6	0.0	2	6.0	262
15/05/2025	16:18:02	40.58276	141.64590	14	0.0	2	6.1	242
15/05/2025	16:19:03	40.58292	141.64540	-8	0.0	2	6.2	249
15/05/2025	16:20:04	40.58266	141.64582	32	0.0	2	6.3	272
15/05/2025	16:21:03	40.58284	141.64551	-8	0.0	2	7.0	258
15/05/2025	16:22:03	40.58271	141.64526	-22	0.0	2	7.1	263
15/05/2025	16:23:02	40.58264	141.64538	-10	0.0	2	7.2	203
15/05/2025	16:24:03	40.58227	141.64593	22	0.0	2	7.4	250
15/05/2025	16:25:02	40.58222	141.64584	24	0.0	1	6.0	252
15/05/2025	16:26:03	40.58384	141.65336	40	44.4	2	8.2	242
15/05/2025	16:27:03	40.58551	141.66178	12	40.7	3	4.4	273
15/05/2025	16:28:02	40.58668	141.66923	12	37.0	2	9.1	290
15/05/2025	16:29:03	40.58949	141.67263	16	0.0	2	9.3	269
15/05/2025	16:30:02	40.58959	141.67241	0	0.0	2	10.1	212
15/05/2025	16:31:11	40.59004	141.67163	-4	0.0	2	10.4	235
15/05/2025	16:32:04	40.58971	141.67194	-12	3.7	2	11.1	264
15/05/2025	16:33:02	40.58953	141.67202	-4	11.1	2	11.4	185
15/05/2025	16:34:04	40.59132	141.67238	26	0.0	2	12.3	263
15/05/2025	16:35:03	40.59159	141.67187	8	3.7	2	13.2	255
15/05/2025	16:36:02	40.59125	141.67202	-2	7.4	2	14.1	264
15/05/2025	16:37:04	40.59080	141.67281	22	0.0	2	15.1	255
15/05/2025	16:38:04	40.59119	141.67181	2	3.7	2	16.1	228
15/05/2025	16:39:03	40.59133	141.67137	-28	0.0	2	17.2	209
15/05/2025	16:40:04	40.59142	141.67666	-12	25.9	2	18.4	273
15/05/2025	16:41:02	40.59152	141.67675	12	0.0	2	20.2	229
15/05/2025	16:42:05	40.59124	141.67706	16	0.0	2	22.2	252
15/05/2025	16:43:05	40.59183	141.67588	-16	0.0	2	24.4	265
15/05/2025	16:44:12	40.59135	141.67668	2	7.4	2	28.0	256
15/05/2025	16:45:30	40.59145	141.67644	4	0.0	4	1.2	255
15/05/2025	16:46:02	40.59143	141.67652	6	0.0	4	1.2	257
15/05/2025	16:47:02	40.59134	141.67649	-6	0.0	4	1.2	233
15/05/2025	16:48:02	40.59120	141.67646	-2	0.0	3	2.1	241
15/05/2025	16:49:03	40.59131	141.67634	4	0.0	4	1.2	257
15/05/2025	16:50:01	40.59133	141.67630	2	0.0	3	2.1	207
15/05/2025	16:51:01	40.59131	141.67626	-6	0.0	4	2.1	238
15/05/2025	16:52:00	40.59112	141.67607	-4	3.7	3	2.4	209
15/05/2025	16:53:02	40.59123	141.67599	-10	0.0	3	2.1	237
15/05/2025	16:54:01	40.59125	141.67620	36	0.0	3	2.1	231
15/05/2025	16:55:01	40.59102	141.67610	10	0.0	3	2.4	207
15/05/2025	16:56:01	40.59122	141.67610	-22	0.0	3	1.3	214
15/05/2025	16:57:03	40.59104	141.67576	6	0.0	4	1.2	261
15/05/2025	16:58:01	40.59103	141.67576	-16	0.0	3	1.3	233
15/05/2025	16:59:01	40.59086	141.67577	-16	0.0	3	1.3	229
15/05/2025	17:00:02	40.59090	141.67564	4	0.0	4	1.2	233
15/05/2025	17:01:01	40.59092	141.67568	30	0.0	3	2.2	210
15/05/2025	17:02:02	40.59081	141.67543	-14	0.0	3	2.2	229
15/05/2025	17:03:02	40.59082	141.67558	36	0.0	3	2.2	218
15/05/2025	17:04:01	40.59077	141.67538	22	0.0	3	2.1	204
15/05/2025	17:05:02	40.59063	141.67543	-10	0.0	3	1.3	226
15/05/2025	17:06:02	40.59056	141.67518	-10	0.0	4	1.2	229
15/05/2025	17:07:01	40.59050	141.67508	62	0.0	3	2.0	174
15/05/2025	17:08:01	40.59038	141.67504	-4	0.0	4	1.4	179
15/05/2025	17:09:00	40.59051	141.67488	22	0.0	3	1.2	234
15/05/2025	17:10:01	40.59077	141.67884	30	33.3	4	1.2	272
15/05/2025	17:11:01	40.59268	141.68441	8	33.3	4	1.4	219
15/05/2025	17:12:01	40.59504	141.68947	2	29.6	3	1.2	265
15/05/2025	17:13:02	40.59508	141.69035	-0	0.0	4	1.2	206
15/05/2025	17:14:02	40.59511	141.69018	14	0.0	4	1.2	208
15/05/2025	17:15:01	40.59508	141.69017	8	0.0	3	1.2	181
15/05/2025	17:16:01	40.59504	141.69029	-4	0.0	3	1.2	230
15/05/2025	17:17:01	40.59493	141.69017	26	0.0	3	1.2	206
15/05/2025	17:18:01	40.59503	141.69004	10	0.0	3	1.4	182
15/05/2025	17:19:03	40.59493	141.69010	2	0.0	3	1.2	252
15/05/2025	17:20:02	40.59494	141.69018	0	0.0	3	1.2	202
15/05/2025	17:21:02	40.59486	141.69013	12	0.0	3	1.2	206
15/05/2025	17:22:01	40.59491	141.69018	24	0.0	3	1.2	226
15/05/2025	17:23:01	40.59480	141.69018	26	0.0	3	1.2	208
15/05/2025	17:24:02	40.59477	141.69016	-16	0.0	3	1.2	224
15/05/2025	17:25:00	40.59466	141.69049	60	0.0	3	1.4	210
15/05/2025	17:26:02	40.59472	141.69020	0	0.0	3	1.3	231
15/05/2025	17:27:01	40.59470	141.69038	-18	0.0	3	1.3	234
15/05/2025	17:28:02	40.59566	141.69356	-40	40.7	3	1.3	239
15/05/2025	17:29:02	40.59851	141.70006	14	0.0	3	1.3	270
15/05/2025	17:30:01	40.59840	141.70022	-28	0.0	3	1.3	218
15/05/2025	17:31:02	40.59831	141.70008	34	0.0	3	1.3	214
15/05/2025	17:32:02	40.59826	141.70003	8	0.0	3	1.3	234
15/05/2025	17:33:02	40.59823	141.70033	4	0.0	3	1.3	260
15/05/2025	17:34:09	40.59819	141.70026	-12	0.0	3	1.3	257
15/05/2025	17:35:03	40.59808	141.70003	16	0.0	3	1.3	262
15/05/2025	17:36:02	40.59805	141.70017	4	0.0	3	1.3	240
15/05/2025	17:37:02	40.59796	141.70023	-12	0.0	3	1.3	239
15/05/2025	17:38:00	40.59834	141.70364	-12	33.3	3	2.0	238
15/05/2025	17:39:01	40.59860	141.70518	2	0.0	3	1.4	212
15/05/2025	17:40:02	40.59845	141.70533	28	0.0	3	1.4	153
15/05/2025	17:41:04	40.59837	141.70484	12	0.0	3	1.4	231
15/05/2025	17:42:05	40.59834	141.70483	-12	0.0	3	1.4	226
15/05/2025	17:43:01	40.59825	141.70474	-4	0.0	3	2.0	176
15/05/2025	17:44:05	40.59811	141.70478	0	0.0	3	1.4	226
15/05/2025	17:45:02	40.59804	141.70476	-10	0.0	3	1.4	234
15/05/2025	17:46:05	40.59794	141.70467	-0	0.0	3	1.4	233
15/05/2025	17:47:07	40.59786	141.70451	-12	0.0	3	1.4	232
15/05/2025	17:48:02	40.59780	141.70441	-8	0.0	3	1.4	234
15/05/2025	17:49:01	40.59765	141.70449	14	0.0	3	2.0	240
15/05/2025	17:50:01	40.59762	141.70436	0	0.0	3	2.0	211
15/05/2025	17:51:02	40.59715	141.70504	8	0.0	3	2.0	242
15/05/2025	17:52:01	40.59720	141.70567	4	0.0	3	2.1	156
15/05/2025	17:53:02	40.59722	141.70520	16	11.1	3	2.0	202
15/05/2025	17:54:04	40.59722	141.70514	-10	7.4	3	2.0	248
15/05/2025	17:55:03	40.59668	141.70511	-14	11.1	3	2.0	248
15/05/2025	17:56:03	40.59783	141.70347	2	11.1	3	2.0	255
15/05/2025	17:57:02	40.59740	141.70515	18	18.5	3	2.0	263
15/05/2025	17:58:02	40.59883	141.70584	-18	7.4	3	2.2	233
15/05/2025	17:59:02	40.59885	141.70560	-18	14.8	3	2.1	207
15/05/2025	18:00:03	40.59656	141.70195	24	22.2	3	2.2	258
15/05/2025	18:01:03	40.59957	141.70021	14	33.3	3	2.2	250
15/05/2025	18:02:02	40.60144	141.70365	0	11.1	3	2.2	198
15/05/2025	18:03:04	40.59978	141.70423	-16	22.2	3	2.2	251
15/05/2025	18:04:04	40.59761	141.70478	4	22.2	3	2.2	281
15/05/2025	18:05:02	40.59621	141.70338	-42	14.8	3	2.2	202
15/05/2025	18:06:02	40.59590	141.70331	2	22.2	3	2.2	174
15/05/2025	18:07:06	40.59577	141.70315	-0	0.0	2	3.2	236
15/05/2025	18:08:05	40.59586	141.70300	-2	0.0	3	2.3	237
15/05/2025	18:09:03	40.59611	141.70334	28	18.5	3	2.3	253
15/05/2025	18:10:02	40.59551	141.70360	-34	0.0	3	2.3	245
15/05/2025	18:11:02	40.59504	141.70383	-34	18.5	3	2.3	230
15/05/2025	18:12:02	40.59456	141.70430	-32	25.9	2	3.2	250
15/05/2025	18:13:03	40.59326	141.70382	30	0.0	3	2.3	265
15/05/2025	18:14:04	40.59321	141.70356	2	0.0	3	2.3	243
15/05/2025	18:15:04	40.59322	141.70347	-10	0.0	3	2.3	250
15/05/2025	18:16:04	40.59302	141.70363	10	0.0	3	2.3	194
15/05/2025	18:17:03	40.59295	141.70347	14	0.0	3	2.4	240
15/05/2025	18:18:04	40.59286	141.70329	-2	0.0	3	2.4	243
15/05/2025	18:19:03	40.59290	141.70349	-2	0.0	2	3.2	243
15/05/2025	18:20:04	40.59371	141.70605	20	25.9	3	2.4	246
15/05/2025	18:21:04	40.59633	141.71212	0	37.0	3	2.4	249
15/05/2025	18:22:04	40.59767	141.71877	0	33.3	3	2.4	253
15/05/2025	18:23:04	40.59771	141.72567	30	29.6	3	2.4	252
15/05/2025	18:24:03	40.59926	141.73145	22	33.3	3	2.4	279
15/05/2025	18:25:04	40.60117	141.73747	12	29.6	3	2.4	249
15/05/2025	18:26:03	40.60407	141.74295	-22	33.3	3	2.4	284
15/05/2025	18:27:03	40.60834	141.74835	-24	29.6	2	3.2	278
15/05/2025	18:28:03	40.60908	141.75410	-24	29.6	2	3.2	256
15/05/2025	18:29:03	40.61070	141.75994	0	37.0	3	3.0	277
15/05/2025	18:30:04	40.61304	141.76647	16	37.0	3	3.0	273
15/05/2025	18:31:03	40.61541	141.77214	24	40.7	3	3.0	249
15/05/2025	18:32:04	40.61875	141.77818	12	37.0	3	3.0	274
15/05/2025	18:33:04	40.62082	141.78186	10	33.3	3	3.0	271
15/05/2025	18:34:04	40.62418	141.78706	16	29.6	3	3.0	272
15/05/2025	18:35:02	40.62398	141.78953	4	18.5	3	3.0	199
15/05/2025	18:36:04	40.62225	141.79302	4	22.2	3	3.0	279
15/05/2025	18:37:04	40.62362	141.79758	2	0.0	3	3.0	280
15/05/2025	18:38:05	40.62354	141.79754	-6	0.0	3	3.0	272
15/05/2025	18:39:06	40.62359	141.79747	-10	0.0	3	3.0	269
15/05/2025	18:40:05	40.62337	141.79773	16	3.7	3	3.0	270
15/05/2025	18:41:04	40.62136	141.79201	-2	33.3	3	3.1	277
15/05/2025	18:42:02	40.62003	141.78505	-4	33.3	2	3.2	251
15/05/2025	18:43:05	40.61776	141.77788	12	37.0	3	3.1	273
15/05/2025	18:44:04	40.61538	141.77160	14	37.0	3	3.1	274
15/05/2025	18:45:05	40.61316	141.76494	0	37.0	3	3.1	268
15/05/2025	18:46:05	40.61061	141.75802	2	33.3	3	3.1	270
15/05/2025	18:47:03	40.60820	141.75106	2	37.0	2	3.2	280
15/05/2025	18:48:06	40.60448	141.74556	16	37.0	3	3.1	244
15/05/2025	18:49:03	40.60234	141.74200	12	0.0	2	3.2	252
15/05/2025	18:50:06	40.60216	141.74192	-0	0.0	3	3.1	264
15/05/2025	18:51:02	40.60221	141.74185	4	0.0	2	3.3	229
15/05/2025	18:52:07	40.60199	141.74207	4	0.0	3	3.1	258
15/05/2025	18:53:05	40.60042	141.74011	4	37.0	3	3.2	268
15/05/2025	18:54:06	40.59755	141.73361	2	33.3	2	3.3	266
15/05/2025	18:55:02	40.59633	141.72719	-10	33.3	3	3.2	280
15/05/2025	18:56:05	40.59576	141.72036	36	37.0	3	3.2	267
15/05/2025	18:57:04	40.59347	141.71429	30	29.6	2	3.3	248
15/05/2025	18:58:06	40.59071	141.70909	32	33.3	3	3.2	266
15/05/2025	18:59:05	40.58754	141.70390	36	29.6	3	3.2	270
15/05/2025	19:00:05	40.58459	141.69811	24	37.0	3	3.2	268
15/05/2025	19:01:05	40.58193	141.69229	16	29.6	3	3.2	270
15/05/2025	19:02:04	40.57874	141.68683	14	37.0	3	3.2	271
15/05/2025	19:03:05	40.57536	141.68153	16	33.3	2	3.3	250
15/05/2025	19:04:07	40.57131	141.67648	16	33.3	3	3.2	266
15/05/2025	19:05:08	40.56815	141.67142	12	29.6	3	3.3	259
15/05/2025	19:06:02	40.56513	141.66664	6	25.9	2	3.3	244
15/05/2025	19:07:04	40.56214	141.66083	6	29.6	2	3.4	248
15/05/2025	19:08:43	40.55771	141.65088	12	33.3	2	2.1	263
15/05/2025	19:15:08	40.54736	141.60711	12	40.7	5	1.0	260
15/05/2025	19:16:01	40.54577	141.59981	0	40.7	4	2.1	273
15/05/2025	19:17:01	40.54439	141.59183	54	40.7	3	2.1	225
15/05/2025	19:18:01	40.54367	141.58354	-30	37.0	4	2.1	254
15/05/2025	19:19:02	40.54255	141.57649	32	40.7	4	2.1	242
15/05/2025	19:20:01	40.54411	141.57106	34	33.3	3	2.1	226
15/05/2025	19:21:03	40.54349	141.56440	26	29.6	4	2.0	282
15/05/2025	19:22:03	40.54226	141.56006	24	33.3	4	2.0	259
15/05/2025	19:23:03	40.53953	141.55871	38	29.6	4	2.0	253
15/05/2025	19:24:03	40.53951	141.55847	24	0.0	4	2.0	224
15/05/2025	19:25:02	40.53958	141.55843	30	0.0	4	2.0	228
15/05/2025	19:26:02	40.53948	141.55849	8	0.0	4	2.0	229
15/05/2025	19:27:02	40.53952	141.55836	28	0.0	4	2.0	231
15/05/2025	19:28:03	40.53934	141.55841	-14	0.0	4	2.0	233
15/05/2025	19:29:02	40.53935	141.55836	2	0.0	4	2.0	233
15/05/2025	19:30:02	40.53938	141.55846	-30	0.0	4	2.0	234
15/05/2025	19:31:04	40.53911	141.55809	16	3.7	3	2.1	172
15/05/2025	19:32:14	40.53906	141.55797	12	0.0	4	1.4	108
15/05/2025	19:33:07	40.53935	141.55819	-20	3.7	3	9.4	90
15/05/2025	19:34:06	40.53927	141.55809	-16	11.1	3	10.4	109
15/05/2025	19:35:18	40.53915	141.55810	-2	0.0	4	1.4	125
15/05/2025	19:36:09	40.53986	141.55863	-26	55.6	3	13.2	103
15/05/2025	19:37:26	40.53904	141.55791	16	0.0	4	1.4	123
15/05/2025	19:38:08	40.54024	141.55897	-20	0.0	3	17.3	103
15/05/2025	19:39:36	40.53897	141.55798	10	0.0	4	1.4	143
15/05/2025	19:40:45	40.53903	141.55799	12	0.0	4	1.0	138
15/05/2025	19:41:05	40.53963	141.55885	-72	0.0	2	5.3	115
15/05/2025	19:42:25	40.53928	141.55830	-22	22.2	4	1.0	112
15/05/2025	19:43:25	40.53906	141.55801	8	0.0	4	1.0	141
15/05/2025	19:44:22	40.53934	141.55821	-24	3.7	4	1.0	109
15/05/2025	19:45:33	40.53908	141.55801	4	0.0	3	5.0	124
15/05/2025	19:46:06	40.53925	141.55812	-24	0.0	2	5.2	148
15/05/2025	19:47:07	40.53881	141.55782	38	0.0	1	3.2	121
15/05/2025	19:48:21	40.53915	141.55809	-6	0.0	4	1.0	145
15/05/2025	19:49:05	40.53902	141.55789	14	18.5	2	6.0	109
15/05/2025	19:50:05	40.53898	141.55784	24	3.7	3	5.1	110
15/05/2025	19:51:06	40.53898	141.55786	12	0.0	3	5.1	127
15/05/2025	19:52:06	40.53944	141.55806	-30	7.4	2	5.3	108
15/05/2025	19:53:08	40.53922	141.55787	-10	0.0	2	5.3	112
15/05/2025	19:54:04	40.53863	141.55782	64	18.5	2	5.2	131
15/05/2025	19:55:28	40.53908	141.55802	4	0.0	4	1.0	140
15/05/2025	19:56:06	40.53875	141.55761	66	3.7	2	5.1	115
15/05/2025	19:57:06	40.53913	141.55810	10	18.5	2	5.1	149
15/05/2025	19:58:08	40.53944	141.55832	-40	3.7	2	5.0	138
15/05/2025	19:59:04	40.53917	141.55821	8	0.0	2	5.0	119
15/05/2025	20:06:43	40.53907	141.55798	6	0.0	3	2.2	154
15/05/2025	20:07:03	40.53900	141.55779	-18	0.0	2	2.4	102
15/05/2025	20:08:03	40.53927	141.55796	-22	0.0	2	2.4	102
15/05/2025	20:09:04	40.53904	141.55799	18	0.0	2	2.4	127
15/05/2025	20:10:04	40.53906	141.55797	8	0.0	2	2.4	126
15/05/2025	20:11:04	40.53918	141.55812	-0	0.0	2	2.4	127
15/05/2025	20:17:40	40.53909	141.55802	8	0.0	3	2.2	115
15/05/2025	20:18:06	40.53902	141.55805	24	0.0	3	2.2	111
15/05/2025	20:19:07	40.53909	141.55802	8	0.0	3	2.2	109
15/05/2025	20:20:15	40.53917	141.55801	-16	0.0	3	2.3	135
15/05/2025	20:21:06	40.53925	141.55787	-38	0.0	2	3.1	120
15/05/2025	20:22:06	40.53885	141.55808	50	0.0	2	3.2	98
15/05/2025	20:23:06	40.53917	141.55776	4	7.4	2	3.2	118
15/05/2025	20:24:02	40.53902	141.55816	-0	0.0	2	3.2	95
15/05/2025	20:30:49	40.53901	141.55794	28	0.0	3	2.4	101
15/05/2025	20:31:17	40.53904	141.55805	8	0.0	3	2.4	128
15/05/2025	20:32:10	40.53915	141.55796	-12	7.4	3	3.0	108
15/05/2025	20:33:23	40.53909	141.55797	10	0.0	3	3.0	129
15/05/2025	20:34:22	40.53904	141.55804	8	0.0	4	1.4	134
15/05/2025	20:35:26	40.53901	141.55805	18	0.0	3	3.1	127
15/05/2025	20:36:07	40.53883	141.55790	80	3.7	3	3.1	127
15/05/2025	20:37:29	40.53910	141.55798	0	0.0	3	3.1	129
15/05/2025	20:38:08	40.53959	141.55778	-136	3.7	2	4.3	129
15/05/2025	20:45:10	40.53924	141.55790	-32	0.0	4	1.4	133
15/05/2025	20:46:24	40.53910	141.55788	-6	0.0	2	7.0	110
15/05/2025	20:48:01	40.53896	141.55803	42	0.0	2	7.4	113
15/05/2025	20:49:11	40.53934	141.55784	-70	3.7	2	8.3	115
15/05/2025	20:58:28	40.53920	141.55790	-30	0.0	4	1.4	186
15/05/2025	20:59:06	40.53972	141.55746	-190	0.0	3	7.4	144
15/05/2025	21:05:46	40.53909	141.55801	6	0.0	3	9.1	122
15/05/2025	21:06:05	40.53877	141.55835	102	11.1	3	9.1	123
15/05/2025	21:12:22	40.53902	141.55802	24	0.0	4	2.2	164
15/05/2025	21:13:03	40.53915	141.55793	-10	0.0	3	10.4	197
15/05/2025	21:14:04	40.53977	141.55750	-164	0.0	3	11.1	161
15/05/2025	21:15:04	40.53956	141.55749	-164	0.0	2	4.3	149
15/05/2025	21:16:02	40.53815	141.55860	250	0.0	3	11.4	173
15/05/2025	21:17:05	40.53921	141.55799	-0	0.0	3	12.1	190
15/05/2025	21:18:05	40.53923	141.55793	-18	0.0	3	12.3	196
15/05/2025	21:19:04	40.53941	141.55780	-80	0.0	3	13.0	166
15/05/2025	21:20:04	40.53956	141.55773	-82	0.0	3	13.2	198
15/05/2025	21:26:45	40.53905	141.55800	10	0.0	5	1.4	213
15/05/2025	21:27:01	40.53900	141.55803	-4	0.0	3	2.1	192
15/05/2025	21:28:02	40.53903	141.55799	12	0.0	3	2.1	169
15/05/2025	21:29:01	40.53905	141.55794	12	0.0	3	2.1	147
15/05/2025	21:30:01	40.53910	141.55805	-2	0.0	3	2.1	147
15/05/2025	21:31:01	40.53916	141.55805	-18	0.0	3	2.1	147
15/05/2025	21:32:01	40.53902	141.55793	-4	0.0	3	2.1	122
15/05/2025	21:33:02	40.53913	141.55794	-38	0.0	2	2.4	111
15/05/2025	21:34:02	40.53878	141.55808	72	0.0	3	2.1	171
15/05/2025	21:35:03	40.53900	141.55797	32	0.0	3	2.1	231
15/05/2025	21:36:03	40.53911	141.55798	0	0.0	3	2.1	234
15/05/2025	21:37:02	40.53893	141.55800	44	0.0	3	2.1	232
15/05/2025	21:38:03	40.53911	141.55801	-2	0.0	3	2.1	241
15/05/2025	21:39:02	40.53903	141.55801	8	0.0	3	2.1	238
15/05/2025	21:40:02	40.53903	141.55797	20	0.0	3	2.1	243
15/05/2025	21:41:01	40.53901	141.55799	36	0.0	3	2.1	147
15/05/2025	21:42:00	40.53883	141.55784	82	3.7	3	2.2	182
15/05/2025	21:43:01	40.53915	141.55780	-8	0.0	3	2.2	165
15/05/2025	21:44:01	40.53904	141.55785	16	0.0	3	2.2	148
15/05/2025	21:45:02	40.53905	141.55797	34	0.0	3	2.1	183
15/05/2025	21:46:02	40.53901	141.55795	22	0.0	3	2.1	225
15/05/2025	21:47:01	40.53865	141.55807	76	0.0	3	2.1	144
15/05/2025	21:48:01	40.53897	141.55804	44	0.0	3	2.1	229
15/05/2025	21:49:02	40.53891	141.55808	54	0.0	3	2.1	214
15/05/2025	21:50:00	40.53924	141.55781	-48	0.0	3	2.2	174
15/05/2025	21:51:01	40.53904	141.55808	16	0.0	3	2.1	223
15/05/2025	21:52:02	40.53903	141.55797	36	0.0	3	2.1	222
15/05/2025	21:53:02	40.53909	141.55891	-24	0.0	3	2.1	291
15/05/2025	21:54:03	40.53903	141.55889	-42	0.0	2	5.4	275
15/05/2025	21:55:05	40.53890	141.55848	-34	0.0	2	5.2	212
15/05/2025	21:56:03	40.53946	141.55831	50	0.0	2	2.3	284
15/05/2025	21:57:01	40.53943	141.55839	-12	0.0	3	2.2	231
15/05/2025	21:58:02	40.53908	141.55843	92	0.0	2	5.2	172
15/05/2025	21:59:02	40.53955	141.55861	-14	0.0	1	5.4	201
15/05/2025	22:00:04	40.53947	141.55841	-2	0.0	2	2.3	267
15/05/2025	22:01:03	40.53928	141.55837	32	0.0	2	2.1	279
15/05/2025	22:02:03	40.53958	141.55855	-32	0.0	2	2.1	271
15/05/2025	22:03:03	40.53940	141.55834	14	0.0	1	4.0	279
15/05/2025	22:04:03	40.53940	141.55837	-2	0.0	2	2.3	261
15/05/2025	22:05:02	40.53941	141.55841	2	0.0	2	2.3	264
15/05/2025	22:06:03	40.53955	141.55830	-18	0.0	2	2.3	278
15/05/2025	22:07:03	40.53937	141.55839	44	0.0	2	2.1	273
15/05/2025	22:08:02	40.53949	141.55843	22	0.0	2	2.1	252
15/05/2025	22:09:02	40.53940	141.55846	28	0.0	2	2.1	205
15/05/2025	22:10:02	40.53941	141.55837	12	0.0	1	3.2	228
15/05/2025	22:11:03	40.53941	141.55853	2	0.0	1	3.1	218
15/05/2025	22:12:03	40.53939	141.55839	30	0.0	1	3.1	248
15/05/2025	22:13:03	40.53947	141.55845	-2	0.0	1	3.1	250
15/05/2025	22:14:03	40.53949	141.55848	-14	0.0	1	3.0	209
15/05/2025	22:15:04	40.53937	141.55860	0	0.0	1	3.0	223
15/05/2025	22:16:03	40.53951	141.55845	-24	0.0	2	2.1	256
15/05/2025	22:17:03	40.53925	141.55872	-10	0.0	2	2.1	258
15/05/2025	22:18:03	40.53901	141.55817	4	33.3	2	2.1	279
15/05/2025	22:19:02	40.53902	141.55793	40	0.0	1	2.4	164
15/05/2025	22:20:03	40.53936	141.55792	-108	0.0	2	2.1	186
15/05/2025	22:21:02	40.53916	141.55796	10	0.0	1	2.4	227
15/05/2025	22:22:03	40.53905	141.55805	24	0.0	2	2.1	206
15/05/2025	22:23:03	40.53903	141.55797	14	0.0	1	2.4	197
15/05/2025	22:24:02	40.53909	141.55804	18	0.0	1	2.3	208
15/05/2025	22:25:03	40.53907	141.55787	16	0.0	2	2.3	212
15/05/2025	22:26:03	40.53899	141.55805	14	0.0	2	2.2	218
15/05/2025	22:27:02	40.53903	141.55784	60	0.0	1	2.3	194
15/05/2025	22:28:02	40.53912	141.55799	-2	0.0	2	2.2	198
15/05/2025	22:29:03	40.53902	141.55794	18	0.0	2	2.2	196
15/05/2025	22:30:02	40.53903	141.55799	-12	0.0	1	2.3	197
15/05/2025	22:31:03	40.53900	141.55787	-2	0.0	2	2.2	196
15/05/2025	22:32:03	40.53908	141.55793	2	0.0	2	2.2	219
15/05/2025	22:33:02	40.53903	141.55811	0	0.0	2	2.2	219
15/05/2025	22:34:02	40.53913	141.55779	-30	0.0	2	2.2	198
15/05/2025	22:35:04	40.53908	141.55785	-8	0.0	2	2.2	196
15/05/2025	22:36:04	40.53908	141.55807	34	0.0	1	2.3	195
15/05/2025	22:37:03	40.53911	141.55808	6	0.0	1	2.3	218
15/05/2025	22:38:03	40.53884	141.55827	112	0.0	1	2.3	221
15/05/2025	22:39:03	40.53903	141.55793	14	0.0	1	2.3	221
15/05/2025	22:40:03	40.53914	141.55787	-58	0.0	1	2.3	201
15/05/2025	22:41:03	40.53908	141.55796	22	0.0	1	2.3	221
15/05/2025	22:42:03	40.53898	141.55797	18	0.0	1	2.3	239
15/05/2025	22:43:03	40.53907	141.55806	-90	0.0	1	2.3	168
15/05/2025	22:44:03	40.53910	141.55808	16	0.0	1	2.3	143
15/05/2025	22:45:03	40.53897	141.55807	30	0.0	1	2.4	215
15/05/2025	22:46:03	40.53897	141.55807	16	0.0	1	2.4	153
15/05/2025	22:47:02	40.53898	141.55813	40	0.0	1	2.4	214
15/05/2025	22:48:03	40.53911	141.55797	78	0.0	1	2.4	225
15/05/2025	22:49:03	40.53903	141.55797	-88	0.0	1	2.4	169
15/05/2025	22:50:02	40.53882	141.55806	32	0.0	1	2.4	172
15/05/2025	22:51:04	40.53909	141.55791	6	0.0	1	3.0	251
15/05/2025	22:52:03	40.53907	141.55809	24	0.0	1	3.0	222
15/05/2025	22:53:03	40.53967	141.55898	6	0.0	1	3.0	281
15/05/2025	22:54:05	40.53946	141.55869	38	0.0	1	3.0	285
15/05/2025	22:55:03	40.54348	141.55680	20	37.0	2	3.0	295
15/05/2025	22:56:24	40.54561	141.55454	10	0.0	2	3.0	290
15/05/2025	22:57:03	40.54554	141.55450	0	0.0	1	3.1	263
15/05/2025	22:58:03	40.54568	141.55458	6	0.0	2	3.0	299
15/05/2025	22:59:02	40.54560	141.55470	48	0.0	2	3.0	268
15/05/2025	23:00:02	40.54553	141.55480	50	0.0	2	2.3	290
15/05/2025	23:01:30	40.54569	141.55460	14	0.0	2	3.1	275
15/05/2025	23:02:03	40.54564	141.55474	52	0.0	1	3.3	282
15/05/2025	23:03:02	40.54568	141.55470	6	0.0	1	3.3	259
15/05/2025	23:04:02	40.54576	141.55460	30	0.0	1	3.4	264
15/05/2025	23:05:02	40.54565	141.55501	132	0.0	1	3.4	270
15/05/2025	23:06:03	40.54574	141.55455	2	0.0	1	3.4	265
15/05/2025	23:07:03	40.54723	141.54992	24	33.3	2	3.2	300
15/05/2025	23:08:03	40.54911	141.54933	-20	0.0	1	4.0	242
15/05/2025	23:09:03	40.54909	141.54951	-4	0.0	1	4.1	235
15/05/2025	23:10:02	40.54917	141.54922	-30	0.0	1	4.1	268
15/05/2025	23:11:02	40.54907	141.54942	32	0.0	1	4.2	238
15/05/2025	23:12:02	40.54912	141.54925	-56	0.0	1	4.2	265
15/05/2025	23:13:03	40.55211	141.54804	-6	37.0	2	3.3	300
15/05/2025	23:14:03	40.55559	141.54470	56	33.3	1	4.4	291
15/05/2025	23:15:02	40.55344	141.54231	44	22.2	2	3.3	268
15/05/2025	23:16:03	40.55337	141.54161	2	0.0	1	5.0	272
15/05/2025	23:17:07	40.55363	141.54193	38	0.0	1	5.1	228
15/05/2025	23:18:07	40.55379	141.54197	32	3.7	1	5.1	233
15/05/2025	23:19:07	40.55377	141.54139	82	3.7	1	5.2	232
15/05/2025	23:20:29	40.55388	141.54137	16	0.0	2	4.0	254
15/05/2025	23:21:03	40.55405	141.54061	-64	0.0	1	5.4	237
15/05/2025	23:22:04	40.55400	141.54097	16	22.2	2	4.0	272
15/05/2025	23:23:03	40.55379	141.53938	34	33.3	2	4.0	276
15/05/2025	23:24:03	40.54988	141.54312	34	29.6	1	2.3	271
15/05/2025	23:25:05	40.54921	141.54574	112	0.0	1	6.3	276
15/05/2025	23:26:03	40.54939	141.54458	-134	0.0	1	6.4	273
15/05/2025	23:27:04	40.54935	141.54545	-2	0.0	1	7.0	232
15/05/2025	23:28:07	40.54935	141.54558	70	0.0	1	7.1	257
15/05/2025	23:29:06	40.54925	141.54486	-84	0.0	1	7.2	251
15/05/2025	23:30:03	40.54928	141.54471	-86	0.0	1	4.1	246
15/05/2025	23:31:05	40.54950	141.54449	-102	0.0	1	8.0	275
15/05/2025	23:32:05	40.54936	141.54526	18	0.0	1	8.1	272
15/05/2025	23:33:07	40.54930	141.54586	120	0.0	1	8.3	273
15/05/2025	23:34:04	40.54918	141.54616	142	0.0	1	8.4	254
15/05/2025	23:35:37	40.54931	141.54534	8	0.0	7	1.0	273
15/05/2025	23:36:01	40.54938	141.54556	24	0.0	5	2.0	251
15/05/2025	23:37:01	40.54946	141.54543	28	0.0	3	2.2	233
15/05/2025	23:38:01	40.54932	141.54537	12	0.0	6	1.1	276
15/05/2025	23:39:02	40.54920	141.54536	-0	0.0	5	1.1	260
15/05/2025	23:40:01	40.54947	141.54504	-38	0.0	5	2.1	255
15/05/2025	23:41:03	40.54930	141.54534	6	0.0	5	1.1	222
15/05/2025	23:42:03	40.54928	141.54479	70	0.0	3	4.3	248
15/05/2025	23:43:03	40.54931	141.54540	2	0.0	4	1.2	202
15/05/2025	23:44:03	40.54934	141.54560	-22	0.0	3	4.2	227
15/05/2025	23:45:03	40.54934	141.54530	16	0.0	4	1.2	277
15/05/2025	23:46:02	40.54925	141.54536	2	0.0	5	1.1	253
15/05/2025	23:47:02	40.54933	141.54536	-4	0.0	4	1.2	248
15/05/2025	23:48:03	40.54932	141.54524	18	0.0	4	1.2	249
15/05/2025	23:49:01	40.54923	141.54544	0	0.0	4	1.2	231
15/05/2025	23:50:02	40.54927	141.54538	4	0.0	4	1.2	277
15/05/2025	23:51:02	40.54649	141.54855	8	0.0	5	1.2	241
15/05/2025	23:52:03	40.54650	141.54857	2	0.0	4	1.2	257
15/05/2025	23:53:01	40.54645	141.54861	2	0.0	5	2.3	247
15/05/2025	23:54:00	40.54623	141.55046	4	29.6	4	1.2	254
15/05/2025	23:55:03	40.54117	141.55385	-2	37.0	5	1.2	285
15/05/2025	23:56:02	40.53975	141.55700	-14	0.0	4	1.2	242
15/05/2025	23:57:02	40.53973	141.55696	10	0.0	4	1.3	265
15/05/2025	23:58:02	40.53977	141.55696	16	0.0	5	1.2	252
15/05/2025	23:59:02	40.53976	141.55700	-6	0.0	4	2.0	243
16/05/2025	00:00:02	40.53969	141.55702	-0	0.0	5	1.2	286
16/05/2025	00:01:02	40.53962	141.55707	20	0.0	5	2.3	286
16/05/2025	00:02:02	40.53966	141.55696	4	0.0	5	1.3	290
16/05/2025	00:03:01	40.53985	141.55684	18	0.0	4	1.4	263
16/05/2025	00:04:02	40.53973	141.55702	-0	0.0	5	1.0	259
16/05/2025	00:05:02	40.53972	141.55708	-2	0.0	4	1.4	283
16/05/2025	00:06:01	40.53968	141.55705	6	0.0	5	1.3	298
16/05/2025	00:07:01	40.53964	141.55709	-2	0.0	4	1.3	291
16/05/2025	00:08:01	40.53953	141.55716	-22	0.0	4	1.4	290
16/05/2025	00:09:01	40.53961	141.55704	-16	0.0	4	2.0	255
16/05/2025	00:10:01	40.53967	141.55704	-0	0.0	5	1.3	265
16/05/2025	00:11:02	40.53954	141.55712	-6	0.0	5	1.3	260
16/05/2025	00:12:00	40.53972	141.55694	22	0.0	4	2.0	271
16/05/2025	00:13:01	40.53971	141.55701	-4	0.0	5	1.3	247
16/05/2025	00:14:02	40.53972	141.55696	-12	0.0	5	1.4	245
16/05/2025	00:15:02	40.53973	141.55705	-6	0.0	5	1.3	278
16/05/2025	00:16:00	40.53969	141.55697	8	0.0	3	2.2	210
16/05/2025	00:17:01	40.53977	141.55705	14	0.0	5	1.3	239
16/05/2025	00:18:02	40.53973	141.55703	16	0.0	4	1.4	285
16/05/2025	00:19:02	40.53973	141.55699	0	0.0	5	1.3	274
16/05/2025	00:20:01	40.53965	141.55706	-6	0.0	4	2.0	296
16/05/2025	00:21:01	40.53975	141.55703	-6	0.0	5	1.3	267
16/05/2025	00:22:01	40.53983	141.55697	8	0.0	4	2.0	268
16/05/2025	00:23:01	40.53965	141.55701	-0	0.0	6	1.0	293
16/05/2025	00:24:02	40.53963	141.55705	-10	0.0	5	1.3	283
16/05/2025	00:25:01	40.53951	141.55708	-26	0.0	4	2.0	291
16/05/2025	00:26:02	40.53962	141.55708	-12	0.0	4	2.0	288
16/05/2025	00:27:01	40.54000	141.55687	40	0.0	4	2.4	296
16/05/2025	00:28:00	40.53961	141.55718	2	3.7	4	2.4	279
16/05/2025	00:29:02	40.53967	141.55693	-0	0.0	4	1.4	233
16/05/2025	00:30:01	40.53959	141.55696	4	0.0	5	1.3	292
16/05/2025	00:31:01	40.53975	141.55696	-2	0.0	5	1.3	303
16/05/2025	00:32:01	40.53959	141.55703	-12	0.0	5	1.3	281
16/05/2025	00:33:01	40.53967	141.55701	-2	0.0	5	1.3	309
16/05/2025	00:34:03	40.53967	141.55700	10	0.0	3	3.3	279
16/05/2025	00:35:03	40.53983	141.55695	10	0.0	4	2.1	282
16/05/2025	00:36:02	40.53965	141.55701	0	0.0	4	3.1	281
16/05/2025	00:37:03	40.53942	141.55712	-6	0.0	4	3.1	276
16/05/2025	00:38:03	40.53966	141.55707	4	0.0	4	3.1	287
16/05/2025	00:39:02	40.53958	141.55699	4	0.0	4	3.1	299
16/05/2025	00:40:02	40.53965	141.55710	-10	0.0	4	3.1	288
16/05/2025	00:41:02	40.53949	141.55718	-16	0.0	4	3.1	291
16/05/2025	00:42:03	40.53954	141.55710	-14	0.0	4	3.1	289
16/05/2025	00:43:03	40.53951	141.55711	-18	0.0	4	3.1	279
16/05/2025	00:44:03	40.53961	141.55701	4	0.0	4	3.1	283
16/05/2025	00:45:02	40.53976	141.55690	28	0.0	3	3.1	280
16/05/2025	00:46:01	40.53998	141.55818	-8	25.9	4	2.2	261
16/05/2025	00:47:03	40.53937	141.55908	-16	0.0	3	3.1	282
16/05/2025	00:48:02	40.53908	141.55895	2	0.0	4	3.0	290
16/05/2025	00:49:01	40.53899	141.55875	-2	0.0	4	2.2	286
16/05/2025	00:50:03	40.53907	141.55798	-6	0.0	4	2.1	243
16/05/2025	00:51:02	40.53911	141.55800	8	0.0	4	2.1	224
16/05/2025	00:52:03	40.53881	141.55834	-16	0.0	3	3.1	176
16/05/2025	00:53:04	40.53905	141.55835	76	0.0	2	7.2	208
16/05/2025	00:54:05	40.53907	141.55809	-2	0.0	3	3.0	199
16/05/2025	00:55:03	40.53896	141.55793	-12	0.0	3	3.1	240
16/05/2025	00:56:02	40.53899	141.55804	0	0.0	3	2.4	270
16/05/2025	00:57:02	40.53899	141.55810	0	0.0	3	2.4	201
16/05/2025	00:58:02	40.53888	141.55811	-22	0.0	3	2.4	221
16/05/2025	00:59:02	40.53892	141.55809	-4	0.0	4	2.3	248
16/05/2025	01:00:01	40.53911	141.55804	24	0.0	4	2.4	260
16/05/2025	01:01:07	40.53904	141.55789	-10	0.0	3	5.1	188
16/05/2025	01:02:05	40.53924	141.55788	26	0.0	3	3.4	250
16/05/2025	01:03:05	40.53950	141.55848	-4	0.0	4	3.3	282
16/05/2025	01:04:04	40.53950	141.55843	10	0.0	4	2.2	327
16/05/2025	01:05:05	40.53938	141.55860	10	3.7	3	3.4	317
16/05/2025	01:06:03	40.53945	141.55836	10	0.0	4	2.2	287
16/05/2025	01:07:01	40.53923	141.55849	-0	0.0	4	2.2	295
16/05/2025	01:08:02	40.53944	141.55849	6	0.0	5	1.2	318
16/05/2025	01:09:02	40.53941	141.55844	-0	0.0	4	3.2	293
16/05/2025	01:10:03	40.53908	141.55838	-6	18.5	4	3.2	297
16/05/2025	01:11:03	40.53878	141.55841	-16	0.0	3	4.3	292
16/05/2025	01:12:02	40.53887	141.55854	12	0.0	3	3.4	267
16/05/2025	01:13:02	40.53852	141.55845	0	0.0	4	2.4	272
16/05/2025	01:14:00	40.53870	141.55862	-2	0.0	4	2.4	276
16/05/2025	01:15:02	40.53868	141.55819	-38	0.0	4	2.4	328
16/05/2025	01:16:02	40.53870	141.55868	16	0.0	4	2.4	296
16/05/2025	01:17:02	40.53869	141.55859	4	0.0	4	2.4	301
16/05/2025	01:18:01	40.53867	141.55857	-10	0.0	4	2.4	304
16/05/2025	01:19:02	40.53876	141.55852	2	0.0	4	2.4	304
16/05/2025	01:20:02	40.53877	141.55853	4	0.0	4	2.4	294
16/05/2025	01:21:03	40.53878	141.55850	-10	0.0	3	4.1	322
16/05/2025	01:22:02	40.53859	141.55828	-16	0.0	3	4.1	305
16/05/2025	01:23:02	40.53897	141.55855	-30	0.0	3	3.1	285
16/05/2025	01:24:03	40.53863	141.55858	8	0.0	3	3.1	301
16/05/2025	01:25:03	40.53860	141.55855	8	0.0	3	3.1	292
16/05/2025	01:26:05	40.53863	141.55855	8	0.0	3	3.1	292
16/05/2025	01:27:05	40.53870	141.55860	6	0.0	3	3.1	264
16/05/2025	01:28:07	40.53876	141.55849	0	0.0	2	3.2	272
16/05/2025	01:29:16	40.53860	141.55846	-4	0.0	3	3.0	255
16/05/2025	01:30:06	40.53871	141.55841	-4	0.0	3	3.0	262
16/05/2025	01:31:07	40.53875	141.55842	-10	0.0	2	3.2	265
16/05/2025	01:32:08	40.53870	141.55846	-6	0.0	2	3.2	268
16/05/2025	01:33:30	40.53859	141.55848	-2	0.0	4	2.4	254
16/05/2025	01:34:03	40.53872	141.55843	18	0.0	4	2.3	247
16/05/2025	01:35:01	40.53881	141.55852	-14	0.0	4	2.3	220
16/05/2025	01:36:02	40.53865	141.55849	-10	0.0	4	2.3	246
16/05/2025	01:37:01	40.53902	141.55889	16	0.0	4	2.3	235
16/05/2025	01:38:01	40.53902	141.55799	34	37.0	5	1.4	298
16/05/2025	01:39:06	40.53915	141.55789	-10	3.7	4	2.3	151
16/05/2025	01:40:18	40.53899	141.55800	0	0.0	4	2.2	188
16/05/2025	01:41:01	40.53900	141.55795	-12	0.0	4	2.2	200
16/05/2025	01:42:06	40.53899	141.55798	-0	3.7	4	2.2	205
16/05/2025	01:43:16	40.53905	141.55801	8	0.0	4	2.2	200
16/05/2025	01:44:01	40.53907	141.55791	-30	3.7	3	2.4	160
16/05/2025	01:45:17	40.53903	141.55799	6	0.0	4	2.2	234
16/05/2025	01:46:07	40.53903	141.55792	0	0.0	4	2.2	207
16/05/2025	01:47:05	40.53908	141.55787	-14	0.0	3	2.4	208
16/05/2025	01:48:07	40.53893	141.55794	12	0.0	3	2.4	207
16/05/2025	01:49:06	40.53908	141.55806	4	0.0	4	2.1	209
16/05/2025	01:50:03	40.53898	141.55796	10	0.0	4	2.1	208
16/05/2025	01:51:04	40.53953	141.55837	12	0.0	3	2.1	252
16/05/2025	01:52:04	40.53948	141.55852	2	0.0	4	2.1	261
16/05/2025	01:53:06	40.53937	141.55844	14	0.0	4	2.1	243
16/05/2025	01:54:03	40.53972	141.55845	50	0.0	3	6.4	218
16/05/2025	01:55:03	40.53897	141.55833	-32	3.7	3	6.3	218
16/05/2025	01:56:05	40.53917	141.55827	-28	0.0	3	2.3	181
16/05/2025	01:57:02	40.53873	141.55830	-22	0.0	3	6.1	215
16/05/2025	01:58:02	40.53900	141.55825	-4	0.0	4	2.0	245
16/05/2025	01:59:03	40.53902	141.55827	10	0.0	3	5.4	204
16/05/2025	02:00:03	40.53909	141.55839	8	3.7	2	5.1	221
16/05/2025	02:01:02	40.53904	141.55828	6	0.0	2	5.0	276
16/05/2025	02:02:02	40.53913	141.55843	10	0.0	2	5.0	274
16/05/2025	02:03:36	40.53898	141.55830	0	0.0	7	1.1	266
16/05/2025	02:04:02	40.53915	141.55824	18	0.0	6	1.2	229
16/05/2025	02:05:01	40.53907	141.55835	-0	0.0	5	1.3	222
16/05/2025	02:06:00	40.53904	141.55825	28	0.0	5	1.4	217
16/05/2025	02:07:01	40.53890	141.55827	0	0.0	6	1.4	251
16/05/2025	02:08:00	40.53915	141.55823	50	0.0	4	2.1	216
16/05/2025	02:09:00	40.53876	141.55846	28	14.8	4	1.4	239
16/05/2025	02:10:04	40.53868	141.55866	2	0.0	3	2.1	238
16/05/2025	02:11:03	40.53874	141.55871	-48	0.0	5	2.0	257
16/05/2025	02:12:01	40.53859	141.55853	62	0.0	4	1.4	244
16/05/2025	02:13:03	40.53875	141.55855	36	0.0	6	1.4	284
16/05/2025	02:14:02	40.53839	141.55890	-202	0.0	4	2.1	272
16/05/2025	02:15:01	40.53845	141.55856	-72	0.0	4	2.1	220
16/05/2025	02:16:04	40.53881	141.55913	146	3.7	2	4.0	187
16/05/2025	02:17:03	40.53911	141.55803	6	0.0	5	1.3	191
16/05/2025	02:18:02	40.53913	141.55830	30	0.0	2	4.2	193
16/05/2025	02:19:02	40.53910	141.55804	-4	0.0	4	1.4	194
16/05/2025	02:20:02	40.53904	141.55809	0	0.0	2	4.2	192
16/05/2025	02:21:02	40.53908	141.55793	-16	0.0	4	1.4	195
16/05/2025	02:22:02	40.53905	141.55796	-8	0.0	3	1.4	192
16/05/2025	02:23:02	40.53912	141.55809	18	0.0	3	1.4	190
16/05/2025	02:24:03	40.53911	141.55797	6	0.0	3	1.4	186
16/05/2025	02:25:02	40.53908	141.55805	8	0.0	3	1.4	160
16/05/2025	02:26:04	40.53911	141.55790	-6	0.0	6	1.1	200
16/05/2025	02:27:03	40.53910	141.55803	22	0.0	3	1.4	182
16/05/2025	02:28:03	40.53918	141.55786	24	0.0	2	2.1	182
16/05/2025	02:29:04	40.53907	141.55801	-14	0.0	5	1.3	179
16/05/2025	02:30:04	40.53912	141.55793	-18	0.0	4	1.2	171
16/05/2025	02:31:04	40.53909	141.55800	-6	0.0	5	1.1	178
16/05/2025	02:32:04	40.53913	141.55798	12	0.0	4	1.3	172
16/05/2025	02:33:04	40.53907	141.55780	-16	0.0	3	2.0	169
16/05/2025	02:34:04	40.53920	141.55790	48	0.0	3	2.0	171
16/05/2025	02:35:03	40.53916	141.55811	42	0.0	2	3.3	175
16/05/2025	02:36:04	40.53909	141.55801	-10	0.0	4	1.3	168
16/05/2025	02:37:04	40.53910	141.55792	22	0.0	2	2.1	172
16/05/2025	02:38:03	40.53919	141.55776	-18	3.7	1	4.1	120
16/05/2025	02:39:04	40.53904	141.55812	22	0.0	1	4.1	168
16/05/2025	02:40:03	40.53913	141.55805	-8	0.0	2	2.4	175
16/05/2025	02:41:03	40.53900	141.55825	-82	0.0	2	2.1	156
16/05/2025	02:42:05	40.53906	141.55802	18	0.0	2	2.0	181
16/05/2025	02:43:05	40.53895	141.55812	-48	0.0	2	2.0	142
16/05/2025	02:44:04	40.53914	141.55793	12	3.7	2	2.0	165
16/05/2025	02:45:04	40.53903	141.55794	24	0.0	2	2.0	178
16/05/2025	02:46:04	40.53911	141.55792	38	0.0	3	1.4	159
16/05/2025	02:47:02	40.53903	141.55803	30	0.0	2	2.3	161
16/05/2025	02:48:03	40.53906	141.55802	54	3.7	1	4.4	168
16/05/2025	02:49:04	40.53914	141.55774	-52	0.0	2	2.0	182
16/05/2025	02:50:05	40.53903	141.55798	-6	0.0	6	1.1	182
16/05/2025	02:51:03	40.53911	141.55766	14	0.0	2	2.0	142
16/05/2025	02:52:03	40.53855	141.55882	34	3.7	2	7.2	149
16/05/2025	02:53:05	40.53907	141.55811	-36	0.0	2	2.3	142
16/05/2025	02:54:04	40.53915	141.55794	6	0.0	3	1.4	185
16/05/2025	02:55:03	40.53912	141.55803	48	0.0	2	4.3	167
16/05/2025	02:56:03	40.53882	141.55831	-30	0.0	2	4.3	130
16/05/2025	02:57:03	40.53903	141.55808	-20	0.0	2	4.3	187
16/05/2025	02:58:04	40.53917	141.55805	-4	0.0	4	1.2	164
16/05/2025	02:59:05	40.53899	141.55807	-28	0.0	4	1.2	146
16/05/2025	03:00:03	40.53903	141.55812	-4	0.0	3	2.0	159
16/05/2025	03:01:03	40.53867	141.55829	6	0.0	2	4.3	150
16/05/2025	03:02:03	40.53927	141.55772	-20	0.0	2	3.2	156
16/05/2025	03:03:03	40.53951	141.55761	8	3.7	2	10.1	151
16/05/2025	03:04:03	40.53911	141.55799	-4	0.0	3	1.3	153
16/05/2025	03:05:03	40.53922	141.55782	-26	0.0	2	4.4	137
16/05/2025	03:06:02	40.53925	141.55765	18	3.7	2	3.3	161
16/05/2025	03:07:03	40.53895	141.55811	-20	0.0	4	1.2	155
16/05/2025	03:08:03	40.53975	141.55742	20	0.0	2	13.0	156
16/05/2025	03:09:03	40.53904	141.55798	6	0.0	3	1.2	156
16/05/2025	03:10:03	40.53900	141.55798	20	0.0	3	1.4	155
16/05/2025	03:11:02	40.53915	141.55793	14	0.0	2	3.4	154
16/05/2025	03:12:01	40.53909	141.55804	-0	0.0	3	1.4	114
16/05/2025	03:13:02	40.53905	141.55798	6	0.0	3	1.3	130
16/05/2025	03:14:02	40.53896	141.55811	4	0.0	3	1.3	133
16/05/2025	03:15:03	40.53916	141.55794	38	0.0	3	1.3	152
16/05/2025	03:16:03	40.53907	141.55794	-0	0.0	3	1.2	151
16/05/2025	03:17:04	40.53904	141.55807	28	0.0	3	1.2	153
16/05/2025	03:18:04	40.53907	141.55809	14	0.0	3	1.2	151
16/05/2025	03:19:04	40.53902	141.55804	-10	0.0	2	1.3	143
16/05/2025	03:20:04	40.53920	141.55805	10	0.0	2	1.3	147
16/05/2025	03:21:03	40.53914	141.55786	-14	0.0	3	1.2	198
16/05/2025	03:22:05	40.53917	141.55783	-14	0.0	4	1.2	185
16/05/2025	03:23:05	40.53906	141.55794	10	0.0	3	1.2	190
16/05/2025	03:24:02	40.53914	141.55773	20	0.0	2	4.4	101
16/05/2025	03:25:07	40.53905	141.55794	-2	0.0	5	1.1	197
16/05/2025	03:26:03	40.53889	141.55824	-22	0.0	2	4.4	103
16/05/2025	03:27:05	40.53916	141.55790	-0	0.0	4	1.2	220
16/05/2025	03:28:04	40.53908	141.55791	-30	0.0	2	4.3	200
16/05/2025	03:29:03	40.53924	141.55808	46	0.0	2	1.3	229
16/05/2025	03:30:04	40.53894	141.55806	-4	0.0	2	7.4	219
16/05/2025	03:31:04	40.53920	141.55779	-22	0.0	3	3.2	221
16/05/2025	03:32:06	40.53901	141.55823	-46	0.0	4	1.2	219
16/05/2025	03:33:05	40.53903	141.55806	18	0.0	4	1.2	215
16/05/2025	03:34:05	40.53915	141.55802	-26	0.0	4	1.2	214
16/05/2025	03:35:04	40.53899	141.55823	18	0.0	4	1.2	225
16/05/2025	03:36:07	40.53907	141.55801	6	0.0	4	1.2	190
16/05/2025	03:37:05	40.53904	141.55807	-0	0.0	3	1.2	175
16/05/2025	03:38:03	40.53910	141.55809	12	0.0	3	1.3	215
16/05/2025	03:39:05	40.53909	141.55797	24	0.0	2	1.4	201
16/05/2025	03:45:22	40.53904	141.55805	-2	0.0	5	1.2	210
16/05/2025	03:46:04	40.53893	141.55824	4	0.0	2	2.4	224
16/05/2025	03:47:05	40.53916	141.55789	20	0.0	2	2.4	221
16/05/2025	03:48:05	40.53899	141.55800	4	3.7	3	4.4	203
16/05/2025	03:54:16	40.53905	141.55799	6	0.0	5	1.3	230
16/05/2025	03:55:01	40.53905	141.55805	32	0.0	3	2.0	228
16/05/2025	03:56:03	40.53909	141.55801	4	0.0	4	1.3	236
16/05/2025	03:57:03	40.53902	141.55810	30	0.0	3	2.1	218
16/05/2025	03:58:08	40.53908	141.55799	38	0.0	3	1.4	161
16/05/2025	03:59:04	40.53889	141.55822	26	0.0	3	1.4	181
16/05/2025	04:00:04	40.53907	141.55800	8	11.1	3	2.3	140
16/05/2025	04:01:04	40.53900	141.55812	-12	0.0	3	2.3	119
16/05/2025	04:02:05	40.53904	141.55800	10	0.0	3	2.3	165
16/05/2025	04:03:02	40.53893	141.55825	34	0.0	3	2.3	175
16/05/2025	04:04:07	40.53901	141.55804	-12	0.0	3	2.3	119
16/05/2025	04:05:06	40.53900	141.55802	4	0.0	3	2.3	158
16/05/2025	04:06:05	40.53915	141.55801	-0	0.0	3	3.3	202
16/05/2025	04:07:06	40.53899	141.55802	10	0.0	4	2.1	196
16/05/2025	04:08:10	40.53912	141.55810	16	0.0	3	3.3	179
16/05/2025	04:09:06	40.53904	141.55809	-6	0.0	4	2.1	187
16/05/2025	04:10:06	40.53903	141.55806	10	3.7	3	2.3	178
16/05/2025	04:11:10	40.53900	141.55804	-12	0.0	3	2.3	134
16/05/2025	04:17:33	40.53908	141.55797	-8	0.0	4	2.1	186
16/05/2025	04:18:06	40.53898	141.55819	24	3.7	4	2.1	191
16/05/2025	04:19:05	40.53924	141.55767	-34	3.7	3	2.3	173
16/05/2025	04:20:04	40.53890	141.55833	44	0.0	3	2.3	193
16/05/2025	04:21:04	40.53915	141.55787	-4	3.7	3	2.3	176
16/05/2025	04:22:03	40.53910	141.55795	-0	0.0	3	2.3	200
16/05/2025	04:23:05	40.53902	141.55823	38	0.0	3	2.3	172
16/05/2025	04:24:05	40.53902	141.55806	18	0.0	3	2.3	178
16/05/2025	04:25:06	40.53913	141.55796	-0	0.0	3	2.3	188
16/05/2025	04:26:04	40.53901	141.55810	10	0.0	3	2.3	193
16/05/2025	04:27:05	40.53899	141.55810	2	0.0	3	2.3	192
16/05/2025	04:28:05	40.53903	141.55802	-8	0.0	3	2.3	172
16/05/2025	04:29:07	40.53897	141.55804	-16	0.0	3	2.3	168
16/05/2025	04:30:05	40.53908	141.55802	16	0.0	4	2.0	178
16/05/2025	04:31:07	40.53908	141.55797	8	0.0	3	2.4	169
16/05/2025	04:32:08	40.53914	141.55798	2	0.0	4	2.0	170
16/05/2025	04:33:10	40.53909	141.55809	18	0.0	3	5.3	153
16/05/2025	04:34:07	40.53920	141.55868	98	0.0	3	5.4	154
16/05/2025	04:35:24	40.53911	141.55827	36	3.7	3	6.0	154
16/05/2025	04:36:11	40.53913	141.55812	30	0.0	3	6.0	157
16/05/2025	04:37:06	40.53919	141.55828	46	18.5	3	6.1	149
16/05/2025	04:38:08	40.53904	141.55793	-14	22.2	3	6.2	153
16/05/2025	04:39:16	40.53926	141.55858	96	7.4	3	6.3	152
16/05/2025	04:40:05	40.53927	141.55853	94	0.0	2	3.0	152
16/05/2025	04:41:06	40.53916	141.55814	4	14.8	3	7.0	155
16/05/2025	04:47:39	40.53909	141.55806	10	0.0	4	7.3	173
16/05/2025	04:48:03	40.53921	141.55795	6	0.0	4	7.3	158
16/05/2025	04:49:04	40.53908	141.55790	-8	0.0	4	7.2	182
16/05/2025	04:50:05	40.53907	141.55781	-12	0.0	4	7.1	181
16/05/2025	04:51:05	40.53904	141.55804	0	3.7	4	7.0	193
16/05/2025	04:52:03	40.53898	141.55753	-60	3.7	4	6.4	185
16/05/2025	04:53:04	40.53908	141.55794	-18	0.0	4	6.2	185
16/05/2025	04:54:04	40.53907	141.55810	8	3.7	4	6.1	187
16/05/2025	04:55:05	40.53910	141.55811	8	0.0	4	6.0	182
16/05/2025	04:56:06	40.53910	141.55819	22	0.0	4	5.4	190
16/05/2025	04:57:04	40.53918	141.55829	42	3.7	4	5.2	176
16/05/2025	04:58:03	40.53878	141.55658	-228	0.0	3	11.1	183
16/05/2025	04:59:04	40.53894	141.55767	-28	0.0	4	5.0	180
16/05/2025	05:00:03	40.53892	141.55747	-64	0.0	3	7.2	205
16/05/2025	05:01:05	40.53915	141.55794	-2	0.0	4	4.3	199
16/05/2025	05:02:04	40.53892	141.55805	2	0.0	3	7.0	191
16/05/2025	05:03:04	40.53909	141.55827	36	0.0	3	6.2	189
16/05/2025	05:04:03	40.53919	141.55811	16	0.0	3	5.4	189
16/05/2025	05:05:02	40.53936	141.55851	54	0.0	3	5.3	182
16/05/2025	05:06:05	40.53937	141.55788	6	7.4	3	5.1	161
16/05/2025	05:07:05	40.53892	141.55800	-12	3.7	4	3.4	186
16/05/2025	05:08:06	40.53912	141.55797	-4	0.0	2	5.0	146
16/05/2025	05:09:07	40.53917	141.55795	-0	0.0	2	4.4	154
16/05/2025	05:15:58	40.53907	141.55797	-14	0.0	3	3.4	128
16/05/2025	05:16:02	40.53894	141.55817	38	0.0	3	3.4	133
16/05/2025	05:17:03	40.53917	141.55803	-16	0.0	3	3.4	141
16/05/2025	05:18:03	40.53895	141.55788	-52	0.0	2	4.0	135
16/05/2025	05:19:03	40.53915	141.55811	34	0.0	2	4.0	132
16/05/2025	05:20:02	40.53898	141.55814	32	0.0	3	3.4	136
16/05/2025	05:21:03	40.53901	141.55802	-18	0.0	3	3.4	136
16/05/2025	05:22:03	40.53899	141.55800	24	0.0	2	4.0	135
16/05/2025	05:23:03	40.53906	141.55785	-36	0.0	3	3.3	139
16/05/2025	05:24:03	40.53901	141.55790	0	0.0	3	3.3	155
16/05/2025	05:25:03	40.53910	141.55799	32	0.0	2	4.0	136
16/05/2025	05:26:03	40.53904	141.55818	26	0.0	3	3.3	156
16/05/2025	05:27:03	40.53899	141.55785	-92	0.0	2	4.1	158
16/05/2025	05:28:02	40.53905	141.55806	26	0.0	2	4.1	160
16/05/2025	05:29:03	40.53906	141.55788	-28	0.0	3	3.3	159
16/05/2025	05:30:03	40.53905	141.55802	-14	0.0	3	3.3	158
16/05/2025	05:31:02	40.53892	141.55848	-4	0.0	3	3.4	136
16/05/2025	05:32:02	40.53905	141.55812	-0	0.0	3	3.4	161
16/05/2025	05:33:03	40.53893	141.55812	-4	0.0	3	3.4	132
16/05/2025	05:34:03	40.53908	141.55793	-18	0.0	3	3.4	135
16/05/2025	05:35:04	40.53907	141.55806	6	0.0	3	3.4	159
16/05/2025	05:36:02	40.53911	141.55792	-50	0.0	3	3.4	160
16/05/2025	05:37:02	40.53905	141.55802	-16	0.0	3	3.4	160
16/05/2025	05:38:03	40.53926	141.55774	-12	0.0	3	3.4	159
16/05/2025	05:39:03	40.53932	141.55769	-18	0.0	3	3.4	159
16/05/2025	05:40:03	40.53913	141.55805	18	0.0	3	3.4	158
16/05/2025	05:41:03	40.53907	141.55804	8	0.0	3	3.4	161
16/05/2025	05:42:03	40.53893	141.55816	24	0.0	3	3.4	158
16/05/2025	05:43:03	40.53914	141.55787	10	0.0	3	4.0	158
16/05/2025	05:44:04	40.53899	141.55811	32	0.0	3	4.0	154
16/05/2025	05:45:04	40.53903	141.55809	18	0.0	3	4.0	156
16/05/2025	05:46:04	40.53914	141.55795	-8	0.0	3	4.0	158
16/05/2025	05:47:04	40.53911	141.55795	-0	0.0	3	4.0	132
16/05/2025	05:48:04	40.53897	141.55810	24	0.0	3	4.0	157
16/05/2025	05:49:04	40.53925	141.55793	-20	18.5	3	4.0	158
16/05/2025	05:50:05	40.53921	141.55778	-12	3.7	3	4.0	152
16/05/2025	05:51:14	40.53910	141.55798	-2	0.0	3	4.0	152
16/05/2025	05:52:09	40.53908	141.55797	-0	0.0	3	4.0	167
16/05/2025	05:53:08	40.53913	141.55793	-4	0.0	3	4.1	156
16/05/2025	05:54:05	40.53916	141.55790	-2	3.7	3	4.1	155
16/05/2025	05:55:05	40.53886	141.55826	46	3.7	3	4.1	156
16/05/2025	05:56:04	40.53903	141.55802	18	0.0	3	4.1	164
16/05/2025	05:57:05	40.53921	141.55788	-18	0.0	3	4.1	161
16/05/2025	05:58:05	40.53913	141.55794	-0	0.0	3	4.1	162
16/05/2025	05:59:04	40.53903	141.55803	10	3.7	3	4.1	161
16/05/2025	06:00:02	40.53944	141.55736	-10	0.0	2	12.4	163
16/05/2025	06:01:03	40.53897	141.55824	-18	0.0	2	12.0	163
16/05/2025	06:02:03	40.53904	141.55803	-2	0.0	2	11.1	166
16/05/2025	06:03:03	40.53925	141.55772	-10	0.0	2	10.3	168
16/05/2025	06:04:03	40.53940	141.55750	2	0.0	2	10.0	167
16/05/2025	06:05:04	40.53893	141.55808	-52	0.0	2	9.3	184
16/05/2025	06:06:04	40.53920	141.55789	12	3.7	2	9.1	187
16/05/2025	06:07:04	40.53921	141.55781	20	0.0	2	8.4	184
16/05/2025	06:08:03	40.53891	141.55824	-50	0.0	2	8.3	185
16/05/2025	06:09:04	40.53897	141.55794	-6	0.0	2	8.1	190
16/05/2025	06:10:03	40.53910	141.55794	2	0.0	2	8.0	168
16/05/2025	06:11:03	40.53975	141.55690	60	0.0	2	7.4	185
16/05/2025	06:12:04	40.53926	141.55755	-0	0.0	2	7.3	174
16/05/2025	06:13:04	40.53891	141.55838	-22	0.0	2	7.2	194
16/05/2025	06:14:10	40.53810	141.56029	-74	11.1	2	7.2	162
16/05/2025	06:15:05	40.53894	141.55828	12	0.0	2	7.1	150
16/05/2025	06:16:03	40.53906	141.55805	-2	3.7	2	7.0	193
16/05/2025	06:17:03	40.53918	141.55775	-6	0.0	2	7.0	233
16/05/2025	06:18:03	40.53906	141.55803	30	0.0	2	6.4	225
16/05/2025	06:19:03	40.53920	141.55769	-0	0.0	2	6.4	180
16/05/2025	06:20:07	40.53912	141.55789	12	0.0	2	6.3	217
16/05/2025	06:21:11	40.53921	141.55770	0	0.0	2	6.3	203
16/05/2025	06:22:03	40.53878	141.55803	16	0.0	2	6.3	181
16/05/2025	06:23:03	40.53993	141.55565	12	0.0	2	6.2	270
16/05/2025	06:24:04	40.54001	141.55568	-6	0.0	2	6.2	271
16/05/2025	06:25:04	40.54020	141.55561	12	0.0	2	6.2	276
16/05/2025	06:26:05	40.54017	141.55586	-18	0.0	2	6.1	261
16/05/2025	06:27:03	40.53930	141.55793	6	0.0	2	6.1	287
16/05/2025	06:28:04	40.53981	141.55704	-18	0.0	2	6.1	272
16/05/2025	06:29:04	40.53978	141.55694	-0	0.0	2	6.1	262
16/05/2025	06:30:03	40.53979	141.55694	16	0.0	2	6.0	280
16/05/2025	06:31:03	40.53956	141.55726	-2	0.0	2	6.0	301
16/05/2025	06:32:04	40.53999	141.55647	4	0.0	2	6.0	262
16/05/2025	06:33:03	40.53989	141.55661	14	0.0	2	6.0	283
16/05/2025	06:34:04	40.53983	141.55675	18	0.0	2	6.0	270
16/05/2025	06:35:03	40.53963	141.55733	22	0.0	2	5.4	279
16/05/2025	06:36:03	40.53976	141.55689	-12	0.0	2	5.4	258
16/05/2025	06:37:04	40.53999	141.55645	-16	0.0	2	5.4	269
16/05/2025	06:38:02	40.53956	141.55754	14	0.0	2	5.4	265
16/05/2025	06:39:03	40.54000	141.55638	-8	0.0	2	5.4	266
16/05/2025	06:40:04	40.53976	141.55700	2	0.0	2	5.4	263
16/05/2025	06:41:03	40.53981	141.55695	4	0.0	2	5.4	269
16/05/2025	06:42:02	40.53974	141.55712	-0	0.0	2	5.4	270
16/05/2025	06:43:04	40.53984	141.55673	4	0.0	2	5.4	260
16/05/2025	06:44:02	40.54128	141.55606	18	29.6	2	5.4	270
16/05/2025	06:45:05	40.54612	141.55248	20	37.0	2	5.3	269
16/05/2025	06:46:31	40.54670	141.55042	10	18.5	2	5.3	263
16/05/2025	06:47:03	40.54805	141.54932	-2	25.9	2	5.3	272
16/05/2025	06:48:02	40.54976	141.54802	18	22.2	2	5.3	266
16/05/2025	06:49:03	40.55037	141.54757	6	0.0	2	5.3	259
16/05/2025	06:50:03	40.55059	141.54678	-16	0.0	2	5.3	260
16/05/2025	06:51:02	40.55061	141.54756	8	18.5	2	5.3	273
16/05/2025	06:52:01	40.55019	141.54708	2	40.7	2	5.3	261
16/05/2025	06:53:07	40.54944	141.54477	0	0.0	2	5.3	253
16/05/2025	06:54:03	40.54942	141.54497	2	0.0	2	5.3	259
16/05/2025	06:55:04	40.54936	141.54511	10	3.7	2	5.3	258
16/05/2025	06:56:02	40.54930	141.54526	14	0.0	2	5.3	265
16/05/2025	06:57:04	40.54948	141.54479	8	0.0	2	5.3	259
16/05/2025	06:58:02	40.54962	141.54455	6	0.0	2	5.3	263
16/05/2025	06:59:18	40.54936	141.54515	10	0.0	2	5.3	269
16/05/2025	07:00:30	40.54934	141.54526	8	0.0	6	0.4	250
16/05/2025	07:01:00	40.54932	141.54516	38	0.0	3	2.3	261
16/05/2025	07:02:01	40.54903	141.54544	46	0.0	5	2.3	265
16/05/2025	07:03:00	40.54913	141.54574	6	0.0	5	1.0	274
16/05/2025	07:04:00	40.54921	141.54578	-14	0.0	4	2.3	266
16/05/2025	07:05:00	40.54840	141.54602	-16	0.0	3	2.1	263
16/05/2025	07:06:01	40.54803	141.54863	10	22.2	4	1.2	261
16/05/2025	07:07:01	40.54609	141.55270	-0	0.0	4	2.3	257
16/05/2025	07:08:02	40.54598	141.55264	4	0.0	5	1.0	250
16/05/2025	07:09:01	40.54596	141.55261	0	0.0	5	1.0	249
16/05/2025	07:10:02	40.54588	141.55250	20	0.0	5	2.3	257
16/05/2025	07:11:01	40.54586	141.55250	24	0.0	4	2.3	269
16/05/2025	07:12:00	40.54590	141.55251	14	0.0	3	2.4	277
16/05/2025	07:13:01	40.54599	141.55262	16	0.0	5	1.0	258
16/05/2025	07:14:01	40.54589	141.55267	-6	0.0	4	2.0	240
16/05/2025	07:15:01	40.54593	141.55261	28	0.0	5	1.0	267
16/05/2025	07:16:01	40.54589	141.55244	4	0.0	4	2.3	265
16/05/2025	07:17:01	40.54602	141.55266	14	0.0	5	1.0	261
16/05/2025	07:18:00	40.54597	141.55229	42	3.7	4	1.1	276
16/05/2025	07:19:01	40.54595	141.55260	14	0.0	4	2.4	260
16/05/2025	07:20:00	40.54599	141.55252	54	0.0	3	2.4	268
16/05/2025	07:21:01	40.54594	141.55270	-8	0.0	4	1.0	270
16/05/2025	07:22:01	40.54597	141.55270	10	0.0	5	1.0	274
16/05/2025	07:23:00	40.54589	141.55264	-4	0.0	4	1.3	264
16/05/2025	07:24:01	40.54600	141.55271	-0	0.0	4	2.3	268
16/05/2025	07:25:00	40.54607	141.55258	-2	0.0	4	2.3	274
16/05/2025	07:26:00	40.54604	141.55258	14	0.0	4	2.3	271
16/05/2025	07:27:00	40.54619	141.55299	-20	0.0	4	2.2	273
16/05/2025	07:28:01	40.54609	141.55274	0	0.0	4	2.2	273
16/05/2025	07:29:01	40.54601	141.55264	8	0.0	4	2.2	272
16/05/2025	07:30:01	40.54597	141.55267	14	3.7	4	2.2	271
16/05/2025	07:31:01	40.54727	141.54968	36	33.3	3	1.3	214
16/05/2025	07:32:03	40.54913	141.54948	14	0.0	4	1.0	268
16/05/2025	07:33:01	40.54915	141.54952	14	0.0	5	1.0	267
16/05/2025	07:34:01	40.54919	141.54947	16	0.0	5	1.0	236
16/05/2025	07:35:00	40.54919	141.54954	32	0.0	4	1.3	248
16/05/2025	07:36:01	40.54916	141.54952	12	0.0	5	1.0	273
16/05/2025	07:37:00	40.54913	141.54942	-16	0.0	4	1.3	269
16/05/2025	07:38:00	40.54897	141.54955	-16	0.0	4	1.3	265
16/05/2025	07:39:00	40.54916	141.54937	8	0.0	3	1.4	215
16/05/2025	07:40:01	40.54912	141.54948	8	0.0	5	1.0	272
16/05/2025	07:41:00	40.54914	141.54954	14	0.0	3	2.2	242
16/05/2025	07:42:00	40.54905	141.54956	8	0.0	3	2.4	271
16/05/2025	07:43:00	40.54900	141.54945	16	0.0	3	2.2	272
16/05/2025	07:44:01	40.55036	141.54556	-0	40.7	4	1.3	264
16/05/2025	07:45:02	40.55056	141.54418	46	0.0	3	4.0	240
16/05/2025	07:46:02	40.55196	141.54006	12	48.2	4	1.0	264
16/05/2025	07:47:01	40.55064	141.53172	14	48.2	4	1.3	260
16/05/2025	07:48:01	40.54852	141.52369	10	33.3	4	1.3	258
16/05/2025	07:49:01	40.54630	141.51546	2	37.0	4	1.3	258
16/05/2025	07:50:02	40.54569	141.51390	14	0.0	4	1.3	265
16/05/2025	07:51:01	40.54573	141.51384	-16	0.0	3	2.4	267
16/05/2025	07:52:01	40.54563	141.51393	10	0.0	3	2.4	262
16/05/2025	07:53:01	40.54358	141.50895	10	44.4	4	1.3	260
16/05/2025	07:54:01	40.54301	141.50695	10	0.0	3	2.4	276
16/05/2025	07:55:01	40.54299	141.50686	14	0.0	4	1.3	241
16/05/2025	07:56:02	40.54289	141.50716	-76	3.7	2	7.1	231
16/05/2025	07:57:02	40.54237	141.50527	16	0.0	3	2.4	256
16/05/2025	07:58:01	40.54254	141.50549	28	0.0	2	5.1	141
16/05/2025	07:59:01	40.54244	141.50535	4	0.0	3	2.4	262
16/05/2025	08:00:02	40.54289	141.50560	-110	0.0	2	6.2	240
16/05/2025	08:01:03	40.54298	141.50532	-24	0.0	2	6.1	254
16/05/2025	08:02:02	40.54204	141.50575	24	0.0	2	2.4	199
16/05/2025	08:03:02	40.54257	141.50783	16	29.6	2	2.3	260
16/05/2025	08:04:01	40.54328	141.51039	0	0.0	3	2.1	252
16/05/2025	08:05:01	40.54309	141.51002	14	0.0	3	2.4	261
16/05/2025	08:06:00	40.54339	141.51040	20	0.0	3	2.4	237
16/05/2025	08:07:02	40.54326	141.51020	14	0.0	3	2.4	256
16/05/2025	08:08:01	40.54325	141.51019	0	0.0	2	8.1	188
16/05/2025	08:09:01	40.54316	141.51008	12	0.0	3	2.4	258
16/05/2025	08:10:02	40.54317	141.51003	16	0.0	3	2.4	260
16/05/2025	08:11:01	40.54318	141.50999	8	0.0	3	2.4	232
16/05/2025	08:12:01	40.54319	141.51016	10	0.0	3	2.3	266
16/05/2025	08:13:01	40.54335	141.51017	-16	0.0	2	5.3	250
16/05/2025	08:14:02	40.54310	141.50998	14	0.0	3	2.3	259
16/05/2025	08:15:02	40.54322	141.51022	16	0.0	2	5.3	194
16/05/2025	08:16:01	40.54323	141.51017	14	0.0	3	2.3	253
16/05/2025	08:17:01	40.54321	141.51026	6	0.0	3	2.3	259
16/05/2025	08:18:01	40.54310	141.51010	14	0.0	3	2.3	258
16/05/2025	08:19:01	40.54320	141.51020	-10	0.0	3	2.3	266
16/05/2025	08:20:01	40.54310	141.51019	14	0.0	2	8.4	235
16/05/2025	08:21:01	40.54318	141.51031	20	0.0	3	2.3	254
16/05/2025	08:22:01	40.54321	141.51047	32	0.0	2	5.3	256
16/05/2025	08:23:02	40.54328	141.51030	26	0.0	3	2.3	284
16/05/2025	08:24:01	40.54318	141.51022	-0	0.0	3	2.3	291
16/05/2025	08:25:01	40.54323	141.51028	12	0.0	3	2.3	292
16/05/2025	08:26:02	40.54316	141.51006	-8	0.0	3	2.3	279
16/05/2025	08:27:01	40.54311	141.51011	-4	0.0	3	2.3	263
16/05/2025	08:28:01	40.54322	141.51014	14	0.0	2	3.1	256
16/05/2025	08:29:01	40.54305	141.51012	14	0.0	3	2.3	291
16/05/2025	08:30:01	40.54325	141.51030	4	0.0	3	2.3	257
16/05/2025	08:31:01	40.54310	141.51025	20	0.0	3	2.3	251
16/05/2025	08:32:01	40.54314	141.51017	-10	0.0	3	2.3	241
16/05/2025	08:33:01	40.54316	141.51024	-0	0.0	3	2.3	258
16/05/2025	08:34:02	40.54328	141.51030	0	0.0	2	2.4	249
16/05/2025	08:35:02	40.54248	141.50913	-18	0.0	2	9.1	267
16/05/2025	08:36:01	40.54334	141.51028	4	0.0	3	2.3	234
16/05/2025	08:37:01	40.54289	141.50972	-12	0.0	2	9.1	231
16/05/2025	08:38:02	40.54336	141.51031	68	0.0	1	10.1	247
16/05/2025	08:39:01	40.54324	141.51024	-14	0.0	3	2.2	262
16/05/2025	08:40:01	40.54315	141.50986	-18	0.0	3	2.3	226
16/05/2025	08:41:01	40.54318	141.51013	-4	0.0	3	2.3	288
16/05/2025	08:42:02	40.54319	141.51020	4	0.0	3	2.2	260
16/05/2025	08:43:01	40.54321	141.51017	-12	0.0	3	2.2	258
16/05/2025	08:44:02	40.54336	141.51051	40	0.0	2	8.4	253
16/05/2025	08:45:01	40.54344	141.51057	14	0.0	2	8.4	262
16/05/2025	08:46:01	40.54322	141.51013	12	0.0	3	2.2	265
16/05/2025	08:47:01	40.54316	141.51019	30	0.0	3	2.2	263
16/05/2025	08:48:01	40.54317	141.51006	-10	0.0	3	2.2	257
16/05/2025	08:49:02	40.54324	141.51036	26	0.0	3	2.2	261
16/05/2025	08:50:01	40.54582	141.51155	10	29.6	2	2.4	258
16/05/2025	08:51:02	40.54991	141.51290	0	25.9	3	2.2	262
16/05/2025	08:52:01	40.55431	141.51533	6	33.3	3	2.3	255
16/05/2025	08:53:01	40.55658	141.51554	10	0.0	3	2.2	267
16/05/2025	08:54:02	40.55677	141.51577	-20	0.0	2	2.3	255
16/05/2025	08:55:02	40.55668	141.51577	10	0.0	3	2.2	255
16/05/2025	08:56:01	40.55667	141.51567	0	0.0	3	2.2	249
16/05/2025	08:57:01	40.55672	141.51571	-2	0.0	3	2.2	253
16/05/2025	08:58:01	40.55672	141.51564	2	0.0	3	2.2	238
16/05/2025	08:59:01	40.55674	141.51535	60	22.2	2	2.2	261
16/05/2025	09:00:06	40.56001	141.51537	-22	0.0	3	3.2	253
16/05/2025	09:01:02	40.56143	141.51509	2	18.5	3	3.2	280
16/05/2025	09:02:01	40.56137	141.51462	0	0.0	2	3.0	251
16/05/2025	09:03:02	40.56132	141.51468	28	0.0	3	3.2	245
16/05/2025	09:04:03	40.56095	141.51434	28	22.2	2	3.0	254
16/05/2025	09:05:03	40.55699	141.51361	4	33.3	3	3.2	279
16/05/2025	09:06:02	40.55694	141.51375	20	0.0	3	3.2	284
16/05/2025	09:07:04	40.55692	141.51386	32	0.0	3	3.2	287
16/05/2025	09:08:04	40.55704	141.51395	36	0.0	2	3.0	274
16/05/2025	09:09:03	40.55709	141.51411	36	0.0	2	3.0	227
16/05/2025	09:10:01	40.55701	141.51380	34	0.0	2	3.0	264
16/05/2025	09:11:29	40.55691	141.51388	52	0.0	3	3.2	256
16/05/2025	09:12:00	40.55722	141.51401	34	0.0	3	2.2	179
16/05/2025	09:13:00	40.55694	141.51409	110	0.0	4	2.1	178
16/05/2025	09:14:01	40.55710	141.51411	6	0.0	4	2.1	242
16/05/2025	09:15:00	40.55695	141.51413	44	0.0	4	2.1	205
16/05/2025	09:16:00	40.55719	141.51387	-0	0.0	3	2.2	168
16/05/2025	09:17:01	40.55707	141.51397	8	0.0	4	2.1	247
16/05/2025	09:18:03	40.55712	141.51396	-4	0.0	4	2.1	244
16/05/2025	09:19:01	40.55708	141.51414	48	0.0	4	2.2	175
16/05/2025	09:20:01	40.55712	141.51391	-2	0.0	4	2.3	238
16/05/2025	09:21:01	40.55700	141.51415	40	0.0	4	2.2	149
16/05/2025	09:22:01	40.55715	141.51359	-42	0.0	3	3.3	227
16/05/2025	09:23:01	40.55724	141.51382	-42	0.0	4	2.2	205
16/05/2025	09:24:01	40.55705	141.51416	36	0.0	4	2.2	218
16/05/2025	09:25:01	40.55697	141.51408	44	0.0	4	2.2	200
16/05/2025	09:26:01	40.55709	141.51405	36	0.0	4	2.2	226
16/05/2025	09:27:01	40.55710	141.51394	16	0.0	4	2.3	226
16/05/2025	09:28:01	40.55695	141.51433	72	0.0	3	2.3	200
16/05/2025	09:29:02	40.55725	141.51377	-112	0.0	2	3.1	249
16/05/2025	09:30:02	40.55692	141.51415	148	0.0	2	3.1	226
16/05/2025	09:31:01	40.55704	141.51407	34	0.0	2	3.2	176
16/05/2025	09:32:04	40.55715	141.51408	-6	0.0	2	3.2	212
16/05/2025	09:33:02	40.55700	141.51415	124	0.0	2	4.4	193
16/05/2025	09:34:03	40.55712	141.51396	24	0.0	3	2.4	205
16/05/2025	09:35:02	40.55710	141.51392	0	0.0	3	2.4	206
16/05/2025	09:36:01	40.55697	141.51408	40	0.0	3	2.4	177
16/05/2025	09:37:02	40.55707	141.51390	-8	0.0	3	2.4	225
16/05/2025	09:38:02	40.55705	141.51396	42	0.0	3	2.4	202
16/05/2025	09:39:05	40.55711	141.51392	18	0.0	3	2.4	214
16/05/2025	09:40:04	40.55694	141.51426	102	0.0	2	4.1	182
16/05/2025	09:41:03	40.55692	141.51413	86	0.0	2	4.2	232
16/05/2025	09:42:02	40.55728	141.51378	-60	0.0	2	4.3	219
16/05/2025	09:43:02	40.55712	141.51404	32	0.0	2	4.3	168
16/05/2025	09:44:02	40.55703	141.51388	10	0.0	2	4.4	239
16/05/2025	09:45:04	40.55707	141.51403	32	0.0	3	2.4	211
16/05/2025	09:46:02	40.55680	141.51427	178	0.0	2	5.1	252
16/05/2025	09:47:01	40.55712	141.51363	32	0.0	3	3.2	232
16/05/2025	09:48:02	40.55710	141.51362	16	0.0	3	3.2	284
16/05/2025	09:49:02	40.55700	141.51359	42	0.0	3	3.2	286
16/05/2025	09:50:02	40.55723	141.51358	2	0.0	3	3.2	287
16/05/2025	09:51:02	40.55730	141.51347	-8	0.0	3	3.2	287
16/05/2025	09:52:02	40.55717	141.51357	2	0.0	3	3.2	289
16/05/2025	09:53:02	40.55729	141.51330	-26	0.0	4	2.3	294
16/05/2025	09:54:01	40.55710	141.51359	32	0.0	3	3.2	288
16/05/2025	09:55:00	40.55693	141.51393	42	0.0	4	2.2	233
16/05/2025	09:56:01	40.55729	141.51344	-22	0.0	4	2.2	229
16/05/2025	09:57:01	40.55720	141.51359	14	0.0	4	2.2	250
16/05/2025	09:58:01	40.55713	141.51360	16	0.0	4	2.2	231
16/05/2025	09:59:01	40.55799	141.51332	14	29.6	4	2.2	282
16/05/2025	10:00:01	40.56185	141.51123	14	25.9	3	2.4	278
16/05/2025	10:01:01	40.56294	141.51220	16	0.0	4	2.2	270
16/05/2025	10:02:02	40.56288	141.51217	-8	0.0	4	2.2	274
16/05/2025	10:03:00	40.56270	141.51222	42	0.0	4	2.3	228
16/05/2025	10:04:01	40.56276	141.51180	6	0.0	3	3.2	211
16/05/2025	10:05:01	40.56258	141.51204	2	0.0	4	2.2	169
16/05/2025	10:06:01	40.56251	141.51197	6	0.0	4	2.1	219
16/05/2025	10:07:01	40.56232	141.51210	8	0.0	4	2.1	244
16/05/2025	10:08:01	40.56241	141.51211	-6	0.0	4	2.1	188
16/05/2025	10:09:01	40.56225	141.51224	-0	0.0	4	2.1	220
16/05/2025	10:10:01	40.56214	141.51219	14	0.0	3	3.1	215
16/05/2025	10:11:00	40.56214	141.51239	-10	0.0	3	2.2	192
16/05/2025	10:12:01	40.56205	141.51232	6	0.0	4	2.1	216
16/05/2025	10:13:01	40.56202	141.51246	-2	0.0	3	2.1	192
16/05/2025	10:14:01	40.56177	141.51265	26	0.0	3	3.0	257
16/05/2025	10:15:01	40.56192	141.51264	-24	0.0	3	2.1	239
16/05/2025	10:16:02	40.56170	141.51287	16	0.0	4	2.0	259
16/05/2025	10:17:01	40.56181	141.51290	-2	0.0	2	4.3	235
16/05/2025	10:18:01	40.56172	141.51295	-0	0.0	4	2.0	241
16/05/2025	10:19:01	40.56153	141.51312	18	0.0	3	2.1	238
16/05/2025	10:20:01	40.56154	141.51322	-0	0.0	4	2.0	266
16/05/2025	10:21:01	40.56154	141.51337	8	0.0	3	2.1	216
16/05/2025	10:22:01	40.56160	141.51328	-12	0.0	3	2.1	238
16/05/2025	10:23:01	40.56160	141.51362	0	0.0	3	2.1	239
16/05/2025	10:24:01	40.56147	141.51348	6	0.0	4	2.0	243
16/05/2025	10:25:01	40.56146	141.51347	-6	0.0	3	2.0	270
16/05/2025	10:26:02	40.56141	141.51371	-22	0.0	3	2.0	251
16/05/2025	10:27:01	40.56138	141.51377	12	0.0	3	2.1	247
16/05/2025	10:28:02	40.56126	141.51391	2	0.0	3	11.0	244
16/05/2025	10:29:01	40.56133	141.51365	-10	0.0	3	2.0	253
16/05/2025	10:30:01	40.56138	141.51404	20	0.0	3	2.0	271
16/05/2025	10:31:01	40.56122	141.51409	6	0.0	3	2.0	214
16/05/2025	10:32:02	40.56124	141.51421	10	0.0	3	2.0	269
16/05/2025	10:33:01	40.56120	141.51426	10	0.0	3	2.0	236
16/05/2025	10:34:01	40.56112	141.51444	50	0.0	2	3.2	221
16/05/2025	10:35:01	40.56126	141.51458	14	0.0	3	4.0	225
16/05/2025	10:36:01	40.56126	141.51432	6	0.0	3	2.0	266
16/05/2025	10:37:02	40.56119	141.51442	-4	0.0	3	2.0	256
16/05/2025	10:38:01	40.56107	141.51448	16	0.0	3	2.0	264
16/05/2025	10:39:02	40.56098	141.51464	-10	0.0	3	2.0	248
16/05/2025	10:40:01	40.56097	141.51454	-10	0.0	3	2.0	211
16/05/2025	10:41:02	40.56087	141.51486	10	0.0	3	2.0	237
16/05/2025	10:42:02	40.56089	141.51485	-30	0.0	2	3.0	260
16/05/2025	10:43:01	40.56086	141.51509	-26	0.0	2	3.0	138
16/05/2025	10:44:01	40.56081	141.51500	2	0.0	3	2.0	141
16/05/2025	10:45:01	40.56077	141.51552	6	0.0	3	2.0	191
16/05/2025	10:46:01	40.56076	141.51551	2	0.0	3	1.4	254
16/05/2025	10:47:01	40.56059	141.51572	28	0.0	2	3.0	187
16/05/2025	10:48:02	40.56052	141.51589	-6	0.0	2	2.4	270
16/05/2025	10:49:02	40.56038	141.51626	0	0.0	2	2.4	269
16/05/2025	10:50:02	40.56029	141.51628	-0	0.0	2	2.4	258
16/05/2025	10:51:01	40.56026	141.51641	12	0.0	2	2.4	219
16/05/2025	10:52:02	40.56022	141.51650	-6	0.0	2	2.4	264
16/05/2025	10:53:02	40.56009	141.51678	0	0.0	3	1.4	242
16/05/2025	10:54:01	40.56000	141.51686	28	0.0	2	2.3	268
16/05/2025	10:55:02	40.56005	141.51704	10	0.0	3	1.4	273
16/05/2025	10:56:02	40.55996	141.51678	4	0.0	3	1.4	245
16/05/2025	10:57:02	40.55992	141.51695	10	0.0	3	1.4	266
16/05/2025	10:58:02	40.55987	141.51691	8	0.0	2	2.3	245
16/05/2025	10:59:02	40.55986	141.51698	4	0.0	2	2.3	265
16/05/2025	11:00:30	40.55984	141.51708	8	0.0	5	1.2	266
16/05/2025	11:01:01	40.55969	141.51708	8	0.0	3	2.2	201
16/05/2025	11:02:01	40.55969	141.51706	30	0.0	4	2.0	221
16/05/2025	11:03:00	40.55981	141.51723	16	0.0	3	2.2	168
16/05/2025	11:04:01	40.55969	141.51716	6	0.0	3	2.4	251
16/05/2025	11:05:01	40.55960	141.51691	34	0.0	3	2.4	253
16/05/2025	11:06:00	40.55964	141.51708	-4	0.0	3	2.4	226
16/05/2025	11:07:01	40.55967	141.51692	12	0.0	4	2.1	256
16/05/2025	11:08:01	40.55954	141.51692	28	0.0	4	2.1	254
16/05/2025	11:09:01	40.55956	141.51679	-2	0.0	3	2.4	279
16/05/2025	11:10:00	40.55934	141.51665	38	0.0	3	2.4	199
16/05/2025	11:11:01	40.55958	141.51685	16	0.0	4	2.2	275
16/05/2025	11:12:00	40.55944	141.51661	42	0.0	3	2.4	199
16/05/2025	11:13:00	40.55972	141.51648	18	0.0	3	2.4	226
16/05/2025	11:14:00	40.55989	141.51672	24	0.0	3	2.4	225
16/05/2025	11:15:00	40.55999	141.51674	-4	0.0	4	2.0	203
16/05/2025	11:16:01	40.55993	141.51695	10	7.4	4	2.2	280
16/05/2025	11:17:02	40.56230	141.52160	30	22.2	3	2.4	285
16/05/2025	11:18:01	40.56257	141.52160	18	0.0	4	2.0	286
16/05/2025	11:19:01	40.56255	141.52148	-6	0.0	4	2.1	200
16/05/2025	11:20:00	40.56243	141.52171	70	0.0	3	2.1	168
16/05/2025	11:21:01	40.56261	141.52170	-0	0.0	4	2.1	204
16/05/2025	11:22:01	40.56247	141.52181	38	0.0	4	2.1	146
16/05/2025	11:23:01	40.56267	141.52173	2	0.0	4	2.1	219
16/05/2025	11:24:01	40.56255	141.52174	-18	0.0	3	2.2	222
16/05/2025	11:25:01	40.56256	141.52169	-52	0.0	3	2.2	172
16/05/2025	11:26:02	40.56252	141.52171	-16	0.0	3	2.2	192
16/05/2025	11:27:01	40.56272	141.52158	-24	0.0	4	2.1	201
16/05/2025	11:28:01	40.56275	141.52168	-70	0.0	3	2.3	172
16/05/2025	11:29:01	40.56265	141.52185	-4	0.0	3	2.3	144
16/05/2025	11:30:01	40.56284	141.52170	-46	0.0	3	2.4	227
16/05/2025	11:31:01	40.56289	141.52153	-66	0.0	3	2.4	174
16/05/2025	11:32:01	40.56272	141.52177	4	0.0	3	2.4	225
16/05/2025	11:33:01	40.56274	141.52193	58	0.0	4	2.2	225
16/05/2025	11:34:01	40.56286	141.52184	14	0.0	4	2.2	247
16/05/2025	11:35:02	40.56287	141.52202	26	0.0	4	2.2	249
16/05/2025	11:36:02	40.56292	141.52202	16	0.0	3	3.1	270
16/05/2025	11:37:02	40.56292	141.52214	32	0.0	3	3.1	242
16/05/2025	11:38:02	40.56299	141.52203	18	0.0	4	2.2	226
16/05/2025	11:39:01	40.56311	141.52184	-34	0.0	4	2.2	219
16/05/2025	11:40:02	40.56325	141.52177	-92	0.0	3	3.3	223
16/05/2025	11:41:01	40.56289	141.52231	66	0.0	3	3.3	225
16/05/2025	11:42:02	40.56307	141.52203	-26	0.0	4	2.3	222
16/05/2025	11:43:02	40.56311	141.52215	0	0.0	4	2.3	228
16/05/2025	11:44:02	40.56315	141.52204	-22	0.0	3	4.0	254
16/05/2025	11:45:02	40.56311	141.52212	18	0.0	3	4.0	226
16/05/2025	11:46:02	40.56314	141.52216	-36	0.0	3	4.1	247
16/05/2025	11:47:02	40.56329	141.52191	-102	0.0	3	4.1	246
16/05/2025	11:48:02	40.56327	141.52206	-86	0.0	3	4.2	244
16/05/2025	11:49:02	40.56317	141.52265	34	0.0	3	4.2	224
16/05/2025	11:50:02	40.56318	141.52262	18	0.0	3	4.3	223
16/05/2025	11:51:02	40.56310	141.52279	24	0.0	3	4.3	227
16/05/2025	11:52:02	40.56322	141.52270	22	0.0	3	4.4	255
16/05/2025	11:53:02	40.56307	141.52286	58	0.0	3	4.4	252
16/05/2025	11:54:02	40.56315	141.52314	124	0.0	3	4.4	208
16/05/2025	11:55:02	40.56335	141.52231	-64	0.0	3	5.0	228
16/05/2025	11:56:02	40.56330	141.52256	16	0.0	3	5.0	227
16/05/2025	11:57:04	40.56315	141.52270	24	7.4	3	5.1	250
16/05/2025	11:58:02	40.56317	141.52260	24	0.0	3	5.1	250
16/05/2025	11:59:05	40.56337	141.52217	-48	7.4	3	5.1	247
16/05/2025	12:00:02	40.56311	141.52254	2	0.0	3	5.2	241
16/05/2025	12:01:02	40.56327	141.52223	-74	0.0	3	5.2	243
16/05/2025	12:02:01	40.56319	141.52262	-38	0.0	3	5.2	193
16/05/2025	12:03:02	40.56312	141.52285	12	0.0	3	5.3	234
16/05/2025	12:04:02	40.56312	141.52297	18	0.0	3	5.3	244
16/05/2025	12:05:06	40.56322	141.52269	-28	3.7	3	5.3	229
16/05/2025	12:06:08	40.56296	141.52297	22	11.1	3	5.3	223
16/05/2025	12:07:36	40.56294	141.52301	2	0.0	6	0.4	251
16/05/2025	12:08:00	40.56310	141.52300	24	0.0	4	2.0	296
16/05/2025	12:09:00	40.56279	141.52317	38	0.0	3	2.1	207
16/05/2025	12:10:00	40.56287	141.52318	12	0.0	3	2.3	226
16/05/2025	12:11:00	40.56279	141.52352	28	0.0	3	2.3	202
16/05/2025	12:12:00	40.56275	141.52335	34	0.0	3	2.3	197
16/05/2025	12:13:00	40.56284	141.52346	30	0.0	4	1.4	172
16/05/2025	12:14:01	40.56285	141.52339	-8	0.0	4	1.4	198
16/05/2025	12:15:01	40.56277	141.52345	0	0.0	5	1.1	257
16/05/2025	12:16:01	40.56289	141.52365	-0	0.0	4	1.4	253
16/05/2025	12:17:01	40.56283	141.52361	0	0.0	6	1.0	257
16/05/2025	12:18:00	40.56216	141.52264	12	25.9	4	2.2	220
16/05/2025	12:19:01	40.56201	141.52268	6	0.0	5	1.2	250
16/05/2025	12:20:00	40.56204	141.52244	18	0.0	3	2.4	200
16/05/2025	12:21:01	40.56200	141.52276	0	0.0	4	2.1	245
16/05/2025	12:22:01	40.56188	141.52279	10	0.0	5	1.1	245
16/05/2025	12:23:00	40.56175	141.52296	-28	0.0	4	2.1	197
16/05/2025	12:24:00	40.56172	141.52294	-0	0.0	3	2.4	247
16/05/2025	12:25:01	40.56170	141.52305	4	0.0	4	1.2	243
16/05/2025	12:26:00	40.56170	141.52305	14	0.0	4	1.3	170
16/05/2025	12:27:00	40.56166	141.52298	16	0.0	4	2.0	226
16/05/2025	12:28:00	40.56165	141.52320	10	0.0	3	2.4	198
16/05/2025	12:29:00	40.56158	141.52322	-8	0.0	4	1.3	223
16/05/2025	12:30:00	40.56140	141.52328	6	0.0	4	1.4	204
16/05/2025	12:31:01	40.56065	141.52292	-4	33.3	6	1.0	235
16/05/2025	12:32:00	40.55520	141.52405	-4	37.0	4	2.0	204
16/05/2025	12:33:00	40.54989	141.52200	-8	33.3	3	1.4	230
16/05/2025	12:34:01	40.54866	141.52205	-2	0.0	5	1.1	282
16/05/2025	12:35:01	40.54881	141.52220	4	0.0	4	3.0	252
16/05/2025	12:36:00	40.54886	141.52251	8	0.0	5	1.1	249
16/05/2025	12:37:01	40.54897	141.52272	14	0.0	5	1.1	281
16/05/2025	12:38:02	40.54752	141.52829	26	40.7	5	1.3	255
16/05/2025	12:39:01	40.54425	141.53409	30	37.0	3	1.3	122
16/05/2025	12:40:01	40.54040	141.53985	34	40.7	4	2.1	248
16/05/2025	12:41:01	40.53916	141.54793	10	40.7	4	1.4	270
16/05/2025	12:42:01	40.53902	141.54892	10	0.0	5	1.3	228
16/05/2025	12:43:01	40.53894	141.54892	16	0.0	5	1.4	262
16/05/2025	12:44:01	40.53891	141.54900	28	0.0	5	1.4	263
16/05/2025	12:45:01	40.53905	141.54896	0	0.0	5	1.4	258
16/05/2025	12:46:00	40.53910	141.54879	-14	0.0	4	2.3	212
16/05/2025	12:47:01	40.53905	141.54891	2	0.0	6	1.0	257
16/05/2025	12:48:00	40.53904	141.54904	14	0.0	4	2.3	236
16/05/2025	12:49:01	40.53918	141.54899	-20	0.0	3	9.3	230
16/05/2025	12:50:00	40.53899	141.54894	20	0.0	6	1.0	264
16/05/2025	12:51:00	40.53901	141.54891	4	0.0	5	2.0	260
16/05/2025	12:52:01	40.53907	141.54888	2	0.0	5	1.4	254
16/05/2025	12:53:00	40.53902	141.54884	-2	0.0	4	2.4	280
16/05/2025	12:54:00	40.53899	141.54909	12	0.0	3	2.4	175
16/05/2025	12:55:02	40.53899	141.54895	6	0.0	5	1.4	261
16/05/2025	12:56:00	40.53899	141.54898	8	0.0	5	1.1	263
16/05/2025	12:57:00	40.53900	141.54906	10	0.0	4	2.4	259
16/05/2025	12:58:01	40.53904	141.54895	-0	0.0	5	2.1	257
16/05/2025	12:59:01	40.53902	141.54898	4	0.0	5	2.1	264
16/05/2025	13:00:00	40.53899	141.54899	12	0.0	5	2.1	257
16/05/2025	13:01:01	40.53893	141.54902	14	0.0	5	2.0	253
16/05/2025	13:02:01	40.53887	141.54900	18	0.0	5	2.0	260
16/05/2025	13:03:01	40.53897	141.54892	12	0.0	5	2.1	257
16/05/2025	13:04:01	40.53893	141.54895	10	0.0	4	2.4	253
16/05/2025	13:05:01	40.53892	141.54899	16	0.0	5	2.0	250
16/05/2025	13:06:01	40.53927	141.54889	-10	0.0	4	4.2	254
16/05/2025	13:07:01	40.53908	141.54894	8	0.0	4	2.3	259
16/05/2025	13:08:00	40.53886	141.54901	20	0.0	4	2.3	260
16/05/2025	13:09:01	40.53884	141.54904	26	0.0	5	2.1	257
16/05/2025	13:10:01	40.53906	141.54895	8	0.0	4	2.3	264
16/05/2025	13:11:03	40.53903	141.54885	0	0.0	3	4.4	237
16/05/2025	13:12:00	40.53866	141.54903	30	0.0	4	2.3	242
16/05/2025	13:13:00	40.53884	141.54902	12	0.0	4	2.2	233
16/05/2025	13:14:00	40.53908	141.54891	8	0.0	4	2.2	236
16/05/2025	13:15:01	40.53905	141.54892	0	0.0	3	3.1	253
16/05/2025	13:16:00	40.53916	141.54883	-0	0.0	5	1.1	258
16/05/2025	13:17:00	40.53877	141.54904	30	0.0	4	2.2	237
16/05/2025	13:18:02	40.53906	141.54892	14	0.0	4	2.2	239
16/05/2025	13:19:01	40.53899	141.54897	-0	0.0	4	2.2	233
16/05/2025	13:20:02	40.53893	141.54900	12	0.0	4	2.2	257
16/05/2025	13:21:01	40.53899	141.54895	8	0.0	5	1.1	261
16/05/2025	13:22:00	40.53899	141.54900	4	0.0	5	1.1	265
16/05/2025	13:23:00	40.53901	141.54895	14	0.0	4	2.2	261
16/05/2025	13:24:01	40.53898	141.54897	8	0.0	4	3.1	255
16/05/2025	13:25:00	40.53896	141.54908	20	0.0	3	2.2	209
16/05/2025	13:26:00	40.53891	141.54894	26	0.0	4	1.3	260
16/05/2025	13:27:00	40.53894	141.54907	2	0.0	4	1.3	260
16/05/2025	13:28:00	40.53912	141.54902	8	0.0	3	1.3	265
16/05/2025	13:29:00	40.53917	141.54901	-6	0.0	3	2.3	257
16/05/2025	13:30:00	40.53893	141.54896	8	0.0	3	2.3	261
16/05/2025	13:31:01	40.53891	141.54896	30	0.0	4	1.3	255
16/05/2025	13:32:00	40.53907	141.54899	-18	0.0	3	1.3	233
16/05/2025	13:33:01	40.53900	141.54913	8	0.0	3	2.1	233
16/05/2025	13:34:01	40.53899	141.54907	8	0.0	3	1.3	230
16/05/2025	13:35:01	40.53904	141.54912	10	0.0	4	1.3	237
16/05/2025	13:36:00	40.53906	141.54906	-4	0.0	3	2.0	182
16/05/2025	13:37:01	40.53894	141.54903	-0	0.0	3	2.0	250
16/05/2025	13:38:00	40.53888	141.54913	0	0.0	3	1.4	181
16/05/2025	13:39:00	40.53882	141.54903	-34	0.0	3	1.4	180
16/05/2025	13:40:01	40.53901	141.54892	8	0.0	3	1.3	229
16/05/2025	13:41:00	40.53947	141.55381	24	40.7	3	1.4	248
16/05/2025	13:42:01	40.53927	141.55850	-30	25.9	3	1.4	234
16/05/2025	13:43:01	40.53903	141.55806	-0	0.0	3	1.4	193
16/05/2025	13:44:00	40.53901	141.55807	58	0.0	3	1.4	183
16/05/2025	13:45:10	40.53894	141.55797	44	0.0	3	1.4	141
16/05/2025	13:46:11	40.53917	141.55805	-20	0.0	3	1.4	145
16/05/2025	13:47:04	40.53911	141.55798	14	3.7	3	1.4	148
16/05/2025	13:48:04	40.53908	141.55811	-16	0.0	3	1.4	172
16/05/2025	13:49:04	40.53910	141.55795	-24	0.0	3	1.4	150
16/05/2025	13:50:04	40.53920	141.55802	4	3.7	3	1.4	146
16/05/2025	13:51:05	40.53899	141.55810	0	0.0	3	1.4	169
16/05/2025	13:52:04	40.53889	141.55799	-0	0.0	2	2.1	166
16/05/2025	13:58:29	40.53908	141.55798	-0	0.0	3	1.4	165
16/05/2025	13:59:06	40.53916	141.55800	-0	0.0	2	2.2	147
16/05/2025	14:00:19	40.53907	141.55800	-24	0.0	3	1.4	141
16/05/2025	14:01:04	40.53909	141.55794	-30	0.0	3	1.4	150
16/05/2025	14:02:04	40.53913	141.55808	30	0.0	3	2.0	151
16/05/2025	14:03:05	40.53906	141.55795	-4	0.0	3	2.0	145
16/05/2025	14:04:04	40.53902	141.55797	14	0.0	3	2.0	150
16/05/2025	14:05:04	40.53921	141.55799	-36	3.7	3	2.0	151
16/05/2025	14:06:03	40.53917	141.55806	-26	0.0	3	2.0	153
16/05/2025	14:07:04	40.53904	141.55803	48	0.0	3	2.0	153
16/05/2025	14:08:07	40.53901	141.55791	0	0.0	3	2.1	147
16/05/2025	14:09:04	40.53915	141.55798	34	0.0	3	2.1	148
16/05/2025	14:10:03	40.53908	141.55811	34	0.0	3	2.1	152
16/05/2025	14:11:03	40.53902	141.55802	18	0.0	3	2.1	153
16/05/2025	14:12:03	40.53899	141.55797	2	0.0	3	2.2	150
16/05/2025	14:13:03	40.53912	141.55811	52	0.0	3	2.2	153
16/05/2025	14:14:02	40.53901	141.55802	30	0.0	3	2.2	129
16/05/2025	14:20:21	40.53908	141.55795	-0	0.0	3	2.4	178
16/05/2025	14:21:02	40.53927	141.55799	0	0.0	2	2.0	160
16/05/2025	14:22:03	40.53910	141.55792	-10	0.0	3	3.0	180
16/05/2025	14:23:03	40.53926	141.55798	-8	0.0	2	1.4	179
16/05/2025	14:24:04	40.53927	141.55797	-8	0.0	2	1.4	180
16/05/2025	14:25:03	40.53917	141.55793	-10	0.0	2	1.4	181
16/05/2025	14:26:03	40.53919	141.55792	-8	0.0	2	1.4	179
16/05/2025	14:27:03	40.53904	141.55796	-8	0.0	2	1.4	181
16/05/2025	14:28:04	40.53908	141.55806	10	0.0	3	3.4	183
16/05/2025	14:29:04	40.53885	141.55805	60	3.7	3	3.4	188
16/05/2025	14:30:04	40.53883	141.55821	78	3.7	3	4.0	189
16/05/2025	14:31:04	40.53891	141.55817	78	3.7	3	4.1	187
16/05/2025	14:32:03	40.53930	141.55781	-64	0.0	3	4.1	188
16/05/2025	14:33:03	40.53911	141.55816	62	0.0	3	4.2	192
16/05/2025	14:34:06	40.53906	141.55796	-0	3.7	3	4.3	189
16/05/2025	14:35:04	40.53909	141.55799	-12	3.7	3	4.4	196
16/05/2025	14:36:05	40.53914	141.55779	-76	11.1	3	5.0	192
16/05/2025	14:37:05	40.53913	141.55790	-14	0.0	3	5.1	194
16/05/2025	14:38:05	40.53903	141.55797	0	3.7	3	5.2	196
16/05/2025	14:39:04	40.53896	141.55804	50	0.0	3	5.3	196
16/05/2025	14:40:04	40.53904	141.55812	50	0.0	2	1.4	170
16/05/2025	14:41:04	40.53897	141.55815	44	3.7	3	6.0	192
16/05/2025	14:42:05	40.53937	141.55763	-136	3.7	3	6.1	193
16/05/2025	14:43:05	40.53935	141.55760	-116	7.4	3	6.2	183
16/05/2025	14:44:05	40.53940	141.55770	-118	0.0	2	2.0	184
16/05/2025	14:45:03	40.53929	141.55767	-118	0.0	2	2.0	186
16/05/2025	14:46:05	40.53941	141.55757	-126	7.4	3	7.1	186
16/05/2025	14:47:10	40.53881	141.55841	148	14.8	3	7.3	181
16/05/2025	14:48:07	40.53876	141.55838	146	0.0	2	2.0	177
16/05/2025	14:49:04	40.53873	141.55839	144	0.0	2	2.0	166
16/05/2025	14:50:04	40.53886	141.55843	144	0.0	2	2.0	164
16/05/2025	14:51:04	40.53886	141.55827	144	0.0	2	2.0	162
16/05/2025	14:52:04	40.53875	141.55842	146	0.0	2	2.0	164
16/05/2025	14:53:04	40.53864	141.55841	148	0.0	2	2.0	162
16/05/2025	14:54:04	40.53872	141.55846	146	0.0	2	2.0	163
16/05/2025	14:55:30	40.53908	141.55798	12	0.0	3	1.2	177
16/05/2025	14:56:03	40.53905	141.55794	-16	0.0	2	2.2	161
16/05/2025	14:57:03	40.53916	141.55811	12	0.0	2	2.2	159
16/05/2025	14:58:03	40.53898	141.55792	-28	0.0	2	2.2	160
16/05/2025	14:59:02	40.53918	141.55802	40	0.0	2	2.1	161
16/05/2025	15:00:04	40.53911	141.55785	28	0.0	2	2.1	163
16/05/2025	15:01:03	40.53915	141.55799	36	0.0	3	1.2	162
16/05/2025	15:02:04	40.53907	141.55805	-8	0.0	2	2.1	161
16/05/2025	15:03:05	40.53908	141.55819	32	0.0	3	1.3	163
16/05/2025	15:04:05	40.53910	141.55790	12	0.0	3	1.3	194
16/05/2025	15:05:04	40.53905	141.55804	4	0.0	2	2.0	140
16/05/2025	15:06:05	40.53917	141.55798	20	0.0	2	2.0	162
16/05/2025	15:07:03	40.53912	141.55806	18	0.0	2	2.0	162
16/05/2025	15:08:04	40.53912	141.55810	-2	0.0	2	2.0	161
16/05/2025	15:09:04	40.53908	141.55807	-14	0.0	2	2.0	160
16/05/2025	15:10:04	40.53910	141.55793	-22	0.0	2	2.0	158
16/05/2025	15:11:04	40.53912	141.55804	10	0.0	2	2.0	176
16/05/2025	15:12:03	40.53909	141.55807	0	0.0	1	3.2	158
16/05/2025	15:13:04	40.53913	141.55793	0	0.0	2	2.0	173
16/05/2025	15:14:04	40.53906	141.55803	14	0.0	2	2.0	158
16/05/2025	15:15:07	40.53901	141.55825	-22	3.7	2	3.2	163
16/05/2025	15:16:24	40.53905	141.55809	6	0.0	2	3.2	143
16/05/2025	15:17:07	40.53911	141.55811	-6	0.0	2	3.2	146
16/05/2025	15:18:04	40.53917	141.55803	16	0.0	2	3.2	149
16/05/2025	15:19:03	40.53917	141.55807	-6	0.0	2	3.2	129
16/05/2025	15:20:03	40.53919	141.55800	-20	0.0	2	3.2	154
16/05/2025	15:21:03	40.53915	141.55810	10	0.0	2	3.2	154
16/05/2025	15:22:04	40.53903	141.55794	10	0.0	2	2.1	150
16/05/2025	15:23:06	40.53909	141.55796	4	0.0	2	3.2	149
16/05/2025	15:24:03	40.53906	141.55818	18	0.0	2	3.2	156
16/05/2025	15:25:03	40.53902	141.55830	24	0.0	2	3.2	160
16/05/2025	15:26:03	40.53905	141.55807	6	0.0	2	3.2	160
16/05/2025	15:27:03	40.53895	141.55789	16	0.0	2	3.2	162
16/05/2025	15:28:03	40.53921	141.55802	8	0.0	2	3.2	160
16/05/2025	15:29:03	40.53914	141.55808	-2	0.0	2	3.2	165
16/05/2025	15:30:02	40.53904	141.55776	22	0.0	2	3.2	163
16/05/2025	15:31:03	40.53909	141.55778	4	0.0	2	3.2	164
16/05/2025	15:32:04	40.53908	141.55796	16	0.0	2	3.2	158
16/05/2025	15:33:12	40.53905	141.55791	18	0.0	2	3.2	146
16/05/2025	15:34:05	40.53910	141.55792	2	3.7	2	3.2	153
16/05/2025	15:35:15	40.53895	141.55771	64	0.0	2	3.2	148
16/05/2025	15:36:05	40.53898	141.55737	64	0.0	1	3.4	136
16/05/2025	15:37:36	40.53909	141.55800	10	0.0	3	2.2	135
16/05/2025	15:38:01	40.53907	141.55817	32	0.0	2	3.4	136
16/05/2025	15:39:01	40.53930	141.55762	-38	0.0	2	3.3	138
16/05/2025	15:40:02	40.53902	141.55799	24	0.0	2	3.3	134
16/05/2025	15:41:01	40.53889	141.55801	44	0.0	3	2.2	110
16/05/2025	15:42:02	40.53926	141.55821	-0	0.0	2	3.3	129
16/05/2025	15:43:01	40.53901	141.55806	20	0.0	3	2.3	132
16/05/2025	15:44:02	40.53902	141.55817	28	0.0	2	3.3	133
16/05/2025	15:45:02	40.53914	141.55798	-2	0.0	2	3.3	131
16/05/2025	15:46:01	40.53916	141.55803	16	0.0	2	3.3	133
16/05/2025	15:47:01	40.53923	141.55808	2	0.0	2	3.3	133
16/05/2025	15:48:02	40.53913	141.55804	0	0.0	2	3.4	129
16/05/2025	15:49:05	40.53932	141.55805	-40	0.0	3	5.3	151
16/05/2025	15:50:04	40.53897	141.55799	28	0.0	2	3.4	125
16/05/2025	15:51:03	40.53911	141.55803	26	0.0	1	3.4	103
16/05/2025	15:57:39	40.53907	141.55800	4	0.0	3	3.0	137
16/05/2025	15:58:02	40.53922	141.55817	8	0.0	1	4.0	141
16/05/2025	16:05:03	40.53903	141.55804	22	0.0	2	4.2	147
16/05/2025	16:06:34	40.53908	141.55800	0	0.0	2	4.3	151
16/05/2025	16:07:02	40.53911	141.55818	22	0.0	2	7.4	101
16/05/2025	16:08:05	40.53909	141.55790	40	0.0	2	4.4	97
16/05/2025	16:09:04	40.53904	141.55800	20	0.0	2	4.4	95
16/05/2025	16:10:04	40.53898	141.55812	22	0.0	2	5.0	97
16/05/2025	16:11:11	40.53894	141.55811	40	0.0	2	5.1	113
16/05/2025	16:12:07	40.53911	141.55804	-0	0.0	2	5.2	135
16/05/2025	16:13:10	40.53911	141.55792	-0	0.0	1	8.1	97
16/05/2025	16:14:05	40.53947	141.55753	-116	0.0	2	5.3	113
16/05/2025	16:15:02	40.53919	141.55754	-16	0.0	2	7.0	153
16/05/2025	16:21:48	40.53907	141.55800	6	0.0	2	5.4	149
16/05/2025	16:22:03	40.53894	141.55828	54	0.0	2	5.4	142
16/05/2025	16:23:03	40.53925	141.55770	-46	3.7	2	5.4	146
16/05/2025	16:24:03	40.53914	141.55775	-36	14.8	2	5.3	127
16/05/2025	16:25:04	40.53896	141.55815	40	0.0	2	5.3	148
16/05/2025	16:26:03	40.53890	141.55810	74	3.7	2	5.2	129
16/05/2025	16:27:03	40.53903	141.55791	0	3.7	2	5.1	126
16/05/2025	16:28:03	40.53904	141.55808	48	7.4	1	5.4	127
16/05/2025	16:29:04	40.53916	141.55776	-28	0.0	2	5.0	129
16/05/2025	16:30:02	40.53892	141.55845	88	0.0	2	4.4	130
16/05/2025	16:36:33	40.53906	141.55801	16	0.0	2	4.0	142
16/05/2025	16:37:04	40.53896	141.55830	56	0.0	2	4.0	107
16/05/2025	16:38:04	40.53914	141.55789	-2	7.4	2	3.4	109
16/05/2025	16:39:03	40.53889	141.55843	88	14.8	2	3.4	111
16/05/2025	16:40:03	40.53903	141.55804	-4	0.0	2	3.3	109
16/05/2025	16:41:03	40.53905	141.55812	28	0.0	2	3.3	109
16/05/2025	16:42:04	40.53903	141.55816	14	0.0	2	3.2	110
16/05/2025	16:43:04	40.53898	141.55821	36	0.0	2	3.2	109
16/05/2025	16:44:03	40.53898	141.55829	12	0.0	1	7.0	101
16/05/2025	16:45:03	40.53901	141.55814	22	3.7	1	7.1	100
16/05/2025	16:46:03	40.53904	141.55815	-12	0.0	1	7.2	103
16/05/2025	16:47:03	40.53903	141.55808	-34	0.0	1	7.4	100
16/05/2025	16:48:03	40.53923	141.55747	-22	7.4	1	8.0	123
16/05/2025	16:49:30	40.53906	141.55802	4	3.7	3	1.4	117
16/05/2025	16:50:03	40.53906	141.55797	70	0.0	2	3.2	84
16/05/2025	16:51:03	40.53912	141.55789	12	0.0	2	2.1	83
16/05/2025	16:52:02	40.53908	141.55769	-42	0.0	2	4.0	124
16/05/2025	16:53:03	40.53911	141.55787	-30	0.0	3	1.4	108
16/05/2025	16:54:04	40.53908	141.55803	-2	0.0	2	2.1	103
16/05/2025	16:55:03	40.53909	141.55818	88	0.0	3	1.4	107
16/05/2025	16:56:02	40.53915	141.55794	-32	0.0	3	1.4	134
16/05/2025	16:57:02	40.53903	141.55788	-40	0.0	3	4.1	134
16/05/2025	16:58:03	40.53909	141.55781	-30	0.0	3	4.3	136
16/05/2025	16:59:03	40.53911	141.55806	32	3.7	3	5.1	137
16/05/2025	17:00:04	40.53910	141.55780	-56	0.0	3	1.4	134
16/05/2025	17:01:04	40.53906	141.55780	-42	51.9	3	1.4	138
16/05/2025	17:02:03	40.53908	141.55796	0	7.4	3	1.4	140
16/05/2025	17:03:07	40.53909	141.55785	-34	0.0	3	1.4	158
16/05/2025	17:04:01	40.53899	141.55811	18	0.0	3	1.4	149
16/05/2025	17:05:04	40.53907	141.55810	16	0.0	2	2.3	118
16/05/2025	17:06:13	40.53909	141.55803	42	0.0	3	1.4	126
16/05/2025	17:07:03	40.53901	141.55795	10	0.0	2	2.3	129
16/05/2025	17:08:04	40.53922	141.55781	-40	0.0	2	2.3	111
16/05/2025	17:09:04	40.53910	141.55790	-14	3.7	2	2.3	109
16/05/2025	17:10:03	40.53903	141.55806	32	0.0	2	2.3	145
16/05/2025	17:11:06	40.53904	141.55821	50	0.0	2	2.3	144
16/05/2025	17:12:04	40.53912	141.55813	40	0.0	2	2.3	124
16/05/2025	17:13:04	40.53906	141.55801	20	3.7	2	2.3	142
16/05/2025	17:14:04	40.53906	141.55798	12	0.0	2	5.1	147
16/05/2025	17:15:04	40.53912	141.55780	-28	7.4	2	4.4	143
16/05/2025	17:16:06	40.53899	141.55798	-34	0.0	3	2.0	121
16/05/2025	17:17:15	40.53906	141.55800	30	0.0	3	2.0	137
16/05/2025	17:18:04	40.53909	141.55804	24	0.0	2	5.1	124
16/05/2025	17:19:05	40.53919	141.55792	-50	3.7	2	2.2	122
16/05/2025	17:20:05	40.53916	141.55787	-24	3.7	2	2.2	124
16/05/2025	17:21:04	40.53926	141.55772	-46	0.0	2	4.3	125
16/05/2025	17:22:04	40.53888	141.55813	48	0.0	2	4.3	106
16/05/2025	17:23:06	40.53913	141.55784	4	0.0	2	2.3	102
16/05/2025	17:24:05	40.53928	141.55774	-24	3.7	2	2.3	123
16/05/2025	17:25:04	40.53917	141.55794	-16	0.0	2	2.3	117
16/05/2025	17:26:04	40.53905	141.55793	-4	3.7	2	4.1	99
16/05/2025	17:27:04	40.53895	141.55826	26	0.0	2	2.3	112
16/05/2025	17:28:05	40.53911	141.55812	10	0.0	2	2.3	115
16/05/2025	17:29:04	40.53917	141.55774	-48	0.0	2	2.4	117
16/05/2025	17:30:04	40.53917	141.55774	4	0.0	2	2.4	94
16/05/2025	17:31:05	40.53930	141.55892	-102	11.1	1	8.4	95
16/05/2025	17:37:37	40.53909	141.55795	4	0.0	3	1.3	113
16/05/2025	17:38:02	40.53920	141.55874	-98	0.0	1	6.1	115
16/05/2025	17:39:02	40.53908	141.55818	-56	0.0	1	6.0	91
16/05/2025	17:40:03	40.53914	141.55819	-54	0.0	1	6.0	76
16/05/2025	17:41:04	40.53907	141.55786	24	0.0	2	4.3	118
16/05/2025	17:42:08	40.53912	141.55801	0	0.0	3	1.4	119
16/05/2025	17:43:12	40.53909	141.55805	4	0.0	4	1.2	129
16/05/2025	17:44:08	40.53906	141.55793	6	0.0	3	1.4	111
16/05/2025	17:45:03	40.53925	141.55852	-18	0.0	2	4.3	98
16/05/2025	17:46:02	40.53896	141.55793	-10	0.0	2	4.2	121
16/05/2025	17:47:03	40.53919	141.55800	-2	0.0	2	4.2	103
16/05/2025	17:48:03	40.53910	141.55789	40	0.0	1	5.0	99
16/05/2025	17:49:03	40.53911	141.55810	8	0.0	2	4.1	104
16/05/2025	17:50:07	40.53915	141.55786	0	0.0	4	1.3	140
16/05/2025	17:51:01	40.53908	141.55800	24	0.0	3	1.4	184
16/05/2025	17:52:01	40.53907	141.55802	14	0.0	4	1.4	179
16/05/2025	17:53:02	40.53899	141.55814	36	0.0	4	1.3	174
16/05/2025	17:54:01	40.53909	141.55792	-2	0.0	3	2.0	176
16/05/2025	17:55:02	40.53912	141.55805	-6	0.0	2	3.3	159
16/05/2025	17:56:01	40.53902	141.55815	20	0.0	3	2.0	172
16/05/2025	17:57:02	40.53894	141.55799	48	0.0	3	2.0	172
16/05/2025	17:58:01	40.53915	141.55801	-8	0.0	3	2.0	155
16/05/2025	17:59:01	40.53908	141.55794	36	0.0	3	2.0	153
16/05/2025	18:00:01	40.53904	141.55813	12	0.0	2	4.0	180
16/05/2025	18:01:01	40.53918	141.55830	-16	0.0	2	4.0	172
16/05/2025	18:02:01	40.53915	141.55808	-14	0.0	2	3.4	175
16/05/2025	18:03:02	40.53914	141.55810	-8	0.0	2	3.4	176
16/05/2025	18:04:02	40.53909	141.55803	2	0.0	3	2.2	189
16/05/2025	18:05:01	40.53904	141.55811	32	0.0	3	2.2	185
16/05/2025	18:06:01	40.53903	141.55814	18	0.0	3	2.2	183
16/05/2025	18:07:01	40.53916	141.55810	-12	0.0	2	3.4	182
16/05/2025	18:08:01	40.53915	141.55805	10	0.0	3	2.3	182
16/05/2025	18:09:02	40.53906	141.55795	0	0.0	3	2.3	182
16/05/2025	18:10:02	40.53913	141.55810	-6	0.0	2	3.4	175
16/05/2025	18:11:02	40.53912	141.55788	-2	0.0	3	2.3	175
16/05/2025	18:12:02	40.53916	141.55785	-24	0.0	3	2.3	192
16/05/2025	18:13:03	40.53902	141.55813	26	0.0	3	2.3	182
16/05/2025	18:14:01	40.53906	141.55797	-0	0.0	3	2.3	172
16/05/2025	18:15:03	40.53907	141.55800	18	0.0	2	3.4	196
16/05/2025	18:16:02	40.53898	141.55798	32	0.0	2	3.4	179
16/05/2025	18:17:02	40.53916	141.55824	-6	0.0	2	3.4	178
16/05/2025	18:18:02	40.53912	141.55805	0	0.0	2	3.4	177
16/05/2025	18:19:03	40.53918	141.55812	-8	0.0	2	3.4	172
16/05/2025	18:20:02	40.53903	141.55797	6	0.0	2	4.0	170
16/05/2025	18:21:02	40.53903	141.55816	30	0.0	2	4.0	171
16/05/2025	18:22:02	40.53896	141.55803	26	0.0	2	4.0	146
16/05/2025	18:23:02	40.53894	141.55802	20	0.0	2	4.0	146
16/05/2025	18:24:02	40.53915	141.55783	4	0.0	2	4.0	146
16/05/2025	18:25:02	40.53912	141.55809	-18	0.0	2	4.0	146
16/05/2025	18:26:03	40.53911	141.55801	6	0.0	2	4.0	196
16/05/2025	18:27:03	40.53922	141.55809	-24	0.0	2	4.0	193
16/05/2025	18:28:02	40.53909	141.55815	-6	0.0	2	4.1	144
16/05/2025	18:29:02	40.53887	141.55806	72	0.0	2	4.1	145
16/05/2025	18:30:03	40.53924	141.55794	-26	0.0	2	4.1	197
16/05/2025	18:31:03	40.53915	141.55821	12	0.0	2	4.1	173
16/05/2025	18:32:03	40.53921	141.55806	-6	0.0	2	4.1	197
16/05/2025	18:33:02	40.53909	141.55823	10	0.0	2	4.2	174
16/05/2025	18:34:04	40.53915	141.55815	-16	0.0	2	4.2	175
16/05/2025	18:35:03	40.53902	141.55813	6	0.0	2	4.2	196
16/05/2025	18:36:03	40.53922	141.55802	-14	0.0	2	4.2	198
16/05/2025	18:37:03	40.53894	141.55804	-16	0.0	1	4.2	196
16/05/2025	18:38:03	40.53906	141.55803	6	0.0	2	4.3	228
16/05/2025	18:39:03	40.53906	141.55819	4	0.0	2	4.3	221
16/05/2025	18:40:04	40.53903	141.55810	0	0.0	2	4.4	215
16/05/2025	18:41:04	40.53920	141.55810	-16	0.0	2	4.4	235
16/05/2025	18:42:04	40.53896	141.55811	22	0.0	2	5.0	230
16/05/2025	18:43:04	40.53897	141.55815	18	0.0	1	4.3	216
16/05/2025	18:44:06	40.53892	141.55813	36	0.0	2	5.0	231
16/05/2025	18:45:04	40.53898	141.55807	32	0.0	2	5.0	235
16/05/2025	18:46:04	40.53898	141.55812	16	0.0	2	5.0	238
16/05/2025	18:47:04	40.53904	141.55815	26	0.0	1	4.4	234
16/05/2025	18:48:05	40.53902	141.55806	26	0.0	1	5.0	196
16/05/2025	18:49:04	40.53888	141.55795	4	0.0	2	5.1	238
16/05/2025	18:50:03	40.53912	141.55832	44	0.0	2	5.1	225
16/05/2025	18:51:04	40.53895	141.55803	-0	0.0	2	5.1	223
16/05/2025	18:52:03	40.53903	141.55808	16	0.0	2	5.2	227
16/05/2025	18:53:03	40.53894	141.55803	24	0.0	1	5.1	220
16/05/2025	18:54:03	40.53910	141.55810	-6	0.0	2	6.1	202
16/05/2025	18:55:04	40.53913	141.55810	-2	0.0	1	5.2	173
16/05/2025	18:56:03	40.53902	141.55788	-0	0.0	1	5.3	236
16/05/2025	18:57:05	40.53902	141.55805	4	0.0	1	5.3	197
16/05/2025	18:58:04	40.53901	141.55803	2	0.0	1	5.4	198
16/05/2025	18:59:03	40.53899	141.55801	22	0.0	2	5.3	248
16/05/2025	19:00:04	40.53899	141.55824	22	0.0	2	3.3	196
16/05/2025	19:01:05	40.53892	141.55778	28	3.7	2	3.3	163
16/05/2025	19:02:37	40.53930	141.55814	-50	0.0	3	6.3	224
16/05/2025	19:03:03	40.53894	141.55786	34	0.0	3	6.3	205
16/05/2025	19:04:03	40.53856	141.55774	62	0.0	3	10.3	173
16/05/2025	19:05:02	40.53902	141.55807	-6	0.0	3	10.1	173
16/05/2025	19:06:03	40.53914	141.55816	-12	0.0	3	6.1	218
16/05/2025	19:07:02	40.53895	141.55788	34	0.0	3	9.2	174
16/05/2025	19:08:02	40.53891	141.55795	42	0.0	3	6.0	166
16/05/2025	19:09:03	40.53941	141.55850	-0	29.6	4	3.0	299
16/05/2025	19:10:02	40.54187	141.55366	22	40.7	3	8.2	292
16/05/2025	19:11:03	40.54569	141.55008	148	44.4	3	8.1	292
16/05/2025	19:12:02	40.55099	141.54591	-16	25.9	3	7.4	294
16/05/2025	19:13:03	40.55332	141.54193	-32	14.8	3	5.2	290
16/05/2025	19:14:07	40.55491	141.53853	-8	0.0	3	7.2	174
16/05/2025	19:15:03	40.55477	141.53733	-12	14.8	3	7.1	250
16/05/2025	19:16:03	40.55445	141.53705	52	0.0	2	11.1	257
16/05/2025	19:17:03	40.55474	141.53735	-12	0.0	3	5.1	259
16/05/2025	19:18:03	40.55497	141.53746	-58	0.0	3	5.0	272
16/05/2025	19:19:03	40.55452	141.53707	46	0.0	3	5.0	255
16/05/2025	19:20:03	40.55470	141.53741	-10	0.0	3	4.4	248
16/05/2025	19:21:02	40.55433	141.53704	54	0.0	3	4.4	248
16/05/2025	19:22:02	40.55447	141.53716	-20	0.0	3	6.0	249
16/05/2025	19:23:03	40.55481	141.53747	-70	0.0	3	5.4	244
16/05/2025	19:24:04	40.55541	141.53645	-18	0.0	3	4.3	255
16/05/2025	19:25:03	40.55533	141.53636	10	0.0	3	4.2	228
16/05/2025	19:26:03	40.55536	141.53636	6	0.0	3	4.2	229
16/05/2025	19:27:03	40.55531	141.53634	18	0.0	3	4.2	231
16/05/2025	19:28:03	40.55543	141.53653	-20	0.0	3	4.1	204
16/05/2025	19:29:03	40.55538	141.53632	18	0.0	3	4.1	223
16/05/2025	19:30:03	40.55553	141.53654	-30	0.0	3	4.1	230
16/05/2025	19:31:03	40.55524	141.53624	34	0.0	3	4.1	237
16/05/2025	19:32:03	40.55519	141.53638	44	0.0	3	4.0	222
16/05/2025	19:33:03	40.55537	141.53641	0	0.0	3	4.0	231
16/05/2025	19:34:02	40.55538	141.53642	-0	0.0	3	4.0	168
16/05/2025	19:35:02	40.55545	141.53652	-0	0.0	3	4.0	200
16/05/2025	19:36:03	40.55550	141.53654	2	0.0	3	4.3	206
16/05/2025	19:37:03	40.55541	141.53645	-2	0.0	3	3.4	244
16/05/2025	19:38:02	40.55542	141.53634	-6	0.0	3	3.4	201
16/05/2025	19:39:02	40.55525	141.53678	-20	0.0	2	6.0	196
16/05/2025	19:40:03	40.55534	141.53677	-28	0.0	2	3.4	250
16/05/2025	19:41:26	40.55520	141.53667	0	0.0	3	3.3	277
16/05/2025	19:42:03	40.55529	141.53683	2	0.0	3	3.3	271
16/05/2025	19:43:03	40.55537	141.53671	-36	0.0	3	3.3	262
16/05/2025	19:44:03	40.55518	141.53687	-16	0.0	2	3.4	217
16/05/2025	19:45:03	40.55537	141.53684	-56	0.0	3	3.2	273
16/05/2025	19:46:03	40.55529	141.53668	-24	0.0	2	5.2	272
16/05/2025	19:47:03	40.55532	141.53680	-28	0.0	2	3.3	283
16/05/2025	19:48:03	40.55520	141.53672	-22	0.0	2	3.3	281
16/05/2025	19:49:25	40.55517	141.53667	2	0.0	3	3.2	287
16/05/2025	19:50:03	40.55503	141.53652	6	0.0	3	4.0	287
16/05/2025	19:51:03	40.55518	141.53680	4	0.0	2	3.3	282
16/05/2025	19:52:04	40.55507	141.53658	44	0.0	3	4.0	286
16/05/2025	19:53:04	40.55514	141.53664	22	0.0	2	5.0	288
16/05/2025	19:54:04	40.55522	141.53669	-8	0.0	3	3.1	290
16/05/2025	19:55:02	40.55494	141.53689	-10	0.0	2	3.3	234
16/05/2025	19:56:02	40.55494	141.53709	20	0.0	3	4.0	256
16/05/2025	19:57:03	40.55487	141.53682	48	0.0	2	4.4	276
16/05/2025	19:58:03	40.55496	141.53698	2	0.0	3	3.1	280
16/05/2025	19:59:03	40.55506	141.53685	-10	0.0	3	3.4	283
16/05/2025	20:00:03	40.55498	141.53696	-10	0.0	2	3.2	284
16/05/2025	20:01:30	40.55173	141.52923	14	44.4	2	4.3	259
16/05/2025	20:02:03	40.54996	141.52489	18	44.4	2	4.3	259
16/05/2025	20:03:03	40.54744	141.52062	16	0.0	2	3.2	252
16/05/2025	20:04:04	40.54755	141.52081	18	0.0	2	4.3	251
16/05/2025	20:05:03	40.54759	141.52119	28	0.0	2	4.3	258
16/05/2025	20:06:03	40.54768	141.52117	20	0.0	2	4.3	254
16/05/2025	20:07:02	40.54869	141.52110	18	37.0	2	3.2	279
16/05/2025	20:08:03	40.55449	141.51941	24	40.7	2	3.2	255
16/05/2025	20:09:02	40.55680	141.51561	0	0.0	2	4.2	257
16/05/2025	20:10:03	40.55692	141.51554	-18	0.0	2	4.2	228
16/05/2025	20:11:03	40.55682	141.51544	-6	0.0	2	4.2	258
16/05/2025	20:12:03	40.55689	141.51547	-24	0.0	2	4.2	260
16/05/2025	20:13:03	40.55682	141.51549	-14	0.0	2	4.2	257
16/05/2025	20:14:03	40.55686	141.51545	-22	0.0	2	4.2	250
16/05/2025	20:15:02	40.55661	141.51505	56	0.0	2	4.2	227
16/05/2025	20:16:02	40.55669	141.51496	38	0.0	2	4.2	255
16/05/2025	20:17:03	40.55659	141.51512	58	0.0	2	4.2	254
16/05/2025	20:18:02	40.55665	141.51543	12	0.0	2	4.2	262
16/05/2025	20:19:02	40.55668	141.51531	34	0.0	2	4.1	254
16/05/2025	20:20:03	40.55661	141.51531	36	0.0	2	4.1	257
16/05/2025	20:21:03	40.55675	141.51532	20	0.0	2	4.1	242
16/05/2025	20:22:04	40.55669	141.51501	20	0.0	2	3.1	245
16/05/2025	20:23:03	40.55675	141.51543	20	0.0	2	3.1	285
16/05/2025	20:24:07	40.55685	141.51534	-0	0.0	2	4.1	241
16/05/2025	20:25:04	40.55676	141.51519	-2	0.0	2	3.1	239
16/05/2025	20:31:37	40.55677	141.51533	6	0.0	5	1.0	238
16/05/2025	20:32:02	40.55684	141.51529	10	0.0	5	1.1	286
16/05/2025	20:33:01	40.55678	141.51544	-24	0.0	4	1.3	256
16/05/2025	20:34:01	40.55667	141.51532	4	0.0	4	1.3	254
16/05/2025	20:35:02	40.55672	141.51523	-4	0.0	3	3.1	258
16/05/2025	20:36:02	40.55684	141.51529	20	0.0	5	1.1	258
16/05/2025	20:37:02	40.55671	141.51526	24	0.0	5	1.1	261
16/05/2025	20:38:01	40.55679	141.51531	0	0.0	5	1.1	254
16/05/2025	20:39:02	40.55680	141.51543	12	0.0	4	1.3	260
16/05/2025	20:40:02	40.55680	141.51530	10	0.0	4	1.3	258
16/05/2025	20:41:01	40.55682	141.51531	24	0.0	5	1.1	263
16/05/2025	20:42:01	40.55691	141.51523	-32	22.2	4	2.2	240
16/05/2025	20:43:01	40.55810	141.51752	-24	29.6	4	2.2	251
16/05/2025	20:44:02	40.56021	141.51658	2	40.7	5	1.1	256
16/05/2025	20:45:01	40.56047	141.51400	8	25.9	5	1.1	252
16/05/2025	20:46:01	40.56107	141.51212	-16	22.2	4	2.2	281
16/05/2025	20:47:01	40.56097	141.51234	-10	0.0	4	2.2	251
16/05/2025	20:48:01	40.56080	141.51248	40	0.0	4	2.2	252
16/05/2025	20:49:03	40.56102	141.51223	2	0.0	5	1.0	251
16/05/2025	20:50:01	40.56101	141.51203	16	0.0	4	2.2	246
16/05/2025	20:51:01	40.56095	141.51222	36	0.0	3	2.2	165
16/05/2025	20:52:02	40.56211	141.51136	4	40.7	5	1.0	251
16/05/2025	20:53:02	40.56186	141.51142	8	0.0	5	1.0	256
16/05/2025	20:54:01	40.56086	141.51163	18	29.6	5	1.1	201
16/05/2025	20:55:01	40.55714	141.51401	2	11.1	3	2.2	253
16/05/2025	20:56:01	40.55698	141.51402	22	0.0	4	1.1	232
16/05/2025	20:57:03	40.55701	141.51411	10	0.0	4	1.1	256
16/05/2025	20:58:01	40.55709	141.51410	-16	22.2	3	2.2	216
16/05/2025	20:59:01	40.55583	141.51918	-0	29.6	3	2.2	231
16/05/2025	21:00:02	40.55538	141.51963	-12	0.0	4	3.1	284
16/05/2025	21:01:02	40.55551	141.51960	2	0.0	4	3.1	284
16/05/2025	21:02:02	40.55018	141.51835	12	37.0	5	1.1	283
16/05/2025	21:03:02	40.54813	141.51889	0	0.0	4	1.4	266
16/05/2025	21:04:01	40.54761	141.52034	12	25.9	4	2.2	249
16/05/2025	21:05:01	40.54674	141.52626	10	25.9	4	2.2	244
16/05/2025	21:06:01	40.54435	141.53111	18	29.6	4	2.2	315
16/05/2025	21:07:01	40.53928	141.53453	20	40.7	4	1.1	283
16/05/2025	21:08:03	40.53641	141.54010	6	33.3	4	2.1	268
16/05/2025	21:09:02	40.53739	141.54607	8	33.3	4	2.1	269
16/05/2025	21:10:02	40.53884	141.55066	4	25.9	5	1.1	284
16/05/2025	21:11:03	40.53870	141.55183	20	0.0	4	1.4	282
16/05/2025	21:12:01	40.53881	141.55181	12	0.0	4	2.4	265
16/05/2025	21:13:01	40.53898	141.55192	20	0.0	4	2.3	280
16/05/2025	21:14:02	40.53854	141.55190	-2	0.0	3	10.3	306
16/05/2025	21:15:01	40.53887	141.55180	24	0.0	4	2.3	278
16/05/2025	21:16:02	40.53872	141.55198	-0	0.0	5	1.0	261
16/05/2025	21:17:02	40.53884	141.55191	6	0.0	4	1.1	292
16/05/2025	21:18:03	40.53877	141.55194	16	0.0	4	2.2	304
16/05/2025	21:19:03	40.53864	141.55288	24	29.6	4	2.1	273
16/05/2025	21:20:03	40.53933	141.55816	24	29.6	4	2.1	261
16/05/2025	21:21:03	40.53922	141.55794	-16	0.0	3	6.4	158
16/05/2025	21:22:02	40.53916	141.55805	-0	0.0	4	2.1	164
16/05/2025	21:23:03	40.53908	141.55804	8	0.0	4	2.0	182
16/05/2025	21:24:03	40.53973	141.55758	-126	0.0	3	7.0	194
16/05/2025	21:25:02	40.53873	141.55813	70	0.0	3	7.0	188
16/05/2025	21:26:03	40.53889	141.55814	40	0.0	2	8.2	135
16/05/2025	21:27:03	40.53904	141.55803	22	0.0	2	8.1	136
16/05/2025	21:33:29	40.53904	141.55799	6	0.0	4	2.0	224
16/05/2025	21:34:03	40.53939	141.55790	-46	0.0	2	8.0	180
16/05/2025	21:35:03	40.53891	141.55781	-0	0.0	2	8.0	201
16/05/2025	21:36:03	40.53936	141.55773	-52	0.0	3	6.4	220
16/05/2025	21:37:05	40.53911	141.55820	56	0.0	3	4.4	97
16/05/2025	21:43:36	40.53903	141.55806	12	0.0	4	1.4	129
16/05/2025	21:44:06	40.53919	141.55817	10	0.0	4	2.0	131
16/05/2025	21:45:06	40.53913	141.55849	36	3.7	3	5.1	114
16/05/2025	21:46:16	40.53899	141.55805	14	3.7	4	2.0	128
16/05/2025	21:47:07	40.53905	141.55800	0	3.7	3	5.1	95
16/05/2025	21:48:17	40.53912	141.55807	6	0.0	4	1.4	132
16/05/2025	21:49:07	40.53895	141.55810	20	0.0	4	2.0	133
16/05/2025	21:50:05	40.53909	141.55804	26	0.0	3	3.4	132
16/05/2025	21:51:07	40.53856	141.55812	78	3.7	2	6.0	111
16/05/2025	21:52:05	40.53965	141.55788	-86	0.0	2	5.4	122
16/05/2025	22:00:10	40.53906	141.55791	2	0.0	3	6.1	212
16/05/2025	22:03:48	40.53909	141.55799	2	0.0	3	10.2	174
16/05/2025	22:04:06	40.53940	141.55801	-44	3.7	3	10.1	134
16/05/2025	22:05:31	40.53917	141.55800	-2	0.0	3	9.3	133
16/05/2025	22:06:07	40.53937	141.55795	-46	11.1	3	9.1	114
16/05/2025	22:12:59	40.53909	141.55799	4	0.0	3	7.0	181
16/05/2025	22:14:07	40.53927	141.55784	-38	7.4	3	6.3	125
16/05/2025	22:21:19	40.53889	141.55801	36	0.0	4	1.4	244
16/05/2025	22:22:06	40.53896	141.55806	40	0.0	2	3.3	159
16/05/2025	22:23:29	40.53917	141.55797	-22	0.0	3	5.1	178
16/05/2025	22:24:06	40.53920	141.55801	0	7.4	3	5.1	162
16/05/2025	22:25:05	40.53889	141.55799	34	0.0	3	5.0	172
16/05/2025	22:26:04	40.53907	141.55802	20	0.0	3	5.0	172
16/05/2025	22:27:03	40.53905	141.55798	18	0.0	2	3.2	175
16/05/2025	22:28:04	40.53925	141.55779	-30	0.0	3	4.4	130
16/05/2025	22:29:03	40.53922	141.55799	-30	0.0	2	3.1	152
16/05/2025	22:30:35	40.53909	141.55797	2	0.0	3	4.3	155
16/05/2025	22:31:04	40.53904	141.55798	-0	0.0	2	3.1	149
16/05/2025	22:32:05	40.53902	141.55799	-0	0.0	2	3.1	128
16/05/2025	22:33:05	40.53898	141.55804	32	0.0	3	4.2	152
16/05/2025	22:34:03	40.53900	141.55797	34	0.0	2	3.1	152
16/05/2025	22:35:04	40.53894	141.55804	34	0.0	2	3.1	152
16/05/2025	22:41:32	40.53904	141.55798	10	0.0	3	4.0	174
16/05/2025	22:42:05	40.53895	141.55791	20	0.0	3	4.0	166
16/05/2025	22:43:34	40.53913	141.55791	-16	0.0	4	2.3	164
16/05/2025	22:44:14	40.53913	141.55787	-34	0.0	4	2.3	155
16/05/2025	22:51:24	40.53905	141.55805	26	0.0	4	2.1	192
16/05/2025	22:52:05	40.53889	141.55836	138	0.0	3	5.1	150
16/05/2025	22:53:03	40.53902	141.55819	84	0.0	2	7.0	176
16/05/2025	22:54:20	40.53908	141.55803	28	0.0	4	2.1	157
16/05/2025	22:55:05	40.53893	141.55838	130	0.0	2	6.4	165
16/05/2025	22:56:20	40.53908	141.55802	8	0.0	4	2.2	158
16/05/2025	22:57:05	40.53904	141.55829	150	0.0	2	7.2	102
16/05/2025	22:58:05	40.53895	141.55794	26	0.0	2	7.4	146
16/05/2025	22:59:22	40.53897	141.55822	44	0.0	4	2.2	166
16/05/2025	23:00:04	40.53928	141.55748	-142	0.0	2	8.3	123
16/05/2025	23:01:05	40.53888	141.55850	120	0.0	2	9.0	144
16/05/2025	23:07:38	40.53907	141.55802	12	0.0	3	1.3	147
16/05/2025	23:08:04	40.53911	141.55802	12	0.0	3	1.3	146
16/05/2025	23:09:03	40.53899	141.55797	-22	0.0	3	1.3	149
16/05/2025	23:10:02	40.53900	141.55797	14	0.0	3	1.3	130
16/05/2025	23:11:03	40.53948	141.55831	30	0.0	2	17.4	148
16/05/2025	23:12:04	40.53916	141.55802	10	0.0	3	1.3	167
16/05/2025	23:13:03	40.53880	141.55791	-36	0.0	3	1.3	169
16/05/2025	23:14:04	40.53909	141.55800	6	0.0	3	1.3	153
16/05/2025	23:15:03	40.53862	141.55777	-32	0.0	2	13.3	153
16/05/2025	23:16:03	40.53930	141.55807	10	0.0	2	12.4	132
16/05/2025	23:17:03	40.53908	141.55799	-20	0.0	3	1.3	154
16/05/2025	23:18:03	40.53922	141.55811	34	0.0	2	11.3	151
16/05/2025	23:19:04	40.53916	141.55803	14	0.0	3	1.3	132
16/05/2025	23:20:04	40.53902	141.55807	12	0.0	3	1.3	152
16/05/2025	23:21:03	40.53927	141.55805	14	0.0	2	10.1	151
16/05/2025	23:22:04	40.53925	141.55811	2	0.0	3	1.3	126
16/05/2025	23:23:04	40.53917	141.55790	-8	0.0	3	1.3	166
16/05/2025	23:24:05	40.53912	141.55788	-20	3.7	4	1.2	170
16/05/2025	23:25:05	40.53916	141.55797	0	0.0	4	1.2	167
16/05/2025	23:26:04	40.53880	141.55876	116	3.7	3	11.0	169
16/05/2025	23:27:06	40.53887	141.55890	150	0.0	3	11.1	147
16/05/2025	23:33:18	40.53912	141.55794	-0	0.0	4	1.2	183
16/05/2025	23:34:04	40.53908	141.55792	-2	0.0	4	1.2	142
16/05/2025	23:35:04	40.53908	141.55802	44	0.0	4	1.2	152
16/05/2025	23:36:03	40.53917	141.55753	72	0.0	2	4.3	123
16/05/2025	23:37:12	40.53907	141.55793	4	0.0	4	1.3	151
16/05/2025	23:38:03	40.53912	141.55802	14	0.0	3	2.0	191
16/05/2025	23:39:03	40.53905	141.55830	-92	0.0	2	4.3	142
16/05/2025	23:40:05	40.53903	141.55801	18	0.0	4	1.3	189
16/05/2025	23:41:01	40.53927	141.55777	-2	0.0	3	2.1	185
16/05/2025	23:42:03	40.53903	141.55822	-38	0.0	2	4.3	209
16/05/2025	23:43:04	40.53903	141.55801	2	0.0	4	1.3	179
16/05/2025	23:44:02	40.53909	141.55793	26	0.0	3	2.1	227
16/05/2025	23:45:02	40.53912	141.55792	14	0.0	3	2.1	214
16/05/2025	23:46:01	40.53913	141.55797	10	0.0	3	2.1	182
16/05/2025	23:47:02	40.53895	141.55809	-16	0.0	3	2.2	213
16/05/2025	23:48:02	40.53893	141.55822	-52	0.0	2	4.3	196
16/05/2025	23:49:01	40.53907	141.55805	8	0.0	3	2.2	177
16/05/2025	23:50:01	40.53912	141.55799	8	0.0	3	2.2	182
16/05/2025	23:51:01	40.53908	141.55801	18	0.0	3	2.2	206
16/05/2025	23:52:01	40.53892	141.55803	-6	0.0	3	2.2	173
16/05/2025	23:53:01	40.53895	141.55811	20	0.0	3	2.2	179
16/05/2025	23:54:01	40.53887	141.55817	-14	0.0	3	2.2	204
16/05/2025	23:55:02	40.53900	141.55804	20	0.0	3	2.3	221
16/05/2025	23:56:02	40.53898	141.55806	-18	0.0	3	2.3	197
16/05/2025	23:57:02	40.53893	141.55814	2	0.0	2	4.4	199
16/05/2025	23:58:02	40.53911	141.55784	30	0.0	2	4.4	194
16/05/2025	23:59:01	40.53915	141.55795	-0	0.0	3	2.3	168
17/05/2025	00:00:01	40.53901	141.55801	16	0.0	3	2.3	198
17/05/2025	00:01:01	40.53905	141.55799	0	0.0	3	2.3	227
17/05/2025	00:02:01	40.53927	141.55794	-0	0.0	3	2.4	176
17/05/2025	00:03:02	40.53900	141.55801	12	0.0	3	2.4	199
17/05/2025	00:04:02	40.53897	141.55802	-6	0.0	3	2.4	195
17/05/2025	00:05:01	40.53906	141.55796	2	0.0	3	2.4	202
17/05/2025	00:06:02	40.53911	141.55798	2	0.0	3	2.4	194
17/05/2025	00:07:02	40.53917	141.55800	4	0.0	3	2.4	201
17/05/2025	00:08:03	40.53903	141.55798	-0	0.0	3	3.0	195
17/05/2025	00:09:03	40.53893	141.55819	24	0.0	3	3.0	192
17/05/2025	00:10:02	40.53895	141.55809	4	0.0	3	3.0	221
17/05/2025	00:11:03	40.53912	141.55797	6	0.0	3	3.0	222
17/05/2025	00:12:03	40.53903	141.55796	6	0.0	3	3.0	263
17/05/2025	00:13:03	40.53903	141.55807	6	0.0	4	2.0	244
17/05/2025	00:14:03	40.53894	141.55800	-2	0.0	3	3.0	226
17/05/2025	00:15:03	40.53897	141.55805	-0	0.0	3	3.1	246
17/05/2025	00:16:03	40.53913	141.55800	0	0.0	4	2.0	218
17/05/2025	00:17:03	40.53910	141.55803	-4	0.0	3	3.1	246
17/05/2025	00:18:03	40.53900	141.55803	-2	0.0	3	3.1	226
17/05/2025	00:19:03	40.53908	141.55789	6	0.0	3	3.1	227
17/05/2025	00:20:03	40.53899	141.55806	-2	0.0	3	3.1	243
17/05/2025	00:21:03	40.53903	141.55808	-6	0.0	3	3.1	234
17/05/2025	00:22:02	40.53894	141.55812	2	0.0	2	4.4	224
17/05/2025	00:23:02	40.53900	141.55795	20	0.0	2	4.4	219
17/05/2025	00:24:03	40.53923	141.55786	2	0.0	3	3.1	245
17/05/2025	00:25:02	40.53901	141.55807	2	0.0	2	4.3	178
17/05/2025	00:26:02	40.53893	141.55810	2	0.0	3	3.2	207
17/05/2025	00:27:02	40.53911	141.55790	14	0.0	2	4.3	217
17/05/2025	00:28:02	40.53928	141.55782	4	0.0	2	4.3	190
17/05/2025	00:29:02	40.53907	141.55792	2	0.0	2	4.3	233
17/05/2025	00:30:02	40.53911	141.55796	-6	0.0	3	3.2	236
17/05/2025	00:31:03	40.53910	141.55798	18	0.0	2	4.2	193
17/05/2025	00:32:03	40.53887	141.55808	10	0.0	2	4.2	218
17/05/2025	00:33:04	40.53896	141.55817	4	0.0	3	3.2	243
17/05/2025	00:34:02	40.53927	141.55795	-16	0.0	3	3.2	199
17/05/2025	00:35:02	40.53891	141.55802	34	0.0	2	4.2	238
17/05/2025	00:36:03	40.53899	141.55807	2	0.0	3	3.2	200
17/05/2025	00:37:02	40.53876	141.55812	38	0.0	3	3.2	215
17/05/2025	00:38:02	40.53901	141.55789	36	0.0	2	4.1	200
17/05/2025	00:39:03	40.53892	141.55823	26	0.0	2	6.4	236
17/05/2025	00:40:26	40.53865	141.55895	212	0.0	2	6.3	160
17/05/2025	00:41:07	40.53873	141.55886	212	0.0	1	4.2	144
17/05/2025	00:42:51	40.53906	141.55795	0	0.0	4	1.4	196
17/05/2025	00:43:02	40.53916	141.55799	-16	0.0	2	6.3	149
17/05/2025	00:44:03	40.53901	141.55818	16	0.0	2	6.3	108
17/05/2025	00:45:20	40.53904	141.55803	12	0.0	4	1.4	202
17/05/2025	00:46:05	40.53891	141.55802	28	0.0	2	6.2	171
17/05/2025	00:47:05	40.53900	141.55800	12	0.0	2	6.1	146
17/05/2025	00:48:03	40.53931	141.55767	-64	0.0	2	6.1	126
17/05/2025	00:49:03	40.53886	141.55823	62	0.0	2	6.1	176
17/05/2025	00:50:04	40.53897	141.55793	20	0.0	2	6.0	172
17/05/2025	00:51:05	40.53870	141.55843	98	0.0	2	6.0	174
17/05/2025	00:52:02	40.53948	141.55753	-96	0.0	2	6.0	134
17/05/2025	00:53:04	40.53890	141.55804	48	0.0	2	5.4	150
17/05/2025	00:54:04	40.53867	141.55853	128	0.0	2	5.4	172
17/05/2025	00:55:04	40.53877	141.55823	100	3.7	2	5.4	173
17/05/2025	00:56:03	40.53884	141.55808	56	3.7	2	5.4	193
17/05/2025	00:57:05	40.53893	141.55833	48	3.7	2	5.4	172
17/05/2025	00:58:04	40.53915	141.55808	-24	0.0	2	5.3	171
17/05/2025	00:59:04	40.53918	141.55787	-42	0.0	2	5.3	155
17/05/2025	01:00:04	40.53927	141.55762	-64	0.0	2	5.3	153
17/05/2025	01:01:04	40.53911	141.55781	-14	7.4	2	5.3	154
17/05/2025	01:02:04	40.53922	141.55760	-76	0.0	2	5.3	151
17/05/2025	01:08:37	40.53904	141.55798	14	0.0	4	1.2	181
17/05/2025	01:09:03	40.53908	141.55805	-22	0.0	2	1.4	148
17/05/2025	01:10:04	40.53894	141.55791	46	0.0	2	1.4	165
17/05/2025	01:11:02	40.53908	141.55782	-14	0.0	2	1.4	130
17/05/2025	01:12:02	40.53906	141.55800	-16	0.0	2	1.4	111
17/05/2025	01:13:05	40.53906	141.55796	8	0.0	2	1.4	145
17/05/2025	01:14:03	40.53893	141.55788	4	0.0	2	1.4	130
17/05/2025	01:15:03	40.53908	141.55792	-12	0.0	2	1.4	110
17/05/2025	01:16:04	40.53904	141.55794	26	0.0	2	1.4	111
17/05/2025	01:17:05	40.53905	141.55806	24	0.0	2	1.4	109
17/05/2025	01:18:02	40.53908	141.55792	26	0.0	2	1.4	110
17/05/2025	01:19:03	40.53903	141.55792	4	0.0	2	1.4	128
17/05/2025	01:20:03	40.53911	141.55793	36	0.0	2	1.4	150
17/05/2025	01:21:03	40.53897	141.55798	66	0.0	2	1.4	126
17/05/2025	01:22:03	40.53915	141.55797	-30	0.0	2	1.4	129
17/05/2025	01:23:03	40.53910	141.55783	38	0.0	2	1.3	170
17/05/2025	01:24:04	40.53902	141.55802	30	0.0	2	1.3	151
17/05/2025	01:25:05	40.53898	141.55805	2	0.0	2	1.3	144
17/05/2025	01:26:03	40.53899	141.55786	26	0.0	2	1.3	125
17/05/2025	01:27:04	40.53900	141.55787	70	0.0	2	1.3	148
17/05/2025	01:28:03	40.53904	141.55798	2	0.0	2	1.3	123
17/05/2025	01:29:05	40.53915	141.55797	-4	0.0	2	1.3	138
17/05/2025	01:30:06	40.53906	141.55786	-26	0.0	2	1.3	155
17/05/2025	01:31:05	40.53903	141.55791	20	0.0	2	1.4	158
17/05/2025	01:32:02	40.53909	141.55788	-34	0.0	2	1.4	157
17/05/2025	01:33:02	40.53894	141.55798	6	0.0	3	1.3	147
17/05/2025	01:34:04	40.53908	141.55793	4	0.0	3	1.3	168
17/05/2025	01:35:04	40.53908	141.55800	20	0.0	3	1.3	171
17/05/2025	01:36:05	40.53908	141.55807	26	0.0	3	1.4	115
17/05/2025	01:37:02	40.53910	141.55805	52	0.0	2	1.4	172
17/05/2025	01:38:03	40.53913	141.55801	46	0.0	2	1.4	163
17/05/2025	01:39:03	40.53903	141.55799	-24	0.0	2	1.4	167
17/05/2025	01:40:03	40.53898	141.55806	30	0.0	3	1.4	170
17/05/2025	01:41:05	40.53906	141.55802	10	3.7	3	1.4	173
17/05/2025	01:42:03	40.53913	141.55800	38	3.7	3	1.4	173
17/05/2025	01:43:04	40.53907	141.55809	22	0.0	3	1.4	174
17/05/2025	01:44:03	40.53908	141.55807	44	0.0	3	1.4	175
17/05/2025	01:45:04	40.53909	141.55795	-8	0.0	3	1.4	176
17/05/2025	01:46:03	40.53917	141.55808	26	0.0	2	2.0	157
17/05/2025	01:47:04	40.53908	141.55826	62	0.0	3	1.4	174
17/05/2025	01:48:02	40.53906	141.55802	-16	0.0	2	2.1	106
17/05/2025	01:49:04	40.53902	141.55799	4	0.0	3	2.0	177
17/05/2025	01:50:03	40.53913	141.55778	-52	0.0	2	2.1	177
17/05/2025	01:51:03	40.53911	141.55806	4	0.0	2	2.2	178
17/05/2025	01:52:03	40.53915	141.55802	76	0.0	2	2.2	183
17/05/2025	01:53:05	40.53908	141.55787	-16	0.0	3	2.0	181
17/05/2025	01:54:03	40.53909	141.55806	24	0.0	2	2.3	184
17/05/2025	01:55:02	40.53927	141.55800	96	0.0	2	2.3	161
17/05/2025	01:56:04	40.53910	141.55811	32	0.0	3	2.0	186
17/05/2025	01:57:03	40.53917	141.55823	58	0.0	3	2.0	187
17/05/2025	01:58:03	40.53896	141.55810	-10	0.0	2	2.4	187
17/05/2025	01:59:04	40.53903	141.55799	10	0.0	2	8.1	187
17/05/2025	02:00:04	40.53899	141.55793	-22	0.0	3	2.0	187
17/05/2025	02:01:09	40.53908	141.55802	10	0.0	3	2.0	186
17/05/2025	02:02:06	40.53909	141.55805	0	0.0	3	2.0	174
17/05/2025	02:03:06	40.53904	141.55803	8	3.7	3	2.0	169
17/05/2025	02:04:07	40.53917	141.55829	34	0.0	3	2.0	172
17/05/2025	02:05:04	40.53900	141.55797	-8	3.7	3	2.0	178
17/05/2025	02:06:04	40.53913	141.55788	30	0.0	3	2.0	173
17/05/2025	02:07:10	40.53913	141.55803	10	0.0	3	2.0	170
17/05/2025	02:08:05	40.53907	141.55780	-4	0.0	3	2.0	172
17/05/2025	02:09:05	40.53913	141.55790	-6	3.7	3	2.0	175
17/05/2025	02:10:04	40.53907	141.55817	28	0.0	3	2.0	185
17/05/2025	02:11:18	40.53915	141.55803	28	0.0	3	2.0	166
17/05/2025	02:12:05	40.53900	141.55797	-16	0.0	3	2.0	181
17/05/2025	02:13:03	40.53904	141.55791	-2	3.7	3	2.0	187
17/05/2025	02:14:04	40.53906	141.55808	20	0.0	3	2.0	180
17/05/2025	02:15:04	40.53902	141.55809	2	0.0	3	2.0	184
17/05/2025	02:16:05	40.53885	141.55790	-10	7.4	3	2.0	181
17/05/2025	02:17:05	40.53923	141.55744	-6	0.0	2	3.1	180
17/05/2025	02:18:05	40.53908	141.55800	-0	0.0	3	2.0	177
17/05/2025	02:19:06	40.53901	141.55781	2	11.1	3	2.0	173
17/05/2025	02:20:05	40.53929	141.55797	8	0.0	2	3.1	174
17/05/2025	02:21:07	40.53911	141.55797	-0	0.0	3	2.0	177
17/05/2025	02:22:05	40.53914	141.55812	10	0.0	3	2.0	175
17/05/2025	02:23:05	40.53896	141.55806	2	0.0	3	2.0	175
17/05/2025	02:24:05	40.53922	141.55810	16	0.0	3	2.0	166
17/05/2025	02:25:12	40.53896	141.55863	58	0.0	3	2.0	166
17/05/2025	02:26:07	40.53912	141.55783	-2	0.0	3	2.0	187
17/05/2025	02:27:05	40.53905	141.55761	-14	0.0	3	2.0	172
17/05/2025	02:28:31	40.53909	141.55793	0	0.0	3	3.0	173
17/05/2025	02:29:03	40.53895	141.55825	26	0.0	1	5.0	127
17/05/2025	02:30:03	40.53899	141.55811	26	0.0	1	5.1	144
17/05/2025	02:31:02	40.53892	141.55827	42	0.0	1	5.1	169
17/05/2025	02:32:02	40.53909	141.55790	8	0.0	1	5.1	151
17/05/2025	02:33:04	40.53897	141.55829	26	0.0	3	4.0	201
17/05/2025	02:34:03	40.53909	141.55796	2	0.0	1	5.2	128
17/05/2025	02:35:03	40.53894	141.55849	18	0.0	1	5.2	172
17/05/2025	02:36:03	40.53899	141.55811	22	0.0	2	2.0	188
17/05/2025	02:37:03	40.53932	141.55772	-16	0.0	1	5.3	133
17/05/2025	02:38:03	40.53893	141.55820	12	0.0	1	5.3	133
17/05/2025	02:39:04	40.53899	141.55797	18	0.0	2	2.1	198
17/05/2025	02:40:02	40.53888	141.55818	8	0.0	3	4.1	158
17/05/2025	02:41:03	40.53925	141.55774	-24	0.0	1	5.4	82
17/05/2025	02:42:03	40.53912	141.55791	24	0.0	1	6.0	163
17/05/2025	02:43:02	40.53929	141.55763	-42	0.0	1	6.0	195
17/05/2025	02:44:02	40.53900	141.55815	12	0.0	1	6.1	190
17/05/2025	02:45:02	40.53895	141.55789	36	0.0	1	6.1	130
17/05/2025	02:46:03	40.53909	141.55810	-6	0.0	2	2.1	195
17/05/2025	02:47:05	40.53892	141.55807	34	7.4	1	3.4	145
17/05/2025	02:48:02	40.53890	141.55837	2	0.0	1	6.3	111
17/05/2025	02:49:04	40.53908	141.55802	-2	0.0	2	2.1	168
17/05/2025	02:50:02	40.53884	141.55862	16	0.0	1	6.4	147
17/05/2025	02:51:03	40.53891	141.55840	22	0.0	1	7.0	80
17/05/2025	02:52:04	40.53897	141.55838	14	0.0	1	7.0	99
17/05/2025	02:53:04	40.53923	141.55795	-44	0.0	2	2.1	136
17/05/2025	02:54:15	40.53906	141.55800	8	3.7	3	2.1	151
17/05/2025	02:55:04	40.53891	141.55871	0	3.7	1	7.3	98
17/05/2025	02:56:03	40.53909	141.55804	-10	0.0	1	3.3	101
17/05/2025	02:57:03	40.53897	141.55827	14	0.0	1	3.3	118
17/05/2025	02:58:13	40.53904	141.55804	8	0.0	4	2.0	157
17/05/2025	02:59:03	40.53926	141.55797	-60	0.0	2	2.2	119
17/05/2025	03:00:04	40.53908	141.55807	0	3.7	2	2.2	151
17/05/2025	03:01:02	40.53900	141.55821	8	0.0	1	8.2	149
17/05/2025	03:02:02	40.53915	141.55790	-6	0.0	2	2.2	194
17/05/2025	03:03:02	40.53855	141.55898	92	0.0	1	8.4	151
17/05/2025	03:04:02	40.53894	141.55826	44	0.0	1	9.0	169
17/05/2025	03:05:02	40.53896	141.55820	32	0.0	2	2.2	152
17/05/2025	03:06:01	40.53901	141.55801	28	0.0	2	2.2	109
17/05/2025	03:07:02	40.53913	141.55793	10	0.0	2	2.2	133
17/05/2025	03:08:02	40.53937	141.55751	-62	0.0	1	10.0	149
17/05/2025	03:09:03	40.53903	141.55811	-2	0.0	1	10.1	151
17/05/2025	03:10:03	40.53915	141.55784	2	0.0	2	2.2	170
17/05/2025	03:11:02	40.53925	141.55785	8	0.0	2	2.2	132
17/05/2025	03:12:03	40.53906	141.55809	4	0.0	2	4.4	173
17/05/2025	03:13:02	40.53901	141.55793	-12	0.0	2	2.2	155
17/05/2025	03:14:04	40.53877	141.55842	-14	0.0	2	4.4	186
17/05/2025	03:15:04	40.53902	141.55793	0	0.0	2	4.4	209
17/05/2025	03:16:14	40.53905	141.55803	12	0.0	3	2.2	202
17/05/2025	03:17:02	40.53882	141.55824	-46	0.0	2	4.4	80
17/05/2025	03:18:03	40.53962	141.55687	-102	11.1	1	12.2	195
17/05/2025	03:19:20	40.53910	141.55796	0	0.0	3	2.2	208
17/05/2025	03:20:02	40.53899	141.55807	26	0.0	2	2.3	80
17/05/2025	03:21:13	40.53905	141.55804	6	0.0	3	2.2	204
17/05/2025	03:22:04	40.53885	141.55837	42	0.0	2	2.3	216
17/05/2025	03:23:02	40.53910	141.55799	28	0.0	2	2.3	157
17/05/2025	03:24:02	40.53910	141.55793	24	0.0	2	2.3	153
17/05/2025	03:25:02	40.53916	141.55789	-44	0.0	2	2.4	205
17/05/2025	03:26:01	40.53890	141.55812	-36	0.0	2	4.3	157
17/05/2025	03:27:04	40.53913	141.55790	12	0.0	2	2.3	216
17/05/2025	03:28:04	40.53904	141.55796	-20	0.0	2	2.3	200
17/05/2025	03:29:02	40.53897	141.55815	52	3.7	2	4.3	107
17/05/2025	03:30:04	40.53932	141.55772	0	0.0	2	4.3	196
17/05/2025	03:31:03	40.53925	141.55793	-12	0.0	2	2.2	179
17/05/2025	03:32:05	40.53900	141.55786	116	0.0	2	2.2	172
17/05/2025	03:33:03	40.53881	141.55842	26	0.0	1	2.4	197
17/05/2025	03:34:04	40.53899	141.55807	-20	0.0	2	2.2	180
17/05/2025	03:35:04	40.53912	141.55793	-4	0.0	2	2.2	181
17/05/2025	03:36:05	40.53897	141.55818	30	3.7	2	2.2	203
17/05/2025	03:37:04	40.53910	141.55802	-6	0.0	1	2.4	178
17/05/2025	03:38:04	40.53904	141.55806	12	0.0	1	2.4	178
17/05/2025	03:39:03	40.53878	141.55832	36	0.0	2	4.1	182
17/05/2025	03:40:04	40.53904	141.55801	8	0.0	2	2.2	182
17/05/2025	03:41:04	40.53914	141.55800	18	0.0	2	2.2	202
17/05/2025	03:42:04	40.53929	141.55770	-104	3.7	2	2.3	180
17/05/2025	03:43:04	40.53921	141.55778	-22	3.7	2	4.0	174
17/05/2025	03:44:04	40.53912	141.55796	4	0.0	2	2.3	191
17/05/2025	03:45:05	40.53903	141.55808	-14	0.0	2	2.2	192
17/05/2025	03:46:07	40.53921	141.55766	-12	3.7	2	2.2	207
17/05/2025	03:47:05	40.53944	141.55755	-42	0.0	2	2.2	174
17/05/2025	03:48:06	40.53903	141.55801	52	0.0	2	2.2	186
17/05/2025	03:49:05	40.53896	141.55805	16	3.7	2	2.2	187
17/05/2025	03:50:08	40.53916	141.55774	-40	0.0	2	2.2	186
17/05/2025	03:51:10	40.53925	141.55751	-80	11.1	1	10.4	186
17/05/2025	03:52:21	40.53923	141.55752	-44	0.0	1	10.2	188
17/05/2025	03:53:05	40.53917	141.55786	-44	0.0	1	3.3	169
17/05/2025	03:54:35	40.53904	141.55800	12	0.0	2	2.2	207
17/05/2025	03:55:12	40.53969	141.55619	-252	37.0	1	9.2	176
17/05/2025	03:56:08	40.53905	141.55810	46	7.4	1	9.0	197
17/05/2025	03:57:08	40.53881	141.55865	96	7.4	1	8.4	184
17/05/2025	03:58:12	40.53930	141.55741	-74	14.8	1	8.2	188
17/05/2025	03:59:04	40.53944	141.55722	-70	0.0	1	3.1	188
17/05/2025	04:00:30	40.53914	141.55805	12	0.0	3	3.3	188
17/05/2025	04:01:02	40.53909	141.55811	28	0.0	3	3.3	154
17/05/2025	04:02:05	40.53921	141.55808	28	0.0	3	3.4	191
17/05/2025	04:03:24	40.53913	141.55807	16	0.0	3	3.4	193
17/05/2025	04:09:55	40.53906	141.55804	4	0.0	4	3.3	189
17/05/2025	04:10:02	40.53908	141.55793	-0	0.0	3	2.0	184
17/05/2025	04:11:06	40.53905	141.55786	-42	0.0	3	4.2	171
17/05/2025	04:12:04	40.53897	141.55786	-16	0.0	3	4.4	172
17/05/2025	04:13:05	40.53912	141.55822	20	3.7	3	5.0	173
17/05/2025	04:19:49	40.53933	141.55837	92	0.0	4	3.4	169
17/05/2025	04:20:02	40.53931	141.55836	90	0.0	2	2.4	104
17/05/2025	04:21:11	40.53909	141.55819	24	0.0	4	3.4	193
17/05/2025	04:22:03	40.53904	141.55774	-22	0.0	4	3.4	234
17/05/2025	04:23:01	40.53944	141.55829	64	0.0	3	9.2	233
17/05/2025	04:24:06	40.53912	141.55813	32	0.0	4	3.3	214
17/05/2025	04:25:04	40.53913	141.55810	22	3.7	4	3.3	261
17/05/2025	04:26:02	40.54439	141.55521	-48	48.2	4	3.3	270
17/05/2025	04:27:03	40.54654	141.55148	-58	0.0	4	3.3	272
17/05/2025	04:28:03	40.54695	141.55192	66	0.0	3	6.1	260
17/05/2025	04:29:03	40.54679	141.55061	60	0.0	4	3.2	265
17/05/2025	04:30:02	40.54676	141.55048	36	0.0	4	3.2	275
17/05/2025	04:31:03	40.54657	141.54996	-46	0.0	4	3.2	269
17/05/2025	04:32:02	40.54664	141.55049	32	0.0	3	6.0	270
17/05/2025	04:33:02	40.54657	141.55011	-24	0.0	4	3.1	263
17/05/2025	04:34:02	40.54650	141.54999	-44	0.0	3	6.2	264
17/05/2025	04:35:02	40.54667	141.55049	38	0.0	4	3.1	275
17/05/2025	04:36:01	40.54668	141.55030	6	0.0	3	4.2	270
17/05/2025	04:37:01	40.54660	141.55044	10	0.0	4	3.1	263
17/05/2025	04:38:02	40.54666	141.55039	26	0.0	3	4.1	285
17/05/2025	04:39:01	40.54656	141.55019	-12	0.0	4	3.0	268
17/05/2025	04:40:01	40.54653	141.55044	0	0.0	4	3.0	267
17/05/2025	04:41:01	40.54676	141.55070	72	0.0	3	5.2	263
17/05/2025	04:42:01	40.54650	141.55033	-28	0.0	3	5.0	233
17/05/2025	04:43:01	40.54807	141.55030	82	29.6	3	8.2	261
17/05/2025	04:44:02	40.54946	141.54296	22	37.0	4	3.0	265
17/05/2025	04:45:01	40.54938	141.53472	-44	37.0	3	4.2	262
17/05/2025	04:46:02	40.54888	141.52872	64	40.7	3	4.1	275
17/05/2025	04:47:01	40.54708	141.52131	-22	29.6	3	4.0	259
17/05/2025	04:48:02	40.54651	141.51900	-16	0.0	2	3.0	269
17/05/2025	04:49:04	40.54651	141.51941	-8	0.0	3	3.4	249
17/05/2025	04:50:04	40.54670	141.51923	-22	14.8	3	3.3	254
17/05/2025	04:51:04	40.54679	141.51960	4	3.7	3	3.3	245
17/05/2025	04:52:03	40.54692	141.51939	-16	0.0	3	3.3	249
17/05/2025	04:53:04	40.54690	141.52003	32	0.0	4	2.4	252
17/05/2025	04:54:01	40.54800	141.51456	0	29.6	3	3.2	256
17/05/2025	04:55:02	40.54588	141.51009	-64	25.9	3	3.2	263
17/05/2025	04:56:02	40.54300	141.50653	32	29.6	4	2.4	266
17/05/2025	04:57:04	40.54239	141.50607	-18	0.0	3	3.2	259
17/05/2025	04:58:02	40.54258	141.50618	6	0.0	3	3.2	255
17/05/2025	04:59:02	40.54256	141.50622	2	0.0	3	3.2	261
17/05/2025	05:00:01	40.54254	141.50595	28	3.7	3	3.2	228
17/05/2025	05:01:02	40.54145	141.50683	12	0.0	3	3.1	310
17/05/2025	05:02:03	40.54155	141.50670	12	0.0	3	3.2	262
17/05/2025	05:03:02	40.54154	141.50659	-12	0.0	3	3.2	255
17/05/2025	05:04:02	40.54150	141.50654	-18	0.0	3	3.2	268
17/05/2025	05:05:01	40.54159	141.50666	-2	0.0	3	3.2	242
17/05/2025	05:06:02	40.54157	141.50662	-10	0.0	3	3.2	266
17/05/2025	05:07:02	40.54162	141.50642	-22	0.0	3	3.2	266
17/05/2025	05:08:02	40.54162	141.50666	-22	0.0	2	3.1	264
17/05/2025	05:09:04	40.54250	141.50525	-2	0.0	3	3.2	259
17/05/2025	05:10:03	40.54242	141.50536	-14	0.0	3	3.2	259
17/05/2025	05:11:02	40.54245	141.50527	-40	3.7	3	3.3	254
17/05/2025	05:12:03	40.54306	141.50855	-8	0.0	3	3.3	254
17/05/2025	05:13:03	40.54318	141.50836	-24	0.0	3	3.3	249
17/05/2025	05:14:02	40.54298	141.50879	-32	0.0	3	3.3	237
17/05/2025	05:15:01	40.54308	141.50886	16	0.0	3	3.3	213
17/05/2025	05:16:04	40.54306	141.50861	-16	3.7	3	3.4	253
17/05/2025	05:17:01	40.54288	141.50897	0	0.0	3	3.4	203
17/05/2025	05:18:13	40.54300	141.50881	-0	0.0	3	3.4	246
17/05/2025	05:19:03	40.54267	141.50932	12	0.0	3	4.0	242
17/05/2025	05:20:04	40.54285	141.50901	-14	0.0	3	4.0	244
17/05/2025	05:21:02	40.54297	141.50907	10	0.0	3	4.0	259
17/05/2025	05:22:08	40.54300	141.50890	12	0.0	3	4.1	263
17/05/2025	05:23:03	40.54302	141.50893	6	29.6	3	4.1	259
17/05/2025	05:24:02	40.54490	141.51198	6	22.2	3	4.1	256
17/05/2025	05:25:05	40.54955	141.51332	-12	25.9	3	4.2	250
17/05/2025	05:26:01	40.55550	141.51352	34	51.9	3	4.2	264
17/05/2025	05:27:02	40.55755	141.51211	-6	0.0	3	4.3	266
17/05/2025	05:28:02	40.55775	141.51191	-2	0.0	2	3.4	269
17/05/2025	05:29:03	40.55744	141.51260	44	0.0	3	4.4	256
17/05/2025	05:30:01	40.55759	141.51197	12	0.0	3	4.4	265
17/05/2025	05:31:04	40.55761	141.51218	26	0.0	3	5.0	263
17/05/2025	05:32:03	40.55757	141.51224	24	0.0	3	5.0	265
17/05/2025	05:33:03	40.55757	141.51203	4	0.0	3	5.1	263
17/05/2025	05:34:06	40.55748	141.51229	4	0.0	3	5.2	238
17/05/2025	05:35:03	40.55753	141.51212	14	0.0	3	5.2	266
17/05/2025	05:36:02	40.55754	141.51208	16	0.0	2	4.0	257
17/05/2025	05:37:03	40.55757	141.51213	22	0.0	3	5.4	261
17/05/2025	05:38:03	40.55750	141.51221	22	0.0	2	4.1	255
17/05/2025	05:39:31	40.55757	141.51210	-2	0.0	6	1.0	234
17/05/2025	05:40:02	40.55753	141.51199	-2	0.0	5	1.2	237
17/05/2025	05:41:00	40.55771	141.51211	22	0.0	3	2.1	273
17/05/2025	05:42:00	40.55764	141.51206	-10	0.0	4	1.3	233
17/05/2025	05:43:01	40.55753	141.51211	6	0.0	5	1.1	248
17/05/2025	05:44:01	40.55761	141.51204	0	0.0	6	1.0	267
17/05/2025	05:45:01	40.55749	141.51204	26	0.0	6	1.0	256
17/05/2025	05:46:00	40.55760	141.51211	-16	0.0	5	1.0	199
17/05/2025	05:47:01	40.55756	141.51216	-12	0.0	5	1.2	251
17/05/2025	05:48:00	40.55754	141.51194	40	0.0	3	2.1	206
17/05/2025	05:49:00	40.55760	141.51206	24	0.0	4	1.3	270
17/05/2025	05:50:00	40.55766	141.51217	-16	0.0	4	2.1	181
17/05/2025	05:51:03	40.55757	141.51209	2	0.0	4	2.1	189
17/05/2025	05:52:01	40.55755	141.51220	-8	3.7	4	2.1	195
17/05/2025	05:53:02	40.55750	141.51206	20	0.0	5	1.2	236
17/05/2025	05:54:02	40.55750	141.51215	14	0.0	3	3.2	208
17/05/2025	05:55:01	40.55763	141.51215	-0	0.0	5	1.1	232
17/05/2025	05:56:01	40.55759	141.51210	-6	0.0	5	1.1	235
17/05/2025	05:57:00	40.55795	141.51238	-58	0.0	4	2.1	202
17/05/2025	05:58:01	40.55844	141.51062	2	14.8	6	1.0	201
17/05/2025	05:59:01	40.55855	141.51012	-10	14.8	6	1.0	256
17/05/2025	06:00:00	40.55890	141.51015	8	3.7	3	2.2	235
17/05/2025	06:01:01	40.55770	141.51161	-6	0.0	5	1.4	258
17/05/2025	06:02:01	40.55767	141.51162	-14	0.0	5	1.4	207
17/05/2025	06:03:01	40.55756	141.51166	-0	0.0	5	1.1	233
17/05/2025	06:04:01	40.55769	141.51168	-16	0.0	4	2.0	169
17/05/2025	06:05:00	40.55749	141.51140	0	0.0	4	2.0	213
17/05/2025	06:06:00	40.55768	141.51149	6	0.0	5	1.1	236
17/05/2025	06:07:01	40.55772	141.51176	-18	0.0	3	2.0	116
17/05/2025	06:08:01	40.55758	141.51153	50	3.7	3	2.4	230
17/05/2025	06:09:01	40.55781	141.51165	-46	0.0	4	2.1	225
17/05/2025	06:10:01	40.55758	141.51150	36	0.0	4	2.1	206
17/05/2025	06:11:04	40.55759	141.51155	38	0.0	5	1.4	228
17/05/2025	06:12:01	40.55768	141.51166	8	0.0	4	3.0	236
17/05/2025	06:13:02	40.55772	141.51172	-4	0.0	5	1.1	289
17/05/2025	06:14:01	40.55766	141.51175	14	0.0	5	1.1	232
17/05/2025	06:15:02	40.55775	141.51166	8	0.0	5	1.1	231
17/05/2025	06:16:01	40.55776	141.51171	-30	0.0	5	1.1	203
17/05/2025	06:17:01	40.55766	141.51174	-12	0.0	5	1.1	233
17/05/2025	06:18:01	40.55764	141.51174	4	0.0	5	1.1	206
17/05/2025	06:19:01	40.55780	141.51171	6	0.0	5	1.1	204
17/05/2025	06:20:00	40.55774	141.51174	-8	0.0	4	2.0	253
17/05/2025	06:21:01	40.55766	141.51171	-4	0.0	5	1.1	223
17/05/2025	06:22:01	40.55766	141.51166	-8	0.0	5	1.1	203
17/05/2025	06:23:01	40.55769	141.51169	6	0.0	5	1.1	203
17/05/2025	06:24:01	40.55912	141.51066	-20	18.5	4	2.0	254
17/05/2025	06:25:01	40.55762	141.51204	-4	0.0	3	2.3	162
17/05/2025	06:26:01	40.55760	141.51200	28	0.0	4	2.0	230
17/05/2025	06:27:01	40.55764	141.51185	-14	0.0	4	1.4	252
17/05/2025	06:28:01	40.55759	141.51199	-6	0.0	5	1.1	196
17/05/2025	06:29:01	40.55764	141.51187	6	0.0	5	1.1	253
17/05/2025	06:30:01	40.55763	141.51196	12	0.0	4	1.4	200
17/05/2025	06:31:01	40.55759	141.51188	18	0.0	4	1.4	250
17/05/2025	06:32:02	40.55759	141.51192	14	0.0	4	3.4	252
17/05/2025	06:33:02	40.55777	141.51195	28	0.0	4	3.4	251
17/05/2025	06:34:02	40.55759	141.51191	6	0.0	5	1.1	246
17/05/2025	06:35:02	40.55760	141.51188	8	0.0	4	3.4	192
17/05/2025	06:36:02	40.55771	141.51190	20	0.0	4	3.4	200
17/05/2025	06:37:02	40.55764	141.51189	-2	0.0	5	1.1	240
17/05/2025	06:38:02	40.55759	141.51191	0	0.0	5	1.1	231
17/05/2025	06:39:02	40.55768	141.51193	-4	0.0	5	1.1	230
17/05/2025	06:40:02	40.55760	141.51191	20	0.0	4	3.4	243
17/05/2025	06:41:02	40.55768	141.51199	28	0.0	4	3.4	255
17/05/2025	06:42:02	40.55764	141.51187	-6	0.0	5	1.1	246
17/05/2025	06:43:02	40.55772	141.51194	30	0.0	4	3.4	229
17/05/2025	06:44:02	40.55766	141.51193	6	0.0	4	3.3	205
17/05/2025	06:45:01	40.55748	141.51191	-2	0.0	4	3.3	233
17/05/2025	06:46:02	40.55755	141.51193	-0	0.0	4	3.3	258
17/05/2025	06:47:02	40.55746	141.51193	6	0.0	4	3.3	242
17/05/2025	06:48:02	40.55747	141.51186	4	0.0	4	3.3	221
17/05/2025	06:49:00	40.55757	141.51246	74	29.6	3	2.3	255
17/05/2025	06:50:01	40.55988	141.51213	-0	33.3	3	3.3	299
17/05/2025	06:51:02	40.56010	141.50918	18	0.0	4	1.3	212
17/05/2025	06:52:01	40.55993	141.50450	-0	44.4	5	1.1	271
17/05/2025	06:53:01	40.56182	141.50474	24	14.8	4	1.3	198
17/05/2025	06:54:01	40.56134	141.50575	28	29.6	3	3.2	205
17/05/2025	06:55:03	40.55910	141.50505	-4	0.0	3	3.2	242
17/05/2025	06:56:01	40.55908	141.50520	26	0.0	4	1.3	175
17/05/2025	06:57:01	40.55911	141.50513	-6	0.0	4	3.1	231
17/05/2025	06:58:01	40.55922	141.50520	22	0.0	4	1.2	228
17/05/2025	06:59:01	40.55912	141.50524	0	0.0	5	1.1	235
17/05/2025	07:00:01	40.55909	141.50501	12	0.0	4	1.3	232
17/05/2025	07:01:01	40.55911	141.50515	4	0.0	4	1.3	229
17/05/2025	07:02:01	40.55911	141.50508	-2	0.0	5	1.2	228
17/05/2025	07:03:01	40.55920	141.50512	12	0.0	5	1.2	230
17/05/2025	07:04:01	40.55908	141.50520	12	0.0	4	1.3	230
17/05/2025	07:05:02	40.55884	141.50492	60	0.0	3	14.1	266
17/05/2025	07:06:01	40.55918	141.50507	6	0.0	5	1.2	229
17/05/2025	07:07:01	40.55912	141.50524	24	0.0	4	1.2	260
17/05/2025	07:08:02	40.55911	141.50508	22	0.0	4	1.2	264
17/05/2025	07:09:02	40.55908	141.50512	30	0.0	4	1.3	253
17/05/2025	07:10:02	40.55916	141.50515	8	0.0	4	1.3	276
17/05/2025	07:11:02	40.55912	141.50511	6	0.0	5	1.2	258
17/05/2025	07:12:02	40.55912	141.50509	-14	0.0	3	3.2	254
17/05/2025	07:13:03	40.55867	141.50474	90	0.0	3	11.1	227
17/05/2025	07:14:02	40.55937	141.50535	-30	0.0	3	10.4	217
17/05/2025	07:15:02	40.55931	141.50510	12	0.0	3	3.2	226
17/05/2025	07:16:02	40.55897	141.50498	-4	0.0	3	3.2	247
17/05/2025	07:17:02	40.55918	141.50520	22	0.0	3	3.2	248
17/05/2025	07:18:03	40.55932	141.50518	-24	0.0	3	3.2	203
17/05/2025	07:19:02	40.55929	141.50519	2	0.0	3	3.3	223
17/05/2025	07:20:02	40.55887	141.50621	16	0.0	4	1.3	231
17/05/2025	07:21:02	40.55887	141.50622	16	0.0	4	1.3	250
17/05/2025	07:22:02	40.55901	141.50655	24	0.0	3	3.3	262
17/05/2025	07:23:01	40.55891	141.50710	66	22.2	3	3.3	230
17/05/2025	07:24:01	40.55862	141.50734	-2	0.0	3	3.3	252
17/05/2025	07:25:01	40.55852	141.50727	-0	0.0	3	3.4	255
17/05/2025	07:26:02	40.55862	141.50732	24	0.0	4	1.3	261
17/05/2025	07:27:02	40.55861	141.50725	-10	0.0	4	1.3	256
17/05/2025	07:28:02	40.55868	141.50760	42	0.0	3	4.0	272
17/05/2025	07:29:01	40.55871	141.50729	22	0.0	3	4.0	254
17/05/2025	07:30:02	40.55868	141.50743	8	0.0	3	4.0	249
17/05/2025	07:31:02	40.55863	141.50738	14	0.0	3	4.0	224
17/05/2025	07:32:02	40.55833	141.50887	22	0.0	3	4.1	249
17/05/2025	07:33:03	40.55823	141.50882	2	0.0	3	4.1	249
17/05/2025	07:34:02	40.55820	141.50882	10	0.0	3	4.2	235
17/05/2025	07:35:02	40.55826	141.50872	-4	0.0	3	4.2	231
17/05/2025	07:36:02	40.55827	141.50861	-24	0.0	3	4.2	254
17/05/2025	07:37:03	40.55812	141.51054	50	0.0	3	4.3	280
17/05/2025	07:38:04	40.55810	141.51009	-4	3.7	3	6.4	247
17/05/2025	07:39:05	40.55814	141.51045	46	0.0	3	4.4	272
17/05/2025	07:40:03	40.55791	141.50983	-38	0.0	3	4.4	283
17/05/2025	07:41:06	40.55807	141.51005	6	0.0	3	5.0	283
17/05/2025	07:42:04	40.55806	141.51030	28	0.0	3	5.0	285
17/05/2025	07:43:03	40.55820	141.51041	54	0.0	3	5.1	230
17/05/2025	07:44:02	40.55812	141.51019	50	0.0	2	3.0	223
17/05/2025	07:45:33	40.55800	141.51015	14	0.0	3	5.3	252
17/05/2025	07:46:01	40.55778	141.50968	-48	0.0	3	5.3	251
17/05/2025	07:47:03	40.55798	141.50996	-4	3.7	3	5.4	250
17/05/2025	07:48:01	40.55796	141.51006	-10	0.0	3	5.4	224
17/05/2025	07:49:03	40.55800	141.51002	14	0.0	3	6.0	231
17/05/2025	07:50:03	40.55808	141.51045	46	3.7	3	6.1	231
17/05/2025	07:51:03	40.55805	141.51013	12	3.7	3	6.2	246
17/05/2025	07:52:03	40.55813	141.51014	26	0.0	3	6.3	254
17/05/2025	07:53:04	40.55785	141.50975	-56	3.7	3	6.4	269
17/05/2025	07:54:03	40.55795	141.50980	-32	0.0	3	7.0	251
17/05/2025	07:55:02	40.55773	141.50977	-30	0.0	2	2.4	254
17/05/2025	07:56:06	40.55814	141.51041	44	3.7	3	7.2	253
17/05/2025	07:57:04	40.55783	141.50998	-26	3.7	3	7.3	251
17/05/2025	07:58:04	40.55775	141.51107	-4	0.0	3	7.4	276
17/05/2025	07:59:04	40.55767	141.51087	-10	0.0	3	8.0	263
17/05/2025	08:00:30	40.55775	141.51111	2	0.0	3	4.1	251
17/05/2025	08:01:02	40.55779	141.51148	-38	0.0	3	4.1	229
17/05/2025	08:02:02	40.55779	141.51145	-38	0.0	3	4.1	175
17/05/2025	08:03:02	40.55770	141.51080	30	0.0	3	4.1	208
17/05/2025	08:04:01	40.55768	141.51124	-28	0.0	3	4.2	154
17/05/2025	08:05:01	40.55771	141.51127	-16	0.0	3	4.1	148
17/05/2025	08:06:01	40.55773	141.51114	-16	0.0	2	4.4	170
17/05/2025	08:07:02	40.55771	141.51126	-20	0.0	3	4.2	223
17/05/2025	08:08:02	40.55771	141.51102	32	0.0	3	4.2	246
17/05/2025	08:09:02	40.55775	141.51085	34	0.0	3	4.2	223
17/05/2025	08:10:02	40.55770	141.51091	42	0.0	3	4.2	203
17/05/2025	08:11:02	40.55766	141.51087	36	0.0	3	4.2	198
17/05/2025	08:12:01	40.55769	141.51118	-8	0.0	3	4.2	178
17/05/2025	08:13:02	40.55772	141.51100	36	0.0	3	4.2	252
17/05/2025	08:14:02	40.55771	141.51122	-14	0.0	3	4.2	226
17/05/2025	08:15:01	40.55773	141.51092	30	0.0	3	4.2	179
17/05/2025	08:16:02	40.55770	141.51090	12	0.0	3	4.2	251
17/05/2025	08:17:01	40.55768	141.51084	30	0.0	3	4.2	206
17/05/2025	08:18:01	40.55777	141.51119	-10	0.0	3	4.2	179
17/05/2025	08:19:01	40.55768	141.51126	-22	0.0	3	4.2	204
17/05/2025	08:20:02	40.55777	141.51096	32	0.0	3	4.2	256
17/05/2025	08:21:02	40.55777	141.51130	-14	0.0	3	4.2	272
17/05/2025	08:22:01	40.55773	141.51099	-24	0.0	3	4.1	200
17/05/2025	08:23:01	40.55786	141.51130	10	0.0	3	4.1	230
17/05/2025	08:24:01	40.55777	141.51138	-30	0.0	2	6.4	204
17/05/2025	08:25:01	40.55765	141.51192	-116	0.0	3	4.1	257
17/05/2025	08:26:01	40.55776	141.51164	-42	0.0	3	4.1	232
17/05/2025	08:27:01	40.55772	141.51099	2	0.0	3	4.0	234
17/05/2025	08:28:01	40.55767	141.51107	-10	0.0	3	4.0	257
17/05/2025	08:29:02	40.55772	141.51083	34	0.0	3	4.0	259
17/05/2025	08:30:02	40.55771	141.51101	8	0.0	3	4.0	263
17/05/2025	08:31:02	40.55775	141.51123	-12	0.0	3	3.4	232
17/05/2025	08:32:01	40.55772	141.51101	26	0.0	3	3.4	232
17/05/2025	08:33:04	40.55770	141.51100	10	0.0	3	3.4	254
17/05/2025	08:34:01	40.55769	141.51118	-10	0.0	3	3.4	289
17/05/2025	08:35:02	40.55781	141.51126	-16	0.0	3	3.3	258
17/05/2025	08:36:02	40.55780	141.51110	18	0.0	3	3.3	282
17/05/2025	08:37:02	40.55770	141.51079	56	0.0	3	3.3	258
17/05/2025	08:38:02	40.55773	141.51121	-28	0.0	3	3.3	294
17/05/2025	08:39:02	40.55772	141.51122	-8	0.0	3	3.2	249
17/05/2025	08:40:02	40.55771	141.51119	-10	0.0	2	6.4	204
17/05/2025	08:41:03	40.55778	141.51107	10	0.0	3	3.2	255
17/05/2025	08:42:01	40.55777	141.51067	76	0.0	3	3.1	234
17/05/2025	08:43:01	40.55771	141.51098	4	0.0	3	3.1	264
17/05/2025	08:44:01	40.55767	141.51145	-32	0.0	3	3.1	291
17/05/2025	08:45:01	40.55764	141.51142	-42	0.0	3	3.1	266
17/05/2025	08:46:01	40.55775	141.51089	24	0.0	3	3.0	239
17/05/2025	08:47:01	40.55777	141.51108	26	0.0	3	3.0	230
17/05/2025	08:48:02	40.55774	141.51104	22	0.0	3	3.0	267
17/05/2025	08:49:02	40.55774	141.51124	-0	0.0	3	3.0	264
17/05/2025	08:50:01	40.55777	141.51115	-6	0.0	3	2.4	263
17/05/2025	08:51:02	40.55765	141.51120	-0	0.0	3	2.4	265
17/05/2025	08:52:03	40.55807	141.51237	-30	18.5	3	2.4	256
17/05/2025	08:53:02	40.55729	141.51332	-28	18.5	3	2.4	249
17/05/2025	08:54:02	40.55674	141.51705	-8	18.5	3	2.4	261
17/05/2025	08:55:01	40.56065	141.51375	12	40.7	3	2.4	205
17/05/2025	08:56:01	40.56027	141.50706	-8	44.4	3	2.3	259
17/05/2025	08:57:02	40.56038	141.50675	-24	0.0	3	2.3	272
17/05/2025	08:58:02	40.56022	141.50667	-2	0.0	2	4.3	205
17/05/2025	08:59:01	40.56050	141.50677	16	33.3	3	2.3	232
17/05/2025	09:00:02	40.56038	141.50545	14	0.0	3	2.3	284
17/05/2025	09:01:01	40.55889	141.50623	4	0.0	2	5.4	183
17/05/2025	09:02:02	40.55888	141.50610	20	0.0	2	5.4	280
17/05/2025	09:03:02	40.55882	141.50614	0	0.0	3	2.2	239
17/05/2025	09:04:01	40.55885	141.50623	-12	0.0	3	2.2	262
17/05/2025	09:05:01	40.55894	141.50613	12	0.0	3	2.2	262
17/05/2025	09:06:01	40.55888	141.50610	18	0.0	3	2.2	263
17/05/2025	09:07:01	40.55896	141.50614	-8	0.0	3	2.2	258
17/05/2025	09:08:01	40.55883	141.50614	4	0.0	3	2.2	281
17/05/2025	09:09:01	40.55889	141.50617	6	0.0	3	2.2	284
17/05/2025	09:10:01	40.55889	141.50605	-2	0.0	3	2.2	288
17/05/2025	09:11:01	40.55876	141.50620	6	0.0	3	2.2	257
17/05/2025	09:12:01	40.55893	141.50615	6	0.0	3	2.2	256
17/05/2025	09:13:01	40.55891	141.50618	4	0.0	3	2.2	285
17/05/2025	09:14:00	40.55892	141.50618	24	0.0	3	2.2	258
17/05/2025	09:15:00	40.55886	141.50631	-40	0.0	3	2.2	229
17/05/2025	09:16:01	40.55883	141.50587	60	0.0	2	2.4	251
17/05/2025	09:17:00	40.55867	141.50595	40	0.0	3	2.1	253
17/05/2025	09:18:01	40.55874	141.50616	0	0.0	3	2.1	249
17/05/2025	09:19:01	40.55897	141.50603	24	0.0	3	2.1	233
17/05/2025	09:20:02	40.56009	141.50803	14	29.6	3	2.1	274
17/05/2025	09:21:02	40.56147	141.50885	4	33.3	3	2.1	281
17/05/2025	09:22:01	40.56179	141.50588	-20	40.7	3	2.1	287
17/05/2025	09:23:01	40.55983	141.50633	6	25.9	3	2.1	287
17/05/2025	09:24:01	40.55882	141.50645	-8	0.0	3	2.1	245
17/05/2025	09:25:01	40.55874	141.50623	24	0.0	3	3.4	231
17/05/2025	09:26:02	40.55880	141.50640	4	0.0	3	2.1	287
17/05/2025	09:27:01	40.55896	141.50643	14	0.0	3	2.1	258
17/05/2025	09:28:01	40.55887	141.50643	-0	0.0	3	2.1	257
17/05/2025	09:29:01	40.55885	141.50623	16	0.0	3	2.1	247
17/05/2025	09:30:01	40.55870	141.50635	22	0.0	3	4.1	282
17/05/2025	09:31:01	40.55892	141.50633	-16	0.0	3	2.1	284
17/05/2025	09:32:01	40.55889	141.50651	-38	0.0	3	2.1	262
17/05/2025	09:33:01	40.55888	141.50642	2	0.0	3	2.1	284
17/05/2025	09:34:01	40.55883	141.50659	-8	0.0	3	2.1	296
17/05/2025	09:35:01	40.55887	141.50652	-22	0.0	3	2.1	257
17/05/2025	09:36:01	40.55893	141.50633	6	0.0	3	2.1	279
17/05/2025	09:37:01	40.55896	141.50654	-2	0.0	3	2.1	289
17/05/2025	09:38:01	40.55881	141.50638	8	0.0	3	2.1	284
17/05/2025	09:39:01	40.55886	141.50645	-6	0.0	3	2.1	255
17/05/2025	09:40:04	40.56037	141.50841	-6	22.2	3	2.1	275
17/05/2025	09:41:01	40.55914	141.50878	34	29.6	3	2.1	273
17/05/2025	09:42:01	40.55811	141.50946	0	0.0	3	2.1	280
17/05/2025	09:43:01	40.55818	141.50928	28	0.0	3	2.1	249
17/05/2025	09:44:01	40.55810	141.50935	24	0.0	3	2.1	253
17/05/2025	09:45:01	40.55803	141.50959	8	0.0	3	2.1	227
17/05/2025	09:46:01	40.55810	141.50950	10	0.0	3	2.1	228
17/05/2025	09:47:01	40.55806	141.50951	8	0.0	3	2.1	227
17/05/2025	09:48:01	40.55827	141.50954	2	0.0	3	2.1	228
17/05/2025	09:49:00	40.55808	141.50947	14	0.0	3	2.1	251
17/05/2025	09:50:01	40.55812	141.50947	24	0.0	3	2.1	227
17/05/2025	09:51:00	40.55820	141.50941	30	0.0	3	2.1	233
17/05/2025	09:52:00	40.55796	141.50928	38	0.0	3	2.1	178
17/05/2025	09:53:01	40.55822	141.50949	-8	0.0	3	2.1	258
17/05/2025	09:54:01	40.55805	141.50948	20	0.0	3	2.1	208
17/05/2025	09:55:01	40.55810	141.50953	2	0.0	3	2.1	260
17/05/2025	09:56:01	40.55804	141.50937	20	0.0	3	2.1	261
17/05/2025	09:57:01	40.55811	141.50953	-4	0.0	3	2.1	260
17/05/2025	09:58:01	40.55821	141.50970	-26	0.0	3	2.1	260
17/05/2025	09:59:01	40.55802	141.50944	16	0.0	3	2.1	255
17/05/2025	10:00:31	40.55812	141.50951	4	0.0	5	1.2	272
17/05/2025	10:01:01	40.55807	141.50948	10	0.0	4	2.3	263
17/05/2025	10:02:00	40.55808	141.50928	38	0.0	4	2.3	232
17/05/2025	10:03:00	40.55825	141.50939	24	0.0	3	2.4	208
17/05/2025	10:04:01	40.55807	141.50947	16	0.0	5	1.2	233
17/05/2025	10:05:01	40.55817	141.50947	6	0.0	5	1.2	279
17/05/2025	10:06:00	40.55813	141.50962	2	0.0	4	1.3	203
17/05/2025	10:07:00	40.55820	141.50958	-2	0.0	4	2.2	228
17/05/2025	10:08:00	40.55813	141.50974	-18	0.0	4	2.2	173
17/05/2025	10:09:00	40.55822	141.50943	12	0.0	4	2.2	227
17/05/2025	10:10:00	40.55812	141.50957	0	0.0	4	2.2	241
17/05/2025	10:11:01	40.55799	141.50942	14	0.0	4	2.4	205
17/05/2025	10:12:01	40.55803	141.50965	-4	0.0	4	2.4	205
17/05/2025	10:13:01	40.55811	141.50948	16	0.0	5	1.2	233
17/05/2025	10:14:00	40.55817	141.50954	14	0.0	4	2.4	205
17/05/2025	10:15:00	40.55805	141.50934	6	0.0	4	2.3	234
17/05/2025	10:16:00	40.55816	141.50959	6	0.0	4	1.3	199
17/05/2025	10:17:00	40.55816	141.50959	-2	0.0	4	2.2	174
17/05/2025	10:18:00	40.55810	141.50945	0	0.0	4	1.3	200
17/05/2025	10:19:01	40.55811	141.50950	14	0.0	3	1.3	223
17/05/2025	10:20:00	40.55819	141.50951	36	0.0	3	2.3	197
17/05/2025	10:21:00	40.55808	141.50937	8	0.0	4	1.3	201
17/05/2025	10:22:00	40.55808	141.50960	28	0.0	4	1.3	197
17/05/2025	10:23:00	40.55821	141.50961	30	0.0	4	1.3	176
17/05/2025	10:24:00	40.55798	141.50923	42	0.0	3	2.3	144
17/05/2025	10:25:01	40.55795	141.50958	-10	0.0	3	2.3	174
17/05/2025	10:26:01	40.55813	141.50949	12	0.0	3	2.3	173
17/05/2025	10:27:01	40.55800	141.50944	14	0.0	3	2.1	217
17/05/2025	10:28:01	40.55804	141.50960	-4	0.0	3	2.3	149
17/05/2025	10:29:01	40.55817	141.50949	12	0.0	3	4.0	199
17/05/2025	10:30:01	40.55810	141.50949	2	0.0	2	2.3	170
17/05/2025	10:31:01	40.55825	141.50970	-0	22.2	3	2.4	248
17/05/2025	10:32:02	40.55939	141.51119	6	0.0	4	1.2	274
17/05/2025	10:33:01	40.55960	141.51138	-30	0.0	3	2.1	248
17/05/2025	10:34:01	40.55960	141.51137	12	0.0	2	2.1	272
17/05/2025	10:35:01	40.55975	141.51169	6	0.0	4	1.2	275
17/05/2025	10:36:01	40.55974	141.51177	22	0.0	4	1.2	276
17/05/2025	10:37:01	40.55986	141.51198	32	0.0	3	2.0	247
17/05/2025	10:38:00	40.55998	141.51185	-12	0.0	3	2.1	222
17/05/2025	10:39:01	40.56013	141.51207	-16	0.0	4	1.2	271
17/05/2025	10:40:01	40.56014	141.51210	6	0.0	4	1.2	247
17/05/2025	10:41:01	40.56015	141.51210	-10	0.0	4	1.2	271
17/05/2025	10:42:01	40.56025	141.51222	-34	0.0	3	2.0	220
17/05/2025	10:43:01	40.56013	141.51236	38	0.0	3	2.0	273
17/05/2025	10:44:01	40.56028	141.51229	-4	0.0	3	2.0	222
17/05/2025	10:45:00	40.56028	141.51249	32	0.0	3	2.0	222
17/05/2025	10:46:00	40.56025	141.51253	20	0.0	4	1.3	199
17/05/2025	10:47:01	40.56046	141.51259	36	0.0	3	2.0	222
17/05/2025	10:48:01	40.56047	141.51265	-20	0.0	3	2.0	172
17/05/2025	10:49:01	40.56047	141.51279	20	0.0	4	1.2	228
17/05/2025	10:50:01	40.56063	141.51276	-52	0.0	3	1.3	225
17/05/2025	10:51:01	40.56059	141.51294	-4	0.0	4	1.2	202
17/05/2025	10:52:01	40.56055	141.51303	0	0.0	4	1.2	200
17/05/2025	10:53:01	40.56052	141.51304	8	0.0	3	2.0	242
17/05/2025	10:54:01	40.56081	141.51316	-8	0.0	2	2.3	238
17/05/2025	10:55:01	40.56055	141.51347	26	0.0	3	2.0	170
17/05/2025	10:56:01	40.56064	141.51336	22	0.0	3	2.0	216
17/05/2025	10:57:01	40.56080	141.51341	12	0.0	2	1.3	214
17/05/2025	10:58:01	40.56085	141.51368	22	0.0	4	1.2	202
17/05/2025	10:59:01	40.56095	141.51371	-72	0.0	3	1.4	224
17/05/2025	11:00:01	40.56090	141.51368	6	0.0	3	1.4	225
17/05/2025	11:01:01	40.56104	141.51377	-8	0.0	4	1.2	226
17/05/2025	11:02:01	40.56118	141.51399	-20	0.0	4	2.1	249
17/05/2025	11:03:01	40.56106	141.51392	-14	0.0	4	1.2	222
17/05/2025	11:04:01	40.56109	141.51407	-40	0.0	3	1.4	203
17/05/2025	11:05:02	40.56122	141.51411	-16	0.0	2	2.3	270
17/05/2025	11:06:01	40.56120	141.51400	4	0.0	3	1.4	205
17/05/2025	11:07:01	40.56133	141.51416	8	0.0	4	1.2	228
17/05/2025	11:08:01	40.56119	141.51418	36	0.0	3	1.4	197
17/05/2025	11:09:01	40.56144	141.51431	-20	0.0	3	1.3	225
17/05/2025	11:10:01	40.56150	141.51433	-26	0.0	3	1.3	223
17/05/2025	11:11:01	40.56160	141.51439	-26	0.0	3	1.3	201
17/05/2025	11:12:01	40.56160	141.51435	18	0.0	2	4.2	224
17/05/2025	11:13:01	40.56152	141.51434	14	0.0	3	1.3	179
17/05/2025	11:14:01	40.56162	141.51439	12	0.0	3	1.3	200
17/05/2025	11:15:01	40.56175	141.51453	-24	0.0	3	1.3	225
17/05/2025	11:16:02	40.56177	141.51464	-34	0.0	2	2.3	244
17/05/2025	11:17:02	40.56176	141.51453	0	0.0	2	2.3	248
17/05/2025	11:18:02	40.56185	141.51476	0	0.0	2	2.3	221
17/05/2025	11:19:01	40.56186	141.51472	28	0.0	3	1.2	197
17/05/2025	11:20:01	40.56144	141.51456	90	0.0	2	5.0	179
17/05/2025	11:21:01	40.56182	141.51482	4	0.0	3	1.3	201
17/05/2025	11:22:01	40.56211	141.51507	-44	0.0	2	5.1	195
17/05/2025	11:23:03	40.56188	141.51484	42	0.0	3	1.3	242
17/05/2025	11:24:01	40.56275	141.51545	-214	0.0	2	5.2	200
17/05/2025	11:25:03	40.56198	141.51500	58	0.0	2	5.2	219
17/05/2025	11:26:07	40.56214	141.51504	0	0.0	4	1.2	257
17/05/2025	11:27:01	40.56212	141.51492	14	0.0	2	5.3	174
17/05/2025	11:28:02	40.56210	141.51496	64	0.0	2	5.3	238
17/05/2025	11:29:05	40.56223	141.51519	22	0.0	3	1.2	236
17/05/2025	11:30:01	40.56234	141.51542	-50	0.0	2	5.4	199
17/05/2025	11:31:02	40.56237	141.51538	-4	0.0	2	2.3	258
17/05/2025	11:32:01	40.56246	141.51545	-4	0.0	2	2.3	177
17/05/2025	11:33:02	40.56226	141.51539	72	0.0	2	6.0	213
17/05/2025	11:34:01	40.56253	141.51568	0	0.0	2	6.0	172
17/05/2025	11:35:03	40.56225	141.51553	68	0.0	2	6.0	169
17/05/2025	11:36:01	40.56252	141.51591	12	0.0	2	6.0	173
17/05/2025	11:37:01	40.55917	141.51765	64	25.9	3	2.0	233
17/05/2025	11:38:02	40.55567	141.51803	34	22.2	3	1.2	277
17/05/2025	11:39:00	40.55109	141.51777	-10	33.3	4	1.4	270
17/05/2025	11:40:00	40.54838	141.51848	40	0.0	3	1.3	237
17/05/2025	11:41:02	40.54846	141.51878	10	0.0	3	1.2	284
17/05/2025	11:42:01	40.54857	141.51896	14	0.0	3	1.3	247
17/05/2025	11:43:01	40.54869	141.51930	14	0.0	3	1.2	278
17/05/2025	11:44:01	40.54894	141.51955	-36	0.0	3	1.3	259
17/05/2025	11:45:00	40.54729	141.52522	36	40.7	3	1.3	178
17/05/2025	11:46:01	40.54550	141.53226	38	37.0	3	1.2	255
17/05/2025	11:47:00	40.54237	141.53747	-2	37.0	3	1.3	204
17/05/2025	11:48:00	40.54007	141.54445	0	37.0	3	1.3	204
17/05/2025	11:49:02	40.53875	141.54879	80	0.0	2	6.2	237
17/05/2025	11:50:01	40.53882	141.54918	10	0.0	2	5.1	257
17/05/2025	11:51:02	40.53894	141.54898	20	0.0	3	1.3	287
17/05/2025	11:52:02	40.53902	141.54884	4	0.0	3	1.3	290
17/05/2025	11:53:01	40.53892	141.54904	22	0.0	3	1.3	288
17/05/2025	11:54:01	40.53890	141.54894	4	0.0	3	1.3	293
17/05/2025	11:55:02	40.53891	141.54907	-0	0.0	3	1.2	258
17/05/2025	11:56:01	40.53874	141.54913	-0	0.0	2	2.0	269
17/05/2025	11:57:01	40.53890	141.54908	10	0.0	3	1.4	270
17/05/2025	11:58:01	40.53895	141.54903	-10	0.0	2	2.0	257
17/05/2025	11:59:02	40.53885	141.54902	-8	0.0	3	1.2	285
17/05/2025	12:00:02	40.53902	141.54897	-4	0.0	3	1.4	254
17/05/2025	12:01:00	40.53894	141.54908	-12	0.0	3	1.4	268
17/05/2025	12:02:01	40.53891	141.54896	12	0.0	3	1.4	268
17/05/2025	12:03:00	40.53885	141.54912	-8	0.0	3	1.4	271
17/05/2025	12:04:02	40.53897	141.54906	8	0.0	3	1.4	263
17/05/2025	12:05:01	40.53887	141.54910	12	0.0	3	1.4	265
17/05/2025	12:06:01	40.53893	141.54892	-18	0.0	3	1.4	268
17/05/2025	12:07:02	40.53873	141.54905	4	0.0	3	1.4	261
17/05/2025	12:08:01	40.53899	141.54905	-2	0.0	3	1.4	273
17/05/2025	12:09:01	40.53888	141.54903	22	0.0	3	1.4	265
17/05/2025	12:10:04	40.53899	141.54901	8	0.0	3	1.4	262
17/05/2025	12:11:08	40.53899	141.54898	2	0.0	3	1.4	258
17/05/2025	12:12:03	40.53888	141.54909	20	0.0	3	1.4	264
17/05/2025	12:13:02	40.53889	141.54909	0	0.0	3	1.4	272
17/05/2025	12:14:02	40.53894	141.54908	6	0.0	3	1.4	271
17/05/2025	12:15:01	40.53878	141.55127	18	33.3	3	1.4	257
17/05/2025	12:16:01	40.54018	141.55807	28	25.9	3	1.4	252
17/05/2025	12:17:02	40.53910	141.55842	-12	29.6	3	1.4	287
17/05/2025	12:18:04	40.53948	141.55835	-18	0.0	3	1.4	261
17/05/2025	12:19:02	40.53944	141.55818	-12	0.0	2	3.1	265
17/05/2025	12:20:04	40.53921	141.55862	20	3.7	3	1.4	254
17/05/2025	12:21:03	40.53941	141.55835	16	0.0	3	1.4	262
17/05/2025	12:22:03	40.53947	141.55840	-0	0.0	3	1.4	267
17/05/2025	12:23:03	40.53907	141.55803	12	3.7	3	1.4	255
17/05/2025	12:24:04	40.53912	141.55798	-0	0.0	3	1.4	194
17/05/2025	12:25:04	40.53901	141.55798	14	0.0	3	1.4	199
17/05/2025	12:26:02	40.53914	141.55801	14	0.0	3	1.4	218
17/05/2025	12:27:04	40.53916	141.55803	-10	0.0	3	1.4	219
17/05/2025	12:28:03	40.53896	141.55797	24	0.0	3	1.4	217
17/05/2025	12:29:02	40.53890	141.55807	26	0.0	2	1.4	198
17/05/2025	12:30:03	40.53922	141.55795	-22	0.0	3	2.0	221
17/05/2025	12:31:02	40.53924	141.55803	-22	0.0	2	1.4	196
17/05/2025	12:32:04	40.53918	141.55790	-0	0.0	3	2.0	220
17/05/2025	12:33:02	40.53902	141.55796	2	0.0	3	2.0	225
17/05/2025	12:34:04	40.53912	141.55795	-0	0.0	3	2.0	221
17/05/2025	12:35:03	40.53904	141.55798	24	0.0	3	2.0	221
17/05/2025	12:42:07	40.53911	141.55797	4	0.0	4	1.3	198
17/05/2025	12:43:50	40.53904	141.55812	18	0.0	4	1.3	192
17/05/2025	12:44:04	40.53902	141.55836	18	3.7	2	7.4	126
17/05/2025	12:45:31	40.53898	141.55804	38	0.0	3	4.2	128
17/05/2025	12:46:02	40.53874	141.55811	70	3.7	3	4.2	129
17/05/2025	12:47:02	40.53932	141.55782	-48	0.0	3	4.1	106
17/05/2025	12:48:04	40.53909	141.55802	14	0.0	3	4.1	125
17/05/2025	12:49:04	40.53892	141.55812	34	3.7	3	4.0	100
17/05/2025	12:50:05	40.53902	141.55798	18	0.0	3	4.0	122
17/05/2025	12:51:05	40.53874	141.55809	52	0.0	3	3.4	119
17/05/2025	12:57:42	40.53908	141.55801	14	0.0	4	1.4	185
17/05/2025	12:58:10	40.53880	141.55811	70	3.7	3	3.0	122
17/05/2025	12:59:23	40.53912	141.55799	-4	3.7	3	3.2	127
17/05/2025	13:00:06	40.53902	141.55800	-0	0.0	2	2.1	111
17/05/2025	13:01:04	40.53909	141.55791	-0	0.0	2	2.1	115
17/05/2025	13:02:37	40.53921	141.55805	-4	3.7	2	5.2	129
17/05/2025	13:03:04	40.53821	141.55817	162	7.4	2	5.2	137
17/05/2025	13:09:38	40.53904	141.55787	-0	0.0	3	1.3	154
17/05/2025	13:10:05	40.53910	141.55814	14	3.7	3	1.3	139
17/05/2025	13:11:10	40.53907	141.55811	18	0.0	3	1.3	156
17/05/2025	13:12:06	40.53918	141.55818	-2	11.1	2	5.4	123
17/05/2025	13:13:05	40.53932	141.55861	20	11.1	2	5.3	124
17/05/2025	13:14:09	40.53915	141.55811	6	18.5	2	5.3	118
17/05/2025	13:15:10	40.53906	141.55789	-0	0.0	3	1.3	152
17/05/2025	13:16:05	40.53911	141.55808	16	0.0	2	5.2	145
17/05/2025	13:17:03	40.53901	141.55794	18	3.7	2	5.1	127
17/05/2025	13:18:04	40.53907	141.55789	-6	14.8	2	5.0	124
17/05/2025	13:19:04	40.53892	141.55763	-34	7.4	2	5.0	147
17/05/2025	13:20:04	40.53928	141.55849	-18	0.0	2	4.4	146
17/05/2025	13:21:04	40.53911	141.55813	-10	7.4	2	4.4	123
17/05/2025	13:22:04	40.53890	141.55769	12	0.0	2	4.3	168
17/05/2025	13:23:04	40.53902	141.55792	10	0.0	2	2.3	159
17/05/2025	13:24:16	40.53894	141.55786	48	0.0	3	1.3	153
17/05/2025	13:25:11	40.53911	141.55808	-6	3.7	3	1.3	125
17/05/2025	13:26:05	40.53911	141.55803	34	0.0	2	2.0	154
17/05/2025	13:27:03	40.53883	141.55756	34	0.0	1	5.2	126
17/05/2025	13:28:04	40.53908	141.55795	2	0.0	3	1.2	169
17/05/2025	13:29:04	40.53897	141.55791	44	0.0	2	2.2	171
17/05/2025	13:30:02	40.53921	141.55813	14	0.0	2	2.1	131
17/05/2025	13:31:03	40.53906	141.55804	16	0.0	1	5.1	129
17/05/2025	13:32:03	40.53904	141.55810	4	0.0	1	5.0	126
17/05/2025	13:33:03	40.53909	141.55801	-12	0.0	2	2.1	167
17/05/2025	13:34:03	40.53900	141.55771	14	0.0	2	2.1	135
17/05/2025	13:35:03	40.53936	141.55836	-28	0.0	2	2.1	132
17/05/2025	13:36:03	40.53903	141.55814	36	0.0	2	2.1	135
17/05/2025	13:37:03	40.53909	141.55798	-12	3.7	2	2.1	127
17/05/2025	13:38:04	40.53908	141.55781	8	0.0	2	2.1	132
17/05/2025	13:39:03	40.53902	141.55800	20	0.0	2	2.1	154
17/05/2025	13:40:03	40.53899	141.55790	18	0.0	2	2.1	155
17/05/2025	13:41:02	40.53895	141.55793	38	0.0	2	2.1	136
17/05/2025	13:42:04	40.53911	141.55796	-4	0.0	2	2.1	135
17/05/2025	13:43:04	40.53898	141.55798	4	0.0	2	2.1	152
17/05/2025	13:44:06	40.53925	141.55807	30	0.0	3	1.4	141
17/05/2025	13:45:07	40.53937	141.55832	102	7.4	3	9.0	183
17/05/2025	13:46:03	40.53895	141.55788	26	0.0	3	1.4	124
17/05/2025	13:47:04	40.53912	141.55796	14	3.7	2	3.0	150
17/05/2025	13:48:02	40.53912	141.55804	-16	0.0	3	1.4	155
17/05/2025	13:49:03	40.53901	141.55801	42	0.0	2	3.0	158
17/05/2025	13:50:03	40.53910	141.55805	24	0.0	2	3.0	134
17/05/2025	13:51:04	40.53897	141.55780	4	0.0	2	3.0	171
17/05/2025	13:52:03	40.53901	141.55796	42	0.0	3	1.4	158
17/05/2025	13:53:02	40.53901	141.55796	-4	0.0	2	3.0	130
17/05/2025	13:54:04	40.53907	141.55803	-4	0.0	2	3.0	127
17/05/2025	13:55:05	40.53901	141.55810	18	0.0	2	3.0	127
17/05/2025	13:56:04	40.53915	141.55798	60	0.0	2	3.0	126
17/05/2025	13:57:03	40.53907	141.55799	58	0.0	2	3.0	129
17/05/2025	14:03:23	40.53910	141.55800	0	0.0	3	2.0	155
17/05/2025	14:04:02	40.53912	141.55790	-16	0.0	3	2.2	159
17/05/2025	14:05:02	40.53927	141.55816	10	0.0	3	2.2	153
17/05/2025	14:06:04	40.53910	141.55795	6	0.0	2	3.0	116
17/05/2025	14:07:03	40.53899	141.55797	50	0.0	2	3.0	147
17/05/2025	14:08:03	40.53902	141.55806	-12	0.0	3	2.0	149
17/05/2025	14:09:03	40.53908	141.55803	8	0.0	3	2.0	150
17/05/2025	14:10:04	40.53902	141.55799	-8	3.7	3	2.0	126
17/05/2025	14:11:04	40.53901	141.55796	10	0.0	3	2.0	129
17/05/2025	14:12:02	40.53915	141.55798	-10	0.0	3	2.2	128
17/05/2025	14:13:04	40.53918	141.55801	8	3.7	2	2.2	147
17/05/2025	14:14:03	40.53925	141.55800	-10	0.0	2	2.2	147
17/05/2025	14:15:04	40.53914	141.55803	6	0.0	3	2.0	149
17/05/2025	14:16:04	40.53896	141.55794	18	0.0	3	2.0	148
17/05/2025	14:17:04	40.53899	141.55793	-2	3.7	3	2.0	145
17/05/2025	14:18:03	40.53934	141.55805	-20	0.0	3	2.2	147
17/05/2025	14:19:04	40.53907	141.55801	10	3.7	3	2.0	152
17/05/2025	14:20:04	40.53930	141.55807	2	0.0	3	2.0	170
17/05/2025	14:21:04	40.53905	141.55800	4	3.7	3	2.0	153
17/05/2025	14:22:04	40.53913	141.55799	6	3.7	3	2.0	175
17/05/2025	14:23:04	40.53904	141.55798	16	0.0	3	2.2	176
17/05/2025	14:24:03	40.53910	141.55806	18	0.0	3	2.2	179
17/05/2025	14:25:02	40.53895	141.55800	42	0.0	3	2.3	138
17/05/2025	14:26:03	40.53901	141.55791	6	0.0	3	2.3	184
17/05/2025	14:27:04	40.53907	141.55811	-10	0.0	3	2.3	181
17/05/2025	14:28:03	40.53893	141.55797	36	0.0	3	2.3	188
17/05/2025	14:29:03	40.53889	141.55794	38	0.0	3	2.3	185
17/05/2025	14:30:03	40.53898	141.55788	20	0.0	3	2.3	183
17/05/2025	14:31:03	40.53911	141.55805	22	0.0	2	2.1	164
17/05/2025	14:32:04	40.53941	141.55809	-24	3.7	3	2.4	180
17/05/2025	14:33:04	40.53896	141.55796	8	0.0	3	2.1	184
17/05/2025	14:34:03	40.53887	141.55796	44	0.0	3	2.4	166
17/05/2025	14:35:05	40.53924	141.55806	-12	0.0	3	2.4	178
17/05/2025	14:36:04	40.53954	141.55802	-54	0.0	3	3.0	179
17/05/2025	14:37:04	40.53894	141.55797	24	0.0	3	2.1	186
17/05/2025	14:38:04	40.53900	141.55801	-14	0.0	3	2.1	189
17/05/2025	14:39:04	40.53891	141.55797	50	0.0	3	3.0	185
17/05/2025	14:40:03	40.53888	141.55800	48	0.0	2	2.1	182
17/05/2025	14:41:03	40.53883	141.55801	34	0.0	3	3.1	185
17/05/2025	14:42:04	40.53932	141.55799	-36	0.0	3	2.2	184
17/05/2025	14:43:04	40.53907	141.55808	-12	7.4	3	2.2	184
17/05/2025	14:44:05	40.53888	141.55805	56	0.0	3	2.2	179
17/05/2025	14:45:05	40.53909	141.55798	-18	0.0	3	2.2	173
17/05/2025	14:46:07	40.53891	141.55795	50	0.0	3	2.2	177
17/05/2025	14:47:07	40.53876	141.55795	100	11.1	2	6.4	157
17/05/2025	14:48:05	40.53912	141.55804	-14	3.7	2	6.1	157
17/05/2025	14:49:06	40.53928	141.55808	-72	3.7	2	5.3	171
17/05/2025	14:50:03	40.53928	141.55804	-52	3.7	2	5.1	160
17/05/2025	14:51:07	40.53920	141.55799	-20	11.1	2	4.4	154
17/05/2025	14:52:06	40.53883	141.55791	84	7.4	2	4.3	153
17/05/2025	14:53:11	40.53877	141.55797	100	3.7	2	4.2	160
17/05/2025	14:54:07	40.53868	141.55805	98	0.0	1	2.1	132
17/05/2025	14:55:07	40.53871	141.55803	98	0.0	2	2.1	170
17/05/2025	14:56:04	40.53882	141.55800	100	0.0	1	2.1	110
17/05/2025	14:57:04	40.53893	141.55787	60	3.7	2	3.3	152
17/05/2025	14:58:04	40.53947	141.55785	-50	3.7	2	3.2	151
17/05/2025	14:59:06	40.53912	141.55800	6	3.7	2	3.2	154
17/05/2025	15:00:04	40.53919	141.55763	4	0.0	2	2.1	157
17/05/2025	15:01:04	40.53884	141.55821	4	0.0	2	2.1	155
17/05/2025	15:02:06	40.53920	141.55791	2	0.0	2	2.1	149
17/05/2025	15:03:31	40.53909	141.55799	6	0.0	4	1.3	175
17/05/2025	15:04:02	40.53908	141.55793	34	0.0	3	2.2	163
17/05/2025	15:05:01	40.53916	141.55790	30	0.0	3	2.1	140
17/05/2025	15:06:01	40.53915	141.55794	102	0.0	3	2.1	164
17/05/2025	15:07:01	40.53901	141.55817	-78	0.0	3	2.1	153
17/05/2025	15:08:04	40.53903	141.55819	-36	0.0	3	2.1	152
17/05/2025	15:09:01	40.53912	141.55803	40	0.0	3	2.1	112
17/05/2025	15:10:01	40.53884	141.55815	-70	0.0	3	2.0	114
17/05/2025	15:11:02	40.53906	141.55800	-18	0.0	3	2.0	158
17/05/2025	15:12:01	40.53901	141.55829	-52	0.0	3	2.1	115
17/05/2025	15:13:03	40.53913	141.55801	10	0.0	3	2.0	131
17/05/2025	15:14:01	40.53912	141.55775	64	0.0	3	2.1	139
17/05/2025	15:15:01	40.53930	141.55778	-4	0.0	3	2.1	139
17/05/2025	15:16:01	40.53919	141.55775	2	0.0	3	2.1	139
17/05/2025	15:17:03	40.53917	141.55806	6	0.0	4	1.4	159
17/05/2025	15:18:01	40.53902	141.55806	-0	0.0	3	2.1	139
17/05/2025	15:19:03	40.53918	141.55785	10	0.0	3	2.0	152
17/05/2025	15:20:01	40.53912	141.55812	20	0.0	3	2.1	112
17/05/2025	15:21:02	40.53895	141.55819	14	0.0	3	5.2	162
17/05/2025	15:22:01	40.53909	141.55791	46	0.0	3	2.1	138
17/05/2025	15:23:01	40.53927	141.55790	-2	0.0	3	2.2	138
17/05/2025	15:24:03	40.53908	141.55805	2	0.0	3	2.0	159
17/05/2025	15:25:03	40.53896	141.55797	40	0.0	4	1.4	163
17/05/2025	15:26:01	40.53903	141.55806	36	0.0	3	2.2	168
17/05/2025	15:27:01	40.53911	141.55794	42	0.0	3	2.2	134
17/05/2025	15:28:01	40.53909	141.55803	6	0.0	3	2.2	137
17/05/2025	15:29:01	40.53913	141.55811	-12	0.0	3	2.1	110
17/05/2025	15:30:02	40.53911	141.55806	0	0.0	2	2.2	157
17/05/2025	15:31:01	40.53901	141.55796	4	0.0	3	2.3	139
17/05/2025	15:32:01	40.53921	141.55776	20	0.0	3	2.1	133
17/05/2025	15:33:01	40.53901	141.55800	32	0.0	3	2.3	137
17/05/2025	15:34:02	40.53902	141.55800	50	0.0	2	2.2	156
17/05/2025	15:35:03	40.53906	141.55805	-6	0.0	3	2.1	133
17/05/2025	15:36:03	40.53912	141.55795	12	0.0	3	2.2	156
17/05/2025	15:37:04	40.53905	141.55802	6	0.0	2	2.3	151
17/05/2025	15:38:02	40.53906	141.55805	-0	0.0	2	2.3	155
17/05/2025	15:39:04	40.53900	141.55824	4	0.0	3	2.2	153
17/05/2025	15:40:03	40.53925	141.55778	-6	0.0	3	2.2	157
17/05/2025	15:41:03	40.53911	141.55795	14	0.0	2	2.4	151
17/05/2025	15:42:04	40.53901	141.55811	34	0.0	2	2.4	143
17/05/2025	15:43:04	40.53908	141.55786	6	0.0	2	2.4	142
17/05/2025	15:44:03	40.53910	141.55805	36	0.0	2	2.4	143
17/05/2025	15:45:04	40.53913	141.55798	10	0.0	2	2.4	138
17/05/2025	15:46:04	40.53898	141.55814	20	0.0	2	3.0	139
17/05/2025	15:47:05	40.53905	141.55807	-0	0.0	3	2.4	139
17/05/2025	15:48:19	40.53909	141.55798	6	0.0	3	2.4	138
17/05/2025	15:49:05	40.53892	141.55822	46	0.0	3	2.4	142
17/05/2025	15:50:02	40.53898	141.55812	34	0.0	2	3.1	121
17/05/2025	15:51:04	40.53915	141.55820	40	7.4	2	3.1	145
17/05/2025	15:52:03	40.53930	141.55761	-74	3.7	2	3.4	148
17/05/2025	15:53:03	40.53900	141.55816	18	0.0	2	3.2	145
17/05/2025	15:54:04	40.53900	141.55810	4	0.0	2	3.2	145
17/05/2025	15:55:05	40.53920	141.55802	-2	0.0	3	3.1	116
17/05/2025	15:56:04	40.53922	141.55757	-26	0.0	2	4.1	141
17/05/2025	16:02:46	40.53907	141.55799	0	0.0	2	3.3	118
17/05/2025	16:03:02	40.53916	141.55786	-8	0.0	2	3.3	121
17/05/2025	16:04:04	40.53899	141.55819	-6	0.0	2	3.3	123
17/05/2025	16:05:04	40.53922	141.55753	-66	0.0	2	3.4	122
17/05/2025	16:06:04	40.53906	141.55808	22	0.0	2	3.4	121
17/05/2025	16:07:04	40.53907	141.55818	8	0.0	2	3.4	122
17/05/2025	16:08:03	40.53902	141.55815	58	0.0	2	3.4	124
17/05/2025	16:09:02	40.53905	141.55810	4	0.0	2	4.0	122
17/05/2025	16:10:04	40.53901	141.55810	38	0.0	2	4.0	123
17/05/2025	16:11:04	40.53906	141.55810	26	0.0	2	4.0	127
17/05/2025	16:12:02	40.53901	141.55790	-8	0.0	1	7.0	124
17/05/2025	16:18:41	40.53904	141.55807	14	0.0	2	4.3	158
17/05/2025	16:19:02	40.53885	141.55807	118	0.0	1	5.4	120
17/05/2025	16:20:04	40.53921	141.55770	-64	0.0	1	5.4	98
17/05/2025	16:26:48	40.53903	141.55807	16	0.0	2	5.1	134
17/05/2025	16:27:02	40.53922	141.55787	-14	0.0	1	4.4	96
17/05/2025	16:28:04	40.53923	141.55755	-82	0.0	1	5.4	99
17/05/2025	16:29:04	40.53904	141.55807	40	7.4	1	5.4	117
17/05/2025	16:30:04	40.53931	141.55743	-114	7.4	1	5.4	100
17/05/2025	16:36:56	40.53907	141.55798	-0	0.0	2	6.2	138
17/05/2025	16:37:01	40.53911	141.55783	-0	0.0	1	6.3	138
17/05/2025	16:38:04	40.53910	141.55770	-0	3.7	1	6.3	102
17/05/2025	16:39:04	40.53916	141.55759	-32	0.0	1	6.4	137
17/05/2025	16:40:03	40.53897	141.55801	-14	0.0	1	7.0	119
17/05/2025	16:41:04	40.53910	141.55804	40	0.0	1	7.1	120
17/05/2025	16:42:03	40.53911	141.55789	-22	3.7	1	7.2	123
17/05/2025	16:43:03	40.53904	141.55830	62	3.7	1	7.4	142
17/05/2025	16:44:06	40.53898	141.55838	18	7.4	2	10.3	142
17/05/2025	16:45:03	40.53886	141.55834	2	0.0	1	8.2	107
17/05/2025	16:46:03	40.53895	141.55813	-4	0.0	1	8.4	126
17/05/2025	16:47:06	40.53898	141.55833	16	3.7	1	9.1	107
17/05/2025	16:48:04	40.53890	141.55824	12	3.7	1	9.3	124
17/05/2025	16:49:03	40.53894	141.55817	-4	0.0	1	10.1	109
17/05/2025	16:50:04	40.53907	141.55795	-2	7.4	1	11.0	125
17/05/2025	16:51:04	40.53881	141.55857	34	14.8	1	11.3	108
17/05/2025	16:52:03	40.53912	141.55769	-42	0.0	1	12.3	117
17/05/2025	16:53:03	40.53922	141.55764	-10	0.0	1	13.3	112
17/05/2025	16:54:05	40.53871	141.55877	34	0.0	1	15.0	108
17/05/2025	16:55:04	40.53900	141.55811	2	0.0	1	16.3	108
17/05/2025	16:56:04	40.53899	141.55811	-24	3.7	1	18.3	109
17/05/2025	16:57:06	40.53884	141.55848	40	0.0	1	21.2	107
17/05/2025	16:58:05	40.53926	141.55762	28	3.7	1	24.4	109
17/05/2025	16:59:31	40.53907	141.55800	22	0.0	2	2.3	126
17/05/2025	17:01:55	40.53907	141.55807	32	0.0	3	2.4	144
17/05/2025	17:02:02	40.53906	141.55790	24	0.0	2	2.3	143
17/05/2025	17:09:10	40.53905	141.55793	-26	0.0	3	3.0	143
17/05/2025	17:10:03	40.53894	141.55779	-72	0.0	2	5.1	130
17/05/2025	17:11:02	40.53916	141.55784	6	0.0	2	4.4	111
17/05/2025	17:12:03	40.53916	141.55764	-48	0.0	2	4.3	129
17/05/2025	17:13:03	40.53887	141.55816	-4	0.0	2	4.1	128
17/05/2025	17:19:30	40.53905	141.55806	34	0.0	2	3.3	138
17/05/2025	17:20:09	40.53923	141.55789	10	0.0	2	3.3	135
17/05/2025	17:21:07	40.53918	141.55780	-22	0.0	2	3.3	119
17/05/2025	17:22:08	40.53940	141.55764	-38	11.1	2	3.3	116
17/05/2025	17:23:25	40.53912	141.55792	4	0.0	2	3.3	137
17/05/2025	17:24:09	40.53912	141.55801	-4	3.7	2	3.3	135
17/05/2025	17:25:04	40.53929	141.55772	-60	0.0	2	3.4	117
17/05/2025	17:26:05	40.53895	141.55823	52	0.0	2	3.4	117
17/05/2025	17:27:27	40.53908	141.55793	0	0.0	2	3.4	134
17/05/2025	17:28:14	40.53920	141.55787	28	11.1	2	3.4	117
17/05/2025	17:29:10	40.53908	141.55795	26	0.0	2	3.4	132
17/05/2025	17:30:05	40.53910	141.55791	0	3.7	2	3.4	120
17/05/2025	17:31:05	40.53931	141.55772	-26	0.0	2	3.4	129
17/05/2025	17:32:04	40.53930	141.55772	-4	3.7	2	3.4	117
17/05/2025	17:33:05	40.53920	141.55783	-4	3.7	2	4.0	116
17/05/2025	17:34:10	40.53904	141.55796	6	3.7	2	4.0	129
17/05/2025	17:35:04	40.53921	141.55818	72	0.0	2	4.0	120
17/05/2025	17:36:05	40.53891	141.55830	58	3.7	2	4.0	121
17/05/2025	17:37:05	40.53914	141.55797	10	3.7	2	4.0	122
17/05/2025	17:38:05	40.53912	141.55811	18	3.7	2	4.1	121
17/05/2025	17:39:05	40.53930	141.55761	-30	0.0	2	4.1	118
17/05/2025	17:40:06	40.53909	141.55797	42	0.0	2	4.1	122
17/05/2025	17:41:05	40.53909	141.55778	-14	3.7	2	4.1	118
17/05/2025	17:42:05	40.53918	141.55776	4	0.0	2	4.2	118
17/05/2025	17:43:06	40.53869	141.55829	98	14.8	2	4.2	136
17/05/2025	17:44:04	40.53894	141.55812	38	0.0	2	4.2	124
17/05/2025	17:45:07	40.53915	141.55802	2	3.7	2	4.2	140
17/05/2025	17:46:05	40.53926	141.55791	-18	14.8	2	4.3	138
17/05/2025	17:47:06	40.53888	141.55870	48	0.0	2	4.3	144
17/05/2025	17:48:30	40.53914	141.55784	-0	0.0	2	4.3	139
17/05/2025	17:49:02	40.53912	141.55800	6	0.0	2	2.0	98
17/05/2025	17:50:02	40.53908	141.55788	10	0.0	2	2.0	105
17/05/2025	17:51:04	40.53900	141.55802	28	0.0	2	2.1	124
17/05/2025	17:52:04	40.53915	141.55825	2	0.0	2	2.1	124
17/05/2025	17:53:03	40.53905	141.55800	6	0.0	2	2.1	146
17/05/2025	17:54:04	40.53906	141.55798	26	0.0	2	2.1	126
17/05/2025	17:55:04	40.53906	141.55820	18	0.0	2	2.1	126
17/05/2025	17:56:04	40.53911	141.55786	12	0.0	2	2.1	163
17/05/2025	17:57:04	40.53908	141.55790	-10	0.0	2	2.1	126
17/05/2025	17:58:02	40.53901	141.55806	44	0.0	2	2.2	130
17/05/2025	17:59:02	40.53907	141.55776	4	0.0	2	2.2	128
17/05/2025	18:00:03	40.53897	141.55803	22	0.0	2	2.2	130
17/05/2025	18:01:04	40.53913	141.55802	4	0.0	2	2.2	132
17/05/2025	18:02:03	40.53920	141.55787	-32	0.0	2	2.3	131
17/05/2025	18:03:04	40.53906	141.55794	6	0.0	2	2.3	135
17/05/2025	18:04:04	40.53901	141.55805	28	0.0	2	2.3	133
17/05/2025	18:05:05	40.53902	141.55797	18	0.0	2	2.3	134
17/05/2025	18:06:04	40.53884	141.55817	82	0.0	2	2.4	134
17/05/2025	18:07:03	40.53916	141.55782	-24	0.0	2	2.4	134
17/05/2025	18:08:03	40.53927	141.55770	-46	0.0	2	2.4	133
17/05/2025	18:09:04	40.53909	141.55786	6	0.0	2	3.0	134
17/05/2025	18:10:04	40.53914	141.55805	0	3.7	2	3.0	135
17/05/2025	18:11:04	40.53895	141.55809	16	0.0	2	3.0	135
17/05/2025	18:12:03	40.53901	141.55791	30	0.0	2	3.1	134
17/05/2025	18:13:03	40.53907	141.55795	20	0.0	2	3.1	134
17/05/2025	18:14:04	40.53893	141.55813	56	3.7	2	3.2	135
17/05/2025	18:15:04	40.53926	141.55769	-28	0.0	2	3.2	134
17/05/2025	18:16:04	40.53905	141.55804	18	0.0	2	3.3	138
17/05/2025	18:17:04	40.53900	141.55807	24	7.4	2	3.3	138
17/05/2025	18:18:05	40.53881	141.55819	50	11.1	2	3.4	133
17/05/2025	18:19:04	40.53897	141.55838	26	3.7	2	4.0	136
17/05/2025	18:20:04	40.53920	141.55794	-10	0.0	2	4.0	137
17/05/2025	18:21:04	40.53915	141.55781	4	0.0	2	4.1	134
17/05/2025	18:22:04	40.53895	141.55850	34	0.0	2	4.2	133
17/05/2025	18:23:04	40.53891	141.55895	54	3.7	2	4.3	132
17/05/2025	18:24:05	40.53913	141.55766	-10	0.0	2	4.4	133
17/05/2025	18:25:05	40.53893	141.55824	32	0.0	2	5.0	131
17/05/2025	18:26:09	40.53911	141.55816	4	11.1	2	5.1	128
17/05/2025	18:27:06	40.53890	141.55766	38	3.7	2	5.3	129
17/05/2025	18:28:05	40.53897	141.55810	32	3.7	2	5.4	131
17/05/2025	18:29:05	40.53906	141.55783	14	3.7	2	6.1	130
17/05/2025	18:30:21	40.53901	141.55813	22	0.0	2	6.3	174
17/05/2025	18:31:02	40.53910	141.55798	6	0.0	3	6.1	181
17/05/2025	18:32:02	40.53887	141.55848	52	0.0	2	7.2	201
17/05/2025	18:33:02	40.53886	141.55832	32	0.0	2	7.4	255
17/05/2025	18:34:01	40.53931	141.55746	-24	0.0	2	8.2	209
17/05/2025	18:35:01	40.53897	141.55821	34	0.0	2	9.0	205
17/05/2025	18:36:02	40.53918	141.55763	-10	0.0	2	9.4	229
17/05/2025	18:37:02	40.53915	141.55780	-14	0.0	2	10.3	253
17/05/2025	18:38:02	40.53859	141.55889	98	0.0	2	11.4	229
17/05/2025	18:39:02	40.53917	141.55779	-16	0.0	2	13.0	191
17/05/2025	18:40:03	40.53878	141.55806	-14	0.0	1	7.0	248
17/05/2025	18:41:04	40.53900	141.55805	6	0.0	2	16.2	234
17/05/2025	18:42:04	40.53905	141.55808	16	3.7	2	19.0	248
17/05/2025	18:43:05	40.53895	141.55824	30	0.0	2	22.2	223
17/05/2025	18:44:32	40.53904	141.55803	12	0.0	4	2.2	196
17/05/2025	18:45:03	40.53901	141.55784	12	0.0	3	2.3	241
17/05/2025	18:46:02	40.53910	141.55823	22	0.0	2	5.2	202
17/05/2025	18:47:02	40.53900	141.55791	4	0.0	3	2.3	248
17/05/2025	18:48:02	40.53916	141.55790	8	0.0	3	2.3	228
17/05/2025	18:49:02	40.53905	141.55792	2	0.0	3	2.3	251
17/05/2025	18:50:02	40.53881	141.55781	-44	0.0	2	5.0	200
17/05/2025	18:51:03	40.53908	141.55798	12	0.0	2	5.1	247
17/05/2025	18:52:03	40.53909	141.55793	4	0.0	2	5.1	245
17/05/2025	18:53:02	40.53893	141.55803	-0	0.0	2	5.1	221
17/05/2025	18:54:03	40.53908	141.55800	14	0.0	2	5.2	205
17/05/2025	18:55:03	40.53912	141.55791	10	0.0	2	5.2	211
17/05/2025	18:56:03	40.53892	141.55790	-22	0.0	2	5.3	215
17/05/2025	18:57:02	40.53900	141.55782	-16	0.0	2	5.3	176
17/05/2025	18:58:03	40.53897	141.55824	14	0.0	2	5.4	179
17/05/2025	18:59:03	40.53907	141.55788	8	0.0	2	5.4	205
17/05/2025	19:00:32	40.53903	141.55804	10	0.0	4	3.0	212
17/05/2025	19:01:03	40.53915	141.55811	26	0.0	4	3.0	232
17/05/2025	19:02:02	40.53916	141.55817	22	0.0	4	3.1	172
17/05/2025	19:03:02	40.53916	141.55812	32	0.0	3	5.0	225
17/05/2025	19:04:03	40.53901	141.55654	-128	0.0	3	14.3	163
17/05/2025	19:05:02	40.53922	141.55816	40	0.0	3	5.1	211
17/05/2025	19:06:03	40.53902	141.55795	6	0.0	4	3.3	227
17/05/2025	19:07:02	40.53905	141.55803	2	0.0	4	3.4	204
17/05/2025	19:08:03	40.53907	141.55795	-0	0.0	4	4.0	201
17/05/2025	19:09:03	40.53910	141.55800	6	0.0	3	5.3	209
17/05/2025	19:10:02	40.54337	141.55788	-16	44.4	4	4.2	266
17/05/2025	19:11:04	40.54718	141.55352	16	29.6	4	4.3	293
17/05/2025	19:12:03	40.54959	141.54833	-2	29.6	4	5.0	289
17/05/2025	19:13:02	40.54991	141.54737	-24	7.4	4	5.1	268
17/05/2025	19:14:03	40.54945	141.54594	20	3.7	3	5.3	245
17/05/2025	19:15:03	40.54934	141.54615	48	0.0	4	5.4	267
17/05/2025	19:16:03	40.54924	141.54595	16	0.0	4	6.1	231
17/05/2025	19:17:03	40.54910	141.54531	-64	0.0	4	6.3	275
17/05/2025	19:18:03	40.54921	141.54539	-44	0.0	4	6.4	247
17/05/2025	19:19:03	40.54945	141.54607	44	0.0	4	7.1	262
17/05/2025	19:20:02	40.54922	141.54548	-40	0.0	4	7.2	192
17/05/2025	19:21:03	40.54931	141.54590	20	0.0	4	7.3	260
17/05/2025	19:22:03	40.54951	141.54374	10	25.9	4	7.3	264
17/05/2025	19:23:02	40.55316	141.53910	46	37.0	4	7.4	264
17/05/2025	19:24:03	40.55767	141.53478	14	33.3	4	7.3	282
17/05/2025	19:25:02	40.56145	141.53126	14	37.0	4	7.2	238
17/05/2025	19:26:02	40.56360	141.52809	144	18.5	4	7.1	270
17/05/2025	19:27:38	40.56329	141.52456	4	0.0	7	1.0	263
17/05/2025	19:28:00	40.56318	141.52466	24	0.0	3	2.4	260
17/05/2025	19:29:01	40.56330	141.52466	-2	0.0	6	1.0	258
17/05/2025	19:30:00	40.56068	141.52495	34	22.2	4	2.2	228
17/05/2025	19:31:00	40.55799	141.52676	40	0.0	4	2.0	202
17/05/2025	19:32:03	40.55811	141.52656	6	0.0	5	1.3	245
17/05/2025	19:33:00	40.55820	141.52675	6	0.0	4	2.0	209
17/05/2025	19:34:01	40.55813	141.52673	18	0.0	6	1.1	230
17/05/2025	19:35:01	40.55819	141.52665	22	0.0	4	2.0	257
17/05/2025	19:36:01	40.55814	141.52672	12	0.0	6	1.1	198
17/05/2025	19:37:01	40.55813	141.52661	10	0.0	5	1.4	226
17/05/2025	19:38:01	40.55824	141.52670	-0	0.0	5	1.4	256
17/05/2025	19:39:01	40.55800	141.52644	18	0.0	4	2.1	147
17/05/2025	19:40:01	40.55802	141.52666	32	0.0	4	2.1	252
17/05/2025	19:41:00	40.55816	141.52694	28	0.0	4	2.1	256
17/05/2025	19:42:01	40.55562	141.52510	-18	29.6	4	2.1	202
17/05/2025	19:43:01	40.55153	141.52187	-0	33.3	5	1.1	173
17/05/2025	19:44:01	40.54697	141.51880	12	29.6	6	1.1	283
17/05/2025	19:45:01	40.54647	141.51680	2	0.0	5	1.1	205
17/05/2025	19:46:00	40.54556	141.51748	-40	33.3	4	1.3	259
17/05/2025	19:47:01	40.54312	141.52441	18	40.7	6	1.1	256
17/05/2025	19:48:00	40.53910	141.53159	-0	51.9	3	2.2	223
17/05/2025	19:49:01	40.53635	141.54016	-2	48.2	5	1.3	250
17/05/2025	19:50:00	40.53832	141.54753	10	55.6	4	2.0	202
17/05/2025	19:51:01	40.53997	141.55140	76	14.8	4	2.0	197
17/05/2025	19:52:01	40.53951	141.55842	16	37.0	4	2.4	176
17/05/2025	19:53:00	40.53893	141.55781	-18	0.0	3	2.4	172
17/05/2025	19:54:01	40.53903	141.55797	0	0.0	3	2.4	168
17/05/2025	19:55:02	40.53919	141.55812	-0	0.0	5	1.3	173
17/05/2025	19:56:01	40.53899	141.55793	4	0.0	5	1.3	172
17/05/2025	19:57:01	40.53901	141.55806	34	0.0	4	2.0	170
17/05/2025	19:58:01	40.53919	141.55797	-12	0.0	5	1.3	172
17/05/2025	19:59:00	40.53887	141.55827	46	0.0	4	2.1	186
17/05/2025	20:00:01	40.53903	141.55808	6	0.0	4	2.1	176
17/05/2025	20:01:01	40.53908	141.55799	-12	0.0	4	2.0	173
17/05/2025	20:02:01	40.53919	141.55815	44	3.7	3	2.4	185
17/05/2025	20:03:01	40.53907	141.55799	40	0.0	3	2.3	143
17/05/2025	20:04:03	40.53898	141.55813	20	0.0	4	2.1	223
17/05/2025	20:05:04	40.53895	141.55784	62	0.0	4	2.0	186
17/05/2025	20:06:02	40.53913	141.55800	-14	0.0	3	2.2	190
17/05/2025	20:07:01	40.53903	141.55789	0	0.0	4	2.1	157
17/05/2025	20:08:01	40.53911	141.55793	12	0.0	4	2.1	154
17/05/2025	20:09:02	40.53903	141.55809	24	0.0	5	1.4	174
17/05/2025	20:10:03	40.53916	141.55798	-22	0.0	4	2.1	201
17/05/2025	20:11:04	40.53908	141.55802	46	0.0	3	2.2	154
17/05/2025	20:12:04	40.53919	141.55808	-72	0.0	3	2.2	130
17/05/2025	20:13:05	40.53918	141.55793	-28	0.0	4	1.4	145
17/05/2025	20:14:04	40.53921	141.55792	-32	0.0	2	2.2	128
17/05/2025	20:20:33	40.53908	141.55804	6	0.0	5	1.1	165
17/05/2025	20:21:06	40.53918	141.55805	26	3.7	4	2.2	136
17/05/2025	20:22:05	40.53902	141.55809	16	0.0	3	2.2	138
17/05/2025	20:23:05	40.53925	141.55771	-36	11.1	3	4.0	138
17/05/2025	20:24:05	40.53915	141.55780	-12	3.7	4	2.2	143
17/05/2025	20:25:04	40.53916	141.55809	28	3.7	3	4.2	145
17/05/2025	20:26:04	40.53897	141.55833	38	3.7	3	4.2	147
17/05/2025	20:27:04	40.53933	141.55744	-44	3.7	2	7.2	144
17/05/2025	20:28:05	40.53927	141.55744	-44	7.4	3	4.1	119
17/05/2025	20:29:05	40.53905	141.55807	20	0.0	3	4.1	119
17/05/2025	20:30:05	40.53909	141.55796	-0	0.0	4	2.3	141
17/05/2025	20:31:05	40.53914	141.55765	-0	0.0	3	4.1	126
17/05/2025	20:32:05	40.53909	141.55804	-4	7.4	3	4.1	121
17/05/2025	20:33:04	40.53912	141.55786	-4	0.0	2	5.4	102
17/05/2025	20:34:06	40.53910	141.55796	-10	3.7	3	3.2	96
17/05/2025	20:35:19	40.53908	141.55800	-4	0.0	5	2.1	125
17/05/2025	20:36:06	40.53920	141.55768	-10	0.0	3	3.2	91
17/05/2025	20:37:04	40.53908	141.55797	-2	0.0	3	2.2	172
17/05/2025	20:38:06	40.53888	141.55824	30	3.7	3	3.1	92
17/05/2025	20:39:05	40.53913	141.55821	-2	7.4	3	3.2	117
17/05/2025	20:40:05	40.53912	141.55817	4	3.7	3	3.3	121
17/05/2025	20:41:06	40.53901	141.55804	8	0.0	3	3.3	100
17/05/2025	20:42:05	40.53904	141.55786	14	0.0	3	3.3	186
17/05/2025	20:43:05	40.53922	141.55775	-32	18.5	3	3.3	93
17/05/2025	20:44:07	40.53902	141.55800	-4	0.0	4	2.2	119
17/05/2025	20:45:05	40.53910	141.55794	18	0.0	5	2.1	152
17/05/2025	20:46:06	40.53900	141.55796	0	3.7	4	2.1	117
17/05/2025	20:52:42	40.53919	141.55798	-12	0.0	5	2.1	151
17/05/2025	20:53:04	40.53915	141.55789	-12	0.0	2	2.1	162
17/05/2025	20:59:34	40.53909	141.55798	-2	0.0	4	2.2	132
17/05/2025	21:00:08	40.53943	141.55784	-76	0.0	3	9.4	138
17/05/2025	21:01:07	40.53929	141.55789	-44	3.7	4	2.2	140
17/05/2025	21:02:05	40.53909	141.55801	10	0.0	4	2.2	145
17/05/2025	21:03:07	40.53896	141.55819	26	0.0	3	2.2	146
17/05/2025	21:04:04	40.53916	141.55795	-18	0.0	4	2.1	127
17/05/2025	21:05:08	40.53922	141.55783	-30	3.7	3	11.0	100
17/05/2025	21:12:33	40.53934	141.55773	-58	0.0	3	13.4	98
17/05/2025	21:17:17	40.53703	141.55897	430	0.0	3	2.0	98
17/05/2025	21:18:06	40.53917	141.55795	-0	0.0	4	2.1	150
17/05/2025	21:19:15	40.53934	141.55791	-42	0.0	4	2.1	140
17/05/2025	21:20:12	40.53915	141.55800	-4	0.0	4	2.1	132
17/05/2025	21:21:10	40.53923	141.55780	-24	0.0	4	2.1	138
17/05/2025	21:22:20	40.53926	141.55794	-28	0.0	4	2.0	140
17/05/2025	21:23:10	40.53903	141.55799	6	0.0	4	2.0	140
17/05/2025	21:24:09	40.53913	141.55796	-8	0.0	4	2.0	138
17/05/2025	21:25:15	40.53922	141.55799	-18	0.0	4	2.0	139
17/05/2025	21:26:14	40.53902	141.55805	16	0.0	4	2.0	166
17/05/2025	21:27:12	40.53913	141.55802	-0	0.0	4	2.0	157
17/05/2025	21:28:24	40.53905	141.55803	14	0.0	4	2.0	154
17/05/2025	21:29:38	40.53903	141.55801	8	0.0	4	2.0	178
17/05/2025	21:30:07	40.53908	141.55802	-2	0.0	4	2.0	179
17/05/2025	21:31:12	40.53905	141.55791	4	0.0	4	2.0	179
17/05/2025	21:32:21	40.53901	141.55799	8	0.0	4	2.0	179
17/05/2025	21:33:10	40.53906	141.55807	8	0.0	4	2.0	156
17/05/2025	21:34:37	40.53907	141.55805	12	0.0	4	2.0	169
17/05/2025	21:35:09	40.53918	141.55797	-8	0.0	4	2.0	154
17/05/2025	21:43:09	40.53911	141.55796	-6	0.0	4	2.0	156
17/05/2025	21:44:16	40.53899	141.55794	12	0.0	4	2.0	148
17/05/2025	21:45:14	40.53899	141.55797	6	0.0	4	2.0	172
17/05/2025	21:46:08	40.53887	141.55760	-26	0.0	3	5.2	162
17/05/2025	21:47:22	40.53904	141.55801	6	0.0	4	2.0	158
17/05/2025	21:48:07	40.53900	141.55776	-20	3.7	3	5.3	139
17/05/2025	21:49:07	40.53911	141.55818	34	7.4	3	5.3	153
17/05/2025	21:50:11	40.53891	141.55754	-40	0.0	3	5.4	141
17/05/2025	21:51:14	40.53901	141.55798	10	3.7	3	5.4	139
17/05/2025	21:52:19	40.53903	141.55798	0	3.7	3	5.4	141
17/05/2025	21:53:18	40.53897	141.55786	14	7.4	3	6.0	158
17/05/2025	21:54:39	40.53898	141.55796	14	0.0	3	6.0	147
17/05/2025	21:55:20	40.53914	141.55805	-4	11.1	3	6.0	163
17/05/2025	22:15:12	40.53907	141.55799	2	0.0	3	2.4	195
17/05/2025	22:16:05	40.53892	141.55800	40	0.0	3	2.4	165
17/05/2025	22:17:06	40.53922	141.55793	-18	0.0	2	3.0	150
17/05/2025	22:18:04	40.53907	141.55801	-32	0.0	2	3.0	127
17/05/2025	22:19:04	40.53907	141.55804	22	3.7	2	3.0	147
17/05/2025	22:25:34	40.53902	141.55803	38	0.0	3	3.0	151
17/05/2025	22:26:03	40.53923	141.55795	-54	0.0	3	3.0	130
17/05/2025	22:27:04	40.53883	141.55827	136	0.0	3	3.0	151
17/05/2025	22:33:38	40.53905	141.55803	22	0.0	3	3.2	152
17/05/2025	22:34:03	40.53889	141.55804	88	0.0	3	3.2	109
17/05/2025	22:35:06	40.53896	141.55825	116	0.0	3	3.2	132
17/05/2025	22:36:05	40.53899	141.55799	32	3.7	3	3.3	152
17/05/2025	22:37:05	40.53902	141.55803	86	0.0	2	3.4	153
17/05/2025	22:43:37	40.53904	141.55807	34	0.0	3	4.2	179
17/05/2025	22:44:03	40.53886	141.55851	168	0.0	3	4.3	139
17/05/2025	22:45:04	40.53890	141.55823	114	0.0	3	4.3	161
17/05/2025	22:51:37	40.53905	141.55805	24	0.0	3	5.4	153
17/05/2025	22:52:03	40.53905	141.55787	-30	0.0	3	6.0	154
17/05/2025	22:53:03	40.53896	141.55826	132	0.0	3	6.1	179
17/05/2025	22:54:05	40.53893	141.55839	122	0.0	3	6.2	130
17/05/2025	22:55:04	40.53880	141.55860	182	0.0	3	6.3	153
17/05/2025	22:56:57	40.53906	141.55806	16	0.0	3	6.4	195
17/05/2025	22:57:02	40.53908	141.55790	22	0.0	3	1.3	126
17/05/2025	22:58:04	40.53899	141.55831	52	0.0	2	8.1	168
17/05/2025	23:04:54	40.53907	141.55805	14	0.0	3	8.2	185
17/05/2025	23:05:02	40.53902	141.55785	-4	3.7	3	1.3	192
17/05/2025	23:06:06	40.53893	141.55854	140	3.7	3	8.3	163
17/05/2025	23:07:06	40.53897	141.55847	132	7.4	3	8.4	161
17/05/2025	23:08:05	40.53905	141.55830	84	0.0	3	9.0	122
17/05/2025	23:09:07	40.53908	141.55798	10	3.7	3	9.0	164
17/05/2025	23:10:55	40.53908	141.55797	-0	0.0	3	9.2	200
17/05/2025	23:11:02	40.53909	141.55796	-2	0.0	1	2.3	171
17/05/2025	23:12:07	40.53910	141.55796	4	0.0	3	9.3	147
17/05/2025	23:13:14	40.53908	141.55786	-16	0.0	3	9.4	155
17/05/2025	23:14:33	40.53904	141.55812	28	0.0	3	10.0	175
17/05/2025	23:16:07	40.53905	141.55812	32	0.0	3	10.1	199
17/05/2025	23:17:13	40.53907	141.55818	54	0.0	3	10.2	166
17/05/2025	23:18:17	40.53909	141.55810	26	0.0	3	10.3	167
17/05/2025	23:19:48	40.53907	141.55800	8	0.0	4	2.1	184
17/05/2025	23:20:02	40.53906	141.55800	34	0.0	3	3.0	174
17/05/2025	23:21:03	40.53904	141.55799	-0	0.0	3	4.2	174
17/05/2025	23:22:03	40.53919	141.55784	-22	0.0	3	3.0	154
17/05/2025	23:23:04	40.53900	141.55799	-0	3.7	3	3.0	147
17/05/2025	23:24:04	40.53908	141.55811	30	0.0	3	3.1	143
17/05/2025	23:25:03	40.53930	141.55775	-30	0.0	3	4.4	150
17/05/2025	23:26:05	40.53901	141.55812	10	7.4	2	6.3	143
17/05/2025	23:27:05	40.53957	141.55737	-14	3.7	2	6.3	136
17/05/2025	23:28:05	40.53909	141.55804	26	0.0	3	3.2	143
17/05/2025	23:29:05	40.53882	141.55833	14	3.7	3	3.2	146
17/05/2025	23:30:04	40.53894	141.55810	48	0.0	3	3.2	145
17/05/2025	23:31:05	40.53913	141.55787	6	3.7	2	6.3	142
17/05/2025	23:32:04	40.53892	141.55813	12	3.7	2	6.3	144
17/05/2025	23:33:05	40.53837	141.55882	40	0.0	2	6.3	143
17/05/2025	23:34:05	40.53912	141.55791	-10	3.7	2	6.3	125
17/05/2025	23:35:05	40.53891	141.55822	26	7.4	2	6.3	127
17/05/2025	23:36:04	40.53896	141.55824	24	3.7	2	6.2	125
17/05/2025	23:37:04	40.53875	141.55841	40	3.7	2	6.2	126
17/05/2025	23:38:04	40.53908	141.55797	-10	11.1	2	6.2	128
17/05/2025	23:39:05	40.53909	141.55805	10	0.0	2	6.2	126
17/05/2025	23:40:04	40.53859	141.55857	38	3.7	2	6.2	127
17/05/2025	23:41:05	40.53836	141.55884	72	22.2	2	6.2	174
17/05/2025	23:42:05	40.53898	141.55813	6	37.0	2	6.2	145
17/05/2025	23:43:04	40.53894	141.55809	0	0.0	2	6.2	148
17/05/2025	23:44:04	40.53910	141.55800	2	7.4	3	4.1	146
17/05/2025	23:45:05	40.53840	141.55883	52	7.4	2	6.2	141
17/05/2025	23:46:04	40.53883	141.55831	36	18.5	2	6.2	146
17/05/2025	23:47:03	40.53913	141.55789	-24	11.1	3	9.0	149
17/05/2025	23:48:35	40.53903	141.55807	8	0.0	3	4.3	150
17/05/2025	23:49:05	40.53887	141.55781	70	0.0	2	7.0	111
17/05/2025	23:50:30	40.53899	141.55811	16	0.0	3	4.4	137
17/05/2025	23:51:04	40.53923	141.55774	-34	11.1	2	6.2	142
17/05/2025	23:52:04	40.53928	141.55764	-54	0.0	3	5.0	147
17/05/2025	23:53:03	40.53921	141.55781	-4	0.0	2	5.0	152
17/05/2025	23:54:03	40.53895	141.55821	14	0.0	2	5.1	155
17/05/2025	23:55:34	40.53891	141.55846	-64	3.7	4	4.3	148
17/05/2025	23:56:04	40.53918	141.55787	-76	14.8	2	6.4	93
17/05/2025	23:57:09	40.53870	141.55848	26	18.5	2	6.4	94
17/05/2025	23:58:35	40.53906	141.55800	-10	0.0	2	6.4	86
17/05/2025	23:59:05	40.53890	141.55815	86	25.9	2	6.4	135
18/05/2025	00:00:34	40.53888	141.55826	10	7.4	3	5.3	98
18/05/2025	00:01:06	40.53924	141.55774	-14	22.2	2	6.3	117
18/05/2025	00:02:38	40.53893	141.55819	24	0.0	3	5.2	153
18/05/2025	00:03:03	40.53911	141.55798	-52	3.7	2	12.1	116
18/05/2025	00:04:03	40.53835	141.55908	82	0.0	2	11.4	98
18/05/2025	00:05:03	40.53882	141.55847	28	7.4	2	11.2	118
18/05/2025	00:06:37	40.53898	141.55806	2	0.0	3	5.3	135
18/05/2025	00:07:05	40.53952	141.55741	-48	0.0	2	10.3	118
18/05/2025	00:08:06	40.53870	141.55860	50	3.7	3	5.3	110
18/05/2025	00:09:05	40.53888	141.55832	84	33.3	2	6.1	93
18/05/2025	00:10:03	40.53899	141.55801	-4	0.0	2	6.0	235
18/05/2025	00:11:03	40.53881	141.55839	36	0.0	2	6.1	243
18/05/2025	00:12:02	40.53939	141.55753	-36	0.0	2	6.0	153
18/05/2025	00:13:02	40.53867	141.55852	46	0.0	3	5.4	229
18/05/2025	00:14:02	40.53901	141.55794	40	0.0	2	6.0	149
18/05/2025	00:15:03	40.53897	141.55815	24	0.0	3	5.4	236
18/05/2025	00:16:02	40.53953	141.55613	36	0.0	2	5.4	278
18/05/2025	00:17:03	40.53918	141.55666	66	0.0	2	7.4	272
18/05/2025	00:18:03	40.53963	141.55622	-60	0.0	2	5.4	266
18/05/2025	00:19:03	40.53979	141.55720	-0	3.7	3	5.3	243
18/05/2025	00:20:03	40.53985	141.55699	10	0.0	2	5.3	259
18/05/2025	00:21:03	40.53990	141.55685	-22	0.0	2	8.0	235
18/05/2025	00:22:02	40.53952	141.55751	46	0.0	3	5.3	296
18/05/2025	00:23:03	40.53969	141.55722	30	0.0	3	5.3	296
18/05/2025	00:24:02	40.53939	141.55746	44	0.0	3	5.2	268
18/05/2025	00:25:02	40.53969	141.55715	-2	0.0	3	5.2	271
18/05/2025	00:26:03	40.53977	141.55708	10	0.0	3	5.2	287
18/05/2025	00:27:03	40.53978	141.55700	-4	0.0	3	5.2	284
18/05/2025	00:28:03	40.53997	141.55692	-24	0.0	3	5.1	292
18/05/2025	00:29:03	40.54386	141.55699	12	40.7	3	5.1	298
18/05/2025	00:30:03	40.54605	141.55188	-14	29.6	3	5.1	303
18/05/2025	00:31:02	40.54882	141.54714	16	37.0	3	5.1	268
18/05/2025	00:32:03	40.55134	141.54101	-6	33.3	3	5.0	302
18/05/2025	00:33:03	40.55541	141.53613	-32	33.3	3	5.0	297
18/05/2025	00:34:03	40.55947	141.53480	-8	33.3	3	5.0	305
18/05/2025	00:35:02	40.56092	141.53078	8	25.9	2	5.3	300
18/05/2025	00:36:02	40.56065	141.52689	28	18.5	3	4.4	301
18/05/2025	00:37:03	40.55921	141.52345	20	22.2	3	4.4	303
18/05/2025	00:38:02	40.55787	141.51950	2	25.9	2	6.0	299
18/05/2025	00:39:02	40.55831	141.51851	4	0.0	3	4.3	270
18/05/2025	00:40:03	40.55825	141.51825	90	18.5	2	6.1	279
18/05/2025	00:41:05	40.55849	141.51499	16	18.5	2	6.2	280
18/05/2025	00:42:03	40.55845	141.51205	-22	18.5	3	4.2	281
18/05/2025	00:43:03	40.55907	141.51206	8	29.6	3	4.2	294
18/05/2025	00:44:03	40.55997	141.51041	0	40.7	3	4.2	286
18/05/2025	00:45:03	40.56170	141.50797	-12	22.2	3	4.2	279
18/05/2025	00:46:03	40.56155	141.50475	14	22.2	3	4.1	281
18/05/2025	00:47:03	40.56048	141.50354	20	37.0	3	4.1	284
18/05/2025	00:48:03	40.56066	141.50230	-22	51.9	3	4.1	285
18/05/2025	00:49:03	40.56000	141.50266	-4	0.0	3	4.1	250
18/05/2025	00:50:02	40.55989	141.50283	8	0.0	3	4.1	278
18/05/2025	00:51:02	40.55991	141.50278	12	0.0	3	4.0	273
18/05/2025	00:52:03	40.55989	141.50281	14	0.0	3	4.0	267
18/05/2025	00:53:03	40.56001	141.50264	-12	0.0	3	4.0	272
18/05/2025	00:54:02	40.56002	141.50273	6	0.0	3	4.0	278
18/05/2025	00:55:03	40.56012	141.50254	-12	0.0	3	4.0	279
18/05/2025	00:56:03	40.55993	141.50284	16	0.0	3	3.4	267
18/05/2025	00:57:02	40.55998	141.50276	12	0.0	3	3.4	274
18/05/2025	00:58:04	40.56010	141.50242	-46	0.0	3	3.4	268
18/05/2025	00:59:02	40.56023	141.50241	-42	0.0	3	3.4	264
18/05/2025	01:00:02	40.56009	141.50272	-10	0.0	3	3.4	250
18/05/2025	01:01:02	40.56013	141.50245	-32	0.0	3	3.4	289
18/05/2025	01:02:02	40.55999	141.50257	-16	0.0	3	3.4	278
18/05/2025	01:03:03	40.56176	141.49963	18	22.2	3	3.4	276
18/05/2025	01:04:05	40.56346	141.49647	-40	22.2	3	3.4	274
18/05/2025	01:05:03	40.56643	141.49521	6	37.0	3	3.4	274
18/05/2025	01:06:04	40.56780	141.49703	42	33.3	3	3.3	284
18/05/2025	01:07:03	40.57316	141.49952	-8	48.2	3	3.3	283
18/05/2025	01:08:02	40.57581	141.49739	-38	7.4	3	4.2	284
18/05/2025	01:09:04	40.57548	141.49679	-26	22.2	3	3.3	248
18/05/2025	01:10:04	40.57273	141.49803	-6	22.2	3	3.3	277
18/05/2025	01:11:04	40.57491	141.49576	-26	3.7	3	3.3	275
18/05/2025	01:12:02	40.57712	141.49408	-28	7.4	1	4.0	245
18/05/2025	01:13:03	40.57767	141.49478	30	25.9	3	3.3	315
18/05/2025	01:14:04	40.57838	141.49356	-20	29.6	3	3.3	284
18/05/2025	01:15:02	40.57928	141.49127	-20	14.8	1	5.4	275
18/05/2025	01:16:09	40.57957	141.48815	10	40.7	3	3.2	249
18/05/2025	01:17:04	40.57622	141.49111	-6	14.8	3	3.2	254
18/05/2025	01:18:04	40.57906	141.49271	-16	22.2	3	3.2	251
18/05/2025	01:19:05	40.58017	141.49459	-8	37.0	3	3.2	282
18/05/2025	01:20:02	40.58016	141.49449	14	14.8	3	3.2	255
18/05/2025	01:21:04	40.58121	141.49393	-2	25.9	3	3.2	252
18/05/2025	01:28:18	40.57944	141.49300	4	0.0	3	2.0	220
18/05/2025	01:29:02	40.57974	141.49285	24	14.8	3	2.0	286
18/05/2025	01:30:02	40.57925	141.49238	-22	0.0	3	2.0	222
18/05/2025	01:31:03	40.57879	141.49182	-38	18.5	3	1.4	270
18/05/2025	01:32:02	40.57610	141.48973	-8	22.2	3	1.4	249
18/05/2025	01:33:01	40.57373	141.48725	44	40.7	3	1.4	264
18/05/2025	01:34:00	40.56991	141.49112	6	44.4	3	2.4	170
18/05/2025	01:35:02	40.56524	141.49342	0	22.2	3	1.4	276
18/05/2025	01:36:02	40.56111	141.50024	66	33.3	3	1.4	258
18/05/2025	01:37:02	40.55821	141.50688	8	3.7	2	2.2	223
18/05/2025	01:38:01	40.55468	141.51285	46	37.0	3	1.4	261
18/05/2025	01:39:02	40.55001	141.51358	-16	25.9	2	2.3	226
18/05/2025	01:40:02	40.54616	141.51249	16	18.5	2	2.2	257
18/05/2025	01:41:01	40.54462	141.51299	2	0.0	3	1.4	233
18/05/2025	01:42:02	40.54464	141.51300	24	0.0	3	1.4	281
18/05/2025	01:43:01	40.54466	141.51280	-2	0.0	3	1.4	276
18/05/2025	01:44:01	40.54457	141.51293	-8	0.0	3	1.4	249
18/05/2025	01:45:01	40.54465	141.51289	-22	0.0	3	1.4	259
18/05/2025	01:46:01	40.54469	141.51293	-6	0.0	3	1.4	225
18/05/2025	01:47:01	40.54460	141.51284	-8	0.0	3	1.4	256
18/05/2025	01:48:02	40.54461	141.51290	4	0.0	3	1.4	247
18/05/2025	01:49:01	40.54457	141.51278	-18	0.0	3	1.4	253
18/05/2025	01:50:01	40.54456	141.51281	-10	0.0	3	1.4	253
18/05/2025	01:51:02	40.54467	141.51286	-4	0.0	3	1.4	279
18/05/2025	01:52:00	40.54469	141.51284	-22	0.0	3	1.4	206
18/05/2025	01:53:02	40.54359	141.51524	-24	51.9	3	1.4	273
18/05/2025	01:54:02	40.54404	141.52066	22	7.4	3	1.4	286
18/05/2025	01:55:01	40.54097	141.52801	38	59.3	3	1.4	256
18/05/2025	01:56:02	40.53722	141.53576	20	37.0	3	1.4	261
18/05/2025	01:57:01	40.53667	141.54567	58	63.0	3	2.0	261
18/05/2025	01:58:01	40.53907	141.55629	28	63.0	3	2.0	289
18/05/2025	01:59:02	40.53937	141.55675	-196	0.0	2	11.0	211
18/05/2025	02:00:31	40.53911	141.55800	8	0.0	5	1.3	210
18/05/2025	02:01:01	40.53913	141.55798	20	0.0	4	1.4	219
18/05/2025	02:02:01	40.53906	141.55785	0	0.0	3	2.2	214
18/05/2025	02:03:01	40.53904	141.55814	12	0.0	4	2.3	168
18/05/2025	02:04:02	40.53904	141.55798	2	0.0	4	1.4	219
18/05/2025	02:05:02	40.53913	141.55808	16	0.0	5	1.3	222
18/05/2025	02:06:02	40.53902	141.55804	8	0.0	5	1.3	220
18/05/2025	02:07:02	40.53909	141.55797	16	0.0	3	2.2	202
18/05/2025	02:08:01	40.53904	141.55799	18	0.0	3	2.2	175
18/05/2025	02:09:00	40.53909	141.55784	18	0.0	3	2.2	148
18/05/2025	02:10:01	40.53904	141.55794	-14	0.0	4	1.3	231
18/05/2025	02:11:01	40.53904	141.55799	10	0.0	3	2.2	231
18/05/2025	02:12:01	40.53906	141.55799	-0	0.0	4	1.4	226
18/05/2025	02:13:01	40.53893	141.55800	-4	0.0	3	2.3	190
18/05/2025	02:14:02	40.53896	141.55817	10	0.0	3	2.4	205
18/05/2025	02:15:00	40.53905	141.55791	-28	0.0	4	1.4	201
18/05/2025	02:16:01	40.53910	141.55796	-6	0.0	4	1.4	201
18/05/2025	02:17:02	40.53909	141.55788	0	0.0	2	4.3	196
18/05/2025	02:18:03	40.53907	141.55801	0	0.0	4	1.4	216
18/05/2025	02:19:03	40.53903	141.55794	-10	0.0	3	2.2	197
18/05/2025	02:20:01	40.53898	141.55800	14	0.0	4	1.4	223
18/05/2025	02:21:03	40.53905	141.55793	8	0.0	3	4.1	192
18/05/2025	02:22:02	40.53899	141.55794	8	0.0	4	1.4	195
18/05/2025	02:23:02	40.53908	141.55829	26	0.0	2	4.2	213
18/05/2025	02:24:03	40.53897	141.55788	-12	0.0	4	2.0	188
18/05/2025	02:25:00	40.53909	141.55782	-28	0.0	3	2.2	167
18/05/2025	02:26:02	40.53909	141.55802	-8	0.0	3	3.2	190
18/05/2025	02:27:03	40.53909	141.55802	8	0.0	4	2.0	233
18/05/2025	02:28:03	40.53916	141.55794	-20	0.0	2	4.2	235
18/05/2025	02:29:02	40.53908	141.55796	0	0.0	3	2.2	241
18/05/2025	02:30:02	40.53899	141.55785	2	0.0	2	4.2	215
18/05/2025	02:31:02	40.53914	141.55795	-14	0.0	3	2.3	216
18/05/2025	02:32:03	40.53907	141.55789	-4	0.0	3	3.4	240
18/05/2025	02:33:03	40.53907	141.55793	-18	0.0	2	5.1	210
18/05/2025	02:34:03	40.53905	141.55810	28	0.0	2	5.1	232
18/05/2025	02:35:03	40.53913	141.55767	-10	0.0	2	5.2	237
18/05/2025	02:36:04	40.53918	141.55785	8	0.0	3	4.1	192
18/05/2025	02:37:03	40.53901	141.55789	0	0.0	2	5.3	226
18/05/2025	02:38:04	40.53902	141.55815	10	0.0	3	4.2	232
18/05/2025	02:39:04	40.53896	141.55796	-20	0.0	2	5.3	208
18/05/2025	02:40:02	40.53906	141.55793	4	0.0	3	4.3	219
18/05/2025	02:41:02	40.53907	141.55804	4	0.0	2	4.2	215
18/05/2025	02:42:02	40.53927	141.55795	8	0.0	2	6.2	213
18/05/2025	02:43:03	40.53908	141.55795	-0	0.0	3	5.0	207
18/05/2025	02:44:03	40.53917	141.55802	8	0.0	3	5.1	207
18/05/2025	02:45:01	40.53880	141.55819	18	0.0	3	5.1	176
18/05/2025	02:46:02	40.53893	141.55806	-2	0.0	3	5.2	234
18/05/2025	02:47:01	40.53906	141.55803	0	0.0	3	5.3	179
18/05/2025	02:48:02	40.53898	141.55811	6	0.0	3	5.3	226
18/05/2025	02:49:02	40.53895	141.55809	0	0.0	3	5.4	231
18/05/2025	02:50:02	40.53915	141.55787	6	0.0	3	6.0	224
18/05/2025	02:51:02	40.53902	141.55805	4	0.0	3	6.1	219
18/05/2025	02:52:02	40.53929	141.55781	8	0.0	3	6.2	231
18/05/2025	02:53:01	40.53918	141.55800	6	0.0	3	6.3	204
18/05/2025	02:54:01	40.53889	141.55818	4	0.0	3	6.4	202
18/05/2025	02:55:02	40.53876	141.55826	12	0.0	3	7.1	202
18/05/2025	02:56:01	40.53911	141.55806	24	0.0	3	7.2	202
18/05/2025	02:57:02	40.53915	141.55788	10	0.0	3	7.3	220
18/05/2025	02:58:01	40.53876	141.55826	12	0.0	3	8.0	205
18/05/2025	02:59:02	40.53909	141.55791	-2	0.0	3	8.1	206
18/05/2025	03:00:01	40.53937	141.55777	22	14.8	2	12.4	201
18/05/2025	03:01:02	40.53934	141.55780	6	0.0	2	13.3	203
18/05/2025	03:02:03	40.53890	141.55803	2	0.0	3	9.2	243
18/05/2025	03:03:01	40.53958	141.55745	-28	0.0	2	15.3	178
18/05/2025	03:04:03	40.53993	141.55729	-30	3.7	2	16.4	231
18/05/2025	03:05:03	40.53914	141.55784	14	3.7	2	18.0	233
18/05/2025	03:06:01	40.53886	141.55808	14	0.0	2	12.3	157
18/05/2025	03:07:04	40.53901	141.55787	-12	0.0	3	12.0	251
18/05/2025	03:08:02	40.53900	141.55812	8	0.0	3	12.3	238
18/05/2025	03:09:03	40.53934	141.55773	-10	0.0	3	13.1	261
18/05/2025	03:10:02	40.53976	141.55720	-68	0.0	3	14.0	264
18/05/2025	03:11:03	40.53855	141.55842	46	0.0	3	14.4	263
18/05/2025	03:12:04	40.53872	141.55836	20	0.0	3	15.3	263
18/05/2025	03:13:03	40.53955	141.55759	-36	0.0	3	16.2	260
18/05/2025	03:14:04	40.53877	141.55832	30	11.1	3	17.1	261
18/05/2025	03:15:05	40.53913	141.55798	-0	0.0	3	18.0	253
18/05/2025	03:16:05	40.53971	141.55730	-40	0.0	3	18.3	253
18/05/2025	03:17:08	40.53939	141.55765	-28	14.8	3	19.1	251
18/05/2025	03:18:06	40.53875	141.55830	28	0.0	3	19.2	249
18/05/2025	03:19:10	40.53768	141.55947	108	0.0	3	19.3	251
18/05/2025	03:20:09	40.53785	141.55929	94	0.0	3	19.3	248
18/05/2025	03:21:07	40.53919	141.55788	2	0.0	3	19.1	248
18/05/2025	03:22:10	40.53931	141.55776	-16	0.0	3	18.3	247
18/05/2025	03:23:21	40.53928	141.55778	-10	0.0	3	18.0	244
18/05/2025	03:24:07	40.53927	141.55776	-6	0.0	3	17.2	270
18/05/2025	03:25:05	40.54013	141.55682	-82	0.0	2	24.3	248
18/05/2025	03:26:02	40.53989	141.55709	-66	22.2	2	22.0	258
18/05/2025	03:27:02	40.53883	141.55816	24	0.0	2	19.4	255
18/05/2025	03:28:04	40.53911	141.55801	0	0.0	2	17.4	257
18/05/2025	03:29:02	40.53999	141.55698	-78	0.0	2	16.2	258
18/05/2025	03:30:02	40.53888	141.55823	16	3.7	2	15.1	211
18/05/2025	03:31:03	40.53896	141.55809	12	0.0	2	14.0	260
18/05/2025	03:32:03	40.53949	141.55743	-46	0.0	2	13.0	259
18/05/2025	03:33:04	40.53891	141.55830	36	0.0	2	12.1	247
18/05/2025	03:34:02	40.53938	141.55767	-2	0.0	2	11.3	258
18/05/2025	03:35:03	40.53863	141.55843	36	0.0	3	9.4	245
18/05/2025	03:36:07	40.53921	141.55768	-34	11.1	2	10.1	223
18/05/2025	03:37:09	40.53906	141.55787	-14	3.7	3	9.0	201
18/05/2025	03:38:05	40.53883	141.55813	6	7.4	2	9.1	218
18/05/2025	03:39:05	40.53894	141.55814	26	0.0	2	8.4	206
18/05/2025	03:40:04	40.53882	141.55827	26	0.0	1	5.1	195
18/05/2025	03:41:39	40.53906	141.55800	0	0.0	5	1.3	204
18/05/2025	03:42:01	40.53927	141.55765	-64	0.0	2	4.0	155
18/05/2025	03:43:02	40.53913	141.55772	14	0.0	2	4.0	157
18/05/2025	03:44:02	40.53924	141.55764	-34	0.0	2	3.4	193
18/05/2025	03:45:01	40.53886	141.55869	56	0.0	2	3.4	85
18/05/2025	03:46:03	40.53903	141.55805	20	0.0	2	3.3	199
18/05/2025	03:47:02	40.53906	141.55808	26	7.4	3	3.2	225
18/05/2025	03:48:04	40.53918	141.55770	-42	0.0	3	3.2	202
18/05/2025	03:49:05	40.53897	141.55816	34	0.0	3	3.2	195
18/05/2025	03:50:02	40.53922	141.55785	-2	0.0	2	6.0	135
18/05/2025	03:51:03	40.53909	141.55797	26	0.0	3	3.2	151
18/05/2025	03:52:04	40.53911	141.55786	-24	0.0	3	3.2	201
18/05/2025	03:53:02	40.53913	141.55779	-52	0.0	2	3.3	175
18/05/2025	03:54:03	40.53912	141.55808	28	0.0	2	3.3	177
18/05/2025	03:55:26	40.53907	141.55803	4	3.7	3	3.1	185
18/05/2025	03:56:04	40.53924	141.55744	-50	3.7	3	3.3	184
18/05/2025	03:57:06	40.53913	141.55781	-22	3.7	3	3.3	167
18/05/2025	03:58:04	40.53907	141.55806	10	0.0	3	3.1	183
18/05/2025	03:59:04	40.53907	141.55804	-16	0.0	3	3.1	202
18/05/2025	04:00:02	40.53905	141.55811	18	0.0	2	3.1	184
18/05/2025	04:01:03	40.53922	141.55808	-32	0.0	3	3.3	210
18/05/2025	04:02:05	40.53913	141.55788	-2	3.7	3	3.0	178
18/05/2025	04:03:05	40.53923	141.55770	-82	0.0	2	3.1	187
18/05/2025	04:04:04	40.53908	141.55812	6	0.0	3	3.0	182
18/05/2025	04:05:02	40.53897	141.55825	78	0.0	3	3.4	159
18/05/2025	04:06:03	40.53901	141.55822	-4	0.0	3	3.0	187
18/05/2025	04:07:02	40.53915	141.55757	40	0.0	2	4.3	157
18/05/2025	04:08:06	40.53910	141.55789	-20	0.0	2	4.4	171
18/05/2025	04:09:04	40.53916	141.55798	-22	0.0	2	4.4	174
18/05/2025	04:10:03	40.53898	141.55817	82	0.0	2	3.0	183
18/05/2025	04:11:05	40.53900	141.55795	-24	0.0	2	5.0	130
18/05/2025	04:12:02	40.53908	141.55794	0	0.0	2	5.0	180
18/05/2025	04:13:02	40.53932	141.55772	-36	0.0	2	5.0	182
18/05/2025	04:14:03	40.53912	141.55773	-4	0.0	3	2.4	180
18/05/2025	04:15:03	40.53898	141.55782	-74	0.0	3	2.4	179
18/05/2025	04:16:05	40.53888	141.55842	32	0.0	2	2.4	195
18/05/2025	04:17:04	40.53915	141.55810	30	0.0	1	5.3	200
18/05/2025	04:18:05	40.53893	141.55808	-122	0.0	2	2.4	197
18/05/2025	04:19:05	40.53925	141.55769	-122	3.7	1	5.3	200
18/05/2025	04:20:05	40.53942	141.55768	-116	0.0	1	5.3	207
18/05/2025	04:26:21	40.53909	141.55796	-2	0.0	3	2.4	176
18/05/2025	04:27:05	40.53909	141.55814	-12	7.4	3	4.1	179
18/05/2025	04:28:04	40.53910	141.55783	-4	0.0	2	5.2	156
18/05/2025	04:29:05	40.53923	141.55813	68	7.4	2	5.1	157
18/05/2025	04:30:04	40.53923	141.55823	72	3.7	2	5.0	159
18/05/2025	04:31:07	40.53903	141.55795	-22	0.0	2	5.0	166
18/05/2025	04:32:04	40.53901	141.55766	-58	3.7	2	4.4	156
18/05/2025	04:33:09	40.53897	141.55792	-2	0.0	3	4.2	172
18/05/2025	04:34:03	40.53901	141.55752	-100	0.0	2	4.3	179
18/05/2025	04:35:04	40.53901	141.55845	8	0.0	2	4.2	152
18/05/2025	04:36:06	40.53895	141.55827	42	3.7	2	4.2	149
18/05/2025	04:37:07	40.53913	141.55822	48	3.7	2	3.1	163
18/05/2025	04:38:07	40.53917	141.55803	46	3.7	2	4.1	172
18/05/2025	04:39:07	40.53908	141.55823	38	3.7	2	4.1	163
18/05/2025	04:40:06	40.53887	141.55807	-18	0.0	3	2.3	170
18/05/2025	04:41:05	40.53904	141.55801	-28	3.7	1	5.3	133
18/05/2025	04:42:05	40.53920	141.55759	-26	0.0	3	2.3	173
18/05/2025	04:43:05	40.53908	141.55808	14	0.0	3	2.3	176
18/05/2025	04:44:04	40.53924	141.55799	14	3.7	1	5.3	185
18/05/2025	04:45:05	40.53926	141.55779	26	0.0	3	2.4	169
18/05/2025	04:46:06	40.53914	141.55779	26	0.0	1	5.3	173
18/05/2025	04:47:06	40.53896	141.55817	26	0.0	2	5.4	170
18/05/2025	04:48:04	40.53895	141.55799	22	0.0	1	5.4	179
18/05/2025	04:49:05	40.53889	141.55815	0	3.7	2	5.4	172
18/05/2025	04:50:11	40.53931	141.55758	76	3.7	2	6.0	191
18/05/2025	04:51:29	40.53909	141.55799	36	0.0	2	5.3	167
18/05/2025	04:52:07	40.53909	141.55800	44	0.0	1	5.4	205
18/05/2025	04:53:18	40.53907	141.55822	2	7.4	2	5.3	159
18/05/2025	04:54:05	40.53924	141.55791	0	7.4	1	5.4	159
18/05/2025	04:55:04	40.53921	141.55773	8	0.0	1	5.4	169
18/05/2025	04:56:07	40.53914	141.55787	-12	0.0	2	5.2	162
18/05/2025	04:57:03	40.53909	141.55794	2	0.0	2	5.2	187
18/05/2025	04:58:03	40.53895	141.55809	-8	0.0	2	5.2	184
18/05/2025	04:59:05	40.53900	141.55791	-28	0.0	2	5.2	156
18/05/2025	05:00:31	40.53919	141.55781	-10	0.0	3	4.1	169
18/05/2025	05:01:03	40.53907	141.55757	-114	7.4	3	4.1	181
18/05/2025	05:02:02	40.53911	141.55792	-36	0.0	3	4.1	138
18/05/2025	05:03:04	40.53908	141.55802	12	0.0	3	4.0	134
18/05/2025	05:04:02	40.53897	141.55813	52	0.0	3	4.0	133
18/05/2025	05:05:03	40.53888	141.55855	102	0.0	3	4.4	151
18/05/2025	05:06:04	40.53916	141.55779	-68	0.0	3	4.0	154
18/05/2025	05:07:04	40.53902	141.55799	8	0.0	3	3.4	147
18/05/2025	05:08:03	40.53902	141.55816	38	0.0	2	7.4	148
18/05/2025	05:09:04	40.53865	141.55854	-148	0.0	2	7.1	147
18/05/2025	05:10:02	40.53948	141.55756	184	0.0	2	6.4	130
18/05/2025	05:11:02	40.53909	141.55789	30	0.0	2	6.2	159
18/05/2025	05:12:02	40.53872	141.55847	-118	0.0	2	6.1	160
18/05/2025	05:13:04	40.53932	141.55751	64	0.0	2	6.0	171
18/05/2025	05:14:02	40.53919	141.55782	0	0.0	2	5.4	137
18/05/2025	05:15:03	40.53917	141.55786	-30	0.0	2	5.3	149
18/05/2025	05:16:04	40.53922	141.55783	10	0.0	3	3.3	149
18/05/2025	05:17:04	40.53923	141.55779	10	0.0	2	5.2	128
18/05/2025	05:18:04	40.53900	141.55807	-12	0.0	3	3.3	136
18/05/2025	05:19:05	40.53899	141.55799	14	0.0	3	3.3	122
18/05/2025	05:20:04	40.53894	141.55815	4	3.7	3	3.3	154
18/05/2025	05:21:02	40.53921	141.55784	34	0.0	2	5.1	157
18/05/2025	05:22:03	40.53888	141.55829	12	0.0	2	4.2	106
18/05/2025	05:23:01	40.53895	141.55809	-42	0.0	2	5.0	166
18/05/2025	05:24:02	40.53928	141.55763	-4	0.0	2	5.0	167
18/05/2025	05:25:02	40.53899	141.55835	-2	3.7	2	5.0	157
18/05/2025	05:26:02	40.53907	141.55798	14	0.0	3	3.4	164
18/05/2025	05:27:02	40.53894	141.55817	-20	0.0	3	3.4	166
18/05/2025	05:28:02	40.53900	141.55813	-12	0.0	3	3.4	184
18/05/2025	05:29:01	40.53909	141.55806	-14	0.0	3	3.4	162
18/05/2025	05:30:01	40.53907	141.55798	-0	0.0	3	3.4	142
18/05/2025	05:31:01	40.53905	141.55803	-16	0.0	3	3.4	144
18/05/2025	05:32:02	40.53909	141.55801	0	0.0	3	3.4	167
18/05/2025	05:33:02	40.53907	141.55791	-4	0.0	3	3.4	162
18/05/2025	05:34:01	40.53920	141.55769	28	0.0	3	3.4	166
18/05/2025	05:35:04	40.53900	141.55815	10	0.0	3	4.0	166
18/05/2025	05:36:01	40.53912	141.55779	2	0.0	3	4.0	166
18/05/2025	05:37:02	40.53902	141.55828	32	0.0	3	4.0	166
18/05/2025	05:38:02	40.53909	141.55796	-2	0.0	3	4.0	168
18/05/2025	05:39:02	40.53910	141.55793	4	0.0	3	4.0	116
18/05/2025	05:40:03	40.53893	141.55806	-2	0.0	3	4.0	156
18/05/2025	05:41:03	40.53900	141.55816	6	0.0	3	4.0	159
18/05/2025	05:42:02	40.53910	141.55780	8	0.0	3	4.0	185
18/05/2025	05:43:03	40.53906	141.55806	10	3.7	3	4.0	167
18/05/2025	05:44:03	40.53932	141.55752	-30	3.7	3	4.0	162
18/05/2025	05:45:03	40.53901	141.55797	-4	0.0	3	4.1	164
18/05/2025	05:46:04	40.53910	141.55801	-0	0.0	3	4.1	165
18/05/2025	05:47:03	40.53894	141.55819	14	0.0	3	4.1	164
18/05/2025	05:48:02	40.53902	141.55809	-24	0.0	3	4.1	144
18/05/2025	05:49:04	40.53908	141.55792	0	3.7	3	4.1	143
18/05/2025	05:50:05	40.53909	141.55795	-4	3.7	3	4.1	159
18/05/2025	05:51:05	40.53904	141.55798	4	3.7	3	4.1	163
18/05/2025	05:52:04	40.53887	141.55822	30	3.7	3	4.1	161
18/05/2025	05:53:04	40.53886	141.55830	20	7.4	3	4.1	183
18/05/2025	05:54:03	40.53910	141.55800	4	0.0	3	4.1	164
18/05/2025	05:55:03	40.53912	141.55783	-10	0.0	3	4.1	164
18/05/2025	05:56:03	40.53908	141.55798	-0	0.0	3	4.2	165
18/05/2025	05:57:02	40.53920	141.55778	-24	0.0	3	4.2	167
18/05/2025	05:58:02	40.53916	141.55782	-0	0.0	3	4.2	115
18/05/2025	05:59:02	40.53916	141.55792	6	0.0	3	4.2	160
18/05/2025	06:00:04	40.53910	141.55786	-8	14.8	3	4.2	156
18/05/2025	06:01:03	40.53913	141.55796	-2	0.0	3	4.2	162
18/05/2025	06:02:02	40.53908	141.55787	0	0.0	3	4.2	162
18/05/2025	06:03:03	40.53908	141.55806	-14	0.0	3	4.2	179
18/05/2025	06:04:03	40.53922	141.55757	-8	0.0	3	4.2	164
18/05/2025	06:05:02	40.53915	141.55783	6	0.0	3	4.2	181
18/05/2025	06:06:03	40.53905	141.55814	0	0.0	3	4.2	164
18/05/2025	06:07:02	40.53909	141.55793	-6	0.0	3	4.2	162
18/05/2025	06:08:03	40.53901	141.55811	10	0.0	3	4.2	141
18/05/2025	06:09:03	40.53913	141.55785	0	0.0	3	4.2	180
18/05/2025	06:10:03	40.53897	141.55812	20	0.0	3	4.3	183
18/05/2025	06:11:01	40.53884	141.55849	24	0.0	3	4.3	163
18/05/2025	06:12:01	40.53914	141.55769	0	0.0	3	4.3	138
18/05/2025	06:13:04	40.53908	141.55799	-8	0.0	3	4.3	197
18/05/2025	06:14:02	40.53909	141.55801	14	0.0	3	4.3	164
18/05/2025	06:22:10	40.53923	141.55769	-22	0.0	3	14.4	215
18/05/2025	06:23:04	40.53878	141.55846	54	0.0	2	15.2	182
18/05/2025	06:24:03	40.53868	141.55850	66	0.0	2	14.2	225
18/05/2025	06:25:02	40.53941	141.55762	-60	0.0	2	14.4	181
18/05/2025	06:26:02	40.53921	141.55771	-30	0.0	3	12.1	180
18/05/2025	06:27:02	40.53932	141.55744	-34	0.0	2	11.3	228
18/05/2025	06:28:02	40.53829	141.55918	102	0.0	2	11.1	133
18/05/2025	06:29:02	40.53908	141.55804	-2	0.0	3	10.1	156
18/05/2025	06:30:01	40.53930	141.55744	-22	0.0	2	9.3	89
18/05/2025	06:31:02	40.53913	141.55802	-6	0.0	3	9.0	178
18/05/2025	06:32:03	40.53912	141.55797	-4	0.0	3	8.3	226
18/05/2025	06:33:02	40.53910	141.55785	4	0.0	2	8.0	211
18/05/2025	06:34:02	40.53913	141.55765	-52	0.0	1	8.2	162
18/05/2025	06:35:03	40.53901	141.55840	-2	0.0	2	7.1	232
18/05/2025	06:36:03	40.53914	141.55811	-14	0.0	2	7.0	207
18/05/2025	06:37:02	40.53927	141.55768	-38	0.0	2	6.3	193
18/05/2025	06:38:03	40.53889	141.55813	10	0.0	2	6.2	214
18/05/2025	06:39:03	40.53921	141.55811	-16	0.0	2	6.1	206
18/05/2025	06:40:02	40.53912	141.55786	-4	0.0	2	6.0	144
18/05/2025	06:41:03	40.53928	141.55747	-36	0.0	2	5.3	188
18/05/2025	06:42:01	40.53897	141.55820	44	0.0	2	5.2	153
18/05/2025	06:43:02	40.53892	141.55831	28	0.0	2	5.3	145
18/05/2025	06:44:02	40.53884	141.55836	34	0.0	2	5.2	165
18/05/2025	06:45:02	40.53896	141.55815	4	0.0	2	5.1	162
18/05/2025	06:46:02	40.53906	141.55794	8	0.0	2	5.0	143
18/05/2025	06:47:02	40.53905	141.55802	10	0.0	2	5.0	148
18/05/2025	06:48:02	40.53909	141.55796	14	0.0	2	4.3	165
18/05/2025	06:49:01	40.53914	141.55785	-10	0.0	2	4.4	146
18/05/2025	06:50:02	40.53912	141.55808	-0	0.0	2	4.2	188
18/05/2025	06:51:02	40.53909	141.55790	8	0.0	2	4.3	188
18/05/2025	06:52:02	40.53911	141.55782	0	0.0	2	4.2	192
18/05/2025	06:53:02	40.53895	141.55826	16	3.7	2	4.2	145
18/05/2025	06:54:01	40.53921	141.55791	-6	0.0	2	4.1	144
18/05/2025	06:55:01	40.53927	141.55787	-26	0.0	2	4.1	139
18/05/2025	06:56:02	40.53905	141.55818	-0	0.0	2	4.0	165
18/05/2025	06:57:03	40.53909	141.55799	-0	0.0	2	4.0	165
18/05/2025	06:58:02	40.53911	141.55808	-6	0.0	2	4.0	140
18/05/2025	06:59:02	40.53887	141.55827	24	0.0	2	3.4	140
18/05/2025	07:00:03	40.53929	141.55758	0	0.0	2	3.4	190
18/05/2025	07:01:03	40.53896	141.55826	26	0.0	2	3.4	163
18/05/2025	07:02:03	40.53903	141.55803	2	0.0	2	3.4	166
18/05/2025	07:03:02	40.53914	141.55808	-32	0.0	2	3.3	159
18/05/2025	07:04:06	40.53906	141.55786	-26	3.7	1	5.2	137
18/05/2025	07:10:31	40.53907	141.55798	0	0.0	2	3.0	191
18/05/2025	07:11:03	40.53912	141.55785	-2	0.0	2	3.1	188
18/05/2025	07:12:04	40.53910	141.55812	-18	0.0	2	3.1	170
18/05/2025	07:13:04	40.53903	141.55773	0	0.0	2	3.1	169
18/05/2025	07:14:04	40.53920	141.55767	-8	0.0	2	3.1	189
18/05/2025	07:15:05	40.53926	141.55792	-14	0.0	2	3.1	151
18/05/2025	07:16:04	40.53897	141.55810	16	0.0	2	3.1	197
18/05/2025	07:17:05	40.53910	141.55781	-0	0.0	2	3.0	173
18/05/2025	07:18:04	40.53913	141.55776	-14	0.0	2	3.0	193
18/05/2025	07:19:15	40.53910	141.55792	-2	0.0	2	2.3	186
18/05/2025	07:20:06	40.53908	141.55777	0	0.0	2	2.3	184
18/05/2025	07:21:06	40.53916	141.55777	-2	0.0	1	3.0	166
18/05/2025	07:28:08	40.53900	141.55782	-18	0.0	1	10.1	139
18/05/2025	07:29:43	40.53908	141.55798	4	0.0	2	4.3	138
18/05/2025	07:30:05	40.53911	141.55770	-24	0.0	2	4.3	119
18/05/2025	07:31:02	40.53895	141.55763	-30	0.0	2	4.3	200
18/05/2025	07:32:01	40.53906	141.55782	-18	0.0	2	4.4	237
18/05/2025	07:33:02	40.53899	141.55782	-12	0.0	2	4.4	202
18/05/2025	07:34:02	40.53906	141.55796	0	0.0	2	4.4	233
18/05/2025	07:35:03	40.53897	141.55762	-54	0.0	2	4.4	259
18/05/2025	07:36:02	40.53904	141.55788	-6	0.0	2	4.4	257
18/05/2025	07:37:02	40.53929	141.55902	-4	0.0	2	4.4	271
18/05/2025	07:38:02	40.53924	141.55695	-66	14.8	2	7.2	271
18/05/2025	07:39:03	40.54518	141.55662	-48	22.2	2	4.4	299
18/05/2025	07:40:02	40.54585	141.55223	-2	18.5	2	5.0	290
18/05/2025	07:41:02	40.54702	141.54947	0	22.2	2	5.0	267
18/05/2025	07:42:02	40.54919	141.54703	-8	0.0	2	5.0	265
18/05/2025	07:43:02	40.54923	141.54488	-10	14.8	2	5.0	272
18/05/2025	07:44:02	40.55187	141.54097	48	29.6	2	5.0	267
18/05/2025	07:45:02	40.55488	141.53671	0	22.2	2	5.0	291
18/05/2025	07:46:02	40.55891	141.53458	-46	14.8	2	5.0	299
18/05/2025	07:47:02	40.55772	141.53515	56	37.0	2	5.0	299
18/05/2025	07:48:01	40.55612	141.53570	36	0.0	2	5.0	265
18/05/2025	07:49:02	40.55613	141.53583	42	0.0	2	5.1	272
18/05/2025	07:50:01	40.55606	141.53505	-40	0.0	2	5.1	266
18/05/2025	07:51:01	40.55607	141.53501	-40	0.0	2	5.1	266
18/05/2025	07:52:38	40.55619	141.53550	6	0.0	5	1.1	283
18/05/2025	07:53:01	40.55624	141.53548	0	0.0	4	1.3	235
18/05/2025	07:54:01	40.55612	141.53553	-4	0.0	5	1.1	267
18/05/2025	07:55:00	40.55609	141.53556	14	0.0	3	2.2	212
18/05/2025	07:56:00	40.55603	141.53532	-40	0.0	4	1.2	271
18/05/2025	07:57:00	40.55610	141.53563	16	0.0	3	2.1	240
18/05/2025	07:58:00	40.55600	141.53564	16	0.0	4	2.2	242
18/05/2025	07:59:00	40.55612	141.53526	-14	0.0	3	2.1	275
18/05/2025	08:00:01	40.55599	141.53587	20	0.0	5	1.2	297
18/05/2025	08:01:01	40.55611	141.53552	6	0.0	5	1.2	249
18/05/2025	08:02:01	40.55615	141.53542	-14	0.0	4	2.0	240
18/05/2025	08:03:01	40.55626	141.53549	22	0.0	4	1.2	267
18/05/2025	08:04:01	40.55615	141.53557	34	0.0	6	1.0	306
18/05/2025	08:05:01	40.55611	141.53560	6	0.0	5	1.3	302
18/05/2025	08:06:00	40.55615	141.53540	-6	0.0	5	1.2	301
18/05/2025	08:07:00	40.55611	141.53560	10	0.0	3	1.3	289
18/05/2025	08:08:00	40.55844	141.53465	4	48.2	4	1.2	265
18/05/2025	08:09:01	40.55891	141.53466	32	11.1	6	1.1	292
18/05/2025	08:10:01	40.55991	141.53455	6	37.0	5	1.1	268
18/05/2025	08:11:01	40.56220	141.53479	4	40.7	5	1.1	268
18/05/2025	08:12:00	40.56469	141.53364	22	14.8	4	1.2	262
18/05/2025	08:13:00	40.56574	141.53098	-12	18.5	4	1.3	299
18/05/2025	08:14:00	40.56633	141.52830	-10	18.5	4	1.2	263
18/05/2025	08:15:00	40.56723	141.52555	-14	18.5	4	1.2	246
18/05/2025	08:16:01	40.56533	141.52352	14	14.8	4	1.2	264
18/05/2025	08:17:00	40.56266	141.52277	2	22.2	4	1.4	295
18/05/2025	08:18:00	40.55857	141.52317	30	29.6	4	1.4	264
18/05/2025	08:19:00	40.55594	141.52193	22	14.8	3	2.2	300
18/05/2025	08:20:00	40.55601	141.51791	-6	18.5	4	1.2	239
18/05/2025	08:21:00	40.55663	141.51507	-2	14.8	5	1.1	294
18/05/2025	08:22:01	40.55715	141.51399	12	0.0	5	1.2	308
18/05/2025	08:23:01	40.55704	141.51399	-20	0.0	3	2.1	180
18/05/2025	08:24:00	40.55710	141.51398	32	0.0	4	1.3	264
18/05/2025	08:25:01	40.55715	141.51395	6	0.0	6	1.1	299
18/05/2025	08:26:00	40.55705	141.51396	-24	0.0	4	1.3	297
18/05/2025	08:27:00	40.55713	141.51402	20	0.0	4	1.3	269
18/05/2025	08:28:00	40.55706	141.51394	-56	0.0	5	1.2	299
18/05/2025	08:29:00	40.55709	141.51403	-28	0.0	3	1.4	267
18/05/2025	08:30:00	40.55713	141.51393	-20	0.0	4	1.3	303
18/05/2025	08:31:01	40.55783	141.51315	-0	14.8	3	1.4	235
18/05/2025	08:32:01	40.55838	141.51097	194	14.8	3	2.2	294
18/05/2025	08:33:01	40.55798	141.50907	-4	18.5	4	1.3	276
18/05/2025	08:34:01	40.55877	141.50497	-62	25.9	3	2.3	247
18/05/2025	08:35:01	40.56025	141.50176	2	18.5	5	1.2	300
18/05/2025	08:36:00	40.56167	141.49907	-120	33.3	3	2.3	301
18/05/2025	08:37:00	40.56418	141.49509	98	22.2	3	2.1	277
18/05/2025	08:38:00	40.56590	141.49298	4	51.9	4	1.3	208
18/05/2025	08:39:00	40.56792	141.49238	-10	7.4	5	1.3	265
18/05/2025	08:40:00	40.56809	141.49244	-10	14.8	5	1.3	233
18/05/2025	08:41:01	40.56961	141.49135	40	18.5	4	1.4	292
18/05/2025	08:42:01	40.57261	141.49171	34	44.4	3	2.3	238
18/05/2025	08:43:01	40.57077	141.49198	42	48.2	4	1.4	313
18/05/2025	08:44:02	40.56932	141.49225	14	22.2	4	1.4	270
18/05/2025	08:45:00	40.56721	141.49226	58	37.0	3	2.1	289
18/05/2025	08:46:00	40.56259	141.49800	-52	44.4	4	2.0	272
18/05/2025	08:47:00	40.55888	141.50492	-4	22.2	4	1.4	244
18/05/2025	08:48:00	40.55785	141.50891	0	14.8	3	2.1	300
18/05/2025	08:49:00	40.55864	141.50763	14	0.0	4	1.4	209
18/05/2025	08:50:04	40.55859	141.50755	-2	0.0	4	1.4	276
18/05/2025	08:51:01	40.55868	141.50752	2	0.0	3	2.1	250
18/05/2025	08:52:00	40.55865	141.50749	-2	0.0	3	2.4	185
18/05/2025	08:53:00	40.55946	141.50769	62	0.0	3	2.4	185
18/05/2025	08:54:00	40.55852	141.50746	-24	0.0	3	2.4	211
18/05/2025	08:55:00	40.55858	141.50722	-42	0.0	4	2.0	268
18/05/2025	08:56:00	40.55883	141.50746	-108	3.7	3	2.2	212
18/05/2025	08:57:01	40.55889	141.50731	-6	0.0	3	2.2	211
18/05/2025	08:58:01	40.55864	141.50747	-2	0.0	4	2.0	268
18/05/2025	08:59:00	40.55852	141.50750	20	3.7	3	2.2	218
18/05/2025	09:00:00	40.55857	141.50770	-6	0.0	3	2.2	235
18/05/2025	09:01:01	40.55869	141.50746	4	0.0	4	2.0	216
18/05/2025	09:02:00	40.55851	141.50742	-42	0.0	3	2.2	236
18/05/2025	09:03:00	40.55871	141.50741	14	0.0	4	2.0	223
18/05/2025	09:04:00	40.55853	141.50756	-8	0.0	3	2.2	238
18/05/2025	09:05:01	40.55864	141.50751	6	0.0	4	2.0	270
18/05/2025	09:06:00	40.55860	141.50752	14	3.7	3	2.2	240
18/05/2025	09:07:00	40.55871	141.50739	4	0.0	4	2.1	264
18/05/2025	09:08:01	40.55863	141.50748	0	0.0	4	2.1	246
18/05/2025	09:09:01	40.55853	141.50750	-12	0.0	4	2.1	264
18/05/2025	09:10:00	40.55863	141.50745	8	0.0	4	2.1	242
18/05/2025	09:11:00	40.55861	141.50768	22	0.0	4	2.1	216
18/05/2025	09:12:01	40.55868	141.50731	-8	0.0	4	2.1	250
18/05/2025	09:13:01	40.55865	141.50743	4	0.0	4	2.1	244
18/05/2025	09:14:01	40.55856	141.50736	-20	0.0	4	2.1	270
18/05/2025	09:15:01	40.55871	141.50723	-24	0.0	4	2.1	273
18/05/2025	09:16:01	40.55859	141.50755	16	0.0	4	2.1	266
18/05/2025	09:17:01	40.55861	141.50758	2	0.0	4	2.1	272
18/05/2025	09:18:01	40.55882	141.50738	34	0.0	3	4.0	277
18/05/2025	09:19:01	40.55865	141.50738	-4	0.0	4	2.1	277
18/05/2025	09:20:01	40.55864	141.50740	-6	0.0	4	2.1	278
18/05/2025	09:21:02	40.55864	141.50742	-6	0.0	3	4.1	256
18/05/2025	09:22:01	40.55872	141.50746	-10	0.0	3	4.0	266
18/05/2025	09:23:01	40.55856	141.50751	6	0.0	4	2.1	276
18/05/2025	09:24:02	40.55877	141.50738	6	0.0	4	2.1	273
18/05/2025	09:25:01	40.55862	141.50755	8	0.0	4	2.1	263
18/05/2025	09:26:01	40.55870	141.50746	10	0.0	2	2.4	215
18/05/2025	09:27:01	40.55889	141.50749	34	0.0	3	4.4	271
18/05/2025	09:28:02	40.55851	141.50732	-28	0.0	3	4.4	262
18/05/2025	09:29:01	40.55875	141.50744	8	0.0	3	5.0	268
18/05/2025	09:30:02	40.55850	141.50725	-28	0.0	3	5.0	262
18/05/2025	09:31:03	40.55859	141.50742	4	0.0	4	2.1	253
18/05/2025	09:32:01	40.55874	141.50761	10	0.0	3	5.2	225
18/05/2025	09:33:02	40.55841	141.50734	-34	0.0	3	5.2	256
18/05/2025	09:34:01	40.55853	141.50725	-24	0.0	3	5.3	260
18/05/2025	09:35:02	40.55850	141.50721	-28	0.0	3	5.3	284
18/05/2025	09:36:02	40.55881	141.50746	8	0.0	3	5.4	242
18/05/2025	09:37:01	40.55876	141.50748	12	0.0	3	6.0	189
18/05/2025	09:38:01	40.55831	141.50689	-80	0.0	3	6.1	211
18/05/2025	09:39:02	40.55864	141.50737	-6	0.0	3	6.1	266
18/05/2025	09:40:02	40.55850	141.50719	-30	0.0	3	6.2	265
18/05/2025	09:41:02	40.55844	141.50708	-30	0.0	3	6.3	267
18/05/2025	09:42:01	40.55882	141.50783	42	0.0	3	6.4	236
18/05/2025	09:43:01	40.55857	141.50737	-22	22.2	3	7.0	236
18/05/2025	09:44:02	40.55852	141.50740	-18	0.0	3	7.1	263
18/05/2025	09:45:02	40.55863	141.50734	-4	0.0	3	7.1	266
18/05/2025	09:46:01	40.55848	141.50716	-44	0.0	3	7.2	238
18/05/2025	09:47:02	40.55857	141.50730	-18	0.0	3	7.3	261
18/05/2025	09:48:02	40.55869	141.50742	6	0.0	3	8.0	267
18/05/2025	09:49:04	40.55845	141.50706	-40	0.0	3	8.1	260
18/05/2025	09:50:02	40.55862	141.50730	-6	0.0	3	8.2	265
18/05/2025	09:51:02	40.55875	141.50758	18	0.0	3	8.3	209
18/05/2025	09:52:02	40.55889	141.50760	32	0.0	3	8.4	238
18/05/2025	09:53:01	40.55844	141.50687	-44	0.0	3	9.0	243
18/05/2025	09:54:01	40.55875	141.50785	28	0.0	3	9.2	242
18/05/2025	09:55:01	40.55902	141.50795	54	0.0	3	9.3	268
18/05/2025	09:56:02	40.55872	141.50733	6	0.0	3	9.4	277
18/05/2025	09:57:02	40.55902	141.50807	68	0.0	3	10.1	267
18/05/2025	09:58:02	40.55862	141.50736	-4	0.0	3	10.3	275
18/05/2025	09:59:02	40.55887	141.50783	32	0.0	3	10.4	278
18/05/2025	10:00:31	40.55863	141.50742	-0	0.0	6	1.1	280
18/05/2025	10:01:00	40.55872	141.50739	-2	0.0	4	1.4	230
18/05/2025	10:02:01	40.55908	141.50744	-2	22.2	6	1.1	293
18/05/2025	10:03:02	40.55923	141.50753	6	0.0	6	1.1	295
18/05/2025	10:04:01	40.55924	141.50766	-8	0.0	5	1.2	290
18/05/2025	10:05:01	40.55920	141.50768	-16	0.0	4	1.2	261
18/05/2025	10:06:01	40.55931	141.50779	-4	0.0	5	1.2	279
18/05/2025	10:07:00	40.55936	141.50794	22	0.0	4	1.4	262
18/05/2025	10:08:00	40.56154	141.50816	-0	29.6	5	1.4	288
18/05/2025	10:09:01	40.56541	141.50772	10	0.0	4	1.2	227
18/05/2025	10:10:01	40.56538	141.50777	-6	0.0	5	1.2	282
18/05/2025	10:11:01	40.56540	141.50792	-14	0.0	4	1.2	285
18/05/2025	10:12:00	40.56527	141.50797	-12	0.0	3	1.4	287
18/05/2025	10:13:00	40.56550	141.50790	-28	0.0	5	1.4	239
18/05/2025	10:14:00	40.56575	141.50831	-22	0.0	4	1.4	236
18/05/2025	10:15:00	40.56549	141.50823	36	0.0	4	1.4	287
18/05/2025	10:16:01	40.56531	141.50825	-16	0.0	5	1.2	257
18/05/2025	10:17:01	40.56534	141.50832	12	0.0	5	1.2	285
18/05/2025	10:18:00	40.56538	141.50849	16	0.0	4	1.4	210
18/05/2025	10:19:00	40.56514	141.50830	0	0.0	4	1.4	235
18/05/2025	10:20:01	40.56509	141.50837	8	0.0	5	1.2	288
18/05/2025	10:21:01	40.56515	141.50832	32	0.0	5	1.2	284
18/05/2025	10:22:00	40.56529	141.50708	22	18.5	4	1.3	291
18/05/2025	10:23:00	40.56400	141.50359	24	18.5	3	1.4	318
18/05/2025	10:24:00	40.56391	141.50341	22	0.0	3	2.1	298
18/05/2025	10:25:01	40.56381	141.50324	6	0.0	4	1.3	279
18/05/2025	10:26:00	40.56372	141.50331	4	0.0	5	1.4	243
18/05/2025	10:27:00	40.56385	141.50326	-10	22.2	4	2.1	296
18/05/2025	10:28:01	40.56430	141.50331	12	18.5	5	1.2	289
18/05/2025	10:29:00	40.56432	141.50294	8	0.0	4	2.2	231
18/05/2025	10:30:01	40.56431	141.50300	-26	0.0	5	1.2	257
18/05/2025	10:31:01	40.56428	141.50329	-0	0.0	5	1.2	291
18/05/2025	10:32:00	40.56333	141.50335	-0	3.7	3	1.4	296
18/05/2025	10:33:01	40.56335	141.50337	8	0.0	4	1.3	262
18/05/2025	10:34:00	40.56331	141.50348	6	0.0	4	2.3	236
18/05/2025	10:35:00	40.56307	141.50361	-18	0.0	4	2.3	293
18/05/2025	10:36:00	40.56333	141.50380	24	0.0	3	1.4	289
18/05/2025	10:37:00	40.56351	141.50321	-6	0.0	4	1.3	266
18/05/2025	10:38:00	40.56354	141.50337	-4	0.0	3	1.4	301
18/05/2025	10:39:01	40.56374	141.50336	-6	0.0	3	1.4	271
18/05/2025	10:40:01	40.56364	141.50329	-6	0.0	5	1.2	297
18/05/2025	10:41:00	40.56369	141.50316	-4	0.0	3	1.4	266
18/05/2025	10:42:00	40.56368	141.50356	8	0.0	3	1.4	292
18/05/2025	10:43:00	40.56367	141.50354	-4	0.0	3	1.4	242
18/05/2025	10:44:00	40.56379	141.50365	8	0.0	3	1.4	266
18/05/2025	10:45:00	40.56363	141.50372	-6	0.0	4	1.3	296
18/05/2025	10:46:01	40.56371	141.50367	-20	0.0	4	1.3	268
18/05/2025	10:47:01	40.56361	141.50406	42	0.0	3	1.4	236
18/05/2025	10:48:01	40.56372	141.50387	16	0.0	5	1.2	298
18/05/2025	10:49:00	40.56359	141.50371	-20	0.0	3	1.3	231
18/05/2025	10:50:00	40.56365	141.50380	0	0.0	3	2.1	292
18/05/2025	10:51:00	40.56360	141.50395	8	0.0	3	1.4	265
18/05/2025	10:52:00	40.56348	141.50394	0	0.0	3	1.4	294
18/05/2025	10:53:01	40.56341	141.50392	2	0.0	5	1.2	296
18/05/2025	10:54:01	40.56342	141.50415	10	0.0	4	1.2	297
18/05/2025	10:55:01	40.56340	141.50410	16	0.0	5	1.2	300
18/05/2025	10:56:01	40.56332	141.50405	14	0.0	5	1.2	290
18/05/2025	10:57:01	40.56329	141.50430	20	0.0	5	2.0	294
18/05/2025	10:58:01	40.56324	141.50435	18	0.0	5	1.2	299
18/05/2025	10:59:01	40.56329	141.50426	-0	0.0	5	1.2	296
18/05/2025	11:00:00	40.56321	141.50444	12	0.0	3	1.4	298
18/05/2025	11:01:01	40.56326	141.50449	-12	0.0	4	1.3	297
18/05/2025	11:02:01	40.56325	141.50447	-6	0.0	4	1.3	267
18/05/2025	11:03:01	40.56328	141.50463	16	0.0	5	1.2	294
18/05/2025	11:04:00	40.56329	141.50367	4	14.8	3	1.4	234
18/05/2025	11:05:01	40.56357	141.50053	2	14.8	4	1.3	292
18/05/2025	11:06:01	40.56525	141.49745	4	18.5	5	1.2	300
18/05/2025	11:07:01	40.56552	141.49720	-24	0.0	4	2.2	288
18/05/2025	11:08:01	40.56555	141.49745	10	0.0	5	1.2	293
18/05/2025	11:09:01	40.56547	141.49775	10	0.0	3	1.4	286
18/05/2025	11:10:01	40.56545	141.49779	16	0.0	4	1.4	285
18/05/2025	11:11:00	40.56578	141.49649	8	18.5	3	1.4	291
18/05/2025	11:12:01	40.56628	141.49549	22	0.0	5	1.2	268
18/05/2025	11:13:01	40.56757	141.49428	10	25.9	5	1.2	271
18/05/2025	11:14:01	40.57000	141.49512	4	18.5	5	1.2	300
18/05/2025	11:15:00	40.56990	141.49534	12	0.0	3	2.1	177
18/05/2025	11:16:00	40.57025	141.49613	12	22.2	3	1.4	210
18/05/2025	11:17:01	40.57159	141.49465	16	18.5	5	1.2	300
18/05/2025	11:18:00	40.57258	141.49478	2	0.0	4	1.4	262
18/05/2025	11:19:01	40.57264	141.49484	12	0.0	4	1.4	255
18/05/2025	11:20:01	40.57265	141.49482	0	0.0	4	1.4	258
18/05/2025	11:21:01	40.57260	141.49504	28	0.0	3	2.1	256
18/05/2025	11:22:01	40.57266	141.49513	2	0.0	4	1.4	285
18/05/2025	11:23:01	40.57259	141.49549	26	0.0	4	1.4	271
18/05/2025	11:24:01	40.57267	141.49539	12	0.0	4	1.4	264
18/05/2025	11:25:00	40.57271	141.49543	-24	0.0	3	2.1	267
18/05/2025	11:26:01	40.57262	141.49557	12	0.0	4	1.4	267
18/05/2025	11:27:01	40.57277	141.49562	12	0.0	4	1.4	253
18/05/2025	11:28:01	40.57285	141.49561	0	0.0	4	1.4	206
18/05/2025	11:29:01	40.57298	141.49664	112	0.0	3	4.3	269
18/05/2025	11:30:00	40.57304	141.49562	-30	0.0	3	2.1	261
18/05/2025	11:31:01	40.57294	141.49582	-10	0.0	4	1.4	262
18/05/2025	11:32:01	40.57297	141.49599	6	0.0	4	1.4	265
18/05/2025	11:33:01	40.57285	141.49608	12	0.0	3	2.0	200
18/05/2025	11:34:01	40.57270	141.49615	-8	0.0	3	2.0	261
18/05/2025	11:35:02	40.57265	141.49617	-10	0.0	3	2.0	256
18/05/2025	11:36:02	40.57256	141.49615	-2	0.0	4	1.4	264
18/05/2025	11:37:01	40.57245	141.49627	-0	0.0	3	2.0	286
18/05/2025	11:38:02	40.57239	141.49612	6	0.0	3	2.0	252
18/05/2025	11:39:01	40.57226	141.49611	8	0.0	3	2.0	284
18/05/2025	11:40:02	40.57227	141.49604	-2	0.0	3	2.0	265
18/05/2025	11:41:01	40.57213	141.49602	-22	0.0	3	2.0	263
18/05/2025	11:42:01	40.57212	141.49596	4	0.0	3	4.4	264
18/05/2025	11:43:02	40.57317	141.49603	-10	0.0	2	4.4	273
18/05/2025	11:44:02	40.57306	141.49639	28	0.0	3	4.4	262
18/05/2025	11:45:01	40.57302	141.49618	12	0.0	3	2.0	281
18/05/2025	11:46:02	40.57308	141.49618	0	0.0	3	4.4	265
18/05/2025	11:47:01	40.57310	141.49584	-14	0.0	3	4.4	241
18/05/2025	11:48:01	40.57304	141.49608	4	0.0	3	4.3	270
18/05/2025	11:49:01	40.57310	141.49609	-18	0.0	3	4.3	232
18/05/2025	11:50:02	40.57305	141.49626	8	0.0	3	2.0	265
18/05/2025	11:51:01	40.57307	141.49630	4	0.0	3	2.0	270
18/05/2025	11:52:02	40.57306	141.49611	-20	0.0	3	2.0	260
18/05/2025	11:53:02	40.57297	141.49617	6	0.0	3	2.0	260
18/05/2025	11:54:02	40.57284	141.49631	2	0.0	3	2.0	242
18/05/2025	11:55:04	40.57284	141.49621	2	0.0	3	2.0	244
18/05/2025	11:56:02	40.57276	141.49631	4	0.0	3	1.4	261
18/05/2025	11:57:01	40.57273	141.49625	8	0.0	3	1.4	286
18/05/2025	11:58:01	40.57249	141.49649	22	0.0	2	2.3	264
18/05/2025	11:59:02	40.57251	141.49646	10	0.0	3	1.4	268
18/05/2025	12:00:02	40.57256	141.49632	-4	0.0	3	4.1	258
18/05/2025	12:01:01	40.57235	141.49613	-24	0.0	3	4.1	283
18/05/2025	12:02:01	40.57236	141.49643	-18	0.0	2	4.2	261
18/05/2025	12:03:03	40.57221	141.49649	-14	0.0	3	4.1	258
18/05/2025	12:04:01	40.57210	141.49646	6	0.0	3	4.0	257
18/05/2025	12:05:03	40.57196	141.49677	8	0.0	2	4.1	260
18/05/2025	12:06:04	40.57201	141.49656	2	0.0	3	4.0	259
18/05/2025	12:07:03	40.57209	141.49665	8	0.0	3	4.0	260
18/05/2025	12:08:02	40.57195	141.49683	2	0.0	2	3.1	261
18/05/2025	12:09:04	40.57195	141.49658	12	0.0	3	3.4	287
18/05/2025	12:10:03	40.57179	141.49689	10	0.0	2	3.1	285
18/05/2025	12:11:04	40.57190	141.49631	-22	0.0	3	3.4	280
18/05/2025	12:12:03	40.57179	141.49687	-0	0.0	3	3.4	284
18/05/2025	12:13:02	40.57167	141.49665	-0	3.7	2	3.1	282
18/05/2025	12:14:04	40.57167	141.49665	-22	0.0	3	3.3	286
18/05/2025	12:15:03	40.57150	141.49727	6	0.0	3	3.3	287
18/05/2025	12:16:04	40.57140	141.49748	10	0.0	3	3.3	286
18/05/2025	12:17:03	40.57136	141.49740	14	0.0	3	3.3	288
18/05/2025	12:18:03	40.57124	141.49767	0	0.0	3	3.3	281
18/05/2025	12:19:02	40.57120	141.49732	-0	0.0	3	3.2	286
18/05/2025	12:20:03	40.57110	141.49713	-2	0.0	3	3.2	285
18/05/2025	12:21:04	40.57108	141.49722	-12	0.0	3	3.2	281
18/05/2025	12:22:04	40.57098	141.49745	10	0.0	3	3.2	284
18/05/2025	12:23:03	40.57086	141.49762	22	0.0	3	3.2	285
18/05/2025	12:24:04	40.57078	141.49764	6	0.0	3	3.2	280
18/05/2025	12:25:03	40.57080	141.49775	12	0.0	3	3.1	282
18/05/2025	12:26:02	40.57077	141.49773	2	0.0	3	3.1	289
18/05/2025	12:27:03	40.57078	141.49741	-10	0.0	3	3.1	284
18/05/2025	12:28:03	40.57056	141.49796	14	0.0	3	3.1	286
18/05/2025	12:29:04	40.57056	141.49785	8	0.0	3	3.1	284
18/05/2025	12:30:03	40.57058	141.49795	10	0.0	3	3.1	283
18/05/2025	12:31:05	40.57039	141.49803	0	0.0	3	3.1	281
18/05/2025	12:32:04	40.57036	141.49807	8	0.0	3	3.0	284
18/05/2025	12:33:04	40.57024	141.49837	16	0.0	3	3.0	284
18/05/2025	12:34:05	40.57025	141.49791	-6	0.0	3	3.0	280
18/05/2025	12:35:04	40.57015	141.49797	-6	0.0	3	3.0	280
18/05/2025	12:36:04	40.57013	141.49804	-10	0.0	3	3.0	282
18/05/2025	12:37:04	40.57006	141.49823	8	0.0	3	3.0	288
18/05/2025	12:38:04	40.56982	141.49828	4	0.0	3	3.0	285
18/05/2025	12:39:05	40.57000	141.49818	-0	0.0	3	3.0	278
18/05/2025	12:40:04	40.56979	141.49831	-4	0.0	3	3.0	283
18/05/2025	12:41:04	40.56964	141.49847	6	0.0	3	2.4	282
18/05/2025	12:42:05	40.56961	141.49838	2	3.7	3	2.4	254
18/05/2025	12:43:10	40.56958	141.49815	-4	0.0	3	2.4	254
18/05/2025	12:44:06	40.56946	141.49852	-0	0.0	3	2.4	250
18/05/2025	12:45:06	40.56926	141.49833	12	0.0	3	2.4	251
18/05/2025	12:46:32	40.56913	141.49832	2	0.0	6	1.1	240
18/05/2025	12:47:01	40.56891	141.49822	22	0.0	5	1.1	246
18/05/2025	12:48:01	40.56895	141.49835	2	0.0	5	1.2	255
18/05/2025	12:49:00	40.56889	141.49850	-24	0.0	4	1.4	233
18/05/2025	12:50:02	40.56892	141.49849	10	0.0	4	4.3	237
18/05/2025	12:51:00	40.56871	141.49855	2	0.0	4	1.4	202
18/05/2025	12:52:00	40.56853	141.49852	8	0.0	4	1.4	174
18/05/2025	12:53:00	40.56839	141.49852	32	0.0	4	1.4	201
18/05/2025	12:54:01	40.56855	141.49886	14	0.0	4	4.0	247
18/05/2025	12:55:01	40.56835	141.49875	4	0.0	5	1.2	247
18/05/2025	12:56:01	40.56836	141.49881	-0	0.0	4	1.4	254
18/05/2025	12:57:00	40.56822	141.49882	10	0.0	4	1.4	232
18/05/2025	12:58:00	40.56799	141.49862	-20	22.2	3	2.3	206
18/05/2025	12:59:01	40.56453	141.50236	14	33.3	6	1.1	253
18/05/2025	13:00:00	40.56439	141.50567	2	0.0	4	1.4	199
18/05/2025	13:01:00	40.56451	141.50572	18	0.0	4	1.4	204
18/05/2025	13:02:00	40.56439	141.50567	-2	0.0	4	1.4	268
18/05/2025	13:03:00	40.56414	141.50541	8	0.0	4	1.4	232
18/05/2025	13:04:00	40.56417	141.50561	-30	0.0	4	1.4	206
18/05/2025	13:05:00	40.56415	141.50567	42	7.4	3	2.4	186
18/05/2025	13:06:00	40.56413	141.50578	8	3.7	3	2.3	186
18/05/2025	13:07:00	40.56409	141.50564	6	0.0	4	1.4	204
18/05/2025	13:08:01	40.56403	141.50559	-4	3.7	4	1.4	247
18/05/2025	13:09:00	40.56406	141.50596	-46	0.0	3	2.4	184
18/05/2025	13:10:01	40.56394	141.50566	10	0.0	4	1.3	269
18/05/2025	13:11:00	40.56389	141.50562	12	0.0	3	2.3	230
18/05/2025	13:12:00	40.56373	141.50587	12	0.0	3	2.3	260
18/05/2025	13:13:00	40.56387	141.50568	-18	0.0	4	1.3	240
18/05/2025	13:14:00	40.56381	141.50565	-6	0.0	4	1.3	237
18/05/2025	13:15:00	40.56331	141.50564	2	29.6	4	1.3	209
18/05/2025	13:16:01	40.55947	141.51036	-0	37.0	3	2.2	232
18/05/2025	13:17:01	40.55496	141.51354	28	40.7	3	2.1	178
18/05/2025	13:18:01	40.55014	141.51677	86	25.9	3	2.3	289
18/05/2025	13:19:01	40.54756	141.51656	56	0.0	3	2.0	153
18/05/2025	13:20:02	40.54770	141.51701	14	0.0	4	1.3	261
18/05/2025	13:21:01	40.54797	141.51727	-0	0.0	5	1.3	242
18/05/2025	13:22:00	40.54798	141.51746	-2	0.0	4	1.3	185
18/05/2025	13:23:02	40.54804	141.51778	-26	0.0	3	2.0	236
18/05/2025	13:24:00	40.54834	141.51813	-4	3.7	3	2.0	199
18/05/2025	13:25:01	40.54729	141.52184	10	44.4	4	1.3	259
18/05/2025	13:26:01	40.54668	141.52999	8	44.4	5	1.3	259
18/05/2025	13:27:01	40.54294	141.53541	-2	37.0	4	1.3	254
18/05/2025	13:28:01	40.53960	141.54243	8	37.0	4	1.3	259
18/05/2025	13:29:01	40.53900	141.54896	2	0.0	4	1.3	206
18/05/2025	13:30:02	40.53894	141.54903	22	0.0	4	1.3	184
18/05/2025	13:31:01	40.53901	141.54882	-14	0.0	4	1.3	207
18/05/2025	13:32:01	40.53902	141.54894	-2	0.0	3	6.1	190
18/05/2025	13:33:02	40.53895	141.54894	4	0.0	4	1.3	266
18/05/2025	13:34:01	40.53900	141.54896	24	0.0	4	1.3	233
18/05/2025	13:35:00	40.53895	141.54909	20	0.0	4	1.3	175
18/05/2025	13:36:00	40.53897	141.54890	70	0.0	3	1.4	152
18/05/2025	13:37:00	40.53902	141.54886	-28	0.0	4	1.3	179
18/05/2025	13:38:01	40.53906	141.54905	28	0.0	3	4.1	181
18/05/2025	13:39:01	40.53917	141.54952	-8	40.7	3	2.0	238
18/05/2025	13:40:02	40.53880	141.54935	-0	0.0	3	1.4	176
18/05/2025	13:41:01	40.53884	141.54955	40	0.0	4	1.3	231
18/05/2025	13:42:01	40.53892	141.54954	14	0.0	4	1.3	251
18/05/2025	13:43:01	40.53891	141.54951	16	0.0	4	1.3	215
18/05/2025	13:44:01	40.53893	141.54948	-54	0.0	4	1.3	180
18/05/2025	13:45:01	40.53884	141.54958	52	0.0	3	2.0	183
18/05/2025	13:46:01	40.53893	141.54940	32	0.0	4	1.3	211
18/05/2025	13:47:00	40.53890	141.54950	20	0.0	4	1.3	212
18/05/2025	13:48:00	40.53896	141.54954	-0	0.0	3	2.0	207
18/05/2025	13:49:00	40.53875	141.54945	30	0.0	4	1.3	209
18/05/2025	13:50:00	40.53877	141.54942	18	0.0	3	2.0	177
18/05/2025	13:51:01	40.53861	141.55018	10	37.0	4	1.3	294
18/05/2025	13:52:01	40.53955	141.55863	20	25.9	4	1.3	264
18/05/2025	13:53:02	40.53909	141.55800	20	0.0	2	2.1	163
18/05/2025	13:54:04	40.53904	141.55799	-0	0.0	4	1.3	186
18/05/2025	13:55:02	40.53908	141.55805	24	0.0	4	1.3	219
18/05/2025	13:56:00	40.53912	141.55807	-4	0.0	4	1.3	154
18/05/2025	13:57:02	40.53907	141.55799	-6	0.0	4	1.3	186
18/05/2025	13:58:04	40.53905	141.55809	-116	0.0	3	2.0	159
18/05/2025	13:59:04	40.53899	141.55814	6	0.0	3	1.4	183
18/05/2025	14:00:01	40.53910	141.55797	74	0.0	3	1.4	163
18/05/2025	14:01:01	40.53902	141.55794	62	0.0	3	1.4	116
18/05/2025	14:02:04	40.53901	141.55807	-68	0.0	3	1.4	187
18/05/2025	14:03:02	40.53908	141.55818	-142	0.0	3	1.4	189
18/05/2025	14:04:02	40.53915	141.55796	-26	0.0	3	1.4	183
18/05/2025	14:05:01	40.53911	141.55788	2	0.0	3	1.4	140
18/05/2025	14:06:03	40.53902	141.55797	-2	0.0	3	1.4	186
18/05/2025	14:07:03	40.53908	141.55804	-42	0.0	3	1.4	185
18/05/2025	14:08:03	40.53915	141.55800	36	0.0	3	1.4	187
18/05/2025	14:09:03	40.53899	141.55789	46	0.0	3	1.4	182
18/05/2025	14:10:04	40.53896	141.55792	12	0.0	3	1.4	185
18/05/2025	14:11:03	40.53901	141.55794	18	0.0	3	1.4	178
18/05/2025	14:12:03	40.53907	141.55793	14	0.0	3	1.4	184
18/05/2025	14:13:04	40.53916	141.55798	-4	0.0	3	1.4	185
18/05/2025	14:14:03	40.53917	141.55801	-2	0.0	3	1.4	185
18/05/2025	14:15:04	40.53914	141.55790	36	0.0	3	1.4	156
18/05/2025	14:16:04	40.53922	141.55799	56	0.0	3	1.4	147
18/05/2025	14:17:04	40.53904	141.55805	-22	0.0	3	1.4	181
18/05/2025	14:18:04	40.53903	141.55796	10	0.0	3	1.4	180
18/05/2025	14:19:03	40.53913	141.55802	0	0.0	3	1.4	178
18/05/2025	14:20:04	40.53910	141.55806	-58	3.7	3	1.4	178
18/05/2025	14:21:04	40.53925	141.55791	-16	0.0	3	1.4	181
18/05/2025	14:22:03	40.53913	141.55809	-10	0.0	3	1.4	184
18/05/2025	14:23:03	40.53926	141.55791	-8	0.0	3	1.4	183
18/05/2025	14:24:03	40.53902	141.55805	-46	0.0	3	1.4	184
18/05/2025	14:25:03	40.53894	141.55810	-16	0.0	3	1.4	184
18/05/2025	14:26:03	40.53907	141.55791	14	0.0	3	1.4	183
18/05/2025	14:27:04	40.53904	141.55796	12	0.0	3	2.0	184
18/05/2025	14:28:04	40.53905	141.55793	10	0.0	3	2.0	183
18/05/2025	14:29:04	40.53888	141.55798	8	3.7	3	2.0	181
18/05/2025	14:30:05	40.53892	141.55797	-26	3.7	3	2.0	178
18/05/2025	14:31:03	40.53925	141.55809	4	0.0	3	2.0	181
18/05/2025	14:32:04	40.53906	141.55804	8	0.0	3	2.0	179
18/05/2025	14:33:04	40.53899	141.55799	26	0.0	3	2.0	182
18/05/2025	14:34:05	40.53919	141.55796	-4	0.0	3	2.0	185
18/05/2025	14:35:04	40.53910	141.55796	34	0.0	3	2.1	167
18/05/2025	14:36:04	40.53913	141.55796	4	0.0	3	2.1	168
18/05/2025	14:37:04	40.53910	141.55801	-12	0.0	3	2.1	167
18/05/2025	14:38:04	40.53915	141.55799	-0	0.0	3	2.1	168
18/05/2025	14:39:04	40.53906	141.55803	-10	0.0	3	2.1	168
18/05/2025	14:40:04	40.53912	141.55797	-2	0.0	3	2.1	166
18/05/2025	14:41:04	40.53901	141.55804	-8	0.0	3	2.1	164
18/05/2025	14:42:04	40.53894	141.55804	10	0.0	3	2.2	185
18/05/2025	14:43:07	40.53893	141.55801	10	0.0	3	2.2	162
18/05/2025	14:44:04	40.53903	141.55801	14	0.0	3	2.2	163
18/05/2025	14:45:07	40.53913	141.55794	0	0.0	3	2.2	161
18/05/2025	14:46:03	40.53914	141.55795	20	0.0	3	2.2	164
18/05/2025	14:47:04	40.53889	141.55813	-12	0.0	3	2.3	164
18/05/2025	14:48:03	40.53907	141.55793	6	0.0	3	2.3	167
18/05/2025	14:49:04	40.53900	141.55800	-2	0.0	3	2.3	166
18/05/2025	14:50:05	40.53905	141.55804	-0	0.0	3	2.3	181
18/05/2025	14:51:05	40.53918	141.55790	6	0.0	3	2.4	162
18/05/2025	14:52:21	40.53916	141.55795	8	0.0	3	2.4	180
18/05/2025	14:53:04	40.53916	141.55795	18	0.0	3	2.4	165
18/05/2025	14:54:04	40.53900	141.55799	20	0.0	3	3.0	180
18/05/2025	14:55:03	40.53916	141.55797	-6	0.0	3	3.0	167
18/05/2025	14:56:04	40.53893	141.55809	26	7.4	3	3.0	183
18/05/2025	14:57:04	40.53892	141.55813	10	0.0	3	3.1	180
18/05/2025	14:58:03	40.53915	141.55797	-6	0.0	3	3.1	200
18/05/2025	14:59:03	40.53912	141.55792	32	0.0	3	3.1	164
18/05/2025	15:00:04	40.53888	141.55815	28	7.4	3	3.2	182
18/05/2025	15:01:13	40.53896	141.55801	-12	3.7	3	3.2	178
18/05/2025	15:02:03	40.53901	141.55798	8	3.7	3	3.3	180
18/05/2025	15:03:03	40.53894	141.55810	12	0.0	3	3.3	203
18/05/2025	15:04:03	40.53902	141.55811	-26	0.0	3	3.4	198
18/05/2025	15:05:03	40.53940	141.55784	-52	0.0	3	3.4	178
18/05/2025	15:06:03	40.53916	141.55792	-12	3.7	3	4.0	159
18/05/2025	15:07:04	40.53926	141.55788	-6	0.0	3	4.0	198
18/05/2025	15:08:04	40.53928	141.55789	-38	0.0	3	4.1	179
18/05/2025	15:09:04	40.53878	141.55811	70	3.7	3	4.1	182
18/05/2025	15:10:04	40.53915	141.55788	6	3.7	3	4.2	183
18/05/2025	15:11:04	40.53919	141.55795	-6	11.1	3	4.3	183
18/05/2025	15:12:04	40.53899	141.55804	14	3.7	3	4.4	186
18/05/2025	15:13:04	40.53899	141.55802	22	0.0	3	5.0	186
18/05/2025	15:14:04	40.53936	141.55784	-52	7.4	3	5.0	184
18/05/2025	15:15:05	40.53921	141.55794	-26	0.0	3	5.1	183
18/05/2025	15:16:03	40.53919	141.55793	-4	0.0	3	5.3	188
18/05/2025	15:17:04	40.53923	141.55790	-26	3.7	3	5.4	187
18/05/2025	15:18:04	40.53916	141.55791	-8	0.0	3	6.0	186
18/05/2025	15:19:04	40.53885	141.55811	44	3.7	3	6.1	184
18/05/2025	15:20:02	40.53877	141.55832	44	0.0	2	2.2	166
18/05/2025	15:21:04	40.53889	141.55817	28	14.8	3	6.4	200
18/05/2025	15:22:04	40.53912	141.55802	-6	7.4	3	7.1	203
18/05/2025	15:23:04	40.53924	141.55785	-22	0.0	3	7.3	201
18/05/2025	15:24:03	40.53908	141.55809	-22	0.0	2	2.2	162
18/05/2025	15:25:05	40.53886	141.55811	38	11.1	3	8.2	194
18/05/2025	15:26:15	40.53875	141.55831	52	3.7	3	9.0	193
18/05/2025	15:27:09	40.53981	141.55738	-94	3.7	3	9.3	177
18/05/2025	15:28:14	40.53896	141.55808	16	3.7	3	10.2	197
18/05/2025	15:29:07	40.53880	141.55826	16	0.0	2	3.2	159
18/05/2025	15:30:20	40.53884	141.55820	44	18.5	3	12.0	189
18/05/2025	15:31:26	40.54024	141.55697	-162	3.7	3	13.1	176
18/05/2025	15:32:08	40.54053	141.55661	-164	0.0	2	3.1	177
18/05/2025	15:33:32	40.53907	141.55800	6	0.0	5	1.4	177
18/05/2025	15:34:01	40.53914	141.55785	-22	0.0	4	1.4	143
18/05/2025	15:35:01	40.53924	141.55794	-46	0.0	3	2.1	115
18/05/2025	15:36:01	40.53906	141.55807	40	0.0	3	2.1	163
18/05/2025	15:37:01	40.53898	141.55804	32	0.0	4	1.4	162
18/05/2025	15:38:01	40.53898	141.55801	10	0.0	3	2.3	164
18/05/2025	15:39:01	40.53904	141.55804	16	0.0	3	2.0	162
18/05/2025	15:40:01	40.53906	141.55797	22	0.0	3	2.3	163
18/05/2025	15:41:02	40.53908	141.55790	-0	0.0	3	2.0	185
18/05/2025	15:42:01	40.53908	141.55795	2	0.0	3	2.0	162
18/05/2025	15:43:01	40.53891	141.55811	30	0.0	3	2.0	161
18/05/2025	15:44:01	40.53913	141.55802	2	0.0	3	2.0	159
18/05/2025	15:45:01	40.53910	141.55792	-12	0.0	3	2.0	157
18/05/2025	15:46:02	40.53901	141.55806	6	0.0	3	2.0	174
18/05/2025	15:47:01	40.53899	141.55794	14	0.0	3	2.0	110
18/05/2025	15:48:01	40.53899	141.55816	38	0.0	3	1.4	131
18/05/2025	15:49:01	40.53915	141.55789	10	0.0	2	3.2	154
18/05/2025	15:50:01	40.53907	141.55804	-6	0.0	2	3.2	155
18/05/2025	15:51:01	40.53906	141.55814	6	0.0	2	3.2	151
18/05/2025	15:52:04	40.53913	141.55791	-14	0.0	3	1.4	163
18/05/2025	15:53:04	40.53913	141.55782	-36	0.0	3	1.4	146
18/05/2025	15:54:06	40.53897	141.55838	66	7.4	3	3.3	139
18/05/2025	15:55:04	40.53894	141.55826	50	0.0	3	3.3	124
18/05/2025	15:56:04	40.53897	141.55842	66	0.0	3	3.3	125
18/05/2025	15:57:04	40.53911	141.55781	-24	0.0	3	3.3	140
18/05/2025	15:58:03	40.53912	141.55801	14	3.7	3	3.3	126
18/05/2025	15:59:04	40.53912	141.55799	4	0.0	3	3.3	127
18/05/2025	16:00:05	40.53896	141.55825	20	0.0	3	3.3	122
18/05/2025	16:01:04	40.53929	141.55754	-58	11.1	2	10.2	120
18/05/2025	16:02:04	40.53911	141.55758	-56	7.4	3	3.2	125
18/05/2025	16:03:04	40.53897	141.55828	38	0.0	3	3.2	121
18/05/2025	16:04:03	40.53913	141.55795	4	3.7	3	3.2	149
18/05/2025	16:05:04	40.53912	141.55790	4	3.7	3	3.2	123
18/05/2025	16:06:03	40.53899	141.55798	2	0.0	3	3.1	125
18/05/2025	16:07:03	40.53904	141.55820	10	0.0	3	3.1	128
18/05/2025	16:08:04	40.53927	141.55755	-70	0.0	3	3.1	152
18/05/2025	16:09:04	40.53896	141.55810	36	0.0	3	3.1	148
18/05/2025	16:10:04	40.53898	141.55814	10	0.0	3	3.0	132
18/05/2025	16:11:03	40.53904	141.55808	18	0.0	3	3.0	135
18/05/2025	16:12:03	40.53902	141.55817	14	0.0	3	3.0	136
18/05/2025	16:13:02	40.53891	141.55842	76	0.0	3	3.0	157
18/05/2025	16:14:02	40.53915	141.55775	-28	3.7	3	2.4	152
18/05/2025	16:15:02	40.53904	141.55807	22	0.0	3	2.4	138
18/05/2025	16:16:03	40.53903	141.55803	4	0.0	3	2.4	134
18/05/2025	16:17:02	40.53914	141.55796	-6	0.0	3	2.4	156
18/05/2025	16:18:03	40.53915	141.55776	-28	0.0	2	10.2	160
18/05/2025	16:19:02	40.53856	141.55851	124	0.0	2	9.2	160
18/05/2025	16:20:02	40.53899	141.55818	26	0.0	3	2.3	158
18/05/2025	16:21:02	40.53902	141.55790	-24	0.0	3	2.3	161
18/05/2025	16:22:03	40.53902	141.55824	28	0.0	3	2.3	158
18/05/2025	16:23:02	40.53902	141.55810	30	0.0	2	6.3	160
18/05/2025	16:24:02	40.53907	141.55800	10	3.7	2	14.4	159
18/05/2025	16:25:01	40.53915	141.55769	-38	0.0	2	5.4	160
18/05/2025	16:26:02	40.53896	141.55825	30	0.0	2	5.3	162
18/05/2025	16:32:26	40.53906	141.55806	14	0.0	3	2.1	161
18/05/2025	16:33:02	40.53906	141.55806	32	0.0	2	4.0	163
18/05/2025	16:34:02	40.53908	141.55793	-12	0.0	2	3.4	161
18/05/2025	16:35:01	40.53907	141.55820	30	0.0	2	3.4	136
18/05/2025	16:36:02	40.53906	141.55779	-28	0.0	2	3.3	154
18/05/2025	16:37:02	40.53931	141.55771	-54	0.0	2	3.3	151
18/05/2025	16:38:02	40.53910	141.55788	-36	0.0	2	3.2	154
18/05/2025	16:39:01	40.53914	141.55787	-8	0.0	2	3.2	134
18/05/2025	16:40:01	40.53899	141.55801	-18	0.0	2	3.1	133
18/05/2025	16:41:02	40.53914	141.55787	-28	0.0	2	3.1	154
18/05/2025	16:42:03	40.53898	141.55810	30	0.0	2	3.0	133
18/05/2025	16:43:01	40.53897	141.55806	72	0.0	2	3.0	135
18/05/2025	16:44:02	40.53903	141.55817	44	0.0	2	3.0	135
18/05/2025	16:45:01	40.53899	141.55816	34	0.0	2	2.4	84
18/05/2025	16:46:02	40.53914	141.55781	-32	0.0	2	2.4	137
18/05/2025	16:47:02	40.53923	141.55761	-84	0.0	2	2.4	131
18/05/2025	16:48:03	40.53895	141.55815	44	0.0	2	2.4	133
18/05/2025	16:49:02	40.53912	141.55811	0	0.0	2	2.3	134
18/05/2025	16:50:03	40.53891	141.55821	42	0.0	2	2.3	134
18/05/2025	16:51:03	40.53901	141.55801	-2	0.0	2	2.3	133
18/05/2025	16:52:02	40.53923	141.55770	-68	0.0	2	2.3	133
18/05/2025	16:53:03	40.53904	141.55784	-4	0.0	2	2.3	136
18/05/2025	16:54:02	40.53928	141.55790	68	0.0	2	2.3	139
18/05/2025	16:55:03	40.53910	141.55778	-32	0.0	2	2.3	134
18/05/2025	16:56:03	40.53912	141.55790	-14	0.0	2	2.3	136
18/05/2025	16:57:03	40.53903	141.55797	-30	0.0	2	2.3	135
18/05/2025	16:58:03	40.53913	141.55806	42	0.0	2	2.3	137
18/05/2025	16:59:03	40.53905	141.55802	58	0.0	2	2.3	137
18/05/2025	17:00:04	40.53899	141.55811	60	0.0	2	2.4	138
18/05/2025	17:01:04	40.53906	141.55819	58	0.0	2	2.4	135
18/05/2025	17:02:06	40.53910	141.55812	58	0.0	2	3.0	138
18/05/2025	17:08:48	40.53909	141.55802	14	0.0	4	1.4	165
18/05/2025	17:09:01	40.53899	141.55801	28	0.0	2	3.4	138
18/05/2025	17:10:02	40.53910	141.55801	44	0.0	2	3.2	139
18/05/2025	17:11:04	40.53907	141.55798	22	0.0	4	1.4	178
18/05/2025	17:12:05	40.53909	141.55797	28	0.0	3	2.3	146
18/05/2025	17:13:01	40.53910	141.55804	62	0.0	2	2.4	131
18/05/2025	17:14:01	40.53892	141.55793	-212	0.0	2	2.3	141
18/05/2025	17:15:01	40.53910	141.55799	24	0.0	2	2.3	138
18/05/2025	17:16:02	40.53906	141.55800	8	0.0	2	2.2	140
18/05/2025	17:17:01	40.53897	141.55797	18	0.0	2	2.1	137
18/05/2025	17:18:01	40.53902	141.55802	48	0.0	2	2.1	142
18/05/2025	17:19:02	40.53909	141.55791	-6	0.0	2	2.1	135
18/05/2025	17:20:01	40.53911	141.55788	10	0.0	2	2.0	114
18/05/2025	17:21:01	40.53908	141.55790	64	0.0	2	2.0	136
18/05/2025	17:22:01	40.53904	141.55797	24	0.0	2	2.0	135
18/05/2025	17:23:03	40.53909	141.55797	-42	0.0	2	2.0	131
18/05/2025	17:24:02	40.53905	141.55806	22	0.0	2	2.0	131
18/05/2025	17:25:01	40.53892	141.55800	-20	0.0	2	2.0	110
18/05/2025	17:26:02	40.53906	141.55804	18	0.0	2	1.4	131
18/05/2025	17:27:02	40.53902	141.55793	-28	0.0	2	1.4	132
18/05/2025	17:28:02	40.53902	141.55800	-20	0.0	2	1.4	133
18/05/2025	17:29:02	40.53913	141.55805	-48	0.0	2	1.4	130
18/05/2025	17:30:02	40.53910	141.55802	12	0.0	2	1.4	148
18/05/2025	17:31:03	40.53899	141.55800	54	0.0	2	1.4	133
18/05/2025	17:32:02	40.53896	141.55795	22	0.0	2	1.4	107
18/05/2025	17:33:02	40.53904	141.55795	-30	0.0	2	1.4	130
18/05/2025	17:34:02	40.53900	141.55792	-56	0.0	2	1.4	130
18/05/2025	17:35:02	40.53912	141.55792	38	0.0	2	1.4	104
18/05/2025	17:36:02	40.53906	141.55804	-12	0.0	2	2.0	124
18/05/2025	17:37:02	40.53909	141.55812	38	0.0	2	2.0	83
18/05/2025	17:38:03	40.53910	141.55802	36	0.0	2	2.0	141
18/05/2025	17:39:02	40.53911	141.55789	-18	0.0	2	2.0	102
18/05/2025	17:40:02	40.53910	141.55785	6	0.0	2	2.0	102
18/05/2025	17:41:03	40.53900	141.55783	-20	0.0	2	2.0	105
18/05/2025	17:42:03	40.53909	141.55797	0	0.0	2	2.0	104
18/05/2025	17:43:03	40.53901	141.55794	4	0.0	2	2.0	105
18/05/2025	17:44:02	40.53895	141.55806	48	0.0	2	2.0	106
18/05/2025	17:45:04	40.53916	141.55797	-2	0.0	2	2.0	103
18/05/2025	17:46:03	40.53905	141.55785	14	0.0	2	2.0	128
18/05/2025	17:47:03	40.53900	141.55794	-6	0.0	2	2.1	110
18/05/2025	17:48:03	40.53908	141.55796	30	0.0	2	2.1	111
18/05/2025	17:49:03	40.53898	141.55798	16	0.0	2	2.1	107
18/05/2025	17:50:03	40.53897	141.55805	24	0.0	2	2.1	107
18/05/2025	17:51:04	40.53910	141.55797	0	0.0	2	2.1	104
18/05/2025	17:52:04	40.53917	141.55787	-10	0.0	2	2.1	103
18/05/2025	17:53:05	40.53890	141.55810	68	0.0	2	2.1	121
18/05/2025	17:54:04	40.53915	141.55784	-4	0.0	2	2.2	122
18/05/2025	17:55:04	40.53897	141.55798	64	0.0	2	2.2	102
18/05/2025	17:56:04	40.53898	141.55807	64	0.0	2	2.2	102
18/05/2025	17:57:04	40.53912	141.55795	2	0.0	2	2.2	124
18/05/2025	17:58:05	40.53919	141.55776	-28	0.0	2	2.3	124
18/05/2025	17:59:04	40.53911	141.55795	-0	0.0	2	2.3	106
18/05/2025	18:00:04	40.53904	141.55778	12	0.0	2	2.3	128
18/05/2025	18:01:02	40.53904	141.55813	26	0.0	2	2.3	81
18/05/2025	18:02:02	40.53914	141.55794	-12	0.0	2	2.4	107
18/05/2025	18:03:03	40.53901	141.55828	30	0.0	2	2.4	129
18/05/2025	18:04:04	40.53900	141.55809	8	0.0	2	2.4	130
18/05/2025	18:05:02	40.53913	141.55783	-18	0.0	2	3.0	132
18/05/2025	18:06:05	40.53901	141.55811	34	0.0	2	3.0	131
18/05/2025	18:07:04	40.53917	141.55795	4	0.0	2	3.0	134
18/05/2025	18:08:03	40.53918	141.55797	-14	0.0	2	3.1	155
18/05/2025	18:09:05	40.53914	141.55793	-18	0.0	2	3.1	132
18/05/2025	18:10:04	40.53902	141.55803	22	0.0	2	3.2	134
18/05/2025	18:11:03	40.53904	141.55794	6	0.0	2	3.2	136
18/05/2025	18:12:05	40.53929	141.55776	-38	0.0	2	3.3	138
18/05/2025	18:13:03	40.53885	141.55828	64	0.0	2	3.3	137
18/05/2025	18:14:02	40.53896	141.55805	22	0.0	2	3.4	139
18/05/2025	18:15:03	40.53916	141.55785	-14	0.0	2	4.0	143
18/05/2025	18:16:04	40.53898	141.55809	22	0.0	2	4.1	142
18/05/2025	18:17:02	40.53922	141.55761	-30	0.0	2	4.1	142
18/05/2025	18:18:04	40.53908	141.55802	10	0.0	2	4.2	140
18/05/2025	18:19:03	40.53905	141.55818	4	0.0	2	4.3	162
18/05/2025	18:20:03	40.53907	141.55791	8	0.0	2	4.4	143
18/05/2025	18:21:03	40.53917	141.55793	6	0.0	2	5.0	142
18/05/2025	18:22:03	40.53914	141.55782	-10	0.0	2	5.1	142
18/05/2025	18:23:03	40.53886	141.55836	42	0.0	2	5.3	163
18/05/2025	18:24:02	40.53921	141.55801	-30	0.0	2	5.4	144
18/05/2025	18:25:04	40.53882	141.55861	52	0.0	2	6.1	163
18/05/2025	18:26:04	40.53902	141.55796	12	0.0	2	6.3	163
18/05/2025	18:27:04	40.53896	141.55845	24	0.0	2	7.0	163
18/05/2025	18:28:03	40.53877	141.55864	48	3.7	2	7.2	185
18/05/2025	18:29:17	40.53901	141.55807	18	0.0	2	8.0	160
18/05/2025	18:30:03	40.53923	141.55765	-16	0.0	2	8.2	186
18/05/2025	18:31:03	40.53903	141.55823	14	0.0	2	9.0	182
18/05/2025	18:32:02	40.53885	141.55826	36	0.0	2	9.4	201
18/05/2025	18:33:02	40.53918	141.55783	-12	0.0	2	10.3	162
18/05/2025	18:34:03	40.53957	141.55688	-74	11.1	2	11.4	185
18/05/2025	18:35:03	40.53874	141.55861	72	3.7	2	13.0	161
18/05/2025	18:36:02	40.53920	141.55769	10	0.0	2	14.3	186
18/05/2025	18:37:07	40.53891	141.55824	34	7.4	2	16.3	194
18/05/2025	18:38:07	40.53930	141.55749	-30	0.0	2	19.1	190
18/05/2025	18:39:09	40.53849	141.55917	96	3.7	2	22.3	191
18/05/2025	18:40:33	40.53907	141.55799	6	0.0	4	1.4	196
18/05/2025	18:41:03	40.53917	141.55807	-16	0.0	4	1.4	196
18/05/2025	18:42:03	40.53896	141.55812	14	0.0	3	4.0	177
18/05/2025	18:43:03	40.53934	141.55811	-40	0.0	3	4.0	180
18/05/2025	18:44:03	40.53900	141.55800	18	0.0	4	1.4	196
18/05/2025	18:45:03	40.53910	141.55811	0	0.0	4	1.4	178
18/05/2025	18:46:02	40.53894	141.55780	-88	11.1	2	5.0	133
18/05/2025	18:47:04	40.53909	141.55798	-0	0.0	3	1.4	146
18/05/2025	18:48:04	40.53909	141.55799	-0	3.7	2	4.1	142
18/05/2025	18:49:05	40.53926	141.55824	74	14.8	3	4.0	138
18/05/2025	18:55:36	40.53919	141.55822	68	3.7	4	1.4	163
18/05/2025	18:56:05	40.53916	141.55804	12	3.7	3	4.2	159
18/05/2025	18:57:04	40.53926	141.55782	-88	0.0	2	5.3	125
18/05/2025	18:58:04	40.53915	141.55773	-116	0.0	2	5.4	119
18/05/2025	18:59:04	40.53935	141.55841	66	0.0	2	5.4	124
18/05/2025	19:00:04	40.53912	141.55812	22	3.7	2	5.4	160
18/05/2025	19:01:03	40.53889	141.55765	-62	0.0	3	4.4	130
18/05/2025	19:02:04	40.53901	141.55776	-0	0.0	3	4.4	128
18/05/2025	19:03:03	40.53906	141.55803	26	0.0	2	6.0	152
18/05/2025	19:04:03	40.53913	141.55796	-10	0.0	2	6.1	125
18/05/2025	19:05:05	40.53904	141.55804	28	0.0	3	5.0	148
18/05/2025	19:06:04	40.53919	141.55797	-22	0.0	2	6.1	148
18/05/2025	19:12:47	40.53906	141.55796	0	0.0	3	5.3	187
18/05/2025	19:13:02	40.53892	141.55788	28	0.0	2	6.2	151
18/05/2025	19:14:04	40.53904	141.55773	-60	0.0	2	6.2	150
18/05/2025	19:15:04	40.53890	141.55754	-30	0.0	2	6.3	150
18/05/2025	19:16:03	40.53902	141.55773	-24	0.0	2	6.3	176
18/05/2025	19:17:03	40.53920	141.55804	-16	0.0	2	6.3	148
18/05/2025	19:18:03	40.53896	141.55769	-34	0.0	2	6.3	169
18/05/2025	19:19:02	40.53886	141.55780	-2	0.0	2	6.3	86
18/05/2025	19:20:04	40.53928	141.55801	-12	0.0	2	6.3	191
18/05/2025	19:21:03	40.53887	141.55780	16	0.0	2	6.3	128
18/05/2025	19:22:04	40.53921	141.55823	-16	0.0	2	6.3	145
18/05/2025	19:23:04	40.53899	141.55765	-22	0.0	2	6.3	146
18/05/2025	19:24:04	40.53878	141.55746	-4	7.4	2	6.3	149
18/05/2025	19:25:04	40.53896	141.55776	-20	3.7	2	6.3	169
18/05/2025	19:26:04	40.53879	141.55779	28	3.7	2	6.3	170
18/05/2025	19:27:04	40.53919	141.55781	-30	0.0	2	6.3	151
18/05/2025	19:28:06	40.53912	141.55793	-4	3.7	2	6.3	169
18/05/2025	19:35:09	40.53909	141.55797	2	0.0	3	2.4	146
18/05/2025	19:36:03	40.53951	141.55773	-42	0.0	1	14.2	110
18/05/2025	19:37:03	40.54014	141.55805	-128	0.0	2	11.4	132
18/05/2025	19:38:05	40.53899	141.55810	22	0.0	2	11.1	122
18/05/2025	19:39:02	40.53874	141.55781	44	0.0	2	10.4	106
18/05/2025	19:40:04	40.53979	141.55802	-88	0.0	2	10.2	83
18/05/2025	19:41:03	40.53892	141.55807	32	0.0	2	10.0	108
18/05/2025	19:42:02	40.53938	141.55791	-20	3.7	1	11.0	87
18/05/2025	19:43:02	40.53964	141.55797	-72	0.0	2	9.2	130
18/05/2025	19:44:21	40.53956	141.55798	-56	0.0	3	2.4	148
18/05/2025	19:45:02	40.53898	141.55807	2	0.0	2	8.4	111
18/05/2025	19:46:03	40.53932	141.55796	-26	0.0	2	8.2	113
18/05/2025	19:47:02	40.53946	141.55789	-38	0.0	2	8.1	113
18/05/2025	19:48:02	40.53834	141.55795	96	0.0	2	8.0	134
18/05/2025	19:49:02	40.53897	141.55806	4	0.0	2	7.4	116
18/05/2025	19:50:02	40.53908	141.55803	-18	0.0	2	7.3	134
18/05/2025	19:51:02	40.53873	141.55798	36	0.0	2	7.2	110
18/05/2025	19:52:03	40.53916	141.55799	-4	0.0	2	7.1	155
18/05/2025	19:53:03	40.53941	141.55791	-50	0.0	2	7.0	158
18/05/2025	19:54:02	40.53935	141.55795	-34	0.0	1	9.1	114
18/05/2025	20:00:27	40.53910	141.55797	-0	0.0	3	2.4	158
18/05/2025	20:01:02	40.53917	141.55793	-20	0.0	3	2.4	136
18/05/2025	20:02:02	40.53918	141.55803	-2	0.0	3	2.4	134
18/05/2025	20:03:03	40.53924	141.55800	-30	0.0	3	3.0	173
18/05/2025	20:04:02	40.53904	141.55806	18	0.0	2	3.1	150
18/05/2025	20:05:02	40.53917	141.55786	-4	0.0	3	3.0	149
18/05/2025	20:06:02	40.53903	141.55807	6	0.0	2	3.0	158
18/05/2025	20:07:02	40.53936	141.55792	-62	0.0	2	3.1	157
18/05/2025	20:08:02	40.53941	141.55786	-82	0.0	2	3.1	161
18/05/2025	20:09:02	40.53912	141.55793	-24	0.0	2	3.1	166
18/05/2025	20:10:03	40.53905	141.55789	-14	0.0	3	3.0	181
18/05/2025	20:11:03	40.53922	141.55798	-22	0.0	3	3.0	181
18/05/2025	20:12:03	40.53898	141.55792	24	0.0	3	3.0	185
18/05/2025	20:13:03	40.53906	141.55794	-4	0.0	3	3.0	186
18/05/2025	20:14:02	40.53899	141.55809	36	0.0	2	3.2	182
18/05/2025	20:15:03	40.53907	141.55797	-0	0.0	3	3.1	185
18/05/2025	20:16:03	40.53902	141.55798	16	0.0	3	3.1	184
18/05/2025	20:17:03	40.53910	141.55786	2	0.0	3	3.1	183
18/05/2025	20:18:03	40.53894	141.55797	22	0.0	3	3.1	185
18/05/2025	20:19:03	40.53896	141.55818	24	0.0	2	4.2	187
18/05/2025	20:20:03	40.53922	141.55788	-26	0.0	3	3.1	163
18/05/2025	20:21:03	40.53900	141.55799	22	0.0	2	4.2	185
18/05/2025	20:22:03	40.53908	141.55793	0	0.0	2	4.2	161
18/05/2025	20:23:03	40.53904	141.55804	0	0.0	3	3.1	158
18/05/2025	20:24:03	40.53916	141.55802	-32	3.7	1	5.0	151
18/05/2025	20:25:04	40.53916	141.55808	-6	0.0	2	4.2	149
18/05/2025	20:26:03	40.53909	141.55788	-2	0.0	2	4.2	164
18/05/2025	20:27:03	40.53940	141.55751	-64	0.0	2	4.2	160
18/05/2025	20:28:03	40.53904	141.55797	4	0.0	2	4.2	160
18/05/2025	20:29:03	40.53896	141.55828	38	0.0	2	4.2	160
18/05/2025	20:30:02	40.53921	141.55797	-14	0.0	2	7.1	141
18/05/2025	20:31:03	40.53908	141.55807	12	0.0	2	4.2	157
18/05/2025	20:32:03	40.53921	141.55783	-24	0.0	2	4.2	158
18/05/2025	20:33:03	40.53925	141.55778	-32	0.0	2	4.2	157
18/05/2025	20:34:02	40.53916	141.55791	-20	3.7	2	4.2	154
18/05/2025	20:35:03	40.53908	141.55799	4	0.0	2	4.2	136
18/05/2025	20:36:03	40.53906	141.55798	6	0.0	2	4.2	137
18/05/2025	20:37:03	40.53918	141.55781	-4	0.0	2	4.3	138
18/05/2025	20:38:02	40.53902	141.55811	20	0.0	2	4.2	139
18/05/2025	20:39:03	40.53874	141.55832	62	0.0	2	4.2	138
18/05/2025	20:40:03	40.53903	141.55816	22	0.0	3	3.1	138
18/05/2025	20:41:04	40.53908	141.55807	6	0.0	3	3.1	136
18/05/2025	20:42:02	40.53911	141.55789	-12	0.0	3	3.1	136
18/05/2025	20:43:03	40.53855	141.55846	164	0.0	2	7.3	130
18/05/2025	20:44:05	40.53899	141.55786	22	0.0	3	3.1	131
18/05/2025	20:45:04	40.53921	141.55786	-30	0.0	3	3.0	127
18/05/2025	20:46:05	40.53887	141.55798	44	0.0	3	3.0	128
18/05/2025	20:47:04	40.53916	141.55793	-2	0.0	3	3.0	129
18/05/2025	20:48:03	40.53891	141.55806	44	0.0	3	3.0	106
18/05/2025	20:49:04	40.53915	141.55790	-32	0.0	3	3.0	106
18/05/2025	20:50:03	40.53920	141.55793	-28	0.0	2	8.4	127
18/05/2025	20:51:04	40.53950	141.55763	-120	0.0	2	8.4	105
18/05/2025	20:52:03	40.53860	141.55830	134	0.0	2	8.4	85
18/05/2025	20:53:04	40.53882	141.55807	68	0.0	2	8.3	86
18/05/2025	20:54:22	40.53903	141.55801	10	0.0	3	3.0	135
18/05/2025	20:55:03	40.53872	141.55818	76	0.0	2	8.2	107
18/05/2025	20:56:43	40.53900	141.55804	20	0.0	2	8.0	140
18/05/2025	20:57:03	40.53916	141.55797	-0	0.0	2	7.4	108
18/05/2025	20:58:03	40.53883	141.55803	44	0.0	2	7.3	108
18/05/2025	20:59:04	40.53949	141.55778	-78	7.4	2	7.2	128
18/05/2025	21:00:06	40.53941	141.55776	-72	0.0	2	2.1	110
18/05/2025	21:07:25	40.53897	141.55805	26	0.0	2	6.1	161
18/05/2025	21:08:03	40.53911	141.55799	-10	3.7	2	6.0	133
18/05/2025	21:09:03	40.53899	141.55805	32	0.0	2	5.4	133
18/05/2025	21:10:05	40.53903	141.55797	12	0.0	2	5.2	151
18/05/2025	21:11:05	40.53849	141.55832	132	0.0	2	5.1	131
18/05/2025	21:17:43	40.53899	141.55805	22	0.0	2	4.2	148
18/05/2025	21:18:02	40.53898	141.55804	18	0.0	2	4.1	161
18/05/2025	21:19:03	40.53900	141.55797	18	0.0	2	4.1	138
18/05/2025	21:20:03	40.53923	141.55793	-28	0.0	2	4.0	138
18/05/2025	21:21:03	40.53916	141.55793	-12	0.0	2	4.0	158
18/05/2025	21:22:03	40.53878	141.55807	64	0.0	2	4.0	140
18/05/2025	21:23:03	40.53880	141.55801	50	0.0	2	3.4	162
18/05/2025	21:24:04	40.53889	141.55810	36	3.7	2	3.4	180
18/05/2025	21:25:04	40.53898	141.55798	30	0.0	2	3.4	183
18/05/2025	21:26:03	40.53890	141.55806	36	0.0	2	3.3	163
18/05/2025	21:27:04	40.53870	141.55818	74	0.0	2	3.3	188
18/05/2025	21:28:04	40.53926	141.55788	-22	0.0	2	3.3	185
18/05/2025	21:29:04	40.53924	141.55803	-28	0.0	2	3.2	204
18/05/2025	21:30:04	40.53923	141.55785	-22	3.7	2	3.2	165
18/05/2025	21:31:04	40.53886	141.55801	42	3.7	2	3.2	183
18/05/2025	21:32:05	40.53877	141.55812	56	0.0	2	3.2	181
18/05/2025	21:33:04	40.53906	141.55802	12	3.7	2	3.2	163
18/05/2025	21:34:03	40.53907	141.55800	14	3.7	2	3.1	183
18/05/2025	21:35:04	40.53909	141.55809	4	3.7	2	3.1	181
18/05/2025	21:36:04	40.53897	141.55795	30	3.7	2	3.1	161
18/05/2025	21:37:04	40.53880	141.55798	56	0.0	2	3.1	141
18/05/2025	21:38:04	40.53897	141.55806	30	3.7	2	3.1	159
18/05/2025	21:39:05	40.53924	141.55782	-22	11.1	2	3.1	136
18/05/2025	21:40:08	40.53850	141.55819	100	3.7	2	3.0	149
18/05/2025	21:41:04	40.53896	141.55800	28	0.0	2	3.0	179
18/05/2025	21:42:05	40.53938	141.55788	-20	0.0	2	3.0	178
18/05/2025	21:43:05	40.53914	141.55791	4	3.7	2	3.0	132
18/05/2025	21:44:08	40.53909	141.55796	6	0.0	2	3.0	175
18/05/2025	21:45:05	40.53881	141.55793	34	0.0	2	3.0	152
18/05/2025	21:46:11	40.53908	141.55797	12	3.7	2	3.0	184
18/05/2025	21:47:08	40.53903	141.55798	10	0.0	1	2.1	166
18/05/2025	21:48:12	40.53906	141.55790	-10	7.4	2	3.0	167
18/05/2025	21:49:33	40.53905	141.55800	2	3.7	4	2.1	166
18/05/2025	21:50:03	40.53903	141.55800	6	0.0	2	2.2	132
18/05/2025	21:51:04	40.53893	141.55801	24	0.0	3	5.0	148
18/05/2025	21:52:03	40.53904	141.55796	26	0.0	3	4.4	133
18/05/2025	21:53:03	40.53900	141.55798	26	0.0	2	2.2	149
18/05/2025	21:54:03	40.53908	141.55800	12	0.0	3	2.1	131
18/05/2025	21:55:04	40.53902	141.55796	32	3.7	3	2.1	130
18/05/2025	21:56:04	40.53921	141.55799	-6	0.0	3	2.1	130
18/05/2025	21:57:04	40.53889	141.55806	52	3.7	3	4.1	109
18/05/2025	21:58:03	40.53904	141.55804	-4	3.7	2	2.2	128
18/05/2025	21:59:04	40.53919	141.55799	20	0.0	2	2.2	146
18/05/2025	22:00:04	40.53903	141.55799	-32	0.0	3	2.1	125
18/05/2025	22:01:04	40.53912	141.55803	18	0.0	3	2.1	129
18/05/2025	22:02:03	40.53905	141.55791	-12	0.0	2	2.2	125
18/05/2025	22:03:04	40.53902	141.55802	8	0.0	3	2.1	130
18/05/2025	22:04:03	40.53902	141.55796	-6	0.0	2	2.2	149
18/05/2025	22:05:04	40.53890	141.55801	20	0.0	3	2.1	143
18/05/2025	22:06:04	40.53901	141.55806	40	0.0	3	2.1	145
18/05/2025	22:07:05	40.53894	141.55792	40	0.0	3	2.1	145
18/05/2025	22:08:04	40.53900	141.55801	30	0.0	2	3.0	150
18/05/2025	22:09:03	40.53885	141.55810	50	0.0	2	3.0	172
18/05/2025	22:10:04	40.53913	141.55805	-24	0.0	4	2.0	152
18/05/2025	22:11:03	40.53897	141.55801	36	0.0	2	3.0	131
18/05/2025	22:12:06	40.53905	141.55794	-20	0.0	2	3.0	140
18/05/2025	22:13:06	40.53890	141.55812	104	0.0	3	3.0	146
18/05/2025	22:14:04	40.53908	141.55792	30	0.0	3	3.0	170
18/05/2025	22:20:27	40.53907	141.55799	-0	0.0	4	2.0	148
18/05/2025	22:21:02	40.53900	141.55787	-22	0.0	3	3.0	164
18/05/2025	22:22:05	40.53890	141.55804	86	0.0	3	3.0	160
18/05/2025	22:23:03	40.53882	141.55817	160	0.0	3	3.0	162
18/05/2025	22:24:06	40.53898	141.55810	38	0.0	4	2.0	160
18/05/2025	22:25:03	40.53898	141.55800	58	0.0	4	2.0	166
18/05/2025	22:26:04	40.53908	141.55799	8	0.0	4	2.0	166
18/05/2025	22:27:04	40.53908	141.55804	10	0.0	4	2.0	165
18/05/2025	22:28:04	40.53902	141.55797	14	0.0	4	2.0	165
18/05/2025	22:29:04	40.53914	141.55801	-10	0.0	4	2.0	165
18/05/2025	22:30:05	40.53908	141.55793	-14	3.7	4	2.0	163
18/05/2025	22:31:04	40.53910	141.55789	-20	0.0	4	2.0	166
18/05/2025	22:32:03	40.53911	141.55806	14	0.0	3	3.3	165
18/05/2025	22:33:03	40.53882	141.55828	144	0.0	3	3.3	168
18/05/2025	22:34:04	40.53899	141.55810	92	0.0	3	3.4	163
18/05/2025	22:35:05	40.53901	141.55805	82	0.0	3	3.4	164
18/05/2025	22:36:04	40.53896	141.55818	80	0.0	3	4.0	160
18/05/2025	22:37:04	40.53935	141.55759	-138	0.0	3	4.1	189
18/05/2025	22:38:03	40.53924	141.55755	-132	0.0	3	4.1	191
18/05/2025	22:39:03	40.53907	141.55793	8	0.0	3	4.2	168
18/05/2025	22:40:04	40.53892	141.55822	112	0.0	3	4.3	187
18/05/2025	22:41:03	40.53887	141.55831	140	0.0	3	4.4	188
18/05/2025	22:42:03	40.53923	141.55769	-86	0.0	3	4.4	188
18/05/2025	22:43:03	40.53910	141.55789	-38	0.0	3	5.0	189
18/05/2025	22:44:03	40.53901	141.55807	44	0.0	3	5.1	169
18/05/2025	22:45:03	40.53912	141.55793	-6	0.0	3	5.2	203
18/05/2025	22:46:05	40.53884	141.55858	224	0.0	3	5.3	181
18/05/2025	22:47:03	40.53898	141.55832	96	0.0	3	5.4	178
18/05/2025	22:48:03	40.53920	141.55775	-80	0.0	3	6.0	141
18/05/2025	22:49:04	40.53908	141.55807	6	0.0	3	6.1	183
18/05/2025	22:50:03	40.53920	141.55792	-46	0.0	3	6.2	142
18/05/2025	22:51:03	40.53906	141.55804	-24	0.0	3	6.3	140
18/05/2025	22:52:04	40.53891	141.55851	136	0.0	3	6.4	156
18/05/2025	22:53:04	40.53906	141.55789	2	0.0	3	7.0	157
18/05/2025	22:54:03	40.53902	141.55816	66	0.0	3	7.1	156
18/05/2025	22:55:05	40.53907	141.55787	-2	0.0	3	7.2	185
18/05/2025	22:56:03	40.53893	141.55850	126	0.0	3	7.3	153
18/05/2025	23:02:51	40.53905	141.55803	12	0.0	4	2.3	208
18/05/2025	23:03:01	40.53906	141.55847	58	0.0	3	1.3	126
18/05/2025	23:04:03	40.53918	141.55783	-6	3.7	1	5.0	148
18/05/2025	23:05:03	40.53897	141.55790	-90	0.0	1	5.1	167
18/05/2025	23:06:19	40.53904	141.55819	36	0.0	4	2.3	192
18/05/2025	23:07:03	40.53917	141.55766	-68	0.0	2	4.4	165
18/05/2025	23:08:03	40.53892	141.55831	74	0.0	3	5.0	147
18/05/2025	23:09:03	40.53948	141.55763	-98	0.0	2	5.3	166
18/05/2025	23:10:03	40.53901	141.55825	50	0.0	2	5.4	186
18/05/2025	23:11:03	40.53909	141.55814	12	3.7	3	5.2	192
18/05/2025	23:12:03	40.53909	141.55790	8	7.4	2	9.2	190
18/05/2025	23:13:04	40.53917	141.55811	50	0.0	3	5.4	185
18/05/2025	23:14:04	40.53897	141.55857	94	0.0	3	6.0	188
18/05/2025	23:15:03	40.53898	141.55822	40	0.0	2	10.2	166
18/05/2025	23:16:04	40.53900	141.55802	14	0.0	2	10.4	188
18/05/2025	23:17:38	40.53898	141.55825	42	0.0	3	6.3	195
18/05/2025	23:18:03	40.53924	141.55728	-78	0.0	2	11.4	192
18/05/2025	23:19:06	40.53893	141.55835	70	0.0	2	7.2	186
18/05/2025	23:20:04	40.53916	141.55768	-48	0.0	2	12.3	169
18/05/2025	23:21:34	40.53907	141.55800	4	0.0	4	2.2	165
18/05/2025	23:22:03	40.53932	141.55762	-2	0.0	2	5.4	153
18/05/2025	23:23:04	40.53914	141.55785	-6	0.0	2	2.4	150
18/05/2025	23:24:02	40.53891	141.55824	28	0.0	2	6.0	105
18/05/2025	23:25:02	40.53912	141.55802	-2	0.0	2	6.0	130
18/05/2025	23:26:02	40.53900	141.55780	-10	0.0	2	6.1	80
18/05/2025	23:27:02	40.53925	141.55773	10	0.0	1	6.3	108
18/05/2025	23:28:03	40.53896	141.55805	6	0.0	3	3.0	153
18/05/2025	23:29:02	40.53911	141.55809	20	0.0	2	6.0	154
18/05/2025	23:30:03	40.53918	141.55794	-6	0.0	2	6.1	150
18/05/2025	23:31:02	40.53893	141.55812	16	0.0	2	6.1	148
18/05/2025	23:32:02	40.53925	141.55782	-14	0.0	2	6.1	170
18/05/2025	23:33:02	40.53907	141.55813	42	0.0	2	6.1	131
18/05/2025	23:34:03	40.53883	141.55825	34	0.0	2	6.1	151
18/05/2025	23:35:03	40.53918	141.55798	8	0.0	2	6.3	148
18/05/2025	23:36:03	40.53871	141.55840	20	0.0	2	6.1	103
18/05/2025	23:37:04	40.53905	141.55800	-2	0.0	2	6.1	160
18/05/2025	23:38:03	40.53905	141.55800	6	0.0	2	6.1	162
18/05/2025	23:39:03	40.53903	141.55802	10	0.0	2	6.1	165
18/05/2025	23:40:03	40.53885	141.55828	-2	0.0	2	6.2	145
18/05/2025	23:41:04	40.53889	141.55826	-4	0.0	3	4.1	120
18/05/2025	23:42:03	40.53895	141.55802	8	0.0	2	6.2	102
18/05/2025	23:43:04	40.53891	141.55826	8	0.0	3	4.2	123
18/05/2025	23:44:03	40.53884	141.55822	56	0.0	2	6.2	161
18/05/2025	23:45:05	40.53923	141.55790	-12	0.0	2	7.0	144
18/05/2025	23:46:03	40.53896	141.55798	34	0.0	2	7.0	151
18/05/2025	23:47:03	40.53921	141.55780	-30	0.0	2	7.0	146
18/05/2025	23:48:04	40.53910	141.55822	-36	0.0	2	7.0	140
18/05/2025	23:49:02	40.53925	141.55798	-24	0.0	2	7.0	148
18/05/2025	23:50:03	40.53900	141.55787	16	0.0	2	6.4	104
18/05/2025	23:51:03	40.53916	141.55773	6	0.0	2	6.4	106
18/05/2025	23:52:03	40.53899	141.55797	12	0.0	2	6.4	105
18/05/2025	23:53:02	40.53864	141.55853	24	0.0	2	6.4	106
18/05/2025	23:54:02	40.53871	141.55857	70	0.0	2	6.4	106
18/05/2025	23:55:02	40.53932	141.55755	-20	0.0	2	6.3	87
18/05/2025	23:56:02	40.53889	141.55831	38	0.0	2	6.3	85
18/05/2025	23:57:02	40.53906	141.55800	48	0.0	2	6.3	85
18/05/2025	23:58:02	40.53915	141.55783	76	0.0	2	6.3	86
18/05/2025	23:59:02	40.53887	141.55785	62	0.0	2	6.3	84
19/05/2025	00:05:39	40.53885	141.55828	10	11.1	3	2.4	197
19/05/2025	00:06:03	40.53917	141.55785	-20	0.0	2	9.4	173
19/05/2025	00:07:05	40.53945	141.55744	20	0.0	2	10.0	170
19/05/2025	00:08:03	40.53925	141.55785	10	0.0	2	10.0	175
19/05/2025	00:09:02	40.53849	141.55859	-16	3.7	2	10.1	156
19/05/2025	00:10:03	40.53867	141.55853	-18	3.7	2	10.2	154
19/05/2025	00:11:04	40.53966	141.55725	44	3.7	2	10.2	169
19/05/2025	00:12:54	40.53903	141.55799	0	0.0	3	2.3	170
19/05/2025	00:13:03	40.53845	141.55856	-10	3.7	1	10.4	114
19/05/2025	00:14:07	40.53856	141.55865	-6	0.0	1	16.1	137
19/05/2025	00:15:08	40.53920	141.55769	-12	0.0	2	10.4	133
19/05/2025	00:16:04	40.53877	141.55831	10	0.0	1	16.0	143
19/05/2025	00:17:05	40.53928	141.55765	-18	3.7	1	16.0	138
19/05/2025	00:18:53	40.53891	141.55813	-22	0.0	2	10.4	145
19/05/2025	00:19:08	40.53919	141.55797	50	14.8	1	11.0	133
19/05/2025	00:20:05	40.53841	141.55853	-82	7.4	2	11.0	151
19/05/2025	00:21:08	40.53959	141.55710	-74	0.0	1	11.0	138
19/05/2025	00:22:04	40.53872	141.55818	-36	3.7	1	16.1	121
19/05/2025	00:23:05	40.53892	141.55806	-14	3.7	1	16.2	119
19/05/2025	00:24:07	40.54000	141.55746	118	14.8	1	16.3	90
19/05/2025	00:25:34	40.53908	141.55793	-0	0.0	3	2.3	153
19/05/2025	00:26:05	40.53901	141.55794	8	0.0	2	3.2	137
19/05/2025	00:27:16	40.53910	141.55787	0	0.0	3	2.2	143
19/05/2025	00:28:05	40.53853	141.55874	82	0.0	2	6.4	109
19/05/2025	00:29:06	40.53926	141.55764	-26	0.0	2	3.1	128
19/05/2025	00:30:04	40.53901	141.55802	14	0.0	2	3.0	142
19/05/2025	00:31:04	40.53914	141.55780	-0	0.0	2	3.0	140
19/05/2025	00:32:04	40.53903	141.55805	2	0.0	3	2.2	124
19/05/2025	00:33:04	40.53909	141.55793	-0	0.0	3	2.2	146
19/05/2025	00:34:04	40.53900	141.55804	10	0.0	3	2.1	125
19/05/2025	00:35:04	40.53901	141.55800	22	0.0	3	2.1	147
19/05/2025	00:36:03	40.53890	141.55833	44	0.0	2	6.4	127
19/05/2025	00:37:04	40.53953	141.55733	-72	14.8	2	6.4	125
19/05/2025	00:38:04	40.53867	141.55847	84	3.7	2	6.3	109
19/05/2025	00:39:04	40.53897	141.55814	22	0.0	2	7.1	111
19/05/2025	00:40:06	40.53893	141.55814	34	0.0	2	6.3	112
19/05/2025	00:41:05	40.53892	141.55809	36	0.0	2	6.3	110
19/05/2025	00:42:05	40.53902	141.55806	22	0.0	2	6.3	141
19/05/2025	00:43:03	40.53907	141.55803	8	0.0	2	6.3	135
19/05/2025	00:44:03	40.53851	141.55854	136	0.0	2	7.0	131
19/05/2025	00:45:03	40.53884	141.55809	54	0.0	2	7.0	132
19/05/2025	00:46:17	40.53908	141.55793	-2	0.0	3	2.0	182
19/05/2025	00:47:03	40.53892	141.55817	40	0.0	2	7.0	155
19/05/2025	00:48:03	40.53921	141.55777	-58	0.0	2	6.3	158
19/05/2025	00:49:02	40.53893	141.55804	10	0.0	2	6.4	160
19/05/2025	00:50:03	40.53884	141.55832	70	0.0	2	6.3	160
19/05/2025	00:51:03	40.53895	141.55811	16	0.0	2	6.3	158
19/05/2025	00:52:04	40.53915	141.55804	10	0.0	2	6.3	155
19/05/2025	00:53:04	40.53881	141.55824	62	0.0	2	6.3	137
19/05/2025	00:54:04	40.53881	141.55830	78	0.0	2	6.3	155
19/05/2025	00:55:04	40.53900	141.55827	58	0.0	2	6.3	136
19/05/2025	00:56:03	40.53914	141.55784	-28	0.0	2	6.3	132
19/05/2025	00:57:03	40.53884	141.55831	60	0.0	2	6.4	174
19/05/2025	00:58:04	40.53903	141.55791	-8	7.4	2	6.4	128
19/05/2025	00:59:03	40.53897	141.55839	36	0.0	2	6.4	133
19/05/2025	01:00:17	40.53896	141.55809	26	0.0	3	2.0	157
19/05/2025	01:01:05	40.53895	141.55812	20	0.0	2	7.0	130
19/05/2025	01:02:03	40.53891	141.55841	112	0.0	2	7.0	137
19/05/2025	01:03:03	40.53931	141.55773	-36	0.0	2	7.1	157
19/05/2025	01:04:03	40.53917	141.55776	-38	0.0	2	7.1	153
19/05/2025	01:05:05	40.53929	141.55791	-20	0.0	2	7.2	128
19/05/2025	01:06:04	40.53877	141.55838	102	0.0	2	7.3	152
19/05/2025	01:07:04	40.53876	141.55873	100	0.0	2	7.3	150
19/05/2025	01:08:06	40.53919	141.55775	-46	3.7	2	7.4	151
19/05/2025	01:09:04	40.53899	141.55824	50	0.0	2	8.0	153
19/05/2025	01:10:04	40.53894	141.55796	18	0.0	2	8.2	153
19/05/2025	01:11:05	40.53885	141.55891	166	0.0	2	8.3	167
19/05/2025	01:12:05	40.53858	141.55912	204	0.0	2	9.0	169
19/05/2025	01:13:05	40.53900	141.55809	20	7.4	2	9.2	164
19/05/2025	01:14:10	40.53903	141.55822	44	11.1	2	9.4	168
19/05/2025	01:21:10	40.53908	141.55794	0	0.0	3	2.2	163
19/05/2025	01:22:04	40.53915	141.55764	-14	0.0	1	3.4	132
19/05/2025	01:23:03	40.53908	141.55787	-8	0.0	1	3.4	152
19/05/2025	01:24:02	40.53919	141.55776	-10	0.0	1	3.4	122
19/05/2025	01:25:04	40.53901	141.55806	2	0.0	3	2.1	138
19/05/2025	01:26:03	40.53913	141.55779	-0	0.0	2	2.2	143
19/05/2025	01:27:03	40.53898	141.55805	6	0.0	1	3.3	99
19/05/2025	01:28:02	40.53909	141.55782	-8	0.0	1	3.3	124
19/05/2025	01:29:04	40.53900	141.55802	-2	3.7	2	2.2	120
19/05/2025	01:30:04	40.53912	141.55788	-2	0.0	2	2.2	118
19/05/2025	01:31:02	40.53908	141.55812	-6	0.0	1	3.3	98
19/05/2025	01:32:03	40.53898	141.55828	26	0.0	2	2.2	124
19/05/2025	01:33:02	40.53912	141.55788	-32	0.0	2	2.2	128
19/05/2025	01:34:03	40.53904	141.55801	6	0.0	2	2.2	147
19/05/2025	01:35:02	40.53911	141.55793	-2	0.0	2	2.2	96
19/05/2025	01:36:02	40.53907	141.55792	-4	0.0	2	2.2	130
19/05/2025	01:37:02	40.53906	141.55792	-2	0.0	2	2.2	127
19/05/2025	01:38:03	40.53906	141.55791	-2	0.0	2	2.2	149
19/05/2025	01:39:03	40.53908	141.55797	6	0.0	1	3.3	128
19/05/2025	01:40:02	40.53900	141.55798	10	0.0	2	2.2	110
19/05/2025	01:41:03	40.53907	141.55801	14	0.0	2	2.2	160
19/05/2025	01:42:03	40.53910	141.55801	-2	0.0	2	2.2	169
19/05/2025	01:43:03	40.53907	141.55791	-4	0.0	2	2.2	147
19/05/2025	01:44:02	40.53910	141.55791	-12	0.0	2	2.2	126
19/05/2025	01:45:02	40.53903	141.55798	-8	0.0	2	2.2	156
19/05/2025	01:46:02	40.53907	141.55798	0	0.0	2	2.2	153
19/05/2025	01:47:02	40.53912	141.55791	-20	0.0	2	2.2	132
19/05/2025	01:48:03	40.53912	141.55779	-6	0.0	2	2.2	157
19/05/2025	01:49:03	40.53918	141.55781	-12	0.0	2	2.2	157
19/05/2025	01:50:03	40.53914	141.55778	-6	0.0	2	2.2	169
19/05/2025	01:51:02	40.53907	141.55783	-10	0.0	2	2.2	154
19/05/2025	01:52:02	40.53912	141.55804	14	0.0	1	3.3	182
19/05/2025	01:53:02	40.53909	141.55798	-4	0.0	3	2.2	157
19/05/2025	01:54:02	40.53911	141.55779	-16	0.0	2	2.3	182
19/05/2025	01:55:02	40.53908	141.55796	-0	0.0	2	3.2	203
19/05/2025	01:56:02	40.53909	141.55804	-10	0.0	1	3.3	188
19/05/2025	01:57:02	40.53910	141.55785	-8	0.0	1	3.3	161
19/05/2025	01:58:02	40.53911	141.55792	-8	0.0	2	3.2	191
19/05/2025	01:59:02	40.53911	141.55794	-12	0.0	3	2.2	193
19/05/2025	02:00:02	40.53909	141.55790	-6	0.0	2	3.0	192
19/05/2025	02:01:03	40.53903	141.55794	2	0.0	2	3.1	177
19/05/2025	02:02:03	40.53932	141.55755	-28	3.7	2	3.1	176
19/05/2025	02:03:03	40.53895	141.55825	6	0.0	2	3.1	185
19/05/2025	02:04:03	40.53899	141.55806	4	0.0	2	3.1	152
19/05/2025	02:05:05	40.53905	141.55804	4	0.0	2	3.1	175
19/05/2025	02:06:05	40.53885	141.55822	16	0.0	2	3.1	129
19/05/2025	02:07:05	40.53920	141.55769	-16	3.7	2	3.1	174
19/05/2025	02:08:02	40.53922	141.55759	-28	0.0	2	3.1	168
19/05/2025	02:09:07	40.53909	141.55787	6	3.7	2	3.1	173
19/05/2025	02:10:05	40.53903	141.55805	10	3.7	2	3.2	151
19/05/2025	02:11:05	40.53905	141.55823	0	0.0	2	3.2	192
19/05/2025	02:12:05	40.53911	141.55795	6	0.0	2	3.2	209
19/05/2025	02:13:05	40.53895	141.55818	0	11.1	2	3.2	233
19/05/2025	02:14:05	40.53939	141.55735	-30	11.1	2	3.2	188
19/05/2025	02:15:06	40.53896	141.55799	-6	22.2	2	3.2	186
19/05/2025	02:16:05	40.53918	141.55755	-22	3.7	2	3.3	195
19/05/2025	02:17:04	40.53897	141.55806	-4	3.7	2	3.3	203
19/05/2025	02:18:05	40.53907	141.55799	2	11.1	2	3.3	204
19/05/2025	02:19:05	40.53913	141.55792	-14	7.4	2	3.3	183
19/05/2025	02:20:05	40.53915	141.55781	-2	7.4	2	3.3	166
19/05/2025	02:21:05	40.53914	141.55794	-4	0.0	2	3.4	182
19/05/2025	02:22:04	40.53918	141.55764	-8	3.7	2	3.4	181
19/05/2025	02:23:06	40.53906	141.55808	-6	0.0	2	3.4	201
19/05/2025	02:24:06	40.53920	141.55770	-16	3.7	2	3.4	201
19/05/2025	02:25:05	40.53923	141.55769	-18	11.1	2	4.0	179
19/05/2025	02:26:10	40.53909	141.55791	-2	11.1	2	4.0	177
19/05/2025	02:27:07	40.53924	141.55756	-18	14.8	2	4.0	178
19/05/2025	02:28:09	40.53883	141.55847	22	0.0	2	4.1	194
19/05/2025	02:29:05	40.53885	141.55844	26	18.5	2	4.1	180
19/05/2025	02:30:13	40.53928	141.55754	-24	0.0	2	4.1	179
19/05/2025	02:31:11	40.53898	141.55817	10	7.4	2	4.2	216
19/05/2025	02:32:21	40.53925	141.55756	-16	7.4	2	4.2	195
19/05/2025	02:33:33	40.53908	141.55798	4	0.0	3	1.2	195
19/05/2025	02:34:03	40.53905	141.55807	8	0.0	3	1.2	156
19/05/2025	02:35:03	40.53911	141.55798	-0	0.0	3	1.2	137
19/05/2025	02:36:02	40.53910	141.55791	-18	0.0	2	4.2	112
19/05/2025	02:37:01	40.53898	141.55806	18	0.0	3	1.2	139
19/05/2025	02:38:02	40.53903	141.55815	14	0.0	2	2.1	113
19/05/2025	02:39:03	40.53909	141.55788	-14	0.0	1	4.4	150
19/05/2025	02:40:02	40.53921	141.55789	-18	0.0	1	4.4	111
19/05/2025	02:41:03	40.53906	141.55803	0	0.0	3	2.0	232
19/05/2025	02:42:07	40.53906	141.55807	28	7.4	3	4.4	101
19/05/2025	02:43:21	40.53894	141.55789	4	0.0	4	1.2	169
19/05/2025	02:44:20	40.53899	141.55794	22	0.0	1	2.1	62
19/05/2025	02:55:37	40.53894	141.55792	6	0.0	3	1.3	266
19/05/2025	02:56:02	40.53893	141.55790	6	0.0	3	1.3	236
19/05/2025	02:57:02	40.53898	141.55788	-2	0.0	3	1.3	196
19/05/2025	02:58:03	40.53931	141.55771	-14	0.0	3	7.3	275
19/05/2025	02:59:03	40.53896	141.55792	10	0.0	2	2.0	256
19/05/2025	03:00:02	40.53891	141.55795	46	0.0	1	1.4	240
19/05/2025	03:01:01	40.53899	141.55777	-28	0.0	3	2.1	275
19/05/2025	03:02:02	40.53893	141.55762	-6	0.0	3	1.4	229
19/05/2025	03:03:02	40.53896	141.55742	-0	0.0	2	2.2	244
19/05/2025	03:04:02	40.53886	141.55746	10	0.0	2	1.4	225
19/05/2025	03:05:02	40.53900	141.55746	14	0.0	2	2.2	119
19/05/2025	03:06:02	40.53904	141.55689	-34	0.0	1	9.1	181
19/05/2025	03:07:03	40.53899	141.55732	30	0.0	2	2.2	250
19/05/2025	03:08:03	40.53887	141.55733	6	0.0	2	1.4	224
19/05/2025	03:09:03	40.53880	141.55746	6	0.0	2	7.3	188
19/05/2025	03:10:02	40.53856	141.55754	0	0.0	2	7.3	239
19/05/2025	03:11:02	40.53876	141.55749	12	0.0	2	1.4	179
19/05/2025	03:12:02	40.53883	141.55707	-26	0.0	2	2.0	206
19/05/2025	03:13:03	40.53871	141.55733	6	0.0	2	1.4	229
19/05/2025	03:14:03	40.53873	141.55728	-12	0.0	2	1.4	229
19/05/2025	03:15:03	40.53887	141.55708	-2	0.0	2	2.3	188
19/05/2025	03:16:03	40.53893	141.55721	18	3.7	2	2.3	215
19/05/2025	03:17:04	40.53883	141.55721	0	0.0	2	2.3	190
19/05/2025	03:18:03	40.53885	141.55708	-10	0.0	2	2.0	222
19/05/2025	03:19:03	40.53858	141.55704	18	0.0	2	1.4	219
19/05/2025	03:20:03	40.53841	141.55700	4	0.0	2	1.4	274
19/05/2025	03:21:03	40.53826	141.55688	6	0.0	2	1.4	249
19/05/2025	03:22:03	40.53833	141.55674	-58	0.0	2	1.4	279
19/05/2025	03:23:03	40.53808	141.55697	24	0.0	2	2.3	238
19/05/2025	03:24:02	40.53733	141.55792	30	0.0	2	10.1	283
19/05/2025	03:25:04	40.53806	141.55784	-36	3.7	2	8.0	240
19/05/2025	03:26:10	40.53746	141.55905	8	0.0	3	1.4	239
19/05/2025	03:27:03	40.53739	141.55951	-0	3.7	2	2.0	280
19/05/2025	03:28:03	40.53727	141.55979	14	0.0	1	2.4	188
19/05/2025	03:29:02	40.53723	141.55978	18	0.0	2	2.3	191
19/05/2025	03:30:03	40.53720	141.55984	48	0.0	2	2.3	218
19/05/2025	03:31:03	40.53737	141.55975	94	0.0	2	2.3	187
19/05/2025	03:32:04	40.53731	141.55962	-40	0.0	2	2.0	154
19/05/2025	03:33:05	40.53699	141.55998	44	0.0	2	2.0	185
19/05/2025	03:34:03	40.53715	141.55977	-12	0.0	1	2.2	211
19/05/2025	03:35:04	40.53728	141.55967	12	0.0	2	2.1	180
19/05/2025	03:36:04	40.53725	141.55980	14	0.0	1	2.0	203
19/05/2025	03:37:05	40.53729	141.55968	-0	0.0	2	2.0	214
19/05/2025	03:38:05	40.53723	141.55983	-62	0.0	1	2.0	217
19/05/2025	03:39:04	40.53712	141.55985	32	11.1	1	2.1	203
19/05/2025	03:40:05	40.53725	141.55958	96	0.0	1	2.1	168
19/05/2025	03:41:05	40.53719	141.55995	58	0.0	1	2.0	189
19/05/2025	03:42:05	40.53731	141.55950	8	0.0	1	2.0	174
19/05/2025	03:43:04	40.53724	141.55985	8	0.0	0	4.4	181
19/05/2025	03:44:07	40.53720	141.56017	40	3.7	1	3.0	165
19/05/2025	03:45:04	40.53725	141.56001	8	0.0	1	2.0	191
19/05/2025	03:46:05	40.53679	141.55859	24	33.3	1	2.0	193
19/05/2025	03:47:05	40.53196	141.55628	-34	7.4	0	7.1	108
19/05/2025	03:48:06	40.53163	141.55573	62	3.7	0	7.2	177
19/05/2025	03:49:26	40.52786	141.55267	16	40.7	2	1.4	194
19/05/2025	03:50:04	40.52708	141.54813	-28	7.4	2	4.3	146
19/05/2025	03:51:04	40.52325	141.54431	40	33.3	1	4.2	205
19/05/2025	03:52:05	40.52252	141.53705	42	37.0	1	3.4	171
19/05/2025	03:53:08	40.52385	141.52932	38	29.6	1	3.1	172
19/05/2025	03:54:03	40.52291	141.52447	-20	3.7	2	2.3	178
19/05/2025	03:55:07	40.52158	141.52015	8	44.4	2	1.4	164
19/05/2025	03:56:02	40.51992	141.51348	-148	11.1	2	3.0	167
19/05/2025	03:57:05	40.51860	141.51418	-4	3.7	1	3.2	209
19/05/2025	03:58:05	40.51810	141.51458	12	37.0	2	1.4	199
19/05/2025	03:59:03	40.51184	141.51424	-4	44.4	1	3.2	251
19/05/2025	04:00:05	40.50949	141.51282	-2	40.7	2	3.0	191
19/05/2025	04:07:23	40.50393	141.50698	16	0.0	2	2.0	212
19/05/2025	04:08:04	40.50393	141.50687	-2	0.0	2	2.0	148
19/05/2025	04:09:06	40.50394	141.50702	26	0.0	2	2.0	175
19/05/2025	04:16:39	40.50702	141.51114	0	33.3	3	1.1	221
19/05/2025	04:17:03	40.50738	141.51162	40	0.0	3	1.1	206
19/05/2025	04:18:05	40.50746	141.51167	42	0.0	1	2.3	227
19/05/2025	04:19:05	40.50748	141.51528	-14	37.0	1	3.4	182
19/05/2025	04:20:06	40.50760	141.52269	28	3.7	1	3.4	183
19/05/2025	04:21:03	40.50657	141.52958	14	29.6	2	1.4	187
19/05/2025	04:22:04	40.50653	141.52981	-18	0.0	2	1.2	185
19/05/2025	04:23:06	40.50552	141.53327	-16	55.6	1	1.3	168
19/05/2025	04:24:03	40.50184	141.54057	-34	0.0	1	12.1	228
19/05/2025	04:30:25	40.50535	141.54205	14	0.0	3	1.1	225
19/05/2025	04:31:03	40.50518	141.54242	120	0.0	3	1.4	252
19/05/2025	04:32:02	40.50518	141.54269	122	0.0	1	1.3	221
19/05/2025	04:33:04	40.50531	141.54244	48	0.0	2	1.2	239
19/05/2025	04:34:03	40.50528	141.54228	16	0.0	2	2.0	247
19/05/2025	04:35:02	40.50534	141.54210	42	0.0	2	2.1	224
19/05/2025	04:36:04	40.50531	141.54243	38	0.0	2	1.2	230
19/05/2025	04:37:05	40.50536	141.54232	44	0.0	3	1.1	219
19/05/2025	04:38:04	40.50485	141.54099	198	11.1	1	15.0	203
19/05/2025	04:39:03	40.50525	141.54209	72	0.0	2	1.2	226
19/05/2025	04:40:04	40.50534	141.54198	52	3.7	1	2.2	199
19/05/2025	04:41:04	40.50526	141.54244	52	0.0	2	1.2	218
19/05/2025	04:42:03	40.50522	141.54225	70	0.0	2	1.2	221
19/05/2025	04:43:03	40.50512	141.54260	74	0.0	2	2.2	223
19/05/2025	04:44:05	40.50536	141.54188	20	0.0	2	2.2	236
19/05/2025	04:45:04	40.50519	141.54226	84	0.0	3	2.0	267
19/05/2025	04:46:04	40.50523	141.54189	38	3.7	2	2.1	198
19/05/2025	04:47:04	40.50522	141.54214	56	0.0	3	2.0	262
19/05/2025	04:48:04	40.50536	141.54189	24	3.7	3	2.0	250
19/05/2025	04:49:04	40.50517	141.54184	62	3.7	2	2.1	181
19/05/2025	04:50:02	40.50520	141.54192	60	0.0	1	1.3	193
19/05/2025	04:51:02	40.50507	141.54230	98	0.0	2	2.1	221
19/05/2025	04:52:09	40.50544	141.54299	-8	33.3	1	15.4	186
19/05/2025	04:53:04	40.50518	141.54219	66	0.0	2	1.3	223
19/05/2025	04:54:03	40.50533	141.54218	28	0.0	2	1.3	238
19/05/2025	04:55:03	40.50534	141.54218	40	0.0	2	1.3	206
19/05/2025	04:56:04	40.50521	141.54216	64	0.0	2	1.3	205
19/05/2025	04:57:04	40.50523	141.54258	48	7.4	1	15.3	169
19/05/2025	04:58:03	40.50528	141.54189	42	0.0	1	15.3	160
19/05/2025	04:59:04	40.50527	141.54213	60	0.0	2	1.4	226
19/05/2025	05:00:02	40.50524	141.54225	56	0.0	1	2.0	138
19/05/2025	05:01:04	40.50529	141.54187	34	0.0	2	1.4	173
19/05/2025	05:02:04	40.50520	141.54205	70	3.7	2	1.4	136
19/05/2025	05:03:05	40.50534	141.54194	36	0.0	2	1.4	200
19/05/2025	05:04:04	40.50547	141.54272	-2	0.0	1	15.1	197
19/05/2025	05:05:06	40.50524	141.54228	70	18.5	1	15.1	136
19/05/2025	05:06:10	40.50527	141.54230	38	0.0	1	15.1	225
19/05/2025	05:07:16	40.50566	141.54528	-110	37.0	1	15.0	220
19/05/2025	05:08:05	40.50509	141.54069	124	3.7	1	15.0	221
19/05/2025	05:09:04	40.50530	141.54216	58	0.0	2	2.0	231
19/05/2025	05:10:03	40.50532	141.54251	62	7.4	0	5.1	170
19/05/2025	05:11:04	40.50609	141.54370	46	25.9	1	2.4	239
19/05/2025	05:12:03	40.50676	141.54578	48	0.0	0	5.2	214
19/05/2025	05:13:05	40.50931	141.54492	54	55.6	1	2.4	212
19/05/2025	05:14:13	40.51247	141.54375	18	55.6	1	2.4	211
19/05/2025	05:15:11	40.51840	141.54354	30	44.4	1	2.4	208
19/05/2025	05:16:04	40.52047	141.54470	-0	3.7	1	3.0	190
19/05/2025	05:17:07	40.52478	141.54479	-10	51.9	2	2.1	235
19/05/2025	05:18:14	40.52677	141.54465	30	7.4	2	2.1	207
19/05/2025	05:19:38	40.52885	141.55316	-10	51.9	1	3.0	226
19/05/2025	05:20:05	40.53161	141.55483	-2	29.6	0	5.4	224
19/05/2025	05:21:19	40.53596	141.55792	10	37.0	1	3.1	227
19/05/2025	05:27:56	40.53719	141.55962	-0	0.0	3	2.3	240
19/05/2025	05:28:01	40.53714	141.55976	14	0.0	2	2.3	269
19/05/2025	05:29:12	40.53717	141.55962	-10	0.0	2	2.4	257
19/05/2025	05:30:03	40.53744	141.55949	-12	3.7	2	2.4	229
19/05/2025	05:31:02	40.53759	141.55870	6	3.7	2	3.2	269
19/05/2025	05:32:02	40.53788	141.55818	-8	3.7	2	2.4	252
19/05/2025	05:33:05	40.53824	141.55691	2	3.7	2	3.0	235
19/05/2025	05:34:04	40.53827	141.55706	-0	0.0	2	3.0	160
19/05/2025	05:35:09	40.53853	141.55666	-46	0.0	2	3.0	237
19/05/2025	05:36:03	40.53873	141.55686	-6	3.7	2	3.1	217
19/05/2025	05:37:09	40.53894	141.55739	-0	0.0	2	3.1	251
19/05/2025	05:38:03	40.53920	141.55722	-22	0.0	2	3.4	248
19/05/2025	05:39:11	40.53908	141.55760	-8	11.1	1	3.4	204
19/05/2025	05:40:13	40.53871	141.55821	42	0.0	2	4.0	217
19/05/2025	05:41:24	40.53874	141.55820	48	0.0	1	4.0	192
19/05/2025	05:42:02	40.53918	141.55742	-12	0.0	2	3.3	207
19/05/2025	05:43:01	40.53903	141.55760	10	0.0	2	3.3	196
19/05/2025	05:44:02	40.53912	141.55767	-8	0.0	2	3.4	199
19/05/2025	05:45:02	40.53909	141.55751	4	0.0	2	3.4	235
19/05/2025	05:46:02	40.53910	141.55758	2	0.0	2	4.0	244
19/05/2025	05:47:02	40.53909	141.55757	-8	0.0	2	4.0	202
19/05/2025	05:48:02	40.53904	141.55778	22	0.0	2	4.1	225
19/05/2025	05:49:03	40.53911	141.55740	-12	0.0	2	4.1	200
19/05/2025	05:50:02	40.53909	141.55761	10	0.0	2	4.2	221
19/05/2025	05:51:02	40.53916	141.55741	-16	0.0	2	4.2	222
19/05/2025	05:52:02	40.53906	141.55767	12	0.0	2	4.3	201
19/05/2025	05:53:02	40.53912	141.55754	-14	0.0	2	4.4	221
19/05/2025	05:54:17	40.53894	141.55812	36	0.0	2	4.4	227
19/05/2025	05:55:02	40.53902	141.55759	6	0.0	2	5.0	218
19/05/2025	05:56:04	40.53907	141.55771	8	7.4	2	5.0	217
19/05/2025	05:57:03	40.53907	141.55774	8	0.0	2	5.1	216
19/05/2025	05:58:02	40.53911	141.55759	-10	0.0	1	14.0	226
19/05/2025	05:59:03	40.53919	141.55695	0	0.0	1	13.1	243
19/05/2025	06:00:33	40.53907	141.55765	14	0.0	3	4.0	237
19/05/2025	06:01:02	40.53890	141.55788	78	0.0	2	9.2	249
19/05/2025	06:02:02	40.53897	141.55782	32	0.0	2	10.0	157
19/05/2025	06:03:01	40.53885	141.55798	76	0.0	2	10.3	249
19/05/2025	06:04:02	40.53913	141.55754	-2	0.0	3	4.1	184
19/05/2025	06:05:01	40.53911	141.55772	14	0.0	3	4.1	180
19/05/2025	06:06:01	40.53908	141.55763	18	0.0	3	4.1	209
19/05/2025	06:07:02	40.53909	141.55762	10	0.0	3	4.1	213
19/05/2025	06:08:01	40.53918	141.55741	-4	0.0	3	4.2	190
19/05/2025	06:09:02	40.53909	141.55758	8	0.0	3	4.2	167
19/05/2025	06:10:01	40.53924	141.55744	-20	0.0	3	4.2	172
19/05/2025	06:11:01	40.53919	141.55736	-2	0.0	3	4.2	173
19/05/2025	06:12:01	40.53913	141.55759	2	0.0	3	4.2	168
19/05/2025	06:13:01	40.53905	141.55761	10	0.0	3	4.2	190
19/05/2025	06:14:01	40.53918	141.55739	-8	0.0	3	4.2	217
19/05/2025	06:15:02	40.53911	141.55751	4	0.0	3	4.3	189
19/05/2025	06:16:02	40.53918	141.55746	-0	0.0	3	4.3	195
19/05/2025	06:17:01	40.53919	141.55738	-2	0.0	3	4.3	198
19/05/2025	06:18:01	40.53919	141.55736	-2	0.0	3	4.3	216
19/05/2025	06:19:01	40.53925	141.55712	-8	0.0	3	4.2	193
19/05/2025	06:20:01	40.53934	141.55708	-28	0.0	3	4.2	214
19/05/2025	06:21:02	40.53910	141.55758	10	0.0	3	4.2	225
19/05/2025	06:22:01	40.53915	141.55752	0	0.0	3	4.2	214
19/05/2025	06:23:02	40.53916	141.55746	-6	0.0	3	4.2	241
19/05/2025	06:24:01	40.53908	141.55766	8	0.0	3	4.2	194
19/05/2025	06:25:02	40.53913	141.55747	-2	0.0	3	4.2	220
19/05/2025	06:26:01	40.53920	141.55739	4	0.0	3	4.1	217
19/05/2025	06:27:01	40.53909	141.55759	4	0.0	3	4.1	225
19/05/2025	06:28:02	40.53915	141.55743	0	0.0	3	4.1	222
19/05/2025	06:29:01	40.53911	141.55756	2	0.0	3	4.1	227
19/05/2025	06:30:02	40.53911	141.55752	8	0.0	3	4.0	222
19/05/2025	06:31:02	40.53914	141.55742	2	0.0	3	4.0	220
19/05/2025	06:32:02	40.53915	141.55751	-2	0.0	3	4.0	227
19/05/2025	06:33:02	40.53906	141.55762	2	0.0	3	4.0	223
19/05/2025	06:34:02	40.53910	141.55757	0	0.0	3	3.4	242
19/05/2025	06:35:01	40.53918	141.55752	-2	0.0	2	6.0	211
19/05/2025	06:36:02	40.53906	141.55762	12	0.0	3	3.4	240
19/05/2025	06:37:02	40.53904	141.55755	-0	0.0	2	5.3	230
19/05/2025	06:38:02	40.53923	141.55738	0	0.0	2	5.2	232
19/05/2025	06:39:01	40.53914	141.55756	4	0.0	1	6.2	226
19/05/2025	06:40:02	40.53921	141.55744	6	0.0	1	6.1	199
19/05/2025	06:41:02	40.53911	141.55747	-16	0.0	1	6.0	207
19/05/2025	06:42:01	40.53934	141.55721	26	0.0	1	6.0	173
19/05/2025	06:43:01	40.53914	141.55722	-60	0.0	1	5.4	150
19/05/2025	06:44:01	40.53933	141.55740	52	0.0	1	5.4	185
19/05/2025	06:45:01	40.53898	141.55748	-66	0.0	1	5.3	137
19/05/2025	06:46:01	40.53911	141.55748	20	0.0	1	5.3	210
19/05/2025	06:47:03	40.53918	141.55747	8	0.0	1	5.2	231
19/05/2025	06:48:01	40.53911	141.55761	4	0.0	1	5.2	210
19/05/2025	06:49:01	40.53909	141.55745	-4	0.0	1	5.2	212
19/05/2025	06:50:02	40.53889	141.55755	-34	0.0	1	5.2	260
19/05/2025	06:51:02	40.53907	141.55757	6	0.0	1	5.1	234
19/05/2025	06:52:02	40.53902	141.55765	40	0.0	1	5.1	237
19/05/2025	06:53:02	40.53900	141.55739	-54	0.0	1	5.1	262
19/05/2025	06:54:01	40.53937	141.55743	26	0.0	1	5.1	262
19/05/2025	06:55:02	40.53903	141.55751	-0	0.0	1	5.1	244
19/05/2025	06:56:04	40.53887	141.55759	-2	0.0	1	4.1	247
19/05/2025	06:57:03	40.53919	141.55756	14	0.0	1	5.1	245
19/05/2025	06:58:03	40.53912	141.55760	28	0.0	1	5.1	244
19/05/2025	06:59:01	40.53924	141.55758	104	22.2	1	5.2	254
19/05/2025	07:00:02	40.53909	141.55759	4	0.0	1	5.2	275
19/05/2025	07:01:02	40.53929	141.55782	122	0.0	1	5.2	269
19/05/2025	07:02:02	40.53931	141.55769	94	0.0	1	5.2	274
19/05/2025	07:03:02	40.53913	141.55779	54	0.0	1	5.3	281
19/05/2025	07:04:01	40.53910	141.55737	-38	0.0	1	5.3	281
19/05/2025	07:05:02	40.53897	141.55731	-28	0.0	1	5.4	251
19/05/2025	07:06:02	40.53895	141.55748	-46	0.0	1	5.4	276
19/05/2025	07:07:02	40.53909	141.55746	-12	0.0	1	6.0	274
19/05/2025	07:08:03	40.53932	141.55784	106	0.0	1	6.1	276
19/05/2025	07:09:01	40.53947	141.55809	120	0.0	1	6.1	249
19/05/2025	07:10:02	40.53913	141.55723	-32	0.0	1	6.2	276
19/05/2025	07:11:02	40.53886	141.55728	-60	0.0	1	6.3	250
19/05/2025	07:12:02	40.53913	141.55765	26	0.0	1	6.4	282
19/05/2025	07:13:02	40.53940	141.55777	106	0.0	1	7.0	269
19/05/2025	07:14:01	40.53916	141.55752	16	0.0	1	7.1	217
19/05/2025	07:15:02	40.53902	141.55728	-56	0.0	1	7.2	265
19/05/2025	07:16:02	40.53933	141.55794	102	3.7	1	7.3	261
19/05/2025	07:17:06	40.53859	141.55690	-114	3.7	1	7.4	237
19/05/2025	07:18:04	40.53849	141.55640	-108	3.7	1	3.0	184
19/05/2025	07:25:02	40.53723	141.55960	8	0.0	1	10.2	242
19/05/2025	07:26:02	40.53713	141.55964	-8	0.0	2	4.3	232
19/05/2025	07:27:02	40.53712	141.55981	10	0.0	2	4.3	207
19/05/2025	07:33:58	40.53732	141.55919	-42	3.7	2	4.4	205
19/05/2025	07:34:02	40.53839	141.55978	-42	11.1	1	6.4	173
19/05/2025	07:38:42	40.52623	141.54423	-46	0.0	1	5.4	140
19/05/2025	07:39:04	40.52429	141.54480	16	48.2	2	5.1	189
19/05/2025	07:46:04	40.50728	141.54574	58	3.7	3	2.0	183
19/05/2025	07:47:08	40.50538	141.54223	48	0.0	4	1.4	183
19/05/2025	07:48:03	40.50537	141.54226	98	0.0	3	2.0	169
19/05/2025	07:49:02	40.50519	141.54217	42	3.7	2	6.3	204
19/05/2025	07:50:04	40.50495	141.54252	-4	0.0	3	10.2	199
19/05/2025	07:51:04	40.50540	141.54259	60	0.0	3	2.0	173
19/05/2025	07:52:08	40.50544	141.54263	76	3.7	3	1.4	171
19/05/2025	07:53:16	40.50573	141.54271	130	0.0	2	2.0	183
19/05/2025	07:54:07	40.50552	141.54265	84	0.0	2	2.0	146
19/05/2025	07:55:07	40.50581	141.54274	150	0.0	3	12.2	195
19/05/2025	07:56:08	40.50591	141.54272	146	7.4	3	12.0	207
19/05/2025	07:57:06	40.50562	141.54268	100	0.0	2	14.0	203
19/05/2025	07:58:03	40.50526	141.54263	32	0.0	3	1.4	230
19/05/2025	07:59:04	40.50488	141.54258	-14	0.0	3	9.3	230
19/05/2025	08:00:04	40.50502	141.54255	-14	0.0	2	2.2	194
19/05/2025	08:01:04	40.50530	141.54261	46	7.4	3	11.0	228
19/05/2025	08:02:05	40.50538	141.54263	72	7.4	3	9.1	250
19/05/2025	08:03:19	40.50565	141.54278	86	3.7	3	1.4	237
19/05/2025	08:04:29	40.50543	141.54264	70	7.4	3	1.4	213
19/05/2025	08:05:33	40.50526	141.54259	46	3.7	3	6.3	220
19/05/2025	08:06:06	40.50541	141.54278	74	0.0	3	6.4	195
19/05/2025	08:07:03	40.50519	141.54255	40	0.0	4	2.2	226
19/05/2025	08:08:03	40.50542	141.54263	52	0.0	3	2.2	194
19/05/2025	08:09:03	40.50533	141.54262	54	0.0	3	2.2	208
19/05/2025	08:10:04	40.50530	141.54257	42	0.0	3	2.2	220
19/05/2025	08:11:08	40.50542	141.54254	40	0.0	3	1.4	196
19/05/2025	08:12:03	40.50502	141.54257	38	0.0	3	10.0	270
19/05/2025	08:13:03	40.50527	141.54255	36	0.0	3	4.0	211
19/05/2025	08:14:03	40.50510	141.54252	34	0.0	4	2.1	240
19/05/2025	08:15:03	40.50470	141.54251	26	18.5	3	13.2	229
19/05/2025	08:16:03	40.50552	141.54266	56	0.0	3	2.1	232
19/05/2025	08:17:02	40.50540	141.54256	42	0.0	3	2.1	204
19/05/2025	08:18:02	40.50527	141.54249	32	0.0	3	2.1	204
19/05/2025	08:19:04	40.50535	141.54254	32	0.0	4	2.1	242
19/05/2025	08:20:07	40.50546	141.54258	52	0.0	3	1.4	204
19/05/2025	08:21:07	40.50533	141.54257	44	0.0	3	1.4	230
19/05/2025	08:22:03	40.50540	141.54258	48	0.0	3	2.1	225
19/05/2025	08:23:03	40.50554	141.54264	68	3.7	4	2.0	261
19/05/2025	08:24:02	40.50527	141.54269	54	0.0	3	2.1	207
19/05/2025	08:25:02	40.50536	141.54258	42	0.0	3	2.1	191
19/05/2025	08:26:03	40.50545	141.54257	44	0.0	3	2.1	213
19/05/2025	08:27:04	40.50533	141.54257	48	0.0	3	2.1	206
19/05/2025	08:28:04	40.50542	141.54256	48	0.0	3	2.0	188
19/05/2025	08:29:03	40.50531	141.54256	38	0.0	3	2.0	210
19/05/2025	08:30:02	40.50537	141.54251	36	0.0	3	2.1	216
19/05/2025	08:31:03	40.50546	141.54256	54	0.0	4	1.3	213
19/05/2025	08:32:06	40.50538	141.54255	50	0.0	3	2.0	209
19/05/2025	08:33:15	40.50523	141.54250	36	0.0	3	2.1	203
19/05/2025	08:34:22	40.50542	141.54251	42	0.0	3	2.1	226
19/05/2025	08:35:28	40.50638	141.54275	136	3.7	3	2.1	218
19/05/2025	08:36:14	40.50555	141.54257	60	7.4	3	2.1	223
19/05/2025	08:37:04	40.50546	141.54249	44	0.0	3	2.0	247
19/05/2025	08:38:03	40.50528	141.54250	32	0.0	3	2.1	214
19/05/2025	08:39:01	40.50530	141.54244	20	0.0	3	2.1	213
19/05/2025	08:40:01	40.50539	141.54262	22	0.0	3	2.1	223
19/05/2025	08:41:02	40.50527	141.54251	28	0.0	3	2.1	218
19/05/2025	08:42:04	40.50546	141.54258	54	0.0	3	2.1	216
19/05/2025	08:43:05	40.50530	141.54254	34	0.0	3	2.0	203
19/05/2025	08:44:05	40.50534	141.54256	52	0.0	3	2.1	178
19/05/2025	08:45:19	40.50515	141.54246	20	0.0	3	2.1	206
19/05/2025	08:46:33	40.50536	141.54255	32	0.0	3	4.2	182
19/05/2025	08:47:02	40.50531	141.54256	32	0.0	3	4.2	185
19/05/2025	08:48:02	40.50523	141.54250	36	0.0	3	4.1	165
19/05/2025	08:49:02	40.50537	141.54260	48	0.0	3	4.1	211
19/05/2025	08:50:01	40.50539	141.54252	44	0.0	3	4.0	202
