09/05/2025	04:54:40	40.53909	141.55758	6	0.0	4	2.2	226
09/05/2025	04:55:01	40.53891	141.55753	-20	0.0	3	3.3	166
09/05/2025	04:56:00	40.53918	141.55759	24	0.0	4	2.2	177
09/05/2025	04:57:00	40.53924	141.55773	22	0.0	4	2.3	175
09/05/2025	04:58:03	40.53910	141.55763	4	3.7	3	2.4	95
09/05/2025	04:59:03	40.53936	141.55778	60	0.0	2	11.2	89
09/05/2025	05:00:02	40.53895	141.55749	-6	0.0	3	4.4	172
09/05/2025	05:01:02	40.53910	141.55750	18	0.0	2	5.0	147
09/05/2025	05:02:04	40.53890	141.55755	-36	3.7	3	4.0	131
09/05/2025	05:03:02	40.53935	141.55801	40	0.0	2	4.3	150
09/05/2025	05:04:01	40.53989	141.55654	54	0.0	3	3.2	152
09/05/2025	05:05:03	40.53972	141.55632	2	3.7	3	4.1	251
09/05/2025	05:06:02	40.53960	141.55684	-2	14.8	4	3.4	193
09/05/2025	05:07:01	40.53984	141.55704	42	0.0	3	3.4	194
09/05/2025	05:08:01	40.53944	141.55725	-4	25.9	4	3.0	164
09/05/2025	05:09:02	40.53928	141.55787	44	0.0	4	3.0	197
09/05/2025	05:10:01	40.53925	141.55783	4	0.0	3	3.3	224
09/05/2025	05:11:01	40.53914	141.55766	-8	0.0	4	3.0	231
09/05/2025	05:12:01	40.53917	141.55772	8	0.0	3	3.2	161
09/05/2025	05:13:01	40.53894	141.55780	64	0.0	2	7.1	131
09/05/2025	05:14:02	40.53915	141.55770	-2	0.0	4	3.0	160
09/05/2025	05:15:01	40.53918	141.55769	-8	0.0	3	3.1	166
09/05/2025	05:16:01	40.53920	141.55786	26	0.0	4	3.0	163
09/05/2025	05:17:01	40.53919	141.55778	4	0.0	3	3.0	134
09/05/2025	05:18:01	40.53938	141.55803	4	0.0	2	10.1	156
09/05/2025	05:19:01	40.53889	141.55723	6	3.7	2	10.0	151
09/05/2025	05:20:01	40.53912	141.55748	24	0.0	2	9.4	149
09/05/2025	05:21:00	40.53922	141.55771	34	0.0	3	2.4	137
09/05/2025	05:22:02	40.53930	141.55785	42	0.0	4	2.3	151
09/05/2025	05:23:02	40.53922	141.55765	10	0.0	3	2.3	186
09/05/2025	05:24:01	40.53920	141.55782	38	0.0	3	2.3	134
09/05/2025	05:25:01	40.53918	141.55775	14	0.0	3	2.3	153
09/05/2025	05:26:01	40.53935	141.55812	34	0.0	2	9.0	125
09/05/2025	05:27:01	40.53919	141.55758	-6	0.0	3	2.3	165
09/05/2025	05:28:01	40.53907	141.55781	-6	3.7	3	2.2	135
09/05/2025	05:29:01	40.53925	141.55761	-26	0.0	3	2.2	135
09/05/2025	05:30:02	40.53920	141.55770	18	0.0	3	2.2	165
09/05/2025	05:31:02	40.53920	141.55773	-0	0.0	3	2.2	201
09/05/2025	05:32:01	40.53916	141.55775	14	0.0	3	2.2	169
09/05/2025	05:33:01	40.53910	141.55757	-32	0.0	3	2.2	131
09/05/2025	05:34:01	40.53910	141.55761	-32	0.0	3	2.2	136
09/05/2025	05:35:01	40.53933	141.55794	8	0.0	3	2.2	130
09/05/2025	05:36:02	40.53955	141.55839	-18	3.7	2	8.0	168
09/05/2025	05:37:01	40.53922	141.55766	28	0.0	3	2.2	133
09/05/2025	05:38:01	40.53918	141.55765	10	0.0	3	2.2	132
09/05/2025	05:39:01	40.53922	141.55784	20	0.0	3	2.2	169
09/05/2025	05:40:02	40.53922	141.55774	-22	0.0	3	2.2	162
09/05/2025	05:41:01	40.53919	141.55770	0	0.0	3	2.2	173
09/05/2025	05:42:01	40.53917	141.55765	12	0.0	3	2.2	202
09/05/2025	05:43:00	40.53912	141.55768	-8	3.7	3	2.2	132
09/05/2025	05:44:01	40.53953	141.55487	0	59.3	3	4.1	158
09/05/2025	05:45:01	40.54131	141.54468	80	51.9	2	8.0	104
09/05/2025	05:46:02	40.54431	141.53263	12	55.6	4	2.1	162
09/05/2025	05:47:02	40.54675	141.52237	40	55.6	2	8.0	137
09/05/2025	05:48:02	40.54697	141.51752	-4	3.7	3	2.3	195
09/05/2025	05:49:01	40.54737	141.51644	2	0.0	3	2.4	197
09/05/2025	05:50:02	40.54606	141.51400	-10	7.4	3	2.4	230
09/05/2025	05:51:02	40.54616	141.51449	14	18.5	3	2.4	178
09/05/2025	05:52:02	40.54279	141.50659	-4	44.4	3	3.0	182
09/05/2025	05:53:01	40.54229	141.50558	26	3.7	2	9.1	140
09/05/2025	05:54:02	40.54250	141.50573	18	0.0	4	2.2	155
09/05/2025	05:55:01	40.54258	141.50619	30	0.0	4	2.2	159
09/05/2025	05:56:02	40.54321	141.50994	-10	0.0	4	2.2	154
09/05/2025	05:57:01	40.54318	141.51009	6	0.0	4	2.2	153
09/05/2025	05:58:02	40.54323	141.51019	-4	0.0	2	8.3	142
09/05/2025	05:59:01	40.54321	141.51045	28	0.0	4	2.3	156
09/05/2025	06:00:01	40.54319	141.51020	-20	0.0	4	2.3	159
09/05/2025	06:01:01	40.54317	141.51026	-22	0.0	3	5.1	150
09/05/2025	06:02:02	40.54323	141.51006	-14	0.0	4	2.4	180
09/05/2025	06:03:01	40.54323	141.51026	14	0.0	4	2.4	153
09/05/2025	06:04:02	40.54317	141.51000	-24	0.0	3	6.0	182
09/05/2025	06:05:02	40.54318	141.50992	-32	0.0	3	6.1	150
09/05/2025	06:06:03	40.54323	141.50994	-58	0.0	3	6.3	189
09/05/2025	06:07:10	40.54315	141.51016	0	0.0	4	3.1	165
09/05/2025	06:08:05	40.54311	141.51043	32	0.0	4	3.1	179
09/05/2025	06:09:01	40.54319	141.50999	-8	0.0	4	3.1	193
09/05/2025	06:10:02	40.54326	141.51016	-4	0.0	3	8.0	122
09/05/2025	06:11:03	40.54313	141.51028	28	3.7	3	8.2	189
09/05/2025	06:12:04	40.54312	141.51038	28	3.7	3	8.4	208
09/05/2025	06:13:01	40.54316	141.51020	4	0.0	3	9.2	130
09/05/2025	06:14:02	40.54319	141.51001	-14	0.0	3	10.0	231
09/05/2025	06:15:02	40.54320	141.50998	-12	0.0	3	10.3	203
09/05/2025	06:16:02	40.54322	141.50985	-34	0.0	3	11.2	197
09/05/2025	06:17:02	40.54311	141.51025	12	0.0	3	12.1	166
09/05/2025	06:18:02	40.54307	141.51049	34	0.0	3	13.1	128
09/05/2025	06:19:02	40.54323	141.50979	-14	0.0	3	14.1	162
09/05/2025	06:20:02	40.54317	141.51007	-20	3.7	3	15.3	125
09/05/2025	06:21:04	40.54330	141.50953	-52	0.0	3	17.1	164
09/05/2025	06:22:02	40.54307	141.51037	38	0.0	3	18.4	165
09/05/2025	06:23:31	40.54324	141.51004	6	25.9	5	1.1	253
09/05/2025	06:24:00	40.54331	141.51000	-4	0.0	4	1.2	160
09/05/2025	06:25:01	40.54270	141.50989	-42	0.0	2	4.4	130
09/05/2025	06:26:01	40.54332	141.50983	0	0.0	4	1.3	199
09/05/2025	06:27:02	40.54231	141.50542	2	25.9	2	6.2	124
09/05/2025	06:28:02	40.54242	141.50564	-6	3.7	4	1.4	190
09/05/2025	06:29:02	40.54255	141.50605	170	0.0	2	6.2	166
09/05/2025	06:30:03	40.54248	141.50558	4	0.0	4	1.2	197
09/05/2025	06:31:01	40.54250	141.50571	6	0.0	4	1.3	176
09/05/2025	06:32:01	40.54291	141.50915	8	25.9	4	1.4	193
09/05/2025	06:33:00	40.54324	141.50999	-10	0.0	4	1.4	163
09/05/2025	06:34:01	40.54299	141.51012	44	0.0	4	1.4	189
09/05/2025	06:35:02	40.54317	141.51011	6	0.0	5	1.2	228
09/05/2025	06:36:00	40.54316	141.51024	6	0.0	5	1.2	196
09/05/2025	06:37:00	40.54318	141.51000	14	0.0	4	1.4	188
09/05/2025	06:38:00	40.54323	141.51006	8	0.0	5	1.2	190
09/05/2025	06:39:00	40.54325	141.51015	-0	0.0	3	2.1	157
09/05/2025	06:40:00	40.54302	141.51018	64	0.0	4	1.4	190
09/05/2025	06:41:02	40.54322	141.51013	8	0.0	5	1.2	192
09/05/2025	06:42:01	40.54316	141.51005	12	0.0	4	1.2	181
09/05/2025	06:43:00	40.54312	141.51012	14	0.0	5	1.2	198
09/05/2025	06:44:00	40.54322	141.51008	14	3.7	4	1.3	187
09/05/2025	06:45:00	40.54321	141.50980	-26	0.0	4	1.4	176
09/05/2025	06:46:00	40.54319	141.51004	6	0.0	4	1.4	161
09/05/2025	06:47:01	40.54319	141.50998	8	0.0	5	1.2	188
09/05/2025	06:48:00	40.54318	141.51006	16	0.0	5	1.3	196
09/05/2025	06:49:01	40.54321	141.51002	10	0.0	5	1.3	187
09/05/2025	06:50:01	40.54325	141.50999	-0	0.0	5	1.3	183
09/05/2025	06:51:00	40.54310	141.51035	28	0.0	5	1.3	187
09/05/2025	06:52:01	40.54320	141.51001	4	0.0	4	4.1	179
09/05/2025	06:53:00	40.54325	141.51011	6	0.0	4	2.0	164
09/05/2025	06:54:00	40.54328	141.51006	-2	0.0	3	2.0	164
09/05/2025	06:55:01	40.54320	141.51007	12	0.0	5	1.3	185
09/05/2025	06:56:00	40.54317	141.51003	-4	0.0	5	1.3	182
09/05/2025	06:57:00	40.54321	141.51015	-12	0.0	4	1.4	176
09/05/2025	06:58:00	40.54330	141.50995	-4	0.0	4	2.0	190
09/05/2025	06:59:01	40.54334	141.50958	0	0.0	4	4.2	174
09/05/2025	07:00:00	40.54308	141.51015	-0	0.0	4	1.4	184
09/05/2025	07:01:01	40.54324	141.51005	12	0.0	5	1.4	217
09/05/2025	07:02:01	40.54322	141.50998	6	0.0	4	4.2	183
09/05/2025	07:03:01	40.54340	141.50961	-12	0.0	4	4.2	174
09/05/2025	07:04:01	40.54308	141.51024	38	0.0	4	2.0	174
09/05/2025	07:05:00	40.54314	141.51000	20	0.0	3	2.1	193
09/05/2025	07:06:00	40.54307	141.51002	36	0.0	4	2.1	182
09/05/2025	07:07:00	40.54313	141.51010	28	0.0	4	2.1	191
09/05/2025	07:08:00	40.54312	141.51007	16	0.0	4	2.1	193
09/05/2025	07:09:00	40.54316	141.50987	22	0.0	4	2.1	185
09/05/2025	07:10:01	40.54326	141.51006	12	0.0	5	1.4	188
09/05/2025	07:11:00	40.54316	141.51008	12	0.0	4	2.1	183
09/05/2025	07:12:02	40.54323	141.51001	14	0.0	4	2.1	178
09/05/2025	07:13:00	40.54323	141.51001	10	0.0	4	2.1	190
09/05/2025	07:14:01	40.54314	141.51045	16	0.0	5	2.0	179
09/05/2025	07:15:01	40.54322	141.51038	-0	0.0	5	2.0	181
09/05/2025	07:16:00	40.54306	141.51042	22	0.0	4	2.1	188
09/05/2025	07:17:00	40.54303	141.51041	38	0.0	3	2.1	178
09/05/2025	07:18:00	40.54312	141.51036	16	0.0	3	2.2	187
09/05/2025	07:19:01	40.54316	141.51041	8	0.0	4	2.1	167
09/05/2025	07:20:01	40.54306	141.51042	26	0.0	2	4.1	166
09/05/2025	07:21:00	40.54316	141.51058	6	0.0	4	2.0	162
09/05/2025	07:22:00	40.54331	141.51032	-16	0.0	3	2.2	155
09/05/2025	07:23:00	40.54312	141.51062	-0	3.7	3	2.2	158
09/05/2025	07:24:01	40.54304	141.51063	26	0.0	3	2.2	181
09/05/2025	07:25:00	40.54311	141.51046	10	0.0	3	2.2	182
09/05/2025	07:26:00	40.54273	141.51491	18	33.3	3	2.2	190
09/05/2025	07:27:00	40.53843	141.51933	20	44.4	4	2.1	191
09/05/2025	07:28:00	40.53301	141.52392	18	37.0	4	2.1	158
09/05/2025	07:29:00	40.53034	141.52987	20	37.0	3	2.2	161
09/05/2025	07:30:00	40.52849	141.53650	28	25.9	3	2.2	163
09/05/2025	07:31:02	40.52752	141.53901	40	0.0	3	3.2	160
09/05/2025	07:32:01	40.52747	141.53891	4	0.0	3	3.2	122
09/05/2025	07:33:02	40.52744	141.53893	4	0.0	3	3.2	131
09/05/2025	07:34:01	40.52738	141.53888	4	0.0	3	3.2	128
09/05/2025	07:35:01	40.52738	141.53879	0	0.0	3	3.2	163
09/05/2025	07:36:01	40.52750	141.53891	10	0.0	3	3.2	154
09/05/2025	07:37:01	40.52762	141.53908	46	0.0	2	9.4	152
09/05/2025	07:38:01	40.52740	141.53897	16	0.0	2	9.4	115
09/05/2025	07:39:01	40.52752	141.53914	40	0.0	3	3.2	164
09/05/2025	07:40:01	40.52746	141.53911	0	0.0	3	3.2	130
09/05/2025	07:41:01	40.52746	141.53892	-6	0.0	3	3.2	122
09/05/2025	07:42:00	40.52913	141.54398	4	37.0	3	2.3	131
09/05/2025	07:43:01	40.52933	141.54447	68	0.0	2	9.2	121
09/05/2025	07:44:01	40.52924	141.54415	8	0.0	3	2.3	185
09/05/2025	07:45:00	40.52930	141.54401	0	0.0	3	2.3	129
09/05/2025	07:46:00	40.52921	141.54424	14	0.0	3	2.3	131
09/05/2025	07:47:00	40.52917	141.54420	16	0.0	3	2.3	127
09/05/2025	07:48:00	40.52918	141.54398	40	3.7	3	2.3	128
09/05/2025	07:49:00	40.52915	141.54425	22	0.0	3	2.3	125
09/05/2025	07:50:02	40.52913	141.54401	40	0.0	2	8.4	135
09/05/2025	07:51:01	40.52904	141.54401	4	7.4	2	8.4	116
09/05/2025	07:52:02	40.52933	141.54422	42	0.0	2	5.3	158
09/05/2025	07:53:01	40.52907	141.54418	26	0.0	2	8.3	131
09/05/2025	07:54:02	40.52915	141.54414	46	0.0	2	8.3	184
09/05/2025	07:55:02	40.52892	141.54378	-28	0.0	2	8.2	125
09/05/2025	07:56:02	40.52890	141.54315	-104	0.0	2	8.2	169
09/05/2025	07:57:02	40.52918	141.54402	18	0.0	2	8.2	166
09/05/2025	07:58:02	40.52914	141.54442	72	0.0	3	2.3	162
09/05/2025	07:59:02	40.52894	141.54356	-48	0.0	2	8.1	130
09/05/2025	08:00:31	40.52905	141.54396	14	0.0	5	1.0	257
09/05/2025	08:01:00	40.52898	141.54398	8	0.0	3	1.2	184
09/05/2025	08:02:00	40.52921	141.54392	4	0.0	4	1.0	170
09/05/2025	08:03:00	40.52909	141.54397	16	0.0	4	1.0	195
09/05/2025	08:04:00	40.52912	141.54392	16	0.0	5	1.0	197
09/05/2025	08:05:00	40.52899	141.54405	8	0.0	4	1.0	193
09/05/2025	08:06:00	40.52913	141.54390	16	0.0	4	1.0	165
09/05/2025	08:07:00	40.52910	141.54409	14	0.0	5	1.0	197
09/05/2025	08:08:00	40.52908	141.54396	10	0.0	5	1.0	187
09/05/2025	08:09:00	40.52903	141.54398	18	0.0	5	1.0	194
09/05/2025	08:10:00	40.52885	141.54393	12	0.0	3	2.4	190
09/05/2025	08:11:00	40.52881	141.54408	44	0.0	4	1.1	183
09/05/2025	08:12:00	40.52902	141.54403	8	0.0	5	1.0	184
09/05/2025	08:13:00	40.52912	141.54399	18	0.0	4	1.0	191
09/05/2025	08:14:00	40.52905	141.54409	18	0.0	5	1.0	203
09/05/2025	08:15:00	40.52904	141.54398	12	0.0	4	1.1	193
09/05/2025	08:16:00	40.52902	141.54395	16	0.0	5	1.0	194
09/05/2025	08:17:00	40.52912	141.54391	-6	0.0	5	1.1	196
09/05/2025	08:18:00	40.52921	141.54412	14	0.0	5	1.1	233
09/05/2025	08:19:00	40.52918	141.54402	18	0.0	4	1.2	189
09/05/2025	08:20:00	40.52918	141.54406	8	0.0	4	1.2	193
09/05/2025	08:21:00	40.52928	141.54409	6	0.0	4	1.2	164
09/05/2025	08:22:00	40.52915	141.54409	24	0.0	4	1.2	163
09/05/2025	08:23:01	40.52943	141.54166	26	37.0	5	1.0	182
09/05/2025	08:24:00	40.52899	141.54046	-4	33.3	3	2.1	187
09/05/2025	08:25:00	40.52802	141.54176	38	25.9	3	2.1	182
09/05/2025	08:26:00	40.53068	141.54301	2	29.6	4	1.4	184
09/05/2025	08:27:00	40.53294	141.54761	-8	29.6	3	2.0	159
09/05/2025	08:28:00	40.53609	141.55154	28	25.9	4	1.1	156
09/05/2025	08:29:01	40.53810	141.55635	10	18.5	4	1.4	219
09/05/2025	08:30:00	40.53868	141.55793	22	29.6	5	1.1	188
09/05/2025	08:31:00	40.53862	141.55888	10	0.0	3	2.3	160
09/05/2025	08:32:00	40.53823	141.55864	24	0.0	3	2.0	189
09/05/2025	08:33:00	40.53831	141.55845	82	0.0	3	2.0	156
09/05/2025	08:34:00	40.53834	141.55860	16	3.7	3	1.3	187
09/05/2025	08:35:01	40.53824	141.55865	4	0.0	4	1.2	179
09/05/2025	08:36:02	40.53827	141.55862	4	0.0	5	1.1	182
09/05/2025	08:37:00	40.53830	141.55857	28	0.0	4	1.2	189
09/05/2025	08:38:00	40.53827	141.55851	-4	0.0	3	2.0	154
09/05/2025	08:39:00	40.53830	141.55865	12	0.0	3	2.0	152
09/05/2025	08:40:00	40.53826	141.55855	16	0.0	3	2.0	156
09/05/2025	08:41:00	40.53820	141.55864	-18	0.0	3	2.0	126
09/05/2025	08:42:01	40.53824	141.55858	12	0.0	4	1.1	181
09/05/2025	08:43:00	40.53829	141.55863	12	0.0	3	2.0	154
09/05/2025	08:44:00	40.53813	141.55842	14	0.0	3	2.1	180
09/05/2025	08:45:00	40.53830	141.55869	24	0.0	4	1.3	185
09/05/2025	08:46:00	40.53830	141.55869	8	0.0	5	1.1	189
09/05/2025	08:47:00	40.53841	141.55858	14	0.0	4	1.4	191
09/05/2025	08:48:00	40.53818	141.55873	-4	0.0	3	1.4	152
09/05/2025	08:49:00	40.53831	141.55877	12	0.0	4	1.4	188
09/05/2025	08:50:00	40.53821	141.55870	46	0.0	4	1.2	189
09/05/2025	08:51:00	40.53838	141.55862	20	0.0	5	1.4	191
09/05/2025	08:52:00	40.53823	141.55870	4	0.0	3	2.1	184
09/05/2025	08:53:01	40.53819	141.55852	-12	0.0	5	1.1	184
09/05/2025	08:54:00	40.53826	141.55861	16	0.0	5	1.1	186
09/05/2025	08:55:00	40.53836	141.55871	18	0.0	3	2.0	156
09/05/2025	08:56:00	40.53825	141.55875	-0	0.0	4	1.2	187
09/05/2025	08:56:59	40.53818	141.55838	46	0.0	3	2.2	157
09/05/2025	08:58:00	40.53831	141.55850	44	0.0	4	1.2	180
09/05/2025	08:59:00	40.53832	141.55854	16	0.0	4	1.2	186
09/05/2025	09:00:00	40.53835	141.55851	-0	0.0	4	1.2	185
09/05/2025	09:01:00	40.53840	141.55861	32	0.0	3	2.1	184
09/05/2025	09:01:59	40.53916	141.55761	-24	0.0	3	2.0	129
09/05/2025	09:03:00	40.53918	141.55764	-4	0.0	4	1.2	164
09/05/2025	09:04:00	40.53919	141.55763	-38	0.0	3	1.4	166
09/05/2025	09:05:00	40.53915	141.55764	-22	0.0	4	1.2	161
09/05/2025	09:05:59	40.53912	141.55758	4	3.7	3	2.2	163
09/05/2025	09:07:00	40.53919	141.55776	22	0.0	4	1.2	165
09/05/2025	09:08:00	40.53938	141.55814	20	0.0	4	1.3	156
09/05/2025	09:09:00	40.53909	141.55771	-6	0.0	4	1.3	161
09/05/2025	09:10:00	40.53919	141.55772	12	0.0	4	1.3	159
09/05/2025	09:11:00	40.53915	141.55770	8	0.0	4	1.3	162
09/05/2025	09:11:59	40.53918	141.55762	-2	0.0	3	1.4	131
09/05/2025	09:12:59	40.53908	141.55772	-6	0.0	3	2.4	164
09/05/2025	09:14:00	40.53915	141.55770	14	0.0	3	2.1	160
09/05/2025	09:15:00	40.53918	141.55776	32	0.0	4	1.3	161
09/05/2025	09:16:00	40.53917	141.55765	0	0.0	4	1.3	159
09/05/2025	09:17:00	40.53917	141.55788	52	0.0	4	1.4	163
09/05/2025	09:18:00	40.53916	141.55780	36	0.0	4	1.4	161
09/05/2025	09:19:00	40.53922	141.55786	46	0.0	4	1.4	161
09/05/2025	09:20:00	40.53916	141.55789	50	0.0	4	1.4	193
09/05/2025	09:21:00	40.53922	141.55773	22	0.0	4	1.4	159
09/05/2025	09:21:59	40.53925	141.55736	-64	3.7	3	2.3	159
09/05/2025	09:23:00	40.53916	141.55780	32	0.0	4	2.0	159
09/05/2025	09:24:00	40.53921	141.55799	74	0.0	4	2.0	158
09/05/2025	09:25:00	40.53912	141.55760	-30	0.0	3	2.4	155
09/05/2025	09:26:02	40.53922	141.55770	18	0.0	4	2.0	188
09/05/2025	09:27:02	40.53920	141.55770	22	0.0	4	2.0	182
09/05/2025	09:28:02	40.53914	141.55754	-20	0.0	3	3.1	152
09/05/2025	09:29:01	40.53919	141.55776	24	0.0	4	2.1	185
09/05/2025	09:30:02	40.53919	141.55790	58	0.0	4	2.1	153
09/05/2025	09:31:01	40.53913	141.55763	-10	0.0	3	3.2	217
09/05/2025	09:32:02	40.53919	141.55778	22	0.0	4	2.2	217
09/05/2025	09:33:02	40.53918	141.55780	26	0.0	4	2.2	184
09/05/2025	09:34:02	40.53919	141.55774	14	0.0	3	3.4	182
09/05/2025	09:35:02	40.53917	141.55783	28	0.0	4	2.3	181
09/05/2025	09:36:02	40.53921	141.55780	34	0.0	3	4.0	209
09/05/2025	09:37:01	40.53914	141.55755	-22	0.0	3	4.1	179
09/05/2025	09:38:02	40.53918	141.55796	54	0.0	3	4.2	160
09/05/2025	09:39:02	40.53916	141.55759	-2	0.0	3	4.2	180
09/05/2025	09:40:02	40.53920	141.55778	18	0.0	3	4.3	148
09/05/2025	09:41:02	40.53921	141.55779	12	0.0	3	4.4	139
09/05/2025	09:42:02	40.53919	141.55770	8	0.0	3	5.0	171
09/05/2025	09:43:02	40.53917	141.55781	26	0.0	2	5.4	139
09/05/2025	09:44:02	40.53917	141.55770	0	0.0	2	6.0	172
09/05/2025	09:45:02	40.53918	141.55792	46	0.0	2	6.1	151
09/05/2025	09:46:02	40.53918	141.55774	16	0.0	2	6.1	152
09/05/2025	09:47:02	40.53919	141.55764	-10	0.0	2	6.2	168
09/05/2025	09:48:01	40.53917	141.55785	24	0.0	2	6.3	145
09/05/2025	09:49:02	40.53914	141.55773	10	0.0	2	6.4	165
09/05/2025	09:50:02	40.53912	141.55801	58	0.0	2	7.0	149
09/05/2025	09:51:02	40.53914	141.55796	54	0.0	2	7.1	148
09/05/2025	09:52:02	40.53923	141.55785	4	0.0	2	7.2	116
09/05/2025	09:53:02	40.53916	141.55795	52	0.0	2	7.3	170
09/05/2025	09:54:02	40.53914	141.55811	60	0.0	2	7.4	99
09/05/2025	09:55:02	40.53923	141.55769	-4	0.0	2	8.0	136
09/05/2025	09:56:02	40.53921	141.55773	6	0.0	2	8.1	133
09/05/2025	09:57:02	40.53912	141.55787	36	0.0	2	8.2	102
09/05/2025	09:58:02	40.53914	141.55784	42	0.0	2	8.3	99
09/05/2025	09:59:02	40.53919	141.55789	36	0.0	2	8.4	164
09/05/2025	10:00:32	40.53918	141.55771	16	0.0	6	1.0	255
09/05/2025	10:01:00	40.53909	141.55756	4	0.0	5	1.2	226
09/05/2025	10:02:00	40.53912	141.55768	16	0.0	3	2.0	126
09/05/2025	10:03:00	40.53916	141.55772	20	0.0	6	1.0	222
09/05/2025	10:04:00	40.53913	141.55748	46	0.0	4	1.4	227
09/05/2025	10:05:00	40.53914	141.55773	8	0.0	5	1.1	224
09/05/2025	10:06:00	40.53919	141.55770	18	0.0	6	1.0	224
09/05/2025	10:06:59	40.53917	141.55792	8	3.7	4	1.3	226
09/05/2025	10:08:00	40.53944	141.55777	-44	7.4	3	2.1	192
09/05/2025	10:09:00	40.53917	141.55775	18	0.0	5	1.2	226
09/05/2025	10:09:59	40.53912	141.55776	12	0.0	5	1.2	226
09/05/2025	10:11:00	40.53920	141.55783	-6	0.0	5	1.2	228
09/05/2025	10:12:01	40.53919	141.55765	16	0.0	6	1.0	227
09/05/2025	10:13:00	40.53899	141.55772	-12	0.0	3	1.3	191
09/05/2025	10:14:00	40.53914	141.55763	20	0.0	5	1.2	197
09/05/2025	10:15:00	40.53919	141.55767	4	0.0	4	1.0	192
09/05/2025	10:16:00	40.53913	141.55776	0	0.0	5	1.0	230
09/05/2025	10:17:00	40.53921	141.55761	4	3.7	3	1.4	220
09/05/2025	10:18:01	40.53919	141.55775	26	0.0	5	1.2	219
09/05/2025	10:19:01	40.53904	141.55769	28	0.0	6	1.0	226
09/05/2025	10:20:00	40.53906	141.55750	16	0.0	5	1.2	227
09/05/2025	10:21:00	40.53919	141.55757	38	0.0	3	1.3	193
09/05/2025	10:22:00	40.53919	141.55767	8	0.0	6	1.0	228
09/05/2025	10:23:00	40.53921	141.55785	-10	3.7	5	1.1	223
09/05/2025	10:24:00	40.53938	141.55773	-6	0.0	4	1.2	219
09/05/2025	10:25:01	40.53899	141.55762	-6	0.0	4	2.0	189
09/05/2025	10:26:01	40.53917	141.55774	24	0.0	5	1.1	220
09/05/2025	10:27:01	40.53915	141.55770	36	0.0	5	1.1	223
09/05/2025	10:28:01	40.53908	141.55768	10	0.0	5	1.4	225
09/05/2025	10:29:00	40.53915	141.55773	10	0.0	5	1.4	245
09/05/2025	10:30:01	40.53918	141.55777	8	0.0	4	1.2	187
09/05/2025	10:31:01	40.53910	141.55777	-2	0.0	5	1.1	217
09/05/2025	10:32:00	40.53921	141.55770	20	0.0	3	2.3	158
09/05/2025	10:33:01	40.53915	141.55778	18	0.0	4	1.2	193
09/05/2025	10:34:00	40.53907	141.55771	0	0.0	5	1.1	192
09/05/2025	10:35:01	40.53912	141.55774	10	0.0	5	1.1	190
09/05/2025	10:36:01	40.53926	141.55767	10	0.0	4	1.3	220
09/05/2025	10:37:01	40.53915	141.55772	14	0.0	5	1.1	223
09/05/2025	10:38:02	40.53916	141.55769	16	0.0	5	1.1	222
09/05/2025	10:39:00	40.53915	141.55777	22	0.0	5	1.4	222
09/05/2025	10:40:00	40.53922	141.55775	14	0.0	5	1.1	225
09/05/2025	10:41:00	40.53917	141.55768	20	0.0	5	1.3	200
09/05/2025	10:42:00	40.53917	141.55782	32	0.0	5	1.1	199
09/05/2025	10:43:00	40.53926	141.55749	34	0.0	5	1.1	222
09/05/2025	10:44:02	40.53921	141.55773	16	0.0	5	1.1	227
09/05/2025	10:45:00	40.53914	141.55785	22	0.0	4	1.2	197
09/05/2025	10:46:00	40.53915	141.55773	6	0.0	5	1.1	202
09/05/2025	10:47:00	40.53930	141.55763	8	0.0	4	1.1	170
09/05/2025	10:48:00	40.53909	141.55768	-6	0.0	5	1.1	197
09/05/2025	10:49:00	40.53924	141.55780	32	0.0	5	1.1	198
09/05/2025	10:50:01	40.53918	141.55775	4	0.0	5	1.3	202
09/05/2025	10:51:01	40.53923	141.55772	4	0.0	5	1.1	202
09/05/2025	10:52:00	40.53913	141.55747	-8	3.7	4	1.2	166
09/05/2025	10:53:01	40.53919	141.55773	6	0.0	5	1.1	202
09/05/2025	10:54:01	40.53916	141.55774	8	0.0	3	1.4	133
09/05/2025	10:55:01	40.53909	141.55755	-54	0.0	3	1.4	129
09/05/2025	10:56:00	40.53943	141.55774	26	0.0	4	1.4	163
09/05/2025	10:57:02	40.53917	141.55773	16	0.0	5	1.1	197
09/05/2025	10:58:00	40.53924	141.55776	34	0.0	4	1.1	165
09/05/2025	10:59:00	40.53909	141.55774	12	0.0	5	1.0	196
09/05/2025	11:00:01	40.53912	141.55765	20	0.0	5	1.0	198
09/05/2025	11:01:00	40.53915	141.55780	6	0.0	3	2.3	162
09/05/2025	11:02:00	40.53915	141.55762	54	0.0	4	1.3	194
09/05/2025	11:03:01	40.53918	141.55775	0	0.0	5	1.0	196
09/05/2025	11:04:00	40.53923	141.55762	-8	0.0	3	2.1	160
09/05/2025	11:05:01	40.53909	141.55766	30	0.0	4	1.3	194
09/05/2025	11:06:00	40.53907	141.55777	28	3.7	4	1.3	169
09/05/2025	11:07:00	40.53914	141.55775	34	0.0	3	1.3	160
09/05/2025	11:08:00	40.53919	141.55776	72	3.7	3	2.1	160
09/05/2025	11:09:00	40.53902	141.55767	18	0.0	4	1.3	192
09/05/2025	11:10:01	40.53921	141.55776	4	0.0	4	1.3	187
09/05/2025	11:11:00	40.53909	141.55759	10	0.0	4	1.3	167
09/05/2025	11:12:00	40.53923	141.55760	-2	3.7	4	1.3	170
09/05/2025	11:13:01	40.53912	141.55770	8	0.0	4	1.3	184
09/05/2025	11:14:00	40.53921	141.55771	46	0.0	4	1.3	168
09/05/2025	11:15:00	40.53917	141.55772	-32	0.0	4	1.3	169
09/05/2025	11:16:00	40.53912	141.55765	2	0.0	4	1.3	168
09/05/2025	11:17:00	40.53927	141.55781	-24	0.0	4	1.3	169
09/05/2025	11:18:00	40.53914	141.55757	24	0.0	4	1.3	170
09/05/2025	11:19:01	40.53927	141.55773	4	0.0	3	1.3	133
09/05/2025	11:20:00	40.53898	141.55760	60	0.0	4	1.3	169
09/05/2025	11:21:01	40.53916	141.55756	62	0.0	3	2.1	135
09/05/2025	11:22:00	40.53920	141.55769	50	0.0	3	1.3	133
09/05/2025	11:23:01	40.53922	141.55768	-18	0.0	4	2.3	165
09/05/2025	11:24:00	40.53916	141.55753	40	0.0	4	1.2	167
09/05/2025	11:25:01	40.53904	141.55768	56	0.0	3	2.0	134
09/05/2025	11:26:00	40.53933	141.55754	-64	0.0	3	2.0	135
09/05/2025	11:27:01	40.53923	141.55774	12	0.0	4	1.2	163
09/05/2025	11:28:00	40.53920	141.55753	0	0.0	4	2.2	166
09/05/2025	11:29:01	40.53921	141.55769	18	0.0	4	1.2	163
09/05/2025	11:30:01	40.53912	141.55784	42	0.0	4	1.2	164
09/05/2025	11:31:01	40.53919	141.55774	12	0.0	4	1.2	167
09/05/2025	11:32:01	40.53916	141.55764	22	0.0	4	1.2	168
09/05/2025	11:33:00	40.53912	141.55779	20	0.0	4	2.1	168
09/05/2025	11:34:00	40.53923	141.55767	22	3.7	3	2.2	165
09/05/2025	11:35:02	40.53915	141.55771	24	0.0	4	1.2	164
09/05/2025	11:36:00	40.53913	141.55786	-28	3.7	3	2.1	162
09/05/2025	11:37:00	40.53921	141.55775	-24	0.0	3	2.1	162
09/05/2025	11:38:00	40.53919	141.55763	14	0.0	3	1.4	163
09/05/2025	11:39:00	40.53914	141.55777	-108	0.0	3	2.1	161
09/05/2025	11:40:00	40.53906	141.55758	14	0.0	3	1.4	160
09/05/2025	11:41:02	40.53920	141.55764	36	0.0	4	1.2	161
09/05/2025	11:42:00	40.53924	141.55790	-44	0.0	3	1.3	161
09/05/2025	11:43:02	40.53920	141.55767	-14	0.0	4	1.2	193
09/05/2025	11:44:00	40.53922	141.55757	22	3.7	3	1.3	160
09/05/2025	11:45:01	40.53918	141.55764	8	0.0	3	1.3	161
09/05/2025	11:46:01	40.53915	141.55772	12	0.0	3	1.3	163
09/05/2025	11:47:01	40.53914	141.55774	10	0.0	3	1.3	164
09/05/2025	11:48:00	40.53915	141.55770	6	0.0	3	2.0	137
09/05/2025	11:49:00	40.53924	141.55774	10	0.0	3	2.0	138
09/05/2025	11:50:01	40.53924	141.55765	-16	0.0	3	1.3	161
09/05/2025	11:51:00	40.53915	141.55751	-28	0.0	3	1.4	158
09/05/2025	11:52:00	40.53910	141.55762	-20	0.0	3	1.4	156
09/05/2025	11:53:00	40.53905	141.55765	68	3.7	3	1.4	159
09/05/2025	11:54:02	40.53915	141.55776	4	0.0	3	1.3	160
09/05/2025	11:55:00	40.53934	141.55772	-46	0.0	3	1.4	132
09/05/2025	11:56:00	40.53919	141.55773	20	0.0	3	1.4	133
09/05/2025	11:57:02	40.53918	141.55768	6	0.0	3	1.3	157
09/05/2025	11:58:00	40.53913	141.55781	10	0.0	3	1.4	133
09/05/2025	11:59:00	40.53925	141.55775	10	0.0	3	1.4	135
09/05/2025	12:00:00	40.53911	141.55768	16	0.0	3	1.4	137
09/05/2025	12:01:00	40.53926	141.55767	-22	0.0	3	1.4	136
09/05/2025	12:02:00	40.53926	141.55762	-6	0.0	3	1.4	135
09/05/2025	12:03:01	40.53917	141.55771	4	0.0	3	1.4	133
09/05/2025	12:04:03	40.53926	141.55768	12	0.0	3	1.4	168
09/05/2025	12:05:00	40.53918	141.55773	52	0.0	3	1.4	135
09/05/2025	12:06:00	40.53919	141.55771	-22	0.0	3	1.4	136
09/05/2025	12:07:00	40.53931	141.55771	22	0.0	3	1.4	135
09/05/2025	12:08:00	40.53913	141.55778	-2	0.0	3	1.4	132
09/05/2025	12:09:00	40.53922	141.55779	-2	0.0	3	1.4	133
09/05/2025	12:10:00	40.53912	141.55772	36	0.0	3	1.4	132
09/05/2025	12:11:01	40.53914	141.55769	32	0.0	3	1.4	127
09/05/2025	12:12:01	40.53932	141.55761	-16	0.0	3	1.4	166
09/05/2025	12:13:01	40.53920	141.55777	12	0.0	3	1.4	166
09/05/2025	12:14:01	40.53930	141.55777	-0	0.0	3	1.3	168
09/05/2025	12:15:01	40.53913	141.55767	8	0.0	3	1.3	132
09/05/2025	12:16:01	40.53919	141.55768	6	0.0	3	1.3	131
09/05/2025	12:17:01	40.53914	141.55772	2	0.0	3	1.3	169
09/05/2025	12:18:00	40.53921	141.55745	-8	0.0	3	1.3	133
09/05/2025	12:19:02	40.53914	141.55776	18	0.0	3	1.3	167
09/05/2025	12:20:01	40.53913	141.55768	10	0.0	3	1.3	169
09/05/2025	12:21:01	40.53917	141.55769	10	0.0	3	1.3	134
09/05/2025	12:22:02	40.53917	141.55769	26	0.0	3	1.3	169
09/05/2025	12:23:01	40.53918	141.55769	-8	0.0	3	1.3	132
09/05/2025	12:24:01	40.53929	141.55766	12	0.0	3	1.3	136
09/05/2025	12:25:00	40.53907	141.55786	32	0.0	3	1.3	136
09/05/2025	12:26:01	40.53919	141.55772	16	0.0	3	1.3	135
09/05/2025	12:27:00	40.53923	141.55762	2	0.0	3	1.3	134
09/05/2025	12:28:01	40.53921	141.55767	4	0.0	3	1.3	131
09/05/2025	12:29:00	40.53897	141.55772	38	7.4	3	1.4	133
09/05/2025	12:30:01	40.53920	141.55764	-0	0.0	3	1.4	203
09/05/2025	12:31:01	40.53910	141.55773	22	0.0	3	1.4	132
09/05/2025	12:32:00	40.53912	141.55757	8	0.0	3	1.4	132
09/05/2025	12:33:03	40.53916	141.55773	10	0.0	3	1.4	203
09/05/2025	12:34:00	40.53918	141.55784	10	0.0	3	1.4	134
09/05/2025	12:35:00	40.53930	141.55763	-2	0.0	3	1.4	138
09/05/2025	12:36:00	40.53918	141.55772	-14	0.0	3	1.4	137
09/05/2025	12:37:00	40.53919	141.55773	8	0.0	3	1.4	135
09/05/2025	12:38:00	40.53922	141.55766	18	0.0	3	1.4	135
09/05/2025	12:39:00	40.53905	141.55787	48	0.0	3	1.4	132
09/05/2025	12:40:01	40.53916	141.55783	8	0.0	3	1.4	132
09/05/2025	12:41:00	40.53926	141.55764	8	0.0	3	1.4	134
09/05/2025	12:42:00	40.53905	141.55788	8	3.7	3	1.4	133
09/05/2025	12:43:00	40.53923	141.55782	20	0.0	3	1.4	134
09/05/2025	12:44:01	40.53911	141.55784	4	0.0	3	1.4	166
09/05/2025	12:45:00	40.53911	141.55773	38	0.0	3	1.4	131
09/05/2025	12:46:01	40.53919	141.55766	6	0.0	3	1.4	164
09/05/2025	12:47:01	40.53919	141.55781	16	0.0	3	1.4	130
09/05/2025	12:48:00	40.53906	141.55770	40	0.0	3	1.4	134
09/05/2025	12:49:01	40.53922	141.55763	10	0.0	3	1.4	128
09/05/2025	12:50:00	40.53921	141.55782	0	0.0	3	1.4	167
09/05/2025	12:51:01	40.53906	141.55783	18	0.0	3	1.4	165
09/05/2025	12:52:00	40.53908	141.55791	30	0.0	3	1.4	128
09/05/2025	12:53:00	40.53922	141.55773	-6	0.0	3	1.4	130
09/05/2025	12:54:01	40.53924	141.55772	-4	0.0	3	1.4	168
09/05/2025	12:55:00	40.53926	141.55770	2	0.0	3	1.4	130
09/05/2025	12:56:03	40.53912	141.55776	2	0.0	3	1.4	166
09/05/2025	12:57:01	40.53921	141.55770	8	0.0	3	1.4	133
09/05/2025	12:58:00	40.53911	141.55784	22	0.0	3	1.4	134
09/05/2025	12:59:01	40.53909	141.55780	14	0.0	3	1.4	128
09/05/2025	13:00:01	40.53916	141.55772	10	0.0	3	1.4	166
09/05/2025	13:01:00	40.53913	141.55773	16	0.0	3	1.4	131
09/05/2025	13:02:02	40.53920	141.55767	4	0.0	3	1.4	165
09/05/2025	13:03:02	40.53922	141.55769	6	0.0	3	1.4	162
09/05/2025	13:04:01	40.53912	141.55771	26	0.0	3	2.0	132
09/05/2025	13:05:01	40.53912	141.55764	18	0.0	3	2.0	131
09/05/2025	13:06:01	40.53918	141.55770	-0	0.0	3	2.0	131
09/05/2025	13:07:02	40.53907	141.55780	16	0.0	3	2.0	163
09/05/2025	13:08:02	40.53900	141.55781	18	0.0	3	2.0	163
09/05/2025	13:09:02	40.53918	141.55773	16	0.0	3	2.0	159
09/05/2025	13:10:02	40.53910	141.55778	14	0.0	3	2.0	159
09/05/2025	13:11:04	40.53920	141.55771	12	0.0	3	2.0	181
09/05/2025	13:12:01	40.53925	141.55772	-12	0.0	3	2.0	190
09/05/2025	13:13:03	40.53918	141.55775	8	0.0	3	2.0	158
09/05/2025	13:14:01	40.53942	141.55768	-10	0.0	3	2.0	123
09/05/2025	13:15:04	40.53920	141.55772	6	0.0	3	2.0	147
09/05/2025	13:16:03	40.53924	141.55768	16	0.0	3	2.0	222
09/05/2025	13:17:04	40.53919	141.55772	8	0.0	3	2.0	176
09/05/2025	13:18:03	40.53908	141.55777	22	0.0	3	2.0	212
09/05/2025	13:19:04	40.53897	141.55788	12	0.0	3	2.0	239
09/05/2025	13:20:04	40.53946	141.55755	0	0.0	3	2.0	174
09/05/2025	13:21:04	40.53921	141.55771	14	0.0	3	2.1	241
09/05/2025	13:22:06	40.53927	141.55765	14	0.0	3	2.1	238
09/05/2025	13:23:04	40.53921	141.55772	8	3.7	3	2.1	205
09/05/2025	13:24:07	40.53904	141.55780	18	0.0	3	2.1	202
09/05/2025	13:25:09	40.53944	141.55756	4	0.0	3	2.1	233
09/05/2025	13:26:19	40.53933	141.55763	6	11.1	3	2.1	265
09/05/2025	13:27:08	40.53930	141.55764	6	3.7	3	2.1	166
09/05/2025	13:28:05	40.53946	141.55758	10	3.7	3	2.1	166
09/05/2025	13:29:12	40.53938	141.55762	6	0.0	3	2.1	252
09/05/2025	13:30:31	40.53913	141.55774	12	0.0	3	2.1	279
09/05/2025	13:31:02	40.53916	141.55772	8	0.0	4	1.0	229
09/05/2025	13:32:01	40.53915	141.55766	12	0.0	3	1.3	180
09/05/2025	13:33:02	40.53923	141.55771	16	0.0	3	1.3	215
09/05/2025	13:34:01	40.53912	141.55769	12	0.0	3	1.3	182
09/05/2025	13:35:00	40.53925	141.55775	6	0.0	3	1.4	135
09/05/2025	13:36:01	40.53923	141.55769	20	0.0	3	1.4	181
09/05/2025	13:37:00	40.53932	141.55782	12	0.0	3	1.4	163
09/05/2025	13:38:01	40.53923	141.55773	8	0.0	3	1.4	212
09/05/2025	13:39:01	40.53922	141.55769	14	0.0	3	2.2	160
09/05/2025	13:40:01	40.53921	141.55780	8	0.0	3	1.4	198
09/05/2025	13:41:00	40.53907	141.55771	30	0.0	3	1.4	162
09/05/2025	13:42:00	40.53910	141.55786	6	0.0	3	1.4	162
09/05/2025	13:43:00	40.53910	141.55771	24	0.0	3	1.4	162
09/05/2025	13:44:01	40.53918	141.55770	18	0.0	3	1.4	181
09/05/2025	13:45:01	40.53922	141.55772	12	0.0	3	1.4	181
09/05/2025	13:46:02	40.53914	141.55765	26	0.0	3	1.4	162
09/05/2025	13:47:02	40.53919	141.55770	20	0.0	3	1.4	162
09/05/2025	13:48:03	40.53916	141.55769	16	0.0	3	1.4	166
09/05/2025	13:49:01	40.53915	141.55768	28	0.0	3	1.4	161
09/05/2025	13:50:02	40.53914	141.55770	4	0.0	3	1.4	161
09/05/2025	13:51:01	40.53914	141.55766	22	0.0	3	1.4	163
09/05/2025	13:52:02	40.53920	141.55773	4	0.0	3	1.4	162
09/05/2025	13:53:03	40.53915	141.55768	20	0.0	3	1.4	161
09/05/2025	13:54:03	40.53921	141.55769	22	0.0	3	1.4	162
09/05/2025	13:55:02	40.53920	141.55773	10	0.0	3	1.4	195
09/05/2025	13:56:03	40.53921	141.55771	18	0.0	3	1.4	164
09/05/2025	13:57:03	40.53920	141.55771	14	0.0	3	1.4	198
09/05/2025	13:58:03	40.53913	141.55768	12	0.0	2	2.3	192
09/05/2025	13:59:03	40.53916	141.55769	14	0.0	2	2.3	157
09/05/2025	14:00:03	40.53917	141.55770	12	0.0	2	2.3	131
09/05/2025	14:01:03	40.53916	141.55769	20	0.0	2	2.2	138
09/05/2025	14:02:02	40.53916	141.55768	16	0.0	2	2.2	203
09/05/2025	14:03:02	40.53914	141.55769	16	0.0	2	2.2	137
09/05/2025	14:04:02	40.53920	141.55772	20	0.0	2	2.2	135
09/05/2025	14:05:02	40.53915	141.55770	8	0.0	2	2.2	167
09/05/2025	14:06:02	40.53919	141.55767	22	0.0	2	2.2	135
09/05/2025	14:07:01	40.53908	141.55763	34	0.0	2	2.2	131
09/05/2025	14:08:01	40.53905	141.55763	28	0.0	2	2.1	136
09/05/2025	14:09:01	40.53921	141.55761	0	0.0	2	2.1	134
09/05/2025	14:10:01	40.53915	141.55762	20	0.0	2	2.1	132
09/05/2025	14:11:01	40.53915	141.55773	54	0.0	2	2.1	129
09/05/2025	14:12:01	40.53919	141.55773	18	0.0	2	2.1	132
09/05/2025	14:13:01	40.53905	141.55759	16	0.0	2	2.1	166
09/05/2025	14:14:01	40.53917	141.55771	30	0.0	2	2.1	135
09/05/2025	14:15:02	40.53923	141.55772	24	0.0	2	2.1	135
09/05/2025	14:16:01	40.53912	141.55774	10	0.0	2	2.1	135
09/05/2025	14:17:01	40.53911	141.55772	34	0.0	2	2.1	138
09/05/2025	14:18:01	40.53921	141.55774	38	0.0	2	2.1	137
09/05/2025	14:19:02	40.53920	141.55775	0	0.0	2	2.0	138
09/05/2025	14:20:01	40.53922	141.55770	-6	0.0	2	2.0	140
09/05/2025	14:21:01	40.53913	141.55769	20	0.0	2	2.0	140
09/05/2025	14:22:01	40.53921	141.55773	-18	0.0	2	2.0	169
09/05/2025	14:23:01	40.53919	141.55768	46	0.0	2	2.0	138
09/05/2025	14:24:01	40.53923	141.55776	-4	0.0	2	2.0	137
09/05/2025	14:25:01	40.53922	141.55766	32	0.0	2	2.0	132
09/05/2025	14:26:01	40.53911	141.55774	90	0.0	2	2.0	138
09/05/2025	14:27:01	40.53924	141.55769	36	0.0	2	2.0	140
09/05/2025	14:28:01	40.53919	141.55778	50	0.0	2	2.0	139
09/05/2025	14:29:01	40.53922	141.55759	16	0.0	2	2.0	135
09/05/2025	14:30:01	40.53902	141.55766	32	0.0	2	2.0	137
09/05/2025	14:31:01	40.53916	141.55773	20	0.0	2	2.0	137
09/05/2025	14:32:02	40.53920	141.55777	18	0.0	2	2.0	165
09/05/2025	14:33:01	40.53909	141.55769	16	0.0	2	2.0	133
09/05/2025	14:34:01	40.53918	141.55770	0	0.0	2	2.0	132
09/05/2025	14:35:01	40.53915	141.55767	14	0.0	2	2.0	132
09/05/2025	14:36:01	40.53909	141.55773	16	0.0	2	2.0	134
09/05/2025	14:37:01	40.53910	141.55775	38	0.0	2	2.0	132
09/05/2025	14:38:01	40.53920	141.55768	20	0.0	2	2.0	131
09/05/2025	14:39:01	40.53931	141.55771	-2	0.0	2	2.0	130
09/05/2025	14:40:01	40.53907	141.55768	-32	0.0	2	2.0	130
09/05/2025	14:41:02	40.53920	141.55768	28	0.0	2	2.0	131
09/05/2025	14:42:02	40.53921	141.55770	-0	0.0	2	2.0	132
09/05/2025	14:43:02	40.53908	141.55772	4	0.0	2	2.0	166
09/05/2025	14:44:03	40.53922	141.55771	4	0.0	2	2.0	163
09/05/2025	14:45:02	40.53929	141.55770	24	0.0	2	2.0	130
09/05/2025	14:46:02	40.53921	141.55773	12	0.0	2	2.0	164
09/05/2025	14:47:03	40.53928	141.55767	-20	0.0	2	2.0	195
09/05/2025	14:48:03	40.53918	141.55770	24	0.0	2	2.0	165
09/05/2025	14:49:02	40.53913	141.55775	10	0.0	2	2.0	162
09/05/2025	14:50:03	40.53913	141.55767	-14	0.0	2	2.0	162
09/05/2025	14:51:04	40.53918	141.55771	18	0.0	2	2.0	161
09/05/2025	14:52:03	40.53916	141.55770	-0	0.0	2	2.0	163
09/05/2025	14:53:03	40.53917	141.55771	4	0.0	2	2.0	129
09/05/2025	14:54:03	40.53913	141.55772	-4	0.0	2	2.0	163
09/05/2025	14:55:02	40.53924	141.55772	18	0.0	2	2.0	161
09/05/2025	14:56:03	40.53909	141.55775	18	0.0	2	2.0	126
09/05/2025	14:57:03	40.53920	141.55771	24	0.0	2	2.0	161
09/05/2025	14:58:04	40.53910	141.55772	-4	0.0	2	2.0	159
09/05/2025	14:59:04	40.53909	141.55774	-4	0.0	1	3.0	160
09/05/2025	15:00:32	40.53918	141.55770	10	0.0	4	1.2	216
09/05/2025	15:01:02	40.53921	141.55772	20	0.0	3	10.0	157
09/05/2025	15:02:02	40.53915	141.55773	2	0.0	3	8.1	161
09/05/2025	15:03:02	40.53904	141.55773	-28	0.0	3	6.4	159
09/05/2025	15:04:01	40.53919	141.55771	18	0.0	3	6.0	156
09/05/2025	15:05:02	40.53913	141.55771	-12	0.0	3	5.1	188
09/05/2025	15:06:02	40.53930	141.55768	48	0.0	3	4.4	187
09/05/2025	15:07:02	40.53900	141.55776	-56	0.0	3	4.1	135
09/05/2025	15:08:01	40.53922	141.55772	24	0.0	3	4.0	138
09/05/2025	15:09:01	40.53927	141.55766	38	0.0	3	3.3	190
09/05/2025	15:10:02	40.53914	141.55778	-24	0.0	3	3.2	137
09/05/2025	15:11:01	40.53924	141.55768	16	0.0	3	3.1	159
09/05/2025	15:12:01	40.53919	141.55768	12	0.0	3	3.0	138
09/05/2025	15:13:01	40.53924	141.55774	8	0.0	3	2.4	136
09/05/2025	15:14:00	40.53924	141.55772	40	0.0	3	2.3	168
09/05/2025	15:15:00	40.53918	141.55771	-2	0.0	3	2.3	138
09/05/2025	15:16:00	40.53917	141.55776	42	0.0	3	2.2	140
09/05/2025	15:17:00	40.53925	141.55773	0	7.4	3	2.3	138
09/05/2025	15:18:00	40.53930	141.55769	18	7.4	3	2.1	171
09/05/2025	15:19:02	40.53915	141.55776	-2	0.0	3	2.1	139
09/05/2025	15:20:00	40.53917	141.55780	6	0.0	3	2.1	138
09/05/2025	15:21:01	40.53916	141.55770	-0	0.0	3	2.0	135
09/05/2025	15:22:00	40.53916	141.55764	-14	0.0	3	2.0	137
09/05/2025	15:23:01	40.53915	141.55770	6	0.0	2	4.4	138
09/05/2025	15:24:01	40.53928	141.55781	40	0.0	3	2.0	137
09/05/2025	15:25:00	40.53926	141.55765	50	0.0	3	2.0	174
09/05/2025	15:26:01	40.53917	141.55768	-8	0.0	3	1.4	139
09/05/2025	15:27:00	40.53918	141.55764	26	0.0	3	2.1	175
09/05/2025	15:28:00	40.53921	141.55775	24	0.0	3	1.4	139
09/05/2025	15:29:00	40.53904	141.55778	12	3.7	3	1.4	138
09/05/2025	15:30:01	40.53919	141.55769	-2	0.0	3	1.4	141
09/05/2025	15:31:00	40.53931	141.55766	10	0.0	3	1.4	141
09/05/2025	15:32:00	40.53921	141.55771	30	0.0	3	1.4	140
09/05/2025	15:33:00	40.53910	141.55772	2	0.0	3	1.4	173
09/05/2025	15:34:00	40.53922	141.55761	46	0.0	3	1.4	135
09/05/2025	15:35:02	40.53919	141.55774	0	0.0	3	1.4	171
09/05/2025	15:36:00	40.53922	141.55764	26	0.0	3	1.4	137
09/05/2025	15:37:00	40.53911	141.55774	-20	0.0	3	1.4	136
09/05/2025	15:37:59	40.53919	141.55757	-18	3.7	3	2.1	139
09/05/2025	15:39:00	40.53924	141.55773	8	0.0	3	1.4	136
09/05/2025	15:40:01	40.53923	141.55772	-6	0.0	3	1.4	138
09/05/2025	15:41:00	40.53905	141.55776	12	0.0	3	1.4	171
09/05/2025	15:42:00	40.53910	141.55783	18	0.0	3	1.4	138
09/05/2025	15:43:01	40.53920	141.55772	4	0.0	3	1.4	138
09/05/2025	15:44:00	40.53916	141.55774	32	0.0	3	1.4	140
09/05/2025	15:45:00	40.53913	141.55768	20	0.0	3	1.4	136
09/05/2025	15:46:00	40.53922	141.55769	20	0.0	3	1.4	138
09/05/2025	15:47:00	40.53913	141.55774	4	0.0	3	1.4	138
09/05/2025	15:48:00	40.53924	141.55773	16	0.0	3	1.4	137
09/05/2025	15:49:01	40.53914	141.55772	14	0.0	2	2.2	138
09/05/2025	15:50:00	40.53902	141.55779	4	0.0	3	1.4	171
09/05/2025	15:51:00	40.53917	141.55771	18	0.0	3	1.4	135
09/05/2025	15:52:01	40.53916	141.55769	18	0.0	3	2.0	171
09/05/2025	15:53:01	40.53923	141.55767	-0	0.0	3	2.0	135
09/05/2025	15:53:59	40.53913	141.55764	-6	0.0	3	2.0	137
09/05/2025	15:54:59	40.53920	141.55761	46	0.0	3	2.0	136
09/05/2025	15:56:00	40.53932	141.55768	-18	0.0	3	2.0	135
09/05/2025	15:56:59	40.53925	141.55761	-30	0.0	3	2.0	136
09/05/2025	15:58:00	40.53916	141.55766	12	0.0	3	2.0	135
09/05/2025	15:59:01	40.53920	141.55776	6	0.0	3	2.0	132
09/05/2025	16:00:01	40.53922	141.55767	-10	0.0	2	2.4	101
09/05/2025	16:01:01	40.53898	141.55791	60	0.0	3	2.1	165
09/05/2025	16:02:01	40.53919	141.55769	10	0.0	2	2.1	132
09/05/2025	16:03:01	40.53932	141.55762	-30	0.0	2	2.2	169
09/05/2025	16:04:01	40.53927	141.55761	4	0.0	3	2.1	132
09/05/2025	16:05:02	40.53911	141.55775	22	0.0	3	2.1	130
09/05/2025	16:06:00	40.53926	141.55762	-4	0.0	3	2.1	132
09/05/2025	16:07:01	40.53915	141.55766	6	0.0	3	2.1	129
09/05/2025	16:08:01	40.53920	141.55767	0	0.0	3	2.2	130
09/05/2025	16:09:01	40.53895	141.55793	58	0.0	3	2.2	131
09/05/2025	16:10:01	40.53911	141.55776	20	0.0	3	2.2	130
09/05/2025	16:11:01	40.53920	141.55761	2	0.0	3	2.2	131
09/05/2025	16:12:01	40.53907	141.55780	36	0.0	3	2.2	130
09/05/2025	16:13:01	40.53908	141.55783	28	0.0	2	2.3	128
09/05/2025	16:14:01	40.53911	141.55779	8	0.0	3	2.2	127
09/05/2025	16:15:02	40.53911	141.55777	10	0.0	2	2.4	156
09/05/2025	16:16:02	40.53911	141.55773	6	0.0	2	2.4	155
09/05/2025	16:17:01	40.53917	141.55773	10	0.0	2	2.4	123
09/05/2025	16:18:02	40.53911	141.55779	16	0.0	2	2.4	160
09/05/2025	16:19:01	40.53911	141.55777	10	0.0	2	3.0	128
09/05/2025	16:20:02	40.53911	141.55776	22	0.0	2	3.0	192
09/05/2025	16:21:01	40.53910	141.55786	34	0.0	2	3.0	124
09/05/2025	16:22:01	40.53920	141.55781	28	0.0	2	3.0	138
09/05/2025	16:23:01	40.53922	141.55771	30	0.0	2	3.1	101
09/05/2025	16:24:01	40.53907	141.55781	18	0.0	2	3.1	136
09/05/2025	16:25:01	40.53916	141.55773	36	0.0	2	3.1	154
09/05/2025	16:26:01	40.53918	141.55770	4	0.0	2	3.1	101
09/05/2025	16:27:02	40.53916	141.55767	6	0.0	2	3.2	102
09/05/2025	16:28:01	40.53950	141.55728	-16	0.0	2	3.2	99
09/05/2025	16:29:02	40.53912	141.55783	20	0.0	2	3.2	172
09/05/2025	16:30:02	40.53938	141.55742	-18	0.0	2	3.3	138
09/05/2025	16:31:01	40.53901	141.55795	54	0.0	2	3.3	173
09/05/2025	16:32:01	40.53931	141.55757	10	0.0	2	3.3	171
09/05/2025	16:33:02	40.53915	141.55772	2	0.0	2	3.4	171
09/05/2025	16:34:01	40.53924	141.55754	0	0.0	2	3.4	135
09/05/2025	16:35:02	40.53909	141.55777	24	0.0	2	4.0	170
09/05/2025	16:36:01	40.53917	141.55778	30	0.0	2	4.0	137
09/05/2025	16:37:01	40.53935	141.55745	-10	0.0	2	4.0	166
09/05/2025	16:38:02	40.53915	141.55773	8	0.0	2	4.1	171
09/05/2025	16:39:02	40.53915	141.55771	0	0.0	2	4.1	103
09/05/2025	16:40:01	40.53909	141.55788	6	0.0	2	4.2	138
09/05/2025	16:41:02	40.53931	141.55743	-10	0.0	2	4.2	101
09/05/2025	16:42:01	40.53944	141.55729	-14	0.0	2	4.3	133
09/05/2025	16:43:01	40.53906	141.55785	22	0.0	2	4.3	137
09/05/2025	16:44:01	40.53893	141.55810	26	3.7	2	4.4	102
09/05/2025	16:45:02	40.53926	141.55761	8	0.0	2	5.0	136
09/05/2025	16:46:03	40.53936	141.55748	2	0.0	2	5.0	137
09/05/2025	16:47:02	40.53923	141.55764	2	0.0	2	5.1	101
09/05/2025	16:48:02	40.53941	141.55736	-2	0.0	2	5.2	104
09/05/2025	16:49:01	40.53922	141.55769	8	0.0	2	5.2	138
09/05/2025	16:50:01	40.53937	141.55745	-0	0.0	2	5.3	137
09/05/2025	16:51:01	40.53921	141.55773	10	0.0	2	5.4	140
09/05/2025	16:52:01	40.53920	141.55766	4	0.0	2	6.0	138
09/05/2025	16:53:01	40.53919	141.55767	4	0.0	2	6.1	136
09/05/2025	16:54:02	40.53917	141.55778	20	0.0	2	6.2	103
09/05/2025	16:55:02	40.53921	141.55762	8	0.0	2	6.3	104
09/05/2025	16:56:01	40.53909	141.55782	2	0.0	2	6.4	101
09/05/2025	16:57:02	40.53911	141.55785	12	0.0	2	7.0	137
09/05/2025	16:58:02	40.53911	141.55781	6	0.0	2	7.1	101
09/05/2025	16:59:02	40.53890	141.55812	16	7.4	2	7.3	100
09/05/2025	17:00:32	40.53917	141.55772	8	0.0	5	1.0	227
09/05/2025	17:01:00	40.53907	141.55799	-18	0.0	3	2.0	200
09/05/2025	17:02:00	40.53915	141.55781	4	0.0	5	1.0	199
09/05/2025	17:03:00	40.53916	141.55774	-6	0.0	5	1.0	199
09/05/2025	17:04:00	40.53939	141.55773	44	0.0	4	1.1	200
09/05/2025	17:05:00	40.53913	141.55789	-8	0.0	4	1.3	197
09/05/2025	17:06:00	40.53918	141.55753	-10	0.0	5	1.0	201
09/05/2025	17:07:00	40.53912	141.55775	-32	3.7	3	2.0	192
09/05/2025	17:08:00	40.53912	141.55787	-10	0.0	4	1.3	191
09/05/2025	17:09:01	40.53923	141.55756	56	0.0	3	1.4	183
09/05/2025	17:10:00	40.53935	141.55765	42	3.7	3	2.0	155
09/05/2025	17:11:01	40.53916	141.55778	-8	0.0	3	1.4	185
09/05/2025	17:12:01	40.53917	141.55774	14	0.0	4	1.3	187
09/05/2025	17:13:00	40.53915	141.55775	38	0.0	3	1.4	187
09/05/2025	17:14:00	40.53919	141.55786	-16	0.0	3	1.4	165
09/05/2025	17:15:01	40.53919	141.55766	2	0.0	4	1.3	184
09/05/2025	17:16:00	40.53925	141.55772	66	0.0	3	2.0	135
09/05/2025	17:17:01	40.53919	141.55777	4	0.0	3	1.3	157
09/05/2025	17:18:00	40.53919	141.55783	-28	0.0	3	1.3	138
09/05/2025	17:19:01	40.53919	141.55773	16	0.0	3	1.3	154
09/05/2025	17:20:00	40.53915	141.55768	8	0.0	3	1.3	136
09/05/2025	17:21:01	40.53911	141.55772	10	0.0	3	1.3	134
09/05/2025	17:22:00	40.53921	141.55769	14	0.0	3	1.3	139
09/05/2025	17:23:00	40.53931	141.55797	-14	0.0	3	2.0	134
09/05/2025	17:24:01	40.53918	141.55775	12	0.0	3	1.3	137
09/05/2025	17:25:00	40.53917	141.55768	18	0.0	3	1.3	138
09/05/2025	17:26:00	40.53913	141.55781	-12	0.0	3	1.3	134
09/05/2025	17:27:00	40.53913	141.55765	-2	3.7	3	1.4	135
09/05/2025	17:28:01	40.53922	141.55762	22	0.0	3	1.3	135
09/05/2025	17:29:00	40.53916	141.55753	-32	0.0	3	1.3	135
09/05/2025	17:30:01	40.53916	141.55770	-2	0.0	3	1.2	169
09/05/2025	17:31:00	40.53929	141.55771	36	0.0	3	1.2	135
09/05/2025	17:32:00	40.53907	141.55789	-30	0.0	3	1.2	135
09/05/2025	17:33:00	40.53919	141.55777	2	0.0	3	1.2	138
09/05/2025	17:34:00	40.53914	141.55759	0	0.0	3	1.2	137
09/05/2025	17:35:00	40.53918	141.55765	42	0.0	3	1.2	136
09/05/2025	17:36:00	40.53915	141.55785	46	0.0	3	1.2	135
09/05/2025	17:37:01	40.53913	141.55769	-12	0.0	3	1.2	133
09/05/2025	17:38:00	40.53921	141.55780	44	0.0	3	1.2	137
09/05/2025	17:39:00	40.53916	141.55777	-20	0.0	3	1.2	135
09/05/2025	17:40:00	40.53917	141.55768	14	0.0	3	1.2	136
09/05/2025	17:41:00	40.53918	141.55767	-30	0.0	3	1.2	136
09/05/2025	17:42:00	40.53921	141.55752	14	0.0	3	1.2	137
09/05/2025	17:43:01	40.53916	141.55758	22	0.0	3	1.2	137
09/05/2025	17:44:00	40.53918	141.55782	66	0.0	3	1.2	138
09/05/2025	17:45:01	40.53912	141.55762	-6	0.0	3	1.2	172
09/05/2025	17:46:00	40.53916	141.55775	14	0.0	3	1.2	139
09/05/2025	17:47:00	40.53925	141.55772	24	0.0	3	1.2	137
09/05/2025	17:48:01	40.53914	141.55767	-0	0.0	3	1.2	189
09/05/2025	17:49:00	40.53922	141.55780	-32	0.0	3	1.2	135
09/05/2025	17:50:00	40.53918	141.55775	-32	0.0	3	1.4	134
09/05/2025	17:51:01	40.53915	141.55758	2	0.0	3	1.2	138
09/05/2025	17:52:00	40.53917	141.55783	10	0.0	3	1.2	138
09/05/2025	17:53:00	40.53915	141.55773	12	0.0	3	1.2	141
09/05/2025	17:54:00	40.53918	141.55763	-2	0.0	3	1.2	136
09/05/2025	17:55:00	40.53921	141.55770	8	0.0	3	1.2	132
09/05/2025	17:56:00	40.53915	141.55776	2	0.0	3	1.2	132
09/05/2025	17:57:01	40.53921	141.55773	14	0.0	3	1.3	166
09/05/2025	17:58:00	40.53912	141.55764	16	0.0	3	1.3	129
09/05/2025	17:59:00	40.53912	141.55778	36	0.0	3	1.3	133
09/05/2025	18:00:00	40.53918	141.55772	18	0.0	3	1.3	132
09/05/2025	18:01:00	40.53920	141.55771	16	0.0	3	1.3	131
09/05/2025	18:02:00	40.53916	141.55759	-4	0.0	3	1.3	131
09/05/2025	18:03:01	40.53917	141.55773	-6	0.0	3	1.3	134
09/05/2025	18:04:00	40.53917	141.55767	22	0.0	3	1.4	134
09/05/2025	18:05:00	40.53909	141.55764	-2	0.0	3	1.3	134
09/05/2025	18:06:00	40.53919	141.55770	4	0.0	3	1.3	131
09/05/2025	18:07:00	40.53919	141.55771	10	0.0	3	1.3	132
09/05/2025	18:08:00	40.53914	141.55768	8	0.0	3	1.3	134
09/05/2025	18:09:01	40.53917	141.55773	-2	0.0	3	1.3	162
09/05/2025	18:10:01	40.53916	141.55766	6	0.0	3	1.3	154
09/05/2025	18:11:00	40.53916	141.55765	20	0.0	3	1.4	159
09/05/2025	18:12:00	40.53911	141.55755	8	0.0	3	1.4	133
09/05/2025	18:13:00	40.53917	141.55769	-0	0.0	3	2.0	136
09/05/2025	18:14:00	40.53916	141.55763	-6	0.0	3	1.4	161
09/05/2025	18:15:00	40.53921	141.55772	34	0.0	3	1.4	134
09/05/2025	18:16:00	40.53918	141.55777	-4	0.0	3	2.0	130
09/05/2025	18:17:01	40.53917	141.55768	18	0.0	3	1.4	134
09/05/2025	18:18:00	40.53915	141.55769	10	0.0	3	1.4	134
09/05/2025	18:19:00	40.53931	141.55762	-2	0.0	3	2.1	161
09/05/2025	18:20:00	40.53919	141.55764	-14	0.0	3	1.4	160
09/05/2025	18:21:00	40.53916	141.55754	-10	3.7	3	2.1	161
09/05/2025	18:22:00	40.53908	141.55792	36	0.0	3	2.1	161
09/05/2025	18:23:01	40.53914	141.55783	32	0.0	3	2.0	160
09/05/2025	18:24:00	40.53918	141.55778	36	0.0	3	2.0	128
09/05/2025	18:25:00	40.53918	141.55766	-20	3.7	3	2.1	157
09/05/2025	18:26:01	40.53913	141.55773	32	0.0	3	2.0	131
09/05/2025	18:27:00	40.53918	141.55774	14	0.0	3	2.0	158
09/05/2025	18:28:01	40.53918	141.55764	14	0.0	3	2.0	157
09/05/2025	18:29:01	40.53917	141.55772	12	0.0	3	2.0	128
09/05/2025	18:30:01	40.53919	141.55778	6	0.0	3	2.0	157
09/05/2025	18:31:01	40.53913	141.55778	30	0.0	3	2.0	128
09/05/2025	18:32:00	40.53923	141.55754	4	0.0	3	2.1	158
09/05/2025	18:33:01	40.53920	141.55775	2	0.0	3	2.1	160
09/05/2025	18:34:01	40.53922	141.55759	-4	0.0	3	2.1	158
09/05/2025	18:35:01	40.53918	141.55770	6	0.0	3	2.2	158
09/05/2025	18:36:01	40.53917	141.55777	16	0.0	3	2.1	157
09/05/2025	18:37:01	40.53916	141.55766	22	0.0	2	3.2	154
09/05/2025	18:38:01	40.53924	141.55764	-8	0.0	3	2.1	155
09/05/2025	18:39:01	40.53922	141.55789	2	0.0	2	3.2	152
09/05/2025	18:40:01	40.53931	141.55786	-40	0.0	2	3.2	153
09/05/2025	18:41:01	40.53911	141.55766	28	0.0	2	3.2	155
09/05/2025	18:42:01	40.53905	141.55776	38	0.0	2	3.2	151
09/05/2025	18:43:01	40.53919	141.55775	0	0.0	2	3.2	119
09/05/2025	18:44:02	40.53925	141.55781	-4	0.0	2	3.2	184
09/05/2025	18:45:01	40.53911	141.55774	26	0.0	2	3.2	149
09/05/2025	18:46:01	40.53925	141.55771	-12	0.0	2	3.2	149
09/05/2025	18:47:01	40.53912	141.55773	24	0.0	2	3.2	127
09/05/2025	18:48:01	40.53917	141.55762	8	0.0	2	3.2	147
09/05/2025	18:49:01	40.53914	141.55767	8	0.0	2	3.2	164
09/05/2025	18:50:01	40.53923	141.55756	6	0.0	2	3.2	145
09/05/2025	18:51:01	40.53922	141.55776	-2	0.0	2	3.3	130
09/05/2025	18:52:02	40.53921	141.55775	8	0.0	2	3.3	203
09/05/2025	18:53:01	40.53923	141.55775	-4	0.0	2	3.3	97
09/05/2025	18:54:01	40.53916	141.55781	12	0.0	2	3.3	128
09/05/2025	18:55:01	40.53926	141.55774	-10	0.0	2	3.3	166
09/05/2025	18:56:01	40.53923	141.55773	-4	0.0	2	3.3	131
09/05/2025	18:57:01	40.53920	141.55761	14	0.0	2	3.4	131
09/05/2025	18:58:01	40.53916	141.55775	20	0.0	2	3.4	130
09/05/2025	18:59:02	40.53920	141.55772	0	0.0	2	3.4	165
09/05/2025	19:00:08	40.53921	141.55775	0	0.0	2	3.2	196
09/05/2025	19:01:07	40.53922	141.55779	0	0.0	2	3.2	228
09/05/2025	19:02:32	40.53918	141.55770	8	0.0	6	1.0	228
09/05/2025	19:03:00	40.53911	141.55769	4	0.0	5	1.0	199
09/05/2025	19:04:00	40.53930	141.55774	16	0.0	4	2.1	197
09/05/2025	19:05:00	40.53927	141.55773	14	0.0	4	1.0	189
09/05/2025	19:06:00	40.53898	141.55775	4	0.0	5	2.0	226
09/05/2025	19:07:00	40.53917	141.55777	10	0.0	5	2.0	229
09/05/2025	19:08:00	40.53906	141.55761	16	0.0	5	2.0	223
09/05/2025	19:09:00	40.53919	141.55757	8	0.0	4	2.2	220
09/05/2025	19:10:00	40.53916	141.55763	-16	3.7	4	2.2	219
09/05/2025	19:11:00	40.53905	141.55773	-12	0.0	5	2.0	222
09/05/2025	19:12:00	40.53912	141.55754	18	3.7	4	2.2	189
09/05/2025	19:13:00	40.53905	141.55788	-22	0.0	4	2.1	187
09/05/2025	19:14:00	40.53912	141.55785	-38	0.0	4	2.2	190
09/05/2025	19:15:01	40.53914	141.55772	12	0.0	5	2.0	216
09/05/2025	19:16:00	40.53908	141.55769	12	0.0	5	2.0	225
09/05/2025	19:17:00	40.53936	141.55773	18	0.0	5	2.0	199
09/05/2025	19:18:00	40.53918	141.55760	36	0.0	5	2.0	195
09/05/2025	19:19:00	40.53916	141.55775	14	0.0	5	2.0	196
09/05/2025	19:20:00	40.53922	141.55784	-34	0.0	4	2.2	164
09/05/2025	19:21:01	40.53911	141.55779	-14	0.0	5	2.0	214
09/05/2025	19:22:00	40.53921	141.55773	12	0.0	5	2.0	199
09/05/2025	19:23:00	40.53925	141.55778	-0	0.0	4	2.0	168
09/05/2025	19:24:00	40.53925	141.55766	36	0.0	5	2.0	197
09/05/2025	19:25:00	40.53910	141.55766	-6	0.0	5	2.0	196
09/05/2025	19:26:00	40.53922	141.55771	6	0.0	5	2.0	198
09/05/2025	19:27:00	40.53920	141.55771	6	0.0	5	2.0	199
09/05/2025	19:28:01	40.53919	141.55771	12	0.0	5	2.0	195
09/05/2025	19:29:00	40.53918	141.55763	24	0.0	5	1.4	194
09/05/2025	19:30:00	40.53923	141.55774	-2	0.0	5	1.4	195
09/05/2025	19:31:00	40.53928	141.55781	10	0.0	5	1.4	195
09/05/2025	19:32:00	40.53913	141.55769	12	0.0	5	1.4	191
09/05/2025	19:33:00	40.53920	141.55768	24	0.0	4	2.1	160
09/05/2025	19:34:01	40.53923	141.55775	-0	0.0	5	1.4	194
09/05/2025	19:35:00	40.53920	141.55772	14	0.0	5	1.4	195
09/05/2025	19:36:00	40.53915	141.55775	2	0.0	5	1.4	192
09/05/2025	19:37:00	40.53906	141.55783	-4	0.0	5	1.4	193
09/05/2025	19:38:00	40.53914	141.55776	6	0.0	5	1.4	212
09/05/2025	19:39:00	40.53929	141.55776	10	0.0	5	1.4	195
09/05/2025	19:40:00	40.53898	141.55772	-8	0.0	5	1.4	198
09/05/2025	19:41:00	40.53912	141.55769	10	0.0	5	1.4	196
09/05/2025	19:42:00	40.53903	141.55771	-18	0.0	5	1.4	193
09/05/2025	19:43:01	40.53909	141.55774	12	0.0	5	1.4	195
09/05/2025	19:44:00	40.53898	141.55763	-2	0.0	5	1.4	196
09/05/2025	19:45:00	40.53921	141.55776	34	0.0	5	1.3	198
09/05/2025	19:46:00	40.53915	141.55774	12	0.0	5	1.3	197
09/05/2025	19:47:00	40.53911	141.55768	0	0.0	5	1.3	195
09/05/2025	19:48:00	40.53922	141.55765	10	0.0	5	1.3	194
09/05/2025	19:49:00	40.53915	141.55783	-8	0.0	5	1.3	193
09/05/2025	19:50:00	40.53922	141.55775	10	0.0	5	1.3	196
09/05/2025	19:51:01	40.53919	141.55774	6	0.0	5	1.3	192
09/05/2025	19:52:00	40.53908	141.55774	12	0.0	5	1.3	195
09/05/2025	19:53:01	40.53911	141.55768	18	0.0	5	1.3	193
09/05/2025	19:54:00	40.53913	141.55766	-8	0.0	5	1.3	195
09/05/2025	19:55:00	40.53919	141.55775	22	0.0	5	1.3	196
09/05/2025	19:56:01	40.53915	141.55766	2	0.0	5	1.3	192
09/05/2025	19:57:01	40.53907	141.55763	20	0.0	4	3.3	189
09/05/2025	19:58:01	40.53922	141.55773	16	0.0	4	3.3	196
09/05/2025	19:59:01	40.53913	141.55772	8	0.0	4	3.3	193
09/05/2025	20:00:01	40.53916	141.55769	6	0.0	4	3.3	188
09/05/2025	20:01:01	40.53917	141.55768	20	0.0	4	3.3	189
09/05/2025	20:02:01	40.53911	141.55773	10	0.0	4	3.2	189
09/05/2025	20:03:01	40.53913	141.55769	4	0.0	4	3.2	192
09/05/2025	20:04:01	40.53922	141.55773	4	0.0	4	3.2	188
09/05/2025	20:05:01	40.53914	141.55771	26	0.0	4	3.2	187
09/05/2025	20:06:00	40.53926	141.55768	46	0.0	4	1.3	161
09/05/2025	20:07:00	40.53922	141.55747	4	29.6	4	2.0	194
09/05/2025	20:08:01	40.53910	141.55763	-0	0.0	4	3.2	172
09/05/2025	20:09:01	40.53912	141.55771	42	0.0	4	3.2	171
09/05/2025	20:10:01	40.53919	141.55772	4	0.0	4	3.2	161
09/05/2025	20:11:01	40.53914	141.55770	20	0.0	4	3.1	196
09/05/2025	20:12:01	40.53919	141.55777	6	0.0	4	3.1	161
09/05/2025	20:13:01	40.53919	141.55774	-2	0.0	4	3.1	156
09/05/2025	20:14:01	40.53923	141.55776	2	0.0	4	3.1	160
09/05/2025	20:15:01	40.53931	141.55775	6	0.0	4	3.1	162
09/05/2025	20:16:01	40.53920	141.55768	4	0.0	4	3.1	197
09/05/2025	20:17:01	40.53909	141.55767	2	0.0	4	3.0	163
09/05/2025	20:18:00	40.53949	141.55755	10	22.2	5	1.1	190
09/05/2025	20:19:01	40.53923	141.55771	16	0.0	4	3.0	166
09/05/2025	20:20:01	40.53918	141.55765	14	0.0	4	3.0	161
09/05/2025	20:21:01	40.53917	141.55769	2	0.0	4	3.0	167
09/05/2025	20:22:01	40.53908	141.55765	22	0.0	4	3.0	162
09/05/2025	20:23:00	40.53913	141.55765	22	0.0	4	2.4	161
09/05/2025	20:24:00	40.53926	141.55781	0	0.0	3	2.4	130
09/05/2025	20:25:00	40.53919	141.55760	26	0.0	4	2.4	161
09/05/2025	20:26:01	40.53915	141.55774	20	0.0	3	3.1	153
09/05/2025	20:27:01	40.53913	141.55773	32	0.0	3	3.1	155
09/05/2025	20:28:01	40.53921	141.55774	4	0.0	3	3.1	157
09/05/2025	20:29:01	40.53917	141.55766	0	0.0	3	3.1	156
09/05/2025	20:30:01	40.53917	141.55770	8	0.0	4	2.3	156
09/05/2025	20:31:00	40.53910	141.55777	28	0.0	4	2.3	165
09/05/2025	20:32:00	40.53916	141.55766	14	0.0	4	2.3	165
09/05/2025	20:33:01	40.53904	141.55755	26	0.0	3	3.1	184
09/05/2025	20:34:00	40.53908	141.55776	32	0.0	4	2.3	162
09/05/2025	20:35:00	40.53909	141.55770	28	0.0	4	2.3	168
09/05/2025	20:36:00	40.53919	141.55774	18	0.0	4	2.2	168
09/05/2025	20:37:00	40.53914	141.55760	18	0.0	4	2.2	165
09/05/2025	20:38:00	40.53915	141.55772	20	0.0	3	2.4	134
09/05/2025	20:39:00	40.53912	141.55767	30	0.0	4	2.2	164
09/05/2025	20:40:00	40.53910	141.55767	20	0.0	4	2.2	163
09/05/2025	20:41:01	40.53916	141.55766	12	0.0	4	2.2	162
09/05/2025	20:42:01	40.53911	141.55766	20	0.0	3	3.1	190
09/05/2025	20:43:01	40.53916	141.55766	16	0.0	3	3.1	151
09/05/2025	20:44:00	40.53915	141.55772	32	0.0	3	2.3	162
09/05/2025	20:45:00	40.53910	141.55764	22	0.0	4	2.2	164
09/05/2025	20:46:01	40.53916	141.55770	20	0.0	3	3.1	153
09/05/2025	20:47:01	40.53913	141.55767	16	0.0	4	2.1	193
09/05/2025	20:48:00	40.53926	141.55779	4	0.0	4	2.1	168
09/05/2025	20:49:00	40.53908	141.55767	32	0.0	4	2.1	165
09/05/2025	20:50:00	40.53923	141.55774	4	0.0	4	2.1	164
09/05/2025	20:51:00	40.53918	141.55769	18	0.0	4	2.1	170
09/05/2025	20:52:00	40.53905	141.55768	26	0.0	4	2.1	195
09/05/2025	20:53:00	40.53915	141.55763	30	0.0	4	2.1	202
09/05/2025	20:54:00	40.53927	141.55784	-30	0.0	3	2.2	190
09/05/2025	20:55:01	40.53910	141.55763	20	0.0	3	2.2	185
09/05/2025	20:56:00	40.53919	141.55767	18	0.0	4	2.1	161
09/05/2025	20:57:00	40.53925	141.55777	16	0.0	3	2.4	159
09/05/2025	20:58:01	40.53913	141.55767	16	0.0	4	2.1	190
09/05/2025	20:59:01	40.53913	141.55758	8	0.0	3	3.1	150
09/05/2025	21:00:01	40.53915	141.55770	16	0.0	4	2.3	223
09/05/2025	21:01:00	40.53929	141.55783	-28	0.0	4	2.3	192
09/05/2025	21:02:01	40.53904	141.55760	30	0.0	4	2.3	224
09/05/2025	21:03:00	40.53915	141.55779	14	0.0	4	2.3	160
09/05/2025	21:04:00	40.53930	141.55778	-18	0.0	4	2.3	159
09/05/2025	21:05:01	40.53907	141.55762	40	0.0	4	2.3	226
09/05/2025	21:06:00	40.53906	141.55766	38	0.0	4	2.3	194
09/05/2025	21:07:01	40.53907	141.55759	36	0.0	4	2.3	221
09/05/2025	21:08:02	40.53942	141.55788	-52	0.0	4	2.3	185
09/05/2025	21:09:01	40.53931	141.55773	-6	0.0	4	2.3	184
09/05/2025	21:10:01	40.53917	141.55767	10	0.0	3	4.4	184
09/05/2025	21:11:02	40.53910	141.55763	24	0.0	4	2.3	181
09/05/2025	21:12:01	40.53917	141.55767	26	0.0	3	4.4	141
09/05/2025	21:13:01	40.53911	141.55770	18	0.0	4	2.3	186
09/05/2025	21:14:00	40.53909	141.55768	26	0.0	4	2.3	189
09/05/2025	21:15:00	40.53911	141.55768	28	0.0	4	2.3	155
09/05/2025	21:16:00	40.53916	141.55774	22	0.0	4	2.3	152
09/05/2025	21:17:01	40.53902	141.55767	46	0.0	4	2.3	189
09/05/2025	21:18:01	40.53895	141.55754	78	0.0	3	5.0	190
09/05/2025	21:19:02	40.53927	141.55780	-6	3.7	3	5.0	167
09/05/2025	21:20:01	40.53913	141.55767	18	0.0	3	5.0	150
09/05/2025	21:21:02	40.53920	141.55758	12	0.0	3	5.0	181
09/05/2025	21:22:02	40.53863	141.55747	106	7.4	3	5.0	212
09/05/2025	21:23:01	40.53921	141.55777	-16	0.0	2	1.4	126
09/05/2025	21:24:02	40.53911	141.55769	34	0.0	3	5.0	175
09/05/2025	21:25:02	40.53917	141.55766	8	0.0	3	5.1	151
09/05/2025	21:26:02	40.53924	141.55776	-0	0.0	3	5.1	184
09/05/2025	21:27:01	40.53930	141.55770	-4	0.0	3	5.1	159
09/05/2025	21:28:02	40.53913	141.55770	26	0.0	3	5.1	164
09/05/2025	21:29:01	40.53901	141.55764	48	3.7	3	5.1	164
09/05/2025	21:30:02	40.53907	141.55767	36	0.0	3	5.2	126
09/05/2025	21:31:02	40.53913	141.55770	24	0.0	3	5.2	162
09/05/2025	21:32:02	40.53936	141.55791	-46	0.0	3	5.2	162
09/05/2025	21:33:02	40.53924	141.55765	8	3.7	3	5.2	153
09/05/2025	21:34:02	40.53918	141.55769	10	0.0	3	5.2	156
09/05/2025	21:35:02	40.53892	141.55757	84	0.0	3	5.3	164
09/05/2025	21:36:02	40.53920	141.55777	4	0.0	3	5.3	167
09/05/2025	21:37:02	40.53920	141.55767	6	0.0	3	5.3	199
09/05/2025	21:38:02	40.53932	141.55778	-28	0.0	3	5.3	162
09/05/2025	21:39:02	40.53905	141.55761	46	0.0	3	5.4	157
09/05/2025	21:40:01	40.53937	141.55772	-24	0.0	3	5.4	158
09/05/2025	21:41:02	40.53881	141.55753	88	0.0	3	5.4	157
09/05/2025	21:42:02	40.53943	141.55784	-52	0.0	3	5.4	163
09/05/2025	21:43:02	40.53916	141.55764	16	0.0	3	6.0	160
09/05/2025	21:44:02	40.53910	141.55767	36	0.0	3	6.0	163
09/05/2025	21:45:02	40.53930	141.55785	-20	0.0	3	6.0	164
09/05/2025	21:46:02	40.53908	141.55770	30	0.0	3	6.1	166
09/05/2025	21:47:02	40.53915	141.55770	30	0.0	3	6.1	197
09/05/2025	21:48:02	40.53918	141.55770	8	0.0	3	6.1	196
09/05/2025	21:49:02	40.53916	141.55766	12	0.0	3	6.2	160
09/05/2025	21:50:02	40.53893	141.55764	64	0.0	3	6.2	192
09/05/2025	21:51:02	40.53911	141.55762	8	0.0	3	6.2	160
09/05/2025	21:52:02	40.53905	141.55754	52	0.0	3	6.3	158
09/05/2025	21:53:02	40.53940	141.55772	-32	0.0	3	6.3	193
09/05/2025	21:54:02	40.53931	141.55770	-14	0.0	3	6.4	160
09/05/2025	21:55:01	40.53918	141.55758	22	0.0	3	6.4	160
09/05/2025	21:56:02	40.53923	141.55759	12	0.0	3	7.0	156
09/05/2025	21:57:02	40.53923	141.55770	2	0.0	3	7.0	154
09/05/2025	21:58:03	40.53920	141.55764	2	0.0	3	7.0	156
09/05/2025	21:59:02	40.53901	141.55768	38	0.0	3	7.1	156
09/05/2025	22:00:45	40.53917	141.55771	10	0.0	2	2.2	197
09/05/2025	22:01:01	40.53923	141.55768	22	0.0	2	2.2	135
09/05/2025	22:02:02	40.53919	141.55778	2	0.0	2	2.2	136
09/05/2025	22:03:01	40.53913	141.55763	12	0.0	2	2.2	136
09/05/2025	22:04:02	40.53918	141.55768	12	0.0	2	2.2	136
09/05/2025	22:05:02	40.53918	141.55776	6	0.0	2	2.2	137
09/05/2025	22:06:02	40.53914	141.55766	10	0.0	2	2.2	135
09/05/2025	22:07:02	40.53916	141.55771	6	0.0	2	2.2	132
09/05/2025	22:08:02	40.53916	141.55767	12	0.0	2	2.2	133
09/05/2025	22:09:02	40.53913	141.55769	10	0.0	2	2.2	136
09/05/2025	22:10:02	40.53917	141.55768	6	0.0	2	2.2	137
09/05/2025	22:11:02	40.53915	141.55770	10	0.0	2	2.2	139
09/05/2025	22:12:02	40.53912	141.55764	20	0.0	2	2.1	138
09/05/2025	22:13:02	40.53911	141.55766	14	0.0	2	2.1	136
09/05/2025	22:14:02	40.53922	141.55769	12	0.0	2	2.1	135
09/05/2025	22:15:02	40.53914	141.55773	4	0.0	2	2.1	167
09/05/2025	22:16:02	40.53920	141.55772	18	0.0	2	2.1	132
09/05/2025	22:17:02	40.53913	141.55758	26	0.0	2	2.1	135
09/05/2025	22:18:02	40.53918	141.55768	16	0.0	2	2.1	134
09/05/2025	22:19:02	40.53916	141.55767	16	0.0	2	2.1	132
09/05/2025	22:20:02	40.53917	141.55771	4	0.0	2	2.1	133
09/05/2025	22:21:02	40.53915	141.55771	12	0.0	2	2.1	135
09/05/2025	22:22:02	40.53915	141.55768	12	0.0	2	2.1	136
09/05/2025	22:23:02	40.53909	141.55757	28	0.0	2	2.1	136
09/05/2025	22:24:02	40.53916	141.55765	18	0.0	2	2.1	134
09/05/2025	22:25:02	40.53914	141.55777	-4	0.0	2	2.1	133
09/05/2025	22:26:02	40.53915	141.55769	10	0.0	2	2.0	137
09/05/2025	22:27:02	40.53920	141.55771	12	0.0	2	2.0	138
09/05/2025	22:28:03	40.53916	141.55766	20	0.0	2	2.0	139
09/05/2025	22:29:02	40.53913	141.55764	16	0.0	2	2.0	137
09/05/2025	22:30:02	40.53911	141.55762	24	0.0	2	2.0	135
09/05/2025	22:31:02	40.53914	141.55758	16	0.0	2	2.0	131
09/05/2025	22:32:03	40.53917	141.55770	16	0.0	2	2.0	166
09/05/2025	22:33:03	40.53915	141.55763	24	0.0	2	2.0	136
09/05/2025	22:34:03	40.53917	141.55764	22	0.0	2	2.0	137
09/05/2025	22:35:03	40.53916	141.55769	12	0.0	2	2.0	199
09/05/2025	22:36:03	40.53916	141.55773	16	0.0	2	2.0	135
09/05/2025	22:37:03	40.53914	141.55769	10	0.0	2	2.0	134
09/05/2025	22:38:03	40.53919	141.55771	14	0.0	2	1.4	134
09/05/2025	22:39:03	40.53919	141.55771	12	0.0	2	1.4	136
09/05/2025	22:40:03	40.53916	141.55772	14	0.0	2	1.4	167
09/05/2025	22:41:03	40.53917	141.55771	12	0.0	2	1.4	134
09/05/2025	22:42:03	40.53919	141.55770	24	0.0	2	1.4	165
09/05/2025	22:43:03	40.53918	141.55770	14	0.0	2	1.4	134
09/05/2025	22:44:03	40.53913	141.55768	4	0.0	2	1.4	135
09/05/2025	22:45:03	40.53915	141.55768	18	0.0	2	1.4	190
09/05/2025	22:46:03	40.53910	141.55764	26	0.0	2	1.4	152
09/05/2025	22:47:03	40.53911	141.55768	10	0.0	2	1.4	153
09/05/2025	22:48:03	40.53918	141.55770	-16	0.0	2	1.4	149
09/05/2025	22:49:02	40.53915	141.55765	12	0.0	2	1.4	133
09/05/2025	22:50:03	40.53912	141.55767	8	0.0	2	1.4	161
09/05/2025	22:51:03	40.53917	141.55768	18	0.0	2	1.4	158
09/05/2025	22:52:03	40.53919	141.55769	22	0.0	2	1.4	207
09/05/2025	22:53:03	40.53918	141.55769	10	0.0	2	1.3	173
09/05/2025	22:54:03	40.53918	141.55769	12	0.0	2	1.3	177
09/05/2025	22:55:03	40.53917	141.55772	6	0.0	2	1.3	159
09/05/2025	22:56:03	40.53917	141.55771	4	0.0	2	1.3	195
09/05/2025	22:57:02	40.53921	141.55766	28	0.0	2	1.3	157
09/05/2025	22:58:00	40.53919	141.55762	2	0.0	3	1.3	158
09/05/2025	22:59:03	40.53918	141.55768	22	0.0	2	1.3	185
09/05/2025	23:00:03	40.53915	141.55767	20	0.0	2	1.3	190
09/05/2025	23:01:03	40.53918	141.55770	12	0.0	2	1.3	190
09/05/2025	23:02:03	40.53919	141.55770	14	0.0	2	1.3	256
09/05/2025	23:03:03	40.53920	141.55771	18	0.0	2	1.3	220
09/05/2025	23:04:03	40.53919	141.55767	18	0.0	2	1.3	226
09/05/2025	23:05:03	40.53916	141.55769	22	0.0	2	1.3	225
09/05/2025	23:06:03	40.53918	141.55768	18	0.0	2	1.3	191
09/05/2025	23:07:03	40.53915	141.55769	16	0.0	2	1.3	191
09/05/2025	23:08:03	40.53918	141.55769	22	0.0	2	1.3	195
09/05/2025	23:09:03	40.53916	141.55768	18	0.0	2	1.3	198
09/05/2025	23:10:03	40.53917	141.55773	6	0.0	2	1.3	231
09/05/2025	23:11:03	40.53917	141.55776	-2	0.0	2	1.3	230
09/05/2025	23:12:02	40.53914	141.55769	10	0.0	2	1.3	196
09/05/2025	23:13:03	40.53914	141.55771	20	0.0	2	1.3	229
09/05/2025	23:14:03	40.53918	141.55768	10	0.0	2	1.3	231
09/05/2025	23:15:03	40.53920	141.55770	36	0.0	2	1.3	232
09/05/2025	23:16:02	40.53923	141.55771	16	0.0	2	1.3	169
09/05/2025	23:17:02	40.53915	141.55771	18	0.0	2	1.3	201
09/05/2025	23:18:02	40.53920	141.55767	-4	0.0	2	1.3	166
09/05/2025	23:19:03	40.53919	141.55769	22	0.0	2	1.3	233
09/05/2025	23:20:03	40.53919	141.55770	24	0.0	2	1.3	202
09/05/2025	23:21:03	40.53920	141.55771	16	0.0	2	1.3	269
09/05/2025	23:22:03	40.53917	141.55769	28	0.0	2	1.3	202
09/05/2025	23:23:03	40.53921	141.55769	-2	0.0	2	1.3	232
09/05/2025	23:24:03	40.53918	141.55773	10	0.0	2	1.3	235
09/05/2025	23:25:03	40.53919	141.55770	28	0.0	2	1.3	203
09/05/2025	23:26:03	40.53917	141.55772	14	0.0	2	1.3	200
09/05/2025	23:27:00	40.53925	141.55766	-4	0.0	3	1.3	169
09/05/2025	23:28:03	40.53917	141.55771	26	0.0	2	1.3	200
09/05/2025	23:29:03	40.53915	141.55771	22	0.0	2	1.3	239
09/05/2025	23:30:03	40.53915	141.55768	16	0.0	2	1.3	233
09/05/2025	23:31:03	40.53917	141.55769	24	0.0	2	1.3	235
09/05/2025	23:32:03	40.53918	141.55770	18	0.0	2	1.3	201
09/05/2025	23:33:03	40.53920	141.55769	6	0.0	2	1.3	232
09/05/2025	23:34:03	40.53922	141.55772	12	0.0	2	1.3	234
09/05/2025	23:35:00	40.53903	141.55760	2	0.0	3	1.3	202
09/05/2025	23:36:03	40.53916	141.55772	14	0.0	2	1.3	204
09/05/2025	23:37:03	40.53918	141.55772	26	0.0	2	1.3	203
09/05/2025	23:38:03	40.53916	141.55770	12	0.0	2	1.3	204
09/05/2025	23:39:02	40.53920	141.55769	32	0.0	2	1.3	201
09/05/2025	23:40:02	40.53926	141.55769	30	0.0	2	1.3	198
09/05/2025	23:41:03	40.53922	141.55770	12	0.0	2	1.3	225
09/05/2025	23:42:03	40.53918	141.55772	24	0.0	2	1.3	200
09/05/2025	23:43:02	40.53920	141.55769	38	0.0	2	1.3	169
09/05/2025	23:44:03	40.53915	141.55774	20	0.0	2	1.3	198
09/05/2025	23:45:02	40.53913	141.55772	0	0.0	2	1.3	163
09/05/2025	23:46:03	40.53915	141.55771	28	0.0	2	1.3	194
09/05/2025	23:47:03	40.53915	141.55771	8	0.0	2	1.3	194
09/05/2025	23:48:03	40.53919	141.55771	12	0.0	2	1.3	197
09/05/2025	23:49:03	40.53922	141.55768	18	0.0	2	1.3	260
09/05/2025	23:50:02	40.53918	141.55771	8	0.0	2	2.0	189
09/05/2025	23:51:03	40.53922	141.55767	10	0.0	2	1.3	191
09/05/2025	23:52:03	40.53916	141.55774	14	0.0	2	1.3	225
09/05/2025	23:53:03	40.53915	141.55774	16	0.0	2	1.3	226
09/05/2025	23:54:03	40.53923	141.55769	16	0.0	2	1.3	188
09/05/2025	23:55:03	40.53921	141.55772	6	0.0	2	1.3	225
09/05/2025	23:56:03	40.53916	141.55774	10	0.0	2	1.3	224
09/05/2025	23:57:03	40.53919	141.55771	24	0.0	2	1.3	189
09/05/2025	23:58:03	40.53920	141.55769	16	0.0	2	1.3	222
09/05/2025	23:59:03	40.53922	141.55770	30	0.0	1	3.0	217
10/05/2025	00:00:04	40.53924	141.55768	32	0.0	2	1.4	211
10/05/2025	00:01:02	40.53909	141.55775	32	0.0	2	1.4	182
10/05/2025	00:02:04	40.53929	141.55768	32	0.0	2	1.4	217
10/05/2025	00:03:02	40.53909	141.55775	32	0.0	2	1.4	216
10/05/2025	00:04:03	40.53927	141.55770	30	0.0	2	1.4	220
10/05/2025	00:05:03	40.53921	141.55767	28	0.0	2	1.4	252
10/05/2025	00:06:05	40.53912	141.55774	28	0.0	2	1.4	213
10/05/2025	00:07:05	40.53933	141.55766	28	0.0	2	1.4	210
10/05/2025	00:08:05	40.53918	141.55769	28	0.0	2	1.4	175
10/05/2025	00:09:06	40.53915	141.55770	28	0.0	2	1.4	175
10/05/2025	00:10:05	40.53900	141.55777	28	0.0	2	1.4	209
10/05/2025	00:11:05	40.53911	141.55778	30	0.0	2	1.4	239
10/05/2025	00:12:05	40.53892	141.55785	30	0.0	2	1.4	171
10/05/2025	00:13:05	40.53916	141.55771	30	0.0	2	1.4	206
10/05/2025	00:14:04	40.53916	141.55772	26	0.0	2	1.4	213
10/05/2025	00:15:06	40.53923	141.55771	24	0.0	2	1.4	240
10/05/2025	00:16:06	40.53925	141.55768	24	0.0	2	1.4	208
10/05/2025	00:17:06	40.53922	141.55770	24	0.0	2	1.4	203
10/05/2025	00:18:33	40.53918	141.55771	14	0.0	7	1.0	267
10/05/2025	00:19:01	40.53922	141.55773	8	0.0	4	1.2	167
10/05/2025	00:20:00	40.53911	141.55770	-0	0.0	3	2.2	162
10/05/2025	00:21:00	40.53891	141.55785	0	0.0	4	2.0	224
10/05/2025	00:22:00	40.53925	141.55763	20	0.0	3	1.4	133
10/05/2025	00:23:00	40.53899	141.55784	18	0.0	5	1.2	227
10/05/2025	00:24:00	40.53913	141.55785	-8	0.0	5	1.2	222
10/05/2025	00:25:01	40.53906	141.55778	6	0.0	5	1.4	216
10/05/2025	00:26:00	40.53926	141.55764	22	0.0	5	1.2	230
10/05/2025	00:27:01	40.53910	141.55777	-6	0.0	6	1.2	240
10/05/2025	00:28:00	40.53912	141.55782	0	0.0	4	2.1	191
10/05/2025	00:29:02	40.53917	141.55773	6	0.0	6	1.3	245
10/05/2025	00:30:01	40.53913	141.55775	14	0.0	5	1.3	219
10/05/2025	00:31:00	40.53920	141.55778	0	0.0	5	1.3	195
10/05/2025	00:32:01	40.53920	141.55770	18	0.0	5	1.3	219
10/05/2025	00:33:00	40.53908	141.55772	4	0.0	5	1.3	195
10/05/2025	00:34:00	40.53903	141.55778	8	0.0	4	1.4	166
10/05/2025	00:35:00	40.53899	141.55789	4	0.0	4	1.4	195
10/05/2025	00:36:01	40.53916	141.55771	14	0.0	5	1.3	215
10/05/2025	00:37:00	40.53915	141.55775	20	3.7	5	1.3	200
10/05/2025	00:38:00	40.53923	141.55784	16	0.0	4	2.3	196
10/05/2025	00:39:00	40.53902	141.55783	44	0.0	4	2.3	193
10/05/2025	00:40:00	40.53916	141.55772	20	0.0	5	1.3	197
10/05/2025	00:41:01	40.53907	141.55777	16	0.0	5	1.3	232
10/05/2025	00:42:00	40.53910	141.55787	14	0.0	4	2.4	196
10/05/2025	00:43:00	40.53941	141.55758	4	0.0	4	2.4	193
10/05/2025	00:44:01	40.53921	141.55769	10	0.0	4	2.4	216
10/05/2025	00:45:01	40.53916	141.55773	12	0.0	5	1.3	216
10/05/2025	00:46:01	40.53915	141.55769	10	0.0	5	1.3	215
10/05/2025	00:47:00	40.53907	141.55784	38	0.0	4	2.4	192
10/05/2025	00:48:01	40.53925	141.55767	20	0.0	5	1.3	194
10/05/2025	00:49:01	40.53908	141.55772	16	0.0	5	1.3	208
10/05/2025	00:50:01	40.53922	141.55760	32	0.0	5	2.3	215
10/05/2025	00:51:00	40.53904	141.55784	4	0.0	5	1.4	197
10/05/2025	00:52:00	40.53923	141.55762	22	0.0	5	1.4	198
10/05/2025	00:53:00	40.53905	141.55785	10	0.0	5	1.4	218
10/05/2025	00:54:00	40.53929	141.55784	-14	0.0	4	2.2	201
10/05/2025	00:55:00	40.53913	141.55773	14	0.0	4	2.2	196
10/05/2025	00:56:00	40.53911	141.55775	-0	0.0	3	2.4	188
10/05/2025	00:57:01	40.53923	141.55769	8	0.0	4	2.2	215
10/05/2025	00:58:02	40.53903	141.55776	6	0.0	5	1.4	235
10/05/2025	00:59:00	40.53937	141.55765	8	0.0	4	2.2	214
10/05/2025	01:00:01	40.53919	141.55776	4	0.0	4	2.2	212
10/05/2025	01:01:02	40.53916	141.55771	20	0.0	5	1.4	244
10/05/2025	01:02:01	40.53911	141.55769	28	0.0	4	2.1	237
10/05/2025	01:03:00	40.53922	141.55757	34	0.0	4	2.1	190
10/05/2025	01:04:00	40.53904	141.55769	28	0.0	4	2.1	189
10/05/2025	01:05:01	40.53918	141.55780	14	0.0	4	2.1	214
10/05/2025	01:06:01	40.53912	141.55775	12	0.0	4	2.1	211
10/05/2025	01:07:01	40.53907	141.55772	34	0.0	4	2.1	212
10/05/2025	01:08:01	40.53910	141.55781	2	0.0	4	2.1	210
10/05/2025	01:09:00	40.53916	141.55773	10	0.0	4	2.1	191
10/05/2025	01:10:01	40.53923	141.55774	4	0.0	4	2.1	210
10/05/2025	01:11:00	40.53928	141.55755	32	0.0	4	2.1	192
10/05/2025	01:12:00	40.53890	141.55799	-20	0.0	4	2.1	189
10/05/2025	01:13:00	40.53905	141.55775	4	0.0	4	2.1	193
10/05/2025	01:14:01	40.53917	141.55772	14	0.0	4	2.1	213
10/05/2025	01:15:01	40.53908	141.55781	10	0.0	4	2.1	191
10/05/2025	01:16:01	40.53913	141.55776	16	0.0	4	2.1	210
10/05/2025	01:17:01	40.53916	141.55766	28	0.0	4	2.1	191
10/05/2025	01:18:00	40.53905	141.55784	22	0.0	3	2.1	163
10/05/2025	01:19:00	40.53906	141.55763	38	0.0	4	2.0	196
10/05/2025	01:20:00	40.53914	141.55777	12	3.7	4	2.0	197
10/05/2025	01:21:00	40.53917	141.55768	4	0.0	4	2.0	165
10/05/2025	01:22:01	40.53909	141.55778	20	0.0	4	2.0	193
10/05/2025	01:23:01	40.53909	141.55775	34	0.0	4	2.0	189
10/05/2025	01:24:00	40.53920	141.55766	26	0.0	4	2.0	200
10/05/2025	01:25:00	40.53920	141.55767	26	0.0	4	2.0	163
10/05/2025	01:26:00	40.53914	141.55776	2	0.0	4	2.0	196
10/05/2025	01:27:01	40.53917	141.55769	20	0.0	4	2.0	229
10/05/2025	01:28:00	40.53917	141.55769	28	0.0	4	2.0	167
10/05/2025	01:29:01	40.53915	141.55776	16	0.0	4	2.0	194
10/05/2025	01:30:00	40.53920	141.55775	14	0.0	3	2.3	193
10/05/2025	01:31:00	40.53913	141.55778	46	0.0	3	2.4	191
10/05/2025	01:32:00	40.53903	141.55783	6	0.0	4	2.0	192
10/05/2025	01:33:00	40.53917	141.55778	4	3.7	3	2.4	194
10/05/2025	01:34:00	40.53913	141.55770	22	0.0	4	2.0	164
10/05/2025	01:35:01	40.53912	141.55767	30	0.0	3	2.4	189
10/05/2025	01:36:02	40.53906	141.55783	34	0.0	3	2.3	211
10/05/2025	01:37:00	40.53915	141.55775	22	0.0	3	2.3	192
10/05/2025	01:38:01	40.53912	141.55775	34	0.0	4	2.0	191
10/05/2025	01:39:01	40.53909	141.55774	8	0.0	3	2.3	183
10/05/2025	01:40:01	40.53919	141.55773	18	0.0	4	2.0	189
10/05/2025	01:41:00	40.53907	141.55778	14	0.0	3	2.2	195
10/05/2025	01:42:01	40.53912	141.55773	22	0.0	3	2.1	189
10/05/2025	01:43:01	40.53910	141.55775	22	0.0	4	1.4	187
10/05/2025	01:44:01	40.53915	141.55767	18	0.0	4	2.0	186
10/05/2025	01:45:01	40.53916	141.55774	12	0.0	3	2.2	188
10/05/2025	01:46:01	40.53913	141.55776	20	0.0	3	2.2	188
10/05/2025	01:47:01	40.53915	141.55770	20	0.0	3	2.2	191
10/05/2025	01:48:01	40.53911	141.55773	16	0.0	4	1.4	188
10/05/2025	01:49:01	40.53916	141.55764	16	0.0	3	2.1	187
10/05/2025	01:50:02	40.53916	141.55770	20	0.0	4	1.4	186
10/05/2025	01:51:02	40.53913	141.55771	18	0.0	3	2.0	200
10/05/2025	01:52:03	40.53917	141.55766	10	0.0	3	2.0	214
10/05/2025	01:53:03	40.53918	141.55771	12	0.0	3	2.0	178
10/05/2025	01:54:03	40.53917	141.55771	20	0.0	3	2.0	213
10/05/2025	01:55:01	40.53913	141.55765	6	0.0	3	2.0	184
10/05/2025	01:56:01	40.53909	141.55775	28	0.0	3	2.0	166
10/05/2025	01:57:01	40.53913	141.55769	22	0.0	3	2.0	188
10/05/2025	01:58:02	40.53919	141.55767	12	0.0	3	2.1	161
10/05/2025	01:59:02	40.53917	141.55766	14	0.0	3	2.1	183
10/05/2025	02:00:03	40.53915	141.55770	18	0.0	3	3.0	214
10/05/2025	02:01:02	40.53901	141.55773	22	0.0	3	3.0	179
10/05/2025	02:02:04	40.53921	141.55771	6	0.0	3	3.0	155
10/05/2025	02:03:03	40.53916	141.55770	22	0.0	3	2.4	190
10/05/2025	02:04:01	40.53929	141.55770	2	0.0	3	2.4	157
10/05/2025	02:05:03	40.53915	141.55775	26	0.0	3	2.4	223
10/05/2025	02:06:02	40.53921	141.55765	18	0.0	3	2.4	193
10/05/2025	02:07:04	40.53916	141.55774	20	0.0	3	2.4	154
10/05/2025	02:08:03	40.53922	141.55769	18	0.0	3	2.4	154
10/05/2025	02:09:03	40.53924	141.55776	8	0.0	3	2.4	221
10/05/2025	02:10:04	40.53924	141.55769	2	0.0	3	2.4	154
10/05/2025	02:11:05	40.53919	141.55769	12	0.0	3	2.4	185
10/05/2025	02:12:03	40.53918	141.55782	28	0.0	3	2.4	185
10/05/2025	02:13:01	40.53912	141.55777	18	0.0	3	2.4	156
10/05/2025	02:14:04	40.53912	141.55768	18	0.0	3	2.3	151
10/05/2025	02:15:04	40.53919	141.55770	12	0.0	3	2.3	186
10/05/2025	02:16:04	40.53920	141.55766	8	0.0	3	2.3	188
10/05/2025	02:17:04	40.53919	141.55771	22	0.0	3	2.3	220
10/05/2025	02:18:05	40.53915	141.55778	26	0.0	3	2.3	212
10/05/2025	02:19:03	40.53916	141.55778	18	0.0	3	2.3	183
10/05/2025	02:20:05	40.53920	141.55775	10	0.0	3	2.3	179
10/05/2025	02:21:05	40.53928	141.55778	6	0.0	3	2.3	241
10/05/2025	02:22:05	40.53924	141.55760	0	0.0	3	2.3	210
10/05/2025	02:23:05	40.53919	141.55767	6	0.0	3	2.3	181
10/05/2025	02:24:33	40.53918	141.55771	14	0.0	7	1.1	253
10/05/2025	02:25:01	40.53920	141.55773	14	0.0	5	1.4	253
10/05/2025	02:26:00	40.53920	141.55777	18	0.0	4	1.3	253
10/05/2025	02:27:00	40.53926	141.55779	14	0.0	5	1.3	244
10/05/2025	02:28:00	40.53918	141.55771	4	0.0	6	1.2	229
10/05/2025	02:29:00	40.53905	141.55769	8	0.0	6	1.2	253
10/05/2025	02:30:00	40.53929	141.55765	12	0.0	6	1.2	254
10/05/2025	02:31:00	40.53894	141.55763	-24	0.0	5	1.4	221
10/05/2025	02:32:01	40.53925	141.55771	18	0.0	6	1.2	228
10/05/2025	02:33:01	40.53909	141.55771	6	3.7	5	1.4	218
10/05/2025	02:34:03	40.53911	141.55767	6	0.0	5	1.4	217
10/05/2025	02:35:02	40.53905	141.55769	-0	0.0	6	1.2	230
10/05/2025	02:36:02	40.53924	141.55769	16	0.0	6	1.2	249
10/05/2025	02:37:00	40.53925	141.55765	34	0.0	5	1.3	214
10/05/2025	02:38:00	40.53918	141.55773	-10	0.0	5	1.3	221
10/05/2025	02:39:00	40.53911	141.55781	14	0.0	4	1.4	224
10/05/2025	02:40:00	40.53906	141.55758	4	0.0	5	1.3	200
10/05/2025	02:41:00	40.53913	141.55771	2	0.0	5	1.3	224
10/05/2025	02:42:01	40.53914	141.55774	-2	0.0	5	1.3	202
10/05/2025	02:43:00	40.53940	141.55764	36	0.0	4	2.3	187
10/05/2025	02:44:01	40.53935	141.55759	62	0.0	5	2.0	225
10/05/2025	02:45:01	40.53927	141.55770	58	0.0	5	1.3	219
10/05/2025	02:46:01	40.53907	141.55763	20	0.0	5	1.3	226
10/05/2025	02:47:00	40.53929	141.55771	-40	0.0	4	2.2	226
10/05/2025	02:48:00	40.53933	141.55780	72	3.7	3	2.2	161
10/05/2025	02:49:00	40.53917	141.55770	-58	0.0	5	1.3	223
10/05/2025	02:50:01	40.53914	141.55772	10	0.0	6	1.2	229
10/05/2025	02:51:00	40.53935	141.55762	28	3.7	3	2.4	226
10/05/2025	02:52:01	40.53914	141.55769	0	0.0	6	1.2	225
10/05/2025	02:53:01	40.53934	141.55761	40	0.0	6	2.0	231
10/05/2025	02:54:00	40.53919	141.55774	6	0.0	6	1.2	230
10/05/2025	02:55:00	40.53926	141.55767	28	0.0	5	1.4	226
10/05/2025	02:56:01	40.53891	141.55763	-10	0.0	5	1.4	228
10/05/2025	02:57:01	40.53922	141.55765	42	0.0	6	1.2	236
10/05/2025	02:58:00	40.53935	141.55777	6	0.0	4	1.4	224
10/05/2025	02:59:01	40.53920	141.55766	14	0.0	6	1.4	231
10/05/2025	03:00:00	40.53908	141.55767	10	0.0	4	2.2	199
10/05/2025	03:01:01	40.53921	141.55775	32	0.0	4	2.0	167
10/05/2025	03:02:02	40.53973	141.55671	10	0.0	3	2.3	182
10/05/2025	03:03:05	40.53966	141.55654	-2	0.0	7	1.0	233
10/05/2025	03:04:06	40.53906	141.55650	4	0.0	6	1.2	274
10/05/2025	03:05:01	40.53901	141.55650	-46	0.0	3	1.4	206
10/05/2025	03:06:00	40.53890	141.55649	-4	0.0	6	1.2	254
10/05/2025	03:07:00	40.53911	141.55642	-0	0.0	5	1.2	252
10/05/2025	03:08:00	40.53901	141.55653	8	0.0	5	1.3	246
10/05/2025	03:09:00	40.53885	141.55650	20	0.0	4	1.3	224
10/05/2025	03:10:00	40.53805	141.55545	24	40.7	4	1.3	209
10/05/2025	03:11:01	40.53335	141.55171	42	37.0	3	1.4	212
10/05/2025	03:12:01	40.53017	141.54946	20	14.8	3	4.1	247
10/05/2025	03:13:01	40.53089	141.54905	124	22.2	5	2.3	223
10/05/2025	03:14:01	40.52929	141.54416	4	11.1	5	1.3	213
10/05/2025	03:15:01	40.52758	141.53878	24	14.8	3	2.0	198
10/05/2025	03:16:00	40.52741	141.53888	12	0.0	5	1.2	221
10/05/2025	03:17:00	40.52739	141.53914	-100	0.0	3	2.3	156
10/05/2025	03:18:01	40.52743	141.53889	28	0.0	5	1.2	195
10/05/2025	03:19:02	40.52762	141.53984	-0	25.9	6	1.1	243
10/05/2025	03:20:00	40.52929	141.54426	0	0.0	5	1.2	220
10/05/2025	03:21:00	40.52931	141.54428	58	0.0	3	2.3	189
10/05/2025	03:22:00	40.52923	141.54415	4	0.0	6	1.1	227
10/05/2025	03:23:00	40.52916	141.54418	-32	0.0	4	1.3	215
10/05/2025	03:24:00	40.52925	141.54417	18	0.0	5	1.1	192
10/05/2025	03:25:01	40.52915	141.53788	14	40.7	5	1.2	184
10/05/2025	03:26:01	40.52774	141.53867	-22	0.0	3	2.0	215
10/05/2025	03:27:01	40.52747	141.53905	-30	0.0	5	1.2	224
10/05/2025	03:28:00	40.52750	141.53907	4	0.0	6	1.1	222
10/05/2025	03:29:01	40.52747	141.53894	-16	11.1	5	2.1	211
10/05/2025	03:30:01	40.52766	141.53893	30	18.5	3	2.0	204
10/05/2025	03:31:00	40.52731	141.53923	20	0.0	5	1.4	222
10/05/2025	03:32:00	40.52738	141.53887	36	0.0	3	1.4	187
10/05/2025	03:33:00	40.52759	141.53896	-4	0.0	3	2.1	183
10/05/2025	03:34:01	40.52808	141.54232	22	37.0	6	2.1	217
10/05/2025	03:35:01	40.53079	141.53994	56	37.0	3	3.0	216
10/05/2025	03:36:02	40.53312	141.53213	44	40.7	6	1.4	221
10/05/2025	03:37:01	40.53415	141.52384	12	40.7	4	1.2	222
10/05/2025	03:38:01	40.53920	141.51944	30	40.7	5	1.1	199
10/05/2025	03:39:01	40.54453	141.51451	32	40.7	4	1.2	191
10/05/2025	03:40:01	40.54511	141.51357	18	0.0	6	1.1	226
10/05/2025	03:41:01	40.54499	141.51363	2	0.0	6	1.1	215
10/05/2025	03:42:01	40.54486	141.51393	40	0.0	5	2.0	218
10/05/2025	03:43:00	40.54479	141.51364	26	33.3	5	1.1	184
10/05/2025	03:44:00	40.54310	141.51031	10	0.0	5	1.1	221
10/05/2025	03:45:01	40.54304	141.51030	16	0.0	4	2.4	203
10/05/2025	03:46:00	40.54312	141.51000	-44	3.7	3	2.1	186
10/05/2025	03:47:00	40.54311	141.51014	16	0.0	4	1.4	180
10/05/2025	03:48:00	40.54315	141.51007	-6	0.0	3	1.4	178
10/05/2025	03:49:00	40.54307	141.51022	44	0.0	6	1.1	221
10/05/2025	03:50:00	40.54300	141.51017	26	3.7	3	2.3	188
10/05/2025	03:51:00	40.54343	141.51013	42	0.0	3	2.3	186
10/05/2025	03:52:01	40.54315	141.51004	52	0.0	4	1.3	211
10/05/2025	03:53:01	40.54316	141.51013	16	0.0	5	1.3	225
10/05/2025	03:54:00	40.54313	141.51013	10	0.0	4	1.4	163
10/05/2025	03:55:02	40.54314	141.51014	-10	0.0	4	2.2	187
10/05/2025	03:56:00	40.54294	141.51034	14	0.0	4	2.2	216
10/05/2025	03:57:00	40.54297	141.51024	-0	0.0	5	1.2	217
10/05/2025	03:58:00	40.54297	141.51018	-14	0.0	5	1.2	190
10/05/2025	03:59:00	40.54432	141.51285	12	29.6	4	2.0	213
10/05/2025	04:00:02	40.54481	141.51309	12	0.0	4	2.0	207
10/05/2025	04:01:00	40.54492	141.51281	34	0.0	4	2.0	192
10/05/2025	04:02:00	40.54473	141.51313	10	0.0	3	2.2	215
10/05/2025	04:03:01	40.54393	141.51332	22	33.3	4	2.1	162
10/05/2025	04:04:01	40.54155	141.51681	48	22.2	6	1.4	223
10/05/2025	04:05:01	40.53852	141.52023	28	25.9	5	1.4	214
10/05/2025	04:06:01	40.53439	141.52385	36	37.0	6	1.4	242
10/05/2025	04:07:00	40.53058	141.52942	22	40.7	5	1.4	244
10/05/2025	04:08:00	40.53000	141.53524	24	14.8	5	1.4	183
10/05/2025	04:09:00	40.52822	141.53852	40	51.9	5	2.0	246
10/05/2025	04:10:00	40.52758	141.53892	20	33.3	4	2.1	156
10/05/2025	04:11:00	40.52746	141.53916	6	0.0	5	2.0	186
10/05/2025	04:12:01	40.52742	141.53914	2	0.0	6	2.0	223
10/05/2025	04:13:01	40.52759	141.53895	-0	0.0	6	2.0	219
10/05/2025	04:14:01	40.52749	141.53886	0	0.0	5	2.0	208
10/05/2025	04:15:00	40.52749	141.53899	44	3.7	4	2.1	185
10/05/2025	04:16:01	40.52760	141.53918	2	33.3	5	2.0	206
10/05/2025	04:17:01	40.52746	141.53886	8	0.0	5	2.1	206
10/05/2025	04:18:00	40.52770	141.53885	-42	18.5	3	2.2	208
10/05/2025	04:19:00	40.52777	141.53889	-20	18.5	3	2.1	201
10/05/2025	04:20:00	40.52757	141.53894	14	7.4	4	2.1	191
10/05/2025	04:21:00	40.52755	141.53906	6	29.6	5	2.0	217
10/05/2025	04:22:01	40.52761	141.53896	0	0.0	4	2.1	229
10/05/2025	04:23:01	40.52734	141.53907	12	0.0	4	2.1	184
10/05/2025	04:24:01	40.52737	141.53898	8	0.0	4	2.1	209
10/05/2025	04:25:01	40.52731	141.53908	32	0.0	4	2.1	186
10/05/2025	04:26:00	40.52872	141.54120	22	44.4	4	2.1	186
10/05/2025	04:27:00	40.52943	141.54388	6	0.0	4	2.1	163
10/05/2025	04:28:00	40.52950	141.54378	-10	0.0	4	2.2	216
10/05/2025	04:29:00	40.52943	141.54399	-2	0.0	4	2.1	222
10/05/2025	04:30:00	40.52915	141.54425	8	0.0	4	2.2	223
10/05/2025	04:31:01	40.52918	141.54410	2	0.0	3	2.3	208
10/05/2025	04:32:01	40.52920	141.54415	10	0.0	4	2.1	210
10/05/2025	04:33:01	40.52934	141.54415	-28	0.0	4	2.2	211
10/05/2025	04:34:01	40.52922	141.54429	40	0.0	4	2.1	208
10/05/2025	04:35:01	40.52934	141.54409	28	0.0	4	2.1	190
10/05/2025	04:36:01	40.52941	141.54404	24	0.0	4	2.1	188
10/05/2025	04:37:01	40.52919	141.54395	10	0.0	3	3.4	159
10/05/2025	04:38:02	40.52923	141.54410	16	0.0	4	2.1	209
10/05/2025	04:39:01	40.52914	141.54395	2	0.0	5	2.0	212
10/05/2025	04:40:00	40.52927	141.54386	-6	0.0	3	2.3	186
10/05/2025	04:41:00	40.52885	141.54445	62	0.0	3	2.3	185
10/05/2025	04:42:01	40.52910	141.54399	16	0.0	4	2.2	243
10/05/2025	04:43:00	40.52913	141.54400	4	0.0	4	2.2	222
10/05/2025	04:44:01	40.52912	141.54395	2	0.0	4	2.0	211
10/05/2025	04:45:01	40.53039	141.54306	14	48.2	4	2.0	197
10/05/2025	04:46:00	40.53299	141.54817	36	48.2	4	2.1	184
10/05/2025	04:47:01	40.53542	141.55356	22	51.9	5	2.0	186
10/05/2025	04:48:01	40.53921	141.55768	10	0.0	4	2.2	215
10/05/2025	04:49:01	40.53922	141.55775	18	0.0	4	2.2	218
10/05/2025	04:50:02	40.53920	141.55768	6	0.0	4	2.0	210
10/05/2025	04:51:00	40.53929	141.55748	12	0.0	3	2.3	207
10/05/2025	04:52:01	40.53918	141.55774	-0	0.0	3	2.3	213
10/05/2025	04:53:01	40.53908	141.55782	26	0.0	3	2.3	218
10/05/2025	04:54:01	40.53915	141.55767	24	0.0	4	2.2	195
10/05/2025	04:55:01	40.53933	141.55747	16	0.0	3	2.4	212
10/05/2025	04:56:02	40.53941	141.55713	6	0.0	3	2.4	239
10/05/2025	04:57:02	40.53932	141.55755	10	0.0	5	2.0	237
10/05/2025	04:58:01	40.53922	141.55762	12	0.0	3	2.4	204
10/05/2025	04:59:02	40.53918	141.55772	6	0.0	4	2.0	197
10/05/2025	05:00:02	40.53917	141.55768	22	0.0	3	2.4	200
10/05/2025	05:01:00	40.53912	141.55779	36	0.0	3	2.4	160
10/05/2025	05:02:00	40.53928	141.55753	0	0.0	3	2.4	157
10/05/2025	05:03:01	40.53918	141.55761	30	0.0	3	2.4	149
10/05/2025	05:04:01	40.53926	141.55758	10	0.0	3	2.4	195
10/05/2025	05:05:04	40.53925	141.55765	14	0.0	3	2.4	276
10/05/2025	05:06:02	40.53916	141.55776	6	0.0	3	2.4	184
10/05/2025	05:07:02	40.53929	141.55766	2	0.0	3	2.4	200
10/05/2025	05:08:02	40.53919	141.55789	12	0.0	3	2.4	153
10/05/2025	05:09:04	40.53926	141.55756	22	0.0	3	2.4	146
10/05/2025	05:10:05	40.53920	141.55764	18	0.0	3	2.4	141
10/05/2025	05:11:02	40.53921	141.55771	12	0.0	3	2.4	178
10/05/2025	05:12:02	40.53926	141.55754	28	0.0	3	2.4	146
10/05/2025	05:13:03	40.53916	141.55776	24	0.0	3	2.4	220
10/05/2025	05:14:04	40.53931	141.55764	24	0.0	3	2.4	195
10/05/2025	05:15:04	40.53927	141.55773	8	0.0	3	2.4	180
10/05/2025	05:16:02	40.53919	141.55787	4	0.0	2	3.1	121
10/05/2025	05:17:03	40.53925	141.55798	6	0.0	2	3.1	183
10/05/2025	05:18:08	40.53944	141.55800	4	0.0	2	3.1	231
10/05/2025	05:19:24	40.53923	141.55767	18	0.0	3	2.4	233
10/05/2025	05:20:16	40.53930	141.55778	12	0.0	3	2.4	260
10/05/2025	05:21:07	40.53920	141.55770	18	0.0	3	2.4	165
10/05/2025	05:22:08	40.53922	141.55771	20	0.0	3	2.4	202
10/05/2025	05:23:01	40.53916	141.55785	16	0.0	2	3.2	121
10/05/2025	05:24:20	40.53921	141.55763	26	0.0	3	2.4	258
10/05/2025	05:25:04	40.53918	141.55767	26	0.0	2	3.2	189
10/05/2025	05:26:33	40.53919	141.55773	12	0.0	5	2.0	223
10/05/2025	05:27:01	40.53900	141.55731	58	3.7	4	2.0	187
10/05/2025	05:28:01	40.53916	141.55769	18	0.0	3	2.4	255
10/05/2025	05:29:01	40.53906	141.55753	16	0.0	4	2.2	208
10/05/2025	05:30:00	40.53928	141.55794	-2	0.0	4	2.2	224
10/05/2025	05:31:00	40.53929	141.55789	10	0.0	3	2.3	227
10/05/2025	05:32:01	40.53924	141.55774	14	0.0	4	2.2	242
10/05/2025	05:33:00	40.53939	141.55817	-18	0.0	4	2.4	212
10/05/2025	05:34:00	40.53913	141.55777	10	0.0	4	2.2	213
10/05/2025	05:35:00	40.53928	141.55804	-24	0.0	4	2.2	215
10/05/2025	05:36:00	40.53927	141.55765	16	0.0	4	2.1	210
10/05/2025	05:37:00	40.53921	141.55769	40	0.0	3	2.3	135
10/05/2025	05:38:01	40.53916	141.55746	-42	3.7	3	2.4	217
10/05/2025	05:39:01	40.53928	141.55750	4	7.4	3	2.1	240
10/05/2025	05:40:02	40.53913	141.55788	8	18.5	3	4.1	189
10/05/2025	05:41:02	40.53633	141.55759	14	0.0	4	2.0	251
10/05/2025	05:42:02	40.53628	141.55760	24	0.0	5	1.0	235
10/05/2025	05:43:01	40.53631	141.55753	10	0.0	5	1.0	230
10/05/2025	05:44:01	40.53625	141.55754	2	0.0	5	1.0	236
10/05/2025	05:45:00	40.53564	141.55646	34	14.8	4	2.1	220
10/05/2025	05:46:00	40.53562	141.55627	12	0.0	5	1.0	216
10/05/2025	05:47:00	40.53552	141.55632	10	0.0	3	1.1	194
10/05/2025	05:48:00	40.53556	141.55643	36	0.0	4	1.1	216
10/05/2025	05:49:00	40.53567	141.55618	10	0.0	4	1.3	214
10/05/2025	05:50:01	40.53565	141.55618	2	0.0	5	1.0	218
10/05/2025	05:51:00	40.53551	141.55632	-22	3.7	4	2.1	193
10/05/2025	05:52:00	40.53562	141.55626	-4	0.0	5	1.0	220
10/05/2025	05:53:00	40.53564	141.55649	14	0.0	5	1.0	224
10/05/2025	05:54:00	40.53560	141.55663	60	0.0	4	2.2	222
10/05/2025	05:55:00	40.53557	141.55607	8	0.0	3	1.1	214
10/05/2025	05:56:00	40.53581	141.55655	-72	0.0	3	2.4	215
10/05/2025	05:57:00	40.53577	141.55632	-38	3.7	3	2.1	211
10/05/2025	05:58:01	40.53557	141.55627	12	0.0	5	1.0	256
10/05/2025	05:59:00	40.53564	141.55628	4	0.0	3	2.0	186
10/05/2025	06:00:00	40.53550	141.55625	38	0.0	4	2.0	195
10/05/2025	06:01:00	40.53557	141.55628	20	0.0	3	1.4	154
10/05/2025	06:02:00	40.53563	141.55663	32	3.7	3	2.1	190
10/05/2025	06:03:00	40.53544	141.55626	36	0.0	3	2.0	191
10/05/2025	06:04:00	40.53544	141.55611	26	0.0	4	1.4	196
10/05/2025	06:05:00	40.53555	141.55647	-10	0.0	3	2.1	195
10/05/2025	06:06:01	40.53559	141.55637	16	0.0	4	1.4	191
10/05/2025	06:07:01	40.53563	141.55622	-62	0.0	4	1.4	194
10/05/2025	06:08:01	40.53561	141.55629	-16	0.0	3	2.0	149
10/05/2025	06:09:01	40.53568	141.55632	12	0.0	4	1.4	193
10/05/2025	06:10:00	40.53575	141.55644	-24	0.0	3	2.2	192
10/05/2025	06:11:01	40.53573	141.55628	2	0.0	3	3.0	186
10/05/2025	06:12:00	40.53566	141.55644	30	0.0	4	2.0	197
10/05/2025	06:13:00	40.53564	141.55637	34	7.4	4	2.0	196
10/05/2025	06:14:00	40.53566	141.55641	2	0.0	4	1.4	192
10/05/2025	06:15:00	40.53576	141.55660	-10	3.7	4	2.0	195
10/05/2025	06:16:00	40.53559	141.55628	16	3.7	4	1.4	190
10/05/2025	06:17:01	40.53565	141.55636	0	0.0	3	2.1	166
10/05/2025	06:18:00	40.53547	141.55624	58	0.0	4	2.0	193
10/05/2025	06:19:01	40.53545	141.55625	58	0.0	4	1.3	186
10/05/2025	06:20:00	40.53559	141.55650	-0	0.0	4	1.4	193
10/05/2025	06:21:01	40.53559	141.55635	12	0.0	4	1.3	189
10/05/2025	06:22:00	40.53561	141.55641	24	0.0	3	2.0	191
10/05/2025	06:23:00	40.53563	141.55629	48	0.0	3	2.0	192
10/05/2025	06:24:00	40.53481	141.55311	10	25.9	4	1.3	159
10/05/2025	06:25:01	40.53087	141.55114	10	25.9	4	1.4	157
10/05/2025	06:26:01	40.52972	141.54552	48	40.7	4	1.3	163
10/05/2025	06:27:01	40.52931	141.54430	-12	0.0	4	1.4	197
10/05/2025	06:28:01	40.52913	141.54404	60	0.0	4	1.4	195
10/05/2025	06:29:00	40.52920	141.54454	46	0.0	3	2.0	189
10/05/2025	06:30:00	40.52936	141.54378	-26	0.0	4	1.4	160
10/05/2025	06:31:01	40.52927	141.54407	20	0.0	3	2.0	162
10/05/2025	06:32:01	40.52922	141.54413	12	0.0	4	1.3	221
10/05/2025	06:33:01	40.52929	141.54405	14	0.0	3	1.4	215
10/05/2025	06:34:00	40.52920	141.54400	66	0.0	4	1.3	167
10/05/2025	06:35:00	40.52919	141.54406	18	0.0	4	1.3	194
10/05/2025	06:36:01	40.52879	141.54215	24	37.0	4	1.3	188
10/05/2025	06:37:01	40.52754	141.53915	-14	0.0	3	1.4	163
10/05/2025	06:38:00	40.52759	141.53928	-36	0.0	3	2.0	159
10/05/2025	06:39:00	40.52748	141.53918	-2	0.0	3	1.4	163
10/05/2025	06:40:00	40.52765	141.53936	4	0.0	3	2.0	159
10/05/2025	06:41:00	40.52733	141.53878	92	0.0	3	1.4	152
10/05/2025	06:42:00	40.52749	141.53897	-66	0.0	3	1.4	129
10/05/2025	06:43:00	40.52733	141.53902	42	0.0	3	1.4	188
10/05/2025	06:44:01	40.52745	141.53905	46	0.0	3	1.4	182
10/05/2025	06:45:01	40.52731	141.53915	24	3.7	2	15.1	133
10/05/2025	06:46:01	40.52741	141.53896	2	0.0	3	1.4	178
10/05/2025	06:47:01	40.52740	141.53913	40	0.0	3	1.4	163
10/05/2025	06:48:01	40.52749	141.53893	2	0.0	3	1.4	192
10/05/2025	06:49:01	40.52744	141.53887	-38	0.0	3	1.4	193
10/05/2025	06:50:01	40.52742	141.53894	-16	0.0	3	1.4	157
10/05/2025	06:51:00	40.52743	141.53895	2	0.0	3	1.4	164
10/05/2025	06:52:01	40.52737	141.53904	-52	0.0	2	2.1	147
10/05/2025	06:53:02	40.52759	141.53892	4	25.9	3	21.3	158
10/05/2025	06:54:01	40.52750	141.53939	10	18.5	3	1.4	152
10/05/2025	06:55:01	40.52754	141.53901	-6	3.7	3	1.4	152
10/05/2025	06:56:01	40.52742	141.53918	26	11.1	3	2.0	150
10/05/2025	06:57:01	40.52770	141.53871	16	0.0	3	1.4	188
10/05/2025	06:58:00	40.52920	141.54405	64	37.0	3	2.1	128
10/05/2025	06:59:01	40.52863	141.54530	96	11.1	3	13.1	159
10/05/2025	07:00:01	40.52921	141.54422	26	0.0	3	2.2	181
10/05/2025	07:01:01	40.52905	141.54404	88	0.0	3	2.2	190
10/05/2025	07:02:03	40.52919	141.54418	34	0.0	4	2.1	248
10/05/2025	07:03:00	40.52925	141.54392	4	0.0	3	2.2	181
10/05/2025	07:04:01	40.52921	141.54406	6	0.0	4	2.1	217
10/05/2025	07:05:00	40.52901	141.54423	54	0.0	3	2.2	190
10/05/2025	07:06:00	40.52915	141.54424	12	0.0	3	2.4	185
10/05/2025	07:07:00	40.52911	141.54406	36	3.7	4	2.2	191
10/05/2025	07:08:01	40.52913	141.54406	2	0.0	4	2.2	221
10/05/2025	07:09:00	40.52922	141.54390	12	0.0	4	2.2	244
10/05/2025	07:10:00	40.52913	141.54395	22	0.0	4	2.2	193
10/05/2025	07:11:01	40.52918	141.54376	18	0.0	4	2.2	231
10/05/2025	07:12:00	40.52916	141.54379	-18	0.0	3	2.2	220
10/05/2025	07:13:01	40.52917	141.54426	48	0.0	4	2.2	195
10/05/2025	07:14:00	40.52908	141.54261	24	37.0	4	2.2	240
10/05/2025	07:15:00	40.52751	141.53932	56	14.8	3	2.2	158
10/05/2025	07:16:00	40.52755	141.53893	16	14.8	3	2.2	151
10/05/2025	07:17:02	40.52751	141.53898	22	0.0	3	2.3	156
10/05/2025	07:18:25	40.52748	141.53916	14	0.0	3	2.2	255
10/05/2025	07:19:05	40.52747	141.53915	14	0.0	2	3.1	242
10/05/2025	07:20:07	40.52743	141.53914	22	0.0	3	2.2	195
10/05/2025	07:21:05	40.52747	141.53912	20	0.0	2	3.0	231
10/05/2025	07:22:04	40.52749	141.53909	18	0.0	3	2.2	242
10/05/2025	07:23:06	40.52739	141.53913	16	0.0	2	3.0	190
10/05/2025	07:24:07	40.52741	141.53912	18	0.0	2	3.0	215
10/05/2025	07:25:08	40.52737	141.53912	22	0.0	3	2.3	188
10/05/2025	07:26:06	40.52745	141.53920	22	0.0	2	3.0	211
10/05/2025	07:27:06	40.52748	141.53918	20	0.0	2	3.0	213
10/05/2025	07:28:33	40.52740	141.53924	28	0.0	4	1.3	202
10/05/2025	07:29:02	40.52747	141.53910	14	0.0	4	1.3	222
10/05/2025	07:30:00	40.52744	141.53912	24	0.0	4	2.0	213
10/05/2025	07:31:00	40.52735	141.53905	24	0.0	4	1.3	192
10/05/2025	07:32:00	40.52728	141.53883	6	0.0	3	2.4	204
10/05/2025	07:33:00	40.52738	141.53918	14	0.0	3	2.4	186
10/05/2025	07:34:00	40.52754	141.53918	28	0.0	3	1.3	125
10/05/2025	07:35:00	40.52732	141.53909	-16	0.0	3	2.1	182
10/05/2025	07:36:00	40.52722	141.53917	-22	0.0	3	2.1	185
10/05/2025	07:37:00	40.52729	141.53918	-44	0.0	3	2.1	155
10/05/2025	07:38:01	40.52736	141.53900	-6	0.0	3	2.1	175
10/05/2025	07:39:00	40.52754	141.53901	26	0.0	3	2.1	181
10/05/2025	07:40:00	40.52750	141.53897	10	0.0	3	2.1	178
10/05/2025	07:41:01	40.52748	141.53899	-6	14.8	4	3.3	212
10/05/2025	07:42:01	40.52729	141.53899	-26	0.0	3	2.1	138
10/05/2025	07:43:02	40.52756	141.53907	20	0.0	2	3.2	137
10/05/2025	07:44:02	40.52755	141.53905	20	0.0	3	3.0	143
10/05/2025	07:45:01	40.52743	141.53912	6	0.0	3	1.4	139
10/05/2025	07:46:01	40.52747	141.53906	18	0.0	3	2.1	140
10/05/2025	07:47:01	40.52744	141.53904	4	0.0	4	1.4	147
10/05/2025	07:48:01	40.52745	141.53913	2	0.0	3	2.1	139
10/05/2025	07:49:01	40.52752	141.53914	30	0.0	4	1.4	148
10/05/2025	07:50:01	40.52740	141.53903	18	0.0	4	1.4	154
10/05/2025	07:51:01	40.52741	141.53895	4	0.0	4	1.4	157
10/05/2025	07:52:00	40.52927	141.54359	28	40.7	4	2.0	238
10/05/2025	07:53:01	40.52969	141.54209	24	37.0	4	1.1	236
10/05/2025	07:54:01	40.53358	141.53613	34	44.4	4	1.4	210
10/05/2025	07:55:02	40.53830	141.53154	18	44.4	4	1.4	262
10/05/2025	07:56:01	40.54223	141.52580	36	44.4	4	1.1	231
10/05/2025	07:57:00	40.54562	141.51849	32	40.7	3	2.2	205
10/05/2025	07:58:01	40.54614	141.51474	14	0.0	3	3.0	223
10/05/2025	07:59:00	40.54616	141.51482	6	0.0	4	1.4	208
10/05/2025	08:00:01	40.54616	141.51532	-4	0.0	4	1.4	185
10/05/2025	08:01:01	40.54627	141.51545	6	25.9	3	2.0	233
10/05/2025	08:02:01	40.54509	141.51015	18	29.6	3	3.0	243
10/05/2025	08:03:01	40.54319	141.51025	18	0.0	4	1.4	237
10/05/2025	08:04:01	40.54315	141.51029	8	0.0	4	1.4	230
10/05/2025	08:05:00	40.54314	141.51032	18	0.0	4	1.4	185
10/05/2025	08:06:00	40.54285	141.51025	-54	0.0	3	2.0	233
10/05/2025	08:07:00	40.54294	141.51024	-18	0.0	4	1.4	243
10/05/2025	08:08:01	40.54309	141.51023	-0	0.0	3	2.3	230
10/05/2025	08:09:00	40.54287	141.51026	-30	3.7	3	2.4	215
10/05/2025	08:10:00	40.54281	141.51018	-22	0.0	3	2.4	219
10/05/2025	08:11:01	40.54307	141.51032	-4	0.0	4	1.4	217
10/05/2025	08:12:01	40.54315	141.51024	6	0.0	4	1.4	216
10/05/2025	08:13:01	40.54308	141.51021	-0	0.0	4	1.4	220
10/05/2025	08:14:00	40.54310	141.51018	16	0.0	3	2.2	215
10/05/2025	08:15:00	40.54301	141.51023	-10	0.0	3	2.2	214
10/05/2025	08:16:01	40.54301	141.51015	-0	0.0	4	1.4	215
10/05/2025	08:17:01	40.54294	141.51018	-12	0.0	4	1.4	210
10/05/2025	08:18:00	40.54310	141.51020	8	0.0	3	2.1	183
10/05/2025	08:19:01	40.54329	141.51022	36	0.0	3	4.2	199
10/05/2025	08:20:01	40.54317	141.51027	30	0.0	4	1.4	204
10/05/2025	08:21:01	40.54303	141.51015	2	0.0	4	1.4	221
10/05/2025	08:22:00	40.54322	141.51000	6	0.0	4	1.4	219
10/05/2025	08:23:00	40.54317	141.51002	-0	0.0	4	1.4	221
10/05/2025	08:24:01	40.54316	141.51002	-0	0.0	4	1.3	204
10/05/2025	08:25:01	40.54327	141.51012	20	0.0	4	1.3	223
10/05/2025	08:26:00	40.54327	141.51011	16	0.0	3	2.0	213
10/05/2025	08:27:01	40.54324	141.51011	8	0.0	4	1.3	220
10/05/2025	08:28:00	40.54319	141.51003	-2	0.0	4	1.3	223
10/05/2025	08:29:00	40.54328	141.51020	14	0.0	4	1.3	191
10/05/2025	08:30:00	40.54328	141.51014	22	0.0	4	1.3	189
10/05/2025	08:31:01	40.54323	141.51014	2	0.0	4	1.3	215
10/05/2025	08:32:00	40.54323	141.51014	16	0.0	3	1.4	215
10/05/2025	08:33:00	40.54336	141.51022	24	0.0	4	1.3	215
10/05/2025	08:34:00	40.54312	141.51014	-28	0.0	4	1.3	217
10/05/2025	08:35:00	40.54317	141.51017	8	0.0	4	1.2	220
10/05/2025	08:36:01	40.54310	141.50972	-2	0.0	4	1.2	208
10/05/2025	08:37:01	40.54321	141.50969	24	0.0	3	1.3	158
10/05/2025	08:38:02	40.54335	141.50916	22	22.2	3	1.3	202
10/05/2025	08:39:01	40.54309	141.50857	46	0.0	2	9.1	203
10/05/2025	08:40:01	40.54307	141.50867	20	0.0	4	1.2	211
10/05/2025	08:41:01	40.54325	141.51000	8	0.0	3	1.3	238
10/05/2025	08:42:00	40.54328	141.51005	0	0.0	3	1.3	159
10/05/2025	08:43:00	40.54322	141.51021	20	0.0	3	1.3	217
10/05/2025	08:44:00	40.54317	141.51004	0	0.0	4	1.2	217
10/05/2025	08:45:01	40.54345	141.51035	62	0.0	2	5.4	202
10/05/2025	08:46:00	40.54317	141.51029	12	0.0	3	1.2	188
10/05/2025	08:47:01	40.54314	141.51028	-8	0.0	4	1.2	186
10/05/2025	08:48:00	40.54315	141.51038	-14	0.0	3	1.2	220
10/05/2025	08:49:00	40.54315	141.51027	24	0.0	3	1.2	187
10/05/2025	08:50:00	40.54302	141.51025	0	0.0	4	1.1	210
10/05/2025	08:51:00	40.54311	141.51033	8	0.0	3	1.2	215
10/05/2025	08:52:00	40.54308	141.51035	-8	0.0	3	1.2	190
10/05/2025	08:53:01	40.54306	141.51032	10	0.0	4	1.1	218
10/05/2025	08:54:00	40.54310	141.51026	16	0.0	3	1.2	213
10/05/2025	08:55:00	40.54312	141.51025	22	0.0	3	1.2	217
10/05/2025	08:56:00	40.54304	141.51027	22	0.0	3	1.2	217
10/05/2025	08:57:00	40.54308	141.51022	8	0.0	3	1.1	209
10/05/2025	08:58:00	40.54307	141.51021	6	0.0	3	1.1	184
10/05/2025	08:59:01	40.54303	141.51027	10	0.0	4	1.1	244
10/05/2025	09:00:00	40.54314	141.51024	16	0.0	3	1.1	217
10/05/2025	09:01:00	40.54308	141.51027	2	0.0	3	1.1	208
10/05/2025	09:02:00	40.54313	141.51019	4	3.7	3	1.1	180
10/05/2025	09:03:00	40.54356	141.51059	10	29.6	3	1.1	214
10/05/2025	09:04:00	40.54379	141.51056	-34	0.0	3	1.1	180
10/05/2025	09:05:01	40.54383	141.51060	12	0.0	3	1.1	217
10/05/2025	09:06:02	40.54373	141.51072	-10	0.0	3	1.1	245
10/05/2025	09:07:01	40.54382	141.51082	36	0.0	3	1.1	248
10/05/2025	09:08:03	40.54485	141.51303	12	0.0	3	1.1	236
10/05/2025	09:09:01	40.54490	141.51330	18	0.0	3	1.1	222
10/05/2025	09:10:04	40.54488	141.51468	2	25.9	3	1.1	238
10/05/2025	09:11:05	40.54577	141.52279	30	44.4	3	1.1	270
10/05/2025	09:12:00	40.54561	141.52357	-36	0.0	3	1.1	212
10/05/2025	09:13:00	40.54569	141.52374	26	0.0	3	1.1	185
10/05/2025	09:14:02	40.54560	141.52364	38	0.0	3	1.1	224
10/05/2025	09:15:01	40.54551	141.52369	36	0.0	3	1.1	163
10/05/2025	09:16:02	40.54565	141.52370	-20	0.0	3	1.1	200
10/05/2025	09:17:02	40.54557	141.52366	8	0.0	3	1.1	176
10/05/2025	09:18:02	40.54556	141.52359	0	0.0	3	1.1	177
10/05/2025	09:19:03	40.54563	141.52362	40	0.0	3	1.1	167
10/05/2025	09:20:05	40.54567	141.52367	36	0.0	3	1.1	243
10/05/2025	09:21:03	40.54565	141.52368	36	0.0	2	1.2	182
10/05/2025	09:22:01	40.54562	141.52369	24	0.0	3	1.1	225
10/05/2025	09:23:03	40.54565	141.52371	18	0.0	3	1.1	173
10/05/2025	09:24:02	40.54558	141.52370	40	0.0	3	1.1	226
10/05/2025	09:25:03	40.54564	141.52368	38	0.0	2	1.2	213
10/05/2025	09:26:01	40.54572	141.52371	-26	0.0	3	1.1	218
10/05/2025	09:27:02	40.54553	141.52376	34	0.0	3	1.1	218
10/05/2025	09:28:00	40.54555	141.52380	14	0.0	3	1.0	194
10/05/2025	09:29:02	40.54555	141.52370	16	0.0	2	1.2	207
10/05/2025	09:30:02	40.54563	141.52371	10	0.0	3	1.0	251
10/05/2025	09:31:01	40.54559	141.52381	16	0.0	3	1.0	223
10/05/2025	09:32:02	40.54563	141.52371	28	0.0	3	1.0	222
10/05/2025	09:33:01	40.54557	141.52366	-14	0.0	3	1.0	226
10/05/2025	09:34:02	40.54554	141.52372	-12	0.0	2	1.2	253
10/05/2025	09:35:01	40.54562	141.52370	22	0.0	3	1.0	186
10/05/2025	09:36:02	40.54554	141.52373	6	0.0	3	1.0	184
10/05/2025	09:37:02	40.54567	141.52351	-38	0.0	3	1.0	252
10/05/2025	09:38:03	40.54564	141.52370	12	0.0	3	1.0	249
10/05/2025	09:39:03	40.54555	141.52367	32	0.0	3	1.0	210
10/05/2025	09:40:02	40.54571	141.52364	34	0.0	2	1.1	178
10/05/2025	09:41:04	40.54559	141.52372	22	0.0	3	1.0	203
10/05/2025	09:42:03	40.54563	141.52371	18	0.0	2	1.1	204
10/05/2025	09:43:04	40.54564	141.52367	22	0.0	2	1.1	172
10/05/2025	09:44:06	40.54557	141.52373	-28	0.0	3	1.0	273
10/05/2025	09:45:01	40.54564	141.52371	-18	0.0	3	1.0	219
10/05/2025	09:46:01	40.54561	141.52365	14	0.0	3	1.0	174
10/05/2025	09:47:02	40.54556	141.52367	12	0.0	2	1.1	194
10/05/2025	09:48:02	40.54557	141.52374	14	0.0	2	1.1	185
10/05/2025	09:49:01	40.54548	141.52368	10	0.0	2	1.1	150
10/05/2025	09:50:02	40.54558	141.52372	14	0.0	2	1.1	194
10/05/2025	09:51:02	40.54563	141.52369	14	0.0	2	1.1	198
10/05/2025	09:52:02	40.54559	141.52371	16	0.0	2	1.1	223
10/05/2025	09:53:02	40.54562	141.52368	18	0.0	2	1.1	159
10/05/2025	09:54:34	40.54555	141.52370	10	0.0	7	0.4	308
10/05/2025	09:55:01	40.54570	141.52375	12	0.0	7	0.4	270
10/05/2025	09:56:00	40.54581	141.52353	40	3.7	5	2.0	250
10/05/2025	09:57:00	40.54576	141.52327	72	0.0	3	2.2	236
10/05/2025	09:58:00	40.54552	141.52372	16	0.0	5	2.1	260
10/05/2025	09:59:00	40.54541	141.52372	12	0.0	7	2.1	283
10/05/2025	10:00:01	40.54545	141.52372	6	0.0	6	1.3	279
10/05/2025	10:01:00	40.54555	141.52384	-10	0.0	6	1.3	285
10/05/2025	10:02:00	40.54550	141.52368	30	0.0	6	1.3	283
10/05/2025	10:03:01	40.54769	141.52265	10	0.0	5	1.3	273
10/05/2025	10:04:01	40.54790	141.52305	0	3.7	4	2.4	236
10/05/2025	10:05:00	40.54790	141.52323	4	0.0	4	2.3	270
10/05/2025	10:06:00	40.54882	141.52441	-10	22.2	5	1.4	275
10/05/2025	10:07:00	40.55184	141.52574	14	22.2	6	1.3	281
10/05/2025	10:08:01	40.55544	141.52689	24	25.9	4	2.3	215
10/05/2025	10:09:01	40.55747	141.52991	24	18.5	3	2.4	214
10/05/2025	10:10:00	40.56115	141.52960	0	29.6	6	1.3	280
10/05/2025	10:11:01	40.56302	141.52988	4	0.0	5	1.4	262
10/05/2025	10:12:00	40.56334	141.52969	6	0.0	4	2.2	237
10/05/2025	10:13:00	40.56363	141.52951	10	0.0	5	1.4	269
10/05/2025	10:14:00	40.56400	141.52931	2	0.0	4	2.2	264
10/05/2025	10:15:00	40.56441	141.52930	8	0.0	4	2.1	270
10/05/2025	10:16:00	40.56470	141.52917	-0	0.0	6	1.2	274
10/05/2025	10:17:00	40.56509	141.52900	6	0.0	5	1.2	267
10/05/2025	10:18:00	40.56542	141.52889	14	0.0	5	1.4	260
10/05/2025	10:19:00	40.56564	141.52876	4	0.0	5	2.0	243
10/05/2025	10:20:01	40.56589	141.52871	8	0.0	4	2.1	266
10/05/2025	10:21:00	40.56634	141.52838	-8	0.0	4	2.1	268
10/05/2025	10:22:00	40.56651	141.52822	12	0.0	6	1.2	242
10/05/2025	10:23:00	40.56656	141.52797	-10	0.0	4	2.0	229
10/05/2025	10:24:01	40.56692	141.52789	-0	0.0	5	1.4	243
10/05/2025	10:25:00	40.56722	141.52783	26	0.0	4	2.1	240
10/05/2025	10:26:01	40.56744	141.52766	4	0.0	5	1.4	239
10/05/2025	10:27:01	40.56772	141.52759	6	0.0	5	1.4	241
10/05/2025	10:28:01	40.56793	141.52735	18	0.0	5	1.2	266
10/05/2025	10:29:01	40.56822	141.52726	4	0.0	6	1.1	273
10/05/2025	10:30:01	40.56844	141.52712	-4	0.0	6	1.1	238
10/05/2025	10:31:01	40.56876	141.52689	8	0.0	5	1.2	262
10/05/2025	10:32:01	40.56908	141.52680	0	3.7	4	1.4	262
10/05/2025	10:33:01	40.56934	141.52665	-2	0.0	5	1.4	265
10/05/2025	10:34:01	40.56981	141.52638	0	0.0	3	1.4	203
10/05/2025	10:35:01	40.57002	141.52659	-10	0.0	4	2.3	227
10/05/2025	10:36:01	40.57005	141.52635	10	0.0	4	2.2	228
10/05/2025	10:37:01	40.57019	141.52637	0	0.0	5	1.3	233
10/05/2025	10:38:01	40.57036	141.52615	20	0.0	5	1.3	268
10/05/2025	10:39:00	40.57061	141.52619	2	0.0	4	2.2	238
10/05/2025	10:40:01	40.57077	141.52609	4	0.0	4	2.2	235
10/05/2025	10:41:00	40.57123	141.52602	38	0.0	4	2.2	236
10/05/2025	10:42:01	40.57138	141.52609	6	0.0	5	1.3	239
10/05/2025	10:43:02	40.57148	141.52589	2	0.0	6	1.1	232
10/05/2025	10:44:01	40.57168	141.52603	18	18.5	5	1.3	248
10/05/2025	10:45:00	40.57293	141.52947	50	14.8	5	1.3	187
10/05/2025	10:46:02	40.57301	141.52981	20	0.0	6	1.1	234
10/05/2025	10:47:01	40.57319	141.52966	-0	0.0	4	2.3	233
10/05/2025	10:48:01	40.57360	141.52970	14	0.0	5	1.3	234
10/05/2025	10:49:01	40.57370	141.52951	16	0.0	5	1.3	237
10/05/2025	10:50:01	40.57377	141.52949	18	0.0	4	1.4	226
10/05/2025	10:51:01	40.57397	141.52936	26	0.0	5	1.3	231
10/05/2025	10:52:01	40.57429	141.52937	4	0.0	5	1.3	237
10/05/2025	10:53:01	40.57440	141.52932	2	0.0	6	1.1	209
10/05/2025	10:54:01	40.57450	141.52911	-2	0.0	5	1.2	234
10/05/2025	10:55:01	40.57472	141.52909	8	0.0	5	1.2	209
10/05/2025	10:56:03	40.57487	141.52903	14	0.0	5	1.2	203
10/05/2025	10:57:01	40.57501	141.52887	-8	0.0	4	1.3	184
10/05/2025	10:58:02	40.57515	141.52874	4	0.0	3	4.4	200
10/05/2025	10:59:01	40.57533	141.52872	2	0.0	4	2.3	227
10/05/2025	11:00:02	40.57557	141.52863	8	0.0	5	1.2	208
10/05/2025	11:01:01	40.57566	141.52841	8	0.0	5	1.2	227
10/05/2025	11:02:00	40.57600	141.52836	-2	3.7	4	1.4	189
10/05/2025	11:03:03	40.57613	141.52818	6	0.0	5	1.2	205
10/05/2025	11:04:01	40.57624	141.52810	24	0.0	5	1.2	181
10/05/2025	11:05:01	40.57635	141.52787	18	0.0	5	1.2	187
10/05/2025	11:06:01	40.57667	141.52779	-8	0.0	5	1.2	206
10/05/2025	11:07:01	40.57673	141.52761	4	0.0	4	1.3	151
10/05/2025	11:08:00	40.57699	141.52757	18	0.0	4	1.2	155
10/05/2025	11:09:01	40.57729	141.52752	8	0.0	5	1.2	188
10/05/2025	11:10:02	40.57744	141.52737	18	0.0	5	1.2	204
10/05/2025	11:11:02	40.57762	141.52724	4	0.0	5	1.2	179
10/05/2025	11:12:01	40.57687	141.52758	32	18.5	4	2.4	210
10/05/2025	11:13:00	40.57504	141.52475	-6	18.5	4	2.4	157
10/05/2025	11:14:00	40.57324	141.52161	-2	22.2	4	2.4	182
10/05/2025	11:15:01	40.57478	141.52135	8	0.0	4	2.4	184
10/05/2025	11:16:01	40.57505	141.52131	-2	0.0	4	1.2	189
10/05/2025	11:17:01	40.57518	141.52123	2	0.0	4	2.3	183
10/05/2025	11:18:01	40.57546	141.52124	20	0.0	4	2.3	187
10/05/2025	11:19:00	40.57560	141.52120	36	0.0	4	2.3	191
10/05/2025	11:20:01	40.57575	141.52106	4	0.0	4	2.3	187
10/05/2025	11:21:00	40.57600	141.52117	30	0.0	4	2.3	185
10/05/2025	11:22:01	40.57626	141.52104	6	0.0	4	2.2	190
10/05/2025	11:23:01	40.57633	141.52096	24	0.0	4	2.2	185
10/05/2025	11:24:01	40.57652	141.52089	22	0.0	4	2.2	185
10/05/2025	11:25:00	40.57661	141.52068	62	0.0	3	2.3	182
10/05/2025	11:26:01	40.57702	141.52078	6	0.0	5	1.1	185
10/05/2025	11:27:01	40.57715	141.52076	-2	0.0	4	2.2	185
10/05/2025	11:28:01	40.57749	141.52076	-36	0.0	4	2.1	179
10/05/2025	11:29:01	40.57749	141.52064	10	0.0	5	1.1	186
10/05/2025	11:30:01	40.57763	141.52058	22	0.0	4	2.1	186
10/05/2025	11:31:01	40.57794	141.52051	18	0.0	5	1.1	189
10/05/2025	11:32:02	40.57803	141.52046	12	0.0	5	1.1	188
10/05/2025	11:33:01	40.57818	141.52046	10	0.0	4	2.1	187
10/05/2025	11:34:01	40.57836	141.52037	-4	0.0	4	2.0	182
10/05/2025	11:35:01	40.57865	141.52037	10	0.0	4	2.0	186
10/05/2025	11:36:01	40.57863	141.52033	16	0.0	4	2.0	182
10/05/2025	11:37:01	40.57889	141.52027	24	0.0	4	1.2	183
10/05/2025	11:38:01	40.57903	141.52016	4	0.0	4	2.0	179
10/05/2025	11:39:01	40.57922	141.52014	8	0.0	4	2.0	182
10/05/2025	11:40:02	40.57931	141.52009	18	0.0	5	1.1	181
10/05/2025	11:41:01	40.57961	141.52007	8	0.0	4	1.4	175
10/05/2025	11:42:00	40.57994	141.52014	0	0.0	4	1.4	180
10/05/2025	11:43:00	40.57991	141.52019	20	0.0	3	2.0	177
10/05/2025	11:44:00	40.57951	141.52085	10	18.5	3	2.0	183
10/05/2025	11:45:01	40.57895	141.52508	-38	22.2	3	1.4	152
10/05/2025	11:46:00	40.57583	141.52695	60	29.6	3	2.0	158
10/05/2025	11:47:01	40.57137	141.52740	-26	29.6	3	1.4	184
10/05/2025	11:48:01	40.56835	141.52728	8	22.2	3	1.4	161
10/05/2025	11:49:02	40.56681	141.52727	26	0.0	3	1.4	247
10/05/2025	11:50:00	40.56678	141.52631	20	14.8	3	1.4	160
10/05/2025	11:51:01	40.56466	141.52773	76	14.8	3	1.4	129
10/05/2025	11:52:00	40.56283	141.52760	-54	14.8	3	1.4	128
10/05/2025	11:53:00	40.56061	141.52956	26	22.2	3	1.4	184
10/05/2025	11:54:01	40.55825	141.53113	0	18.5	3	1.4	192
10/05/2025	11:55:00	40.55506	141.53337	-26	33.3	3	1.4	181
10/05/2025	11:56:02	40.55211	141.53454	22	33.3	4	1.4	183
10/05/2025	11:57:00	40.55001	141.53818	-12	29.6	3	1.4	157
10/05/2025	11:58:00	40.54683	141.54321	-34	25.9	3	1.4	179
10/05/2025	11:59:01	40.54389	141.54913	18	29.6	3	1.4	185
10/05/2025	12:01:05	40.53918	141.55769	14	0.0	4	1.1	260
10/05/2025	12:02:00	40.53919	141.55778	-8	3.7	4	1.3	189
10/05/2025	12:03:01	40.53913	141.55780	18	0.0	4	1.1	199
10/05/2025	12:04:01	40.53917	141.55777	4	0.0	4	1.1	188
10/05/2025	12:05:00	40.53932	141.55781	68	0.0	3	1.4	186
10/05/2025	12:06:01	40.53918	141.55768	10	0.0	4	1.1	184
10/05/2025	12:07:00	40.53913	141.55763	108	0.0	3	2.0	188
10/05/2025	12:08:01	40.53916	141.55778	-4	0.0	4	1.1	189
10/05/2025	12:09:00	40.53922	141.55765	-12	0.0	3	2.0	186
10/05/2025	12:10:00	40.53917	141.55773	2	0.0	4	1.4	187
10/05/2025	12:11:00	40.53908	141.55768	-2	0.0	3	2.0	159
10/05/2025	12:12:00	40.53938	141.55767	104	0.0	3	2.0	189
10/05/2025	12:13:01	40.53914	141.55764	-20	0.0	4	1.2	189
10/05/2025	12:14:01	40.53917	141.55768	6	0.0	4	1.2	186
10/05/2025	12:15:01	40.53922	141.55771	24	0.0	3	2.0	188
10/05/2025	12:16:01	40.53915	141.55774	16	0.0	4	1.2	185
10/05/2025	12:17:00	40.53915	141.55771	42	0.0	3	2.1	188
10/05/2025	12:18:01	40.53918	141.55776	6	0.0	3	1.2	189
10/05/2025	12:19:01	40.53924	141.55768	2	0.0	4	1.2	191
10/05/2025	12:20:01	40.53915	141.55771	20	0.0	3	1.2	186
10/05/2025	12:21:01	40.53915	141.55771	6	0.0	3	1.3	185
10/05/2025	12:22:00	40.53920	141.55762	-26	0.0	3	2.2	184
10/05/2025	12:23:00	40.53914	141.55783	26	0.0	3	2.2	191
10/05/2025	12:24:01	40.53919	141.55772	12	0.0	4	1.2	188
10/05/2025	12:25:00	40.53909	141.55765	2	0.0	4	2.2	188
10/05/2025	12:26:00	40.53926	141.55770	0	0.0	3	2.3	191
10/05/2025	12:27:00	40.53903	141.55778	-2	0.0	3	2.3	187
10/05/2025	12:28:00	40.53894	141.55766	-2	0.0	3	2.3	190
10/05/2025	12:29:00	40.53917	141.55765	-10	0.0	3	2.3	188
10/05/2025	12:30:00	40.53912	141.55759	-26	7.4	3	2.4	188
10/05/2025	12:31:01	40.53909	141.55776	-4	0.0	3	2.4	188
10/05/2025	12:32:01	40.53919	141.55770	20	0.0	4	1.3	189
10/05/2025	12:33:00	40.53911	141.55773	-0	7.4	3	2.4	188
10/05/2025	12:34:02	40.53919	141.55763	0	0.0	4	1.3	190
10/05/2025	12:35:01	40.53921	141.55768	8	0.0	4	1.3	191
10/05/2025	12:36:01	40.53918	141.55772	0	0.0	4	1.3	189
10/05/2025	12:37:00	40.53915	141.55787	26	0.0	3	1.4	182
10/05/2025	12:38:01	40.53909	141.55774	16	0.0	4	1.3	188
10/05/2025	12:39:01	40.53908	141.55772	6	0.0	4	1.3	187
10/05/2025	12:40:01	40.53916	141.55768	0	0.0	3	1.4	192
10/05/2025	12:41:01	40.53911	141.55782	36	0.0	3	1.4	185
10/05/2025	12:42:01	40.53912	141.55768	0	0.0	3	1.4	184
10/05/2025	12:43:01	40.53912	141.55766	-0	0.0	3	2.0	185
10/05/2025	12:44:01	40.53928	141.55761	2	0.0	3	2.0	186
10/05/2025	12:45:00	40.53919	141.55757	-18	0.0	3	2.0	186
10/05/2025	12:46:01	40.53916	141.55776	10	0.0	3	2.0	187
10/05/2025	12:47:00	40.53905	141.55778	14	0.0	3	2.0	185
10/05/2025	12:48:01	40.53912	141.55774	24	0.0	3	2.0	186
10/05/2025	12:49:01	40.53918	141.55771	12	0.0	3	2.0	186
10/05/2025	12:50:01	40.53922	141.55771	0	0.0	3	2.1	186
10/05/2025	12:51:00	40.53960	141.55744	-52	0.0	3	2.1	162
10/05/2025	12:52:01	40.53933	141.55759	-18	0.0	3	2.1	181
10/05/2025	12:53:01	40.53912	141.55777	16	0.0	3	2.1	185
10/05/2025	12:54:01	40.53918	141.55767	14	0.0	3	2.1	183
10/05/2025	12:55:00	40.53916	141.55767	26	0.0	3	2.1	161
10/05/2025	12:56:00	40.53942	141.55742	-58	0.0	3	2.2	163
10/05/2025	12:57:00	40.53921	141.55761	-6	0.0	3	2.2	162
10/05/2025	12:58:00	40.53908	141.55791	40	0.0	3	2.2	165
10/05/2025	12:59:00	40.53933	141.55742	-18	0.0	3	2.2	162
10/05/2025	13:00:01	40.53918	141.55763	-2	0.0	3	2.2	159
10/05/2025	13:01:02	40.53918	141.55776	4	0.0	3	2.2	214
10/05/2025	13:02:00	40.53915	141.55779	32	0.0	3	2.3	167
10/05/2025	13:03:01	40.53909	141.55774	14	0.0	3	2.3	179
10/05/2025	13:04:00	40.53912	141.55794	42	0.0	3	2.3	156
10/05/2025	13:05:01	40.53908	141.55776	26	0.0	3	2.3	176
10/05/2025	13:06:00	40.53907	141.55769	2	0.0	3	2.3	156
10/05/2025	13:07:02	40.53933	141.55760	-6	0.0	3	2.4	200
10/05/2025	13:08:00	40.53921	141.55772	-6	0.0	3	2.4	161
10/05/2025	13:09:01	40.53917	141.55771	2	0.0	3	2.4	162
10/05/2025	13:10:01	40.53913	141.55777	12	0.0	3	2.4	161
10/05/2025	13:11:00	40.53913	141.55772	26	0.0	3	2.4	163
10/05/2025	13:12:02	40.53916	141.55771	22	0.0	3	3.0	192
10/05/2025	13:13:03	40.53915	141.55771	10	0.0	3	3.0	182
10/05/2025	13:14:03	40.53932	141.55764	-6	0.0	3	3.0	182
10/05/2025	13:15:03	40.53917	141.55773	8	0.0	3	3.0	180
10/05/2025	13:16:03	40.53907	141.55774	20	0.0	3	3.0	181
10/05/2025	13:17:03	40.53913	141.55774	18	0.0	3	3.1	183
10/05/2025	13:18:02	40.53914	141.55766	4	0.0	3	3.1	215
10/05/2025	13:19:03	40.53922	141.55766	6	0.0	3	3.1	181
10/05/2025	13:20:03	40.53909	141.55781	22	0.0	3	3.1	179
10/05/2025	13:21:03	40.53912	141.55773	8	0.0	3	3.1	179
10/05/2025	13:22:03	40.53910	141.55777	24	0.0	3	3.1	182
10/05/2025	13:23:03	40.53909	141.55773	22	3.7	3	3.1	180
10/05/2025	13:24:04	40.53908	141.55774	24	0.0	3	3.2	179
10/05/2025	13:25:04	40.53921	141.55772	0	0.0	3	3.2	211
10/05/2025	13:26:04	40.53924	141.55769	0	0.0	3	3.2	180
10/05/2025	13:27:05	40.53911	141.55773	18	0.0	3	3.2	179
10/05/2025	13:28:06	40.53915	141.55769	14	0.0	3	3.2	175
10/05/2025	13:29:12	40.53917	141.55771	14	0.0	3	3.2	242
10/05/2025	13:30:02	40.54032	141.55735	-192	0.0	2	15.2	160
10/05/2025	13:31:03	40.53939	141.55769	-20	0.0	2	13.1	194
10/05/2025	13:32:03	40.53922	141.55769	8	0.0	2	11.3	192
10/05/2025	13:33:03	40.53912	141.55777	24	0.0	2	10.2	177
10/05/2025	13:34:03	40.53934	141.55761	-16	0.0	2	9.2	179
10/05/2025	13:35:02	40.53960	141.55759	-76	0.0	2	8.3	164
10/05/2025	13:36:02	40.53919	141.55768	-4	0.0	2	8.0	197
10/05/2025	13:37:03	40.53921	141.55769	10	0.0	2	7.2	160
10/05/2025	13:38:03	40.53934	141.55763	-26	0.0	2	7.0	161
10/05/2025	13:39:04	40.53913	141.55771	26	0.0	2	6.3	195
10/05/2025	13:40:03	40.53928	141.55766	-4	0.0	2	6.1	162
10/05/2025	13:41:03	40.53923	141.55770	-4	0.0	2	3.3	195
10/05/2025	13:42:04	40.53910	141.55778	36	0.0	2	5.3	165
10/05/2025	13:43:03	40.53907	141.55782	38	0.0	2	3.2	164
10/05/2025	13:44:04	40.53905	141.55776	42	0.0	2	3.2	199
10/05/2025	13:45:03	40.53905	141.55775	38	0.0	2	3.1	196
10/05/2025	13:46:06	40.53905	141.55784	52	3.7	2	4.4	166
10/05/2025	13:47:03	40.53906	141.55776	52	0.0	2	3.0	199
10/05/2025	13:48:04	40.53905	141.55782	54	0.0	2	3.0	198
10/05/2025	13:49:03	40.53905	141.55784	52	0.0	2	3.0	218
10/05/2025	13:50:28	40.53919	141.55768	2	0.0	2	4.1	221
10/05/2025	13:51:03	40.53917	141.55767	-0	0.0	2	2.4	188
10/05/2025	13:52:04	40.53921	141.55771	2	0.0	2	2.4	221
10/05/2025	13:53:03	40.53919	141.55767	2	0.0	2	2.4	228
10/05/2025	13:54:04	40.53921	141.55767	2	0.0	2	2.4	196
10/05/2025	13:55:34	40.53918	141.55770	10	0.0	6	1.1	228
10/05/2025	13:56:00	40.53924	141.55770	4	0.0	5	1.1	195
10/05/2025	13:57:00	40.53911	141.55769	34	3.7	4	1.2	223
10/05/2025	13:58:00	40.53918	141.55772	12	0.0	5	1.1	222
10/05/2025	13:59:00	40.53922	141.55777	14	0.0	5	1.2	225
10/05/2025	14:00:00	40.53916	141.55769	14	0.0	4	1.2	223
10/05/2025	14:01:00	40.53913	141.55767	16	0.0	6	1.1	223
10/05/2025	14:02:00	40.53926	141.55772	10	0.0	4	1.2	223
10/05/2025	14:03:01	40.53922	141.55770	8	0.0	6	1.1	222
10/05/2025	14:04:00	40.53922	141.55771	8	0.0	5	1.2	225
10/05/2025	14:05:00	40.53924	141.55766	22	0.0	5	1.2	224
10/05/2025	14:06:00	40.53921	141.55782	0	0.0	5	1.1	222
10/05/2025	14:07:00	40.53917	141.55777	18	0.0	3	2.0	190
10/05/2025	14:08:00	40.53936	141.55786	-4	0.0	4	1.3	186
10/05/2025	14:09:00	40.53930	141.55766	22	0.0	6	1.1	224
10/05/2025	14:10:00	40.53925	141.55767	2	0.0	4	1.2	193
10/05/2025	14:11:00	40.53913	141.55774	44	0.0	5	1.2	224
10/05/2025	14:12:00	40.53909	141.55766	0	0.0	4	1.3	222
10/05/2025	14:13:00	40.53923	141.55786	20	0.0	5	1.1	222
10/05/2025	14:14:01	40.53923	141.55774	22	0.0	6	1.0	225
10/05/2025	14:15:00	40.53915	141.55766	0	0.0	5	1.2	216
10/05/2025	14:16:00	40.53915	141.55765	18	0.0	6	1.0	224
10/05/2025	14:17:00	40.53922	141.55788	2	0.0	6	1.0	228
10/05/2025	14:18:00	40.53922	141.55768	14	0.0	5	1.1	225
10/05/2025	14:19:00	40.53920	141.55773	6	0.0	6	1.0	225
10/05/2025	14:20:00	40.53917	141.55768	-2	0.0	6	1.0	247
10/05/2025	14:21:00	40.53899	141.55766	114	0.0	3	2.0	191
10/05/2025	14:22:00	40.53921	141.55763	14	0.0	4	1.2	161
10/05/2025	14:23:00	40.53915	141.55770	32	0.0	4	1.2	193
10/05/2025	14:24:00	40.53923	141.55762	10	0.0	5	1.1	228
10/05/2025	14:25:00	40.53926	141.55778	16	0.0	6	1.0	220
10/05/2025	14:26:00	40.53910	141.55762	0	0.0	4	1.1	244
10/05/2025	14:27:00	40.53910	141.55748	-24	0.0	5	1.2	221
10/05/2025	14:28:00	40.53916	141.55766	20	0.0	6	1.0	224
10/05/2025	14:29:00	40.53924	141.55769	-6	0.0	6	1.0	248
10/05/2025	14:30:00	40.53914	141.55761	36	0.0	5	1.1	249
10/05/2025	14:31:00	40.53919	141.55778	6	0.0	5	1.0	247
10/05/2025	14:32:00	40.53931	141.55765	66	0.0	4	1.3	243
10/05/2025	14:33:00	40.53913	141.55774	-16	0.0	3	1.2	246
10/05/2025	14:34:01	40.53915	141.55767	16	0.0	5	1.1	243
10/05/2025	14:35:00	40.53918	141.55769	20	0.0	4	1.1	245
10/05/2025	14:36:00	40.53907	141.55758	10	0.0	3	1.2	240
10/05/2025	14:37:00	40.53910	141.55760	-0	0.0	3	1.2	241
10/05/2025	14:38:00	40.53915	141.55765	16	0.0	3	1.2	211
10/05/2025	14:39:00	40.53923	141.55779	14	0.0	4	1.1	245
10/05/2025	14:40:00	40.53911	141.55766	14	0.0	3	1.3	222
10/05/2025	14:41:00	40.53923	141.55766	-0	0.0	4	1.1	195
10/05/2025	14:42:00	40.53913	141.55771	-26	0.0	4	1.1	195
10/05/2025	14:43:00	40.53912	141.55784	14	0.0	4	1.1	244
10/05/2025	14:44:00	40.53915	141.55763	16	0.0	4	1.1	248
10/05/2025	14:45:00	40.53916	141.55769	-2	0.0	3	1.2	247
10/05/2025	14:46:00	40.53930	141.55770	38	0.0	5	1.1	251
10/05/2025	14:47:00	40.53912	141.55768	-48	0.0	5	1.1	251
10/05/2025	14:48:00	40.53915	141.55766	42	0.0	5	1.0	248
10/05/2025	14:49:00	40.53916	141.55772	20	0.0	4	1.1	222
10/05/2025	14:50:00	40.53923	141.55780	-20	0.0	3	1.3	247
10/05/2025	14:51:00	40.53907	141.55768	-0	0.0	5	1.0	222
10/05/2025	14:52:00	40.53922	141.55766	42	0.0	4	1.1	160
10/05/2025	14:53:00	40.53920	141.55782	32	0.0	5	1.0	196
10/05/2025	14:54:00	40.53918	141.55770	-8	3.7	5	1.1	198
10/05/2025	14:55:00	40.53909	141.55759	46	0.0	4	1.1	195
10/05/2025	14:56:00	40.53929	141.55792	-20	0.0	5	1.0	197
10/05/2025	14:57:00	40.53917	141.55776	-28	0.0	4	1.1	196
10/05/2025	14:58:00	40.53913	141.55768	-0	0.0	5	1.0	193
10/05/2025	14:59:00	40.53920	141.55775	0	0.0	4	1.1	159
10/05/2025	15:00:00	40.53925	141.55765	-4	0.0	5	1.1	192
10/05/2025	15:01:01	40.53917	141.55778	36	0.0	4	1.1	165
10/05/2025	15:02:00	40.53923	141.55779	16	0.0	5	1.1	199
10/05/2025	15:03:01	40.53917	141.55774	0	0.0	5	1.1	200
10/05/2025	15:04:01	40.53915	141.55777	-20	0.0	5	1.1	198
10/05/2025	15:05:00	40.53930	141.55756	26	0.0	4	1.4	200
10/05/2025	15:06:00	40.53930	141.55772	34	0.0	4	1.1	169
10/05/2025	15:07:00	40.53919	141.55766	16	0.0	4	2.0	167
10/05/2025	15:08:00	40.53924	141.55769	24	0.0	5	1.1	201
10/05/2025	15:09:00	40.53921	141.55784	-16	3.7	5	1.1	201
10/05/2025	15:10:01	40.53918	141.55777	-10	0.0	5	1.1	203
10/05/2025	15:11:00	40.53926	141.55779	-12	0.0	5	1.1	199
10/05/2025	15:12:00	40.53919	141.55776	-2	0.0	5	1.1	196
10/05/2025	15:13:00	40.53931	141.55761	6	0.0	4	2.0	199
10/05/2025	15:14:00	40.53916	141.55776	8	0.0	5	1.1	197
10/05/2025	15:15:00	40.53927	141.55782	6	0.0	5	1.1	196
10/05/2025	15:16:01	40.53921	141.55769	14	0.0	5	1.1	198
10/05/2025	15:17:00	40.53917	141.55782	30	0.0	5	1.1	198
10/05/2025	15:18:02	40.53919	141.55774	0	0.0	5	1.1	198
10/05/2025	15:19:00	40.53912	141.55756	50	0.0	4	1.4	196
10/05/2025	15:20:00	40.53926	141.55773	22	0.0	5	1.1	196
10/05/2025	15:21:00	40.53921	141.55768	-16	0.0	4	1.2	197
10/05/2025	15:22:00	40.53899	141.55764	-20	0.0	4	1.4	196
10/05/2025	15:23:00	40.53924	141.55783	-8	0.0	4	1.4	230
10/05/2025	15:24:00	40.53911	141.55772	20	0.0	5	1.1	196
10/05/2025	15:25:00	40.53928	141.55772	42	0.0	4	1.4	172
10/05/2025	15:26:00	40.53916	141.55770	16	0.0	5	1.1	198
10/05/2025	15:27:00	40.53921	141.55773	60	0.0	4	1.4	198
10/05/2025	15:28:00	40.53915	141.55772	-10	0.0	4	1.3	163
10/05/2025	15:29:00	40.53922	141.55766	44	0.0	4	1.4	199
10/05/2025	15:30:00	40.53924	141.55772	10	0.0	4	1.4	195
10/05/2025	15:31:00	40.53907	141.55772	-50	0.0	3	2.3	166
10/05/2025	15:32:01	40.53931	141.55768	-18	0.0	3	2.3	132
10/05/2025	15:33:01	40.53920	141.55774	10	0.0	4	1.4	194
10/05/2025	15:34:00	40.53913	141.55765	18	0.0	4	1.4	188
10/05/2025	15:35:00	40.53912	141.55777	20	0.0	4	1.4	165
10/05/2025	15:36:00	40.53910	141.55770	30	3.7	3	2.1	164
10/05/2025	15:37:01	40.53922	141.55774	-0	0.0	4	1.4	190
10/05/2025	15:37:59	40.53923	141.55770	34	0.0	3	2.1	137
10/05/2025	15:39:00	40.53913	141.55770	4	0.0	4	1.4	167
10/05/2025	15:40:00	40.53914	141.55780	40	0.0	4	1.4	166
10/05/2025	15:41:00	40.53914	141.55763	4	0.0	4	1.4	169
10/05/2025	15:42:00	40.53922	141.55771	4	0.0	3	2.1	164
10/05/2025	15:43:00	40.53917	141.55775	34	0.0	4	1.4	167
10/05/2025	15:44:00	40.53936	141.55772	22	0.0	4	1.4	165
10/05/2025	15:45:00	40.53917	141.55767	28	0.0	4	2.0	165
10/05/2025	15:46:00	40.53937	141.55765	14	0.0	4	2.0	164
10/05/2025	15:47:00	40.53921	141.55785	8	0.0	4	2.0	161
10/05/2025	15:48:01	40.53911	141.55768	14	0.0	3	2.0	132
10/05/2025	15:49:00	40.53917	141.55775	-0	0.0	4	2.0	164
10/05/2025	15:50:02	40.53950	141.55777	20	0.0	3	3.1	150
10/05/2025	15:51:00	40.53923	141.55761	2	0.0	3	2.1	162
10/05/2025	15:52:00	40.53905	141.55776	12	0.0	3	2.2	161
10/05/2025	15:53:02	40.53914	141.55775	8	0.0	3	4.1	153
10/05/2025	15:54:02	40.53917	141.55774	12	0.0	4	2.1	188
10/05/2025	15:54:59	40.53933	141.55774	-52	0.0	3	2.2	162
10/05/2025	15:56:00	40.53910	141.55781	8	0.0	3	2.2	185
10/05/2025	15:56:59	40.53897	141.55761	56	0.0	3	2.2	160
10/05/2025	15:58:00	40.53913	141.55782	-6	0.0	3	2.3	158
10/05/2025	15:58:59	40.53924	141.55759	36	0.0	3	2.3	137
10/05/2025	16:00:33	40.53917	141.55772	10	0.0	4	1.2	191
10/05/2025	16:01:00	40.53918	141.55774	10	3.7	4	1.2	189
10/05/2025	16:02:00	40.53920	141.55764	32	0.0	4	1.2	165
10/05/2025	16:03:00	40.53917	141.55769	30	0.0	4	1.2	192
10/05/2025	16:04:00	40.53904	141.55786	34	0.0	4	1.2	192
10/05/2025	16:05:00	40.53918	141.55773	20	0.0	4	1.2	198
10/05/2025	16:06:00	40.53928	141.55784	18	0.0	4	1.2	197
10/05/2025	16:07:01	40.53923	141.55770	14	0.0	4	1.2	198
10/05/2025	16:08:01	40.53916	141.55775	28	0.0	4	1.2	199
10/05/2025	16:09:01	40.53910	141.55778	36	0.0	3	1.4	133
10/05/2025	16:10:01	40.53909	141.55776	32	0.0	4	1.2	197
10/05/2025	16:11:01	40.53923	141.55784	0	0.0	4	1.2	196
10/05/2025	16:12:01	40.53922	141.55770	16	0.0	4	1.2	195
10/05/2025	16:13:01	40.53918	141.55783	30	0.0	3	1.4	164
10/05/2025	16:14:01	40.53923	141.55767	14	0.0	4	1.2	193
10/05/2025	16:15:01	40.53918	141.55766	26	0.0	3	1.2	134
10/05/2025	16:16:01	40.53917	141.55768	16	0.0	4	1.2	191
10/05/2025	16:17:01	40.53915	141.55766	44	0.0	4	1.2	192
10/05/2025	16:18:01	40.53926	141.55762	-0	0.0	4	1.2	193
10/05/2025	16:19:01	40.53926	141.55771	0	0.0	3	1.2	137
10/05/2025	16:20:01	40.53919	141.55778	20	3.7	4	1.2	167
10/05/2025	16:21:01	40.53920	141.55780	-24	0.0	4	1.2	193
10/05/2025	16:22:01	40.53914	141.55769	28	0.0	4	1.2	190
10/05/2025	16:23:01	40.53911	141.55772	-4	0.0	3	2.1	163
10/05/2025	16:24:01	40.53920	141.55758	32	0.0	4	1.2	192
10/05/2025	16:25:00	40.53918	141.55769	48	0.0	4	1.2	195
10/05/2025	16:26:00	40.53878	141.55781	-72	3.7	3	1.4	167
10/05/2025	16:27:00	40.53910	141.55785	-18	0.0	3	1.3	197
10/05/2025	16:28:00	40.53925	141.55761	34	3.7	4	1.2	198
10/05/2025	16:29:00	40.53907	141.55785	4	0.0	4	1.2	200
10/05/2025	16:30:01	40.53923	141.55768	0	0.0	4	1.2	201
10/05/2025	16:31:00	40.53928	141.55762	8	0.0	4	1.2	194
10/05/2025	16:32:00	40.53921	141.55749	42	0.0	4	1.2	195
10/05/2025	16:33:00	40.53917	141.55768	10	0.0	4	1.3	194
10/05/2025	16:34:00	40.53931	141.55776	60	0.0	3	1.2	164
10/05/2025	16:35:00	40.53919	141.55773	4	0.0	4	1.2	195
10/05/2025	16:36:01	40.53916	141.55779	14	0.0	4	1.2	197
10/05/2025	16:37:00	40.53935	141.55805	-50	0.0	4	1.2	197
10/05/2025	16:38:00	40.53915	141.55771	-6	3.7	3	2.3	192
10/05/2025	16:39:00	40.53917	141.55776	10	0.0	4	1.2	194
10/05/2025	16:40:00	40.53927	141.55781	-30	0.0	3	2.2	192
10/05/2025	16:41:00	40.53934	141.55774	50	0.0	3	1.4	191
10/05/2025	16:42:00	40.53928	141.55743	-36	0.0	3	1.3	191
10/05/2025	16:43:00	40.53911	141.55755	-14	0.0	3	1.3	194
10/05/2025	16:44:00	40.53922	141.55775	22	0.0	4	1.2	195
10/05/2025	16:45:01	40.53916	141.55772	12	0.0	4	1.2	194
10/05/2025	16:46:01	40.53920	141.55765	4	0.0	4	1.2	194
10/05/2025	16:47:00	40.53916	141.55765	4	0.0	3	1.3	193
10/05/2025	16:48:00	40.53913	141.55773	8	0.0	3	1.3	196
10/05/2025	16:49:00	40.53920	141.55783	14	0.0	3	1.3	197
10/05/2025	16:50:01	40.53918	141.55765	20	0.0	4	1.2	196
10/05/2025	16:51:00	40.53903	141.55749	-4	0.0	3	1.3	194
10/05/2025	16:52:00	40.53918	141.55783	16	0.0	3	1.3	192
10/05/2025	16:53:00	40.53908	141.55763	4	0.0	3	1.3	195
10/05/2025	16:54:00	40.53919	141.55778	44	0.0	3	1.3	191
10/05/2025	16:55:00	40.53919	141.55760	60	0.0	3	1.4	186
10/05/2025	16:56:01	40.53913	141.55746	-24	0.0	3	2.0	159
10/05/2025	16:57:01	40.53916	141.55777	16	0.0	3	1.4	189
10/05/2025	16:58:00	40.53928	141.55760	18	0.0	3	2.0	168
10/05/2025	16:59:00	40.53915	141.55782	42	0.0	3	1.4	190
10/05/2025	17:00:00	40.53918	141.55757	-4	0.0	3	1.4	184
10/05/2025	17:01:00	40.53919	141.55769	2	0.0	3	1.4	186
10/05/2025	17:02:01	40.53918	141.55770	18	0.0	3	1.4	186
10/05/2025	17:03:01	40.53917	141.55770	-0	0.0	3	1.4	182
10/05/2025	17:04:01	40.53917	141.55771	18	0.0	3	1.4	187
10/05/2025	17:05:01	40.53916	141.55779	0	0.0	3	1.4	185
10/05/2025	17:06:01	40.53914	141.55772	-8	0.0	2	2.0	148
10/05/2025	17:07:01	40.53915	141.55763	-6	0.0	3	2.0	183
10/05/2025	17:08:01	40.53920	141.55771	18	0.0	2	2.0	180
10/05/2025	17:09:01	40.53921	141.55776	16	0.0	2	2.0	183
10/05/2025	17:10:01	40.53921	141.55780	-2	0.0	3	2.0	185
10/05/2025	17:11:01	40.53918	141.55766	24	0.0	2	2.0	183
10/05/2025	17:12:01	40.53915	141.55777	8	0.0	2	2.0	180
10/05/2025	17:13:02	40.53914	141.55776	-8	0.0	2	2.0	176
10/05/2025	17:14:02	40.53919	141.55768	6	0.0	2	2.0	173
10/05/2025	17:15:01	40.53910	141.55769	0	0.0	1	11.4	104
10/05/2025	17:16:02	40.53921	141.55762	-8	0.0	2	2.1	151
10/05/2025	17:17:02	40.53920	141.55761	-0	0.0	2	2.1	136
10/05/2025	17:18:02	40.53914	141.55776	14	0.0	2	2.1	138
10/05/2025	17:19:02	40.53917	141.55763	-20	0.0	2	2.1	155
10/05/2025	17:20:02	40.53920	141.55774	2	0.0	2	2.1	137
10/05/2025	17:21:02	40.53915	141.55783	54	0.0	2	2.1	139
10/05/2025	17:22:02	40.53917	141.55768	-10	0.0	2	2.1	136
10/05/2025	17:23:02	40.53920	141.55765	-6	0.0	2	2.1	135
10/05/2025	17:24:02	40.53916	141.55780	-2	0.0	2	2.2	136
10/05/2025	17:25:02	40.53919	141.55769	30	0.0	2	2.2	136
10/05/2025	17:26:02	40.53912	141.55780	10	0.0	2	2.2	136
10/05/2025	17:27:02	40.53919	141.55772	10	0.0	2	2.2	134
10/05/2025	17:28:01	40.53907	141.55786	-10	0.0	2	2.2	133
10/05/2025	17:29:02	40.53924	141.55770	66	0.0	2	2.2	137
10/05/2025	17:30:01	40.53913	141.55774	-8	0.0	2	2.3	136
10/05/2025	17:31:01	40.53920	141.55764	-32	0.0	2	2.3	135
10/05/2025	17:32:01	40.53925	141.55760	-8	0.0	2	2.3	134
10/05/2025	17:33:01	40.53919	141.55772	14	0.0	2	2.3	134
10/05/2025	17:34:01	40.53923	141.55764	20	0.0	2	2.3	136
10/05/2025	17:35:01	40.53922	141.55759	4	0.0	2	2.3	102
10/05/2025	17:36:03	40.53921	141.55768	16	0.0	2	2.4	137
10/05/2025	17:37:02	40.53920	141.55777	18	0.0	2	2.4	155
10/05/2025	17:38:01	40.53924	141.55757	-2	0.0	2	2.4	134
10/05/2025	17:39:01	40.53921	141.55759	-28	0.0	2	2.4	134
10/05/2025	17:40:02	40.53919	141.55774	32	0.0	2	3.0	137
10/05/2025	17:41:01	40.53924	141.55760	4	0.0	2	3.0	136
10/05/2025	17:42:03	40.53914	141.55776	16	0.0	2	3.0	118
10/05/2025	17:43:03	40.53907	141.55769	-6	0.0	2	3.0	113
10/05/2025	17:44:02	40.53927	141.55740	-32	0.0	2	8.4	83
10/05/2025	17:45:01	40.53921	141.55771	20	0.0	2	3.1	134
10/05/2025	17:46:01	40.53915	141.55777	30	0.0	2	3.1	166
10/05/2025	17:47:01	40.53917	141.55771	10	0.0	2	3.1	135
10/05/2025	17:48:01	40.53919	141.55772	2	0.0	2	3.2	101
10/05/2025	17:49:01	40.53914	141.55781	32	0.0	2	3.2	135
10/05/2025	17:50:01	40.53925	141.55742	-18	0.0	2	3.2	101
10/05/2025	17:51:01	40.53925	141.55766	-2	0.0	2	3.2	132
10/05/2025	17:52:02	40.53923	141.55763	-6	0.0	2	3.3	134
10/05/2025	17:53:01	40.53922	141.55771	22	0.0	2	3.3	133
10/05/2025	17:54:01	40.53916	141.55773	6	0.0	2	3.3	154
10/05/2025	17:55:01	40.53912	141.55767	4	0.0	2	3.3	155
10/05/2025	17:56:01	40.53921	141.55751	10	0.0	2	3.4	100
10/05/2025	17:57:01	40.53917	141.55780	-0	0.0	2	3.4	133
10/05/2025	17:58:01	40.53904	141.55796	40	0.0	2	3.4	136
10/05/2025	17:59:01	40.53925	141.55757	8	0.0	2	4.0	155
10/05/2025	18:00:34	40.53918	141.55772	12	0.0	4	1.3	220
10/05/2025	18:01:00	40.53921	141.55769	-60	0.0	3	2.1	167
10/05/2025	18:02:00	40.53922	141.55777	32	0.0	3	1.4	199
10/05/2025	18:03:00	40.53923	141.55766	-14	0.0	4	1.3	224
10/05/2025	18:04:00	40.53920	141.55780	48	0.0	3	1.4	220
10/05/2025	18:05:00	40.53919	141.55771	-0	0.0	3	2.3	164
10/05/2025	18:06:00	40.53907	141.55760	20	0.0	3	1.4	222
10/05/2025	18:07:01	40.53909	141.55761	-26	0.0	4	1.3	222
10/05/2025	18:08:00	40.53920	141.55761	-34	0.0	4	1.3	197
10/05/2025	18:09:00	40.53916	141.55769	-8	0.0	4	1.3	226
10/05/2025	18:10:00	40.53925	141.55769	10	0.0	4	1.3	198
10/05/2025	18:11:00	40.53914	141.55776	46	0.0	3	2.0	192
10/05/2025	18:12:00	40.53919	141.55777	4	0.0	4	1.3	228
10/05/2025	18:13:00	40.53897	141.55767	86	3.7	3	2.3	198
10/05/2025	18:14:00	40.53921	141.55772	0	0.0	4	1.3	221
10/05/2025	18:15:02	40.53920	141.55772	14	0.0	4	1.3	248
10/05/2025	18:16:00	40.53916	141.55773	16	0.0	4	1.3	166
10/05/2025	18:17:00	40.53923	141.55772	4	0.0	4	1.4	226
10/05/2025	18:18:00	40.53911	141.55785	8	0.0	4	1.4	256
10/05/2025	18:19:00	40.53919	141.55774	-34	0.0	3	2.4	189
10/05/2025	18:20:00	40.53921	141.55771	26	0.0	4	1.4	192
10/05/2025	18:21:01	40.53921	141.55760	8	0.0	4	1.4	217
10/05/2025	18:22:00	40.53915	141.55745	18	0.0	4	1.4	244
10/05/2025	18:23:00	40.53924	141.55752	-28	0.0	3	2.1	248
10/05/2025	18:24:00	40.53925	141.55766	-38	0.0	3	2.1	247
10/05/2025	18:25:00	40.53910	141.55775	60	0.0	3	2.1	245
10/05/2025	18:26:00	40.53924	141.55766	20	3.7	3	2.1	241
10/05/2025	18:27:01	40.53914	141.55762	6	0.0	4	2.0	245
10/05/2025	18:28:00	40.53915	141.55763	12	0.0	3	2.1	216
10/05/2025	18:29:00	40.53889	141.55785	80	0.0	3	2.2	249
10/05/2025	18:30:00	40.53930	141.55761	-28	0.0	3	2.2	243
10/05/2025	18:31:00	40.53930	141.55770	-30	0.0	3	2.2	213
10/05/2025	18:32:00	40.53913	141.55763	2	0.0	3	2.2	212
10/05/2025	18:33:01	40.53914	141.55769	12	0.0	4	2.1	237
10/05/2025	18:34:00	40.53916	141.55771	30	0.0	3	2.2	238
10/05/2025	18:35:00	40.53922	141.55771	-10	0.0	3	2.3	239
10/05/2025	18:36:00	40.53900	141.55784	78	0.0	3	2.3	214
10/05/2025	18:37:00	40.53912	141.55788	6	0.0	3	2.3	193
10/05/2025	18:38:00	40.53928	141.55754	2	0.0	3	2.3	191
10/05/2025	18:39:01	40.53915	141.55770	28	0.0	3	2.3	205
10/05/2025	18:40:00	40.53942	141.55737	-40	0.0	3	2.3	239
10/05/2025	18:41:00	40.53928	141.55761	10	0.0	3	2.4	177
10/05/2025	18:42:00	40.53921	141.55745	-42	0.0	3	2.4	183
10/05/2025	18:43:00	40.53914	141.55782	38	0.0	3	2.4	189
10/05/2025	18:44:00	40.53913	141.55772	26	0.0	3	2.4	186
10/05/2025	18:45:02	40.53918	141.55769	10	0.0	3	2.4	206
10/05/2025	18:46:00	40.53917	141.55761	6	0.0	3	2.4	186
10/05/2025	18:47:01	40.53925	141.55752	-6	0.0	3	3.0	177
10/05/2025	18:48:01	40.53909	141.55773	20	0.0	3	3.0	204
10/05/2025	18:49:01	40.53915	141.55774	0	0.0	3	3.0	237
10/05/2025	18:50:01	40.53918	141.55759	10	0.0	3	3.0	204
10/05/2025	18:51:01	40.53907	141.55789	34	0.0	3	3.0	206
10/05/2025	18:52:01	40.53923	141.55761	10	0.0	3	3.0	211
10/05/2025	18:53:01	40.53927	141.55760	-6	0.0	3	3.0	170
10/05/2025	18:54:01	40.53909	141.55785	26	0.0	3	3.1	203
10/05/2025	18:55:01	40.53917	141.55773	8	0.0	3	3.1	185
10/05/2025	18:56:01	40.53924	141.55767	14	0.0	3	3.1	186
10/05/2025	18:57:01	40.53921	141.55761	0	0.0	3	3.1	188
10/05/2025	18:58:01	40.53911	141.55777	30	0.0	3	3.1	179
10/05/2025	18:59:01	40.53913	141.55756	20	0.0	3	3.1	158
10/05/2025	19:00:01	40.53915	141.55772	10	0.0	3	3.1	217
10/05/2025	19:01:01	40.53911	141.55779	24	0.0	3	3.1	184
10/05/2025	19:02:01	40.53915	141.55770	20	0.0	3	3.1	227
10/05/2025	19:03:01	40.53919	141.55771	10	0.0	3	3.1	208
10/05/2025	19:04:01	40.53919	141.55774	2	0.0	3	3.1	152
10/05/2025	19:05:01	40.53919	141.55768	4	0.0	3	3.1	186
10/05/2025	19:06:01	40.53916	141.55766	24	0.0	3	3.1	247
10/05/2025	19:07:01	40.53923	141.55764	12	0.0	2	5.1	149
10/05/2025	19:08:01	40.53915	141.55767	6	0.0	3	3.1	180
10/05/2025	19:09:01	40.53915	141.55757	8	0.0	2	5.1	149
10/05/2025	19:10:01	40.53921	141.55764	8	0.0	3	3.1	148
10/05/2025	19:11:02	40.53920	141.55769	18	0.0	3	3.0	209
10/05/2025	19:12:01	40.53908	141.55777	30	0.0	3	3.0	246
10/05/2025	19:13:01	40.53912	141.55765	14	0.0	3	3.0	210
10/05/2025	19:14:01	40.53907	141.55766	0	0.0	2	5.1	207
10/05/2025	19:15:02	40.53917	141.55778	30	0.0	2	5.2	207
10/05/2025	19:16:01	40.53895	141.55743	-48	0.0	2	5.2	206
10/05/2025	19:17:02	40.53918	141.55759	0	0.0	2	5.2	243
10/05/2025	19:18:02	40.53916	141.55778	12	0.0	2	5.2	202
10/05/2025	19:19:02	40.53910	141.55754	-26	0.0	2	5.2	187
10/05/2025	19:20:02	40.53917	141.55726	-58	0.0	2	5.2	189
10/05/2025	19:21:02	40.53916	141.55766	-4	0.0	2	5.2	185
10/05/2025	19:22:02	40.53914	141.55759	-18	0.0	2	5.2	159
10/05/2025	19:23:02	40.53918	141.55769	18	0.0	2	5.2	218
10/05/2025	19:24:02	40.53901	141.55764	-12	0.0	2	5.2	123
10/05/2025	19:25:02	40.53914	141.55768	12	0.0	2	5.2	220
10/05/2025	19:26:02	40.53906	141.55735	-26	0.0	2	5.2	217
10/05/2025	19:27:01	40.53918	141.55787	28	0.0	2	5.2	160
10/05/2025	19:28:02	40.53910	141.55736	-34	0.0	2	5.2	131
10/05/2025	19:29:01	40.53920	141.55778	34	0.0	2	5.2	161
10/05/2025	19:30:01	40.53929	141.55772	34	0.0	2	5.2	184
10/05/2025	19:31:02	40.53923	141.55764	2	0.0	2	5.3	183
10/05/2025	19:32:02	40.53923	141.55767	10	0.0	2	5.3	123
10/05/2025	19:33:01	40.53914	141.55773	10	0.0	2	5.3	220
10/05/2025	19:34:02	40.53922	141.55773	16	0.0	2	5.3	189
10/05/2025	19:35:02	40.53907	141.55754	-24	0.0	2	5.3	224
10/05/2025	19:36:02	40.53918	141.55768	4	0.0	2	5.3	222
10/05/2025	19:37:02	40.53919	141.55769	6	0.0	2	5.3	189
10/05/2025	19:38:02	40.53915	141.55760	-2	0.0	2	5.3	223
10/05/2025	19:39:02	40.53920	141.55769	16	0.0	2	5.3	228
10/05/2025	19:40:01	40.53920	141.55737	-48	0.0	2	5.3	181
10/05/2025	19:41:03	40.54217	141.56096	14	74.1	2	5.3	265
10/05/2025	19:42:02	40.54899	141.57227	58	33.3	2	5.3	252
10/05/2025	19:43:02	40.55576	141.58341	118	66.7	2	5.3	244
10/05/2025	19:44:03	40.56499	141.59500	70	81.5	2	5.3	245
10/05/2025	19:45:01	40.57176	141.60225	66	55.6	2	5.4	164
10/05/2025	19:46:01	40.57355	141.60450	-28	51.9	2	5.4	159
10/05/2025	19:47:01	40.57423	141.60579	-60	0.0	2	5.4	193
10/05/2025	19:48:02	40.57424	141.60627	26	0.0	2	5.4	182
10/05/2025	19:49:01	40.57427	141.60632	36	0.0	2	5.4	217
10/05/2025	19:50:02	40.57393	141.60652	22	0.0	2	5.4	176
10/05/2025	19:51:02	40.57383	141.60654	22	0.0	2	5.4	208
10/05/2025	19:52:01	40.57666	141.61151	-20	55.6	2	5.4	154
10/05/2025	19:53:01	40.58221	141.62038	-12	85.2	2	5.4	178
10/05/2025	19:54:02	40.58836	141.63108	36	59.3	2	5.4	191
10/05/2025	19:55:01	40.59437	141.64102	44	74.1	2	6.0	181
10/05/2025	19:56:02	40.60154	141.65169	-14	77.8	2	6.0	158
10/05/2025	19:57:04	40.60758	141.65862	-32	63.0	2	6.0	216
10/05/2025	19:58:01	40.61435	141.66704	66	55.6	2	6.0	192
10/05/2025	19:59:01	40.62120	141.67530	42	77.8	2	6.0	183
10/05/2025	20:00:34	40.63190	141.69227	28	70.4	4	1.4	276
10/05/2025	20:01:00	40.63519	141.69762	30	77.8	3	2.3	189
10/05/2025	20:02:00	40.64258	141.70943	30	77.8	4	1.4	213
10/05/2025	20:03:00	40.65044	141.72081	8	77.8	4	1.4	212
10/05/2025	20:04:00	40.65902	141.73251	32	85.2	4	1.4	186
10/05/2025	20:05:00	40.66803	141.74426	20	92.6	3	2.4	186
10/05/2025	20:06:00	40.67774	141.75517	12	85.2	4	1.4	191
10/05/2025	20:07:00	40.68680	141.76542	54	85.2	3	2.3	217
10/05/2025	20:08:00	40.69628	141.77453	18	74.1	4	1.4	250
10/05/2025	20:09:01	40.70547	141.78448	20	81.5	4	1.4	214
10/05/2025	20:10:00	40.71440	141.79456	32	81.5	3	2.2	157
10/05/2025	20:11:01	40.72371	141.80365	38	81.5	4	1.4	236
10/05/2025	20:12:00	40.73237	141.81301	52	66.7	3	2.2	218
10/05/2025	20:13:00	40.73853	141.81955	28	70.4	3	2.1	189
10/05/2025	20:14:00	40.74756	141.82882	8	77.8	4	1.3	184
10/05/2025	20:15:01	40.75738	141.83884	0	85.2	4	1.3	214
10/05/2025	20:16:01	40.76710	141.84792	-0	74.1	4	1.3	273
10/05/2025	20:17:01	40.77622	141.85525	28	77.8	4	1.3	236
10/05/2025	20:18:00	40.78493	141.86472	4	88.9	3	2.0	250
10/05/2025	20:19:01	40.78880	141.86817	28	81.5	3	2.0	244
10/05/2025	20:20:01	40.79798	141.87564	2	70.4	4	1.3	246
10/05/2025	20:21:00	40.80779	141.88420	8	74.1	3	2.0	213
10/05/2025	20:22:00	40.81774	141.89141	12	70.4	3	1.4	210
10/05/2025	20:23:02	40.82712	141.89671	10	48.2	4	1.3	240
10/05/2025	20:24:02	40.83191	141.89939	0	74.1	4	1.3	264
10/05/2025	20:25:01	40.83903	141.90240	-18	74.1	4	1.2	214
10/05/2025	20:26:01	40.84112	141.91033	4	40.7	3	1.4	219
10/05/2025	20:27:02	40.83780	141.91763	-16	48.2	3	1.4	208
10/05/2025	20:28:03	40.83397	141.92295	-0	40.7	3	1.4	264
10/05/2025	20:29:01	40.83084	141.92780	-16	55.6	3	1.3	220
10/05/2025	20:30:01	40.82672	141.93395	0	33.3	3	1.3	240
10/05/2025	20:31:01	40.82274	141.94041	12	40.7	3	1.3	218
10/05/2025	20:32:00	40.81870	141.94667	-36	44.4	3	1.3	216
10/05/2025	20:33:01	40.81538	141.95200	-2	37.0	3	1.3	240
10/05/2025	20:34:01	40.81572	141.96008	26	51.9	4	1.2	243
10/05/2025	20:35:01	40.81301	141.96948	0	51.9	4	1.2	218
10/05/2025	20:36:01	40.81039	141.97803	10	48.2	4	1.2	244
10/05/2025	20:37:00	40.80957	141.98448	-0	59.3	3	1.3	184
10/05/2025	20:38:00	40.80886	141.99019	12	37.0	4	1.1	247
10/05/2025	20:39:01	40.80786	141.99621	24	40.7	4	1.1	210
10/05/2025	20:40:00	40.80578	142.00375	24	25.9	3	1.2	206
10/05/2025	20:41:00	40.80382	142.01117	2	55.6	4	1.1	248
10/05/2025	20:42:00	40.80121	142.01884	-16	48.2	4	1.1	244
10/05/2025	20:43:01	40.79866	142.02655	16	55.6	4	1.1	268
10/05/2025	20:44:00	40.79630	142.03412	-18	48.2	3	1.2	245
10/05/2025	20:45:01	40.79419	142.04238	-10	33.3	3	1.2	211
10/05/2025	20:46:02	40.79133	142.04998	-12	40.7	2	1.4	276
10/05/2025	20:47:00	40.78882	142.05838	8	51.9	3	1.2	246
10/05/2025	20:48:01	40.78624	142.06718	10	51.9	3	1.2	275
10/05/2025	20:49:01	40.78322	142.07488	24	55.6	3	1.2	240
10/05/2025	20:50:01	40.78060	142.08144	-12	14.8	3	1.2	211
10/05/2025	20:51:01	40.77799	142.08725	14	37.0	3	1.2	240
10/05/2025	20:52:04	40.77442	142.09231	30	48.2	3	1.2	245
10/05/2025	20:53:02	40.77946	142.09265	-2	33.3	3	1.2	243
10/05/2025	20:54:00	40.78053	142.09021	-22	33.3	3	1.2	238
10/05/2025	20:55:00	40.78393	142.08601	12	22.2	3	1.2	213
10/05/2025	20:56:01	40.78615	142.08185	10	22.2	3	1.2	239
10/05/2025	20:57:02	40.78990	142.07869	6	11.1	3	1.2	260
10/05/2025	20:58:01	40.79231	142.07584	4	22.2	3	1.2	256
10/05/2025	20:59:02	40.79430	142.07200	-6	18.5	3	1.2	236
10/05/2025	21:00:03	40.79622	142.06827	-4	25.9	3	1.2	238
10/05/2025	21:01:01	40.79842	142.06405	6	25.9	3	1.2	230
10/05/2025	21:02:04	40.79972	142.05892	18	22.2	3	1.2	236
10/05/2025	21:03:03	40.79910	142.05424	14	25.9	3	1.2	267
10/05/2025	21:04:02	40.79739	142.04975	10	25.9	3	1.2	237
10/05/2025	21:05:02	40.79766	142.04517	26	22.2	3	1.2	236
10/05/2025	21:06:02	40.79923	142.04071	28	29.6	2	1.3	238
10/05/2025	21:07:02	40.80204	142.03685	26	29.6	3	1.2	238
10/05/2025	21:08:02	40.80465	142.03246	20	22.2	3	1.2	233
10/05/2025	21:09:02	40.80636	142.02788	-8	29.6	3	1.2	229
10/05/2025	21:10:03	40.80859	142.02434	-2	29.6	3	1.2	236
10/05/2025	21:11:01	40.81018	142.02019	-0	29.6	2	1.2	238
10/05/2025	21:12:01	40.81277	142.01610	-6	33.3	2	1.2	230
10/05/2025	21:13:04	40.81748	142.01299	-8	25.9	3	1.2	265
10/05/2025	21:14:01	40.82029	142.00897	6	18.5	3	1.2	238
10/05/2025	21:15:02	40.82018	142.00499	-2	22.2	3	1.2	269
10/05/2025	21:16:02	40.81942	142.00096	-2	33.3	3	1.2	238
10/05/2025	21:17:01	40.81933	141.99633	-14	22.2	3	1.2	236
10/05/2025	21:18:01	40.81857	141.99169	-12	22.2	3	1.2	213
10/05/2025	21:19:02	40.81839	141.98753	24	18.5	3	1.1	240
10/05/2025	21:20:03	40.81918	141.98272	6	29.6	3	1.1	238
10/05/2025	21:21:04	40.81989	141.97787	20	22.2	3	1.1	242
10/05/2025	21:22:02	40.82054	141.97365	6	22.2	3	1.1	270
10/05/2025	21:23:01	40.82203	141.96974	-22	25.9	3	1.1	242
10/05/2025	21:24:00	40.82208	141.96580	-24	18.5	3	1.1	270
10/05/2025	21:25:01	40.82161	141.96173	2	18.5	3	1.1	240
10/05/2025	21:26:02	40.82047	141.95714	62	29.6	3	1.1	237
10/05/2025	21:27:02	40.81909	141.95268	-16	22.2	3	1.1	272
10/05/2025	21:28:01	40.81842	141.94827	16	22.2	3	1.1	274
10/05/2025	21:29:02	40.81756	141.94392	12	22.2	2	1.2	263
10/05/2025	21:30:03	40.81758	141.93959	16	33.3	2	1.2	243
10/05/2025	21:31:02	40.81695	141.93557	18	29.6	2	1.2	265
10/05/2025	21:37:44	40.80517	141.91005	-8	29.6	3	1.2	251
10/05/2025	21:38:01	40.80505	141.90871	-2	22.2	3	1.2	271
10/05/2025	21:39:01	40.80338	141.90482	-0	29.6	3	1.2	266
10/05/2025	21:40:02	40.80092	141.90053	6	29.6	3	1.2	243
10/05/2025	21:41:01	40.79831	141.89582	8	25.9	3	1.2	240
10/05/2025	21:42:01	40.79519	141.89183	8	40.7	2	2.2	237
10/05/2025	21:43:03	40.79395	141.88676	8	29.6	3	1.2	235
10/05/2025	21:44:01	40.79151	141.88222	6	25.9	3	1.2	238
10/05/2025	21:45:04	40.78918	141.87775	2	22.2	3	1.2	240
10/05/2025	21:46:03	40.78675	141.87365	0	29.6	3	1.2	241
10/05/2025	21:47:02	40.78370	141.86978	22	44.4	3	1.2	236
10/05/2025	21:48:02	40.78148	141.86631	12	33.3	3	1.2	270
10/05/2025	21:49:03	40.77986	141.86225	12	33.3	3	1.2	296
10/05/2025	21:50:00	40.77790	141.85973	4	22.2	3	1.2	269
10/05/2025	21:51:04	40.77570	141.85531	16	25.9	3	1.2	245
10/05/2025	21:52:01	40.77488	141.85078	4	25.9	3	1.2	243
10/05/2025	21:53:01	40.77342	141.84617	-4	25.9	3	1.2	240
10/05/2025	21:54:00	40.77202	141.84263	18	22.2	3	1.2	218
10/05/2025	21:55:02	40.76937	141.83877	-0	29.6	3	1.2	259
10/05/2025	21:56:01	40.76678	141.83469	8	25.9	3	1.2	242
10/05/2025	21:57:03	40.76417	141.83007	10	29.6	3	1.2	267
10/05/2025	21:58:01	40.76137	141.82538	10	29.6	3	1.2	246
10/05/2025	21:59:01	40.76012	141.81908	-0	33.3	3	1.2	266
10/05/2025	22:00:35	40.75648	141.80971	14	37.0	4	1.2	289
10/05/2025	22:01:00	40.75463	141.80773	10	33.3	4	1.2	239
10/05/2025	22:02:00	40.75150	141.80216	6	33.3	3	2.3	236
10/05/2025	22:03:01	40.74915	141.79585	8	37.0	4	1.2	236
10/05/2025	22:04:00	40.74624	141.78968	12	33.3	3	2.3	211
10/05/2025	22:05:01	40.74289	141.78368	8	37.0	3	2.3	210
10/05/2025	22:06:00	40.73983	141.77766	-8	37.0	4	1.2	215
10/05/2025	22:07:01	40.73703	141.77089	12	33.3	4	1.2	232
10/05/2025	22:08:02	40.73411	141.76485	4	37.0	4	1.2	270
10/05/2025	22:09:01	40.73096	141.75916	4	48.2	3	2.3	267
10/05/2025	22:10:01	40.72727	141.75329	6	29.6	4	1.2	181
10/05/2025	22:11:02	40.72291	141.74781	14	37.0	3	2.3	234
10/05/2025	22:12:03	40.71844	141.74431	16	29.6	4	1.2	261
10/05/2025	22:13:01	40.71509	141.74049	-8	33.3	3	2.3	208
10/05/2025	22:14:01	40.71200	141.73562	-10	29.6	3	2.4	237
10/05/2025	22:15:01	40.70755	141.73294	14	29.6	3	2.4	234
10/05/2025	22:16:02	40.70314	141.73084	4	40.7	3	2.4	219
10/05/2025	22:17:02	40.69836	141.72951	10	48.2	3	3.0	256
10/05/2025	22:18:03	40.69410	141.72704	-0	29.6	3	3.0	239
10/05/2025	22:19:04	40.68937	141.72509	-2	37.0	3	5.3	232
10/05/2025	22:20:03	40.68495	141.72307	4	25.9	4	1.2	260
10/05/2025	22:21:01	40.68082	141.72110	-2	25.9	4	1.2	266
10/05/2025	22:22:02	40.67698	141.71800	-2	25.9	3	5.0	260
10/05/2025	22:23:02	40.67273	141.71537	8	22.2	4	1.2	252
10/05/2025	22:24:02	40.66821	141.71349	10	25.9	3	4.3	257
10/05/2025	22:25:01	40.66396	141.71173	14	29.6	4	1.1	263
10/05/2025	22:26:02	40.65986	141.70864	32	29.6	3	3.3	272
10/05/2025	22:27:03	40.65563	141.70612	22	22.2	3	3.3	254
10/05/2025	22:28:02	40.65182	141.70320	-0	29.6	3	4.1	261
10/05/2025	22:29:02	40.64762	141.70037	10	25.9	3	4.0	290
10/05/2025	22:30:04	40.64357	141.69690	20	33.3	3	3.4	287
10/05/2025	22:31:03	40.63914	141.69352	12	33.3	3	3.4	291
10/05/2025	22:32:06	40.63475	141.68892	-2	37.0	3	3.3	287
10/05/2025	22:33:03	40.63118	141.68524	0	25.9	3	3.3	290
10/05/2025	22:34:03	40.62649	141.68289	0	29.6	3	3.3	294
10/05/2025	22:35:02	40.62187	141.68011	-0	29.6	3	3.2	295
10/05/2025	22:36:03	40.61779	141.67653	10	29.6	3	3.2	266
10/05/2025	22:37:03	40.61414	141.67249	-0	29.6	3	3.2	283
10/05/2025	22:38:03	40.60994	141.66976	12	33.3	3	3.1	281
10/05/2025	22:39:05	40.60509	141.66718	4	33.3	3	3.1	283
10/05/2025	22:40:05	40.60069	141.66489	4	37.0	3	3.1	279
10/05/2025	22:41:03	40.59653	141.66279	16	33.3	3	3.0	274
10/05/2025	22:42:02	40.59216	141.66116	2	29.6	3	3.0	259
10/05/2025	22:43:02	40.58858	141.65863	-10	22.2	3	3.0	267
10/05/2025	22:44:03	40.58477	141.65580	4	29.6	3	2.4	270
10/05/2025	22:45:02	40.58061	141.65318	-8	44.4	3	2.4	261
10/05/2025	22:52:53	40.54907	141.63063	8	48.2	3	3.1	313
10/05/2025	22:53:03	40.54835	141.63000	8	29.6	3	3.1	264
10/05/2025	22:54:03	40.54389	141.62645	-2	25.9	3	3.1	269
10/05/2025	22:55:02	40.54131	141.62147	2	33.3	3	3.1	239
10/05/2025	22:56:02	40.53995	141.61626	12	29.6	3	3.1	208
10/05/2025	22:57:03	40.53648	141.61290	22	37.0	3	3.1	264
10/05/2025	22:58:03	40.53175	141.61122	20	29.6	3	3.1	244
10/05/2025	22:59:03	40.52895	141.60681	18	29.6	3	3.1	242
10/05/2025	23:00:02	40.52577	141.60421	34	44.4	3	3.1	283
10/05/2025	23:01:02	40.52365	141.60031	10	25.9	3	3.1	243
10/05/2025	23:02:03	40.52191	141.59596	4	22.2	3	3.1	245
10/05/2025	23:03:03	40.52438	141.59230	-2	48.2	3	3.1	247
10/05/2025	23:04:02	40.52682	141.58861	36	40.7	3	3.1	246
10/05/2025	23:05:02	40.52977	141.58579	6	25.9	3	3.1	247
10/05/2025	23:06:03	40.53530	141.58302	22	33.3	3	3.1	242
10/05/2025	23:07:03	40.53986	141.58031	-6	37.0	3	3.1	249
10/05/2025	23:08:03	40.54347	141.57562	20	29.6	3	3.0	246
10/05/2025	23:09:03	40.54272	141.57093	-2	37.0	3	3.0	248
10/05/2025	23:10:02	40.54296	141.56585	14	22.2	3	3.0	215
10/05/2025	23:11:03	40.54022	141.56246	-4	25.9	3	3.0	244
10/05/2025	23:12:03	40.53984	141.55958	8	22.2	3	3.0	241
10/05/2025	23:13:02	40.53931	141.55770	12	0.0	3	3.0	240
10/05/2025	23:14:02	40.53915	141.55771	22	0.0	3	3.0	211
10/05/2025	23:15:03	40.53920	141.55773	8	0.0	3	3.0	220
10/05/2025	23:16:03	40.53914	141.55769	18	0.0	3	3.0	192
10/05/2025	23:17:02	40.53919	141.55773	-6	0.0	3	3.0	253
10/05/2025	23:18:03	40.53921	141.55770	2	0.0	3	3.0	254
10/05/2025	23:19:03	40.53920	141.55770	4	0.0	3	3.0	252
10/05/2025	23:20:02	40.53917	141.55770	28	0.0	3	3.0	256
10/05/2025	23:21:06	40.53910	141.55771	20	0.0	3	3.0	249
10/05/2025	23:22:02	40.53923	141.55773	8	0.0	3	3.0	258
10/05/2025	23:23:03	40.53922	141.55768	-6	0.0	3	3.0	256
10/05/2025	23:24:03	40.53920	141.55771	4	0.0	3	3.0	253
10/05/2025	23:25:03	40.53924	141.55772	0	0.0	3	3.0	254
10/05/2025	23:26:03	40.53916	141.55767	0	0.0	3	3.0	251
10/05/2025	23:27:00	40.53925	141.55762	14	0.0	3	2.4	253
10/05/2025	23:28:00	40.53894	141.55770	20	0.0	3	2.4	248
10/05/2025	23:29:01	40.53919	141.55770	-4	0.0	3	2.4	254
10/05/2025	23:30:00	40.53906	141.55768	-2	0.0	3	2.4	193
10/05/2025	23:31:00	40.53905	141.55785	30	0.0	3	2.4	253
10/05/2025	23:32:01	40.53909	141.55772	36	0.0	3	2.4	197
10/05/2025	23:33:02	40.53913	141.55775	20	0.0	3	2.4	257
10/05/2025	23:34:02	40.53918	141.55769	-2	0.0	3	2.4	251
10/05/2025	23:35:01	40.53923	141.55764	-22	0.0	3	2.4	225
10/05/2025	23:36:01	40.53920	141.55773	10	0.0	3	2.4	222
10/05/2025	23:37:01	40.53874	141.55779	110	0.0	3	2.4	196
10/05/2025	23:38:02	40.53918	141.55776	16	0.0	3	2.4	260
10/05/2025	23:39:02	40.53918	141.55775	28	0.0	3	2.4	255
10/05/2025	23:40:01	40.53928	141.55774	-16	0.0	3	2.4	226
10/05/2025	23:41:02	40.53927	141.55772	16	0.0	3	2.4	225
10/05/2025	23:42:02	40.53900	141.55763	42	0.0	3	2.4	251
10/05/2025	23:43:02	40.53917	141.55768	8	0.0	3	2.4	248
10/05/2025	23:44:03	40.53916	141.55771	16	0.0	3	2.4	252
10/05/2025	23:45:03	40.53908	141.55780	22	0.0	3	2.4	252
10/05/2025	23:46:03	40.53924	141.55774	22	0.0	3	2.4	250
10/05/2025	23:47:04	40.53925	141.55767	14	0.0	3	2.4	248
10/05/2025	23:48:04	40.53919	141.55766	-4	0.0	3	2.4	252
10/05/2025	23:49:05	40.53903	141.55775	26	3.7	3	2.4	245
10/05/2025	23:50:03	40.53917	141.55765	4	0.0	3	2.4	220
10/05/2025	23:51:02	40.53917	141.55761	-0	0.0	3	2.4	249
10/05/2025	23:52:03	40.53945	141.55760	-10	0.0	3	2.4	253
10/05/2025	23:53:03	40.53925	141.55771	8	0.0	3	2.4	252
10/05/2025	23:54:04	40.53928	141.55767	2	3.7	3	2.4	249
10/05/2025	23:55:03	40.53918	141.55771	6	3.7	3	2.4	247
10/05/2025	23:56:03	40.53912	141.55774	22	0.0	3	2.4	247
10/05/2025	23:57:03	40.53949	141.55761	-38	0.0	3	2.4	247
10/05/2025	23:58:06	40.53932	141.55765	2	0.0	3	2.4	245
10/05/2025	23:59:05	40.53936	141.55762	-14	3.7	3	2.4	244
11/05/2025	00:00:05	40.53941	141.55763	-12	0.0	3	3.0	245
11/05/2025	00:01:04	40.53922	141.55768	16	3.7	3	3.0	242
11/05/2025	00:02:05	40.53904	141.55776	24	3.7	3	3.0	240
11/05/2025	00:03:06	40.53922	141.55768	12	0.0	3	3.0	241
11/05/2025	00:04:05	40.53924	141.55770	14	3.7	3	3.0	240
11/05/2025	00:05:06	40.53941	141.55763	-6	0.0	3	3.0	237
11/05/2025	00:06:08	40.53938	141.55762	-4	0.0	3	3.0	237
11/05/2025	00:07:05	40.53931	141.55764	0	0.0	3	3.0	240
11/05/2025	00:08:05	40.53917	141.55773	12	3.7	3	3.0	238
11/05/2025	00:09:31	40.53917	141.55771	14	0.0	3	3.0	227
11/05/2025	00:10:35	40.53915	141.55772	10	0.0	6	1.1	219
11/05/2025	00:11:01	40.53933	141.55764	8	0.0	3	2.1	189
11/05/2025	00:12:02	40.53919	141.55771	6	0.0	6	1.2	219
11/05/2025	00:13:02	40.53912	141.55776	22	0.0	5	1.4	214
11/05/2025	00:14:01	40.53923	141.55772	16	0.0	6	1.2	219
11/05/2025	00:15:00	40.53900	141.55789	66	0.0	3	2.2	219
11/05/2025	00:16:01	40.53913	141.55775	-0	0.0	6	1.2	221
11/05/2025	00:17:01	40.53910	141.55771	6	0.0	6	1.2	223
11/05/2025	00:18:01	40.53914	141.55775	20	0.0	6	1.2	221
11/05/2025	00:19:00	40.53925	141.55784	20	0.0	4	2.1	190
11/05/2025	00:20:01	40.53912	141.55780	20	0.0	6	1.2	219
11/05/2025	00:21:01	40.53929	141.55763	8	0.0	4	2.1	207
11/05/2025	00:22:01	40.53910	141.55772	2	0.0	6	1.2	243
11/05/2025	00:23:01	40.53930	141.55771	30	0.0	5	1.3	254
11/05/2025	00:24:00	40.53910	141.55778	14	0.0	6	1.2	225
11/05/2025	00:25:01	40.53912	141.55774	4	0.0	6	1.2	247
11/05/2025	00:26:01	40.53919	141.55768	16	0.0	6	1.2	218
11/05/2025	00:27:01	40.53915	141.55776	8	0.0	6	1.2	241
11/05/2025	00:28:01	40.53916	141.55772	2	0.0	5	1.3	240
11/05/2025	00:29:00	40.53913	141.55772	20	0.0	4	1.3	188
11/05/2025	00:30:00	40.53920	141.55763	-6	3.7	4	2.2	226
11/05/2025	00:31:01	40.53920	141.55771	12	0.0	5	1.3	244
11/05/2025	00:32:01	40.53906	141.55780	22	0.0	5	2.3	248
11/05/2025	00:33:01	40.53907	141.55775	20	0.0	5	1.3	245
11/05/2025	00:34:00	40.53916	141.55776	-14	3.7	4	2.3	193
11/05/2025	00:35:00	40.53914	141.55777	34	3.7	4	2.3	243
11/05/2025	00:36:01	40.53919	141.55776	16	0.0	5	1.3	236
11/05/2025	00:37:00	40.53929	141.55759	2	0.0	4	2.4	217
11/05/2025	00:38:00	40.53904	141.55770	44	0.0	4	1.4	157
11/05/2025	00:39:01	40.53913	141.55775	16	0.0	5	1.3	263
11/05/2025	00:40:02	40.53916	141.55767	10	0.0	5	1.3	260
11/05/2025	00:41:00	40.53913	141.55775	8	0.0	4	2.0	219
11/05/2025	00:42:00	40.53913	141.55772	4	0.0	4	2.0	191
11/05/2025	00:43:00	40.53922	141.55778	26	0.0	4	2.0	223
11/05/2025	00:44:01	40.53914	141.55779	22	0.0	5	1.3	242
11/05/2025	00:45:00	40.53904	141.55779	26	0.0	4	1.4	213
11/05/2025	00:46:01	40.53907	141.55772	14	0.0	5	1.4	207
11/05/2025	00:47:01	40.53920	141.55769	12	0.0	5	1.4	232
11/05/2025	00:48:00	40.53916	141.55771	8	0.0	4	2.3	242
11/05/2025	00:49:01	40.53908	141.55771	22	0.0	5	1.4	215
11/05/2025	00:50:01	40.53903	141.55780	10	0.0	5	1.4	231
11/05/2025	00:51:01	40.53916	141.55777	4	0.0	5	1.4	247
11/05/2025	00:52:00	40.53912	141.55773	16	3.7	3	2.2	240
11/05/2025	00:53:01	40.53903	141.55775	8	0.0	4	2.1	214
11/05/2025	00:54:01	40.53910	141.55771	16	0.0	5	1.4	246
11/05/2025	00:55:00	40.53923	141.55766	-6	0.0	4	2.1	249
11/05/2025	00:56:01	40.53916	141.55766	26	0.0	4	2.0	210
11/05/2025	00:57:01	40.53923	141.55775	8	0.0	5	1.4	260
11/05/2025	00:58:01	40.53925	141.55771	-4	0.0	4	2.1	247
11/05/2025	00:59:00	40.53908	141.55765	54	0.0	4	2.2	245
11/05/2025	01:00:01	40.53910	141.55770	26	0.0	4	2.1	243
11/05/2025	01:01:00	40.53911	141.55770	20	0.0	4	2.2	241
11/05/2025	01:02:00	40.53927	141.55778	-18	0.0	4	2.2	221
11/05/2025	01:03:01	40.53923	141.55764	8	0.0	4	2.1	236
11/05/2025	01:04:00	40.53916	141.55764	18	3.7	4	2.2	248
11/05/2025	01:05:03	40.53915	141.55770	26	0.0	4	2.1	240
11/05/2025	01:06:02	40.53910	141.55767	26	0.0	4	2.1	242
11/05/2025	01:07:02	40.53930	141.55760	2	0.0	4	2.1	239
11/05/2025	01:08:02	40.53924	141.55767	2	0.0	3	3.3	235
11/05/2025	01:09:02	40.53910	141.55774	22	0.0	4	2.1	240
11/05/2025	01:10:02	40.53920	141.55773	16	0.0	4	2.1	241
11/05/2025	01:11:02	40.53916	141.55776	18	0.0	4	2.1	236
11/05/2025	01:12:01	40.53911	141.55779	12	0.0	4	2.1	216
11/05/2025	01:13:02	40.53911	141.55775	20	0.0	4	2.1	237
11/05/2025	01:14:02	40.53919	141.55773	4	0.0	4	2.0	237
11/05/2025	01:15:02	40.53905	141.55785	10	0.0	4	2.0	181
11/05/2025	01:16:02	40.53921	141.55772	8	0.0	4	2.0	212
11/05/2025	01:17:02	40.53921	141.55756	22	0.0	2	7.0	184
11/05/2025	01:18:01	40.53904	141.55778	14	0.0	3	2.4	214
11/05/2025	01:19:02	40.53914	141.55782	-6	0.0	4	2.0	240
11/05/2025	01:20:02	40.53917	141.55767	20	0.0	4	2.0	207
11/05/2025	01:21:02	40.53915	141.55768	22	0.0	3	2.4	204
11/05/2025	01:22:02	40.53918	141.55785	-0	0.0	3	2.4	207
11/05/2025	01:23:02	40.53923	141.55765	22	0.0	3	2.4	212
11/05/2025	01:24:03	40.53914	141.55777	16	0.0	4	2.0	206
11/05/2025	01:25:02	40.53908	141.55789	-2	0.0	2	5.2	270
11/05/2025	01:26:03	40.53912	141.55776	8	0.0	3	2.3	207
11/05/2025	01:27:01	40.53935	141.55767	14	3.7	3	2.3	189
11/05/2025	01:28:02	40.53913	141.55770	10	0.0	2	5.1	236
11/05/2025	01:29:01	40.53933	141.55759	2	0.0	4	2.0	213
11/05/2025	01:30:02	40.53908	141.55766	28	0.0	4	2.0	178
11/05/2025	01:31:03	40.53914	141.55774	4	0.0	3	2.4	204
11/05/2025	01:32:02	40.53896	141.55795	26	0.0	3	2.4	181
11/05/2025	01:33:02	40.53907	141.55776	34	0.0	3	2.2	223
11/05/2025	01:34:01	40.53916	141.55771	18	0.0	4	2.0	218
11/05/2025	01:35:02	40.53912	141.55769	10	0.0	3	2.3	208
11/05/2025	01:36:02	40.53913	141.55772	10	0.0	4	1.4	218
11/05/2025	01:37:02	40.53909	141.55777	6	0.0	4	1.4	215
11/05/2025	01:38:02	40.53914	141.55773	14	0.0	4	1.4	218
11/05/2025	01:39:02	40.53912	141.55778	22	0.0	4	1.4	237
11/05/2025	01:40:01	40.53916	141.55763	16	0.0	3	2.1	175
11/05/2025	01:41:01	40.53913	141.55777	8	0.0	3	2.1	179
11/05/2025	01:42:02	40.53907	141.55785	26	0.0	4	1.4	183
11/05/2025	01:43:02	40.53920	141.55775	20	0.0	4	1.4	181
11/05/2025	01:44:01	40.53911	141.55776	16	0.0	3	2.1	202
11/05/2025	01:45:03	40.53911	141.55773	30	0.0	2	3.2	188
11/05/2025	01:46:03	40.53914	141.55774	28	0.0	3	2.0	256
11/05/2025	01:47:02	40.53915	141.55774	16	0.0	3	2.0	204
11/05/2025	01:48:02	40.53907	141.55774	22	0.0	3	2.0	200
11/05/2025	01:49:01	40.53916	141.55767	18	0.0	3	2.0	201
11/05/2025	01:50:02	40.53919	141.55771	18	0.0	4	1.4	198
11/05/2025	01:51:02	40.53924	141.55755	38	18.5	4	1.4	288
11/05/2025	01:52:01	40.53899	141.55794	28	0.0	3	2.0	220
11/05/2025	01:53:03	40.53911	141.55778	26	0.0	3	2.0	225
11/05/2025	01:54:02	40.53914	141.55774	6	0.0	3	2.0	199
11/05/2025	01:55:02	40.53919	141.55763	0	0.0	3	2.0	223
11/05/2025	01:56:02	40.53912	141.55769	4	0.0	3	2.0	242
11/05/2025	01:57:02	40.53915	141.55771	16	0.0	3	1.4	224
11/05/2025	01:58:02	40.53915	141.55769	16	0.0	3	1.4	257
11/05/2025	01:59:02	40.53913	141.55773	12	0.0	3	1.4	220
11/05/2025	02:00:02	40.53929	141.55773	14	0.0	3	2.4	200
11/05/2025	02:01:01	40.53910	141.55779	16	0.0	3	2.4	200
11/05/2025	02:02:02	40.53940	141.55781	-6	0.0	3	2.4	228
11/05/2025	02:03:04	40.53915	141.55770	2	0.0	3	2.4	194
11/05/2025	02:04:04	40.53913	141.55778	2	0.0	2	3.2	228
11/05/2025	02:05:03	40.53924	141.55760	-2	0.0	2	3.2	214
11/05/2025	02:06:04	40.53915	141.55771	12	0.0	3	2.4	216
11/05/2025	02:07:02	40.53926	141.55770	6	0.0	2	3.2	285
11/05/2025	02:08:05	40.53919	141.55774	12	0.0	3	2.4	215
11/05/2025	02:09:05	40.53925	141.55772	20	0.0	3	2.4	214
11/05/2025	02:10:04	40.53913	141.55765	6	0.0	3	2.3	203
11/05/2025	02:11:05	40.53913	141.55761	8	0.0	3	2.3	235
11/05/2025	02:12:04	40.53916	141.55766	16	0.0	3	2.3	203
11/05/2025	02:13:05	40.53923	141.55774	12	0.0	3	2.3	195
11/05/2025	02:14:04	40.53913	141.55760	16	0.0	3	2.3	202
11/05/2025	02:15:04	40.53916	141.55772	22	0.0	3	2.3	273
11/05/2025	02:16:03	40.53925	141.55791	28	0.0	2	3.3	202
11/05/2025	02:17:11	40.53924	141.55777	20	0.0	3	2.3	240
11/05/2025	02:18:05	40.53920	141.55787	40	0.0	3	2.3	243
11/05/2025	02:19:10	40.53924	141.55771	10	0.0	3	2.3	231
11/05/2025	02:20:04	40.53916	141.55774	28	0.0	3	2.3	209
11/05/2025	02:21:09	40.53917	141.55767	14	0.0	3	2.3	238
11/05/2025	02:22:07	40.53911	141.55763	20	0.0	3	2.3	234
11/05/2025	02:23:05	40.53917	141.55774	16	0.0	3	2.3	202
11/05/2025	02:24:05	40.53923	141.55768	2	0.0	3	2.3	207
11/05/2025	02:25:05	40.53923	141.55779	16	0.0	3	2.3	195
11/05/2025	02:26:04	40.53921	141.55767	14	0.0	3	2.3	201
11/05/2025	02:27:14	40.53917	141.55768	16	0.0	3	2.3	219
11/05/2025	02:28:06	40.53916	141.55764	6	0.0	3	2.3	244
11/05/2025	02:29:35	40.53917	141.55771	16	0.0	5	1.0	231
11/05/2025	02:30:01	40.53915	141.55774	30	0.0	5	1.1	197
11/05/2025	02:31:02	40.53917	141.55772	20	0.0	4	1.1	218
11/05/2025	02:32:00	40.53917	141.55769	14	0.0	5	1.0	221
11/05/2025	02:33:01	40.53918	141.55768	18	0.0	4	1.1	215
11/05/2025	02:34:01	40.53920	141.55771	18	0.0	5	1.1	216
11/05/2025	02:35:00	40.53919	141.55770	16	0.0	4	1.1	223
11/05/2025	02:36:00	40.53927	141.55772	14	0.0	5	1.0	223
11/05/2025	02:37:01	40.53916	141.55766	26	0.0	5	1.0	216
11/05/2025	02:38:00	40.53921	141.55766	20	0.0	3	1.1	223
11/05/2025	02:39:00	40.53922	141.55773	6	0.0	4	1.0	223
11/05/2025	02:40:00	40.53917	141.55779	18	0.0	4	1.0	225
11/05/2025	02:41:00	40.53924	141.55772	16	0.0	4	1.0	197
11/05/2025	02:42:00	40.53928	141.55776	16	0.0	4	1.0	190
11/05/2025	02:43:00	40.53907	141.55769	20	0.0	3	1.0	199
11/05/2025	02:44:01	40.53915	141.55777	20	0.0	4	1.0	224
11/05/2025	02:45:00	40.53927	141.55760	14	0.0	3	1.1	195
11/05/2025	02:46:00	40.53912	141.55787	4	0.0	3	1.0	197
11/05/2025	02:47:00	40.53915	141.55763	14	0.0	4	1.0	200
11/05/2025	02:48:00	40.53912	141.55771	32	3.7	3	1.2	165
11/05/2025	02:49:00	40.53916	141.55768	10	0.0	3	1.2	200
11/05/2025	02:50:02	40.53917	141.55774	24	0.0	4	1.0	222
11/05/2025	02:51:00	40.53923	141.55772	8	0.0	3	1.2	201
11/05/2025	02:52:00	40.53919	141.55774	28	0.0	3	1.2	224
11/05/2025	02:53:01	40.53909	141.55770	-2	0.0	4	3.0	243
11/05/2025	02:54:01	40.53934	141.55778	10	0.0	4	1.0	200
11/05/2025	02:55:02	40.53922	141.55770	26	0.0	4	1.4	245
11/05/2025	02:56:01	40.53922	141.55754	-2	0.0	3	2.0	202
11/05/2025	02:57:00	40.53927	141.55771	12	3.7	3	1.4	165
11/05/2025	02:58:01	40.53921	141.55773	0	0.0	3	1.0	200
11/05/2025	02:59:01	40.53929	141.55773	26	0.0	3	1.2	193
11/05/2025	03:00:00	40.53925	141.55765	26	0.0	3	1.2	195
11/05/2025	03:01:01	40.53918	141.55773	30	0.0	3	2.0	226
11/05/2025	03:02:01	40.53903	141.55759	44	0.0	3	1.1	224
11/05/2025	03:03:01	40.53906	141.55789	40	0.0	3	2.0	217
11/05/2025	03:04:02	40.53918	141.55771	12	0.0	4	1.0	224
11/05/2025	03:05:02	40.53914	141.55768	12	0.0	4	1.0	221
11/05/2025	03:06:01	40.53908	141.55770	4	0.0	4	1.3	222
11/05/2025	03:07:01	40.53918	141.55766	26	0.0	4	1.0	221
11/05/2025	03:08:00	40.53898	141.55770	-18	7.4	3	2.0	222
11/05/2025	03:09:01	40.53929	141.55769	28	0.0	4	1.3	220
11/05/2025	03:10:02	40.53957	141.55749	80	3.7	3	9.3	190
11/05/2025	03:11:03	40.53918	141.55774	10	0.0	4	1.0	221
11/05/2025	03:12:03	40.53922	141.55781	14	0.0	3	1.1	220
11/05/2025	03:13:03	40.53919	141.55772	10	0.0	4	1.0	250
11/05/2025	03:14:02	40.53916	141.55771	34	0.0	3	1.1	222
11/05/2025	03:15:03	40.53921	141.55767	22	0.0	4	1.0	277
11/05/2025	03:16:01	40.53917	141.55768	24	0.0	3	2.0	191
11/05/2025	03:17:01	40.53913	141.55774	14	0.0	3	1.4	223
11/05/2025	03:18:01	40.53931	141.55772	54	0.0	4	1.3	222
11/05/2025	03:19:01	40.53913	141.55768	2	0.0	4	1.2	223
11/05/2025	03:20:02	40.53920	141.55772	24	0.0	3	1.1	219
11/05/2025	03:21:01	40.53910	141.55771	-20	0.0	3	1.4	219
11/05/2025	03:22:01	40.53899	141.55777	-0	0.0	3	1.4	194
11/05/2025	03:23:02	40.53867	141.55807	28	0.0	2	2.1	184
11/05/2025	03:24:01	40.53917	141.55769	16	0.0	3	1.4	196
11/05/2025	03:25:01	40.53913	141.55771	28	0.0	3	1.3	192
11/05/2025	03:26:02	40.53933	141.55775	90	7.4	3	4.1	224
11/05/2025	03:27:04	40.53922	141.55768	12	0.0	3	1.1	211
11/05/2025	03:28:02	40.53916	141.55771	20	0.0	3	1.1	213
11/05/2025	03:29:02	40.53919	141.55772	24	0.0	3	1.1	189
11/05/2025	03:30:02	40.53886	141.55784	0	0.0	3	3.2	129
11/05/2025	03:31:01	40.53907	141.55779	16	0.0	3	1.3	194
11/05/2025	03:32:01	40.53914	141.55768	-8	0.0	3	3.0	195
11/05/2025	03:33:02	40.53939	141.55775	50	0.0	3	2.4	193
11/05/2025	03:34:02	40.53914	141.55764	-16	0.0	3	1.3	194
11/05/2025	03:35:06	40.53917	141.55765	22	0.0	3	1.1	191
11/05/2025	03:36:02	40.53910	141.55769	6	0.0	2	1.3	199
11/05/2025	03:37:00	40.53919	141.55773	2	0.0	3	1.2	195
11/05/2025	03:38:02	40.53919	141.55771	50	0.0	3	1.1	245
11/05/2025	03:39:02	40.53924	141.55775	32	0.0	3	2.2	161
11/05/2025	03:40:00	40.53922	141.55765	52	0.0	3	1.2	197
11/05/2025	03:41:01	40.53893	141.55783	-12	0.0	3	2.1	193
11/05/2025	03:42:02	40.53914	141.55766	4	0.0	3	1.1	193
11/05/2025	03:43:02	40.53909	141.55779	-6	0.0	3	1.2	193
11/05/2025	03:44:02	40.53919	141.55773	20	0.0	2	2.2	164
11/05/2025	03:45:02	40.53925	141.55736	84	0.0	2	1.4	194
11/05/2025	03:46:02	40.53921	141.55783	28	0.0	3	1.2	189
11/05/2025	03:47:02	40.53920	141.55772	18	0.0	3	1.2	197
11/05/2025	03:48:02	40.53915	141.55774	10	0.0	3	1.1	195
11/05/2025	03:49:01	40.53925	141.55774	-4	0.0	3	1.2	190
11/05/2025	03:50:00	40.53904	141.55772	14	0.0	3	1.2	195
11/05/2025	03:51:02	40.53918	141.55781	54	0.0	3	1.1	198
11/05/2025	03:52:01	40.53928	141.55765	34	0.0	3	1.2	199
11/05/2025	03:53:02	40.53910	141.55776	34	0.0	3	1.1	229
11/05/2025	03:54:02	40.53911	141.55766	-16	0.0	3	1.2	196
11/05/2025	03:55:02	40.53916	141.55766	-4	0.0	3	1.2	194
11/05/2025	03:56:01	40.53909	141.55778	28	0.0	3	1.1	198
11/05/2025	03:57:01	40.53918	141.55758	10	0.0	3	1.2	195
11/05/2025	03:58:01	40.53915	141.55762	-20	0.0	3	1.1	195
11/05/2025	03:59:01	40.53921	141.55768	-4	0.0	2	1.3	161
11/05/2025	04:00:04	40.53907	141.55770	4	0.0	3	2.3	224
11/05/2025	04:01:01	40.53916	141.55779	40	0.0	3	2.4	199
11/05/2025	04:02:02	40.53913	141.55776	66	0.0	3	2.4	223
11/05/2025	04:03:04	40.53915	141.55774	0	0.0	3	3.0	221
11/05/2025	04:04:07	40.53922	141.55772	14	0.0	3	3.1	225
11/05/2025	04:05:02	40.53929	141.55762	-46	0.0	3	3.1	224
11/05/2025	04:06:02	40.53899	141.55772	18	0.0	3	3.2	222
11/05/2025	04:07:02	40.53920	141.55772	-14	0.0	3	3.3	224
11/05/2025	04:08:02	40.53911	141.55774	34	0.0	3	3.4	226
11/05/2025	04:09:02	40.53911	141.55782	36	0.0	3	4.1	199
11/05/2025	04:10:02	40.53953	141.55739	-86	7.4	3	4.2	227
11/05/2025	04:11:02	40.53922	141.55771	-2	0.0	3	4.4	195
11/05/2025	04:12:03	40.53926	141.55765	-26	0.0	3	5.1	224
11/05/2025	04:13:01	40.53910	141.55772	38	0.0	3	5.4	193
11/05/2025	04:14:01	40.53894	141.55785	68	7.4	3	6.2	197
11/05/2025	04:15:01	40.53893	141.55793	66	3.7	3	7.1	199
11/05/2025	04:16:02	40.53907	141.55779	34	0.0	3	8.0	228
11/05/2025	04:17:03	40.53871	141.55820	148	0.0	3	9.1	218
11/05/2025	04:18:03	40.53915	141.55776	16	0.0	3	10.4	249
11/05/2025	04:19:02	40.53902	141.55791	74	0.0	3	12.4	248
11/05/2025	04:20:35	40.53917	141.55772	18	0.0	6	1.0	238
11/05/2025	04:21:01	40.53925	141.55773	28	0.0	5	1.3	200
11/05/2025	04:22:03	40.53916	141.55778	12	0.0	6	1.1	249
11/05/2025	04:23:01	40.53926	141.55765	38	0.0	5	1.2	229
11/05/2025	04:24:00	40.53921	141.55768	32	0.0	5	1.0	227
11/05/2025	04:25:01	40.53914	141.55792	-4	0.0	5	1.0	222
11/05/2025	04:26:01	40.53911	141.55762	2	3.7	5	1.4	220
11/05/2025	04:27:02	40.53923	141.55765	-2	0.0	5	1.3	192
11/05/2025	04:28:02	40.53924	141.55772	18	0.0	6	1.1	225
11/05/2025	04:29:01	40.53921	141.55770	12	0.0	6	1.1	226
11/05/2025	04:30:01	40.53911	141.55771	-10	0.0	4	1.1	222
11/05/2025	04:31:01	40.53915	141.55775	26	0.0	5	1.1	195
11/05/2025	04:32:02	40.53893	141.55775	-10	0.0	3	2.0	134
11/05/2025	04:33:01	40.53888	141.55768	-42	0.0	3	4.0	187
11/05/2025	04:34:00	40.53921	141.55769	-8	0.0	5	1.1	222
11/05/2025	04:35:00	40.53911	141.55781	30	3.7	4	2.0	225
11/05/2025	04:36:01	40.53924	141.55771	18	0.0	5	1.1	249
11/05/2025	04:37:01	40.53921	141.55776	-4	0.0	5	1.0	251
11/05/2025	04:38:00	40.53915	141.55772	6	0.0	4	1.3	219
11/05/2025	04:39:02	40.53905	141.55771	12	0.0	4	2.0	249
11/05/2025	04:40:01	40.53927	141.55781	12	0.0	3	2.1	244
11/05/2025	04:41:01	40.53915	141.55766	12	0.0	5	1.1	192
11/05/2025	04:42:02	40.53919	141.55780	22	0.0	4	2.1	193
11/05/2025	04:43:01	40.53929	141.55769	46	7.4	4	2.1	215
11/05/2025	04:44:02	40.53922	141.55769	24	0.0	5	1.1	220
11/05/2025	04:45:02	40.53925	141.55792	-44	0.0	3	3.3	243
11/05/2025	04:46:02	40.53917	141.55770	10	0.0	5	1.0	276
11/05/2025	04:47:00	40.53920	141.55785	44	0.0	5	1.1	225
11/05/2025	04:48:01	40.53915	141.55775	14	0.0	5	1.1	228
11/05/2025	04:49:01	40.53920	141.55785	20	0.0	5	1.1	226
11/05/2025	04:50:00	40.53928	141.55774	18	0.0	5	1.1	195
11/05/2025	04:51:02	40.53921	141.55761	14	0.0	4	1.2	192
11/05/2025	04:52:03	40.53912	141.55773	24	0.0	5	1.1	256
11/05/2025	04:53:02	40.53917	141.55751	6	0.0	4	1.2	218
11/05/2025	04:54:00	40.53930	141.55773	26	0.0	4	1.4	216
11/05/2025	04:55:01	40.53913	141.55774	20	0.0	5	1.0	226
11/05/2025	04:56:02	40.53922	141.55780	42	0.0	5	1.1	228
11/05/2025	04:57:01	40.53931	141.55762	14	3.7	5	1.1	226
11/05/2025	04:58:02	40.53918	141.55771	24	0.0	5	1.0	245
11/05/2025	04:59:00	40.53924	141.55778	24	0.0	5	1.1	222
11/05/2025	05:00:00	40.53916	141.55772	18	0.0	4	1.3	218
11/05/2025	05:01:00	40.53909	141.55776	38	0.0	4	1.3	224
11/05/2025	05:02:00	40.53931	141.55772	18	0.0	5	1.1	221
11/05/2025	05:03:02	40.53918	141.55767	10	0.0	4	1.2	216
11/05/2025	05:04:01	40.53917	141.55778	22	0.0	4	1.2	253
11/05/2025	05:05:01	40.53946	141.55850	-62	0.0	3	6.2	220
11/05/2025	05:06:01	40.53920	141.55772	12	0.0	4	1.2	217
11/05/2025	05:07:00	40.53919	141.55780	28	0.0	4	1.2	195
11/05/2025	05:08:01	40.53915	141.55768	16	0.0	4	1.2	213
11/05/2025	05:09:01	40.53922	141.55783	4	0.0	4	1.2	216
11/05/2025	05:10:00	40.53926	141.55772	-4	0.0	3	1.4	189
11/05/2025	05:11:01	40.53922	141.55781	32	0.0	3	1.4	241
11/05/2025	05:12:02	40.53950	141.55782	44	3.7	3	2.4	216
11/05/2025	05:13:02	40.53893	141.55761	42	0.0	3	2.4	182
11/05/2025	05:14:00	40.53922	141.55781	8	0.0	4	1.3	192
11/05/2025	05:15:01	40.53913	141.55767	36	0.0	4	1.2	190
11/05/2025	05:16:01	40.53930	141.55771	40	0.0	3	2.3	151
11/05/2025	05:17:01	40.53928	141.55778	18	0.0	4	1.2	204
11/05/2025	05:18:02	40.53917	141.55783	38	0.0	4	1.2	186
11/05/2025	05:19:03	40.54022	141.55835	180	7.4	2	7.4	159
11/05/2025	05:20:02	40.53902	141.55769	8	0.0	3	2.2	189
11/05/2025	05:21:01	40.53918	141.55771	32	0.0	2	1.3	128
11/05/2025	05:22:02	40.53918	141.55778	22	0.0	4	1.2	191
11/05/2025	05:23:00	40.53916	141.55765	-4	0.0	3	1.4	190
11/05/2025	05:24:00	40.53927	141.55762	14	3.7	3	2.2	160
11/05/2025	05:25:02	40.53925	141.55798	-4	0.0	3	2.0	218
11/05/2025	05:26:02	40.53913	141.55768	44	0.0	3	2.0	222
11/05/2025	05:27:01	40.53925	141.55769	-22	0.0	3	2.1	188
11/05/2025	05:28:02	40.53917	141.55755	-14	0.0	3	2.0	187
11/05/2025	05:29:01	40.53927	141.55750	-12	3.7	3	2.0	189
11/05/2025	05:30:01	40.53929	141.55743	-46	0.0	3	2.0	218
11/05/2025	05:31:02	40.53918	141.55772	0	0.0	3	2.1	220
11/05/2025	05:32:01	40.53909	141.55752	-26	0.0	3	2.1	161
11/05/2025	05:33:01	40.53915	141.55776	2	0.0	3	2.1	197
11/05/2025	05:34:02	40.53920	141.55749	-94	0.0	3	2.1	161
11/05/2025	05:35:01	40.53915	141.55775	22	0.0	3	2.2	160
11/05/2025	05:36:01	40.53922	141.55789	32	0.0	3	2.2	160
11/05/2025	05:37:02	40.53918	141.55770	4	0.0	3	2.2	247
11/05/2025	05:38:01	40.53927	141.55767	0	0.0	3	2.2	165
11/05/2025	05:39:02	40.53921	141.55789	54	3.7	2	2.4	165
11/05/2025	05:40:02	40.53906	141.55780	32	0.0	3	2.3	223
11/05/2025	05:41:01	40.53913	141.55666	-200	7.4	3	2.4	169
11/05/2025	05:42:02	40.53914	141.55778	34	0.0	3	2.4	190
11/05/2025	05:43:02	40.53924	141.55773	28	0.0	2	7.0	191
11/05/2025	05:44:01	40.53911	141.55787	30	0.0	3	2.4	188
11/05/2025	05:45:02	40.53921	141.55775	16	0.0	3	3.0	185
11/05/2025	05:46:02	40.53924	141.55776	60	11.1	3	3.0	219
11/05/2025	05:47:02	40.53923	141.55757	-8	3.7	3	3.1	160
11/05/2025	05:48:02	40.53920	141.55779	20	0.0	3	3.1	196
11/05/2025	05:49:02	40.53920	141.55761	-2	0.0	3	3.1	156
11/05/2025	05:50:02	40.53915	141.55783	28	0.0	3	3.2	186
11/05/2025	05:51:01	40.53919	141.55799	70	0.0	2	3.3	147
11/05/2025	05:52:02	40.53928	141.55748	-16	0.0	3	3.3	179
11/05/2025	05:53:02	40.53934	141.55746	16	22.2	2	8.1	269
11/05/2025	05:54:02	40.53654	141.55541	40	22.2	2	8.2	259
11/05/2025	05:55:03	40.53567	141.55630	24	0.0	3	4.0	178
11/05/2025	05:56:02	40.53562	141.55614	0	7.4	3	4.1	188
11/05/2025	05:57:01	40.53566	141.55611	-14	0.0	3	4.1	161
11/05/2025	05:58:01	40.53531	141.55459	-50	18.5	2	9.1	204
11/05/2025	05:59:02	40.53228	141.54800	-216	51.9	2	9.2	223
11/05/2025	06:00:03	40.53091	141.54698	32	44.4	3	7.1	212
11/05/2025	06:01:02	40.52926	141.54420	8	0.0	3	7.3	202
11/05/2025	06:02:03	40.52944	141.54341	-102	0.0	3	8.0	161
11/05/2025	06:03:01	40.52951	141.54302	-160	0.0	3	8.3	160
11/05/2025	06:04:02	40.52929	141.54382	-32	0.0	3	9.0	169
11/05/2025	06:05:02	40.52930	141.54380	-42	0.0	3	9.3	195
11/05/2025	06:06:03	40.52918	141.54435	28	3.7	3	10.1	165
11/05/2025	06:07:03	40.52885	141.54545	206	3.7	3	10.4	163
11/05/2025	06:08:03	40.52926	141.54395	-14	0.0	3	11.3	197
11/05/2025	06:09:02	40.52929	141.54389	-16	0.0	3	12.3	167
11/05/2025	06:10:02	40.52908	141.54459	70	0.0	3	13.3	161
11/05/2025	06:11:05	40.52951	141.54320	-98	0.0	3	14.4	195
11/05/2025	06:12:04	40.52923	141.54407	2	0.0	3	16.0	190
11/05/2025	06:13:03	40.52931	141.54382	-26	0.0	3	17.3	159
11/05/2025	06:14:35	40.52918	141.54403	8	0.0	6	1.1	222
11/05/2025	06:15:00	40.52929	141.54389	-12	0.0	5	1.1	197
11/05/2025	06:16:00	40.52926	141.54402	14	0.0	5	1.3	193
11/05/2025	06:17:00	40.52913	141.54417	22	0.0	6	1.0	227
11/05/2025	06:18:00	40.52915	141.54413	20	0.0	4	1.1	218
11/05/2025	06:19:00	40.52909	141.54419	14	0.0	4	1.2	217
11/05/2025	06:20:00	40.52934	141.54394	44	0.0	4	1.2	223
11/05/2025	06:21:00	40.52917	141.54420	12	0.0	6	1.0	225
11/05/2025	06:22:00	40.52911	141.54406	2	0.0	5	1.2	224
11/05/2025	06:23:01	40.52924	141.54401	10	0.0	6	1.0	216
11/05/2025	06:24:00	40.52929	141.54400	12	0.0	5	1.0	224
11/05/2025	06:25:00	40.52912	141.54389	42	0.0	3	2.0	217
11/05/2025	06:26:00	40.52921	141.54406	10	0.0	3	1.4	210
11/05/2025	06:27:00	40.52922	141.54404	30	0.0	5	1.0	218
11/05/2025	06:28:00	40.52954	141.54450	-76	7.4	3	2.1	173
11/05/2025	06:29:00	40.52923	141.54385	-6	0.0	4	1.2	220
11/05/2025	06:30:00	40.52909	141.54406	28	0.0	4	1.2	213
11/05/2025	06:31:00	40.52908	141.54401	16	0.0	5	1.1	220
11/05/2025	06:32:00	40.52920	141.54410	16	0.0	5	1.1	220
11/05/2025	06:33:00	40.52836	141.54267	22	18.5	4	1.3	268
11/05/2025	06:34:01	40.53035	141.53951	28	22.2	5	1.2	211
11/05/2025	06:35:01	40.52822	141.53873	26	11.1	6	1.0	275
11/05/2025	06:36:00	40.52759	141.53929	10	0.0	3	2.3	156
11/05/2025	06:37:00	40.52742	141.53938	-16	0.0	5	1.1	190
11/05/2025	06:38:00	40.52747	141.53950	26	0.0	4	1.3	170
11/05/2025	06:39:00	40.52748	141.53920	-8	0.0	4	1.3	187
11/05/2025	06:40:00	40.52744	141.53932	2	0.0	4	1.3	183
11/05/2025	06:41:00	40.52744	141.53938	4	0.0	3	2.0	155
11/05/2025	06:42:00	40.52750	141.53911	12	0.0	4	1.3	196
11/05/2025	06:43:01	40.52748	141.53921	4	0.0	4	1.3	206
11/05/2025	06:44:00	40.52743	141.53941	22	0.0	4	1.3	165
11/05/2025	06:45:00	40.52743	141.53935	30	0.0	3	1.4	153
11/05/2025	06:46:01	40.52746	141.53930	20	0.0	5	1.1	248
11/05/2025	06:47:00	40.52752	141.53956	32	0.0	3	1.4	183
11/05/2025	06:48:00	40.52744	141.53915	-22	0.0	4	1.4	160
11/05/2025	06:49:00	40.52732	141.53918	-6	0.0	4	1.3	192
11/05/2025	06:50:00	40.52743	141.53934	26	0.0	4	1.4	224
11/05/2025	06:51:00	40.52746	141.53935	28	0.0	4	1.4	192
11/05/2025	06:52:01	40.52740	141.53943	14	0.0	5	1.1	196
11/05/2025	06:53:00	40.52748	141.53922	30	0.0	4	1.4	221
11/05/2025	06:54:00	40.52745	141.53934	20	7.4	4	1.4	196
11/05/2025	06:55:00	40.52739	141.53907	6	0.0	4	1.2	184
11/05/2025	06:56:00	40.52747	141.53906	10	0.0	4	1.4	218
11/05/2025	06:57:00	40.52744	141.53912	18	0.0	4	1.4	214
11/05/2025	06:58:00	40.52723	141.53913	-18	0.0	3	2.2	211
11/05/2025	06:59:01	40.52746	141.53907	8	0.0	5	1.1	211
11/05/2025	07:00:01	40.52732	141.53911	6	0.0	3	2.2	229
11/05/2025	07:01:00	40.52904	141.53861	66	18.5	3	2.0	258
11/05/2025	07:02:01	40.52831	141.53434	44	29.6	5	1.4	244
11/05/2025	07:03:00	40.52795	141.53136	26	25.9	4	2.0	205
11/05/2025	07:04:00	40.52865	141.53002	62	37.0	3	2.1	286
11/05/2025	07:05:00	40.52829	141.53419	34	22.2	4	2.1	180
11/05/2025	07:06:00	40.52933	141.53299	18	51.9	6	1.1	310
11/05/2025	07:07:01	40.52876	141.53512	54	29.6	5	6.3	267
11/05/2025	07:08:00	40.53099	141.53331	6	0.0	5	2.0	256
11/05/2025	07:09:00	40.53101	141.53375	52	0.0	3	2.3	279
11/05/2025	07:10:00	40.53086	141.53378	56	0.0	3	2.3	183
11/05/2025	07:11:00	40.53082	141.53368	2	0.0	3	2.3	191
11/05/2025	07:12:01	40.53088	141.53357	16	0.0	4	2.0	241
11/05/2025	07:13:01	40.53098	141.53350	20	0.0	3	2.3	175
11/05/2025	07:14:01	40.53096	141.53344	0	0.0	3	2.3	203
11/05/2025	07:15:00	40.53087	141.53372	18	0.0	3	2.3	177
11/05/2025	07:16:00	40.53099	141.53386	18	3.7	3	2.3	191
11/05/2025	07:17:00	40.53097	141.53358	16	0.0	4	2.0	240
11/05/2025	07:18:00	40.53089	141.53343	10	0.0	4	2.1	266
11/05/2025	07:19:00	40.53098	141.53349	20	0.0	3	2.3	285
11/05/2025	07:20:00	40.53089	141.53341	2	0.0	3	2.4	271
11/05/2025	07:21:00	40.53083	141.53350	6	0.0	3	2.4	268
11/05/2025	07:22:00	40.53025	141.53373	4	29.6	3	2.2	191
11/05/2025	07:23:01	40.52914	141.53410	28	18.5	3	2.2	180
11/05/2025	07:24:01	40.53124	141.54149	8	44.4	3	2.2	265
11/05/2025	07:25:01	40.52922	141.54243	28	22.2	3	2.2	179
11/05/2025	07:26:01	40.52947	141.53967	44	18.5	1	4.3	173
11/05/2025	07:27:02	40.52914	141.54001	16	51.9	4	2.1	269
11/05/2025	07:28:02	40.52915	141.54441	42	0.0	3	2.2	232
11/05/2025	07:29:01	40.52927	141.54406	10	0.0	3	2.2	235
11/05/2025	07:30:02	40.52922	141.54389	4	0.0	3	2.4	196
11/05/2025	07:31:01	40.52926	141.54413	20	0.0	3	2.3	226
11/05/2025	07:32:01	40.52916	141.54407	14	0.0	2	3.4	197
11/05/2025	07:33:01	40.52913	141.54395	2	0.0	2	4.0	198
11/05/2025	07:34:01	40.52927	141.54398	10	0.0	3	2.3	240
11/05/2025	07:35:01	40.52920	141.54431	52	0.0	3	2.3	240
11/05/2025	07:36:01	40.52921	141.54420	34	0.0	3	2.3	198
11/05/2025	07:37:01	40.52926	141.54406	12	0.0	3	2.3	177
11/05/2025	07:38:01	40.52912	141.54419	24	0.0	3	2.3	238
11/05/2025	07:39:01	40.52928	141.54412	10	0.0	3	2.3	259
11/05/2025	07:40:01	40.52754	141.54148	26	29.6	3	2.3	257
11/05/2025	07:41:00	40.52832	141.53734	36	22.2	3	2.3	206
11/05/2025	07:42:01	40.52869	141.53450	32	48.2	2	4.1	217
11/05/2025	07:43:01	40.52875	141.53161	28	37.0	3	2.3	231
11/05/2025	07:44:00	40.52781	141.53165	30	0.0	3	2.3	186
11/05/2025	07:45:00	40.52801	141.53159	2	0.0	3	2.3	245
11/05/2025	07:46:01	40.52780	141.53161	24	0.0	2	4.2	262
11/05/2025	07:47:01	40.52780	141.53162	34	0.0	2	4.2	205
11/05/2025	07:48:01	40.52779	141.53175	20	0.0	3	2.3	211
11/05/2025	07:49:01	40.52796	141.53160	6	0.0	3	2.2	270
11/05/2025	07:50:00	40.52773	141.53204	44	0.0	3	2.2	237
11/05/2025	07:51:01	40.52788	141.53180	16	0.0	3	2.2	242
11/05/2025	07:52:01	40.52790	141.53174	30	0.0	3	2.2	236
11/05/2025	07:53:00	40.52779	141.53151	16	0.0	3	2.2	214
11/05/2025	07:54:02	40.52781	141.53183	34	0.0	3	2.2	227
11/05/2025	07:55:01	40.52792	141.53147	4	0.0	3	2.2	239
11/05/2025	07:56:00	40.52783	141.53191	50	0.0	3	2.2	206
11/05/2025	07:57:01	40.52787	141.53168	18	0.0	3	2.2	241
11/05/2025	07:58:00	40.52799	141.53156	6	0.0	3	2.2	238
11/05/2025	07:59:01	40.52787	141.53152	16	0.0	3	2.2	236
11/05/2025	08:00:00	40.52789	141.53186	38	0.0	3	2.4	239
11/05/2025	08:01:00	40.52782	141.53193	40	0.0	3	2.4	213
11/05/2025	08:02:00	40.52787	141.53176	24	0.0	3	2.4	240
11/05/2025	08:09:31	40.52947	141.53506	18	37.0	4	1.3	262
11/05/2025	08:10:01	40.53097	141.53626	50	37.0	3	15.0	237
11/05/2025	08:11:02	40.52961	141.54046	22	63.0	4	1.3	279
11/05/2025	08:12:00	40.53002	141.54193	24	29.6	3	1.4	216
11/05/2025	08:13:01	40.53321	141.54841	16	55.6	4	1.3	252
11/05/2025	08:14:01	40.53176	141.54773	30	25.9	4	1.3	242
11/05/2025	08:15:01	40.53204	141.54911	22	33.3	4	1.3	244
11/05/2025	08:16:01	40.53387	141.55409	30	7.4	4	1.3	246
11/05/2025	08:17:00	40.53570	141.55617	24	0.0	4	1.3	213
11/05/2025	08:18:00	40.53557	141.55624	-2	0.0	4	1.3	249
11/05/2025	08:19:00	40.53544	141.55620	-24	0.0	3	1.4	225
11/05/2025	08:20:00	40.53568	141.55628	26	0.0	4	1.3	254
11/05/2025	08:21:00	40.53572	141.55622	14	0.0	4	1.3	223
11/05/2025	08:22:02	40.53563	141.55620	14	0.0	4	1.3	253
11/05/2025	08:23:00	40.53557	141.55618	-2	0.0	4	1.3	251
11/05/2025	08:24:02	40.53955	141.55743	16	7.4	4	1.3	247
11/05/2025	08:25:01	40.53937	141.55799	6	0.0	3	5.2	250
11/05/2025	08:26:02	40.53942	141.55794	34	0.0	3	5.1	257
11/05/2025	08:27:02	40.53899	141.55758	4	0.0	3	5.0	225
11/05/2025	08:28:01	40.53943	141.55796	24	0.0	3	4.4	226
11/05/2025	08:29:01	40.53904	141.55759	14	0.0	3	4.3	224
11/05/2025	08:30:02	40.53932	141.55785	2	0.0	3	4.2	224
11/05/2025	08:31:02	40.53930	141.55753	2	0.0	2	5.0	216
11/05/2025	08:32:02	40.53910	141.55762	16	0.0	3	4.0	223
11/05/2025	08:33:02	40.53927	141.55776	16	0.0	3	3.4	226
11/05/2025	08:34:02	40.53908	141.55760	6	0.0	3	3.4	225
11/05/2025	08:35:01	40.53921	141.55775	14	0.0	3	3.3	222
11/05/2025	08:36:01	40.53936	141.55778	26	0.0	3	3.3	188
11/05/2025	08:37:02	40.53919	141.55772	24	0.0	3	3.2	258
11/05/2025	08:38:02	40.53919	141.55771	18	0.0	3	3.2	259
11/05/2025	08:39:01	40.53915	141.55764	2	0.0	3	3.1	221
11/05/2025	08:40:02	40.53902	141.55765	-0	0.0	3	3.1	225
11/05/2025	08:41:01	40.53917	141.55756	26	0.0	3	3.0	223
11/05/2025	08:42:01	40.53915	141.55768	0	0.0	3	3.0	223
11/05/2025	08:43:03	40.53929	141.55790	-16	0.0	3	2.4	224
11/05/2025	08:44:01	40.53933	141.55788	22	0.0	3	2.4	224
11/05/2025	08:45:01	40.53922	141.55767	40	0.0	3	2.4	223
11/05/2025	08:46:01	40.53942	141.55796	-6	0.0	3	2.3	225
11/05/2025	08:47:01	40.53927	141.55768	-2	3.7	3	2.3	225
11/05/2025	08:48:01	40.53892	141.55751	10	0.0	3	2.3	190
11/05/2025	08:49:01	40.53905	141.55764	14	0.0	3	2.3	222
11/05/2025	08:50:01	40.53914	141.55778	-8	0.0	3	2.2	221
11/05/2025	08:51:01	40.53946	141.55783	24	0.0	3	2.2	221
11/05/2025	08:52:01	40.53897	141.55755	40	0.0	3	2.2	222
11/05/2025	08:53:01	40.53919	141.55772	12	0.0	3	2.2	222
11/05/2025	08:54:01	40.53920	141.55765	30	0.0	3	2.2	193
11/05/2025	08:55:01	40.53923	141.55768	44	0.0	3	2.1	224
11/05/2025	08:56:01	40.53912	141.55771	32	0.0	3	2.1	225
11/05/2025	08:57:02	40.53919	141.55784	-12	0.0	3	2.1	225
11/05/2025	08:58:01	40.53925	141.55764	12	0.0	3	2.1	223
11/05/2025	08:59:02	40.53913	141.55765	2	0.0	3	2.1	228
11/05/2025	09:00:01	40.53903	141.55765	20	0.0	3	2.1	223
11/05/2025	09:01:01	40.53915	141.55765	4	0.0	3	2.1	220
11/05/2025	09:02:02	40.53916	141.55763	4	0.0	3	2.0	256
11/05/2025	09:03:01	40.53914	141.55757	36	0.0	3	2.0	224
11/05/2025	09:04:01	40.53917	141.55773	18	0.0	3	2.0	223
11/05/2025	09:05:02	40.53932	141.55777	30	0.0	3	2.0	256
11/05/2025	09:06:02	40.53918	141.55769	24	0.0	3	2.0	224
11/05/2025	09:07:02	40.53922	141.55770	18	0.0	3	2.0	226
11/05/2025	09:08:01	40.53917	141.55769	10	0.0	3	2.0	224
11/05/2025	09:09:02	40.53920	141.55777	0	0.0	3	2.0	253
11/05/2025	09:10:01	40.53914	141.55767	26	0.0	3	2.0	220
11/05/2025	09:11:01	40.53923	141.55768	42	0.0	3	2.0	220
11/05/2025	09:12:02	40.53919	141.55766	28	0.0	3	2.0	222
11/05/2025	09:13:01	40.53921	141.55772	-2	0.0	3	1.4	254
11/05/2025	09:14:01	40.53915	141.55768	30	0.0	3	1.4	223
11/05/2025	09:15:02	40.53922	141.55768	26	0.0	3	1.4	221
11/05/2025	09:16:02	40.53910	141.55766	18	0.0	3	1.4	222
11/05/2025	09:17:02	40.53927	141.55771	16	0.0	3	1.4	251
11/05/2025	09:18:02	40.53906	141.55761	48	0.0	3	1.4	250
11/05/2025	09:19:03	40.53906	141.55769	12	0.0	3	1.4	215
11/05/2025	09:20:03	40.53921	141.55772	30	0.0	3	1.4	249
11/05/2025	09:21:02	40.53916	141.55769	28	0.0	2	2.0	217
11/05/2025	09:22:02	40.53914	141.55765	8	0.0	3	1.4	249
11/05/2025	09:23:03	40.53917	141.55775	6	0.0	2	1.4	209
11/05/2025	09:24:02	40.53917	141.55773	4	0.0	2	1.4	210
11/05/2025	09:25:02	40.53921	141.55774	8	0.0	2	1.4	212
11/05/2025	09:26:02	40.53922	141.55775	8	0.0	2	1.4	243
11/05/2025	09:27:02	40.53914	141.55773	6	0.0	2	1.4	244
11/05/2025	09:28:02	40.53907	141.55770	2	0.0	2	1.4	223
11/05/2025	09:29:06	40.53916	141.55771	20	0.0	3	1.4	238
11/05/2025	09:30:02	40.53921	141.55772	24	0.0	2	1.4	207
11/05/2025	09:31:02	40.53914	141.55767	26	0.0	2	1.3	189
11/05/2025	09:32:02	40.53918	141.55768	34	0.0	2	1.3	209
11/05/2025	09:33:02	40.53919	141.55764	36	0.0	2	1.3	191
11/05/2025	09:34:02	40.53918	141.55768	34	0.0	2	1.3	209
11/05/2025	09:35:02	40.53918	141.55764	36	0.0	2	1.3	208
11/05/2025	09:36:02	40.53917	141.55761	32	0.0	2	1.3	186
11/05/2025	09:37:02	40.53918	141.55765	32	0.0	2	1.3	162
11/05/2025	09:38:02	40.53918	141.55767	28	0.0	2	1.3	187
11/05/2025	09:39:02	40.53921	141.55763	30	0.0	2	1.3	189
11/05/2025	09:40:02	40.53923	141.55770	30	0.0	2	1.3	163
11/05/2025	09:41:01	40.53928	141.55767	32	0.0	2	1.3	183
11/05/2025	09:42:02	40.53916	141.55767	28	0.0	2	1.3	181
11/05/2025	09:43:02	40.53919	141.55767	28	0.0	2	1.3	165
11/05/2025	09:44:02	40.53919	141.55769	26	0.0	2	1.3	180
11/05/2025	09:45:02	40.53916	141.55766	30	0.0	2	1.3	214
11/05/2025	09:46:02	40.53921	141.55772	30	0.0	2	1.2	197
11/05/2025	09:47:02	40.53911	141.55766	38	0.0	2	1.2	163
11/05/2025	09:48:02	40.53919	141.55766	42	0.0	2	1.2	229
11/05/2025	09:49:02	40.53920	141.55765	44	0.0	2	1.2	194
11/05/2025	09:50:02	40.53920	141.55766	48	0.0	2	1.2	192
11/05/2025	09:51:02	40.53917	141.55757	48	0.0	2	1.2	194
11/05/2025	09:52:02	40.53918	141.55765	50	0.0	2	1.2	196
11/05/2025	09:53:02	40.53913	141.55765	56	0.0	2	1.2	196
11/05/2025	09:54:03	40.53916	141.55759	58	0.0	2	1.2	163
11/05/2025	09:55:35	40.53918	141.55771	14	0.0	6	1.1	253
11/05/2025	09:56:00	40.53917	141.55761	-2	0.0	5	1.2	222
11/05/2025	09:57:00	40.53916	141.55779	40	0.0	5	1.2	224
11/05/2025	09:58:00	40.53912	141.55779	10	0.0	4	2.0	222
11/05/2025	09:59:00	40.53925	141.55761	4	0.0	6	1.1	222
11/05/2025	10:00:00	40.53926	141.55777	2	0.0	4	2.1	190
11/05/2025	10:01:00	40.53909	141.55766	28	0.0	4	2.0	223
11/05/2025	10:02:01	40.53913	141.55772	30	0.0	6	1.1	220
11/05/2025	10:03:00	40.53932	141.55762	16	0.0	4	1.3	192
11/05/2025	10:04:00	40.53925	141.55767	14	0.0	6	1.1	226
11/05/2025	10:05:00	40.53913	141.55770	32	0.0	5	1.2	222
11/05/2025	10:06:00	40.53912	141.55774	8	0.0	5	1.2	219
11/05/2025	10:07:00	40.53914	141.55764	26	0.0	4	1.1	156
11/05/2025	10:08:00	40.53920	141.55772	-6	0.0	5	1.2	221
11/05/2025	10:09:00	40.53939	141.55761	-22	0.0	5	1.2	190
11/05/2025	10:10:00	40.53908	141.55772	22	0.0	5	1.2	222
11/05/2025	10:11:00	40.53926	141.55767	-0	0.0	4	1.2	189
11/05/2025	10:12:00	40.53915	141.55778	26	0.0	5	1.2	219
11/05/2025	10:13:01	40.53923	141.55770	2	0.0	6	1.0	221
11/05/2025	10:14:00	40.53919	141.55771	-16	0.0	4	1.2	192
11/05/2025	10:15:00	40.53914	141.55772	2	0.0	4	1.3	223
11/05/2025	10:16:00	40.53905	141.55774	22	0.0	4	1.3	220
11/05/2025	10:17:00	40.53922	141.55772	8	0.0	4	1.3	221
11/05/2025	10:18:00	40.53931	141.55779	-4	0.0	4	1.3	221
11/05/2025	10:19:00	40.53915	141.55774	4	0.0	4	1.2	218
11/05/2025	10:20:00	40.53919	141.55776	26	0.0	4	1.2	246
11/05/2025	10:21:01	40.53905	141.55774	6	0.0	6	1.2	246
11/05/2025	10:22:00	40.53923	141.55768	54	0.0	4	1.2	225
11/05/2025	10:23:00	40.53898	141.55771	12	0.0	4	1.2	218
11/05/2025	10:24:00	40.53926	141.55766	10	0.0	4	2.0	218
11/05/2025	10:25:00	40.53900	141.55757	68	0.0	3	2.1	210
11/05/2025	10:26:00	40.53913	141.55769	28	0.0	3	1.3	158
11/05/2025	10:27:01	40.53915	141.55774	16	0.0	4	1.2	239
11/05/2025	10:28:00	40.53918	141.55767	14	0.0	3	2.1	214
11/05/2025	10:29:00	40.53911	141.55762	44	0.0	3	2.1	241
11/05/2025	10:30:00	40.53915	141.55758	14	0.0	3	2.1	186
11/05/2025	10:31:00	40.53923	141.55774	6	0.0	4	1.2	189
11/05/2025	10:32:00	40.53931	141.55771	-32	0.0	4	1.4	192
11/05/2025	10:33:01	40.53919	141.55771	28	0.0	4	1.2	240
11/05/2025	10:34:00	40.53921	141.55767	2	0.0	4	1.2	192
11/05/2025	10:35:00	40.53920	141.55767	18	0.0	4	1.2	216
11/05/2025	10:36:00	40.53920	141.55773	22	0.0	4	1.2	191
11/05/2025	10:37:00	40.53923	141.55766	-26	0.0	3	2.0	163
11/05/2025	10:38:00	40.53927	141.55770	28	0.0	4	1.2	195
11/05/2025	10:39:00	40.53907	141.55774	50	0.0	3	2.0	187
11/05/2025	10:40:00	40.53912	141.55776	32	0.0	3	1.4	160
11/05/2025	10:41:00	40.53912	141.55771	12	0.0	4	1.2	220
11/05/2025	10:42:01	40.53920	141.55770	24	0.0	4	1.2	235
11/05/2025	10:43:00	40.53916	141.55777	34	0.0	4	1.2	192
11/05/2025	10:44:00	40.53929	141.55781	12	0.0	4	1.2	164
11/05/2025	10:45:00	40.53915	141.55770	14	0.0	4	1.2	189
11/05/2025	10:46:00	40.53918	141.55773	16	0.0	4	1.2	160
11/05/2025	10:47:00	40.53922	141.55769	-6	0.0	4	1.2	191
11/05/2025	10:48:01	40.53916	141.55780	34	0.0	4	1.2	216
11/05/2025	10:49:00	40.53902	141.55758	36	0.0	3	2.0	192
11/05/2025	10:50:00	40.53912	141.55763	26	0.0	3	2.0	188
11/05/2025	10:51:00	40.53914	141.55767	26	0.0	3	2.0	209
11/05/2025	10:52:00	40.53919	141.55778	-2	0.0	3	2.0	157
11/05/2025	10:53:00	40.53918	141.55778	28	0.0	3	2.0	131
11/05/2025	10:54:00	40.53920	141.55775	4	3.7	3	2.0	155
11/05/2025	10:55:00	40.53918	141.55772	6	0.0	3	2.0	160
11/05/2025	10:56:01	40.53911	141.55769	32	0.0	3	2.0	224
11/05/2025	10:57:00	40.53929	141.55769	-14	0.0	3	2.0	136
11/05/2025	10:58:00	40.53910	141.55768	2	0.0	3	2.0	158
11/05/2025	10:59:00	40.53924	141.55766	-8	0.0	3	2.0	166
11/05/2025	11:00:01	40.53906	141.55766	34	0.0	3	3.3	219
11/05/2025	11:01:01	40.53917	141.55770	10	0.0	3	3.3	188
11/05/2025	11:02:02	40.53924	141.55769	-14	0.0	3	3.3	185
11/05/2025	11:03:01	40.53940	141.55776	-24	0.0	3	3.2	135
11/05/2025	11:04:02	40.53908	141.55768	46	0.0	3	3.2	187
11/05/2025	11:05:02	40.53913	141.55771	16	0.0	3	3.2	185
11/05/2025	11:06:02	40.53917	141.55765	14	0.0	3	3.1	184
11/05/2025	11:07:02	40.53918	141.55772	16	0.0	3	3.1	183
11/05/2025	11:08:02	40.53916	141.55772	18	0.0	3	3.1	182
11/05/2025	11:09:02	40.53915	141.55771	22	0.0	3	3.1	204
11/05/2025	11:10:02	40.53919	141.55770	12	0.0	3	3.0	202
11/05/2025	11:11:02	40.53924	141.55780	22	0.0	3	3.0	204
11/05/2025	11:12:02	40.53913	141.55778	38	0.0	3	3.0	181
11/05/2025	11:13:02	40.53922	141.55779	16	0.0	3	3.0	164
11/05/2025	11:14:02	40.53915	141.55771	22	0.0	3	3.0	187
11/05/2025	11:15:02	40.53920	141.55767	0	0.0	3	3.0	170
11/05/2025	11:16:01	40.53914	141.55760	4	0.0	3	3.0	166
11/05/2025	11:17:02	40.53916	141.55775	40	0.0	3	3.0	189
11/05/2025	11:18:00	40.53924	141.55769	12	0.0	3	2.4	161
11/05/2025	11:19:01	40.53914	141.55759	4	0.0	3	2.4	186
11/05/2025	11:20:01	40.53921	141.55789	16	0.0	3	2.4	159
11/05/2025	11:21:01	40.53909	141.55771	20	0.0	3	2.4	159
11/05/2025	11:22:01	40.53917	141.55768	-0	0.0	3	2.4	160
11/05/2025	11:23:02	40.53911	141.55773	38	0.0	3	2.4	190
11/05/2025	11:24:01	40.53922	141.55771	42	0.0	3	2.4	164
11/05/2025	11:25:02	40.53913	141.55769	30	0.0	3	2.4	223
11/05/2025	11:26:01	40.53915	141.55775	12	0.0	3	2.4	196
11/05/2025	11:27:02	40.53935	141.55770	-24	0.0	3	2.4	224
11/05/2025	11:28:03	40.53923	141.55769	-8	0.0	3	2.4	227
11/05/2025	11:29:02	40.53915	141.55768	32	0.0	3	2.4	188
11/05/2025	11:30:03	40.53903	141.55765	42	0.0	3	2.4	223
11/05/2025	11:31:03	40.53918	141.55771	20	0.0	3	2.4	188
11/05/2025	11:32:02	40.53924	141.55778	22	0.0	2	2.4	187
11/05/2025	11:33:04	40.53918	141.55774	8	0.0	3	2.4	222
11/05/2025	11:34:02	40.53917	141.55765	12	0.0	3	2.4	222
11/05/2025	11:35:03	40.53916	141.55770	30	0.0	3	2.4	191
11/05/2025	11:36:03	40.53916	141.55775	4	0.0	3	2.4	223
11/05/2025	11:37:04	40.53918	141.55765	-4	0.0	3	2.4	223
11/05/2025	11:38:03	40.53922	141.55778	-0	0.0	2	2.3	185
11/05/2025	11:39:06	40.53916	141.55767	12	0.0	3	2.4	254
11/05/2025	11:40:02	40.53921	141.55779	2	0.0	3	2.4	189
11/05/2025	11:41:03	40.53916	141.55762	-2	0.0	3	3.0	190
11/05/2025	11:42:02	40.53912	141.55767	28	0.0	3	3.0	224
11/05/2025	11:43:03	40.53921	141.55772	4	0.0	3	3.0	227
11/05/2025	11:44:03	40.53928	141.55787	26	0.0	3	3.0	190
11/05/2025	11:45:03	40.53924	141.55789	34	0.0	3	3.0	255
11/05/2025	11:46:03	40.53921	141.55767	-0	0.0	3	3.0	185
11/05/2025	11:47:03	40.53916	141.55766	-0	0.0	2	2.3	219
11/05/2025	11:48:04	40.53914	141.55766	14	0.0	3	3.0	221
11/05/2025	11:49:02	40.53930	141.55788	12	0.0	3	3.0	223
11/05/2025	11:50:04	40.53922	141.55771	-4	0.0	3	3.0	219
11/05/2025	11:51:05	40.53917	141.55764	8	0.0	3	3.0	183
11/05/2025	11:52:05	40.53919	141.55780	30	3.7	3	3.0	184
11/05/2025	11:53:04	40.53920	141.55770	8	0.0	3	3.1	218
11/05/2025	11:54:05	40.53919	141.55770	4	0.0	3	3.1	249
11/05/2025	11:55:05	40.53917	141.55787	34	0.0	3	3.1	183
11/05/2025	11:56:05	40.53914	141.55781	34	0.0	2	2.3	213
11/05/2025	11:57:06	40.53916	141.55778	28	0.0	2	2.3	216
11/05/2025	11:58:23	40.53922	141.55780	18	0.0	3	3.1	267
11/05/2025	11:59:08	40.53919	141.55775	20	0.0	2	2.3	244
11/05/2025	12:00:35	40.53917	141.55771	8	0.0	6	1.0	282
11/05/2025	12:01:00	40.53927	141.55766	-2	0.0	6	1.0	227
11/05/2025	12:02:00	40.53919	141.55767	-0	0.0	6	1.0	233
11/05/2025	12:03:00	40.53908	141.55765	8	0.0	6	1.0	232
11/05/2025	12:04:00	40.53922	141.55771	26	0.0	6	1.0	231
11/05/2025	12:05:00	40.53923	141.55776	30	0.0	6	1.1	230
11/05/2025	12:06:00	40.53920	141.55768	22	0.0	6	1.0	258
11/05/2025	12:07:01	40.53918	141.55771	-0	0.0	6	1.0	231
11/05/2025	12:08:01	40.53922	141.55771	8	0.0	4	2.0	194
11/05/2025	12:09:01	40.53913	141.55780	22	0.0	3	2.0	221
11/05/2025	12:10:01	40.53917	141.55763	2	0.0	6	1.1	228
11/05/2025	12:11:01	40.53916	141.55761	22	0.0	6	1.0	228
11/05/2025	12:12:01	40.53914	141.55770	20	0.0	5	1.0	228
11/05/2025	12:13:01	40.53918	141.55771	22	0.0	5	1.1	225
11/05/2025	12:14:01	40.53915	141.55773	34	0.0	5	1.1	220
11/05/2025	12:15:01	40.53921	141.55763	-10	0.0	5	1.0	225
11/05/2025	12:16:01	40.53925	141.55781	-42	0.0	5	1.1	226
11/05/2025	12:17:01	40.53921	141.55768	2	0.0	4	1.1	223
11/05/2025	12:18:01	40.53923	141.55774	30	0.0	4	1.1	193
11/05/2025	12:19:01	40.53914	141.55756	-14	0.0	4	1.1	224
11/05/2025	12:20:01	40.53912	141.55774	14	0.0	5	1.1	254
11/05/2025	12:21:01	40.53925	141.55760	-6	0.0	3	2.1	190
11/05/2025	12:22:01	40.53915	141.55773	14	0.0	4	1.3	219
11/05/2025	12:23:01	40.53910	141.55775	22	0.0	3	2.2	212
11/05/2025	12:24:01	40.53913	141.55774	16	0.0	5	1.1	228
11/05/2025	12:25:01	40.53919	141.55774	28	0.0	5	1.1	251
11/05/2025	12:26:01	40.53916	141.55781	20	0.0	6	1.0	228
11/05/2025	12:27:01	40.53909	141.55774	16	0.0	4	1.2	223
11/05/2025	12:28:01	40.53908	141.55769	26	0.0	3	1.1	192
11/05/2025	12:29:01	40.53914	141.55775	16	0.0	5	1.1	260
11/05/2025	12:30:01	40.53906	141.55777	32	0.0	4	1.4	225
11/05/2025	12:31:01	40.53923	141.55771	-0	0.0	4	1.3	195
11/05/2025	12:32:01	40.53931	141.55764	-10	0.0	4	1.1	216
11/05/2025	12:33:01	40.53927	141.55766	6	0.0	3	1.3	226
11/05/2025	12:34:01	40.53925	141.55767	12	0.0	5	1.1	224
11/05/2025	12:35:01	40.53922	141.55776	6	0.0	4	1.4	219
11/05/2025	12:36:01	40.53913	141.55765	-2	0.0	5	1.1	251
11/05/2025	12:37:01	40.53904	141.55768	12	0.0	5	1.1	226
11/05/2025	12:38:01	40.53914	141.55777	6	0.0	5	1.2	244
11/05/2025	12:39:01	40.53918	141.55777	24	0.0	4	1.3	222
11/05/2025	12:40:01	40.53925	141.55747	0	0.0	5	1.1	221
11/05/2025	12:41:01	40.53916	141.55775	28	0.0	5	1.1	220
11/05/2025	12:42:01	40.53922	141.55764	-2	0.0	5	1.2	225
11/05/2025	12:43:01	40.53906	141.55787	26	0.0	4	1.3	221
11/05/2025	12:44:01	40.53915	141.55777	8	0.0	4	2.2	224
11/05/2025	12:45:01	40.53927	141.55769	-2	0.0	4	1.3	223
11/05/2025	12:46:01	40.53920	141.55766	30	0.0	5	1.2	225
11/05/2025	12:47:01	40.53912	141.55770	2	0.0	4	1.3	247
11/05/2025	12:48:02	40.53920	141.55773	10	0.0	5	1.2	275
11/05/2025	12:49:01	40.53915	141.55773	10	0.0	4	1.4	249
11/05/2025	12:50:01	40.53914	141.55772	10	0.0	5	1.2	269
11/05/2025	12:51:01	40.53914	141.55772	20	0.0	5	1.2	269
11/05/2025	12:52:01	40.53916	141.55770	12	0.0	5	1.2	251
11/05/2025	12:53:00	40.53904	141.55777	54	0.0	4	1.4	226
11/05/2025	12:54:01	40.53921	141.55768	4	0.0	5	1.2	270
11/05/2025	12:55:01	40.53901	141.55777	28	0.0	5	1.4	252
11/05/2025	12:56:00	40.53920	141.55789	8	0.0	4	2.4	216
11/05/2025	12:57:00	40.53913	141.55777	20	0.0	4	2.0	199
11/05/2025	12:58:00	40.53938	141.55757	4	0.0	4	1.4	221
11/05/2025	12:59:01	40.53922	141.55771	4	0.0	4	2.0	270
11/05/2025	13:00:00	40.53875	141.55800	48	0.0	3	2.3	224
11/05/2025	13:01:01	40.53924	141.55769	12	0.0	4	2.0	250
11/05/2025	13:02:00	40.53929	141.55737	20	0.0	3	2.4	222
11/05/2025	13:03:01	40.53920	141.55772	4	0.0	4	2.0	246
11/05/2025	13:04:01	40.53911	141.55770	18	0.0	4	2.0	245
11/05/2025	13:05:01	40.53920	141.55773	8	0.0	4	2.0	250
11/05/2025	13:06:01	40.53916	141.55768	16	0.0	4	2.0	250
11/05/2025	13:07:01	40.53922	141.55772	10	0.0	4	2.0	251
11/05/2025	13:08:02	40.53920	141.55767	6	0.0	4	2.0	245
11/05/2025	13:09:02	40.53914	141.55769	20	0.0	4	2.1	246
11/05/2025	13:10:01	40.53931	141.55761	-4	0.0	4	2.1	244
11/05/2025	13:11:01	40.53924	141.55766	10	0.0	4	2.1	249
11/05/2025	13:12:01	40.53953	141.55764	-36	0.0	4	2.1	247
11/05/2025	13:13:02	40.53908	141.55775	18	0.0	4	2.1	267
11/05/2025	13:14:01	40.53911	141.55770	24	0.0	4	2.1	243
11/05/2025	13:15:02	40.53905	141.55771	26	0.0	4	2.1	262
11/05/2025	13:16:02	40.53927	141.55770	0	0.0	4	2.1	259
11/05/2025	13:17:02	40.53916	141.55772	24	0.0	4	2.1	258
11/05/2025	13:18:02	40.53911	141.55775	26	0.0	4	2.1	261
11/05/2025	13:19:03	40.53910	141.55772	18	0.0	5	1.4	260
11/05/2025	13:20:02	40.53915	141.55765	18	0.0	4	2.1	255
11/05/2025	13:21:03	40.53908	141.55773	26	0.0	4	2.2	257
11/05/2025	13:22:03	40.53918	141.55771	12	0.0	4	2.2	258
11/05/2025	13:23:03	40.53920	141.55769	8	0.0	4	2.2	259
11/05/2025	13:24:03	40.53923	141.55767	8	0.0	3	3.0	260
11/05/2025	13:25:02	40.53914	141.55766	22	0.0	3	3.0	237
11/05/2025	13:26:03	40.53926	141.55767	4	0.0	3	3.0	232
11/05/2025	13:27:03	40.53901	141.55772	34	0.0	3	3.0	219
11/05/2025	13:28:03	40.53918	141.55768	14	0.0	3	3.0	237
11/05/2025	13:29:03	40.53927	141.55768	6	0.0	3	3.0	221
11/05/2025	13:30:02	40.53898	141.55772	30	0.0	3	3.0	219
11/05/2025	13:31:03	40.53920	141.55772	10	0.0	3	3.0	219
11/05/2025	13:32:02	40.53948	141.55770	-4	0.0	3	3.4	224
11/05/2025	13:33:02	40.53921	141.55769	8	0.0	3	2.4	223
11/05/2025	13:34:02	40.53914	141.55774	10	0.0	3	2.4	222
11/05/2025	13:35:03	40.53920	141.55769	8	0.0	3	2.4	221
11/05/2025	13:36:03	40.53913	141.55772	18	0.0	3	2.4	218
11/05/2025	13:37:03	40.53904	141.55776	16	0.0	3	3.3	221
11/05/2025	13:38:03	40.53913	141.55768	12	0.0	3	3.2	225
11/05/2025	13:39:03	40.53915	141.55767	22	0.0	3	3.2	226
11/05/2025	13:40:03	40.53915	141.55778	42	0.0	2	5.0	223
11/05/2025	13:41:03	40.53916	141.55770	10	0.0	2	5.0	225
11/05/2025	13:42:03	40.53906	141.55772	34	0.0	3	3.1	226
11/05/2025	13:43:03	40.53922	141.55774	16	0.0	2	5.0	224
11/05/2025	13:44:03	40.53921	141.55767	10	0.0	2	5.0	227
11/05/2025	13:45:03	40.53926	141.55770	14	0.0	2	5.0	227
11/05/2025	13:46:03	40.53932	141.55747	-58	0.0	2	5.0	246
11/05/2025	13:47:03	40.53918	141.55765	0	0.0	2	5.0	248
11/05/2025	13:48:03	40.53913	141.55777	48	0.0	2	5.0	225
11/05/2025	13:49:03	40.53908	141.55782	40	0.0	2	5.0	226
11/05/2025	13:50:03	40.53911	141.55779	40	0.0	2	2.4	249
11/05/2025	13:51:03	40.53932	141.55748	-58	0.0	2	5.0	248
11/05/2025	13:52:03	40.53914	141.55778	42	0.0	2	5.0	203
11/05/2025	13:53:03	40.53936	141.55748	-52	0.0	2	5.0	248
11/05/2025	13:54:03	40.53906	141.55793	64	0.0	2	5.0	223
11/05/2025	13:55:03	40.53914	141.55777	30	0.0	2	5.0	246
11/05/2025	13:56:03	40.53907	141.55789	80	0.0	2	5.0	229
11/05/2025	13:57:03	40.53910	141.55789	38	0.0	2	5.0	244
11/05/2025	13:58:03	40.53902	141.55787	70	0.0	2	5.0	248
11/05/2025	13:59:03	40.53916	141.55772	26	0.0	2	5.0	250
11/05/2025	14:00:04	40.53919	141.55772	28	0.0	2	2.2	247
11/05/2025	14:01:02	40.53917	141.55777	30	0.0	2	2.2	232
11/05/2025	14:02:03	40.53911	141.55776	32	0.0	2	2.2	232
11/05/2025	14:03:30	40.53917	141.55772	16	0.0	5	1.2	244
11/05/2025	14:04:01	40.53910	141.55764	-16	0.0	5	1.2	228
11/05/2025	14:05:00	40.53919	141.55776	10	0.0	5	1.2	231
11/05/2025	14:06:00	40.53924	141.55766	22	0.0	5	1.2	234
11/05/2025	14:07:00	40.53917	141.55773	6	3.7	4	1.3	230
11/05/2025	14:08:00	40.53906	141.55754	-12	0.0	3	1.4	198
11/05/2025	14:09:00	40.53919	141.55782	84	0.0	5	1.2	257
11/05/2025	14:10:01	40.53918	141.55765	-14	0.0	5	1.2	260
11/05/2025	14:11:00	40.53935	141.55754	26	3.7	4	1.3	254
11/05/2025	14:12:01	40.53924	141.55772	18	0.0	5	1.2	233
11/05/2025	14:13:01	40.53916	141.55768	-14	0.0	5	1.2	250
11/05/2025	14:14:01	40.53919	141.55768	-0	0.0	5	1.2	263
11/05/2025	14:15:01	40.53918	141.55763	-10	0.0	5	1.2	258
11/05/2025	14:16:01	40.53927	141.55770	6	0.0	5	1.2	257
11/05/2025	14:17:00	40.53919	141.55776	64	0.0	3	2.0	227
11/05/2025	14:18:00	40.53924	141.55770	48	0.0	4	1.3	196
11/05/2025	14:19:01	40.53921	141.55771	6	0.0	4	1.2	224
11/05/2025	14:20:01	40.53915	141.55768	56	0.0	5	1.2	263
11/05/2025	14:21:01	40.53922	141.55771	-2	0.0	4	1.3	196
11/05/2025	14:22:01	40.53915	141.55774	22	0.0	4	1.2	168
11/05/2025	14:23:01	40.53928	141.55760	-34	0.0	4	2.3	226
11/05/2025	14:24:01	40.53920	141.55772	6	0.0	4	1.2	253
11/05/2025	14:25:01	40.53925	141.55761	-4	0.0	5	1.2	227
11/05/2025	14:26:01	40.53931	141.55769	-14	0.0	4	1.2	242
11/05/2025	14:27:01	40.53915	141.55775	-2	0.0	4	1.2	222
11/05/2025	14:28:01	40.53912	141.55771	-0	0.0	4	1.3	253
11/05/2025	14:29:01	40.53926	141.55769	-6	0.0	4	1.2	248
11/05/2025	14:30:01	40.53925	141.55769	40	0.0	4	1.2	218
11/05/2025	14:31:01	40.53908	141.55763	-8	0.0	3	1.4	242
11/05/2025	14:32:02	40.53911	141.55772	-16	0.0	3	1.4	244
11/05/2025	14:33:01	40.53907	141.55776	10	0.0	3	1.3	220
11/05/2025	14:34:00	40.53913	141.55768	-30	0.0	3	1.3	219
11/05/2025	14:35:01	40.53911	141.55770	28	0.0	4	1.2	160
11/05/2025	14:36:02	40.53917	141.55772	-16	0.0	4	1.2	249
11/05/2025	14:37:01	40.53916	141.55774	-50	3.7	3	1.4	251
11/05/2025	14:38:01	40.53913	141.55766	34	0.0	4	1.3	163
11/05/2025	14:39:01	40.53936	141.55775	-16	0.0	4	1.3	257
11/05/2025	14:40:01	40.53908	141.55771	-44	0.0	3	1.4	243
11/05/2025	14:41:01	40.53917	141.55759	-2	0.0	4	1.3	225
11/05/2025	14:42:01	40.53923	141.55756	-46	0.0	4	1.3	254
11/05/2025	14:43:02	40.53912	141.55774	4	0.0	4	1.3	243
11/05/2025	14:44:00	40.53990	141.55715	-8	29.6	4	1.3	187
11/05/2025	14:45:01	40.53986	141.55618	16	0.0	5	1.2	225
11/05/2025	14:46:01	40.53993	141.55625	-14	0.0	5	1.2	230
11/05/2025	14:47:01	40.54005	141.55621	-4	0.0	5	1.2	223
11/05/2025	14:48:00	40.53909	141.55587	30	29.6	4	2.0	222
11/05/2025	14:49:00	40.53871	141.55659	-8	55.6	5	1.3	251
11/05/2025	14:50:01	40.53972	141.55748	28	0.0	4	1.3	249
11/05/2025	14:51:01	40.53973	141.55745	20	0.0	4	1.3	217
11/05/2025	14:52:00	40.53957	141.55764	56	0.0	3	2.0	189
11/05/2025	14:53:01	40.53967	141.55745	18	7.4	4	2.1	200
11/05/2025	14:54:02	40.53918	141.55773	-2	0.0	4	1.3	222
11/05/2025	14:55:00	40.53930	141.55750	12	3.7	4	1.3	214
11/05/2025	14:56:00	40.53931	141.55773	6	0.0	3	1.4	162
11/05/2025	14:57:01	40.53916	141.55778	-2	0.0	3	2.4	212
11/05/2025	14:58:01	40.53926	141.55760	22	0.0	3	2.4	210
11/05/2025	14:59:00	40.53935	141.55781	-58	0.0	3	2.4	183
11/05/2025	15:00:01	40.53917	141.55767	22	0.0	3	2.4	210
11/05/2025	15:01:01	40.53924	141.55778	14	0.0	3	2.4	192
11/05/2025	15:02:01	40.53926	141.55778	-2	3.7	3	2.4	196
11/05/2025	15:03:01	40.53921	141.55776	-20	0.0	4	1.4	214
11/05/2025	15:04:01	40.53905	141.55774	0	0.0	3	2.4	213
11/05/2025	15:05:02	40.53921	141.55780	6	0.0	4	1.4	191
11/05/2025	15:06:00	40.53915	141.55758	10	0.0	3	2.4	187
11/05/2025	15:07:01	40.53913	141.55779	2	0.0	4	1.4	213
11/05/2025	15:08:02	40.53915	141.55775	10	0.0	4	2.0	210
11/05/2025	15:09:00	40.53917	141.55777	10	0.0	3	2.4	219
11/05/2025	15:10:01	40.53927	141.55770	14	0.0	4	2.0	208
11/05/2025	15:11:01	40.53918	141.55771	16	0.0	4	2.0	192
11/05/2025	15:12:02	40.53918	141.55777	12	0.0	4	2.0	209
11/05/2025	15:13:03	40.53921	141.55768	8	0.0	4	2.0	208
11/05/2025	15:14:02	40.53913	141.55782	14	0.0	4	2.0	188
11/05/2025	15:15:02	40.53928	141.55765	6	0.0	4	2.0	196
11/05/2025	15:16:01	40.53921	141.55770	8	0.0	4	2.0	195
11/05/2025	15:17:01	40.53922	141.55768	2	0.0	4	2.0	195
11/05/2025	15:18:02	40.53918	141.55772	20	0.0	4	2.1	191
11/05/2025	15:19:00	40.53913	141.55752	14	0.0	3	2.3	195
11/05/2025	15:20:01	40.53919	141.55773	22	0.0	4	2.1	187
11/05/2025	15:21:01	40.53907	141.55785	18	0.0	4	2.1	194
11/05/2025	15:22:02	40.53928	141.55770	26	0.0	4	2.1	186
11/05/2025	15:23:02	40.53906	141.55780	20	0.0	4	2.1	182
11/05/2025	15:24:01	40.53924	141.55767	16	3.7	3	2.3	165
11/05/2025	15:25:02	40.53903	141.55798	22	0.0	4	2.1	180
11/05/2025	15:26:01	40.53927	141.55763	-14	0.0	3	2.4	193
11/05/2025	15:27:00	40.53926	141.55772	4	0.0	4	2.2	197
11/05/2025	15:28:00	40.53956	141.55758	-52	3.7	3	2.4	197
11/05/2025	15:29:03	40.53916	141.55778	16	0.0	4	2.2	196
11/05/2025	15:30:01	40.53919	141.55766	26	0.0	4	2.2	193
11/05/2025	15:31:03	40.53926	141.55764	6	0.0	4	2.2	197
11/05/2025	15:32:03	40.53913	141.55776	6	0.0	3	4.1	187
11/05/2025	15:33:03	40.53914	141.55773	10	0.0	3	4.1	189
11/05/2025	15:34:02	40.53921	141.55773	6	0.0	4	2.3	197
11/05/2025	15:35:03	40.53923	141.55768	14	0.0	3	4.1	182
11/05/2025	15:36:03	40.53928	141.55765	2	0.0	3	4.1	171
11/05/2025	15:37:03	40.53918	141.55770	6	0.0	3	4.0	193
11/05/2025	15:38:03	40.53924	141.55770	0	0.0	3	4.0	190
11/05/2025	15:39:02	40.53915	141.55774	4	0.0	3	4.0	169
11/05/2025	15:40:03	40.53917	141.55773	14	0.0	3	4.0	195
11/05/2025	15:41:03	40.53919	141.55773	14	0.0	3	4.0	214
11/05/2025	15:42:03	40.53926	141.55764	6	0.0	3	4.0	195
11/05/2025	15:43:03	40.53922	141.55768	4	0.0	3	4.0	197
11/05/2025	15:44:03	40.53908	141.55779	18	0.0	3	4.0	194
11/05/2025	15:45:03	40.53916	141.55772	12	0.0	3	3.4	193
11/05/2025	15:46:02	40.53918	141.55770	12	0.0	3	3.4	195
11/05/2025	15:47:03	40.53922	141.55766	8	0.0	3	3.4	192
11/05/2025	15:48:03	40.53915	141.55772	10	0.0	3	3.4	198
11/05/2025	15:49:03	40.53931	141.55766	4	0.0	3	3.4	192
11/05/2025	15:50:03	40.53929	141.55764	10	0.0	3	3.4	192
11/05/2025	15:51:03	40.53929	141.55765	8	0.0	3	3.3	196
11/05/2025	15:52:03	40.53914	141.55777	16	0.0	3	3.3	194
11/05/2025	15:53:03	40.53914	141.55784	10	0.0	3	3.3	177
11/05/2025	15:54:03	40.53908	141.55779	18	0.0	3	3.3	197
11/05/2025	15:55:03	40.53919	141.55770	20	0.0	3	3.3	173
11/05/2025	15:56:02	40.53936	141.55758	-8	0.0	3	3.3	156
11/05/2025	15:57:02	40.53908	141.55788	22	3.7	3	4.3	172
11/05/2025	15:58:02	40.53907	141.55791	6	0.0	3	3.2	172
11/05/2025	15:59:03	40.53925	141.55767	4	0.0	3	3.2	178
11/05/2025	16:00:03	40.53910	141.55785	8	0.0	3	4.3	198
11/05/2025	16:01:03	40.53904	141.55790	4	0.0	3	4.3	191
11/05/2025	16:02:03	40.53906	141.55784	4	0.0	3	4.2	195
11/05/2025	16:03:03	40.53919	141.55770	8	0.0	3	4.2	198
11/05/2025	16:04:03	40.53922	141.55771	6	0.0	3	4.2	196
11/05/2025	16:05:03	40.53932	141.55753	4	0.0	3	4.2	196
11/05/2025	16:06:03	40.53922	141.55763	12	3.7	3	4.1	194
11/05/2025	16:07:04	40.53930	141.55760	8	0.0	3	4.1	190
11/05/2025	16:08:03	40.53921	141.55769	12	0.0	3	4.1	192
11/05/2025	16:09:03	40.53912	141.55783	14	0.0	3	4.1	193
11/05/2025	16:10:03	40.53913	141.55776	-2	0.0	3	4.1	190
11/05/2025	16:11:06	40.53937	141.55753	10	0.0	3	4.0	240
11/05/2025	16:12:04	40.53919	141.55773	16	0.0	3	4.0	234
11/05/2025	16:13:05	40.53906	141.55793	6	0.0	3	4.0	174
11/05/2025	16:14:04	40.53902	141.55790	14	0.0	3	4.0	204
11/05/2025	16:15:07	40.53923	141.55766	8	3.7	3	4.0	244
11/05/2025	16:16:26	40.53940	141.55744	10	0.0	3	3.4	295
11/05/2025	16:17:15	40.53932	141.55750	8	3.7	3	3.4	225
11/05/2025	16:18:23	40.53925	141.55762	6	0.0	3	3.4	294
11/05/2025	16:19:23	40.53925	141.55762	6	0.0	3	3.4	285
11/05/2025	16:20:30	40.53917	141.55774	8	0.0	6	3.1	252
11/05/2025	16:21:00	40.53921	141.55770	10	0.0	4	1.2	246
11/05/2025	16:22:00	40.53923	141.55773	22	0.0	6	1.1	253
11/05/2025	16:23:00	40.53920	141.55766	4	0.0	4	1.2	195
11/05/2025	16:24:00	40.53920	141.55775	8	0.0	4	1.3	249
11/05/2025	16:25:00	40.53916	141.55773	34	0.0	6	1.0	255
11/05/2025	16:26:00	40.53915	141.55765	26	0.0	5	1.1	257
11/05/2025	16:27:00	40.53934	141.55794	8	0.0	5	1.3	257
11/05/2025	16:28:01	40.53919	141.55769	14	0.0	7	0.4	252
11/05/2025	16:29:00	40.53919	141.55767	18	0.0	5	1.1	252
11/05/2025	16:30:00	40.53902	141.55753	28	0.0	5	1.0	254
11/05/2025	16:31:00	40.53918	141.55764	18	0.0	6	1.0	230
11/05/2025	16:32:00	40.53917	141.55766	12	0.0	6	1.0	254
11/05/2025	16:33:01	40.53921	141.55773	8	0.0	5	1.1	249
11/05/2025	16:34:00	40.53916	141.55770	8	0.0	5	1.1	256
11/05/2025	16:35:00	40.53927	141.55771	6	0.0	3	1.1	215
11/05/2025	16:36:00	40.53920	141.55772	20	0.0	5	1.0	280
11/05/2025	16:37:00	40.53921	141.55761	-2	0.0	5	1.1	229
11/05/2025	16:38:00	40.53923	141.55769	10	0.0	6	0.4	234
11/05/2025	16:39:00	40.53921	141.55771	2	0.0	6	1.0	261
11/05/2025	16:40:00	40.53920	141.55781	16	0.0	6	1.0	240
11/05/2025	16:41:00	40.53918	141.55768	22	0.0	5	1.1	258
11/05/2025	16:42:00	40.53918	141.55769	14	0.0	6	0.4	226
11/05/2025	16:43:00	40.53917	141.55778	10	0.0	6	0.4	289
11/05/2025	16:44:00	40.53918	141.55773	2	0.0	5	1.0	258
11/05/2025	16:45:00	40.53919	141.55769	2	0.0	5	1.0	263
11/05/2025	16:46:00	40.53913	141.55783	-0	0.0	4	1.1	241
11/05/2025	16:47:00	40.53916	141.55756	22	0.0	6	1.0	286
11/05/2025	16:48:00	40.53914	141.55770	16	0.0	6	1.0	260
11/05/2025	16:49:00	40.53918	141.55772	10	0.0	5	1.1	258
11/05/2025	16:50:00	40.53923	141.55768	-4	0.0	5	1.1	285
11/05/2025	16:51:00	40.53922	141.55764	4	0.0	5	1.1	285
11/05/2025	16:52:00	40.53910	141.55768	12	0.0	6	1.0	284
11/05/2025	16:53:00	40.53926	141.55767	-2	0.0	5	1.1	203
11/05/2025	16:54:00	40.53918	141.55776	8	0.0	4	1.1	275
11/05/2025	16:55:00	40.53913	141.55772	18	0.0	4	1.3	250
11/05/2025	16:56:00	40.53922	141.55765	30	0.0	3	1.4	212
11/05/2025	16:57:00	40.53909	141.55782	14	0.0	4	1.3	248
11/05/2025	16:58:00	40.53915	141.55780	10	0.0	4	1.4	225
11/05/2025	16:59:00	40.53912	141.55786	84	0.0	3	2.2	185
11/05/2025	17:00:00	40.53917	141.55761	-12	0.0	3	2.1	213
11/05/2025	17:01:01	40.53921	141.55770	-32	0.0	3	1.4	242
11/05/2025	17:02:01	40.53911	141.55767	30	0.0	5	1.1	227
11/05/2025	17:03:01	40.53924	141.55769	6	0.0	3	1.2	213
11/05/2025	17:04:00	40.53915	141.55759	18	0.0	3	1.4	243
11/05/2025	17:05:01	40.53924	141.55771	22	0.0	6	1.0	251
11/05/2025	17:06:00	40.53918	141.55769	-8	0.0	3	1.4	243
11/05/2025	17:07:00	40.53920	141.55756	8	0.0	4	1.2	216
11/05/2025	17:08:01	40.53922	141.55769	18	0.0	6	1.0	245
11/05/2025	17:09:00	40.53934	141.55763	-50	0.0	3	2.0	242
11/05/2025	17:10:00	40.53912	141.55773	10	0.0	4	1.1	167
11/05/2025	17:11:00	40.53923	141.55783	20	0.0	3	2.0	221
11/05/2025	17:12:00	40.53917	141.55775	26	0.0	3	2.0	218
11/05/2025	17:13:00	40.53916	141.55777	-2	0.0	4	1.4	225
11/05/2025	17:14:01	40.53895	141.55797	102	3.7	3	2.0	215
11/05/2025	17:15:01	40.53930	141.55741	-30	0.0	3	2.0	182
11/05/2025	17:16:01	40.53918	141.55743	-72	0.0	3	2.0	212
11/05/2025	17:17:01	40.53927	141.55759	32	0.0	4	1.1	224
11/05/2025	17:18:01	40.53909	141.55767	-18	0.0	4	2.0	232
11/05/2025	17:19:00	40.53907	141.55772	-20	0.0	4	1.3	195
11/05/2025	17:20:00	40.53924	141.55769	-26	0.0	4	1.3	191
11/05/2025	17:21:01	40.53920	141.55767	30	0.0	4	1.3	197
11/05/2025	17:22:01	40.53910	141.55780	-46	0.0	4	1.3	194
11/05/2025	17:23:01	40.53919	141.55771	44	0.0	3	2.3	201
11/05/2025	17:24:01	40.53927	141.55767	78	0.0	4	1.3	228
11/05/2025	17:25:01	40.53918	141.55779	-30	0.0	3	1.4	227
11/05/2025	17:26:01	40.53913	141.55770	2	0.0	4	1.3	196
11/05/2025	17:27:01	40.53919	141.55765	8	0.0	4	1.1	195
11/05/2025	17:28:00	40.53917	141.55776	24	0.0	3	1.3	165
11/05/2025	17:29:01	40.53916	141.55767	0	0.0	4	1.3	195
11/05/2025	17:30:01	40.53917	141.55768	0	0.0	4	1.1	231
11/05/2025	17:31:01	40.53921	141.55773	26	0.0	4	1.3	227
11/05/2025	17:32:01	40.53929	141.55770	52	0.0	4	1.3	199
11/05/2025	17:33:01	40.53916	141.55768	4	0.0	4	1.1	200
11/05/2025	17:34:01	40.53917	141.55770	10	0.0	4	1.1	199
11/05/2025	17:35:01	40.53907	141.55774	-56	0.0	3	1.4	166
11/05/2025	17:36:01	40.53918	141.55769	50	0.0	4	1.3	199
11/05/2025	17:37:01	40.53905	141.55763	-36	0.0	4	1.1	225
11/05/2025	17:38:01	40.53918	141.55770	46	0.0	3	1.4	202
11/05/2025	17:39:01	40.53910	141.55751	-72	0.0	4	1.3	192
11/05/2025	17:40:01	40.53902	141.55757	-72	0.0	4	1.3	194
11/05/2025	17:41:01	40.53913	141.55763	-24	0.0	4	1.3	195
11/05/2025	17:42:01	40.53911	141.55772	-12	0.0	3	1.2	192
11/05/2025	17:43:01	40.53917	141.55774	42	0.0	4	1.3	192
11/05/2025	17:44:01	40.53916	141.55764	56	0.0	4	1.3	196
11/05/2025	17:45:01	40.53913	141.55764	-24	0.0	3	2.0	195
11/05/2025	17:46:01	40.53921	141.55764	-32	0.0	3	1.4	195
11/05/2025	17:47:01	40.53924	141.55756	38	0.0	4	1.1	225
11/05/2025	17:48:01	40.53897	141.55770	-14	3.7	4	1.3	195
11/05/2025	17:49:01	40.53929	141.55770	-8	0.0	4	1.3	220
11/05/2025	17:50:01	40.53913	141.55766	-8	0.0	4	1.3	221
11/05/2025	17:51:01	40.53918	141.55768	34	0.0	2	2.2	160
11/05/2025	17:52:01	40.53924	141.55763	-26	0.0	4	1.3	226
11/05/2025	17:53:01	40.53930	141.55769	-26	0.0	3	2.0	198
11/05/2025	17:54:01	40.53923	141.55764	12	0.0	4	1.3	196
11/05/2025	17:55:01	40.53922	141.55776	12	0.0	3	2.0	222
11/05/2025	17:56:01	40.53914	141.55767	0	0.0	3	1.2	225
11/05/2025	17:57:01	40.53906	141.55744	42	0.0	3	1.3	226
11/05/2025	17:58:01	40.53908	141.55742	2	0.0	3	2.0	164
11/05/2025	17:59:01	40.53917	141.55775	24	0.0	5	1.1	224
11/05/2025	18:00:01	40.53916	141.55764	-32	0.0	3	1.2	229
11/05/2025	18:01:01	40.53915	141.55761	14	0.0	4	1.3	195
11/05/2025	18:02:01	40.53913	141.55772	28	0.0	4	1.3	250
11/05/2025	18:03:01	40.53925	141.55763	6	0.0	4	1.3	249
11/05/2025	18:04:01	40.53915	141.55767	18	0.0	4	3.0	192
11/05/2025	18:05:01	40.53935	141.55765	14	0.0	5	1.1	255
11/05/2025	18:06:01	40.53912	141.55776	4	0.0	5	1.1	230
11/05/2025	18:07:01	40.53919	141.55757	10	0.0	4	1.3	220
11/05/2025	18:08:01	40.53913	141.55765	20	0.0	4	1.3	253
11/05/2025	18:09:01	40.53912	141.55786	36	7.4	4	1.3	197
11/05/2025	18:10:01	40.53935	141.55767	10	0.0	5	1.1	219
11/05/2025	18:11:01	40.53927	141.55774	6	0.0	4	1.4	226
11/05/2025	18:12:01	40.53899	141.55780	12	0.0	4	1.4	166
11/05/2025	18:13:01	40.53919	141.55762	8	0.0	4	1.4	255
11/05/2025	18:14:01	40.53923	141.55772	4	0.0	4	1.4	199
11/05/2025	18:15:01	40.53916	141.55748	28	0.0	4	1.4	216
11/05/2025	18:16:01	40.53916	141.55776	10	0.0	5	1.1	223
11/05/2025	18:17:00	40.53922	141.55769	-10	3.7	4	1.4	274
11/05/2025	18:18:00	40.53912	141.55788	44	0.0	4	1.4	278
11/05/2025	18:19:00	40.53909	141.55781	56	0.0	4	1.4	252
11/05/2025	18:20:00	40.53922	141.55783	0	0.0	3	2.4	279
11/05/2025	18:21:00	40.53920	141.55767	24	0.0	4	2.0	281
11/05/2025	18:22:01	40.53911	141.55773	26	0.0	3	3.0	278
11/05/2025	18:23:01	40.53910	141.55769	20	0.0	4	2.0	248
11/05/2025	18:24:01	40.53923	141.55772	-14	0.0	3	3.0	272
11/05/2025	18:25:02	40.53916	141.55777	14	0.0	4	2.0	255
11/05/2025	18:26:01	40.53896	141.55783	86	0.0	3	3.0	270
11/05/2025	18:27:02	40.53918	141.55772	10	0.0	5	1.1	278
11/05/2025	18:28:01	40.53916	141.55768	18	0.0	4	1.4	274
11/05/2025	18:29:01	40.53917	141.55768	12	0.0	4	1.4	273
11/05/2025	18:30:01	40.53918	141.55768	10	0.0	3	3.0	271
11/05/2025	18:31:02	40.53921	141.55766	-2	0.0	4	2.1	272
11/05/2025	18:32:01	40.53924	141.55766	-0	0.0	3	3.0	271
11/05/2025	18:33:01	40.53926	141.55760	-2	0.0	3	3.0	273
11/05/2025	18:34:01	40.53923	141.55772	-10	0.0	3	3.0	264
11/05/2025	18:35:01	40.53913	141.55775	22	0.0	3	3.1	266
11/05/2025	18:36:01	40.53913	141.55780	36	0.0	3	3.1	262
11/05/2025	18:37:01	40.53918	141.55775	8	0.0	3	3.1	244
11/05/2025	18:38:02	40.53915	141.55775	18	0.0	3	3.1	224
11/05/2025	18:39:01	40.53919	141.55781	40	0.0	3	3.1	243
11/05/2025	18:40:01	40.53922	141.55758	-24	3.7	3	3.1	244
11/05/2025	18:41:01	40.53914	141.55773	10	0.0	3	3.1	211
11/05/2025	18:42:01	40.53908	141.55771	30	0.0	3	3.1	250
11/05/2025	18:43:02	40.53918	141.55761	4	0.0	3	3.1	247
11/05/2025	18:44:02	40.53917	141.55771	6	3.7	3	3.1	245
11/05/2025	18:45:01	40.53912	141.55773	26	0.0	3	3.1	247
11/05/2025	18:46:01	40.53914	141.55771	34	3.7	3	3.1	214
11/05/2025	18:47:01	40.53910	141.55781	22	0.0	3	3.1	218
11/05/2025	18:48:01	40.53903	141.55793	54	0.0	3	3.1	193
11/05/2025	18:49:01	40.53917	141.55774	8	0.0	3	3.1	244
11/05/2025	18:50:01	40.53920	141.55755	14	0.0	3	3.1	214
11/05/2025	18:51:02	40.53921	141.55756	8	0.0	3	3.1	216
11/05/2025	18:52:02	40.53912	141.55774	18	0.0	3	3.1	246
11/05/2025	18:53:01	40.53917	141.55767	16	0.0	3	3.1	191
11/05/2025	18:54:01	40.53920	141.55770	-4	7.4	3	3.1	216
11/05/2025	18:55:01	40.53908	141.55781	30	0.0	3	3.1	226
11/05/2025	18:56:01	40.53913	141.55784	32	0.0	3	3.1	227
11/05/2025	18:57:01	40.53903	141.55786	32	0.0	3	3.1	225
11/05/2025	18:58:01	40.53917	141.55765	16	0.0	3	3.1	225
11/05/2025	18:59:02	40.53919	141.55761	-4	0.0	3	3.1	266
11/05/2025	19:00:01	40.53908	141.55794	20	0.0	3	3.1	224
11/05/2025	19:01:01	40.53902	141.55794	60	0.0	3	3.1	222
11/05/2025	19:02:02	40.53891	141.55779	62	0.0	2	3.2	217
11/05/2025	19:03:03	40.53918	141.55782	30	0.0	3	3.1	247
11/05/2025	19:04:03	40.53913	141.55762	-2	0.0	3	3.1	241
11/05/2025	19:05:02	40.53922	141.55759	8	0.0	3	3.2	241
11/05/2025	19:06:03	40.53915	141.55763	14	0.0	3	3.2	248
11/05/2025	19:07:02	40.53917	141.55754	-12	0.0	3	3.2	249
11/05/2025	19:08:02	40.53910	141.55766	10	0.0	3	3.2	251
11/05/2025	19:09:04	40.53919	141.55773	18	0.0	3	3.2	249
11/05/2025	19:10:03	40.53920	141.55764	10	0.0	3	3.2	242
11/05/2025	19:11:04	40.53915	141.55781	26	0.0	3	3.2	243
11/05/2025	19:12:01	40.53914	141.55791	26	0.0	2	3.2	243
11/05/2025	19:13:04	40.53914	141.55767	-2	0.0	3	3.2	243
11/05/2025	19:14:09	40.53915	141.55775	12	0.0	3	3.2	240
11/05/2025	19:15:30	40.53917	141.55771	10	0.0	6	1.0	247
11/05/2025	19:16:01	40.53914	141.55755	32	0.0	4	2.1	247
11/05/2025	19:17:00	40.53920	141.55775	-4	0.0	5	1.0	224
11/05/2025	19:18:00	40.53917	141.55769	6	0.0	6	1.0	232
11/05/2025	19:19:00	40.53929	141.55774	-12	0.0	4	1.4	230
11/05/2025	19:20:00	40.53922	141.55770	-18	3.7	4	2.4	227
11/05/2025	19:21:00	40.53921	141.55796	4	0.0	5	1.1	222
11/05/2025	19:22:01	40.53916	141.55766	16	0.0	6	1.0	252
11/05/2025	19:23:00	40.53927	141.55778	18	3.7	4	1.1	252
11/05/2025	19:24:00	40.53910	141.55766	12	0.0	6	1.0	222
11/05/2025	19:25:00	40.53917	141.55778	2	0.0	6	1.0	254
11/05/2025	19:26:00	40.53937	141.55755	36	0.0	4	1.4	221
11/05/2025	19:27:00	40.53905	141.55784	16	0.0	6	1.0	222
11/05/2025	19:28:00	40.53917	141.55769	24	0.0	5	1.0	249
11/05/2025	19:29:00	40.53917	141.55759	6	0.0	5	1.0	224
11/05/2025	19:30:00	40.53913	141.55762	-8	0.0	6	1.0	254
11/05/2025	19:31:00	40.53905	141.55762	2	0.0	4	1.4	251
11/05/2025	19:32:00	40.53917	141.55767	-2	0.0	6	1.0	228
11/05/2025	19:33:01	40.53918	141.55769	16	0.0	6	1.0	254
11/05/2025	19:34:01	40.53915	141.55771	28	0.0	5	1.1	250
11/05/2025	19:35:01	40.53924	141.55778	-0	0.0	5	1.0	214
11/05/2025	19:36:01	40.53926	141.55771	-2	0.0	6	1.0	251
11/05/2025	19:37:01	40.53920	141.55783	28	0.0	6	1.0	251
11/05/2025	19:38:01	40.53910	141.55769	10	0.0	5	1.0	252
11/05/2025	19:39:01	40.53918	141.55772	38	0.0	6	1.0	245
11/05/2025	19:40:00	40.53911	141.55749	40	0.0	6	2.0	249
11/05/2025	19:41:00	40.53908	141.55770	-0	0.0	5	1.1	224
11/05/2025	19:42:00	40.53928	141.55783	-16	0.0	5	1.0	248
11/05/2025	19:43:00	40.53919	141.55778	20	0.0	5	2.0	248
11/05/2025	19:44:01	40.53920	141.55773	10	0.0	6	2.0	252
11/05/2025	19:45:00	40.53923	141.55780	-20	0.0	5	2.0	250
11/05/2025	19:46:00	40.53928	141.55739	80	3.7	4	2.1	251
11/05/2025	19:47:00	40.53939	141.55776	2	0.0	5	2.0	222
11/05/2025	19:48:01	40.53923	141.55770	-10	0.0	5	2.0	253
11/05/2025	19:49:01	40.53910	141.55761	24	0.0	5	2.0	218
11/05/2025	19:50:01	40.53940	141.55795	-62	0.0	5	2.0	217
11/05/2025	19:51:01	40.53912	141.55784	-36	0.0	3	4.4	210
11/05/2025	19:52:01	40.53920	141.55772	2	0.0	5	2.0	212
11/05/2025	19:53:01	40.53919	141.55770	6	0.0	5	2.0	243
11/05/2025	19:54:01	40.53910	141.55762	48	0.0	5	2.0	218
11/05/2025	19:55:01	40.53912	141.55759	28	0.0	4	2.0	194
11/05/2025	19:56:01	40.53930	141.55785	-18	0.0	4	2.4	221
11/05/2025	19:57:01	40.53914	141.55758	32	0.0	5	2.0	221
11/05/2025	19:58:01	40.53919	141.55781	-16	0.0	5	2.0	220
11/05/2025	19:59:01	40.53920	141.55775	8	0.0	5	2.0	218
11/05/2025	20:00:01	40.53921	141.55753	14	0.0	5	2.0	223
11/05/2025	20:01:01	40.53932	141.55776	-12	0.0	5	1.4	196
11/05/2025	20:02:01	40.53948	141.55797	-76	0.0	5	1.4	191
11/05/2025	20:03:01	40.53919	141.55781	-10	0.0	5	1.4	219
11/05/2025	20:04:01	40.53921	141.55783	-2	0.0	5	1.4	224
11/05/2025	20:05:00	40.53921	141.55775	6	0.0	5	1.4	222
11/05/2025	20:06:00	40.53912	141.55769	56	0.0	5	1.4	221
11/05/2025	20:07:00	40.53923	141.55767	-2	0.0	5	1.4	222
11/05/2025	20:08:00	40.53915	141.55772	26	0.0	5	1.4	220
11/05/2025	20:09:00	40.53917	141.55761	56	0.0	5	1.4	224
11/05/2025	20:10:01	40.53906	141.55763	54	0.0	5	1.4	222
11/05/2025	20:11:00	40.53923	141.55769	30	0.0	5	1.4	219
11/05/2025	20:12:00	40.53923	141.55778	-26	0.0	5	1.4	217
11/05/2025	20:13:00	40.53907	141.55761	36	0.0	3	2.0	152
11/05/2025	20:14:00	40.53928	141.55778	2	0.0	4	2.0	191
11/05/2025	20:15:00	40.53900	141.55753	36	0.0	5	1.4	218
11/05/2025	20:16:01	40.53910	141.55771	6	0.0	5	1.4	221
11/05/2025	20:17:00	40.53921	141.55782	22	0.0	3	2.3	185
11/05/2025	20:18:00	40.53926	141.55770	20	0.0	5	1.4	219
11/05/2025	20:19:00	40.53912	141.55770	50	0.0	5	1.4	220
11/05/2025	20:20:00	40.53906	141.55758	42	0.0	5	1.4	222
11/05/2025	20:21:00	40.53919	141.55769	16	0.0	5	1.4	219
11/05/2025	20:22:01	40.53909	141.55768	18	0.0	5	1.4	220
11/05/2025	20:23:00	40.53922	141.55773	26	0.0	4	2.3	244
11/05/2025	20:24:00	40.53923	141.55781	10	0.0	5	1.4	223
11/05/2025	20:25:00	40.53913	141.55781	60	0.0	5	1.4	221
11/05/2025	20:26:00	40.53911	141.55772	22	0.0	5	1.4	221
11/05/2025	20:27:00	40.53927	141.55760	-8	0.0	4	2.1	222
11/05/2025	20:28:01	40.53915	141.55767	28	0.0	5	1.4	222
11/05/2025	20:29:00	40.53914	141.55776	14	0.0	5	1.4	223
11/05/2025	20:30:00	40.53908	141.55777	16	0.0	4	1.4	162
11/05/2025	20:31:00	40.53915	141.55767	24	0.0	4	2.1	226
11/05/2025	20:32:00	40.53911	141.55767	38	0.0	4	2.1	221
11/05/2025	20:33:00	40.53920	141.55770	4	0.0	5	1.4	222
11/05/2025	20:34:00	40.53919	141.55748	60	0.0	4	2.1	221
11/05/2025	20:35:01	40.53898	141.55782	64	0.0	4	2.2	277
11/05/2025	20:36:01	40.53918	141.55774	-6	0.0	5	1.4	221
11/05/2025	20:37:01	40.53916	141.55772	6	0.0	5	1.4	218
11/05/2025	20:38:00	40.53926	141.55767	-20	0.0	5	1.4	226
11/05/2025	20:39:00	40.53914	141.55754	40	0.0	4	2.0	221
11/05/2025	20:40:00	40.53931	141.55779	6	0.0	4	2.0	248
11/05/2025	20:41:00	40.53917	141.55772	-4	0.0	5	1.4	250
11/05/2025	20:42:00	40.53915	141.55755	20	0.0	4	2.0	187
11/05/2025	20:43:01	40.53907	141.55777	24	0.0	5	1.4	243
11/05/2025	20:44:00	40.53918	141.55759	22	0.0	4	2.0	243
11/05/2025	20:45:00	40.53913	141.55763	-0	0.0	4	2.0	246
11/05/2025	20:46:01	40.53920	141.55770	20	0.0	5	1.4	244
11/05/2025	20:47:00	40.53928	141.55775	6	0.0	4	2.0	211
11/05/2025	20:48:01	40.53925	141.55775	8	0.0	5	1.4	241
11/05/2025	20:49:00	40.53934	141.55775	-2	0.0	3	2.2	210
11/05/2025	20:50:00	40.53930	141.55749	8	0.0	4	2.0	245
11/05/2025	20:51:00	40.53906	141.55785	28	3.7	4	2.0	245
11/05/2025	20:52:01	40.53917	141.55771	24	0.0	5	1.4	244
11/05/2025	20:53:00	40.53924	141.55769	22	0.0	4	2.0	244
11/05/2025	20:54:00	40.53916	141.55761	28	0.0	4	2.0	276
11/05/2025	20:55:00	40.53924	141.55765	-6	0.0	4	2.0	249
11/05/2025	20:56:00	40.53921	141.55768	28	0.0	4	2.0	219
11/05/2025	20:57:00	40.53908	141.55782	20	0.0	4	2.0	272
11/05/2025	20:58:01	40.53915	141.55765	30	0.0	3	2.2	238
11/05/2025	20:59:00	40.53934	141.55773	26	3.7	3	2.1	244
11/05/2025	21:00:01	40.53929	141.55776	4	0.0	4	2.0	214
11/05/2025	21:01:00	40.53916	141.55772	26	0.0	4	2.0	269
11/05/2025	21:02:00	40.53907	141.55778	36	0.0	4	2.0	252
11/05/2025	21:03:00	40.53925	141.55778	-6	0.0	4	2.0	248
11/05/2025	21:04:00	40.53911	141.55777	20	0.0	4	2.0	190
11/05/2025	21:05:00	40.53914	141.55775	2	0.0	4	2.0	219
11/05/2025	21:06:01	40.53926	141.55769	6	0.0	4	2.0	298
11/05/2025	21:07:00	40.53914	141.55768	20	0.0	4	2.0	245
11/05/2025	21:08:00	40.53911	141.55765	-6	0.0	4	2.0	247
11/05/2025	21:09:01	40.53917	141.55772	-4	0.0	4	2.0	238
11/05/2025	21:10:00	40.53915	141.55776	16	0.0	4	2.0	252
11/05/2025	21:11:00	40.53915	141.55772	16	0.0	4	2.0	225
11/05/2025	21:12:00	40.53908	141.55768	16	0.0	4	2.0	254
11/05/2025	21:13:00	40.53919	141.55773	20	0.0	4	2.0	257
11/05/2025	21:14:00	40.53915	141.55782	18	0.0	4	2.0	226
11/05/2025	21:15:00	40.53926	141.55773	-20	0.0	4	2.0	188
11/05/2025	21:16:01	40.53912	141.55776	28	0.0	4	2.1	192
11/05/2025	21:17:01	40.53933	141.55770	-12	0.0	4	2.1	287
11/05/2025	21:18:00	40.53923	141.55760	0	3.7	3	2.3	190
11/05/2025	21:19:01	40.53913	141.55767	48	0.0	4	2.1	256
11/05/2025	21:20:01	40.53924	141.55776	16	0.0	4	2.1	289
11/05/2025	21:21:01	40.53918	141.55772	14	0.0	4	2.1	226
11/05/2025	21:22:01	40.53923	141.55772	10	0.0	4	2.1	253
11/05/2025	21:23:00	40.53901	141.55782	14	0.0	4	2.1	249
11/05/2025	21:24:00	40.53909	141.55782	12	0.0	4	2.1	252
11/05/2025	21:25:00	40.53907	141.55778	20	0.0	3	2.3	217
11/05/2025	21:26:01	40.53923	141.55777	12	0.0	4	2.2	286
11/05/2025	21:27:00	40.53923	141.55771	2	0.0	4	2.2	248
11/05/2025	21:28:00	40.53918	141.55767	12	0.0	4	2.2	245
11/05/2025	21:29:00	40.53908	141.55781	54	0.0	4	2.2	194
11/05/2025	21:30:00	40.53952	141.55767	-4	0.0	4	2.2	216
11/05/2025	21:31:00	40.53911	141.55762	34	0.0	4	2.2	244
11/05/2025	21:32:00	40.53908	141.55779	22	0.0	4	2.3	247
11/05/2025	21:33:01	40.53914	141.55775	10	0.0	4	2.3	278
11/05/2025	21:34:01	40.53914	141.55770	10	0.0	4	2.3	245
11/05/2025	21:35:00	40.53909	141.55772	20	0.0	4	2.3	245
11/05/2025	21:36:00	40.53915	141.55774	14	0.0	4	2.3	249
11/05/2025	21:37:00	40.53923	141.55777	14	0.0	4	2.4	243
11/05/2025	21:38:00	40.53920	141.55769	10	0.0	4	2.4	246
11/05/2025	21:39:00	40.53933	141.55766	-6	0.0	4	2.4	189
11/05/2025	21:40:01	40.53916	141.55763	20	0.0	4	2.4	249
11/05/2025	21:41:01	40.53901	141.55765	30	0.0	4	3.0	246
11/05/2025	21:42:01	40.53922	141.55767	10	0.0	4	3.0	245
11/05/2025	21:43:02	40.53918	141.55776	2	0.0	4	3.0	246
11/05/2025	21:44:01	40.53917	141.55776	10	0.0	4	3.0	244
11/05/2025	21:45:01	40.53910	141.55780	26	0.0	4	3.1	239
11/05/2025	21:46:01	40.53915	141.55772	22	0.0	4	3.1	241
11/05/2025	21:47:02	40.53918	141.55770	16	0.0	4	3.1	242
11/05/2025	21:48:01	40.53922	141.55768	12	0.0	4	3.2	243
11/05/2025	21:49:01	40.53912	141.55768	22	0.0	4	3.2	240
11/05/2025	21:50:01	40.53900	141.55771	26	0.0	3	9.2	238
11/05/2025	21:51:01	40.53936	141.55774	20	0.0	2	6.0	226
11/05/2025	21:52:02	40.53870	141.55773	56	0.0	3	10.1	238
11/05/2025	21:53:02	40.53986	141.55772	-44	0.0	3	10.3	231
11/05/2025	21:54:02	40.53927	141.55771	-0	0.0	3	11.1	233
11/05/2025	21:55:04	40.53929	141.55773	-4	0.0	4	4.0	251
11/05/2025	21:56:01	40.53924	141.55769	10	0.0	4	4.1	214
11/05/2025	21:57:03	40.53918	141.55773	12	0.0	4	4.1	234
11/05/2025	21:58:02	40.53913	141.55775	20	0.0	4	4.2	237
11/05/2025	21:59:02	40.53951	141.55776	-24	0.0	4	4.2	230
11/05/2025	22:00:30	40.53919	141.55771	10	0.0	5	1.1	255
11/05/2025	22:01:00	40.53925	141.55783	20	0.0	4	1.1	247
11/05/2025	22:02:00	40.53923	141.55766	-10	0.0	4	1.2	266
11/05/2025	22:03:00	40.53914	141.55767	8	0.0	5	1.1	269
11/05/2025	22:04:00	40.53920	141.55775	12	0.0	4	1.2	265
11/05/2025	22:05:00	40.53934	141.55765	-14	0.0	4	1.2	220
11/05/2025	22:06:00	40.53910	141.55774	14	0.0	4	1.2	206
11/05/2025	22:07:01	40.53919	141.55772	26	0.0	5	1.1	203
11/05/2025	22:08:01	40.53918	141.55772	12	0.0	5	1.2	229
11/05/2025	22:09:01	40.53906	141.55776	24	0.0	4	2.0	231
11/05/2025	22:10:00	40.53906	141.55746	22	0.0	3	1.3	244
11/05/2025	22:11:00	40.53926	141.55769	24	0.0	4	1.2	223
11/05/2025	22:12:00	40.53911	141.55758	28	0.0	3	1.3	244
11/05/2025	22:13:00	40.53924	141.55774	-0	0.0	4	1.2	297
11/05/2025	22:14:00	40.53919	141.55770	22	0.0	3	1.3	243
11/05/2025	22:15:01	40.53924	141.55780	2	0.0	4	1.2	213
11/05/2025	22:16:00	40.53898	141.55764	66	0.0	3	2.1	255
11/05/2025	22:17:00	40.53916	141.55768	22	0.0	4	1.2	270
11/05/2025	22:18:00	40.53922	141.55776	6	0.0	4	1.2	248
11/05/2025	22:19:00	40.53934	141.55770	-14	0.0	4	2.1	225
11/05/2025	22:20:01	40.53911	141.55773	8	0.0	4	1.2	259
11/05/2025	22:21:00	40.53936	141.55781	20	0.0	3	2.2	243
11/05/2025	22:22:00	40.53909	141.55783	38	0.0	4	1.2	221
11/05/2025	22:23:00	40.53932	141.55761	-10	0.0	3	2.1	190
11/05/2025	22:24:00	40.53919	141.55776	-6	0.0	3	2.2	246
11/05/2025	22:25:00	40.53911	141.55770	14	0.0	3	1.3	223
11/05/2025	22:26:01	40.53924	141.55773	8	0.0	4	1.2	261
11/05/2025	22:27:00	40.53925	141.55768	2	3.7	3	1.3	218
11/05/2025	22:28:00	40.53915	141.55755	6	0.0	4	1.2	224
11/05/2025	22:29:02	40.53928	141.55775	16	0.0	4	2.2	267
11/05/2025	22:30:00	40.53921	141.55767	4	0.0	4	1.2	229
11/05/2025	22:31:00	40.53914	141.55765	22	0.0	3	2.1	208
11/05/2025	22:32:01	40.53910	141.55778	20	0.0	4	1.2	224
11/05/2025	22:33:00	40.53924	141.55765	-10	0.0	4	1.2	211
11/05/2025	22:34:00	40.53923	141.55771	22	0.0	4	1.2	220
11/05/2025	22:35:00	40.53907	141.55761	28	0.0	3	2.1	241
11/05/2025	22:36:00	40.53906	141.55777	28	0.0	3	2.1	196
11/05/2025	22:37:00	40.53917	141.55773	24	0.0	3	1.3	222
11/05/2025	22:38:01	40.53912	141.55775	36	0.0	4	1.2	222
11/05/2025	22:39:01	40.53927	141.55773	4	0.0	4	2.4	212
11/05/2025	22:40:00	40.53920	141.55772	-10	0.0	3	1.3	155
11/05/2025	22:41:00	40.53921	141.55773	20	0.0	3	1.3	215
11/05/2025	22:42:00	40.53927	141.55761	38	0.0	3	1.3	219
11/05/2025	22:43:00	40.53927	141.55771	44	0.0	3	1.3	220
11/05/2025	22:44:01	40.53915	141.55773	6	0.0	3	1.3	279
11/05/2025	22:45:01	40.53918	141.55775	22	0.0	2	3.2	261
11/05/2025	22:46:01	40.53931	141.55749	-94	0.0	2	4.2	177
11/05/2025	22:47:02	40.53920	141.55763	-12	0.0	2	4.2	260
11/05/2025	22:48:02	40.53919	141.55775	-0	0.0	4	1.3	232
11/05/2025	22:49:00	40.53919	141.55777	22	0.0	3	2.1	211
11/05/2025	22:50:02	40.53921	141.55764	8	0.0	4	1.3	259
11/05/2025	22:51:01	40.53915	141.55771	24	0.0	3	1.3	271
11/05/2025	22:52:02	40.53911	141.55771	18	0.0	3	1.3	259
11/05/2025	22:53:02	40.53920	141.55774	4	0.0	4	1.3	247
11/05/2025	22:54:01	40.53927	141.55766	-30	0.0	3	1.3	219
11/05/2025	22:55:01	40.53915	141.55769	16	0.0	3	1.3	204
11/05/2025	22:56:01	40.53917	141.55767	18	0.0	3	1.3	259
11/05/2025	22:57:01	40.53914	141.55776	20	0.0	3	1.3	269
11/05/2025	22:58:01	40.53915	141.55761	26	0.0	3	1.3	254
11/05/2025	22:59:00	40.53917	141.55772	6	0.0	3	1.3	266
11/05/2025	23:00:02	40.53923	141.55773	26	0.0	3	1.3	251
11/05/2025	23:01:00	40.53938	141.55782	28	0.0	3	1.3	242
11/05/2025	23:02:00	40.53920	141.55779	40	0.0	3	1.3	243
11/05/2025	23:03:01	40.53916	141.55773	2	0.0	3	1.3	256
11/05/2025	23:04:00	40.53917	141.55770	8	0.0	3	1.3	278
11/05/2025	23:05:00	40.53922	141.55764	-0	0.0	3	1.3	245
11/05/2025	23:06:00	40.53925	141.55774	-0	0.0	3	1.3	239
11/05/2025	23:07:00	40.53920	141.55773	20	0.0	3	1.3	227
11/05/2025	23:08:00	40.53911	141.55771	16	0.0	3	1.3	250
11/05/2025	23:09:00	40.53909	141.55773	8	0.0	3	1.3	259
11/05/2025	23:10:01	40.53923	141.55771	-6	0.0	3	1.3	264
11/05/2025	23:11:00	40.53912	141.55768	8	0.0	3	1.3	254
11/05/2025	23:12:00	40.53926	141.55784	22	0.0	3	1.3	249
11/05/2025	23:13:00	40.53911	141.55770	8	0.0	3	1.3	250
11/05/2025	23:14:00	40.53930	141.55769	-14	0.0	3	1.3	244
11/05/2025	23:15:00	40.53918	141.55773	6	0.0	3	1.3	248
11/05/2025	23:16:01	40.53918	141.55779	16	0.0	3	1.3	243
11/05/2025	23:17:01	40.53917	141.55761	-48	0.0	3	1.3	234
11/05/2025	23:18:00	40.53930	141.55776	6	0.0	3	1.3	249
11/05/2025	23:19:00	40.53914	141.55770	-14	0.0	3	1.3	222
11/05/2025	23:20:01	40.53905	141.55776	22	0.0	3	1.3	245
11/05/2025	23:21:01	40.53918	141.55767	10	0.0	3	1.3	246
11/05/2025	23:22:00	40.53915	141.55765	0	0.0	3	1.3	244
11/05/2025	23:23:00	40.53918	141.55766	-4	0.0	3	1.3	265
11/05/2025	23:24:00	40.53904	141.55770	32	0.0	3	1.3	253
11/05/2025	23:25:01	40.53929	141.55777	8	0.0	3	1.3	222
11/05/2025	23:26:01	40.53918	141.55767	4	0.0	3	1.3	254
11/05/2025	23:27:00	40.53925	141.55764	0	0.0	3	1.3	258
11/05/2025	23:28:02	40.53918	141.55771	26	0.0	3	1.3	240
11/05/2025	23:29:00	40.53905	141.55765	34	0.0	3	1.3	260
11/05/2025	23:30:00	40.53912	141.55777	32	0.0	3	1.3	254
11/05/2025	23:31:00	40.53931	141.55774	10	0.0	3	1.3	250
11/05/2025	23:32:01	40.53916	141.55774	22	0.0	3	1.3	246
11/05/2025	23:33:01	40.53923	141.55767	26	0.0	3	1.3	244
11/05/2025	23:34:01	40.53920	141.55769	4	0.0	3	1.3	250
11/05/2025	23:35:00	40.53927	141.55770	16	0.0	3	1.3	254
11/05/2025	23:36:01	40.53921	141.55770	22	0.0	3	1.3	249
11/05/2025	23:37:01	40.53917	141.55771	6	0.0	3	1.3	248
11/05/2025	23:38:00	40.53914	141.55767	32	0.0	3	1.3	245
11/05/2025	23:39:00	40.53931	141.55768	-8	0.0	3	2.4	217
11/05/2025	23:40:01	40.53919	141.55780	36	0.0	3	1.3	247
11/05/2025	23:41:00	40.53924	141.55776	4	0.0	3	1.3	256
11/05/2025	23:42:00	40.53922	141.55766	8	0.0	3	1.3	259
11/05/2025	23:43:00	40.53929	141.55767	-12	0.0	3	1.3	213
11/05/2025	23:44:01	40.53915	141.55775	24	0.0	3	1.3	251
11/05/2025	23:45:02	40.53924	141.55779	8	0.0	3	1.3	241
11/05/2025	23:46:01	40.53916	141.55767	16	0.0	2	2.0	247
11/05/2025	23:47:01	40.53912	141.55773	36	0.0	2	2.0	242
11/05/2025	23:48:01	40.53916	141.55778	8	0.0	3	1.3	236
11/05/2025	23:49:02	40.53923	141.55776	-10	0.0	3	1.3	250
11/05/2025	23:50:02	40.53914	141.55768	36	0.0	3	1.3	236
11/05/2025	23:51:02	40.53916	141.55762	22	0.0	3	1.3	229
11/05/2025	23:52:04	40.53917	141.55767	22	14.8	2	2.0	235
11/05/2025	23:53:02	40.53913	141.55766	32	0.0	2	2.0	231
11/05/2025	23:54:02	40.53920	141.55771	12	0.0	2	2.0	247
11/05/2025	23:55:02	40.53916	141.55773	16	0.0	2	2.0	244
11/05/2025	23:56:02	40.53933	141.55766	6	0.0	2	2.0	241
11/05/2025	23:57:02	40.53915	141.55787	-4	0.0	2	2.0	221
11/05/2025	23:58:02	40.53919	141.55774	4	0.0	2	2.1	216
11/05/2025	23:59:03	40.53917	141.55780	20	0.0	2	2.1	229
12/05/2025	00:00:05	40.53928	141.55770	16	0.0	3	3.0	236
12/05/2025	00:01:04	40.53946	141.55767	-22	0.0	3	3.0	274
12/05/2025	00:02:06	40.53914	141.55769	24	3.7	3	3.0	238
12/05/2025	00:03:08	40.53940	141.55770	-14	7.4	3	3.0	231
12/05/2025	00:04:02	40.53939	141.55767	-0	0.0	3	3.0	239
12/05/2025	00:05:02	40.53916	141.55762	22	0.0	3	3.0	246
12/05/2025	00:06:04	40.53872	141.55789	56	0.0	3	3.0	251
12/05/2025	00:07:05	40.53911	141.55774	22	0.0	3	3.0	243
12/05/2025	00:08:20	40.53931	141.55766	4	0.0	3	3.0	240
12/05/2025	00:09:31	40.53917	141.55774	8	0.0	4	1.4	283
12/05/2025	00:10:02	40.53924	141.55771	10	0.0	4	1.4	212
12/05/2025	00:11:01	40.53927	141.55767	20	0.0	4	1.4	187
12/05/2025	00:12:01	40.53918	141.55770	12	0.0	3	2.2	206
12/05/2025	00:13:02	40.53923	141.55770	24	0.0	4	1.4	181
12/05/2025	00:14:01	40.53918	141.55771	-4	0.0	3	1.4	181
12/05/2025	00:15:01	40.53924	141.55762	20	0.0	4	1.4	222
12/05/2025	00:16:01	40.53921	141.55766	16	0.0	4	1.4	225
12/05/2025	00:17:00	40.53914	141.55793	32	0.0	4	1.4	196
12/05/2025	00:18:00	40.53914	141.55787	38	0.0	3	2.3	247
12/05/2025	00:19:01	40.53914	141.55772	8	0.0	4	1.4	186
12/05/2025	00:20:01	40.53922	141.55767	18	0.0	4	1.4	234
12/05/2025	00:21:02	40.53919	141.55768	18	0.0	4	1.4	259
12/05/2025	00:22:02	40.53917	141.55774	30	0.0	3	2.3	218
12/05/2025	00:23:01	40.53913	141.55769	12	0.0	4	1.4	265
12/05/2025	00:24:02	40.53907	141.55775	12	0.0	4	1.4	253
12/05/2025	00:25:02	40.53915	141.55770	14	0.0	4	1.4	247
12/05/2025	00:26:01	40.53918	141.55772	22	0.0	3	2.4	229
12/05/2025	00:27:02	40.53919	141.55772	16	0.0	4	1.4	270
12/05/2025	00:28:02	40.53917	141.55775	8	0.0	4	1.4	279
12/05/2025	00:29:01	40.53945	141.55764	6	0.0	3	2.4	185
12/05/2025	00:30:00	40.53897	141.55774	4	0.0	3	2.1	218
12/05/2025	00:31:01	40.53929	141.55767	12	0.0	4	1.4	266
12/05/2025	00:32:03	40.53917	141.55775	8	0.0	4	1.4	292
12/05/2025	00:33:02	40.53921	141.55774	0	0.0	3	3.0	269
12/05/2025	00:34:02	40.53914	141.55774	10	0.0	4	1.4	281
12/05/2025	00:35:01	40.53919	141.55766	6	0.0	4	1.4	264
12/05/2025	00:36:01	40.53914	141.55776	10	0.0	4	1.4	212
12/05/2025	00:37:00	40.53914	141.55759	24	3.7	3	2.4	248
12/05/2025	00:38:01	40.53914	141.55718	18	29.6	3	2.4	296
12/05/2025	00:39:01	40.53585	141.55634	-12	0.0	4	1.4	309
12/05/2025	00:40:02	40.53576	141.55643	8	0.0	3	2.4	214
12/05/2025	00:41:00	40.53569	141.55677	4	3.7	4	1.4	287
12/05/2025	00:42:02	40.53370	141.55332	14	33.3	4	1.4	289
12/05/2025	00:43:02	40.53169	141.54830	32	25.9	4	2.0	268
12/05/2025	00:44:02	40.53209	141.54366	-2	25.9	3	2.3	241
12/05/2025	00:45:02	40.52975	141.54099	20	29.6	5	1.2	301
12/05/2025	00:46:02	40.52917	141.54415	22	0.0	4	1.4	266
12/05/2025	00:47:00	40.52908	141.54417	18	0.0	3	2.2	269
12/05/2025	00:48:01	40.52928	141.54405	18	0.0	4	1.4	273
12/05/2025	00:49:00	40.52917	141.54423	18	0.0	3	2.2	240
12/05/2025	00:50:01	40.52920	141.54425	18	0.0	4	1.4	277
12/05/2025	00:51:00	40.52910	141.54371	66	0.0	3	2.3	278
12/05/2025	00:52:01	40.52918	141.54408	18	0.0	3	2.2	208
12/05/2025	00:53:02	40.52914	141.54418	16	0.0	4	1.4	240
12/05/2025	00:54:01	40.52911	141.54352	8	29.6	3	2.2	265
12/05/2025	00:55:01	40.52856	141.53909	22	25.9	3	2.2	216
12/05/2025	00:56:01	40.52961	141.53446	34	33.3	3	2.2	259
12/05/2025	00:57:00	40.53065	141.53158	8	25.9	3	2.2	245
12/05/2025	00:58:01	40.52758	141.53376	40	25.9	3	2.1	276
12/05/2025	00:59:01	40.53084	141.53518	32	44.4	3	2.1	296
12/05/2025	01:00:01	40.53602	141.53671	14	22.2	3	2.1	294
12/05/2025	01:01:01	40.53235	141.53803	26	22.2	3	2.1	296
12/05/2025	01:02:01	40.52995	141.53629	34	37.0	4	1.4	273
12/05/2025	01:03:01	40.52956	141.54123	16	48.2	3	2.1	305
12/05/2025	01:04:01	40.53203	141.54101	40	29.6	4	1.4	298
12/05/2025	01:05:00	40.53498	141.54084	48	33.3	3	2.3	253
12/05/2025	01:06:02	40.53886	141.54486	22	37.0	4	1.4	299
12/05/2025	01:07:01	40.54487	141.54641	20	40.7	4	1.4	300
12/05/2025	01:08:01	40.55074	141.54911	28	44.4	3	2.1	306
12/05/2025	01:09:01	40.55582	141.55270	30	40.7	3	2.1	298
12/05/2025	01:10:01	40.55937	141.55578	24	25.9	3	2.1	297
12/05/2025	01:11:01	40.56425	141.55365	34	33.3	4	1.4	300
12/05/2025	01:12:03	40.56684	141.55123	36	29.6	3	2.1	304
12/05/2025	01:13:01	40.56897	141.55292	36	29.6	4	1.4	280
12/05/2025	01:14:02	40.57282	141.55320	48	33.3	3	2.4	296
12/05/2025	01:15:01	40.57335	141.55695	28	29.6	4	1.4	303
12/05/2025	01:16:01	40.57801	141.55851	48	33.3	3	2.1	305
12/05/2025	01:17:00	40.57717	141.55811	6	33.3	3	2.0	298
12/05/2025	01:18:02	40.57699	141.55231	40	33.3	4	1.4	271
12/05/2025	01:19:00	40.57545	141.54655	40	33.3	3	2.0	301
12/05/2025	01:20:01	40.57668	141.54183	28	33.3	3	2.0	270
12/05/2025	01:21:00	40.57421	141.53891	14	29.6	3	2.0	276
12/05/2025	01:22:01	40.57803	141.53717	24	33.3	3	2.1	307
12/05/2025	01:23:01	40.58316	141.53749	22	37.0	3	2.1	301
12/05/2025	01:24:02	40.58770	141.54023	26	33.3	4	1.4	276
12/05/2025	01:25:02	40.59304	141.54080	36	33.3	3	2.0	273
12/05/2025	01:26:02	40.59808	141.54222	32	33.3	3	2.0	276
12/05/2025	01:27:03	40.60375	141.54308	38	37.0	4	1.4	271
12/05/2025	01:28:01	40.60928	141.54397	26	37.0	4	1.4	308
12/05/2025	01:29:01	40.61489	141.54492	28	37.0	3	2.0	294
12/05/2025	01:30:01	40.62066	141.54511	36	37.0	3	2.0	309
12/05/2025	01:31:01	40.62603	141.54704	38	37.0	3	2.0	284
12/05/2025	01:32:01	40.63197	141.54793	28	33.3	4	1.4	312
12/05/2025	01:33:01	40.63757	141.55035	36	37.0	3	2.0	289
12/05/2025	01:34:03	40.64288	141.55133	36	40.7	3	1.4	268
12/05/2025	01:35:02	40.64855	141.55406	52	37.0	2	3.4	266
12/05/2025	01:36:02	40.65449	141.55613	38	40.7	4	1.4	275
12/05/2025	01:37:02	40.66064	141.55843	46	40.7	4	1.4	273
12/05/2025	01:38:01	40.66633	141.56141	36	40.7	3	2.0	304
12/05/2025	01:39:02	40.67211	141.56449	40	40.7	3	2.0	264
12/05/2025	01:40:02	40.67795	141.56764	38	40.7	3	2.0	272
12/05/2025	01:41:01	40.68424	141.57073	30	44.4	3	2.0	301
12/05/2025	01:42:01	40.69104	141.57275	44	44.4	3	2.0	312
12/05/2025	01:43:02	40.69785	141.57578	52	44.4	3	2.0	270
12/05/2025	01:44:03	40.70425	141.57998	60	44.4	3	2.0	272
12/05/2025	01:45:02	40.70995	141.58051	42	40.7	3	1.4	283
12/05/2025	01:46:03	40.71602	141.58358	34	40.7	2	2.1	266
12/05/2025	01:47:03	40.72184	141.58737	32	40.7	2	2.1	287
12/05/2025	01:48:03	40.72788	141.59123	20	44.4	2	2.1	273
12/05/2025	01:49:03	40.73405	141.59505	34	44.4	2	2.1	269
12/05/2025	01:50:03	40.74040	141.59674	16	44.4	2	2.1	253
12/05/2025	01:51:03	40.74576	141.59928	26	40.7	2	2.1	270
12/05/2025	01:52:01	40.75168	141.60010	20	37.0	3	1.4	301
12/05/2025	01:53:03	40.75799	141.60027	20	44.4	2	2.1	268
12/05/2025	01:54:02	40.76491	141.60135	34	44.4	2	2.1	303
12/05/2025	01:55:03	40.77123	141.60336	30	44.4	2	2.0	274
12/05/2025	01:56:03	40.77843	141.60505	28	48.2	2	2.0	272
12/05/2025	01:57:03	40.78564	141.60680	40	48.2	2	2.0	254
12/05/2025	01:58:02	40.79294	141.60822	24	48.2	2	2.0	265
12/05/2025	01:59:03	40.80063	141.61098	38	51.9	2	2.0	264
12/05/2025	02:00:02	40.80750	141.61256	38	48.2	2	2.1	311
12/05/2025	02:01:03	40.81498	141.61628	36	51.9	2	2.1	289
12/05/2025	02:02:31	40.82588	141.62150	36	51.9	5	1.4	308
12/05/2025	02:03:02	40.82965	141.62308	56	51.9	5	1.4	307
12/05/2025	02:04:03	40.83692	141.62781	18	51.9	4	3.1	312
12/05/2025	02:05:03	40.84392	141.63312	24	51.9	4	3.0	274
12/05/2025	02:06:02	40.85066	141.63853	36	51.9	5	1.3	282
12/05/2025	02:07:03	40.85588	141.64469	82	40.7	4	6.1	269
12/05/2025	02:08:01	40.86196	141.64412	34	48.2	5	1.3	274
12/05/2025	02:09:02	40.86500	141.64189	2	3.7	4	2.4	282
12/05/2025	02:10:01	40.86391	141.64264	28	14.8	4	2.4	257
12/05/2025	02:11:01	40.86352	141.64294	-6	0.0	5	1.3	277
12/05/2025	02:12:01	40.86347	141.64312	-28	0.0	4	2.3	238
12/05/2025	02:13:02	40.86339	141.64308	-14	0.0	4	1.4	263
12/05/2025	02:14:01	40.86654	141.64134	28	48.2	4	1.4	270
12/05/2025	02:15:02	40.87180	141.63436	18	3.7	4	2.3	266
12/05/2025	02:16:02	40.87489	141.63351	-20	7.4	5	1.3	263
12/05/2025	02:17:00	40.87750	141.63258	18	37.0	4	2.2	278
12/05/2025	02:18:02	40.88047	141.63201	-2	0.0	4	2.2	258
12/05/2025	02:19:02	40.88425	141.63113	-12	3.7	5	1.3	271
12/05/2025	02:20:01	40.88553	141.63117	-6	0.0	4	2.2	248
12/05/2025	02:21:01	40.88599	141.62990	38	40.7	5	1.3	305
12/05/2025	02:22:01	40.88657	141.62267	20	29.6	4	2.1	292
12/05/2025	02:23:01	40.88671	141.62150	18	0.0	4	2.1	277
12/05/2025	02:24:02	40.88635	141.61919	12	0.0	4	2.1	265
12/05/2025	02:25:02	40.88606	141.61899	12	0.0	4	2.1	268
12/05/2025	02:26:01	40.88466	141.61855	32	25.9	4	2.1	276
12/05/2025	02:27:00	40.88013	141.61662	36	37.0	3	2.1	254
12/05/2025	02:28:03	40.87721	141.61890	0	0.0	4	2.0	287
12/05/2025	02:29:03	40.87579	141.62517	-2	25.9	4	2.0	301
12/05/2025	02:30:03	40.87485	141.63131	42	33.3	4	2.0	296
12/05/2025	02:31:01	40.87448	141.63228	-0	0.0	4	2.0	240
12/05/2025	02:32:01	40.87440	141.63226	2	3.7	4	2.0	243
12/05/2025	02:33:02	40.87448	141.63257	14	0.0	3	8.0	259
12/05/2025	02:34:02	40.87426	141.63272	14	0.0	3	7.4	225
12/05/2025	02:35:03	40.87396	141.63358	4	0.0	4	2.0	236
12/05/2025	02:36:01	40.87369	141.63365	14	0.0	4	2.0	264
12/05/2025	02:37:02	40.87348	141.63366	16	0.0	4	1.4	260
12/05/2025	02:38:01	40.87328	141.63367	10	0.0	4	1.4	263
12/05/2025	02:39:01	40.87302	141.63367	-6	0.0	4	1.4	298
12/05/2025	02:40:02	40.87285	141.63371	-0	0.0	4	1.4	261
12/05/2025	02:41:01	40.87256	141.63381	-14	0.0	4	1.4	261
12/05/2025	02:42:01	40.87226	141.63397	12	0.0	4	1.4	255
12/05/2025	02:43:02	40.87206	141.63417	20	0.0	4	1.4	260
12/05/2025	02:44:03	40.87192	141.63432	-0	0.0	4	1.4	258
12/05/2025	02:45:01	40.87155	141.63452	4	0.0	4	1.4	264
12/05/2025	02:46:00	40.86809	141.63720	-28	0.0	3	1.4	202
12/05/2025	02:47:02	40.86786	141.63751	6	0.0	4	1.4	258
12/05/2025	02:48:02	40.86751	141.63762	16	0.0	4	1.4	267
12/05/2025	02:49:01	40.86731	141.63766	4	0.0	4	1.4	237
12/05/2025	02:50:02	40.86716	141.63761	-12	0.0	4	1.4	241
12/05/2025	02:51:02	40.86693	141.63788	-2	0.0	4	1.4	261
12/05/2025	02:52:01	40.86651	141.63804	14	18.5	4	1.4	303
12/05/2025	02:53:02	40.86507	141.63852	8	0.0	4	1.4	268
12/05/2025	02:54:01	40.86478	141.63839	10	0.0	4	1.4	271
12/05/2025	02:55:00	40.86475	141.63869	30	0.0	4	1.3	278
12/05/2025	02:56:02	40.86448	141.63853	10	0.0	4	1.3	256
12/05/2025	02:57:02	40.86424	141.63855	6	0.0	4	1.3	250
12/05/2025	02:58:00	40.86393	141.63848	20	0.0	3	2.0	210
12/05/2025	02:59:01	40.86385	141.63853	4	0.0	4	1.3	275
12/05/2025	03:00:01	40.86386	141.63856	4	0.0	4	1.3	246
12/05/2025	03:01:01	40.86355	141.63845	20	0.0	4	1.3	273
12/05/2025	03:02:03	40.86321	141.63846	56	0.0	3	8.0	302
12/05/2025	03:03:01	40.86324	141.63812	-6	0.0	4	1.3	246
12/05/2025	03:04:00	40.86303	141.63799	2	0.0	3	1.4	236
12/05/2025	03:05:01	40.86287	141.63781	0	0.0	4	1.3	273
12/05/2025	03:06:00	40.86286	141.63773	-10	0.0	4	1.3	249
12/05/2025	03:07:01	40.86265	141.63769	20	0.0	4	1.3	278
12/05/2025	03:08:01	40.86243	141.63757	12	0.0	4	1.3	275
12/05/2025	03:09:01	40.86222	141.63742	-6	0.0	4	1.3	273
12/05/2025	03:10:01	40.86211	141.63748	0	0.0	4	1.3	273
12/05/2025	03:11:02	40.86200	141.63723	8	0.0	4	1.3	272
12/05/2025	03:12:03	40.86173	141.63737	10	0.0	3	3.0	255
12/05/2025	03:13:02	40.86150	141.63737	8	0.0	4	1.3	307
12/05/2025	03:14:01	40.86126	141.63733	0	0.0	4	1.3	274
12/05/2025	03:15:00	40.86089	141.63740	-6	0.0	3	2.4	275
12/05/2025	03:16:01	40.85802	141.63610	34	37.0	4	1.3	276
12/05/2025	03:17:01	40.85245	141.63297	8	40.7	3	2.4	276
12/05/2025	03:18:00	40.84681	141.63007	32	37.0	3	2.4	275
12/05/2025	03:19:01	40.84130	141.62700	0	37.0	4	1.3	299
12/05/2025	03:20:00	40.83599	141.62474	40	33.3	3	2.3	221
12/05/2025	03:21:00	40.83214	141.62066	-4	37.0	3	2.3	272
12/05/2025	03:22:00	40.82760	141.61611	16	40.7	3	2.3	221
12/05/2025	03:23:00	40.82249	141.61411	10	44.4	3	2.3	305
12/05/2025	03:24:00	40.81829	141.61184	4	37.0	3	2.3	225
12/05/2025	03:25:02	40.81906	141.60504	56	40.7	3	2.2	244
12/05/2025	03:26:03	40.82110	141.60093	58	29.6	3	2.3	297
12/05/2025	03:27:00	40.81855	141.59462	20	37.0	3	2.3	280
12/05/2025	03:28:01	40.81477	141.58944	76	37.0	3	2.2	300
12/05/2025	03:29:04	40.80983	141.58373	36	37.0	3	2.2	297
12/05/2025	03:30:03	40.80603	141.57706	28	40.7	3	2.2	306
12/05/2025	03:31:01	40.80165	141.57210	22	37.0	3	2.2	311
12/05/2025	03:32:00	40.79667	141.56708	-16	40.7	3	2.2	283
12/05/2025	03:33:03	40.79172	141.56187	-12	40.7	2	3.3	303
12/05/2025	03:34:02	40.78679	141.55645	10	40.7	3	2.2	299
12/05/2025	03:35:01	40.78196	141.55112	28	37.0	3	2.2	283
12/05/2025	03:36:02	40.77682	141.54579	32	44.4	2	3.3	289
12/05/2025	03:37:02	40.77203	141.53971	8	40.7	3	2.2	294
12/05/2025	03:38:02	40.76827	141.53774	0	0.0	3	2.1	242
12/05/2025	03:39:04	40.76441	141.53187	26	44.4	3	2.1	264
12/05/2025	03:40:02	40.75934	141.52597	50	44.4	3	2.1	300
12/05/2025	03:41:00	40.75369	141.52005	28	44.4	3	2.1	303
12/05/2025	03:42:01	40.74765	141.51442	10	48.2	3	2.1	277
12/05/2025	03:43:01	40.74172	141.50832	26	48.2	3	2.1	276
12/05/2025	03:44:02	40.73529	141.50260	30	48.2	3	2.1	274
12/05/2025	03:45:03	40.72900	141.49658	30	48.2	3	2.1	309
12/05/2025	03:46:00	40.72358	141.49111	52	44.4	3	2.1	282
12/05/2025	03:47:00	40.71841	141.48517	42	40.7	3	2.1	225
12/05/2025	03:48:02	40.71314	141.47910	48	40.7	2	3.2	273
12/05/2025	03:49:02	40.70793	141.47477	42	40.7	3	2.1	277
12/05/2025	03:50:00	40.70300	141.46972	34	40.7	3	2.1	246
12/05/2025	03:51:02	40.69771	141.46467	44	37.0	3	2.1	277
12/05/2025	03:52:02	40.69250	141.46006	34	44.4	3	2.1	307
12/05/2025	03:53:02	40.68651	141.45670	36	44.4	2	2.0	242
12/05/2025	03:54:02	40.68116	141.45196	18	40.7	3	2.1	295
12/05/2025	03:55:01	40.67645	141.45013	24	40.7	3	2.1	280
12/05/2025	03:56:01	40.66993	141.44906	26	48.2	3	2.1	277
12/05/2025	03:57:01	40.66404	141.44842	28	33.3	3	2.1	281
12/05/2025	03:58:02	40.65840	141.44890	38	40.7	3	2.2	309
12/05/2025	03:59:01	40.65278	141.44814	12	33.3	3	2.2	249
12/05/2025	04:00:01	40.64698	141.44947	2	37.0	3	2.2	253
12/05/2025	04:01:01	40.64145	141.45128	2	44.4	3	2.2	279
12/05/2025	04:02:02	40.63530	141.45412	10	44.4	3	2.2	302
12/05/2025	04:03:02	40.62957	141.45579	8	25.9	2	3.1	301
12/05/2025	04:04:05	40.62551	141.45592	66	29.6	3	2.2	303
12/05/2025	04:05:00	40.62033	141.45901	46	48.2	3	2.2	308
12/05/2025	04:06:00	40.61434	141.46053	36	44.4	3	2.2	306
12/05/2025	04:07:00	40.60899	141.46373	18	44.4	3	2.2	310
12/05/2025	04:08:00	40.60383	141.46261	2	37.0	3	2.2	279
12/05/2025	04:09:02	40.60257	141.46252	-4	0.0	3	2.2	297
12/05/2025	04:10:02	40.60214	141.46267	14	0.0	3	2.2	294
12/05/2025	04:11:05	40.60227	141.46253	14	3.7	3	2.2	263
12/05/2025	04:12:04	40.60237	141.46259	-2	0.0	3	2.2	294
12/05/2025	04:13:04	40.60217	141.46257	18	0.0	3	2.2	295
12/05/2025	04:14:05	40.60220	141.46252	18	0.0	2	3.1	297
12/05/2025	04:15:06	40.60225	141.46264	16	0.0	2	3.1	309
12/05/2025	04:16:02	40.60241	141.46265	16	0.0	2	3.1	304
12/05/2025	04:17:03	40.60297	141.46237	18	0.0	2	3.0	274
12/05/2025	04:18:08	40.60304	141.46222	18	0.0	2	3.0	292
12/05/2025	04:19:07	40.60306	141.46218	16	0.0	2	3.0	269
12/05/2025	04:20:05	40.60303	141.46227	14	0.0	2	3.0	292
12/05/2025	04:21:05	40.60307	141.46221	12	0.0	2	3.0	294
12/05/2025	04:22:08	40.60307	141.46223	12	0.0	2	3.0	295
12/05/2025	04:23:37	40.60301	141.46215	10	0.0	7	1.1	282
12/05/2025	04:24:00	40.60316	141.46210	28	0.0	5	1.3	238
12/05/2025	04:25:01	40.60300	141.46216	-4	0.0	6	1.1	293
12/05/2025	04:26:00	40.60301	141.46221	0	0.0	6	1.3	218
12/05/2025	04:27:00	40.60298	141.46215	-4	0.0	5	1.4	296
12/05/2025	04:28:00	40.60302	141.46214	8	0.0	5	1.3	275
12/05/2025	04:29:00	40.60322	141.46220	28	0.0	5	1.3	244
12/05/2025	04:30:00	40.60331	141.46221	38	0.0	4	2.3	204
12/05/2025	04:31:00	40.60297	141.46227	2	0.0	4	2.0	272
12/05/2025	04:32:00	40.60296	141.46211	16	0.0	6	1.1	298
12/05/2025	04:33:01	40.60299	141.46215	10	0.0	5	1.3	299
12/05/2025	04:34:00	40.60288	141.46230	-2	0.0	3	2.4	242
12/05/2025	04:35:00	40.60286	141.46222	-0	0.0	5	1.3	309
12/05/2025	04:36:00	40.60344	141.46210	36	0.0	4	2.2	307
12/05/2025	04:37:01	40.60279	141.46215	2	0.0	7	1.0	284
12/05/2025	04:38:00	40.60314	141.46224	14	0.0	6	1.3	301
12/05/2025	04:39:00	40.60292	141.46215	-2	0.0	4	2.1	236
12/05/2025	04:40:00	40.60285	141.46216	8	0.0	4	2.1	263
12/05/2025	04:41:00	40.60305	141.46214	0	0.0	7	1.0	303
12/05/2025	04:42:00	40.60240	141.46271	8	0.0	5	1.2	273
12/05/2025	04:43:01	40.60267	141.46264	6	0.0	6	1.1	296
12/05/2025	04:44:01	40.60257	141.46264	8	3.7	3	2.0	236
12/05/2025	04:45:01	40.60280	141.46244	-2	25.9	5	1.2	268
12/05/2025	04:46:00	40.60315	141.46210	12	0.0	5	1.3	303
12/05/2025	04:47:00	40.60306	141.46214	38	0.0	4	1.4	301
12/05/2025	04:48:00	40.60292	141.46210	6	0.0	5	1.3	282
12/05/2025	04:49:01	40.60296	141.46214	4	0.0	6	1.3	277
12/05/2025	04:50:00	40.60309	141.46221	24	0.0	7	1.0	311
12/05/2025	04:51:00	40.60295	141.46214	-2	0.0	6	1.3	308
12/05/2025	04:52:00	40.60267	141.46206	-6	0.0	5	2.3	306
12/05/2025	04:53:00	40.60277	141.46203	0	0.0	4	2.1	241
12/05/2025	04:54:00	40.60296	141.46215	-0	0.0	6	1.3	310
12/05/2025	04:55:00	40.60291	141.46208	10	0.0	3	2.3	288
12/05/2025	04:56:01	40.60298	141.46209	8	0.0	7	1.0	311
12/05/2025	04:57:01	40.60293	141.46212	16	0.0	7	1.0	308
12/05/2025	04:58:01	40.60290	141.46213	16	0.0	7	1.0	308
12/05/2025	04:59:00	40.60300	141.46193	-36	0.0	5	2.1	284
12/05/2025	05:00:00	40.60323	141.46222	16	0.0	5	1.2	284
12/05/2025	05:01:00	40.60315	141.46201	16	0.0	6	1.1	280
12/05/2025	05:02:01	40.60278	141.46254	0	0.0	7	1.0	278
12/05/2025	05:03:01	40.60278	141.46252	6	0.0	5	1.1	294
12/05/2025	05:04:01	40.60281	141.46257	10	0.0	5	1.3	279
12/05/2025	05:05:01	40.60203	141.46306	0	51.9	5	2.0	244
12/05/2025	05:06:01	40.60017	141.46788	46	33.3	5	1.2	296
12/05/2025	05:07:00	40.59456	141.47087	22	44.4	6	1.0	282
12/05/2025	05:08:00	40.58919	141.47421	14	29.6	5	2.0	275
12/05/2025	05:08:59	40.58522	141.48056	14	44.4	5	1.1	277
12/05/2025	05:09:59	40.58397	141.48259	82	3.7	4	2.3	304
12/05/2025	05:11:00	40.58410	141.48229	16	0.0	4	2.2	246
12/05/2025	05:12:00	40.58390	141.48213	24	0.0	6	1.0	306
12/05/2025	05:13:01	40.58389	141.48215	8	0.0	6	1.0	279
12/05/2025	05:14:00	40.58396	141.48221	10	0.0	4	1.4	271
12/05/2025	05:15:00	40.58389	141.48204	22	0.0	5	1.1	247
12/05/2025	05:16:01	40.58418	141.48148	22	7.4	6	1.0	293
12/05/2025	05:17:00	40.58390	141.48192	-10	0.0	3	2.2	238
12/05/2025	05:18:00	40.58386	141.48222	2	0.0	5	1.3	277
12/05/2025	05:19:00	40.58388	141.48216	24	0.0	4	1.3	273
12/05/2025	05:20:00	40.58390	141.48229	10	0.0	4	1.3	275
12/05/2025	05:21:00	40.58403	141.48229	16	0.0	4	1.3	274
12/05/2025	05:22:01	40.58417	141.48228	40	0.0	3	3.0	293
12/05/2025	05:23:00	40.58400	141.48228	38	0.0	4	1.3	225
12/05/2025	05:24:02	40.58390	141.48213	8	0.0	5	1.1	265
12/05/2025	05:25:01	40.58388	141.48224	0	0.0	5	1.1	276
12/05/2025	05:26:01	40.58387	141.48229	8	0.0	4	1.3	266
12/05/2025	05:27:00	40.58385	141.48228	22	0.0	3	2.2	244
12/05/2025	05:28:00	40.58389	141.48223	-14	0.0	4	1.3	215
12/05/2025	05:29:01	40.58381	141.48221	42	0.0	3	2.0	261
12/05/2025	05:30:00	40.58212	141.48474	62	44.4	3	1.3	302
12/05/2025	05:31:02	40.57690	141.48927	42	18.5	6	1.0	310
12/05/2025	05:32:01	40.57661	141.49291	34	51.9	3	1.3	272
12/05/2025	05:33:01	40.57193	141.49373	82	29.6	5	1.1	300
12/05/2025	05:34:00	40.56749	141.49735	52	37.0	3	2.3	239
12/05/2025	05:35:01	40.56510	141.50142	2	0.0	4	1.2	264
12/05/2025	05:36:00	40.56344	141.50274	18	37.0	3	2.2	184
12/05/2025	05:37:00	40.56163	141.50649	44	37.0	3	2.4	211
12/05/2025	05:38:00	40.55829	141.51305	60	48.2	4	2.2	268
12/05/2025	05:39:00	40.55669	141.51541	20	0.0	3	2.1	240
12/05/2025	05:40:00	40.55668	141.51551	30	0.0	5	1.1	247
12/05/2025	05:41:01	40.55677	141.51547	26	0.0	3	2.1	243
12/05/2025	05:42:01	40.55669	141.51554	30	0.0	4	1.2	301
12/05/2025	05:43:01	40.55670	141.51549	10	0.0	5	1.1	273
12/05/2025	05:44:01	40.55672	141.51540	12	0.0	5	1.1	266
12/05/2025	05:45:00	40.55660	141.51522	-28	0.0	4	2.3	270
12/05/2025	05:46:00	40.55664	141.51545	20	0.0	3	2.0	238
12/05/2025	05:47:01	40.55669	141.51542	-6	0.0	5	1.1	272
12/05/2025	05:48:01	40.55671	141.51548	12	0.0	5	1.1	271
12/05/2025	05:49:00	40.55663	141.51555	-2	0.0	3	2.0	223
12/05/2025	05:50:00	40.55673	141.51542	-8	0.0	4	1.2	247
12/05/2025	05:51:00	40.55667	141.51546	-4	0.0	3	1.2	215
12/05/2025	05:52:00	40.55674	141.51543	-22	0.0	4	1.2	247
12/05/2025	05:53:00	40.55668	141.51547	-6	0.0	4	1.2	225
12/05/2025	05:54:01	40.55668	141.51549	28	0.0	4	1.2	246
12/05/2025	05:55:01	40.55676	141.51545	-4	0.0	4	1.2	224
12/05/2025	05:56:01	40.55684	141.51542	16	0.0	4	1.2	218
12/05/2025	05:57:01	40.55670	141.51548	10	0.0	4	1.2	220
12/05/2025	05:58:01	40.55683	141.51536	46	0.0	3	1.4	188
12/05/2025	05:59:01	40.55666	141.51534	-0	0.0	4	1.2	222
12/05/2025	06:00:00	40.55664	141.51540	30	0.0	4	1.2	220
12/05/2025	06:01:00	40.55677	141.51539	-2	0.0	4	1.2	238
12/05/2025	06:02:00	40.55674	141.51553	-26	0.0	4	1.2	222
12/05/2025	06:03:00	40.55674	141.51552	0	0.0	3	1.2	217
12/05/2025	06:04:00	40.55675	141.51549	42	0.0	3	1.4	215
12/05/2025	06:05:01	40.55671	141.51547	34	0.0	4	1.2	224
12/05/2025	06:06:01	40.55672	141.51544	14	0.0	3	1.3	221
12/05/2025	06:07:01	40.55561	141.51887	24	29.6	4	1.2	219
12/05/2025	06:08:02	40.55412	141.52743	10	48.2	4	1.2	260
12/05/2025	06:09:02	40.55307	141.53712	28	51.9	4	1.2	236
12/05/2025	06:10:01	40.54985	141.54300	30	29.6	4	1.2	243
12/05/2025	06:11:02	40.54708	141.54822	6	48.2	4	1.2	270
12/05/2025	06:12:00	40.54481	141.55627	26	51.9	4	1.2	245
12/05/2025	06:13:01	40.54101	141.55949	0	33.3	4	1.2	260
12/05/2025	06:14:00	40.53921	141.55766	2	0.0	4	1.2	244
12/05/2025	06:15:00	40.53908	141.55770	-40	0.0	4	1.3	225
12/05/2025	06:16:00	40.53936	141.55753	40	0.0	3	1.4	217
12/05/2025	06:17:00	40.53924	141.55776	-8	0.0	4	1.3	218
12/05/2025	06:18:00	40.53930	141.55777	30	0.0	3	1.4	242
12/05/2025	06:19:01	40.53925	141.55765	14	0.0	3	1.4	246
12/05/2025	06:20:01	40.53917	141.55795	20	0.0	3	1.4	213
12/05/2025	06:21:01	40.53923	141.55785	26	0.0	3	1.4	224
12/05/2025	06:22:01	40.53923	141.55789	56	3.7	3	1.4	225
12/05/2025	06:23:01	40.53919	141.55761	0	0.0	3	2.1	189
12/05/2025	06:24:01	40.53927	141.55773	18	0.0	3	1.4	220
12/05/2025	06:25:01	40.53931	141.55775	32	0.0	3	1.4	217
12/05/2025	06:26:01	40.53915	141.55741	30	0.0	3	1.4	219
12/05/2025	06:27:03	40.53914	141.55773	8	0.0	3	1.4	223
12/05/2025	06:28:01	40.53915	141.55766	10	0.0	3	1.4	219
12/05/2025	06:29:01	40.53917	141.55779	-4	0.0	3	1.4	238
12/05/2025	06:30:01	40.53917	141.55770	-0	0.0	3	1.4	164
12/05/2025	06:31:01	40.53921	141.55777	2	0.0	3	1.4	165
12/05/2025	06:32:01	40.53918	141.55779	24	0.0	3	1.4	242
12/05/2025	06:33:01	40.53923	141.55777	2	0.0	3	2.0	235
12/05/2025	06:34:01	40.53917	141.55769	2	0.0	3	2.0	162
12/05/2025	06:35:01	40.53932	141.55763	-12	0.0	3	2.0	163
12/05/2025	06:36:01	40.53918	141.55776	12	0.0	3	2.0	233
12/05/2025	06:37:02	40.53918	141.55773	22	0.0	3	2.0	230
12/05/2025	06:38:02	40.53918	141.55785	12	0.0	3	2.0	230
12/05/2025	06:39:03	40.53913	141.55771	16	0.0	4	2.0	231
12/05/2025	06:40:03	40.53918	141.55779	22	0.0	4	2.0	228
12/05/2025	06:41:02	40.53919	141.55762	2	0.0	3	3.2	222
12/05/2025	06:42:04	40.53925	141.55778	2	0.0	3	3.2	214
12/05/2025	06:43:03	40.53917	141.55758	34	0.0	3	3.2	233
12/05/2025	06:44:04	40.53913	141.55762	48	0.0	3	3.2	224
12/05/2025	06:45:02	40.53940	141.55796	-28	0.0	3	3.2	202
12/05/2025	06:46:03	40.53906	141.55755	54	0.0	3	3.2	239
12/05/2025	06:47:03	40.53910	141.55754	58	0.0	3	3.2	214
12/05/2025	06:48:02	40.53917	141.55742	16	0.0	3	3.2	205
12/05/2025	06:49:03	40.53898	141.55749	78	0.0	3	3.2	200
12/05/2025	06:50:03	40.53913	141.55749	40	0.0	3	3.2	244
12/05/2025	06:51:04	40.53922	141.55768	14	0.0	3	3.2	223
12/05/2025	06:52:03	40.53913	141.55762	34	0.0	3	3.2	151
12/05/2025	06:53:04	40.53920	141.55777	26	0.0	3	3.2	220
12/05/2025	06:54:03	40.53912	141.55760	32	0.0	3	3.2	191
12/05/2025	06:55:03	40.53907	141.55759	48	0.0	3	3.2	208
12/05/2025	06:56:03	40.53908	141.55756	52	0.0	3	3.2	227
12/05/2025	06:57:04	40.53908	141.55759	50	0.0	2	2.4	222
12/05/2025	06:58:04	40.53916	141.55768	20	0.0	3	3.3	190
12/05/2025	06:59:07	40.53922	141.55775	14	3.7	3	3.3	163
12/05/2025	07:00:04	40.53919	141.55772	16	0.0	2	2.4	180
12/05/2025	07:01:31	40.53920	141.55772	18	0.0	2	4.0	220
12/05/2025	07:02:01	40.53912	141.55763	28	0.0	2	4.0	128
12/05/2025	07:03:01	40.53922	141.55748	36	0.0	2	4.0	153
12/05/2025	07:04:02	40.53930	141.55770	-4	0.0	2	4.0	189
12/05/2025	07:05:01	40.53927	141.55780	8	0.0	2	4.0	181
12/05/2025	07:06:01	40.53910	141.55770	36	0.0	2	4.0	181
12/05/2025	07:07:01	40.53919	141.55780	-4	0.0	2	4.0	158
12/05/2025	07:08:02	40.53919	141.55788	10	0.0	2	4.0	191
12/05/2025	07:09:01	40.53903	141.55769	58	0.0	2	4.1	151
12/05/2025	07:10:02	40.53912	141.55762	40	0.0	2	4.1	158
12/05/2025	07:11:02	40.53916	141.55773	20	0.0	2	4.1	194
12/05/2025	07:12:01	40.53915	141.55779	28	0.0	2	4.1	157
12/05/2025	07:13:01	40.53916	141.55764	32	0.0	2	4.1	190
12/05/2025	07:14:02	40.53912	141.55781	36	0.0	2	4.1	181
12/05/2025	07:15:02	40.53911	141.55765	42	0.0	2	4.1	232
12/05/2025	07:16:02	40.53920	141.55788	30	0.0	2	4.1	202
12/05/2025	07:17:01	40.53914	141.55782	22	0.0	2	4.2	155
12/05/2025	07:18:01	40.53926	141.55792	34	0.0	2	4.2	177
12/05/2025	07:19:01	40.53927	141.55773	-2	0.0	2	4.2	191
12/05/2025	07:20:01	40.53921	141.55769	32	0.0	2	4.2	157
12/05/2025	07:21:02	40.53900	141.55777	44	0.0	2	4.2	208
12/05/2025	07:22:02	40.53924	141.55785	14	0.0	2	4.3	260
12/05/2025	07:23:02	40.53926	141.55772	14	7.4	2	4.3	206
12/05/2025	07:24:02	40.53910	141.55765	32	0.0	2	4.3	299
12/05/2025	07:25:02	40.53913	141.55785	34	0.0	2	4.3	266
12/05/2025	07:26:02	40.53919	141.55769	24	0.0	2	4.3	222
12/05/2025	07:27:02	40.53904	141.55765	24	0.0	1	5.2	227
12/05/2025	07:28:03	40.53909	141.55771	42	0.0	2	4.4	294
12/05/2025	07:29:04	40.53925	141.55788	44	0.0	1	5.2	292
12/05/2025	07:30:03	40.53920	141.55782	46	0.0	1	5.2	231
12/05/2025	07:31:07	40.53909	141.55774	46	0.0	2	5.0	221
12/05/2025	07:32:03	40.53912	141.55784	44	0.0	2	5.0	261
12/05/2025	07:33:03	40.53924	141.55788	42	0.0	1	5.3	234
12/05/2025	07:34:04	40.53902	141.55769	32	0.0	2	5.1	262
12/05/2025	07:35:03	40.53896	141.55765	32	0.0	1	5.3	233
12/05/2025	07:36:03	40.53913	141.55770	32	0.0	1	5.3	249
12/05/2025	07:37:04	40.53912	141.55773	28	0.0	1	5.3	296
12/05/2025	07:38:22	40.53918	141.55770	16	0.0	2	5.2	293
12/05/2025	07:39:04	40.53914	141.55779	18	0.0	1	5.4	246
12/05/2025	07:40:06	40.53906	141.55766	22	0.0	1	5.4	282
12/05/2025	07:41:05	40.53911	141.55767	16	0.0	1	5.4	281
12/05/2025	07:42:06	40.53909	141.55770	22	0.0	1	5.4	244
12/05/2025	07:43:04	40.53915	141.55784	26	0.0	1	5.4	215
12/05/2025	07:44:05	40.53922	141.55800	30	0.0	1	6.0	248
12/05/2025	07:45:06	40.53915	141.55770	26	0.0	1	6.0	280
12/05/2025	07:46:07	40.53907	141.55766	28	0.0	1	6.0	248
12/05/2025	07:47:08	40.53913	141.55770	28	0.0	1	6.0	247
12/05/2025	07:48:08	40.53912	141.55782	30	0.0	1	6.0	249
12/05/2025	07:49:08	40.53905	141.55767	32	0.0	1	6.1	244
12/05/2025	07:50:08	40.53911	141.55767	32	0.0	1	6.1	243
12/05/2025	07:51:06	40.53909	141.55777	32	0.0	1	6.1	250
12/05/2025	07:52:39	40.53919	141.55772	14	0.0	7	0.4	281
12/05/2025	07:53:00	40.53911	141.55774	4	0.0	5	1.4	277
12/05/2025	07:54:01	40.53929	141.55775	-2	0.0	4	6.2	211
12/05/2025	07:55:00	40.53916	141.55779	-2	0.0	5	1.4	275
12/05/2025	07:56:00	40.53889	141.55745	26	0.0	4	2.3	273
12/05/2025	07:57:00	40.53901	141.55760	6	0.0	5	1.4	283
12/05/2025	07:58:00	40.53952	141.55766	66	3.7	5	2.0	272
12/05/2025	07:59:00	40.53927	141.55767	10	0.0	7	1.0	280
12/05/2025	08:00:00	40.53924	141.55792	0	0.0	4	2.2	256
12/05/2025	08:01:00	40.53913	141.55748	18	7.4	3	2.0	186
12/05/2025	08:02:00	40.53903	141.55757	-10	0.0	4	2.0	218
12/05/2025	08:03:01	40.53904	141.55762	10	0.0	6	1.3	274
12/05/2025	08:04:00	40.53931	141.55781	0	0.0	6	1.1	223
12/05/2025	08:05:00	40.53903	141.55769	30	3.7	6	1.3	250
12/05/2025	08:06:00	40.53913	141.55794	18	0.0	5	1.1	253
12/05/2025	08:07:00	40.53948	141.55805	-28	3.7	3	2.3	245
12/05/2025	08:08:00	40.53926	141.55770	-4	0.0	4	1.1	252
12/05/2025	08:09:01	40.53916	141.55765	24	0.0	6	1.3	251
12/05/2025	08:10:01	40.53913	141.55769	8	0.0	4	2.2	191
12/05/2025	08:11:01	40.53915	141.55771	18	0.0	7	1.0	255
12/05/2025	08:12:00	40.53901	141.55775	-32	0.0	4	2.1	252
12/05/2025	08:13:00	40.53913	141.55773	8	0.0	5	1.1	251
12/05/2025	08:14:00	40.53921	141.55774	10	0.0	4	1.2	161
12/05/2025	08:15:00	40.53920	141.55769	6	0.0	7	1.0	259
12/05/2025	08:16:00	40.53919	141.55776	18	0.0	5	1.1	193
12/05/2025	08:17:00	40.53913	141.55764	10	0.0	5	1.1	186
12/05/2025	08:18:00	40.53917	141.55767	4	11.1	4	2.2	225
12/05/2025	08:19:01	40.53916	141.55771	12	0.0	6	1.0	240
12/05/2025	08:20:00	40.53916	141.55769	0	0.0	6	1.0	254
12/05/2025	08:21:00	40.53914	141.55769	-0	0.0	5	1.3	247
12/05/2025	08:22:00	40.53916	141.55766	6	0.0	6	1.0	256
12/05/2025	08:23:00	40.53923	141.55770	10	0.0	6	1.0	257
12/05/2025	08:24:00	40.53921	141.55775	24	0.0	6	1.0	247
12/05/2025	08:25:00	40.53904	141.55765	14	0.0	5	1.4	245
12/05/2025	08:26:00	40.53927	141.55783	20	0.0	6	1.0	256
12/05/2025	08:27:00	40.53922	141.55776	24	0.0	6	1.0	252
12/05/2025	08:28:00	40.53924	141.55780	10	0.0	4	1.2	193
12/05/2025	08:29:00	40.53912	141.55761	28	0.0	5	1.1	256
12/05/2025	08:30:02	40.53922	141.55765	26	0.0	7	1.0	239
12/05/2025	08:31:00	40.53916	141.55769	0	0.0	6	1.1	254
12/05/2025	08:32:00	40.53916	141.55763	20	0.0	3	2.0	259
12/05/2025	08:33:00	40.53916	141.55764	24	0.0	5	1.2	254
12/05/2025	08:34:00	40.53926	141.55778	6	0.0	6	1.0	253
12/05/2025	08:35:00	40.53927	141.55782	24	0.0	6	1.2	251
12/05/2025	08:36:01	40.53920	141.55775	2	0.0	7	1.0	254
12/05/2025	08:37:00	40.53923	141.55776	8	0.0	5	1.2	255
12/05/2025	08:38:00	40.53919	141.55772	20	0.0	6	1.1	258
12/05/2025	08:39:00	40.53926	141.55775	16	0.0	6	1.1	253
12/05/2025	08:40:00	40.53917	141.55765	28	0.0	7	1.0	254
12/05/2025	08:41:00	40.53913	141.55772	6	0.0	5	1.3	254
12/05/2025	08:42:00	40.53925	141.55769	6	0.0	6	1.0	256
12/05/2025	08:43:00	40.53922	141.55778	20	0.0	5	1.1	218
12/05/2025	08:44:00	40.53920	141.55761	40	0.0	5	1.3	255
12/05/2025	08:45:00	40.53916	141.55770	18	0.0	7	1.0	249
12/05/2025	08:46:00	40.53914	141.55762	44	0.0	5	1.2	252
12/05/2025	08:47:00	40.53916	141.55756	18	0.0	4	1.2	251
12/05/2025	08:48:00	40.53926	141.55757	-16	0.0	4	1.2	217
12/05/2025	08:49:01	40.53920	141.55768	32	0.0	7	1.1	255
12/05/2025	08:50:00	40.53920	141.55766	14	0.0	5	1.1	246
12/05/2025	08:51:00	40.53913	141.55754	46	0.0	5	1.2	249
12/05/2025	08:52:00	40.53928	141.55769	16	0.0	6	1.0	253
12/05/2025	08:53:00	40.53922	141.55785	-0	0.0	7	1.0	254
12/05/2025	08:54:00	40.53927	141.55773	28	0.0	5	1.1	251
12/05/2025	08:55:00	40.53901	141.55780	-0	0.0	6	1.1	249
12/05/2025	08:56:00	40.53917	141.55766	48	3.7	5	1.1	222
12/05/2025	08:57:00	40.53920	141.55772	-14	0.0	6	1.1	252
12/05/2025	08:58:00	40.53918	141.55771	8	0.0	4	1.3	196
12/05/2025	08:59:01	40.53919	141.55776	2	0.0	6	1.1	255
12/05/2025	09:00:00	40.53929	141.55772	-10	0.0	3	2.0	183
12/05/2025	09:01:01	40.53920	141.55774	12	0.0	6	1.1	249
12/05/2025	09:02:00	40.53926	141.55768	32	0.0	5	1.2	221
12/05/2025	09:03:00	40.53931	141.55766	62	3.7	4	1.4	221
12/05/2025	09:04:00	40.53917	141.55776	-22	0.0	5	1.2	191
12/05/2025	09:05:00	40.53915	141.55776	-0	0.0	5	1.1	249
12/05/2025	09:06:00	40.53908	141.55778	6	0.0	5	1.1	249
12/05/2025	09:07:00	40.53920	141.55777	24	0.0	4	2.1	249
12/05/2025	09:08:00	40.53921	141.55779	2	0.0	4	1.2	247
12/05/2025	09:09:00	40.53919	141.55749	34	0.0	4	1.3	161
12/05/2025	09:10:00	40.53928	141.55773	12	0.0	4	2.1	247
12/05/2025	09:11:00	40.53908	141.55783	6	0.0	3	2.3	189
12/05/2025	09:12:01	40.53917	141.55777	2	0.0	6	1.1	248
12/05/2025	09:13:00	40.53916	141.55768	18	0.0	4	1.2	214
12/05/2025	09:14:00	40.53904	141.55749	22	0.0	4	2.0	248
12/05/2025	09:15:00	40.53922	141.55773	2	0.0	5	1.2	222
12/05/2025	09:16:00	40.53903	141.55760	28	0.0	5	1.2	222
12/05/2025	09:17:00	40.53906	141.55761	32	0.0	4	1.4	191
12/05/2025	09:18:01	40.53918	141.55774	18	0.0	6	1.1	277
12/05/2025	09:19:00	40.53913	141.55761	28	0.0	4	2.0	222
12/05/2025	09:20:00	40.53917	141.55772	12	0.0	5	1.2	242
12/05/2025	09:21:00	40.53916	141.55772	18	0.0	4	2.0	217
12/05/2025	09:22:00	40.53923	141.55772	8	0.0	5	1.2	218
12/05/2025	09:23:00	40.53903	141.55765	34	0.0	5	1.2	222
12/05/2025	09:24:00	40.53918	141.55781	62	0.0	3	2.4	185
12/05/2025	09:25:00	40.53917	141.55776	22	0.0	5	1.2	220
12/05/2025	09:26:01	40.53918	141.55772	10	0.0	5	1.2	274
12/05/2025	09:27:00	40.53918	141.55772	24	0.0	4	2.1	194
12/05/2025	09:28:00	40.53926	141.55791	-0	0.0	4	2.1	192
12/05/2025	09:29:00	40.53922	141.55779	18	0.0	4	2.1	190
12/05/2025	09:30:00	40.53921	141.55776	8	0.0	4	1.3	159
12/05/2025	09:31:00	40.53917	141.55766	20	0.0	5	1.2	193
12/05/2025	09:32:00	40.53907	141.55749	2	0.0	4	2.4	211
12/05/2025	09:33:00	40.53929	141.55767	-12	0.0	5	1.2	193
12/05/2025	09:34:01	40.53915	141.55772	4	0.0	5	1.2	242
12/05/2025	09:35:00	40.53907	141.55744	44	0.0	4	2.1	248
12/05/2025	09:36:01	40.53916	141.55777	10	0.0	5	1.2	190
12/05/2025	09:37:00	40.53925	141.55777	26	0.0	4	2.1	186
12/05/2025	09:38:00	40.53935	141.55781	4	0.0	4	2.1	191
12/05/2025	09:39:00	40.53913	141.55768	18	0.0	5	1.2	191
12/05/2025	09:40:00	40.53919	141.55779	0	0.0	5	1.2	190
12/05/2025	09:41:00	40.53923	141.55778	2	0.0	5	1.2	193
12/05/2025	09:42:01	40.53913	141.55769	18	0.0	5	1.2	226
12/05/2025	09:43:00	40.53911	141.55773	32	0.0	4	1.3	159
12/05/2025	09:44:00	40.53921	141.55770	26	0.0	5	1.2	192
12/05/2025	09:45:00	40.53906	141.55762	38	0.0	4	2.2	191
12/05/2025	09:46:00	40.53913	141.55772	-0	0.0	5	1.2	191
12/05/2025	09:47:00	40.53907	141.55761	18	0.0	5	1.2	190
12/05/2025	09:48:01	40.53918	141.55767	10	0.0	5	1.2	227
12/05/2025	09:49:00	40.53921	141.55772	8	0.0	5	1.2	189
12/05/2025	09:50:00	40.53914	141.55763	20	0.0	5	1.2	195
12/05/2025	09:51:00	40.53910	141.55780	44	0.0	4	2.3	189
12/05/2025	09:52:00	40.53901	141.55761	32	0.0	5	1.2	190
12/05/2025	09:53:00	40.53923	141.55777	-6	0.0	5	1.2	189
12/05/2025	09:54:00	40.53923	141.55777	22	0.0	5	1.2	183
12/05/2025	09:55:00	40.53911	141.55764	28	3.7	4	2.4	192
12/05/2025	09:56:02	40.53922	141.55777	2	0.0	5	1.2	224
12/05/2025	09:57:01	40.53927	141.55783	-6	0.0	5	1.2	189
12/05/2025	09:58:01	40.53920	141.55776	-0	0.0	5	1.2	188
12/05/2025	09:59:01	40.53923	141.55769	12	0.0	5	1.2	215
12/05/2025	10:00:31	40.53917	141.55773	14	0.0	3	1.1	252
12/05/2025	10:01:00	40.53915	141.55768	14	0.0	3	1.1	120
12/05/2025	10:02:01	40.53911	141.55768	26	0.0	3	1.1	122
12/05/2025	10:03:00	40.53924	141.55781	22	0.0	3	1.1	120
12/05/2025	10:04:00	40.53923	141.55766	10	0.0	3	1.1	124
12/05/2025	10:05:00	40.53914	141.55777	16	0.0	3	1.1	121
12/05/2025	10:06:00	40.53911	141.55768	24	0.0	3	1.1	122
12/05/2025	10:07:01	40.53917	141.55769	18	0.0	3	1.1	187
12/05/2025	10:08:00	40.53921	141.55783	-0	0.0	3	1.1	120
12/05/2025	10:09:00	40.53907	141.55771	36	0.0	3	1.1	119
12/05/2025	10:10:01	40.53922	141.55774	-2	0.0	3	1.1	179
12/05/2025	10:11:00	40.53926	141.55776	24	0.0	3	1.1	150
12/05/2025	10:12:00	40.53924	141.55771	12	0.0	3	1.1	120
12/05/2025	10:13:01	40.53911	141.55778	20	0.0	3	1.1	142
12/05/2025	10:14:01	40.53911	141.55776	16	0.0	3	1.1	142
12/05/2025	10:15:01	40.53899	141.55806	52	0.0	2	13.2	154
12/05/2025	10:16:01	40.53916	141.55771	6	0.0	3	1.1	180
12/05/2025	10:17:01	40.53890	141.55841	88	0.0	2	14.1	179
12/05/2025	10:18:01	40.53924	141.55765	4	0.0	2	14.3	231
12/05/2025	10:19:01	40.53914	141.55787	26	0.0	2	15.1	173
12/05/2025	10:20:01	40.53918	141.55770	18	0.0	3	1.1	208
12/05/2025	10:21:02	40.53916	141.55769	22	0.0	3	1.1	228
12/05/2025	10:22:01	40.53916	141.55771	30	0.0	3	1.1	162
12/05/2025	10:23:01	40.53912	141.55782	12	0.0	2	2.0	175
12/05/2025	10:24:01	40.53888	141.55848	88	0.0	2	18.0	164
12/05/2025	10:25:01	40.53919	141.55779	20	0.0	3	1.1	208
12/05/2025	10:26:02	40.53929	141.55733	-22	0.0	1	19.2	104
12/05/2025	10:27:02	40.53952	141.55675	-78	0.0	2	20.0	230
12/05/2025	10:28:01	40.53887	141.55852	76	0.0	1	20.4	230
12/05/2025	10:29:04	40.53919	141.55769	4	0.0	3	1.1	192
12/05/2025	10:30:03	40.53916	141.55772	14	0.0	3	1.1	261
12/05/2025	10:31:03	40.53917	141.55771	14	0.0	3	1.1	266
12/05/2025	10:32:05	40.53913	141.55777	12	0.0	3	1.1	195
12/05/2025	10:33:07	40.53915	141.55781	24	3.7	3	1.1	193
12/05/2025	10:34:05	40.53921	141.55766	8	0.0	3	1.1	194
12/05/2025	10:35:07	40.53918	141.55768	12	0.0	3	1.1	227
12/05/2025	10:36:15	40.53913	141.55784	24	0.0	3	1.1	258
12/05/2025	10:37:14	40.53910	141.55788	28	0.0	3	1.1	292
12/05/2025	10:38:15	40.53915	141.55770	10	0.0	3	1.1	286
12/05/2025	10:39:08	40.53911	141.55784	22	0.0	3	1.1	192
12/05/2025	10:40:05	40.53919	141.55769	10	0.0	3	1.1	230
12/05/2025	10:41:04	40.53915	141.55778	16	0.0	3	1.1	192
12/05/2025	10:42:10	40.53914	141.55775	14	0.0	3	1.1	254
12/05/2025	10:43:15	40.53911	141.55782	18	0.0	2	2.1	264
12/05/2025	10:44:04	40.53917	141.55776	18	0.0	2	2.1	185
12/05/2025	10:45:02	40.54273	141.55711	-18	44.4	3	21.3	228
12/05/2025	10:46:01	40.54391	141.55380	12	22.2	3	1.1	207
12/05/2025	10:47:02	40.54346	141.54983	22	25.9	3	1.1	173
12/05/2025	10:48:02	40.54337	141.54612	22	22.2	2	1.4	221
12/05/2025	10:49:02	40.54099	141.54410	16	25.9	2	2.2	237
12/05/2025	10:50:31	40.53917	141.54394	6	0.0	3	1.2	281
12/05/2025	10:51:01	40.53918	141.54399	10	0.0	3	1.2	276
12/05/2025	10:52:01	40.53596	141.54582	22	37.0	3	1.2	243
12/05/2025	10:53:01	40.53503	141.55269	22	48.2	2	2.1	256
12/05/2025	10:54:00	40.53941	141.55726	12	33.3	3	1.2	204
12/05/2025	10:55:01	40.53965	141.55741	6	0.0	3	1.2	235
12/05/2025	10:56:00	40.53965	141.55746	18	0.0	3	1.2	179
12/05/2025	10:57:01	40.53954	141.55743	-4	0.0	2	4.3	260
12/05/2025	10:58:01	40.53950	141.55746	-14	0.0	2	4.3	195
12/05/2025	10:59:01	40.53956	141.55741	-4	0.0	3	1.2	153
12/05/2025	11:00:00	40.53966	141.55739	10	0.0	3	1.1	172
12/05/2025	11:01:01	40.53980	141.55743	28	0.0	3	4.1	127
12/05/2025	11:02:02	40.53919	141.55767	16	0.0	2	2.1	236
12/05/2025	11:03:01	40.53916	141.55769	20	0.0	2	2.1	238
12/05/2025	11:04:01	40.53909	141.55769	0	0.0	2	2.1	195
12/05/2025	11:05:02	40.53917	141.55764	10	0.0	2	2.1	191
12/05/2025	11:06:02	40.53916	141.55769	12	0.0	2	2.1	202
12/05/2025	11:07:02	40.53918	141.55775	2	0.0	2	2.1	205
12/05/2025	11:08:01	40.53918	141.55766	6	0.0	2	2.1	205
12/05/2025	11:09:02	40.53912	141.55768	10	0.0	2	2.0	197
12/05/2025	11:10:02	40.53919	141.55771	12	0.0	2	2.0	197
12/05/2025	11:11:01	40.53917	141.55770	12	0.0	2	2.0	168
12/05/2025	11:12:02	40.53915	141.55770	8	0.0	2	2.0	201
12/05/2025	11:13:02	40.53916	141.55763	28	0.0	2	2.0	192
12/05/2025	11:14:02	40.53921	141.55758	48	0.0	2	2.0	112
12/05/2025	11:15:01	40.53914	141.55766	10	0.0	2	2.0	134
12/05/2025	11:16:01	40.53916	141.55766	48	0.0	1	3.0	185
12/05/2025	11:17:02	40.53918	141.55772	14	0.0	2	2.0	186
12/05/2025	11:18:02	40.53911	141.55774	18	0.0	2	1.4	149
12/05/2025	11:19:01	40.53914	141.55763	22	0.0	2	1.4	181
12/05/2025	11:20:02	40.53919	141.55765	24	0.0	2	1.4	154
12/05/2025	11:21:01	40.53916	141.55764	24	0.0	2	1.4	148
12/05/2025	11:22:01	40.53924	141.55760	-26	0.0	1	3.1	155
12/05/2025	11:23:01	40.53907	141.55779	38	0.0	1	3.1	158
12/05/2025	11:24:02	40.53917	141.55775	6	0.0	2	1.4	162
12/05/2025	11:25:01	40.53916	141.55767	6	0.0	1	3.1	158
12/05/2025	11:26:01	40.53914	141.55770	12	0.0	2	1.4	225
12/05/2025	11:27:02	40.53917	141.55780	12	0.0	2	1.4	188
12/05/2025	11:28:02	40.53917	141.55773	8	0.0	2	1.4	189
12/05/2025	11:29:01	40.53917	141.55761	28	0.0	2	1.3	163
12/05/2025	11:30:02	40.53911	141.55766	20	0.0	2	1.3	213
12/05/2025	11:31:02	40.53919	141.55768	20	0.0	2	1.3	150
12/05/2025	11:32:01	40.53915	141.55769	10	0.0	2	1.3	144
12/05/2025	11:33:02	40.53920	141.55779	8	0.0	2	1.3	153
12/05/2025	11:34:02	40.53912	141.55775	36	0.0	2	1.3	153
12/05/2025	11:35:01	40.53919	141.55766	16	0.0	2	1.3	161
12/05/2025	11:36:02	40.53921	141.55767	10	0.0	2	1.3	196
12/05/2025	11:37:01	40.53917	141.55774	12	0.0	2	1.3	196
12/05/2025	11:38:02	40.53918	141.55772	4	0.0	2	1.3	195
12/05/2025	11:39:01	40.53918	141.55773	8	0.0	2	1.3	195
12/05/2025	11:40:02	40.53914	141.55776	12	0.0	2	1.3	197
12/05/2025	11:41:01	40.53914	141.55776	24	0.0	2	1.3	164
12/05/2025	11:42:01	40.53920	141.55774	18	0.0	2	1.3	200
12/05/2025	11:43:02	40.53913	141.55771	16	0.0	2	1.3	165
12/05/2025	11:44:01	40.53917	141.55769	2	0.0	2	1.3	197
12/05/2025	11:45:02	40.53915	141.55773	20	0.0	2	1.3	200
12/05/2025	11:46:01	40.53919	141.55775	6	0.0	2	1.2	199
12/05/2025	11:47:02	40.53915	141.55770	40	0.0	2	1.2	229
12/05/2025	11:48:02	40.53915	141.55772	16	0.0	2	1.2	164
12/05/2025	11:49:02	40.53917	141.55776	22	0.0	2	1.2	163
12/05/2025	11:50:01	40.53920	141.55771	-6	0.0	2	1.2	163
12/05/2025	11:51:02	40.53922	141.55774	28	0.0	2	1.2	164
12/05/2025	11:52:02	40.53917	141.55769	18	0.0	2	1.2	164
12/05/2025	11:53:02	40.53917	141.55772	28	0.0	2	1.2	189
12/05/2025	11:54:03	40.53916	141.55774	12	0.0	2	1.2	167
12/05/2025	11:55:01	40.53915	141.55780	12	0.0	2	1.2	219
12/05/2025	11:56:02	40.53916	141.55770	12	0.0	2	1.2	200
12/05/2025	11:57:02	40.53915	141.55772	10	0.0	2	1.2	194
12/05/2025	11:58:03	40.53916	141.55771	20	0.0	2	1.2	188
12/05/2025	11:59:03	40.53916	141.55772	22	0.0	2	1.2	195
12/05/2025	12:00:32	40.53916	141.55771	14	0.0	4	1.1	250
12/05/2025	12:01:00	40.53912	141.55769	12	0.0	4	1.4	163
12/05/2025	12:02:00	40.53914	141.55765	14	0.0	4	1.4	167
12/05/2025	12:03:00	40.53910	141.55778	22	0.0	4	1.1	166
12/05/2025	12:04:01	40.53917	141.55775	12	0.0	4	1.1	193
12/05/2025	12:05:00	40.53920	141.55778	60	0.0	4	1.2	189
12/05/2025	12:06:00	40.53905	141.55767	4	0.0	4	1.2	188
12/05/2025	12:07:00	40.53917	141.55764	62	0.0	3	2.0	188
12/05/2025	12:08:01	40.53916	141.55773	30	0.0	4	1.2	190
12/05/2025	12:09:00	40.53896	141.55748	-62	0.0	3	2.3	191
12/05/2025	12:10:01	40.53921	141.55770	18	0.0	4	1.2	227
12/05/2025	12:11:00	40.53906	141.55754	8	0.0	4	2.1	193
12/05/2025	12:12:00	40.53890	141.55755	-56	0.0	3	2.1	187
12/05/2025	12:13:01	40.53921	141.55772	8	0.0	4	1.2	191
12/05/2025	12:14:02	40.53916	141.55773	12	0.0	4	1.2	224
12/05/2025	12:15:01	40.53919	141.55774	22	0.0	4	1.2	226
12/05/2025	12:16:01	40.53923	141.55767	-0	0.0	3	1.2	153
12/05/2025	12:17:00	40.53918	141.55779	10	0.0	3	1.2	192
12/05/2025	12:18:01	40.53920	141.55762	-40	0.0	3	1.3	222
12/05/2025	12:19:00	40.53896	141.55767	18	0.0	3	2.3	187
12/05/2025	12:20:00	40.53914	141.55780	0	3.7	3	1.3	188
12/05/2025	12:21:01	40.53922	141.55774	-2	0.0	3	1.3	224
12/05/2025	12:22:00	40.53919	141.55775	16	0.0	3	1.3	188
12/05/2025	12:23:01	40.53920	141.55765	-0	0.0	3	1.3	186
12/05/2025	12:24:01	40.53914	141.55768	2	0.0	3	1.3	187
12/05/2025	12:25:00	40.53925	141.55785	-16	3.7	3	1.3	184
12/05/2025	12:26:00	40.53909	141.55761	18	3.7	3	1.3	184
12/05/2025	12:27:00	40.53930	141.55772	52	3.7	3	1.3	189
12/05/2025	12:28:00	40.53932	141.55766	28	0.0	3	1.3	186
12/05/2025	12:29:00	40.53911	141.55772	20	0.0	3	1.3	187
12/05/2025	12:30:01	40.53902	141.55784	48	0.0	3	1.3	160
12/05/2025	12:31:02	40.53915	141.55772	16	0.0	3	1.4	223
12/05/2025	12:32:01	40.53917	141.55769	-0	0.0	3	1.4	184
12/05/2025	12:33:00	40.53909	141.55778	12	0.0	3	1.4	163
12/05/2025	12:34:01	40.53920	141.55768	12	0.0	3	1.4	204
12/05/2025	12:35:01	40.53917	141.55766	10	0.0	3	1.4	239
12/05/2025	12:36:01	40.53919	141.55773	16	0.0	3	1.4	207
12/05/2025	12:37:01	40.53918	141.55777	6	0.0	3	1.4	209
12/05/2025	12:38:01	40.53913	141.55774	10	0.0	3	1.4	186
12/05/2025	12:39:01	40.53919	141.55766	20	0.0	3	1.4	207
12/05/2025	12:40:00	40.53914	141.55764	-0	0.0	3	2.0	188
12/05/2025	12:41:02	40.53919	141.55771	8	0.0	3	2.0	210
12/05/2025	12:42:00	40.53907	141.55779	6	3.7	3	2.0	186
12/05/2025	12:43:01	40.53925	141.55771	8	0.0	3	2.0	213
12/05/2025	12:44:00	40.53919	141.55752	-30	0.0	3	2.0	184
12/05/2025	12:45:01	40.53907	141.55778	28	0.0	3	2.0	208
12/05/2025	12:46:01	40.53925	141.55755	-6	0.0	3	2.0	205
12/05/2025	12:47:01	40.53917	141.55770	2	0.0	3	2.0	240
12/05/2025	12:48:01	40.53895	141.55783	44	0.0	3	2.1	206
12/05/2025	12:49:01	40.53919	141.55768	10	0.0	3	2.1	206
12/05/2025	12:50:00	40.53927	141.55755	-2	0.0	3	2.1	189
12/05/2025	12:51:01	40.53914	141.55774	4	0.0	3	2.1	183
12/05/2025	12:52:01	40.53912	141.55775	22	0.0	3	2.1	189
12/05/2025	12:53:01	40.53916	141.55767	6	0.0	3	2.1	188
12/05/2025	12:54:01	40.53912	141.55773	6	0.0	3	2.1	187
12/05/2025	12:55:01	40.53917	141.55778	30	0.0	3	2.2	205
12/05/2025	12:56:01	40.53917	141.55776	16	0.0	3	2.2	187
12/05/2025	12:57:01	40.53919	141.55764	12	0.0	3	2.2	206
12/05/2025	12:58:01	40.53924	141.55766	-16	0.0	3	2.2	185
12/05/2025	12:59:02	40.53917	141.55769	10	0.0	3	2.2	241
12/05/2025	13:00:02	40.53903	141.55785	44	0.0	3	2.2	205
12/05/2025	13:01:02	40.53909	141.55774	20	0.0	3	2.3	188
12/05/2025	13:02:03	40.53919	141.55771	6	0.0	3	2.3	209
12/05/2025	13:03:02	40.53919	141.55766	-6	0.0	3	2.3	209
12/05/2025	13:04:02	40.53929	141.55770	0	0.0	3	2.3	210
12/05/2025	13:05:02	40.53914	141.55771	22	0.0	2	3.1	180
12/05/2025	13:06:01	40.53923	141.55768	10	0.0	3	2.3	215
12/05/2025	13:07:01	40.53921	141.55769	16	0.0	3	2.4	213
12/05/2025	13:08:02	40.53903	141.55777	42	0.0	3	2.4	210
12/05/2025	13:09:02	40.53911	141.55773	12	0.0	3	2.4	212
12/05/2025	13:10:02	40.53909	141.55774	30	0.0	3	2.4	213
12/05/2025	13:11:02	40.53913	141.55765	12	0.0	3	2.4	213
12/05/2025	13:12:03	40.53917	141.55776	12	0.0	3	2.4	214
12/05/2025	13:13:02	40.53924	141.55770	10	0.0	2	4.1	212
12/05/2025	13:14:03	40.53909	141.55772	20	0.0	3	2.4	212
12/05/2025	13:15:03	40.53915	141.55766	12	0.0	3	3.0	212
12/05/2025	13:16:03	40.53919	141.55775	8	0.0	2	4.2	211
12/05/2025	13:17:03	40.53894	141.55780	50	0.0	2	4.2	212
12/05/2025	13:18:03	40.53907	141.55773	20	0.0	2	4.2	212
12/05/2025	13:19:02	40.53907	141.55772	38	0.0	2	4.2	193
12/05/2025	13:20:03	40.53931	141.55764	-12	0.0	2	4.2	210
12/05/2025	13:21:03	40.53924	141.55765	-4	0.0	2	4.2	208
12/05/2025	13:22:03	40.53921	141.55772	10	0.0	2	4.2	199
12/05/2025	13:23:03	40.53916	141.55766	10	0.0	2	4.2	207
12/05/2025	13:24:03	40.53920	141.55769	-2	0.0	2	4.1	197
12/05/2025	13:25:02	40.53900	141.55781	44	0.0	2	4.4	197
12/05/2025	13:26:03	40.53920	141.55779	16	0.0	2	4.1	198
12/05/2025	13:27:03	40.53926	141.55767	-16	0.0	2	4.1	197
12/05/2025	13:28:03	40.53920	141.55764	-4	0.0	2	4.1	197
12/05/2025	13:29:03	40.53905	141.55776	34	0.0	2	4.0	201
12/05/2025	13:30:02	40.53898	141.55791	102	0.0	2	4.4	199
12/05/2025	13:31:03	40.53929	141.55767	-0	0.0	2	4.4	201
12/05/2025	13:32:02	40.53919	141.55766	-10	0.0	2	4.4	200
12/05/2025	13:33:02	40.53918	141.55778	50	0.0	2	4.4	198
12/05/2025	13:34:03	40.53932	141.55761	2	0.0	2	5.0	195
12/05/2025	13:35:03	40.53913	141.55775	30	0.0	2	5.0	202
12/05/2025	13:36:02	40.53892	141.55803	132	0.0	2	5.0	201
12/05/2025	13:37:02	40.53911	141.55782	56	0.0	2	5.0	200
12/05/2025	13:38:03	40.53892	141.55800	94	0.0	2	5.0	201
12/05/2025	13:39:02	40.53914	141.55768	4	0.0	2	5.0	201
12/05/2025	13:40:03	40.53928	141.55752	-36	0.0	2	5.0	201
12/05/2025	13:41:02	40.53905	141.55791	88	0.0	2	5.0	203
12/05/2025	13:42:02	40.53935	141.55747	-72	0.0	2	5.0	225
12/05/2025	13:43:02	40.53921	141.55771	8	0.0	2	5.0	229
12/05/2025	13:44:03	40.53921	141.55760	-4	0.0	2	5.0	229
12/05/2025	13:45:03	40.53905	141.55782	60	0.0	2	5.0	227
12/05/2025	13:46:02	40.53897	141.55816	154	0.0	2	5.0	229
12/05/2025	13:47:02	40.53928	141.55770	10	0.0	2	5.0	231
12/05/2025	13:48:03	40.53928	141.55764	-24	0.0	2	5.0	230
12/05/2025	13:49:02	40.53922	141.55762	-22	0.0	2	5.0	198
12/05/2025	13:50:02	40.53913	141.55784	44	0.0	2	5.0	231
12/05/2025	13:51:02	40.53920	141.55745	-62	0.0	2	5.0	229
12/05/2025	13:52:03	40.53915	141.55770	20	0.0	2	5.0	229
12/05/2025	13:53:02	40.53880	141.55849	236	0.0	2	5.0	227
12/05/2025	13:54:02	40.53924	141.55762	-16	0.0	2	5.0	226
12/05/2025	13:55:02	40.53924	141.55762	-10	0.0	2	5.0	229
12/05/2025	13:56:02	40.53938	141.55741	-56	0.0	2	5.0	228
12/05/2025	13:57:02	40.53911	141.55781	48	0.0	2	5.0	229
12/05/2025	13:58:02	40.53913	141.55782	44	0.0	2	5.0	230
12/05/2025	13:59:02	40.53910	141.55790	76	0.0	2	5.0	228
12/05/2025	14:00:04	40.53905	141.55795	78	0.0	2	2.2	230
12/05/2025	14:01:04	40.53901	141.55798	84	0.0	2	2.1	229
12/05/2025	14:02:03	40.53900	141.55796	84	0.0	2	2.1	233
12/05/2025	14:03:03	40.53904	141.55795	84	0.0	2	2.1	231
12/05/2025	14:04:03	40.53902	141.55800	88	0.0	2	2.1	230
12/05/2025	14:05:03	40.53903	141.55799	92	0.0	2	2.1	227
12/05/2025	14:06:03	40.53901	141.55802	88	0.0	2	2.1	250
12/05/2025	14:07:03	40.53902	141.55798	90	0.0	2	2.1	231
12/05/2025	14:08:05	40.53900	141.55803	92	0.0	2	2.1	250
12/05/2025	14:09:05	40.53900	141.55797	92	0.0	2	2.1	230
12/05/2025	14:10:05	40.53902	141.55798	92	0.0	2	2.1	252
12/05/2025	14:11:05	40.53901	141.55797	92	0.0	2	2.1	255
12/05/2025	14:12:06	40.53903	141.55799	92	0.0	2	2.1	256
12/05/2025	14:13:06	40.53901	141.55800	92	0.0	2	2.1	248
12/05/2025	14:14:06	40.53898	141.55799	92	0.0	2	2.1	247
12/05/2025	14:15:06	40.53900	141.55805	92	0.0	2	2.1	250
12/05/2025	14:16:06	40.53900	141.55801	94	0.0	2	2.1	253
12/05/2025	14:17:06	40.53900	141.55803	94	0.0	2	2.0	250
12/05/2025	14:18:06	40.53901	141.55802	96	0.0	2	2.0	253
12/05/2025	14:19:06	40.53897	141.55806	96	0.0	2	2.0	249
12/05/2025	14:20:06	40.53901	141.55800	94	0.0	2	2.0	254
12/05/2025	14:21:06	40.53898	141.55806	94	0.0	2	2.0	254
12/05/2025	14:22:06	40.53900	141.55802	94	0.0	2	2.0	268
12/05/2025	14:23:06	40.53901	141.55806	92	0.0	2	2.0	272
12/05/2025	14:24:06	40.53898	141.55801	94	0.0	2	2.0	273
12/05/2025	14:25:06	40.53898	141.55802	92	0.0	2	2.0	268
12/05/2025	14:26:32	40.53916	141.55771	10	0.0	6	1.0	270
12/05/2025	14:27:00	40.53920	141.55772	4	0.0	5	1.1	249
12/05/2025	14:28:00	40.53923	141.55784	26	0.0	3	2.3	216
12/05/2025	14:29:00	40.53907	141.55788	38	0.0	4	1.2	227
12/05/2025	14:30:00	40.53925	141.55775	-12	0.0	3	2.1	159
12/05/2025	14:31:00	40.53935	141.55764	-52	0.0	3	1.2	189
12/05/2025	14:32:00	40.53916	141.55768	20	0.0	4	1.2	250
12/05/2025	14:33:00	40.53920	141.55755	0	0.0	3	1.3	222
12/05/2025	14:34:01	40.53916	141.55772	16	0.0	5	1.1	223
12/05/2025	14:35:00	40.53927	141.55778	-36	0.0	4	1.2	246
12/05/2025	14:36:01	40.53906	141.55774	64	0.0	5	1.2	253
12/05/2025	14:37:00	40.53914	141.55787	18	0.0	3	1.1	224
12/05/2025	14:38:00	40.53895	141.55753	76	0.0	3	2.1	185
12/05/2025	14:39:00	40.53919	141.55777	-44	0.0	4	1.2	187
12/05/2025	14:40:00	40.53909	141.55765	-22	0.0	4	1.1	210
12/05/2025	14:41:00	40.53915	141.55783	18	0.0	5	1.0	246
12/05/2025	14:42:00	40.53913	141.55781	-48	0.0	3	2.0	190
12/05/2025	14:43:00	40.53908	141.55767	52	3.7	5	1.0	217
12/05/2025	14:44:00	40.53929	141.55774	-4	0.0	4	1.4	191
12/05/2025	14:45:00	40.53919	141.55774	0	0.0	4	1.4	222
12/05/2025	14:46:00	40.53912	141.55758	14	0.0	5	1.0	194
12/05/2025	14:47:00	40.53907	141.55770	6	0.0	5	1.1	223
12/05/2025	14:48:00	40.53931	141.55782	-6	0.0	4	1.2	216
12/05/2025	14:49:01	40.53918	141.55769	6	0.0	5	1.0	222
12/05/2025	14:50:00	40.53907	141.55773	4	0.0	3	1.3	215
12/05/2025	14:51:00	40.53919	141.55773	20	0.0	5	1.0	222
12/05/2025	14:52:00	40.53920	141.55766	0	0.0	5	1.1	218
12/05/2025	14:53:00	40.53908	141.55774	-44	0.0	4	1.4	191
12/05/2025	14:54:01	40.53917	141.55777	0	0.0	4	1.3	216
12/05/2025	14:55:00	40.53920	141.55764	28	0.0	4	1.1	160
12/05/2025	14:56:00	40.53911	141.55777	18	0.0	3	2.4	159
12/05/2025	14:57:00	40.53915	141.55777	2	0.0	4	1.2	219
12/05/2025	14:58:00	40.53907	141.55785	28	0.0	5	1.0	197
12/05/2025	14:59:00	40.53919	141.55772	28	0.0	5	1.1	223
12/05/2025	15:00:00	40.53922	141.55766	-0	0.0	5	1.0	221
12/05/2025	15:01:00	40.53910	141.55772	-26	0.0	4	2.0	166
12/05/2025	15:02:00	40.53914	141.55776	16	0.0	4	1.3	224
12/05/2025	15:03:00	40.53914	141.55771	8	0.0	4	1.1	200
12/05/2025	15:04:00	40.53921	141.55776	-0	0.0	4	1.1	199
12/05/2025	15:05:00	40.53907	141.55776	34	0.0	5	1.1	225
12/05/2025	15:06:01	40.53922	141.55781	-16	0.0	5	1.0	224
12/05/2025	15:07:00	40.53923	141.55781	12	0.0	4	1.1	220
12/05/2025	15:08:00	40.53920	141.55777	-8	0.0	3	1.2	223
12/05/2025	15:09:00	40.53928	141.55782	26	0.0	4	1.1	223
12/05/2025	15:10:00	40.53915	141.55775	14	0.0	4	1.1	195
12/05/2025	15:11:00	40.53920	141.55777	14	0.0	4	1.1	225
12/05/2025	15:12:00	40.53929	141.55786	46	0.0	3	1.3	223
12/05/2025	15:13:00	40.53911	141.55778	18	0.0	4	1.1	196
12/05/2025	15:14:00	40.53908	141.55756	-20	0.0	4	1.1	199
12/05/2025	15:15:01	40.53911	141.55778	32	0.0	5	1.1	222
12/05/2025	15:16:01	40.53914	141.55779	-2	0.0	4	1.1	220
12/05/2025	15:17:00	40.53918	141.55774	12	0.0	4	1.3	195
12/05/2025	15:18:00	40.53926	141.55758	12	0.0	3	1.2	193
12/05/2025	15:19:00	40.53914	141.55772	-20	0.0	4	1.3	225
12/05/2025	15:20:00	40.53916	141.55775	50	0.0	3	2.4	194
12/05/2025	15:21:00	40.53919	141.55773	6	0.0	3	1.3	163
12/05/2025	15:22:00	40.53923	141.55765	14	0.0	4	1.4	198
12/05/2025	15:23:00	40.53911	141.55766	32	0.0	3	1.3	191
12/05/2025	15:24:01	40.53917	141.55776	-4	0.0	4	1.1	196
12/05/2025	15:25:00	40.53921	141.55775	28	0.0	4	1.3	196
12/05/2025	15:26:00	40.53919	141.55765	74	0.0	3	2.1	161
12/05/2025	15:27:00	40.53912	141.55774	20	0.0	3	2.2	168
12/05/2025	15:28:00	40.53917	141.55771	26	0.0	4	1.2	167
12/05/2025	15:29:00	40.53924	141.55772	26	0.0	4	1.3	170
12/05/2025	15:30:00	40.53930	141.55777	28	0.0	4	1.3	197
12/05/2025	15:31:00	40.53912	141.55771	-0	0.0	4	1.3	194
12/05/2025	15:32:00	40.53921	141.55771	26	0.0	4	1.3	197
12/05/2025	15:33:00	40.53903	141.55769	56	0.0	4	1.3	194
12/05/2025	15:34:00	40.53908	141.55773	14	0.0	4	1.3	167
12/05/2025	15:35:00	40.53924	141.55776	16	0.0	4	1.3	171
12/05/2025	15:36:01	40.53914	141.55778	26	0.0	4	1.2	163
12/05/2025	15:37:01	40.53923	141.55767	42	0.0	3	1.3	192
12/05/2025	15:38:00	40.53923	141.55786	0	0.0	3	1.3	193
12/05/2025	15:39:00	40.53908	141.55773	24	3.7	3	1.4	164
12/05/2025	15:40:00	40.53921	141.55765	38	0.0	3	1.3	189
12/05/2025	15:41:01	40.53920	141.55782	18	0.0	4	1.2	197
12/05/2025	15:42:00	40.53923	141.55770	6	0.0	3	1.3	196
12/05/2025	15:43:01	40.53906	141.55781	26	0.0	3	1.3	188
12/05/2025	15:44:00	40.53914	141.55768	18	0.0	3	1.4	193
12/05/2025	15:45:00	40.53911	141.55774	4	0.0	3	1.3	190
12/05/2025	15:46:01	40.53931	141.55772	-18	0.0	3	1.3	188
12/05/2025	15:47:01	40.53918	141.55769	22	0.0	4	1.2	196
12/05/2025	15:48:00	40.53917	141.55772	-10	0.0	3	1.3	191
12/05/2025	15:49:01	40.53912	141.55768	2	0.0	3	1.3	211
12/05/2025	15:50:00	40.53917	141.55780	14	0.0	3	1.3	216
12/05/2025	15:51:00	40.53921	141.55766	28	0.0	3	2.1	194
12/05/2025	15:52:01	40.53920	141.55764	24	0.0	3	1.4	191
12/05/2025	15:53:01	40.53919	141.55765	-2	0.0	3	2.1	240
12/05/2025	15:54:01	40.53918	141.55767	6	0.0	3	1.4	193
12/05/2025	15:55:00	40.53925	141.55758	-16	0.0	3	1.4	188
12/05/2025	15:56:00	40.53915	141.55780	8	0.0	4	1.3	222
12/05/2025	15:57:02	40.53920	141.55771	4	0.0	4	1.3	247
12/05/2025	15:58:00	40.53920	141.55766	-2	0.0	3	1.4	217
12/05/2025	15:59:00	40.53914	141.55783	42	0.0	3	1.4	242
12/05/2025	16:00:02	40.53918	141.55769	6	0.0	3	3.0	219
12/05/2025	16:01:02	40.53924	141.55770	2	0.0	3	3.1	244
12/05/2025	16:02:02	40.53914	141.55777	6	0.0	3	3.1	247
12/05/2025	16:03:02	40.53916	141.55773	10	0.0	4	3.0	243
12/05/2025	16:04:02	40.53915	141.55771	8	0.0	3	3.2	245
12/05/2025	16:05:01	40.53922	141.55768	12	3.7	3	3.2	217
12/05/2025	16:06:02	40.53917	141.55772	10	0.0	3	3.3	244
12/05/2025	16:07:02	40.53916	141.55773	14	0.0	3	3.3	215
12/05/2025	16:08:02	40.53924	141.55768	8	0.0	3	3.4	243
12/05/2025	16:09:01	40.53927	141.55763	20	0.0	3	4.0	244
12/05/2025	16:10:01	40.53920	141.55774	-2	0.0	3	4.0	224
12/05/2025	16:11:01	40.53920	141.55774	10	0.0	3	4.1	251
12/05/2025	16:12:01	40.53933	141.55757	22	0.0	3	4.2	197
12/05/2025	16:13:01	40.53901	141.55785	32	3.7	3	4.2	187
12/05/2025	16:14:01	40.53918	141.55774	28	0.0	3	4.3	164
12/05/2025	16:15:01	40.53904	141.55784	28	0.0	3	4.4	226
12/05/2025	16:16:01	40.53922	141.55768	12	0.0	3	5.0	190
12/05/2025	16:17:01	40.53929	141.55766	-6	0.0	3	5.1	227
12/05/2025	16:18:02	40.53918	141.55767	8	0.0	3	5.2	257
12/05/2025	16:19:02	40.53926	141.55761	4	0.0	3	5.3	257
12/05/2025	16:20:01	40.53905	141.55785	16	0.0	3	5.4	172
12/05/2025	16:21:03	40.53915	141.55775	4	0.0	3	6.0	274
12/05/2025	16:22:02	40.53909	141.55784	18	0.0	3	6.1	230
12/05/2025	16:23:02	40.53919	141.55768	6	0.0	3	6.2	270
12/05/2025	16:24:02	40.53914	141.55773	6	0.0	3	6.4	253
12/05/2025	16:25:02	40.53920	141.55771	8	0.0	3	7.0	257
12/05/2025	16:26:02	40.53909	141.55776	4	0.0	3	7.2	256
12/05/2025	16:27:01	40.53934	141.55743	-8	0.0	3	7.4	256
12/05/2025	16:28:01	40.53889	141.55805	30	0.0	3	8.1	247
12/05/2025	16:29:03	40.53924	141.55770	12	0.0	3	8.3	273
12/05/2025	16:30:01	40.53881	141.55814	24	0.0	3	9.0	254
12/05/2025	16:31:09	40.53911	141.55779	-0	0.0	3	9.3	235
12/05/2025	16:32:02	40.53931	141.55751	-2	0.0	3	10.0	278
12/05/2025	16:33:02	40.53939	141.55741	-0	0.0	3	10.3	253
12/05/2025	16:34:02	40.53924	141.55761	10	0.0	3	11.2	249
12/05/2025	16:35:02	40.53920	141.55773	8	0.0	3	12.0	248
12/05/2025	16:36:02	40.53922	141.55768	10	0.0	3	12.4	278
12/05/2025	16:37:01	40.53956	141.55722	-4	0.0	3	13.4	278
12/05/2025	16:38:01	40.53907	141.55783	14	0.0	3	14.4	254
12/05/2025	16:39:03	40.53962	141.55715	-2	0.0	3	16.0	283
12/05/2025	16:40:01	40.53953	141.55718	0	0.0	3	17.1	282
12/05/2025	16:41:01	40.53908	141.55790	8	0.0	3	18.3	169
12/05/2025	16:42:01	40.53945	141.55735	-2	14.8	3	20.2	283
12/05/2025	16:43:01	40.53903	141.55792	10	7.4	3	22.2	255
12/05/2025	16:44:01	40.53944	141.55736	10	0.0	3	24.4	227
12/05/2025	16:45:01	40.53997	141.55661	-14	0.0	3	27.4	254
12/05/2025	16:46:32	40.53918	141.55771	10	0.0	7	0.4	279
12/05/2025	16:47:01	40.53918	141.55771	8	0.0	7	0.4	273
12/05/2025	16:48:00	40.53919	141.55771	22	0.0	7	0.4	287
12/05/2025	16:49:00	40.53927	141.55769	8	0.0	6	1.0	285
12/05/2025	16:50:00	40.53925	141.55760	16	0.0	5	1.0	277
12/05/2025	16:51:00	40.53917	141.55774	22	0.0	6	1.0	280
12/05/2025	16:52:00	40.53921	141.55772	10	0.0	6	1.0	275
12/05/2025	16:53:00	40.53916	141.55775	8	0.0	4	1.3	275
12/05/2025	16:54:00	40.53916	141.55768	26	0.0	5	1.2	277
12/05/2025	16:54:59	40.53935	141.55751	84	0.0	3	1.4	276
12/05/2025	16:56:00	40.53917	141.55770	26	0.0	4	1.2	276
12/05/2025	16:57:00	40.53921	141.55774	10	0.0	4	1.3	215
12/05/2025	16:58:01	40.53923	141.55793	-18	0.0	4	1.3	214
12/05/2025	16:59:00	40.53911	141.55783	-8	0.0	3	2.0	272
12/05/2025	17:00:00	40.53909	141.55745	46	0.0	4	1.4	221
12/05/2025	17:01:01	40.53915	141.55775	-2	0.0	6	1.1	261
12/05/2025	17:02:00	40.53917	141.55764	-6	0.0	5	1.1	223
12/05/2025	17:03:01	40.53915	141.55778	-8	0.0	5	1.1	223
12/05/2025	17:04:01	40.53922	141.55770	14	0.0	5	1.2	251
12/05/2025	17:05:00	40.53922	141.55771	16	0.0	6	1.1	227
12/05/2025	17:06:01	40.53910	141.55790	-2	0.0	4	1.1	196
12/05/2025	17:07:01	40.53922	141.55774	24	0.0	4	1.1	225
12/05/2025	17:08:01	40.53922	141.55775	10	0.0	2	10.4	213
12/05/2025	17:09:00	40.53921	141.55772	32	0.0	3	2.2	193
12/05/2025	17:10:00	40.53915	141.55774	12	0.0	5	1.3	224
12/05/2025	17:11:00	40.53920	141.55782	6	0.0	4	1.3	186
12/05/2025	17:12:01	40.53912	141.55763	-4	0.0	3	1.4	121
12/05/2025	17:13:01	40.53913	141.55766	60	0.0	4	1.1	193
12/05/2025	17:14:01	40.53914	141.55755	-20	0.0	4	1.2	196
12/05/2025	17:15:00	40.53920	141.55787	-44	0.0	3	2.4	179
12/05/2025	17:16:01	40.53940	141.55773	64	0.0	4	1.2	227
12/05/2025	17:17:02	40.53920	141.55777	2	0.0	5	1.1	183
12/05/2025	17:18:01	40.53932	141.55735	18	0.0	3	1.4	184
12/05/2025	17:19:00	40.53918	141.55751	12	0.0	4	2.0	191
12/05/2025	17:20:01	40.53909	141.55756	-28	0.0	4	1.3	196
12/05/2025	17:21:01	40.53922	141.55760	-0	0.0	4	1.3	216
12/05/2025	17:22:00	40.53906	141.55758	4	0.0	4	1.4	164
12/05/2025	17:23:01	40.53923	141.55769	44	0.0	5	1.2	220
12/05/2025	17:24:01	40.53914	141.55769	-16	0.0	4	1.1	161
12/05/2025	17:25:01	40.53923	141.55762	16	0.0	3	1.3	121
12/05/2025	17:26:01	40.53923	141.55770	32	0.0	3	1.4	184
12/05/2025	17:27:01	40.53919	141.55762	12	0.0	2	2.4	152
12/05/2025	17:28:01	40.53917	141.55778	36	0.0	2	2.1	144
12/05/2025	17:29:01	40.53924	141.55787	34	0.0	3	2.0	206
12/05/2025	17:30:01	40.53913	141.55766	28	0.0	3	1.4	168
12/05/2025	17:31:01	40.53936	141.55773	4	0.0	4	1.3	157
12/05/2025	17:32:01	40.53924	141.55762	28	0.0	5	1.2	197
12/05/2025	17:33:02	40.53914	141.55769	26	0.0	4	1.3	190
12/05/2025	17:34:01	40.53911	141.55772	18	0.0	4	1.3	188
12/05/2025	17:35:01	40.53922	141.55775	-6	0.0	3	1.4	162
12/05/2025	17:36:01	40.53913	141.55768	6	0.0	5	1.2	218
12/05/2025	17:37:01	40.53916	141.55776	-12	0.0	3	2.3	182
12/05/2025	17:38:03	40.53915	141.55767	8	0.0	4	1.3	230
12/05/2025	17:39:00	40.53906	141.55761	4	3.7	3	2.0	215
12/05/2025	17:40:00	40.53909	141.55779	36	0.0	3	2.0	189
12/05/2025	17:41:00	40.53920	141.55765	4	0.0	6	1.1	227
12/05/2025	17:42:00	40.53913	141.55752	26	0.0	5	1.1	218
12/05/2025	17:43:00	40.53919	141.55761	52	0.0	5	1.1	215
12/05/2025	17:44:00	40.53912	141.55769	0	0.0	4	2.2	218
12/05/2025	17:45:00	40.53916	141.55759	-4	0.0	3	1.3	195
12/05/2025	17:46:01	40.53913	141.55770	4	0.0	6	1.1	235
12/05/2025	17:47:00	40.53917	141.55776	66	0.0	6	1.1	224
12/05/2025	17:48:01	40.53922	141.55766	18	0.0	4	1.2	200
12/05/2025	17:49:00	40.53916	141.55768	22	0.0	4	1.2	215
12/05/2025	17:50:00	40.53915	141.55764	26	0.0	5	1.1	254
12/05/2025	17:51:00	40.53913	141.55766	18	0.0	4	1.3	248
12/05/2025	17:52:00	40.53913	141.55769	44	0.0	5	1.0	239
12/05/2025	17:53:00	40.53911	141.55764	18	0.0	4	1.2	209
12/05/2025	17:54:01	40.53916	141.55770	8	0.0	6	1.0	215
12/05/2025	17:55:01	40.53920	141.55750	38	0.0	5	1.0	235
12/05/2025	17:56:01	40.53912	141.55789	6	0.0	3	1.3	181
12/05/2025	17:57:00	40.53914	141.55768	-12	0.0	4	1.2	220
12/05/2025	17:58:00	40.53927	141.55785	-26	0.0	4	1.3	284
12/05/2025	17:59:00	40.53921	141.55778	46	0.0	5	1.1	222
12/05/2025	18:00:00	40.53916	141.55764	8	0.0	4	1.3	196
12/05/2025	18:01:00	40.53916	141.55766	2	0.0	5	1.1	269
12/05/2025	18:02:00	40.53920	141.55772	54	0.0	3	1.1	221
12/05/2025	18:03:00	40.53917	141.55765	24	0.0	3	2.2	236
12/05/2025	18:04:00	40.53914	141.55786	28	0.0	5	1.2	215
12/05/2025	18:05:00	40.53920	141.55769	-6	0.0	5	1.2	246
12/05/2025	18:06:00	40.53910	141.55766	64	0.0	4	2.2	245
12/05/2025	18:07:01	40.53932	141.55764	-14	0.0	5	1.2	247
12/05/2025	18:08:01	40.53920	141.55776	16	0.0	4	1.4	243
12/05/2025	18:09:01	40.53924	141.55763	26	0.0	4	2.3	270
12/05/2025	18:10:01	40.53915	141.55790	12	0.0	5	1.1	216
12/05/2025	18:11:01	40.53925	141.55773	8	0.0	6	1.1	221
12/05/2025	18:12:02	40.53925	141.55762	10	0.0	4	1.4	230
12/05/2025	18:13:01	40.53918	141.55777	38	0.0	3	2.0	172
12/05/2025	18:14:01	40.53924	141.55763	14	0.0	5	1.2	217
12/05/2025	18:15:00	40.53925	141.55785	-16	0.0	4	2.2	221
12/05/2025	18:16:00	40.53909	141.55757	32	0.0	5	1.2	283
12/05/2025	18:17:01	40.53928	141.55772	8	0.0	4	3.3	230
12/05/2025	18:18:00	40.53917	141.55765	24	0.0	5	1.2	273
12/05/2025	18:19:01	40.53920	141.55763	8	0.0	6	1.0	276
12/05/2025	18:20:00	40.53909	141.55757	4	0.0	5	1.2	251
12/05/2025	18:21:00	40.53930	141.55777	-6	0.0	4	2.2	196
12/05/2025	18:22:00	40.53945	141.55774	-76	0.0	4	2.2	251
12/05/2025	18:23:00	40.53918	141.55767	10	0.0	4	1.3	217
12/05/2025	18:24:00	40.53921	141.55777	-12	0.0	4	2.2	218
12/05/2025	18:25:01	40.53912	141.55770	34	0.0	5	1.2	200
12/05/2025	18:26:00	40.53942	141.55764	-62	3.7	3	2.2	186
12/05/2025	18:27:01	40.53925	141.55760	22	3.7	4	2.2	268
12/05/2025	18:28:01	40.53921	141.55774	16	0.0	4	2.2	267
12/05/2025	18:29:01	40.53919	141.55770	20	0.0	4	2.2	264
12/05/2025	18:30:01	40.53907	141.55774	42	0.0	4	2.2	221
12/05/2025	18:31:01	40.53931	141.55765	-16	0.0	4	2.2	227
12/05/2025	18:32:01	40.53920	141.55773	8	0.0	4	2.2	248
12/05/2025	18:33:01	40.53912	141.55769	28	0.0	4	2.1	247
12/05/2025	18:34:01	40.53912	141.55770	22	0.0	4	2.1	223
12/05/2025	18:35:01	40.54005	141.55819	42	37.0	4	2.1	295
12/05/2025	18:36:01	40.54453	141.56452	26	40.7	4	2.0	217
12/05/2025	18:37:01	40.54890	141.57216	80	63.0	4	2.1	241
12/05/2025	18:38:01	40.54969	141.57209	-14	14.8	4	2.1	299
12/05/2025	18:39:01	40.54943	141.57293	36	37.0	4	2.1	270
12/05/2025	18:40:01	40.55264	141.58046	40	40.7	4	2.1	274
12/05/2025	18:41:02	40.55558	141.58847	4	48.2	5	1.3	296
12/05/2025	18:42:00	40.55765	141.59695	26	44.4	4	2.1	250
12/05/2025	18:43:00	40.56077	141.60526	22	40.7	4	2.1	276
12/05/2025	18:44:00	40.56380	141.61377	-2	40.7	4	2.1	295
12/05/2025	18:45:01	40.56750	141.62124	20	40.7	6	1.0	306
12/05/2025	18:46:00	40.57084	141.62760	48	37.0	4	2.0	240
12/05/2025	18:47:01	40.57385	141.63377	22	0.0	5	1.3	269
12/05/2025	18:48:01	40.57393	141.63364	6	0.0	5	1.3	290
12/05/2025	18:49:00	40.57597	141.63795	34	40.7	3	2.0	267
12/05/2025	18:50:00	40.57960	141.64515	16	40.7	4	2.0	297
12/05/2025	18:51:00	40.58344	141.65224	20	44.4	5	1.2	302
12/05/2025	18:52:00	40.58702	141.66004	32	44.4	4	2.0	276
12/05/2025	18:53:00	40.59085	141.66765	34	48.2	5	1.3	300
12/05/2025	18:54:00	40.59425	141.67632	-8	48.2	4	2.0	246
12/05/2025	18:55:00	40.59788	141.68485	8	48.2	4	2.0	278
12/05/2025	18:56:00	40.60176	141.69327	8	48.2	4	2.0	271
12/05/2025	18:57:01	40.60536	141.70138	16	44.4	4	2.0	272
12/05/2025	18:58:01	40.60865	141.70926	-10	44.4	4	2.0	244
12/05/2025	18:59:00	40.61157	141.71751	24	44.4	5	1.3	272
12/05/2025	19:00:00	40.61463	141.72589	12	48.2	4	2.0	242
12/05/2025	19:01:00	40.61662	141.73560	26	51.9	4	2.0	300
12/05/2025	19:02:00	40.61933	141.74526	6	48.2	3	2.0	265
12/05/2025	19:03:00	40.62167	141.75505	24	48.2	4	1.4	274
12/05/2025	19:04:01	40.62413	141.76467	28	48.2	4	1.4	293
12/05/2025	19:05:00	40.62705	141.77349	24	48.2	3	1.4	268
12/05/2025	19:06:00	40.63064	141.78192	6	48.2	4	1.4	273
12/05/2025	19:07:00	40.63318	141.78795	20	40.7	4	1.4	279
12/05/2025	19:08:00	40.63658	141.79578	-4	44.4	4	1.4	217
12/05/2025	19:09:01	40.64064	141.80368	22	48.2	4	1.4	279
12/05/2025	19:10:01	40.64507	141.81109	32	44.4	5	1.4	277
12/05/2025	19:11:01	40.64938	141.81859	18	44.4	5	1.4	279
12/05/2025	19:12:00	40.65292	141.82685	12	48.2	4	1.4	306
12/05/2025	19:13:00	40.65580	141.83619	-0	51.9	4	1.4	297
12/05/2025	19:14:00	40.65818	141.84579	16	48.2	4	1.4	302
12/05/2025	19:15:00	40.66113	141.85501	34	48.2	4	1.4	265
12/05/2025	19:16:01	40.66384	141.86462	22	48.2	4	1.4	300
12/05/2025	19:17:00	40.66684	141.87322	12	48.2	4	1.4	249
12/05/2025	19:18:00	40.66962	141.88170	0	51.9	4	1.4	272
12/05/2025	19:19:01	40.67271	141.89138	22	51.9	5	1.4	304
12/05/2025	19:20:01	40.67593	141.90110	20	51.9	4	1.4	291
12/05/2025	19:21:01	40.67924	141.91051	6	48.2	4	1.4	311
12/05/2025	19:22:00	40.68303	141.91948	-2	51.9	4	1.4	284
12/05/2025	19:23:00	40.68733	141.92865	14	51.9	4	1.4	303
12/05/2025	19:24:01	40.69126	141.93829	6	55.6	4	1.4	302
12/05/2025	19:25:01	40.69392	141.94870	18	51.9	4	1.4	324
12/05/2025	19:26:01	40.69553	141.95751	10	40.7	3	5.1	293
12/05/2025	19:27:01	40.69657	141.96492	-20	48.2	3	5.1	307
12/05/2025	19:28:00	40.69800	141.97161	2	40.7	4	1.4	248
12/05/2025	19:29:01	40.69980	141.98070	-14	48.2	3	5.2	325
12/05/2025	19:30:01	40.70172	141.99010	-6	48.2	3	5.3	301
12/05/2025	19:31:02	40.70314	141.99867	0	48.2	3	5.4	298
12/05/2025	19:32:01	40.70303	142.00814	-10	37.0	3	5.4	301
12/05/2025	19:33:01	40.70258	142.01443	26	14.8	3	6.0	215
12/05/2025	19:34:02	40.70081	142.02374	22	51.9	3	6.1	293
12/05/2025	19:35:02	40.69941	142.03411	24	51.9	3	6.1	303
12/05/2025	19:36:01	40.69799	142.04233	6	40.7	3	6.2	192
12/05/2025	19:37:02	40.69708	142.05236	10	51.9	3	6.3	273
12/05/2025	19:38:02	40.69732	142.06221	-58	55.6	3	6.4	301
12/05/2025	19:39:01	40.69427	142.07062	-52	48.2	3	7.0	217
12/05/2025	19:40:01	40.69300	142.07773	-54	33.3	3	7.1	218
12/05/2025	19:41:02	40.69730	142.08149	6	25.9	3	7.2	286
12/05/2025	19:42:02	40.69755	142.08070	48	48.2	3	7.3	275
12/05/2025	19:43:02	40.69706	142.07873	-2	0.0	3	7.4	269
12/05/2025	19:44:02	40.69697	142.07897	-10	0.0	3	8.0	271
12/05/2025	19:45:02	40.69723	142.08325	-42	51.9	3	8.1	277
12/05/2025	19:46:02	40.69520	142.09192	28	51.9	3	8.2	280
12/05/2025	19:47:01	40.69161	142.09774	-38	48.2	3	8.3	252
12/05/2025	19:48:02	40.68738	142.10562	0	40.7	3	9.0	253
12/05/2025	19:49:01	40.68272	142.10892	-30	40.7	3	9.1	155
12/05/2025	19:50:02	40.67896	142.11761	32	44.4	3	9.3	253
12/05/2025	19:51:02	40.67504	142.12587	-14	48.2	3	9.4	253
12/05/2025	19:52:01	40.67091	142.13354	-54	48.2	3	10.1	227
12/05/2025	19:53:02	40.66940	142.14190	-42	14.8	3	10.3	272
12/05/2025	19:54:02	40.66826	142.14846	-50	51.9	3	11.0	248
12/05/2025	19:55:02	40.66457	142.15770	-0	51.9	3	11.2	300
12/05/2025	19:56:01	40.65881	142.16362	-24	55.6	3	11.4	277
12/05/2025	19:57:02	40.65683	142.16851	6	51.9	3	12.2	246
12/05/2025	19:58:02	40.65423	142.17826	-58	55.6	3	12.4	277
12/05/2025	19:59:01	40.65393	142.19081	64	63.0	3	13.2	249
12/05/2025	20:00:31	40.65048	142.20670	8	51.9	4	2.2	270
12/05/2025	20:01:00	40.64821	142.21062	4	55.6	4	1.2	252
12/05/2025	20:02:00	40.64447	142.21950	36	51.9	3	2.3	222
12/05/2025	20:03:00	40.63913	142.22609	28	51.9	4	1.3	248
12/05/2025	20:04:00	40.63458	142.23362	22	51.9	4	1.3	273
12/05/2025	20:05:00	40.63273	142.24316	8	51.9	3	2.3	273
12/05/2025	20:06:00	40.63108	142.25337	24	51.9	4	1.3	248
12/05/2025	20:07:00	40.62934	142.26096	24	37.0	3	2.3	246
12/05/2025	20:08:01	40.62901	142.26260	0	0.0	4	1.2	275
12/05/2025	20:09:01	40.62892	142.26251	-2	0.0	4	1.2	273
12/05/2025	20:10:00	40.62886	142.26270	-18	3.7	3	2.3	304
12/05/2025	20:11:01	40.62812	142.26252	18	25.9	3	2.3	296
12/05/2025	20:12:00	40.62734	142.26628	8	37.0	3	2.2	244
12/05/2025	20:13:01	40.62611	142.26965	14	40.7	3	2.3	275
12/05/2025	20:14:00	40.62441	142.27916	8	48.2	4	1.3	248
12/05/2025	20:15:01	40.62515	142.28607	4	33.3	3	2.2	301
12/05/2025	20:16:01	40.62402	142.28627	-4	22.2	4	1.2	293
12/05/2025	20:17:01	40.62178	142.28242	-12	29.6	3	2.3	297
12/05/2025	20:18:00	40.62012	142.28210	0	7.4	4	1.2	293
12/05/2025	20:19:01	40.61848	142.28147	26	29.6	3	3.0	294
12/05/2025	20:20:01	40.61398	142.27905	30	29.6	2	3.0	268
12/05/2025	20:21:00	40.61170	142.27476	50	29.6	3	2.3	237
12/05/2025	20:22:01	40.60877	142.27012	6	33.3	3	2.3	300
12/05/2025	20:23:00	40.60689	142.26599	12	33.3	3	2.3	270
12/05/2025	20:24:01	40.60378	142.26117	-6	29.6	3	2.3	269
12/05/2025	20:25:01	40.60043	142.25635	-36	22.2	3	2.3	293
12/05/2025	20:26:01	40.59958	142.25606	20	0.0	2	2.4	290
12/05/2025	20:27:01	40.59945	142.25634	-8	0.0	3	2.3	294
12/05/2025	20:28:00	40.59902	142.25683	6	11.1	3	2.1	248
12/05/2025	20:29:01	40.59600	142.25039	4	37.0	3	3.0	298
12/05/2025	20:30:01	40.59241	142.24428	-0	37.0	3	3.0	267
12/05/2025	20:31:01	40.58885	142.23865	-74	33.3	3	3.0	297
12/05/2025	20:32:02	40.58452	142.23406	-10	37.0	3	2.3	301
12/05/2025	20:33:01	40.58088	142.22853	0	33.3	3	2.3	296
12/05/2025	20:34:00	40.57811	142.22288	-4	37.0	3	2.3	270
12/05/2025	20:35:01	40.57380	142.21788	-6	37.0	3	2.3	274
12/05/2025	20:36:01	40.57029	142.21265	-0	37.0	3	3.1	301
12/05/2025	20:37:01	40.56727	142.20662	-0	33.3	4	1.2	274
12/05/2025	20:38:01	40.56399	142.20078	8	40.7	3	2.3	269
12/05/2025	20:39:01	40.56058	142.19433	6	37.0	3	2.3	267
12/05/2025	20:40:01	40.55775	142.18808	-8	37.0	3	2.3	300
12/05/2025	20:41:01	40.55474	142.18164	16	37.0	3	2.3	300
12/05/2025	20:42:01	40.55201	142.17528	2	37.0	3	2.3	295
12/05/2025	20:43:00	40.54846	142.16979	-4	40.7	3	2.3	273
12/05/2025	20:44:01	40.54476	142.16401	-16	37.0	2	2.4	261
12/05/2025	20:45:01	40.54169	142.15745	-0	37.0	3	3.1	296
12/05/2025	20:46:01	40.53901	142.15039	-6	40.7	3	2.3	295
12/05/2025	20:47:01	40.53590	142.14398	-14	37.0	3	3.2	296
12/05/2025	20:48:01	40.53255	142.13785	10	37.0	3	2.3	277
12/05/2025	20:49:00	40.53122	142.13097	42	40.7	3	2.4	278
12/05/2025	20:50:00	40.52929	142.12452	68	29.6	3	2.4	271
12/05/2025	20:51:01	40.52622	142.11871	38	33.3	3	3.2	302
12/05/2025	20:52:01	40.52325	142.11304	16	33.3	3	3.2	298
12/05/2025	20:53:01	40.52016	142.10735	16	33.3	3	3.2	293
12/05/2025	20:54:01	40.51714	142.10153	4	33.3	3	3.2	295
12/05/2025	20:55:01	40.51427	142.09544	32	33.3	3	2.4	272
12/05/2025	20:56:01	40.51257	142.08896	-4	33.3	3	2.4	274
12/05/2025	20:57:01	40.50958	142.08299	2	33.3	3	2.4	284
12/05/2025	20:58:01	40.50655	142.07674	16	44.4	3	2.4	302
12/05/2025	20:59:00	40.50323	142.07037	18	37.0	3	2.4	266
12/05/2025	21:00:01	40.49984	142.06333	-12	44.4	3	2.4	272
12/05/2025	21:01:01	40.49593	142.05688	14	37.0	3	3.0	299
12/05/2025	21:02:01	40.49221	142.05424	38	33.3	3	3.3	301
12/05/2025	21:03:02	40.48914	142.04652	-14	44.4	3	3.0	301
12/05/2025	21:04:01	40.48643	142.03842	-18	40.7	2	3.0	296
12/05/2025	21:05:01	40.48370	142.03058	-24	44.4	3	3.0	275
12/05/2025	21:06:01	40.48032	142.02264	14	48.2	3	3.0	291
12/05/2025	21:07:01	40.47763	142.01438	-4	44.4	3	3.3	298
12/05/2025	21:08:01	40.47490	142.00636	-2	44.4	3	3.0	304
12/05/2025	21:09:01	40.47202	141.99826	32	40.7	2	5.0	217
12/05/2025	21:10:01	40.46972	141.99055	14	40.7	3	3.0	274
12/05/2025	21:11:01	40.46691	141.98279	-2	44.4	3	3.0	299
12/05/2025	21:12:01	40.46418	141.97522	36	40.7	3	3.3	273
12/05/2025	21:13:01	40.46161	141.96792	36	40.7	3	3.1	272
12/05/2025	21:14:01	40.45914	141.96004	4	40.7	3	3.1	294
12/05/2025	21:15:01	40.45616	141.95279	0	40.7	3	3.1	273
12/05/2025	21:16:01	40.45325	141.94525	-14	44.4	3	3.1	299
12/05/2025	21:17:01	40.45080	141.93726	-12	40.7	3	3.1	273
12/05/2025	21:18:01	40.44851	141.92890	-2	44.4	3	3.1	271
12/05/2025	21:19:01	40.44707	141.92014	-16	40.7	3	3.1	297
12/05/2025	21:20:02	40.44467	141.91140	8	44.4	3	3.1	302
12/05/2025	21:21:01	40.44273	141.90286	6	48.2	3	3.1	293
12/05/2025	21:22:01	40.44138	141.89361	14	44.4	2	3.3	322
12/05/2025	21:23:02	40.43928	141.88405	66	48.2	2	3.3	270
12/05/2025	21:24:01	40.43820	141.87469	6	48.2	2	3.4	297
12/05/2025	21:25:02	40.43682	141.86491	4	48.2	2	3.4	265
12/05/2025	21:26:02	40.43591	141.85525	34	44.4	2	3.4	296
12/05/2025	21:27:02	40.43552	141.84577	-28	48.2	2	4.0	288
12/05/2025	21:28:01	40.43397	141.83612	52	48.2	2	4.0	288
12/05/2025	21:29:01	40.43382	141.82646	-18	48.2	2	4.0	265
12/05/2025	21:30:01	40.43282	141.81643	14	48.2	2	4.1	255
12/05/2025	21:31:02	40.43248	141.80605	-42	51.9	2	4.1	289
12/05/2025	21:32:01	40.43159	141.79578	-28	51.9	2	4.1	293
12/05/2025	21:33:01	40.43116	141.78520	2	51.9	2	4.2	293
12/05/2025	21:34:01	40.43096	141.77486	46	48.2	2	4.2	272
12/05/2025	21:35:01	40.43120	141.76484	8	48.2	2	4.3	295
12/05/2025	21:36:02	40.43285	141.75492	-14	48.2	2	4.3	271
12/05/2025	21:37:01	40.43481	141.74502	30	51.9	2	4.4	291
12/05/2025	21:38:01	40.43743	141.73506	24	51.9	2	4.4	299
12/05/2025	21:39:01	40.43856	141.72519	40	44.4	2	5.0	275
12/05/2025	21:40:03	40.43968	141.71538	12	44.4	2	5.1	304
12/05/2025	21:41:03	40.44118	141.70658	16	59.3	2	5.1	270
12/05/2025	21:42:02	40.44404	141.69870	-36	37.0	2	2.1	301
12/05/2025	21:43:05	40.44653	141.69025	-8	40.7	2	5.3	300
12/05/2025	21:44:04	40.45080	141.68443	-8	44.4	1	2.0	298
12/05/2025	21:45:04	40.45488	141.67690	-0	51.9	2	6.0	301
12/05/2025	21:46:07	40.45960	141.66889	-16	40.7	2	6.1	293
12/05/2025	21:47:04	40.46430	141.66293	34	55.6	2	6.2	298
12/05/2025	21:48:02	40.47017	141.65925	-8	44.4	2	6.3	272
12/05/2025	21:49:02	40.47329	141.65287	52	37.0	2	6.4	320
12/05/2025	21:50:02	40.47898	141.64682	-64	40.7	2	7.0	302
12/05/2025	21:51:04	40.48302	141.64054	-112	48.2	2	7.2	290
12/05/2025	21:52:03	40.48804	141.63571	-110	44.4	1	2.0	302
12/05/2025	21:53:31	40.49632	141.63128	16	40.7	2	3.4	295
12/05/2025	21:54:02	40.49777	141.62837	32	37.0	3	3.1	303
12/05/2025	21:55:01	40.50207	141.62298	34	48.2	2	7.2	297
12/05/2025	21:56:02	40.50695	141.61759	18	37.0	2	3.4	296
12/05/2025	21:57:01	40.51071	141.61162	10	40.7	2	7.0	291
12/05/2025	21:58:03	40.51534	141.60637	30	44.4	3	3.3	317
12/05/2025	21:59:01	40.51918	141.59962	30	44.4	2	6.3	298
12/05/2025	22:00:01	40.52509	141.59459	-0	48.2	2	6.2	329
12/05/2025	22:01:02	40.53053	141.58973	0	40.7	3	6.1	328
12/05/2025	22:02:01	40.53469	141.58418	-0	44.4	2	6.0	318
12/05/2025	22:03:02	40.53997	141.57978	32	37.0	2	6.0	320
12/05/2025	22:04:01	40.54301	141.57279	56	40.7	3	3.4	272
12/05/2025	22:05:01	40.54381	141.56503	16	37.0	3	3.4	297
12/05/2025	22:06:03	40.54241	141.56178	26	0.0	2	5.2	306
12/05/2025	22:07:02	40.54190	141.56201	90	0.0	2	5.3	311
12/05/2025	22:08:01	40.54167	141.56164	48	25.9	2	5.3	274
12/05/2025	22:09:04	40.53900	141.55771	26	0.0	2	5.1	259
12/05/2025	22:10:03	40.53915	141.55773	24	0.0	1	5.4	280
12/05/2025	22:11:05	40.53909	141.55769	16	0.0	2	4.4	261
12/05/2025	22:12:04	40.53907	141.55775	28	0.0	2	4.4	262
12/05/2025	22:13:08	40.53907	141.55767	18	0.0	2	4.3	232
12/05/2025	22:14:32	40.53918	141.55772	10	0.0	5	1.1	261
12/05/2025	22:15:00	40.53894	141.55768	6	0.0	4	2.1	246
12/05/2025	22:16:00	40.53914	141.55773	0	0.0	4	1.2	218
12/05/2025	22:17:00	40.53926	141.55768	14	0.0	5	1.1	227
12/05/2025	22:18:00	40.53905	141.55769	-2	3.7	4	2.1	193
12/05/2025	22:19:00	40.53917	141.55771	6	0.0	5	1.1	196
12/05/2025	22:20:00	40.53937	141.55775	28	0.0	4	1.2	245
12/05/2025	22:21:01	40.53909	141.55765	28	0.0	4	3.4	159
12/05/2025	22:22:01	40.53913	141.55773	10	0.0	4	1.2	219
12/05/2025	22:23:01	40.53921	141.55774	14	0.0	4	1.2	194
12/05/2025	22:24:01	40.53927	141.55773	6	0.0	4	1.2	217
12/05/2025	22:25:01	40.53914	141.55773	-16	0.0	3	1.2	131
12/05/2025	22:26:00	40.53930	141.55782	-6	0.0	3	1.3	218
12/05/2025	22:27:01	40.53935	141.55780	-2	0.0	5	1.1	226
12/05/2025	22:28:01	40.53913	141.55771	22	0.0	4	1.2	195
12/05/2025	22:29:01	40.53919	141.55766	22	0.0	5	1.1	221
12/05/2025	22:30:01	40.53916	141.55770	28	0.0	5	1.1	227
12/05/2025	22:31:01	40.53913	141.55764	34	0.0	4	1.1	186
12/05/2025	22:32:01	40.53929	141.55778	8	0.0	4	1.2	219
12/05/2025	22:33:01	40.53920	141.55772	30	0.0	4	1.2	184
12/05/2025	22:34:01	40.53916	141.55766	4	0.0	4	1.2	217
12/05/2025	22:35:01	40.53919	141.55762	26	0.0	3	2.1	181
12/05/2025	22:36:01	40.53919	141.55761	10	0.0	4	1.2	215
12/05/2025	22:37:00	40.53917	141.55770	36	0.0	4	1.2	217
12/05/2025	22:38:00	40.53908	141.55789	-28	0.0	4	1.2	188
12/05/2025	22:39:01	40.53915	141.55773	14	0.0	4	1.2	221
12/05/2025	22:40:00	40.53903	141.55766	10	0.0	4	1.2	162
12/05/2025	22:41:01	40.53911	141.55773	66	0.0	4	1.2	214
12/05/2025	22:42:00	40.53920	141.55770	-0	0.0	4	1.2	191
12/05/2025	22:43:00	40.53927	141.55769	60	0.0	4	1.2	188
12/05/2025	22:44:01	40.53913	141.55774	0	0.0	4	1.2	190
12/05/2025	22:45:00	40.53917	141.55755	86	0.0	4	1.2	210
12/05/2025	22:46:00	40.53918	141.55764	8	0.0	3	2.0	190
12/05/2025	22:47:00	40.53925	141.55777	-4	0.0	4	1.2	220
12/05/2025	22:48:00	40.53929	141.55782	-2	0.0	4	1.2	224
12/05/2025	22:49:00	40.53913	141.55759	16	0.0	4	1.2	221
12/05/2025	22:50:01	40.53919	141.55759	8	0.0	4	1.1	217
12/05/2025	22:51:00	40.53922	141.55760	-12	0.0	3	2.0	212
12/05/2025	22:52:01	40.53917	141.55773	-2	0.0	4	1.1	218
12/05/2025	22:53:00	40.53911	141.55767	24	0.0	4	1.1	222
12/05/2025	22:54:00	40.53923	141.55767	-16	0.0	3	2.1	213
12/05/2025	22:55:00	40.53906	141.55760	28	0.0	3	2.3	240
12/05/2025	22:56:00	40.53921	141.55773	26	0.0	3	1.4	218
12/05/2025	22:57:00	40.53935	141.55767	82	0.0	3	2.0	222
12/05/2025	22:58:01	40.53917	141.55768	4	0.0	4	1.2	249
12/05/2025	22:59:02	40.53909	141.55767	22	0.0	4	1.1	250
12/05/2025	23:00:00	40.53907	141.55773	-0	0.0	3	1.4	248
12/05/2025	23:01:00	40.53913	141.55760	38	0.0	4	1.2	250
12/05/2025	23:02:00	40.53926	141.55772	28	0.0	3	2.2	162
12/05/2025	23:03:00	40.53908	141.55769	60	0.0	3	1.3	224
12/05/2025	23:04:00	40.53925	141.55769	18	0.0	3	1.4	252
12/05/2025	23:05:01	40.53920	141.55774	4	0.0	4	1.1	222
12/05/2025	23:06:00	40.53931	141.55766	10	0.0	3	1.3	250
12/05/2025	23:07:00	40.53914	141.55776	30	0.0	3	2.2	245
12/05/2025	23:08:00	40.53918	141.55763	-16	0.0	3	1.3	244
12/05/2025	23:09:01	40.53917	141.55777	10	0.0	3	1.3	243
12/05/2025	23:10:01	40.53922	141.55785	-2	0.0	3	1.3	238
12/05/2025	23:11:00	40.53928	141.55771	-2	3.7	3	1.4	218
12/05/2025	23:12:00	40.53907	141.55768	54	0.0	3	1.4	242
12/05/2025	23:13:00	40.53918	141.55769	34	0.0	4	1.2	249
12/05/2025	23:14:00	40.53898	141.55782	-18	0.0	3	1.3	217
12/05/2025	23:15:00	40.53907	141.55778	10	0.0	3	2.0	216
12/05/2025	23:16:00	40.53916	141.55763	10	0.0	3	1.3	240
12/05/2025	23:17:01	40.53919	141.55766	0	0.0	4	1.2	247
12/05/2025	23:18:00	40.53916	141.55779	28	0.0	3	1.3	251
12/05/2025	23:19:00	40.53909	141.55786	-0	0.0	3	1.3	254
12/05/2025	23:20:00	40.53919	141.55769	6	0.0	3	1.4	249
12/05/2025	23:21:00	40.53922	141.55778	-20	0.0	4	1.2	248
12/05/2025	23:22:00	40.53922	141.55777	-22	0.0	4	1.2	248
12/05/2025	23:23:01	40.53915	141.55769	12	0.0	4	1.2	242
12/05/2025	23:24:01	40.53924	141.55772	8	0.0	3	1.4	191
12/05/2025	23:25:00	40.53908	141.55763	54	0.0	3	1.4	249
12/05/2025	23:26:00	40.53902	141.55765	6	0.0	3	1.4	250
12/05/2025	23:27:00	40.53919	141.55766	0	0.0	3	1.4	247
12/05/2025	23:28:00	40.53912	141.55778	-30	0.0	3	1.3	247
12/05/2025	23:29:01	40.53919	141.55777	0	0.0	4	1.2	249
12/05/2025	23:30:00	40.53920	141.55772	-4	0.0	4	1.2	257
12/05/2025	23:31:00	40.53915	141.55775	6	0.0	3	1.3	250
12/05/2025	23:32:00	40.53920	141.55783	-24	0.0	3	1.4	248
12/05/2025	23:33:01	40.53922	141.55772	-8	0.0	4	1.2	251
12/05/2025	23:34:00	40.53922	141.55773	30	0.0	3	1.4	243
12/05/2025	23:35:00	40.53919	141.55779	-24	0.0	3	1.4	246
12/05/2025	23:36:00	40.53913	141.55769	38	0.0	3	1.4	250
12/05/2025	23:37:01	40.53916	141.55798	-44	0.0	2	5.0	213
12/05/2025	23:38:01	40.53918	141.55787	-42	0.0	3	1.4	228
12/05/2025	23:39:01	40.53927	141.55770	4	0.0	3	1.4	252
12/05/2025	23:40:00	40.53915	141.55775	28	0.0	3	1.4	222
12/05/2025	23:41:00	40.53918	141.55777	14	0.0	3	1.4	192
12/05/2025	23:42:00	40.53916	141.55767	30	3.7	3	2.3	215
12/05/2025	23:43:01	40.53920	141.55773	4	0.0	3	1.4	216
12/05/2025	23:44:01	40.53923	141.55775	12	0.0	3	1.4	247
12/05/2025	23:45:02	40.53916	141.55792	20	0.0	3	2.0	247
12/05/2025	23:46:01	40.53928	141.55767	44	0.0	3	2.0	244
12/05/2025	23:47:01	40.53917	141.55769	32	0.0	3	2.0	220
12/05/2025	23:48:02	40.53919	141.55778	-10	0.0	3	2.0	233
12/05/2025	23:49:00	40.53925	141.55772	6	0.0	3	2.0	218
12/05/2025	23:50:01	40.53913	141.55782	2	0.0	3	2.0	224
12/05/2025	23:51:01	40.53917	141.55781	-8	0.0	3	2.0	246
12/05/2025	23:52:00	40.53926	141.55792	-52	0.0	3	2.0	218
12/05/2025	23:53:01	40.53927	141.55775	22	0.0	3	2.0	214
12/05/2025	23:54:01	40.53933	141.55769	14	0.0	3	2.0	179
12/05/2025	23:55:00	40.53914	141.55779	0	0.0	3	2.1	221
12/05/2025	23:56:01	40.53912	141.55769	6	0.0	3	2.1	243
12/05/2025	23:57:00	40.53909	141.55784	6	0.0	3	2.1	219
12/05/2025	23:58:01	40.53916	141.55773	26	0.0	3	2.1	225
12/05/2025	23:59:00	40.53920	141.55773	20	0.0	3	2.1	244
13/05/2025	00:00:01	40.53932	141.55761	8	0.0	3	3.4	240
13/05/2025	00:01:02	40.53919	141.55776	10	0.0	3	4.0	241
13/05/2025	00:02:04	40.53927	141.55757	28	0.0	3	4.0	238
13/05/2025	00:03:03	40.53914	141.55769	14	0.0	3	4.1	240
13/05/2025	00:04:02	40.53927	141.55764	8	0.0	3	4.1	237
13/05/2025	00:05:02	40.53912	141.55778	4	0.0	3	4.2	231
13/05/2025	00:06:02	40.53912	141.55775	8	0.0	3	4.3	218
13/05/2025	00:07:01	40.53905	141.55785	18	0.0	3	4.3	219
13/05/2025	00:08:02	40.53921	141.55770	-2	0.0	3	4.4	223
13/05/2025	00:09:02	40.53913	141.55777	-4	0.0	3	5.0	235
13/05/2025	00:10:02	40.53922	141.55775	8	0.0	3	5.0	221
13/05/2025	00:11:03	40.53900	141.55773	12	0.0	3	5.1	236
13/05/2025	00:12:01	40.53900	141.55788	-6	0.0	3	5.2	159
13/05/2025	00:13:03	40.53903	141.55780	26	0.0	3	5.3	216
13/05/2025	00:14:05	40.53911	141.55779	0	0.0	3	5.4	242
13/05/2025	00:15:05	40.53919	141.55765	-2	0.0	3	6.0	216
13/05/2025	00:16:01	40.53953	141.55756	-6	0.0	3	6.1	219
13/05/2025	00:17:02	40.53904	141.55769	16	0.0	3	6.3	234
13/05/2025	00:18:02	40.53934	141.55766	-2	0.0	3	6.4	234
13/05/2025	00:19:03	40.53927	141.55777	-2	7.4	3	7.0	182
13/05/2025	00:20:01	40.53887	141.55787	14	0.0	3	7.2	158
13/05/2025	00:21:02	40.53928	141.55767	-6	0.0	3	7.4	216
13/05/2025	00:22:02	40.53897	141.55789	4	0.0	3	8.1	236
13/05/2025	00:23:04	40.53943	141.55755	4	0.0	3	8.3	239
13/05/2025	00:24:02	40.53920	141.55770	-4	0.0	3	9.0	181
13/05/2025	00:25:02	40.53888	141.55786	14	0.0	3	9.3	214
13/05/2025	00:26:02	40.53942	141.55760	-8	0.0	3	10.1	218
13/05/2025	00:27:01	40.54001	141.55729	-8	0.0	3	11.0	212
13/05/2025	00:28:03	40.53886	141.55787	32	7.4	3	11.4	214
13/05/2025	00:29:02	40.53954	141.55749	-16	0.0	3	12.3	215
13/05/2025	00:30:02	40.54057	141.55699	-86	0.0	3	13.4	190
13/05/2025	00:31:02	40.53981	141.55739	-32	0.0	3	15.0	213
13/05/2025	00:32:01	40.53944	141.55755	-6	0.0	3	16.2	220
13/05/2025	00:33:02	40.53930	141.55762	12	0.0	3	18.2	193
13/05/2025	00:34:02	40.53939	141.55757	-0	0.0	3	20.3	211
13/05/2025	00:35:02	40.53927	141.55774	6	11.1	3	23.3	263
13/05/2025	00:36:33	40.53916	141.55772	6	0.0	6	1.1	285
13/05/2025	00:37:02	40.53921	141.55768	26	3.7	4	2.3	247
13/05/2025	00:38:02	40.53913	141.55789	-32	0.0	5	2.2	218
13/05/2025	00:39:00	40.53917	141.55757	8	0.0	4	2.3	238
13/05/2025	00:40:00	40.53928	141.55776	6	0.0	4	2.2	182
13/05/2025	00:41:02	40.53915	141.55760	8	0.0	4	2.2	221
13/05/2025	00:42:03	40.53915	141.55781	-4	0.0	5	2.1	224
13/05/2025	00:43:01	40.53910	141.55795	-14	0.0	5	2.1	227
13/05/2025	00:44:02	40.53921	141.55778	8	3.7	5	2.1	219
13/05/2025	00:45:01	40.53920	141.55760	24	0.0	5	2.0	216
13/05/2025	00:46:02	40.53926	141.55764	24	0.0	5	2.0	275
13/05/2025	00:47:03	40.53924	141.55753	26	3.7	4	3.2	221
13/05/2025	00:48:01	40.53906	141.55786	-2	0.0	5	2.0	217
13/05/2025	00:49:03	40.53910	141.55777	-10	0.0	4	3.1	250
13/05/2025	00:50:01	40.53921	141.55772	16	0.0	5	1.4	271
13/05/2025	00:51:01	40.53927	141.55759	24	0.0	4	2.2	249
13/05/2025	00:52:01	40.53909	141.55783	-2	0.0	4	2.0	219
13/05/2025	00:53:01	40.53919	141.55761	16	0.0	4	2.0	249
13/05/2025	00:54:02	40.53923	141.55768	-0	0.0	5	2.1	266
13/05/2025	00:55:02	40.53910	141.55782	14	0.0	4	1.4	180
13/05/2025	00:56:03	40.53912	141.55775	-0	0.0	5	1.3	263
13/05/2025	00:57:01	40.53900	141.55795	-6	0.0	4	2.1	246
13/05/2025	00:58:03	40.53913	141.55771	12	0.0	5	1.3	267
13/05/2025	00:59:02	40.53925	141.55763	-0	0.0	4	2.1	262
13/05/2025	01:00:00	40.53895	141.55782	36	0.0	4	2.1	246
13/05/2025	01:01:02	40.53912	141.55772	10	0.0	5	1.3	266
13/05/2025	01:02:02	40.53913	141.55772	10	0.0	5	1.3	263
13/05/2025	01:03:01	40.53914	141.55776	14	0.0	4	2.1	243
13/05/2025	01:04:02	40.53919	141.55768	14	0.0	5	1.2	260
13/05/2025	01:05:02	40.53910	141.55771	8	0.0	5	1.2	264
13/05/2025	01:06:01	40.53919	141.55773	6	0.0	4	2.0	278
13/05/2025	01:07:01	40.53907	141.55785	8	0.0	4	2.0	248
13/05/2025	01:08:00	40.53911	141.55775	-0	0.0	4	2.0	248
13/05/2025	01:09:01	40.53916	141.55765	16	0.0	5	1.2	250
13/05/2025	01:10:00	40.53911	141.55784	-16	3.7	3	2.4	246
13/05/2025	01:11:01	40.53918	141.55776	-2	0.0	4	1.4	249
13/05/2025	01:12:01	40.53907	141.55768	-20	3.7	3	2.4	247
13/05/2025	01:13:02	40.53915	141.55768	10	0.0	5	1.2	247
13/05/2025	01:14:02	40.53923	141.55769	16	0.0	5	1.2	243
13/05/2025	01:15:02	40.53909	141.55774	10	0.0	5	1.2	250
13/05/2025	01:16:03	40.53918	141.55767	16	0.0	5	1.2	248
13/05/2025	01:17:02	40.53908	141.55771	-4	0.0	4	1.3	243
13/05/2025	01:18:01	40.53910	141.55781	2	3.7	3	2.4	215
13/05/2025	01:19:01	40.53921	141.55771	30	0.0	4	1.3	242
13/05/2025	01:20:03	40.53921	141.55774	12	0.0	5	1.1	248
13/05/2025	01:21:03	40.53911	141.55767	6	0.0	4	1.3	271
13/05/2025	01:22:02	40.53932	141.55775	30	0.0	3	2.1	246
13/05/2025	01:23:01	40.53909	141.55763	-26	0.0	3	2.1	237
13/05/2025	01:24:02	40.53921	141.55776	8	0.0	4	1.1	282
13/05/2025	01:25:02	40.53916	141.55766	10	0.0	5	1.1	249
13/05/2025	01:26:01	40.53935	141.55786	-20	0.0	3	2.1	210
13/05/2025	01:27:01	40.53906	141.55777	-12	0.0	3	2.1	244
13/05/2025	01:28:01	40.53919	141.55785	-12	0.0	3	2.2	244
13/05/2025	01:29:01	40.53918	141.55748	30	0.0	3	2.2	213
13/05/2025	01:30:01	40.53922	141.55778	-20	0.0	3	2.0	243
13/05/2025	01:31:01	40.53858	141.55759	24	0.0	3	2.2	190
13/05/2025	01:32:02	40.53932	141.55768	16	0.0	3	2.2	218
13/05/2025	01:33:02	40.53914	141.55775	14	0.0	3	2.0	215
13/05/2025	01:34:01	40.53920	141.55766	2	0.0	3	2.0	216
13/05/2025	01:35:03	40.53914	141.55765	16	0.0	4	1.2	239
13/05/2025	01:36:01	40.53924	141.55777	0	3.7	3	2.0	212
13/05/2025	01:37:02	40.53921	141.55769	6	0.0	3	2.0	272
13/05/2025	01:38:01	40.53912	141.55769	2	0.0	3	2.0	217
13/05/2025	01:39:00	40.53909	141.55765	-4	0.0	3	2.0	213
13/05/2025	01:40:01	40.53923	141.55765	16	0.0	3	1.4	240
13/05/2025	01:41:01	40.53921	141.55774	12	0.0	4	1.2	221
13/05/2025	01:42:01	40.53916	141.55766	-14	0.0	3	1.4	219
13/05/2025	01:43:00	40.53931	141.55761	4	0.0	3	1.4	188
13/05/2025	01:44:01	40.53905	141.55768	-8	0.0	3	1.4	276
13/05/2025	01:45:02	40.53906	141.55762	-14	0.0	3	1.4	241
13/05/2025	01:46:01	40.53916	141.55765	6	0.0	3	2.1	211
13/05/2025	01:47:04	40.53903	141.55763	6	0.0	3	1.4	229
13/05/2025	01:48:02	40.53908	141.55780	-4	0.0	2	2.4	232
13/05/2025	01:49:02	40.53902	141.55774	-16	0.0	2	2.4	190
13/05/2025	01:50:02	40.53921	141.55770	10	0.0	3	1.4	214
13/05/2025	01:51:00	40.53912	141.55774	-2	3.7	3	1.4	191
13/05/2025	01:52:02	40.53909	141.55779	-12	0.0	2	2.3	186
13/05/2025	01:53:03	40.53917	141.55769	26	0.0	3	2.0	241
13/05/2025	01:54:02	40.53914	141.55771	2	0.0	4	1.1	233
13/05/2025	01:55:02	40.53909	141.55769	-0	0.0	3	1.3	213
13/05/2025	01:56:01	40.53929	141.55786	42	0.0	3	1.3	187
13/05/2025	01:57:02	40.53922	141.55767	-12	0.0	2	2.2	188
13/05/2025	01:58:03	40.53916	141.55765	0	0.0	2	2.2	217
13/05/2025	01:59:03	40.53928	141.55776	22	7.4	1	6.2	156
13/05/2025	02:00:04	40.53932	141.55783	0	0.0	3	2.4	190
13/05/2025	02:01:03	40.53946	141.55792	-26	0.0	3	2.4	233
13/05/2025	02:02:05	40.53913	141.55764	6	0.0	3	2.4	227
13/05/2025	02:03:02	40.53916	141.55755	-20	0.0	3	2.4	221
13/05/2025	02:04:02	40.53909	141.55768	30	0.0	3	2.4	225
13/05/2025	02:05:03	40.53918	141.55769	22	0.0	3	2.4	252
13/05/2025	02:06:07	40.53926	141.55773	20	0.0	3	2.3	215
13/05/2025	02:07:03	40.53935	141.55783	34	0.0	3	2.3	221
13/05/2025	02:08:04	40.53929	141.55779	34	0.0	3	2.3	211
13/05/2025	02:09:06	40.53909	141.55769	6	0.0	3	2.3	239
13/05/2025	02:10:06	40.53916	141.55777	10	0.0	4	2.1	223
13/05/2025	02:11:06	40.53933	141.55775	2	7.4	3	2.3	230
13/05/2025	02:12:03	40.53900	141.55763	42	0.0	3	2.3	254
13/05/2025	02:13:06	40.53927	141.55772	22	0.0	3	2.3	266
13/05/2025	02:14:03	40.53910	141.55773	12	3.7	3	2.3	275
13/05/2025	02:15:04	40.53921	141.55775	6	0.0	3	2.3	222
13/05/2025	02:16:05	40.53924	141.55776	6	0.0	3	2.3	254
13/05/2025	02:17:02	40.53918	141.55769	-4	0.0	3	2.3	217
13/05/2025	02:18:03	40.53904	141.55768	6	0.0	3	2.3	232
13/05/2025	02:19:03	40.53929	141.55772	2	0.0	3	2.3	226
13/05/2025	02:20:03	40.53924	141.55774	-2	0.0	3	2.3	222
13/05/2025	02:21:01	40.53914	141.55778	18	0.0	3	2.3	225
13/05/2025	02:22:01	40.53918	141.55769	4	0.0	3	2.3	160
13/05/2025	02:23:02	40.53934	141.55776	0	0.0	3	2.3	232
13/05/2025	02:24:03	40.53922	141.55769	0	0.0	2	2.0	207
13/05/2025	02:25:04	40.53940	141.55767	-8	0.0	3	2.3	213
13/05/2025	02:26:04	40.53921	141.55775	16	0.0	3	2.3	202
13/05/2025	02:27:03	40.53937	141.55780	-12	0.0	3	2.3	242
13/05/2025	02:28:04	40.53923	141.55758	4	0.0	3	2.3	237
13/05/2025	02:29:04	40.53939	141.55775	-10	0.0	3	2.3	212
13/05/2025	02:30:06	40.53907	141.55767	16	0.0	3	2.3	233
13/05/2025	02:31:05	40.53912	141.55773	10	0.0	3	2.3	213
13/05/2025	02:32:03	40.53898	141.55769	28	0.0	3	2.3	241
13/05/2025	02:33:02	40.53929	141.55781	14	0.0	3	2.3	213
13/05/2025	02:34:05	40.53919	141.55772	12	0.0	3	2.3	237
13/05/2025	02:35:05	40.53922	141.55774	10	0.0	3	2.3	241
13/05/2025	02:36:04	40.53932	141.55764	2	0.0	3	2.3	244
13/05/2025	02:37:05	40.53905	141.55768	4	0.0	3	2.3	237
13/05/2025	02:38:04	40.53927	141.55767	-12	0.0	3	2.3	246
13/05/2025	02:39:05	40.53937	141.55769	10	0.0	3	2.3	232
13/05/2025	02:40:04	40.53910	141.55771	12	0.0	3	2.3	237
13/05/2025	02:41:08	40.53932	141.55770	0	0.0	3	2.3	235
13/05/2025	02:42:05	40.53912	141.55780	40	3.7	3	2.3	221
13/05/2025	02:43:05	40.53920	141.55768	-2	0.0	3	2.3	236
13/05/2025	02:44:08	40.53927	141.55771	4	3.7	3	2.4	235
13/05/2025	02:45:08	40.53914	141.55774	2	0.0	3	2.4	234
13/05/2025	02:46:07	40.53925	141.55770	16	0.0	3	2.4	235
13/05/2025	02:47:16	40.53895	141.55779	22	0.0	3	2.4	238
13/05/2025	02:48:33	40.53917	141.55771	0	0.0	4	1.3	263
13/05/2025	02:49:03	40.53922	141.55778	-0	0.0	4	1.3	192
13/05/2025	02:50:03	40.53915	141.55778	32	0.0	4	1.3	188
13/05/2025	02:51:01	40.53926	141.55778	36	0.0	3	2.0	191
13/05/2025	02:52:00	40.53883	141.55805	-18	0.0	3	1.4	182
13/05/2025	02:53:01	40.53919	141.55778	16	0.0	3	2.0	214
13/05/2025	02:54:01	40.53908	141.55773	4	0.0	3	2.0	215
13/05/2025	02:55:00	40.53924	141.55763	20	0.0	4	1.3	193
13/05/2025	02:56:02	40.53926	141.55774	16	0.0	4	2.3	218
13/05/2025	02:57:03	40.53913	141.55767	18	0.0	4	2.3	221
13/05/2025	02:58:02	40.53916	141.55773	8	0.0	4	1.3	224
13/05/2025	02:59:01	40.53926	141.55774	38	0.0	4	2.4	219
13/05/2025	03:00:01	40.53935	141.55779	50	0.0	4	2.4	227
13/05/2025	03:01:01	40.53957	141.55765	56	3.7	4	2.4	191
13/05/2025	03:02:03	40.53913	141.55769	-20	0.0	4	1.3	206
13/05/2025	03:03:02	40.53906	141.55770	-40	0.0	3	3.1	190
13/05/2025	03:04:03	40.53939	141.55771	22	0.0	3	3.2	199
13/05/2025	03:05:03	40.53919	141.55772	14	0.0	4	1.3	220
13/05/2025	03:06:03	40.53922	141.55773	14	0.0	3	3.1	194
13/05/2025	03:07:02	40.53896	141.55772	-26	0.0	3	3.1	220
13/05/2025	03:08:02	40.53906	141.55769	0	0.0	4	2.4	222
13/05/2025	03:09:01	40.53914	141.55783	20	0.0	4	2.4	222
13/05/2025	03:10:03	40.53919	141.55771	6	0.0	4	3.0	222
13/05/2025	03:11:01	40.53916	141.55776	0	0.0	3	1.4	215
13/05/2025	03:12:03	40.53947	141.55781	54	3.7	3	3.2	186
13/05/2025	03:13:03	40.53928	141.55768	64	0.0	3	1.4	185
13/05/2025	03:14:02	40.53924	141.55776	24	0.0	3	1.4	234
13/05/2025	03:15:02	40.53911	141.55773	14	0.0	4	3.1	217
13/05/2025	03:16:00	40.53929	141.55761	44	0.0	3	1.4	192
13/05/2025	03:17:01	40.53928	141.55772	42	0.0	3	1.4	194
13/05/2025	03:18:03	40.53920	141.55772	4	0.0	3	1.4	192
13/05/2025	03:19:03	40.53928	141.55776	-2	0.0	3	1.4	190
13/05/2025	03:20:03	40.53910	141.55771	8	0.0	3	1.4	189
13/05/2025	03:21:01	40.53923	141.55768	-6	0.0	3	1.4	195
13/05/2025	03:22:01	40.53900	141.55790	20	0.0	3	1.4	223
13/05/2025	03:23:02	40.53922	141.55770	4	0.0	3	2.0	221
13/05/2025	03:24:02	40.53916	141.55772	-40	0.0	3	2.0	199
13/05/2025	03:25:02	40.53931	141.55763	42	0.0	3	5.1	191
13/05/2025	03:26:03	40.53928	141.55771	8	0.0	3	4.1	187
13/05/2025	03:27:02	40.53895	141.55783	2	0.0	3	2.0	215
13/05/2025	03:28:03	40.53927	141.55770	18	0.0	3	2.0	215
13/05/2025	03:29:02	40.53964	141.55751	-18	0.0	3	4.3	174
13/05/2025	03:30:03	40.53925	141.55770	38	0.0	2	3.3	205
13/05/2025	03:31:02	40.53915	141.55780	20	0.0	3	2.0	184
13/05/2025	03:32:02	40.53915	141.55778	30	0.0	3	2.1	181
13/05/2025	03:33:00	40.53903	141.55780	4	0.0	3	2.1	190
13/05/2025	03:34:03	40.53890	141.55787	-20	7.4	3	5.2	194
13/05/2025	03:35:01	40.53893	141.55777	10	0.0	3	2.1	187
13/05/2025	03:36:03	40.53911	141.55778	12	0.0	3	2.1	234
13/05/2025	03:37:02	40.53911	141.55773	10	0.0	3	2.1	216
13/05/2025	03:38:02	40.53904	141.55788	-8	0.0	3	2.1	155
13/05/2025	03:39:00	40.53903	141.55803	-4	0.0	3	2.2	243
13/05/2025	03:40:03	40.53910	141.55776	-26	0.0	3	2.2	185
13/05/2025	03:41:03	40.53928	141.55784	-52	3.7	2	2.3	189
13/05/2025	03:42:02	40.53924	141.55770	-26	0.0	3	2.2	238
13/05/2025	03:43:03	40.53913	141.55780	8	0.0	3	2.2	231
13/05/2025	03:44:01	40.53903	141.55786	16	0.0	3	2.2	239
13/05/2025	03:45:02	40.53925	141.55761	-6	0.0	3	2.2	234
13/05/2025	03:46:02	40.53901	141.55746	-60	0.0	2	10.4	180
13/05/2025	03:47:02	40.53907	141.55786	32	0.0	3	2.3	182
13/05/2025	03:48:03	40.53916	141.55782	16	0.0	2	11.3	234
13/05/2025	03:49:05	40.53891	141.55822	62	3.7	2	13.1	243
13/05/2025	03:50:04	40.53936	141.55742	-16	3.7	2	14.4	201
13/05/2025	03:51:04	40.53838	141.55921	204	0.0	2	17.0	221
13/05/2025	03:52:03	40.53909	141.55774	32	0.0	1	2.4	149
13/05/2025	03:53:03	40.53923	141.55761	8	0.0	3	8.0	188
13/05/2025	03:54:03	40.53907	141.55770	14	22.2	3	7.4	192
13/05/2025	03:55:03	40.53919	141.55786	16	29.6	3	10.1	191
13/05/2025	03:56:03	40.53913	141.55778	16	0.0	3	2.3	216
13/05/2025	03:57:03	40.53914	141.55767	6	0.0	3	2.3	221
13/05/2025	03:58:03	40.53927	141.55773	6	0.0	3	2.3	214
13/05/2025	03:59:02	40.53929	141.55757	-8	0.0	3	2.3	219
13/05/2025	04:00:02	40.53894	141.55788	20	0.0	3	7.0	244
13/05/2025	04:01:03	40.53933	141.55761	8	0.0	3	6.3	247
13/05/2025	04:02:02	40.53915	141.55776	2	0.0	3	6.1	248
13/05/2025	04:03:02	40.53919	141.55770	2	0.0	3	6.0	222
13/05/2025	04:04:02	40.53913	141.55777	10	0.0	3	5.3	222
13/05/2025	04:05:02	40.53912	141.55780	28	0.0	3	5.2	244
13/05/2025	04:06:03	40.53920	141.55771	0	0.0	3	5.1	225
13/05/2025	04:07:03	40.53918	141.55772	-6	0.0	3	5.0	242
13/05/2025	04:08:03	40.53912	141.55780	20	0.0	3	4.4	244
13/05/2025	04:09:02	40.53914	141.55763	4	0.0	3	4.3	219
13/05/2025	04:10:02	40.53906	141.55776	14	3.7	3	4.2	260
13/05/2025	04:11:02	40.53931	141.55760	22	0.0	3	4.1	219
13/05/2025	04:12:03	40.53911	141.55781	14	0.0	3	4.1	285
13/05/2025	04:13:02	40.53907	141.55783	36	0.0	3	4.0	276
13/05/2025	04:14:03	40.53934	141.55756	-4	0.0	3	4.0	245
13/05/2025	04:15:03	40.53907	141.55788	12	0.0	3	3.4	279
13/05/2025	04:16:02	40.53923	141.55770	8	0.0	3	3.4	275
13/05/2025	04:17:03	40.53906	141.55781	2	0.0	3	3.3	272
13/05/2025	04:18:03	40.53909	141.55781	10	0.0	3	3.3	274
13/05/2025	04:19:03	40.53920	141.55765	10	0.0	3	3.2	276
13/05/2025	04:20:03	40.53928	141.55765	20	0.0	3	3.2	276
13/05/2025	04:21:02	40.53927	141.55773	12	0.0	3	3.1	277
13/05/2025	04:22:02	40.53927	141.55755	-16	0.0	3	3.1	275
13/05/2025	04:23:02	40.53921	141.55764	2	0.0	3	3.1	270
13/05/2025	04:24:03	40.53917	141.55770	-4	0.0	3	3.0	280
13/05/2025	04:25:02	40.53917	141.55768	14	0.0	3	3.0	278
13/05/2025	04:26:02	40.53926	141.55771	26	0.0	3	3.0	277
13/05/2025	04:27:03	40.53935	141.55762	-8	0.0	3	3.0	270
13/05/2025	04:28:02	40.53921	141.55777	18	0.0	3	2.4	272
13/05/2025	04:29:02	40.53926	141.55763	14	0.0	3	2.4	271
13/05/2025	04:30:02	40.53936	141.55745	32	0.0	3	2.4	270
13/05/2025	04:31:03	40.53928	141.55769	4	0.0	3	2.4	269
13/05/2025	04:32:04	40.53943	141.55758	10	0.0	3	2.4	267
13/05/2025	04:33:04	40.53922	141.55765	8	0.0	3	2.3	261
13/05/2025	04:34:04	40.53915	141.55777	10	3.7	3	2.3	262
13/05/2025	04:35:04	40.53901	141.55799	2	0.0	3	2.3	267
13/05/2025	04:36:03	40.53914	141.55785	-2	0.0	3	2.3	268
13/05/2025	04:37:04	40.53930	141.55757	6	0.0	3	2.3	268
13/05/2025	04:38:04	40.53925	141.55762	6	0.0	3	2.3	269
13/05/2025	04:39:04	40.53911	141.55781	6	0.0	3	2.2	274
13/05/2025	04:40:04	40.53917	141.55777	6	0.0	3	2.2	274
13/05/2025	04:41:04	40.53920	141.55771	12	0.0	3	2.2	265
13/05/2025	04:42:04	40.53914	141.55777	4	0.0	3	2.2	274
13/05/2025	04:43:05	40.53918	141.55772	2	0.0	3	2.2	269
13/05/2025	04:44:04	40.53933	141.55756	22	0.0	3	2.2	272
13/05/2025	04:45:04	40.53918	141.55775	10	0.0	3	2.2	270
13/05/2025	04:46:05	40.53915	141.55782	2	0.0	3	2.2	268
13/05/2025	04:47:05	40.53929	141.55762	18	3.7	3	2.1	267
13/05/2025	04:48:08	40.53919	141.55770	8	0.0	3	2.1	266
13/05/2025	04:49:06	40.53896	141.55803	0	0.0	3	2.1	255
13/05/2025	04:50:25	40.53927	141.55764	16	0.0	3	2.1	274
13/05/2025	04:51:11	40.53919	141.55778	14	3.7	3	2.1	272
13/05/2025	04:52:33	40.53920	141.55773	8	0.0	7	0.4	279
13/05/2025	04:53:02	40.53918	141.55741	-14	3.7	3	2.4	214
13/05/2025	04:54:03	40.53923	141.55779	-2	0.0	7	1.0	282
13/05/2025	04:55:01	40.53926	141.55770	14	0.0	6	1.0	284
13/05/2025	04:56:01	40.53927	141.55765	-10	0.0	4	1.2	270
13/05/2025	04:57:01	40.53919	141.55762	16	0.0	6	1.0	274
13/05/2025	04:58:00	40.53917	141.55781	-6	0.0	5	1.4	277
13/05/2025	04:59:01	40.53921	141.55789	34	0.0	3	2.1	247
13/05/2025	05:00:02	40.53930	141.55783	28	0.0	5	1.4	271
13/05/2025	05:01:01	40.53943	141.55789	-0	0.0	5	1.1	246
13/05/2025	05:02:01	40.53908	141.55764	4	0.0	5	1.2	274
13/05/2025	05:03:01	40.53934	141.55770	-4	0.0	6	1.1	227
13/05/2025	05:04:01	40.53934	141.55786	68	0.0	3	1.4	222
13/05/2025	05:05:01	40.53919	141.55779	14	0.0	4	1.2	192
13/05/2025	05:06:01	40.53932	141.55761	-6	0.0	4	2.2	218
13/05/2025	05:07:02	40.53908	141.55766	22	0.0	5	1.1	245
13/05/2025	05:08:01	40.53909	141.55793	26	3.7	4	1.2	257
13/05/2025	05:09:01	40.53932	141.55762	-8	3.7	3	1.2	188
13/05/2025	05:10:01	40.53922	141.55775	-16	0.0	4	1.1	223
13/05/2025	05:11:01	40.53923	141.55751	-52	0.0	4	2.2	220
13/05/2025	05:12:01	40.53927	141.55771	14	0.0	4	1.2	224
13/05/2025	05:13:01	40.53919	141.55775	8	0.0	4	1.1	161
13/05/2025	05:14:01	40.53916	141.55772	20	0.0	3	2.3	189
13/05/2025	05:15:03	40.53922	141.55771	-0	0.0	6	1.0	224
13/05/2025	05:16:03	40.53919	141.55767	14	0.0	4	2.2	241
13/05/2025	05:17:02	40.53915	141.55775	-30	0.0	4	1.2	180
13/05/2025	05:18:03	40.53930	141.55773	8	0.0	5	1.3	241
13/05/2025	05:19:03	40.53917	141.55778	-4	0.0	5	1.1	210
13/05/2025	05:20:03	40.53916	141.55764	6	0.0	4	2.0	188
13/05/2025	05:21:03	40.53907	141.55770	-4	0.0	5	1.3	232
13/05/2025	05:22:03	40.53920	141.55751	-24	0.0	3	2.1	207
13/05/2025	05:23:03	40.53916	141.55755	18	0.0	4	1.4	211
13/05/2025	05:24:04	40.53922	141.55760	24	0.0	5	1.1	203
13/05/2025	05:25:02	40.53921	141.55774	-12	0.0	3	2.2	210
13/05/2025	05:26:03	40.53924	141.55779	-4	0.0	5	1.4	274
13/05/2025	05:27:02	40.53929	141.55768	24	0.0	3	2.4	156
13/05/2025	05:28:01	40.53917	141.55776	2	0.0	6	1.2	249
13/05/2025	05:29:01	40.53908	141.55762	36	0.0	4	2.0	262
13/05/2025	05:30:00	40.53911	141.55772	-6	0.0	4	1.4	250
13/05/2025	05:31:00	40.53921	141.55778	-0	0.0	3	2.3	213
13/05/2025	05:32:03	40.53919	141.55760	-4	0.0	5	1.1	213
13/05/2025	05:33:03	40.53922	141.55772	-14	0.0	5	1.1	237
13/05/2025	05:34:02	40.53924	141.55769	-8	0.0	5	1.0	263
13/05/2025	05:35:04	40.53923	141.55770	-20	0.0	4	1.2	241
13/05/2025	05:36:02	40.53924	141.55770	-16	0.0	4	2.1	242
13/05/2025	05:37:02	40.53918	141.55776	-4	0.0	4	1.1	211
13/05/2025	05:38:01	40.53918	141.55775	102	3.7	3	2.2	206
13/05/2025	05:39:02	40.53923	141.55769	-6	0.0	5	1.1	244
13/05/2025	05:40:02	40.53920	141.55765	6	0.0	6	1.0	242
13/05/2025	05:41:01	40.53926	141.55775	6	0.0	5	1.1	276
13/05/2025	05:42:01	40.53914	141.55767	2	0.0	5	1.1	247
13/05/2025	05:43:02	40.53929	141.55767	-24	0.0	4	2.1	248
13/05/2025	05:44:01	40.53917	141.55774	-10	0.0	3	1.3	210
13/05/2025	05:45:00	40.53931	141.55789	-14	3.7	5	1.4	257
13/05/2025	05:46:01	40.53919	141.55778	0	0.0	3	2.2	275
13/05/2025	05:47:01	40.53903	141.55761	16	0.0	3	2.4	238
13/05/2025	05:48:03	40.53922	141.55775	14	0.0	5	1.1	264
13/05/2025	05:49:00	40.53927	141.55761	28	0.0	4	2.0	241
13/05/2025	05:50:01	40.53923	141.55775	10	0.0	6	1.0	253
13/05/2025	05:51:01	40.53914	141.55775	8	0.0	4	1.1	272
13/05/2025	05:52:02	40.53913	141.55783	-14	0.0	4	2.2	237
13/05/2025	05:53:02	40.53920	141.55773	8	0.0	6	1.0	274
13/05/2025	05:54:01	40.53910	141.55763	0	0.0	3	2.1	237
13/05/2025	05:55:01	40.53935	141.55780	30	0.0	4	1.3	247
13/05/2025	05:56:02	40.53918	141.55784	22	0.0	4	1.1	263
13/05/2025	05:57:00	40.53944	141.55753	8	0.0	4	2.2	270
13/05/2025	05:58:01	40.53919	141.55775	0	0.0	4	1.0	272
13/05/2025	05:59:01	40.53923	141.55771	26	0.0	5	1.1	275
13/05/2025	06:00:00	40.53927	141.55760	10	0.0	4	2.3	270
13/05/2025	06:01:00	40.53928	141.55774	26	0.0	4	1.3	189
13/05/2025	06:02:02	40.53918	141.55766	4	0.0	6	1.0	247
13/05/2025	06:03:01	40.53923	141.55771	18	0.0	4	1.3	274
13/05/2025	06:04:01	40.53919	141.55766	-22	0.0	4	1.3	210
13/05/2025	06:05:01	40.53917	141.55774	8	0.0	4	1.3	220
13/05/2025	06:06:00	40.53918	141.55760	16	3.7	4	1.3	245
13/05/2025	06:07:02	40.53918	141.55775	10	0.0	5	1.1	264
13/05/2025	06:08:00	40.53918	141.55767	20	3.7	4	1.3	279
13/05/2025	06:09:00	40.53911	141.55777	-0	0.0	5	1.1	277
13/05/2025	06:10:01	40.53924	141.55767	-0	0.0	5	1.0	225
13/05/2025	06:11:00	40.53904	141.55793	-16	3.7	4	2.0	253
13/05/2025	06:12:00	40.53918	141.55765	-18	0.0	3	1.3	191
13/05/2025	06:13:01	40.53919	141.55775	0	0.0	5	1.2	256
13/05/2025	06:14:01	40.53919	141.55770	14	0.0	5	1.2	281
13/05/2025	06:15:00	40.53920	141.55772	2	0.0	5	1.2	229
13/05/2025	06:16:00	40.53922	141.55766	-6	0.0	5	1.2	229
13/05/2025	06:17:01	40.53923	141.55764	-0	0.0	5	1.2	253
13/05/2025	06:18:01	40.53918	141.55782	8	0.0	5	1.2	279
13/05/2025	06:19:01	40.53922	141.55764	-4	0.0	5	1.2	270
13/05/2025	06:20:00	40.53911	141.55791	36	0.0	5	1.2	251
13/05/2025	06:21:00	40.53923	141.55756	2	0.0	4	1.3	245
13/05/2025	06:22:00	40.53933	141.55760	6	0.0	5	1.2	245
13/05/2025	06:23:01	40.53926	141.55765	-8	0.0	5	1.2	264
13/05/2025	06:24:00	40.53933	141.55810	-22	0.0	4	2.0	213
13/05/2025	06:25:00	40.53927	141.55776	-0	0.0	3	1.3	210
13/05/2025	06:26:00	40.53909	141.55754	72	3.7	4	2.0	246
13/05/2025	06:27:02	40.53925	141.55777	-4	0.0	6	1.0	243
13/05/2025	06:28:02	40.53922	141.55764	8	0.0	6	1.0	271
13/05/2025	06:29:01	40.53912	141.55767	8	0.0	5	1.4	282
13/05/2025	06:30:01	40.53918	141.55761	20	0.0	4	2.1	241
13/05/2025	06:31:00	40.53924	141.55765	-8	0.0	4	2.1	194
13/05/2025	06:32:02	40.53924	141.55765	8	0.0	5	1.4	268
13/05/2025	06:33:00	40.53921	141.55759	8	0.0	4	2.1	191
13/05/2025	06:34:00	40.53938	141.55784	-46	0.0	3	2.2	220
13/05/2025	06:35:00	40.53892	141.55776	72	0.0	3	2.2	158
13/05/2025	06:36:01	40.53923	141.55768	-4	0.0	4	2.1	210
13/05/2025	06:37:01	40.53929	141.55769	-2	0.0	3	2.2	182
13/05/2025	06:38:03	40.53920	141.55774	6	0.0	4	2.1	255
13/05/2025	06:39:01	40.53918	141.55761	32	0.0	4	2.1	161
13/05/2025	06:40:01	40.53914	141.55771	40	0.0	3	2.2	187
13/05/2025	06:41:00	40.53915	141.55780	84	0.0	3	2.2	212
13/05/2025	06:42:01	40.53921	141.55775	6	0.0	4	2.1	245
13/05/2025	06:43:02	40.53934	141.55769	-14	3.7	3	2.2	243
13/05/2025	06:44:04	40.53907	141.55763	26	0.0	4	2.1	238
13/05/2025	06:45:03	40.53911	141.55755	80	7.4	3	2.2	157
13/05/2025	06:46:02	40.53919	141.55780	16	0.0	4	2.1	233
13/05/2025	06:47:02	40.53918	141.55762	18	0.0	4	2.1	236
13/05/2025	06:48:02	40.53925	141.55780	-14	0.0	3	2.2	193
13/05/2025	06:49:02	40.53934	141.55786	-28	0.0	4	2.1	205
13/05/2025	06:50:01	40.53931	141.55769	-30	0.0	3	2.2	191
13/05/2025	06:51:05	40.53917	141.55770	18	0.0	3	2.4	189
13/05/2025	06:52:02	40.53924	141.55765	10	0.0	3	2.4	175
13/05/2025	06:53:04	40.53923	141.55779	-8	0.0	3	2.2	231
13/05/2025	06:54:02	40.53916	141.55774	24	0.0	4	1.3	243
13/05/2025	06:55:01	40.53903	141.55774	4	0.0	3	2.2	159
13/05/2025	06:56:03	40.53918	141.55765	4	0.0	3	2.2	239
13/05/2025	06:57:03	40.53914	141.55780	48	0.0	3	2.2	222
13/05/2025	06:58:03	40.53926	141.55781	26	0.0	3	2.2	243
13/05/2025	06:59:02	40.53911	141.55779	30	0.0	3	2.2	186
13/05/2025	07:00:02	40.53915	141.55770	-2	0.0	3	2.2	242
13/05/2025	07:01:01	40.53915	141.55776	22	0.0	3	2.2	224
13/05/2025	07:02:03	40.53925	141.55771	-20	0.0	3	2.2	260
13/05/2025	07:03:01	40.53922	141.55778	62	0.0	3	2.2	190
13/05/2025	07:04:02	40.53919	141.55774	8	0.0	3	2.2	187
13/05/2025	07:05:02	40.53904	141.55795	44	0.0	3	2.2	182
13/05/2025	07:06:03	40.53920	141.55782	20	0.0	3	2.2	186
13/05/2025	07:07:02	40.53921	141.55771	0	0.0	3	2.2	187
13/05/2025	07:08:02	40.53927	141.55763	-2	0.0	3	2.2	183
13/05/2025	07:09:02	40.53912	141.55785	-2	0.0	3	2.2	185
13/05/2025	07:10:04	40.53925	141.55762	10	0.0	3	2.2	176
13/05/2025	07:11:02	40.53918	141.55775	4	0.0	3	2.2	216
13/05/2025	07:12:02	40.53917	141.55772	0	0.0	3	2.2	184
13/05/2025	07:13:02	40.53931	141.55767	20	0.0	3	2.3	188
13/05/2025	07:14:03	40.53924	141.55769	-4	0.0	3	2.3	203
13/05/2025	07:15:02	40.53920	141.55773	12	7.4	3	2.3	184
13/05/2025	07:16:04	40.53919	141.55779	6	0.0	3	2.3	221
13/05/2025	07:17:02	40.53921	141.55774	12	0.0	3	2.3	249
13/05/2025	07:18:02	40.53918	141.55776	2	0.0	3	2.3	220
13/05/2025	07:19:02	40.53927	141.55766	4	0.0	3	2.3	182
13/05/2025	07:20:03	40.53924	141.55773	0	0.0	3	2.3	287
13/05/2025	07:21:04	40.53917	141.55768	6	0.0	3	2.3	287
13/05/2025	07:22:02	40.53918	141.55778	24	0.0	3	2.3	232
13/05/2025	07:23:02	40.53917	141.55772	-0	0.0	3	2.3	181
13/05/2025	07:24:02	40.53919	141.55765	-4	0.0	2	2.4	157
13/05/2025	07:25:08	40.53919	141.55767	2	0.0	3	2.3	280
13/05/2025	07:26:13	40.53921	141.55770	8	0.0	3	2.3	281
13/05/2025	07:27:07	40.53922	141.55780	30	0.0	3	2.3	246
13/05/2025	07:28:05	40.53911	141.55756	-6	0.0	3	2.3	250
13/05/2025	07:29:05	40.53919	141.55775	18	0.0	3	2.3	250
13/05/2025	07:30:07	40.53913	141.55768	-2	0.0	3	2.3	285
13/05/2025	07:31:05	40.53913	141.55772	4	0.0	3	2.3	287
13/05/2025	07:32:02	40.53919	141.55762	2	0.0	2	2.4	238
13/05/2025	07:33:33	40.53917	141.55774	14	0.0	5	1.3	272
13/05/2025	07:34:03	40.53907	141.55762	-4	0.0	5	1.3	273
13/05/2025	07:35:03	40.53912	141.55774	-0	0.0	5	1.3	237
13/05/2025	07:36:02	40.53920	141.55768	6	0.0	5	1.3	243
13/05/2025	07:37:02	40.53912	141.55772	-4	0.0	5	1.3	219
13/05/2025	07:38:01	40.53923	141.55775	16	0.0	5	1.3	241
13/05/2025	07:39:02	40.53923	141.55775	8	0.0	5	1.3	215
13/05/2025	07:40:01	40.53919	141.55772	10	0.0	5	1.3	250
13/05/2025	07:41:00	40.53912	141.55773	-4	0.0	4	2.3	245
13/05/2025	07:42:00	40.53919	141.55766	-0	0.0	4	1.4	247
13/05/2025	07:43:01	40.53917	141.55769	8	0.0	4	2.3	187
13/05/2025	07:44:00	40.53899	141.55767	-6	3.7	5	1.3	251
13/05/2025	07:45:01	40.53909	141.55766	-2	0.0	5	1.3	247
13/05/2025	07:46:01	40.53930	141.55780	20	0.0	5	1.4	248
13/05/2025	07:47:02	40.53921	141.55772	10	0.0	5	1.3	278
13/05/2025	07:48:01	40.53908	141.55763	-6	0.0	5	1.3	242
13/05/2025	07:49:01	40.53919	141.55773	12	0.0	4	2.2	244
13/05/2025	07:50:01	40.53906	141.55759	-2	0.0	4	2.2	186
13/05/2025	07:51:02	40.53917	141.55769	0	0.0	4	2.2	244
13/05/2025	07:52:01	40.53918	141.55772	10	0.0	4	2.1	184
13/05/2025	07:53:02	40.53918	141.55779	14	0.0	5	1.3	240
13/05/2025	07:54:01	40.53929	141.55791	16	0.0	4	2.1	241
13/05/2025	07:55:01	40.53913	141.55771	12	0.0	4	2.1	257
13/05/2025	07:56:01	40.53905	141.55751	-4	0.0	4	2.1	245
13/05/2025	07:57:01	40.53919	141.55773	-6	0.0	4	2.0	276
13/05/2025	07:58:01	40.53917	141.55767	2	0.0	4	2.0	242
13/05/2025	07:59:02	40.53915	141.55781	0	0.0	4	2.0	262
13/05/2025	08:00:02	40.53916	141.55772	0	0.0	4	2.0	230
13/05/2025	08:01:02	40.53915	141.55778	-12	0.0	3	3.2	267
13/05/2025	08:02:02	40.53914	141.55767	8	0.0	4	1.4	228
13/05/2025	08:03:01	40.53917	141.55770	-0	0.0	4	1.4	207
13/05/2025	08:04:01	40.53905	141.55741	12	0.0	4	1.4	214
13/05/2025	08:05:02	40.53911	141.55766	0	0.0	4	1.4	211
13/05/2025	08:06:01	40.53911	141.55759	10	0.0	4	1.4	215
13/05/2025	08:07:01	40.53921	141.55777	6	0.0	4	1.4	212
13/05/2025	08:08:02	40.53914	141.55772	0	0.0	4	1.4	232
13/05/2025	08:09:02	40.53915	141.55771	4	0.0	4	1.3	221
13/05/2025	08:10:01	40.53918	141.55764	8	0.0	4	1.3	222
13/05/2025	08:11:01	40.53918	141.55773	12	0.0	4	1.3	225
13/05/2025	08:12:02	40.53916	141.55764	4	0.0	4	1.3	255
13/05/2025	08:13:02	40.53919	141.55767	8	0.0	4	1.3	257
13/05/2025	08:14:01	40.53914	141.55764	24	0.0	4	1.3	222
13/05/2025	08:15:01	40.53916	141.55771	12	0.0	4	1.3	225
13/05/2025	08:16:01	40.53923	141.55775	4	0.0	4	1.3	221
13/05/2025	08:17:01	40.53924	141.55768	26	0.0	4	1.3	225
13/05/2025	08:18:01	40.53914	141.55769	8	0.0	4	1.2	225
13/05/2025	08:19:01	40.53917	141.55771	10	0.0	4	1.2	224
13/05/2025	08:20:00	40.53913	141.55768	-4	0.0	4	1.2	192
13/05/2025	08:21:00	40.53911	141.55762	8	0.0	3	2.2	195
13/05/2025	08:22:00	40.53917	141.55769	14	0.0	4	1.2	227
13/05/2025	08:23:01	40.53917	141.55775	0	0.0	4	1.2	227
13/05/2025	08:24:00	40.53913	141.55768	20	0.0	4	1.2	224
13/05/2025	08:25:00	40.53916	141.55770	14	0.0	4	1.2	229
13/05/2025	08:26:00	40.53911	141.55771	4	0.0	4	1.2	226
13/05/2025	08:27:00	40.53902	141.55761	2	0.0	4	1.2	194
13/05/2025	08:28:00	40.53877	141.55702	20	0.0	3	2.3	156
13/05/2025	08:29:00	40.53926	141.55802	4	0.0	3	2.3	226
13/05/2025	08:30:01	40.53899	141.55744	12	0.0	3	2.3	188
13/05/2025	08:31:00	40.53922	141.55767	12	0.0	3	2.3	190
13/05/2025	08:32:01	40.53907	141.55779	-12	0.0	3	2.0	251
13/05/2025	08:33:01	40.53923	141.55769	6	0.0	3	2.3	256
13/05/2025	08:34:02	40.53919	141.55770	2	0.0	4	1.1	248
13/05/2025	08:35:00	40.53919	141.55755	38	0.0	4	1.1	221
13/05/2025	08:36:00	40.53924	141.55775	8	0.0	4	1.1	219
13/05/2025	08:37:01	40.53909	141.55779	16	0.0	3	1.1	189
13/05/2025	08:38:00	40.53920	141.55759	16	0.0	4	1.1	225
13/05/2025	08:39:00	40.53925	141.55773	24	0.0	4	1.1	263
13/05/2025	08:40:02	40.53920	141.55766	26	0.0	4	1.1	265
13/05/2025	08:41:01	40.53919	141.55766	6	0.0	4	1.1	226
13/05/2025	08:42:01	40.53915	141.55765	8	0.0	4	1.1	228
13/05/2025	08:43:01	40.53914	141.55775	12	0.0	4	1.1	226
13/05/2025	08:44:01	40.53918	141.55779	12	0.0	4	1.1	226
13/05/2025	08:45:00	40.53903	141.55777	-18	0.0	3	1.4	221
13/05/2025	08:46:01	40.53915	141.55769	16	0.0	4	1.1	225
13/05/2025	08:47:00	40.53905	141.55779	8	0.0	4	1.1	225
13/05/2025	08:48:01	40.53913	141.55764	8	0.0	3	1.3	204
13/05/2025	08:49:00	40.53920	141.55754	22	3.7	3	1.3	223
13/05/2025	08:50:00	40.53927	141.55774	24	0.0	3	1.3	219
13/05/2025	08:51:01	40.53914	141.55773	6	0.0	4	1.1	224
13/05/2025	08:52:00	40.53904	141.55766	-6	3.7	3	1.3	220
13/05/2025	08:53:00	40.53917	141.55762	24	0.0	3	1.3	224
13/05/2025	08:54:01	40.53915	141.55776	0	0.0	4	1.1	192
13/05/2025	08:55:00	40.53915	141.55768	4	0.0	3	1.3	154
13/05/2025	08:56:01	40.53924	141.55770	16	0.0	4	1.1	216
13/05/2025	08:57:01	40.53918	141.55769	20	0.0	4	1.1	227
13/05/2025	08:58:01	40.53918	141.55765	8	0.0	4	1.0	225
13/05/2025	08:59:01	40.53925	141.55768	8	0.0	4	1.0	223
13/05/2025	09:00:00	40.53921	141.55770	12	0.0	3	1.3	251
13/05/2025	09:01:01	40.53921	141.55772	-8	0.0	4	1.1	225
13/05/2025	09:02:00	40.53919	141.55768	-12	0.0	3	1.3	251
13/05/2025	09:03:03	40.53923	141.55771	24	0.0	4	1.1	250
13/05/2025	09:04:01	40.53916	141.55776	24	0.0	4	1.1	241
13/05/2025	09:05:01	40.53919	141.55776	6	0.0	3	1.3	256
13/05/2025	09:06:01	40.53925	141.55771	6	0.0	3	1.3	246
13/05/2025	09:07:01	40.53910	141.55768	8	0.0	3	1.3	244
13/05/2025	09:08:01	40.53914	141.55778	-2	0.0	3	1.3	246
13/05/2025	09:09:01	40.53919	141.55768	28	0.0	3	1.3	190
13/05/2025	09:10:02	40.53914	141.55771	0	0.0	3	1.3	275
13/05/2025	09:11:01	40.53924	141.55771	12	0.0	3	1.3	218
13/05/2025	09:12:02	40.53913	141.55775	2	0.0	3	1.3	239
13/05/2025	09:13:01	40.53913	141.55775	8	0.0	3	1.3	194
13/05/2025	09:14:02	40.53915	141.55767	2	0.0	3	1.2	237
13/05/2025	09:15:02	40.53922	141.55769	10	0.0	3	1.2	235
13/05/2025	09:16:02	40.53918	141.55783	-28	0.0	3	1.2	273
13/05/2025	09:17:02	40.53926	141.55778	2	0.0	3	1.2	236
13/05/2025	09:18:01	40.53930	141.55781	-6	0.0	3	1.2	222
13/05/2025	09:19:02	40.53917	141.55774	-12	0.0	3	1.2	238
13/05/2025	09:20:02	40.53917	141.55771	26	0.0	3	1.2	218
13/05/2025	09:21:03	40.53913	141.55778	-18	0.0	3	1.2	252
13/05/2025	09:22:02	40.53921	141.55771	4	0.0	3	1.2	212
13/05/2025	09:23:02	40.53915	141.55777	-24	0.0	3	1.2	272
13/05/2025	09:24:02	40.53916	141.55767	18	0.0	3	1.2	213
13/05/2025	09:25:03	40.53908	141.55766	10	0.0	3	1.2	247
13/05/2025	09:26:04	40.53915	141.55770	12	0.0	3	1.2	246
13/05/2025	09:27:04	40.53923	141.55779	-2	0.0	3	1.2	246
13/05/2025	09:28:02	40.53942	141.55786	0	0.0	2	2.0	244
13/05/2025	09:29:05	40.53919	141.55772	-2	0.0	3	1.2	241
13/05/2025	09:30:02	40.53927	141.55777	-2	0.0	2	2.0	240
13/05/2025	09:31:06	40.53918	141.55773	4	0.0	3	1.2	239
13/05/2025	09:32:03	40.53911	141.55771	2	0.0	2	2.0	236
13/05/2025	09:33:04	40.53925	141.55774	-0	0.0	2	2.0	207
13/05/2025	09:34:06	40.53913	141.55771	4	0.0	3	1.2	208
13/05/2025	09:35:05	40.53922	141.55772	8	0.0	2	2.0	243
13/05/2025	09:36:07	40.53927	141.55776	0	0.0	3	1.2	274
13/05/2025	09:37:02	40.53925	141.55781	0	0.0	2	2.0	243
13/05/2025	09:38:11	40.53922	141.55774	-6	0.0	3	1.2	270
13/05/2025	09:39:04	40.53923	141.55778	-8	0.0	2	2.0	228
13/05/2025	09:40:02	40.53912	141.55776	-4	0.0	2	2.0	190
13/05/2025	09:41:04	40.53922	141.55773	-4	0.0	2	2.0	224
13/05/2025	09:42:04	40.53925	141.55777	-8	0.0	2	2.0	187
13/05/2025	09:43:04	40.53929	141.55782	-14	0.0	2	2.0	192
13/05/2025	09:44:04	40.53924	141.55783	-14	0.0	2	2.0	191
13/05/2025	09:45:04	40.53924	141.55777	-18	0.0	2	2.0	258
13/05/2025	09:46:05	40.53930	141.55783	-22	0.0	2	2.0	223
13/05/2025	09:47:02	40.53922	141.55781	-20	0.0	2	2.0	223
13/05/2025	09:48:02	40.53923	141.55782	-20	0.0	2	2.0	188
13/05/2025	09:49:02	40.53924	141.55783	-24	0.0	2	2.0	218
13/05/2025	09:50:02	40.53935	141.55787	-26	0.0	2	2.0	185
13/05/2025	09:51:05	40.53929	141.55786	-24	0.0	2	2.0	221
13/05/2025	09:52:05	40.53929	141.55785	-20	0.0	2	2.0	224
13/05/2025	09:53:33	40.53917	141.55769	8	0.0	6	1.0	260
13/05/2025	09:54:01	40.53914	141.55777	0	0.0	4	1.4	199
13/05/2025	09:55:01	40.53912	141.55784	-0	0.0	5	1.1	224
13/05/2025	09:56:00	40.53921	141.55770	6	0.0	5	1.1	219
13/05/2025	09:57:00	40.53919	141.55759	-0	0.0	4	2.4	216
13/05/2025	09:58:00	40.53924	141.55771	14	0.0	6	1.0	222
13/05/2025	09:59:00	40.53917	141.55764	22	0.0	4	1.1	190
13/05/2025	10:00:00	40.53914	141.55753	34	0.0	4	2.4	218
13/05/2025	10:01:00	40.53933	141.55745	-28	0.0	3	2.4	184
13/05/2025	10:02:00	40.53920	141.55765	12	0.0	4	2.3	217
13/05/2025	10:03:01	40.53922	141.55777	14	0.0	5	1.1	186
13/05/2025	10:04:00	40.53937	141.55775	28	0.0	4	2.3	221
13/05/2025	10:05:00	40.53924	141.55778	16	0.0	5	1.2	222
13/05/2025	10:06:00	40.53926	141.55781	18	0.0	4	2.1	195
13/05/2025	10:07:00	40.53931	141.55775	10	3.7	4	2.2	245
13/05/2025	10:08:00	40.53917	141.55766	-10	3.7	4	2.2	220
13/05/2025	10:09:00	40.53925	141.55766	0	0.0	5	1.2	219
13/05/2025	10:10:00	40.53912	141.55768	-24	0.0	4	2.2	215
13/05/2025	10:11:00	40.53896	141.55756	-12	3.7	3	2.2	182
13/05/2025	10:12:01	40.53925	141.55763	0	0.0	4	2.1	241
13/05/2025	10:13:00	40.53894	141.55777	4	0.0	4	2.1	240
13/05/2025	10:14:01	40.53915	141.55768	18	0.0	4	2.1	217
13/05/2025	10:15:00	40.53899	141.55753	2	0.0	4	2.1	218
13/05/2025	10:16:00	40.53896	141.55759	12	11.1	4	2.2	164
13/05/2025	10:17:00	40.53921	141.55780	-2	0.0	4	2.1	162
13/05/2025	10:18:00	40.53893	141.55764	8	0.0	3	2.1	129
13/05/2025	10:19:01	40.53914	141.55774	28	0.0	3	4.0	244
13/05/2025	10:20:00	40.53919	141.55773	-0	0.0	4	2.0	187
13/05/2025	10:21:01	40.53918	141.55769	10	0.0	4	2.0	240
13/05/2025	10:22:00	40.53926	141.55775	24	0.0	4	2.0	164
13/05/2025	10:23:00	40.53910	141.55769	10	0.0	4	2.0	240
13/05/2025	10:24:00	40.53910	141.55770	36	0.0	4	2.0	211
13/05/2025	10:25:01	40.53913	141.55768	8	0.0	3	2.0	202
13/05/2025	10:26:00	40.53927	141.55774	32	0.0	4	1.4	188
13/05/2025	10:27:00	40.53924	141.55777	20	0.0	4	1.4	216
13/05/2025	10:28:00	40.53926	141.55785	30	0.0	4	1.4	220
13/05/2025	10:29:00	40.53917	141.55768	-4	0.0	4	1.4	215
13/05/2025	10:30:01	40.53921	141.55771	8	0.0	4	1.4	239
13/05/2025	10:31:00	40.53919	141.55775	18	0.0	4	1.4	216
13/05/2025	10:32:00	40.53913	141.55760	30	0.0	4	1.4	212
13/05/2025	10:33:01	40.53920	141.55772	2	0.0	4	1.4	245
13/05/2025	10:34:01	40.53910	141.55759	-0	0.0	4	1.4	278
13/05/2025	10:35:01	40.53898	141.55768	-4	0.0	4	1.3	222
13/05/2025	10:36:01	40.53913	141.55764	8	0.0	4	1.3	273
13/05/2025	10:37:00	40.53927	141.55770	0	0.0	4	1.3	219
13/05/2025	10:38:01	40.53917	141.55774	16	0.0	4	1.3	259
13/05/2025	10:39:00	40.53918	141.55773	8	0.0	4	1.3	214
13/05/2025	10:40:01	40.53919	141.55760	14	0.0	4	1.3	252
13/05/2025	10:41:00	40.53914	141.55767	20	0.0	4	1.3	219
13/05/2025	10:42:01	40.53918	141.55766	14	0.0	4	1.3	237
13/05/2025	10:43:01	40.53908	141.55765	10	0.0	4	1.3	236
13/05/2025	10:44:01	40.53931	141.55776	18	0.0	4	1.3	209
13/05/2025	10:45:01	40.53919	141.55770	20	0.0	4	1.3	238
13/05/2025	10:46:00	40.53919	141.55773	24	0.0	3	2.4	213
13/05/2025	10:47:00	40.53901	141.55771	0	0.0	3	2.4	212
13/05/2025	10:48:00	40.53921	141.55779	10	0.0	3	2.4	217
13/05/2025	10:49:01	40.53914	141.55768	12	0.0	3	2.4	218
13/05/2025	10:50:00	40.53908	141.55758	14	0.0	3	2.3	190
13/05/2025	10:51:00	40.53918	141.55777	8	0.0	3	2.3	194
13/05/2025	10:52:00	40.53893	141.55751	32	0.0	3	2.3	214
13/05/2025	10:53:00	40.53914	141.55769	26	0.0	3	2.3	196
13/05/2025	10:54:01	40.53913	141.55770	22	0.0	3	2.3	210
13/05/2025	10:55:00	40.53928	141.55781	-2	0.0	3	2.2	198
13/05/2025	10:56:00	40.53907	141.55764	16	0.0	3	2.2	195
13/05/2025	10:57:00	40.53919	141.55769	0	0.0	3	2.2	199
13/05/2025	10:57:59	40.53935	141.55792	6	0.0	3	2.2	197
13/05/2025	10:59:00	40.53920	141.55776	0	0.0	3	2.2	198
13/05/2025	11:00:01	40.53935	141.55781	-18	3.7	3	3.2	161
13/05/2025	11:01:01	40.53914	141.55769	16	0.0	3	3.2	198
13/05/2025	11:02:01	40.53922	141.55780	16	0.0	3	3.1	193
13/05/2025	11:03:02	40.53918	141.55772	8	0.0	3	3.1	261
13/05/2025	11:04:01	40.53928	141.55780	-28	0.0	3	3.0	190
13/05/2025	11:05:01	40.53921	141.55770	24	0.0	3	3.0	165
13/05/2025	11:06:01	40.53924	141.55781	14	0.0	3	3.0	191
13/05/2025	11:07:01	40.53916	141.55756	46	0.0	3	2.4	160
13/05/2025	11:08:00	40.53900	141.55750	106	0.0	3	2.4	161
13/05/2025	11:09:00	40.53917	141.55770	14	0.0	3	2.4	217
13/05/2025	11:10:00	40.53908	141.55767	36	0.0	3	2.3	190
13/05/2025	11:11:01	40.53914	141.55771	12	0.0	3	2.3	206
13/05/2025	11:12:02	40.53924	141.55773	10	0.0	3	2.3	185
13/05/2025	11:13:01	40.53916	141.55763	34	0.0	3	2.2	213
13/05/2025	11:14:03	40.53922	141.55769	12	0.0	3	2.2	251
13/05/2025	11:15:00	40.53922	141.55765	16	0.0	3	2.2	162
13/05/2025	11:16:02	40.53919	141.55774	-0	0.0	3	2.2	218
13/05/2025	11:17:02	40.53920	141.55776	0	0.0	3	2.2	251
13/05/2025	11:18:01	40.53919	141.55770	34	0.0	3	2.1	216
13/05/2025	11:19:02	40.53921	141.55772	20	0.0	3	2.1	218
13/05/2025	11:20:02	40.53915	141.55764	42	0.0	3	2.1	215
13/05/2025	11:21:01	40.53929	141.55773	6	0.0	3	2.1	214
13/05/2025	11:22:02	40.53927	141.55786	-36	0.0	3	2.1	216
13/05/2025	11:23:01	40.53920	141.55776	-4	0.0	3	2.0	217
13/05/2025	11:24:02	40.53913	141.55774	14	0.0	3	2.0	252
13/05/2025	11:25:02	40.53921	141.55774	20	0.0	3	2.0	214
13/05/2025	11:26:04	40.53912	141.55774	16	0.0	3	2.0	252
13/05/2025	11:27:03	40.53911	141.55768	24	0.0	3	2.0	252
13/05/2025	11:28:03	40.53922	141.55776	6	0.0	3	2.0	249
13/05/2025	11:29:03	40.53916	141.55772	22	0.0	3	2.0	219
13/05/2025	11:30:03	40.53923	141.55777	-8	0.0	3	2.0	253
13/05/2025	11:31:02	40.53918	141.55772	6	0.0	3	2.0	220
13/05/2025	11:32:01	40.53908	141.55775	42	0.0	3	1.4	254
13/05/2025	11:33:03	40.53918	141.55770	44	0.0	2	2.0	253
13/05/2025	11:34:01	40.53920	141.55770	8	0.0	3	1.4	212
13/05/2025	11:35:02	40.53923	141.55773	-12	0.0	3	1.4	214
13/05/2025	11:36:02	40.53922	141.55772	20	0.0	3	1.4	217
13/05/2025	11:37:02	40.53920	141.55771	12	0.0	3	1.4	255
13/05/2025	11:38:02	40.53912	141.55774	8	0.0	2	1.4	256
13/05/2025	11:39:03	40.53918	141.55772	-6	0.0	3	1.4	256
13/05/2025	11:40:03	40.53917	141.55770	20	0.0	3	1.4	258
13/05/2025	11:41:03	40.53920	141.55773	4	0.0	3	1.4	256
13/05/2025	11:42:03	40.53912	141.55773	8	0.0	3	1.4	251
13/05/2025	11:43:02	40.53915	141.55775	24	0.0	3	1.4	254
13/05/2025	11:44:03	40.53915	141.55769	12	0.0	3	1.4	254
13/05/2025	11:45:03	40.53913	141.55770	10	0.0	2	1.4	254
13/05/2025	11:46:01	40.53913	141.55773	10	0.0	2	1.4	248
13/05/2025	11:47:02	40.53915	141.55775	12	0.0	2	1.4	213
13/05/2025	11:48:02	40.53915	141.55773	14	0.0	2	1.4	248
13/05/2025	11:49:02	40.53914	141.55771	10	0.0	2	1.4	273
13/05/2025	11:50:02	40.53913	141.55774	12	0.0	2	1.4	214
13/05/2025	11:51:02	40.53918	141.55772	10	0.0	2	1.4	231
13/05/2025	11:52:02	40.53923	141.55764	12	0.0	2	1.4	272
13/05/2025	11:53:02	40.53918	141.55774	12	0.0	2	1.4	236
13/05/2025	11:54:02	40.53911	141.55776	12	0.0	2	1.4	249
13/05/2025	11:55:03	40.53924	141.55767	14	0.0	2	1.4	255
13/05/2025	11:56:03	40.53917	141.55771	10	0.0	2	1.4	251
13/05/2025	11:57:02	40.53911	141.55774	10	0.0	2	1.3	254
13/05/2025	11:58:01	40.53915	141.55774	10	0.0	2	1.3	218
13/05/2025	11:59:02	40.53921	141.55771	12	0.0	2	1.3	215
13/05/2025	12:00:32	40.53916	141.55774	16	0.0	5	1.1	253
13/05/2025	12:01:00	40.53920	141.55745	36	0.0	4	1.4	219
13/05/2025	12:02:00	40.53906	141.55780	12	0.0	4	2.0	221
13/05/2025	12:03:00	40.53920	141.55773	-2	0.0	5	1.1	223
13/05/2025	12:04:00	40.53895	141.55786	32	0.0	5	1.3	224
13/05/2025	12:05:00	40.53915	141.55768	36	3.7	3	2.0	225
13/05/2025	12:06:00	40.53914	141.55780	0	0.0	5	1.0	223
13/05/2025	12:07:00	40.53918	141.55771	2	3.7	4	2.0	225
13/05/2025	12:08:00	40.53921	141.55774	48	0.0	4	1.4	220
13/05/2025	12:09:00	40.53904	141.55774	-4	0.0	4	1.4	223
13/05/2025	12:10:00	40.53920	141.55776	14	0.0	4	1.1	219
13/05/2025	12:11:00	40.53895	141.55779	56	0.0	4	1.2	220
13/05/2025	12:12:01	40.53911	141.55781	22	0.0	4	1.2	219
13/05/2025	12:13:01	40.53918	141.55780	10	0.0	3	1.3	187
13/05/2025	12:14:01	40.53926	141.55791	-12	3.7	3	2.1	188
13/05/2025	12:15:01	40.53932	141.55768	12	0.0	5	1.0	223
13/05/2025	12:16:01	40.53922	141.55771	2	0.0	3	1.1	162
13/05/2025	12:17:01	40.53920	141.55764	16	0.0	4	2.0	189
13/05/2025	12:18:01	40.53928	141.55768	34	0.0	5	1.3	223
13/05/2025	12:19:01	40.53912	141.55776	18	0.0	3	2.0	185
13/05/2025	12:20:01	40.53916	141.55771	18	0.0	5	1.0	219
13/05/2025	12:21:01	40.53917	141.55766	14	0.0	5	1.0	222
13/05/2025	12:22:00	40.53931	141.55773	46	3.7	5	1.3	218
13/05/2025	12:23:00	40.53911	141.55775	-12	0.0	3	2.1	226
13/05/2025	12:24:00	40.53917	141.55766	8	0.0	4	1.0	219
13/05/2025	12:25:00	40.53912	141.55786	52	0.0	5	1.2	244
13/05/2025	12:26:00	40.53906	141.55782	24	0.0	3	2.1	161
13/05/2025	12:27:01	40.53910	141.55769	32	0.0	4	1.2	221
13/05/2025	12:28:01	40.53912	141.55772	8	0.0	5	1.0	252
13/05/2025	12:29:00	40.53920	141.55771	8	0.0	4	2.1	213
13/05/2025	12:30:00	40.53918	141.55749	56	0.0	4	2.2	241
13/05/2025	12:31:00	40.53922	141.55771	4	3.7	4	2.2	192
13/05/2025	12:32:00	40.53928	141.55778	10	0.0	5	1.2	240
13/05/2025	12:33:00	40.53921	141.55767	10	0.0	5	1.0	238
13/05/2025	12:34:00	40.53920	141.55765	-16	0.0	3	1.4	187
13/05/2025	12:35:00	40.53912	141.55764	18	0.0	3	2.0	191
13/05/2025	12:36:00	40.53918	141.55756	-2	0.0	5	1.2	220
13/05/2025	12:37:00	40.53922	141.55770	-6	0.0	5	1.0	238
13/05/2025	12:38:00	40.53933	141.55746	34	0.0	4	2.1	183
13/05/2025	12:39:00	40.53914	141.55748	18	0.0	4	1.0	192
13/05/2025	12:40:00	40.53934	141.55775	36	3.7	5	1.2	222
13/05/2025	12:41:00	40.53941	141.55768	6	3.7	4	2.3	216
13/05/2025	12:42:00	40.53925	141.55770	12	0.0	5	1.0	240
13/05/2025	12:43:00	40.53909	141.55773	8	0.0	4	1.0	189
13/05/2025	12:44:00	40.53915	141.55757	18	0.0	4	1.4	219
13/05/2025	12:45:00	40.53920	141.55794	14	0.0	5	1.0	222
13/05/2025	12:46:00	40.53916	141.55783	-0	0.0	5	1.0	219
13/05/2025	12:47:00	40.53919	141.55759	10	0.0	5	1.0	224
13/05/2025	12:48:00	40.53918	141.55773	10	0.0	4	1.1	163
13/05/2025	12:49:01	40.53908	141.55771	24	0.0	5	1.0	223
13/05/2025	12:50:01	40.53936	141.55762	14	0.0	5	1.0	223
13/05/2025	12:51:01	40.53916	141.55769	14	0.0	5	1.0	240
13/05/2025	12:52:00	40.53920	141.55766	10	0.0	3	2.3	221
13/05/2025	12:53:00	40.53916	141.55769	12	0.0	4	2.0	221
13/05/2025	12:54:00	40.53927	141.55787	-16	0.0	3	2.4	212
13/05/2025	12:55:00	40.53917	141.55786	6	0.0	3	2.4	216
13/05/2025	12:56:00	40.53929	141.55769	-6	0.0	4	1.3	223
13/05/2025	12:57:01	40.53904	141.55780	10	0.0	4	1.3	198
13/05/2025	12:58:00	40.53910	141.55776	16	3.7	4	1.2	220
13/05/2025	12:59:00	40.53925	141.55796	4	0.0	4	1.3	191
13/05/2025	13:00:01	40.53925	141.55768	18	0.0	5	1.0	219
13/05/2025	13:01:00	40.53916	141.55751	50	0.0	4	1.3	222
13/05/2025	13:02:00	40.53909	141.55799	-28	3.7	4	1.3	220
13/05/2025	13:03:00	40.53929	141.55770	20	0.0	5	1.1	220
13/05/2025	13:04:00	40.53923	141.55782	-2	0.0	4	1.3	222
13/05/2025	13:05:00	40.53923	141.55766	2	0.0	4	1.2	220
13/05/2025	13:06:00	40.53909	141.55773	30	0.0	4	1.2	240
13/05/2025	13:07:00	40.53926	141.55786	-0	3.7	3	1.3	222
13/05/2025	13:08:00	40.53926	141.55778	-6	0.0	4	1.2	218
13/05/2025	13:09:00	40.53913	141.55772	8	0.0	4	1.2	218
13/05/2025	13:10:00	40.53919	141.55777	16	0.0	3	1.3	213
13/05/2025	13:11:00	40.53929	141.55774	28	0.0	3	1.3	213
13/05/2025	13:12:01	40.53895	141.55769	32	0.0	4	1.2	237
13/05/2025	13:13:00	40.53919	141.55773	6	0.0	3	1.3	215
13/05/2025	13:14:00	40.53914	141.55772	-2	0.0	3	1.3	162
13/05/2025	13:15:01	40.53913	141.55763	22	0.0	4	1.2	241
13/05/2025	13:16:01	40.53923	141.55771	-2	0.0	4	1.3	239
13/05/2025	13:17:01	40.53915	141.55765	22	0.0	4	1.2	235
13/05/2025	13:18:01	40.53918	141.55767	16	0.0	4	1.3	234
13/05/2025	13:19:01	40.53916	141.55771	8	0.0	3	1.3	214
13/05/2025	13:20:01	40.53914	141.55768	20	0.0	4	1.3	239
13/05/2025	13:21:01	40.53909	141.55766	-8	0.0	3	3.1	212
13/05/2025	13:22:01	40.53923	141.55767	46	0.0	3	3.0	234
13/05/2025	13:23:01	40.53916	141.55767	14	0.0	3	3.0	217
13/05/2025	13:24:01	40.53907	141.55769	12	0.0	3	2.4	214
13/05/2025	13:25:02	40.53923	141.55764	4	0.0	2	1.3	184
13/05/2025	13:26:00	40.53925	141.55772	8	0.0	3	2.4	196
13/05/2025	13:27:00	40.53923	141.55772	12	0.0	3	2.3	220
13/05/2025	13:28:00	40.53921	141.55781	6	0.0	3	2.3	195
13/05/2025	13:29:00	40.53900	141.55757	-4	0.0	3	2.3	201
13/05/2025	13:30:00	40.53937	141.55776	40	0.0	3	2.3	199
13/05/2025	13:31:01	40.53923	141.55775	28	0.0	3	2.2	221
13/05/2025	13:32:00	40.53944	141.55781	58	0.0	3	2.2	198
13/05/2025	13:33:00	40.53914	141.55768	-16	0.0	3	2.2	198
13/05/2025	13:34:00	40.53913	141.55752	4	0.0	3	2.2	202
13/05/2025	13:35:01	40.53908	141.55764	2	0.0	3	2.1	191
13/05/2025	13:36:00	40.53916	141.55759	-2	0.0	3	2.1	214
13/05/2025	13:37:00	40.53917	141.55776	30	0.0	3	2.2	230
13/05/2025	13:38:00	40.53921	141.55764	50	0.0	3	2.1	166
13/05/2025	13:39:00	40.53929	141.55779	-0	0.0	3	2.1	198
13/05/2025	13:40:00	40.53919	141.55776	8	0.0	3	2.0	226
13/05/2025	13:41:01	40.53915	141.55773	2	0.0	3	2.0	246
13/05/2025	13:42:00	40.53931	141.55777	60	0.0	3	2.0	248
13/05/2025	13:43:00	40.53922	141.55778	36	0.0	3	2.0	228
13/05/2025	13:44:00	40.53928	141.55772	56	0.0	3	2.0	228
13/05/2025	13:45:00	40.53939	141.55779	24	0.0	3	2.0	200
13/05/2025	13:46:00	40.53926	141.55778	18	0.0	3	2.0	228
13/05/2025	13:47:00	40.53917	141.55771	16	0.0	3	1.4	194
13/05/2025	13:48:01	40.53918	141.55773	0	0.0	3	1.4	228
13/05/2025	13:49:00	40.53909	141.55764	-8	3.7	3	1.4	228
13/05/2025	13:50:01	40.53917	141.55777	0	0.0	3	1.4	228
13/05/2025	13:51:00	40.53931	141.55783	82	0.0	3	1.4	227
13/05/2025	13:52:01	40.53942	141.55774	74	0.0	3	1.4	227
13/05/2025	13:53:00	40.53923	141.55772	80	0.0	3	1.4	194
13/05/2025	13:54:00	40.53917	141.55757	58	0.0	3	1.4	228
13/05/2025	13:55:00	40.53915	141.55768	16	0.0	3	1.4	225
13/05/2025	13:56:00	40.53913	141.55768	-10	0.0	3	1.4	227
13/05/2025	13:57:00	40.53921	141.55787	-6	0.0	3	1.4	226
13/05/2025	13:58:01	40.53920	141.55775	18	0.0	3	1.4	230
13/05/2025	13:59:01	40.53918	141.55777	12	0.0	3	1.3	232
13/05/2025	14:00:00	40.53905	141.55773	14	3.7	3	1.4	232
13/05/2025	14:01:00	40.53913	141.55774	-10	0.0	3	1.4	229
13/05/2025	14:02:00	40.53927	141.55754	92	0.0	3	1.4	167
13/05/2025	14:03:00	40.53923	141.55771	38	3.7	3	1.4	256
13/05/2025	14:04:00	40.53921	141.55768	-32	0.0	3	1.4	254
13/05/2025	14:05:00	40.53904	141.55750	-0	0.0	3	1.4	231
13/05/2025	14:06:01	40.53924	141.55764	32	0.0	3	1.4	198
13/05/2025	14:07:00	40.53923	141.55770	-18	0.0	3	1.4	230
13/05/2025	14:08:00	40.53929	141.55778	116	0.0	3	1.4	235
13/05/2025	14:09:01	40.53913	141.55772	26	0.0	3	1.4	196
13/05/2025	14:10:01	40.53916	141.55777	-42	0.0	3	1.4	277
13/05/2025	14:11:00	40.53929	141.55781	32	0.0	3	1.4	250
13/05/2025	14:12:01	40.53914	141.55776	16	0.0	3	1.4	252
13/05/2025	14:13:00	40.53907	141.55776	-20	0.0	3	1.4	226
13/05/2025	14:14:01	40.53920	141.55774	36	0.0	3	1.4	229
13/05/2025	14:15:01	40.53907	141.55772	22	3.7	3	2.0	257
13/05/2025	14:16:01	40.53917	141.55766	14	0.0	3	2.0	255
13/05/2025	14:17:01	40.53916	141.55773	42	0.0	3	2.0	277
13/05/2025	14:18:01	40.53919	141.55780	40	0.0	2	2.1	245
13/05/2025	14:19:01	40.53918	141.55770	14	0.0	3	2.0	276
13/05/2025	14:20:01	40.53915	141.55769	4	0.0	3	2.0	280
13/05/2025	14:21:02	40.53916	141.55768	0	0.0	2	2.2	280
13/05/2025	14:22:01	40.53918	141.55777	14	0.0	3	2.1	282
13/05/2025	14:23:01	40.53908	141.55778	32	0.0	3	2.1	271
13/05/2025	14:24:02	40.53916	141.55781	42	0.0	3	2.1	272
13/05/2025	14:25:01	40.53915	141.55778	28	0.0	3	2.2	271
13/05/2025	14:26:02	40.53925	141.55763	-8	0.0	3	2.2	278
13/05/2025	14:27:02	40.53918	141.55767	-16	0.0	3	2.2	279
13/05/2025	14:28:02	40.53922	141.55776	-14	0.0	2	2.0	251
13/05/2025	14:29:01	40.53915	141.55784	-14	0.0	2	2.0	226
13/05/2025	14:30:01	40.53917	141.55760	-14	0.0	2	2.0	247
13/05/2025	14:31:02	40.53921	141.55769	-12	0.0	2	2.0	222
13/05/2025	14:32:02	40.53912	141.55779	40	0.0	3	2.4	277
13/05/2025	14:33:03	40.53896	141.55797	140	3.7	3	3.0	283
13/05/2025	14:34:02	40.53907	141.55798	148	0.0	2	2.0	269
13/05/2025	14:35:02	40.53907	141.55791	150	0.0	2	2.0	246
13/05/2025	14:36:02	40.53902	141.55789	150	0.0	2	2.0	250
13/05/2025	14:37:01	40.53903	141.55795	152	0.0	2	2.0	260
13/05/2025	14:38:01	40.53902	141.55796	152	0.0	2	2.0	275
13/05/2025	14:39:04	40.53912	141.55779	64	0.0	3	3.3	278
13/05/2025	14:40:04	40.53919	141.55774	10	0.0	3	3.3	278
13/05/2025	14:41:02	40.53920	141.55780	14	0.0	2	2.0	250
13/05/2025	14:42:01	40.53916	141.55783	16	0.0	2	2.0	251
13/05/2025	14:43:02	40.53917	141.55775	20	0.0	2	2.0	253
13/05/2025	14:44:02	40.53919	141.55770	16	0.0	2	2.0	253
13/05/2025	14:45:02	40.53916	141.55768	12	0.0	2	2.0	252
13/05/2025	14:46:02	40.53914	141.55775	14	0.0	2	2.0	252
13/05/2025	14:47:02	40.53916	141.55775	16	0.0	2	2.0	228
13/05/2025	14:48:01	40.53920	141.55786	20	0.0	2	2.0	248
13/05/2025	14:49:01	40.53919	141.55771	20	0.0	2	2.0	230
13/05/2025	14:50:02	40.53917	141.55778	18	0.0	2	2.0	226
13/05/2025	14:51:01	40.53913	141.55772	18	0.0	2	2.0	249
13/05/2025	14:52:02	40.53916	141.55782	22	0.0	2	2.0	248
13/05/2025	14:53:06	40.53899	141.55801	120	0.0	3	6.0	249
13/05/2025	14:54:01	40.53893	141.55801	118	0.0	2	2.0	230
13/05/2025	14:55:03	40.53913	141.55782	40	0.0	3	6.2	252
13/05/2025	14:56:03	40.53910	141.55780	36	0.0	2	2.0	249
13/05/2025	14:57:03	40.53912	141.55779	32	0.0	2	2.0	231
13/05/2025	14:58:03	40.53916	141.55776	34	0.0	2	2.0	231
13/05/2025	14:59:03	40.53914	141.55775	30	0.0	2	2.0	248
13/05/2025	15:00:03	40.53913	141.55779	30	0.0	2	2.0	232
13/05/2025	15:01:03	40.53914	141.55775	22	0.0	2	2.0	230
13/05/2025	15:02:03	40.53920	141.55767	20	0.0	2	2.0	231
13/05/2025	15:03:03	40.53911	141.55779	22	0.0	2	2.0	229
13/05/2025	15:04:02	40.53915	141.55780	26	0.0	2	2.0	231
13/05/2025	15:05:03	40.53913	141.55783	26	0.0	2	2.0	231
13/05/2025	15:06:01	40.53923	141.55775	22	0.0	2	2.0	231
13/05/2025	15:07:04	40.53917	141.55770	18	0.0	2	2.0	231
13/05/2025	15:08:04	40.53911	141.55777	24	0.0	2	2.0	248
13/05/2025	15:09:04	40.53911	141.55778	24	0.0	2	2.0	242
13/05/2025	15:10:01	40.53907	141.55780	26	0.0	2	2.0	228
13/05/2025	15:11:01	40.53916	141.55781	24	0.0	2	2.1	228
13/05/2025	15:12:04	40.53912	141.55780	28	0.0	2	2.1	265
13/05/2025	15:13:04	40.53915	141.55778	24	0.0	2	2.1	225
13/05/2025	15:14:01	40.53915	141.55775	28	0.0	2	2.1	229
13/05/2025	15:15:04	40.53915	141.55777	28	0.0	2	2.1	247
13/05/2025	15:16:05	40.53910	141.55783	34	0.0	2	2.1	250
13/05/2025	15:17:03	40.53939	141.55753	-0	25.9	2	2.1	265
13/05/2025	15:18:05	40.53924	141.55763	-2	0.0	2	2.1	251
13/05/2025	15:19:01	40.53924	141.55758	-0	0.0	2	2.1	231
13/05/2025	15:20:05	40.53918	141.55773	2	0.0	2	2.1	247
13/05/2025	15:21:05	40.53923	141.55767	2	0.0	2	2.1	242
13/05/2025	15:22:03	40.53912	141.55779	2	0.0	2	2.1	193
13/05/2025	15:23:02	40.53906	141.55779	4	0.0	2	2.1	261
13/05/2025	15:24:06	40.53938	141.55757	6	0.0	2	2.1	232
13/05/2025	15:25:06	40.53915	141.55773	8	0.0	2	2.1	263
13/05/2025	15:26:03	40.53922	141.55771	6	0.0	2	2.1	261
13/05/2025	15:27:05	40.53932	141.55760	6	0.0	2	2.1	240
13/05/2025	15:28:08	40.53914	141.55775	8	0.0	2	2.1	246
13/05/2025	15:29:32	40.53921	141.55772	10	0.0	6	1.1	242
13/05/2025	15:29:59	40.53927	141.55739	80	0.0	4	2.1	225
13/05/2025	15:31:00	40.53920	141.55771	12	0.0	6	1.3	220
13/05/2025	15:32:00	40.53920	141.55786	-10	0.0	4	2.1	192
13/05/2025	15:33:00	40.53919	141.55768	-0	0.0	4	1.2	169
13/05/2025	15:34:00	40.53909	141.55773	4	0.0	5	1.1	198
13/05/2025	15:35:00	40.53920	141.55767	14	0.0	5	1.1	227
13/05/2025	15:36:00	40.53922	141.55761	-16	0.0	5	1.1	221
13/05/2025	15:37:01	40.53918	141.55770	12	0.0	5	1.1	224
13/05/2025	15:38:01	40.53917	141.55769	-0	0.0	2	3.0	185
13/05/2025	15:39:00	40.53893	141.55771	26	0.0	5	1.2	216
13/05/2025	15:40:00	40.53900	141.55769	36	0.0	4	2.3	217
13/05/2025	15:41:00	40.53918	141.55767	14	0.0	3	2.0	188
13/05/2025	15:42:00	40.53910	141.55779	14	0.0	4	1.3	220
13/05/2025	15:42:59	40.53912	141.55783	40	3.7	3	2.2	139
13/05/2025	15:44:00	40.53918	141.55782	-2	0.0	3	2.2	136
13/05/2025	15:45:00	40.53895	141.55766	-4	0.0	4	2.2	223
13/05/2025	15:46:00	40.53911	141.55771	10	0.0	4	1.3	224
13/05/2025	15:47:00	40.53915	141.55773	-4	0.0	3	1.4	158
13/05/2025	15:48:00	40.53914	141.55776	22	0.0	4	2.2	224
13/05/2025	15:49:01	40.53917	141.55772	18	0.0	4	1.3	245
13/05/2025	15:50:00	40.53929	141.55758	4	0.0	4	1.3	186
13/05/2025	15:51:00	40.53901	141.55792	22	0.0	3	2.4	195
13/05/2025	15:52:00	40.53922	141.55779	24	0.0	3	2.1	211
13/05/2025	15:53:00	40.53916	141.55776	8	0.0	6	1.0	251
13/05/2025	15:54:00	40.53918	141.55766	12	0.0	6	1.0	250
13/05/2025	15:55:00	40.53916	141.55770	16	0.0	4	1.2	193
13/05/2025	15:56:00	40.53924	141.55765	44	0.0	3	1.4	248
13/05/2025	15:57:00	40.53913	141.55770	10	0.0	5	1.3	224
13/05/2025	15:58:00	40.53901	141.55779	4	0.0	5	1.3	226
13/05/2025	15:59:00	40.53925	141.55767	18	0.0	5	1.3	220
13/05/2025	16:00:00	40.53924	141.55763	24	0.0	4	1.3	231
13/05/2025	16:01:00	40.53929	141.55762	24	0.0	5	1.3	233
13/05/2025	16:02:00	40.53919	141.55768	16	0.0	5	1.2	231
13/05/2025	16:03:00	40.53925	141.55762	22	0.0	5	1.2	231
13/05/2025	16:04:00	40.53919	141.55766	16	0.0	5	1.1	205
13/05/2025	16:05:00	40.53920	141.55770	16	0.0	5	1.1	230
13/05/2025	16:06:00	40.53919	141.55770	6	0.0	5	1.1	225
13/05/2025	16:07:00	40.53920	141.55769	18	0.0	5	1.3	263
13/05/2025	16:08:00	40.53915	141.55766	12	0.0	5	1.3	261
13/05/2025	16:09:00	40.53914	141.55774	2	0.0	5	1.3	237
13/05/2025	16:10:00	40.53913	141.55755	32	0.0	5	1.3	281
13/05/2025	16:11:00	40.53911	141.55762	32	0.0	5	1.1	257
13/05/2025	16:12:00	40.53917	141.55772	16	0.0	5	1.1	229
13/05/2025	16:13:00	40.53923	141.55761	4	0.0	3	1.3	234
13/05/2025	16:14:00	40.53919	141.55769	-8	0.0	4	1.2	260
13/05/2025	16:15:00	40.53926	141.55764	-16	0.0	3	1.3	253
13/05/2025	16:16:00	40.53911	141.55756	14	0.0	5	1.1	219
13/05/2025	16:17:01	40.53917	141.55772	0	0.0	4	3.1	267
13/05/2025	16:18:00	40.53914	141.55772	24	0.0	5	1.1	248
13/05/2025	16:19:00	40.53925	141.55758	18	0.0	3	2.2	241
13/05/2025	16:20:01	40.53909	141.55776	30	0.0	4	1.2	206
13/05/2025	16:21:00	40.53929	141.55766	-10	0.0	4	1.4	262
13/05/2025	16:22:00	40.53925	141.55773	4	0.0	5	1.1	256
13/05/2025	16:23:00	40.53906	141.55758	34	0.0	4	2.4	247
13/05/2025	16:24:00	40.53919	141.55771	-2	0.0	4	1.2	242
13/05/2025	16:25:00	40.53917	141.55763	14	0.0	4	1.2	252
13/05/2025	16:26:00	40.53920	141.55769	26	0.0	4	1.2	253
13/05/2025	16:27:00	40.53923	141.55775	42	0.0	3	1.4	255
13/05/2025	16:28:00	40.53915	141.55775	22	0.0	3	1.4	250
13/05/2025	16:29:00	40.53920	141.55773	-0	0.0	5	1.1	256
13/05/2025	16:30:00	40.53918	141.55783	20	0.0	4	1.2	257
13/05/2025	16:31:00	40.53917	141.55776	2	0.0	4	1.2	233
13/05/2025	16:32:00	40.53920	141.55775	6	0.0	4	1.2	237
13/05/2025	16:33:00	40.53924	141.55767	10	0.0	4	1.2	246
13/05/2025	16:34:00	40.53917	141.55775	0	0.0	5	1.1	264
13/05/2025	16:35:00	40.53924	141.55773	22	0.0	5	1.1	254
13/05/2025	16:36:00	40.53922	141.55765	14	0.0	5	1.1	252
13/05/2025	16:37:00	40.53918	141.55782	12	0.0	5	1.1	284
13/05/2025	16:38:00	40.53924	141.55759	20	0.0	4	1.4	247
13/05/2025	16:39:00	40.53920	141.55770	4	0.0	5	1.1	255
13/05/2025	16:40:00	40.53922	141.55770	12	0.0	3	1.2	275
13/05/2025	16:41:00	40.53920	141.55779	-2	0.0	4	2.0	256
13/05/2025	16:42:00	40.53918	141.55768	18	0.0	4	1.1	246
13/05/2025	16:43:00	40.53920	141.55764	18	0.0	4	2.0	262
13/05/2025	16:44:01	40.53922	141.55770	4	0.0	5	1.1	235
13/05/2025	16:45:00	40.53920	141.55780	0	0.0	4	1.4	290
13/05/2025	16:46:00	40.53924	141.55773	8	0.0	4	2.0	277
13/05/2025	16:47:00	40.53910	141.55777	14	0.0	3	2.1	274
13/05/2025	16:48:01	40.53921	141.55766	4	0.0	4	1.4	274
13/05/2025	16:49:00	40.53920	141.55765	6	0.0	4	1.4	277
13/05/2025	16:50:00	40.53917	141.55769	2	0.0	3	2.2	245
13/05/2025	16:51:00	40.53908	141.55767	20	0.0	3	2.1	217
13/05/2025	16:52:00	40.53917	141.55765	12	0.0	3	2.1	273
13/05/2025	16:53:00	40.53922	141.55770	6	0.0	3	2.1	267
13/05/2025	16:54:00	40.53915	141.55771	8	0.0	4	1.3	276
13/05/2025	16:55:01	40.53914	141.55786	20	0.0	4	1.3	232
13/05/2025	16:56:00	40.53919	141.55769	0	0.0	4	1.3	226
13/05/2025	16:57:00	40.53910	141.55773	-28	0.0	3	2.0	163
13/05/2025	16:58:00	40.53919	141.55771	24	0.0	3	2.0	243
13/05/2025	16:59:00	40.53911	141.55766	22	0.0	4	1.3	251
13/05/2025	17:00:01	40.53929	141.55750	42	0.0	3	2.4	238
13/05/2025	17:01:00	40.53907	141.55783	-40	0.0	3	2.3	230
13/05/2025	17:02:00	40.53923	141.55760	36	0.0	3	2.3	235
13/05/2025	17:03:00	40.53897	141.55775	-36	0.0	3	2.3	223
13/05/2025	17:04:00	40.53932	141.55757	50	0.0	3	2.3	251
13/05/2025	17:05:00	40.53914	141.55783	2	0.0	3	2.2	220
13/05/2025	17:06:00	40.53934	141.55765	36	0.0	3	2.2	160
13/05/2025	17:07:01	40.53922	141.55758	36	0.0	3	2.2	216
13/05/2025	17:08:02	40.53916	141.55766	6	0.0	3	2.2	213
13/05/2025	17:09:01	40.53923	141.55781	22	0.0	3	2.2	219
13/05/2025	17:10:01	40.53919	141.55767	-6	0.0	3	2.1	221
13/05/2025	17:11:02	40.53919	141.55772	20	0.0	3	2.1	215
13/05/2025	17:12:01	40.53921	141.55780	-28	0.0	3	2.1	216
13/05/2025	17:13:01	40.53923	141.55784	2	0.0	3	2.1	220
13/05/2025	17:14:01	40.53916	141.55753	14	0.0	3	2.0	214
13/05/2025	17:15:00	40.53919	141.55749	34	0.0	3	2.0	221
13/05/2025	17:16:01	40.53905	141.55773	-46	0.0	3	2.0	222
13/05/2025	17:17:01	40.54047	141.55883	16	40.7	4	1.4	277
13/05/2025	17:18:00	40.54555	141.56493	-4	48.2	4	1.4	163
13/05/2025	17:19:00	40.55049	141.57383	50	59.3	3	2.0	217
13/05/2025	17:20:00	40.55583	141.58202	82	51.9	3	2.0	252
13/05/2025	17:21:00	40.56031	141.59014	50	48.2	3	1.4	242
13/05/2025	17:22:00	40.56335	141.59870	58	44.4	4	1.4	222
13/05/2025	17:23:03	40.56698	141.60728	4	44.4	4	1.4	272
13/05/2025	17:24:00	40.56996	141.61549	18	44.4	3	1.4	245
13/05/2025	17:25:00	40.57327	141.62393	70	48.2	3	1.4	199
13/05/2025	17:26:00	40.57636	141.63307	42	48.2	4	1.4	228
13/05/2025	17:27:00	40.57929	141.64191	46	48.2	4	1.4	221
13/05/2025	17:28:00	40.58246	141.65051	22	48.2	3	1.4	188
13/05/2025	17:29:00	40.58662	141.65918	48	48.2	4	1.4	227
13/05/2025	17:30:00	40.59032	141.66787	40	48.2	4	1.4	254
13/05/2025	17:31:00	40.59354	141.67647	14	48.2	4	1.4	253
13/05/2025	17:32:00	40.59687	141.68462	28	40.7	3	1.4	232
13/05/2025	17:33:00	40.60030	141.69347	88	44.4	3	1.4	193
13/05/2025	17:34:00	40.60329	141.70182	58	44.4	3	1.4	217
13/05/2025	17:35:00	40.60548	141.70993	-6	37.0	3	1.4	254
13/05/2025	17:36:01	40.60655	141.71767	28	14.8	3	1.4	224
13/05/2025	17:37:02	40.60637	141.71758	-16	0.0	3	1.4	265
13/05/2025	17:38:01	40.60604	141.71762	-16	3.7	3	1.4	275
13/05/2025	17:39:01	40.60652	141.71923	-8	40.7	3	1.4	244
13/05/2025	17:40:01	40.60880	141.72674	-6	40.7	3	1.4	167
13/05/2025	17:41:01	40.61045	141.73449	-12	37.0	3	1.4	247
13/05/2025	17:42:03	40.61232	141.74082	10	14.8	3	1.4	271
13/05/2025	17:43:01	40.61218	141.74058	16	0.0	3	1.4	186
13/05/2025	17:44:01	40.61226	141.74070	4	0.0	4	1.4	188
13/05/2025	17:45:02	40.61241	141.74078	-0	0.0	3	2.2	265
13/05/2025	17:46:03	40.61234	141.74066	44	0.0	3	2.0	261
13/05/2025	17:47:00	40.61237	141.74041	-30	14.8	3	2.0	256
13/05/2025	17:48:01	40.61252	141.74039	8	0.0	3	2.0	238
13/05/2025	17:49:02	40.61252	141.74037	-16	0.0	3	2.0	257
13/05/2025	17:50:03	40.61259	141.74015	-18	0.0	3	2.0	231
13/05/2025	17:51:02	40.61263	141.74021	-18	11.1	3	2.0	272
13/05/2025	17:52:02	40.61255	141.74020	16	0.0	3	2.0	238
13/05/2025	17:53:02	40.61246	141.74050	30	0.0	3	2.0	243
13/05/2025	17:54:01	40.61242	141.74030	-0	0.0	3	2.0	217
13/05/2025	17:55:02	40.61220	141.74009	-0	25.9	3	2.0	265
13/05/2025	17:56:02	40.61176	141.74728	4	40.7	3	2.1	296
13/05/2025	17:57:01	40.61223	141.75224	14	0.0	3	2.1	246
13/05/2025	17:58:01	40.61215	141.75065	60	40.7	3	2.1	250
13/05/2025	17:59:03	40.61081	141.74372	24	33.3	3	2.1	276
13/05/2025	18:00:33	40.60937	141.73403	20	33.3	3	3.0	263
13/05/2025	18:01:02	40.60866	141.73106	8	33.3	3	3.0	246
13/05/2025	18:02:02	40.60741	141.72846	16	0.0	3	3.0	273
13/05/2025	18:03:02	40.60732	141.72850	12	0.0	3	3.0	276
13/05/2025	18:04:03	40.60718	141.72860	10	0.0	3	3.0	270
13/05/2025	18:05:03	40.60712	141.72860	4	3.7	3	3.0	274
13/05/2025	18:06:02	40.60693	141.72855	10	0.0	3	2.4	218
13/05/2025	18:07:02	40.60692	141.72863	-26	0.0	3	2.4	279
13/05/2025	18:08:01	40.60669	141.72849	46	0.0	3	2.4	250
13/05/2025	18:09:02	40.60660	141.72858	2	0.0	3	2.4	273
13/05/2025	18:10:02	40.60650	141.72851	0	0.0	3	2.4	222
13/05/2025	18:11:01	40.60612	141.72808	94	3.7	3	2.4	218
13/05/2025	18:12:02	40.60642	141.72870	-34	0.0	3	2.4	283
13/05/2025	18:13:02	40.60609	141.72844	24	0.0	3	2.4	241
13/05/2025	18:14:02	40.60604	141.72849	10	0.0	3	2.4	275
13/05/2025	18:15:02	40.60600	141.72856	-20	0.0	3	2.4	275
13/05/2025	18:16:01	40.60557	141.72817	50	3.7	3	2.4	188
13/05/2025	18:17:01	40.60562	141.72861	-0	7.4	3	2.4	188
13/05/2025	18:18:01	40.60576	141.72893	-62	0.0	3	2.4	204
13/05/2025	18:19:02	40.60536	141.72851	10	0.0	3	2.4	241
13/05/2025	18:20:02	40.60538	141.72869	-8	0.0	3	2.4	239
13/05/2025	18:21:01	40.60520	141.72859	-0	0.0	3	2.4	244
13/05/2025	18:22:01	40.60497	141.72857	30	0.0	3	2.4	269
13/05/2025	18:23:01	40.60493	141.72872	8	0.0	3	2.4	268
13/05/2025	18:24:03	40.60480	141.72878	10	0.0	3	3.0	291
13/05/2025	18:25:03	40.60480	141.72883	-12	0.0	3	3.0	299
13/05/2025	18:26:03	40.60477	141.72894	-8	0.0	3	3.0	268
13/05/2025	18:27:03	40.60450	141.72895	24	0.0	3	3.0	268
13/05/2025	18:28:03	40.60680	141.73532	2	40.7	3	3.0	273
13/05/2025	18:29:02	40.60940	141.74293	20	44.4	3	3.0	271
13/05/2025	18:30:03	40.61180	141.75175	8	44.4	3	3.0	277
13/05/2025	18:31:03	40.61365	141.76126	0	48.2	3	3.0	286
13/05/2025	18:32:02	40.61468	141.77037	44	48.2	3	3.0	280
13/05/2025	18:33:03	40.61577	141.78040	30	48.2	3	3.0	293
13/05/2025	18:34:03	40.61656	141.78986	64	44.4	3	3.1	291
13/05/2025	18:35:03	40.61850	141.79828	32	40.7	3	3.1	294
13/05/2025	18:36:03	40.61972	141.80651	36	40.7	3	3.1	298
13/05/2025	18:37:03	40.61942	141.80929	-0	0.0	3	3.1	292
13/05/2025	18:38:02	40.61915	141.80958	14	0.0	3	3.1	292
13/05/2025	18:39:02	40.61888	141.80971	22	0.0	3	3.1	289
13/05/2025	18:40:02	40.61884	141.81004	0	0.0	3	3.1	287
13/05/2025	18:41:02	40.61948	141.81348	52	40.7	3	3.2	272
13/05/2025	18:42:03	40.62067	141.82225	16	44.4	3	3.2	309
13/05/2025	18:43:03	40.62128	141.83108	12	44.4	3	3.2	282
13/05/2025	18:44:03	40.62216	141.84010	22	44.4	3	3.2	304
13/05/2025	18:45:03	40.62302	141.84908	34	44.4	3	3.2	304
13/05/2025	18:46:03	40.62406	141.85824	26	44.4	3	3.2	300
13/05/2025	18:47:03	40.62510	141.86751	24	44.4	3	3.2	306
13/05/2025	18:48:03	40.62587	141.87686	2	44.4	3	3.3	306
13/05/2025	18:49:03	40.62647	141.88616	48	48.2	3	3.3	309
13/05/2025	18:50:03	40.62851	141.89547	22	48.2	3	3.3	300
13/05/2025	18:51:03	40.62990	141.90373	44	40.7	3	3.3	307
13/05/2025	18:52:03	40.63123	141.91214	-0	40.7	3	3.3	304
13/05/2025	18:53:03	40.63223	141.92033	22	40.7	3	3.3	309
13/05/2025	18:54:03	40.63242	141.92884	14	44.4	3	3.4	305
13/05/2025	18:55:03	40.63125	141.93701	-10	40.7	3	3.4	303
13/05/2025	18:56:03	40.63017	141.94353	32	33.3	3	3.4	308
13/05/2025	18:57:03	40.63141	141.95062	0	33.3	3	3.4	277
13/05/2025	18:58:03	40.63167	141.95831	0	44.4	3	3.4	272
13/05/2025	18:59:03	40.63122	141.96371	6	0.0	3	3.4	268
13/05/2025	19:00:02	40.63110	141.96393	-16	0.0	3	3.4	298
13/05/2025	19:01:02	40.63082	141.96430	4	0.0	3	4.0	276
13/05/2025	19:02:02	40.63062	141.96467	4	0.0	3	4.0	310
13/05/2025	19:03:02	40.63031	141.96485	22	0.0	3	4.0	278
13/05/2025	19:04:03	40.63035	141.96668	-6	37.0	3	4.0	275
13/05/2025	19:05:03	40.63012	141.97547	2	44.4	3	4.0	272
13/05/2025	19:06:03	40.63050	141.98445	0	44.4	3	4.0	278
13/05/2025	19:07:03	40.63165	141.99293	34	44.4	3	4.0	273
13/05/2025	19:08:02	40.63336	142.00112	16	40.7	2	6.3	292
13/05/2025	19:09:03	40.63351	142.00767	28	37.0	3	4.0	278
13/05/2025	19:10:03	40.63332	142.01570	18	40.7	3	4.1	281
13/05/2025	19:11:03	40.63305	142.02371	26	40.7	3	4.1	273
13/05/2025	19:12:03	40.63207	142.03165	22	40.7	3	4.1	298
13/05/2025	19:13:03	40.63084	142.04026	12	44.4	3	4.1	281
13/05/2025	19:14:03	40.63090	142.04889	8	44.4	3	4.1	304
13/05/2025	19:15:03	40.63209	142.05782	24	44.4	3	4.1	299
13/05/2025	19:16:03	40.63145	142.06663	-18	44.4	3	4.1	294
13/05/2025	19:17:03	40.63131	142.07541	2	44.4	3	4.1	304
13/05/2025	19:18:03	40.63131	142.08514	30	48.2	3	4.1	304
13/05/2025	19:19:03	40.63165	142.09233	6	37.0	3	4.1	283
13/05/2025	19:20:03	40.63177	142.10068	36	44.4	3	4.1	308
13/05/2025	19:21:03	40.63181	142.10967	12	44.4	3	4.1	282
13/05/2025	19:22:03	40.63014	142.11299	12	37.0	3	4.1	309
13/05/2025	19:23:03	40.63018	142.11645	-0	0.0	3	4.1	291
13/05/2025	19:24:03	40.63010	142.12004	28	40.7	3	4.1	282
13/05/2025	19:25:03	40.62816	142.12391	-38	29.6	2	6.0	276
13/05/2025	19:26:03	40.62766	142.12468	12	0.0	2	6.0	287
13/05/2025	19:27:03	40.62899	142.12214	-14	29.6	2	6.0	304
13/05/2025	19:28:03	40.62726	142.11978	52	33.3	2	6.1	307
13/05/2025	19:29:03	40.62501	142.11610	-8	33.3	2	6.1	308
13/05/2025	19:30:03	40.62091	142.12052	42	37.0	2	6.1	310
13/05/2025	19:31:02	40.61826	142.12466	32	33.3	2	6.1	273
13/05/2025	19:32:02	40.61631	142.13175	110	40.7	2	6.1	301
13/05/2025	19:33:02	40.61328	142.13615	10	37.0	2	6.2	305
13/05/2025	19:34:03	40.60890	142.13697	2	33.3	2	6.2	310
13/05/2025	19:35:03	40.60503	142.13863	8	33.3	2	6.2	312
13/05/2025	19:36:03	40.60144	142.13983	8	29.6	2	6.2	278
13/05/2025	19:37:03	40.60198	142.13443	-2	29.6	2	6.2	274
13/05/2025	19:38:02	40.60297	142.12820	-16	29.6	2	6.2	275
13/05/2025	19:39:03	40.60145	142.12365	-54	29.6	2	6.2	273
13/05/2025	19:40:03	40.60618	142.12127	8	29.6	2	6.2	273
13/05/2025	19:41:03	40.60807	142.11529	-12	33.3	2	6.2	280
13/05/2025	19:42:02	40.60730	142.11341	28	48.2	2	6.2	275
13/05/2025	19:43:02	40.61018	142.11838	10	33.3	2	6.2	284
13/05/2025	19:44:02	40.61501	142.11636	14	29.6	2	6.2	275
13/05/2025	19:45:02	40.61298	142.11498	24	33.3	2	6.2	283
13/05/2025	19:46:03	40.60775	142.11651	26	37.0	2	6.2	286
13/05/2025	19:47:03	40.60259	142.11664	16	33.3	2	6.2	284
13/05/2025	19:48:02	40.59969	142.11150	32	29.6	2	6.2	276
13/05/2025	19:49:02	40.59680	142.10668	-8	37.0	2	6.2	276
13/05/2025	19:50:02	40.59640	142.09951	-12	37.0	2	6.2	241
13/05/2025	19:51:02	40.59621	142.09141	-8	40.7	2	6.2	281
13/05/2025	19:52:02	40.59312	142.08433	-12	37.0	2	6.2	281
13/05/2025	19:53:03	40.59058	142.07746	6	37.0	2	6.2	305
13/05/2025	19:54:03	40.58895	142.06998	6	33.3	2	6.1	283
13/05/2025	19:55:03	40.58758	142.06309	18	33.3	2	6.1	309
13/05/2025	19:56:03	40.58638	142.05554	18	37.0	2	6.1	276
13/05/2025	19:57:03	40.58593	142.04783	12	37.0	2	6.1	280
13/05/2025	19:58:02	40.58497	142.04002	-14	37.0	2	6.1	274
13/05/2025	19:59:03	40.58378	142.03234	38	37.0	2	6.1	278
13/05/2025	20:06:01	40.57427	141.97791	20	37.0	3	3.4	272
13/05/2025	20:07:02	40.57247	141.96980	24	40.7	3	3.4	301
13/05/2025	20:08:03	40.57000	141.96203	32	40.7	3	3.4	277
13/05/2025	20:09:03	40.56813	141.95655	34	37.0	3	3.3	296
13/05/2025	20:10:03	40.56630	141.94898	26	40.7	3	3.3	301
13/05/2025	20:11:03	40.56368	141.94107	26	44.4	3	3.3	305
13/05/2025	20:12:03	40.56122	141.93261	28	44.4	3	3.3	304
13/05/2025	20:13:03	40.55890	141.92422	6	44.4	3	3.2	303
13/05/2025	20:14:03	40.55683	141.91573	2	44.4	3	3.2	273
13/05/2025	20:15:03	40.55396	141.90740	8	44.4	3	3.2	277
13/05/2025	20:16:03	40.55126	141.89894	6	44.4	3	3.2	305
13/05/2025	20:17:03	40.54839	141.89038	2	48.2	3	3.1	279
13/05/2025	20:18:03	40.54515	141.88151	8	48.2	3	3.1	307
13/05/2025	20:19:03	40.54144	141.87294	2	48.2	3	3.1	278
13/05/2025	20:20:03	40.53835	141.86421	20	44.4	3	3.1	308
13/05/2025	20:21:03	40.53477	141.85591	2	48.2	3	3.1	297
13/05/2025	20:22:03	40.53149	141.84746	6	48.2	3	3.0	282
13/05/2025	20:23:03	40.52844	141.83852	-6	48.2	3	3.0	282
13/05/2025	20:24:03	40.52538	141.82928	10	48.2	3	3.0	280
13/05/2025	20:25:02	40.52289	141.82067	-0	48.2	3	3.0	282
13/05/2025	20:26:03	40.52029	141.81155	-4	48.2	3	3.0	299
13/05/2025	20:27:03	40.51858	141.80208	2	48.2	3	3.0	282
13/05/2025	20:28:03	40.51688	141.79270	18	48.2	3	3.0	306
13/05/2025	20:29:03	40.51458	141.78286	8	48.2	3	3.0	306
13/05/2025	20:30:00	40.51208	141.77385	44	51.9	3	2.4	281
13/05/2025	20:31:00	40.51039	141.76410	32	51.9	3	2.4	278
13/05/2025	20:32:01	40.50784	141.75570	28	48.2	3	2.4	307
13/05/2025	20:33:00	40.50608	141.74617	-14	48.2	3	2.4	274
13/05/2025	20:34:03	40.50400	141.73581	36	48.2	3	2.4	276
13/05/2025	20:35:01	40.50324	141.72654	26	48.2	3	2.4	245
13/05/2025	20:36:01	40.50263	141.71685	28	48.2	3	2.4	309
13/05/2025	20:37:01	40.50241	141.70750	54	44.4	3	2.4	301
13/05/2025	20:38:02	40.50273	141.69848	56	44.4	3	2.4	304
13/05/2025	20:39:02	40.50366	141.68968	28	44.4	3	2.4	272
13/05/2025	20:40:02	40.50500	141.68031	10	48.2	3	2.4	275
13/05/2025	20:41:02	40.50624	141.67037	28	48.2	3	2.4	303
13/05/2025	20:42:02	40.50764	141.66042	36	48.2	3	2.4	271
13/05/2025	20:43:04	40.50965	141.65041	26	48.2	3	2.4	305
13/05/2025	20:44:01	40.51188	141.64105	8	48.2	3	2.4	282
13/05/2025	20:45:03	40.51434	141.63040	30	55.6	3	2.3	274
13/05/2025	20:46:04	40.51752	141.61990	58	55.6	3	2.3	299
13/05/2025	20:47:03	40.52120	141.60993	74	55.6	3	2.3	304
13/05/2025	20:48:03	40.52508	141.60005	72	55.6	2	2.0	298
13/05/2025	20:49:04	40.52928	141.59078	66	51.9	3	2.3	305
13/05/2025	20:50:03	40.53481	141.58400	98	51.9	3	2.3	302
13/05/2025	20:51:03	40.54120	141.57903	34	48.2	3	2.3	306
13/05/2025	20:52:03	40.54395	141.57034	16	44.4	3	2.3	301
13/05/2025	20:53:03	40.54368	141.56332	14	0.0	3	2.3	292
13/05/2025	20:54:02	40.54049	141.55803	44	29.6	3	2.3	303
13/05/2025	20:55:03	40.53970	141.55613	46	3.7	2	1.4	295
13/05/2025	20:56:05	40.53917	141.55773	10	7.4	3	2.3	285
13/05/2025	20:57:02	40.53916	141.55761	12	0.0	2	1.4	304
13/05/2025	20:58:03	40.53927	141.55773	-4	0.0	3	2.3	300
13/05/2025	20:59:03	40.53918	141.55768	16	0.0	3	2.3	308
13/05/2025	21:00:04	40.53914	141.55766	30	0.0	3	2.3	304
13/05/2025	21:01:02	40.53914	141.55762	30	0.0	2	1.4	303
13/05/2025	21:02:03	40.53911	141.55762	30	0.0	2	1.4	304
13/05/2025	21:03:03	40.53912	141.55765	30	0.0	2	1.4	304
13/05/2025	21:04:02	40.53915	141.55770	30	0.0	2	1.4	306
13/05/2025	21:05:03	40.53914	141.55771	36	0.0	2	1.4	304
13/05/2025	21:06:03	40.53913	141.55766	36	0.0	2	1.4	304
13/05/2025	21:07:20	40.53917	141.55775	8	7.4	3	2.3	301
13/05/2025	21:08:04	40.53917	141.55775	8	0.0	2	1.4	290
13/05/2025	21:09:02	40.53921	141.55775	4	0.0	2	1.4	289
13/05/2025	21:10:03	40.53920	141.55770	4	0.0	2	1.4	291
13/05/2025	21:11:02	40.53919	141.55778	6	0.0	2	1.4	288
13/05/2025	21:12:03	40.53918	141.55774	6	0.0	2	1.4	285
13/05/2025	21:13:03	40.53921	141.55776	0	0.0	2	1.4	309
13/05/2025	21:14:03	40.53924	141.55777	-2	0.0	2	1.4	286
13/05/2025	21:15:03	40.53924	141.55774	-4	0.0	2	1.4	286
13/05/2025	21:16:03	40.53920	141.55775	2	0.0	2	2.0	284
13/05/2025	21:17:03	40.53926	141.55775	-4	0.0	2	2.0	285
13/05/2025	21:18:03	40.53925	141.55780	-12	0.0	2	2.0	285
13/05/2025	21:19:03	40.53918	141.55778	-4	0.0	2	2.0	285
13/05/2025	21:20:03	40.53921	141.55778	-0	0.0	2	2.0	284
13/05/2025	21:21:02	40.53922	141.55774	2	0.0	2	2.0	284
13/05/2025	21:22:03	40.53931	141.55775	4	0.0	2	2.0	284
13/05/2025	21:23:03	40.53925	141.55771	0	0.0	2	2.0	285
13/05/2025	21:24:03	40.53920	141.55778	-0	0.0	2	2.0	282
13/05/2025	21:25:02	40.53921	141.55777	0	0.0	2	2.0	277
13/05/2025	21:26:02	40.53911	141.55780	0	0.0	2	2.0	272
13/05/2025	21:27:34	40.53918	141.55772	6	0.0	7	0.4	276
13/05/2025	21:28:00	40.53921	141.55766	6	0.0	4	1.1	276
13/05/2025	21:29:00	40.53918	141.55768	22	0.0	5	1.1	277
13/05/2025	21:30:00	40.53929	141.55770	24	0.0	6	1.0	278
13/05/2025	21:31:00	40.53922	141.55768	18	0.0	6	1.0	223
13/05/2025	21:32:00	40.53925	141.55771	10	0.0	6	1.0	252
13/05/2025	21:33:00	40.53921	141.55761	24	0.0	5	1.1	248
13/05/2025	21:34:00	40.53919	141.55777	12	0.0	3	1.3	249
13/05/2025	21:35:00	40.53929	141.55764	30	3.7	3	1.3	240
13/05/2025	21:36:00	40.53918	141.55778	-8	0.0	3	1.2	211
13/05/2025	21:37:01	40.53910	141.55756	24	0.0	4	1.1	235
13/05/2025	21:38:00	40.53927	141.55772	16	0.0	3	1.3	240
13/05/2025	21:39:01	40.53921	141.55770	12	0.0	5	1.1	263
13/05/2025	21:40:00	40.53915	141.55765	2	0.0	3	1.3	245
13/05/2025	21:41:00	40.53918	141.55769	0	0.0	4	1.1	242
13/05/2025	21:42:00	40.53919	141.55760	18	0.0	4	1.1	238
13/05/2025	21:43:00	40.53907	141.55770	-0	0.0	4	1.4	239
13/05/2025	21:44:00	40.53913	141.55762	4	0.0	4	1.1	244
13/05/2025	21:45:01	40.53918	141.55772	0	0.0	5	1.1	217
13/05/2025	21:46:00	40.53911	141.55766	6	0.0	4	1.1	214
13/05/2025	21:47:00	40.53928	141.55772	6	0.0	4	1.1	211
13/05/2025	21:48:01	40.53912	141.55775	2	0.0	5	1.1	239
13/05/2025	21:49:00	40.53914	141.55758	32	0.0	3	1.3	237
13/05/2025	21:50:00	40.53932	141.55778	8	0.0	4	1.4	183
13/05/2025	21:51:00	40.53923	141.55772	-2	0.0	4	1.4	175
13/05/2025	21:52:01	40.53921	141.55769	6	0.0	4	1.1	229
13/05/2025	21:53:00	40.53923	141.55775	16	0.0	4	1.1	212
13/05/2025	21:54:00	40.53913	141.55780	2	0.0	3	1.3	185
13/05/2025	21:55:00	40.53925	141.55766	22	0.0	3	1.3	206
13/05/2025	21:56:00	40.53905	141.55769	16	0.0	3	1.3	211
13/05/2025	21:57:00	40.53916	141.55763	-0	0.0	4	1.2	216
13/05/2025	21:58:02	40.53912	141.55769	10	0.0	4	1.2	200
13/05/2025	21:59:00	40.53918	141.55769	16	0.0	4	1.2	209
13/05/2025	22:00:00	40.53920	141.55768	20	0.0	4	1.2	189
13/05/2025	22:01:00	40.53915	141.55765	4	0.0	4	1.2	211
13/05/2025	22:02:00	40.53923	141.55775	22	0.0	4	1.2	189
13/05/2025	22:03:00	40.53913	141.55764	-8	0.0	3	1.3	189
13/05/2025	22:04:01	40.53926	141.55783	30	0.0	3	1.2	194
13/05/2025	22:05:01	40.53916	141.55773	10	0.0	4	1.2	215
13/05/2025	22:06:00	40.53911	141.55774	24	0.0	3	1.3	162
13/05/2025	22:07:00	40.53912	141.55773	16	0.0	3	1.3	217
13/05/2025	22:08:00	40.53901	141.55755	-6	3.7	3	1.3	216
13/05/2025	22:09:01	40.53909	141.55772	-12	0.0	3	1.3	189
13/05/2025	22:10:01	40.53916	141.55772	2	0.0	4	1.2	265
13/05/2025	22:11:00	40.53917	141.55789	8	0.0	3	1.3	221
13/05/2025	22:12:01	40.53917	141.55768	18	0.0	4	2.1	263
13/05/2025	22:13:00	40.53911	141.55775	-8	0.0	3	1.3	218
13/05/2025	22:14:00	40.53920	141.55772	-14	0.0	4	1.2	218
13/05/2025	22:15:00	40.53918	141.55767	-0	0.0	3	1.3	217
13/05/2025	22:16:00	40.53921	141.55767	14	0.0	3	1.3	219
13/05/2025	22:17:00	40.53921	141.55770	-10	0.0	4	1.2	218
13/05/2025	22:18:01	40.53921	141.55777	0	0.0	3	1.3	189
13/05/2025	22:19:01	40.53923	141.55780	30	3.7	3	1.3	214
13/05/2025	22:20:01	40.53913	141.55790	24	0.0	3	1.3	182
13/05/2025	22:21:02	40.53912	141.55762	28	0.0	3	1.3	220
13/05/2025	22:22:03	40.53908	141.55766	18	0.0	4	1.2	220
13/05/2025	22:23:01	40.53930	141.55757	-22	0.0	3	2.1	195
13/05/2025	22:24:02	40.53926	141.55771	32	0.0	3	1.3	220
13/05/2025	22:25:01	40.53927	141.55768	-0	0.0	4	1.2	222
13/05/2025	22:26:01	40.53913	141.55760	8	0.0	3	1.3	216
13/05/2025	22:27:01	40.53919	141.55775	2	0.0	3	1.3	216
13/05/2025	22:28:01	40.53911	141.55769	66	0.0	2	2.1	156
13/05/2025	22:29:02	40.53920	141.55774	6	0.0	3	1.3	182
13/05/2025	22:30:01	40.53922	141.55756	64	0.0	3	1.3	190
13/05/2025	22:31:01	40.53922	141.55781	-2	0.0	3	1.3	191
13/05/2025	22:32:01	40.53925	141.55776	-6	0.0	3	1.3	187
13/05/2025	22:33:01	40.53925	141.55780	-8	0.0	1	2.0	125
13/05/2025	22:34:02	40.53918	141.55765	14	0.0	3	1.3	188
13/05/2025	22:35:01	40.53914	141.55762	46	0.0	3	1.3	195
13/05/2025	22:36:01	40.53939	141.55756	52	0.0	2	2.1	152
13/05/2025	22:37:01	40.53916	141.55776	34	0.0	3	1.3	196
13/05/2025	22:38:01	40.53923	141.55769	58	0.0	3	1.3	165
13/05/2025	22:39:00	40.53914	141.55786	20	0.0	3	1.3	192
13/05/2025	22:40:01	40.53915	141.55763	32	0.0	3	1.3	188
13/05/2025	22:41:01	40.53925	141.55764	-26	0.0	3	1.3	163
13/05/2025	22:42:02	40.53928	141.55769	2	0.0	2	3.0	189
13/05/2025	22:43:02	40.53923	141.55773	-44	0.0	3	1.3	165
13/05/2025	22:44:02	40.53920	141.55770	26	0.0	3	1.3	232
13/05/2025	22:45:01	40.53915	141.55776	38	0.0	3	1.3	268
13/05/2025	22:46:01	40.53915	141.55758	38	0.0	3	1.3	239
13/05/2025	22:47:00	40.53917	141.55780	24	0.0	3	1.3	211
13/05/2025	22:48:00	40.53910	141.55777	-10	0.0	3	1.3	218
13/05/2025	22:49:01	40.53913	141.55763	38	0.0	3	1.3	262
13/05/2025	22:50:01	40.53919	141.55775	8	0.0	3	1.3	240
13/05/2025	22:51:01	40.53927	141.55771	2	0.0	3	1.3	246
13/05/2025	22:52:00	40.53923	141.55777	-14	0.0	3	1.3	216
13/05/2025	22:53:01	40.53928	141.55775	-6	0.0	3	1.3	247
13/05/2025	22:54:02	40.53914	141.55774	-8	0.0	3	1.3	248
13/05/2025	22:55:01	40.53916	141.55766	0	0.0	3	1.3	253
13/05/2025	22:56:01	40.53917	141.55772	26	0.0	3	1.3	245
13/05/2025	22:57:01	40.53914	141.55770	6	0.0	3	1.3	244
13/05/2025	22:58:01	40.53917	141.55773	30	3.7	2	2.4	188
13/05/2025	22:59:00	40.53920	141.55778	-14	0.0	3	1.3	249
13/05/2025	23:00:01	40.53913	141.55778	0	0.0	3	3.0	250
13/05/2025	23:01:02	40.53928	141.55771	14	0.0	3	3.0	247
13/05/2025	23:02:02	40.53927	141.55772	-2	0.0	3	3.0	243
13/05/2025	23:03:02	40.53936	141.55782	4	0.0	3	3.0	244
13/05/2025	23:04:02	40.53923	141.55775	-2	0.0	3	3.0	250
13/05/2025	23:05:01	40.53911	141.55776	10	0.0	3	3.0	249
13/05/2025	23:06:02	40.53897	141.55774	0	0.0	3	3.0	154
13/05/2025	23:07:02	40.53920	141.55768	-6	0.0	3	3.0	247
13/05/2025	23:08:02	40.53919	141.55771	-0	0.0	3	3.0	249
13/05/2025	23:09:02	40.53920	141.55774	-10	0.0	3	3.0	254
13/05/2025	23:10:02	40.53926	141.55774	0	0.0	3	3.0	245
13/05/2025	23:11:01	40.53907	141.55775	56	0.0	3	3.0	246
13/05/2025	23:12:01	40.53916	141.55774	2	0.0	3	3.0	255
13/05/2025	23:13:01	40.53922	141.55765	-2	0.0	3	3.0	247
13/05/2025	23:14:02	40.53916	141.55770	10	0.0	3	2.4	248
13/05/2025	23:15:01	40.53922	141.55771	-24	0.0	3	2.4	248
13/05/2025	23:16:03	40.53944	141.55785	-0	0.0	3	2.4	245
13/05/2025	23:17:02	40.53911	141.55775	4	0.0	3	2.4	244
13/05/2025	23:18:04	40.53936	141.55774	-16	0.0	3	2.4	243
13/05/2025	23:19:03	40.53928	141.55770	-16	0.0	3	2.4	244
13/05/2025	23:20:04	40.53918	141.55773	8	0.0	3	2.4	243
13/05/2025	23:21:01	40.53922	141.55767	-26	0.0	3	2.4	246
13/05/2025	23:22:02	40.53911	141.55769	14	0.0	3	2.4	245
13/05/2025	23:23:02	40.53910	141.55770	12	0.0	3	2.4	251
13/05/2025	23:24:03	40.53912	141.55777	8	0.0	3	2.4	249
13/05/2025	23:25:06	40.53923	141.55767	22	0.0	3	2.4	246
13/05/2025	23:26:05	40.53925	141.55774	0	0.0	3	2.4	250
13/05/2025	23:27:03	40.53903	141.55774	14	0.0	3	2.4	245
13/05/2025	23:28:03	40.53937	141.55772	-14	0.0	3	2.4	249
13/05/2025	23:29:03	40.53938	141.55773	-22	3.7	3	2.4	249
13/05/2025	23:30:02	40.53902	141.55767	54	0.0	3	2.4	249
13/05/2025	23:31:04	40.53918	141.55769	-16	0.0	3	2.4	248
13/05/2025	23:32:02	40.53928	141.55774	-4	0.0	3	2.4	215
13/05/2025	23:33:04	40.53919	141.55769	4	0.0	3	2.4	249
13/05/2025	23:34:03	40.53911	141.55772	8	0.0	3	2.4	249
13/05/2025	23:35:03	40.53908	141.55771	2	0.0	3	2.4	250
13/05/2025	23:36:04	40.53933	141.55765	-10	0.0	3	2.4	245
13/05/2025	23:37:05	40.53915	141.55773	14	3.7	3	2.4	248
13/05/2025	23:38:05	40.53887	141.55778	30	3.7	3	2.4	245
13/05/2025	23:39:04	40.53916	141.55775	2	0.0	3	2.4	241
13/05/2025	23:40:03	40.53922	141.55769	10	0.0	3	2.4	246
13/05/2025	23:41:04	40.53905	141.55773	10	0.0	3	2.4	237
13/05/2025	23:42:05	40.53902	141.55774	30	0.0	3	2.4	241
13/05/2025	23:43:04	40.53907	141.55777	16	0.0	3	2.4	245
13/05/2025	23:44:05	40.53905	141.55776	20	3.7	3	2.4	239
13/05/2025	23:45:09	40.53906	141.55776	18	0.0	3	2.4	236
13/05/2025	23:46:06	40.53892	141.55777	32	3.7	3	2.4	240
13/05/2025	23:47:05	40.53930	141.55767	-4	0.0	3	2.4	236
13/05/2025	23:48:06	40.53911	141.55774	8	0.0	3	2.4	249
13/05/2025	23:49:05	40.53898	141.55779	22	3.7	3	3.0	240
13/05/2025	23:50:16	40.53912	141.55774	14	0.0	3	3.0	238
13/05/2025	23:51:06	40.53913	141.55772	22	0.0	3	3.0	232
13/05/2025	23:52:05	40.53935	141.55768	-10	0.0	3	3.0	236
13/05/2025	23:53:07	40.53926	141.55770	-4	3.7	3	3.0	232
13/05/2025	23:54:34	40.53923	141.55770	10	0.0	6	1.2	268
13/05/2025	23:55:02	40.53913	141.55777	2	0.0	6	1.2	214
13/05/2025	23:56:02	40.53917	141.55764	16	0.0	6	1.2	213
13/05/2025	23:57:01	40.53923	141.55770	14	0.0	6	1.2	217
13/05/2025	23:58:01	40.53916	141.55769	10	0.0	5	1.2	211
13/05/2025	23:59:01	40.53907	141.55778	8	0.0	6	1.2	211
14/05/2025	00:00:01	40.53925	141.55787	-16	0.0	4	3.4	215
14/05/2025	00:01:02	40.53925	141.55760	22	0.0	3	4.1	210
14/05/2025	00:02:01	40.53924	141.55743	48	0.0	4	3.4	215
14/05/2025	00:03:01	40.53924	141.55742	58	0.0	4	3.4	218
14/05/2025	00:04:01	40.53921	141.55768	16	0.0	6	1.2	215
14/05/2025	00:05:01	40.53921	141.55763	18	0.0	5	1.3	210
14/05/2025	00:06:01	40.53923	141.55772	10	0.0	5	1.3	212
14/05/2025	00:07:00	40.53909	141.55772	2	0.0	5	1.3	216
14/05/2025	00:08:01	40.53917	141.55768	14	0.0	6	1.3	213
14/05/2025	00:09:00	40.53928	141.55758	6	0.0	5	1.3	214
14/05/2025	00:10:00	40.53917	141.55780	-14	0.0	5	1.3	237
14/05/2025	00:11:01	40.53898	141.55806	52	0.0	3	7.3	187
14/05/2025	00:12:01	40.53919	141.55763	-0	0.0	4	2.4	209
14/05/2025	00:13:01	40.53934	141.55757	6	0.0	4	2.4	176
14/05/2025	00:14:01	40.53921	141.55768	-2	0.0	4	3.3	201
14/05/2025	00:15:03	40.53912	141.55782	-8	0.0	5	1.3	270
14/05/2025	00:16:02	40.53922	141.55774	48	0.0	4	3.3	183
14/05/2025	00:17:03	40.53924	141.55768	14	0.0	5	1.3	237
14/05/2025	00:18:00	40.53907	141.55780	10	0.0	3	2.1	147
14/05/2025	00:19:01	40.53904	141.55787	-44	7.4	3	4.0	180
14/05/2025	00:20:02	40.53917	141.55770	2	0.0	5	1.4	246
14/05/2025	00:21:01	40.53919	141.55769	24	0.0	5	1.4	254
14/05/2025	00:22:01	40.53913	141.55763	12	0.0	4	2.0	252
14/05/2025	00:23:01	40.53912	141.55777	-0	0.0	5	1.4	237
14/05/2025	00:24:01	40.53928	141.55758	24	0.0	4	3.0	268
14/05/2025	00:25:00	40.53916	141.55765	26	0.0	5	1.4	275
14/05/2025	00:26:02	40.53922	141.55771	10	0.0	5	1.4	271
14/05/2025	00:27:01	40.53923	141.55767	-4	0.0	5	3.2	247
14/05/2025	00:28:01	40.53923	141.55767	16	0.0	5	1.4	269
14/05/2025	00:29:02	40.53917	141.55773	-0	0.0	5	1.4	264
14/05/2025	00:30:01	40.53900	141.55773	10	0.0	4	3.3	276
14/05/2025	00:31:01	40.53929	141.55768	-10	0.0	4	2.4	242
14/05/2025	00:32:02	40.53918	141.55789	-14	0.0	3	6.1	191
14/05/2025	00:33:03	40.53920	141.55766	22	0.0	4	2.3	256
14/05/2025	00:34:02	40.53912	141.55778	-6	0.0	4	2.3	233
14/05/2025	00:35:02	40.53923	141.55770	10	0.0	5	1.4	253
14/05/2025	00:36:01	40.53916	141.55774	12	0.0	5	1.4	274
14/05/2025	00:37:01	40.53914	141.55774	4	0.0	5	1.4	248
14/05/2025	00:38:01	40.53859	141.55855	110	0.0	3	7.1	269
14/05/2025	00:39:01	40.53920	141.55773	-12	0.0	2	5.4	186
14/05/2025	00:40:02	40.53926	141.55757	0	0.0	3	4.0	187
14/05/2025	00:41:02	40.53874	141.55858	108	7.4	2	9.0	272
14/05/2025	00:42:03	40.53923	141.55767	16	0.0	3	5.2	246
14/05/2025	00:43:03	40.53921	141.55768	-20	3.7	3	6.2	194
14/05/2025	00:44:01	40.53927	141.55764	12	0.0	4	2.3	279
14/05/2025	00:45:01	40.53917	141.55766	-8	0.0	4	2.2	281
14/05/2025	00:46:01	40.53907	141.55808	-34	0.0	3	3.4	258
14/05/2025	00:47:02	40.53931	141.55766	28	0.0	3	3.4	275
14/05/2025	00:48:02	40.53912	141.55772	12	0.0	4	2.2	303
14/05/2025	00:49:02	40.53911	141.55769	12	0.0	5	2.0	304
14/05/2025	00:50:01	40.53908	141.55769	24	0.0	3	3.3	247
14/05/2025	00:51:02	40.53915	141.55788	-2	0.0	3	3.3	277
14/05/2025	00:52:00	40.53908	141.55759	46	3.7	4	2.2	280
14/05/2025	00:53:02	40.53927	141.55774	4	0.0	4	2.1	281
14/05/2025	00:54:01	40.53943	141.55738	8	0.0	2	8.0	276
14/05/2025	00:55:02	40.53919	141.55770	-0	0.0	3	3.2	235
14/05/2025	00:56:03	40.53864	141.55848	182	0.0	2	6.3	261
14/05/2025	00:57:03	40.53902	141.55777	32	0.0	3	4.0	203
14/05/2025	00:58:04	40.53925	141.55766	20	0.0	3	3.4	262
14/05/2025	00:59:03	40.53898	141.55820	-0	0.0	2	7.1	262
14/05/2025	01:00:05	40.53888	141.55804	14	0.0	3	5.1	216
14/05/2025	01:01:03	40.53922	141.55773	-4	0.0	4	2.2	241
14/05/2025	01:02:01	40.53960	141.55745	-22	3.7	3	5.0	214
14/05/2025	01:03:02	40.53890	141.55784	20	0.0	3	4.4	164
14/05/2025	01:04:04	40.53944	141.55751	-2	7.4	3	4.4	174
14/05/2025	01:05:02	40.53904	141.55775	20	0.0	4	2.2	215
14/05/2025	01:06:02	40.53920	141.55760	22	0.0	3	4.3	184
14/05/2025	01:07:01	40.53936	141.55771	8	0.0	3	4.3	248
14/05/2025	01:08:02	40.53941	141.55769	-32	0.0	3	4.3	246
14/05/2025	01:09:15	40.53915	141.55770	10	0.0	5	2.2	249
14/05/2025	01:10:02	40.53915	141.55773	2	0.0	4	2.3	180
14/05/2025	01:11:02	40.53900	141.55783	8	0.0	4	2.3	253
14/05/2025	01:12:04	40.53908	141.55787	-2	0.0	3	3.1	240
14/05/2025	01:13:01	40.53900	141.55771	-4	0.0	3	3.4	282
14/05/2025	01:14:02	40.53924	141.55769	-0	0.0	4	2.3	212
14/05/2025	01:15:04	40.53904	141.55781	2	0.0	4	2.3	242
14/05/2025	01:16:04	40.53909	141.55766	28	0.0	3	3.4	241
14/05/2025	01:17:03	40.53926	141.55768	-2	0.0	3	3.3	284
14/05/2025	01:18:01	40.53911	141.55771	0	0.0	3	3.3	218
14/05/2025	01:19:04	40.53915	141.55770	20	0.0	4	2.3	187
14/05/2025	01:20:03	40.53909	141.55768	28	0.0	4	2.3	271
14/05/2025	01:21:02	40.53914	141.55774	12	0.0	3	3.4	187
14/05/2025	01:22:03	40.53914	141.55773	12	0.0	4	2.3	242
14/05/2025	01:23:02	40.53915	141.55778	8	0.0	3	3.2	242
14/05/2025	01:24:03	40.53919	141.55773	-0	0.0	3	3.2	241
14/05/2025	01:25:02	40.53915	141.55773	2	3.7	3	3.2	215
14/05/2025	01:26:03	40.53917	141.55762	-6	0.0	3	3.3	229
14/05/2025	01:27:01	40.53903	141.55787	0	0.0	4	2.3	248
14/05/2025	01:28:02	40.53921	141.55769	4	0.0	3	3.1	215
14/05/2025	01:29:01	40.53900	141.55780	16	0.0	3	3.2	213
14/05/2025	01:30:01	40.53916	141.55765	16	0.0	4	2.3	215
14/05/2025	01:31:02	40.53921	141.55769	8	0.0	4	2.3	244
14/05/2025	01:32:02	40.53930	141.55768	-6	0.0	4	2.3	248
14/05/2025	01:33:02	40.53916	141.55775	6	0.0	3	3.1	264
14/05/2025	01:34:02	40.53907	141.55768	20	3.7	3	3.1	225
14/05/2025	01:35:02	40.53913	141.55770	14	0.0	3	3.1	283
14/05/2025	01:36:03	40.53912	141.55768	12	0.0	3	3.1	263
14/05/2025	01:37:03	40.53917	141.55768	14	0.0	3	3.1	282
14/05/2025	01:38:04	40.53924	141.55770	2	0.0	4	2.3	269
14/05/2025	01:39:02	40.53923	141.55779	0	0.0	3	3.1	245
14/05/2025	01:40:01	40.53924	141.55762	2	0.0	3	3.0	245
14/05/2025	01:41:02	40.53919	141.55771	6	0.0	3	3.0	269
14/05/2025	01:42:02	40.53910	141.55778	16	0.0	3	3.0	283
14/05/2025	01:43:01	40.53916	141.55763	18	0.0	3	3.0	245
14/05/2025	01:44:03	40.53919	141.55768	16	0.0	3	3.0	260
14/05/2025	01:45:02	40.53922	141.55767	8	0.0	3	3.0	245
14/05/2025	01:46:02	40.53913	141.55765	10	0.0	3	3.0	284
14/05/2025	01:47:02	40.53922	141.55765	0	0.0	3	2.4	240
14/05/2025	01:48:02	40.53913	141.55769	20	0.0	3	2.4	240
14/05/2025	01:49:02	40.53905	141.55768	16	0.0	3	2.4	207
14/05/2025	01:50:03	40.53927	141.55771	-10	0.0	3	2.4	245
14/05/2025	01:51:01	40.53914	141.55749	-14	0.0	2	3.2	244
14/05/2025	01:52:03	40.53908	141.55769	12	0.0	3	2.4	239
14/05/2025	01:53:02	40.53921	141.55768	12	0.0	2	3.2	284
14/05/2025	01:54:04	40.53904	141.55767	8	0.0	2	3.2	245
14/05/2025	01:55:04	40.53924	141.55784	6	0.0	2	3.2	280
14/05/2025	01:56:16	40.53920	141.55772	8	0.0	3	2.4	271
14/05/2025	01:57:04	40.53911	141.55782	16	0.0	3	2.4	241
14/05/2025	01:58:05	40.53925	141.55767	-4	0.0	3	2.3	279
14/05/2025	01:59:05	40.53922	141.55765	10	0.0	3	2.3	280
14/05/2025	02:00:33	40.53919	141.55772	4	0.0	6	1.1	273
14/05/2025	02:01:02	40.53929	141.55775	44	0.0	5	1.3	223
14/05/2025	02:02:02	40.53931	141.55775	8	3.7	5	1.3	226
14/05/2025	02:03:00	40.53916	141.55768	-14	0.0	5	1.2	196
14/05/2025	02:04:00	40.53924	141.55773	-2	0.0	6	1.1	231
14/05/2025	02:05:00	40.53921	141.55772	24	3.7	5	1.4	226
14/05/2025	02:06:01	40.53918	141.55782	6	0.0	6	1.1	229
14/05/2025	02:07:01	40.53905	141.55764	8	0.0	6	1.1	232
14/05/2025	02:08:00	40.53929	141.55763	24	0.0	4	1.4	228
14/05/2025	02:09:00	40.53934	141.55775	24	0.0	4	1.4	229
14/05/2025	02:10:02	40.53917	141.55738	-52	3.7	3	7.0	220
14/05/2025	02:11:01	40.53919	141.55813	54	0.0	2	6.4	105
14/05/2025	02:12:01	40.53923	141.55773	0	0.0	4	1.2	223
14/05/2025	02:13:02	40.53917	141.55784	20	0.0	3	2.2	217
14/05/2025	02:14:02	40.53913	141.55722	-56	3.7	2	4.4	213
14/05/2025	02:15:02	40.53921	141.55773	8	0.0	4	1.2	217
14/05/2025	02:16:00	40.53919	141.55783	-22	3.7	3	1.4	219
14/05/2025	02:17:01	40.53919	141.55780	0	0.0	4	1.4	224
14/05/2025	02:18:01	40.53925	141.55779	20	0.0	5	1.2	218
14/05/2025	02:19:01	40.53918	141.55771	-16	0.0	4	2.1	224
14/05/2025	02:20:00	40.53924	141.55764	-20	0.0	4	1.4	224
14/05/2025	02:21:01	40.53935	141.55774	16	0.0	5	1.2	219
14/05/2025	02:22:02	40.53909	141.55773	-10	0.0	5	1.2	193
14/05/2025	02:23:02	40.53904	141.55760	8	0.0	5	1.2	222
14/05/2025	02:24:01	40.53958	141.55767	-76	3.7	4	2.2	188
14/05/2025	02:25:01	40.53903	141.55774	8	0.0	4	2.2	159
14/05/2025	02:26:01	40.53929	141.55776	14	3.7	3	2.1	213
14/05/2025	02:27:01	40.53921	141.55766	34	0.0	4	1.4	225
14/05/2025	02:28:01	40.53949	141.55770	40	0.0	3	2.3	197
14/05/2025	02:29:01	40.53921	141.55765	16	0.0	4	2.2	225
14/05/2025	02:30:01	40.53922	141.55749	116	0.0	4	2.2	194
14/05/2025	02:31:01	40.53924	141.55766	42	0.0	5	2.1	223
14/05/2025	02:32:01	40.53907	141.55810	-86	0.0	3	2.4	165
14/05/2025	02:33:01	40.53917	141.55767	-14	0.0	3	2.4	187
14/05/2025	02:34:02	40.53926	141.55774	12	0.0	5	1.3	214
14/05/2025	02:35:01	40.53930	141.55771	26	0.0	5	1.3	217
14/05/2025	02:36:01	40.53917	141.55776	6	0.0	4	1.3	220
14/05/2025	02:37:01	40.53902	141.55773	-0	0.0	5	1.3	256
14/05/2025	02:38:01	40.53917	141.55775	4	0.0	5	1.3	220
14/05/2025	02:39:00	40.53897	141.55779	8	0.0	3	1.4	162
14/05/2025	02:40:00	40.53931	141.55775	4	0.0	4	2.3	196
14/05/2025	02:41:01	40.53909	141.55776	2	0.0	5	2.2	196
14/05/2025	02:42:02	40.53916	141.55774	-0	0.0	5	1.3	200
14/05/2025	02:43:02	40.53927	141.55770	30	0.0	5	1.3	216
14/05/2025	02:44:02	40.53925	141.55770	20	0.0	4	2.3	171
14/05/2025	02:45:01	40.53911	141.55769	22	3.7	4	2.3	198
14/05/2025	02:46:02	40.53911	141.55782	16	0.0	4	1.3	224
14/05/2025	02:47:02	40.53927	141.55769	20	0.0	4	1.4	215
14/05/2025	02:48:02	40.53915	141.55775	6	0.0	5	1.3	199
14/05/2025	02:49:01	40.53915	141.55773	-0	0.0	5	1.2	199
14/05/2025	02:50:02	40.53911	141.55770	12	0.0	5	1.2	227
14/05/2025	02:51:02	40.53936	141.55769	6	0.0	5	2.3	200
14/05/2025	02:52:01	40.53916	141.55781	12	0.0	4	1.3	193
14/05/2025	02:53:02	40.53929	141.55784	8	0.0	3	1.4	159
14/05/2025	02:54:02	40.53921	141.55758	-20	0.0	4	1.3	198
14/05/2025	02:55:01	40.53928	141.55764	14	0.0	4	2.4	197
14/05/2025	02:56:02	40.53916	141.55769	-8	0.0	4	1.3	211
14/05/2025	02:57:01	40.53914	141.55776	8	0.0	4	1.3	235
14/05/2025	02:58:01	40.53914	141.55762	26	3.7	5	2.3	208
14/05/2025	02:59:01	40.53902	141.55783	0	0.0	3	1.4	163
14/05/2025	03:00:01	40.53907	141.55773	-4	0.0	4	1.3	214
14/05/2025	03:01:00	40.53919	141.55765	94	0.0	3	1.4	220
14/05/2025	03:02:01	40.53912	141.55776	8	0.0	5	1.2	213
14/05/2025	03:03:01	40.53913	141.55758	-16	0.0	4	2.4	205
14/05/2025	03:04:01	40.53909	141.55776	24	0.0	3	1.4	175
14/05/2025	03:05:00	40.53926	141.55788	-60	3.7	3	1.4	221
14/05/2025	03:06:00	40.53913	141.55793	-42	0.0	4	1.3	188
14/05/2025	03:07:01	40.53912	141.55781	-44	0.0	4	1.3	188
14/05/2025	03:08:01	40.53947	141.55758	82	0.0	4	3.0	182
14/05/2025	03:09:01	40.53920	141.55783	6	0.0	4	2.4	214
14/05/2025	03:10:01	40.53906	141.55776	8	0.0	4	2.4	186
14/05/2025	03:11:02	40.53917	141.55767	8	0.0	3	2.2	183
14/05/2025	03:12:02	40.53931	141.55728	-4	0.0	3	2.2	238
14/05/2025	03:13:02	40.53939	141.55776	16	0.0	3	2.2	209
14/05/2025	03:14:01	40.53923	141.55775	20	0.0	3	2.2	208
14/05/2025	03:15:01	40.53912	141.55778	22	0.0	4	1.4	199
14/05/2025	03:16:01	40.53925	141.55778	2	0.0	3	2.0	197
14/05/2025	03:17:01	40.53919	141.55766	12	0.0	4	1.2	190
14/05/2025	03:18:01	40.53919	141.55777	22	0.0	4	1.2	247
14/05/2025	03:19:01	40.53920	141.55785	8	0.0	4	1.2	193
14/05/2025	03:20:00	40.53912	141.55769	-6	0.0	3	1.3	160
14/05/2025	03:21:00	40.53908	141.55780	32	0.0	3	2.0	159
14/05/2025	03:22:00	40.53927	141.55776	4	0.0	4	1.2	161
14/05/2025	03:23:00	40.53913	141.55781	10	0.0	4	1.2	194
14/05/2025	03:24:01	40.53917	141.55769	-2	0.0	4	1.2	190
14/05/2025	03:25:00	40.53927	141.55798	-56	0.0	3	2.0	194
14/05/2025	03:26:01	40.53913	141.55771	54	3.7	3	2.4	165
14/05/2025	03:27:01	40.53924	141.55753	-40	3.7	3	2.1	160
14/05/2025	03:28:01	40.53940	141.55766	-2	0.0	4	2.1	194
14/05/2025	03:29:02	40.53903	141.55778	2	0.0	3	1.3	196
14/05/2025	03:30:02	40.53924	141.55776	18	0.0	3	1.4	136
14/05/2025	03:31:01	40.53941	141.55763	28	3.7	3	2.1	180
14/05/2025	03:32:01	40.53911	141.55773	26	0.0	4	1.2	191
14/05/2025	03:33:01	40.53908	141.55766	6	3.7	4	2.1	226
14/05/2025	03:34:01	40.53924	141.55777	38	0.0	4	1.2	243
14/05/2025	03:35:01	40.53914	141.55767	0	0.0	4	1.2	194
14/05/2025	03:36:01	40.53914	141.55762	8	0.0	3	2.2	193
14/05/2025	03:37:01	40.53915	141.55772	8	0.0	3	1.4	189
14/05/2025	03:38:01	40.53918	141.55786	-8	0.0	3	1.4	161
14/05/2025	03:39:01	40.53932	141.55749	34	0.0	3	1.4	189
14/05/2025	03:40:01	40.53922	141.55756	46	3.7	3	1.4	192
14/05/2025	03:41:01	40.53927	141.55786	38	0.0	3	1.4	192
14/05/2025	03:42:01	40.53923	141.55766	46	0.0	3	1.4	192
14/05/2025	03:43:01	40.53925	141.55759	-70	0.0	3	2.1	161
14/05/2025	03:44:01	40.53916	141.55778	8	0.0	3	1.4	187
14/05/2025	03:45:01	40.53924	141.55740	68	0.0	3	2.2	192
14/05/2025	03:46:01	40.53921	141.55779	-4	0.0	4	1.2	191
14/05/2025	03:47:01	40.53918	141.55772	-2	0.0	4	1.2	191
14/05/2025	03:48:00	40.53923	141.55766	0	0.0	3	2.1	191
14/05/2025	03:49:00	40.53923	141.55782	16	0.0	3	1.4	189
14/05/2025	03:50:00	40.53921	141.55779	24	0.0	3	1.4	189
14/05/2025	03:51:00	40.53928	141.55763	-18	0.0	3	1.4	210
14/05/2025	03:52:00	40.53920	141.55780	-8	0.0	3	1.4	189
14/05/2025	03:53:01	40.53926	141.55768	8	0.0	3	2.3	158
14/05/2025	03:54:01	40.53905	141.55794	-20	0.0	3	2.2	209
14/05/2025	03:55:01	40.53906	141.55792	-14	0.0	3	1.4	210
14/05/2025	03:56:01	40.53919	141.55775	4	0.0	3	1.4	215
14/05/2025	03:57:01	40.53903	141.55776	44	0.0	3	1.4	191
14/05/2025	03:58:01	40.53923	141.55771	-20	3.7	3	2.2	195
14/05/2025	03:59:01	40.53926	141.55761	-12	0.0	4	1.3	239
14/05/2025	04:00:02	40.53938	141.55752	-4	0.0	4	2.1	235
14/05/2025	04:01:01	40.53955	141.55800	92	0.0	3	4.0	212
14/05/2025	04:02:01	40.53928	141.55768	-12	0.0	4	2.1	240
14/05/2025	04:03:02	40.53928	141.55768	-6	0.0	4	2.1	245
14/05/2025	04:04:00	40.53904	141.55776	36	3.7	3	2.2	186
14/05/2025	04:05:00	40.53918	141.55765	10	0.0	4	2.1	244
14/05/2025	04:06:00	40.53939	141.55763	-20	0.0	3	2.2	152
14/05/2025	04:07:01	40.53926	141.55770	-34	0.0	4	2.1	242
14/05/2025	04:08:00	40.53904	141.55789	30	0.0	4	2.1	249
14/05/2025	04:09:00	40.53930	141.55764	34	0.0	3	2.3	218
14/05/2025	04:10:00	40.53908	141.55780	32	7.4	3	2.3	240
14/05/2025	04:11:00	40.53931	141.55761	18	0.0	4	2.1	274
14/05/2025	04:12:00	40.53971	141.55706	28	0.0	3	2.3	264
14/05/2025	04:13:01	40.53925	141.55767	0	0.0	3	3.3	229
14/05/2025	04:14:01	40.53915	141.55785	6	0.0	4	2.1	237
14/05/2025	04:15:02	40.53905	141.55789	18	0.0	4	2.1	285
14/05/2025	04:16:01	40.53936	141.55769	-8	0.0	3	2.3	267
14/05/2025	04:17:01	40.53919	141.55774	2	0.0	3	2.3	263
14/05/2025	04:18:02	40.53931	141.55744	2	0.0	3	2.3	268
14/05/2025	04:19:02	40.53924	141.55771	-18	0.0	3	2.3	266
14/05/2025	04:20:02	40.53915	141.55783	-18	0.0	3	2.3	266
14/05/2025	04:21:01	40.53926	141.55755	6	0.0	3	2.3	272
14/05/2025	04:22:02	40.53921	141.55780	22	0.0	3	2.3	264
14/05/2025	04:23:02	40.53900	141.55789	4	0.0	3	2.3	241
14/05/2025	04:24:02	40.53914	141.55774	-6	0.0	3	2.3	257
14/05/2025	04:25:02	40.53916	141.55785	4	0.0	3	2.3	257
14/05/2025	04:26:01	40.53936	141.55774	10	7.4	3	2.3	187
14/05/2025	04:27:04	40.53916	141.55772	-2	0.0	4	2.1	264
14/05/2025	04:28:01	40.53941	141.55742	8	11.1	3	2.3	271
14/05/2025	04:29:01	40.53920	141.55759	4	0.0	3	2.3	266
14/05/2025	04:30:01	40.53925	141.55766	-2	0.0	3	2.3	272
14/05/2025	04:31:01	40.53919	141.55776	-0	0.0	3	2.3	270
14/05/2025	04:32:00	40.53936	141.55794	-24	7.4	3	2.3	277
14/05/2025	04:33:02	40.53919	141.55778	14	0.0	3	2.3	278
14/05/2025	04:34:01	40.53914	141.55768	6	0.0	3	2.3	255
14/05/2025	04:35:02	40.53914	141.55774	12	0.0	3	2.3	274
14/05/2025	04:36:02	40.53919	141.55768	10	0.0	3	2.3	281
14/05/2025	04:37:01	40.53921	141.55786	10	0.0	3	2.3	285
14/05/2025	04:38:02	40.53917	141.55788	-2	0.0	3	2.3	275
14/05/2025	04:39:01	40.53923	141.55783	4	0.0	3	2.3	245
14/05/2025	04:40:01	40.53919	141.55759	14	0.0	3	2.4	284
14/05/2025	04:41:01	40.53925	141.55744	-0	0.0	3	2.4	270
14/05/2025	04:42:02	40.53924	141.55759	6	0.0	3	2.4	284
14/05/2025	04:43:02	40.53926	141.55761	12	0.0	3	2.4	283
14/05/2025	04:44:03	40.53915	141.55782	6	0.0	3	2.4	284
14/05/2025	04:45:03	40.53925	141.55772	-2	0.0	3	2.4	284
14/05/2025	04:46:02	40.53912	141.55764	24	0.0	3	2.4	276
14/05/2025	04:47:02	40.53925	141.55771	-6	0.0	3	2.4	278
14/05/2025	04:48:02	40.53920	141.55774	12	0.0	3	2.4	282
14/05/2025	04:49:03	40.53923	141.55779	-2	0.0	3	2.4	280
14/05/2025	04:50:02	40.53923	141.55773	16	0.0	3	2.4	278
14/05/2025	04:51:02	40.53916	141.55778	8	0.0	3	2.4	279
14/05/2025	04:52:03	40.53921	141.55779	0	0.0	3	2.4	280
14/05/2025	04:53:03	40.53916	141.55783	6	0.0	3	2.4	280
14/05/2025	04:54:04	40.53912	141.55782	10	0.0	3	2.4	281
14/05/2025	04:55:03	40.53910	141.55785	16	0.0	3	2.4	280
14/05/2025	04:56:05	40.53923	141.55780	4	0.0	3	2.4	274
14/05/2025	04:57:01	40.53929	141.55770	0	0.0	2	3.1	274
14/05/2025	04:58:05	40.53916	141.55775	16	0.0	3	2.4	277
14/05/2025	04:59:01	40.53905	141.55779	18	0.0	2	3.1	217
14/05/2025	05:00:06	40.53921	141.55778	6	0.0	3	2.4	276
14/05/2025	05:01:03	40.53917	141.55793	-0	0.0	2	3.1	245
14/05/2025	05:02:12	40.53921	141.55780	6	0.0	3	2.4	266
14/05/2025	05:03:02	40.53919	141.55778	6	0.0	2	3.2	270
14/05/2025	05:04:18	40.53918	141.55773	8	0.0	3	2.4	266
14/05/2025	05:05:08	40.53923	141.55778	6	0.0	3	2.4	258
14/05/2025	05:06:34	40.53919	141.55771	10	0.0	7	1.0	268
14/05/2025	05:07:01	40.53924	141.55759	22	3.7	5	1.4	249
14/05/2025	05:08:01	40.53915	141.55770	0	0.0	5	1.1	278
14/05/2025	05:09:01	40.53915	141.55783	-0	0.0	6	1.1	278
14/05/2025	05:10:01	40.53923	141.55769	6	3.7	3	2.0	131
14/05/2025	05:11:01	40.53922	141.55772	-18	0.0	4	1.4	263
14/05/2025	05:12:01	40.53920	141.55772	4	0.0	3	2.0	221
14/05/2025	05:13:02	40.53924	141.55774	2	0.0	6	1.0	239
14/05/2025	05:14:00	40.53918	141.55775	4	0.0	5	1.1	217
14/05/2025	05:15:01	40.53912	141.55784	0	0.0	4	2.0	250
14/05/2025	05:16:01	40.53914	141.55769	-14	0.0	4	2.2	242
14/05/2025	05:17:01	40.53922	141.55767	8	0.0	5	1.4	286
14/05/2025	05:18:01	40.53911	141.55758	-8	0.0	3	2.3	242
14/05/2025	05:19:02	40.53919	141.55807	66	3.7	3	2.2	179
14/05/2025	05:20:02	40.53918	141.55776	2	0.0	6	1.1	268
14/05/2025	05:21:01	40.53937	141.55787	6	0.0	4	2.4	268
14/05/2025	05:22:02	40.53917	141.55762	14	0.0	6	1.1	256
14/05/2025	05:23:02	40.53916	141.55768	-4	0.0	4	2.0	215
14/05/2025	05:24:01	40.53925	141.55764	10	0.0	5	1.1	218
14/05/2025	05:25:00	40.53913	141.55774	8	3.7	4	2.1	226
14/05/2025	05:26:01	40.53915	141.55769	-2	0.0	5	1.1	236
14/05/2025	05:27:00	40.53922	141.55778	12	0.0	4	1.2	220
14/05/2025	05:28:00	40.53910	141.55736	2	0.0	3	2.4	210
14/05/2025	05:29:00	40.53918	141.55777	-2	0.0	6	1.0	254
14/05/2025	05:30:00	40.53925	141.55759	-4	3.7	3	2.2	243
14/05/2025	05:31:01	40.53928	141.55765	14	0.0	4	2.1	273
14/05/2025	05:32:01	40.53918	141.55773	-2	3.7	3	2.1	220
14/05/2025	05:33:00	40.53927	141.55768	-8	0.0	3	2.1	235
14/05/2025	05:34:01	40.53916	141.55764	18	0.0	5	1.1	240
14/05/2025	05:35:00	40.53931	141.55766	30	0.0	4	1.2	218
14/05/2025	05:36:00	40.53916	141.55755	14	0.0	5	1.0	232
14/05/2025	05:37:00	40.53896	141.55743	28	0.0	5	2.1	291
14/05/2025	05:38:00	40.53917	141.55766	-12	0.0	4	1.1	249
14/05/2025	05:39:00	40.53927	141.55772	-20	0.0	5	1.1	279
14/05/2025	05:40:00	40.53927	141.55785	-26	0.0	3	1.2	272
14/05/2025	05:41:00	40.53919	141.55758	0	0.0	5	1.1	244
14/05/2025	05:42:02	40.53917	141.55774	20	0.0	3	3.2	184
14/05/2025	05:43:01	40.53928	141.55756	18	0.0	3	2.4	217
14/05/2025	05:44:01	40.53919	141.55779	10	0.0	5	1.1	241
14/05/2025	05:45:00	40.53914	141.55778	32	0.0	4	2.3	234
14/05/2025	05:46:00	40.53892	141.55748	104	7.4	3	2.4	275
14/05/2025	05:47:00	40.53920	141.55765	22	0.0	4	2.0	230
14/05/2025	05:48:01	40.53916	141.55773	14	0.0	5	1.1	243
14/05/2025	05:49:00	40.53922	141.55768	-14	0.0	4	1.4	218
14/05/2025	05:50:00	40.53937	141.55790	-18	0.0	3	2.0	238
14/05/2025	05:51:00	40.53920	141.55761	36	0.0	4	1.4	267
14/05/2025	05:52:00	40.53924	141.55779	-4	0.0	3	1.1	248
14/05/2025	05:53:00	40.53921	141.55781	4	0.0	4	1.4	245
14/05/2025	05:54:01	40.53926	141.55774	-2	0.0	3	2.2	241
14/05/2025	05:55:00	40.53913	141.55773	36	3.7	3	2.2	251
14/05/2025	05:56:01	40.53903	141.55782	36	0.0	4	2.2	271
14/05/2025	05:57:01	40.53913	141.55786	14	0.0	3	2.3	168
14/05/2025	05:58:01	40.53930	141.55758	-6	0.0	4	2.0	203
14/05/2025	05:59:00	40.53913	141.55759	32	0.0	4	1.4	240
14/05/2025	06:00:00	40.53916	141.55762	8	0.0	5	1.0	248
14/05/2025	06:01:00	40.53922	141.55735	30	0.0	4	1.4	270
14/05/2025	06:02:00	40.53925	141.55768	-0	0.0	5	1.1	275
14/05/2025	06:03:00	40.53899	141.55778	74	0.0	4	1.1	222
14/05/2025	06:04:01	40.53921	141.55774	-16	0.0	5	1.0	278
14/05/2025	06:05:01	40.53926	141.55778	-0	0.0	6	1.0	260
14/05/2025	06:06:00	40.53911	141.55759	16	0.0	4	1.1	250
14/05/2025	06:07:01	40.53920	141.55775	4	0.0	4	1.4	262
14/05/2025	06:08:01	40.53930	141.55796	-16	3.7	4	2.1	226
14/05/2025	06:09:01	40.53908	141.55777	2	0.0	5	1.2	255
14/05/2025	06:10:01	40.53923	141.55769	0	0.0	4	1.1	276
14/05/2025	06:11:00	40.53909	141.55759	36	0.0	5	1.3	273
14/05/2025	06:12:00	40.53916	141.55769	4	0.0	4	2.2	266
14/05/2025	06:13:00	40.53921	141.55771	16	0.0	5	1.2	254
14/05/2025	06:14:01	40.53924	141.55782	0	0.0	5	1.1	272
14/05/2025	06:15:01	40.53919	141.55777	8	0.0	5	1.1	228
14/05/2025	06:16:00	40.53932	141.55783	-24	3.7	4	1.4	216
14/05/2025	06:17:00	40.53911	141.55770	24	0.0	4	1.4	224
14/05/2025	06:18:00	40.53917	141.55774	4	0.0	5	1.0	277
14/05/2025	06:19:00	40.53917	141.55781	0	3.7	4	1.4	244
14/05/2025	06:20:01	40.53917	141.55772	8	0.0	5	1.2	271
14/05/2025	06:21:01	40.53928	141.55774	-2	0.0	6	1.2	245
14/05/2025	06:22:00	40.53944	141.55756	14	0.0	4	1.3	214
14/05/2025	06:23:00	40.53925	141.55772	10	0.0	5	1.2	253
14/05/2025	06:24:00	40.53913	141.55778	14	0.0	4	1.3	223
14/05/2025	06:25:00	40.53922	141.55760	28	0.0	4	1.4	231
14/05/2025	06:26:00	40.53918	141.55775	22	0.0	3	1.4	213
14/05/2025	06:27:02	40.53933	141.55721	-4	40.7	3	1.4	212
14/05/2025	06:28:02	40.54115	141.54669	12	55.6	4	1.3	246
14/05/2025	06:29:02	40.54366	141.53441	16	55.6	4	1.4	241
14/05/2025	06:30:01	40.54703	141.52296	-22	55.6	3	1.4	218
14/05/2025	06:31:03	40.54504	141.51324	66	11.1	2	4.1	211
14/05/2025	06:32:02	40.54328	141.50815	0	51.9	3	2.4	242
14/05/2025	06:33:02	40.54189	141.50586	-22	0.0	4	3.2	263
14/05/2025	06:34:02	40.54121	141.50444	4	3.7	3	1.4	203
14/05/2025	06:35:04	40.54135	141.50431	6	0.0	5	1.2	284
14/05/2025	06:36:02	40.54139	141.50442	-8	0.0	5	2.3	271
14/05/2025	06:37:02	40.53984	141.50073	18	0.0	5	1.2	271
14/05/2025	06:38:00	40.54003	141.50073	20	0.0	4	1.4	248
14/05/2025	06:39:00	40.54005	141.50116	-14	0.0	3	2.2	244
14/05/2025	06:40:00	40.54018	141.50153	-4	25.9	3	2.0	220
14/05/2025	06:41:00	40.54129	141.50620	22	25.9	5	1.3	253
14/05/2025	06:42:00	40.54332	141.50954	24	48.2	3	2.0	192
14/05/2025	06:43:00	40.54331	141.51018	-8	0.0	5	1.1	260
14/05/2025	06:44:00	40.54316	141.51009	32	0.0	4	2.0	254
14/05/2025	06:45:01	40.54313	141.51021	16	3.7	3	2.2	268
14/05/2025	06:46:01	40.54312	141.51006	18	0.0	6	2.0	249
14/05/2025	06:47:01	40.54323	141.51016	8	0.0	5	1.1	265
14/05/2025	06:48:00	40.54318	141.51018	2	0.0	3	2.2	273
14/05/2025	06:49:00	40.54344	141.51044	-8	0.0	3	2.1	283
14/05/2025	06:50:01	40.54324	141.51016	2	0.0	6	0.4	279
14/05/2025	06:51:01	40.54322	141.51016	-4	0.0	5	1.1	270
14/05/2025	06:52:01	40.54222	141.51040	24	44.4	3	2.0	257
14/05/2025	06:53:00	40.54179	141.51075	64	22.2	3	2.1	271
14/05/2025	06:54:01	40.53978	141.51661	32	33.3	5	1.3	274
14/05/2025	06:55:01	40.53468	141.51964	42	33.3	4	1.4	267
14/05/2025	06:56:00	40.53212	141.52375	58	29.6	4	2.0	270
14/05/2025	06:57:00	40.52923	141.52748	34	25.9	4	1.4	277
14/05/2025	06:58:00	40.52785	141.53248	18	33.3	3	2.1	157
14/05/2025	06:59:00	40.52847	141.53658	18	29.6	3	2.0	282
14/05/2025	07:00:01	40.52757	141.53902	30	0.0	3	5.0	201
14/05/2025	07:01:05	40.52734	141.53885	-6	0.0	3	5.0	275
14/05/2025	07:02:01	40.52755	141.53900	10	7.4	4	2.0	296
14/05/2025	07:03:00	40.52753	141.53884	4	18.5	4	2.0	244
14/05/2025	07:04:02	40.52772	141.53897	6	11.1	4	2.1	248
14/05/2025	07:05:01	40.52765	141.53886	14	18.5	4	2.1	268
14/05/2025	07:06:01	40.52770	141.53916	12	11.1	3	2.2	271
14/05/2025	07:07:00	40.52757	141.53911	4	18.5	3	2.2	211
14/05/2025	07:08:01	40.52775	141.53889	22	40.7	3	2.2	207
14/05/2025	07:09:02	40.52750	141.53906	12	11.1	4	2.1	261
14/05/2025	07:10:01	40.52743	141.53897	20	37.0	3	2.3	268
14/05/2025	07:11:00	40.52774	141.53892	-20	22.2	3	2.3	269
14/05/2025	07:12:01	40.52756	141.53900	0	14.8	4	2.1	264
14/05/2025	07:13:00	40.52760	141.53900	12	18.5	3	2.3	194
14/05/2025	07:14:02	40.52755	141.53904	2	11.1	3	4.0	225
14/05/2025	07:15:02	40.52753	141.53870	-4	37.0	4	2.1	265
14/05/2025	07:16:02	40.52763	141.53875	10	29.6	3	2.3	272
14/05/2025	07:17:01	40.52743	141.53846	-12	44.4	3	4.0	210
14/05/2025	07:18:01	40.52756	141.53940	32	14.8	3	2.3	294
14/05/2025	07:19:02	40.52748	141.53887	-8	7.4	3	4.0	212
14/05/2025	07:20:01	40.52768	141.53917	10	22.2	3	2.3	273
14/05/2025	07:21:01	40.52775	141.53858	10	18.5	4	2.2	275
14/05/2025	07:22:00	40.52782	141.53846	-0	7.4	3	2.3	301
14/05/2025	07:23:01	40.52816	141.53951	2	3.7	3	2.3	287
14/05/2025	07:24:01	40.52766	141.53880	8	11.1	3	2.3	301
14/05/2025	07:25:05	40.52751	141.53901	-2	14.8	3	2.3	284
14/05/2025	07:26:00	40.52776	141.53910	-6	18.5	3	2.3	250
14/05/2025	07:27:00	40.52782	141.53889	2	25.9	3	2.3	278
14/05/2025	07:28:01	40.52787	141.53986	22	37.0	3	2.3	304
14/05/2025	07:29:02	40.52854	141.53681	16	18.5	3	2.3	288
14/05/2025	07:30:00	40.52751	141.53836	20	33.3	3	2.3	307
14/05/2025	07:31:01	40.52776	141.53895	28	33.3	2	2.4	261
14/05/2025	07:32:06	40.52771	141.53924	18	22.2	3	2.3	291
14/05/2025	07:33:03	40.52776	141.53896	6	40.7	3	2.3	292
14/05/2025	07:34:01	40.52775	141.53910	6	18.5	3	2.3	295
14/05/2025	07:35:00	40.52815	141.54045	4	29.6	3	2.3	275
14/05/2025	07:36:15	40.52747	141.53907	12	3.7	3	2.4	275
14/05/2025	07:37:03	40.52784	141.53911	30	0.0	3	2.4	269
14/05/2025	07:43:53	40.52747	141.53907	14	0.0	3	2.4	300
14/05/2025	07:44:00	40.52749	141.53911	16	0.0	3	2.4	253
14/05/2025	07:45:03	40.52749	141.53905	22	0.0	2	2.4	251
14/05/2025	07:46:06	40.52811	141.53908	8	25.9	3	2.4	279
14/05/2025	07:47:03	40.52933	141.54437	52	33.3	3	2.4	262
14/05/2025	07:48:01	40.52935	141.54453	56	0.0	2	2.4	192
14/05/2025	07:49:01	40.53262	141.54278	56	44.4	2	2.4	301
14/05/2025	07:50:01	40.53647	141.54487	20	25.9	3	2.4	280
14/05/2025	07:51:01	40.53882	141.55023	18	25.9	2	3.0	275
14/05/2025	07:52:04	40.53887	141.55490	8	0.0	2	3.0	244
14/05/2025	07:53:34	40.53900	141.55483	10	0.0	4	1.2	298
14/05/2025	07:54:02	40.53889	141.55534	12	18.5	4	1.2	245
14/05/2025	07:55:01	40.53918	141.55765	28	25.9	4	1.2	222
14/05/2025	07:56:03	40.53917	141.55770	14	0.0	3	2.1	247
14/05/2025	07:57:01	40.53918	141.55775	6	0.0	3	3.1	276
14/05/2025	07:58:01	40.53919	141.55766	4	0.0	3	3.1	239
14/05/2025	07:59:01	40.53933	141.55777	-22	0.0	3	3.1	234
14/05/2025	08:00:01	40.53907	141.55771	24	0.0	3	3.0	222
14/05/2025	08:01:01	40.53912	141.55772	22	0.0	3	3.0	221
14/05/2025	08:02:01	40.53918	141.55776	12	0.0	3	3.0	221
14/05/2025	08:03:01	40.53917	141.55759	18	0.0	3	3.0	217
14/05/2025	08:04:02	40.53928	141.55789	-4	0.0	3	3.0	249
14/05/2025	08:05:01	40.53913	141.55764	22	0.0	3	2.4	250
14/05/2025	08:06:01	40.53902	141.55761	50	0.0	3	2.4	220
14/05/2025	08:07:01	40.53948	141.55782	-52	0.0	3	2.4	221
14/05/2025	08:08:01	40.53923	141.55787	-14	0.0	3	2.4	222
14/05/2025	08:09:01	40.53918	141.55769	18	0.0	3	2.4	224
14/05/2025	08:10:01	40.53899	141.55777	14	0.0	2	3.2	191
14/05/2025	08:11:00	40.53922	141.55795	16	3.7	3	2.4	224
14/05/2025	08:12:02	40.53935	141.55772	-12	0.0	3	2.4	223
14/05/2025	08:13:01	40.53917	141.55762	18	0.0	3	2.4	223
14/05/2025	08:14:01	40.53916	141.55775	32	0.0	3	2.3	190
14/05/2025	08:15:01	40.53914	141.55781	24	0.0	3	2.3	219
14/05/2025	08:16:00	40.53914	141.55747	14	0.0	3	2.3	220
14/05/2025	08:17:01	40.53905	141.55768	34	0.0	3	2.3	220
14/05/2025	08:18:01	40.53920	141.55769	-14	0.0	3	2.3	223
14/05/2025	08:19:01	40.53916	141.55767	0	0.0	3	2.3	224
14/05/2025	08:20:01	40.53931	141.55773	-28	3.7	3	2.3	222
14/05/2025	08:21:01	40.53924	141.55768	-2	3.7	3	2.3	191
14/05/2025	08:22:01	40.53918	141.55773	-4	0.0	3	2.3	188
14/05/2025	08:23:01	40.53915	141.55774	4	0.0	3	2.3	220
14/05/2025	08:24:01	40.53916	141.55787	14	0.0	3	2.3	224
14/05/2025	08:25:01	40.53913	141.55776	28	0.0	3	2.3	222
14/05/2025	08:26:00	40.53911	141.55745	104	3.7	3	2.3	192
14/05/2025	08:27:01	40.53926	141.55771	-10	0.0	3	2.4	258
14/05/2025	08:28:01	40.53920	141.55763	8	0.0	3	2.4	221
14/05/2025	08:29:00	40.53897	141.55763	100	3.7	3	2.4	215
14/05/2025	08:30:01	40.53919	141.55769	8	0.0	3	2.4	217
14/05/2025	08:31:01	40.53922	141.55780	-16	0.0	3	2.4	253
14/05/2025	08:32:01	40.53903	141.55761	-0	0.0	3	2.4	219
14/05/2025	08:33:01	40.53906	141.55776	34	0.0	3	2.4	252
14/05/2025	08:34:01	40.53918	141.55779	18	0.0	3	2.4	218
14/05/2025	08:35:01	40.53913	141.55759	26	0.0	3	2.4	189
14/05/2025	08:36:01	40.53928	141.55761	-40	0.0	3	2.4	254
14/05/2025	08:37:01	40.53907	141.55780	26	0.0	3	2.4	220
14/05/2025	08:38:01	40.53907	141.55772	18	0.0	3	2.4	255
14/05/2025	08:39:02	40.53924	141.55773	-0	0.0	3	3.0	252
14/05/2025	08:40:01	40.53916	141.55772	24	0.0	3	3.0	255
14/05/2025	08:41:02	40.53921	141.55767	10	0.0	3	3.0	256
14/05/2025	08:42:02	40.53922	141.55773	-2	0.0	3	3.0	257
14/05/2025	08:43:02	40.53908	141.55780	42	0.0	3	3.0	254
14/05/2025	08:44:01	40.53932	141.55760	-16	0.0	3	3.0	255
14/05/2025	08:45:02	40.53915	141.55782	44	0.0	3	3.0	255
14/05/2025	08:46:02	40.53912	141.55771	40	0.0	2	2.4	259
14/05/2025	08:47:03	40.53910	141.55757	40	0.0	2	2.4	224
14/05/2025	08:48:01	40.53930	141.55763	-14	0.0	3	3.1	220
14/05/2025	08:49:02	40.53924	141.55754	-4	0.0	3	3.1	219
14/05/2025	08:50:02	40.53916	141.55774	22	0.0	3	3.1	219
14/05/2025	08:51:02	40.53908	141.55786	42	0.0	3	3.1	256
14/05/2025	08:52:02	40.53920	141.55772	4	0.0	3	3.1	224
14/05/2025	08:53:01	40.53927	141.55771	4	0.0	2	2.4	220
14/05/2025	08:54:02	40.53919	141.55769	6	0.0	2	2.4	219
14/05/2025	08:55:03	40.53914	141.55778	8	0.0	2	2.4	253
14/05/2025	08:56:02	40.53908	141.55779	22	0.0	3	3.2	257
14/05/2025	08:57:02	40.53915	141.55770	22	0.0	2	2.3	253
14/05/2025	08:58:02	40.53905	141.55775	42	0.0	3	3.2	270
14/05/2025	08:59:02	40.53927	141.55777	-6	0.0	3	3.2	246
14/05/2025	09:00:02	40.53911	141.55772	32	0.0	3	3.2	275
14/05/2025	09:01:02	40.53924	141.55765	-12	0.0	3	3.2	246
14/05/2025	09:02:04	40.53923	141.55768	4	0.0	3	3.2	280
14/05/2025	09:03:01	40.53922	141.55785	4	0.0	2	2.3	219
14/05/2025	09:04:01	40.53921	141.55775	6	0.0	2	2.3	215
14/05/2025	09:05:02	40.53932	141.55753	-22	0.0	3	3.3	233
14/05/2025	09:06:04	40.53926	141.55767	-2	0.0	3	3.3	268
14/05/2025	09:07:03	40.53931	141.55766	0	0.0	2	2.3	205
14/05/2025	09:08:03	40.53915	141.55764	0	0.0	2	2.3	267
14/05/2025	09:09:01	40.53917	141.55773	2	0.0	2	2.3	245
14/05/2025	09:10:01	40.53913	141.55778	4	0.0	2	2.3	235
14/05/2025	09:11:05	40.53921	141.55774	10	0.0	3	3.3	266
14/05/2025	09:12:03	40.53914	141.55779	52	0.0	3	3.3	239
14/05/2025	09:13:03	40.53899	141.55782	54	0.0	2	2.3	248
14/05/2025	09:14:01	40.53898	141.55779	54	0.0	2	2.3	218
14/05/2025	09:15:02	40.53898	141.55774	52	0.0	2	2.3	217
14/05/2025	09:16:02	40.53906	141.55774	50	0.0	2	2.3	254
14/05/2025	09:17:01	40.53915	141.55768	50	0.0	2	2.3	212
14/05/2025	09:18:04	40.53903	141.55778	48	0.0	2	2.3	243
14/05/2025	09:19:35	40.53921	141.55771	10	0.0	5	1.1	279
14/05/2025	09:20:01	40.53919	141.55770	8	0.0	4	1.2	215
14/05/2025	09:21:00	40.53921	141.55767	30	0.0	4	1.3	208
14/05/2025	09:22:00	40.53913	141.55774	-0	0.0	5	1.1	221
14/05/2025	09:23:00	40.53917	141.55759	0	0.0	4	1.2	212
14/05/2025	09:24:00	40.53909	141.55761	-2	0.0	4	1.2	214
14/05/2025	09:25:00	40.53928	141.55767	30	0.0	4	1.2	188
14/05/2025	09:26:00	40.53905	141.55770	12	0.0	3	1.2	155
14/05/2025	09:27:00	40.53912	141.55790	12	0.0	3	2.1	154
14/05/2025	09:28:00	40.53926	141.55779	10	0.0	4	2.0	184
14/05/2025	09:29:01	40.53920	141.55791	-6	0.0	5	1.1	188
14/05/2025	09:30:00	40.53933	141.55778	20	0.0	5	1.1	188
14/05/2025	09:31:01	40.53914	141.55777	0	0.0	5	1.1	187
14/05/2025	09:32:00	40.53916	141.55772	4	0.0	3	1.2	156
14/05/2025	09:33:01	40.53914	141.55772	36	0.0	4	1.1	191
14/05/2025	09:34:01	40.53913	141.55776	2	0.0	5	1.1	188
14/05/2025	09:34:59	40.53931	141.55768	48	0.0	4	1.1	187
14/05/2025	09:36:00	40.53914	141.55769	10	0.0	4	1.4	185
14/05/2025	09:37:00	40.53914	141.55772	6	0.0	5	1.0	183
14/05/2025	09:38:00	40.53919	141.55763	26	0.0	5	1.0	183
14/05/2025	09:39:00	40.53920	141.55772	6	0.0	4	1.1	187
14/05/2025	09:40:00	40.53919	141.55774	-0	0.0	5	1.0	191
14/05/2025	09:41:00	40.53925	141.55767	32	0.0	5	1.0	193
14/05/2025	09:42:00	40.53919	141.55772	8	0.0	5	1.0	191
14/05/2025	09:43:00	40.53907	141.55778	0	0.0	4	1.1	183
14/05/2025	09:44:00	40.53916	141.55751	-2	0.0	4	1.1	184
14/05/2025	09:45:00	40.53924	141.55765	16	0.0	5	1.0	218
14/05/2025	09:46:00	40.53920	141.55770	10	0.0	5	1.0	184
14/05/2025	09:47:00	40.53919	141.55775	2	0.0	5	1.0	187
14/05/2025	09:48:00	40.53915	141.55783	-22	0.0	4	1.4	185
14/05/2025	09:49:00	40.53916	141.55771	14	0.0	5	1.0	186
14/05/2025	09:50:00	40.53914	141.55774	-0	0.0	5	1.0	183
14/05/2025	09:51:00	40.53918	141.55764	4	0.0	5	1.0	183
14/05/2025	09:52:00	40.53922	141.55771	0	0.0	5	1.0	184
14/05/2025	09:53:00	40.53914	141.55773	6	0.0	5	1.0	182
14/05/2025	09:54:00	40.53909	141.55773	6	0.0	5	1.0	185
14/05/2025	09:55:00	40.53917	141.55767	10	0.0	5	1.0	185
14/05/2025	09:56:00	40.53913	141.55763	10	0.0	5	1.0	184
14/05/2025	09:57:00	40.53925	141.55766	8	0.0	3	1.3	180
14/05/2025	09:58:00	40.53922	141.55773	6	0.0	5	1.0	215
14/05/2025	09:59:00	40.53919	141.55765	4	0.0	5	1.0	181
14/05/2025	10:00:00	40.53921	141.55772	22	0.0	4	1.1	216
14/05/2025	10:01:00	40.53921	141.55777	4	0.0	5	1.0	184
14/05/2025	10:02:00	40.53935	141.55757	50	7.4	3	2.4	183
14/05/2025	10:03:00	40.53921	141.55768	8	0.0	4	1.1	208
14/05/2025	10:04:00	40.53916	141.55772	12	0.0	5	1.0	206
14/05/2025	10:05:00	40.53921	141.55773	6	0.0	3	1.2	210
14/05/2025	10:06:00	40.53931	141.55780	34	0.0	3	1.2	204
14/05/2025	10:07:00	40.53912	141.55781	-2	0.0	3	1.2	177
14/05/2025	10:08:00	40.53922	141.55754	6	0.0	3	1.2	210
14/05/2025	10:09:00	40.53916	141.55760	-4	0.0	3	1.2	184
14/05/2025	10:10:00	40.53870	141.55764	-74	0.0	3	2.2	177
14/05/2025	10:11:00	40.53879	141.55758	-24	7.4	3	2.2	177
14/05/2025	10:12:01	40.53917	141.55759	10	0.0	3	2.1	151
14/05/2025	10:13:01	40.53922	141.55767	22	3.7	3	2.1	150
14/05/2025	10:14:01	40.53928	141.55774	10	0.0	3	1.2	175
14/05/2025	10:15:01	40.53916	141.55770	-8	0.0	3	1.2	178
14/05/2025	10:16:01	40.53921	141.55755	10	0.0	3	2.1	170
14/05/2025	10:17:01	40.53898	141.55762	-6	0.0	3	1.2	127
14/05/2025	10:18:02	40.53921	141.55761	12	0.0	3	1.2	199
14/05/2025	10:19:01	40.53915	141.55765	10	0.0	3	1.2	227
14/05/2025	10:20:01	40.53911	141.55769	0	0.0	3	1.1	257
14/05/2025	10:21:01	40.53914	141.55769	-6	0.0	3	1.1	200
14/05/2025	10:22:00	40.53910	141.55762	-8	0.0	3	1.1	182
14/05/2025	10:23:00	40.53927	141.55777	2	0.0	3	2.0	156
14/05/2025	10:24:01	40.53909	141.55770	6	0.0	3	1.1	226
14/05/2025	10:25:00	40.53897	141.55781	-2	0.0	3	2.0	183
14/05/2025	10:26:00	40.53927	141.55763	34	0.0	3	1.4	182
14/05/2025	10:27:01	40.53919	141.55770	10	0.0	3	1.1	209
14/05/2025	10:28:01	40.53912	141.55769	6	0.0	3	1.1	211
14/05/2025	10:29:01	40.53913	141.55773	30	0.0	3	1.1	210
14/05/2025	10:30:01	40.53909	141.55766	-4	0.0	3	1.1	190
14/05/2025	10:31:00	40.53916	141.55773	10	0.0	3	1.1	188
14/05/2025	10:32:01	40.53911	141.55763	-2	0.0	3	1.1	188
14/05/2025	10:33:01	40.53924	141.55772	32	0.0	3	1.1	187
14/05/2025	10:34:00	40.53902	141.55754	-14	0.0	3	1.3	182
14/05/2025	10:35:01	40.53917	141.55766	18	0.0	3	1.1	179
14/05/2025	10:36:01	40.53917	141.55773	6	0.0	3	1.1	179
14/05/2025	10:37:00	40.53931	141.55772	12	0.0	3	1.3	181
14/05/2025	10:38:00	40.53921	141.55776	14	0.0	3	1.1	179
14/05/2025	10:39:02	40.53914	141.55770	2	0.0	3	1.1	186
14/05/2025	10:40:01	40.53915	141.55774	-0	0.0	3	1.1	190
14/05/2025	10:41:01	40.53915	141.55764	4	0.0	3	1.1	221
14/05/2025	10:42:01	40.53915	141.55769	12	0.0	3	1.1	219
14/05/2025	10:43:01	40.53913	141.55774	6	0.0	3	1.1	187
14/05/2025	10:44:02	40.53917	141.55766	26	0.0	3	1.1	185
14/05/2025	10:45:03	40.53915	141.55770	22	0.0	3	1.1	231
14/05/2025	10:46:02	40.53918	141.55767	8	0.0	3	1.1	214
14/05/2025	10:47:02	40.53911	141.55768	28	0.0	2	1.3	219
14/05/2025	10:48:03	40.53915	141.55771	22	0.0	3	1.1	181
14/05/2025	10:49:03	40.53914	141.55769	18	0.0	2	1.3	185
14/05/2025	10:50:03	40.53914	141.55765	14	0.0	2	1.3	179
14/05/2025	10:51:03	40.53916	141.55769	12	0.0	2	1.3	223
14/05/2025	10:52:03	40.53911	141.55765	24	0.0	2	1.3	239
14/05/2025	10:53:03	40.53908	141.55763	34	0.0	2	1.3	236
14/05/2025	10:54:03	40.53921	141.55774	-0	0.0	2	1.3	188
14/05/2025	10:55:03	40.53920	141.55771	-0	0.0	2	1.3	227
14/05/2025	10:56:03	40.53918	141.55770	20	0.0	2	1.3	194
14/05/2025	10:57:03	40.53918	141.55771	14	0.0	2	1.3	199
14/05/2025	10:58:03	40.53914	141.55770	20	0.0	2	1.3	248
14/05/2025	10:59:03	40.53918	141.55771	22	0.0	2	1.2	224
14/05/2025	11:00:04	40.53915	141.55768	22	0.0	2	2.1	180
14/05/2025	11:01:02	40.53916	141.55765	24	0.0	2	2.1	181
14/05/2025	11:02:04	40.53914	141.55764	24	0.0	2	2.1	217
14/05/2025	11:03:04	40.53915	141.55770	22	0.0	2	2.0	215
14/05/2025	11:04:05	40.53915	141.55767	24	0.0	2	2.0	183
14/05/2025	11:05:05	40.53910	141.55767	28	0.0	2	2.0	215
14/05/2025	11:06:35	40.53917	141.55771	14	0.0	4	1.0	245
14/05/2025	11:07:02	40.53919	141.55770	-14	0.0	4	1.0	214
14/05/2025	11:08:02	40.53918	141.55771	2	0.0	4	1.0	181
14/05/2025	11:09:01	40.53915	141.55764	2	0.0	4	1.0	219
14/05/2025	11:10:01	40.53926	141.55761	44	0.0	4	1.0	219
14/05/2025	11:11:01	40.53916	141.55770	8	0.0	3	1.3	183
14/05/2025	11:12:01	40.53914	141.55769	24	0.0	4	1.0	186
14/05/2025	11:13:01	40.53914	141.55768	10	0.0	4	1.0	185
14/05/2025	11:14:00	40.53932	141.55771	20	0.0	3	1.3	187
14/05/2025	11:15:00	40.53913	141.55786	-6	0.0	3	1.4	185
14/05/2025	11:16:00	40.53917	141.55774	34	0.0	3	1.4	187
14/05/2025	11:17:01	40.53913	141.55772	22	0.0	4	1.0	184
14/05/2025	11:18:00	40.53906	141.55789	-40	0.0	3	1.4	185
14/05/2025	11:19:01	40.53922	141.55772	22	0.0	4	1.0	186
14/05/2025	11:20:00	40.53910	141.55784	-16	3.7	3	1.2	159
14/05/2025	11:21:00	40.53921	141.55746	80	0.0	3	1.3	186
14/05/2025	11:22:01	40.53911	141.55780	-10	0.0	3	1.2	183
14/05/2025	11:23:01	40.53917	141.55770	20	0.0	3	1.2	158
14/05/2025	11:24:00	40.53926	141.55776	12	3.7	3	1.2	160
14/05/2025	11:25:00	40.53931	141.55769	8	0.0	3	1.2	187
14/05/2025	11:26:00	40.53918	141.55765	-4	0.0	3	1.4	166
14/05/2025	11:27:00	40.53929	141.55783	-34	0.0	3	1.4	157
14/05/2025	11:28:01	40.53928	141.55771	-2	0.0	3	1.2	188
14/05/2025	11:29:01	40.53918	141.55768	-12	0.0	3	2.0	188
14/05/2025	11:30:02	40.53910	141.55774	6	0.0	3	1.2	222
14/05/2025	11:31:01	40.53919	141.55762	22	0.0	3	1.2	184
14/05/2025	11:32:01	40.53916	141.55774	16	0.0	3	1.2	226
14/05/2025	11:33:00	40.53932	141.55769	52	3.7	3	2.0	199
14/05/2025	11:34:01	40.53917	141.55760	54	0.0	3	1.2	189
14/05/2025	11:35:01	40.53917	141.55770	4	0.0	3	1.2	165
14/05/2025	11:36:01	40.53911	141.55767	12	0.0	3	1.1	221
14/05/2025	11:37:01	40.53921	141.55770	22	0.0	3	1.1	192
14/05/2025	11:38:00	40.53917	141.55775	10	0.0	3	1.1	187
14/05/2025	11:39:00	40.53920	141.55754	92	0.0	3	1.1	163
14/05/2025	11:40:01	40.53920	141.55788	-50	0.0	3	1.1	220
14/05/2025	11:41:02	40.53918	141.55773	18	0.0	3	1.1	185
14/05/2025	11:42:01	40.53918	141.55765	16	0.0	4	1.0	188
14/05/2025	11:43:00	40.53913	141.55766	16	0.0	3	1.1	160
14/05/2025	11:44:00	40.53908	141.55772	-26	0.0	3	2.0	159
14/05/2025	11:45:00	40.53930	141.55762	-14	0.0	3	1.1	188
14/05/2025	11:46:01	40.53907	141.55774	-10	0.0	3	1.1	183
14/05/2025	11:47:01	40.53911	141.55771	14	0.0	3	1.1	162
14/05/2025	11:48:00	40.53909	141.55767	-38	0.0	3	1.1	197
14/05/2025	11:49:01	40.53907	141.55772	-6	0.0	3	1.1	217
14/05/2025	11:50:01	40.53915	141.55772	30	0.0	3	1.1	187
14/05/2025	11:51:01	40.53920	141.55761	32	0.0	3	1.1	190
14/05/2025	11:52:01	40.53917	141.55768	34	0.0	3	1.1	223
14/05/2025	11:53:00	40.53908	141.55773	-60	0.0	3	2.0	189
14/05/2025	11:54:00	40.53911	141.55782	44	0.0	3	2.0	189
14/05/2025	11:55:00	40.53916	141.55767	-4	7.4	3	2.1	186
14/05/2025	11:56:00	40.53911	141.55780	-20	0.0	3	2.0	190
14/05/2025	11:57:00	40.53905	141.55747	-50	0.0	3	2.0	187
14/05/2025	11:58:02	40.53911	141.55776	-0	0.0	3	1.1	191
14/05/2025	11:59:00	40.53901	141.55781	-62	0.0	3	2.0	194
14/05/2025	12:00:00	40.53928	141.55757	12	0.0	3	2.0	188
14/05/2025	12:01:00	40.53902	141.55786	12	3.7	3	2.0	192
14/05/2025	12:02:01	40.53922	141.55766	-8	0.0	3	1.1	192
14/05/2025	12:03:00	40.53902	141.55770	-16	0.0	3	2.0	191
14/05/2025	12:04:00	40.53908	141.55768	-22	0.0	3	2.0	190
14/05/2025	12:05:00	40.53909	141.55779	10	0.0	3	2.0	193
14/05/2025	12:06:01	40.53914	141.55775	-4	0.0	3	2.0	219
14/05/2025	12:07:00	40.53912	141.55766	20	0.0	3	2.0	188
14/05/2025	12:08:01	40.53914	141.55776	14	0.0	3	1.2	191
14/05/2025	12:09:00	40.53908	141.55776	12	0.0	3	1.2	195
14/05/2025	12:10:02	40.53914	141.55768	0	0.0	3	1.2	185
14/05/2025	12:11:01	40.53915	141.55772	12	0.0	3	1.2	187
14/05/2025	12:12:00	40.53908	141.55790	4	3.7	3	2.0	190
14/05/2025	12:13:00	40.53923	141.55774	12	0.0	3	1.2	188
14/05/2025	12:14:01	40.53921	141.55775	10	0.0	3	1.2	225
14/05/2025	12:15:01	40.53920	141.55773	-0	0.0	3	1.2	189
14/05/2025	12:16:00	40.53918	141.55774	16	0.0	3	1.2	191
14/05/2025	12:17:01	40.53918	141.55764	0	0.0	3	1.2	190
14/05/2025	12:18:01	40.53918	141.55775	26	0.0	3	1.2	193
14/05/2025	12:19:00	40.53912	141.55753	12	0.0	3	1.2	189
14/05/2025	12:20:00	40.53949	141.55745	-30	0.0	3	2.0	216
14/05/2025	12:21:01	40.53919	141.55767	-2	0.0	3	1.2	223
14/05/2025	12:22:01	40.53918	141.55773	0	0.0	3	1.2	187
14/05/2025	12:23:01	40.53912	141.55777	22	0.0	3	1.3	221
14/05/2025	12:24:00	40.53912	141.55786	4	0.0	3	2.1	159
14/05/2025	12:25:01	40.53917	141.55778	18	0.0	3	1.3	242
14/05/2025	12:26:01	40.53924	141.55779	0	0.0	3	1.3	182
14/05/2025	12:27:00	40.53914	141.55757	24	0.0	3	2.1	159
14/05/2025	12:28:00	40.53878	141.55781	26	7.4	3	2.2	212
14/05/2025	12:29:00	40.53938	141.55770	26	0.0	3	2.1	186
14/05/2025	12:30:00	40.53911	141.55754	-4	0.0	3	1.3	160
14/05/2025	12:31:01	40.53914	141.55771	12	0.0	3	1.3	208
14/05/2025	12:32:00	40.53929	141.55772	12	0.0	3	2.2	189
14/05/2025	12:33:00	40.53911	141.55778	26	0.0	3	1.3	163
14/05/2025	12:34:00	40.53904	141.55768	-2	0.0	3	2.2	191
14/05/2025	12:35:00	40.53941	141.55762	-20	0.0	3	2.0	160
14/05/2025	12:36:00	40.53882	141.55784	40	0.0	3	2.2	187
14/05/2025	12:37:01	40.53926	141.55778	-6	0.0	3	1.4	187
14/05/2025	12:38:00	40.53920	141.55777	42	0.0	3	2.3	184
14/05/2025	12:39:00	40.53936	141.55765	2	0.0	3	2.3	190
14/05/2025	12:40:00	40.53901	141.55776	20	0.0	3	1.4	188
14/05/2025	12:41:00	40.53906	141.55770	22	0.0	3	2.4	188
14/05/2025	12:42:01	40.53923	141.55765	10	0.0	3	1.4	243
14/05/2025	12:43:00	40.53914	141.55766	-4	0.0	3	1.4	190
14/05/2025	12:44:01	40.53926	141.55762	-2	0.0	3	2.0	188
14/05/2025	12:45:01	40.53917	141.55770	8	0.0	3	2.0	187
14/05/2025	12:46:01	40.53913	141.55775	2	0.0	3	2.0	224
14/05/2025	12:47:01	40.53908	141.55773	20	0.0	3	2.0	191
14/05/2025	12:48:01	40.53924	141.55765	4	0.0	3	2.0	187
14/05/2025	12:49:01	40.53930	141.55768	-0	0.0	3	2.0	220
14/05/2025	12:50:01	40.53924	141.55762	-4	0.0	3	2.0	181
14/05/2025	12:51:01	40.53899	141.55781	22	0.0	3	2.0	244
14/05/2025	12:52:01	40.53929	141.55762	-0	0.0	3	2.1	188
14/05/2025	12:53:01	40.53915	141.55772	14	0.0	3	2.1	187
14/05/2025	12:54:01	40.53912	141.55776	18	0.0	3	2.1	187
14/05/2025	12:55:01	40.53906	141.55773	22	0.0	3	2.1	188
14/05/2025	12:56:01	40.53913	141.55770	18	0.0	3	2.1	189
14/05/2025	12:57:01	40.53903	141.55777	22	0.0	3	2.1	215
14/05/2025	12:58:01	40.53913	141.55778	12	0.0	3	2.1	189
14/05/2025	12:59:01	40.53913	141.55771	8	0.0	3	2.1	188
14/05/2025	13:00:02	40.53909	141.55778	8	0.0	3	9.4	186
14/05/2025	13:01:02	40.53953	141.55750	-14	0.0	3	10.4	209
14/05/2025	13:02:03	40.53920	141.55765	8	0.0	3	12.0	208
14/05/2025	13:03:03	40.53878	141.55783	40	0.0	3	13.3	206
14/05/2025	13:04:03	40.53928	141.55761	2	0.0	3	15.2	210
14/05/2025	13:05:03	40.53879	141.55796	38	3.7	3	18.0	209
14/05/2025	13:06:03	40.54005	141.55742	-60	0.0	3	21.3	209
14/05/2025	13:07:35	40.53917	141.55771	10	0.0	5	1.0	243
14/05/2025	13:08:00	40.53908	141.55767	12	0.0	3	2.2	246
14/05/2025	13:09:00	40.53898	141.55743	48	0.0	3	2.2	195
14/05/2025	13:10:01	40.53914	141.55757	16	0.0	3	2.1	241
14/05/2025	13:11:01	40.53925	141.55786	2	0.0	4	1.3	243
14/05/2025	13:12:01	40.53913	141.55770	18	0.0	4	1.3	238
14/05/2025	13:13:01	40.53914	141.55772	18	0.0	3	2.1	240
14/05/2025	13:14:01	40.53920	141.55770	2	0.0	3	2.1	240
14/05/2025	13:15:01	40.53917	141.55773	10	0.0	3	2.1	235
14/05/2025	13:16:00	40.53902	141.55735	28	0.0	3	2.4	217
14/05/2025	13:17:01	40.53917	141.55769	4	0.0	3	2.4	241
14/05/2025	13:18:00	40.53928	141.55787	6	0.0	3	2.4	217
14/05/2025	13:19:00	40.53920	141.55782	24	0.0	3	2.3	193
14/05/2025	13:20:00	40.53913	141.55757	10	0.0	3	2.3	194
14/05/2025	13:21:00	40.53931	141.55772	-10	0.0	3	2.3	225
14/05/2025	13:22:01	40.53926	141.55788	-10	0.0	4	1.4	223
14/05/2025	13:23:01	40.53915	141.55770	18	0.0	3	2.0	191
14/05/2025	13:24:00	40.53922	141.55767	14	3.7	3	2.2	224
14/05/2025	13:25:00	40.53920	141.55771	20	0.0	3	2.2	222
14/05/2025	13:26:00	40.53906	141.55740	24	0.0	3	2.1	197
14/05/2025	13:27:01	40.53915	141.55769	30	0.0	3	2.1	226
14/05/2025	13:28:00	40.53918	141.55767	46	0.0	3	2.1	221
14/05/2025	13:29:00	40.53930	141.55794	-8	0.0	3	2.1	200
14/05/2025	13:30:00	40.53918	141.55774	14	0.0	3	2.1	199
14/05/2025	13:31:01	40.53917	141.55773	26	0.0	3	2.1	225
14/05/2025	13:32:00	40.53914	141.55772	42	0.0	3	2.0	221
14/05/2025	13:33:01	40.53917	141.55769	18	0.0	3	2.0	222
14/05/2025	13:34:00	40.53907	141.55754	8	0.0	3	2.0	203
14/05/2025	13:35:01	40.53913	141.55770	26	0.0	3	2.0	248
14/05/2025	13:36:00	40.53916	141.55781	-2	0.0	3	2.0	202
14/05/2025	13:37:00	40.53923	141.55764	10	0.0	3	2.0	202
14/05/2025	13:38:00	40.53927	141.55771	-24	0.0	3	1.4	230
14/05/2025	13:39:00	40.53933	141.55784	2	0.0	3	2.0	199
14/05/2025	13:40:01	40.53917	141.55767	10	0.0	3	1.4	250
14/05/2025	13:41:00	40.53921	141.55777	-14	0.0	3	1.4	203
14/05/2025	13:42:01	40.53917	141.55770	14	0.0	3	1.4	243
14/05/2025	13:43:01	40.53916	141.55767	16	0.0	3	1.4	251
14/05/2025	13:44:00	40.53922	141.55782	-8	0.0	3	1.4	198
14/05/2025	13:45:00	40.53925	141.55782	20	0.0	3	1.4	196
14/05/2025	13:46:00	40.53918	141.55770	8	0.0	3	1.4	219
14/05/2025	13:47:00	40.53923	141.55777	-16	0.0	3	1.4	221
14/05/2025	13:48:00	40.53919	141.55767	18	0.0	3	1.4	222
14/05/2025	13:49:01	40.53922	141.55766	-4	0.0	3	1.3	223
14/05/2025	13:50:00	40.53918	141.55768	48	3.7	3	1.4	228
14/05/2025	13:51:00	40.53911	141.55779	-36	0.0	3	1.4	222
14/05/2025	13:52:00	40.53913	141.55773	42	0.0	3	1.4	224
14/05/2025	13:53:01	40.53914	141.55771	22	0.0	3	1.3	226
14/05/2025	13:54:00	40.53915	141.55778	14	0.0	3	1.4	222
14/05/2025	13:55:01	40.53920	141.55781	12	0.0	3	1.3	229
14/05/2025	13:56:01	40.53928	141.55767	-0	0.0	3	1.3	225
14/05/2025	13:57:01	40.53921	141.55773	-6	0.0	3	1.3	222
14/05/2025	13:58:00	40.53910	141.55770	-28	0.0	3	1.4	225
14/05/2025	13:59:00	40.53919	141.55796	-88	0.0	3	1.3	225
14/05/2025	14:00:01	40.53918	141.55770	-2	0.0	3	1.3	226
14/05/2025	14:01:00	40.53917	141.55767	18	0.0	3	1.3	196
14/05/2025	14:02:00	40.53919	141.55761	46	0.0	3	1.3	228
14/05/2025	14:03:01	40.53914	141.55765	28	0.0	3	1.3	228
14/05/2025	14:04:01	40.53924	141.55780	-4	0.0	3	1.3	201
14/05/2025	14:05:00	40.53914	141.55777	74	0.0	3	1.4	227
14/05/2025	14:06:01	40.53924	141.55773	24	0.0	3	1.3	228
14/05/2025	14:07:02	40.53917	141.55770	4	0.0	3	1.3	229
14/05/2025	14:08:00	40.53908	141.55768	42	0.0	3	1.4	229
14/05/2025	14:09:00	40.53920	141.55779	2	0.0	3	1.2	224
14/05/2025	14:10:00	40.53926	141.55769	30	0.0	3	1.2	227
14/05/2025	14:11:01	40.53912	141.55765	4	0.0	3	1.2	228
14/05/2025	14:12:00	40.53919	141.55774	36	0.0	3	1.4	224
14/05/2025	14:13:01	40.53913	141.55771	18	0.0	3	1.2	249
14/05/2025	14:14:00	40.53914	141.55775	-12	0.0	3	1.2	218
14/05/2025	14:15:01	40.53921	141.55773	14	0.0	3	1.2	226
14/05/2025	14:16:00	40.53915	141.55769	54	0.0	3	1.2	224
14/05/2025	14:17:00	40.53917	141.55771	-0	0.0	3	1.2	211
14/05/2025	14:18:00	40.53919	141.55767	70	0.0	3	1.2	221
14/05/2025	14:19:00	40.53924	141.55765	0	0.0	3	1.2	223
14/05/2025	14:20:01	40.53917	141.55778	38	0.0	3	1.2	224
14/05/2025	14:21:01	40.53918	141.55773	20	0.0	3	1.2	223
14/05/2025	14:22:00	40.53919	141.55770	-12	0.0	3	1.2	193
14/05/2025	14:23:01	40.53919	141.55772	30	0.0	3	1.2	221
14/05/2025	14:24:00	40.53917	141.55779	-26	0.0	3	1.2	196
14/05/2025	14:25:00	40.53915	141.55772	34	0.0	3	1.4	201
14/05/2025	14:26:00	40.53922	141.55769	18	0.0	3	1.2	221
14/05/2025	14:27:00	40.53926	141.55762	16	0.0	3	1.2	199
14/05/2025	14:28:00	40.53925	141.55777	4	0.0	3	1.4	224
14/05/2025	14:29:02	40.53917	141.55770	2	0.0	3	1.2	269
14/05/2025	14:30:00	40.53919	141.55783	52	0.0	3	1.2	226
14/05/2025	14:31:00	40.53914	141.55763	18	3.7	3	1.3	200
14/05/2025	14:32:01	40.53926	141.55772	-6	0.0	3	1.3	273
14/05/2025	14:33:01	40.53911	141.55778	22	0.0	3	1.3	251
14/05/2025	14:34:00	40.53903	141.55762	12	0.0	3	1.3	201
14/05/2025	14:35:00	40.53924	141.55778	-46	3.7	3	1.3	218
14/05/2025	14:36:01	40.53913	141.55779	-28	0.0	3	1.3	195
14/05/2025	14:37:01	40.53904	141.55768	84	0.0	2	1.3	214
14/05/2025	14:38:01	40.53913	141.55779	-2	0.0	3	1.3	250
14/05/2025	14:39:01	40.53904	141.55774	-12	0.0	2	1.3	216
14/05/2025	14:40:01	40.53912	141.55769	16	0.0	2	1.3	216
14/05/2025	14:41:01	40.53923	141.55773	-0	0.0	3	1.3	221
14/05/2025	14:42:01	40.53910	141.55769	12	0.0	3	1.3	199
14/05/2025	14:43:01	40.53909	141.55785	4	0.0	3	1.3	197
14/05/2025	14:44:01	40.53923	141.55768	-6	0.0	3	1.3	226
14/05/2025	14:45:01	40.53907	141.55771	20	0.0	3	1.3	199
14/05/2025	14:46:01	40.53914	141.55773	-8	0.0	3	1.3	226
14/05/2025	14:47:01	40.53921	141.55772	38	0.0	3	1.3	226
14/05/2025	14:48:01	40.53912	141.55768	6	0.0	3	1.3	228
14/05/2025	14:49:00	40.53920	141.55763	-2	0.0	3	1.3	221
14/05/2025	14:50:00	40.53919	141.55777	-2	0.0	3	2.0	224
14/05/2025	14:51:01	40.53910	141.55773	20	0.0	3	1.3	228
14/05/2025	14:52:00	40.53924	141.55765	22	0.0	3	1.3	225
14/05/2025	14:53:00	40.53918	141.55772	12	0.0	3	1.3	228
14/05/2025	14:54:00	40.53930	141.55767	-14	0.0	3	2.0	228
14/05/2025	14:55:00	40.53909	141.55781	6	0.0	3	2.0	164
14/05/2025	14:56:00	40.53914	141.55770	-6	0.0	3	1.3	231
14/05/2025	14:57:01	40.53915	141.55777	14	0.0	3	1.4	229
14/05/2025	14:58:01	40.53918	141.55772	2	0.0	3	1.4	228
14/05/2025	14:59:02	40.53918	141.55774	-6	0.0	3	1.4	231
14/05/2025	15:00:00	40.53908	141.55772	12	0.0	3	2.2	197
14/05/2025	15:01:00	40.53919	141.55775	40	0.0	3	2.2	222
14/05/2025	15:02:00	40.53900	141.55769	38	0.0	3	2.2	230
14/05/2025	15:03:01	40.53928	141.55765	34	0.0	3	2.3	229
14/05/2025	15:04:01	40.53922	141.55772	20	3.7	3	2.3	233
14/05/2025	15:05:00	40.53914	141.55785	80	3.7	3	2.3	165
14/05/2025	15:06:02	40.53922	141.55775	-2	0.0	3	2.3	226
14/05/2025	15:07:00	40.53928	141.55773	32	0.0	3	2.4	199
14/05/2025	15:08:01	40.53925	141.55766	10	0.0	3	2.4	234
14/05/2025	15:09:00	40.53934	141.55751	-12	0.0	3	2.4	229
14/05/2025	15:10:01	40.53897	141.55788	44	3.7	3	2.4	195
14/05/2025	15:11:02	40.53931	141.55771	-8	3.7	3	3.0	233
14/05/2025	15:12:01	40.53909	141.55782	28	0.0	3	3.0	231
14/05/2025	15:13:01	40.53927	141.55761	-14	0.0	3	3.0	253
14/05/2025	15:14:01	40.53910	141.55779	10	0.0	3	3.1	228
14/05/2025	15:15:02	40.53911	141.55774	34	0.0	3	3.1	229
14/05/2025	15:16:01	40.53901	141.55785	40	0.0	3	3.1	228
14/05/2025	15:17:02	40.53931	141.55765	6	0.0	3	3.2	227
14/05/2025	15:18:02	40.53936	141.55762	-24	0.0	3	3.2	225
14/05/2025	15:19:04	40.53911	141.55775	24	0.0	3	3.3	221
14/05/2025	15:20:03	40.53898	141.55786	40	0.0	3	3.3	225
14/05/2025	15:21:03	40.53917	141.55770	12	0.0	3	3.4	227
14/05/2025	15:22:03	40.53895	141.55788	24	0.0	3	3.4	217
14/05/2025	15:23:07	40.53943	141.55757	-6	7.4	3	4.0	218
14/05/2025	15:24:35	40.53918	141.55773	2	0.0	5	1.1	218
14/05/2025	15:25:00	40.53907	141.55773	20	0.0	4	1.3	197
14/05/2025	15:26:00	40.53929	141.55745	20	0.0	3	1.4	200
14/05/2025	15:27:00	40.53917	141.55775	4	0.0	5	1.1	203
14/05/2025	15:27:59	40.53920	141.55768	-14	0.0	4	2.0	195
14/05/2025	15:29:00	40.53919	141.55774	14	0.0	5	1.1	201
14/05/2025	15:29:59	40.53914	141.55759	36	3.7	4	2.0	197
14/05/2025	15:31:00	40.53919	141.55776	2	0.0	5	1.3	200
14/05/2025	15:32:00	40.53923	141.55756	-4	0.0	4	1.2	202
14/05/2025	15:33:00	40.53935	141.55770	-10	0.0	4	1.3	195
14/05/2025	15:34:01	40.53921	141.55782	-16	0.0	4	1.3	200
14/05/2025	15:35:00	40.53913	141.55786	-8	0.0	4	1.3	200
14/05/2025	15:36:01	40.53916	141.55760	22	0.0	4	1.3	197
14/05/2025	15:37:00	40.53914	141.55772	6	0.0	4	1.3	196
14/05/2025	15:38:00	40.53930	141.55771	2	0.0	3	1.4	222
14/05/2025	15:39:00	40.53922	141.55770	2	3.7	4	2.0	201
14/05/2025	15:40:01	40.53919	141.55765	32	0.0	4	1.2	196
14/05/2025	15:41:00	40.53913	141.55774	20	0.0	4	1.2	219
14/05/2025	15:42:00	40.53918	141.55773	16	0.0	4	1.2	199
14/05/2025	15:43:00	40.53910	141.55766	16	0.0	4	1.2	221
14/05/2025	15:44:01	40.53925	141.55770	-8	0.0	4	1.2	224
14/05/2025	15:45:01	40.53921	141.55778	18	0.0	4	1.2	221
14/05/2025	15:46:00	40.53927	141.55765	30	0.0	4	1.2	189
14/05/2025	15:47:00	40.53915	141.55767	54	0.0	4	1.2	194
14/05/2025	15:48:01	40.53913	141.55771	-2	0.0	4	1.2	216
14/05/2025	15:49:01	40.53919	141.55772	26	0.0	4	1.2	216
14/05/2025	15:50:00	40.53927	141.55772	16	0.0	3	1.2	161
14/05/2025	15:51:01	40.53929	141.55764	6	0.0	4	1.2	224
14/05/2025	15:52:01	40.53918	141.55777	12	0.0	4	1.2	172
14/05/2025	15:53:01	40.53918	141.55775	10	0.0	4	1.2	224
14/05/2025	15:54:01	40.53909	141.55766	14	0.0	4	1.2	245
14/05/2025	15:55:01	40.53921	141.55771	8	0.0	4	1.2	246
14/05/2025	15:56:01	40.53912	141.55769	-4	0.0	4	1.2	195
14/05/2025	15:57:01	40.53920	141.55777	-2	0.0	4	1.2	223
14/05/2025	15:58:01	40.53919	141.55774	0	3.7	4	1.2	170
14/05/2025	15:59:01	40.53936	141.55765	6	0.0	4	1.4	171
14/05/2025	16:00:01	40.53928	141.55763	2	0.0	4	1.2	172
14/05/2025	16:01:01	40.53927	141.55780	-10	0.0	4	1.2	229
14/05/2025	16:02:01	40.53927	141.55766	4	0.0	4	1.2	228
14/05/2025	16:03:01	40.53919	141.55773	22	0.0	4	1.2	254
14/05/2025	16:04:01	40.53892	141.55784	12	0.0	3	1.3	164
14/05/2025	16:05:01	40.53913	141.55774	8	0.0	4	1.2	218
14/05/2025	16:06:01	40.53917	141.55776	8	0.0	4	1.2	222
14/05/2025	16:07:01	40.53928	141.55769	4	0.0	4	1.2	257
14/05/2025	16:08:01	40.53933	141.55761	6	0.0	4	1.4	192
14/05/2025	16:09:01	40.53926	141.55766	12	0.0	4	1.2	231
14/05/2025	16:10:01	40.53914	141.55769	14	0.0	4	1.2	259
14/05/2025	16:11:01	40.53918	141.55762	22	0.0	4	1.2	231
14/05/2025	16:12:01	40.53912	141.55781	30	0.0	3	1.2	227
14/05/2025	16:13:01	40.53907	141.55777	24	3.7	4	1.4	228
14/05/2025	16:14:01	40.53900	141.55798	18	0.0	4	1.2	229
14/05/2025	16:15:01	40.53904	141.55773	6	3.7	4	1.4	224
14/05/2025	16:16:01	40.53918	141.55774	8	0.0	4	1.2	223
14/05/2025	16:17:01	40.53944	141.55779	42	0.0	3	1.3	225
14/05/2025	16:18:01	40.53922	141.55768	8	0.0	4	1.2	258
14/05/2025	16:19:01	40.53924	141.55765	-2	0.0	4	1.2	226
14/05/2025	16:20:01	40.53913	141.55767	6	0.0	4	1.4	221
14/05/2025	16:21:00	40.53905	141.55783	-8	0.0	3	1.4	225
14/05/2025	16:22:00	40.53897	141.55797	44	3.7	3	1.4	227
14/05/2025	16:23:00	40.53920	141.55767	16	0.0	4	1.2	250
14/05/2025	16:24:00	40.53908	141.55786	22	0.0	4	1.2	229
14/05/2025	16:25:00	40.53926	141.55786	24	0.0	4	1.4	253
14/05/2025	16:26:01	40.53918	141.55774	8	0.0	4	1.2	253
14/05/2025	16:27:01	40.53926	141.55759	2	0.0	4	1.2	282
14/05/2025	16:28:00	40.53919	141.55776	6	0.0	4	1.2	283
14/05/2025	16:29:00	40.53922	141.55780	38	0.0	4	1.2	228
14/05/2025	16:30:00	40.53932	141.55771	38	3.7	4	1.2	203
14/05/2025	16:31:00	40.53910	141.55769	-18	0.0	3	1.4	262
14/05/2025	16:32:00	40.53921	141.55775	24	0.0	3	1.4	256
14/05/2025	16:33:01	40.53914	141.55781	22	0.0	4	1.2	287
14/05/2025	16:34:00	40.53906	141.55773	4	0.0	4	1.2	284
14/05/2025	16:35:00	40.53912	141.55762	8	0.0	3	2.0	282
14/05/2025	16:36:00	40.53922	141.55764	12	0.0	4	1.3	283
14/05/2025	16:37:00	40.53913	141.55774	24	0.0	4	1.3	258
14/05/2025	16:38:00	40.53907	141.55778	10	0.0	4	1.3	281
14/05/2025	16:39:00	40.53909	141.55768	0	3.7	3	2.0	250
14/05/2025	16:40:00	40.54011	141.55870	6	33.3	3	2.0	228
14/05/2025	16:41:01	40.54452	141.56450	64	40.7	3	2.0	248
14/05/2025	16:42:01	40.54575	141.57202	22	40.7	3	2.0	166
14/05/2025	16:43:01	40.54651	141.57918	-6	37.0	3	2.1	278
14/05/2025	16:44:01	40.55034	141.58512	86	33.3	3	2.1	252
14/05/2025	16:45:01	40.55418	141.59087	14	37.0	3	2.1	218
14/05/2025	16:46:01	40.55724	141.59741	16	37.0	3	2.1	256
14/05/2025	16:47:00	40.56102	141.60331	34	37.0	3	2.1	251
14/05/2025	16:48:00	40.56420	141.60915	18	37.0	4	1.3	310
14/05/2025	16:49:00	40.56803	141.61484	74	33.3	3	2.1	250
14/05/2025	16:50:01	40.56921	141.61883	-10	0.0	4	1.3	261
14/05/2025	16:51:00	40.56926	141.61884	-2	0.0	3	1.4	236
14/05/2025	16:52:00	40.56919	141.61894	20	0.0	4	1.3	283
14/05/2025	16:53:00	40.56895	141.61926	-2	0.0	3	2.2	278
14/05/2025	16:54:00	40.56911	141.61886	-16	0.0	3	2.2	219
14/05/2025	16:55:01	40.56915	141.61895	12	0.0	4	1.4	268
14/05/2025	16:56:01	40.56954	141.61971	6	29.6	3	2.2	253
14/05/2025	16:57:00	40.57266	141.62438	40	33.3	3	2.2	252
14/05/2025	16:58:01	40.57356	141.62578	-16	0.0	3	2.2	265
14/05/2025	16:59:00	40.57362	141.62580	6	3.7	3	2.3	249
14/05/2025	17:00:00	40.57612	141.62933	6	33.3	4	2.1	249
14/05/2025	17:01:00	40.57994	141.63388	-16	33.3	3	2.4	258
14/05/2025	17:02:00	40.58331	141.63880	14	33.3	4	2.1	252
14/05/2025	17:03:01	40.58553	141.64456	16	29.6	4	2.1	256
14/05/2025	17:04:00	40.58823	141.64956	10	33.3	4	2.1	250
14/05/2025	17:05:00	40.59056	141.65526	16	33.3	4	2.1	257
14/05/2025	17:06:00	40.59402	141.65992	-4	33.3	4	2.1	254
14/05/2025	17:07:01	40.59659	141.66569	6	33.3	4	2.1	258
14/05/2025	17:08:00	40.59946	141.67042	2	29.6	3	2.2	243
14/05/2025	17:09:01	40.60191	141.67673	6	29.6	3	3.0	299
14/05/2025	17:10:01	40.60472	141.68272	26	33.3	3	3.0	278
14/05/2025	17:11:01	40.60718	141.68879	18	33.3	3	3.0	270
14/05/2025	17:12:01	40.60998	141.69424	-2	33.3	3	3.0	250
14/05/2025	17:13:02	40.61217	141.70031	6	29.6	3	3.1	297
14/05/2025	17:14:02	40.61411	141.70649	10	33.3	3	3.1	278
14/05/2025	17:15:01	40.61624	141.71252	-12	33.3	3	3.1	255
14/05/2025	17:16:02	40.61821	141.71890	10	33.3	3	3.1	253
14/05/2025	17:17:01	40.62107	141.72419	-38	33.3	3	3.1	277
14/05/2025	17:18:02	40.62420	141.73029	26	29.6	3	3.2	280
14/05/2025	17:19:01	40.62627	141.73590	2	33.3	3	3.2	219
14/05/2025	17:20:02	40.62773	141.74278	30	33.3	3	3.2	251
14/05/2025	17:21:02	40.62968	141.74888	-30	33.3	3	3.2	277
14/05/2025	17:22:01	40.63142	141.75595	-2	37.0	2	2.3	188
14/05/2025	17:23:02	40.63323	141.76284	12	37.0	3	3.3	268
14/05/2025	17:24:02	40.63491	141.76946	-30	37.0	3	3.3	272
14/05/2025	17:25:02	40.63663	141.77696	12	37.0	3	3.3	269
14/05/2025	17:26:01	40.63855	141.78369	-48	37.0	3	3.4	249
14/05/2025	17:27:02	40.64096	141.79117	-4	37.0	3	3.4	277
14/05/2025	17:28:02	40.64346	141.79797	-4	37.0	3	3.4	225
14/05/2025	17:29:01	40.64557	141.80467	6	37.0	3	4.0	216
14/05/2025	17:30:02	40.64739	141.81222	22	40.7	3	4.0	257
14/05/2025	17:31:04	40.64858	141.81973	2	37.0	3	4.0	262
14/05/2025	17:32:02	40.64995	141.82655	-14	33.3	3	4.1	223
14/05/2025	17:33:02	40.65203	141.83344	-8	37.0	3	4.1	256
14/05/2025	17:34:01	40.65365	141.84037	-6	37.0	3	4.1	253
14/05/2025	17:35:02	40.65577	141.84755	14	33.3	3	4.2	254
14/05/2025	17:36:01	40.65778	141.85427	14	37.0	3	4.2	252
14/05/2025	17:37:02	40.65964	141.86116	22	33.3	3	4.2	271
14/05/2025	17:38:02	40.66129	141.86758	8	33.3	3	4.3	281
14/05/2025	17:39:02	40.66254	141.87444	-10	33.3	3	4.3	279
14/05/2025	17:40:01	40.66352	141.88163	24	33.3	3	4.4	223
14/05/2025	17:41:02	40.66433	141.88852	-0	33.3	3	4.4	271
14/05/2025	17:42:35	40.66618	141.89896	0	29.6	3	1.4	291
14/05/2025	17:43:00	40.66662	141.90162	8	29.6	3	2.0	198
14/05/2025	17:44:00	40.66795	141.90847	14	33.3	3	1.4	231
14/05/2025	17:45:01	40.66904	141.91540	-0	33.3	3	1.4	274
14/05/2025	17:46:00	40.66969	141.91876	0	0.0	3	1.4	187
14/05/2025	17:47:01	40.66931	141.91898	16	0.0	3	1.4	242
14/05/2025	17:48:00	40.66912	141.91921	0	0.0	3	1.4	226
14/05/2025	17:49:01	40.66886	141.91935	-22	0.0	3	1.4	211
14/05/2025	17:50:00	40.66853	141.91954	-0	0.0	3	2.0	224
14/05/2025	17:51:04	40.66825	141.91966	12	0.0	3	1.4	224
14/05/2025	17:52:01	40.66802	141.91966	-8	0.0	3	1.4	240
14/05/2025	17:53:01	40.66769	141.91977	-0	0.0	3	2.0	243
14/05/2025	17:54:01	40.66741	141.92005	14	0.0	3	2.0	267
14/05/2025	17:55:01	40.66713	141.92006	16	0.0	3	2.0	259
14/05/2025	17:56:01	40.66683	141.92029	-16	0.0	3	2.0	260
14/05/2025	17:57:00	40.66679	141.92182	4	29.6	3	2.1	223
14/05/2025	17:58:01	40.66777	141.92898	-14	37.0	3	2.0	245
14/05/2025	17:59:00	40.66763	141.93614	16	29.6	3	2.0	221
14/05/2025	18:00:00	40.66765	141.94070	-4	0.0	3	2.0	226
14/05/2025	18:01:00	40.66746	141.94072	-20	0.0	3	2.1	192
14/05/2025	18:02:01	40.66704	141.94106	2	0.0	3	2.0	251
14/05/2025	18:03:01	40.66683	141.94134	0	0.0	3	2.1	262
14/05/2025	18:04:01	40.66651	141.94152	0	0.0	3	2.1	255
14/05/2025	18:05:01	40.66636	141.94171	-20	0.0	3	2.1	265
14/05/2025	18:06:00	40.66588	141.94241	100	3.7	3	2.2	186
14/05/2025	18:07:01	40.66563	141.94237	34	0.0	3	2.1	266
14/05/2025	18:08:00	40.66549	141.94254	-30	0.0	3	2.1	260
14/05/2025	18:09:01	40.66513	141.94269	2	0.0	3	2.1	271
14/05/2025	18:10:01	40.66417	141.94234	216	3.7	2	9.2	273
14/05/2025	18:11:01	40.66460	141.94308	0	0.0	3	2.1	271
14/05/2025	18:12:01	40.66422	141.94338	14	0.0	3	2.1	246
14/05/2025	18:13:00	40.66399	141.94386	18	0.0	3	2.3	150
14/05/2025	18:14:01	40.66364	141.94389	16	0.0	3	2.1	275
14/05/2025	18:15:01	40.66336	141.94411	6	0.0	3	2.2	252
14/05/2025	18:16:01	40.66319	141.94420	-10	0.0	3	2.2	277
14/05/2025	18:17:01	40.66282	141.94460	16	0.0	3	2.2	271
14/05/2025	18:18:00	40.66262	141.94464	-2	0.0	3	2.3	218
14/05/2025	18:19:01	40.66231	141.94481	4	0.0	3	2.2	293
14/05/2025	18:20:01	40.66180	141.94494	40	0.0	2	7.3	269
14/05/2025	18:21:00	40.66110	141.95109	0	33.3	3	2.2	191
14/05/2025	18:22:01	40.65935	141.95710	6	29.6	3	2.2	248
14/05/2025	18:23:01	40.65776	141.96117	2	0.0	3	2.2	296
14/05/2025	18:24:02	40.65738	141.96143	4	0.0	3	2.2	270
14/05/2025	18:25:01	40.65721	141.96161	8	0.0	2	7.0	270
14/05/2025	18:26:01	40.65688	141.96181	-10	0.0	3	2.2	276
14/05/2025	18:27:01	40.65669	141.96207	-26	0.0	2	7.0	276
14/05/2025	18:28:02	40.65621	141.96226	8	0.0	3	2.2	275
14/05/2025	18:29:01	40.65593	141.96235	4	0.0	3	2.2	273
14/05/2025	18:30:01	40.65564	141.96253	-4	0.0	3	2.3	265
14/05/2025	18:31:00	40.65522	141.96553	-24	33.3	3	2.4	252
14/05/2025	18:32:01	40.65490	141.96905	-4	29.6	3	2.4	246
14/05/2025	18:33:01	40.65541	141.97461	4	22.2	3	2.3	271
14/05/2025	18:34:02	40.65555	141.97869	8	0.0	3	2.3	304
14/05/2025	18:35:01	40.65543	141.97857	-2	0.0	3	2.3	278
14/05/2025	18:36:02	40.65522	141.97865	-4	0.0	2	6.3	255
14/05/2025	18:37:01	40.65509	141.97843	-8	0.0	3	2.3	270
14/05/2025	18:38:01	40.65492	141.97836	-16	0.0	3	2.3	276
14/05/2025	18:39:01	40.65474	141.97905	0	22.2	3	2.3	296
14/05/2025	18:40:01	40.65510	141.98444	14	25.9	3	2.3	273
14/05/2025	18:41:01	40.65500	141.98983	-28	29.6	3	2.3	305
14/05/2025	18:42:01	40.65351	141.99560	-12	22.2	3	2.3	299
14/05/2025	18:43:02	40.65249	142.00027	10	25.9	3	2.3	271
14/05/2025	18:44:01	40.65122	142.00557	2	29.6	3	2.3	266
14/05/2025	18:45:01	40.65033	142.01139	22	25.9	3	2.3	268
14/05/2025	18:46:01	40.64954	142.01706	4	29.6	3	2.3	303
14/05/2025	18:47:01	40.64917	142.02170	28	0.0	2	6.2	278
14/05/2025	18:48:01	40.64925	142.02205	-26	3.7	2	6.2	269
14/05/2025	18:49:02	40.64893	142.02322	0	25.9	2	6.2	278
14/05/2025	18:50:01	40.64796	142.02693	28	25.9	2	6.2	270
14/05/2025	18:51:02	40.64697	142.03279	16	29.6	3	2.3	302
14/05/2025	18:52:01	40.64571	142.03829	-0	29.6	3	2.4	304
14/05/2025	18:53:01	40.64365	142.04356	-54	33.3	2	6.2	269
14/05/2025	18:54:01	40.63992	142.04866	26	33.3	2	6.2	298
14/05/2025	18:55:02	40.63785	142.05436	8	29.6	2	6.2	270
14/05/2025	18:56:01	40.63607	142.05949	-2	29.6	2	6.2	292
14/05/2025	18:57:00	40.63473	142.06563	50	25.9	3	2.4	273
14/05/2025	18:58:02	40.63451	142.07056	-14	29.6	2	6.2	287
14/05/2025	18:59:01	40.63436	142.07584	-70	22.2	2	6.2	298
14/05/2025	19:00:02	40.63396	142.08203	32	25.9	3	3.2	305
14/05/2025	19:01:02	40.63299	142.08682	-6	29.6	3	3.2	268
14/05/2025	19:02:03	40.63203	142.09172	-6	29.6	3	3.2	294
14/05/2025	19:03:02	40.63151	142.09764	0	25.9	3	3.2	305
14/05/2025	19:04:02	40.63129	142.10203	4	22.2	3	3.2	295
14/05/2025	19:05:04	40.63077	142.10669	4	25.9	3	3.2	296
14/05/2025	19:06:02	40.63111	142.11115	2	3.7	2	3.3	288
14/05/2025	19:07:02	40.63168	142.11497	-0	25.9	3	3.2	304
14/05/2025	19:08:03	40.63214	142.11992	-4	29.6	3	3.2	297
14/05/2025	19:09:05	40.63172	142.12237	4	22.2	3	3.2	298
14/05/2025	19:10:02	40.63079	142.12619	0	11.1	3	3.3	295
14/05/2025	19:11:02	40.63034	142.12726	6	22.2	3	3.3	295
14/05/2025	19:12:02	40.63012	142.13042	-4	25.9	3	3.3	296
14/05/2025	19:13:02	40.62923	142.13448	22	33.3	3	3.3	305
14/05/2025	19:14:35	40.62789	142.14105	18	25.9	4	4.2	293
14/05/2025	19:15:01	40.62795	142.14315	16	22.2	4	4.2	297
14/05/2025	19:16:02	40.62794	142.14672	-12	22.2	4	4.2	300
14/05/2025	19:17:02	40.62680	142.14689	-0	25.9	4	4.2	300
14/05/2025	19:18:02	40.62381	142.15015	-4	25.9	4	4.3	292
14/05/2025	19:19:01	40.62072	142.15241	-6	25.9	4	4.3	298
14/05/2025	19:20:01	40.61877	142.14814	2	33.3	3	5.0	302
14/05/2025	19:21:02	40.62291	142.14523	-2	33.3	3	5.0	301
14/05/2025	19:22:02	40.62541	142.14447	8	29.6	3	5.0	305
14/05/2025	19:23:02	40.63014	142.14283	0	22.2	3	5.0	311
14/05/2025	19:24:02	40.62973	142.14322	4	0.0	3	5.0	266
14/05/2025	19:25:02	40.62985	142.14522	0	0.0	3	5.0	197
14/05/2025	19:26:02	40.62957	142.14747	-2	29.6	3	4.4	301
14/05/2025	19:27:02	40.63048	142.14027	-12	44.4	3	4.4	297
14/05/2025	19:28:02	40.62702	142.13840	12	37.0	3	4.4	297
14/05/2025	19:29:01	40.62648	142.13798	2	0.0	3	4.4	219
14/05/2025	19:30:02	40.62623	142.13826	4	0.0	3	4.4	246
14/05/2025	19:31:01	40.62588	142.13859	6	0.0	3	4.4	226
14/05/2025	19:32:01	40.62559	142.13913	22	0.0	3	4.3	241
14/05/2025	19:33:01	40.62451	142.13727	54	11.1	3	4.3	216
14/05/2025	19:34:02	40.62412	142.13737	8	40.7	3	4.3	278
14/05/2025	19:35:01	40.62279	142.13182	28	0.0	3	4.3	266
14/05/2025	19:36:02	40.62256	142.13241	20	18.5	3	4.2	282
14/05/2025	19:37:01	40.62306	142.13059	-10	40.7	3	4.2	276
14/05/2025	19:38:02	40.61880	142.12371	20	44.4	3	4.2	278
14/05/2025	19:39:01	40.61488	142.11601	18	44.4	3	4.2	272
14/05/2025	19:40:03	40.61088	142.10785	16	48.2	3	4.1	274
14/05/2025	19:41:04	40.60692	142.09924	12	48.2	3	4.1	271
14/05/2025	19:42:02	40.60334	142.09025	20	51.9	3	4.1	276
14/05/2025	19:43:01	40.59989	142.08067	48	51.9	3	4.0	278
14/05/2025	19:44:02	40.59641	142.07084	6	51.9	3	4.0	279
14/05/2025	19:45:02	40.59311	142.06135	8	51.9	3	4.0	276
14/05/2025	19:46:02	40.59086	142.05680	14	25.9	3	3.4	253
14/05/2025	19:47:02	40.58756	142.04900	0	48.2	3	3.4	297
14/05/2025	19:48:01	40.58515	142.04022	18	48.2	3	3.3	242
14/05/2025	19:49:01	40.58280	142.03253	24	48.2	3	3.3	291
14/05/2025	19:50:02	40.58057	142.02318	2	48.2	3	3.3	272
14/05/2025	19:51:01	40.57786	142.01433	36	48.2	3	3.2	295
14/05/2025	19:52:02	40.57451	142.00537	44	48.2	3	3.2	271
14/05/2025	19:53:02	40.57189	141.99634	38	48.2	3	3.2	300
14/05/2025	19:54:01	40.56886	141.98737	44	51.9	3	3.1	297
14/05/2025	19:55:01	40.56692	141.98491	28	40.7	3	3.1	215
14/05/2025	19:56:02	40.56329	141.97693	28	48.2	3	3.1	297
14/05/2025	19:57:02	40.55938	141.96860	4	51.9	3	3.0	302
14/05/2025	19:58:02	40.55601	141.96109	20	48.2	3	3.0	298
14/05/2025	19:59:01	40.55137	141.95369	20	48.2	3	3.0	247
14/05/2025	20:00:34	40.54712	141.93916	28	48.2	4	1.1	268
14/05/2025	20:01:01	40.54584	141.93486	20	48.2	4	1.1	274
14/05/2025	20:02:01	40.54336	141.92532	12	48.2	4	1.1	275
14/05/2025	20:03:00	40.54019	141.91642	32	48.2	3	1.3	277
14/05/2025	20:04:01	40.53619	141.90752	40	51.9	4	1.3	274
14/05/2025	20:05:01	40.53224	141.89834	18	51.9	4	1.1	270
14/05/2025	20:06:01	40.52899	141.88856	26	51.9	4	1.1	274
14/05/2025	20:07:01	40.52630	141.87861	22	51.9	4	1.1	275
14/05/2025	20:08:00	40.52294	141.86931	20	51.9	3	1.4	251
14/05/2025	20:09:01	40.51958	141.85941	24	51.9	3	1.4	292
14/05/2025	20:10:00	40.51694	141.84967	62	51.9	3	2.1	298
14/05/2025	20:11:01	40.51405	141.83988	20	51.9	3	1.4	278
14/05/2025	20:12:01	40.51129	141.82966	32	51.9	4	2.1	271
14/05/2025	20:13:01	40.50935	141.81915	26	51.9	4	1.1	267
14/05/2025	20:14:01	40.50744	141.80896	40	51.9	4	1.1	270
14/05/2025	20:15:01	40.50438	141.79960	20	51.9	3	2.1	272
14/05/2025	20:16:01	40.50108	141.79031	22	48.2	4	1.1	272
14/05/2025	20:17:01	40.49785	141.78100	30	48.2	3	2.1	271
14/05/2025	20:18:01	40.49455	141.77224	26	48.2	3	2.1	276
14/05/2025	20:19:01	40.49080	141.76408	24	48.2	4	1.1	280
14/05/2025	20:20:01	40.48815	141.75484	50	48.2	4	1.1	279
14/05/2025	20:21:01	40.48592	141.74552	38	48.2	3	2.1	273
14/05/2025	20:22:00	40.48399	141.73622	20	48.2	3	2.1	275
14/05/2025	20:23:01	40.48199	141.72681	32	48.2	4	1.1	272
14/05/2025	20:24:00	40.47960	141.71778	28	48.2	3	2.1	239
14/05/2025	20:25:00	40.47648	141.70831	64	44.4	3	2.2	243
14/05/2025	20:26:00	40.47436	141.69933	46	48.2	3	2.2	272
14/05/2025	20:27:01	40.47206	141.68985	46	48.2	4	1.0	274
14/05/2025	20:28:00	40.47089	141.68077	42	40.7	3	2.1	277
14/05/2025	20:29:01	40.47025	141.67256	28	44.4	4	1.0	274
14/05/2025	20:30:00	40.46978	141.66445	54	40.7	4	1.0	279
14/05/2025	20:31:01	40.47045	141.65623	30	40.7	4	1.0	272
14/05/2025	20:32:00	40.47259	141.64940	68	33.3	3	2.4	274
14/05/2025	20:33:00	40.47803	141.64502	44	37.0	3	2.3	275
14/05/2025	20:34:00	40.48162	141.63808	44	37.0	3	2.2	247
14/05/2025	20:35:01	40.48198	141.63642	4	0.0	3	1.1	270
14/05/2025	20:36:01	40.48187	141.63630	12	0.0	4	1.0	267
14/05/2025	20:37:01	40.48194	141.63635	-20	0.0	4	1.0	274
14/05/2025	20:38:00	40.48204	141.63628	40	3.7	3	2.0	248
14/05/2025	20:39:01	40.48211	141.63627	-6	0.0	3	1.1	261
14/05/2025	20:40:00	40.48202	141.63638	36	0.0	3	2.3	279
14/05/2025	20:41:01	40.48211	141.63633	20	0.0	4	1.0	275
14/05/2025	20:42:01	40.48207	141.63627	-0	0.0	3	1.0	274
14/05/2025	20:43:01	40.48214	141.63635	16	0.0	3	4.0	244
14/05/2025	20:44:00	40.48213	141.63625	6	0.0	4	1.0	217
14/05/2025	20:45:00	40.48188	141.63636	-30	0.0	3	1.1	285
14/05/2025	20:46:02	40.48208	141.63625	6	0.0	4	1.0	282
14/05/2025	20:47:01	40.48203	141.63615	8	0.0	4	1.0	263
14/05/2025	20:48:01	40.48207	141.63625	-4	0.0	4	1.0	279
14/05/2025	20:49:01	40.48206	141.63630	8	0.0	4	1.0	273
14/05/2025	20:50:01	40.48207	141.63621	4	0.0	3	2.4	279
14/05/2025	20:51:00	40.48221	141.63630	-22	0.0	3	1.2	222
14/05/2025	20:52:01	40.48208	141.63620	14	0.0	4	1.0	268
14/05/2025	20:53:01	40.48200	141.63625	16	0.0	3	1.1	269
14/05/2025	20:54:01	40.48203	141.63631	28	0.0	3	3.0	268
14/05/2025	20:55:01	40.48214	141.63626	4	0.0	4	1.0	249
14/05/2025	20:56:01	40.48210	141.63625	16	0.0	4	1.0	298
14/05/2025	20:57:01	40.48213	141.63620	4	0.0	4	1.0	270
14/05/2025	20:58:01	40.48213	141.63623	2	0.0	3	3.0	308
14/05/2025	20:59:01	40.48213	141.63618	6	0.0	4	1.0	311
14/05/2025	21:00:01	40.48211	141.63615	-0	0.0	4	1.0	267
14/05/2025	21:01:01	40.48271	141.63512	-0	0.0	3	3.1	283
14/05/2025	21:02:00	40.48309	141.63497	-0	0.0	3	1.1	303
14/05/2025	21:03:01	40.48293	141.63495	6	0.0	4	1.0	213
14/05/2025	21:04:00	40.48300	141.63496	12	0.0	3	1.0	268
14/05/2025	21:05:00	40.48294	141.63496	18	0.0	3	1.1	290
14/05/2025	21:06:00	40.48289	141.63496	2	0.0	3	1.0	305
14/05/2025	21:07:00	40.48284	141.63491	6	0.0	3	1.0	314
14/05/2025	21:08:00	40.48285	141.63491	-0	0.0	3	1.1	289
14/05/2025	21:09:00	40.48290	141.63490	14	0.0	3	1.0	308
14/05/2025	21:10:00	40.48300	141.63495	10	0.0	3	1.0	308
14/05/2025	21:11:00	40.48290	141.63486	14	0.0	3	1.1	307
14/05/2025	21:12:01	40.48286	141.63485	4	0.0	3	1.0	301
14/05/2025	21:13:00	40.48297	141.63480	-8	0.0	3	1.1	288
14/05/2025	21:14:01	40.48276	141.63464	22	0.0	2	7.2	308
14/05/2025	21:15:01	40.48758	141.63480	10	37.0	3	1.0	305
14/05/2025	21:16:02	40.49346	141.63286	10	37.0	2	1.1	298
14/05/2025	21:17:02	40.49846	141.62839	34	40.7	2	1.1	298
14/05/2025	21:18:02	40.50251	141.62282	14	37.0	2	1.1	293
14/05/2025	21:19:01	40.50729	141.61828	12	37.0	2	1.4	276
14/05/2025	21:20:02	40.51201	141.61347	20	37.0	3	1.0	301
14/05/2025	21:21:01	40.51626	141.60820	18	40.7	1	2.1	305
14/05/2025	21:22:02	40.52082	141.60264	22	40.7	3	1.0	301
14/05/2025	21:23:01	40.52513	141.59665	20	40.7	3	1.0	302
14/05/2025	21:24:01	40.52956	141.59040	12	40.7	3	1.0	307
14/05/2025	21:25:02	40.53417	141.58490	14	37.0	3	1.0	300
14/05/2025	21:26:00	40.53955	141.58264	30	37.0	3	1.0	244
14/05/2025	21:27:01	40.54351	141.57566	38	44.4	3	1.0	304
14/05/2025	21:28:01	40.54326	141.56645	26	44.4	3	1.0	301
14/05/2025	21:29:01	40.54037	141.55931	-14	40.7	2	5.3	300
14/05/2025	21:30:01	40.53913	141.55774	14	0.0	3	1.0	267
14/05/2025	21:31:02	40.53917	141.55767	8	0.0	2	5.2	273
14/05/2025	21:32:03	40.53915	141.55774	14	0.0	3	1.0	256
14/05/2025	21:33:01	40.53928	141.55789	6	0.0	2	5.0	259
14/05/2025	21:34:02	40.53904	141.55753	24	0.0	2	5.0	261
14/05/2025	21:35:01	40.53908	141.55772	18	0.0	2	4.4	262
14/05/2025	21:36:03	40.53922	141.55771	12	0.0	2	4.3	234
14/05/2025	21:37:02	40.53923	141.55775	18	0.0	2	4.3	255
14/05/2025	21:38:03	40.53908	141.55767	22	0.0	2	4.2	250
14/05/2025	21:39:03	40.53906	141.55753	26	0.0	2	4.2	251
14/05/2025	21:40:03	40.53904	141.55757	30	0.0	2	4.1	230
14/05/2025	21:41:04	40.53910	141.55763	24	0.0	2	4.1	225
14/05/2025	21:42:04	40.53914	141.55762	14	0.0	2	4.0	223
14/05/2025	21:43:03	40.53911	141.55777	32	0.0	2	4.0	236
14/05/2025	21:44:04	40.53925	141.55784	-0	0.0	2	3.4	248
14/05/2025	21:45:05	40.53913	141.55754	16	0.0	2	3.4	227
14/05/2025	21:46:02	40.53889	141.55750	38	0.0	2	3.3	208
14/05/2025	21:47:03	40.53907	141.55754	30	0.0	2	3.3	226
14/05/2025	21:48:05	40.53917	141.55770	4	0.0	2	3.3	226
14/05/2025	21:49:03	40.53921	141.55767	-2	0.0	2	3.2	249
14/05/2025	21:50:04	40.53913	141.55768	14	0.0	2	3.2	247
14/05/2025	21:51:07	40.53913	141.55769	20	7.4	2	3.1	238
14/05/2025	21:52:04	40.53923	141.55788	0	3.7	2	3.1	225
14/05/2025	21:53:04	40.53913	141.55780	18	0.0	2	3.1	225
14/05/2025	21:54:08	40.53918	141.55779	8	7.4	2	3.0	237
14/05/2025	21:55:08	40.53914	141.55776	12	0.0	2	3.0	244
14/05/2025	21:56:09	40.53912	141.55757	14	7.4	2	3.0	238
14/05/2025	21:57:04	40.53916	141.55777	14	0.0	1	2.0	209
14/05/2025	21:58:11	40.53915	141.55774	12	0.0	2	2.4	251
14/05/2025	21:59:13	40.53926	141.55784	-14	3.7	2	2.4	247
14/05/2025	22:00:29	40.53915	141.55772	14	0.0	3	1.4	226
14/05/2025	22:01:01	40.53920	141.55770	14	0.0	3	1.4	232
14/05/2025	22:02:02	40.53912	141.55775	30	0.0	1	6.0	197
14/05/2025	22:03:02	40.53925	141.55761	-16	0.0	2	5.1	214
14/05/2025	22:04:02	40.53907	141.55785	40	0.0	2	5.1	263
14/05/2025	22:05:01	40.53940	141.55741	-82	0.0	2	5.0	192
14/05/2025	22:06:02	40.53913	141.55772	24	0.0	2	5.0	239
14/05/2025	22:07:02	40.53912	141.55769	18	0.0	2	5.0	240
14/05/2025	22:08:02	40.53909	141.55785	48	0.0	2	4.4	255
14/05/2025	22:09:02	40.53913	141.55779	26	0.0	2	4.4	237
14/05/2025	22:10:02	40.53923	141.55755	-6	0.0	2	4.4	239
14/05/2025	22:11:02	40.53922	141.55780	12	0.0	2	4.4	246
14/05/2025	22:12:02	40.53917	141.55769	8	0.0	2	4.3	241
14/05/2025	22:13:02	40.53918	141.55771	4	0.0	1	10.2	199
14/05/2025	22:14:01	40.53943	141.55723	-82	0.0	2	4.3	220
14/05/2025	22:15:02	40.53921	141.55741	-8	0.0	2	4.3	234
14/05/2025	22:16:02	40.53928	141.55750	-34	0.0	2	4.3	244
14/05/2025	22:17:01	40.53926	141.55743	-58	0.0	1	5.1	182
14/05/2025	22:18:03	40.53921	141.55754	-56	0.0	1	5.1	231
14/05/2025	22:19:01	40.53922	141.55743	-48	3.7	1	5.1	239
14/05/2025	22:20:02	40.53908	141.55768	36	0.0	2	4.2	235
14/05/2025	22:21:02	40.53917	141.55756	0	0.0	2	4.2	234
14/05/2025	22:22:02	40.53912	141.55775	54	0.0	1	5.1	219
14/05/2025	22:23:02	40.53918	141.55767	-0	0.0	1	5.1	232
14/05/2025	22:24:01	40.53935	141.55771	-44	0.0	1	5.1	216
14/05/2025	22:25:01	40.53914	141.55772	28	0.0	1	5.0	217
14/05/2025	22:26:02	40.53909	141.55788	28	0.0	2	4.1	219
14/05/2025	22:27:01	40.53935	141.55747	-32	0.0	1	5.1	211
14/05/2025	22:28:02	40.53925	141.55741	-60	0.0	1	5.1	218
14/05/2025	22:29:02	40.53909	141.55774	48	0.0	1	5.1	217
14/05/2025	22:30:02	40.53913	141.55774	40	0.0	1	5.1	218
14/05/2025	22:31:02	40.53917	141.55782	18	0.0	1	5.1	216
14/05/2025	22:32:03	40.53913	141.55807	48	3.7	2	4.1	219
14/05/2025	22:33:01	40.53922	141.55749	-48	0.0	1	5.1	218
14/05/2025	22:34:02	40.53901	141.55808	104	0.0	1	5.1	214
14/05/2025	22:35:01	40.53924	141.55782	24	0.0	1	5.1	215
14/05/2025	22:36:02	40.53914	141.55767	-8	0.0	1	5.2	196
14/05/2025	22:37:02	40.53925	141.55763	4	0.0	1	5.2	215
14/05/2025	22:38:01	40.53926	141.55742	-52	0.0	1	5.2	193
14/05/2025	22:39:02	40.53925	141.55757	-44	0.0	1	5.2	241
14/05/2025	22:40:02	40.53916	141.55775	16	0.0	1	5.3	269
14/05/2025	22:41:02	40.53926	141.55765	-4	0.0	1	5.3	245
14/05/2025	22:42:01	40.53899	141.55808	122	3.7	1	5.3	191
14/05/2025	22:43:02	40.53914	141.55775	22	0.0	1	5.4	241
14/05/2025	22:44:02	40.53923	141.55752	-44	0.0	1	5.4	244
14/05/2025	22:45:03	40.53933	141.55714	-106	0.0	1	5.4	242
14/05/2025	22:46:03	40.53926	141.55756	-16	0.0	1	6.0	243
14/05/2025	22:47:01	40.53905	141.55825	114	0.0	1	6.0	223
14/05/2025	22:48:02	40.53924	141.55748	-12	0.0	1	6.1	244
14/05/2025	22:49:03	40.53905	141.55797	62	0.0	1	6.1	239
14/05/2025	22:50:01	40.53916	141.55772	16	0.0	1	6.2	194
14/05/2025	22:51:03	40.53934	141.55744	-80	0.0	1	6.2	241
14/05/2025	22:52:03	40.53923	141.55769	6	0.0	1	6.3	247
14/05/2025	22:53:02	40.53924	141.55777	-0	0.0	1	6.3	250
14/05/2025	22:54:01	40.53913	141.55769	10	7.4	1	6.4	218
14/05/2025	22:55:02	40.53921	141.55755	-2	0.0	1	7.0	251
14/05/2025	22:56:04	40.53915	141.55767	-18	0.0	1	7.1	253
14/05/2025	22:57:03	40.53919	141.55762	4	0.0	1	7.1	253
14/05/2025	22:58:03	40.53903	141.55824	100	0.0	1	7.2	254
14/05/2025	22:59:03	40.53928	141.55748	-44	0.0	1	7.3	226
14/05/2025	23:00:03	40.53901	141.55833	142	0.0	1	7.4	257
14/05/2025	23:01:03	40.53939	141.55726	-82	0.0	1	8.0	251
14/05/2025	23:02:03	40.53926	141.55726	-48	0.0	1	8.1	248
14/05/2025	23:03:03	40.53892	141.55846	140	0.0	1	8.2	223
14/05/2025	23:04:03	40.53922	141.55756	0	0.0	1	8.3	249
14/05/2025	23:05:03	40.53906	141.55794	44	0.0	1	8.4	252
14/05/2025	23:06:03	40.53898	141.55851	166	0.0	1	9.1	249
14/05/2025	23:07:02	40.53927	141.55732	-74	18.5	1	9.2	249
14/05/2025	23:08:03	40.53940	141.55678	-158	0.0	1	9.3	250
14/05/2025	23:09:03	40.53926	141.55745	-18	0.0	1	10.0	246
14/05/2025	23:10:03	40.53939	141.55654	-170	0.0	1	10.2	251
14/05/2025	23:11:05	40.53904	141.55821	120	0.0	1	10.3	245
14/05/2025	23:12:09	40.53917	141.55770	10	0.0	1	11.0	250
14/05/2025	23:13:05	40.53909	141.55787	34	3.7	1	11.2	250
14/05/2025	23:14:37	40.53917	141.55772	14	0.0	6	1.1	253
14/05/2025	23:15:01	40.53926	141.55762	10	0.0	4	1.2	191
14/05/2025	23:16:01	40.53905	141.55770	8	3.7	3	2.0	221
14/05/2025	23:17:01	40.53918	141.55787	52	0.0	5	1.2	247
14/05/2025	23:18:01	40.53901	141.55771	6	0.0	4	1.2	250
14/05/2025	23:19:01	40.53940	141.55768	14	3.7	4	1.3	250
14/05/2025	23:20:01	40.53915	141.55770	20	0.0	4	1.2	219
14/05/2025	23:21:02	40.53909	141.55771	14	0.0	4	1.2	218
14/05/2025	23:22:02	40.53920	141.55768	0	0.0	4	1.2	219
14/05/2025	23:23:01	40.53929	141.55764	0	0.0	4	1.3	227
14/05/2025	23:24:01	40.53931	141.55770	20	0.0	5	1.2	254
14/05/2025	23:25:02	40.53915	141.55775	14	0.0	4	2.3	235
14/05/2025	23:26:01	40.53909	141.55773	8	0.0	3	1.4	246
14/05/2025	23:27:02	40.53917	141.55778	-0	0.0	4	1.2	269
14/05/2025	23:28:00	40.53928	141.55778	16	0.0	5	1.2	279
14/05/2025	23:29:00	40.53936	141.55763	10	0.0	5	1.2	224
14/05/2025	23:30:02	40.53914	141.55784	18	0.0	4	2.4	242
14/05/2025	23:31:01	40.53934	141.55778	46	0.0	5	1.2	246
14/05/2025	23:32:00	40.53918	141.55762	-8	0.0	4	1.4	221
14/05/2025	23:33:02	40.53907	141.55779	2	0.0	5	1.2	272
14/05/2025	23:34:01	40.53916	141.55768	20	0.0	4	1.4	244
14/05/2025	23:35:01	40.53920	141.55767	-0	0.0	4	1.2	214
14/05/2025	23:36:00	40.53911	141.55773	32	0.0	4	1.3	249
14/05/2025	23:37:00	40.53918	141.55773	22	0.0	4	1.3	270
14/05/2025	23:38:00	40.53914	141.55795	-42	0.0	4	1.4	245
14/05/2025	23:39:02	40.53915	141.55778	-2	0.0	5	1.3	243
14/05/2025	23:40:02	40.53916	141.55773	14	0.0	5	1.3	267
14/05/2025	23:41:01	40.53901	141.55767	-14	0.0	3	2.0	243
14/05/2025	23:42:01	40.53895	141.55789	8	0.0	4	1.4	243
14/05/2025	23:43:00	40.53908	141.55756	32	0.0	4	1.4	242
14/05/2025	23:44:00	40.53933	141.55761	0	7.4	4	2.0	252
14/05/2025	23:45:00	40.53901	141.55787	-26	0.0	3	2.1	214
14/05/2025	23:46:02	40.53931	141.55755	6	0.0	5	1.3	246
14/05/2025	23:47:01	40.53920	141.55771	42	0.0	5	1.3	247
14/05/2025	23:48:01	40.53901	141.55800	50	0.0	3	2.1	209
14/05/2025	23:49:00	40.53904	141.55777	-6	0.0	3	1.4	213
14/05/2025	23:50:00	40.53910	141.55763	20	0.0	4	2.0	243
14/05/2025	23:51:02	40.53927	141.55769	8	0.0	5	1.4	264
14/05/2025	23:52:01	40.53908	141.55786	-30	0.0	4	1.4	243
14/05/2025	23:53:01	40.53922	141.55781	-28	0.0	4	1.4	248
14/05/2025	23:54:01	40.53928	141.55766	-10	0.0	5	1.4	244
14/05/2025	23:55:02	40.53917	141.55776	12	0.0	5	1.4	264
14/05/2025	23:56:01	40.53926	141.55770	-4	0.0	4	2.0	250
14/05/2025	23:57:01	40.53908	141.55778	14	0.0	3	2.0	216
14/05/2025	23:58:02	40.53909	141.55782	-0	0.0	4	2.0	249
14/05/2025	23:59:01	40.53926	141.55768	-0	0.0	4	2.2	251
15/05/2025	00:00:00	40.53916	141.55779	24	0.0	4	2.0	246
15/05/2025	00:01:01	40.53905	141.55791	4	0.0	4	2.0	220
15/05/2025	00:02:02	40.53922	141.55770	6	0.0	4	2.0	246
15/05/2025	00:03:01	40.53924	141.55768	-4	0.0	4	2.1	244
15/05/2025	00:04:01	40.53926	141.55766	4	0.0	4	2.1	242
15/05/2025	00:05:01	40.53925	141.55764	-24	0.0	4	2.1	242
15/05/2025	00:06:01	40.53911	141.55770	48	0.0	4	2.1	222
15/05/2025	00:07:02	40.53915	141.55775	-4	0.0	4	2.1	266
15/05/2025	00:08:02	40.53921	141.55767	2	0.0	4	2.1	273
15/05/2025	00:09:02	40.53913	141.55783	4	0.0	4	2.2	261
15/05/2025	00:10:02	40.53920	141.55788	-24	0.0	3	4.3	242
15/05/2025	00:11:02	40.53919	141.55772	2	0.0	4	2.2	269
15/05/2025	00:12:02	40.53914	141.55767	4	0.0	4	2.2	260
15/05/2025	00:13:01	40.53915	141.55778	6	0.0	4	2.2	274
15/05/2025	00:14:00	40.53908	141.55773	-16	0.0	4	2.2	248
15/05/2025	00:15:02	40.53922	141.55770	-4	0.0	4	2.3	294
15/05/2025	00:16:01	40.53905	141.55783	10	0.0	4	2.3	246
15/05/2025	00:17:01	40.53948	141.55755	24	0.0	4	2.3	305
15/05/2025	00:18:00	40.53922	141.55758	-2	3.7	4	2.3	255
15/05/2025	00:19:02	40.53906	141.55785	12	0.0	4	2.3	263
15/05/2025	00:20:03	40.53923	141.55770	4	0.0	4	2.4	274
15/05/2025	00:21:02	40.53913	141.55778	-0	0.0	4	2.4	268
15/05/2025	00:22:00	40.53895	141.55798	26	0.0	4	2.4	249
15/05/2025	00:23:01	40.53911	141.55777	16	0.0	4	2.4	234
15/05/2025	00:24:01	40.53914	141.55776	10	0.0	4	2.4	248
15/05/2025	00:25:01	40.53910	141.55777	8	0.0	4	2.4	185
15/05/2025	00:26:03	40.53901	141.55783	18	0.0	4	3.0	276
15/05/2025	00:27:02	40.53933	141.55761	-6	0.0	4	3.0	309
15/05/2025	00:28:02	40.53931	141.55758	-4	0.0	4	3.0	287
15/05/2025	00:29:03	40.53908	141.55769	22	0.0	4	3.0	302
15/05/2025	00:30:02	40.53920	141.55772	6	0.0	4	3.0	264
15/05/2025	00:31:02	40.53916	141.55771	6	0.0	4	3.0	288
15/05/2025	00:32:03	40.53924	141.55770	-0	0.0	4	3.0	283
15/05/2025	00:33:02	40.53905	141.55782	12	0.0	4	3.1	183
15/05/2025	00:34:03	40.53910	141.55780	4	0.0	4	3.1	292
15/05/2025	00:35:03	40.53916	141.55771	6	0.0	4	3.1	280
15/05/2025	00:36:02	40.53916	141.55776	4	0.0	4	3.1	286
15/05/2025	00:37:02	40.53915	141.55774	0	0.0	4	3.1	272
15/05/2025	00:38:03	40.53926	141.55765	-2	0.0	4	3.1	288
15/05/2025	00:39:02	40.53912	141.55774	4	0.0	4	3.1	304
15/05/2025	00:40:03	40.53919	141.55771	4	0.0	4	3.1	296
15/05/2025	00:41:03	40.53891	141.55789	-0	0.0	4	3.1	304
15/05/2025	00:42:02	40.53928	141.55763	6	0.0	3	4.1	285
15/05/2025	00:43:02	40.53925	141.55766	2	0.0	4	3.1	280
15/05/2025	00:44:02	40.53923	141.55764	6	0.0	4	3.1	303
15/05/2025	00:45:03	40.53923	141.55769	-2	0.0	4	3.1	307
15/05/2025	00:46:02	40.53935	141.55757	-12	0.0	3	4.1	271
15/05/2025	00:47:02	40.53932	141.55767	-10	0.0	3	4.0	292
15/05/2025	00:48:03	40.53917	141.55773	2	0.0	4	3.1	288
15/05/2025	00:49:02	40.53909	141.55767	28	0.0	3	4.0	261
15/05/2025	00:50:02	40.53916	141.55772	10	0.0	4	3.1	296
15/05/2025	00:51:02	40.53918	141.55773	-0	0.0	3	4.0	270
15/05/2025	00:52:03	40.53918	141.55760	-16	0.0	3	5.1	305
15/05/2025	00:53:04	40.53907	141.55777	30	0.0	3	3.4	295
15/05/2025	00:54:02	40.53905	141.55781	14	0.0	3	3.4	241
15/05/2025	00:55:03	40.53921	141.55773	0	0.0	3	3.4	287
15/05/2025	00:56:05	40.53902	141.55788	38	0.0	3	3.4	280
15/05/2025	00:57:03	40.53928	141.55763	-2	0.0	3	3.3	308
15/05/2025	00:58:03	40.53906	141.55788	12	0.0	3	3.3	276
15/05/2025	00:59:02	40.53913	141.55778	0	0.0	3	3.3	250
15/05/2025	01:00:03	40.53897	141.55792	18	0.0	3	4.4	278
15/05/2025	01:01:03	40.53895	141.55784	34	0.0	3	4.4	221
15/05/2025	01:02:02	40.53908	141.55770	2	0.0	3	4.3	278
15/05/2025	01:03:05	40.53936	141.55761	0	0.0	3	4.3	282
15/05/2025	01:04:04	40.53895	141.55784	26	0.0	3	4.3	280
15/05/2025	01:05:03	40.53920	141.55766	8	0.0	3	4.2	280
15/05/2025	01:06:02	40.53924	141.55762	2	0.0	3	4.2	284
15/05/2025	01:07:03	40.53913	141.55779	8	0.0	3	4.2	283
15/05/2025	01:08:03	40.53896	141.55783	28	0.0	3	4.2	283
15/05/2025	01:09:03	40.53915	141.55780	2	0.0	3	4.1	282
15/05/2025	01:10:04	40.53921	141.55773	2	0.0	3	4.1	283
15/05/2025	01:11:02	40.53952	141.55764	-32	0.0	3	4.1	281
15/05/2025	01:12:02	40.53938	141.55760	-0	0.0	3	4.0	283
15/05/2025	01:13:02	40.53915	141.55770	8	0.0	3	4.0	281
15/05/2025	01:14:02	40.53923	141.55780	-16	0.0	3	4.0	284
15/05/2025	01:15:04	40.53915	141.55768	-14	0.0	2	3.4	273
15/05/2025	01:16:03	40.53916	141.55781	26	0.0	3	3.4	283
15/05/2025	01:17:02	40.53931	141.55771	8	0.0	3	3.4	280
15/05/2025	01:18:02	40.53900	141.55789	14	0.0	3	3.4	283
15/05/2025	01:19:04	40.53916	141.55774	16	0.0	3	3.4	283
15/05/2025	01:20:03	40.53909	141.55781	12	0.0	3	3.4	280
15/05/2025	01:21:03	40.53919	141.55775	10	0.0	3	3.3	278
15/05/2025	01:22:03	40.53905	141.55782	22	0.0	3	3.3	279
15/05/2025	01:23:05	40.53907	141.55785	14	0.0	3	3.3	272
15/05/2025	01:24:03	40.53910	141.55786	14	0.0	2	3.3	252
15/05/2025	01:25:06	40.53903	141.55792	14	0.0	3	3.3	277
15/05/2025	01:26:04	40.53912	141.55779	18	0.0	3	3.2	306
15/05/2025	01:27:05	40.53918	141.55777	20	0.0	3	3.2	292
15/05/2025	01:28:04	40.53915	141.55780	0	0.0	3	3.2	281
15/05/2025	01:29:05	40.53908	141.55782	26	0.0	3	3.2	303
15/05/2025	01:30:07	40.53925	141.55771	0	0.0	3	3.2	277
15/05/2025	01:31:06	40.53914	141.55772	14	0.0	3	3.2	297
15/05/2025	01:32:04	40.53913	141.55775	16	0.0	3	3.1	282
15/05/2025	01:33:02	40.53933	141.55770	-0	0.0	3	3.1	304
15/05/2025	01:34:03	40.53912	141.55780	24	0.0	3	3.1	280
15/05/2025	01:35:04	40.53916	141.55768	8	0.0	3	3.1	282
15/05/2025	01:36:03	40.53915	141.55784	8	0.0	3	3.1	280
15/05/2025	01:37:06	40.53924	141.55770	2	0.0	3	3.1	275
15/05/2025	01:38:03	40.53910	141.55771	6	0.0	3	3.1	276
15/05/2025	01:39:03	40.53917	141.55782	6	0.0	2	3.2	278
15/05/2025	01:40:04	40.53907	141.55789	6	0.0	2	3.2	276
15/05/2025	01:41:36	40.53917	141.55772	6	0.0	6	1.1	269
15/05/2025	01:42:03	40.53917	141.55768	18	0.0	6	1.1	257
15/05/2025	01:43:02	40.53934	141.55763	22	0.0	5	1.2	253
15/05/2025	01:44:00	40.53915	141.55760	42	0.0	5	1.2	229
15/05/2025	01:45:02	40.53915	141.55768	6	0.0	6	1.1	275
15/05/2025	01:46:00	40.53926	141.55777	0	0.0	5	1.2	258
15/05/2025	01:47:01	40.53924	141.55778	10	0.0	6	1.1	259
15/05/2025	01:48:01	40.53903	141.55742	40	0.0	3	1.3	212
15/05/2025	01:49:00	40.53907	141.55773	-20	0.0	5	1.2	197
15/05/2025	01:50:00	40.53908	141.55758	-2	0.0	6	1.1	255
15/05/2025	01:51:01	40.53915	141.55765	0	0.0	5	1.2	222
15/05/2025	01:52:01	40.53927	141.55779	-42	0.0	6	1.2	259
15/05/2025	01:53:01	40.53921	141.55779	6	0.0	4	1.2	256
15/05/2025	01:54:02	40.53915	141.55750	0	0.0	4	1.2	219
15/05/2025	01:55:01	40.53923	141.55779	14	0.0	4	1.3	228
15/05/2025	01:56:02	40.53920	141.55773	-2	0.0	5	1.2	257
15/05/2025	01:57:02	40.53913	141.55768	-24	0.0	5	1.2	253
15/05/2025	01:58:02	40.53910	141.55767	12	0.0	6	1.1	258
15/05/2025	01:59:02	40.53932	141.55770	44	0.0	4	2.2	258
15/05/2025	02:00:02	40.53927	141.55780	18	0.0	5	1.3	258
15/05/2025	02:01:03	40.53896	141.55765	-46	7.4	3	3.2	192
15/05/2025	02:02:02	40.53919	141.55771	-14	0.0	5	1.3	250
15/05/2025	02:03:02	40.53915	141.55765	12	0.0	5	1.3	221
15/05/2025	02:04:02	40.53921	141.55753	-46	3.7	3	2.0	157
15/05/2025	02:05:02	40.53919	141.55758	50	0.0	5	1.3	255
15/05/2025	02:06:03	40.53928	141.55765	36	0.0	5	1.3	253
15/05/2025	02:07:02	40.53907	141.55765	-36	0.0	5	1.3	256
15/05/2025	02:08:01	40.53896	141.55769	-52	0.0	4	2.1	199
15/05/2025	02:09:01	40.53922	141.55763	12	3.7	4	2.2	252
15/05/2025	02:10:01	40.53910	141.55778	2	0.0	4	2.0	218
15/05/2025	02:11:02	40.53873	141.55759	-112	0.0	4	2.3	223
15/05/2025	02:12:01	40.53905	141.55773	-14	0.0	4	2.0	219
15/05/2025	02:13:01	40.53937	141.55777	68	3.7	4	1.3	190
15/05/2025	02:14:01	40.53919	141.55775	46	0.0	5	1.3	226
15/05/2025	02:15:01	40.53907	141.55781	-100	0.0	4	2.2	197
15/05/2025	02:16:01	40.53915	141.55755	36	0.0	3	2.1	200
15/05/2025	02:17:01	40.53916	141.55781	8	0.0	4	1.4	225
15/05/2025	02:18:01	40.53960	141.55796	130	0.0	4	2.3	221
15/05/2025	02:19:02	40.53887	141.55772	-114	0.0	4	1.4	193
15/05/2025	02:20:01	40.53914	141.55771	-34	0.0	4	1.4	193
15/05/2025	02:21:02	40.53921	141.55773	12	0.0	4	2.2	216
15/05/2025	02:22:01	40.53963	141.55785	132	0.0	3	2.2	125
15/05/2025	02:23:01	40.53919	141.55777	-30	0.0	5	1.3	221
15/05/2025	02:24:01	40.53902	141.55762	-6	0.0	4	2.3	221
15/05/2025	02:25:01	40.53910	141.55755	-16	0.0	4	2.1	213
15/05/2025	02:26:02	40.53919	141.55780	-12	0.0	5	1.3	222
15/05/2025	02:27:01	40.53905	141.55772	-48	0.0	4	2.1	195
15/05/2025	02:28:01	40.53906	141.55770	-18	0.0	4	1.4	199
15/05/2025	02:29:01	40.53931	141.55763	46	0.0	5	1.3	226
15/05/2025	02:30:01	40.53910	141.55756	-16	0.0	4	1.3	215
15/05/2025	02:31:01	40.53925	141.55773	-10	0.0	4	2.0	198
15/05/2025	02:32:01	40.53914	141.55767	30	0.0	5	1.3	227
15/05/2025	02:33:01	40.53925	141.55771	-20	0.0	4	1.4	196
15/05/2025	02:34:01	40.53897	141.55760	-56	3.7	4	2.0	223
15/05/2025	02:35:01	40.53925	141.55752	92	0.0	4	1.4	224
15/05/2025	02:36:01	40.53917	141.55790	-28	0.0	4	1.4	228
15/05/2025	02:37:01	40.53913	141.55777	4	0.0	5	1.3	198
15/05/2025	02:38:01	40.53910	141.55772	-4	0.0	5	1.3	225
15/05/2025	02:39:01	40.53910	141.55761	-28	0.0	3	2.2	190
15/05/2025	02:40:02	40.53934	141.55779	66	3.7	5	2.0	249
15/05/2025	02:41:02	40.53925	141.55772	14	0.0	3	2.3	194
15/05/2025	02:42:01	40.53921	141.55781	-68	0.0	4	1.4	253
15/05/2025	02:43:01	40.53924	141.55788	50	0.0	3	2.1	215
15/05/2025	02:44:01	40.53925	141.55775	62	0.0	5	1.2	246
15/05/2025	02:45:02	40.53898	141.55754	126	0.0	4	1.3	226
15/05/2025	02:46:01	40.53928	141.55768	66	0.0	4	1.3	222
15/05/2025	02:47:02	40.53946	141.55773	78	0.0	5	1.2	228
15/05/2025	02:48:02	40.53928	141.55769	22	0.0	4	1.3	224
15/05/2025	02:49:02	40.53957	141.55774	46	0.0	5	1.2	225
15/05/2025	02:50:02	40.53900	141.55763	24	0.0	4	1.3	219
15/05/2025	02:51:02	40.53909	141.55772	6	0.0	3	2.3	212
15/05/2025	02:52:02	40.53900	141.55755	50	0.0	3	2.3	179
15/05/2025	02:53:02	40.53915	141.55755	42	0.0	3	2.3	219
15/05/2025	02:54:02	40.53924	141.55766	14	0.0	4	1.3	219
15/05/2025	02:55:01	40.53909	141.55779	0	0.0	3	2.0	186
15/05/2025	02:56:02	40.53918	141.55780	-2	7.4	4	2.1	220
15/05/2025	02:57:02	40.53910	141.55781	-6	0.0	4	1.3	222
15/05/2025	02:58:02	40.53918	141.55772	20	0.0	4	1.3	245
15/05/2025	02:59:02	40.53917	141.55784	-2	0.0	3	2.3	211
15/05/2025	03:00:02	40.53922	141.55768	-10	0.0	4	2.1	225
15/05/2025	03:01:03	40.53924	141.55771	16	0.0	4	2.1	273
15/05/2025	03:02:01	40.53885	141.55800	78	3.7	4	2.1	217
15/05/2025	03:03:02	40.53923	141.55767	38	0.0	4	2.2	241
15/05/2025	03:04:03	40.53903	141.55770	68	0.0	4	2.2	269
15/05/2025	03:05:03	40.53925	141.55771	4	0.0	4	2.2	243
15/05/2025	03:06:01	40.53908	141.55787	34	0.0	4	2.2	228
15/05/2025	03:07:03	40.53915	141.55772	8	0.0	4	2.3	220
15/05/2025	03:08:02	40.53947	141.55757	-60	0.0	4	2.3	217
15/05/2025	03:09:01	40.53915	141.55776	-30	0.0	4	2.3	221
15/05/2025	03:10:02	40.53911	141.55773	52	0.0	4	2.3	224
15/05/2025	03:11:01	40.53910	141.55775	0	7.4	4	2.4	198
15/05/2025	03:12:01	40.53933	141.55770	70	0.0	4	2.4	222
15/05/2025	03:13:01	40.53924	141.55764	50	0.0	4	2.4	227
15/05/2025	03:14:03	40.53929	141.55764	8	0.0	4	3.0	227
15/05/2025	03:15:02	40.53912	141.55773	8	0.0	4	3.0	244
15/05/2025	03:16:02	40.53908	141.55784	64	0.0	4	3.1	222
15/05/2025	03:17:03	40.53912	141.55773	8	0.0	4	3.1	224
15/05/2025	03:18:02	40.53913	141.55780	4	0.0	4	3.2	222
15/05/2025	03:19:02	40.53919	141.55778	-4	0.0	4	3.2	224
15/05/2025	03:20:03	40.53941	141.55760	-26	0.0	4	3.3	247
15/05/2025	03:21:02	40.53892	141.55786	84	0.0	4	3.4	224
15/05/2025	03:22:02	40.53921	141.55775	-0	0.0	4	3.4	244
15/05/2025	03:23:02	40.53911	141.55783	10	0.0	4	4.0	228
15/05/2025	03:24:02	40.53910	141.55780	26	0.0	4	4.0	221
15/05/2025	03:25:03	40.53917	141.55771	32	0.0	4	4.1	248
15/05/2025	03:26:03	40.53921	141.55770	12	0.0	4	4.2	227
15/05/2025	03:27:03	40.53919	141.55767	8	0.0	4	4.3	243
15/05/2025	03:28:03	40.53918	141.55777	4	0.0	4	4.4	246
15/05/2025	03:29:02	40.53922	141.55769	4	0.0	4	4.4	196
15/05/2025	03:30:03	40.53901	141.55785	44	0.0	4	5.0	263
15/05/2025	03:31:02	40.53928	141.55765	-28	0.0	3	5.1	193
15/05/2025	03:32:03	40.53933	141.55760	-34	3.7	3	7.1	195
15/05/2025	03:33:03	40.53918	141.55769	12	0.0	4	5.2	250
15/05/2025	03:34:03	40.53926	141.55767	8	0.0	4	5.3	250
15/05/2025	03:35:03	40.53921	141.55772	18	0.0	4	5.4	248
15/05/2025	03:36:03	40.53901	141.55787	18	0.0	4	5.4	225
15/05/2025	03:37:02	40.53916	141.55782	-18	0.0	4	6.0	278
15/05/2025	03:38:03	40.53922	141.55771	6	0.0	4	6.0	281
15/05/2025	03:39:03	40.53937	141.55760	-8	0.0	4	6.0	288
15/05/2025	03:40:02	40.53968	141.55745	-52	0.0	4	6.0	266
15/05/2025	03:41:03	40.53922	141.55765	16	0.0	4	6.0	267
15/05/2025	03:42:03	40.53895	141.55795	36	0.0	4	6.0	270
15/05/2025	03:43:04	40.53907	141.55787	30	0.0	3	6.0	270
15/05/2025	03:44:03	40.53924	141.55771	-4	0.0	3	8.0	242
15/05/2025	03:45:03	40.53911	141.55758	36	3.7	3	5.4	218
15/05/2025	03:46:03	40.53899	141.55791	44	0.0	4	5.3	280
15/05/2025	03:47:03	40.53909	141.55774	12	7.4	4	5.3	222
15/05/2025	03:48:02	40.53919	141.55776	24	0.0	4	5.2	222
15/05/2025	03:49:03	40.53917	141.55777	10	0.0	4	5.2	287
15/05/2025	03:50:02	40.53915	141.55772	6	0.0	4	5.1	262
15/05/2025	03:51:02	40.53907	141.55783	18	0.0	4	5.0	281
15/05/2025	03:52:02	40.53930	141.55761	6	0.0	4	5.0	282
15/05/2025	03:53:03	40.53929	141.55758	-4	0.0	4	4.4	267
15/05/2025	03:54:04	40.53913	141.55771	16	0.0	4	4.3	272
15/05/2025	03:55:02	40.53918	141.55775	4	0.0	4	4.3	280
15/05/2025	03:56:03	40.53911	141.55782	14	0.0	4	4.2	278
15/05/2025	03:57:02	40.53896	141.55796	22	0.0	4	4.2	280
15/05/2025	03:58:03	40.53927	141.55767	6	0.0	4	4.1	268
15/05/2025	03:59:03	40.53891	141.55807	72	3.7	3	5.0	195
15/05/2025	04:00:35	40.53917	141.55774	10	0.0	7	1.0	290
15/05/2025	04:01:00	40.53924	141.55771	14	0.0	6	1.1	286
15/05/2025	04:02:02	40.53920	141.55765	10	0.0	7	1.0	292
15/05/2025	04:03:01	40.53911	141.55784	30	0.0	6	1.1	289
15/05/2025	04:04:01	40.53920	141.55783	4	3.7	3	2.3	265
15/05/2025	04:05:01	40.53916	141.55782	12	0.0	6	1.2	291
15/05/2025	04:06:01	40.53914	141.55793	52	0.0	5	1.2	250
15/05/2025	04:07:02	40.53921	141.55762	-8	3.7	5	1.2	292
15/05/2025	04:08:02	40.53917	141.55778	18	0.0	7	1.0	290
15/05/2025	04:09:01	40.53921	141.55775	20	0.0	7	1.1	290
15/05/2025	04:10:01	40.53921	141.55770	12	0.0	5	1.3	291
15/05/2025	04:11:01	40.53922	141.55771	10	0.0	5	1.2	280
15/05/2025	04:12:01	40.53916	141.55766	-4	0.0	4	2.2	309
15/05/2025	04:13:01	40.53908	141.55778	2	0.0	5	1.3	260
15/05/2025	04:14:01	40.53914	141.55775	32	0.0	7	1.0	264
15/05/2025	04:15:01	40.53916	141.55776	4	0.0	5	1.2	291
15/05/2025	04:16:02	40.53915	141.55770	8	0.0	6	1.1	275
15/05/2025	04:17:01	40.53906	141.55772	24	0.0	4	1.2	222
15/05/2025	04:18:01	40.53917	141.55772	2	0.0	5	1.2	287
15/05/2025	04:19:01	40.53914	141.55776	12	0.0	6	1.1	280
15/05/2025	04:20:01	40.53907	141.55780	18	0.0	6	1.1	273
15/05/2025	04:21:02	40.53913	141.55769	16	0.0	5	1.1	286
15/05/2025	04:22:00	40.53903	141.55767	30	0.0	4	2.2	281
15/05/2025	04:23:01	40.53920	141.55766	24	0.0	6	1.0	286
15/05/2025	04:24:01	40.53918	141.55768	8	0.0	5	1.1	278
15/05/2025	04:25:00	40.53909	141.55780	30	0.0	6	1.2	275
15/05/2025	04:26:00	40.53921	141.55764	-12	0.0	6	1.2	279
15/05/2025	04:27:00	40.53915	141.55796	36	3.7	4	1.3	278
15/05/2025	04:28:00	40.53920	141.55780	2	3.7	4	1.3	291
15/05/2025	04:29:00	40.53925	141.55761	14	0.0	4	1.3	280
15/05/2025	04:30:01	40.53915	141.55774	6	0.0	5	1.4	300
15/05/2025	04:31:01	40.53919	141.55791	10	0.0	5	1.1	248
15/05/2025	04:32:01	40.53920	141.55773	14	0.0	5	1.0	282
15/05/2025	04:33:00	40.53926	141.55776	-8	3.7	4	1.2	290
15/05/2025	04:34:00	40.53906	141.55765	0	0.0	3	1.3	270
15/05/2025	04:35:00	40.53923	141.55747	10	0.0	4	1.2	273
15/05/2025	04:36:00	40.53921	141.55772	24	0.0	5	1.0	253
15/05/2025	04:37:00	40.53947	141.55769	50	0.0	3	2.2	284
15/05/2025	04:38:02	40.53923	141.55775	8	0.0	6	0.4	263
15/05/2025	04:39:01	40.53917	141.55778	20	0.0	4	1.3	263
15/05/2025	04:40:00	40.53924	141.55779	-12	0.0	5	1.0	281
15/05/2025	04:41:01	40.53925	141.55769	-2	0.0	5	1.0	252
15/05/2025	04:42:01	40.53924	141.55768	0	0.0	4	2.0	255
15/05/2025	04:43:00	40.53921	141.55780	-0	0.0	4	1.3	249
15/05/2025	04:44:02	40.53915	141.55765	6	0.0	5	1.1	259
15/05/2025	04:45:01	40.53921	141.55771	4	0.0	5	1.0	268
15/05/2025	04:46:01	40.53924	141.55767	14	0.0	5	1.1	266
15/05/2025	04:47:00	40.53916	141.55778	-6	0.0	5	1.0	283
15/05/2025	04:48:00	40.53914	141.55777	-2	0.0	3	1.1	242
15/05/2025	04:49:00	40.53898	141.55777	20	0.0	4	2.1	259
15/05/2025	04:50:00	40.53919	141.55771	2	0.0	5	1.1	253
15/05/2025	04:51:01	40.53919	141.55768	4	0.0	5	1.0	262
15/05/2025	04:52:02	40.53916	141.55772	-0	0.0	5	1.0	261
15/05/2025	04:53:02	40.53920	141.55763	14	0.0	3	1.1	265
15/05/2025	04:54:00	40.53909	141.55779	24	3.7	3	2.3	250
15/05/2025	04:55:00	40.53922	141.55778	14	3.7	4	2.0	249
15/05/2025	04:56:00	40.53920	141.55764	16	0.0	4	1.0	220
15/05/2025	04:57:00	40.53919	141.55771	26	0.0	5	1.0	249
15/05/2025	04:58:02	40.53920	141.55772	6	0.0	4	1.4	273
15/05/2025	04:59:01	40.53922	141.55778	-4	0.0	4	1.3	273
15/05/2025	05:00:00	40.53913	141.55768	0	0.0	3	1.1	218
15/05/2025	05:01:01	40.53921	141.55768	4	0.0	5	1.0	279
15/05/2025	05:02:00	40.53930	141.55776	-4	0.0	4	2.0	280
15/05/2025	05:03:00	40.53918	141.55766	26	0.0	4	2.0	278
15/05/2025	05:04:02	40.53922	141.55773	6	0.0	5	1.1	245
15/05/2025	05:05:00	40.53922	141.55762	10	0.0	4	1.4	246
15/05/2025	05:06:01	40.53921	141.55771	10	0.0	4	1.4	280
15/05/2025	05:07:01	40.53909	141.55773	-8	0.0	4	1.2	243
15/05/2025	05:08:01	40.53919	141.55765	16	3.7	3	1.3	247
15/05/2025	05:09:01	40.53930	141.55774	-0	0.0	3	1.3	236
15/05/2025	05:10:02	40.53919	141.55775	2	0.0	5	1.1	245
15/05/2025	05:11:01	40.53930	141.55771	8	0.0	4	1.0	278
15/05/2025	05:12:02	40.53917	141.55765	14	7.4	3	2.0	261
15/05/2025	05:13:02	40.53909	141.55780	20	0.0	4	2.0	273
15/05/2025	05:14:02	40.53920	141.55772	6	0.0	5	1.1	282
15/05/2025	05:15:00	40.53919	141.55777	-4	0.0	4	1.4	250
15/05/2025	05:16:01	40.53920	141.55785	-4	0.0	4	2.0	267
15/05/2025	05:17:00	40.53922	141.55766	16	0.0	5	1.1	278
15/05/2025	05:18:01	40.53892	141.55711	0	40.7	3	2.2	219
15/05/2025	05:19:03	40.53963	141.55700	-10	0.0	4	2.3	280
15/05/2025	05:20:03	40.53983	141.55698	-0	0.0	4	2.0	288
15/05/2025	05:21:00	40.53972	141.55701	4	3.7	4	2.2	246
15/05/2025	05:22:01	40.53972	141.55710	-18	0.0	5	1.1	285
15/05/2025	05:23:01	40.53969	141.55708	-16	0.0	4	2.2	281
15/05/2025	05:24:01	40.53989	141.55704	18	0.0	3	2.4	281
15/05/2025	05:25:02	40.53981	141.55703	0	0.0	5	1.0	285
15/05/2025	05:26:01	40.53971	141.55709	-2	0.0	5	1.0	279
15/05/2025	05:27:00	40.53971	141.55692	-2	3.7	4	1.1	283
15/05/2025	05:28:01	40.53979	141.55703	-6	0.0	5	1.0	278
15/05/2025	05:29:02	40.53978	141.55706	10	0.0	6	1.0	258
15/05/2025	05:30:02	40.53977	141.55713	8	0.0	4	1.2	267
15/05/2025	05:31:02	40.53971	141.55709	4	0.0	5	1.0	279
15/05/2025	05:32:02	40.53883	141.55725	4	33.3	3	1.4	271
15/05/2025	05:33:02	40.53571	141.55642	4	0.0	3	1.4	282
15/05/2025	05:34:01	40.53587	141.55647	-6	0.0	4	1.1	258
15/05/2025	05:35:00	40.53573	141.55618	18	3.7	3	2.2	255
15/05/2025	05:36:01	40.53571	141.55630	6	0.0	4	1.1	253
15/05/2025	05:37:02	40.53381	141.55251	8	40.7	4	1.1	278
15/05/2025	05:38:03	40.53048	141.54682	18	40.7	4	1.1	275
15/05/2025	05:39:02	40.52773	141.54047	4	37.0	3	1.4	226
15/05/2025	05:40:02	40.52751	141.53894	4	14.8	5	1.1	283
15/05/2025	05:41:00	40.52739	141.53897	-20	0.0	4	2.3	282
15/05/2025	05:42:00	40.52751	141.53901	20	0.0	4	1.1	265
15/05/2025	05:43:00	40.52712	141.53916	-60	3.7	3	2.0	228
15/05/2025	05:44:00	40.52739	141.53911	-6	0.0	3	2.0	289
15/05/2025	05:45:01	40.52752	141.53917	-2	25.9	3	1.4	277
15/05/2025	05:46:00	40.52757	141.53895	56	0.0	3	2.2	258
15/05/2025	05:47:01	40.52744	141.53750	26	37.0	4	1.1	286
15/05/2025	05:48:00	40.52831	141.53233	2	33.3	4	1.1	284
15/05/2025	05:49:02	40.53057	141.52710	12	29.6	4	1.1	277
15/05/2025	05:50:02	40.53341	141.52244	4	29.6	4	1.1	279
15/05/2025	05:51:00	40.53708	141.51986	14	25.9	4	1.0	253
15/05/2025	05:52:00	40.54090	141.51706	14	25.9	3	2.1	283
15/05/2025	05:53:01	40.54493	141.51409	6	18.5	4	1.1	280
15/05/2025	05:54:01	40.54398	141.50916	6	40.7	4	1.0	258
15/05/2025	05:55:01	40.54262	141.50487	-0	25.9	4	1.0	286
15/05/2025	05:56:01	40.54082	141.50222	2	44.4	4	1.0	256
15/05/2025	05:57:01	40.54047	141.50104	6	0.0	4	1.0	254
15/05/2025	05:58:02	40.54059	141.50103	8	0.0	3	1.0	236
15/05/2025	05:59:01	40.54063	141.50113	0	0.0	3	2.3	252
15/05/2025	06:00:00	40.54053	141.50133	-0	0.0	4	1.2	162
15/05/2025	06:01:01	40.54064	141.50484	-10	0.0	4	1.2	258
15/05/2025	06:02:02	40.54074	141.50525	-6	33.3	4	1.2	280
15/05/2025	06:03:02	40.54068	141.50475	-8	0.0	4	1.2	256
15/05/2025	06:04:01	40.54077	141.50467	4	0.0	3	1.2	221
15/05/2025	06:05:02	40.54074	141.50477	4	0.0	4	1.1	277
15/05/2025	06:06:02	40.54177	141.50599	2	0.0	4	1.1	279
15/05/2025	06:07:02	40.54178	141.50607	-6	0.0	4	1.1	251
15/05/2025	06:08:01	40.54267	141.50901	-12	0.0	4	1.1	249
15/05/2025	06:09:01	40.54305	141.50990	-52	0.0	3	2.0	282
15/05/2025	06:10:01	40.54321	141.50993	-14	0.0	4	1.1	243
15/05/2025	06:11:01	40.54327	141.50993	6	0.0	4	1.1	250
15/05/2025	06:12:01	40.54326	141.50995	8	0.0	3	2.0	273
15/05/2025	06:13:01	40.54327	141.50999	2	0.0	3	2.0	281
15/05/2025	06:14:00	40.54317	141.50990	10	3.7	3	2.0	286
15/05/2025	06:15:01	40.54325	141.51002	-0	0.0	3	2.0	285
15/05/2025	06:16:01	40.54328	141.50994	0	0.0	4	1.1	285
15/05/2025	06:17:01	40.54330	141.51001	-12	0.0	3	2.0	285
15/05/2025	06:18:01	40.54331	141.50996	-0	0.0	3	2.0	280
15/05/2025	06:19:01	40.54328	141.51054	-4	33.3	4	1.1	274
15/05/2025	06:20:00	40.54068	141.51785	16	48.2	3	1.1	214
15/05/2025	06:21:02	40.53402	141.52338	30	51.9	4	1.1	251
15/05/2025	06:22:01	40.53061	141.53058	22	51.9	4	1.1	280
15/05/2025	06:23:03	40.52770	141.53775	10	37.0	4	1.1	273
15/05/2025	06:24:02	40.52753	141.53900	12	29.6	4	1.1	274
15/05/2025	06:25:02	40.52762	141.53886	6	18.5	3	2.1	279
15/05/2025	06:26:01	40.52756	141.53882	20	22.2	4	1.1	312
15/05/2025	06:27:01	40.52742	141.53938	4	25.9	3	2.0	248
15/05/2025	06:28:00	40.52734	141.53921	2	3.7	3	2.0	257
15/05/2025	06:29:02	40.52746	141.53895	8	0.0	4	1.1	277
15/05/2025	06:30:01	40.52746	141.53890	18	0.0	3	2.0	244
15/05/2025	06:31:01	40.52745	141.53904	-10	0.0	3	2.0	248
15/05/2025	06:32:00	40.52736	141.53927	-24	0.0	3	2.0	227
15/05/2025	06:33:01	40.52759	141.53897	16	14.8	3	2.0	217
15/05/2025	06:34:02	40.52748	141.53887	6	3.7	4	1.1	273
15/05/2025	06:35:01	40.52738	141.53906	-8	0.0	3	1.4	252
15/05/2025	06:36:01	40.52773	141.53883	48	0.0	3	1.4	264
15/05/2025	06:37:02	40.52752	141.53895	8	25.9	3	1.4	270
15/05/2025	06:38:18	40.52747	141.53912	-18	0.0	3	1.4	251
15/05/2025	06:39:01	40.52740	141.53877	34	0.0	3	1.4	250
15/05/2025	06:40:02	40.52746	141.53884	-4	22.2	3	1.4	214
15/05/2025	06:41:01	40.52741	141.53918	0	11.1	3	1.4	239
15/05/2025	06:42:01	40.52747	141.53906	16	0.0	3	1.4	244
15/05/2025	06:43:03	40.52741	141.53909	-8	0.0	4	1.0	259
15/05/2025	06:44:02	40.52763	141.53902	8	18.5	3	1.4	235
15/05/2025	06:45:02	40.52745	141.53910	2	0.0	3	1.3	247
15/05/2025	06:46:02	40.52749	141.53888	34	0.0	3	1.3	274
15/05/2025	06:47:03	40.52757	141.53878	32	0.0	2	1.2	240
15/05/2025	06:48:04	40.52746	141.53909	-6	0.0	3	1.3	268
15/05/2025	06:49:06	40.52749	141.53895	10	0.0	4	1.0	245
15/05/2025	06:50:06	40.52758	141.53885	8	22.2	3	7.0	230
15/05/2025	06:51:03	40.52734	141.53931	18	0.0	3	7.0	281
15/05/2025	06:52:02	40.52749	141.53875	10	14.8	3	7.0	262
15/05/2025	06:53:03	40.52934	141.54308	18	25.9	2	25.0	260
15/05/2025	06:54:03	40.53271	141.54565	-0	25.9	3	7.1	272
15/05/2025	06:55:03	40.53308	141.54496	-4	0.0	3	7.1	267
15/05/2025	06:56:03	40.53383	141.54647	14	40.7	3	7.1	261
15/05/2025	06:57:03	40.53559	141.55277	28	44.4	3	7.1	272
15/05/2025	06:58:05	40.53832	141.55596	16	7.4	3	7.1	261
15/05/2025	06:59:36	40.53829	141.55858	10	0.0	7	1.1	278
15/05/2025	07:00:00	40.53815	141.55841	20	0.0	4	1.4	193
15/05/2025	07:01:00	40.53841	141.55848	28	0.0	5	1.3	278
15/05/2025	07:02:00	40.53827	141.55836	0	0.0	3	1.4	243
15/05/2025	07:03:00	40.53816	141.55872	12	0.0	4	1.2	269
15/05/2025	07:04:00	40.53815	141.55845	32	0.0	5	1.2	248
15/05/2025	07:05:00	40.53828	141.55846	4	0.0	6	1.1	284
15/05/2025	07:06:02	40.53844	141.55878	-12	0.0	5	1.2	247
15/05/2025	07:07:00	40.53815	141.55871	36	3.7	4	2.1	265
15/05/2025	07:08:01	40.53834	141.55857	0	0.0	5	1.1	237
15/05/2025	07:09:00	40.53825	141.55851	4	0.0	4	2.3	245
15/05/2025	07:10:00	40.53834	141.55875	36	0.0	4	2.1	218
15/05/2025	07:11:00	40.53834	141.55858	0	0.0	5	1.3	256
15/05/2025	07:12:00	40.53821	141.55865	18	0.0	5	1.3	250
15/05/2025	07:13:00	40.53836	141.55862	0	0.0	5	1.2	246
15/05/2025	07:14:00	40.53844	141.55849	-8	0.0	3	2.0	222
15/05/2025	07:15:00	40.53827	141.55862	12	0.0	5	2.0	256
15/05/2025	07:16:00	40.53835	141.55850	20	3.7	4	2.2	249
15/05/2025	07:17:02	40.53841	141.55840	0	0.0	6	1.2	279
15/05/2025	07:18:01	40.53830	141.55860	14	0.0	7	1.1	278
15/05/2025	07:19:01	40.53811	141.55866	34	0.0	6	2.2	294
15/05/2025	07:20:00	40.53931	141.55757	-0	0.0	4	1.2	216
15/05/2025	07:21:01	40.53924	141.55777	4	0.0	6	1.1	275
15/05/2025	07:22:00	40.53925	141.55768	0	0.0	4	1.3	281
15/05/2025	07:23:00	40.53924	141.55773	-0	0.0	4	2.3	243
15/05/2025	07:24:00	40.53920	141.55787	30	0.0	4	2.1	247
15/05/2025	07:25:00	40.53918	141.55773	22	0.0	4	2.2	246
15/05/2025	07:26:01	40.53919	141.55775	20	0.0	6	1.1	263
15/05/2025	07:27:00	40.53922	141.55775	12	0.0	4	2.2	249
15/05/2025	07:28:00	40.53921	141.55773	20	3.7	4	2.3	224
15/05/2025	07:29:01	40.53927	141.55777	42	0.0	4	2.3	246
15/05/2025	07:30:00	40.53918	141.55787	38	0.0	4	2.3	254
15/05/2025	07:31:00	40.53918	141.55764	2	0.0	4	2.4	248
15/05/2025	07:32:01	40.53914	141.55773	4	0.0	5	1.4	251
15/05/2025	07:33:02	40.53919	141.55773	6	0.0	6	1.1	247
15/05/2025	07:34:01	40.53915	141.55773	12	0.0	6	1.1	251
15/05/2025	07:35:01	40.53919	141.55771	12	0.0	6	1.1	250
15/05/2025	07:36:00	40.53922	141.55780	30	0.0	5	2.0	253
15/05/2025	07:37:01	40.53917	141.55775	12	0.0	6	1.1	251
15/05/2025	07:38:01	40.53912	141.55770	4	0.0	6	1.1	253
15/05/2025	07:39:01	40.53918	141.55767	-0	0.0	6	1.1	248
15/05/2025	07:40:00	40.53918	141.55774	20	0.0	5	1.1	254
15/05/2025	07:41:00	40.53925	141.55774	14	0.0	4	2.3	248
15/05/2025	07:42:01	40.53919	141.55765	18	0.0	6	1.1	249
15/05/2025	07:43:00	40.53916	141.55770	8	0.0	5	1.1	255
15/05/2025	07:44:00	40.53922	141.55777	6	0.0	4	1.3	242
15/05/2025	07:45:01	40.53916	141.55772	12	0.0	5	1.3	246
15/05/2025	07:46:00	40.53923	141.55776	-6	0.0	6	1.1	255
15/05/2025	07:47:00	40.53904	141.55775	22	0.0	5	1.3	250
15/05/2025	07:48:00	40.53926	141.55767	-10	0.0	5	1.3	253
15/05/2025	07:49:00	40.53903	141.55780	34	0.0	5	1.3	249
15/05/2025	07:50:00	40.53911	141.55775	12	0.0	5	1.3	224
15/05/2025	07:51:00	40.53927	141.55797	12	0.0	4	1.3	194
15/05/2025	07:52:00	40.53931	141.55767	-0	0.0	5	1.3	224
15/05/2025	07:53:01	40.53910	141.55768	-0	0.0	5	1.3	227
15/05/2025	07:54:01	40.53906	141.55770	66	0.0	3	2.1	230
15/05/2025	07:55:01	40.53895	141.55803	20	0.0	5	1.3	225
15/05/2025	07:56:01	40.53928	141.55753	-2	0.0	4	2.0	190
15/05/2025	07:57:01	40.53905	141.55793	42	0.0	5	1.3	223
15/05/2025	07:58:01	40.53918	141.55754	-14	0.0	5	1.3	225
15/05/2025	07:59:01	40.53918	141.55765	2	0.0	4	2.0	164
15/05/2025	08:00:00	40.53931	141.55765	4	3.7	5	1.3	226
15/05/2025	08:01:03	40.53916	141.55770	6	0.0	4	2.2	230
15/05/2025	08:02:01	40.53918	141.55761	30	3.7	4	2.0	198
15/05/2025	08:03:01	40.53924	141.55777	16	3.7	4	2.2	195
15/05/2025	08:04:01	40.53926	141.55769	-0	0.0	5	1.3	228
15/05/2025	08:05:02	40.53922	141.55769	10	0.0	5	1.3	243
15/05/2025	08:06:00	40.53927	141.55780	-8	0.0	5	1.3	222
15/05/2025	08:07:00	40.53917	141.55772	16	0.0	4	1.4	218
15/05/2025	08:08:00	40.53925	141.55769	-12	0.0	4	1.4	188
15/05/2025	08:09:00	40.53913	141.55766	22	0.0	4	1.4	222
15/05/2025	08:10:00	40.53913	141.55785	6	0.0	5	1.3	219
15/05/2025	08:11:01	40.53919	141.55769	14	0.0	5	1.3	217
15/05/2025	08:12:01	40.53918	141.55780	30	0.0	5	1.3	220
15/05/2025	08:13:01	40.53926	141.55769	-16	0.0	5	1.3	257
15/05/2025	08:14:01	40.53919	141.55785	32	0.0	4	1.4	221
15/05/2025	08:15:01	40.53922	141.55767	4	0.0	5	1.3	216
15/05/2025	08:16:01	40.53918	141.55773	36	0.0	4	1.4	221
15/05/2025	08:17:01	40.53904	141.55787	28	0.0	4	2.0	191
15/05/2025	08:18:01	40.53915	141.55776	38	0.0	5	1.4	279
15/05/2025	08:19:01	40.53921	141.55766	-4	0.0	5	1.4	252
15/05/2025	08:20:01	40.53913	141.55770	-8	0.0	5	1.4	227
15/05/2025	08:21:02	40.53913	141.55783	20	0.0	4	4.0	217
15/05/2025	08:22:01	40.53921	141.55759	14	0.0	5	1.4	225
15/05/2025	08:23:01	40.53921	141.55783	32	0.0	5	1.4	221
15/05/2025	08:24:01	40.53925	141.55774	-10	0.0	4	2.0	247
15/05/2025	08:25:01	40.53908	141.55773	44	7.4	3	2.3	188
15/05/2025	08:26:01	40.53931	141.55752	-14	0.0	5	1.4	223
15/05/2025	08:27:01	40.53924	141.55771	28	0.0	5	1.4	228
15/05/2025	08:28:01	40.53903	141.55784	24	3.7	4	2.0	213
15/05/2025	08:29:01	40.53891	141.55782	52	0.0	5	1.4	247
15/05/2025	08:30:01	40.53909	141.55772	18	0.0	5	1.4	227
15/05/2025	08:31:01	40.53919	141.55773	6	0.0	5	1.4	226
15/05/2025	08:32:01	40.53916	141.55763	2	0.0	4	2.0	217
15/05/2025	08:33:01	40.53935	141.55764	38	0.0	4	2.3	218
15/05/2025	08:34:01	40.53914	141.55794	24	0.0	5	1.4	247
15/05/2025	08:35:01	40.53913	141.55774	-8	0.0	3	2.4	217
15/05/2025	08:36:01	40.53933	141.55765	12	3.7	3	2.4	193
15/05/2025	08:37:01	40.53930	141.55767	44	0.0	5	1.4	249
15/05/2025	08:38:01	40.53925	141.55776	2	3.7	5	1.4	250
15/05/2025	08:39:01	40.53905	141.55775	-40	0.0	4	2.0	242
15/05/2025	08:40:01	40.53899	141.55774	70	0.0	3	2.1	224
15/05/2025	08:41:01	40.53916	141.55766	2	0.0	5	1.4	224
15/05/2025	08:42:01	40.53907	141.55776	6	0.0	5	1.4	255
15/05/2025	08:43:01	40.53925	141.55772	36	0.0	5	1.4	259
15/05/2025	08:44:01	40.53919	141.55779	14	0.0	4	2.0	220
15/05/2025	08:45:01	40.53905	141.55780	56	0.0	4	2.0	251
15/05/2025	08:46:01	40.53924	141.55781	14	0.0	3	2.3	252
15/05/2025	08:47:01	40.53894	141.55768	-6	3.7	4	2.1	226
15/05/2025	08:48:01	40.53926	141.55767	-2	0.0	5	2.0	257
15/05/2025	08:49:01	40.53881	141.55822	70	7.4	3	2.3	257
15/05/2025	08:50:01	40.53922	141.55758	16	0.0	4	2.1	252
15/05/2025	08:51:01	40.53920	141.55771	12	0.0	5	2.0	249
15/05/2025	08:52:01	40.53941	141.55741	-74	0.0	4	2.1	253
15/05/2025	08:53:01	40.53916	141.55770	0	0.0	5	2.0	253
15/05/2025	08:54:01	40.53917	141.55779	28	0.0	4	2.1	273
15/05/2025	08:55:01	40.53911	141.55779	-6	0.0	4	2.1	311
15/05/2025	08:56:01	40.53914	141.55765	-24	0.0	4	2.1	249
15/05/2025	08:57:01	40.53914	141.55778	12	0.0	4	2.1	224
15/05/2025	08:58:01	40.53920	141.55761	-16	0.0	5	2.0	276
15/05/2025	08:59:01	40.53908	141.55780	32	0.0	4	2.1	227
15/05/2025	09:00:01	40.53909	141.55774	14	3.7	3	2.4	247
15/05/2025	09:01:01	40.53914	141.55761	12	0.0	4	2.1	248
15/05/2025	09:02:01	40.53928	141.55767	34	0.0	3	4.1	236
15/05/2025	09:03:01	40.53920	141.55783	46	0.0	4	2.1	222
15/05/2025	09:04:02	40.53919	141.55770	14	0.0	4	2.1	272
15/05/2025	09:05:01	40.53923	141.55765	-18	0.0	4	2.1	272
15/05/2025	09:06:01	40.53918	141.55769	-2	0.0	4	2.1	300
15/05/2025	09:07:01	40.53917	141.55769	12	0.0	4	2.1	265
15/05/2025	09:08:00	40.53927	141.55752	-10	0.0	4	2.1	189
15/05/2025	09:09:01	40.53914	141.55786	38	0.0	4	2.0	223
15/05/2025	09:10:01	40.53917	141.55765	-2	0.0	4	2.0	251
15/05/2025	09:11:01	40.53913	141.55781	34	0.0	4	2.0	266
15/05/2025	09:12:01	40.53912	141.55787	44	0.0	4	2.0	268
15/05/2025	09:13:01	40.53916	141.55772	14	0.0	4	2.0	252
15/05/2025	09:14:02	40.53918	141.55761	-12	0.0	4	2.0	283
15/05/2025	09:15:01	40.53915	141.55771	-0	0.0	4	2.0	252
15/05/2025	09:16:01	40.53917	141.55773	14	0.0	4	2.0	250
15/05/2025	09:17:02	40.53927	141.55756	-16	0.0	4	2.0	280
15/05/2025	09:18:03	40.53922	141.55766	4	0.0	4	2.0	247
15/05/2025	09:19:01	40.53907	141.55770	18	0.0	3	4.2	282
15/05/2025	09:20:02	40.53915	141.55777	28	0.0	3	4.2	247
15/05/2025	09:21:01	40.53934	141.55743	-30	0.0	3	4.1	241
15/05/2025	09:22:01	40.53926	141.55775	18	0.0	3	4.1	240
15/05/2025	09:23:01	40.53928	141.55762	-16	0.0	3	4.1	253
15/05/2025	09:24:03	40.53919	141.55775	-2	0.0	3	4.0	273
15/05/2025	09:25:03	40.53919	141.55761	12	0.0	3	4.0	256
15/05/2025	09:26:01	40.53926	141.55750	-28	0.0	3	4.0	224
15/05/2025	09:27:03	40.53926	141.55765	6	0.0	4	2.0	275
15/05/2025	09:28:01	40.53921	141.55773	-8	0.0	3	3.4	214
15/05/2025	09:29:01	40.53913	141.55785	50	0.0	3	3.4	273
15/05/2025	09:30:01	40.53908	141.55782	30	0.0	3	3.4	242
15/05/2025	09:31:01	40.53913	141.55776	12	0.0	3	3.3	218
15/05/2025	09:32:01	40.53928	141.55759	-26	0.0	3	3.3	216
15/05/2025	09:33:01	40.53911	141.55775	42	0.0	3	3.3	192
15/05/2025	09:34:01	40.53917	141.55770	-0	0.0	3	3.2	218
15/05/2025	09:35:01	40.53919	141.55773	14	0.0	3	3.2	218
15/05/2025	09:36:01	40.53921	141.55781	26	0.0	3	3.2	224
15/05/2025	09:37:01	40.53921	141.55778	10	0.0	3	3.2	223
15/05/2025	09:38:01	40.53916	141.55763	-6	0.0	3	3.1	220
15/05/2025	09:39:01	40.53930	141.55753	-16	3.7	3	3.1	221
15/05/2025	09:40:02	40.53939	141.55746	-12	0.0	3	3.1	254
15/05/2025	09:41:01	40.53903	141.55788	42	0.0	3	3.1	215
15/05/2025	09:42:01	40.53925	141.55747	-14	0.0	3	3.1	186
15/05/2025	09:43:01	40.53908	141.55772	32	0.0	3	3.0	218
15/05/2025	09:44:02	40.53926	141.55768	12	0.0	3	3.0	249
15/05/2025	09:45:01	40.53926	141.55769	-6	0.0	3	3.0	219
15/05/2025	09:46:01	40.53907	141.55756	12	0.0	3	3.0	216
15/05/2025	09:47:01	40.53923	141.55773	-4	0.0	3	3.0	218
15/05/2025	09:48:01	40.53917	141.55762	-4	0.0	3	2.4	216
15/05/2025	09:49:01	40.53912	141.55755	-2	0.0	3	2.4	209
15/05/2025	09:50:01	40.53912	141.55775	-0	0.0	3	2.4	221
15/05/2025	09:51:01	40.53922	141.55780	14	0.0	3	2.4	221
15/05/2025	09:52:01	40.53921	141.55769	2	0.0	3	2.4	217
15/05/2025	09:53:01	40.53929	141.55765	38	0.0	3	2.4	214
15/05/2025	09:54:01	40.53916	141.55773	16	0.0	3	2.4	215
15/05/2025	09:55:01	40.53910	141.55758	40	0.0	3	2.3	213
15/05/2025	09:56:03	40.53922	141.55773	0	0.0	3	2.3	274
15/05/2025	09:57:01	40.53917	141.55787	42	0.0	3	2.3	216
15/05/2025	09:58:02	40.53912	141.55787	20	0.0	3	2.3	243
15/05/2025	09:59:02	40.53920	141.55770	6	0.0	3	2.3	217
15/05/2025	10:00:36	40.53919	141.55771	12	0.0	6	1.0	268
15/05/2025	10:01:00	40.53921	141.55758	12	3.7	3	2.3	182
15/05/2025	10:02:01	40.53919	141.55771	12	0.0	6	1.0	240
15/05/2025	10:03:00	40.53900	141.55775	-12	0.0	4	2.0	221
15/05/2025	10:04:00	40.53917	141.55765	-2	0.0	5	1.0	220
15/05/2025	10:05:00	40.53953	141.55743	60	0.0	3	2.1	188
15/05/2025	10:06:00	40.53894	141.55759	-14	3.7	3	2.2	187
15/05/2025	10:07:00	40.53917	141.55776	32	3.7	3	2.1	161
15/05/2025	10:08:01	40.53943	141.55778	26	0.0	3	2.2	206
15/05/2025	10:09:01	40.53907	141.55769	-8	0.0	4	1.4	235
15/05/2025	10:10:01	40.53915	141.55790	12	0.0	4	1.4	185
15/05/2025	10:11:01	40.53930	141.55778	0	0.0	4	1.4	236
15/05/2025	10:12:01	40.53911	141.55775	6	0.0	4	1.4	183
15/05/2025	10:13:01	40.53923	141.55775	26	0.0	3	2.0	207
15/05/2025	10:14:01	40.53924	141.55774	18	0.0	3	2.0	187
15/05/2025	10:15:01	40.53924	141.55775	-0	0.0	4	1.4	219
15/05/2025	10:16:01	40.53920	141.55772	-6	0.0	4	1.4	191
15/05/2025	10:17:01	40.53931	141.55771	32	0.0	4	1.4	186
15/05/2025	10:18:01	40.53904	141.55771	2	0.0	4	1.4	196
15/05/2025	10:19:01	40.53908	141.55776	2	0.0	4	1.4	228
15/05/2025	10:20:01	40.53917	141.55776	26	0.0	3	2.1	161
15/05/2025	10:21:01	40.53919	141.55769	4	0.0	4	1.3	192
15/05/2025	10:22:01	40.53930	141.55757	18	0.0	3	1.4	160
15/05/2025	10:23:01	40.53945	141.55760	40	0.0	4	1.3	214
15/05/2025	10:24:01	40.53931	141.55775	22	0.0	4	1.3	191
15/05/2025	10:25:01	40.53908	141.55767	0	0.0	4	1.3	256
15/05/2025	10:26:01	40.53908	141.55768	6	0.0	4	1.3	193
15/05/2025	10:27:01	40.53909	141.55773	6	0.0	4	1.3	217
15/05/2025	10:28:01	40.53920	141.55770	18	0.0	4	1.3	161
15/05/2025	10:29:01	40.53905	141.55765	-10	0.0	3	2.0	159
15/05/2025	10:30:01	40.53908	141.55767	10	0.0	4	1.3	160
15/05/2025	10:31:01	40.53922	141.55762	4	0.0	4	1.3	191
15/05/2025	10:32:01	40.53936	141.55780	34	0.0	4	1.3	160
15/05/2025	10:33:01	40.53913	141.55767	4	0.0	4	1.3	219
15/05/2025	10:34:01	40.53914	141.55765	-6	0.0	4	1.3	186
15/05/2025	10:35:01	40.53896	141.55755	28	0.0	3	2.3	215
15/05/2025	10:36:01	40.53919	141.55745	-32	0.0	2	3.0	204
15/05/2025	10:37:01	40.53920	141.55775	22	0.0	2	3.0	182
15/05/2025	10:38:01	40.53896	141.55782	-46	3.7	2	8.0	218
15/05/2025	10:39:02	40.53926	141.55773	2	0.0	3	2.3	233
15/05/2025	10:40:00	40.53926	141.55769	-0	0.0	3	2.3	204
15/05/2025	10:41:00	40.53913	141.55773	30	0.0	3	2.3	204
15/05/2025	10:42:00	40.53932	141.55774	-4	0.0	3	2.3	187
15/05/2025	10:43:00	40.53916	141.55767	16	0.0	3	2.2	187
15/05/2025	10:44:00	40.53912	141.55769	26	0.0	3	2.2	191
15/05/2025	10:45:01	40.53904	141.55775	48	0.0	3	2.2	162
15/05/2025	10:46:00	40.53907	141.55761	44	0.0	3	2.2	184
15/05/2025	10:47:00	40.53916	141.55766	22	0.0	3	2.2	189
15/05/2025	10:48:00	40.53916	141.55768	22	0.0	3	2.2	186
15/05/2025	10:49:00	40.53901	141.55762	30	0.0	3	2.2	186
15/05/2025	10:50:00	40.53906	141.55770	40	0.0	3	2.2	209
15/05/2025	10:51:01	40.53912	141.55770	8	0.0	3	2.2	211
15/05/2025	10:52:00	40.53911	141.55785	10	0.0	3	2.1	189
15/05/2025	10:53:01	40.53915	141.55776	6	0.0	3	2.1	242
15/05/2025	10:54:00	40.53926	141.55772	2	0.0	3	2.1	189
15/05/2025	10:55:00	40.53940	141.55797	6	0.0	3	2.1	188
15/05/2025	10:56:00	40.53903	141.55769	10	0.0	3	2.1	188
15/05/2025	10:57:00	40.53928	141.55781	6	0.0	3	2.1	185
15/05/2025	10:58:00	40.53913	141.55761	-4	0.0	3	2.1	183
15/05/2025	10:59:00	40.53934	141.55752	-56	0.0	3	2.1	207
15/05/2025	11:00:00	40.53910	141.55764	-16	0.0	3	2.1	183
15/05/2025	11:01:00	40.53885	141.55769	32	3.7	3	2.1	152
15/05/2025	11:02:02	40.53910	141.55778	12	0.0	3	2.1	232
15/05/2025	11:03:00	40.53905	141.55767	28	0.0	3	2.0	153
15/05/2025	11:04:01	40.53907	141.55757	12	0.0	3	2.0	157
15/05/2025	11:05:02	40.53917	141.55771	12	0.0	3	2.0	262
15/05/2025	11:06:00	40.53931	141.55772	4	0.0	3	2.0	235
15/05/2025	11:07:00	40.53919	141.55771	24	0.0	3	2.0	211
15/05/2025	11:08:00	40.53919	141.55770	-4	0.0	3	2.0	180
15/05/2025	11:09:00	40.53922	141.55774	2	0.0	3	2.0	186
15/05/2025	11:10:00	40.53934	141.55780	10	0.0	3	2.0	186
15/05/2025	11:11:01	40.53914	141.55769	24	0.0	3	2.0	246
15/05/2025	11:12:00	40.53925	141.55762	24	0.0	3	2.0	213
15/05/2025	11:13:00	40.53922	141.55773	-0	0.0	3	2.0	210
15/05/2025	11:14:00	40.53924	141.55779	16	0.0	3	2.0	214
15/05/2025	11:15:00	40.53908	141.55771	14	0.0	3	2.0	214
15/05/2025	11:16:00	40.53914	141.55774	-0	0.0	3	2.0	188
15/05/2025	11:17:01	40.53919	141.55770	22	0.0	3	2.0	214
15/05/2025	11:18:01	40.53912	141.55773	12	0.0	3	2.0	269
15/05/2025	11:19:00	40.53926	141.55778	16	0.0	3	2.0	214
15/05/2025	11:20:01	40.53910	141.55770	24	0.0	3	2.0	237
15/05/2025	11:21:00	40.53927	141.55772	-12	0.0	3	2.0	216
15/05/2025	11:22:01	40.53913	141.55769	12	0.0	3	2.0	238
15/05/2025	11:23:01	40.53916	141.55770	2	0.0	3	2.0	274
15/05/2025	11:24:00	40.53922	141.55772	10	0.0	3	2.0	220
15/05/2025	11:25:00	40.53912	141.55757	6	0.0	3	1.4	218
15/05/2025	11:26:01	40.53922	141.55768	8	0.0	3	1.4	238
15/05/2025	11:27:01	40.53921	141.55767	8	0.0	3	1.4	238
15/05/2025	11:28:01	40.53921	141.55777	30	0.0	3	1.4	201
15/05/2025	11:29:01	40.53912	141.55775	18	0.0	3	1.4	239
15/05/2025	11:30:01	40.53917	141.55775	0	0.0	3	1.4	278
15/05/2025	11:31:01	40.53913	141.55775	26	0.0	3	1.4	240
15/05/2025	11:32:01	40.53907	141.55776	24	0.0	2	4.0	273
15/05/2025	11:33:01	40.53912	141.55772	4	0.0	2	4.1	277
15/05/2025	11:34:01	40.53909	141.55775	0	0.0	2	4.1	240
15/05/2025	11:35:01	40.53909	141.55777	4	0.0	2	4.1	237
15/05/2025	11:36:01	40.53923	141.55774	6	0.0	2	4.1	238
15/05/2025	11:37:02	40.53923	141.55766	24	0.0	2	4.1	236
15/05/2025	11:38:02	40.53910	141.55773	6	0.0	2	4.1	213
15/05/2025	11:39:01	40.53898	141.55779	6	0.0	2	4.1	195
15/05/2025	11:40:02	40.53911	141.55771	12	0.0	2	4.1	232
15/05/2025	11:41:02	40.53901	141.55786	-20	0.0	2	4.1	195
15/05/2025	11:42:01	40.53864	141.55798	-0	7.4	2	4.1	196
15/05/2025	11:43:02	40.53908	141.55778	12	0.0	2	4.2	165
15/05/2025	11:44:02	40.53909	141.55776	34	0.0	2	4.2	219
15/05/2025	11:45:02	40.53917	141.55776	6	0.0	2	4.2	181
15/05/2025	11:46:01	40.53910	141.55770	-2	0.0	2	4.2	214
15/05/2025	11:47:02	40.53918	141.55775	10	0.0	2	4.2	184
15/05/2025	11:48:02	40.53901	141.55781	14	0.0	2	4.3	209
15/05/2025	11:49:01	40.53908	141.55770	-8	0.0	2	4.3	216
15/05/2025	11:50:02	40.53893	141.55784	20	0.0	2	4.3	219
15/05/2025	11:51:02	40.53907	141.55776	14	0.0	2	4.3	213
15/05/2025	11:52:01	40.53909	141.55765	26	0.0	2	4.4	219
15/05/2025	11:53:02	40.53912	141.55781	-4	0.0	2	4.4	212
15/05/2025	11:54:01	40.53925	141.55774	4	0.0	2	4.4	218
15/05/2025	11:55:02	40.53909	141.55778	26	0.0	2	5.0	249
15/05/2025	11:56:01	40.53935	141.55763	-4	0.0	2	5.0	214
15/05/2025	11:57:02	40.53891	141.55787	0	0.0	2	5.0	217
15/05/2025	11:58:02	40.53893	141.55785	20	0.0	2	5.1	220
15/05/2025	11:59:01	40.53919	141.55776	-8	0.0	2	5.1	251
15/05/2025	12:00:30	40.53916	141.55772	8	0.0	6	1.2	252
15/05/2025	12:01:00	40.53935	141.55770	-20	0.0	3	2.0	186
15/05/2025	12:02:01	40.53919	141.55769	4	0.0	5	1.3	251
15/05/2025	12:03:00	40.53919	141.55770	10	0.0	5	1.3	216
15/05/2025	12:04:00	40.53908	141.55765	-4	0.0	5	1.3	221
15/05/2025	12:05:00	40.53905	141.55784	-18	0.0	5	1.3	208
15/05/2025	12:06:00	40.53915	141.55771	0	0.0	5	1.3	220
15/05/2025	12:07:00	40.53923	141.55764	4	0.0	5	1.3	223
15/05/2025	12:08:00	40.53903	141.55778	-8	0.0	4	2.2	191
15/05/2025	12:09:01	40.53913	141.55778	-8	0.0	4	1.3	193
15/05/2025	12:10:00	40.53914	141.55774	22	0.0	5	1.3	218
15/05/2025	12:11:00	40.53935	141.55765	16	0.0	4	2.0	217
15/05/2025	12:12:00	40.53920	141.55771	-8	0.0	4	2.0	219
15/05/2025	12:13:00	40.53908	141.55776	12	0.0	5	1.3	218
15/05/2025	12:14:00	40.53922	141.55780	10	0.0	5	2.0	218
15/05/2025	12:15:01	40.53927	141.55770	24	0.0	6	1.2	212
15/05/2025	12:16:00	40.53915	141.55772	-10	0.0	5	1.2	219
15/05/2025	12:17:00	40.53896	141.55755	2	0.0	4	2.4	188
15/05/2025	12:18:00	40.53911	141.55774	8	0.0	5	1.2	194
15/05/2025	12:19:00	40.53920	141.55774	10	0.0	5	1.2	220
15/05/2025	12:20:00	40.53920	141.55766	6	0.0	4	2.2	163
15/05/2025	12:21:00	40.53910	141.55772	20	0.0	4	2.1	218
15/05/2025	12:22:00	40.53913	141.55777	4	0.0	5	1.2	190
15/05/2025	12:23:00	40.53917	141.55759	6	0.0	5	1.2	196
15/05/2025	12:24:01	40.53925	141.55771	20	0.0	5	1.2	242
15/05/2025	12:25:00	40.53913	141.55773	10	0.0	4	1.2	179
15/05/2025	12:26:00	40.53921	141.55778	2	0.0	5	1.2	192
15/05/2025	12:27:00	40.53925	141.55765	10	0.0	4	1.3	185
15/05/2025	12:28:00	40.53905	141.55772	6	0.0	5	1.2	216
15/05/2025	12:29:00	40.53930	141.55763	18	0.0	5	1.2	221
15/05/2025	12:30:00	40.53933	141.55770	22	3.7	4	2.4	190
15/05/2025	12:31:00	40.53912	141.55771	20	0.0	5	1.2	220
15/05/2025	12:32:00	40.53920	141.55750	8	0.0	4	1.2	186
15/05/2025	12:33:00	40.53923	141.55764	10	0.0	4	1.2	187
15/05/2025	12:34:01	40.53916	141.55771	14	0.0	5	1.2	238
15/05/2025	12:35:00	40.53920	141.55775	18	0.0	5	1.2	222
15/05/2025	12:36:00	40.53920	141.55773	16	0.0	3	1.2	160
15/05/2025	12:37:00	40.53920	141.55786	-6	0.0	3	1.2	161
15/05/2025	12:38:00	40.53921	141.55762	14	0.0	5	1.1	223
15/05/2025	12:39:00	40.53931	141.55765	6	0.0	5	1.1	222
15/05/2025	12:40:01	40.53917	141.55763	28	0.0	5	1.1	238
15/05/2025	12:41:00	40.53923	141.55777	16	0.0	5	1.1	222
15/05/2025	12:42:00	40.53915	141.55769	8	0.0	4	1.4	217
15/05/2025	12:43:00	40.53921	141.55771	12	0.0	5	1.1	221
15/05/2025	12:44:00	40.53923	141.55767	20	0.0	4	1.4	221
15/05/2025	12:45:00	40.53923	141.55777	-2	0.0	4	1.4	217
15/05/2025	12:46:00	40.53912	141.55781	-0	0.0	4	1.4	239
15/05/2025	12:47:00	40.53930	141.55759	6	0.0	5	1.1	219
15/05/2025	12:48:00	40.53915	141.55758	16	0.0	5	1.1	222
15/05/2025	12:49:00	40.53925	141.55783	-0	0.0	4	1.4	221
15/05/2025	12:50:00	40.53915	141.55771	28	0.0	4	1.4	222
15/05/2025	12:51:00	40.53925	141.55775	16	0.0	4	1.3	221
15/05/2025	12:52:00	40.53919	141.55773	6	0.0	4	1.3	220
15/05/2025	12:53:00	40.53917	141.55775	6	0.0	4	1.3	217
15/05/2025	12:54:01	40.53918	141.55766	10	0.0	5	1.1	222
15/05/2025	12:55:00	40.53913	141.55774	26	0.0	4	1.3	220
15/05/2025	12:56:00	40.53918	141.55780	4	0.0	4	1.3	219
15/05/2025	12:57:01	40.53914	141.55763	16	0.0	4	1.3	240
15/05/2025	12:58:00	40.53920	141.55761	20	0.0	4	1.3	240
15/05/2025	12:59:00	40.53904	141.55762	16	0.0	4	1.3	191
15/05/2025	13:00:00	40.53921	141.55770	12	0.0	4	1.3	218
15/05/2025	13:01:00	40.53922	141.55770	0	0.0	3	1.3	171
15/05/2025	13:02:00	40.53913	141.55769	12	0.0	4	1.3	242
15/05/2025	13:03:00	40.53915	141.55768	16	0.0	4	1.3	242
15/05/2025	13:04:00	40.53915	141.55776	6	0.0	4	1.3	241
15/05/2025	13:05:01	40.53915	141.55771	14	0.0	4	1.3	236
15/05/2025	13:06:01	40.53916	141.55763	18	0.0	4	1.3	240
15/05/2025	13:07:00	40.53927	141.55789	2	0.0	4	1.3	242
15/05/2025	13:08:01	40.53922	141.55765	22	0.0	4	1.3	233
15/05/2025	13:09:01	40.53916	141.55768	8	0.0	4	1.3	235
15/05/2025	13:10:00	40.53911	141.55779	10	0.0	4	1.3	220
15/05/2025	13:11:01	40.53916	141.55773	8	0.0	4	1.3	225
15/05/2025	13:12:01	40.53918	141.55770	20	0.0	4	1.3	218
15/05/2025	13:13:00	40.53902	141.55755	20	0.0	4	1.3	221
15/05/2025	13:14:01	40.53915	141.55776	4	0.0	4	1.3	221
15/05/2025	13:15:00	40.53924	141.55777	12	0.0	4	1.3	222
15/05/2025	13:16:00	40.53925	141.55767	-2	0.0	3	2.4	218
15/05/2025	13:17:00	40.53942	141.55776	50	0.0	3	2.4	219
15/05/2025	13:18:00	40.53910	141.55776	-2	0.0	3	2.4	218
15/05/2025	13:19:00	40.53903	141.55775	-18	0.0	3	2.3	224
15/05/2025	13:20:00	40.53916	141.55771	2	0.0	3	2.3	226
15/05/2025	13:21:00	40.53925	141.55783	-8	0.0	3	2.3	188
15/05/2025	13:22:01	40.53920	141.55769	32	0.0	3	2.3	221
15/05/2025	13:23:00	40.53921	141.55767	12	3.7	3	2.2	225
15/05/2025	13:24:00	40.53913	141.55774	-4	0.0	3	2.2	223
15/05/2025	13:25:00	40.53925	141.55778	10	0.0	3	2.2	224
15/05/2025	13:26:00	40.53924	141.55784	12	0.0	3	2.2	221
15/05/2025	13:27:00	40.53923	141.55775	14	0.0	3	2.1	199
15/05/2025	13:28:01	40.53921	141.55773	16	0.0	3	2.1	222
15/05/2025	13:29:00	40.53931	141.55773	46	0.0	3	2.1	219
15/05/2025	13:30:00	40.53918	141.55769	38	0.0	3	2.1	223
15/05/2025	13:31:00	40.53913	141.55801	-14	3.7	3	2.1	165
15/05/2025	13:32:00	40.53916	141.55769	38	0.0	3	2.0	201
15/05/2025	13:33:00	40.53920	141.55768	6	0.0	3	2.0	246
15/05/2025	13:34:02	40.53918	141.55770	2	3.7	3	2.0	225
15/05/2025	13:35:00	40.53922	141.55787	-6	0.0	3	2.0	221
15/05/2025	13:36:00	40.53916	141.55780	28	0.0	3	2.0	222
15/05/2025	13:37:00	40.53920	141.55763	8	0.0	3	2.0	222
15/05/2025	13:38:00	40.53925	141.55769	54	0.0	3	2.0	250
15/05/2025	13:39:00	40.53921	141.55769	0	0.0	3	1.4	229
15/05/2025	13:40:00	40.53919	141.55775	48	0.0	3	1.4	226
15/05/2025	13:41:00	40.53925	141.55766	26	0.0	3	1.4	224
15/05/2025	13:42:00	40.53918	141.55766	42	0.0	3	1.4	245
15/05/2025	13:43:00	40.53918	141.55765	28	0.0	3	1.4	247
15/05/2025	13:44:00	40.53911	141.55776	20	0.0	3	1.4	227
15/05/2025	13:45:00	40.53900	141.55778	-54	0.0	3	1.4	223
15/05/2025	13:46:00	40.53925	141.55773	20	0.0	3	1.4	226
15/05/2025	13:47:00	40.53908	141.55774	10	0.0	3	1.4	225
15/05/2025	13:47:59	40.53909	141.55777	30	0.0	3	1.4	225
15/05/2025	13:48:59	40.53907	141.55773	34	0.0	3	1.4	196
15/05/2025	13:50:00	40.53912	141.55772	56	0.0	3	1.4	187
15/05/2025	13:51:00	40.53914	141.55772	42	0.0	3	1.4	214
15/05/2025	13:52:00	40.53918	141.55762	30	0.0	3	1.4	225
15/05/2025	13:53:00	40.53926	141.55789	28	0.0	3	1.4	221
15/05/2025	13:54:01	40.53903	141.55768	96	0.0	3	1.4	221
15/05/2025	13:55:01	40.53923	141.55755	-26	0.0	3	1.4	255
15/05/2025	13:56:01	40.53910	141.55778	44	0.0	3	1.3	222
15/05/2025	13:57:01	40.53917	141.55770	10	0.0	3	1.3	213
15/05/2025	13:58:00	40.53927	141.55772	14	0.0	3	1.3	159
15/05/2025	13:59:00	40.53930	141.55768	-4	0.0	3	1.3	251
15/05/2025	14:00:02	40.53918	141.55776	-6	0.0	2	2.0	273
15/05/2025	14:01:31	40.53918	141.55770	12	0.0	5	1.1	273
15/05/2025	14:02:01	40.53927	141.55761	-14	0.0	3	2.3	198
15/05/2025	14:03:01	40.53921	141.55775	8	0.0	4	1.1	231
15/05/2025	14:04:00	40.53928	141.55771	2	0.0	5	1.1	271
15/05/2025	14:05:00	40.53917	141.55775	10	0.0	4	1.1	215
15/05/2025	14:06:00	40.53918	141.55771	2	0.0	4	1.1	198
15/05/2025	14:07:00	40.53924	141.55777	-4	0.0	4	1.3	222
15/05/2025	14:08:00	40.53913	141.55777	28	0.0	4	1.2	253
15/05/2025	14:09:00	40.53918	141.55774	66	0.0	4	1.1	250
15/05/2025	14:10:00	40.53926	141.55773	-4	0.0	4	1.3	246
15/05/2025	14:11:01	40.53920	141.55770	0	0.0	5	1.0	250
15/05/2025	14:12:01	40.53921	141.55773	18	0.0	4	1.3	278
15/05/2025	14:13:00	40.53925	141.55776	2	0.0	4	1.3	279
15/05/2025	14:14:00	40.53921	141.55772	-4	0.0	5	1.0	284
15/05/2025	14:15:00	40.53921	141.55771	24	0.0	4	1.2	214
15/05/2025	14:16:00	40.53912	141.55750	16	0.0	4	1.1	206
15/05/2025	14:17:01	40.53916	141.55770	30	0.0	5	1.0	206
15/05/2025	14:18:00	40.53924	141.55780	34	0.0	4	1.2	220
15/05/2025	14:19:00	40.53925	141.55782	2	0.0	4	1.2	217
15/05/2025	14:20:00	40.53951	141.55721	-134	3.7	3	2.3	198
15/05/2025	14:21:00	40.53921	141.55768	-4	0.0	4	1.2	247
15/05/2025	14:22:00	40.53912	141.55765	6	0.0	4	1.3	193
15/05/2025	14:23:00	40.53918	141.55773	6	0.0	4	1.1	245
15/05/2025	14:24:00	40.53897	141.55758	8	0.0	4	1.3	218
15/05/2025	14:25:00	40.53930	141.55782	-40	3.7	3	1.3	270
15/05/2025	14:26:00	40.53923	141.55776	0	0.0	4	1.2	249
15/05/2025	14:27:01	40.53922	141.55760	60	0.0	4	1.2	271
15/05/2025	14:28:01	40.53924	141.55772	16	3.7	3	1.4	184
15/05/2025	14:29:02	40.53917	141.55766	2	0.0	4	1.2	234
15/05/2025	14:30:00	40.53909	141.55767	-20	0.0	3	2.0	212
15/05/2025	14:31:00	40.53911	141.55772	20	3.7	3	1.4	239
15/05/2025	14:32:01	40.53923	141.55771	20	0.0	5	1.0	275
15/05/2025	14:33:01	40.53919	141.55771	54	0.0	4	1.1	244
15/05/2025	14:34:01	40.53926	141.55793	-30	0.0	3	1.4	196
15/05/2025	14:35:01	40.53915	141.55762	46	0.0	3	1.4	164
15/05/2025	14:36:01	40.53911	141.55768	12	0.0	3	1.4	185
15/05/2025	14:37:02	40.53910	141.55784	32	0.0	4	1.3	195
15/05/2025	14:38:01	40.53922	141.55778	-10	0.0	4	1.0	193
15/05/2025	14:39:02	40.53923	141.55784	0	0.0	3	1.3	236
15/05/2025	14:40:01	40.53919	141.55764	22	0.0	4	1.0	237
15/05/2025	14:41:01	40.53923	141.55767	-8	0.0	3	1.4	234
15/05/2025	14:42:00	40.53907	141.55751	28	0.0	3	1.4	217
15/05/2025	14:43:01	40.53932	141.55773	-22	0.0	3	1.4	231
15/05/2025	14:44:01	40.53915	141.55775	8	0.0	4	1.0	181
15/05/2025	14:45:00	40.53922	141.55783	-8	0.0	3	1.4	222
15/05/2025	14:46:01	40.53915	141.55773	16	0.0	3	1.4	191
15/05/2025	14:47:01	40.53915	141.55762	54	0.0	4	1.0	222
15/05/2025	14:48:01	40.53919	141.55770	26	0.0	4	1.1	216
15/05/2025	14:49:01	40.53919	141.55772	0	0.0	4	1.1	239
15/05/2025	14:50:01	40.53919	141.55774	20	0.0	4	1.1	209
15/05/2025	14:51:00	40.53931	141.55777	-20	0.0	3	1.4	195
15/05/2025	14:52:00	40.53921	141.55774	-20	0.0	4	1.1	218
15/05/2025	14:53:00	40.53930	141.55776	-12	0.0	3	1.4	220
15/05/2025	14:54:00	40.53918	141.55777	-20	0.0	3	2.1	212
15/05/2025	14:55:01	40.53922	141.55770	-26	0.0	3	1.1	210
15/05/2025	14:56:01	40.53918	141.55768	12	0.0	4	1.1	227
15/05/2025	14:57:00	40.53931	141.55765	20	0.0	4	1.1	224
15/05/2025	14:58:00	40.53918	141.55755	72	0.0	3	1.4	222
15/05/2025	14:59:01	40.53920	141.55768	10	0.0	4	1.1	231
15/05/2025	15:00:01	40.53923	141.55784	10	0.0	3	1.3	176
15/05/2025	15:01:02	40.53919	141.55771	-4	0.0	2	1.2	178
15/05/2025	15:02:00	40.53923	141.55783	-40	0.0	3	1.1	232
15/05/2025	15:03:00	40.53930	141.55757	10	0.0	3	2.2	210
15/05/2025	15:04:01	40.53921	141.55773	-14	0.0	4	1.1	222
15/05/2025	15:05:00	40.53914	141.55776	28	0.0	3	1.3	223
15/05/2025	15:06:01	40.53918	141.55772	8	0.0	4	1.1	215
15/05/2025	15:07:01	40.53917	141.55774	28	0.0	4	1.1	209
15/05/2025	15:08:00	40.53922	141.55780	-22	3.7	3	2.1	225
15/05/2025	15:09:01	40.53918	141.55777	18	0.0	4	1.2	213
15/05/2025	15:10:01	40.53923	141.55768	10	0.0	4	1.1	215
15/05/2025	15:11:01	40.53917	141.55761	-2	0.0	3	1.2	208
15/05/2025	15:12:00	40.53919	141.55776	38	0.0	3	1.4	181
15/05/2025	15:13:01	40.53919	141.55769	20	0.0	4	1.1	215
15/05/2025	15:14:00	40.53935	141.55778	36	0.0	3	1.2	228
15/05/2025	15:15:00	40.53909	141.55776	22	0.0	3	1.2	254
15/05/2025	15:16:00	40.53908	141.55775	-10	0.0	3	2.2	194
15/05/2025	15:17:00	40.53924	141.55773	34	0.0	3	1.2	193
15/05/2025	15:18:01	40.53918	141.55774	20	0.0	3	1.2	220
15/05/2025	15:19:00	40.53942	141.55748	-36	0.0	3	1.2	188
15/05/2025	15:20:00	40.53917	141.55776	26	3.7	3	1.3	200
15/05/2025	15:21:00	40.53915	141.55781	76	0.0	3	1.4	196
15/05/2025	15:22:01	40.53918	141.55771	22	0.0	3	1.2	200
15/05/2025	15:23:01	40.53927	141.55765	-16	0.0	3	1.2	225
15/05/2025	15:24:01	40.53921	141.55775	42	0.0	3	1.2	199
15/05/2025	15:25:02	40.53918	141.55775	10	0.0	3	1.2	222
15/05/2025	15:26:00	40.53915	141.55775	4	0.0	3	1.4	218
15/05/2025	15:27:01	40.53924	141.55761	-16	0.0	3	1.2	222
15/05/2025	15:28:01	40.53909	141.55775	-10	0.0	3	1.2	190
15/05/2025	15:29:01	40.53918	141.55774	-2	0.0	3	1.3	200
15/05/2025	15:30:00	40.53908	141.55777	20	0.0	3	1.3	167
15/05/2025	15:31:01	40.53916	141.55768	-6	0.0	3	2.0	187
15/05/2025	15:32:00	40.53915	141.55764	36	0.0	3	1.3	217
15/05/2025	15:33:00	40.53918	141.55780	36	3.7	3	1.3	205
15/05/2025	15:34:00	40.53918	141.55762	14	0.0	3	1.3	190
15/05/2025	15:35:02	40.53915	141.55781	18	0.0	3	1.3	216
15/05/2025	15:36:01	40.53925	141.55771	-4	0.0	3	1.3	250
15/05/2025	15:37:03	40.53920	141.55771	14	0.0	2	2.3	232
15/05/2025	15:38:02	40.53920	141.55761	-24	0.0	3	1.3	214
15/05/2025	15:39:02	40.53915	141.55773	24	0.0	3	1.3	240
15/05/2025	15:40:01	40.53929	141.55759	-12	0.0	3	1.3	211
15/05/2025	15:41:01	40.53914	141.55782	42	0.0	3	1.4	236
15/05/2025	15:42:02	40.53919	141.55779	12	0.0	3	1.3	258
15/05/2025	15:43:01	40.53909	141.55783	24	0.0	3	1.4	230
15/05/2025	15:44:01	40.53915	141.55768	10	0.0	3	1.3	250
15/05/2025	15:45:02	40.53922	141.55771	12	0.0	3	1.3	247
15/05/2025	15:46:01	40.53908	141.55778	44	0.0	3	1.3	240
15/05/2025	15:47:00	40.53914	141.55779	46	0.0	3	1.4	244
15/05/2025	15:48:01	40.53923	141.55762	-0	0.0	3	1.4	249
15/05/2025	15:49:02	40.53917	141.55776	12	0.0	3	1.4	254
15/05/2025	15:50:02	40.53918	141.55771	20	0.0	2	2.4	215
15/05/2025	15:51:01	40.53917	141.55778	24	0.0	3	1.4	245
15/05/2025	15:52:02	40.53919	141.55771	6	0.0	3	1.4	251
15/05/2025	15:53:03	40.53919	141.55772	16	0.0	3	1.4	253
15/05/2025	15:54:02	40.53922	141.55770	-2	0.0	3	1.4	251
15/05/2025	15:55:03	40.53919	141.55774	4	0.0	3	1.4	281
15/05/2025	15:56:01	40.53918	141.55777	2	0.0	3	2.0	244
15/05/2025	15:57:03	40.53922	141.55767	24	0.0	3	1.4	288
15/05/2025	15:58:03	40.53922	141.55774	12	0.0	3	1.4	281
15/05/2025	15:59:03	40.53922	141.55773	20	0.0	2	2.0	268
15/05/2025	16:00:04	40.53913	141.55771	0	3.7	3	9.3	268
15/05/2025	16:01:05	40.53930	141.55759	-2	7.4	3	8.3	276
15/05/2025	16:02:04	40.53954	141.55737	-22	3.7	3	8.0	299
15/05/2025	16:03:04	40.53922	141.55766	6	7.4	3	7.2	278
15/05/2025	16:04:04	40.53924	141.55769	8	3.7	3	6.4	241
15/05/2025	16:05:31	40.53919	141.55775	6	0.0	5	1.1	277
15/05/2025	16:06:00	40.53939	141.55782	-20	3.7	3	2.1	198
15/05/2025	16:07:00	40.53912	141.55752	20	0.0	4	1.2	253
15/05/2025	16:08:00	40.53911	141.55762	58	0.0	4	1.3	194
15/05/2025	16:09:00	40.53918	141.55779	-8	0.0	3	2.0	224
15/05/2025	16:10:00	40.53913	141.55785	8	7.4	3	2.0	260
15/05/2025	16:11:01	40.53921	141.55772	6	0.0	5	1.1	250
15/05/2025	16:12:01	40.53918	141.55772	14	0.0	5	1.1	249
15/05/2025	16:13:00	40.53914	141.55771	2	0.0	4	1.3	251
15/05/2025	16:14:00	40.53915	141.55785	20	0.0	3	2.3	249
15/05/2025	16:15:01	40.53920	141.55776	18	0.0	4	1.2	217
15/05/2025	16:16:00	40.53912	141.55764	18	0.0	3	2.1	252
15/05/2025	16:17:01	40.53931	141.55766	-8	0.0	5	1.1	233
15/05/2025	16:18:01	40.53923	141.55769	0	0.0	6	1.1	254
15/05/2025	16:19:01	40.53919	141.55770	16	0.0	6	1.0	278
15/05/2025	16:20:01	40.53917	141.55774	4	0.0	5	1.2	246
15/05/2025	16:21:00	40.53918	141.55761	0	0.0	4	1.1	220
15/05/2025	16:22:00	40.53912	141.55778	10	0.0	4	1.3	258
15/05/2025	16:23:00	40.53929	141.55769	0	0.0	5	1.1	289
15/05/2025	16:24:00	40.53911	141.55787	20	0.0	4	1.3	165
15/05/2025	16:25:00	40.53927	141.55761	0	0.0	4	1.3	228
15/05/2025	16:26:01	40.53918	141.55772	14	0.0	5	1.1	283
15/05/2025	16:27:00	40.53922	141.55762	16	0.0	5	1.1	256
15/05/2025	16:28:00	40.53923	141.55761	18	0.0	4	1.2	283
15/05/2025	16:29:00	40.53913	141.55774	10	0.0	3	1.2	166
15/05/2025	16:30:00	40.53916	141.55773	22	3.7	5	1.1	283
15/05/2025	16:31:00	40.53918	141.55780	26	0.0	5	1.1	263
15/05/2025	16:32:01	40.53918	141.55763	2	0.0	5	1.1	286
15/05/2025	16:33:00	40.53921	141.55789	10	3.7	4	1.3	250
15/05/2025	16:34:00	40.53910	141.55776	30	0.0	4	1.2	224
15/05/2025	16:35:00	40.53914	141.55777	22	0.0	6	1.0	255
15/05/2025	16:36:00	40.53908	141.55747	-10	0.0	3	2.1	193
15/05/2025	16:37:00	40.53909	141.55770	4	0.0	4	1.4	246
15/05/2025	16:38:01	40.53910	141.55774	12	0.0	6	1.0	260
15/05/2025	16:39:01	40.53917	141.55776	18	0.0	5	1.1	253
15/05/2025	16:40:00	40.53918	141.55754	10	0.0	4	1.3	280
15/05/2025	16:41:00	40.53912	141.55752	-12	0.0	4	1.3	284
15/05/2025	16:42:00	40.53921	141.55759	26	0.0	4	1.3	231
15/05/2025	16:43:00	40.53915	141.55769	26	0.0	4	1.3	280
15/05/2025	16:44:00	40.53917	141.55748	-2	0.0	3	2.1	277
15/05/2025	16:45:00	40.53910	141.55791	32	7.4	3	2.1	223
15/05/2025	16:46:00	40.53915	141.55760	38	0.0	3	1.4	194
15/05/2025	16:47:00	40.53945	141.55797	42	0.0	4	1.2	251
15/05/2025	16:48:01	40.53917	141.55777	22	0.0	5	1.1	282
15/05/2025	16:49:01	40.53922	141.55766	20	0.0	4	1.3	224
15/05/2025	16:50:01	40.53921	141.55776	8	0.0	4	1.2	249
15/05/2025	16:51:01	40.53920	141.55778	16	0.0	3	2.2	255
15/05/2025	16:52:01	40.53921	141.55756	-64	0.0	3	2.2	242
15/05/2025	16:53:00	40.53922	141.55777	-0	0.0	3	2.3	167
15/05/2025	16:54:00	40.53914	141.55728	-114	7.4	3	2.3	226
15/05/2025	16:55:00	40.53912	141.55737	-92	3.7	3	2.4	199
15/05/2025	16:56:01	40.53923	141.55774	28	0.0	3	1.3	222
15/05/2025	16:57:02	40.53920	141.55772	16	0.0	4	1.2	228
15/05/2025	16:58:00	40.53921	141.55755	48	0.0	4	1.4	229
15/05/2025	16:59:01	40.53915	141.55769	6	0.0	4	1.1	224
15/05/2025	17:00:01	40.53917	141.55775	10	0.0	4	1.1	243
15/05/2025	17:01:01	40.53924	141.55765	12	0.0	4	1.1	245
15/05/2025	17:02:00	40.53921	141.55768	16	0.0	4	1.3	227
15/05/2025	17:03:01	40.53917	141.55775	10	0.0	3	1.4	227
15/05/2025	17:04:01	40.53919	141.55770	-0	0.0	4	1.1	224
15/05/2025	17:05:00	40.53906	141.55784	-36	0.0	3	1.4	166
15/05/2025	17:06:00	40.53917	141.55766	4	0.0	3	2.1	194
15/05/2025	17:07:00	40.53916	141.55782	48	0.0	3	1.4	232
15/05/2025	17:08:01	40.53922	141.55771	16	0.0	4	1.1	231
15/05/2025	17:09:00	40.53916	141.55766	12	0.0	4	1.1	200
15/05/2025	17:10:00	40.53927	141.55781	28	0.0	4	1.1	225
15/05/2025	17:11:00	40.53916	141.55793	4	0.0	3	2.0	135
15/05/2025	17:12:00	40.53921	141.55763	16	0.0	3	1.3	164
15/05/2025	17:13:01	40.53916	141.55770	6	0.0	4	1.1	198
15/05/2025	17:14:00	40.53933	141.55767	44	0.0	4	1.1	227
15/05/2025	17:15:01	40.53918	141.55773	0	0.0	3	1.4	227
15/05/2025	17:16:00	40.53926	141.55750	-0	0.0	3	1.4	225
15/05/2025	17:17:01	40.53919	141.55773	26	0.0	4	1.1	224
15/05/2025	17:18:01	40.53914	141.55780	2	0.0	4	1.1	229
15/05/2025	17:19:00	40.53915	141.55777	-0	0.0	4	1.1	225
15/05/2025	17:20:01	40.53915	141.55775	-10	0.0	4	1.1	227
15/05/2025	17:21:00	40.53915	141.55772	2	0.0	3	2.0	198
15/05/2025	17:22:01	40.53919	141.55772	8	0.0	4	1.1	225
15/05/2025	17:23:01	40.53916	141.55773	4	0.0	4	1.1	225
15/05/2025	17:24:01	40.53917	141.55766	0	0.0	4	1.1	199
15/05/2025	17:25:01	40.53921	141.55768	14	0.0	4	1.1	226
15/05/2025	17:26:00	40.53927	141.55759	8	0.0	4	1.1	195
15/05/2025	17:27:01	40.53917	141.55766	20	0.0	4	1.1	198
15/05/2025	17:28:00	40.53918	141.55776	6	0.0	4	1.2	223
15/05/2025	17:29:00	40.53917	141.55758	-56	0.0	3	2.4	194
15/05/2025	17:30:00	40.53932	141.55758	-8	0.0	3	2.4	225
15/05/2025	17:31:01	40.53919	141.55761	-26	0.0	4	1.2	198
15/05/2025	17:32:00	40.53912	141.55755	42	0.0	3	1.4	161
15/05/2025	17:33:00	40.53912	141.55800	66	3.7	3	2.4	223
15/05/2025	17:34:01	40.53911	141.55768	16	0.0	4	1.1	228
15/05/2025	17:35:00	40.53920	141.55765	-4	0.0	3	2.4	246
15/05/2025	17:36:00	40.53896	141.55785	-46	0.0	4	1.2	223
15/05/2025	17:37:00	40.53913	141.55755	-20	0.0	3	2.4	224
15/05/2025	17:38:00	40.53917	141.55764	2	0.0	4	1.2	222
15/05/2025	17:39:00	40.53925	141.55760	4	0.0	4	1.1	225
15/05/2025	17:40:01	40.53919	141.55785	6	0.0	4	1.2	225
15/05/2025	17:41:00	40.53894	141.55824	78	0.0	3	2.4	225
15/05/2025	17:42:01	40.53926	141.55764	28	0.0	4	1.2	220
15/05/2025	17:43:00	40.53900	141.55794	-20	0.0	3	1.4	221
15/05/2025	17:44:01	40.53916	141.55769	14	0.0	4	1.1	226
15/05/2025	17:45:01	40.53918	141.55771	6	0.0	4	1.1	224
15/05/2025	17:46:01	40.53924	141.55775	2	0.0	4	1.1	221
15/05/2025	17:47:00	40.53913	141.55776	22	0.0	4	1.1	225
15/05/2025	17:48:00	40.53913	141.55760	24	0.0	3	1.1	223
15/05/2025	17:49:00	40.53914	141.55772	22	0.0	4	1.1	255
15/05/2025	17:50:00	40.53927	141.55767	8	0.0	4	1.2	193
15/05/2025	17:51:00	40.53913	141.55774	8	0.0	4	1.1	254
15/05/2025	17:52:01	40.53912	141.55762	4	0.0	4	1.1	276
15/05/2025	17:53:00	40.53916	141.55778	20	0.0	4	1.2	222
15/05/2025	17:54:01	40.53915	141.55771	12	0.0	4	1.1	251
15/05/2025	17:55:00	40.53915	141.55773	14	0.0	4	1.2	225
15/05/2025	17:56:01	40.53919	141.55771	14	0.0	4	1.1	218
15/05/2025	17:57:01	40.53915	141.55773	16	0.0	4	1.1	277
15/05/2025	17:58:00	40.53909	141.55777	-20	0.0	4	1.2	245
15/05/2025	17:59:01	40.53913	141.55771	8	0.0	4	1.1	251
15/05/2025	18:00:01	40.53924	141.55770	4	0.0	4	1.2	248
15/05/2025	18:01:01	40.53918	141.55769	10	0.0	4	1.2	279
15/05/2025	18:02:00	40.53931	141.55784	4	0.0	3	2.1	252
15/05/2025	18:03:01	40.53912	141.55768	-0	0.0	4	1.2	280
15/05/2025	18:04:01	40.53920	141.55773	16	0.0	3	2.1	246
15/05/2025	18:05:00	40.53915	141.55765	24	0.0	3	2.1	220
15/05/2025	18:06:01	40.53915	141.55760	28	0.0	3	2.1	278
15/05/2025	18:07:02	40.53920	141.55771	4	0.0	4	1.2	273
15/05/2025	18:08:02	40.53917	141.55768	18	0.0	4	1.1	274
15/05/2025	18:09:01	40.53922	141.55765	30	0.0	3	2.1	274
15/05/2025	18:10:02	40.53914	141.55768	14	0.0	3	2.1	279
15/05/2025	18:11:01	40.53916	141.55761	28	0.0	3	2.1	276
15/05/2025	18:12:01	40.53917	141.55774	8	0.0	3	2.1	274
15/05/2025	18:13:02	40.53917	141.55782	4	0.0	3	2.1	273
15/05/2025	18:14:02	40.53922	141.55772	-10	0.0	3	2.1	275
15/05/2025	18:15:02	40.53902	141.55765	26	0.0	3	2.1	272
15/05/2025	18:16:04	40.53919	141.55775	6	0.0	3	2.1	265
15/05/2025	18:17:04	40.53913	141.55778	16	0.0	3	2.1	270
15/05/2025	18:18:04	40.53918	141.55768	12	0.0	3	2.1	250
15/05/2025	18:19:04	40.53917	141.55776	18	0.0	3	2.1	245
15/05/2025	18:20:04	40.53918	141.55762	8	0.0	3	2.1	246
15/05/2025	18:21:04	40.53916	141.55769	16	0.0	3	2.1	249
15/05/2025	18:22:04	40.53919	141.55773	8	0.0	3	2.1	248
15/05/2025	18:23:07	40.53915	141.55772	14	0.0	3	2.1	258
15/05/2025	18:24:08	40.53923	141.55758	10	0.0	3	2.1	241
15/05/2025	18:25:05	40.53912	141.55782	18	3.7	3	2.1	244
15/05/2025	18:26:04	40.53916	141.55768	24	0.0	3	2.1	245
15/05/2025	18:27:05	40.53907	141.55792	22	0.0	3	2.0	240
15/05/2025	18:28:31	40.53918	141.55771	12	0.0	6	1.0	223
15/05/2025	18:29:00	40.53907	141.55784	18	0.0	5	2.0	222
15/05/2025	18:30:01	40.53913	141.55769	4	0.0	6	1.0	252
15/05/2025	18:31:00	40.53911	141.55778	28	0.0	6	1.0	228
15/05/2025	18:32:00	40.53914	141.55775	22	0.0	5	1.2	224
15/05/2025	18:33:00	40.53908	141.55771	20	0.0	4	2.2	222
15/05/2025	18:34:01	40.53914	141.55773	12	0.0	6	1.0	240
15/05/2025	18:35:00	40.53907	141.55775	-4	0.0	5	1.1	223
15/05/2025	18:36:00	40.53916	141.55776	-0	0.0	6	1.0	223
15/05/2025	18:37:00	40.53920	141.55766	24	0.0	6	1.0	223
15/05/2025	18:38:00	40.53924	141.55769	2	0.0	6	1.0	229
15/05/2025	18:39:00	40.53920	141.55765	14	0.0	6	1.0	227
15/05/2025	18:40:01	40.53913	141.55778	12	0.0	6	1.0	226
15/05/2025	18:41:00	40.53920	141.55784	30	0.0	4	2.2	224
15/05/2025	18:42:01	40.53920	141.55769	16	0.0	5	1.1	222
15/05/2025	18:43:00	40.53912	141.55771	6	0.0	4	2.2	244
15/05/2025	18:44:00	40.53915	141.55775	36	0.0	4	2.1	246
15/05/2025	18:45:00	40.53914	141.55775	-16	0.0	3	2.3	187
15/05/2025	18:46:00	40.53902	141.55780	26	0.0	4	2.1	219
15/05/2025	18:47:00	40.53905	141.55764	26	0.0	5	1.1	219
15/05/2025	18:48:01	40.53906	141.55773	30	0.0	4	1.2	217
15/05/2025	18:49:01	40.53914	141.55777	22	0.0	5	1.1	220
15/05/2025	18:50:01	40.53919	141.55767	14	0.0	4	1.2	221
15/05/2025	18:51:00	40.53913	141.55773	-8	0.0	4	2.2	247
15/05/2025	18:52:01	40.53923	141.55770	-6	0.0	5	2.0	224
15/05/2025	18:53:00	40.53920	141.55759	30	0.0	4	2.2	220
15/05/2025	18:54:00	40.53920	141.55766	24	0.0	5	2.0	224
15/05/2025	18:55:00	40.53932	141.55762	14	0.0	5	2.0	220
15/05/2025	18:56:01	40.53914	141.55781	6	0.0	5	2.0	197
15/05/2025	18:57:01	40.53908	141.55781	-6	0.0	5	2.0	197
15/05/2025	18:58:02	40.53912	141.55770	8	0.0	5	1.0	224
15/05/2025	18:59:00	40.53929	141.55759	28	0.0	5	2.0	224
15/05/2025	19:00:00	40.53917	141.55770	-0	0.0	4	1.2	222
15/05/2025	19:01:00	40.53912	141.55768	2	0.0	5	2.0	223
15/05/2025	19:02:00	40.53899	141.55771	-28	0.0	5	1.4	253
15/05/2025	19:03:01	40.53914	141.55773	6	0.0	4	2.0	270
15/05/2025	19:04:00	40.53924	141.55759	30	0.0	4	2.0	247
15/05/2025	19:05:00	40.53924	141.55765	12	0.0	4	1.1	220
15/05/2025	19:06:00	40.53919	141.55766	10	0.0	3	1.3	277
15/05/2025	19:07:01	40.54011	141.55824	6	37.0	6	1.0	299
15/05/2025	19:08:00	40.54414	141.56387	38	40.7	5	2.4	278
15/05/2025	19:09:00	40.54985	141.56919	44	40.7	5	1.4	221
15/05/2025	19:10:01	40.55325	141.57570	18	37.0	6	1.0	276
15/05/2025	19:11:01	40.55682	141.58208	8	37.0	6	1.0	285
15/05/2025	19:12:01	40.55989	141.58666	10	37.0	5	1.0	253
15/05/2025	19:13:01	40.56269	141.58961	8	0.0	5	1.0	270
15/05/2025	19:14:00	40.56612	141.58993	6	33.3	4	1.1	276
15/05/2025	19:15:01	40.56538	141.58850	8	0.0	6	1.0	275
15/05/2025	19:16:01	40.56597	141.58831	6	0.0	5	1.0	288
15/05/2025	19:17:01	40.56718	141.58533	0	0.0	5	1.0	289
15/05/2025	19:18:01	40.56724	141.58667	34	29.6	5	1.4	305
15/05/2025	19:19:00	40.56678	141.58461	-16	33.3	5	1.4	269
15/05/2025	19:20:00	40.57037	141.57996	16	33.3	5	1.3	299
15/05/2025	19:21:01	40.57226	141.57906	12	0.0	5	1.3	284
15/05/2025	19:22:01	40.57390	141.57705	12	33.3	5	1.0	300
15/05/2025	19:23:01	40.57379	141.57321	-2	0.0	5	1.3	241
15/05/2025	19:24:00	40.57244	141.57060	18	33.3	4	1.4	248
15/05/2025	19:25:02	40.57203	141.57065	8	0.0	5	1.0	276
15/05/2025	19:26:01	40.56968	141.56698	16	29.6	5	1.0	274
15/05/2025	19:27:01	40.56567	141.56379	18	29.6	5	1.0	235
15/05/2025	19:28:01	40.56399	141.55863	22	25.9	5	1.3	269
15/05/2025	19:29:01	40.56238	141.55358	-0	29.6	4	2.0	271
15/05/2025	19:30:01	40.56004	141.54795	12	29.6	5	1.0	276
15/05/2025	19:31:00	40.56006	141.54720	12	33.3	4	1.4	211
15/05/2025	19:32:00	40.55912	141.54119	8	33.3	3	2.4	260
15/05/2025	19:33:01	40.55837	141.53494	18	0.0	5	1.3	244
15/05/2025	19:34:00	40.55842	141.53495	6	0.0	4	1.4	251
15/05/2025	19:35:00	40.55838	141.53505	26	0.0	4	1.4	250
15/05/2025	19:36:00	40.55833	141.53502	38	0.0	4	1.4	252
15/05/2025	19:37:00	40.55839	141.53503	18	0.0	4	1.4	248
15/05/2025	19:38:00	40.55835	141.53495	28	0.0	4	2.3	251
15/05/2025	19:39:00	40.55825	141.53468	-22	0.0	4	2.0	246
15/05/2025	19:40:00	40.55836	141.53482	0	0.0	3	2.1	219
15/05/2025	19:41:00	40.55838	141.53523	44	0.0	3	2.2	213
15/05/2025	19:42:02	40.55827	141.53498	10	0.0	4	2.1	270
15/05/2025	19:43:00	40.55839	141.53501	8	0.0	4	2.0	270
15/05/2025	19:44:00	40.55837	141.53493	-12	0.0	5	1.2	255
15/05/2025	19:45:01	40.55834	141.53493	0	0.0	5	1.0	280
15/05/2025	19:46:00	40.55831	141.53493	-14	0.0	4	2.0	280
15/05/2025	19:47:00	40.55838	141.53504	32	0.0	4	2.0	242
15/05/2025	19:48:00	40.55828	141.53498	22	0.0	4	2.0	276
15/05/2025	19:49:00	40.55822	141.53501	26	3.7	4	2.0	276
15/05/2025	19:50:00	40.55823	141.53500	0	0.0	3	2.4	242
15/05/2025	19:51:01	40.55826	141.53470	-30	0.0	5	1.1	275
15/05/2025	19:52:01	40.55817	141.53487	32	0.0	2	3.2	214
15/05/2025	19:53:00	40.55840	141.53505	18	0.0	5	1.1	249
15/05/2025	19:54:01	40.55829	141.53499	18	0.0	5	1.1	253
15/05/2025	19:55:00	40.55848	141.53489	28	0.0	4	2.0	256
15/05/2025	19:56:01	40.55839	141.53486	4	0.0	4	2.1	278
15/05/2025	19:57:01	40.55819	141.53493	14	0.0	3	3.1	211
15/05/2025	19:58:01	40.55838	141.53492	4	0.0	4	2.1	248
15/05/2025	19:59:01	40.55844	141.53511	14	0.0	3	3.1	269
15/05/2025	20:00:01	40.55840	141.53511	30	0.0	4	2.1	279
15/05/2025	20:01:01	40.55833	141.53485	0	0.0	4	1.1	242
15/05/2025	20:02:00	40.55834	141.53488	4	0.0	3	2.2	268
15/05/2025	20:03:00	40.55828	141.53501	2	0.0	5	1.1	291
15/05/2025	20:04:00	40.55843	141.53490	26	0.0	4	1.4	263
15/05/2025	20:05:01	40.55830	141.53494	10	0.0	5	1.1	275
15/05/2025	20:06:00	40.55828	141.53474	-0	0.0	3	2.4	266
15/05/2025	20:07:01	40.55833	141.53502	22	0.0	5	1.1	291
15/05/2025	20:08:01	40.55831	141.53503	4	0.0	4	1.1	258
15/05/2025	20:09:01	40.55830	141.53497	16	0.0	3	2.3	231
15/05/2025	20:10:01	40.55834	141.53490	2	0.0	5	1.1	276
15/05/2025	20:11:01	40.55836	141.53497	16	0.0	5	1.1	292
15/05/2025	20:12:00	40.55837	141.53492	12	0.0	5	1.1	277
15/05/2025	20:13:01	40.55840	141.53496	14	0.0	4	1.3	271
15/05/2025	20:14:00	40.55834	141.53496	32	0.0	5	1.1	309
15/05/2025	20:15:01	40.55837	141.53493	10	0.0	5	1.1	276
15/05/2025	20:16:01	40.55831	141.53497	2	0.0	5	1.1	274
15/05/2025	20:17:00	40.55839	141.53491	14	0.0	4	1.2	293
15/05/2025	20:18:02	40.55832	141.53492	0	0.0	3	3.0	246
15/05/2025	20:19:02	40.55835	141.53495	14	0.0	4	1.2	262
15/05/2025	20:20:01	40.55837	141.53492	2	0.0	5	1.0	298
15/05/2025	20:21:01	40.55835	141.53499	16	0.0	4	1.2	299
15/05/2025	20:22:01	40.55836	141.53495	12	0.0	4	1.1	307
15/05/2025	20:23:01	40.55829	141.53508	-4	0.0	4	2.4	303
15/05/2025	20:24:01	40.55833	141.53498	2	0.0	5	1.0	304
15/05/2025	20:25:01	40.55812	141.53495	48	0.0	4	2.4	298
15/05/2025	20:26:01	40.55831	141.53504	6	0.0	3	4.3	297
15/05/2025	20:27:01	40.55501	141.53639	24	33.3	4	2.4	282
15/05/2025	20:28:02	40.55077	141.54178	8	37.0	4	2.4	308
15/05/2025	20:29:01	40.54638	141.54632	40	37.0	4	2.4	278
15/05/2025	20:30:02	40.54199	141.55160	32	37.0	4	2.4	270
15/05/2025	20:31:01	40.54007	141.55498	38	0.0	4	2.4	266
15/05/2025	20:32:01	40.53918	141.55768	22	22.2	4	2.3	277
15/05/2025	20:33:00	40.53910	141.55770	12	0.0	4	2.3	273
15/05/2025	20:34:00	40.53917	141.55780	10	0.0	3	2.4	277
15/05/2025	20:35:01	40.53921	141.55771	6	0.0	4	2.3	305
15/05/2025	20:36:01	40.53931	141.55768	12	0.0	3	4.3	297
15/05/2025	20:37:00	40.53936	141.55786	-0	0.0	4	2.3	267
15/05/2025	20:38:02	40.53934	141.55786	-26	0.0	3	4.3	274
15/05/2025	20:39:02	40.53915	141.55771	20	0.0	3	4.3	282
15/05/2025	20:40:01	40.53905	141.55766	36	0.0	4	2.3	297
15/05/2025	20:41:01	40.53917	141.55771	34	0.0	4	2.3	282
15/05/2025	20:42:01	40.53921	141.55791	26	0.0	3	3.4	237
15/05/2025	20:43:02	40.53909	141.55770	16	0.0	4	2.3	292
15/05/2025	20:44:02	40.53892	141.55773	70	0.0	4	2.3	271
15/05/2025	20:45:03	40.53920	141.55771	24	0.0	3	4.3	287
15/05/2025	20:46:02	40.53926	141.55776	-4	0.0	4	2.3	296
15/05/2025	20:47:02	40.53919	141.55769	18	0.0	3	4.3	297
15/05/2025	20:48:03	40.53924	141.55768	8	0.0	4	2.3	297
15/05/2025	20:49:01	40.53912	141.55767	14	0.0	3	4.4	275
15/05/2025	20:50:01	40.53911	141.55759	48	0.0	3	4.4	273
15/05/2025	20:51:02	40.53912	141.55756	20	0.0	3	4.4	276
15/05/2025	20:52:01	40.53893	141.55758	84	0.0	3	4.4	284
15/05/2025	20:53:01	40.53944	141.55779	-42	0.0	3	4.4	277
15/05/2025	20:54:01	40.53967	141.55772	-138	0.0	2	3.2	246
15/05/2025	20:55:01	40.53916	141.55763	10	0.0	3	4.4	251
15/05/2025	20:56:01	40.53942	141.55777	-52	0.0	3	4.4	280
15/05/2025	20:57:02	40.53908	141.55770	44	0.0	3	5.0	234
15/05/2025	20:58:02	40.53877	141.55750	136	0.0	3	5.0	289
15/05/2025	20:59:06	40.53889	141.55764	68	40.7	3	5.0	273
15/05/2025	21:00:04	40.53907	141.55772	16	0.0	3	5.0	289
15/05/2025	21:01:02	40.53911	141.55774	10	0.0	3	5.0	271
15/05/2025	21:02:02	40.53889	141.55752	88	0.0	3	5.0	267
15/05/2025	21:03:03	40.53960	141.55787	-94	0.0	3	5.0	260
15/05/2025	21:04:02	40.53929	141.55776	-8	0.0	3	5.1	279
15/05/2025	21:05:02	40.53923	141.55781	-8	0.0	3	5.1	275
15/05/2025	21:06:01	40.53935	141.55783	-22	0.0	3	5.1	243
15/05/2025	21:07:01	40.53938	141.55790	-20	0.0	3	5.1	252
15/05/2025	21:08:01	40.53863	141.55755	108	0.0	3	5.1	280
15/05/2025	21:09:01	40.53937	141.55790	-26	0.0	3	5.2	268
15/05/2025	21:10:01	40.53916	141.55765	22	0.0	3	5.2	279
15/05/2025	21:11:02	40.53900	141.55767	44	0.0	3	5.2	280
15/05/2025	21:12:02	40.53931	141.55776	-16	0.0	3	5.2	280
15/05/2025	21:13:01	40.53896	141.55749	70	0.0	3	5.3	282
15/05/2025	21:14:02	40.53922	141.55770	10	0.0	3	5.3	280
15/05/2025	21:15:03	40.53945	141.55780	-38	0.0	3	5.3	272
15/05/2025	21:16:01	40.53949	141.55793	-50	0.0	3	5.3	275
15/05/2025	21:17:02	40.53923	141.55773	0	0.0	3	5.4	272
15/05/2025	21:18:02	40.53922	141.55771	-4	0.0	3	5.4	270
15/05/2025	21:19:01	40.53934	141.55766	-14	0.0	3	5.4	272
15/05/2025	21:20:02	40.53924	141.55771	0	0.0	3	5.4	274
15/05/2025	21:21:01	40.53826	141.55719	206	0.0	3	6.0	265
15/05/2025	21:22:02	40.53919	141.55776	4	0.0	3	6.0	267
15/05/2025	21:23:04	40.53933	141.55783	-18	0.0	3	6.0	271
15/05/2025	21:24:03	40.53931	141.55776	-6	0.0	3	6.1	265
15/05/2025	21:25:03	40.53935	141.55773	-18	0.0	3	6.1	261
15/05/2025	21:26:03	40.53906	141.55765	34	0.0	3	6.1	260
15/05/2025	21:27:04	40.53929	141.55782	-14	0.0	3	6.2	265
15/05/2025	21:28:03	40.53922	141.55776	12	0.0	3	6.2	258
15/05/2025	21:29:02	40.53919	141.55770	14	0.0	2	3.3	258
15/05/2025	21:30:03	40.53930	141.55771	-8	0.0	3	6.3	259
15/05/2025	21:31:03	40.53927	141.55773	4	0.0	3	6.3	257
15/05/2025	21:32:04	40.53919	141.55757	4	0.0	2	3.3	257
15/05/2025	21:33:05	40.53913	141.55760	20	0.0	3	6.4	254
15/05/2025	21:34:04	40.53904	141.55767	28	0.0	3	7.0	249
15/05/2025	21:35:06	40.53930	141.55773	-8	0.0	3	7.0	246
15/05/2025	21:36:01	40.53934	141.55774	-12	0.0	2	3.4	230
15/05/2025	21:37:04	40.53926	141.55775	-14	0.0	2	3.4	232
15/05/2025	21:38:02	40.53924	141.55764	-16	0.0	2	3.4	229
15/05/2025	21:39:02	40.53952	141.55780	-52	0.0	3	7.2	233
15/05/2025	21:40:02	40.53935	141.55786	-32	7.4	3	7.3	249
15/05/2025	21:41:03	40.53940	141.55752	-34	0.0	2	3.4	225
15/05/2025	21:42:05	40.53952	141.55778	-36	0.0	2	3.4	243
15/05/2025	21:43:05	40.53914	141.55772	14	0.0	3	7.4	242
15/05/2025	21:44:06	40.53922	141.55770	6	0.0	3	8.0	243
15/05/2025	21:45:04	40.53887	141.55764	50	7.4	3	8.1	247
15/05/2025	21:46:05	40.53905	141.55773	26	3.7	3	8.1	247
15/05/2025	21:47:04	40.54029	141.55788	-148	11.1	3	8.2	249
15/05/2025	21:48:05	40.54038	141.55791	-150	0.0	2	3.2	230
15/05/2025	21:49:05	40.53957	141.55793	-50	3.7	3	8.4	252
15/05/2025	21:50:12	40.53928	141.55774	-4	7.4	3	8.4	255
15/05/2025	21:51:05	40.53932	141.55777	-4	11.1	3	9.0	251
15/05/2025	21:52:09	40.53919	141.55770	4	0.0	3	9.1	246
15/05/2025	21:53:06	40.53922	141.55767	8	0.0	2	3.2	234
15/05/2025	21:54:24	40.53875	141.55766	62	14.8	3	9.3	259
15/05/2025	21:55:03	40.53865	141.55755	64	0.0	2	3.3	237
15/05/2025	21:56:31	40.53916	141.55770	12	0.0	6	1.0	281
15/05/2025	21:57:01	40.53919	141.55770	0	0.0	5	1.1	213
15/05/2025	21:58:01	40.53923	141.55772	20	0.0	5	1.1	214
15/05/2025	21:59:00	40.53918	141.55773	8	0.0	5	1.1	189
15/05/2025	22:00:00	40.53915	141.55786	32	0.0	5	1.1	220
15/05/2025	22:01:00	40.53918	141.55768	6	0.0	4	2.0	213
15/05/2025	22:02:00	40.53927	141.55771	-38	3.7	3	2.2	189
15/05/2025	22:03:00	40.53921	141.55750	30	3.7	4	2.0	219
15/05/2025	22:04:01	40.53915	141.55768	8	0.0	5	1.1	194
15/05/2025	22:05:01	40.53919	141.55767	10	0.0	4	1.1	210
15/05/2025	22:06:01	40.53917	141.55767	6	0.0	5	1.1	218
15/05/2025	22:07:01	40.53926	141.55769	-8	0.0	4	2.1	220
15/05/2025	22:08:01	40.53913	141.55780	-0	0.0	3	1.2	181
15/05/2025	22:09:01	40.53924	141.55786	0	0.0	5	1.1	240
15/05/2025	22:10:02	40.53919	141.55769	30	0.0	5	1.1	243
15/05/2025	22:11:01	40.53925	141.55772	12	0.0	3	1.3	129
15/05/2025	22:12:01	40.53923	141.55770	6	0.0	4	1.3	218
15/05/2025	22:13:01	40.53912	141.55767	26	0.0	4	1.2	216
15/05/2025	22:14:01	40.53920	141.55769	-4	0.0	3	1.3	208
15/05/2025	22:15:01	40.53921	141.55765	0	0.0	4	1.2	168
15/05/2025	22:16:01	40.53898	141.55762	-12	0.0	4	1.2	215
15/05/2025	22:17:01	40.53918	141.55773	-4	0.0	3	2.1	156
15/05/2025	22:18:01	40.53950	141.55789	-28	0.0	3	1.3	211
15/05/2025	22:19:01	40.53911	141.55765	-0	0.0	3	1.3	158
15/05/2025	22:20:01	40.53935	141.55782	-28	0.0	4	1.2	160
15/05/2025	22:21:01	40.53932	141.55764	-10	0.0	4	1.3	214
15/05/2025	22:22:02	40.53917	141.55774	-0	0.0	4	1.2	214
15/05/2025	22:23:01	40.53915	141.55760	22	0.0	3	3.0	210
15/05/2025	22:24:01	40.53911	141.55769	6	3.7	3	2.1	163
15/05/2025	22:25:01	40.53919	141.55764	-16	0.0	4	1.2	190
15/05/2025	22:26:01	40.53938	141.55774	-34	0.0	4	1.2	219
15/05/2025	22:27:02	40.53916	141.55763	36	0.0	4	1.2	209
15/05/2025	22:28:02	40.53914	141.55770	18	0.0	4	1.2	212
15/05/2025	22:29:01	40.53913	141.55772	54	0.0	4	1.2	208
15/05/2025	22:30:01	40.53918	141.55766	22	0.0	4	1.2	232
15/05/2025	22:31:00	40.53922	141.55794	38	3.7	3	2.4	161
15/05/2025	22:32:00	40.53947	141.55775	40	3.7	3	2.4	188
15/05/2025	22:33:01	40.53919	141.55773	8	0.0	4	1.2	212
15/05/2025	22:34:01	40.53921	141.55771	2	0.0	4	1.2	216
15/05/2025	22:35:01	40.53926	141.55772	6	0.0	3	2.4	216
15/05/2025	22:36:01	40.53924	141.55778	14	0.0	4	1.1	190
15/05/2025	22:37:01	40.53921	141.55788	28	0.0	3	2.4	234
15/05/2025	22:38:01	40.53918	141.55773	14	0.0	3	2.4	217
15/05/2025	22:39:01	40.53923	141.55767	-4	0.0	4	1.1	186
15/05/2025	22:40:01	40.53925	141.55772	-8	0.0	3	2.3	218
15/05/2025	22:41:00	40.53935	141.55778	12	0.0	3	2.3	240
15/05/2025	22:42:00	40.53907	141.55763	14	0.0	3	2.3	214
15/05/2025	22:43:01	40.53911	141.55772	-4	0.0	4	1.1	216
15/05/2025	22:44:01	40.53922	141.55775	-32	0.0	4	1.1	213
15/05/2025	22:45:01	40.53916	141.55754	42	0.0	3	2.3	213
15/05/2025	22:46:01	40.53912	141.55779	12	0.0	3	1.3	188
15/05/2025	22:47:00	40.53909	141.55769	96	0.0	3	2.2	240
15/05/2025	22:48:01	40.53922	141.55761	0	0.0	4	1.2	247
15/05/2025	22:49:01	40.53919	141.55769	38	0.0	4	1.1	242
15/05/2025	22:50:01	40.53919	141.55763	14	0.0	4	1.2	245
15/05/2025	22:51:01	40.53915	141.55774	16	0.0	4	1.1	244
15/05/2025	22:52:01	40.53929	141.55772	20	0.0	4	1.1	213
15/05/2025	22:53:00	40.53908	141.55753	72	0.0	4	1.1	222
15/05/2025	22:54:01	40.53910	141.55765	38	0.0	4	1.1	239
15/05/2025	22:55:00	40.53930	141.55777	28	0.0	3	1.3	243
15/05/2025	22:56:00	40.53930	141.55769	34	0.0	3	2.1	248
15/05/2025	22:57:02	40.53909	141.55770	22	0.0	4	1.2	245
15/05/2025	22:58:01	40.53917	141.55766	-12	0.0	4	1.2	247
15/05/2025	22:59:00	40.53919	141.55772	-14	3.7	3	2.1	242
15/05/2025	23:00:00	40.53913	141.55770	12	0.0	3	1.4	249
15/05/2025	23:01:02	40.53937	141.55777	6	0.0	4	1.3	247
15/05/2025	23:02:01	40.53901	141.55771	26	0.0	4	1.3	245
15/05/2025	23:03:01	40.53922	141.55793	24	0.0	3	1.3	183
15/05/2025	23:04:01	40.53921	141.55769	38	0.0	4	1.3	247
15/05/2025	23:05:02	40.53915	141.55756	-0	0.0	4	1.3	248
15/05/2025	23:06:01	40.53910	141.55773	10	0.0	4	1.3	220
15/05/2025	23:07:02	40.53914	141.55779	28	0.0	4	1.3	249
15/05/2025	23:08:00	40.53956	141.55752	-68	0.0	3	2.4	213
15/05/2025	23:09:01	40.53916	141.55770	-12	0.0	3	2.1	214
15/05/2025	23:10:01	40.53922	141.55791	34	7.4	3	2.1	217
15/05/2025	23:11:03	40.53914	141.55763	-2	0.0	4	1.3	246
15/05/2025	23:12:02	40.53926	141.55765	-12	0.0	4	1.3	247
15/05/2025	23:13:05	40.53915	141.55763	-10	0.0	4	1.3	243
15/05/2025	23:14:04	40.53927	141.55777	20	0.0	4	1.3	241
15/05/2025	23:15:03	40.53906	141.55777	20	0.0	4	1.3	247
15/05/2025	23:16:03	40.53909	141.55773	34	0.0	4	1.3	246
15/05/2025	23:17:01	40.53925	141.55780	12	0.0	3	2.1	253
15/05/2025	23:18:02	40.53923	141.55774	12	0.0	4	1.3	240
15/05/2025	23:19:02	40.53942	141.55764	64	0.0	3	2.1	188
15/05/2025	23:20:00	40.53947	141.55748	56	0.0	3	2.2	242
15/05/2025	23:21:01	40.53923	141.55752	40	0.0	3	2.2	219
15/05/2025	23:22:03	40.53927	141.55768	2	0.0	3	2.2	277
15/05/2025	23:23:04	40.53920	141.55765	26	0.0	3	1.4	236
15/05/2025	23:24:05	40.53918	141.55769	14	0.0	4	1.3	268
15/05/2025	23:25:02	40.53911	141.55777	18	0.0	3	2.2	241
15/05/2025	23:26:03	40.53921	141.55782	2	0.0	3	2.3	271
15/05/2025	23:27:02	40.53881	141.55791	-38	0.0	3	2.3	279
15/05/2025	23:28:02	40.53916	141.55780	-10	0.0	3	2.3	279
15/05/2025	23:29:03	40.53909	141.55775	22	0.0	4	1.3	255
15/05/2025	23:30:02	40.53917	141.55766	6	0.0	4	1.3	256
15/05/2025	23:31:00	40.53923	141.55764	-14	0.0	4	1.3	278
15/05/2025	23:32:02	40.53913	141.55785	-0	0.0	3	2.4	262
15/05/2025	23:33:02	40.53919	141.55773	30	0.0	3	2.4	254
15/05/2025	23:34:02	40.53915	141.55781	-8	0.0	3	3.0	269
15/05/2025	23:35:02	40.53926	141.55766	8	0.0	3	3.0	269
15/05/2025	23:36:01	40.53928	141.55759	24	0.0	3	3.0	266
15/05/2025	23:37:01	40.53923	141.55758	26	0.0	3	3.0	253
15/05/2025	23:38:02	40.53920	141.55777	-8	0.0	3	3.1	224
15/05/2025	23:39:02	40.53946	141.55756	42	0.0	3	3.1	251
15/05/2025	23:40:02	40.53917	141.55769	24	0.0	3	3.1	239
15/05/2025	23:41:01	40.53928	141.55768	-6	0.0	3	3.2	245
15/05/2025	23:42:03	40.53924	141.55762	14	0.0	3	3.2	274
15/05/2025	23:43:02	40.53917	141.55765	4	0.0	3	3.2	269
15/05/2025	23:44:02	40.53924	141.55765	32	0.0	3	3.3	244
15/05/2025	23:45:02	40.53910	141.55770	18	0.0	3	3.3	245
15/05/2025	23:46:02	40.53911	141.55783	-14	0.0	3	3.4	252
15/05/2025	23:47:02	40.53913	141.55778	6	0.0	3	3.4	253
15/05/2025	23:48:02	40.53916	141.55768	-6	0.0	3	3.4	250
15/05/2025	23:49:01	40.53933	141.55758	16	0.0	3	4.0	250
15/05/2025	23:50:01	40.53960	141.55756	-0	0.0	3	4.0	277
15/05/2025	23:51:02	40.53932	141.55768	6	0.0	3	4.1	250
15/05/2025	23:52:02	40.53906	141.55777	6	0.0	3	4.2	245
15/05/2025	23:53:02	40.53931	141.55760	6	0.0	3	4.2	247
15/05/2025	23:54:05	40.53914	141.55776	14	0.0	3	4.3	220
15/05/2025	23:55:02	40.53894	141.55785	6	0.0	3	4.3	241
15/05/2025	23:56:02	40.53926	141.55770	-6	0.0	3	4.4	267
15/05/2025	23:57:01	40.53912	141.55773	18	0.0	3	5.0	219
15/05/2025	23:58:03	40.53917	141.55776	8	3.7	3	5.1	220
15/05/2025	23:59:05	40.53933	141.55773	4	3.7	3	5.2	263
16/05/2025	00:00:30	40.53917	141.55772	8	0.0	6	1.2	273
16/05/2025	00:01:03	40.53914	141.55770	0	0.0	3	4.0	236
16/05/2025	00:02:00	40.53919	141.55770	12	0.0	5	1.3	219
16/05/2025	00:03:01	40.53927	141.55764	4	0.0	4	1.3	249
16/05/2025	00:04:00	40.53913	141.55781	-10	0.0	4	2.4	240
16/05/2025	00:05:02	40.53906	141.55769	44	0.0	3	4.1	229
16/05/2025	00:06:03	40.53932	141.55763	30	0.0	3	5.2	242
16/05/2025	00:07:04	40.53924	141.55774	6	0.0	5	1.4	245
16/05/2025	00:08:02	40.53920	141.55743	24	0.0	3	3.4	214
16/05/2025	00:09:02	40.53919	141.55760	34	0.0	4	3.1	280
16/05/2025	00:10:02	40.53921	141.55746	62	0.0	4	3.1	241
16/05/2025	00:11:02	40.53909	141.55778	-0	0.0	5	1.3	296
16/05/2025	00:12:01	40.53921	141.55768	10	0.0	4	1.4	272
16/05/2025	00:13:01	40.53969	141.55717	-2	0.0	6	1.2	305
16/05/2025	00:14:03	40.53977	141.55687	44	3.7	4	3.0	249
16/05/2025	00:15:02	40.53973	141.55715	-20	0.0	5	2.0	291
16/05/2025	00:16:03	40.53973	141.55707	8	0.0	5	2.0	290
16/05/2025	00:17:02	40.53986	141.55703	12	3.7	3	6.2	294
16/05/2025	00:18:02	40.53978	141.55711	-4	0.0	4	4.0	263
16/05/2025	00:19:02	40.53954	141.55728	-26	0.0	5	2.0	292
16/05/2025	00:20:03	40.53974	141.55702	-6	3.7	3	8.1	197
16/05/2025	00:21:02	40.53967	141.55699	54	3.7	3	6.2	246
16/05/2025	00:22:01	40.53963	141.55714	0	0.0	3	5.3	219
16/05/2025	00:23:00	40.53949	141.55715	-40	0.0	5	2.1	283
16/05/2025	00:24:01	40.53967	141.55716	-6	0.0	6	1.2	305
16/05/2025	00:25:01	40.53966	141.55720	-6	0.0	6	1.2	298
16/05/2025	00:26:00	40.53957	141.55727	-14	0.0	5	2.0	296
16/05/2025	00:27:01	40.53965	141.55714	6	0.0	4	2.3	293
16/05/2025	00:28:01	40.53980	141.55706	6	0.0	6	1.2	299
16/05/2025	00:29:01	40.53978	141.55712	-8	0.0	5	1.4	300
16/05/2025	00:30:01	40.53978	141.55710	10	0.0	6	2.0	310
16/05/2025	00:31:01	40.53968	141.55712	2	0.0	6	1.4	306
16/05/2025	00:32:00	40.53989	141.55694	-2	0.0	6	1.2	304
16/05/2025	00:33:01	40.53970	141.55717	-2	0.0	6	1.2	308
16/05/2025	00:34:00	40.53981	141.55703	-10	0.0	5	1.4	298
16/05/2025	00:35:01	40.53968	141.55708	-4	0.0	6	1.2	301
16/05/2025	00:36:01	40.53979	141.55714	4	0.0	6	1.2	305
16/05/2025	00:37:01	40.53972	141.55715	2	0.0	6	1.2	301
16/05/2025	00:38:01	40.53981	141.55709	4	0.0	5	1.3	305
16/05/2025	00:39:01	40.53972	141.55712	6	0.0	6	1.2	304
16/05/2025	00:40:00	40.53975	141.55712	4	0.0	5	1.4	315
16/05/2025	00:41:01	40.53980	141.55706	14	0.0	6	1.2	311
16/05/2025	00:42:01	40.53919	141.55771	0	0.0	4	2.1	305
16/05/2025	00:43:01	40.53919	141.55770	8	0.0	4	2.1	308
16/05/2025	00:44:01	40.53911	141.55764	24	0.0	4	2.1	306
16/05/2025	00:45:02	40.53915	141.55795	4	3.7	3	4.0	270
16/05/2025	00:46:03	40.53926	141.55766	-60	0.0	3	5.3	213
16/05/2025	00:47:03	40.53924	141.55772	12	0.0	3	3.1	288
16/05/2025	00:48:03	40.53907	141.55772	30	0.0	3	3.1	233
16/05/2025	00:49:03	40.53923	141.55768	-6	3.7	2	8.2	289
16/05/2025	00:50:02	40.53932	141.55757	-22	0.0	3	3.4	206
16/05/2025	00:51:08	40.53910	141.55776	10	0.0	5	1.4	294
16/05/2025	00:52:02	40.53920	141.55771	12	0.0	4	2.1	285
16/05/2025	00:53:02	40.53935	141.55774	-30	0.0	3	5.0	187
16/05/2025	00:54:03	40.53914	141.55773	-4	0.0	4	2.0	271
16/05/2025	00:55:02	40.53908	141.55770	14	0.0	3	3.1	270
16/05/2025	00:56:03	40.53910	141.55770	12	0.0	3	2.4	268
16/05/2025	00:57:02	40.53909	141.55771	10	0.0	3	3.1	248
16/05/2025	00:58:02	40.53896	141.55784	26	3.7	3	3.2	247
16/05/2025	00:59:02	40.53901	141.55788	-12	0.0	2	3.3	153
16/05/2025	01:00:03	40.53925	141.55764	10	0.0	4	2.0	282
16/05/2025	01:01:02	40.53909	141.55775	-4	0.0	3	2.3	262
16/05/2025	01:02:01	40.53911	141.55775	8	0.0	4	2.0	236
16/05/2025	01:03:01	40.53921	141.55765	14	0.0	4	2.0	238
16/05/2025	01:04:02	40.53910	141.55781	2	0.0	4	2.0	274
16/05/2025	01:05:04	40.53914	141.55776	14	0.0	4	2.0	231
16/05/2025	01:06:03	40.53910	141.55779	2	0.0	4	2.0	231
16/05/2025	01:07:02	40.53885	141.55807	50	0.0	3	3.1	181
16/05/2025	01:08:02	40.53919	141.55760	-10	0.0	3	2.2	233
16/05/2025	01:09:00	40.53920	141.55765	34	0.0	3	2.2	244
16/05/2025	01:10:02	40.53915	141.55778	8	18.5	3	2.0	269
16/05/2025	01:11:16	40.53914	141.55773	10	0.0	4	2.0	277
16/05/2025	01:12:03	40.53890	141.55779	22	0.0	3	2.3	276
16/05/2025	01:13:03	40.53896	141.55782	26	0.0	3	2.2	219
16/05/2025	01:14:03	40.53904	141.55768	12	0.0	3	2.2	256
16/05/2025	01:15:01	40.53917	141.55768	18	0.0	4	2.0	282
16/05/2025	01:16:02	40.53943	141.55736	46	3.7	2	4.3	248
16/05/2025	01:17:03	40.53910	141.55778	14	0.0	4	2.0	235
16/05/2025	01:18:01	40.53924	141.55779	-4	0.0	3	2.1	278
16/05/2025	01:19:00	40.53918	141.55762	14	0.0	3	2.1	296
16/05/2025	01:20:02	40.53921	141.55771	2	0.0	3	2.3	252
16/05/2025	01:21:02	40.53906	141.55772	18	0.0	3	2.1	298
16/05/2025	01:22:01	40.53934	141.55758	14	0.0	3	2.1	304
16/05/2025	01:23:01	40.53918	141.55772	4	0.0	3	2.1	281
16/05/2025	01:24:01	40.53912	141.55766	20	0.0	3	2.1	272
16/05/2025	01:25:03	40.53920	141.55775	4	0.0	3	2.0	266
16/05/2025	01:26:04	40.53916	141.55772	14	0.0	4	1.4	275
16/05/2025	01:27:02	40.53915	141.55770	0	0.0	3	2.2	252
16/05/2025	01:28:02	40.53906	141.55778	18	0.0	4	2.0	295
16/05/2025	01:29:04	40.53911	141.55779	32	0.0	3	2.0	239
16/05/2025	01:30:04	40.53909	141.55781	12	0.0	3	2.0	266
16/05/2025	01:31:06	40.53916	141.55768	12	0.0	3	2.0	260
16/05/2025	01:32:04	40.53919	141.55765	6	0.0	3	2.0	241
16/05/2025	01:33:03	40.53912	141.55775	10	0.0	3	2.0	263
16/05/2025	01:34:08	40.53914	141.55772	18	0.0	4	1.4	258
16/05/2025	01:35:00	40.53916	141.55775	10	7.4	3	2.0	278
16/05/2025	01:36:04	40.53919	141.55762	-0	0.0	3	1.4	258
16/05/2025	01:37:03	40.53921	141.55768	2	0.0	3	1.4	260
16/05/2025	01:38:05	40.53922	141.55768	-6	0.0	3	1.4	263
16/05/2025	01:39:03	40.53919	141.55770	6	0.0	3	1.4	261
16/05/2025	01:40:05	40.53913	141.55776	6	0.0	3	1.4	256
16/05/2025	01:41:04	40.53923	141.55764	-0	0.0	3	1.4	259
16/05/2025	01:42:03	40.53918	141.55769	6	0.0	3	1.4	264
16/05/2025	01:43:03	40.53912	141.55774	4	0.0	3	1.4	263
16/05/2025	01:44:17	40.53917	141.55758	-12	0.0	3	1.4	265
16/05/2025	01:45:03	40.53913	141.55773	14	0.0	2	13.1	240
16/05/2025	01:46:02	40.53913	141.55779	-10	0.0	2	13.0	253
16/05/2025	01:47:03	40.53907	141.55844	144	0.0	2	12.4	266
16/05/2025	01:48:04	40.53911	141.55792	48	0.0	2	12.3	254
16/05/2025	01:49:01	40.53922	141.55753	-22	0.0	2	12.2	258
16/05/2025	01:50:02	40.53909	141.55787	36	0.0	2	12.1	251
16/05/2025	01:51:02	40.53913	141.55803	42	0.0	2	12.1	254
16/05/2025	01:52:02	40.53895	141.55857	116	0.0	2	12.0	251
16/05/2025	01:53:02	40.53917	141.55761	-2	0.0	2	11.4	252
16/05/2025	01:54:02	40.53935	141.55669	-158	0.0	2	11.4	257
16/05/2025	01:55:03	40.53920	141.55731	-62	0.0	2	11.3	258
16/05/2025	01:56:04	40.53903	141.55847	102	0.0	2	11.3	254
16/05/2025	01:57:04	40.53929	141.55721	-70	0.0	2	11.2	253
16/05/2025	01:58:04	40.53926	141.55723	-56	0.0	2	11.2	251
16/05/2025	01:59:01	40.53905	141.55823	92	3.7	2	11.1	255
16/05/2025	02:00:03	40.53909	141.55818	86	0.0	2	3.3	255
16/05/2025	02:01:04	40.53909	141.55832	84	0.0	2	3.3	257
16/05/2025	02:02:07	40.53925	141.55846	90	0.0	2	3.3	261
16/05/2025	02:03:05	40.53907	141.55779	30	0.0	3	2.3	250
16/05/2025	02:04:08	40.53923	141.55773	12	0.0	2	9.3	247
16/05/2025	02:05:31	40.53918	141.55772	10	0.0	7	1.1	267
16/05/2025	02:06:01	40.53920	141.55768	4	0.0	6	1.2	228
16/05/2025	02:07:01	40.53893	141.55760	8	3.7	4	2.0	219
16/05/2025	02:08:01	40.53917	141.55774	-10	0.0	4	1.4	257
16/05/2025	02:09:02	40.53914	141.55773	0	0.0	7	1.1	252
16/05/2025	02:10:00	40.53906	141.55756	38	0.0	4	2.1	219
16/05/2025	02:11:03	40.53921	141.55771	70	0.0	6	1.3	252
16/05/2025	02:12:02	40.53919	141.55772	8	0.0	6	1.2	259
16/05/2025	02:13:03	40.53919	141.55773	8	0.0	6	1.2	250
16/05/2025	02:14:02	40.53911	141.55770	18	0.0	6	1.2	249
16/05/2025	02:15:03	40.53926	141.55772	14	0.0	5	2.1	226
16/05/2025	02:16:02	40.53918	141.55768	0	0.0	6	1.2	230
16/05/2025	02:17:01	40.53910	141.55771	6	0.0	5	1.3	230
16/05/2025	02:18:02	40.53930	141.55770	14	0.0	6	1.2	230
16/05/2025	02:19:02	40.53901	141.55770	-6	0.0	3	2.0	128
16/05/2025	02:20:00	40.53907	141.55753	118	3.7	4	2.3	192
16/05/2025	02:21:02	40.53938	141.55773	54	0.0	5	1.4	231
16/05/2025	02:22:01	40.53919	141.55776	10	0.0	6	1.2	231
16/05/2025	02:23:02	40.53925	141.55772	18	0.0	6	1.2	255
16/05/2025	02:24:02	40.53922	141.55765	6	0.0	6	1.2	228
16/05/2025	02:25:03	40.53937	141.55775	12	0.0	5	1.3	221
16/05/2025	02:26:02	40.53905	141.55774	12	0.0	4	1.3	230
16/05/2025	02:27:00	40.53918	141.55772	6	0.0	6	1.2	233
16/05/2025	02:28:00	40.53927	141.55778	-0	0.0	5	1.3	193
16/05/2025	02:29:01	40.53914	141.55766	6	0.0	6	1.2	231
16/05/2025	02:30:02	40.53928	141.55775	2	0.0	6	2.0	229
16/05/2025	02:31:02	40.53931	141.55772	26	0.0	4	1.3	165
16/05/2025	02:32:02	40.53922	141.55768	12	0.0	5	1.4	197
16/05/2025	02:33:01	40.53920	141.55757	38	0.0	5	1.2	193
16/05/2025	02:34:01	40.53932	141.55767	56	0.0	5	1.4	224
16/05/2025	02:35:01	40.53928	141.55779	30	0.0	4	2.1	194
16/05/2025	02:36:02	40.53893	141.55789	-46	0.0	4	1.3	186
16/05/2025	02:37:02	40.53920	141.55771	6	0.0	5	2.1	220
16/05/2025	02:38:01	40.53915	141.55769	4	0.0	4	1.4	195
16/05/2025	02:39:00	40.53911	141.55780	50	0.0	4	1.3	195
16/05/2025	02:40:02	40.53907	141.55773	-26	0.0	6	1.2	251
16/05/2025	02:41:02	40.53909	141.55780	-16	0.0	3	1.4	216
16/05/2025	02:42:02	40.53914	141.55787	-34	3.7	5	1.3	250
16/05/2025	02:43:02	40.53957	141.55776	64	0.0	4	3.3	161
16/05/2025	02:44:02	40.53913	141.55761	-24	0.0	5	1.2	191
16/05/2025	02:45:01	40.53909	141.55773	-10	0.0	4	1.3	223
16/05/2025	02:46:02	40.53912	141.55762	6	0.0	4	1.3	162
16/05/2025	02:47:01	40.53905	141.55768	10	0.0	4	2.2	225
16/05/2025	02:48:01	40.53919	141.55769	16	0.0	6	1.1	227
16/05/2025	02:49:02	40.53910	141.55774	-10	0.0	5	1.2	194
16/05/2025	02:50:02	40.53930	141.55775	56	0.0	5	1.3	218
16/05/2025	02:51:00	40.53900	141.55778	-26	0.0	5	1.3	190
16/05/2025	02:52:01	40.53914	141.55776	-12	0.0	5	1.2	226
16/05/2025	02:53:01	40.53920	141.55767	-10	0.0	5	1.2	246
16/05/2025	02:54:02	40.53930	141.55764	38	0.0	5	1.2	221
16/05/2025	02:55:02	40.53902	141.55764	-34	3.7	5	1.2	223
16/05/2025	02:56:00	40.53916	141.55782	-22	0.0	4	2.0	218
16/05/2025	02:57:02	40.53923	141.55777	32	0.0	5	1.4	196
16/05/2025	02:58:01	40.53917	141.55778	-28	3.7	3	2.1	252
16/05/2025	02:59:01	40.53917	141.55777	-2	0.0	4	1.3	223
16/05/2025	03:00:02	40.53914	141.55765	16	0.0	5	1.2	256
16/05/2025	03:01:02	40.53918	141.55768	16	0.0	3	1.3	157
16/05/2025	03:02:01	40.53905	141.55742	4	7.4	4	2.1	193
16/05/2025	03:03:01	40.53915	141.55797	-38	3.7	4	2.0	224
16/05/2025	03:04:01	40.53919	141.55781	10	0.0	4	1.2	224
16/05/2025	03:05:02	40.53908	141.55754	16	0.0	4	1.4	213
16/05/2025	03:06:02	40.53926	141.55774	24	0.0	5	1.1	223
16/05/2025	03:07:02	40.53919	141.55773	-4	0.0	3	2.0	159
16/05/2025	03:08:02	40.53917	141.55771	10	0.0	5	1.1	223
16/05/2025	03:09:00	40.53925	141.55764	40	0.0	5	1.1	190
16/05/2025	03:10:01	40.53921	141.55769	16	0.0	5	1.1	242
16/05/2025	03:11:00	40.53923	141.55767	76	0.0	3	1.3	192
16/05/2025	03:12:00	40.53901	141.55741	40	0.0	3	2.1	191
16/05/2025	03:13:02	40.53916	141.55770	-28	0.0	3	2.2	190
16/05/2025	03:14:03	40.53901	141.55791	-28	0.0	5	1.1	223
16/05/2025	03:15:03	40.53914	141.55777	-14	3.7	5	1.1	197
16/05/2025	03:16:03	40.53916	141.55780	-10	0.0	5	1.1	222
16/05/2025	03:17:02	40.53926	141.55766	26	0.0	3	2.2	165
16/05/2025	03:18:02	40.53904	141.55777	18	3.7	1	2.2	161
16/05/2025	03:19:02	40.53915	141.55786	-6	0.0	3	3.4	162
16/05/2025	03:20:02	40.53904	141.55781	-4	0.0	4	3.2	162
16/05/2025	03:21:02	40.53918	141.55774	-8	0.0	4	2.0	188
16/05/2025	03:22:02	40.53919	141.55775	14	0.0	4	2.1	218
16/05/2025	03:23:02	40.53928	141.55772	-30	3.7	3	3.0	220
16/05/2025	03:24:02	40.53917	141.55769	60	0.0	5	1.1	224
16/05/2025	03:25:00	40.53923	141.55764	-18	0.0	3	1.3	223
16/05/2025	03:26:02	40.53916	141.55771	-24	0.0	4	1.2	222
16/05/2025	03:27:01	40.53917	141.55778	4	0.0	5	1.1	192
16/05/2025	03:28:01	40.53901	141.55790	-8	0.0	5	1.1	225
16/05/2025	03:29:01	40.53921	141.55777	2	0.0	5	1.1	221
16/05/2025	03:30:02	40.53919	141.55786	-6	3.7	3	2.0	188
16/05/2025	03:31:00	40.53897	141.55785	38	0.0	3	2.2	189
16/05/2025	03:32:02	40.53920	141.55769	16	0.0	4	2.2	208
16/05/2025	03:33:02	40.53910	141.55742	42	0.0	3	4.2	162
16/05/2025	03:34:01	40.53927	141.55779	-2	0.0	5	1.2	246
16/05/2025	03:35:02	40.53919	141.55778	10	0.0	5	1.2	243
16/05/2025	03:36:02	40.53916	141.55769	22	0.0	5	1.2	243
16/05/2025	03:37:02	40.53908	141.55796	-36	3.7	3	2.2	221
16/05/2025	03:38:00	40.53919	141.55773	18	0.0	5	1.2	223
16/05/2025	03:39:00	40.53912	141.55762	12	0.0	5	1.2	224
16/05/2025	03:40:01	40.53915	141.55777	10	0.0	5	1.2	221
16/05/2025	03:41:02	40.53911	141.55772	24	0.0	4	2.0	216
16/05/2025	03:42:02	40.53913	141.55769	32	0.0	5	1.2	248
16/05/2025	03:43:01	40.53909	141.55784	18	0.0	4	2.0	192
16/05/2025	03:44:02	40.53916	141.55773	4	0.0	5	1.2	273
16/05/2025	03:45:00	40.53917	141.55774	34	0.0	4	1.3	251
16/05/2025	03:46:01	40.53933	141.55760	-22	0.0	4	1.3	270
16/05/2025	03:47:02	40.53920	141.55773	10	0.0	5	1.2	272
16/05/2025	03:48:01	40.53922	141.55776	8	0.0	5	1.2	271
16/05/2025	03:49:00	40.53925	141.55776	6	0.0	4	1.3	208
16/05/2025	03:50:03	40.53921	141.55769	2	0.0	3	1.4	268
16/05/2025	03:51:02	40.53921	141.55774	14	0.0	5	1.3	240
16/05/2025	03:52:02	40.53923	141.55764	0	0.0	5	1.3	277
16/05/2025	03:53:00	40.53906	141.55786	16	0.0	5	1.3	282
16/05/2025	03:54:00	40.53920	141.55765	16	3.7	4	1.3	273
16/05/2025	03:55:02	40.53921	141.55765	-8	0.0	3	2.0	240
16/05/2025	03:56:01	40.53916	141.55747	42	0.0	3	1.4	268
16/05/2025	03:57:01	40.53915	141.55779	26	0.0	5	1.3	278
16/05/2025	03:58:00	40.53925	141.55765	0	0.0	5	1.3	278
16/05/2025	03:59:00	40.53920	141.55772	20	0.0	3	2.0	274
16/05/2025	04:00:00	40.53899	141.55796	26	0.0	3	2.2	270
16/05/2025	04:01:00	40.53909	141.55774	-12	0.0	5	2.0	245
16/05/2025	04:02:01	40.53926	141.55765	-0	0.0	4	2.1	275
16/05/2025	04:03:02	40.53911	141.55781	14	0.0	4	2.1	279
16/05/2025	04:04:02	40.53910	141.55784	18	0.0	5	2.1	308
16/05/2025	04:05:04	40.53900	141.55767	-6	0.0	3	3.3	267
16/05/2025	04:06:02	40.53924	141.55762	-2	0.0	5	2.0	273
16/05/2025	04:07:02	40.53905	141.55770	14	3.7	4	2.2	328
16/05/2025	04:08:01	40.53913	141.55785	12	0.0	5	2.0	305
16/05/2025	04:09:01	40.53921	141.55771	18	0.0	4	2.2	270
16/05/2025	04:10:01	40.53917	141.55775	14	0.0	3	2.3	262
16/05/2025	04:11:01	40.53911	141.55791	14	0.0	4	2.2	268
16/05/2025	04:12:00	40.53909	141.55777	16	0.0	5	2.0	273
16/05/2025	04:13:00	40.53914	141.55788	18	0.0	3	2.3	270
16/05/2025	04:14:00	40.53912	141.55777	30	0.0	4	2.1	270
16/05/2025	04:15:00	40.53906	141.55799	0	0.0	3	2.3	268
16/05/2025	04:16:00	40.53910	141.55792	14	0.0	4	2.2	262
16/05/2025	04:17:01	40.53917	141.55772	4	0.0	5	2.0	262
16/05/2025	04:18:00	40.53911	141.55787	14	0.0	3	2.3	259
16/05/2025	04:19:00	40.53932	141.55754	10	0.0	3	2.3	260
16/05/2025	04:20:01	40.53930	141.55756	-12	0.0	4	2.2	261
16/05/2025	04:21:00	40.53923	141.55754	8	0.0	3	2.3	260
16/05/2025	04:22:01	40.53915	141.55775	-8	0.0	3	2.3	260
16/05/2025	04:23:01	40.53917	141.55774	18	0.0	4	2.0	262
16/05/2025	04:24:01	40.53932	141.55765	-12	0.0	4	2.2	260
16/05/2025	04:25:00	40.53902	141.55788	-2	0.0	3	2.3	269
16/05/2025	04:26:01	40.53920	141.55768	2	0.0	3	2.3	266
16/05/2025	04:27:00	40.53906	141.55771	18	0.0	3	2.3	263
16/05/2025	04:28:02	40.53916	141.55780	10	0.0	4	2.2	255
16/05/2025	04:29:01	40.53926	141.55766	-6	0.0	3	2.3	269
16/05/2025	04:30:00	40.53931	141.55756	28	0.0	3	2.3	276
16/05/2025	04:31:01	40.53923	141.55770	-0	0.0	4	2.2	261
16/05/2025	04:32:00	40.53915	141.55763	2	0.0	3	2.4	281
16/05/2025	04:33:00	40.53915	141.55786	24	0.0	3	2.4	276
16/05/2025	04:34:00	40.53925	141.55748	-4	0.0	3	2.4	276
16/05/2025	04:35:01	40.53922	141.55766	12	0.0	3	2.4	247
16/05/2025	04:36:00	40.53918	141.55773	8	0.0	3	2.4	273
16/05/2025	04:37:01	40.53905	141.55795	14	0.0	3	2.4	295
16/05/2025	04:38:02	40.53917	141.55772	10	0.0	3	2.4	255
16/05/2025	04:39:01	40.53924	141.55769	0	0.0	3	2.4	267
16/05/2025	04:40:02	40.53911	141.55794	4	0.0	3	2.4	268
16/05/2025	04:41:05	40.53916	141.55768	-4	0.0	3	2.4	274
16/05/2025	04:42:04	40.53913	141.55784	2	0.0	3	2.4	276
16/05/2025	04:43:03	40.53909	141.55778	20	0.0	3	2.4	281
16/05/2025	04:44:03	40.53921	141.55784	4	0.0	3	2.4	271
16/05/2025	04:45:02	40.53924	141.55763	-2	0.0	3	2.4	272
16/05/2025	04:46:03	40.53907	141.55775	16	0.0	3	2.4	281
16/05/2025	04:47:02	40.53913	141.55768	10	0.0	2	3.1	273
16/05/2025	04:48:03	40.53915	141.55800	10	0.0	3	2.4	271
16/05/2025	04:49:04	40.53910	141.55782	16	0.0	3	2.4	269
16/05/2025	04:50:03	40.53916	141.55775	22	0.0	3	2.4	271
16/05/2025	04:51:04	40.53912	141.55783	4	0.0	3	2.4	275
16/05/2025	04:52:01	40.53916	141.55781	6	0.0	2	3.1	275
16/05/2025	04:53:03	40.53915	141.55773	10	0.0	3	2.4	268
16/05/2025	04:54:04	40.53916	141.55779	6	0.0	3	2.4	266
16/05/2025	04:55:05	40.53908	141.55765	22	0.0	3	2.4	265
16/05/2025	04:56:06	40.53919	141.55781	2	0.0	3	2.4	266
16/05/2025	04:57:04	40.53917	141.55777	2	0.0	3	2.4	269
16/05/2025	04:58:08	40.53915	141.55779	6	0.0	3	2.4	264
16/05/2025	04:59:02	40.53927	141.55799	6	0.0	2	3.2	268
16/05/2025	05:00:03	40.53919	141.55785	8	0.0	2	3.2	269
16/05/2025	05:01:03	40.53908	141.55777	8	0.0	2	3.2	272
16/05/2025	05:02:03	40.53917	141.55796	12	0.0	2	3.2	268
16/05/2025	05:03:04	40.53903	141.55769	12	0.0	2	3.2	272
16/05/2025	05:04:31	40.53921	141.55779	0	0.0	3	5.3	253
16/05/2025	05:05:03	40.53913	141.55752	40	0.0	3	5.2	273
16/05/2025	05:06:02	40.53908	141.55751	40	0.0	3	5.2	273
16/05/2025	05:07:02	40.53918	141.55792	-2	0.0	3	5.2	271
16/05/2025	05:08:04	40.53923	141.55784	6	0.0	3	5.2	271
16/05/2025	05:09:04	40.53922	141.55767	20	0.0	3	5.1	273
16/05/2025	05:10:05	40.53920	141.55787	22	0.0	3	5.1	270
16/05/2025	05:11:05	40.53926	141.55800	-4	0.0	3	5.1	276
16/05/2025	05:12:04	40.53922	141.55781	4	0.0	3	5.1	274
16/05/2025	05:13:05	40.53924	141.55784	4	0.0	3	5.1	269
16/05/2025	05:14:03	40.53906	141.55758	18	0.0	3	5.0	275
16/05/2025	05:15:01	40.53934	141.55813	-38	0.0	3	5.0	279
16/05/2025	05:16:04	40.53927	141.55800	-2	0.0	3	5.0	279
16/05/2025	05:17:05	40.53923	141.55783	8	0.0	3	5.0	273
16/05/2025	05:18:03	40.53912	141.55789	22	0.0	3	5.0	280
16/05/2025	05:19:04	40.53919	141.55777	12	0.0	3	5.0	275
16/05/2025	05:20:06	40.53919	141.55767	14	0.0	3	4.4	272
16/05/2025	05:21:09	40.53926	141.55805	0	0.0	3	4.4	267
16/05/2025	05:22:25	40.53921	141.55784	0	0.0	3	4.4	270
16/05/2025	05:23:32	40.53919	141.55771	6	0.0	7	1.0	273
16/05/2025	05:24:02	40.53906	141.55764	30	0.0	4	2.1	251
16/05/2025	05:25:02	40.53910	141.55762	2	0.0	6	1.0	253
16/05/2025	05:26:00	40.53917	141.55776	2	0.0	3	1.2	184
16/05/2025	05:27:00	40.53919	141.55767	26	0.0	7	1.1	254
16/05/2025	05:28:00	40.53914	141.55774	-8	0.0	7	1.0	278
16/05/2025	05:29:00	40.53897	141.55773	34	0.0	5	1.1	253
16/05/2025	05:30:01	40.53915	141.55763	14	0.0	6	1.0	257
16/05/2025	05:31:01	40.53918	141.55772	6	0.0	7	1.0	284
16/05/2025	05:32:00	40.53918	141.55775	4	0.0	6	1.1	257
16/05/2025	05:33:01	40.53921	141.55769	28	0.0	7	1.0	278
16/05/2025	05:34:02	40.53919	141.55768	8	0.0	6	1.0	252
16/05/2025	05:35:00	40.53936	141.55781	22	0.0	4	1.4	249
16/05/2025	05:36:00	40.53908	141.55775	0	0.0	5	1.2	250
16/05/2025	05:37:00	40.53920	141.55774	-0	0.0	7	1.0	281
16/05/2025	05:38:00	40.53919	141.55768	2	0.0	5	1.1	225
16/05/2025	05:39:00	40.53932	141.55791	0	0.0	5	1.1	249
16/05/2025	05:40:01	40.53920	141.55769	4	0.0	5	1.2	254
16/05/2025	05:41:00	40.53918	141.55795	10	3.7	6	1.0	255
16/05/2025	05:42:00	40.53920	141.55785	-8	0.0	7	1.0	256
16/05/2025	05:43:01	40.53918	141.55773	14	0.0	6	1.0	253
16/05/2025	05:44:01	40.53924	141.55775	-16	0.0	7	1.0	254
16/05/2025	05:45:01	40.53925	141.55769	-16	0.0	6	1.0	228
16/05/2025	05:46:01	40.53926	141.55762	16	0.0	6	1.2	277
16/05/2025	05:47:02	40.53919	141.55777	-2	0.0	5	1.0	216
16/05/2025	05:48:01	40.53927	141.55773	0	0.0	6	1.0	254
16/05/2025	05:49:02	40.53913	141.55764	14	0.0	4	1.4	247
16/05/2025	05:50:01	40.53921	141.55773	10	0.0	4	1.1	271
16/05/2025	05:51:01	40.53916	141.55763	-14	0.0	4	2.0	239
16/05/2025	05:52:01	40.53919	141.55765	10	0.0	4	1.4	210
16/05/2025	05:53:01	40.53917	141.55766	18	0.0	3	2.0	187
16/05/2025	05:54:01	40.53925	141.55777	2	0.0	3	1.4	154
16/05/2025	05:55:01	40.53924	141.55776	10	0.0	5	1.0	222
16/05/2025	05:56:01	40.53943	141.55760	-22	0.0	4	1.3	224
16/05/2025	05:57:01	40.53923	141.55778	12	0.0	5	1.1	250
16/05/2025	05:58:01	40.53930	141.55778	30	0.0	4	1.3	221
16/05/2025	05:59:02	40.53918	141.55779	10	0.0	5	1.1	244
16/05/2025	06:00:01	40.53915	141.55778	0	0.0	4	1.1	226
16/05/2025	06:01:01	40.53917	141.55778	0	0.0	7	0.4	249
16/05/2025	06:02:00	40.53924	141.55777	42	0.0	5	1.1	248
16/05/2025	06:03:01	40.53912	141.55780	22	0.0	5	1.1	245
16/05/2025	06:04:00	40.53925	141.55768	-2	0.0	4	2.1	165
16/05/2025	06:05:00	40.53912	141.55781	-2	3.7	4	2.1	244
16/05/2025	06:06:00	40.53920	141.55772	8	0.0	6	1.0	256
16/05/2025	06:07:00	40.53916	141.55780	-8	0.0	3	1.3	186
16/05/2025	06:08:00	40.53922	141.55769	2	0.0	5	1.0	244
16/05/2025	06:09:00	40.53919	141.55764	14	0.0	4	2.2	245
16/05/2025	06:10:01	40.53918	141.55767	12	0.0	5	1.1	244
16/05/2025	06:11:00	40.53891	141.55777	-2	0.0	5	1.1	243
16/05/2025	06:12:01	40.53913	141.55773	4	0.0	5	1.0	221
16/05/2025	06:13:01	40.53917	141.55775	8	0.0	6	1.0	245
16/05/2025	06:14:00	40.53919	141.55779	14	0.0	5	1.0	217
16/05/2025	06:15:00	40.53922	141.55760	40	0.0	5	1.0	239
16/05/2025	06:16:00	40.53926	141.55779	24	0.0	5	1.1	222
16/05/2025	06:17:00	40.53916	141.55771	28	0.0	3	1.3	217
16/05/2025	06:18:02	40.53921	141.55768	-0	0.0	6	1.0	235
16/05/2025	06:19:00	40.53941	141.55775	-18	0.0	3	1.3	211
16/05/2025	06:20:01	40.53925	141.55759	40	0.0	3	1.3	216
16/05/2025	06:21:01	40.53914	141.55764	28	0.0	4	1.2	237
16/05/2025	06:22:02	40.53926	141.55767	4	0.0	4	1.2	215
16/05/2025	06:23:01	40.53901	141.55775	6	0.0	3	2.0	209
16/05/2025	06:24:02	40.53895	141.55772	-0	0.0	3	3.0	205
16/05/2025	06:25:03	40.53912	141.55775	22	0.0	4	1.2	228
16/05/2025	06:26:01	40.53914	141.55774	20	0.0	4	1.3	206
16/05/2025	06:27:01	40.53912	141.55753	62	0.0	4	1.2	227
16/05/2025	06:28:01	40.53923	141.55775	24	0.0	4	1.2	230
16/05/2025	06:29:01	40.53911	141.55774	12	0.0	4	1.2	206
16/05/2025	06:30:01	40.53926	141.55781	2	0.0	4	1.3	164
16/05/2025	06:31:01	40.53920	141.55786	-32	0.0	3	2.0	159
16/05/2025	06:32:02	40.53917	141.55777	-18	0.0	4	1.2	218
16/05/2025	06:33:00	40.53926	141.55773	-0	0.0	4	1.3	160
16/05/2025	06:34:00	40.53928	141.55765	48	0.0	3	2.0	155
16/05/2025	06:35:00	40.53928	141.55761	14	0.0	3	2.0	156
16/05/2025	06:36:02	40.53917	141.55776	12	0.0	4	1.2	214
16/05/2025	06:37:01	40.53925	141.55765	46	0.0	3	2.0	184
16/05/2025	06:38:01	40.53920	141.55772	2	0.0	5	1.2	186
16/05/2025	06:39:02	40.53917	141.55778	8	0.0	4	1.2	236
16/05/2025	06:40:01	40.53916	141.55764	50	0.0	3	2.0	232
16/05/2025	06:41:02	40.53929	141.55785	-32	0.0	4	1.2	226
16/05/2025	06:42:01	40.53918	141.55777	14	3.7	3	2.0	213
16/05/2025	06:43:01	40.53920	141.55766	20	0.0	5	1.1	215
16/05/2025	06:44:02	40.53977	141.55705	0	0.0	6	0.4	272
16/05/2025	06:45:01	40.53994	141.55711	-26	0.0	5	1.4	280
16/05/2025	06:46:01	40.53971	141.55698	10	0.0	4	2.2	278
16/05/2025	06:47:01	40.53978	141.55711	6	0.0	6	0.4	258
16/05/2025	06:48:00	40.53977	141.55705	0	0.0	4	1.1	276
16/05/2025	06:49:01	40.53969	141.55688	28	0.0	3	1.2	247
16/05/2025	06:50:01	40.53996	141.55669	0	0.0	3	2.4	263
16/05/2025	06:51:01	40.53988	141.55662	16	0.0	4	1.2	247
16/05/2025	06:52:03	40.53996	141.55638	18	0.0	4	2.0	252
16/05/2025	06:53:03	40.54002	141.55645	4	0.0	4	1.2	258
16/05/2025	06:54:02	40.54004	141.55643	4	0.0	4	1.2	256
16/05/2025	06:55:01	40.53988	141.55628	18	3.7	3	2.3	183
16/05/2025	06:56:01	40.53979	141.55706	22	0.0	5	1.1	274
16/05/2025	06:57:02	40.53974	141.55694	4	0.0	5	1.1	273
16/05/2025	06:58:01	40.53975	141.55696	8	0.0	3	2.1	274
16/05/2025	06:59:02	40.53972	141.55697	10	0.0	4	1.2	262
16/05/2025	07:00:02	40.53979	141.55700	0	0.0	5	1.1	269
16/05/2025	07:01:02	40.53981	141.55702	12	0.0	5	1.1	271
16/05/2025	07:02:01	40.53958	141.55686	-2	37.0	4	1.3	273
16/05/2025	07:03:03	40.53924	141.55783	8	14.8	5	1.1	271
16/05/2025	07:04:03	40.53935	141.55778	10	14.8	3	3.2	210
16/05/2025	07:05:03	40.53907	141.55794	24	22.2	4	3.0	243
16/05/2025	07:06:01	40.53481	141.55534	44	37.0	4	1.3	272
16/05/2025	07:07:01	40.53488	141.55405	76	33.3	4	1.3	273
16/05/2025	07:08:02	40.53047	141.54835	28	48.2	4	1.3	268
16/05/2025	07:09:02	40.52900	141.54094	30	40.7	5	1.2	275
16/05/2025	07:10:00	40.52785	141.53427	-30	48.2	4	1.3	215
16/05/2025	07:11:03	40.52962	141.52636	48	37.0	3	3.2	258
16/05/2025	07:12:02	40.53431	141.52162	14	33.3	4	2.4	291
16/05/2025	07:13:02	40.53835	141.51619	26	40.7	4	2.4	267
16/05/2025	07:14:02	40.54180	141.50926	40	37.0	3	3.2	271
16/05/2025	07:15:01	40.54314	141.50676	6	0.0	4	1.3	283
16/05/2025	07:16:01	40.54304	141.50670	6	0.0	4	1.3	273
16/05/2025	07:17:02	40.54304	141.50656	8	0.0	4	1.3	267
16/05/2025	07:18:00	40.54307	141.50653	-2	0.0	4	1.3	254
16/05/2025	07:19:02	40.54335	141.50772	6	14.8	4	1.3	287
16/05/2025	07:20:00	40.54333	141.50797	20	0.0	3	2.3	274
16/05/2025	07:21:02	40.54512	141.51007	20	25.9	4	1.3	304
16/05/2025	07:22:01	40.54932	141.51349	0	40.7	4	1.3	313
16/05/2025	07:23:02	40.55425	141.51350	26	29.6	4	1.3	297
16/05/2025	07:24:00	40.55791	141.51393	-0	0.0	3	2.3	283
16/05/2025	07:25:01	40.55712	141.51384	-2	0.0	4	1.3	286
16/05/2025	07:26:02	40.55709	141.51386	16	0.0	4	1.3	298
16/05/2025	07:27:01	40.55708	141.51384	16	0.0	4	1.3	281
16/05/2025	07:28:01	40.55711	141.51386	-6	0.0	4	1.3	277
16/05/2025	07:29:01	40.55706	141.51382	28	0.0	4	1.3	280
16/05/2025	07:30:01	40.55717	141.51393	14	0.0	4	1.3	285
16/05/2025	07:31:01	40.55714	141.51386	6	0.0	4	1.3	285
16/05/2025	07:32:01	40.55715	141.51386	6	0.0	4	1.3	283
16/05/2025	07:33:01	40.55711	141.51394	4	0.0	4	1.3	280
16/05/2025	07:34:01	40.55717	141.51379	10	0.0	4	1.3	274
16/05/2025	07:35:02	40.55721	141.51389	12	0.0	3	4.1	282
16/05/2025	07:36:01	40.55712	141.51403	22	0.0	4	1.3	279
16/05/2025	07:37:02	40.55716	141.51387	-0	0.0	4	1.3	278
16/05/2025	07:38:02	40.55718	141.51392	18	0.0	4	1.3	275
16/05/2025	07:39:02	40.55720	141.51388	4	0.0	4	1.3	241
16/05/2025	07:40:03	40.55706	141.51381	-4	0.0	3	4.2	271
16/05/2025	07:41:02	40.55695	141.51351	-46	0.0	3	4.3	265
16/05/2025	07:42:02	40.55706	141.51370	-12	0.0	3	4.3	274
16/05/2025	07:43:03	40.55715	141.51388	4	0.0	3	4.4	275
16/05/2025	07:44:02	40.55717	141.51401	28	0.0	3	4.4	274
16/05/2025	07:45:03	40.55715	141.51392	-4	0.0	3	5.0	255
16/05/2025	07:46:03	40.55713	141.51398	24	0.0	3	5.0	300
16/05/2025	07:47:03	40.55711	141.51393	12	0.0	3	5.1	244
16/05/2025	07:48:04	40.55712	141.51379	8	0.0	3	5.2	244
16/05/2025	07:49:02	40.55726	141.51397	26	0.0	3	5.2	276
16/05/2025	07:50:02	40.55699	141.51354	-34	0.0	3	5.3	220
16/05/2025	07:51:03	40.55708	141.51381	6	0.0	3	5.4	247
16/05/2025	07:52:04	40.55714	141.51397	16	3.7	3	5.4	247
16/05/2025	07:53:04	40.55726	141.51440	92	0.0	3	6.0	219
16/05/2025	07:54:04	40.55725	141.51420	46	0.0	3	6.1	230
16/05/2025	07:55:02	40.55710	141.51376	-2	0.0	3	6.2	251
16/05/2025	07:56:07	40.55713	141.51391	10	3.7	3	6.3	246
16/05/2025	07:57:04	40.55710	141.51375	12	0.0	3	6.4	275
16/05/2025	07:58:03	40.55704	141.51341	-30	0.0	3	7.0	244
16/05/2025	07:59:02	40.55698	141.51366	-12	0.0	3	7.1	252
16/05/2025	08:00:31	40.55709	141.51383	8	0.0	7	1.0	270
16/05/2025	08:01:00	40.55711	141.51383	10	0.0	6	1.1	279
16/05/2025	08:02:00	40.55702	141.51387	-20	0.0	3	1.4	238
16/05/2025	08:03:01	40.55714	141.51383	18	0.0	7	1.0	259
16/05/2025	08:04:00	40.55705	141.51379	22	0.0	5	1.1	257
16/05/2025	08:05:00	40.55709	141.51387	-6	0.0	6	1.1	255
16/05/2025	08:06:00	40.55718	141.51390	-14	0.0	5	1.2	229
16/05/2025	08:07:00	40.55692	141.51383	48	3.7	4	1.2	270
16/05/2025	08:08:00	40.55712	141.51377	-6	0.0	3	2.3	129
16/05/2025	08:09:01	40.55717	141.51384	4	0.0	5	1.1	234
16/05/2025	08:10:01	40.55706	141.51376	8	0.0	6	1.1	241
16/05/2025	08:11:00	40.55700	141.51381	28	3.7	5	1.2	226
16/05/2025	08:12:02	40.55711	141.51384	2	0.0	7	1.0	281
16/05/2025	08:13:00	40.55709	141.51379	8	0.0	5	1.2	262
16/05/2025	08:14:00	40.55719	141.51390	-6	0.0	6	1.0	254
16/05/2025	08:15:01	40.55713	141.51393	-10	0.0	7	1.0	305
16/05/2025	08:16:00	40.55714	141.51373	18	0.0	7	1.0	305
16/05/2025	08:17:00	40.55707	141.51383	22	0.0	6	1.0	274
16/05/2025	08:18:00	40.55725	141.51395	-2	0.0	5	1.1	306
16/05/2025	08:19:00	40.55715	141.51388	-16	0.0	6	1.1	317
16/05/2025	08:20:00	40.55710	141.51386	68	0.0	5	1.1	279
16/05/2025	08:21:01	40.55717	141.51382	16	0.0	5	1.1	270
16/05/2025	08:22:01	40.55706	141.51377	0	0.0	6	1.1	311
16/05/2025	08:23:01	40.55717	141.51388	4	0.0	5	1.2	306
16/05/2025	08:24:01	40.55717	141.51373	40	0.0	7	1.0	307
16/05/2025	08:25:01	40.55718	141.51383	34	0.0	5	1.2	312
16/05/2025	08:26:01	40.55716	141.51365	-30	0.0	5	1.1	308
16/05/2025	08:27:02	40.55710	141.51376	26	0.0	5	1.3	298
16/05/2025	08:28:00	40.55718	141.51385	26	0.0	5	1.2	300
16/05/2025	08:29:00	40.55704	141.51382	6	0.0	6	1.1	253
16/05/2025	08:30:00	40.55715	141.51386	26	22.2	5	1.2	244
16/05/2025	08:31:00	40.55644	141.51467	-0	44.4	5	1.2	249
16/05/2025	08:32:01	40.54951	141.51540	26	40.7	7	1.1	288
16/05/2025	08:33:02	40.54594	141.51606	2	0.0	7	1.0	305
16/05/2025	08:34:01	40.54644	141.51510	-0	0.0	7	1.0	284
16/05/2025	08:35:01	40.54641	141.51523	-0	0.0	5	1.1	289
16/05/2025	08:36:01	40.54638	141.51543	4	0.0	7	1.0	289
16/05/2025	08:37:00	40.54621	141.51555	-10	22.2	6	1.1	284
16/05/2025	08:38:00	40.55041	141.51650	24	40.7	4	2.1	273
16/05/2025	08:39:00	40.55551	141.51578	-16	29.6	6	1.1	274
16/05/2025	08:40:00	40.55679	141.51520	6	3.7	6	1.1	282
16/05/2025	08:41:00	40.55676	141.51532	38	0.0	6	1.1	261
16/05/2025	08:42:00	40.55674	141.51515	-18	0.0	6	1.1	315
16/05/2025	08:43:00	40.55690	141.51524	12	0.0	6	1.1	288
16/05/2025	08:44:00	40.55681	141.51530	36	0.0	5	1.2	313
16/05/2025	08:45:00	40.55690	141.51499	0	0.0	6	1.1	325
16/05/2025	08:46:00	40.55691	141.51503	-2	0.0	5	1.3	284
16/05/2025	08:47:00	40.55686	141.51508	30	0.0	5	1.2	296
16/05/2025	08:48:01	40.55693	141.51508	16	0.0	6	1.1	288
16/05/2025	08:49:01	40.55691	141.51500	0	0.0	6	1.1	305
16/05/2025	08:50:00	40.55687	141.51501	6	0.0	5	1.2	254
16/05/2025	08:51:00	40.55686	141.51499	-28	0.0	3	2.3	248
16/05/2025	08:52:00	40.55707	141.51552	130	0.0	4	2.2	272
16/05/2025	08:53:00	40.55700	141.51493	-32	25.9	4	2.0	241
16/05/2025	08:54:00	40.55685	141.51440	-24	0.0	6	1.1	305
16/05/2025	08:55:00	40.55685	141.51449	-20	3.7	3	2.1	217
16/05/2025	08:56:01	40.55693	141.51454	14	0.0	4	1.2	239
16/05/2025	08:57:01	40.55686	141.51451	-16	0.0	6	1.3	311
16/05/2025	08:58:01	40.55693	141.51445	10	0.0	5	1.3	220
16/05/2025	08:59:00	40.55695	141.51466	8	0.0	5	1.3	317
16/05/2025	09:00:01	40.55692	141.51473	32	0.0	3	2.3	247
16/05/2025	09:01:00	40.55674	141.51444	-54	0.0	5	1.3	257
16/05/2025	09:02:00	40.55706	141.51456	2	0.0	6	1.1	314
16/05/2025	09:03:00	40.55693	141.51438	-40	0.0	4	2.0	283
16/05/2025	09:04:01	40.55725	141.51481	24	0.0	6	1.3	277
16/05/2025	09:05:01	40.55868	141.51317	22	25.9	3	2.4	189
16/05/2025	09:06:02	40.55883	141.51222	6	0.0	7	0.4	270
16/05/2025	09:07:01	40.55872	141.51228	-4	0.0	5	1.1	291
16/05/2025	09:08:00	40.55950	141.50910	-0	29.6	5	1.3	255
16/05/2025	09:09:01	40.56237	141.50906	-2	25.9	7	1.0	317
16/05/2025	09:10:00	40.56510	141.50551	24	33.3	5	2.0	260
16/05/2025	09:11:00	40.56818	141.50196	12	25.9	6	1.0	285
16/05/2025	09:12:00	40.56971	141.49675	-26	29.6	5	1.3	257
16/05/2025	09:13:00	40.57231	141.49310	-20	33.3	5	1.3	281
16/05/2025	09:14:00	40.57673	141.49088	4	25.9	4	1.4	281
16/05/2025	09:15:00	40.57996	141.48979	58	18.5	4	1.4	278
16/05/2025	09:16:00	40.58135	141.48856	4	0.0	4	2.0	261
16/05/2025	09:17:01	40.58160	141.48632	-8	29.6	5	1.3	303
16/05/2025	09:18:01	40.58392	141.48204	-10	0.0	3	2.3	219
16/05/2025	09:19:00	40.58378	141.48225	6	0.0	4	2.1	283
16/05/2025	09:20:01	40.58328	141.48184	-4	0.0	3	2.2	222
16/05/2025	09:21:01	40.58334	141.48195	4	11.1	5	1.1	245
16/05/2025	09:22:00	40.58389	141.48166	-22	0.0	4	2.0	252
16/05/2025	09:23:00	40.58401	141.48160	-38	3.7	4	2.2	186
16/05/2025	09:24:01	40.58377	141.48203	-16	0.0	5	1.4	283
16/05/2025	09:25:01	40.58374	141.48232	26	0.0	4	2.1	274
16/05/2025	09:26:01	40.58379	141.48215	18	0.0	6	1.0	315
16/05/2025	09:27:01	40.58396	141.48209	2	0.0	6	1.0	308
16/05/2025	09:28:00	40.58394	141.48200	-22	3.7	4	2.3	306
16/05/2025	09:29:00	40.58394	141.48219	-4	0.0	4	1.4	311
16/05/2025	09:30:01	40.58393	141.48199	14	0.0	5	1.4	303
16/05/2025	09:31:01	40.58399	141.48200	6	0.0	5	1.0	284
16/05/2025	09:32:01	40.58394	141.48206	16	0.0	5	1.0	259
16/05/2025	09:33:00	40.58373	141.48223	-22	0.0	6	1.0	277
16/05/2025	09:34:00	40.58408	141.48203	0	0.0	5	1.0	266
16/05/2025	09:35:00	40.58386	141.48235	24	0.0	5	1.4	263
16/05/2025	09:36:01	40.58392	141.48210	14	0.0	5	1.1	295
16/05/2025	09:37:01	40.58399	141.48210	8	0.0	5	1.0	297
16/05/2025	09:38:00	40.58391	141.48214	2	0.0	5	1.1	275
16/05/2025	09:39:00	40.58405	141.48217	-10	0.0	4	1.4	304
16/05/2025	09:40:00	40.58389	141.48220	30	0.0	3	2.4	216
16/05/2025	09:41:00	40.58401	141.48196	0	0.0	5	1.1	311
16/05/2025	09:42:00	40.58413	141.48212	-8	7.4	3	2.4	269
16/05/2025	09:43:00	40.58413	141.48223	18	0.0	4	2.3	249
16/05/2025	09:44:01	40.58375	141.48227	36	0.0	4	2.3	242
16/05/2025	09:45:01	40.58396	141.48218	2	0.0	3	2.4	247
16/05/2025	09:46:02	40.58393	141.48211	-2	0.0	5	1.4	276
16/05/2025	09:47:01	40.58399	141.48222	16	0.0	4	2.3	249
16/05/2025	09:48:01	40.58405	141.48214	2	0.0	5	1.4	248
16/05/2025	09:49:00	40.58388	141.48230	6	0.0	3	2.4	274
16/05/2025	09:50:00	40.58386	141.48241	44	0.0	4	2.3	270
16/05/2025	09:51:00	40.58113	141.48517	-2	37.0	4	2.0	272
16/05/2025	09:52:00	40.58040	141.48688	14	0.0	3	2.4	183
16/05/2025	09:53:01	40.58025	141.48696	-8	0.0	4	2.3	283
16/05/2025	09:54:00	40.58059	141.49007	-6	25.9	3	2.3	296
16/05/2025	09:55:01	40.58255	141.49448	2	25.9	6	1.0	292
16/05/2025	09:56:01	40.58163	141.49963	18	11.1	4	2.0	284
16/05/2025	09:57:01	40.58142	141.49947	10	0.0	4	1.4	288
16/05/2025	09:58:02	40.58127	141.49982	-14	0.0	3	2.0	286
16/05/2025	09:59:01	40.58102	141.49966	4	0.0	4	1.4	284
16/05/2025	10:00:02	40.58090	141.49973	4	0.0	5	1.0	285
16/05/2025	10:01:02	40.58076	141.49990	8	0.0	6	1.0	286
16/05/2025	10:02:02	40.58054	141.49999	10	0.0	5	1.0	289
16/05/2025	10:03:01	40.57955	141.50125	14	29.6	6	1.0	296
16/05/2025	10:04:00	40.58003	141.50503	-0	18.5	4	2.2	291
16/05/2025	10:05:00	40.57689	141.50777	26	37.0	4	2.2	294
16/05/2025	10:06:00	40.57476	141.50546	10	0.0	4	2.2	273
16/05/2025	10:07:01	40.57479	141.50567	2	0.0	5	1.1	284
16/05/2025	10:08:01	40.57521	141.50633	6	0.0	5	1.1	264
16/05/2025	10:09:00	40.57515	141.50635	-4	0.0	4	1.2	289
16/05/2025	10:10:01	40.57505	141.50655	12	0.0	4	2.2	280
16/05/2025	10:11:01	40.57493	141.50648	-4	0.0	5	2.1	267
16/05/2025	10:12:01	40.57478	141.50656	18	0.0	4	2.2	320
16/05/2025	10:13:01	40.57477	141.50662	6	0.0	5	1.1	289
16/05/2025	10:14:01	40.57469	141.50670	2	0.0	4	2.2	295
16/05/2025	10:15:01	40.57451	141.50694	30	0.0	4	2.2	289
16/05/2025	10:16:01	40.57462	141.50710	-0	0.0	4	2.2	285
16/05/2025	10:17:01	40.57454	141.50730	-4	0.0	4	2.2	293
16/05/2025	10:18:01	40.57456	141.50755	-8	0.0	4	2.2	287
16/05/2025	10:19:01	40.57440	141.50761	-6	0.0	4	1.3	293
16/05/2025	10:20:01	40.57431	141.50766	2	0.0	4	1.1	285
16/05/2025	10:21:01	40.57429	141.50768	2	0.0	5	1.1	290
16/05/2025	10:22:03	40.57421	141.50773	0	0.0	5	1.1	282
16/05/2025	10:23:01	40.57413	141.50788	10	0.0	4	2.2	292
16/05/2025	10:24:01	40.57409	141.50791	14	0.0	4	1.3	287
16/05/2025	10:25:01	40.57403	141.50798	0	0.0	4	2.2	290
16/05/2025	10:26:03	40.57395	141.50797	12	0.0	4	1.3	287
16/05/2025	10:27:02	40.57391	141.50801	2	0.0	5	1.1	291
16/05/2025	10:28:02	40.57388	141.50807	6	0.0	4	1.3	289
16/05/2025	10:29:03	40.57381	141.50823	14	0.0	4	1.2	281
16/05/2025	10:30:02	40.57378	141.50816	14	0.0	4	2.3	288
16/05/2025	10:31:03	40.57366	141.50827	-4	0.0	4	1.2	281
16/05/2025	10:32:03	40.57355	141.50795	-38	0.0	3	11.4	285
16/05/2025	10:33:04	40.57348	141.50861	32	14.8	3	12.0	247
16/05/2025	10:34:03	40.57335	141.50856	20	0.0	3	12.2	266
16/05/2025	10:35:03	40.57307	141.50807	10	3.7	3	12.3	283
16/05/2025	10:36:02	40.57304	141.50797	-14	0.0	3	12.4	281
16/05/2025	10:37:02	40.57306	141.50888	30	3.7	3	13.0	269
16/05/2025	10:38:02	40.57289	141.50840	-10	0.0	3	13.2	263
16/05/2025	10:39:02	40.57286	141.50875	14	3.7	3	13.3	285
16/05/2025	10:40:03	40.57286	141.51010	94	0.0	3	14.0	282
16/05/2025	10:41:03	40.57255	141.50819	-34	0.0	3	14.2	302
16/05/2025	10:42:03	40.57250	141.50861	-0	0.0	3	14.4	295
16/05/2025	10:43:04	40.57245	141.50872	-0	0.0	3	15.1	282
16/05/2025	10:44:02	40.57244	141.51015	90	3.7	3	15.3	294
16/05/2025	10:45:02	40.57234	141.50854	-24	0.0	3	16.0	295
16/05/2025	10:46:02	40.57223	141.50835	-30	0.0	3	16.3	302
16/05/2025	10:47:03	40.57224	141.50857	-12	0.0	3	17.0	298
16/05/2025	10:48:03	40.57227	141.50897	12	0.0	3	17.3	290
16/05/2025	10:49:02	40.57229	141.50988	52	0.0	3	18.1	293
16/05/2025	10:50:05	40.57199	141.50785	-58	0.0	3	19.0	294
16/05/2025	10:51:39	40.57202	141.50915	4	0.0	5	1.2	302
16/05/2025	10:52:01	40.57202	141.50918	8	0.0	5	1.2	238
16/05/2025	10:53:02	40.57195	141.50928	18	0.0	4	2.0	268
16/05/2025	10:54:01	40.57196	141.50931	6	0.0	4	1.2	205
16/05/2025	10:55:01	40.57178	141.50931	6	0.0	5	1.1	273
16/05/2025	10:56:01	40.57165	141.50931	0	0.0	4	2.2	287
16/05/2025	10:57:00	40.57168	141.50964	30	0.0	4	2.0	292
16/05/2025	10:58:01	40.57159	141.50961	12	0.0	4	2.2	290
16/05/2025	10:59:00	40.57159	141.50954	-0	0.0	4	2.2	301
16/05/2025	11:00:00	40.57131	141.50945	-12	0.0	3	1.3	254
16/05/2025	11:01:01	40.57129	141.50966	10	0.0	5	1.1	295
16/05/2025	11:02:01	40.57119	141.50958	12	0.0	4	2.2	286
16/05/2025	11:03:01	40.57117	141.50984	12	0.0	4	2.2	288
16/05/2025	11:04:00	40.57115	141.51003	6	0.0	4	2.2	258
16/05/2025	11:05:01	40.57114	141.51014	10	0.0	3	2.4	288
16/05/2025	11:06:01	40.57085	141.51028	8	0.0	4	1.2	287
16/05/2025	11:07:01	40.57080	141.51048	12	0.0	5	1.1	287
16/05/2025	11:08:00	40.57032	141.51021	48	0.0	3	2.4	264
16/05/2025	11:09:00	40.57050	141.51078	16	14.8	4	2.1	297
16/05/2025	11:10:01	40.56987	141.51252	12	0.0	5	1.1	298
16/05/2025	11:11:00	40.57026	141.51302	-46	0.0	3	2.4	289
16/05/2025	11:12:01	40.56988	141.51307	10	0.0	4	2.1	286
16/05/2025	11:13:01	40.56969	141.51318	10	0.0	5	1.1	300
16/05/2025	11:14:01	40.56955	141.51312	4	0.0	5	1.1	289
16/05/2025	11:15:00	40.56798	141.51500	48	33.3	3	2.4	277
16/05/2025	11:16:01	40.56799	141.51580	-4	0.0	5	1.1	267
16/05/2025	11:17:00	40.56785	141.51577	-0	0.0	4	2.0	230
16/05/2025	11:18:02	40.56787	141.51602	-10	0.0	5	1.1	277
16/05/2025	11:19:00	40.56781	141.51623	-8	0.0	4	2.0	232
16/05/2025	11:20:00	40.56758	141.51640	8	0.0	4	2.0	271
16/05/2025	11:21:02	40.56757	141.51649	18	0.0	4	2.0	289
16/05/2025	11:22:01	40.56768	141.51660	20	0.0	4	2.0	283
16/05/2025	11:23:01	40.56750	141.51668	20	0.0	4	2.0	281
16/05/2025	11:24:02	40.56751	141.51677	-4	0.0	4	2.0	283
16/05/2025	11:25:01	40.56739	141.51678	10	0.0	4	2.0	262
16/05/2025	11:26:01	40.56724	141.51686	14	0.0	4	2.0	282
16/05/2025	11:27:01	40.56733	141.51713	10	0.0	4	2.0	281
16/05/2025	11:28:01	40.56724	141.51723	0	0.0	4	2.0	287
16/05/2025	11:29:01	40.56722	141.51750	2	0.0	4	2.0	292
16/05/2025	11:30:02	40.56701	141.51733	12	0.0	4	2.0	279
16/05/2025	11:31:00	40.56689	141.51731	22	0.0	4	1.4	268
16/05/2025	11:32:02	40.56675	141.51738	-2	3.7	4	1.4	274
16/05/2025	11:33:01	40.56672	141.51761	8	0.0	4	1.4	268
16/05/2025	11:34:01	40.56669	141.51767	28	0.0	3	2.0	276
16/05/2025	11:35:01	40.56660	141.51758	6	0.0	4	1.4	263
16/05/2025	11:36:01	40.56656	141.51798	30	0.0	4	1.4	288
16/05/2025	11:37:00	40.56658	141.51793	12	0.0	3	1.4	239
16/05/2025	11:38:02	40.56643	141.51788	16	0.0	4	1.4	268
16/05/2025	11:39:03	40.56646	141.51754	-44	0.0	3	3.2	253
16/05/2025	11:40:00	40.56623	141.51784	32	0.0	3	1.4	274
16/05/2025	11:41:01	40.56622	141.51793	10	0.0	3	1.4	242
16/05/2025	11:42:02	40.56633	141.51813	4	0.0	3	3.2	249
16/05/2025	11:43:01	40.56617	141.51785	-6	0.0	3	3.2	206
16/05/2025	11:44:02	40.56606	141.51793	12	0.0	3	1.4	271
16/05/2025	11:45:02	40.56603	141.51788	-2	0.0	3	1.4	279
16/05/2025	11:46:03	40.56591	141.51791	14	0.0	3	3.3	242
16/05/2025	11:47:01	40.56593	141.51792	-34	0.0	3	1.4	246
16/05/2025	11:48:02	40.56582	141.51824	12	0.0	3	3.3	235
16/05/2025	11:49:00	40.56591	141.51800	30	0.0	3	1.4	241
16/05/2025	11:50:03	40.56571	141.51788	32	0.0	3	1.4	265
16/05/2025	11:51:01	40.56556	141.51784	14	0.0	3	1.4	242
16/05/2025	11:52:02	40.56546	141.51795	6	0.0	3	1.4	266
16/05/2025	11:53:01	40.56540	141.51795	2	0.0	3	1.4	240
16/05/2025	11:54:02	40.56549	141.51792	-18	0.0	3	1.4	288
16/05/2025	11:55:01	40.56535	141.51793	-0	0.0	3	1.4	259
16/05/2025	11:56:02	40.56528	141.51779	-28	0.0	3	1.4	236
16/05/2025	11:57:02	40.56520	141.51782	-0	0.0	3	1.4	266
16/05/2025	11:58:02	40.56517	141.51785	24	0.0	3	1.4	269
16/05/2025	11:59:00	40.56501	141.51773	0	0.0	3	1.4	216
16/05/2025	12:00:02	40.56495	141.51780	4	0.0	3	1.4	269
16/05/2025	12:01:01	40.56509	141.51754	-26	0.0	3	1.4	244
16/05/2025	12:02:02	40.56492	141.51777	28	0.0	3	1.4	246
16/05/2025	12:03:03	40.56492	141.51773	-2	0.0	3	1.4	256
16/05/2025	12:04:03	40.56486	141.51774	4	0.0	3	1.4	273
16/05/2025	12:05:04	40.56477	141.51767	-4	0.0	3	1.4	256
16/05/2025	12:06:02	40.56466	141.51810	38	0.0	3	1.4	275
16/05/2025	12:07:01	40.56477	141.51780	4	0.0	3	1.4	217
16/05/2025	12:08:03	40.56451	141.51774	-24	0.0	3	1.4	267
16/05/2025	12:09:02	40.56436	141.51766	6	0.0	3	1.4	267
16/05/2025	12:10:02	40.56407	141.51765	46	0.0	3	1.4	299
16/05/2025	12:11:02	40.56412	141.51756	10	0.0	3	2.0	271
16/05/2025	12:12:02	40.56385	141.51740	-8	0.0	3	2.0	270
16/05/2025	12:13:01	40.56366	141.51739	-14	0.0	3	2.0	264
16/05/2025	12:14:01	40.56348	141.51716	-28	0.0	3	2.0	266
16/05/2025	12:15:01	40.56312	141.51733	8	0.0	3	2.0	238
16/05/2025	12:16:02	40.56310	141.51738	-2	0.0	3	2.0	269
16/05/2025	12:17:02	40.56294	141.51742	-20	0.0	3	2.0	265
16/05/2025	12:18:01	40.56264	141.51750	42	0.0	3	2.0	265
16/05/2025	12:19:01	40.56250	141.51709	-2	0.0	3	2.0	267
16/05/2025	12:20:03	40.56239	141.51713	-4	0.0	3	2.0	264
16/05/2025	12:21:02	40.56231	141.51712	-62	0.0	3	2.0	262
16/05/2025	12:22:03	40.56223	141.51719	-18	0.0	3	2.0	265
16/05/2025	12:23:02	40.56196	141.51711	16	0.0	3	2.0	269
16/05/2025	12:24:01	40.56198	141.51700	10	0.0	3	2.1	270
16/05/2025	12:25:02	40.56206	141.51714	-16	0.0	3	2.1	270
16/05/2025	12:26:02	40.56082	141.51588	-2	29.6	3	2.1	267
16/05/2025	12:27:05	40.56143	141.51190	16	22.2	3	2.1	264
16/05/2025	12:28:02	40.56405	141.50918	0	25.9	3	2.1	269
16/05/2025	12:29:03	40.56442	141.51083	-28	0.0	3	2.1	265
16/05/2025	12:30:03	40.56430	141.51124	4	0.0	3	2.1	266
16/05/2025	12:31:02	40.56436	141.51142	-10	0.0	3	2.1	289
16/05/2025	12:32:01	40.56429	141.51163	-2	0.0	3	2.1	269
16/05/2025	12:33:03	40.56421	141.51156	0	0.0	3	2.1	262
16/05/2025	12:34:01	40.56417	141.51189	22	0.0	3	2.2	289
16/05/2025	12:35:01	40.56410	141.51172	20	0.0	3	2.2	295
16/05/2025	12:36:01	40.56398	141.51196	16	0.0	3	2.2	273
16/05/2025	12:37:01	40.56398	141.51181	18	0.0	3	2.2	270
16/05/2025	12:38:01	40.56399	141.51188	-8	0.0	3	2.2	271
16/05/2025	12:39:04	40.56419	141.51223	4	0.0	3	2.2	263
16/05/2025	12:40:03	40.56425	141.51234	-2	0.0	3	2.2	266
16/05/2025	12:41:02	40.56408	141.51238	-12	0.0	3	2.2	272
16/05/2025	12:42:03	40.56412	141.51253	-6	0.0	3	2.2	269
16/05/2025	12:43:01	40.56402	141.51275	10	0.0	3	2.3	271
16/05/2025	12:44:02	40.56385	141.51250	-12	0.0	3	2.3	287
16/05/2025	12:45:05	40.56358	141.51269	10	0.0	3	2.3	253
16/05/2025	12:46:03	40.56313	141.51293	66	3.7	3	2.3	262
16/05/2025	12:47:03	40.56318	141.51298	18	0.0	3	2.3	284
16/05/2025	12:48:03	40.56292	141.51328	20	0.0	2	1.3	259
16/05/2025	12:49:02	40.56287	141.51333	-10	0.0	3	2.3	262
16/05/2025	12:50:02	40.56266	141.51339	-8	0.0	2	1.4	281
16/05/2025	12:51:05	40.56236	141.51342	8	0.0	3	2.4	252
16/05/2025	12:52:01	40.56219	141.51357	16	0.0	3	2.4	268
16/05/2025	12:53:04	40.56224	141.51320	-30	3.7	3	2.4	258
16/05/2025	12:54:02	40.56203	141.51314	-30	0.0	2	1.4	250
16/05/2025	12:55:02	40.56183	141.51352	-6	0.0	3	2.4	260
16/05/2025	12:56:04	40.56097	141.51404	4	11.1	3	2.4	270
16/05/2025	12:57:03	40.55973	141.51561	14	0.0	3	2.4	264
16/05/2025	12:58:04	40.55958	141.51589	24	0.0	3	2.4	270
16/05/2025	12:59:03	40.55958	141.51604	0	0.0	3	3.0	272
16/05/2025	13:00:04	40.55945	141.51631	8	0.0	3	3.0	267
16/05/2025	13:01:02	40.55879	141.51693	-2	29.6	3	3.0	270
16/05/2025	13:02:02	40.55820	141.51876	2	0.0	3	3.0	267
16/05/2025	13:03:03	40.55842	141.51895	-12	0.0	3	3.0	258
16/05/2025	13:04:03	40.55851	141.52171	2	33.3	3	3.0	264
16/05/2025	13:05:02	40.56183	141.52372	14	37.0	3	3.0	275
16/05/2025	13:06:03	40.56147	141.52855	26	33.3	3	3.0	268
16/05/2025	13:07:04	40.56531	141.52959	-0	25.9	3	3.1	292
16/05/2025	13:08:03	40.56550	141.52973	0	0.0	3	3.1	259
16/05/2025	13:09:04	40.56540	141.52984	24	3.7	3	3.1	251
16/05/2025	13:10:03	40.56573	141.52982	10	0.0	3	3.1	262
16/05/2025	13:11:04	40.56576	141.52976	6	0.0	3	3.1	225
16/05/2025	13:12:32	40.56579	141.52976	2	0.0	4	1.1	243
16/05/2025	13:13:02	40.56589	141.52976	8	0.0	4	1.2	263
16/05/2025	13:14:02	40.56579	141.52969	-4	3.7	3	4.2	282
16/05/2025	13:15:01	40.56582	141.52959	-20	0.0	3	4.2	242
16/05/2025	13:16:01	40.56665	141.52824	26	18.5	4	1.2	264
16/05/2025	13:17:00	40.56678	141.52403	26	25.9	3	1.3	278
16/05/2025	13:18:01	40.56400	141.52117	12	25.9	4	1.2	266
16/05/2025	13:19:01	40.56375	141.52090	0	0.0	3	1.3	259
16/05/2025	13:20:01	40.56355	141.52078	0	0.0	2	2.3	279
16/05/2025	13:21:01	40.56360	141.52074	0	0.0	2	2.4	253
16/05/2025	13:22:01	40.56357	141.52057	8	0.0	3	1.2	260
16/05/2025	13:23:01	40.56340	141.52043	10	0.0	2	2.2	272
16/05/2025	13:24:03	40.56318	141.52033	-14	3.7	3	1.2	254
16/05/2025	13:25:02	40.56310	141.52056	-10	0.0	3	1.3	255
16/05/2025	13:26:03	40.56277	141.52039	-12	0.0	3	3.4	274
16/05/2025	13:27:02	40.56261	141.52054	-6	0.0	3	1.4	257
16/05/2025	13:28:03	40.56231	141.52022	-32	3.7	3	3.4	248
16/05/2025	13:29:02	40.56238	141.52041	-4	0.0	3	1.4	258
16/05/2025	13:30:02	40.56202	141.52028	-2	22.2	3	1.4	289
16/05/2025	13:31:03	40.55969	141.51922	-2	0.0	2	2.3	246
16/05/2025	13:32:03	40.55940	141.51769	36	11.1	3	1.4	263
16/05/2025	13:33:03	40.55911	141.51619	28	22.2	3	1.4	264
16/05/2025	13:34:01	40.55930	141.51448	8	22.2	3	1.4	294
16/05/2025	13:35:03	40.55980	141.51293	8	0.0	3	3.3	261
16/05/2025	13:36:02	40.55985	141.51314	6	0.0	2	2.3	250
16/05/2025	13:37:02	40.55971	141.51327	12	0.0	3	3.2	256
16/05/2025	13:38:04	40.55979	141.51353	-2	0.0	4	1.2	255
16/05/2025	13:39:04	40.55972	141.51360	10	0.0	3	1.4	250
16/05/2025	13:40:01	40.55998	141.51318	-20	25.9	3	3.2	262
16/05/2025	13:41:04	40.56413	141.51460	0	18.5	3	3.2	265
16/05/2025	13:42:03	40.56395	141.51473	-12	0.0	3	3.2	263
16/05/2025	13:43:03	40.56389	141.51497	16	0.0	3	3.1	259
16/05/2025	13:44:03	40.56394	141.51523	20	0.0	2	2.2	246
16/05/2025	13:45:04	40.56099	141.51636	8	22.2	2	2.2	275
16/05/2025	13:46:03	40.55990	141.51631	6	0.0	2	2.2	264
16/05/2025	13:47:01	40.55982	141.51640	6	0.0	2	2.2	225
16/05/2025	13:48:04	40.55968	141.51662	4	0.0	2	2.2	197
16/05/2025	13:49:05	40.55965	141.51680	4	0.0	2	2.2	229
16/05/2025	13:50:04	40.55962	141.51700	4	0.0	2	2.2	255
16/05/2025	13:51:02	40.55933	141.51711	4	0.0	2	2.2	242
16/05/2025	13:52:01	40.55940	141.51737	2	3.7	2	2.2	230
16/05/2025	13:53:04	40.55926	141.51773	2	0.0	2	2.2	251
16/05/2025	13:54:04	40.55924	141.51802	2	0.0	2	2.2	251
16/05/2025	13:55:01	40.55909	141.51827	2	0.0	2	2.2	219
16/05/2025	13:56:02	40.55904	141.51847	4	0.0	2	2.2	253
16/05/2025	13:57:03	40.55904	141.51875	2	0.0	2	2.2	236
16/05/2025	13:58:02	40.55900	141.51895	4	0.0	2	2.2	239
16/05/2025	13:59:03	40.55895	141.51938	-4	0.0	2	2.2	266
16/05/2025	14:00:31	40.55881	141.51969	4	0.0	5	1.2	238
16/05/2025	14:01:01	40.55888	141.51974	12	0.0	5	1.2	253
16/05/2025	14:02:01	40.55886	141.51984	-0	0.0	4	1.2	229
16/05/2025	14:03:01	40.55891	141.52003	0	0.0	4	1.2	226
16/05/2025	14:04:00	40.55895	141.52024	-4	0.0	4	1.2	210
16/05/2025	14:05:00	40.55907	141.52071	-22	0.0	5	1.2	221
16/05/2025	14:06:01	40.55881	141.52060	-2	0.0	5	1.2	186
16/05/2025	14:07:01	40.55874	141.52080	10	0.0	5	1.3	202
16/05/2025	14:08:01	40.55861	141.52089	6	0.0	4	2.1	207
16/05/2025	14:09:00	40.55845	141.52106	-34	0.0	3	2.3	208
16/05/2025	14:10:01	40.55835	141.52111	0	0.0	4	2.1	202
16/05/2025	14:11:01	40.55818	141.52106	-8	0.0	3	2.0	202
16/05/2025	14:12:00	40.55851	141.52111	28	0.0	4	1.2	237
16/05/2025	14:13:01	40.55834	141.52147	8	0.0	3	2.0	200
16/05/2025	14:14:01	40.55827	141.52146	4	0.0	5	1.2	256
16/05/2025	14:15:01	40.55825	141.52155	6	0.0	3	2.0	233
16/05/2025	14:16:01	40.55824	141.52168	10	0.0	3	2.0	231
16/05/2025	14:17:01	40.55825	141.52191	16	0.0	5	1.2	249
16/05/2025	14:18:01	40.55810	141.52183	4	0.0	3	2.0	230
16/05/2025	14:19:01	40.55826	141.52201	-6	0.0	5	1.2	229
16/05/2025	14:20:01	40.55842	141.52223	30	0.0	4	1.3	255
16/05/2025	14:21:02	40.55861	141.52250	22	0.0	3	1.4	241
16/05/2025	14:22:01	40.55865	141.52248	18	0.0	4	2.0	228
16/05/2025	14:23:01	40.55866	141.52251	6	0.0	5	1.2	261
16/05/2025	14:24:02	40.55852	141.52247	-10	0.0	5	1.2	227
16/05/2025	14:25:02	40.55871	141.52261	-10	0.0	3	6.0	253
16/05/2025	14:26:01	40.55858	141.52272	0	0.0	4	1.3	257
16/05/2025	14:27:01	40.55875	141.52276	-8	0.0	3	1.4	258
16/05/2025	14:28:01	40.55886	141.52285	6	0.0	4	1.3	259
16/05/2025	14:29:01	40.55899	141.52301	-14	0.0	4	1.2	251
16/05/2025	14:30:00	40.55875	141.52248	14	25.9	4	1.4	206
16/05/2025	14:31:03	40.55826	141.52026	-2	0.0	3	3.1	178
16/05/2025	14:32:02	40.55810	141.52032	6	0.0	5	1.2	248
16/05/2025	14:33:00	40.55811	141.52053	32	0.0	3	2.2	202
16/05/2025	14:34:01	40.55821	141.52066	14	0.0	3	2.4	254
16/05/2025	14:35:00	40.55809	141.52077	12	0.0	3	2.3	235
16/05/2025	14:36:01	40.55801	141.52084	18	0.0	4	1.2	257
16/05/2025	14:37:00	40.55787	141.52106	-4	0.0	3	2.3	238
16/05/2025	14:38:00	40.55816	141.52133	-12	0.0	3	2.3	234
16/05/2025	14:39:00	40.55801	141.52146	-36	0.0	4	1.4	270
16/05/2025	14:40:00	40.55775	141.52175	-4	3.7	4	2.1	240
16/05/2025	14:41:01	40.55787	141.52192	-28	0.0	3	2.1	257
16/05/2025	14:42:01	40.55792	141.52175	4	0.0	4	1.2	210
16/05/2025	14:43:01	40.55806	141.52199	2	0.0	4	1.2	232
16/05/2025	14:44:00	40.55830	141.52220	-22	0.0	3	2.2	232
16/05/2025	14:45:01	40.55824	141.52229	8	0.0	5	1.1	236
16/05/2025	14:46:00	40.55821	141.52221	20	0.0	3	1.2	235
16/05/2025	14:47:00	40.55881	141.52146	32	3.7	3	2.1	214
16/05/2025	14:48:01	40.55900	141.52157	-4	0.0	5	1.1	262
16/05/2025	14:49:01	40.55912	141.52184	12	0.0	5	1.2	261
16/05/2025	14:50:03	40.55911	141.52198	8	0.0	4	1.3	218
16/05/2025	14:51:01	40.55906	141.52192	8	0.0	5	1.1	240
16/05/2025	14:52:00	40.55902	141.52210	4	0.0	4	1.3	271
16/05/2025	14:53:01	40.55893	141.52209	2	0.0	5	1.1	258
16/05/2025	14:54:01	40.55891	141.52224	8	0.0	5	1.2	242
16/05/2025	14:55:00	40.55574	141.52272	28	37.0	3	2.2	272
16/05/2025	14:56:01	40.55042	141.52202	8	33.3	4	1.2	212
16/05/2025	14:57:01	40.54934	141.52127	-36	0.0	4	1.4	246
16/05/2025	14:58:00	40.54921	141.52137	8	14.8	5	1.2	247
16/05/2025	14:59:00	40.54901	141.52143	22	0.0	4	1.3	221
16/05/2025	15:00:01	40.54590	141.52399	20	29.6	4	1.3	193
16/05/2025	15:01:00	40.54506	141.52383	64	7.4	4	1.3	189
16/05/2025	15:02:00	40.54730	141.52818	40	40.7	3	2.2	254
16/05/2025	15:03:01	40.54467	141.53672	46	48.2	5	1.2	267
16/05/2025	15:04:00	40.54174	141.54465	34	44.4	5	1.2	278
16/05/2025	15:05:00	40.53988	141.55284	68	44.4	3	1.3	290
16/05/2025	15:06:00	40.53963	141.55707	16	18.5	4	1.3	190
16/05/2025	15:07:00	40.53982	141.55703	-32	0.0	3	1.4	224
16/05/2025	15:08:00	40.53986	141.55714	0	0.0	3	2.4	220
16/05/2025	15:09:01	40.53959	141.55736	22	0.0	4	1.3	192
16/05/2025	15:10:01	40.53968	141.55754	-26	0.0	4	1.3	229
16/05/2025	15:11:00	40.53964	141.55744	-14	0.0	3	2.4	205
16/05/2025	15:12:00	40.53966	141.55736	122	0.0	3	1.4	215
16/05/2025	15:13:00	40.53964	141.55744	-58	0.0	3	2.1	216
16/05/2025	15:14:00	40.53975	141.55747	-4	0.0	3	1.4	215
16/05/2025	15:15:00	40.53961	141.55745	56	0.0	3	1.4	206
16/05/2025	15:16:01	40.53968	141.55771	-50	0.0	3	1.3	208
16/05/2025	15:17:00	40.53966	141.55727	-56	3.7	3	2.1	186
16/05/2025	15:18:01	40.53964	141.55754	-34	0.0	4	2.0	210
16/05/2025	15:19:01	40.53960	141.55749	28	0.0	4	1.3	237
16/05/2025	15:20:00	40.53965	141.55726	126	0.0	3	2.1	185
16/05/2025	15:21:00	40.53970	141.55749	-44	0.0	3	1.3	190
16/05/2025	15:22:00	40.53971	141.55737	-16	0.0	3	1.3	182
16/05/2025	15:23:00	40.53958	141.55751	20	0.0	4	1.3	268
16/05/2025	15:24:00	40.53976	141.55759	-94	0.0	3	1.3	275
16/05/2025	15:25:00	40.53982	141.55741	22	0.0	3	2.1	272
16/05/2025	15:26:01	40.53963	141.55740	8	0.0	3	1.3	274
16/05/2025	15:27:00	40.53968	141.55742	76	0.0	3	2.2	248
16/05/2025	15:28:00	40.53965	141.55745	-76	0.0	3	2.2	248
16/05/2025	15:29:00	40.53953	141.55741	30	0.0	3	2.0	274
16/05/2025	15:30:01	40.53960	141.55747	38	0.0	3	1.3	245
16/05/2025	15:31:00	40.53954	141.55743	0	3.7	3	1.3	281
16/05/2025	15:32:00	40.53921	141.55771	2	0.0	3	1.3	194
16/05/2025	15:33:00	40.53927	141.55763	22	0.0	3	1.3	182
16/05/2025	15:34:00	40.53934	141.55756	44	0.0	3	1.3	210
16/05/2025	15:35:00	40.53924	141.55766	16	0.0	3	2.1	217
16/05/2025	15:36:01	40.53915	141.55767	36	0.0	3	1.4	222
16/05/2025	15:37:00	40.53914	141.55760	24	0.0	3	1.4	181
16/05/2025	15:38:00	40.53916	141.55770	28	0.0	3	2.1	181
16/05/2025	15:39:00	40.53916	141.55776	10	0.0	3	2.1	154
16/05/2025	15:40:00	40.53916	141.55774	64	0.0	3	1.4	160
16/05/2025	15:41:00	40.53913	141.55782	14	0.0	3	1.4	190
16/05/2025	15:42:01	40.53922	141.55764	-4	0.0	3	1.4	233
16/05/2025	15:43:00	40.53926	141.55772	-4	0.0	3	1.4	211
16/05/2025	15:44:00	40.53915	141.55777	12	0.0	3	1.4	189
16/05/2025	15:45:00	40.53923	141.55771	-6	0.0	3	1.4	186
16/05/2025	15:46:00	40.53927	141.55770	6	0.0	3	1.4	188
16/05/2025	15:47:00	40.53908	141.55788	24	0.0	3	2.0	187
16/05/2025	15:48:01	40.53923	141.55760	20	0.0	3	1.4	187
16/05/2025	15:49:00	40.53909	141.55780	30	0.0	3	2.0	187
16/05/2025	15:50:01	40.53919	141.55770	6	0.0	3	2.0	129
16/05/2025	15:51:00	40.53927	141.55763	-6	0.0	3	2.0	185
16/05/2025	15:52:01	40.53925	141.55763	4	0.0	3	2.0	185
16/05/2025	15:53:00	40.53915	141.55775	36	0.0	3	2.0	188
16/05/2025	15:54:00	40.53915	141.55782	10	0.0	3	2.0	191
16/05/2025	15:55:01	40.53920	141.55770	16	0.0	3	2.0	207
16/05/2025	15:56:00	40.53893	141.55799	50	0.0	3	2.0	162
16/05/2025	15:57:00	40.53920	141.55767	-36	0.0	3	2.0	213
16/05/2025	15:58:00	40.53902	141.55790	22	0.0	3	2.1	219
16/05/2025	15:59:00	40.53912	141.55788	18	0.0	3	2.1	246
16/05/2025	16:00:01	40.53915	141.55777	12	0.0	3	5.0	244
16/05/2025	16:01:02	40.53918	141.55772	4	0.0	3	5.1	249
16/05/2025	16:02:02	40.53916	141.55778	18	0.0	3	5.2	222
16/05/2025	16:03:02	40.53908	141.55784	16	0.0	3	5.3	222
16/05/2025	16:04:02	40.53931	141.55760	10	0.0	3	5.4	248
16/05/2025	16:05:02	40.53908	141.55778	14	0.0	3	6.1	248
16/05/2025	16:06:02	40.53901	141.55789	20	0.0	3	6.2	246
16/05/2025	16:07:02	40.53909	141.55783	10	0.0	3	6.3	246
16/05/2025	16:08:01	40.53895	141.55801	14	0.0	3	7.0	246
16/05/2025	16:09:02	40.53927	141.55765	-2	0.0	3	7.1	271
16/05/2025	16:10:02	40.53925	141.55766	-2	0.0	3	7.3	249
16/05/2025	16:11:01	40.53930	141.55765	-8	0.0	3	8.0	248
16/05/2025	16:12:02	40.53915	141.55779	10	0.0	3	8.2	251
16/05/2025	16:13:02	40.53928	141.55762	6	0.0	3	8.4	252
16/05/2025	16:14:02	40.53924	141.55768	6	0.0	3	9.1	248
16/05/2025	16:15:02	40.53927	141.55765	2	0.0	3	9.4	252
16/05/2025	16:16:01	40.53923	141.55768	22	0.0	3	10.2	251
16/05/2025	16:17:01	40.53903	141.55798	18	0.0	3	11.0	217
16/05/2025	16:18:02	40.53903	141.55787	12	0.0	3	11.4	268
16/05/2025	16:19:01	40.53903	141.55800	22	0.0	3	12.2	248
16/05/2025	16:20:02	40.53934	141.55754	4	0.0	3	13.2	269
16/05/2025	16:21:01	40.53923	141.55770	12	0.0	3	14.1	220
16/05/2025	16:22:02	40.53937	141.55746	0	0.0	3	15.2	251
16/05/2025	16:23:02	40.53925	141.55763	10	0.0	3	16.3	275
16/05/2025	16:24:02	40.53910	141.55785	14	0.0	3	18.0	257
16/05/2025	16:25:02	40.53913	141.55784	20	0.0	3	19.3	277
16/05/2025	16:26:02	40.53897	141.55803	20	0.0	3	21.3	276
16/05/2025	16:27:01	40.53917	141.55775	10	0.0	3	23.4	254
16/05/2025	16:28:02	40.53918	141.55778	8	0.0	3	26.2	250
16/05/2025	16:29:32	40.53918	141.55774	10	0.0	7	0.4	281
16/05/2025	16:30:00	40.53906	141.55770	48	0.0	4	1.3	271
16/05/2025	16:31:00	40.53924	141.55774	-14	0.0	4	2.0	212
16/05/2025	16:32:00	40.53914	141.55772	22	0.0	5	1.1	254
16/05/2025	16:33:00	40.53914	141.55761	8	3.7	5	1.1	252
16/05/2025	16:34:00	40.53922	141.55782	-2	0.0	5	1.1	278
16/05/2025	16:35:00	40.53913	141.55770	22	0.0	4	1.3	269
16/05/2025	16:36:00	40.53921	141.55758	36	0.0	3	1.2	246
16/05/2025	16:37:00	40.53913	141.55776	-12	0.0	4	1.3	280
16/05/2025	16:38:00	40.53926	141.55769	22	0.0	4	1.2	273
16/05/2025	16:39:00	40.53915	141.55775	14	0.0	4	1.3	244
16/05/2025	16:40:00	40.53917	141.55770	14	0.0	4	1.2	252
16/05/2025	16:41:01	40.53917	141.55767	12	0.0	6	1.0	275
16/05/2025	16:42:00	40.53921	141.55771	-4	0.0	4	1.3	271
16/05/2025	16:43:00	40.53919	141.55775	20	0.0	4	1.1	272
16/05/2025	16:44:00	40.53922	141.55776	6	0.0	4	1.4	248
16/05/2025	16:45:00	40.53917	141.55778	20	0.0	4	1.1	254
16/05/2025	16:46:00	40.53913	141.55759	22	0.0	5	1.1	249
16/05/2025	16:47:01	40.53916	141.55765	14	0.0	5	1.1	269
16/05/2025	16:48:00	40.53918	141.55777	24	0.0	4	1.1	246
16/05/2025	16:49:00	40.53903	141.55767	0	0.0	4	1.1	225
16/05/2025	16:50:00	40.53910	141.55769	40	0.0	4	1.1	219
16/05/2025	16:51:00	40.53925	141.55776	-2	0.0	4	1.2	227
16/05/2025	16:52:00	40.53918	141.55772	6	0.0	4	1.1	216
16/05/2025	16:53:00	40.53913	141.55782	28	0.0	4	1.1	191
16/05/2025	16:54:00	40.53925	141.55773	64	0.0	4	1.1	221
16/05/2025	16:55:00	40.53916	141.55771	6	0.0	3	1.4	162
16/05/2025	16:56:00	40.53915	141.55786	52	0.0	3	1.2	158
16/05/2025	16:57:00	40.53914	141.55756	-62	0.0	3	1.4	192
16/05/2025	16:58:00	40.53925	141.55773	-20	3.7	3	1.3	165
16/05/2025	16:59:01	40.53917	141.55777	6	0.0	5	1.1	187
16/05/2025	17:00:00	40.53922	141.55757	4	0.0	3	1.4	213
16/05/2025	17:01:00	40.53921	141.55768	-2	0.0	5	1.1	219
16/05/2025	17:02:00	40.53917	141.55772	6	0.0	4	1.1	190
16/05/2025	17:03:00	40.53927	141.55775	20	0.0	5	1.1	197
16/05/2025	17:04:00	40.53915	141.55771	10	0.0	5	1.1	225
16/05/2025	17:05:00	40.53913	141.55766	6	0.0	5	1.1	225
16/05/2025	17:06:00	40.53914	141.55768	38	0.0	4	1.1	221
16/05/2025	17:07:00	40.53921	141.55778	24	0.0	5	1.2	198
16/05/2025	17:08:00	40.53922	141.55782	28	0.0	5	1.2	226
16/05/2025	17:09:00	40.53919	141.55775	28	0.0	5	1.1	199
16/05/2025	17:10:00	40.53923	141.55762	30	0.0	4	1.1	196
16/05/2025	17:11:00	40.53919	141.55775	38	0.0	4	1.1	226
16/05/2025	17:12:00	40.53920	141.55765	4	0.0	5	1.1	228
16/05/2025	17:13:00	40.53918	141.55771	2	0.0	4	1.1	198
16/05/2025	17:14:00	40.53921	141.55774	30	0.0	4	1.1	199
16/05/2025	17:15:00	40.53926	141.55751	2	0.0	4	1.3	194
16/05/2025	17:16:00	40.53925	141.55776	-12	0.0	3	2.4	194
16/05/2025	17:17:00	40.53922	141.55751	30	0.0	4	1.3	192
16/05/2025	17:18:00	40.53910	141.55771	-18	0.0	4	1.3	195
16/05/2025	17:19:00	40.53914	141.55779	-64	3.7	3	2.3	165
16/05/2025	17:20:00	40.53922	141.55763	14	0.0	4	1.3	226
16/05/2025	17:21:00	40.53918	141.55792	6	0.0	4	1.3	195
16/05/2025	17:22:00	40.53916	141.55785	10	0.0	5	1.2	227
16/05/2025	17:23:00	40.53918	141.55755	-4	0.0	4	1.3	221
16/05/2025	17:24:00	40.53915	141.55762	24	0.0	5	1.1	198
16/05/2025	17:25:00	40.53924	141.55772	20	0.0	3	1.4	159
16/05/2025	17:26:00	40.53913	141.55771	4	0.0	5	1.1	200
16/05/2025	17:27:00	40.53917	141.55769	-12	0.0	3	2.2	163
16/05/2025	17:28:00	40.53914	141.55758	-16	0.0	4	1.3	197
16/05/2025	17:29:00	40.53910	141.55770	-12	0.0	3	2.1	223
16/05/2025	17:30:00	40.53915	141.55767	28	0.0	3	1.2	163
16/05/2025	17:31:00	40.53917	141.55787	28	0.0	3	1.2	188
16/05/2025	17:32:00	40.53911	141.55774	-14	0.0	3	1.4	193
16/05/2025	17:33:01	40.53919	141.55770	0	0.0	5	1.0	224
16/05/2025	17:34:00	40.53920	141.55777	10	0.0	5	1.0	224
16/05/2025	17:35:00	40.53920	141.55774	2	0.0	5	1.1	227
16/05/2025	17:36:00	40.53921	141.55780	28	0.0	4	1.3	222
16/05/2025	17:37:00	40.53922	141.55761	-2	0.0	4	1.2	223
16/05/2025	17:38:00	40.53922	141.55765	18	0.0	5	1.1	247
16/05/2025	17:39:00	40.53916	141.55775	16	0.0	4	1.3	253
16/05/2025	17:40:00	40.53910	141.55767	34	0.0	4	1.2	221
16/05/2025	17:41:00	40.53923	141.55783	12	0.0	4	1.3	258
16/05/2025	17:42:00	40.53914	141.55771	20	0.0	3	1.4	196
16/05/2025	17:43:00	40.53920	141.55773	6	0.0	3	1.3	163
16/05/2025	17:44:00	40.53912	141.55777	6	0.0	4	1.4	219
16/05/2025	17:45:00	40.53919	141.55773	12	0.0	4	1.2	246
16/05/2025	17:46:00	40.53913	141.55764	-4	3.7	4	1.3	192
16/05/2025	17:47:00	40.53926	141.55772	16	0.0	5	1.1	277
16/05/2025	17:48:00	40.53927	141.55775	12	0.0	5	1.1	192
16/05/2025	17:49:01	40.53924	141.55772	-26	0.0	5	1.0	248
16/05/2025	17:50:01	40.53919	141.55781	16	0.0	4	1.3	243
16/05/2025	17:51:00	40.53911	141.55752	-14	0.0	3	2.4	241
16/05/2025	17:52:00	40.53920	141.55773	-6	0.0	5	1.1	254
16/05/2025	17:53:00	40.53912	141.55771	22	0.0	3	1.3	160
16/05/2025	17:54:00	40.53919	141.55786	12	3.7	3	2.1	187
16/05/2025	17:55:01	40.53929	141.55770	-14	0.0	4	1.4	273
16/05/2025	17:56:01	40.53915	141.55765	16	0.0	3	2.0	185
16/05/2025	17:57:00	40.53914	141.55765	32	0.0	3	2.1	241
16/05/2025	17:58:01	40.53920	141.55776	-2	3.7	4	1.4	250
16/05/2025	17:59:01	40.53924	141.55767	10	0.0	5	1.0	271
16/05/2025	17:59:59	40.53941	141.55779	-20	0.0	3	2.4	253
16/05/2025	18:01:00	40.53920	141.55773	14	0.0	4	2.0	270
16/05/2025	18:02:00	40.53922	141.55768	16	0.0	5	1.1	275
16/05/2025	18:03:01	40.53925	141.55763	-16	0.0	4	2.0	241
16/05/2025	18:04:00	40.53916	141.55770	16	0.0	4	2.0	269
16/05/2025	18:05:01	40.53915	141.55773	18	0.0	4	2.0	268
16/05/2025	18:06:01	40.53915	141.55769	12	0.0	4	2.0	271
16/05/2025	18:07:01	40.53919	141.55769	10	0.0	4	2.1	268
16/05/2025	18:08:02	40.53920	141.55772	0	0.0	5	1.1	267
16/05/2025	18:09:01	40.53923	141.55775	-2	0.0	3	3.0	269
16/05/2025	18:10:01	40.53908	141.55777	46	0.0	4	2.1	263
16/05/2025	18:11:01	40.53920	141.55770	0	0.0	3	3.0	262
16/05/2025	18:12:02	40.53918	141.55770	14	0.0	3	3.0	266
16/05/2025	18:13:02	40.53920	141.55769	8	0.0	3	3.0	262
16/05/2025	18:14:02	40.53914	141.55777	20	0.0	3	3.0	263
16/05/2025	18:15:01	40.53923	141.55768	-8	0.0	3	3.1	271
16/05/2025	18:16:02	40.53914	141.55771	22	0.0	3	3.1	262
16/05/2025	18:17:02	40.53908	141.55773	44	0.0	4	1.3	261
16/05/2025	18:18:02	40.53902	141.55788	32	0.0	3	3.1	241
16/05/2025	18:19:02	40.53914	141.55773	16	0.0	4	1.3	241
16/05/2025	18:20:02	40.53915	141.55775	28	0.0	3	3.1	254
16/05/2025	18:21:02	40.53912	141.55771	20	0.0	3	3.1	241
16/05/2025	18:22:02	40.53912	141.55776	32	0.0	3	3.1	241
16/05/2025	18:23:01	40.53922	141.55758	-2	0.0	3	3.1	236
16/05/2025	18:24:02	40.53914	141.55773	20	0.0	3	3.1	248
16/05/2025	18:25:02	40.53910	141.55783	34	0.0	3	3.1	257
16/05/2025	18:26:02	40.53909	141.55777	34	0.0	3	3.1	256
16/05/2025	18:27:02	40.53907	141.55790	38	0.0	3	3.1	241
16/05/2025	18:28:01	40.53909	141.55779	22	0.0	3	3.1	243
16/05/2025	18:29:02	40.53916	141.55769	20	0.0	4	1.3	255
16/05/2025	18:30:02	40.53919	141.55769	4	0.0	3	3.1	259
16/05/2025	18:31:02	40.53917	141.55768	6	0.0	3	3.1	233
16/05/2025	18:32:02	40.53924	141.55773	0	0.0	3	3.3	166
16/05/2025	18:33:02	40.53921	141.55771	6	0.0	3	3.1	239
16/05/2025	18:34:02	40.53920	141.55774	10	0.0	3	3.1	235
16/05/2025	18:35:02	40.53916	141.55777	10	0.0	3	3.1	256
16/05/2025	18:36:01	40.53916	141.55766	16	0.0	3	3.1	239
16/05/2025	18:37:02	40.53926	141.55760	2	0.0	3	3.1	230
16/05/2025	18:38:01	40.53923	141.55763	-0	0.0	3	3.1	254
16/05/2025	18:39:02	40.53912	141.55779	22	0.0	3	3.1	256
16/05/2025	18:40:01	40.53908	141.55791	30	0.0	3	3.1	235
16/05/2025	18:41:03	40.53914	141.55776	16	0.0	3	3.1	263
16/05/2025	18:42:02	40.53922	141.55756	4	0.0	3	3.1	266
16/05/2025	18:43:02	40.53917	141.55771	14	0.0	3	3.1	274
16/05/2025	18:44:03	40.53919	141.55769	16	0.0	3	3.1	265
16/05/2025	18:45:03	40.53920	141.55770	6	0.0	3	3.1	264
16/05/2025	18:46:03	40.53914	141.55786	24	0.0	3	3.2	243
16/05/2025	18:47:04	40.53917	141.55766	6	0.0	3	3.2	243
16/05/2025	18:48:04	40.53911	141.55779	8	0.0	3	3.2	252
16/05/2025	18:49:04	40.53920	141.55773	16	0.0	3	3.2	276
16/05/2025	18:50:15	40.53911	141.55769	4	0.0	5	2.0	233
16/05/2025	18:51:01	40.53914	141.55771	-2	0.0	5	2.0	214
16/05/2025	18:52:00	40.53913	141.55764	0	0.0	5	2.0	224
16/05/2025	18:53:01	40.53907	141.55771	-12	0.0	4	2.3	238
16/05/2025	18:54:01	40.53917	141.55762	10	3.7	4	2.3	214
16/05/2025	18:55:01	40.53927	141.55769	22	0.0	5	2.0	239
16/05/2025	18:56:01	40.53898	141.55766	-4	0.0	4	2.0	238
16/05/2025	18:57:01	40.53916	141.55767	-12	0.0	4	2.0	214
16/05/2025	18:58:00	40.53918	141.55777	-6	0.0	4	2.0	187
16/05/2025	18:59:01	40.53898	141.55772	-4	0.0	5	2.0	254
16/05/2025	19:00:01	40.53890	141.55752	-30	0.0	5	2.0	223
16/05/2025	19:01:01	40.53918	141.55767	10	0.0	5	1.4	253
16/05/2025	19:02:00	40.53930	141.55776	54	0.0	4	2.0	245
16/05/2025	19:03:01	40.53902	141.55768	-6	0.0	5	1.4	249
16/05/2025	19:04:00	40.53917	141.55762	12	0.0	3	2.2	181
16/05/2025	19:05:02	40.53906	141.55765	-2	0.0	5	1.4	281
16/05/2025	19:06:00	40.53928	141.55765	34	3.7	4	2.0	274
16/05/2025	19:07:01	40.53917	141.55780	8	0.0	4	2.0	237
16/05/2025	19:08:01	40.53914	141.55773	-4	0.0	5	1.4	246
16/05/2025	19:09:00	40.53910	141.55766	38	0.0	4	1.4	278
16/05/2025	19:10:01	40.53906	141.55765	-16	0.0	5	1.4	281
16/05/2025	19:11:00	40.53906	141.55768	22	0.0	4	1.4	278
16/05/2025	19:12:01	40.53914	141.55766	8	0.0	5	1.4	279
16/05/2025	19:13:01	40.53915	141.55764	-0	0.0	5	1.4	280
16/05/2025	19:14:01	40.53922	141.55763	12	0.0	5	1.4	282
16/05/2025	19:15:00	40.53915	141.55760	12	0.0	5	1.4	282
16/05/2025	19:16:00	40.53928	141.55788	36	0.0	4	1.4	257
16/05/2025	19:17:00	40.53928	141.55766	-6	0.0	5	1.3	286
16/05/2025	19:18:00	40.53915	141.55763	-14	0.0	5	1.3	279
16/05/2025	19:19:01	40.53917	141.55769	2	0.0	5	1.3	279
16/05/2025	19:20:00	40.53915	141.55776	-10	0.0	3	2.1	267
16/05/2025	19:21:01	40.53909	141.55762	0	0.0	5	1.3	279
16/05/2025	19:22:01	40.53916	141.55771	14	0.0	5	1.3	278
16/05/2025	19:23:01	40.53921	141.55775	2	0.0	5	1.3	279
16/05/2025	19:24:01	40.53922	141.55771	-4	0.0	5	1.3	281
16/05/2025	19:25:02	40.53915	141.55764	20	0.0	5	1.3	275
16/05/2025	19:26:01	40.53913	141.55761	-22	0.0	4	1.4	270
16/05/2025	19:27:02	40.53916	141.55770	12	0.0	5	1.3	261
16/05/2025	19:28:03	40.53909	141.55760	18	0.0	5	1.3	277
16/05/2025	19:29:03	40.53903	141.55757	24	0.0	4	4.1	252
16/05/2025	19:30:02	40.53916	141.55763	10	0.0	4	4.2	270
16/05/2025	19:31:02	40.53911	141.55752	22	0.0	4	4.2	266
16/05/2025	19:32:02	40.53910	141.55759	10	0.0	3	13.1	236
16/05/2025	19:33:03	40.53912	141.55763	4	0.0	4	4.2	271
16/05/2025	19:34:03	40.53908	141.55756	24	0.0	4	4.2	262
16/05/2025	19:35:03	40.53911	141.55763	16	0.0	4	4.2	266
16/05/2025	19:36:03	40.53909	141.55761	26	0.0	4	4.2	260
16/05/2025	19:37:03	40.53906	141.55760	22	0.0	4	4.2	230
16/05/2025	19:38:03	40.53916	141.55764	16	0.0	4	4.2	266
16/05/2025	19:39:03	40.53913	141.55764	4	0.0	4	4.2	260
16/05/2025	19:40:00	40.54196	141.55877	-10	40.7	4	2.2	249
16/05/2025	19:41:02	40.54866	141.55856	16	40.7	5	1.2	304
16/05/2025	19:42:02	40.55225	141.55585	-18	0.0	5	1.2	270
16/05/2025	19:43:02	40.55663	141.55291	12	22.2	5	1.2	271
16/05/2025	19:44:02	40.56205	141.55223	26	22.2	5	4.1	266
16/05/2025	19:45:00	40.56403	141.55311	-16	18.5	4	2.0	273
16/05/2025	19:46:01	40.56380	141.55060	14	37.0	5	1.2	270
16/05/2025	19:47:01	40.56416	141.54202	0	44.4	5	1.1	272
16/05/2025	19:48:01	40.56483	141.53500	-0	0.0	5	1.1	279
16/05/2025	19:49:01	40.56488	141.53499	0	0.0	5	1.1	280
16/05/2025	19:50:00	40.56483	141.53503	8	0.0	3	2.1	275
16/05/2025	19:51:01	40.56490	141.53505	12	0.0	5	1.1	284
16/05/2025	19:52:01	40.56484	141.53505	-0	0.0	4	2.0	275
16/05/2025	19:53:00	40.56492	141.53513	36	0.0	3	2.4	245
16/05/2025	19:54:03	40.56487	141.53501	16	0.0	4	3.3	254
16/05/2025	19:55:03	40.56481	141.53498	14	0.0	4	3.3	292
16/05/2025	19:56:01	40.56482	141.53506	14	0.0	5	1.1	275
16/05/2025	19:57:01	40.56485	141.53500	0	0.0	5	1.1	274
16/05/2025	19:58:01	40.56493	141.53508	16	0.0	5	1.1	270
16/05/2025	19:59:02	40.56484	141.53507	16	0.0	5	1.1	270
16/05/2025	20:00:15	40.56491	141.53511	0	0.0	4	2.0	271
16/05/2025	20:01:00	40.56486	141.53498	34	0.0	4	2.3	271
16/05/2025	20:02:01	40.56483	141.53504	8	0.0	4	2.3	271
16/05/2025	20:03:01	40.56491	141.53515	-12	0.0	4	2.0	244
16/05/2025	20:04:00	40.56475	141.53485	60	0.0	4	2.2	272
16/05/2025	20:05:01	40.56487	141.53506	10	0.0	4	2.0	263
16/05/2025	20:06:00	40.56467	141.53512	46	0.0	4	2.2	248
16/05/2025	20:07:01	40.56478	141.53505	40	0.0	4	2.0	238
16/05/2025	20:08:00	40.56483	141.53511	26	0.0	4	2.0	215
16/05/2025	20:09:00	40.56488	141.53511	-12	0.0	3	2.2	268
16/05/2025	20:10:00	40.56479	141.53508	-10	0.0	3	2.3	215
16/05/2025	20:11:01	40.56495	141.53507	0	0.0	4	1.4	274
16/05/2025	20:12:00	40.56488	141.53494	6	0.0	3	2.0	270
16/05/2025	20:13:00	40.56482	141.53525	24	3.7	3	2.2	252
16/05/2025	20:14:00	40.56483	141.53512	30	0.0	4	1.4	280
16/05/2025	20:15:01	40.56490	141.53512	-2	0.0	4	1.4	270
16/05/2025	20:16:00	40.56496	141.53504	-42	0.0	4	1.4	281
16/05/2025	20:17:00	40.56215	141.53531	18	29.6	3	2.3	274
16/05/2025	20:18:00	40.55794	141.53508	22	0.0	4	2.0	254
16/05/2025	20:19:00	40.55778	141.53531	0	0.0	4	2.0	286
16/05/2025	20:20:00	40.55769	141.53479	90	0.0	4	2.0	282
16/05/2025	20:21:01	40.55773	141.53505	42	0.0	4	2.0	277
16/05/2025	20:22:01	40.55788	141.53498	12	0.0	4	2.0	242
16/05/2025	20:23:00	40.55792	141.53509	-36	0.0	3	2.2	212
16/05/2025	20:24:00	40.55794	141.53523	38	0.0	3	2.2	183
16/05/2025	20:25:00	40.55798	141.53523	-76	0.0	3	2.1	183
16/05/2025	20:26:01	40.55756	141.53498	88	0.0	3	2.0	247
16/05/2025	20:27:01	40.55767	141.53478	38	0.0	4	1.4	264
16/05/2025	20:28:01	40.55795	141.53504	-8	0.0	4	1.4	272
16/05/2025	20:29:01	40.55795	141.53517	-2	0.0	3	2.2	246
16/05/2025	20:30:01	40.55790	141.53509	-18	0.0	4	2.0	281
16/05/2025	20:31:01	40.55788	141.53495	12	0.0	3	2.0	306
16/05/2025	20:32:01	40.55800	141.53500	-22	0.0	4	1.4	281
16/05/2025	20:33:01	40.55802	141.53493	-4	0.0	3	2.0	251
16/05/2025	20:34:01	40.55790	141.53496	12	0.0	4	1.4	280
16/05/2025	20:35:01	40.55774	141.53498	50	0.0	4	1.4	195
16/05/2025	20:36:03	40.55488	141.53752	20	25.9	4	1.4	268
16/05/2025	20:37:02	40.55140	141.54139	16	33.3	4	1.4	223
16/05/2025	20:38:02	40.54708	141.54569	20	33.3	4	1.4	269
16/05/2025	20:39:00	40.54418	141.55087	-20	33.3	4	1.4	253
16/05/2025	20:40:01	40.54032	141.55660	20	29.6	4	2.0	276
16/05/2025	20:41:02	40.53915	141.55769	14	0.0	4	1.4	294
16/05/2025	20:42:01	40.53922	141.55768	-28	0.0	4	1.4	292
16/05/2025	20:43:01	40.53919	141.55773	-0	0.0	4	1.4	246
16/05/2025	20:44:00	40.53932	141.55767	12	0.0	4	2.0	193
16/05/2025	20:45:01	40.53908	141.55773	10	0.0	3	2.0	279
16/05/2025	20:46:00	40.53955	141.55777	-4	0.0	3	2.1	280
16/05/2025	20:47:02	40.53919	141.55771	0	0.0	4	1.4	289
16/05/2025	20:48:01	40.53938	141.55776	-34	0.0	4	1.4	269
16/05/2025	20:49:01	40.53908	141.55773	6	0.0	4	1.4	254
16/05/2025	20:50:00	40.53909	141.55772	0	0.0	3	2.0	280
16/05/2025	20:51:01	40.53910	141.55764	30	0.0	4	1.4	246
16/05/2025	20:52:00	40.53931	141.55786	-24	0.0	4	2.0	254
16/05/2025	20:53:00	40.53880	141.55754	122	7.4	4	2.0	252
16/05/2025	20:54:00	40.53922	141.55776	-4	3.7	3	2.2	242
16/05/2025	20:55:00	40.53920	141.55769	4	0.0	4	2.0	244
16/05/2025	20:56:00	40.53922	141.55758	-8	0.0	3	2.0	267
16/05/2025	20:57:02	40.53916	141.55770	16	0.0	4	1.4	275
16/05/2025	20:58:01	40.53920	141.55780	2	0.0	4	1.4	265
16/05/2025	20:59:00	40.53932	141.55777	-18	0.0	3	2.2	269
16/05/2025	21:00:00	40.53922	141.55785	12	3.7	3	2.4	248
16/05/2025	21:01:01	40.53899	141.55773	44	0.0	4	1.4	271
16/05/2025	21:02:02	40.53928	141.55762	-18	0.0	4	1.4	239
16/05/2025	21:03:01	40.53929	141.55772	-22	0.0	4	1.4	269
16/05/2025	21:04:01	40.53921	141.55769	2	0.0	4	1.4	262
16/05/2025	21:05:01	40.53925	141.55757	-4	0.0	4	1.4	274
16/05/2025	21:06:01	40.53919	141.55767	2	0.0	4	1.4	270
16/05/2025	21:07:01	40.53918	141.55760	12	0.0	4	1.4	243
16/05/2025	21:08:01	40.53919	141.55769	-2	0.0	4	1.4	273
16/05/2025	21:09:01	40.53923	141.55771	-0	0.0	4	1.4	264
16/05/2025	21:10:00	40.53904	141.55776	34	0.0	4	1.4	262
16/05/2025	21:11:02	40.53918	141.55762	14	0.0	4	1.4	269
16/05/2025	21:12:01	40.53915	141.55769	22	0.0	4	1.4	265
16/05/2025	21:13:02	40.53915	141.55773	0	0.0	4	1.4	264
16/05/2025	21:14:01	40.53922	141.55772	-0	0.0	4	2.0	266
16/05/2025	21:15:02	40.53925	141.55770	-2	0.0	3	3.0	219
16/05/2025	21:16:01	40.53899	141.55768	30	0.0	3	2.2	230
16/05/2025	21:17:03	40.53917	141.55767	16	0.0	4	2.0	265
16/05/2025	21:18:03	40.53922	141.55771	2	0.0	4	2.0	264
16/05/2025	21:19:02	40.53917	141.55765	2	0.0	4	2.0	260
16/05/2025	21:20:03	40.53926	141.55759	-8	0.0	4	2.0	261
16/05/2025	21:21:03	40.53916	141.55769	14	0.0	4	2.0	258
16/05/2025	21:22:02	40.53917	141.55774	16	0.0	4	2.0	234
16/05/2025	21:23:02	40.53918	141.55771	4	0.0	4	2.0	251
16/05/2025	21:24:02	40.53880	141.55796	110	0.0	3	4.2	254
16/05/2025	21:25:02	40.53922	141.55777	0	0.0	3	2.0	229
16/05/2025	21:26:03	40.53910	141.55784	30	0.0	3	4.1	252
16/05/2025	21:27:02	40.53923	141.55770	10	0.0	3	2.0	256
16/05/2025	21:28:02	40.53925	141.55761	-20	0.0	3	4.0	255
16/05/2025	21:29:02	40.53915	141.55768	10	0.0	4	2.0	263
16/05/2025	21:30:03	40.53911	141.55770	24	0.0	3	3.4	253
16/05/2025	21:31:03	40.53911	141.55778	26	0.0	4	2.0	251
16/05/2025	21:32:02	40.53907	141.55774	26	0.0	3	3.4	229
16/05/2025	21:33:03	40.53910	141.55775	30	0.0	3	3.3	231
16/05/2025	21:34:03	40.53924	141.55770	2	0.0	4	2.0	228
16/05/2025	21:35:03	40.53926	141.55765	-10	0.0	3	3.3	228
16/05/2025	21:36:02	40.53910	141.55770	22	0.0	4	2.0	226
16/05/2025	21:37:03	40.53918	141.55776	18	0.0	4	2.0	229
16/05/2025	21:38:03	40.53909	141.55783	42	0.0	3	3.2	238
16/05/2025	21:39:03	40.53900	141.55779	50	0.0	3	3.2	219
16/05/2025	21:40:03	40.53915	141.55771	18	0.0	4	2.0	221
16/05/2025	21:41:03	40.53903	141.55778	48	0.0	3	3.1	225
16/05/2025	21:42:03	40.53902	141.55785	56	0.0	2	8.1	245
16/05/2025	21:43:03	40.53902	141.55788	70	0.0	2	7.4	227
16/05/2025	21:44:03	40.53903	141.55785	46	0.0	3	3.1	244
16/05/2025	21:45:03	40.53901	141.55794	74	0.0	2	7.1	248
16/05/2025	21:46:03	40.53911	141.55783	46	0.0	2	7.0	245
16/05/2025	21:47:03	40.53905	141.55789	58	0.0	2	6.4	249
16/05/2025	21:48:02	40.53896	141.55788	76	0.0	2	6.3	246
16/05/2025	21:49:02	40.53924	141.55770	-0	0.0	2	6.2	206
16/05/2025	21:50:02	40.53908	141.55783	42	0.0	2	6.1	229
16/05/2025	21:51:02	40.53898	141.55785	72	0.0	2	6.0	207
16/05/2025	21:52:02	40.53918	141.55776	6	0.0	2	5.4	256
16/05/2025	21:53:03	40.53907	141.55793	50	0.0	2	5.4	277
16/05/2025	21:54:02	40.53903	141.55779	44	0.0	2	5.3	235
16/05/2025	21:55:02	40.53908	141.55778	34	0.0	2	5.3	191
16/05/2025	21:56:03	40.53900	141.55793	72	0.0	2	5.2	245
16/05/2025	21:57:02	40.53902	141.55785	62	0.0	2	5.1	196
16/05/2025	21:58:03	40.53908	141.55779	28	0.0	2	5.1	218
16/05/2025	21:59:02	40.53903	141.55786	54	0.0	2	5.1	224
16/05/2025	22:00:32	40.53916	141.55772	12	0.0	5	1.1	232
16/05/2025	22:01:00	40.53943	141.55758	-54	0.0	3	2.1	234
16/05/2025	22:02:00	40.53911	141.55757	30	0.0	4	2.0	210
16/05/2025	22:03:01	40.53922	141.55774	2	0.0	4	1.1	157
16/05/2025	22:04:00	40.53916	141.55766	30	0.0	5	1.1	220
16/05/2025	22:05:00	40.53912	141.55772	18	0.0	3	2.0	182
16/05/2025	22:06:01	40.53914	141.55766	12	0.0	5	1.1	237
16/05/2025	22:07:00	40.53911	141.55762	-38	0.0	4	1.2	221
16/05/2025	22:08:01	40.53923	141.55776	4	0.0	5	1.1	215
16/05/2025	22:09:00	40.53935	141.55764	-40	0.0	4	2.0	214
16/05/2025	22:10:00	40.53906	141.55777	52	0.0	4	1.3	217
16/05/2025	22:11:00	40.53920	141.55765	-18	0.0	4	2.0	207
16/05/2025	22:12:00	40.53925	141.55770	12	0.0	3	2.1	214
16/05/2025	22:13:01	40.53919	141.55764	-2	0.0	5	1.1	186
16/05/2025	22:14:01	40.53909	141.55772	40	0.0	5	1.1	206
16/05/2025	22:15:00	40.53905	141.55785	46	0.0	3	2.1	206
16/05/2025	22:16:01	40.53916	141.55774	12	0.0	5	1.1	219
16/05/2025	22:17:00	40.53922	141.55784	-48	0.0	4	1.2	181
16/05/2025	22:18:00	40.53926	141.55771	-0	0.0	4	1.2	211
16/05/2025	22:19:00	40.53921	141.55761	12	0.0	4	1.2	208
16/05/2025	22:20:00	40.53894	141.55765	54	0.0	3	2.1	189
16/05/2025	22:21:00	40.53924	141.55768	-32	0.0	3	2.4	179
16/05/2025	22:22:00	40.53907	141.55765	44	0.0	3	1.2	183
16/05/2025	22:23:01	40.53905	141.55774	16	0.0	4	1.2	187
16/05/2025	22:24:00	40.53907	141.55778	-6	0.0	3	2.3	182
16/05/2025	22:25:00	40.53913	141.55769	26	0.0	3	2.2	208
16/05/2025	22:26:00	40.53909	141.55774	-20	0.0	4	1.3	190
16/05/2025	22:27:00	40.53912	141.55777	-14	3.7	3	1.3	155
16/05/2025	22:28:00	40.53927	141.55763	-10	0.0	3	1.3	189
16/05/2025	22:29:00	40.53912	141.55775	16	0.0	3	2.0	190
16/05/2025	22:30:01	40.53915	141.55773	42	0.0	4	1.2	212
16/05/2025	22:31:00	40.53939	141.55777	-4	3.7	3	1.3	160
16/05/2025	22:32:01	40.53918	141.55764	-14	0.0	3	1.2	211
16/05/2025	22:33:00	40.53891	141.55797	156	0.0	3	2.0	160
16/05/2025	22:34:01	40.53894	141.55795	140	0.0	3	2.0	243
16/05/2025	22:35:01	40.53914	141.55774	26	0.0	4	1.1	212
16/05/2025	22:36:01	40.53914	141.55772	54	0.0	3	2.1	184
16/05/2025	22:37:01	40.53917	141.55777	6	0.0	3	1.4	192
16/05/2025	22:38:00	40.53922	141.55762	50	0.0	3	1.4	155
16/05/2025	22:39:01	40.53918	141.55771	2	0.0	4	1.1	191
16/05/2025	22:40:00	40.53918	141.55776	-10	0.0	3	1.3	212
16/05/2025	22:41:01	40.53907	141.55778	92	0.0	3	2.1	215
16/05/2025	22:42:01	40.53923	141.55771	-10	0.0	4	1.1	218
16/05/2025	22:43:01	40.53918	141.55773	28	0.0	4	1.1	217
16/05/2025	22:44:01	40.53922	141.55770	-20	0.0	4	1.1	245
16/05/2025	22:45:00	40.53920	141.55760	-0	0.0	3	1.3	217
16/05/2025	22:46:01	40.53928	141.55766	26	0.0	4	1.1	219
16/05/2025	22:47:00	40.53911	141.55773	16	3.7	3	2.3	221
16/05/2025	22:48:00	40.53924	141.55769	-4	0.0	4	1.1	162
16/05/2025	22:49:00	40.53923	141.55761	26	0.0	3	1.3	246
16/05/2025	22:50:01	40.53920	141.55765	-4	0.0	4	1.1	195
16/05/2025	22:51:01	40.53926	141.55776	-4	0.0	4	1.1	250
16/05/2025	22:52:00	40.53926	141.55782	46	0.0	4	1.1	192
16/05/2025	22:53:00	40.53904	141.55779	26	0.0	4	1.2	220
16/05/2025	22:54:00	40.53942	141.55785	2	0.0	3	1.3	247
16/05/2025	22:55:00	40.53922	141.55765	-42	0.0	4	1.2	226
16/05/2025	22:56:00	40.53910	141.55781	-6	0.0	4	1.2	218
16/05/2025	22:57:00	40.53920	141.55768	-10	0.0	3	1.2	256
16/05/2025	22:58:00	40.53924	141.55786	40	0.0	4	1.2	194
16/05/2025	22:59:00	40.53920	141.55768	8	0.0	4	1.2	221
16/05/2025	23:00:01	40.53913	141.55776	56	0.0	4	1.2	258
16/05/2025	23:01:00	40.53919	141.55761	-8	0.0	3	1.3	214
16/05/2025	23:02:01	40.53919	141.55762	22	0.0	3	1.3	240
16/05/2025	23:03:01	40.53923	141.55749	-50	0.0	3	3.2	215
16/05/2025	23:04:00	40.53934	141.55764	-36	0.0	3	2.0	184
16/05/2025	23:05:00	40.53921	141.55782	26	0.0	3	1.3	193
16/05/2025	23:06:00	40.53920	141.55780	6	0.0	4	1.2	255
16/05/2025	23:07:00	40.53906	141.55771	8	0.0	3	1.3	244
16/05/2025	23:08:01	40.53915	141.55782	50	0.0	4	1.2	224
16/05/2025	23:09:00	40.53907	141.55767	-8	0.0	4	1.2	255
16/05/2025	23:10:00	40.53916	141.55760	54	0.0	3	1.3	220
16/05/2025	23:11:01	40.53916	141.55772	30	0.0	4	1.2	224
16/05/2025	23:12:01	40.53928	141.55760	56	0.0	3	1.3	253
16/05/2025	23:13:00	40.53929	141.55790	28	0.0	3	1.4	255
16/05/2025	23:14:01	40.53919	141.55772	16	0.0	4	1.2	255
16/05/2025	23:15:01	40.53920	141.55775	-2	0.0	3	1.3	226
16/05/2025	23:16:00	40.53914	141.55775	-8	0.0	3	1.4	220
16/05/2025	23:17:01	40.53921	141.55776	2	0.0	3	1.4	274
16/05/2025	23:18:01	40.53918	141.55775	12	0.0	3	1.4	249
16/05/2025	23:19:00	40.53902	141.55786	14	0.0	3	1.4	246
16/05/2025	23:20:00	40.53916	141.55772	40	0.0	3	1.4	190
16/05/2025	23:21:01	40.53920	141.55770	8	0.0	3	1.4	224
16/05/2025	23:22:00	40.53912	141.55786	46	0.0	3	1.4	254
16/05/2025	23:23:00	40.53920	141.55774	2	0.0	3	1.4	222
16/05/2025	23:24:00	40.53920	141.55781	-4	0.0	3	1.4	247
16/05/2025	23:25:02	40.53918	141.55766	-12	0.0	3	1.4	277
16/05/2025	23:26:00	40.53920	141.55771	0	0.0	3	1.4	247
16/05/2025	23:27:01	40.53919	141.55773	6	0.0	3	1.4	280
16/05/2025	23:28:00	40.53909	141.55783	-12	0.0	3	1.4	251
16/05/2025	23:29:00	40.53911	141.55774	-0	0.0	3	2.0	254
16/05/2025	23:30:00	40.53916	141.55771	0	0.0	3	2.0	253
16/05/2025	23:31:00	40.53900	141.55777	-28	0.0	3	2.0	250
16/05/2025	23:32:00	40.53920	141.55783	24	0.0	3	2.0	254
16/05/2025	23:33:01	40.53936	141.55759	58	0.0	3	2.0	276
16/05/2025	23:34:01	40.53925	141.55765	40	0.0	3	2.0	255
16/05/2025	23:35:01	40.53917	141.55762	20	0.0	2	4.2	271
16/05/2025	23:36:01	40.53920	141.55758	8	0.0	3	2.0	249
16/05/2025	23:37:01	40.53925	141.55776	0	0.0	3	2.0	218
16/05/2025	23:38:01	40.53919	141.55763	30	0.0	2	4.2	246
16/05/2025	23:39:01	40.53933	141.55771	30	0.0	3	2.1	277
16/05/2025	23:40:01	40.53928	141.55766	22	0.0	3	2.1	245
16/05/2025	23:41:01	40.53914	141.55762	26	0.0	3	2.1	251
16/05/2025	23:42:01	40.53920	141.55776	12	0.0	3	2.1	252
16/05/2025	23:43:01	40.53929	141.55775	-4	0.0	2	4.2	246
16/05/2025	23:44:01	40.53921	141.55753	36	0.0	3	2.1	249
16/05/2025	23:45:01	40.53897	141.55835	-114	0.0	2	4.2	242
16/05/2025	23:46:01	40.53918	141.55752	56	0.0	2	4.2	246
16/05/2025	23:47:01	40.53954	141.55692	160	0.0	2	4.2	242
16/05/2025	23:48:01	40.53903	141.55797	2	0.0	2	4.2	245
16/05/2025	23:49:01	40.53920	141.55770	10	0.0	2	4.2	243
16/05/2025	23:50:02	40.53919	141.55785	12	0.0	3	2.2	250
16/05/2025	23:51:01	40.53915	141.55769	14	0.0	3	2.2	250
16/05/2025	23:52:00	40.53921	141.55772	22	0.0	3	2.2	250
16/05/2025	23:53:00	40.53937	141.55769	16	0.0	3	2.2	250
16/05/2025	23:54:00	40.53927	141.55747	50	0.0	3	2.2	255
16/05/2025	23:55:00	40.53924	141.55768	-4	0.0	3	2.3	215
16/05/2025	23:56:00	40.53906	141.55769	32	0.0	3	2.3	214
16/05/2025	23:57:01	40.53939	141.55761	-12	0.0	3	2.3	251
16/05/2025	23:58:03	40.53911	141.55780	20	0.0	3	2.3	247
16/05/2025	23:59:01	40.53917	141.55776	4	0.0	3	2.3	247
17/05/2025	00:00:02	40.53917	141.55773	-12	0.0	3	6.2	301
17/05/2025	00:01:02	40.53925	141.55763	10	0.0	3	6.3	291
17/05/2025	00:02:02	40.53928	141.55771	-4	0.0	3	6.4	287
17/05/2025	00:03:03	40.53936	141.55768	-14	3.7	3	7.1	294
17/05/2025	00:04:02	40.53893	141.55785	-10	3.7	3	7.3	271
17/05/2025	00:05:03	40.53937	141.55768	-12	0.0	3	8.0	293
17/05/2025	00:06:01	40.53950	141.55754	8	0.0	3	8.2	218
17/05/2025	00:07:01	40.53906	141.55778	2	0.0	3	8.4	222
17/05/2025	00:08:01	40.53950	141.55752	-46	0.0	3	9.1	252
17/05/2025	00:09:01	40.53941	141.55763	10	14.8	3	9.4	270
17/05/2025	00:10:01	40.53887	141.55786	14	7.4	3	10.2	251
17/05/2025	00:11:02	40.53930	141.55760	-2	0.0	3	11.1	292
17/05/2025	00:12:03	40.53949	141.55757	-12	0.0	3	12.0	251
17/05/2025	00:13:01	40.53972	141.55742	-18	3.7	3	13.0	252
17/05/2025	00:14:02	40.53924	141.55764	6	0.0	3	14.1	276
17/05/2025	00:15:02	40.53952	141.55746	-12	29.6	4	2.4	219
17/05/2025	00:16:04	40.53975	141.55745	-26	0.0	3	17.1	286
17/05/2025	00:17:06	40.53938	141.55757	-6	0.0	3	19.1	263
17/05/2025	00:18:02	40.53909	141.55779	2	0.0	3	21.3	235
17/05/2025	00:19:02	40.53888	141.55786	32	0.0	3	24.4	310
17/05/2025	00:20:15	40.53919	141.55771	6	0.0	6	1.1	289
17/05/2025	00:21:01	40.53915	141.55769	0	0.0	5	1.4	263
17/05/2025	00:22:01	40.53890	141.55801	10	0.0	3	6.0	295
17/05/2025	00:23:03	40.53892	141.55786	18	7.4	5	1.4	284
17/05/2025	00:24:01	40.53979	141.55704	-12	0.0	6	1.1	309
17/05/2025	00:25:01	40.53973	141.55707	-0	0.0	4	2.1	236
17/05/2025	00:26:02	40.53979	141.55695	6	0.0	4	2.0	274
17/05/2025	00:27:01	40.54439	141.55446	-8	40.7	4	2.3	250
17/05/2025	00:28:06	40.55044	141.54815	20	40.7	6	1.1	322
17/05/2025	00:29:03	40.55651	141.54270	6	48.2	4	2.2	299
17/05/2025	00:30:03	40.56319	141.53871	0	51.9	5	2.0	310
17/05/2025	00:31:02	40.56806	141.53482	20	48.2	5	1.3	317
17/05/2025	00:32:01	40.56518	141.52648	12	59.3	5	1.3	296
17/05/2025	00:33:01	40.56394	141.52142	-36	0.0	3	2.2	288
17/05/2025	00:34:01	40.56434	141.51637	38	51.9	4	2.2	300
17/05/2025	00:35:02	40.56297	141.50857	10	40.7	6	1.1	305
17/05/2025	00:36:01	40.56616	141.50572	12	44.4	5	2.0	301
17/05/2025	00:37:01	40.56825	141.49969	20	40.7	4	2.2	336
17/05/2025	00:38:00	40.56825	141.49611	-20	11.1	4	2.0	276
17/05/2025	00:39:01	40.56652	141.49548	-0	29.6	6	1.1	309
17/05/2025	00:40:00	40.56332	141.49663	22	0.0	4	2.1	341
17/05/2025	00:41:00	40.56329	141.49654	46	3.7	4	2.1	345
17/05/2025	00:42:00	40.56338	141.49669	2	0.0	3	2.1	314
17/05/2025	00:43:01	40.56334	141.49674	8	0.0	5	1.4	302
17/05/2025	00:44:00	40.56335	141.49661	22	0.0	3	2.2	253
17/05/2025	00:45:00	40.56330	141.49663	24	0.0	5	1.3	311
17/05/2025	00:46:00	40.56334	141.49652	40	3.7	3	2.2	274
17/05/2025	00:47:01	40.56313	141.49710	10	0.0	5	1.3	308
17/05/2025	00:48:00	40.56305	141.49713	26	0.0	5	1.3	305
17/05/2025	00:49:01	40.56310	141.49706	14	0.0	5	1.3	304
17/05/2025	00:50:01	40.56311	141.49707	18	0.0	5	1.3	312
17/05/2025	00:51:01	40.56316	141.49716	14	0.0	5	1.3	304
17/05/2025	00:52:01	40.56310	141.49712	20	0.0	5	1.3	304
17/05/2025	00:53:00	40.56336	141.49690	-0	3.7	3	2.3	288
17/05/2025	00:54:01	40.56309	141.49716	8	0.0	5	1.3	307
17/05/2025	00:55:01	40.56321	141.49710	8	0.0	4	2.1	304
17/05/2025	00:56:01	40.56326	141.49713	12	0.0	5	1.3	304
17/05/2025	00:57:01	40.56209	141.49905	8	33.3	3	1.3	204
17/05/2025	00:58:02	40.56052	141.50142	16	0.0	3	2.3	294
17/05/2025	00:59:01	40.56038	141.50145	32	0.0	3	2.4	299
17/05/2025	01:00:00	40.56016	141.50233	20	22.2	3	2.1	214
17/05/2025	01:01:01	40.55864	141.50748	-14	25.9	5	1.2	263
17/05/2025	01:02:01	40.55718	141.51329	26	29.6	4	1.4	265
17/05/2025	01:03:01	40.55614	141.51837	10	29.6	5	1.2	314
17/05/2025	01:04:00	40.55614	141.52246	30	0.0	4	1.4	307
17/05/2025	01:05:00	40.55580	141.52256	50	3.7	3	2.4	226
17/05/2025	01:06:00	40.55734	141.52507	-22	29.6	4	1.4	269
17/05/2025	01:07:02	40.55946	141.53113	4	33.3	5	1.3	298
17/05/2025	01:08:01	40.56121	141.53495	12	0.0	4	1.4	330
17/05/2025	01:09:00	40.56138	141.53491	4	0.0	3	2.3	306
17/05/2025	01:10:00	40.56121	141.53491	2	0.0	3	2.3	264
17/05/2025	01:11:00	40.56124	141.53508	-8	0.0	3	2.1	301
17/05/2025	01:12:01	40.56110	141.53502	14	0.0	6	1.1	298
17/05/2025	01:13:00	40.56129	141.53500	2	0.0	3	2.3	297
17/05/2025	01:14:01	40.56112	141.53503	14	0.0	4	1.4	293
17/05/2025	01:15:01	40.56113	141.53500	16	0.0	5	1.2	290
17/05/2025	01:16:00	40.56115	141.53511	8	0.0	3	2.3	273
17/05/2025	01:17:00	40.56137	141.53516	-42	0.0	4	1.4	289
17/05/2025	01:18:00	40.56111	141.53483	26	0.0	3	1.4	243
17/05/2025	01:19:00	40.56130	141.53508	-0	0.0	3	2.3	246
17/05/2025	01:20:00	40.56115	141.53505	2	0.0	4	1.4	280
17/05/2025	01:21:01	40.56139	141.53480	-4	0.0	3	2.3	278
17/05/2025	01:22:01	40.56127	141.53494	-6	0.0	4	1.4	282
17/05/2025	01:23:01	40.56111	141.53496	14	0.0	5	1.2	288
17/05/2025	01:24:00	40.56113	141.53491	24	0.0	3	1.4	304
17/05/2025	01:25:00	40.56101	141.53501	30	0.0	3	2.1	234
17/05/2025	01:26:01	40.56113	141.53485	22	0.0	5	1.2	285
17/05/2025	01:27:00	40.56127	141.53485	2	0.0	3	2.1	276
17/05/2025	01:28:00	40.56117	141.53497	34	0.0	4	1.4	238
17/05/2025	01:29:00	40.56107	141.53496	24	0.0	3	2.1	248
17/05/2025	01:30:01	40.56115	141.53502	4	0.0	5	1.2	294
17/05/2025	01:31:00	40.56110	141.53482	40	0.0	3	1.4	274
17/05/2025	01:32:01	40.56119	141.53490	4	0.0	5	1.2	276
17/05/2025	01:33:01	40.56118	141.53498	10	0.0	4	1.2	277
17/05/2025	01:34:01	40.56115	141.53499	14	0.0	4	1.2	265
17/05/2025	01:35:00	40.56116	141.53478	20	0.0	3	1.4	252
17/05/2025	01:36:01	40.56116	141.53497	6	0.0	4	1.2	274
17/05/2025	01:37:02	40.56136	141.53502	-4	3.7	2	3.4	218
17/05/2025	01:38:02	40.56119	141.53497	16	0.0	4	1.2	277
17/05/2025	01:39:03	40.56115	141.53505	14	0.0	4	1.2	272
17/05/2025	01:40:03	40.56117	141.53495	12	0.0	4	1.2	298
17/05/2025	01:41:01	40.56112	141.53492	22	0.0	4	1.2	300
17/05/2025	01:42:00	40.56127	141.53479	12	0.0	3	2.0	279
17/05/2025	01:43:02	40.56121	141.53495	4	0.0	4	1.2	275
17/05/2025	01:44:01	40.56119	141.53499	12	0.0	4	1.2	300
17/05/2025	01:45:01	40.56115	141.53493	0	0.0	4	1.2	266
17/05/2025	01:46:01	40.56119	141.53495	0	0.0	4	1.2	275
17/05/2025	01:47:02	40.56119	141.53469	-14	0.0	3	9.0	278
17/05/2025	01:48:00	40.56107	141.53506	30	0.0	3	2.1	262
17/05/2025	01:49:00	40.56117	141.53497	-6	0.0	3	2.0	276
17/05/2025	01:50:00	40.56118	141.53496	14	0.0	4	1.2	312
17/05/2025	01:51:00	40.56110	141.53496	18	0.0	4	1.2	275
17/05/2025	01:52:01	40.56113	141.53501	14	0.0	3	2.1	271
17/05/2025	01:53:00	40.56109	141.53515	-0	0.0	3	2.1	280
17/05/2025	01:54:01	40.56117	141.53507	-4	0.0	3	2.1	279
17/05/2025	01:55:01	40.56125	141.53493	16	0.0	3	2.2	272
17/05/2025	01:56:00	40.56117	141.53493	18	0.0	3	2.2	278
17/05/2025	01:57:00	40.56118	141.53492	18	0.0	3	2.2	312
17/05/2025	01:58:01	40.56113	141.53499	12	0.0	4	1.2	277
17/05/2025	01:59:01	40.56108	141.53499	0	0.0	4	1.2	280
17/05/2025	02:00:15	40.56120	141.53511	0	0.0	3	1.3	272
17/05/2025	02:01:01	40.56117	141.53497	2	0.0	3	1.3	247
17/05/2025	02:02:01	40.56124	141.53499	-4	0.0	3	1.3	284
17/05/2025	02:03:01	40.56110	141.53502	12	0.0	3	1.3	285
17/05/2025	02:04:01	40.56120	141.53510	-8	0.0	3	1.3	275
17/05/2025	02:05:02	40.56112	141.53524	8	0.0	2	4.2	287
17/05/2025	02:06:01	40.56111	141.53514	12	0.0	2	4.2	307
17/05/2025	02:07:02	40.56119	141.53494	4	0.0	2	4.3	316
17/05/2025	02:08:01	40.56121	141.53504	-2	0.0	2	4.3	283
17/05/2025	02:09:02	40.56122	141.53495	-10	0.0	2	4.3	275
17/05/2025	02:10:01	40.56111	141.53521	16	0.0	2	4.3	304
17/05/2025	02:11:01	40.56132	141.53475	-4	0.0	2	4.3	283
17/05/2025	02:12:02	40.56124	141.53487	4	0.0	2	4.4	281
17/05/2025	02:13:02	40.56115	141.53509	18	0.0	2	4.4	279
17/05/2025	02:14:02	40.56114	141.53504	12	0.0	2	4.4	276
17/05/2025	02:15:02	40.56116	141.53501	10	0.0	2	5.0	272
17/05/2025	02:16:02	40.56113	141.53533	20	0.0	2	5.0	279
17/05/2025	02:17:01	40.56124	141.53484	6	0.0	2	5.0	281
17/05/2025	02:18:02	40.56129	141.53483	-0	0.0	2	5.0	262
17/05/2025	02:19:02	40.56222	141.52721	10	55.6	2	5.1	272
17/05/2025	02:20:04	40.56496	141.51639	6	59.3	2	5.1	274
17/05/2025	02:21:04	40.56594	141.50467	-0	55.6	2	5.2	271
17/05/2025	02:22:03	40.56676	141.50331	-30	48.2	2	5.2	265
17/05/2025	02:23:05	40.56793	141.49907	-26	7.4	2	5.2	286
17/05/2025	02:24:02	40.56816	141.49560	-0	33.3	2	5.3	295
17/05/2025	02:25:02	40.56702	141.49424	-12	0.0	2	5.3	226
17/05/2025	02:26:02	40.56617	141.49549	-10	25.9	2	5.4	261
17/05/2025	02:27:02	40.56575	141.49747	-4	0.0	2	5.4	218
17/05/2025	02:28:01	40.56518	141.49749	12	25.9	2	5.4	277
17/05/2025	02:29:01	40.56515	141.49790	-90	3.7	2	6.0	205
17/05/2025	02:30:03	40.56472	141.49892	10	0.0	2	6.1	252
17/05/2025	02:31:02	40.56448	141.49885	8	11.1	2	6.1	267
17/05/2025	02:32:01	40.56225	141.49806	-16	0.0	2	6.2	276
17/05/2025	02:33:01	40.56004	141.50202	-10	22.2	2	6.2	213
17/05/2025	02:34:01	40.56009	141.50212	2	0.0	2	6.3	276
17/05/2025	02:35:01	40.55846	141.50367	-8	37.0	2	6.3	274
17/05/2025	02:36:02	40.55306	141.50490	-12	33.3	2	6.4	265
17/05/2025	02:37:03	40.54907	141.51004	0	37.0	2	7.0	270
17/05/2025	02:38:03	40.54421	141.50926	36	48.2	2	7.1	302
17/05/2025	02:39:02	40.54217	141.50531	-4	0.0	2	7.1	262
17/05/2025	02:40:02	40.54202	141.50586	-2	0.0	2	7.2	250
17/05/2025	02:41:02	40.54182	141.50653	14	33.3	2	7.3	270
17/05/2025	02:42:02	40.54188	141.50607	36	0.0	2	7.4	278
17/05/2025	02:43:01	40.54213	141.50557	-14	7.4	2	8.0	264
17/05/2025	02:44:01	40.54205	141.50539	-12	0.0	2	8.1	272
17/05/2025	02:45:02	40.54240	141.50792	-4	25.9	2	8.2	272
17/05/2025	02:46:02	40.54331	141.50682	-64	0.0	2	8.3	284
17/05/2025	02:47:01	40.54299	141.50788	-4	0.0	2	9.0	288
17/05/2025	02:48:02	40.54305	141.50805	-2	14.8	2	5.3	274
17/05/2025	02:49:07	40.54252	141.50962	62	29.6	2	9.3	250
17/05/2025	02:50:02	40.54328	141.50772	-48	0.0	2	9.4	271
17/05/2025	02:51:03	40.54350	141.50745	-64	7.4	2	10.1	236
17/05/2025	02:52:02	40.54345	141.50731	-46	0.0	2	10.2	281
17/05/2025	02:53:01	40.54305	141.50836	12	0.0	2	10.4	254
17/05/2025	02:54:02	40.54321	141.50809	-14	0.0	2	11.1	282
17/05/2025	02:55:02	40.54299	141.50852	20	0.0	2	11.4	286
17/05/2025	02:56:02	40.54261	141.50945	74	0.0	2	12.1	271
17/05/2025	02:57:02	40.54316	141.50813	8	0.0	2	12.4	256
17/05/2025	02:58:02	40.54287	141.50883	38	0.0	2	13.1	286
17/05/2025	02:59:01	40.54265	141.50943	60	3.7	2	14.0	278
17/05/2025	03:00:03	40.54326	141.50785	-34	0.0	2	14.3	277
17/05/2025	03:01:03	40.54239	141.50988	84	0.0	2	15.2	276
17/05/2025	03:02:03	40.54247	141.50954	82	0.0	2	16.2	276
17/05/2025	03:03:03	40.54282	141.50910	42	0.0	2	17.1	275
17/05/2025	03:04:05	40.54328	141.50773	-30	0.0	2	18.2	276
17/05/2025	03:05:03	40.54310	141.50809	-8	3.7	2	19.3	264
17/05/2025	03:06:04	40.54305	141.50837	4	0.0	2	21.1	270
17/05/2025	03:07:04	40.54327	141.50783	-30	0.0	2	22.4	274
17/05/2025	03:08:15	40.54317	141.50804	-12	0.0	2	6.4	268
17/05/2025	03:09:03	40.54333	141.50788	-28	0.0	1	7.0	284
17/05/2025	03:10:02	40.54343	141.50756	-58	0.0	2	7.0	262
17/05/2025	03:11:01	40.54337	141.50790	-36	0.0	1	7.1	217
17/05/2025	03:12:02	40.54311	141.50828	12	0.0	2	7.2	280
17/05/2025	03:13:01	40.54305	141.50837	12	0.0	0	3.2	278
17/05/2025	03:14:02	40.54312	141.50822	0	0.0	2	7.3	268
17/05/2025	03:15:02	40.54295	141.50842	14	0.0	1	7.4	275
17/05/2025	03:16:02	40.54351	141.50749	-70	0.0	2	8.0	276
17/05/2025	03:17:03	40.54315	141.50814	-14	0.0	2	8.1	280
17/05/2025	03:18:02	40.54291	141.50857	44	0.0	2	8.1	263
17/05/2025	03:19:02	40.54318	141.50816	8	0.0	2	8.2	276
17/05/2025	03:20:01	40.54320	141.50811	6	0.0	2	8.3	303
17/05/2025	03:21:02	40.54311	141.50768	-10	7.4	2	8.4	264
17/05/2025	03:22:03	40.54341	141.50693	-72	0.0	2	8.4	265
17/05/2025	03:23:02	40.54327	141.50740	-48	0.0	2	9.0	279
17/05/2025	03:24:02	40.54318	141.50742	-34	0.0	1	15.2	277
17/05/2025	03:25:02	40.54284	141.50827	58	0.0	1	16.2	273
17/05/2025	03:26:03	40.54282	141.50832	60	0.0	2	9.2	273
17/05/2025	03:27:01	40.54459	141.51041	-96	29.6	2	9.2	262
17/05/2025	03:28:03	40.54455	141.51269	-16	0.0	2	9.3	270
17/05/2025	03:29:02	40.54438	141.51317	16	3.7	2	9.3	275
17/05/2025	03:30:02	40.54471	141.51250	-32	0.0	1	11.3	276
17/05/2025	03:31:02	40.54465	141.51257	-28	0.0	2	9.3	280
17/05/2025	03:32:02	40.54424	141.51348	58	18.5	2	9.4	270
17/05/2025	03:33:04	40.54465	141.51304	-10	0.0	2	9.4	274
17/05/2025	03:34:03	40.54474	141.51295	-16	0.0	2	9.3	281
17/05/2025	03:35:03	40.54463	141.51331	34	0.0	2	9.3	279
17/05/2025	03:36:03	40.54468	141.51325	18	0.0	2	9.3	276
17/05/2025	03:37:03	40.54477	141.51294	-18	0.0	2	9.3	279
17/05/2025	03:38:04	40.54452	141.51344	22	0.0	2	9.3	253
17/05/2025	03:39:03	40.54440	141.51338	18	0.0	1	6.1	259
17/05/2025	03:40:05	40.54469	141.51306	-0	0.0	2	9.2	267
17/05/2025	03:41:02	40.54331	141.51535	230	0.0	2	15.3	284
17/05/2025	03:42:03	40.54437	141.51341	28	0.0	2	14.3	285
17/05/2025	03:43:03	40.54506	141.51222	-98	0.0	2	9.0	271
17/05/2025	03:44:02	40.54443	141.51359	44	0.0	2	8.4	275
17/05/2025	03:45:01	40.54450	141.51350	40	0.0	2	8.4	275
17/05/2025	03:46:02	40.54446	141.51369	76	0.0	2	8.3	272
17/05/2025	03:47:03	40.54464	141.51316	6	0.0	2	8.2	267
17/05/2025	03:48:03	40.54455	141.51350	40	0.0	2	8.2	269
17/05/2025	03:49:04	40.54468	141.51323	12	0.0	2	8.1	265
17/05/2025	03:50:01	40.54478	141.51311	14	0.0	0	2.2	259
17/05/2025	03:51:08	40.54482	141.51282	-30	0.0	2	8.0	266
17/05/2025	03:52:04	40.54466	141.51326	22	0.0	2	7.4	268
17/05/2025	03:53:04	40.54465	141.51323	12	0.0	2	7.3	265
17/05/2025	03:54:15	40.54473	141.51308	0	0.0	7	0.4	267
17/05/2025	03:55:01	40.54508	141.51317	-6	0.0	5	1.3	268
17/05/2025	03:56:02	40.54516	141.51325	-8	0.0	7	1.0	270
17/05/2025	03:57:01	40.54478	141.51341	0	0.0	5	1.0	249
17/05/2025	03:58:02	40.54479	141.51351	26	0.0	5	1.0	279
17/05/2025	03:59:00	40.54551	141.51419	2	33.3	4	2.3	267
17/05/2025	04:00:02	40.55174	141.51504	0	48.2	6	1.2	279
17/05/2025	04:01:03	40.55662	141.51770	68	25.9	2	2.2	260
17/05/2025	04:02:02	40.55734	141.51898	-0	18.5	4	2.1	270
17/05/2025	04:03:03	40.55731	141.51690	0	22.2	6	1.2	271
17/05/2025	04:04:02	40.55675	141.51593	4	25.9	5	1.4	277
17/05/2025	04:05:01	40.55666	141.51602	10	0.0	5	1.0	279
17/05/2025	04:06:00	40.55674	141.51589	-10	0.0	4	1.1	278
17/05/2025	04:07:01	40.55671	141.51601	4	0.0	5	1.0	244
17/05/2025	04:08:01	40.55655	141.51562	12	0.0	4	1.4	271
17/05/2025	04:09:01	40.55673	141.51590	-12	0.0	4	1.4	268
17/05/2025	04:10:01	40.55658	141.51595	22	0.0	5	1.0	273
17/05/2025	04:11:01	40.55667	141.51600	28	0.0	5	1.0	279
17/05/2025	04:12:01	40.55667	141.51593	4	0.0	5	1.4	271
17/05/2025	04:13:01	40.55657	141.51612	0	0.0	6	1.0	277
17/05/2025	04:14:00	40.55665	141.51624	2	0.0	6	1.0	268
17/05/2025	04:15:00	40.55663	141.51606	4	0.0	6	0.4	271
17/05/2025	04:16:00	40.55656	141.51598	30	0.0	7	2.0	273
17/05/2025	04:17:00	40.55683	141.51636	-10	0.0	5	1.4	268
17/05/2025	04:18:00	40.55661	141.51611	8	0.0	4	2.0	271
17/05/2025	04:19:00	40.55667	141.51610	32	0.0	5	1.1	275
17/05/2025	04:20:00	40.55667	141.51603	6	0.0	6	0.4	279
17/05/2025	04:21:00	40.55652	141.51605	22	0.0	5	1.4	245
17/05/2025	04:22:00	40.55653	141.51610	18	0.0	4	1.2	274
17/05/2025	04:23:00	40.55660	141.51610	2	0.0	7	0.4	273
17/05/2025	04:24:00	40.55654	141.51596	32	0.0	4	2.0	265
17/05/2025	04:25:00	40.55670	141.51596	0	0.0	5	1.0	275
17/05/2025	04:26:00	40.55659	141.51609	-0	0.0	5	1.0	281
17/05/2025	04:27:00	40.55660	141.51618	8	0.0	6	0.4	274
17/05/2025	04:28:00	40.55665	141.51620	-0	0.0	7	0.4	275
17/05/2025	04:29:00	40.55664	141.51617	-4	0.0	6	1.0	281
17/05/2025	04:30:00	40.55659	141.51595	4	0.0	4	1.2	162
17/05/2025	04:31:00	40.55656	141.51611	20	0.0	4	1.2	275
17/05/2025	04:32:00	40.55669	141.51579	32	3.7	3	2.0	285
17/05/2025	04:33:00	40.55673	141.51629	60	0.0	3	1.2	306
17/05/2025	04:34:01	40.55657	141.51610	2	0.0	7	1.0	255
17/05/2025	04:35:00	40.55665	141.51611	10	0.0	4	1.4	274
17/05/2025	04:36:00	40.55652	141.51597	38	0.0	5	2.0	262
17/05/2025	04:37:00	40.55681	141.51585	-12	0.0	4	1.1	264
17/05/2025	04:38:00	40.55655	141.51605	16	0.0	4	1.1	260
17/05/2025	04:39:00	40.55661	141.51612	16	0.0	6	1.0	272
17/05/2025	04:40:00	40.55647	141.51593	16	0.0	4	2.1	270
17/05/2025	04:41:00	40.55660	141.51603	32	0.0	4	2.1	271
17/05/2025	04:42:00	40.55668	141.51614	4	0.0	5	2.0	274
17/05/2025	04:43:00	40.55666	141.51608	10	0.0	6	1.0	282
17/05/2025	04:44:00	40.55677	141.51616	-6	0.0	6	1.4	280
17/05/2025	04:45:01	40.55653	141.51604	40	0.0	4	2.1	254
17/05/2025	04:46:00	40.55803	141.51658	4	29.6	5	1.3	271
17/05/2025	04:47:01	40.55584	141.52215	-10	29.6	5	1.2	269
17/05/2025	04:48:01	40.55742	141.52559	20	29.6	4	1.2	269
17/05/2025	04:49:00	40.55857	141.53231	52	33.3	4	2.0	268
17/05/2025	04:50:02	40.55922	141.53477	16	0.0	4	5.4	259
17/05/2025	04:51:02	40.55930	141.53483	-4	0.0	3	2.3	214
17/05/2025	04:52:01	40.55926	141.53492	-6	0.0	6	0.4	275
17/05/2025	04:53:01	40.55910	141.53459	32	0.0	5	2.0	278
17/05/2025	04:54:01	40.55926	141.53495	-2	0.0	5	2.0	260
17/05/2025	04:55:01	40.55912	141.53481	10	0.0	4	5.2	251
17/05/2025	04:56:00	40.55923	141.53483	-12	0.0	5	2.1	254
17/05/2025	04:57:01	40.55923	141.53489	0	0.0	6	0.4	262
17/05/2025	04:58:00	40.55932	141.53486	-20	0.0	4	1.1	247
17/05/2025	04:59:00	40.55920	141.53478	12	0.0	3	2.2	270
17/05/2025	05:00:00	40.55919	141.53506	-16	0.0	4	1.0	297
17/05/2025	05:01:01	40.55924	141.53485	18	0.0	5	2.1	297
17/05/2025	05:02:00	40.55920	141.53481	6	0.0	5	1.3	260
17/05/2025	05:03:01	40.55917	141.53480	-2	0.0	5	2.1	270
17/05/2025	05:04:00	40.55912	141.53478	-12	0.0	4	2.4	258
17/05/2025	05:05:00	40.55923	141.53487	16	0.0	5	1.3	244
17/05/2025	05:06:00	40.55918	141.53478	-8	0.0	4	2.4	304
17/05/2025	05:07:00	40.55929	141.53493	4	0.0	4	2.0	265
17/05/2025	05:08:01	40.55925	141.53480	-2	0.0	5	1.3	259
17/05/2025	05:09:01	40.55936	141.53482	0	0.0	5	1.3	257
17/05/2025	05:10:01	40.55923	141.53472	-10	0.0	5	1.3	266
17/05/2025	05:11:00	40.55933	141.53468	26	0.0	4	2.2	271
17/05/2025	05:12:00	40.55930	141.53477	16	0.0	5	2.1	252
17/05/2025	05:13:00	40.55916	141.53470	-8	0.0	4	2.3	271
17/05/2025	05:14:01	40.55918	141.53483	-4	0.0	4	2.2	261
17/05/2025	05:15:00	40.55927	141.53489	70	0.0	4	2.2	268
17/05/2025	05:16:00	40.55867	141.53485	-20	18.5	5	1.2	277
17/05/2025	05:17:00	40.55664	141.52556	24	51.9	5	2.1	284
17/05/2025	05:18:00	40.55224	141.51804	-0	40.7	5	2.1	254
17/05/2025	05:19:00	40.54675	141.51758	-40	25.9	5	1.2	252
17/05/2025	05:20:01	40.54658	141.51782	6	14.8	4	2.2	251
17/05/2025	05:21:01	40.54649	141.51790	12	0.0	4	2.1	260
17/05/2025	05:22:00	40.54628	141.51713	24	48.2	4	2.1	254
17/05/2025	05:23:00	40.54543	141.51284	116	0.0	3	2.4	160
17/05/2025	05:24:00	40.54442	141.51271	-38	0.0	4	2.1	252
17/05/2025	05:25:01	40.54431	141.51245	-2	0.0	4	2.1	267
17/05/2025	05:26:00	40.54432	141.51265	4	0.0	4	2.1	227
17/05/2025	05:27:00	40.54446	141.51261	-2	0.0	4	2.0	302
17/05/2025	05:28:00	40.54428	141.51270	-18	3.7	3	2.2	281
17/05/2025	05:29:00	40.54438	141.51266	-12	0.0	4	2.1	280
17/05/2025	05:30:00	40.54439	141.51271	-22	0.0	4	2.1	273
17/05/2025	05:31:01	40.54436	141.51268	6	0.0	4	2.1	273
17/05/2025	05:32:00	40.54435	141.51258	26	3.7	3	2.2	224
17/05/2025	05:33:02	40.54442	141.51268	2	0.0	4	2.1	262
17/05/2025	05:34:00	40.54440	141.51276	44	0.0	3	2.2	213
17/05/2025	05:35:00	40.54440	141.51253	-4	0.0	4	2.1	279
17/05/2025	05:36:01	40.54433	141.51257	-2	0.0	5	1.2	281
17/05/2025	05:37:00	40.54436	141.51256	-48	0.0	4	2.1	288
17/05/2025	05:38:00	40.54437	141.51272	-38	0.0	3	2.2	271
17/05/2025	05:39:00	40.54429	141.51261	2	0.0	4	2.1	252
17/05/2025	05:40:00	40.54426	141.51272	36	0.0	4	2.1	255
17/05/2025	05:41:00	40.54580	141.51291	-20	37.0	3	2.1	309
17/05/2025	05:42:01	40.55207	141.51364	22	48.2	3	2.1	299
17/05/2025	05:43:02	40.55749	141.51189	-2	0.0	4	2.0	232
17/05/2025	05:44:01	40.55748	141.51184	-16	0.0	3	3.2	179
17/05/2025	05:45:01	40.55747	141.51182	-14	0.0	4	2.0	257
17/05/2025	05:46:00	40.55753	141.51178	-22	0.0	3	2.1	244
17/05/2025	05:47:00	40.55735	141.51188	-26	0.0	3	2.1	276
17/05/2025	05:48:00	40.55754	141.51187	-12	0.0	3	2.1	256
17/05/2025	05:49:00	40.55758	141.51189	48	0.0	3	2.1	251
17/05/2025	05:50:00	40.55738	141.51194	32	0.0	4	2.0	225
17/05/2025	05:51:00	40.55734	141.51158	20	3.7	3	2.1	218
17/05/2025	05:52:01	40.55739	141.51190	40	0.0	4	2.0	279
17/05/2025	05:53:00	40.55761	141.51224	-18	0.0	4	2.0	271
17/05/2025	05:54:01	40.55745	141.51180	12	0.0	4	2.0	219
17/05/2025	05:55:00	40.55749	141.51186	6	0.0	3	2.1	249
17/05/2025	05:56:00	40.55749	141.51188	-24	0.0	3	2.1	279
17/05/2025	05:57:00	40.55750	141.51185	-12	0.0	4	2.0	248
17/05/2025	05:58:00	40.55750	141.51180	-14	0.0	3	2.1	251
17/05/2025	05:59:00	40.55747	141.51199	10	0.0	4	2.0	280
17/05/2025	06:00:15	40.55810	141.51147	-18	37.0	3	1.3	262
17/05/2025	06:01:01	40.56087	141.50669	-8	37.0	3	1.3	253
17/05/2025	06:02:02	40.56331	141.49995	-46	44.4	3	1.3	279
17/05/2025	06:03:01	40.56524	141.49634	-12	25.9	3	1.3	251
17/05/2025	06:04:02	40.56405	141.49793	-16	0.0	2	1.4	237
17/05/2025	06:05:01	40.56433	141.49971	6	22.2	3	1.3	275
17/05/2025	06:06:01	40.56458	141.50058	-42	14.8	3	1.3	242
17/05/2025	06:07:01	40.56268	141.50191	-26	14.8	3	1.3	249
17/05/2025	06:08:01	40.56109	141.50354	-34	18.5	3	1.3	210
17/05/2025	06:09:01	40.55916	141.50403	4	0.0	3	1.3	281
17/05/2025	06:10:01	40.55924	141.50419	-22	0.0	3	1.3	280
17/05/2025	06:11:02	40.55915	141.50409	-2	0.0	3	1.3	287
17/05/2025	06:12:01	40.55859	141.50689	34	22.2	3	1.3	247
17/05/2025	06:13:01	40.55857	141.50715	2	0.0	3	1.3	254
17/05/2025	06:14:02	40.55842	141.50739	2	0.0	2	1.4	266
17/05/2025	06:15:01	40.55844	141.50763	22	0.0	3	1.3	274
17/05/2025	06:16:01	40.55842	141.50753	12	0.0	3	1.4	273
17/05/2025	06:17:02	40.55839	141.50750	0	0.0	3	1.4	273
17/05/2025	06:18:04	40.55845	141.50742	8	0.0	3	1.4	272
17/05/2025	06:19:02	40.55845	141.50742	-12	0.0	3	1.4	267
17/05/2025	06:20:02	40.55847	141.50745	-6	0.0	2	1.4	266
17/05/2025	06:21:00	40.55847	141.50752	2	0.0	3	1.4	277
17/05/2025	06:22:02	40.55853	141.50741	-30	3.7	3	1.4	259
17/05/2025	06:23:01	40.55846	141.50735	-32	0.0	2	1.4	277
17/05/2025	06:24:01	40.55844	141.50748	-10	0.0	3	1.4	283
17/05/2025	06:25:01	40.55834	141.50735	-18	0.0	3	1.4	273
17/05/2025	06:26:02	40.55844	141.50747	-6	0.0	3	2.0	281
17/05/2025	06:27:01	40.55840	141.50736	-16	0.0	3	2.0	271
17/05/2025	06:28:02	40.55849	141.50748	10	0.0	3	2.0	273
17/05/2025	06:29:01	40.55845	141.50735	8	0.0	2	1.4	269
17/05/2025	06:30:01	40.55837	141.50752	6	0.0	3	2.0	276
17/05/2025	06:31:02	40.55850	141.50733	-18	0.0	3	2.0	266
17/05/2025	06:32:01	40.55851	141.50750	-20	0.0	2	2.0	215
17/05/2025	06:33:01	40.55851	141.50743	-20	0.0	2	2.0	267
17/05/2025	06:34:02	40.55842	141.50754	4	0.0	3	2.1	269
17/05/2025	06:35:02	40.55845	141.50763	0	0.0	3	2.1	262
17/05/2025	06:36:01	40.55850	141.50743	-12	0.0	3	2.1	275
17/05/2025	06:37:02	40.55836	141.50764	6	0.0	3	2.1	270
17/05/2025	06:38:02	40.55831	141.50768	32	0.0	3	2.1	271
17/05/2025	06:39:02	40.55840	141.50748	-8	0.0	3	2.2	277
17/05/2025	06:40:01	40.55849	141.50742	-6	0.0	3	2.2	304
17/05/2025	06:41:02	40.55841	141.50771	20	0.0	3	2.2	268
17/05/2025	06:42:03	40.55851	141.50738	-26	0.0	3	2.2	264
17/05/2025	06:43:01	40.55849	141.50737	-26	0.0	3	2.2	245
17/05/2025	06:44:01	40.55845	141.50765	-2	0.0	3	2.3	299
17/05/2025	06:45:01	40.55837	141.50770	32	0.0	3	2.3	270
17/05/2025	06:46:03	40.55850	141.50732	-6	0.0	3	2.3	255
17/05/2025	06:47:03	40.55841	141.50799	40	0.0	3	2.3	257
17/05/2025	06:48:02	40.55843	141.50765	2	0.0	3	2.4	268
17/05/2025	06:49:02	40.55843	141.50766	-2	0.0	3	2.4	266
17/05/2025	06:50:01	40.55839	141.50779	12	0.0	3	2.4	268
17/05/2025	06:51:01	40.55848	141.50747	-20	0.0	3	2.4	269
17/05/2025	06:52:02	40.55853	141.50752	-20	0.0	2	2.1	267
17/05/2025	06:53:02	40.55848	141.50744	-18	0.0	3	3.0	277
17/05/2025	06:54:02	40.55854	141.50749	-20	0.0	3	3.0	267
17/05/2025	06:55:02	40.55838	141.50804	28	0.0	3	3.0	276
17/05/2025	06:56:01	40.55837	141.50792	12	0.0	3	3.1	275
17/05/2025	06:57:03	40.55853	141.50749	-10	0.0	3	3.1	260
17/05/2025	06:58:05	40.55846	141.50751	-6	0.0	3	3.1	272
17/05/2025	06:59:02	40.55848	141.50767	-2	0.0	3	3.2	266
17/05/2025	07:00:02	40.55844	141.50775	0	0.0	3	3.2	279
17/05/2025	07:01:04	40.55849	141.50765	-14	0.0	3	3.2	279
17/05/2025	07:02:03	40.55844	141.50761	-12	0.0	3	3.2	279
17/05/2025	07:03:03	40.55856	141.50743	-28	0.0	3	3.3	279
17/05/2025	07:04:02	40.55828	141.50805	28	0.0	3	3.3	280
17/05/2025	07:05:03	40.55833	141.50820	18	0.0	3	3.3	280
17/05/2025	07:06:01	40.55830	141.50802	18	0.0	2	2.3	274
17/05/2025	07:07:03	40.55831	141.50796	22	0.0	3	3.4	314
17/05/2025	07:08:04	40.55836	141.50788	-6	0.0	3	4.0	276
17/05/2025	07:09:04	40.55851	141.50767	-4	0.0	3	4.0	282
17/05/2025	07:10:04	40.55831	141.50777	6	0.0	3	4.0	269
17/05/2025	07:11:05	40.55836	141.50788	12	0.0	3	4.1	273
17/05/2025	07:12:16	40.55839	141.50785	6	0.0	7	0.4	282
17/05/2025	07:13:01	40.55836	141.50788	14	0.0	6	1.3	277
17/05/2025	07:14:00	40.55824	141.50790	-10	0.0	4	2.0	245
17/05/2025	07:15:00	40.55838	141.50798	10	0.0	7	0.4	284
17/05/2025	07:16:00	40.55834	141.50800	12	0.0	6	1.0	281
17/05/2025	07:17:01	40.55839	141.50786	0	0.0	7	0.4	267
17/05/2025	07:18:00	40.55839	141.50787	6	0.0	7	0.4	290
17/05/2025	07:19:00	40.55838	141.50775	8	3.7	4	1.4	221
17/05/2025	07:20:00	40.55832	141.50786	-14	0.0	4	1.1	247
17/05/2025	07:21:00	40.55835	141.50792	12	0.0	7	0.4	269
17/05/2025	07:22:00	40.55842	141.50801	14	0.0	7	0.4	284
17/05/2025	07:23:01	40.55818	141.50792	36	0.0	7	2.0	266
17/05/2025	07:24:00	40.55831	141.50799	8	0.0	6	0.4	249
17/05/2025	07:25:01	40.55835	141.50793	4	0.0	6	0.4	265
17/05/2025	07:26:00	40.55844	141.50787	-10	0.0	5	1.0	274
17/05/2025	07:27:01	40.55836	141.50796	6	0.0	7	1.0	278
17/05/2025	07:28:01	40.55735	141.50826	16	29.6	7	1.1	272
17/05/2025	07:29:01	40.55232	141.50959	18	29.6	6	1.1	266
17/05/2025	07:30:01	40.54777	141.51096	30	33.3	6	0.4	247
17/05/2025	07:31:01	40.54283	141.50633	2	40.7	6	1.0	270
17/05/2025	07:32:00	40.54182	141.50563	-12	0.0	4	2.1	182
17/05/2025	07:33:01	40.54182	141.50562	-10	0.0	6	1.0	261
17/05/2025	07:34:00	40.54175	141.50686	4	33.3	4	1.1	274
17/05/2025	07:35:00	40.54327	141.50979	60	0.0	4	2.3	246
17/05/2025	07:36:00	40.54310	141.50972	4	3.7	3	2.3	234
17/05/2025	07:37:02	40.54309	141.50950	-8	0.0	5	1.1	236
17/05/2025	07:38:00	40.54277	141.50974	82	3.7	3	2.3	214
17/05/2025	07:39:00	40.54299	141.50948	8	3.7	3	2.1	270
17/05/2025	07:40:01	40.54307	141.50971	4	0.0	6	1.0	266
17/05/2025	07:41:00	40.54327	141.51052	30	0.0	3	1.1	212
17/05/2025	07:42:00	40.54312	141.51043	-8	0.0	4	1.1	239
17/05/2025	07:43:00	40.54318	141.51021	-10	0.0	5	1.0	234
17/05/2025	07:44:00	40.54316	141.51044	-14	0.0	4	1.3	238
17/05/2025	07:45:01	40.54322	141.51025	-4	0.0	7	0.4	245
17/05/2025	07:46:00	40.54305	141.51028	4	0.0	4	1.0	239
17/05/2025	07:47:01	40.54316	141.51027	14	0.0	6	0.4	240
17/05/2025	07:48:00	40.54314	141.51030	-20	0.0	4	1.1	214
17/05/2025	07:49:00	40.54308	141.51019	32	3.7	3	2.0	238
17/05/2025	07:50:01	40.54319	141.51028	0	0.0	7	0.4	280
17/05/2025	07:51:02	40.54312	141.51031	20	0.0	3	6.3	145
17/05/2025	07:52:00	40.54313	141.51027	14	0.0	5	1.3	239
17/05/2025	07:53:00	40.54325	141.51021	-4	0.0	5	1.0	231
17/05/2025	07:54:01	40.54322	141.51037	6	0.0	7	0.4	238
17/05/2025	07:55:00	40.54321	141.51034	-2	0.0	4	1.1	150
17/05/2025	07:56:00	40.54321	141.51031	-24	0.0	4	1.1	241
17/05/2025	07:57:00	40.54339	141.51042	22	0.0	4	1.4	227
17/05/2025	07:58:01	40.54326	141.51023	0	0.0	6	1.1	242
17/05/2025	07:59:01	40.54313	141.51040	-16	0.0	4	1.1	232
17/05/2025	08:00:00	40.54319	141.51037	18	0.0	3	2.1	236
17/05/2025	08:01:00	40.54317	141.51045	2	0.0	3	2.1	235
17/05/2025	08:02:00	40.54323	141.51021	4	0.0	3	2.3	266
17/05/2025	08:03:00	40.54307	141.51043	-22	3.7	3	2.1	213
17/05/2025	08:04:00	40.54325	141.51038	-0	0.0	5	1.3	245
17/05/2025	08:05:03	40.54320	141.51034	10	0.0	5	1.1	262
17/05/2025	08:06:02	40.54322	141.51032	-0	0.0	5	1.1	256
17/05/2025	08:07:01	40.54319	141.51028	10	0.0	5	1.2	249
17/05/2025	08:08:00	40.54343	141.51050	-2	0.0	4	1.2	264
17/05/2025	08:09:00	40.54332	141.51035	-14	0.0	5	1.2	214
17/05/2025	08:10:01	40.54318	141.51030	2	0.0	4	2.0	147
17/05/2025	08:11:00	40.54305	141.51044	42	3.7	4	2.1	244
17/05/2025	08:12:01	40.54313	141.51032	16	0.0	6	1.0	262
17/05/2025	08:13:01	40.54320	141.51043	-8	0.0	5	1.1	266
17/05/2025	08:14:01	40.54314	141.51036	-4	0.0	4	1.2	261
17/05/2025	08:15:01	40.54320	141.51039	-14	0.0	4	1.2	263
17/05/2025	08:16:01	40.54313	141.51027	-2	0.0	3	1.4	230
17/05/2025	08:17:01	40.54316	141.51044	-6	0.0	3	2.2	230
17/05/2025	08:18:01	40.54315	141.51040	-10	0.0	5	1.2	312
17/05/2025	08:19:01	40.54307	141.51028	-8	0.0	3	2.1	199
17/05/2025	08:20:00	40.54317	141.51035	2	0.0	4	1.2	267
17/05/2025	08:21:00	40.54306	141.51042	-4	0.0	4	1.2	252
17/05/2025	08:22:00	40.54306	141.51029	-20	0.0	3	2.3	149
17/05/2025	08:23:00	40.54312	141.51026	-2	3.7	3	2.1	280
17/05/2025	08:24:01	40.54340	141.51025	-6	0.0	3	2.3	212
17/05/2025	08:25:02	40.54319	141.51037	18	0.0	6	1.0	235
17/05/2025	08:26:01	40.54320	141.51035	0	0.0	7	1.0	261
17/05/2025	08:27:01	40.54321	141.51041	6	0.0	6	1.0	234
17/05/2025	08:28:01	40.54328	141.51017	-34	0.0	6	1.4	275
17/05/2025	08:29:01	40.54321	141.51026	42	0.0	4	1.3	272
17/05/2025	08:30:00	40.54309	141.51038	0	3.7	3	1.4	247
17/05/2025	08:31:01	40.54308	141.51031	-10	0.0	6	1.0	303
17/05/2025	08:32:01	40.54311	141.51027	2	0.0	5	1.0	267
17/05/2025	08:33:00	40.54301	141.51040	-10	0.0	5	1.4	218
17/05/2025	08:34:02	40.54302	141.51544	8	33.3	5	1.4	268
17/05/2025	08:35:01	40.54162	141.52185	20	33.3	4	2.0	214
17/05/2025	08:36:01	40.53959	141.52895	46	33.3	4	2.1	213
17/05/2025	08:37:00	40.53694	141.53564	50	33.3	4	2.4	247
17/05/2025	08:38:02	40.53625	141.54254	-2	33.3	6	1.0	265
17/05/2025	08:39:00	40.53819	141.54803	-38	37.0	4	2.0	238
17/05/2025	08:40:01	40.53847	141.55478	10	25.9	5	1.4	269
17/05/2025	08:41:01	40.53925	141.55771	8	0.0	6	1.0	242
17/05/2025	08:42:00	40.53914	141.55760	12	0.0	4	1.4	253
17/05/2025	08:43:01	40.53918	141.55766	14	0.0	5	1.2	247
17/05/2025	08:44:00	40.53921	141.55754	-28	0.0	3	2.3	269
17/05/2025	08:45:00	40.53926	141.55774	8	0.0	6	1.0	249
17/05/2025	08:46:00	40.53895	141.55799	8	3.7	4	2.0	275
17/05/2025	08:47:00	40.53920	141.55763	-2	0.0	6	1.0	276
17/05/2025	08:48:00	40.53924	141.55761	-0	0.0	5	2.0	251
17/05/2025	08:49:01	40.53913	141.55770	16	0.0	4	1.2	223
17/05/2025	08:50:02	40.53927	141.55748	-36	0.0	5	2.0	279
17/05/2025	08:51:01	40.53914	141.55776	20	0.0	5	1.2	253
17/05/2025	08:52:02	40.53922	141.55762	4	0.0	5	1.2	269
17/05/2025	08:53:00	40.53930	141.55782	14	0.0	4	1.3	270
17/05/2025	08:54:00	40.53912	141.55780	8	0.0	4	2.0	267
17/05/2025	08:55:00	40.53910	141.55760	12	0.0	4	1.3	241
17/05/2025	08:56:00	40.53916	141.55764	32	0.0	3	2.2	186
17/05/2025	08:57:00	40.53918	141.55760	-20	0.0	4	1.3	273
17/05/2025	08:58:01	40.53921	141.55767	-40	0.0	4	1.3	270
17/05/2025	08:59:01	40.53910	141.55756	20	0.0	3	2.0	252
17/05/2025	09:00:02	40.53908	141.55769	6	0.0	4	1.3	308
17/05/2025	09:01:00	40.53908	141.55764	12	0.0	4	1.3	248
17/05/2025	09:02:01	40.53918	141.55766	12	0.0	4	1.3	279
17/05/2025	09:03:00	40.53920	141.55768	20	0.0	4	1.3	196
17/05/2025	09:04:00	40.53920	141.55765	34	0.0	3	2.1	256
17/05/2025	09:05:00	40.53916	141.55769	0	0.0	4	1.3	224
17/05/2025	09:06:00	40.53909	141.55766	4	0.0	4	1.3	228
17/05/2025	09:07:00	40.53916	141.55764	16	0.0	4	1.3	222
17/05/2025	09:08:00	40.53912	141.55762	18	0.0	4	1.3	242
17/05/2025	09:09:01	40.53917	141.55764	26	0.0	4	1.3	213
17/05/2025	09:10:00	40.53912	141.55772	-4	0.0	3	2.0	184
17/05/2025	09:11:00	40.53918	141.55769	38	3.7	3	1.3	220
17/05/2025	09:12:00	40.53919	141.55777	-52	0.0	3	2.2	216
17/05/2025	09:13:01	40.53912	141.55764	38	0.0	4	1.3	220
17/05/2025	09:14:01	40.53918	141.55769	4	3.7	4	1.3	215
17/05/2025	09:15:00	40.53914	141.55771	-2	0.0	4	1.3	212
17/05/2025	09:16:02	40.53916	141.55769	18	0.0	4	1.3	219
17/05/2025	09:17:01	40.53919	141.55769	20	0.0	4	1.3	218
17/05/2025	09:18:00	40.53914	141.55756	36	0.0	3	2.0	184
17/05/2025	09:19:01	40.53917	141.55766	24	0.0	4	1.3	218
17/05/2025	09:20:01	40.53913	141.55766	30	0.0	4	1.3	213
17/05/2025	09:21:01	40.53920	141.55766	10	0.0	4	1.3	213
17/05/2025	09:22:00	40.53928	141.55747	30	0.0	4	1.3	218
17/05/2025	09:23:01	40.53922	141.55769	10	0.0	4	1.3	218
17/05/2025	09:24:01	40.53916	141.55770	0	0.0	4	1.2	210
17/05/2025	09:25:01	40.53915	141.55765	22	0.0	4	1.2	213
17/05/2025	09:26:00	40.53907	141.55763	30	0.0	4	1.2	217
17/05/2025	09:27:01	40.53916	141.55767	18	0.0	4	1.2	219
17/05/2025	09:28:01	40.53919	141.55768	10	0.0	4	1.2	237
17/05/2025	09:29:01	40.53912	141.55768	20	0.0	4	1.2	215
17/05/2025	09:30:00	40.53920	141.55772	-12	0.0	4	1.2	185
17/05/2025	09:31:01	40.53907	141.55767	20	0.0	4	1.2	215
17/05/2025	09:32:01	40.53916	141.55766	-8	0.0	4	1.2	208
17/05/2025	09:33:01	40.53914	141.55772	10	0.0	4	1.2	215
17/05/2025	09:34:01	40.53923	141.55768	22	0.0	4	1.2	213
17/05/2025	09:35:01	40.53918	141.55766	6	0.0	4	1.2	240
17/05/2025	09:36:01	40.53921	141.55769	-0	0.0	4	1.2	211
17/05/2025	09:37:01	40.53911	141.55757	30	0.0	4	1.2	208
17/05/2025	09:38:01	40.53920	141.55772	0	0.0	4	1.2	209
17/05/2025	09:39:02	40.53917	141.55770	8	0.0	4	1.2	204
17/05/2025	09:40:01	40.53912	141.55759	34	0.0	4	1.2	244
17/05/2025	09:41:01	40.53910	141.55775	14	0.0	4	1.2	185
17/05/2025	09:42:00	40.53913	141.55778	20	0.0	3	2.4	205
17/05/2025	09:43:00	40.53923	141.55763	14	7.4	3	2.4	215
17/05/2025	09:44:01	40.53905	141.55759	32	0.0	4	1.2	214
17/05/2025	09:45:01	40.53906	141.55770	16	0.0	4	1.2	191
17/05/2025	09:46:01	40.53913	141.55773	32	0.0	4	1.2	205
17/05/2025	09:47:00	40.53905	141.55770	-4	0.0	4	1.2	215
17/05/2025	09:48:00	40.53905	141.55770	40	0.0	3	2.3	213
17/05/2025	09:49:01	40.53908	141.55768	24	0.0	4	1.2	216
17/05/2025	09:50:00	40.53929	141.55781	64	0.0	3	2.3	213
17/05/2025	09:51:01	40.53912	141.55772	6	0.0	4	1.2	232
17/05/2025	09:52:01	40.53922	141.55777	-0	0.0	4	1.2	206
17/05/2025	09:53:01	40.53917	141.55783	18	0.0	3	2.3	213
17/05/2025	09:54:01	40.53919	141.55765	0	0.0	3	2.3	231
17/05/2025	09:55:02	40.53916	141.55772	6	0.0	3	2.1	245
17/05/2025	09:56:01	40.53915	141.55765	6	0.0	3	2.3	262
17/05/2025	09:57:01	40.53910	141.55765	14	0.0	3	2.3	252
17/05/2025	09:58:02	40.53906	141.55776	0	0.0	4	1.2	247
17/05/2025	09:59:01	40.53911	141.55778	34	0.0	3	2.3	256
17/05/2025	10:00:15	40.53919	141.55769	12	0.0	5	1.0	249
17/05/2025	10:01:00	40.53915	141.55772	-14	0.0	3	1.3	251
17/05/2025	10:02:00	40.53913	141.55785	0	0.0	3	1.3	199
17/05/2025	10:03:01	40.53922	141.55769	2	0.0	4	1.1	249
17/05/2025	10:04:01	40.53917	141.55771	-2	0.0	4	1.1	256
17/05/2025	10:05:00	40.53929	141.55767	0	0.0	3	1.2	229
17/05/2025	10:06:00	40.53920	141.55772	66	0.0	3	1.2	229
17/05/2025	10:07:01	40.53919	141.55771	2	0.0	4	1.1	256
17/05/2025	10:08:00	40.53916	141.55778	36	0.0	3	1.2	236
17/05/2025	10:09:01	40.53921	141.55773	22	0.0	4	1.1	258
17/05/2025	10:10:01	40.53918	141.55772	36	0.0	4	1.1	227
17/05/2025	10:11:01	40.53923	141.55769	8	0.0	4	1.1	230
17/05/2025	10:12:00	40.53929	141.55756	-24	0.0	3	1.2	153
17/05/2025	10:13:00	40.53918	141.55757	-6	0.0	3	1.2	209
17/05/2025	10:14:01	40.53915	141.55768	-2	0.0	4	1.1	229
17/05/2025	10:15:00	40.53928	141.55762	26	0.0	3	1.1	206
17/05/2025	10:16:00	40.53916	141.55766	-6	0.0	3	1.2	208
17/05/2025	10:17:00	40.53911	141.55765	-2	0.0	4	1.1	215
17/05/2025	10:18:00	40.53911	141.55772	36	0.0	3	1.4	209
17/05/2025	10:19:01	40.53922	141.55761	-2	0.0	4	1.1	229
17/05/2025	10:20:00	40.53914	141.55755	-2	0.0	3	1.4	185
17/05/2025	10:21:00	40.53919	141.55743	-24	0.0	3	1.2	207
17/05/2025	10:22:01	40.53915	141.55772	4	0.0	4	1.1	225
17/05/2025	10:23:01	40.53924	141.55770	0	0.0	4	1.1	208
17/05/2025	10:24:01	40.53921	141.55773	6	0.0	3	1.3	202
17/05/2025	10:25:01	40.53922	141.55769	-2	0.0	4	1.1	204
17/05/2025	10:26:01	40.53914	141.55773	20	0.0	3	1.3	202
17/05/2025	10:27:01	40.53921	141.55770	34	0.0	4	1.1	201
17/05/2025	10:28:00	40.53924	141.55775	-4	0.0	3	1.3	184
17/05/2025	10:29:00	40.53923	141.55763	14	0.0	3	1.3	231
17/05/2025	10:30:00	40.53925	141.55776	70	0.0	3	1.3	185
17/05/2025	10:31:01	40.53922	141.55769	28	0.0	3	1.3	211
17/05/2025	10:32:01	40.53917	141.55769	20	0.0	3	1.3	204
17/05/2025	10:33:00	40.53931	141.55793	-48	0.0	3	1.3	208
17/05/2025	10:34:02	40.53920	141.55765	8	0.0	3	1.3	229
17/05/2025	10:35:01	40.53917	141.55773	16	0.0	3	1.3	207
17/05/2025	10:36:00	40.53921	141.55766	8	0.0	3	1.3	184
17/05/2025	10:37:00	40.53928	141.55771	34	0.0	3	1.3	186
17/05/2025	10:38:01	40.53929	141.55776	-20	0.0	3	1.3	236
17/05/2025	10:39:00	40.53907	141.55763	40	0.0	3	1.2	187
17/05/2025	10:40:00	40.53928	141.55779	4	0.0	3	1.2	157
17/05/2025	10:41:00	40.53930	141.55781	20	0.0	3	1.2	185
17/05/2025	10:42:01	40.53915	141.55772	24	0.0	3	1.2	207
17/05/2025	10:43:03	40.53917	141.55769	16	0.0	3	1.2	232
17/05/2025	10:44:00	40.53907	141.55762	40	0.0	3	1.2	213
17/05/2025	10:45:01	40.53920	141.55770	12	0.0	3	1.2	192
17/05/2025	10:46:00	40.53908	141.55773	58	0.0	3	1.2	212
17/05/2025	10:47:01	40.53918	141.55770	22	0.0	3	1.2	220
17/05/2025	10:48:01	40.53921	141.55783	26	0.0	3	1.2	183
17/05/2025	10:49:00	40.53899	141.55762	56	0.0	3	2.1	180
17/05/2025	10:50:01	40.53922	141.55772	18	0.0	3	1.2	212
17/05/2025	10:51:01	40.53917	141.55777	16	0.0	3	1.2	221
17/05/2025	10:52:01	40.53923	141.55768	10	0.0	3	1.2	203
17/05/2025	10:53:01	40.53915	141.55769	20	0.0	3	1.2	233
17/05/2025	10:54:01	40.53925	141.55768	2	0.0	3	1.2	175
17/05/2025	10:55:01	40.53918	141.55764	18	0.0	3	1.2	177
17/05/2025	10:56:01	40.53911	141.55769	24	0.0	3	1.2	202
17/05/2025	10:57:01	40.53927	141.55774	8	0.0	3	1.2	242
17/05/2025	10:58:01	40.53921	141.55766	-10	0.0	3	1.2	218
17/05/2025	10:59:01	40.53925	141.55768	-24	0.0	3	1.2	209
17/05/2025	11:00:01	40.53928	141.55770	2	0.0	3	2.0	186
17/05/2025	11:01:01	40.53927	141.55774	8	0.0	3	1.2	240
17/05/2025	11:02:01	40.53914	141.55773	32	0.0	3	1.2	181
17/05/2025	11:03:01	40.53917	141.55775	8	0.0	3	1.2	244
17/05/2025	11:04:01	40.53929	141.55765	-16	0.0	3	1.2	204
17/05/2025	11:05:01	40.53931	141.55758	-14	0.0	3	1.2	230
17/05/2025	11:06:01	40.53931	141.55769	-0	0.0	3	1.2	236
17/05/2025	11:07:01	40.53929	141.55775	2	0.0	3	1.2	210
17/05/2025	11:08:01	40.53914	141.55765	4	0.0	3	1.2	209
17/05/2025	11:09:02	40.53914	141.55774	20	0.0	3	1.2	236
17/05/2025	11:10:03	40.53925	141.55768	-14	0.0	3	1.2	236
17/05/2025	11:11:02	40.53917	141.55774	2	0.0	3	1.2	235
17/05/2025	11:12:01	40.53923	141.55776	2	0.0	3	1.3	218
17/05/2025	11:13:01	40.53924	141.55768	4	0.0	3	1.3	216
17/05/2025	11:14:01	40.53918	141.55768	14	0.0	3	2.0	220
17/05/2025	11:15:02	40.53920	141.55769	2	0.0	3	1.3	238
17/05/2025	11:16:01	40.53918	141.55772	4	0.0	3	1.4	215
17/05/2025	11:17:02	40.53920	141.55773	2	0.0	3	1.3	220
17/05/2025	11:18:01	40.53916	141.55772	4	0.0	3	1.4	218
17/05/2025	11:19:01	40.53924	141.55772	18	0.0	3	1.4	214
17/05/2025	11:20:01	40.53912	141.55775	16	0.0	3	1.4	219
17/05/2025	11:21:01	40.53918	141.55768	20	0.0	3	1.3	254
17/05/2025	11:22:02	40.53916	141.55772	18	0.0	3	1.3	225
17/05/2025	11:23:01	40.53919	141.55770	4	0.0	3	1.3	224
17/05/2025	11:24:02	40.53922	141.55773	14	0.0	3	1.3	241
17/05/2025	11:25:01	40.53916	141.55773	26	0.0	3	1.3	218
17/05/2025	11:26:02	40.53919	141.55769	8	0.0	3	1.3	218
17/05/2025	11:27:01	40.53921	141.55769	-4	0.0	3	1.3	223
17/05/2025	11:28:01	40.53931	141.55771	4	0.0	3	1.3	219
17/05/2025	11:29:02	40.53918	141.55778	16	0.0	3	1.3	214
17/05/2025	11:30:02	40.53924	141.55771	-6	0.0	3	1.3	217
17/05/2025	11:31:02	40.53909	141.55782	16	0.0	2	1.4	217
17/05/2025	11:32:02	40.53917	141.55768	16	0.0	2	1.4	216
17/05/2025	11:33:02	40.53919	141.55779	4	0.0	2	1.4	249
17/05/2025	11:34:02	40.53925	141.55776	12	0.0	2	1.4	244
17/05/2025	11:35:02	40.53924	141.55769	-2	0.0	2	1.4	243
17/05/2025	11:36:02	40.53919	141.55774	6	0.0	2	1.4	248
17/05/2025	11:37:02	40.53927	141.55768	10	0.0	2	1.4	240
17/05/2025	11:38:02	40.53908	141.55771	16	0.0	2	1.4	237
17/05/2025	11:39:02	40.53933	141.55765	6	0.0	2	1.4	232
17/05/2025	11:40:02	40.53912	141.55774	28	0.0	2	1.4	227
17/05/2025	11:41:02	40.53918	141.55771	10	0.0	2	1.4	229
17/05/2025	11:42:01	40.53901	141.55781	8	0.0	2	1.4	223
17/05/2025	11:43:02	40.53926	141.55774	0	0.0	2	1.4	223
17/05/2025	11:44:02	40.53919	141.55770	10	0.0	2	1.4	225
17/05/2025	11:45:02	40.53924	141.55765	6	0.0	2	1.4	223
17/05/2025	11:46:02	40.53924	141.55769	0	0.0	2	1.4	224
17/05/2025	11:47:02	40.53920	141.55772	0	0.0	2	2.0	226
17/05/2025	11:48:02	40.53918	141.55773	6	0.0	2	2.0	225
17/05/2025	11:49:02	40.53920	141.55765	28	0.0	2	2.0	215
17/05/2025	11:50:02	40.53922	141.55775	-0	0.0	2	2.0	223
17/05/2025	11:51:02	40.53919	141.55770	12	0.0	2	2.0	222
17/05/2025	11:52:02	40.53921	141.55775	2	0.0	2	2.0	217
17/05/2025	11:53:02	40.53924	141.55773	20	0.0	2	2.0	221
17/05/2025	11:54:02	40.53917	141.55777	-2	0.0	2	2.0	215
17/05/2025	11:55:02	40.53925	141.55765	2	0.0	2	2.0	219
17/05/2025	11:56:02	40.53923	141.55764	-4	0.0	2	2.0	220
17/05/2025	11:57:02	40.53921	141.55771	6	0.0	2	2.0	220
17/05/2025	11:58:02	40.53922	141.55770	8	0.0	2	2.0	223
17/05/2025	11:59:02	40.53915	141.55772	10	0.0	2	2.0	225
17/05/2025	12:00:16	40.53919	141.55773	8	0.0	6	1.0	227
17/05/2025	12:01:00	40.53933	141.55747	60	0.0	4	2.4	226
17/05/2025	12:02:00	40.53913	141.55750	42	0.0	4	1.4	218
17/05/2025	12:03:00	40.53928	141.55774	-10	0.0	4	2.0	191
17/05/2025	12:04:00	40.53906	141.55775	4	0.0	4	2.4	222
17/05/2025	12:05:00	40.53920	141.55763	16	0.0	5	1.0	220
17/05/2025	12:06:00	40.53918	141.55775	18	0.0	5	1.0	223
17/05/2025	12:07:00	40.53918	141.55778	6	0.0	5	1.0	251
17/05/2025	12:08:00	40.53917	141.55762	10	0.0	5	1.0	246
17/05/2025	12:09:00	40.53922	141.55776	4	0.0	5	1.2	249
17/05/2025	12:10:00	40.53922	141.55780	16	0.0	5	1.2	196
17/05/2025	12:11:00	40.53920	141.55770	26	0.0	4	1.3	162
17/05/2025	12:11:59	40.53912	141.55790	2	3.7	4	2.2	196
17/05/2025	12:13:00	40.53907	141.55782	6	0.0	5	1.2	197
17/05/2025	12:14:01	40.53919	141.55775	0	0.0	4	2.2	210
17/05/2025	12:15:01	40.53919	141.55755	22	0.0	4	1.3	190
17/05/2025	12:16:01	40.53916	141.55788	2	0.0	5	1.0	218
17/05/2025	12:17:00	40.53928	141.55776	30	0.0	5	1.2	223
17/05/2025	12:18:00	40.53919	141.55769	0	0.0	4	2.1	192
17/05/2025	12:19:00	40.53922	141.55759	14	0.0	5	1.0	214
17/05/2025	12:20:00	40.53918	141.55766	4	0.0	5	1.2	218
17/05/2025	12:20:59	40.53926	141.55772	58	0.0	4	2.1	192
17/05/2025	12:22:00	40.53913	141.55771	6	0.0	5	1.2	196
17/05/2025	12:22:59	40.53914	141.55793	16	0.0	5	1.2	193
17/05/2025	12:24:01	40.53914	141.55773	-0	0.0	5	1.2	246
17/05/2025	12:24:59	40.53927	141.55774	-12	3.7	4	2.3	196
17/05/2025	12:26:01	40.53910	141.55771	4	0.0	5	1.2	217
17/05/2025	12:26:59	40.53936	141.55772	-32	0.0	3	2.0	190
17/05/2025	12:28:00	40.53923	141.55783	10	0.0	5	1.2	222
17/05/2025	12:28:59	40.53946	141.55737	70	7.4	3	2.2	194
17/05/2025	12:29:59	40.53947	141.55733	64	3.7	3	2.0	189
17/05/2025	12:31:00	40.53908	141.55780	4	0.0	5	1.1	223
17/05/2025	12:32:00	40.53915	141.55780	8	0.0	5	1.1	245
17/05/2025	12:32:59	40.53897	141.55767	-6	0.0	4	1.4	220
17/05/2025	12:34:00	40.53927	141.55772	16	0.0	5	1.1	226
17/05/2025	12:35:00	40.53915	141.55775	-10	0.0	5	1.1	221
17/05/2025	12:36:00	40.53914	141.55774	18	0.0	5	1.0	219
17/05/2025	12:36:59	40.53917	141.55767	18	0.0	4	1.4	219
17/05/2025	12:38:00	40.53910	141.55774	0	0.0	4	1.4	220
17/05/2025	12:38:59	40.53925	141.55770	-2	0.0	3	2.0	186
17/05/2025	12:39:59	40.53912	141.55752	-12	0.0	4	1.3	192
17/05/2025	12:41:00	40.53899	141.55791	-18	0.0	3	2.0	221
17/05/2025	12:42:01	40.53910	141.55784	2	0.0	4	1.2	219
17/05/2025	12:43:00	40.53915	141.55757	16	0.0	3	1.4	157
17/05/2025	12:44:01	40.53910	141.55768	10	0.0	4	1.2	188
17/05/2025	12:45:00	40.53916	141.55797	-16	0.0	4	1.3	221
17/05/2025	12:46:00	40.53911	141.55777	-2	0.0	3	1.4	218
17/05/2025	12:47:00	40.53911	141.55785	-12	0.0	4	1.3	222
17/05/2025	12:48:00	40.53942	141.55770	12	0.0	4	1.3	194
17/05/2025	12:49:00	40.53915	141.55785	6	0.0	4	1.3	222
17/05/2025	12:50:01	40.53915	141.55783	-4	0.0	3	1.3	216
17/05/2025	12:51:01	40.53915	141.55792	-22	0.0	4	1.3	241
17/05/2025	12:52:01	40.53928	141.55775	22	0.0	3	1.3	194
17/05/2025	12:53:01	40.53915	141.55759	22	0.0	3	1.3	219
17/05/2025	12:54:01	40.53922	141.55789	-0	0.0	4	1.2	215
17/05/2025	12:55:01	40.53914	141.55764	30	0.0	4	1.2	243
17/05/2025	12:56:00	40.53911	141.55777	10	0.0	4	1.2	242
17/05/2025	12:57:00	40.53915	141.55788	-16	0.0	4	1.3	219
17/05/2025	12:58:00	40.53908	141.55769	10	0.0	3	1.3	218
17/05/2025	12:59:00	40.53919	141.55763	24	0.0	3	1.3	219
17/05/2025	13:00:01	40.53918	141.55780	2	0.0	3	1.3	239
17/05/2025	13:01:01	40.53921	141.55777	6	0.0	3	1.3	235
17/05/2025	13:02:01	40.53917	141.55770	16	0.0	4	1.3	236
17/05/2025	13:03:01	40.53905	141.55764	18	0.0	3	3.1	235
17/05/2025	13:04:01	40.53901	141.55768	8	0.0	3	3.1	238
17/05/2025	13:05:00	40.53916	141.55762	22	0.0	4	1.3	220
17/05/2025	13:06:01	40.53906	141.55778	-12	0.0	3	3.0	218
17/05/2025	13:07:01	40.53913	141.55751	28	0.0	4	1.3	219
17/05/2025	13:08:00	40.53909	141.55778	-20	0.0	3	2.4	220
17/05/2025	13:09:01	40.53909	141.55768	10	0.0	4	1.3	217
17/05/2025	13:10:00	40.53926	141.55761	42	0.0	3	2.4	196
17/05/2025	13:11:00	40.53925	141.55788	18	0.0	3	2.3	222
17/05/2025	13:12:00	40.53914	141.55773	10	7.4	3	2.3	218
17/05/2025	13:13:01	40.53908	141.55770	2	0.0	3	2.3	219
17/05/2025	13:14:02	40.53915	141.55768	6	0.0	4	1.3	220
17/05/2025	13:15:01	40.53910	141.55776	12	0.0	4	1.3	219
17/05/2025	13:16:01	40.53912	141.55768	12	0.0	3	2.4	218
17/05/2025	13:17:01	40.53902	141.55761	14	0.0	3	2.2	217
17/05/2025	13:18:01	40.53926	141.55768	28	0.0	3	2.2	217
17/05/2025	13:19:01	40.53918	141.55774	6	0.0	3	2.1	193
17/05/2025	13:20:00	40.53914	141.55769	4	0.0	3	2.1	196
17/05/2025	13:21:00	40.53908	141.55773	-14	0.0	3	2.1	200
17/05/2025	13:22:00	40.53919	141.55773	8	0.0	3	2.1	198
17/05/2025	13:23:00	40.53915	141.55770	18	0.0	3	2.1	202
17/05/2025	13:24:00	40.53911	141.55774	-10	0.0	3	2.0	194
17/05/2025	13:25:01	40.53926	141.55779	8	0.0	3	2.0	242
17/05/2025	13:26:02	40.53912	141.55775	-2	0.0	3	2.0	243
17/05/2025	13:27:01	40.53913	141.55770	0	0.0	3	2.0	225
17/05/2025	13:28:01	40.53943	141.55732	-2	22.2	3	1.2	236
17/05/2025	13:29:01	40.53916	141.55760	36	0.0	3	2.0	164
17/05/2025	13:30:01	40.53931	141.55791	26	0.0	3	2.0	197
17/05/2025	13:31:01	40.53922	141.55776	-18	0.0	3	1.4	245
17/05/2025	13:32:01	40.53909	141.55780	56	0.0	2	5.0	187
17/05/2025	13:33:02	40.53918	141.55771	12	0.0	3	1.4	230
17/05/2025	13:34:01	40.53894	141.55788	62	0.0	2	5.0	186
17/05/2025	13:35:01	40.53908	141.55775	2	0.0	2	2.2	205
17/05/2025	13:36:01	40.53912	141.55777	-10	0.0	3	1.4	223
17/05/2025	13:37:01	40.53923	141.55771	38	0.0	3	1.4	224
17/05/2025	13:38:01	40.53911	141.55769	24	0.0	2	2.1	212
17/05/2025	13:39:01	40.53904	141.55766	14	0.0	2	2.1	204
17/05/2025	13:40:01	40.53901	141.55777	-10	0.0	3	1.4	185
17/05/2025	13:41:01	40.53900	141.55765	14	0.0	2	2.1	219
17/05/2025	13:42:02	40.53911	141.55768	30	0.0	3	1.4	210
17/05/2025	13:43:01	40.53903	141.55781	-72	0.0	2	4.0	217
17/05/2025	13:44:02	40.53915	141.55762	0	0.0	3	1.3	206
17/05/2025	13:45:01	40.53910	141.55771	6	0.0	3	1.3	214
17/05/2025	13:46:01	40.53923	141.55776	26	0.0	3	1.3	250
17/05/2025	13:47:00	40.53911	141.55767	-20	0.0	3	1.3	251
17/05/2025	13:48:01	40.53915	141.55772	6	0.0	3	1.3	275
17/05/2025	13:49:00	40.53913	141.55772	34	0.0	3	1.4	244
17/05/2025	13:50:00	40.53929	141.55785	44	0.0	3	1.3	224
17/05/2025	13:51:00	40.53909	141.55775	28	0.0	3	1.3	222
17/05/2025	13:52:00	40.53915	141.55780	44	0.0	3	1.3	247
17/05/2025	13:53:00	40.53911	141.55771	-32	0.0	3	1.3	253
17/05/2025	13:54:01	40.53919	141.55770	30	0.0	3	1.3	250
17/05/2025	13:55:00	40.53903	141.55782	92	0.0	3	1.3	251
17/05/2025	13:56:00	40.53938	141.55773	-8	0.0	3	1.4	227
17/05/2025	13:57:01	40.53914	141.55773	24	0.0	3	1.3	271
17/05/2025	13:58:01	40.53917	141.55771	16	0.0	3	1.3	267
17/05/2025	13:59:02	40.53912	141.55772	4	0.0	3	1.3	277
17/05/2025	14:00:01	40.53906	141.55766	16	0.0	3	2.0	274
17/05/2025	14:01:01	40.53911	141.55776	-0	0.0	3	2.0	244
17/05/2025	14:02:01	40.53920	141.55791	62	0.0	3	2.0	267
17/05/2025	14:03:01	40.53922	141.55786	82	0.0	3	2.0	259
17/05/2025	14:04:01	40.53914	141.55781	44	0.0	3	2.1	240
17/05/2025	14:05:01	40.53915	141.55767	8	0.0	3	2.1	224
17/05/2025	14:06:02	40.53920	141.55774	24	0.0	3	2.1	245
17/05/2025	14:07:01	40.53931	141.55761	4	0.0	3	2.1	237
17/05/2025	14:08:01	40.53888	141.55785	158	0.0	3	2.1	246
17/05/2025	14:09:02	40.53925	141.55778	38	0.0	3	2.2	270
17/05/2025	14:10:04	40.53918	141.55767	2	0.0	3	2.2	261
17/05/2025	14:11:01	40.53913	141.55789	88	0.0	3	2.2	247
17/05/2025	14:12:01	40.53911	141.55781	44	0.0	3	2.3	250
17/05/2025	14:13:01	40.53920	141.55778	12	7.4	3	2.3	221
17/05/2025	14:14:03	40.53919	141.55777	10	0.0	3	2.3	273
17/05/2025	14:15:03	40.53920	141.55766	-46	0.0	3	2.4	270
17/05/2025	14:16:03	40.53914	141.55756	-44	0.0	2	2.0	272
17/05/2025	14:17:07	40.53913	141.55776	70	0.0	3	3.0	259
17/05/2025	14:18:02	40.53919	141.55764	-32	0.0	3	3.0	281
17/05/2025	14:19:02	40.53921	141.55774	10	0.0	3	3.1	271
17/05/2025	14:20:02	40.53907	141.55784	54	0.0	3	3.1	276
17/05/2025	14:21:01	40.53928	141.55756	-40	0.0	3	3.2	246
17/05/2025	14:22:02	40.53905	141.55780	44	0.0	3	3.2	269
17/05/2025	14:23:04	40.53910	141.55779	46	0.0	2	2.0	274
17/05/2025	14:24:02	40.53909	141.55777	50	0.0	2	2.0	274
17/05/2025	14:25:03	40.53909	141.55777	50	0.0	2	2.0	240
17/05/2025	14:26:02	40.53908	141.55783	54	0.0	2	2.0	242
17/05/2025	14:27:02	40.53907	141.55779	52	0.0	2	2.0	244
17/05/2025	14:28:03	40.53925	141.55777	52	0.0	2	2.0	232
17/05/2025	14:29:01	40.53911	141.55788	52	0.0	2	2.0	214
17/05/2025	14:30:03	40.53901	141.55784	52	0.0	2	2.0	211
17/05/2025	14:31:01	40.53897	141.55789	52	0.0	2	2.0	217
17/05/2025	14:32:02	40.53911	141.55781	52	0.0	2	2.0	223
17/05/2025	14:33:03	40.53913	141.55777	52	0.0	2	2.0	233
17/05/2025	14:34:03	40.53912	141.55775	44	0.0	2	2.0	225
17/05/2025	14:35:03	40.53910	141.55783	44	0.0	2	2.0	226
17/05/2025	14:36:01	40.53916	141.55780	42	0.0	2	2.0	220
17/05/2025	14:37:01	40.53914	141.55775	44	0.0	2	2.0	225
17/05/2025	14:38:03	40.53909	141.55782	44	0.0	2	2.0	239
17/05/2025	14:39:01	40.53914	141.55783	44	0.0	2	2.0	223
17/05/2025	14:40:03	40.53908	141.55783	40	0.0	2	2.0	217
17/05/2025	14:41:03	40.53903	141.55785	40	0.0	2	2.0	222
17/05/2025	14:42:03	40.53914	141.55776	42	0.0	2	2.0	235
17/05/2025	14:43:01	40.53917	141.55775	42	0.0	2	2.0	220
17/05/2025	14:44:03	40.53910	141.55782	44	0.0	2	2.0	222
17/05/2025	14:45:03	40.53914	141.55776	40	0.0	2	2.0	220
17/05/2025	14:46:03	40.53902	141.55788	46	0.0	2	2.0	224
17/05/2025	14:47:03	40.53895	141.55790	50	0.0	2	2.0	225
17/05/2025	14:48:03	40.53902	141.55791	50	0.0	2	2.0	218
17/05/2025	14:49:03	40.53908	141.55787	54	0.0	2	2.0	220
17/05/2025	14:50:04	40.53910	141.55785	54	0.0	2	2.0	218
17/05/2025	14:51:04	40.53908	141.55789	48	0.0	2	2.0	225
17/05/2025	14:52:04	40.53909	141.55786	52	0.0	2	2.0	223
17/05/2025	14:53:01	40.53896	141.55793	54	0.0	2	2.0	220
17/05/2025	14:54:04	40.53900	141.55791	58	0.0	2	2.0	241
17/05/2025	14:55:04	40.53902	141.55789	56	0.0	2	2.1	241
17/05/2025	14:56:04	40.53906	141.55785	52	0.0	2	2.1	241
17/05/2025	14:57:01	40.53893	141.55785	52	0.0	2	2.1	219
17/05/2025	14:58:16	40.53917	141.55773	6	0.0	7	1.0	242
17/05/2025	14:59:00	40.53914	141.55773	12	0.0	4	2.1	225
17/05/2025	15:00:00	40.53909	141.55776	32	0.0	4	2.1	224
17/05/2025	15:01:00	40.53921	141.55790	-78	0.0	3	2.3	224
17/05/2025	15:02:01	40.53924	141.55787	-96	0.0	3	2.3	220
17/05/2025	15:03:00	40.53928	141.55755	58	0.0	3	2.2	168
17/05/2025	15:04:00	40.53915	141.55796	-26	0.0	3	2.3	139
17/05/2025	15:05:00	40.53913	141.55769	126	0.0	3	2.1	216
17/05/2025	15:06:00	40.53918	141.55778	0	7.4	3	2.2	214
17/05/2025	15:07:00	40.53924	141.55778	-10	0.0	4	2.1	219
17/05/2025	15:08:00	40.53930	141.55749	16	0.0	3	2.2	165
17/05/2025	15:09:00	40.53924	141.55771	74	0.0	5	1.2	199
17/05/2025	15:10:00	40.53903	141.55756	30	7.4	4	2.1	164
17/05/2025	15:11:00	40.53922	141.55779	-62	0.0	4	2.1	194
17/05/2025	15:12:00	40.53912	141.55766	30	3.7	4	2.1	196
17/05/2025	15:13:00	40.53929	141.55767	6	0.0	4	2.1	164
17/05/2025	15:14:00	40.53929	141.55758	26	3.7	4	2.1	194
17/05/2025	15:15:01	40.53926	141.55771	10	0.0	5	1.3	198
17/05/2025	15:16:01	40.53918	141.55773	10	0.0	5	1.2	193
17/05/2025	15:17:00	40.53916	141.55775	18	0.0	4	2.0	163
17/05/2025	15:18:00	40.53925	141.55783	-32	0.0	4	2.0	193
17/05/2025	15:19:00	40.53926	141.55778	-40	0.0	4	2.0	191
17/05/2025	15:20:00	40.53923	141.55765	2	0.0	4	1.3	157
17/05/2025	15:21:00	40.53918	141.55791	32	0.0	3	2.0	192
17/05/2025	15:22:01	40.53927	141.55768	12	0.0	5	1.2	195
17/05/2025	15:23:00	40.53910	141.55761	12	0.0	4	2.0	193
17/05/2025	15:24:00	40.53935	141.55770	16	0.0	4	2.0	192
17/05/2025	15:25:00	40.53919	141.55783	4	0.0	4	2.0	192
17/05/2025	15:26:00	40.53916	141.55785	-4	0.0	4	1.4	195
17/05/2025	15:27:00	40.53907	141.55796	-10	0.0	4	1.4	193
17/05/2025	15:28:00	40.53928	141.55768	-44	0.0	4	1.4	191
17/05/2025	15:29:01	40.53921	141.55773	-2	0.0	4	1.3	188
17/05/2025	15:30:00	40.53906	141.55769	74	0.0	3	2.1	186
17/05/2025	15:31:01	40.53916	141.55763	32	0.0	4	1.4	246
17/05/2025	15:32:01	40.53915	141.55780	34	0.0	3	2.1	137
17/05/2025	15:33:01	40.53918	141.55763	32	3.7	4	1.3	244
17/05/2025	15:34:01	40.53921	141.55770	18	0.0	4	1.3	237
17/05/2025	15:35:00	40.53909	141.55773	6	0.0	4	1.3	190
17/05/2025	15:36:00	40.53914	141.55756	22	0.0	4	1.3	168
17/05/2025	15:37:00	40.53927	141.55779	-14	0.0	4	1.3	195
17/05/2025	15:38:00	40.53918	141.55779	-10	0.0	4	1.3	219
17/05/2025	15:39:00	40.53914	141.55772	-8	0.0	4	1.3	249
17/05/2025	15:40:00	40.53921	141.55778	-16	0.0	4	1.4	248
17/05/2025	15:41:01	40.53928	141.55771	-22	0.0	4	1.3	245
17/05/2025	15:42:00	40.53930	141.55780	-12	0.0	4	1.3	169
17/05/2025	15:43:00	40.53927	141.55776	-16	0.0	4	1.3	223
17/05/2025	15:44:00	40.53923	141.55771	18	0.0	4	1.3	222
17/05/2025	15:45:00	40.53918	141.55773	-8	0.0	4	1.3	219
17/05/2025	15:46:00	40.53928	141.55768	24	0.0	4	1.3	221
17/05/2025	15:47:00	40.53918	141.55767	18	0.0	4	1.3	199
17/05/2025	15:48:00	40.53938	141.55780	2	0.0	4	1.3	225
17/05/2025	15:49:01	40.53929	141.55771	-10	0.0	4	1.3	215
17/05/2025	15:50:00	40.53930	141.55787	-8	0.0	4	1.3	225
17/05/2025	15:51:00	40.53916	141.55757	2	3.7	4	1.3	255
17/05/2025	15:52:00	40.53929	141.55771	18	0.0	4	1.3	256
17/05/2025	15:53:00	40.53919	141.55794	-6	0.0	4	1.3	231
17/05/2025	15:54:00	40.53924	141.55771	-2	0.0	4	1.3	227
17/05/2025	15:55:00	40.53932	141.55775	-20	0.0	4	1.3	230
17/05/2025	15:56:00	40.53911	141.55767	20	0.0	4	1.3	221
17/05/2025	15:57:01	40.53918	141.55774	-2	0.0	4	1.3	250
17/05/2025	15:58:00	40.53918	141.55765	6	0.0	4	1.3	227
17/05/2025	15:59:00	40.53931	141.55773	-10	0.0	4	1.3	256
17/05/2025	16:00:01	40.53936	141.55762	-6	0.0	4	1.4	252
17/05/2025	16:01:02	40.53913	141.55774	18	0.0	4	1.4	240
17/05/2025	16:02:00	40.53914	141.55770	8	0.0	4	1.4	253
17/05/2025	16:03:00	40.53921	141.55767	12	0.0	4	1.4	252
17/05/2025	16:04:00	40.53915	141.55771	26	0.0	4	1.4	250
17/05/2025	16:05:00	40.53923	141.55770	4	0.0	4	1.4	256
17/05/2025	16:06:00	40.53940	141.55752	-10	0.0	3	2.0	189
17/05/2025	16:07:01	40.53918	141.55782	4	0.0	4	1.4	250
17/05/2025	16:08:00	40.53921	141.55765	24	0.0	4	1.4	225
17/05/2025	16:09:00	40.53906	141.55780	42	0.0	4	1.4	248
17/05/2025	16:10:01	40.53924	141.55771	2	0.0	4	1.4	251
17/05/2025	16:11:00	40.53922	141.55768	-2	0.0	4	1.4	251
17/05/2025	16:12:00	40.53929	141.55764	-0	0.0	4	1.4	168
17/05/2025	16:13:00	40.53912	141.55768	30	0.0	4	1.4	264
17/05/2025	16:14:00	40.53915	141.55780	10	0.0	4	1.4	232
17/05/2025	16:15:00	40.53918	141.55777	20	0.0	4	1.4	232
17/05/2025	16:16:00	40.53917	141.55776	-8	0.0	4	1.4	236
17/05/2025	16:17:00	40.53919	141.55783	6	0.0	4	1.4	264
17/05/2025	16:18:00	40.53923	141.55778	8	0.0	4	1.4	254
17/05/2025	16:19:00	40.53914	141.55777	8	0.0	4	1.4	257
17/05/2025	16:20:01	40.53946	141.55736	-4	0.0	4	1.4	280
17/05/2025	16:21:00	40.53931	141.55767	8	0.0	4	1.4	250
17/05/2025	16:22:00	40.53913	141.55772	-0	0.0	4	1.4	203
17/05/2025	16:23:00	40.53924	141.55781	0	0.0	4	1.4	250
17/05/2025	16:24:00	40.53916	141.55769	-6	0.0	4	1.4	229
17/05/2025	16:25:00	40.53935	141.55766	-2	0.0	4	2.0	201
17/05/2025	16:26:00	40.53907	141.55781	28	3.7	4	2.0	285
17/05/2025	16:27:00	40.53924	141.55760	8	0.0	3	2.3	283
17/05/2025	16:28:00	40.53923	141.55763	28	0.0	3	2.3	222
17/05/2025	16:29:01	40.53924	141.55764	10	0.0	3	2.2	274
17/05/2025	16:30:02	40.53929	141.55774	8	0.0	3	2.1	235
17/05/2025	16:31:00	40.53919	141.55781	8	3.7	3	2.2	164
17/05/2025	16:32:02	40.53925	141.55762	14	0.0	4	2.0	283
17/05/2025	16:33:00	40.53921	141.55768	30	0.0	3	2.2	247
17/05/2025	16:34:00	40.53925	141.55769	-4	0.0	3	2.2	272
17/05/2025	16:35:01	40.53924	141.55759	2	0.0	3	2.2	260
17/05/2025	16:36:00	40.53915	141.55766	10	0.0	3	2.2	226
17/05/2025	16:37:00	40.53922	141.55768	4	0.0	3	2.2	241
17/05/2025	16:38:01	40.53923	141.55759	2	0.0	3	2.2	273
17/05/2025	16:39:01	40.53918	141.55755	30	0.0	3	2.2	200
17/05/2025	16:40:01	40.53930	141.55765	2	0.0	3	2.2	254
17/05/2025	16:41:01	40.53919	141.55770	10	0.0	3	2.2	275
17/05/2025	16:42:01	40.53925	141.55761	12	0.0	3	2.2	225
17/05/2025	16:43:03	40.53918	141.55766	30	0.0	3	2.2	244
17/05/2025	16:44:02	40.53923	141.55770	30	0.0	2	2.3	266
17/05/2025	16:45:02	40.53935	141.55756	30	0.0	2	2.3	249
17/05/2025	16:46:01	40.53919	141.55762	28	0.0	2	2.3	251
17/05/2025	16:47:06	40.53925	141.55759	22	0.0	3	2.2	242
17/05/2025	16:48:02	40.53924	141.55758	22	0.0	2	2.3	223
17/05/2025	16:49:03	40.53915	141.55776	22	0.0	2	2.3	190
17/05/2025	16:50:02	40.53919	141.55777	24	0.0	2	2.3	227
17/05/2025	16:51:02	40.53922	141.55766	22	0.0	2	2.3	226
17/05/2025	16:52:02	40.53920	141.55773	20	0.0	2	2.3	224
17/05/2025	16:53:02	40.53921	141.55773	22	0.0	2	2.3	225
17/05/2025	16:54:03	40.53920	141.55764	24	0.0	2	2.3	228
17/05/2025	16:55:16	40.53920	141.55771	12	0.0	6	1.0	216
17/05/2025	16:56:00	40.53922	141.55792	-2	0.0	4	1.1	218
17/05/2025	16:57:00	40.53917	141.55778	0	0.0	5	1.2	223
17/05/2025	16:58:00	40.53908	141.55764	-46	0.0	3	1.4	194
17/05/2025	16:59:00	40.53919	141.55769	12	0.0	5	1.1	223
17/05/2025	17:00:00	40.53918	141.55761	38	0.0	5	1.1	227
17/05/2025	17:01:00	40.53931	141.55773	32	0.0	5	1.1	194
17/05/2025	17:02:00	40.53915	141.55770	26	0.0	5	1.1	193
17/05/2025	17:03:00	40.53913	141.55770	40	0.0	5	1.1	217
17/05/2025	17:04:00	40.53915	141.55770	28	0.0	4	1.2	187
17/05/2025	17:05:00	40.53915	141.55777	32	0.0	5	1.1	189
17/05/2025	17:06:00	40.53947	141.55754	24	0.0	3	1.4	160
17/05/2025	17:07:01	40.53917	141.55768	14	0.0	5	1.1	222
17/05/2025	17:08:00	40.53923	141.55777	38	0.0	5	1.1	196
17/05/2025	17:09:00	40.53936	141.55796	-30	0.0	4	1.4	181
17/05/2025	17:10:00	40.53920	141.55765	26	0.0	4	1.3	220
17/05/2025	17:11:00	40.53922	141.55768	4	0.0	5	1.2	221
17/05/2025	17:12:00	40.53908	141.55767	20	0.0	5	1.1	215
17/05/2025	17:13:01	40.53922	141.55774	-2	0.0	6	1.0	218
17/05/2025	17:14:00	40.53906	141.55781	-24	0.0	4	1.3	214
17/05/2025	17:15:00	40.53924	141.55762	62	0.0	5	1.2	218
17/05/2025	17:16:00	40.53922	141.55786	-20	0.0	5	1.1	219
17/05/2025	17:17:00	40.53924	141.55775	6	0.0	5	1.2	226
17/05/2025	17:18:00	40.53927	141.55775	2	0.0	4	1.2	220
17/05/2025	17:19:00	40.53923	141.55764	38	0.0	5	1.2	223
17/05/2025	17:20:00	40.53948	141.55754	0	0.0	4	2.0	184
17/05/2025	17:21:00	40.53926	141.55773	10	0.0	5	1.2	216
17/05/2025	17:22:00	40.53925	141.55780	14	0.0	5	1.1	218
17/05/2025	17:23:00	40.53930	141.55825	-78	0.0	4	2.3	219
17/05/2025	17:24:00	40.53927	141.55757	18	0.0	5	1.2	223
17/05/2025	17:25:00	40.53926	141.55771	-6	0.0	4	1.2	219
17/05/2025	17:26:00	40.53924	141.55753	40	0.0	5	1.1	218
17/05/2025	17:27:00	40.53941	141.55773	16	0.0	6	1.1	222
17/05/2025	17:28:00	40.53918	141.55770	18	0.0	6	1.1	219
17/05/2025	17:29:00	40.53917	141.55767	28	0.0	6	1.1	220
17/05/2025	17:30:00	40.53929	141.55773	8	0.0	4	1.1	215
17/05/2025	17:31:00	40.53917	141.55775	18	0.0	5	1.1	223
17/05/2025	17:32:00	40.53916	141.55777	0	0.0	5	1.1	222
17/05/2025	17:33:01	40.53924	141.55777	8	0.0	6	1.0	223
17/05/2025	17:34:00	40.53924	141.55773	20	0.0	5	1.1	221
17/05/2025	17:35:00	40.53923	141.55773	18	0.0	5	1.2	247
17/05/2025	17:36:00	40.53912	141.55765	40	0.0	5	1.2	225
17/05/2025	17:37:00	40.53910	141.55754	32	0.0	5	1.2	252
17/05/2025	17:38:00	40.53921	141.55786	-4	0.0	5	1.2	247
17/05/2025	17:39:00	40.53912	141.55764	24	0.0	4	2.2	220
17/05/2025	17:40:00	40.53915	141.55775	10	0.0	6	1.1	245
17/05/2025	17:41:00	40.53912	141.55776	20	0.0	6	1.1	250
17/05/2025	17:42:00	40.53920	141.55771	18	0.0	6	1.1	252
17/05/2025	17:43:00	40.53925	141.55776	42	0.0	5	2.1	249
17/05/2025	17:44:00	40.53928	141.55747	-34	0.0	4	1.3	246
17/05/2025	17:45:00	40.53933	141.55760	0	0.0	6	1.1	258
17/05/2025	17:46:00	40.53924	141.55780	10	0.0	5	1.2	220
17/05/2025	17:47:00	40.53918	141.55766	28	0.0	4	1.4	189
17/05/2025	17:48:00	40.53916	141.55785	0	0.0	6	1.1	275
17/05/2025	17:49:00	40.53918	141.55761	22	0.0	4	1.3	248
17/05/2025	17:50:00	40.53892	141.55764	8	0.0	4	2.4	188
17/05/2025	17:51:00	40.53933	141.55776	12	0.0	4	1.4	244
17/05/2025	17:52:00	40.53918	141.55780	30	0.0	5	1.2	275
17/05/2025	17:53:00	40.53905	141.55773	38	0.0	3	1.3	212
17/05/2025	17:54:00	40.53899	141.55756	90	0.0	4	2.2	249
17/05/2025	17:55:00	40.53919	141.55776	32	0.0	4	2.2	246
17/05/2025	17:56:01	40.53916	141.55777	34	0.0	5	1.2	245
17/05/2025	17:57:00	40.53923	141.55781	-38	0.0	4	2.2	274
17/05/2025	17:58:00	40.53905	141.55780	24	3.7	3	2.2	185
17/05/2025	17:59:00	40.53906	141.55777	56	0.0	4	2.2	270
17/05/2025	18:00:00	40.53928	141.55772	-38	0.0	4	2.2	262
17/05/2025	18:01:00	40.53929	141.55779	20	0.0	4	2.2	243
17/05/2025	18:02:01	40.53917	141.55773	16	0.0	5	1.2	239
17/05/2025	18:03:02	40.53930	141.55768	10	0.0	5	3.4	269
17/05/2025	18:04:01	40.53927	141.55781	-6	0.0	4	2.2	239
17/05/2025	18:05:01	40.53919	141.55772	2	0.0	4	2.2	266
17/05/2025	18:06:01	40.53905	141.55781	30	0.0	4	2.2	261
17/05/2025	18:07:00	40.53917	141.55777	10	0.0	4	2.2	217
17/05/2025	18:08:00	40.53902	141.55787	26	3.7	3	2.2	182
17/05/2025	18:09:01	40.53911	141.55781	26	0.0	4	2.2	246
17/05/2025	18:10:00	40.53913	141.55785	58	0.0	4	2.2	225
17/05/2025	18:11:01	40.53914	141.55778	14	0.0	4	2.2	259
17/05/2025	18:12:00	40.53921	141.55772	6	0.0	4	2.2	221
17/05/2025	18:13:00	40.53924	141.55771	2	0.0	4	2.1	246
17/05/2025	18:14:00	40.53932	141.55761	-2	0.0	4	2.1	153
17/05/2025	18:15:00	40.53916	141.55772	16	3.7	4	2.1	189
17/05/2025	18:16:00	40.53921	141.55775	26	0.0	4	2.1	264
17/05/2025	18:17:00	40.53918	141.55778	12	0.0	4	2.1	240
17/05/2025	18:18:00	40.53913	141.55771	40	0.0	4	2.1	245
17/05/2025	18:19:00	40.53921	141.55770	2	0.0	4	2.1	241
17/05/2025	18:19:59	40.53921	141.55777	6	0.0	3	2.1	219
17/05/2025	18:21:00	40.53914	141.55782	0	0.0	4	2.1	219
17/05/2025	18:22:00	40.53916	141.55774	14	0.0	4	2.1	243
17/05/2025	18:23:00	40.53914	141.55771	22	0.0	4	2.1	219
17/05/2025	18:24:00	40.53918	141.55782	36	0.0	4	2.1	238
17/05/2025	18:25:00	40.53926	141.55761	0	0.0	4	2.0	238
17/05/2025	18:26:00	40.53921	141.55772	6	0.0	4	2.0	216
17/05/2025	18:27:00	40.53926	141.55768	12	0.0	4	2.0	219
17/05/2025	18:28:00	40.53911	141.55775	14	0.0	4	2.0	216
17/05/2025	18:28:59	40.53908	141.55804	4	0.0	3	2.0	220
17/05/2025	18:30:00	40.53910	141.55774	30	0.0	4	2.0	216
17/05/2025	18:31:00	40.53906	141.55778	24	0.0	4	2.0	189
17/05/2025	18:32:00	40.53918	141.55775	14	0.0	4	2.0	215
17/05/2025	18:33:00	40.53917	141.55780	10	0.0	4	2.0	215
17/05/2025	18:34:01	40.53915	141.55776	20	0.0	4	2.0	238
17/05/2025	18:35:00	40.53912	141.55794	42	0.0	4	2.0	213
17/05/2025	18:36:01	40.53917	141.55777	24	0.0	4	2.0	217
17/05/2025	18:37:01	40.53921	141.55777	20	0.0	4	2.0	243
17/05/2025	18:38:00	40.53919	141.55783	18	0.0	4	2.0	241
17/05/2025	18:39:00	40.53907	141.55789	38	0.0	4	2.0	245
17/05/2025	18:40:01	40.53920	141.55785	36	0.0	4	2.0	253
17/05/2025	18:41:00	40.53911	141.55779	16	0.0	4	2.0	271
17/05/2025	18:42:00	40.53917	141.55782	12	0.0	4	1.4	274
17/05/2025	18:43:00	40.53918	141.55773	20	0.0	4	1.4	249
17/05/2025	18:44:01	40.53917	141.55779	4	0.0	4	1.4	263
17/05/2025	18:45:01	40.53919	141.55787	24	0.0	4	1.4	292
17/05/2025	18:46:01	40.53939	141.55782	50	0.0	3	4.1	228
17/05/2025	18:47:02	40.53919	141.55787	22	0.0	4	1.4	239
17/05/2025	18:48:02	40.53913	141.55781	12	0.0	4	1.4	249
17/05/2025	18:49:02	40.53928	141.55784	44	0.0	3	4.1	242
17/05/2025	18:50:01	40.53921	141.55790	38	0.0	3	4.1	224
17/05/2025	18:51:01	40.53910	141.55783	-10	0.0	3	4.2	267
17/05/2025	18:52:02	40.53929	141.55794	48	0.0	3	4.2	277
17/05/2025	18:53:01	40.53937	141.55784	48	0.0	3	4.2	260
17/05/2025	18:54:02	40.53916	141.55782	10	0.0	3	4.2	259
17/05/2025	18:55:02	40.53923	141.55786	28	0.0	3	4.2	271
17/05/2025	18:56:02	40.53922	141.55779	26	0.0	3	4.3	219
17/05/2025	18:57:02	40.53925	141.55785	38	0.0	3	4.3	261
17/05/2025	18:58:02	40.53948	141.55799	90	0.0	3	4.3	281
17/05/2025	18:59:03	40.53929	141.55797	48	0.0	3	4.4	270
17/05/2025	19:00:02	40.53908	141.55776	0	0.0	3	4.4	279
17/05/2025	19:01:02	40.53912	141.55783	18	0.0	3	4.4	283
17/05/2025	19:02:02	40.53918	141.55785	30	0.0	3	5.0	279
17/05/2025	19:03:02	40.53928	141.55797	56	0.0	3	5.0	267
17/05/2025	19:04:02	40.53919	141.55790	30	0.0	3	5.1	279
17/05/2025	19:05:02	40.53928	141.55798	54	0.0	3	5.1	271
17/05/2025	19:06:02	40.53919	141.55801	50	0.0	3	5.2	274
17/05/2025	19:07:02	40.53914	141.55783	12	0.0	3	5.2	283
17/05/2025	19:08:02	40.53920	141.55787	22	0.0	3	5.3	286
17/05/2025	19:09:03	40.53890	141.55746	-34	0.0	3	5.3	226
17/05/2025	19:10:02	40.53924	141.55791	24	0.0	3	5.4	251
17/05/2025	19:11:02	40.53929	141.55807	64	0.0	3	6.0	277
17/05/2025	19:12:02	40.53931	141.55807	68	0.0	3	6.0	270
17/05/2025	19:13:02	40.53922	141.55798	42	0.0	3	6.1	273
17/05/2025	19:14:02	40.53918	141.55780	20	0.0	3	6.2	274
17/05/2025	19:15:02	40.53931	141.55804	50	0.0	3	6.3	255
17/05/2025	19:16:02	40.53931	141.55818	74	0.0	3	6.3	271
17/05/2025	19:17:02	40.53925	141.55797	46	0.0	3	6.4	270
17/05/2025	19:18:02	40.53931	141.55818	62	0.0	3	7.0	240
17/05/2025	19:19:02	40.53908	141.55763	-10	0.0	3	7.1	271
17/05/2025	19:20:03	40.53920	141.55806	50	0.0	3	7.2	270
17/05/2025	19:21:02	40.53932	141.55853	90	0.0	3	7.3	261
17/05/2025	19:22:03	40.53929	141.55804	50	0.0	3	7.4	266
17/05/2025	19:23:03	40.53925	141.55806	30	0.0	3	8.0	264
17/05/2025	19:24:03	40.53919	141.55790	46	0.0	3	8.1	270
17/05/2025	19:25:04	40.53922	141.55802	42	0.0	3	8.3	268
17/05/2025	19:26:04	40.53914	141.55770	6	0.0	3	8.4	263
17/05/2025	19:27:17	40.53915	141.55771	22	0.0	4	2.2	261
17/05/2025	19:28:01	40.53950	141.55781	-36	0.0	3	2.4	266
17/05/2025	19:29:01	40.53901	141.55773	40	0.0	4	2.2	243
17/05/2025	19:30:00	40.53925	141.55777	28	0.0	4	2.2	258
17/05/2025	19:31:00	40.53904	141.55764	44	0.0	4	2.1	222
17/05/2025	19:32:01	40.53917	141.55770	10	0.0	4	2.1	270
17/05/2025	19:33:01	40.53922	141.55772	14	0.0	4	2.1	270
17/05/2025	19:34:00	40.53877	141.55742	108	3.7	3	2.4	251
17/05/2025	19:35:01	40.53936	141.55786	-28	0.0	4	2.1	238
17/05/2025	19:36:01	40.53915	141.55766	10	0.0	4	2.1	250
17/05/2025	19:37:01	40.53896	141.55755	34	0.0	4	2.1	270
17/05/2025	19:38:01	40.53922	141.55776	-14	0.0	4	2.1	244
17/05/2025	19:39:02	40.53907	141.55764	2	0.0	3	3.2	255
17/05/2025	19:40:01	40.53920	141.55765	10	0.0	4	2.1	242
17/05/2025	19:41:01	40.53919	141.55777	26	0.0	4	2.1	242
17/05/2025	19:42:01	40.53917	141.55774	14	0.0	4	2.1	252
17/05/2025	19:43:01	40.53930	141.55778	-18	0.0	4	2.1	243
17/05/2025	19:44:01	40.53921	141.55769	-8	0.0	4	2.1	244
17/05/2025	19:45:01	40.53924	141.55776	-10	0.0	4	2.0	244
17/05/2025	19:46:01	40.53917	141.55774	2	0.0	3	2.1	249
17/05/2025	19:47:01	40.53923	141.55774	-14	0.0	3	2.1	245
17/05/2025	19:48:01	40.53915	141.55770	24	0.0	3	2.1	212
17/05/2025	19:49:01	40.53906	141.55759	24	0.0	3	2.1	246
17/05/2025	19:50:01	40.53913	141.55771	14	0.0	3	2.1	246
17/05/2025	19:51:01	40.53914	141.55762	58	0.0	4	2.0	243
17/05/2025	19:52:01	40.53908	141.55769	32	0.0	3	2.1	244
17/05/2025	19:53:01	40.53916	141.55764	10	0.0	3	2.2	239
17/05/2025	19:54:00	40.53904	141.55777	48	0.0	3	2.4	221
17/05/2025	19:55:00	40.53934	141.55800	-48	0.0	3	2.3	244
17/05/2025	19:56:01	40.53908	141.55766	64	0.0	3	2.3	245
17/05/2025	19:57:01	40.53923	141.55764	4	0.0	3	2.1	209
17/05/2025	19:58:01	40.53922	141.55775	-46	0.0	3	2.3	221
17/05/2025	19:59:01	40.53921	141.55765	-24	0.0	3	2.3	218
17/05/2025	20:00:02	40.53893	141.55753	166	0.0	3	2.3	246
17/05/2025	20:01:01	40.53915	141.55762	-16	0.0	3	2.2	249
17/05/2025	20:02:02	40.53927	141.55769	-16	0.0	3	2.1	251
17/05/2025	20:03:00	40.53905	141.55787	-16	0.0	3	2.2	219
17/05/2025	20:04:02	40.53931	141.55759	20	0.0	3	2.2	270
17/05/2025	20:05:02	40.53923	141.55770	-6	0.0	3	2.1	246
17/05/2025	20:06:01	40.53929	141.55763	12	0.0	3	2.2	252
17/05/2025	20:07:01	40.53898	141.55765	104	0.0	3	2.2	247
17/05/2025	20:08:01	40.53895	141.55782	96	0.0	3	2.2	220
17/05/2025	20:09:01	40.53920	141.55770	12	3.7	3	2.2	194
17/05/2025	20:10:01	40.53924	141.55751	14	0.0	3	2.2	196
17/05/2025	20:11:01	40.53899	141.55773	116	0.0	3	2.2	245
17/05/2025	20:12:02	40.53927	141.55773	-0	0.0	3	2.1	274
17/05/2025	20:13:01	40.53923	141.55774	20	0.0	3	2.1	270
17/05/2025	20:14:00	40.53940	141.55805	-56	0.0	3	2.3	249
17/05/2025	20:15:00	40.53916	141.55779	28	3.7	3	2.2	274
17/05/2025	20:16:00	40.53897	141.55793	52	3.7	3	2.2	245
17/05/2025	20:17:01	40.53924	141.55785	-10	0.0	3	2.2	274
17/05/2025	20:18:01	40.53908	141.55776	34	0.0	3	2.3	218
17/05/2025	20:19:01	40.53918	141.55773	8	0.0	3	2.2	213
17/05/2025	20:20:02	40.53918	141.55769	-26	0.0	3	2.3	268
17/05/2025	20:21:01	40.53915	141.55774	14	0.0	3	2.3	275
17/05/2025	20:22:01	40.53934	141.55774	-16	0.0	3	2.3	245
17/05/2025	20:23:03	40.53927	141.55784	4	0.0	2	3.0	243
17/05/2025	20:24:01	40.53930	141.55772	-88	0.0	3	2.4	274
17/05/2025	20:25:01	40.53891	141.55776	164	0.0	3	2.4	253
17/05/2025	20:26:01	40.53918	141.55770	34	0.0	3	2.4	246
17/05/2025	20:27:01	40.53912	141.55784	14	0.0	3	2.4	274
17/05/2025	20:28:02	40.53900	141.55788	68	0.0	3	2.3	278
17/05/2025	20:29:03	40.53921	141.55774	-6	0.0	3	2.4	301
17/05/2025	20:30:02	40.53916	141.55777	38	0.0	3	3.0	313
17/05/2025	20:31:03	40.53915	141.55773	30	0.0	3	2.4	269
17/05/2025	20:32:02	40.53912	141.55774	20	0.0	3	2.4	278
17/05/2025	20:33:03	40.53917	141.55774	8	0.0	3	3.0	303
17/05/2025	20:34:02	40.53923	141.55767	6	0.0	3	3.1	280
17/05/2025	20:35:02	40.53921	141.55768	-4	0.0	3	3.0	296
17/05/2025	20:36:02	40.53925	141.55761	-10	0.0	3	3.1	305
17/05/2025	20:37:03	40.53924	141.55768	8	0.0	3	3.1	306
17/05/2025	20:38:02	40.53921	141.55767	4	0.0	2	3.4	275
17/05/2025	20:39:02	40.53950	141.55749	-90	0.0	3	3.2	267
17/05/2025	20:40:03	40.53920	141.55770	12	0.0	3	3.2	305
17/05/2025	20:41:03	40.53920	141.55778	18	0.0	3	3.2	275
17/05/2025	20:42:02	40.53910	141.55779	42	0.0	3	3.4	277
17/05/2025	20:43:02	40.53903	141.55790	76	0.0	3	3.3	282
17/05/2025	20:44:03	40.53908	141.55780	44	0.0	3	3.4	277
17/05/2025	20:45:03	40.53902	141.55794	50	55.6	2	6.4	246
17/05/2025	20:46:03	40.53921	141.55778	94	0.0	2	4.2	275
17/05/2025	20:47:03	40.53932	141.55769	-20	0.0	3	4.0	248
17/05/2025	20:48:03	40.53918	141.55775	8	0.0	3	4.1	280
17/05/2025	20:49:02	40.53913	141.55776	22	0.0	3	4.2	281
17/05/2025	20:50:03	40.53924	141.55769	-4	0.0	3	4.2	280
17/05/2025	20:51:02	40.53913	141.55778	20	0.0	3	4.3	277
17/05/2025	20:52:03	40.53915	141.55777	16	0.0	3	4.3	283
17/05/2025	20:53:02	40.53916	141.55771	-0	0.0	3	4.4	219
17/05/2025	20:54:02	40.53929	141.55777	-14	0.0	3	4.4	288
17/05/2025	20:55:02	40.53918	141.55783	22	0.0	3	5.0	283
17/05/2025	20:56:02	40.53940	141.55767	-32	0.0	3	5.0	279
17/05/2025	20:57:02	40.53914	141.55772	14	0.0	3	5.1	281
17/05/2025	20:58:02	40.53935	141.55773	-26	0.0	3	5.1	279
17/05/2025	20:59:03	40.53913	141.55783	14	0.0	3	5.1	282
17/05/2025	21:00:03	40.53947	141.55754	-68	0.0	3	9.3	279
17/05/2025	21:01:03	40.53952	141.55749	-74	0.0	3	9.4	278
17/05/2025	21:02:03	40.53978	141.55724	-160	0.0	3	10.1	283
17/05/2025	21:03:03	40.53939	141.55764	-42	0.0	3	10.2	283
17/05/2025	21:04:03	40.53934	141.55753	-42	0.0	3	10.3	276
17/05/2025	21:05:02	40.53954	141.55753	-86	0.0	3	10.4	282
17/05/2025	21:06:02	40.53948	141.55736	-88	0.0	3	11.1	275
17/05/2025	21:07:05	40.53989	141.55717	-164	0.0	3	11.2	272
17/05/2025	21:08:05	40.53957	141.55739	-94	0.0	3	11.4	275
17/05/2025	21:09:04	40.53976	141.55739	-120	0.0	3	12.1	273
17/05/2025	21:10:04	40.53957	141.55744	-86	0.0	3	12.3	275
17/05/2025	21:11:03	40.53939	141.55771	-40	0.0	3	13.0	277
17/05/2025	21:12:03	40.53910	141.55780	10	0.0	3	13.2	278
17/05/2025	21:13:03	40.53998	141.55727	-186	0.0	3	14.0	273
17/05/2025	21:14:03	40.53992	141.55714	-188	0.0	2	5.0	217
17/05/2025	21:15:17	40.53921	141.55775	0	0.0	7	1.1	276
17/05/2025	21:16:01	40.53924	141.55771	4	0.0	4	1.2	211
17/05/2025	21:17:01	40.53921	141.55778	0	0.0	5	1.2	244
17/05/2025	21:18:01	40.53924	141.55766	12	0.0	7	0.4	244
17/05/2025	21:19:01	40.53919	141.55771	-0	0.0	6	1.0	261
17/05/2025	21:20:01	40.53923	141.55777	10	0.0	6	1.0	264
17/05/2025	21:21:01	40.53916	141.55777	-0	0.0	6	1.0	241
17/05/2025	21:22:01	40.53925	141.55774	12	0.0	6	1.0	235
17/05/2025	21:23:01	40.53918	141.55775	4	0.0	6	1.0	239
17/05/2025	21:24:01	40.53926	141.55769	14	0.0	6	1.1	260
17/05/2025	21:25:01	40.53918	141.55769	4	0.0	4	1.4	239
17/05/2025	21:26:00	40.53903	141.55772	-6	0.0	4	1.4	219
17/05/2025	21:27:01	40.53917	141.55773	6	0.0	5	1.1	263
17/05/2025	21:28:01	40.53924	141.55777	-2	0.0	6	1.0	263
17/05/2025	21:29:01	40.53919	141.55779	-6	0.0	5	1.1	217
17/05/2025	21:30:01	40.53918	141.55770	10	0.0	5	1.1	235
17/05/2025	21:31:01	40.53914	141.55782	-16	0.0	4	1.4	231
17/05/2025	21:32:01	40.53922	141.55780	0	0.0	4	1.1	226
17/05/2025	21:33:01	40.53922	141.55779	-0	0.0	4	1.1	215
17/05/2025	21:34:01	40.53916	141.55775	14	0.0	4	1.1	210
17/05/2025	21:35:01	40.53923	141.55778	-0	0.0	4	1.1	228
17/05/2025	21:36:01	40.53925	141.55775	4	0.0	4	1.1	228
17/05/2025	21:37:01	40.53924	141.55774	18	0.0	4	1.1	236
17/05/2025	21:38:01	40.53923	141.55773	10	0.0	4	2.0	225
17/05/2025	21:39:00	40.53917	141.55776	-0	0.0	4	2.0	213
17/05/2025	21:40:01	40.53922	141.55777	10	0.0	4	1.1	234
17/05/2025	21:41:00	40.53923	141.55769	-36	0.0	4	2.0	215
17/05/2025	21:42:01	40.53921	141.55775	-0	0.0	4	1.2	231
17/05/2025	21:43:01	40.53924	141.55779	-4	0.0	4	1.2	238
17/05/2025	21:44:00	40.53927	141.55775	14	0.0	4	1.2	167
17/05/2025	21:45:00	40.53921	141.55774	-16	0.0	4	1.2	192
17/05/2025	21:46:01	40.53920	141.55778	-0	0.0	4	1.2	236
17/05/2025	21:47:00	40.53928	141.55782	-16	0.0	4	2.0	196
17/05/2025	21:48:00	40.53913	141.55777	12	0.0	4	2.0	219
17/05/2025	21:49:00	40.53915	141.55778	-0	0.0	4	2.0	195
17/05/2025	21:50:00	40.53905	141.55766	14	0.0	4	1.2	193
17/05/2025	21:51:00	40.53918	141.55780	10	0.0	4	2.1	192
17/05/2025	21:52:01	40.53913	141.55766	18	3.7	4	2.1	248
17/05/2025	21:53:00	40.53905	141.55780	-0	0.0	4	1.2	197
17/05/2025	21:54:00	40.53930	141.55770	22	0.0	4	1.2	194
17/05/2025	21:55:01	40.53926	141.55779	-2	0.0	4	1.2	223
17/05/2025	21:56:01	40.53931	141.55777	28	0.0	4	2.1	223
17/05/2025	21:57:01	40.53919	141.55775	6	0.0	4	1.2	222
17/05/2025	21:58:00	40.53934	141.55769	6	3.7	4	2.1	224
17/05/2025	21:59:02	40.53920	141.55771	-8	0.0	4	1.2	240
17/05/2025	22:00:00	40.53931	141.55775	-0	0.0	4	1.2	217
17/05/2025	22:01:00	40.53919	141.55773	2	0.0	4	1.2	226
17/05/2025	22:02:00	40.53920	141.55772	-8	0.0	3	1.3	195
17/05/2025	22:03:00	40.53929	141.55776	4	0.0	4	1.2	219
17/05/2025	22:04:00	40.53921	141.55767	8	0.0	4	1.2	168
17/05/2025	22:05:01	40.53931	141.55777	4	0.0	4	2.2	227
17/05/2025	22:06:01	40.53912	141.55767	0	0.0	4	1.2	227
17/05/2025	22:07:00	40.53902	141.55774	24	0.0	4	2.2	222
17/05/2025	22:08:02	40.53921	141.55766	0	0.0	4	1.2	220
17/05/2025	22:09:01	40.53919	141.55774	0	0.0	4	1.2	237
17/05/2025	22:10:01	40.53915	141.55775	-10	0.0	4	1.2	218
17/05/2025	22:11:01	40.53914	141.55775	-16	0.0	4	1.2	214
17/05/2025	22:12:00	40.53938	141.55778	-10	0.0	3	1.3	217
17/05/2025	22:13:01	40.53919	141.55767	18	0.0	4	1.2	208
17/05/2025	22:14:00	40.53890	141.55758	10	0.0	3	1.3	215
17/05/2025	22:15:02	40.53920	141.55784	-24	0.0	3	1.3	237
17/05/2025	22:16:01	40.53916	141.55775	0	0.0	3	1.3	213
17/05/2025	22:17:00	40.53926	141.55771	4	0.0	3	1.3	195
17/05/2025	22:18:00	40.53924	141.55776	0	0.0	3	1.3	168
17/05/2025	22:19:01	40.53912	141.55765	4	0.0	3	1.3	222
17/05/2025	22:20:00	40.53923	141.55771	-8	0.0	3	1.3	193
17/05/2025	22:21:00	40.53918	141.55765	16	0.0	3	1.3	189
17/05/2025	22:22:01	40.53920	141.55772	-10	0.0	3	1.3	236
17/05/2025	22:23:01	40.53914	141.55774	-12	0.0	3	1.3	213
17/05/2025	22:24:00	40.53904	141.55778	-26	0.0	3	2.4	222
17/05/2025	22:25:00	40.53918	141.55777	-0	0.0	3	1.3	217
17/05/2025	22:26:00	40.53901	141.55776	-54	0.0	3	2.4	245
17/05/2025	22:27:00	40.53923	141.55782	18	0.0	3	2.4	221
17/05/2025	22:28:00	40.53948	141.55779	34	7.4	3	2.4	163
17/05/2025	22:29:01	40.53922	141.55767	12	0.0	3	1.3	244
17/05/2025	22:30:01	40.53915	141.55772	-10	0.0	3	2.4	215
17/05/2025	22:31:02	40.53908	141.55766	4	0.0	3	1.3	185
17/05/2025	22:32:01	40.53917	141.55774	-2	0.0	3	1.3	225
17/05/2025	22:33:02	40.53922	141.55768	20	0.0	3	1.3	222
17/05/2025	22:34:00	40.53928	141.55771	18	0.0	3	2.3	213
17/05/2025	22:35:01	40.53912	141.55766	10	0.0	3	1.3	241
17/05/2025	22:36:01	40.53921	141.55764	20	0.0	3	1.3	219
17/05/2025	22:37:01	40.53904	141.55776	-26	0.0	3	1.3	224
17/05/2025	22:38:01	40.53914	141.55767	-14	0.0	3	1.3	221
17/05/2025	22:39:01	40.53922	141.55769	-8	0.0	3	1.3	224
17/05/2025	22:40:01	40.53914	141.55769	4	0.0	3	1.3	242
17/05/2025	22:41:01	40.53918	141.55772	-0	0.0	3	1.3	267
17/05/2025	22:42:01	40.53914	141.55772	-12	0.0	3	1.3	249
17/05/2025	22:43:01	40.53911	141.55765	14	0.0	3	1.3	252
17/05/2025	22:44:01	40.53914	141.55777	-18	0.0	3	1.3	225
17/05/2025	22:45:01	40.53915	141.55763	22	0.0	3	1.3	194
17/05/2025	22:46:00	40.53921	141.55779	6	0.0	3	1.3	249
17/05/2025	22:47:00	40.53920	141.55770	-2	0.0	3	2.1	252
17/05/2025	22:48:01	40.53909	141.55768	0	0.0	3	1.3	243
17/05/2025	22:49:00	40.53921	141.55780	8	0.0	3	1.3	250
17/05/2025	22:50:00	40.53915	141.55770	-6	0.0	3	1.3	252
17/05/2025	22:51:00	40.53926	141.55773	12	0.0	3	1.2	216
17/05/2025	22:52:00	40.53930	141.55771	8	0.0	3	1.2	230
17/05/2025	22:53:01	40.53919	141.55770	-16	0.0	3	1.2	251
17/05/2025	22:54:01	40.53915	141.55765	2	0.0	3	1.2	253
17/05/2025	22:55:01	40.53913	141.55769	-14	0.0	3	1.2	249
17/05/2025	22:56:00	40.53922	141.55774	-38	0.0	3	1.2	165
17/05/2025	22:57:00	40.53907	141.55758	16	0.0	3	1.2	248
17/05/2025	22:58:01	40.53911	141.55760	-8	0.0	3	1.2	252
17/05/2025	22:59:00	40.53913	141.55772	0	0.0	3	1.2	250
17/05/2025	23:00:00	40.53877	141.55772	66	0.0	3	2.4	227
17/05/2025	23:01:00	40.53902	141.55784	24	0.0	3	2.4	247
17/05/2025	23:02:01	40.53906	141.55774	32	0.0	3	2.4	253
17/05/2025	23:03:00	40.53912	141.55771	12	0.0	3	2.4	137
17/05/2025	23:04:02	40.53914	141.55774	-0	0.0	3	2.4	252
17/05/2025	23:05:02	40.53919	141.55776	4	0.0	3	2.4	247
17/05/2025	23:06:02	40.53920	141.55772	12	0.0	3	2.4	256
17/05/2025	23:07:02	40.53932	141.55775	-36	0.0	3	2.4	255
17/05/2025	23:08:02	40.53932	141.55763	-34	0.0	3	2.4	255
17/05/2025	23:09:01	40.53922	141.55774	-18	0.0	3	2.4	255
17/05/2025	23:10:01	40.53908	141.55773	-6	0.0	3	2.4	255
17/05/2025	23:11:02	40.53912	141.55769	4	0.0	3	2.4	250
17/05/2025	23:12:02	40.53927	141.55765	-0	0.0	3	2.4	258
17/05/2025	23:13:01	40.53920	141.55772	-12	0.0	3	2.4	252
17/05/2025	23:14:01	40.53916	141.55768	-2	0.0	3	2.4	252
17/05/2025	23:15:02	40.53912	141.55765	-2	0.0	3	2.4	276
17/05/2025	23:16:02	40.53908	141.55768	14	0.0	3	2.4	291
17/05/2025	23:17:02	40.53911	141.55772	-2	0.0	3	2.4	243
17/05/2025	23:18:03	40.53926	141.55772	-16	0.0	3	2.4	276
17/05/2025	23:19:04	40.53916	141.55766	-12	0.0	3	2.4	271
17/05/2025	23:20:04	40.53916	141.55766	6	0.0	3	2.4	275
17/05/2025	23:21:03	40.53931	141.55770	-20	0.0	3	2.4	280
17/05/2025	23:22:02	40.53911	141.55765	-2	0.0	3	2.4	279
17/05/2025	23:23:04	40.53906	141.55773	6	0.0	3	2.4	278
17/05/2025	23:24:02	40.53918	141.55762	16	0.0	3	2.4	284
17/05/2025	23:25:01	40.53907	141.55767	-12	3.7	3	2.4	248
17/05/2025	23:26:03	40.53904	141.55772	2	0.0	3	2.4	287
17/05/2025	23:27:03	40.53915	141.55770	-0	0.0	3	2.4	280
17/05/2025	23:28:02	40.53910	141.55775	2	0.0	3	2.4	279
17/05/2025	23:29:03	40.53925	141.55763	-26	0.0	3	2.4	275
17/05/2025	23:30:03	40.53915	141.55770	0	0.0	3	2.4	283
17/05/2025	23:31:03	40.53936	141.55764	-36	0.0	3	2.4	280
17/05/2025	23:32:03	40.53924	141.55757	-18	0.0	3	2.4	272
17/05/2025	23:33:04	40.53937	141.55764	-14	3.7	3	3.0	279
17/05/2025	23:34:03	40.53920	141.55773	-8	0.0	3	3.0	282
17/05/2025	23:35:02	40.53925	141.55762	4	0.0	3	3.0	278
17/05/2025	23:36:04	40.53925	141.55768	-10	0.0	3	3.0	277
17/05/2025	23:37:04	40.53916	141.55767	6	3.7	3	3.0	280
17/05/2025	23:38:09	40.53890	141.55778	24	0.0	3	3.0	267
17/05/2025	23:39:04	40.53932	141.55763	-14	0.0	3	3.0	272
17/05/2025	23:40:04	40.53910	141.55768	12	0.0	3	3.0	274
17/05/2025	23:41:04	40.53920	141.55765	-8	0.0	3	3.0	276
17/05/2025	23:42:06	40.53901	141.55771	32	7.4	3	3.0	253
17/05/2025	23:43:14	40.53923	141.55767	-10	3.7	3	3.0	256
17/05/2025	23:44:05	40.53904	141.55772	12	0.0	3	3.0	266
17/05/2025	23:45:07	40.53918	141.55769	0	0.0	3	3.0	261
17/05/2025	23:46:03	40.53929	141.55759	-18	0.0	3	3.0	276
17/05/2025	23:47:08	40.53911	141.55769	10	3.7	3	3.0	256
17/05/2025	23:48:12	40.53930	141.55764	-12	0.0	3	3.0	289
17/05/2025	23:49:06	40.53924	141.55763	-6	3.7	3	3.0	293
17/05/2025	23:50:06	40.53908	141.55773	4	3.7	3	3.0	269
17/05/2025	23:51:04	40.53915	141.55768	0	0.0	3	3.1	278
17/05/2025	23:52:15	40.53912	141.55762	16	18.5	3	3.1	291
17/05/2025	23:53:09	40.53897	141.55777	18	14.8	3	3.1	288
17/05/2025	23:54:08	40.53907	141.55773	6	7.4	3	3.1	288
17/05/2025	23:55:17	40.53913	141.55769	6	0.0	6	1.2	251
17/05/2025	23:56:01	40.53915	141.55778	10	0.0	5	1.3	264
17/05/2025	23:57:01	40.53925	141.55775	8	0.0	5	1.3	210
17/05/2025	23:58:00	40.53922	141.55772	12	0.0	5	1.3	215
17/05/2025	23:59:00	40.53903	141.55775	-8	0.0	5	1.3	218
18/05/2025	00:00:00	40.53919	141.55777	10	0.0	5	1.2	226
18/05/2025	00:01:01	40.53911	141.55766	2	0.0	6	1.2	283
18/05/2025	00:02:01	40.53921	141.55754	26	0.0	6	1.2	294
18/05/2025	00:03:00	40.53916	141.55767	10	0.0	4	1.3	250
18/05/2025	00:04:02	40.53914	141.55780	-4	0.0	6	1.2	266
18/05/2025	00:05:02	40.53917	141.55767	10	0.0	6	1.1	269
18/05/2025	00:06:01	40.53926	141.55763	8	0.0	5	1.4	296
18/05/2025	00:07:01	40.53925	141.55763	18	0.0	6	1.1	292
18/05/2025	00:08:01	40.53915	141.55766	8	0.0	6	1.1	298
18/05/2025	00:09:00	40.53921	141.55762	26	0.0	4	1.4	267
18/05/2025	00:10:01	40.53911	141.55771	18	0.0	6	1.1	241
18/05/2025	00:11:01	40.53913	141.55772	2	0.0	5	1.3	297
18/05/2025	00:12:00	40.53906	141.55782	14	0.0	5	1.4	222
18/05/2025	00:13:00	40.53886	141.55782	26	0.0	4	2.0	295
18/05/2025	00:14:01	40.53914	141.55772	16	0.0	5	1.4	268
18/05/2025	00:15:01	40.53915	141.55769	8	0.0	6	1.1	279
18/05/2025	00:16:00	40.53913	141.55765	12	0.0	4	1.4	280
18/05/2025	00:17:00	40.53917	141.55775	-2	0.0	6	1.1	259
18/05/2025	00:18:00	40.53914	141.55777	-2	0.0	5	2.1	257
18/05/2025	00:19:00	40.53928	141.55771	16	0.0	6	1.1	290
18/05/2025	00:20:01	40.53915	141.55769	2	0.0	5	1.1	229
18/05/2025	00:21:01	40.53919	141.55767	18	0.0	6	1.1	286
18/05/2025	00:22:00	40.53901	141.55774	-40	3.7	4	1.4	251
18/05/2025	00:23:00	40.53924	141.55755	28	0.0	5	2.0	278
18/05/2025	00:24:00	40.53919	141.55759	2	0.0	4	2.0	277
18/05/2025	00:25:00	40.53909	141.55757	-12	0.0	6	1.1	281
18/05/2025	00:26:00	40.53926	141.55738	34	0.0	4	2.0	297
18/05/2025	00:27:00	40.53932	141.55745	36	0.0	4	1.4	278
18/05/2025	00:28:00	40.53923	141.55783	-14	3.7	3	1.4	220
18/05/2025	00:29:01	40.53925	141.55766	8	0.0	4	2.0	234
18/05/2025	00:30:00	40.53930	141.55727	82	0.0	4	2.3	304
18/05/2025	00:31:01	40.53916	141.55769	8	0.0	6	1.1	303
18/05/2025	00:32:00	40.53933	141.55767	18	0.0	4	2.2	305
18/05/2025	00:33:01	40.53915	141.55766	14	0.0	6	1.1	305
18/05/2025	00:34:00	40.53920	141.55766	26	0.0	4	1.3	309
18/05/2025	00:35:00	40.53924	141.55765	16	0.0	4	2.1	299
18/05/2025	00:36:01	40.53928	141.55763	8	0.0	5	1.3	302
18/05/2025	00:37:01	40.53920	141.55770	8	0.0	5	1.3	301
18/05/2025	00:38:00	40.53927	141.55765	24	0.0	4	2.0	248
18/05/2025	00:39:01	40.53922	141.55763	42	0.0	4	2.0	301
18/05/2025	00:40:01	40.53938	141.55762	60	0.0	3	3.0	302
18/05/2025	00:41:01	40.53922	141.55761	14	0.0	4	2.0	299
18/05/2025	00:42:01	40.53916	141.55768	10	0.0	5	1.3	302
18/05/2025	00:43:01	40.53919	141.55765	32	0.0	4	1.3	302
18/05/2025	00:44:00	40.53922	141.55778	6	0.0	4	2.0	279
18/05/2025	00:45:01	40.53923	141.55756	34	0.0	4	2.0	279
18/05/2025	00:46:00	40.53920	141.55781	-8	0.0	3	2.4	278
18/05/2025	00:47:01	40.53928	141.55769	36	0.0	4	1.4	251
18/05/2025	00:48:00	40.53952	141.55759	68	0.0	3	2.4	278
18/05/2025	00:49:01	40.53917	141.55756	-4	3.7	3	2.4	275
18/05/2025	00:50:02	40.53920	141.55772	12	0.0	4	1.4	281
18/05/2025	00:51:00	40.53931	141.55767	30	0.0	3	2.4	281
18/05/2025	00:52:01	40.53920	141.55757	34	11.1	3	2.3	281
18/05/2025	00:53:01	40.53923	141.55769	20	0.0	3	2.3	248
18/05/2025	00:54:00	40.53922	141.55771	18	0.0	3	2.4	282
18/05/2025	00:55:01	40.53926	141.55766	6	0.0	5	1.2	279
18/05/2025	00:56:00	40.53923	141.55790	-20	0.0	3	2.4	248
18/05/2025	00:57:00	40.53901	141.55760	42	0.0	3	2.3	273
18/05/2025	00:58:01	40.53936	141.55768	4	0.0	4	1.4	272
18/05/2025	00:59:00	40.53914	141.55766	28	0.0	4	1.4	260
18/05/2025	01:00:02	40.53925	141.55763	20	0.0	4	2.0	262
18/05/2025	01:01:00	40.53913	141.55765	26	0.0	4	1.4	283
18/05/2025	01:02:00	40.53905	141.55764	32	0.0	5	1.4	276
18/05/2025	01:03:01	40.53922	141.55785	-18	0.0	3	2.2	218
18/05/2025	01:04:02	40.53916	141.55761	20	0.0	4	2.1	251
18/05/2025	01:05:03	40.53908	141.55766	22	0.0	5	1.4	282
18/05/2025	01:06:02	40.53936	141.55743	24	7.4	3	3.2	252
18/05/2025	01:07:01	40.53959	141.55766	42	7.4	3	3.2	273
18/05/2025	01:08:02	40.53915	141.55771	4	0.0	5	1.4	281
18/05/2025	01:09:01	40.53909	141.55764	42	0.0	5	2.0	283
18/05/2025	01:10:01	40.53934	141.55772	16	0.0	4	2.1	279
18/05/2025	01:11:01	40.53927	141.55769	16	0.0	4	2.2	286
18/05/2025	01:12:01	40.53915	141.55769	12	0.0	4	2.2	279
18/05/2025	01:13:01	40.53917	141.55772	8	0.0	5	2.0	278
18/05/2025	01:14:01	40.53924	141.55769	8	0.0	4	2.2	281
18/05/2025	01:15:00	40.53924	141.55772	32	0.0	4	2.2	253
18/05/2025	01:16:01	40.53917	141.55774	10	0.0	4	2.2	281
18/05/2025	01:17:01	40.53936	141.55769	-8	0.0	4	2.2	275
18/05/2025	01:18:01	40.53929	141.55778	0	0.0	4	2.2	283
18/05/2025	01:19:01	40.53928	141.55766	6	0.0	4	2.3	282
18/05/2025	01:20:01	40.53939	141.55774	-16	0.0	4	2.3	280
18/05/2025	01:21:01	40.53925	141.55766	18	0.0	4	2.3	285
18/05/2025	01:22:01	40.53926	141.55775	20	0.0	4	2.3	303
18/05/2025	01:23:01	40.53910	141.55769	22	0.0	4	2.3	277
18/05/2025	01:24:01	40.53924	141.55776	10	0.0	4	2.3	275
18/05/2025	01:25:01	40.53924	141.55771	-4	0.0	4	2.3	280
18/05/2025	01:26:02	40.53944	141.55770	0	0.0	4	2.3	277
18/05/2025	01:27:01	40.53926	141.55771	14	0.0	4	2.3	253
18/05/2025	01:28:01	40.53932	141.55771	0	0.0	4	2.3	252
18/05/2025	01:29:02	40.53924	141.55774	8	0.0	4	2.3	296
18/05/2025	01:30:01	40.53927	141.55769	-0	0.0	4	2.3	270
18/05/2025	01:31:01	40.53934	141.55771	12	0.0	3	3.0	253
18/05/2025	01:32:02	40.53923	141.55769	-36	0.0	3	3.0	267
18/05/2025	01:33:02	40.53917	141.55771	24	0.0	3	3.0	276
18/05/2025	01:34:01	40.53923	141.55771	10	0.0	3	2.4	279
18/05/2025	01:35:00	40.53940	141.55771	-34	3.7	3	2.4	282
18/05/2025	01:36:02	40.53928	141.55771	2	0.0	4	2.4	270
18/05/2025	01:37:01	40.53929	141.55772	-18	0.0	4	2.3	278
18/05/2025	01:38:00	40.53932	141.55778	10	0.0	3	2.4	256
18/05/2025	01:39:01	40.53926	141.55775	0	0.0	3	2.4	271
18/05/2025	01:40:00	40.53928	141.55782	32	0.0	3	2.4	255
18/05/2025	01:41:00	40.53891	141.55770	12	0.0	3	2.4	253
18/05/2025	01:42:02	40.53934	141.55763	2	0.0	3	2.4	274
18/05/2025	01:43:05	40.53929	141.55775	2	0.0	4	2.3	271
18/05/2025	01:44:00	40.53927	141.55760	-14	0.0	3	2.4	251
18/05/2025	01:45:00	40.53931	141.55758	-44	3.7	3	2.4	251
18/05/2025	01:46:00	40.53971	141.55772	-30	3.7	3	2.4	249
18/05/2025	01:47:01	40.53934	141.55763	-20	0.0	3	2.4	246
18/05/2025	01:48:02	40.53914	141.55780	32	0.0	3	2.4	260
18/05/2025	01:49:02	40.53920	141.55763	-0	0.0	3	2.4	253
18/05/2025	01:50:01	40.53910	141.55801	148	0.0	3	2.4	260
18/05/2025	01:51:02	40.53923	141.55764	20	0.0	3	2.4	256
18/05/2025	01:52:01	40.53927	141.55772	-6	0.0	3	2.4	255
18/05/2025	01:53:07	40.53916	141.55775	12	0.0	3	2.4	250
18/05/2025	01:54:02	40.53926	141.55775	-0	0.0	3	2.4	278
18/05/2025	01:55:03	40.53933	141.55772	6	0.0	3	2.4	258
18/05/2025	01:56:02	40.53922	141.55765	-0	0.0	3	2.4	255
18/05/2025	01:57:02	40.53928	141.55766	-26	0.0	3	3.0	225
18/05/2025	01:58:02	40.53937	141.55763	-6	0.0	3	3.0	255
18/05/2025	01:59:02	40.53920	141.55780	32	0.0	3	3.0	255
18/05/2025	02:00:03	40.53907	141.55773	32	0.0	2	2.3	274
18/05/2025	02:01:16	40.53920	141.55771	2	0.0	6	1.0	262
18/05/2025	02:02:00	40.53904	141.55746	16	0.0	5	2.0	247
18/05/2025	02:03:00	40.53932	141.55769	14	0.0	6	1.2	252
18/05/2025	02:04:00	40.53927	141.55771	14	0.0	6	1.4	227
18/05/2025	02:05:00	40.53913	141.55785	-30	0.0	6	1.2	246
18/05/2025	02:06:00	40.53921	141.55761	20	3.7	5	1.3	220
18/05/2025	02:07:00	40.53939	141.55782	80	3.7	4	1.4	224
18/05/2025	02:08:01	40.53925	141.55774	-6	0.0	4	1.4	161
18/05/2025	02:09:01	40.53930	141.55749	110	0.0	4	2.1	194
18/05/2025	02:10:01	40.53912	141.55772	-42	0.0	5	1.3	223
18/05/2025	02:11:01	40.53919	141.55771	0	0.0	5	1.0	224
18/05/2025	02:12:01	40.53914	141.55762	34	0.0	4	1.2	222
18/05/2025	02:13:01	40.53912	141.55781	-60	0.0	4	2.0	217
18/05/2025	02:14:01	40.53932	141.55779	54	0.0	4	2.1	194
18/05/2025	02:15:01	40.53920	141.55761	-10	0.0	4	2.0	221
18/05/2025	02:16:01	40.53925	141.55764	40	0.0	3	2.0	190
18/05/2025	02:17:01	40.53922	141.55761	18	0.0	4	2.0	222
18/05/2025	02:18:01	40.53912	141.55769	-16	0.0	6	1.2	225
18/05/2025	02:19:01	40.53920	141.55772	-4	0.0	5	1.4	224
18/05/2025	02:20:01	40.53908	141.55768	-34	0.0	5	1.3	227
18/05/2025	02:21:01	40.53909	141.55774	-26	0.0	4	1.4	195
18/05/2025	02:22:01	40.53905	141.55796	2	7.4	3	2.1	162
18/05/2025	02:23:01	40.53896	141.55765	-40	0.0	4	2.3	195
18/05/2025	02:24:01	40.53929	141.55764	-0	0.0	6	1.2	233
18/05/2025	02:25:01	40.53927	141.55771	14	0.0	5	1.3	219
18/05/2025	02:26:01	40.53922	141.55781	4	0.0	6	1.2	226
18/05/2025	02:27:01	40.53904	141.55779	-24	0.0	6	1.2	229
18/05/2025	02:28:01	40.53927	141.55770	10	0.0	5	1.2	193
18/05/2025	02:29:01	40.53925	141.55773	40	0.0	5	1.3	220
18/05/2025	02:30:01	40.53923	141.55771	6	0.0	4	1.3	188
18/05/2025	02:31:01	40.53932	141.55782	6	0.0	5	1.3	225
18/05/2025	02:32:01	40.53921	141.55765	6	0.0	6	1.2	225
18/05/2025	02:33:00	40.53943	141.55769	54	0.0	6	1.2	227
18/05/2025	02:34:00	40.53922	141.55773	22	0.0	6	1.2	253
18/05/2025	02:35:00	40.53927	141.55771	8	0.0	6	1.2	228
18/05/2025	02:36:00	40.53919	141.55766	-8	0.0	6	0.4	248
18/05/2025	02:37:00	40.53915	141.55768	4	0.0	6	1.2	256
18/05/2025	02:38:01	40.53909	141.55768	2	0.0	3	1.4	219
18/05/2025	02:39:01	40.53926	141.55769	-4	0.0	3	2.0	184
18/05/2025	02:40:01	40.53926	141.55778	14	0.0	5	1.2	220
18/05/2025	02:41:01	40.53926	141.55770	0	0.0	6	1.0	222
18/05/2025	02:42:00	40.53907	141.55783	-52	0.0	5	1.3	245
18/05/2025	02:43:00	40.53910	141.55771	20	0.0	5	1.3	251
18/05/2025	02:44:00	40.53919	141.55768	78	0.0	4	1.3	250
18/05/2025	02:45:00	40.53904	141.55779	4	3.7	5	1.2	251
18/05/2025	02:46:00	40.53916	141.55770	-6	0.0	5	1.2	247
18/05/2025	02:47:00	40.53929	141.55764	-2	0.0	4	1.2	195
18/05/2025	02:48:01	40.53924	141.55771	-20	0.0	5	1.2	229
18/05/2025	02:49:01	40.53926	141.55768	30	0.0	4	1.3	248
18/05/2025	02:50:01	40.53918	141.55769	20	0.0	5	1.0	222
18/05/2025	02:51:01	40.53917	141.55786	-16	0.0	4	1.1	187
18/05/2025	02:52:01	40.53918	141.55770	0	0.0	5	1.0	251
18/05/2025	02:53:00	40.53928	141.55749	14	0.0	3	1.4	219
18/05/2025	02:54:00	40.53921	141.55774	-14	0.0	5	1.2	245
18/05/2025	02:55:00	40.53908	141.55800	-58	0.0	4	1.2	217
18/05/2025	02:56:00	40.53909	141.55772	-34	0.0	5	1.2	220
18/05/2025	02:57:00	40.53926	141.55759	16	0.0	5	1.2	190
18/05/2025	02:58:00	40.53924	141.55772	46	0.0	5	1.1	224
18/05/2025	02:59:01	40.53902	141.55766	-0	0.0	3	2.1	181
18/05/2025	03:00:01	40.53926	141.55763	12	0.0	4	1.2	195
18/05/2025	03:01:01	40.53918	141.55767	-30	0.0	5	1.1	195
18/05/2025	03:02:01	40.53927	141.55783	-36	0.0	5	1.1	220
18/05/2025	03:03:01	40.53922	141.55770	-2	0.0	5	1.1	220
18/05/2025	03:04:01	40.53916	141.55778	24	0.0	5	1.0	226
18/05/2025	03:05:00	40.53913	141.55766	-50	0.0	4	1.2	213
18/05/2025	03:06:00	40.53931	141.55759	20	0.0	5	1.1	219
18/05/2025	03:07:00	40.53912	141.55762	42	0.0	4	1.4	222
18/05/2025	03:08:00	40.53904	141.55757	2	0.0	4	1.1	220
18/05/2025	03:09:00	40.53916	141.55765	-10	0.0	5	1.1	222
18/05/2025	03:10:00	40.53929	141.55749	-38	0.0	4	2.0	223
18/05/2025	03:11:00	40.53904	141.55776	-4	0.0	5	1.1	224
18/05/2025	03:12:00	40.53916	141.55772	16	3.7	3	1.2	158
18/05/2025	03:13:01	40.53930	141.55756	-6	0.0	5	1.1	224
18/05/2025	03:14:01	40.53921	141.55765	8	0.0	5	1.1	224
18/05/2025	03:15:00	40.53936	141.55757	10	0.0	5	1.1	218
18/05/2025	03:16:00	40.53926	141.55770	10	3.7	4	2.1	225
18/05/2025	03:17:00	40.53921	141.55766	18	0.0	5	1.1	191
18/05/2025	03:18:00	40.53928	141.55734	80	0.0	3	2.2	219
18/05/2025	03:19:00	40.53915	141.55790	10	0.0	4	1.2	225
18/05/2025	03:20:01	40.53924	141.55753	-0	0.0	4	1.3	226
18/05/2025	03:21:01	40.53912	141.55772	-0	0.0	4	1.2	194
18/05/2025	03:22:01	40.53920	141.55775	8	0.0	5	1.2	226
18/05/2025	03:23:01	40.53907	141.55774	-6	0.0	5	1.1	224
18/05/2025	03:24:01	40.53920	141.55765	16	0.0	5	1.2	251
18/05/2025	03:25:00	40.53894	141.55780	24	0.0	3	1.4	128
18/05/2025	03:26:00	40.53894	141.55790	40	0.0	3	2.3	173
18/05/2025	03:27:00	40.53901	141.55784	64	3.7	4	1.3	182
18/05/2025	03:28:01	40.53914	141.55776	-6	0.0	5	1.2	223
18/05/2025	03:29:00	40.53932	141.55766	8	3.7	4	2.0	219
18/05/2025	03:30:00	40.53942	141.55760	8	3.7	4	2.1	227
18/05/2025	03:31:01	40.53922	141.55766	18	0.0	5	1.2	220
18/05/2025	03:32:01	40.53923	141.55763	-6	0.0	5	1.1	223
18/05/2025	03:33:00	40.53940	141.55775	70	0.0	4	1.3	221
18/05/2025	03:34:00	40.53917	141.55779	-0	0.0	5	1.2	218
18/05/2025	03:35:00	40.53926	141.55759	-8	0.0	4	1.2	241
18/05/2025	03:36:00	40.53920	141.55765	-6	0.0	4	1.1	215
18/05/2025	03:37:00	40.53923	141.55761	4	3.7	4	1.3	268
18/05/2025	03:38:01	40.53913	141.55780	12	0.0	5	1.2	224
18/05/2025	03:39:01	40.53915	141.55773	2	0.0	3	1.3	187
18/05/2025	03:40:01	40.53918	141.55766	16	0.0	5	1.1	284
18/05/2025	03:41:00	40.53902	141.55775	42	0.0	5	1.3	253
18/05/2025	03:42:00	40.53896	141.55806	18	0.0	5	1.3	275
18/05/2025	03:43:00	40.53901	141.55781	44	0.0	5	1.1	286
18/05/2025	03:44:00	40.53916	141.55766	0	0.0	5	1.1	255
18/05/2025	03:45:00	40.53917	141.55780	8	0.0	5	1.3	277
18/05/2025	03:46:01	40.53929	141.55764	-6	0.0	5	1.3	254
18/05/2025	03:47:00	40.53933	141.55758	48	3.7	3	2.2	221
18/05/2025	03:48:01	40.53916	141.55772	-0	0.0	5	1.2	255
18/05/2025	03:49:00	40.53914	141.55762	-6	0.0	5	2.0	250
18/05/2025	03:50:00	40.53930	141.55758	-0	0.0	5	2.0	282
18/05/2025	03:51:00	40.53911	141.55769	20	0.0	4	2.1	281
18/05/2025	03:52:00	40.53914	141.55771	-6	0.0	4	2.1	250
18/05/2025	03:53:00	40.53915	141.55776	-6	0.0	4	2.1	250
18/05/2025	03:54:00	40.53935	141.55751	-14	0.0	5	1.3	286
18/05/2025	03:55:00	40.53922	141.55771	2	0.0	3	1.4	281
18/05/2025	03:56:00	40.53897	141.55780	14	0.0	3	2.0	287
18/05/2025	03:57:01	40.53921	141.55759	-0	0.0	5	1.2	281
18/05/2025	03:58:00	40.53921	141.55767	-12	0.0	4	1.2	253
18/05/2025	03:59:01	40.53917	141.55768	10	0.0	5	1.2	282
18/05/2025	04:00:00	40.53930	141.55757	18	7.4	4	2.1	255
18/05/2025	04:01:00	40.53929	141.55763	-10	3.7	4	2.2	252
18/05/2025	04:02:00	40.53931	141.55755	8	0.0	5	2.0	285
18/05/2025	04:03:00	40.53915	141.55784	26	0.0	4	2.1	309
18/05/2025	04:04:01	40.53920	141.55771	0	0.0	5	2.0	276
18/05/2025	04:05:00	40.53912	141.55772	-0	0.0	4	2.1	275
18/05/2025	04:06:00	40.53920	141.55774	-8	0.0	5	2.0	281
18/05/2025	04:07:01	40.53918	141.55776	0	0.0	5	2.0	279
18/05/2025	04:08:01	40.53905	141.55777	20	0.0	4	2.2	280
18/05/2025	04:09:01	40.53910	141.55781	4	0.0	4	2.2	310
18/05/2025	04:10:00	40.53911	141.55768	10	0.0	3	2.3	279
18/05/2025	04:11:01	40.53921	141.55779	0	0.0	4	2.2	268
18/05/2025	04:12:00	40.53917	141.55777	12	0.0	3	2.3	275
18/05/2025	04:13:02	40.53921	141.55770	-8	0.0	5	2.0	298
18/05/2025	04:14:00	40.53908	141.55775	24	0.0	4	2.2	277
18/05/2025	04:15:00	40.53891	141.55767	-12	0.0	3	2.3	274
18/05/2025	04:16:01	40.54493	141.55654	8	48.2	4	2.2	303
18/05/2025	04:17:02	40.55125	141.55482	30	37.0	3	6.0	271
18/05/2025	04:18:02	40.55417	141.55019	-4	33.3	4	2.2	297
18/05/2025	04:19:02	40.55563	141.54453	6	33.3	5	2.0	312
18/05/2025	04:20:01	40.55667	141.53885	10	25.9	4	2.2	302
18/05/2025	04:21:03	40.55883	141.53464	2	51.9	5	2.0	275
18/05/2025	04:22:02	40.55817	141.53107	-4	33.3	5	2.0	299
18/05/2025	04:23:01	40.55776	141.52551	20	22.2	4	2.2	272
18/05/2025	04:24:01	40.55906	141.52174	14	29.6	5	2.0	273
18/05/2025	04:25:00	40.56090	141.51623	8	29.6	4	2.3	274
18/05/2025	04:26:00	40.56320	141.51260	0	33.3	4	2.3	301
18/05/2025	04:27:01	40.56493	141.50684	6	33.3	5	2.0	273
18/05/2025	04:28:01	40.56781	141.50201	6	29.6	5	2.0	298
18/05/2025	04:29:00	40.56803	141.50088	8	0.0	3	2.4	267
18/05/2025	04:30:02	40.56562	141.49964	22	33.3	3	6.2	296
18/05/2025	04:31:01	40.56015	141.50018	12	44.4	3	2.4	276
18/05/2025	04:32:01	40.55365	141.50543	8	63.0	5	1.4	278
18/05/2025	04:33:01	40.54674	141.51063	2	55.6	5	1.4	275
18/05/2025	04:34:00	40.54292	141.50646	10	0.0	3	2.4	265
18/05/2025	04:35:01	40.54280	141.50656	-8	0.0	4	2.0	272
18/05/2025	04:36:02	40.54294	141.50828	4	0.0	4	2.0	276
18/05/2025	04:37:01	40.54285	141.50821	-4	0.0	5	1.4	279
18/05/2025	04:38:01	40.54302	141.50803	-10	0.0	5	1.4	278
18/05/2025	04:39:01	40.54286	141.50830	8	0.0	5	1.4	277
18/05/2025	04:40:00	40.54293	141.50825	12	0.0	4	1.4	283
18/05/2025	04:41:00	40.54295	141.50824	-20	0.0	5	1.4	280
18/05/2025	04:42:01	40.54347	141.50914	2	40.7	4	2.0	277
18/05/2025	04:43:01	40.54109	141.51841	16	51.9	5	1.4	273
18/05/2025	04:44:01	40.53937	141.52977	46	59.3	4	1.4	274
18/05/2025	04:45:01	40.53752	141.54175	26	63.0	5	1.4	272
18/05/2025	04:46:01	40.53826	141.55346	28	59.3	5	1.4	275
18/05/2025	04:47:10	40.53911	141.55762	16	0.0	3	2.4	270
18/05/2025	04:48:04	40.53910	141.55764	16	0.0	3	2.4	270
18/05/2025	04:49:16	40.53910	141.55758	18	0.0	3	2.4	263
18/05/2025	04:50:00	40.53910	141.55782	18	0.0	4	1.2	253
18/05/2025	04:51:00	40.53913	141.55788	36	0.0	5	1.4	222
18/05/2025	04:52:00	40.53922	141.55771	-6	0.0	4	1.2	243
18/05/2025	04:53:00	40.53922	141.55751	18	0.0	3	1.1	259
18/05/2025	04:54:00	40.53934	141.55768	-22	0.0	3	2.2	279
18/05/2025	04:55:00	40.53927	141.55791	8	0.0	5	2.0	250
18/05/2025	04:56:00	40.53925	141.55781	-2	0.0	5	1.1	273
18/05/2025	04:57:01	40.53919	141.55779	-8	0.0	6	1.0	264
18/05/2025	04:58:00	40.53914	141.55781	-10	0.0	3	1.1	184
18/05/2025	04:59:00	40.53918	141.55770	30	0.0	5	1.1	276
18/05/2025	05:00:00	40.53914	141.55757	2	0.0	5	1.1	276
18/05/2025	05:01:01	40.53918	141.55768	-4	0.0	5	1.2	268
18/05/2025	05:02:01	40.53919	141.55771	10	0.0	5	1.0	276
18/05/2025	05:03:00	40.53909	141.55768	-4	0.0	5	1.2	275
18/05/2025	05:04:00	40.53913	141.55779	-18	0.0	4	1.3	218
18/05/2025	05:05:00	40.53926	141.55774	-22	0.0	4	1.2	271
18/05/2025	05:06:00	40.53923	141.55769	-2	0.0	4	1.1	273
18/05/2025	05:07:00	40.53918	141.55773	-20	0.0	5	1.0	249
18/05/2025	05:08:01	40.53921	141.55774	22	0.0	4	1.1	275
18/05/2025	05:09:01	40.53914	141.55782	16	0.0	3	1.1	222
18/05/2025	05:10:01	40.53914	141.55762	14	0.0	5	1.1	249
18/05/2025	05:11:01	40.53916	141.55774	-16	0.0	3	1.3	220
18/05/2025	05:12:01	40.53921	141.55766	26	0.0	5	1.0	277
18/05/2025	05:13:01	40.53914	141.55784	10	0.0	4	1.3	271
18/05/2025	05:14:00	40.53916	141.55761	12	0.0	5	1.1	245
18/05/2025	05:15:00	40.53912	141.55762	0	0.0	4	1.3	247
18/05/2025	05:16:00	40.53926	141.55753	-28	3.7	4	2.1	253
18/05/2025	05:17:00	40.53909	141.55777	0	0.0	3	2.1	247
18/05/2025	05:18:01	40.53914	141.55772	-12	0.0	5	1.1	241
18/05/2025	05:19:00	40.53912	141.55751	26	0.0	4	2.0	286
18/05/2025	05:20:00	40.53900	141.55739	18	0.0	5	1.1	277
18/05/2025	05:21:00	40.53910	141.55766	2	0.0	5	1.0	277
18/05/2025	05:22:00	40.53906	141.55749	28	0.0	3	2.1	254
18/05/2025	05:23:00	40.53924	141.55774	32	0.0	5	1.1	273
18/05/2025	05:24:01	40.53917	141.55759	10	0.0	5	1.1	280
18/05/2025	05:25:01	40.53919	141.55767	4	0.0	5	1.0	248
18/05/2025	05:26:01	40.53912	141.55768	4	0.0	5	1.0	250
18/05/2025	05:27:01	40.53919	141.55767	-2	3.7	3	2.2	259
18/05/2025	05:28:01	40.53922	141.55782	-6	0.0	3	2.2	243
18/05/2025	05:29:01	40.53919	141.55760	12	0.0	3	2.0	245
18/05/2025	05:30:01	40.53917	141.55768	18	0.0	4	1.1	250
18/05/2025	05:31:01	40.53918	141.55772	6	0.0	5	1.0	251
18/05/2025	05:32:00	40.53910	141.55762	14	3.7	3	2.0	252
18/05/2025	05:33:01	40.53916	141.55770	-0	0.0	5	1.0	253
18/05/2025	05:34:00	40.53917	141.55779	14	0.0	3	2.0	248
18/05/2025	05:35:00	40.53920	141.55770	4	0.0	4	1.4	272
18/05/2025	05:36:00	40.53929	141.55769	12	0.0	4	1.2	275
18/05/2025	05:37:00	40.53916	141.55782	-8	0.0	4	1.2	247
18/05/2025	05:38:00	40.53910	141.55765	14	0.0	5	1.1	281
18/05/2025	05:39:01	40.53931	141.55758	-0	3.7	3	2.1	244
18/05/2025	05:40:01	40.53916	141.55794	8	0.0	4	2.0	256
18/05/2025	05:41:01	40.53908	141.55773	20	0.0	4	2.0	251
18/05/2025	05:42:01	40.53914	141.55778	-0	0.0	4	2.0	256
18/05/2025	05:43:01	40.53924	141.55779	-22	0.0	5	1.0	268
18/05/2025	05:44:00	40.53919	141.55780	-0	0.0	4	2.0	269
18/05/2025	05:45:01	40.53915	141.55776	4	0.0	5	1.0	267
18/05/2025	05:46:00	40.53908	141.55760	6	0.0	3	2.4	275
18/05/2025	05:47:00	40.53913	141.55791	-10	0.0	5	1.0	278
18/05/2025	05:48:00	40.53906	141.55791	-0	0.0	4	1.2	219
18/05/2025	05:49:00	40.53901	141.55778	-24	0.0	4	1.3	243
18/05/2025	05:50:01	40.53916	141.55790	8	0.0	5	2.1	279
18/05/2025	05:51:00	40.53919	141.55784	-50	0.0	5	1.1	281
18/05/2025	05:52:00	40.53922	141.55764	6	0.0	5	1.0	279
18/05/2025	05:53:00	40.53924	141.55745	-2	0.0	3	2.1	251
18/05/2025	05:54:00	40.53913	141.55773	24	0.0	5	1.0	219
18/05/2025	05:55:00	40.53919	141.55765	-10	0.0	4	2.1	277
18/05/2025	05:56:00	40.53919	141.55769	4	0.0	5	1.0	248
18/05/2025	05:57:00	40.53919	141.55774	-10	0.0	5	1.0	277
18/05/2025	05:58:00	40.53909	141.55780	2	0.0	3	2.2	279
18/05/2025	05:59:00	40.53923	141.55766	4	0.0	4	2.2	275
18/05/2025	06:00:01	40.53928	141.55742	-26	0.0	4	3.4	239
18/05/2025	06:01:01	40.53914	141.55781	-0	0.0	5	1.1	278
18/05/2025	06:02:01	40.53919	141.55777	2	0.0	5	1.1	241
18/05/2025	06:03:01	40.53915	141.55778	-0	0.0	5	1.1	272
18/05/2025	06:04:01	40.53931	141.55744	-22	0.0	4	4.0	248
18/05/2025	06:05:01	40.53916	141.55772	-4	0.0	5	1.1	245
18/05/2025	06:06:02	40.53919	141.55782	-6	0.0	5	1.0	269
18/05/2025	06:07:01	40.53914	141.55772	2	0.0	4	4.2	264
18/05/2025	06:08:01	40.53922	141.55772	-10	0.0	4	4.2	240
18/05/2025	06:09:01	40.53916	141.55771	-14	0.0	4	4.3	248
18/05/2025	06:10:02	40.53913	141.55779	2	0.0	5	1.0	261
18/05/2025	06:11:01	40.53974	141.55711	-120	0.0	3	12.2	241
18/05/2025	06:12:01	40.53916	141.55751	6	0.0	4	4.4	260
18/05/2025	06:13:01	40.53919	141.55772	-10	0.0	3	15.1	216
18/05/2025	06:14:01	40.53922	141.55775	-4	3.7	3	17.0	215
18/05/2025	06:15:03	40.53952	141.55723	-66	0.0	3	19.3	183
18/05/2025	06:16:06	40.53925	141.55760	-16	0.0	4	5.1	251
18/05/2025	06:17:04	40.53921	141.55772	-2	0.0	5	1.0	254
18/05/2025	06:18:04	40.53921	141.55774	-10	0.0	5	1.0	253
18/05/2025	06:19:06	40.53914	141.55781	2	0.0	4	1.4	249
18/05/2025	06:20:09	40.53921	141.55765	-4	0.0	5	1.0	249
18/05/2025	06:21:06	40.53918	141.55778	-2	0.0	4	1.4	234
18/05/2025	06:22:06	40.53918	141.55780	-6	0.0	4	1.4	209
18/05/2025	06:23:01	40.53919	141.55779	-18	0.0	3	2.3	209
18/05/2025	06:24:06	40.53918	141.55772	-0	0.0	4	1.4	237
18/05/2025	06:25:03	40.53916	141.55781	-2	0.0	4	1.4	226
18/05/2025	06:26:01	40.53926	141.55762	6	0.0	4	1.4	240
18/05/2025	06:27:02	40.53917	141.55781	-6	0.0	4	1.4	233
18/05/2025	06:28:03	40.53924	141.55768	-8	0.0	4	1.4	234
18/05/2025	06:29:03	40.53922	141.55761	2	0.0	4	1.3	217
18/05/2025	06:30:01	40.53954	141.55695	-34	0.0	3	23.4	185
18/05/2025	06:31:02	40.53948	141.55688	-40	0.0	3	21.1	210
18/05/2025	06:32:04	40.53894	141.55838	24	0.0	3	19.0	186
18/05/2025	06:33:02	40.53935	141.55744	-14	0.0	3	17.3	229
18/05/2025	06:34:01	40.53895	141.55846	20	0.0	3	16.1	226
18/05/2025	06:35:03	40.53912	141.55789	-8	0.0	3	2.2	251
18/05/2025	06:36:03	40.53921	141.55780	-0	0.0	3	2.2	224
18/05/2025	06:37:05	40.53904	141.55806	12	14.8	3	13.2	200
18/05/2025	06:38:07	40.53961	141.55652	-8	11.1	3	12.3	174
18/05/2025	06:39:09	40.53981	141.55587	-14	3.7	3	12.0	220
18/05/2025	06:40:17	40.53919	141.55771	14	0.0	4	1.2	229
18/05/2025	06:41:00	40.53919	141.55768	10	0.0	3	2.0	156
18/05/2025	06:42:00	40.53917	141.55749	10	0.0	4	1.2	162
18/05/2025	06:43:00	40.53916	141.55771	20	0.0	4	1.2	158
18/05/2025	06:44:00	40.53925	141.55779	-36	0.0	3	2.3	155
18/05/2025	06:45:00	40.53931	141.55771	38	0.0	3	2.1	153
18/05/2025	06:46:01	40.53901	141.55770	-18	0.0	3	2.1	202
18/05/2025	06:47:01	40.53924	141.55779	-2	3.7	2	4.3	169
18/05/2025	06:48:01	40.53920	141.55771	2	0.0	4	1.2	202
18/05/2025	06:49:01	40.53919	141.55771	10	0.0	4	1.2	218
18/05/2025	06:50:00	40.53924	141.55787	-38	0.0	3	2.1	182
18/05/2025	06:51:00	40.53885	141.55777	-76	0.0	3	2.1	155
18/05/2025	06:52:00	40.53929	141.55773	50	0.0	3	2.1	180
18/05/2025	06:53:00	40.53922	141.55779	48	3.7	3	2.1	183
18/05/2025	06:54:00	40.53921	141.55773	42	0.0	3	2.1	186
18/05/2025	06:55:01	40.53918	141.55769	-48	0.0	3	2.1	207
18/05/2025	06:56:01	40.53930	141.55769	-0	0.0	3	2.1	204
18/05/2025	06:57:02	40.53914	141.55770	6	0.0	4	1.2	231
18/05/2025	06:58:01	40.53916	141.55774	8	0.0	3	2.2	211
18/05/2025	06:59:01	40.53908	141.55764	-10	0.0	3	2.2	254
18/05/2025	07:00:01	40.53919	141.55776	16	0.0	3	2.2	236
18/05/2025	07:01:01	40.53928	141.55782	26	0.0	3	2.2	249
18/05/2025	07:02:01	40.53914	141.55770	22	0.0	3	2.2	258
18/05/2025	07:03:00	40.53909	141.55762	-32	0.0	3	2.2	209
18/05/2025	07:04:01	40.53929	141.55775	44	0.0	3	2.2	227
18/05/2025	07:05:01	40.53896	141.55757	-30	0.0	3	2.2	212
18/05/2025	07:06:01	40.53924	141.55783	14	0.0	3	2.3	213
18/05/2025	07:07:01	40.53920	141.55765	6	0.0	3	2.3	201
18/05/2025	07:08:01	40.53915	141.55771	20	0.0	3	2.3	187
18/05/2025	07:09:01	40.53907	141.55780	0	0.0	3	2.3	296
18/05/2025	07:10:01	40.53911	141.55771	-0	0.0	3	2.3	297
18/05/2025	07:11:01	40.53914	141.55764	-46	0.0	3	2.3	217
18/05/2025	07:12:01	40.53930	141.55779	14	0.0	2	3.2	238
18/05/2025	07:13:01	40.53919	141.55765	-18	0.0	3	2.4	211
18/05/2025	07:14:01	40.53920	141.55771	8	0.0	3	2.4	238
18/05/2025	07:15:01	40.53903	141.55762	-26	0.0	3	2.4	217
18/05/2025	07:16:02	40.53920	141.55775	10	0.0	3	2.4	275
18/05/2025	07:17:01	40.53912	141.55773	26	0.0	3	2.4	243
18/05/2025	07:18:02	40.53913	141.55771	-4	0.0	3	3.0	281
18/05/2025	07:19:02	40.53914	141.55768	6	0.0	3	3.0	282
18/05/2025	07:20:02	40.53920	141.55775	24	0.0	3	3.0	243
18/05/2025	07:21:02	40.53915	141.55778	12	0.0	3	3.0	246
18/05/2025	07:22:02	40.53917	141.55774	10	0.0	3	3.1	247
18/05/2025	07:23:02	40.53911	141.55765	-18	0.0	3	3.1	247
18/05/2025	07:24:02	40.53926	141.55775	30	0.0	3	3.1	272
18/05/2025	07:25:01	40.53922	141.55755	-20	3.7	3	3.1	245
18/05/2025	07:26:02	40.53912	141.55762	-22	0.0	3	3.2	248
18/05/2025	07:27:02	40.53922	141.55769	8	0.0	3	3.2	249
18/05/2025	07:28:02	40.53919	141.55771	20	0.0	3	3.2	272
18/05/2025	07:29:02	40.53919	141.55776	8	0.0	3	3.3	250
18/05/2025	07:30:01	40.53914	141.55791	42	0.0	3	3.3	276
18/05/2025	07:31:02	40.53917	141.55773	16	0.0	3	3.3	246
18/05/2025	07:32:02	40.53912	141.55773	8	0.0	3	3.4	241
18/05/2025	07:33:02	40.53923	141.55779	0	0.0	3	3.4	245
18/05/2025	07:34:02	40.53930	141.55788	22	0.0	3	3.4	244
18/05/2025	07:35:02	40.53911	141.55756	-0	0.0	2	4.2	275
18/05/2025	07:36:02	40.53916	141.55761	-6	0.0	2	4.3	274
18/05/2025	07:37:02	40.53915	141.55767	-14	0.0	2	4.3	274
18/05/2025	07:38:02	40.53919	141.55765	16	0.0	2	4.3	241
18/05/2025	07:39:02	40.53914	141.55761	-2	0.0	2	4.3	274
18/05/2025	07:40:02	40.53908	141.55755	6	0.0	2	4.4	241
18/05/2025	07:41:02	40.53907	141.55766	-2	0.0	2	4.4	269
18/05/2025	07:42:02	40.53917	141.55766	6	0.0	2	4.4	274
18/05/2025	07:43:01	40.53899	141.55730	-32	0.0	2	4.4	217
18/05/2025	07:44:02	40.53902	141.55757	10	0.0	2	5.0	254
18/05/2025	07:45:02	40.53905	141.55765	10	0.0	2	5.0	223
18/05/2025	07:46:02	40.53916	141.55754	-8	0.0	2	5.0	267
18/05/2025	07:47:02	40.53912	141.55766	14	0.0	2	5.0	251
18/05/2025	07:48:02	40.53906	141.55759	34	0.0	2	5.1	253
18/05/2025	07:49:01	40.53916	141.55785	62	0.0	2	5.1	223
18/05/2025	07:50:02	40.53908	141.55757	-0	0.0	2	5.1	254
18/05/2025	07:51:02	40.53911	141.55758	8	0.0	2	5.1	225
18/05/2025	07:52:02	40.53907	141.55747	-0	0.0	2	5.1	226
18/05/2025	07:53:02	40.53919	141.55771	16	0.0	2	5.2	259
18/05/2025	07:54:01	40.53940	141.55820	12	0.0	2	5.2	260
18/05/2025	07:55:02	40.53911	141.55761	8	0.0	2	5.2	263
18/05/2025	07:56:02	40.53927	141.55803	44	0.0	2	5.2	243
18/05/2025	07:57:02	40.53912	141.55778	20	0.0	2	5.2	277
18/05/2025	07:58:02	40.53922	141.55783	6	0.0	2	5.2	224
18/05/2025	07:59:02	40.53916	141.55765	6	0.0	2	5.2	279
18/05/2025	08:00:18	40.53917	141.55770	0	0.0	7	1.0	286
18/05/2025	08:01:01	40.53922	141.55768	8	3.7	4	1.4	261
18/05/2025	08:02:01	40.53921	141.55766	-0	0.0	7	1.0	281
18/05/2025	08:03:00	40.53966	141.55795	86	3.7	3	2.4	157
18/05/2025	08:04:00	40.53902	141.55754	-18	0.0	7	1.0	256
18/05/2025	08:05:00	40.53905	141.55781	-36	0.0	5	1.1	258
18/05/2025	08:06:00	40.53915	141.55775	24	0.0	5	1.2	193
18/05/2025	08:07:01	40.53919	141.55777	-0	0.0	5	1.2	231
18/05/2025	08:08:01	40.53920	141.55767	-0	0.0	5	1.2	198
18/05/2025	08:09:01	40.53899	141.55755	-18	0.0	5	2.0	198
18/05/2025	08:10:01	40.53920	141.55779	16	0.0	5	1.3	228
18/05/2025	08:11:01	40.53911	141.55761	14	0.0	6	1.1	258
18/05/2025	08:12:01	40.53921	141.55772	2	0.0	6	1.1	257
18/05/2025	08:13:01	40.53909	141.55760	6	0.0	6	1.2	253
18/05/2025	08:14:01	40.53905	141.55751	8	0.0	6	1.1	260
18/05/2025	08:15:01	40.53924	141.55763	-10	0.0	6	1.1	259
18/05/2025	08:16:01	40.53916	141.55764	-14	0.0	4	1.4	254
18/05/2025	08:17:01	40.53919	141.55774	-12	0.0	6	1.1	258
18/05/2025	08:18:01	40.53930	141.55777	2	0.0	7	1.0	285
18/05/2025	08:19:02	40.53919	141.55762	2	0.0	7	1.0	282
18/05/2025	08:20:00	40.53932	141.55778	14	0.0	6	1.1	255
18/05/2025	08:21:00	40.53906	141.55764	-0	0.0	6	1.1	283
18/05/2025	08:22:00	40.53924	141.55768	20	0.0	5	1.1	283
18/05/2025	08:23:00	40.53911	141.55765	6	0.0	7	1.0	280
18/05/2025	08:24:00	40.53935	141.55757	48	0.0	5	1.2	277
18/05/2025	08:25:01	40.53915	141.55771	20	0.0	5	1.3	253
18/05/2025	08:26:01	40.53924	141.55765	0	0.0	7	1.0	260
18/05/2025	08:27:01	40.53913	141.55759	6	0.0	5	1.1	224
18/05/2025	08:28:01	40.53922	141.55774	26	0.0	4	1.3	222
18/05/2025	08:29:01	40.53911	141.55773	6	0.0	5	1.2	252
18/05/2025	08:30:01	40.53911	141.55761	-32	0.0	6	1.1	278
18/05/2025	08:31:01	40.53927	141.55759	-4	3.7	4	1.4	278
18/05/2025	08:32:01	40.53927	141.55774	-34	3.7	4	1.3	223
18/05/2025	08:33:01	40.53929	141.55778	-2	0.0	4	2.1	222
18/05/2025	08:34:01	40.53909	141.55769	-22	0.0	4	1.2	242
18/05/2025	08:35:01	40.53912	141.55778	-10	0.0	4	2.1	280
18/05/2025	08:36:02	40.53918	141.55768	8	0.0	6	1.1	278
18/05/2025	08:37:00	40.53913	141.55770	-16	0.0	5	1.1	280
18/05/2025	08:38:00	40.53916	141.55776	2	0.0	4	2.0	279
18/05/2025	08:39:00	40.53920	141.55759	-4	0.0	4	2.0	277
18/05/2025	08:40:00	40.53913	141.55775	-18	0.0	4	1.3	241
18/05/2025	08:41:00	40.53924	141.55769	-2	0.0	4	1.3	246
18/05/2025	08:42:01	40.53913	141.55756	20	0.0	4	1.2	311
18/05/2025	08:43:02	40.53919	141.55775	-2	0.0	7	1.0	313
18/05/2025	08:44:00	40.53918	141.55763	8	0.0	4	1.3	276
18/05/2025	08:45:00	40.53923	141.55766	-2	0.0	5	1.2	281
18/05/2025	08:46:00	40.53918	141.55766	18	0.0	3	2.4	245
18/05/2025	08:47:00	40.53926	141.55761	6	0.0	6	1.1	255
18/05/2025	08:48:00	40.53922	141.55768	0	0.0	3	2.3	185
18/05/2025	08:49:01	40.53916	141.55773	-6	3.7	3	2.4	269
18/05/2025	08:50:02	40.53925	141.55772	0	0.0	6	1.1	303
18/05/2025	08:51:00	40.53916	141.55770	-14	0.0	5	1.3	281
18/05/2025	08:52:00	40.53910	141.55774	0	0.0	4	2.2	245
18/05/2025	08:53:00	40.53908	141.55761	20	0.0	4	1.3	280
18/05/2025	08:54:00	40.53916	141.55769	16	0.0	4	1.3	277
18/05/2025	08:55:00	40.53921	141.55768	6	0.0	4	1.3	278
18/05/2025	08:56:01	40.53920	141.55759	8	0.0	4	1.2	276
18/05/2025	08:57:02	40.53910	141.55767	-2	0.0	6	1.0	297
18/05/2025	08:58:00	40.53913	141.55766	20	0.0	4	1.4	279
18/05/2025	08:59:00	40.53924	141.55763	10	0.0	4	1.4	272
18/05/2025	09:00:00	40.53929	141.55768	-8	0.0	4	2.2	281
18/05/2025	09:01:00	40.53917	141.55758	6	0.0	5	1.2	282
18/05/2025	09:02:00	40.53918	141.55758	-4	0.0	4	1.4	251
18/05/2025	09:03:01	40.53913	141.55768	2	0.0	4	2.2	254
18/05/2025	09:04:01	40.53927	141.55773	-4	0.0	4	1.4	246
18/05/2025	09:05:01	40.53909	141.55773	-12	0.0	4	1.4	280
18/05/2025	09:06:01	40.53923	141.55766	28	0.0	3	1.4	226
18/05/2025	09:07:01	40.53914	141.55785	48	0.0	3	2.2	218
18/05/2025	09:08:01	40.53920	141.55762	24	0.0	4	1.4	250
18/05/2025	09:09:01	40.53930	141.55764	6	0.0	4	2.3	251
18/05/2025	09:10:01	40.53940	141.55769	8	0.0	4	2.4	277
18/05/2025	09:11:01	40.53931	141.55771	2	0.0	4	1.4	256
18/05/2025	09:12:02	40.53916	141.55771	0	0.0	5	1.1	272
18/05/2025	09:13:00	40.53924	141.55764	20	0.0	4	1.2	218
18/05/2025	09:14:00	40.53919	141.55764	24	0.0	5	1.1	255
18/05/2025	09:15:00	40.53924	141.55771	28	0.0	3	1.4	222
18/05/2025	09:16:00	40.53927	141.55764	-4	0.0	4	2.2	222
18/05/2025	09:17:00	40.53917	141.55770	0	0.0	4	1.4	253
18/05/2025	09:18:01	40.53914	141.55757	8	0.0	5	1.2	224
18/05/2025	09:19:01	40.53904	141.55775	0	0.0	4	2.4	249
18/05/2025	09:20:02	40.53918	141.55764	10	0.0	5	1.1	248
18/05/2025	09:21:01	40.53912	141.55756	14	0.0	5	1.1	252
18/05/2025	09:22:00	40.53916	141.55756	10	0.0	5	1.1	251
18/05/2025	09:23:00	40.53922	141.55775	-10	0.0	4	1.4	252
18/05/2025	09:24:00	40.53923	141.55767	2	0.0	3	2.4	253
18/05/2025	09:25:01	40.53915	141.55769	10	0.0	5	1.1	251
18/05/2025	09:26:00	40.53912	141.55776	18	0.0	5	1.1	224
18/05/2025	09:27:02	40.53920	141.55768	12	0.0	5	1.1	253
18/05/2025	09:28:00	40.53919	141.55766	-8	0.0	5	1.1	252
18/05/2025	09:29:00	40.53915	141.55769	12	0.0	3	1.1	188
18/05/2025	09:30:00	40.53926	141.55765	0	0.0	3	1.1	218
18/05/2025	09:31:00	40.53921	141.55767	2	0.0	4	1.4	216
18/05/2025	09:32:01	40.53927	141.55776	-6	0.0	4	1.4	249
18/05/2025	09:33:01	40.53925	141.55772	8	0.0	5	1.1	217
18/05/2025	09:34:01	40.53920	141.55771	6	0.0	4	1.4	220
18/05/2025	09:35:00	40.53915	141.55763	14	0.0	5	1.1	254
18/05/2025	09:36:00	40.53916	141.55787	16	0.0	4	1.4	253
18/05/2025	09:37:01	40.53911	141.55771	10	0.0	5	1.1	256
18/05/2025	09:38:00	40.53902	141.55763	8	0.0	5	1.1	256
18/05/2025	09:39:01	40.53924	141.55768	4	0.0	5	1.1	256
18/05/2025	09:40:00	40.53911	141.55761	10	0.0	4	2.3	254
18/05/2025	09:41:00	40.53917	141.55779	22	0.0	5	1.2	252
18/05/2025	09:42:01	40.53923	141.55767	-0	0.0	5	1.1	253
18/05/2025	09:43:01	40.53921	141.55755	2	0.0	4	2.3	251
18/05/2025	09:44:00	40.53925	141.55777	22	0.0	4	1.4	255
18/05/2025	09:45:01	40.53916	141.55768	10	0.0	5	1.1	254
18/05/2025	09:46:00	40.53912	141.55771	16	0.0	4	2.2	275
18/05/2025	09:47:00	40.53924	141.55759	8	0.0	4	2.2	247
18/05/2025	09:48:01	40.53922	141.55767	12	0.0	4	2.2	253
18/05/2025	09:49:01	40.53928	141.55762	-8	0.0	4	2.2	276
18/05/2025	09:50:00	40.53935	141.55747	-40	0.0	3	2.3	178
18/05/2025	09:51:01	40.53914	141.55790	36	0.0	4	2.2	249
18/05/2025	09:52:01	40.53914	141.55774	24	0.0	4	2.2	300
18/05/2025	09:53:01	40.53927	141.55747	-0	0.0	4	2.2	295
18/05/2025	09:54:02	40.53928	141.55740	-12	0.0	4	2.2	283
18/05/2025	09:55:00	40.53922	141.55770	2	0.0	3	2.2	218
18/05/2025	09:56:01	40.53907	141.55803	60	0.0	3	2.2	267
18/05/2025	09:57:02	40.53922	141.55770	6	0.0	4	2.1	285
18/05/2025	09:58:01	40.53922	141.55761	-26	0.0	3	2.2	239
18/05/2025	09:59:02	40.53922	141.55754	0	0.0	4	2.1	283
18/05/2025	10:00:01	40.53915	141.55748	-2	0.0	4	2.2	267
18/05/2025	10:01:18	40.53917	141.55771	4	0.0	7	0.4	284
18/05/2025	10:02:00	40.53924	141.55764	20	0.0	5	1.1	246
18/05/2025	10:03:00	40.53920	141.55787	38	0.0	3	2.3	271
18/05/2025	10:04:01	40.53913	141.55772	4	0.0	6	1.1	293
18/05/2025	10:05:01	40.53922	141.55769	12	0.0	6	1.1	291
18/05/2025	10:06:00	40.53916	141.55764	26	0.0	4	1.2	220
18/05/2025	10:07:00	40.53897	141.55780	-34	0.0	4	1.2	246
18/05/2025	10:08:00	40.53922	141.55771	-24	0.0	3	1.2	224
18/05/2025	10:09:00	40.53912	141.55779	4	0.0	4	1.2	223
18/05/2025	10:10:00	40.53940	141.55777	28	0.0	3	1.4	222
18/05/2025	10:11:01	40.53912	141.55775	6	0.0	4	1.2	221
18/05/2025	10:12:01	40.53915	141.55763	22	0.0	4	1.1	263
18/05/2025	10:13:01	40.53929	141.55767	22	0.0	4	1.2	223
18/05/2025	10:14:01	40.53912	141.55773	-0	0.0	4	1.2	222
18/05/2025	10:15:01	40.53919	141.55769	22	0.0	5	1.2	245
18/05/2025	10:16:01	40.53912	141.55768	4	0.0	5	1.1	247
18/05/2025	10:17:01	40.53922	141.55774	12	0.0	4	1.2	276
18/05/2025	10:18:01	40.53921	141.55771	2	0.0	5	1.1	225
18/05/2025	10:19:01	40.53916	141.55766	24	0.0	5	1.2	248
18/05/2025	10:20:02	40.53912	141.55772	0	0.0	6	1.0	250
18/05/2025	10:21:00	40.53917	141.55771	2	0.0	5	1.0	257
18/05/2025	10:22:01	40.53914	141.55767	0	0.0	6	1.0	267
18/05/2025	10:23:01	40.53919	141.55768	10	0.0	6	1.0	266
18/05/2025	10:24:01	40.53916	141.55767	16	0.0	6	1.0	284
18/05/2025	10:25:01	40.53916	141.55769	6	0.0	5	1.2	250
18/05/2025	10:26:01	40.53919	141.55772	8	0.0	6	1.0	267
18/05/2025	10:27:01	40.53922	141.55775	4	0.0	5	1.2	274
18/05/2025	10:28:00	40.53939	141.55793	-2	7.4	3	2.4	244
18/05/2025	10:29:00	40.53910	141.55769	18	0.0	4	2.2	248
18/05/2025	10:30:01	40.53918	141.55768	10	0.0	5	1.2	233
18/05/2025	10:31:00	40.53921	141.55774	26	0.0	3	1.3	242
18/05/2025	10:32:00	40.53908	141.55781	-14	0.0	5	2.1	226
18/05/2025	10:33:00	40.53901	141.55753	20	0.0	4	2.2	225
18/05/2025	10:34:00	40.53948	141.55792	-18	3.7	3	2.2	246
18/05/2025	10:35:01	40.53912	141.55780	-6	0.0	4	1.4	206
18/05/2025	10:36:00	40.53897	141.55776	-0	0.0	3	1.4	226
18/05/2025	10:37:00	40.53929	141.55790	-8	0.0	5	1.2	224
18/05/2025	10:38:00	40.53899	141.55759	4	0.0	5	2.1	226
18/05/2025	10:39:00	40.53919	141.55767	28	3.7	5	1.2	251
18/05/2025	10:40:00	40.53910	141.55775	2	0.0	4	2.1	249
18/05/2025	10:41:02	40.53919	141.55773	0	0.0	5	1.1	243
18/05/2025	10:42:00	40.53910	141.55765	8	3.7	5	1.2	228
18/05/2025	10:43:00	40.53930	141.55788	-4	0.0	4	2.1	223
18/05/2025	10:44:00	40.53908	141.55763	-6	0.0	4	2.2	222
18/05/2025	10:45:00	40.53933	141.55774	12	0.0	4	2.3	225
18/05/2025	10:46:00	40.53950	141.55768	26	3.7	4	2.3	219
18/05/2025	10:47:01	40.53930	141.55773	22	0.0	3	2.4	190
18/05/2025	10:48:01	40.53924	141.55783	-2	0.0	5	1.1	219
18/05/2025	10:49:01	40.53924	141.55766	48	0.0	3	1.3	189
18/05/2025	10:50:01	40.53921	141.55779	22	0.0	3	1.3	210
18/05/2025	10:51:01	40.53923	141.55779	-2	0.0	3	2.0	191
18/05/2025	10:52:01	40.53923	141.55771	-16	0.0	3	2.0	151
18/05/2025	10:53:02	40.53919	141.55772	-8	0.0	5	1.1	246
18/05/2025	10:54:00	40.53910	141.55786	22	0.0	3	2.0	253
18/05/2025	10:55:00	40.53916	141.55777	-2	0.0	4	1.2	273
18/05/2025	10:56:01	40.53923	141.55770	28	0.0	5	1.1	248
18/05/2025	10:57:00	40.53927	141.55766	-48	0.0	3	2.1	268
18/05/2025	10:58:01	40.53918	141.55771	32	0.0	5	1.1	248
18/05/2025	10:59:00	40.53920	141.55777	8	0.0	3	1.3	204
18/05/2025	11:00:00	40.53923	141.55773	2	0.0	4	1.2	250
18/05/2025	11:01:00	40.53909	141.55766	-6	0.0	3	2.1	211
18/05/2025	11:02:00	40.53920	141.55763	50	0.0	4	2.0	249
18/05/2025	11:03:01	40.53916	141.55771	10	0.0	5	1.1	252
18/05/2025	11:04:00	40.53919	141.55779	14	3.7	3	1.4	209
18/05/2025	11:05:00	40.53923	141.55781	-8	0.0	4	1.4	248
18/05/2025	11:06:00	40.53942	141.55764	34	3.7	4	1.4	216
18/05/2025	11:07:00	40.53906	141.55779	-4	0.0	4	1.4	253
18/05/2025	11:08:00	40.53921	141.55780	-4	0.0	4	1.4	194
18/05/2025	11:09:01	40.53927	141.55787	-24	3.7	3	2.4	190
18/05/2025	11:10:01	40.53912	141.55771	42	0.0	4	1.4	248
18/05/2025	11:11:01	40.53924	141.55763	48	0.0	4	1.3	248
18/05/2025	11:12:01	40.53904	141.55788	-22	3.7	3	2.3	219
18/05/2025	11:13:02	40.53920	141.55775	8	0.0	5	1.2	250
18/05/2025	11:14:00	40.53911	141.55767	-24	0.0	4	1.1	252
18/05/2025	11:15:00	40.53916	141.55775	-26	0.0	4	1.1	252
18/05/2025	11:16:00	40.53924	141.55770	6	3.7	3	1.2	218
18/05/2025	11:17:00	40.53922	141.55776	-0	0.0	4	1.3	251
18/05/2025	11:18:01	40.53919	141.55774	2	0.0	4	1.1	254
18/05/2025	11:19:00	40.53920	141.55793	0	0.0	4	1.1	256
18/05/2025	11:20:00	40.53924	141.55777	-28	0.0	3	1.2	222
18/05/2025	11:21:00	40.53913	141.55767	18	0.0	3	1.2	218
18/05/2025	11:22:01	40.53919	141.55765	0	0.0	4	1.1	249
18/05/2025	11:23:00	40.53910	141.55776	22	0.0	4	1.1	226
18/05/2025	11:24:00	40.53919	141.55779	-22	0.0	3	1.2	249
18/05/2025	11:25:00	40.53927	141.55769	20	3.7	3	2.3	218
18/05/2025	11:26:00	40.53914	141.55772	12	0.0	3	1.2	225
18/05/2025	11:27:01	40.53914	141.55775	14	0.0	4	1.1	244
18/05/2025	11:28:00	40.53929	141.55771	-6	0.0	4	1.2	196
18/05/2025	11:29:00	40.53916	141.55761	8	0.0	4	1.1	222
18/05/2025	11:30:01	40.53921	141.55783	2	0.0	4	1.1	226
18/05/2025	11:31:00	40.53924	141.55785	4	0.0	3	1.4	158
18/05/2025	11:32:00	40.53912	141.55787	-26	3.7	3	2.3	222
18/05/2025	11:33:00	40.53898	141.55765	10	0.0	3	2.1	253
18/05/2025	11:34:00	40.53920	141.55791	-40	7.4	3	2.1	221
18/05/2025	11:35:00	40.53915	141.55783	50	0.0	4	1.1	255
18/05/2025	11:36:00	40.53927	141.55771	22	0.0	3	1.2	218
18/05/2025	11:37:01	40.53927	141.55778	40	0.0	3	1.2	251
18/05/2025	11:38:00	40.53945	141.55766	-8	0.0	3	1.2	248
18/05/2025	11:39:01	40.53919	141.55769	26	0.0	3	1.4	217
18/05/2025	11:40:01	40.53920	141.55780	38	0.0	4	1.1	255
18/05/2025	11:41:00	40.53920	141.55771	2	0.0	4	1.1	250
18/05/2025	11:42:02	40.53918	141.55773	0	0.0	4	1.1	255
18/05/2025	11:43:00	40.53922	141.55778	-14	0.0	4	1.1	196
18/05/2025	11:44:00	40.53920	141.55776	16	0.0	4	1.1	253
18/05/2025	11:45:01	40.53916	141.55769	18	0.0	4	1.1	256
18/05/2025	11:46:00	40.53919	141.55770	16	0.0	4	1.1	252
18/05/2025	11:47:01	40.53911	141.55766	12	0.0	4	1.1	253
18/05/2025	11:48:00	40.53921	141.55769	-40	0.0	4	1.1	248
18/05/2025	11:49:01	40.53919	141.55773	-0	0.0	4	1.1	254
18/05/2025	11:50:00	40.53915	141.55780	-24	0.0	3	1.3	134
18/05/2025	11:51:00	40.53909	141.55766	34	0.0	4	1.1	228
18/05/2025	11:52:00	40.53924	141.55767	-2	0.0	4	1.1	255
18/05/2025	11:53:00	40.53927	141.55769	-6	0.0	3	2.0	198
18/05/2025	11:54:00	40.53923	141.55765	-6	3.7	4	1.2	261
18/05/2025	11:55:00	40.53918	141.55759	36	0.0	4	1.1	258
18/05/2025	11:56:00	40.53918	141.55782	10	0.0	4	1.2	232
18/05/2025	11:57:00	40.53922	141.55781	-12	0.0	4	1.2	250
18/05/2025	11:58:00	40.53914	141.55771	40	0.0	4	1.1	193
18/05/2025	11:59:01	40.53913	141.55758	4	0.0	3	1.4	218
18/05/2025	12:00:01	40.53929	141.55763	-12	0.0	4	1.3	252
18/05/2025	12:01:00	40.53954	141.55770	-6	0.0	4	1.3	250
18/05/2025	12:02:00	40.53951	141.55765	-28	0.0	3	1.4	252
18/05/2025	12:03:02	40.53936	141.55775	-30	0.0	4	1.3	278
18/05/2025	12:04:00	40.53908	141.55789	4	0.0	3	2.0	247
18/05/2025	12:05:00	40.53923	141.55766	6	0.0	4	1.3	189
18/05/2025	12:06:00	40.53900	141.55766	-12	0.0	3	2.0	221
18/05/2025	12:07:00	40.53929	141.55797	6	3.7	3	2.0	227
18/05/2025	12:08:00	40.53954	141.55755	-62	3.7	4	1.3	225
18/05/2025	12:09:01	40.53919	141.55763	2	0.0	4	1.3	244
18/05/2025	12:10:01	40.53932	141.55773	-32	0.0	4	1.3	248
18/05/2025	12:11:01	40.53921	141.55766	8	0.0	4	1.3	223
18/05/2025	12:12:01	40.53904	141.55762	18	0.0	3	2.0	218
18/05/2025	12:13:01	40.53926	141.55768	4	0.0	4	1.3	226
18/05/2025	12:14:01	40.53925	141.55772	0	0.0	4	1.3	247
18/05/2025	12:15:00	40.53927	141.55776	30	0.0	3	2.0	216
18/05/2025	12:16:01	40.53930	141.55768	-18	3.7	3	2.1	253
18/05/2025	12:17:01	40.53920	141.55771	14	0.0	4	1.4	251
18/05/2025	12:18:01	40.53919	141.55769	4	0.0	4	1.4	252
18/05/2025	12:19:01	40.53935	141.55767	-10	0.0	4	1.4	245
18/05/2025	12:20:01	40.53934	141.55768	-18	0.0	4	1.4	223
18/05/2025	12:21:02	40.53924	141.55770	4	0.0	4	1.4	266
18/05/2025	12:22:01	40.53929	141.55769	-4	0.0	4	1.4	249
18/05/2025	12:23:01	40.53937	141.55766	-8	0.0	4	1.4	252
18/05/2025	12:24:01	40.53913	141.55771	4	0.0	4	1.4	254
18/05/2025	12:25:00	40.53919	141.55768	-2	0.0	4	1.4	255
18/05/2025	12:26:00	40.53904	141.55783	42	0.0	4	1.4	263
18/05/2025	12:27:00	40.53928	141.55764	-12	0.0	4	1.4	260
18/05/2025	12:28:00	40.53923	141.55777	0	0.0	4	1.4	262
18/05/2025	12:29:01	40.53929	141.55765	-8	0.0	4	1.4	223
18/05/2025	12:30:01	40.53913	141.55772	24	0.0	4	1.4	260
18/05/2025	12:31:01	40.53918	141.55767	14	0.0	4	1.4	256
18/05/2025	12:32:01	40.53914	141.55772	24	0.0	4	1.4	286
18/05/2025	12:33:01	40.53923	141.55775	2	0.0	4	2.0	262
18/05/2025	12:34:01	40.53923	141.55765	-10	0.0	3	2.2	256
18/05/2025	12:35:01	40.53921	141.55765	2	0.0	4	2.0	254
18/05/2025	12:36:01	40.53924	141.55776	0	0.0	4	2.0	252
18/05/2025	12:37:01	40.53924	141.55757	-12	0.0	3	2.3	249
18/05/2025	12:38:02	40.53924	141.55767	-4	0.0	4	2.0	251
18/05/2025	12:39:02	40.53935	141.55763	-4	0.0	4	2.0	272
18/05/2025	12:40:01	40.53933	141.55767	0	0.0	4	2.0	237
18/05/2025	12:41:02	40.53919	141.55768	0	0.0	4	2.0	244
18/05/2025	12:42:03	40.53939	141.55766	-4	0.0	4	2.0	269
18/05/2025	12:43:02	40.53922	141.55762	2	0.0	4	2.0	270
18/05/2025	12:44:03	40.53939	141.55764	-6	0.0	4	2.0	249
18/05/2025	12:45:02	40.53922	141.55771	4	0.0	4	2.0	220
18/05/2025	12:46:02	40.53965	141.55764	-22	0.0	3	4.4	261
18/05/2025	12:47:03	40.53925	141.55767	2	0.0	3	5.0	235
18/05/2025	12:48:03	40.53891	141.55777	32	0.0	3	5.0	243
18/05/2025	12:49:02	40.53936	141.55763	-8	0.0	3	5.0	232
18/05/2025	12:50:03	40.53941	141.55762	-6	0.0	3	5.0	265
18/05/2025	12:51:02	40.53938	141.55762	-0	0.0	3	5.1	257
18/05/2025	12:52:03	40.53930	141.55765	2	0.0	3	5.1	271
18/05/2025	12:53:02	40.53900	141.55780	26	0.0	3	5.1	278
18/05/2025	12:54:04	40.53928	141.55767	-8	0.0	3	5.1	230
18/05/2025	12:55:03	40.53905	141.55764	22	0.0	3	5.2	262
18/05/2025	12:56:04	40.53906	141.55766	22	0.0	2	3.1	236
18/05/2025	12:57:02	40.53902	141.55782	22	0.0	2	3.1	222
18/05/2025	12:58:09	40.53930	141.55769	4	7.4	3	5.3	254
18/05/2025	12:59:04	40.53907	141.55763	4	0.0	2	3.2	233
18/05/2025	13:00:02	40.53915	141.55777	12	0.0	2	3.2	220
18/05/2025	13:01:09	40.53944	141.55763	-4	0.0	3	5.3	234
18/05/2025	13:02:14	40.53929	141.55768	0	14.8	3	5.4	234
18/05/2025	13:03:03	40.53935	141.55769	8	0.0	2	3.2	218
18/05/2025	13:04:18	40.53919	141.55771	12	0.0	6	1.1	236
18/05/2025	13:05:00	40.53926	141.55768	12	0.0	4	1.3	158
18/05/2025	13:06:00	40.53920	141.55772	10	0.0	5	1.2	197
18/05/2025	13:07:00	40.53925	141.55781	-8	0.0	5	1.3	198
18/05/2025	13:08:00	40.53954	141.55799	-6	0.0	5	1.3	196
18/05/2025	13:09:00	40.53925	141.55774	12	0.0	5	1.2	221
18/05/2025	13:10:00	40.53927	141.55777	2	0.0	5	1.2	199
18/05/2025	13:11:00	40.53934	141.55767	38	0.0	5	1.3	220
18/05/2025	13:12:00	40.53927	141.55784	-10	0.0	4	2.0	196
18/05/2025	13:13:01	40.53921	141.55763	8	0.0	5	1.2	222
18/05/2025	13:14:00	40.53923	141.55782	8	0.0	4	2.1	193
18/05/2025	13:15:00	40.53915	141.55775	14	0.0	5	1.2	198
18/05/2025	13:16:01	40.53913	141.55761	26	0.0	5	1.2	219
18/05/2025	13:17:00	40.53911	141.55778	-6	0.0	5	1.3	199
18/05/2025	13:18:00	40.53918	141.55772	20	3.7	5	1.3	200
18/05/2025	13:19:00	40.53912	141.55764	2	0.0	5	1.3	198
18/05/2025	13:20:00	40.53919	141.55766	-30	0.0	3	2.1	137
18/05/2025	13:21:00	40.53909	141.55772	-2	0.0	5	1.3	227
18/05/2025	13:22:00	40.53913	141.55773	2	3.7	4	2.0	168
18/05/2025	13:23:00	40.53933	141.55781	20	0.0	4	1.4	196
18/05/2025	13:24:00	40.53938	141.55789	-2	0.0	3	2.2	187
18/05/2025	13:25:00	40.53908	141.55754	42	0.0	5	1.1	198
18/05/2025	13:26:00	40.53915	141.55768	2	0.0	3	2.1	135
18/05/2025	13:27:00	40.53907	141.55774	14	0.0	5	1.1	197
18/05/2025	13:28:00	40.53909	141.55759	28	0.0	5	1.2	227
18/05/2025	13:29:00	40.53915	141.55779	16	0.0	4	1.4	192
18/05/2025	13:30:00	40.53914	141.55778	-28	3.7	3	2.4	129
18/05/2025	13:31:00	40.53920	141.55770	8	0.0	4	2.1	164
18/05/2025	13:32:00	40.53916	141.55765	6	0.0	4	1.3	224
18/05/2025	13:33:01	40.53928	141.55772	24	0.0	4	1.3	196
18/05/2025	13:34:00	40.53921	141.55768	38	0.0	3	1.2	164
18/05/2025	13:35:00	40.53921	141.55771	24	0.0	5	1.2	195
18/05/2025	13:36:00	40.53929	141.55757	22	0.0	4	1.3	224
18/05/2025	13:37:01	40.53909	141.55771	-18	0.0	5	1.2	226
18/05/2025	13:38:00	40.53908	141.55779	-18	3.7	5	1.2	200
18/05/2025	13:39:01	40.53913	141.55766	10	0.0	4	1.3	225
18/05/2025	13:40:00	40.53919	141.55781	-4	0.0	4	1.1	197
18/05/2025	13:41:00	40.53918	141.55772	4	0.0	4	1.3	220
18/05/2025	13:42:01	40.53923	141.55774	4	0.0	5	1.1	254
18/05/2025	13:43:01	40.53911	141.55780	14	0.0	5	1.1	220
18/05/2025	13:44:00	40.53906	141.55762	4	0.0	5	1.1	201
18/05/2025	13:45:00	40.53916	141.55772	18	0.0	4	1.2	191
18/05/2025	13:46:00	40.53929	141.55773	6	0.0	4	1.2	224
18/05/2025	13:47:00	40.53917	141.55776	6	0.0	4	1.2	191
18/05/2025	13:48:01	40.53925	141.55772	64	0.0	4	1.2	225
18/05/2025	13:49:01	40.53914	141.55767	28	0.0	3	1.3	219
18/05/2025	13:50:01	40.53926	141.55775	10	0.0	5	1.1	224
18/05/2025	13:51:01	40.53914	141.55763	8	0.0	4	1.3	193
18/05/2025	13:52:00	40.53909	141.55753	2	0.0	4	1.3	187
18/05/2025	13:53:01	40.53920	141.55762	32	0.0	5	1.1	192
18/05/2025	13:54:01	40.53917	141.55761	14	3.7	4	1.1	191
18/05/2025	13:55:01	40.53925	141.55783	64	0.0	5	1.1	218
18/05/2025	13:56:01	40.53930	141.55782	10	0.0	4	1.1	219
18/05/2025	13:57:01	40.53917	141.55756	42	0.0	4	1.1	220
18/05/2025	13:58:01	40.53914	141.55761	8	0.0	3	2.2	186
18/05/2025	13:59:01	40.53920	141.55768	-28	0.0	3	1.2	163
18/05/2025	14:00:01	40.53919	141.55770	2	0.0	5	1.1	250
18/05/2025	14:01:01	40.53892	141.55736	50	0.0	3	2.1	207
18/05/2025	14:02:01	40.53918	141.55764	-14	0.0	4	1.2	242
18/05/2025	14:03:01	40.53909	141.55786	-14	0.0	3	1.4	242
18/05/2025	14:04:01	40.53922	141.55776	4	0.0	4	1.3	218
18/05/2025	14:05:01	40.53918	141.55770	30	0.0	4	1.1	187
18/05/2025	14:06:01	40.53922	141.55777	14	0.0	4	1.1	240
18/05/2025	14:07:01	40.53915	141.55769	-0	0.0	3	1.1	238
18/05/2025	14:08:01	40.53914	141.55772	2	0.0	4	1.1	187
18/05/2025	14:09:01	40.53934	141.55792	16	0.0	4	1.1	209
18/05/2025	14:10:01	40.53918	141.55779	2	0.0	4	1.1	190
18/05/2025	14:11:01	40.53916	141.55774	12	0.0	4	1.1	248
18/05/2025	14:12:01	40.53916	141.55774	-12	0.0	4	1.1	185
18/05/2025	14:13:01	40.53929	141.55774	36	0.0	4	1.2	194
18/05/2025	14:14:01	40.53920	141.55777	-10	0.0	4	1.1	219
18/05/2025	14:15:01	40.53922	141.55783	10	0.0	3	1.1	245
18/05/2025	14:16:01	40.53923	141.55780	-2	0.0	4	1.1	191
18/05/2025	14:17:01	40.53918	141.55786	-18	0.0	4	1.1	163
18/05/2025	14:18:01	40.53911	141.55757	8	0.0	3	1.4	187
18/05/2025	14:19:01	40.53914	141.55764	-4	0.0	4	1.1	190
18/05/2025	14:20:01	40.53923	141.55777	40	0.0	3	1.1	132
18/05/2025	14:21:01	40.53923	141.55766	42	0.0	4	1.2	218
18/05/2025	14:22:01	40.53909	141.55757	34	0.0	4	1.1	219
18/05/2025	14:23:01	40.53919	141.55773	8	0.0	4	1.1	244
18/05/2025	14:24:01	40.53910	141.55766	-6	0.0	4	1.1	241
18/05/2025	14:25:01	40.53931	141.55768	58	0.0	3	1.1	219
18/05/2025	14:26:01	40.53915	141.55770	-2	0.0	4	1.0	192
18/05/2025	14:27:01	40.53900	141.55765	-38	0.0	4	1.0	192
18/05/2025	14:28:01	40.53936	141.55771	12	3.7	3	1.1	190
18/05/2025	14:29:01	40.53921	141.55769	-0	3.7	3	1.1	218
18/05/2025	14:30:01	40.53920	141.55772	24	0.0	4	1.0	219
18/05/2025	14:31:01	40.53917	141.55758	88	0.0	3	2.0	223
18/05/2025	14:32:01	40.53914	141.55769	16	0.0	4	1.0	221
18/05/2025	14:33:01	40.53917	141.55778	76	0.0	3	1.1	198
18/05/2025	14:34:01	40.53915	141.55764	-40	0.0	3	1.1	226
18/05/2025	14:35:01	40.53928	141.55767	50	0.0	4	1.1	196
18/05/2025	14:36:01	40.53925	141.55788	-16	0.0	3	1.1	159
18/05/2025	14:37:01	40.53921	141.55765	0	0.0	4	1.1	223
18/05/2025	14:38:01	40.53926	141.55782	10	0.0	4	1.1	223
18/05/2025	14:39:01	40.53919	141.55771	16	0.0	3	1.4	224
18/05/2025	14:40:01	40.53935	141.55786	-12	0.0	4	1.1	224
18/05/2025	14:41:01	40.53918	141.55777	12	0.0	4	1.1	191
18/05/2025	14:42:01	40.53916	141.55773	56	0.0	3	1.3	191
18/05/2025	14:43:01	40.53919	141.55775	22	0.0	4	1.1	199
18/05/2025	14:44:01	40.53911	141.55771	36	0.0	4	1.1	196
18/05/2025	14:45:01	40.53922	141.55774	12	0.0	3	2.1	192
18/05/2025	14:46:01	40.53934	141.55768	36	0.0	3	2.0	221
18/05/2025	14:47:01	40.53912	141.55762	-42	0.0	3	2.0	163
18/05/2025	14:48:01	40.53917	141.55775	10	0.0	4	1.1	232
18/05/2025	14:49:01	40.53911	141.55773	18	0.0	3	1.3	226
18/05/2025	14:50:01	40.53917	141.55779	2	0.0	3	1.3	199
18/05/2025	14:51:01	40.53920	141.55776	38	0.0	3	1.1	197
18/05/2025	14:52:01	40.53905	141.55770	-26	0.0	3	2.1	227
18/05/2025	14:53:01	40.53924	141.55770	10	0.0	4	1.1	248
18/05/2025	14:54:01	40.53927	141.55780	-2	0.0	3	2.2	197
18/05/2025	14:55:01	40.53924	141.55777	-10	0.0	3	1.3	231
18/05/2025	14:56:01	40.53919	141.55780	-18	0.0	3	1.4	229
18/05/2025	14:57:01	40.53920	141.55771	-4	0.0	4	1.1	194
18/05/2025	14:58:01	40.53935	141.55769	-44	0.0	3	2.3	223
18/05/2025	14:59:01	40.53918	141.55767	6	0.0	4	1.1	227
18/05/2025	15:00:01	40.53909	141.55776	48	0.0	3	2.1	200
18/05/2025	15:01:01	40.53921	141.55776	-2	0.0	3	2.1	224
18/05/2025	15:02:01	40.53918	141.55766	8	0.0	3	2.1	191
18/05/2025	15:03:01	40.53924	141.55769	10	0.0	3	2.2	219
18/05/2025	15:04:01	40.53926	141.55778	20	0.0	3	2.2	198
18/05/2025	15:05:01	40.53915	141.55773	-8	0.0	3	2.2	218
18/05/2025	15:06:01	40.53921	141.55792	62	0.0	3	2.2	167
18/05/2025	15:07:01	40.53918	141.55761	-2	0.0	3	2.3	198
18/05/2025	15:08:01	40.53928	141.55762	10	0.0	3	2.3	198
18/05/2025	15:09:01	40.53928	141.55759	-8	0.0	3	2.3	196
18/05/2025	15:10:01	40.53922	141.55763	-24	3.7	3	2.4	198
18/05/2025	15:11:01	40.53923	141.55774	-12	0.0	3	2.4	193
18/05/2025	15:12:01	40.53915	141.55774	34	0.0	3	3.0	194
18/05/2025	15:13:01	40.53915	141.55771	22	0.0	3	3.0	193
18/05/2025	15:14:01	40.53925	141.55762	-10	0.0	3	3.1	198
18/05/2025	15:15:02	40.53930	141.55767	-26	0.0	3	3.1	218
18/05/2025	15:16:02	40.53920	141.55770	10	0.0	3	3.2	217
18/05/2025	15:17:01	40.53917	141.55765	-0	0.0	3	3.3	193
18/05/2025	15:18:01	40.53922	141.55772	-16	0.0	3	3.4	196
18/05/2025	15:19:01	40.53916	141.55774	14	0.0	3	3.4	186
18/05/2025	15:20:02	40.53917	141.55772	-4	0.0	3	4.1	214
18/05/2025	15:21:03	40.53917	141.55772	2	0.0	3	4.2	237
18/05/2025	15:22:03	40.53917	141.55773	20	0.0	3	4.3	242
18/05/2025	15:23:03	40.53900	141.55787	54	0.0	3	5.0	244
18/05/2025	15:24:02	40.53919	141.55774	0	0.0	3	5.1	239
18/05/2025	15:25:03	40.53925	141.55762	-0	0.0	2	2.1	237
18/05/2025	15:26:03	40.53877	141.55809	104	0.0	3	6.1	241
18/05/2025	15:27:04	40.53941	141.55757	-42	0.0	3	6.3	241
18/05/2025	15:28:03	40.53888	141.55797	72	3.7	3	7.2	243
18/05/2025	15:29:04	40.53919	141.55774	6	0.0	3	8.1	239
18/05/2025	15:30:03	40.53935	141.55760	-12	0.0	3	9.1	240
18/05/2025	15:31:03	40.53867	141.55809	112	3.7	3	10.2	245
18/05/2025	15:32:03	40.53945	141.55747	-40	0.0	3	12.0	249
18/05/2025	15:33:04	40.53912	141.55780	18	7.4	3	14.1	249
18/05/2025	15:34:05	40.53947	141.55748	-42	11.1	3	17.2	247
18/05/2025	15:35:18	40.53917	141.55773	10	0.0	7	1.0	253
18/05/2025	15:36:01	40.53907	141.55765	36	0.0	5	1.2	228
18/05/2025	15:37:00	40.53925	141.55760	10	0.0	5	1.3	226
18/05/2025	15:38:00	40.53921	141.55774	-2	0.0	5	1.1	224
18/05/2025	15:39:00	40.53908	141.55773	0	0.0	4	1.4	221
18/05/2025	15:40:01	40.53919	141.55785	0	0.0	5	1.0	212
18/05/2025	15:41:00	40.53925	141.55782	-10	0.0	3	1.2	158
18/05/2025	15:42:00	40.53900	141.55766	40	0.0	3	1.3	226
18/05/2025	15:43:00	40.53934	141.55767	-0	0.0	6	1.0	226
18/05/2025	15:44:00	40.53890	141.55775	28	0.0	5	1.1	230
18/05/2025	15:45:00	40.53909	141.55759	16	0.0	5	1.2	230
18/05/2025	15:46:00	40.53917	141.55771	2	0.0	4	1.3	226
18/05/2025	15:47:00	40.53936	141.55760	50	0.0	3	1.3	255
18/05/2025	15:48:00	40.53916	141.55787	18	0.0	5	1.0	254
18/05/2025	15:49:01	40.53909	141.55763	10	0.0	4	1.2	197
18/05/2025	15:50:01	40.53918	141.55777	18	0.0	6	1.0	258
18/05/2025	15:51:01	40.53923	141.55773	18	0.0	6	1.0	262
18/05/2025	15:52:01	40.53920	141.55769	12	0.0	6	1.0	258
18/05/2025	15:53:01	40.53934	141.55788	-2	0.0	5	1.1	248
18/05/2025	15:54:01	40.53923	141.55774	4	0.0	5	1.0	256
18/05/2025	15:55:01	40.53913	141.55764	12	0.0	6	1.0	257
18/05/2025	15:56:01	40.53919	141.55776	6	0.0	6	1.0	253
18/05/2025	15:57:01	40.53922	141.55774	20	0.0	4	1.1	221
18/05/2025	15:58:01	40.53914	141.55775	4	0.0	6	1.0	257
18/05/2025	15:59:00	40.53920	141.55772	0	0.0	6	1.0	254
18/05/2025	16:00:00	40.53951	141.55771	-50	0.0	3	2.4	134
18/05/2025	16:01:00	40.53907	141.55773	20	0.0	3	2.2	140
18/05/2025	16:02:00	40.53916	141.55772	16	0.0	3	2.2	223
18/05/2025	16:03:00	40.53917	141.55784	6	0.0	4	1.3	200
18/05/2025	16:04:00	40.53909	141.55774	24	0.0	4	1.3	193
18/05/2025	16:05:01	40.53919	141.55768	12	0.0	4	1.1	227
18/05/2025	16:06:01	40.53921	141.55780	2	0.0	6	1.0	255
18/05/2025	16:07:00	40.53915	141.55759	22	0.0	5	1.0	228
18/05/2025	16:08:00	40.53921	141.55762	24	0.0	5	1.0	259
18/05/2025	16:09:00	40.53919	141.55770	6	0.0	5	1.1	238
18/05/2025	16:10:00	40.53917	141.55770	12	0.0	5	1.1	234
18/05/2025	16:11:00	40.53918	141.55776	6	0.0	6	1.0	288
18/05/2025	16:12:00	40.53927	141.55773	-18	0.0	5	1.1	261
18/05/2025	16:13:00	40.53929	141.55771	-8	0.0	5	1.3	201
18/05/2025	16:14:00	40.53911	141.55768	-2	0.0	6	1.0	235
18/05/2025	16:15:00	40.53914	141.55779	20	0.0	3	1.3	164
18/05/2025	16:16:00	40.53921	141.55767	-4	0.0	5	1.1	230
18/05/2025	16:17:01	40.53913	141.55780	16	0.0	4	1.4	257
18/05/2025	16:18:01	40.53920	141.55768	16	0.0	5	1.1	253
18/05/2025	16:19:01	40.53908	141.55774	20	0.0	5	1.1	225
18/05/2025	16:20:01	40.53923	141.55774	-6	0.0	4	2.0	284
18/05/2025	16:21:01	40.53925	141.55771	2	0.0	6	1.0	287
18/05/2025	16:22:00	40.53916	141.55766	6	0.0	5	1.1	279
18/05/2025	16:23:00	40.53921	141.55769	6	0.0	5	1.1	281
18/05/2025	16:24:00	40.53916	141.55795	42	0.0	3	1.4	211
18/05/2025	16:25:00	40.53912	141.55762	8	0.0	4	1.3	248
18/05/2025	16:26:00	40.53917	141.55766	22	0.0	4	1.2	241
18/05/2025	16:27:01	40.53931	141.55789	-18	0.0	5	1.1	279
18/05/2025	16:28:01	40.53925	141.55762	-8	0.0	5	1.2	238
18/05/2025	16:29:01	40.53920	141.55775	6	0.0	4	1.2	281
18/05/2025	16:30:01	40.53917	141.55774	0	0.0	5	1.1	248
18/05/2025	16:31:01	40.53916	141.55770	18	0.0	4	1.2	247
18/05/2025	16:32:01	40.53924	141.55785	30	0.0	3	2.2	239
18/05/2025	16:33:01	40.53914	141.55754	32	0.0	3	1.3	220
18/05/2025	16:34:01	40.53918	141.55766	14	0.0	4	1.1	249
18/05/2025	16:35:01	40.53915	141.55770	30	0.0	3	2.2	231
18/05/2025	16:36:01	40.53925	141.55782	-36	0.0	4	1.3	226
18/05/2025	16:37:00	40.53923	141.55775	-26	0.0	3	1.4	186
18/05/2025	16:38:00	40.53919	141.55760	40	0.0	4	1.1	227
18/05/2025	16:39:00	40.53918	141.55770	-24	0.0	3	2.0	248
18/05/2025	16:40:01	40.53919	141.55778	0	0.0	5	1.1	247
18/05/2025	16:41:00	40.53916	141.55764	20	0.0	4	1.1	224
18/05/2025	16:42:00	40.53924	141.55767	8	0.0	3	1.4	196
18/05/2025	16:43:00	40.53916	141.55785	-2	0.0	3	1.3	225
18/05/2025	16:44:00	40.53921	141.55781	-2	0.0	4	1.1	221
18/05/2025	16:45:00	40.53920	141.55766	38	0.0	4	1.1	223
18/05/2025	16:46:01	40.53912	141.55766	-0	0.0	3	1.4	213
18/05/2025	16:47:00	40.53931	141.55779	30	0.0	4	1.2	191
18/05/2025	16:48:00	40.53913	141.55786	-2	0.0	4	1.2	194
18/05/2025	16:49:01	40.53919	141.55766	-14	0.0	4	1.1	222
18/05/2025	16:50:00	40.53922	141.55791	60	0.0	3	1.3	190
18/05/2025	16:51:00	40.53917	141.55774	20	0.0	3	1.3	214
18/05/2025	16:52:00	40.53924	141.55785	38	0.0	3	1.3	215
18/05/2025	16:53:00	40.53914	141.55776	38	0.0	3	1.3	213
18/05/2025	16:54:00	40.53907	141.55775	-6	0.0	3	1.3	186
18/05/2025	16:55:01	40.53914	141.55765	-0	0.0	4	1.1	189
18/05/2025	16:56:00	40.53919	141.55768	4	0.0	3	1.4	182
18/05/2025	16:57:00	40.53925	141.55767	-10	0.0	3	1.4	213
18/05/2025	16:58:00	40.53924	141.55769	18	0.0	3	1.4	208
18/05/2025	16:59:00	40.53916	141.55774	36	0.0	3	1.4	157
18/05/2025	17:00:00	40.53918	141.55789	36	0.0	3	1.4	214
18/05/2025	17:01:01	40.53918	141.55763	-32	0.0	4	1.3	209
18/05/2025	17:02:00	40.53919	141.55777	34	0.0	3	2.2	209
18/05/2025	17:03:02	40.53915	141.55777	4	0.0	4	1.3	234
18/05/2025	17:04:01	40.53926	141.55775	10	0.0	4	1.3	216
18/05/2025	17:05:01	40.53916	141.55767	-10	0.0	4	1.3	213
18/05/2025	17:06:00	40.53923	141.55764	-4	0.0	4	1.3	220
18/05/2025	17:07:00	40.53921	141.55773	10	0.0	4	1.3	222
18/05/2025	17:08:00	40.53924	141.55744	-154	0.0	3	2.1	216
18/05/2025	17:09:00	40.53920	141.55785	12	0.0	4	1.3	220
18/05/2025	17:10:00	40.53913	141.55772	-32	0.0	4	1.3	227
18/05/2025	17:11:00	40.53925	141.55781	14	0.0	4	1.3	220
18/05/2025	17:12:01	40.53919	141.55777	28	0.0	4	1.3	220
18/05/2025	17:13:00	40.53912	141.55760	-54	0.0	3	2.0	184
18/05/2025	17:14:01	40.53917	141.55773	-20	0.0	4	1.3	220
18/05/2025	17:15:01	40.53919	141.55765	58	0.0	3	1.4	187
18/05/2025	17:16:01	40.53912	141.55769	10	0.0	3	1.4	195
18/05/2025	17:17:02	40.53916	141.55776	40	0.0	4	1.3	254
18/05/2025	17:18:00	40.53915	141.55763	20	0.0	3	1.4	195
18/05/2025	17:19:02	40.53919	141.55776	24	0.0	4	1.3	251
18/05/2025	17:20:02	40.53929	141.55792	0	0.0	3	2.0	239
18/05/2025	17:21:01	40.53922	141.55772	2	0.0	4	1.3	181
18/05/2025	17:22:00	40.53898	141.55761	146	0.0	3	2.0	245
18/05/2025	17:23:00	40.53915	141.55775	14	0.0	4	1.3	219
18/05/2025	17:24:00	40.53914	141.55733	-20	3.7	3	2.0	216
18/05/2025	17:25:00	40.53928	141.55764	-0	0.0	4	1.3	251
18/05/2025	17:26:00	40.53915	141.55772	-8	0.0	4	1.3	228
18/05/2025	17:27:00	40.53917	141.55758	-22	0.0	4	1.3	195
18/05/2025	17:28:01	40.53925	141.55772	-8	0.0	4	1.3	193
18/05/2025	17:29:00	40.53926	141.55765	2	0.0	3	2.1	249
18/05/2025	17:30:00	40.53916	141.55796	22	0.0	3	2.1	218
18/05/2025	17:31:00	40.53906	141.55776	84	0.0	3	2.1	167
18/05/2025	17:32:00	40.53910	141.55783	30	0.0	4	1.3	255
18/05/2025	17:33:00	40.53912	141.55776	36	0.0	4	1.3	198
18/05/2025	17:34:01	40.53919	141.55773	36	0.0	4	1.3	221
18/05/2025	17:35:01	40.53921	141.55768	20	0.0	4	1.3	254
18/05/2025	17:36:00	40.53911	141.55782	20	0.0	3	2.1	253
18/05/2025	17:37:00	40.53937	141.55741	-14	33.3	4	1.3	240
18/05/2025	17:38:00	40.53936	141.55785	-70	0.0	3	2.1	287
18/05/2025	17:39:01	40.53919	141.55769	8	0.0	4	1.3	226
18/05/2025	17:40:00	40.53927	141.55768	8	0.0	4	1.3	242
18/05/2025	17:41:00	40.53913	141.55785	-8	0.0	4	1.4	277
18/05/2025	17:42:00	40.53929	141.55759	12	0.0	4	1.4	251
18/05/2025	17:43:00	40.53920	141.55763	-12	0.0	4	1.4	248
18/05/2025	17:44:00	40.53913	141.55778	18	0.0	4	1.4	257
18/05/2025	17:45:01	40.53915	141.55775	14	0.0	4	1.4	243
18/05/2025	17:46:00	40.53918	141.55777	48	0.0	4	1.4	219
18/05/2025	17:47:00	40.53927	141.55775	-6	0.0	3	2.4	265
18/05/2025	17:48:00	40.53907	141.55772	32	0.0	4	1.4	219
18/05/2025	17:49:00	40.53903	141.55788	68	0.0	3	2.4	249
18/05/2025	17:50:00	40.53903	141.55769	32	0.0	3	2.4	244
18/05/2025	17:51:00	40.53935	141.55789	-44	3.7	3	2.4	268
18/05/2025	17:52:01	40.53935	141.55757	-46	7.4	3	2.4	266
18/05/2025	17:53:02	40.53917	141.55777	22	0.0	4	2.0	269
18/05/2025	17:54:01	40.53916	141.55772	24	0.0	3	3.0	267
18/05/2025	17:55:01	40.53925	141.55765	-8	0.0	3	3.0	268
18/05/2025	17:56:01	40.53923	141.55767	-8	0.0	3	3.0	262
18/05/2025	17:57:01	40.53920	141.55776	6	0.0	3	3.0	242
18/05/2025	17:58:01	40.53912	141.55760	24	0.0	3	3.0	282
18/05/2025	17:59:02	40.53915	141.55760	2	0.0	3	3.0	271
18/05/2025	18:00:02	40.53923	141.55777	4	0.0	3	3.0	279
18/05/2025	18:01:18	40.53918	141.55771	8	0.0	7	1.0	277
18/05/2025	18:02:00	40.53906	141.55763	34	0.0	5	1.3	249
18/05/2025	18:03:00	40.53919	141.55760	20	3.7	4	1.4	238
18/05/2025	18:04:00	40.53908	141.55778	-16	0.0	6	1.1	251
18/05/2025	18:05:00	40.53921	141.55773	12	0.0	6	1.1	220
18/05/2025	18:06:00	40.53916	141.55786	0	0.0	6	1.1	246
18/05/2025	18:07:00	40.53915	141.55765	16	0.0	5	1.3	241
18/05/2025	18:08:01	40.53917	141.55773	2	0.0	7	1.0	249
18/05/2025	18:09:00	40.53912	141.55772	0	0.0	6	1.0	243
18/05/2025	18:10:00	40.53905	141.55766	-2	0.0	4	2.1	220
18/05/2025	18:11:00	40.53914	141.55777	-6	0.0	5	1.4	250
18/05/2025	18:12:00	40.53940	141.55763	2	0.0	5	1.2	219
18/05/2025	18:13:00	40.53918	141.55776	0	0.0	6	1.0	226
18/05/2025	18:14:00	40.53899	141.55783	-6	0.0	6	1.0	224
18/05/2025	18:15:01	40.53920	141.55773	4	0.0	5	1.2	250
18/05/2025	18:16:00	40.53923	141.55774	-22	0.0	3	2.3	185
18/05/2025	18:17:00	40.53911	141.55808	-12	0.0	4	1.4	222
18/05/2025	18:18:00	40.53920	141.55767	-2	0.0	5	1.2	229
18/05/2025	18:19:00	40.53910	141.55762	2	0.0	4	2.1	225
18/05/2025	18:20:00	40.53913	141.55772	10	0.0	5	1.4	223
18/05/2025	18:21:01	40.53926	141.55772	0	0.0	6	1.0	220
18/05/2025	18:22:00	40.53910	141.55770	12	0.0	4	2.1	188
18/05/2025	18:23:00	40.53913	141.55774	8	0.0	6	1.0	223
18/05/2025	18:24:00	40.53919	141.55766	6	0.0	6	1.0	239
18/05/2025	18:25:00	40.53922	141.55762	22	0.0	5	1.0	188
18/05/2025	18:26:00	40.53919	141.55773	-2	0.0	6	1.0	223
18/05/2025	18:27:00	40.53923	141.55769	4	0.0	6	1.0	221
18/05/2025	18:28:00	40.53918	141.55772	8	0.0	6	1.0	220
18/05/2025	18:29:00	40.53897	141.55792	52	0.0	4	1.4	188
18/05/2025	18:30:00	40.53919	141.55773	14	0.0	5	2.0	223
18/05/2025	18:31:00	40.53917	141.55769	8	0.0	5	1.2	222
18/05/2025	18:32:00	40.53913	141.55781	-10	0.0	4	2.1	219
18/05/2025	18:33:00	40.53914	141.55757	-0	0.0	4	2.1	245
18/05/2025	18:34:00	40.53936	141.55779	0	0.0	5	2.0	240
18/05/2025	18:35:00	40.53910	141.55758	16	0.0	4	2.1	220
18/05/2025	18:36:01	40.53906	141.55775	-14	0.0	5	2.0	218
18/05/2025	18:37:00	40.53903	141.55775	0	0.0	5	2.0	243
18/05/2025	18:38:00	40.53929	141.55772	0	0.0	5	2.0	218
18/05/2025	18:39:00	40.53908	141.55771	-0	0.0	4	2.1	192
18/05/2025	18:40:00	40.53913	141.55773	4	0.0	4	2.1	215
18/05/2025	18:41:00	40.53920	141.55781	18	0.0	5	2.0	218
18/05/2025	18:42:00	40.53931	141.55769	14	0.0	5	2.0	223
18/05/2025	18:43:00	40.53922	141.55764	28	0.0	4	2.1	218
18/05/2025	18:44:00	40.53919	141.55754	18	0.0	5	2.0	191
18/05/2025	18:45:00	40.53930	141.55781	24	0.0	4	2.2	190
18/05/2025	18:46:00	40.53896	141.55754	-2	0.0	5	2.0	226
18/05/2025	18:47:01	40.53912	141.55775	4	0.0	5	2.0	194
18/05/2025	18:48:00	40.53916	141.55774	-12	0.0	4	2.1	212
18/05/2025	18:49:00	40.53923	141.55777	32	0.0	5	1.4	225
18/05/2025	18:50:00	40.53910	141.55766	6	0.0	4	2.3	223
18/05/2025	18:51:00	40.53923	141.55776	8	0.0	4	2.1	212
18/05/2025	18:52:00	40.53918	141.55789	-8	0.0	4	2.3	194
18/05/2025	18:53:00	40.53903	141.55776	-4	3.7	4	2.3	245
18/05/2025	18:54:01	40.53923	141.55772	18	0.0	5	1.4	247
18/05/2025	18:55:00	40.53916	141.55771	24	0.0	4	2.3	223
18/05/2025	18:56:00	40.53905	141.55767	20	0.0	4	2.4	271
18/05/2025	18:57:00	40.53907	141.55767	-12	0.0	4	2.4	248
18/05/2025	18:58:00	40.53921	141.55774	12	0.0	5	1.4	219
18/05/2025	18:59:00	40.53922	141.55775	16	3.7	4	2.4	219
18/05/2025	19:00:00	40.53931	141.55792	-24	0.0	4	2.4	244
18/05/2025	19:01:00	40.53904	141.55764	-2	0.0	4	2.4	220
18/05/2025	19:02:00	40.53928	141.55774	6	0.0	4	1.4	189
18/05/2025	19:03:00	40.53918	141.55776	16	0.0	5	1.4	249
18/05/2025	19:04:00	40.53929	141.55774	8	0.0	5	1.4	198
18/05/2025	19:05:00	40.53928	141.55769	22	0.0	4	1.4	219
18/05/2025	19:06:00	40.53910	141.55779	10	0.0	5	1.4	252
18/05/2025	19:07:01	40.53915	141.55766	12	0.0	5	1.3	244
18/05/2025	19:08:00	40.53925	141.55766	26	0.0	5	1.3	247
18/05/2025	19:09:00	40.53887	141.55782	-46	0.0	4	2.0	244
18/05/2025	19:10:00	40.53921	141.55771	8	0.0	5	1.3	277
18/05/2025	19:11:00	40.53913	141.55776	0	0.0	5	1.3	241
18/05/2025	19:12:00	40.53915	141.55775	4	0.0	5	1.3	274
18/05/2025	19:13:00	40.53916	141.55771	10	0.0	5	1.3	278
18/05/2025	19:14:00	40.53929	141.55776	12	0.0	5	1.3	274
18/05/2025	19:15:00	40.53913	141.55771	-16	0.0	5	1.3	278
18/05/2025	19:16:00	40.53922	141.55770	10	0.0	5	1.3	279
18/05/2025	19:17:00	40.53913	141.55771	8	0.0	5	1.3	275
18/05/2025	19:18:00	40.53913	141.55777	-4	0.0	5	1.3	280
18/05/2025	19:19:01	40.53918	141.55774	6	0.0	5	1.3	282
18/05/2025	19:20:01	40.53918	141.55769	-2	0.0	5	1.3	275
18/05/2025	19:21:00	40.53919	141.55771	12	0.0	5	1.3	281
18/05/2025	19:22:01	40.53919	141.55767	18	0.0	5	1.2	279
18/05/2025	19:23:02	40.53916	141.55769	8	0.0	5	1.2	276
18/05/2025	19:24:02	40.53922	141.55775	12	0.0	5	1.2	275
18/05/2025	19:25:02	40.53914	141.55770	10	0.0	5	1.2	273
18/05/2025	19:26:01	40.53916	141.55769	4	0.0	5	1.2	277
18/05/2025	19:27:01	40.53922	141.55775	8	0.0	4	3.2	279
18/05/2025	19:28:02	40.53918	141.55767	-4	0.0	4	3.2	272
18/05/2025	19:29:01	40.53920	141.55769	4	0.0	4	3.2	276
18/05/2025	19:30:02	40.53918	141.55766	2	0.0	4	3.2	268
18/05/2025	19:31:02	40.53922	141.55779	0	0.0	4	3.2	277
18/05/2025	19:32:02	40.53919	141.55771	8	0.0	4	3.2	275
18/05/2025	19:33:02	40.53921	141.55771	6	0.0	4	3.2	276
18/05/2025	19:34:02	40.53919	141.55774	12	0.0	4	3.1	268
18/05/2025	19:35:02	40.53911	141.55764	18	0.0	4	3.1	265
18/05/2025	19:36:02	40.53909	141.55763	24	0.0	4	3.1	266
18/05/2025	19:37:02	40.53920	141.55772	4	0.0	4	3.1	271
18/05/2025	19:38:02	40.53918	141.55768	12	0.0	4	3.1	254
18/05/2025	19:39:02	40.53923	141.55778	-14	0.0	4	3.1	252
18/05/2025	19:40:01	40.53951	141.55800	-4	0.0	4	3.0	251
18/05/2025	19:41:02	40.53919	141.55772	-8	0.0	4	3.0	251
18/05/2025	19:42:02	40.53917	141.55774	2	0.0	4	3.0	255
18/05/2025	19:43:01	40.53918	141.55773	6	0.0	4	3.0	253
18/05/2025	19:44:02	40.53916	141.55773	16	0.0	4	3.0	249
18/05/2025	19:45:02	40.53913	141.55769	24	0.0	4	3.0	251
18/05/2025	19:46:00	40.53936	141.55792	-20	0.0	4	2.4	254
18/05/2025	19:47:00	40.53918	141.55773	16	0.0	4	2.4	244
18/05/2025	19:48:00	40.53918	141.55772	10	0.0	4	2.4	249
18/05/2025	19:49:00	40.53930	141.55799	36	0.0	4	2.4	221
18/05/2025	19:50:00	40.53918	141.55774	0	0.0	4	2.4	256
18/05/2025	19:51:00	40.53927	141.55773	-24	0.0	4	2.4	256
18/05/2025	19:52:00	40.53917	141.55766	14	0.0	4	2.3	253
18/05/2025	19:53:00	40.53920	141.55776	2	0.0	4	2.3	222
18/05/2025	19:54:00	40.53885	141.55751	36	3.7	3	2.3	216
18/05/2025	19:55:00	40.53921	141.55773	18	0.0	4	2.3	249
18/05/2025	19:56:00	40.53909	141.55773	20	0.0	4	2.3	272
18/05/2025	19:57:00	40.53929	141.55780	-10	0.0	4	2.3	275
18/05/2025	19:58:00	40.53920	141.55769	2	0.0	4	2.3	247
18/05/2025	19:59:00	40.53904	141.55764	16	0.0	4	2.3	248
18/05/2025	20:00:00	40.53944	141.55782	-64	3.7	3	2.3	250
18/05/2025	20:01:02	40.53920	141.55770	18	0.0	4	3.0	277
18/05/2025	20:02:02	40.53914	141.55766	22	0.0	4	3.0	280
18/05/2025	20:03:01	40.53919	141.55773	-0	0.0	4	3.0	275
18/05/2025	20:04:01	40.53900	141.55758	50	0.0	4	3.0	276
18/05/2025	20:05:02	40.53920	141.55769	12	0.0	4	3.0	280
18/05/2025	20:06:02	40.53915	141.55770	20	0.0	4	3.0	280
18/05/2025	20:07:02	40.53911	141.55772	34	0.0	4	3.0	281
18/05/2025	20:08:00	40.53940	141.55784	-24	0.0	4	2.4	252
18/05/2025	20:09:00	40.53911	141.55764	20	0.0	4	2.4	275
18/05/2025	20:10:00	40.53919	141.55769	16	0.0	4	2.4	279
18/05/2025	20:11:00	40.53905	141.55758	44	0.0	4	2.4	276
18/05/2025	20:12:00	40.53912	141.55766	12	0.0	4	2.4	275
18/05/2025	20:13:01	40.53921	141.55764	2	0.0	4	2.4	275
18/05/2025	20:14:00	40.53921	141.55775	-4	0.0	4	2.4	269
18/05/2025	20:15:00	40.53917	141.55766	30	0.0	4	2.4	273
18/05/2025	20:16:00	40.53912	141.55773	24	0.0	4	2.4	279
18/05/2025	20:17:01	40.53915	141.55777	2	0.0	4	2.4	282
18/05/2025	20:18:01	40.53918	141.55777	-2	0.0	4	2.4	276
18/05/2025	20:19:00	40.53920	141.55772	4	0.0	4	2.3	277
18/05/2025	20:20:01	40.53920	141.55770	-12	0.0	4	2.3	252
18/05/2025	20:21:01	40.53903	141.55761	54	0.0	4	2.3	281
18/05/2025	20:22:01	40.53924	141.55772	-12	0.0	4	2.3	277
18/05/2025	20:23:01	40.53906	141.55754	46	0.0	3	4.3	299
18/05/2025	20:24:02	40.53921	141.55764	4	0.0	4	2.3	302
18/05/2025	20:25:03	40.53917	141.55770	16	0.0	3	4.3	279
18/05/2025	20:26:02	40.53926	141.55783	-14	0.0	3	4.3	300
18/05/2025	20:27:03	40.53924	141.55772	4	0.0	3	4.3	304
18/05/2025	20:28:03	40.53917	141.55769	12	0.0	4	2.3	299
18/05/2025	20:29:02	40.53914	141.55766	24	0.0	3	4.3	310
18/05/2025	20:30:04	40.53918	141.55771	2	0.0	4	2.3	307
18/05/2025	20:31:02	40.53915	141.55775	22	0.0	3	4.3	277
18/05/2025	20:32:02	40.53916	141.55757	40	0.0	3	4.3	281
18/05/2025	20:33:03	40.53930	141.55785	-32	0.0	3	4.3	305
18/05/2025	20:34:03	40.53918	141.55770	2	0.0	3	4.3	303
18/05/2025	20:35:03	40.53931	141.55778	-32	0.0	3	4.3	303
18/05/2025	20:36:03	40.53896	141.55747	80	0.0	3	4.3	281
18/05/2025	20:37:03	40.53928	141.55780	-32	0.0	3	4.3	302
18/05/2025	20:38:03	40.53906	141.55762	44	0.0	3	4.3	289
18/05/2025	20:39:03	40.53931	141.55777	-26	0.0	3	4.4	305
18/05/2025	20:40:03	40.53910	141.55764	42	0.0	3	4.4	285
18/05/2025	20:41:03	40.53905	141.55769	38	0.0	3	4.4	285
18/05/2025	20:42:03	40.53938	141.55783	-46	0.0	3	4.4	285
18/05/2025	20:43:03	40.53935	141.55786	-42	0.0	3	4.4	284
18/05/2025	20:44:02	40.53900	141.55761	50	0.0	3	4.4	284
18/05/2025	20:45:03	40.53901	141.55762	44	0.0	3	4.4	286
18/05/2025	20:46:03	40.53918	141.55762	20	0.0	3	4.4	288
18/05/2025	20:47:03	40.53932	141.55776	-12	0.0	3	5.0	287
18/05/2025	20:48:03	40.53917	141.55768	12	0.0	3	5.0	255
18/05/2025	20:49:03	40.53931	141.55781	-24	0.0	3	5.0	286
18/05/2025	20:50:03	40.53899	141.55761	66	0.0	3	5.0	286
18/05/2025	20:51:03	40.53940	141.55782	-58	0.0	3	5.0	287
18/05/2025	20:52:03	40.53909	141.55764	28	0.0	3	5.0	283
18/05/2025	20:53:03	40.53903	141.55760	62	0.0	3	5.1	288
18/05/2025	20:54:03	40.53914	141.55770	16	0.0	3	5.1	288
18/05/2025	20:55:03	40.53958	141.55783	-72	0.0	3	5.1	287
18/05/2025	20:56:03	40.53900	141.55765	56	0.0	3	5.1	280
18/05/2025	20:57:03	40.53899	141.55766	42	0.0	3	5.1	282
18/05/2025	20:58:03	40.53917	141.55768	18	0.0	3	5.2	283
18/05/2025	20:59:03	40.53916	141.55774	8	0.0	3	5.2	276
18/05/2025	21:00:03	40.53935	141.55778	-30	0.0	3	5.2	275
18/05/2025	21:01:03	40.53925	141.55774	-4	0.0	3	5.2	277
18/05/2025	21:02:03	40.53917	141.55776	8	0.0	3	5.2	280
18/05/2025	21:03:03	40.53937	141.55784	-34	0.0	3	5.3	278
18/05/2025	21:04:03	40.53918	141.55775	-4	0.0	3	5.3	276
18/05/2025	21:05:03	40.53925	141.55771	-6	0.0	3	5.3	273
18/05/2025	21:06:03	40.53910	141.55763	42	0.0	3	5.4	275
18/05/2025	21:07:02	40.53907	141.55754	42	0.0	2	1.3	244
18/05/2025	21:08:02	40.53896	141.55764	48	0.0	2	3.2	220
18/05/2025	21:09:02	40.53886	141.55765	44	0.0	2	3.2	250
18/05/2025	21:10:02	40.53896	141.55769	42	0.0	2	3.2	275
18/05/2025	21:11:03	40.53913	141.55763	12	0.0	3	6.0	268
18/05/2025	21:12:02	40.53932	141.55769	14	0.0	2	3.2	270
18/05/2025	21:13:03	40.53917	141.55764	18	0.0	2	3.2	267
18/05/2025	21:14:02	40.53902	141.55762	24	0.0	2	3.2	243
18/05/2025	21:15:02	40.53897	141.55779	18	0.0	2	3.2	264
18/05/2025	21:16:04	40.53958	141.55776	-60	0.0	3	6.2	266
18/05/2025	21:17:04	40.53939	141.55771	-10	3.7	3	6.2	265
18/05/2025	21:18:03	40.53938	141.55769	-6	0.0	2	3.2	243
18/05/2025	21:19:04	40.53899	141.55762	46	3.7	3	6.3	259
18/05/2025	21:20:04	40.53944	141.55782	-42	0.0	3	6.3	260
18/05/2025	21:21:05	40.53888	141.55764	54	0.0	3	6.4	258
18/05/2025	21:22:04	40.53903	141.55761	34	7.4	3	6.4	237
18/05/2025	21:23:02	40.53879	141.55769	38	0.0	2	3.2	243
18/05/2025	21:24:03	40.53935	141.55766	-14	0.0	3	7.0	241
18/05/2025	21:25:04	40.53932	141.55770	-16	3.7	3	7.1	236
18/05/2025	21:26:04	40.53917	141.55766	8	0.0	3	7.1	234
18/05/2025	21:27:04	40.53928	141.55771	-14	3.7	3	7.2	260
18/05/2025	21:28:07	40.53895	141.55768	42	7.4	3	7.2	269
18/05/2025	21:29:04	40.53893	141.55759	46	0.0	2	3.4	226
18/05/2025	21:30:04	40.53869	141.55761	76	7.4	3	7.3	235
18/05/2025	21:31:04	40.53917	141.55770	16	0.0	3	7.4	235
18/05/2025	21:32:10	40.53951	141.55777	-38	18.5	3	8.0	260
18/05/2025	21:33:09	40.53902	141.55763	34	14.8	3	8.0	253
18/05/2025	21:34:04	40.53894	141.55768	32	0.0	2	3.2	234
18/05/2025	21:35:03	40.53935	141.55776	-16	0.0	3	8.2	270
18/05/2025	21:36:04	40.53848	141.55756	122	0.0	3	8.2	257
18/05/2025	21:37:04	40.53906	141.55777	6	11.1	3	8.3	255
18/05/2025	21:38:04	40.53917	141.55762	10	0.0	2	3.2	230
18/05/2025	21:39:05	40.53918	141.55770	8	0.0	2	3.2	233
18/05/2025	21:40:05	40.53927	141.55778	8	0.0	2	3.2	231
18/05/2025	21:41:06	40.53915	141.55763	8	3.7	2	4.0	252
18/05/2025	21:42:06	40.53927	141.55779	8	0.0	2	3.2	234
18/05/2025	21:43:19	40.53919	141.55770	10	0.0	6	1.1	235
18/05/2025	21:44:00	40.53928	141.55776	32	3.7	4	2.0	190
18/05/2025	21:45:00	40.53931	141.55772	10	0.0	4	2.0	191
18/05/2025	21:46:00	40.53921	141.55780	6	0.0	4	2.1	163
18/05/2025	21:47:00	40.53908	141.55773	-18	0.0	4	2.1	186
18/05/2025	21:48:00	40.53899	141.55775	24	0.0	4	2.1	218
18/05/2025	21:49:00	40.53908	141.55755	-30	3.7	4	2.1	195
18/05/2025	21:50:00	40.53898	141.55768	14	0.0	4	2.1	194
18/05/2025	21:51:02	40.53921	141.55774	4	0.0	5	1.1	244
18/05/2025	21:52:00	40.53924	141.55777	-4	0.0	4	2.1	219
18/05/2025	21:53:01	40.53922	141.55768	2	0.0	5	1.1	216
18/05/2025	21:54:00	40.53942	141.55769	42	0.0	3	2.4	186
18/05/2025	21:55:00	40.53932	141.55760	-6	0.0	4	2.1	188
18/05/2025	21:56:00	40.53920	141.55756	-16	0.0	4	2.2	217
18/05/2025	21:57:00	40.53896	141.55773	16	3.7	4	2.1	216
18/05/2025	21:58:00	40.53928	141.55780	26	3.7	4	2.2	214
18/05/2025	21:59:00	40.53915	141.55779	0	3.7	3	2.3	196
18/05/2025	22:00:01	40.53911	141.55776	40	0.0	4	2.3	181
18/05/2025	22:01:01	40.53939	141.55763	-28	0.0	4	2.3	186
18/05/2025	22:02:01	40.53926	141.55767	-24	0.0	4	2.3	195
18/05/2025	22:03:02	40.53913	141.55772	20	0.0	5	1.1	220
18/05/2025	22:04:00	40.53926	141.55782	-8	0.0	5	1.1	219
18/05/2025	22:05:01	40.54406	141.56050	16	51.9	5	1.1	288
18/05/2025	22:06:03	40.55080	141.56830	48	55.6	3	3.1	268
18/05/2025	22:07:03	40.55597	141.57644	30	55.6	5	1.1	309
18/05/2025	22:08:02	40.56051	141.58534	38	51.9	5	1.1	302
18/05/2025	22:09:01	40.56473	141.59435	40	48.2	4	2.2	270
18/05/2025	22:10:00	40.57004	141.60282	8	59.3	4	2.2	308
18/05/2025	22:11:00	40.57388	141.60978	14	7.4	5	1.1	269
18/05/2025	22:12:01	40.57649	141.61342	26	40.7	5	1.1	310
18/05/2025	22:13:00	40.58211	141.61915	22	48.2	4	2.2	253
18/05/2025	22:14:00	40.58803	141.62586	22	48.2	4	2.2	282
18/05/2025	22:15:01	40.59278	141.63243	8	55.6	5	1.2	312
18/05/2025	22:16:01	40.59866	141.64065	20	63.0	5	1.2	312
18/05/2025	22:17:00	40.60411	141.65014	38	59.3	4	2.2	283
18/05/2025	22:18:00	40.60940	141.66051	0	66.7	4	1.2	288
18/05/2025	22:19:00	40.61416	141.67001	58	59.3	4	1.3	193
18/05/2025	22:20:00	40.61930	141.67924	10	55.6	4	1.2	277
18/05/2025	22:21:01	40.62502	141.68865	20	59.3	5	1.2	283
18/05/2025	22:22:00	40.63045	141.69821	16	55.6	3	2.4	309
18/05/2025	22:23:01	40.63576	141.70818	10	63.0	5	1.2	316
18/05/2025	22:24:00	40.64103	141.71775	14	59.3	4	2.2	284
18/05/2025	22:25:00	40.64627	141.72669	62	55.6	4	1.2	284
18/05/2025	22:26:00	40.65224	141.73507	14	51.9	4	1.2	283
18/05/2025	22:27:01	40.65821	141.74292	-0	55.6	5	1.2	259
18/05/2025	22:28:00	40.66375	141.75117	2	51.9	4	1.2	287
18/05/2025	22:29:00	40.66944	141.75979	14	59.3	3	1.4	276
18/05/2025	22:30:00	40.67475	141.76837	20	51.9	4	1.2	281
18/05/2025	22:31:00	40.68018	141.77745	16	55.6	4	1.2	312
18/05/2025	22:32:01	40.68486	141.78698	-4	51.9	5	1.2	307
18/05/2025	22:33:00	40.68977	141.79474	8	51.9	4	1.2	311
18/05/2025	22:34:00	40.69510	141.80256	-10	48.2	4	1.2	287
18/05/2025	22:35:01	40.69996	141.81097	6	51.9	5	1.2	286
18/05/2025	22:36:00	40.70418	141.82054	46	59.3	4	1.2	282
18/05/2025	22:37:01	40.70801	141.82741	16	51.9	5	1.2	284
18/05/2025	22:38:00	40.71257	141.83660	40	55.6	4	1.2	305
18/05/2025	22:39:00	40.71689	141.84679	2	63.0	3	2.3	304
18/05/2025	22:40:01	40.71854	141.85318	6	59.3	5	1.2	310
18/05/2025	22:41:00	40.72151	141.86395	50	59.3	3	2.3	301
18/05/2025	22:42:00	40.72204	141.87269	4	44.4	4	1.2	249
18/05/2025	22:43:01	40.72033	141.88147	-12	7.4	5	1.2	266
18/05/2025	22:44:00	40.71764	141.88782	94	44.4	4	1.2	282
18/05/2025	22:45:00	40.71714	141.89775	70	51.9	4	1.2	277
18/05/2025	22:46:00	40.71950	141.90713	-82	48.2	3	2.4	313
18/05/2025	22:47:01	40.71956	141.91544	6	44.4	5	1.2	304
18/05/2025	22:48:00	40.72084	141.92444	38	48.2	4	1.2	304
18/05/2025	22:49:00	40.72215	141.93462	6	51.9	4	2.2	254
18/05/2025	22:50:00	40.72407	141.94520	80	51.9	3	1.3	221
18/05/2025	22:51:00	40.72579	141.95572	-26	59.3	4	2.2	277
18/05/2025	22:52:00	40.72952	141.96548	30	51.9	3	1.3	244
18/05/2025	22:53:01	40.73287	141.97486	-22	51.9	4	1.3	281
18/05/2025	22:54:01	40.73239	141.97554	-8	3.7	4	1.3	282
18/05/2025	22:55:02	40.73189	141.97576	-6	3.7	5	1.2	303
18/05/2025	22:56:00	40.73476	141.98064	6	48.2	3	2.0	183
18/05/2025	22:57:01	40.73855	141.98923	2	48.2	5	1.2	303
18/05/2025	22:58:00	40.73637	141.99355	8	29.6	4	2.1	253
18/05/2025	22:59:00	40.73512	141.98989	-12	0.0	3	2.0	154
18/05/2025	23:00:00	40.73420	141.98785	10	29.6	3	2.1	303
18/05/2025	23:01:01	40.73224	141.98523	-4	29.6	5	1.3	276
18/05/2025	23:02:01	40.72877	141.98258	26	37.0	4	1.3	287
18/05/2025	23:03:01	40.72593	141.98014	10	25.9	4	1.3	301
18/05/2025	23:04:01	40.72388	141.97621	-48	22.2	4	1.3	298
18/05/2025	23:05:02	40.72086	141.97147	-6	33.3	5	1.3	304
18/05/2025	23:06:01	40.71771	141.96771	12	29.6	4	1.3	299
18/05/2025	23:07:00	40.71511	141.96252	-20	37.0	4	1.3	302
18/05/2025	23:08:00	40.71180	141.95683	10	33.3	3	2.1	299
18/05/2025	23:09:01	40.70836	141.95332	18	33.3	5	1.3	271
18/05/2025	23:10:01	40.70454	141.94893	4	33.3	5	1.3	296
18/05/2025	23:11:00	40.70089	141.94419	-22	29.6	3	2.2	252
18/05/2025	23:12:00	40.69774	141.94051	-2	29.6	3	2.2	276
18/05/2025	23:13:00	40.69436	141.93605	-8	37.0	3	2.2	284
18/05/2025	23:14:00	40.68978	141.93160	32	37.0	3	2.2	194
18/05/2025	23:15:00	40.68523	141.92851	2	37.0	3	2.2	251
18/05/2025	23:16:01	40.68191	141.92400	6	29.6	3	2.2	300
18/05/2025	23:17:00	40.67830	141.91877	-0	37.0	3	2.2	215
18/05/2025	23:18:00	40.67413	141.91420	12	37.0	3	2.4	239
18/05/2025	23:19:01	40.66952	141.91058	-2	33.3	4	1.3	278
18/05/2025	23:20:00	40.66471	141.90666	12	33.3	3	2.2	244
18/05/2025	23:21:01	40.66031	141.90193	-10	40.7	3	2.2	276
18/05/2025	23:22:01	40.65615	141.89599	-26	37.0	4	1.4	274
18/05/2025	23:23:01	40.65206	141.88983	-8	40.7	3	2.2	165
18/05/2025	23:24:01	40.64760	141.88374	-28	44.4	4	1.4	293
18/05/2025	23:25:01	40.64238	141.87821	-2	44.4	3	2.3	248
18/05/2025	23:26:02	40.63757	141.87229	0	40.7	4	1.4	304
18/05/2025	23:27:01	40.63317	141.86557	14	44.4	4	1.4	304
18/05/2025	23:28:00	40.62863	141.85912	-0	40.7	3	2.3	248
18/05/2025	23:29:00	40.62347	141.85285	-8	44.4	3	2.3	255
18/05/2025	23:30:01	40.61827	141.84737	-16	44.4	4	1.4	304
18/05/2025	23:31:00	40.61303	141.84244	-8	37.0	3	2.3	250
18/05/2025	23:32:00	40.60849	141.83675	-0	44.4	3	2.3	165
18/05/2025	23:33:02	40.60376	141.83031	0	40.7	3	2.4	275
18/05/2025	23:34:02	40.59956	141.82377	-16	44.4	4	1.4	303
18/05/2025	23:35:01	40.59522	141.81741	-8	48.2	3	2.4	236
18/05/2025	23:36:00	40.58963	141.81263	-12	48.2	3	2.4	249
18/05/2025	23:37:01	40.58365	141.80799	0	48.2	4	2.0	254
18/05/2025	23:38:01	40.57853	141.80260	-2	40.7	3	2.4	275
18/05/2025	23:39:01	40.57334	141.79666	-10	48.2	4	2.0	244
18/05/2025	23:40:03	40.56824	141.79009	0	44.4	4	2.0	302
18/05/2025	23:41:01	40.56389	141.78329	12	44.4	4	2.0	306
18/05/2025	23:42:01	40.56006	141.77560	-10	44.4	4	2.0	273
18/05/2025	23:43:01	40.55563	141.76782	-8	48.2	4	2.0	274
18/05/2025	23:44:01	40.55077	141.76064	-10	48.2	4	2.0	303
18/05/2025	23:45:02	40.54585	141.75341	-8	44.4	4	2.0	300
18/05/2025	23:46:03	40.54209	141.74640	2	33.3	4	2.1	291
18/05/2025	23:47:02	40.53953	141.73928	-4	37.0	4	2.1	301
18/05/2025	23:48:02	40.53713	141.73173	10	44.4	4	2.1	300
18/05/2025	23:49:02	40.53495	141.72384	-0	48.2	4	2.1	304
18/05/2025	23:50:03	40.53219	141.71584	-6	40.7	4	2.1	297
18/05/2025	23:51:03	40.52983	141.70824	-12	37.0	4	2.1	291
18/05/2025	23:52:03	40.52816	141.70044	-4	37.0	3	6.2	303
18/05/2025	23:53:02	40.52684	141.69260	-2	40.7	4	2.1	294
18/05/2025	23:54:03	40.52534	141.68454	-8	40.7	4	2.2	296
18/05/2025	23:55:03	40.52446	141.67635	-4	40.7	4	2.2	292
18/05/2025	23:56:01	40.52314	141.66846	-4	37.0	4	2.2	304
18/05/2025	23:57:03	40.52211	141.65984	-0	40.7	3	8.0	297
18/05/2025	23:58:03	40.52104	141.65202	0	40.7	3	8.2	294
18/05/2025	23:59:03	40.52101	141.64356	-4	40.7	3	8.4	300
19/05/2025	00:00:05	40.52083	141.63514	-10	40.7	3	3.2	296
19/05/2025	00:07:29	40.53654	141.58274	16	40.7	3	2.3	293
19/05/2025	00:08:01	40.53937	141.58152	-18	37.0	3	2.3	307
19/05/2025	00:09:00	40.54333	141.57605	-4	40.7	3	2.3	314
19/05/2025	00:10:01	40.54351	141.56801	34	40.7	3	2.4	301
19/05/2025	00:11:02	40.54108	141.56166	34	40.7	2	2.0	298
19/05/2025	00:12:05	40.53929	141.55763	34	0.0	2	2.0	307
19/05/2025	00:13:05	40.53929	141.55762	32	0.0	2	2.0	293
19/05/2025	00:14:02	40.53938	141.55747	32	0.0	2	2.0	307
19/05/2025	00:15:02	40.53932	141.55768	28	0.0	2	2.0	306
19/05/2025	00:16:06	40.53925	141.55769	28	0.0	2	2.0	302
19/05/2025	00:17:07	40.53930	141.55764	32	0.0	2	2.0	305
19/05/2025	00:18:08	40.53932	141.55762	36	0.0	2	2.0	289
19/05/2025	00:19:07	40.53932	141.55760	38	0.0	2	2.0	289
19/05/2025	00:20:04	40.53941	141.55757	40	0.0	2	2.0	291
19/05/2025	00:21:19	40.53919	141.55768	8	0.0	7	0.4	304
19/05/2025	00:22:00	40.53923	141.55765	26	0.0	5	1.4	243
19/05/2025	00:23:00	40.53925	141.55782	12	0.0	5	1.4	276
19/05/2025	00:24:00	40.53919	141.55769	4	0.0	5	1.4	276
19/05/2025	00:25:01	40.53917	141.55773	32	0.0	5	1.1	247
19/05/2025	00:26:01	40.53916	141.55788	-12	3.7	4	1.4	277
19/05/2025	00:27:02	40.53919	141.55753	24	0.0	5	1.3	299
19/05/2025	00:28:01	40.53917	141.55743	34	0.0	3	2.0	272
19/05/2025	00:29:02	40.53913	141.55763	10	0.0	5	1.3	268
19/05/2025	00:30:02	40.53919	141.55766	10	0.0	6	1.1	300
19/05/2025	00:31:01	40.53975	141.55783	112	3.7	3	2.4	249
19/05/2025	00:32:01	40.53922	141.55775	6	0.0	6	1.1	296
19/05/2025	00:33:01	40.53930	141.55761	0	0.0	4	1.2	266
19/05/2025	00:34:01	40.53932	141.55758	34	0.0	4	2.3	271
19/05/2025	00:35:02	40.53912	141.55766	4	0.0	6	1.1	298
19/05/2025	00:36:00	40.53918	141.55780	4	0.0	5	1.1	273
19/05/2025	00:37:00	40.53922	141.55756	20	0.0	5	1.2	269
19/05/2025	00:38:02	40.53917	141.55775	-4	0.0	6	1.1	291
19/05/2025	00:39:01	40.53942	141.55766	36	0.0	3	2.4	274
19/05/2025	00:40:00	40.53911	141.55745	-18	3.7	3	2.4	273
19/05/2025	00:41:02	40.53922	141.55783	0	0.0	6	1.1	277
19/05/2025	00:42:02	40.53939	141.55770	34	0.0	4	1.2	245
19/05/2025	00:43:01	40.53922	141.55782	4	0.0	5	1.2	275
19/05/2025	00:44:02	40.53936	141.55769	32	3.7	4	2.2	276
19/05/2025	00:45:02	40.53847	141.55785	-132	3.7	4	2.2	278
19/05/2025	00:46:02	40.53916	141.55775	2	0.0	4	1.2	250
19/05/2025	00:47:02	40.53917	141.55765	10	0.0	6	1.0	277
19/05/2025	00:48:01	40.53928	141.55766	14	0.0	5	1.1	277
19/05/2025	00:49:00	40.53902	141.55754	4	3.7	4	2.3	280
19/05/2025	00:50:02	40.53929	141.55781	4	0.0	6	1.1	283
19/05/2025	00:51:02	40.53921	141.55774	10	0.0	6	1.0	280
19/05/2025	00:52:00	40.53923	141.55780	0	0.0	5	1.2	277
19/05/2025	00:53:01	40.53918	141.55778	0	0.0	6	1.0	275
19/05/2025	00:54:01	40.53922	141.55784	0	0.0	6	1.0	274
19/05/2025	00:55:00	40.53926	141.55775	-2	0.0	5	1.1	276
19/05/2025	00:56:01	40.53923	141.55774	-10	0.0	5	1.1	286
19/05/2025	00:57:02	40.53912	141.55767	6	0.0	6	1.0	282
19/05/2025	00:58:01	40.53927	141.55767	6	0.0	5	1.1	285
19/05/2025	00:59:00	40.53939	141.55787	-10	0.0	4	1.1	283
19/05/2025	01:00:01	40.53929	141.55772	24	0.0	4	2.2	251
19/05/2025	01:01:00	40.53936	141.55771	-6	0.0	3	2.2	219
19/05/2025	01:02:00	40.53911	141.55753	-14	0.0	4	1.3	215
19/05/2025	01:03:02	40.53916	141.55763	18	0.0	5	1.1	243
19/05/2025	01:04:03	40.53916	141.55767	12	0.0	4	2.0	274
19/05/2025	01:05:01	40.53915	141.55756	-12	0.0	3	2.4	216
19/05/2025	01:06:02	40.53918	141.55768	0	0.0	5	1.1	267
19/05/2025	01:07:00	40.53932	141.55767	14	0.0	3	1.4	212
19/05/2025	01:08:02	40.53917	141.55773	-12	0.0	5	1.1	253
19/05/2025	01:09:01	40.53920	141.55777	4	0.0	4	1.1	220
19/05/2025	01:10:01	40.53921	141.55788	56	0.0	5	1.2	272
19/05/2025	01:11:01	40.53910	141.55781	-18	0.0	5	1.1	276
19/05/2025	01:12:01	40.53922	141.55775	-4	0.0	5	1.1	247
19/05/2025	01:13:01	40.53932	141.55769	36	3.7	2	1.4	195
19/05/2025	01:14:02	40.53924	141.55778	-8	0.0	3	1.3	218
19/05/2025	01:15:01	40.53921	141.55749	-0	3.7	4	1.3	272
19/05/2025	01:16:02	40.53926	141.55782	-8	0.0	4	1.3	196
19/05/2025	01:17:00	40.53923	141.55783	-30	0.0	4	1.3	224
19/05/2025	01:18:02	40.53917	141.55774	-0	0.0	5	1.1	299
19/05/2025	01:19:01	40.53919	141.55771	14	0.0	5	1.2	279
19/05/2025	01:20:00	40.53916	141.55776	-34	0.0	3	1.3	252
19/05/2025	01:21:01	40.53881	141.55807	-106	3.7	3	2.3	244
19/05/2025	01:22:01	40.53897	141.55780	-68	0.0	3	2.3	186
19/05/2025	01:23:01	40.53920	141.55784	-10	0.0	4	1.3	223
19/05/2025	01:24:01	40.53922	141.55784	-6	0.0	4	1.2	196
19/05/2025	01:25:01	40.53918	141.55783	6	0.0	3	1.3	196
19/05/2025	01:26:01	40.53891	141.55709	62	0.0	2	4.2	195
19/05/2025	01:27:02	40.53923	141.55774	-4	0.0	4	1.2	271
19/05/2025	01:28:01	40.53923	141.55776	-2	0.0	2	1.3	204
19/05/2025	01:29:01	40.53926	141.55776	-10	0.0	4	1.2	252
19/05/2025	01:30:01	40.53924	141.55777	40	0.0	3	1.3	188
19/05/2025	01:31:00	40.53921	141.55772	-36	0.0	3	1.3	192
19/05/2025	01:32:01	40.53876	141.55723	22	0.0	3	2.4	273
19/05/2025	01:33:02	40.53931	141.55792	2	0.0	4	1.2	194
19/05/2025	01:34:01	40.53955	141.55812	24	7.4	2	8.2	187
19/05/2025	01:35:01	40.53941	141.55781	26	0.0	4	1.2	254
19/05/2025	01:36:02	40.53924	141.55772	2	0.0	4	1.2	281
19/05/2025	01:37:01	40.53909	141.55780	16	0.0	3	1.3	209
19/05/2025	01:38:00	40.53919	141.55770	-28	0.0	5	1.2	218
19/05/2025	01:39:06	40.53919	141.55775	-14	0.0	5	1.2	275
19/05/2025	01:40:01	40.53912	141.55774	-18	3.7	3	2.1	272
19/05/2025	01:41:01	40.53953	141.55763	88	0.0	4	1.3	251
19/05/2025	01:42:01	40.53935	141.55771	-14	7.4	3	2.0	153
19/05/2025	01:43:03	40.53928	141.55762	-22	0.0	4	1.3	239
19/05/2025	01:44:06	40.53922	141.55778	-6	0.0	5	1.2	249
19/05/2025	01:45:02	40.53916	141.55769	-10	0.0	4	1.3	244
19/05/2025	01:46:01	40.53935	141.55824	-130	7.4	1	7.0	180
19/05/2025	01:47:01	40.53910	141.55773	-22	3.7	4	1.4	257
19/05/2025	01:48:00	40.53933	141.55797	60	0.0	3	2.0	180
19/05/2025	01:49:01	40.53910	141.55764	6	0.0	5	1.2	261
19/05/2025	01:50:02	40.53913	141.55765	12	0.0	3	1.3	268
19/05/2025	01:51:02	40.53917	141.55754	-36	0.0	4	1.4	219
19/05/2025	01:52:02	40.53900	141.55761	-16	0.0	2	3.2	238
19/05/2025	01:53:01	40.53959	141.55779	32	0.0	4	1.4	226
19/05/2025	01:54:00	40.53927	141.55760	54	0.0	3	2.1	231
19/05/2025	01:55:02	40.53888	141.55745	-22	0.0	4	1.4	256
19/05/2025	01:56:03	40.53922	141.55775	-0	0.0	4	1.3	253
19/05/2025	01:57:00	40.53901	141.55766	-44	3.7	3	1.4	212
19/05/2025	01:58:01	40.53922	141.55758	0	0.0	3	1.4	186
19/05/2025	01:59:01	40.53923	141.55769	14	0.0	4	1.4	249
19/05/2025	02:00:02	40.53920	141.55772	-2	0.0	4	2.0	250
19/05/2025	02:01:02	40.53920	141.55748	8	0.0	3	2.1	194
19/05/2025	02:02:01	40.53920	141.55777	-34	3.7	3	4.2	248
19/05/2025	02:03:01	40.53913	141.55773	-44	0.0	4	2.1	224
19/05/2025	02:04:01	40.53916	141.55774	-20	0.0	4	2.1	245
19/05/2025	02:05:01	40.53917	141.55771	-56	0.0	4	2.1	249
19/05/2025	02:06:01	40.53928	141.55777	36	7.4	4	2.1	225
19/05/2025	02:07:01	40.53905	141.55768	-6	0.0	4	2.1	227
19/05/2025	02:08:02	40.53920	141.55780	-68	0.0	4	2.1	224
19/05/2025	02:09:03	40.53925	141.55773	-2	0.0	4	2.2	248
19/05/2025	02:10:01	40.53908	141.55778	-30	0.0	4	2.2	224
19/05/2025	02:11:02	40.53918	141.55773	-16	0.0	4	2.2	249
19/05/2025	02:12:01	40.53927	141.55772	-0	0.0	4	2.2	253
19/05/2025	02:13:00	40.53920	141.55769	-0	0.0	4	2.2	225
19/05/2025	02:14:00	40.53926	141.55771	60	0.0	4	2.2	226
19/05/2025	02:15:01	40.53912	141.55772	-20	0.0	4	2.2	230
19/05/2025	02:16:00	40.53910	141.55775	22	0.0	4	2.2	222
19/05/2025	02:17:04	40.53926	141.55772	14	0.0	4	2.2	251
19/05/2025	02:18:01	40.53928	141.55771	24	0.0	4	2.2	225
19/05/2025	02:19:01	40.53910	141.55765	-28	0.0	3	3.0	193
19/05/2025	02:20:02	40.53911	141.55774	-22	0.0	3	4.4	224
19/05/2025	02:21:00	40.53920	141.55770	-14	7.4	4	2.3	263
19/05/2025	02:22:01	40.53924	141.55762	-2	0.0	4	2.3	257
19/05/2025	02:23:02	40.53904	141.55770	-60	3.7	4	2.3	222
19/05/2025	02:24:01	40.53925	141.55771	-16	0.0	4	2.3	244
19/05/2025	02:25:01	40.53937	141.55766	10	0.0	3	3.2	244
19/05/2025	02:26:01	40.53905	141.55759	-32	0.0	3	3.2	192
19/05/2025	02:27:01	40.53914	141.55767	-14	0.0	4	2.3	198
19/05/2025	02:28:17	40.53925	141.55773	2	0.0	5	1.3	194
19/05/2025	02:29:15	40.53905	141.55790	0	3.7	4	2.0	84
19/05/2025	02:31:06	40.53890	141.55796	-28	0.0	4	2.4	121
19/05/2025	02:38:58	40.53897	141.55789	4	0.0	5	1.4	169
19/05/2025	02:39:08	40.53840	141.55821	4	0.0	2	5.4	111
19/05/2025	02:45:20	40.53896	141.55786	-6	0.0	5	2.0	274
19/05/2025	02:46:02	40.53869	141.55793	-20	0.0	3	5.1	244
19/05/2025	02:47:03	40.53877	141.55791	-20	0.0	3	5.2	224
19/05/2025	02:48:02	40.53891	141.55792	-4	0.0	4	2.1	258
19/05/2025	02:49:01	40.53859	141.55795	-6	3.7	3	5.3	247
19/05/2025	02:50:02	40.53905	141.55786	-2	0.0	5	2.0	316
19/05/2025	02:51:02	40.53910	141.55784	-12	0.0	4	3.2	290
19/05/2025	02:52:02	40.53870	141.55805	38	0.0	4	2.4	234
19/05/2025	02:53:02	40.53907	141.55784	-2	0.0	3	3.3	237
19/05/2025	02:54:02	40.53909	141.55777	18	0.0	3	3.4	256
19/05/2025	02:55:01	40.53853	141.55797	32	0.0	3	3.4	247
19/05/2025	02:56:02	40.53899	141.55785	-6	0.0	4	3.3	252
19/05/2025	02:57:02	40.53899	141.55780	-20	0.0	3	3.4	258
19/05/2025	02:58:01	40.53849	141.55812	-2	3.7	3	7.3	287
19/05/2025	02:59:02	40.53901	141.55779	-24	0.0	3	5.0	230
19/05/2025	03:00:02	40.53894	141.55780	-22	0.0	2	4.0	235
19/05/2025	03:01:01	40.53863	141.55802	-12	0.0	3	8.2	241
19/05/2025	03:02:02	40.53881	141.55763	-8	0.0	3	8.4	285
19/05/2025	03:03:01	40.53924	141.55726	-10	0.0	3	4.1	229
19/05/2025	03:04:03	40.53909	141.55735	-28	0.0	3	4.1	225
19/05/2025	03:05:02	40.53895	141.55740	-2	0.0	4	4.1	257
19/05/2025	03:06:02	40.53903	141.55727	4	0.0	3	4.2	240
19/05/2025	03:07:02	40.53895	141.55731	-16	0.0	4	4.2	265
19/05/2025	03:08:01	40.53887	141.55736	18	0.0	3	4.2	188
19/05/2025	03:09:01	40.53894	141.55733	-4	0.0	3	4.3	179
19/05/2025	03:10:02	40.53900	141.55726	-18	0.0	4	4.3	267
19/05/2025	03:11:03	40.53952	141.55673	-30	3.7	3	4.4	233
19/05/2025	03:12:02	40.53894	141.55709	-10	0.0	3	4.4	241
19/05/2025	03:13:01	40.53918	141.55690	-32	0.0	3	5.0	221
19/05/2025	03:14:02	40.53875	141.55727	0	0.0	3	5.1	236
19/05/2025	03:15:03	40.53894	141.55710	-12	3.7	3	5.1	212
19/05/2025	03:16:02	40.53881	141.55716	2	0.0	3	5.2	222
19/05/2025	03:17:06	40.53844	141.55743	54	0.0	3	5.3	202
19/05/2025	03:18:02	40.53867	141.55731	18	0.0	3	5.3	227
19/05/2025	03:19:01	40.53892	141.55674	-20	0.0	3	5.4	241
19/05/2025	03:20:02	40.53860	141.55683	-32	3.7	2	4.0	240
19/05/2025	03:21:02	40.53819	141.55697	0	0.0	3	6.1	239
19/05/2025	03:22:02	40.53820	141.55693	6	0.0	3	6.2	264
19/05/2025	03:23:03	40.53830	141.55683	8	0.0	2	4.1	269
19/05/2025	03:24:01	40.53823	141.55716	-10	0.0	3	6.4	257
19/05/2025	03:25:01	40.53776	141.55823	18	3.7	2	12.4	247
19/05/2025	03:26:02	40.53789	141.55855	-58	11.1	3	7.2	275
19/05/2025	03:27:08	40.53739	141.55945	-4	3.7	4	6.3	246
19/05/2025	03:28:07	40.53734	141.55963	10	0.0	3	8.0	212
19/05/2025	03:29:06	40.53666	141.56046	108	7.4	3	8.2	197
19/05/2025	03:30:02	40.53675	141.56042	116	0.0	3	8.3	210
19/05/2025	03:31:05	40.53808	141.55897	-94	11.1	3	9.0	196
19/05/2025	03:32:05	40.53786	141.55933	-90	0.0	2	4.1	183
19/05/2025	03:33:04	40.53776	141.55933	-92	0.0	2	4.1	193
19/05/2025	03:34:05	40.53639	141.56061	238	0.0	3	10.3	201
19/05/2025	03:35:07	40.53649	141.56010	240	0.0	2	4.2	182
19/05/2025	03:36:19	40.53730	141.55968	-2	0.0	3	2.0	130
19/05/2025	03:37:05	40.53730	141.55983	32	0.0	3	2.0	134
19/05/2025	03:38:05	40.53729	141.55974	-14	0.0	3	2.0	226
19/05/2025	03:39:02	40.53720	141.55962	28	0.0	4	1.3	198
19/05/2025	03:40:02	40.53731	141.55993	-52	0.0	3	2.0	206
19/05/2025	03:41:04	40.53740	141.55963	8	0.0	3	2.0	185
19/05/2025	03:42:03	40.53715	141.55988	-0	0.0	3	2.0	191
19/05/2025	03:43:08	40.53723	141.55972	26	3.7	3	2.0	176
19/05/2025	03:44:04	40.53735	141.55962	26	0.0	2	2.1	164
19/05/2025	03:45:03	40.53729	141.55970	4	0.0	3	2.0	151
19/05/2025	03:46:05	40.53737	141.55922	-10	11.1	3	2.0	165
19/05/2025	03:47:18	40.53205	141.55592	-54	25.9	3	2.0	183
19/05/2025	03:48:06	40.53166	141.55608	-56	0.0	2	1.4	169
19/05/2025	03:54:28	40.52266	141.52452	10	7.4	4	2.1	154
19/05/2025	03:55:04	40.52144	141.52194	124	37.0	3	3.0	201
19/05/2025	04:01:59	40.50552	141.51007	78	3.7	3	3.2	199
19/05/2025	04:03:04	40.50369	141.50706	104	7.4	3	3.3	187
19/05/2025	04:04:06	40.50402	141.50686	-0	0.0	3	3.3	141
19/05/2025	04:05:06	40.50414	141.50684	-0	0.0	2	1.4	133
19/05/2025	04:06:14	40.50398	141.50689	60	3.7	3	4.0	132
19/05/2025	04:12:39	40.50323	141.50765	412	0.0	2	1.4	192
19/05/2025	04:13:19	40.50395	141.50690	-10	0.0	3	1.2	184
19/05/2025	04:14:15	40.50387	141.50685	0	3.7	3	1.2	201
19/05/2025	04:15:11	40.50382	141.50676	64	3.7	3	1.2	189
19/05/2025	04:16:19	40.50582	141.51019	12	0.0	3	1.2	179
19/05/2025	04:17:34	40.50739	141.51127	28	0.0	2	5.2	198
19/05/2025	04:18:05	40.50745	141.51134	30	0.0	1	4.1	164
19/05/2025	04:24:24	40.50163	141.54010	34	0.0	3	1.0	213
19/05/2025	04:25:04	40.50167	141.54001	48	0.0	4	1.0	221
19/05/2025	04:26:08	40.50486	141.54210	54	22.2	3	1.4	215
19/05/2025	04:27:05	40.50534	141.54248	36	0.0	3	4.4	212
19/05/2025	04:28:01	40.50527	141.54226	30	0.0	2	1.1	157
19/05/2025	04:29:01	40.50524	141.54221	28	0.0	2	1.1	197
19/05/2025	04:30:03	40.50524	141.54231	52	0.0	2	1.1	186
19/05/2025	04:31:03	40.50531	141.54219	42	0.0	2	1.2	231
19/05/2025	04:32:04	40.50522	141.54235	8	0.0	2	1.2	173
19/05/2025	04:33:05	40.50524	141.54232	18	0.0	2	1.2	232
19/05/2025	04:34:02	40.50522	141.54223	18	0.0	2	1.2	216
19/05/2025	04:35:04	40.50518	141.54204	54	0.0	3	4.3	229
19/05/2025	04:36:02	40.50522	141.54218	100	0.0	3	1.3	221
19/05/2025	04:37:02	40.50526	141.54227	56	0.0	2	1.1	223
19/05/2025	04:38:01	40.50523	141.54234	150	0.0	3	1.4	226
19/05/2025	04:39:04	40.50527	141.54232	68	0.0	2	1.1	205
19/05/2025	04:40:05	40.50525	141.54226	46	0.0	3	1.1	230
19/05/2025	04:41:02	40.50533	141.54227	54	0.0	3	1.1	206
19/05/2025	04:42:03	40.50523	141.54229	50	0.0	3	1.1	210
19/05/2025	04:43:02	40.50520	141.54240	90	0.0	3	1.1	240
19/05/2025	04:44:02	40.50531	141.54246	24	0.0	3	1.3	225
19/05/2025	04:45:03	40.50526	141.54223	46	0.0	3	1.1	211
19/05/2025	04:46:03	40.50524	141.54227	50	0.0	2	1.1	234
19/05/2025	04:47:04	40.50521	141.54225	46	0.0	3	1.3	248
19/05/2025	04:48:04	40.50518	141.54227	38	0.0	3	1.3	181
19/05/2025	04:49:03	40.50529	141.54224	24	0.0	3	1.3	234
19/05/2025	04:50:04	40.50532	141.54215	38	0.0	3	1.3	181
19/05/2025	04:51:05	40.50532	141.54199	44	7.4	3	1.3	209
19/05/2025	04:52:03	40.50527	141.54211	40	0.0	2	3.1	253
19/05/2025	04:53:08	40.50519	141.54222	46	0.0	2	1.2	216
19/05/2025	04:54:04	40.50526	141.54195	56	0.0	2	1.2	208
19/05/2025	04:55:04	40.50527	141.54220	54	0.0	2	1.2	187
19/05/2025	04:56:02	40.50527	141.54214	54	0.0	2	1.2	220
19/05/2025	04:57:04	40.50526	141.54226	56	0.0	3	1.1	212
19/05/2025	04:58:04	40.50544	141.54260	-24	0.0	2	10.3	230
19/05/2025	04:59:06	40.50513	141.54201	90	7.4	2	10.0	199
19/05/2025	05:00:04	40.50537	141.54258	18	3.7	2	9.3	204
19/05/2025	05:01:03	40.50530	141.54230	40	0.0	3	1.1	192
19/05/2025	05:02:03	40.50512	141.54176	84	7.4	2	8.4	187
19/05/2025	05:03:04	40.50517	141.54207	70	0.0	3	1.1	234
19/05/2025	05:04:04	40.50522	141.54226	56	0.0	2	1.2	180
19/05/2025	05:05:04	40.50531	141.54193	12	0.0	2	1.2	203
19/05/2025	05:06:04	40.50517	141.54191	64	0.0	2	7.3	155
19/05/2025	05:07:17	40.50521	141.54236	76	0.0	2	1.2	153
19/05/2025	05:08:04	40.50515	141.54190	76	0.0	2	3.0	197
19/05/2025	05:09:07	40.50540	141.54238	16	3.7	2	6.4	166
19/05/2025	05:10:04	40.50540	141.54266	-18	7.4	2	6.3	182
19/05/2025	05:11:06	40.50558	141.54181	172	18.5	2	6.2	211
19/05/2025	05:17:23	40.52553	141.54476	14	44.4	3	1.2	229
19/05/2025	05:18:26	40.52682	141.54472	32	7.4	3	1.1	187
19/05/2025	05:19:06	40.52723	141.54853	78	51.9	1	9.3	189
19/05/2025	05:20:04	40.53092	141.55460	-36	70.4	1	9.2	219
19/05/2025	05:21:11	40.53463	141.55791	-76	37.0	1	9.0	173
19/05/2025	05:22:07	40.53737	141.55995	-30	0.0	1	8.4	222
19/05/2025	05:28:42	40.53718	141.55958	14	0.0	2	4.2	242
19/05/2025	05:29:01	40.53714	141.55957	6	0.0	3	3.3	240
19/05/2025	05:30:01	40.53741	141.55955	-6	0.0	3	3.3	239
19/05/2025	05:31:02	40.53757	141.55889	-8	3.7	3	3.3	278
19/05/2025	05:32:01	40.53807	141.55845	-40	3.7	3	3.3	274
19/05/2025	05:33:02	40.53815	141.55737	-12	3.7	3	3.3	253
19/05/2025	05:34:01	40.53821	141.55694	-8	0.0	2	2.3	190
19/05/2025	05:35:02	40.53832	141.55680	18	0.0	3	3.3	203
19/05/2025	05:36:01	40.53871	141.55739	-40	0.0	3	8.0	244
19/05/2025	05:37:01	40.53892	141.55713	44	0.0	3	7.4	277
19/05/2025	05:38:01	40.53920	141.55774	-34	7.4	3	7.2	278
19/05/2025	05:39:02	40.53899	141.55740	28	0.0	3	3.2	232
19/05/2025	05:40:01	40.53898	141.55749	20	0.0	3	3.2	243
19/05/2025	05:41:01	40.53894	141.55734	40	0.0	2	3.4	243
19/05/2025	05:42:01	40.53913	141.55780	-2	0.0	2	3.4	191
19/05/2025	05:43:02	40.53915	141.55776	-20	0.0	3	3.1	254
19/05/2025	05:44:01	40.53915	141.55770	-14	0.0	3	3.1	258
19/05/2025	05:45:02	40.53906	141.55746	18	0.0	3	3.1	258
19/05/2025	05:46:01	40.53910	141.55751	24	0.0	3	3.1	256
19/05/2025	05:47:01	40.53915	141.55772	-12	0.0	3	3.1	256
19/05/2025	05:48:02	40.53911	141.55763	-0	0.0	3	3.1	259
19/05/2025	05:49:01	40.53900	141.55748	24	0.0	3	3.1	254
19/05/2025	05:50:01	40.53909	141.55754	10	0.0	3	3.1	253
19/05/2025	05:51:01	40.53906	141.55752	14	0.0	2	3.3	249
19/05/2025	05:52:01	40.53915	141.55766	-4	0.0	2	3.3	247
19/05/2025	05:53:01	40.53912	141.55769	-18	0.0	2	3.3	240
19/05/2025	05:54:02	40.53916	141.55756	12	0.0	2	7.0	244
19/05/2025	05:55:01	40.53905	141.55769	-2	0.0	2	6.4	221
19/05/2025	05:56:02	40.53910	141.55761	6	0.0	2	6.3	220
19/05/2025	05:57:02	40.53907	141.55758	10	0.0	2	3.2	244
19/05/2025	05:58:01	40.53898	141.55742	72	0.0	2	6.2	212
19/05/2025	05:59:02	40.53910	141.55773	-6	0.0	2	3.2	232
19/05/2025	06:00:01	40.53906	141.55762	-10	0.0	3	3.0	234
19/05/2025	06:01:02	40.53916	141.55752	-0	0.0	3	3.0	240
19/05/2025	06:02:01	40.53910	141.55753	14	0.0	3	4.0	237
19/05/2025	06:03:01	40.53917	141.55762	-6	0.0	3	3.4	237
19/05/2025	06:04:01	40.53904	141.55752	26	0.0	3	3.1	217
19/05/2025	06:05:01	40.53900	141.55767	12	0.0	3	3.1	241
19/05/2025	06:06:01	40.53910	141.55763	-2	0.0	3	3.1	237
19/05/2025	06:07:01	40.53936	141.55778	-74	0.0	3	4.0	190
19/05/2025	06:08:01	40.53886	141.55744	-4	3.7	2	5.1	208
19/05/2025	06:09:02	40.53905	141.55754	22	0.0	3	3.1	212
19/05/2025	06:10:01	40.53906	141.55766	12	0.0	2	3.2	180
19/05/2025	06:11:01	40.53915	141.55773	-16	0.0	3	3.1	214
19/05/2025	06:12:01	40.53909	141.55755	-4	0.0	3	3.1	237
19/05/2025	06:13:01	40.53909	141.55762	14	0.0	3	3.1	233
19/05/2025	06:14:02	40.53908	141.55759	8	0.0	3	3.1	236
19/05/2025	06:15:01	40.53908	141.55761	12	0.0	3	3.1	236
19/05/2025	06:16:01	40.53910	141.55758	20	0.0	3	3.1	234
19/05/2025	06:17:01	40.53902	141.55755	22	0.0	3	3.1	232
19/05/2025	06:18:01	40.53917	141.55764	12	0.0	3	3.1	213
19/05/2025	06:19:01	40.53905	141.55766	2	0.0	3	3.1	209
19/05/2025	06:20:02	40.53904	141.55752	20	0.0	3	3.1	227
19/05/2025	06:21:01	40.53913	141.55768	-6	0.0	3	3.1	202
19/05/2025	06:22:01	40.53912	141.55771	4	0.0	3	3.2	232
19/05/2025	06:23:01	40.53928	141.55784	-30	0.0	3	3.2	209
19/05/2025	06:24:01	40.53896	141.55751	28	0.0	2	5.2	221
19/05/2025	06:25:01	40.53909	141.55764	16	0.0	3	3.2	255
19/05/2025	06:26:01	40.53913	141.55769	-6	0.0	3	3.2	226
19/05/2025	06:27:01	40.53912	141.55769	2	0.0	3	3.2	233
19/05/2025	06:28:01	40.53914	141.55774	-12	0.0	3	3.2	209
19/05/2025	06:29:01	40.53930	141.55781	-24	0.0	3	3.2	233
19/05/2025	06:30:01	40.53906	141.55748	18	0.0	3	3.2	236
19/05/2025	06:31:01	40.53923	141.55773	-14	0.0	3	3.3	210
19/05/2025	06:32:01	40.53917	141.55767	26	0.0	3	3.3	206
19/05/2025	06:33:02	40.53897	141.55752	10	0.0	2	3.3	173
19/05/2025	06:34:01	40.53919	141.55768	-0	0.0	3	3.3	204
19/05/2025	06:35:01	40.53907	141.55751	6	0.0	3	3.3	197
19/05/2025	06:36:01	40.53915	141.55777	-22	0.0	2	4.0	185
19/05/2025	06:37:02	40.53947	141.55770	66	3.7	2	4.2	188
19/05/2025	06:38:01	40.53902	141.55775	-10	0.0	2	4.2	170
19/05/2025	06:39:02	40.53928	141.55758	62	0.0	2	4.2	167
19/05/2025	06:40:02	40.53890	141.55755	12	0.0	2	4.2	169
19/05/2025	06:41:02	40.53964	141.55767	66	0.0	2	4.2	196
19/05/2025	06:42:01	40.53932	141.55753	54	0.0	2	4.2	196
19/05/2025	06:43:02	40.53904	141.55736	40	0.0	2	4.3	176
19/05/2025	06:44:02	40.53919	141.55759	26	0.0	2	4.3	190
19/05/2025	06:45:01	40.53959	141.55763	98	0.0	2	4.3	203
19/05/2025	06:46:02	40.53932	141.55776	46	0.0	2	4.3	208
19/05/2025	06:47:02	40.53912	141.55758	14	0.0	2	4.3	185
19/05/2025	06:48:02	40.53919	141.55756	32	0.0	2	4.3	212
19/05/2025	06:49:02	40.53913	141.55766	-2	0.0	2	4.4	215
19/05/2025	06:50:02	40.53904	141.55764	-10	0.0	2	4.4	213
19/05/2025	06:51:02	40.53910	141.55764	8	0.0	2	4.4	187
19/05/2025	06:52:02	40.53918	141.55766	8	0.0	2	4.4	184
19/05/2025	06:53:03	40.53944	141.55770	74	0.0	2	4.4	210
19/05/2025	06:54:01	40.53941	141.55793	66	0.0	2	5.0	210
19/05/2025	06:55:02	40.53909	141.55770	2	0.0	2	5.0	186
19/05/2025	06:56:02	40.53902	141.55773	-64	0.0	2	5.0	232
19/05/2025	06:57:01	40.53902	141.55765	-12	0.0	2	5.0	187
19/05/2025	06:58:02	40.53920	141.55762	-12	0.0	2	5.0	260
19/05/2025	06:59:01	40.53923	141.55775	0	0.0	2	5.1	229
19/05/2025	07:00:19	40.53911	141.55753	-2	0.0	5	1.3	259
19/05/2025	07:01:01	40.53910	141.55773	22	0.0	4	2.3	233
19/05/2025	07:02:01	40.53914	141.55763	20	0.0	4	2.0	262
19/05/2025	07:03:01	40.53906	141.55785	38	0.0	4	2.3	258
19/05/2025	07:04:01	40.53909	141.55773	32	0.0	4	2.3	237
19/05/2025	07:05:01	40.53911	141.55760	10	0.0	5	1.3	232
19/05/2025	07:06:01	40.53910	141.55744	-16	0.0	4	2.4	258
19/05/2025	07:07:01	40.53909	141.55743	-16	0.0	5	1.3	261
19/05/2025	07:08:00	40.53907	141.55765	16	0.0	4	1.4	235
19/05/2025	07:09:00	40.53909	141.55755	2	0.0	4	1.4	265
19/05/2025	07:10:00	40.53904	141.55765	6	0.0	5	1.3	268
19/05/2025	07:11:00	40.53909	141.55774	28	0.0	4	2.0	273
19/05/2025	07:12:00	40.53912	141.55757	18	0.0	4	2.0	272
19/05/2025	07:13:00	40.53911	141.55772	42	0.0	3	2.3	155
19/05/2025	07:14:00	40.53917	141.55800	46	0.0	3	2.2	243
19/05/2025	07:15:01	40.53914	141.55770	32	0.0	4	2.0	239
19/05/2025	07:16:00	40.53909	141.55774	28	0.0	4	2.0	211
19/05/2025	07:17:01	40.53887	141.55734	20	0.0	3	3.3	253
19/05/2025	07:18:01	40.53871	141.55718	-0	0.0	2	5.0	183
19/05/2025	07:19:03	40.53868	141.55721	44	0.0	2	5.0	191
19/05/2025	07:20:03	40.53829	141.55684	6	7.4	3	3.1	184
19/05/2025	07:21:01	40.53801	141.55715	6	0.0	3	2.3	225
19/05/2025	07:22:01	40.53792	141.55784	10	11.1	4	2.4	208
19/05/2025	07:23:04	40.53784	141.55810	18	0.0	2	2.4	256
19/05/2025	07:24:03	40.53750	141.55943	58	0.0	3	3.2	244
19/05/2025	07:25:02	40.53700	141.55959	-34	0.0	2	3.4	198
19/05/2025	07:26:01	40.53699	141.55938	-36	0.0	2	4.0	195
19/05/2025	07:27:02	40.53708	141.55934	-30	0.0	3	3.4	214
19/05/2025	07:28:05	40.53731	141.55975	50	3.7	3	3.4	173
19/05/2025	07:29:04	40.53698	141.55893	-116	0.0	2	11.2	156
19/05/2025	07:30:09	40.53704	141.55951	-28	7.4	2	12.0	152
19/05/2025	07:36:39	40.52819	141.55169	-8	40.7	4	3.1	209
19/05/2025	07:37:06	40.52750	141.54942	100	33.3	4	4.3	189
19/05/2025	07:38:16	40.52678	141.54470	-18	40.7	3	4.1	102
19/05/2025	07:39:26	40.52326	141.54499	58	18.5	5	3.0	162
19/05/2025	07:40:06	40.52177	141.54498	88	40.7	3	4.0	142
19/05/2025	07:41:06	40.52028	141.54448	12	7.4	4	3.3	191
19/05/2025	07:42:08	40.51747	141.54362	56	44.4	4	5.2	169
19/05/2025	07:43:10	40.51194	141.54451	100	7.4	2	13.2	142
19/05/2025	07:49:16	40.50538	141.54241	52	3.7	5	2.4	213
19/05/2025	07:50:09	40.50573	141.54293	100	7.4	3	8.1	143
19/05/2025	07:56:55	40.50534	141.54253	42	0.0	5	1.3	145
19/05/2025	07:57:03	40.50569	141.54262	62	3.7	2	2.2	136
19/05/2025	07:58:07	40.50564	141.54259	52	0.0	2	2.2	92
19/05/2025	07:59:04	40.50553	141.54255	38	0.0	3	1.4	146
19/05/2025	08:00:03	40.50524	141.54241	20	0.0	3	2.2	154
19/05/2025	08:01:02	40.50541	141.54256	44	0.0	3	2.2	189
19/05/2025	08:02:01	40.50538	141.54255	32	0.0	3	2.2	153
19/05/2025	08:03:03	40.50511	141.54254	40	0.0	3	2.2	169
19/05/2025	08:04:20	40.50490	141.54248	34	0.0	3	16.0	146
19/05/2025	08:05:03	40.50508	141.54247	44	7.4	3	17.2	146
19/05/2025	08:06:03	40.50306	141.54227	-4	29.6	3	20.0	168
19/05/2025	08:07:04	40.50557	141.54260	44	3.7	4	2.2	194
19/05/2025	08:08:04	40.50530	141.54254	44	0.0	4	1.4	189
19/05/2025	08:09:03	40.50523	141.54249	36	0.0	4	2.2	211
19/05/2025	08:16:00	40.50539	141.54256	46	0.0	5	1.3	166
19/05/2025	08:22:52	40.50531	141.54256	42	0.0	5	2.0	158
19/05/2025	08:23:02	40.50548	141.54260	42	0.0	3	13.4	166
19/05/2025	08:24:01	40.50529	141.54254	24	0.0	3	12.3	155
19/05/2025	08:25:03	40.50547	141.54253	56	0.0	3	3.0	131
19/05/2025	08:26:04	40.50515	141.54252	30	11.1	3	10.4	153
19/05/2025	08:27:03	40.50474	141.54245	6	3.7	3	10.0	131
19/05/2025	08:28:01	40.50563	141.54250	54	0.0	3	9.2	116
19/05/2025	08:29:03	40.50495	141.54244	0	0.0	3	8.4	156
19/05/2025	08:30:03	40.50557	141.54254	58	3.7	3	8.1	176
19/05/2025	08:31:04	40.50540	141.54253	34	0.0	3	3.3	172
19/05/2025	08:32:05	40.50552	141.54260	54	3.7	3	3.3	145
19/05/2025	08:33:03	40.50523	141.54259	34	7.4	3	3.3	129
19/05/2025	08:34:02	40.50572	141.54256	56	0.0	3	6.4	130
19/05/2025	08:35:02	40.50575	141.54257	54	0.0	3	6.2	112
19/05/2025	08:36:09	40.50502	141.54217	108	0.0	3	17.1	129
19/05/2025	08:37:03	40.50538	141.54256	40	0.0	3	6.0	108
19/05/2025	08:38:04	40.50510	141.54248	54	0.0	4	2.3	149
19/05/2025	08:39:02	40.50546	141.54260	22	0.0	3	20.3	180
19/05/2025	08:40:03	40.50526	141.54255	44	0.0	3	18.3	179
19/05/2025	08:41:03	40.50547	141.54261	42	0.0	3	16.4	158
19/05/2025	08:42:04	40.50535	141.54262	40	0.0	4	2.3	197
19/05/2025	08:43:02	40.50556	141.54257	34	0.0	3	14.1	186
19/05/2025	08:44:04	40.50469	141.54219	106	0.0	3	13.1	197
19/05/2025	08:45:03	40.50550	141.54265	26	0.0	3	12.2	183
19/05/2025	08:46:01	40.50617	141.54277	14	7.4	3	11.3	167
19/05/2025	08:47:01	40.50515	141.54241	56	0.0	4	2.3	172
19/05/2025	08:48:01	40.50523	141.54252	50	0.0	3	4.1	173
19/05/2025	08:49:01	40.50544	141.54249	56	0.0	3	4.1	179
19/05/2025	08:50:01	40.50486	141.54248	66	3.7	3	9.1	175
19/05/2025	08:51:02	40.50602	141.54293	-24	0.0	3	8.4	182
19/05/2025	08:52:04	40.50561	141.54266	32	0.0	3	3.4	178
19/05/2025	08:53:05	40.50516	141.54243	60	0.0	3	8.0	157
