time,lon,lat,id,year,logger,time_diff_sec,Nest_Distance,Trip_ID
2025-05-12 19:45:00,141.54841000000002,40.56474,62206,2025,VHF,300,3004.6874574014714,1
2025-05-12 19:50:00,141.54848,40.58389,62206,2025,VHF,300,5087.571455011392,1
2025-05-12 19:55:00,141.54851,40.58564,62206,2025,VHF,300,5279.357483636714,1
2025-05-12 20:00:00,141.54967999999997,40.58581,62206,2025,VHF,300,5284.540736283875,1
2025-05-12 20:05:00,141.5507,40.58562,62206,2025,VHF,300,5253.3002081494205,1
2025-05-12 20:10:00,141.55083000000002,40.58882,62206,2025,VHF,300,5605.4406749853815,1
2025-05-12 20:15:00,141.55192000000002,40.61139,62206,2025,VHF,300,8096.6405815358585,1
2025-05-12 20:20:00,141.55525,40.61147999999999,62206,2025,VHF,300,8094.7748294366775,1
2025-05-12 20:25:00,141.55113000000003,40.630610000000004,62206,2025,VHF,300,10231.330953398572,1
2025-05-12 20:30:00,141.54457999999997,40.63579000000001,62206,2025,VHF,300,10848.036670900032,1
2025-05-12 20:35:00,141.53664999999998,40.6449,62206,2025,VHF,300,11936.02972130747,1
2025-05-12 20:40:00,141.52901,40.6484,62206,2025,VHF,300,12430.097890158308,1
2025-05-12 20:45:00,141.529,40.64904,62206,2025,VHF,300,12499.97703123872,1
2025-05-12 20:50:00,141.52211000000003,40.657849999999996,62206,2025,VHF,300,13578.096971917443,1
2025-05-12 20:55:00,141.50477999999998,40.67342,62206,2025,VHF,300,15623.849331577936,1
2025-05-12 21:00:00,141.50122000000002,40.68683,62206,2025,VHF,300,17137.365660728035,1
2025-05-12 21:05:00,141.49449,40.69496,62206,2025,VHF,300,18165.367993710643,1
2025-05-12 21:10:00,141.49463,40.69533000000001,62206,2025,VHF,300,18201.167599920856,1
2025-05-12 21:15:00,141.49851,40.706120000000006,62206,2025,VHF,300,19262.117922298967,1
2025-05-12 21:20:00,141.51432,40.71210000000001,62206,2025,VHF,300,19610.88335208121,1
2025-05-12 21:25:00,141.51165999999998,40.71487,62206,2025,VHF,300,19955.760145155276,1
2025-05-12 21:30:00,141.54301999999998,40.721740000000004,62206,2025,VHF,300,20373.80790661803,1
2025-05-12 21:35:00,141.55115,40.72245000000001,62206,2025,VHF,300,20422.559526877434,1
2025-05-12 21:40:00,141.55440000000002,40.72144,62206,2025,VHF,300,20304.910236492942,1
2025-05-12 21:45:00,141.54951999999997,40.73147,62206,2025,VHF,300,21427.833192860664,1
2025-05-12 21:50:00,141.55155,40.73778,62206,2025,VHF,300,22123.563844973225,1
2025-05-12 21:55:00,141.55129000000002,40.721160000000005,62206,2025,VHF,300,20279.04319643918,1
2025-05-12 22:00:00,141.5538,40.69711000000001,62206,2025,VHF,300,17604.238540214796,1
2025-05-12 22:05:00,141.54950999999997,40.67487,62206,2025,VHF,300,15147.087169009486,1
2025-05-12 22:10:00,141.54531,40.64961,62206,2025,VHF,300,12370.381364704914,1
2025-05-12 22:15:00,141.53219000000001,40.63055000000001,62206,2025,VHF,300,10434.206926070285,1
2025-05-12 22:20:00,141.52696,40.61076,62206,2025,VHF,300,8422.014969351003,1
2025-05-12 22:25:00,141.52804000000003,40.6078,62206,2025,VHF,300,8081.161959878307,1
2025-05-12 22:30:00,141.52876,40.60817000000001,62206,2025,VHF,300,8101.649229990718,1
2025-05-12 22:35:00,141.53640000000001,40.60282,62206,2025,VHF,300,7353.22865915356,1
2025-05-12 22:40:00,141.55303,40.586619999999996,62206,2025,VHF,300,5345.7623844095015,1
2025-05-12 22:45:00,141.5659,40.56741,62206,2025,VHF,300,3274.8181810103674,1
2025-05-12 22:50:00,141.56615,40.55047999999999,62206,2025,VHF,300,1504.2349731818222,1
2025-05-13 19:55:00,141.56606,40.5452,62206,2025,VHF,300,1024.4005700598664,2
2025-05-13 20:00:00,141.59211000000002,40.56064,62206,2025,VHF,300,3811.8257175464605,2
2025-05-13 20:05:00,141.58735000000001,40.57833000000001,62206,2025,VHF,300,5079.912422587416,2
2025-05-13 20:10:00,141.58825000000002,40.594970000000004,62206,2025,VHF,300,6775.68994881613,2
2025-05-13 20:15:00,141.59648,40.61155,62206,2025,VHF,300,8743.437331828345,2
2025-05-13 20:20:00,141.58564,40.6298,62206,2025,VHF,300,10401.162584567144,2
2025-05-13 20:25:00,141.57914,40.647639999999996,62206,2025,VHF,300,12244.259338238862,2
2025-05-13 20:30:00,141.56804000000002,40.654939999999996,62206,2025,VHF,300,12948.58961378081,2
2025-05-13 20:35:00,141.56762,40.666540000000005,62206,2025,VHF,300,14231.842038440689,2
2025-05-13 20:40:00,141.57825,40.676520000000004,62206,2025,VHF,300,15414.186070895386,2
2025-05-13 20:45:00,141.57539,40.68461,62206,2025,VHF,300,16282.922421436928,2
2025-05-13 20:50:00,141.58394,40.69375000000001,62206,2025,VHF,300,17371.72886448445,2
2025-05-13 20:55:00,141.5944,40.69333000000001,62206,2025,VHF,300,17461.413734870297,2
2025-05-13 21:00:00,141.59914999999998,40.70192,62206,2025,VHF,300,18473.037632102478,2
2025-05-13 21:05:00,141.59996999999998,40.70178,62206,2025,VHF,300,18471.116936116374,2
2025-05-13 21:10:00,141.60042,40.70176,62206,2025,VHF,300,18476.367091747263,2
2025-05-13 21:15:00,141.58230000000003,40.70812000000001,62206,2025,VHF,300,18939.569216325526,2
2025-05-13 21:20:00,141.58172000000002,40.69219000000001,62206,2025,VHF,300,17176.611193913068,2
2025-05-13 21:25:00,141.58242000000004,40.69241000000001,62206,2025,VHF,300,17207.997142435117,2
2025-05-13 21:30:00,141.58306,40.692870000000006,62206,2025,VHF,300,17265.371297283386,2
2025-05-13 21:35:00,141.58382,40.69305000000001,62206,2025,VHF,300,17293.336370478275,2
2025-05-13 21:40:00,141.58458,40.693160000000006,62206,2025,VHF,300,17313.8127351205,2
2025-05-13 21:45:00,141.58539000000002,40.693250000000006,62206,2025,VHF,300,17332.88512167864,2
2025-05-13 21:50:00,141.58607,40.693270000000005,62206,2025,VHF,300,17342.984431339668,2
2025-05-13 21:55:00,141.58686,40.693360000000006,62206,2025,VHF,300,17362.2881216784,2
2025-05-13 22:00:00,141.58768,40.69357000000001,62206,2025,VHF,300,17395.386652138048,2
2025-05-13 22:05:00,141.60255999999998,40.69558000000001,62206,2025,VHF,300,17841.688610746893,2
2025-05-13 22:10:00,141.60726,40.69706,62206,2025,VHF,300,18090.50594230703,2
2025-05-13 22:15:00,141.60771,40.696850000000005,62206,2025,VHF,300,18076.719666355017,2
2025-05-13 22:20:00,141.61712,40.690340000000006,62206,2025,VHF,300,17586.139110546457,2
2025-05-13 22:25:00,141.62148000000002,40.68222,62206,2025,VHF,300,16839.088271712008,2
2025-05-13 22:30:00,141.62454999999997,40.673750000000005,62206,2025,VHF,300,16041.195068880832,2
2025-05-13 22:35:00,141.6238,40.66386,62206,2025,VHF,300,14995.059899712895,2
2025-05-13 22:40:00,141.61701,40.66164,62206,2025,VHF,300,14558.359701200496,2
2025-05-13 22:45:00,141.61467999999996,40.660050000000005,62206,2025,VHF,300,14325.101350839766,2
2025-05-13 22:50:00,141.61504999999997,40.664930000000005,62206,2025,VHF,300,14846.560034573393,2
2025-05-13 22:55:00,141.61473999999998,40.66579000000001,62206,2025,VHF,300,14928.296186756254,2
2025-05-13 23:00:00,141.60734000000002,40.667530000000006,62206,2025,VHF,300,14922.573821484144,2
2025-05-13 23:05:00,141.61342,40.659819999999996,62206,2025,VHF,300,14265.387208384256,2
2025-05-13 23:10:00,141.61099,40.658120000000004,62206,2025,VHF,300,14019.777292487666,2
2025-05-13 23:15:00,141.61182,40.64434,62206,2025,VHF,300,12606.463532874392,2
2025-05-13 23:20:00,141.61455999999995,40.62791000000001,62206,2025,VHF,300,11027.06843032941,2
2025-05-13 23:25:00,141.62403,40.605340000000005,62206,2025,VHF,300,9303.454315370176,2
2025-05-13 23:30:00,141.61737,40.58114,62206,2025,VHF,300,6923.169085622796,2
2025-05-13 23:35:00,141.60562,40.557179999999995,62206,2025,VHF,300,4560.448238447058,2
2025-05-13 23:40:00,141.60153,40.54718,62206,2025,VHF,300,3841.077310970504,2
2025-05-13 23:45:00,141.58716,40.54709,62206,2025,VHF,300,2675.243048956686,2
2025-05-14 03:15:00,141.59012,40.56866,62206,2025,VHF,300,4327.048080369793,3
2025-05-14 03:20:00,141.58952,40.58867,62206,2025,VHF,300,6181.62555774573,3
2025-05-14 03:25:00,141.58186,40.6101,62206,2025,VHF,300,8200.463205358765,3
2025-05-14 03:30:00,141.57747,40.63067,62206,2025,VHF,300,10360.741431648681,3
2025-05-14 03:35:00,141.56338,40.645500000000006,62206,2025,VHF,300,11880.201374507717,3
2025-05-14 03:40:00,141.5411,40.65507,62206,2025,VHF,300,13008.077332261473,3
2025-05-14 03:45:00,141.52598,40.65745999999999,62206,2025,VHF,300,13466.950691960657,3
2025-05-14 03:50:00,141.51462999999998,40.67761,62206,2025,VHF,300,15858.522920220987,3
2025-05-14 03:55:00,141.49512000000001,40.69305000000001,62206,2025,VHF,300,17946.99252284926,3
2025-05-14 04:00:00,141.47404,40.694790000000005,62206,2025,VHF,300,18729.763565140398,3
2025-05-14 04:05:00,141.48981,40.700900000000004,62206,2025,VHF,300,18913.09680921692,3
2025-05-14 04:10:00,141.49459,40.68267,62206,2025,VHF,300,16863.15692621655,3
2025-05-14 04:15:00,141.48140000000004,40.66850000000001,62206,2025,VHF,300,15800.496769646432,3
2025-05-14 04:20:00,141.4727,40.64178,62206,2025,VHF,300,13524.878923967282,3
2025-05-14 04:25:00,141.46408,40.620560000000005,62206,2025,VHF,300,12063.245004285332,3
2025-05-14 04:30:00,141.46479,40.60284,62206,2025,VHF,300,10613.502411158974,3
2025-05-14 04:35:00,141.46385999999998,40.604510000000005,62206,2025,VHF,300,10796.706028766643,3
2025-05-14 04:40:00,141.47106,40.58889,62206,2025,VHF,300,9213.828215235153,3
2025-05-14 04:45:00,141.47941,40.58716,62206,2025,VHF,300,8539.431528893036,3
2025-05-14 04:50:00,141.49528,40.569140000000004,62206,2025,VHF,300,6273.892156239594,3
2025-05-14 04:55:00,141.50872,40.56007,62206,2025,VHF,300,4777.65869361729,3
2025-05-14 05:00:00,141.54279,40.54996,62206,2025,VHF,300,1778.824890995853,3
2025-05-14 09:40:00,141.50627,40.54287,62206,2025,VHF,300,4374.457676534695,4
2025-05-14 09:45:00,141.50499,40.542410000000004,62206,2025,VHF,300,4477.180612273914,4
2025-05-14 09:50:00,141.50701,40.54263,62206,2025,VHF,300,4309.3038846461795,4
2025-05-14 09:55:00,141.50794000000002,40.54318,62206,2025,VHF,300,4237.818120343092,4
2025-05-14 10:00:00,141.50795,40.54323,62206,2025,VHF,300,4237.644661538478,4
2025-05-14 10:05:00,141.50793000000002,40.54321,62206,2025,VHF,300,4239.058716100214,4
2025-05-14 10:10:00,141.50791,40.54322,62206,2025,VHF,300,4240.874378941687,4
2025-05-14 10:15:00,141.50791,40.54318,62206,2025,VHF,300,4240.34130060815,4
2025-05-14 10:20:00,141.50794000000002,40.54321,62206,2025,VHF,300,4238.217738104564,4
2025-05-14 10:25:00,141.51284,40.55234,62206,2025,VHF,300,4087.0996385121316,4
2025-05-14 10:30:00,141.51591,40.5599,62206,2025,VHF,300,4250.144277919192,4
2025-05-14 10:35:00,141.51486999999997,40.570190000000004,62206,2025,VHF,300,5039.958644631474,4
2025-05-14 10:40:00,141.51537,40.5569,62206,2025,VHF,300,4114.000694910615,4
2025-05-14 10:45:00,141.52381,40.556619999999995,62206,2025,VHF,300,3492.2075039016268,4
2025-05-14 10:50:00,141.5231,40.557289999999995,62206,2025,VHF,300,3584.2090305990373,4
2025-05-14 10:55:00,141.52384,40.556619999999995,62206,2025,VHF,300,3490.1247748227574,4
2025-05-14 11:00:00,141.52383,40.55663,62206,2025,VHF,300,3491.4552182646476,4
2025-05-14 11:05:00,141.52381,40.55665,62206,2025,VHF,300,3494.1162595654505,4
2025-05-14 11:10:00,141.52355999999997,40.55693,62206,2025,VHF,300,3529.3155295898523,4
2025-05-14 11:15:00,141.5238,40.55665,62206,2025,VHF,300,3494.810257917234,4
2025-05-14 11:20:00,141.52382,40.556689999999996,62206,2025,VHF,300,3495.971158871884,4
2025-05-14 11:25:00,141.52383,40.556659999999994,62206,2025,VHF,300,3493.3654445515776,4
2025-05-14 11:30:00,141.5238,40.556639999999994,62206,2025,VHF,300,3494.1738954510033,4
2025-05-14 11:35:00,141.52381,40.55667,62206,2025,VHF,300,3495.3899481778467,4
2025-05-14 11:40:00,141.52381,40.556639999999994,62206,2025,VHF,300,3493.4797705796013,4
2025-05-14 11:45:00,141.52383,40.55667999999999,62206,2025,VHF,300,3494.640112942251,4
2025-05-14 11:50:00,141.52384,40.55663,62206,2025,VHF,300,3490.761169352455,4
2025-05-14 11:55:00,141.52388,40.55661,62206,2025,VHF,300,3486.712084294619,4
2025-05-14 12:00:00,141.52383,40.55665,62206,2025,VHF,300,3492.7284654870077,4
2025-05-14 12:05:00,141.51271,40.56024,62206,2025,VHF,300,4497.962426150694,4
2025-05-14 12:10:00,141.49934000000002,40.562360000000005,62206,2025,VHF,300,5595.819594993805,4
2025-05-14 12:15:00,141.50377999999998,40.559259999999995,62206,2025,VHF,300,5103.526981072135,4
2025-05-14 12:20:00,141.50378999999998,40.559239999999996,62206,2025,VHF,300,5101.773063958536,4
2025-05-14 12:25:00,141.50377999999998,40.55925,62206,2025,VHF,300,5103.028346757373,4
2025-05-14 12:30:00,141.50374,40.55919,62206,2025,VHF,300,5103.069722835982,4
2025-05-14 12:35:00,141.50378999999998,40.55925,62206,2025,VHF,300,5102.271579383516,4
2025-05-14 12:40:00,141.51297,40.544689999999996,62206,2025,VHF,300,3840.986197028648,4
2025-05-14 12:45:00,141.51294000000001,40.54471,62206,2025,VHF,300,3843.8785018971444,4
2025-05-14 12:50:00,141.51292,40.54472,62206,2025,VHF,300,3845.7418721095164,4
2025-05-14 12:55:00,141.51633,40.546479999999995,62206,2025,VHF,300,3604.083218475882,4
2025-05-14 13:05:00,141.50869,40.543110000000006,62206,2025,VHF,600,4173.809425462082,4
2025-05-14 13:10:00,141.50871,40.54312,62206,2025,VHF,300,4172.2602644325,4
2025-05-14 13:15:00,141.50885,40.54318,62206,2025,VHF,300,4161.2922412637745,4
2025-05-14 13:20:00,141.50906999999998,40.54314,62206,2025,VHF,300,4142.253632971759,4
2025-05-14 13:25:00,141.50911,40.54314,62206,2025,VHF,300,4138.890124083431,4
2025-05-14 13:30:00,141.50924999999998,40.543130000000005,62206,2025,VHF,300,4126.983155489929,4
2025-05-14 13:35:00,141.50931,40.54316,62206,2025,VHF,300,4122.344436340467,4
2025-05-14 13:40:00,141.52179,40.54135,62206,2025,VHF,300,3049.253975520955,4
2025-05-15 02:25:00,141.56208,40.548500000000004,62206,2025,VHF,600,1162.2740024014643,5
2025-05-15 02:30:00,141.55234000000004,40.56353000000001,62206,2025,VHF,300,2803.343328370931,5
2025-05-15 02:35:00,141.55279000000002,40.56514000000001,62206,2025,VHF,300,2974.5230002757576,5
2025-05-15 02:40:00,141.53869,40.57321,62206,2025,VHF,300,4163.118023365124,5
2025-05-15 02:45:00,141.53677,40.57858,62206,2025,VHF,300,4776.727710974508,5
2025-05-15 02:50:00,141.52747000000002,40.57439,62206,2025,VHF,300,4722.633708095641,5
2025-05-15 02:55:00,141.52257,40.563990000000004,62206,2025,VHF,300,4092.786380727976,5
2025-05-15 03:00:00,141.52119000000002,40.56124,62206,2025,VHF,300,3978.7409076102213,5
2025-05-15 03:05:00,141.52399,40.55987,62206,2025,VHF,300,3698.938700778843,5
2025-05-15 03:10:00,141.5241,40.55983,62206,2025,VHF,300,3688.9325935196525,5
2025-05-15 03:15:00,141.52403,40.55997,62206,2025,VHF,300,3703.433166394386,5
2025-05-15 03:20:00,141.5248,40.55977,62206,2025,VHF,300,3639.209177024031,5
2025-05-15 03:25:00,141.52511,40.55994,62206,2025,VHF,300,3631.4837950227106,5
2025-05-15 03:30:00,141.52524000000003,40.550019999999996,62206,2025,VHF,300,3020.3429864693894,5
2025-05-15 03:35:00,141.52323,40.544819999999994,62206,2025,VHF,300,2992.5616472572215,5
2025-05-15 03:40:00,141.52454,40.5459,62206,2025,VHF,300,2915.6798966828987,5
2025-05-15 03:45:00,141.52389,40.54565,62206,2025,VHF,300,2961.1679003358986,5
2025-05-15 03:50:00,141.52383,40.54563,62206,2025,VHF,300,2965.4860698611915,5
2025-05-15 03:55:00,141.52375999999998,40.54546,62206,2025,VHF,300,2966.31166919012,5
2025-05-15 04:00:00,141.5239,40.54566,62206,2025,VHF,300,2960.6442406121937,5
2025-05-15 04:05:00,141.52382,40.54566,62206,2025,VHF,300,2967.180469227171,5
2025-05-15 04:10:00,141.52367999999998,40.545590000000004,62206,2025,VHF,300,2976.5882406292017,5
2025-05-15 04:15:00,141.51181,40.563370000000006,62206,2025,VHF,300,4754.718323677182,5
2025-05-15 04:20:00,141.52364999999998,40.580059999999996,62206,2025,VHF,300,5427.611690673729,5
2025-05-15 04:25:00,141.55075,40.59172,62206,2025,VHF,300,5926.533622441469,5
2025-05-15 04:30:00,141.55282000000003,40.576930000000004,62206,2025,VHF,300,4274.918330063898,5
2025-05-15 04:35:00,141.55599,40.5611,62206,2025,VHF,300,2501.5633304229395,5
2025-05-15 10:00:00,141.53350999999998,40.55115,62206,2025,VHF,300,2470.9819230073485,6
2025-05-15 10:05:00,141.51387999999997,40.560930000000006,62206,2025,VHF,300,4456.637973448936,6
2025-05-15 10:10:00,141.50015,40.56288,62206,2025,VHF,300,5563.135753704278,6
2025-05-15 10:15:00,141.51372999999998,40.555279999999996,62206,2025,VHF,300,4152.117162151987,6
2025-05-15 10:20:00,141.51504999999997,40.54695,62206,2025,VHF,300,3722.0069187288573,6
2025-05-15 10:25:00,141.51507999999998,40.546910000000004,62206,2025,VHF,300,3718.442632481938,6
2025-05-15 10:30:00,141.5151,40.54694,62206,2025,VHF,300,3717.6283920411133,6
2025-05-15 10:35:00,141.51506999999998,40.54697,62206,2025,VHF,300,3720.9192075877636,6
2025-05-15 10:40:00,141.51506999999998,40.54696,62206,2025,VHF,300,3720.6424485318594,6
2025-05-15 10:45:00,141.51514,40.54697,62206,2025,VHF,300,3715.177227339288,6
2025-05-15 10:50:00,141.51516999999998,40.54695,62206,2025,VHF,300,3712.1621274833346,6
2025-05-15 10:55:00,141.51516999999998,40.54699,62206,2025,VHF,300,3713.272237220848,6
2025-05-15 11:00:00,141.51515999999998,40.54696,62206,2025,VHF,300,3713.2594596961662,6
2025-05-15 11:05:00,141.51514,40.54697,62206,2025,VHF,300,3715.177227339288,6
2025-05-15 11:10:00,141.51529,40.54697,62206,2025,VHF,300,3702.874979355044,6
2025-05-15 11:15:00,141.51515999999998,40.54697,62206,2025,VHF,300,3713.5367700841816,6
2025-05-15 11:20:00,141.51474999999996,40.545730000000006,62206,2025,VHF,300,3715.475252114377,6
2025-05-15 11:25:00,141.5056,40.54261,62206,2025,VHF,300,4427.90487920756,6
2025-05-15 11:30:00,141.50675999999999,40.54191,62206,2025,VHF,300,4322.874193879672,6
2025-05-15 11:35:00,141.50702,40.542500000000004,62206,2025,VHF,300,4306.992221372634,6
2025-05-15 11:40:00,141.50747,40.54285,62206,2025,VHF,300,4273.16444820943,6
2025-05-15 11:45:00,141.50748000000002,40.54287,62206,2025,VHF,300,4272.56736818776,6
2025-05-15 11:50:00,141.50744000000003,40.54292,62206,2025,VHF,300,4276.551962384337,6
2025-05-15 11:55:00,141.50779,40.54303,62206,2025,VHF,300,4248.48073209683,6
2025-05-15 12:00:00,141.50789,40.54306,62206,2025,VHF,300,4240.452349643089,6
2025-05-15 12:05:00,141.50788,40.54309,62206,2025,VHF,300,4241.682554996236,6
2025-05-15 12:10:00,141.5079,40.54307,62206,2025,VHF,300,4239.740341401497,6
2025-05-15 12:15:00,141.50797,40.543150000000004,62206,2025,VHF,300,4234.897687870696,6
2025-05-15 12:20:00,141.50796,40.543130000000005,62206,2025,VHF,300,4235.475455912034,6
2025-05-15 12:25:00,141.50797,40.54316,62206,2025,VHF,300,4235.0298255449115,6
2025-05-15 12:30:00,141.50866,40.54389,62206,2025,VHF,300,4187.564167278997,6
2025-05-15 12:35:00,141.52106,40.55979,62206,2025,VHF,300,3887.8238861654254,6
2025-05-15 12:40:00,141.50218,40.560320000000004,62206,2025,VHF,300,5277.65030724306,6
2025-05-15 12:45:00,141.50783,40.558550000000004,62206,2025,VHF,300,4762.3849999375725,6
2025-05-15 12:50:00,141.52385999999998,40.55651,62206,2025,VHF,300,3481.749191021189,6
2025-05-15 12:55:00,141.54976999999997,40.54685,62206,2025,VHF,300,1130.6402465158124,6
2025-05-16 11:35:00,141.53813000000002,40.55279,62206,2025,VHF,300,2280.754307423228,7
2025-05-16 11:40:00,141.5058,40.56479,62206,2025,VHF,300,5263.779633614426,7
2025-05-16 11:45:00,141.50241000000003,40.55999,62206,2025,VHF,300,5243.641898340393,7
2025-05-16 11:50:00,141.50241000000003,40.55996,62206,2025,VHF,300,5242.135072237008,7
2025-05-16 11:55:00,141.50248000000002,40.56002,62206,2025,VHF,300,5239.8660393907885,7
2025-05-16 12:00:00,141.50286,40.55947,62206,2025,VHF,300,5183.636720598593,7
2025-05-16 12:05:00,141.50286,40.559459999999994,62206,2025,VHF,300,5183.140807301786,7
2025-05-16 12:10:00,141.50293000000002,40.55945,62206,2025,VHF,300,5177.340528485458,7
2025-05-16 12:15:00,141.50299,40.559419999999996,62206,2025,VHF,300,5171.305986300663,7
2025-05-16 12:20:00,141.50429,40.55932,62206,2025,VHF,300,5067.990784986421,7
2025-05-16 12:25:00,141.49635,40.571079999999995,62206,2025,VHF,300,6318.198371833277,7
2025-05-16 12:30:00,141.48771000000002,40.57311000000001,62206,2025,VHF,300,7051.517286495764,7
2025-05-16 12:35:00,141.48773000000003,40.57309,62206,2025,VHF,300,7048.889268919967,7
2025-05-16 12:40:00,141.50334,40.55879,62206,2025,VHF,300,5113.774672312673,7
2025-05-16 12:45:00,141.50589,40.54199,62206,2025,VHF,300,4397.064235454012,7
2025-05-16 12:50:00,141.50629,40.54163,62206,2025,VHF,300,4360.053231750051,7
2025-05-16 12:55:00,141.50634000000002,40.54159,62206,2025,VHF,300,4355.491095732682,7
2025-05-16 13:00:00,141.50634000000002,40.54161,62206,2025,VHF,300,4355.659965827155,7
2025-05-16 13:05:00,141.50639,40.54154,62206,2025,VHF,300,4350.849861701678,7
2025-05-16 13:10:00,141.50638,40.541599999999995,62206,2025,VHF,300,4352.196592530108,7
2025-05-16 13:15:00,141.50638,40.541599999999995,62206,2025,VHF,300,4352.196592530108,7
2025-05-16 13:20:00,141.50639,40.541579999999996,62206,2025,VHF,300,4351.183423795781,7
2025-05-16 13:25:00,141.50637,40.541579999999996,62206,2025,VHF,300,4352.872884596062,7
2025-05-16 13:30:00,141.50639,40.541599999999995,62206,2025,VHF,300,4351.3518955549325,7
2025-05-16 13:35:00,141.50646,40.541599999999995,62206,2025,VHF,300,4345.439043720421,7
2025-05-16 13:40:00,141.50643000000002,40.541579999999996,62206,2025,VHF,300,4347.804513600208,7
2025-05-16 13:45:00,141.50646,40.54156,62206,2025,VHF,300,4345.102766798735,7
2025-05-16 13:50:00,141.52668,40.5402,62206,2025,VHF,300,2625.7191990585834,7
2025-05-17 05:55:00,141.52001,40.562900000000006,62206,2025,VHF,300,4173.401853652021,8
2025-05-17 06:00:00,141.49874000000003,40.57465,62206,2025,VHF,300,6393.366609879904,8
2025-05-17 06:05:00,141.50225,40.55965,62206,2025,VHF,300,5238.789863873531,8
2025-05-17 06:10:00,141.50651,40.542790000000004,62206,2025,VHF,300,4353.29125502406,8
2025-05-17 06:15:00,141.5102,40.5432,62206,2025,VHF,300,4048.083077648285,8
2025-05-17 06:20:00,141.51027,40.54312,62206,2025,VHF,300,4041.091161769248,8
2025-05-17 06:25:00,141.51024,40.543110000000006,62206,2025,VHF,300,4043.475835313385,8
2025-05-17 06:30:00,141.5103,40.543079999999996,62206,2025,VHF,300,4038.0216173880463,8
2025-05-17 06:35:00,141.51024,40.54305,62206,2025,VHF,300,4042.6589295723434,8
2025-05-17 06:40:00,141.51029,40.54304,62206,2025,VHF,300,4038.3195788741123,8
2025-05-17 06:45:00,141.51031,40.54312,62206,2025,VHF,300,4037.7286989822305,8
2025-05-17 06:50:00,141.51037,40.54306,62206,2025,VHF,300,4031.8641501307306,8
2025-05-17 06:55:00,141.51038,40.54307,62206,2025,VHF,300,4031.1594841603082,8
2025-05-17 07:00:00,141.51146,40.54319,62206,2025,VHF,300,3942.071209516715,8
2025-05-17 13:35:00,141.53352999999998,40.54734,62206,2025,VHF,300,2258.1911109575735,9
2025-05-17 13:40:00,141.50545,40.542570000000005,62206,2025,VHF,300,4440.107114909773,9
2025-05-17 13:45:00,141.50662,40.541579999999996,62206,2025,VHF,300,4331.754898852824,9
2025-05-17 13:50:00,141.5066,40.54155,62206,2025,VHF,300,4333.19268758737,9
2025-05-17 13:55:00,141.50663,40.54155,62206,2025,VHF,300,4330.658415412986,9
2025-05-17 14:00:00,141.50661,40.54147999999999,62206,2025,VHF,300,4331.770588072817,9
2025-05-17 14:05:00,141.50905999999998,40.56091000000001,62206,2025,VHF,300,4800.1549440491835,9
2025-05-17 14:10:00,141.50142000000002,40.560790000000004,62206,2025,VHF,300,5358.771995480608,9
2025-05-17 14:15:00,141.50513,40.542590000000004,62206,2025,VHF,300,4467.302440209142,9
2025-05-17 14:20:00,141.50665999999998,40.54154,62206,2025,VHF,300,4328.040743295395,9
2025-05-17 14:25:00,141.50852,40.54286,62206,2025,VHF,300,4184.891114289767,9
2025-05-17 14:30:00,141.50847000000002,40.54284,62206,2025,VHF,300,4188.850662593171,9
2025-05-17 14:35:00,141.5085,40.54284,62206,2025,VHF,300,4186.325236296533,9
2025-05-17 14:40:00,141.50853,40.54285,62206,2025,VHF,300,4183.924451536686,9
2025-05-17 14:45:00,141.50863,40.542790000000004,62206,2025,VHF,300,4174.76194932712,9
2025-05-17 14:50:00,141.50874000000002,40.542790000000004,62206,2025,VHF,300,4165.5011460236865,9
2025-05-17 14:55:00,141.50876,40.5428,62206,2025,VHF,300,4163.941133745432,9
2025-05-17 15:00:00,141.50881,40.542790000000004,62206,2025,VHF,300,4159.608042474223,9
2025-05-17 15:05:00,141.51056999999997,40.54395,62206,2025,VHF,300,4028.3912511150597,9
2025-05-17 15:10:00,141.51317999999998,40.54692,62206,2025,VHF,300,3874.8414041869046,9
2025-05-17 15:15:00,141.51316999999997,40.54694,62206,2025,VHF,300,3876.1932419108234,9
2025-05-17 15:20:00,141.52198,40.544639999999994,62206,2025,VHF,300,3091.30873235385,9
2025-05-17 15:25:00,141.5453,40.53658,62206,2025,VHF,300,1066.3319319060747,9
2025-05-18 16:10:00,141.54943,40.54759,62206,2025,VHF,300,1214.3303511050892,10
2025-05-18 16:15:00,141.52904,40.55905,62206,2025,VHF,300,3317.7698248125757,10
2025-05-18 16:20:00,141.50296,40.55965,62206,2025,VHF,300,5185.0327120867305,10
2025-05-18 16:25:00,141.48385,40.57612,62206,2025,VHF,300,7508.18246678301,10
2025-05-18 16:30:00,141.47804000000002,40.59132,62206,2025,VHF,300,8925.466479434064,10
2025-05-18 16:35:00,141.46921,40.60356,62206,2025,VHF,300,10394.698704213108,10
2025-05-18 16:40:00,141.46279,40.60949,62206,2025,VHF,300,11243.25452959038,10
2025-05-18 16:45:00,141.46248000000003,40.603300000000004,62206,2025,VHF,300,10793.064842723566,10
2025-05-18 16:50:00,141.46222000000003,40.602990000000005,62206,2025,VHF,300,10786.671933808624,10
2025-05-18 16:55:00,141.45982,40.599230000000006,62206,2025,VHF,300,10671.660374625859,10
2025-05-18 17:00:00,141.45988,40.59913000000001,62206,2025,VHF,300,10660.719062130831,10
2025-05-18 17:05:00,141.45983,40.599090000000004,62206,2025,VHF,300,10661.209076689755,10
2025-05-18 17:10:00,141.45995,40.59911000000001,62206,2025,VHF,300,10654.718756650293,10
2025-05-18 17:15:00,141.45988,40.59910000000001,62206,2025,VHF,300,10658.620586359137,10
2025-05-18 17:20:00,141.45816000000002,40.59850000000001,62206,2025,VHF,300,10730.7009298592,10
2025-05-18 17:25:00,141.44687,40.59302,62206,2025,VHF,300,11155.565597358122,10
2025-05-18 17:30:00,141.44595999999999,40.59275000000001,62206,2025,VHF,300,11204.321318002128,10
2025-05-18 17:35:00,141.44546,40.59284,62206,2025,VHF,300,11245.417756940045,10
2025-05-18 17:40:00,141.44675999999998,40.59301000000001,62206,2025,VHF,300,11162.796814400306,10
2025-05-18 17:45:00,141.4466,40.59271000000001,62206,2025,VHF,300,11156.234848631979,10
2025-05-18 17:50:00,141.44651,40.592800000000004,62206,2025,VHF,300,11168.03457971558,10
2025-05-18 17:55:00,141.45502000000002,40.59208,62206,2025,VHF,300,10522.796946309567,10
2025-05-18 18:00:00,141.4705,40.60866,62206,2025,VHF,300,10719.740489047981,10
2025-05-18 18:05:00,141.46683000000002,40.60905,62206,2025,VHF,300,10966.708320340007,10
2025-05-18 18:10:00,141.46656,40.60908,62206,2025,VHF,300,10985.115572381961,10
2025-05-18 18:15:00,141.45746000000003,40.622840000000004,62206,2025,VHF,300,12624.677112470945,10
2025-05-18 18:20:00,141.46238000000002,40.60344,62206,2025,VHF,300,10809.727644309709,10
2025-05-18 18:25:00,141.46215,40.60282,62206,2025,VHF,300,10778.620692920813,10
2025-05-18 18:30:00,141.46223000000003,40.60278,62206,2025,VHF,300,10770.604012447984,10
2025-05-18 18:35:00,141.48074000000003,40.58248,62206,2025,VHF,300,8130.916057970845,10
2025-05-18 18:40:00,141.50023000000002,40.56559000000001,62206,2025,VHF,300,5709.159771429966,10
2025-05-18 18:45:00,141.5459,40.540079999999996,62206,2025,VHF,300,1004.8823234807516,10
2025-05-19 10:40:00,141.54358999999997,40.54977,62206,2025,VHF,300,1716.3849552099346,11
2025-05-19 10:45:00,141.51567999999997,40.56798,62206,2025,VHF,300,4821.6666720247385,11
2025-05-19 10:50:00,141.49481,40.58269,62206,2025,VHF,300,7228.103953457607,11
2025-05-19 10:55:00,141.48235000000003,40.5839,62206,2025,VHF,300,8118.845239938672,11
2025-05-19 11:00:00,141.48272000000003,40.58361,62206,2025,VHF,300,8074.3098567226925,11
2025-05-19 11:05:00,141.47078,40.588879999999996,62206,2025,VHF,300,9232.030323831961,11
2025-05-19 11:10:00,141.4708,40.58924,62206,2025,VHF,300,9254.898161345216,11
2025-05-19 11:15:00,141.48096,40.5774,62206,2025,VHF,300,7790.653300530627,11
2025-05-19 11:20:00,141.50299,40.559639999999995,62206,2025,VHF,300,5182.264091103372,11
2025-05-19 11:25:00,141.50309,40.55961,62206,2025,VHF,300,5173.202157463173,11
2025-05-19 11:30:00,141.50312,40.55963,62206,2025,VHF,300,5171.935555235017,11
2025-05-19 11:35:00,141.50306999999998,40.55961,62206,2025,VHF,300,5174.714377903794,11
2025-05-19 11:40:00,141.50314,40.559659999999994,62206,2025,VHF,300,5171.92804995868,11
2025-05-19 11:45:00,141.51954999999995,40.55585,62206,2025,VHF,300,3749.267348156029,11
2025-05-19 11:50:00,141.54557999999997,40.5491,62206,2025,VHF,300,1547.658410509943,11
2025-05-19 15:05:00,141.50557999999998,40.54192,62206,2025,VHF,300,4422.579748544884,12
2025-05-19 15:10:00,141.50663,40.54156,62206,2025,VHF,300,4330.742057796719,12
2025-05-19 15:15:00,141.50844000000004,40.54299,62206,2025,VHF,300,4193.2725333799735,12
2025-05-19 15:20:00,141.50853,40.54303,62206,2025,VHF,300,4186.217385014142,12
2025-05-19 15:25:00,141.50593,40.558839999999996,62206,2025,VHF,300,4920.051677503685,12
2025-05-19 15:30:00,141.50591,40.55876,62206,2025,VHF,300,4917.511870473595,12
2025-05-19 15:35:00,141.50593,40.558730000000004,62206,2025,VHF,300,4914.488595765485,12
2025-05-19 15:40:00,141.50594,40.558730000000004,62206,2025,VHF,300,4913.734180142682,12
2025-05-19 15:45:00,141.50596,40.558710000000005,62206,2025,VHF,300,4911.216090369476,12
2025-05-19 15:50:00,141.49961,40.56192,62206,2025,VHF,300,5552.726416608859,12
2025-05-19 15:55:00,141.48850000000002,40.582330000000006,62206,2025,VHF,300,7604.301506929528,12
2025-05-19 16:00:00,141.46706,40.5974,62206,2025,VHF,300,10070.442627813844,12
2025-05-19 16:05:00,141.46268,40.601910000000004,62206,2025,VHF,300,10678.254467982819,12
2025-05-19 16:10:00,141.46256,40.6019,62206,2025,VHF,300,10685.17557870784,12
2025-05-19 16:15:00,141.46991,40.590610000000005,62206,2025,VHF,300,9407.43079364759,12
2025-05-19 16:20:00,141.48782000000003,40.57302,62206,2025,VHF,300,7038.269632916384,12
2025-05-19 16:25:00,141.50287,40.559479999999994,62206,2025,VHF,300,5183.3751655312235,12
2025-05-19 16:30:00,141.50293000000002,40.55947,62206,2025,VHF,300,5178.333181985399,12
2025-05-19 16:35:00,141.50288,40.55941,62206,2025,VHF,300,5179.147792755348,12
2025-05-19 16:40:00,141.50292000000002,40.55943,62206,2025,VHF,300,5177.106493620506,12
2025-05-19 16:45:00,141.50325999999998,40.55947,62206,2025,VHF,300,5153.349161434792,12
2025-05-19 16:50:00,141.51178,40.55747999999999,62206,2025,VHF,300,4411.234412399161,12
2025-05-19 16:55:00,141.52194000000003,40.555710000000005,62206,2025,VHF,300,3568.408322171331,12
2025-05-19 17:00:00,141.54367999999997,40.54976,62206,2025,VHF,300,1710.316595501284,12
2025-05-19 17:05:00,141.54617,40.549170000000004,62206,2025,VHF,300,1521.2196221193124,12
2025-05-19 17:10:00,141.54614999999998,40.549150000000004,62206,2025,VHF,300,1520.5882327761428,12
2025-05-19 17:15:00,141.54619,40.549150000000004,62206,2025,VHF,300,1518.428420519471,12
2025-05-20 14:40:00,141.54588999999999,40.53749,62206,2025,VHF,300,1000.0431243748864,13
2025-05-20 14:45:00,141.52176,40.542300000000004,62206,2025,VHF,300,3064.092181299476,13
2025-05-20 14:50:00,141.50515,40.54252,62206,2025,VHF,300,4464.855401592866,13
2025-05-20 14:55:00,141.50840000000002,40.54274,62206,2025,VHF,300,4193.516416164,13
2025-05-20 15:00:00,141.50836,40.54274,62206,2025,VHF,300,4196.884731135054,13
2025-05-20 15:05:00,141.50521,40.55889,62206,2025,VHF,300,4976.896037016691,13
2025-05-20 15:10:00,141.48859000000002,40.57587,62206,2025,VHF,300,7161.573281757629,13
2025-05-20 15:15:00,141.47464999999997,40.59145,62206,2025,VHF,300,9153.36975629696,13
2025-05-20 15:20:00,141.46873000000002,40.61044,62206,2025,VHF,300,10966.264500634303,13
2025-05-20 15:25:00,141.45678,40.623650000000005,62206,2025,VHF,300,12729.964480373797,13
2025-05-20 15:30:00,141.45289000000002,40.63096,62206,2025,VHF,300,13556.017679023538,13
2025-05-20 15:35:00,141.44908999999998,40.63665,62206,2025,VHF,300,14245.18273526551,13
2025-05-20 15:40:00,141.44901,40.63666,62206,2025,VHF,300,14250.399207687435,13
2025-05-20 15:45:00,141.44822000000002,40.641819999999996,62206,2025,VHF,300,14734.58504214429,13
2025-05-20 15:50:00,141.45922000000002,40.639230000000005,62206,2025,VHF,300,13936.36965108593,13
2025-05-20 15:55:00,141.45594000000003,40.631710000000005,62206,2025,VHF,300,13452.451068571703,13
2025-05-20 16:00:00,141.45993000000001,40.61518,62206,2025,VHF,300,11861.63234051791,13
2025-05-20 16:05:00,141.46273000000002,40.60211000000001,62206,2025,VHF,300,10689.696753400824,13
2025-05-20 16:10:00,141.46272000000002,40.60196,62206,2025,VHF,300,10679.359606468865,13
2025-05-20 16:15:00,141.46126,40.599610000000006,62206,2025,VHF,300,10604.21295912743,13
2025-05-20 16:20:00,141.45645000000002,40.592040000000004,62206,2025,VHF,300,10420.51662171592,13
2025-05-20 16:25:00,141.43709,40.59233000000001,62206,2025,VHF,300,11821.448922955007,13
2025-05-20 16:30:00,141.41125,40.59508,62206,2025,VHF,300,13889.971163290516,13
2025-05-20 16:35:00,141.40145,40.58797,62206,2025,VHF,300,14315.387132712684,13
2025-05-20 16:40:00,141.40046,40.58757,62206,2025,VHF,300,14376.052179948689,13
2025-05-20 16:45:00,141.40013000000002,40.58725999999999,62206,2025,VHF,300,14388.994770019164,13
2025-05-20 16:50:00,141.39998,40.58727,62206,2025,VHF,300,14401.1850654269,13
2025-05-20 16:55:00,141.40021000000002,40.58727,62206,2025,VHF,300,14383.13190305413,13
2025-05-20 17:00:00,141.40302,40.58812,62206,2025,VHF,300,14199.080441591115,13
2025-05-20 17:05:00,141.39078,40.59038,62206,2025,VHF,300,15252.698182210483,13
2025-05-20 17:10:00,141.39315,40.59203000000001,62206,2025,VHF,300,15137.690420389015,13
2025-05-20 17:15:00,141.39099000000002,40.593180000000004,62206,2025,VHF,300,15355.982885314275,13
2025-05-20 17:20:00,141.41116,40.5946,62206,2025,VHF,300,13872.839740765601,13
2025-05-20 17:25:00,141.46175,40.5902,62206,2025,VHF,300,9935.68480962931,13
2025-05-20 17:30:00,141.48306,40.58099,62206,2025,VHF,300,7874.538324309439,13
2025-05-20 17:35:00,141.48776,40.58131,62206,2025,VHF,300,7581.316676995145,13
2025-05-20 17:40:00,141.49061,40.578410000000005,62206,2025,VHF,300,7192.356873593988,13
2025-05-20 17:45:00,141.4901,40.57883,62206,2025,VHF,300,7255.086870166925,13
2025-05-20 17:50:00,141.49002000000002,40.57914,62206,2025,VHF,300,7281.64545000163,13
2025-05-20 17:55:00,141.49001,40.57921,62206,2025,VHF,300,7287.1159415274915,13
2025-05-20 18:00:00,141.49074000000002,40.579390000000004,62206,2025,VHF,300,7251.108143423201,13
2025-05-20 18:05:00,141.49083000000002,40.57886,62206,2025,VHF,300,7208.531718641147,13
2025-05-20 18:10:00,141.50242000000003,40.57016,62206,2025,VHF,300,5841.515523117585,13
2025-05-20 18:15:00,141.50405999999998,40.56452,62206,2025,VHF,300,5371.137272549648,13
2025-05-20 18:20:00,141.53689,40.55415,62206,2025,VHF,300,2461.278867914817,13
2025-05-21 11:35:00,141.52163000000002,40.56575000000001,62206,2025,VHF,300,4285.9682636011885,14
2025-05-21 11:40:00,141.48588,40.579550000000005,62206,2025,VHF,300,7587.551514292525,14
2025-05-21 11:45:00,141.47092,40.603930000000005,62206,2025,VHF,300,10319.74735592129,14
2025-05-21 11:50:00,141.45118000000002,40.63315000000001,62206,2025,VHF,300,13834.666531170555,14
2025-05-21 11:55:00,141.46215,40.60747,62206,2025,VHF,300,11126.761539393005,14
2025-05-21 12:00:00,141.46279,40.6024,62206,2025,VHF,300,10707.14486334371,14
2025-05-21 12:05:00,141.46052,40.5996,62206,2025,VHF,300,10651.793131144965,14
2025-05-21 12:10:00,141.46056,40.59968,62206,2025,VHF,300,10654.827720476651,14
2025-05-21 12:15:00,141.46051,40.59975000000001,62206,2025,VHF,300,10663.038270721974,14
2025-05-21 12:20:00,141.46088,40.59971000000001,62206,2025,VHF,300,10636.065723369047,14
2025-05-21 12:25:00,141.476,40.58507,62206,2025,VHF,300,8624.54146587317,14
2025-05-21 12:30:00,141.49326,40.56551000000001,62206,2025,VHF,300,6215.135926530492,14
2025-05-21 12:35:00,141.52,40.55552,62206,2025,VHF,300,3697.8058395889034,14
2025-05-21 12:40:00,141.54474999999996,40.54921,62206,2025,VHF,300,1603.7551992841943,14
2025-05-21 13:10:00,141.53692,40.517959999999995,62206,2025,VHF,300,2885.757694044755,15
2025-05-21 13:15:00,141.54059999999998,40.49832000000001,62206,2025,VHF,300,4699.897522324731,15
2025-05-21 13:20:00,141.52283000000003,40.476350000000004,62206,2025,VHF,300,7515.251443719412,15
2025-05-21 13:25:00,141.52268,40.47623,62206,2025,VHF,300,7532.499066131833,15
2025-05-21 13:30:00,141.52237000000002,40.47614,62206,2025,VHF,300,7552.042174766336,15
2025-05-21 13:35:00,141.52307,40.480079999999994,62206,2025,VHF,300,7127.677357951168,15
2025-05-21 13:40:00,141.52357999999998,40.48319,62206,2025,VHF,300,6795.784006012641,15
2025-05-21 13:45:00,141.52366999999998,40.48315,62206,2025,VHF,300,6796.575453583979,15
2025-05-21 13:50:00,141.52382,40.48343,62206,2025,VHF,300,6763.02210012165,15
2025-05-21 13:55:00,141.52122000000003,40.48605,62206,2025,VHF,300,6600.610951340698,15
2025-05-21 14:00:00,141.52137000000002,40.486039999999996,62206,2025,VHF,300,6595.664417272101,15
2025-05-21 14:05:00,141.51749,40.48717,62206,2025,VHF,300,6646.893838592791,15
2025-05-21 14:10:00,141.51772,40.48714,62206,2025,VHF,300,6639.8125953258605,15
2025-05-21 14:15:00,141.51763,40.48719,62206,2025,VHF,300,6638.922721801774,15
2025-05-21 14:20:00,141.51776999999998,40.48715,62206,2025,VHF,300,6636.700162803815,15
2025-05-21 14:25:00,141.51758999999998,40.48712,62206,2025,VHF,300,6647.338484937821,15
2025-05-21 14:30:00,141.51773,40.4871,62206,2025,VHF,300,6643.205455808962,15
2025-05-21 14:35:00,141.51649,40.48803,62206,2025,VHF,300,6609.287724459012,15
2025-05-21 14:40:00,141.51717,40.489079999999994,62206,2025,VHF,300,6479.826039814437,15
2025-05-21 14:45:00,141.51709,40.489,62206,2025,VHF,300,6490.952377344599,15
2025-05-21 14:50:00,141.51707,40.48894,62206,2025,VHF,300,6497.504324815239,15
2025-05-21 14:55:00,141.51692,40.48907,62206,2025,VHF,300,6491.996546404707,15
2025-05-21 15:00:00,141.51712,40.4889,62206,2025,VHF,300,6499.037447063688,15
2025-05-21 15:05:00,141.51703,40.48896,62206,2025,VHF,300,6497.412491932667,15
2025-05-21 15:10:00,141.51698,40.48895,62206,2025,VHF,300,6500.598109333058,15
2025-05-21 15:15:00,141.51714,40.488879999999995,62206,2025,VHF,300,6500.029597799618,15
2025-05-21 15:20:00,141.51697,40.48898,62206,2025,VHF,300,6498.22127895961,15
2025-05-21 15:25:00,141.51714,40.48894,62206,2025,VHF,300,6494.369779529759,15
2025-05-21 15:30:00,141.51716,40.48885,62206,2025,VHF,300,6501.966520095938,15
2025-05-21 15:35:00,141.51704999999998,40.48903,62206,2025,VHF,300,6489.919736380706,15
2025-05-21 15:40:00,141.51703,40.48896,62206,2025,VHF,300,6497.412491932667,15
2025-05-21 15:45:00,141.51712,40.489059999999995,62206,2025,VHF,300,6483.952607307973,15
2025-05-21 15:50:00,141.52107,40.49822,62206,2025,VHF,300,5449.529245364161,15
2025-05-21 15:55:00,141.53842000000003,40.52069,62206,2025,VHF,300,2569.0496215851167,15
2025-05-21 21:35:00,141.56464999999997,40.55007,62206,2025,VHF,300,1406.0168455434,16
2025-05-21 21:40:00,141.56967999999998,40.564859999999996,62206,2025,VHF,300,3089.6180358083698,16
2025-05-21 21:45:00,141.56799,40.58504,62206,2025,VHF,300,5230.760022581217,16
2025-05-21 21:50:00,141.57199,40.59466,62206,2025,VHF,300,6342.637665595059,16
2025-05-21 21:55:00,141.56642000000002,40.60662,62206,2025,VHF,300,7589.447385231281,16
2025-05-21 22:00:00,141.54432,40.617239999999995,62206,2025,VHF,300,8804.081052743542,16
2025-05-21 22:05:00,141.52982,40.61912,62206,2025,VHF,300,9244.997657784563,16
2025-05-21 22:10:00,141.53277,40.623810000000006,62206,2025,VHF,300,9692.316689010358,16
2025-05-21 22:15:00,141.53791,40.62803000000001,62206,2025,VHF,300,10069.13789012786,16
2025-05-21 22:20:00,141.54344,40.63101,62206,2025,VHF,300,10330.883165278043,16
2025-05-21 22:25:00,141.54791,40.63388,62206,2025,VHF,300,10611.54381917644,16
2025-05-21 22:30:00,141.54891,40.63426,62206,2025,VHF,300,10647.429207230789,16
2025-05-21 22:35:00,141.54970999999998,40.63364,62206,2025,VHF,300,10574.25026627168,16
2025-05-21 22:40:00,141.54975999999996,40.635850000000005,62206,2025,VHF,300,10818.923134275368,16
2025-05-21 22:45:00,141.5545,40.64616,62206,2025,VHF,300,11946.311648568799,16
2025-05-21 22:50:00,141.56244000000004,40.661350000000006,62206,2025,VHF,300,13636.377732392366,16
2025-05-21 22:55:00,141.56481,40.6749,62206,2025,VHF,300,15147.209682703655,16
2025-05-21 23:00:00,141.56185,40.68099,62206,2025,VHF,300,15815.289092822348,16
2025-05-21 23:05:00,141.56043000000003,40.6865,62206,2025,VHF,300,16424.82029449232,16
2025-05-21 23:10:00,141.56074,40.694950000000006,62206,2025,VHF,300,17363.46219532391,16
2025-05-21 23:15:00,141.55318,40.699690000000004,62206,2025,VHF,300,17891.71594114792,16
2025-05-21 23:20:00,141.54689,40.704679999999996,62206,2025,VHF,300,18464.19603216329,16
2025-05-21 23:25:00,141.54064999999997,40.70734,62206,2025,VHF,300,18792.146752306544,16
2025-05-21 23:30:00,141.5343,40.712740000000004,62206,2025,VHF,300,19437.238597588243,16
2025-05-21 23:35:00,141.52004000000002,40.709230000000005,62206,2025,VHF,300,19211.91852293321,16
2025-05-21 23:40:00,141.51072,40.67442,62206,2025,VHF,300,15594.850926581332,16
2025-05-21 23:45:00,141.49687,40.65075,62206,2025,VHF,300,13472.561883310242,16
2025-05-21 23:50:00,141.48702000000003,40.638070000000006,62206,2025,VHF,300,12557.769379038617,16
2025-05-21 23:55:00,141.51941,40.61703,62206,2025,VHF,300,9289.6552811216,16
2025-05-22 00:00:00,141.54668999999998,40.584799999999994,62206,2025,VHF,300,5212.20806832463,16
2025-05-22 00:05:00,141.54910999999998,40.57383,62206,2025,VHF,300,3977.0345127381474,16
2025-05-22 00:10:00,141.54874999999998,40.57404,62206,2025,VHF,300,4005.567153354383,16
2025-05-22 00:15:00,141.54846,40.57425,62206,2025,VHF,300,4033.1206434681158,16
2025-05-22 00:20:00,141.54849000000002,40.57418,62206,2025,VHF,300,4025.004407074456,16
2025-05-22 00:25:00,141.54829,40.574110000000005,62206,2025,VHF,300,4020.6647150247077,16
2025-05-22 00:30:00,141.5486,40.57437,62206,2025,VHF,300,4043.946232657592,16
2025-05-22 00:35:00,141.54844000000003,40.57415,62206,2025,VHF,300,4022.5498424858342,16
2025-05-22 00:40:00,141.54758999999999,40.56398,62206,2025,VHF,300,2942.522365281304,16
2025-05-22 09:35:00,141.545,40.53533000000001,62206,2025,VHF,300,1128.026768295814,17
2025-05-22 09:40:00,141.50819,40.542300000000004,62206,2025,VHF,300,4206.168565023273,17
2025-05-22 09:45:00,141.47833000000003,40.53229,62206,2025,VHF,300,6752.788337799493,17
2025-05-22 09:50:00,141.4548,40.53412,62206,2025,VHF,300,8723.916673578617,17
2025-05-22 09:55:00,141.45338,40.53361,62206,2025,VHF,300,8847.432350819568,17
2025-05-22 10:00:00,141.45418,40.534130000000005,62206,2025,VHF,300,8776.295477763953,17
2025-05-22 10:05:00,141.45411000000001,40.534110000000005,62206,2025,VHF,300,8782.343782410271,17
2025-05-22 10:10:00,141.45545,40.535430000000005,62206,2025,VHF,300,8661.711669925598,17
2025-05-22 10:15:00,141.45539000000002,40.535360000000004,62206,2025,VHF,300,8667.115040378103,17
2025-05-22 10:20:00,141.45491,40.53478,62206,2025,VHF,300,8710.687568733303,17
2025-05-22 10:25:00,141.4541,40.53416,62206,2025,VHF,300,8782.872509885967,17
2025-05-22 10:30:00,141.43612000000002,40.526520000000005,62206,2025,VHF,300,10380.00058900575,17
2025-05-22 10:35:00,141.43379,40.52375000000001,62206,2025,VHF,300,10619.419848839414,17
2025-05-22 10:40:00,141.39999,40.51319,62206,2025,VHF,300,13650.327886405694,17
2025-05-22 10:45:00,141.39356999999998,40.51033,62206,2025,VHF,300,14249.9038715749,17
2025-05-22 10:50:00,141.39347,40.51025,62206,2025,VHF,300,14260.136439568085,17
2025-05-22 10:55:00,141.3935,40.51021,62206,2025,VHF,300,14258.64274516135,17
2025-05-22 11:00:00,141.39260000000002,40.51101,62206,2025,VHF,300,14313.665180597582,17
2025-05-22 11:05:00,141.39298000000002,40.51087999999999,62206,2025,VHF,300,14285.331041335283,17
2025-05-22 11:10:00,141.39335,40.5104,62206,2025,VHF,300,14266.372746259995,17
2025-05-22 11:15:00,141.39365999999998,40.5104,62206,2025,VHF,300,14240.746386447265,17
2025-05-22 11:20:00,141.40518,40.51393,62206,2025,VHF,300,13203.00006042902,17
2025-05-22 11:25:00,141.40532000000002,40.51385,62206,2025,VHF,300,13193.2514229644,17
2025-05-22 11:30:00,141.4233,40.51443999999999,62206,2025,VHF,300,11692.207598353749,17
2025-05-22 11:35:00,141.45734000000004,40.52217000000001,62206,2025,VHF,300,8689.092510591954,17
2025-05-22 11:45:00,141.52729000000002,40.53455,62206,2025,VHF,600,2607.376936900554,17
2025-05-23 09:50:00,141.53934999999998,40.51869,62206,2025,VHF,300,2698.7319734715893,18
2025-05-23 09:55:00,141.51457999999997,40.4973,62206,2025,VHF,300,5859.379261945739,18
2025-05-23 10:00:00,141.48988,40.46777,62206,2025,VHF,300,9737.874446681237,18
2025-05-23 10:05:00,141.48777,40.46736,62206,2025,VHF,300,9880.794184326058,18
2025-05-23 10:10:00,141.48807000000002,40.46747,62206,2025,VHF,300,9855.785648137107,18
2025-05-23 10:15:00,141.48794000000004,40.46745,62206,2025,VHF,300,9864.15872557493,18
2025-05-23 10:20:00,141.48812000000004,40.46769,62206,2025,VHF,300,9833.671809522617,18
2025-05-23 10:25:00,141.48814000000004,40.467530000000004,62206,2025,VHF,300,9846.89581786751,18
2025-05-23 10:30:00,141.49032000000003,40.468230000000005,62206,2025,VHF,300,9674.61608827807,18
2025-05-23 10:35:00,141.48813000000004,40.46754,62206,2025,VHF,300,9846.512443841222,18
2025-05-23 10:40:00,141.48804000000004,40.467530000000004,62206,2025,VHF,300,9851.96662578161,18
2025-05-23 10:45:00,141.48791000000003,40.46742,62206,2025,VHF,300,9868.35024326662,18
2025-05-23 10:50:00,141.48812000000004,40.46779,62206,2025,VHF,300,9824.779025435742,18
2025-05-23 10:55:00,141.48815000000002,40.46765,62206,2025,VHF,300,9835.707923695109,18
2025-05-23 11:00:00,141.48797000000002,40.46742,62206,2025,VHF,300,9865.306564358125,18
2025-05-23 11:05:00,141.48815000000002,40.46756,62206,2025,VHF,300,9843.71812249293,18
2025-05-23 11:10:00,141.49379,40.47268,62206,2025,VHF,300,9102.124790946382,18
2025-05-23 11:15:00,141.51725,40.4891,62206,2025,VHF,300,6474.356993586398,18
2025-05-23 11:20:00,141.51702,40.489779999999996,62206,2025,VHF,300,6420.776574318575,18
2025-05-23 11:25:00,141.51817,40.491110000000006,62206,2025,VHF,300,6243.839745784235,18
2025-05-23 11:30:00,141.53493,40.50727,62206,2025,VHF,300,3974.8975773048087,18
2025-05-23 11:35:00,141.54711,40.53122,62206,2025,VHF,300,1209.5769503371616,18
2025-05-23 13:10:00,141.51376999999997,40.559459999999994,62206,2025,VHF,300,4375.884036858165,19
2025-05-23 13:15:00,141.47713000000002,40.58209,62206,2025,VHF,300,8352.598321032972,19
2025-05-23 13:20:00,141.44015,40.57179,62206,2025,VHF,300,10608.61141902898,19
2025-05-23 13:25:00,141.42261000000002,40.56598,62206,2025,VHF,300,11831.324676772176,19
2025-05-23 13:30:00,141.42284000000004,40.565670000000004,62206,2025,VHF,300,11803.712172278989,19
2025-05-23 13:35:00,141.42326,40.56533000000001,62206,2025,VHF,300,11759.75677809859,19
2025-05-23 13:40:00,141.42324000000002,40.565430000000006,62206,2025,VHF,300,11764.194543115804,19
2025-05-23 13:45:00,141.40873000000002,40.56726,62206,2025,VHF,300,13004.967019398939,19
2025-05-23 13:50:00,141.38320000000002,40.55258,62206,2025,VHF,300,14855.012043892224,19
2025-05-23 13:55:00,141.36366999999998,40.54504,62206,2025,VHF,300,16444.58528825165,19
2025-05-23 14:00:00,141.36345,40.54321,62206,2025,VHF,300,16455.862488399936,19
2025-05-23 14:05:00,141.3639,40.54322,62206,2025,VHF,300,16417.792038290754,19
2025-05-23 14:10:00,141.36635,40.54546,62206,2025,VHF,300,16219.837292441782,19
2025-05-23 14:15:00,141.36638000000002,40.54571000000001,62206,2025,VHF,300,16218.595118686864,19
2025-05-23 14:20:00,141.36622000000003,40.545770000000005,62206,2025,VHF,300,16232.4513608669,19
2025-05-23 14:25:00,141.36889000000002,40.54372,62206,2025,VHF,300,15997.084833749532,19
2025-05-23 14:30:00,141.36879000000002,40.54356,62206,2025,VHF,300,16004.949588926342,19
2025-05-23 14:35:00,141.38618000000002,40.552530000000004,62206,2025,VHF,300,14603.396601142698,19
2025-05-23 14:40:00,141.40662,40.56886,62206,2025,VHF,300,13222.20263235354,19
2025-05-23 14:45:00,141.40561,40.5736,62206,2025,VHF,300,13447.079684174229,19
2025-05-23 14:50:00,141.4101,40.571130000000004,62206,2025,VHF,300,13004.87004100567,19
2025-05-23 14:55:00,141.43888,40.57153,62206,2025,VHF,300,10699.664228988971,19
2025-05-23 15:00:00,141.46594000000002,40.57407,62206,2025,VHF,300,8705.262372154755,19
2025-05-23 15:05:00,141.49394999999998,40.56519000000001,62206,2025,VHF,300,6146.817402958366,19
2025-05-23 15:10:00,141.52275,40.55616,62206,2025,VHF,300,3537.7877337559953,19
2025-05-24 03:40:00,141.57644000000002,40.55171,62206,2025,VHF,300,2159.533048640271,20
2025-05-24 03:45:00,141.59464,40.56503000000001,62206,2025,VHF,300,4295.493049208792,20
2025-05-24 03:50:00,141.61909999999997,40.57001,62206,2025,VHF,300,6268.327744339841,20
2025-05-24 03:55:00,141.653,40.57372,62206,2025,VHF,300,8971.491174714889,20
2025-05-24 04:00:00,141.68494,40.582930000000005,62206,2025,VHF,300,11854.413877513824,20
2025-05-24 04:05:00,141.71842,40.585679999999996,62206,2025,VHF,300,14588.205665587777,20
2025-05-24 04:10:00,141.74456999999995,40.59088,62206,2025,VHF,300,16864.03137788945,20
2025-05-24 04:15:00,141.77706999999998,40.590900000000005,62206,2025,VHF,300,19471.86584199119,20
2025-05-24 04:20:00,141.80564999999999,40.59485,62206,2025,VHF,300,21914.374996565537,20
2025-05-24 04:25:00,141.84044000000003,40.59688,62206,2025,VHF,300,24810.066987965627,20
2025-05-24 04:30:00,141.87553,40.59986,62206,2025,VHF,300,27768.184023871407,20
2025-05-24 04:35:00,141.89353,40.59406,62206,2025,VHF,300,29106.536303747,20
2025-05-24 04:40:00,141.87178,40.575990000000004,62206,2025,VHF,300,26931.25831570153,20
2025-05-24 04:45:00,141.85914000000002,40.55918,62206,2025,VHF,300,25644.000576449544,20
2025-05-24 04:50:00,141.85134000000005,40.55081,62206,2025,VHF,300,24919.7466029589,20
2025-05-24 04:55:00,141.82003000000003,40.53810000000001,62206,2025,VHF,300,22232.730698707768,20
2025-05-24 05:00:00,141.77702,40.53571000000001,62206,2025,VHF,300,18591.99076971526,20
2025-05-24 05:05:00,141.73373999999998,40.53136,62206,2025,VHF,300,14944.647893273459,20
2025-05-24 05:10:00,141.70405999999997,40.52373000000001,62206,2025,VHF,300,12518.546097580871,20
2025-05-24 05:15:00,141.66022,40.52682,62206,2025,VHF,300,8792.335084382965,20
2025-05-24 05:20:00,141.61888,40.53123,62206,2025,VHF,300,5255.828934986847,20
2025-05-24 05:25:00,141.57951999999997,40.54113,62206,2025,VHF,300,1877.7779402927524,20
2025-05-24 10:35:00,141.54771,40.529770000000006,62206,2025,VHF,300,1290.4827221454516,21
2025-05-24 10:40:00,141.51949,40.5034,62206,2025,VHF,300,5071.0151277416435,21
2025-05-24 10:45:00,141.51057999999998,40.48577,62206,2025,VHF,300,7092.704370785667,21
2025-05-24 10:50:00,141.48760000000001,40.476639999999996,62206,2025,VHF,300,9085.846253182775,21
2025-05-24 10:55:00,141.49155,40.468210000000006,62206,2025,VHF,300,9615.33063245982,21
2025-05-24 11:00:00,141.49037,40.468030000000006,62206,2025,VHF,300,9690.07632460689,21
2025-05-24 11:05:00,141.48989,40.46792,62206,2025,VHF,300,9723.920637007823,21
2025-05-24 11:10:00,141.48870000000002,40.46763,62206,2025,VHF,300,9809.659600903862,21
2025-05-24 11:15:00,141.49032000000003,40.468410000000006,62206,2025,VHF,300,9658.47316090259,21
2025-05-24 11:20:00,141.49339,40.47268,62206,2025,VHF,300,9122.312785666374,21
2025-05-24 11:25:00,141.49336,40.47256,62206,2025,VHF,300,9134.5283609648,21
2025-05-24 11:30:00,141.50984,40.48592,62206,2025,VHF,300,7114.426787479202,21
2025-05-24 11:35:00,141.52191000000002,40.508430000000004,62206,2025,VHF,300,4514.0433584877965,21
2025-05-24 11:40:00,141.54306999999997,40.52991000000001,62206,2025,VHF,300,1564.814435267556,21
2025-05-25 04:10:00,141.55656,40.566390000000006,62206,2025,VHF,300,3086.5243350956957,22
2025-05-25 04:15:00,141.51322,40.57004,62206,2025,VHF,300,5129.897770996195,22
2025-05-25 04:20:00,141.48959,40.557649999999995,62206,2025,VHF,300,6137.053818573485,22
2025-05-25 04:25:00,141.5034,40.55318,62206,2025,VHF,300,4868.400363631716,22
2025-05-25 04:30:00,141.50065999999998,40.54474,62206,2025,VHF,300,4871.800372688689,22
2025-05-25 04:35:00,141.49762,40.539930000000005,62206,2025,VHF,300,5083.792965272125,22
2025-05-25 04:40:00,141.48219000000003,40.5247,62206,2025,VHF,300,6573.545701727916,22
2025-05-25 04:45:00,141.48222000000004,40.52458,62206,2025,VHF,300,6574.224794914665,22
2025-05-25 04:50:00,141.48211000000003,40.52459,62206,2025,VHF,300,6583.016807763684,22
2025-05-25 04:55:00,141.48212000000004,40.52462,62206,2025,VHF,300,6581.405233377287,22
2025-05-25 05:00:00,141.48456,40.524,62206,2025,VHF,300,6397.828321147149,22
2025-05-25 05:05:00,141.46305999999998,40.513639999999995,62206,2025,VHF,300,8477.245287632113,22
2025-05-25 05:10:00,141.4646,40.5126,62206,2025,VHF,300,8393.127537122695,22
2025-05-25 05:15:00,141.45849000000004,40.511089999999996,62206,2025,VHF,300,8937.05587282408,22
2025-05-25 05:20:00,141.44370999999998,40.49391000000001,62206,2025,VHF,300,10853.464035488434,22
2025-05-25 05:25:00,141.44133000000002,40.49264,62206,2025,VHF,300,11097.460288239134,22
2025-05-25 05:30:00,141.44125,40.492700000000006,62206,2025,VHF,300,11100.415689029542,22
2025-05-25 05:35:00,141.44057999999998,40.49224,62206,2025,VHF,300,11174.359711982472,22
2025-05-25 05:40:00,141.44086,40.492360000000005,62206,2025,VHF,300,11147.151614778359,22
2025-05-25 05:45:00,141.44081,40.492380000000004,62206,2025,VHF,300,11149.888821477798,22
2025-05-25 05:50:00,141.44459999999998,40.501639999999995,62206,2025,VHF,300,10418.875021861564,22
2025-05-25 05:55:00,141.47079,40.51689,62206,2025,VHF,300,7741.106887719828,22
2025-05-25 06:00:00,141.48171000000002,40.52328,62206,2025,VHF,300,6651.737307539564,22
2025-05-25 06:05:00,141.48166,40.523590000000006,62206,2025,VHF,300,6647.099607078067,22
2025-05-25 06:10:00,141.48806000000002,40.5264,62206,2025,VHF,300,6046.0596016129375,22
2025-05-25 06:15:00,141.51362999999998,40.53528,62206,2025,VHF,300,3743.7208698009686,22
2025-05-25 06:20:00,141.51548,40.53907,62206,2025,VHF,300,3568.992558881209,22
2025-05-25 06:25:00,141.51578999999998,40.53954,62206,2025,VHF,300,3543.8630803832093,22
2025-05-25 06:30:00,141.53049000000001,40.540910000000004,62206,2025,VHF,300,2311.161930633383,22
2025-05-25 06:35:00,141.54794,40.547839999999994,62206,2025,VHF,300,1312.049934423843,22
2025-05-25 06:40:00,141.56709,40.55423999999999,62206,2025,VHF,300,1913.0382492898118,22
2025-05-25 06:45:00,141.58289000000002,40.546479999999995,62206,2025,VHF,300,2313.7261214015734,22
2025-05-25 06:50:00,141.59904,40.54092,62206,2025,VHF,300,3519.8288368941858,22
2025-05-25 06:55:00,141.59484999999998,40.547639999999994,62206,2025,VHF,300,3310.9414384582856,22
2025-05-25 16:45:00,141.56542000000002,40.53158,62206,2025,VHF,300,1023.405333269701,23
2025-05-25 16:50:00,141.56353,40.514739999999996,62206,2025,VHF,300,2697.3810352985224,23
2025-05-25 16:55:00,141.55182000000002,40.50028,62206,2025,VHF,300,4284.042669813585,23
2025-05-25 17:00:00,141.5386,40.47641,62206,2025,VHF,300,7091.865117360856,23
2025-05-25 17:05:00,141.53227,40.47957,62206,2025,VHF,300,6898.307254799267,23
2025-05-25 17:10:00,141.50147,40.47641,62206,2025,VHF,300,8386.682217464133,23
2025-05-25 17:15:00,141.48833000000005,40.452659999999995,62206,2025,VHF,300,11205.842165623384,23
2025-05-25 17:20:00,141.48903,40.452639999999995,62206,2025,VHF,300,11176.755453671716,23
2025-05-25 17:25:00,141.49242000000004,40.45599,62206,2025,VHF,300,10709.619799638102,23
2025-05-25 17:30:00,141.49317,40.47262,62206,2025,VHF,300,9138.793421641421,23
2025-05-25 17:35:00,141.49203000000003,40.47851000000001,62206,2025,VHF,300,8684.610690477803,23
2025-05-25 17:40:00,141.50275,40.47825,62206,2025,VHF,300,8156.882169883261,23
2025-05-25 17:45:00,141.51487999999998,40.498740000000005,62206,2025,VHF,300,5718.913354620298,23
2025-05-25 17:50:00,141.52197,40.521190000000004,62206,2025,VHF,300,3585.5019081092987,23
2025-05-25 17:55:00,141.54742000000002,40.530300000000004,62206,2025,VHF,300,1262.9726018652232,23
2025-05-25 22:35:00,141.57538,40.560500000000005,62206,2025,VHF,300,2859.7501878331723,24
2025-05-25 22:40:00,141.57927999999998,40.56665,62206,2025,VHF,300,3615.100402186519,24
2025-05-25 22:50:00,141.58512000000002,40.573130000000006,62206,2025,VHF,600,4486.541053980592,24
2025-05-25 22:55:00,141.59046,40.57395,62206,2025,VHF,300,4811.255469384477,24
2025-05-25 23:00:00,141.58777,40.583679999999994,62206,2025,VHF,300,5619.583671692249,24
2025-05-25 23:05:00,141.58858,40.58836,62206,2025,VHF,300,6116.122019902157,24
2025-05-25 23:10:00,141.57254,40.592980000000004,62206,2025,VHF,300,6169.043226505582,24
2025-05-25 23:15:00,141.56427,40.586439999999996,62206,2025,VHF,300,5341.650062433922,24
2025-05-25 23:20:00,141.5625,40.58467999999999,62206,2025,VHF,300,5133.066365431078,24
2025-05-25 23:25:00,141.56321,40.58562,62206,2025,VHF,300,5242.219059282869,24
2025-05-25 23:30:00,141.56357999999997,40.58542,62206,2025,VHF,300,5223.045252456109,24
2025-05-25 23:35:00,141.56756,40.58899,62206,2025,VHF,300,5658.079243234112,24
2025-05-25 23:40:00,141.55437,40.593030000000006,62206,2025,VHF,300,6049.71824716149,24
2025-05-25 23:45:00,141.55723000000003,40.59736,62206,2025,VHF,300,6524.4255314243355,24
2025-05-25 23:50:00,141.54667999999998,40.611459999999994,62206,2025,VHF,300,8142.798679462231,24
2025-05-25 23:55:00,141.52128000000002,40.619350000000004,62206,2025,VHF,300,9479.026995808857,24
2025-05-26 00:00:00,141.52023000000003,40.61327,62206,2025,VHF,300,8874.461141989841,24
2025-05-26 00:05:00,141.52303,40.611689999999996,62206,2025,VHF,300,8627.478299099894,24
2025-05-26 00:10:00,141.52313,40.61193,62206,2025,VHF,300,8649.690222162943,24
2025-05-26 00:15:00,141.52266,40.61185999999999,62206,2025,VHF,300,8655.89601725271,24
2025-05-26 00:20:00,141.52254000000002,40.611399999999996,62206,2025,VHF,300,8611.410472634097,24
2025-05-26 00:25:00,141.5226,40.61165,62206,2025,VHF,300,8635.728462797986,24
2025-05-26 00:30:00,141.52220000000003,40.61208,62206,2025,VHF,300,8692.212571972053,24
2025-05-26 00:35:00,141.52210000000002,40.61213000000001,62206,2025,VHF,300,8700.346075616077,24
2025-05-26 00:40:00,141.52174000000002,40.61143,62206,2025,VHF,300,8638.116886162075,24
2025-05-26 00:50:00,141.52213000000003,40.611239999999995,62206,2025,VHF,600,8606.78954924888,24
2025-05-26 00:55:00,141.52216,40.611799999999995,62206,2025,VHF,300,8664.208479436798,24
2025-05-26 01:00:00,141.52293000000003,40.61138,62206,2025,VHF,300,8597.994006486395,24
2025-05-26 01:05:00,141.52933000000002,40.59810000000001,62206,2025,VHF,300,7026.9768677038755,24
2025-05-26 01:10:00,141.53448,40.576570000000004,62206,2025,VHF,300,4648.392755815548,24
2025-05-26 01:15:00,141.54348,40.55665,62206,2025,VHF,300,2333.654264096403,24
2025-05-26 07:50:00,141.56899,40.55701,62206,2025,VHF,300,2259.8424269903644,25
2025-05-26 07:55:00,141.58876,40.58303,62206,2025,VHF,300,5594.451833081374,25
2025-05-26 08:00:00,141.60416999999998,40.6072,62206,2025,VHF,300,8577.141438039529,25
2025-05-26 08:05:00,141.59884000000002,40.62518000000001,62206,2025,VHF,300,10227.984371147655,25
2025-05-26 08:10:00,141.6002,40.64628,62206,2025,VHF,300,12488.643794204083,25
2025-05-26 08:15:00,141.59374,40.65202,62206,2025,VHF,300,12960.314080561464,25
2025-05-26 08:20:00,141.58351,40.64948,62206,2025,VHF,300,12505.880417077627,25
2025-05-26 08:25:00,141.56924,40.64729,62206,2025,VHF,300,12109.040795994933,25
2025-05-26 08:30:00,141.5619,40.65683,62206,2025,VHF,300,13133.333876129574,25
2025-05-26 08:35:00,141.55181000000002,40.6575,62206,2025,VHF,300,13211.801155375537,25
2025-05-26 08:40:00,141.54817,40.64265,62206,2025,VHF,300,11581.21156905979,25
2025-05-26 08:45:00,141.5655,40.6128,62206,2025,VHF,300,8265.99207511865,25
2025-05-26 08:50:00,141.57829,40.58336,62206,2025,VHF,300,5269.482754061584,25
2025-05-26 08:55:00,141.57566999999997,40.55649,62206,2025,VHF,300,2507.187375998853,25
2025-05-26 11:15:00,141.53921,40.552879999999995,62206,2025,VHF,300,2222.6021399547885,26
2025-05-26 11:20:00,141.53854,40.57612,62206,2025,VHF,300,4467.676863725519,26
2025-05-26 11:25:00,141.52118000000002,40.5866,62206,2025,VHF,300,6157.796793784688,26
2025-05-26 11:30:00,141.50123000000002,40.587059999999994,62206,2025,VHF,300,7193.273786793762,26
2025-05-26 11:35:00,141.47740000000002,40.58261,62206,2025,VHF,300,8367.518074572046,26
2025-05-26 11:40:00,141.45579,40.58319,62206,2025,VHF,300,9942.883449150911,26
2025-05-26 11:45:00,141.45615,40.57882,62206,2025,VHF,300,9683.562583288845,26
2025-05-26 11:50:00,141.45604000000003,40.578970000000005,62206,2025,VHF,300,9699.507600173385,26
2025-05-26 11:55:00,141.45611000000002,40.57885,62206,2025,VHF,300,9688.103267912578,26
2025-05-26 12:00:00,141.45607,40.57894,62206,2025,VHF,300,9695.716762210373,26
2025-05-26 12:05:00,141.45536,40.577859999999994,62206,2025,VHF,300,9694.638413751532,26
2025-05-26 12:10:00,141.45672000000002,40.581959999999995,62206,2025,VHF,300,9806.957169958301,26
2025-05-26 12:15:00,141.46240000000003,40.603030000000004,62206,2025,VHF,300,10778.209520581751,26
2025-05-26 12:20:00,141.46224000000004,40.60289,62206,2025,VHF,300,10778.050436618063,26
2025-05-26 12:25:00,141.46222000000003,40.602900000000005,62206,2025,VHF,300,10780.054334409093,26
2025-05-26 12:30:00,141.46211000000002,40.602940000000004,62206,2025,VHF,300,10789.973664989888,26
2025-05-26 12:35:00,141.46211000000002,40.60295000000001,62206,2025,VHF,300,10790.708477274171,26
2025-05-26 12:40:00,141.46218000000002,40.602990000000005,62206,2025,VHF,300,10789.208410704476,26
2025-05-26 12:45:00,141.46049000000002,40.598890000000004,62206,2025,VHF,300,10603.838257466845,26
2025-05-26 12:50:00,141.44542,40.58159,62206,2025,VHF,300,10632.60729396293,26
2025-05-26 12:55:00,141.44319,40.58097,62206,2025,VHF,300,10771.497220549541,26
2025-05-26 13:00:00,141.46350999999999,40.581939999999996,62206,2025,VHF,300,9309.091673450603,26
2025-05-26 13:05:00,141.50431,40.55854,62206,2025,VHF,300,5027.773968198568,26
2025-05-26 19:10:00,141.57480999999999,40.56907,62206,2025,VHF,300,3683.4544453138537,27
2025-05-26 19:15:00,141.58383,40.59348,62206,2025,VHF,300,6485.639865858807,27
2025-05-26 19:20:00,141.58191000000002,40.611979999999996,62206,2025,VHF,300,8403.76760830046,27
2025-05-26 19:25:00,141.57480999999999,40.62144,62206,2025,VHF,300,9313.00102183455,27
2025-05-26 19:30:00,141.5601,40.640679999999996,62206,2025,VHF,300,11336.856331587476,27
2025-05-26 19:35:00,141.53536,40.65323,62206,2025,VHF,300,12867.026016672631,27
2025-05-26 19:40:00,141.51113,40.655910000000006,62206,2025,VHF,300,13607.14254898466,27
2025-05-26 19:45:00,141.49471,40.66349,62206,2025,VHF,300,14854.472673373091,27
2025-05-26 19:50:00,141.48828000000003,40.675230000000006,62206,2025,VHF,300,16266.482650732863,27
2025-05-26 19:55:00,141.48149000000004,40.681979999999996,62206,2025,VHF,300,17174.801076097767,27
2025-05-26 20:00:00,141.49576,40.69830000000001,62206,2025,VHF,300,18489.45632420507,27
2025-05-26 20:05:00,141.49428,40.718120000000006,62206,2025,VHF,300,20641.802254277332,27
2025-05-26 20:10:00,141.50627,40.74029,62206,2025,VHF,300,22813.449825999032,27
2025-05-26 20:15:00,141.51674999999997,40.75538,62206,2025,VHF,300,24318.842979605044,27
2025-05-26 20:20:00,141.52507,40.76722,62206,2025,VHF,300,25535.593505593053,27
2025-05-26 20:25:00,141.52693000000002,40.78038,62206,2025,VHF,300,26973.34833651269,27
2025-05-26 20:30:00,141.53112000000002,40.79164,62206,2025,VHF,300,28187.85148242707,27
2025-05-26 20:35:00,141.54494999999997,40.81063999999999,62206,2025,VHF,300,30227.6435300842,27
2025-05-26 20:40:00,141.55414000000002,40.82924,62206,2025,VHF,300,32275.57294471967,27
2025-05-26 20:45:00,141.56777,40.85144999999999,62206,2025,VHF,300,34751.31014190895,27
2025-05-26 20:50:00,141.56784000000002,40.85421999999999,62206,2025,VHF,300,35058.9734284077,27
2025-05-26 20:55:00,141.57035,40.856919999999995,62206,2025,VHF,300,35364.54728645256,27
2025-05-26 21:00:00,141.56992,40.85679,62206,2025,VHF,300,35349.02844239125,27
2025-05-26 21:05:00,141.56916999999999,40.85611,62206,2025,VHF,300,35271.73280497384,27
2025-05-26 21:10:00,141.57042,40.854389999999995,62206,2025,VHF,300,35083.90221051521,27
2025-05-26 21:15:00,141.5653,40.84977,62206,2025,VHF,300,34560.24188902853,27
2025-05-26 21:20:00,141.56071,40.8413,62206,2025,VHF,300,33614.54284545916,27
2025-05-26 21:25:00,141.55559,40.813669999999995,62206,2025,VHF,300,30545.663737226318,27
2025-05-26 21:30:00,141.55093000000002,40.78792,62206,2025,VHF,300,27691.400604843628,27
2025-05-26 21:35:00,141.54551999999998,40.76165,62206,2025,VHF,300,24789.453433529474,27
2025-05-26 21:40:00,141.54125,40.733650000000004,62206,2025,VHF,300,21703.141390471905,27
2025-05-26 21:45:00,141.54293,40.70662,62206,2025,VHF,300,18698.62755824712,27
2025-05-26 21:50:00,141.54631,40.67904,62206,2025,VHF,300,15623.921112997423,27
2025-05-26 21:55:00,141.54746,40.65027,62206,2025,VHF,300,12429.51742605901,27
2025-05-26 22:00:00,141.55194000000003,40.62145,62206,2025,VHF,300,9211.942728643115,27
2025-05-26 22:05:00,141.55689,40.58809,62206,2025,VHF,300,5495.284048845998,27
2025-05-26 22:10:00,141.56332,40.55665,62206,2025,VHF,300,2061.3671882383073,27
2025-05-27 04:00:00,141.56408,40.54797,62206,2025,VHF,300,1175.6876026203677,28
2025-05-27 04:05:00,141.59943,40.58373,62206,2025,VHF,300,6136.471372081807,28
2025-05-27 04:10:00,141.62465999999998,40.60830000000001,62206,2025,VHF,300,9598.722708079056,28
2025-05-27 04:15:00,141.63651,40.638760000000005,62206,2025,VHF,300,12973.561486242837,28
2025-05-27 04:20:00,141.66607,40.6774,62206,2025,VHF,300,17939.17172867244,28
2025-05-27 04:25:00,141.69764999999998,40.71668,62206,2025,VHF,300,23052.72427693426,28
2025-05-27 04:30:00,141.72384999999997,40.75301,62206,2025,VHF,300,27651.37204458683,28
2025-05-27 04:35:00,141.73499999999999,40.77181,62206,2025,VHF,300,29928.57729226145,28
2025-05-27 04:40:00,141.74636999999998,40.79748,62206,2025,VHF,300,32881.14675240956,28
2025-05-27 04:45:00,141.77644999999998,40.80397,62206,2025,VHF,300,34795.90770139218,28
2025-05-27 04:50:00,141.81481,40.811069999999994,62206,2025,VHF,300,37260.50317923384,28
2025-05-27 04:55:00,141.79805,40.826330000000006,62206,2025,VHF,300,37868.83321581006,28
2025-05-27 05:00:00,141.77676999999997,40.83806,62206,2025,VHF,300,38066.10044002205,28
2025-05-27 05:05:00,141.75947,40.84023,62206,2025,VHF,300,37590.66374968593,28
2025-05-27 05:10:00,141.74552999999997,40.83163999999999,62206,2025,VHF,300,36211.50666191265,28
2025-05-27 05:15:00,141.74403999999998,40.81361999999999,62206,2025,VHF,300,34367.4584905972,28
2025-05-27 05:20:00,141.73639,40.79412000000001,62206,2025,VHF,300,32150.29464635564,28
2025-05-27 05:25:00,141.72627,40.77962,62206,2025,VHF,300,30327.54413927865,28
2025-05-27 05:30:00,141.71479999999997,40.761520000000004,62206,2025,VHF,300,28098.5231143097,28
2025-05-27 05:35:00,141.70059999999998,40.74266,62206,2025,VHF,300,25686.036584955866,28
2025-05-27 05:40:00,141.69702,40.7364,62206,2025,VHF,300,24930.50173688597,28
2025-05-27 05:45:00,141.68333,40.723650000000006,62206,2025,VHF,300,23138.344923200963,28
2025-05-27 05:50:00,141.67470999999998,40.701,62206,2025,VHF,300,20576.471215697253,28
2025-05-27 05:55:00,141.65739000000002,40.68115,62206,2025,VHF,300,17940.80559781038,28
2025-05-27 06:00:00,141.63809,40.66689,62206,2025,VHF,300,15790.484037491724,28
2025-05-27 06:05:00,141.63055999999997,40.64529,62206,2025,VHF,300,13359.984321790527,28
2025-05-27 06:10:00,141.62532000000002,40.62219000000001,62206,2025,VHF,300,10909.627253957698,28
2025-05-27 06:15:00,141.61317999999997,40.604110000000006,62206,2025,VHF,300,8663.571362328355,28
2025-05-27 06:20:00,141.60354999999996,40.58252,62206,2025,VHF,300,6238.736743600092,28
2025-05-27 06:25:00,141.58230000000003,40.56011000000001,62206,2025,VHF,300,3174.6430456291614,28
2025-05-27 08:15:00,141.54861,40.55556,62206,2025,VHF,300,2030.9235892925403,29
2025-05-27 08:20:00,141.55020000000002,40.58017,62206,2025,VHF,300,4657.861065265888,29
2025-05-27 08:25:00,141.53314,40.60418,62206,2025,VHF,300,7570.598466299123,29
2025-05-27 08:30:00,141.50693,40.61956,62206,2025,VHF,300,9960.924128620876,29
2025-05-27 08:35:00,141.48736000000002,40.6376,62206,2025,VHF,300,12498.178548229667,29
2025-05-27 08:40:00,141.48802000000003,40.63718,62206,2025,VHF,300,12430.610016626732,29
2025-05-27 08:45:00,141.47705,40.638290000000005,62206,2025,VHF,300,13001.410909722685,29
2025-05-27 08:50:00,141.44944999999998,40.6403,62206,2025,VHF,300,14537.940105976531,29
2025-05-27 08:55:00,141.44803000000002,40.64042,62206,2025,VHF,300,14624.238698333025,29
2025-05-27 09:00:00,141.44803000000002,40.64047,62206,2025,VHF,300,14628.529455361002,29
2025-05-27 09:05:00,141.44969999999998,40.63423,62206,2025,VHF,300,14007.238698876981,29
2025-05-27 09:10:00,141.46304,40.64717,62206,2025,VHF,300,14471.156133847924,29
2025-05-27 09:15:00,141.47029,40.67185,62206,2025,VHF,300,16538.949481174157,29
2025-05-27 09:20:00,141.46305999999998,40.69333000000001,62206,2025,VHF,300,18952.869733765867,29
2025-05-27 09:25:00,141.48508,40.706790000000005,62206,2025,VHF,300,19658.52092871971,29
2025-05-27 09:30:00,141.48962,40.736630000000005,62206,2025,VHF,300,22729.513115391404,29
2025-05-27 09:35:00,141.49399,40.762840000000004,62206,2025,VHF,300,25475.149997222114,29
2025-05-27 09:40:00,141.50617,40.793040000000005,62206,2025,VHF,300,28586.98972140547,29
2025-05-27 09:45:00,141.49965999999998,40.8081,62206,2025,VHF,300,30324.97690183977,29
2025-05-27 09:50:00,141.48237000000003,40.78958,62206,2025,VHF,300,28586.8591203405,29
2025-05-27 09:55:00,141.47902,40.76088,62206,2025,VHF,300,25562.07375967669,29
2025-05-27 10:00:00,141.4726,40.732890000000005,62206,2025,VHF,300,22741.45436038623,29
2025-05-27 10:05:00,141.46972,40.70786,62206,2025,VHF,300,20212.582356279254,29
2025-05-27 10:10:00,141.45764000000003,40.67597000000001,62206,2025,VHF,300,17442.777768943117,29
2025-05-27 10:15:00,141.45653000000001,40.644659999999995,62206,2025,VHF,300,14556.804427994774,29
2025-05-27 10:20:00,141.45940000000002,40.61354,62206,2025,VHF,300,11763.515655025563,29
2025-05-27 10:25:00,141.46273000000002,40.602180000000004,62206,2025,VHF,300,10694.823079323785,29
2025-05-27 10:30:00,141.46219000000002,40.60289,62206,2025,VHF,300,10781.222980857927,29
2025-05-27 10:35:00,141.46219000000002,40.60288,62206,2025,VHF,300,10780.488207592476,29
2025-05-27 10:40:00,141.46224000000004,40.602900000000005,62206,2025,VHF,300,10778.78549094071,29
2025-05-27 10:45:00,141.47089,40.58963,62206,2025,VHF,300,9275.220396443054,29
2025-05-27 10:50:00,141.48947,40.57063,62206,2025,VHF,300,6778.493139835742,29
2025-05-27 10:55:00,141.51765999999998,40.556259999999995,62206,2025,VHF,300,3910.387247475311,29
2025-05-27 11:00:00,141.54533,40.5491,62206,2025,VHF,300,1561.6770606108616,29
2025-05-27 14:50:00,141.54413,40.53684,62206,2025,VHF,300,1158.1717426152773,30
2025-05-27 14:55:00,141.50152,40.5364,62206,2025,VHF,300,4757.702201061022,30
2025-05-27 15:00:00,141.46932,40.526320000000005,62206,2025,VHF,300,7603.357860178121,30
2025-05-27 15:05:00,141.45135000000002,40.53368,62206,2025,VHF,300,9018.607054136986,30
2025-05-27 15:10:00,141.44847000000001,40.557249999999996,62206,2025,VHF,300,9473.370223634774,30
2025-05-27 15:15:00,141.44798,40.57434,62206,2025,VHF,300,10097.097796841816,30
2025-05-27 15:20:00,141.44797,40.57436,62206,2025,VHF,300,10098.748291769396,30
2025-05-27 15:25:00,141.44865,40.57366,62206,2025,VHF,300,10015.39552727353,30
2025-05-27 15:30:00,141.4487,40.573710000000005,62206,2025,VHF,300,10013.650669272845,30
2025-05-27 15:35:00,141.44851,40.57338,62206,2025,VHF,300,10014.309430216717,30
2025-05-27 15:40:00,141.4487,40.573370000000004,62206,2025,VHF,300,9999.035207450268,30
2025-05-27 15:45:00,141.44832000000002,40.573310000000006,62206,2025,VHF,300,10026.173510788603,30
2025-05-27 15:50:00,141.44854,40.57336,62206,2025,VHF,300,10011.109959832413,30
2025-05-27 15:55:00,141.44862,40.573370000000004,62206,2025,VHF,300,10005.285989731858,30
2025-05-27 16:00:00,141.44859,40.5733,62206,2025,VHF,300,10004.638774300665,30
2025-05-27 16:05:00,141.44854999999998,40.573310000000006,62206,2025,VHF,300,10008.192386234237,30
2025-05-27 16:10:00,141.44877,40.573370000000004,62206,2025,VHF,300,9993.566334316609,30
2025-05-27 16:15:00,141.45628000000002,40.57602,62206,2025,VHF,300,9534.417016180281,30
2025-05-27 16:20:00,141.47565999999998,40.57749,62206,2025,VHF,300,8173.710197640397,30
2025-05-27 16:25:00,141.49931,40.562020000000004,62206,2025,VHF,300,5580.381273532659,30
2025-05-27 16:30:00,141.5286,40.557829999999996,62206,2025,VHF,300,3254.641543382877,30
2025-05-27 19:55:00,141.57674999999998,40.568600000000004,62206,2025,VHF,300,3704.514581707839,31
2025-05-27 20:00:00,141.59174000000002,40.587439999999994,62206,2025,VHF,300,6145.269157594404,31
2025-05-27 20:05:00,141.61339999999998,40.606210000000004,62206,2025,VHF,300,8870.138213763892,31
2025-05-27 20:10:00,141.63062,40.62837000000001,62206,2025,VHF,300,11729.17852469618,31
2025-05-27 20:15:00,141.64624999999998,40.65338,62206,2025,VHF,300,14790.024575708443,31
2025-05-27 20:20:00,141.6658,40.675670000000004,62206,2025,VHF,300,17762.659452473323,31
2025-05-27 20:25:00,141.68633000000003,40.69831000000001,62206,2025,VHF,300,20812.60472449701,31
2025-05-27 20:30:00,141.71138,40.71345,62206,2025,VHF,300,23372.147198121478,31
2025-05-27 20:35:00,141.73608,40.730500000000006,62206,2025,VHF,300,26116.195508228622,31
2025-05-27 20:40:00,141.74291,40.73725,62206,2025,VHF,300,27061.42562333519,31
2025-05-27 20:45:00,141.74836,40.73890000000001,62206,2025,VHF,300,27479.053163692868,31
2025-05-27 20:50:00,141.75328,40.738890000000005,62206,2025,VHF,300,27724.614284547806,31
2025-05-27 20:55:00,141.75414999999998,40.741839999999996,62206,2025,VHF,300,28031.46788275637,31
2025-05-27 21:00:00,141.76054,40.74465,62206,2025,VHF,300,28604.18153608086,31
2025-05-27 21:05:00,141.76741,40.74506,62206,2025,VHF,300,28992.621152119857,31
2025-05-27 21:10:00,141.76479999999998,40.74501000000001,62206,2025,VHF,300,28853.59777681793,31
2025-05-27 21:15:00,141.76254,40.743010000000005,62206,2025,VHF,300,28561.208717902166,31
2025-05-27 21:20:00,141.76805,40.74028,62206,2025,VHF,300,28608.775572321014,31
2025-05-27 21:25:00,141.76532,40.74065,62206,2025,VHF,300,28497.954928818122,31
2025-05-27 21:30:00,141.76484,40.73602,62206,2025,VHF,300,28069.952491966575,31
2025-05-27 21:35:00,141.73504999999997,40.72137000000001,62206,2025,VHF,300,25244.424708420604,31
2025-05-27 21:40:00,141.71913999999998,40.70277000000001,62206,2025,VHF,300,22784.984790233575,31
2025-05-27 21:45:00,141.70757999999998,40.68472,62206,2025,VHF,300,20599.834544664005,31
2025-05-27 21:50:00,141.69102,40.66649,62206,2025,VHF,300,18143.392485168675,31
2025-05-27 21:55:00,141.67513,40.64875000000001,62206,2025,VHF,300,15766.203677552252,31
2025-05-27 22:00:00,141.65810000000002,40.63017000000001,62206,2025,VHF,300,13257.958105058382,31
2025-05-27 22:05:00,141.65238000000002,40.61336,62206,2025,VHF,300,11545.906051355021,31
2025-05-27 22:10:00,141.63745,40.59503000000001,62206,2025,VHF,300,9218.393217738152,31
2025-05-27 22:15:00,141.62672,40.57332,62206,2025,VHF,300,7009.207967366981,31
2025-05-27 22:20:00,141.60297,40.55834,62206,2025,VHF,300,4423.767937202551,31
2025-05-27 22:25:00,141.57426999999998,40.5488,62206,2025,VHF,300,1809.645595670556,31
2025-05-28 01:10:00,141.56634000000003,40.54644,62206,2025,VHF,300,1142.1651578484266,32
2025-05-28 01:15:00,141.57261,40.56214000000001,62206,2025,VHF,300,2906.0698596950033,32
2025-05-28 01:20:00,141.57169,40.57471,62206,2025,VHF,300,4182.925675672271,32
2025-05-28 01:25:00,141.57102,40.57624,62206,2025,VHF,300,4330.799683604511,32
2025-05-28 01:30:00,141.57199,40.57429,62206,2025,VHF,300,4145.643582217422,32
2025-05-28 01:35:00,141.56813000000002,40.575700000000005,62206,2025,VHF,300,4214.482162493277,32
2025-05-28 01:40:00,141.57062,40.57573000000001,62206,2025,VHF,300,4267.299766080307,32
2025-05-28 01:45:00,141.57043000000002,40.57586,62206,2025,VHF,300,4277.131287207786,32
2025-05-28 01:50:00,141.57104999999999,40.5747,62206,2025,VHF,300,4166.720077261286,32
2025-05-28 01:55:00,141.57066999999998,40.57473,62206,2025,VHF,300,4161.249423955993,32
2025-05-28 02:00:00,141.5716,40.57463,62206,2025,VHF,300,4172.239752266472,32
2025-05-28 02:05:00,141.57028,40.5744,62206,2025,VHF,300,4117.199085453125,32
2025-05-28 02:10:00,141.57032,40.57459,62206,2025,VHF,300,4138.4514042464125,32
2025-05-28 02:15:00,141.57031,40.575900000000004,62206,2025,VHF,300,4278.859892560992,32
2025-05-28 02:20:00,141.57026,40.575720000000004,62206,2025,VHF,300,4258.449573265051,32
2025-05-28 02:25:00,141.5702,40.57483,62206,2025,VHF,300,4161.571973024744,32
2025-05-28 02:30:00,141.57183,40.57465,62206,2025,VHF,300,4179.943074165401,32
2025-05-28 02:35:00,141.56753,40.56966,62206,2025,VHF,300,3549.4036684871658,32
2025-05-28 02:40:00,141.5558,40.55679,62206,2025,VHF,300,2024.9916111474422,32
2025-05-28 03:15:00,141.59807,40.55377,62206,2025,VHF,300,3819.1809627554076,33
2025-05-28 03:20:00,141.62565999999998,40.55985,62206,2025,VHF,300,6228.807330495253,33
2025-05-28 03:25:00,141.63641,40.56628,62206,2025,VHF,300,7348.488815711891,33
2025-05-28 03:30:00,141.63585999999998,40.567190000000004,62206,2025,VHF,300,7349.232342787163,33
2025-05-28 03:35:00,141.65579,40.568920000000006,62206,2025,VHF,300,8971.868672702414,33
2025-05-28 03:40:00,141.67944999999997,40.57956,62206,2025,VHF,300,11277.252723473563,33
2025-05-28 03:45:00,141.6969,40.59638,62206,2025,VHF,300,13427.790294204562,33
2025-05-28 03:50:00,141.69456999999997,40.599900000000005,62206,2025,VHF,300,13448.07346281657,33
2025-05-28 03:55:00,141.69247000000001,40.609120000000004,62206,2025,VHF,300,13846.480029919561,33
2025-05-28 04:00:00,141.70868,40.60513000000001,62206,2025,VHF,300,14772.453407260504,33
2025-05-28 04:05:00,141.71049,40.609750000000005,62206,2025,VHF,300,15165.806018754703,33
2025-05-28 04:10:00,141.71604999999997,40.612410000000004,62206,2025,VHF,300,15721.319851163445,33
2025-05-28 04:15:00,141.71788999999998,40.624810000000004,62206,2025,VHF,300,16607.13376637145,33
2025-05-28 04:20:00,141.69151,40.60886,62206,2025,VHF,300,13763.147057056956,33
2025-05-28 04:25:00,141.65878,40.58925,62206,2025,VHF,300,10249.101060123816,33
2025-05-28 04:30:00,141.63662,40.56309,62206,2025,VHF,300,7224.161986016566,33
2025-05-28 04:35:00,141.62561,40.53288,62206,2025,VHF,300,5796.712869069523,33
2025-05-28 04:40:00,141.59746,40.540350000000004,62206,2025,VHF,300,3382.1467848996085,33
2025-05-28 12:10:00,141.57378999999997,40.53,62206,2025,VHF,300,1671.564972638054,34
2025-05-28 12:15:00,141.56532,40.509910000000005,62206,2025,VHF,300,3252.9634769568856,34
2025-05-28 12:20:00,141.54365999999996,40.48899,62206,2025,VHF,300,5634.904318612721,34
2025-05-28 12:25:00,141.50385999999997,40.47278,62206,2025,VHF,300,8612.862244851958,34
2025-05-28 12:30:00,141.49319,40.45585,62206,2025,VHF,300,10689.452839609065,34
2025-05-28 12:35:00,141.49256,40.46762,62206,2025,VHF,300,9619.360841615482,34
2025-05-28 12:40:00,141.49201000000002,40.47785,62206,2025,VHF,300,8742.147747861403,34
2025-05-28 12:45:00,141.46149000000003,40.487339999999996,62206,2025,VHF,300,9937.8615657871,34
2025-05-28 12:50:00,141.42354999999998,40.49588,62206,2025,VHF,300,12311.404291043367,34
2025-05-28 12:55:00,141.41324999999998,40.509130000000006,62206,2025,VHF,300,12662.51053147603,34
2025-05-28 13:00:00,141.37890000000002,40.51414,62206,2025,VHF,300,15384.1235388969,34
2025-05-28 13:05:00,141.37872000000002,40.51425,62206,2025,VHF,300,15396.973708216527,34
2025-05-28 13:10:00,141.38498,40.52149,62206,2025,VHF,300,14749.317760043254,34
2025-05-28 13:15:00,141.40554999999998,40.53602,62206,2025,VHF,300,12885.25638130587,34
2025-05-28 13:20:00,141.40445,40.564930000000004,62206,2025,VHF,300,13297.721596101379,34
2025-05-28 13:25:00,141.41128,40.568960000000004,62206,2025,VHF,300,12843.746049914427,34
2025-05-28 13:30:00,141.43015,40.56813000000001,62206,2025,VHF,300,11282.1954282955,34
2025-05-28 13:35:00,141.4473,40.58061,62206,2025,VHF,300,10441.571010042218,34
2025-05-28 13:40:00,141.46074000000002,40.599500000000006,62206,2025,VHF,300,10630.358858505911,34
2025-05-28 13:45:00,141.46129000000002,40.599590000000006,62206,2025,VHF,300,10600.84063502271,34
2025-05-28 13:50:00,141.46109,40.599590000000006,62206,2025,VHF,300,10613.876136869903,34
2025-05-28 13:55:00,141.46106,40.599590000000006,62206,2025,VHF,300,10615.83241198938,34
2025-05-28 14:00:00,141.46112000000002,40.59957000000001,62206,2025,VHF,300,10610.50390489752,34
2025-05-28 14:05:00,141.46107,40.59958,62206,2025,VHF,300,10614.472374105417,34
2025-05-28 14:10:00,141.46790000000001,40.609930000000006,62206,2025,VHF,300,10973.68503591564,34
2025-05-28 14:15:00,141.463,40.635650000000005,62206,2025,VHF,300,13426.527231848411,34
2025-05-28 14:20:00,141.45855,40.6591,62206,2025,VHF,300,15790.144665502743,34
2025-05-28 14:25:00,141.45305,40.68324,62206,2025,VHF,300,18337.032789575554,34
2025-05-28 14:30:00,141.45299000000003,40.69052000000001,62206,2025,VHF,300,19051.250033271757,34
2025-05-28 14:35:00,141.45332000000002,40.690690000000004,62206,2025,VHF,300,19055.0140375948,34
2025-05-28 14:40:00,141.45365999999999,40.69084,62206,2025,VHF,300,19056.476771651818,34
2025-05-28 14:45:00,141.45145000000002,40.71328,62206,2025,VHF,300,21375.426699360287,34
2025-05-28 14:50:00,141.46335,40.7314,62206,2025,VHF,300,22845.77448659328,34
2025-05-28 14:55:00,141.47268,40.74222,62206,2025,VHF,300,23724.439249789702,34
2025-05-28 15:00:00,141.49845000000002,40.75741,62206,2025,VHF,300,24807.302515112257,34
2025-05-28 15:05:00,141.52635,40.77068,62206,2025,VHF,300,25906.34457987172,34
2025-05-28 15:10:00,141.55573,40.78211000000001,62206,2025,VHF,300,27040.915400485548,34
2025-05-28 15:15:00,141.58440000000002,40.785920000000004,62206,2025,VHF,300,27556.877592589415,34
2025-05-28 15:20:00,141.58911,40.78674,62206,2025,VHF,300,27683.119919988243,34
2025-05-28 15:25:00,141.59029,40.78674,62206,2025,VHF,300,27692.901488044918,34
2025-05-28 15:30:00,141.58290000000002,40.78669,62206,2025,VHF,300,27631.987085593522,34
2025-05-28 15:35:00,141.57693,40.786530000000006,62206,2025,VHF,300,27579.757883429225,34
2025-05-28 15:40:00,141.57783,40.78729,62206,2025,VHF,300,27668.607771367566,34
2025-05-28 15:45:00,141.56621,40.795510000000014,62206,2025,VHF,300,28537.80052061859,34
2025-05-28 15:50:00,141.54803,40.80013,62206,2025,VHF,300,29052.848341685523,34
2025-05-28 15:55:00,141.54791,40.79269000000001,62206,2025,VHF,300,28227.2607585216,34
2025-05-28 16:00:00,141.56622000000002,40.79594000000001,62206,2025,VHF,300,28585.557980188107,34
2025-05-28 16:05:00,141.56747000000001,40.79572000000001,62206,2025,VHF,300,28564.026778581538,34
2025-05-28 16:10:00,141.57147,40.79609000000001,62206,2025,VHF,300,28616.959698309005,34
2025-05-28 16:15:00,141.57538,40.79641000000001,62206,2025,VHF,300,28667.89871015656,34
2025-05-28 16:20:00,141.57751,40.796220000000005,62206,2025,VHF,300,28656.843242888004,34
2025-05-28 16:25:00,141.57892,40.796440000000004,62206,2025,VHF,300,28688.475896209104,34
2025-05-28 16:30:00,141.57148,40.789350000000006,62206,2025,VHF,300,27869.16684992857,34
2025-05-28 16:35:00,141.57381999999998,40.789590000000004,62206,2025,VHF,300,27904.818931939662,34
2025-05-28 16:40:00,141.57518,40.78969,62206,2025,VHF,300,27921.79596699348,34
2025-05-28 16:45:00,141.5669,40.78966,62206,2025,VHF,300,27889.95930777862,34
2025-05-28 16:50:00,141.56045,40.789550000000006,62206,2025,VHF,300,27867.701575162435,34
2025-05-28 16:55:00,141.56206,40.79030000000001,62206,2025,VHF,300,27952.489921815817,34
2025-05-28 17:00:00,141.56507,40.79298000000001,62206,2025,VHF,300,28254.618363577647,34
2025-05-28 17:05:00,141.56223000000003,40.773230000000005,62206,2025,VHF,300,26057.269150948458,34
2025-05-28 17:10:00,141.55078,40.74391000000001,62206,2025,VHF,300,22805.6716156469,34
2025-05-28 17:15:00,141.55092000000002,40.71359,62206,2025,VHF,300,19439.59690580763,34
2025-05-28 17:20:00,141.54668999999998,40.68323,62206,2025,VHF,300,16086.48490159378,34
2025-05-28 17:25:00,141.53974999999997,40.654979999999995,62206,2025,VHF,300,13010.917897098321,34
2025-05-28 17:30:00,141.54438,40.623940000000005,62206,2025,VHF,300,9541.866879911078,34
2025-05-28 17:35:00,141.54811,40.595060000000004,62206,2025,VHF,300,6320.278214242793,34
2025-05-28 17:40:00,141.54239,40.56515000000001,62206,2025,VHF,300,3216.921395761672,34
2025-05-28 22:40:00,141.58858,40.55775,62206,2025,VHF,300,3377.028553334549,35
2025-05-28 22:45:00,141.60189,40.57316,62206,2025,VHF,300,5365.887254920514,35
2025-05-28 22:50:00,141.60953999999998,40.578720000000004,62206,2025,VHF,300,6260.274435798925,35
2025-05-28 22:55:00,141.60924999999997,40.57916,62206,2025,VHF,300,6277.9865314904355,35
2025-05-28 23:00:00,141.61284,40.57912,62206,2025,VHF,300,6490.417234769549,35
2025-05-28 23:05:00,141.61274,40.57948,62206,2025,VHF,300,6512.105954858703,35
2025-05-28 23:10:00,141.61278,40.58036,62206,2025,VHF,300,6582.971463773094,35
2025-05-28 23:15:00,141.62344000000002,40.57716,62206,2025,VHF,300,7030.017891933092,35
2025-05-28 23:20:00,141.61028,40.561150000000005,62206,2025,VHF,300,5116.278739729152,35
2025-05-28 23:25:00,141.61292,40.5373,62206,2025,VHF,300,4688.690325508519,35
2025-05-28 23:30:00,141.61305999999996,40.53137,62206,2025,VHF,300,4766.730227038662,35
2025-05-28 23:35:00,141.61304999999996,40.531439999999996,62206,2025,VHF,300,4764.58829407177,35
2025-05-28 23:40:00,141.61978999999997,40.53013000000001,62206,2025,VHF,300,5352.166977919065,35
2025-05-28 23:45:00,141.62782,40.52851000000001,62206,2025,VHF,300,6053.88057180218,35
2025-05-28 23:50:00,141.63575999999998,40.51856,62206,2025,VHF,300,6986.487846160972,35
2025-05-28 23:55:00,141.64781,40.5043,62206,2025,VHF,300,8540.857257326448,35
2025-05-29 00:00:00,141.67081,40.503190000000004,62206,2025,VHF,300,10368.14697354452,35
2025-05-29 00:05:00,141.67956999999996,40.51636,62206,2025,VHF,300,10625.78402751514,35
2025-05-29 00:10:00,141.65438,40.517619999999994,62206,2025,VHF,300,8524.847342312638,35
2025-05-29 00:15:00,141.63159,40.52051000000001,62206,2025,VHF,300,6583.144036935511,35
2025-05-29 00:20:00,141.62595,40.52035000000001,62206,2025,VHF,300,6135.661425594696,35
2025-05-29 00:25:00,141.62597,40.52035000000001,62206,2025,VHF,300,6137.26089291491,35
2025-05-29 00:30:00,141.61893,40.533970000000004,62206,2025,VHF,300,5221.18569286909,35
2025-05-29 00:35:00,141.60442,40.55407999999999,62206,2025,VHF,300,4322.076174883501,35
2025-05-29 00:40:00,141.59761,40.570370000000004,62206,2025,VHF,300,4891.171425368805,35
2025-05-29 00:45:00,141.58989,40.58545,62206,2025,VHF,300,5876.681434211985,35
2025-05-29 00:50:00,141.58346,40.58505,62206,2025,VHF,300,5603.016534632845,35
2025-05-29 00:55:00,141.57287,40.56366,62206,2025,VHF,300,3067.958113478191,35
2025-05-29 12:15:00,141.55719000000002,40.549150000000004,62206,2025,VHF,300,1171.3602035783465,36
2025-05-29 12:20:00,141.56124000000003,40.58451,62206,2025,VHF,300,5106.705048035393,36
2025-05-29 12:25:00,141.57191,40.62221000000001,62206,2025,VHF,300,9362.541290841016,36
2025-05-29 12:30:00,141.59109,40.648790000000005,62206,2025,VHF,300,12559.545025957765,36
2025-05-29 12:35:00,141.60745,40.68064,62206,2025,VHF,300,16326.743795249939,36
2025-05-29 12:40:00,141.62679,40.71631000000001,62206,2025,VHF,300,20583.33679801831,36
2025-05-29 12:45:00,141.65336,40.75109,62206,2025,VHF,300,24947.154429550264,36
2025-05-29 12:50:00,141.65607,40.79066,62206,2025,VHF,300,29202.127536705204,36
2025-05-29 12:55:00,141.65133000000003,40.819579999999995,62206,2025,VHF,300,32191.931566838884,36
2025-05-29 13:00:00,141.63786,40.833819999999996,62206,2025,VHF,300,33477.497096359766,36
2025-05-29 13:05:00,141.63009,40.84247,62206,2025,VHF,300,34295.21340288048,36
2025-05-29 13:10:00,141.63152,40.84161999999999,62206,2025,VHF,300,34224.21057303548,36
2025-05-29 13:15:00,141.62324,40.82276,62206,2025,VHF,300,32038.815008394336,36
2025-05-29 13:20:00,141.59612,40.8123,62206,2025,VHF,300,30567.009346999093,36
2025-05-29 13:25:00,141.5659,40.81225,62206,2025,VHF,300,30395.59354506493,36
2025-05-29 13:30:00,141.53677,40.79979000000001,62206,2025,VHF,300,29057.256421938382,36
2025-05-29 13:35:00,141.50757,40.782590000000006,62206,2025,VHF,300,27422.13317031236,36
2025-05-29 13:40:00,141.47052,40.775200000000005,62206,2025,VHF,300,27285.76527537518,36
2025-05-29 13:45:00,141.44352999999998,40.784710000000004,62206,2025,VHF,300,28981.684949145118,36
2025-05-29 13:50:00,141.41468999999998,40.77125,62206,2025,VHF,300,28521.956687063772,36
2025-05-29 13:55:00,141.41752,40.743750000000006,62206,2025,VHF,300,25678.167051443237,36
2025-05-29 14:00:00,141.42561,40.71987,62206,2025,VHF,300,23018.995191060407,36
2025-05-29 14:05:00,141.42812000000004,40.69729,62206,2025,VHF,300,20749.933144024064,36
2025-05-29 14:10:00,141.43879,40.67423,62206,2025,VHF,300,18108.948843387956,36
2025-05-29 14:15:00,141.43808,40.67165,62206,2025,VHF,300,17905.37284986616,36
2025-05-29 14:20:00,141.4468,40.64398,62206,2025,VHF,300,14996.722375217949,36
2025-05-29 14:25:00,141.45649000000003,40.6195,62206,2025,VHF,300,12409.049182391807,36
2025-05-29 14:30:00,141.46829000000002,40.60945,62206,2025,VHF,300,10912.383835327464,36
2025-05-29 14:35:00,141.47482,40.61513000000001,62206,2025,VHF,300,11015.465979699786,36
2025-05-29 14:40:00,141.47606,40.613459999999996,62206,2025,VHF,300,10805.716668035888,36
2025-05-29 14:45:00,141.47619,40.61692,62206,2025,VHF,300,11097.037752769687,36
2025-05-29 14:50:00,141.48871000000003,40.61451,62206,2025,VHF,300,10250.442631815626,36
2025-05-29 14:55:00,141.50147,40.602830000000004,62206,2025,VHF,300,8570.636080754615,36
2025-05-29 15:00:00,141.51391999999998,40.5852,62206,2025,VHF,300,6360.579678183381,36
2025-05-29 15:05:00,141.53164,40.56382,62206,2025,VHF,300,3560.279237181838,36
2025-05-29 19:10:00,141.56829000000002,40.55423999999999,62206,2025,VHF,300,1957.9141662268562,37
2025-05-29 19:15:00,141.58927,40.580510000000004,62206,2025,VHF,300,5370.7903830819705,37
2025-05-29 19:20:00,141.61127,40.60425,62206,2025,VHF,300,8589.9768717919,37
2025-05-29 19:25:00,141.6309,40.62583000000001,62206,2025,VHF,300,11503.270291809402,37
2025-05-29 19:30:00,141.64128,40.64556,62206,2025,VHF,300,13828.691533122672,37
2025-05-29 19:35:00,141.64819,40.66964,62206,2025,VHF,300,16447.1406697325,37
2025-05-29 19:40:00,141.65361,40.69697000000001,62206,2025,VHF,300,19371.589403104626,37
2025-05-29 19:45:00,141.64622,40.724830000000004,62206,2025,VHF,300,21996.61485503937,37
2025-05-29 19:50:00,141.64601,40.742180000000005,62206,2025,VHF,300,23811.11234893608,37
2025-05-29 19:55:00,141.67318999999998,40.76483,62206,2025,VHF,300,26956.61409361362,37
2025-05-29 20:00:00,141.70453999999998,40.78905,62206,2025,VHF,300,30460.51784555528,37
2025-05-29 20:05:00,141.72460999999998,40.813959999999994,62206,2025,VHF,300,33679.979781566544,37
2025-05-29 20:10:00,141.72284000000002,40.81753,62206,2025,VHF,300,33978.3622131242,37
2025-05-29 20:15:00,141.71556999999996,40.82011000000001,62206,2025,VHF,300,33993.506559621484,37
2025-05-29 20:20:00,141.71717999999998,40.83017,62206,2025,VHF,300,35075.33678331697,37
2025-05-29 20:25:00,141.72776,40.83227,62206,2025,VHF,300,35642.08689737163,37
2025-05-29 20:30:00,141.7276,40.83172,62206,2025,VHF,300,35580.77135811973,37
2025-05-29 20:35:00,141.72832000000002,40.831979999999994,62206,2025,VHF,300,35631.78279812907,37
2025-05-29 20:40:00,141.73231,40.83226,62206,2025,VHF,300,35798.02862902818,37
2025-05-29 20:45:00,141.72457999999997,40.83034,62206,2025,VHF,300,35337.94345574976,37
2025-05-29 20:50:00,141.71249999999998,40.81001,62206,2025,VHF,300,32861.12972330002,37
2025-05-29 20:55:00,141.70286,40.78551000000001,62206,2025,VHF,300,30043.794015969946,37
2025-05-29 21:00:00,141.69406999999998,40.75662,62206,2025,VHF,300,26820.617652323628,37
2025-05-29 21:05:00,141.68537,40.72637000000001,62206,2025,VHF,300,23485.83211534268,37
2025-05-29 21:10:00,141.67266999999998,40.70085,62206,2025,VHF,300,20479.24984174887,37
2025-05-29 21:15:00,141.65023000000002,40.67848,62206,2025,VHF,300,17398.541791722368,37
2025-05-29 21:20:00,141.63474,40.658190000000005,62206,2025,VHF,300,14797.642868529421,37
2025-05-29 21:25:00,141.61941,40.63689,62206,2025,VHF,300,12103.461148115564,37
2025-05-29 21:30:00,141.60793,40.61365,62206,2025,VHF,300,9359.605180445196,37
2025-05-29 21:35:00,141.59491,40.590610000000005,62206,2025,VHF,300,6582.544997336579,37
2025-05-29 21:40:00,141.5764,40.56756,62206,2025,VHF,300,3587.7888975074256,37
2025-05-30 10:55:00,141.52376999999998,40.55546,62206,2025,VHF,300,3422.910767162941,38
2025-05-30 11:00:00,141.49751,40.58159,62206,2025,VHF,300,6977.469368795772,38
2025-05-30 11:05:00,141.46507,40.60304,62206,2025,VHF,300,10610.91183515092,38
2025-05-30 11:10:00,141.46289000000002,40.60213000000001,62206,2025,VHF,300,10680.983826176178,38
2025-05-30 11:15:00,141.46273000000002,40.60213000000001,62206,2025,VHF,300,10691.161092060609,38
2025-05-30 11:20:00,141.4627,40.602160000000005,62206,2025,VHF,300,10695.266766082457,38
2025-05-30 11:25:00,141.4627,40.60217000000001,62206,2025,VHF,300,10695.999097709768,38
2025-05-30 11:30:00,141.46271000000002,40.60213000000001,62206,2025,VHF,300,10692.433776299138,38
2025-05-30 11:35:00,141.46267,40.602160000000005,62206,2025,VHF,300,10697.175705941905,38
2025-05-30 11:40:00,141.46267,40.60215000000001,62206,2025,VHF,300,10696.443570442303,38
2025-05-30 11:45:00,141.46269,40.602160000000005,62206,2025,VHF,300,10695.903050184204,38
2025-05-30 11:50:00,141.46036,40.599540000000005,62206,2025,VHF,300,10658.025301507127,38
2025-05-30 11:55:00,141.43865,40.5912,62206,2025,VHF,300,11644.219003537775,38
2025-05-30 12:00:00,141.44835,40.58977,62206,2025,VHF,300,10857.473379525887,38
2025-05-30 12:05:00,141.4539,40.5893,62206,2025,VHF,300,10431.608416096442,38
2025-05-30 12:10:00,141.45407,40.58967,62206,2025,VHF,300,10441.725650743925,38
2025-05-30 12:15:00,141.46309,40.58759,62206,2025,VHF,300,9677.491190826973,38
2025-05-30 12:20:00,141.48689000000002,40.574130000000004,62206,2025,VHF,300,7171.557744992957,38
2025-05-30 12:25:00,141.50697,40.57115,62206,2025,VHF,300,5608.165298320972,38
2025-05-30 12:30:00,141.52452,40.58303,62206,2025,VHF,300,5673.219660059677,38
2025-05-30 12:35:00,141.53523,40.56194,62206,2025,VHF,300,3210.178226235456,38
2025-05-30 20:50:00,141.56634000000003,40.54705,62206,2025,VHF,300,1194.5606312551288,39
2025-05-30 20:55:00,141.57877,40.579710000000006,62206,2025,VHF,300,4903.81341594388,39
2025-05-30 21:00:00,141.5895,40.61554,62206,2025,VHF,300,8959.895065245806,39
2025-05-30 21:05:00,141.60383,40.65047,62206,2025,VHF,300,13023.781784538356,39
2025-05-30 21:10:00,141.62322,40.68222,62206,2025,VHF,300,16886.936616436942,39
2025-05-30 21:15:00,141.6464,40.71117,62206,2025,VHF,300,20582.84873589006,39
2025-05-30 21:20:00,141.66567999999998,40.729890000000005,62206,2025,VHF,300,23125.670826902933,39
2025-05-30 21:25:00,141.68519,40.75235000000001,62206,2025,VHF,300,26073.807921567874,39
2025-05-30 21:30:00,141.69276,40.761030000000005,62206,2025,VHF,300,27216.60408012824,39
2025-05-30 21:35:00,141.69675999999998,40.76523000000001,62206,2025,VHF,300,27782.039540981998,39
2025-05-30 21:40:00,141.69428,40.77037000000001,62206,2025,VHF,300,28213.35087034129,39
2025-05-30 21:45:00,141.69923,40.785210000000006,62206,2025,VHF,300,29889.087522365044,39
2025-05-30 21:50:00,141.6789,40.802,62206,2025,VHF,300,30995.209585607277,39
2025-05-30 21:55:00,141.66554,40.80481999999999,62206,2025,VHF,300,30939.008237446487,39
2025-05-30 22:00:00,141.66253,40.80401,62206,2025,VHF,300,30778.767711764034,39
2025-05-30 22:05:00,141.66021,40.80307,62206,2025,VHF,300,30622.69327718805,39
2025-05-30 22:10:00,141.6555,40.79219000000001,62206,2025,VHF,300,29351.363804675875,39
2025-05-30 22:15:00,141.64252,40.76892000000001,62206,2025,VHF,300,26564.905345059247,39
2025-05-30 22:20:00,141.63212000000001,40.745090000000005,62206,2025,VHF,300,23780.015695415066,39
2025-05-30 22:25:00,141.62096,40.71889,62206,2025,VHF,300,20725.122645950923,39
2025-05-30 22:30:00,141.61011,40.691720000000004,62206,2025,VHF,300,17573.73246187824,39
2025-05-30 22:35:00,141.59732000000002,40.66573000000001,62206,2025,VHF,300,14511.349007053235,39
2025-05-30 22:40:00,141.58217000000002,40.64117,62206,2025,VHF,300,11577.619280820598,39
2025-05-30 22:45:00,141.57301999999999,40.61741,62206,2025,VHF,300,8847.649594475144,39
2025-05-30 22:50:00,141.56945,40.59184,62206,2025,VHF,300,5995.905673601187,39
2025-05-30 22:55:00,141.56841000000003,40.56454,62206,2025,VHF,300,3021.8049113557936,39
2025-05-31 12:50:00,141.53766,40.53293000000001,62206,2025,VHF,300,1803.3738478943228,40
2025-05-31 12:55:00,141.53244000000004,40.543530000000004,62206,2025,VHF,300,2200.721216468735,40
2025-05-31 13:00:00,141.53503,40.55932,62206,2025,VHF,300,2991.1235990438477,40
2025-05-31 13:05:00,141.5111,40.57924,62206,2025,VHF,300,5989.306748949769,40
2025-05-31 13:10:00,141.45444000000003,40.57374,62206,2025,VHF,300,9569.06631146934,40
2025-05-31 13:15:00,141.41328,40.570550000000004,62206,2025,VHF,300,12728.293911721157,40
2025-05-31 13:20:00,141.40375999999998,40.564910000000005,62206,2025,VHF,300,13354.258911893927,40
2025-05-31 13:25:00,141.40367999999998,40.56492,62206,2025,VHF,300,13361.11298395042,40
2025-05-31 13:30:00,141.40149000000002,40.563900000000004,62206,2025,VHF,300,13518.292834693944,40
2025-05-31 13:35:00,141.3899,40.56501000000001,62206,2025,VHF,300,14504.313891480537,40
2025-05-31 13:40:00,141.39007,40.56487,62206,2025,VHF,300,14487.088792214234,40
2025-05-31 13:45:00,141.39030000000002,40.56489,62206,2025,VHF,300,14468.452380162835,40
2025-05-31 13:50:00,141.39008,40.56487,62206,2025,VHF,300,14486.25910911539,40
2025-05-31 13:55:00,141.39012000000002,40.565020000000004,62206,2025,VHF,300,14486.288312418312,40
2025-05-31 14:00:00,141.38985,40.56496,62206,2025,VHF,300,14507.345742822228,40
2025-05-31 14:05:00,141.3898,40.565000000000005,62206,2025,VHF,300,14512.38610061836,40
2025-05-31 14:10:00,141.38982000000001,40.56503000000001,62206,2025,VHF,300,14511.397098757987,40
2025-05-31 14:15:00,141.38986,40.564910000000005,62206,2025,VHF,300,14505.402242647824,40
2025-05-31 14:20:00,141.38993000000002,40.56498,62206,2025,VHF,300,14501.155214335022,40
2025-05-31 14:25:00,141.39437,40.5673,62206,2025,VHF,300,14188.421907752854,40
2025-05-31 14:30:00,141.40345,40.56492,62206,2025,VHF,300,13380.12365647285,40
2025-05-31 14:35:00,141.41122000000001,40.568360000000006,62206,2025,VHF,300,12831.385895930482,40
2025-05-31 14:40:00,141.43871000000001,40.56405,62206,2025,VHF,300,10459.458065071196,40
2025-05-31 14:45:00,141.46546,40.57273000000001,62206,2025,VHF,300,8675.590178415307,40
2025-05-31 14:50:00,141.49302,40.56607,62206,2025,VHF,300,6262.993674485875,40
2025-05-31 14:55:00,141.51325999999997,40.560750000000006,62206,2025,VHF,300,4489.400822852457,40
2025-05-31 15:00:00,141.52401,40.56201000000001,62206,2025,VHF,300,3853.693741729041,40
2025-05-31 15:05:00,141.53172,40.562630000000006,62206,2025,VHF,300,3453.0282097376844,40
2025-05-31 15:10:00,141.54719,40.55058,62206,2025,VHF,300,1595.6315753297467,40
2025-05-12 19:05:00,141.55371,40.5479,62207,2025,VHF,300,1083.445418461829,1
2025-05-12 19:10:00,141.55431000000002,40.54848,62207,2025,VHF,300,1131.3697317542158,1
2025-05-12 19:15:00,141.55435,40.549659999999996,62207,2025,VHF,300,1258.0247997265194,1
2025-05-12 19:20:00,141.5549,40.550439999999995,62207,2025,VHF,300,1333.8871479907282,1
2025-05-12 19:25:00,141.55581,40.55117,62207,2025,VHF,300,1403.3931027353524,1
2025-05-12 19:30:00,141.56085,40.550110000000004,62207,2025,VHF,300,1306.7164855883166,1
2025-05-12 19:35:00,141.5615,40.55029,62207,2025,VHF,300,1338.7668110001994,1
2025-05-12 19:40:00,141.562,40.55059,62207,2025,VHF,300,1381.8857548101112,1
2025-05-12 19:45:00,141.56264000000002,40.550819999999995,62207,2025,VHF,300,1421.8163421520937,1
2025-05-12 19:50:00,141.56315999999998,40.551069999999996,62207,2025,VHF,300,1461.9052983791053,1
2025-05-12 19:55:00,141.56367999999998,40.55131,62207,2025,VHF,300,1501.6857652476601,1
2025-05-12 20:00:00,141.56414,40.55151,62207,2025,VHF,300,1536.180453047076,1
2025-05-12 20:05:00,141.5647,40.551919999999996,62207,2025,VHF,300,1595.9903032973327,1
2025-05-12 20:10:00,141.56527,40.55254,62207,2025,VHF,300,1678.0594745277797,1
2025-05-12 20:15:00,141.57106,40.55112,62207,2025,VHF,300,1797.3499065367914,1
2025-05-12 20:20:00,141.57613,40.549110000000006,62207,2025,VHF,300,1955.4245825060757,1
2025-05-12 20:25:00,141.57694999999998,40.54869,62207,2025,VHF,300,1984.9298363759124,1
2025-05-12 20:30:00,141.57784,40.54866,62207,2025,VHF,300,2045.8042010462427,1
2025-05-12 20:35:00,141.57864999999998,40.5488,62207,2025,VHF,300,2111.927041740985,1
2025-05-12 20:40:00,141.57927999999998,40.549150000000004,62207,2025,VHF,300,2177.8141885807086,1
2025-05-12 20:45:00,141.57706,40.549150000000004,62207,2025,VHF,300,2021.7726104377884,1
2025-05-12 20:50:00,141.57942,40.54887,62207,2025,VHF,300,2171.346037976677,1
2025-05-12 20:55:00,141.58434000000003,40.548190000000005,62207,2025,VHF,300,2502.531746721714,1
2025-05-12 21:00:00,141.58517,40.54853000000001,62207,2025,VHF,300,2582.223060816175,1
2025-05-12 21:05:00,141.58224000000004,40.5493,62207,2025,VHF,300,2401.234136659731,1
2025-05-12 21:10:00,141.5764,40.54922,62207,2025,VHF,300,1981.071198598855,1
2025-05-12 21:15:00,141.57704,40.54937,62207,2025,VHF,300,2034.6442497665942,1
2025-05-12 21:20:00,141.57774,40.549530000000004,62207,2025,VHF,300,2093.1677943622603,1
2025-05-12 21:25:00,141.57849000000002,40.54964,62207,2025,VHF,300,2152.190778526926,1
2025-05-12 21:30:00,141.57907999999998,40.549679999999995,62207,2025,VHF,300,2195.949231393368,1
2025-05-12 21:35:00,141.57978999999997,40.54981,62207,2025,VHF,300,2253.967165588194,1
2025-05-12 21:40:00,141.58047000000002,40.54981,62207,2025,VHF,300,2302.220745320493,1
2025-05-12 21:45:00,141.58074000000002,40.54957,62207,2025,VHF,300,2307.3285958168385,1
2025-05-12 21:50:00,141.58109000000002,40.547979999999995,62207,2025,VHF,300,2245.487963977419,1
2025-05-12 21:55:00,141.58445,40.54499,62207,2025,VHF,300,2382.2553197332936,1
2025-05-12 22:00:00,141.58530000000002,40.54479,62207,2025,VHF,300,2444.767510470896,1
2025-05-12 22:05:00,141.58874000000003,40.54349,62207,2025,VHF,300,2692.968686460533,1
2025-05-12 22:10:00,141.58957999999998,40.54263,62207,2025,VHF,300,2745.577367097151,1
2025-05-12 22:15:00,141.59003,40.54314,62207,2025,VHF,300,2792.839767979404,1
2025-05-12 22:20:00,141.58726000000001,40.55095,62207,2025,VHF,300,2861.8882716836906,1
2025-05-12 22:25:00,141.57868,40.55051,62207,2025,VHF,300,2221.525316604327,1
2025-05-12 22:30:00,141.57193,40.548350000000006,62207,2025,VHF,300,1625.956108230809,1
2025-05-12 22:35:00,141.56711,40.545370000000005,62207,2025,VHF,300,1101.2545545176652,1
2025-05-13 19:20:00,141.54123,40.544889999999995,62207,2025,VHF,300,1552.6791182749744,2
2025-05-13 19:25:00,141.52109000000002,40.54715,62207,2025,VHF,300,3235.3939313975393,2
2025-05-13 19:30:00,141.51913,40.54771,62207,2025,VHF,300,3412.3728771249735,2
2025-05-13 19:35:00,141.5389,40.560010000000005,62207,2025,VHF,300,2856.396858629932,2
2025-05-13 19:40:00,141.53961999999999,40.56007,62207,2025,VHF,300,2828.6383461327887,2
2025-05-13 19:45:00,141.54607,40.56203000000001,62207,2025,VHF,300,2778.5012527729655,2
2025-05-13 19:50:00,141.54596999999998,40.561910000000005,62207,2025,VHF,300,2769.0337970378423,2
2025-05-13 19:55:00,141.54594,40.561370000000004,62207,2025,VHF,300,2714.0037943065986,2
2025-05-13 20:00:00,141.54574999999997,40.56971000000001,62207,2025,VHF,300,3596.881739247276,2
2025-05-13 20:05:00,141.54637,40.57549,62207,2025,VHF,300,4204.82198072169,2
2025-05-13 20:10:00,141.54753,40.57565,62207,2025,VHF,300,4201.082214532704,2
2025-05-13 20:15:00,141.54878,40.57568,62207,2025,VHF,300,4184.145439693783,2
2025-05-13 20:20:00,141.55005,40.573679999999996,62207,2025,VHF,300,3946.970391402336,2
2025-05-13 20:25:00,141.55789000000001,40.562400000000004,62207,2025,VHF,300,2642.299745501966,2
2025-05-13 20:30:00,141.55742000000004,40.560950000000005,62207,2025,VHF,300,2481.2205681594446,2
2025-05-13 20:35:00,141.55745000000002,40.561310000000006,62207,2025,VHF,300,2521.181804229028,2
2025-05-13 20:40:00,141.55803000000003,40.561350000000004,62207,2025,VHF,300,2525.8491218580625,2
2025-05-13 20:45:00,141.55851,40.56116,62207,2025,VHF,300,2505.669471082684,2
2025-05-13 20:50:00,141.55894000000004,40.56123,62207,2025,VHF,300,2514.815749165188,2
2025-05-13 20:55:00,141.55943000000002,40.56124,62207,2025,VHF,300,2518.1346266918267,2
2025-05-13 21:00:00,141.56007,40.561330000000005,62207,2025,VHF,300,2532.0064221867246,2
2025-05-13 21:05:00,141.56006,40.56143,62207,2025,VHF,300,2543.003779439179,2
2025-05-13 21:10:00,141.56046,40.56145,62207,2025,VHF,300,2548.2113723569114,2
2025-05-13 21:15:00,141.56096,40.56138,62207,2025,VHF,300,2544.8569734076736,2
2025-05-13 21:20:00,141.561,40.56143,62207,2025,VHF,300,2550.7545192332186,2
2025-05-13 21:25:00,141.56103000000002,40.5613,62207,2025,VHF,300,2536.7008334137363,2
2025-05-13 21:30:00,141.56208,40.563250000000004,62207,2025,VHF,300,2762.7254043456705,2
2025-05-13 21:35:00,141.56248000000002,40.563340000000004,62207,2025,VHF,300,2777.4619375237476,2
2025-05-13 21:40:00,141.56299,40.563250000000004,62207,2025,VHF,300,2774.356181201824,2
2025-05-13 21:45:00,141.56356999999997,40.563250000000004,62207,2025,VHF,300,2782.8580830611245,2
2025-05-13 21:50:00,141.56387999999998,40.563320000000004,62207,2025,VHF,300,2795.37747208108,2
2025-05-13 21:55:00,141.56402,40.55955,62207,2025,VHF,300,2388.3815228251992,2
2025-05-13 22:00:00,141.56424,40.55953,62207,2025,VHF,300,2390.532715384597,2
2025-05-13 22:05:00,141.5779,40.547059999999995,62207,2025,VHF,300,1959.002260389058,2
2025-05-13 22:10:00,141.57787,40.547059999999995,62207,2025,VHF,300,1956.7720243620734,2
2025-05-13 22:15:00,141.57787,40.547,62207,2025,VHF,300,1953.5850380758297,2
2025-05-13 22:20:00,141.57783,40.54698,62207,2025,VHF,300,1949.5476633243582,2
2025-05-13 22:25:00,141.57727,40.546279999999996,62207,2025,VHF,300,1871.3420966258318,2
2025-05-13 22:30:00,141.57732000000001,40.546530000000004,62207,2025,VHF,300,1887.889393068407,2
2025-05-13 22:35:00,141.57731,40.546530000000004,62207,2025,VHF,300,1887.139930121184,2
2025-05-13 22:40:00,141.57736,40.54656,62207,2025,VHF,300,1892.4402370936389,2
2025-05-13 22:45:00,141.57729,40.5465,62207,2025,VHF,300,1884.089371672697,2
2025-05-14 05:00:00,141.59306999999998,40.54172,62207,2025,VHF,300,3024.486143617219,3
2025-05-14 05:05:00,141.61948999999998,40.53678,62207,2025,VHF,300,5246.996974113737,3
2025-05-14 05:10:00,141.63707,40.52466,62207,2025,VHF,300,6908.87159881244,3
2025-05-14 05:15:00,141.65148000000002,40.51229,62207,2025,VHF,300,8474.512908607407,3
2025-05-14 05:20:00,141.67953999999997,40.50014,62207,2025,VHF,300,11181.38576552488,3
2025-05-14 05:25:00,141.69764,40.485710000000005,62207,2025,VHF,300,13242.448885527818,3
2025-05-14 05:30:00,141.72671,40.482679999999995,62207,2025,VHF,300,15620.165794397444,3
2025-05-14 05:35:00,141.73864999999998,40.48318,62207,2025,VHF,300,16532.800245500384,3
2025-05-14 05:40:00,141.76926999999998,40.479679999999995,62207,2025,VHF,300,19096.155153339107,3
2025-05-14 05:45:00,141.78136,40.47793,62207,2025,VHF,300,20126.347893436763,3
2025-05-14 05:50:00,141.81046,40.48783999999999,62207,2025,VHF,300,22158.96321840931,3
2025-05-14 05:55:00,141.81217,40.47152,62207,2025,VHF,300,22827.205578090485,3
2025-05-14 06:00:00,141.80856,40.45507,62207,2025,VHF,300,23208.465733387726,3
2025-05-14 06:05:00,141.79779,40.442,62207,2025,VHF,300,23015.928513606235,3
2025-05-14 06:10:00,141.78007,40.429140000000004,62207,2025,VHF,300,22439.97241526904,3
2025-05-14 06:15:00,141.74678999999998,40.4284,62207,2025,VHF,300,20176.012128096398,3
2025-05-14 06:20:00,141.71486999999996,40.42257000000001,62207,2025,VHF,300,18543.14389260534,3
2025-05-14 06:25:00,141.71169999999998,40.42152,62207,2025,VHF,300,18432.924541500797,3
2025-05-14 06:30:00,141.71169999999998,40.42152,62207,2025,VHF,300,18432.924541500797,3
2025-05-14 06:35:00,141.71165999999997,40.421530000000004,62207,2025,VHF,300,18429.73644495464,3
2025-05-14 06:40:00,141.71164999999996,40.42162,62207,2025,VHF,300,18422.08060313822,3
2025-05-14 06:45:00,141.71170999999998,40.42157,62207,2025,VHF,300,18429.606513591152,3
2025-05-14 06:50:00,141.71169999999998,40.42156,62207,2025,VHF,300,18429.789094797583,3
2025-05-14 06:55:00,141.71159999999998,40.42155,62207,2025,VHF,300,18424.562517631854,3
2025-05-14 07:00:00,141.71165999999997,40.421510000000005,62207,2025,VHF,300,18431.30450633829,3
2025-05-14 07:05:00,141.71169999999998,40.42157,62207,2025,VHF,300,18429.00531703697,3
2025-05-14 07:10:00,141.71170999999998,40.42158,62207,2025,VHF,300,18428.822794882843,3
2025-05-14 07:15:00,141.71162999999999,40.42155,62207,2025,VHF,300,18426.365430333273,3
2025-05-14 07:20:00,141.71165999999997,40.42156,62207,2025,VHF,300,18427.38460453611,3
2025-05-14 07:25:00,141.71170999999998,40.421510000000005,62207,2025,VHF,300,18434.309530774593,3
2025-05-14 07:30:00,141.71167999999997,40.42156,62207,2025,VHF,300,18428.586810854013,3
2025-05-14 07:35:00,141.71162999999999,40.42155,62207,2025,VHF,300,18426.365430333273,3
2025-05-14 07:40:00,141.71168999999998,40.42156,62207,2025,VHF,300,18429.18794312374,3
2025-05-14 07:45:00,141.71169999999998,40.42156,62207,2025,VHF,300,18429.789094797583,3
2025-05-14 07:50:00,141.71174999999997,40.42159,62207,2025,VHF,300,18430.444293764755,3
2025-05-14 07:55:00,141.71161999999998,40.42155,62207,2025,VHF,300,18425.764440012896,3
2025-05-14 08:00:00,141.71167999999997,40.42157,62207,2025,VHF,300,18427.80298213527,3
2025-05-14 08:05:00,141.71174,40.42156,62207,2025,VHF,300,18432.193895500193,3
2025-05-14 08:10:00,141.71165999999997,40.42154,62207,2025,VHF,300,18428.95246458982,3
2025-05-14 08:15:00,141.71168999999998,40.42152,62207,2025,VHF,300,18432.32349173049,3
2025-05-14 08:20:00,141.71175999999997,40.42157,62207,2025,VHF,300,18432.612787320355,3
2025-05-14 08:25:00,141.71165999999997,40.42155,62207,2025,VHF,300,18428.168517782695,3
2025-05-14 08:30:00,141.71177999999998,40.42155,62207,2025,VHF,300,18435.382614065067,3
2025-05-14 08:35:00,141.71150999999998,40.42152,62207,2025,VHF,300,18421.50791643942,3
2025-05-14 08:40:00,141.70817,40.42206,62207,2025,VHF,300,18179.20159772272,3
2025-05-14 08:45:00,141.70323,40.43023,62207,2025,VHF,300,17241.980966249397,3
2025-05-14 08:50:00,141.68279,40.4525,62207,2025,VHF,300,14284.586248201307,3
2025-05-14 08:55:00,141.68273000000002,40.45249,62207,2025,VHF,300,14281.551882732403,3
2025-05-14 09:00:00,141.68275,40.45253,62207,2025,VHF,300,14279.835402373701,3
2025-05-14 09:05:00,141.66343,40.46584,62207,2025,VHF,300,12073.071878150813,3
2025-05-14 09:10:00,141.63536,40.48245,62207,2025,VHF,300,9072.871161668612,3
2025-05-14 09:15:00,141.63548,40.482459999999996,62207,2025,VHF,300,9079.498500346514,3
2025-05-14 09:20:00,141.6353,40.48255,62207,2025,VHF,300,9061.54287290634,3
2025-05-14 09:25:00,141.63545,40.48257,62207,2025,VHF,300,9069.261297957875,3
2025-05-14 09:30:00,141.63551999999999,40.48259,62207,2025,VHF,300,9072.0547062437,3
2025-05-14 09:35:00,141.63545,40.48259,62207,2025,VHF,300,9067.736962650286,3
2025-05-14 09:40:00,141.63547,40.48258,62207,2025,VHF,300,9069.73244563431,3
2025-05-14 09:45:00,141.63546,40.48258,62207,2025,VHF,300,9069.115751353513,3
2025-05-14 09:50:00,141.63542,40.48257,62207,2025,VHF,300,9067.411705872762,3
2025-05-14 09:55:00,141.63544000000002,40.48257,62207,2025,VHF,300,9068.644729969448,3
2025-05-14 10:00:00,141.63548,40.48258,62207,2025,VHF,300,9070.349177182345,3
2025-05-14 10:05:00,141.63543,40.48254,62207,2025,VHF,300,9070.315551787697,3
2025-05-14 10:10:00,141.63543,40.48258,62207,2025,VHF,300,9067.2658921863,3
2025-05-14 10:15:00,141.63547,40.48262,62207,2025,VHF,300,9066.68476442623,3
2025-05-14 10:20:00,141.63541,40.4826,62207,2025,VHF,300,9064.508233785624,3
2025-05-14 10:25:00,141.63539,40.48263,62207,2025,VHF,300,9060.988443854658,3
2025-05-14 10:30:00,141.63548,40.48267,62207,2025,VHF,300,9063.493980168254,3
2025-05-14 10:35:00,141.63546,40.4826,62207,2025,VHF,300,9067.591663367664,3
2025-05-14 10:40:00,141.63473,40.48258,62207,2025,VHF,300,9024.198240660158,3
2025-05-14 10:45:00,141.63485999999997,40.48259,62207,2025,VHF,300,9031.417389474092,3
2025-05-14 10:50:00,141.63529,40.4826,62207,2025,VHF,300,9057.11180963077,3
2025-05-14 10:55:00,141.63519,40.48256,62207,2025,VHF,300,9054.006292020515,3
2025-05-14 11:00:00,141.63522,40.48254,62207,2025,VHF,300,9057.380297052592,3
2025-05-14 11:05:00,141.63524,40.48258,62207,2025,VHF,300,9055.557920972991,3
2025-05-14 11:10:00,141.63524999999998,40.48254,62207,2025,VHF,300,9059.227180475013,3
2025-05-14 11:15:00,141.63522,40.48256,62207,2025,VHF,300,9055.85314910308,3
2025-05-14 11:20:00,141.63527,40.48254,62207,2025,VHF,300,9060.458623352219,3
2025-05-14 11:25:00,141.6315,40.495670000000004,62207,2025,VHF,300,7870.8882939168525,3
2025-05-14 11:30:00,141.60326999999998,40.52331000000001,62207,2025,VHF,300,4225.708186875421,3
2025-05-14 19:00:00,141.57994,40.54707,62207,2025,VHF,300,2112.801678658585,4
2025-05-14 19:05:00,141.59901,40.54425,62207,2025,VHF,300,3563.3559096183485,4
2025-05-14 19:10:00,141.60141000000002,40.540150000000004,62207,2025,VHF,300,3715.198049192895,4
2025-05-14 19:15:00,141.60127,40.534130000000005,62207,2025,VHF,300,3732.7880924874034,4
2025-05-14 19:20:00,141.60157999999998,40.53219000000001,62207,2025,VHF,300,3793.375069024221,4
2025-05-14 19:25:00,141.60402,40.53686,62207,2025,VHF,300,3937.229175560622,4
2025-05-14 19:30:00,141.60564999999997,40.535610000000005,62207,2025,VHF,300,4084.1578645889813,4
2025-05-14 19:35:00,141.60556999999997,40.53627,62207,2025,VHF,300,4072.0576663034344,4
2025-05-14 19:40:00,141.60527,40.5367,62207,2025,VHF,300,4043.9002114017853,4
2025-05-14 19:45:00,141.60503,40.53714,62207,2025,VHF,300,4021.3078040244004,4
2025-05-14 19:50:00,141.60568999999998,40.53645,62207,2025,VHF,300,4080.9766100092293,4
2025-05-14 19:55:00,141.60464,40.53662,62207,2025,VHF,300,3991.08397842434,4
2025-05-14 20:00:00,141.60458999999997,40.53724,62207,2025,VHF,300,3983.62051785331,4
2025-05-14 20:05:00,141.60457999999997,40.53589,62207,2025,VHF,300,3991.336261141883,4
2025-05-14 20:10:00,141.60491,40.538970000000006,62207,2025,VHF,300,4007.9931187798866,4
2025-05-14 20:15:00,141.60334,40.53855000000001,62207,2025,VHF,300,3874.797940813865,4
2025-05-14 20:20:00,141.60014999999999,40.53564,62207,2025,VHF,300,3619.6344811828885,4
2025-05-14 20:25:00,141.60004999999998,40.536030000000004,62207,2025,VHF,300,3607.4948849018997,4
2025-05-14 20:30:00,141.60487999999998,40.53665,62207,2025,VHF,300,4011.2032800479233,4
2025-05-14 20:35:00,141.60475999999997,40.53716,62207,2025,VHF,300,3998.3618371000152,4
2025-05-14 20:40:00,141.60212,40.53613000000001,62207,2025,VHF,300,3781.513702449327,4
2025-05-14 20:45:00,141.60202,40.54227,62207,2025,VHF,300,3784.7900972489188,4
2025-05-14 20:50:00,141.60289,40.5449,62207,2025,VHF,300,3899.627684243491,4
2025-05-14 20:55:00,141.60318999999998,40.54563,62207,2025,VHF,300,3939.8560352583186,4
2025-05-14 21:00:00,141.60300999999998,40.545970000000004,62207,2025,VHF,300,3932.5776503232573,4
2025-05-14 21:05:00,141.60281,40.54638,62207,2025,VHF,300,3925.754717303888,4
2025-05-14 21:10:00,141.60139,40.53562,62207,2025,VHF,300,3724.4625715442576,4
2025-05-14 21:15:00,141.60835,40.52975000000001,62207,2025,VHF,300,4410.554960476471,4
2025-05-14 21:20:00,141.60839000000001,40.52975000000001,62207,2025,VHF,300,4413.858694851047,4
2025-05-14 21:25:00,141.61068999999998,40.52402,62207,2025,VHF,300,4780.709909819916,4
2025-05-14 21:30:00,141.62482,40.520270000000004,62207,2025,VHF,300,6048.3637322909535,4
2025-05-14 21:35:00,141.62511,40.520030000000006,62207,2025,VHF,300,6080.506076194798,4
2025-05-14 21:40:00,141.62517,40.52002,62207,2025,VHF,300,6085.665594976339,4
2025-05-14 21:45:00,141.63847,40.53358,62207,2025,VHF,300,6873.927412602534,4
2025-05-14 21:50:00,141.62168,40.53416,62207,2025,VHF,300,5451.125297040896,4
2025-05-14 21:55:00,141.61823,40.53378,62207,2025,VHF,300,5164.32662034708,4
2025-05-14 22:00:00,141.61760999999998,40.534459999999996,62207,2025,VHF,300,5104.696018909205,4
2025-05-14 22:05:00,141.60587999999998,40.53479,62207,2025,VHF,300,4111.988507971297,4
2025-05-14 22:10:00,141.60556999999997,40.53633000000001,62207,2025,VHF,300,4071.636818225972,4
2025-05-14 22:15:00,141.60502,40.535560000000004,62207,2025,VHF,300,4031.4269235172164,4
2025-05-14 22:20:00,141.60744000000003,40.537350000000004,62207,2025,VHF,300,4224.482957334594,4
2025-05-14 22:25:00,141.6073,40.535090000000004,62207,2025,VHF,300,4228.455175963254,4
2025-05-14 22:30:00,141.61381999999998,40.53642,62207,2025,VHF,300,4768.9085260345755,4
2025-05-14 22:35:00,141.60002,40.54078,62207,2025,VHF,300,3601.5641500137012,4
2025-05-14 22:40:00,141.59973,40.53759,62207,2025,VHF,300,3570.7656347592037,4
2025-05-14 22:45:00,141.59963,40.53756,62207,2025,VHF,300,3562.40577532653,4
2025-05-14 22:50:00,141.59967999999998,40.53744,62207,2025,VHF,300,3567.1016013446183,4
2025-05-14 22:55:00,141.59981,40.537530000000004,62207,2025,VHF,300,3577.7577878066018,4
2025-05-14 23:00:00,141.59955999999997,40.53777,62207,2025,VHF,300,3555.7876376743225,4
2025-05-14 23:05:00,141.60004999999998,40.537479999999995,62207,2025,VHF,300,3598.2692913310702,4
2025-05-14 23:10:00,141.60061,40.53729,62207,2025,VHF,300,3646.4739803792295,4
2025-05-14 23:15:00,141.60084999999998,40.537279999999996,62207,2025,VHF,300,3666.835228414259,4
2025-05-14 23:20:00,141.60249000000002,40.53642,62207,2025,VHF,300,3810.582835634329,4
2025-05-14 23:25:00,141.60463,40.534819999999996,62207,2025,VHF,300,4006.3134566463423,4
2025-05-14 23:30:00,141.60527,40.535180000000004,62207,2025,VHF,300,4056.2844027667625,4
2025-05-14 23:35:00,141.60577999999998,40.53571000000001,62207,2025,VHF,300,4094.2448307073755,4
2025-05-14 23:40:00,141.60654,40.536100000000005,62207,2025,VHF,300,4155.299882336572,4
2025-05-14 23:45:00,141.60693,40.53644,62207,2025,VHF,300,4185.917582838455,4
2025-05-14 23:50:00,141.60712,40.53642,62207,2025,VHF,300,4202.1163262821465,4
2025-05-14 23:55:00,141.60736,40.53648,62207,2025,VHF,300,4222.035747676335,4
2025-05-15 00:00:00,141.60764,40.53651000000001,62207,2025,VHF,300,4245.535673500834,4
2025-05-15 00:05:00,141.60792,40.53661,62207,2025,VHF,300,4268.627702429303,4
2025-05-15 00:10:00,141.60803,40.53663,62207,2025,VHF,300,4277.8192615109465,4
2025-05-15 00:15:00,141.6082,40.536530000000006,62207,2025,VHF,300,4292.788074405155,4
2025-05-15 00:20:00,141.60829,40.536410000000004,62207,2025,VHF,300,4301.140733723593,4
2025-05-15 00:25:00,141.6082,40.536100000000005,62207,2025,VHF,300,4295.630837747932,4
2025-05-15 00:30:00,141.60807,40.535450000000004,62207,2025,VHF,300,4289.953897574312,4
2025-05-15 00:35:00,141.60803,40.53501000000001,62207,2025,VHF,300,4290.861519380067,4
2025-05-15 00:40:00,141.60804000000002,40.53478,62207,2025,VHF,300,4294.164132031807,4
2025-05-15 00:45:00,141.608,40.53447,62207,2025,VHF,300,4294.347022674814,4
2025-05-15 00:50:00,141.60817,40.533350000000006,62207,2025,VHF,300,4323.729380957575,4
2025-05-15 00:55:00,141.60897,40.53025,62207,2025,VHF,300,4449.85307458455,4
2025-05-15 01:00:00,141.6085,40.53032,62207,2025,VHF,300,4409.284942898795,4
2025-05-15 01:05:00,141.60844000000003,40.53018,62207,2025,VHF,300,4407.592026639228,4
2025-05-15 01:10:00,141.60854,40.530300000000004,62207,2025,VHF,300,4413.063636683988,4
2025-05-15 01:15:00,141.60554999999997,40.53213000000001,62207,2025,VHF,300,4125.381905524333,4
2025-05-15 01:20:00,141.59523000000002,40.542190000000005,62207,2025,VHF,300,3212.3800576082763,4
2025-05-15 01:25:00,141.59536,40.54286,62207,2025,VHF,300,3233.321749779307,4
2025-05-15 01:30:00,141.59575999999998,40.54336,62207,2025,VHF,300,3275.3256227497263,4
2025-05-15 01:35:00,141.59603,40.54383,62207,2025,VHF,300,3306.6462657428424,4
2025-05-15 01:40:00,141.59618,40.5441,62207,2025,VHF,300,3324.5218285912442,4
2025-05-15 01:45:00,141.59639,40.544439999999994,62207,2025,VHF,300,3349.1011566168163,4
2025-05-15 01:50:00,141.59401,40.5463,62207,2025,VHF,300,3200.332319818914,4
2025-05-15 01:55:00,141.59398,40.54693,62207,2025,VHF,300,3217.2661295202047,4
2025-05-15 02:00:00,141.5939,40.547489999999996,62207,2025,VHF,300,3229.214192079483,4
2025-05-15 02:05:00,141.59367999999998,40.548030000000004,62207,2025,VHF,300,3230.3855697190156,4
2025-05-15 02:10:00,141.59364999999997,40.54844,62207,2025,VHF,300,3243.01828045711,4
2025-05-15 02:15:00,141.59376999999998,40.54858,62207,2025,VHF,300,3257.841303029217,4
2025-05-15 02:20:00,141.59349999999998,40.54868,62207,2025,VHF,300,3240.15534218291,4
2025-05-15 02:25:00,141.58666,40.54939,62207,2025,VHF,300,2737.3078801781944,4
2025-05-15 02:30:00,141.5875,40.549459999999996,62207,2025,VHF,300,2804.799080338065,4
2025-05-15 02:35:00,141.57644000000002,40.54787999999999,62207,2025,VHF,300,1899.1793901183755,4
2025-05-15 18:35:00,141.54425999999998,40.5441,62207,2025,VHF,300,1284.4876591926616,5
2025-05-15 18:40:00,141.51884,40.54785999999999,62207,2025,VHF,300,3440.7789141996577,5
2025-05-15 18:45:00,141.52284000000003,40.55631,62207,2025,VHF,300,3540.646781107621,5
2025-05-15 18:50:00,141.52278,40.55635,62207,2025,VHF,300,3547.339483434542,5
2025-05-15 18:55:00,141.53007,40.57022,62207,2025,VHF,300,4214.550434077863,5
2025-05-15 19:00:00,141.55975999999998,40.582910000000005,62207,2025,VHF,300,4923.124540512639,5
2025-05-15 19:05:00,141.57106,40.59877000000001,62207,2025,VHF,300,6777.412036122418,5
2025-05-15 19:10:00,141.5678,40.58483999999999,62207,2025,VHF,300,5206.175427119473,5
2025-05-15 19:15:00,141.56592,40.5775,62207,2025,VHF,300,4376.040909904658,5
2025-05-15 19:20:00,141.57635,40.57992,62207,2025,VHF,300,4854.683981462982,5
2025-05-15 19:25:00,141.57673,40.57956,62207,2025,VHF,300,4827.628915463735,5
2025-05-15 19:30:00,141.56683,40.57661,62207,2025,VHF,300,4291.891591527733,5
2025-05-15 19:35:00,141.56627,40.5762,62207,2025,VHF,300,4238.661773509136,5
2025-05-15 19:40:00,141.56265,40.57076,62207,2025,VHF,300,3596.0260179797324,5
2025-05-15 19:45:00,141.56382,40.57038,62207,2025,VHF,300,3567.4071869119316,5
2025-05-15 19:50:00,141.56506,40.56987,62207,2025,VHF,300,3528.682537337246,5
2025-05-15 19:55:00,141.56634000000003,40.56945,62207,2025,VHF,300,3504.0901885747194,5
2025-05-15 20:00:00,141.56748000000002,40.56902,62207,2025,VHF,300,3479.3783046508543,5
2025-05-15 20:05:00,141.56867,40.56859000000001,62207,2025,VHF,300,3458.9925356432113,5
2025-05-15 20:10:00,141.56986999999998,40.56801000000001,62207,2025,VHF,300,3426.4816514726963,5
2025-05-15 20:15:00,141.5711,40.56758,62207,2025,VHF,300,3414.4680274508623,5
2025-05-15 20:20:00,141.57244000000003,40.56702,62207,2025,VHF,300,3396.278383702022,5
2025-05-15 20:25:00,141.57385999999997,40.56629,62207,2025,VHF,300,3368.45997392553,5
2025-05-15 20:30:00,141.57518,40.565580000000004,62207,2025,VHF,300,3344.91065472366,5
2025-05-15 20:35:00,141.57655999999997,40.564910000000005,62207,2025,VHF,300,3333.1658978422524,5
2025-05-15 20:40:00,141.57618,40.562520000000006,62207,2025,VHF,300,3086.70984165151,5
2025-05-15 20:45:00,141.57626,40.554469999999995,62207,2025,VHF,300,2366.627249161369,5
2025-05-15 20:50:00,141.58752,40.547819999999994,62207,2025,VHF,300,2733.096150684869,5
2025-05-15 20:55:00,141.58456999999999,40.54813000000001,62207,2025,VHF,300,2517.3743706388796,5
2025-05-15 21:00:00,141.58655,40.548120000000004,62207,2025,VHF,300,2670.0772271606193,5
2025-05-15 21:05:00,141.58870000000002,40.548,62207,2025,VHF,300,2833.331560138983,5
2025-05-15 21:10:00,141.591,40.54774,62207,2025,VHF,300,3005.479075061284,5
2025-05-15 21:15:00,141.59317,40.54716,62207,2025,VHF,300,3159.1824563771925,5
2025-05-15 21:20:00,141.5951,40.54632,62207,2025,VHF,300,3289.9891831163263,5
2025-05-15 21:25:00,141.59687,40.54551000000001,62207,2025,VHF,300,3413.685123610022,5
2025-05-15 21:30:00,141.59881000000001,40.54483,62207,2025,VHF,300,3558.6089589555936,5
2025-05-15 21:35:00,141.60053,40.544219999999996,62207,2025,VHF,300,3689.62235852693,5
2025-05-15 21:40:00,141.6027,40.54399,62207,2025,VHF,300,3866.912516897276,5
2025-05-15 21:45:00,141.60468999999998,40.54352,62207,2025,VHF,300,4026.16309527101,5
2025-05-15 21:50:00,141.60638,40.543079999999996,62207,2025,VHF,300,4161.956379320002,5
2025-05-15 21:55:00,141.60761,40.54222,62207,2025,VHF,300,4255.392046917527,5
2025-05-15 22:00:00,141.60875,40.54145,62207,2025,VHF,300,4344.522363054217,5
2025-05-15 22:05:00,141.60968999999997,40.54072,62207,2025,VHF,300,4418.927117251613,5
2025-05-15 22:10:00,141.61079999999998,40.540279999999996,62207,2025,VHF,300,4510.571196857059,5
2025-05-15 22:15:00,141.61176999999998,40.53982,62207,2025,VHF,300,4590.911350919155,5
2025-05-15 22:20:00,141.61254999999997,40.539210000000004,62207,2025,VHF,300,4655.516595367743,5
2025-05-15 22:25:00,141.61320999999998,40.538450000000005,62207,2025,VHF,300,4711.006684508392,5
2025-05-15 22:30:00,141.61397999999997,40.53775,62207,2025,VHF,300,4777.179642731608,5
2025-05-15 22:35:00,141.61470999999997,40.53705,62207,2025,VHF,300,4841.189188189015,5
2025-05-15 22:40:00,141.61533,40.53633000000001,62207,2025,VHF,300,4897.183905009735,5
2025-05-15 22:45:00,141.61597999999998,40.53585,62207,2025,VHF,300,4955.203776726855,5
2025-05-15 22:50:00,141.61644,40.53495,62207,2025,VHF,300,5001.254529845919,5
2025-05-15 22:55:00,141.61676999999997,40.53421,62207,2025,VHF,300,5036.4481970852285,5
2025-05-15 23:00:00,141.61737,40.53366,62207,2025,VHF,300,5093.288784695564,5
2025-05-15 23:05:00,141.61784999999998,40.53309,62207,2025,VHF,300,5140.898795073853,5
2025-05-15 23:10:00,141.61853,40.532560000000004,62207,2025,VHF,300,5205.387905906701,5
2025-05-15 23:15:00,141.61921999999998,40.532090000000004,62207,2025,VHF,300,5270.293672570425,5
2025-05-15 23:20:00,141.60449999999997,40.53707,62207,2025,VHF,300,3976.771318459575,5
2025-05-15 23:25:00,141.60517,40.53643,62207,2025,VHF,300,4037.1315930219757,5
2025-05-15 23:30:00,141.6059,40.53588,62207,2025,VHF,300,4102.938813462545,5
2025-05-15 23:35:00,141.60683,40.535740000000004,62207,2025,VHF,300,4182.677074501581,5
2025-05-15 23:40:00,141.6073,40.535540000000005,62207,2025,VHF,300,4224.119934160629,5
2025-05-15 23:45:00,141.60112,40.53793,62207,2025,VHF,300,3687.497915820393,5
2025-05-15 23:50:00,141.6013,40.537639999999996,62207,2025,VHF,300,3703.545270884493,5
2025-05-15 23:55:00,141.59263,40.54475,62207,2025,VHF,300,3044.7331457118057,5
2025-05-16 00:00:00,141.59309,40.54454,62207,2025,VHF,300,3077.6514268805213,5
2025-05-16 00:05:00,141.57621,40.55403999999999,62207,2025,VHF,300,2328.4372593045337,5
2025-05-16 00:10:00,141.58575,40.54916,62207,2025,VHF,300,2656.8398567001855,5
2025-05-16 00:15:00,141.58641000000003,40.54907,62207,2025,VHF,300,2702.819075397627,5
2025-05-16 00:20:00,141.57818,40.54727,62207,2025,VHF,300,1991.014437098674,5
2025-05-16 00:25:00,141.5781,40.54727,62207,2025,VHF,300,1985.0837501095787,5
2025-05-16 00:30:00,141.5781,40.54721,62207,2025,VHF,300,1981.8639101328629,5
2025-05-16 00:35:00,141.57819,40.54725,62207,2025,VHF,300,1990.684573012151,5
2025-05-16 00:40:00,141.57879,40.55685999999999,62207,2025,VHF,300,2707.3300315016622,5
2025-05-16 00:45:00,141.56635,40.56846,62207,2025,VHF,300,3396.899698568076,5
2025-05-16 00:50:00,141.56759,40.56837000000001,62207,2025,VHF,300,3411.6593993252013,5
2025-05-16 00:55:00,141.56882000000002,40.568450000000006,62207,2025,VHF,300,3447.5103726566804,5
2025-05-16 01:00:00,141.57049999999998,40.56831000000001,62207,2025,VHF,300,3474.645793263054,5
2025-05-16 01:05:00,141.57203,40.56805000000001,62207,2025,VHF,300,3490.480763987144,5
2025-05-16 01:10:00,141.57336999999998,40.56799,62207,2025,VHF,300,3525.648684538848,5
2025-05-16 01:15:00,141.57456999999997,40.56787,62207,2025,VHF,300,3553.199433981797,5
2025-05-16 01:20:00,141.56751,40.55887,62207,2025,VHF,300,2401.5846034179776,5
2025-05-16 01:25:00,141.56829000000002,40.558839999999996,62207,2025,VHF,300,2422.3714797864454,5
2025-05-16 01:30:00,141.56904,40.558730000000004,62207,2025,VHF,300,2435.6108099797952,5
2025-05-16 01:35:00,141.56188,40.55297,62207,2025,VHF,300,1635.6589152962276,5
2025-05-16 01:40:00,141.5612,40.54887,62207,2025,VHF,300,1179.771976295365,5
2025-05-16 13:40:00,141.51871,40.54721,62207,2025,VHF,300,3430.507296561517,6
2025-05-16 13:45:00,141.51773,40.547599999999996,62207,2025,VHF,300,3522.3424815458075,6
2025-05-16 13:50:00,141.52364999999998,40.545100000000005,62207,2025,VHF,300,2965.352781768878,6
2025-05-16 13:55:00,141.52373,40.54516,62207,2025,VHF,300,2960.4090993492123,6
2025-05-16 14:00:00,141.52365999999998,40.54513000000001,62207,2025,VHF,300,2965.342538469417,6
2025-05-16 14:05:00,141.52371,40.545170000000006,62207,2025,VHF,300,2962.32425774137,6
2025-05-16 14:10:00,141.52362,40.545170000000006,62207,2025,VHF,300,2969.7148087257483,6
2025-05-16 14:15:00,141.5236,40.54522,62207,2025,VHF,300,2972.7231244115023,6
2025-05-16 14:20:00,141.52361,40.54513000000001,62207,2025,VHF,300,2969.450125294476,6
2025-05-16 14:25:00,141.52443000000002,40.54565,62207,2025,VHF,300,2917.071749142159,6
2025-05-16 14:30:00,141.53065999999998,40.55636,62207,2025,VHF,300,3015.8879707536425,6
2025-05-16 14:35:00,141.53784000000002,40.55419,62207,2025,VHF,300,2407.763185121872,6
2025-05-16 14:40:00,141.54614999999998,40.549310000000006,62207,2025,VHF,300,1534.309971177823,6
2025-05-16 14:45:00,141.54631,40.549279999999996,62207,2025,VHF,300,1523.1816330323995,6
2025-05-16 14:50:00,141.54934,40.54916,62207,2025,VHF,300,1365.0804675160323,6
2025-05-16 18:50:00,141.55321,40.54936,62207,2025,VHF,300,1250.8021991256273,7
2025-05-16 18:55:00,141.54967999999997,40.5496,62207,2025,VHF,300,1393.1470219545263,7
2025-05-16 19:00:00,141.54961999999998,40.54962,62207,2025,VHF,300,1397.545971497713,7
2025-05-16 19:05:00,141.54963999999998,40.54963,62207,2025,VHF,300,1397.6993553457353,7
2025-05-16 19:10:00,141.54965999999996,40.5496,62207,2025,VHF,300,1393.9640572689434,7
2025-05-16 19:15:00,141.54970999999998,40.54963,62207,2025,VHF,300,1394.8470977796978,7
2025-05-16 19:20:00,141.54964999999996,40.54961,62207,2025,VHF,300,1395.345474237491,7
2025-05-16 19:25:00,141.54963999999998,40.54959,62207,2025,VHF,300,1393.810857275671,7
2025-05-16 19:30:00,141.54965999999996,40.5496,62207,2025,VHF,300,1393.9640572689434,7
2025-05-16 19:35:00,141.54970999999998,40.54961,62207,2025,VHF,300,1392.8984529933214,7
2025-05-16 19:40:00,141.54962999999998,40.54961,62207,2025,VHF,300,1396.1643068433707,7
2025-05-16 19:45:00,141.54971999999998,40.54962,62207,2025,VHF,300,1393.4665065765564,7
2025-05-16 19:50:00,141.54966999999996,40.5496,62207,2025,VHF,300,1393.5553420126184,7
2025-05-16 19:55:00,141.54967999999997,40.5496,62207,2025,VHF,300,1393.1470219545263,7
2025-05-16 20:00:00,141.55231000000003,40.55054,62207,2025,VHF,300,1398.992530247885,7
2025-05-16 20:05:00,141.55357999999998,40.551219999999994,62207,2025,VHF,300,1441.5647561839398,7
2025-05-16 20:10:00,141.55348,40.55167999999999,62207,2025,VHF,300,1493.2049275335223,7
2025-05-16 20:15:00,141.55396,40.55216,62207,2025,VHF,300,1536.3970830447004,7
2025-05-16 20:20:00,141.55428,40.552550000000004,62207,2025,VHF,300,1573.771897323749,7
2025-05-16 20:25:00,141.55446,40.55295,62207,2025,VHF,300,1614.9091813037412,7
2025-05-16 20:30:00,141.5543,40.55332,62207,2025,VHF,300,1657.6812554827611,7
2025-05-16 20:35:00,141.55388,40.5537,62207,2025,VHF,300,1705.5071387139408,7
2025-05-16 20:40:00,141.55409,40.55279,62207,2025,VHF,300,1602.909983095481,7
2025-05-16 20:45:00,141.55442000000002,40.55294,62207,2025,VHF,300,1614.3764281067624,7
2025-05-16 20:50:00,141.55486,40.55314,62207,2025,VHF,300,1630.5500533972684,7
2025-05-16 20:55:00,141.55515,40.55318,62207,2025,VHF,300,1631.6364041163765,7
2025-05-16 21:00:00,141.55558,40.55331,62207,2025,VHF,300,1641.7547389768654,7
2025-05-16 21:05:00,141.55597,40.55323,62207,2025,VHF,300,1629.7838537878808,7
2025-05-16 21:10:00,141.55681,40.55274,62207,2025,VHF,300,1570.9270306497483,7
2025-05-16 21:15:00,141.55700000000002,40.552150000000005,62207,2025,VHF,300,1504.8405250621809,7
2025-05-16 21:20:00,141.55675,40.55197999999999,62207,2025,VHF,300,1486.8526094859546,7
2025-05-16 21:25:00,141.55686,40.5521,62207,2025,VHF,300,1499.74242919734,7
2025-05-16 21:30:00,141.55656,40.5513,62207,2025,VHF,300,1412.3514324396178,7
2025-05-16 21:35:00,141.55483,40.54845,62207,2025,VHF,300,1118.0636459869027,7
2025-05-16 21:40:00,141.55511,40.54845,62207,2025,VHF,300,1113.3214394046547,7
2025-05-16 21:45:00,141.55530000000002,40.548570000000005,62207,2025,VHF,300,1123.5011030614623,7
2025-05-16 21:50:00,141.55555999999999,40.54868,62207,2025,VHF,300,1131.9561217882729,7
2025-05-16 21:55:00,141.55589,40.54886,62207,2025,VHF,300,1147.8449924450904,7
2025-05-16 22:00:00,141.55632000000003,40.54896,62207,2025,VHF,300,1154.865260007652,7
2025-05-16 22:05:00,141.5567,40.54896,62207,2025,VHF,300,1152.2812473701554,7
2025-05-16 22:10:00,141.56109,40.55015,62207,2025,VHF,300,1315.474568038802,7
2025-05-16 22:15:00,141.56999,40.550219999999996,62207,2025,VHF,300,1662.6118386455462,7
2025-05-16 22:20:00,141.57173,40.55111,62207,2025,VHF,300,1833.0310022814483,7
2025-05-16 22:25:00,141.57315999999997,40.551469999999995,62207,2025,VHF,300,1943.5046045528197,7
2025-05-16 22:30:00,141.57483,40.55127999999999,62207,2025,VHF,300,2027.3777522877065,7
2025-05-16 22:35:00,141.57626,40.55107999999999,62207,2025,VHF,300,2101.5413266330834,7
2025-05-16 22:40:00,141.57772,40.55141,62207,2025,VHF,300,2219.3589312849745,7
2025-05-16 22:45:00,141.58893000000003,40.54508,62207,2025,VHF,300,2749.503535630891,7
2025-05-16 22:50:00,141.59002,40.54457,62207,2025,VHF,300,2824.9332074655704,7
2025-05-16 22:55:00,141.59134000000003,40.54398,62207,2025,VHF,300,2919.679058745129,7
2025-05-16 23:00:00,141.59255,40.54332,62207,2025,VHF,300,3006.4856842970376,7
2025-05-16 23:05:00,141.59367999999998,40.54272,62207,2025,VHF,300,3090.261766945315,7
2025-05-16 23:10:00,141.59483,40.54112,62207,2025,VHF,300,3166.102060671027,7
2025-05-16 23:15:00,141.59596,40.54045,62207,2025,VHF,300,3255.963296597451,7
2025-05-16 23:20:00,141.597,40.53992,62207,2025,VHF,300,3340.8262777035216,7
2025-05-16 23:25:00,141.59805,40.53936,62207,2025,VHF,300,3427.630033165969,7
2025-05-16 23:30:00,141.59908,40.538790000000006,62207,2025,VHF,300,3513.942196710626,7
2025-05-16 23:35:00,141.60018,40.53815000000001,62207,2025,VHF,300,3607.446734308194,7
2025-05-16 23:40:00,141.60132000000002,40.53747,62207,2025,VHF,300,3705.8383102341086,7
2025-05-16 23:45:00,141.60246,40.53674,62207,2025,VHF,300,3805.9372223825085,7
2025-05-16 23:50:00,141.60353999999998,40.53602,62207,2025,VHF,300,3902.391527943105,7
2025-05-16 23:55:00,141.60358999999997,40.535740000000004,62207,2025,VHF,300,3909.0328542568127,7
2025-05-17 00:00:00,141.60463,40.535000000000004,62207,2025,VHF,300,4004.2598611546423,7
2025-05-17 00:05:00,141.60567999999998,40.5342,62207,2025,VHF,300,4102.449844485343,7
2025-05-17 00:10:00,141.60645,40.53358,62207,2025,VHF,300,4175.889640462337,7
2025-05-17 00:15:00,141.59934,40.535090000000004,62207,2025,VHF,300,3557.499482580159,7
2025-05-17 00:20:00,141.59638,40.53417,62207,2025,VHF,300,3321.9825972072576,7
2025-05-17 00:25:00,141.59698,40.533210000000004,62207,2025,VHF,300,3389.4991307658347,7
2025-05-17 00:30:00,141.59738000000002,40.53226,62207,2025,VHF,300,3442.9179135816466,7
2025-05-17 00:35:00,141.5979,40.53124,62207,2025,VHF,300,3510.727871273061,7
2025-05-17 00:40:00,141.59842000000003,40.53026,62207,2025,VHF,300,3580.2270477612647,7
2025-05-17 00:45:00,141.59862,40.529030000000006,62207,2025,VHF,300,3634.220875501617,7
2025-05-17 00:50:00,141.596,40.53161,62207,2025,VHF,300,3344.602268907446,7
2025-05-17 00:55:00,141.59508,40.533120000000004,62207,2025,VHF,300,3233.05747241644,7
2025-05-17 01:00:00,141.59583,40.53213000000001,62207,2025,VHF,300,3317.588702674885,7
2025-05-17 01:05:00,141.5961,40.53116,62207,2025,VHF,300,3364.78386341669,7
2025-05-17 01:10:00,141.58993,40.54174,62207,2025,VHF,300,2760.664482275205,7
2025-05-17 01:15:00,141.58257,40.5466,62207,2025,VHF,300,2293.772758510825,7
2025-05-17 01:20:00,141.56854,40.54869,62207,2025,VHF,300,1453.3576621071102,7
2025-05-17 01:25:00,141.569,40.54926,62207,2025,VHF,300,1526.99845241453,7
2025-05-17 01:30:00,141.56901,40.54983,62207,2025,VHF,300,1577.061689971739,7
2025-05-17 01:35:00,141.5691,40.55037,62207,2025,VHF,300,1629.4100894441938,7
2025-05-17 01:40:00,141.56907999999999,40.55071,62207,2025,VHF,300,1658.8373453146037,7
2025-05-17 01:45:00,141.56909,40.55111,62207,2025,VHF,300,1695.511260502394,7
2025-05-17 01:50:00,141.56891000000002,40.5513,62207,2025,VHF,300,1704.2150413581278,7
2025-05-17 12:35:00,141.54139,40.55538,62207,2025,VHF,300,2314.2297242735312,8
2025-05-17 12:40:00,141.52852000000001,40.56407,62207,2025,VHF,300,3750.1994510939753,8
2025-05-17 12:45:00,141.51984999999996,40.5462,62207,2025,VHF,300,3307.5296526510456,8
2025-05-17 12:50:00,141.52372,40.54493,62207,2025,VHF,300,2955.0618009364407,8
2025-05-17 12:55:00,141.5237,40.54494,62207,2025,VHF,300,2956.9713221996094,8
2025-05-17 13:00:00,141.53864000000002,40.55139,62207,2025,VHF,300,2143.7528753907177,8
2025-05-17 13:05:00,141.54334,40.54993,62207,2025,VHF,300,1743.8662767106514,8
2025-05-17 13:10:00,141.54321,40.5499,62207,2025,VHF,300,1749.1245156961577,8
2025-05-17 13:15:00,141.54328999999998,40.54996,62207,2025,VHF,300,1749.2030755669882,8
2025-05-17 13:20:00,141.54332,40.54996,62207,2025,VHF,300,1747.4424466422254,8
2025-05-17 13:25:00,141.54324,40.54995,62207,2025,VHF,300,1751.3429043989283,8
2025-05-17 13:30:00,141.54327999999998,40.54995,62207,2025,VHF,300,1748.990491644934,8
2025-05-17 13:35:00,141.54324999999997,40.54993,62207,2025,VHF,300,1749.1573405667964,8
2025-05-17 13:40:00,141.54349999999997,40.549859999999995,62207,2025,VHF,300,1728.876287481348,8
2025-05-17 13:45:00,141.54355999999996,40.54987,62207,2025,VHF,300,1726.172298859851,8
2025-05-17 13:50:00,141.54344999999998,40.549859999999995,62207,2025,VHF,300,1731.8059159395925,8
2025-05-17 13:55:00,141.54346999999999,40.549879999999995,62207,2025,VHF,300,1732.2376749858329,8
2025-05-17 14:00:00,141.54349,40.5499,62207,2025,VHF,300,1732.673830519329,8
2025-05-17 14:05:00,141.54346999999999,40.54983,62207,2025,VHF,300,1728.2295858987163,8
2025-05-17 14:10:00,141.54349,40.54982,62207,2025,VHF,300,1726.255182638177,8
2025-05-17 14:15:00,141.54352999999998,40.5499,62207,2025,VHF,300,1730.3375076856148,8
2025-05-17 14:20:00,141.54349,40.54985,62207,2025,VHF,300,1728.659618536365,8
2025-05-17 14:25:00,141.54358999999997,40.549910000000004,62207,2025,VHF,300,1727.646140116795,8
2025-05-17 14:30:00,141.51574,40.54685,62207,2025,VHF,300,3662.634626742719,8
2025-05-17 14:35:00,141.51774,40.5473,62207,2025,VHF,300,3512.2348188898563,8
2025-05-17 14:40:00,141.51788,40.54037,62207,2025,VHF,300,3370.9579770935425,8
2025-05-17 14:45:00,141.51787,40.540350000000004,62207,2025,VHF,300,3371.6759477164755,8
2025-05-17 14:50:00,141.5178,40.54038,62207,2025,VHF,300,3377.7883157866245,8
2025-05-17 14:55:00,141.51783,40.54039,62207,2025,VHF,300,3375.315838228789,8
2025-05-17 15:00:00,141.5179,40.54037,62207,2025,VHF,300,3369.2664801900396,8
2025-05-17 15:05:00,141.51789,40.54038,62207,2025,VHF,300,3370.176697065551,8
2025-05-17 15:10:00,141.51784999999998,40.54036,62207,2025,VHF,300,3373.431188509972,8
2025-05-17 15:15:00,141.51791,40.54038,62207,2025,VHF,300,3368.4852342259887,8
2025-05-17 15:20:00,141.51792,40.54034,62207,2025,VHF,300,3367.383622687228,8
2025-05-17 15:25:00,141.5179,40.5404,62207,2025,VHF,300,3369.4610296544,8
2025-05-17 15:30:00,141.51776999999998,40.54041,62207,2025,VHF,300,3380.5205374700076,8
2025-05-17 15:35:00,141.51785999999998,40.54041,62207,2025,VHF,300,3372.909342657371,8
2025-05-17 15:40:00,141.51789,40.54041,62207,2025,VHF,300,3370.3722912063226,8
2025-05-17 15:45:00,141.52823000000004,40.54667,62207,2025,VHF,300,2644.5289309315326,8
2025-05-17 15:50:00,141.52823000000004,40.54664,62207,2025,VHF,300,2643.403305449074,8
2025-05-17 15:55:00,141.52824000000004,40.546679999999995,62207,2025,VHF,300,2644.107994894669,8
2025-05-17 16:00:00,141.53564,40.56705,62207,2025,VHF,300,3665.6728555444033,8
2025-05-17 16:05:00,141.53525,40.56362,62207,2025,VHF,300,3361.594112827407,8
2025-05-17 16:10:00,141.53328,40.56908,62207,2025,VHF,300,3961.7607781608826,8
2025-05-17 16:15:00,141.53564999999998,40.55617,62207,2025,VHF,300,2694.8273280395597,8
2025-05-17 16:20:00,141.53567999999999,40.55618,62207,2025,VHF,300,2693.8785592665986,8
2025-05-17 16:25:00,141.5357,40.55619,62207,2025,VHF,300,2693.515735776169,8
2025-05-17 16:30:00,141.53567999999999,40.55615,62207,2025,VHF,300,2691.4665382115877,8
2025-05-17 16:35:00,141.53564,40.55617,62207,2025,VHF,300,2695.411938320367,8
2025-05-17 16:40:00,141.53564999999998,40.55616,62207,2025,VHF,300,2694.023844382088,8
2025-05-17 16:45:00,141.53569,40.55617,62207,2025,VHF,300,2692.4902825583763,8
2025-05-17 16:50:00,141.53563,40.55616,62207,2025,VHF,300,2695.19355310893,8
2025-05-17 16:55:00,141.53589,40.55575,62207,2025,VHF,300,2647.1050974514383,8
2025-05-17 17:00:00,141.53593,40.5558,62207,2025,VHF,300,2648.7508571214676,8
2025-05-17 17:05:00,141.53593,40.55579,62207,2025,VHF,300,2647.9506200807755,8
2025-05-17 17:10:00,141.53591,40.55579,62207,2025,VHF,300,2649.125510448121,8
2025-05-17 17:15:00,141.53755999999998,40.55439,62207,2025,VHF,300,2440.2155966481323,8
2025-05-17 17:20:00,141.53776,40.554269999999995,62207,2025,VHF,300,2418.8595488401133,8
2025-05-17 17:25:00,141.54495999999997,40.550639999999994,62207,2025,VHF,300,1712.5304950487873,8
2025-05-17 17:30:00,141.54960999999997,40.549350000000004,62207,2025,VHF,300,1371.803120513792,8
2025-05-17 17:35:00,141.55018,40.54674,62207,2025,VHF,300,1100.5654068096674,8
2025-05-17 17:40:00,141.55013000000002,40.54677,62207,2025,VHF,300,1105.7206337703606,8
2025-05-17 17:45:00,141.55008,40.54675,62207,2025,VHF,300,1106.335138370384,8
2025-05-17 17:50:00,141.55023000000003,40.54669,62207,2025,VHF,300,1093.588728502361,8
2025-05-17 17:55:00,141.55017,40.54672,62207,2025,VHF,300,1099.2285903240765,8
2025-05-17 18:00:00,141.55110000000002,40.54626,62207,2025,VHF,300,1012.845350565329,8
2025-05-17 18:05:00,141.55107,40.54626,62207,2025,VHF,300,1014.2299245047273,8
2025-05-17 18:10:00,141.55110000000002,40.54625,62207,2025,VHF,300,1011.9137313479179,8
2025-05-17 18:15:00,141.55101000000002,40.54624,62207,2025,VHF,300,1015.1572409876361,8
2025-05-17 18:20:00,141.55106,40.54624,62207,2025,VHF,300,1012.8329644821733,8
2025-05-17 19:10:00,141.55223000000004,40.54979,62207,2025,VHF,300,1322.6896322469854,9
2025-05-17 19:15:00,141.55237000000002,40.554559999999995,62207,2025,VHF,300,1826.2108161233225,9
2025-05-17 19:20:00,141.55072,40.55663,62207,2025,VHF,300,2084.6525068826886,9
2025-05-17 19:25:00,141.54165999999998,40.5638,62207,2025,VHF,300,3106.529192171805,9
2025-05-17 19:30:00,141.53609,40.56842,62207,2025,VHF,300,3779.0090757641333,9
2025-05-17 19:35:00,141.53591,40.56891000000001,62207,2025,VHF,300,3834.047960432853,9
2025-05-17 19:40:00,141.53537,40.567370000000004,62207,2025,VHF,300,3707.895557184926,9
2025-05-17 19:45:00,141.53761,40.56531000000001,62207,2025,VHF,300,3414.820345090892,9
2025-05-17 19:50:00,141.53735,40.565650000000005,62207,2025,VHF,300,3458.5253193751673,9
2025-05-17 19:55:00,141.53689,40.566,62207,2025,VHF,300,3511.6272471980515,9
2025-05-17 20:00:00,141.53655999999998,40.566410000000005,62207,2025,VHF,300,3565.028968472723,9
2025-05-17 20:05:00,141.53628,40.56674,62207,2025,VHF,300,3608.621091722785,9
2025-05-17 20:10:00,141.54074,40.56515000000001,62207,2025,VHF,300,3275.4082161640813,9
2025-05-17 20:15:00,141.54088,40.565220000000004,62207,2025,VHF,300,3277.2620026179,9
2025-05-17 20:20:00,141.54065999999997,40.565430000000006,62207,2025,VHF,300,3306.350891761162,9
2025-05-17 20:25:00,141.54101,40.565340000000006,62207,2025,VHF,300,3284.556168223356,9
2025-05-17 20:30:00,141.54084999999998,40.565540000000006,62207,2025,VHF,300,3310.428638937728,9
2025-05-17 20:35:00,141.54056999999997,40.56586,62207,2025,VHF,300,3352.7034662429355,9
2025-05-17 20:40:00,141.54041,40.566250000000004,62207,2025,VHF,300,3397.6324071529984,9
2025-05-17 20:45:00,141.5403,40.56669,62207,2025,VHF,300,3445.7909969679326,9
2025-05-17 20:50:00,141.54019,40.56708,62207,2025,VHF,300,3488.961538415586,9
2025-05-17 20:55:00,141.54025,40.56743,62207,2025,VHF,300,3522.0967504933033,9
2025-05-17 21:00:00,141.5404,40.567710000000005,62207,2025,VHF,300,3545.1341662723144,9
2025-05-17 21:05:00,141.54124000000002,40.567510000000006,62207,2025,VHF,300,3496.089375691008,9
2025-05-17 21:10:00,141.54132,40.56799,62207,2025,VHF,300,3542.4412607534964,9
2025-05-17 21:15:00,141.54592,40.55859,62207,2025,VHF,300,2429.7745947870394,9
2025-05-17 21:20:00,141.56042000000002,40.55037,62207,2025,VHF,300,1327.9284727731551,9
2025-05-17 21:25:00,141.56023000000002,40.55034,62207,2025,VHF,300,1321.8468845795924,9
2025-05-17 21:30:00,141.57252,40.5505,62207,2025,VHF,300,1827.8814485030268,9
2025-05-17 21:35:00,141.57547,40.55094,62207,2025,VHF,300,2041.2249458360886,9
2025-05-17 21:40:00,141.57823000000002,40.551219999999994,62207,2025,VHF,300,2239.4471992203235,9
2025-05-17 21:45:00,141.58372,40.54439,62207,2025,VHF,300,2303.84151740455,9
2025-05-17 21:50:00,141.58371,40.54441,62207,2025,VHF,300,2303.647990564541,9
2025-05-17 21:55:00,141.55836000000002,40.55195,62207,2025,VHF,300,1483.1505639920367,9
2025-05-17 22:00:00,141.53192,40.56745,62207,2025,VHF,300,3871.8596259670935,9
2025-05-17 22:05:00,141.54261,40.56561000000001,62207,2025,VHF,300,3256.4755317123254,9
2025-05-17 22:10:00,141.54239,40.566230000000004,62207,2025,VHF,300,3327.1515054607753,9
2025-05-17 22:15:00,141.54209,40.56651000000001,62207,2025,VHF,300,3365.677157671812,9
2025-05-17 22:20:00,141.54027,40.56259000000001,62207,2025,VHF,300,3041.1607627157296,9
2025-05-17 22:25:00,141.53966999999997,40.56051000000001,62207,2025,VHF,300,2867.680759198784,9
2025-05-17 22:30:00,141.53857,40.55771,62207,2025,VHF,300,2664.505383224966,9
2025-05-17 22:35:00,141.54023,40.556059999999995,62207,2025,VHF,300,2433.5568030656614,9
2025-05-17 22:40:00,141.53978999999998,40.556639999999994,62207,2025,VHF,300,2507.4043989686757,9
2025-05-17 22:45:00,141.53958999999998,40.5573,62207,2025,VHF,300,2576.3103142212017,9
2025-05-17 22:50:00,141.53946,40.55808,62207,2025,VHF,300,2652.95649322621,9
2025-05-17 22:55:00,141.54027,40.55572,62207,2025,VHF,300,2401.524865129771,9
2025-05-17 23:00:00,141.54024,40.55627,62207,2025,VHF,300,2451.6600913893367,9
2025-05-17 23:05:00,141.54049,40.5567,62207,2025,VHF,300,2477.5749358941193,9
2025-05-17 23:10:00,141.54068999999998,40.557289999999995,62207,2025,VHF,300,2521.3286223638843,9
2025-05-17 23:15:00,141.54094,40.55779999999999,62207,2025,VHF,300,2556.3761055627538,9
2025-05-17 23:20:00,141.54125,40.55838,62207,2025,VHF,300,2596.2087279896514,9
2025-05-17 23:25:00,141.54164999999998,40.55899,62207,2025,VHF,300,2636.214091964545,9
2025-05-17 23:30:00,141.54214000000002,40.558730000000004,62207,2025,VHF,300,2590.233006160523,9
2025-05-17 23:35:00,141.54265999999998,40.5593,62207,2025,VHF,300,2623.4976155931513,9
2025-05-17 23:40:00,141.54315999999997,40.55981,62207,2025,VHF,300,2653.448860832912,9
2025-05-17 23:45:00,141.54374999999996,40.560320000000004,62207,2025,VHF,300,2681.5846616997765,9
2025-05-17 23:50:00,141.54441,40.56082,62207,2025,VHF,300,2708.070608410242,9
2025-05-17 23:55:00,141.54515999999998,40.561370000000004,62207,2025,VHF,300,2738.745178703076,9
2025-05-18 00:00:00,141.54594,40.56183,62207,2025,VHF,300,2761.6417101811307,9
2025-05-18 00:05:00,141.54643000000002,40.56228,62207,2025,VHF,300,2794.030787881934,9
2025-05-18 00:10:00,141.54714,40.56266,62207,2025,VHF,300,2814.25454182338,9
2025-05-18 00:15:00,141.54774,40.562870000000004,62207,2025,VHF,300,2820.929742214249,9
2025-05-18 00:20:00,141.54654,40.557559999999995,62207,2025,VHF,300,2303.9276899482797,9
2025-05-18 00:25:00,141.54706,40.55787999999999,62207,2025,VHF,300,2319.1176074655937,9
2025-05-18 00:30:00,141.54764,40.55827,62207,2025,VHF,300,2340.9864902078666,9
2025-05-18 00:35:00,141.54835,40.5588,62207,2025,VHF,300,2375.4589663312768,9
2025-05-18 00:40:00,141.55364999999998,40.548120000000004,62207,2025,VHF,300,1108.2661029130034,9
2025-05-18 00:45:00,141.55384,40.548350000000006,62207,2025,VHF,300,1127.9847174385213,9
2025-05-18 00:50:00,141.55417,40.548100000000005,62207,2025,VHF,300,1093.6192839280825,9
2025-05-18 00:55:00,141.55448,40.54843,62207,2025,VHF,300,1122.5085239616235,9
2025-05-18 01:00:00,141.55493,40.54872,62207,2025,VHF,300,1145.6893679336597,9
2025-05-18 01:05:00,141.55526,40.54899,62207,2025,VHF,300,1170.029494276828,9
2025-05-18 01:10:00,141.55572,40.54932,62207,2025,VHF,300,1200.3620717917659,9
2025-05-18 17:55:00,141.55253000000002,40.54818,62207,2025,VHF,300,1146.7012021725227,10
2025-05-18 18:00:00,141.54312,40.55481999999999,62207,2025,VHF,300,2178.721302012537,10
2025-05-18 18:05:00,141.53506,40.56598,62207,2025,VHF,300,3589.6988994583744,10
2025-05-18 18:10:00,141.53483,40.56503000000001,62207,2025,VHF,300,3511.4889171357327,10
2025-05-18 18:15:00,141.53646,40.555110000000006,62207,2025,VHF,300,2562.492925701264,10
2025-05-18 18:20:00,141.53648,40.555110000000006,62207,2025,VHF,300,2561.3091008682986,10
2025-05-18 18:25:00,141.52578,40.548210000000005,62207,2025,VHF,300,2899.110927027034,10
2025-05-18 18:30:00,141.51344,40.54553000000001,62207,2025,VHF,300,3819.4528648432497,10
2025-05-18 18:35:00,141.50706,40.54213000000001,62207,2025,VHF,300,4299.698745633976,10
2025-05-18 18:40:00,141.50902,40.543110000000006,62207,2025,VHF,300,4146.055819394995,10
2025-05-18 18:45:00,141.52727000000002,40.558330000000005,62207,2025,VHF,300,3376.244627197488,10
2025-05-18 18:50:00,141.52729000000002,40.5583,62207,2025,VHF,300,3372.7949684712667,10
2025-05-18 18:55:00,141.52730000000003,40.5583,62207,2025,VHF,300,3372.1501369477214,10
2025-05-18 19:00:00,141.52722000000003,40.55832,62207,2025,VHF,300,3378.74952139845,10
2025-05-18 19:05:00,141.52846000000002,40.558679999999995,62207,2025,VHF,300,3326.0965733385547,10
2025-05-18 19:10:00,141.52810000000002,40.55865,62207,2025,VHF,300,3346.575505804672,10
2025-05-18 19:15:00,141.52812000000003,40.55867,62207,2025,VHF,300,3346.788369774905,10
2025-05-18 19:20:00,141.52809000000002,40.55875,62207,2025,VHF,300,3354.6010795164652,10
2025-05-18 19:25:00,141.52809000000002,40.55865,62207,2025,VHF,300,3347.2081117728017,10
2025-05-18 19:30:00,141.53669,40.5664,62207,2025,VHF,300,3558.5734552322715,10
2025-05-18 19:35:00,141.53938,40.56604,62207,2025,VHF,300,3415.1135538063722,10
2025-05-18 19:40:00,141.54,40.566190000000006,62207,2025,VHF,300,3406.6699179075695,10
2025-05-18 19:45:00,141.53698,40.570310000000006,62207,2025,VHF,300,3930.076191196018,10
2025-05-18 19:50:00,141.53543000000002,40.57305,62207,2025,VHF,300,4261.0063928069785,10
2025-05-18 19:55:00,141.53549999999998,40.57327,62207,2025,VHF,300,4280.35144462007,10
2025-05-18 20:00:00,141.53533000000002,40.57344,62207,2025,VHF,300,4303.626843895218,10
2025-05-18 20:05:00,141.52313,40.58065,62207,2025,VHF,300,5506.5046104146295,10
2025-05-18 20:10:00,141.52296,40.58054,62207,2025,VHF,300,5503.814774300211,10
2025-05-18 20:15:00,141.52281000000002,40.58052,62207,2025,VHF,300,5508.72120794516,10
2025-05-18 20:20:00,141.53449999999998,40.59481,62207,2025,VHF,300,6540.647421201249,10
2025-05-18 20:25:00,141.53488,40.59519000000001,62207,2025,VHF,300,6571.428440061382,10
2025-05-18 20:30:00,141.53457999999998,40.598400000000005,62207,2025,VHF,300,6920.151172965751,10
2025-05-18 20:35:00,141.53506,40.59872000000001,62207,2025,VHF,300,6942.966681824119,10
2025-05-18 20:40:00,141.53324,40.60777,62207,2025,VHF,300,7952.573642994414,10
2025-05-18 20:45:00,141.52946,40.61254,62207,2025,VHF,300,8548.863036824581,10
2025-05-18 20:50:00,141.54119,40.61225,62207,2025,VHF,300,8295.074151863684,10
2025-05-18 20:55:00,141.54164999999998,40.6126,62207,2025,VHF,300,8326.98606471712,10
2025-05-18 21:00:00,141.53645,40.61021,62207,2025,VHF,300,8150.53193827528,10
2025-05-18 21:05:00,141.53644000000003,40.61074,62207,2025,VHF,300,8208.14129199522,10
2025-05-18 21:10:00,141.54125,40.61491,62207,2025,VHF,300,8585.600002049629,10
2025-05-18 21:15:00,141.54763,40.59189,62207,2025,VHF,300,5976.900217293457,10
2025-05-18 21:20:00,141.54384,40.571479999999994,62207,2025,VHF,300,3832.0885381339403,10
2025-05-18 21:25:00,141.54450999999997,40.57147,62207,2025,VHF,300,3814.1464636884034,10
2025-05-18 21:30:00,141.54534999999998,40.57172,62207,2025,VHF,300,3820.780907112307,10
2025-05-18 21:35:00,141.54594999999998,40.57177,62207,2025,VHF,300,3812.654038859934,10
2025-05-18 21:40:00,141.54646,40.57157,62207,2025,VHF,300,3780.1911729979897,10
2025-05-18 21:45:00,141.54701,40.57121,62207,2025,VHF,300,3730.0160760767403,10
2025-05-18 21:50:00,141.54773,40.57098,62207,2025,VHF,300,3690.9381534503746,10
2025-05-18 21:55:00,141.54834000000002,40.57078,62207,2025,VHF,300,3657.8814197730894,10
2025-05-18 22:00:00,141.54714,40.56929,62207,2025,VHF,300,3520.657196946519,10
2025-05-18 22:05:00,141.54301999999998,40.56268,62207,2025,VHF,300,2944.870820881868,10
2025-05-18 22:10:00,141.54366999999996,40.562960000000004,62207,2025,VHF,300,2950.673860606783,10
2025-05-18 22:15:00,141.53375999999997,40.56785,62207,2025,VHF,300,3824.1350509395793,10
2025-05-18 22:20:00,141.5296,40.56766,62207,2025,VHF,300,4004.344466104515,10
2025-05-18 22:25:00,141.52663,40.566010000000006,62207,2025,VHF,300,4017.819663134925,10
2025-05-18 22:30:00,141.52204000000003,40.566250000000004,62207,2025,VHF,300,4300.793703814217,10
2025-05-18 22:35:00,141.52805,40.55127999999999,62207,2025,VHF,300,2871.9457802954657,10
2025-05-18 22:40:00,141.52907,40.551719999999996,62207,2025,VHF,300,2821.8410517923976,10
2025-05-18 22:45:00,141.52981,40.55216,62207,2025,VHF,300,2794.340159590394,10
2025-05-18 22:50:00,141.53113000000002,40.551759999999994,62207,2025,VHF,300,2676.306247683172,10
2025-05-18 22:55:00,141.53230000000002,40.551649999999995,62207,2025,VHF,300,2586.9640966474585,10
2025-05-18 23:00:00,141.53304999999997,40.55179,62207,2025,VHF,300,2543.4874087326007,10
2025-05-18 23:05:00,141.53384,40.551649999999995,62207,2025,VHF,300,2479.9506160389838,10
2025-05-18 23:10:00,141.5349,40.551399999999994,62207,2025,VHF,300,2391.040074205988,10
2025-05-19 13:25:00,141.51611,40.545410000000004,62207,2025,VHF,300,3595.3618895492273,11
2025-05-19 13:30:00,141.50604,40.542910000000006,62207,2025,VHF,300,4394.308071086426,11
2025-05-19 13:35:00,141.5066,40.54153,62207,2025,VHF,300,4333.0263503154865,11
2025-05-19 13:40:00,141.50708,40.54172,62207,2025,VHF,300,4294.1187979476545,11
2025-05-19 13:45:00,141.52020000000002,40.5557,62207,2025,VHF,300,3693.451257006104,11
2025-05-19 13:50:00,141.5369,40.5666,62207,2025,VHF,300,3569.078381204906,11
2025-05-19 13:55:00,141.53498,40.56492,62207,2025,VHF,300,3494.305627853644,11
2025-05-19 14:00:00,141.53492,40.564930000000004,62207,2025,VHF,300,3498.023025126565,11
2025-05-19 14:05:00,141.53493,40.564930000000004,62207,2025,VHF,300,3497.5578612141403,11
2025-05-19 14:10:00,141.53498,40.56492,62207,2025,VHF,300,3494.305627853644,11
2025-05-19 14:15:00,141.53499,40.56492,62207,2025,VHF,300,3493.8412010309785,11
2025-05-19 14:20:00,141.53491,40.56492,62207,2025,VHF,300,3497.5606324921396,11
2025-05-19 14:25:00,141.53492,40.564930000000004,62207,2025,VHF,300,3498.023025126565,11
2025-05-19 14:30:00,141.53497,40.56492,62207,2025,VHF,300,3494.770198250252,11
2025-05-19 14:35:00,141.53498,40.564930000000004,62207,2025,VHF,300,3495.234192049397,11
2025-05-19 14:40:00,141.53491,40.5649,62207,2025,VHF,300,3495.705552617116,11
2025-05-19 14:45:00,141.53493,40.5649,62207,2025,VHF,300,3494.774340246339,11
2025-05-19 14:50:00,141.53494999999998,40.564879999999995,62207,2025,VHF,300,3491.9880585730516,11
2025-05-19 14:55:00,141.53498,40.564879999999995,62207,2025,VHF,300,3490.5924336007647,11
2025-05-19 15:00:00,141.53494999999998,40.56489,62207,2025,VHF,300,3492.9158265354654,11
2025-05-19 15:05:00,141.53485999999998,40.56485,62207,2025,VHF,300,3493.403351693966,11
2025-05-19 15:10:00,141.535,40.56487,62207,2025,VHF,300,3488.7344548823853,11
2025-05-19 15:15:00,141.53494,40.5649,62207,2025,VHF,300,3494.308948980857,11
2025-05-19 15:20:00,141.5349,40.5649,62207,2025,VHF,300,3496.1713736079228,11
2025-05-19 15:25:00,141.54380999999998,40.5497,62207,2025,VHF,300,1697.900916085142,11
2025-05-19 19:10:00,141.54274,40.56606,62207,2025,VHF,300,3298.3269215255564,12
2025-05-19 19:15:00,141.54332,40.56512000000001,62207,2025,VHF,300,3183.10369161479,12
2025-05-19 19:20:00,141.52142000000003,40.56627,62207,2025,VHF,300,4339.308619035612,12
2025-05-19 19:25:00,141.51450999999997,40.564910000000005,62207,2025,VHF,300,4674.926048256853,12
2025-05-19 19:30:00,141.51502,40.56528,62207,2025,VHF,300,4667.234963263333,12
2025-05-19 19:35:00,141.51715,40.5608,62207,2025,VHF,300,4220.821201483106,12
2025-05-19 19:40:00,141.52162,40.562360000000005,62207,2025,VHF,300,4030.820782186805,12
2025-05-19 19:45:00,141.52169,40.56241000000001,62207,2025,VHF,300,4029.977945392284,12
2025-05-19 19:50:00,141.52181000000002,40.562670000000004,62207,2025,VHF,300,4041.3384756364567,12
2025-05-19 19:55:00,141.52219000000002,40.56277000000001,62207,2025,VHF,300,4024.641065625166,12
2025-05-19 20:00:00,141.52256,40.562870000000004,62207,2025,VHF,300,4008.790565077722,12
2025-05-19 20:05:00,141.52277,40.562990000000006,62207,2025,VHF,300,4004.6334754156833,12
2025-05-19 20:10:00,141.52276,40.563590000000005,62207,2025,VHF,300,4050.5880844241624,12
2025-05-19 20:15:00,141.52251,40.563750000000006,62207,2025,VHF,300,4078.1840779846075,12
2025-05-19 20:20:00,141.5239,40.56544,62207,2025,VHF,300,4126.557920159827,12
2025-05-19 20:25:00,141.54594999999998,40.55943,62207,2025,VHF,300,2514.2509573547504,12
2025-05-19 20:30:00,141.54653,40.55967999999999,62207,2025,VHF,300,2521.1185011120956,12
2025-05-19 20:35:00,141.54697,40.560030000000005,62207,2025,VHF,300,2543.800532669016,12
2025-05-19 20:40:00,141.54748,40.56046,62207,2025,VHF,300,2573.798181329117,12
2025-05-19 20:45:00,141.54802,40.560990000000004,62207,2025,VHF,300,2614.8027475973663,12
2025-05-19 20:50:00,141.54863,40.561510000000006,62207,2025,VHF,300,2654.498966334123,12
2025-05-19 20:55:00,141.54931,40.56198,62207,2025,VHF,300,2688.926798976408,12
2025-05-19 21:00:00,141.55009,40.56235000000001,62207,2025,VHF,300,2712.3498109744896,12
2025-05-19 21:05:00,141.55085,40.56277000000001,62207,2025,VHF,300,2743.5677207329027,12
2025-05-19 21:10:00,141.55149000000003,40.563140000000004,62207,2025,VHF,300,2773.1327758524862,12
2025-05-19 21:15:00,141.55249000000003,40.563390000000005,62207,2025,VHF,300,2785.992571836172,12
2025-05-19 21:20:00,141.55361,40.563720000000004,62207,2025,VHF,300,2809.2037655072813,12
2025-05-19 21:25:00,141.55491,40.563930000000006,62207,2025,VHF,300,2821.3246100105825,12
2025-05-19 21:30:00,141.55608,40.56429,62207,2025,VHF,300,2854.9803144353555,12
2025-05-19 21:35:00,141.55722000000003,40.56452,62207,2025,VHF,300,2877.7873626730784,12
2025-05-19 21:40:00,141.55408,40.56378,62207,2025,VHF,300,2811.314005460804,12
2025-05-19 21:45:00,141.55439,40.56367,62207,2025,VHF,300,2796.490857546454,12
2025-05-19 21:50:00,141.55538,40.56398,62207,2025,VHF,300,2823.9250195979293,12
2025-05-19 21:55:00,141.55124000000004,40.5626,62207,2025,VHF,300,2718.3655966310444,12
2025-05-19 22:00:00,141.55207000000001,40.563140000000004,62207,2025,VHF,300,2764.38088013812,12
2025-05-19 22:05:00,141.54432,40.55991,62207,2025,VHF,300,2619.625525728615,12
2025-05-19 22:10:00,141.54591,40.56528,62207,2025,VHF,300,3123.2027733294167,12
2025-05-19 22:15:00,141.55913,40.551089999999995,62207,2025,VHF,300,1392.286310742314,12
2025-05-19 22:20:00,141.57304,40.54732,62207,2025,VHF,300,1626.7819392793865,12
2025-05-19 22:25:00,141.58394,40.54727,62207,2025,VHF,300,2429.68577809094,12
2025-05-19 22:30:00,141.58695,40.54438,62207,2025,VHF,300,2567.4805832709835,12
2025-05-19 22:35:00,141.58878,40.54423,62207,2025,VHF,300,2713.995845468235,12
2025-05-19 22:40:00,141.59259,40.55197,62207,2025,VHF,300,3314.531578570158,12
2025-05-19 22:45:00,141.59413,40.55145999999999,62207,2025,VHF,300,3407.580665260046,12
2025-05-19 22:50:00,141.59571,40.55091,62207,2025,VHF,300,3505.320278803179,12
2025-05-19 22:55:00,141.59725,40.55025,62207,2025,VHF,300,3598.8535409095075,12
2025-05-19 23:00:00,141.59859,40.549530000000004,62207,2025,VHF,300,3677.8913375182865,12
2025-05-19 23:05:00,141.60004999999998,40.54882,62207,2025,VHF,300,3770.426241092692,12
2025-05-19 23:10:00,141.60145,40.548100000000005,62207,2025,VHF,300,3861.121935374061,12
2025-05-19 23:15:00,141.60298,40.54734,62207,2025,VHF,300,3964.5006224830618,12
2025-05-19 23:20:00,141.60437,40.54661,62207,2025,VHF,300,4060.286001671054,12
2025-05-19 23:25:00,141.60583,40.54594,62207,2025,VHF,300,4165.895540381176,12
2025-05-19 23:30:00,141.60731,40.54516,62207,2025,VHF,300,4273.3478267386345,12
2025-05-19 23:35:00,141.60879,40.54443,62207,2025,VHF,300,4384.2812938166935,12
2025-05-19 23:40:00,141.60986999999997,40.54556,62207,2025,VHF,300,4494.606933277778,12
2025-05-19 23:45:00,141.60016,40.55041,62207,2025,VHF,300,3835.9603722055745,12
2025-05-19 23:50:00,141.59437,40.55038,62207,2025,VHF,300,3377.8709659218384,12
2025-05-19 23:55:00,141.59607,40.54983,62207,2025,VHF,300,3488.8293170166226,12
2025-05-20 00:00:00,141.58601000000002,40.55179,62207,2025,VHF,300,2816.7206502707927,12
2025-05-20 00:05:00,141.55231000000003,40.56333000000001,62207,2025,VHF,300,2781.827620318388,12
2025-05-20 00:10:00,141.52802000000003,40.56645,62207,2025,VHF,300,3979.786035155207,12
2025-05-20 00:15:00,141.51654,40.56376,62207,2025,VHF,300,4460.914559364529,12
2025-05-20 00:20:00,141.51672,40.562810000000006,62207,2025,VHF,300,4383.594345706895,12
2025-05-20 00:25:00,141.52030000000002,40.55745999999999,62207,2025,VHF,300,3790.497771226531,12
2025-05-20 00:30:00,141.52056,40.55732,62207,2025,VHF,300,3763.5541810336126,12
2025-05-20 00:35:00,141.52026,40.55016,62207,2025,VHF,300,3413.677702211518,12
2025-05-20 00:40:00,141.52044000000004,40.54944,62207,2025,VHF,300,3370.2073135460573,12
2025-05-20 00:45:00,141.53402,40.54367,62207,2025,VHF,300,2075.489567633112,12
2025-05-12 20:05:00,141.5676928,40.5734784,671,2025,Gipsy,300,3965.5684200163896,1
2025-05-12 20:10:00,141.5704896,40.5989696,671,2025,Gipsy,300,6791.333627533049,1
2025-05-12 20:15:00,141.5662976,40.608288,671,2025,Gipsy,300,7772.806237273971,1
2025-05-12 20:20:00,141.5599104,40.614848,671,2025,Gipsy,300,8468.580460006802,1
2025-05-12 20:25:00,141.5577472,40.6274304,671,2025,Gipsy,300,9863.56694824494,1
2025-05-12 20:30:00,141.5512192,40.6296512,671,2025,Gipsy,300,10124.608035040224,1
2025-05-12 20:35:00,141.5510848,40.634976,671,2025,Gipsy,300,10715.692301965222,1
2025-05-12 20:40:00,141.5502784,40.64512,671,2025,Gipsy,300,11844.175524432543,1
2025-05-12 20:45:00,141.5356992,40.6524864,671,2025,Gipsy,300,12781.150645991698,1
2025-05-12 20:50:00,141.5356736,40.6528704,671,2025,Gipsy,300,12823.655924222709,1
2025-05-12 20:55:00,141.5257216,40.6488832,671,2025,Gipsy,300,12539.679448508612,1
2025-05-12 21:00:00,141.5244672,40.641792,671,2025,Gipsy,300,11796.726950081118,1
2025-05-12 21:05:00,141.525312,40.6411456,671,2025,Gipsy,300,11710.119907028702,1
2025-05-12 21:10:00,141.5258944,40.6388544,671,2025,Gipsy,300,11451.22594956703,1
2025-05-12 21:15:00,141.52528,40.6340608,671,2025,Gipsy,300,10947.364860003347,1
2025-05-12 21:20:00,141.531424,40.6370048,671,2025,Gipsy,300,11149.258472858215,1
2025-05-12 21:25:00,141.5412032,40.635872,671,2025,Gipsy,300,10889.839089665233,1
2025-05-12 21:30:00,141.532192,40.6443136,671,2025,Gipsy,300,11933.859137035031,1
2025-05-12 21:35:00,141.5077248,40.6436416,671,2025,Gipsy,300,12404.496786841886,1
2025-05-12 21:40:00,141.4860352,40.6449728,671,2025,Gipsy,300,13274.693290971672,1
2025-05-12 21:45:00,141.4848,40.6457216,671,2025,Gipsy,300,13396.498586954936,1
2025-05-12 21:50:00,141.4841024,40.6477568,671,2025,Gipsy,300,13624.387451284547,1
2025-05-12 21:55:00,141.4787136,40.652384,671,2025,Gipsy,300,14290.749516628668,1
2025-05-12 22:00:00,141.4783744,40.6607808,671,2025,Gipsy,300,15133.923874665425,1
2025-05-12 22:05:00,141.4725696,40.6662272,671,2025,Gipsy,300,15894.632749283532,1
2025-05-12 22:10:00,141.4723008,40.6666688,671,2025,Gipsy,300,15948.647059519504,1
2025-05-12 22:15:00,141.4654976,40.6747968,671,2025,Gipsy,300,17014.23260045977,1
2025-05-12 22:20:00,141.4590848,40.6838912,671,2025,Gipsy,300,18160.323834274302,1
2025-05-12 22:25:00,141.4635968,40.6856768,671,2025,Gipsy,300,18166.22718795677,1
2025-05-12 22:30:00,141.4638464,40.685792,671,2025,Gipsy,300,18168.491519078867,1
2025-05-12 22:35:00,141.4639744,40.6854912,671,2025,Gipsy,300,18133.71981505163,1
2025-05-12 22:40:00,141.4642752,40.6855488,671,2025,Gipsy,300,18128.367223177742,1
2025-05-12 22:45:00,141.464448,40.685856,671,2025,Gipsy,300,18152.716104312738,1
2025-05-12 22:50:00,141.4648256,40.6855552,671,2025,Gipsy,300,18108.76315486188,1
2025-05-12 22:55:00,141.4589184,40.68496,671,2025,Gipsy,300,18272.24727928365,1
2025-05-12 23:00:00,141.4587456,40.692032,671,2025,Gipsy,300,18980.393315455574,1
2025-05-12 23:05:00,141.46048,40.6977472,671,2025,Gipsy,300,19489.5934899907,1
2025-05-12 23:10:00,141.4542336,40.7037568,671,2025,Gipsy,300,20318.39323766394,1
2025-05-12 23:15:00,141.4492544,40.7111488,671,2025,Gipsy,300,21240.47544192693,1
2025-05-12 23:20:00,141.4490496,40.7149184,671,2025,Gipsy,300,21626.08557022111,1
2025-05-12 23:25:00,141.4480512,40.7162944,671,2025,Gipsy,300,21800.26095883187,1
2025-05-12 23:30:00,141.4499008,40.71808,671,2025,Gipsy,300,21914.31351183842,1
2025-05-12 23:35:00,141.4528896,40.7173568,671,2025,Gipsy,300,21737.03718142633,1
2025-05-12 23:40:00,141.4446976,40.7221824,671,2025,Gipsy,300,22512.541064048997,1
2025-05-12 23:45:00,141.4481984,40.7326592,671,2025,Gipsy,300,23452.474601951195,1
2025-05-12 23:50:00,141.4483712,40.7324288,671,2025,Gipsy,300,23423.203159820245,1
2025-05-12 23:55:00,141.4488192,40.73216,671,2025,Gipsy,300,23380.841313969428,1
2025-05-13 00:00:00,141.4491264,40.7320128,671,2025,Gipsy,300,23355.595855957938,1
2025-05-13 00:05:00,141.4494016,40.731872,671,2025,Gipsy,300,23332.078936855396,1
2025-05-13 00:10:00,141.4498176,40.7317184,671,2025,Gipsy,300,23302.601016792785,1
2025-05-13 00:15:00,141.4501888,40.7315456,671,2025,Gipsy,300,23272.66844837624,1
2025-05-13 00:20:00,141.4747648,40.7352064,671,2025,Gipsy,300,22928.962961507666,1
2025-05-13 00:25:00,141.47648,40.744416,671,2025,Gipsy,300,23862.51860932394,1
2025-05-13 00:30:00,141.4764672,40.7448064,671,2025,Gipsy,300,23904.34920547069,1
2025-05-13 00:35:00,141.4929152,40.7575808,671,2025,Gipsy,300,24924.442250370765,1
2025-05-13 00:40:00,141.5010432,40.7627904,671,2025,Gipsy,300,25350.45925346103,1
2025-05-13 00:45:00,141.5015744,40.7631168,671,2025,Gipsy,300,25377.62559755795,1
2025-05-13 00:50:00,141.507968,40.7760768,671,2025,Gipsy,300,26702.46001207996,1
2025-05-13 00:55:00,141.50976,40.778208,671,2025,Gipsy,300,26913.002260764693,1
2025-05-13 01:00:00,141.5112,40.7826688,671,2025,Gipsy,300,27385.109708900058,1
2025-05-13 01:05:00,141.5247616,40.7929152,671,2025,Gipsy,300,28376.57852509038,1
2025-05-13 01:10:00,141.537024,40.7921024,671,2025,Gipsy,300,28203.839377105094,1
2025-05-13 01:15:00,141.5373824,40.7716864,671,2025,Gipsy,300,25939.347339883054,1
2025-05-13 01:20:00,141.5378176,40.7716608,671,2025,Gipsy,300,25934.109924323806,1
2025-05-13 01:25:00,141.53888,40.7715584,671,2025,Gipsy,300,25917.117611000267,1
2025-05-13 01:30:00,141.5391744,40.7715712,671,2025,Gipsy,300,25917.027191011122,1
2025-05-13 01:35:00,141.538304,40.7701952,671,2025,Gipsy,300,25769.06003724806,1
2025-05-13 01:40:00,141.5390784,40.7575232,671,2025,Gipsy,300,24360.541183940466,1
2025-05-13 01:45:00,141.5385344,40.737248,671,2025,Gipsy,300,22117.46162717078,1
2025-05-13 01:50:00,141.537536,40.712896,671,2025,Gipsy,300,19428.633741368903,1
2025-05-13 01:55:00,141.5311232,40.7012672,671,2025,Gipsy,300,18201.386527747058,1
2025-05-13 02:00:00,141.52176,40.6776768,671,2025,Gipsy,300,15738.385373694433,1
2025-05-13 02:05:00,141.5094016,40.6550592,671,2025,Gipsy,300,13560.03284743195,1
2025-05-13 02:10:00,141.502496,40.6310272,671,2025,Gipsy,300,11273.628733700765,1
2025-05-13 02:15:00,141.509504,40.6056832,671,2025,Gipsy,300,8489.413201792207,1
2025-05-13 02:20:00,141.5229696,40.581408,671,2025,Gipsy,300,5585.163936887922,1
2025-05-13 02:25:00,141.5284544,40.557536,671,2025,Gipsy,300,3242.7073992287646,1
2025-05-13 02:30:00,141.5280512,40.5551168,671,2025,Gipsy,300,3102.89710355917,1
2025-05-13 02:35:00,141.5421888,40.5469376,671,2025,Gipsy,300,1600.3283703696156,1
2025-05-13 10:10:00,141.5493248,40.562976,671,2025,Gipsy,300,2795.520535488236,2
2025-05-13 10:15:00,141.531616,40.5742912,671,2025,Gipsy,300,4532.892235373775,2
2025-05-13 10:20:00,141.5281216,40.5725696,671,2025,Gipsy,300,4523.177047762965,2
2025-05-13 10:25:00,141.5270144,40.5582912,671,2025,Gipsy,300,3389.971475178695,2
2025-05-13 10:30:00,141.5240128,40.5569664,671,2025,Gipsy,300,3500.398213894591,2
2025-05-13 10:35:00,141.5151488,40.5463168,671,2025,Gipsy,300,3697.0030464836927,2
2025-05-13 10:40:00,141.5105216,40.5449664,671,2025,Gipsy,300,4050.5648814100514,2
2025-05-13 10:45:00,141.5095424,40.5439872,671,2025,Gipsy,300,4115.112187755053,2
2025-05-13 10:50:00,141.5093696,40.5441024,671,2025,Gipsy,300,4131.463398490759,2
2025-05-13 10:55:00,141.512672,40.5454656,671,2025,Gipsy,300,3881.796288131682,2
2025-05-13 11:00:00,141.5128,40.54544,671,2025,Gipsy,300,3870.606545308625,2
2025-05-13 11:05:00,141.5127936,40.5454528,671,2025,Gipsy,300,3871.4167289999305,2
2025-05-13 11:10:00,141.5128128,40.5453824,671,2025,Gipsy,300,3868.2955597581245,2
2025-05-13 11:15:00,141.5126272,40.5453888,671,2025,Gipsy,300,3883.8570893265405,2
2025-05-13 11:20:00,141.506016,40.5426048,671,2025,Gipsy,300,4392.784056936753,2
2025-05-13 11:25:00,141.5079552,40.542944,671,2025,Gipsy,300,4233.48521413512,2
2025-05-13 11:30:00,141.5080256,40.5431296,671,2025,Gipsy,300,4229.952081964269,2
2025-05-13 11:35:00,141.5081344,40.5430144,671,2025,Gipsy,300,4219.300617763888,2
2025-05-13 11:40:00,141.5098048,40.5456064,671,2025,Gipsy,300,4123.159134214569,2
2025-05-13 11:45:00,141.531744,40.5434496,671,2025,Gipsy,300,2255.7382788695586,2
2025-05-14 08:50:00,141.5436416,40.5542912,671,2025,Gipsy,300,2105.3204301425008,3
2025-05-14 08:55:00,141.5271616,40.5697408,671,2025,Gipsy,300,4312.9252218560905,3
2025-05-14 09:00:00,141.5165504,40.564736,671,2025,Gipsy,300,4528.869687690499,3
2025-05-14 09:05:00,141.5083392,40.5441216,671,2025,Gipsy,300,4218.124872613232,3
2025-05-14 09:10:00,141.5075968,40.5434176,671,2025,Gipsy,300,4269.898273958194,3
2025-05-14 09:15:00,141.5076864,40.5434304,671,2025,Gipsy,300,4262.5454742751435,3
2025-05-14 09:20:00,141.507744,40.5433856,671,2025,Gipsy,300,4257.082886147499,3
2025-05-14 09:25:00,141.50784,40.543488,671,2025,Gipsy,300,4250.445808371263,3
2025-05-14 09:30:00,141.5081664,40.5429888,671,2025,Gipsy,300,4216.279731842018,3
2025-05-14 09:35:00,141.5078656,40.5433984,671,2025,Gipsy,300,4247.039432184241,3
2025-05-14 09:40:00,141.5084352,40.542016,671,2025,Gipsy,300,4182.531410054356,3
2025-05-14 09:45:00,141.5079616,40.5432,671,2025,Gipsy,300,4236.2676838444395,3
2025-05-14 09:50:00,141.5076032,40.543968,671,2025,Gipsy,300,4277.421693110646,3
2025-05-14 09:55:00,141.5080576,40.5429824,671,2025,Gipsy,300,4225.353806246295,3
2025-05-14 10:00:00,141.5085568,40.543616,671,2025,Gipsy,300,4192.083036514538,3
2025-05-14 10:05:00,141.5156864,40.5566656,671,2025,Gipsy,300,4077.8580088482704,3
2025-05-14 10:10:00,141.5057664,40.5643584,671,2025,Gipsy,300,5239.854534201653,3
2025-05-14 10:15:00,141.502976,40.559552,671,2025,Gipsy,300,5178.929329298387,3
2025-05-14 10:20:00,141.5030976,40.5596672,671,2025,Gipsy,300,5175.4929624578635,3
2025-05-14 10:25:00,141.5172032,40.556416,671,2025,Gipsy,300,3952.551642829329,3
2025-05-14 10:30:00,141.5239936,40.556512,671,2025,Gipsy,300,3472.5917788038246,3
2025-05-14 10:35:00,141.523904,40.5566912,671,2025,Gipsy,300,3490.225721064121,3
2025-05-14 10:40:00,141.529984,40.5574144,671,2025,Gipsy,300,3136.164480863091,3
2025-05-14 10:45:00,141.53584,40.5555904,671,2025,Gipsy,300,2637.348393412359,3
2025-05-14 10:50:00,141.5358784,40.555616,671,2025,Gipsy,300,2637.1108580498644,3
2025-05-14 10:55:00,141.5359744,40.5556032,671,2025,Gipsy,300,2630.422549721043,3
2025-05-14 11:00:00,141.5503616,40.5464,671,2025,Gipsy,300,1060.828608108688,3
2025-05-14 14:05:00,141.5086272,40.5441536,671,2025,Gipsy,300,4194.5062206247385,4
2025-05-14 14:10:00,141.5045312,40.5427648,671,2025,Gipsy,300,4519.720377541768,4
2025-05-14 14:15:00,141.5099264,40.543328,671,2025,Gipsy,300,4072.8793532736454,4
2025-05-14 14:20:00,141.5099584,40.543296,671,2025,Gipsy,300,4069.7357234177352,4
2025-05-14 14:25:00,141.5102592,40.5434368,671,2025,Gipsy,300,4046.502682638457,4
2025-05-14 14:30:00,141.5104128,40.5433984,671,2025,Gipsy,300,4033.041771349257,4
2025-05-14 14:35:00,141.5097792,40.543392,671,2025,Gipsy,300,4086.1624414079674,4
2025-05-14 14:40:00,141.512928,40.5471424,671,2025,Gipsy,300,3901.4983313224207,4
2025-05-14 14:45:00,141.5195008,40.5557312,671,2025,Gipsy,300,3746.139572235971,4
2025-05-14 14:50:00,141.5256576,40.556192,671,2025,Gipsy,300,3337.088629891283,4
2025-05-14 14:55:00,141.5342848,40.5641856,671,2025,Gipsy,300,3459.684373596327,4
2025-05-14 15:00:00,141.53472,40.5628608,671,2025,Gipsy,300,3318.302717908234,4
2025-05-14 15:05:00,141.5355712,40.5627072,671,2025,Gipsy,300,3262.7060092196734,4
2025-05-14 15:10:00,141.5352448,40.5627136,671,2025,Gipsy,300,3279.17818379885,4
2025-05-14 15:15:00,141.5348928,40.562784,671,2025,Gipsy,300,3302.838762235814,4
2025-05-14 15:20:00,141.5186496,40.571584,671,2025,Gipsy,300,4929.08039080543,4
2025-05-14 15:25:00,141.5163968,40.5578624,671,2025,Gipsy,300,4093.371882790817,4
2025-05-14 15:30:00,141.5251328,40.5528512,671,2025,Gipsy,300,3172.982585145928,4
2025-05-14 15:35:00,141.5236416,40.556544,671,2025,Gipsy,300,3499.099993083589,4
2025-05-14 15:40:00,141.5257408,40.5576896,671,2025,Gipsy,300,3431.4828506758527,4
2025-05-14 15:45:00,141.5393536,40.5530496,671,2025,Gipsy,300,2227.611625038799,4
2025-05-14 15:50:00,141.5496128,40.5485888,671,2025,Gipsy,300,1298.838725141434,4
2025-05-14 15:55:00,141.54944,40.5484992,671,2025,Gipsy,300,1298.0963348866308,4
2025-05-14 16:00:00,141.5494016,40.5485376,671,2025,Gipsy,300,1303.4379443989897,4
2025-05-14 16:05:00,141.5493888,40.5485504,671,2025,Gipsy,300,1305.2185199521252,4
2025-05-14 16:10:00,141.5495488,40.5486272,671,2025,Gipsy,300,1305.3055898309037,4
2025-05-14 16:15:00,141.549344,40.5485312,671,2025,Gipsy,300,1305.4453371844502,4
2025-05-15 18:50:00,141.5407744,40.5442688,671,2025,Gipsy,300,1558.1659206641077,5
2025-05-15 18:55:00,141.518752,40.5474368,671,2025,Gipsy,300,3434.1912136732685,5
2025-05-15 19:00:00,141.5147328,40.5524544,671,2025,Gipsy,300,3943.7280448835713,5
2025-05-15 19:05:00,141.514784,40.5524992,671,2025,Gipsy,300,3941.6778905911624,5
2025-05-15 19:10:00,141.5148352,40.5525248,671,2025,Gipsy,300,3938.8010914055953,5
2025-05-15 19:15:00,141.5129216,40.5665024,671,2025,Gipsy,300,4890.720483947421,5
2025-05-15 19:20:00,141.5235392,40.5684608,671,2025,Gipsy,300,4394.900702984133,5
2025-05-15 19:25:00,141.5191552,40.5633024,671,2025,Gipsy,300,4257.542262130898,5
2025-05-15 19:30:00,141.51968,40.5633088,671,2025,Gipsy,300,4224.098164275833,5
2025-05-15 19:35:00,141.520832,40.5635584,671,2025,Gipsy,300,4168.744681415418,5
2025-05-15 19:40:00,141.5221952,40.5639424,671,2025,Gipsy,300,4112.2445810282925,5
2025-05-15 19:45:00,141.518112,40.565376,671,2025,Gipsy,300,4475.001417069592,5
2025-05-15 19:50:00,141.5165376,40.5670528,671,2025,Gipsy,300,4698.612415673513,5
2025-05-15 19:55:00,141.517184,40.5672256,671,2025,Gipsy,300,4671.257142886283,5
2025-05-15 20:00:00,141.5179328,40.567744,671,2025,Gipsy,300,4664.709745122548,5
2025-05-15 20:05:00,141.5184128,40.567744,671,2025,Gipsy,300,4635.509731366005,5
2025-05-15 20:10:00,141.5194816,40.5683968,671,2025,Gipsy,300,4622.704278573871,5
2025-05-15 20:15:00,141.5204288,40.5687232,671,2025,Gipsy,300,4593.343534704071,5
2025-05-15 20:20:00,141.5219136,40.569344,671,2025,Gipsy,300,4559.431716912236,5
2025-05-15 20:25:00,141.5205632,40.5643264,671,2025,Gipsy,300,4242.705396465774,5
2025-05-15 20:30:00,141.525856,40.5640128,671,2025,Gipsy,300,3897.5350843721144,5
2025-05-15 20:35:00,141.5267072,40.5643584,671,2025,Gipsy,300,3876.3643556106413,5
2025-05-15 20:40:00,141.527936,40.5648192,671,2025,Gipsy,300,3845.451930320423,5
2025-05-15 20:45:00,141.5290432,40.5651328,671,2025,Gipsy,300,3811.677308896917,5
2025-05-15 20:50:00,141.5344064,40.5518592,671,2025,Gipsy,300,2455.0180674332446,5
2025-05-16 16:05:00,141.5447488,40.5415424,671,2025,Gipsy,300,1136.7452740582887,6
2025-05-16 16:10:00,141.5304,40.5640896,671,2025,Gipsy,300,3649.260718005003,6
2025-05-16 16:15:00,141.5129536,40.5732736,671,2025,Gipsy,300,5396.390088855506,6
2025-05-16 16:20:00,141.4999168,40.5719296,671,2025,Gipsy,300,6129.050616326198,6
2025-05-16 16:25:00,141.5071808,40.5535232,671,2025,Gipsy,300,4581.2146919983725,6
2025-05-16 16:30:00,141.5072384,40.543104,671,2025,Gipsy,300,4295.845549576893,6
2025-05-16 16:35:00,141.5142464,40.5442496,671,2025,Gipsy,300,3726.065360601613,6
2025-05-16 16:40:00,141.510144,40.543296,671,2025,Gipsy,300,4054.1421611750393,6
2025-05-16 16:45:00,141.511968,40.5495872,671,2025,Gipsy,300,4053.604403416733,6
2025-05-16 16:50:00,141.5120768,40.5496512,671,2025,Gipsy,300,4046.9619893865515,6
2025-05-16 16:55:00,141.5119872,40.5496704,671,2025,Gipsy,300,4054.8408713778526,6
2025-05-16 17:00:00,141.5121536,40.5498368,671,2025,Gipsy,300,4047.060889908958,6
2025-05-16 17:05:00,141.5116608,40.5493248,671,2025,Gipsy,300,4069.820530924494,6
2025-05-16 17:10:00,141.5119424,40.5497152,671,2025,Gipsy,300,4059.965311571393,6
2025-05-16 17:15:00,141.5119232,40.5496832,671,2025,Gipsy,300,4060.4379216790994,6
2025-05-16 17:20:00,141.5120128,40.5496832,671,2025,Gipsy,300,4053.205016862667,6
2025-05-16 17:25:00,141.5119936,40.549664,671,2025,Gipsy,300,4054.109067685821,6
2025-05-16 17:30:00,141.5121664,40.549856,671,2025,Gipsy,300,4046.6865050125393,6
2025-05-16 17:35:00,141.5148736,40.5586368,671,2025,Gipsy,300,4248.301473275402,6
2025-05-16 17:40:00,141.5075008,40.5636096,671,2025,Gipsy,300,5071.4037246005755,6
2025-05-16 17:45:00,141.5030912,40.559616,671,2025,Gipsy,300,5173.411676504168,6
2025-05-16 17:50:00,141.5035584,40.5592768,671,2025,Gipsy,300,5121.137958286049,6
2025-05-16 17:55:00,141.5033792,40.5592704,671,2025,Gipsy,300,5134.394201853327,6
2025-05-16 18:00:00,141.5030848,40.5598336,671,2025,Gipsy,300,5184.829654912439,6
2025-05-16 18:05:00,141.5020224,40.5598528,671,2025,Gipsy,300,5266.0962823781,6
2025-05-16 18:10:00,141.5019904,40.5599744,671,2025,Gipsy,300,5274.576685141708,6
2025-05-16 18:15:00,141.5021376,40.5599296,671,2025,Gipsy,300,5261.204473414856,6
2025-05-16 18:20:00,141.5019264,40.5599488,671,2025,Gipsy,300,5278.142610132943,6
2025-05-16 18:25:00,141.5018944,40.5598976,671,2025,Gipsy,300,5278.017021025274,6
2025-05-16 18:30:00,141.5018752,40.5599552,671,2025,Gipsy,300,5282.336828916982,6
2025-05-16 18:35:00,141.5018688,40.5599104,671,2025,Gipsy,300,5280.592073025216,6
2025-05-16 18:40:00,141.5013888,40.5602048,671,2025,Gipsy,300,5331.59038619923,6
2025-05-16 18:45:00,141.5012544,40.5601856,671,2025,Gipsy,300,5340.803972617051,6
2025-05-16 18:50:00,141.501376,40.5601216,671,2025,Gipsy,300,5328.412354763666,6
2025-05-16 18:55:00,141.5013184,40.5601152,671,2025,Gipsy,300,5332.455726355472,6
2025-05-16 19:00:00,141.5013184,40.5601536,671,2025,Gipsy,300,5334.365833136406,6
2025-05-16 19:05:00,141.5013312,40.56016,671,2025,Gipsy,300,5333.715489748264,6
2025-05-16 19:10:00,141.501536,40.560608,671,2025,Gipsy,300,5340.7779663603,6
2025-05-16 19:15:00,141.5015232,40.560096,671,2025,Gipsy,300,5315.994390560457,6
2025-05-16 19:20:00,141.5062208,40.5635584,671,2025,Gipsy,300,5159.418741460904,6
2025-05-16 19:25:00,141.5061312,40.563936,671,2025,Gipsy,300,5188.423511329061,6
2025-05-16 19:30:00,141.506528,40.5632256,671,2025,Gipsy,300,5117.659749954524,6
2025-05-16 19:35:00,141.507808,40.563648,671,2025,Gipsy,300,5051.993967896289,6
2025-05-16 19:40:00,141.5088128,40.563392,671,2025,Gipsy,300,4965.350203069413,6
2025-05-16 19:45:00,141.5095296,40.5636864,671,2025,Gipsy,300,4933.305601141383,6
2025-05-16 19:50:00,141.5098496,40.5634944,671,2025,Gipsy,300,4898.9018296628,6
2025-05-16 19:55:00,141.509856,40.5630848,671,2025,Gipsy,300,4872.946897245824,6
2025-05-16 20:00:00,141.5102144,40.5627008,671,2025,Gipsy,300,4824.009633903683,6
2025-05-16 20:05:00,141.5102144,40.5630272,671,2025,Gipsy,300,4844.198515341453,6
2025-05-16 20:10:00,141.5124352,40.5604608,671,2025,Gipsy,300,4530.739089316658,6
2025-05-16 20:15:00,141.5127104,40.5603264,671,2025,Gipsy,300,4503.063315805084,6
2025-05-16 20:20:00,141.5128768,40.5600832,671,2025,Gipsy,300,4476.727411066432,6
2025-05-16 20:25:00,141.514048,40.5600448,671,2025,Gipsy,300,4390.775590785559,6
2025-05-16 20:30:00,141.5132032,40.5597056,671,2025,Gipsy,300,4431.049033173221,6
2025-05-16 20:35:00,141.5296256,40.5668096,671,2025,Gipsy,300,3927.358525505661,6
2025-05-16 20:40:00,141.5296256,40.5669248,671,2025,Gipsy,300,3937.566147415664,6
2025-05-16 20:45:00,141.5304896,40.5668224,671,2025,Gipsy,300,3884.7858604956227,6
2025-05-16 20:50:00,141.5307584,40.5671232,671,2025,Gipsy,300,3898.450478080237,6
2025-05-16 20:55:00,141.5312064,40.5672512,671,2025,Gipsy,300,3888.0596266316184,6
2025-05-16 21:00:00,141.5318656,40.5674368,671,2025,Gipsy,300,3873.238776871269,6
2025-05-16 21:05:00,141.5314688,40.5676992,671,2025,Gipsy,300,3916.2542475679898,6
2025-05-16 21:10:00,141.5321408,40.5662912,671,2025,Gipsy,300,3755.343437129887,6
2025-05-16 21:15:00,141.5320256,40.5654016,671,2025,Gipsy,300,3680.6541644169133,6
2025-05-17 13:10:00,141.540768,40.5603712,671,2025,Gipsy,300,2806.23355657145,7
2025-05-17 13:15:00,141.517568,40.5706752,671,2025,Gipsy,300,4917.309239300555,7
2025-05-17 13:20:00,141.5128128,40.5531968,671,2025,Gipsy,300,4125.643370889867,7
2025-05-17 13:25:00,141.5127936,40.5448256,671,2025,Gipsy,300,3858.3609610483722,7
2025-05-17 13:30:00,141.512608,40.5447616,671,2025,Gipsy,300,3872.572267113266,7
2025-05-17 13:35:00,141.5120704,40.5444992,671,2025,Gipsy,300,3912.436866505842,7
2025-05-17 13:40:00,141.5123136,40.5444928,671,2025,Gipsy,300,3892.006582015776,7
2025-05-17 13:45:00,141.5125568,40.544576,671,2025,Gipsy,300,3873.266235954476,7
2025-05-17 13:50:00,141.505952,40.5421248,671,2025,Gipsy,300,4393.132663975551,7
2025-05-17 13:55:00,141.5084864,40.5434496,671,2025,Gipsy,300,4195.59077816233,7
2025-05-17 14:00:00,141.5086016,40.5434112,671,2025,Gipsy,300,4185.367615560667,7
2025-05-17 14:05:00,141.5084352,40.5433664,671,2025,Gipsy,300,4198.72191315768,7
2025-05-17 14:10:00,141.5085248,40.5432832,671,2025,Gipsy,300,4190.039200374088,7
2025-05-17 14:15:00,141.5085696,40.543328,671,2025,Gipsy,300,4186.891932335339,7
2025-05-17 14:20:00,141.5087744,40.543264,671,2025,Gipsy,300,4168.793445409726,7
2025-05-17 14:25:00,141.5083968,40.5432256,671,2025,Gipsy,300,4200.015253609445,7
2025-05-17 14:30:00,141.5082944,40.543328,671,2025,Gipsy,300,4210.023296981143,7
2025-05-17 14:35:00,141.507776,40.54336,671,2025,Gipsy,300,4254.040236196711,7
2025-05-17 14:40:00,141.5087424,40.543296,671,2025,Gipsy,300,4171.924538680213,7
2025-05-17 14:45:00,141.520256,40.5371968,671,2025,Gipsy,300,3167.916105287169,7
2025-05-17 14:50:00,141.5223936,40.5372224,671,2025,Gipsy,300,2986.9049291259234,7
2025-05-18 09:20:00,141.5404672,40.5517888,671,2025,Gipsy,300,2061.5598534164096,8
2025-05-18 09:25:00,141.527168,40.5674944,671,2025,Gipsy,300,4115.347621378403,8
2025-05-18 09:30:00,141.5130432,40.5595776,671,2025,Gipsy,300,4435.08130253495,8
2025-05-18 09:35:00,141.5009536,40.5660032,671,2025,Gipsy,300,5681.505434366928,8
2025-05-18 09:40:00,141.4870016,40.578816,671,2025,Gipsy,300,7462.692185143887,8
2025-05-18 09:45:00,141.4803456,40.5856128,671,2025,Gipsy,300,8369.981460912672,8
2025-05-18 09:50:00,141.476384,40.5892672,671,2025,Gipsy,300,8885.83902043223,8
2025-05-18 09:55:00,141.4701184,40.5959808,671,2025,Gipsy,300,9771.257953060807,8
2025-05-18 10:00:00,141.462144,40.603136,671,2025,Gipsy,300,10802.233099895475,8
2025-05-18 10:05:00,141.4625152,40.6020096,671,2025,Gipsy,300,10696.035735952199,8
2025-05-18 10:10:00,141.4747392,40.5982208,671,2025,Gipsy,300,9646.890849291409,8
2025-05-18 10:15:00,141.4814464,40.5841984,671,2025,Gipsy,300,8199.462533953772,8
2025-05-18 10:20:00,141.4812032,40.5845504,671,2025,Gipsy,300,8239.80563698006,8
2025-05-18 10:25:00,141.4814784,40.5842048,671,2025,Gipsy,300,8197.769643889527,8
2025-05-18 10:30:00,141.4815104,40.5841664,671,2025,Gipsy,300,8193.006101613531,8
2025-05-18 10:35:00,141.4814528,40.5842112,671,2025,Gipsy,300,8199.913468294148,8
2025-05-18 10:40:00,141.5034304,40.56416,671,2025,Gipsy,300,5395.119832001171,8
2025-05-18 10:45:00,141.5424448,40.5502528,671,2025,Gipsy,300,1822.498125521117,8
2025-05-20 13:00:00,141.540416,40.5302016,671,2025,Gipsy,300,1729.581018206736,9
2025-05-20 13:05:00,141.541888,40.5283136,671,2025,Gipsy,300,1754.745194976676,9
2025-05-20 13:10:00,141.531936,40.5287872,671,2025,Gipsy,300,2432.6901569717465,9
2025-05-20 13:15:00,141.5215936,40.5085568,671,2025,Gipsy,300,4521.648682401706,9
2025-05-20 13:20:00,141.512896,40.4997056,671,2025,Gipsy,300,5745.749889662563,9
2025-05-20 13:25:00,141.5123264,40.4867904,671,2025,Gipsy,300,6916.040892542376,9
2025-05-20 13:30:00,141.5022848,40.4750336,671,2025,Gipsy,300,8474.613136126483,9
2025-05-20 13:35:00,141.5022848,40.4751872,671,2025,Gipsy,300,8460.40746336795,9
2025-05-20 13:40:00,141.5025664,40.4751552,671,2025,Gipsy,300,8450.166446472333,9
2025-05-20 13:45:00,141.5025024,40.4750336,671,2025,Gipsy,300,8464.422827895147,9
2025-05-20 13:50:00,141.502144,40.4758528,671,2025,Gipsy,300,8405.640120111575,9
2025-05-20 13:55:00,141.5027456,40.4751808,671,2025,Gipsy,300,8439.418054070493,9
2025-05-20 14:00:00,141.5027584,40.4750976,671,2025,Gipsy,300,8446.534216993985,9
2025-05-20 14:05:00,141.5026816,40.4751232,671,2025,Gipsy,300,8447.745686994087,9
2025-05-20 14:10:00,141.5024768,40.4751872,671,2025,Gipsy,300,8451.399470719847,9
2025-05-20 14:15:00,141.5102848,40.4873152,671,2025,Gipsy,300,6965.782943434864,9
2025-05-20 14:20:00,141.5209344,40.516608,671,2025,Gipsy,300,3952.335341363559,9
2025-05-21 05:40:00,141.5217344,40.5417728,671,2025,Gipsy,300,3058.9720596642114,10
2025-05-21 05:45:00,141.4995392,40.5404096,671,2025,Gipsy,300,4923.1329236344545,10
2025-05-21 05:50:00,141.4947072,40.5372544,671,2025,Gipsy,300,5330.6546576643605,10
2025-05-21 05:55:00,141.4883392,40.5335616,671,2025,Gipsy,300,5894.875304761669,10
2025-05-21 06:00:00,141.48848,40.5328128,671,2025,Gipsy,300,5891.531936458966,10
2025-05-21 06:05:00,141.4640512,40.5250496,671,2025,Gipsy,300,8068.121659558905,10
2025-05-21 06:10:00,141.4490304,40.5314816,671,2025,Gipsy,300,9232.633142548179,10
2025-05-21 06:15:00,141.437376,40.5261632,671,2025,Gipsy,300,10279.763599913673,10
2025-05-21 06:20:00,141.4373312,40.525856,671,2025,Gipsy,300,10288.187052216981,10
2025-05-21 06:25:00,141.4372096,40.5258752,671,2025,Gipsy,300,10298.097599309582,10
2025-05-21 06:30:00,141.4372864,40.5259968,671,2025,Gipsy,300,10289.796920089433,10
2025-05-21 06:35:00,141.437536,40.5263488,671,2025,Gipsy,300,10263.56301513849,10
2025-05-21 06:40:00,141.4471872,40.5276672,671,2025,Gipsy,300,9433.634846823898,10
2025-05-21 06:45:00,141.4526912,40.5315968,671,2025,Gipsy,300,8922.524678176438,10
2025-05-21 06:50:00,141.4623744,40.5328576,671,2025,Gipsy,300,8093.253231598312,10
2025-05-21 06:55:00,141.4630016,40.5326208,671,2025,Gipsy,300,8042.426244181415,10
2025-05-21 07:00:00,141.496096,40.536384,671,2025,Gipsy,300,5216.754791700344,10
2025-05-21 07:05:00,141.5207552,40.5385536,671,2025,Gipsy,300,3121.729468446698,10
2025-05-21 12:55:00,141.5217664,40.5289408,671,2025,Gipsy,300,3220.3900491949616,11
2025-05-21 13:00:00,141.4803136,40.5225792,671,2025,Gipsy,300,6786.207101379009,11
2025-05-21 13:05:00,141.4623104,40.518112,671,2025,Gipsy,300,8388.93396435659,11
2025-05-21 13:10:00,141.4621184,40.517568,671,2025,Gipsy,300,8421.182995327135,11
2025-05-21 13:15:00,141.4623936,40.5177472,671,2025,Gipsy,300,8393.25872517898,11
2025-05-21 13:20:00,141.4622848,40.5178624,671,2025,Gipsy,300,8398.595761698783,11
2025-05-21 13:25:00,141.4622464,40.5180096,671,2025,Gipsy,300,8397.249464319966,11
2025-05-21 13:30:00,141.4622784,40.517984,671,2025,Gipsy,300,8395.417017457368,11
2025-05-21 13:35:00,141.4619968,40.5178752,671,2025,Gipsy,300,8421.676120002097,11
2025-05-21 13:40:00,141.4572416,40.515168,671,2025,Gipsy,300,8893.389713840412,11
2025-05-21 13:45:00,141.4574016,40.5149632,671,2025,Gipsy,300,8887.130923996316,11
2025-05-21 13:50:00,141.4574272,40.5151296,671,2025,Gipsy,300,8879.60610879142,11
2025-05-21 13:55:00,141.4573696,40.5155136,671,2025,Gipsy,300,8871.829888878354,11
2025-05-21 14:00:00,141.4621248,40.5179392,671,2025,Gipsy,300,8409.297991760724,11
2025-05-21 14:05:00,141.4620224,40.5177088,671,2025,Gipsy,300,8424.67015849263,11
2025-05-21 14:10:00,141.4622016,40.5179392,671,2025,Gipsy,300,8403.037770832465,11
2025-05-21 14:15:00,141.4621248,40.5175616,671,2025,Gipsy,300,8420.859560415536,11
2025-05-21 14:20:00,141.4621632,40.517408,671,2025,Gipsy,300,8422.493620327283,11
2025-05-21 14:25:00,141.4637184,40.5179072,671,2025,Gipsy,300,8280.464005774025,11
2025-05-21 14:30:00,141.4815104,40.523392,671,2025,Gipsy,300,6664.919020626981,11
2025-05-21 14:35:00,141.4832256,40.5244224,671,2025,Gipsy,300,6495.707832261447,11
2025-05-21 14:40:00,141.5141632,40.5342656,671,2025,Gipsy,300,3711.739297561067,11
2025-05-21 19:25:00,141.5321088,40.5555456,671,2025,Gipsy,300,2863.931924978519,12
2025-05-21 19:30:00,141.500032,40.5675136,671,2025,Gipsy,300,5838.051970009828,12
2025-05-21 19:35:00,141.4897856,40.5720512,671,2025,Gipsy,300,6840.0880905563,12
2025-05-21 19:40:00,141.5078016,40.576032,671,2025,Gipsy,300,5921.423465907393,12
2025-05-21 19:45:00,141.5296704,40.5896384,671,2025,Gipsy,300,6140.803680676128,12
2025-05-21 19:50:00,141.5516224,40.6058176,671,2025,Gipsy,300,7480.695158874195,12
2025-05-21 19:55:00,141.5703104,40.6117696,671,2025,Gipsy,300,8195.419455370526,12
2025-05-21 20:00:00,141.586272,40.6175616,671,2025,Gipsy,300,9097.476032951976,12
2025-05-21 20:05:00,141.5998016,40.6227456,671,2025,Gipsy,300,10003.127225250879,12
2025-05-21 20:10:00,141.6041728,40.630368,671,2025,Gipsy,300,10925.928699042512,12
2025-05-21 20:15:00,141.613664,40.6354816,671,2025,Gipsy,300,11758.016923093823,12
2025-05-21 20:20:00,141.627168,40.6393216,671,2025,Gipsy,300,12639.769945646263,12
2025-05-21 20:25:00,141.629344,40.6400896,671,2025,Gipsy,300,12801.635260814868,12
2025-05-21 20:30:00,141.6380096,40.6382976,671,2025,Gipsy,300,12995.624471619098,12
2025-05-21 20:35:00,141.645728,40.634368,671,2025,Gipsy,300,12990.026787136385,12
2025-05-21 20:40:00,141.6534592,40.6297856,671,2025,Gipsy,300,12975.988356371625,12
2025-05-21 20:45:00,141.6631168,40.6249344,671,2025,Gipsy,300,13103.528174823405,12
2025-05-21 20:50:00,141.6697472,40.6201152,671,2025,Gipsy,300,13117.912148814134,12
2025-05-21 20:55:00,141.6763712,40.6144448,671,2025,Gipsy,300,13116.813611517278,12
2025-05-21 21:00:00,141.68224,40.6160192,671,2025,Gipsy,300,13611.196747063996,12
2025-05-21 21:05:00,141.6874368,40.6132608,671,2025,Gipsy,300,13768.723685899899,12
2025-05-21 21:10:00,141.6983424,40.6058496,671,2025,Gipsy,300,14063.44787432634,12
2025-05-21 21:15:00,141.7026112,40.6040064,671,2025,Gipsy,300,14265.903634266504,12
2025-05-21 21:20:00,141.70272,40.60336,671,2025,Gipsy,300,14237.498160519503,12
2025-05-21 21:25:00,141.703232,40.602592,671,2025,Gipsy,300,14232.226979851395,12
2025-05-21 21:30:00,141.7038208,40.6018816,671,2025,Gipsy,300,14236.406219332885,12
2025-05-21 21:35:00,141.7048576,40.6011776,671,2025,Gipsy,300,14274.669925480672,12
2025-05-21 21:40:00,141.7056896,40.600448,671,2025,Gipsy,300,14297.222946944268,12
2025-05-21 21:45:00,141.7152192,40.5943232,671,2025,Gipsy,300,14711.832712716123,12
2025-05-21 21:50:00,141.7258816,40.5920256,671,2025,Gipsy,300,15436.066850729747,12
2025-05-21 21:55:00,141.7315328,40.582528,671,2025,Gipsy,300,15516.820415017914,12
2025-05-21 22:00:00,141.7335616,40.5811968,671,2025,Gipsy,300,15634.817573460154,12
2025-05-21 22:05:00,141.7329984,40.5802816,671,2025,Gipsy,300,15558.926037255724,12
2025-05-21 22:10:00,141.7316416,40.5791808,671,2025,Gipsy,300,15413.193132357444,12
2025-05-21 22:15:00,141.7327936,40.5721088,671,2025,Gipsy,300,15297.566208810827,12
2025-05-21 22:20:00,141.7262208,40.5558656,671,2025,Gipsy,300,14411.32467282885,12
2025-05-21 22:25:00,141.7216064,40.5434304,671,2025,Gipsy,300,13904.043782146311,12
2025-05-21 22:30:00,141.72544,40.532064,671,2025,Gipsy,300,14238.234715966722,12
2025-05-21 22:35:00,141.71424,40.5161152,671,2025,Gipsy,300,13505.300267617991,12
2025-05-21 22:40:00,141.6940224,40.4929536,671,2025,Gipsy,300,12623.865646975857,12
2025-05-21 22:45:00,141.6698816,40.4814464,671,2025,Gipsy,300,11438.775928989004,12
2025-05-21 22:50:00,141.6462976,40.4867456,671,2025,Gipsy,300,9469.410380343554,12
2025-05-21 22:55:00,141.640352,40.4898048,671,2025,Gipsy,300,8862.761443078412,12
2025-05-21 23:00:00,141.6318912,40.494944,671,2025,Gipsy,300,7946.250146095361,12
2025-05-21 23:05:00,141.6317952,40.4954176,671,2025,Gipsy,300,7907.783585721316,12
2025-05-21 23:10:00,141.6188032,40.5099008,671,2025,Gipsy,300,6087.242489083618,12
2025-05-21 23:15:00,141.5994048,40.5218752,671,2025,Gipsy,300,3999.5531279825136,12
2025-05-21 23:20:00,141.5835008,40.539744,671,2025,Gipsy,300,2197.6475642179976,12
2025-05-22 01:50:00,141.5646848,40.5633472,671,2025,Gipsy,300,2812.091327296952,13
2025-05-22 01:55:00,141.5571264,40.5844288,671,2025,Gipsy,300,5088.551037144196,13
2025-05-22 02:00:00,141.5570304,40.6062656,671,2025,Gipsy,300,7513.438742615949,13
2025-05-22 02:05:00,141.5562304,40.6261952,671,2025,Gipsy,300,9727.088823314274,13
2025-05-22 02:10:00,141.5649984,40.6415744,671,2025,Gipsy,300,11451.331725999473,13
2025-05-22 02:15:00,141.5709056,40.653376,671,2025,Gipsy,300,12794.385175171516,13
2025-05-22 02:20:00,141.5707584,40.6644672,671,2025,Gipsy,300,14020.67066006353,13
2025-05-22 02:25:00,141.5798976,40.6801792,671,2025,Gipsy,300,15833.983549320186,13
2025-05-22 02:30:00,141.592704,40.6961088,671,2025,Gipsy,300,17740.53014806239,13
2025-05-22 02:35:00,141.5937792,40.7110272,671,2025,Gipsy,300,19389.894267834443,13
2025-05-22 02:40:00,141.585856,40.7197568,671,2025,Gipsy,300,20257.704277530756,13
2025-05-22 02:45:00,141.5832256,40.7188096,671,2025,Gipsy,300,20128.076945430585,13
2025-05-22 02:50:00,141.5814272,40.7173696,671,2025,Gipsy,300,19953.162660830723,13
2025-05-22 02:55:00,141.581152,40.7168832,671,2025,Gipsy,300,19897.08149950141,13
2025-05-22 03:00:00,141.5814592,40.7161856,671,2025,Gipsy,300,19822.63567664211,13
2025-05-22 03:05:00,141.5715136,40.6875712,671,2025,Gipsy,300,16583.865287405813,13
2025-05-22 03:10:00,141.565088,40.6545728,671,2025,Gipsy,300,12893.216835799934,13
2025-05-22 03:15:00,141.5596992,40.6226176,671,2025,Gipsy,300,9330.801856006945,13
2025-05-22 03:20:00,141.558592,40.5887296,671,2025,Gipsy,300,5566.607209759427,13
2025-05-22 03:25:00,141.55776,40.556672,671,2025,Gipsy,300,2006.1639411316698,13
2025-05-22 12:50:00,141.531232,40.5595712,671,2025,Gipsy,300,3226.404909473397,14
2025-05-22 12:55:00,141.5054464,40.5773696,671,2025,Gipsy,300,6167.82680038896,14
2025-05-22 13:00:00,141.4783424,40.5934528,671,2025,Gipsy,300,9063.492958497072,14
2025-05-22 13:05:00,141.4739328,40.6108416,671,2025,Gipsy,300,10702.142261573606,14
2025-05-22 13:10:00,141.4619264,40.6260288,671,2025,Gipsy,300,12643.564365951897,14
2025-05-22 13:15:00,141.4630528,40.647424,671,2025,Gipsy,300,14494.055523028417,14
2025-05-22 13:20:00,141.4611712,40.6647232,671,2025,Gipsy,300,16209.639787003623,14
2025-05-22 13:25:00,141.4542272,40.6817216,671,2025,Gipsy,300,18141.323678926485,14
2025-05-22 13:30:00,141.4440576,40.6857472,671,2025,Gipsy,300,18955.483145997874,14
2025-05-22 13:35:00,141.4497856,40.676864,671,2025,Gipsy,300,17859.936277426095,14
2025-05-22 13:40:00,141.4556736,40.6390848,671,2025,Gipsy,300,14105.089392661106,14
2025-05-22 13:45:00,141.4621632,40.6082816,671,2025,Gipsy,300,11188.050234662624,14
2025-05-22 13:50:00,141.4622976,40.6032256,671,2025,Gipsy,300,10799.108410405963,14
2025-05-22 13:55:00,141.4622464,40.6032,671,2025,Gipsy,300,10800.461775292779,14
2025-05-22 14:00:00,141.462272,40.603264,671,2025,Gipsy,300,10803.560252094992,14
2025-05-22 14:05:00,141.4704,40.5956224,671,2025,Gipsy,300,9727.253312921943,14
2025-05-22 14:10:00,141.4911424,40.5678848,671,2025,Gipsy,300,6500.714355438237,14
2025-05-22 14:15:00,141.5268736,40.5527872,671,2025,Gipsy,300,3042.354564394485,14
2025-05-22 20:05:00,141.5649216,40.5465856,671,2025,Gipsy,300,1081.4347516885357,15
2025-05-22 20:10:00,141.6004736,40.5655104,671,2025,Gipsy,300,4702.282131810388,15
2025-05-22 20:15:00,141.634496,40.5851968,671,2025,Gipsy,300,8317.06764711349,15
2025-05-22 20:20:00,141.6689664,40.6055552,671,2025,Gipsy,300,12008.052490527169,15
2025-05-22 20:25:00,141.6831744,40.61776,671,2025,Gipsy,300,13794.880632896755,15
2025-05-22 20:30:00,141.6913408,40.6314304,671,2025,Gipsy,300,15311.580285762431,15
2025-05-22 20:35:00,141.6997504,40.6337152,671,2025,Gipsy,300,16011.35512028892,15
2025-05-22 20:40:00,141.7068992,40.630816,671,2025,Gipsy,300,16266.720095910629,15
2025-05-22 20:45:00,141.7114368,40.6261184,671,2025,Gipsy,300,16250.10684195415,15
2025-05-22 20:50:00,141.7091328,40.6121152,671,2025,Gipsy,300,15206.991186899122,15
2025-05-22 20:55:00,141.7120192,40.6018048,671,2025,Gipsy,300,14840.118435747328,15
2025-05-22 21:00:00,141.7138176,40.5930496,671,2025,Gipsy,300,14544.993457174656,15
2025-05-22 21:05:00,141.7165888,40.5825792,671,2025,Gipsy,300,14322.798238116098,15
2025-05-22 21:10:00,141.7165568,40.5759936,671,2025,Gipsy,300,14088.301504723986,15
2025-05-22 21:15:00,141.7119424,40.5661696,671,2025,Gipsy,300,13426.348507807621,15
2025-05-22 21:20:00,141.6920512,40.555808,671,2025,Gipsy,300,11547.950226372952,15
2025-05-22 21:25:00,141.6721216,40.5450816,671,2025,Gipsy,300,9728.053872225973,15
2025-05-22 21:30:00,141.6376256,40.5351232,671,2025,Gipsy,300,6790.637007148539,15
2025-05-22 21:35:00,141.5979328,40.5347968,671,2025,Gipsy,300,3442.880666795847,15
2025-05-23 03:25:00,141.5634752,40.5472576,671,2025,Gipsy,300,1081.8454457845512,16
2025-05-23 03:30:00,141.5765568,40.5758144,671,2025,Gipsy,300,4432.689099322031,16
2025-05-23 03:35:00,141.5710592,40.6010496,671,2025,Gipsy,300,7027.063804740176,16
2025-05-23 03:40:00,141.569024,40.626976,671,2025,Gipsy,300,9860.623006144511,16
2025-05-23 03:45:00,141.5823168,40.6500928,671,2025,Gipsy,300,12555.656316895067,16
2025-05-23 03:50:00,141.5686208,40.6583936,671,2025,Gipsy,300,13334.580978548258,16
2025-05-23 03:55:00,141.5628416,40.6722048,671,2025,Gipsy,300,14842.252092124309,16
2025-05-23 04:00:00,141.5569728,40.686752,671,2025,Gipsy,300,16451.1485398329,16
2025-05-23 04:05:00,141.5510848,40.6999872,671,2025,Gipsy,300,17929.290251704053,16
2025-05-23 04:10:00,141.5475776,40.7217408,671,2025,Gipsy,300,20354.185673707645,16
2025-05-23 04:15:00,141.5598912,40.7147968,671,2025,Gipsy,300,19566.342356660538,16
2025-05-23 04:20:00,141.54848,40.6928448,671,2025,Gipsy,300,17145.044894074417,16
2025-05-23 04:25:00,141.5264832,40.671808,671,2025,Gipsy,300,15024.230203895304,16
2025-05-23 04:30:00,141.5066432,40.6516544,671,2025,Gipsy,300,13274.01339875063,16
2025-05-23 04:35:00,141.4895488,40.6311872,671,2025,Gipsy,300,11785.11098208969,16
2025-05-23 04:40:00,141.4729664,40.6207232,671,2025,Gipsy,300,11597.5276288476,16
2025-05-23 04:45:00,141.4633408,40.6036672,671,2025,Gipsy,300,10766.080442581178,16
2025-05-23 04:50:00,141.4620096,40.6026112,671,2025,Gipsy,300,10772.23603802692,16
2025-05-23 04:55:00,141.4624832,40.6027776,671,2025,Gipsy,300,10754.360146160025,16
2025-05-23 05:00:00,141.4623232,40.6026816,671,2025,Gipsy,300,10757.461533637053,16
2025-05-23 05:05:00,141.4736192,40.598112,671,2025,Gipsy,300,9707.873341069626,16
2025-05-23 05:10:00,141.5028416,40.5776384,671,2025,Gipsy,300,6348.03921835834,16
2025-05-23 05:15:00,141.5242048,40.5608064,671,2025,Gipsy,300,3752.4163109626825,16
2025-05-14 12:15:00,141.5390656,40.5466368,675,2025,Gipsy,300,1805.9208923136296,1
2025-05-14 12:20:00,141.510112,40.5447488,675,2025,Gipsy,300,4080.6350021700796,1
2025-05-14 12:25:00,141.5115136,40.5449984,675,2025,Gipsy,300,3968.474982880905,1
2025-05-14 12:30:00,141.5126912,40.5447872,675,2025,Gipsy,300,3866.137775991168,1
2025-05-14 12:35:00,141.5125824,40.5456832,675,2025,Gipsy,300,3894.0378818434447,1
2025-05-14 12:40:00,141.5122496,40.5447104,675,2025,Gipsy,300,3901.470835133058,1
2025-05-14 12:45:00,141.50656,40.5420736,675,2025,Gipsy,300,4341.325002318038,1
2025-05-14 12:50:00,141.507104,40.5421248,675,2025,Gipsy,300,4295.934289913624,1
2025-05-14 12:55:00,141.5096064,40.5428608,675,2025,Gipsy,300,4093.4667214219157,1
2025-05-14 13:00:00,141.508736,40.5431296,675,2025,Gipsy,300,4170.201577416346,1
2025-05-14 13:05:00,141.508672,40.5431488,675,2025,Gipsy,300,4175.840422675981,1
2025-05-14 13:10:00,141.5086912,40.5432896,675,2025,Gipsy,300,4176.139747880024,1
2025-05-14 13:15:00,141.5083776,40.542688,675,2025,Gipsy,300,4194.776401101455,1
2025-05-14 13:20:00,141.5089792,40.5432832,675,2025,Gipsy,300,4151.843758575875,1
2025-05-14 13:25:00,141.513408,40.54896,675,2025,Gipsy,300,3916.4473287900837,1
2025-05-14 13:30:00,141.5113216,40.5576128,675,2025,Gipsy,300,4452.408069940921,1
2025-05-14 13:35:00,141.5113472,40.5575744,675,2025,Gipsy,300,4448.4791623714145,1
2025-05-14 13:40:00,141.5114368,40.5577216,675,2025,Gipsy,300,4449.566399564124,1
2025-05-14 13:45:00,141.5114624,40.557568,675,2025,Gipsy,300,4439.549559896282,1
2025-05-14 13:50:00,141.5115456,40.557472,675,2025,Gipsy,300,4428.295543208933,1
2025-05-14 13:55:00,141.5122496,40.557536,675,2025,Gipsy,300,4379.25328108109,1
2025-05-14 14:00:00,141.5182272,40.5561344,675,2025,Gipsy,300,3861.8439164070082,1
2025-05-14 14:05:00,141.518464,40.556224,675,2025,Gipsy,300,3849.577446751512,1
2025-05-14 14:10:00,141.5187584,40.5563392,675,2025,Gipsy,300,3834.6718131984735,1
2025-05-14 14:15:00,141.5185408,40.5562816,675,2025,Gipsy,300,3847.234065676648,1
2025-05-14 14:20:00,141.51888,40.5559552,675,2025,Gipsy,300,3804.072986657982,1
2025-05-14 14:25:00,141.5207616,40.5561472,675,2025,Gipsy,300,3678.7661911192235,1
2025-05-14 14:30:00,141.5194816,40.555808,675,2025,Gipsy,300,3751.8741225019207,1
2025-05-14 14:35:00,141.5194752,40.555648,675,2025,Gipsy,300,3743.330651193253,1
2025-05-14 14:40:00,141.5200128,40.5557824,675,2025,Gipsy,300,3711.755117898476,1
2025-05-14 14:45:00,141.5199488,40.555712,675,2025,Gipsy,300,3712.4023277555784,1
2025-05-14 14:50:00,141.5238528,40.557184,675,2025,Gipsy,300,3525.505019739347,1
2025-05-14 14:55:00,141.5255616,40.5571392,675,2025,Gipsy,300,3406.1709145739774,1
2025-05-14 15:00:00,141.5246464,40.5572352,675,2025,Gipsy,300,3474.5958919922946,1
2025-05-14 15:05:00,141.5242048,40.556992,675,2025,Gipsy,300,3488.85311852785,1
2025-05-14 15:10:00,141.5246976,40.5573184,675,2025,Gipsy,300,3476.624894079602,1
2025-05-14 15:15:00,141.5247296,40.5572736,675,2025,Gipsy,300,3471.4798860340866,1
2025-05-14 15:20:00,141.5243968,40.5570496,675,2025,Gipsy,300,3479.437982091651,1
2025-05-14 15:25:00,141.524576,40.5572224,675,2025,Gipsy,300,3478.5443449332993,1
2025-05-14 15:30:00,141.5244672,40.5570432,675,2025,Gipsy,300,3474.20010740027,1
2025-05-14 15:35:00,141.524608,40.5572288,675,2025,Gipsy,300,3476.787227265734,1
2025-05-14 15:40:00,141.5128448,40.5453952,675,2025,Gipsy,300,3865.913076607173,1
2025-05-14 15:45:00,141.5070848,40.5423296,675,2025,Gipsy,300,4299.6749259032395,1
2025-05-14 15:50:00,141.505888,40.5423936,675,2025,Gipsy,300,4401.276277639055,1
2025-05-14 15:55:00,141.5098176,40.5432,675,2025,Gipsy,300,4080.222370021353,1
2025-05-14 16:00:00,141.5101312,40.5432,675,2025,Gipsy,300,4053.8651599065734,1
2025-05-14 16:05:00,141.5114624,40.5473984,675,2025,Gipsy,300,4028.83502400302,1
2025-05-14 16:10:00,141.5117568,40.5578048,675,2025,Gipsy,300,4430.198742349991,1
2025-05-14 16:15:00,141.5115392,40.5577536,675,2025,Gipsy,300,4443.643325855517,1
2025-05-14 16:20:00,141.5113728,40.557664,675,2025,Gipsy,300,4451.288725089417,1
2025-05-14 16:25:00,141.5120832,40.557536,675,2025,Gipsy,300,4391.623801567653,1
2025-05-14 16:30:00,141.511712,40.557088,675,2025,Gipsy,300,4395.822795473483,1
2025-05-14 16:35:00,141.5119488,40.5573888,675,2025,Gipsy,300,4393.843917436029,1
2025-05-14 16:40:00,141.5119296,40.5574656,675,2025,Gipsy,300,4399.326888653477,1
2025-05-14 16:45:00,141.512096,40.5575808,675,2025,Gipsy,300,4393.054631775877,1
2025-05-14 16:50:00,141.5121984,40.5576192,675,2025,Gipsy,300,4387.49479246751,1
2025-05-14 16:55:00,141.5140224,40.5578816,675,2025,Gipsy,300,4267.238768108764,1
2025-05-14 17:00:00,141.5121152,40.5574528,675,2025,Gipsy,300,4384.828985398216,1
2025-05-14 17:05:00,141.5189504,40.5556352,675,2025,Gipsy,300,3781.042484549174,1
2025-05-14 17:10:00,141.5191296,40.5557248,675,2025,Gipsy,300,3772.9065144054475,1
2025-05-14 17:15:00,141.5190016,40.555648,675,2025,Gipsy,300,3777.9989059695426,1
2025-05-14 17:20:00,141.5190976,40.5555776,675,2025,Gipsy,300,3767.0472131613365,1
2025-05-14 17:25:00,141.5201536,40.5549696,675,2025,Gipsy,300,3655.8552693892834,1
2025-05-14 17:30:00,141.5250368,40.55728,675,2025,Gipsy,300,3451.0682593793,1
2025-05-14 17:35:00,141.5254336,40.5575424,675,2025,Gipsy,300,3441.979437102212,1
2025-05-14 17:40:00,141.5255616,40.5576448,675,2025,Gipsy,300,3440.3761480072244,1
2025-05-14 17:45:00,141.5255744,40.5576256,675,2025,Gipsy,300,3438.21104920362,1
2025-05-14 17:50:00,141.52576,40.5575232,675,2025,Gipsy,300,3418.821962278147,1
2025-05-14 17:55:00,141.525632,40.5576384,675,2025,Gipsy,300,3435.236357445339,1
2025-05-14 18:00:00,141.5257536,40.557664,675,2025,Gipsy,300,3428.875263135046,1
2025-05-14 18:05:00,141.5254016,40.5576128,675,2025,Gipsy,300,3448.903196262468,1
2025-05-14 18:10:00,141.5257984,40.5576384,675,2025,Gipsy,300,3424.135279546332,1
2025-05-14 18:15:00,141.5263872,40.5578496,675,2025,Gipsy,300,3399.7222983769084,1
2025-05-14 18:20:00,141.5269824,40.558272,675,2025,Gipsy,300,3390.6704515838105,1
2025-05-14 18:25:00,141.5268736,40.5581952,675,2025,Gipsy,300,3392.25184293045,1
2025-05-14 18:30:00,141.5270144,40.5582912,675,2025,Gipsy,300,3389.971475178695,1
2025-05-14 18:35:00,141.5270784,40.5583296,675,2025,Gipsy,300,3388.583622732875,1
2025-05-14 18:40:00,141.5271744,40.5582784,675,2025,Gipsy,300,3378.7047180771374,1
2025-05-14 18:45:00,141.5274112,40.5586176,675,2025,Gipsy,300,3388.007782353124,1
2025-05-14 18:50:00,141.52767360000001,40.5585728,675,2025,Gipsy,300,3367.9847125354954,1
2025-05-14 18:55:00,141.5277312,40.55872,675,2025,Gipsy,300,3375.106335600854,1
2025-05-14 19:00:00,141.527712,40.5587136,675,2025,Gipsy,300,3375.8557945808184,1
2025-05-14 19:05:00,141.5281216,40.558848,675,2025,Gipsy,300,3359.8760155514497,1
2025-05-14 19:10:00,141.52816,40.558848,675,2025,Gipsy,300,3357.4590899286463,1
2025-05-14 19:15:00,141.5305088,40.5624704,675,2025,Gipsy,300,3505.645279349332,1
2025-05-14 19:20:00,141.5304704,40.5631872,675,2025,Gipsy,300,3568.2818663720295,1
2025-05-14 19:25:00,141.5246976,40.5627712,675,2025,Gipsy,300,3869.01826595165,1
2025-05-14 19:30:00,141.5244928,40.5624512,675,2025,Gipsy,300,3857.058212726028,1
2025-05-14 19:35:00,141.5250432,40.5601344,675,2025,Gipsy,300,3649.873840460396,1
2025-05-14 19:40:00,141.5367744,40.5549888,675,2025,Gipsy,300,2534.2726274322877,1
2025-05-14 19:45:00,141.5371712,40.55504,675,2025,Gipsy,300,2515.109125733741,1
2025-05-14 19:50:00,141.5373312,40.5550464,675,2025,Gipsy,300,2506.3192661124663,1
2025-05-14 19:55:00,141.5366208,40.5549184,675,2025,Gipsy,300,2537.7630605340228,1
2025-05-14 20:00:00,141.5368064,40.555072,675,2025,Gipsy,300,2539.030626167054,1
2025-05-14 20:05:00,141.5368832,40.555008,675,2025,Gipsy,300,2529.399459910119,1
2025-05-14 20:10:00,141.5384768,40.5551168,675,2025,Gipsy,300,2446.706259853261,1
2025-05-14 20:15:00,141.5329408,40.5549056,675,2025,Gipsy,300,2764.1263635763657,1
2025-05-14 20:20:00,141.5369216,40.55504,675,2025,Gipsy,300,2529.7053261139595,1
2025-05-14 20:25:00,141.536768,40.554912,675,2025,Gipsy,300,2528.536723103879,1
2025-05-14 20:30:00,141.536864,40.5549632,675,2025,Gipsy,300,2526.9504488682655,1
2025-05-14 20:35:00,141.5368832,40.5549504,675,2025,Gipsy,300,2524.7981752466685,1
2025-05-14 20:40:00,141.5368768,40.5549888,675,2025,Gipsy,300,2528.2412794731617,1
2025-05-14 20:45:00,141.5368896,40.555008,675,2025,Gipsy,300,2529.02329985961,1
2025-05-14 20:50:00,141.5368896,40.5550272,675,2025,Gipsy,300,2530.559022970952,1
2025-05-14 20:55:00,141.5371968,40.5549568,675,2025,Gipsy,300,2506.918610942903,1
2025-05-14 21:00:00,141.5371776,40.5548672,675,2025,Gipsy,300,2500.8476680480708,1
2025-05-14 21:05:00,141.5371456,40.5548032,675,2025,Gipsy,300,2497.601651988833,1
2025-05-14 21:10:00,141.5371072,40.5548544,675,2025,Gipsy,300,2503.952956665168,1
2025-05-14 21:15:00,141.5371008,40.5548224,675,2025,Gipsy,300,2501.7702535113212,1
2025-05-14 21:20:00,141.53744,40.5546816,675,2025,Gipsy,300,2470.5904819304064,1
2025-05-14 21:25:00,141.5372736,40.5547264,675,2025,Gipsy,300,2483.9384627940917,1
2025-05-14 21:30:00,141.5373248,40.5547328,675,2025,Gipsy,300,2481.4463369260643,1
2025-05-14 21:35:00,141.5372672,40.554656,675,2025,Gipsy,300,2478.6879505558627,1
2025-05-14 21:40:00,141.5389696,40.5536512,675,2025,Gipsy,300,2298.394635229431,1
2025-05-14 21:45:00,141.544896,40.536672,675,2025,Gipsy,300,1097.7668992722477,1
2025-05-14 21:50:00,141.5451968,40.5377472,675,2025,Gipsy,300,1055.3774415514122,1
2025-05-14 21:55:00,141.5449088,40.5368256,675,2025,Gipsy,300,1093.4897599489955,1
2025-05-14 22:00:00,141.544832,40.5366848,675,2025,Gipsy,300,1102.8087414355507,1
2025-05-14 22:05:00,141.5450112,40.5366336,675,2025,Gipsy,300,1089.047371014103,1
2025-05-14 22:10:00,141.5450176,40.536832,675,2025,Gipsy,300,1084.296011891878,1
2025-05-14 22:15:00,141.5448512,40.5367104,675,2025,Gipsy,300,1100.6654328472464,1
2025-05-14 22:20:00,141.5449536,40.5367616,675,2025,Gipsy,300,1091.0694373723177,1
2025-05-14 22:25:00,141.5449344,40.5367488,675,2025,Gipsy,300,1092.9346336102833,1
2025-05-14 22:30:00,141.5449024,40.5367808,675,2025,Gipsy,300,1094.933436820859,1
2025-05-14 22:35:00,141.544928,40.536736,675,2025,Gipsy,300,1093.7362034339174,1
2025-05-14 22:40:00,141.5449472,40.5367232,675,2025,Gipsy,300,1092.4104827692993,1
2025-05-14 22:45:00,141.5449792,40.536736,675,2025,Gipsy,300,1089.4777462622774,1
2025-05-14 22:50:00,141.5449408,40.5367488,675,2025,Gipsy,300,1092.4021710052439,1
2025-05-14 22:55:00,141.5449792,40.5367104,675,2025,Gipsy,300,1090.0234036062507,1
2025-05-14 23:00:00,141.5449728,40.5367744,675,2025,Gipsy,300,1089.2053317838372,1
2025-05-14 23:05:00,141.5449856,40.5369088,675,2025,Gipsy,300,1085.4480674250815,1
2025-05-14 23:10:00,141.5448448,40.536832,675,2025,Gipsy,300,1098.6952040738927,1
2025-05-14 23:15:00,141.5449792,40.5367296,675,2025,Gipsy,300,1089.6134909094596,1
2025-05-15 05:20:00,141.5494592,40.5477184,675,2025,Gipsy,300,1224.675269535403,2
2025-05-15 05:25:00,141.5358144,40.5561344,675,2025,Gipsy,300,2682.3667603653244,2
2025-05-15 05:30:00,141.5349824,40.5578368,675,2025,Gipsy,300,2869.107298381517,2
2025-05-15 05:35:00,141.5304064,40.5581632,675,2025,Gipsy,300,3166.0029095156488,2
2025-05-15 05:40:00,141.5090048,40.5521472,675,2025,Gipsy,300,4382.804715299109,2
2025-05-15 05:45:00,141.5056064,40.5546624,675,2025,Gipsy,300,4751.775823398934,2
2025-05-15 05:50:00,141.5018176,40.5603712,675,2025,Gipsy,300,5307.560042169542,2
2025-05-15 05:55:00,141.501664,40.560736,675,2025,Gipsy,300,5337.663955337237,2
2025-05-15 06:00:00,141.501856,40.5604096,675,2025,Gipsy,300,5306.607348130181,2
2025-05-15 06:05:00,141.501888,40.5605056,675,2025,Gipsy,300,5309.06701565069,2
2025-05-15 06:10:00,141.5018624,40.5602048,675,2025,Gipsy,300,5295.7929034640865,2
2025-05-15 06:15:00,141.4916544,40.5691328,675,2025,Gipsy,300,6533.964813116802,2
2025-05-15 06:20:00,141.5008384,40.5608768,675,2025,Gipsy,300,5406.969141225131,2
2025-05-15 06:25:00,141.5008768,40.5610304,675,2025,Gipsy,300,5411.898735788466,2
2025-05-15 06:30:00,141.5036736,40.552736,675,2025,Gipsy,300,4830.322172849072,2
2025-05-15 06:35:00,141.510976,40.5516096,675,2025,Gipsy,300,4205.491737902961,2
2025-05-15 06:40:00,141.5088576,40.5448128,675,2025,Gipsy,300,4186.606553044786,2
2025-05-15 06:45:00,141.5106496,40.5437376,675,2025,Gipsy,300,4018.3153961683543,2
2025-05-15 06:50:00,141.50768,40.544192,675,2025,Gipsy,300,4274.510561118806,2
2025-05-15 06:55:00,141.5096,40.5434176,675,2025,Gipsy,300,4101.58367248039,2
2025-05-15 07:00:00,141.5097088,40.5431616,675,2025,Gipsy,300,4088.838761848999,2
2025-05-15 07:05:00,141.5095616,40.543136,675,2025,Gipsy,300,4100.864594071664,2
2025-05-15 07:10:00,141.5133568,40.549408,675,2025,Gipsy,300,3935.458212059099,2
2025-05-15 07:15:00,141.5145088,40.5523136,675,2025,Gipsy,300,3955.168174639168,2
2025-05-15 07:20:00,141.5144384,40.5526464,675,2025,Gipsy,300,3975.013871841894,2
2025-05-15 07:25:00,141.5222272,40.555872,675,2025,Gipsy,300,3557.4958100012304,2
2025-05-15 07:30:00,141.5221056,40.5558144,675,2025,Gipsy,300,3562.7430801831947,2
2025-05-15 07:35:00,141.5220736,40.5559296,675,2025,Gipsy,300,3571.9021637112405,2
2025-05-15 07:40:00,141.5236352,40.5566656,675,2025,Gipsy,300,3507.246995998311,2
2025-05-15 07:45:00,141.5274624,40.5582656,675,2025,Gipsy,300,3359.2073632033353,2
2025-05-15 07:50:00,141.5270336,40.5582976,675,2025,Gipsy,300,3389.186933895301,2
2025-05-15 07:55:00,141.5270912,40.5584896,675,2025,Gipsy,300,3399.2676082084126,2
2025-05-15 08:00:00,141.5269312,40.558624,675,2025,Gipsy,300,3419.265399452607,2
2025-05-15 08:05:00,141.5271488,40.558368,675,2025,Gipsy,300,3386.796304306712,2
2025-05-15 08:10:00,141.5272384,40.5585024,675,2025,Gipsy,300,3390.7226950248164,2
2025-05-15 08:15:00,141.5272128,40.5584384,675,2025,Gipsy,300,3387.7445816898653,2
2025-05-15 08:20:00,141.5272384,40.5584256,675,2025,Gipsy,300,3385.173006468343,2
2025-05-15 08:25:00,141.52736,40.5583936,675,2025,Gipsy,300,3375.0392743908815,2
2025-05-15 08:30:00,141.5272832,40.5583936,675,2025,Gipsy,300,3379.9798481242833,2
2025-05-15 08:35:00,141.5272448,40.558432,675,2025,Gipsy,300,3385.2231711818677,2
2025-05-15 08:40:00,141.5272896,40.5584064,675,2025,Gipsy,300,3380.49205803453,2
2025-05-15 08:45:00,141.5274816,40.5583744,675,2025,Gipsy,300,3365.8369521067925,2
2025-05-15 08:50:00,141.5271808,40.5584448,675,2025,Gipsy,300,3390.266432770879,2
2025-05-15 08:55:00,141.5279936,40.558144,675,2025,Gipsy,300,3316.2891890663236,2
2025-05-15 09:00:00,141.5273152,40.5583808,675,2025,Gipsy,300,3376.9963987631654,2
2025-05-15 09:05:00,141.5273344,40.5583552,675,2025,Gipsy,300,3373.9128664282257,2
2025-05-15 09:10:00,141.527488,40.5583808,675,2025,Gipsy,300,3365.8895237276593,2
2025-05-15 09:15:00,141.5275072,40.5584,675,2025,Gipsy,300,3366.0486583212887,2
2025-05-15 09:20:00,141.5277184,40.5583616,675,2025,Gipsy,300,3349.726134794232,2
2025-05-15 09:25:00,141.5275136,40.5584832,675,2025,Gipsy,300,3371.6778824790204,2
2025-05-15 09:30:00,141.5349888,40.5586112,675,2025,Gipsy,300,2933.3128916130067,2
2025-05-15 09:35:00,141.5350336,40.557696,675,2025,Gipsy,300,2854.5840799599746,2
2025-05-15 09:40:00,141.535008,40.5576384,675,2025,Gipsy,300,2851.2931668644924,2
2025-05-15 09:45:00,141.535072,40.557632,675,2025,Gipsy,300,2847.12956403126,2
2025-05-15 09:50:00,141.535008,40.5577408,675,2025,Gipsy,300,2859.7308188239585,2
2025-05-15 09:55:00,141.5350464,40.5577152,675,2025,Gipsy,300,2855.441904285481,2
2025-05-15 10:00:00,141.5349888,40.5577152,675,2025,Gipsy,300,2858.7090630062394,2
2025-05-15 10:05:00,141.5350656,40.5577408,675,2025,Gipsy,300,2856.4676080220297,2
2025-05-15 10:10:00,141.53731199999999,40.554688,675,2025,Gipsy,300,2478.610738519097,2
2025-05-15 10:15:00,141.5401408,40.5521984,675,2025,Gipsy,300,2113.3590167960383,2
2025-05-15 10:20:00,141.5414592,40.5513344,675,2025,Gipsy,300,1966.7116683802662,2
2025-05-15 10:25:00,141.5499776,40.5467456,675,2025,Gipsy,300,1110.9573570180303,2
2025-05-16 05:25:00,141.5497024,40.5469056,675,2025,Gipsy,300,1139.000440536613,3
2025-05-16 05:30:00,141.5495488,40.549376,675,2025,Gipsy,300,1376.876452708749,3
2025-05-16 05:35:00,141.5494464,40.5493504,675,2025,Gipsy,300,1378.7349435267613,3
2025-05-16 05:40:00,141.534944,40.563936,675,2025,Gipsy,300,3405.1856638433883,3
2025-05-16 05:45:00,141.5349184,40.5643968,675,2025,Gipsy,300,3448.7775590856354,3
2025-05-16 05:50:00,141.5350656,40.5644928,675,2025,Gipsy,300,3450.721222348272,3
2025-05-16 05:55:00,141.5350336,40.5643712,675,2025,Gipsy,300,3440.9867876888443,3
2025-05-16 06:00:00,141.5350848,40.5643072,675,2025,Gipsy,300,3432.6687362574507,3
2025-05-16 06:05:00,141.5350912,40.564448,675,2025,Gipsy,300,3445.3778844296903,3
2025-05-16 06:10:00,141.53504,40.5643904,675,2025,Gipsy,300,3442.4586091766755,3
2025-05-16 06:15:00,141.5350656,40.5644992,675,2025,Gipsy,300,3451.313227664659,3
2025-05-16 06:20:00,141.535104,40.5642944,675,2025,Gipsy,300,3430.583470046008,3
2025-05-16 06:25:00,141.5348608,40.563552,675,2025,Gipsy,300,3374.0703063058527,3
2025-05-16 06:30:00,141.535104,40.5643136,675,2025,Gipsy,300,3432.3563562944196,3
2025-05-16 06:35:00,141.5351232,40.5644928,675,2025,Gipsy,300,3448.0245467125496,3
2025-05-16 06:40:00,141.534976,40.5639424,675,2025,Gipsy,300,3404.2459344780414,3
2025-05-16 06:45:00,141.5351104,40.5642752,675,2025,Gipsy,300,3428.509722620478,3
2025-05-16 06:50:00,141.5352256,40.5645184,675,2025,Gipsy,300,3445.615744628972,3
2025-05-16 06:55:00,141.5351168,40.5640896,675,2025,Gipsy,300,3411.09275912068,3
2025-05-16 07:00:00,141.5355904,40.5562752,675,2025,Gipsy,300,2706.7685719646806,3
2025-05-16 07:05:00,141.535648,40.5562432,675,2025,Gipsy,300,2700.8321087871113,3
2025-05-16 07:10:00,141.535712,40.5562176,675,2025,Gipsy,300,2695.0385734914144,3
2025-05-16 07:15:00,141.535552,40.556224,675,2025,Gipsy,300,2704.8958697980415,3
2025-05-16 07:20:00,141.5355776,40.5562112,675,2025,Gipsy,300,2702.370505877549,3
2025-05-16 07:25:00,141.5355584,40.5562112,675,2025,Gipsy,300,2703.493637346028,3
2025-05-16 07:30:00,141.539232,40.5531584,675,2025,Gipsy,300,2243.4582445044425,3
2025-05-16 07:35:00,141.542816,40.5502592,675,2025,Gipsy,300,1800.991539783107,3
2025-05-16 07:40:00,141.542848,40.5502272,675,2025,Gipsy,300,1796.5532537279973,3
2025-05-16 07:45:00,141.5433408,40.549888,675,2025,Gipsy,300,1740.4594878944613,3
2025-05-16 07:50:00,141.543328,40.549984,675,2025,Gipsy,300,1748.897475945873,3
2025-05-16 07:55:00,141.543616,40.5495616,675,2025,Gipsy,300,1698.2095814975019,3
2025-05-16 08:00:00,141.5437376,40.5498048,675,2025,Gipsy,300,1710.5682597379664,3
2025-05-16 08:05:00,141.5437696,40.5497856,675,2025,Gipsy,300,1707.1570938872574,3
2025-05-16 08:10:00,141.543232,40.549824,675,2025,Gipsy,300,1741.7807479273156,3
2025-05-16 08:15:00,141.543712,40.5497408,675,2025,Gipsy,300,1706.9033912636833,3
2025-05-16 08:20:00,141.5436736,40.5497152,675,2025,Gipsy,300,1707.092364313192,3
2025-05-16 08:25:00,141.5434688,40.5494976,675,2025,Gipsy,300,1701.8758726174299,3
2025-05-16 08:30:00,141.5435264,40.5497216,675,2025,Gipsy,300,1716.2464530095217,3
2025-05-16 08:35:00,141.5436288,40.5497472,675,2025,Gipsy,300,1712.2833290136314,3
2025-05-16 08:40:00,141.5435904,40.5498624,675,2025,Gipsy,300,1723.7865261075033,3
2025-05-16 08:45:00,141.5433792,40.5498752,675,2025,Gipsy,300,1737.1788614726127,3
2025-05-16 08:50:00,141.543264,40.5499456,675,2025,Gipsy,300,1749.579395381194,3
2025-05-16 08:55:00,141.5436288,40.5496064,675,2025,Gipsy,300,1701.0218662812033,3
2025-05-16 09:00:00,141.5461824,40.5492608,675,2025,Gipsy,300,1528.3427507787965,3
2025-05-16 09:05:00,141.5459584,40.5494336,675,2025,Gipsy,300,1555.2105439401691,3
2025-05-16 09:10:00,141.5458176,40.5493504,675,2025,Gipsy,300,1555.7068766094903,3
2025-05-16 09:15:00,141.5460544,40.5492928,675,2025,Gipsy,300,1537.9697040380363,3
2025-05-16 09:20:00,141.5458944,40.5493376,675,2025,Gipsy,300,1550.4470447894973,3
2025-05-16 09:25:00,141.5465344,40.5494272,675,2025,Gipsy,300,1524.1673448827607,3
2025-05-16 09:30:00,141.546144,40.5492544,675,2025,Gipsy,300,1529.8546864282653,3
2025-05-16 09:35:00,141.5456704,40.5495424,675,2025,Gipsy,300,1580.0648453963265,3
2025-05-16 09:40:00,141.545216,40.5492224,675,2025,Gipsy,300,1578.248762486178,3
2025-05-16 09:45:00,141.545952,40.5494976,675,2025,Gipsy,300,1561.0538089956299,3
2025-05-16 09:50:00,141.5455168,40.5491328,675,2025,Gipsy,300,1553.9248388942842,3
2025-05-16 09:55:00,141.545792,40.5493696,675,2025,Gipsy,300,1558.7336489029688,3
2025-05-16 10:00:00,141.5457216,40.549312,675,2025,Gipsy,300,1557.6816661148514,3
2025-05-16 10:05:00,141.545728,40.5493248,675,2025,Gipsy,300,1558.4166522499504,3
2025-05-16 10:10:00,141.5418752,40.550944,675,2025,Gipsy,300,1911.0605962032873,3
2025-05-16 10:15:00,141.534304,40.5667904,675,2025,Gipsy,300,3699.963489399485,3
2025-05-16 10:20:00,141.5350656,40.5651776,675,2025,Gipsy,300,3514.3152983610075,3
2025-05-16 10:25:00,141.5349824,40.565088,675,2025,Gipsy,300,3509.8085512083767,3
2025-05-16 10:30:00,141.5349248,40.564896,675,2025,Gipsy,300,3494.6453623626603,3
2025-05-16 10:35:00,141.534912,40.5650304,675,2025,Gipsy,300,3507.7154975813996,3
2025-05-16 10:40:00,141.5348736,40.5647808,675,2025,Gipsy,300,3486.3598059556343,3
2025-05-16 10:45:00,141.5350272,40.5646016,675,2025,Gipsy,300,3462.5865934297917,3
2025-05-16 10:50:00,141.5258432,40.5620608,675,2025,Gipsy,300,3744.4252983119677,3
2025-05-16 10:55:00,141.523072,40.5564608,675,2025,Gipsy,300,3533.6847331541976,3
2025-05-16 11:00:00,141.5230336,40.5563648,675,2025,Gipsy,300,3530.4137936704155,3
2025-05-16 11:05:00,141.5231424,40.5565504,675,2025,Gipsy,300,3534.3483063157837,3
2025-05-16 11:10:00,141.5231744,40.5564864,675,2025,Gipsy,300,3528.106568818136,3
2025-05-16 11:15:00,141.5231616,40.5565184,675,2025,Gipsy,300,3531.0028002176014,3
2025-05-16 11:20:00,141.5231936,40.5564736,675,2025,Gipsy,300,3525.962500625791,3
2025-05-16 11:25:00,141.523168,40.5565248,675,2025,Gipsy,300,3530.955208739251,3
2025-05-16 11:30:00,141.5233088,40.556544,675,2025,Gipsy,300,3522.3137605186666,3
2025-05-16 11:35:00,141.5231808,40.5567424,675,2025,Gipsy,300,3543.731999294569,3
2025-05-16 11:40:00,141.52336,40.556832,675,2025,Gipsy,300,3536.934850170517,3
2025-05-16 11:45:00,141.5232768,40.5568512,675,2025,Gipsy,300,3543.9350749047376,3
2025-05-16 11:50:00,141.522816,40.556192,675,2025,Gipsy,300,3535.0846581674123,3
2025-05-16 11:55:00,141.5227904,40.5563456,675,2025,Gipsy,300,3546.3356072398765,3
2025-05-16 12:00:00,141.5229696,40.5564224,675,2025,Gipsy,300,3538.4829798572932,3
2025-05-16 12:05:00,141.5227776,40.556704,675,2025,Gipsy,300,3569.485460696242,3
2025-05-16 12:10:00,141.52288,40.556448,675,2025,Gipsy,300,3546.365110761935,3
2025-05-16 12:15:00,141.5224384,40.5569792,675,2025,Gipsy,300,3610.443585799454,3
2025-05-16 12:20:00,141.5232832,40.556352,675,2025,Gipsy,300,3512.098951395877,3
2025-05-16 12:25:00,141.5249408,40.5570816,675,2025,Gipsy,300,3444.4072816126804,3
2025-05-16 12:30:00,141.5128576,40.5479296,675,2025,Gipsy,300,3929.384286790808,3
2025-05-16 12:35:00,141.5111104,40.544384,675,2025,Gipsy,300,3990.5678380648287,3
2025-05-16 12:40:00,141.5107392,40.544928,675,2025,Gipsy,300,4031.6709785585213,3
2025-05-16 12:45:00,141.5078912,40.5450176,675,2025,Gipsy,300,4271.105314175235,3
2025-05-16 12:50:00,141.5068928,40.5463424,675,2025,Gipsy,300,4380.940067289047,3
2025-05-16 12:55:00,141.5088256,40.5437248,675,2025,Gipsy,300,4171.1397417988255,3
2025-05-16 13:00:00,141.5086528,40.5437312,675,2025,Gipsy,300,4185.738948702763,3
2025-05-16 13:05:00,141.5086336,40.5437248,675,2025,Gipsy,300,4187.254060516797,3
2025-05-16 13:10:00,141.5083072,40.543776,675,2025,Gipsy,300,4215.420014183698,3
2025-05-16 13:15:00,141.5083456,40.5437632,675,2025,Gipsy,300,4212.00416452881,3
2025-05-16 13:20:00,141.5081088,40.5431616,675,2025,Gipsy,300,4223.376790036487,3
2025-05-16 13:25:00,141.5071616,40.5431424,675,2025,Gipsy,300,4302.803604244082,3
2025-05-16 13:30:00,141.5057856,40.5426432,675,2025,Gipsy,300,4412.633155342638,3
2025-05-16 13:35:00,141.5078848,40.5430144,675,2025,Gipsy,300,4240.303745943922,3
2025-05-16 13:40:00,141.50784,40.5430592,675,2025,Gipsy,300,4244.648961870921,3
2025-05-16 13:45:00,141.5079936,40.5430784,675,2025,Gipsy,300,4231.97447131192,3
2025-05-16 13:50:00,141.5084736,40.5428544,675,2025,Gipsy,300,4188.726953870594,3
2025-05-16 13:55:00,141.5091904,40.5434496,675,2025,Gipsy,300,4136.449769606844,3
2025-05-16 14:00:00,141.5093376,40.543328,675,2025,Gipsy,300,4122.350164136743,3
2025-05-16 14:05:00,141.5096576,40.5432448,675,2025,Gipsy,300,4094.2925244341154,3
2025-05-16 14:10:00,141.5103232,40.5428736,675,2025,Gipsy,300,4033.3202282603434,3
2025-05-16 14:15:00,141.52528,40.5409536,675,2025,Gipsy,300,2750.7164805132534,3
2025-05-16 14:20:00,141.5361472,40.5368512,675,2025,Gipsy,300,1828.1664129674166,3
2025-05-16 14:25:00,141.5365824,40.5366528,675,2025,Gipsy,300,1794.0434555862644,3
2025-05-16 14:30:00,141.5363072,40.5367872,675,2025,Gipsy,300,1815.4668147319896,3
2025-05-16 14:35:00,141.5364736,40.5366848,675,2025,Gipsy,300,1802.7693214948447,3
2025-05-16 14:40:00,141.5366656,40.5366272,675,2025,Gipsy,300,1787.3942562517557,3
2025-05-16 14:45:00,141.5365184,40.5366272,675,2025,Gipsy,300,1799.7711356649795,3
2025-05-16 14:50:00,141.5366912,40.5366336,675,2025,Gipsy,300,1785.15446108066,3
2025-05-16 14:55:00,141.5366592,40.536608,675,2025,Gipsy,300,1788.195913197847,3
2025-05-16 15:00:00,141.5366976,40.5366592,675,2025,Gipsy,300,1784.2693201969662,3
2025-05-16 15:05:00,141.536576,40.5366848,675,2025,Gipsy,300,1794.1552236678176,3
2025-05-16 15:10:00,141.5365824,40.536608,675,2025,Gipsy,300,1794.652336304316,3
2025-05-16 15:15:00,141.5366144,40.5366208,675,2025,Gipsy,300,1791.7865010509922,3
2025-05-16 15:20:00,141.5409216,40.53648,675,2025,Gipsy,300,1432.8512037808625,3
2025-05-16 15:25:00,141.5456768,40.537152,675,2025,Gipsy,300,1023.2195644775678,3
2025-05-17 05:50:00,141.5495488,40.548352,675,2025,Gipsy,300,1279.3537417844016,4
2025-05-17 05:55:00,141.5378048,40.5542528,675,2025,Gipsy,300,2414.8494740667707,4
2025-05-17 06:00:00,141.5348608,40.559968,675,2025,Gipsy,300,3055.814966245877,4
2025-05-17 06:05:00,141.5252992,40.5576,675,2025,Gipsy,300,3454.8997413437132,4
2025-05-17 06:10:00,141.5251904,40.557632,675,2025,Gipsy,300,3464.369128398067,4
2025-05-17 06:15:00,141.5252736,40.5575808,675,2025,Gipsy,300,3455.317276480661,4
2025-05-17 06:20:00,141.5253376,40.5575552,675,2025,Gipsy,300,3449.287679096473,4
2025-05-17 06:25:00,141.5252672,40.557888,675,2025,Gipsy,300,3476.6466330737762,4
2025-05-17 06:30:00,141.5254144,40.5579392,675,2025,Gipsy,300,3470.345036846377,4
2025-05-17 06:35:00,141.525344,40.5575104,675,2025,Gipsy,300,3445.825892850991,4
2025-05-17 06:40:00,141.52544,40.55744,675,2025,Gipsy,300,3434.616033781208,4
2025-05-17 06:45:00,141.525344,40.557408,675,2025,Gipsy,300,3438.912051894911,4
2025-05-17 06:50:00,141.5253376,40.5573952,675,2025,Gipsy,300,3438.480389825949,4
2025-05-17 06:55:00,141.525248,40.5575616,675,2025,Gipsy,300,3455.7374383266774,4
2025-05-17 07:00:00,141.525216,40.5577408,675,2025,Gipsy,300,3470.0338683076952,4
2025-05-17 07:05:00,141.5268992,40.5581376,675,2025,Gipsy,300,3386.4890217189122,4
2025-05-17 07:10:00,141.5273856,40.55856,675,2025,Gipsy,300,3385.456042674787,4
2025-05-17 07:15:00,141.527424,40.558304,675,2025,Gipsy,300,3364.4503802035565,4
2025-05-17 07:20:00,141.5274112,40.5585344,675,2025,Gipsy,300,3381.9563925328166,4
2025-05-17 07:25:00,141.5274176,40.5584576,675,2025,Gipsy,300,3375.9726925638097,4
2025-05-17 07:30:00,141.527392,40.5585152,675,2025,Gipsy,300,3381.792507281575,4
2025-05-17 07:35:00,141.5277568,40.5586432,675,2025,Gipsy,300,3367.8415842622367,4
2025-05-17 07:40:00,141.5276864,40.558752,675,2025,Gipsy,300,3380.30248033205,4
2025-05-17 07:45:00,141.5221696,40.558144,675,2025,Gipsy,300,3703.4893241886666,4
2025-05-17 07:50:00,141.5192128,40.5558912,675,2025,Gipsy,300,3776.175552750738,4
2025-05-17 07:55:00,141.5143232,40.5569856,675,2025,Gipsy,300,4195.950298975598,4
2025-05-17 08:00:00,141.5034624,40.5632128,675,2025,Gipsy,300,5338.246335605732,4
2025-05-17 08:05:00,141.501664,40.56064,675,2025,Gipsy,300,5332.76743272843,4
2025-05-17 08:10:00,141.5016448,40.5606016,675,2025,Gipsy,300,5332.259172731153,4
2025-05-17 08:15:00,141.5027904,40.559776,675,2025,Gipsy,300,5204.162551594544,4
2025-05-17 08:20:00,141.5029632,40.5597184,675,2025,Gipsy,300,5188.216408695075,4
2025-05-17 08:25:00,141.5030144,40.5598272,675,2025,Gipsy,300,5189.819193696696,4
2025-05-17 08:30:00,141.5048,40.5593152,675,2025,Gipsy,300,5029.290991153062,4
2025-05-17 08:35:00,141.5125312,40.5574528,675,2025,Gipsy,300,4353.895977638956,4
2025-05-17 08:40:00,141.5124544,40.5574784,675,2025,Gipsy,300,4360.966508607444,4
2025-05-17 08:45:00,141.5126208,40.557376,675,2025,Gipsy,300,4343.144766142916,4
2025-05-17 08:50:00,141.5222592,40.5561024,675,2025,Gipsy,300,3569.0711301645424,4
2025-05-17 08:55:00,141.5221888,40.5562368,675,2025,Gipsy,300,3582.2073982591046,4
2025-05-17 09:00:00,141.522304,40.556064,675,2025,Gipsy,300,3563.567556348457,4
2025-05-17 09:05:00,141.5217856,40.556384,675,2025,Gipsy,300,3619.7436783246876,4
2025-05-17 09:10:00,141.5225664,40.555872,675,2025,Gipsy,300,3533.3266660219933,4
2025-05-17 09:15:00,141.5264384,40.5578304,675,2025,Gipsy,300,3395.009457941947,4
2025-05-17 09:20:00,141.527232,40.5584832,675,2025,Gipsy,300,3389.7455362155815,4
2025-05-17 09:25:00,141.5271552,40.5585024,675,2025,Gipsy,300,3396.071870680488,4
2025-05-17 09:30:00,141.5272256,40.558496,675,2025,Gipsy,300,3391.0824069642736,4
2025-05-17 09:35:00,141.5272448,40.5584768,675,2025,Gipsy,300,3388.4599813417117,4
2025-05-17 09:40:00,141.5273472,40.558496,675,2025,Gipsy,300,3383.2731049501094,4
2025-05-17 09:45:00,141.527424,40.5587008,675,2025,Gipsy,300,3393.256625180405,4
2025-05-17 09:50:00,141.5273344,40.5586944,675,2025,Gipsy,300,3398.5116863298936,4
2025-05-17 09:55:00,141.5192448,40.5540352,675,2025,Gipsy,300,3673.3451122805964,4
2025-05-17 10:00:00,141.5112512,40.5440512,675,2025,Gipsy,300,3973.013279761968,4
2025-05-17 10:05:00,141.5111936,40.5439296,675,2025,Gipsy,300,3975.8095511302445,4
2025-05-17 10:10:00,141.506912,40.5421696,675,2025,Gipsy,300,4312.584968711217,4
2025-05-17 10:15:00,141.5084544,40.5428288,675,2025,Gipsy,300,4190.024873262029,4
2025-05-17 10:20:00,141.5074048,40.54336,675,2025,Gipsy,300,4285.245595020179,4
2025-05-17 10:25:00,141.5080768,40.5429248,675,2025,Gipsy,300,4223.008709855748,4
2025-05-17 10:30:00,141.5079936,40.5429376,675,2025,Gipsy,300,4230.172579056442,4
2025-05-17 10:35:00,141.5083072,40.5428672,675,2025,Gipsy,300,4202.89377657957,4
2025-05-17 10:40:00,141.5086464,40.5427712,675,2025,Gipsy,300,4173.1499216050015,4
2025-05-17 10:45:00,141.5085056,40.5428288,675,2025,Gipsy,300,4185.714662988181,4
2025-05-17 10:50:00,141.5084864,40.5428416,675,2025,Gipsy,300,4187.489996237916,4
2025-05-17 10:55:00,141.5084608,40.5428544,675,2025,Gipsy,300,4189.804427657981,4
2025-05-17 11:00:00,141.5085376,40.5429696,675,2025,Gipsy,300,4184.797962112648,4
2025-05-17 11:05:00,141.5084672,40.542816,675,2025,Gipsy,300,4188.7888423598715,4
2025-05-17 11:10:00,141.5085184,40.5428736,675,2025,Gipsy,300,4185.196103245583,4
2025-05-17 11:15:00,141.5083904,40.5432384,675,2025,Gipsy,300,4200.726797352382,4
2025-05-17 11:20:00,141.50768,40.543072,675,2025,Gipsy,300,4258.2764738297465,4
2025-05-17 11:25:00,141.5063616,40.5429888,675,2025,Gipsy,300,4368.189582316995,4
2025-05-17 11:30:00,141.5064256,40.5422144,675,2025,Gipsy,300,4354.072629759247,4
2025-05-17 11:35:00,141.5075328,40.5422528,675,2025,Gipsy,300,4261.082749352013,4
2025-05-17 11:40:00,141.5082496,40.5428416,675,2025,Gipsy,300,4207.42452874753,4
2025-05-17 11:45:00,141.5081984,40.5428224,675,2025,Gipsy,300,4211.497896816614,4
2025-05-17 11:50:00,141.5083584,40.5428416,675,2025,Gipsy,300,4198.265269769286,4
2025-05-17 11:55:00,141.5085504,40.5429376,675,2025,Gipsy,300,4183.311819475013,4
2025-05-17 12:00:00,141.5087104,40.5426432,675,2025,Gipsy,300,4166.212052480638,4
2025-05-17 12:05:00,141.5086208,40.542976,675,2025,Gipsy,300,4177.879330260901,4
2025-05-17 12:10:00,141.5085504,40.5429376,675,2025,Gipsy,300,4183.311819475013,4
2025-05-17 12:15:00,141.5084608,40.5430976,675,2025,Gipsy,300,4192.923520909861,4
2025-05-17 12:20:00,141.508608,40.5429504,675,2025,Gipsy,300,4178.628011996796,4
2025-05-17 12:25:00,141.5115584,40.5434624,675,2025,Gipsy,300,3937.825448078469,4
2025-05-17 12:30:00,141.5114816,40.5435776,675,2025,Gipsy,300,3946.036447381334,4
2025-05-17 12:35:00,141.5110976,40.5439616,675,2025,Gipsy,300,3984.3799489857997,4
2025-05-17 12:40:00,141.51136,40.5436608,675,2025,Gipsy,300,3957.5342390033525,4
2025-05-17 12:45:00,141.5113728,40.5437696,675,2025,Gipsy,300,3958.1897583387135,4
2025-05-17 12:50:00,141.5113088,40.5439104,675,2025,Gipsy,300,3965.8423724692875,4
2025-05-17 12:55:00,141.5114048,40.543808,675,2025,Gipsy,300,3956.126712939991,4
2025-05-17 13:00:00,141.5115328,40.5436672,675,2025,Gipsy,300,3943.1448914344014,4
2025-05-17 13:05:00,141.5114752,40.5437056,675,2025,Gipsy,300,3948.582932234229,4
2025-05-17 13:10:00,141.5141376,40.5469824,675,2025,Gipsy,300,3797.7941656130592,4
2025-05-17 13:15:00,141.5224832,40.5561472,675,2025,Gipsy,300,3555.8911229768405,4
2025-05-17 13:20:00,141.522432,40.5561984,675,2025,Gipsy,300,3562.633859603063,4
2025-05-17 13:25:00,141.5224384,40.5561408,675,2025,Gipsy,300,3558.677863928616,4
2025-05-17 13:30:00,141.5223872,40.5559488,675,2025,Gipsy,300,3550.703639359481,4
2025-05-17 13:35:00,141.5224576,40.556224,675,2025,Gipsy,300,3562.3805212661014,4
2025-05-17 13:40:00,141.5225024,40.5561024,675,2025,Gipsy,300,3551.8076697839024,4
2025-05-17 13:45:00,141.5235776,40.5566272,675,2025,Gipsy,300,3508.817981636935,4
2025-05-17 13:50:00,141.52352,40.5567808,675,2025,Gipsy,300,3522.5687171914115,4
2025-05-17 13:55:00,141.5234496,40.5566336,675,2025,Gipsy,300,3518.1340089316245,4
2025-05-17 14:00:00,141.523584,40.5567296,675,2025,Gipsy,300,3514.8692305982254,4
2025-05-17 14:05:00,141.5235328,40.5566976,675,2025,Gipsy,300,3516.3950661394338,4
2025-05-17 14:10:00,141.523552,40.5566848,675,2025,Gipsy,300,3514.2484165759565,4
2025-05-17 14:15:00,141.5235008,40.556704,675,2025,Gipsy,300,3519.0258284224474,4
2025-05-17 14:20:00,141.5235072,40.5566656,675,2025,Gipsy,300,3516.1477257539077,4
2025-05-17 14:25:00,141.5236544,40.556672,675,2025,Gipsy,300,3506.319286202087,4
2025-05-17 14:30:00,141.5236672,40.5566784,675,2025,Gipsy,300,3505.8367389508976,4
2025-05-17 14:35:00,141.5236032,40.5566464,675,2025,Gipsy,300,3508.253603886276,4
2025-05-17 14:40:00,141.5236544,40.5567296,675,2025,Gipsy,300,3509.9817519535754,4
2025-05-17 14:45:00,141.5236928,40.5566272,675,2025,Gipsy,300,3500.8066780826357,4
2025-05-17 14:50:00,141.5235904,40.5568256,675,2025,Gipsy,300,3520.538533977897,4
2025-05-17 14:55:00,141.5235008,40.5566592,675,2025,Gipsy,300,3516.1879242087634,4
2025-05-17 15:00:00,141.523616,40.5566592,675,2025,Gipsy,300,3508.17535868588,4
2025-05-17 15:05:00,141.5236992,40.5566976,675,2025,Gipsy,300,3504.83579375361,4
2025-05-17 15:10:00,141.5237376,40.5566336,675,2025,Gipsy,300,3498.1001138401466,4
2025-05-17 15:15:00,141.523552,40.5566784,675,2025,Gipsy,300,3513.842590474684,4
2025-05-17 15:20:00,141.5256256,40.5575296,675,2025,Gipsy,300,3428.2466966966654,4
2025-05-17 15:25:00,141.5368832,40.5547392,675,2025,Gipsy,300,2507.994137703125,4
2025-05-17 15:30:00,141.5371648,40.554656,675,2025,Gipsy,300,2484.7241640211328,4
2025-05-17 15:35:00,141.5371712,40.5546816,675,2025,Gipsy,300,2486.3863782296667,4
2025-05-17 15:40:00,141.5372096,40.5546944,675,2025,Gipsy,300,2485.144681324579,4
2025-05-17 15:45:00,141.5372288,40.55472,675,2025,Gipsy,300,2486.0594632473935,4
2025-05-17 15:50:00,141.537152,40.554688,675,2025,Gipsy,300,2488.028791563984,4
2025-05-17 15:55:00,141.5371584,40.554656,675,2025,Gipsy,300,2485.1019458421756,4
2025-05-17 16:00:00,141.5372736,40.5545728,675,2025,Gipsy,300,2471.676174979609,4
2025-05-17 16:05:00,141.5372992,40.5545792,675,2025,Gipsy,300,2470.675872046282,4
2025-05-17 16:10:00,141.5373824,40.5545408,675,2025,Gipsy,300,2462.7096091215935,4
2025-05-17 16:15:00,141.5373888,40.5544896,675,2025,Gipsy,300,2458.25052369106,4
2025-05-17 16:20:00,141.5373696,40.5544768,675,2025,Gipsy,300,2458.364662672054,4
2025-05-17 16:25:00,141.5372992,40.5544832,675,2025,Gipsy,300,2463.0347320424944,4
2025-05-17 16:30:00,141.5373888,40.5544768,675,2025,Gipsy,300,2457.231008320726,4
2025-05-17 16:35:00,141.5369408,40.5545856,675,2025,Gipsy,300,2492.41153540456,4
2025-05-17 16:40:00,141.5373888,40.5544384,675,2025,Gipsy,300,2454.1748603648657,4
2025-05-17 16:45:00,141.5374784,40.5544704,675,2025,Gipsy,300,2451.4372488095737,4
2025-05-17 16:50:00,141.5375168,40.5544128,675,2025,Gipsy,300,2444.5802057546907,4
2025-05-17 16:55:00,141.5374784,40.5543744,675,2025,Gipsy,300,2443.7886424078297,4
2025-05-17 17:00:00,141.5375168,40.554464,675,2025,Gipsy,300,2448.6652440299304,4
2025-05-17 17:05:00,141.5375552,40.554464,675,2025,Gipsy,300,2446.406081001193,4
2025-05-17 17:10:00,141.5374912,40.5543616,675,2025,Gipsy,300,2442.01396701844,4
2025-05-17 17:15:00,141.5374848,40.5543872,675,2025,Gipsy,300,2444.4291545141436,4
2025-05-17 17:20:00,141.537472,40.5543616,675,2025,Gipsy,300,2443.148909760369,4
2025-05-17 17:25:00,141.5375424,40.554464,675,2025,Gipsy,300,2447.1588866612174,4
2025-05-17 17:30:00,141.5375232,40.5543936,675,2025,Gipsy,300,2442.6724177814867,4
2025-05-17 17:35:00,141.5374848,40.554336,675,2025,Gipsy,300,2440.3568958619544,4
2025-05-17 17:40:00,141.5376576,40.5543232,675,2025,Gipsy,300,2429.1359786043868,4
2025-05-17 17:45:00,141.5374592,40.5542912,675,2025,Gipsy,300,2438.31606977191,4
2025-05-17 17:50:00,141.5372032,40.5544384,675,2025,Gipsy,300,2465.170221879658,4
2025-05-17 17:55:00,141.5376192,40.5543104,675,2025,Gipsy,300,2430.379613365186,4
2025-05-17 18:00:00,141.5374976,40.5543744,675,2025,Gipsy,300,2442.6543581020505,4
2025-05-17 18:05:00,141.5376256,40.5542592,675,2025,Gipsy,300,2425.9255350760304,4
2025-05-17 18:10:00,141.5381888,40.554016,675,2025,Gipsy,300,2373.346697684034,4
2025-05-17 18:15:00,141.5387776,40.5533376,675,2025,Gipsy,300,2284.533379614868,4
2025-05-17 18:20:00,141.5386816,40.5533504,675,2025,Gipsy,300,2291.232750793214,4
2025-05-17 18:25:00,141.5387136,40.5533184,675,2025,Gipsy,300,2286.7975673290543,4
2025-05-17 18:30:00,141.538272,40.5534464,675,2025,Gipsy,300,2323.186782512267,4
2025-05-17 18:35:00,141.5402752,40.5521536,675,2025,Gipsy,300,2101.8425277326533,4
2025-05-17 18:40:00,141.540512,40.5521664,675,2025,Gipsy,300,2088.9072983943465,4
2025-05-17 18:45:00,141.5406656,40.5518912,675,2025,Gipsy,300,2057.8960229040804,4
2025-05-17 18:50:00,141.54064,40.5519104,675,2025,Gipsy,300,2060.9362576785693,4
2025-05-17 18:55:00,141.541088,40.5516928,675,2025,Gipsy,300,2017.1826595468847,4
2025-05-17 19:00:00,141.541536,40.5510912,675,2025,Gipsy,300,1942.8323341246542,4
2025-05-17 19:05:00,141.5415424,40.5510144,675,2025,Gipsy,300,1936.3753868685176,4
2025-05-17 19:10:00,141.5441536,40.5493824,675,2025,Gipsy,300,1652.2864927848968,4
2025-05-17 19:15:00,141.5441728,40.5495552,675,2025,Gipsy,300,1665.1233717059563,4
2025-05-17 19:20:00,141.544192,40.5494144,675,2025,Gipsy,300,1652.6237429696996,4
2025-05-17 19:25:00,141.5443456,40.549472,675,2025,Gipsy,300,1648.3818480872467,4
2025-05-17 19:30:00,141.5442496,40.5493568,675,2025,Gipsy,300,1644.6247992526964,4
2025-05-17 19:35:00,141.5417472,40.5362368,675,2025,Gipsy,300,1368.8465871532092,4
2025-05-17 19:40:00,141.541696,40.5363136,675,2025,Gipsy,300,1371.4942811738154,4
2025-05-17 19:45:00,141.541728,40.5362816,675,2025,Gipsy,300,1369.496080905831,4
2025-05-17 19:50:00,141.5417728,40.5363904,675,2025,Gipsy,300,1363.535882411727,4
2025-05-17 19:55:00,141.541728,40.5363456,675,2025,Gipsy,300,1368.1736850132909,4
2025-05-17 20:00:00,141.5418816,40.5363584,675,2025,Gipsy,300,1355.1209622991455,4
2025-05-17 20:05:00,141.541792,40.5363968,675,2025,Gipsy,300,1361.807703543956,4
2025-05-17 20:10:00,141.5416704,40.536224,675,2025,Gipsy,300,1375.5051469107052,4
2025-05-17 20:15:00,141.541568,40.536192,675,2025,Gipsy,300,1384.7034925100038,4
2025-05-17 20:20:00,141.5417984,40.5363008,675,2025,Gipsy,300,1363.236944985326,4
2025-05-17 20:25:00,141.5417664,40.536224,675,2025,Gipsy,300,1367.524680273265,4
2025-05-17 20:30:00,141.5416064,40.5362816,675,2025,Gipsy,300,1379.6148132012408,4
2025-05-17 20:35:00,141.542016,40.5363712,675,2025,Gipsy,300,1343.6675923584014,4
2025-05-17 20:40:00,141.5420288,40.536288,675,2025,Gipsy,300,1344.3411634427414,4
2025-05-17 20:45:00,141.541696,40.5362688,675,2025,Gipsy,300,1372.4268706195796,4
2025-05-19 03:10:00,141.5514496,40.5477632,675,2025,Gipsy,300,1142.6723674454136,5
2025-05-19 03:15:00,141.5479232,40.5535104,675,2025,Gipsy,300,1847.0313317955165,5
2025-05-19 03:20:00,141.545664,40.5560384,675,2025,Gipsy,300,2184.028413542788,5
2025-05-19 03:25:00,141.5377088,40.5701312,675,2025,Gipsy,300,3885.133129389957,5
2025-05-19 03:30:00,141.5367872,40.5721856,675,2025,Gipsy,300,4124.634675392492,5
2025-05-19 03:35:00,141.5184896,40.573568,675,2025,Gipsy,300,5103.650789706435,5
2025-05-19 03:40:00,141.4998208,40.573184,675,2025,Gipsy,300,6220.501612849253,5
2025-05-19 03:45:00,141.4986304,40.571808,675,2025,Gipsy,300,6208.230369323171,5
2025-05-19 03:50:00,141.4973184,40.5694016,675,2025,Gipsy,300,6145.444349257134,5
2025-05-19 03:55:00,141.5056576,40.5608448,675,2025,Gipsy,300,5045.674261995054,5
2025-05-19 04:00:00,141.5063936,40.561024,675,2025,Gipsy,300,5001.271748681697,5
2025-05-19 04:05:00,141.5069376,40.5611712,675,2025,Gipsy,300,4969.576769311607,5
2025-05-19 04:10:00,141.5081344,40.558528,675,2025,Gipsy,300,4738.43270714092,5
2025-05-19 04:15:00,141.5095808,40.5598976,675,2025,Gipsy,300,4704.961021533349,5
2025-05-19 04:20:00,141.5222144,40.556096,675,2025,Gipsy,300,3571.868741206601,5
2025-05-19 04:25:00,141.5225728,40.5560832,675,2025,Gipsy,300,3545.649904121546,5
2025-05-19 04:30:00,141.522496,40.5561664,675,2025,Gipsy,300,3556.1523467945685,5
2025-05-19 04:35:00,141.522976,40.5561344,675,2025,Gipsy,300,3520.255383751632,5
2025-05-19 04:40:00,141.5223488,40.556192,675,2025,Gipsy,300,3568.140760541528,5
2025-05-19 04:45:00,141.5220352,40.5561088,675,2025,Gipsy,300,3585.387955309437,5
2025-05-19 04:50:00,141.5224704,40.5560704,675,2025,Gipsy,300,3552.136459834469,5
2025-05-19 04:55:00,141.522144,40.5562048,675,2025,Gipsy,300,3583.447489002906,5
2025-05-19 05:00:00,141.5224192,40.5561216,675,2025,Gipsy,300,3558.874010454599,5
2025-05-19 05:05:00,141.5224384,40.55616,675,2025,Gipsy,300,3559.8445188935593,5
2025-05-19 05:10:00,141.5265088,40.5578688,675,2025,Gipsy,300,3393.0605257780576,5
2025-05-19 05:15:00,141.5352192,40.5585792,675,2025,Gipsy,300,2917.903643104455,5
2025-05-19 05:20:00,141.5350656,40.558336,675,2025,Gipsy,300,2905.9624906987797,5
2025-05-19 05:25:00,141.5351808,40.5586432,675,2025,Gipsy,300,2925.419454497453,5
2025-05-19 05:30:00,141.5350464,40.5583744,675,2025,Gipsy,300,2910.245880447541,5
2025-05-19 05:35:00,141.5351104,40.558432,675,2025,Gipsy,300,2911.522458314349,5
2025-05-19 05:40:00,141.5350528,40.5582784,675,2025,Gipsy,300,2901.8573549821544,5
2025-05-19 05:45:00,141.5350784,40.5584128,675,2025,Gipsy,300,2911.686307889106,5
2025-05-19 05:50:00,141.535104,40.5583808,675,2025,Gipsy,300,2907.58149734219,5
2025-05-19 05:55:00,141.5351872,40.5585728,675,2025,Gipsy,300,2919.1259573110697,5
2025-05-19 06:00:00,141.5350848,40.5584768,675,2025,Gipsy,300,2916.7032770543356,5
2025-05-19 06:05:00,141.5349888,40.5580288,675,2025,Gipsy,300,2884.649510498505,5
2025-05-19 06:10:00,141.5333952,40.5641152,675,2025,Gipsy,300,3496.913987426466,5
2025-05-19 06:15:00,141.5268672,40.5581696,675,2025,Gipsy,300,3390.846251350953,5
2025-05-19 06:20:00,141.5228672,40.5565184,675,2025,Gipsy,300,3551.6354241785134,5
2025-05-19 06:25:00,141.5227712,40.5559872,675,2025,Gipsy,300,3525.751651939746,5
2025-05-19 06:30:00,141.521632,40.5558144,675,2025,Gipsy,300,3596.6666680560306,5
2025-05-19 06:35:00,141.5163776,40.5565632,675,2025,Gipsy,300,4021.3320119742993,5
2025-05-19 06:40:00,141.5166208,40.556864,675,2025,Gipsy,300,4020.18989066426,5
2025-05-19 06:45:00,141.515008,40.5567872,675,2025,Gipsy,300,4134.565208235614,5
2025-05-19 06:50:00,141.4972672,40.5666496,675,2025,Gipsy,300,5984.57664404271,5
2025-05-19 06:55:00,141.4859136,40.5756864,675,2025,Gipsy,300,7336.295744150969,5
2025-05-19 07:00:00,141.4824512,40.5837632,675,2025,Gipsy,300,8102.714151393699,5
2025-05-19 07:05:00,141.4825024,40.5836928,675,2025,Gipsy,300,8094.473410946944,5
2025-05-19 07:10:00,141.4824512,40.583808,675,2025,Gipsy,300,8105.792185776423,5
2025-05-19 07:15:00,141.4825216,40.5836928,675,2025,Gipsy,300,8093.195774850967,5
2025-05-19 07:20:00,141.4824832,40.5840384,675,2025,Gipsy,300,8119.528152697669,5
2025-05-19 07:25:00,141.4824,40.5837632,675,2025,Gipsy,300,8106.120643499187,5
2025-05-19 07:30:00,141.4824,40.5836352,675,2025,Gipsy,300,8097.34036041203,5
2025-05-19 07:35:00,141.4823104,40.5838784,675,2025,Gipsy,300,8119.993736691215,5
2025-05-19 07:40:00,141.4824192,40.5837248,675,2025,Gipsy,300,8102.20698470839,5
2025-05-19 07:45:00,141.4819648,40.5840576,675,2025,Gipsy,300,8155.292427484998,5
2025-05-19 07:50:00,141.4818752,40.5840192,675,2025,Gipsy,300,8158.619277823199,5
2025-05-19 07:55:00,141.4821184,40.5839872,675,2025,Gipsy,300,8140.23915676439,5
2025-05-19 08:00:00,141.4821504,40.5840192,675,2025,Gipsy,300,8140.3106797191,5
2025-05-19 08:05:00,141.48208,40.5839936,675,2025,Gipsy,300,8143.233026101284,5
2025-05-19 08:10:00,141.4820864,40.5841024,675,2025,Gipsy,300,8150.286897226405,5
2025-05-19 08:15:00,141.4820288,40.5839936,675,2025,Gipsy,300,8146.639296561158,5
2025-05-19 08:20:00,141.4820544,40.5839168,675,2025,Gipsy,300,8139.66438062088,5
2025-05-19 08:25:00,141.4820224,40.5840768,675,2025,Gipsy,300,8152.780845240697,5
2025-05-19 08:30:00,141.4820736,40.584064,675,2025,Gipsy,300,8148.496729882744,5
2025-05-19 08:35:00,141.4820608,40.5839936,675,2025,Gipsy,300,8144.5102739324575,5
2025-05-19 08:40:00,141.4820032,40.5840448,675,2025,Gipsy,300,8151.858801486971,5
2025-05-19 08:45:00,141.482016,40.5840192,675,2025,Gipsy,300,8149.248899289848,5
2025-05-19 08:50:00,141.4818944,40.5855744,675,2025,Gipsy,300,8265.16135854497,5
2025-05-19 08:55:00,141.4818176,40.5840576,675,2025,Gipsy,300,8165.088254520646,5
2025-05-19 09:00:00,141.4818752,40.5840896,675,2025,Gipsy,300,8163.451088535905,5
2025-05-19 09:05:00,141.48192,40.5841152,675,2025,Gipsy,300,8162.22946204111,5
2025-05-19 09:10:00,141.4819136,40.5840384,675,2025,Gipsy,300,8157.380779754929,5
2025-05-19 09:15:00,141.4819008,40.584,675,2025,Gipsy,300,8155.597838027358,5
2025-05-19 09:20:00,141.4816384,40.5843008,675,2025,Gipsy,300,8193.711181550127,5
2025-05-19 09:25:00,141.4814848,40.5844288,675,2025,Gipsy,300,8212.723140062775,5
2025-05-19 09:30:00,141.4816128,40.5842048,675,2025,Gipsy,300,8188.8211243126325,5
2025-05-19 09:35:00,141.4815232,40.5843712,675,2025,Gipsy,300,8206.210210814279,5
2025-05-19 09:40:00,141.481504,40.584384,675,2025,Gipsy,300,8208.366696050944,5
2025-05-19 09:45:00,141.4814976,40.5844416,675,2025,Gipsy,300,8212.752606628037,5
2025-05-19 09:50:00,141.4816576,40.5843072,675,2025,Gipsy,300,8192.87447313527,5
2025-05-19 09:55:00,141.4819904,40.5840768,675,2025,Gipsy,300,8154.908786781324,5
2025-05-19 10:00:00,141.4813312,40.5844288,675,2025,Gipsy,300,8222.937898957081,5
2025-05-19 10:05:00,141.4816768,40.5842816,675,2025,Gipsy,300,8189.838094378238,5
2025-05-19 10:10:00,141.4815872,40.5843328,675,2025,Gipsy,300,8199.315182116954,5
2025-05-19 10:15:00,141.482144,40.5842048,675,2025,Gipsy,300,8153.51256154,5
2025-05-19 10:20:00,141.4810688,40.5844288,675,2025,Gipsy,300,8240.406325536102,5
2025-05-19 10:25:00,141.4812544,40.5843968,675,2025,Gipsy,300,8225.852383611256,5
2025-05-19 10:30:00,141.4811648,40.5843968,675,2025,Gipsy,300,8231.818521514422,5
2025-05-19 10:35:00,141.4807488,40.585376,675,2025,Gipsy,300,8326.898468177607,5
2025-05-19 10:40:00,141.4817152,40.5884672,675,2025,Gipsy,300,8482.924277093565,5
2025-05-19 10:45:00,141.479712,40.5870464,675,2025,Gipsy,300,8511.640073473014,5
2025-05-19 10:50:00,141.4796096,40.5869376,675,2025,Gipsy,300,8510.74274575303,5
2025-05-19 10:55:00,141.4784832,40.5869248,675,2025,Gipsy,300,8584.100030445985,5
2025-05-19 11:00:00,141.4705536,40.588992,675,2025,Gipsy,300,9254.81690056203,5
2025-05-19 11:05:00,141.4709696,40.589024,675,2025,Gipsy,300,9228.93265985217,5
2025-05-19 11:10:00,141.4669056,40.5997056,675,2025,Gipsy,300,10247.981154180025,5
2025-05-19 11:15:00,141.4617152,40.6022912,675,2025,Gipsy,300,10767.624493695916,5
2025-05-19 11:20:00,141.462464,40.6020992,675,2025,Gipsy,300,10705.845931168464,5
2025-05-19 11:25:00,141.463296,40.6020864,675,2025,Gipsy,300,10651.989983063686,5
2025-05-19 11:30:00,141.4652288,40.6025024,675,2025,Gipsy,300,10560.807728759255,5
2025-05-19 11:35:00,141.4616512,40.6030848,675,2025,Gipsy,300,10829.737243001613,5
2025-05-19 11:40:00,141.4613184,40.6030976,675,2025,Gipsy,300,10851.833564000159,5
2025-05-19 11:45:00,141.461696,40.6031552,675,2025,Gipsy,300,10832.059754510234,5
2025-05-19 11:50:00,141.4614272,40.6031808,675,2025,Gipsy,300,10851.012781857384,5
2025-05-19 11:55:00,141.4610304,40.6031808,675,2025,Gipsy,300,10876.253606085482,5
2025-05-19 12:00:00,141.4622336,40.60304,675,2025,Gipsy,300,10789.488623032943,5
2025-05-19 12:05:00,141.4622592,40.6029888,675,2025,Gipsy,300,10784.098350536626,5
2025-05-19 12:10:00,141.4621248,40.6027136,675,2025,Gipsy,300,10772.414107805162,5
2025-05-19 12:15:00,141.4621696,40.6029696,675,2025,Gipsy,300,10788.36797165095,5
2025-05-19 12:20:00,141.4624576,40.6033216,675,2025,Gipsy,300,10796.075997111933,5
2025-05-19 12:25:00,141.462048,40.603008,675,2025,Gipsy,300,10798.904898659117,5
2025-05-19 12:30:00,141.4622912,40.6031936,675,2025,Gipsy,300,10797.15408319295,5
2025-05-19 12:35:00,141.4625216,40.602816,675,2025,Gipsy,300,10754.749861964254,5
2025-05-19 12:40:00,141.4625792,40.6020608,675,2025,Gipsy,300,10695.699062534624,5
2025-05-19 12:45:00,141.4627136,40.6018944,675,2025,Gipsy,300,10674.973049641701,5
2025-05-19 12:50:00,141.4621504,40.6028224,675,2025,Gipsy,300,10778.771498729662,5
2025-05-19 12:55:00,141.4622144,40.6028352,675,2025,Gipsy,300,10775.648340568798,5
2025-05-19 13:00:00,141.462144,40.6028544,675,2025,Gipsy,300,10781.527575385988,5
2025-05-19 13:05:00,141.4621504,40.6028992,675,2025,Gipsy,300,10784.412043508111,5
2025-05-19 13:10:00,141.4622528,40.6028288,675,2025,Gipsy,300,10772.740911481063,5
2025-05-19 13:15:00,141.4622272,40.6028224,675,2025,Gipsy,300,10773.895633324593,5
2025-05-19 13:20:00,141.4630144,40.6003008,675,2025,Gipsy,300,10540.011841301968,5
2025-05-19 13:25:00,141.4708224,40.5892672,675,2025,Gipsy,300,9255.225912133736,5
2025-05-19 13:30:00,141.4708992,40.5891456,675,2025,Gipsy,300,9241.861366789499,5
2025-05-19 13:35:00,141.4801344,40.5862144,675,2025,Gipsy,300,8425.703189704622,5
2025-05-19 13:40:00,141.480128,40.5861888,675,2025,Gipsy,300,8424.34290423075,5
2025-05-19 13:45:00,141.4800896,40.5861952,675,2025,Gipsy,300,8427.321416451523,5
2025-05-19 13:50:00,141.480032,40.5862016,675,2025,Gipsy,300,8431.567046517137,5
2025-05-19 13:55:00,141.480128,40.5861696,675,2025,Gipsy,300,8423.006535680124,5
2025-05-19 14:00:00,141.4801408,40.586144,675,2025,Gipsy,300,8420.380644861412,5
2025-05-19 14:05:00,141.4801856,40.5861888,675,2025,Gipsy,300,8420.544154267891,5
2025-05-19 14:10:00,141.4799744,40.5862336,675,2025,Gipsy,300,8437.594045500415,5
2025-05-19 14:15:00,141.4801216,40.586176,675,2025,Gipsy,300,8423.874152138034,5
2025-05-19 14:20:00,141.4800448,40.586176,675,2025,Gipsy,300,8428.941581329731,5
2025-05-19 14:25:00,141.48048,40.586048,675,2025,Gipsy,300,8391.326192385555,5
2025-05-19 14:30:00,141.4814912,40.5842816,675,2025,Gipsy,300,8202.185227239273,5
2025-05-19 14:35:00,141.4811712,40.5844608,675,2025,Gipsy,300,8235.781971874041,5
2025-05-19 14:40:00,141.4797376,40.5869888,675,2025,Gipsy,300,8505.920599796491,5
2025-05-19 14:45:00,141.4795712,40.5868416,675,2025,Gipsy,300,8506.553994983107,5
2025-05-19 14:50:00,141.480096,40.5860864,675,2025,Gipsy,300,8419.332080373499,5
2025-05-19 14:55:00,141.4799488,40.5860864,675,2025,Gipsy,300,8429.054838754231,5
2025-05-19 15:00:00,141.4802176,40.5859712,675,2025,Gipsy,300,8403.297271131903,5
2025-05-19 15:05:00,141.4800896,40.5860864,675,2025,Gipsy,300,8419.754658655958,5
2025-05-19 15:10:00,141.4802624,40.5859904,675,2025,Gipsy,300,8401.672992619926,5
2025-05-19 15:15:00,141.4802304,40.5859008,675,2025,Gipsy,300,8397.563173178743,5
2025-05-19 15:20:00,141.4803648,40.5859584,675,2025,Gipsy,300,8392.688344441834,5
2025-05-19 15:25:00,141.4803968,40.585984,675,2025,Gipsy,300,8392.357143909956,5
2025-05-19 15:30:00,141.4803328,40.5859456,675,2025,Gipsy,300,8393.910979598479,5
2025-05-19 15:35:00,141.4801792,40.5859008,675,2025,Gipsy,300,8400.94707793833,5
2025-05-19 15:40:00,141.4860352,40.5750464,675,2025,Gipsy,300,7288.100432825484,5
2025-05-19 15:45:00,141.504544,40.5592192,675,2025,Gipsy,300,5043.741819654914,5
2025-05-19 15:50:00,141.505952,40.5588416,675,2025,Gipsy,300,4918.475005206814,5
2025-05-19 15:55:00,141.5060224,40.558816,675,2025,Gipsy,300,4911.872391755003,5
2025-05-19 16:00:00,141.5273984,40.5585792,675,2025,Gipsy,300,3386.032240618486,5
2025-05-19 16:05:00,141.5394368,40.5529792,675,2025,Gipsy,300,2217.0925081180894,5
2025-05-19 16:10:00,141.5461504,40.5489344,675,2025,Gipsy,300,1502.2104334670794,5
2025-05-19 16:15:00,141.545952,40.5492352,675,2025,Gipsy,300,1538.5902862265211,5
2025-05-20 05:50:00,141.5425792,40.5502976,675,2025,Gipsy,300,1818.043240884818,6
2025-05-20 05:55:00,141.5311616,40.5575936,675,2025,Gipsy,300,3076.0751265526255,6
2025-05-20 06:00:00,141.5269376,40.5587456,675,2025,Gipsy,300,3427.646561137686,6
2025-05-20 06:05:00,141.5251008,40.55856,675,2025,Gipsy,300,3534.053652846586,6
2025-05-20 06:10:00,141.4995008,40.5707584,675,2025,Gipsy,300,6079.935857003794,6
2025-05-20 06:15:00,141.480704,40.58496,675,2025,Gipsy,300,8301.156770437668,6
2025-05-20 06:20:00,141.4804352,40.5854528,675,2025,Gipsy,300,8352.980353802684,6
2025-05-20 06:25:00,141.480608,40.585376,675,2025,Gipsy,300,8336.222484618484,6
2025-05-20 06:30:00,141.4806848,40.5854272,675,2025,Gipsy,300,8334.679413762255,6
2025-05-20 06:35:00,141.4799488,40.5876608,675,2025,Gipsy,300,8539.443394125856,6
2025-05-20 06:40:00,141.4722112,40.6114816,675,2025,Gipsy,300,10852.065901782178,6
2025-05-20 06:45:00,141.4615296,40.621152,675,2025,Gipsy,300,12255.142103495697,6
2025-05-20 06:50:00,141.4487744,40.6371392,675,2025,Gipsy,300,14303.917431965605,6
2025-05-20 06:55:00,141.4485376,40.6371904,675,2025,Gipsy,300,14321.181156318033,6
2025-05-20 07:00:00,141.4485504,40.6372992,675,2025,Gipsy,300,14329.715928563297,6
2025-05-20 07:05:00,141.44816,40.6372992,675,2025,Gipsy,300,14351.031025352519,6
2025-05-20 07:10:00,141.4493056,40.6565952,675,2025,Gipsy,300,15990.581981155852,6
2025-05-20 07:15:00,141.4448,40.6829184,675,2025,Gipsy,300,18653.254776742495,6
2025-05-20 07:20:00,141.4389888,40.6861952,675,2025,Gipsy,300,19218.883571351602,6
2025-05-20 07:25:00,141.438848,40.6857536,675,2025,Gipsy,300,19183.338957074466,6
2025-05-20 07:30:00,141.4381056,40.6858816,675,2025,Gipsy,300,19228.41023425172,6
2025-05-20 07:35:00,141.4462208,40.6842688,675,2025,Gipsy,300,18721.369249297128,6
2025-05-20 07:40:00,141.4386048,40.6849152,675,2025,Gipsy,300,19114.965388939225,6
2025-05-20 07:45:00,141.4390272,40.6841088,675,2025,Gipsy,300,19020.058542603783,6
2025-05-20 07:50:00,141.4390592,40.6838464,675,2025,Gipsy,300,18993.891137945768,6
2025-05-20 07:55:00,141.439232,40.6835648,675,2025,Gipsy,300,18959.62549587713,6
2025-05-20 08:00:00,141.4386048,40.684,675,2025,Gipsy,300,19028.694173774853,6
2025-05-20 08:05:00,141.4395904,40.6831424,675,2025,Gipsy,300,18903.79205258534,6
2025-05-20 08:10:00,141.4390976,40.6834496,675,2025,Gipsy,300,18954.785411106077,6
2025-05-20 08:15:00,141.4391232,40.6835968,675,2025,Gipsy,300,18967.507037371553,6
2025-05-20 08:20:00,141.4393408,40.6834752,675,2025,Gipsy,300,18946.31668609055,6
2025-05-20 08:25:00,141.4392192,40.6835136,675,2025,Gipsy,300,18955.373024883807,6
2025-05-20 08:30:00,141.4392704,40.6835904,675,2025,Gipsy,300,18960.321574813013,6
2025-05-20 08:35:00,141.4393024,40.683488,675,2025,Gipsy,300,18949.239834171138,6
2025-05-20 08:40:00,141.4392,40.6835456,675,2025,Gipsy,300,18959.247190196584,6
2025-05-20 08:45:00,141.4392192,40.6835008,675,2025,Gipsy,300,18954.166892191733,6
2025-05-20 08:50:00,141.4392704,40.6835328,675,2025,Gipsy,300,18954.892749726445,6
2025-05-20 08:55:00,141.4392192,40.6835008,675,2025,Gipsy,300,18954.166892191733,6
2025-05-20 09:00:00,141.4393792,40.6833216,675,2025,Gipsy,300,18930.124219748173,6
2025-05-20 09:05:00,141.439456,40.6832704,675,2025,Gipsy,300,18921.86465572585,6
2025-05-20 09:10:00,141.4393856,40.6833024,675,2025,Gipsy,300,18928.02873788411,6
2025-05-20 09:15:00,141.4393472,40.6833344,675,2025,Gipsy,300,18932.761732103827,6
2025-05-20 09:20:00,141.4393152,40.6832832,675,2025,Gipsy,300,18929.36957635414,6
2025-05-20 09:25:00,141.4473984,40.6825664,675,2025,Gipsy,300,18507.91738725428,6
2025-05-20 09:30:00,141.4392576,40.6834496,675,2025,Gipsy,300,18947.62473278503,6
2025-05-20 09:35:00,141.4392384,40.683424,675,2025,Gipsy,300,18946.07159957438,6
2025-05-20 09:40:00,141.4393664,40.6834752,675,2025,Gipsy,300,18945.17235098291,6
2025-05-20 09:45:00,141.4391616,40.6834368,675,2025,Gipsy,300,18950.714484678345,6
2025-05-20 09:50:00,141.439328,40.6834496,675,2025,Gipsy,300,18944.476242841512,6
2025-05-20 09:55:00,141.43952,40.6832896,675,2025,Gipsy,300,18920.812931322205,6
2025-05-20 10:00:00,141.4398336,40.6824512,675,2025,Gipsy,300,18827.790164869064,6
2025-05-20 10:05:00,141.43936,40.6834112,675,2025,Gipsy,300,18939.42649043514,6
2025-05-20 10:10:00,141.4427648,40.6817024,675,2025,Gipsy,300,18626.701571172616,6
2025-05-20 10:15:00,141.4414272,40.6674368,675,2025,Gipsy,300,17359.48257181755,6
2025-05-20 10:20:00,141.4515712,40.6467264,675,2025,Gipsy,300,14990.496142291668,6
2025-05-20 10:25:00,141.4483072,40.6380864,675,2025,Gipsy,300,14409.858980204179,6
2025-05-20 10:30:00,141.4483392,40.6380928,675,2025,Gipsy,300,14408.66429824097,6
2025-05-20 10:35:00,141.4485824,40.6373952,675,2025,Gipsy,300,14336.122369517512,6
2025-05-20 10:40:00,141.4486784,40.6374272,675,2025,Gipsy,300,14333.6105862323,6
2025-05-20 10:45:00,141.4584768,40.6229888,675,2025,Gipsy,300,12579.319565206224,6
2025-05-20 10:50:00,141.463104,40.605344,675,2025,Gipsy,300,10906.539068136603,6
2025-05-20 10:55:00,141.4622784,40.6028672,675,2025,Gipsy,300,10773.938354769554,6
2025-05-20 11:00:00,141.4624,40.6029248,675,2025,Gipsy,300,10770.463882864462,6
2025-05-20 11:05:00,141.4628224,40.6029184,675,2025,Gipsy,300,10743.245461003125,6
2025-05-20 11:10:00,141.4623872,40.6001856,675,2025,Gipsy,300,10572.156288827066,6
2025-05-20 11:15:00,141.48368,40.5822208,675,2025,Gipsy,300,7915.339313017911,6
2025-05-20 11:20:00,141.5055872,40.56032,675,2025,Gipsy,300,5022.654878838708,6
2025-05-20 11:25:00,141.5350464,40.5580096,675,2025,Gipsy,300,2879.8164164012733,6
2025-05-20 11:30:00,141.5350208,40.5580416,675,2025,Gipsy,300,2883.9136314482757,6
2025-05-20 11:35:00,141.5349312,40.5579968,675,2025,Gipsy,300,2885.239274491378,6
2025-05-20 11:40:00,141.5350208,40.5580288,675,2025,Gipsy,300,2882.85020092332,6
2025-05-20 11:45:00,141.534976,40.5581376,675,2025,Gipsy,300,2894.4107155758343,6
2025-05-20 11:50:00,141.5349888,40.558067200000004,675,2025,Gipsy,300,2887.838737284931,6
2025-05-20 11:55:00,141.5350144,40.5580032,675,2025,Gipsy,300,2881.084279613725,6
2025-05-20 12:00:00,141.5349568,40.5579904,675,2025,Gipsy,300,2883.265788743797,6
2025-05-20 12:05:00,141.534976,40.5580032,675,2025,Gipsy,300,2883.2455570245265,6
2025-05-20 12:10:00,141.5350272,40.558067200000004,675,2025,Gipsy,300,2885.6821242345477,6
2025-05-20 12:15:00,141.543104,40.5498496,675,2025,Gipsy,300,1751.4019007163222,6
2025-05-23 12:40:00,141.5279488,40.5459776,675,2025,Gipsy,300,2642.1452100158276,7
2025-05-23 12:45:00,141.516256,40.5464704,675,2025,Gipsy,300,3609.9073252886283,7
2025-05-23 12:50:00,141.5064128,40.542496,675,2025,Gipsy,300,4358.131464216263,7
2025-05-23 12:55:00,141.5100032,40.5432,675,2025,Gipsy,300,4064.622874892604,7
2025-05-23 13:00:00,141.5099712,40.5431936,675,2025,Gipsy,300,4067.223492670208,7
2025-05-23 13:05:00,141.5102656,40.5431808,675,2025,Gipsy,300,4042.3021364167294,7
2025-05-23 13:10:00,141.4984384,40.5397632,675,2025,Gipsy,300,5013.986299580828,7
2025-05-23 13:15:00,141.4949824,40.5373632,675,2025,Gipsy,300,5307.016739645756,7
2025-05-23 13:20:00,141.4959808,40.5379008,675,2025,Gipsy,300,5221.203828296188,7
2025-05-23 13:25:00,141.4964224,40.5383808,675,2025,Gipsy,300,5183.245979578131,7
2025-05-23 13:30:00,141.4968384,40.5385536,675,2025,Gipsy,300,5147.939022671242,7
2025-05-23 13:35:00,141.495552,40.5382464,675,2025,Gipsy,300,5257.0822950226975,7
2025-05-23 13:40:00,141.4951488,40.5382336,675,2025,Gipsy,300,5291.251592959465,7
2025-05-23 13:45:00,141.4928384,40.5369536,675,2025,Gipsy,300,5489.945699379128,7
2025-05-23 13:50:00,141.4881408,40.5332288,675,2025,Gipsy,300,5915.239137382491,7
2025-05-23 13:55:00,141.4879872,40.5338688,675,2025,Gipsy,300,5921.42181029567,7
2025-05-23 14:00:00,141.48912,40.5339136,675,2025,Gipsy,300,5825.38528132259,7
2025-05-23 14:05:00,141.4979392,40.531328,675,2025,Gipsy,300,5119.150484001801,7
2025-05-23 14:10:00,141.5081344,40.5306176,675,2025,Gipsy,300,4284.04612192314,7
2025-05-23 14:15:00,141.5198208,40.5283456,675,2025,Gipsy,300,3397.8562560341147,7
2025-05-23 14:20:00,141.5423808,40.5362752,675,2025,Gipsy,300,1315.3628443368993,7
2025-05-23 18:20:00,141.5219648,40.5463744,675,2025,Gipsy,300,3139.8901764287243,8
2025-05-23 18:25:00,141.5130944,40.5468352,675,2025,Gipsy,300,3879.6580608945283,8
2025-05-23 18:30:00,141.4946752,40.5377728,675,2025,Gipsy,300,5332.034366913842,8
2025-05-23 18:35:00,141.4954496,40.5384192,675,2025,Gipsy,300,5265.63991129448,8
2025-05-23 18:40:00,141.4965888,40.5382208,675,2025,Gipsy,300,5169.271566980648,8
2025-05-23 18:45:00,141.4945536,40.5379712,675,2025,Gipsy,300,5341.990622030902,8
2025-05-23 18:50:00,141.4939008,40.537472,675,2025,Gipsy,300,5398.31959103083,8
2025-05-23 18:55:00,141.4923392,40.53584,675,2025,Gipsy,300,5537.741611459801,8
2025-05-23 19:00:00,141.4918336,40.5354624,675,2025,Gipsy,300,5582.991662287894,8
2025-05-23 19:05:00,141.4930304,40.536832,675,2025,Gipsy,300,5474.162827290561,8
2025-05-23 19:10:00,141.4933248,40.5366912,675,2025,Gipsy,300,5449.830793737176,8
2025-05-23 19:15:00,141.495904,40.53808,675,2025,Gipsy,300,5227.442297636414,8
2025-05-23 19:20:00,141.4958784,40.5385792,675,2025,Gipsy,300,5229.265985197705,8
2025-05-23 19:25:00,141.5095744,40.5439104,675,2025,Gipsy,300,4111.201840523865,8
2025-05-23 19:30:00,141.5200256,40.5456768,675,2025,Gipsy,300,3278.763662687856,8
2025-05-24 14:00:00,141.5352064,40.5598976,675,2025,Gipsy,300,3031.3446234234075,9
2025-05-24 14:05:00,141.505504,40.5760576,675,2025,Gipsy,300,6063.526734899148,9
2025-05-24 14:10:00,141.4826304,40.595776,675,2025,Gipsy,300,8978.399281821725,9
2025-05-24 14:15:00,141.4665792,40.6311808,675,2025,Gipsy,300,12847.716434234933,9
2025-05-24 14:20:00,141.450944,40.6615168,675,2025,Gipsy,300,16364.279442251935,9
2025-05-24 14:25:00,141.4462912,40.6842624,675,2025,Gipsy,300,18717.75637909702,9
2025-05-24 14:30:00,141.447008,40.6833664,675,2025,Gipsy,300,18601.279422696294,9
2025-05-24 14:35:00,141.4458368,40.6681664,675,2025,Gipsy,300,17218.450935654117,9
2025-05-24 14:40:00,141.4477504,40.655232,675,2025,Gipsy,300,15943.25327988654,9
2025-05-24 14:45:00,141.4487936,40.6377472,675,2025,Gipsy,300,14354.559736854153,9
2025-05-24 14:50:00,141.4583552,40.6153856,675,2025,Gipsy,300,11971.221238956885,9
2025-05-24 14:55:00,141.462848,40.6021824,675,2025,Gipsy,300,10687.495138736684,9
2025-05-24 15:00:00,141.4604032,40.5998848,675,2025,Gipsy,300,10679.538510622979,9
2025-05-24 15:05:00,141.4606464,40.5997952,675,2025,Gipsy,300,10657.331968747476,9
2025-05-24 15:10:00,141.4606592,40.599776,675,2025,Gipsy,300,10655.138527122497,9
2025-05-24 15:15:00,141.4677952,40.5937664,675,2025,Gipsy,300,9765.255695785421,9
2025-05-24 15:20:00,141.4770368,40.5762496,675,2025,Gipsy,300,8002.182585407179,9
2025-05-24 15:25:00,141.488832,40.5658304,675,2025,Gipsy,300,6562.807847685386,9
2025-05-24 15:30:00,141.5195904,40.5558848,675,2025,Gipsy,300,3748.301460283522,9
2025-05-24 15:35:00,141.5451136,40.5491136,675,2025,Gipsy,300,1575.0592407649763,9
2025-05-25 07:15:00,141.5095808,40.544448,675,2025,Gipsy,300,4119.6268062032905,10
2025-05-25 07:20:00,141.5070592,40.5417152,675,2025,Gipsy,300,4295.832478907249,10
2025-05-25 07:25:00,141.5071808,40.5417472,675,2025,Gipsy,300,4285.850980880585,10
2025-05-25 07:30:00,141.4985536,40.5396928,675,2025,Gipsy,300,5004.037959777837,10
2025-05-25 07:35:00,141.4987264,40.5396032,675,2025,Gipsy,300,4989.175498114499,10
2025-05-25 07:40:00,141.4983616,40.539456,675,2025,Gipsy,300,5019.744854470729,10
2025-05-25 07:45:00,141.4940224,40.5375488,675,2025,Gipsy,300,5387.8247852832765,10
2025-05-25 07:50:00,141.4935488,40.5371456,675,2025,Gipsy,300,5429.107977738849,10
2025-05-25 07:55:00,141.4932288,40.5370496,675,2025,Gipsy,300,5456.537543492836,10
2025-05-25 08:00:00,141.493664,40.5372992,675,2025,Gipsy,300,5418.86275338633,10
2025-05-25 08:05:00,141.4939712,40.5375552,675,2025,Gipsy,300,5392.145724786614,10
2025-05-25 08:10:00,141.4934208,40.537184,675,2025,Gipsy,300,5439.820298522856,10
2025-05-25 08:15:00,141.4934016,40.5370752,675,2025,Gipsy,300,5441.814684883078,10
2025-05-25 08:20:00,141.493728,40.5374144,675,2025,Gipsy,300,5413.1101270186045,10
2025-05-25 08:25:00,141.4938624,40.5374336,675,2025,Gipsy,300,5401.674597636186,10
2025-05-25 08:30:00,141.4939776,40.5376128,675,2025,Gipsy,300,5391.4666757247005,10
2025-05-25 08:35:00,141.4934656,40.5374208,675,2025,Gipsy,300,5435.316493568648,10
2025-05-25 08:40:00,141.4938048,40.5375552,675,2025,Gipsy,300,5406.239806889292,10
2025-05-25 08:45:00,141.4936896,40.5372864,675,2025,Gipsy,300,5416.7334865397615,10
2025-05-25 08:50:00,141.4936256,40.5378112,675,2025,Gipsy,300,5420.870291577201,10
2025-05-25 08:55:00,141.4941504,40.536256,675,2025,Gipsy,300,5382.08383313369,10
2025-05-25 09:00:00,141.4945216,40.536704,675,2025,Gipsy,300,5348.459325456718,10
2025-05-25 09:05:00,141.4934464,40.5370496,675,2025,Gipsy,300,5438.111727608575,10
2025-05-25 09:10:00,141.4931968,40.5370432,675,2025,Gipsy,300,5459.270035330179,10
2025-05-25 09:15:00,141.4936,40.5376256,675,2025,Gipsy,300,5423.420963812244,10
2025-05-25 09:20:00,141.4940608,40.5370816,675,2025,Gipsy,300,5385.972089896119,10
2025-05-25 09:25:00,141.4941184,40.5367232,675,2025,Gipsy,300,5382.508072546457,10
2025-05-25 09:30:00,141.4943552,40.5372992,675,2025,Gipsy,300,5360.325547747368,10
2025-05-25 09:35:00,141.4943616,40.5378816,675,2025,Gipsy,300,5358.399101413466,10
2025-05-25 09:40:00,141.4952704,40.5378048,675,2025,Gipsy,300,5281.554562453638,10
2025-05-25 09:45:00,141.4954944,40.5376384,675,2025,Gipsy,300,5262.931466068172,10
2025-05-25 09:50:00,141.5048832,40.5420224,675,2025,Gipsy,300,4482.353238630838,10
2025-05-25 09:55:00,141.5242816,40.5324672,675,2025,Gipsy,300,2904.238958066919,10
2025-05-25 11:45:00,141.5144576,40.5453824,675,2025,Gipsy,300,3731.7165554544604,11
2025-05-25 11:50:00,141.5102144,40.5433216,675,2025,Gipsy,300,4048.593550551533,11
2025-05-25 11:55:00,141.5001856,40.5409856,675,2025,Gipsy,300,4871.446474386976,11
2025-05-25 12:00:00,141.5001792,40.5408704,675,2025,Gipsy,300,4871.315013577582,11
2025-05-25 12:05:00,141.494688,40.5377344,675,2025,Gipsy,300,5331.027369693149,11
2025-05-25 12:10:00,141.494848,40.5371584,675,2025,Gipsy,300,5319.046156205944,11
2025-05-25 12:15:00,141.4954112,40.5376,675,2025,Gipsy,300,5270.068867407246,11
2025-05-25 12:20:00,141.493312,40.5372224,675,2025,Gipsy,300,5448.910486773487,11
2025-05-25 12:25:00,141.4932288,40.536768,675,2025,Gipsy,300,5457.629029365094,11
2025-05-25 12:30:00,141.4915072,40.5352512,675,2025,Gipsy,300,5612.107653971249,11
2025-05-25 12:35:00,141.4918528,40.5363712,675,2025,Gipsy,300,5575.928151619638,11
2025-05-25 12:40:00,141.4946304,40.5372416,675,2025,Gipsy,300,5337.199249895425,11
2025-05-25 12:45:00,141.494624,40.5374912,675,2025,Gipsy,300,5337.016407885593,11
2025-05-25 12:50:00,141.4948288,40.5376256,675,2025,Gipsy,300,5319.338714738826,11
2025-05-25 12:55:00,141.4957248,40.5375296,675,2025,Gipsy,300,5243.68189838154,11
2025-05-25 13:00:00,141.4959872,40.5380096,675,2025,Gipsy,300,5220.490164571849,11
2025-05-25 13:05:00,141.4966144,40.5383808,675,2025,Gipsy,300,5166.980066544758,11
2025-05-25 13:10:00,141.4964608,40.5380736,675,2025,Gipsy,300,5180.281778070843,11
2025-05-25 13:15:00,141.4964096,40.5380928,675,2025,Gipsy,300,5184.594510303539,11
2025-05-25 13:20:00,141.4962688,40.538112,675,2025,Gipsy,300,5196.498597058947,11
2025-05-25 13:25:00,141.4960512,40.538784,675,2025,Gipsy,300,5214.655091877049,11
2025-05-25 13:30:00,141.4954368,40.5384512,675,2025,Gipsy,300,5266.710244867098,11
2025-05-25 13:35:00,141.4952512,40.5383552,675,2025,Gipsy,300,5282.4833141647205,11
2025-05-25 13:40:00,141.496384,40.5382976,675,2025,Gipsy,300,5186.555185156375,11
2025-05-25 13:45:00,141.4972928,40.538624,675,2025,Gipsy,300,5109.437022109183,11
2025-05-25 13:50:00,141.5065728,40.5424064,675,2025,Gipsy,300,4343.668699181908,11
2025-05-25 13:55:00,141.5098688,40.5430656,675,2025,Gipsy,300,4074.082025135359,11
2025-05-25 14:00:00,141.5321472,40.5382272,675,2025,Gipsy,300,2157.0189203493965,11
2025-05-25 15:25:00,141.51584,40.5466816,675,2025,Gipsy,300,3649.7975653113467,12
2025-05-25 15:30:00,141.4949888,40.5380992,675,2025,Gipsy,300,5304.948977498055,12
2025-05-25 15:35:00,141.4941632,40.5375936,675,2025,Gipsy,300,5375.790927702274,12
2025-05-25 15:40:00,141.493024,40.536896,675,2025,Gipsy,300,5474.4509389032855,12
2025-05-25 15:45:00,141.493472,40.53712,675,2025,Gipsy,300,5435.698178704559,12
2025-05-25 15:50:00,141.4936448,40.537152,675,2025,Gipsy,300,5420.957012597341,12
2025-05-25 15:55:00,141.4934656,40.537152,675,2025,Gipsy,300,5436.1321291198665,12
2025-05-25 16:00:00,141.4944896,40.537472,675,2025,Gipsy,300,5348.450242323746,12
2025-05-25 16:05:00,141.4950976,40.5374272,675,2025,Gipsy,300,5297.077375499919,12
2025-05-25 16:10:00,141.4950592,40.5374144,675,2025,Gipsy,300,5300.365429558099,12
2025-05-25 16:15:00,141.495424,40.5374976,675,2025,Gipsy,300,5269.242103169291,12
2025-05-25 16:20:00,141.495424,40.5374976,675,2025,Gipsy,300,5269.242103169291,12
2025-05-25 16:25:00,141.49536,40.537792,675,2025,Gipsy,300,5273.989438054002,12
2025-05-25 16:30:00,141.495072,40.5378176,675,2025,Gipsy,300,5298.336375593291,12
2025-05-25 16:35:00,141.4954176,40.537376,675,2025,Gipsy,300,5270.12165018149,12
2025-05-25 16:40:00,141.4956224,40.5375616,675,2025,Gipsy,300,5252.274028299852,12
2025-05-25 16:45:00,141.4970816,40.5377152,675,2025,Gipsy,300,5128.318491674084,12
2025-05-25 16:50:00,141.4955968,40.5377152,675,2025,Gipsy,300,5254.087459822555,12
2025-05-25 16:55:00,141.497312,40.537888,675,2025,Gipsy,300,5108.460561092628,12
2025-05-25 17:00:00,141.4957824,40.5379456,675,2025,Gipsy,300,5237.9365318756145,12
2025-05-25 17:05:00,141.4954304,40.5378176,675,2025,Gipsy,300,5267.977027123703,12
2025-05-25 17:10:00,141.495744,40.5376064,675,2025,Gipsy,300,5241.865146573269,12
2025-05-25 17:15:00,141.495616,40.5378944,675,2025,Gipsy,300,5252.116974270561,12
2025-05-25 17:20:00,141.4955136,40.5379328,675,2025,Gipsy,300,5260.727438848243,12
2025-05-25 17:25:00,141.495776,40.5378432,675,2025,Gipsy,300,5238.65424180693,12
2025-05-25 17:30:00,141.4969216,40.539072,675,2025,Gipsy,300,5141.127467438902,12
2025-05-25 17:35:00,141.5191232,40.5415552,675,2025,Gipsy,300,3276.3196236395097,12
2025-05-26 02:55:00,141.5260032,40.548352,675,2025,Gipsy,300,2887.4075485202766,13
2025-05-26 03:00:00,141.52464,40.5483136,675,2025,Gipsy,300,2993.2453166222986,13
2025-05-26 03:05:00,141.5170752,40.546700800000004,675,2025,Gipsy,300,3548.9982595857077,13
2025-05-26 03:10:00,141.505216,40.5505856,675,2025,Gipsy,300,4632.882693346614,13
2025-05-26 03:15:00,141.5022336,40.5597952,675,2025,Gipsy,300,5247.2390038011235,13
2025-05-26 03:20:00,141.5025152,40.5596992,675,2025,Gipsy,300,5221.141290982829,13
2025-05-26 03:25:00,141.5023424,40.5597568,675,2025,Gipsy,300,5237.090615098585,13
2025-05-26 03:30:00,141.5021632,40.5598336,675,2025,Gipsy,300,5254.480171983973,13
2025-05-26 03:35:00,141.5023168,40.5597568,675,2025,Gipsy,300,5239.02887951705,13
2025-05-26 03:40:00,141.5022848,40.5597696,675,2025,Gipsy,300,5242.08863384417,13
2025-05-26 03:45:00,141.502304,40.5600128,675,2025,Gipsy,300,5252.793428876878,13
2025-05-26 03:50:00,141.5022336,40.559648,675,2025,Gipsy,300,5239.934241986857,13
2025-05-26 03:55:00,141.5004096,40.5606016,675,2025,Gipsy,300,5425.476992464307,13
2025-05-26 04:00:00,141.5004608,40.560576,675,2025,Gipsy,300,5420.32549539439,13
2025-05-26 04:05:00,141.5018368,40.555872,675,2025,Gipsy,300,5098.12667596711,13
2025-05-26 04:10:00,141.4998272,40.5404992,675,2025,Gipsy,300,4899.167995633084,13
2025-05-26 04:15:00,141.4945408,40.537824,675,2025,Gipsy,300,5343.321500089834,13
2025-05-26 04:20:00,141.4948288,40.5374016,675,2025,Gipsy,300,5319.914885919027,13
2025-05-26 04:25:00,141.496,40.5379008,675,2025,Gipsy,300,5219.577395288069,13
2025-05-26 04:30:00,141.5404928,40.5404032,675,2025,Gipsy,300,1463.2213290282639,13
2025-05-26 08:50:00,141.5491072,40.5609344,675,2025,Gipsy,300,2581.7652704345014,14
2025-05-26 08:55:00,141.5364544,40.5713408,675,2025,Gipsy,300,4052.409802357067,14
2025-05-26 09:00:00,141.515616,40.5816256,675,2025,Gipsy,300,5955.308418043153,14
2025-05-26 09:05:00,141.505568,40.5851648,675,2025,Gipsy,300,6793.409364442434,14
2025-05-26 09:10:00,141.4880832,40.5908096,675,2025,Gipsy,300,8262.3181859703,14
2025-05-26 09:15:00,141.4690304,40.600544,675,2025,Gipsy,300,10176.49126518026,14
2025-05-26 09:20:00,141.4620608,40.6206976,675,2025,Gipsy,300,12187.56655911112,14
2025-05-26 09:25:00,141.4592896,40.6396416,675,2025,Gipsy,300,13969.516743292483,14
2025-05-26 09:30:00,141.4516096,40.6566528,675,2025,Gipsy,300,15884.863195437158,14
2025-05-26 09:35:00,141.4415104,40.6662336,675,2025,Gipsy,300,17245.574213665393,14
2025-05-26 09:40:00,141.4393088,40.6714432,675,2025,Gipsy,300,17827.825854654388,14
2025-05-26 09:45:00,141.4378688,40.6735168,675,2025,Gipsy,300,18086.731791130547,14
2025-05-26 09:50:00,141.4377344,40.6733376,675,2025,Gipsy,300,18076.641131750457,14
2025-05-26 09:55:00,141.4378112,40.6733184,675,2025,Gipsy,300,18071.229871871994,14
2025-05-26 10:00:00,141.4518464,40.6517632,675,2025,Gipsy,300,15428.381177693629,14
2025-05-26 10:05:00,141.469856,40.6217024,675,2025,Gipsy,300,11846.535870021127,14
2025-05-26 10:10:00,141.4877248,40.5906304,675,2025,Gipsy,300,8270.06544025537,14
2025-05-26 10:15:00,141.5195648,40.558976,675,2025,Gipsy,300,3936.7916754897265,14
2025-05-26 14:30:00,141.5348352,40.5369536,675,2025,Gipsy,300,1937.6107702162,15
2025-05-26 14:35:00,141.5138432,40.5441856,675,2025,Gipsy,300,3758.564215977613,15
2025-05-26 14:40:00,141.5088128,40.54384,675,2025,Gipsy,300,4173.972478913788,15
2025-05-26 14:45:00,141.5097536,40.5430464,675,2025,Gipsy,300,4083.511750841614,15
2025-05-26 14:50:00,141.5102976,40.5459648,675,2025,Gipsy,300,4089.9226443628436,15
2025-05-26 14:55:00,141.5014464,40.5604224,675,2025,Gipsy,300,5338.148949360047,15
2025-05-26 15:00:00,141.4890048,40.571040000000004,675,2025,Gipsy,300,6835.931477780992,15
2025-05-26 15:05:00,141.4778688,40.5849344,675,2025,Gipsy,300,8489.118130606792,15
2025-05-26 15:10:00,141.4668224,40.5992576,675,2025,Gipsy,300,10220.429899068173,15
2025-05-26 15:15:00,141.4622208,40.6027584,675,2025,Gipsy,300,10769.60238306227,15
2025-05-26 15:20:00,141.4643648,40.605504,675,2025,Gipsy,300,10840.614592464242,15
2025-05-26 15:25:00,141.4620352,40.6027264,675,2025,Gipsy,300,10779.04796993686,15
2025-05-26 15:30:00,141.4553216,40.593568,675,2025,Gipsy,300,10595.94918909711,15
2025-05-26 15:35:00,141.4529792,40.592992,675,2025,Gipsy,300,10722.58511706861,15
2025-05-26 15:40:00,141.4470208,40.5827456,675,2025,Gipsy,300,10570.454151275957,15
2025-05-26 15:45:00,141.441984,40.5805504,675,2025,Gipsy,300,10843.403637978096,15
2025-05-26 15:50:00,141.441984,40.5811712,675,2025,Gipsy,300,10873.152629453185,15
2025-05-26 15:55:00,141.457152,40.5767744,675,2025,Gipsy,300,9505.01316736677,15
2025-05-26 16:00:00,141.4601408,40.5777856,675,2025,Gipsy,300,9330.892922368816,15
2025-05-26 16:05:00,141.4599552,40.5776448,675,2025,Gipsy,300,9337.540345465664,15
2025-05-26 16:10:00,141.459968,40.5776448,675,2025,Gipsy,300,9336.580182129122,15
2025-05-26 16:15:00,141.4606592,40.57776,675,2025,Gipsy,300,9290.745345604904,15
2025-05-26 16:20:00,141.4965952,40.5654464,675,2025,Gipsy,300,5965.4302977267635,15
2025-05-26 16:25:00,141.534432,40.5456192,675,2025,Gipsy,300,2111.7703077977844,15
2025-05-26 18:45:00,141.5490816,40.569664,675,2025,Gipsy,300,3523.5389084767044,16
2025-05-26 18:50:00,141.5463872,40.5886016,675,2025,Gipsy,300,5632.431751080075,16
2025-05-26 18:55:00,141.551392,40.6087104,675,2025,Gipsy,300,7802.513335008062,16
2025-05-26 19:00:00,141.549664,40.6295232,675,2025,Gipsy,300,10118.30710114948,16
2025-05-26 19:05:00,141.549024,40.651712,675,2025,Gipsy,300,12580.933536274424,16
2025-05-26 19:10:00,141.552512,40.6720384,675,2025,Gipsy,300,14823.414175806969,16
2025-05-26 19:15:00,141.5376896,40.6828544,675,2025,Gipsy,300,16106.648403778261,16
2025-05-26 19:20:00,141.5313792,40.683648,675,2025,Gipsy,300,16258.545103869155,16
2025-05-26 19:25:00,141.5296128,40.6849408,675,2025,Gipsy,300,16421.6680610109,16
2025-05-26 19:30:00,141.5138496,40.6851584,675,2025,Gipsy,300,16690.00604488489,16
2025-05-26 19:35:00,141.4953344,40.6889728,675,2025,Gipsy,300,17509.41089244351,16
2025-05-26 19:40:00,141.4831424,40.69072,675,2025,Gipsy,300,18028.68311745276,16
2025-05-26 19:45:00,141.4826304,40.6979584,675,2025,Gipsy,300,18798.364248089725,16
2025-05-26 19:50:00,141.4975616,40.6760256,675,2025,Gipsy,300,16083.730338277897,16
2025-05-26 19:55:00,141.5108032,40.6440192,675,2025,Gipsy,300,12357.937825623781,16
2025-05-26 20:00:00,141.5161472,40.6192704,675,2025,Gipsy,300,9620.574671612521,16
2025-05-26 20:05:00,141.52416,40.5925824,675,2025,Gipsy,300,6629.238333964917,16
2025-05-26 20:10:00,141.5410496,40.56256,675,2025,Gipsy,300,3006.889233124105,16
2025-05-27 02:35:00,141.5328064,40.5483264,675,2025,Gipsy,300,2361.693787765829,17
2025-05-27 02:40:00,141.5195136,40.5475136,675,2025,Gipsy,300,3374.8975913443014,17
2025-05-27 02:45:00,141.5153216,40.5461504,675,2025,Gipsy,300,3678.516178406373,17
2025-05-27 02:50:00,141.5082624,40.5549568,675,2025,Gipsy,300,4556.929722943451,17
2025-05-27 02:55:00,141.501888,40.5598208,675,2025,Gipsy,300,5274.689705112215,17
2025-05-27 03:00:00,141.501984,40.5599616,675,2025,Gipsy,300,5274.42203915572,17
2025-05-27 03:05:00,141.5017984,40.55984,675,2025,Gipsy,300,5282.432164893423,17
2025-05-27 03:10:00,141.5017024,40.5599296,675,2025,Gipsy,300,5294.149881632816,17
2025-05-27 03:15:00,141.4995456,40.5888384,675,2025,Gipsy,300,7435.665113436978,17
2025-05-27 03:20:00,141.4926272,40.6168576,675,2025,Gipsy,300,10284.631363608982,17
2025-05-27 03:25:00,141.4756864,40.6400128,675,2025,Gipsy,300,13224.795969897858,17
2025-05-27 03:30:00,141.4644096,40.6608448,675,2025,Gipsy,300,15699.647957970765,17
2025-05-27 03:35:00,141.4623168,40.687456,675,2025,Gipsy,300,18391.24361291782,17
2025-05-27 03:40:00,141.4612416,40.7014208,675,2025,Gipsy,300,19833.567405310412,17
2025-05-27 03:45:00,141.4774016,40.7214848,675,2025,Gipsy,300,21411.65366230797,17
2025-05-27 03:50:00,141.4928,40.7488704,675,2025,Gipsy,300,23983.999850064796,17
2025-05-27 03:55:00,141.4864448,40.759616,675,2025,Gipsy,300,25269.692739267277,17
2025-05-27 04:00:00,141.490112,40.7718272,675,2025,Gipsy,300,26520.076871945093,17
2025-05-27 04:05:00,141.4939456,40.8001408,675,2025,Gipsy,300,29537.32727909268,17
2025-05-27 04:10:00,141.49232,40.8110592,675,2025,Gipsy,300,30754.601848807437,17
2025-05-27 04:15:00,141.4800448,40.796416,675,2025,Gipsy,300,29370.649622544715,17
2025-05-27 04:20:00,141.4706176,40.7792384,675,2025,Gipsy,300,27715.597369609583,17
2025-05-27 04:25:00,141.465344,40.7605504,675,2025,Gipsy,300,25852.045648557643,17
2025-05-27 04:30:00,141.4539968,40.7417216,675,2025,Gipsy,300,24198.225195691055,17
2025-05-27 04:35:00,141.4370688,40.731712,675,2025,Gipsy,300,23744.735818458088,17
2025-05-27 04:40:00,141.4345088,40.7176896,675,2025,Gipsy,300,22448.616241221513,17
2025-05-27 04:45:00,141.4414272,40.6987392,675,2025,Gipsy,300,20318.652302665556,17
2025-05-27 04:50:00,141.4475456,40.6817664,675,2025,Gipsy,300,18424.965226295066,17
2025-05-27 04:55:00,141.4660032,40.66016,675,2025,Gipsy,300,15566.343914909638,17
2025-05-27 05:00:00,141.483488,40.634336,675,2025,Gipsy,300,12344.017824359922,17
2025-05-27 05:05:00,141.498656,40.614112,675,2025,Gipsy,300,9757.713046492878,17
2025-05-27 05:10:00,141.518528,40.5919936,675,2025,Gipsy,300,6789.433348189735,17
2025-05-27 05:15:00,141.5362368,40.569024,675,2025,Gipsy,300,3832.0131343349376,17
2025-05-27 07:40:00,141.5377152,40.5576704,675,2025,Gipsy,300,2705.489331404575,18
2025-05-27 07:45:00,141.5077952,40.5736768,675,2025,Gipsy,300,5741.340942934318,18
2025-05-27 07:50:00,141.4772096,40.5929984,675,2025,Gipsy,300,9101.215811414988,18
2025-05-27 07:55:00,141.4576576,40.6177984,675,2025,Gipsy,300,12204.276385165487,18
2025-05-27 08:00:00,141.4483584,40.6473024,675,2025,Gipsy,300,15205.604341511522,18
2025-05-27 08:05:00,141.4489344,40.673824,675,2025,Gipsy,300,17608.211125437498,18
2025-05-27 08:10:00,141.4453568,40.6935232,675,2025,Gipsy,300,19651.03623811855,18
2025-05-27 08:15:00,141.4392064,40.6839936,675,2025,Gipsy,300,19001.19567445119,18
2025-05-27 08:20:00,141.4391168,40.6840768,675,2025,Gipsy,300,19013.041132247967,18
2025-05-27 08:25:00,141.4387328,40.6844096,675,2025,Gipsy,300,19061.567447965474,18
2025-05-27 08:30:00,141.4409856,40.6833344,675,2025,Gipsy,300,18859.837216990123,18
2025-05-27 08:35:00,141.4466112,40.6836608,675,2025,Gipsy,300,18646.422149537277,18
2025-05-27 08:40:00,141.4467392,40.6835968,675,2025,Gipsy,300,18634.82913766201,18
2025-05-27 08:45:00,141.4471296,40.6829952,675,2025,Gipsy,300,18560.49550804515,18
2025-05-27 08:50:00,141.4471296,40.682976,675,2025,Gipsy,300,18558.654339293196,18
2025-05-27 08:55:00,141.4474688,40.6822848,675,2025,Gipsy,300,18477.9176172376,18
2025-05-27 09:00:00,141.4589312,40.6689728,675,2025,Gipsy,300,16712.853938211225,18
2025-05-27 09:05:00,141.4689216,40.6473408,675,2025,Gipsy,300,14217.906321376398,18
2025-05-27 09:10:00,141.4711168,40.6228288,675,2025,Gipsy,300,11878.082259911174,18
2025-05-27 09:15:00,141.4668096,40.60912,675,2025,Gipsy,300,10973.461575829513,18
2025-05-27 09:20:00,141.4668736,40.6092736,675,2025,Gipsy,300,10981.841225298029,18
2025-05-27 09:25:00,141.4624128,40.6026368,675,2025,Gipsy,300,10748.482631508079,18
2025-05-27 09:30:00,141.4621312,40.6028224,675,2025,Gipsy,300,10779.990733507308,18
2025-05-27 09:35:00,141.4622976,40.6027008,675,2025,Gipsy,300,10760.496742847037,18
2025-05-27 09:40:00,141.4622592,40.6027328,675,2025,Gipsy,300,10765.28446714866,18
2025-05-27 09:45:00,141.481664,40.584128,675,2025,Gipsy,300,8180.143748454049,18
2025-05-27 09:50:00,141.4885696,40.5718336,675,2025,Gipsy,300,6913.88524338927,18
2025-05-27 09:55:00,141.5101888,40.5579648,675,2025,Gipsy,300,4555.431416279267,18
2025-05-27 10:00:00,141.53648,40.5554368,675,2025,Gipsy,300,2587.396226831813,18
2025-05-27 13:40:00,141.5218112,40.5466368,675,2025,Gipsy,300,3160.4955753771533,19
2025-05-27 13:45:00,141.506528,40.5425472,675,2025,Gipsy,300,4348.987061752738,19
2025-05-27 13:50:00,141.5123776,40.5430016,675,2025,Gipsy,300,3862.305136238221,19
2025-05-27 13:55:00,141.5127616,40.5432064,675,2025,Gipsy,300,3832.9958659859976,19
2025-05-27 14:00:00,141.5106496,40.5432512,675,2025,Gipsy,300,4011.026820688988,19
2025-05-27 14:05:00,141.5070848,40.5368512,675,2025,Gipsy,300,4284.357939656388,19
2025-05-27 14:10:00,141.4985856,40.5396224,675,2025,Gipsy,300,5001.147874577566,19
2025-05-27 14:15:00,141.499392,40.539776,675,2025,Gipsy,300,4933.262530887502,19
2025-05-27 14:20:00,141.5001088,40.5396928,675,2025,Gipsy,300,4872.323151774569,19
2025-05-27 14:25:00,141.5054912,40.5362048,675,2025,Gipsy,300,4423.000588816383,19
2025-05-27 14:30:00,141.508288,40.5386112,675,2025,Gipsy,300,4177.933233065688,19
2025-05-27 14:35:00,141.496608,40.5307968,675,2025,Gipsy,300,5240.0092273226255,19
2025-05-27 14:40:00,141.482144,40.5240128,675,2025,Gipsy,300,6595.698835387498,19
2025-05-27 14:45:00,141.4636992,40.5210624,675,2025,Gipsy,300,8191.526498540895,19
2025-05-27 14:50:00,141.4490752,40.5199808,675,2025,Gipsy,300,9425.386439528049,19
2025-05-27 14:55:00,141.442208,40.527456,675,2025,Gipsy,300,9855.074739205578,19
2025-05-27 15:00:00,141.4450624,40.5306432,675,2025,Gipsy,300,9575.83042786989,19
2025-05-27 15:05:00,141.4306368,40.5483328,675,2025,Gipsy,300,10809.793855391676,19
2025-05-27 15:10:00,141.4232,40.5644672,675,2025,Gipsy,300,11740.944052846053,19
2025-05-27 15:15:00,141.4290176,40.5667776,675,2025,Gipsy,300,11331.7356103142,19
2025-05-27 15:20:00,141.428992,40.5670016,675,2025,Gipsy,300,11340.693122627714,19
2025-05-27 15:25:00,141.43264,40.5692288,675,2025,Gipsy,300,11117.192075141753,19
2025-05-27 15:30:00,141.4482944,40.5737728,675,2025,Gipsy,300,10048.007114366188,19
2025-05-27 15:35:00,141.4485504,40.5735488,675,2025,Gipsy,300,10018.386660225206,19
2025-05-27 15:40:00,141.4486272,40.5733248,675,2025,Gipsy,300,10002.79062713924,19
2025-05-27 15:45:00,141.4486784,40.5734784,675,2025,Gipsy,300,10005.368663304165,19
2025-05-27 15:50:00,141.46352,40.5778688,675,2025,Gipsy,300,9083.115914784301,19
2025-05-27 15:55:00,141.4886912,40.5711488,675,2025,Gipsy,300,6864.869856948549,19
2025-05-27 16:00:00,141.5138816,40.5570368,675,2025,Gipsy,300,4231.418788169088,19
2025-05-27 16:05:00,141.5363584,40.5543232,675,2025,Gipsy,300,2506.9307768363947,19
2025-05-27 23:05:00,141.5438528,40.5436928,675,2025,Gipsy,300,1294.5916682461593,20
2025-05-27 23:10:00,141.5272512,40.54784,675,2025,Gipsy,300,2768.1228362327706,20
2025-05-27 23:15:00,141.5281984,40.5482944,675,2025,Gipsy,300,2713.3548240375108,20
2025-05-27 23:20:00,141.5408192,40.536448,675,2025,Gipsy,300,1441.9953531115643,20
2025-05-27 23:25:00,141.540736,40.5365504,675,2025,Gipsy,300,1447.1081450388301,20
2025-05-27 23:30:00,141.5400512,40.536544,675,2025,Gipsy,300,1504.5341692909622,20
2025-05-27 23:35:00,141.5403328,40.5363776,675,2025,Gipsy,300,1483.9305723659595,20
2025-05-27 23:40:00,141.5399744,40.5365952,675,2025,Gipsy,300,1510.113435508412,20
2025-05-27 23:45:00,141.5401728,40.536384,675,2025,Gipsy,300,1497.1803689577998,20
2025-05-27 23:50:00,141.5400192,40.5364672,675,2025,Gipsy,300,1508.5338152154661,20
2025-05-27 23:55:00,141.5401792,40.5364096,675,2025,Gipsy,300,1496.179218029069,20
2025-05-28 00:00:00,141.5400576,40.536384,675,2025,Gipsy,300,1506.8075577807458,20
2025-05-28 00:05:00,141.540192,40.53648,675,2025,Gipsy,300,1493.8530565545645,20
2025-05-28 00:10:00,141.540064,40.5364928,675,2025,Gipsy,300,1504.339420726162,20
2025-05-28 00:15:00,141.5401536,40.5364288,675,2025,Gipsy,300,1497.973264827958,20
2025-05-28 00:20:00,141.5401536,40.536416,675,2025,Gipsy,300,1498.2034859236696,20
2025-05-28 00:25:00,141.5401088,40.5363968,675,2025,Gipsy,300,1502.295674905204,20
2025-05-28 06:00:00,141.5405824,40.5574656,675,2025,Gipsy,300,2542.5548702606734,21
2025-05-28 06:05:00,141.524928,40.577632,675,2025,Gipsy,300,5141.878061296548,21
2025-05-28 06:10:00,141.5071552,40.5924032,675,2025,Gipsy,300,7344.338075422392,21
2025-05-28 06:15:00,141.4852032,40.6114112,675,2025,Gipsy,300,10146.087950729514,21
2025-05-28 06:20:00,141.4660608,40.6281408,675,2025,Gipsy,300,12606.273706634589,21
2025-05-28 06:25:00,141.4543104,40.64864,675,2025,Gipsy,300,15025.042306301986,21
2025-05-28 06:30:00,141.4402432,40.6698368,675,2025,Gipsy,300,17635.914645441,21
2025-05-28 06:35:00,141.4398912,40.67616,675,2025,Gipsy,300,18236.421228308252,21
2025-05-28 06:40:00,141.4402752,40.67536,675,2025,Gipsy,300,18144.301753784977,21
2025-05-28 06:45:00,141.4374976,40.672992,675,2025,Gipsy,300,18056.179565287664,21
2025-05-28 06:50:00,141.437504,40.6736384,675,2025,Gipsy,300,18115.218787321563,21
2025-05-28 06:55:00,141.4378304,40.6739456,675,2025,Gipsy,300,18127.99195181292,21
2025-05-28 07:00:00,141.4372352,40.6740352,675,2025,Gipsy,300,18164.44125634665,21
2025-05-28 07:05:00,141.4379904,40.6733696,675,2025,Gipsy,300,18067.432294395698,21
2025-05-28 07:10:00,141.4379136,40.6726464,675,2025,Gipsy,300,18004.656265241294,21
2025-05-28 07:15:00,141.438048,40.673408,675,2025,Gipsy,300,18068.23235035222,21
2025-05-28 07:20:00,141.4368832,40.6740992,675,2025,Gipsy,300,18187.042166364816,21
2025-05-28 07:25:00,141.4374848,40.6739136,675,2025,Gipsy,300,18141.421954384587,21
2025-05-28 07:30:00,141.43728,40.673792,675,2025,Gipsy,300,18139.96943604687,21
2025-05-28 07:35:00,141.4379392,40.673664,675,2025,Gipsy,300,18096.932422282756,21
2025-05-28 07:40:00,141.4371968,40.6738624,675,2025,Gipsy,300,18150.389108752857,21
2025-05-28 07:45:00,141.4376512,40.6739264,675,2025,Gipsy,300,18134.711106191222,21
2025-05-28 07:50:00,141.43872,40.6739584,675,2025,Gipsy,300,18087.179499151356,21
2025-05-28 07:55:00,141.4377088,40.6737536,675,2025,Gipsy,300,18116.090220748592,21
2025-05-28 08:00:00,141.4467968,40.6825472,675,2025,Gipsy,300,18531.786788375473,21
2025-05-28 08:05:00,141.4469248,40.6825024,675,2025,Gipsy,300,18522.017254368064,21
2025-05-28 08:10:00,141.447168,40.6823744,675,2025,Gipsy,300,18499.354048926587,21
2025-05-28 08:15:00,141.4473152,40.682464,675,2025,Gipsy,300,18501.650887519903,21
2025-05-28 08:20:00,141.4457024,40.6990336,675,2025,Gipsy,300,20174.966076843375,21
2025-05-28 08:25:00,141.4338048,40.7157952,675,2025,Gipsy,300,22290.464575638005,21
2025-05-28 08:30:00,141.4338304,40.7242432,675,2025,Gipsy,300,23121.500243274295,21
2025-05-28 08:35:00,141.451744,40.7008,675,2025,Gipsy,300,20115.529338721255,21
2025-05-28 08:40:00,141.4620224,40.6729472,675,2025,Gipsy,300,16970.193952148195,21
2025-05-28 08:45:00,141.4691072,40.6462144,675,2025,Gipsy,300,14103.515820863791,21
2025-05-28 08:50:00,141.48016,40.614432,675,2025,Gipsy,300,10672.190109123014,21
2025-05-28 08:55:00,141.4972672,40.5823104,675,2025,Gipsy,300,7047.312293743415,21
2025-05-28 09:00:00,141.5212736,40.5556608,675,2025,Gipsy,300,3613.4571644788925,21
2025-05-28 11:45:00,141.5422848,40.5392896,675,2025,Gipsy,300,1299.9637333097837,22
2025-05-28 11:50:00,141.5164672,40.5448128,675,2025,Gipsy,300,3552.3382691646875,22
2025-05-28 11:55:00,141.5097024,40.5448384,675,2025,Gipsy,300,4116.508608761985,22
2025-05-28 12:00:00,141.505856,40.5423744,675,2025,Gipsy,300,4403.7723421772225,22
2025-05-28 12:05:00,141.5072192,40.542112,675,2025,Gipsy,300,4286.086509463494,22
2025-05-28 12:10:00,141.5073088,40.5419776,675,2025,Gipsy,300,4277.199396156533,22
2025-05-28 12:15:00,141.4993856,40.539744,675,2025,Gipsy,300,4933.713435193306,22
2025-05-28 12:20:00,141.498848,40.5403264,675,2025,Gipsy,300,4981.282348476418,22
2025-05-28 12:25:00,141.4988288,40.540352,675,2025,Gipsy,300,4983.016578810886,22
2025-05-28 12:30:00,141.4988224,40.540256,675,2025,Gipsy,300,4983.158610413415,22
2025-05-28 12:35:00,141.5038784,40.543072,675,2025,Gipsy,300,4578.296363487579,22
2025-05-28 12:40:00,141.5016,40.5604672,675,2025,Gipsy,300,5328.821511730954,22
2025-05-28 12:45:00,141.4813248,40.5765568,675,2025,Gipsy,300,7713.4093395532545,22
2025-05-28 12:50:00,141.4697792,40.6032576,675,2025,Gipsy,300,10336.706820721694,22
2025-05-28 12:55:00,141.4653696,40.6285184,675,2025,Gipsy,300,12675.324152660114,22
2025-05-28 13:00:00,141.4582592,40.6531072,675,2025,Gipsy,300,15244.092422998387,22
2025-05-28 13:05:00,141.4491584,40.6782016,675,2025,Gipsy,300,18014.722536142646,22
2025-05-28 13:10:00,141.4402816,40.7012736,675,2025,Gipsy,300,20611.83389269577,22
2025-05-28 13:15:00,141.4338624,40.7194688,675,2025,Gipsy,300,22648.993589512334,22
2025-05-28 13:20:00,141.430336,40.7285056,675,2025,Gipsy,300,23677.29287967318,22
2025-05-28 13:25:00,141.4390912,40.7278464,675,2025,Gipsy,300,23283.735333481036,22
2025-05-28 13:30:00,141.4416256,40.7408256,675,2025,Gipsy,300,24505.410674866856,22
2025-05-28 13:35:00,141.4456576,40.73328,675,2025,Gipsy,300,23601.240104596953,22
2025-05-28 13:40:00,141.435808,40.7263616,675,2025,Gipsy,300,23256.79906221997,22
2025-05-28 13:45:00,141.44064,40.7095744,675,2025,Gipsy,300,21409.946345995475,22
2025-05-28 13:50:00,141.455264,40.6939456,675,2025,Gipsy,300,19301.694877457303,22
2025-05-28 13:55:00,141.4556352,40.7086272,675,2025,Gipsy,300,20758.16361334543,22
2025-05-28 14:00:00,141.44638079999999,40.6845248,675,2025,Gipsy,300,18739.1229312285,22
2025-05-28 14:05:00,141.45264,40.6666752,675,2025,Gipsy,300,16768.33720137301,22
2025-05-28 14:10:00,141.4513792,40.6497088,675,2025,Gipsy,300,15266.49151197386,22
2025-05-28 14:15:00,141.4617728,40.6260352,675,2025,Gipsy,300,12652.444940474557,22
2025-05-28 14:20:00,141.4671488,40.6093632,675,2025,Gipsy,300,10972.671351183055,22
2025-05-28 14:25:00,141.4745472,40.5859584,675,2025,Gipsy,300,8782.11619478822,22
2025-05-28 14:30:00,141.493504,40.5655552,675,2025,Gipsy,300,6199.4405800541,22
2025-05-28 14:35:00,141.517408,40.5563008,675,2025,Gipsy,300,3931.1337267293125,22
2025-05-28 14:40:00,141.5119296,40.5451136,675,2025,Gipsy,300,3936.131994557127,22
2025-05-28 14:45:00,141.5082624,40.5424128,675,2025,Gipsy,300,4201.302627570049,22
2025-05-28 14:50:00,141.5107584,40.5425024,675,2025,Gipsy,300,3992.042751937056,22
2025-05-28 14:55:00,141.5158976,40.5412864,675,2025,Gipsy,300,3545.6973043740686,22
2025-05-28 15:00:00,141.5361408,40.5368448,675,2025,Gipsy,300,1828.781494022646,22
2025-05-29 05:20:00,141.563616,40.5781504,675,2025,Gipsy,300,4420.632080653262,23
2025-05-29 05:25:00,141.5512768,40.6040256,675,2025,Gipsy,300,7284.263369960618,23
2025-05-29 05:30:00,141.5317632,40.6267136,675,2025,Gipsy,300,10025.563453587663,23
2025-05-29 05:35:00,141.5083712,40.648448,675,2025,Gipsy,300,12889.795542924983,23
2025-05-29 05:40:00,141.4812992,40.657312,675,2025,Gipsy,300,14679.06962701798,23
2025-05-29 05:45:00,141.4620288,40.6530816,675,2025,Gipsy,300,15068.026977201718,23
2025-05-29 05:50:00,141.453824,40.6466688,675,2025,Gipsy,300,14871.93643337635,23
2025-05-29 05:55:00,141.4476672,40.6395136,675,2025,Gipsy,300,14566.207925674846,23
2025-05-29 06:00:00,141.447744,40.6394688,675,2025,Gipsy,300,14558.228992322425,23
2025-05-29 06:05:00,141.4477184,40.6394752,675,2025,Gipsy,300,14560.159990422782,23
2025-05-29 06:10:00,141.4673792,40.6209408,675,2025,Gipsy,300,11914.163022038583,23
2025-05-29 06:15:00,141.497248,40.601728,675,2025,Gipsy,300,8674.806631000549,23
2025-05-29 06:20:00,141.5233344,40.5829952,675,2025,Gipsy,300,5720.145273059523,23
2025-05-29 06:25:00,141.5440064,40.5622208,675,2025,Gipsy,300,2864.0543632912745,23
2025-05-16 12:25:00,141.519936,40.5451136,681,2025,Gipsy,300,3271.7676381141987,1
2025-05-16 12:30:00,141.5177216,40.545248,681,2025,Gipsy,300,3458.125394644739,1
2025-05-16 12:35:00,141.5172352,40.545216,681,2025,Gipsy,300,3497.647103816691,1
2025-05-16 12:40:00,141.5150592,40.5466304,681,2025,Gipsy,300,3712.5830198909334,1
2025-05-16 12:45:00,141.5172416,40.5560384,681,2025,Gipsy,300,3928.916324545381,1
2025-05-16 12:50:00,141.518432,40.555936,681,2025,Gipsy,300,3835.7742338035773,1
2025-05-16 12:55:00,141.5188416,40.5559488,681,2025,Gipsy,300,3806.5186839217995,1
2025-05-16 13:00:00,141.5128448,40.5665152,681,2025,Gipsy,300,4896.655264052045,1
2025-05-16 13:05:00,141.5038208,40.5593984,681,2025,Gipsy,300,5107.364922236545,1
2025-05-16 13:10:00,141.5039552,40.5593344,681,2025,Gipsy,300,5093.999408292355,1
2025-05-16 13:15:00,141.504064,40.55936,681,2025,Gipsy,300,5087.066059540208,1
2025-05-16 13:20:00,141.49648,40.563712,681,2025,Gipsy,300,5880.2229144643225,1
2025-05-16 13:25:00,141.5014016,40.5606848,681,2025,Gipsy,300,5354.8007711724495,1
2025-05-16 13:30:00,141.5126208,40.5574336,681,2025,Gipsy,300,4346.216530497837,1
2025-05-16 13:35:00,141.5126016,40.5574656,681,2025,Gipsy,300,4349.351551079016,1
2025-05-16 13:40:00,141.5125824,40.557376,681,2025,Gipsy,300,4345.998760903566,1
2025-05-16 13:45:00,141.5128896,40.5577664,681,2025,Gipsy,300,4344.239969228827,1
2025-05-16 13:50:00,141.5205184,40.555552,681,2025,Gipsy,300,3661.871223282042,1
2025-05-16 13:55:00,141.541184,40.5530944,681,2025,Gipsy,300,2126.7058467929864,1
2025-05-16 14:00:00,141.5435904,40.5496448,681,2025,Gipsy,300,1706.3476886275275,1
2025-05-17 17:45:00,141.5429504,40.54256,681,2025,Gipsy,300,1316.6850531383084,2
2025-05-17 17:50:00,141.5061376,40.5420928,681,2025,Gipsy,300,4377.157028647161,2
2025-05-17 17:55:00,141.5095936,40.5430976,681,2025,Gipsy,300,4097.654113349068,2
2025-05-17 18:00:00,141.5103296,40.5429952,681,2025,Gipsy,300,4034.387174491508,2
2025-05-17 18:05:00,141.5104832,40.5578176,681,2025,Gipsy,300,4525.736042671778,2
2025-05-17 18:10:00,141.4963264,40.5671168,681,2025,Gipsy,300,6079.607005880741,2
2025-05-17 18:15:00,141.5014784,40.5607296,681,2025,Gipsy,300,5351.298793930205,2
2025-05-17 18:20:00,141.5124992,40.5531712,681,2025,Gipsy,300,4148.978928099835,2
2025-05-17 18:25:00,141.52208,40.5451328,681,2025,Gipsy,300,3095.3820366921973,2
2025-05-17 18:30:00,141.5248512,40.5460352,681,2025,Gipsy,300,2894.603841069636,2
2025-05-17 18:35:00,141.5266048,40.5465664,681,2025,Gipsy,300,2770.7755889044715,2
2025-05-17 18:40:00,141.5268672,40.5471168,681,2025,Gipsy,300,2769.959710854169,2
2025-05-17 18:45:00,141.52688,40.5464448,681,2025,Gipsy,300,2744.3801208647656,2
2025-05-17 18:50:00,141.5268352,40.5466752,681,2025,Gipsy,300,2756.1863708300834,2
2025-05-17 18:55:00,141.5270016,40.5466752,681,2025,Gipsy,300,2742.8594772899887,2
2025-05-17 19:00:00,141.527296,40.5471232,681,2025,Gipsy,300,2736.087590179097,2
2025-05-17 19:05:00,141.5256576,40.5450496,681,2025,Gipsy,300,2799.254695926049,2
2025-05-17 19:10:00,141.5267648,40.5466688,681,2025,Gipsy,300,2761.5966019186753,2
2025-05-17 19:15:00,141.5271744,40.5468352,681,2025,Gipsy,300,2734.9103148360055,2
2025-05-17 19:20:00,141.5363968,40.5426048,681,2025,Gipsy,300,1850.5849725279543,2
2025-05-17 19:25:00,141.5457408,40.5376448,681,2025,Gipsy,300,1010.6257755375368,2
2025-05-18 11:35:00,141.5437376,40.5494912,681,2025,Gipsy,300,1685.4235962278833,3
2025-05-18 11:40:00,141.5256064,40.5660416,681,2025,Gipsy,300,4077.581767415211,3
2025-05-18 11:45:00,141.5095552,40.5626816,681,2025,Gipsy,300,4869.398975595573,3
2025-05-18 11:50:00,141.4933376,40.5706048,681,2025,Gipsy,300,6500.351989942923,3
2025-05-18 11:55:00,141.4850496,40.58416,681,2025,Gipsy,300,7958.9450934756505,3
2025-05-18 12:00:00,141.4714432,40.5887232,681,2025,Gipsy,300,9176.797668323441,3
2025-05-18 12:05:00,141.4667648,40.5989568,681,2025,Gipsy,300,10202.139258620726,3
2025-05-18 12:10:00,141.4624832,40.6025152,681,2025,Gipsy,300,10735.086640827863,3
2025-05-18 12:15:00,141.4627456,40.6019904,681,2025,Gipsy,300,10679.95189224609,3
2025-05-18 12:20:00,141.4577536,40.6035008,681,2025,Gipsy,300,11109.391947753307,3
2025-05-18 12:25:00,141.4710208,40.5888768,681,2025,Gipsy,300,9215.581709208387,3
2025-05-18 12:30:00,141.4709952,40.5889344,681,2025,Gipsy,300,9221.179478963326,3
2025-05-18 12:35:00,141.4707968,40.588896,681,2025,Gipsy,300,9231.971167037,3
2025-05-18 12:40:00,141.4908352,40.577216,681,2025,Gipsy,300,7096.47657733141,3
2025-05-18 12:45:00,141.5084352,40.5582144,681,2025,Gipsy,300,4699.688773098331,3
2025-05-18 12:50:00,141.54368,40.5494016,681,2025,Gipsy,300,1681.7214678406988,3
2025-05-18 19:35:00,141.537984,40.560384,681,2025,Gipsy,300,2934.2801556184318,4
2025-05-18 19:40:00,141.5258944,40.574208,681,2025,Gipsy,300,4779.336064635153,4
2025-05-18 19:45:00,141.5063552,40.5785344,681,2025,Gipsy,300,6204.670510963707,4
2025-05-18 19:50:00,141.49104,40.5762176,681,2025,Gipsy,300,7016.137864295565,4
2025-05-18 19:55:00,141.4828544,40.5880576,681,2025,Gipsy,300,8380.207828334333,4
2025-05-18 20:00:00,141.4769152,40.602336,681,2025,Gipsy,300,9837.007919954955,4
2025-05-18 20:05:00,141.4771968,40.6021056,681,2025,Gipsy,300,9802.047095719434,4
2025-05-18 20:10:00,141.4774784,40.611712,681,2025,Gipsy,300,10579.765834944834,4
2025-05-18 20:15:00,141.477888,40.6238016,681,2025,Gipsy,300,11621.246224077975,4
2025-05-18 20:20:00,141.4947776,40.6344448,681,2025,Gipsy,300,11897.535909958293,4
2025-05-18 20:25:00,141.5139328,40.6497024,681,2025,Gipsy,300,12878.733683569735,4
2025-05-18 20:30:00,141.5124608,40.6623936,681,2025,Gipsy,300,14267.271259330344,4
2025-05-18 20:35:00,141.512864,40.6624832,681,2025,Gipsy,300,14267.761696779236,4
2025-05-18 20:40:00,141.5136896,40.6623424,681,2025,Gipsy,300,14234.28185717851,4
2025-05-18 20:45:00,141.5142848,40.6622272,681,2025,Gipsy,300,14208.851105807173,4
2025-05-18 20:50:00,141.5162304,40.6431424,681,2025,Gipsy,300,12125.164287110698,4
2025-05-18 20:55:00,141.5139712,40.639616,681,2025,Gipsy,300,11809.24769560226,4
2025-05-18 21:00:00,141.511968,40.6386944,681,2025,Gipsy,300,11766.676227155622,4
2025-05-18 21:05:00,141.5128128,40.6191552,681,2025,Gipsy,300,9715.350978919854,4
2025-05-18 21:10:00,141.52176,40.590656,681,2025,Gipsy,300,6528.474726724569,4
2025-05-18 21:15:00,141.53648,40.5685952,681,2025,Gipsy,300,3780.318368547954,4
2025-05-18 21:20:00,141.5571968,40.5489216,681,2025,Gipsy,300,1145.9916072834963,4
2025-05-19 09:30:00,141.5517056,40.5482816,681,2025,Gipsy,300,1184.881016109999,5
2025-05-19 09:35:00,141.5275392,40.5635136,681,2025,Gipsy,300,3759.609253185937,5
2025-05-19 09:40:00,141.5068928,40.5539392,681,2025,Gipsy,300,4620.778040579493,5
2025-05-19 09:45:00,141.5168192,40.5448064,681,2025,Gipsy,300,3522.9510827615613,5
2025-05-19 09:50:00,141.5159488,40.5394176,681,2025,Gipsy,300,3530.0456941475804,5
2025-05-19 09:55:00,141.5166016,40.5401152,681,2025,Gipsy,300,3477.612678460954,5
2025-05-19 10:00:00,141.5161728,40.5396032,681,2025,Gipsy,300,3511.65943200199,5
2025-05-19 10:05:00,141.5160576,40.5397824,681,2025,Gipsy,300,3522.091265367655,5
2025-05-19 10:10:00,141.515872,40.5392896,681,2025,Gipsy,300,3536.2197518702064,5
2025-05-19 10:15:00,141.516,40.5392128,681,2025,Gipsy,300,3525.2070028097223,5
2025-05-19 10:20:00,141.516064,40.5394432,681,2025,Gipsy,300,3520.362533376927,5
2025-05-19 10:25:00,141.5162368,40.5395712,681,2025,Gipsy,300,3506.130576100148,5
2025-05-19 10:30:00,141.5159744,40.5394112,681,2025,Gipsy,300,3527.859692379449,5
2025-05-19 10:35:00,141.5160832,40.5393792,681,2025,Gipsy,300,3518.557625966068,5
2025-05-19 10:40:00,141.5157952,40.5392576,681,2025,Gipsy,300,3542.6511598637358,5
2025-05-19 10:45:00,141.515872,40.5393344,681,2025,Gipsy,300,3536.3288330498153,5
2025-05-19 10:50:00,141.516096,40.5394624,681,2025,Gipsy,300,3517.7089613131016,5
2025-05-19 10:55:00,141.5163328,40.5391552,681,2025,Gipsy,300,3496.901926814371,5
2025-05-19 11:00:00,141.5081856,40.5428928,681,2025,Gipsy,300,4213.449383226982,5
2025-05-19 11:05:00,141.5182592,40.5417024,681,2025,Gipsy,300,3350.7909276887895,5
2025-05-19 11:10:00,141.5275392,40.5337792,681,2025,Gipsy,300,2602.8685768106407,5
2025-05-19 16:55:00,141.531648,40.5249472,681,2025,Gipsy,300,2671.457168654002,6
2025-05-19 17:00:00,141.5130944,40.5023616,681,2025,Gipsy,300,5515.877111511833,6
2025-05-19 17:05:00,141.5077056,40.4838336,681,2025,Gipsy,300,7407.933667098312,6
2025-05-19 17:10:00,141.5031744,40.4747008,681,2025,Gipsy,300,8464.095387615449,6
2025-05-19 17:15:00,141.4938624,40.4674112,681,2025,Gipsy,300,9575.654137058666,6
2025-05-19 17:20:00,141.4932608,40.4727232,681,2025,Gipsy,300,9125.003331253496,6
2025-05-19 17:25:00,141.5033152,40.4755136,681,2025,Gipsy,300,8381.995729296728,6
2025-05-19 17:30:00,141.5038592,40.478112,681,2025,Gipsy,300,8116.346919202506,6
2025-05-19 17:35:00,141.5192704,40.4832512,681,2025,Gipsy,300,6952.6246960958315,6
2025-05-19 17:40:00,141.5222016,40.4796288,681,2025,Gipsy,300,7203.739450338275,6
2025-05-19 17:45:00,141.5276224,40.4725312,681,2025,Gipsy,300,7764.854024087396,6
2025-05-19 17:50:00,141.5304704,40.4691136,681,2025,Gipsy,300,8052.183866031585,6
2025-05-19 17:55:00,141.5287168,40.4702976,681,2025,Gipsy,300,7970.665330766006,6
2025-05-19 18:00:00,141.5219008,40.4786816,681,2025,Gipsy,300,7310.019029270964,6
2025-05-19 18:05:00,141.5236992,40.4826496,681,2025,Gipsy,300,6845.927628962823,6
2025-05-19 18:10:00,141.52336,40.4832576,681,2025,Gipsy,300,6796.927570669955,6
2025-05-19 18:15:00,141.5237184,40.4823168,681,2025,Gipsy,300,6878.810925078318,6
2025-05-19 18:20:00,141.5203968,40.5006976,681,2025,Gipsy,300,5259.422863483584,6
2025-05-19 18:25:00,141.5180096,40.5286912,681,2025,Gipsy,300,3530.636821001996,6
2025-05-19 18:30:00,141.5158976,40.5391232,681,2025,Gipsy,300,3533.70732841421,6
2025-05-19 18:35:00,141.5356416,40.5391872,681,2025,Gipsy,300,1861.6698680711784,6
2025-05-20 01:55:00,141.5699904,40.5669056,681,2025,Gipsy,300,3313.044233000218,7
2025-05-20 02:00:00,141.5828672,40.5800128,681,2025,Gipsy,300,5071.4897768342535,7
2025-05-20 02:05:00,141.585472,40.5793216,681,2025,Gipsy,300,5100.279895465631,7
2025-05-20 02:10:00,141.5981184,40.5848832,681,2025,Gipsy,300,6179.093031129996,7
2025-05-20 02:15:00,141.5989952,40.584352,681,2025,Gipsy,300,6172.001812078012,7
2025-05-20 02:20:00,141.6125248,40.5948096,681,2025,Gipsy,300,7783.530951105633,7
2025-05-20 02:25:00,141.6135168,40.5942656,681,2025,Gipsy,300,7785.988786032691,7
2025-05-20 02:30:00,141.6146688,40.59328,681,2025,Gipsy,300,7759.793260623494,7
2025-05-20 02:35:00,141.614752,40.5937152,681,2025,Gipsy,300,7802.0215324366745,7
2025-05-20 02:40:00,141.615008,40.593536,681,2025,Gipsy,300,7799.920105556633,7
2025-05-20 02:45:00,141.6152,40.59312,681,2025,Gipsy,300,7774.048464637369,7
2025-05-20 02:50:00,141.6151744,40.5929984,681,2025,Gipsy,300,7762.179300112501,7
2025-05-20 02:55:00,141.6020928,40.600672,681,2025,Gipsy,300,7854.599407888767,7
2025-05-20 03:00:00,141.5989632,40.6005696,681,2025,Gipsy,300,7720.851210628028,7
2025-05-20 03:05:00,141.59968,40.600288,681,2025,Gipsy,300,7720.822950027532,7
2025-05-20 03:10:00,141.5999424,40.5998912,681,2025,Gipsy,300,7692.096097742335,7
2025-05-20 03:15:00,141.6003136,40.599648,681,2025,Gipsy,300,7682.963215475449,7
2025-05-20 03:20:00,141.6004352,40.5993024,681,2025,Gipsy,300,7654.003946471872,7
2025-05-20 03:25:00,141.601216,40.5990464,681,2025,Gipsy,300,7660.641800789224,7
2025-05-20 03:30:00,141.5839168,40.6004864,681,2025,Gipsy,300,7223.775204249681,7
2025-05-20 03:35:00,141.5627136,40.6064128,681,2025,Gipsy,300,7542.05307487933,7
2025-05-20 03:40:00,141.54768,40.6059136,681,2025,Gipsy,300,7521.276795956812,7
2025-05-20 03:45:00,141.5404608,40.610688,681,2025,Gipsy,300,8134.915835774437,7
2025-05-20 03:50:00,141.5369216,40.5975104,681,2025,Gipsy,300,6771.4526855725735,7
2025-05-20 03:55:00,141.5407616,40.5809344,681,2025,Gipsy,300,4912.003776301924,7
2025-05-20 04:00:00,141.5479424,40.5642496,681,2025,Gipsy,300,2962.8192113507234,7
2025-05-21 10:50:00,141.5629312,40.552064,681,2025,Gipsy,300,1561.0940462408007,8
2025-05-21 10:55:00,141.557568,40.5733632,681,2025,Gipsy,300,3859.6038731074445,8
2025-05-21 11:00:00,141.5471616,40.5977344,681,2025,Gipsy,300,6625.193380165456,8
2025-05-21 11:05:00,141.521888,40.6178688,681,2025,Gipsy,300,9306.75272551139,8
2025-05-21 11:10:00,141.505088,40.6425344,681,2025,Gipsy,300,12367.44200830271,8
2025-05-21 11:15:00,141.4851648,40.6634624,681,2025,Gipsy,300,15159.96621109813,8
2025-05-21 11:20:00,141.4648576,40.6602368,681,2025,Gipsy,300,15622.23771418061,8
2025-05-21 11:25:00,141.447264,40.6802432,681,2025,Gipsy,300,18291.429908060607,8
2025-05-21 11:30:00,141.4344384,40.7004032,681,2025,Gipsy,300,20770.838912676387,8
2025-05-21 11:35:00,141.43536,40.6894144,681,2025,Gipsy,300,19684.139087463387,8
2025-05-21 11:40:00,141.4417792,40.6754368,681,2025,Gipsy,300,18082.11801829438,8
2025-05-21 11:45:00,141.44368,40.6521728,681,2025,Gipsy,300,15875.577006358955,8
2025-05-21 11:50:00,141.4525184,40.6269504,681,2025,Gipsy,300,13243.669630479511,8
2025-05-21 11:55:00,141.4613056,40.6041024,681,2025,Gipsy,300,10926.553395199482,8
2025-05-21 12:00:00,141.4609088,40.5996992,681,2025,Gipsy,300,10633.423091654748,8
2025-05-21 12:05:00,141.4756416,40.5868288,681,2025,Gipsy,300,8766.725137318916,8
2025-05-21 12:10:00,141.4905536,40.5682496,681,2025,Gipsy,300,6564.155386098898,8
2025-05-21 12:15:00,141.5199104,40.5555392,681,2025,Gipsy,300,3705.4268694742823,8
2025-05-21 12:20:00,141.5388736,40.55344,681,2025,Gipsy,300,2287.0396211443913,8
2025-05-21 16:15:00,141.5526272,40.5528512,681,2025,Gipsy,300,1637.0343830782683,9
2025-05-21 16:20:00,141.547008,40.5897408,681,2025,Gipsy,300,5748.72176885487,9
2025-05-21 16:25:00,141.5356096,40.6174208,681,2025,Gipsy,300,8947.943149050681,9
2025-05-21 16:30:00,141.5114624,40.6545024,681,2025,Gipsy,300,13449.397073575843,9
2025-05-21 16:35:00,141.4893376,40.6763264,681,2025,Gipsy,300,16348.23586255358,9
2025-05-21 16:40:00,141.4570112,40.6722944,681,2025,Gipsy,300,17113.509564463046,9
2025-05-21 16:45:00,141.4486912,40.6645056,681,2025,Gipsy,300,16746.20020959328,9
2025-05-21 16:50:00,141.4475072,40.6430272,681,2025,Gipsy,300,14876.776970237812,9
2025-05-21 16:55:00,141.4572608,40.6179264,681,2025,Gipsy,300,12237.816842174987,9
2025-05-21 17:00:00,141.462144,40.6028224,681,2025,Gipsy,300,10779.177898398342,9
2025-05-21 17:05:00,141.4635968,40.598144,681,2025,Gipsy,300,10348.042407170416,9
2025-05-21 17:10:00,141.4853312,40.5752384,681,2025,Gipsy,300,7349.5381558470035,9
2025-05-21 17:15:00,141.5146496,40.5570624,681,2025,Gipsy,300,4175.991594753659,9
2025-05-21 17:20:00,141.5464768,40.5488704,681,2025,Gipsy,300,1479.0194431692648,9
2025-05-21 21:45:00,141.5397696,40.5650304,681,2025,Gipsy,300,3300.264906462553,10
2025-05-21 21:50:00,141.5467648,40.575296,681,2025,Gipsy,300,4176.364146507291,10
2025-05-21 21:55:00,141.5191808,40.5765504,681,2025,Gipsy,300,5323.8652489161705,10
2025-05-21 22:00:00,141.5014656,40.58592,681,2025,Gipsy,300,7085.7040393146935,10
2025-05-21 22:05:00,141.5043328,40.6003136,681,2025,Gipsy,300,8203.846610288436,10
2025-05-21 22:10:00,141.5154304,40.6094592,681,2025,Gipsy,300,8640.36223915626,10
2025-05-21 22:15:00,141.5360448,40.6204032,681,2025,Gipsy,300,9264.795117048845,10
2025-05-21 22:20:00,141.5369792,40.6208128,681,2025,Gipsy,300,9294.203683105168,10
2025-05-21 22:25:00,141.5376576,40.6206528,681,2025,Gipsy,300,9266.113649158733,10
2025-05-21 22:30:00,141.538752,40.620736,681,2025,Gipsy,300,9258.775677232026,10
2025-05-21 22:35:00,141.5398272,40.6204928,681,2025,Gipsy,300,9216.873040778006,10
2025-05-21 22:40:00,141.540832,40.6228416,681,2025,Gipsy,300,9461.14883758435,10
2025-05-21 22:45:00,141.5427328,40.6247488,681,2025,Gipsy,300,9648.27145298662,10
2025-05-21 22:50:00,141.543584,40.624352,681,2025,Gipsy,300,9595.406355652445,10
2025-05-21 22:55:00,141.5460928,40.6271168,681,2025,Gipsy,300,9876.92695624442,10
2025-05-21 23:00:00,141.5574592,40.6390528,681,2025,Gipsy,300,11154.196681370191,10
2025-05-21 23:05:00,141.5583808,40.63856,681,2025,Gipsy,300,11099.661356908951,10
2025-05-21 23:10:00,141.5604224,40.6405888,681,2025,Gipsy,300,11327.272807249463,10
2025-05-21 23:15:00,141.5731904,40.6512512,681,2025,Gipsy,300,12578.181435852632,10
2025-05-21 23:20:00,141.5891072,40.653664,681,2025,Gipsy,300,13052.048488137469,10
2025-05-21 23:25:00,141.5906048,40.652864,681,2025,Gipsy,300,12991.767218845005,10
2025-05-21 23:30:00,141.5992512,40.6598528,681,2025,Gipsy,300,13917.815432148946,10
2025-05-21 23:35:00,141.600512,40.6583808,681,2025,Gipsy,300,13787.483490220417,10
2025-05-21 23:40:00,141.6018368,40.657024,681,2025,Gipsy,300,13672.485481255688,10
2025-05-21 23:45:00,141.603392,40.6565568,681,2025,Gipsy,300,13659.36576014162,10
2025-05-21 23:50:00,141.6047616,40.6569088,681,2025,Gipsy,300,13730.104020655106,10
2025-05-21 23:55:00,141.6055936,40.6553152,681,2025,Gipsy,300,13581.791419395759,10
2025-05-22 00:00:00,141.6077504,40.6548352,681,2025,Gipsy,300,13586.867048056465,10
2025-05-22 00:05:00,141.6148416,40.6582336,681,2025,Gipsy,300,14140.078821134794,10
2025-05-22 00:10:00,141.6141056,40.6614208,681,2025,Gipsy,300,14452.320507594522,10
2025-05-22 00:15:00,141.6162112,40.6598208,681,2025,Gipsy,300,14345.446923859023,10
2025-05-22 00:20:00,141.6170176,40.6593216,681,2025,Gipsy,300,14317.28383052769,10
2025-05-22 00:25:00,141.61712,40.6584256,681,2025,Gipsy,300,14227.247086060313,10
2025-05-22 00:30:00,141.6169664,40.6609984,681,2025,Gipsy,300,14490.245486379608,10
2025-05-22 00:35:00,141.608608,40.672672,681,2025,Gipsy,300,15500.726982053822,10
2025-05-22 00:40:00,141.6095872,40.6718464,681,2025,Gipsy,300,15436.118294531425,10
2025-05-22 00:45:00,141.6106432,40.6707008,681,2025,Gipsy,300,15340.148935519139,10
2025-05-22 00:50:00,141.612096,40.670528,681,2025,Gipsy,300,15358.278127978476,10
2025-05-22 00:55:00,141.6138624,40.6726784,681,2025,Gipsy,300,15631.085550219488,10
2025-05-22 01:00:00,141.6127424,40.675424,681,2025,Gipsy,300,15893.64046804575,10
2025-05-22 01:05:00,141.6147136,40.6806976,681,2025,Gipsy,300,16502.38187405282,10
2025-05-22 01:10:00,141.615232,40.6785984,681,2025,Gipsy,300,16292.737659915354,10
2025-05-22 01:15:00,141.6150208,40.6793024,681,2025,Gipsy,300,16362.022252587609,10
2025-05-22 01:20:00,141.6166464,40.6788992,681,2025,Gipsy,300,16360.769964336163,10
2025-05-22 01:25:00,141.6165184,40.680928,681,2025,Gipsy,300,16572.156361588608,10
2025-05-22 01:30:00,141.617824,40.6833472,681,2025,Gipsy,300,16861.589073328112,10
2025-05-22 01:35:00,141.6168512,40.681984,681,2025,Gipsy,300,16692.453474910384,10
2025-05-22 01:40:00,141.6267648,40.6888384,681,2025,Gipsy,300,17679.623637530665,10
2025-05-22 01:45:00,141.6297408,40.6897408,681,2025,Gipsy,300,17858.71067607598,10
2025-05-22 01:50:00,141.629888,40.6894464,681,2025,Gipsy,300,17832.264744084823,10
2025-05-22 01:55:00,141.6297216,40.6882944,681,2025,Gipsy,300,17707.313957126764,10
2025-05-22 02:00:00,141.6302016,40.687648,681,2025,Gipsy,300,17654.053153664794,10
2025-05-22 02:05:00,141.630208,40.6867968,681,2025,Gipsy,300,17565.67146087993,10
2025-05-22 02:10:00,141.630336,40.6859136,681,2025,Gipsy,300,17477.649360312822,10
2025-05-22 02:15:00,141.630784,40.6851904,681,2025,Gipsy,300,17415.964844034388,10
2025-05-22 02:20:00,141.6303872,40.6844096,681,2025,Gipsy,300,17322.997749405284,10
2025-05-22 02:25:00,141.6311296,40.6836864,681,2025,Gipsy,300,17270.508214504065,10
2025-05-22 02:30:00,141.6312832,40.6828992,681,2025,Gipsy,300,17193.714190092716,10
2025-05-22 02:35:00,141.6534464,40.6903936,681,2025,Gipsy,300,18705.291255724784,10
2025-05-22 02:40:00,141.6600192,40.6902464,681,2025,Gipsy,300,18938.56111390338,10
2025-05-22 02:45:00,141.6603712,40.689312,681,2025,Gipsy,300,18860.10531174534,10
2025-05-22 02:50:00,141.6610304,40.68848,681,2025,Gipsy,300,18804.095960826024,10
2025-05-22 02:55:00,141.661792,40.6876416,681,2025,Gipsy,300,18751.98697481736,10
2025-05-22 03:00:00,141.6625024,40.6866752,681,2025,Gipsy,300,18685.856940574642,10
2025-05-22 03:05:00,141.663168,40.6858112,681,2025,Gipsy,300,18628.46038626713,10
2025-05-22 03:10:00,141.6636928,40.6844224,681,2025,Gipsy,300,18514.81651932175,10
2025-05-22 03:15:00,141.6645376,40.6838144,681,2025,Gipsy,300,18490.70200658186,10
2025-05-22 03:20:00,141.6651264,40.6829696,681,2025,Gipsy,300,18433.523874672268,10
2025-05-22 03:25:00,141.662688,40.6881408,681,2025,Gipsy,300,18836.59246637135,10
2025-05-22 03:30:00,141.669824,40.7021376,681,2025,Gipsy,300,20492.415504915138,10
2025-05-22 03:35:00,141.6603584,40.6996864,681,2025,Gipsy,300,19888.69969819742,10
2025-05-22 03:40:00,141.6335232,40.6788992,681,2025,Gipsy,300,16851.96821409712,10
2025-05-22 03:45:00,141.6099776,40.6521344,681,2025,Gipsy,300,13363.674769396253,10
2025-05-22 03:50:00,141.5807552,40.6295552,681,2025,Gipsy,300,10287.959936601246,10
2025-05-22 03:55:00,141.5614016,40.5978688,681,2025,Gipsy,300,6588.705882401691,10
2025-05-22 04:00:00,141.558976,40.5639488,681,2025,Gipsy,300,2816.576877199655,10
2025-05-22 06:45:00,141.5871104,40.5481152,681,2025,Gipsy,300,2713.534015711023,11
2025-05-22 06:50:00,141.6285504,40.5451904,681,2025,Gipsy,300,6054.608453808863,11
2025-05-22 06:55:00,141.6650048,40.5467968,681,2025,Gipsy,300,9143.773619571859,11
2025-05-22 07:00:00,141.709696,40.5428224,681,2025,Gipsy,300,12893.279222867704,11
2025-05-22 07:05:00,141.748928,40.5370688,681,2025,Gipsy,300,16209.96420742551,11
2025-05-22 07:10:00,141.7782016,40.5217152,681,2025,Gipsy,300,18785.134170322057,11
2025-05-22 07:15:00,141.8113408,40.524192,681,2025,Gipsy,300,21558.24076807984,11
2025-05-22 07:20:00,141.8451008,40.5291584,681,2025,Gipsy,300,24380.843878825377,11
2025-05-22 07:25:00,141.8829568,40.5349696,681,2025,Gipsy,300,27567.37672404851,11
2025-05-22 07:30:00,141.888032,40.53888,681,2025,Gipsy,300,27993.599030147034,11
2025-05-22 07:35:00,141.90784,40.5513984,681,2025,Gipsy,300,29702.917732803788,11
2025-05-22 07:40:00,141.9412224,40.5580032,681,2025,Gipsy,300,32566.496924985397,11
2025-05-22 07:45:00,141.9667328,40.5679168,681,2025,Gipsy,300,34806.05111571319,11
2025-05-22 07:50:00,141.9796224,40.5766528,681,2025,Gipsy,300,35991.79566330065,11
2025-05-22 07:55:00,142.0122624,40.5785152,681,2025,Gipsy,300,38761.05504994747,11
2025-05-22 08:00:00,142.0261888,40.5882688,681,2025,Gipsy,300,40064.83455673281,11
2025-05-22 08:05:00,142.0465024,40.5891136,681,2025,Gipsy,300,41781.670937630566,11
2025-05-22 08:10:00,142.0532032,40.5951616,681,2025,Gipsy,300,42436.38277094971,11
2025-05-22 08:15:00,142.0620928,40.6030208,681,2025,Gipsy,300,43314.107139437474,11
2025-05-22 08:20:00,142.0421184,40.6071744,681,2025,Gipsy,300,41727.31579204551,11
2025-05-22 08:25:00,142.011072,40.6107584,681,2025,Gipsy,300,39223.87149473773,11
2025-05-22 08:30:00,141.9782784,40.606432,681,2025,Gipsy,300,36408.78871010979,11
2025-05-22 08:35:00,141.944032,40.6014144,681,2025,Gipsy,300,33457.63846596374,11
2025-05-22 08:40:00,141.9091264,40.59472,681,2025,Gipsy,300,30413.478099279717,11
2025-05-22 08:45:00,141.8736192,40.5932032,681,2025,Gipsy,300,27439.88076948396,11
2025-05-22 08:50:00,141.8374976,40.5836928,681,2025,Gipsy,300,24227.426408790547,11
2025-05-22 08:55:00,141.8024256,40.5678848,681,2025,Gipsy,300,20989.962274742855,11
2025-05-22 09:00:00,141.7666176,40.5496,681,2025,Gipsy,300,17748.11591578049,11
2025-05-22 09:05:00,141.7296448,40.5358784,681,2025,Gipsy,300,14578.667213117566,11
2025-05-22 09:10:00,141.702144,40.5327296,681,2025,Gipsy,300,12263.290761317912,11
2025-05-22 09:15:00,141.66752,40.5252736,681,2025,Gipsy,300,9429.935816669982,11
2025-05-22 09:20:00,141.6362752,40.5227008,681,2025,Gipsy,300,6895.845194975106,11
2025-05-22 09:25:00,141.608,40.5323904,681,2025,Gipsy,300,4325.209990638766,11
2025-05-22 09:30:00,141.5862016,40.5411264,681,2025,Gipsy,300,2438.904660553504,11
2025-05-22 12:25:00,141.5571328,40.553856,681,2025,Gipsy,300,1693.8848454826532,12
2025-05-22 12:30:00,141.5420736,40.5602176,681,2025,Gipsy,300,2736.7155337048057,12
2025-05-22 12:35:00,141.5462464,40.5580736,681,2025,Gipsy,300,2366.1439410682856,12
2025-05-22 12:40:00,141.5297024,40.5691584,681,2025,Gipsy,300,4134.599744273538,12
2025-05-22 12:45:00,141.5092096,40.5805632,681,2025,Gipsy,300,6205.307639829379,12
2025-05-22 12:50:00,141.4907072,40.6008512,681,2025,Gipsy,300,8936.748728979306,12
2025-05-22 12:55:00,141.4718592,40.6198848,681,2025,Gipsy,300,11583.02003629254,12
2025-05-22 13:00:00,141.4573568,40.6388992,681,2025,Gipsy,300,14001.979516581921,12
2025-05-22 13:05:00,141.4506112,40.6582016,681,2025,Gipsy,300,16074.489364109684,12
2025-05-22 13:10:00,141.4423168,40.6751744,681,2025,Gipsy,300,18032.991415527595,12
2025-05-22 13:15:00,141.4442304,40.685824,681,2025,Gipsy,300,18955.42647335014,12
2025-05-22 13:20:00,141.4464512,40.6837376,681,2025,Gipsy,300,18660.609130909717,12
2025-05-22 13:25:00,141.446464,40.6838208,681,2025,Gipsy,300,18668.040441735095,12
2025-05-22 13:30:00,141.4463872,40.6835968,681,2025,Gipsy,300,18649.84485962496,12
2025-05-22 13:35:00,141.4465088,40.6839552,681,2025,Gipsy,300,18679.020801377206,12
2025-05-22 13:40:00,141.440128,40.6930688,681,2025,Gipsy,300,19825.024752749774,12
2025-05-22 13:45:00,141.4455744,40.690816,681,2025,Gipsy,300,19379.482390765294,12
2025-05-22 13:50:00,141.4464768,40.6835456,681,2025,Gipsy,300,18641.111832455696,12
2025-05-22 13:55:00,141.447296,40.6826688,681,2025,Gipsy,300,18522.102764458927,12
2025-05-22 14:00:00,141.455232,40.6512128,681,2025,Gipsy,300,15213.624248383821,12
2025-05-22 14:05:00,141.470208,40.6193152,681,2025,Gipsy,300,11622.326026341956,12
2025-05-22 14:10:00,141.4878144,40.5945408,681,2025,Gipsy,300,8573.677751109486,12
2025-05-22 14:15:00,141.5134464,40.5705472,681,2025,Gipsy,300,5154.445379108691,12
2025-05-22 14:20:00,141.5407424,40.551872,681,2025,Gipsy,300,2051.834307792776,12
2025-05-22 21:45:00,141.5610368,40.5593664,681,2025,Gipsy,300,2323.596290092199,13
2025-05-22 21:50:00,141.552832,40.5866176,681,2025,Gipsy,300,5346.7376322527125,13
2025-05-22 21:55:00,141.54704,40.6079104,681,2025,Gipsy,300,7747.733362849054,13
2025-05-22 22:00:00,141.5478144,40.6084864,681,2025,Gipsy,300,7804.034936184167,13
2025-05-22 22:05:00,141.5489856,40.6091328,681,2025,Gipsy,300,7865.593504757198,13
2025-05-22 22:10:00,141.5498688,40.609568,681,2025,Gipsy,300,7907.168699103784,13
2025-05-22 22:15:00,141.551328,40.6104896,681,2025,Gipsy,300,8000.006421269581,13
2025-05-22 22:20:00,141.5524352,40.6111808,681,2025,Gipsy,300,8070.968242186697,13
2025-05-22 22:25:00,141.5536768,40.611776,681,2025,Gipsy,300,8131.990576019129,13
2025-05-22 22:30:00,141.5549696,40.612428800000004,681,2025,Gipsy,300,8200.715350300368,13
2025-05-22 22:35:00,141.5563776,40.6129408,681,2025,Gipsy,300,8255.191151246294,13
2025-05-22 22:40:00,141.55792,40.6061952,681,2025,Gipsy,300,7505.512551306923,13
2025-05-22 22:45:00,141.5572224,40.5948928,681,2025,Gipsy,300,6250.459212216731,13
2025-05-22 22:50:00,141.5593664,40.5899264,681,2025,Gipsy,300,5700.833121971028,13
2025-05-22 22:55:00,141.5496576,40.5756224,681,2025,Gipsy,300,4165.1992863567175,13
2025-05-22 23:00:00,141.5478208,40.5769152,681,2025,Gipsy,300,4333.966264175828,13
2025-05-22 23:05:00,141.548288,40.5749888,681,2025,Gipsy,300,4116.431270229952,13
2025-05-22 23:10:00,141.5485056,40.575584,681,2025,Gipsy,300,4177.880690903785,13
2025-05-22 23:15:00,141.55008,40.5611392,681,2025,Gipsy,300,2582.0522724195957,13
2025-05-23 01:25:00,141.5582912,40.556928,681,2025,Gipsy,300,2035.3822847890192,14
2025-05-23 01:30:00,141.5711552,40.5800064,681,2025,Gipsy,300,4738.412897717363,14
2025-05-23 01:35:00,141.5966272,40.593856,681,2025,Gipsy,300,6968.676480055088,14
2025-05-23 01:40:00,141.6027648,40.5976064,681,2025,Gipsy,300,7586.224921306219,14
2025-05-23 01:45:00,141.6193856,40.6180544,681,2025,Gipsy,300,10256.634809170539,14
2025-05-23 01:50:00,141.6289216,40.6266752,681,2025,Gipsy,300,11493.516305509584,14
2025-05-23 01:55:00,141.6294272,40.6274496,681,2025,Gipsy,300,11589.160916772724,14
2025-05-23 02:00:00,141.6401024,40.6365824,681,2025,Gipsy,300,12928.651733032593,14
2025-05-23 02:05:00,141.6418432,40.6429056,681,2025,Gipsy,300,13601.382606251364,14
2025-05-23 02:10:00,141.6401152,40.6483328,681,2025,Gipsy,300,14044.655446535986,14
2025-05-23 02:15:00,141.6401856,40.6477184,681,2025,Gipsy,300,13988.497867551234,14
2025-05-23 02:20:00,141.6403904,40.6471232,681,2025,Gipsy,300,13940.010025258096,14
2025-05-23 02:25:00,141.64048,40.6561728,681,2025,Gipsy,300,14820.699589785658,14
2025-05-23 02:30:00,141.6397376,40.65808,681,2025,Gipsy,300,14978.279390745785,14
2025-05-23 02:35:00,141.6410176,40.6629824,681,2025,Gipsy,300,15511.445947006687,14
2025-05-23 02:40:00,141.6343872,40.6564096,681,2025,Gipsy,300,14607.20760089205,14
2025-05-23 02:45:00,141.6338816,40.6557184,681,2025,Gipsy,300,14519.441626307726,14
2025-05-23 02:50:00,141.6231104,40.6465344,681,2025,Gipsy,300,13205.686964015846,14
2025-05-23 02:55:00,141.601952,40.617024,681,2025,Gipsy,300,9483.075835953014,14
2025-05-23 03:00:00,141.598688,40.6132672,681,2025,Gipsy,300,8991.038304672073,14
2025-05-23 03:05:00,141.5995136,40.6127744,681,2025,Gipsy,300,8968.037929749293,14
2025-05-23 03:10:00,141.6002112,40.6122048,681,2025,Gipsy,300,8933.679544490458,14
2025-05-23 03:15:00,141.6009088,40.6116928,681,2025,Gipsy,300,8905.858426797142,14
2025-05-23 03:20:00,141.6016576,40.611104,681,2025,Gipsy,300,8872.789846287042,14
2025-05-23 03:25:00,141.602336,40.6104576,681,2025,Gipsy,300,8832.202054189795,14
2025-05-23 03:30:00,141.592992,40.594336,681,2025,Gipsy,300,6875.998420441077,14
2025-05-23 03:35:00,141.5903424,40.5731776,681,2025,Gipsy,300,4735.717416679852,14
2025-05-23 03:40:00,141.5754112,40.5583296,681,2025,Gipsy,300,2659.397636680047,14
2025-05-23 07:30:00,141.5647232,40.5502912,681,2025,Gipsy,300,1430.8966385975834,15
2025-05-23 07:35:00,141.5529088,40.5573504,681,2025,Gipsy,300,2119.0955264711324,15
2025-05-23 07:40:00,141.5291136,40.5717376,681,2025,Gipsy,300,4399.807396622899,15
2025-05-23 07:45:00,141.5168576,40.5683904,681,2025,Gipsy,300,4780.100855811616,15
2025-05-23 07:50:00,141.518016,40.547008,681,2025,Gipsy,300,3480.936768734151,15
2025-05-23 07:55:00,141.513728,40.5444544,681,2025,Gipsy,300,3773.205603149412,15
2025-05-23 08:00:00,141.511168,40.5432512,681,2025,Gipsy,300,3967.4785928394926,15
2025-05-23 08:05:00,141.5110912,40.5431744,681,2025,Gipsy,300,3972.833958084588,15
2025-05-23 08:10:00,141.5111808,40.5432832,681,2025,Gipsy,300,3966.8661692327332,15
2025-05-23 08:15:00,141.5111104,40.5432128,681,2025,Gipsy,300,3971.7665533209433,15
2025-05-23 08:20:00,141.511072,40.5434752,681,2025,Gipsy,300,3978.8396805442007,15
2025-05-23 08:25:00,141.5111168,40.543264,681,2025,Gipsy,300,3971.9637598838226,15
2025-05-23 08:30:00,141.5164736,40.544128,681,2025,Gipsy,300,3537.8544993112573,15
2025-05-23 08:35:00,141.5192896,40.5469824,681,2025,Gipsy,300,3376.332902817395,15
2025-05-23 08:40:00,141.5213248,40.54656,681,2025,Gipsy,300,3197.6829904640285,15
2025-05-23 08:45:00,141.528928,40.5469632,681,2025,Gipsy,300,2600.4042731917248,15
2025-05-23 16:20:00,141.5413632,40.540768,681,2025,Gipsy,300,1396.594519049396,16
2025-05-23 16:25:00,141.5187968,40.5472704,681,2025,Gipsy,300,3425.3221366327375,16
2025-05-23 16:30:00,141.5110272,40.5433792,681,2025,Gipsy,300,3981.1693429965444,16
2025-05-23 16:35:00,141.511104,40.5432064,681,2025,Gipsy,300,3972.2129505722214,16
2025-05-23 16:40:00,141.511072,40.5432704,681,2025,Gipsy,300,3975.819095149716,16
2025-05-23 16:45:00,141.511104,40.5432896,681,2025,Gipsy,300,3973.409233895719,16
2025-05-23 16:50:00,141.5112128,40.5432512,681,2025,Gipsy,300,3963.7155476315024,16
2025-05-23 16:55:00,141.5020992,40.5642752,681,2025,Gipsy,300,5497.9584737903615,16
2025-05-23 17:00:00,141.485536,40.5940288,681,2025,Gipsy,300,8667.351881065953,16
2025-05-23 17:05:00,141.4739328,40.6098368,681,2025,Gipsy,300,10618.803959119541,16
2025-05-23 17:10:00,141.4750848,40.6202112,681,2025,Gipsy,300,11442.50614191815,16
2025-05-23 17:15:00,141.4673216,40.61824,681,2025,Gipsy,300,11688.880573928216,16
2025-05-23 17:20:00,141.4625216,40.6024064,681,2025,Gipsy,300,10724.666881357833,16
2025-05-23 17:25:00,141.4625152,40.6025344,681,2025,Gipsy,300,10734.462672577027,16
2025-05-23 17:30:00,141.4624768,40.6025728,681,2025,Gipsy,300,10739.72007294099,16
2025-05-23 17:35:00,141.4625344,40.6025792,681,2025,Gipsy,300,10736.532190882413,16
2025-05-23 17:40:00,141.4626048,40.6025664,681,2025,Gipsy,300,10731.12279607675,16
2025-05-23 17:45:00,141.4625024,40.6025664,681,2025,Gipsy,300,10737.62443413996,16
2025-05-23 17:50:00,141.466944,40.5967744,681,2025,Gipsy,300,10033.08554523861,16
2025-05-23 17:55:00,141.4804672,40.5779904,681,2025,Gipsy,300,7861.721400314802,16
2025-05-23 18:00:00,141.5014976,40.5606336,681,2025,Gipsy,300,5344.970097522947,16
2025-05-23 18:05:00,141.5305216,40.5578496,681,2025,Gipsy,300,3135.0743802691613,16
2025-05-24 02:25:00,141.5705408,40.5681152,681,2025,Gipsy,300,3455.212582708562,17
2025-05-24 02:30:00,141.5786176,40.5788864,681,2025,Gipsy,300,4814.019646311086,17
2025-05-24 02:35:00,141.5795712,40.5780288,681,2025,Gipsy,300,4756.676216394282,17
2025-05-24 02:40:00,141.580224,40.5773248,681,2025,Gipsy,300,4707.063648249879,17
2025-05-24 02:45:00,141.5807232,40.576576,681,2025,Gipsy,300,4648.889953380046,17
2025-05-24 02:50:00,141.5814208,40.5757376,681,2025,Gipsy,300,4590.281311675253,17
2025-05-24 02:55:00,141.5819008,40.5750016,681,2025,Gipsy,300,4535.316279969628,17
2025-05-24 03:00:00,141.5825984,40.574176,681,2025,Gipsy,300,4481.42550552339,17
2025-05-24 03:05:00,141.583424,40.5740224,681,2025,Gipsy,300,4499.965716851828,17
2025-05-24 03:10:00,141.5836992,40.5739264,681,2025,Gipsy,300,4502.050003409304,17
2025-05-24 03:15:00,141.5838784,40.5732672,681,2025,Gipsy,300,4446.006380284525,17
2025-05-24 03:20:00,141.5839552,40.572576,681,2025,Gipsy,300,4383.042351471157,17
2025-05-24 03:25:00,141.5842176,40.571904,681,2025,Gipsy,300,4330.519770338883,17
2025-05-24 03:30:00,141.5771968,40.5729984,681,2025,Gipsy,300,4164.076917746137,17
2025-05-24 03:35:00,141.5722176,40.5734272,681,2025,Gipsy,300,4060.0013131628716,17
2025-05-24 03:40:00,141.5696768,40.5596288,681,2025,Gipsy,300,2548.6548669921417,17
2025-05-24 13:35:00,141.5311936,40.5722176,681,2025,Gipsy,300,4351.337700698601,18
2025-05-24 13:40:00,141.4867392,40.5969984,681,2025,Gipsy,300,8834.921600259344,18
2025-05-24 13:45:00,141.4644544,40.6272768,681,2025,Gipsy,300,12615.343391495055,18
2025-05-24 13:50:00,141.4507392,40.660064,681,2025,Gipsy,300,16239.668524473971,18
2025-05-24 13:55:00,141.4462144,40.6842112,681,2025,Gipsy,300,18716.1178854262,18
2025-05-24 14:00:00,141.4463744,40.680832,681,2025,Gipsy,300,18386.09273518413,18
2025-05-24 14:05:00,141.4449088,40.6691712,681,2025,Gipsy,300,17354.79609567299,18
2025-05-24 14:10:00,141.4467456,40.6716736,681,2025,Gipsy,300,17503.697734661106,18
2025-05-24 14:15:00,141.4491712,40.6726976,681,2025,Gipsy,300,17491.18460227218,18
2025-05-24 14:20:00,141.4448448,40.6587904,681,2025,Gipsy,300,16407.56155167041,18
2025-05-24 14:25:00,141.447744,40.6395392,681,2025,Gipsy,300,14564.241289160369,18
2025-05-24 14:30:00,141.4569152,40.618912,681,2025,Gipsy,300,12336.985079171598,18
2025-05-24 14:35:00,141.4622528,40.6028352,681,2025,Gipsy,300,10773.211122438324,18
2025-05-24 14:40:00,141.461696,40.6032256,681,2025,Gipsy,300,10837.231314785779,18
2025-05-24 14:45:00,141.4621376,40.6029952,681,2025,Gipsy,300,10792.279909472483,18
2025-05-24 14:50:00,141.4621824,40.603168,681,2025,Gipsy,300,10802.156745526425,18
2025-05-24 14:55:00,141.4621824,40.6029184,681,2025,Gipsy,300,10783.792284504747,18
2025-05-24 15:00:00,141.462208,40.6029824,681,2025,Gipsy,300,10786.873846815599,18
2025-05-24 15:05:00,141.4620928,40.6029312,681,2025,Gipsy,300,10790.418701012508,18
2025-05-24 15:10:00,141.4706112,40.5888384,681,2025,Gipsy,300,9240.632318550333,18
2025-05-24 15:15:00,141.486592,40.5748736,681,2025,Gipsy,300,7238.2379895898985,18
2025-05-24 15:20:00,141.5061248,40.5586496,681,2025,Gipsy,300,4895.7349842924,18
2025-05-24 15:25:00,141.5307008,40.558432,681,2025,Gipsy,300,3168.566405458685,18
2025-05-25 05:55:00,141.5466496,40.560224,681,2025,Gipsy,300,2573.6178840159687,19
2025-05-25 06:00:00,141.5097472,40.588832,681,2025,Gipsy,300,6894.343576649798,19
2025-05-25 06:05:00,141.4714944,40.6165504,681,2025,Gipsy,300,11316.872222988104,19
2025-05-25 06:10:00,141.4628608,40.6410432,681,2025,Gipsy,300,13918.40064762081,19
2025-05-25 06:15:00,141.4495424,40.6714048,681,2025,Gipsy,300,17352.60044062984,19
2025-05-25 06:20:00,141.4540288,40.6859456,681,2025,Gipsy,300,18561.4136980176,19
2025-05-25 06:25:00,141.4467712,40.6888704,681,2025,Gipsy,300,19141.575222204166,19
2025-05-25 06:30:00,141.454848,40.6889408,681,2025,Gipsy,300,18823.040737571457,19
2025-05-25 06:35:00,141.4555904,40.685344,681,2025,Gipsy,300,18440.33386376195,19
2025-05-25 06:40:00,141.4518464,40.6798144,681,2025,Gipsy,300,18055.16637127563,19
2025-05-25 06:45:00,141.4564352,40.6837888,681,2025,Gipsy,300,18254.312409110444,19
2025-05-25 06:50:00,141.455968,40.6893888,681,2025,Gipsy,300,18823.670014563602,19
2025-05-25 06:55:00,141.4519936,40.6785856,681,2025,Gipsy,300,17930.612285126368,19
2025-05-25 07:00:00,141.4479104,40.6763968,681,2025,Gipsy,300,17897.177811414327,19
2025-05-25 07:05:00,141.4466496,40.6934592,681,2025,Gipsy,300,19592.155858492777,19
2025-05-25 07:10:00,141.43648,40.7141632,681,2025,Gipsy,300,22024.487298124925,19
2025-05-25 07:15:00,141.4257792,40.7367104,681,2025,Gipsy,300,24663.86681117137,19
2025-05-25 07:20:00,141.4215296,40.7603904,681,2025,Gipsy,300,27184.91533911107,19
2025-05-25 07:25:00,141.4205888,40.7672704,681,2025,Gipsy,300,27911.65971831267,19
2025-05-25 07:30:00,141.4222912,40.756096,681,2025,Gipsy,300,26726.143301407745,19
2025-05-25 07:35:00,141.4165248,40.7477376,681,2025,Gipsy,300,26110.02467966713,19
2025-05-25 07:40:00,141.4165184,40.7477504,681,2025,Gipsy,300,26111.53586282721,19
2025-05-25 07:45:00,141.4166272,40.7476864,681,2025,Gipsy,300,26101.011361159217,19
2025-05-25 07:50:00,141.416448,40.747648,681,2025,Gipsy,300,26104.149499564497,19
2025-05-25 07:55:00,141.4216896,40.7515968,681,2025,Gipsy,300,26297.884674381283,19
2025-05-25 08:00:00,141.4203008,40.7545152,681,2025,Gipsy,300,26640.629996154592,19
2025-05-25 08:05:00,141.4249856,40.752832,681,2025,Gipsy,300,26301.168403786432,19
2025-05-25 08:10:00,141.424448,40.7440192,681,2025,Gipsy,300,25439.84127066507,19
2025-05-25 08:15:00,141.4266048,40.728544,681,2025,Gipsy,300,23826.262857470632,19
2025-05-25 08:20:00,141.4335168,40.7232704,681,2025,Gipsy,300,23037.350601371923,19
2025-05-25 08:25:00,141.4303936,40.7240192,681,2025,Gipsy,300,23232.58703193146,19
2025-05-25 08:30:00,141.4235392,40.7140736,681,2025,Gipsy,300,22546.18135552804,19
2025-05-25 08:35:00,141.4235456,40.7140992,681,2025,Gipsy,300,22548.36478468142,19
2025-05-25 08:40:00,141.4233536,40.7141184,681,2025,Gipsy,300,22558.381976000033,19
2025-05-25 08:45:00,141.4236224,40.7140544,681,2025,Gipsy,300,22540.798565218647,19
2025-05-25 08:50:00,141.423392,40.7140928,681,2025,Gipsy,300,22554.291025812305,19
2025-05-25 08:55:00,141.4233472,40.7140096,681,2025,Gipsy,300,22548.22154034105,19
2025-05-25 09:00:00,141.4234624,40.7140352,681,2025,Gipsy,300,22545.768125286482,19
2025-05-25 09:05:00,141.4244416,40.7096832,681,2025,Gipsy,300,22087.333639292607,19
2025-05-25 09:10:00,141.4285504,40.6951104,681,2025,Gipsy,300,20525.479434259483,19
2025-05-25 09:15:00,141.4388032,40.6851712,681,2025,Gipsy,300,19130.295160043777,19
2025-05-25 09:20:00,141.4417664,40.675104,681,2025,Gipsy,300,18051.67571918497,19
2025-05-25 09:25:00,141.4408384,40.6678208,681,2025,Gipsy,300,17422.844466030056,19
2025-05-25 09:30:00,141.4437888,40.6601792,681,2025,Gipsy,300,16584.95178220603,19
2025-05-25 09:35:00,141.4488192,40.6526144,681,2025,Gipsy,300,15654.769870033913,19
2025-05-25 09:40:00,141.4542848,40.6438016,681,2025,Gipsy,300,14592.939856668323,19
2025-05-25 09:45:00,141.45952,40.6335872,681,2025,Gipsy,300,13423.673678422965,19
2025-05-25 09:50:00,141.464352,40.6185152,681,2025,Gipsy,300,11877.635950320991,19
2025-05-25 09:55:00,141.4625216,40.6021312,681,2025,Gipsy,300,10704.515945454448,19
2025-05-25 10:00:00,141.4622208,40.60288,681,2025,Gipsy,300,10778.533700565415,19
2025-05-25 10:05:00,141.4622144,40.6028544,681,2025,Gipsy,300,10777.058811837062,19
2025-05-25 10:10:00,141.46224,40.6028416,681,2025,Gipsy,300,10774.493682482444,19
2025-05-25 10:15:00,141.4632576,40.584352,681,2025,Gipsy,300,9468.23692292255,19
2025-05-25 10:20:00,141.4583552,40.5788992,681,2025,Gipsy,300,9522.354744406688,19
2025-05-25 10:25:00,141.458368,40.5788736,681,2025,Gipsy,300,9520.063659281004,19
2025-05-25 10:30:00,141.4583104,40.578944,681,2025,Gipsy,300,9528.039531559856,19
2025-05-25 10:35:00,141.4619904,40.5799296,681,2025,Gipsy,300,9307.533616578168,19
2025-05-25 10:40:00,141.478848,40.5744896,681,2025,Gipsy,300,7769.839435114387,19
2025-05-25 10:45:00,141.4951168,40.56448,681,2025,Gipsy,300,6022.329452710217,19
2025-05-25 10:50:00,141.5188288,40.5560064,681,2025,Gipsy,300,3810.6919747181087,19
2025-05-25 10:55:00,141.5342848,40.5565632,681,2025,Gipsy,300,2806.7369589115697,19
2025-05-25 12:35:00,141.5441472,40.5591424,681,2025,Gipsy,300,2549.4266133948126,20
2025-05-25 12:40:00,141.508352,40.5732224,681,2025,Gipsy,300,5672.47510023751,20
2025-05-25 12:45:00,141.4820288,40.5934144,681,2025,Gipsy,300,8831.853794993589,20
2025-05-25 12:50:00,141.4702528,40.614272,681,2025,Gipsy,300,11193.822910337867,20
2025-05-25 12:55:00,141.457216,40.635872,681,2025,Gipsy,300,13743.594948160726,20
2025-05-25 13:00:00,141.4475392,40.6571264,681,2025,Gipsy,300,16124.850197348245,20
2025-05-25 13:05:00,141.4438528,40.675584,681,2025,Gipsy,300,18001.389559805302,20
2025-05-25 13:10:00,141.4335936,40.6925888,681,2025,Gipsy,300,20062.556069806345,20
2025-05-25 13:15:00,141.4287616,40.7089408,681,2025,Gipsy,300,21831.697801511546,20
2025-05-25 13:20:00,141.4242368,40.7091776,681,2025,Gipsy,300,22047.94608818246,20
2025-05-25 13:25:00,141.4243136,40.7090688,681,2025,Gipsy,300,22034.2452859615,20
2025-05-25 13:30:00,141.4298496,40.7075328,681,2025,Gipsy,300,21650.31888425008,20
2025-05-25 13:35:00,141.4322432,40.706272,681,2025,Gipsy,300,21428.20003057323,20
2025-05-25 13:40:00,141.4294144,40.7148736,681,2025,Gipsy,300,22377.86828766245,20
2025-05-25 13:45:00,141.4271616,40.7147648,681,2025,Gipsy,300,22460.34703357437,20
2025-05-25 13:50:00,141.4295424,40.71312,681,2025,Gipsy,300,22202.516944096857,20
2025-05-25 13:55:00,141.4298304,40.7173952,681,2025,Gipsy,300,22606.258480427066,20
2025-05-25 14:00:00,141.429824,40.7138752,681,2025,Gipsy,300,22264.144927792255,20
2025-05-25 14:05:00,141.4296448,40.7135872,681,2025,Gipsy,300,22243.579091058138,20
2025-05-25 14:10:00,141.4280512,40.7135616,681,2025,Gipsy,300,22307.04065707925,20
2025-05-25 14:15:00,141.4285504,40.7164736,681,2025,Gipsy,300,22568.660071209037,20
2025-05-25 14:20:00,141.4314624,40.7085888,681,2025,Gipsy,300,21684.46986796714,20
2025-05-25 14:25:00,141.428992,40.7102144,681,2025,Gipsy,300,21944.623089122513,20
2025-05-25 14:30:00,141.4267712,40.7192256,681,2025,Gipsy,300,22908.84264248217,20
2025-05-25 14:35:00,141.4233152,40.7170688,681,2025,Gipsy,300,22843.541796440513,20
2025-05-25 14:40:00,141.4243968,40.7093504,681,2025,Gipsy,300,22057.50569071623,20
2025-05-25 14:45:00,141.4242688,40.7091648,681,2025,Gipsy,300,22045.3398023812,20
2025-05-25 14:50:00,141.4242112,40.7092608,681,2025,Gipsy,300,22056.98869811539,20
2025-05-25 14:55:00,141.4242304,40.7091584,681,2025,Gipsy,300,22046.392413305417,20
2025-05-25 15:00:00,141.4241984,40.7092224,681,2025,Gipsy,300,22053.88105238916,20
2025-05-25 15:05:00,141.4242368,40.7092288,681,2025,Gipsy,300,22052.828630504857,20
2025-05-25 15:10:00,141.4242432,40.7093632,681,2025,Gipsy,300,22065.37021120038,20
2025-05-25 15:15:00,141.424128,40.7091968,681,2025,Gipsy,300,22054.489592711026,20
2025-05-25 15:20:00,141.424192,40.7092928,681,2025,Gipsy,300,22060.871678973097,20
2025-05-25 15:25:00,141.424544,40.7081216,681,2025,Gipsy,300,21933.976778123266,20
2025-05-25 15:30:00,141.4245184,40.7081024,681,2025,Gipsy,300,21933.259794351696,20
2025-05-25 15:35:00,141.424544,40.708128,681,2025,Gipsy,300,21934.58644745076,20
2025-05-25 15:40:00,141.4244864,40.708096,681,2025,Gipsy,300,21934.04042530456,20
2025-05-25 15:45:00,141.4244608,40.7081216,681,2025,Gipsy,300,21937.591011720877,20
2025-05-25 15:50:00,141.4301056,40.71952,681,2025,Gipsy,300,22802.66070138496,20
2025-05-25 15:55:00,141.4265792,40.7343936,681,2025,Gipsy,300,24403.94128210718,20
2025-05-25 16:00:00,141.4303104,40.7261888,681,2025,Gipsy,300,23449.525626187966,20
2025-05-25 16:05:00,141.4296832,40.7131392,681,2025,Gipsy,300,22198.566475286774,20
2025-05-25 16:10:00,141.428352,40.7043264,681,2025,Gipsy,300,21407.141364920844,20
2025-05-25 16:15:00,141.4249856,40.7061632,681,2025,Gipsy,300,21728.385997625268,20
2025-05-25 16:20:00,141.4247552,40.706624,681,2025,Gipsy,300,21782.25520973116,20
2025-05-25 16:25:00,141.4249408,40.7067712,681,2025,Gipsy,300,21788.157323293584,20
2025-05-25 16:30:00,141.426016,40.7081792,681,2025,Gipsy,300,21875.811843966738,20
2025-05-25 16:35:00,141.4241728,40.7093824,681,2025,Gipsy,300,22070.248106681396,20
2025-05-25 16:40:00,141.4245888,40.7075968,681,2025,Gipsy,300,21882.05474648385,20
2025-05-25 16:45:00,141.4245056,40.7091712,681,2025,Gipsy,300,22035.70378524047,20
2025-05-25 16:50:00,141.4243904,40.709216,681,2025,Gipsy,300,22044.960265641446,20
2025-05-25 16:55:00,141.4241408,40.7091392,681,2025,Gipsy,300,22048.443499542846,20
2025-05-25 17:00:00,141.4243328,40.709184,681,2025,Gipsy,300,22044.40033657193,20
2025-05-25 17:05:00,141.424256,40.7091328,681,2025,Gipsy,300,22042.8426083601,20
2025-05-25 17:10:00,141.4242944,40.709248,681,2025,Gipsy,300,22052.166481596512,20
2025-05-25 17:15:00,141.4326464,40.7071424,681,2025,Gipsy,300,21495.401799615523,20
2025-05-25 17:20:00,141.44128,40.710784,681,2025,Gipsy,300,21504.26996937762,20
2025-05-25 17:25:00,141.4460608,40.7181952,681,2025,Gipsy,300,22062.944335503533,20
2025-05-25 17:30:00,141.4448768,40.7011456,681,2025,Gipsy,300,20414.83907214313,20
2025-05-25 17:35:00,141.4425664,40.7008384,681,2025,Gipsy,300,20476.902106976,20
2025-05-25 17:40:00,141.4465408,40.6949568,681,2025,Gipsy,300,19742.61288523711,20
2025-05-25 17:45:00,141.4466688,40.6843968,681,2025,Gipsy,300,18714.59961377899,20
2025-05-25 17:50:00,141.4518784,40.6773248,681,2025,Gipsy,300,17814.31125674349,20
2025-05-25 17:55:00,141.4592256,40.65168,681,2025,Gipsy,300,15066.836976014294,20
2025-05-25 18:00:00,141.4677312,40.6259968,681,2025,Gipsy,300,12331.679227574064,20
2025-05-25 18:05:00,141.4840384,40.611072,681,2025,Gipsy,300,10176.179568931684,20
2025-05-25 18:10:00,141.4832768,40.5927936,681,2025,Gipsy,300,8707.813387470153,20
2025-05-25 18:15:00,141.497632,40.5753856,681,2025,Gipsy,300,6517.663454029133,20
2025-05-25 18:20:00,141.5110656,40.5550144,681,2025,Gipsy,300,4342.845840365471,20
2025-05-25 18:25:00,141.5178944,40.547104,681,2025,Gipsy,300,3493.7240683251607,20
2025-05-25 18:30:00,141.5233984,40.5451904,681,2025,Gipsy,300,2988.4699829252604,20
2025-05-25 18:35:00,141.5235968,40.5452288,681,2025,Gipsy,300,2973.227179158787,20
2025-05-25 18:40:00,141.5362048,40.5368064,681,2025,Gipsy,300,1823.853444174717,20
2025-05-25 22:15:00,141.5530688,40.5565248,681,2025,Gipsy,300,2026.5059893205043,21
2025-05-25 22:20:00,141.5604032,40.5708288,681,2025,Gipsy,300,3586.019825286341,21
2025-05-25 22:25:00,141.5653312,40.5713728,681,2025,Gipsy,300,3696.9842871144597,21
2025-05-25 22:30:00,141.571936,40.5757824,681,2025,Gipsy,300,4303.027017828953,21
2025-05-25 22:35:00,141.572256,40.5777024,681,2025,Gipsy,300,4515.34486620872,21
2025-05-25 22:40:00,141.5732736,40.5793536,681,2025,Gipsy,300,4715.436994343277,21
2025-05-25 22:45:00,141.5756928,40.580928,681,2025,Gipsy,300,4943.0601499474415,21
2025-05-25 22:50:00,141.5768256,40.5824512,681,2025,Gipsy,300,5133.752110072354,21
2025-05-25 22:55:00,141.5782784,40.5861696,681,2025,Gipsy,300,5564.374273216975,21
2025-05-25 23:00:00,141.5824832,40.586432,681,2025,Gipsy,300,5713.558373101663,21
2025-05-25 23:05:00,141.5864128,40.586272,681,2025,Gipsy,300,5828.340496011904,21
2025-05-25 23:10:00,141.5885888,40.5836864,681,2025,Gipsy,300,5652.077107443835,21
2025-05-25 23:15:00,141.5823488,40.578976,681,2025,Gipsy,300,4948.59719046583,21
2025-05-25 23:20:00,141.580992,40.5795776,681,2025,Gipsy,300,4962.210956766356,21
2025-05-25 23:25:00,141.5795776,40.5803584,681,2025,Gipsy,300,4995.972423862703,21
2025-05-25 23:30:00,141.5782272,40.5809216,681,2025,Gipsy,300,5013.076334577773,21
2025-05-25 23:35:00,141.577024,40.5815296,681,2025,Gipsy,300,5042.258545815684,21
2025-05-25 23:40:00,141.5758784,40.5821696,681,2025,Gipsy,300,5079.088699761652,21
2025-05-25 23:45:00,141.5735552,40.5980544,681,2025,Gipsy,300,6738.253834783704,21
2025-05-25 23:50:00,141.5743424,40.601728,681,2025,Gipsy,300,7151.286678157171,21
2025-05-25 23:55:00,141.5734976,40.6022272,681,2025,Gipsy,300,7191.897949678289,21
2025-05-26 00:00:00,141.5718976,40.603648,681,2025,Gipsy,300,7323.332881632116,21
2025-05-26 00:05:00,141.5707776,40.6045056,681,2025,Gipsy,300,7402.38637506277,21
2025-05-26 00:10:00,141.5713664,40.6055104,681,2025,Gipsy,300,7520.273980476143,21
2025-05-26 00:15:00,141.5718912,40.606208,681,2025,Gipsy,300,7603.756633933384,21
2025-05-26 00:20:00,141.5680576,40.589728,681,2025,Gipsy,300,5745.470947003143,21
2025-05-26 00:25:00,141.5623936,40.5732416,681,2025,Gipsy,300,3867.442172306585,21
2025-05-26 00:30:00,141.5588032,40.5556736,681,2025,Gipsy,300,1897.9766988704544,21
2025-05-26 09:30:00,141.5497344,40.5468928,681,2025,Gipsy,300,1136.258253064961,22
2025-05-26 09:35:00,141.5348288,40.562016,681,2025,Gipsy,300,3237.1291678918283,22
2025-05-26 09:40:00,141.5382784,40.581568,681,2025,Gipsy,300,5043.639805173378,22
2025-05-26 09:45:00,141.5275904,40.5906816,681,2025,Gipsy,300,6316.655244885173,22
2025-05-26 09:50:00,141.514944,40.5985344,681,2025,Gipsy,300,7572.021760521932,22
2025-05-26 09:55:00,141.5087232,40.5956608,681,2025,Gipsy,300,7567.987512423677,22
2025-05-26 10:00:00,141.496,40.5929024,681,2025,Gipsy,300,7972.993789325417,22
2025-05-26 10:05:00,141.4805632,40.5863744,681,2025,Gipsy,300,8408.648146161562,22
2025-05-26 10:10:00,141.4767424,40.5871872,681,2025,Gipsy,300,8717.656618271947,22
2025-05-26 10:15:00,141.4684608,40.5932928,681,2025,Gipsy,300,9688.391274485686,22
2025-05-26 10:20:00,141.4682048,40.6012416,681,2025,Gipsy,300,10280.350283512358,22
2025-05-26 10:25:00,141.4624128,40.6027648,681,2025,Gipsy,300,10757.884921005116,22
2025-05-26 10:30:00,141.46224,40.6027776,681,2025,Gipsy,300,10769.79285130802,22
2025-05-26 10:35:00,141.4617728,40.6028096,681,2025,Gipsy,300,10801.831808916688,22
2025-05-26 10:40:00,141.4621696,40.6027648,681,2025,Gipsy,300,10773.323975418934,22
2025-05-26 10:45:00,141.4621696,40.6027968,681,2025,Gipsy,300,10775.672820341799,22
2025-05-26 10:50:00,141.4620416,40.6026304,681,2025,Gipsy,300,10771.606237554699,22
2025-05-26 10:55:00,141.462784,40.6027968,681,2025,Gipsy,300,10736.710798449265,22
2025-05-26 11:00:00,141.4622336,40.6027392,681,2025,Gipsy,300,10767.380082802649,22
2025-05-26 11:05:00,141.4621632,40.6026944,681,2025,Gipsy,300,10768.565560000217,22
2025-05-26 11:10:00,141.4622336,40.6027584,681,2025,Gipsy,300,10768.789526720826,22
2025-05-26 11:15:00,141.4623488,40.6028288,681,2025,Gipsy,300,10766.649482182875,22
2025-05-26 11:20:00,141.4622336,40.6027456,681,2025,Gipsy,300,10767.849871033151,22
2025-05-26 11:25:00,141.4622592,40.602656,681,2025,Gipsy,300,10759.648533512576,22
2025-05-26 11:30:00,141.46224,40.6030784,681,2025,Gipsy,300,10791.90964896383,22
2025-05-26 11:35:00,141.4622016,40.603168,681,2025,Gipsy,300,10800.940671777886,22
2025-05-26 11:40:00,141.460256,40.6134144,681,2025,Gipsy,300,11702.49654711724,22
2025-05-26 11:45:00,141.4611456,40.6181184,681,2025,Gipsy,300,12027.436380962823,22
2025-05-26 11:50:00,141.4591744,40.6204032,681,2025,Gipsy,300,12327.028765206038,22
2025-05-26 11:55:00,141.4592064,40.6267904,681,2025,Gipsy,300,12856.592982670363,22
2025-05-26 12:00:00,141.4598464,40.6266816,681,2025,Gipsy,300,12812.328814769184,22
2025-05-26 12:05:00,141.4572416,40.632224,681,2025,Gipsy,300,13426.34270052653,22
2025-05-26 12:10:00,141.4483136,40.6393408,681,2025,Gipsy,300,14516.522015194765,22
2025-05-26 12:15:00,141.4476032,40.6396224,681,2025,Gipsy,300,14578.959446791188,22
2025-05-26 12:20:00,141.44816,40.6396608,681,2025,Gipsy,300,14552.183479684307,22
2025-05-26 12:25:00,141.447968,40.6391872,681,2025,Gipsy,300,14522.070250150105,22
2025-05-26 12:30:00,141.4479488,40.6391744,681,2025,Gipsy,300,14522.0165660462,22
2025-05-26 12:35:00,141.4607296,40.6236544,681,2025,Gipsy,300,12508.560578540522,22
2025-05-26 12:40:00,141.4630336,40.6091776,681,2025,Gipsy,300,11204.257216256652,22
2025-05-26 12:45:00,141.4622528,40.6026944,681,2025,Gipsy,300,10762.872576714044,22
2025-05-26 12:50:00,141.4622272,40.6026752,681,2025,Gipsy,300,10763.090307091572,22
2025-05-26 12:55:00,141.4753856,40.5921088,681,2025,Gipsy,300,9152.938274602946,22
2025-05-26 13:00:00,141.5090112,40.5648128,681,2025,Gipsy,300,5040.745117499359,22
2025-05-26 19:05:00,141.5603776,40.5537664,681,2025,Gipsy,300,1699.793367342836,23
2025-05-26 19:10:00,141.5541696,40.5765248,681,2025,Gipsy,300,4220.714625338882,23
2025-05-26 19:15:00,141.559168,40.6009344,681,2025,Gipsy,300,6922.540916584529,23
2025-05-26 19:20:00,141.5559936,40.6219968,681,2025,Gipsy,300,9261.178878503639,23
2025-05-26 19:25:00,141.5407424,40.6434624,681,2025,Gipsy,300,11731.016704253818,23
2025-05-26 19:30:00,141.5300416,40.6600448,681,2025,Gipsy,300,13685.59096568095,23
2025-05-26 19:35:00,141.5157312,40.6718144,681,2025,Gipsy,300,15210.857277566653,23
2025-05-26 19:40:00,141.4972352,40.6739584,681,2025,Gipsy,300,15874.990548124151,23
2025-05-26 19:45:00,141.5099456,40.6896448,681,2025,Gipsy,300,17250.358717665764,23
2025-05-26 19:50:00,141.5096,40.692576,681,2025,Gipsy,300,17573.723307408007,23
2025-05-26 19:55:00,141.5091584,40.6928064,681,2025,Gipsy,300,17607.278313305367,23
2025-05-26 20:00:00,141.5085632,40.6930688,681,2025,Gipsy,300,17647.391909344897,23
2025-05-26 20:05:00,141.5079936,40.6935424,681,2025,Gipsy,300,17709.874011625016,23
2025-05-26 20:10:00,141.5075264,40.693952,681,2025,Gipsy,300,17763.452853549563,23
2025-05-26 20:15:00,141.507168,40.6946432,681,2025,Gipsy,300,17845.226348777745,23
2025-05-26 20:20:00,141.5066368,40.695136,681,2025,Gipsy,300,17909.135312190152,23
2025-05-26 20:25:00,141.5061248,40.6958784,681,2025,Gipsy,300,17999.592489819595,23
2025-05-26 20:30:00,141.5059008,40.6965056,681,2025,Gipsy,300,18071.753778853694,23
2025-05-26 20:35:00,141.5055616,40.6972416,681,2025,Gipsy,300,18157.998579042236,23
2025-05-26 20:40:00,141.5052864,40.6977472,681,2025,Gipsy,300,18218.114089204963,23
2025-05-26 20:45:00,141.5077824,40.70992,681,2025,Gipsy,300,19485.259164351704,23
2025-05-26 20:50:00,141.5171136,40.7281472,681,2025,Gipsy,300,21324.83390641446,23
2025-05-26 20:55:00,141.51808,40.7318208,681,2025,Gipsy,300,21714.830719064084,23
2025-05-26 21:00:00,141.5168704,40.7334912,681,2025,Gipsy,300,21913.98385627738,23
2025-05-26 21:05:00,141.5132032,40.7365312,681,2025,Gipsy,300,22297.57858642788,23
2025-05-26 21:10:00,141.5043392,40.7403136,681,2025,Gipsy,300,22847.670240762214,23
2025-05-26 21:15:00,141.5202496,40.7548992,681,2025,Gipsy,300,24225.616055702147,23
2025-05-26 21:20:00,141.523008,40.7686912,681,2025,Gipsy,300,25717.27736299228,23
2025-05-26 21:25:00,141.5220032,40.774976,681,2025,Gipsy,300,26420.322214727214,23
2025-05-26 21:30:00,141.5219584,40.7751488,681,2025,Gipsy,300,26439.817922474856,23
2025-05-26 21:35:00,141.5181952,40.7804672,681,2025,Gipsy,300,27063.985496931913,23
2025-05-26 21:40:00,141.512992,40.7831872,681,2025,Gipsy,300,27420.823678141893,23
2025-05-26 21:45:00,141.5095936,40.7852992,681,2025,Gipsy,300,27693.809168780557,23
2025-05-26 21:50:00,141.5087616,40.7884544,681,2025,Gipsy,300,28050.713673085695,23
2025-05-26 21:55:00,141.509248,40.787456,681,2025,Gipsy,300,27935.00904972188,23
2025-05-26 22:00:00,141.5091904,40.7904512,681,2025,Gipsy,300,28264.77662578944,23
2025-05-26 22:05:00,141.5083008,40.7895168,681,2025,Gipsy,300,28173.147451291767,23
2025-05-26 22:10:00,141.5082048,40.7913408,681,2025,Gipsy,300,28374.673719686754,23
2025-05-26 22:15:00,141.5087232,40.7924608,681,2025,Gipsy,300,28491.30307625308,23
2025-05-26 22:20:00,141.506048,40.7921728,681,2025,Gipsy,300,28493.392864139754,23
2025-05-26 22:25:00,141.51024,40.7941632,681,2025,Gipsy,300,28660.156452362262,23
2025-05-26 22:30:00,141.5071872,40.792096,681,2025,Gipsy,300,28470.38153589728,23
2025-05-26 22:35:00,141.5084352,40.7894016,681,2025,Gipsy,300,28158.815658493615,23
2025-05-26 22:40:00,141.5085184,40.7881472,681,2025,Gipsy,300,28020.0118465648,23
2025-05-26 22:45:00,141.5050048,40.788192,681,2025,Gipsy,300,28070.474523844638,23
2025-05-26 22:50:00,141.4928064,40.799776,681,2025,Gipsy,300,29515.226665354563,23
2025-05-26 22:55:00,141.4864064,40.8000384,681,2025,Gipsy,300,29648.98113172515,23
2025-05-26 23:00:00,141.4800384,40.7983232,681,2025,Gipsy,300,29577.234030786138,23
2025-05-26 23:05:00,141.4780288,40.7968384,681,2025,Gipsy,300,29454.84196749702,23
2025-05-26 23:10:00,141.4645376,40.7856128,681,2025,Gipsy,300,28536.108989593286,23
2025-05-26 23:15:00,141.4485632,40.7707008,681,2025,Gipsy,300,27373.57935516581,23
2025-05-26 23:20:00,141.444832,40.7502208,681,2025,Gipsy,300,25361.38938793345,23
2025-05-26 23:25:00,141.4547072,40.7271744,681,2025,Gipsy,300,22677.224619182056,23
2025-05-26 23:30:00,141.4671232,40.7062272,681,2025,Gipsy,300,20126.67227867557,23
2025-05-26 23:35:00,141.4827456,40.6867456,681,2025,Gipsy,300,17627.94979339102,23
2025-05-26 23:40:00,141.4881408,40.668448,681,2025,Gipsy,300,15570.978256880378,23
2025-05-26 23:45:00,141.4964416,40.6471616,681,2025,Gipsy,300,13119.437273947122,23
2025-05-26 23:50:00,141.5090176,40.6280576,681,2025,Gipsy,300,10751.210793239707,23
2025-05-26 23:55:00,141.5231168,40.6060544,681,2025,Gipsy,300,8038.968633075579,23
2025-05-27 00:00:00,141.53743360000001,40.583456,681,2025,Gipsy,300,5265.158561608051,23
2025-05-27 00:05:00,141.5473472,40.5595904,681,2025,Gipsy,300,2486.8673104215227,23
2025-05-27 11:25:00,141.551552,40.54656,681,2025,Gipsy,300,1021.2094147496437,24
2025-05-27 11:30:00,141.5171584,40.57792,681,2025,Gipsy,300,5549.0748900080625,24
2025-05-27 11:35:00,141.499392,40.6039488,681,2025,Gipsy,300,8771.92523225295,24
2025-05-27 11:40:00,141.4777408,40.6242496,681,2025,Gipsy,300,11668.98547539378,24
2025-05-27 11:45:00,141.4636544,40.6322688,681,2025,Gipsy,300,13093.47463180239,24
2025-05-27 11:50:00,141.4611072,40.64256,681,2025,Gipsy,300,14141.570636356899,24
2025-05-27 11:55:00,141.4568128,40.6564608,681,2025,Gipsy,300,15622.476316164342,24
2025-05-27 12:00:00,141.4600576,40.67296,681,2025,Gipsy,300,17051.331509730593,24
2025-05-27 12:05:00,141.45536,40.6644032,681,2025,Gipsy,300,16432.579886726067,24
2025-05-27 12:10:00,141.4525056,40.66368,681,2025,Gipsy,300,16493.425474247902,24
2025-05-27 12:15:00,141.4604864,40.6601152,681,2025,Gipsy,300,15799.864493375693,24
2025-05-27 12:20:00,141.4584256,40.6571264,681,2025,Gipsy,300,15610.588909842414,24
2025-05-27 12:25:00,141.4599296,40.6559168,681,2025,Gipsy,300,15428.96172062136,24
2025-05-27 12:30:00,141.4497664,40.6374016,681,2025,Gipsy,300,14272.34574011322,24
2025-05-27 12:35:00,141.45952,40.6133184,681,2025,Gipsy,300,11738.941032839188,24
2025-05-27 12:40:00,141.46288,40.6019072,681,2025,Gipsy,300,10665.307093512802,24
2025-05-27 12:45:00,141.4628672,40.6020864,681,2025,Gipsy,300,10679.239092113234,24
2025-05-27 12:50:00,141.4625664,40.602528,681,2025,Gipsy,300,10730.74110769761,24
2025-05-27 12:55:00,141.4627456,40.6025024,681,2025,Gipsy,300,10717.484517706222,24
2025-05-27 13:00:00,141.4622144,40.6027968,681,2025,Gipsy,300,10772.828109936847,24
2025-05-27 13:05:00,141.46224,40.6031168,681,2025,Gipsy,300,10794.737248051735,24
2025-05-27 13:10:00,141.4621696,40.6031296,681,2025,Gipsy,300,10800.139834650618,24
2025-05-27 13:15:00,141.4623168,40.6029632,681,2025,Gipsy,300,10778.563351537081,24
2025-05-27 13:20:00,141.4620736,40.6030592,681,2025,Gipsy,300,10801.045057560868,24
2025-05-27 13:25:00,141.4623616,40.6030272,681,2025,Gipsy,300,10780.435639110026,24
2025-05-27 13:30:00,141.4620608,40.6029312,681,2025,Gipsy,300,10792.44984685032,24
2025-05-27 13:35:00,141.4622336,40.6032064,681,2025,Gipsy,300,10801.743814978126,24
2025-05-27 13:40:00,141.4620224,40.6032256,681,2025,Gipsy,300,10816.534512023825,24
2025-05-27 13:45:00,141.4619648,40.6033152,681,2025,Gipsy,300,10826.78159880222,24
2025-05-27 13:50:00,141.4622592,40.6028864,681,2025,Gipsy,300,10776.567739672359,24
2025-05-27 13:55:00,141.462176,40.6029312,681,2025,Gipsy,300,10785.139117789653,24
2025-05-27 14:00:00,141.4620288,40.6032064,681,2025,Gipsy,300,10814.715503608571,24
2025-05-27 14:05:00,141.4619584,40.6031808,681,2025,Gipsy,300,10817.293830041821,24
2025-05-27 14:10:00,141.4646848,40.6100096,681,2025,Gipsy,300,11170.120342437654,24
2025-05-27 14:15:00,141.4598336,40.6127808,681,2025,Gipsy,300,11678.010850208522,24
2025-05-27 14:20:00,141.461728,40.6308224,681,2025,Gipsy,300,13066.984859265815,24
2025-05-27 14:25:00,141.4608896,40.655328,681,2025,Gipsy,300,15330.269805199727,24
2025-05-27 14:30:00,141.4668288,40.6737472,681,2025,Gipsy,300,16859.10423180372,24
2025-05-27 14:35:00,141.458784,40.6962944,681,2025,Gipsy,300,19404.87614986855,24
2025-05-27 14:40:00,141.4554112,40.7158144,681,2025,Gipsy,300,21494.078615363327,24
2025-05-27 14:45:00,141.4547776,40.7414464,681,2025,Gipsy,300,24145.877028992425,24
2025-05-27 14:50:00,141.4550592,40.7651264,681,2025,Gipsy,300,26607.560067430266,24
2025-05-27 14:55:00,141.456448,40.7651584,681,2025,Gipsy,300,26572.86979538982,24
2025-05-27 15:00:00,141.4409088,40.7557568,681,2025,Gipsy,300,26055.785868956526,24
2025-05-27 15:05:00,141.4331712,40.7380928,681,2025,Gipsy,300,24526.034248911357,24
2025-05-27 15:10:00,141.4300544,40.718912,681,2025,Gipsy,300,22745.276134647025,24
2025-05-27 15:15:00,141.4345024,40.6954944,681,2025,Gipsy,300,20298.569417761493,24
2025-05-27 15:20:00,141.4394112,40.6758784,681,2025,Gipsy,300,18232.503689974204,24
2025-05-27 15:25:00,141.444608,40.6546368,681,2025,Gipsy,300,16046.741831667505,24
2025-05-27 15:30:00,141.451168,40.630432,681,2025,Gipsy,300,13607.834069096954,24
2025-05-27 15:35:00,141.4619456,40.607392,681,2025,Gipsy,300,11133.399455726516,24
2025-05-27 15:40:00,141.4671744,40.5962816,681,2025,Gipsy,300,9982.989478532667,24
2025-05-27 15:45:00,141.48112,40.5768448,681,2025,Gipsy,300,7745.417941250709,24
2025-05-27 15:50:00,141.5034304,40.5596288,681,2025,Gipsy,300,5148.42724010417,24
2025-05-27 15:55:00,141.5322816,40.557184,681,2025,Gipsy,300,2975.9950647232754,24
2025-05-27 19:50:00,141.558368,40.5733696,681,2025,Gipsy,300,3860.8570021026917,25
2025-05-27 19:55:00,141.5621248,40.5974848,681,2025,Gipsy,300,6549.410361657514,25
2025-05-27 20:00:00,141.5666048,40.6169984,681,2025,Gipsy,300,8738.423170244936,25
2025-05-27 20:05:00,141.5725696,40.6382272,681,2025,Gipsy,300,11134.829704876489,25
2025-05-27 20:10:00,141.5764352,40.6455104,681,2025,Gipsy,300,11977.847738821229,25
2025-05-27 20:15:00,141.5761472,40.6461888,681,2025,Gipsy,300,12049.314558620039,25
2025-05-27 20:20:00,141.5760512,40.6468416,681,2025,Gipsy,300,12120.141201718452,25
2025-05-27 20:25:00,141.5759744,40.6477056,681,2025,Gipsy,300,12214.46168529225,25
2025-05-27 20:30:00,141.5758784,40.6485376,681,2025,Gipsy,300,12305.081091884627,25
2025-05-27 20:35:00,141.5757568,40.6494208,681,2025,Gipsy,300,12401.104885075201,25
2025-05-27 20:40:00,141.5756992,40.6502144,681,2025,Gipsy,300,12487.957317855893,25
2025-05-27 20:45:00,141.5755392,40.6510336,681,2025,Gipsy,300,12576.601793809179,25
2025-05-27 20:50:00,141.5754048,40.6518272,681,2025,Gipsy,300,12662.72883725704,25
2025-05-27 20:55:00,141.5752192,40.652576,681,2025,Gipsy,300,12743.445060358283,25
2025-05-27 21:00:00,141.5752256,40.6536128,681,2025,Gipsy,300,12857.856433223307,25
2025-05-27 21:05:00,141.5797312,40.6547392,681,2025,Gipsy,300,13031.431849190933,25
2025-05-27 21:10:00,141.58304,40.6561728,681,2025,Gipsy,300,13231.672430754075,25
2025-05-27 21:15:00,141.5831168,40.6570176,681,2025,Gipsy,300,13325.293361223608,25
2025-05-27 21:20:00,141.5831552,40.6580224,681,2025,Gipsy,300,13435.930959065461,25
2025-05-27 21:25:00,141.5831552,40.659104,681,2025,Gipsy,300,13554.484368988708,25
2025-05-27 21:30:00,141.5943616,40.6595264,681,2025,Gipsy,300,13783.477853536102,25
2025-05-27 21:35:00,141.595264,40.6603136,681,2025,Gipsy,300,13885.983101786309,25
2025-05-27 21:40:00,141.5956736,40.661376,681,2025,Gipsy,300,14008.76365460693,25
2025-05-27 21:45:00,141.6008512,40.6609856,681,2025,Gipsy,300,14074.151332335025,25
2025-05-27 21:50:00,141.6008448,40.6619264,681,2025,Gipsy,300,14174.90859409876,25
2025-05-27 21:55:00,141.60144,40.6631616,681,2025,Gipsy,300,14320.428331985982,25
2025-05-27 22:00:00,141.601632,40.664096,681,2025,Gipsy,300,14424.855882639085,25
2025-05-27 22:05:00,141.601728,40.6647552,681,2025,Gipsy,300,14497.671963817109,25
2025-05-27 22:10:00,141.602208,40.6654272,681,2025,Gipsy,300,14580.251947480898,25
2025-05-27 22:15:00,141.6024256,40.666112,681,2025,Gipsy,300,14658.467738659225,25
2025-05-27 22:20:00,141.602432,40.6670976,681,2025,Gipsy,300,14764.34630282052,25
2025-05-27 22:25:00,141.602816,40.667872,681,2025,Gipsy,300,14855.80287280706,25
2025-05-27 22:30:00,141.6026432,40.669184,681,2025,Gipsy,300,14992.892788013101,25
2025-05-27 22:35:00,141.6033408,40.66928,681,2025,Gipsy,300,15018.312796225422,25
2025-05-27 22:40:00,141.6034944,40.6696896,681,2025,Gipsy,300,15065.608768043918,25
2025-05-27 22:45:00,141.6039552,40.6704128,681,2025,Gipsy,300,15153.262291382778,25
2025-05-27 22:50:00,141.6041728,40.671168,681,2025,Gipsy,300,15239.028916541762,25
2025-05-27 22:55:00,141.6048448,40.6712576,681,2025,Gipsy,300,15263.439626674926,25
2025-05-27 23:00:00,141.6049792,40.6722048,681,2025,Gipsy,300,15367.932154140635,25
2025-05-27 23:05:00,141.6053696,40.673024,681,2025,Gipsy,300,15464.367965858351,25
2025-05-27 23:10:00,141.6057152,40.673728,681,2025,Gipsy,300,15547.469651724701,25
2025-05-27 23:15:00,141.6068032,40.6738112,681,2025,Gipsy,300,15580.741844169439,25
2025-05-27 23:20:00,141.6080768,40.6742784,681,2025,Gipsy,300,15659.797845146912,25
2025-05-27 23:25:00,141.607968,40.6749696,681,2025,Gipsy,300,15731.153386300533,25
2025-05-27 23:30:00,141.6096192,40.6748928,681,2025,Gipsy,300,15761.404491608593,25
2025-05-27 23:35:00,141.6099136,40.6758592,681,2025,Gipsy,300,15871.401388571856,25
2025-05-27 23:40:00,141.6097856,40.6766976,681,2025,Gipsy,300,15957.82042151977,25
2025-05-27 23:45:00,141.610176,40.6771008,681,2025,Gipsy,300,16009.997920142809,25
2025-05-27 23:50:00,141.610848,40.6774016,681,2025,Gipsy,300,16057.951864964794,25
2025-05-27 23:55:00,141.6118656,40.6774144,681,2025,Gipsy,300,16083.69381298413,25
2025-05-28 00:00:00,141.6119872,40.677952,681,2025,Gipsy,300,16143.84255953426,25
2025-05-28 00:05:00,141.6056832,40.6782656,681,2025,Gipsy,300,16033.591475387986,25
2025-05-28 00:10:00,141.6060352,40.6782912,681,2025,Gipsy,300,16043.925880836541,25
2025-05-28 00:15:00,141.6062336,40.6783104,681,2025,Gipsy,300,16050.284426818265,25
2025-05-28 00:20:00,141.6064192,40.678496,681,2025,Gipsy,300,16074.235098652067,25
2025-05-28 00:25:00,141.60672,40.6784896,681,2025,Gipsy,300,16080.11029460196,25
2025-05-28 00:30:00,141.5972544,40.6784384,681,2025,Gipsy,300,15886.320947012602,25
2025-05-28 00:35:00,141.5955072,40.6785664,681,2025,Gipsy,300,15869.664949340728,25
2025-05-28 00:40:00,141.5832512,40.6771328,681,2025,Gipsy,300,15535.264037714616,25
2025-05-28 00:45:00,141.5837888,40.6771008,681,2025,Gipsy,300,15538.169358912788,25
2025-05-28 00:50:00,141.583904,40.6769408,681,2025,Gipsy,300,15521.979080032766,25
2025-05-28 00:55:00,141.5839168,40.6767936,681,2025,Gipsy,300,15505.957885493139,25
2025-05-28 01:00:00,141.581184,40.6745216,681,2025,Gipsy,300,15224.279687508773,25
2025-05-28 01:05:00,141.5711936,40.6671936,681,2025,Gipsy,300,14325.40322269488,25
2025-05-28 01:10:00,141.5621824,40.663648,681,2025,Gipsy,300,13890.826033010062,25
2025-05-28 01:15:00,141.5561984,40.6544704,681,2025,Gipsy,300,12866.818989157922,25
2025-05-28 01:20:00,141.5561024,40.6543424,681,2025,Gipsy,300,12852.683296289399,25
2025-05-28 01:25:00,141.5561216,40.6542016,681,2025,Gipsy,300,12837.03263271028,25
2025-05-28 01:30:00,141.5558784,40.6542016,681,2025,Gipsy,300,12837.250238953537,25
2025-05-28 01:35:00,141.5555456,40.65424,681,2025,Gipsy,300,12841.86532501317,25
2025-05-28 01:40:00,141.5551936,40.6540608,681,2025,Gipsy,300,12822.406819642665,25
2025-05-28 01:45:00,141.5507584,40.6483904,681,2025,Gipsy,300,12204.86356413384,25
2025-05-28 01:50:00,141.5504448,40.6456384,681,2025,Gipsy,300,11900.938104179548,25
2025-05-28 01:55:00,141.5499904,40.6457472,681,2025,Gipsy,300,11915.02285174162,25
2025-05-28 02:00:00,141.5499968,40.6457536,681,2025,Gipsy,300,11915.703223373997,25
2025-05-28 02:05:00,141.5497984,40.6458432,681,2025,Gipsy,300,11926.557065551619,25
2025-05-28 02:10:00,141.5493184,40.64608,681,2025,Gipsy,300,11955.127423955884,25
2025-05-28 02:15:00,141.5490048,40.6462784,681,2025,Gipsy,300,11978.70496259438,25
2025-05-28 02:20:00,141.548704,40.6463296,681,2025,Gipsy,300,11985.953472200381,25
2025-05-28 02:25:00,141.54848,40.6464192,681,2025,Gipsy,300,11997.089299662332,25
2025-05-28 02:30:00,141.5480448,40.646496,681,2025,Gipsy,300,12008.026095947358,25
2025-05-28 02:35:00,141.5480512,40.6465664,681,2025,Gipsy,300,12015.789556648038,25
2025-05-28 02:40:00,141.5475648,40.6468992,681,2025,Gipsy,300,12055.494625569847,25
2025-05-28 02:45:00,141.5474048,40.646944,681,2025,Gipsy,300,12061.418999871823,25
2025-05-28 02:50:00,141.5468992,40.6472576,681,2025,Gipsy,300,12099.284032614521,25
2025-05-28 02:55:00,141.5468096,40.64736,681,2025,Gipsy,300,12111.193134795238,25
2025-05-28 03:00:00,141.546656,40.6474752,681,2025,Gipsy,300,12124.936086679298,25
2025-05-28 03:05:00,141.5465088,40.6474944,681,2025,Gipsy,300,12128.020470277086,25
2025-05-28 03:10:00,141.546272,40.64752,681,2025,Gipsy,300,12132.42303572974,25
2025-05-28 03:15:00,141.5460992,40.6474304,681,2025,Gipsy,300,12123.670603053855,25
2025-05-28 03:20:00,141.5493568,40.6477632,681,2025,Gipsy,300,12141.537124387642,25
2025-05-28 03:25:00,141.5492608,40.648,681,2025,Gipsy,300,12168.258513913426,25
2025-05-28 03:30:00,141.552288,40.6446656,681,2025,Gipsy,300,11786.065899143769,25
2025-05-28 03:35:00,141.5534144,40.638112,681,2025,Gipsy,300,11055.405415458297,25
2025-05-28 03:40:00,141.5475392,40.6291072,681,2025,Gipsy,300,10085.815985002037,25
2025-05-28 03:45:00,141.539424,40.6147008,681,2025,Gipsy,300,8589.030925300682,25
2025-05-28 03:50:00,141.5417408,40.5909376,681,2025,Gipsy,300,5964.407825382959,25
2025-05-28 03:55:00,141.54976,40.5670016,681,2025,Gipsy,300,3222.3957123002247,25
2025-05-28 07:25:00,141.5622336,40.5578752,681,2025,Gipsy,300,2175.3832076047606,26
2025-05-28 07:30:00,141.534368,40.5702528,681,2025,Gipsy,300,4027.7350146560198,26
2025-05-28 07:35:00,141.508736,40.5822336,681,2025,Gipsy,300,6371.709189361327,26
2025-05-28 07:40:00,141.4914368,40.5935168,681,2025,Gipsy,300,8281.122915380965,26
2025-05-28 07:45:00,141.4805888,40.6110976,681,2025,Gipsy,300,10359.755318773141,26
2025-05-28 07:50:00,141.4656896,40.6331776,681,2025,Gipsy,300,13070.44653981039,26
2025-05-28 07:55:00,141.4498688,40.6516672,681,2025,Gipsy,300,15517.487931033143,26
2025-05-28 08:00:00,141.451616,40.6709888,681,2025,Gipsy,300,17221.310548254096,26
2025-05-28 08:05:00,141.4511616,40.6881408,681,2025,Gipsy,300,18891.06178945469,26
2025-05-28 08:10:00,141.4407744,40.7043328,681,2025,Gipsy,300,20890.32255017182,26
2025-05-28 08:15:00,141.4345344,40.7049344,681,2025,Gipsy,300,21203.43534562322,26
2025-05-28 08:20:00,141.4438464,40.6852096,681,2025,Gipsy,300,18913.15784332323,26
2025-05-28 08:25:00,141.4457344,40.6847808,681,2025,Gipsy,300,18791.201344209498,26
2025-05-28 08:30:00,141.4458304,40.6847232,681,2025,Gipsy,300,18781.58548812732,26
2025-05-28 08:35:00,141.4458176,40.6847552,681,2025,Gipsy,300,18785.199877133404,26
2025-05-28 08:40:00,141.4458496,40.6847488,681,2025,Gipsy,300,18783.222443529045,26
2025-05-28 08:45:00,141.4459584,40.6847104,681,2025,Gipsy,300,18774.90449139013,26
2025-05-28 08:50:00,141.4458176,40.6847488,681,2025,Gipsy,300,18784.58609942901,26
2025-05-28 08:55:00,141.4458624,40.6846272,681,2025,Gipsy,300,18771.01539649687,26
2025-05-28 09:00:00,141.4459392,40.6847296,681,2025,Gipsy,300,18777.563956188485,26
2025-05-28 09:05:00,141.4458496,40.6847936,681,2025,Gipsy,300,18787.51934373102,26
2025-05-28 09:10:00,141.4553856,40.6738432,681,2025,Gipsy,300,17331.134486316983,26
2025-05-28 09:15:00,141.4582528,40.6406912,681,2025,Gipsy,300,14115.380412265757,26
2025-05-28 09:20:00,141.4630528,40.6081344,681,2025,Gipsy,300,11122.4147957659,26
2025-05-28 09:25:00,141.462656,40.601792,681,2025,Gipsy,300,10671.169334673417,26
2025-05-28 09:30:00,141.4626432,40.6018816,681,2025,Gipsy,300,10678.526248086275,26
2025-05-28 09:35:00,141.4796544,40.5889408,681,2025,Gipsy,300,8649.77224503071,26
2025-05-28 09:40:00,141.4996352,40.5618496,681,2025,Gipsy,300,5547.1986460083235,26
2025-05-28 09:45:00,141.5327296,40.5550912,681,2025,Gipsy,300,2791.144002198212,26
2025-05-28 16:10:00,141.5353024,40.539136,681,2025,Gipsy,300,1890.2046992797962,27
2025-05-28 16:15:00,141.5139328,40.5459456,681,2025,Gipsy,300,3788.2182236131734,27
2025-05-28 16:20:00,141.5051008,40.5427008,681,2025,Gipsy,300,4470.994862746995,27
2025-05-28 16:25:00,141.5100032,40.5432192,681,2025,Gipsy,300,4064.8904328697604,27
2025-05-28 16:30:00,141.51024,40.5432,681,2025,Gipsy,300,4044.721463140491,27
2025-05-28 16:35:00,141.5102016,40.543168,681,2025,Gipsy,300,4047.503293667617,27
2025-05-28 16:40:00,141.5106368,40.5460416,681,2025,Gipsy,300,4063.492947651559,27
2025-05-28 16:45:00,141.517568,40.5561152,681,2025,Gipsy,300,3909.1131579119055,27
2025-05-28 16:50:00,141.5175488,40.5561152,681,2025,Gipsy,300,3910.5241992553456,27
2025-05-28 16:55:00,141.5175424,40.55616,681,2025,Gipsy,300,3913.469143139187,27
2025-05-28 17:00:00,141.5175616,40.5561216,681,2025,Gipsy,300,3909.936831014497,27
2025-05-28 17:05:00,141.5175168,40.5563392,681,2025,Gipsy,300,3925.290617155307,27
2025-05-28 17:10:00,141.5175872,40.5560576,681,2025,Gipsy,300,3904.525031151966,27
2025-05-28 17:15:00,141.5351488,40.557376,681,2025,Gipsy,300,2821.712155074229,27
2025-05-28 19:10:00,141.5762496,40.5521024,681,2025,Gipsy,300,2177.398514736408,28
2025-05-28 19:15:00,141.6028608,40.5656576,681,2025,Gipsy,300,4870.187119584803,28
2025-05-28 19:20:00,141.6294848,40.5648512,681,2025,Gipsy,300,6750.132234776173,28
2025-05-28 19:25:00,141.6533696,40.5586176,681,2025,Gipsy,300,8410.90812691027,28
2025-05-28 19:30:00,141.6658496,40.5502848,681,2025,Gipsy,300,9261.005593574106,28
2025-05-28 19:35:00,141.6785344,40.541152,681,2025,Gipsy,300,10248.901972613698,28
2025-05-28 19:40:00,141.6874944,40.5286976,681,2025,Gipsy,300,11059.957948895702,28
2025-05-28 19:45:00,141.7022464,40.547392,681,2025,Gipsy,300,12292.034411536395,28
2025-05-28 19:50:00,141.7077504,40.5500224,681,2025,Gipsy,300,12782.29004119792,28
2025-05-28 19:55:00,141.7117056,40.5612288,681,2025,Gipsy,300,13292.770573867085,28
2025-05-28 20:00:00,141.7108096,40.5618624,681,2025,Gipsy,300,13231.74237311752,28
2025-05-28 20:05:00,141.7093312,40.5627456,681,2025,Gipsy,300,13128.536855374336,28
2025-05-28 20:10:00,141.7080768,40.5636096,681,2025,Gipsy,300,13044.54450323205,28
2025-05-28 20:15:00,141.706816,40.5645056,681,2025,Gipsy,300,12961.84821391372,28
2025-05-28 20:20:00,141.705824,40.5654528,681,2025,Gipsy,300,12903.7387466128,28
2025-05-28 20:25:00,141.7045312,40.5664512,681,2025,Gipsy,300,12823.41409523099,28
2025-05-28 20:30:00,141.7034688,40.5675968,681,2025,Gipsy,300,12767.480114650982,28
2025-05-28 20:35:00,141.7024832,40.5687808,681,2025,Gipsy,300,12720.607883835213,28
2025-05-28 20:40:00,141.701632,40.5697408,681,2025,Gipsy,300,12679.639394564843,28
2025-05-28 20:45:00,141.7005952,40.5707776,681,2025,Gipsy,300,12627.172518531654,28
2025-05-28 20:50:00,141.6996096,40.5718144,681,2025,Gipsy,300,12580.3026508133,28
2025-05-28 20:55:00,141.7050624,40.5772928,681,2025,Gipsy,300,13207.241519967918,28
2025-05-28 21:00:00,141.711936,40.58704,681,2025,Gipsy,300,14133.572390844076,28
2025-05-28 21:05:00,141.7112704,40.587904,681,2025,Gipsy,300,14118.307440585493,28
2025-05-28 21:10:00,141.7109568,40.588768,681,2025,Gipsy,300,14131.29681160219,28
2025-05-28 21:15:00,141.7095104,40.5887808,681,2025,Gipsy,300,14019.369315904047,28
2025-05-28 21:20:00,141.7091776,40.5901568,681,2025,Gipsy,300,14054.92864049723,28
2025-05-28 21:25:00,141.7084224,40.5906816,681,2025,Gipsy,300,14020.432740104903,28
2025-05-28 21:30:00,141.708384,40.5924096,681,2025,Gipsy,300,14097.566131815089,28
2025-05-28 21:35:00,141.70752,40.59312,681,2025,Gipsy,300,14065.039344179888,28
2025-05-28 21:40:00,141.7066944,40.5935424,681,2025,Gipsy,300,14022.269856960796,28
2025-05-28 21:45:00,141.7060096,40.5946944,681,2025,Gipsy,300,14026.313932864537,28
2025-05-28 21:50:00,141.7057664,40.5968832,681,2025,Gipsy,300,14117.43189745848,28
2025-05-28 21:55:00,141.7123456,40.6007616,681,2025,Gipsy,300,14810.226902337712,28
2025-05-28 22:00:00,141.7214912,40.6132864,681,2025,Gipsy,300,16165.905001742822,28
2025-05-28 22:05:00,141.7212608,40.6146944,681,2025,Gipsy,300,16229.883150632955,28
2025-05-28 22:10:00,141.7204416,40.6151232,681,2025,Gipsy,300,16195.594965114125,28
2025-05-28 22:15:00,141.72048,40.6159296,681,2025,Gipsy,300,16245.444105016997,28
2025-05-28 22:20:00,141.7202112,40.6166656,681,2025,Gipsy,300,16269.461343807441,28
2025-05-28 22:25:00,141.7200768,40.6173632,681,2025,Gipsy,300,16301.201257278522,28
2025-05-28 22:30:00,141.7201216,40.6179392,681,2025,Gipsy,300,16338.751340320463,28
2025-05-28 22:35:00,141.7198784,40.6188672,681,2025,Gipsy,300,16377.185813028509,28
2025-05-28 22:40:00,141.7198528,40.6191744,681,2025,Gipsy,300,16393.933054715464,28
2025-05-28 22:45:00,141.7200256,40.619648,681,2025,Gipsy,300,16434.8931023047,28
2025-05-28 22:50:00,141.7199808,40.6201088,681,2025,Gipsy,300,16459.760568795882,28
2025-05-28 22:55:00,141.7171008,40.622496,681,2025,Gipsy,300,16405.504839185272,28
2025-05-28 23:00:00,141.71744,40.623072,681,2025,Gipsy,300,16465.457177432516,28
2025-05-28 23:05:00,141.717728,40.6235776,681,2025,Gipsy,300,16517.470618066276,28
2025-05-28 23:10:00,141.7172864,40.6259904,681,2025,Gipsy,300,16641.393719403797,28
2025-05-28 23:15:00,141.7174656,40.6284992,681,2025,Gipsy,300,16817.37094324157,28
2025-05-28 23:20:00,141.7176256,40.6292096,681,2025,Gipsy,300,16875.1311651075,28
2025-05-28 23:25:00,141.7180736,40.6297792,681,2025,Gipsy,300,16943.270105147112,28
2025-05-28 23:30:00,141.718528,40.6395904,681,2025,Gipsy,300,17644.88971719177,28
2025-05-28 23:35:00,141.748096,40.6460928,681,2025,Gipsy,300,20062.36157702624,28
2025-05-28 23:40:00,141.761152,40.6473792,681,2025,Gipsy,300,21042.54467657392,28
2025-05-28 23:45:00,141.7621248,40.6474624,681,2025,Gipsy,300,21115.30665505289,28
2025-05-28 23:50:00,141.7634112,40.6474496,681,2025,Gipsy,300,21203.874045825334,28
2025-05-28 23:55:00,141.7644352,40.6475456,681,2025,Gipsy,300,21281.199936457673,28
2025-05-29 00:00:00,141.76576,40.6474176,681,2025,Gipsy,300,21365.53063843468,28
2025-05-29 00:05:00,141.7672128,40.6474752,681,2025,Gipsy,300,21470.66221679234,28
2025-05-29 00:10:00,141.7682176,40.647744,681,2025,Gipsy,300,21557.74421543317,28
2025-05-29 00:15:00,141.772416,40.6526336,681,2025,Gipsy,300,22157.769691695677,28
2025-05-29 00:20:00,141.7736128,40.6636032,681,2025,Gipsy,300,22955.159542733465,28
2025-05-29 00:25:00,141.7749184,40.6636864,681,2025,Gipsy,300,23048.82892919697,28
2025-05-29 00:30:00,141.7757888,40.6741696,681,2025,Gipsy,300,23824.45850131667,28
2025-05-29 00:35:00,141.7773248,40.673248,681,2025,Gipsy,300,23861.196733021403,28
2025-05-29 00:40:00,141.7778816,40.6736128,681,2025,Gipsy,300,23923.266840839635,28
2025-05-29 00:45:00,141.7810944,40.6721344,681,2025,Gipsy,300,24034.29758974711,28
2025-05-29 00:50:00,141.7864384,40.674208,681,2025,Gipsy,300,24532.273026403323,28
2025-05-29 00:55:00,141.7718016,40.6902336,681,2025,Gipsy,300,24739.99968129897,28
2025-05-29 01:00:00,141.7751808,40.6889664,681,2025,Gipsy,300,24855.65346875562,28
2025-05-29 01:05:00,141.7765376,40.6888512,681,2025,Gipsy,300,24932.276127749385,28
2025-05-29 01:10:00,141.7780608,40.688512,681,2025,Gipsy,300,25003.151583851854,28
2025-05-29 01:15:00,141.7797568,40.6882496,681,2025,Gipsy,300,25091.143337701153,28
2025-05-29 01:20:00,141.7812672,40.689888,681,2025,Gipsy,300,25307.286531762868,28
2025-05-29 01:25:00,141.781728,40.709376,681,2025,Gipsy,300,26818.389143220127,28
2025-05-29 01:30:00,141.7837248,40.7103872,681,2025,Gipsy,300,27017.186100613908,28
2025-05-29 01:35:00,141.7859072,40.7100352,681,2025,Gipsy,300,27120.847440685095,28
2025-05-29 01:40:00,141.788224,40.7097536,681,2025,Gipsy,300,27239.017558667558,28
2025-05-29 01:45:00,141.7901888,40.7095936,681,2025,Gipsy,300,27346.03183974209,28
2025-05-29 01:50:00,141.7922112,40.709376,681,2025,Gipsy,300,27452.75835330944,28
2025-05-29 01:55:00,141.7943936,40.7091584,681,2025,Gipsy,300,27569.992434000702,28
2025-05-29 02:00:00,141.7964352,40.7088768,681,2025,Gipsy,300,27674.43558068563,28
2025-05-29 02:05:00,141.7985856,40.7086144,681,2025,Gipsy,300,27787.79746140848,28
2025-05-29 02:10:00,141.8007168,40.7083008,681,2025,Gipsy,300,27896.883876255728,28
2025-05-29 02:15:00,141.7978944,40.7101952,681,2025,Gipsy,300,27864.48234058977,28
2025-05-29 02:20:00,141.7802816,40.7177536,681,2025,Gipsy,300,27398.987049854346,28
2025-05-29 02:25:00,141.7596672,40.7200064,681,2025,Gipsy,300,26420.354411971395,28
2025-05-29 02:30:00,141.7400768,40.7196928,681,2025,Gipsy,300,25351.76232024977,28
2025-05-29 02:35:00,141.7193472,40.7191936,681,2025,Gipsy,300,24277.7895154222,28
2025-05-29 02:40:00,141.6997952,40.7203328,681,2025,Gipsy,300,23493.8583089488,28
2025-05-29 02:45:00,141.6915328,40.7196992,681,2025,Gipsy,300,23082.40696082453,28
2025-05-29 02:50:00,141.6929088,40.719616,681,2025,Gipsy,300,23131.752284495145,28
2025-05-29 02:55:00,141.69424,40.7198848,681,2025,Gipsy,300,23213.56452659437,28
2025-05-29 03:00:00,141.6955008,40.7193664,681,2025,Gipsy,300,23217.10231544317,28
2025-05-29 03:05:00,141.6929408,40.7178496,681,2025,Gipsy,300,22962.931149016917,28
2025-05-29 03:10:00,141.678624,40.70144,681,2025,Gipsy,300,20780.482528201563,28
2025-05-29 03:15:00,141.6666048,40.6889792,681,2025,Gipsy,300,19076.7358983769,28
2025-05-29 03:20:00,141.6611968,40.6846848,681,2025,Gipsy,300,18438.936769352043,28
2025-05-29 03:25:00,141.6496704,40.6697664,681,2025,Gipsy,300,16518.292175834064,28
2025-05-29 03:30:00,141.6417728,40.644256,681,2025,Gipsy,300,13726.170090384718,28
2025-05-29 03:35:00,141.6289472,40.6204608,681,2025,Gipsy,300,10913.706489833003,28
2025-05-29 03:40:00,141.6154048,40.5989248,681,2025,Gipsy,300,8295.9599784609,28
2025-05-29 03:45:00,141.5988544,40.5770112,681,2025,Gipsy,300,5513.086347720062,28
2025-05-29 03:50:00,141.5781184,40.5587712,681,2025,Gipsy,300,2834.4325123105828,28
2025-05-15 04:35:00,141.527168,40.5581888,683,2025,Gipsy,300,3372.69598847144,1
2025-05-15 04:40:00,141.5275456,40.5586048,683,2025,Gipsy,300,3378.4880611998556,1
2025-05-15 04:45:00,141.5281856,40.5593856,683,2025,Gipsy,300,3396.1164418493436,1
2025-05-15 04:50:00,141.5248256,40.5555584,683,2025,Gipsy,300,3354.5170310350786,1
2025-05-15 04:55:00,141.5267072,40.5578048,683,2025,Gipsy,300,3375.5392817662178,1
2025-05-15 05:00:00,141.5272064,40.5584,683,2025,Gipsy,300,3385.387002096089,1
2025-05-15 05:05:00,141.518816,40.557504,683,2025,Gipsy,300,3898.534470292395,1
2025-05-15 05:10:00,141.5264768,40.558368,683,2025,Gipsy,300,3430.3521021755782,1
2025-05-15 05:15:00,141.5256064,40.5675456,683,2025,Gipsy,300,4203.8117001950595,1
2025-05-15 05:20:00,141.5110016,40.5641152,683,2025,Gipsy,300,4858.5004558409255,1
2025-05-15 05:25:00,141.5039168,40.5607488,683,2025,Gipsy,300,5169.688567970895,1
2025-05-15 05:30:00,141.5075008,40.5605888,683,2025,Gipsy,300,4895.88922962094,1
2025-05-15 05:35:00,141.5052864,40.5608768,683,2025,Gipsy,300,5074.84666924614,1
2025-05-15 05:40:00,141.505056,40.5605888,683,2025,Gipsy,300,5076.450194990776,1
2025-05-15 05:45:00,141.5059712,40.560736,683,2025,Gipsy,300,5016.600248105935,1
2025-05-15 05:50:00,141.5064448,40.559744,683,2025,Gipsy,300,4928.285713950579,1
2025-05-15 05:55:00,141.501824,40.5603584,683,2025,Gipsy,300,5306.43064104353,1
2025-05-15 06:00:00,141.5018112,40.5602752,683,2025,Gipsy,300,5303.200237432935,1
2025-05-15 06:05:00,141.501792,40.5602304,683,2025,Gipsy,300,5302.396213013347,1
2025-05-15 06:10:00,141.501824,40.5602816,683,2025,Gipsy,300,5302.5564220959695,1
2025-05-15 06:15:00,141.5019712,40.5601088,683,2025,Gipsy,300,5282.753971062981,1
2025-05-15 06:20:00,141.5017472,40.560416,683,2025,Gipsy,300,5315.133410025466,1
2025-05-15 06:25:00,141.5028224,40.5612224,683,2025,Gipsy,300,5276.232871375296,1
2025-05-15 06:30:00,141.5100992,40.5546624,683,2025,Gipsy,300,4401.319197904394,1
2025-05-15 06:35:00,141.5128448,40.5443456,683,2025,Gipsy,300,3844.913247340799,1
2025-05-15 06:40:00,141.5225536,40.5547264,683,2025,Gipsy,300,3466.894746605213,1
2025-05-15 06:45:00,141.5274112,40.5584064,683,2025,Gipsy,300,3372.674780741575,1
2025-05-15 06:50:00,141.5274176,40.5583232,683,2025,Gipsy,300,3366.2483904492883,1
2025-05-15 06:55:00,141.5273984,40.558496,683,2025,Gipsy,300,3379.9889706898675,1
2025-05-15 07:00:00,141.5275008,40.5584128,683,2025,Gipsy,300,3367.3872880124336,1
2025-05-15 07:05:00,141.5273792,40.5584832,683,2025,Gipsy,300,3380.2921303505523,1
2025-05-15 07:10:00,141.5274048,40.5584,683,2025,Gipsy,300,3372.6227618639364,1
2025-05-15 07:15:00,141.5276032,40.5579264,683,2025,Gipsy,300,3325.7342840721208,1
2025-05-15 07:20:00,141.5273792,40.5584704,683,2025,Gipsy,300,3379.3643607012195,1
2025-05-15 07:25:00,141.527456,40.5583744,683,2025,Gipsy,300,3367.481086945958,1
2025-05-15 07:30:00,141.527584,40.5584384,683,2025,Gipsy,300,3363.9138649630295,1
2025-05-15 07:35:00,141.5226432,40.5598848,683,2025,Gipsy,300,3788.476781434428,1
2025-05-15 07:40:00,141.5079808,40.560512,683,2025,Gipsy,300,4856.41196333436,1
2025-05-15 07:45:00,141.5097024,40.5633728,683,2025,Gipsy,300,4901.6155724599,1
2025-05-15 07:50:00,141.5078976,40.5628288,683,2025,Gipsy,300,4996.1230231800255,1
2025-05-15 07:55:00,141.5178304,40.5527104,683,2025,Gipsy,300,3715.400821178617,1
2025-05-15 08:00:00,141.5275072,40.558304,683,2025,Gipsy,300,3359.0986043093017,1
2025-05-15 08:05:00,141.5275328,40.5585088,683,2025,Gipsy,300,3372.3106082963304,1
2025-05-15 08:10:00,141.5273664,40.5585088,683,2025,Gipsy,300,3382.969506345004,1
2025-05-15 08:15:00,141.5275776,40.5583488,683,2025,Gipsy,300,3357.8203837341844,1
2025-05-15 08:20:00,141.5161664,40.5633536,683,2025,Gipsy,300,4457.678481053055,1
2025-05-15 08:25:00,141.5008192,40.5602944,683,2025,Gipsy,300,5379.169371408467,1
2025-05-15 08:30:00,141.5026496,40.560096,683,2025,Gipsy,300,5230.91084394224,1
2025-05-15 08:35:00,141.502816,40.5597952,683,2025,Gipsy,300,5203.191225196648,1
2025-05-15 08:40:00,141.5021376,40.559673600000004,683,2025,Gipsy,300,5248.479719545908,1
2025-05-15 08:45:00,141.5029504,40.5598528,683,2025,Gipsy,300,5195.939299111536,1
2025-05-15 08:50:00,141.5142272,40.55712,683,2025,Gipsy,300,4210.321411278641,1
2025-05-15 08:55:00,141.516288,40.5565248,683,2025,Gipsy,300,4025.816364306962,1
2025-05-15 09:00:00,141.5162432,40.5565312,683,2025,Gipsy,300,4029.4666614393327,1
2025-05-15 09:05:00,141.51632,40.5564928,683,2025,Gipsy,300,4021.7047451132157,1
2025-05-15 09:10:00,141.5163904,40.5564288,683,2025,Gipsy,300,4013.012169204795,1
2025-05-15 09:15:00,141.5160512,40.5566208,683,2025,Gipsy,300,4048.5206387002736,1
2025-05-15 09:20:00,141.5163072,40.5565952,683,2025,Gipsy,300,4028.271964845801,1
2025-05-15 09:25:00,141.5163712,40.5564928,683,2025,Gipsy,300,4017.93411470184,1
2025-05-15 09:30:00,141.5165056,40.5567104,683,2025,Gipsy,300,4020.065988629218,1
2025-05-15 09:35:00,141.5163584,40.5564992,683,2025,Gipsy,300,4019.227807413818,1
2025-05-15 09:40:00,141.5163968,40.5564224,683,2025,Gipsy,300,4012.1902190061883,1
2025-05-15 09:45:00,141.5163968,40.5565184,683,2025,Gipsy,300,4017.4553570243506,1
2025-05-15 09:50:00,141.5163904,40.5565568,683,2025,Gipsy,300,4020.038179429334,1
2025-05-15 09:55:00,141.5167616,40.5553216,683,2025,Gipsy,300,3926.113304203596,1
2025-05-15 10:00:00,141.5161984,40.546624,683,2025,Gipsy,300,3618.7968710132504,1
2025-05-15 10:05:00,141.5177088,40.5466688,683,2025,Gipsy,300,3496.189052524132,1
2025-05-15 10:10:00,141.5153536,40.546976,683,2025,Gipsy,300,3697.826904948731,1
2025-05-15 10:15:00,141.5152832,40.547072,683,2025,Gipsy,300,3706.2867337747603,1
2025-05-15 10:20:00,141.5151872,40.5468672,683,2025,Gipsy,300,3708.4682280500488,1
2025-05-15 10:25:00,141.5151936,40.547008,683,2025,Gipsy,300,3711.838314978926,1
2025-05-15 10:30:00,141.5152256,40.546848,683,2025,Gipsy,300,3704.789621775302,1
2025-05-15 10:35:00,141.5152448,40.5469184,683,2025,Gipsy,300,3705.1515054630468,1
2025-05-15 10:40:00,141.515264,40.5467712,683,2025,Gipsy,300,3699.5401581261012,1
2025-05-15 10:45:00,141.5150144,40.5467776,683,2025,Gipsy,300,3720.2166462776872,1
2025-05-15 10:50:00,141.5153984,40.5468928,683,2025,Gipsy,300,3691.842188732776,1
2025-05-15 10:55:00,141.5151424,40.5469504,683,2025,Gipsy,300,3714.437346064488,1
2025-05-15 11:00:00,141.515232,40.5469312,683,2025,Gipsy,300,3706.5555856813735,1
2025-05-15 11:05:00,141.5150848,40.5484032,683,2025,Gipsy,300,3762.563266255555,1
2025-05-15 11:10:00,141.5082688,40.5613184,683,2025,Gipsy,300,4880.954307735031,1
2025-05-15 11:15:00,141.5017664,40.559904,683,2025,Gipsy,300,5288.030522421023,1
2025-05-15 11:20:00,141.5018816,40.5600896,683,2025,Gipsy,300,5288.56369309297,1
2025-05-15 11:25:00,141.5019392,40.56,683,2025,Gipsy,300,5279.728072214921,1
2025-05-15 11:30:00,141.5018944,40.5600384,683,2025,Gipsy,300,5285.0349395483545,1
2025-05-15 11:35:00,141.501856,40.5600384,683,2025,Gipsy,300,5287.93937307125,1
2025-05-15 11:40:00,141.501888,40.5600064,683,2025,Gipsy,300,5283.920904442118,1
2025-05-15 11:45:00,141.5018816,40.5600448,683,2025,Gipsy,300,5286.322854170873,1
2025-05-15 11:50:00,141.5018752,40.5600128,683,2025,Gipsy,300,5285.20872433524,1
2025-05-15 11:55:00,141.5020032,40.5600256,683,2025,Gipsy,300,5276.167400190137,1
2025-05-15 12:00:00,141.50208,40.559712,683,2025,Gipsy,300,5254.747014833777,1
2025-05-15 12:05:00,141.501888,40.5600128,683,2025,Gipsy,300,5284.240367777322,1
2025-05-15 12:10:00,141.5019264,40.5599872,683,2025,Gipsy,300,5280.057468838904,1
2025-05-15 12:15:00,141.5018752,40.5599808,683,2025,Gipsy,300,5283.612463656391,1
2025-05-15 12:20:00,141.5018688,40.5600704,683,2025,Gipsy,300,5288.5707278880755,1
2025-05-15 12:25:00,141.5043136,40.559168,683,2025,Gipsy,300,5058.5730821776715,1
2025-05-15 12:30:00,141.4926528,40.5688896,683,2025,Gipsy,300,6447.7022693649815,1
2025-05-15 12:35:00,141.4909248,40.5788608,683,2025,Gipsy,300,7202.2896286541145,1
2025-05-15 12:40:00,141.4980992,40.5628608,683,2025,Gipsy,300,5714.708937779591,1
2025-05-15 12:45:00,141.522112,40.5560384,683,2025,Gipsy,300,3575.685984215235,1
2025-05-15 12:50:00,141.5186624,40.5527424,683,2025,Gipsy,300,3653.135605282864,1
2025-05-15 12:55:00,141.5068928,40.5425408,683,2025,Gipsy,300,4318.168646466021,1
2025-05-15 13:00:00,141.505824,40.5425472,683,2025,Gipsy,300,4408.328952962343,1
2025-05-15 13:05:00,141.5080448,40.5429184,683,2025,Gipsy,300,4225.62171468734,1
2025-05-15 13:10:00,141.508768,40.543296,683,2025,Gipsy,300,4169.7727762843015,1
2025-05-15 13:15:00,141.5087552,40.5432768,683,2025,Gipsy,300,4170.583564700245,1
2025-05-15 13:20:00,141.508672,40.543456,683,2025,Gipsy,300,4180.088988303824,1
2025-05-15 13:25:00,141.5207296,40.5555648,683,2025,Gipsy,300,3647.2686864668713,1
2025-05-15 13:30:00,141.5278912,40.5586048,683,2025,Gipsy,300,3356.48156037553,1
2025-05-15 13:35:00,141.52784,40.558624,683,2025,Gipsy,300,3361.1441695194208,1
2025-05-15 13:40:00,141.5277696,40.5586048,683,2025,Gipsy,300,3364.211955718563,1
2025-05-15 13:45:00,141.5280064,40.5584256,683,2025,Gipsy,300,3336.0118254944714,1
2025-05-15 13:50:00,141.5350336,40.5587392,683,2025,Gipsy,300,2941.6230386401253,1
2025-05-15 13:55:00,141.5436672,40.5495424,683,2025,Gipsy,300,1693.6569191704777,1
2025-05-15 14:00:00,141.54368,40.5495488,683,2025,Gipsy,300,1693.411138594196,1
2025-05-15 14:05:00,141.5438208,40.5496448,683,2025,Gipsy,300,1692.8279766558721,1
2025-05-15 14:10:00,141.5513536,40.5463168,683,2025,Gipsy,300,1006.6813974074944,1
2025-05-16 00:10:00,141.5472192,40.5512,683,2025,Gipsy,300,1652.1199579687288,2
2025-05-16 00:15:00,141.5338368,40.5686656,683,2025,Gipsy,300,3897.9679460299476,2
2025-05-16 00:20:00,141.5203456,40.5668736,683,2025,Gipsy,300,4451.056012056017,2
2025-05-16 00:25:00,141.521472,40.5670784,683,2025,Gipsy,300,4400.238318198955,2
2025-05-16 00:30:00,141.5256256,40.5612224,683,2025,Gipsy,300,3693.781955427063,2
2025-05-16 00:35:00,141.522208,40.5482112,683,2025,Gipsy,300,3182.48088825724,2
2025-05-16 00:40:00,141.5231936,40.5487296,683,2025,Gipsy,300,3124.180708599936,2
2025-05-16 00:45:00,141.5241792,40.5492096,683,2025,Gipsy,300,3066.4878326543762,2
2025-05-16 00:50:00,141.525312,40.5495104,683,2025,Gipsy,300,2991.4677029482923,2
2025-05-16 00:55:00,141.5262336,40.5498944,683,2025,Gipsy,300,2938.1795587981746,2
2025-05-16 01:00:00,141.5270912,40.5503296,683,2025,Gipsy,300,2894.0479027766014,2
2025-05-16 01:05:00,141.5265984,40.5507328,683,2025,Gipsy,300,2951.541414209267,2
2025-05-16 01:10:00,141.5274048,40.551264,683,2025,Gipsy,300,2918.8562635848166,2
2025-05-16 01:15:00,141.5281856,40.5514944,683,2025,Gipsy,300,2873.717241293778,2
2025-05-16 01:20:00,141.5324672,40.549888,683,2025,Gipsy,300,2470.5172362647063,2
2025-05-16 01:25:00,141.5354048,40.5487616,683,2025,Gipsy,300,2192.6982679585026,2
2025-05-16 01:30:00,141.535392,40.5485888,683,2025,Gipsy,300,2183.82783027954,2
2025-05-16 04:05:00,141.5333504,40.5562304,683,2025,Gipsy,300,2837.3801046326553,3
2025-05-16 04:10:00,141.5176896,40.5649984,683,2025,Gipsy,300,4474.237786906182,3
2025-05-16 04:15:00,141.5238784,40.5708096,683,2025,Gipsy,300,4576.822905305529,3
2025-05-16 04:20:00,141.5349888,40.5581312,683,2025,Gipsy,300,2893.160269096323,3
2025-05-16 04:25:00,141.5350016,40.5581504,683,2025,Gipsy,300,2894.0408444036543,3
2025-05-16 04:30:00,141.534976,40.558176,683,2025,Gipsy,300,2897.6069780180324,3
2025-05-16 04:35:00,141.5351104,40.5581504,683,2025,Gipsy,300,2887.952363501675,3
2025-05-16 04:40:00,141.5349504,40.5581056,683,2025,Gipsy,300,2893.1870172277463,3
2025-05-16 04:45:00,141.5350784,40.558176,683,2025,Gipsy,300,2891.876749189862,3
2025-05-16 04:50:00,141.5349504,40.5581504,683,2025,Gipsy,300,2896.9117293477334,3
2025-05-16 04:55:00,141.534976,40.5582144,683,2025,Gipsy,300,2900.8059868956857,3
2025-05-16 05:00:00,141.5350016,40.558176,683,2025,Gipsy,300,2896.173048233913,3
2025-05-16 05:05:00,141.5350528,40.5581504,683,2025,Gipsy,300,2891.1736145520767,3
2025-05-16 05:10:00,141.5348544,40.5580992,683,2025,Gipsy,300,2898.0558701909913,3
2025-05-16 05:15:00,141.5350272,40.558144,683,2025,Gipsy,300,2892.073647483519,3
2025-05-16 05:20:00,141.5351488,40.5581632,683,2025,Gipsy,300,2886.8764390716324,3
2025-05-16 05:25:00,141.535104,40.5580416,683,2025,Gipsy,300,2879.243835749959,3
2025-05-16 05:30:00,141.5350336,40.5580096,683,2025,Gipsy,300,2880.53591100168,3
2025-05-16 05:35:00,141.5192768,40.5595392,683,2025,Gipsy,300,3992.8543115770717,3
2025-05-16 05:40:00,141.5067904,40.5599872,683,2025,Gipsy,300,4915.545246291971,3
2025-05-16 05:45:00,141.5231488,40.5561088,683,2025,Gipsy,300,3506.492186257128,3
2025-05-16 05:50:00,141.5349504,40.5581888,683,2025,Gipsy,300,2900.1073244747213,3
2025-05-16 05:55:00,141.5349312,40.558112,683,2025,Gipsy,300,2894.7975999030787,3
2025-05-16 06:00:00,141.5349952,40.5580608,683,2025,Gipsy,300,2886.9473624162197,3
2025-05-16 06:05:00,141.5350272,40.5581056,683,2025,Gipsy,300,2888.8765064165073,3
2025-05-16 06:10:00,141.5349632,40.5581312,683,2025,Gipsy,300,2894.5965045817024,3
2025-05-16 06:15:00,141.5375424,40.5543168,683,2025,Gipsy,300,2435.4244405398945,3
2025-05-16 06:20:00,141.5374592,40.5543936,683,2025,Gipsy,300,2446.4506905980616,3
2025-05-16 06:25:00,141.5435328,40.5499008,683,2025,Gipsy,300,1730.2384847956369,3
2025-05-16 06:30:00,141.5496256,40.549184,683,2025,Gipsy,300,1355.1430871534583,3
2025-05-16 06:35:00,141.5494656,40.549184,683,2025,Gipsy,300,1361.9529783321345,3
2025-05-16 06:40:00,141.5494848,40.5492032,683,2025,Gipsy,300,1362.970747839931,3
2025-05-16 06:45:00,141.5494784,40.5491904,683,2025,Gipsy,300,1362.017684691047,3
2025-05-16 06:50:00,141.5494976,40.549152,683,2025,Gipsy,300,1357.5164451899116,3
2025-05-16 06:55:00,141.5494784,40.5487936,683,2025,Gipsy,300,1324.1829744870665,3
2025-05-16 07:00:00,141.549472,40.5487936,683,2025,Gipsy,300,1324.4648526930519,3
2025-05-16 12:25:00,141.5209728,40.545472,683,2025,Gipsy,300,3195.4164820822148,4
2025-05-16 12:30:00,141.5156288,40.5473024,683,2025,Gipsy,300,3684.591170692696,4
2025-05-16 12:35:00,141.5146112,40.5470592,683,2025,Gipsy,300,3761.025772838198,4
2025-05-16 12:40:00,141.51408,40.5512256,683,2025,Gipsy,300,3944.2227989122566,4
2025-05-16 12:45:00,141.5021504,40.559904,683,2025,Gipsy,300,5258.958038508816,4
2025-05-16 12:50:00,141.5021952,40.5598656,683,2025,Gipsy,300,5253.652589057236,4
2025-05-16 12:55:00,141.5021248,40.5599232,683,2025,Gipsy,300,5261.853157048114,4
2025-05-16 13:00:00,141.5022144,40.5598208,683,2025,Gipsy,300,5249.966928004152,4
2025-05-16 13:05:00,141.5026944,40.5596544,683,2025,Gipsy,300,5205.345311777725,4
2025-05-16 13:10:00,141.5026624,40.5596224,683,2025,Gipsy,300,5206.174555258972,4
2025-05-16 13:15:00,141.5026176,40.5596544,683,2025,Gipsy,300,5211.158858962154,4
2025-05-16 13:20:00,141.5026048,40.5596608,683,2025,Gipsy,300,5212.446481631272,4
2025-05-16 13:25:00,141.50256,40.5597056,683,2025,Gipsy,300,5218.06891163622,4
2025-05-16 13:30:00,141.5042624,40.5593152,683,2025,Gipsy,300,5069.832471777262,4
2025-05-16 13:35:00,141.5042176,40.5593472,683,2025,Gipsy,300,5074.825527429277,4
2025-05-16 13:40:00,141.4921856,40.5742464,683,2025,Gipsy,300,6808.962794569168,4
2025-05-16 13:45:00,141.4881792,40.5804032,683,2025,Gipsy,300,7490.874497640706,4
2025-05-16 13:50:00,141.481856,40.5891968,683,2025,Gipsy,300,8527.026282948334,4
2025-05-16 13:55:00,141.4704576,40.5952256,683,2025,Gipsy,300,9694.933812475638,4
2025-05-16 14:00:00,141.4628864,40.6022592,683,2025,Gipsy,300,10690.687466471672,4
2025-05-16 14:05:00,141.4626752,40.602336,683,2025,Gipsy,300,10709.741442273713,4
2025-05-16 14:10:00,141.4626944,40.6023296,683,2025,Gipsy,300,10708.051819130917,4
2025-05-16 14:15:00,141.4626432,40.6022272,683,2025,Gipsy,300,10703.80210190642,4
2025-05-16 14:20:00,141.4626688,40.6025664,683,2025,Gipsy,300,10727.060830554092,4
2025-05-16 14:25:00,141.4626432,40.6018496,683,2025,Gipsy,300,10676.18984261036,4
2025-05-16 14:30:00,141.4626368,40.6034944,683,2025,Gipsy,300,10797.544704852478,4
2025-05-16 14:35:00,141.4627008,40.6020032,683,2025,Gipsy,300,10683.741379221981,4
2025-05-16 14:40:00,141.4627072,40.6022976,683,2025,Gipsy,300,10704.891689532276,4
2025-05-16 14:45:00,141.4627072,40.6022912,683,2025,Gipsy,300,10704.42243834793,4
2025-05-16 14:50:00,141.46268800000001,40.602272,683,2025,Gipsy,300,10704.235556817874,4
2025-05-16 14:55:00,141.4627712,40.6023104,683,2025,Gipsy,300,10701.763081767776,4
2025-05-16 15:00:00,141.462752,40.602304,683,2025,Gipsy,300,10702.513683381008,4
2025-05-16 15:05:00,141.4627584,40.6024896,683,2025,Gipsy,300,10715.731738418455,4
2025-05-16 15:10:00,141.4722432,40.6001408,683,2025,Gipsy,300,9946.874700746863,4
2025-05-16 15:15:00,141.4735744,40.607168,683,2025,Gipsy,300,10420.721175751549,4
2025-05-16 15:20:00,141.462112,40.6217216,683,2025,Gipsy,300,12269.953808793576,4
2025-05-16 15:25:00,141.4608192,40.6124608,683,2025,Gipsy,300,11593.85126968929,4
2025-05-16 15:30:00,141.4667136,40.6090368,683,2025,Gipsy,300,10972.574085452708,4
2025-05-16 15:35:00,141.4665728,40.6094656,683,2025,Gipsy,300,11014.8872474621,4
2025-05-16 15:40:00,141.4755264,40.5878016,683,2025,Gipsy,300,8840.752521747878,4
2025-05-16 15:45:00,141.4978688,40.5629568,683,2025,Gipsy,300,5736.942367053976,4
2025-05-16 15:50:00,141.5009088,40.5606208,683,2025,Gipsy,300,5388.719297413039,4
2025-05-16 15:55:00,141.5095104,40.5582016,683,2025,Gipsy,300,4618.499968063409,4
2025-05-16 16:00:00,141.5349888,40.5590272,683,2025,Gipsy,300,2968.4467082299975,4
2025-05-16 16:05:00,141.534912,40.5590464,683,2025,Gipsy,300,2974.2754710310223,4
2025-05-16 16:10:00,141.5350016,40.5590784,683,2025,Gipsy,300,2972.0932500967547,4
2025-05-16 16:15:00,141.5349376,40.558944,683,2025,Gipsy,300,2964.2028477585172,4
2025-05-16 16:20:00,141.5350592,40.5591232,683,2025,Gipsy,300,2972.763276541903,4
2025-05-16 16:25:00,141.5351424,40.5591552,683,2025,Gipsy,300,2970.9691481046807,4
2025-05-16 16:30:00,141.5349824,40.5589824,683,2025,Gipsy,300,2964.998800870908,4
2025-05-16 16:35:00,141.5512,40.546336,683,2025,Gipsy,300,1015.3866588889999,4
2025-05-16 18:45:00,141.5473984,40.5450432,683,2025,Gipsy,300,1121.7314810014436,5
2025-05-16 18:50:00,141.536384,40.5555456,683,2025,Gipsy,300,2601.747092789079,5
2025-05-16 18:55:00,141.5163392,40.5667136,683,2025,Gipsy,300,4685.899888837761,5
2025-05-16 19:00:00,141.5037056,40.5807744,683,2025,Gipsy,300,6539.361920067661,5
2025-05-16 19:05:00,141.4874432,40.5939008,683,2025,Gipsy,300,8544.180239062032,5
2025-05-16 19:10:00,141.475104,40.6123072,683,2025,Gipsy,300,10759.967743242603,5
2025-05-16 19:15:00,141.4708288,40.6143872,683,2025,Gipsy,300,11171.287832142676,5
2025-05-16 19:20:00,141.4708416,40.6138304,683,2025,Gipsy,300,11124.0904528069,5
2025-05-16 19:25:00,141.4710784,40.61392,683,2025,Gipsy,300,11118.338752011276,5
2025-05-16 19:30:00,141.4707648,40.6137152,683,2025,Gipsy,300,11118.790789338544,5
2025-05-16 19:35:00,141.4707712,40.6134208,683,2025,Gipsy,300,11093.940113587516,5
2025-05-16 19:40:00,141.4709184,40.6132032,683,2025,Gipsy,300,11067.594702028653,5
2025-05-16 19:45:00,141.468736,40.6141184,683,2025,Gipsy,300,11266.397084970828,5
2025-05-16 19:50:00,141.468864,40.6137536,683,2025,Gipsy,300,11229.038008002593,5
2025-05-16 19:55:00,141.4691968,40.6131584,683,2025,Gipsy,300,11161.111257850936,5
2025-05-16 20:00:00,141.469568,40.6125184,683,2025,Gipsy,300,11087.366538675002,5
2025-05-16 20:05:00,141.4690624,40.6127744,683,2025,Gipsy,300,11137.190223038606,5
2025-05-16 20:10:00,141.4691392,40.6119552,683,2025,Gipsy,300,11065.71504398219,5
2025-05-16 20:15:00,141.4691776,40.6115456,683,2025,Gipsy,300,11030.086516870968,5
2025-05-16 20:20:00,141.4691264,40.611296,683,2025,Gipsy,300,11012.707494326163,5
2025-05-16 20:25:00,141.4697536,40.6107584,683,2025,Gipsy,300,10932.843982236296,5
2025-05-16 20:30:00,141.4702848,40.6102656,683,2025,Gipsy,300,10862.15599773542,5
2025-05-16 20:35:00,141.4712576,40.6096512,683,2025,Gipsy,300,10756.137941911067,5
2025-05-16 20:40:00,141.4806912,40.6093888,683,2025,Gipsy,300,10207.526208151732,5
2025-05-16 20:45:00,141.4818816,40.6090304,683,2025,Gipsy,300,10112.71650354709,5
2025-05-16 20:50:00,141.4832832,40.6088384,683,2025,Gipsy,300,10021.293994465648,5
2025-05-16 20:55:00,141.4844928,40.60848,683,2025,Gipsy,300,9926.163932976522,5
2025-05-16 21:00:00,141.4860864,40.6080128,683,2025,Gipsy,300,9801.738424928508,5
2025-05-16 21:05:00,141.4873088,40.6075712,683,2025,Gipsy,300,9699.376636220995,5
2025-05-16 21:10:00,141.4888256,40.607136,683,2025,Gipsy,300,9582.68188794623,5
2025-05-16 21:15:00,141.4900992,40.6062016,683,2025,Gipsy,300,9434.79138274746,5
2025-05-16 21:20:00,141.4914368,40.6054144,683,2025,Gipsy,300,9296.71912775738,5
2025-05-16 21:25:00,141.4884352,40.592032,683,2025,Gipsy,300,8337.108554899278,5
2025-05-16 21:30:00,141.5024576,40.5779968,683,2025,Gipsy,300,6398.969556983511,5
2025-05-16 21:35:00,141.504864,40.5787328,683,2025,Gipsy,300,6309.201708494229,5
2025-05-16 21:40:00,141.5059776,40.5783424,683,2025,Gipsy,300,6211.925409238484,5
2025-05-16 21:45:00,141.506496,40.5776896,683,2025,Gipsy,300,6129.576378061871,5
2025-05-16 21:50:00,141.5067392,40.5771648,683,2025,Gipsy,300,6073.8382999739515,5
2025-05-16 21:55:00,141.5070912,40.5766912,683,2025,Gipsy,300,6015.652061187879,5
2025-05-16 22:00:00,141.5074752,40.5765376,683,2025,Gipsy,300,5980.54475002037,5
2025-05-16 22:05:00,141.5074624,40.5762368,683,2025,Gipsy,300,5957.84593892161,5
2025-05-16 22:10:00,141.5078016,40.5760896,683,2025,Gipsy,300,5925.913138230896,5
2025-05-16 22:15:00,141.5071104,40.5760704,683,2025,Gipsy,300,5966.237242055636,5
2025-05-16 22:20:00,141.5079744,40.5761536,683,2025,Gipsy,300,5920.506265693846,5
2025-05-16 22:25:00,141.522048,40.5659264,683,2025,Gipsy,300,4274.747174499321,5
2025-05-16 22:30:00,141.521696,40.5632448,683,2025,Gipsy,300,4090.98772013664,5
2025-05-16 22:35:00,141.522048,40.5632,683,2025,Gipsy,300,4065.527213158895,5
2025-05-16 22:40:00,141.5224256,40.5635392,683,2025,Gipsy,300,4067.43110316217,5
2025-05-16 22:45:00,141.522624,40.5635904,683,2025,Gipsy,300,4059.019535281778,5
2025-05-16 22:50:00,141.5224192,40.56384,683,2025,Gipsy,300,4090.631357223101,5
2025-05-16 22:55:00,141.5175104,40.5631168,683,2025,Gipsy,300,4352.1183555709395,5
2025-05-16 23:00:00,141.512,40.5607552,683,2025,Gipsy,300,4579.3792173757265,5
2025-05-16 23:05:00,141.5127872,40.5603264,683,2025,Gipsy,300,4497.571132234605,5
2025-05-16 23:10:00,141.5136704,40.5601088,683,2025,Gipsy,300,4421.517414242035,5
2025-05-16 23:15:00,141.5146112,40.5598528,683,2025,Gipsy,300,4339.1419700606275,5
2025-05-16 23:20:00,141.515616,40.5595392,683,2025,Gipsy,300,4248.817011816249,5
2025-05-16 23:25:00,141.5171648,40.5592448,683,2025,Gipsy,300,4121.359600383259,5
2025-05-16 23:30:00,141.5183296,40.5587072,683,2025,Gipsy,300,4006.1733213827683,5
2025-05-16 23:35:00,141.519968,40.5586304,683,2025,Gipsy,300,3886.8126192382033,5
2025-05-16 23:40:00,141.5215424,40.55856,683,2025,Gipsy,300,3773.606066891643,5
2025-05-16 23:45:00,141.5226688,40.5584384,683,2025,Gipsy,300,3688.7218578631314,5
2025-05-16 23:50:00,141.5385024,40.5504832,683,2025,Gipsy,300,2087.473301045382,5
2025-05-17 12:10:00,141.5421056,40.5469952,683,2025,Gipsy,300,1609.7770606665945,6
2025-05-17 12:15:00,141.5081856,40.5641536,683,2025,Gipsy,300,5056.592940861471,6
2025-05-17 12:20:00,141.5018368,40.559712,683,2025,Gipsy,300,5273.192955219369,6
2025-05-17 12:25:00,141.5033792,40.558176,683,2025,Gipsy,300,5081.2779023521625,6
2025-05-17 12:30:00,141.5058112,40.54208,683,2025,Gipsy,300,4404.576643414078,6
2025-05-17 12:35:00,141.5073408,40.5427968,683,2025,Gipsy,300,4283.399075554667,6
2025-05-17 12:40:00,141.50815360000001,40.542208,683,2025,Gipsy,300,4208.257171612872,6
2025-05-17 12:45:00,141.5074368,40.5436608,683,2025,Gipsy,300,4286.791391258574,6
2025-05-17 12:50:00,141.508128,40.5431296,683,2025,Gipsy,300,4221.338639632845,6
2025-05-17 12:55:00,141.5076288,40.543552,683,2025,Gipsy,300,4269.098799610386,6
2025-05-17 13:00:00,141.5082112,40.5432704,683,2025,Gipsy,300,4216.2281652467,6
2025-05-17 13:05:00,141.5082816,40.5429568,683,2025,Gipsy,300,4206.177150353122,6
2025-05-17 13:10:00,141.508672,40.5431232,683,2025,Gipsy,300,4175.498760522577,6
2025-05-17 13:15:00,141.5086784,40.5432384,683,2025,Gipsy,300,4176.513199154708,6
2025-05-17 13:20:00,141.5072064,40.5457216,683,2025,Gipsy,300,4341.839136129128,6
2025-05-17 13:25:00,141.5099392,40.5412288,683,2025,Gipsy,300,4048.4546809899307,6
2025-05-17 13:30:00,141.505984,40.5422336,683,2025,Gipsy,300,4391.520638795704,6
2025-05-17 13:35:00,141.5087168,40.5434496,683,2025,Gipsy,300,4176.233976255364,6
2025-05-17 13:40:00,141.508736,40.5433792,683,2025,Gipsy,300,4173.6231529162715,6
2025-05-17 13:45:00,141.5129856,40.54448,683,2025,Gipsy,300,3835.656797068693,6
2025-05-17 13:50:00,141.512928,40.5445184,683,2025,Gipsy,300,3841.190871445262,6
2025-05-17 13:55:00,141.5104128,40.544864,683,2025,Gipsy,300,4057.681212218229,6
2025-05-17 14:00:00,141.5128128,40.544544,683,2025,Gipsy,300,3851.2918145351273,6
2025-05-17 14:05:00,141.5125888,40.5445696,683,2025,Gipsy,300,3870.4738939810645,6
2025-05-17 14:10:00,141.5115776,40.5572096,683,2025,Gipsy,300,4412.196692842786,6
2025-05-17 14:15:00,141.5110976,40.55776,683,2025,Gipsy,300,4476.86311854692,6
2025-05-17 14:20:00,141.5112832,40.5576,683,2025,Gipsy,300,4454.599565597328,6
2025-05-17 14:25:00,141.5114176,40.5574784,683,2025,Gipsy,300,4438.186335963678,6
2025-05-17 14:30:00,141.5044928,40.5624192,683,2025,Gipsy,300,5218.275054877022,6
2025-05-17 14:35:00,141.5038208,40.5593152,683,2025,Gipsy,300,5103.197451444824,6
2025-05-17 14:40:00,141.5037696,40.5593472,683,2025,Gipsy,300,5108.66955938551,6
2025-05-17 14:45:00,141.5039488,40.559264,683,2025,Gipsy,300,5090.957822485444,6
2025-05-17 14:50:00,141.5047232,40.5592064,683,2025,Gipsy,300,5029.57410735278,6
2025-05-17 14:55:00,141.5049344,40.5591552,683,2025,Gipsy,300,5011.058188047358,6
2025-05-17 15:00:00,141.505088,40.5590976,683,2025,Gipsy,300,4996.563635358734,6
2025-05-17 15:05:00,141.5046208,40.559264,683,2025,Gipsy,300,5040.206668455129,6
2025-05-17 15:10:00,141.5046336,40.5592448,683,2025,Gipsy,300,5038.271632128375,6
2025-05-17 15:15:00,141.5052096,40.5589824,683,2025,Gipsy,300,4981.57559581434,6
2025-05-17 15:20:00,141.505472,40.558944,683,2025,Gipsy,300,4959.842037903643,6
2025-05-17 15:25:00,141.5049664,40.5590464,683,2025,Gipsy,300,5003.155589708144,6
2025-05-17 15:30:00,141.5053952,40.558976,683,2025,Gipsy,300,4967.2510476232865,6
2025-05-17 15:35:00,141.4946048,40.5675648,683,2025,Gipsy,300,6230.0772713308525,6
2025-05-17 15:40:00,141.498368,40.5627136,683,2025,Gipsy,300,5686.9300370818455,6
2025-05-17 15:45:00,141.5082048,40.5583488,683,2025,Gipsy,300,4723.89697490297,6
2025-05-17 15:50:00,141.508096,40.5583744,683,2025,Gipsy,300,4733.379390891361,6
2025-05-17 15:55:00,141.5080832,40.5583744,683,2025,Gipsy,300,4734.340015464731,6
2025-05-17 16:00:00,141.508192,40.5583616,683,2025,Gipsy,300,4725.516744429558,6
2025-05-17 16:05:00,141.5081344,40.5582976,683,2025,Gipsy,300,4726.5484897371225,6
2025-05-17 16:10:00,141.508288,40.5582912,683,2025,Gipsy,300,4714.688067502999,6
2025-05-17 16:15:00,141.5082432,40.558336,683,2025,Gipsy,300,4720.356449802751,6
2025-05-17 16:20:00,141.5082112,40.5583168,683,2025,Gipsy,300,4721.769412656682,6
2025-05-17 16:25:00,141.5082688,40.5584,683,2025,Gipsy,300,4721.738153581866,6
2025-05-17 16:30:00,141.5081984,40.5583424,683,2025,Gipsy,300,4724.047613707193,6
2025-05-17 16:35:00,141.510464,40.557888,683,2025,Gipsy,300,4530.857738608466,6
2025-05-17 16:40:00,141.5106304,40.557888,683,2025,Gipsy,300,4518.440611765673,6
2025-05-17 16:45:00,141.5106624,40.5578496,683,2025,Gipsy,300,4514.034679173918,6
2025-05-17 16:50:00,141.5096512,40.55776,683,2025,Gipsy,300,4585.042456011061,6
2025-05-17 16:55:00,141.5105408,40.5578496,683,2025,Gipsy,300,4523.110437096389,6
2025-05-17 17:00:00,141.5030912,40.5644864,683,2025,Gipsy,300,5438.632822247707,6
2025-05-17 17:05:00,141.4848896,40.5844672,683,2025,Gipsy,300,7991.097049313922,6
2025-05-17 17:10:00,141.470368,40.6122496,683,2025,Gipsy,300,11019.779982795048,6
2025-05-17 17:15:00,141.46192,40.6212224,683,2025,Gipsy,300,12239.08377200174,6
2025-05-17 17:20:00,141.4621376,40.6061184,683,2025,Gipsy,300,11024.978545493788,6
2025-05-17 17:25:00,141.4620096,40.6031808,683,2025,Gipsy,300,10814.048141274996,6
2025-05-17 17:30:00,141.4620672,40.60304,683,2025,Gipsy,300,10800.039171327931,6
2025-05-17 17:35:00,141.46208,40.6028864,683,2025,Gipsy,300,10787.94078893251,6
2025-05-17 17:40:00,141.4621184,40.602848,683,2025,Gipsy,300,10782.68302113661,6
2025-05-17 17:45:00,141.4690752,40.5913472,683,2025,Gipsy,300,9513.482995271583,6
2025-05-17 17:50:00,141.4822912,40.5748864,683,2025,Gipsy,300,7544.390949664488,6
2025-05-17 17:55:00,141.4953728,40.5643264,683,2025,Gipsy,300,5995.1420308864535,6
2025-05-17 18:00:00,141.4952256,40.5643264,683,2025,Gipsy,300,6006.107408202848,6
2025-05-17 18:05:00,141.4951424,40.5643136,683,2025,Gipsy,300,6011.633176770906,6
2025-05-17 18:10:00,141.4952256,40.5642432,683,2025,Gipsy,300,6001.722342438962,6
2025-05-17 18:15:00,141.4949632,40.5643328,683,2025,Gipsy,300,6026.0055514151545,6
2025-05-17 18:20:00,141.4952512,40.564352,683,2025,Gipsy,300,6005.551860323511,6
2025-05-17 18:25:00,141.4953984,40.564224,683,2025,Gipsy,300,5987.828551609531,6
2025-05-17 18:30:00,141.4952064,40.5642688,683,2025,Gipsy,300,6004.5018437864355,6
2025-05-17 18:35:00,141.4952448,40.564256,683,2025,Gipsy,300,6000.964765392868,6
2025-05-17 18:40:00,141.4952,40.5643008,683,2025,Gipsy,300,6006.6650343341435,6
2025-05-17 18:45:00,141.4952576,40.564256,683,2025,Gipsy,300,6000.010496919534,6
2025-05-17 18:50:00,141.4953216,40.5642688,683,2025,Gipsy,300,5995.914792538162,6
2025-05-17 18:55:00,141.495168,40.5643072,683,2025,Gipsy,300,6009.38761211234,6
2025-05-17 19:00:00,141.4960256,40.5638592,683,2025,Gipsy,300,5921.857297021098,6
2025-05-17 19:05:00,141.4958912,40.5638976,683,2025,Gipsy,300,5933.902267446425,6
2025-05-17 19:10:00,141.5060352,40.5618816,683,2025,Gipsy,300,5075.428925698938,6
2025-05-17 19:15:00,141.5032576,40.5644672,683,2025,Gipsy,300,5425.5436306141655,6
2025-05-17 19:20:00,141.5030784,40.5650432,683,2025,Gipsy,300,5472.455618984962,6
2025-05-17 19:25:00,141.5042304,40.5649792,683,2025,Gipsy,300,5386.495778879392,6
2025-05-17 19:30:00,141.5052736,40.5650752,683,2025,Gipsy,300,5318.43383738424,6
2025-05-17 19:35:00,141.5029056,40.5648448,683,2025,Gipsy,300,5473.058799206085,6
2025-05-17 19:40:00,141.50496,40.5648704,683,2025,Gipsy,300,5328.114769022758,6
2025-05-17 19:45:00,141.50656,40.5649408,683,2025,Gipsy,300,5219.598558716489,6
2025-05-17 19:50:00,141.5081984,40.5712,683,2025,Gipsy,300,5532.639132973855,6
2025-05-17 19:55:00,141.5075648,40.5712832,683,2025,Gipsy,300,5579.340608220965,6
2025-05-17 20:00:00,141.5051136,40.5711744,683,2025,Gipsy,300,5731.007108238312,6
2025-05-17 20:05:00,141.5098752,40.5713984,683,2025,Gipsy,300,5440.734691859047,6
2025-05-17 20:10:00,141.5088256,40.5712448,683,2025,Gipsy,300,5495.848963964102,6
2025-05-17 20:15:00,141.5090816,40.5713664,683,2025,Gipsy,300,5488.5059972251,6
2025-05-17 20:20:00,141.5095104,40.5713216,683,2025,Gipsy,300,5458.052703178204,6
2025-05-17 20:25:00,141.5103552,40.5715392,683,2025,Gipsy,300,5421.128134248498,6
2025-05-17 20:30:00,141.5107584,40.5715648,683,2025,Gipsy,300,5397.894342950146,6
2025-05-17 20:35:00,141.510752,40.5716928,683,2025,Gipsy,300,5407.936723112876,6
2025-05-17 20:40:00,141.5116544,40.5715776,683,2025,Gipsy,300,5343.333691515592,6
2025-05-17 20:45:00,141.5115968,40.5719296,683,2025,Gipsy,300,5373.721983197624,6
2025-05-17 20:50:00,141.5136896,40.571392,683,2025,Gipsy,300,5204.6860062187425,6
2025-05-17 20:55:00,141.513888,40.571488,683,2025,Gipsy,300,5200.168495043533,6
2025-05-17 21:00:00,141.5146048,40.5715392,683,2025,Gipsy,300,5161.143010960048,6
2025-05-17 21:05:00,141.5149184,40.5717696,683,2025,Gipsy,300,5160.656545992316,6
2025-05-17 21:10:00,141.5260544,40.5636608,683,2025,Gipsy,300,3857.6793925410916,6
2025-05-17 21:15:00,141.5260864,40.5638784,683,2025,Gipsy,300,3873.2708461999878,6
2025-05-17 21:20:00,141.5261376,40.5640256,683,2025,Gipsy,300,3882.149864075143,6
2025-05-17 21:25:00,141.5262336,40.5642304,683,2025,Gipsy,300,3893.1598091484525,6
2025-05-17 21:30:00,141.5351424,40.5511872,683,2025,Gipsy,300,2360.49552342447,6
2025-05-18 14:40:00,141.5348992,40.563936,683,2025,Gipsy,300,3407.3259511939955,7
2025-05-18 14:45:00,141.5113216,40.5621696,683,2025,Gipsy,300,4713.269728441341,7
2025-05-18 14:50:00,141.4963328,40.565024,683,2025,Gipsy,300,5961.486758389088,7
2025-05-18 14:55:00,141.4892224,40.5744576,683,2025,Gipsy,300,7027.955017872332,7
2025-05-18 15:00:00,141.4814848,40.5777792,683,2025,Gipsy,300,7777.116746345609,7
2025-05-18 15:05:00,141.4826624,40.5776704,683,2025,Gipsy,300,7687.823752159126,7
2025-05-18 15:10:00,141.4769216,40.5883072,683,2025,Gipsy,300,8783.30792504098,7
2025-05-18 15:15:00,141.4708864,40.5889024,683,2025,Gipsy,300,9226.359921510899,7
2025-05-18 15:20:00,141.4708096,40.588832,683,2025,Gipsy,300,9226.813109866076,7
2025-05-18 15:25:00,141.4628672,40.602688,683,2025,Gipsy,300,10723.42682854806,7
2025-05-18 15:30:00,141.463136,40.6047104,683,2025,Gipsy,300,10856.884421053368,7
2025-05-18 15:35:00,141.4634496,40.60448,683,2025,Gipsy,300,10820.030572638701,7
2025-05-18 15:40:00,141.4630208,40.6043584,683,2025,Gipsy,300,10837.71653606199,7
2025-05-18 15:45:00,141.4659328,40.606656,683,2025,Gipsy,300,10833.097183340464,7
2025-05-18 15:50:00,141.462496,40.6124672,683,2025,Gipsy,300,11494.441139276256,7
2025-05-18 15:55:00,141.4632512,40.6047744,683,2025,Gipsy,300,10854.505977001696,7
2025-05-18 16:00:00,141.4632576,40.6047296,683,2025,Gipsy,300,10850.74192979517,7
2025-05-18 16:05:00,141.463168,40.6046976,683,2025,Gipsy,300,10853.92751328708,7
2025-05-18 16:10:00,141.4631424,40.6046592,683,2025,Gipsy,300,10852.64390912634,7
2025-05-18 16:15:00,141.463136,40.6045632,683,2025,Gipsy,300,10845.845671529618,7
2025-05-18 16:20:00,141.4623616,40.6027648,683,2025,Gipsy,300,10761.133813859631,7
2025-05-18 16:25:00,141.4728512,40.59136,683,2025,Gipsy,300,9264.476371533186,7
2025-05-18 16:30:00,141.4819264,40.583968,683,2025,Gipsy,300,8151.698490041011,7
2025-05-18 16:35:00,141.4824704,40.5777856,683,2025,Gipsy,300,7708.462969172665,7
2025-05-18 16:40:00,141.4973312,40.5702784,683,2025,Gipsy,300,6199.2313473802315,7
2025-05-18 16:45:00,141.5013312,40.561632,683,2025,Gipsy,300,5408.992714316682,7
2025-05-18 16:50:00,141.4937792,40.5651008,683,2025,Gipsy,300,6154.773039218143,7
2025-05-18 16:55:00,141.4841088,40.5792192,683,2025,Gipsy,300,7686.572617027163,7
2025-05-18 17:00:00,141.4734592,40.5997568,683,2025,Gipsy,300,9842.848014151818,7
2025-05-18 17:05:00,141.4665152,40.6146944,683,2025,Gipsy,300,11439.979684171156,7
2025-05-18 17:10:00,141.4600192,40.6269376,683,2025,Gipsy,300,12824.602876591087,7
2025-05-18 17:15:00,141.457088,40.6239872,683,2025,Gipsy,300,12740.32011746714,7
2025-05-18 17:20:00,141.4632192,40.6045184,683,2025,Gipsy,300,10837.292046792045,7
2025-05-18 17:25:00,141.4632384,40.6045376,683,2025,Gipsy,300,10837.532507887412,7
2025-05-18 17:30:00,141.4632896,40.6044992,683,2025,Gipsy,300,10831.456907008911,7
2025-05-18 17:35:00,141.4632512,40.6044928,683,2025,Gipsy,300,10833.37490501932,7
2025-05-18 17:40:00,141.4634688,40.6044736,683,2025,Gipsy,300,10818.352422529015,7
2025-05-18 17:45:00,141.463072,40.6044544,683,2025,Gipsy,300,10841.695842059633,7
2025-05-18 17:50:00,141.46304,40.604416,683,2025,Gipsy,300,10840.823333755387,7
2025-05-18 17:55:00,141.462176,40.6028352,683,2025,Gipsy,300,10778.085988578034,7
2025-05-18 18:00:00,141.4686464,40.5929216,683,2025,Gipsy,300,9650.34953467312,7
2025-05-18 18:05:00,141.4866624,40.5743744,683,2025,Gipsy,300,7202.585740989027,7
2025-05-18 18:10:00,141.5151808,40.556672,683,2025,Gipsy,300,4115.549527504036,7
2025-05-19 08:15:00,141.5387136,40.5530624,683,2025,Gipsy,300,2266.577956918636,8
2025-05-19 08:20:00,141.5142144,40.5595392,683,2025,Gipsy,300,4348.682328000114,8
2025-05-19 08:25:00,141.4895296,40.5709632,683,2025,Gipsy,300,6793.680145200286,8
2025-05-19 08:30:00,141.4821312,40.5838592,683,2025,Gipsy,300,8130.600038188394,8
2025-05-19 08:35:00,141.48192,40.5837632,683,2025,Gipsy,300,8138.0995226419345,8
2025-05-19 08:40:00,141.4820096,40.5838848,683,2025,Gipsy,300,8140.4530452317185,8
2025-05-19 08:45:00,141.4821632,40.5838592,683,2025,Gipsy,300,8128.46970168408,8
2025-05-19 08:50:00,141.4820224,40.5838784,683,2025,Gipsy,300,8139.161779980088,8
2025-05-19 08:55:00,141.482112,40.5840384,683,2025,Gipsy,300,8144.183694783202,8
2025-05-19 09:00:00,141.4815424,40.5841984,683,2025,Gipsy,300,8193.06874874401,8
2025-05-19 09:05:00,141.4815552,40.5841792,683,2025,Gipsy,300,8190.8997418037025,8
2025-05-19 09:10:00,141.4815936,40.5840704,683,2025,Gipsy,300,8180.885501457066,8
2025-05-19 09:15:00,141.482464,40.5838336,683,2025,Gipsy,300,8106.700933286773,8
2025-05-19 09:20:00,141.4820672,40.5840512,683,2025,Gipsy,300,8148.042297125248,8
2025-05-19 09:25:00,141.4821632,40.5839488,683,2025,Gipsy,300,8134.621170773992,8
2025-05-19 09:30:00,141.4820864,40.5840192,683,2025,Gipsy,300,8144.566214204135,8
2025-05-19 09:35:00,141.4821504,40.5837504,683,2025,Gipsy,300,8121.8630619990845,8
2025-05-19 09:40:00,141.4820672,40.5839936,683,2025,Gipsy,300,8144.084510838776,8
2025-05-19 09:45:00,141.4820928,40.584096,683,2025,Gipsy,300,8149.4212759460215,8
2025-05-19 09:50:00,141.482112,40.584064,683,2025,Gipsy,300,8145.944044116508,8
2025-05-19 09:55:00,141.4802944,40.5887552,683,2025,Gipsy,300,8595.118697747246,8
2025-05-19 10:00:00,141.4710848,40.608192,683,2025,Gipsy,300,10647.974760179919,8
2025-05-19 10:05:00,141.4604032,40.6269888,683,2025,Gipsy,300,12808.03733309201,8
2025-05-19 10:10:00,141.4593088,40.6205376,683,2025,Gipsy,300,12330.3412453884,8
2025-05-19 10:15:00,141.4621888,40.6033536,683,2025,Gipsy,300,10815.43334652263,8
2025-05-19 10:20:00,141.4621824,40.603328,683,2025,Gipsy,300,10813.94979870449,8
2025-05-19 10:25:00,141.4622016,40.6032832,683,2025,Gipsy,300,10809.430980497353,8
2025-05-19 10:30:00,141.4621312,40.6036672,683,2025,Gipsy,300,10842.237301428966,8
2025-05-19 10:35:00,141.4622144,40.6033664,683,2025,Gipsy,300,10814.75857819236,8
2025-05-19 10:40:00,141.4624448,40.6028096,683,2025,Gipsy,300,10759.148670906408,8
2025-05-19 10:45:00,141.4622848,40.6029184,683,2025,Gipsy,300,10777.296730608206,8
2025-05-19 10:50:00,141.4622848,40.602912,683,2025,Gipsy,300,10776.826088429965,8
2025-05-19 10:55:00,141.4623296,40.6028736,683,2025,Gipsy,300,10771.16107560301,8
2025-05-19 11:00:00,141.462272,40.6028736,683,2025,Gipsy,300,10774.814813640984,8
2025-05-19 11:05:00,141.4760128,40.5855616,683,2025,Gipsy,300,8656.424783764482,8
2025-05-19 11:10:00,141.4987136,40.5622528,683,2025,Gipsy,300,5637.11776514,8
2025-05-19 11:15:00,141.530944,40.5557888,683,2025,Gipsy,300,2956.4027706108795,8
2025-05-19 19:15:00,141.5204096,40.567296,683,2025,Gipsy,300,4480.437779586301,9
2025-05-19 19:20:00,141.4941696,40.5805888,683,2025,Gipsy,300,7113.1004145846755,9
2025-05-19 19:25:00,141.48176,40.5922688,683,2025,Gipsy,300,8761.3874374664465,9
2025-05-19 19:30:00,141.4709568,40.6116608,683,2025,Gipsy,300,10937.864667472018,9
2025-05-19 19:35:00,141.4656384,40.6145792,683,2025,Gipsy,300,11480.761699245471,9
2025-05-19 19:40:00,141.4791296,40.6034048,683,2025,Gipsy,300,9794.52608208234,9
2025-05-19 19:45:00,141.4892224,40.5917184,683,2025,Gipsy,300,8265.531802220987,9
2025-05-19 19:50:00,141.4984896,40.5798208,683,2025,Gipsy,300,6783.1593992580965,9
2025-05-19 19:55:00,141.4875136,40.5772544,683,2025,Gipsy,300,7325.119867369138,9
2025-05-19 20:00:00,141.4816768,40.5895552,683,2025,Gipsy,300,8564.674053841765,9
2025-05-19 20:05:00,141.475808,40.5953088,683,2025,Gipsy,300,9360.86635877223,9
2025-05-19 20:10:00,141.4806784,40.592672,683,2025,Gipsy,300,8859.021563524753,9
2025-05-19 20:15:00,141.4894976,40.5819136,683,2025,Gipsy,300,7509.789642346082,9
2025-05-19 20:20:00,141.48992,40.5820288,683,2025,Gipsy,300,7490.57288759647,9
2025-05-19 20:25:00,141.489888,40.5820864,683,2025,Gipsy,300,7496.763045764144,9
2025-05-19 20:30:00,141.4834816,40.5831168,683,2025,Gipsy,300,7989.7694299814775,9
2025-05-19 20:35:00,141.49088,40.5823936,683,2025,Gipsy,300,7454.885715405331,9
2025-05-19 20:40:00,141.4914048,40.5823296,683,2025,Gipsy,300,7416.599208778753,9
2025-05-19 20:45:00,141.4990784,40.5764416,683,2025,Gipsy,300,6497.822078486231,9
2025-05-19 20:50:00,141.5296512,40.5602368,683,2025,Gipsy,300,3372.7424477137583,9
2025-05-20 05:15:00,141.5401408,40.5413248,683,2025,Gipsy,300,1509.8495633114435,10
2025-05-20 05:20:00,141.5152512,40.5523328,683,2025,Gipsy,300,3898.030723613035,10
2025-05-20 05:25:00,141.4950976,40.5723584,683,2025,Gipsy,300,6486.524852685954,10
2025-05-20 05:30:00,141.4771648,40.58848,683,2025,Gipsy,300,8779.380607320907,10
2025-05-20 05:35:00,141.4627008,40.6025664,683,2025,Gipsy,300,10725.030297818366,10
2025-05-20 05:40:00,141.4626176,40.6027648,683,2025,Gipsy,300,10744.897019910297,10
2025-05-20 05:45:00,141.4621184,40.602912,683,2025,Gipsy,300,10787.383378285453,10
2025-05-20 05:50:00,141.4638528,40.6169984,683,2025,Gipsy,300,11780.83207358514,10
2025-05-20 05:55:00,141.4621888,40.602816,683,2025,Gipsy,300,10775.863370631307,10
2025-05-20 06:00:00,141.4617984,40.603072,683,2025,Gipsy,300,10819.448766523014,10
2025-05-20 06:05:00,141.46208,40.6027712,683,2025,Gipsy,300,10779.485859465178,10
2025-05-20 06:10:00,141.4618368,40.6028672,683,2025,Gipsy,300,10801.98285509245,10
2025-05-20 06:15:00,141.4693312,40.5937856,683,2025,Gipsy,300,9665.64624639851,10
2025-05-20 06:20:00,141.4800576,40.5859648,683,2025,Gipsy,300,8413.425396771012,10
2025-05-20 06:25:00,141.480384,40.5856896,683,2025,Gipsy,300,8372.759491736082,10
2025-05-20 06:30:00,141.4804096,40.585728,683,2025,Gipsy,300,8373.728731554853,10
2025-05-20 06:35:00,141.4804608,40.585568,683,2025,Gipsy,300,8359.254376078708,10
2025-05-20 06:40:00,141.480544,40.585472,683,2025,Gipsy,300,8347.1015786569,10
2025-05-20 06:45:00,141.4804288,40.5855616,683,2025,Gipsy,300,8360.929599746052,10
2025-05-20 06:50:00,141.4804736,40.5855488,683,2025,Gipsy,300,8357.077855218897,10
2025-05-20 06:55:00,141.4804416,40.5855232,683,2025,Gipsy,300,8357.424795165402,10
2025-05-20 07:00:00,141.4844288,40.5800768,683,2025,Gipsy,300,7721.029677766763,10
2025-05-20 07:05:00,141.5017984,40.5603392,683,2025,Gipsy,300,5307.39228621374,10
2025-05-20 07:10:00,141.533056,40.5516608,683,2025,Gipsy,300,2534.8412670895223,10
2025-05-20 11:40:00,141.5491392,40.5292928,683,2025,Gipsy,300,1258.498952197463,11
2025-05-20 11:45:00,141.5241408,40.5227904,683,2025,Gipsy,300,3335.115352221889,11
2025-05-20 11:50:00,141.5131712,40.5009856,683,2025,Gipsy,300,5624.004761149504,11
2025-05-20 11:55:00,141.5172032,40.4890496,683,2025,Gipsy,300,6481.204906365935,11
2025-05-20 12:00:00,141.5239808,40.47776,683,2025,Gipsy,300,7333.01286342381,11
2025-05-20 12:05:00,141.5243584,40.47648,683,2025,Gipsy,300,7452.031195743372,11
2025-05-20 12:10:00,141.5245376,40.4760832,683,2025,Gipsy,300,7487.145021824679,11
2025-05-20 12:15:00,141.5245632,40.4759616,683,2025,Gipsy,300,7498.858352042617,11
2025-05-20 12:20:00,141.525152,40.4748096,683,2025,Gipsy,300,7599.479476659288,11
2025-05-20 12:25:00,141.5225664,40.4763264,683,2025,Gipsy,300,7526.449806909912,11
2025-05-20 12:30:00,141.5236992,40.476288,683,2025,Gipsy,300,7493.024058734001,11
2025-05-20 12:35:00,141.5238592,40.4766272,683,2025,Gipsy,300,7453.034643537971,11
2025-05-20 12:40:00,141.5247872,40.4757568,683,2025,Gipsy,300,7512.911513197504,11
2025-05-20 12:45:00,141.5276288,40.4748416,683,2025,Gipsy,300,7522.697259741363,11
2025-05-20 12:50:00,141.5273984,40.4746304,683,2025,Gipsy,300,7551.375629068132,11
2025-05-20 12:55:00,141.5242496,40.4837056,683,2025,Gipsy,300,6719.908900322114,11
2025-05-20 13:00:00,141.520672,40.5099456,683,2025,Gipsy,300,4463.449096376031,11
2025-05-20 22:40:00,141.55888,40.5656704,683,2025,Gipsy,300,3007.296686368716,12
2025-05-20 22:45:00,141.5527872,40.5801792,683,2025,Gipsy,300,4634.4734823547815,12
2025-05-20 22:50:00,141.5516416,40.5800448,683,2025,Gipsy,300,4629.182474596506,12
2025-05-20 22:55:00,141.551712,40.5801344,683,2025,Gipsy,300,4638.4277767782,12
2025-05-20 23:00:00,141.5512192,40.5799936,683,2025,Gipsy,300,4627.574166782481,12
2025-05-20 23:05:00,141.5514176,40.5799232,683,2025,Gipsy,300,4617.873833778621,12
2025-05-20 23:10:00,141.5514816,40.579968,683,2025,Gipsy,300,4622.205473488936,12
2025-05-20 23:15:00,141.5516736,40.580032,683,2025,Gipsy,300,4627.474675018713,12
2025-05-20 23:20:00,141.5515584,40.5798976,683,2025,Gipsy,300,4613.711025559991,12
2025-05-20 23:25:00,141.5517632,40.5800064,683,2025,Gipsy,300,4623.830836423711,12
2025-05-20 23:30:00,141.551136,40.5799808,683,2025,Gipsy,300,4626.99135613186,12
2025-05-20 23:35:00,141.5517056,40.5800192,683,2025,Gipsy,300,4625.768269440235,12
2025-05-20 23:40:00,141.5518592,40.5799808,683,2025,Gipsy,300,4620.141232369008,12
2025-05-20 23:45:00,141.552,40.5800384,683,2025,Gipsy,300,4625.263275267307,12
2025-05-20 23:50:00,141.55152,40.5715328,683,2025,Gipsy,300,3692.467715021164,12
2025-05-21 04:05:00,141.5487168,40.5593024,683,2025,Gipsy,300,2418.342279208229,13
2025-05-21 04:10:00,141.5525952,40.5800704,683,2025,Gipsy,300,4623.90193943445,13
2025-05-21 04:15:00,141.5321088,40.5670272,683,2025,Gipsy,300,3824.0622105238926,13
2025-05-21 04:20:00,141.5166592,40.5564608,683,2025,Gipsy,300,3994.9817135904555,13
2025-05-21 04:25:00,141.50896,40.5434304,683,2025,Gipsy,300,4155.5286319278575,13
2025-05-21 04:30:00,141.4937664,40.5367488,683,2025,Gipsy,300,5412.19713311714,13
2025-05-21 04:35:00,141.468288,40.518336,683,2025,Gipsy,300,7895.488735304782,13
2025-05-21 04:40:00,141.460544,40.5163904,683,2025,Gipsy,300,8586.152660907404,13
2025-05-21 04:45:00,141.4599744,40.5161152,683,2025,Gipsy,300,8641.1918037623709,13
2025-05-21 04:50:00,141.4596224,40.5156096,683,2025,Gipsy,300,8686.11902034331,13
2025-05-21 04:55:00,141.459616,40.5153024,683,2025,Gipsy,300,8696.74489425954,13
2025-05-21 05:00:00,141.459776,40.5156736,683,2025,Gipsy,300,8671.586481771788,13
2025-05-21 05:05:00,141.4601216,40.515808,683,2025,Gipsy,300,8639.204931353717,13
2025-05-21 05:10:00,141.4889792,40.5319744,683,2025,Gipsy,300,5860.498739139106,13
2025-05-21 05:15:00,141.52768,40.540128,683,2025,Gipsy,300,2540.6571764164646,13
2025-05-21 07:25:00,141.5504704,40.5300928,683,2025,Gipsy,300,1122.01609944827,14
2025-05-21 07:30:00,141.5499712,40.529632,683,2025,Gipsy,300,1187.9379545236936,14
2025-05-21 07:35:00,141.5499456,40.5296768,683,2025,Gipsy,300,1184.9538025522954,14
2025-05-21 07:40:00,141.5499072,40.529696,683,2025,Gipsy,300,1184.9573385645883,14
2025-05-21 07:45:00,141.5501184,40.529824,683,2025,Gipsy,300,1163.2641513444921,14
2025-05-21 07:50:00,141.5429504,40.5225792,683,2025,Gipsy,300,2169.963284419738,14
2025-05-21 07:55:00,141.5474752,40.5103744,683,2025,Gipsy,300,3250.3381100743513,14
2025-05-21 08:00:00,141.546432,40.5099264,683,2025,Gipsy,300,3322.4446266900036,14
2025-05-21 08:05:00,141.5480448,40.5100224,683,2025,Gipsy,300,3275.7889095010514,14
2025-05-21 08:10:00,141.5461248,40.4900672,683,2025,Gipsy,300,5477.070771279136,14
2025-05-21 08:15:00,141.5436736,40.474464,683,2025,Gipsy,300,7219.821656312332,14
2025-05-21 08:20:00,141.5354112,40.4795072,683,2025,Gipsy,300,6826.837833746828,14
2025-05-21 08:25:00,141.5355456,40.4793728,683,2025,Gipsy,300,6838.063128790812,14
2025-05-21 08:30:00,141.5241984,40.4789184,683,2025,Gipsy,300,7207.388978233681,14
2025-05-21 08:35:00,141.524256,40.478944,683,2025,Gipsy,300,7202.8575699145595,14
2025-05-21 08:40:00,141.5242624,40.4788608,683,2025,Gipsy,300,7211.144428780352,14
2025-05-21 08:45:00,141.52433919999999,40.4790848,683,2025,Gipsy,300,7185.708347299772,14
2025-05-21 08:50:00,141.5240704,40.4792064,683,2025,Gipsy,300,7182.273937589025,14
2025-05-21 08:55:00,141.5239424,40.4785728,683,2025,Gipsy,300,7251.208698017185,14
2025-05-21 09:00:00,141.5240512,40.4787904,683,2025,Gipsy,300,7225.3644542973125,14
2025-05-21 09:05:00,141.5242496,40.4789888,683,2025,Gipsy,300,7198.494706688931,14
2025-05-21 09:10:00,141.5243008,40.478944,683,2025,Gipsy,300,7201.368440466757,14
2025-05-21 09:15:00,141.5242816,40.4790528,683,2025,Gipsy,300,7190.893210565289,14
2025-05-21 09:20:00,141.5229632,40.4794688,683,2025,Gipsy,300,7193.310407626694,14
2025-05-21 09:25:00,141.5229632,40.479456,683,2025,Gipsy,300,7194.608126579563,14
2025-05-21 09:30:00,141.524288,40.4790592,683,2025,Gipsy,300,7190.0265430281925,14
2025-05-21 09:35:00,141.5242816,40.4790912,683,2025,Gipsy,300,7186.971643443005,14
2025-05-21 09:40:00,141.5156352,40.4987264,683,2025,Gipsy,300,5679.790603245954,14
2025-05-21 09:45:00,141.5116288,40.5256576,683,2025,Gipsy,300,4152.18992813366,14
2025-05-21 09:50:00,141.5353344,40.5374592,683,2025,Gipsy,300,1890.8960203131824,14
2025-05-21 11:45:00,141.5223936,40.5172416,683,2025,Gipsy,300,3811.6983467061145,15
2025-05-21 11:50:00,141.512032,40.484576,683,2025,Gipsy,300,7135.431760574945,15
2025-05-21 11:55:00,141.5026432,40.4750976,683,2025,Gipsy,300,8451.911948786466,15
2025-05-21 12:00:00,141.5034048,40.4745152,683,2025,Gipsy,300,8470.779076273175,15
2025-05-21 12:05:00,141.5023872,40.475072,683,2025,Gipsy,300,8466.259806008376,15
2025-05-21 12:10:00,141.5030144,40.4744064,683,2025,Gipsy,300,8498.903532516353,15
2025-05-21 12:15:00,141.4997056,40.4764352,683,2025,Gipsy,300,8470.133829365468,15
2025-05-21 12:20:00,141.4934592,40.477216,683,2025,Gipsy,300,8719.499316581421,15
2025-05-21 12:25:00,141.4751616,40.488736,683,2025,Gipsy,300,8915.436129456108,15
2025-05-21 12:30:00,141.4491328,40.5020288,683,2025,Gipsy,300,10049.40982050442,15
2025-05-21 12:35:00,141.4398976,40.4949824,683,2025,Gipsy,300,11089.165847064658,15
2025-05-21 12:40:00,141.4402944,40.4951936,683,2025,Gipsy,300,11048.659468059412,15
2025-05-21 12:45:00,141.4403648,40.4950656,683,2025,Gipsy,300,11049.512062532336,15
2025-05-21 12:50:00,141.4403968,40.4950464,683,2025,Gipsy,300,11048.008207292933,15
2025-05-21 12:55:00,141.4608832,40.5112192,683,2025,Gipsy,300,8741.751000436341,15
2025-05-21 13:00:00,141.4874816,40.5319424,683,2025,Gipsy,300,5986.835453065376,15
2025-05-21 13:05:00,141.5105472,40.5320192,683,2025,Gipsy,300,4053.276213804205,15
2025-05-21 13:10:00,141.535488,40.5373632,683,2025,Gipsy,300,1878.6672787928073,15
2025-05-21 16:00:00,141.5291136,40.5398272,683,2025,Gipsy,300,2417.389684646585,16
2025-05-21 16:05:00,141.505152,40.5416576,683,2025,Gipsy,300,4456.4123981454395,16
2025-05-21 16:10:00,141.4826048,40.5288704,683,2025,Gipsy,300,6445.565837358574,16
2025-05-21 16:15:00,141.4596352,40.5219072,683,2025,Gipsy,300,8505.388601899163,16
2025-05-21 16:20:00,141.4565504,40.5209472,683,2025,Gipsy,300,8783.902192195868,16
2025-05-21 16:25:00,141.4566144,40.5206272,683,2025,Gipsy,300,8786.642017123175,16
2025-05-21 16:30:00,141.4515584,40.519891200000004,683,2025,Gipsy,300,9222.469261106722,16
2025-05-21 16:35:00,141.4516224,40.5195712,683,2025,Gipsy,300,9225.283712736897,16
2025-05-21 16:40:00,141.4514496,40.5194112,683,2025,Gipsy,300,9243.627546321028,16
2025-05-21 16:45:00,141.4516224,40.519776,683,2025,Gipsy,300,9220.086243531803,16
2025-05-21 16:50:00,141.4476032,40.5174656,683,2025,Gipsy,300,9611.653447878549,16
2025-05-21 16:55:00,141.4480128,40.5166912,683,2025,Gipsy,300,9599.49233586904,16
2025-05-21 17:00:00,141.4479232,40.5170368,683,2025,Gipsy,300,9597.16385611238,16
2025-05-21 17:05:00,141.4479936,40.5166784,683,2025,Gipsy,300,9601.427294932215,16
2025-05-21 17:10:00,141.4479872,40.5167424,683,2025,Gipsy,300,9600.147813034548,16
2025-05-21 17:15:00,141.4478016,40.5169024,683,2025,Gipsy,300,9610.88234276231,16
2025-05-21 17:20:00,141.4627136,40.524,683,2025,Gipsy,300,8201.802965291863,16
2025-05-21 17:25:00,141.4966144,40.5374784,683,2025,Gipsy,300,5168.471624334905,16
2025-05-21 17:30:00,141.5294464,40.5461568,683,2025,Gipsy,300,2528.351277281358,16
2025-05-21 19:20:00,141.5411968,40.5659712,683,2025,Gipsy,300,3341.427371219756,17
2025-05-21 19:25:00,141.5465856,40.575232,683,2025,Gipsy,300,4172.7992303988785,17
2025-05-21 19:30:00,141.5465344,40.5752192,683,2025,Gipsy,300,4172.386069047579,17
2025-05-21 19:35:00,141.5463424,40.5752128,683,2025,Gipsy,300,4175.377995463836,17
2025-05-21 19:40:00,141.5463104,40.5750464,683,2025,Gipsy,300,4158.01350584178,17
2025-05-21 19:45:00,141.546592,40.575104,683,2025,Gipsy,300,4158.8251667120485,17
2025-05-21 19:50:00,141.5455168,40.5754752,683,2025,Gipsy,300,4220.164797604859,17
2025-05-21 19:55:00,141.5462272,40.575328,683,2025,Gipsy,300,4190.065921605488,17
2025-05-21 20:00:00,141.5465024,40.5753088,683,2025,Gipsy,300,4182.6902022087515,17
2025-05-21 20:05:00,141.5467456,40.5748608,683,2025,Gipsy,300,4129.595026714152,17
2025-05-21 20:10:00,141.5463168,40.5757952,683,2025,Gipsy,300,4238.8544862737135,17
2025-05-21 20:15:00,141.5468352,40.5756544,683,2025,Gipsy,300,4213.903725774305,17
2025-05-21 20:20:00,141.5463808,40.575776,683,2025,Gipsy,300,4235.557699850455,17
2025-05-21 20:25:00,141.5460608,40.5758784,683,2025,Gipsy,300,4252.787502802155,17
2025-05-21 20:30:00,141.546272,40.5763904,683,2025,Gipsy,300,4304.115686367796,17
2025-05-21 20:35:00,141.5459648,40.5757504,683,2025,Gipsy,300,4240.838243301345,17
2025-05-21 20:40:00,141.541312,40.5747968,683,2025,Gipsy,300,4249.067519117919,17
2025-05-21 20:45:00,141.50912,40.5770752,683,2025,Gipsy,300,5925.350708380419,17
2025-05-21 20:50:00,141.4996288,40.5776512,683,2025,Gipsy,300,6550.421724706167,17
2025-05-21 20:55:00,141.5009344,40.5773248,683,2025,Gipsy,300,6443.716579929482,17
2025-05-21 21:00:00,141.4997632,40.5776,683,2025,Gipsy,300,6538.128142739036,17
2025-05-21 21:05:00,141.5017728,40.5694976,683,2025,Gipsy,300,5841.994404655606,17
2025-05-21 21:10:00,141.5017472,40.5648512,683,2025,Gipsy,300,5556.736405073945,17
2025-05-21 21:15:00,141.5068672,40.5687232,683,2025,Gipsy,300,5445.347683700097,17
2025-05-21 21:20:00,141.4956672,40.5796544,683,2025,Gipsy,300,6949.327766213872,17
2025-05-21 21:25:00,141.5036032,40.5708544,683,2025,Gipsy,300,5808.841058970615,17
2025-05-21 21:30:00,141.5050816,40.5711808,683,2025,Gipsy,300,5733.558082257689,17
2025-05-21 21:35:00,141.511232,40.5649344,683,2025,Gipsy,300,4896.40599029439,17
2025-05-21 21:40:00,141.5358016,40.55296,683,2025,Gipsy,300,2439.5240855790985,17
2025-05-22 01:10:00,141.5658112,40.553472,683,2025,Gipsy,300,1791.231071748936,18
2025-05-22 01:15:00,141.5699328,40.5766592,683,2025,Gipsy,300,4352.730884023384,18
2025-05-22 01:20:00,141.5705024,40.5920192,683,2025,Gipsy,300,6031.029302311063,18
2025-05-22 01:25:00,141.5685632,40.6059392,683,2025,Gipsy,300,7534.413268991586,18
2025-05-22 01:30:00,141.5642112,40.6242304,683,2025,Gipsy,300,9524.655955661978,18
2025-05-22 01:35:00,141.5634112,40.627904,683,2025,Gipsy,300,9928.335808366533,18
2025-05-22 01:40:00,141.5622336,40.6326144,683,2025,Gipsy,300,10446.58382512753,18
2025-05-22 01:45:00,141.5619072,40.6320192,683,2025,Gipsy,300,10379.528851848936,18
2025-05-22 01:50:00,141.5614976,40.6312768,683,2025,Gipsy,300,10295.970203297124,18
2025-05-22 01:55:00,141.5611904,40.630592,683,2025,Gipsy,300,10219.158716735517,18
2025-05-22 02:00:00,141.5607104,40.6301056,683,2025,Gipsy,300,10164.036619489128,18
2025-05-22 02:05:00,141.560448,40.6286848,683,2025,Gipsy,300,10005.755746932435,18
2025-05-22 02:10:00,141.5601472,40.6287872,683,2025,Gipsy,300,10016.543667144853,18
2025-05-22 02:15:00,141.5590336,40.6299072,683,2025,Gipsy,300,10139.323273532866,18
2025-05-22 02:20:00,141.555168,40.6342784,683,2025,Gipsy,300,10626.00769851444,18
2025-05-22 02:25:00,141.5541952,40.6332544,683,2025,Gipsy,300,10514.254905002554,18
2025-05-22 02:30:00,141.55361920000001,40.6324032,683,2025,Gipsy,300,10421.232054869453,18
2025-05-22 02:35:00,141.552224,40.6314816,683,2025,Gipsy,300,10323.481338145051,18
2025-05-22 02:40:00,141.5513152,40.6307456,683,2025,Gipsy,300,10245.540653188013,18
2025-05-22 02:45:00,141.5499712,40.6301184,683,2025,Gipsy,300,10182.573498955424,18
2025-05-22 02:50:00,141.5492992,40.6293312,683,2025,Gipsy,300,10099.136329903351,18
2025-05-22 02:55:00,141.548224,40.6285696,683,2025,Gipsy,300,10021.571861454879,18
2025-05-22 03:00:00,141.54704,40.627712,683,2025,Gipsy,300,9935.161929713995,18
2025-05-22 03:05:00,141.546208,40.6270848,683,2025,Gipsy,300,9872.432959888412,18
2025-05-22 03:10:00,141.545248,40.6265664,683,2025,Gipsy,300,9823.465747722581,18
2025-05-22 03:15:00,141.5440192,40.6259072,683,2025,Gipsy,300,9762.392287934133,18
2025-05-22 03:20:00,141.5429376,40.6252096,683,2025,Gipsy,300,9696.770476050942,18
2025-05-22 03:25:00,141.5418304,40.6246528,683,2025,Gipsy,300,9647.980189496977,18
2025-05-22 03:30:00,141.534144,40.6131968,683,2025,Gipsy,300,8517.808104744212,18
2025-05-22 03:35:00,141.5292992,40.584992,683,2025,Gipsy,300,5681.370660753475,18
2025-05-22 03:40:00,141.5395264,40.5647424,683,2025,Gipsy,300,3281.4258698339263,18
2025-05-22 06:00:00,141.5342336,40.5223232,683,2025,Gipsy,300,2681.4387441316967,19
2025-05-22 06:05:00,141.502848,40.531648,683,2025,Gipsy,300,4702.952919181145,19
2025-05-22 06:10:00,141.4663552,40.5249216,683,2025,Gipsy,300,7879.1576611013415,19
2025-05-22 06:15:00,141.4591936,40.517888,683,2025,Gipsy,300,8650.016027388876,19
2025-05-22 06:20:00,141.4538368,40.5182464,683,2025,Gipsy,300,9078.3468286868,19
2025-05-22 06:25:00,141.453216,40.5186752,683,2025,Gipsy,300,9117.597948629256,19
2025-05-22 06:30:00,141.4532928,40.5190464,683,2025,Gipsy,300,9101.336739617758,19
2025-05-22 06:35:00,141.4465088,40.5143104,683,2025,Gipsy,300,9792.498209377649,19
2025-05-22 06:40:00,141.4463744,40.514528,683,2025,Gipsy,300,9796.809388657572,19
2025-05-22 06:45:00,141.4460928,40.5153088,683,2025,Gipsy,300,9796.46131341875,19
2025-05-22 06:50:00,141.4400896,40.5077504,683,2025,Gipsy,300,10530.922493829088,19
2025-05-22 06:55:00,141.4355072,40.4982336,683,2025,Gipsy,300,11276.452250001332,19
2025-05-22 07:00:00,141.4208832,40.4965824,683,2025,Gipsy,300,12490.847191935713,19
2025-05-22 07:05:00,141.4225728,40.4962496,683,2025,Gipsy,300,12372.172773440203,19
2025-05-22 07:10:00,141.4207936,40.4964096,683,2025,Gipsy,300,12505.082031586684,19
2025-05-22 07:15:00,141.4308544,40.4998912,683,2025,Gipsy,300,11569.532767514202,19
2025-05-22 07:20:00,141.431072,40.499808,683,2025,Gipsy,300,11555.862436393358,19
2025-05-22 07:25:00,141.4311424,40.4997376,683,2025,Gipsy,300,11553.250290145148,19
2025-05-22 07:30:00,141.43088,40.4998592,683,2025,Gipsy,300,11568.842171654893,19
2025-05-22 07:35:00,141.4351552,40.4986944,683,2025,Gipsy,300,11283.600881913684,19
2025-05-22 07:40:00,141.4359488,40.4978048,683,2025,Gipsy,300,11261.22663300883,19
2025-05-22 07:45:00,141.4359424,40.497824,683,2025,Gipsy,300,11260.864233272363,19
2025-05-22 07:50:00,141.4367808,40.49856,683,2025,Gipsy,300,11162.989650225092,19
2025-05-22 07:55:00,141.4577216,40.509344,683,2025,Gipsy,300,9066.04475044207,19
2025-05-22 08:00:00,141.4826944,40.5233024,683,2025,Gipsy,300,6570.496366913802,19
2025-05-22 08:05:00,141.5120576,40.5303424,683,2025,Gipsy,300,3966.424778912766,19
2025-05-22 08:10:00,141.5444288,40.536512,683,2025,Gipsy,300,1140.1018857348874,19
2025-05-22 11:00:00,141.5289152,40.5299264,683,2025,Gipsy,300,2614.7044538586138,20
2025-05-22 11:05:00,141.4925568,40.529152,683,2025,Gipsy,300,5610.1592807626075,20
2025-05-22 11:10:00,141.4647936,40.5194752,683,2025,Gipsy,300,8145.757115033682,20
2025-05-22 11:15:00,141.4556544,40.5185088,683,2025,Gipsy,300,8921.92321769401,20
2025-05-22 11:20:00,141.4602752,40.517504,683,2025,Gipsy,300,8573.28466524603,20
2025-05-22 11:25:00,141.4484032,40.5098432,683,2025,Gipsy,300,9789.027713904778,20
2025-05-22 11:30:00,141.431072,40.4946752,683,2025,Gipsy,300,11780.611372266923,20
2025-05-22 11:35:00,141.4313024,40.494912,683,2025,Gipsy,300,11751.9432617444,20
2025-05-22 11:40:00,141.4295872,40.4935296,683,2025,Gipsy,300,11948.079413846533,20
2025-05-22 11:45:00,141.418176,40.499968,683,2025,Gipsy,300,12570.434988019575,20
2025-05-22 11:50:00,141.4179712,40.5004992,683,2025,Gipsy,300,12566.720624221736,20
2025-05-22 11:55:00,141.4180032,40.5003456,683,2025,Gipsy,300,12569.934750385602,20
2025-05-22 12:00:00,141.4190848,40.5066368,683,2025,Gipsy,300,12263.032219339582,20
2025-05-22 12:05:00,141.4189824,40.506656,683,2025,Gipsy,300,12270.719996414731,20
2025-05-22 12:10:00,141.4185088,40.5063744,683,2025,Gipsy,300,12318.216892391683,20
2025-05-22 12:15:00,141.4191616,40.5057408,683,2025,Gipsy,300,12286.064410644376,20
2025-05-22 12:20:00,141.4186752,40.5050816,683,2025,Gipsy,300,12347.354898275566,20
2025-05-22 12:25:00,141.4186624,40.505248,683,2025,Gipsy,300,12342.817211083897,20
2025-05-22 12:30:00,141.4188992,40.5057472,683,2025,Gipsy,300,12307.087003410958,20
2025-05-22 12:35:00,141.4186048,40.505344,683,2025,Gipsy,300,12344.271420246976,20
2025-05-22 12:40:00,141.4185664,40.5052416,683,2025,Gipsy,300,12350.791211232707,20
2025-05-22 12:45:00,141.41856,40.5054336,683,2025,Gipsy,300,12344.913879097148,20
2025-05-22 12:50:00,141.4350592,40.5126528,683,2025,Gipsy,300,10776.340487577403,20
2025-05-22 12:55:00,141.4622016,40.524736,683,2025,Gipsy,300,8228.599490996317,20
2025-05-22 13:00:00,141.496896,40.5319936,683,2025,Gipsy,300,5195.458979140396,20
2025-05-22 13:05:00,141.5219904,40.5339648,683,2025,Gipsy,300,3060.886688303095,20
2025-05-22 15:15:00,141.5179264,40.561184,683,2025,Gipsy,300,4192.957410094004,21
2025-05-22 15:20:00,141.5003456,40.582656,683,2025,Gipsy,300,6887.812636698494,21
2025-05-22 15:25:00,141.487712,40.6026432,683,2025,Gipsy,300,9251.64429714707,21
2025-05-22 15:30:00,141.4779712,40.6274304,683,2025,Gipsy,300,11947.503969542171,21
2025-05-22 15:35:00,141.4504,40.634528,683,2025,Gipsy,300,13993.822326917494,21
2025-05-22 15:40:00,141.4484928,40.6381568,683,2025,Gipsy,300,14405.770325354284,21
2025-05-22 15:45:00,141.446624,40.66288,683,2025,Gipsy,300,16693.67597253849,21
2025-05-22 15:50:00,141.4506752,40.6865216,683,2025,Gipsy,300,18753.08515818644,21
2025-05-22 15:55:00,141.4426816,40.6931392,683,2025,Gipsy,300,19724.35492205463,21
2025-05-22 16:00:00,141.4461888,40.684224,683,2025,Gipsy,300,18718.43658377141,21
2025-05-22 16:05:00,141.4548032,40.6746112,683,2025,Gipsy,300,17429.613480943797,21
2025-05-22 16:10:00,141.4646912,40.6536704,683,2025,Gipsy,300,15003.862124118903,21
2025-05-22 16:15:00,141.4666304,40.6328,683,2025,Gipsy,300,12989.409928523077,21
2025-05-22 16:20:00,141.4695168,40.606912,683,2025,Gipsy,300,10637.99460133747,21
2025-05-22 16:25:00,141.4824256,40.5836928,683,2025,Gipsy,300,8099.585204423967,21
2025-05-22 16:30:00,141.5008768,40.561088,683,2025,Gipsy,300,5414.842887199892,21
2025-05-22 16:35:00,141.534656,40.5569344,683,2025,Gipsy,300,2814.3579434973285,21
2025-05-22 17:55:00,141.5259456,40.560928,683,2025,Gipsy,300,3651.6866552780552,22
2025-05-22 18:00:00,141.4979136,40.579808,683,2025,Gipsy,300,6818.291246210388,22
2025-05-22 18:05:00,141.4815424,40.5946688,683,2025,Gipsy,300,8957.944791513168,22
2025-05-22 18:10:00,141.4647936,40.6223872,683,2025,Gipsy,300,12177.901982733974,22
2025-05-22 18:15:00,141.4532224,40.6466816,683,2025,Gipsy,300,14903.219730426057,22
2025-05-22 18:20:00,141.4504576,40.668384,683,2025,Gipsy,300,17027.16816608613,22
2025-05-22 18:25:00,141.447552,40.6817984,683,2025,Gipsy,300,18427.756497405317,22
2025-05-22 18:30:00,141.4474752,40.6818176,683,2025,Gipsy,300,18432.881024875944,22
2025-05-22 18:35:00,141.4475328,40.6818624,683,2025,Gipsy,300,18434.7081488972,22
2025-05-22 18:40:00,141.4473792,40.6818752,683,2025,Gipsy,300,18442.50570630156,22
2025-05-22 18:45:00,141.447328,40.6818624,683,2025,Gipsy,300,18443.472112257325,22
2025-05-22 18:50:00,141.4475008,40.6818368,683,2025,Gipsy,300,18433.624665983585,22
2025-05-22 18:55:00,141.4476928,40.6817088,683,2025,Gipsy,300,18413.152537776834,22
2025-05-22 19:00:00,141.456224,40.6965888,683,2025,Gipsy,300,19528.561291407477,22
2025-05-22 19:05:00,141.4392512,40.7144192,683,2025,Gipsy,300,21941.654963694786,22
2025-05-22 19:10:00,141.4363072,40.7066944,683,2025,Gipsy,300,21301.157567960472,22
2025-05-22 19:15:00,141.4446208,40.6874304,683,2025,Gipsy,300,19092.865471480894,22
2025-05-22 19:20:00,141.4572288,40.6706432,683,2025,Gipsy,300,16945.505173583322,22
2025-05-22 19:25:00,141.4696576,40.6483648,683,2025,Gipsy,300,14281.997979032127,22
2025-05-22 19:30:00,141.4859904,40.624096,683,2025,Gipsy,300,11264.268241284748,22
2025-05-22 19:35:00,141.502656,40.6018688,683,2025,Gipsy,300,8426.173637408701,22
2025-05-22 19:40:00,141.5174336,40.5789824,683,2025,Gipsy,300,5628.2233617773445,22
2025-05-22 19:45:00,141.5343104,40.5558912,683,2025,Gipsy,300,2752.6746407090623,22
2025-05-23 04:00:00,141.5348032,40.530784,683,2025,Gipsy,300,2118.0084643181285,23
2025-05-23 04:05:00,141.4984512,40.5315712,683,2025,Gipsy,300,5072.082035949664,23
2025-05-23 04:10:00,141.4701184,40.51968,683,2025,Gipsy,300,7704.846784866121,23
2025-05-23 04:15:00,141.4611072,40.5167296,683,2025,Gipsy,300,8529.630518614518,23
2025-05-23 04:20:00,141.4547008,40.5154816,683,2025,Gipsy,300,9089.555184177163,23
2025-05-23 04:25:00,141.4547264,40.5155648,683,2025,Gipsy,300,9084.862879223632,23
2025-05-23 04:30:00,141.4559744,40.5152512,683,2025,Gipsy,300,8993.44465605085,23
2025-05-23 04:35:00,141.44752,40.5162624,683,2025,Gipsy,300,9652.049601602745,23
2025-05-23 04:40:00,141.4344576,40.5189312,683,2025,Gipsy,300,10660.588378752893,23
2025-05-23 04:45:00,141.4372288,40.526688,683,2025,Gipsy,300,10284.421385267995,23
2025-05-23 04:50:00,141.4616448,40.5455232,683,2025,Gipsy,300,8165.294530565339,23
2025-05-23 04:55:00,141.4937024,40.5720832,683,2025,Gipsy,300,6565.984629338761,23
2025-05-23 05:00:00,141.481792,40.5972096,683,2025,Gipsy,300,9141.333382037372,23
2025-05-23 05:05:00,141.4793728,40.6137152,683,2025,Gipsy,300,10650.84763671793,23
2025-05-23 05:10:00,141.496224,40.6027584,683,2025,Gipsy,300,8818.325437384126,23
2025-05-23 05:15:00,141.515872,40.582464,683,2025,Gipsy,300,6017.473747225859,23
2025-05-23 05:20:00,141.5346752,40.5610944,683,2025,Gipsy,300,3163.514530294532,23
2025-05-23 15:15:00,141.516544,40.5459264,683,2025,Gipsy,300,3572.023385246166,24
2025-05-23 15:20:00,141.49696,40.555936,683,2025,Gipsy,300,5485.59365198342,24
2025-05-23 15:25:00,141.470496,40.57792,683,2025,Gipsy,300,8572.38789755872,24
2025-05-23 15:30:00,141.4457408,40.5694208,683,2025,Gipsy,300,10073.673324961812,24
2025-05-23 15:35:00,141.4455168,40.5694912,683,2025,Gipsy,300,10094.168811659258,24
2025-05-23 15:40:00,141.4402688,40.5695552,683,2025,Gipsy,300,10515.630405287253,24
2025-05-23 15:45:00,141.4395584,40.5676928,683,2025,Gipsy,300,10507.240523314253,24
2025-05-23 15:50:00,141.439552,40.5677312,683,2025,Gipsy,300,10509.065164081067,24
2025-05-23 15:55:00,141.4401856,40.568064,683,2025,Gipsy,300,10469.480825400964,24
2025-05-23 16:00:00,141.4405248,40.5684992,683,2025,Gipsy,300,10457.401942064675,24
2025-05-23 16:05:00,141.4395584,40.5673344,683,2025,Gipsy,300,10495.100111735472,24
2025-05-23 16:10:00,141.4405632,40.5680512,683,2025,Gipsy,300,10438.659469228864,24
2025-05-23 16:15:00,141.4591936,40.575968,683,2025,Gipsy,300,9310.357386674872,24
2025-05-23 16:20:00,141.4812096,40.58464,683,2025,Gipsy,300,8245.541284954254,24
2025-05-23 16:25:00,141.4936448,40.565376,683,2025,Gipsy,300,6179.407644523505,24
2025-05-23 16:30:00,141.5244416,40.5569088,683,2025,Gipsy,300,3467.1850253248194,24
2025-05-23 16:35:00,141.5443584,40.55536,683,2025,Gipsy,300,2172.543030147822,24
2025-05-23 16:55:00,141.5435392,40.5624832,683,2025,Gipsy,300,2906.748951130732,25
2025-05-23 17:00:00,141.5210816,40.5840576,683,2025,Gipsy,300,5919.52124335894,25
2025-05-23 17:05:00,141.4890304,40.5945728,683,2025,Gipsy,300,8505.617352804598,25
2025-05-23 17:10:00,141.4792704,40.609664,683,2025,Gipsy,300,10308.064905342044,25
2025-05-23 17:15:00,141.4585984,40.630752,683,2025,Gipsy,300,13227.151534043647,25
2025-05-23 17:20:00,141.4484288,40.6380288,683,2025,Gipsy,300,14398.348557739972,25
2025-05-23 17:25:00,141.4486592,40.6379136,683,2025,Gipsy,300,14376.025834957234,25
2025-05-23 17:30:00,141.4485632,40.637952,683,2025,Gipsy,300,14384.5094067212,25
2025-05-23 17:35:00,141.4492928,40.63776,683,2025,Gipsy,300,14328.56908025661,25
2025-05-23 17:40:00,141.4606848,40.6516992,683,2025,Gipsy,300,15000.706030237223,25
2025-05-23 17:45:00,141.4503872,40.6674816,683,2025,Gipsy,300,16945.66056050412,25
2025-05-23 17:50:00,141.4575488,40.6732544,683,2025,Gipsy,300,17183.57160651448,25
2025-05-23 17:55:00,141.4633024,40.6528704,683,2025,Gipsy,300,14990.570758711432,25
2025-05-23 18:00:00,141.4738048,40.6340608,683,2025,Gipsy,300,12754.821185026029,25
2025-05-23 18:05:00,141.4784,40.6154624,683,2025,Gipsy,300,10854.099891297332,25
2025-05-23 18:10:00,141.4839936,40.590976,683,2025,Gipsy,300,8525.15762088015,25
2025-05-23 18:15:00,141.4914112,40.5672192,683,2025,Gipsy,300,6444.271736110943,25
2025-05-23 18:20:00,141.523744,40.5565888,683,2025,Gipsy,300,3494.8114049062515,25
2025-05-24 01:10:00,141.5443392,40.5723328,683,2025,Gipsy,300,3910.046725263406,26
2025-05-24 01:15:00,141.5488576,40.5749824,683,2025,Gipsy,300,4106.758920107575,26
2025-05-24 01:20:00,141.5493184,40.5744896,683,2025,Gipsy,300,4045.9947708041996,26
2025-05-24 01:25:00,141.5401024,40.5823296,683,2025,Gipsy,300,5076.473376003045,26
2025-05-24 01:30:00,141.5390592,40.5830976,683,2025,Gipsy,300,5184.175919841889,26
2025-05-24 01:35:00,141.5399552,40.582592,683,2025,Gipsy,300,5107.98232225607,26
2025-05-24 01:40:00,141.5408896,40.5818368,683,2025,Gipsy,300,5004.898772080137,26
2025-05-24 01:45:00,141.5320768,40.5857728,683,2025,Gipsy,300,5666.237691640197,26
2025-05-24 01:50:00,141.5237184,40.6023872,683,2025,Gipsy,300,7641.742639863454,26
2025-05-24 01:55:00,141.5250432,40.6018944,683,2025,Gipsy,300,7549.365491993346,26
2025-05-24 02:00:00,141.5260032,40.601152,683,2025,Gipsy,300,7443.075197259453,26
2025-05-24 02:05:00,141.5276544,40.594752,683,2025,Gipsy,300,6730.835338843646,26
2025-05-24 02:10:00,141.532608,40.5705344,683,2025,Gipsy,300,4129.449403722192,26
2025-05-24 02:15:00,141.541664,40.548256,683,2025,Gipsy,300,1723.7814719193577,26
2025-05-24 07:25:00,141.547392,40.52416,683,2025,Gipsy,300,1822.6075429403845,27
2025-05-24 07:30:00,141.5335488,40.5015808,683,2025,Gipsy,300,4589.048201398042,27
2025-05-24 07:35:00,141.524544,40.4750464,683,2025,Gipsy,300,7593.835303526212,27
2025-05-24 07:40:00,141.5115968,40.479168,683,2025,Gipsy,300,7666.063406891018,27
2025-05-24 07:45:00,141.4874304,40.4767808,683,2025,Gipsy,300,9083.41312499093,27
2025-05-24 07:50:00,141.4805376,40.4818176,683,2025,Gipsy,300,9079.05294965842,27
2025-05-24 07:55:00,141.446592,40.4877184,683,2025,Gipsy,300,10974.888585559902,27
2025-05-24 08:00:00,141.4240064,40.4779328,683,2025,Gipsy,300,13176.124285295844,27
2025-05-24 08:05:00,141.3982528,40.4665984,683,2025,Gipsy,300,15696.57602218442,27
2025-05-24 08:10:00,141.3974528,40.4653696,683,2025,Gipsy,300,15824.762232700561,27
2025-05-24 08:15:00,141.3977344,40.4656256,683,2025,Gipsy,300,15789.659152594719,27
2025-05-24 08:20:00,141.3977984,40.4654336,683,2025,Gipsy,300,15795.976589639282,27
2025-05-24 08:25:00,141.3976256,40.4657216,683,2025,Gipsy,300,15792.100639956505,27
2025-05-24 08:30:00,141.3975296,40.4654656,683,2025,Gipsy,300,15813.692089741975,27
2025-05-24 08:35:00,141.3974016,40.4650048,683,2025,Gipsy,300,15849.367941696375,27
2025-05-24 08:40:00,141.3971904,40.4651456,683,2025,Gipsy,300,15856.648086489058,27
2025-05-24 08:45:00,141.397216,40.4654336,683,2025,Gipsy,300,15838.331932034047,27
2025-05-24 08:50:00,141.3974912,40.4659136,683,2025,Gipsy,300,15790.958373467565,27
2025-05-24 08:55:00,141.3972032,40.465536,683,2025,Gipsy,300,15833.424262545666,27
2025-05-24 09:00:00,141.3972992,40.465152,683,2025,Gipsy,300,15848.373986098144,27
2025-05-24 09:05:00,141.3927808,40.464128,683,2025,Gipsy,300,16235.676448290913,27
2025-05-24 09:10:00,141.4154688,40.4775232,683,2025,Gipsy,300,13825.24300737747,27
2025-05-24 09:15:00,141.4183936,40.4816512,683,2025,Gipsy,300,13386.900032618858,27
2025-05-24 09:20:00,141.4297344,40.4817984,683,2025,Gipsy,300,12539.72338396071,27
2025-05-24 09:25:00,141.427808,40.4853248,683,2025,Gipsy,300,12490.670517655584,27
2025-05-24 09:30:00,141.4278464,40.483136,683,2025,Gipsy,300,12604.933980038884,27
2025-05-24 09:35:00,141.4267136,40.483584,683,2025,Gipsy,300,12664.678671245581,27
2025-05-24 09:40:00,141.4389568,40.5010816,683,2025,Gipsy,300,10883.675199539059,27
2025-05-24 09:45:00,141.4700992,40.5165056,683,2025,Gipsy,300,7810.076968568745,27
2025-05-24 09:50:00,141.4951872,40.526432,683,2025,Gipsy,300,5458.361348615017,27
2025-05-24 09:55:00,141.5265408,40.5279104,683,2025,Gipsy,300,2887.375159383716,27
2025-05-24 11:40:00,141.542048,40.5612928,683,2025,Gipsy,300,2842.9935946322416,28
2025-05-24 11:45:00,141.5006464,40.575648,683,2025,Gipsy,300,6339.583370826355,28
2025-05-24 11:50:00,141.4798592,40.6024256,683,2025,Gipsy,300,9672.801638218078,28
2025-05-24 11:55:00,141.4621952,40.6028864,683,2025,Gipsy,300,10780.62846838714,28
2025-05-24 12:00:00,141.4621056,40.6029824,683,2025,Gipsy,300,10793.368855500734,28
2025-05-24 12:05:00,141.4620864,40.6030144,683,2025,Gipsy,300,10796.939179498138,28
2025-05-24 12:10:00,141.4621568,40.6029952,683,2025,Gipsy,300,10791.062147984137,28
2025-05-24 12:15:00,141.459296,40.595744,683,2025,Gipsy,300,10467.214989375529,28
2025-05-24 12:20:00,141.4535552,40.5939328,683,2025,Gipsy,300,10741.67370288605,28
2025-05-24 12:25:00,141.4536192,40.5938176,683,2025,Gipsy,300,10729.919921115106,28
2025-05-24 12:30:00,141.4522752,40.5880576,683,2025,Gipsy,300,10474.803304244148,28
2025-05-24 12:35:00,141.4525056,40.5880576,683,2025,Gipsy,300,10458.192418970651,28
2025-05-24 12:40:00,141.4680832,40.5940352,683,2025,Gipsy,300,9765.048408006602,28
2025-05-24 12:45:00,141.4814592,40.597472,683,2025,Gipsy,300,9181.860086894925,28
2025-05-24 12:50:00,141.493216,40.5972992,683,2025,Gipsy,300,8497.538650215032,28
2025-05-24 12:55:00,141.498624,40.589088,683,2025,Gipsy,300,7508.167663008466,28
2025-05-24 13:00:00,141.495456,40.576608,683,2025,Gipsy,300,6746.320110503687,28
2025-05-24 13:05:00,141.500288,40.5615488,683,2025,Gipsy,300,5482.72284781929,28
2025-05-24 13:10:00,141.5278336,40.5585536,683,2025,Gipsy,300,3356.3874264297774,28
2025-05-24 13:15:00,141.5493952,40.5485376,683,2025,Gipsy,300,1303.7270145262316,28
2025-05-24 14:50:00,141.5439808,40.5579136,683,2025,Gipsy,300,2434.790342136762,29
2025-05-24 14:55:00,141.5092224,40.5787456,683,2025,Gipsy,300,6054.533946659874,29
2025-05-24 15:00:00,141.4859392,40.5748864,683,2025,Gipsy,300,7285.029623514837,29
2025-05-24 15:05:00,141.4811136,40.584416,683,2025,Gipsy,300,8236.544836603107,29
2025-05-24 15:10:00,141.481536,40.5843648,683,2025,Gipsy,300,8204.919182436553,29
2025-05-24 15:15:00,141.4816256,40.5843584,683,2025,Gipsy,300,8198.52237244379,29
2025-05-24 15:20:00,141.476864,40.5857216,683,2025,Gipsy,300,8609.77031300438,29
2025-05-24 15:25:00,141.4837952,40.5837568,683,2025,Gipsy,300,8013.170538501215,29
2025-05-24 15:30:00,141.4836992,40.5837888,683,2025,Gipsy,300,8021.735298676894,29
2025-05-24 15:35:00,141.4824384,40.5852288,683,2025,Gipsy,300,8205.21670455172,29
2025-05-24 15:40:00,141.4768064,40.6154752,683,2025,Gipsy,300,10939.090116050298,29
2025-05-24 15:45:00,141.4580288,40.643264,683,2025,Gipsy,300,14356.86930363297,29
2025-05-24 15:50:00,141.4540672,40.6674816,683,2025,Gipsy,300,16780.92930364602,29
2025-05-24 15:55:00,141.45136,40.6897472,683,2025,Gipsy,300,19040.06982522054,29
2025-05-24 16:00:00,141.4481728,40.6853376,683,2025,Gipsy,300,18741.800885827204,29
2025-05-24 16:05:00,141.446464,40.6704128,683,2025,Gipsy,300,17398.58559529497,29
2025-05-24 16:10:00,141.447904,40.6580672,683,2025,Gipsy,300,16192.470469849843,29
2025-05-24 16:15:00,141.450144,40.6509056,683,2025,Gipsy,300,15435.43166940572,29
2025-05-24 16:20:00,141.4567424,40.64512,683,2025,Gipsy,300,14587.613616118551,29
2025-05-24 16:25:00,141.4617216,40.6438976,683,2025,Gipsy,300,14233.307836035985,29
2025-05-24 16:30:00,141.4688704,40.640512,683,2025,Gipsy,300,13582.416947941414,29
2025-05-24 16:35:00,141.4682816,40.627424,683,2025,Gipsy,300,12428.324749607526,29
2025-05-24 16:40:00,141.4712576,40.623296,683,2025,Gipsy,300,11911.639639654817,29
2025-05-24 16:45:00,141.4714112,40.6119744,683,2025,Gipsy,300,10937.997246218833,29
2025-05-24 16:50:00,141.4747712,40.6034048,683,2025,Gipsy,300,10048.571188455464,29
2025-05-24 16:55:00,141.4791104,40.5941632,683,2025,Gipsy,300,9068.887581944333,29
2025-05-24 17:00:00,141.4883904,40.5817536,683,2025,Gipsy,300,7570.797734232833,29
2025-05-24 17:05:00,141.5008896,40.5788544,683,2025,Gipsy,300,6561.009140868549,29
2025-05-24 17:10:00,141.505792,40.5727488,683,2025,Gipsy,300,5799.268557050372,29
2025-05-24 17:15:00,141.5130688,40.5681856,683,2025,Gipsy,300,5001.751491057066,29
2025-05-24 17:20:00,141.5302976,40.5579648,683,2025,Gipsy,300,3157.6782595617874,29
2025-05-24 20:25:00,141.5446272,40.5561472,683,2025,Gipsy,300,2236.572099612008,30
2025-05-24 20:30:00,141.5142336,40.5637952,683,2025,Gipsy,300,4617.224379823102,30
2025-05-24 20:35:00,141.4987072,40.5892608,683,2025,Gipsy,300,7517.8244702779175,30
2025-05-24 20:40:00,141.4949568,40.5796352,683,2025,Gipsy,300,6993.46560894899,30
2025-05-24 20:45:00,141.501568,40.571776,683,2025,Gipsy,300,6007.686937937136,30
2025-05-24 20:50:00,141.5047552,40.574496,683,2025,Gipsy,300,5993.184174319253,30
2025-05-24 20:55:00,141.4960768,40.5764224,683,2025,Gipsy,300,6692.4322992682,30
2025-05-24 21:00:00,141.5013888,40.5707904,683,2025,Gipsy,300,5953.373383321318,30
2025-05-24 21:05:00,141.5072256,40.5641216,683,2025,Gipsy,300,5122.142333263,30
2025-05-24 21:10:00,141.4978048,40.5722816,683,2025,Gipsy,300,6295.708830260473,30
2025-05-24 21:15:00,141.5021568,40.5768768,683,2025,Gipsy,300,6333.500864899829,30
2025-05-24 21:20:00,141.506432,40.5686592,683,2025,Gipsy,300,5470.1476591499195,30
2025-05-24 21:25:00,141.5119744,40.5638464,683,2025,Gipsy,300,4774.217875802085,30
2025-05-24 21:30:00,141.5195328,40.5636608,683,2025,Gipsy,300,4259.0118137670925,30
2025-05-24 21:35:00,141.5171456,40.5628864,683,2025,Gipsy,300,4360.41087202756,30
2025-05-24 21:40:00,141.5083584,40.5718208,683,2025,Gipsy,300,5567.807151840879,30
2025-05-24 21:45:00,141.5144704,40.5610048,683,2025,Gipsy,300,4419.8335238947875,30
2025-05-24 21:50:00,141.5167488,40.566016,683,2025,Gipsy,300,4608.5682127489035,30
2025-05-24 21:55:00,141.5305664,40.5707456,683,2025,Gipsy,300,4240.4317728692295,30
2025-05-24 22:00:00,141.5382336,40.569568,683,2025,Gipsy,300,3809.5268685596493,30
2025-05-24 22:05:00,141.550656,40.5710464,683,2025,Gipsy,300,3650.071764553253,30
2025-05-24 22:10:00,141.5527488,40.570688,683,2025,Gipsy,300,3586.180700498518,30
2025-05-24 22:15:00,141.5521728,40.571328,683,2025,Gipsy,300,3662.5962611477366,30
2025-05-24 22:20:00,141.5516928,40.5710784,683,2025,Gipsy,300,3640.4678556584604,30
2025-05-24 22:25:00,141.5400256,40.5673856,683,2025,Gipsy,300,3525.601241918163,30
2025-05-24 22:30:00,141.5130624,40.5626112,683,2025,Gipsy,300,4619.467987115368,30
2025-05-24 22:35:00,141.4938816,40.5839552,683,2025,Gipsy,300,7381.238388570665,30
2025-05-24 22:40:00,141.4762176,40.6075072,683,2025,Gipsy,300,10297.148570198988,30
2025-05-24 22:45:00,141.46208,40.6346176,683,2025,Gipsy,300,13381.648046298546,30
2025-05-24 22:50:00,141.4621632,40.6366464,683,2025,Gipsy,300,13557.558498839451,30
2025-05-24 22:55:00,141.4615872,40.6407104,683,2025,Gipsy,300,13950.765858069362,30
2025-05-24 23:00:00,141.4633216,40.6566528,683,2025,Gipsy,300,15346.76353791757,30
2025-05-24 23:05:00,141.4632512,40.6582336,683,2025,Gipsy,300,15499.995990989115,30
2025-05-24 23:10:00,141.4630528,40.6595904,683,2025,Gipsy,300,15637.864881569423,30
2025-05-24 23:15:00,141.4628992,40.660896,683,2025,Gipsy,300,15769.163183846646,30
2025-05-24 23:20:00,141.4676864,40.6598976,683,2025,Gipsy,300,15470.507013686658,30
2025-05-24 23:25:00,141.4794944,40.6623488,683,2025,Gipsy,300,15248.839774988372,30
2025-05-24 23:30:00,141.4910464,40.6585664,683,2025,Gipsy,300,14463.387365504797,30
2025-05-24 23:35:00,141.49184639999999,40.65152,683,2025,Gipsy,300,13718.587179432468,30
2025-05-24 23:40:00,141.4981184,40.6362752,683,2025,Gipsy,300,11957.834004940647,30
2025-05-24 23:45:00,141.5053312,40.6176704,683,2025,Gipsy,300,9832.18413296988,30
2025-05-24 23:50:00,141.5148416,40.600672,683,2025,Gipsy,300,7785.46585553062,30
2025-05-24 23:55:00,141.524352,40.5816576,683,2025,Gipsy,300,5548.436841876877,30
2025-05-25 00:00:00,141.53344,40.56256,683,2025,Gipsy,300,3356.2471226256444,30
2025-05-25 00:05:00,141.5473088,40.5480768,683,2025,Gipsy,300,1366.1955217871352,30
2025-05-25 04:15:00,141.5439616,40.528608,683,2025,Gipsy,300,1602.6495800138966,31
2025-05-25 04:20:00,141.5441728,40.5285376,683,2025,Gipsy,300,1595.263000567884,31
2025-05-25 04:25:00,141.5373888,40.5172544,683,2025,Gipsy,300,2924.959678350644,31
2025-05-25 04:30:00,141.515904,40.499104,683,2025,Gipsy,300,5632.8346582502645,31
2025-05-25 04:35:00,141.5163136,40.4991872,683,2025,Gipsy,300,5603.9028849917895,31
2025-05-25 04:40:00,141.5143168,40.501312,683,2025,Gipsy,300,5532.286510768567,31
2025-05-25 04:45:00,141.5142464,40.501024,683,2025,Gipsy,300,5560.21252276813,31
2025-05-25 04:50:00,141.5143232,40.5010368,683,2025,Gipsy,300,5554.846238510512,31
2025-05-25 04:55:00,141.5142848,40.5011648,683,2025,Gipsy,300,5546.330167511206,31
2025-05-25 05:00:00,141.490432,40.5062592,683,2025,Gipsy,300,6730.645436786662,31
2025-05-25 05:05:00,141.4519424,40.5050304,683,2025,Gipsy,300,9698.97596458804,31
2025-05-25 05:10:00,141.4350016,40.498624,683,2025,Gipsy,300,11298.647230623006,31
2025-05-25 05:15:00,141.4350656,40.4985344,683,2025,Gipsy,300,11297.581541652251,31
2025-05-25 05:20:00,141.4356736,40.498176,683,2025,Gipsy,300,11266.065909568993,31
2025-05-25 05:25:00,141.4354752,40.4978752,683,2025,Gipsy,300,11294.84390712064,31
2025-05-25 05:30:00,141.432704,40.4967936,683,2025,Gipsy,300,11558.2215500642,31
2025-05-25 05:35:00,141.424448,40.5007168,683,2025,Gipsy,300,12042.846174075603,31
2025-05-25 05:40:00,141.4247744,40.5005824,683,2025,Gipsy,300,12022.176978878286,31
2025-05-25 05:45:00,141.4256064,40.5007488,683,2025,Gipsy,300,11949.662060333001,31
2025-05-25 05:50:00,141.425824,40.5007104,683,2025,Gipsy,300,11933.908432573291,31
2025-05-25 05:55:00,141.4173376,40.5017728,683,2025,Gipsy,300,12570.459662016543,31
2025-05-25 06:00:00,141.417536,40.5019968,683,2025,Gipsy,300,12546.462550522852,31
2025-05-25 06:05:00,141.4208064,40.514016,683,2025,Gipsy,300,11908.702769432779,31
2025-05-25 06:10:00,141.4209216,40.513984,683,2025,Gipsy,300,11900.020245713384,31
2025-05-25 06:15:00,141.420832,40.5139904,683,2025,Gipsy,300,11907.245778384156,31
2025-05-25 06:20:00,141.4210112,40.5140224,683,2025,Gipsy,300,11891.648439279234,31
2025-05-25 06:25:00,141.4210688,40.5140608,683,2025,Gipsy,300,11885.91635787092,31
2025-05-25 06:30:00,141.4211072,40.5140608,683,2025,Gipsy,300,11882.749281225168,31
2025-05-25 06:35:00,141.421056,40.5140416,683,2025,Gipsy,300,11887.462720211799,31
2025-05-25 06:40:00,141.4209536,40.5140224,683,2025,Gipsy,300,11896.398858124947,31
2025-05-25 06:45:00,141.421056,40.5140736,683,2025,Gipsy,300,11886.645155222837,31
2025-05-25 06:50:00,141.421152,40.5140608,683,2025,Gipsy,300,11879.05441772099,31
2025-05-25 06:55:00,141.4212288,40.5141696,683,2025,Gipsy,300,11869.943644820612,31
2025-05-25 07:00:00,141.4210944,40.5140864,683,2025,Gipsy,300,11883.151145655627,31
2025-05-25 07:05:00,141.4210688,40.5140288,683,2025,Gipsy,300,11886.734397386846,31
2025-05-25 07:10:00,141.4211776,40.5142016,683,2025,Gipsy,300,11873.352984785604,31
2025-05-25 07:15:00,141.4211776,40.5140992,683,2025,Gipsy,300,11875.96204087822,31
2025-05-25 07:20:00,141.4210368,40.51408,683,2025,Gipsy,300,11888.065391503682,31
2025-05-25 07:25:00,141.4211584,40.5140864,683,2025,Gipsy,300,11877.872474169251,31
2025-05-25 07:30:00,141.4210752,40.5139904,683,2025,Gipsy,300,11887.189602623524,31
2025-05-25 07:35:00,141.4211648,40.514112,683,2025,Gipsy,300,11876.69111857309,31
2025-05-25 07:40:00,141.43019520000001,40.519328,683,2025,Gipsy,300,11005.644004730919,31
2025-05-25 07:45:00,141.4527488,40.5262976,683,2025,Gipsy,300,8988.506762132212,31
2025-05-25 07:50:00,141.4713408,40.534816,683,2025,Gipsy,300,7320.383709277131,31
2025-05-25 07:55:00,141.495552,40.5416,683,2025,Gipsy,300,5267.301077367339,31
2025-05-25 08:00:00,141.5066752,40.5425984,683,2025,Gipsy,300,4337.156058523649,31
2025-05-25 08:05:00,141.5080384,40.5429568,683,2025,Gipsy,300,4226.644490896974,31
2025-05-25 08:10:00,141.5118016,40.5467328,683,2025,Gipsy,300,3983.5901393997046,31
2025-05-25 08:15:00,141.5274816,40.5607104,683,2025,Gipsy,300,3540.449332333605,31
2025-05-25 08:20:00,141.5099648,40.58032,683,2025,Gipsy,300,6142.864188892013,31
2025-05-25 08:25:00,141.509344,40.5718848,683,2025,Gipsy,300,5510.3118865815195,31
2025-05-25 08:30:00,141.5203776,40.5557248,683,2025,Gipsy,300,3681.974541197368,31
2025-05-25 08:35:00,141.5436032,40.5498176,683,2025,Gipsy,300,1719.4348093514154,31
2025-05-25 11:50:00,141.5436544,40.5507264,683,2025,Gipsy,300,1790.986469228953,32
2025-05-25 11:55:00,141.534784,40.5665664,683,2025,Gipsy,300,3657.3003924388718,32
2025-05-25 12:00:00,141.5005696,40.585376,683,2025,Gipsy,300,7092.499050861711,32
2025-05-25 12:05:00,141.4807616,40.6078528,683,2025,Gipsy,300,10072.968517998794,32
2025-05-25 12:10:00,141.4603712,40.6282944,683,2025,Gipsy,300,12921.145004334712,32
2025-05-25 12:15:00,141.4561984,40.64512,683,2025,Gipsy,300,14614.614546953584,32
2025-05-25 12:20:00,141.4511936,40.6657664,683,2025,Gipsy,300,16748.375278729658,32
2025-05-25 12:25:00,141.4495424,40.6826368,683,2025,Gipsy,300,18423.93599398642,32
2025-05-25 12:30:00,141.4383424,40.6989888,683,2025,Gipsy,300,20470.321721686978,32
2025-05-25 12:35:00,141.4355072,40.6988032,683,2025,Gipsy,300,20571.83340606124,32
2025-05-25 12:40:00,141.4384704,40.6853248,683,2025,Gipsy,300,19159.607560434695,32
2025-05-25 12:45:00,141.4384768,40.6853504,683,2025,Gipsy,300,19161.73907692762,32
2025-05-25 12:50:00,141.4385024,40.6853248,683,2025,Gipsy,300,19158.18272142906,32
2025-05-25 12:55:00,141.4384384,40.6854016,683,2025,Gipsy,300,19168.28189775157,32
2025-05-25 13:00:00,141.4383936,40.6851392,683,2025,Gipsy,300,19145.515535487622,32
2025-05-25 13:05:00,141.4383744,40.6851712,683,2025,Gipsy,300,19149.390622273084,32
2025-05-25 13:10:00,141.4383424,40.6851712,683,2025,Gipsy,300,19150.81765043283,32
2025-05-25 13:15:00,141.4379456,40.6848832,683,2025,Gipsy,300,19141.399820072347,32
2025-05-25 13:20:00,141.43824,40.6851584,683,2025,Gipsy,300,19154.17880905692,32
2025-05-25 13:25:00,141.4383616,40.685312,683,2025,Gipsy,300,19163.2461981751,32
2025-05-25 13:30:00,141.438368,40.6853376,683,2025,Gipsy,300,19165.376837038395,32
2025-05-25 13:35:00,141.4388864,40.6853632,683,2025,Gipsy,300,19144.734527603738,32
2025-05-25 13:40:00,141.43856,40.6851904,683,2025,Gipsy,300,19142.931509768583,32
2025-05-25 13:45:00,141.4473984,40.6820032,683,2025,Gipsy,300,18453.943215525658,32
2025-05-25 13:50:00,141.4475328,40.6820288,683,2025,Gipsy,300,18450.65041106632,32
2025-05-25 13:55:00,141.4475648,40.6819136,683,2025,Gipsy,300,18438.24504751506,32
2025-05-25 14:00:00,141.4475008,40.682016,683,2025,Gipsy,300,18450.791390375234,32
2025-05-25 14:05:00,141.4473792,40.682016,683,2025,Gipsy,300,18455.990495995025,32
2025-05-25 14:10:00,141.4477632,40.6815168,683,2025,Gipsy,300,18391.749735726382,32
2025-05-25 14:15:00,141.4476608,40.6819904,683,2025,Gipsy,300,18441.503339956467,32
2025-05-25 14:20:00,141.4468864,40.6810752,683,2025,Gipsy,300,18387.169771730492,32
2025-05-25 14:25:00,141.4468096,40.6831168,683,2025,Gipsy,300,18585.80486195857,32
2025-05-25 14:30:00,141.4476608,40.6835264,683,2025,Gipsy,300,18588.917854615294,32
2025-05-25 14:35:00,141.4523072,40.6638848,683,2025,Gipsy,300,16521.626355721277,32
2025-05-25 14:40:00,141.4634624,40.6424768,683,2025,Gipsy,300,14019.747895366638,32
2025-05-25 14:45:00,141.470336,40.623136,683,2025,Gipsy,300,11945.72537308922,32
2025-05-25 14:50:00,141.4863744,40.6037568,683,2025,Gipsy,300,9419.121090337072,32
2025-05-25 14:55:00,141.4990528,40.5826624,683,2025,Gipsy,300,6965.829015627942,32
2025-05-25 15:00:00,141.5155776,40.5655168,683,2025,Gipsy,300,4647.690584098575,32
2025-05-25 15:05:00,141.5375616,40.5545024,683,2025,Gipsy,300,2449.101038880274,32
2025-05-25 17:10:00,141.545184,40.5470208,683,2025,Gipsy,300,1407.1084113302425,33
2025-05-25 17:15:00,141.5173184,40.5470464,683,2025,Gipsy,300,3539.0323305059987,33
2025-05-25 17:20:00,141.5104128,40.5432,683,2025,Gipsy,300,4030.199808820486,33
2025-05-25 17:25:00,141.510496,40.5432,683,2025,Gipsy,300,4023.208204450039,33
2025-05-25 17:30:00,141.5102656,40.5432128,683,2025,Gipsy,300,4042.749279778643,33
2025-05-25 17:35:00,141.50494080000001,40.5614528,683,2025,Gipsy,300,5131.731148861848,33
2025-05-25 17:40:00,141.4912768,40.584064,683,2025,Gipsy,300,7552.094358286468,33
2025-05-25 17:45:00,141.476544,40.6079104,683,2025,Gipsy,300,10312.030279193403,33
2025-05-25 17:50:00,141.4678528,40.6273856,683,2025,Gipsy,300,12447.071281168812,33
2025-05-25 17:55:00,141.4571712,40.6445504,683,2025,Gipsy,300,14515.104928674804,33
2025-05-25 18:00:00,141.4490304,40.6645632,683,2025,Gipsy,300,16735.75675602577,33
2025-05-25 18:05:00,141.448928,40.6783616,683,2025,Gipsy,300,18039.941504369515,33
2025-05-25 18:10:00,141.44736,40.6825472,683,2025,Gipsy,300,18507.714437172,33
2025-05-25 18:15:00,141.4463616,40.6844352,683,2025,Gipsy,300,18731.339652948813,33
2025-05-25 18:20:00,141.446464,40.6838656,683,2025,Gipsy,300,18672.33640801142,33
2025-05-25 18:25:00,141.446464,40.683839999999996,683,2025,Gipsy,300,18669.881528849757,33
2025-05-25 18:30:00,141.4462976,40.6838336,683,2025,Gipsy,300,18676.366196763636,33
2025-05-25 18:35:00,141.4462848,40.6871616,683,2025,Gipsy,300,18996.82178360385,33
2025-05-25 18:40:00,141.4438912,40.7002368,683,2025,Gipsy,300,20364.967978005432,33
2025-05-25 18:45:00,141.4315136,40.7220544,683,2025,Gipsy,300,22995.406424544504,33
2025-05-25 18:50:00,141.4281408,40.7368576,683,2025,Gipsy,300,24588.814502008794,33
2025-05-25 18:55:00,141.439616,40.7346816,683,2025,Gipsy,300,23952.28015960353,33
2025-05-25 19:00:00,141.4389568,40.7332352,683,2025,Gipsy,300,23829.843405094205,33
2025-05-25 19:05:00,141.4391552,40.7328768,683,2025,Gipsy,300,23786.68817581057,33
2025-05-25 19:10:00,141.438624,40.733088,683,2025,Gipsy,300,23826.902681313666,33
2025-05-25 19:15:00,141.4383296,40.7334464,683,2025,Gipsy,300,23873.487073356675,33
2025-05-25 19:20:00,141.4380032,40.733888,683,2025,Gipsy,300,23929.58744026836,33
2025-05-25 19:25:00,141.4377344,40.7343808,683,2025,Gipsy,300,23988.7788660349,33
2025-05-25 19:30:00,141.4411328,40.740864,683,2025,Gipsy,300,24526.03352792705,33
2025-05-25 19:35:00,141.4464064,40.7377664,683,2025,Gipsy,300,24033.425289569568,33
2025-05-25 19:40:00,141.4438848,40.74064,683,2025,Gipsy,300,24410.589175661393,33
2025-05-25 19:45:00,141.4421632,40.743712,683,2025,Gipsy,300,24781.427562248813,33
2025-05-25 19:50:00,141.4557504,40.7523072,683,2025,Gipsy,300,25246.279417235546,33
2025-05-25 19:55:00,141.4619328,40.7495232,683,2025,Gipsy,300,24780.290631993987,33
2025-05-25 20:00:00,141.4612672,40.750304,683,2025,Gipsy,300,24880.62662875524,33
2025-05-25 20:05:00,141.4607232,40.7511744,683,2025,Gipsy,300,24987.00839350547,33
2025-05-25 20:10:00,141.46,40.7519488,683,2025,Gipsy,300,25088.311926521754,33
2025-05-25 20:15:00,141.45952,40.7526464,683,2025,Gipsy,300,25174.814638021748,33
2025-05-25 20:20:00,141.4590656,40.7532864,683,2025,Gipsy,300,25254.57220466431,33
2025-05-25 20:25:00,141.458592,40.7540672,683,2025,Gipsy,300,25349.627289493565,33
2025-05-25 20:30:00,141.4584704,40.7548288,683,2025,Gipsy,300,25432.84238167441,33
2025-05-25 20:35:00,141.4578304,40.7556608,683,2025,Gipsy,300,25537.907561024615,33
2025-05-25 20:40:00,141.458368,40.7563904,683,2025,Gipsy,300,25599.431427531264,33
2025-05-25 20:45:00,141.4580352,40.7571648,683,2025,Gipsy,300,25689.88747553016,33
2025-05-25 20:50:00,141.4576384,40.7579456,683,2025,Gipsy,300,25782.789516638244,33
2025-05-25 20:55:00,141.4569728,40.7587136,683,2025,Gipsy,300,25881.816976101883,33
2025-05-25 21:00:00,141.4568704,40.7594368,683,2025,Gipsy,300,25960.50045799825,33
2025-05-25 21:05:00,141.4564096,40.7600512,683,2025,Gipsy,300,26037.7320905288,33
2025-05-25 21:10:00,141.4562944,40.7606592,683,2025,Gipsy,300,26104.691368394677,33
2025-05-25 21:15:00,141.4559872,40.7612352,683,2025,Gipsy,300,26173.628392347848,33
2025-05-25 21:20:00,141.4554304,40.7618304,683,2025,Gipsy,300,26251.520991110796,33
2025-05-25 21:25:00,141.4634752,40.7627648,683,2025,Gipsy,300,26134.26465602266,33
2025-05-25 21:30:00,141.478496,40.766336,683,2025,Gipsy,300,26158.825026693794,33
2025-05-25 21:35:00,141.4897728,40.7696128,683,2025,Gipsy,300,26286.2515709182,33
2025-05-25 21:40:00,141.50064,40.77728,683,2025,Gipsy,300,26938.30981697079,33
2025-05-25 21:45:00,141.5062208,40.7801024,683,2025,Gipsy,300,27167.255272678747,33
2025-05-25 21:50:00,141.5110144,40.782304,683,2025,Gipsy,300,27347.275721789523,33
2025-05-25 21:55:00,141.5202112,40.78768,683,2025,Gipsy,300,27839.14500503512,33
2025-05-25 22:00:00,141.5275072,40.793664,683,2025,Gipsy,300,28437.617825724355,33
2025-05-25 22:05:00,141.5390464,40.8035648,683,2025,Gipsy,300,29464.809357443453,33
2025-05-25 22:10:00,141.5423808,40.8082624,683,2025,Gipsy,300,29972.3197811752,33
2025-05-25 22:15:00,141.547936,40.8172864,683,2025,Gipsy,300,30957.58217692697,33
2025-05-25 22:20:00,141.5489024,40.8201664,683,2025,Gipsy,300,31275.268369569276,33
2025-05-25 22:25:00,141.5481152,40.8244672,683,2025,Gipsy,300,31754.354860161482,33
2025-05-25 22:30:00,141.548,40.8264128,683,2025,Gipsy,300,31970.591826014504,33
2025-05-25 22:35:00,141.5482304,40.8270592,683,2025,Gipsy,300,32041.864158393757,33
2025-05-25 22:40:00,141.5511872,40.827616,683,2025,Gipsy,300,32098.481733734305,33
2025-05-25 22:45:00,141.5544128,40.8292736,683,2025,Gipsy,300,32279.103175485037,33
2025-05-25 22:50:00,141.5537088,40.8285504,683,2025,Gipsy,300,32199.347676962203,33
2025-05-25 22:55:00,141.5506368,40.8191872,683,2025,Gipsy,300,31163.44221671086,33
2025-05-25 23:00:00,141.55712,40.816832,683,2025,Gipsy,300,30896.357733034387,33
2025-05-25 23:05:00,141.5646848,40.8149248,683,2025,Gipsy,300,30690.376087999768,33
2025-05-25 23:10:00,141.569632,40.8064064,683,2025,Gipsy,300,29755.951156163715,33
2025-05-25 23:15:00,141.5638144,40.797984,683,2025,Gipsy,300,28808.04464802378,33
2025-05-25 23:20:00,141.559392,40.7897088,683,2025,Gipsy,300,27884.70678296779,33
2025-05-25 23:25:00,141.56144,40.7816448,683,2025,Gipsy,300,26990.741529218645,33
2025-05-25 23:30:00,141.563744,40.779456,683,2025,Gipsy,300,26750.76691590086,33
2025-05-25 23:35:00,141.5684544,40.7735616,683,2025,Gipsy,300,26107.289101947692,33
2025-05-25 23:40:00,141.5689024,40.7676672,683,2025,Gipsy,300,25454.529757620552,33
2025-05-25 23:45:00,141.5683776,40.7498496,683,2025,Gipsy,300,23475.6510414213,33
2025-05-25 23:50:00,141.569856,40.7324608,683,2025,Gipsy,300,21551.888011913597,33
2025-05-25 23:55:00,141.5735872,40.7162304,683,2025,Gipsy,300,19770.890167228015,33
2025-05-26 00:00:00,141.5740736,40.6980096,683,2025,Gipsy,300,17755.978042268882,33
2025-05-26 00:05:00,141.5735936,40.6789952,683,2025,Gipsy,300,15648.313352711946,33
2025-05-26 00:10:00,141.5705984,40.6606144,683,2025,Gipsy,300,13593.12108677616,33
2025-05-26 00:15:00,141.5705856,40.6427712,683,2025,Gipsy,300,11619.199526585176,33
2025-05-26 00:20:00,141.5676736,40.6215936,683,2025,Gipsy,300,9254.762534415444,33
2025-05-26 00:25:00,141.5661568,40.602112,683,2025,Gipsy,300,7089.1405743173245,33
2025-05-26 00:30:00,141.5632384,40.5827392,683,2025,Gipsy,300,4923.95197427203,33
2025-05-26 00:35:00,141.5591552,40.5621312,683,2025,Gipsy,300,2615.6450744887284,33
2025-05-26 05:05:00,141.5453184,40.5489472,683,2025,Gipsy,300,1549.7178666901916,34
2025-05-26 05:10:00,141.5317696,40.5691264,683,2025,Gipsy,300,4034.095581579603,34
2025-05-26 05:15:00,141.5169408,40.5896704,683,2025,Gipsy,300,6634.165236584038,34
2025-05-26 05:20:00,141.5026944,40.6106304,683,2025,Gipsy,300,9251.155060666662,34
2025-05-26 05:25:00,141.4865088,40.6238016,683,2025,Gipsy,300,11213.115376143629,34
2025-05-26 05:30:00,141.4636032,40.6289024,683,2025,Gipsy,300,12801.35622083609,34
2025-05-26 05:35:00,141.462464,40.6070272,683,2025,Gipsy,300,11073.68707138673,34
2025-05-26 05:40:00,141.4621376,40.6031488,683,2025,Gipsy,300,10803.58097475272,34
2025-05-26 05:45:00,141.4621824,40.6033792,683,2025,Gipsy,300,10817.727023724372,34
2025-05-26 05:50:00,141.4619776,40.6028224,683,2025,Gipsy,300,10789.748471343375,34
2025-05-26 05:55:00,141.4622464,40.6033024,683,2025,Gipsy,300,10808.012375397333,34
2025-05-26 06:00:00,141.462048,40.6027136,683,2025,Gipsy,300,10777.29588377388,34
2025-05-26 06:05:00,141.4621056,40.6029632,683,2025,Gipsy,300,10791.95770970085,34
2025-05-26 06:10:00,141.4862208,40.5972096,683,2025,Gipsy,300,8881.960462002167,34
2025-05-26 06:15:00,141.5286336,40.5870656,683,2025,Gipsy,300,5914.083614138105,34
2025-05-26 06:20:00,141.5433216,40.5571904,683,2025,Gipsy,300,2392.1314124656587,34
2025-05-26 10:10:00,141.5452736,40.5274048,683,2025,Gipsy,300,1624.3272012742375,35
2025-05-26 10:15:00,141.5262976,40.527552,683,2025,Gipsy,300,2922.6660951950894,35
2025-05-26 10:20:00,141.5058624,40.527072,683,2025,Gipsy,300,4567.08019464676,35
2025-05-26 10:25:00,141.505344,40.5273024,683,2025,Gipsy,300,4602.205118349925,35
2025-05-26 10:30:00,141.4836032,40.5264256,683,2025,Gipsy,300,6414.016044921457,35
2025-05-26 10:35:00,141.4654464,40.512672,683,2025,Gipsy,300,8323.049286166193,35
2025-05-26 10:40:00,141.4470656,40.5024576,683,2025,Gipsy,300,10191.011887731382,35
2025-05-26 10:45:00,141.4303616,40.4956416,683,2025,Gipsy,300,11791.540007807744,35
2025-05-26 10:50:00,141.4173568,40.4973312,683,2025,Gipsy,300,12738.327945892643,35
2025-05-26 10:55:00,141.4175424,40.4970432,683,2025,Gipsy,300,12735.232756964677,35
2025-05-26 11:00:00,141.41744,40.4972288,683,2025,Gipsy,300,12735.855944197701,35
2025-05-26 11:05:00,141.4172416,40.4974464,683,2025,Gipsy,300,12742.83382193046,35
2025-05-26 11:10:00,141.4178432,40.4969856,683,2025,Gipsy,300,12713.806104066562,35
2025-05-26 11:15:00,141.4172672,40.4974336,683,2025,Gipsy,300,12741.31974434965,35
2025-05-26 11:20:00,141.4176384,40.497376,683,2025,Gipsy,300,12714.268966226584,35
2025-05-26 11:25:00,141.4175872,40.4974592,683,2025,Gipsy,300,12714.987160415536,35
2025-05-26 11:30:00,141.4263488,40.5176896,683,2025,Gipsy,300,11361.433538994184,35
2025-05-26 11:35:00,141.4298624,40.5195392,683,2025,Gipsy,300,11028.76225513745,35
2025-05-26 11:40:00,141.4334784,40.5205248,683,2025,Gipsy,300,10707.096910536084,35
2025-05-26 11:45:00,141.4360704,40.52704,683,2025,Gipsy,300,10376.823182363127,35
2025-05-26 11:50:00,141.4360448,40.5268096,683,2025,Gipsy,300,10382.190072608371,35
2025-05-26 11:55:00,141.4360704,40.5268608,683,2025,Gipsy,300,10379.318551243048,35
2025-05-26 12:00:00,141.4365504,40.526208,683,2025,Gipsy,300,10348.417275282136,35
2025-05-26 12:05:00,141.4603456,40.5301376,683,2025,Gipsy,300,8293.578515623574,35
2025-05-26 12:10:00,141.5079424,40.540768,683,2025,Gipsy,300,4213.987861198667,35
2025-05-26 18:30:00,141.54208,40.5618752,683,2025,Gipsy,300,2899.2235950949544,36
2025-05-26 18:35:00,141.5275968,40.5783872,683,2025,Gipsy,300,5096.348247027022,36
2025-05-26 18:40:00,141.5097792,40.5955776,683,2025,Gipsy,300,7511.667472746205,36
2025-05-26 18:45:00,141.4936448,40.6077888,683,2025,Gipsy,300,9399.443990441378,36
2025-05-26 18:50:00,141.4773568,40.619552,683,2025,Gipsy,300,11267.612859744813,36
2025-05-26 18:55:00,141.4685056,40.6372096,683,2025,Gipsy,300,13296.030778151046,36
2025-05-26 19:00:00,141.4595968,40.6528448,683,2025,Gipsy,300,15157.541572818207,36
2025-05-26 19:05:00,141.4531776,40.6682688,683,2025,Gipsy,300,16894.781735310873,36
2025-05-26 19:10:00,141.4534208,40.6848576,683,2025,Gipsy,300,18479.52827476026,36
2025-05-26 19:15:00,141.465376,40.704352,683,2025,Gipsy,300,19991.53106456069,36
2025-05-26 19:20:00,141.4698816,40.723136,683,2025,Gipsy,300,21793.976532072687,36
2025-05-26 19:25:00,141.4704256,40.7392832,683,2025,Gipsy,300,23473.091646897898,36
2025-05-26 19:30:00,141.4843392,40.753248,683,2025,Gipsy,300,24627.73838313889,36
2025-05-26 19:35:00,141.4846592,40.7662144,683,2025,Gipsy,300,26017.267002965764,36
2025-05-26 19:40:00,141.4825408,40.7792256,683,2025,Gipsy,300,27463.804390661284,36
2025-05-26 19:45:00,141.4852544,40.7929792,683,2025,Gipsy,300,28902.353020960814,36
2025-05-26 19:50:00,141.4911872,40.8075648,683,2025,Gipsy,300,30390.506074077333,36
2025-05-26 19:55:00,141.5009344,40.82448,683,2025,Gipsy,300,32105.087640998037,36
2025-05-26 20:00:00,141.5206528,40.8396864,683,2025,Gipsy,300,33579.897883670805,36
2025-05-26 20:05:00,141.537792,40.8573952,683,2025,Gipsy,300,35440.48035359313,36
2025-05-26 20:10:00,141.5330304,40.8637376,683,2025,Gipsy,300,36164.912300599666,36
2025-05-26 20:15:00,141.5330496,40.8629184,683,2025,Gipsy,300,36073.99695284455,36
2025-05-26 20:20:00,141.5255808,40.8554048,683,2025,Gipsy,300,35283.8243517216,36
2025-05-26 20:25:00,141.5301696,40.8344064,683,2025,Gipsy,300,32929.73501302806,36
2025-05-26 20:30:00,141.5329152,40.8103104,683,2025,Gipsy,300,30244.218433433227,36
2025-05-26 20:35:00,141.5305216,40.795744,683,2025,Gipsy,300,28646.1777120396,36
2025-05-26 20:40:00,141.5293568,40.7842752,683,2025,Gipsy,300,27385.266324348828,36
2025-05-26 20:45:00,141.5330944,40.7718976,683,2025,Gipsy,300,25989.155557906834,36
2025-05-26 20:50:00,141.5460096,40.7459328,683,2025,Gipsy,300,23043.873589908562,36
2025-05-26 20:55:00,141.5425792,40.7385408,683,2025,Gipsy,300,22238.46903250112,36
2025-05-26 21:00:00,141.5407936,40.7254336,683,2025,Gipsy,300,20795.26831899878,36
2025-05-26 21:05:00,141.5477056,40.70752,683,2025,Gipsy,300,18775.993615277977,36
2025-05-26 21:10:00,141.545024,40.6864512,683,2025,Gipsy,300,16452.134218291827,36
2025-05-26 21:15:00,141.5332864,40.68192,683,2025,Gipsy,300,16046.979846824983,36
2025-05-26 21:20:00,141.532064,40.6819072,683,2025,Gipsy,300,16059.165718931328,36
2025-05-26 21:25:00,141.5266688,40.684448,683,2025,Gipsy,300,16405.42781775319,36
2025-05-26 21:30:00,141.5316928,40.6725696,683,2025,Gipsy,300,15036.89990526728,36
2025-05-26 21:35:00,141.5305792,40.6634496,683,2025,Gipsy,300,14050.810256624587,36
2025-05-26 21:40:00,141.5283968,40.6644032,683,2025,Gipsy,300,14186.319468210217,36
2025-05-26 21:45:00,141.5229312,40.6543168,683,2025,Gipsy,300,13180.12051507707,36
2025-05-26 21:50:00,141.5234752,40.6322048,683,2025,Gipsy,300,10787.851973782272,36
2025-05-26 21:55:00,141.530304,40.605184,683,2025,Gipsy,300,7746.1329491779325,36
2025-05-26 22:00:00,141.5439232,40.5785664,683,2025,Gipsy,300,4586.158237408815,36
2025-05-26 22:05:00,141.5592704,40.5533824,683,2025,Gipsy,300,1646.892614127941,36
2025-05-27 03:20:00,141.5633536,40.5509312,683,2025,Gipsy,300,1452.738610700771,37
2025-05-27 03:25:00,141.5531968,40.5791104,683,2025,Gipsy,300,4513.25988507943,37
2025-05-27 03:30:00,141.5355392,40.6018048,683,2025,Gipsy,300,7262.3725232955,37
2025-05-27 03:35:00,141.525824,40.6289536,683,2025,Gipsy,300,10387.199441583278,37
2025-05-27 03:40:00,141.5132032,40.6417472,683,2025,Gipsy,300,12054.359712207253,37
2025-05-27 03:45:00,141.5026432,40.650848,683,2025,Gipsy,300,13303.953516237016,37
2025-05-27 03:50:00,141.4847936,40.64928,683,2025,Gipsy,300,13748.723326344985,37
2025-05-27 03:55:00,141.4699776,40.654656,683,2025,Gipsy,300,14868.951341892951,37
2025-05-27 04:00:00,141.465632,40.6811584,683,2025,Gipsy,300,17639.951220561583,37
2025-05-27 04:05:00,141.4480384,40.6962624,683,2025,Gipsy,300,19810.569068625744,37
2025-05-27 04:10:00,141.4338496,40.6982272,683,2025,Gipsy,300,20587.558238026966,37
2025-05-27 04:15:00,141.4379008,40.7145088,683,2025,Gipsy,300,22002.862199749317,37
2025-05-27 04:20:00,141.4506112,40.7188288,683,2025,Gipsy,300,21965.10550579323,37
2025-05-27 04:25:00,141.4491648,40.7159808,683,2025,Gipsy,300,21728.804956636483,37
2025-05-27 04:30:00,141.4416128,40.7024832,683,2025,Gipsy,300,20675.90352417772,37
2025-05-27 04:35:00,141.4429952,40.6884224,683,2025,Gipsy,300,19257.176661043577,37
2025-05-27 04:40:00,141.4556672,40.6668544,683,2025,Gipsy,300,16651.023010369496,37
2025-05-27 04:45:00,141.469344,40.64528,683,2025,Gipsy,300,14005.03348516791,37
2025-05-27 04:50:00,141.4870912,40.6231808,683,2025,Gipsy,300,11128.498537993133,37
2025-05-27 04:55:00,141.5058368,40.5997568,683,2025,Gipsy,300,8082.506780302128,37
2025-05-27 05:00:00,141.5245376,40.57856,683,2025,Gipsy,300,5246.588178345783,37
2025-05-27 05:05:00,141.5377856,40.554016,683,2025,Gipsy,300,2397.140272663886,37
2025-05-27 10:15:00,141.5249536,40.5566464,683,2025,Gipsy,300,3414.9718172173175,38
2025-05-27 10:20:00,141.5009344,40.5866688,683,2025,Gipsy,300,7177.561636090044,38
2025-05-27 10:25:00,141.4665344,40.5983424,683,2025,Gipsy,300,10172.26230058789,38
2025-05-27 10:30:00,141.4629056,40.60224,683,2025,Gipsy,300,10688.058903964558,38
2025-05-27 10:35:00,141.4622656,40.602944,683,2025,Gipsy,300,10780.397032452696,38
2025-05-27 10:40:00,141.4622016,40.602912,683,2025,Gipsy,300,10782.103723742057,38
2025-05-27 10:45:00,141.46208,40.6028544,683,2025,Gipsy,300,10785.591340258286,38
2025-05-27 10:50:00,141.4621312,40.6030976,683,2025,Gipsy,300,10800.217934397691,38
2025-05-27 10:55:00,141.4621568,40.6031104,683,2025,Gipsy,300,10799.53748786546,38
2025-05-27 11:00:00,141.4622336,40.6030656,683,2025,Gipsy,300,10791.37288362035,38
2025-05-27 11:05:00,141.4621888,40.6029696,683,2025,Gipsy,300,10787.150176483494,38
2025-05-27 11:10:00,141.4622592,40.6029504,683,2025,Gipsy,300,10781.273582399068,38
2025-05-27 11:15:00,141.4622144,40.6027456,683,2025,Gipsy,300,10769.069280072337,38
2025-05-27 11:20:00,141.461984,40.6033344,683,2025,Gipsy,300,10826.979987398827,38
2025-05-27 11:25:00,141.462208,40.6032384,683,2025,Gipsy,300,10805.723047953512,38
2025-05-27 11:30:00,141.4655488,40.6091584,683,2025,Gipsy,300,11051.538757790064,38
2025-05-27 11:35:00,141.4636672,40.632928,683,2025,Gipsy,300,13151.01916281141,38
2025-05-27 11:40:00,141.4645824,40.637312,683,2025,Gipsy,300,13496.446519662228,38
2025-05-27 11:45:00,141.4732736,40.6216896,683,2025,Gipsy,300,11666.126154577747,38
2025-05-27 11:50:00,141.4823552,40.606528,683,2025,Gipsy,300,9873.544628834012,38
2025-05-27 11:55:00,141.4902144,40.5926272,683,2025,Gipsy,300,8279.690038065926,38
2025-05-27 12:00:00,141.5017664,40.582406400000004,683,2025,Gipsy,300,6783.739968341028,38
2025-05-27 12:05:00,141.5110336,40.5715456,683,2025,Gipsy,300,5379.3349457071,38
2025-05-27 12:10:00,141.532416,40.5623936,683,2025,Gipsy,300,3395.441192132105,38
2025-05-27 12:15:00,141.5499264,40.547584,683,2025,Gipsy,300,1190.296916283419,38
2025-05-27 15:50:00,141.5350912,40.5604352,683,2025,Gipsy,300,3084.152062940294,39
2025-05-27 15:55:00,141.5121408,40.5937216,683,2025,Gipsy,300,7230.5190352111285,39
2025-05-27 16:00:00,141.481152,40.6244352,683,2025,Gipsy,300,11521.083172151297,39
2025-05-27 16:05:00,141.462912,40.6555136,683,2025,Gipsy,300,15257.070689643184,39
2025-05-27 16:10:00,141.4549888,40.6879232,683,2025,Gipsy,300,18717.391717448434,39
2025-05-27 16:15:00,141.4402816,40.716544,683,2025,Gipsy,300,22112.52453150279,39
2025-05-27 16:20:00,141.436928,40.7331776,683,2025,Gipsy,300,23896.858086674314,39
2025-05-27 16:25:00,141.4301888,40.7216704,683,2025,Gipsy,300,23009.947688133543,39
2025-05-27 16:30:00,141.4320576,40.7112896,683,2025,Gipsy,300,21921.48972130064,39
2025-05-27 16:35:00,141.4399424,40.6984768,683,2025,Gipsy,300,20354.32608574852,39
2025-05-27 16:40:00,141.450432,40.7009152,683,2025,Gipsy,300,20176.63387253076,39
2025-05-27 16:45:00,141.4432064,40.7289472,683,2025,Gipsy,300,23247.013137091908,39
2025-05-27 16:50:00,141.4477952,40.7569792,683,2025,Gipsy,300,25967.454681160896,39
2025-05-27 16:55:00,141.4522368,40.7788352,683,2025,Gipsy,300,28125.593053641645,39
2025-05-27 17:00:00,141.4472896,40.7716864,683,2025,Gipsy,300,27512.970806037247,39
2025-05-27 17:05:00,141.4369472,40.7556992,683,2025,Gipsy,300,26178.665885404596,39
2025-05-27 17:10:00,141.4334784,40.7372096,683,2025,Gipsy,300,24426.331834351247,39
2025-05-27 17:15:00,141.4344192,40.7191872,683,2025,Gipsy,300,22599.515304175722,39
2025-05-27 17:20:00,141.4395648,40.7001856,683,2025,Gipsy,300,20535.50405110856,39
2025-05-27 17:25:00,141.4454016,40.68576,683,2025,Gipsy,300,18899.309889932498,39
2025-05-27 17:30:00,141.4485888,40.6753024,683,2025,Gipsy,300,17763.538473546163,39
2025-05-27 17:35:00,141.4509504,40.6542976,683,2025,Gipsy,300,15701.835971258592,39
2025-05-27 17:40:00,141.4477952,40.639328,683,2025,Gipsy,300,14543.438730186297,39
2025-05-27 17:45:00,141.4478336,40.6392512,683,2025,Gipsy,300,14534.805765020814,39
2025-05-27 17:50:00,141.4552,40.6221824,683,2025,Gipsy,300,12700.542109069727,39
2025-05-27 17:55:00,141.4661952,40.5984192,683,2025,Gipsy,300,10199.604059091733,39
2025-05-27 18:00:00,141.48224,40.5753216,683,2025,Gipsy,300,7573.944928290315,39
2025-05-27 18:05:00,141.5112064,40.5576576,683,2025,Gipsy,300,4463.357380741141,39
2025-05-27 18:10:00,141.5369152,40.5548288,683,2025,Gipsy,300,2513.2192338032405,39
2025-05-28 01:50:00,141.5616256,40.5534784,683,2025,Gipsy,300,1686.2715889005146,40
2025-05-28 01:55:00,141.5659968,40.5544,683,2025,Gipsy,300,1892.4736441780024,40
2025-05-28 02:00:00,141.5882368,40.565312,683,2025,Gipsy,300,3940.457611260838,40
2025-05-28 02:05:00,141.593984,40.5670336,683,2025,Gipsy,300,4411.4194967087415,40
2025-05-28 02:10:00,141.603552,40.5651328,683,2025,Gipsy,300,4881.025545590148,40
2025-05-28 02:15:00,141.6283072,40.566976,683,2025,Gipsy,300,6766.790155557836,40
2025-05-28 02:20:00,141.6309952,40.56768,683,2025,Gipsy,300,7004.751588465135,40
2025-05-28 02:25:00,141.6441088,40.568,683,2025,Gipsy,300,8021.233189282791,40
2025-05-28 02:30:00,141.6551808,40.5664704,683,2025,Gipsy,300,8825.191120135867,40
2025-05-28 02:35:00,141.6796544,40.5652096,683,2025,Gipsy,300,10751.845262406374,40
2025-05-28 02:40:00,141.6862848,40.5638464,683,2025,Gipsy,300,11254.351039360108,40
2025-05-28 02:45:00,141.6867904,40.564128,683,2025,Gipsy,300,11303.61013575064,40
2025-05-28 02:50:00,141.6877632,40.5636096,683,2025,Gipsy,300,11369.242076116638,40
2025-05-28 02:55:00,141.6886016,40.564544,683,2025,Gipsy,300,11463.67467233063,40
2025-05-28 03:00:00,141.6893824,40.5651776,683,2025,Gipsy,300,11545.430691343947,40
2025-05-28 03:05:00,141.6901504,40.565664,683,2025,Gipsy,300,11622.140922677838,40
2025-05-28 03:10:00,141.6910976,40.5658048,683,2025,Gipsy,300,11703.675278687131,40
2025-05-28 03:15:00,141.6911616,40.5663168,683,2025,Gipsy,300,11723.665421549487,40
2025-05-28 03:20:00,141.6965568,40.5681728,683,2025,Gipsy,300,12218.819848265137,40
2025-05-28 03:25:00,141.6964544,40.5686336,683,2025,Gipsy,300,12224.285153251452,40
2025-05-28 03:30:00,141.710944,40.5734976,683,2025,Gipsy,300,13553.158617035913,40
2025-05-28 03:35:00,141.70208,40.5756672,683,2025,Gipsy,300,12910.110811216997,40
2025-05-28 03:40:00,141.6959296,40.5794112,683,2025,Gipsy,300,12561.097360089876,40
2025-05-28 03:45:00,141.6889664,40.5775808,683,2025,Gipsy,300,11937.909511066382,40
2025-05-28 03:50:00,141.6904,40.5778496,683,2025,Gipsy,300,12061.878772644257,40
2025-05-28 03:55:00,141.6875072,40.5805248,683,2025,Gipsy,300,11946.14248958834,40
2025-05-28 04:00:00,141.6809792,40.5770624,683,2025,Gipsy,300,11288.25174217596,40
2025-05-28 04:05:00,141.6571328,40.5570752,683,2025,Gipsy,300,8676.777140883552,40
2025-05-28 04:10:00,141.6274752,40.5492544,683,2025,Gipsy,300,6035.986335615019,40
2025-05-28 04:15:00,141.6003776,40.539008,683,2025,Gipsy,300,3624.0831328339027,40
2025-05-28 04:20:00,141.5882688,40.5343168,683,2025,Gipsy,300,2641.3569314932292,40
2025-05-28 04:25:00,141.5997248,40.5183296,683,2025,Gipsy,300,4219.939329698192,40
2025-05-28 04:30:00,141.5995712,40.5183168,683,2025,Gipsy,300,4209.698485513091,40
2025-05-28 04:35:00,141.582496,40.534336,683,2025,Gipsy,300,2161.6231834673526,40
2025-05-28 06:05:00,141.5460736,40.552832,683,2025,Gipsy,300,1857.2419123688717,41
2025-05-28 06:10:00,141.5340928,40.5727552,683,2025,Gipsy,300,4283.114169899121,41
2025-05-28 06:15:00,141.5151104,40.5869056,683,2025,Gipsy,300,6458.8444563677285,41
2025-05-28 06:20:00,141.4952,40.595232,683,2025,Gipsy,300,8213.740654812442,41
2025-05-28 06:25:00,141.4785856,40.6159424,683,2025,Gipsy,300,10886.381473236575,41
2025-05-28 06:30:00,141.4619648,40.633024,683,2025,Gipsy,300,13247.10307901536,41
2025-05-28 06:35:00,141.4531776,40.6513408,683,2025,Gipsy,300,15324.947793213618,41
2025-05-28 06:40:00,141.4496832,40.6647872,683,2025,Gipsy,300,16726.305455261885,41
2025-05-28 06:45:00,141.447104,40.6825344,683,2025,Gipsy,300,18517.41867901151,41
2025-05-28 06:50:00,141.4470912,40.6824768,683,2025,Gipsy,300,18512.44741758711,41
2025-05-28 06:55:00,141.4472128,40.68256,683,2025,Gipsy,300,18515.22399593661,41
2025-05-28 07:00:00,141.4471616,40.6826496,683,2025,Gipsy,300,18525.99761575259,41
2025-05-28 07:05:00,141.4470976,40.6824768,683,2025,Gipsy,300,18512.17379753134,41
2025-05-28 07:10:00,141.4472512,40.68272,683,2025,Gipsy,300,18528.922520705044,41
2025-05-28 07:15:00,141.447104,40.68256,683,2025,Gipsy,300,18519.87152241819,41
2025-05-28 07:20:00,141.4470656,40.6826816,683,2025,Gipsy,300,18533.164133712533,41
2025-05-28 07:25:00,141.447072,40.6826944,683,2025,Gipsy,300,18534.117394399836,41
2025-05-28 07:30:00,141.4471296,40.6824832,683,2025,Gipsy,300,18511.419048273685,41
2025-05-28 07:35:00,141.4471168,40.6824256,683,2025,Gipsy,300,18506.448013043297,41
2025-05-28 07:40:00,141.4470464,40.6824576,683,2025,Gipsy,300,18512.523962819767,41
2025-05-28 07:45:00,141.4471552,40.6824384,683,2025,Gipsy,300,18506.032632766528,41
2025-05-28 07:50:00,141.4474304,40.6822592,683,2025,Gipsy,300,18477.103540114174,41
2025-05-28 07:55:00,141.447232,40.682624,683,2025,Gipsy,300,18520.53861029364,41
2025-05-28 08:00:00,141.4472128,40.6826496,683,2025,Gipsy,300,18523.811986053093,41
2025-05-28 08:05:00,141.448352,40.6943296,683,2025,Gipsy,300,19608.68605504243,41
2025-05-28 08:10:00,141.441216,40.7134592,683,2025,Gipsy,300,21771.189590011167,41
2025-05-28 08:15:00,141.4451072,40.7343424,683,2025,Gipsy,300,23727.957462382816,41
2025-05-28 08:20:00,141.4457792,40.7370304,683,2025,Gipsy,300,23979.136465586544,41
2025-05-28 08:25:00,141.4449728,40.7412544,683,2025,Gipsy,300,24437.26463181357,41
2025-05-28 08:30:00,141.4439424,40.7423552,683,2025,Gipsy,300,24583.80729935997,41
2025-05-28 08:35:00,141.4416512,40.7524416,683,2025,Gipsy,300,25691.507209394305,41
2025-05-28 08:40:00,141.4266816,40.7707904,683,2025,Gipsy,300,28060.32274229037,41
2025-05-28 08:45:00,141.419008,40.793248,683,2025,Gipsy,300,30609.650133245665,41
2025-05-28 08:50:00,141.4129792,40.8123264,683,2025,Gipsy,300,32763.16868671554,41
2025-05-28 08:55:00,141.4151168,40.8122304,683,2025,Gipsy,300,32686.243183503728,41
2025-05-28 09:00:00,141.41584,40.8300288,683,2025,Gipsy,300,34509.47398699959,41
2025-05-28 09:05:00,141.4224448,40.8462272,683,2025,Gipsy,300,36020.34680233336,41
2025-05-28 09:10:00,141.4222464,40.8460224,683,2025,Gipsy,300,36004.10945024371,41
2025-05-28 09:15:00,141.422176,40.845536,683,2025,Gipsy,300,35954.80542666871,41
2025-05-28 09:20:00,141.4328064,40.8295488,683,2025,Gipsy,300,33987.32716935614,41
2025-05-28 09:25:00,141.4329088,40.829792,683,2025,Gipsy,300,34010.31178752594,41
2025-05-28 09:30:00,141.4420672,40.8208512,683,2025,Gipsy,300,32829.357579723066,41
2025-05-28 09:35:00,141.4302592,40.8012544,683,2025,Gipsy,300,31090.45766722581,41
2025-05-28 09:40:00,141.422944,40.7715456,683,2025,Gipsy,300,28263.257741361504,41
2025-05-28 09:45:00,141.4241792,40.7401408,683,2025,Gipsy,300,25064.76682985922,41
2025-05-28 09:50:00,141.4312064,40.7169024,683,2025,Gipsy,300,22502.672321623013,41
2025-05-28 09:55:00,141.4417792,40.6902016,683,2025,Gipsy,300,19479.629367418387,41
2025-05-28 10:00:00,141.4467008,40.6832768,683,2025,Gipsy,300,18605.785243288283,41
2025-05-28 10:05:00,141.4465408,40.683264,683,2025,Gipsy,300,18611.392811539015,41
2025-05-28 10:10:00,141.4473856,40.6835328,683,2025,Gipsy,300,18601.20038799682,41
2025-05-28 10:15:00,141.4520512,40.6754432,683,2025,Gipsy,300,17626.592539089364,41
2025-05-28 10:20:00,141.4650496,40.6466496,683,2025,Gipsy,300,14329.350611871168,41
2025-05-28 10:25:00,141.4716096,40.6131712,683,2025,Gipsy,300,11026.20140119564,41
2025-05-28 10:30:00,141.482752,40.5835904,683,2025,Gipsy,300,8070.834840931733,41
2025-05-28 10:35:00,141.5024128,40.5601024,683,2025,Gipsy,300,5249.091193158353,41
2025-05-28 10:40:00,141.5354688,40.5532096,683,2025,Gipsy,300,2478.9742565945944,41
2025-05-28 13:15:00,141.5129664,40.5433216,683,2025,Gipsy,300,3817.5318328747517,42
2025-05-28 13:20:00,141.505056,40.5421248,683,2025,Gipsy,300,4468.743319062455,42
2025-05-28 13:25:00,141.5089216,40.5429504,683,2025,Gipsy,300,4152.239708955868,42
2025-05-28 13:30:00,141.5088,40.5428672,683,2025,Gipsy,300,4161.413566447223,42
2025-05-28 13:35:00,141.5085696,40.542816,683,2025,Gipsy,300,4180.16817798831,42
2025-05-28 13:40:00,141.50912,40.542784,683,2025,Gipsy,300,4133.436635357796,42
2025-05-28 13:45:00,141.508896,40.5428288,683,2025,Gipsy,300,4152.8511771812255,42
2025-05-28 13:50:00,141.5089664,40.5429056,683,2025,Gipsy,300,4147.895950660936,42
2025-05-28 13:55:00,141.5088576,40.5468608,683,2025,Gipsy,300,4229.935818923052,42
2025-05-28 14:00:00,141.5007232,40.560704,683,2025,Gipsy,300,5406.918527427716,42
2025-05-28 14:05:00,141.4900608,40.5683776,683,2025,Gipsy,300,6607.396815120422,42
2025-05-28 14:10:00,141.483584,40.5975552,683,2025,Gipsy,300,9063.075537248771,42
2025-05-28 14:15:00,141.4794496,40.623296,683,2025,Gipsy,300,11499.014935925063,42
2025-05-28 14:20:00,141.4661376,40.6525504,683,2025,Gipsy,300,14833.853786817932,42
2025-05-28 14:25:00,141.466112,40.67456,683,2025,Gipsy,300,16967.07588516415,42
2025-05-28 14:30:00,141.451104,40.6756224,683,2025,Gipsy,300,17684.466946915414,42
2025-05-28 14:35:00,141.447296,40.6827712,683,2025,Gipsy,300,18531.921497596697,42
2025-05-28 14:40:00,141.447008,40.6828928,683,2025,Gipsy,300,18555.86513463464,42
2025-05-28 14:45:00,141.44650240000001,40.682464,683,2025,Gipsy,300,18536.446338904396,42
2025-05-28 14:50:00,141.446944,40.6829248,683,2025,Gipsy,300,18561.664505240296,42
2025-05-28 14:55:00,141.4469888,40.6828544,683,2025,Gipsy,300,18553.004341856627,42
2025-05-28 15:00:00,141.4469376,40.68288,683,2025,Gipsy,300,18557.6442449242,42
2025-05-28 15:05:00,141.4468992,40.6828096,683,2025,Gipsy,300,18552.538793715757,42
2025-05-28 15:10:00,141.4468608,40.6828928,683,2025,Gipsy,300,18562.151610660723,42
2025-05-28 15:15:00,141.4469696,40.683008,683,2025,Gipsy,300,18568.546737373137,42
2025-05-28 15:20:00,141.4470208,40.6828096,683,2025,Gipsy,300,18547.344274972642,42
2025-05-28 15:25:00,141.4470592,40.6828096,683,2025,Gipsy,300,18545.704784693393,42
2025-05-28 15:30:00,141.4470464,40.6829056,683,2025,Gipsy,300,18555.453232970944,42
2025-05-28 15:35:00,141.446336,40.6826624,683,2025,Gipsy,300,18562.569496500324,42
2025-05-28 15:40:00,141.4610752,40.6936064,683,2025,Gipsy,300,19052.094717733824,42
2025-05-28 15:45:00,141.4480768,40.7158784,683,2025,Gipsy,300,21757.546802712986,42
2025-05-28 15:50:00,141.452896,40.736992,683,2025,Gipsy,300,23744.12512998527,42
2025-05-28 15:55:00,141.441024,40.754912,683,2025,Gipsy,300,25965.309282321276,42
2025-05-28 16:00:00,141.436576,40.7576704,683,2025,Gipsy,300,26392.489164106453,42
2025-05-28 16:05:00,141.4466432,40.7545152,683,2025,Gipsy,300,25747.535876721802,42
2025-05-28 16:10:00,141.4178112,40.7663488,683,2025,Gipsy,300,27917.29211983739,42
2025-05-28 16:15:00,141.4248064,40.7902272,683,2025,Gipsy,300,30113.874566728126,42
2025-05-28 16:20:00,141.4259136,40.8115136,683,2025,Gipsy,300,32286.23363258951,42
2025-05-28 16:25:00,141.4131072,40.8337792,683,2025,Gipsy,300,34980.21775327721,42
2025-05-28 16:30:00,141.4051328,40.8567808,683,2025,Gipsy,300,37609.30292749637,42
2025-05-28 16:35:00,141.4024128,40.872928,683,2025,Gipsy,300,39374.179534785755,42
2025-05-28 16:40:00,141.4041536,40.8934272,683,2025,Gipsy,300,41480.733866490475,42
2025-05-28 16:45:00,141.408704,40.915987199999996,683,2025,Gipsy,300,43754.81565202223,42
2025-05-28 16:50:00,141.4275264,40.927648,683,2025,Gipsy,300,44578.03254537596,42
2025-05-28 16:55:00,141.4560896,40.918592,683,2025,Gipsy,300,43059.52995778029,42
2025-05-28 17:00:00,141.4620032,40.8972864,683,2025,Gipsy,300,40641.66240170093,42
2025-05-28 17:05:00,141.4367488,40.8825024,683,2025,Gipsy,300,39531.00119123998,42
2025-05-28 17:10:00,141.4122752,40.8716672,683,2025,Gipsy,300,38971.60271221652,42
2025-05-28 17:15:00,141.4030144,40.8575872,683,2025,Gipsy,300,37755.004291038975,42
2025-05-28 17:20:00,141.40758400000001,40.839456,683,2025,Gipsy,300,35734.44967431039,42
2025-05-28 17:25:00,141.415424,40.8176,683,2025,Gipsy,300,33231.711115294536,42
2025-05-28 17:30:00,141.4280704,40.7943168,683,2025,Gipsy,300,30435.20021440915,42
2025-05-28 17:35:00,141.4235008,40.7801728,683,2025,Gipsy,300,29123.9897571975,42
2025-05-28 17:40:00,141.429376,40.7564672,683,2025,Gipsy,300,26512.664237951492,42
2025-05-28 17:45:00,141.433024,40.7332736,683,2025,Gipsy,300,24049.37942888925,42
2025-05-28 17:50:00,141.4389056,40.7152576,683,2025,Gipsy,300,22037.81906184382,42
2025-05-28 17:55:00,141.4542144,40.703264,683,2025,Gipsy,300,20269.727485770312,42
2025-05-28 18:00:00,141.4499712,40.693248,683,2025,Gipsy,300,19438.30411700607,42
2025-05-28 18:05:00,141.4452096,40.6843904,683,2025,Gipsy,300,18776.237885338218,42
2025-05-28 18:10:00,141.445856,40.6843072,683,2025,Gipsy,300,18740.611922273612,42
2025-05-28 18:15:00,141.4463104,40.684288,683,2025,Gipsy,300,18719.3945316445,42
2025-05-28 18:20:00,141.4459968,40.6843648,683,2025,Gipsy,300,18740.124213661107,42
2025-05-28 18:25:00,141.4461504,40.6841984,683,2025,Gipsy,300,18717.61904082749,42
2025-05-28 18:30:00,141.4488512,40.6798656,683,2025,Gipsy,300,18187.056568309934,42
2025-05-28 18:35:00,141.4632064,40.6498688,683,2025,Gipsy,300,14714.01590566669,42
2025-05-28 18:40:00,141.478688,40.6208192,683,2025,Gipsy,300,11313.21934080955,42
2025-05-28 18:45:00,141.5046336,40.59648,683,2025,Gipsy,300,7837.228561176773,42
2025-05-28 18:50:00,141.5204288,40.5702912,683,2025,Gipsy,300,4721.601900161497,42
2025-05-28 18:55:00,141.5380992,40.5528576,683,2025,Gipsy,300,2287.8275590491244,42
2025-05-29 00:35:00,141.5701568,40.5650496,683,2025,Gipsy,300,3123.011011464148,43
2025-05-29 00:40:00,141.5795264,40.5929408,683,2025,Gipsy,300,6312.793494840856,43
2025-05-29 00:45:00,141.5801216,40.6232064,683,2025,Gipsy,300,9586.00645875191,43
2025-05-29 00:50:00,141.5758272,40.6448128,683,2025,Gipsy,300,11894.29109107,43
2025-05-29 00:55:00,141.5723456,40.6625408,683,2025,Gipsy,300,13818.918906291705,43
2025-05-29 01:00:00,141.5592832,40.6826496,683,2025,Gipsy,300,15996.131421966365,43
2025-05-29 01:05:00,141.5516416,40.7011584,683,2025,Gipsy,300,18057.91101561071,43
2025-05-29 01:10:00,141.547296,40.720416,683,2025,Gipsy,300,20208.21173069885,43
2025-05-29 01:15:00,141.5403712,40.7285312,683,2025,Gipsy,300,21140.892243611223,43
2025-05-29 01:20:00,141.540352,40.7291648,683,2025,Gipsy,300,21211.196976298383,43
2025-05-29 01:25:00,141.5405632,40.7299328,683,2025,Gipsy,300,21295.06352585865,43
2025-05-29 01:30:00,141.540864,40.7304832,683,2025,Gipsy,300,21354.34192791033,43
2025-05-29 01:35:00,141.5409408,40.731168,683,2025,Gipsy,300,21429.792463362195,43
2025-05-29 01:40:00,141.5410112,40.7317184,683,2025,Gipsy,300,21490.39149628477,43
2025-05-29 01:45:00,141.5408576,40.7323328,683,2025,Gipsy,300,21559.324107025794,43
2025-05-29 01:50:00,141.54096,40.7328,683,2025,Gipsy,300,21610.52778940863,43
2025-05-29 01:55:00,141.5410432,40.7334592,683,2025,Gipsy,300,21683.11979942806,43
2025-05-29 02:00:00,141.5410688,40.7341312,683,2025,Gipsy,300,21757.449407348195,43
2025-05-29 02:05:00,141.5410944,40.7348416,683,2025,Gipsy,300,21836.036771120398,43
2025-05-29 02:10:00,141.537696,40.7378816,683,2025,Gipsy,300,22192.903806287566,43
2025-05-29 02:15:00,141.5379264,40.7385408,683,2025,Gipsy,300,22264.430632759755,43
2025-05-29 02:20:00,141.5381952,40.738976,683,2025,Gipsy,300,22310.93898473523,43
2025-05-29 02:25:00,141.5383936,40.7394368,683,2025,Gipsy,300,22360.745563745426,43
2025-05-29 02:30:00,141.5386304,40.7399296,683,2025,Gipsy,300,22413.882427985347,43
2025-05-29 02:35:00,141.5387776,40.7402816,683,2025,Gipsy,300,22451.984539748286,43
2025-05-29 02:40:00,141.5393792,40.7417024,683,2025,Gipsy,300,22605.83964160449,43
2025-05-29 02:45:00,141.5392768,40.7418624,683,2025,Gipsy,300,22624.15790215491,43
2025-05-29 02:50:00,141.539808,40.7422912,683,2025,Gipsy,300,22668.635473772207,43
2025-05-29 02:55:00,141.5400576,40.742816,683,2025,Gipsy,300,22725.396573114598,43
2025-05-29 03:00:00,141.540256,40.7432768,683,2025,Gipsy,300,22775.371147769194,43
2025-05-29 03:05:00,141.5383808,40.7458432,683,2025,Gipsy,300,23070.417174494803,43
2025-05-29 03:10:00,141.5353216,40.7516416,683,2025,Gipsy,300,23731.907968974883,43
2025-05-29 03:15:00,141.532096,40.761088,683,2025,Gipsy,300,24799.981698135965,43
2025-05-29 03:20:00,141.5318784,40.7600832,683,2025,Gipsy,300,24690.440730837527,43
2025-05-29 03:25:00,141.5275008,40.7600064,683,2025,Gipsy,300,24717.336108344996,43
2025-05-29 03:30:00,141.5319424,40.7640576,683,2025,Gipsy,300,25129.634533452467,43
2025-05-29 03:35:00,141.5220992,40.7656064,683,2025,Gipsy,300,25385.950968511293,43
2025-05-29 03:40:00,141.5123904,40.7434752,683,2025,Gipsy,300,23069.316020039423,43
2025-05-29 03:45:00,141.5101312,40.717856,683,2025,Gipsy,300,20306.272621447228,43
2025-05-29 03:50:00,141.5151808,40.7007104,683,2025,Gipsy,300,18355.534620931445,43
2025-05-29 03:55:00,141.5179392,40.6767936,683,2025,Gipsy,300,15708.07517327486,43
2025-05-29 04:00:00,141.5173248,40.6502528,683,2025,Gipsy,300,12858.191425640256,43
2025-05-29 04:05:00,141.5254016,40.621824,683,2025,Gipsy,300,9634.784630531343,43
2025-05-29 04:10:00,141.5379904,40.5936128,683,2025,Gipsy,300,6330.01742902723,43
2025-05-29 04:15:00,141.5364416,40.566496,683,2025,Gipsy,300,3578.315173599769,43
2025-05-17 17:00:00,141.5351104,40.5614144,685,2025,Gipsy,300,3169.340083385129,1
2025-05-17 17:05:00,141.5210176,40.5637952,685,2025,Gipsy,300,4174.581122438665,1
2025-05-17 17:10:00,141.5102016,40.5579136,685,2025,Gipsy,300,4551.7960941151605,1
2025-05-17 17:15:00,141.497952,40.5630656,685,2025,Gipsy,300,5736.434887103388,1
2025-05-17 17:20:00,141.496096,40.5661504,685,2025,Gipsy,300,6041.2727533989555,1
2025-05-17 17:25:00,141.4896,40.570208,685,2025,Gipsy,300,6744.636819951299,1
2025-05-17 17:30:00,141.4896704,40.5702528,685,2025,Gipsy,300,6742.135442033995,1
2025-05-17 17:35:00,141.4859072,40.5756288,685,2025,Gipsy,300,7333.158697473027,1
2025-05-17 17:40:00,141.4864,40.5751424,685,2025,Gipsy,300,7268.365080803563,1
2025-05-17 17:45:00,141.498624,40.5688832,685,2025,Gipsy,300,6021.561309210342,1
2025-05-17 17:50:00,141.5066112,40.5615808,685,2025,Gipsy,300,5016.439196354677,1
2025-05-17 17:55:00,141.5091008,40.5582272,685,2025,Gipsy,300,4650.462974772701,1
2025-05-17 18:00:00,141.5175872,40.5562112,685,2025,Gipsy,300,3913.0152063281475,1
2025-05-17 18:05:00,141.5249152,40.5520384,685,2025,Gipsy,300,3145.195316117212,1
2025-05-18 10:20:00,141.536544,40.5574144,685,2025,Gipsy,300,2746.6775774231246,2
2025-05-18 10:25:00,141.5291008,40.5734464,685,2025,Gipsy,300,4560.22433383487,2
2025-05-18 10:30:00,141.5029184,40.5722432,685,2025,Gipsy,300,5950.16269661699,2
2025-05-18 10:35:00,141.490624,40.571008,685,2025,Gipsy,300,6717.851790181625,2
2025-05-18 10:40:00,141.5026432,40.5598336,685,2025,Gipsy,300,5218.1741388586815,2
2025-05-18 10:45:00,141.5026432,40.5598592,685,2025,Gipsy,300,5219.458122748692,2
2025-05-18 10:50:00,141.5091712,40.5576512,685,2025,Gipsy,300,4615.555498668132,2
2025-05-18 10:55:00,141.5056896,40.542496,685,2025,Gipsy,300,4419.101090065067,2
2025-05-18 11:00:00,141.5060736,40.54272,685,2025,Gipsy,300,4389.238622953654,2
2025-05-18 11:05:00,141.5084928,40.5427264,685,2025,Gipsy,300,4185.537117098987,2
2025-05-18 11:10:00,141.5084928,40.5427264,685,2025,Gipsy,300,4185.537117098987,2
2025-05-18 11:15:00,141.5084224,40.542784,685,2025,Gipsy,300,4192.1667112829355,2
2025-05-18 11:20:00,141.5084288,40.5427264,685,2025,Gipsy,300,4190.926528050797,2
2025-05-18 11:25:00,141.541824,40.5381184,685,2025,Gipsy,300,1337.8938059914897,2
2025-05-18 21:20:00,141.5400064,40.56096,685,2025,Gipsy,300,2895.411086280124,3
2025-05-18 21:25:00,141.524448,40.5761856,685,2025,Gipsy,300,5029.854055879832,3
2025-05-18 21:30:00,141.5063808,40.5855488,685,2025,Gipsy,300,6781.6728636356775,3
2025-05-18 21:35:00,141.4941696,40.5852992,685,2025,Gipsy,300,7466.247935062728,3
2025-05-18 21:40:00,141.4913664,40.584512,685,2025,Gipsy,300,7579.8055150049595,3
2025-05-18 21:45:00,141.4912128,40.5839296,685,2025,Gipsy,300,7546.168722775121,3
2025-05-18 21:50:00,141.4875136,40.5887744,685,2025,Gipsy,300,8140.523525987948,3
2025-05-18 21:55:00,141.4838656,40.5921024,685,2025,Gipsy,300,8618.780669510617,3
2025-05-18 22:00:00,141.4788096,40.5941184,685,2025,Gipsy,300,9084.199698448614,3
2025-05-18 22:05:00,141.4793472,40.5935232,685,2025,Gipsy,300,9005.947859181637,3
2025-05-18 22:10:00,141.4787456,40.5931584,685,2025,Gipsy,300,9016.248944345469,3
2025-05-18 22:15:00,141.4962944,40.5826112,685,2025,Gipsy,300,7130.119575427838,3
2025-05-18 22:20:00,141.5096064,40.5646656,685,2025,Gipsy,300,4990.172034838916,3
2025-05-18 22:25:00,141.5427968,40.5485888,685,2025,Gipsy,300,1673.930224171727,3
2025-05-20 05:20:00,141.5397056,40.5760384,685,2025,Gipsy,300,4424.442458864041,4
2025-05-20 05:25:00,141.515104,40.5938368,685,2025,Gipsy,300,7111.112208636813,4
2025-05-20 05:30:00,141.4880128,40.5960512,685,2025,Gipsy,300,8684.500932209436,4
2025-05-20 05:35:00,141.4660288,40.6151168,685,2025,Gipsy,300,11502.372029159349,4
2025-05-20 05:40:00,141.4502016,40.6447488,685,2025,Gipsy,300,14885.798411226291,4
2025-05-20 05:45:00,141.4471296,40.6402944,685,2025,Gipsy,300,14661.965249373037,4
2025-05-20 05:50:00,141.4475712,40.6395456,685,2025,Gipsy,300,14574.133134569376,4
2025-05-20 05:55:00,141.4472256,40.6395776,685,2025,Gipsy,300,14595.577780003892,4
2025-05-20 06:00:00,141.4472832,40.6395008,685,2025,Gipsy,300,14585.907994286728,4
2025-05-20 06:05:00,141.4474944,40.6394304,685,2025,Gipsy,300,14568.46081471749,4
2025-05-20 06:10:00,141.4475456,40.6395072,685,2025,Gipsy,300,14572.241034892722,4
2025-05-20 06:15:00,141.447296,40.6396224,685,2025,Gipsy,300,14595.58420180421,4
2025-05-20 06:20:00,141.4550592,40.63744,685,2025,Gipsy,300,13993.32562623766,4
2025-05-20 06:25:00,141.4583808,40.61536,685,2025,Gipsy,300,11967.67614681017,4
2025-05-20 06:30:00,141.4622144,40.6026816,685,2025,Gipsy,300,10764.373120010378,4
2025-05-20 06:35:00,141.4597824,40.5996288,685,2025,Gipsy,300,10702.097218871726,4
2025-05-20 06:40:00,141.459872,40.5995648,685,2025,Gipsy,300,10691.72764464015,4
2025-05-20 06:45:00,141.4758208,40.5886208,685,2025,Gipsy,300,8877.754545206888,4
2025-05-20 06:50:00,141.4944704,40.5787712,685,2025,Gipsy,300,6962.952983263818,4
2025-05-20 06:55:00,141.5199552,40.563712,685,2025,Gipsy,300,4235.725782780912,4
2025-05-20 07:00:00,141.5480576,40.5475904,685,2025,Gipsy,300,1284.2097957970934,4
2025-05-20 10:15:00,141.5525632,40.560896,685,2025,Gipsy,300,2511.721037694003,5
2025-05-20 10:20:00,141.5382784,40.5700672,685,2025,Gipsy,300,3858.016814483581,5
2025-05-20 10:25:00,141.5208704,40.5776512,685,2025,Gipsy,300,5336.43738517755,5
2025-05-20 10:30:00,141.5012864,40.578624,685,2025,Gipsy,300,6518.984777874754,5
2025-05-20 10:35:00,141.483232,40.577344,685,2025,Gipsy,300,7627.55662915579,5
2025-05-20 10:40:00,141.4753536,40.5996096,685,2025,Gipsy,300,9715.95005707168,5
2025-05-20 10:45:00,141.4622272,40.6125376,685,2025,Gipsy,300,11515.967124455141,5
2025-05-20 10:50:00,141.4576,40.6231616,685,2025,Gipsy,300,12643.205348276115,5
2025-05-20 10:55:00,141.4533248,40.635072,685,2025,Gipsy,300,13881.061698807602,5
2025-05-20 11:00:00,141.4480832,40.6491136,685,2025,Gipsy,300,15379.704039518027,5
2025-05-20 11:05:00,141.4430528,40.6719168,685,2025,Gipsy,300,17695.774645938793,5
2025-05-20 11:10:00,141.4406912,40.6777536,685,2025,Gipsy,300,18348.23886628353,5
2025-05-20 11:15:00,141.4471552,40.6806912,685,2025,Gipsy,300,18338.901014787298,5
2025-05-20 11:20:00,141.4408128,40.6685632,685,2025,Gipsy,300,17491.996209711615,5
2025-05-20 11:25:00,141.4460608,40.6481728,685,2025,Gipsy,300,15400.874467343952,5
2025-05-20 11:30:00,141.4564288,40.6212352,685,2025,Gipsy,300,12552.700157838517,5
2025-05-20 11:35:00,141.4621696,40.60304,685,2025,Gipsy,300,10793.545569829379,5
2025-05-20 11:40:00,141.4651136,40.5993152,685,2025,Gipsy,300,10333.87859708873,5
2025-05-20 11:45:00,141.4868736,40.577568,685,2025,Gipsy,300,7389.439339546236,5
2025-05-20 11:50:00,141.5148096,40.5568512,685,2025,Gipsy,300,4152.700679703948,5
2025-05-20 16:25:00,141.5472256,40.553184,685,2025,Gipsy,300,1842.0833687750674,6
2025-05-20 16:30:00,141.5305792,40.5696064,685,2025,Gipsy,300,4133.936088546349,6
2025-05-20 16:35:00,141.511168,40.5795264,685,2025,Gipsy,300,6009.5271325446865,6
2025-05-20 16:40:00,141.4927296,40.5832512,685,2025,Gipsy,300,7400.289941181688,6
2025-05-20 16:45:00,141.4768256,40.5921472,685,2025,Gipsy,300,9063.3143956776,6
2025-05-20 16:50:00,141.462816,40.6023616,685,2025,Gipsy,300,10702.674586083012,6
2025-05-20 16:55:00,141.4605312,40.6145088,685,2025,Gipsy,300,11772.749134011854,6
2025-05-20 17:00:00,141.4530752,40.6373696,685,2025,Gipsy,300,14092.05577962701,6
2025-05-20 17:05:00,141.4443904,40.662432,685,2025,Gipsy,300,16759.959758723835,6
2025-05-20 17:10:00,141.442752,40.6809856,685,2025,Gipsy,300,18559.43716090644,6
2025-05-20 17:15:00,141.4386304,40.7007296,685,2025,Gipsy,300,20626.761824539164,6
2025-05-20 17:20:00,141.433568,40.6931904,685,2025,Gipsy,300,20120.63066056745,6
2025-05-20 17:25:00,141.4439296,40.6779456,685,2025,Gipsy,300,18220.003996877964,6
2025-05-20 17:30:00,141.4457984,40.6562624,685,2025,Gipsy,300,16132.664280571751,6
2025-05-20 17:35:00,141.451392,40.6343808,685,2025,Gipsy,300,13927.022566105481,6
2025-05-20 17:40:00,141.4629632,40.6080256,685,2025,Gipsy,300,11119.502603925184,6
2025-05-20 17:45:00,141.4684096,40.5947264,685,2025,Gipsy,300,9792.243238395731,6
2025-05-20 17:50:00,141.4878976,40.5725056,685,2025,Gipsy,300,7001.895285029336,6
2025-05-20 17:55:00,141.5127808,40.5572096,685,2025,Gipsy,300,4322.401661635952,6
2025-05-20 21:15:00,141.5618176,40.5687168,685,2025,Gipsy,300,3362.641442707886,7
2025-05-20 21:20:00,141.5527296,40.5912192,685,2025,Gipsy,300,5856.996590866127,7
2025-05-20 21:25:00,141.5614848,40.6197952,685,2025,Gipsy,300,9021.684470712373,7
2025-05-20 21:30:00,141.5638464,40.6505792,685,2025,Gipsy,300,12445.388727817177,7
2025-05-20 21:35:00,141.564032,40.6616384,685,2025,Gipsy,300,13673.08885111373,7
2025-05-20 21:40:00,141.5609152,40.686624,685,2025,Gipsy,300,16439.237580434434,7
2025-05-20 21:45:00,141.5644608,40.6980992,685,2025,Gipsy,300,17720.649308659988,7
2025-05-20 21:50:00,141.5756544,40.7184256,685,2025,Gipsy,300,20026.676162353422,7
2025-05-20 21:55:00,141.5750976,40.731232,685,2025,Gipsy,300,21441.628547470464,7
2025-05-20 22:00:00,141.5812288,40.7497344,685,2025,Gipsy,300,23530.17587966242,7
2025-05-20 22:05:00,141.5841024,40.7545728,685,2025,Gipsy,300,24086.972515142203,7
2025-05-20 22:10:00,141.5900864,40.760928,685,2025,Gipsy,300,24840.60123462134,7
2025-05-20 22:15:00,141.5878656,40.7640512,685,2025,Gipsy,300,25165.528270257113,7
2025-05-20 22:20:00,141.5871616,40.762816,685,2025,Gipsy,300,25023.058869990266,7
2025-05-20 22:25:00,141.5868608,40.7629184,685,2025,Gipsy,300,25031.84547700958,7
2025-05-20 22:30:00,141.5933184,40.7708224,685,2025,Gipsy,300,25963.26916546655,7
2025-05-20 22:35:00,141.593888,40.771712,685,2025,Gipsy,300,26067.01524050721,7
2025-05-20 22:40:00,141.5935104,40.7714944,685,2025,Gipsy,300,26039.2760680045,7
2025-05-20 22:45:00,141.5931008,40.770592,685,2025,Gipsy,300,25935.721237221278,7
2025-05-20 22:50:00,141.5939584,40.7707072,685,2025,Gipsy,300,25956.919240712374,7
2025-05-20 22:55:00,141.6162112,40.775872,685,2025,Gipsy,300,26809.86620653103,7
2025-05-20 23:00:00,141.6063552,40.7577728,685,2025,Gipsy,300,24684.66295837368,7
2025-05-20 23:05:00,141.591136,40.7304896,685,2025,Gipsy,300,21496.055830861063,7
2025-05-20 23:10:00,141.572064,40.7010368,685,2025,Gipsy,300,18078.817749509668,7
2025-05-20 23:15:00,141.554976,40.6711808,685,2025,Gipsy,300,14723.594957646277,7
2025-05-20 23:20:00,141.541504,40.6422144,685,2025,Gipsy,300,11585.712742658172,7
2025-05-20 23:25:00,141.5364864,40.6137792,685,2025,Gipsy,300,8536.978431966088,7
2025-05-20 23:30:00,141.5402368,40.5860544,685,2025,Gipsy,300,5470.324946384443,7
2025-05-20 23:35:00,141.5497216,40.5576832,685,2025,Gipsy,300,2221.1195613829946,7
2025-05-21 05:25:00,141.5349184,40.5586624,685,2025,Gipsy,300,2941.512606826501,8
2025-05-21 05:30:00,141.5183296,40.5524672,685,2025,Gipsy,300,3665.681519929014,8
2025-05-21 05:35:00,141.506912,40.5426688,685,2025,Gipsy,300,4318.008233251886,8
2025-05-21 05:40:00,141.5091392,40.5428224,685,2025,Gipsy,300,4132.300147276668,8
2025-05-21 05:45:00,141.5090944,40.54272,685,2025,Gipsy,300,4134.80241762313,8
2025-05-21 05:50:00,141.5095616,40.54304,685,2025,Gipsy,300,4099.573534617459,8
2025-05-21 05:55:00,141.5087488,40.5427264,685,2025,Gipsy,300,4163.98031577077,8
2025-05-21 06:00:00,141.5125312,40.5574272,685,2025,Gipsy,300,4352.530875014203,8
2025-05-21 06:05:00,141.5124288,40.5574848,685,2025,Gipsy,300,4363.20959946935,8
2025-05-21 06:10:00,141.5125248,40.557664,685,2025,Gipsy,300,4365.686587553907,8
2025-05-21 06:15:00,141.5123712,40.5578432,685,2025,Gipsy,300,4386.7225170913325,8
2025-05-21 06:20:00,141.512384,40.5573312,685,2025,Gipsy,300,4358.378803760156,8
2025-05-21 06:25:00,141.5161024,40.571872,685,2025,Gipsy,300,5099.13580686161,8
2025-05-21 06:30:00,141.5380032,40.5803264,685,2025,Gipsy,300,4921.247707565642,8
2025-05-21 06:35:00,141.5501632,40.5572224,685,2025,Gipsy,300,2161.168406013238,8
2025-05-21 13:30:00,141.5500736,40.5457536,685,2025,Gipsy,300,1018.2325780518757,9
2025-05-21 13:35:00,141.5231424,40.5743808,685,2025,Gipsy,300,4929.544480528183,9
2025-05-21 13:40:00,141.487264,40.5926976,685,2025,Gipsy,300,8459.389160406705,9
2025-05-21 13:45:00,141.4624896,40.6022656,685,2025,Gipsy,300,10716.38734757236,9
2025-05-21 13:50:00,141.4621184,40.6028928,685,2025,Gipsy,300,10785.972994515636,9
2025-05-21 13:55:00,141.4621632,40.6028672,685,2025,Gipsy,300,10781.248840318487,9
2025-05-21 14:00:00,141.4579904,40.616256,685,2025,Gipsy,300,12061.790964839955,9
2025-05-21 14:05:00,141.4571712,40.637024,685,2025,Gipsy,300,13846.640561597756,9
2025-05-21 14:10:00,141.4443392,40.6725248,685,2025,Gipsy,300,17693.04782048441,9
2025-05-21 14:15:00,141.4297472,40.7039552,685,2025,Gipsy,300,21311.56079846758,9
2025-05-21 14:20:00,141.429248,40.7248896,685,2025,Gipsy,300,23363.14788614124,9
2025-05-21 14:25:00,141.4196864,40.7307264,685,2025,Gipsy,300,24316.32955990267,9
2025-05-21 14:30:00,141.4244288,40.710304,685,2025,Gipsy,300,22147.18088377995,9
2025-05-21 14:35:00,141.4248896,40.7095296,685,2025,Gipsy,300,22053.346143625833,9
2025-05-21 14:40:00,141.424352,40.7095616,685,2025,Gipsy,300,22079.59569498209,9
2025-05-21 14:45:00,141.425888,40.7047744,685,2025,Gipsy,300,21556.952084973775,9
2025-05-21 14:50:00,141.4358528,40.6862976,685,2025,Gipsy,300,19368.439679720534,9
2025-05-21 14:55:00,141.4389056,40.6688448,685,2025,Gipsy,300,17609.381272739472,9
2025-05-21 15:00:00,141.4453504,40.64688,685,2025,Gipsy,300,15324.982647877172,9
2025-05-21 15:05:00,141.4543296,40.62416,685,2025,Gipsy,300,12911.594305344246,9
2025-05-21 15:10:00,141.4652416,40.6010432,685,2025,Gipsy,300,10451.881878839611,9
2025-05-21 15:15:00,141.480384,40.577984,685,2025,Gipsy,300,7867.18319085322,9
2025-05-21 15:20:00,141.50576,40.5589504,685,2025,Gipsy,300,4938.4597394838565,9
2025-05-21 15:25:00,141.5395264,40.5524736,685,2025,Gipsy,300,2171.6692894097155,9
2025-05-21 20:55:00,141.5718464,40.5607424,685,2025,Gipsy,300,2738.23799270886,10
2025-05-21 21:00:00,141.5803968,40.5705024,685,2025,Gipsy,300,4033.9132447561965,10
2025-05-21 21:05:00,141.5902592,40.5821248,685,2025,Gipsy,300,5567.994217443056,10
2025-05-21 21:10:00,141.5990208,40.5961984,685,2025,Gipsy,300,7293.986543076144,10
2025-05-21 21:15:00,141.5996928,40.5960192,685,2025,Gipsy,300,7304.147208435923,10
2025-05-21 21:20:00,141.6112128,40.5954496,685,2025,Gipsy,300,7775.22786173069,10
2025-05-21 21:25:00,141.6119744,40.5947264,685,2025,Gipsy,300,7748.338590256339,10
2025-05-21 21:30:00,141.617824,40.5947776,685,2025,Gipsy,300,8056.966607131149,10
2025-05-21 21:35:00,141.6275008,40.5949568,685,2025,Gipsy,300,8613.531213121549,10
2025-05-21 21:40:00,141.6335104,40.5924032,685,2025,Gipsy,300,8775.522167020443,10
2025-05-21 21:45:00,141.6340928,40.5918144,685,2025,Gipsy,300,8767.54002892266,10
2025-05-21 21:50:00,141.6317312,40.5989248,685,2025,Gipsy,300,9179.794006333861,10
2025-05-21 21:55:00,141.630208,40.608288,685,2025,Gipsy,300,9882.833912881817,10
2025-05-21 22:00:00,141.6312192,40.6081472,685,2025,Gipsy,300,9924.157149409608,10
2025-05-21 22:05:00,141.6325312,40.6134208,685,2025,Gipsy,300,10453.253667929723,10
2025-05-21 22:10:00,141.6365568,40.6231488,685,2025,Gipsy,300,11524.818243826387,10
2025-05-21 22:15:00,141.6358976,40.6213952,685,2025,Gipsy,300,11334.069728616621,10
2025-05-21 22:20:00,141.6364416,40.6230848,685,2025,Gipsy,300,11513.374107433765,10
2025-05-21 22:25:00,141.6303616,40.6245632,685,2025,Gipsy,300,11360.324678244186,10
2025-05-21 22:30:00,141.6213824,40.628576,685,2025,Gipsy,300,11356.603724497329,10
2025-05-21 22:35:00,141.5953856,40.624992,685,2025,Gipsy,300,10112.076422140619,10
2025-05-21 22:40:00,141.5673664,40.6127104,685,2025,Gipsy,300,8270.373973005717,10
2025-05-21 22:45:00,141.5397504,40.5936512,685,2025,Gipsy,300,6296.693644903028,10
2025-05-21 22:50:00,141.53632,40.5624704,685,2025,Gipsy,300,3205.0734036228496,10
2025-05-21 22:55:00,141.5456832,40.5490368,685,2025,Gipsy,300,1536.6225491400457,10
2025-05-21 23:00:00,141.5459904,40.5491776,685,2025,Gipsy,300,1531.597935777809,10
2025-05-21 23:05:00,141.5459648,40.549152,685,2025,Gipsy,300,1530.8160934768175,10
2025-05-21 23:10:00,141.5460288,40.5491648,685,2025,Gipsy,300,1528.420022437374,10
2025-05-21 23:15:00,141.5460544,40.5491136,685,2025,Gipsy,300,1522.6688931719793,10
2025-05-21 23:20:00,141.5460544,40.5491392,685,2025,Gipsy,300,1524.8482241101635,10
2025-05-21 23:25:00,141.5458944,40.54928,685,2025,Gipsy,300,1545.5366290201318,10
2025-05-22 09:25:00,141.55024,40.546688,685,2025,Gipsy,300,1092.922734155576,11
2025-05-22 09:30:00,141.5323008,40.5653824,685,2025,Gipsy,300,3665.252392083474,11
2025-05-22 09:35:00,141.5093696,40.584288,685,2025,Gipsy,300,6513.014739062215,11
2025-05-22 09:40:00,141.4877696,40.6039424,685,2025,Gipsy,300,9359.870985699077,11
2025-05-22 09:45:00,141.4617536,40.6231104,685,2025,Gipsy,300,12406.151150695923,11
2025-05-22 09:50:00,141.4523456,40.6458304,685,2025,Gipsy,300,14871.59162706418,11
2025-05-22 09:55:00,141.44512,40.6700224,685,2025,Gipsy,300,17424.035380076657,11
2025-05-22 10:00:00,141.4467776,40.6834432,685,2025,Gipsy,300,18618.461938393273,11
2025-05-22 10:05:00,141.4467712,40.6835072,685,2025,Gipsy,300,18624.87223664788,11
2025-05-22 10:10:00,141.4467072,40.6834432,685,2025,Gipsy,300,18621.46384590712,11
2025-05-22 10:15:00,141.4465856,40.6836736,685,2025,Gipsy,300,18648.74096592602,11
2025-05-22 10:20:00,141.4466816,40.683616,685,2025,Gipsy,300,18639.125107799682,11
2025-05-22 10:25:00,141.4352256,40.692896,685,2025,Gipsy,300,20019.841543833994,11
2025-05-22 10:30:00,141.4301888,40.712928,685,2025,Gipsy,300,22157.255926786584,11
2025-05-22 10:35:00,141.4244672,40.7113088,685,2025,Gipsy,300,22241.624953509512,11
2025-05-22 10:40:00,141.4243136,40.7099392,685,2025,Gipsy,300,22117.299360239125,11
2025-05-22 10:45:00,141.424192,40.7100224,685,2025,Gipsy,300,22130.490296820535,11
2025-05-22 10:50:00,141.4243392,40.710016,685,2025,Gipsy,300,22123.528932208468,11
2025-05-22 10:55:00,141.4242112,40.7099968,685,2025,Gipsy,300,22127.217556189225,11
2025-05-22 11:00:00,141.4240448,40.7100288,685,2025,Gipsy,300,22137.456501103636,11
2025-05-22 11:05:00,141.4242304,40.7100736,685,2025,Gipsy,300,22133.72203116815,11
2025-05-22 11:10:00,141.4243712,40.7101952,685,2025,Gipsy,300,22139.26611367764,11
2025-05-22 11:15:00,141.4271744,40.7095424,685,2025,Gipsy,300,21956.77082844032,11
2025-05-22 11:20:00,141.44512,40.6899776,685,2025,Gipsy,300,19317.28222987118,11
2025-05-22 11:25:00,141.451072,40.6542528,685,2025,Gipsy,300,15691.850334242748,11
2025-05-22 11:30:00,141.4627904,40.6185984,685,2025,Gipsy,300,11972.783491557397,11
2025-05-22 11:35:00,141.4625856,40.6026496,685,2025,Gipsy,300,10738.454377709591,11
2025-05-22 11:40:00,141.4621248,40.602816,685,2025,Gipsy,300,10779.927365920363,11
2025-05-22 11:45:00,141.4821696,40.5842688,685,2025,Gipsy,300,8156.227358732021,11
2025-05-22 11:50:00,141.5024256,40.5604288,685,2025,Gipsy,300,5264.70018876783,11
2025-05-22 11:55:00,141.5241984,40.5535488,685,2025,Gipsy,300,3280.3213549865427,11
2025-05-22 14:20:00,141.5453952,40.5582592,685,2025,Gipsy,300,2414.971946500356,12
2025-05-22 14:25:00,141.5308352,40.5817472,685,2025,Gipsy,300,5299.9390926053,12
2025-05-22 14:30:00,141.5065152,40.6034816,685,2025,Gipsy,300,8403.216938544252,12
2025-05-22 14:35:00,141.4878336,40.628384,685,2025,Gipsy,300,11587.969757470297,12
2025-05-22 14:40:00,141.4606912,40.6501632,685,2025,Gipsy,300,14857.952364964125,12
2025-05-22 14:45:00,141.4434176,40.6777856,685,2025,Gipsy,300,18227.858928758164,12
2025-05-22 14:50:00,141.4342592,40.7016448,685,2025,Gipsy,300,20897.73945885673,12
2025-05-22 14:55:00,141.4278848,40.7248384,685,2025,Gipsy,300,23411.954136273438,12
2025-05-22 15:00:00,141.4281664,40.7448064,685,2025,Gipsy,300,25380.96084168763,12
2025-05-22 15:05:00,141.4171648,40.742592,685,2025,Gipsy,300,25578.140855614776,12
2025-05-22 15:10:00,141.4171904,40.7426176,685,2025,Gipsy,300,25579.65186599156,12
2025-05-22 15:15:00,141.4172096,40.7425984,685,2025,Gipsy,300,25577.01016840318,12
2025-05-22 15:20:00,141.4171904,40.7425536,685,2025,Gipsy,300,25573.360224235745,12
2025-05-22 15:25:00,141.4239232,40.7444352,685,2025,Gipsy,300,25500.909591131316,12
2025-05-22 15:30:00,141.4232128,40.7277248,685,2025,Gipsy,300,23881.078048199794,12
2025-05-22 15:35:00,141.42464,40.709248,685,2025,Gipsy,300,22037.223983279637,12
2025-05-22 15:40:00,141.4246656,40.7093632,685,2025,Gipsy,300,22047.114995670472,12
2025-05-22 15:45:00,141.4247296,40.7092224,685,2025,Gipsy,300,22030.910922466686,12
2025-05-22 15:50:00,141.4247296,40.7091776,685,2025,Gipsy,300,22026.634572016323,12
2025-05-22 15:55:00,141.4245952,40.7091392,685,2025,Gipsy,300,22028.776781986173,12
2025-05-22 16:00:00,141.4347456,40.6916224,685,2025,Gipsy,300,19920.157562452507,12
2025-05-22 16:05:00,141.4395136,40.6826432,685,2025,Gipsy,300,18860.21064170723,12
2025-05-22 16:10:00,141.443584,40.6568384,685,2025,Gipsy,300,16294.79622918362,12
2025-05-22 16:15:00,141.450912,40.6315968,685,2025,Gipsy,300,13719.234723556267,12
2025-05-22 16:20:00,141.4623936,40.6053568,685,2025,Gipsy,300,10951.710981620394,12
2025-05-22 16:25:00,141.460576,40.5996992,685,2025,Gipsy,300,10655.139241566749,12
2025-05-22 16:30:00,141.4657088,40.5998144,685,2025,Gipsy,300,10332.091706129535,12
2025-05-22 16:35:00,141.4824576,40.5761664,685,2025,Gipsy,300,7609.3988715500345,12
2025-05-22 16:40:00,141.507872,40.5583424,685,2025,Gipsy,300,4748.557816381756,12
2025-05-22 16:45:00,141.5416064,40.5506368,685,2025,Gipsy,300,1902.9044231390194,12
2025-05-23 01:30:00,141.576928,40.5569856,685,2025,Gipsy,300,2616.3155306863223,13
2025-05-23 01:35:00,141.6029568,40.5819968,685,2025,Gipsy,300,6161.998598418313,13
2025-05-23 01:40:00,141.6197184,40.6052544,685,2025,Gipsy,300,9079.626342554639,13
2025-05-23 01:45:00,141.6296384,40.6206016,685,2025,Gipsy,300,10959.18927058044,13
2025-05-23 01:50:00,141.6340288,40.630048,685,2025,Gipsy,300,12040.492611875168,13
2025-05-23 01:55:00,141.6497408,40.6475584,685,2025,Gipsy,300,14394.824747434435,13
2025-05-23 02:00:00,141.6579072,40.6621504,685,2025,Gipsy,300,16133.56204685805,13
2025-05-23 02:05:00,141.66176,40.6661696,685,2025,Gipsy,300,16684.608907747228,13
2025-05-23 02:10:00,141.674368,40.667104,685,2025,Gipsy,300,17357.38832978238,13
2025-05-23 02:15:00,141.6635776,40.6705344,685,2025,Gipsy,300,17177.715614599085,13
2025-05-23 02:20:00,141.6657088,40.670016,685,2025,Gipsy,300,17223.802069270565,13
2025-05-23 02:25:00,141.6776192,40.674912,685,2025,Gipsy,300,18228.490973965374,13
2025-05-23 02:30:00,141.6852608,40.680736,685,2025,Gipsy,300,19126.446149388677,13
2025-05-23 02:35:00,141.6897536,40.688192,685,2025,Gipsy,300,20024.696487825262,13
2025-05-23 02:40:00,141.69408,40.6930432,685,2025,Gipsy,300,20675.808371673356,13
2025-05-23 02:45:00,141.7004608,40.6990784,685,2025,Gipsy,300,21533.13019772532,13
2025-05-23 02:50:00,141.7042496,40.7079552,685,2025,Gipsy,300,22530.26397141537,13
2025-05-23 02:55:00,141.6743296,40.6999296,685,2025,Gipsy,300,20456.854391675253,13
2025-05-23 03:00:00,141.63984,40.6758336,685,2025,Gipsy,300,16752.772603269957,13
2025-05-23 03:05:00,141.628032,40.66832,685,2025,Gipsy,300,15588.918476213163,13
2025-05-23 03:10:00,141.6278336,40.6675072,685,2025,Gipsy,300,15499.12287979657,13
2025-05-23 03:15:00,141.603776,40.6551424,685,2025,Gipsy,300,13518.202812947427,13
2025-05-23 03:20:00,141.5829888,40.6364352,685,2025,Gipsy,300,11074.046798711812,13
2025-05-23 03:25:00,141.5598784,40.6292352,685,2025,Gipsy,300,10065.81992442442,13
2025-05-23 03:30:00,141.5686976,40.6099968,685,2025,Gipsy,300,7983.084474150664,13
2025-05-23 03:35:00,141.5657984,40.591744,685,2025,Gipsy,300,5941.388604391425,13
2025-05-23 03:40:00,141.5618304,40.5721856,685,2025,Gipsy,300,3745.9856544756562,13
2025-05-23 03:45:00,141.5567808,40.5517824,685,2025,Gipsy,300,1464.81000203887,13
2025-05-23 22:35:00,141.5525824,40.5718848,685,2025,Gipsy,300,3719.8194045103637,14
2025-05-23 22:40:00,141.5428032,40.5932672,685,2025,Gipsy,300,6197.9044190780505,14
2025-05-23 22:45:00,141.5396608,40.6218496,685,2025,Gipsy,300,9367.822951175884,14
2025-05-23 22:50:00,141.5400576,40.6518976,685,2025,Gipsy,300,12667.930092563472,14
2025-05-23 22:55:00,141.5524096,40.6811776,685,2025,Gipsy,300,15838.13691620362,14
2025-05-23 23:00:00,141.5718144,40.7078016,685,2025,Gipsy,300,18827.017939428402,14
2025-05-23 23:05:00,141.582784,40.7120768,685,2025,Gipsy,300,19380.795536524678,14
2025-05-23 23:10:00,141.5849408,40.730624,685,2025,Gipsy,300,21448.025342534573,14
2025-05-23 23:15:00,141.5692672,40.7490304,685,2025,Gipsy,300,23387.802221279886,14
2025-05-23 23:20:00,141.5679488,40.7552128,685,2025,Gipsy,300,24069.44458834288,14
2025-05-23 23:25:00,141.5684032,40.7548672,685,2025,Gipsy,300,24032.52172593201,14
2025-05-23 23:30:00,141.5686208,40.7551424,685,2025,Gipsy,300,24063.7660674604,14
2025-05-23 23:35:00,141.5691136,40.7549696,685,2025,Gipsy,300,24046.242791199427,14
2025-05-23 23:40:00,141.5686464,40.7499648,685,2025,Gipsy,300,23489.32741229624,14
2025-05-23 23:45:00,141.5687232,40.7216576,685,2025,Gipsy,300,20349.02569521839,14
2025-05-23 23:50:00,141.5681344,40.6981056,685,2025,Gipsy,300,17734.26030386514,14
2025-05-23 23:55:00,141.5654848,40.6718208,685,2025,Gipsy,300,14808.019060309263,14
2025-05-24 00:00:00,141.5586624,40.6450688,685,2025,Gipsy,300,11822.588831671264,14
2025-05-24 00:05:00,141.5534592,40.6157056,685,2025,Gipsy,300,8568.746734936092,14
2025-05-24 00:10:00,141.5499008,40.5850112,685,2025,Gipsy,300,5194.186481711618,14
2025-05-24 00:15:00,141.5510592,40.5548224,685,2025,Gipsy,300,1884.120069779537,14
2025-05-24 15:45:00,141.5507584,40.54608,685,2025,Gipsy,300,1012.4237018299148,15
2025-05-24 15:50:00,141.5171648,40.547712,685,2025,Gipsy,300,3571.781616326542,15
2025-05-24 15:55:00,141.512128,40.5465792,685,2025,Gipsy,300,3952.8122578921566,15
2025-05-24 16:00:00,141.5141568,40.552928,685,2025,Gipsy,300,4009.2617154740574,15
2025-05-24 16:05:00,141.5020416,40.5798912,685,2025,Gipsy,300,6569.712874281084,15
2025-05-24 16:10:00,141.46976,40.6186176,685,2025,Gipsy,300,11587.0301517479,15
2025-05-24 16:15:00,141.4625344,40.6015424,685,2025,Gipsy,300,10660.750081841477,15
2025-05-24 16:20:00,141.46144,40.599712,685,2025,Gipsy,300,10599.73310878661,15
2025-05-24 16:25:00,141.4625088,40.6022336,685,2025,Gipsy,300,10712.82291521754,15
2025-05-24 16:30:00,141.4628032,40.6030016,685,2025,Gipsy,300,10750.599592217268,15
2025-05-24 16:35:00,141.462144,40.6029952,685,2025,Gipsy,300,10791.873977029649,15
2025-05-24 16:40:00,141.462304,40.6029056,685,2025,Gipsy,300,10775.137790496548,15
2025-05-24 16:45:00,141.4617216,40.6099136,685,2025,Gipsy,300,11340.804521079788,15
2025-05-24 16:50:00,141.4545984,40.6468096,685,2025,Gipsy,300,14845.953777985085,15
2025-05-24 16:55:00,141.4454528,40.6838016,685,2025,Gipsy,300,18709.464721316068,15
2025-05-24 17:00:00,141.4465984,40.700704,685,2025,Gipsy,300,20303.707809016876,15
2025-05-24 17:05:00,141.4300864,40.7244416,685,2025,Gipsy,300,23286.181241296308,15
2025-05-24 17:10:00,141.4311872,40.7151296,685,2025,Gipsy,300,22330.499052765845,15
2025-05-24 17:15:00,141.438016,40.7162368,685,2025,Gipsy,300,22168.883244507997,15
2025-05-24 17:20:00,141.4405376,40.7239232,685,2025,Gipsy,300,22838.094433382143,15
2025-05-24 17:25:00,141.4312448,40.71328,685,2025,Gipsy,300,22148.134429987593,15
2025-05-24 17:30:00,141.4377664,40.7083072,685,2025,Gipsy,300,21399.434266823846,15
2025-05-24 17:35:00,141.4356224,40.6953664,685,2025,Gipsy,300,20237.87385255881,15
2025-05-24 17:40:00,141.440032,40.6789376,685,2025,Gipsy,300,18489.01675075842,15
2025-05-24 17:45:00,141.4414016,40.6750976,685,2025,Gipsy,300,18067.865678355272,15
2025-05-24 17:50:00,141.4435712,40.6543232,685,2025,Gipsy,300,16071.361468330719,15
2025-05-24 17:55:00,141.4495104,40.6359232,685,2025,Gipsy,300,14160.600839012399,15
2025-05-24 18:00:00,141.4588736,40.6142848,685,2025,Gipsy,300,11853.52293696855,15
2025-05-24 18:05:00,141.4609472,40.5995008,685,2025,Gipsy,300,10616.882794613872,15
2025-05-24 18:10:00,141.4764672,40.584224,685,2025,Gipsy,300,8536.824597742358,15
2025-05-24 18:15:00,141.4992,40.56208,685,2025,Gipsy,300,5591.728186911168,15
2025-05-24 18:20:00,141.5266112,40.5580096,685,2025,Gipsy,300,3396.2273101372766,15
2025-05-25 05:45:00,141.5421504,40.5468096,685,2025,Gipsy,300,1594.8235969777606,16
2025-05-25 05:50:00,141.5131456,40.5806976,685,2025,Gipsy,300,6001.9751361447625,16
2025-05-25 05:55:00,141.4747776,40.6132928,685,2025,Gipsy,300,10861.239079690691,16
2025-05-25 06:00:00,141.4591232,40.6475264,685,2025,Gipsy,300,14689.720935786481,16
2025-05-25 06:05:00,141.448768,40.68496,685,2025,Gipsy,300,18680.484100763224,16
2025-05-25 06:10:00,141.43776,40.7081472,685,2025,Gipsy,300,21384.051874333294,16
2025-05-25 06:15:00,141.4243392,40.7094208,685,2025,Gipsy,300,22066.713102760867,16
2025-05-25 06:20:00,141.424416,40.7093376,685,2025,Gipsy,300,22055.45431028743,16
2025-05-25 06:25:00,141.4241984,40.7092544,685,2025,Gipsy,300,22056.93257586864,16
2025-05-25 06:30:00,141.4245376,40.7091328,685,2025,Gipsy,300,22030.656387900395,16
2025-05-25 06:35:00,141.4244608,40.709184,685,2025,Gipsy,300,22038.862376529534,16
2025-05-25 06:40:00,141.4284288,40.704512,685,2025,Gipsy,300,21421.53764940377,16
2025-05-25 06:45:00,141.4258496,40.704768,685,2025,Gipsy,300,21558.024071085758,16
2025-05-25 06:50:00,141.4260224,40.7047936,685,2025,Gipsy,300,21552.89962479715,16
2025-05-25 06:55:00,141.4262848,40.7045888,685,2025,Gipsy,300,21521.967025394708,16
2025-05-25 07:00:00,141.4263424,40.7044672,685,2025,Gipsy,300,21507.891553865396,16
2025-05-25 07:05:00,141.4260928,40.7046592,685,2025,Gipsy,300,21537.04907920537,16
2025-05-25 07:10:00,141.425504,40.7048768,685,2025,Gipsy,300,21583.490847429155,16
2025-05-25 07:15:00,141.4279552,40.69408,685,2025,Gipsy,300,20455.6992345383,16
2025-05-25 07:20:00,141.4389184,40.6851648,685,2025,Gipsy,300,19124.568965293427,16
2025-05-25 07:25:00,141.439296,40.6847744,685,2025,Gipsy,300,19070.9095593883,16
2025-05-25 07:30:00,141.4384,40.6854144,685,2025,Gipsy,300,19171.199951026047,16
2025-05-25 07:35:00,141.4378432,40.6857792,685,2025,Gipsy,300,19230.43728560067,16
2025-05-25 07:40:00,141.4370112,40.6864384,685,2025,Gipsy,300,19329.741023610943,16
2025-05-25 07:45:00,141.4394816,40.6846528,685,2025,Gipsy,300,19051.17662230106,16
2025-05-25 07:50:00,141.441024,40.6833984,685,2025,Gipsy,300,18864.1916713497,16
2025-05-25 07:55:00,141.4387968,40.6851008,685,2025,Gipsy,300,19123.931983060764,16
2025-05-25 08:00:00,141.439232,40.6847168,685,2025,Gipsy,300,19068.312872774226,16
2025-05-25 08:05:00,141.4386688,40.6851968,685,2025,Gipsy,300,19138.691837279443,16
2025-05-25 08:10:00,141.438816,40.6851008,685,2025,Gipsy,300,19123.07779559989,16
2025-05-25 08:15:00,141.4386368,40.685184,685,2025,Gipsy,300,19138.90777009956,16
2025-05-25 08:20:00,141.4387904,40.6849024,685,2025,Gipsy,300,19105.487020971945,16
2025-05-25 08:25:00,141.446784,40.6831616,685,2025,Gipsy,300,18591.19171232278,16
2025-05-25 08:30:00,141.446784,40.6831552,685,2025,Gipsy,300,18590.57829083294,16
2025-05-25 08:35:00,141.4398656,40.698624,685,2025,Gipsy,300,20371.756921094453,16
2025-05-25 08:40:00,141.4252992,40.719552,685,2025,Gipsy,300,23000.920240988275,16
2025-05-25 08:45:00,141.4282816,40.72832,685,2025,Gipsy,300,23738.542978469974,16
2025-05-25 08:50:00,141.42464,40.720672,685,2025,Gipsy,300,23136.671650809083,16
2025-05-25 08:55:00,141.433504,40.7068096,685,2025,Gipsy,300,21427.5926675724,16
2025-05-25 09:00:00,141.435488,40.6844288,685,2025,Gipsy,300,19209.698096492968,16
2025-05-25 09:05:00,141.4374912,40.6734528,685,2025,Gipsy,300,18098.77859938526,16
2025-05-25 09:10:00,141.4411712,40.659008,685,2025,Gipsy,300,16609.801224804392,16
2025-05-25 09:15:00,141.4502336,40.6327616,685,2025,Gipsy,300,13854.417242173362,16
2025-05-25 09:20:00,141.4619712,40.6075008,685,2025,Gipsy,300,11140.111428305992,16
2025-05-25 09:25:00,141.46272,40.6019904,685,2025,Gipsy,300,10681.582393819146,16
2025-05-25 09:30:00,141.4604224,40.5998656,685,2025,Gipsy,300,10676.927837736665,16
2025-05-25 09:35:00,141.461312,40.599168,685,2025,Gipsy,300,10569.548758526991,16
2025-05-25 09:40:00,141.460544,40.5996032,685,2025,Gipsy,300,10650.450488403654,16
2025-05-25 09:45:00,141.4610432,40.5996352,685,2025,Gipsy,300,10620.128158654303,16
2025-05-25 09:50:00,141.4738752,40.5854784,685,2025,Gipsy,300,8796.139751916658,16
2025-05-25 09:55:00,141.4918592,40.5670656,685,2025,Gipsy,300,6402.855534242564,16
2025-05-25 10:00:00,141.5207232,40.5555776,685,2025,Gipsy,300,3648.4667244463753,16
2025-05-25 10:05:00,141.5402496,40.5522624,685,2025,Gipsy,300,2112.0147694954676,16
2025-05-25 12:05:00,141.5359872,40.5621312,685,2025,Gipsy,300,3190.0988425209684,17
2025-05-25 12:10:00,141.4993856,40.5842624,685,2025,Gipsy,300,7072.02045752531,17
2025-05-25 12:15:00,141.472,40.6084544,685,2025,Gipsy,300,10616.067376070221,17
2025-05-25 12:20:00,141.4527168,40.6392256,685,2025,Gipsy,300,14271.825661987281,17
2025-05-25 12:25:00,141.4469312,40.659500800000004,685,2025,Gipsy,300,16370.070607610638,17
2025-05-25 12:30:00,141.4408384,40.6818752,685,2025,Gipsy,300,18728.5713980899,17
2025-05-25 12:35:00,141.4343744,40.7042368,685,2025,Gipsy,300,21142.68852928328,17
2025-05-25 12:40:00,141.4322048,40.7190976,685,2025,Gipsy,300,22677.731511409493,17
2025-05-25 12:45:00,141.4212032,40.7287424,685,2025,Gipsy,300,24061.541035570564,17
2025-05-25 12:50:00,141.4242368,40.7094464,685,2025,Gipsy,300,22073.583725604367,17
2025-05-25 12:55:00,141.424416,40.709344,685,2025,Gipsy,300,22056.064972553628,17
2025-05-25 13:00:00,141.4244544,40.7091776,685,2025,Gipsy,300,22038.528622760055,17
2025-05-25 13:05:00,141.4244544,40.7091648,685,2025,Gipsy,300,22037.30752393618,17
2025-05-25 13:10:00,141.4243264,40.709088,685,2025,Gipsy,300,22035.52190173072,17
2025-05-25 13:15:00,141.424384,40.7090368,685,2025,Gipsy,300,22028.145305448135,17
2025-05-25 13:20:00,141.4243584,40.7092032,685,2025,Gipsy,300,22045.123795184627,17
2025-05-25 13:25:00,141.4243264,40.7090304,685,2025,Gipsy,300,22030.029290093873,17
2025-05-25 13:30:00,141.4335744,40.7071936,685,2025,Gipsy,300,21461.846214889192,17
2025-05-25 13:35:00,141.4431808,40.6948672,685,2025,Gipsy,300,19870.847456887965,17
2025-05-25 13:40:00,141.4517376,40.6782848,685,2025,Gipsy,300,17912.499454488454,17
2025-05-25 13:45:00,141.449888,40.6541312,685,2025,Gipsy,300,15738.653062083473,17
2025-05-25 13:50:00,141.4587968,40.6348992,685,2025,Gipsy,300,13576.0356280117,17
2025-05-25 13:55:00,141.4687168,40.6153664,685,2025,Gipsy,300,11370.949652370336,17
2025-05-25 14:00:00,141.484384,40.5991296,685,2025,Gipsy,300,9144.026402650505,17
2025-05-25 14:05:00,141.4983104,40.5782016,685,2025,Gipsy,300,6674.620609819944,17
2025-05-25 14:10:00,141.5188928,40.5618944,685,2025,Gipsy,300,4176.007710630701,17
2025-05-25 14:15:00,141.5430208,40.5501184,685,2025,Gipsy,300,1777.6925951236562,17
2025-05-25 16:20:00,141.5130304,40.5433152,685,2025,Gipsy,300,3812.0639399971983,18
2025-05-25 16:25:00,141.5095744,40.5428672,685,2025,Gipsy,300,4096.24138336133,18
2025-05-25 16:30:00,141.5098944,40.5432256,685,2025,Gipsy,300,4074.1234748484276,18
2025-05-25 16:35:00,141.5014464,40.5549888,685,2025,Gipsy,300,5092.962478818261,18
2025-05-25 16:40:00,141.50032,40.5550592,685,2025,Gipsy,300,5184.9429238536595,18
2025-05-25 16:45:00,141.5001664,40.5550592,685,2025,Gipsy,300,5197.121675071383,18
2025-05-25 16:50:00,141.4953728,40.5607488,685,2025,Gipsy,300,5816.503185488428,18
2025-05-25 16:55:00,141.4821824,40.5771392,685,2025,Gipsy,300,7688.4578886483505,18
2025-05-25 17:00:00,141.4766912,40.5860416,685,2025,Gipsy,300,8642.994934291277,18
2025-05-25 17:05:00,141.4773312,40.6019008,685,2025,Gipsy,300,9777.791662845793,18
2025-05-25 17:10:00,141.469632,40.62272,685,2025,Gipsy,300,11946.544576603563,18
2025-05-25 17:15:00,141.4543488,40.6355328,685,2025,Gipsy,300,13865.755138995284,18
2025-05-25 17:20:00,141.456256,40.619296,685,2025,Gipsy,300,12406.364157675702,18
2025-05-25 17:25:00,141.4622784,40.6022016,685,2025,Gipsy,300,10725.15705029155,18
2025-05-25 17:30:00,141.4559168,40.5976512,685,2025,Gipsy,300,10823.091949584159,18
2025-05-25 17:35:00,141.4503104,40.5936832,685,2025,Gipsy,300,10952.712755239616,18
2025-05-25 17:40:00,141.45056,40.5937664,685,2025,Gipsy,300,10940.349773807638,18
2025-05-25 17:45:00,141.4505088,40.5937216,685,2025,Gipsy,300,10941.16147045749,18
2025-05-25 17:50:00,141.4504512,40.5937344,685,2025,Gipsy,300,10945.999232889782,18
2025-05-25 17:55:00,141.4667136,40.5889344,685,2025,Gipsy,300,9512.13153540318,18
2025-05-25 18:00:00,141.4818368,40.5756352,685,2025,Gipsy,300,7621.465509995013,18
2025-05-25 18:05:00,141.4961728,40.5639744,685,2025,Gipsy,300,5916.954240613683,18
2025-05-25 18:10:00,141.523968,40.5567488,685,2025,Gipsy,300,3489.481099654437,18
2025-05-25 18:15:00,141.5481088,40.5479872,685,2025,Gipsy,300,1316.0756718099447,18
2025-05-26 09:50:00,141.5694784,40.5642304,685,2025,Gipsy,300,3018.0030792007146,19
2025-05-26 09:55:00,141.5761024,40.5838592,685,2025,Gipsy,300,5263.708491148855,19
2025-05-26 10:00:00,141.5833856,40.606592,685,2025,Gipsy,300,7858.8539970299,19
2025-05-26 10:05:00,141.579648,40.6231104,685,2025,Gipsy,300,9567.65646290598,19
2025-05-26 10:10:00,141.5775104,40.640768,685,2025,Gipsy,300,11469.146348198594,19
2025-05-26 10:15:00,141.5776,40.6561664,685,2025,Gipsy,300,13163.880646604051,19
2025-05-26 10:20:00,141.570496,40.6689856,685,2025,Gipsy,300,14519.208572483189,19
2025-05-26 10:25:00,141.5589184,40.6713856,685,2025,Gipsy,300,14745.07876679191,19
2025-05-26 10:30:00,141.5548352,40.6677504,685,2025,Gipsy,300,14342.891906483395,19
2025-05-26 10:35:00,141.5442368,40.6471424,685,2025,Gipsy,300,12105.509418214278,19
2025-05-26 10:40:00,141.5381696,40.6237824,685,2025,Gipsy,300,9600.502622574559,19
2025-05-26 10:45:00,141.5317888,40.5995584,685,2025,Gipsy,300,7112.71448196051,19
2025-05-26 10:50:00,141.5369152,40.5715072,685,2025,Gipsy,300,4051.9619266329596,19
2025-05-26 10:55:00,141.5444544,40.5492288,685,2025,Gipsy,300,1622.3773940989133,19
2024-05-10 04:30:00,141.55453,40.55221,ATK_29B_S1,2024,Axy,300,1532.9021609117547,1
2024-05-10 04:35:00,141.56232000000003,40.58455,ATK_29B_S1,2024,Axy,300,5117.4652146098715,1
2024-05-10 04:40:00,141.5666,40.61487999999999,ATK_29B_S1,2024,Axy,300,8504.068196348986,1
2024-05-10 04:45:00,141.56524000000002,40.64568,ATK_29B_S1,2024,Axy,300,11907.682478233168,1
2024-05-10 04:50:00,141.56213000000002,40.67557000000001,ATK_29B_S1,2024,Axy,300,15214.150822226142,1
2024-05-10 04:55:00,141.55167,40.70131000000001,ATK_29B_S1,2024,Axy,300,18074.672425785633,1
2024-05-10 05:00:00,141.55332,40.73734,ATK_29B_S1,2024,Axy,300,22071.7499005575,1
2024-05-10 05:05:00,141.55873000000003,40.77348,ATK_29B_S1,2024,Axy,300,26082.26739869981,1
2024-05-10 05:10:00,141.55641000000003,40.797760000000004,ATK_29B_S1,2024,Axy,300,28778.558433893922,1
2024-05-10 05:15:00,141.55145000000002,40.82734,ATK_29B_S1,2024,Axy,300,32067.468113125637,1
2024-05-10 05:20:00,141.54167999999999,40.874039999999994,ATK_29B_S1,2024,Axy,300,37273.628805526896,1
2024-05-10 05:25:00,141.54058999999998,40.87542,ATK_29B_S1,2024,Axy,300,37430.20474821019,1
2024-05-10 05:30:00,141.51207,40.877919999999996,ATK_29B_S1,2024,Axy,300,37876.1614585359,1
2024-05-10 05:35:00,141.49140000000003,40.85827999999999,ATK_29B_S1,2024,Axy,300,35937.41650831626,1
2024-05-10 05:40:00,141.49491,40.859159999999996,ATK_29B_S1,2024,Axy,300,35989.076918144194,1
2024-05-10 05:45:00,141.494,40.85979,ATK_29B_S1,2024,Axy,300,36069.65626612424,1
2024-05-10 05:50:00,141.48510000000002,40.86774,ATK_29B_S1,2024,Axy,300,37059.751476240206,1
2024-05-10 05:55:00,141.48337,40.87179,ATK_29B_S1,2024,Axy,300,37527.5256519802,1
2024-05-10 06:00:00,141.48433000000003,40.87225,ATK_29B_S1,2024,Axy,300,37564.429399720124,1
2024-05-10 06:05:00,141.4849,40.8726,ATK_29B_S1,2024,Axy,300,37594.86134507006,1
2024-05-10 06:10:00,141.49725,40.88625,ATK_29B_S1,2024,Axy,300,38940.65952478235,1
2024-05-10 06:15:00,141.53096,40.90585,ATK_29B_S1,2024,Axy,300,40843.964614862925,1
2024-05-10 06:20:00,141.53882000000002,40.90779,ATK_29B_S1,2024,Axy,300,41028.03112708262,1
2024-05-10 06:25:00,141.5408,40.91111,ATK_29B_S1,2024,Axy,300,41390.37456135138,1
2024-05-10 06:30:00,141.54004,40.912110000000006,ATK_29B_S1,2024,Axy,300,41503.60707806897,1
2024-05-10 06:35:00,141.57423,40.92221000000001,ATK_29B_S1,2024,Axy,300,42621.85374294557,1
2024-05-10 06:40:00,141.59701,40.92593000000001,ATK_29B_S1,2024,Axy,300,43140.444007906524,1
2024-05-10 06:45:00,141.59633000000002,40.92674,ATK_29B_S1,2024,Axy,300,43225.74205075288,1
2024-05-10 06:50:00,141.59615,40.929300000000005,ATK_29B_S1,2024,Axy,300,43508.081149515005,1
2024-05-10 06:55:00,141.5954,40.93039,ATK_29B_S1,2024,Axy,300,43624.10545084187,1
2024-05-10 07:00:00,141.62149000000002,40.92569,ATK_29B_S1,2024,Axy,300,43322.62699500099,1
2024-05-10 07:05:00,141.62305999999998,40.92555000000001,ATK_29B_S1,2024,Axy,300,43323.9286511516,1
2024-05-10 07:10:00,141.62159,40.926190000000005,ATK_29B_S1,2024,Axy,300,43378.77052302843,1
2024-05-10 07:15:00,141.62072,40.92694,ATK_29B_S1,2024,Axy,300,43452.329362375574,1
2024-05-10 07:20:00,141.63707,40.928700000000006,ATK_29B_S1,2024,Axy,300,43836.452434155704,1
2024-05-10 07:25:00,141.66229,40.930279999999996,ATK_29B_S1,2024,Axy,300,44384.745717541235,1
2024-05-10 07:30:00,141.68534000000002,40.93698,ATK_29B_S1,2024,Axy,300,45535.69583255944,1
2024-05-10 07:35:00,141.70177999999999,40.94882,ATK_29B_S1,2024,Axy,300,47153.28782393533,1
2024-05-10 07:40:00,141.70009,40.950289999999995,ATK_29B_S1,2024,Axy,300,47274.4460174578,1
2024-05-10 07:45:00,141.69922,40.951049999999995,ATK_29B_S1,2024,Axy,300,47337.4340603431,1
2024-05-10 07:50:00,141.6982,40.95187999999999,ATK_29B_S1,2024,Axy,300,47404.951819049944,1
2024-05-10 07:55:00,141.69705,40.952679999999994,ATK_29B_S1,2024,Axy,300,47466.757451999074,1
2024-05-10 08:00:00,141.68343000000002,40.95417,ATK_29B_S1,2024,Axy,300,47355.71205961545,1
2024-05-10 08:05:00,141.67498999999998,40.948730000000005,ATK_29B_S1,2024,Axy,300,46610.4724503065,1
2024-05-10 08:10:00,141.67359999999996,40.95005,ATK_29B_S1,2024,Axy,300,46728.9432437581,1
2024-05-10 08:15:00,141.6726,40.951249999999995,ATK_29B_S1,2024,Axy,300,46841.6500236487,1
2024-05-10 08:20:00,141.67157999999998,40.952130000000004,ATK_29B_S1,2024,Axy,300,46919.49392832585,1
2024-05-10 08:25:00,141.66494,40.95021,ATK_29B_S1,2024,Axy,300,46598.515506470234,1
2024-05-10 08:30:00,141.64139,40.946259999999995,ATK_29B_S1,2024,Axy,300,45819.31668203423,1
2024-05-10 08:35:00,141.62848000000002,40.93709,ATK_29B_S1,2024,Axy,300,44654.3059023671,1
2024-05-10 08:40:00,141.62681,40.93747,ATK_29B_S1,2024,Axy,300,44677.447694407194,1
2024-05-10 08:45:00,141.62673,40.93698,ATK_29B_S1,2024,Axy,300,44622.61834647633,1
2024-05-10 08:50:00,141.6258,40.93721,ATK_29B_S1,2024,Axy,300,44637.734460765154,1
2024-05-10 08:55:00,141.62226,40.937279999999994,ATK_29B_S1,2024,Axy,300,44607.84804209018,1
2024-05-10 09:00:00,141.62121000000002,40.93778,ATK_29B_S1,2024,Axy,300,44652.19649403442,1
2024-05-10 09:05:00,141.6201,40.93824,ATK_29B_S1,2024,Axy,300,44691.73640259728,1
2024-05-10 09:10:00,141.61929999999998,40.93871000000001,ATK_29B_S1,2024,Axy,300,44735.64206437209,1
2024-05-10 09:15:00,141.61845,40.939150000000005,ATK_29B_S1,2024,Axy,300,44775.87324799783,1
2024-05-10 09:20:00,141.61802,40.93967,ATK_29B_S1,2024,Axy,300,44829.08814158473,1
2024-05-10 09:25:00,141.61954999999995,40.934259999999995,ATK_29B_S1,2024,Axy,300,44247.372457667385,1
2024-05-10 09:30:00,141.61762,40.913019999999996,ATK_29B_S1,2024,Axy,300,41886.15289907301,1
2024-05-10 09:35:00,141.60058999999998,40.90185999999999,ATK_29B_S1,2024,Axy,300,40501.96388070932,1
2024-05-10 09:40:00,141.59578,40.89941,ATK_29B_S1,2024,Axy,300,40196.34434703239,1
2024-05-10 09:45:00,141.58123000000003,40.89401,ATK_29B_S1,2024,Axy,300,39517.49139141412,1
2024-05-10 09:50:00,141.5605,40.889489999999995,ATK_29B_S1,2024,Axy,300,38965.84828313302,1
2024-05-10 09:55:00,141.53831000000002,40.88313,ATK_29B_S1,2024,Axy,300,38293.51002596697,1
2024-05-10 10:00:00,141.53214000000003,40.87564,ATK_29B_S1,2024,Axy,300,37488.819457205165,1
2024-05-10 10:05:00,141.53140000000002,40.87523,ATK_29B_S1,2024,Axy,300,37447.009663414225,1
2024-05-10 10:10:00,141.53131000000002,40.87465999999999,ATK_29B_S1,2024,Axy,300,37384.273096302466,1
2024-05-10 10:15:00,141.53137,40.87401,ATK_29B_S1,2024,Axy,300,37311.91653303945,1
2024-05-10 10:20:00,141.53202000000002,40.87345,ATK_29B_S1,2024,Axy,300,37246.609567420295,1
2024-05-10 10:25:00,141.53262,40.8728,ATK_29B_S1,2024,Axy,300,37171.634282479,1
2024-05-10 10:30:00,141.5327,40.87221,ATK_29B_S1,2024,Axy,300,37105.836362602335,1
2024-05-10 10:35:00,141.53306999999998,40.87112,ATK_29B_S1,2024,Axy,300,36983.220700893886,1
2024-05-10 10:40:00,141.51948,40.864459999999994,ATK_29B_S1,2024,Axy,300,36328.61353389983,1
2024-05-10 10:45:00,141.51064999999997,40.857499999999995,ATK_29B_S1,2024,Axy,300,35634.19878737883,1
2024-05-10 10:50:00,141.50887,40.855419999999995,ATK_29B_S1,2024,Axy,300,35421.843871841724,1
2024-05-10 10:55:00,141.50952999999998,40.854899999999994,ATK_29B_S1,2024,Axy,300,35358.03795242561,1
2024-05-10 11:00:00,141.51034,40.853829999999995,ATK_29B_S1,2024,Axy,300,35232.17896872984,1
2024-05-10 11:05:00,141.51083,40.85335,ATK_29B_S1,2024,Axy,300,35174.54163427089,1
2024-05-10 11:10:00,141.51162,40.852689999999996,ATK_29B_S1,2024,Axy,300,35094.25814356978,1
2024-05-10 11:15:00,141.51274999999998,40.852289999999996,ATK_29B_S1,2024,Axy,300,35039.65068075216,1
2024-05-10 11:20:00,141.50377999999998,40.857499999999995,ATK_29B_S1,2024,Axy,300,35703.52379625376,1
2024-05-10 11:25:00,141.50469999999999,40.85632,ATK_29B_S1,2024,Axy,300,35563.700779072606,1
2024-05-10 11:30:00,141.50594,40.85535,ATK_29B_S1,2024,Axy,300,35443.77877779832,1
2024-05-10 11:35:00,141.50854,40.85453999999999,ATK_29B_S1,2024,Axy,300,35328.049845412585,1
2024-05-10 11:40:00,141.51019,40.85377,ATK_29B_S1,2024,Axy,300,35226.99905440377,1
2024-05-10 11:45:00,141.51136,40.853089999999995,ATK_29B_S1,2024,Axy,300,35140.84176937896,1
2024-05-10 11:50:00,141.51256999999998,40.852669999999996,ATK_29B_S1,2024,Axy,300,35083.24879692089,1
2024-05-10 11:55:00,141.51322,40.85191,ATK_29B_S1,2024,Axy,300,34993.419642802466,1
2024-05-10 12:00:00,141.51316999999997,40.850699999999996,ATK_29B_S1,2024,Axy,300,34860.283891206156,1
2024-05-10 12:05:00,141.51416999999998,40.84992,ATK_29B_S1,2024,Axy,300,34765.14502440865,1
2024-05-10 12:10:00,141.51467999999997,40.84865,ATK_29B_S1,2024,Axy,300,34620.36181608036,1
2024-05-10 12:15:00,141.51542,40.847469999999994,ATK_29B_S1,2024,Axy,300,34483.52595131973,1
2024-05-10 12:20:00,141.51663,40.846399999999996,ATK_29B_S1,2024,Axy,300,34354.88274022357,1
2024-05-10 12:25:00,141.51718,40.844969999999996,ATK_29B_S1,2024,Axy,300,34192.21950062548,1
2024-05-10 12:30:00,141.5183,40.84343,ATK_29B_S1,2024,Axy,300,34012.688163073435,1
2024-05-10 12:35:00,141.51897,40.84186999999999,ATK_29B_S1,2024,Axy,300,33834.772285704865,1
2024-05-10 12:40:00,141.51933,40.84067999999999,ATK_29B_S1,2024,Axy,300,33700.309116819546,1
2024-05-10 12:45:00,141.52011000000002,40.839879999999994,ATK_29B_S1,2024,Axy,300,33605.59972830282,1
2024-05-10 12:50:00,141.52052,40.83805,ATK_29B_S1,2024,Axy,300,33400.021680258316,1
2024-05-10 12:55:00,141.52079,40.83622,ATK_29B_S1,2024,Axy,300,33195.55799489941,1
2024-05-10 13:00:00,141.52132000000003,40.834669999999996,ATK_29B_S1,2024,Axy,300,33020.00310282886,1
2024-05-10 13:05:00,141.52199000000002,40.833459999999995,ATK_29B_S1,2024,Axy,300,32880.983770069695,1
2024-05-10 13:10:00,141.52248000000003,40.83246,ATK_29B_S1,2024,Axy,300,32766.623892628195,1
2024-05-10 13:15:00,141.52302,40.831089999999996,ATK_29B_S1,2024,Axy,300,32610.992133950775,1
2024-05-10 13:20:00,141.52339,40.8295,ATK_29B_S1,2024,Axy,300,32432.335326180884,1
2024-05-10 13:25:00,141.52362,40.82855000000001,ATK_29B_S1,2024,Axy,300,32325.52704994313,1
2024-05-10 13:30:00,141.52375999999998,40.82739,ATK_29B_S1,2024,Axy,300,32196.16851043683,1
2024-05-10 13:35:00,141.52183000000002,40.825990000000004,ATK_29B_S1,2024,Axy,300,32056.29889429447,1
2024-05-10 13:40:00,141.52182000000002,40.825770000000006,ATK_29B_S1,2024,Axy,300,32032.057113042436,1
2024-05-10 13:45:00,141.52178,40.825,ATK_29B_S1,2024,Axy,300,31947.253403938146,1
2024-05-10 13:50:00,141.52144000000004,40.82458,ATK_29B_S1,2024,Axy,300,31903.564916401385,1
2024-05-10 13:55:00,141.52177,40.822950000000006,ATK_29B_S1,2024,Axy,300,31720.7175251515,1
2024-05-10 14:00:00,141.52224000000004,40.82134,ATK_29B_S1,2024,Axy,300,31538.960328122266,1
2024-05-10 14:05:00,141.52218000000002,40.82002,ATK_29B_S1,2024,Axy,300,31393.523160486748,1
2024-05-10 14:10:00,141.51859,40.816449999999996,ATK_29B_S1,2024,Axy,300,31029.704727888282,1
2024-05-10 14:15:00,141.51845,40.81572,ATK_29B_S1,2024,Axy,300,30950.36401575034,1
2024-05-10 14:20:00,141.51821,40.81439999999999,ATK_29B_S1,2024,Axy,300,30806.81286144033,1
2024-05-10 14:25:00,141.51816,40.81377,ATK_29B_S1,2024,Axy,300,30737.722165294745,1
2024-05-10 14:30:00,141.51784,40.81274,ATK_29B_S1,2024,Axy,300,30626.97869452559,1
2024-05-10 14:35:00,141.51784999999998,40.81183999999999,ATK_29B_S1,2024,Axy,300,30527.54874151882,1
2024-05-10 14:40:00,141.51798,40.81073,ATK_29B_S1,2024,Axy,300,30403.825405343807,1
2024-05-10 14:45:00,141.51804,40.80975,ATK_29B_S1,2024,Axy,300,30295.10337297875,1
2024-05-10 14:50:00,141.51426999999998,40.807689999999994,ATK_29B_S1,2024,Axy,300,30104.882502615194,1
2024-05-10 14:55:00,141.51032,40.80493,ATK_29B_S1,2024,Axy,300,29843.596285390304,1
2024-05-10 15:00:00,141.51044000000002,40.80374,ATK_29B_S1,2024,Axy,300,29711.284310423023,1
2024-05-10 15:05:00,141.51081,40.80259,ATK_29B_S1,2024,Axy,300,29580.541156293868,1
2024-05-10 15:10:00,141.51081,40.801559999999995,ATK_29B_S1,2024,Axy,300,29467.195384135543,1
2024-05-10 15:15:00,141.51127,40.80057,ATK_29B_S1,2024,Axy,300,29353.042553849078,1
2024-05-10 15:20:00,141.51126,40.799620000000004,ATK_29B_S1,2024,Axy,300,29248.609246842643,1
2024-05-10 15:25:00,141.51164,40.79875000000001,ATK_29B_S1,2024,Axy,300,29148.57157041606,1
2024-05-10 15:30:00,141.51209,40.79782,ATK_29B_S1,2024,Axy,300,29041.157380216213,1
2024-05-10 15:35:00,141.5116,40.79749,ATK_29B_S1,2024,Axy,300,29010.362071713218,1
2024-05-10 15:40:00,141.51196,40.79654000000001,ATK_29B_S1,2024,Axy,300,28901.74381761892,1
2024-05-10 15:45:00,141.51184999999998,40.79517000000001,ATK_29B_S1,2024,Axy,300,28752.230462871918,1
2024-05-10 15:50:00,141.5118,40.79404,ATK_29B_S1,2024,Axy,300,28628.46625386318,1
2024-05-10 15:55:00,141.5129,40.79299000000001,ATK_29B_S1,2024,Axy,300,28500.458727864563,1
2024-05-10 16:00:00,141.51284,40.791990000000006,ATK_29B_S1,2024,Axy,300,28391.07344693796,1
2024-05-10 16:05:00,141.51291,40.79110000000001,ATK_29B_S1,2024,Axy,300,28292.33652081093,1
2024-05-10 16:10:00,141.51299999999998,40.790420000000005,ATK_29B_S1,2024,Axy,300,28216.48544871583,1
2024-05-10 16:15:00,141.51355999999996,40.78966,ATK_29B_S1,2024,Axy,300,28126.54065698259,1
2024-05-10 16:20:00,141.51404999999997,40.788900000000005,ATK_29B_S1,2024,Axy,300,28037.418142533144,1
2024-05-10 16:25:00,141.51470999999998,40.787879999999994,ATK_29B_S1,2024,Axy,300,27917.83064772657,1
2024-05-10 16:30:00,141.51521,40.78689,ATK_29B_S1,2024,Axy,300,27803.34714222014,1
2024-05-10 16:35:00,141.51871,40.79008,ATK_29B_S1,2024,Axy,300,28118.514552909775,1
2024-05-10 16:40:00,141.51914,40.78925,ATK_29B_S1,2024,Axy,300,28022.736741914723,1
2024-05-10 16:45:00,141.52096,40.798260000000006,ATK_29B_S1,2024,Axy,300,28999.896973684172,1
2024-05-10 16:50:00,141.53252,40.80281,ATK_29B_S1,2024,Axy,300,29415.73851561114,1
2024-05-10 16:55:00,141.53259,40.801809999999996,ATK_29B_S1,2024,Axy,300,29304.551925567044,1
2024-05-10 17:00:00,141.53307999999998,40.80087999999999,ATK_29B_S1,2024,Axy,300,29198.575245407686,1
2024-05-10 17:05:00,141.53336,40.799670000000006,ATK_29B_S1,2024,Axy,300,29062.86738813658,1
2024-05-10 17:10:00,141.55043000000003,40.81285999999999,ATK_29B_S1,2024,Axy,300,30461.276418008627,1
2024-05-10 17:15:00,141.55773000000002,40.815889999999996,ATK_29B_S1,2024,Axy,300,30791.72316721297,1
2024-05-10 17:20:00,141.55864000000003,40.81455999999999,ATK_29B_S1,2024,Axy,300,30644.149740980378,1
2024-05-10 17:25:00,141.5594,40.81352,ATK_29B_S1,2024,Axy,300,30528.910019384217,1
2024-05-10 17:30:00,141.56062,40.812689999999996,ATK_29B_S1,2024,Axy,300,30437.429028402963,1
2024-05-10 17:35:00,141.56091,40.810869999999994,ATK_29B_S1,2024,Axy,300,30235.541492269214,1
2024-05-10 17:40:00,141.56138,40.81052,ATK_29B_S1,2024,Axy,300,30197.069644602652,1
2024-05-10 17:45:00,141.56186,40.809689999999996,ATK_29B_S1,2024,Axy,300,30105.360959630376,1
2024-05-10 17:50:00,141.56241000000003,40.80914,ATK_29B_S1,2024,Axy,300,30044.88077001403,1
2024-05-10 17:55:00,141.56324,40.80857,ATK_29B_S1,2024,Axy,300,29982.6213488978,1
2024-05-10 18:00:00,141.56384999999997,40.80819,ATK_29B_S1,2024,Axy,300,29941.293010656766,1
2024-05-10 18:05:00,141.56477999999998,40.80795,ATK_29B_S1,2024,Axy,300,29916.13672515094,1
2024-05-10 18:10:00,141.56871,40.81482999999999,ATK_29B_S1,2024,Axy,300,30688.377907471597,1
2024-05-10 18:15:00,141.58313,40.820910000000005,ATK_29B_S1,2024,Axy,300,31423.386626885414,1
2024-05-10 18:20:00,141.58280000000002,40.820570000000004,ATK_29B_S1,2024,Axy,300,31383.81315618046,1
2024-05-10 18:25:00,141.58366999999998,40.8199,ATK_29B_S1,2024,Axy,300,31314.67219315889,1
2024-05-10 18:30:00,141.58427,40.81913,ATK_29B_S1,2024,Axy,300,31232.997329886704,1
2024-05-10 18:35:00,141.58564,40.81854,ATK_29B_S1,2024,Axy,300,31176.241543474214,1
2024-05-10 18:40:00,141.58579,40.817719999999994,ATK_29B_S1,2024,Axy,300,31086.415222674594,1
2024-05-10 18:45:00,141.58642000000003,40.81723999999999,ATK_29B_S1,2024,Axy,300,31037.404186417167,1
2024-05-10 18:50:00,141.58739000000003,40.81675,ATK_29B_S1,2024,Axy,300,30989.714650536684,1
2024-05-10 18:55:00,141.59512,40.82112,ATK_29B_S1,2024,Axy,300,31532.434062177974,1
2024-05-10 19:00:00,141.59476999999998,40.82046,ATK_29B_S1,2024,Axy,300,31456.545526648515,1
2024-05-10 19:05:00,141.5947,40.81993,ATK_29B_S1,2024,Axy,300,31397.39327708604,1
2024-05-10 19:10:00,141.59463,40.819359999999996,ATK_29B_S1,2024,Axy,300,31333.82132436088,1
2024-05-10 19:15:00,141.59526,40.821859999999994,ATK_29B_S1,2024,Axy,300,31615.38354865303,1
2024-05-10 19:20:00,141.59529,40.82181,ATK_29B_S1,2024,Axy,300,31610.114901954013,1
2024-05-10 19:25:00,141.59471,40.82175,ATK_29B_S1,2024,Axy,300,31598.580385397316,1
2024-05-10 19:30:00,141.60665999999998,40.83582,ATK_29B_S1,2024,Axy,300,33264.4499372232,1
2024-05-10 19:35:00,141.62052,40.85213,ATK_29B_S1,2024,Axy,300,35219.97578479679,1
2024-05-10 19:40:00,141.62048000000001,40.85317,ATK_29B_S1,2024,Axy,300,35333.63423230767,1
2024-05-10 19:45:00,141.63302,40.87063,ATK_29B_S1,2024,Axy,300,37417.444579338015,1
2024-05-10 19:50:00,141.64408999999998,40.89065,ATK_29B_S1,2024,Axy,300,39771.06505602103,1
2024-05-10 19:55:00,141.64353999999997,40.891799999999996,ATK_29B_S1,2024,Axy,300,39888.10935853941,1
2024-05-10 20:00:00,141.64267999999998,40.8992,ATK_29B_S1,2024,Axy,300,40683.46354117503,1
2024-05-10 20:05:00,141.64206,40.90009,ATK_29B_S1,2024,Axy,300,40771.53921330225,1
2024-05-10 20:10:00,141.64114999999998,40.90125,ATK_29B_S1,2024,Axy,300,40885.0219717956,1
2024-05-10 20:15:00,141.63815,40.90459,ATK_29B_S1,2024,Axy,300,41207.76967059546,1
2024-05-10 20:20:00,141.63623,40.90623,ATK_29B_S1,2024,Axy,300,41361.028846252935,1
2024-05-10 20:25:00,141.63409,40.90995,ATK_29B_S1,2024,Axy,300,41740.43150321982,1
2024-05-10 20:30:00,141.63849000000002,40.91917,ATK_29B_S1,2024,Axy,300,42809.970963325075,1
2024-05-10 20:35:00,141.63542,40.919459999999994,ATK_29B_S1,2024,Axy,300,42801.16131797082,1
2024-05-10 20:40:00,141.63131,40.921310000000005,ATK_29B_S1,2024,Axy,300,42952.46441727346,1
2024-05-10 20:45:00,141.63216,40.9254,ATK_29B_S1,2024,Axy,300,43412.2524863038,1
2024-05-10 20:50:00,141.63024000000001,40.92596,ATK_29B_S1,2024,Axy,300,43450.58053022664,1
2024-05-10 20:55:00,141.62743000000003,40.9268,ATK_29B_S1,2024,Axy,300,43510.111561399855,1
2024-05-10 21:00:00,141.62617,40.927170000000004,ATK_29B_S1,2024,Axy,300,43536.53176952564,1
2024-05-10 21:05:00,141.62539,40.92777,ATK_29B_S1,2024,Axy,300,43593.864793708744,1
2024-05-10 21:10:00,141.62646,40.92857000000001,ATK_29B_S1,2024,Axy,300,43693.874348806545,1
2024-05-10 21:15:00,141.6252,40.928990000000006,ATK_29B_S1,2024,Axy,300,43726.07296203896,1
2024-05-10 21:20:00,141.6241,40.92943,ATK_29B_S1,2024,Axy,300,43762.49204777757,1
2024-05-10 21:25:00,141.62355999999997,40.92968,ATK_29B_S1,2024,Axy,300,43784.196516143886,1
2024-05-10 21:30:00,141.62288,40.930550000000004,ATK_29B_S1,2024,Axy,300,43872.76768817895,1
2024-05-10 21:35:00,141.62061,40.93207,ATK_29B_S1,2024,Axy,300,44016.63012149135,1
2024-05-10 21:40:00,141.61989999999997,40.93409,ATK_29B_S1,2024,Axy,300,44232.134244400964,1
2024-05-10 21:45:00,141.61994999999996,40.93663,ATK_29B_S1,2024,Axy,300,44512.70500920348,1
2024-05-10 21:50:00,141.61545999999998,40.93779,ATK_29B_S1,2024,Axy,300,44597.46816811363,1
2024-05-10 21:55:00,141.60883,40.94,ATK_29B_S1,2024,Axy,300,44783.84551404735,1
2024-05-10 22:00:00,141.60797,40.94074,ATK_29B_S1,2024,Axy,300,44858.69131583644,1
2024-05-10 22:05:00,141.60706,40.941219999999994,ATK_29B_S1,2024,Axy,300,44904.539685278556,1
2024-05-10 22:10:00,141.60578999999998,40.94173,ATK_29B_S1,2024,Axy,300,44951.09026201105,1
2024-05-10 22:15:00,141.60464999999996,40.94092,ATK_29B_S1,2024,Axy,300,44852.87654807356,1
2024-05-10 22:20:00,141.59582,40.94258,ATK_29B_S1,2024,Axy,300,44976.827566227956,1
2024-05-10 22:30:00,141.57915999999997,40.95913,ATK_29B_S1,2024,Axy,600,46734.24516147709,1
2024-05-10 22:35:00,141.57910999999999,40.959559999999996,ATK_29B_S1,2024,Axy,300,46781.7974294065,1
2024-05-10 22:40:00,141.57448,40.96386,ATK_29B_S1,2024,Axy,300,47245.555900313164,1
2024-05-10 22:45:00,141.57372999999998,40.96179,ATK_29B_S1,2024,Axy,300,47013.9041329709,1
2024-05-10 22:50:00,141.58483,40.9559,ATK_29B_S1,2024,Axy,300,46397.08600154329,1
2024-05-10 22:55:00,141.58959,40.95312,ATK_29B_S1,2024,Axy,300,46110.5487432895,1
2024-05-10 23:00:00,141.59009,40.95163999999999,ATK_29B_S1,2024,Axy,300,45948.97772454737,1
2024-05-10 23:05:00,141.59511,40.953469999999996,ATK_29B_S1,2024,Axy,300,46178.9860819368,1
2024-05-10 23:10:00,141.59412,40.954539999999994,ATK_29B_S1,2024,Axy,300,46291.886336365096,1
2024-05-10 23:15:00,141.59311,40.95575,ATK_29B_S1,2024,Axy,300,46420.372590282816,1
2024-05-10 23:20:00,141.59286,40.95795,ATK_29B_S1,2024,Axy,300,46662.826497861366,1
2024-05-10 23:25:00,141.59193000000002,40.961659999999995,ATK_29B_S1,2024,Axy,300,47069.09354264988,1
2024-05-10 23:30:00,141.59040000000002,40.96269,ATK_29B_S1,2024,Axy,300,47175.49795051845,1
2024-05-10 23:35:00,141.58892000000003,40.96385,ATK_29B_S1,2024,Axy,300,47296.94314863518,1
2024-05-10 23:40:00,141.58700000000002,40.96463,ATK_29B_S1,2024,Axy,300,47374.65511745874,1
2024-05-10 23:45:00,141.5855,40.96576,ATK_29B_S1,2024,Axy,300,47493.520228061636,1
2024-05-10 23:50:00,141.58428,40.96709,ATK_29B_S1,2024,Axy,300,47636.05513298069,1
2024-05-10 23:55:00,141.58286,40.96851000000001,ATK_29B_S1,2024,Axy,300,47788.07163189173,1
2024-05-11 00:00:00,141.58155,40.969930000000005,ATK_29B_S1,2024,Axy,300,47940.8159667175,1
2024-05-11 00:05:00,141.58039000000002,40.971,ATK_29B_S1,2024,Axy,300,48055.51476661761,1
2024-05-11 00:10:00,141.57923,40.97227,ATK_29B_S1,2024,Axy,300,48192.627537264976,1
2024-05-11 00:15:00,141.57792,40.97352,ATK_29B_S1,2024,Axy,300,48327.29064370703,1
2024-05-11 00:20:00,141.57671,40.97473,ATK_29B_S1,2024,Axy,300,48458.07061792979,1
2024-05-11 00:25:00,141.57543,40.976,ATK_29B_S1,2024,Axy,300,48595.5617225122,1
2024-05-11 00:30:00,141.57361999999998,40.97811000000001,ATK_29B_S1,2024,Axy,300,48825.29917993053,1
2024-05-11 00:35:00,141.57315999999997,40.97852,ATK_29B_S1,2024,Axy,300,48869.754006549774,1
2024-05-11 00:40:00,141.57204000000002,40.98018,ATK_29B_S1,2024,Axy,300,49051.59457121049,1
2024-05-11 00:45:00,141.57126,40.981159999999996,ATK_29B_S1,2024,Axy,300,49158.80416140117,1
2024-05-11 00:50:00,141.57134000000002,40.98259,ATK_29B_S1,2024,Axy,300,49317.72531036774,1
2024-05-11 00:55:00,141.57041,40.98403999999999,ATK_29B_S1,2024,Axy,300,49476.92973239926,1
2024-05-11 01:00:00,141.56924999999998,40.985459999999996,ATK_29B_S1,2024,Axy,300,49632.55074729412,1
2024-05-11 01:05:00,141.56805,40.986799999999995,ATK_29B_S1,2024,Axy,300,49779.43478791203,1
2024-05-11 01:10:00,141.56664999999998,40.988550000000004,ATK_29B_S1,2024,Axy,300,49971.80140518755,1
2024-05-11 01:15:00,141.56547,40.990210000000005,ATK_29B_S1,2024,Axy,300,50154.710531268654,1
2024-05-11 01:20:00,141.56412,40.99169,ATK_29B_S1,2024,Axy,300,50317.68006387595,1
2024-05-11 01:25:00,141.56298,40.993300000000005,ATK_29B_S1,2024,Axy,300,50495.50882065781,1
2024-05-11 01:30:00,141.56171,40.9948,ATK_29B_S1,2024,Axy,300,50661.23538067031,1
2024-05-11 01:35:00,141.56063,40.99656,ATK_29B_S1,2024,Axy,300,50856.14556732596,1
2024-05-11 01:40:00,141.55965999999998,40.99795,ATK_29B_S1,2024,Axy,300,51010.16392129091,1
2024-05-11 01:45:00,141.55865,40.99965,ATK_29B_S1,2024,Axy,300,51198.736209371564,1
2024-05-11 01:50:00,141.55766,41.00116,ATK_29B_S1,2024,Axy,300,51366.35155318313,1
2024-05-11 01:55:00,141.55656,41.0028,ATK_29B_S1,2024,Axy,300,51548.555023345434,1
2024-05-11 02:00:00,141.55662,41.00311000000001,ATK_29B_S1,2024,Axy,300,51582.973302683255,1
2024-05-11 02:05:00,141.55432000000002,41.00605,ATK_29B_S1,2024,Axy,300,51910.1452476031,1
2024-05-11 02:10:00,141.55414000000002,41.006750000000004,ATK_29B_S1,2024,Axy,300,51987.965192931326,1
2024-05-11 02:15:00,141.55258,41.007079999999995,ATK_29B_S1,2024,Axy,300,52025.51924617484,1
2024-05-11 02:20:00,141.54845,41.00507,ATK_29B_S1,2024,Axy,300,51806.33573958644,1
2024-05-11 02:25:00,141.54398999999998,41.00795,ATK_29B_S1,2024,Axy,300,52133.076758106145,1
2024-05-11 02:30:00,141.5467,41.00369,ATK_29B_S1,2024,Axy,300,51655.519980451805,1
2024-05-11 02:35:00,141.53921,41.008160000000004,ATK_29B_S1,2024,Axy,300,52166.844215985875,1
2024-05-11 02:40:00,141.53894000000003,41.00967,ATK_29B_S1,2024,Axy,300,52335.14253460115,1
2024-05-11 02:45:00,141.53812000000002,41.01078,ATK_29B_S1,2024,Axy,300,52460.48118975382,1
2024-05-11 02:50:00,141.53269,41.01172,ATK_29B_S1,2024,Axy,300,52581.16003812833,1
2024-05-11 02:55:00,141.5325,41.01263,ATK_29B_S1,2024,Axy,300,52682.780775939056,1
2024-05-11 03:00:00,141.53282000000002,41.01358,ATK_29B_S1,2024,Axy,300,52787.118837431895,1
2024-05-11 03:05:00,141.533,41.014469999999996,ATK_29B_S1,2024,Axy,300,52885.28005139199,1
2024-05-11 03:10:00,141.53364,41.01558,ATK_29B_S1,2024,Axy,300,53006.36531137488,1
2024-05-11 03:15:00,141.53374999999997,41.016619999999996,ATK_29B_S1,2024,Axy,300,53121.42434653545,1
2024-05-11 03:20:00,141.53372,41.01767999999999,ATK_29B_S1,2024,Axy,300,53239.15266055685,1
2024-05-11 03:25:00,141.53314,41.01869,ATK_29B_S1,2024,Axy,300,53353.109217930134,1
2024-05-11 03:30:00,141.53313,41.01977,ATK_29B_S1,2024,Axy,300,53472.99012381182,1
2024-05-11 03:35:00,141.53234000000003,41.020610000000005,ATK_29B_S1,2024,Axy,300,53568.81905387488,1
2024-05-11 03:40:00,141.5329,41.02172,ATK_29B_S1,2024,Axy,300,53690.13438948016,1
2024-05-11 03:45:00,141.53303,41.02228,ATK_29B_S1,2024,Axy,300,53751.853011370404,1
2024-05-11 03:50:00,141.53527,41.02342,ATK_29B_S1,2024,Axy,300,53871.41199913377,1
2024-05-11 03:55:00,141.54058999999998,41.02561000000001,ATK_29B_S1,2024,Axy,300,54100.68939000257,1
2024-05-11 04:00:00,141.53982,41.026990000000005,ATK_29B_S1,2024,Axy,300,54255.64954628459,1
2024-05-11 04:05:00,141.5393,41.029,ATK_29B_S1,2024,Axy,300,54480.01029812299,1
2024-05-11 04:10:00,141.54636,41.037859999999995,ATK_29B_S1,2024,Axy,300,55450.16417075013,1
2024-05-11 04:15:00,141.56405999999998,41.0471,ATK_29B_S1,2024,Axy,300,56470.81870343804,1
2024-05-11 04:20:00,141.58601000000002,41.04705,ATK_29B_S1,2024,Axy,300,56513.512988747105,1
2024-05-11 04:25:00,141.60735,41.04161,ATK_29B_S1,2024,Axy,300,56016.07536740454,1
2024-05-11 04:30:00,141.62116,41.03356,ATK_29B_S1,2024,Axy,300,55225.68085481024,1
2024-05-11 04:35:00,141.63925999999998,41.02452,ATK_29B_S1,2024,Axy,300,54399.02810986403,1
2024-05-11 04:40:00,141.63904,41.01114,ATK_29B_S1,2024,Axy,300,52923.10809100495,1
2024-05-11 04:45:00,141.64254,40.99103,ATK_29B_S1,2024,Axy,300,50750.62294209566,1
2024-05-11 04:50:00,141.64126,40.973479999999995,ATK_29B_S1,2024,Axy,300,48806.34361085052,1
2024-05-11 04:55:00,141.63909999999998,40.95579,ATK_29B_S1,2024,Axy,300,46836.348726722856,1
2024-05-11 05:10:00,141.58316,40.90723,ATK_29B_S1,2024,Axy,900,40992.046965737274,1
2024-05-11 05:15:00,141.57240000000002,40.89302,ATK_29B_S1,2024,Axy,300,39376.94602484632,1
2024-05-11 05:20:00,141.56018,40.8747,ATK_29B_S1,2024,Axy,300,37323.26111902336,1
2024-05-11 05:25:00,141.54236,40.85921999999999,ATK_29B_S1,2024,Axy,300,35626.85158866353,1
2024-05-11 05:30:00,141.53016,40.844539999999995,ATK_29B_S1,2024,Axy,300,34052.420953245295,1
2024-05-11 05:35:00,141.51628,40.83399,ATK_29B_S1,2024,Axy,300,32987.20872981596,1
2024-05-11 05:40:00,141.51769,40.810069999999996,ATK_29B_S1,2024,Axy,300,30333.6992980154,1
2024-05-11 05:45:00,141.51502,40.78524,ATK_29B_S1,2024,Axy,300,27623.750197334328,1
2024-05-11 05:50:00,141.5067,40.76513000000001,ATK_29B_S1,2024,Axy,300,25520.582443535262,1
2024-05-11 05:55:00,141.50730000000001,40.743750000000006,ATK_29B_S1,2024,Axy,300,23174.59310032033,1
2024-05-11 06:00:00,141.50579,40.7154,ATK_29B_S1,2024,Axy,300,20115.85079184674,1
2024-05-11 06:05:00,141.50755999999998,40.68916,ATK_29B_S1,2024,Axy,300,17246.480483757965,1
2024-05-11 06:10:00,141.51173,40.66368,ATK_29B_S1,2024,Axy,300,14421.475815138348,1
2024-05-11 06:15:00,141.51973999999998,40.63877000000001,ATK_29B_S1,2024,Axy,300,11575.429231094999,1
2024-05-11 06:20:00,141.52987,40.611959999999996,ATK_29B_S1,2024,Axy,300,8477.34881500513,1
2024-05-11 06:25:00,141.5375,40.58092,ATK_29B_S1,2024,Axy,300,4997.7060339343025,1
2024-05-11 06:30:00,141.54654,40.55177,ATK_29B_S1,2024,Axy,300,1736.3946284286026,1
2024-05-11 09:05:00,141.54237,40.54176,ATK_29B_S1,2024,Axy,300,1337.180979571305,2
2024-05-11 09:10:00,141.51161,40.544959999999996,ATK_29B_S1,2024,Axy,300,3959.6794760527587,2
2024-05-11 09:15:00,141.50643000000002,40.54341,ATK_29B_S1,2024,Axy,300,4367.882774279416,2
2024-05-11 09:20:00,141.50548,40.54329,ATK_29B_S1,2024,Axy,300,4446.196935714065,2
2024-05-11 09:25:00,141.50748000000002,40.543130000000005,ATK_29B_S1,2024,Axy,300,4275.85497752018,2
2024-05-11 09:30:00,141.50781,40.54289,ATK_29B_S1,2024,Axy,300,4245.03193060642,2
2024-05-11 09:35:00,141.508,40.54292,ATK_29B_S1,2024,Axy,300,4229.412655258879,2
2024-05-11 09:40:00,141.50766,40.54288,ATK_29B_S1,2024,Axy,300,4257.535987125434,2
2024-05-11 09:45:00,141.50754,40.542930000000005,ATK_29B_S1,2024,Axy,300,4268.258197007494,2
2024-05-11 09:50:00,141.50717,40.542970000000004,ATK_29B_S1,2024,Axy,300,4299.902809746561,2
2024-05-11 09:55:00,141.5075,40.5429,ATK_29B_S1,2024,Axy,300,4271.253137692475,2
2024-05-11 10:00:00,141.50745,40.5429,ATK_29B_S1,2024,Axy,300,4275.462510843226,2
2024-05-11 10:05:00,141.50745,40.54282,ATK_29B_S1,2024,Axy,300,4274.48342803607,2
2024-05-11 10:10:00,141.50748000000002,40.5428,ATK_29B_S1,2024,Axy,300,4271.7151514179395,2
2024-05-11 10:15:00,141.50755999999998,40.54284,ATK_29B_S1,2024,Axy,300,4265.464330945409,2
2024-05-11 10:20:00,141.50736,40.54286,ATK_29B_S1,2024,Axy,300,4282.548567658898,2
2024-05-11 10:25:00,141.50727,40.542210000000004,ATK_29B_S1,2024,Axy,300,4282.80074426811,2
2024-05-11 10:30:00,141.50753,40.542970000000004,ATK_29B_S1,2024,Axy,300,4269.60057312625,2
2024-05-11 10:35:00,141.50744000000003,40.542970000000004,ATK_29B_S1,2024,Axy,300,4277.175871523358,2
2024-05-11 10:40:00,141.50758,40.54287,ATK_29B_S1,2024,Axy,300,4264.148003823702,2
2024-05-11 10:45:00,141.50747,40.54309,ATK_29B_S1,2024,Axy,300,4276.178065257372,2
2024-05-11 10:50:00,141.50758,40.542100000000005,ATK_29B_S1,2024,Axy,300,4255.526571849987,2
2024-05-11 10:55:00,141.50753,40.54299,ATK_29B_S1,2024,Axy,300,4269.852577818886,2
2024-05-11 11:00:00,141.50747,40.54305,ATK_29B_S1,2024,Axy,300,4275.664407268405,2
2024-05-11 11:05:00,141.50527,40.5419,ATK_29B_S1,2024,Axy,300,4448.569012457942,2
2024-05-11 11:10:00,141.5054,40.54206,ATK_29B_S1,2024,Axy,300,4439.087675215686,2
2024-05-11 11:15:00,141.50722000000002,40.5429,ATK_29B_S1,2024,Axy,300,4294.82629720342,2
2024-05-11 11:20:00,141.50737,40.5433,ATK_29B_S1,2024,Axy,300,4287.358063401941,2
2024-05-11 11:25:00,141.50431,40.558859999999996,ATK_29B_S1,2024,Axy,300,5043.509873053167,2
2024-05-11 11:30:00,141.50191,40.560520000000004,ATK_29B_S1,2024,Axy,300,5308.142973220018,2
2024-05-11 11:35:00,141.502,40.56046,ATK_29B_S1,2024,Axy,300,5298.315779043127,2
2024-05-11 11:40:00,141.50495999999998,40.58092,ATK_29B_S1,2024,Axy,300,6477.366858013166,2
2024-05-11 11:45:00,141.50482,40.58137,ATK_29B_S1,2024,Axy,300,6521.818167863237,2
2024-05-11 11:50:00,141.50952999999998,40.58977,ATK_29B_S1,2024,Axy,300,6989.557267358536,2
2024-05-11 11:55:00,141.51032,40.59031000000001,ATK_29B_S1,2024,Axy,300,6999.892288742334,2
2024-05-11 12:00:00,141.51415999999998,40.59241000000001,ATK_29B_S1,2024,Axy,300,7016.527344935712,2
2024-05-11 12:05:00,141.5177,40.620580000000004,ATK_29B_S1,2024,Axy,300,9709.584016939489,2
2024-05-11 12:10:00,141.51990999999998,40.62513000000001,ATK_29B_S1,2024,Axy,300,10124.225627921174,2
2024-05-11 12:15:00,141.52123000000003,40.62534000000001,ATK_29B_S1,2024,Axy,300,10111.763995729045,2
2024-05-11 12:20:00,141.52102000000002,40.62698,ATK_29B_S1,2024,Axy,300,10290.704965980349,2
2024-05-11 12:25:00,141.51874,40.64946,ATK_29B_S1,2024,Axy,300,12741.877921015652,2
2024-05-11 12:30:00,141.51215,40.65132,ATK_29B_S1,2024,Axy,300,13094.438563378126,2
2024-05-11 12:35:00,141.50587,40.636540000000004,ATK_29B_S1,2024,Axy,300,11723.89543950328,2
2024-05-11 12:40:00,141.50387999999998,40.628660000000004,ATK_29B_S1,2024,Axy,300,10985.868738556912,2
2024-05-11 12:45:00,141.50498,40.628840000000004,ATK_29B_S1,2024,Axy,300,10965.899191846132,2
2024-05-11 12:50:00,141.50541,40.628440000000005,ATK_29B_S1,2024,Axy,300,10910.537142170811,2
2024-05-11 12:55:00,141.50539,40.62861000000001,ATK_29B_S1,2024,Axy,300,10928.48274453974,2
2024-05-11 13:00:00,141.50261,40.62717000000001,ATK_29B_S1,2024,Axy,300,10881.065562796008,2
2024-05-11 13:05:00,141.49026,40.632720000000006,ATK_29B_S1,2024,Axy,300,11904.902572880837,2
2024-05-11 13:10:00,141.46814000000003,40.636430000000004,ATK_29B_S1,2024,Axy,300,13242.530435183244,2
2024-05-11 13:15:00,141.45765,40.630050000000004,ATK_29B_S1,2024,Axy,300,13218.225208348798,2
2024-05-11 13:20:00,141.45461,40.63069,ATK_29B_S1,2024,Axy,300,13438.423778930817,2
2024-05-11 13:25:00,141.45459,40.63163,ATK_29B_S1,2024,Axy,300,13519.07383041633,2
2024-05-11 13:30:00,141.46058,40.62276000000001,ATK_29B_S1,2024,Axy,300,12442.137014464704,2
2024-05-11 13:35:00,141.45857,40.615370000000006,ATK_29B_S1,2024,Axy,300,11957.227049378193,2
2024-05-11 13:40:00,141.45911,40.61473,ATK_29B_S1,2024,Axy,300,11874.538492677626,2
2024-05-11 13:45:00,141.46304999999998,40.60407,ATK_29B_S1,2024,Axy,300,10814.348307452692,2
2024-05-11 13:55:00,141.48130000000003,40.58441,ATK_29B_S1,2024,Axy,600,8223.72308096335,2
2024-05-11 14:00:00,141.48134000000005,40.58445999999999,ATK_29B_S1,2024,Axy,300,8224.49581977125,2
2024-05-11 14:05:00,141.48141000000004,40.58425,ATK_29B_S1,2024,Axy,300,8205.423892955281,2
2024-05-11 14:10:00,141.48131000000004,40.584379999999996,ATK_29B_S1,2024,Axy,300,8220.998564562151,2
2024-05-11 14:15:00,141.48134000000005,40.58415,ATK_29B_S1,2024,Axy,300,8203.23976904819,2
2024-05-11 14:20:00,141.48123000000004,40.584439999999994,ATK_29B_S1,2024,Axy,300,8230.440863678268,2
2024-05-11 14:25:00,141.48133000000004,40.584399999999995,ATK_29B_S1,2024,Axy,300,8221.040212158454,2
2024-05-11 14:30:00,141.48134000000005,40.584399999999995,ATK_29B_S1,2024,Axy,300,8220.374784330545,2
2024-05-11 14:35:00,141.48145000000002,40.58436,ATK_29B_S1,2024,Axy,300,8210.30932846931,2
2024-05-11 14:40:00,141.48142000000004,40.584379999999996,ATK_29B_S1,2024,Axy,300,8213.678735806345,2
2024-05-11 14:45:00,141.48141000000004,40.58433,ATK_29B_S1,2024,Axy,300,8210.911337541478,2
2024-05-11 14:50:00,141.48139000000003,40.58437,ATK_29B_S1,2024,Axy,300,8214.988043790234,2
2024-05-11 14:55:00,141.48138000000003,40.58436,ATK_29B_S1,2024,Axy,300,8214.96701203638,2
2024-05-11 15:00:00,141.48135000000002,40.58437,ATK_29B_S1,2024,Axy,300,8217.649955833715,2
2024-05-11 15:05:00,141.48133000000004,40.58435,ATK_29B_S1,2024,Axy,300,8217.608842481208,2
2024-05-11 15:10:00,141.48139000000003,40.58434,ATK_29B_S1,2024,Axy,300,8212.92877593985,2
2024-05-11 15:15:00,141.48126000000002,40.58432,ATK_29B_S1,2024,Axy,300,8220.213179497514,2
2024-05-11 15:20:00,141.48129000000003,40.58441,ATK_29B_S1,2024,Axy,300,8224.388586623378,2
2024-05-11 15:25:00,141.48145000000002,40.58445999999999,ATK_29B_S1,2024,Axy,300,8217.181995510991,2
2024-05-11 15:30:00,141.48120000000003,40.58433,ATK_29B_S1,2024,Axy,300,8224.89560309516,2
2024-05-11 15:35:00,141.48164000000003,40.58434,ATK_29B_S1,2024,Axy,300,8196.299773556468,2
2024-05-11 15:40:00,141.48098000000002,40.58398,ATK_29B_S1,2024,Axy,300,8215.681664853148,2
2024-05-11 15:45:00,141.49061,40.599070000000005,ATK_29B_S1,2024,Axy,300,8790.019139506507,2
2024-05-11 15:50:00,141.49569,40.61844,ATK_29B_S1,2024,Axy,300,10299.106008186134,2
2024-05-11 15:55:00,141.49695,40.61844,ATK_29B_S1,2024,Axy,300,10245.217463035306,2
2024-05-11 16:00:00,141.50623000000002,40.64154,ATK_29B_S1,2024,Axy,300,12229.762891160026,2
2024-05-11 16:05:00,141.51324999999997,40.669560000000004,ATK_29B_S1,2024,Axy,300,15018.63673549845,2
2024-05-11 16:10:00,141.52042000000003,40.683370000000004,ATK_29B_S1,2024,Axy,300,16380.583791166157,2
2024-05-11 16:15:00,141.52394999999999,40.710100000000004,ATK_29B_S1,2024,Axy,300,19255.508452518683,2
2024-05-11 16:20:00,141.53672,40.731170000000006,ATK_29B_S1,2024,Axy,300,21456.45931388875,2
2024-05-11 16:25:00,141.54532,40.750859999999996,ATK_29B_S1,2024,Axy,300,23593.045450438593,2
2024-05-11 16:30:00,141.55904999999998,40.777530000000006,ATK_29B_S1,2024,Axy,300,26532.12620376752,2
2024-05-11 16:35:00,141.56442,40.796260000000004,ATK_29B_S1,2024,Axy,300,28617.61223952249,2
2024-05-11 16:40:00,141.56631000000002,40.79653000000001,ATK_29B_S1,2024,Axy,300,28651.250681299007,2
2024-05-11 16:45:00,141.5675,40.796400000000006,ATK_29B_S1,2024,Axy,300,28639.58250871483,2
2024-05-11 16:50:00,141.56856,40.796440000000004,ATK_29B_S1,2024,Axy,300,28646.781264164172,2
2024-05-11 16:55:00,141.57676999999998,40.80152,ATK_29B_S1,2024,Axy,300,29240.874223896553,2
2024-05-11 17:00:00,141.57782,40.80147999999999,ATK_29B_S1,2024,Axy,300,29241.49469339192,2
2024-05-11 17:05:00,141.57910999999999,40.80125999999999,ATK_29B_S1,2024,Axy,300,29223.69008723817,2
2024-05-11 17:10:00,141.57761,40.80135,ATK_29B_S1,2024,Axy,300,29226.049852695636,2
2024-05-11 17:15:00,141.57905999999997,40.80097,ATK_29B_S1,2024,Axy,300,29191.285235933283,2
2024-05-11 17:20:00,141.58018,40.80074,ATK_29B_S1,2024,Axy,300,29171.83726757981,2
2024-05-11 17:25:00,141.58155,40.80059,ATK_29B_S1,2024,Axy,300,29163.02931650925,2
2024-05-11 17:30:00,141.58274000000003,40.80056,ATK_29B_S1,2024,Axy,300,29166.865407427736,2
2024-05-11 17:35:00,141.5759,40.82158,ATK_29B_S1,2024,Axy,300,31461.646360251532,2
2024-05-11 17:40:00,141.56748000000002,40.84674,ATK_29B_S1,2024,Axy,300,34227.81647366991,2
2024-05-11 17:45:00,141.57432,40.84951,ATK_29B_S1,2024,Axy,300,34554.14578622399,2
2024-05-11 17:50:00,141.57512,40.84859,ATK_29B_S1,2024,Axy,300,34454.90443065514,2
2024-05-11 17:55:00,141.57557999999997,40.84797999999999,ATK_29B_S1,2024,Axy,300,34388.92233527769,2
2024-05-11 18:05:00,141.57851,40.84683999999999,ATK_29B_S1,2024,Axy,600,34274.32508932361,2
2024-05-11 18:10:00,141.57910999999999,40.84654,ATK_29B_S1,2024,Axy,300,34243.70915572311,2
2024-05-11 18:15:00,141.58123000000003,40.845310000000005,ATK_29B_S1,2024,Axy,300,34117.33084044302,2
2024-05-11 18:20:00,141.57995999999997,40.8455,ATK_29B_S1,2024,Axy,300,34132.282703314275,2
2024-05-11 18:25:00,141.58066,40.845479999999995,ATK_29B_S1,2024,Axy,300,34133.39224220254,2
2024-05-11 18:30:00,141.58171000000002,40.844939999999994,ATK_29B_S1,2024,Axy,300,34078.71471387227,2
2024-05-11 18:35:00,141.58224000000004,40.84448999999999,ATK_29B_S1,2024,Axy,300,34031.54369895385,2
2024-05-11 18:40:00,141.58327,40.84325,ATK_29B_S1,2024,Axy,300,33899.5614323865,2
2024-05-11 18:45:00,141.58442000000002,40.843019999999996,ATK_29B_S1,2024,Axy,300,33880.43700950764,2
2024-05-11 18:50:00,141.58536,40.844469999999994,ATK_29B_S1,2024,Axy,300,34046.4830604523,2
2024-05-11 18:55:00,141.59994,40.85735999999999,ATK_29B_S1,2024,Axy,300,35577.394000009444,2
2024-05-11 19:00:00,141.60933,40.87921,ATK_29B_S1,2024,Axy,300,38075.20789507541,2
2024-05-11 19:05:00,141.60164999999998,40.889399999999995,ATK_29B_S1,2024,Axy,300,39132.4772992878,2
2024-05-11 19:10:00,141.60127,40.889379999999996,ATK_29B_S1,2024,Axy,300,39127.22541533048,2
2024-05-11 19:15:00,141.59984999999998,40.89399,ATK_29B_S1,2024,Axy,300,39625.921910650926,2
2024-05-11 19:20:00,141.60074,40.90329,ATK_29B_S1,2024,Axy,300,40661.26148135685,2
2024-05-11 19:25:00,141.60154999999997,40.90361,ATK_29B_S1,2024,Axy,300,40702.84021592816,2
2024-05-11 19:30:00,141.60178,40.90401,ATK_29B_S1,2024,Axy,300,40748.85032924266,2
2024-05-11 19:35:00,141.60198,40.903839999999995,ATK_29B_S1,2024,Axy,300,40731.60326034106,2
2024-05-11 19:40:00,141.60196,40.90375,ATK_29B_S1,2024,Axy,300,40721.495707422735,2
2024-05-11 19:45:00,141.60182,40.90379,ATK_29B_S1,2024,Axy,300,40724.832083299734,2
2024-05-11 19:50:00,141.60169,40.90376,ATK_29B_S1,2024,Axy,300,40720.50848742906,2
2024-05-11 19:55:00,141.59651,40.91802,ATK_29B_S1,2024,Axy,300,42261.40242018111,2
2024-05-11 20:00:00,141.59581,40.91832,ATK_29B_S1,2024,Axy,300,42290.06225687108,2
2024-05-11 20:05:00,141.59031000000002,40.918839999999996,ATK_29B_S1,2024,Axy,300,42314.76291866761,2
2024-05-11 20:10:00,141.58951,40.92172,ATK_29B_S1,2024,Axy,300,42629.58600101477,2
2024-05-11 20:15:00,141.58262000000002,40.9269,ATK_29B_S1,2024,Axy,300,43171.29377362525,2
2024-05-11 20:20:00,141.57816,40.92718,ATK_29B_S1,2024,Axy,300,43185.56153332027,2
2024-05-11 20:25:00,141.57980999999998,40.929030000000004,ATK_29B_S1,2024,Axy,300,43396.64372876838,2
2024-05-11 20:30:00,141.58058,40.9315,ATK_29B_S1,2024,Axy,300,43673.529458703546,2
2024-05-11 20:35:00,141.58021000000002,40.93152,ATK_29B_S1,2024,Axy,300,43674.37058518991,2
2024-05-11 20:40:00,141.58029000000002,40.93145,ATK_29B_S1,2024,Axy,300,43666.90043046024,2
2024-05-11 20:45:00,141.58042000000003,40.93137,ATK_29B_S1,2024,Axy,300,43658.508236363465,2
2024-05-11 20:50:00,141.58041000000003,40.93123,ATK_29B_S1,2024,Axy,300,43642.938831720254,2
2024-05-11 20:55:00,141.58062,40.931079999999994,ATK_29B_S1,2024,Axy,300,43627.0842265286,2
2024-05-11 21:00:00,141.58046000000002,40.9309,ATK_29B_S1,2024,Axy,300,43606.51424565046,2
2024-05-11 21:05:00,141.58062,40.93076,ATK_29B_S1,2024,Axy,300,43591.58294757546,2
2024-05-11 21:10:00,141.58076,40.93045,ATK_29B_S1,2024,Axy,300,43557.72062095805,2
2024-05-11 21:15:00,141.58096,40.93014,ATK_29B_S1,2024,Axy,300,43524.0918557489,2
2024-05-11 21:20:00,141.58093000000002,40.929930000000006,ATK_29B_S1,2024,Axy,300,43500.68008304532,2
2024-05-11 21:25:00,141.58062,40.92956,ATK_29B_S1,2024,Axy,300,43458.45368656236,2
2024-05-11 21:30:00,141.58071,40.92898,ATK_29B_S1,2024,Axy,300,43394.44947914268,2
2024-05-11 21:35:00,141.58054,40.92857000000001,ATK_29B_S1,2024,Axy,300,43348.32010739037,2
2024-05-11 21:40:00,141.58024000000003,40.92794,ATK_29B_S1,2024,Axy,300,43277.300330181075,2
2024-05-11 21:45:00,141.57989999999998,40.92734,ATK_29B_S1,2024,Axy,300,43209.472914651305,2
2024-05-11 21:50:00,141.57949,40.926970000000004,ATK_29B_S1,2024,Axy,300,43166.92554223565,2
2024-05-11 21:55:00,141.57929,40.92633000000001,ATK_29B_S1,2024,Axy,300,43095.19615476412,2
2024-05-11 22:00:00,141.57915999999997,40.92564,ATK_29B_S1,2024,Axy,300,43018.17347525325,2
2024-05-11 22:05:00,141.57871,40.92521000000001,ATK_29B_S1,2024,Axy,300,42968.8698516772,2
2024-05-11 22:10:00,141.57815,40.924510000000005,ATK_29B_S1,2024,Axy,300,42889.26010702653,2
2024-05-11 22:15:00,141.57788,40.92421,ATK_29B_S1,2024,Axy,300,42855.0541478011,2
2024-05-11 22:20:00,141.57762,40.923410000000004,ATK_29B_S1,2024,Axy,300,42765.40967745665,2
2024-05-11 22:25:00,141.57589,40.92364,ATK_29B_S1,2024,Axy,300,42785.40583120171,2
2024-05-11 22:30:00,141.57539,40.923010000000005,ATK_29B_S1,2024,Axy,300,42713.98207850634,2
2024-05-11 22:35:00,141.57492,40.922430000000006,ATK_29B_S1,2024,Axy,300,42648.23149756718,2
2024-05-11 22:40:00,141.57483,40.92116,ATK_29B_S1,2024,Axy,300,42507.017726731676,2
2024-05-11 22:45:00,141.57394999999997,40.92104,ATK_29B_S1,2024,Axy,300,42491.21833148107,2
2024-05-11 22:50:00,141.57344,40.920550000000006,ATK_29B_S1,2024,Axy,300,42435.4514685656,2
2024-05-11 22:55:00,141.58271000000002,40.91543,ATK_29B_S1,2024,Axy,300,41899.48972232532,2
2024-05-11 23:00:00,141.59454999999997,40.91278,ATK_29B_S1,2024,Axy,300,41668.55487935949,2
2024-05-11 23:05:00,141.60113,40.91392,ATK_29B_S1,2024,Axy,300,41839.98547340053,2
2024-05-11 23:10:00,141.60169,40.92072,ATK_29B_S1,2024,Axy,300,42596.36467203553,2
2024-05-11 23:15:00,141.60183,40.938520000000004,ATK_29B_S1,2024,Axy,300,44566.812975403445,2
2024-05-11 23:20:00,141.60771,40.95173,ATK_29B_S1,2024,Axy,300,46071.75222415673,2
2024-05-11 23:25:00,141.60582,40.96287,ATK_29B_S1,2024,Axy,300,47289.74733107719,2
2024-05-11 23:30:00,141.60446,40.96344,ATK_29B_S1,2024,Axy,300,47343.07332075513,2
2024-05-11 23:35:00,141.60318999999998,40.964059999999996,ATK_29B_S1,2024,Axy,300,47402.85327603052,2
2024-05-11 23:40:00,141.60361999999998,40.96089,ATK_29B_S1,2024,Axy,300,47054.97904806303,2
2024-05-11 23:45:00,141.60234000000003,40.96193,ATK_29B_S1,2024,Axy,300,47161.295458853616,2
2024-05-11 23:50:00,141.60074,40.962700000000005,ATK_29B_S1,2024,Axy,300,47235.91737377435,2
2024-05-11 23:55:00,141.59903,40.96334,ATK_29B_S1,2024,Axy,300,47295.877332656804,2
2024-05-12 00:00:00,141.59629,40.96379,ATK_29B_S1,2024,Axy,300,47329.1778878258,2
2024-05-12 00:05:00,141.59474,40.96437,ATK_29B_S1,2024,Axy,300,47384.59078446564,2
2024-05-12 00:10:00,141.5928,40.96517000000001,ATK_29B_S1,2024,Axy,300,47462.69613624684,2
2024-05-12 00:15:00,141.59106,40.96575000000001,ATK_29B_S1,2024,Axy,300,47518.01655086169,2
2024-05-12 00:20:00,141.58939,40.96644,ATK_29B_S1,2024,Axy,300,47586.34332059025,2
2024-05-12 00:25:00,141.58781000000002,40.96722,ATK_29B_S1,2024,Axy,300,47665.49947191311,2
2024-05-12 00:30:00,141.58578,40.96763,ATK_29B_S1,2024,Axy,300,47702.1072900283,2
2024-05-12 00:35:00,141.58384999999998,40.96826,ATK_29B_S1,2024,Axy,300,47764.142717137096,2
2024-05-12 00:40:00,141.58171000000002,40.9688,ATK_29B_S1,2024,Axy,300,47816.01177583254,2
2024-05-12 00:45:00,141.57994,40.96925,ATK_29B_S1,2024,Axy,300,47859.81617760103,2
2024-05-12 00:50:00,141.5781,40.96983,ATK_29B_S1,2024,Axy,300,47918.31261595362,2
2024-05-12 00:55:00,141.57642,40.97038,ATK_29B_S1,2024,Axy,300,47974.44336793544,2
2024-05-12 01:00:00,141.57460999999998,40.970659999999995,ATK_29B_S1,2024,Axy,300,48000.70491766742,2
2024-05-12 01:05:00,141.57292,40.97143,ATK_29B_S1,2024,Axy,300,48082.12685256757,2
2024-05-12 01:10:00,141.56836,40.9734,ATK_29B_S1,2024,Axy,300,48292.04535165645,2
2024-05-12 01:15:00,141.56405999999998,40.973279999999995,ATK_29B_S1,2024,Axy,300,48273.25464972334,2
2024-05-12 01:20:00,141.55630000000002,40.974689999999995,ATK_29B_S1,2024,Axy,300,48426.8855820434,2
2024-05-12 01:25:00,141.55578,40.97844,ATK_29B_S1,2024,Axy,300,48843.45362092035,2
2024-05-12 01:30:00,141.54707,40.99074,ATK_29B_S1,2024,Axy,300,50217.04613618396,2
2024-05-12 01:35:00,141.54842000000002,40.99759,ATK_29B_S1,2024,Axy,300,50975.78535562724,2
2024-05-12 01:40:00,141.54470999999998,40.99794,ATK_29B_S1,2024,Axy,300,51020.37140162866,2
2024-05-12 01:45:00,141.54182,40.99826,ATK_29B_S1,2024,Axy,300,51061.68537895269,2
2024-05-12 01:50:00,141.53979999999999,40.999120000000005,ATK_29B_S1,2024,Axy,300,51161.88537193023,2
2024-05-12 01:55:00,141.53555999999998,41.00002,ATK_29B_S1,2024,Axy,300,51273.53525419701,2
2024-05-12 02:00:00,141.53545,41.00087,ATK_29B_S1,2024,Axy,300,51368.20586327768,2
2024-05-12 02:05:00,141.53429,41.00139,ATK_29B_S1,2024,Axy,300,51429.57028034244,2
2024-05-12 02:10:00,141.53306999999998,41.002030000000005,ATK_29B_S1,2024,Axy,300,51504.63167429632,2
2024-05-12 02:15:00,141.53017,41.002950000000006,ATK_29B_S1,2024,Axy,300,51617.124247066415,2
2024-05-12 02:20:00,141.53523,41.00157,ATK_29B_S1,2024,Axy,300,51446.570381300764,2
2024-05-12 02:25:00,141.53377999999998,41.00229,ATK_29B_S1,2024,Axy,300,51531.107815674695,2
2024-05-12 02:30:00,141.5325,41.00273000000001,ATK_29B_S1,2024,Axy,300,51584.260915598905,2
2024-05-12 02:35:00,141.53029,41.00378,ATK_29B_S1,2024,Axy,300,51708.752956299126,2
2024-05-12 02:40:00,141.52937,41.00409,ATK_29B_S1,2024,Axy,300,51746.6647323807,2
2024-05-12 02:45:00,141.52774000000002,41.00456,ATK_29B_S1,2024,Axy,300,51805.31904336743,2
2024-05-12 02:50:00,141.52630000000002,41.00511000000001,ATK_29B_S1,2024,Axy,300,51872.37745652706,2
2024-05-12 02:55:00,141.52464,41.00551000000001,ATK_29B_S1,2024,Axy,300,51924.0633681199,2
2024-05-12 03:00:00,141.52325,41.00618,ATK_29B_S1,2024,Axy,300,52004.77428818833,2
2024-05-12 03:05:00,141.52179,41.006750000000004,ATK_29B_S1,2024,Axy,300,52074.986850609115,2
2024-05-12 03:10:00,141.52044000000004,41.007439999999995,ATK_29B_S1,2024,Axy,300,52158.21556202367,2
2024-05-12 03:15:00,141.52012000000002,41.00795,ATK_29B_S1,2024,Axy,300,52216.38015657293,2
2024-05-12 03:20:00,141.51868,41.00849,ATK_29B_S1,2024,Axy,300,52283.738006478576,2
2024-05-12 03:25:00,141.51741,41.00911000000001,ATK_29B_S1,2024,Axy,300,52359.29340243344,2
2024-05-12 03:30:00,141.51602,41.00967,ATK_29B_S1,2024,Axy,300,52429.07850248629,2
2024-05-12 03:35:00,141.51502,41.01035,ATK_29B_S1,2024,Axy,300,52510.13681247335,2
2024-05-12 03:40:00,141.51387999999997,41.01125,ATK_29B_S1,2024,Axy,300,52616.51345315163,2
2024-05-12 03:45:00,141.51279,41.01211000000001,ATK_29B_S1,2024,Axy,300,52718.30676853311,2
2024-05-12 03:50:00,141.51626,40.99196,ATK_29B_S1,2024,Axy,300,50465.525898094405,2
2024-05-12 03:55:00,141.52288000000001,40.97264,ATK_29B_S1,2024,Axy,300,48288.20765613788,2
2024-05-12 04:00:00,141.53209,40.95341,ATK_29B_S1,2024,Axy,300,46113.91799787354,2
2024-05-12 04:05:00,141.54045,40.93156,ATK_29B_S1,2024,Axy,300,43661.093291107594,2
2024-05-12 04:10:00,141.55042000000003,40.91717,ATK_29B_S1,2024,Axy,300,42043.37938735987,2
2024-05-12 04:15:00,141.55264000000003,40.91147999999999,ATK_29B_S1,2024,Axy,300,41409.23549052188,2
2024-05-12 04:20:00,141.55717,40.901419999999995,ATK_29B_S1,2024,Axy,300,40289.94506721366,2
2024-05-12 04:25:00,141.55595,40.90055,ATK_29B_S1,2024,Axy,300,40193.55589086656,2
2024-05-12 04:30:00,141.55163000000002,40.88195999999999,ATK_29B_S1,2024,Axy,300,38132.20078804635,2
2024-05-12 04:35:00,141.54856999999998,40.86115,ATK_29B_S1,2024,Axy,300,35826.01510025644,2
2024-05-12 04:40:00,141.54148,40.83836,ATK_29B_S1,2024,Axy,300,33314.91632776383,2
2024-05-12 04:45:00,141.53692,40.81397,ATK_29B_S1,2024,Axy,300,30628.46304411397,2
2024-05-12 04:50:00,141.53484,40.788850000000004,ATK_29B_S1,2024,Axy,300,27855.512798871125,2
2024-05-12 04:55:00,141.53444000000002,40.76028,ATK_29B_S1,2024,Axy,300,24694.077538931273,2
2024-05-12 05:05:00,141.54417999999998,40.685790000000004,ATK_29B_S1,2024,Axy,600,16383.661453266277,2
2024-05-12 05:10:00,141.54353999999998,40.68285,ATK_29B_S1,2024,Axy,300,16061.906672089783,2
2024-05-12 05:15:00,141.53658,40.651889999999995,ATK_29B_S1,2024,Axy,300,12704.970065914313,2
2024-05-12 05:20:00,141.53904,40.623580000000004,ATK_29B_S1,2024,Axy,300,9565.977198867111,2
2024-05-12 05:25:00,141.54588999999999,40.5947,ATK_29B_S1,2024,Axy,300,6307.448556422876,2
2024-05-12 05:30:00,141.55998,40.56505000000001,ATK_29B_S1,2024,Axy,300,2943.3522006182247,2
2024-05-12 11:50:00,141.53819000000001,40.541019999999996,ATK_29B_S1,2024,Axy,300,1666.3311688881636,3
2024-05-12 11:55:00,141.51294000000001,40.54561,ATK_29B_S1,2024,Axy,300,3862.729257217228,3
2024-05-12 12:00:00,141.50484,40.542410000000004,ATK_29B_S1,2024,Axy,300,4489.831605722634,3
2024-05-12 12:05:00,141.50655999999998,40.542320000000004,ATK_29B_S1,2024,Axy,300,4343.829339111695,3
2024-05-12 12:10:00,141.51475999999997,40.54703,ATK_29B_S1,2024,Axy,300,3748.010759850849,3
2024-05-12 12:15:00,141.51507999999998,40.547059999999995,ATK_29B_S1,2024,Axy,300,3722.6042503332087,3
2024-05-12 12:20:00,141.51494,40.54709,ATK_29B_S1,2024,Axy,300,3734.92020386002,3
2024-05-12 12:25:00,141.51507999999998,40.54719,ATK_29B_S1,2024,Axy,300,3726.26745448747,3
2024-05-12 12:30:00,141.51501,40.54716,ATK_29B_S1,2024,Axy,300,3731.1517377154632,3
2024-05-12 12:35:00,141.51505999999998,40.54695,ATK_29B_S1,2024,Axy,300,3721.1864535542823,3
2024-05-12 12:40:00,141.51505999999998,40.54713,ATK_29B_S1,2024,Axy,300,3726.208917433331,3
2024-05-12 12:45:00,141.51501,40.54709,ATK_29B_S1,2024,Axy,300,3729.182279746475,3
2024-05-12 12:50:00,141.51496999999998,40.547079999999994,ATK_29B_S1,2024,Axy,300,3732.181153287153,3
2024-05-12 12:55:00,141.51503,40.54707,ATK_29B_S1,2024,Axy,300,3726.982819575904,3
2024-05-12 13:00:00,141.51512,40.547259999999994,ATK_29B_S1,2024,Axy,300,3724.9876590006047,3
2024-05-12 13:05:00,141.51502,40.547059999999995,ATK_29B_S1,2024,Axy,300,3727.523029599924,3
2024-05-12 13:10:00,141.51501,40.547110000000004,ATK_29B_S1,2024,Axy,300,3729.743435073145,3
2024-05-12 13:15:00,141.51507999999998,40.54715,ATK_29B_S1,2024,Axy,300,3725.1347400175277,3
2024-05-12 13:20:00,141.51512,40.547039999999996,ATK_29B_S1,2024,Axy,300,3718.765895041971,3
2024-05-12 13:25:00,141.51503,40.547079999999994,ATK_29B_S1,2024,Axy,300,3727.2627465280343,3
2024-05-12 13:30:00,141.5152,40.54696,ATK_29B_S1,2024,Axy,300,3709.9784445834102,3
2024-05-12 13:35:00,141.51519,40.547110000000004,ATK_29B_S1,2024,Axy,300,3714.9937757781263,3
2024-05-12 13:40:00,141.51495999999997,40.547399999999996,ATK_29B_S1,2024,Axy,300,3742.1077640978574,3
2024-05-12 13:45:00,141.51483,40.5472,ATK_29B_S1,2024,Axy,300,3747.0275769677196,3
2024-05-12 13:50:00,141.51448,40.54772,ATK_29B_S1,2024,Axy,300,3790.6998474426646,3
2024-05-12 13:55:00,141.51494999999997,40.5471,ATK_29B_S1,2024,Axy,300,3734.380516528569,3
2024-05-12 14:00:00,141.51489999999998,40.54717,ATK_29B_S1,2024,Axy,300,3740.445893212329,3
2024-05-12 14:05:00,141.51509,40.54701,ATK_29B_S1,2024,Axy,300,3720.389215556165,3
2024-05-12 14:10:00,141.51537,40.55673,ATK_29B_S1,2024,Axy,300,4104.715903627963,3
2024-05-12 14:15:00,141.51561999999998,40.55653,ATK_29B_S1,2024,Axy,300,4075.384411299163,3
2024-05-12 14:20:00,141.51549999999997,40.556619999999995,ATK_29B_S1,2024,Axy,300,4089.1352249990637,3
2024-05-12 14:25:00,141.51551999999998,40.556599999999996,ATK_29B_S1,2024,Axy,300,4086.5717938414946,3
2024-05-12 14:30:00,141.51591,40.5565,ATK_29B_S1,2024,Axy,300,4052.3319377655916,3
2024-05-12 14:35:00,141.51574,40.55657,ATK_29B_S1,2024,Axy,300,4068.6921819861795,3
2024-05-12 14:40:00,141.51587999999998,40.5565,ATK_29B_S1,2024,Axy,300,4054.5468961431147,3
2024-05-12 14:45:00,141.51604,40.55647999999999,ATK_29B_S1,2024,Axy,300,4041.6475559624196,3
2024-05-12 14:50:00,141.51586999999998,40.55654,ATK_29B_S1,2024,Axy,300,4057.4626442644935,3
2024-05-12 14:55:00,141.51604999999998,40.55654,ATK_29B_S1,2024,Axy,300,4044.185045650091,3
2024-05-12 15:00:00,141.51588999999998,40.55656,ATK_29B_S1,2024,Axy,300,4057.077125171435,3
2024-05-12 15:05:00,141.51585999999998,40.556619999999995,ATK_29B_S1,2024,Axy,300,4062.565658448895,3
2024-05-12 15:10:00,141.5209,40.56877000000001,ATK_29B_S1,2024,Axy,300,4569.884828303072,3
2024-05-12 15:15:00,141.53618,40.604150000000004,ATK_29B_S1,2024,Axy,300,7501.015841938397,3
2024-05-12 15:20:00,141.54083,40.63038,ATK_29B_S1,2024,Axy,300,10289.561192243116,3
2024-05-12 15:25:00,141.54584,40.63693000000001,ATK_29B_S1,2024,Axy,300,10963.778516998053,3
2024-05-12 15:30:00,141.55394,40.64804,ATK_29B_S1,2024,Axy,300,12156.147312889385,3
2024-05-12 15:35:00,141.55424000000002,40.648030000000006,ATK_29B_S1,2024,Axy,300,12154.415874129032,3
2024-05-12 15:40:00,141.55445,40.648320000000005,ATK_29B_S1,2024,Axy,300,12186.208400505877,3
2024-05-12 15:45:00,141.55483,40.64862,ATK_29B_S1,2024,Axy,300,12218.854256274702,3
2024-05-12 15:50:00,141.55517,40.64888,ATK_29B_S1,2024,Axy,300,12247.2033701523,3
2024-05-12 15:55:00,141.55501,40.64986,ATK_29B_S1,2024,Axy,300,12356.247464673675,3
2024-05-12 16:00:00,141.56102,40.662650000000006,ATK_29B_S1,2024,Axy,300,13777.627967480223,3
2024-05-12 16:05:00,141.56134000000003,40.66346,ATK_29B_S1,2024,Axy,300,13868.147928375944,3
2024-05-12 16:10:00,141.56140000000002,40.66442,ATK_29B_S1,2024,Axy,300,13974.84174147936,3
2024-05-12 16:15:00,141.56099,40.66513000000001,ATK_29B_S1,2024,Axy,300,14052.913933054346,3
2024-05-12 16:20:00,141.56041000000002,40.665760000000006,ATK_29B_S1,2024,Axy,300,14121.948167773706,3
2024-05-12 16:25:00,141.56007,40.66648,ATK_29B_S1,2024,Axy,300,14201.43882616737,3
2024-05-12 16:30:00,141.5605,40.66734,ATK_29B_S1,2024,Axy,300,14297.507198283349,3
2024-05-12 16:35:00,141.56108,40.66772,ATK_29B_S1,2024,Axy,300,14340.62240273585,3
2024-05-12 16:40:00,141.56171,40.668580000000006,ATK_29B_S1,2024,Axy,300,14437.288601602995,3
2024-05-12 16:45:00,141.56231000000002,40.669360000000005,ATK_29B_S1,2024,Axy,300,14525.184722212827,3
2024-05-12 16:50:00,141.56283000000002,40.67007,ATK_29B_S1,2024,Axy,300,14605.265719064442,3
2024-05-12 16:55:00,141.56354999999996,40.67076,ATK_29B_S1,2024,Axy,300,14683.81594541753,3
2024-05-12 17:00:00,141.56416,40.67155,ATK_29B_S1,2024,Axy,300,14773.341408874434,3
2024-05-12 17:05:00,141.56549,40.67192,ATK_29B_S1,2024,Axy,300,14819.043599842795,3
2024-05-12 17:10:00,141.56694000000002,40.67366,ATK_29B_S1,2024,Axy,300,15018.029448479398,3
2024-05-12 17:15:00,141.56548,40.68984,ATK_29B_S1,2024,Axy,300,16807.201269105364,3
2024-05-12 17:20:00,141.56564,40.69073000000001,ATK_29B_S1,2024,Axy,300,16906.49570220619,3
2024-05-12 17:25:00,141.56636,40.69097000000001,ATK_29B_S1,2024,Axy,300,16935.68219482704,3
2024-05-12 17:30:00,141.56704000000002,40.69144,ATK_29B_S1,2024,Axy,300,16990.43216733003,3
2024-05-12 17:35:00,141.56758,40.69207000000001,ATK_29B_S1,2024,Axy,300,17062.515234342787,3
2024-05-12 17:40:00,141.57154,40.69771000000001,ATK_29B_S1,2024,Axy,300,17707.241470939698,3
2024-05-12 17:45:00,141.58957999999998,40.738260000000004,ATK_29B_S1,2024,Axy,300,22335.348212620367,3
2024-05-12 17:50:00,141.58763000000002,40.77484,ATK_29B_S1,2024,Axy,300,26355.74022485485,3
2024-05-12 17:55:00,141.57602,40.78569,ATK_29B_S1,2024,Axy,300,27482.17296492039,3
2024-05-12 18:00:00,141.57711,40.78582,ATK_29B_S1,2024,Axy,300,27501.96078811395,3
2024-05-12 18:05:00,141.57807,40.78586,ATK_29B_S1,2024,Axy,300,27511.382501105905,3
2024-05-12 18:10:00,141.57909999999998,40.78582,ATK_29B_S1,2024,Axy,300,27512.567015186956,3
2024-05-12 18:15:00,141.58003000000002,40.785900000000005,ATK_29B_S1,2024,Axy,300,27526.73792501048,3
2024-05-12 18:20:00,141.58107,40.78589,ATK_29B_S1,2024,Axy,300,27531.829221876724,3
2024-05-12 18:25:00,141.58237000000003,40.786010000000005,ATK_29B_S1,2024,Axy,300,27553.258388853526,3
2024-05-12 18:30:00,141.58312,40.78585,ATK_29B_S1,2024,Axy,300,27540.438578624035,3
2024-05-12 18:35:00,141.58383,40.78609,ATK_29B_S1,2024,Axy,300,27571.77288687057,3
2024-05-12 18:40:00,141.58023000000003,40.78724,ATK_29B_S1,2024,Axy,300,27676.355724775458,3
2024-05-12 18:45:00,141.58136000000002,40.78723,ATK_29B_S1,2024,Axy,300,27682.018414819257,3
2024-05-12 18:50:00,141.58240000000004,40.78757,ATK_29B_S1,2024,Axy,300,27726.18789533842,3
2024-05-12 18:55:00,141.58416,40.78759,ATK_29B_S1,2024,Axy,300,27740.05419381685,3
2024-05-12 19:00:00,141.58562,40.78804,ATK_29B_S1,2024,Axy,300,27800.111404546904,3
2024-05-12 19:05:00,141.58685,40.787879999999994,ATK_29B_S1,2024,Axy,300,27791.47115437738,3
2024-05-12 19:10:00,141.59169,40.77426,ATK_29B_S1,2024,Axy,300,26327.014272562963,3
2024-05-12 19:15:00,141.59059,40.769380000000005,ATK_29B_S1,2024,Axy,300,25778.197298554547,3
2024-05-12 19:20:00,141.59198,40.77205000000001,ATK_29B_S1,2024,Axy,300,26085.811684433567,3
2024-05-12 19:25:00,141.59228000000002,40.78049,ATK_29B_S1,2024,Axy,300,27020.154709072507,3
2024-05-12 19:30:00,141.59336,40.78034,ATK_29B_S1,2024,Axy,300,27013.666988113637,3
2024-05-12 19:35:00,141.59425,40.78056,ATK_29B_S1,2024,Axy,300,27046.464641332124,3
2024-05-12 19:40:00,141.59501,40.78068,ATK_29B_S1,2024,Axy,300,27067.13861375196,3
2024-05-12 19:45:00,141.59591,40.78058,ATK_29B_S1,2024,Axy,300,27065.114255936536,3
2024-05-12 19:50:00,141.59685,40.78067,ATK_29B_S1,2024,Axy,300,27084.662718391002,3
2024-05-12 19:55:00,141.59794000000002,40.78098,ATK_29B_S1,2024,Axy,300,27130.263454837877,3
2024-05-12 20:00:00,141.59894000000003,40.78085,ATK_29B_S1,2024,Axy,300,27126.710044911077,3
2024-05-12 20:05:00,141.60009,40.780710000000006,ATK_29B_S1,2024,Axy,300,27124.0042020628,3
2024-05-12 20:10:00,141.60121,40.781,ATK_29B_S1,2024,Axy,300,27168.617761973463,3
2024-05-12 20:15:00,141.60214000000002,40.78087,ATK_29B_S1,2024,Axy,300,27165.107735852278,3
2024-05-12 20:20:00,141.60355999999996,40.781659999999995,ATK_29B_S1,2024,Axy,300,27268.84449919281,3
2024-05-12 20:25:00,141.60392,40.78104,ATK_29B_S1,2024,Axy,300,27205.067330837923,3
2024-05-12 20:30:00,141.60431,40.78047,ATK_29B_S1,2024,Axy,300,27147.211446169,3
2024-05-12 20:35:00,141.6054,40.78045,ATK_29B_S1,2024,Axy,300,27158.57990686512,3
2024-05-12 20:40:00,141.60691,40.78117,ATK_29B_S1,2024,Axy,300,27256.886615252035,3
2024-05-12 20:45:00,141.60877,40.78134,ATK_29B_S1,2024,Axy,300,27300.030445651442,3
2024-05-12 20:50:00,141.60896,40.7813,ATK_29B_S1,2024,Axy,300,27298.1964956744,3
2024-05-12 20:55:00,141.61123,40.78149,ATK_29B_S1,2024,Axy,300,27350.200557447588,3
2024-05-12 21:00:00,141.61294,40.781459999999996,ATK_29B_S1,2024,Axy,300,27371.2674425708,3
2024-05-12 21:05:00,141.61414999999997,40.78145,ATK_29B_S1,2024,Axy,300,27387.85384693293,3
2024-05-12 21:10:00,141.61674,40.7817,ATK_29B_S1,2024,Axy,300,27454.239472670142,3
2024-05-12 21:15:00,141.61776999999998,40.78172,ATK_29B_S1,2024,Axy,300,27472.42165785148,3
2024-05-12 21:20:00,141.61977999999996,40.78268,ATK_29B_S1,2024,Axy,300,27609.05144066429,3
2024-05-12 21:25:00,141.62059,40.78307,ATK_29B_S1,2024,Axy,300,27664.673091370096,3
2024-05-12 21:30:00,141.62159,40.783210000000004,ATK_29B_S1,2024,Axy,300,27696.32541061235,3
2024-05-12 21:35:00,141.62287,40.78328,ATK_29B_S1,2024,Axy,300,27725.293374388464,3
2024-05-12 21:40:00,141.62402,40.783300000000004,ATK_29B_S1,2024,Axy,300,27746.99131789042,3
2024-05-12 21:45:00,141.62519,40.78349,ATK_29B_S1,2024,Axy,300,27787.834142992822,3
2024-05-12 21:50:00,141.63151,40.787459999999996,ATK_29B_S1,2024,Axy,300,28332.459552482025,3
2024-05-12 21:55:00,141.63203000000001,40.78769,ATK_29B_S1,2024,Axy,300,28367.093537637895,3
2024-05-12 22:00:00,141.63359999999997,40.78819000000001,ATK_29B_S1,2024,Axy,300,28450.925617912275,3
2024-05-12 22:05:00,141.63512,40.788590000000006,ATK_29B_S1,2024,Axy,300,28523.458369899385,3
2024-05-12 22:10:00,141.63951999999998,40.79842000000001,ATK_29B_S1,2024,Axy,300,29671.457036816482,3
2024-05-12 22:15:00,141.64072,40.798460000000006,ATK_29B_S1,2024,Axy,300,29699.62244418692,3
2024-05-12 22:20:00,141.64146,40.799220000000005,ATK_29B_S1,2024,Axy,300,29796.4481949005,3
2024-05-12 22:25:00,141.64304999999996,40.798710000000014,ATK_29B_S1,2024,Axy,300,29773.78708680242,3
2024-05-12 22:30:00,141.64419999999998,40.79890000000001,ATK_29B_S1,2024,Axy,300,29817.982785241096,3
2024-05-12 22:35:00,141.64549999999997,40.79895000000001,ATK_29B_S1,2024,Axy,300,29850.542445575018,3
2024-05-12 22:40:00,141.64683,40.79915000000001,ATK_29B_S1,2024,Axy,300,29900.22832765056,3
2024-05-12 22:45:00,141.648,40.799220000000005,ATK_29B_S1,2024,Axy,300,29932.858264690367,3
2024-05-12 22:50:00,141.64924999999997,40.79896000000001,ATK_29B_S1,2024,Axy,300,29932.13604298127,3
2024-05-12 22:55:00,141.65049000000002,40.79914000000001,ATK_29B_S1,2024,Axy,300,29978.73901813206,3
2024-05-12 23:00:00,141.65176,40.79927000000001,ATK_29B_S1,2024,Axy,300,30020.968485219095,3
2024-05-12 23:05:00,141.65314999999998,40.79903000000001,ATK_29B_S1,2024,Axy,300,30026.684506329875,3
2024-05-12 23:10:00,141.65423,40.79911000000001,ATK_29B_S1,2024,Axy,300,30059.931504903878,3
2024-05-12 23:15:00,141.65562,40.799220000000005,ATK_29B_S1,2024,Axy,300,30103.83020322705,3
2024-05-12 23:20:00,141.65688,40.79918000000001,ATK_29B_S1,2024,Axy,300,30129.069608471273,3
2024-05-12 23:25:00,141.65820000000002,40.79923000000001,ATK_29B_S1,2024,Axy,300,30165.682780572413,3
2024-05-12 23:30:00,141.65963,40.79903000000001,ATK_29B_S1,2024,Axy,300,30178.719652347518,3
2024-05-12 23:35:00,141.66107,40.79892000000001,ATK_29B_S1,2024,Axy,300,30202.060828182228,3
2024-05-12 23:40:00,141.66249000000002,40.79896000000001,ATK_29B_S1,2024,Axy,300,30241.305054628152,3
2024-05-12 23:45:00,141.66406999999998,40.79883000000001,ATK_29B_S1,2024,Axy,300,30266.972559539758,3
2024-05-12 23:50:00,141.66531,40.79897000000001,ATK_29B_S1,2024,Axy,300,30313.14831667163,3
2024-05-12 23:55:00,141.66653,40.798910000000014,ATK_29B_S1,2024,Axy,300,30337.95236626588,3
2024-05-13 00:00:00,141.66809,40.79889000000001,ATK_29B_S1,2024,Axy,300,30376.144513510477,3
2024-05-13 00:05:00,141.66917999999998,40.79890000000001,ATK_29B_S1,2024,Axy,300,30405.67173114891,3
2024-05-13 00:10:00,141.67061999999999,40.79899000000001,ATK_29B_S1,2024,Axy,300,30453.158939320892,3
2024-05-13 00:15:00,141.67247,40.79896000000001,ATK_29B_S1,2024,Axy,300,30499.44921255228,3
2024-05-13 00:20:00,141.67611,40.79975000000001,ATK_29B_S1,2024,Axy,300,30681.73853420063,3
2024-05-13 00:25:00,141.68214000000003,40.79956000000001,ATK_29B_S1,2024,Axy,300,30832.19010950301,3
2024-05-13 00:30:00,141.68277,40.79970000000001,ATK_29B_S1,2024,Axy,300,30865.023991827926,3
2024-05-13 00:35:00,141.68384,40.79945000000001,ATK_29B_S1,2024,Axy,300,30870.118713985976,3
2024-05-13 00:40:00,141.68436,40.79954000000001,ATK_29B_S1,2024,Axy,300,30894.72018033403,3
2024-05-13 00:45:00,141.68527,40.79963000000001,ATK_29B_S1,2024,Axy,300,30930.860931394254,3
2024-05-13 00:50:00,141.68601,40.79961000000001,ATK_29B_S1,2024,Axy,300,30950.67397929826,3
2024-05-13 00:55:00,141.68694000000002,40.79946,ATK_29B_S1,2024,Axy,300,30962.7663458552,3
2024-05-13 01:00:00,141.68726,40.799440000000004,ATK_29B_S1,2024,Axy,300,30970.256702947718,3
2024-05-13 01:05:00,141.68838000000002,40.79930000000001,ATK_29B_S1,2024,Axy,300,30989.38615623764,3
2024-05-13 01:10:00,141.68918,40.799080000000004,ATK_29B_S1,2024,Axy,300,30990.79030652099,3
2024-05-13 01:15:00,141.68973,40.799040000000005,ATK_29B_S1,2024,Axy,300,31003.37319177828,3
2024-05-13 01:20:00,141.69043000000002,40.799600000000005,ATK_29B_S1,2024,Axy,300,31082.71187717786,3
2024-05-13 01:25:00,141.69276,40.799670000000006,ATK_29B_S1,2024,Axy,300,31161.66899875803,3
2024-05-13 01:30:00,141.69350999999997,40.79954000000001,ATK_29B_S1,2024,Axy,300,31171.565563424632,3
2024-05-13 01:35:00,141.69362999999998,40.79950000000001,ATK_29B_S1,2024,Axy,300,31171.180217007677,3
2024-05-13 01:40:00,141.69141000000002,40.79921000000001,ATK_29B_S1,2024,Axy,300,31072.420255349556,3
2024-05-13 01:45:00,141.69046,40.79951000000001,ATK_29B_S1,2024,Axy,300,31074.312488700885,3
2024-05-13 01:50:00,141.68618,40.79879000000001,ATK_29B_S1,2024,Axy,300,30870.499011571632,3
2024-05-13 01:55:00,141.69111,40.79786,ATK_29B_S1,2024,Axy,300,30923.61492197342,3
2024-05-13 02:00:00,141.69229,40.79721000000001,ATK_29B_S1,2024,Axy,300,30893.08770782109,3
2024-05-13 02:05:00,141.69317999999998,40.79724,ATK_29B_S1,2024,Axy,300,30924.002188137063,3
2024-05-13 02:10:00,141.69449999999998,40.79581000000001,ATK_29B_S1,2024,Axy,300,30818.366834297063,3
2024-05-13 02:15:00,141.69537,40.795640000000006,ATK_29B_S1,2024,Axy,300,30828.599287976253,3
2024-05-13 02:20:00,141.6962,40.795710000000014,ATK_29B_S1,2024,Axy,300,30862.376039100804,3
2024-05-13 02:25:00,141.69748,40.79537000000001,ATK_29B_S1,2024,Axy,300,30868.76982981164,3
2024-05-13 02:30:00,141.69813000000002,40.79549000000001,ATK_29B_S1,2024,Axy,300,30902.16751378168,3
2024-05-13 02:35:00,141.6993,40.79521000000001,ATK_29B_S1,2024,Axy,300,30911.687644208785,3
2024-05-13 02:40:00,141.70012,40.79462,ATK_29B_S1,2024,Axy,300,30878.315203190115,3
2024-05-13 02:45:00,141.70038,40.794610000000006,ATK_29B_S1,2024,Axy,300,30885.8800890528,3
2024-05-13 02:50:00,141.70087999999998,40.79453000000001,ATK_29B_S1,2024,Axy,300,30894.26098857355,3
2024-05-13 02:55:00,141.70217,40.794320000000006,ATK_29B_S1,2024,Axy,300,30915.785133973055,3
2024-05-13 03:00:00,141.70238,40.79449,ATK_29B_S1,2024,Axy,300,30940.14149407741,3
2024-05-13 03:05:00,141.70310999999998,40.794500000000006,ATK_29B_S1,2024,Axy,300,30965.635396767262,3
2024-05-13 03:10:00,141.70381999999998,40.79462,ATK_29B_S1,2024,Axy,300,31001.754164154165,3
2024-05-13 03:15:00,141.70432,40.79458,ATK_29B_S1,2024,Axy,300,31014.569748565766,3
2024-05-13 03:20:00,141.70475999999996,40.794650000000004,ATK_29B_S1,2024,Axy,300,31036.589443886278,3
2024-05-13 03:25:00,141.70532,40.79458,ATK_29B_S1,2024,Axy,300,31048.48995078714,3
2024-05-13 03:30:00,141.70574999999997,40.79451000000001,ATK_29B_S1,2024,Axy,300,31056.02445663872,3
2024-05-13 03:35:00,141.70638,40.794670000000004,ATK_29B_S1,2024,Axy,300,31093.792343726996,3
2024-05-13 03:40:00,141.70678999999998,40.79290000000001,ATK_29B_S1,2024,Axy,300,30928.334653570193,3
2024-05-13 03:45:00,141.70644000000001,40.792480000000005,ATK_29B_S1,2024,Axy,300,30873.69557338297,3
2024-05-13 03:50:00,141.69955999999996,40.78447,ATK_29B_S1,2024,Axy,300,29825.062173240553,3
2024-05-13 03:55:00,141.68243000000004,40.76517000000001,ATK_29B_S1,2024,Axy,300,27284.557858417535,3
2024-05-13 04:00:00,141.66354999999996,40.74366,ATK_29B_S1,2024,Axy,300,24470.762298972295,3
2024-05-13 04:05:00,141.64875999999998,40.71936,ATK_29B_S1,2024,Axy,300,21502.794670350046,3
2024-05-13 04:10:00,141.63486999999998,40.70108,ATK_29B_S1,2024,Axy,300,19190.251564815353,3
2024-05-13 04:15:00,141.61722,40.678000000000004,ATK_29B_S1,2024,Axy,300,16280.70458639152,3
2024-05-13 04:20:00,141.5994,40.65307,ATK_29B_S1,2024,Axy,300,13193.964699687202,3
2024-05-13 04:25:00,141.58761,40.63015000000001,ATK_29B_S1,2024,Axy,300,10478.188000449785,3
2024-05-13 04:30:00,141.57273,40.60862,ATK_29B_S1,2024,Axy,300,7879.533715382966,3
2024-05-13 04:35:00,141.56253,40.58654,ATK_29B_S1,2024,Axy,300,5339.160109819404,3
2024-05-13 04:40:00,141.55739000000003,40.56069,ATK_29B_S1,2024,Axy,300,2452.366715256312,3
2024-05-13 11:20:00,141.50589,40.54173,ATK_29B_S1,2024,Axy,300,4394.699572921027,4
2024-05-13 11:25:00,141.50854999999999,40.54281,ATK_29B_S1,2024,Axy,300,4181.743965198936,4
2024-05-13 11:30:00,141.51451999999998,40.54731,ATK_29B_S1,2024,Axy,300,3775.5343880056516,4
2024-05-13 11:35:00,141.51459999999997,40.54733,ATK_29B_S1,2024,Axy,300,3769.5531315957787,4
2024-05-13 11:40:00,141.51449,40.54735,ATK_29B_S1,2024,Axy,300,3779.128896171851,4
2024-05-13 11:45:00,141.51467999999997,40.54699,ATK_29B_S1,2024,Axy,300,3753.470657209157,4
2024-05-13 11:50:00,141.51435999999998,40.54715,ATK_29B_S1,2024,Axy,300,3784.1491590111423,4
2024-05-13 11:55:00,141.51441,40.54721,ATK_29B_S1,2024,Axy,300,3781.725085136902,4
2024-05-13 12:00:00,141.51444,40.54738,ATK_29B_S1,2024,Axy,300,3784.0781143572653,4
2024-05-13 12:05:00,141.51576999999997,40.556779999999996,ATK_29B_S1,2024,Axy,300,4077.9626341563057,4
2024-05-13 12:10:00,141.51565999999997,40.556659999999994,ATK_29B_S1,2024,Axy,300,4079.4998295350942,4
2024-05-13 12:15:00,141.51534999999998,40.55653,ATK_29B_S1,2024,Axy,300,4095.3576472005375,4
2024-05-13 12:20:00,141.51561999999998,40.55676,ATK_29B_S1,2024,Axy,300,4087.9134047495136,4
2024-05-13 12:25:00,141.51568999999998,40.55667,ATK_29B_S1,2024,Axy,300,4077.832707640582,4
2024-05-13 12:30:00,141.51645,40.55519,ATK_29B_S1,2024,Axy,300,3942.5479726737567,4
2024-05-13 12:35:00,141.5351,40.55852,ATK_29B_S1,2024,Axy,300,2919.4928849722833,4
2024-05-13 12:40:00,141.53479,40.55878,ATK_29B_S1,2024,Axy,300,2958.503945289502,4
2024-05-13 12:45:00,141.53489,40.558710000000005,ATK_29B_S1,2024,Axy,300,2947.086187995133,4
2024-05-13 12:50:00,141.53504,40.55883,ATK_29B_S1,2024,Axy,300,2948.94125369737,4
2024-05-13 12:55:00,141.5349,40.55895,ATK_29B_S1,2024,Axy,300,2966.773987957629,4
2024-05-13 13:00:00,141.53498,40.55894,ATK_29B_S1,2024,Axy,300,2961.5392338413817,4
2024-05-13 13:05:00,141.53486999999998,40.558530000000005,ATK_29B_S1,2024,Axy,300,2933.087752518786,4
2024-05-13 13:10:00,141.53494,40.55876,ATK_29B_S1,2024,Axy,300,2948.534560715893,4
2024-05-13 13:15:00,141.53503,40.55889,ATK_29B_S1,2024,Axy,300,2954.565949134878,4
2024-05-13 13:20:00,141.53492,40.55899,ATK_29B_S1,2024,Axy,300,2969.060660549893,4
2024-05-13 13:25:00,141.53492,40.559,ATK_29B_S1,2024,Axy,300,2969.9072319043116,4
2024-05-13 13:30:00,141.53504,40.558839999999996,ATK_29B_S1,2024,Axy,300,2949.786911636371,4
2024-05-13 13:35:00,141.53495999999998,40.558879999999995,ATK_29B_S1,2024,Axy,300,2957.561442665863,4
2024-05-13 13:40:00,141.53509,40.55887,ATK_29B_S1,2024,Axy,300,2949.584897362228,4
2024-05-13 13:45:00,141.5351,40.55889,ATK_29B_S1,2024,Axy,300,2950.732094164267,4
2024-05-13 13:50:00,141.53493,40.559239999999996,ATK_29B_S1,2024,Axy,300,2989.7325479981882,4
2024-05-13 13:55:00,141.53492,40.55905,ATK_29B_S1,2024,Axy,300,2974.1426932773047,4
2024-05-13 14:00:00,141.53502,40.55913,ATK_29B_S1,2024,Axy,300,2975.475613086444,4
2024-05-13 14:05:00,141.53498,40.55916,ATK_29B_S1,2024,Axy,300,2980.205333988746,4
2024-05-13 14:10:00,141.53504999999998,40.55899,ATK_29B_S1,2024,Axy,300,2961.9463544304917,4
2024-05-13 14:15:00,141.53483,40.55914,ATK_29B_S1,2024,Axy,300,2986.6955798058098,4
2024-05-13 14:20:00,141.53515,40.55897,ATK_29B_S1,2024,Axy,300,2954.790246289009,4
2024-05-13 14:25:00,141.53516,40.55903,ATK_29B_S1,2024,Axy,300,2959.347572282413,4
2024-05-13 14:30:00,141.53502,40.559039999999996,ATK_29B_S1,2024,Axy,300,2967.8284107254312,4
2024-05-13 14:35:00,141.53486999999998,40.55907,ATK_29B_S1,2024,Axy,300,2978.574448304403,4
2024-05-13 14:40:00,141.53485999999998,40.559259999999995,ATK_29B_S1,2024,Axy,300,2995.245016172729,4
2024-05-13 14:45:00,141.53507,40.559079999999994,ATK_29B_S1,2024,Axy,300,2968.5004436133863,4
2024-05-13 14:50:00,141.53493,40.55999,ATK_29B_S1,2024,Axy,300,3054.022052699017,4
2024-05-13 14:55:00,141.55021000000002,40.55519,ATK_29B_S1,2024,Axy,300,1945.1248234020954,4
2024-05-14 04:15:00,141.57608,40.574259999999995,ATK_29B_S1,2024,Axy,300,4257.251027659896,5
2024-05-14 04:20:00,141.58565,40.60495,ATK_29B_S1,2024,Axy,300,7740.530292694667,5
2024-05-14 04:25:00,141.59503,40.637100000000004,ATK_29B_S1,2024,Axy,300,11387.029254762369,5
2024-05-14 04:30:00,141.60119,40.65872,ATK_29B_S1,2024,Axy,300,13839.009955200816,5
2024-05-14 04:35:00,141.60262,40.68836,ATK_29B_S1,2024,Axy,300,17060.39554259108,5
2024-05-14 04:40:00,141.60061,40.719879999999996,ATK_29B_S1,2024,Axy,300,20456.07083089495,5
2024-05-14 04:45:00,141.60023,40.747550000000004,ATK_29B_S1,2024,Axy,300,23481.07723403295,5
2024-05-14 04:50:00,141.61782,40.77745,ATK_29B_S1,2024,Axy,300,27007.413529891426,5
2024-05-14 04:55:00,141.61914,40.778960000000005,ATK_29B_S1,2024,Axy,300,27193.23987896046,5
2024-05-14 05:00:00,141.62059,40.77832000000001,ATK_29B_S1,2024,Axy,300,27147.28370413183,5
2024-05-14 05:05:00,141.61756999999997,40.78948,ATK_29B_S1,2024,Axy,300,28316.62258713647,5
2024-05-14 05:10:00,141.59727,40.80497,ATK_29B_S1,2024,Axy,300,29768.58770348859,5
2024-05-14 05:15:00,141.57299999999998,40.817119999999996,ATK_29B_S1,2024,Axy,300,30955.694012620144,5
2024-05-14 05:20:00,141.53996999999998,40.814389999999996,ATK_29B_S1,2024,Axy,300,30661.409098505,5
2024-05-14 05:25:00,141.53817,40.8153,ATK_29B_S1,2024,Axy,300,30770.095531002546,5
2024-05-14 05:30:00,141.51738,40.81925,ATK_29B_S1,2024,Axy,300,31349.82544346657,5
2024-05-14 05:35:00,141.49138000000002,40.816469999999995,ATK_29B_S1,2024,Axy,300,31359.953555314187,5
2024-05-14 05:40:00,141.48116000000002,40.80632,ATK_29B_S1,2024,Axy,300,30423.43684525015,5
2024-05-14 05:45:00,141.47736,40.7884,ATK_29B_S1,2024,Axy,300,28556.823721022523,5
2024-05-14 05:50:00,141.45428,40.78187,ATK_29B_S1,2024,Axy,300,28391.73375386211,5
2024-05-14 05:55:00,141.44028,40.78324,ATK_29B_S1,2024,Axy,300,28920.9632572433,5
2024-05-14 06:00:00,141.44038,40.78338,ATK_29B_S1,2024,Axy,300,28932.665254849402,5
2024-05-14 06:05:00,141.43994999999998,40.78285,ATK_29B_S1,2024,Axy,300,28889.89454949566,5
2024-05-14 06:10:00,141.43977999999998,40.78295000000001,ATK_29B_S1,2024,Axy,300,28905.27017774034,5
2024-05-14 06:15:00,141.43959999999998,40.783,ATK_29B_S1,2024,Axy,300,28915.73065714804,5
2024-05-14 06:20:00,141.43966999999998,40.78294,ATK_29B_S1,2024,Axy,300,28907.435894511487,5
2024-05-14 06:25:00,141.43967999999998,40.783100000000005,ATK_29B_S1,2024,Axy,300,28923.81792377813,5
2024-05-14 06:30:00,141.43961,40.783300000000004,ATK_29B_S1,2024,Axy,300,28946.701911099233,5
2024-05-14 06:35:00,141.43974999999998,40.783350000000006,ATK_29B_S1,2024,Axy,300,28947.834774599916,5
2024-05-14 06:40:00,141.43991,40.783300000000004,ATK_29B_S1,2024,Axy,300,28937.966783632783,5
2024-05-14 06:45:00,141.44046,40.78363,ATK_29B_S1,2024,Axy,300,28956.42745611526,5
2024-05-14 06:50:00,141.44026,40.78378,ATK_29B_S1,2024,Axy,300,28977.863790918695,5
2024-05-14 06:55:00,141.44011,40.78379,ATK_29B_S1,2024,Axy,300,28983.25285951566,5
2024-05-14 07:00:00,141.44075999999998,40.78444,ATK_29B_S1,2024,Axy,300,29032.3022968958,5
2024-05-14 07:05:00,141.43963,40.78548,ATK_29B_S1,2024,Axy,300,29173.438358683365,5
2024-05-14 07:10:00,141.43986999999998,40.78573000000001,ATK_29B_S1,2024,Axy,300,29192.594568922483,5
2024-05-14 07:15:00,141.43979,40.785720000000005,ATK_29B_S1,2024,Axy,300,29193.85883817869,5
2024-05-14 07:20:00,141.44023,40.786300000000004,ATK_29B_S1,2024,Axy,300,29241.744607093773,5
2024-05-14 07:25:00,141.46752,40.78049,ATK_29B_S1,2024,Axy,300,27919.942419868596,5
2024-05-14 07:30:00,141.46730000000002,40.8009,ATK_29B_S1,2024,Axy,300,30111.23847304465,5
2024-05-14 07:35:00,141.45832000000004,40.78942,ATK_29B_S1,2024,Axy,300,29090.034267626397,5
2024-05-14 07:40:00,141.44172,40.78438,ATK_29B_S1,2024,Axy,300,28998.504293154692,5
2024-05-14 07:45:00,141.44172,40.78452,ATK_29B_S1,2024,Axy,300,29013.133642113076,5
2024-05-14 07:50:00,141.44195,40.78492,ATK_29B_S1,2024,Axy,300,29048.382941579177,5
2024-05-14 07:55:00,141.44229,40.78497,ATK_29B_S1,2024,Axy,300,29043.94433511661,5
2024-05-14 08:00:00,141.44240000000002,40.78551000000001,ATK_29B_S1,2024,Axy,300,29097.308442156424,5
2024-05-14 08:05:00,141.44291,40.785940000000004,ATK_29B_S1,2024,Axy,300,29127.90937104797,5
2024-05-14 08:10:00,141.44334,40.78629,ATK_29B_S1,2024,Axy,300,29152.48118902648,5
2024-05-14 08:15:00,141.44402,40.78687,ATK_29B_S1,2024,Axy,300,29194.27464126608,5
2024-05-14 08:20:00,141.44449999999998,40.78714,ATK_29B_S1,2024,Axy,300,29209.26835317581,5
2024-05-14 08:25:00,141.44017,40.783300000000004,ATK_29B_S1,2024,Axy,300,28930.412201514962,5
2024-05-14 08:30:00,141.44499,40.75943,ATK_29B_S1,2024,Axy,300,26306.703352187546,5
2024-05-14 08:35:00,141.45444000000003,40.73837000000001,ATK_29B_S1,2024,Axy,300,23838.013516014362,5
2024-05-14 08:40:00,141.45462,40.73831000000001,ATK_29B_S1,2024,Axy,300,23826.243072693516,5
2024-05-14 08:45:00,141.45474000000002,40.73813000000001,ATK_29B_S1,2024,Axy,300,23803.931095845594,5
2024-05-14 08:50:00,141.45466,40.73809000000001,ATK_29B_S1,2024,Axy,300,23802.272674476353,5
2024-05-14 08:55:00,141.45510000000002,40.73832000000001,ATK_29B_S1,2024,Axy,300,23812.460663565107,5
2024-05-14 09:00:00,141.45494000000002,40.738260000000004,ATK_29B_S1,2024,Axy,300,23811.189932454905,5
2024-05-14 09:05:00,141.45506,40.73832000000001,ATK_29B_S1,2024,Axy,300,23813.69301888756,5
2024-05-14 09:10:00,141.45534000000004,40.73831000000001,ATK_29B_S1,2024,Axy,300,23804.040962574425,5
2024-05-14 09:15:00,141.45510000000002,40.73831000000001,ATK_29B_S1,2024,Axy,300,23811.42665574275,5
2024-05-14 09:20:00,141.45509,40.73834000000001,ATK_29B_S1,2024,Axy,300,23814.83672277158,5
2024-05-14 09:25:00,141.45509,40.73841000000001,ATK_29B_S1,2024,Axy,300,23822.07497286308,5
2024-05-14 09:30:00,141.45911,40.73686,ATK_29B_S1,2024,Axy,300,23539.371842353594,5
2024-05-14 09:35:00,141.47735,40.747170000000004,ATK_29B_S1,2024,Axy,300,24134.746893183186,5
2024-05-14 09:40:00,141.49831000000003,40.76217000000001,ATK_29B_S1,2024,Axy,300,25327.565830919575,5
2024-05-14 09:45:00,141.52369,40.76749,ATK_29B_S1,2024,Axy,300,25578.22631598714,5
2024-05-14 09:50:00,141.55222000000003,40.766180000000006,ATK_29B_S1,2024,Axy,300,25275.5329197132,5
2024-05-14 09:55:00,141.58204000000003,40.76426,ATK_29B_S1,2024,Axy,300,25143.30704505428,5
2024-05-14 10:00:00,141.61021,40.77485,ATK_29B_S1,2024,Axy,300,26608.798718719714,5
2024-05-14 10:05:00,141.62728,40.79806000000001,ATK_29B_S1,2024,Axy,300,29407.893886320355,5
2024-05-14 10:10:00,141.61136,40.780930000000005,ATK_29B_S1,2024,Axy,300,27290.707820348787,5
2024-05-14 10:15:00,141.60479999999998,40.75554,ATK_29B_S1,2024,Axy,300,24418.393373850326,5
2024-05-14 10:20:00,141.59212000000002,40.73013000000001,ATK_29B_S1,2024,Axy,300,21467.638248888707,5
2024-05-14 10:25:00,141.578,40.70161,ATK_29B_S1,2024,Axy,300,18183.108864492966,5
2024-05-14 10:30:00,141.56553,40.67443,ATK_29B_S1,2024,Axy,300,15097.644877355655,5
2024-05-14 10:35:00,141.56536,40.6618,ATK_29B_S1,2024,Axy,300,13695.947922635094,5
2024-05-14 10:40:00,141.56575999999998,40.6617,ATK_29B_S1,2024,Axy,300,13686.522097615914,5
2024-05-14 10:45:00,141.56593,40.662580000000005,ATK_29B_S1,2024,Axy,300,13784.848229137577,5
2024-05-14 10:50:00,141.56640000000002,40.662040000000005,ATK_29B_S1,2024,Axy,300,13727.06189227854,5
2024-05-14 10:55:00,141.56665999999998,40.66192,ATK_29B_S1,2024,Axy,300,13714.968329753528,5
2024-05-14 11:00:00,141.56718,40.66048,ATK_29B_S1,2024,Axy,300,13557.873870518542,5
2024-05-14 11:05:00,141.56568,40.657469999999996,ATK_29B_S1,2024,Axy,300,13217.060294888732,5
2024-05-14 11:10:00,141.56135,40.64681,ATK_29B_S1,2024,Axy,300,12019.7895014508,5
2024-05-14 11:15:00,141.53974,40.623450000000005,ATK_29B_S1,2024,Axy,300,9542.165210008667,5
2024-05-14 11:20:00,141.52491,40.598060000000004,ATK_29B_S1,2024,Axy,300,7159.057682727615,5
2024-05-14 11:25:00,141.51444999999998,40.571310000000004,ATK_29B_S1,2024,Axy,300,5152.436901632652,5
2024-05-14 11:30:00,141.52366999999998,40.55661,ATK_29B_S1,2024,Axy,300,3501.3009014944737,5
2024-05-14 11:35:00,141.52673000000001,40.55809,ATK_29B_S1,2024,Axy,300,3394.137613784015,5
2024-05-14 11:40:00,141.53499,40.55836,ATK_29B_S1,2024,Axy,300,2912.1801961392316,5
2024-05-14 11:45:00,141.53477999999998,40.558679999999995,ATK_29B_S1,2024,Axy,300,2950.6602804873237,5
2024-05-14 11:50:00,141.53543000000002,40.558170000000004,ATK_29B_S1,2024,Axy,300,2871.809839354436,5
2024-05-14 11:55:00,141.54942,40.54833000000001,ATK_29B_S1,2024,Axy,300,1283.1495352204242,5
2024-05-14 12:00:00,141.54952999999998,40.548300000000005,ATK_29B_S1,2024,Axy,300,1275.3263297682972,5
2024-05-14 12:05:00,141.54963999999998,40.54834,ATK_29B_S1,2024,Axy,300,1274.1195392421537,5
2024-05-14 12:10:00,141.54951999999997,40.54824,ATK_29B_S1,2024,Axy,300,1270.1642957456581,5
2024-05-14 12:15:00,141.54946999999999,40.54815000000001,ATK_29B_S1,2024,Axy,300,1264.062279434442,5
2024-05-14 12:20:00,141.54941,40.54807,ATK_29B_S1,2024,Axy,300,1259.417756725794,5
2024-05-14 12:25:00,141.54944999999998,40.548300000000005,ATK_29B_S1,2024,Axy,300,1278.9733279740049,5
2024-05-14 12:30:00,141.54949,40.54827,ATK_29B_S1,2024,Axy,300,1274.3401307207614,5
2024-05-14 12:35:00,141.54944999999998,40.54847,ATK_29B_S1,2024,Axy,300,1294.9014078034588,5
2024-05-14 12:40:00,141.54951999999997,40.54792,ATK_29B_S1,2024,Axy,300,1240.3845045657695,5
2024-05-10 05:25:00,141.53777,40.56048,ATK_2B_S1,2024,Axy,300,2953.3450429736463,1
2024-05-10 05:30:00,141.52110000000002,40.54976,ATK_2B_S1,2024,Axy,300,3331.082370736165,1
2024-05-10 05:35:00,141.50965999999997,40.54306,ATK_2B_S1,2024,Axy,300,4091.565164602646,1
2024-05-10 05:40:00,141.50967999999997,40.54304,ATK_2B_S1,2024,Axy,300,4089.6158956026466,1
2024-05-10 05:45:00,141.52692000000002,40.57752,ATK_2B_S1,2024,Axy,300,5042.41586760111,1
2024-05-10 05:50:00,141.52778,40.60794,ATK_2B_S1,2024,Axy,300,8102.778668365803,1
2024-05-10 05:55:00,141.51731,40.62200000000001,ATK_2B_S1,2024,Axy,300,9868.922647903315,1
2024-05-10 06:00:00,141.49371,40.61826,ATK_2B_S1,2024,Axy,300,10368.38387541115,1
2024-05-10 06:05:00,141.49442000000002,40.618750000000006,ATK_2B_S1,2024,Axy,300,10383.733481496109,1
2024-05-10 06:10:00,141.49452,40.61918,ATK_2B_S1,2024,Axy,300,10420.336646638365,1
2024-05-10 06:15:00,141.49444000000003,40.618770000000005,ATK_2B_S1,2024,Axy,300,10384.764484461693,1
2024-05-10 06:20:00,141.49563,40.61916,ATK_2B_S1,2024,Axy,300,10370.563022364504,1
2024-05-10 06:25:00,141.49696,40.61956,ATK_2B_S1,2024,Axy,300,10352.583393920078,1
2024-05-10 06:30:00,141.49738000000002,40.61982,ATK_2B_S1,2024,Axy,300,10360.111096082213,1
2024-05-10 06:35:00,141.49441000000002,40.620560000000005,ATK_2B_S1,2024,Axy,300,10556.900901973731,1
2024-05-10 06:40:00,141.49669,40.61382,ATK_2B_S1,2024,Axy,300,9816.30198543416,1
2024-05-10 06:45:00,141.50157,40.61876,ATK_2B_S1,2024,Axy,300,10086.18110507895,1
2024-05-10 06:50:00,141.50254,40.618930000000006,ATK_2B_S1,2024,Axy,300,10064.535479691884,1
2024-05-10 06:55:00,141.50383,40.61888,ATK_2B_S1,2024,Axy,300,10009.464882306307,1
2024-05-10 07:00:00,141.50703000000001,40.60888,ATK_2B_S1,2024,Axy,300,8901.35025027839,1
2024-05-10 07:05:00,141.49854000000002,40.60528,ATK_2B_S1,2024,Axy,300,8934.74733645225,1
2024-05-10 07:10:00,141.48153000000002,40.60665,ATK_2B_S1,2024,Axy,300,9929.082764898714,1
2024-05-10 07:15:00,141.46564999999998,40.60333000000001,ATK_2B_S1,2024,Axy,300,10596.499844093945,1
2024-05-10 07:20:00,141.46282000000002,40.602050000000006,ATK_2B_S1,2024,Axy,300,10679.576523632126,1
2024-05-10 07:25:00,141.46276,40.60459,ATK_2B_S1,2024,Axy,300,10871.353722315098,1
2024-05-10 07:30:00,141.46574,40.606100000000005,ATK_2B_S1,2024,Axy,300,10801.89347867795,1
2024-05-10 07:35:00,141.46589,40.61543,ATK_2B_S1,2024,Axy,300,11535.981361879905,1
2024-05-10 07:40:00,141.46002000000001,40.62454,ATK_2B_S1,2024,Axy,300,12622.183995562307,1
2024-05-10 07:45:00,141.45744000000005,40.623200000000004,ATK_2B_S1,2024,Axy,300,12655.444373222163,1
2024-05-10 07:50:00,141.45510000000002,40.63121,ATK_2B_S1,2024,Axy,300,13455.601012762227,1
2024-05-10 07:55:00,141.4555,40.63054,ATK_2B_S1,2024,Axy,300,13376.946613647915,1
2024-05-10 08:00:00,141.46406,40.619839999999996,ATK_2B_S1,2024,Axy,300,12004.187249994222,1
2024-05-10 08:05:00,141.49197,40.60264,ATK_2B_S1,2024,Axy,300,9024.968059366915,1
2024-05-10 08:10:00,141.48985,40.60417,ATK_2B_S1,2024,Axy,300,9269.414556046997,1
2024-05-10 08:15:00,141.49044000000004,40.60083,ATK_2B_S1,2024,Axy,300,8949.290886450563,1
2024-05-10 08:20:00,141.48838000000003,40.59835000000001,ATK_2B_S1,2024,Axy,300,8853.01014890358,1
2024-05-10 08:25:00,141.48901,40.594970000000004,ATK_2B_S1,2024,Axy,300,8539.062096030648,1
2024-05-10 08:30:00,141.48720000000003,40.59467,ATK_2B_S1,2024,Axy,300,8619.977563917053,1
2024-05-10 08:35:00,141.48547000000002,40.59436,ATK_2B_S1,2024,Axy,300,8697.419744315057,1
2024-05-10 08:40:00,141.49087,40.59411000000001,ATK_2B_S1,2024,Axy,300,8362.092292799873,1
2024-05-10 08:45:00,141.48892000000004,40.588530000000006,ATK_2B_S1,2024,Axy,300,8035.34954780589,1
2024-05-10 08:50:00,141.49177,40.58544,ATK_2B_S1,2024,Axy,300,7624.431404343796,1
2024-05-10 08:55:00,141.49749000000003,40.57237000000001,ATK_2B_S1,2024,Axy,300,6322.991701830888,1
2024-05-10 09:00:00,141.5266,40.55883,ATK_2B_S1,2024,Axy,300,3455.4511135516523,1
2024-05-11 04:55:00,141.59223000000003,40.55788999999999,ATK_2B_S1,2024,Axy,300,3631.6379975605378,2
2024-05-11 05:00:00,141.61968999999996,40.57722,ATK_2B_S1,2024,Axy,300,6785.066362801022,2
2024-05-11 05:05:00,141.64302999999998,40.60187,ATK_2B_S1,2024,Axy,300,10083.754755822843,2
2024-05-11 05:10:00,141.66450999999998,40.62946,ATK_2B_S1,2024,Axy,300,13553.825340025434,2
2024-05-11 05:15:00,141.68218000000002,40.65992,ATK_2B_S1,2024,Axy,300,17107.49394555112,2
2024-05-11 05:20:00,141.69826,40.6908,ATK_2B_S1,2024,Axy,300,20671.406037883866,2
2024-05-11 05:25:00,141.71086999999997,40.721540000000005,ATK_2B_S1,2024,Axy,300,24099.972776721046,2
2024-05-11 05:30:00,141.72558999999998,40.7502,ATK_2B_S1,2024,Axy,300,27459.168965587374,2
2024-05-11 05:35:00,141.72736,40.75011000000001,ATK_2B_S1,2024,Axy,300,27528.418020679652,2
2024-05-11 05:40:00,141.73391999999998,40.75459,ATK_2B_S1,2024,Axy,300,28242.854170434093,2
2024-05-11 05:45:00,141.73388999999997,40.755100000000006,ATK_2B_S1,2024,Axy,300,28289.598048903605,2
2024-05-11 05:50:00,141.73381999999998,40.755520000000004,ATK_2B_S1,2024,Axy,300,28326.10425304961,2
2024-05-11 05:55:00,141.73559999999998,40.75647,ATK_2B_S1,2024,Axy,300,28495.071842484707,2
2024-05-11 06:00:00,141.7354,40.75684,ATK_2B_S1,2024,Axy,300,28521.020115021412,2
2024-05-11 06:05:00,141.73495999999997,40.75712,ATK_2B_S1,2024,Axy,300,28527.84149754132,2
2024-05-11 06:10:00,141.73465999999996,40.757659999999994,ATK_2B_S1,2024,Axy,300,28565.522949247796,2
2024-05-11 06:15:00,141.73444,40.75827,ATK_2B_S1,2024,Axy,300,28613.46292211006,2
2024-05-11 06:20:00,141.73441,40.75898,ATK_2B_S1,2024,Axy,300,28679.34342195348,2
2024-05-11 06:25:00,141.73438,40.75989,ATK_2B_S1,2024,Axy,300,28764.24909435839,2
2024-05-11 06:30:00,141.73349999999996,40.75994,ATK_2B_S1,2024,Axy,300,28730.37776736449,2
2024-05-11 06:35:00,141.73349,40.760630000000006,ATK_2B_S1,2024,Axy,300,28795.4793513518,2
2024-05-11 06:40:00,141.73302999999999,40.761190000000006,ATK_2B_S1,2024,Axy,300,28828.667762334702,2
2024-05-11 06:45:00,141.74150999999998,40.77988,ATK_2B_S1,2024,Axy,300,30979.546524971636,2
2024-05-11 06:50:00,141.76436999999999,40.81021,ATK_2B_S1,2024,Axy,300,34861.02324321104,2
2024-05-11 06:55:00,141.77160999999998,40.82402,ATK_2B_S1,2024,Axy,300,36494.680663134495,2
2024-05-11 07:00:00,141.78549,40.83262,ATK_2B_S1,2024,Axy,300,37909.097017033135,2
2024-05-11 07:05:00,141.78795,40.85315,ATK_2B_S1,2024,Axy,300,39988.87245076177,2
2024-05-11 07:10:00,141.7511,40.86367,ATK_2B_S1,2024,Axy,300,39629.1700219174,2
2024-05-11 07:15:00,141.74457999999996,40.874489999999994,ATK_2B_S1,2024,Axy,300,40508.07572954084,2
2024-05-11 07:20:00,141.74558999999996,40.87528,ATK_2B_S1,2024,Axy,300,40622.13723824797,2
2024-05-11 07:25:00,141.74623,40.87672,ATK_2B_S1,2024,Axy,300,40790.40130728466,2
2024-05-11 07:30:00,141.74701,40.87811000000001,ATK_2B_S1,2024,Axy,300,40958.18142435693,2
2024-05-11 07:35:00,141.74249999999998,40.88963999999999,ATK_2B_S1,2024,Axy,300,41995.98181465211,2
2024-05-11 07:40:00,141.75882000000001,40.92306,ATK_2B_S1,2024,Axy,300,45952.50355506472,2
2024-05-11 07:45:00,141.73254999999997,40.94719,ATK_2B_S1,2024,Axy,300,47718.1829753252,2
2024-05-11 07:50:00,141.68851,40.966330000000006,ATK_2B_S1,2024,Axy,300,48767.86205400141,2
2024-05-11 07:55:00,141.65335,40.9696,ATK_2B_S1,2024,Axy,300,48539.65541718258,2
2024-05-11 08:00:00,141.61718,40.968700000000005,ATK_2B_S1,2024,Axy,300,48025.80170577877,2
2024-05-11 08:05:00,141.5866,40.9607,ATK_2B_S1,2024,Axy,300,46937.050628879406,2
2024-05-11 08:10:00,141.57054,40.947359999999996,ATK_2B_S1,2024,Axy,300,45404.827053198635,2
2024-05-11 08:15:00,141.55468,40.93268,ATK_2B_S1,2024,Axy,300,43762.12007233028,2
2024-05-11 08:20:00,141.53283000000002,40.91187999999999,ATK_2B_S1,2024,Axy,300,41504.3358260777,2
2024-05-11 08:25:00,141.51346999999998,40.9005,ATK_2B_S1,2024,Axy,300,40360.37915158023,2
2024-05-11 08:30:00,141.51955999999996,40.88569,ATK_2B_S1,2024,Axy,300,38676.90644830431,2
2024-05-11 08:35:00,141.53944,40.87569,ATK_2B_S1,2024,Axy,300,37464.0221099348,2
2024-05-11 08:40:00,141.54551999999998,40.861019999999996,ATK_2B_S1,2024,Axy,300,35818.0040974657,2
2024-05-11 08:45:00,141.54745,40.84677,ATK_2B_S1,2024,Axy,300,34231.7243228977,2
2024-05-11 08:50:00,141.53194000000002,40.82946,ATK_2B_S1,2024,Axy,300,32371.452917330524,2
2024-05-11 08:55:00,141.50404,40.81795999999999,ATK_2B_S1,2024,Axy,300,31350.36694187116,2
2024-05-11 09:00:00,141.47902,40.80297,ATK_2B_S1,2024,Axy,300,30099.47391081579,2
2024-05-11 09:05:00,141.45664000000002,40.786750000000005,ATK_2B_S1,2024,Axy,300,28848.04876709845,2
2024-05-11 09:10:00,141.44026,40.770570000000006,ATK_2B_S1,2024,Axy,300,27604.51304270693,2
2024-05-11 09:15:00,141.43446,40.74714,ATK_2B_S1,2024,Axy,300,25391.926578666043,2
2024-05-11 09:20:00,141.43053,40.723690000000005,ATK_2B_S1,2024,Axy,300,23194.856391699246,2
2024-05-11 09:25:00,141.43014000000002,40.70136,ATK_2B_S1,2024,Axy,300,21046.826385718825,2
2024-05-11 09:30:00,141.44617,40.68458,ATK_2B_S1,2024,Axy,300,18753.386014975407,2
2024-05-11 09:35:00,141.45391,40.66784,ATK_2B_S1,2024,Axy,300,16821.809438834654,2
2024-05-11 09:40:00,141.44863,40.64717,ATK_2B_S1,2024,Axy,300,15179.959151487588,2
2024-05-11 09:45:00,141.45813000000004,40.62813000000001,ATK_2B_S1,2024,Axy,300,13028.921481317868,2
2024-05-11 09:50:00,141.46353,40.60626,ATK_2B_S1,2024,Axy,300,10949.599911280442,2
2024-05-11 09:55:00,141.46296,40.60487,ATK_2B_S1,2024,Axy,300,10879.841264366918,2
2024-05-11 10:00:00,141.46289000000002,40.604730000000004,ATK_2B_S1,2024,Axy,300,10873.710111244189,2
2024-05-11 10:05:00,141.46285,40.604839999999996,ATK_2B_S1,2024,Axy,300,10884.454107613416,2
2024-05-11 10:10:00,141.46756,40.59877000000001,ATK_2B_S1,2024,Axy,300,10137.789105251779,2
2024-05-11 10:15:00,141.48190000000002,40.581979999999994,ATK_2B_S1,2024,Axy,300,8019.026031088156,2
2024-05-11 10:20:00,141.50125,40.56054,ATK_2B_S1,2024,Axy,300,5358.897574167669,2
2024-05-11 10:25:00,141.52845000000002,40.54655,ATK_2B_S1,2024,Axy,300,2622.490184667345,2
2024-05-11 19:00:00,141.57564999999997,40.56018,ATK_2B_S1,2024,Axy,300,2841.841192385563,3
2024-05-11 19:05:00,141.60145,40.581889999999994,ATK_2B_S1,2024,Axy,300,6073.881526598374,3
2024-05-11 19:10:00,141.63156999999998,40.602990000000005,ATK_2B_S1,2024,Axy,300,9505.063355738892,3
2024-05-11 19:15:00,141.65924,40.62324,ATK_2B_S1,2024,Axy,300,12742.670213645493,3
2024-05-11 19:20:00,141.67173,40.639210000000006,ATK_2B_S1,2024,Axy,300,14769.907089557275,3
2024-05-11 19:25:00,141.6851,40.64818,ATK_2B_S1,2024,Axy,300,16264.515975802908,3
2024-05-11 19:30:00,141.68998,40.651779999999995,ATK_2B_S1,2024,Axy,300,16837.561515232373,3
2024-05-11 19:35:00,141.70655999999997,40.67964,ATK_2B_S1,2024,Axy,300,20104.564793760506,3
2024-05-11 19:40:00,141.73614999999998,40.707679999999996,ATK_2B_S1,2024,Axy,300,24098.41763256698,3
2024-05-11 19:45:00,141.77105999999998,40.73351000000001,ATK_2B_S1,2024,Axy,300,28187.180259380893,3
2024-05-11 19:50:00,141.79907999999998,40.75021,ATK_2B_S1,2024,Axy,300,31134.452224016153,3
2024-05-11 19:55:00,141.82083000000003,40.772650000000006,ATK_2B_S1,2024,Axy,300,34220.583064073624,3
2024-05-11 20:00:00,141.83244000000005,40.7845,ATK_2B_S1,2024,Axy,300,35857.58365634934,3
2024-05-11 20:05:00,141.85483000000002,40.801809999999996,ATK_2B_S1,2024,Axy,300,38546.99031568612,3
2024-05-11 20:10:00,141.88233000000005,40.81783999999999,ATK_2B_S1,2024,Axy,300,41414.924573379554,3
2024-05-11 20:15:00,141.91247,40.835170000000005,ATK_2B_S1,2024,Axy,300,44546.8090164751,3
2024-05-11 20:20:00,141.91591,40.835770000000004,ATK_2B_S1,2024,Axy,300,44792.11381687417,3
2024-05-11 20:25:00,141.93005,40.84276,ATK_2B_S1,2024,Axy,300,46172.472061065746,3
2024-05-11 20:30:00,141.94306999999998,40.84939,ATK_2B_S1,2024,Axy,300,47461.29517989765,3
2024-05-11 20:35:00,141.95218000000003,40.85231,ATK_2B_S1,2024,Axy,300,48226.34614423044,3
2024-05-11 20:40:00,141.96054,40.853699999999996,ATK_2B_S1,2024,Axy,300,48827.899599410826,3
2024-05-11 20:45:00,141.95688,40.8525,ATK_2B_S1,2024,Axy,300,48517.02691160968,3
2024-05-11 20:50:00,141.95576,40.846239999999995,ATK_2B_S1,2024,Axy,300,47954.636399545874,3
2024-05-11 20:55:00,141.95907,40.84183999999999,ATK_2B_S1,2024,Axy,300,47806.762699423736,3
2024-05-11 21:05:00,141.98656,40.828,ATK_2B_S1,2024,Axy,600,48453.26676924038,3
2024-05-11 21:10:00,141.98699000000002,40.82647,ATK_2B_S1,2024,Axy,300,48368.32969337307,3
2024-05-11 21:15:00,141.98787000000002,40.826170000000005,ATK_2B_S1,2024,Axy,300,48402.25968654811,3
2024-05-11 21:20:00,141.98919,40.82338,ATK_2B_S1,2024,Axy,300,48283.25603980385,3
2024-05-11 21:25:00,141.99020000000002,40.82238,ATK_2B_S1,2024,Axy,300,48275.454908120155,3
2024-05-11 21:30:00,141.99068,40.82152,ATK_2B_S1,2024,Axy,300,48244.135274508844,3
2024-05-11 21:35:00,141.99169,40.82064,ATK_2B_S1,2024,Axy,300,48245.65415529391,3
2024-05-11 21:40:00,141.99217000000002,40.8195,ATK_2B_S1,2024,Axy,300,48194.73415349996,3
2024-05-11 21:45:00,141.99382,40.81867999999999,ATK_2B_S1,2024,Axy,300,48242.57120385913,3
2024-05-11 21:50:00,141.9946,40.81773999999999,ATK_2B_S1,2024,Axy,300,48226.03756688658,3
2024-05-11 21:55:00,141.99545,40.81675,ATK_2B_S1,2024,Axy,300,48210.812515012534,3
2024-05-11 22:00:00,141.99619,40.81594,ATK_2B_S1,2024,Axy,300,48201.51654620807,3
2024-05-11 22:05:00,141.99723000000003,40.81477999999999,ATK_2B_S1,2024,Axy,300,48187.34845081195,3
2024-05-11 22:10:00,141.99824000000004,40.81395,ATK_2B_S1,2024,Axy,300,48194.89211281874,3
2024-05-11 22:15:00,141.99871000000002,40.81287,ATK_2B_S1,2024,Axy,300,48149.89557714768,3
2024-05-11 22:20:00,141.9991,40.811789999999995,ATK_2B_S1,2024,Axy,300,48099.940770812784,3
2024-05-11 22:25:00,141.99997,40.810939999999995,ATK_2B_S1,2024,Axy,300,48097.822889204945,3
2024-05-11 22:30:00,142.00078,40.810269999999996,ATK_2B_S1,2024,Axy,300,48104.54541965781,3
2024-05-11 22:35:00,142.00152,40.80949,ATK_2B_S1,2024,Axy,300,48099.246759382324,3
2024-05-11 22:40:00,142.00232000000003,40.80864,ATK_2B_S1,2024,Axy,300,48093.319802766855,3
2024-05-11 22:45:00,142.003,40.80805,ATK_2B_S1,2024,Axy,300,48097.62574196655,3
2024-05-11 22:50:00,142.00414999999998,40.80699,ATK_2B_S1,2024,Axy,300,48101.00154930918,3
2024-05-11 22:55:00,142.00491,40.80609,ATK_2B_S1,2024,Axy,300,48089.85837608804,3
2024-05-11 23:00:00,142.00558999999998,40.80569,ATK_2B_S1,2024,Axy,300,48107.77821014649,3
2024-05-11 23:05:00,142.00664,40.80491,ATK_2B_S1,2024,Axy,300,48124.60728147119,3
2024-05-11 23:10:00,142.00745,40.804199999999994,ATK_2B_S1,2024,Axy,300,48130.459809352324,3
2024-05-11 23:15:00,142.00820000000002,40.8035,ATK_2B_S1,2024,Axy,300,48133.200113074054,3
2024-05-11 23:20:00,142.0088,40.80281,ATK_2B_S1,2024,Axy,300,48126.77079438623,3
2024-05-11 23:25:00,142.00914999999998,40.80188999999999,ATK_2B_S1,2024,Axy,300,48088.257149254234,3
2024-05-11 23:30:00,142.00984999999997,40.801069999999996,ATK_2B_S1,2024,Axy,300,48080.193179583795,3
2024-05-11 23:35:00,142.01161,40.80067,ATK_2B_S1,2024,Axy,300,48171.874998743326,3
2024-05-11 23:40:00,142.01257999999999,40.80015,ATK_2B_S1,2024,Axy,300,48202.5625330247,3
2024-05-11 23:45:00,142.00959999999998,40.79832000000001,ATK_2B_S1,2024,Axy,300,47879.43837448817,3
2024-05-11 23:50:00,142.01011,40.79782,ATK_2B_S1,2024,Axy,300,47880.580418968944,3
2024-05-11 23:55:00,142.01058999999998,40.79697000000001,ATK_2B_S1,2024,Axy,300,47856.56552354194,3
2024-05-12 00:00:00,142.01141,40.79654000000001,ATK_2B_S1,2024,Axy,300,47883.597193735506,3
2024-05-12 00:05:00,142.01,40.79876000000001,ATK_2B_S1,2024,Axy,300,47935.7713693571,3
2024-05-12 00:10:00,142.0121,40.80014,ATK_2B_S1,2024,Axy,300,48169.51032305206,3
2024-05-12 00:15:00,142.01264999999998,40.799200000000006,ATK_2B_S1,2024,Axy,300,48144.01895785188,3
2024-05-12 00:20:00,142.01344,40.79827000000001,ATK_2B_S1,2024,Axy,300,48135.697329924755,3
2024-05-12 00:25:00,142.01431,40.79730000000001,ATK_2B_S1,2024,Axy,300,48130.474908670665,3
2024-05-12 00:30:00,142.01513,40.79608,ATK_2B_S1,2024,Axy,300,48105.76060615761,3
2024-05-12 00:35:00,142.01537,40.79510000000001,ATK_2B_S1,2024,Axy,300,48057.72986931718,3
2024-05-12 00:40:00,142.01645,40.79350000000001,ATK_2B_S1,2024,Axy,300,48026.756210742235,3
2024-05-12 00:45:00,142.01655999999997,40.79230000000001,ATK_2B_S1,2024,Axy,300,47956.14740326909,3
2024-05-12 00:50:00,142.01707,40.79111000000001,ATK_2B_S1,2024,Axy,300,47913.87817074023,3
2024-05-12 00:55:00,142.01674,40.79016000000001,ATK_2B_S1,2024,Axy,300,47829.786611664174,3
2024-05-12 01:00:00,142.01737,40.78898,ATK_2B_S1,2024,Axy,300,47796.97508935376,3
2024-05-12 01:05:00,142.01549,40.788920000000005,ATK_2B_S1,2024,Axy,300,47663.88239285409,3
2024-05-12 01:10:00,142.01737,40.78755,ATK_2B_S1,2024,Axy,300,47705.11501747275,3
2024-05-12 01:15:00,142.01737,40.78702,ATK_2B_S1,2024,Axy,300,47671.15838458663,3
2024-05-12 01:20:00,142.01823000000002,40.78589,ATK_2B_S1,2024,Axy,300,47658.34240913989,3
2024-05-12 01:25:00,142.01858,40.78483,ATK_2B_S1,2024,Axy,300,47615.09566503866,3
2024-05-12 01:30:00,142.01867,40.78449,ATK_2B_S1,2024,Axy,300,47599.7392808462,3
2024-05-12 01:35:00,142.01877,40.783930000000005,ATK_2B_S1,2024,Axy,300,47571.15978620509,3
2024-05-12 01:40:00,142.01909999999998,40.783100000000005,ATK_2B_S1,2024,Axy,300,47541.54033717544,3
2024-05-12 01:45:00,142.01978999999997,40.782450000000004,ATK_2B_S1,2024,Axy,300,47548.462822062495,3
2024-05-12 01:50:00,142.02013000000002,40.78162,ATK_2B_S1,2024,Axy,300,47519.89613080849,3
2024-05-12 01:55:00,142.02018,40.78103,ATK_2B_S1,2024,Axy,300,47486.344476585495,3
2024-05-12 02:00:00,142.02018,40.780010000000004,ATK_2B_S1,2024,Axy,300,47422.46832749535,3
2024-05-12 02:05:00,142.02043000000003,40.77969,ATK_2B_S1,2024,Axy,300,47419.9153454764,3
2024-05-12 02:10:00,142.02069,40.77864,ATK_2B_S1,2024,Axy,300,47372.61279250011,3
2024-05-12 02:15:00,142.02066,40.77801000000001,ATK_2B_S1,2024,Axy,300,47331.33684525643,3
2024-05-12 02:20:00,142.02106,40.77702,ATK_2B_S1,2024,Axy,300,47297.94150214822,3
2024-05-12 02:25:00,142.02124000000003,40.77671000000001,ATK_2B_S1,2024,Axy,300,47291.3758007975,3
2024-05-12 02:30:00,142.02124000000003,40.77610000000001,ATK_2B_S1,2024,Axy,300,47253.68390800943,3
2024-05-12 02:35:00,142.02095,40.77557000000001,ATK_2B_S1,2024,Axy,300,47200.627495867266,3
2024-05-12 02:40:00,142.02029000000002,40.77528,ATK_2B_S1,2024,Axy,300,47136.407350205125,3
2024-05-12 02:45:00,142.0208,40.77438,ATK_2B_S1,2024,Axy,300,47116.82562953239,3
2024-05-12 02:50:00,142.0208,40.77358,ATK_2B_S1,2024,Axy,300,47067.712091351415,3
2024-05-12 02:55:00,142.02110000000002,40.772600000000004,ATK_2B_S1,2024,Axy,300,47028.85180692722,3
2024-05-12 03:00:00,142.02082000000001,40.77208,ATK_2B_S1,2024,Axy,300,46977.34915819961,3
2024-05-12 03:05:00,142.02102000000002,40.77124,ATK_2B_S1,2024,Axy,300,46940.25902205663,3
2024-05-12 03:10:00,142.02081,40.77073000000001,ATK_2B_S1,2024,Axy,300,46894.40143041631,3
2024-05-12 03:15:00,142.02086,40.769670000000005,ATK_2B_S1,2024,Axy,300,46833.59845572729,3
2024-05-12 03:20:00,142.02102000000002,40.76893000000001,ATK_2B_S1,2024,Axy,300,46800.13968164887,3
2024-05-12 03:25:00,142.02134000000004,40.76821000000001,ATK_2B_S1,2024,Axy,300,46779.356002427776,3
2024-05-12 03:30:00,142.02135,40.76747,ATK_2B_S1,2024,Axy,300,46735.50887394596,3
2024-05-12 03:35:00,142.01462999999998,40.76513000000001,ATK_2B_S1,2024,Axy,300,46117.89713873811,3
2024-05-12 03:40:00,142.01574999999997,40.76371000000001,ATK_2B_S1,2024,Axy,300,46111.991437768454,3
2024-05-12 03:45:00,142.02349999999998,40.764450000000004,ATK_2B_S1,2024,Axy,300,46708.03419006954,3
2024-05-12 03:50:00,142.04834000000002,40.764500000000005,ATK_2B_S1,2024,Axy,300,48496.3575088306,3
2024-05-12 03:55:00,142.06984,40.75862,ATK_2B_S1,2024,Axy,300,49739.10919014972,3
2024-05-12 04:00:00,142.05820000000003,40.73892000000001,ATK_2B_S1,2024,Axy,300,47833.637628825156,3
2024-05-12 04:05:00,142.05934000000002,40.72299000000001,ATK_2B_S1,2024,Axy,300,47128.46024403662,3
2024-05-12 04:10:00,142.07899999999998,40.721250000000005,ATK_2B_S1,2024,Axy,300,48551.42308501376,3
2024-05-12 04:15:00,142.05257,40.705740000000006,ATK_2B_S1,2024,Axy,300,45809.08294885112,3
2024-05-12 04:20:00,142.02231000000003,40.690220000000004,ATK_2B_S1,2024,Axy,300,42777.5501280212,3
2024-05-12 04:25:00,141.99498,40.67349,ATK_2B_S1,2024,Axy,300,39932.5120407376,3
2024-05-12 04:30:00,141.97938,40.65378,ATK_2B_S1,2024,Axy,300,37923.61436230292,3
2024-05-12 04:35:00,141.96346,40.630570000000006,ATK_2B_S1,2024,Axy,300,35845.76142368061,3
2024-05-12 04:40:00,141.93083000000001,40.62084,ATK_2B_S1,2024,Axy,300,32893.07280436395,3
2024-05-12 04:45:00,141.90283000000002,40.59921000000001,ATK_2B_S1,2024,Axy,300,29998.734417818436,3
2024-05-12 04:50:00,141.87572,40.58531000000001,ATK_2B_S1,2024,Axy,300,27435.85770088204,3
2024-05-12 04:55:00,141.85076,40.57027,ATK_2B_S1,2024,Axy,300,25077.86103395153,3
2024-05-12 05:05:00,141.77783,40.535140000000006,ATK_2B_S1,2024,Axy,600,18661.881702821636,3
2024-05-12 05:10:00,141.74736,40.521879999999996,ATK_2B_S1,2024,Axy,300,16184.965873024272,3
2024-05-12 05:15:00,141.71391999999997,40.50987,ATK_2B_S1,2024,Axy,300,13624.806593053303,3
2024-05-12 05:20:00,141.67112,40.5034,ATK_2B_S1,2024,Axy,300,10383.642296388813,3
2024-05-12 05:25:00,141.63108,40.51151,ATK_2B_S1,2024,Axy,300,6915.086108471985,3
2024-05-12 05:30:00,141.59252,40.52346,ATK_2B_S1,2024,Axy,300,3403.1334538694305,3
2024-05-12 05:35:00,141.57202,40.54362,ATK_2B_S1,2024,Axy,300,1342.257566049629,3
2024-05-12 13:40:00,141.52611000000002,40.541799999999995,ATK_2B_S1,2024,Axy,300,2691.474138949557,4
2024-05-12 13:45:00,141.50506,40.542410000000004,ATK_2B_S1,2024,Axy,300,4471.276925027815,4
2024-05-12 13:50:00,141.50739000000002,40.54242,ATK_2B_S1,2024,Axy,300,4274.919866000152,4
2024-05-12 13:55:00,141.50783,40.54292,ATK_2B_S1,2024,Axy,300,4243.722090828847,4
2024-05-12 14:00:00,141.50754999999998,40.54229,ATK_2B_S1,2024,Axy,300,4260.025730474474,4
2024-05-12 14:05:00,141.50757,40.54225,ATK_2B_S1,2024,Axy,300,4257.916085280145,4
2024-05-12 14:10:00,141.51554,40.55663,ATK_2B_S1,2024,Axy,300,4086.723838108069,4
2024-05-12 14:15:00,141.51554999999996,40.55672,ATK_2B_S1,2024,Axy,300,4090.8879679870624,4
2024-05-12 14:20:00,141.51609,40.556419999999996,ATK_2B_S1,2024,Axy,300,4034.689171666712,4
2024-05-12 14:25:00,141.51618,40.55656,ATK_2B_S1,2024,Axy,300,4035.7005678098863,4
2024-05-12 14:30:00,141.51617,40.55658,ATK_2B_S1,2024,Axy,300,4037.534047808102,4
2024-05-12 14:35:00,141.51641,40.556459999999994,ATK_2B_S1,2024,Axy,300,4013.277629297427,4
2024-05-12 14:40:00,141.5162,40.5565,ATK_2B_S1,2024,Axy,300,4030.940521487239,4
2024-05-12 14:45:00,141.5162,40.55656,ATK_2B_S1,2024,Axy,300,4034.2276610078247,4
2024-05-12 14:50:00,141.5162,40.556639999999994,ATK_2B_S1,2024,Axy,300,4038.623450299638,4
2024-05-12 14:55:00,141.52181000000002,40.55558,ATK_2B_S1,2024,Axy,300,3570.0957419262277,4
2024-05-12 15:00:00,141.54455999999996,40.55058,ATK_2B_S1,2024,Axy,300,1728.794280095983,4
2024-05-13 04:30:00,141.58282000000003,40.563230000000004,ATK_2B_S1,2024,Axy,300,3469.731957844737,5
2024-05-13 04:35:00,141.59849000000003,40.579010000000004,ATK_2B_S1,2024,Axy,300,5667.582926212626,5
2024-05-13 04:40:00,141.6128,40.59214000000001,ATK_2B_S1,2024,Axy,300,7562.345998652878,5
2024-05-13 04:45:00,141.60446,40.58437,ATK_2B_S1,2024,Axy,300,6447.706742981774,5
2024-05-13 04:50:00,141.608,40.593500000000006,ATK_2B_S1,2024,Axy,300,7441.246135826482,5
2024-05-13 04:55:00,141.60781,40.594950000000004,ATK_2B_S1,2024,Axy,300,7564.629748689139,5
2024-05-13 05:05:00,141.60414999999998,40.59172,ATK_2B_S1,2024,Axy,600,7094.026407491488,5
2024-05-13 05:10:00,141.59454999999997,40.60284,ATK_2B_S1,2024,Axy,300,7788.85320504314,5
2024-05-13 05:15:00,141.58417,40.63181,ATK_2B_S1,2024,Axy,300,10591.46658485065,5
2024-05-13 05:20:00,141.57746,40.66145,ATK_2B_S1,2024,Axy,300,13744.484496080684,5
2024-05-13 05:25:00,141.57602,40.68792,ATK_2B_S1,2024,Axy,300,16653.85283603455,5
2024-05-13 05:30:00,141.57471999999999,40.71485,ATK_2B_S1,2024,Axy,300,19624.801746907156,5
2024-05-13 05:35:00,141.56923,40.74459,ATK_2B_S1,2024,Axy,300,22895.014596087763,5
2024-05-13 05:40:00,141.56237000000002,40.76144,ATK_2B_S1,2024,Axy,300,24748.342629011622,5
2024-05-13 05:45:00,141.56264000000002,40.761340000000004,ATK_2B_S1,2024,Axy,300,24737.621909679412,5
2024-05-13 05:50:00,141.56305999999998,40.76158,ATK_2B_S1,2024,Axy,300,24764.9063408713,5
2024-05-13 05:55:00,141.56356999999997,40.76147,ATK_2B_S1,2024,Axy,300,24753.534908368914,5
2024-05-13 06:00:00,141.55154000000002,40.76823000000001,ATK_2B_S1,2024,Axy,300,25504.23895494147,5
2024-05-13 06:05:00,141.54115,40.782250000000005,ATK_2B_S1,2024,Axy,300,27091.75034471411,5
2024-05-13 06:10:00,141.54927999999998,40.77611000000001,ATK_2B_S1,2024,Axy,300,26383.544549961527,5
2024-05-13 06:15:00,141.54965999999996,40.76389,ATK_2B_S1,2024,Axy,300,25026.147736008494,5
2024-05-13 06:20:00,141.54697,40.75499,ATK_2B_S1,2024,Axy,300,24045.616214132617,5
2024-05-13 06:25:00,141.53937,40.741730000000004,ATK_2B_S1,2024,Axy,300,22608.950513149488,5
2024-05-13 06:30:00,141.51564999999997,40.72630000000001,ATK_2B_S1,2024,Axy,300,21142.835175963162,5
2024-05-13 06:35:00,141.49758,40.70649,ATK_2B_S1,2024,Axy,300,19322.330608677643,5
2024-05-13 06:40:00,141.48553,40.68636,ATK_2B_S1,2024,Axy,300,17504.51318153622,5
2024-05-13 06:45:00,141.46923,40.667120000000004,ATK_2B_S1,2024,Axy,300,16112.326861486701,5
2024-05-13 06:50:00,141.45037000000002,40.646910000000005,ATK_2B_S1,2024,Axy,300,15067.860751403477,5
2024-05-13 06:55:00,141.45585,40.62187,ATK_2B_S1,2024,Axy,300,12637.647776397867,5
2024-05-13 07:00:00,141.46326,40.60358,ATK_2B_S1,2024,Axy,300,10764.66529333257,5
2024-05-13 07:05:00,141.46349999999998,40.6036,ATK_2B_S1,2024,Axy,300,10751.081664467662,5
2024-05-13 07:10:00,141.46363,40.60348,ATK_2B_S1,2024,Axy,300,10733.982666199603,5
2024-05-13 07:15:00,141.46274000000003,40.60192,ATK_2B_S1,2024,Axy,300,10675.161346320056,5
2024-05-13 07:20:00,141.45998,40.599850000000004,ATK_2B_S1,2024,Axy,300,10704.72913932533,5
2024-05-13 07:25:00,141.45991,40.5996,ATK_2B_S1,2024,Axy,300,10691.711141548507,5
2024-05-13 07:30:00,141.46019,40.59988,ATK_2B_S1,2024,Axy,300,10693.120247446008,5
2024-05-13 07:35:00,141.46001,40.59967,ATK_2B_S1,2024,Axy,300,10690.085956117615,5
2024-05-13 07:40:00,141.45993000000001,40.59975000000001,ATK_2B_S1,2024,Axy,300,10700.954669059125,5
2024-05-13 07:45:00,141.48074000000003,40.58425,ATK_2B_S1,2024,Axy,300,8250.12123030608,5
2024-05-13 07:50:00,141.48101000000003,40.58477,ATK_2B_S1,2024,Axy,300,8267.749677948383,5
2024-05-13 07:55:00,141.51053,40.566900000000004,ATK_2B_S1,2024,Axy,300,5076.306358916085,5
2024-05-13 08:00:00,141.54426999999998,40.54924,ATK_2B_S1,2024,Axy,300,1634.040086245003,5
2024-05-13 13:30:00,141.5641,40.55031,ATK_2B_S1,2024,Axy,300,1411.3787857829357,6
2024-05-13 13:35:00,141.58028000000002,40.56366,ATK_2B_S1,2024,Axy,300,3380.772101693725,6
2024-05-13 13:40:00,141.59324999999998,40.57349,ATK_2B_S1,2024,Axy,300,4911.3073901730295,6
2024-05-13 13:45:00,141.6178,40.58152,ATK_2B_S1,2024,Axy,300,6978.575821474005,6
2024-05-13 13:50:00,141.64314999999996,40.58759,ATK_2B_S1,2024,Axy,300,9059.51455415296,6
2024-05-13 13:55:00,141.66283,40.59826,ATK_2B_S1,2024,Axy,300,11103.295517207614,6
2024-05-13 14:00:00,141.66892000000001,40.6042,ATK_2B_S1,2024,Axy,300,11912.433744235912,6
2024-05-13 14:05:00,141.69244000000003,40.61161,ATK_2B_S1,2024,Axy,300,14002.45809494054,6
2024-05-13 14:10:00,141.72062,40.62075000000001,ATK_2B_S1,2024,Axy,300,16544.087638196786,6
2024-05-13 14:15:00,141.73978999999997,40.62787,ATK_2B_S1,2024,Axy,300,18334.919716986326,6
2024-05-13 14:20:00,141.74733,40.64064,ATK_2B_S1,2024,Axy,300,19655.637338858527,6
2024-05-13 14:25:00,141.74841,40.654959999999996,ATK_2B_S1,2024,Axy,300,20683.26693468202,6
2024-05-13 14:30:00,141.74891,40.65678,ATK_2B_S1,2024,Axy,300,20842.812654880294,6
2024-05-13 14:35:00,141.73624999999998,40.662560000000006,ATK_2B_S1,2024,Axy,300,20447.59460684271,6
2024-05-13 14:40:00,141.74783,40.67783,ATK_2B_S1,2024,Axy,300,22320.470588342185,6
2024-05-13 14:45:00,141.74770999999998,40.69174,ATK_2B_S1,2024,Axy,300,23408.781262910863,6
2024-05-13 14:50:00,141.73704999999998,40.703140000000005,ATK_2B_S1,2024,Axy,300,23756.661757817023,6
2024-05-13 14:55:00,141.72273,40.714110000000005,ATK_2B_S1,2024,Axy,300,23979.530926161257,6
2024-05-13 15:05:00,141.72113000000002,40.748810000000006,ATK_2B_S1,2024,Axy,600,27133.029325776108,6
2024-05-13 15:10:00,141.72296,40.75256,ATK_2B_S1,2024,Axy,300,27570.113583365306,6
2024-05-13 15:15:00,141.72376999999997,40.75172,ATK_2B_S1,2024,Axy,300,27524.735014180882,6
2024-05-13 15:20:00,141.72396999999998,40.75078,ATK_2B_S1,2024,Axy,300,27443.75721979308,6
2024-05-13 15:25:00,141.71031,40.74841000000001,ATK_2B_S1,2024,Axy,300,26639.239447255164,6
2024-05-13 15:30:00,141.69765999999998,40.75692,ATK_2B_S1,2024,Axy,300,26982.606450686544,6
2024-05-13 15:35:00,141.69943,40.775920000000006,ATK_2B_S1,2024,Axy,300,28954.176198236684,6
2024-05-13 15:40:00,141.69998999999999,40.7849,ATK_2B_S1,2024,Axy,300,29883.39825087232,6
2024-05-13 15:45:00,141.70063,40.78479,ATK_2B_S1,2024,Axy,300,29894.078421158123,6
2024-05-13 15:50:00,141.70117,40.78436,ATK_2B_S1,2024,Axy,300,29868.963629251266,6
2024-05-13 15:55:00,141.71967999999995,40.80101,ATK_2B_S1,2024,Axy,300,32200.967318466333,6
2024-05-13 16:00:00,141.71313999999998,40.81212,ATK_2B_S1,2024,Axy,300,33097.544861271024,6
2024-05-13 16:05:00,141.70118,40.81537,ATK_2B_S1,2024,Axy,300,33044.259419941955,6
2024-05-13 16:10:00,141.68411,40.8242,ATK_2B_S1,2024,Axy,300,33469.23931441701,6
2024-05-13 16:15:00,141.66481,40.83465999999999,ATK_2B_S1,2024,Axy,300,34102.31789650219,6
2024-05-13 16:20:00,141.64632,40.8393,ATK_2B_S1,2024,Axy,300,34223.15124680687,6
2024-05-13 16:25:00,141.63455999999996,40.85179999999999,ATK_2B_S1,2024,Axy,300,35382.56122962956,6
2024-05-13 16:30:00,141.61992999999998,40.859069999999996,ATK_2B_S1,2024,Axy,300,35974.64684486679,6
2024-05-13 16:35:00,141.60547,40.86616,ATK_2B_S1,2024,Axy,300,36598.50482012725,6
2024-05-13 16:40:00,141.58211000000003,40.86949,ATK_2B_S1,2024,Axy,300,36802.369732647865,6
2024-05-13 16:45:00,141.56184000000002,40.877919999999996,ATK_2B_S1,2024,Axy,300,37681.912718282605,6
2024-05-13 16:50:00,141.55519,40.89218,ATK_2B_S1,2024,Axy,300,39264.33818004671,6
2024-05-13 16:55:00,141.55602000000002,40.910489999999996,ATK_2B_S1,2024,Axy,300,41297.38748862021,6
2024-05-13 17:00:00,141.54296,40.91963,ATK_2B_S1,2024,Axy,300,42330.26731849676,6
2024-05-13 17:05:00,141.53519,40.921130000000005,ATK_2B_S1,2024,Axy,300,42520.94322366434,6
2024-05-13 17:10:00,141.53468999999998,40.92058,ATK_2B_S1,2024,Axy,300,42461.82994561252,6
2024-05-13 17:15:00,141.53401,40.939310000000006,ATK_2B_S1,2024,Axy,300,44542.30380484528,6
2024-05-13 17:20:00,141.51619,40.95223,ATK_2B_S1,2024,Axy,300,46065.48171186854,6
2024-05-13 17:25:00,141.50175,40.95763999999999,ATK_2B_S1,2024,Axy,300,46771.77065571404,6
2024-05-13 17:30:00,141.50021,40.965300000000006,ATK_2B_S1,2024,Axy,300,47631.20896276371,6
2024-05-13 17:35:00,141.5004,40.96474,ATK_2B_S1,2024,Axy,300,47567.71228153326,6
2024-05-13 17:40:00,141.49743000000004,40.96595000000001,ATK_2B_S1,2024,Axy,300,47727.441605329885,6
2024-05-13 17:45:00,141.50387999999998,40.96248,ATK_2B_S1,2024,Axy,300,47288.9444661297,6
2024-05-13 17:50:00,141.512,40.94659,ATK_2B_S1,2024,Axy,300,45469.597197582334,6
2024-05-13 17:55:00,141.51936999999998,40.949130000000004,ATK_2B_S1,2024,Axy,300,45702.46330048372,6
2024-05-13 18:00:00,141.52983,40.9496,ATK_2B_S1,2024,Axy,300,45700.67511695725,6
2024-05-13 18:05:00,141.53164,40.94727999999999,ATK_2B_S1,2024,Axy,300,45435.741336210565,6
2024-05-13 18:10:00,141.53097,40.94532,ATK_2B_S1,2024,Axy,300,45221.11381603471,6
2024-05-13 18:15:00,141.53062,40.94527,ATK_2B_S1,2024,Axy,300,45217.04842814061,6
2024-05-13 18:20:00,141.53148000000002,40.944179999999996,ATK_2B_S1,2024,Axy,300,45092.54343733171,6
2024-05-13 18:25:00,141.52343000000002,40.94261,ATK_2B_S1,2024,Axy,300,44956.9301660078,6
2024-05-13 18:30:00,141.52002000000002,40.93909,ATK_2B_S1,2024,Axy,300,44586.42412293113,6
2024-05-13 18:35:00,141.52168,40.932300000000005,ATK_2B_S1,2024,Axy,300,43824.40264038444,6
2024-05-13 18:40:00,141.52077,40.93138,ATK_2B_S1,2024,Axy,300,43727.88358713902,6
2024-05-13 18:45:00,141.51998999999998,40.93042,ATK_2B_S1,2024,Axy,300,43626.29457303859,6
2024-05-13 18:50:00,141.51932,40.92948,ATK_2B_S1,2024,Axy,300,43526.35297535128,6
2024-05-13 18:55:00,141.51924999999997,40.928650000000005,ATK_2B_S1,2024,Axy,300,43434.87681269543,6
2024-05-13 19:00:00,141.51864999999998,40.92759,ATK_2B_S1,2024,Axy,300,43321.31211808623,6
2024-05-13 19:05:00,141.51843000000002,40.926500000000004,ATK_2B_S1,2024,Axy,300,43202.037111483245,6
2024-05-13 19:10:00,141.51803,40.92568,ATK_2B_S1,2024,Axy,300,43113.85051955005,6
2024-05-13 19:15:00,141.51865999999998,40.92288,ATK_2B_S1,2024,Axy,300,42799.72847578188,6
2024-05-13 19:20:00,141.51891,40.92356,ATK_2B_S1,2024,Axy,300,42873.4045625415,6
2024-05-13 19:25:00,141.5184,40.92293000000001,ATK_2B_S1,2024,Axy,300,42806.95818562309,6
2024-05-13 19:30:00,141.52904,40.922230000000006,ATK_2B_S1,2024,Axy,300,42669.20363411503,6
2024-05-13 19:35:00,141.53535,40.926970000000004,ATK_2B_S1,2024,Axy,300,43168.26153508693,6
2024-05-13 19:40:00,141.53825,40.93065,ATK_2B_S1,2024,Axy,300,43566.668979972026,6
2024-05-13 19:45:00,141.55237000000002,40.9457,ATK_2B_S1,2024,Axy,300,45209.49074535988,6
2024-05-13 19:50:00,141.58528,40.96231000000001,ATK_2B_S1,2024,Axy,300,47109.939727744255,6
2024-05-13 19:55:00,141.61927999999997,40.96343,ATK_2B_S1,2024,Axy,300,47462.966693085225,6
2024-05-13 20:00:00,141.62095,40.96913000000001,ATK_2B_S1,2024,Axy,300,48107.6505100226,6
2024-05-13 20:05:00,141.62087,40.9791,ATK_2B_S1,2024,Axy,300,49207.36302895982,6
2024-05-13 20:10:00,141.63537,40.992900000000006,ATK_2B_S1,2024,Axy,300,50874.53655262076,6
2024-05-13 20:15:00,141.67453999999998,40.98661,ATK_2B_S1,2024,Axy,300,50720.83285501588,6
2024-05-13 20:20:00,141.67938999999998,40.98455,ATK_2B_S1,2024,Axy,300,50578.157993791465,6
2024-05-13 20:25:00,141.67774,40.98564,ATK_2B_S1,2024,Axy,300,50668.591256541935,6
2024-05-13 20:30:00,141.67605999999998,40.98643,ATK_2B_S1,2024,Axy,300,50726.37819327562,6
2024-05-13 20:35:00,141.67524999999998,40.987869999999994,ATK_2B_S1,2024,Axy,300,50869.74508079287,6
2024-05-13 20:40:00,141.69378999999998,40.981469999999995,ATK_2B_S1,2024,Axy,300,50506.24753283986,6
2024-05-13 20:45:00,141.69794000000002,40.983459999999994,ATK_2B_S1,2024,Axy,300,50802.01650352113,6
2024-05-13 20:50:00,141.69753,40.984019999999994,ATK_2B_S1,2024,Axy,300,50854.427234809125,6
2024-05-13 20:55:00,141.6975,40.983439999999995,ATK_2B_S1,2024,Axy,300,50791.20365676667,6
2024-05-13 21:05:00,141.69643000000002,40.98282,ATK_2B_S1,2024,Axy,600,50703.28961395978,6
2024-05-13 21:10:00,141.69604,40.98261,ATK_2B_S1,2024,Axy,300,50672.99806517176,6
2024-05-13 21:15:00,141.69594999999998,40.98229,ATK_2B_S1,2024,Axy,300,50636.67283614093,6
2024-05-13 21:20:00,141.69355999999996,40.98317,ATK_2B_S1,2024,Axy,300,50685.662675183594,6
2024-05-13 21:25:00,141.69816,40.98393,ATK_2B_S1,2024,Axy,300,50857.09545386124,6
2024-05-13 21:30:00,141.69761,40.98433,ATK_2B_S1,2024,Axy,300,50889.47482942262,6
2024-05-13 21:35:00,141.69752,40.98395,ATK_2B_S1,2024,Axy,300,50846.67148007673,6
2024-05-13 21:40:00,141.69754,40.98329,ATK_2B_S1,2024,Axy,300,50775.791512434465,6
2024-05-13 21:45:00,141.69733000000002,40.98285,ATK_2B_S1,2024,Axy,300,50724.15247562323,6
2024-05-13 21:50:00,141.69718,40.98238,ATK_2B_S1,2024,Axy,300,50670.452541488645,6
2024-05-13 21:55:00,141.6971,40.98183999999999,ATK_2B_S1,2024,Axy,300,50610.568826836796,6
2024-05-13 22:00:00,141.71249,40.981379999999994,ATK_2B_S1,2024,Axy,300,50879.3380295444,6
2024-05-13 22:05:00,141.72619,40.9775,ATK_2B_S1,2024,Axy,300,50775.272086822304,6
2024-05-13 22:10:00,141.72626,40.9768,ATK_2B_S1,2024,Axy,300,50702.338230742804,6
2024-05-13 22:15:00,141.7263,40.97604,ATK_2B_S1,2024,Axy,300,50622.31439923974,6
2024-05-13 22:20:00,141.74157999999997,40.96064,ATK_2B_S1,2024,Axy,300,49374.80221867328,6
2024-05-13 22:25:00,141.74008999999998,40.94582,ATK_2B_S1,2024,Axy,300,47775.22575815438,6
2024-05-13 22:30:00,141.73560999999998,40.932930000000006,ATK_2B_S1,2024,Axy,300,46298.81243187259,6
2024-05-13 22:35:00,141.74011,40.927859999999995,ATK_2B_S1,2024,Axy,300,45893.1449664792,6
2024-05-13 22:40:00,141.75324,40.91829,ATK_2B_S1,2024,Axy,300,45286.85586191379,6
2024-05-13 22:45:00,141.75145,40.92105,ATK_2B_S1,2024,Axy,300,45517.613351645836,6
2024-05-13 22:50:00,141.74754999999996,40.92189,ATK_2B_S1,2024,Axy,300,45487.36476534095,6
2024-05-13 22:55:00,141.73486999999997,40.920370000000005,ATK_2B_S1,2024,Axy,300,44961.49519475839,6
2024-05-13 23:00:00,141.72457999999997,40.92550000000001,ATK_2B_S1,2024,Axy,300,45220.23858689407,6
2024-05-13 23:05:00,141.72370999999998,40.928000000000004,ATK_2B_S1,2024,Axy,300,45461.28153223955,6
2024-05-13 23:10:00,141.72138,40.92821000000001,ATK_2B_S1,2024,Axy,300,45423.124733931894,6
2024-05-13 23:15:00,141.73013,40.940419999999996,ATK_2B_S1,2024,Axy,300,46940.26267592684,6
2024-05-13 23:20:00,141.73461999999998,40.95363,ATK_2B_S1,2024,Axy,300,48452.158188976966,6
2024-05-13 23:25:00,141.72837,40.957209999999996,ATK_2B_S1,2024,Axy,300,48671.35124543591,6
2024-05-13 23:30:00,141.72618,40.955459999999995,ATK_2B_S1,2024,Axy,300,48431.132954212946,6
2024-05-13 23:35:00,141.72564999999997,40.9551,ATK_2B_S1,2024,Axy,300,48379.78312613759,6
2024-05-13 23:40:00,141.72525,40.95475,ATK_2B_S1,2024,Axy,300,48332.729860958985,6
2024-05-13 23:45:00,141.72438,40.95381999999999,ATK_2B_S1,2024,Axy,300,48212.50232850015,6
2024-05-13 23:50:00,141.72379999999998,40.9535,ATK_2B_S1,2024,Axy,300,48164.228432896525,6
2024-05-13 23:55:00,141.72337,40.953199999999995,ATK_2B_S1,2024,Axy,300,48121.79076527305,6
2024-05-14 00:00:00,141.72294000000002,40.95267,ATK_2B_S1,2024,Axy,300,48054.93246067423,6
2024-05-14 00:05:00,141.72159,40.95277,ATK_2B_S1,2024,Axy,300,48032.555577856765,6
2024-05-14 00:10:00,141.72132000000002,40.95239,ATK_2B_S1,2024,Axy,300,47985.584955257415,6
2024-05-14 00:15:00,141.7201,40.952259999999995,ATK_2B_S1,2024,Axy,300,47942.16689852724,6
2024-05-14 00:20:00,141.71948999999998,40.95177999999999,ATK_2B_S1,2024,Axy,300,47876.370491762864,6
2024-05-14 00:25:00,141.71831,40.951499999999996,ATK_2B_S1,2024,Axy,300,47818.196120393346,6
2024-05-14 00:30:00,141.71721,40.95135,ATK_2B_S1,2024,Axy,300,47775.93178975413,6
2024-05-14 00:35:00,141.71634,40.95097,ATK_2B_S1,2024,Axy,300,47714.76089258267,6
2024-05-14 00:40:00,141.71523,40.95073,ATK_2B_S1,2024,Axy,300,47662.918958065515,6
2024-05-14 00:45:00,141.71439999999998,40.9503,ATK_2B_S1,2024,Axy,300,47597.52923329526,6
2024-05-14 00:50:00,141.71354999999994,40.95007999999999,ATK_2B_S1,2024,Axy,300,47554.13511410478,6
2024-05-14 00:55:00,141.70503,40.962540000000004,ATK_2B_S1,2024,Axy,300,48695.97965084449,6
2024-05-14 01:05:00,141.70111,40.96938,ATK_2B_S1,2024,Axy,600,49348.22262139196,6
2024-05-14 01:10:00,141.70058999999998,40.969030000000004,ATK_2B_S1,2024,Axy,300,49299.77933951673,6
2024-05-14 01:15:00,141.69688,40.96787,ATK_2B_S1,2024,Axy,300,49098.92569527875,6
2024-05-14 01:20:00,141.69686,40.963570000000004,ATK_2B_S1,2024,Axy,300,48635.11846307159,6
2024-05-14 01:25:00,141.69604,40.96322,ATK_2B_S1,2024,Axy,300,48580.70017624953,6
2024-05-14 01:30:00,141.69402,40.96121,ATK_2B_S1,2024,Axy,300,48323.1614506547,6
2024-05-14 01:35:00,141.69853,40.95659,ATK_2B_S1,2024,Axy,300,47918.3255314345,6
2024-05-14 01:40:00,141.69674999999998,40.95625999999999,ATK_2B_S1,2024,Axy,300,47845.689616865435,6
2024-05-14 01:45:00,141.69602,40.95623,ATK_2B_S1,2024,Axy,300,47827.354347806526,6
2024-05-14 01:50:00,141.69478999999998,40.95633,ATK_2B_S1,2024,Axy,300,47812.84230873879,6
2024-05-14 01:55:00,141.69379999999998,40.95619,ATK_2B_S1,2024,Axy,300,47777.563175010415,6
2024-05-14 02:00:00,141.69303,40.95574,ATK_2B_S1,2024,Axy,300,47713.439697087684,6
2024-05-14 02:05:00,141.69144000000003,40.95579,ATK_2B_S1,2024,Axy,300,47686.821788131565,6
2024-05-14 02:10:00,141.69082,40.95495,ATK_2B_S1,2024,Axy,300,47583.80969762403,6
2024-05-14 02:15:00,141.68880000000001,40.955330000000004,ATK_2B_S1,2024,Axy,300,47584.79283662502,6
2024-05-14 02:20:00,141.68748000000002,40.954769999999996,ATK_2B_S1,2024,Axy,300,47498.45734486669,6
2024-05-14 02:25:00,141.68604000000002,40.95427999999999,ATK_2B_S1,2024,Axy,300,47417.55431448763,6
2024-05-14 02:30:00,141.68131000000002,40.9557,ATK_2B_S1,2024,Axy,300,47481.560198810956,6
2024-05-14 02:35:00,141.67014,40.95133,ATK_2B_S1,2024,Axy,300,46807.7097511362,6
2024-05-14 02:40:00,141.66144000000003,40.94485999999999,ATK_2B_S1,2024,Axy,300,45958.6236868016,6
2024-05-14 02:45:00,141.65971,40.944919999999996,ATK_2B_S1,2024,Axy,300,45937.50758925866,6
2024-05-14 02:50:00,141.65817,40.94481,ATK_2B_S1,2024,Axy,300,45901.262503377555,6
2024-05-14 02:55:00,141.64615999999998,40.93247,ATK_2B_S1,2024,Axy,300,44373.16821040129,6
2024-05-14 03:00:00,141.62864000000002,40.91411,ATK_2B_S1,2024,Axy,300,42128.819360386005,6
2024-05-14 03:05:00,141.62421,40.911139999999996,ATK_2B_S1,2024,Axy,300,41750.314729331,6
2024-05-14 03:10:00,141.61981999999998,40.90717,ATK_2B_S1,2024,Axy,300,41264.64225682336,6
2024-05-14 03:15:00,141.60535,40.88621,ATK_2B_S1,2024,Axy,300,38811.1057321876,6
2024-05-14 03:20:00,141.59184000000002,40.86522,ATK_2B_S1,2024,Axy,300,36385.08920696002,6
2024-05-14 03:25:00,141.57837,40.845079999999996,ATK_2B_S1,2024,Axy,300,34078.52652690799,6
2024-05-14 03:30:00,141.56210000000002,40.823930000000004,ATK_2B_S1,2024,Axy,300,31686.847327925178,6
2024-05-14 03:35:00,141.54565999999997,40.80127999999999,ATK_2B_S1,2024,Axy,300,29186.75240213353,6
2024-05-14 03:40:00,141.53084,40.77799,ATK_2B_S1,2024,Axy,300,26679.102969076106,6
2024-05-14 03:45:00,141.5286,40.75024,ATK_2B_S1,2024,Axy,300,23629.004441847104,6
2024-05-14 03:50:00,141.52184000000003,40.72706,ATK_2B_S1,2024,Axy,300,21144.775526476526,6
2024-05-14 03:55:00,141.51811,40.702600000000004,ATK_2B_S1,2024,Axy,300,18515.019053142227,6
2024-05-14 04:00:00,141.51898,40.67759,ATK_2B_S1,2024,Axy,300,15775.991732791517,6
2024-05-14 04:05:00,141.52343000000002,40.65107,ATK_2B_S1,2024,Axy,300,12819.298548450022,6
2024-05-14 04:10:00,141.52784000000003,40.624990000000004,ATK_2B_S1,2024,Axy,300,9918.016011763235,6
2024-05-14 04:15:00,141.53565999999998,40.59723,ATK_2B_S1,2024,Axy,300,6769.921568608623,6
2024-05-14 04:20:00,141.54513,40.57045,ATK_2B_S1,2024,Axy,300,3690.5478734204917,6
2024-05-14 12:30:00,141.53316999999998,40.5529,ATK_2B_S1,2024,Axy,300,2608.289320945947,7
2024-05-14 12:35:00,141.50458999999998,40.542500000000004,ATK_2B_S1,2024,Axy,300,4511.8611041608165,7
2024-05-14 12:40:00,141.50804000000002,40.54276,ATK_2B_S1,2024,Axy,300,4224.073742266048,7
2024-05-14 12:45:00,141.50805,40.54327,ATK_2B_S1,2024,Axy,300,4229.775892845829,7
2024-05-14 12:50:00,141.50847000000002,40.543130000000005,ATK_2B_S1,2024,Axy,300,4192.578235720639,7
2024-05-14 12:55:00,141.51084,40.547059999999995,ATK_2B_S1,2024,Axy,300,4071.190157798972,7
2024-05-14 13:05:00,141.49642000000003,40.613110000000006,ATK_2B_S1,2024,Axy,600,9761.434722860267,7
2024-05-14 13:10:00,141.49318,40.62794,ATK_2B_S1,2024,Axy,300,11320.69376973598,7
2024-05-14 13:15:00,141.49132000000003,40.653439999999996,ATK_2B_S1,2024,Axy,300,13931.581378988882,7
2024-05-14 13:20:00,141.49276,40.682430000000004,ATK_2B_S1,2024,Axy,300,16887.565871220788,7
2024-05-14 13:25:00,141.50225,40.70759,ATK_2B_S1,2024,Axy,300,19340.73605096731,7
2024-05-14 13:30:00,141.5017,40.73057000000001,ATK_2B_S1,2024,Axy,300,21835.28420464911,7
2024-05-14 13:35:00,141.50754999999998,40.751839999999994,ATK_2B_S1,2024,Axy,300,24054.49536363662,7
2024-05-14 13:40:00,141.52609,40.77431000000001,ATK_2B_S1,2024,Axy,300,26309.593898931907,7
2024-05-14 13:45:00,141.54274999999998,40.799960000000006,ATK_2B_S1,2024,Axy,300,29049.851830982458,7
2024-05-14 13:50:00,141.55411,40.81173,ATK_2B_S1,2024,Axy,300,30331.189828744104,7
2024-05-14 13:55:00,141.55402,40.812999999999995,ATK_2B_S1,2024,Axy,300,30472.291701145365,7
2024-05-14 14:00:00,141.55399,40.81502,ATK_2B_S1,2024,Axy,300,30696.627421878897,7
2024-05-14 14:05:00,141.55411,40.8154,ATK_2B_S1,2024,Axy,300,30738.72530998422,7
2024-05-14 14:10:00,141.55599,40.81099,ATK_2B_S1,2024,Axy,300,30247.882276825425,7
2024-05-14 14:15:00,141.5565,40.81095,ATK_2B_S1,2024,Axy,300,30243.27660406788,7
2024-05-14 14:20:00,141.56375999999997,40.80441,ATK_2B_S1,2024,Axy,300,29521.454730092508,7
2024-05-14 14:25:00,141.57299,40.782450000000004,ATK_2B_S1,2024,Axy,300,27109.453675698198,7
2024-05-14 14:30:00,141.57272,40.773720000000004,ATK_2B_S1,2024,Axy,300,26140.02678864011,7
2024-05-14 14:35:00,141.58708000000001,40.78336,ATK_2B_S1,2024,Axy,300,27293.331299364403,7
2024-05-14 14:40:00,141.58687,40.78405,ATK_2B_S1,2024,Axy,300,27368.02345769737,7
2024-05-14 14:45:00,141.58701000000002,40.78483,ATK_2B_S1,2024,Axy,300,27455.35693918591,7
2024-05-14 14:50:00,141.58728000000002,40.79422,ATK_2B_S1,2024,Axy,300,28495.97158835416,7
2024-05-14 14:55:00,141.5941,40.82475,ATK_2B_S1,2024,Axy,300,31925.07115840224,7
2024-05-14 15:00:00,141.60002,40.8461,ATK_2B_S1,2024,Axy,300,34334.26697070321,7
2024-05-14 15:05:00,141.57625,40.874249999999996,ATK_2B_S1,2024,Axy,300,37305.94807128217,7
2024-05-14 15:10:00,141.53143000000003,40.89828,ATK_2B_S1,2024,Axy,300,40002.3975928692,7
2024-05-14 15:15:00,141.51579999999998,40.9135,ATK_2B_S1,2024,Axy,300,41780.963666281525,7
2024-05-14 15:20:00,141.51613,40.90603,ATK_2B_S1,2024,Axy,300,40952.055010709526,7
2024-05-14 15:25:00,141.5093,40.89102,ATK_2B_S1,2024,Axy,300,39347.24203315687,7
2024-05-14 15:30:00,141.49961,40.870599999999996,ATK_2B_S1,2024,Axy,300,37191.64266536841,7
2024-05-14 15:35:00,141.45475,40.85661999999999,ATK_2B_S1,2024,Axy,300,36368.9958344008,7
2024-05-14 15:40:00,141.42249000000004,40.84341,ATK_2B_S1,2024,Axy,300,35722.63950185737,7
2024-05-14 15:45:00,141.41207,40.82209,ATK_2B_S1,2024,Axy,300,33799.085529638614,7
2024-05-14 15:50:00,141.40815,40.80123999999999,ATK_2B_S1,2024,Axy,300,31784.8236790055,7
2024-05-14 15:55:00,141.41264999999999,40.78013000000001,ATK_2B_S1,2024,Axy,300,29489.090958503857,7
2024-05-14 16:00:00,141.41652,40.75851000000001,ATK_2B_S1,2024,Axy,300,27179.292486487713,7
2024-05-14 16:05:00,141.41994,40.737230000000004,ATK_2B_S1,2024,Axy,300,24942.096259876704,7
2024-05-14 16:10:00,141.42659,40.71604,ATK_2B_S1,2024,Axy,300,22607.40987907697,7
2024-05-14 16:15:00,141.43384,40.69621000000001,ATK_2B_S1,2024,Axy,300,20395.51108713668,7
2024-05-14 16:20:00,141.4463,40.68421,ATK_2B_S1,2024,Axy,300,18712.355283244637,7
2024-05-14 16:25:00,141.44654999999997,40.68407,ATK_2B_S1,2024,Axy,300,18688.279965117235,7
2024-05-14 16:30:00,141.4465,40.68367,ATK_2B_S1,2024,Axy,300,18652.04643540006,7
2024-05-14 16:35:00,141.44222000000002,40.67078,ATK_2B_S1,2024,Axy,300,17629.295321428366,7
2024-05-14 16:40:00,141.44943,40.64996,ATK_2B_S1,2024,Axy,300,15386.650223665998,7
2024-05-14 16:45:00,141.45273000000003,40.62855000000001,ATK_2B_S1,2024,Axy,300,13363.802140845428,7
2024-05-14 16:50:00,141.46228000000002,40.60626,ATK_2B_S1,2024,Axy,300,11026.841236596581,7
2024-05-14 16:55:00,141.46289000000002,40.602050000000006,ATK_2B_S1,2024,Axy,300,10675.122442372434,7
2024-05-14 17:00:00,141.46061,40.599560000000004,ATK_2B_S1,2024,Axy,300,10643.088604171973,7
2024-05-14 17:05:00,141.46375999999998,40.59630000000001,ATK_2B_S1,2024,Axy,300,10207.751051046742,7
2024-05-14 17:10:00,141.47938,40.5798,ATK_2B_S1,2024,Axy,300,8050.783648622448,7
2024-05-14 17:15:00,141.4965,40.56364,ATK_2B_S1,2024,Axy,300,5874.946451148079,7
2024-05-14 17:20:00,141.49701000000002,40.563320000000004,ATK_2B_S1,2024,Axy,300,5820.0965797106555,7
2024-05-14 17:25:00,141.49706,40.563410000000005,ATK_2B_S1,2024,Axy,300,5821.081314047513,7
2024-05-14 17:30:00,141.49762,40.562810000000006,ATK_2B_S1,2024,Axy,300,5747.901817528234,7
2024-05-14 17:35:00,141.49768,40.56288,ATK_2B_S1,2024,Axy,300,5747.049268409406,7
2024-05-14 17:40:00,141.49769,40.562960000000004,ATK_2B_S1,2024,Axy,300,5750.471035096725,7
2024-05-14 17:45:00,141.50097,40.56084,ATK_2B_S1,2024,Axy,300,5395.188558791732,7
2024-05-14 17:50:00,141.50111,40.56089,ATK_2B_S1,2024,Axy,300,5387.193645031947,7
2024-05-14 17:55:00,141.50142000000002,40.56088,ATK_2B_S1,2024,Axy,300,5363.370752283815,7
2024-05-14 18:00:00,141.50103000000001,40.56083,ATK_2B_S1,2024,Axy,300,5390.161955176417,7
2024-05-14 18:05:00,141.50114000000002,40.56092,ATK_2B_S1,2024,Axy,300,5386.467261845093,7
2024-05-14 18:10:00,141.50115,40.56094,ATK_2B_S1,2024,Axy,300,5386.736685894809,7
2024-05-14 18:15:00,141.50121000000001,40.56086,ATK_2B_S1,2024,Axy,300,5378.140415365254,7
2024-05-14 18:20:00,141.50125,40.56084,ATK_2B_S1,2024,Axy,300,5374.111233089841,7
2024-05-14 18:25:00,141.50113000000002,40.56091000000001,ATK_2B_S1,2024,Axy,300,5386.709038118544,7
2024-05-14 18:30:00,141.50113000000002,40.56082,ATK_2B_S1,2024,Axy,300,5382.124065849955,7
2024-05-14 18:35:00,141.50122000000002,40.560930000000006,ATK_2B_S1,2024,Axy,300,5380.962476294663,7
2024-05-14 18:40:00,141.50115,40.560930000000006,ATK_2B_S1,2024,Axy,300,5386.225837092986,7
2024-05-14 18:45:00,141.50109,40.560930000000006,ATK_2B_S1,2024,Axy,300,5390.738389795023,7
2024-05-14 18:50:00,141.50124000000002,40.560900000000004,ATK_2B_S1,2024,Axy,300,5377.925520232794,7
2024-05-14 18:55:00,141.50114000000002,40.56092,ATK_2B_S1,2024,Axy,300,5386.467261845093,7
2024-05-14 19:00:00,141.50121000000001,40.560900000000004,ATK_2B_S1,2024,Axy,300,5380.181550780504,7
2024-05-14 19:05:00,141.50118,40.56104,ATK_2B_S1,2024,Axy,300,5389.601554695065,7
2024-05-14 19:10:00,141.50119,40.56094,ATK_2B_S1,2024,Axy,300,5383.729167445888,7
2024-05-14 19:15:00,141.50164,40.56073000000001,ATK_2B_S1,2024,Axy,300,5339.162277567046,7
2024-05-14 19:20:00,141.50154999999998,40.560750000000006,ATK_2B_S1,2024,Axy,300,5346.952275368065,7
2024-05-14 19:25:00,141.50154,40.560790000000004,ATK_2B_S1,2024,Axy,300,5349.747075875651,7
2024-05-14 19:30:00,141.50154,40.56068,ATK_2B_S1,2024,Axy,300,5344.136873737175,7
2024-05-14 19:35:00,141.50152,40.56076,ATK_2B_S1,2024,Axy,300,5349.719138455161,7
2024-05-14 19:40:00,141.50154999999998,40.56065,ATK_2B_S1,2024,Axy,300,5341.857744994115,7
2024-05-14 19:45:00,141.50154,40.56064,ATK_2B_S1,2024,Axy,300,5342.102264345449,7
2024-05-14 19:50:00,141.50154999999998,40.560590000000005,ATK_2B_S1,2024,Axy,300,5338.809779926327,7
2024-05-14 19:55:00,141.50158,40.56054,ATK_2B_S1,2024,Axy,300,5334.013941161015,7
2024-05-14 20:00:00,141.50370999999998,40.56187,ATK_2B_S1,2024,Axy,300,5245.25758299849,7
2024-05-14 20:05:00,141.50218,40.559689999999996,ATK_2B_S1,2024,Axy,300,5246.076940746058,7
2024-05-14 20:10:00,141.50163,40.560550000000006,ATK_2B_S1,2024,Axy,300,5330.753544951763,7
2024-05-14 20:15:00,141.50164999999998,40.560610000000004,ATK_2B_S1,2024,Axy,300,5332.29473579025,7
2024-05-14 20:20:00,141.50171,40.5604,ATK_2B_S1,2024,Axy,300,5317.13010884666,7
2024-05-14 20:25:00,141.50164,40.560570000000006,ATK_2B_S1,2024,Axy,300,5331.015269570439,7
2024-05-14 20:30:00,141.50151,40.56046,ATK_2B_S1,2024,Axy,300,5335.245644883661,7
2024-05-14 20:35:00,141.50162,40.56051000000001,ATK_2B_S1,2024,Axy,300,5329.479532585616,7
2024-05-14 20:40:00,141.50171,40.56054,ATK_2B_S1,2024,Axy,300,5324.219660336879,7
2024-05-14 20:45:00,141.50148000000002,40.560610000000004,ATK_2B_S1,2024,Axy,300,5345.097924034859,7
2024-05-14 20:50:00,141.50158,40.560550000000006,ATK_2B_S1,2024,Axy,300,5334.520779630106,7
2024-05-14 20:55:00,141.5016,40.560590000000005,ATK_2B_S1,2024,Axy,300,5335.043558761154,7
2024-05-14 21:00:00,141.50154999999998,40.56064,ATK_2B_S1,2024,Axy,300,5341.349294444499,7
2024-05-14 21:05:00,141.5017,40.560610000000004,ATK_2B_S1,2024,Axy,300,5328.53064350768,7
2024-05-14 21:10:00,141.50145,40.56058,ATK_2B_S1,2024,Axy,300,5345.837689504233,7
2024-05-14 21:15:00,141.50147,40.560610000000004,ATK_2B_S1,2024,Axy,300,5345.851305785207,7
2024-05-14 21:20:00,141.50163,40.560590000000005,ATK_2B_S1,2024,Axy,300,5332.784163872418,7
2024-05-14 21:25:00,141.50147,40.56056,ATK_2B_S1,2024,Axy,300,5343.317397069711,7
2024-05-14 21:30:00,141.50152,40.560610000000004,ATK_2B_S1,2024,Axy,300,5342.084677664163,7
2024-05-14 21:35:00,141.50163,40.56056,ATK_2B_S1,2024,Axy,300,5331.260925243611,7
2024-05-14 21:40:00,141.50163,40.56062,ATK_2B_S1,2024,Axy,300,5334.309048028951,7
2024-05-14 21:45:00,141.50122000000002,40.56076,ATK_2B_S1,2024,Axy,300,5372.297211192848,7
2024-05-14 21:50:00,141.50163,40.560520000000004,ATK_2B_S1,2024,Axy,300,5329.232502556708,7
2024-05-14 21:55:00,141.50139000000001,40.56053000000001,ATK_2B_S1,2024,Axy,300,5347.831882070064,7
2024-05-14 22:00:00,141.50175,40.5606,ATK_2B_S1,2024,Axy,300,5324.258100592868,7
2024-05-14 22:05:00,141.5015,40.56046,ATK_2B_S1,2024,Axy,300,5336.000015954804,7
2024-05-14 22:10:00,141.50154999999998,40.56058,ATK_2B_S1,2024,Axy,300,5338.3024250320095,7
2024-05-14 22:15:00,141.50166,40.56067,ATK_2B_S1,2024,Axy,300,5334.596759679926,7
2024-05-14 22:20:00,141.50152,40.56063,ATK_2B_S1,2024,Axy,300,5343.100235817817,7
2024-05-14 22:25:00,141.50152,40.56058,ATK_2B_S1,2024,Axy,300,5340.562710056251,7
2024-05-14 22:30:00,141.50157,40.56069,ATK_2B_S1,2024,Axy,300,5342.388233923338,7
2024-05-14 22:35:00,141.5016,40.56064,ATK_2B_S1,2024,Axy,300,5337.584867974026,7
2024-05-14 22:40:00,141.50144000000003,40.56049,ATK_2B_S1,2024,Axy,300,5342.040491211292,7
2024-05-14 22:45:00,141.50161,40.56065,ATK_2B_S1,2024,Axy,300,5337.340948917605,7
2024-05-14 22:50:00,141.50153,40.5606,ATK_2B_S1,2024,Axy,300,5340.823859394571,7
2024-05-14 22:55:00,141.50158,40.56063,ATK_2B_S1,2024,Axy,300,5338.582070452767,7
2024-05-14 23:00:00,141.50155999999998,40.560610000000004,ATK_2B_S1,2024,Axy,300,5339.071880869172,7
2024-05-14 23:05:00,141.50138,40.56066,ATK_2B_S1,2024,Axy,300,5355.168254334903,7
2024-05-14 23:10:00,141.50155999999998,40.5606,ATK_2B_S1,2024,Axy,300,5338.564088808233,7
2024-05-14 23:15:00,141.50155999999998,40.560610000000004,ATK_2B_S1,2024,Axy,300,5339.071880869172,7
2024-05-14 23:20:00,141.51987999999997,40.54712,ATK_2B_S1,2024,Axy,300,3332.581015691513,7
2024-05-14 23:25:00,141.53757,40.54536,ATK_2B_S1,2024,Axy,300,1855.4297174467492,7
2024-05-10 04:10:00,141.58653,40.56246,ATK_6E_S1,2024,Axy,300,3608.32729141054,1
2024-05-10 04:15:00,141.63006,40.59995000000001,ATK_6E_S1,2024,Axy,300,9167.846898908198,1
2024-05-10 04:20:00,141.66227,40.63817000000001,ATK_6E_S1,2024,Axy,300,14168.66193757691,1
2024-05-10 04:25:00,141.70084999999997,40.67826,ATK_6E_S1,2024,Axy,300,19684.254096621666,1
2024-05-10 04:30:00,141.72891,40.72035000000001,ATK_6E_S1,2024,Axy,300,24846.971317183277,1
2024-05-10 04:35:00,141.75374,40.759570000000004,ATK_6E_S1,2024,Axy,300,29618.996319433052,1
2024-05-10 04:40:00,141.78467999999998,40.796670000000006,ATK_6E_S1,2024,Axy,300,34495.095868479686,1
2024-05-10 04:45:00,141.82039000000003,40.83132,ATK_6E_S1,2024,Axy,300,39370.9656440153,1
2024-05-10 04:50:00,141.85633000000004,40.84916,ATK_6E_S1,2024,Axy,300,42741.4903114915,1
2024-05-10 04:55:00,141.88667,40.85447999999999,ATK_6E_S1,2024,Axy,300,44765.4608102198,1
2024-05-10 05:00:00,141.91951999999998,40.856629999999996,ATK_6E_S1,2024,Axy,300,46721.227450225815,1
2024-05-10 05:05:00,141.94156999999998,40.850319999999996,ATK_6E_S1,2024,Axy,300,47449.486596684124,1
2024-05-10 05:10:00,141.95871000000002,40.85007999999999,ATK_6E_S1,2024,Axy,300,48432.881032886304,1
2024-05-10 05:15:00,141.99151,40.86399,ATK_6E_S1,2024,Axy,300,51481.76121553449,1
2024-05-10 05:20:00,142.00143000000003,40.87623,ATK_6E_S1,2024,Axy,300,53031.888032303665,1
2024-05-10 05:25:00,142.01926999999998,40.888839999999995,ATK_6E_S1,2024,Axy,300,55085.560458314445,1
2024-05-10 05:30:00,142.03344,40.895360000000004,ATK_6E_S1,2024,Axy,300,56444.26404928429,1
2024-05-10 05:35:00,142.02463,40.89323,ATK_6E_S1,2024,Axy,300,55749.58786756278,1
2024-05-10 05:40:00,142.0184,40.891110000000005,ATK_6E_S1,2024,Axy,300,55211.49909762895,1
2024-05-10 05:45:00,142.02086,40.880829999999996,ATK_6E_S1,2024,Axy,300,54559.163031029806,1
2024-05-10 05:50:00,142.01350999999997,40.8795,ATK_6E_S1,2024,Axy,300,54011.9074906119,1
2024-05-10 05:55:00,142.00905999999998,40.872150000000005,ATK_6E_S1,2024,Axy,300,53174.074284935785,1
2024-05-10 06:00:00,141.99994,40.89341,ATK_6E_S1,2024,Axy,300,54307.39503134013,1
2024-05-10 06:05:00,142.00057999999999,40.88765999999999,ATK_6E_S1,2024,Axy,300,53884.58939798951,1
2024-05-10 06:10:00,142.00268,40.8861,ATK_6E_S1,2024,Axy,300,53884.10966693757,1
2024-05-10 06:15:00,142.00436,40.885279999999995,ATK_6E_S1,2024,Axy,300,53918.39291267205,1
2024-05-10 06:20:00,142.02465999999998,40.871809999999996,ATK_6E_S1,2024,Axy,300,54101.9920054171,1
2024-05-10 06:25:00,142.04787,40.856089999999995,ATK_6E_S1,2024,Axy,300,54405.629232163184,1
2024-05-10 06:30:00,142.07052,40.83752,ATK_6E_S1,2024,Axy,300,54604.48490923614,1
2024-05-10 06:35:00,142.07602,40.82888,ATK_6E_S1,2024,Axy,300,54402.68885106877,1
2024-05-10 06:40:00,142.07764,40.82777,ATK_6E_S1,2024,Axy,300,54440.56604340488,1
2024-05-10 06:45:00,142.07370999999998,40.81379,ATK_6E_S1,2024,Axy,300,53270.820636979646,1
2024-05-10 06:50:00,142.07369999999997,40.810689999999994,ATK_6E_S1,2024,Axy,300,53074.22743080257,1
2024-05-10 06:55:00,142.07524,40.799670000000006,ATK_6E_S1,2024,Axy,300,52498.72694128768,1
2024-05-10 07:00:00,142.09028,40.78211000000001,ATK_6E_S1,2024,Axy,300,52538.78907699144,1
2024-05-10 07:05:00,142.09184000000002,40.773990000000005,ATK_6E_S1,2024,Axy,300,52196.95458900511,1
2024-05-10 07:10:00,142.08599,40.76617000000001,ATK_6E_S1,2024,Axy,300,51338.59856189096,1
2024-05-10 07:15:00,142.07995999999997,40.758390000000006,ATK_6E_S1,2024,Axy,300,50474.141895058456,1
2024-05-10 07:20:00,142.07798,40.746770000000005,ATK_6E_S1,2024,Axy,300,49718.04087810113,1
2024-05-10 07:25:00,142.07448,40.73577000000001,ATK_6E_S1,2024,Axy,300,48900.312730092475,1
2024-05-10 07:30:00,142.07199,40.72684,ATK_6E_S1,2024,Axy,300,48277.08408077353,1
2024-05-10 07:35:00,142.06924,40.71538,ATK_6E_S1,2024,Axy,300,47531.25831406026,1
2024-05-10 07:40:00,142.05933000000002,40.71107,ATK_6E_S1,2024,Axy,300,46571.31217982591,1
2024-05-10 07:45:00,142.05105,40.72668,ATK_6E_S1,2024,Axy,300,46678.61507722157,1
2024-05-10 07:50:00,142.04233000000002,40.74441,ATK_6E_S1,2024,Axy,300,46941.62342874003,1
2024-05-10 07:55:00,142.0388,40.76874000000001,ATK_6E_S1,2024,Axy,300,48055.279275301975,1
2024-05-10 08:00:00,142.03284000000002,40.79290000000001,ATK_6E_S1,2024,Axy,300,49114.976951414625,1
2024-05-10 08:05:00,142.02931,40.820679999999996,ATK_6E_S1,2024,Axy,300,50709.6275546995,1
2024-05-10 08:10:00,142.02355999999997,40.846959999999996,ATK_6E_S1,2024,Axy,300,52188.7770138222,1
2024-05-10 08:15:00,142.02099,40.87433,ATK_6E_S1,2024,Axy,300,54068.18684477961,1
2024-05-10 08:20:00,142.00525,40.909330000000004,ATK_6E_S1,2024,Axy,300,55902.87630327748,1
2024-05-10 08:25:00,142.00140000000002,40.91943,ATK_6E_S1,2024,Axy,300,56515.755045730315,1
2024-05-10 08:30:00,141.98303,40.934819999999995,ATK_6E_S1,2024,Axy,300,56808.92693012119,1
2024-05-10 08:35:00,141.9739,40.95497999999999,ATK_6E_S1,2024,Axy,300,58086.76903541597,1
2024-05-10 08:40:00,141.96128000000002,40.96851000000001,ATK_6E_S1,2024,Axy,300,58662.02380115133,1
2024-05-10 08:45:00,141.9558,40.97269,ATK_6E_S1,2024,Axy,300,58773.82973629124,1
2024-05-10 08:50:00,141.9605,40.962610000000005,ATK_6E_S1,2024,Axy,300,58092.32498094654,1
2024-05-10 08:55:00,141.95527,40.95777999999999,ATK_6E_S1,2024,Axy,300,57399.6090344116,1
2024-05-10 09:00:00,141.94503,40.95335,ATK_6E_S1,2024,Axy,300,56496.79096915366,1
2024-05-10 09:05:00,141.93032000000002,40.950939999999996,ATK_6E_S1,2024,Axy,300,55566.028340330784,1
2024-05-10 09:10:00,141.92523000000003,40.937839999999994,ATK_6E_S1,2024,Axy,300,54127.45993378769,1
2024-05-10 09:15:00,141.91603,40.92327,ATK_6E_S1,2024,Axy,300,52359.09115836679,1
2024-05-10 09:20:00,141.91229,40.905010000000004,ATK_6E_S1,2024,Axy,300,50532.74696341573,1
2024-05-10 09:25:00,141.90533000000002,40.88483999999999,ATK_6E_S1,2024,Axy,300,48390.72567787645,1
2024-05-10 09:30:00,141.89537,40.86485,ATK_6E_S1,2024,Axy,300,46123.513886140485,1
2024-05-10 09:35:00,141.88493000000003,40.84281,ATK_6E_S1,2024,Axy,300,43665.588733969395,1
2024-05-10 09:40:00,141.87679,40.821110000000004,ATK_6E_S1,2024,Axy,300,41380.134211476645,1
2024-05-10 09:45:00,141.86484000000002,40.80825,ATK_6E_S1,2024,Axy,300,39640.635521288896,1
2024-05-10 09:50:00,141.85989,40.79822000000001,ATK_6E_S1,2024,Axy,300,38528.5234427009,1
2024-05-10 09:55:00,141.84913,40.78663,ATK_6E_S1,2024,Axy,300,36963.718370215785,1
2024-05-10 10:00:00,141.82971,40.776650000000004,ATK_6E_S1,2024,Axy,300,35047.163054570075,1
2024-05-10 10:05:00,141.81024000000002,40.76677000000001,ATK_6E_S1,2024,Axy,300,33143.63434237647,1
2024-05-10 10:10:00,141.79704,40.750679999999996,ATK_6E_S1,2024,Axy,300,31061.030063042086,1
2024-05-10 10:15:00,141.78659,40.73053000000001,ATK_6E_S1,2024,Axy,300,28800.903173624476,1
2024-05-10 10:20:00,141.78177,40.70985,ATK_6E_S1,2024,Axy,300,26858.096774361926,1
2024-05-10 10:25:00,141.78105,40.68967,ATK_6E_S1,2024,Axy,300,25277.49379660403,1
2024-05-10 10:30:00,141.77605999999997,40.67127,ATK_6E_S1,2024,Axy,300,23640.580370616866,1
2024-05-10 10:35:00,141.76808,40.653,ATK_6E_S1,2024,Axy,300,21881.13656713392,1
2024-05-10 10:40:00,141.75878,40.636950000000006,ATK_6E_S1,2024,Axy,300,20231.61415727118,1
2024-05-10 10:45:00,141.75005,40.63351000000001,ATK_6E_S1,2024,Axy,300,19403.78063723048,1
2024-05-10 10:50:00,141.74985999999996,40.63356,ATK_6E_S1,2024,Axy,300,19393.28977135027,1
2024-05-10 10:55:00,141.73604,40.624810000000004,ATK_6E_S1,2024,Axy,300,17884.780006939858,1
2024-05-10 11:05:00,141.69932,40.60132,ATK_6E_S1,2024,Axy,600,13874.846269710448,1
2024-05-10 11:10:00,141.68398,40.59533000000001,ATK_6E_S1,2024,Axy,300,12418.12383699564,1
2024-05-10 11:15:00,141.66525,40.5862,ATK_6E_S1,2024,Axy,300,10537.696514224246,1
2024-05-10 11:20:00,141.65181,40.57518,ATK_6E_S1,2024,Axy,300,8953.11827059539,1
2024-05-10 11:25:00,141.63635,40.56811000000001,ATK_6E_S1,2024,Axy,300,7431.118244893046,1
2024-05-10 11:30:00,141.62282000000002,40.55885,ATK_6E_S1,2024,Axy,300,5964.156554331014,1
2024-05-10 11:35:00,141.61154,40.548550000000006,ATK_6E_S1,2024,Axy,300,4700.682522253439,1
2024-05-10 11:40:00,141.60069,40.53763,ATK_6E_S1,2024,Axy,300,3651.9212813291338,1
2024-05-10 11:45:00,141.58596,40.5339,ATK_6E_S1,2024,Axy,300,2458.639444484716,1
2024-05-10 11:50:00,141.5688,40.54306,ATK_6E_S1,2024,Axy,300,1069.7517476984679,1
2024-05-11 03:50:00,141.59184000000002,40.56031000000001,ATK_6E_S1,2024,Axy,300,3770.7961674953817,2
2024-05-11 03:55:00,141.61933,40.57698,ATK_6E_S1,2024,Axy,300,6744.601509195642,2
2024-05-11 04:00:00,141.64916999999997,40.59507000000001,ATK_6E_S1,2024,Axy,300,9972.029031326208,2
2024-05-11 04:05:00,141.67358999999996,40.61057,ATK_6E_S1,2024,Axy,300,12661.49346272522,2
2024-05-11 04:10:00,141.70127,40.63156,ATK_6E_S1,2024,Axy,300,15952.525935806249,2
2024-05-11 04:15:00,141.73284999999998,40.6495,ATK_6E_S1,2024,Axy,300,19279.658285984464,2
2024-05-11 04:20:00,141.76565999999997,40.6696,ATK_6E_S1,2024,Axy,300,22840.341932378105,2
2024-05-11 04:25:00,141.80061,40.690450000000006,ATK_6E_S1,2024,Axy,300,26593.19096941767,2
2024-05-11 04:30:00,141.83039000000002,40.707679999999996,ATK_6E_S1,2024,Axy,300,29753.04368108304,2
2024-05-11 04:35:00,141.86429,40.72478,ATK_6E_S1,2024,Axy,300,33175.59514430169,2
2024-05-11 04:40:00,141.89691000000002,40.735780000000005,ATK_6E_S1,2024,Axy,300,36101.362086245805,2
2024-05-11 04:45:00,141.93109,40.74557000000001,ATK_6E_S1,2024,Axy,300,39067.91636754463,2
2024-05-11 04:50:00,141.96619,40.7542,ATK_6E_S1,2024,Axy,300,42042.040076523765,2
2024-05-11 04:55:00,141.99636,40.77102,ATK_6E_S1,2024,Axy,300,45199.626004558515,2
2024-05-11 05:00:00,142.0186,40.799220000000005,ATK_6E_S1,2024,Axy,300,48548.35121668253,2
2024-05-11 05:05:00,142.03881,40.825,ATK_6E_S1,2024,Axy,300,51636.657164581695,2
2024-05-11 05:10:00,142.06737,40.84656,ATK_6E_S1,2024,Axy,300,55009.39804932453,2
2024-05-11 05:15:00,142.0941,40.85857,ATK_6E_S1,2024,Axy,300,57606.12980692698,2
2024-05-11 05:20:00,142.06878,40.87332,ATK_6E_S1,2024,Axy,300,56988.177609711,2
2024-05-11 05:25:00,142.04586999999998,40.873779999999996,ATK_6E_S1,2024,Axy,300,55569.05730733755,2
2024-05-11 05:30:00,142.01895,40.86854,ATK_6E_S1,2024,Axy,300,53502.3299803861,2
2024-05-11 05:35:00,142.02285,40.86565,ATK_6E_S1,2024,Axy,300,53525.331773077334,2
2024-05-11 05:40:00,142.02130000000002,40.86456,ATK_6E_S1,2024,Axy,300,53347.2094686782,2
2024-05-11 05:45:00,142.01478999999998,40.865790000000004,ATK_6E_S1,2024,Axy,300,53037.58736223391,2
2024-05-11 05:50:00,142.02645,40.86382,ATK_6E_S1,2024,Axy,300,53612.5181536216,2
2024-05-11 05:55:00,142.02593000000002,40.85891,ATK_6E_S1,2024,Axy,300,53215.13426387078,2
2024-05-11 06:00:00,142.02551,40.85668999999999,ATK_6E_S1,2024,Axy,300,53024.679632809115,2
2024-05-11 06:05:00,142.02644000000004,40.85509,ATK_6E_S1,2024,Axy,300,52965.61694716338,2
2024-05-11 06:10:00,142.05184000000003,40.86758,ATK_6E_S1,2024,Axy,300,55490.459294663844,2
2024-05-11 06:15:00,142.02973,40.87356,ATK_6E_S1,2024,Axy,300,54547.31406586986,2
2024-05-11 06:20:00,141.99813000000003,40.88463999999999,ATK_6E_S1,2024,Axy,300,53500.183543406325,2
2024-05-11 06:25:00,141.96302,40.8856,ATK_6E_S1,2024,Axy,300,51559.509012369155,2
2024-05-11 06:30:00,141.95836000000003,40.8749,ATK_6E_S1,2024,Axy,300,50414.09603919619,2
2024-05-11 06:35:00,141.95464,40.86343,ATK_6E_S1,2024,Axy,300,49265.26874377299,2
2024-05-11 06:40:00,141.92845000000003,40.86047,ATK_6E_S1,2024,Axy,300,47537.99636368955,2
2024-05-11 06:45:00,141.90896,40.87387999999999,ATK_6E_S1,2024,Axy,300,47621.578662724176,2
2024-05-11 06:50:00,141.88658,40.89604,ATK_6E_S1,2024,Axy,300,48457.46074506499,2
2024-05-11 06:55:00,141.90454999999997,40.90751,ATK_6E_S1,2024,Axy,300,50372.924488686454,2
2024-05-11 07:00:00,141.89444000000003,40.90343,ATK_6E_S1,2024,Axy,300,49509.78847077106,2
2024-05-11 07:05:00,141.89379,40.90092,ATK_6E_S1,2024,Axy,300,49250.57574411001,2
2024-05-11 07:10:00,141.89434000000003,40.90029,ATK_6E_S1,2024,Axy,300,49220.36149212289,2
2024-05-11 07:15:00,141.89476,40.89956,ATK_6E_S1,2024,Axy,300,49174.87003812819,2
2024-05-11 07:20:00,141.89519,40.898770000000006,ATK_6E_S1,2024,Axy,300,49124.56925895554,2
2024-05-11 07:25:00,141.89556,40.89793,ATK_6E_S1,2024,Axy,300,49066.94169019753,2
2024-05-11 07:30:00,141.88949000000002,40.89267,ATK_6E_S1,2024,Axy,300,48294.153164127274,2
2024-05-11 07:35:00,141.86483,40.881609999999995,ATK_6E_S1,2024,Axy,300,46095.99143931701,2
2024-05-11 07:40:00,141.83784000000003,40.86831000000001,ATK_6E_S1,2024,Axy,300,43605.02157541865,2
2024-05-11 07:45:00,141.82892000000004,40.858419999999995,ATK_6E_S1,2024,Axy,300,42274.34649341572,2
2024-05-11 07:50:00,141.81130000000002,40.84433,ATK_6E_S1,2024,Axy,300,40155.27798976804,2
2024-05-11 07:55:00,141.79946999999999,40.82778,ATK_6E_S1,2024,Axy,300,38069.01213716783,2
2024-05-11 08:00:00,141.78903,40.813159999999996,ATK_6E_S1,2024,Axy,300,36226.869574637036,2
2024-05-11 08:05:00,141.78334999999998,40.79862000000001,ATK_6E_S1,2024,Axy,300,34612.90609372039,2
2024-05-11 08:10:00,141.76846,40.781679999999994,ATK_6E_S1,2024,Axy,300,32350.568213423987,2
2024-05-11 08:15:00,141.74794,40.76366,ATK_6E_S1,2024,Axy,300,29727.58557044602,2
2024-05-11 08:20:00,141.73018,40.74444,ATK_6E_S1,2024,Axy,300,27121.180751981155,2
2024-05-11 08:25:00,141.71218,40.723040000000005,ATK_6E_S1,2024,Axy,300,24299.933062051023,2
2024-05-11 08:30:00,141.69365999999997,40.70048,ATK_6E_S1,2024,Axy,300,21346.253831241836,2
2024-05-11 08:35:00,141.67134000000001,40.67886,ATK_6E_S1,2024,Axy,300,18309.101678622264,2
2024-05-11 08:40:00,141.65112000000002,40.653679999999994,ATK_6E_S1,2024,Axy,300,15031.675050336007,2
2024-05-11 08:45:00,141.6292,40.628890000000006,ATK_6E_S1,2024,Axy,300,11715.628393388388,2
2024-05-11 08:50:00,141.61174999999997,40.602810000000005,ATK_6E_S1,2024,Axy,300,8476.646024709717,2
2024-05-11 08:55:00,141.58316,40.579950000000004,ATK_6E_S1,2024,Axy,300,5075.69376763697,2
2024-05-11 09:00:00,141.55522000000002,40.55579,ATK_6E_S1,2024,Axy,300,1918.8261652034098,2
2024-05-11 09:05:00,141.54981999999998,40.55014,ATK_6E_S1,2024,Axy,300,1440.5143101314068,2
2024-05-11 09:10:00,141.54903,40.54834,ATK_6E_S1,2024,Axy,300,1302.2167574242148,2
2024-05-11 09:15:00,141.54936999999998,40.54872,ATK_6E_S1,2024,Axy,300,1322.0292257199417,2
2024-05-11 09:20:00,141.54935999999998,40.54865,ATK_6E_S1,2024,Axy,300,1315.8817140288056,2
2024-05-11 09:25:00,141.54936999999998,40.54858,ATK_6E_S1,2024,Axy,300,1308.848421541715,2
2024-05-11 09:30:00,141.54927999999998,40.548350000000006,ATK_6E_S1,2024,Axy,300,1291.4554444525052,2
2024-05-11 09:35:00,141.54945999999998,40.54866,ATK_6E_S1,2024,Axy,300,1312.3504436997289,2
2024-05-11 12:10:00,141.52984999999998,40.54602,ATK_6E_S1,2024,Axy,300,2491.0617146232767,3
2024-05-11 12:15:00,141.51528,40.546130000000005,ATK_6E_S1,2024,Axy,300,3681.4335443062882,3
2024-05-11 12:20:00,141.51413,40.54637,ATK_6E_S1,2024,Axy,300,3782.3569778005008,3
2024-05-11 12:25:00,141.51497999999998,40.54735,ATK_6E_S1,2024,Axy,300,3739.0278560552174,3
2024-05-11 12:30:00,141.51494999999997,40.54735,ATK_6E_S1,2024,Axy,300,3741.4821387759134,3
2024-05-11 12:35:00,141.51487999999998,40.54735,ATK_6E_S1,2024,Axy,300,3747.2092501706734,3
2024-05-11 12:40:00,141.53268,40.550019999999996,ATK_6E_S1,2024,Axy,300,2462.507679226044,3
2024-05-11 12:45:00,141.54942,40.550639999999994,ATK_6E_S1,2024,Axy,300,1505.3950766957037,3
2024-05-11 12:50:00,141.54981999999998,40.550279999999994,ATK_6E_S1,2024,Axy,300,1454.3537658297755,3
2024-05-11 12:55:00,141.54906999999997,40.548750000000005,ATK_6E_S1,2024,Axy,300,1338.4134294276323,3
2024-05-11 13:00:00,141.54946999999999,40.548390000000005,ATK_6E_S1,2024,Axy,300,1286.4877503740172,3
2024-05-11 13:05:00,141.54941,40.54831000000001,ATK_6E_S1,2024,Axy,300,1281.7397684250764,3
2024-05-11 13:10:00,141.54959999999997,40.550419999999995,ATK_6E_S1,2024,Axy,300,1476.6901835010758,3
2024-05-11 13:15:00,141.54966999999996,40.550219999999996,ATK_6E_S1,2024,Axy,300,1454.2464718310996,3
2024-05-11 13:20:00,141.54962999999998,40.55031,ATK_6E_S1,2024,Axy,300,1464.6759599415172,3
2024-05-11 13:25:00,141.54988999999998,40.55038,ATK_6E_S1,2024,Axy,300,1461.5996029245596,3
2024-05-11 13:30:00,141.54915999999997,40.5503,ATK_6E_S1,2024,Axy,300,1482.4838899028846,3
2024-05-11 13:35:00,141.54962999999998,40.55027,ATK_6E_S1,2024,Axy,300,1460.736141916042,3
2024-05-11 13:40:00,141.54968999999997,40.5499,ATK_6E_S1,2024,Axy,300,1422.0298498470438,3
2024-05-11 13:45:00,141.54975999999996,40.54996,ATK_6E_S1,2024,Axy,300,1425.1350094321788,3
2024-05-11 13:50:00,141.54983,40.55009,ATK_6E_S1,2024,Axy,300,1435.1912542812402,3
2024-05-11 13:55:00,141.54959999999997,40.55035,ATK_6E_S1,2024,Axy,300,1469.7891391648132,3
2024-05-11 14:00:00,141.54965999999996,40.55025,ATK_6E_S1,2024,Axy,300,1457.592396570399,3
2024-05-11 14:05:00,141.54948,40.550399999999996,ATK_6E_S1,2024,Axy,300,1479.4183500042752,3
2024-05-11 14:10:00,141.55018,40.550039999999996,ATK_6E_S1,2024,Axy,300,1416.8546135288357,3
2024-05-11 14:15:00,141.54877,40.54996,ATK_6E_S1,2024,Axy,300,1466.1117110004873,3
2024-05-11 14:20:00,141.54908999999998,40.54983,ATK_6E_S1,2024,Axy,300,1439.9509692452716,3
2024-05-11 14:25:00,141.54927999999998,40.549530000000004,ATK_6E_S1,2024,Axy,300,1403.05902430192,3
2024-05-11 14:30:00,141.54962999999998,40.550239999999995,ATK_6E_S1,2024,Axy,300,1457.7831725069557,3
2024-05-11 14:35:00,141.54962999999998,40.55032,ATK_6E_S1,2024,Axy,300,1465.6613630018514,3
2024-05-11 14:40:00,141.54950999999997,40.55039,ATK_6E_S1,2024,Axy,300,1477.2543121953036,3
2024-05-11 14:45:00,141.54936999999998,40.5499,ATK_6E_S1,2024,Axy,300,1435.007457570664,3
2024-05-11 14:50:00,141.54957999999996,40.54804,ATK_6E_S1,2024,Axy,300,1248.743019550716,3
2024-05-11 14:55:00,141.54910999999998,40.547619999999995,ATK_6E_S1,2024,Axy,300,1232.6916753286114,3
2024-05-11 15:00:00,141.54922,40.54775,ATK_6E_S1,2024,Axy,300,1239.0774512913374,3
2024-05-11 15:05:00,141.54889,40.549910000000004,ATK_6E_S1,2024,Axy,300,1456.1609582950805,3
2024-05-11 15:10:00,141.55,40.54658,ATK_6E_S1,2024,Axy,300,1094.9318739650073,3
2024-05-11 15:15:00,141.54989999999998,40.546350000000004,ATK_6E_S1,2024,Axy,300,1079.4834481399105,3
2024-05-11 15:20:00,141.55034000000003,40.54649,ATK_6E_S1,2024,Axy,300,1070.0486394962045,3
2024-05-11 15:25:00,141.55034000000003,40.54663,ATK_6E_S1,2024,Axy,300,1082.8043536038933,3
2024-05-11 15:30:00,141.55017,40.55227,ATK_6E_S1,2024,Axy,300,1642.7625607975158,3
2024-05-11 15:35:00,141.54949999999997,40.55033,ATK_6E_S1,2024,Axy,300,1471.7508620990156,3
2024-05-11 15:40:00,141.54955999999996,40.55018,ATK_6E_S1,2024,Axy,300,1454.6501772579456,3
2024-05-11 15:45:00,141.54942,40.55041,ATK_6E_S1,2024,Axy,300,1482.77081224297,3
2024-05-11 15:50:00,141.54959999999997,40.55043,ATK_6E_S1,2024,Axy,300,1477.6767539794077,3
2024-05-11 15:55:00,141.54965999999996,40.55029,ATK_6E_S1,2024,Axy,300,1461.533940145381,3
2024-05-11 16:00:00,141.55345,40.554809999999996,ATK_6E_S1,2024,Axy,300,1833.4229216778565,3
2024-05-11 16:05:00,141.54967999999997,40.55036,ATK_6E_S1,2024,Axy,300,1467.6629471334245,3
2024-05-11 16:10:00,141.54641,40.549170000000004,ATK_6E_S1,2024,Axy,300,1508.3568104034828,3
2024-05-11 16:15:00,141.54652,40.54919,ATK_6E_S1,2024,Axy,300,1504.2509726590386,3
2024-05-11 16:20:00,141.54945999999998,40.5505,ATK_6E_S1,2024,Axy,300,1490.040854226556,3
2024-05-11 16:25:00,141.54966999999996,40.55038,ATK_6E_S1,2024,Axy,300,1470.0253863250591,3
2024-05-11 16:30:00,141.54967999999997,40.55034,ATK_6E_S1,2024,Axy,300,1465.6882801144106,3
2024-05-11 16:35:00,141.54973999999999,40.55037,ATK_6E_S1,2024,Axy,300,1466.3346959536627,3
2024-05-11 16:40:00,141.54949999999997,40.55034,ATK_6E_S1,2024,Axy,300,1472.733205183168,3
2024-05-11 16:45:00,141.54925999999998,40.550219999999996,ATK_6E_S1,2024,Axy,300,1470.6191279661232,3
2024-05-11 16:50:00,141.54958999999997,40.5503,ATK_6E_S1,2024,Axy,300,1465.2574192372003,3
2024-05-11 17:00:00,141.54934999999998,40.55018,ATK_6E_S1,2024,Axy,600,1463.0670523072936,3
2024-05-11 17:05:00,141.54937999999999,40.5501,ATK_6E_S1,2024,Axy,300,1454.0505327013166,3
2024-05-11 17:10:00,141.54943,40.55013,ATK_6E_S1,2024,Axy,300,1454.9551930028483,3
2024-05-11 17:15:00,141.54974999999996,40.5503,ATK_6E_S1,2024,Axy,300,1459.0278094977343,3
2024-05-11 17:20:00,141.54974999999996,40.54998,ATK_6E_S1,2024,Axy,300,1427.4947060381287,3
2024-05-11 17:25:00,141.51304,40.54698,ATK_6E_S1,2024,Axy,300,3887.9473197380553,3
2024-05-11 17:30:00,141.50882000000001,40.544239999999995,ATK_6E_S1,2024,Axy,300,4179.773458154241,3
2024-05-11 17:35:00,141.51132,40.54343,ATK_6E_S1,2024,Axy,300,3957.344790094126,3
2024-05-11 17:40:00,141.51152,40.5435,ATK_6E_S1,2024,Axy,300,3941.6203217351203,3
2024-05-11 17:45:00,141.51147,40.54339,ATK_6E_S1,2024,Axy,300,3944.155151755243,3
2024-05-11 17:50:00,141.51966999999996,40.55587,ATK_6E_S1,2024,Axy,300,3741.668645366926,3
2024-05-11 17:55:00,141.51977999999997,40.555930000000004,ATK_6E_S1,2024,Axy,300,3737.093856380152,3
2024-05-11 18:00:00,141.52157,40.55598,ATK_6E_S1,2024,Axy,300,3610.9055162105747,3
2024-05-11 18:05:00,141.54533,40.549310000000006,ATK_6E_S1,2024,Axy,300,1579.1527408858922,3
2024-05-11 18:10:00,141.54959999999997,40.55037,ATK_6E_S1,2024,Axy,300,1471.7599788135076,3
2024-05-11 18:15:00,141.54966999999996,40.550259999999994,ATK_6E_S1,2024,Axy,300,1458.18691209731,3
2024-05-11 18:20:00,141.54972999999998,40.55029,ATK_6E_S1,2024,Axy,300,1458.813410851503,3
2024-05-11 18:25:00,141.54977999999997,40.54983,ATK_6E_S1,2024,Axy,300,1411.5840532465375,3
2024-05-11 18:30:00,141.54949999999997,40.5494,ATK_6E_S1,2024,Axy,300,1381.241657417572,3
2024-05-11 18:35:00,141.54960999999997,40.55032,ATK_6E_S1,2024,Axy,300,1466.4428822695002,3
2024-05-11 18:40:00,141.54975999999996,40.55023,ATK_6E_S1,2024,Axy,300,1451.7262601970829,3
2024-05-11 18:45:00,141.54970999999998,40.55023,ATK_6E_S1,2024,Axy,300,1453.6696175655009,3
2024-05-11 18:50:00,141.54977999999997,40.550419999999995,ATK_6E_S1,2024,Axy,300,1469.7521226893668,3
2024-05-11 18:55:00,141.54964999999996,40.55041,ATK_6E_S1,2024,Axy,300,1473.7627111819281,3
2024-05-11 19:00:00,141.55002000000002,40.55045,ATK_6E_S1,2024,Axy,300,1463.6903186965642,3
2024-05-11 19:05:00,141.54957999999996,40.55037,ATK_6E_S1,2024,Axy,300,1472.5411847514038,3
2024-05-11 19:10:00,141.54934999999998,40.5501,ATK_6E_S1,2024,Axy,300,1455.269734890305,3
2024-05-11 19:15:00,141.54949,40.55012,ATK_6E_S1,2024,Axy,300,1451.5652318173875,3
2024-05-11 19:20:00,141.54990999999998,40.550619999999995,ATK_6E_S1,2024,Axy,300,1484.7420346349797,3
2024-05-11 19:25:00,141.54975999999996,40.55043,ATK_6E_S1,2024,Axy,300,1471.5075372444062,3
2024-05-11 19:30:00,141.54971999999998,40.55038,ATK_6E_S1,2024,Axy,300,1468.0939078395259,3
2024-05-11 19:35:00,141.54962999999998,40.550259999999994,ATK_6E_S1,2024,Axy,300,1459.7516377799652,3
2024-05-11 19:40:00,141.5508,40.55292,ATK_6E_S1,2024,Axy,300,1690.7252624547584,3
2024-05-11 19:45:00,141.55155,40.5529,ATK_6E_S1,2024,Axy,300,1668.0247472322199,3
2024-05-11 19:50:00,141.55234000000004,40.553259999999995,ATK_6E_S1,2024,Axy,300,1687.2043861749908,3
2024-05-11 19:55:00,141.55363,40.553819999999995,ATK_6E_S1,2024,Axy,300,1722.6165444476162,3
2024-05-11 20:00:00,141.55453,40.554779999999994,ATK_6E_S1,2024,Axy,300,1814.7896862763255,3
2024-05-11 20:05:00,141.55586,40.5551,ATK_6E_S1,2024,Axy,300,1837.4988475990795,3
2024-05-11 20:10:00,141.56373,40.563770000000005,ATK_6E_S1,2024,Axy,300,2842.103853200634,3
2024-05-11 20:15:00,141.57249000000002,40.57544,ATK_6E_S1,2024,Axy,300,4280.150398455522,3
2024-05-11 20:20:00,141.57325999999998,40.575630000000004,ATK_6E_S1,2024,Axy,300,4319.8881394793425,3
2024-05-11 20:25:00,141.57425999999998,40.575920000000004,ATK_6E_S1,2024,Axy,300,4377.106019587132,3
2024-05-11 20:30:00,141.57536,40.5772,ATK_6E_S1,2024,Axy,300,4541.8801028360085,3
2024-05-11 20:35:00,141.58632000000003,40.59268,ATK_6E_S1,2024,Axy,300,6478.4229694044425,3
2024-05-11 20:40:00,141.58729000000002,40.593140000000005,ATK_6E_S1,2024,Axy,300,6556.848388646814,3
2024-05-11 20:45:00,141.58834000000004,40.59306,ATK_6E_S1,2024,Axy,300,6583.29323748203,3
2024-05-11 20:50:00,141.58889000000002,40.59331000000001,ATK_6E_S1,2024,Axy,300,6627.28274743465,3
2024-05-11 20:55:00,141.593,40.6054,ATK_6E_S1,2024,Axy,300,7999.881797754924,3
2024-05-11 21:00:00,141.598,40.61548,ATK_6E_S1,2024,Axy,300,9196.26752584932,3
2024-05-11 21:05:00,141.59864000000002,40.61547,ATK_6E_S1,2024,Axy,300,9215.53136427063,3
2024-05-11 21:10:00,141.59928,40.615300000000005,ATK_6E_S1,2024,Axy,300,9218.658054396388,3
2024-05-11 21:15:00,141.60009,40.615300000000005,ATK_6E_S1,2024,Axy,300,9245.128238814526,3
2024-05-11 21:20:00,141.6009,40.615320000000004,ATK_6E_S1,2024,Axy,300,9274.06995017138,3
2024-05-11 21:25:00,141.6247,40.633160000000004,ATK_6E_S1,2024,Axy,300,11937.877941257242,3
2024-05-11 21:30:00,141.62414,40.63465,ATK_6E_S1,2024,Axy,300,12061.419312652948,3
2024-05-11 21:35:00,141.62532000000002,40.63456,ATK_6E_S1,2024,Axy,300,12099.595134431522,3
2024-05-11 21:40:00,141.63251,40.64712,ATK_6E_S1,2024,Axy,300,13616.552232535987,3
2024-05-11 21:45:00,141.63584999999998,40.66113000000001,ATK_6E_S1,2024,Axy,300,15132.133266109951,3
2024-05-11 21:50:00,141.64750999999998,40.68225,ATK_6E_S1,2024,Axy,300,17672.875714926504,3
2024-05-11 21:55:00,141.65835,40.70248,ATK_6E_S1,2024,Axy,300,20095.40607106281,3
2024-05-11 22:00:00,141.68229000000002,40.722280000000005,ATK_6E_S1,2024,Axy,300,22962.840068028287,3
2024-05-11 22:05:00,141.70310999999998,40.73476,ATK_6E_S1,2024,Axy,300,25019.668600542493,3
2024-05-11 22:10:00,141.70809,40.737100000000005,ATK_6E_S1,2024,Axy,300,25454.173320677633,3
2024-05-11 22:15:00,141.72415999999998,40.75145,ATK_6E_S1,2024,Axy,300,27515.84965462153,3
2024-05-11 22:20:00,141.7304,40.76216000000001,ATK_6E_S1,2024,Axy,300,28807.536487520425,3
2024-05-11 22:25:00,141.73078999999998,40.761630000000004,ATK_6E_S1,2024,Axy,300,28773.639932835926,3
2024-05-11 22:30:00,141.72941,40.763020000000004,ATK_6E_S1,2024,Axy,300,28847.56158278692,3
2024-05-11 22:35:00,141.73161,40.762980000000006,ATK_6E_S1,2024,Axy,300,28937.912172943998,3
2024-05-11 22:40:00,141.74174999999997,40.772650000000006,ATK_6E_S1,2024,Axy,300,30298.706568600737,3
2024-05-11 22:45:00,141.74434999999997,40.788970000000006,ATK_6E_S1,2024,Axy,300,31974.00555586096,3
2024-05-11 22:50:00,141.73264999999998,40.79341000000001,ATK_6E_S1,2024,Axy,300,31932.957246010246,3
2024-05-11 22:55:00,141.72942,40.78381,ATK_6E_S1,2024,Axy,300,30863.244192266266,3
2024-05-11 23:05:00,141.74249999999998,40.77126,ATK_6E_S1,2024,Axy,600,30199.28185258831,3
2024-05-11 23:10:00,141.74872,40.76185,ATK_6E_S1,2024,Axy,300,29594.908033404343,3
2024-05-11 23:15:00,141.73433,40.770920000000004,ATK_6E_S1,2024,Axy,300,29814.70347432675,3
2024-05-11 23:20:00,141.73535999999999,40.772000000000006,ATK_6E_S1,2024,Axy,300,29962.08974059511,3
2024-05-11 23:25:00,141.73486999999997,40.77189,ATK_6E_S1,2024,Axy,300,29930.751864908303,3
2024-05-11 23:30:00,141.73247,40.79549000000001,ATK_6E_S1,2024,Axy,300,32130.69370563045,3
2024-05-11 23:35:00,141.73453999999998,40.80712,ATK_6E_S1,2024,Axy,300,33360.1767132391,3
2024-05-11 23:40:00,141.73494,40.81267999999999,ATK_6E_S1,2024,Axy,300,33927.83953863579,3
2024-05-11 23:45:00,141.72603,40.83021,ATK_6E_S1,2024,Axy,300,35373.87289127854,3
2024-05-11 23:50:00,141.72897,40.83524,ATK_6E_S1,2024,Axy,300,35985.02719407586,3
2024-05-11 23:55:00,141.73355999999995,40.84767999999999,ATK_6E_S1,2024,Axy,300,37405.800952499594,3
2024-05-12 00:05:00,141.74203,40.85795999999999,ATK_6E_S1,2024,Axy,600,38737.987258273686,3
2024-05-12 00:10:00,141.74352999999996,40.857549999999996,ATK_6E_S1,2024,Axy,300,38747.56913586983,3
2024-05-12 00:15:00,141.74249999999998,40.857929999999996,ATK_6E_S1,2024,Axy,300,38750.9407474521,3
2024-05-12 00:20:00,141.74214999999998,40.85779999999999,ATK_6E_S1,2024,Axy,300,38725.81290621173,3
2024-05-12 00:25:00,141.74051999999998,40.85856,ATK_6E_S1,2024,Axy,300,38747.87267428187,3
2024-05-12 00:30:00,141.74024,40.85921999999999,ATK_6E_S1,2024,Axy,300,38805.64146226642,3
2024-05-12 00:35:00,141.74023,40.85971,ATK_6E_S1,2024,Axy,300,38855.214167871505,3
2024-05-12 00:40:00,141.74008999999998,40.86045,ATK_6E_S1,2024,Axy,300,38925.9200566483,3
2024-05-12 00:45:00,141.73987999999997,40.860879999999995,ATK_6E_S1,2024,Axy,300,38962.72808676527,3
2024-05-12 00:50:00,141.73949999999996,40.86133,ATK_6E_S1,2024,Axy,300,38995.941709614235,3
2024-05-12 00:55:00,141.73913,40.861869999999996,ATK_6E_S1,2024,Axy,300,39038.73607276241,3
2024-05-12 01:00:00,141.73892,40.86245,ATK_6E_S1,2024,Axy,300,39090.98489799354,3
2024-05-12 01:05:00,141.73853,40.8631,ATK_6E_S1,2024,Axy,300,39144.48484706137,3
2024-05-12 01:10:00,141.73726,40.864079999999994,ATK_6E_S1,2024,Axy,300,39202.952903625635,3
2024-05-12 01:15:00,141.7393,40.86698,ATK_6E_S1,2024,Axy,300,39566.52557179289,3
2024-05-12 01:20:00,141.73388999999997,40.867399999999996,ATK_6E_S1,2024,Axy,300,39434.50346545675,3
2024-05-12 01:25:00,141.73298,40.867889999999996,ATK_6E_S1,2024,Axy,300,39455.91748024406,3
2024-05-12 01:30:00,141.73038,40.867419999999996,ATK_6E_S1,2024,Axy,300,39325.45634355575,3
2024-05-12 01:35:00,141.72378999999998,40.862930000000006,ATK_6E_S1,2024,Axy,300,38657.289894081914,3
2024-05-12 01:40:00,141.72358999999997,40.86324,ATK_6E_S1,2024,Axy,300,38683.22048089373,3
2024-05-12 01:45:00,141.72366999999997,40.86357,ATK_6E_S1,2024,Axy,300,38719.81267706806,3
2024-05-12 01:50:00,141.72415999999998,40.863659999999996,ATK_6E_S1,2024,Axy,300,38744.150612875426,3
2024-05-12 01:55:00,141.71456999999995,40.847249999999995,ATK_6E_S1,2024,Axy,300,36752.57503891498,3
2024-05-12 02:00:00,141.70472999999998,40.82723,ATK_6E_S1,2024,Axy,300,34379.69684153178,3
2024-05-12 02:05:00,141.69371999999998,40.8107,ATK_6E_S1,2024,Axy,300,32332.798384010097,3
2024-05-12 02:10:00,141.68943000000002,40.791160000000005,ATK_6E_S1,2024,Axy,300,30179.599924964223,3
2024-05-12 02:15:00,141.68071,40.76963000000001,ATK_6E_S1,2024,Axy,300,27686.757373433902,3
2024-05-12 02:20:00,141.6701,40.74859000000001,ATK_6E_S1,2024,Axy,300,25184.951770416395,3
2024-05-12 02:25:00,141.65534000000002,40.72391000000001,ATK_6E_S1,2024,Axy,300,22176.595651846426,3
2024-05-12 02:30:00,141.62844000000004,40.70548,ATK_6E_S1,2024,Axy,300,19476.00745712814,3
2024-05-12 02:35:00,141.60454,40.68621,ATK_6E_S1,2024,Axy,300,16865.295870010108,3
2024-05-12 02:40:00,141.59355999999997,40.675070000000005,ATK_6E_S1,2024,Axy,300,15456.339921720146,3
2024-05-12 02:45:00,141.59368999999998,40.67462,ATK_6E_S1,2024,Axy,300,15409.528654216201,3
2024-05-12 02:50:00,141.59377999999998,40.674150000000004,ATK_6E_S1,2024,Axy,300,15359.893827821383,3
2024-05-12 02:55:00,141.59386999999998,40.67384,ATK_6E_S1,2024,Axy,300,15327.68640038759,3
2024-05-12 03:00:00,141.59086,40.66230000000001,ATK_6E_S1,2024,Axy,300,14021.192211925725,3
2024-05-12 03:05:00,141.58364999999998,40.63889,ATK_6E_S1,2024,Axy,300,11352.317535371301,3
2024-05-12 03:10:00,141.57408999999998,40.61307,ATK_6E_S1,2024,Axy,300,8385.895603677865,3
2024-05-12 03:15:00,141.56562,40.587979999999995,ATK_6E_S1,2024,Axy,300,5524.614020225944,3
2024-05-12 03:20:00,141.55724000000004,40.56691000000001,ATK_6E_S1,2024,Axy,300,3143.153676909838,3
2024-05-12 03:25:00,141.54934999999998,40.551559999999995,ATK_6E_S1,2024,Axy,300,1599.3551850211618,3
2024-05-12 03:30:00,141.54962999999998,40.55047,ATK_6E_S1,2024,Axy,300,1480.4636527476132,3
2024-05-12 03:35:00,141.54954999999995,40.55045,ATK_6E_S1,2024,Axy,300,1481.5958934330508,3
2024-05-12 03:40:00,141.54984,40.55038,ATK_6E_S1,2024,Axy,300,1463.4979740822823,3
2024-05-12 07:50:00,141.54971999999998,40.550399999999996,ATK_6E_S1,2024,Axy,300,1470.0720544289793,4
2024-05-12 07:55:00,141.54962999999998,40.55032,ATK_6E_S1,2024,Axy,300,1465.6613630018514,4
2024-05-12 08:00:00,141.54943,40.55016,ATK_6E_S1,2024,Axy,300,1457.8859751421533,4
2024-05-12 08:05:00,141.54970999999998,40.54997,ATK_6E_S1,2024,Axy,300,1428.0956857046115,4
2024-05-12 08:10:00,141.54984999999996,40.54996,ATK_6E_S1,2024,Axy,300,1421.5966280794394,4
2024-05-12 08:15:00,141.54994999999997,40.550019999999996,ATK_6E_S1,2024,Axy,300,1423.6312006023147,4
2024-05-12 08:20:00,141.54944,40.55025,ATK_6E_S1,2024,Axy,300,1466.2888869361025,4
2024-05-12 08:25:00,141.54945999999998,40.54941,ATK_6E_S1,2024,Axy,300,1383.8912815419,4
2024-05-12 08:30:00,141.54995999999997,40.54829,ATK_6E_S1,2024,Axy,300,1255.2173765048774,4
2024-05-12 08:35:00,141.54970999999998,40.547869999999996,ATK_6E_S1,2024,Axy,300,1226.9133580725054,4
2024-05-12 08:40:00,141.54981999999998,40.55043,ATK_6E_S1,2024,Axy,300,1469.2196389294509,4
2024-05-12 08:45:00,141.54974999999996,40.55001,ATK_6E_S1,2024,Axy,300,1430.4429647738286,4
2024-05-12 08:55:00,141.54955999999996,40.55025,ATK_6E_S1,2024,Axy,600,1461.522301726933,4
2024-05-12 09:05:00,141.54945999999998,40.55014,ATK_6E_S1,2024,Axy,600,1454.7251216280647,4
2024-05-12 09:10:00,141.54962999999998,40.55003,ATK_6E_S1,2024,Axy,300,1437.1587163554755,4
2024-05-12 09:15:00,141.54963999999998,40.549859999999995,ATK_6E_S1,2024,Axy,300,1420.121207470082,4
2024-05-12 09:20:00,141.54981999999998,40.54954,ATK_6E_S1,2024,Axy,300,1381.6136187019388,4
2024-05-12 09:25:00,141.54994,40.549279999999996,ATK_6E_S1,2024,Axy,300,1351.3996691692637,4
2024-05-12 09:30:00,141.54950999999997,40.54959,ATK_6E_S1,2024,Axy,300,1399.1738821249871,4
2024-05-12 09:35:00,141.54961999999998,40.55037,ATK_6E_S1,2024,Axy,300,1470.9803093689518,4
2024-05-12 11:45:00,141.54974999999996,40.54997,ATK_6E_S1,2024,Axy,300,1426.5123278916442,5
2024-05-12 11:50:00,141.54958999999997,40.550279999999994,ATK_6E_S1,2024,Axy,300,1463.289619427981,5
2024-05-12 11:55:00,141.54956999999996,40.55039,ATK_6E_S1,2024,Axy,300,1474.9023465444047,5
2024-05-12 12:00:00,141.54959999999997,40.55014,ATK_6E_S1,2024,Axy,300,1449.1389950691034,5
2024-05-12 12:05:00,141.54954999999995,40.54932,ATK_6E_S1,2024,Axy,300,1371.4281661094321,5
2024-05-12 12:10:00,141.54934999999998,40.549330000000005,ATK_6E_S1,2024,Axy,300,1380.8917045366188,5
2024-05-12 12:15:00,141.54946999999999,40.549279999999996,ATK_6E_S1,2024,Axy,300,1370.969976280093,5
2024-05-12 12:20:00,141.54936999999998,40.54869,ATK_6E_S1,2024,Axy,300,1319.2004311896553,5
2024-05-12 12:25:00,141.54964999999996,40.54695,ATK_6E_S1,2024,Axy,300,1145.5983443478924,5
2024-05-12 12:30:00,141.54966999999996,40.548590000000004,ATK_6E_S1,2024,Axy,300,1296.43403022387,5
2024-05-12 12:35:00,141.54372999999998,40.54942,ATK_6E_S1,2024,Axy,300,1680.2131168720286,5
2024-05-12 12:40:00,141.54375999999996,40.54938,ATK_6E_S1,2024,Axy,300,1675.2618158900882,5
2024-05-12 12:45:00,141.54466999999997,40.54851000000001,ATK_6E_S1,2024,Axy,300,1552.3630971993,5
2024-05-12 12:50:00,141.54471999999998,40.5489,ATK_6E_S1,2024,Axy,300,1580.409230397816,5
2024-05-12 12:55:00,141.54172,40.5505,ATK_6E_S1,2024,Axy,300,1885.3919551045847,5
2024-05-12 13:00:00,141.54939,40.55029,ATK_6E_S1,2024,Axy,300,1472.2040621925764,5
2024-05-12 13:05:00,141.54984999999996,40.54878,ATK_6E_S1,2024,Axy,300,1306.7917962149495,5
2024-05-12 13:10:00,141.54973999999999,40.54863,ATK_6E_S1,2024,Axy,300,1297.1794225002836,5
2024-05-12 13:15:00,141.55023000000003,40.54625,ATK_6E_S1,2024,Axy,300,1053.8531415975765,5
2024-05-12 13:20:00,141.55041000000003,40.546310000000005,ATK_6E_S1,2024,Axy,300,1050.307085636597,5
2024-05-12 13:25:00,141.54997999999998,40.54681,ATK_6E_S1,2024,Axy,300,1116.665409883648,5
2024-05-13 03:25:00,141.56411,40.550599999999996,ATK_6E_S1,2024,Axy,300,1441.4106001572698,6
2024-05-13 03:30:00,141.57148,40.578390000000006,ATK_6E_S1,2024,Axy,300,4571.469288451034,6
2024-05-13 03:35:00,141.57594,40.60085,ATK_6E_S1,2024,Axy,300,7084.168960413899,6
2024-05-13 03:40:00,141.57522,40.60159,ATK_6E_S1,2024,Axy,300,7151.399292454639,6
2024-05-13 03:45:00,141.57498999999999,40.604879999999994,ATK_6E_S1,2024,Axy,300,7505.238914303498,6
2024-05-13 03:50:00,141.5701,40.60489,ATK_6E_S1,2024,Axy,300,7436.205637393178,6
2024-05-13 03:55:00,141.57667999999998,40.60622,ATK_6E_S1,2024,Axy,300,7680.022922344064,6
2024-05-13 04:00:00,141.58931,40.6313,ATK_6E_S1,2024,Axy,300,10637.52525594815,6
2024-05-13 04:05:00,141.60426999999999,40.657889999999995,ATK_6E_S1,2024,Axy,300,13822.436343174712,6
2024-05-13 04:10:00,141.62134000000003,40.68272,ATK_6E_S1,2024,Axy,300,16887.888288198625,6
2024-05-13 04:15:00,141.64060999999998,40.70718,ATK_6E_S1,2024,Axy,300,19993.758873716306,6
2024-05-13 04:20:00,141.65118,40.72997000000001,ATK_6E_S1,2024,Axy,300,22677.02489963457,6
2024-05-13 04:25:00,141.66532,40.759570000000004,ATK_6E_S1,2024,Axy,300,26174.183592774094,6
2024-05-13 04:30:00,141.68702000000002,40.78752,ATK_6E_S1,2024,Axy,300,29728.82774301593,6
2024-05-13 04:35:00,141.70401999999999,40.811969999999995,ATK_6E_S1,2024,Axy,300,32783.4055915747,6
2024-05-13 04:40:00,141.71892,40.8386,ATK_6E_S1,2024,Axy,300,35996.43238245937,6
2024-05-13 04:45:00,141.73774999999998,40.86379,ATK_6E_S1,2024,Axy,300,39189.34597200899,6
2024-05-13 04:50:00,141.74576999999996,40.884409999999995,ATK_6E_S1,2024,Axy,300,41562.58406829033,6
2024-05-13 04:55:00,141.73552999999998,40.89132,ATK_6E_S1,2024,Axy,300,41954.515285608744,6
2024-05-13 05:00:00,141.73450999999997,40.882130000000004,ATK_6E_S1,2024,Axy,300,40972.21113948873,6
2024-05-13 05:05:00,141.73094999999998,40.89946,ATK_6E_S1,2024,Axy,300,42664.96440551939,6
2024-05-13 05:10:00,141.74238,40.92156,ATK_6E_S1,2024,Axy,300,45300.7495634357,6
2024-05-13 05:15:00,141.73139,40.94839,ATK_6E_S1,2024,Axy,300,47814.70657614033,6
2024-05-13 05:20:00,141.70683,40.96923,ATK_6E_S1,2024,Axy,300,49452.954998786554,6
2024-05-13 05:25:00,141.70053,40.968990000000005,ATK_6E_S1,2024,Axy,300,49294.232552936795,6
2024-05-13 05:30:00,141.68651,40.97336,ATK_6E_S1,2024,Axy,300,49491.009001947044,6
2024-05-13 05:35:00,141.65212000000002,40.993550000000006,ATK_6E_S1,2024,Axy,300,51147.61041866588,6
2024-05-13 05:40:00,141.61325999999997,40.998380000000004,ATK_6E_S1,2024,Axy,300,51273.39851876937,6
2024-05-13 05:45:00,141.57462999999998,41.01183999999999,ATK_6E_S1,2024,Axy,300,52572.06253460149,6
2024-05-13 05:50:00,141.55562,41.04363,ATK_6E_S1,2024,Axy,300,56083.07893242799,6
2024-05-13 05:55:00,141.52567,41.067370000000004,ATK_6E_S1,2024,Axy,300,58781.07118090805,6
2024-05-13 06:00:00,141.48817000000003,41.071439999999996,ATK_6E_S1,2024,Axy,300,59460.6220353258,6
2024-05-13 06:05:00,141.48755,41.08113,ATK_6E_S1,2024,Axy,300,60536.64873468512,6
2024-05-13 06:10:00,141.49555999999998,41.10231000000001,ATK_6E_S1,2024,Axy,300,62817.99022743892,6
2024-05-13 06:15:00,141.48141000000004,41.11158,ATK_6E_S1,2024,Axy,300,63952.84268929771,6
2024-05-13 06:20:00,141.45515,41.12798,ATK_6E_S1,2024,Axy,300,66018.37181292407,6
2024-05-13 06:25:00,141.43433000000002,41.12314000000001,ATK_6E_S1,2024,Axy,300,65740.36342862845,6
2024-05-13 06:30:00,141.42353,41.11298,ATK_6E_S1,2024,Axy,300,64779.44091519455,6
2024-05-13 06:35:00,141.40863000000002,41.1149,ATK_6E_S1,2024,Axy,300,65219.844864358354,6
2024-05-13 06:40:00,141.40871,41.11472,ATK_6E_S1,2024,Axy,300,65198.932432599984,6
2024-05-13 06:45:00,141.40888,41.114779999999996,ATK_6E_S1,2024,Axy,300,65202.70925670509,6
2024-05-13 06:50:00,141.42867,41.111399999999996,ATK_6E_S1,2024,Axy,300,64532.20684751246,6
2024-05-13 06:55:00,141.46054,41.10774,ATK_6E_S1,2024,Axy,300,63730.779164216554,6
2024-05-13 07:00:00,141.48856,41.10666,ATK_6E_S1,2024,Axy,300,63350.96230579091,6
2024-05-13 07:05:00,141.47659,41.11375,ATK_6E_S1,2024,Axy,300,64234.591688708155,6
2024-05-13 07:10:00,141.47717,41.10873000000001,ATK_6E_S1,2024,Axy,300,63675.077488564275,6
2024-05-13 07:15:00,141.51531,41.110879999999995,ATK_6E_S1,2024,Axy,300,63651.36942447476,6
2024-05-13 07:20:00,141.5169,41.109610000000004,ATK_6E_S1,2024,Axy,300,63503.15889370338,6
2024-05-13 07:25:00,141.53399,41.10877000000001,ATK_6E_S1,2024,Axy,300,63348.302311908825,6
2024-05-13 07:30:00,141.56383,41.10936,ATK_6E_S1,2024,Axy,300,63384.6763829663,6
2024-05-13 07:35:00,141.58487,41.101639999999996,ATK_6E_S1,2024,Axy,300,62567.44758745698,6
2024-05-13 07:40:00,141.60565999999997,41.09962,ATK_6E_S1,2024,Axy,300,62432.5920782245,6
2024-05-13 07:45:00,141.61055999999996,41.091770000000004,ATK_6E_S1,2024,Axy,300,61591.29455879983,6
2024-05-13 07:50:00,141.61829,41.084799999999994,ATK_6E_S1,2024,Axy,300,60870.70943517982,6
2024-05-13 07:55:00,141.61549999999997,41.07228,ATK_6E_S1,2024,Axy,300,59465.57613449399,6
2024-05-13 08:00:00,141.63626,41.06222,ATK_6E_S1,2024,Axy,300,58524.96666834913,6
2024-05-13 08:05:00,141.63304999999997,41.06084,ATK_6E_S1,2024,Axy,300,58342.527380578584,6
2024-05-13 08:10:00,141.60381999999998,41.059419999999996,ATK_6E_S1,2024,Axy,300,57967.74284893005,6
2024-05-13 08:15:00,141.61054999999996,41.04975,ATK_6E_S1,2024,Axy,300,56938.09756496905,6
2024-05-13 08:20:00,141.58288000000002,41.035700000000006,ATK_6E_S1,2024,Axy,300,55243.37817425723,6
2024-05-13 08:25:00,141.56008,41.02707,ATK_6E_S1,2024,Axy,300,54244.16807416776,6
2024-05-13 08:30:00,141.53381,41.01806,ATK_6E_S1,2024,Axy,300,53281.035875655056,6
2024-05-13 08:35:00,141.51343,41.00403,ATK_6E_S1,2024,Axy,300,51819.44361053365,6
2024-05-13 08:40:00,141.48809000000003,40.99132,ATK_6E_S1,2024,Axy,300,50615.01963200434,6
2024-05-13 08:45:00,141.46762,40.97542,ATK_6E_S1,2024,Axy,300,49099.343310678465,6
2024-05-13 08:50:00,141.46295,40.953619999999994,ATK_6E_S1,2024,Axy,300,46775.044854600645,6
2024-05-13 08:55:00,141.45421000000002,40.92987,ATK_6E_S1,2024,Axy,300,44318.46636900777,6
2024-05-13 09:00:00,141.44893000000002,40.90696,ATK_6E_S1,2024,Axy,300,41922.90074539526,6
2024-05-13 09:05:00,141.44113000000002,40.88455,ATK_6E_S1,2024,Axy,300,39657.17821376607,6
2024-05-13 09:10:00,141.41293000000002,40.8694,ATK_6E_S1,2024,Axy,300,38715.29244873749,6
2024-05-13 09:15:00,141.40058,40.850339999999996,ATK_6E_S1,2024,Axy,300,37074.380512805874,6
2024-05-13 09:20:00,141.40652,40.82547,ATK_6E_S1,2024,Axy,300,34320.673434784425,6
2024-05-13 09:25:00,141.40904,40.80155,ATK_6E_S1,2024,Axy,300,31786.589471677387,6
2024-05-13 09:30:00,141.41429,40.777370000000005,ATK_6E_S1,2024,Axy,300,29152.782388213844,6
2024-05-13 09:35:00,141.42133000000004,40.749990000000004,ATK_6E_S1,2024,Axy,300,26150.973751804,6
2024-05-13 09:40:00,141.42793000000003,40.72013000000001,ATK_6E_S1,2024,Axy,300,22949.76016700407,6
2024-05-13 09:45:00,141.43800000000002,40.69248,ATK_6E_S1,2024,Axy,300,19859.667691906223,6
2024-05-13 09:50:00,141.44316999999998,40.67046,ATK_6E_S1,2024,Axy,300,17555.247735875808,6
2024-05-13 09:55:00,141.44749000000002,40.644510000000004,ATK_6E_S1,2024,Axy,300,15006.31471236712,6
2024-05-13 10:00:00,141.44825,40.63877000000001,ATK_6E_S1,2024,Axy,300,14471.203488380475,6
2024-05-13 10:05:00,141.45804000000004,40.61992,ATK_6E_S1,2024,Axy,300,12352.908212845505,6
2024-05-13 10:10:00,141.46268,40.60249,ATK_6E_S1,2024,Axy,300,10720.737751352972,6
2024-05-13 10:15:00,141.46228000000002,40.602650000000004,ATK_6E_S1,2024,Axy,300,10757.886773295608,6
2024-05-13 10:20:00,141.46651,40.597910000000006,ATK_6E_S1,2024,Axy,300,10142.605923241299,6
2024-05-13 10:25:00,141.47965999999997,40.57985,ATK_6E_S1,2024,Axy,300,8034.442400399396,6
2024-05-13 10:30:00,141.49703000000002,40.563410000000005,ATK_6E_S1,2024,Axy,300,5823.3200828756635,6
2024-05-13 10:35:00,141.52268,40.55607,ATK_6E_S1,2024,Axy,300,3537.2501718979315,6
2024-05-13 10:40:00,141.54478999999998,40.54938,ATK_6E_S1,2024,Axy,300,1615.3865307422104,6
2024-05-14 04:00:00,141.5825,40.55092,ATK_6E_S1,2024,Axy,300,2513.5323417520067,7
2024-05-14 04:05:00,141.62093000000002,40.573679999999996,ATK_6E_S1,2024,Axy,300,6628.540494209239,7
2024-05-14 04:10:00,141.65262,40.59706,ATK_6E_S1,2024,Axy,300,10338.069557369994,7
2024-05-14 04:15:00,141.69123000000002,40.622060000000005,ATK_6E_S1,2024,Axy,300,14624.681102901304,7
2024-05-14 04:20:00,141.73358999999996,40.64972,ATK_6E_S1,2024,Axy,300,19343.453211528424,7
2024-05-14 04:25:00,141.76974999999996,40.67813000000001,ATK_6E_S1,2024,Axy,300,23715.10648751178,7
2024-05-14 04:30:00,141.79816,40.70485,ATK_6E_S1,2024,Axy,300,27479.240787876337,7
2024-05-14 04:35:00,141.83432000000002,40.72576000000001,ATK_6E_S1,2024,Axy,300,31304.61453798322,7
2024-05-14 04:40:00,141.88114000000004,40.74237000000001,ATK_6E_S1,2024,Axy,300,35510.73543221643,7
2024-05-14 04:45:00,141.92469,40.758950000000006,ATK_6E_S1,2024,Axy,300,39531.008969541115,7
2024-05-14 04:50:00,141.9706,40.774950000000004,ATK_6E_S1,2024,Axy,300,43688.88530826943,7
2024-05-14 04:55:00,142.01856999999998,40.784330000000004,ATK_6E_S1,2024,Axy,300,47582.659537414394,7
2024-05-14 05:00:00,142.05914,40.79661000000001,ATK_6E_S1,2024,Axy,300,51179.09211994548,7
2024-05-14 05:05:00,142.09484999999998,40.81301,ATK_6E_S1,2024,Axy,300,54696.30753814151,7
2024-05-14 05:10:00,142.10713,40.832510000000006,ATK_6E_S1,2024,Axy,300,56772.44815616244,7
2024-05-14 05:15:00,142.11834000000002,40.84979,ATK_6E_S1,2024,Axy,300,58654.99410113717,7
2024-05-14 05:20:00,142.12513,40.868300000000005,ATK_6E_S1,2024,Axy,300,60338.95309481113,7
2024-05-14 05:25:00,142.11649999999997,40.86562,ATK_6E_S1,2024,Axy,300,59579.753608599975,7
2024-05-14 05:30:00,142.09556999999998,40.850629999999995,ATK_6E_S1,2024,Axy,300,57167.41123005622,7
2024-05-14 05:40:00,142.05855,40.821419999999996,ATK_6E_S1,2024,Axy,600,52724.46092208668,7
2024-05-14 05:45:00,142.04441,40.80822,ATK_6E_S1,2024,Axy,300,50896.53708438701,7
2024-05-14 05:50:00,142.04045,40.78927,ATK_6E_S1,2024,Axy,300,49415.57496119634,7
2024-05-14 05:55:00,142.04428,40.786,ATK_6E_S1,2024,Axy,300,49481.8110132992,7
2024-05-14 06:00:00,142.02364999999998,40.77084,ATK_6E_S1,2024,Axy,300,47101.89191733722,7
2024-05-14 06:05:00,141.99868,40.766020000000005,ATK_6E_S1,2024,Axy,300,45048.39273396238,7
2024-05-14 06:10:00,141.96932,40.76099000000001,ATK_6E_S1,2024,Axy,300,42690.18281100815,7
2024-05-14 06:15:00,141.95210000000003,40.7568,ATK_6E_S1,2024,Axy,300,41236.44419598349,7
2024-05-14 06:20:00,141.92667,40.75777,ATK_6E_S1,2024,Axy,300,39582.188374261845,7
2024-05-14 06:25:00,141.90582,40.75496,ATK_6E_S1,2024,Axy,300,38009.281392165765,7
2024-05-14 06:30:00,141.88845000000003,40.742140000000006,ATK_6E_S1,2024,Axy,300,35973.44404648086,7
2024-05-14 06:35:00,141.87819000000002,40.72234000000001,ATK_6E_S1,2024,Axy,300,33939.99290048676,7
2024-05-14 06:40:00,141.86100000000002,40.70532000000001,ATK_6E_S1,2024,Axy,300,31650.62930444477,7
2024-05-14 06:45:00,141.84848000000002,40.68376,ATK_6E_S1,2024,Axy,300,29424.023734402203,7
2024-05-14 06:50:00,141.83503000000002,40.662420000000004,ATK_6E_S1,2024,Axy,300,27210.780595462456,7
2024-05-14 06:55:00,141.81606,40.64632,ATK_6E_S1,2024,Axy,300,24934.855554528964,7
2024-05-14 07:05:00,141.77490999999998,40.60936,ATK_6E_S1,2024,Axy,600,20007.603379681903,7
2024-05-14 07:10:00,141.75911,40.599540000000005,ATK_6E_S1,2024,Axy,300,18356.366052744066,7
2024-05-14 07:15:00,141.73544,40.5862,ATK_6E_S1,2024,Axy,300,15961.246024824284,7
2024-05-14 07:25:00,141.6893,40.56524,ATK_6E_S1,2024,Axy,600,11540.45198810378,7
2024-05-14 07:30:00,141.65883000000002,40.554089999999995,ATK_6E_S1,2024,Axy,300,8745.554363376794,7
2024-05-14 07:35:00,141.63209,40.54357,ATK_6E_S1,2024,Axy,300,6334.2622860995,7
2024-05-14 07:40:00,141.61881,40.53763,ATK_6E_S1,2024,Axy,300,5186.567091045001,7
2024-05-14 07:45:00,141.59349999999998,40.53495,ATK_6E_S1,2024,Axy,300,3068.2183510622017,7
2024-05-14 07:50:00,141.57272,40.544,ATK_6E_S1,2024,Axy,300,1413.7837797532757,7
2024-05-14 13:15:00,141.54941,40.548320000000004,ATK_6E_S1,2024,Axy,300,1282.6734389931278,8
2024-05-14 13:20:00,141.54923,40.548120000000004,ATK_6E_S1,2024,Axy,300,1272.4906952090128,8
2024-05-14 13:25:00,141.54963999999998,40.548210000000005,ATK_6E_S1,2024,Axy,300,1261.89645729157,8
2024-05-14 13:30:00,141.51752,40.54665,ATK_6E_S1,2024,Axy,300,3511.120920461585,8
2024-05-14 13:35:00,141.50497,40.54242,ATK_6E_S1,2024,Axy,300,4478.971923703992,8
2024-05-14 13:40:00,141.50744000000003,40.5424,ATK_6E_S1,2024,Axy,300,4270.485851883117,8
2024-05-14 13:45:00,141.50736,40.54246,ATK_6E_S1,2024,Axy,300,4277.889673357035,8
2024-05-14 13:50:00,141.50821000000002,40.54314,ATK_6E_S1,2024,Axy,300,4214.578817017424,8
2024-05-14 13:55:00,141.50809,40.54316,ATK_6E_S1,2024,Axy,300,4224.936775412977,8
2024-05-14 14:00:00,141.50827,40.543350000000004,ATK_6E_S1,2024,Axy,300,4212.3784160753885,8
2024-05-14 14:05:00,141.50828,40.54337,ATK_6E_S1,2024,Axy,300,4211.815654490483,8
2024-05-14 14:10:00,141.50831000000002,40.54339,ATK_6E_S1,2024,Axy,300,4209.573376585326,8
2024-05-14 14:15:00,141.50835,40.54343,ATK_6E_S1,2024,Axy,300,4206.77389032128,8
2024-05-14 14:20:00,141.52369,40.55653,ATK_6E_S1,2024,Axy,300,3494.8446793000844,8
2024-05-14 14:25:00,141.54273,40.55034,ATK_6E_S1,2024,Axy,300,1812.5050620855027,8
2024-05-14 14:30:00,141.54644000000002,40.54934,ATK_6E_S1,2024,Axy,300,1521.5027571480828,8
2024-05-14 14:35:00,141.54901999999998,40.55019,ATK_6E_S1,2024,Axy,300,1477.596261338302,8
2024-05-14 14:40:00,141.54939,40.54826,ATK_6E_S1,2024,Axy,300,1277.9972453397795,8
2024-05-14 14:45:00,141.54952999999998,40.54827,ATK_6E_S1,2024,Axy,300,1272.5158095844147,8
2024-05-14 14:50:00,141.54956999999996,40.54827,ATK_6E_S1,2024,Axy,300,1270.6979053592233,8
2024-05-14 14:55:00,141.54954999999995,40.54824,ATK_6E_S1,2024,Axy,300,1268.7960390663059,8
2024-05-14 15:00:00,141.54998999999998,40.548730000000006,ATK_6E_S1,2024,Axy,300,1296.0526854076743,8
2024-05-14 15:05:00,141.54958999999997,40.54884,ATK_6E_S1,2024,Axy,300,1323.7145272879986,8
2024-05-14 15:10:00,141.54942,40.54865,ATK_6E_S1,2024,Axy,300,1313.191517575406,8
2024-05-14 15:15:00,141.54970999999998,40.54718,ATK_6E_S1,2024,Axy,300,1163.4223064283622,8
2024-05-14 15:20:00,141.55065,40.54645,ATK_6E_S1,2024,Axy,300,1051.4845894064542,8
2024-05-14 15:25:00,141.55067,40.546130000000005,ATK_6E_S1,2024,Axy,300,1021.2683266591868,8
2024-05-15 04:15:00,141.57744000000002,40.55524,ATK_6E_S1,2024,Axy,300,2497.076426278003,9
2024-05-15 04:20:00,141.60450999999998,40.57401,ATK_6E_S1,2024,Axy,300,5589.256277905426,9
2024-05-15 04:25:00,141.63019,40.58826,ATK_6E_S1,2024,Axy,300,8257.768875930316,9
2024-05-15 04:30:00,141.65157,40.60569,ATK_6E_S1,2024,Axy,300,10899.726954747666,9
2024-05-15 04:35:00,141.67442,40.62285000000001,ATK_6E_S1,2024,Axy,300,13613.781167708163,9
2024-05-15 04:40:00,141.66044000000002,40.60821000000001,ATK_6E_S1,2024,Axy,300,11643.252419078588,9
2024-05-15 04:45:00,141.64244000000002,40.59288,ATK_6E_S1,2024,Axy,300,9377.568572451008,9
2024-05-15 04:50:00,141.61684,40.57747,ATK_6E_S1,2024,Axy,300,6617.822631379013,9
2024-05-15 04:55:00,141.5931,40.56178,ATK_6E_S1,2024,Axy,300,3957.6024537477692,9
2024-05-15 05:00:00,141.55813000000003,40.552459999999996,ATK_6E_S1,2024,Axy,300,1539.0444295589311,9
2024-05-15 05:05:00,141.54934,40.55025,ATK_6E_S1,2024,Axy,300,1470.3029252176073,9
2024-05-15 05:10:00,141.54944,40.55036,ATK_6E_S1,2024,Axy,300,1477.071133236421,9
2024-05-15 05:15:00,141.54836,40.54997,ATK_6E_S1,2024,Axy,300,1485.0820698492269,9
2024-05-15 05:20:00,141.54963999999998,40.55036,ATK_6E_S1,2024,Axy,300,1469.2156247884564,9
2024-05-15 05:25:00,141.54962999999998,40.55034,ATK_6E_S1,2024,Axy,300,1467.6327048584917,9
2024-05-15 05:30:00,141.54962999999998,40.55037,ATK_6E_S1,2024,Axy,300,1470.5910515948224,9
2024-05-15 05:35:00,141.54961999999998,40.55025,ATK_6E_S1,2024,Axy,300,1459.159727198512,9
2024-05-15 05:40:00,141.54983,40.55035,ATK_6E_S1,2024,Axy,300,1460.904348881613,9
2024-05-15 05:45:00,141.54968999999997,40.55039,ATK_6E_S1,2024,Axy,300,1470.239841993679,9
2024-05-15 05:50:00,141.54945999999998,40.5501,ATK_6E_S1,2024,Axy,300,1450.8160815109752,9
2024-05-15 05:55:00,141.54976999999997,40.55045,ATK_6E_S1,2024,Axy,300,1473.1076958136798,9
2024-05-15 06:00:00,141.54970999999998,40.55047,ATK_6E_S1,2024,Axy,300,1477.3841992760663,9
2024-05-15 06:05:00,141.54950999999997,40.55041,ATK_6E_S1,2024,Axy,300,1479.2218735355723,9
2024-05-15 06:10:00,141.54966999999996,40.55031,ATK_6E_S1,2024,Axy,300,1463.1165017310502,9
2024-05-15 06:15:00,141.54970999999998,40.55033,ATK_6E_S1,2024,Axy,300,1463.5384131527044,9
2024-05-15 06:20:00,141.54965999999996,40.55029,ATK_6E_S1,2024,Axy,300,1461.533940145381,9
2024-05-15 06:25:00,141.54972999999998,40.55034,ATK_6E_S1,2024,Axy,300,1463.753528763071,9
2024-05-15 06:30:00,141.54978999999997,40.55039,ATK_6E_S1,2024,Axy,300,1466.3969281755844,9
2024-05-15 06:35:00,141.54975999999996,40.55041,ATK_6E_S1,2024,Axy,300,1469.5262878090148,9
2024-05-15 06:40:00,141.54967999999997,40.550399999999996,ATK_6E_S1,2024,Axy,300,1471.6143872619543,9
2024-05-15 06:45:00,141.54962999999998,40.55025,ATK_6E_S1,2024,Axy,300,1458.7673145215722,9
2024-05-15 06:50:00,141.55445,40.55933,ATK_6E_S1,2024,Axy,300,2316.7257467049385,9
2024-05-15 06:55:00,141.57798,40.578520000000005,ATK_6E_S1,2024,Axy,300,4756.382069182527,9
2024-05-15 07:00:00,141.60276,40.58531000000001,ATK_6E_S1,2024,Axy,300,6443.802869265322,9
2024-05-15 07:05:00,141.60843000000003,40.59058,ATK_6E_S1,2024,Axy,300,7199.799680041004,9
2024-05-15 07:10:00,141.63314,40.59998,ATK_6E_S1,2024,Axy,300,9346.838476283923,9
2024-05-15 07:15:00,141.64334,40.58879,ATK_6E_S1,2024,Axy,300,9152.851531925791,9
2024-05-15 07:20:00,141.63642000000002,40.58375,ATK_6E_S1,2024,Axy,300,8347.856307003796,9
2024-05-15 07:25:00,141.61377999999996,40.57517000000001,ATK_6E_S1,2024,Axy,300,6254.900488860611,9
2024-05-15 07:30:00,141.60137,40.57849,ATK_6E_S1,2024,Axy,300,5775.429636860979,9
2024-05-15 07:35:00,141.57348,40.57021,ATK_6E_S1,2024,Axy,300,3758.2772317809836,9
2024-05-15 07:40:00,141.55047000000002,40.55152,ATK_6E_S1,2024,Axy,300,1556.1228572051996,9
2024-05-15 07:45:00,141.54973999999999,40.55023,ATK_6E_S1,2024,Axy,300,1452.502433004266,9
2024-05-15 07:50:00,141.54960999999997,40.550259999999994,ATK_6E_S1,2024,Axy,300,1460.5363199888982,9
2024-05-15 07:55:00,141.55008,40.55021,ATK_6E_S1,2024,Axy,300,1437.5307567451077,9
2024-05-15 08:00:00,141.54959999999997,40.54964,ATK_6E_S1,2024,Axy,300,1400.3093898344005,9
2025-05-11 14:00:00,141.53291000000002,40.538830000000004,BTG_KAB_2025_9B01831_S1,2025,Axy,300,2092.122591440272,1
2025-05-11 14:05:00,141.51788,40.54707,BTG_KAB_2025_9B01831_S1,2025,Axy,300,3493.8819224661074,1
2025-05-11 14:10:00,141.5061,40.54288,BTG_KAB_2025_9B01831_S1,2025,Axy,300,4388.89475955814,1
2025-05-11 14:15:00,141.50596,40.54314,BTG_KAB_2025_9B01831_S1,2025,Axy,300,4403.884466028381,1
2025-05-11 14:20:00,141.51012,40.54312,BTG_KAB_2025_9B01831_S1,2025,Axy,300,4053.700785673677,1
2025-05-11 14:25:00,141.50975999999997,40.54318,BTG_KAB_2025_9B01831_S1,2025,Axy,300,4084.787644973426,1
2025-05-11 14:30:00,141.50960999999998,40.543130000000005,BTG_KAB_2025_9B01831_S1,2025,Axy,300,4096.713745899971,1
2025-05-11 14:35:00,141.51014999999998,40.54324,BTG_KAB_2025_9B01831_S1,2025,Axy,300,4052.845521569755,1
2025-05-11 14:40:00,141.50987999999998,40.54302,BTG_KAB_2025_9B01831_S1,2025,Axy,300,4072.5290842312734,1
2025-05-11 14:45:00,141.50964,40.54303,BTG_KAB_2025_9B01831_S1,2025,Axy,300,4092.8467934611704,1
2025-05-11 14:50:00,141.50952999999998,40.543079999999996,BTG_KAB_2025_9B01831_S1,2025,Axy,300,4102.765482251424,1
2025-05-11 14:55:00,141.5094,40.54283,BTG_KAB_2025_9B01831_S1,2025,Axy,300,4110.445100302878,1
2025-05-11 15:00:00,141.50964,40.543,BTG_KAB_2025_9B01831_S1,2025,Axy,300,4092.449186476786,1
2025-05-11 15:05:00,141.50994999999998,40.54303,BTG_KAB_2025_9B01831_S1,2025,Axy,300,4066.775792676987,1
2025-05-11 15:10:00,141.50978999999998,40.54304,BTG_KAB_2025_9B01831_S1,2025,Axy,300,4080.365030167284,1
2025-05-11 15:15:00,141.50963,40.543110000000006,BTG_KAB_2025_9B01831_S1,2025,Axy,300,4094.760962159145,1
2025-05-11 15:20:00,141.50973,40.54305,BTG_KAB_2025_9B01831_S1,2025,Axy,300,4085.5445933609853,1
2025-05-11 15:25:00,141.51796,40.54042,BTG_KAB_2025_9B01831_S1,2025,Axy,300,3364.5185749579127,1
2025-05-11 15:30:00,141.51779,40.54049,BTG_KAB_2025_9B01831_S1,2025,Axy,300,3379.3654245693847,1
2025-05-11 15:35:00,141.51771,40.54049,BTG_KAB_2025_9B01831_S1,2025,Axy,300,3386.129890354756,1
2025-05-11 15:40:00,141.51808,40.54037,BTG_KAB_2025_9B01831_S1,2025,Axy,300,3354.043138156482,1
2025-05-11 15:45:00,141.51792,40.54036,BTG_KAB_2025_9B01831_S1,2025,Axy,300,3367.5108333722274,1
2025-05-11 15:50:00,141.51798,40.54038,BTG_KAB_2025_9B01831_S1,2025,Axy,300,3362.565137267245,1
2025-05-11 15:55:00,141.51765999999998,40.54052,BTG_KAB_2025_9B01831_S1,2025,Axy,300,3390.56413072543,1
2025-05-11 16:00:00,141.51758999999998,40.540510000000005,BTG_KAB_2025_9B01831_S1,2025,Axy,300,3396.413698054906,1
2025-05-11 16:05:00,141.5174,40.54058,BTG_KAB_2025_9B01831_S1,2025,Axy,300,3412.9676495148874,1
2025-05-11 16:10:00,141.51819,40.540279999999996,BTG_KAB_2025_9B01831_S1,2025,Axy,300,3344.171982621198,1
2025-05-11 16:15:00,141.518,40.54038,BTG_KAB_2025_9B01831_S1,2025,Axy,300,3360.8736875757363,1
2025-05-11 16:20:00,141.51803,40.540310000000005,BTG_KAB_2025_9B01831_S1,2025,Axy,300,3357.891319184926,1
2025-05-11 16:25:00,141.51797,40.54042,BTG_KAB_2025_9B01831_S1,2025,Axy,300,3363.6729146554135,1
2025-05-11 16:30:00,141.53014000000002,40.538230000000006,BTG_KAB_2025_9B01831_S1,2025,Axy,300,2327.0320210795203,1
2025-05-12 20:30:00,141.56618,40.550110000000004,BTG_KAB_2025_9B01831_S1,2025,Axy,300,1469.6095912322562,2
2025-05-12 20:35:00,141.5671,40.55131,BTG_KAB_2025_9B01831_S1,2025,Axy,300,1623.9673505612159,2
2025-05-12 20:40:00,141.56806,40.55247,BTG_KAB_2025_9B01831_S1,2025,Axy,300,1776.1587482457305,2
2025-05-12 20:45:00,141.57003,40.55583,BTG_KAB_2025_9B01831_S1,2025,Axy,300,2183.165287444356,2
2025-05-12 20:50:00,141.57298,40.56364,BTG_KAB_2025_9B01831_S1,2025,Axy,300,3069.885875478279,2
2025-05-12 20:55:00,141.58014000000003,40.5902,BTG_KAB_2025_9B01831_S1,2025,Axy,300,6038.796803219223,2
2025-05-12 21:00:00,141.57986999999997,40.60716,BTG_KAB_2025_9B01831_S1,2025,Axy,300,7842.621374209261,2
2025-05-12 21:05:00,141.5754,40.61822,BTG_KAB_2025_9B01831_S1,2025,Axy,300,8968.271563236414,2
2025-05-12 21:10:00,141.57289,40.61997,BTG_KAB_2025_9B01831_S1,2025,Axy,300,9127.343276095049,2
2025-05-12 21:15:00,141.57557999999997,40.61846,BTG_KAB_2025_9B01831_S1,2025,Axy,300,8997.110258053212,2
2025-05-12 21:20:00,141.57589,40.61876,BTG_KAB_2025_9B01831_S1,2025,Axy,300,9034.406482798444,2
2025-05-12 21:25:00,141.57603,40.61975,BTG_KAB_2025_9B01831_S1,2025,Axy,300,9144.748373380493,2
2025-05-12 21:30:00,141.58007,40.62344,BTG_KAB_2025_9B01831_S1,2025,Axy,300,9610.563801942573,2
2025-05-12 21:35:00,141.57766999999998,40.624050000000004,BTG_KAB_2025_9B01831_S1,2025,Axy,300,9639.087358292169,2
2025-05-12 21:40:00,141.57849000000002,40.62332000000001,BTG_KAB_2025_9B01831_S1,2025,Axy,300,9571.88769681938,2
2025-05-12 21:45:00,141.57736,40.62333000000001,BTG_KAB_2025_9B01831_S1,2025,Axy,300,9555.768202031044,2
2025-05-12 21:50:00,141.57704,40.623520000000006,BTG_KAB_2025_9B01831_S1,2025,Axy,300,9571.846438879322,2
2025-05-12 21:55:00,141.57682,40.62362,BTG_KAB_2025_9B01831_S1,2025,Axy,300,9579.604624544165,2
2025-05-12 22:00:00,141.57671,40.623990000000006,BTG_KAB_2025_9B01831_S1,2025,Axy,300,9618.525999108257,2
2025-05-12 22:05:00,141.5764,40.6244,BTG_KAB_2025_9B01831_S1,2025,Axy,300,9659.049753424995,2
2025-05-12 22:10:00,141.57523,40.62176,BTG_KAB_2025_9B01831_S1,2025,Axy,300,9353.707358510926,2
2025-05-12 22:15:00,141.57494,40.62191000000001,BTG_KAB_2025_9B01831_S1,2025,Axy,300,9366.271763288758,2
2025-05-12 22:20:00,141.57476999999997,40.62225000000001,BTG_KAB_2025_9B01831_S1,2025,Axy,300,9401.326383839789,2
2025-05-12 22:25:00,141.57457999999997,40.622260000000004,BTG_KAB_2025_9B01831_S1,2025,Axy,300,9399.95019311054,2
2025-05-12 22:30:00,141.57415999999998,40.622400000000006,BTG_KAB_2025_9B01831_S1,2025,Axy,300,9409.950901347516,2
2025-05-12 22:35:00,141.5741,40.62252000000001,BTG_KAB_2025_9B01831_S1,2025,Axy,300,9422.373452755412,2
2025-05-12 22:40:00,141.57393,40.62271000000001,BTG_KAB_2025_9B01831_S1,2025,Axy,300,9441.121296383692,2
2025-05-12 22:45:00,141.57188,40.62055000000001,BTG_KAB_2025_9B01831_S1,2025,Axy,300,9179.45138227806,2
2025-05-12 22:50:00,141.56596,40.61117,BTG_KAB_2025_9B01831_S1,2025,Axy,300,8088.907698230095,2
2025-05-12 22:55:00,141.56642000000002,40.61075,BTG_KAB_2025_9B01831_S1,2025,Axy,300,8045.968766955831,2
2025-05-12 23:00:00,141.56314,40.601310000000005,BTG_KAB_2025_9B01831_S1,2025,Axy,300,6978.749335006723,2
2025-05-12 23:05:00,141.56236,40.5938,BTG_KAB_2025_9B01831_S1,2025,Axy,300,6142.248980294239,2
2025-05-12 23:10:00,141.56309,40.593700000000005,BTG_KAB_2025_9B01831_S1,2025,Axy,300,6135.540172504806,2
2025-05-12 23:15:00,141.56364999999997,40.59344,BTG_KAB_2025_9B01831_S1,2025,Axy,300,6110.542923374153,2
2025-05-12 23:20:00,141.56412,40.59333000000001,BTG_KAB_2025_9B01831_S1,2025,Axy,300,6101.841997254183,2
2025-05-12 23:25:00,141.5648,40.593090000000004,BTG_KAB_2025_9B01831_S1,2025,Axy,300,6080.802272372177,2
2025-05-12 23:30:00,141.5652,40.592800000000004,BTG_KAB_2025_9B01831_S1,2025,Axy,300,6052.269029052955,2
2025-05-12 23:35:00,141.56572,40.59259000000001,BTG_KAB_2025_9B01831_S1,2025,Axy,300,6033.939933452885,2
2025-05-12 23:40:00,141.56609,40.59210000000001,BTG_KAB_2025_9B01831_S1,2025,Axy,300,5983.567832656425,2
2025-05-12 23:45:00,141.56284000000002,40.57358,BTG_KAB_2025_9B01831_S1,2025,Axy,300,3908.924054956168,2
2025-05-12 23:50:00,141.5632,40.573190000000004,BTG_KAB_2025_9B01831_S1,2025,Axy,300,3869.5161514763154,2
2025-05-12 23:55:00,141.56357999999997,40.57286,BTG_KAB_2025_9B01831_S1,2025,Axy,300,3837.26310575485,2
2025-05-13 00:00:00,141.56404999999998,40.572500000000005,BTG_KAB_2025_9B01831_S1,2025,Axy,300,3803.1510079691798,2
2025-05-13 00:05:00,141.56375999999997,40.55983,BTG_KAB_2025_9B01831_S1,2025,Axy,300,2413.8144819690733,2
2025-05-13 14:40:00,141.51304999999996,40.54516,BTG_KAB_2025_9B01831_S1,2025,Axy,300,3843.8408737178834,3
2025-05-13 14:45:00,141.50359999999998,40.541639999999994,BTG_KAB_2025_9B01831_S1,2025,Axy,300,4587.380463632064,3
2025-05-13 14:50:00,141.50778,40.54256,BTG_KAB_2025_9B01831_S1,2025,Axy,300,4243.62001262113,3
2025-05-13 14:55:00,141.51032,40.54325,BTG_KAB_2025_9B01831_S1,2025,Axy,300,4038.7020624100583,3
2025-05-13 15:00:00,141.51005999999998,40.543150000000004,BTG_KAB_2025_9B01831_S1,2025,Axy,300,4059.1566665451664,3
2025-05-13 15:05:00,141.51003,40.54319,BTG_KAB_2025_9B01831_S1,2025,Axy,300,4062.23144597342,3
2025-05-13 15:10:00,141.51031,40.5431,BTG_KAB_2025_9B01831_S1,2025,Axy,300,4037.4541935787697,3
2025-05-13 15:15:00,141.50466999999998,40.54272,BTG_KAB_2025_9B01831_S1,2025,Axy,300,4507.518013449807,3
2025-05-13 15:20:00,141.50546,40.54118,BTG_KAB_2025_9B01831_S1,2025,Axy,300,4426.6707817543875,3
2025-05-13 15:25:00,141.51018,40.54325,BTG_KAB_2025_9B01831_S1,2025,Axy,300,4050.465541723741,3
2025-05-13 15:30:00,141.51038,40.54309,BTG_KAB_2025_9B01831_S1,2025,Axy,300,4031.432584698838,3
2025-05-13 15:35:00,141.50994,40.54317,BTG_KAB_2025_9B01831_S1,2025,Axy,300,4069.519354622818,3
2025-05-13 15:40:00,141.51546,40.547,BTG_KAB_2025_9B01831_S1,2025,Axy,300,3689.775118621185,3
2025-05-13 15:45:00,141.53447,40.53831000000001,BTG_KAB_2025_9B01831_S1,2025,Axy,300,1960.0968918330957,3
2025-05-13 15:50:00,141.53678,40.53665,BTG_KAB_2025_9B01831_S1,2025,Axy,300,1777.4646852138367,3
2025-05-13 15:55:00,141.5367,40.53656,BTG_KAB_2025_9B01831_S1,2025,Axy,300,1785.4372155111307,3
2025-05-13 16:00:00,141.53656999999998,40.53666,BTG_KAB_2025_9B01831_S1,2025,Axy,300,1794.989753368068,3
2025-05-13 16:05:00,141.53916999999998,40.53642,BTG_KAB_2025_9B01831_S1,2025,Axy,300,1580.4188280695655,3
2025-05-13 19:25:00,141.56337,40.546730000000004,BTG_KAB_2025_9B01831_S1,2025,Axy,300,1025.8984441067498,4
2025-05-13 19:30:00,141.56382,40.54714,BTG_KAB_2025_9B01831_S1,2025,Axy,300,1084.1506622147233,4
2025-05-13 19:35:00,141.56402,40.54959,BTG_KAB_2025_9B01831_S1,2025,Axy,300,1335.346905955231,4
2025-05-13 19:40:00,141.56542000000002,40.55552,BTG_KAB_2025_9B01831_S1,2025,Axy,300,1991.4999491003387,4
2025-05-13 19:45:00,141.56653,40.561330000000005,BTG_KAB_2025_9B01831_S1,2025,Axy,300,2634.228190111812,4
2025-05-13 19:50:00,141.56683,40.56147,BTG_KAB_2025_9B01831_S1,2025,Axy,300,2656.4887650671317,4
2025-05-13 19:55:00,141.56786,40.57125,BTG_KAB_2025_9B01831_S1,2025,Axy,300,3727.5884146558205,4
2025-05-13 20:00:00,141.56702,40.58479,BTG_KAB_2025_9B01831_S1,2025,Axy,300,5190.1400262877,4
2025-05-13 20:05:00,141.56289,40.610150000000004,BTG_KAB_2025_9B01831_S1,2025,Axy,300,7957.233102740895,4
2025-05-13 20:10:00,141.5605,40.624190000000006,BTG_KAB_2025_9B01831_S1,2025,Axy,300,9506.888056933223,4
2025-05-13 20:15:00,141.56074,40.624430000000004,BTG_KAB_2025_9B01831_S1,2025,Axy,300,9534.07479172353,4
2025-05-13 20:20:00,141.56078,40.62442,BTG_KAB_2025_9B01831_S1,2025,Axy,300,9533.0597075935,4
2025-05-13 20:25:00,141.55974,40.62952000000001,BTG_KAB_2025_9B01831_S1,2025,Axy,300,10097.223522212618,4
2025-05-13 20:30:00,141.55937,40.62904,BTG_KAB_2025_9B01831_S1,2025,Axy,300,10043.414295128525,4
2025-05-13 20:35:00,141.55984999999998,40.62728,BTG_KAB_2025_9B01831_S1,2025,Axy,300,9848.695316262732,4
2025-05-13 20:40:00,141.56034000000002,40.63264,BTG_KAB_2025_9B01831_S1,2025,Axy,300,10444.639037372004,4
2025-05-13 20:45:00,141.55872000000002,40.62931000000001,BTG_KAB_2025_9B01831_S1,2025,Axy,300,10072.72669173097,4
2025-05-13 20:50:00,141.55564999999999,40.628820000000005,BTG_KAB_2025_9B01831_S1,2025,Axy,300,10019.234498946078,4
2025-05-13 20:55:00,141.56024000000002,40.639250000000004,BTG_KAB_2025_9B01831_S1,2025,Axy,300,11178.317621432127,4
2025-05-13 21:00:00,141.55992,40.63181,BTG_KAB_2025_9B01831_S1,2025,Axy,300,10351.758306446884,4
2025-05-13 21:05:00,141.55757,40.63082,BTG_KAB_2025_9B01831_S1,2025,Axy,300,10239.963837660755,4
2025-05-13 21:10:00,141.55872000000002,40.63298,BTG_KAB_2025_9B01831_S1,2025,Axy,300,10480.251110004083,4
2025-05-13 21:15:00,141.56182,40.6319,BTG_KAB_2025_9B01831_S1,2025,Axy,300,10366.043381240737,4
2025-05-13 21:20:00,141.56728,40.63897000000001,BTG_KAB_2025_9B01831_S1,2025,Axy,300,11175.062429297825,4
2025-05-13 21:25:00,141.57056999999998,40.64423,BTG_KAB_2025_9B01831_S1,2025,Axy,300,11780.35437530817,4
2025-05-13 21:30:00,141.56971,40.64634,BTG_KAB_2025_9B01831_S1,2025,Axy,300,12007.229798138402,4
2025-05-13 21:35:00,141.56858,40.653059999999996,BTG_KAB_2025_9B01831_S1,2025,Axy,300,12743.567322123521,4
2025-05-13 21:40:00,141.56827,40.66064,BTG_KAB_2025_9B01831_S1,2025,Axy,300,13581.430809753578,4
2025-05-13 21:45:00,141.56892000000002,40.66161,BTG_KAB_2025_9B01831_S1,2025,Axy,300,13692.648654701428,4
2025-05-13 21:50:00,141.56928,40.66205000000001,BTG_KAB_2025_9B01831_S1,2025,Axy,300,13743.547662566785,4
2025-05-13 21:55:00,141.56943,40.662670000000006,BTG_KAB_2025_9B01831_S1,2025,Axy,300,13813.133628803866,4
2025-05-13 22:00:00,141.56981,40.66308,BTG_KAB_2025_9B01831_S1,2025,Axy,300,13860.903883893932,4
2025-05-13 22:05:00,141.5685,40.662020000000005,BTG_KAB_2025_9B01831_S1,2025,Axy,300,13735.633826076733,4
2025-05-13 22:10:00,141.56913,40.66221000000001,BTG_KAB_2025_9B01831_S1,2025,Axy,300,13760.363191589378,4
2025-05-13 22:15:00,141.56965999999997,40.66254000000001,BTG_KAB_2025_9B01831_S1,2025,Axy,300,13800.161475772313,4
2025-05-13 22:20:00,141.56929,40.66226,BTG_KAB_2025_9B01831_S1,2025,Axy,300,13766.868017021021,4
2025-05-13 22:25:00,141.56951999999998,40.66259000000001,BTG_KAB_2025_9B01831_S1,2025,Axy,300,13804.827754998152,4
2025-05-13 22:30:00,141.57026,40.66302,BTG_KAB_2025_9B01831_S1,2025,Axy,300,13857.152161691207,4
2025-05-13 22:35:00,141.56498,40.663810000000005,BTG_KAB_2025_9B01831_S1,2025,Axy,300,13917.420183042728,4
2025-05-13 22:40:00,141.55541000000002,40.6674,BTG_KAB_2025_9B01831_S1,2025,Axy,300,14303.272013315649,4
2025-05-13 22:45:00,141.55627,40.667100000000005,BTG_KAB_2025_9B01831_S1,2025,Axy,300,14269.199390822307,4
2025-05-13 22:50:00,141.55674000000002,40.666830000000004,BTG_KAB_2025_9B01831_S1,2025,Axy,300,14238.957861636905,4
2025-05-13 22:55:00,141.55722000000003,40.666520000000006,BTG_KAB_2025_9B01831_S1,2025,Axy,300,14204.382763030133,4
2025-05-13 23:00:00,141.55753,40.66619000000001,BTG_KAB_2025_9B01831_S1,2025,Axy,300,14167.70144165507,4
2025-05-13 23:05:00,141.55802000000003,40.66597000000001,BTG_KAB_2025_9B01831_S1,2025,Axy,300,14143.31366689446,4
2025-05-13 23:10:00,141.55840000000003,40.66564,BTG_KAB_2025_9B01831_S1,2025,Axy,300,14106.785237591035,4
2025-05-13 23:15:00,141.55893000000003,40.665290000000006,BTG_KAB_2025_9B01831_S1,2025,Axy,300,14068.205672539154,4
2025-05-13 23:20:00,141.55948,40.66486,BTG_KAB_2025_9B01831_S1,2025,Axy,300,14020.90697189082,4
2025-05-13 23:25:00,141.56003,40.66463,BTG_KAB_2025_9B01831_S1,2025,Axy,300,13995.973521290505,4
2025-05-13 23:30:00,141.56042000000002,40.66414,BTG_KAB_2025_9B01831_S1,2025,Axy,300,13942.091603518265,4
2025-05-13 23:35:00,141.56096,40.66382,BTG_KAB_2025_9B01831_S1,2025,Axy,300,13907.42033876459,4
2025-05-13 23:40:00,141.56147,40.6634,BTG_KAB_2025_9B01831_S1,2025,Axy,300,13861.742259433844,4
2025-05-13 23:45:00,141.56210000000002,40.663050000000005,BTG_KAB_2025_9B01831_S1,2025,Axy,300,13824.251929982527,4
2025-05-13 23:50:00,141.56212000000002,40.66264,BTG_KAB_2025_9B01831_S1,2025,Axy,300,13778.786712780151,4
2025-05-13 23:55:00,141.56383,40.664030000000004,BTG_KAB_2025_9B01831_S1,2025,Axy,300,13937.806043543924,4
2025-05-14 00:00:00,141.56459999999998,40.67016,BTG_KAB_2025_9B01831_S1,2025,Axy,300,14620.556633039112,4
2025-05-14 00:05:00,141.56531,40.66978,BTG_KAB_2025_9B01831_S1,2025,Axy,300,14580.95799655527,4
2025-05-14 00:10:00,141.57035,40.66814000000001,BTG_KAB_2025_9B01831_S1,2025,Axy,300,14424.645139055307,4
2025-05-14 00:15:00,141.57108,40.66823000000001,BTG_KAB_2025_9B01831_S1,2025,Axy,300,14439.360761733908,4
2025-05-14 00:20:00,141.57177,40.66850000000001,BTG_KAB_2025_9B01831_S1,2025,Axy,300,14473.970780642301,4
2025-05-14 00:25:00,141.57240000000002,40.668440000000004,BTG_KAB_2025_9B01831_S1,2025,Axy,300,14471.847710797343,4
2025-05-14 00:30:00,141.57312,40.66853000000001,BTG_KAB_2025_9B01831_S1,2025,Axy,300,14487.201564213461,4
2025-05-14 00:35:00,141.57350999999997,40.66805000000001,BTG_KAB_2025_9B01831_S1,2025,Axy,300,14437.16023807687,4
2025-05-14 00:40:00,141.57414,40.66803000000001,BTG_KAB_2025_9B01831_S1,2025,Axy,300,14440.01978806985,4
2025-05-14 00:45:00,141.57402,40.66563000000001,BTG_KAB_2025_9B01831_S1,2025,Axy,300,14173.787471829875,4
2025-05-14 00:50:00,141.57446,40.66592000000001,BTG_KAB_2025_9B01831_S1,2025,Axy,300,14209.527144827296,4
2025-05-14 00:55:00,141.57461999999998,40.66637000000001,BTG_KAB_2025_9B01831_S1,2025,Axy,300,14260.607728866922,4
2025-05-14 01:00:00,141.57619,40.66519000000001,BTG_KAB_2025_9B01831_S1,2025,Axy,300,14144.411850003075,4
2025-05-14 01:05:00,141.57652,40.66545000000001,BTG_KAB_2025_9B01831_S1,2025,Axy,300,14176.232511134614,4
2025-05-14 01:10:00,141.57725,40.66539000000001,BTG_KAB_2025_9B01831_S1,2025,Axy,300,14176.726968500036,4
2025-05-14 01:15:00,141.57813000000002,40.66471000000001,BTG_KAB_2025_9B01831_S1,2025,Axy,300,14110.716780599085,4
2025-05-14 01:20:00,141.5788,40.66481,BTG_KAB_2025_9B01831_S1,2025,Axy,300,14128.825826921186,4
2025-05-14 01:25:00,141.57952999999998,40.66484,BTG_KAB_2025_9B01831_S1,2025,Axy,300,14140.106992940782,4
2025-05-14 01:30:00,141.58006,40.66481,BTG_KAB_2025_9B01831_S1,2025,Axy,300,14142.763463075273,4
2025-05-14 01:35:00,141.58085,40.664550000000006,BTG_KAB_2025_9B01831_S1,2025,Axy,300,14123.31424139455,4
2025-05-14 01:40:00,141.58135000000001,40.66447,BTG_KAB_2025_9B01831_S1,2025,Axy,300,14120.479023567317,4
2025-05-14 01:45:00,141.58204000000003,40.66444,BTG_KAB_2025_9B01831_S1,2025,Axy,300,14125.614778883406,4
2025-05-14 01:50:00,141.58304,40.66443,BTG_KAB_2025_9B01831_S1,2025,Axy,300,14137.158529453167,4
2025-05-14 01:55:00,141.58303,40.66466,BTG_KAB_2025_9B01831_S1,2025,Axy,300,14162.272845876741,4
2025-05-14 02:00:00,141.58401,40.66464,BTG_KAB_2025_9B01831_S1,2025,Axy,300,14172.921569534035,4
2025-05-14 02:05:00,141.5848,40.66472,BTG_KAB_2025_9B01831_S1,2025,Axy,300,14192.385796184242,4
2025-05-14 02:10:00,141.58631000000003,40.66671000000001,BTG_KAB_2025_9B01831_S1,2025,Axy,300,14431.449838628845,4
2025-05-14 02:15:00,141.58702000000002,40.66677000000001,BTG_KAB_2025_9B01831_S1,2025,Axy,300,14448.251661504055,4
2025-05-14 02:20:00,141.58780000000002,40.66686,BTG_KAB_2025_9B01831_S1,2025,Axy,300,14469.611153664651,4
2025-05-14 02:25:00,141.58879000000002,40.666830000000004,BTG_KAB_2025_9B01831_S1,2025,Axy,300,14481.370861308562,4
2025-05-14 02:30:00,141.58955999999998,40.666900000000005,BTG_KAB_2025_9B01831_S1,2025,Axy,300,14501.028281796096,4
2025-05-14 02:35:00,141.59043000000003,40.66668,BTG_KAB_2025_9B01831_S1,2025,Axy,300,14490.966169515836,4
2025-05-14 02:40:00,141.60153,40.67478,BTG_KAB_2025_9B01831_S1,2025,Axy,300,15571.893293764528,4
2025-05-14 02:45:00,141.62366999999998,40.69184,BTG_KAB_2025_9B01831_S1,2025,Axy,300,17910.979760821465,4
2025-05-14 02:50:00,141.62818000000001,40.69668,BTG_KAB_2025_9B01831_S1,2025,Axy,300,18541.679337503232,4
2025-05-14 02:55:00,141.629,40.696180000000005,BTG_KAB_2025_9B01831_S1,2025,Axy,300,18511.659830014047,4
2025-05-14 03:00:00,141.62894000000003,40.69588,BTG_KAB_2025_9B01831_S1,2025,Axy,300,18478.517999849555,4
2025-05-14 03:05:00,141.63025,40.69605000000001,BTG_KAB_2025_9B01831_S1,2025,Axy,300,18532.833077535033,4
2025-05-14 03:10:00,141.63049,40.69573000000001,BTG_KAB_2025_9B01831_S1,2025,Axy,300,18506.07679231291,4
2025-05-14 03:15:00,141.63246,40.69697000000001,BTG_KAB_2025_9B01831_S1,2025,Axy,300,18691.7733150408,4
2025-05-14 03:20:00,141.6644,40.71794,BTG_KAB_2025_9B01831_S1,2025,Axy,300,21868.417569335805,4
2025-05-14 03:25:00,141.68743000000003,40.74034,BTG_KAB_2025_9B01831_S1,2025,Axy,300,24949.085657476386,4
2025-05-14 03:30:00,141.70578999999998,40.763490000000004,BTG_KAB_2025_9B01831_S1,2025,Axy,300,27941.331425557633,4
2025-05-14 03:35:00,141.73102,40.78813000000001,BTG_KAB_2025_9B01831_S1,2025,Axy,300,31350.14838795049,4
2025-05-14 03:40:00,141.75868,40.81423999999999,BTG_KAB_2025_9B01831_S1,2025,Axy,300,35012.58708941665,4
2025-05-14 03:45:00,141.78189,40.837469999999996,BTG_KAB_2025_9B01831_S1,2025,Axy,300,38221.73734496884,4
2025-05-14 03:50:00,141.78461,40.83745,BTG_KAB_2025_9B01831_S1,2025,Axy,300,38334.3836786022,4
2025-05-14 03:55:00,141.81368999999998,40.85925999999999,BTG_KAB_2025_9B01831_S1,2025,Axy,300,41669.808126637596,4
2025-05-14 04:00:00,141.8443,40.88815,BTG_KAB_2025_9B01831_S1,2025,Axy,300,45755.5526203052,4
2025-05-14 04:05:00,141.86122000000003,40.90977,BTG_KAB_2025_9B01831_S1,2025,Axy,300,48547.16349789671,4
2025-05-14 04:10:00,141.86595,40.917559999999995,BTG_KAB_2025_9B01831_S1,2025,Axy,300,49492.12297796512,4
2025-05-14 04:15:00,141.86597,40.923210000000005,BTG_KAB_2025_9B01831_S1,2025,Axy,300,50027.0232900746,4
2025-05-14 04:20:00,141.87053,40.93385,BTG_KAB_2025_9B01831_S1,2025,Axy,300,51236.086079036584,4
2025-05-14 04:25:00,141.87135,40.93327,BTG_KAB_2025_9B01831_S1,2025,Axy,300,51216.785864293954,4
2025-05-14 04:30:00,141.87157,40.93278,BTG_KAB_2025_9B01831_S1,2025,Axy,300,51179.90697151017,4
2025-05-14 04:35:00,141.87082,40.93576,BTG_KAB_2025_9B01831_S1,2025,Axy,300,51430.30848310493,4
2025-05-14 04:40:00,141.87136,40.935140000000004,BTG_KAB_2025_9B01831_S1,2025,Axy,300,51394.846491220276,4
2025-05-14 04:45:00,141.87499,40.938750000000006,BTG_KAB_2025_9B01831_S1,2025,Axy,300,51896.10110500145,4
2025-05-14 04:50:00,141.87547,40.938410000000005,BTG_KAB_2025_9B01831_S1,2025,Axy,300,51884.7790835352,4
2025-05-14 04:55:00,141.87568,40.93813000000001,BTG_KAB_2025_9B01831_S1,2025,Axy,300,51867.388949155065,4
2025-05-14 05:00:00,141.88814000000005,40.941889999999994,BTG_KAB_2025_9B01831_S1,2025,Axy,300,52773.73637232119,4
2025-05-14 05:05:00,141.88884000000004,40.93982,BTG_KAB_2025_9B01831_S1,2025,Axy,300,52610.44938418014,4
2025-05-14 05:10:00,141.88832000000005,40.93685,BTG_KAB_2025_9B01831_S1,2025,Axy,300,52308.28662646947,4
2025-05-14 05:15:00,141.88365,40.93846,BTG_KAB_2025_9B01831_S1,2025,Axy,300,52250.37735950709,4
2025-05-14 05:20:00,141.86062,40.94202,BTG_KAB_2025_9B01831_S1,2025,Axy,300,51594.30500058418,4
2025-05-14 05:25:00,141.85432000000003,40.939879999999995,BTG_KAB_2025_9B01831_S1,2025,Axy,300,51125.34425195142,4
2025-05-14 05:30:00,141.85464000000002,40.93864,BTG_KAB_2025_9B01831_S1,2025,Axy,300,51018.76603787217,4
2025-05-14 05:35:00,141.85236000000003,40.92855000000001,BTG_KAB_2025_9B01831_S1,2025,Axy,300,49950.80700788199,4
2025-05-14 05:40:00,141.82845000000003,40.92418,BTG_KAB_2025_9B01831_S1,2025,Axy,300,48547.13753989423,4
2025-05-14 05:45:00,141.80878,40.91751,BTG_KAB_2025_9B01831_S1,2025,Axy,300,47124.4341094763,4
2025-05-14 05:50:00,141.7894,40.91197,BTG_KAB_2025_9B01831_S1,2025,Axy,300,45853.55469664117,4
2025-05-14 05:55:00,141.77434,40.902330000000006,BTG_KAB_2025_9B01831_S1,2025,Axy,300,44348.14594322952,4
2025-05-14 06:00:00,141.75701,40.89842,BTG_KAB_2025_9B01831_S1,2025,Axy,300,43363.64891005473,4
2025-05-14 06:05:00,141.74966999999995,40.895450000000004,BTG_KAB_2025_9B01831_S1,2025,Axy,300,42821.21329550845,4
2025-05-14 06:10:00,141.73988999999997,40.882279999999994,BTG_KAB_2025_9B01831_S1,2025,Axy,300,41155.700058968716,4
2025-05-14 06:15:00,141.72842000000003,40.86551000000001,BTG_KAB_2025_9B01831_S1,2025,Axy,300,39067.15678242261,4
2025-05-14 06:20:00,141.71509999999998,40.84971,BTG_KAB_2025_9B01831_S1,2025,Axy,300,37023.46603972764,4
2025-05-14 06:25:00,141.70548,40.83041,BTG_KAB_2025_9B01831_S1,2025,Axy,300,34731.816123992445,4
2025-05-14 06:30:00,141.70209,40.81977,BTG_KAB_2025_9B01831_S1,2025,Axy,300,33527.0079053614,4
2025-05-14 06:35:00,141.70223000000001,40.81877,BTG_KAB_2025_9B01831_S1,2025,Axy,300,33427.975705113524,4
2025-05-14 06:40:00,141.69257,40.80735,BTG_KAB_2025_9B01831_S1,2025,Axy,300,31950.66526245301,4
2025-05-14 06:45:00,141.68364999999997,40.787530000000004,BTG_KAB_2025_9B01831_S1,2025,Axy,300,29626.14426960227,4
2025-05-14 06:50:00,141.67533,40.764540000000004,BTG_KAB_2025_9B01831_S1,2025,Axy,300,26992.85047459118,4
2025-05-14 06:55:00,141.66006,40.741130000000005,BTG_KAB_2025_9B01831_S1,2025,Axy,300,24101.880914393663,4
2025-05-14 07:00:00,141.64139,40.71626,BTG_KAB_2025_9B01831_S1,2025,Axy,300,20962.87815335761,4
2025-05-14 07:05:00,141.62198,40.691390000000006,BTG_KAB_2025_9B01831_S1,2025,Axy,300,17819.276581656544,4
2025-05-14 07:10:00,141.60273,40.66655000000001,BTG_KAB_2025_9B01831_S1,2025,Axy,300,14712.119173693545,4
2025-05-14 07:15:00,141.58092000000002,40.64453,BTG_KAB_2025_9B01831_S1,2025,Axy,300,11926.879378979535,4
2025-05-14 07:20:00,141.55602000000002,40.62281000000001,BTG_KAB_2025_9B01831_S1,2025,Axy,300,9351.439989108065,4
2025-05-14 07:25:00,141.53988999999999,40.60043,BTG_KAB_2025_9B01831_S1,2025,Axy,300,7027.207909082672,4
2025-05-14 07:30:00,141.51885,40.588150000000006,BTG_KAB_2025_9B01831_S1,2025,Axy,300,6406.150531857016,4
2025-05-14 07:35:00,141.51307999999997,40.57087,BTG_KAB_2025_9B01831_S1,2025,Axy,300,5201.624916777092,4
2025-05-14 07:40:00,141.51951999999997,40.56092,BTG_KAB_2025_9B01831_S1,2025,Axy,300,4067.639382672733,4
2025-05-14 07:45:00,141.53497,40.55785999999999,BTG_KAB_2025_9B01831_S1,2025,Axy,300,2871.7262133241197,4
2025-05-14 07:50:00,141.53483,40.55775,BTG_KAB_2025_9B01831_S1,2025,Axy,300,2870.6004114934494,4
2025-05-14 07:55:00,141.53498,40.559419999999996,BTG_KAB_2025_9B01831_S1,2025,Axy,300,3002.3719398309613,4
2025-05-14 08:00:00,141.53497,40.55952,BTG_KAB_2025_9B01831_S1,2025,Axy,300,3011.467006378764,4
2025-05-14 08:05:00,141.53504,40.559419999999996,BTG_KAB_2025_9B01831_S1,2025,Axy,300,2999.1305906624534,4
2025-05-14 08:10:00,141.5352,40.55943,BTG_KAB_2025_9B01831_S1,2025,Axy,300,2991.370273156076,4
2025-05-14 08:15:00,141.53507,40.55934,BTG_KAB_2025_9B01831_S1,2025,Axy,300,2990.6680615061564,4
2025-05-14 08:20:00,141.53503,40.559459999999994,BTG_KAB_2025_9B01831_S1,2025,Axy,300,3003.093891777353,4
2025-05-14 08:25:00,141.53502,40.559439999999995,BTG_KAB_2025_9B01831_S1,2025,Axy,300,3001.9215467630547,4
2025-05-14 08:30:00,141.52815,40.554219999999994,BTG_KAB_2025_9B01831_S1,2025,Axy,300,3038.2519730381778,4
2025-05-14 08:35:00,141.51454999999996,40.54701,BTG_KAB_2025_9B01831_S1,2025,Axy,300,3764.689704594795,4
2025-05-14 08:40:00,141.51322,40.54562,BTG_KAB_2025_9B01831_S1,2025,Axy,300,3839.722691266152,4
2025-05-14 08:45:00,141.51299999999998,40.545590000000004,BTG_KAB_2025_9B01831_S1,2025,Axy,300,3857.304024504617,4
2025-05-14 08:50:00,141.51321,40.54547,BTG_KAB_2025_9B01831_S1,2025,Axy,300,3837.2130855242644,4
2025-05-14 08:55:00,141.5134,40.545320000000004,BTG_KAB_2025_9B01831_S1,2025,Axy,300,3818.156096448557,4
2025-05-14 09:00:00,141.52782000000002,40.54637,BTG_KAB_2025_9B01831_S1,2025,Axy,300,2666.2837511989633,4
2025-05-14 15:20:00,141.53203000000002,40.548350000000006,BTG_KAB_2025_9B01831_S1,2025,Axy,300,2421.5500032020373,5
2025-05-14 15:25:00,141.53608,40.54998,BTG_KAB_2025_9B01831_S1,2025,Axy,300,2217.988939239926,5
2025-05-14 15:30:00,141.51337999999998,40.5452,BTG_KAB_2025_9B01831_S1,2025,Axy,300,3817.242656891891,5
2025-05-14 15:35:00,141.51015999999998,40.543110000000006,BTG_KAB_2025_9B01831_S1,2025,Axy,300,4050.201186091632,5
2025-05-14 15:40:00,141.50991,40.543130000000005,BTG_KAB_2025_9B01831_S1,2025,Axy,300,4071.4918425639553,5
2025-05-14 15:45:00,141.511,40.55163999999999,BTG_KAB_2025_9B01831_S1,2025,Axy,300,4204.742292505821,5
2025-05-14 15:50:00,141.51077999999998,40.55014,BTG_KAB_2025_9B01831_S1,2025,Axy,300,4168.127352583018,5
2025-05-14 15:55:00,141.51099,40.5498,BTG_KAB_2025_9B01831_S1,2025,Axy,300,4139.71873965806,5
2025-05-14 16:00:00,141.51068999999998,40.55015,BTG_KAB_2025_9B01831_S1,2025,Axy,300,4175.723702804446,5
2025-05-14 16:05:00,141.51139,40.55003,BTG_KAB_2025_9B01831_S1,2025,Axy,300,4115.204965872783,5
2025-05-14 16:10:00,141.50975999999997,40.54339,BTG_KAB_2025_9B01831_S1,2025,Axy,300,4087.746373712449,5
2025-05-14 16:15:00,141.5101,40.54326,BTG_KAB_2025_9B01831_S1,2025,Axy,300,4057.328774628259,5
2025-05-14 16:20:00,141.50994,40.5433,BTG_KAB_2025_9B01831_S1,2025,Axy,300,4071.3384134727344,5
2025-05-14 16:25:00,141.51012,40.54325,BTG_KAB_2025_9B01831_S1,2025,Axy,300,4055.5072054552934,5
2025-05-14 16:30:00,141.51049,40.54306,BTG_KAB_2025_9B01831_S1,2025,Axy,300,4021.7751555013774,5
2025-05-14 16:35:00,141.51004999999998,40.54323,BTG_KAB_2025_9B01831_S1,2025,Axy,300,4061.1084824653935,5
2025-05-14 16:40:00,141.5102,40.54324,BTG_KAB_2025_9B01831_S1,2025,Axy,300,4048.6440242040976,5
2025-05-14 16:45:00,141.51036,40.5431,BTG_KAB_2025_9B01831_S1,2025,Axy,300,4033.250889428469,5
2025-05-14 16:50:00,141.51113,40.543459999999996,BTG_KAB_2025_9B01831_S1,2025,Axy,300,3973.742928746465,5
2025-05-14 16:55:00,141.51099,40.54456,BTG_KAB_2025_9B01831_S1,2025,Axy,300,4003.810936563062,5
2025-05-14 17:00:00,141.51689,40.55638,BTG_KAB_2025_9B01831_S1,2025,Axy,300,3973.558055679827,5
2025-05-14 17:05:00,141.53411,40.558510000000005,BTG_KAB_2025_9B01831_S1,2025,Axy,300,2974.0984160046078,5
2025-05-14 17:10:00,141.53654999999998,40.55508,BTG_KAB_2025_9B01831_S1,2025,Axy,300,2554.784060002265,5
2025-05-14 17:15:00,141.53702,40.554939999999995,BTG_KAB_2025_9B01831_S1,2025,Axy,300,2515.9236266682433,5
2025-05-14 17:20:00,141.54308999999998,40.54999,BTG_KAB_2025_9B01831_S1,2025,Axy,300,1763.3757781497877,5
2025-05-14 17:25:00,141.54308999999998,40.54997,BTG_KAB_2025_9B01831_S1,2025,Axy,300,1761.7844812731164,5
2025-05-14 17:30:00,141.54888,40.54802,BTG_KAB_2025_9B01831_S1,2025,Axy,300,1280.169692295055,5
2025-05-15 17:10:00,141.54318999999998,40.54067,BTG_KAB_2025_9B01831_S1,2025,Axy,300,1242.3672891154843,6
2025-05-15 17:15:00,141.51684999999998,40.54679,BTG_KAB_2025_9B01831_S1,2025,Axy,300,3569.963508386051,6
2025-05-15 17:20:00,141.51196,40.54494,BTG_KAB_2025_9B01831_S1,2025,Axy,300,3930.10972586286,6
2025-05-15 17:25:00,141.5119,40.54969,BTG_KAB_2025_9B01831_S1,2025,Axy,300,4062.5394596602773,6
2025-05-15 17:30:00,141.51229,40.549730000000004,BTG_KAB_2025_9B01831_S1,2025,Axy,300,4032.424190015136,6
2025-05-15 17:35:00,141.51228,40.54969,BTG_KAB_2025_9B01831_S1,2025,Axy,300,4031.873522828316,6
2025-05-15 17:40:00,141.51198,40.549730000000004,BTG_KAB_2025_9B01831_S1,2025,Axy,300,4057.430470841907,6
2025-05-15 17:45:00,141.51211,40.54962,BTG_KAB_2025_9B01831_S1,2025,Axy,300,4043.233405776044,6
2025-05-15 17:50:00,141.51187,40.54974,BTG_KAB_2025_9B01831_S1,2025,Axy,300,4066.6446601073185,6
2025-05-15 17:55:00,141.51204,40.54956,BTG_KAB_2025_9B01831_S1,2025,Axy,300,4046.879914972241,6
2025-05-15 18:00:00,141.51488999999998,40.55675,BTG_KAB_2025_9B01831_S1,2025,Axy,300,4141.280493236471,6
2025-05-15 18:05:00,141.51464999999996,40.556839999999994,BTG_KAB_2025_9B01831_S1,2025,Axy,300,4163.902428558989,6
2025-05-15 18:10:00,141.51717,40.55915,BTG_KAB_2025_9B01831_S1,2025,Axy,300,4115.150368194004,6
2025-05-15 18:15:00,141.52358999999998,40.563750000000006,BTG_KAB_2025_9B01831_S1,2025,Axy,300,4011.9954523940096,6
2025-05-15 18:20:00,141.52859,40.56607,BTG_KAB_2025_9B01831_S1,2025,Axy,300,3916.624512962927,6
2025-05-15 18:25:00,141.525,40.56562,BTG_KAB_2025_9B01831_S1,2025,Axy,300,4077.339404692057,6
2025-05-15 18:30:00,141.50919,40.56215000000001,BTG_KAB_2025_9B01831_S1,2025,Axy,300,4863.309123440365,6
2025-05-15 18:35:00,141.50974,40.55793,BTG_KAB_2025_9B01831_S1,2025,Axy,300,4587.175874823854,6
2025-05-15 18:40:00,141.50999,40.557849999999995,BTG_KAB_2025_9B01831_S1,2025,Axy,300,4564.3059291291265,6
2025-05-15 18:45:00,141.50984999999997,40.55787999999999,BTG_KAB_2025_9B01831_S1,2025,Axy,300,4576.344532438047,6
2025-05-15 18:50:00,141.51,40.55785999999999,BTG_KAB_2025_9B01831_S1,2025,Axy,300,4564.077269980935,6
2025-05-15 18:55:00,141.51002,40.55779999999999,BTG_KAB_2025_9B01831_S1,2025,Axy,300,4559.46379645631,6
2025-05-15 19:00:00,141.51,40.55779,BTG_KAB_2025_9B01831_S1,2025,Axy,300,4560.442953381225,6
2025-05-15 19:05:00,141.50982,40.55783999999999,BTG_KAB_2025_9B01831_S1,2025,Axy,300,4576.517280428477,6
2025-05-15 19:10:00,141.50986999999998,40.55787999999999,BTG_KAB_2025_9B01831_S1,2025,Axy,300,4574.847153818689,6
2025-05-15 19:15:00,141.50992,40.55781999999999,BTG_KAB_2025_9B01831_S1,2025,Axy,300,4567.990105037135,6
2025-05-15 19:20:00,141.50993,40.55585,BTG_KAB_2025_9B01831_S1,2025,Axy,300,4469.288001464773,6
2025-05-15 19:25:00,141.51074999999997,40.555479999999996,BTG_KAB_2025_9B01831_S1,2025,Axy,300,4388.938101003728,6
2025-05-15 19:30:00,141.51098,40.555310000000006,BTG_KAB_2025_9B01831_S1,2025,Axy,300,4363.273834855179,6
2025-05-15 19:35:00,141.51136,40.55541,BTG_KAB_2025_9B01831_S1,2025,Axy,300,4338.920943560815,6
2025-05-15 19:40:00,141.51166999999998,40.55556,BTG_KAB_2025_9B01831_S1,2025,Axy,300,4322.453329755843,6
2025-05-15 19:45:00,141.51219,40.55523,BTG_KAB_2025_9B01831_S1,2025,Axy,300,4266.872666454854,6
2025-05-15 19:50:00,141.51650999999998,40.555110000000006,BTG_KAB_2025_9B01831_S1,2025,Axy,300,3933.910114369818,6
2025-05-15 19:55:00,141.51694999999998,40.55525,BTG_KAB_2025_9B01831_S1,2025,Axy,300,3908.293102074497,6
2025-05-15 20:00:00,141.5172,40.555170000000004,BTG_KAB_2025_9B01831_S1,2025,Axy,300,3885.43489125178,6
2025-05-15 20:05:00,141.51774999999998,40.554649999999995,BTG_KAB_2025_9B01831_S1,2025,Axy,300,3817.1811358198056,6
2025-05-15 20:10:00,141.51809,40.554199999999994,BTG_KAB_2025_9B01831_S1,2025,Axy,300,3768.522272680888,6
2025-05-15 20:15:00,141.51893,40.55355,BTG_KAB_2025_9B01831_S1,2025,Axy,300,3672.3054608515863,6
2025-05-15 20:20:00,141.51925999999997,40.55331,BTG_KAB_2025_9B01831_S1,2025,Axy,300,3635.3473817975555,6
2025-05-15 20:25:00,141.51952999999997,40.55309,BTG_KAB_2025_9B01831_S1,2025,Axy,300,3603.963180180204,6
2025-05-15 20:30:00,141.51995999999997,40.54874,BTG_KAB_2025_9B01831_S1,2025,Axy,300,3381.5812350425826,6
2025-05-15 20:35:00,141.52696,40.54707,BTG_KAB_2025_9B01831_S1,2025,Axy,300,2760.7986142083,6
2025-05-16 00:45:00,141.56677,40.54657,BTG_KAB_2025_9B01831_S1,2025,Axy,300,1176.908399018614,7
2025-05-16 00:50:00,141.57753,40.55338,BTG_KAB_2025_9B01831_S1,2025,Axy,300,2353.8887963691395,7
2025-05-16 00:55:00,141.58472,40.56053000000001,BTG_KAB_2025_9B01831_S1,2025,Axy,300,3347.0752712163985,7
2025-05-16 01:00:00,141.59642000000002,40.56726,BTG_KAB_2025_9B01831_S1,2025,Axy,300,4575.384562386164,7
2025-05-16 01:05:00,141.61603,40.57379,BTG_KAB_2025_9B01831_S1,2025,Axy,300,6305.005145026286,7
2025-05-16 01:10:00,141.63967999999997,40.58079,BTG_KAB_2025_9B01831_S1,2025,Axy,300,8382.329403052374,7
2025-05-16 01:15:00,141.64592,40.5829,BTG_KAB_2025_9B01831_S1,2025,Axy,300,8951.999029144918,7
2025-05-16 01:20:00,141.64582,40.58266,BTG_KAB_2025_9B01831_S1,2025,Axy,300,8930.308117897786,7
2025-05-16 01:25:00,141.64584,40.58222,BTG_KAB_2025_9B01831_S1,2025,Axy,300,8905.078533522623,7
2025-05-16 01:30:00,141.67241,40.58959,BTG_KAB_2025_9B01831_S1,2025,Axy,300,11250.902981460014,7
2025-05-16 01:35:00,141.67186999999998,40.591590000000004,BTG_KAB_2025_9B01831_S1,2025,Axy,300,11325.0584717624,7
2025-05-16 01:40:00,141.67665999999997,40.59142,BTG_KAB_2025_9B01831_S1,2025,Axy,300,11664.074724444004,7
2025-05-16 01:45:00,141.67644,40.59145,BTG_KAB_2025_9B01831_S1,2025,Axy,300,11649.649695116139,7
2025-05-16 01:50:00,141.6763,40.591330000000006,BTG_KAB_2025_9B01831_S1,2025,Axy,300,11632.704474199192,7
2025-05-16 01:55:00,141.6761,40.59102,BTG_KAB_2025_9B01831_S1,2025,Axy,300,11600.782570171861,7
2025-05-16 02:00:00,141.67564,40.590900000000005,BTG_KAB_2025_9B01831_S1,2025,Axy,300,11560.409599176264,7
2025-05-16 02:05:00,141.67543,40.590630000000004,BTG_KAB_2025_9B01831_S1,2025,Axy,300,11530.001181830306,7
2025-05-16 02:10:00,141.67884,40.590770000000006,BTG_KAB_2025_9B01831_S1,2025,Axy,300,11788.42911466518,7
2025-05-16 02:15:00,141.69017,40.59508,BTG_KAB_2025_9B01831_S1,2025,Axy,300,12859.0773698519,7
2025-05-16 02:20:00,141.69018,40.59494,BTG_KAB_2025_9B01831_S1,2025,Axy,300,12852.252754732803,7
2025-05-16 02:25:00,141.69049,40.59466,BTG_KAB_2025_9B01831_S1,2025,Axy,300,12860.133744319808,7
2025-05-16 02:30:00,141.70022,40.598400000000005,BTG_KAB_2025_9B01831_S1,2025,Axy,300,13781.92770923511,7
2025-05-16 02:35:00,141.70003,40.59808,BTG_KAB_2025_9B01831_S1,2025,Axy,300,13750.753826498374,7
2025-05-16 02:40:00,141.70533,40.59845000000001,BTG_KAB_2025_9B01831_S1,2025,Axy,300,14165.25339178449,7
2025-05-16 02:45:00,141.70475999999996,40.598040000000005,BTG_KAB_2025_9B01831_S1,2025,Axy,300,14101.311679061388,7
2025-05-16 02:50:00,141.70435999999998,40.59762,BTG_KAB_2025_9B01831_S1,2025,Axy,300,14049.606577327804,7
2025-05-16 02:55:00,141.70511,40.59668,BTG_KAB_2025_9B01831_S1,2025,Axy,300,14057.704717456416,7
2025-05-16 03:00:00,141.70194999999998,40.596560000000004,BTG_KAB_2025_9B01831_S1,2025,Axy,300,13814.268166396616,7
2025-05-16 03:05:00,141.70337999999998,40.596210000000006,BTG_KAB_2025_9B01831_S1,2025,Axy,300,13903.640022558366,7
2025-05-16 03:10:00,141.70359999999997,40.59551000000001,BTG_KAB_2025_9B01831_S1,2025,Axy,300,13884.693367743925,7
2025-05-16 03:15:00,141.70346999999998,40.59322,BTG_KAB_2025_9B01831_S1,2025,Axy,300,13761.131613400325,7
2025-05-16 03:20:00,141.70604999999998,40.59371000000001,BTG_KAB_2025_9B01831_S1,2025,Axy,300,13981.275566001572,7
2025-05-16 03:25:00,141.73747,40.60117,BTG_KAB_2025_9B01831_S1,2025,Axy,300,16740.744542159136,7
2025-05-16 03:30:00,141.76647,40.61304,BTG_KAB_2025_9B01831_S1,2025,Axy,300,19521.436727276232,7
2025-05-16 03:35:00,141.78952999999998,40.62398,BTG_KAB_2025_9B01831_S1,2025,Axy,300,21804.97448363088,7
2025-05-16 03:40:00,141.79773,40.62337000000001,BTG_KAB_2025_9B01831_S1,2025,Axy,300,22403.747088148757,7
2025-05-16 03:45:00,141.76494,40.61316,BTG_KAB_2025_9B01831_S1,2025,Axy,300,19409.81716077325,7
2025-05-16 03:50:00,141.74192,40.602160000000005,BTG_KAB_2025_9B01831_S1,2025,Axy,300,17129.1986890659,7
2025-05-16 03:55:00,141.72719,40.59633000000001,BTG_KAB_2025_9B01831_S1,2025,Axy,300,15726.682463407793,7
2025-05-16 04:00:00,141.69811,40.58459,BTG_KAB_2025_9B01831_S1,2025,Axy,300,12948.88275015957,7
2025-05-16 04:05:00,141.67142,40.56815000000001,BTG_KAB_2025_9B01831_S1,2025,Axy,300,10183.289025507067,7
2025-05-16 04:15:00,141.60711,40.54736,BTG_KAB_2025_9B01831_S1,2025,Axy,600,4305.088862197932,7
2025-05-16 04:20:00,141.57106,40.54411,BTG_KAB_2025_9B01831_S1,2025,Axy,300,1293.503924318804,7
2025-05-16 16:35:00,141.54953999999998,40.54919,BTG_KAB_2025_9B01831_S1,2025,Axy,300,1359.3498010358383,8
2025-05-16 16:40:00,141.54948,40.54912,BTG_KAB_2025_9B01831_S1,2025,Axy,300,1355.2087846886063,8
2025-05-16 16:45:00,141.54417999999998,40.55056,BTG_KAB_2025_9B01831_S1,2025,Axy,300,1747.8557516842739,8
2025-05-16 16:50:00,141.51389999999998,40.54569,BTG_KAB_2025_9B01831_S1,2025,Axy,300,3784.9381982677787,8
2025-05-16 16:55:00,141.50686,40.54299,BTG_KAB_2025_9B01831_S1,2025,Axy,300,4326.24730883799,8
2025-05-16 17:00:00,141.5056,40.54289,BTG_KAB_2025_9B01831_S1,2025,Axy,300,4431.125731550411,8
2025-05-16 17:05:00,141.51002,40.54309,BTG_KAB_2025_9B01831_S1,2025,Axy,300,4061.6987129149747,8
2025-05-16 17:10:00,141.51003,40.54317,BTG_KAB_2025_9B01831_S1,2025,Axy,300,4061.9543534068994,8
2025-05-16 17:15:00,141.51022,40.54322,BTG_KAB_2025_9B01831_S1,2025,Axy,300,4046.6822553119264,8
2025-05-16 17:20:00,141.51019,40.5431,BTG_KAB_2025_9B01831_S1,2025,Axy,300,4047.542400112365,8
2025-05-16 17:25:00,141.51028,40.54323,BTG_KAB_2025_9B01831_S1,2025,Axy,300,4041.7808561939087,8
2025-05-16 17:30:00,141.5103,40.54325,BTG_KAB_2025_9B01831_S1,2025,Axy,300,4040.3825248066237,8
2025-05-16 17:35:00,141.50913,40.54248,BTG_KAB_2025_9B01831_S1,2025,Axy,300,4128.950687535505,8
2025-05-16 17:40:00,141.50985999999997,40.543150000000004,BTG_KAB_2025_9B01831_S1,2025,Axy,300,4075.969060564491,8
2025-05-16 17:45:00,141.51056999999997,40.54344,BTG_KAB_2025_9B01831_S1,2025,Axy,300,4020.4541338754893,8
2025-05-16 17:50:00,141.51154999999997,40.54582,BTG_KAB_2025_9B01831_S1,2025,Axy,300,3982.7605834619535,8
2025-05-16 17:55:00,141.51576999999997,40.55667999999999,BTG_KAB_2025_9B01831_S1,2025,Axy,300,4072.480918096403,8
2025-05-16 18:00:00,141.51537,40.560010000000005,BTG_KAB_2025_9B01831_S1,2025,Axy,300,4294.973343748796,8
2025-05-16 18:05:00,141.51360999999997,40.55699,BTG_KAB_2025_9B01831_S1,2025,Axy,300,4249.071675997211,8
2025-05-16 18:10:00,141.51379999999997,40.55701,BTG_KAB_2025_9B01831_S1,2025,Axy,300,4236.034021386444,8
2025-05-16 18:15:00,141.51413,40.55695,BTG_KAB_2025_9B01831_S1,2025,Axy,300,4208.342816931877,8
2025-05-16 18:20:00,141.51390999999998,40.55712,BTG_KAB_2025_9B01831_S1,2025,Axy,300,4233.789967342794,8
2025-05-16 18:25:00,141.51407999999998,40.55697,BTG_KAB_2025_9B01831_S1,2025,Axy,300,4213.123498120285,8
2025-05-16 18:30:00,141.51414999999997,40.55692,BTG_KAB_2025_9B01831_S1,2025,Axy,300,4205.249094338968,8
2025-05-16 18:35:00,141.51391999999998,40.5571,BTG_KAB_2025_9B01831_S1,2025,Axy,300,4231.971780820262,8
2025-05-16 18:40:00,141.51425999999998,40.55694,BTG_KAB_2025_9B01831_S1,2025,Axy,300,4198.171801904693,8
2025-05-16 18:45:00,141.51403,40.557069999999996,BTG_KAB_2025_9B01831_S1,2025,Axy,300,4222.209023382255,8
2025-05-16 18:50:00,141.51357999999996,40.55723,BTG_KAB_2025_9B01831_S1,2025,Axy,300,4264.156324058102,8
2025-05-16 18:55:00,141.51393,40.55693,BTG_KAB_2025_9B01831_S1,2025,Axy,300,4222.105125738003,8
2025-05-16 19:00:00,141.51123,40.56185,BTG_KAB_2025_9B01831_S1,2025,Axy,300,4700.150119957907,8
2025-05-16 19:05:00,141.51204,40.562580000000004,BTG_KAB_2025_9B01831_S1,2025,Axy,300,4688.495258671607,8
2025-05-16 19:10:00,141.51219,40.56214000000001,BTG_KAB_2025_9B01831_S1,2025,Axy,300,4650.42084427662,8
2025-05-16 19:15:00,141.51264,40.56192,BTG_KAB_2025_9B01831_S1,2025,Axy,300,4605.168485529273,8
2025-05-16 19:20:00,141.51322,40.56154,BTG_KAB_2025_9B01831_S1,2025,Axy,300,4540.830675488977,8
2025-05-16 19:25:00,141.51346999999998,40.56146,BTG_KAB_2025_9B01831_S1,2025,Axy,300,4518.320223941573,8
2025-05-16 19:30:00,141.51404,40.56138,BTG_KAB_2025_9B01831_S1,2025,Axy,300,4473.429625940238,8
2025-05-16 19:35:00,141.51457999999997,40.56126,BTG_KAB_2025_9B01831_S1,2025,Axy,300,4428.194003037429,8
2025-05-16 19:40:00,141.51453999999998,40.560970000000005,BTG_KAB_2025_9B01831_S1,2025,Axy,300,4412.786269611008,8
2025-05-16 19:45:00,141.51551999999998,40.560770000000005,BTG_KAB_2025_9B01831_S1,2025,Axy,300,4331.766941482234,8
2025-05-16 19:50:00,141.51628,40.56029,BTG_KAB_2025_9B01831_S1,2025,Axy,300,4248.523310085774,8
2025-05-16 19:55:00,141.51704,40.560050000000004,BTG_KAB_2025_9B01831_S1,2025,Axy,300,4180.410459104149,8
2025-05-16 20:00:00,141.51708,40.559839999999994,BTG_KAB_2025_9B01831_S1,2025,Axy,300,4164.382537259771,8
2025-05-16 20:05:00,141.51691,40.559599999999996,BTG_KAB_2025_9B01831_S1,2025,Axy,300,4161.2760162326995,8
2025-05-16 20:10:00,141.51664999999997,40.55934,BTG_KAB_2025_9B01831_S1,2025,Axy,300,4163.507628606343,8
2025-05-16 20:15:00,141.51674,40.55999,BTG_KAB_2025_9B01831_S1,2025,Axy,300,4197.550085905121,8
2025-05-16 20:20:00,141.52171,40.562430000000006,BTG_KAB_2025_9B01831_S1,2025,Axy,300,4030.156520589937,8
2025-05-16 20:25:00,141.52169,40.562560000000005,BTG_KAB_2025_9B01831_S1,2025,Axy,300,4040.9203067035364,8
2025-05-16 20:30:00,141.5217,40.56284,BTG_KAB_2025_9B01831_S1,2025,Axy,300,4060.815563669402,8
2025-05-16 20:35:00,141.52202000000003,40.562870000000004,BTG_KAB_2025_9B01831_S1,2025,Axy,300,4042.7754405066385,8
2025-05-16 20:40:00,141.52177,40.563250000000004,BTG_KAB_2025_9B01831_S1,2025,Axy,300,4086.716406606601,8
2025-05-16 20:45:00,141.52212000000003,40.56311000000001,BTG_KAB_2025_9B01831_S1,2025,Axy,300,4054.2987595482796,8
2025-05-16 20:50:00,141.52262000000002,40.56318,BTG_KAB_2025_9B01831_S1,2025,Axy,300,4028.2631808326214,8
2025-05-16 20:55:00,141.52231000000003,40.56335000000001,BTG_KAB_2025_9B01831_S1,2025,Axy,300,4060.365845870682,8
2025-05-16 21:00:00,141.52254000000002,40.56311000000001,BTG_KAB_2025_9B01831_S1,2025,Axy,300,4027.996497928828,8
2025-05-16 21:05:00,141.52269,40.56322,BTG_KAB_2025_9B01831_S1,2025,Axy,300,4026.9165035096385,8
2025-05-16 21:10:00,141.52318,40.562870000000004,BTG_KAB_2025_9B01831_S1,2025,Axy,300,3970.0620155959255,8
2025-05-16 21:15:00,141.52345,40.56277000000001,BTG_KAB_2025_9B01831_S1,2025,Axy,300,3945.737438673605,8
2025-05-16 21:20:00,141.52244000000005,40.56204,BTG_KAB_2025_9B01831_S1,2025,Axy,300,3955.0956952458246,8
2025-05-16 21:25:00,141.52304999999998,40.5617,BTG_KAB_2025_9B01831_S1,2025,Axy,300,3891.353508812581,8
2025-05-16 21:30:00,141.52328,40.5614,BTG_KAB_2025_9B01831_S1,2025,Axy,300,3854.770560546991,8
2025-05-16 21:35:00,141.52220000000003,40.54881,BTG_KAB_2025_9B01831_S1,2025,Axy,300,3205.999627680484,8
2025-05-16 21:40:00,141.53984999999997,40.5404,BTG_KAB_2025_9B01831_S1,2025,Axy,300,1517.1408084944744,8
2025-05-17 04:15:00,141.53733000000003,40.55477,BTG_KAB_2025_9B01831_S1,2025,Axy,300,2484.1242469969884,9
2025-05-17 04:20:00,141.53741000000002,40.5547,BTG_KAB_2025_9B01831_S1,2025,Axy,300,2473.8235301344453,9
2025-05-17 04:25:00,141.53636,40.555330000000005,BTG_KAB_2025_9B01831_S1,2025,Axy,300,2585.906950064846,9
2025-05-17 04:30:00,141.53654,40.555530000000005,BTG_KAB_2025_9B01831_S1,2025,Axy,300,2591.3789114444403,9
2025-05-17 04:35:00,141.53652,40.55545,BTG_KAB_2025_9B01831_S1,2025,Axy,300,2586.1140145256677,9
2025-05-17 04:40:00,141.53677,40.55534,BTG_KAB_2025_9B01831_S1,2025,Axy,300,2562.6651794229488,9
2025-05-17 04:45:00,141.53684,40.55537,BTG_KAB_2025_9B01831_S1,2025,Axy,300,2561.0056552421847,9
2025-05-17 04:50:00,141.53652,40.55503,BTG_KAB_2025_9B01831_S1,2025,Axy,300,2552.5891604030917,9
2025-05-17 04:55:00,141.53689,40.554939999999995,BTG_KAB_2025_9B01831_S1,2025,Axy,300,2523.5676926520855,9
2025-05-17 05:00:00,141.53696,40.55497999999999,BTG_KAB_2025_9B01831_S1,2025,Axy,300,2522.64780977057,9
2025-05-17 05:05:00,141.52119000000002,40.54759,BTG_KAB_2025_9B01831_S1,2025,Axy,300,3241.9863209273417,9
2025-05-17 05:10:00,141.51554,40.55692,BTG_KAB_2025_9B01831_S1,2025,Axy,300,4102.584598000589,9
2025-05-17 05:15:00,141.51504999999997,40.55661,BTG_KAB_2025_9B01831_S1,2025,Axy,300,4121.885109902135,9
2025-05-17 05:20:00,141.51531,40.55661,BTG_KAB_2025_9B01831_S1,2025,Axy,300,4102.639049372047,9
2025-05-17 05:25:00,141.51519,40.55676,BTG_KAB_2025_9B01831_S1,2025,Axy,300,4119.640005638469,9
2025-05-17 05:30:00,141.51533,40.55677,BTG_KAB_2025_9B01831_S1,2025,Axy,300,4109.846495823359,9
2025-05-17 05:35:00,141.51523,40.55672,BTG_KAB_2025_9B01831_S1,2025,Axy,300,4114.513063986514,9
2025-05-17 05:40:00,141.5153,40.556799999999996,BTG_KAB_2025_9B01831_S1,2025,Axy,300,4113.695217350522,9
2025-05-17 05:45:00,141.51399999999998,40.56047,BTG_KAB_2025_9B01831_S1,2025,Axy,300,4419.941538057283,9
2025-05-17 05:50:00,141.51203,40.56101,BTG_KAB_2025_9B01831_S1,2025,Axy,300,4592.495489598368,9
2025-05-17 05:55:00,141.51400999999998,40.55714,BTG_KAB_2025_9B01831_S1,2025,Axy,300,4227.4672290267135,9
2025-05-17 06:00:00,141.51962999999998,40.55538,BTG_KAB_2025_9B01831_S1,2025,Axy,300,3717.02620636185,9
2025-05-17 06:05:00,141.52626,40.54674,BTG_KAB_2025_9B01831_S1,2025,Axy,300,2804.619728262428,9
2025-05-17 13:30:00,141.55048000000002,40.54676,BTG_KAB_2025_9B01831_S1,2025,Axy,300,1088.0918459836923,10
2025-05-17 13:35:00,141.55049000000002,40.54667,BTG_KAB_2025_9B01831_S1,2025,Axy,300,1079.3166998947913,10
2025-05-17 13:40:00,141.55044000000004,40.546530000000004,BTG_KAB_2025_9B01831_S1,2025,Axy,300,1068.853531121813,10
2025-05-17 13:45:00,141.53472,40.54938,BTG_KAB_2025_9B01831_S1,2025,Axy,300,2277.944301652416,10
2025-05-17 13:50:00,141.51923,40.5467,BTG_KAB_2025_9B01831_S1,2025,Axy,300,3372.7014663982163,10
2025-05-17 13:55:00,141.51009,40.54588,BTG_KAB_2025_9B01831_S1,2025,Axy,300,4105.295682763535,10
2025-05-17 14:00:00,141.50594999999998,40.54254,BTG_KAB_2025_9B01831_S1,2025,Axy,300,4397.628251552242,10
2025-05-17 14:05:00,141.50665999999998,40.54159,BTG_KAB_2025_9B01831_S1,2025,Axy,300,4328.4606182649195,10
2025-05-17 14:10:00,141.50536,40.54242,BTG_KAB_2025_9B01831_S1,2025,Axy,300,4446.081515721895,10
2025-05-17 14:15:00,141.50886,40.543079999999996,BTG_KAB_2025_9B01831_S1,2025,Axy,300,4159.113453663119,10
2025-05-17 14:20:00,141.50901,40.54285,BTG_KAB_2025_9B01831_S1,2025,Axy,300,4143.521838910944,10
2025-05-17 14:25:00,141.51332,40.54955,BTG_KAB_2025_9B01831_S1,2025,Axy,300,3943.2546762013135,10
2025-05-17 14:30:00,141.51197,40.55759,BTG_KAB_2025_9B01831_S1,2025,Axy,300,4402.911765624112,10
2025-05-17 14:35:00,141.51212,40.55753,BTG_KAB_2025_9B01831_S1,2025,Axy,300,4388.568195668796,10
2025-05-17 14:40:00,141.51199,40.55753,BTG_KAB_2025_9B01831_S1,2025,Axy,300,4398.2387966346805,10
2025-05-17 14:45:00,141.51204,40.557489999999994,BTG_KAB_2025_9B01831_S1,2025,Axy,300,4392.397315907931,10
2025-05-17 14:50:00,141.51217,40.55765999999999,BTG_KAB_2025_9B01831_S1,2025,Axy,300,4391.783697027043,10
2025-05-17 14:55:00,141.51215,40.557629999999996,BTG_KAB_2025_9B01831_S1,2025,Axy,300,4391.665659660527,10
2025-05-17 15:00:00,141.51014999999998,40.5589,BTG_KAB_2025_9B01831_S1,2025,Axy,300,4608.189809631025,10
2025-05-17 15:05:00,141.5114,40.557489999999994,BTG_KAB_2025_9B01831_S1,2025,Axy,300,4440.1084770770485,10
2025-05-17 15:10:00,141.51149999999998,40.557579999999994,BTG_KAB_2025_9B01831_S1,2025,Axy,300,4437.378099058761,10
2025-05-17 15:15:00,141.51165999999998,40.55775,BTG_KAB_2025_9B01831_S1,2025,Axy,300,4434.469261032037,10
2025-05-17 15:20:00,141.51174,40.557739999999995,BTG_KAB_2025_9B01831_S1,2025,Axy,300,4427.990621647491,10
2025-05-17 15:25:00,141.51204,40.55761999999999,BTG_KAB_2025_9B01831_S1,2025,Axy,300,4399.304106627381,10
2025-05-17 15:30:00,141.51196,40.557629999999996,BTG_KAB_2025_9B01831_S1,2025,Axy,300,4405.782497849564,10
2025-05-17 15:35:00,141.51188,40.557599999999994,BTG_KAB_2025_9B01831_S1,2025,Axy,300,4410.137029726164,10
2025-05-17 15:40:00,141.51191,40.557599999999994,BTG_KAB_2025_9B01831_S1,2025,Axy,300,4407.9054484053995,10
2025-05-17 15:45:00,141.51191,40.55747999999999,BTG_KAB_2025_9B01831_S1,2025,Axy,300,4401.547852894439,10
2025-05-17 15:50:00,141.51213,40.55987999999999,BTG_KAB_2025_9B01831_S1,2025,Axy,300,4518.5540904542295,10
2025-05-17 15:55:00,141.50504999999998,40.5591,BTG_KAB_2025_9B01831_S1,2025,Axy,300,4999.550762248885,10
2025-05-17 16:00:00,141.50501,40.55909,BTG_KAB_2025_9B01831_S1,2025,Axy,300,5002.0631125506825,10
2025-05-17 16:05:00,141.50492,40.558839999999996,BTG_KAB_2025_9B01831_S1,2025,Axy,300,4996.315661836071,10
2025-05-17 16:10:00,141.50515,40.55916,BTG_KAB_2025_9B01831_S1,2025,Axy,300,4995.04918225222,10
2025-05-17 16:15:00,141.5051,40.55931,BTG_KAB_2025_9B01831_S1,2025,Axy,300,5006.439697799371,10
2025-05-17 16:20:00,141.50621,40.55887,BTG_KAB_2025_9B01831_S1,2025,Axy,300,4900.49144125004,10
2025-05-17 16:25:00,141.50727,40.55852,BTG_KAB_2025_9B01831_S1,2025,Axy,300,4802.896276457446,10
2025-05-17 16:30:00,141.50743000000003,40.558679999999995,BTG_KAB_2025_9B01831_S1,2025,Axy,300,4799.091525382797,10
2025-05-17 16:35:00,141.50872,40.55826,BTG_KAB_2025_9B01831_S1,2025,Axy,300,4680.680690677247,10
2025-05-17 16:40:00,141.50983,40.55791,BTG_KAB_2025_9B01831_S1,2025,Axy,300,4579.3996968889105,10
2025-05-17 16:45:00,141.51014999999998,40.558,BTG_KAB_2025_9B01831_S1,2025,Axy,300,4560.173094195591,10
2025-05-17 16:50:00,141.51045,40.55808,BTG_KAB_2025_9B01831_S1,2025,Axy,300,4542.009973139251,10
2025-05-17 16:55:00,141.50976999999997,40.55773,BTG_KAB_2025_9B01831_S1,2025,Axy,300,4574.583268689011,10
2025-05-17 17:00:00,141.51111,40.55775,BTG_KAB_2025_9B01831_S1,2025,Axy,300,4475.411575751246,10
2025-05-17 17:05:00,141.51127,40.55771,BTG_KAB_2025_9B01831_S1,2025,Axy,300,4461.376896443011,10
2025-05-17 17:10:00,141.51091,40.5577,BTG_KAB_2025_9B01831_S1,2025,Axy,300,4487.70236687909,10
2025-05-17 17:15:00,141.51092,40.55773,BTG_KAB_2025_9B01831_S1,2025,Axy,300,4488.530208621212,10
2025-05-17 17:20:00,141.51095999999998,40.55777,BTG_KAB_2025_9B01831_S1,2025,Axy,300,4487.648993480816,10
2025-05-17 17:25:00,141.51192,40.557649999999995,BTG_KAB_2025_9B01831_S1,2025,Axy,300,4409.82028702989,10
2025-05-17 17:30:00,141.51101,40.55771,BTG_KAB_2025_9B01831_S1,2025,Axy,300,4480.763860160362,10
2025-05-17 17:35:00,141.51126,40.557809999999996,BTG_KAB_2025_9B01831_S1,2025,Axy,300,4467.409538428715,10
2025-05-17 17:40:00,141.51119,40.55771,BTG_KAB_2025_9B01831_S1,2025,Axy,300,4467.339512643796,10
2025-05-17 17:45:00,141.51142000000002,40.55763999999999,BTG_KAB_2025_9B01831_S1,2025,Axy,300,4446.504887896685,10
2025-05-17 17:50:00,141.51115,40.55777,BTG_KAB_2025_9B01831_S1,2025,Axy,300,4473.4857757409145,10
2025-05-17 17:55:00,141.51374999999996,40.56065,BTG_KAB_2025_9B01831_S1,2025,Axy,300,4448.615261499509,10
2025-05-17 18:00:00,141.50545,40.56038,BTG_KAB_2025_9B01831_S1,2025,Axy,300,5036.0465395897745,10
2025-05-17 18:05:00,141.50613,40.55894,BTG_KAB_2025_9B01831_S1,2025,Axy,300,4910.080036961037,10
2025-05-17 18:10:00,141.50605,40.55889,BTG_KAB_2025_9B01831_S1,2025,Axy,300,4913.552243155199,10
2025-05-17 18:15:00,141.50631,40.558859999999996,BTG_KAB_2025_9B01831_S1,2025,Axy,300,4892.4578504455285,10
2025-05-17 18:20:00,141.50803000000002,40.56009,BTG_KAB_2025_9B01831_S1,2025,Axy,300,4829.4972931507045,10
2025-05-17 18:25:00,141.50623000000002,40.55874,BTG_KAB_2025_9B01831_S1,2025,Axy,300,4892.3763985560445,10
2025-05-17 18:30:00,141.50635,40.5587,BTG_KAB_2025_9B01831_S1,2025,Axy,300,4881.3064491462665,10
2025-05-17 18:35:00,141.50652,40.55887,BTG_KAB_2025_9B01831_S1,2025,Axy,300,4877.179331960562,10
2025-05-17 18:40:00,141.50841000000003,40.560370000000006,BTG_KAB_2025_9B01831_S1,2025,Axy,300,4817.053565565015,10
2025-05-17 18:45:00,141.50958999999997,40.55803,BTG_KAB_2025_9B01831_S1,2025,Axy,300,4603.599509313264,10
2025-05-17 18:50:00,141.50947,40.55812,BTG_KAB_2025_9B01831_S1,2025,Axy,300,4617.261507021811,10
2025-05-17 18:55:00,141.50952999999998,40.5581,BTG_KAB_2025_9B01831_S1,2025,Axy,300,4611.731826636264,10
2025-05-17 19:00:00,141.50950999999998,40.55812,BTG_KAB_2025_9B01831_S1,2025,Axy,300,4614.269816249144,10
2025-05-17 19:05:00,141.50947,40.558170000000004,BTG_KAB_2025_9B01831_S1,2025,Axy,300,4619.868489472732,10
2025-05-17 19:10:00,141.50956999999997,40.55812,BTG_KAB_2025_9B01831_S1,2025,Axy,300,4609.78330922578,10
2025-05-17 19:15:00,141.50934,40.55805,BTG_KAB_2025_9B01831_S1,2025,Axy,300,4623.354924207865,10
2025-05-17 19:20:00,141.50950999999998,40.55819,BTG_KAB_2025_9B01831_S1,2025,Axy,300,4617.9234163834735,10
2025-05-17 19:25:00,141.50957999999997,40.55795,BTG_KAB_2025_9B01831_S1,2025,Axy,300,4600.19514305976,10
2025-05-17 19:30:00,141.50949,40.5581,BTG_KAB_2025_9B01831_S1,2025,Axy,300,4614.723919771112,10
2025-05-17 19:35:00,141.51169,40.55975,BTG_KAB_2025_9B01831_S1,2025,Axy,300,4542.892481054064,10
2025-05-17 19:40:00,141.5121,40.560140000000004,BTG_KAB_2025_9B01831_S1,2025,Axy,300,4535.86825340135,10
2025-05-17 19:45:00,141.51249,40.56028,BTG_KAB_2025_9B01831_S1,2025,Axy,300,4516.092750234718,10
2025-05-17 19:50:00,141.51276,40.56063,BTG_KAB_2025_9B01831_S1,2025,Axy,300,4517.670160537084,10
2025-05-17 19:55:00,141.51346999999998,40.560550000000006,BTG_KAB_2025_9B01831_S1,2025,Axy,300,4462.367193423186,10
2025-05-17 20:00:00,141.51367999999997,40.560900000000004,BTG_KAB_2025_9B01831_S1,2025,Axy,300,4468.8806403448325,10
2025-05-17 20:05:00,141.51411,40.56122,BTG_KAB_2025_9B01831_S1,2025,Axy,300,4458.51243678117,10
2025-05-17 20:10:00,141.51433,40.5615,BTG_KAB_2025_9B01831_S1,2025,Axy,300,4460.767003280925,10
2025-05-17 20:15:00,141.51452999999998,40.56175,BTG_KAB_2025_9B01831_S1,2025,Axy,300,4462.780636072315,10
2025-05-17 20:20:00,141.51455999999996,40.56144,BTG_KAB_2025_9B01831_S1,2025,Axy,300,4440.966199392074,10
2025-05-17 20:25:00,141.515,40.56198,BTG_KAB_2025_9B01831_S1,2025,Axy,300,4445.152531517239,10
2025-05-17 20:30:00,141.51542,40.562340000000006,BTG_KAB_2025_9B01831_S1,2025,Axy,300,4439.9250523031205,10
2025-05-17 20:35:00,141.51552999999998,40.562250000000006,BTG_KAB_2025_9B01831_S1,2025,Axy,300,4426.496881103756,10
2025-05-17 20:40:00,141.51848,40.54838,BTG_KAB_2025_9B01831_S1,2025,Axy,300,3487.4202325589863,10
2025-05-17 20:45:00,141.52522000000002,40.54729,BTG_KAB_2025_9B01831_S1,2025,Axy,300,2907.836021256061,10
2025-05-18 09:35:00,141.53078,40.56092,BTG_KAB_2025_9B01831_S1,2025,Axy,300,3361.8328879280675,11
2025-05-18 09:40:00,141.51825,40.55825,BTG_KAB_2025_9B01831_S1,2025,Axy,300,3983.759011445125,11
2025-05-18 09:45:00,141.50797,40.5617,BTG_KAB_2025_9B01831_S1,2025,Axy,300,4924.563826174678,11
2025-05-18 09:50:00,141.50283000000002,40.559889999999996,BTG_KAB_2025_9B01831_S1,2025,Axy,300,5206.900534625459,11
2025-05-18 09:55:00,141.50254,40.560120000000005,BTG_KAB_2025_9B01831_S1,2025,Axy,300,5240.387633609468,11
2025-05-18 10:00:00,141.50272,40.56009,BTG_KAB_2025_9B01831_S1,2025,Axy,300,5225.300924399524,11
2025-05-18 10:05:00,141.49521000000001,40.566430000000004,BTG_KAB_2025_9B01831_S1,2025,Axy,300,6121.709700059674,11
2025-05-18 10:10:00,141.49803000000003,40.57273000000001,BTG_KAB_2025_9B01831_S1,2025,Axy,300,6310.135651935481,11
2025-05-18 10:15:00,141.49127000000001,40.57928,BTG_KAB_2025_9B01831_S1,2025,Axy,300,7208.450646316763,11
2025-05-18 10:20:00,141.49449,40.58016,BTG_KAB_2025_9B01831_S1,2025,Axy,300,7061.433764652908,11
2025-05-18 10:25:00,141.493,40.57944,BTG_KAB_2025_9B01831_S1,2025,Axy,300,7106.171880436649,11
2025-05-18 10:30:00,141.49238000000003,40.57925,BTG_KAB_2025_9B01831_S1,2025,Axy,300,7133.3189322677545,11
2025-05-18 10:35:00,141.49342000000001,40.56524,BTG_KAB_2025_9B01831_S1,2025,Axy,300,6188.881054105902,11
2025-05-18 10:40:00,141.51249,40.54616,BTG_KAB_2025_9B01831_S1,2025,Axy,300,3912.6994965735707,11
2025-05-18 10:45:00,141.51289,40.54465,BTG_KAB_2025_9B01831_S1,2025,Axy,300,3846.8816514443524,11
2025-05-18 10:50:00,141.51281,40.54456,BTG_KAB_2025_9B01831_S1,2025,Axy,300,3851.829635216909,11
2025-05-18 10:55:00,141.52801000000002,40.54097,BTG_KAB_2025_9B01831_S1,2025,Axy,300,2520.762002439409,11
2025-05-18 16:45:00,141.53671,40.55487999999999,BTG_KAB_2025_9B01831_S1,2025,Axy,300,2529.4288651159304,12
2025-05-18 16:50:00,141.53504999999998,40.556059999999995,BTG_KAB_2025_9B01831_S1,2025,Axy,300,2721.4359007615017,12
2025-05-18 16:55:00,141.53555999999998,40.55609,BTG_KAB_2025_9B01831_S1,2025,Axy,300,2693.684642299598,12
2025-05-18 17:00:00,141.53587,40.55599,BTG_KAB_2025_9B01831_S1,2025,Axy,300,2667.502768414551,12
2025-05-18 17:05:00,141.5356,40.556110000000004,BTG_KAB_2025_9B01831_S1,2025,Axy,300,2692.939380984385,12
2025-05-18 17:10:00,141.53454999999997,40.55991,BTG_KAB_2025_9B01831_S1,2025,Axy,300,3067.51005786095,12
2025-05-18 17:15:00,141.52554999999998,40.56723,BTG_KAB_2025_9B01831_S1,2025,Axy,300,4180.187267107789,12
2025-05-18 17:20:00,141.51791,40.55601,BTG_KAB_2025_9B01831_S1,2025,Axy,300,3878.1748072541823,12
2025-05-18 17:25:00,141.51394999999997,40.55715,BTG_KAB_2025_9B01831_S1,2025,Axy,300,4232.447347515217,12
2025-05-18 17:30:00,141.51393,40.55713,BTG_KAB_2025_9B01831_S1,2025,Axy,300,4232.848320160144,12
2025-05-18 17:35:00,141.50176,40.56025,BTG_KAB_2025_9B01831_S1,2025,Axy,300,5305.79799497695,12
2025-05-18 17:40:00,141.49244000000004,40.568090000000005,BTG_KAB_2025_9B01831_S1,2025,Axy,300,6417.364226890353,12
2025-05-18 17:45:00,141.49226000000002,40.56721,BTG_KAB_2025_9B01831_S1,2025,Axy,300,6381.313755000357,12
2025-05-18 17:50:00,141.50754999999998,40.55859,BTG_KAB_2025_9B01831_S1,2025,Axy,300,4785.451990000115,12
2025-05-18 17:55:00,141.50722000000002,40.55858,BTG_KAB_2025_9B01831_S1,2025,Axy,300,4809.723562278066,12
2025-05-18 18:00:00,141.5077,40.55857,BTG_KAB_2025_9B01831_S1,2025,Axy,300,4773.1670058990985,12
2025-05-18 18:05:00,141.50751,40.55864,BTG_KAB_2025_9B01831_S1,2025,Axy,300,4791.028395315159,12
2025-05-18 18:10:00,141.50745,40.55863,BTG_KAB_2025_9B01831_S1,2025,Axy,300,4795.015475654444,12
2025-05-18 18:15:00,141.50723000000002,40.558710000000005,BTG_KAB_2025_9B01831_S1,2025,Axy,300,4815.643462781965,12
2025-05-18 18:20:00,141.50740000000002,40.55864,BTG_KAB_2025_9B01831_S1,2025,Axy,300,4799.2826569722165,12
2025-05-18 18:25:00,141.50754999999998,40.55862,BTG_KAB_2025_9B01831_S1,2025,Axy,300,4786.996877499291,12
2025-05-18 18:30:00,141.50725,40.5585,BTG_KAB_2025_9B01831_S1,2025,Axy,300,4803.378972192051,12
2025-05-18 18:35:00,141.50721000000001,40.5585,BTG_KAB_2025_9B01831_S1,2025,Axy,300,4806.387891069962,12
2025-05-18 18:40:00,141.50719,40.5585,BTG_KAB_2025_9B01831_S1,2025,Axy,300,4807.892539787712,12
2025-05-18 18:45:00,141.50734000000003,40.55863,BTG_KAB_2025_9B01831_S1,2025,Axy,300,4803.27274604738,12
2025-05-18 18:50:00,141.50730000000001,40.55862,BTG_KAB_2025_9B01831_S1,2025,Axy,300,4805.762999427775,12
2025-05-18 18:55:00,141.50795,40.55902,BTG_KAB_2025_9B01831_S1,2025,Axy,300,4777.91535688262,12
2025-05-18 19:00:00,141.50742000000002,40.55863,BTG_KAB_2025_9B01831_S1,2025,Axy,300,4797.267073198589,12
2025-05-18 19:05:00,141.50768,40.5592,BTG_KAB_2025_9B01831_S1,2025,Axy,300,4807.531124559692,12
2025-05-18 19:10:00,141.50777,40.565380000000005,BTG_KAB_2025_9B01831_S1,2025,Axy,300,5162.94430348024,12
2025-05-18 19:15:00,141.50823000000003,40.565490000000004,BTG_KAB_2025_9B01831_S1,2025,Axy,300,5138.223550440976,12
2025-05-18 19:20:00,141.50837,40.565090000000005,BTG_KAB_2025_9B01831_S1,2025,Axy,300,5102.859023598468,12
2025-05-18 19:25:00,141.50324,40.563810000000004,BTG_KAB_2025_9B01831_S1,2025,Axy,300,5388.564718714394,12
2025-05-18 19:30:00,141.503,40.564310000000006,BTG_KAB_2025_9B01831_S1,2025,Axy,300,5434.884888515555,12
2025-05-18 19:35:00,141.50360999999998,40.56307,BTG_KAB_2025_9B01831_S1,2025,Axy,300,5319.398384639126,12
2025-05-18 19:40:00,141.50329,40.56364,BTG_KAB_2025_9B01831_S1,2025,Axy,300,5375.16375726585,12
2025-05-18 19:45:00,141.50372,40.56363,BTG_KAB_2025_9B01831_S1,2025,Axy,300,5343.446385550114,12
2025-05-18 19:50:00,141.50379999999998,40.56365,BTG_KAB_2025_9B01831_S1,2025,Axy,300,5338.815586072596,12
2025-05-18 19:55:00,141.5041,40.5634,BTG_KAB_2025_9B01831_S1,2025,Axy,300,5302.680908692607,12
2025-05-18 20:00:00,141.50444000000002,40.563210000000005,BTG_KAB_2025_9B01831_S1,2025,Axy,300,5267.119465670039,12
2025-05-18 20:05:00,141.50053,40.563570000000006,BTG_KAB_2025_9B01831_S1,2025,Axy,300,5572.695047361236,12
2025-05-18 20:10:00,141.49779,40.565450000000006,BTG_KAB_2025_9B01831_S1,2025,Axy,300,5878.184758816361,12
2025-05-18 20:15:00,141.49534000000003,40.569900000000004,BTG_KAB_2025_9B01831_S1,2025,Axy,300,6315.631887918029,12
2025-05-18 20:20:00,141.49482,40.57265,BTG_KAB_2025_9B01831_S1,2025,Axy,300,6524.428138970576,12
2025-05-18 20:25:00,141.49543000000003,40.57271000000001,BTG_KAB_2025_9B01831_S1,2025,Axy,300,6486.2743482988335,12
2025-05-18 20:30:00,141.49562,40.57304,BTG_KAB_2025_9B01831_S1,2025,Axy,300,6494.712619010818,12
2025-05-18 20:35:00,141.49617,40.57265,BTG_KAB_2025_9B01831_S1,2025,Axy,300,6431.577674178192,12
2025-05-18 20:40:00,141.49604000000002,40.57227,BTG_KAB_2025_9B01831_S1,2025,Axy,300,6415.822905507076,12
2025-05-18 20:45:00,141.49618,40.57302,BTG_KAB_2025_9B01831_S1,2025,Axy,300,6455.119466847363,12
2025-05-18 20:50:00,141.49626,40.57305,BTG_KAB_2025_9B01831_S1,2025,Axy,300,6451.633385374934,12
2025-05-18 20:55:00,141.49621000000002,40.57284,BTG_KAB_2025_9B01831_S1,2025,Axy,300,6441.260622886041,12
2025-05-18 21:00:00,141.49632000000003,40.57256,BTG_KAB_2025_9B01831_S1,2025,Axy,300,6415.427843173355,12
2025-05-18 21:05:00,141.49677,40.57196,BTG_KAB_2025_9B01831_S1,2025,Axy,300,6345.530210682623,12
2025-05-18 21:10:00,141.49689,40.57179,BTG_KAB_2025_9B01831_S1,2025,Axy,300,6326.271040176344,12
2025-05-18 21:15:00,141.49727000000001,40.5715,BTG_KAB_2025_9B01831_S1,2025,Axy,300,6281.365008565599,12
2025-05-18 21:20:00,141.49713000000003,40.5711,BTG_KAB_2025_9B01831_S1,2025,Axy,300,6265.342139857257,12
2025-05-18 21:25:00,141.49775,40.5708,BTG_KAB_2025_9B01831_S1,2025,Axy,300,6203.236228658529,12
2025-05-18 21:30:00,141.49795,40.57058,BTG_KAB_2025_9B01831_S1,2025,Axy,300,6175.328473383102,12
2025-05-18 21:35:00,141.49797,40.570150000000005,BTG_KAB_2025_9B01831_S1,2025,Axy,300,6146.61989803402,12
2025-05-18 21:40:00,141.49831000000003,40.569790000000005,BTG_KAB_2025_9B01831_S1,2025,Axy,300,6100.207591176203,12
2025-05-18 21:45:00,141.49833000000004,40.56926,BTG_KAB_2025_9B01831_S1,2025,Axy,300,6065.606421742814,12
2025-05-18 21:50:00,141.49849000000003,40.568920000000006,BTG_KAB_2025_9B01831_S1,2025,Axy,300,6033.25845219818,12
2025-05-18 21:55:00,141.49875,40.56835000000001,BTG_KAB_2025_9B01831_S1,2025,Axy,300,5979.820395532669,12
2025-05-18 22:00:00,141.50566999999998,40.56439,BTG_KAB_2025_9B01831_S1,2025,Axy,300,5248.611089621522,12
2025-05-18 22:05:00,141.50566999999998,40.564150000000005,BTG_KAB_2025_9B01831_S1,2025,Axy,300,5234.12701434871,12
2025-05-18 22:10:00,141.50565999999998,40.56394,BTG_KAB_2025_9B01831_S1,2025,Axy,300,5222.245681470734,12
2025-05-18 22:15:00,141.50564,40.56331000000001,BTG_KAB_2025_9B01831_S1,2025,Axy,300,5186.349433908846,12
2025-05-18 22:20:00,141.51701,40.5477,BTG_KAB_2025_9B01831_S1,2025,Axy,300,3583.9853299651213,12
2025-05-18 22:25:00,141.52184000000003,40.54729,BTG_KAB_2025_9B01831_S1,2025,Axy,300,3179.3839200709203,12
2025-05-09 14:45:00,141.54467999999997,40.54131,BTG_KAB_2025_9B03427_S1,2025,Axy,300,1135.2354880723146,1
2025-05-09 14:50:00,141.51399999999998,40.54606,BTG_KAB_2025_9B03427_S1,2025,Axy,300,3785.4132606909207,1
2025-05-09 14:55:00,141.50619,40.54258,BTG_KAB_2025_9B03427_S1,2025,Axy,300,4377.841471757066,1
2025-05-09 15:00:00,141.5102,40.54319,BTG_KAB_2025_9B03427_S1,2025,Axy,300,4047.943590424293,1
2025-05-09 15:05:00,141.50992,40.54318,BTG_KAB_2025_9B03427_S1,2025,Axy,300,4071.338577319536,1
2025-05-09 15:10:00,141.51015999999998,40.54326,BTG_KAB_2025_9B03427_S1,2025,Axy,300,4052.287252686828,1
2025-05-09 15:15:00,141.50997999999998,40.5432,BTG_KAB_2025_9B03427_S1,2025,Axy,300,4066.5727596192432,1
2025-05-09 15:20:00,141.51006999999998,40.54317,BTG_KAB_2025_9B03427_S1,2025,Axy,300,4058.5922020796056,1
2025-05-09 15:25:00,141.50988999999998,40.5427,BTG_KAB_2025_9B03427_S1,2025,Axy,300,4067.57313895931,1
2025-05-09 15:30:00,141.50557999999998,40.54248,BTG_KAB_2025_9B03427_S1,2025,Axy,300,4428.169244927524,1
2025-05-09 15:35:00,141.51011,40.54317,BTG_KAB_2025_9B03427_S1,2025,Axy,300,4055.230094863662,1
2025-05-09 15:40:00,141.51018,40.54302,BTG_KAB_2025_9B03427_S1,2025,Axy,300,4047.3000586617272,1
2025-05-09 15:45:00,141.50979999999998,40.54321,BTG_KAB_2025_9B03427_S1,2025,Axy,300,4081.840312561098,1
2025-05-09 15:50:00,141.50999,40.54325,BTG_KAB_2025_9B03427_S1,2025,Axy,300,4066.431163050808,1
2025-05-09 15:55:00,141.51006999999998,40.5432,BTG_KAB_2025_9B03427_S1,2025,Axy,300,4059.008635307856,1
2025-05-09 16:00:00,141.51014999999998,40.543079999999996,BTG_KAB_2025_9B03427_S1,2025,Axy,300,4050.6328312458754,1
2025-05-09 16:05:00,141.51,40.54314,BTG_KAB_2025_9B03427_S1,2025,Axy,300,4064.06285615427,1
2025-05-09 16:10:00,141.51005999999998,40.54326,BTG_KAB_2025_9B03427_S1,2025,Axy,300,4060.6898466739226,1
2025-05-09 16:15:00,141.51038,40.54322,BTG_KAB_2025_9B03427_S1,2025,Axy,300,4033.237096722991,1
2025-05-09 16:20:00,141.51042,40.54306,BTG_KAB_2025_9B03427_S1,2025,Axy,300,4027.660355328952,1
2025-05-09 16:25:00,141.51046,40.543110000000006,BTG_KAB_2025_9B03427_S1,2025,Axy,300,4024.9820193640576,1
2025-05-09 16:30:00,141.5365,40.528490000000005,BTG_KAB_2025_9B03427_S1,2025,Axy,300,2111.577984853695,1
2025-05-09 16:35:00,141.53879,40.52738,BTG_KAB_2025_9B03427_S1,2025,Axy,300,2023.5512137633118,1
2025-05-09 16:40:00,141.53911,40.52746,BTG_KAB_2025_9B03427_S1,2025,Axy,300,1996.7447365351536,1
2025-05-09 16:45:00,141.54401,40.529300000000006,BTG_KAB_2025_9B03427_S1,2025,Axy,300,1547.3476855108102,1
2025-05-09 16:50:00,141.54401,40.52913000000001,BTG_KAB_2025_9B03427_S1,2025,Axy,300,1560.0195741861223,1
2025-05-09 16:55:00,141.54377999999997,40.52892000000001,BTG_KAB_2025_9B03427_S1,2025,Axy,300,1590.1418508963898,1
2025-05-09 17:00:00,141.54395999999997,40.529050000000005,BTG_KAB_2025_9B03427_S1,2025,Axy,300,1569.1441065908405,1
2025-05-09 17:05:00,141.54404999999997,40.52899000000001,BTG_KAB_2025_9B03427_S1,2025,Axy,300,1568.065398620944,1
2025-05-09 17:10:00,141.54393,40.528850000000006,BTG_KAB_2025_9B03427_S1,2025,Axy,300,1586.1046209477176,1
2025-05-09 17:15:00,141.54397999999998,40.52904,BTG_KAB_2025_9B03427_S1,2025,Axy,300,1568.6481033603147,1
2025-05-09 17:20:00,141.54405999999997,40.529180000000004,BTG_KAB_2025_9B03427_S1,2025,Axy,300,1553.147193078367,1
2025-05-09 17:25:00,141.54175999999998,40.528020000000005,BTG_KAB_2025_9B03427_S1,2025,Axy,300,1784.2994283989758,1
2025-05-10 12:15:00,141.53878,40.52758,BTG_KAB_2025_9B03427_S1,2025,Axy,300,2010.6155787549937,2
2025-05-10 12:20:00,141.54425999999998,40.52929,BTG_KAB_2025_9B03427_S1,2025,Axy,300,1532.397518219694,2
2025-05-10 12:25:00,141.53788,40.52915000000001,BTG_KAB_2025_9B03427_S1,2025,Axy,300,1973.578612184945,2
2025-05-10 12:30:00,141.53893000000002,40.52766,BTG_KAB_2025_9B03427_S1,2025,Axy,300,1995.1244919627534,2
2025-05-10 12:35:00,141.53994,40.53079,BTG_KAB_2025_9B03427_S1,2025,Axy,300,1729.9762230429376,2
2025-05-10 12:40:00,141.51356999999996,40.54511000000001,BTG_KAB_2025_9B03427_S1,2025,Axy,300,3799.5370663482,2
2025-05-10 12:45:00,141.5103,40.54304,BTG_KAB_2025_9B03427_S1,2025,Axy,300,4037.478736530635,2
2025-05-10 12:50:00,141.51017,40.543,BTG_KAB_2025_9B03427_S1,2025,Axy,300,4047.8732855120898,2
2025-05-10 12:55:00,141.51014,40.54314,BTG_KAB_2025_9B03427_S1,2025,Axy,300,4052.294198860226,2
2025-05-10 13:00:00,141.51308999999998,40.54481,BTG_KAB_2025_9B03427_S1,2025,Axy,300,3833.348263686325,2
2025-05-10 13:05:00,141.52023000000003,40.538520000000005,BTG_KAB_2025_9B03427_S1,2025,Axy,300,3166.233778548153,2
2025-05-10 13:10:00,141.53892000000002,40.52758,BTG_KAB_2025_9B03427_S1,2025,Axy,300,2001.2200256789424,2
2025-05-10 13:15:00,141.53899,40.52749,BTG_KAB_2025_9B03427_S1,2025,Axy,300,2002.6774734635135,2
2025-05-10 13:20:00,141.53894000000003,40.527570000000004,BTG_KAB_2025_9B03427_S1,2025,Axy,300,2000.5600879713872,2
2025-05-10 13:25:00,141.53907999999998,40.52731000000001,BTG_KAB_2025_9B03427_S1,2025,Axy,300,2009.0985844720528,2
2025-05-10 13:30:00,141.54424999999998,40.52915000000001,BTG_KAB_2025_9B03427_S1,2025,Axy,300,1543.5571267724433,2
2025-05-10 13:35:00,141.54408999999998,40.529340000000005,BTG_KAB_2025_9B03427_S1,2025,Axy,300,1539.3366373725246,2
2025-05-10 13:40:00,141.54385999999997,40.529270000000004,BTG_KAB_2025_9B03427_S1,2025,Axy,300,1559.043314432563,2
2025-05-10 13:45:00,141.54305999999997,40.530390000000004,BTG_KAB_2025_9B03427_S1,2025,Axy,300,1533.1726478346538,2
2025-05-10 15:25:00,141.55114000000003,40.53087,BTG_KAB_2025_9B03427_S1,2025,Axy,300,1018.7431706969786,3
2025-05-10 15:30:00,141.54377999999997,40.529360000000004,BTG_KAB_2025_9B03427_S1,2025,Axy,300,1557.5050776345292,3
2025-05-10 15:35:00,141.54405999999997,40.52919000000001,BTG_KAB_2025_9B03427_S1,2025,Axy,300,1552.3989688523895,3
2025-05-10 15:40:00,141.53936,40.52765,BTG_KAB_2025_9B03427_S1,2025,Axy,300,1967.046405918722,3
2025-05-10 15:45:00,141.53914999999998,40.52731000000001,BTG_KAB_2025_9B03427_S1,2025,Axy,300,2004.469172408886,3
2025-05-10 15:50:00,141.53894000000003,40.52742,BTG_KAB_2025_9B03427_S1,2025,Axy,300,2010.8082348802789,3
2025-05-10 15:55:00,141.53901,40.52754,BTG_KAB_2025_9B03427_S1,2025,Axy,300,1997.9231712697954,3
2025-05-10 16:00:00,141.54422,40.529210000000006,BTG_KAB_2025_9B03427_S1,2025,Axy,300,1540.9013635867182,3
2025-05-10 16:05:00,141.54423,40.52901000000001,BTG_KAB_2025_9B03427_S1,2025,Axy,300,1555.4096212349723,3
2025-05-10 16:10:00,141.54394999999997,40.52913000000001,BTG_KAB_2025_9B03427_S1,2025,Axy,300,1563.7762085734057,3
2025-05-10 16:15:00,141.53932,40.52751000000001,BTG_KAB_2025_9B03427_S1,2025,Axy,300,1979.352040834392,3
2025-05-10 16:20:00,141.53914,40.52743,BTG_KAB_2025_9B03427_S1,2025,Axy,300,1996.8198720122587,3
2025-05-10 16:25:00,141.53912,40.527370000000005,BTG_KAB_2025_9B03427_S1,2025,Axy,300,2002.2932237021041,3
2025-05-10 16:30:00,141.53912,40.52744,BTG_KAB_2025_9B03427_S1,2025,Axy,300,1997.4580323878995,3
2025-05-10 16:35:00,141.53909,40.52732,BTG_KAB_2025_9B03427_S1,2025,Axy,300,2007.743378082387,3
2025-05-10 16:40:00,141.53897,40.5275,BTG_KAB_2025_9B03427_S1,2025,Axy,300,2003.328208298466,3
2025-05-10 16:45:00,141.53912,40.52743,BTG_KAB_2025_9B03427_S1,2025,Axy,300,1998.1476390015443,3
2025-05-10 16:50:00,141.53903,40.5274,BTG_KAB_2025_9B03427_S1,2025,Axy,300,2006.1943544045878,3
2025-05-10 16:55:00,141.53154,40.53830000000001,BTG_KAB_2025_9B03427_S1,2025,Axy,300,2208.310508692693,3
2025-05-10 17:00:00,141.51532,40.54616,BTG_KAB_2025_9B03427_S1,2025,Axy,300,3678.890827246575,3
2025-05-10 17:05:00,141.51032,40.54314,BTG_KAB_2025_9B03427_S1,2025,Axy,300,4037.1638560246593,3
2025-05-10 17:10:00,141.51018,40.54281,BTG_KAB_2025_9B03427_S1,2025,Axy,300,4044.548528230734,3
2025-05-10 17:15:00,141.51023,40.54301,BTG_KAB_2025_9B03427_S1,2025,Axy,300,4042.9612777559155,3
2025-05-10 17:20:00,141.51027,40.54317,BTG_KAB_2025_9B03427_S1,2025,Axy,300,4041.7821093477087,3
2025-05-10 17:25:00,141.51012,40.54327,BTG_KAB_2025_9B03427_S1,2025,Axy,300,4055.7896053070644,3
2025-05-10 17:30:00,141.51014,40.543279999999996,BTG_KAB_2025_9B03427_S1,2025,Axy,300,4054.250864380859,3
2025-05-10 17:35:00,141.51017,40.54317,BTG_KAB_2025_9B03427_S1,2025,Axy,300,4050.1870169964527,3
2025-05-10 17:40:00,141.50867,40.54307,BTG_KAB_2025_9B03427_S1,2025,Axy,300,4174.963079795238,3
2025-05-10 17:45:00,141.51035,40.54345,BTG_KAB_2025_9B03427_S1,2025,Axy,300,4039.073023535532,3
2025-05-10 17:50:00,141.51024999999998,40.54302,BTG_KAB_2025_9B03427_S1,2025,Axy,300,4041.413621198108,3
2025-05-10 17:55:00,141.51024999999998,40.54312,BTG_KAB_2025_9B03427_S1,2025,Axy,300,4042.772409563381,3
2025-05-10 18:00:00,141.51024,40.54314,BTG_KAB_2025_9B03427_S1,2025,Axy,300,4043.888342853931,3
2025-05-10 18:05:00,141.51059999999998,40.54383,BTG_KAB_2025_9B03427_S1,2025,Axy,300,4023.9384933580436,3
2025-05-10 18:10:00,141.51467999999997,40.54487999999999,BTG_KAB_2025_9B03427_S1,2025,Axy,300,3702.376121886591,3
2025-05-10 18:15:00,141.52369,40.54551000000001,BTG_KAB_2025_9B03427_S1,2025,Axy,300,2973.4692184850314,3
2025-05-10 18:20:00,141.52366999999998,40.54567,BTG_KAB_2025_9B03427_S1,2025,Axy,300,2979.7307220993457,3
2025-05-10 18:25:00,141.52367999999998,40.54564,BTG_KAB_2025_9B03427_S1,2025,Axy,300,2978.0386120181406,3
2025-05-10 18:30:00,141.52371,40.54563,BTG_KAB_2025_9B03427_S1,2025,Axy,300,2975.295127703746,3
2025-05-10 18:35:00,141.5237,40.54562,BTG_KAB_2025_9B03427_S1,2025,Axy,300,2975.8220371789193,3
2025-05-10 18:40:00,141.52364,40.54571000000001,BTG_KAB_2025_9B03427_S1,2025,Axy,300,2983.3531744513766,3
2025-05-10 18:45:00,141.52371,40.54564,BTG_KAB_2025_9B03427_S1,2025,Axy,300,2975.5862137749386,3
2025-05-10 18:50:00,141.52372,40.54558,BTG_KAB_2025_9B03427_S1,2025,Axy,300,2973.027577511047,3
2025-05-10 18:55:00,141.52374999999998,40.545700000000004,BTG_KAB_2025_9B03427_S1,2025,Axy,300,2974.073130298475,3
2025-05-10 19:00:00,141.52372,40.54545,BTG_KAB_2025_9B03427_S1,2025,Axy,300,2969.3027553381467,3
2025-05-10 19:05:00,141.52323,40.5479,BTG_KAB_2025_9B03427_S1,2025,Axy,300,3089.337829659002,3
2025-05-10 19:10:00,141.5296,40.561150000000005,BTG_KAB_2025_9B03427_S1,2025,Axy,300,3448.6673839312457,3
2025-05-10 19:15:00,141.5293,40.56441,BTG_KAB_2025_9B03427_S1,2025,Axy,300,3736.009222057067,3
2025-05-10 19:20:00,141.52871000000002,40.56589,BTG_KAB_2025_9B03427_S1,2025,Axy,300,3894.6878002855156,3
2025-05-10 19:25:00,141.52783000000002,40.56722,BTG_KAB_2025_9B03427_S1,2025,Axy,300,4056.5496836127995,3
2025-05-10 19:30:00,141.52712000000002,40.56844,BTG_KAB_2025_9B03427_S1,2025,Axy,300,4200.200585834905,3
2025-05-10 19:35:00,141.52659,40.57002,BTG_KAB_2025_9B03427_S1,2025,Axy,300,4366.765874929015,3
2025-05-10 19:40:00,141.52609,40.57077,BTG_KAB_2025_9B03427_S1,2025,Axy,300,4458.792618014726,3
2025-05-10 19:45:00,141.52947,40.57293000000001,BTG_KAB_2025_9B03427_S1,2025,Axy,300,4495.027204741185,3
2025-05-10 19:50:00,141.52949,40.57377,BTG_KAB_2025_9B03427_S1,2025,Axy,300,4573.498687849385,3
2025-05-10 19:55:00,141.52909,40.57472,BTG_KAB_2025_9B03427_S1,2025,Axy,300,4681.268837820082,3
2025-05-10 20:00:00,141.52863000000002,40.575570000000006,BTG_KAB_2025_9B03427_S1,2025,Axy,300,4782.243557539051,3
2025-05-10 20:05:00,141.52787,40.576350000000005,BTG_KAB_2025_9B03427_S1,2025,Axy,300,4889.620691628038,3
2025-05-10 20:10:00,141.52737000000002,40.577439999999996,BTG_KAB_2025_9B03427_S1,2025,Axy,300,5015.240284125261,3
2025-05-10 20:15:00,141.52135,40.57478,BTG_KAB_2025_9B03427_S1,2025,Axy,300,5056.060615257053,3
2025-05-10 20:20:00,141.52106,40.575750000000006,BTG_KAB_2025_9B03427_S1,2025,Axy,300,5156.744501419026,3
2025-05-10 20:25:00,141.52068,40.57661,BTG_KAB_2025_9B03427_S1,2025,Axy,300,5252.529940378312,3
2025-05-10 20:30:00,141.52058,40.57763,BTG_KAB_2025_9B03427_S1,2025,Axy,300,5348.906255755075,3
2025-05-10 20:35:00,141.52037,40.57865,BTG_KAB_2025_9B03427_S1,2025,Axy,300,5451.329741478417,3
2025-05-10 20:40:00,141.52009,40.57931000000001,BTG_KAB_2025_9B03427_S1,2025,Axy,300,5524.870033611244,3
2025-05-10 20:45:00,141.52508,40.578950000000006,BTG_KAB_2025_9B03427_S1,2025,Axy,300,5259.051421903857,3
2025-05-10 20:50:00,141.52631000000002,40.56678,BTG_KAB_2025_9B03427_S1,2025,Axy,300,4100.4208736007495,3
2025-05-10 20:55:00,141.53337,40.55506,BTG_KAB_2025_9B03427_S1,2025,Axy,300,2748.11895174701,3
2025-05-11 04:45:00,141.60225,40.57176,BTG_KAB_2025_9B03427_S1,2025,Axy,300,5277.674080269381,4
2025-05-11 04:50:00,141.60652,40.573930000000004,BTG_KAB_2025_9B03427_S1,2025,Axy,300,5705.409958064816,4
2025-05-11 04:55:00,141.64102,40.594370000000005,BTG_KAB_2025_9B03427_S1,2025,Axy,300,9393.935674269882,4
2025-05-11 05:00:00,141.69227,40.6319,BTG_KAB_2025_9B03427_S1,2025,Axy,300,15404.834100426835,4
2025-05-11 05:05:00,141.74425999999997,40.66803000000001,BTG_KAB_2025_9B03427_S1,2025,Axy,300,21357.375598636685,4
2025-05-11 05:10:00,141.79455999999996,40.7144,BTG_KAB_2025_9B03427_S1,2025,Axy,300,27982.56858577474,4
2025-05-11 05:15:00,141.83884000000003,40.75738,BTG_KAB_2025_9B03427_S1,2025,Axy,300,34000.641865201535,4
2025-05-11 05:20:00,141.87564,40.79798,BTG_KAB_2025_9B03427_S1,2025,Axy,300,39405.14762784901,4
2025-05-11 05:25:00,141.90240000000003,40.83903,BTG_KAB_2025_9B03427_S1,2025,Axy,300,44299.449983590304,4
2025-05-11 05:30:00,141.93394999999998,40.82672,BTG_KAB_2025_9B03427_S1,2025,Axy,300,45120.42085251415,4
2025-05-11 05:35:00,141.96948,40.81301,BTG_KAB_2025_9B03427_S1,2025,Axy,300,46272.43834090889,4
2025-05-11 05:40:00,142.00374999999997,40.80578,BTG_KAB_2025_9B03427_S1,2025,Axy,300,47991.54295652192,4
2025-05-11 05:45:00,142.04238,40.79419000000001,BTG_KAB_2025_9B03427_S1,2025,Axy,300,49858.24089063035,4
2025-05-11 05:50:00,142.08144000000004,40.7806,BTG_KAB_2025_9B03427_S1,2025,Axy,300,51812.53221864641,4
2025-05-11 05:55:00,142.08601000000002,40.783930000000005,BTG_KAB_2025_9B03427_S1,2025,Axy,300,52333.92759441049,4
2025-05-11 06:00:00,142.06827,40.796220000000005,BTG_KAB_2025_9B03427_S1,2025,Axy,300,51796.75706891701,4
2025-05-11 06:05:00,142.04516999999998,40.79766,BTG_KAB_2025_9B03427_S1,2025,Axy,300,50271.01192713696,4
2025-05-11 06:10:00,142.02434000000002,40.80859,BTG_KAB_2025_9B03427_S1,2025,Axy,300,49559.11757810903,4
2025-05-11 06:15:00,142.00499,40.82018,BTG_KAB_2025_9B03427_S1,2025,Axy,300,49073.884675700814,4
2025-05-11 06:20:00,141.98272000000003,40.819179999999996,BTG_KAB_2025_9B03427_S1,2025,Axy,300,47565.306821501625,4
2025-05-11 06:25:00,141.96173000000002,40.82161,BTG_KAB_2025_9B03427_S1,2025,Axy,300,46420.89563395594,4
2025-05-11 06:30:00,141.93958999999998,40.81757999999999,BTG_KAB_2025_9B03427_S1,2025,Axy,300,44750.8926580644,4
2025-05-11 06:35:00,141.91004999999998,40.805170000000004,BTG_KAB_2025_9B03427_S1,2025,Axy,300,42003.01597834337,4
2025-05-11 06:40:00,141.90053,40.80092,BTG_KAB_2025_9B03427_S1,2025,Axy,300,41100.6492508532,4
2025-05-11 06:45:00,141.87775,40.78918,BTG_KAB_2025_9B03427_S1,2025,Axy,300,38822.03209456038,4
2025-05-11 06:50:00,141.85973,40.7779,BTG_KAB_2025_9B03427_S1,2025,Axy,300,36863.76330064816,4
2025-05-11 06:55:00,141.83877,40.76937000000001,BTG_KAB_2025_9B03427_S1,2025,Axy,300,34958.94644183801,4
2025-05-11 07:00:00,141.80971,40.756479999999996,BTG_KAB_2025_9B03427_S1,2025,Axy,300,32249.927432178138,4
2025-05-11 07:05:00,141.78367999999998,40.74289,BTG_KAB_2025_9B03427_S1,2025,Axy,300,29670.467612947672,4
2025-05-11 07:10:00,141.75329,40.727270000000004,BTG_KAB_2025_9B03427_S1,2025,Axy,300,26701.98937057056,4
2025-05-11 07:15:00,141.73294,40.707550000000005,BTG_KAB_2025_9B03427_S1,2025,Axy,300,23917.767350586117,4
2025-05-11 07:20:00,141.72306999999998,40.68495,BTG_KAB_2025_9B03427_S1,2025,Axy,300,21451.707832071275,4
2025-05-11 07:25:00,141.71173,40.66396,BTG_KAB_2025_9B03427_S1,2025,Axy,300,19077.431494225522,4
2025-05-11 07:30:00,141.6969,40.643570000000004,BTG_KAB_2025_9B03427_S1,2025,Axy,300,16580.311171529,4
2025-05-11 07:35:00,141.68011,40.62187,BTG_KAB_2025_9B03427_S1,2025,Axy,300,13895.101314484005,4
2025-05-11 07:40:00,141.66488999999999,40.60069,BTG_KAB_2025_9B03427_S1,2025,Axy,300,11404.705971855867,4
2025-05-11 07:45:00,141.65318,40.58061,BTG_KAB_2025_9B03427_S1,2025,Axy,300,9342.352274712592,4
2025-05-11 07:50:00,141.63063,40.54907,BTG_KAB_2025_9B03427_S1,2025,Axy,300,6294.472806015798,4
2025-05-11 07:55:00,141.62147000000002,40.54131,BTG_KAB_2025_9B03427_S1,2025,Axy,300,5418.964713914116,4
2025-05-11 08:00:00,141.60421,40.52577000000001,BTG_KAB_2025_9B03427_S1,2025,Axy,300,4198.255869849899,4
2025-05-11 08:05:00,141.58579,40.529770000000006,BTG_KAB_2025_9B03427_S1,2025,Axy,300,2581.8470158938608,4
2025-05-11 15:00:00,141.54698,40.530910000000006,BTG_KAB_2025_9B03427_S1,2025,Axy,300,1241.1441587052782,5
2025-05-11 15:05:00,141.54379999999998,40.529300000000006,BTG_KAB_2025_9B03427_S1,2025,Axy,300,1560.6355207611014,5
2025-05-11 15:10:00,141.54458999999997,40.52908,BTG_KAB_2025_9B03427_S1,2025,Axy,300,1527.9412740298408,5
2025-05-11 15:15:00,141.54388999999998,40.52929,BTG_KAB_2025_9B03427_S1,2025,Axy,300,1555.6679991506467,5
2025-05-11 15:20:00,141.54394,40.529340000000005,BTG_KAB_2025_9B03427_S1,2025,Axy,300,1548.812195137869,5
2025-05-11 15:25:00,141.54388999999998,40.529120000000006,BTG_KAB_2025_9B03427_S1,2025,Axy,300,1568.286045394231,5
2025-05-11 15:30:00,141.54405999999997,40.529090000000004,BTG_KAB_2025_9B03427_S1,2025,Axy,300,1559.9006332537008,5
2025-05-11 15:35:00,141.53873000000002,40.528220000000005,BTG_KAB_2025_9B03427_S1,2025,Axy,300,1971.5725081116393,5
2025-05-11 15:40:00,141.53932,40.52744,BTG_KAB_2025_9B03427_S1,2025,Axy,300,1984.2008885560635,5
2025-05-11 15:45:00,141.53934999999998,40.52743,BTG_KAB_2025_9B03427_S1,2025,Axy,300,1982.9120684768611,5
2025-05-11 15:50:00,141.53934,40.52743,BTG_KAB_2025_9B03427_S1,2025,Axy,300,1983.5729370575314,5
2025-05-11 15:55:00,141.53906999999998,40.527390000000004,BTG_KAB_2025_9B03427_S1,2025,Axy,300,2004.2271156666884,5
2025-05-11 16:00:00,141.53911,40.52732,BTG_KAB_2025_9B03427_S1,2025,Axy,300,2006.4198123342012,5
2025-05-11 16:05:00,141.53419,40.528290000000005,BTG_KAB_2025_9B03427_S1,2025,Axy,300,2290.7067034356146,5
2025-05-11 16:10:00,141.53377999999998,40.53086,BTG_KAB_2025_9B03427_S1,2025,Axy,300,2194.0367698154673,5
2025-05-11 16:15:00,141.53372,40.53087,BTG_KAB_2025_9B03427_S1,2025,Axy,300,2198.2798221080243,5
2025-05-11 16:20:00,141.53341,40.53089,BTG_KAB_2025_9B03427_S1,2025,Axy,300,2221.6216262111584,5
2025-05-11 16:25:00,141.54243000000002,40.52922,BTG_KAB_2025_9B03427_S1,2025,Axy,300,1654.98813155808,5
2025-05-11 16:30:00,141.54388999999998,40.52922,BTG_KAB_2025_9B03427_S1,2025,Axy,300,1560.8483684155278,5
2025-05-11 16:35:00,141.54431,40.5292,BTG_KAB_2025_9B03427_S1,2025,Axy,300,1536.0538888006363,5
2025-05-11 16:40:00,141.54148,40.52754,BTG_KAB_2025_9B03427_S1,2025,Axy,300,1837.4292859185643,5
2025-05-11 16:45:00,141.53159,40.52801000000001,BTG_KAB_2025_9B03427_S1,2025,Axy,300,2498.4091396572885,5
2025-05-11 16:50:00,141.53204000000002,40.527730000000005,BTG_KAB_2025_9B03427_S1,2025,Axy,300,2479.8382495528276,5
2025-05-11 16:55:00,141.53147,40.52792,BTG_KAB_2025_9B03427_S1,2025,Axy,300,2512.0894218913763,5
2025-05-11 17:00:00,141.53186,40.52789,BTG_KAB_2025_9B03427_S1,2025,Axy,300,2484.6085949248463,5
2025-05-11 17:05:00,141.53506,40.52947,BTG_KAB_2025_9B03427_S1,2025,Axy,300,2162.6888284993183,5
2025-05-11 17:10:00,141.53626,40.53097,BTG_KAB_2025_9B03427_S1,2025,Axy,300,1997.2195095420623,5
2025-05-11 17:15:00,141.54910999999998,40.53204,BTG_KAB_2025_9B03427_S1,2025,Axy,300,1024.4126653020135,5
2025-05-12 09:45:00,141.54099,40.52975000000001,BTG_KAB_2025_9B03427_S1,2025,Axy,300,1717.0661777654138,6
2025-05-12 09:50:00,141.54424999999998,40.5292,BTG_KAB_2025_9B03427_S1,2025,Axy,300,1539.7850744727482,6
2025-05-12 09:55:00,141.53909,40.528560000000006,BTG_KAB_2025_9B03427_S1,2025,Axy,300,1924.7876394472773,6
2025-05-12 10:00:00,141.53671,40.53602,BTG_KAB_2025_9B03427_S1,2025,Axy,300,1793.2253540302497,6
2025-05-12 10:05:00,141.54084,40.53498,BTG_KAB_2025_9B03427_S1,2025,Axy,300,1476.1757364585028,6
2025-05-12 10:10:00,141.55578,40.55937,BTG_KAB_2025_9B03427_S1,2025,Axy,300,2310.886013767482,6
2025-05-12 10:15:00,141.55695,40.573350000000005,BTG_KAB_2025_9B03427_S1,2025,Axy,300,3858.5334480991064,6
2025-05-12 10:20:00,141.54183,40.576679999999996,BTG_KAB_2025_9B03427_S1,2025,Axy,300,4433.953410719602,6
2025-05-12 10:25:00,141.5408,40.59304,BTG_KAB_2025_9B03427_S1,2025,Axy,300,6209.862201506307,6
2025-05-12 10:30:00,141.54511,40.62066,BTG_KAB_2025_9B03427_S1,2025,Axy,300,9172.920028664696,6
2025-05-12 10:35:00,141.55406,40.64855000000001,BTG_KAB_2025_9B03427_S1,2025,Axy,300,12212.509281315173,6
2025-05-12 10:40:00,141.56764,40.67795,BTG_KAB_2025_9B03427_S1,2025,Axy,300,15496.917215066684,6
2025-05-12 10:45:00,141.58051,40.709950000000006,BTG_KAB_2025_9B03427_S1,2025,Axy,300,19125.61563677054,6
2025-05-12 10:50:00,141.59674,40.7404,BTG_KAB_2025_9B03427_S1,2025,Axy,300,22651.82478357235,6
2025-05-12 10:55:00,141.60335999999998,40.77123,BTG_KAB_2025_9B03427_S1,2025,Axy,300,26120.476353971422,6
2025-05-12 11:00:00,141.61255999999997,40.8075,BTG_KAB_2025_9B03427_S1,2025,Axy,300,30219.377235202108,6
2025-05-12 11:05:00,141.63312,40.84392,BTG_KAB_2025_9B03427_S1,2025,Axy,300,34500.11321999143,6
2025-05-12 11:10:00,141.64264,40.863910000000004,BTG_KAB_2025_9B03427_S1,2025,Axy,300,36832.33087592848,6
2025-05-12 11:15:00,141.63436,40.87179999999999,BTG_KAB_2025_9B03427_S1,2025,Axy,300,37564.86162231114,6
2025-05-12 11:20:00,141.63117,40.88553,BTG_KAB_2025_9B03427_S1,2025,Axy,300,39023.62589100238,6
2025-05-12 11:25:00,141.61899,40.88605999999999,BTG_KAB_2025_9B03427_S1,2025,Axy,300,38931.285348005506,6
2025-05-12 11:30:00,141.63131,40.874849999999995,BTG_KAB_2025_9B03427_S1,2025,Axy,300,37855.23810968212,6
2025-05-12 11:35:00,141.63357999999997,40.87396,BTG_KAB_2025_9B03427_S1,2025,Axy,300,37789.879119615245,6
2025-05-12 11:40:00,141.63370999999998,40.87285,BTG_KAB_2025_9B03427_S1,2025,Axy,300,37670.29327462469,6
2025-05-12 11:45:00,141.63451999999998,40.87155,BTG_KAB_2025_9B03427_S1,2025,Axy,300,37539.85712814659,6
2025-05-12 11:50:00,141.63761,40.86716,BTG_KAB_2025_9B03427_S1,2025,Axy,300,37106.534377305754,6
2025-05-12 11:55:00,141.63869,40.86475,BTG_KAB_2025_9B03427_S1,2025,Axy,300,36860.29623812362,6
2025-05-12 12:00:00,141.63855999999998,40.863859999999995,BTG_KAB_2025_9B03427_S1,2025,Axy,300,36761.1504100628,6
2025-05-12 12:05:00,141.63781,40.86287,BTG_KAB_2025_9B03427_S1,2025,Axy,300,36641.3666064312,6
2025-05-12 12:10:00,141.63748,40.86211000000001,BTG_KAB_2025_9B03427_S1,2025,Axy,300,36553.27393735718,6
2025-05-12 12:15:00,141.6374,40.86089,BTG_KAB_2025_9B03427_S1,2025,Axy,300,36418.88938183598,6
2025-05-12 12:20:00,141.62474,40.83599,BTG_KAB_2025_9B03427_S1,2025,Axy,300,33507.92947757901,6
2025-05-12 12:25:00,141.60504,40.81905999999999,BTG_KAB_2025_9B03427_S1,2025,Axy,300,31400.901440069723,6
2025-05-12 12:30:00,141.57706,40.80603,BTG_KAB_2025_9B03427_S1,2025,Axy,300,29742.296547916085,6
2025-05-12 12:35:00,141.55112000000003,40.78196,BTG_KAB_2025_9B03427_S1,2025,Axy,300,27029.354723864584,6
2025-05-12 12:40:00,141.52597,40.75934,BTG_KAB_2025_9B03427_S1,2025,Axy,300,24657.44189353165,6
2025-05-12 12:45:00,141.49658,40.729000000000006,BTG_KAB_2025_9B03427_S1,2025,Axy,300,21763.779507411833,6
2025-05-12 12:50:00,141.46972,40.703,BTG_KAB_2025_9B03427_S1,2025,Axy,300,19711.83884214153,6
2025-05-12 12:55:00,141.45013000000003,40.67645,BTG_KAB_2025_9B03427_S1,2025,Axy,300,17805.538498501923,6
2025-05-12 13:00:00,141.44947,40.64698,BTG_KAB_2025_9B03427_S1,2025,Axy,300,15120.063237948154,6
2025-05-12 13:05:00,141.45901,40.62033000000001,BTG_KAB_2025_9B03427_S1,2025,Axy,300,12330.462528573613,6
2025-05-12 13:10:00,141.46267,40.602140000000006,BTG_KAB_2025_9B03427_S1,2025,Axy,300,10695.7115001174,6
2025-05-12 13:15:00,141.46264000000002,40.602250000000005,BTG_KAB_2025_9B03427_S1,2025,Axy,300,10705.675880493538,6
2025-05-12 13:20:00,141.46227000000002,40.603030000000004,BTG_KAB_2025_9B03427_S1,2025,Axy,300,10786.445685544162,6
2025-05-12 13:25:00,141.46216,40.603,BTG_KAB_2025_9B03427_S1,2025,Axy,300,10791.212174130254,6
2025-05-12 13:30:00,141.46221000000003,40.60331000000001,BTG_KAB_2025_9B03427_S1,2025,Axy,300,10810.87588863542,6
2025-05-12 13:35:00,141.46222000000003,40.60286,BTG_KAB_2025_9B03427_S1,2025,Axy,300,10777.114849767015,6
2025-05-12 13:40:00,141.46216,40.602850000000004,BTG_KAB_2025_9B03427_S1,2025,Axy,300,10780.188670317113,6
2025-05-12 13:45:00,141.46244000000004,40.6028,BTG_KAB_2025_9B03427_S1,2025,Axy,300,10758.74715523396,6
2025-05-12 13:50:00,141.46221000000003,40.60309,BTG_KAB_2025_9B03427_S1,2025,Axy,300,10794.664558970659,6
2025-05-12 13:55:00,141.46208000000001,40.60291000000001,BTG_KAB_2025_9B03427_S1,2025,Axy,300,10789.673929375776,6
2025-05-12 14:00:00,141.46222000000003,40.60323,BTG_KAB_2025_9B03427_S1,2025,Axy,300,10804.34424666697,6
2025-05-12 14:05:00,141.46305999999998,40.602030000000006,BTG_KAB_2025_9B03427_S1,2025,Axy,300,10662.845177825584,6
2025-05-12 14:10:00,141.48229000000003,40.5841,BTG_KAB_2025_9B03427_S1,2025,Axy,300,8136.5979330258615,6
2025-05-12 14:15:00,141.48204000000004,40.58389,BTG_KAB_2025_9B03427_S1,2025,Axy,300,8138.784974161513,6
2025-05-12 14:20:00,141.48229000000003,40.5839,BTG_KAB_2025_9B03427_S1,2025,Axy,300,8122.834737950901,6
2025-05-12 14:25:00,141.48224000000005,40.58387999999999,BTG_KAB_2025_9B03427_S1,2025,Axy,300,8124.786552261328,6
2025-05-12 14:30:00,141.48474000000002,40.58212,BTG_KAB_2025_9B03427_S1,2025,Axy,300,7837.622966707205,6
2025-05-12 14:35:00,141.50142000000002,40.56510000000001,BTG_KAB_2025_9B03427_S1,2025,Axy,300,5594.823423326779,6
2025-05-12 14:40:00,141.51550999999998,40.55667999999999,BTG_KAB_2025_9B03427_S1,2025,Axy,300,4091.6590762680366,6
2025-05-12 14:45:00,141.51522,40.556599999999996,BTG_KAB_2025_9B03427_S1,2025,Axy,300,4108.758085605917,6
2025-05-12 14:50:00,141.51542,40.55673,BTG_KAB_2025_9B03427_S1,2025,Axy,300,4101.025073070938,6
2025-05-12 14:55:00,141.51545,40.55676,BTG_KAB_2025_9B03427_S1,2025,Axy,300,4100.447147364577,6
2025-05-12 15:00:00,141.5154,40.556639999999994,BTG_KAB_2025_9B03427_S1,2025,Axy,300,4097.609833748183,6
2025-05-12 15:05:00,141.51547,40.55671,BTG_KAB_2025_9B03427_S1,2025,Axy,300,4096.245333251449,6
2025-05-12 15:10:00,141.54299999999998,40.54985,BTG_KAB_2025_9B03427_S1,2025,Axy,300,1757.6231166883404,6
2025-05-13 03:40:00,141.58046000000002,40.55264,BTG_KAB_2025_9B03427_S1,2025,Axy,300,2485.4563770043433,7
2025-05-13 03:45:00,141.62124000000003,40.5675,BTG_KAB_2025_9B03427_S1,2025,Axy,300,6272.78559911864,7
2025-05-13 03:50:00,141.64514999999997,40.5796,BTG_KAB_2025_9B03427_S1,2025,Axy,300,8700.524310708974,7
2025-05-13 03:55:00,141.68484999999998,40.597879999999996,BTG_KAB_2025_9B03427_S1,2025,Axy,300,12626.766742348234,7
2025-05-13 04:00:00,141.72589,40.61463,BTG_KAB_2025_9B03427_S1,2025,Axy,300,16562.155018090685,7
2025-05-13 04:05:00,141.77348999999998,40.627050000000004,BTG_KAB_2025_9B03427_S1,2025,Axy,300,20749.290588946613,7
2025-05-13 04:10:00,141.81109,40.645070000000004,BTG_KAB_2025_9B03427_S1,2025,Axy,300,24499.42455035243,7
2025-05-13 04:15:00,141.85501000000002,40.66113000000001,BTG_KAB_2025_9B03427_S1,2025,Axy,300,28614.700869412365,7
2025-05-13 04:20:00,141.9011,40.67593000000001,BTG_KAB_2025_9B03427_S1,2025,Axy,300,32827.79227462319,7
2025-05-13 04:25:00,141.9487,40.693920000000006,BTG_KAB_2025_9B03427_S1,2025,Axy,300,37319.47342407405,7
2025-05-13 04:30:00,141.9901,40.70172,BTG_KAB_2025_9B03427_S1,2025,Axy,300,40833.47410331302,7
2025-05-13 04:35:00,142.03411,40.69941000000001,BTG_KAB_2025_9B03427_S1,2025,Axy,300,44098.008160684694,7
2025-05-13 04:40:00,142.07773,40.693000000000005,BTG_KAB_2025_9B03427_S1,2025,Axy,300,47235.34641321377,7
2025-05-13 04:45:00,142.08325,40.697230000000005,BTG_KAB_2025_9B03427_S1,2025,Axy,300,47840.543254903976,7
2025-05-13 04:50:00,142.11760999999998,40.678960000000004,BTG_KAB_2025_9B03427_S1,2025,Axy,300,49890.625903257474,7
2025-05-13 04:55:00,142.1577,40.664570000000005,BTG_KAB_2025_9B03427_S1,2025,Axy,300,52682.810830786795,7
2025-05-13 05:00:00,142.20669999999998,40.650479999999995,BTG_KAB_2025_9B03427_S1,2025,Axy,300,56331.96290974347,7
2025-05-13 05:05:00,142.24315999999996,40.63273000000001,BTG_KAB_2025_9B03427_S1,2025,Axy,300,58972.60022390545,7
2025-05-13 05:10:00,142.2627,40.62886,BTG_KAB_2025_9B03427_S1,2025,Axy,300,60530.41827509151,7
2025-05-13 05:15:00,142.28607,40.62515000000001,BTG_KAB_2025_9B03427_S1,2025,Axy,300,62419.4350292881,7
2025-05-13 05:20:00,142.27904999999996,40.61398,BTG_KAB_2025_9B03427_S1,2025,Axy,300,61656.67530156875,7
2025-05-13 05:25:00,142.25635,40.60043,BTG_KAB_2025_9B03427_S1,2025,Axy,300,59566.806429629876,7
2025-05-13 05:30:00,142.24427999999997,40.59241000000001,BTG_KAB_2025_9B03427_S1,2025,Axy,300,58457.37735771119,7
2025-05-13 05:35:00,142.21787999999998,40.5738,BTG_KAB_2025_9B03427_S1,2025,Axy,300,56059.71547476623,7
2025-05-13 05:40:00,142.18808,40.55775,BTG_KAB_2025_9B03427_S1,2025,Axy,300,53448.04300203488,7
2025-05-13 05:45:00,142.15745,40.541689999999996,BTG_KAB_2025_9B03427_S1,2025,Axy,300,50818.41073485414,7
2025-05-13 05:50:00,142.12452,40.52929,BTG_KAB_2025_9B03427_S1,2025,Axy,300,48043.10139036445,7
2025-05-13 05:55:00,142.09544000000002,40.514269999999996,BTG_KAB_2025_9B03427_S1,2025,Axy,300,45653.310277416436,7
2025-05-13 06:00:00,142.06333,40.49984,BTG_KAB_2025_9B03427_S1,2025,Axy,300,43072.69229150737,7
2025-05-13 06:05:00,142.03058,40.4837,BTG_KAB_2025_9B03427_S1,2025,Axy,300,40547.519031223186,7
2025-05-13 06:10:00,141.99054999999998,40.46972,BTG_KAB_2025_9B03427_S1,2025,Axy,300,37486.39150149413,7
2025-05-13 06:15:00,141.95279000000002,40.45616,BTG_KAB_2025_9B03427_S1,2025,Axy,300,34728.83894136453,7
2025-05-13 06:20:00,141.91140000000001,40.444669999999995,BTG_KAB_2025_9B03427_S1,2025,Axy,300,31756.305271305424,7
2025-05-13 06:25:00,141.86491,40.43682,BTG_KAB_2025_9B03427_S1,2025,Axy,300,28400.46327453507,7
2025-05-13 06:30:00,141.81643000000003,40.43282,BTG_KAB_2025_9B03427_S1,2025,Axy,300,24891.062280840193,7
2025-05-13 06:35:00,141.76484,40.4312,BTG_KAB_2025_9B03427_S1,2025,Axy,300,21236.443066023832,7
2025-05-13 06:40:00,141.71537999999998,40.439679999999996,BTG_KAB_2025_9B03427_S1,2025,Axy,300,17309.124327182148,7
2025-05-13 06:45:00,141.6769,40.45487999999999,BTG_KAB_2025_9B03427_S1,2025,Axy,300,13737.286896480487,7
2025-05-13 06:50:00,141.64682,40.47898,BTG_KAB_2025_9B03427_S1,2025,Axy,300,10050.843467599232,7
2025-05-13 06:55:00,141.62298,40.50207,BTG_KAB_2025_9B03427_S1,2025,Axy,300,6866.880489093687,7
2025-05-13 07:00:00,141.59458999999998,40.525090000000006,BTG_KAB_2025_9B03427_S1,2025,Axy,300,3474.6945696194243,7
2025-05-14 02:20:00,141.58202000000003,40.55583,BTG_KAB_2025_9B03427_S1,2025,Axy,300,2817.0973521618516,8
2025-05-14 02:25:00,141.62393,40.57327,BTG_KAB_2025_9B03427_S1,2025,Axy,300,6809.949720181773,8
2025-05-14 02:30:00,141.66787,40.590320000000006,BTG_KAB_2025_9B03427_S1,2025,Axy,300,10962.565359670789,8
2025-05-14 02:35:00,141.70992999999999,40.60548,BTG_KAB_2025_9B03427_S1,2025,Axy,300,14883.534157173848,8
2025-05-14 02:40:00,141.72674,40.6088,BTG_KAB_2025_9B03427_S1,2025,Axy,300,16305.436569393867,8
2025-05-14 02:45:00,141.74077999999997,40.612410000000004,BTG_KAB_2025_9B03427_S1,2025,Axy,300,17542.233764703447,8
2025-05-14 02:50:00,141.74014999999997,40.612590000000004,BTG_KAB_2025_9B03427_S1,2025,Axy,300,17504.44152612128,8
2025-05-14 02:55:00,141.74008999999998,40.6122,BTG_KAB_2025_9B03427_S1,2025,Axy,300,17479.705614750314,8
2025-05-14 03:00:00,141.73403,40.609370000000006,BTG_KAB_2025_9B03427_S1,2025,Axy,300,16879.516918636407,8
2025-05-14 03:05:00,141.7286,40.60712,BTG_KAB_2025_9B03427_S1,2025,Axy,300,16356.496249885062,8
2025-05-14 03:10:00,141.72851,40.606500000000004,BTG_KAB_2025_9B03427_S1,2025,Axy,300,16317.885558409478,8
2025-05-14 03:15:00,141.72856,40.606,BTG_KAB_2025_9B03427_S1,2025,Axy,300,16296.115480551038,8
2025-05-14 03:20:00,141.72869,40.605380000000004,BTG_KAB_2025_9B03427_S1,2025,Axy,300,16274.47035070998,8
2025-05-14 03:25:00,141.72883000000002,40.6048,BTG_KAB_2025_9B03427_S1,2025,Axy,300,16255.855201749242,8
2025-05-14 03:30:00,141.75175,40.611799999999995,BTG_KAB_2025_9B03427_S1,2025,Axy,300,18338.559989861948,8
2025-05-14 03:35:00,141.79828,40.618500000000004,BTG_KAB_2025_9B03427_S1,2025,Axy,300,22225.33233528602,8
2025-05-14 03:40:00,141.81004000000001,40.61884,BTG_KAB_2025_9B03427_S1,2025,Axy,300,23156.131078663653,8
2025-05-14 03:45:00,141.84908,40.623020000000004,BTG_KAB_2025_9B03427_S1,2025,Axy,300,26398.47266758801,8
2025-05-14 03:50:00,141.89547000000002,40.62851000000001,BTG_KAB_2025_9B03427_S1,2025,Axy,300,30296.765503692874,8
2025-05-14 03:55:00,141.93701000000001,40.63125,BTG_KAB_2025_9B03427_S1,2025,Axy,300,33728.11491516743,8
2025-05-14 04:00:00,141.96393,40.631100000000004,BTG_KAB_2025_9B03427_S1,2025,Axy,300,35900.568508393015,8
2025-05-14 04:05:00,141.97547,40.630120000000005,BTG_KAB_2025_9B03427_S1,2025,Axy,300,36807.8290691723,8
2025-05-14 04:10:00,142.01569999999998,40.633320000000005,BTG_KAB_2025_9B03427_S1,2025,Axy,300,40183.044965484536,8
2025-05-14 04:15:00,142.05782000000002,40.632090000000005,BTG_KAB_2025_9B03427_S1,2025,Axy,300,43602.21345350607,8
2025-05-14 04:20:00,142.10067999999998,40.63177,BTG_KAB_2025_9B03427_S1,2025,Axy,300,47126.60542256498,8
2025-05-14 04:25:00,142.12391,40.62816000000001,BTG_KAB_2025_9B03427_S1,2025,Axy,300,48965.45900900798,8
2025-05-14 04:30:00,142.12052,40.62091000000001,BTG_KAB_2025_9B03427_S1,2025,Axy,300,48528.94748902167,8
2025-05-14 04:35:00,142.13863,40.605030000000006,BTG_KAB_2025_9B03427_S1,2025,Axy,300,49749.53337356371,8
2025-05-14 04:40:00,142.12127,40.60618,BTG_KAB_2025_9B03427_S1,2025,Axy,300,48315.5463386781,8
2025-05-14 04:45:00,142.11497999999997,40.61298,BTG_KAB_2025_9B03427_S1,2025,Axy,300,47911.48281132133,8
2025-05-14 04:50:00,142.09950999999998,40.5964,BTG_KAB_2025_9B03427_S1,2025,Axy,300,46336.67100915574,8
2025-05-14 04:55:00,142.06309,40.587579999999996,BTG_KAB_2025_9B03427_S1,2025,Axy,300,43152.81472337319,8
2025-05-14 05:05:00,141.97791,40.57427,BTG_KAB_2025_9B03427_S1,2025,Axy,600,35818.17714728263,8
2025-05-14 05:10:00,141.94898,40.566300000000005,BTG_KAB_2025_9B03427_S1,2025,Axy,300,33292.59945469152,8
2025-05-14 05:15:00,141.90740000000002,40.55396,BTG_KAB_2025_9B03427_S1,2025,Axy,300,29680.104774859334,8
2025-05-14 05:20:00,141.86421,40.53835000000001,BTG_KAB_2025_9B03427_S1,2025,Axy,300,25975.5282366362,8
2025-05-14 05:25:00,141.82067,40.522890000000004,BTG_KAB_2025_9B03427_S1,2025,Axy,300,22357.617848402224,8
2025-05-14 05:30:00,141.77384999999995,40.51208,BTG_KAB_2025_9B03427_S1,2025,Axy,300,18559.106012320466,8
2025-05-14 05:35:00,141.72654,40.50324,BTG_KAB_2025_9B03427_S1,2025,Axy,300,14844.849225818958,8
2025-05-14 05:40:00,141.68031000000002,40.505,BTG_KAB_2025_9B03427_S1,2025,Axy,300,11047.589391236725,8
2025-05-14 05:45:00,141.6304,40.51434,BTG_KAB_2025_9B03427_S1,2025,Axy,300,6731.289602854738,8
2025-05-14 05:50:00,141.584,40.53481,BTG_KAB_2025_9B03427_S1,2025,Axy,300,2275.769340314109,8
2025-05-14 15:30:00,141.52296,40.54703,BTG_KAB_2025_9B03427_S1,2025,Axy,300,3080.2227385316714,9
2025-05-14 15:35:00,141.50431,40.54135,BTG_KAB_2025_9B03427_S1,2025,Axy,300,4525.12319871198,9
2025-05-14 15:40:00,141.50153,40.54018,BTG_KAB_2025_9B03427_S1,2025,Axy,300,4753.6233465547675,9
2025-05-14 15:45:00,141.51021,40.543130000000005,BTG_KAB_2025_9B03427_S1,2025,Axy,300,4046.2723543296406,9
2025-05-14 15:50:00,141.51015999999998,40.54324,BTG_KAB_2025_9B03427_S1,2025,Axy,300,4052.0052163808864,9
2025-05-14 15:55:00,141.51963999999998,40.534679999999994,BTG_KAB_2025_9B03427_S1,2025,Axy,300,3245.710881942916,9
2025-05-14 16:00:00,141.53902,40.527570000000004,BTG_KAB_2025_9B03427_S1,2025,Axy,300,1995.2069771146878,9
2025-05-14 16:05:00,141.53886,40.52765,BTG_KAB_2025_9B03427_S1,2025,Axy,300,2000.5060232369888,9
2025-05-14 16:10:00,141.53897,40.52743,BTG_KAB_2025_9B03427_S1,2025,Axy,300,2008.12348588199,9
2025-05-14 16:15:00,141.5387,40.527530000000006,BTG_KAB_2025_9B03427_S1,2025,Axy,300,2019.373550000321,9
2025-05-14 16:20:00,141.53916999999998,40.52768,BTG_KAB_2025_9B03427_S1,2025,Axy,300,1977.6750977299118,9
2025-05-14 16:25:00,141.53901,40.52751000000001,BTG_KAB_2025_9B03427_S1,2025,Axy,300,1999.97415299899,9
2025-05-14 16:30:00,141.53836,40.52751000000001,BTG_KAB_2025_9B03427_S1,2025,Axy,300,2043.634440163062,9
2025-05-14 16:35:00,141.54045,40.52815000000001,BTG_KAB_2025_9B03427_S1,2025,Axy,300,1860.1822912443054,9
2025-05-14 16:40:00,141.53906999999998,40.52747,BTG_KAB_2025_9B03427_S1,2025,Axy,300,1998.7179095299784,9
2025-05-14 16:45:00,141.53904999999997,40.52749,BTG_KAB_2025_9B03427_S1,2025,Axy,300,1998.67685294601,9
2025-05-14 16:50:00,141.54486999999997,40.53647,BTG_KAB_2025_9B03427_S1,2025,Axy,300,1104.5279548400065,9
2025-05-15 01:45:00,141.59087,40.554179999999995,BTG_KAB_2025_9B03427_S1,2025,Axy,300,3306.3616773373146,10
2025-05-15 01:50:00,141.61883,40.569210000000005,BTG_KAB_2025_9B03427_S1,2025,Axy,300,6200.22925638842,10
2025-05-15 01:55:00,141.61894999999998,40.56915000000001,BTG_KAB_2025_9B03427_S1,2025,Axy,300,6205.090512428651,10
2025-05-15 02:00:00,141.62933,40.57612,BTG_KAB_2025_9B03427_S1,2025,Axy,300,7366.024055669022,10
2025-05-15 02:05:00,141.65526,40.59056,BTG_KAB_2025_9B03427_S1,2025,Axy,300,10083.674217754988,10
2025-05-15 02:10:00,141.68272000000002,40.60472,BTG_KAB_2025_9B03427_S1,2025,Axy,300,12889.724573207708,10
2025-05-15 02:15:00,141.71251999999998,40.61624,BTG_KAB_2025_9B03427_S1,2025,Axy,300,15696.229090585277,10
2025-05-15 02:20:00,141.74277999999998,40.62773000000001,BTG_KAB_2025_9B03427_S1,2025,Axy,300,18540.09345265955,10
2025-05-15 02:25:00,141.77695999999997,40.636630000000004,BTG_KAB_2025_9B03427_S1,2025,Axy,300,21525.27697921794,10
2025-05-15 02:30:00,141.81222000000002,40.64739,BTG_KAB_2025_9B03427_S1,2025,Axy,300,24707.85438254343,10
2025-05-15 02:35:00,141.84754999999998,40.655770000000004,BTG_KAB_2025_9B03427_S1,2025,Axy,300,27777.969760578468,10
2025-05-15 02:40:00,141.88163000000003,40.663520000000005,BTG_KAB_2025_9B03427_S1,2025,Axy,300,30734.04586186881,10
2025-05-15 02:45:00,141.9154,40.66904,BTG_KAB_2025_9B03427_S1,2025,Axy,300,33568.42622620605,10
2025-05-15 02:50:00,141.91953999999998,40.66853000000001,BTG_KAB_2025_9B03427_S1,2025,Axy,300,33860.79891578143,10
2025-05-15 02:55:00,141.92006,40.66713000000001,BTG_KAB_2025_9B03427_S1,2025,Axy,300,33835.0394179787,10
2025-05-15 03:00:00,141.9407,40.66765,BTG_KAB_2025_9B03427_S1,2025,Axy,300,35449.79884621904,10
2025-05-15 03:05:00,141.94171,40.666360000000005,BTG_KAB_2025_9B03427_S1,2025,Axy,300,35470.75442517724,10
2025-05-15 03:10:00,141.94234000000003,40.664170000000006,BTG_KAB_2025_9B03427_S1,2025,Axy,300,35423.69145272091,10
2025-05-15 03:15:00,141.94411,40.663360000000004,BTG_KAB_2025_9B03427_S1,2025,Axy,300,35526.4693289871,10
2025-05-15 03:20:00,141.94494,40.6618,BTG_KAB_2025_9B03427_S1,2025,Axy,300,35524.45132705511,10
2025-05-15 03:25:00,141.96161,40.65721,BTG_KAB_2025_9B03427_S1,2025,Axy,300,36645.437457368454,10
2025-05-15 03:30:00,141.96253000000002,40.65564,BTG_KAB_2025_9B03427_S1,2025,Axy,300,36656.318191630504,10
2025-05-15 03:35:00,141.97857,40.65543,BTG_KAB_2025_9B03427_S1,2025,Axy,300,37920.95297768376,10
2025-05-15 03:40:00,141.98444000000003,40.655100000000004,BTG_KAB_2025_9B03427_S1,2025,Axy,300,38375.93255894716,10
2025-05-15 03:45:00,142.01139,40.650330000000004,BTG_KAB_2025_9B03427_S1,2025,Axy,300,40366.268451878845,10
2025-05-15 03:50:00,142.02693000000002,40.64796,BTG_KAB_2025_9B03427_S1,2025,Axy,300,41542.97704827427,10
2025-05-15 03:55:00,142.05436,40.63785,BTG_KAB_2025_9B03427_S1,2025,Axy,300,43473.74360516583,10
2025-05-15 04:00:00,142.08203000000003,40.63396,BTG_KAB_2025_9B03427_S1,2025,Axy,300,45642.62673442521,10
2025-05-15 04:05:00,142.10669,40.630770000000005,BTG_KAB_2025_9B03427_S1,2025,Axy,300,47599.4701729787,10
2025-05-15 04:10:00,142.12619,40.630790000000005,BTG_KAB_2025_9B03427_S1,2025,Axy,300,49213.47580520848,10
2025-05-15 04:15:00,142.14314999999996,40.627950000000006,BTG_KAB_2025_9B03427_S1,2025,Axy,300,50556.98997454786,10
2025-05-15 04:20:00,142.14814,40.618770000000005,BTG_KAB_2025_9B03427_S1,2025,Axy,300,50786.09921278618,10
2025-05-15 04:25:00,142.14522,40.629850000000005,BTG_KAB_2025_9B03427_S1,2025,Axy,300,50769.84038977935,10
2025-05-15 04:30:00,142.13826,40.62623000000001,BTG_KAB_2025_9B03427_S1,2025,Axy,300,50114.289489336144,10
2025-05-15 04:35:00,142.13182,40.62279000000001,BTG_KAB_2025_9B03427_S1,2025,Axy,300,49507.21719366281,10
2025-05-15 04:40:00,142.10784999999998,40.610879999999995,BTG_KAB_2025_9B03427_S1,2025,Axy,300,47277.49669187978,10
2025-05-15 04:45:00,142.06135,40.59311000000001,BTG_KAB_2025_9B03427_S1,2025,Axy,300,43086.856414993876,10
2025-05-15 04:50:00,142.02318,40.58057,BTG_KAB_2025_9B03427_S1,2025,Axy,300,39705.317357074746,10
2025-05-15 04:55:00,141.98491,40.56692,BTG_KAB_2025_9B03427_S1,2025,Axy,300,36329.72730169879,10
2025-05-15 05:00:00,141.93916,40.54712,BTG_KAB_2025_9B03427_S1,2025,Axy,300,32336.928408553908,10
2025-05-15 05:05:00,141.89834000000005,40.53224,BTG_KAB_2025_9B03427_S1,2025,Axy,300,28876.94359567923,10
2025-05-15 05:10:00,141.84966999999997,40.51694,BTG_KAB_2025_9B03427_S1,2025,Axy,300,24864.307653664826,10
2025-05-15 05:15:00,141.79959999999997,40.50438,BTG_KAB_2025_9B03427_S1,2025,Axy,300,20856.20018462594,10
2025-05-15 05:20:00,141.75484,40.488150000000005,BTG_KAB_2025_9B03427_S1,2025,Axy,300,17630.005694799598,10
2025-05-15 05:25:00,141.70831,40.476479999999995,BTG_KAB_2025_9B03427_S1,2025,Axy,300,14517.547166187407,10
2025-05-15 05:30:00,141.66445,40.46978,BTG_KAB_2025_9B03427_S1,2025,Axy,300,11850.48092827876,10
2025-05-15 05:35:00,141.63642000000002,40.48197999999999,BTG_KAB_2025_9B03427_S1,2025,Axy,300,9174.046781055627,10
2025-05-15 05:40:00,141.63638,40.48202,BTG_KAB_2025_9B03427_S1,2025,Axy,300,9168.53235989116,10
2025-05-15 05:45:00,141.63636,40.48187999999999,BTG_KAB_2025_9B03427_S1,2025,Axy,300,9177.965922811805,10
2025-05-15 05:50:00,141.63621,40.48207,BTG_KAB_2025_9B03427_S1,2025,Axy,300,9154.234829322037,10
2025-05-15 05:55:00,141.63626,40.48214,BTG_KAB_2025_9B03427_S1,2025,Axy,300,9151.98964737514,10
2025-05-15 06:00:00,141.63615,40.482110000000006,BTG_KAB_2025_9B03427_S1,2025,Axy,300,9147.486221078088,10
2025-05-15 06:05:00,141.63495999999998,40.48294,BTG_KAB_2025_9B03427_S1,2025,Axy,300,9010.845877272992,10
2025-05-15 06:10:00,141.63494999999998,40.483,BTG_KAB_2025_9B03427_S1,2025,Axy,300,9005.65753282788,10
2025-05-15 06:15:00,141.63479999999998,40.487579999999994,BTG_KAB_2025_9B03427_S1,2025,Axy,300,8655.076879133785,10
2025-05-15 06:20:00,141.61346999999998,40.512010000000004,BTG_KAB_2025_9B03427_S1,2025,Axy,300,5579.650043785777,10
2025-05-15 06:25:00,141.5849,40.53417,BTG_KAB_2025_9B03427_S1,2025,Axy,300,2364.5307680989436,10
2025-05-15 14:40:00,141.53894000000003,40.52751000000001,BTG_KAB_2025_9B03427_S1,2025,Axy,300,2004.649025481817,11
2025-05-15 14:45:00,141.53916999999998,40.52752,BTG_KAB_2025_9B03427_S1,2025,Axy,300,1988.6261653662737,11
2025-05-15 14:50:00,141.52244000000005,40.53341,BTG_KAB_2025_9B03427_S1,2025,Axy,300,3034.4682371819235,11
2025-05-15 14:55:00,141.50486999999998,40.54262,BTG_KAB_2025_9B03427_S1,2025,Axy,300,4489.549545946057,11
2025-05-15 15:00:00,141.50133000000002,40.540530000000004,BTG_KAB_2025_9B03427_S1,2025,Axy,300,4772.125021337687,11
2025-05-15 15:05:00,141.50476999999998,40.54074,BTG_KAB_2025_9B03427_S1,2025,Axy,300,4482.171754793087,11
2025-05-15 15:10:00,141.50993,40.54321,BTG_KAB_2025_9B03427_S1,2025,Axy,300,4070.9141526362023,11
2025-05-15 15:15:00,141.51002,40.54325,BTG_KAB_2025_9B03427_S1,2025,Axy,300,4063.9102070452673,11
2025-05-15 15:20:00,141.51784999999998,40.540679999999995,BTG_KAB_2025_9B03427_S1,2025,Axy,300,3375.6610338469154,11
2025-05-15 15:25:00,141.53886,40.52762,BTG_KAB_2025_9B03427_S1,2025,Axy,300,2002.5340439614208,11
2025-05-15 15:30:00,141.5389,40.52746,BTG_KAB_2025_9B03427_S1,2025,Axy,300,2010.7367911668866,11
2025-05-15 15:35:00,141.53905999999998,40.52738,BTG_KAB_2025_9B03427_S1,2025,Axy,300,2005.581109608008,11
2025-05-15 15:40:00,141.53884000000002,40.52746,BTG_KAB_2025_9B03427_S1,2025,Axy,300,2014.7455333474904,11
2025-05-15 15:45:00,141.5391,40.52745,BTG_KAB_2025_9B03427_S1,2025,Axy,300,1998.0980427563811,11
2025-05-15 15:50:00,141.53885,40.52758,BTG_KAB_2025_9B03427_S1,2025,Axy,300,2005.9145354814884,11
2025-05-15 15:55:00,141.54495999999997,40.53308,BTG_KAB_2025_9B03427_S1,2025,Axy,300,1234.4841375101691,11
2025-05-16 04:10:00,141.57569999999998,40.55325,BTG_KAB_2025_9B03427_S1,2025,Axy,300,2234.798613317136,12
2025-05-16 04:15:00,141.5885,40.565380000000005,BTG_KAB_2025_9B03427_S1,2025,Axy,300,3960.8373268774967,12
2025-05-16 04:20:00,141.57995999999997,40.570370000000004,BTG_KAB_2025_9B03427_S1,2025,Axy,300,4003.3794208735835,12
2025-05-16 04:25:00,141.57064999999997,40.572030000000005,BTG_KAB_2025_9B03427_S1,2025,Axy,300,3872.567994135722,12
2025-05-16 04:30:00,141.54795,40.56004,BTG_KAB_2025_9B03427_S1,2025,Axy,300,2516.657004947254,12
2025-05-16 04:35:00,141.53504999999998,40.55838,BTG_KAB_2025_9B03427_S1,2025,Axy,300,2910.51474618807,12
2025-05-16 04:40:00,141.53482,40.55836,BTG_KAB_2025_9B03427_S1,2025,Axy,300,2921.6719963714972,12
2025-05-16 04:45:00,141.53493,40.55834,BTG_KAB_2025_9B03427_S1,2025,Axy,300,2913.8552537661126,12
2025-05-16 04:50:00,141.535,40.55823,BTG_KAB_2025_9B03427_S1,2025,Axy,300,2900.764117021666,12
2025-05-16 04:55:00,141.53489,40.558479999999996,BTG_KAB_2025_9B03427_S1,2025,Axy,300,2927.7888375023317,12
2025-05-16 05:00:00,141.53511,40.5584,BTG_KAB_2025_9B03427_S1,2025,Axy,300,2908.85892040588,12
2025-05-16 05:05:00,141.53494,40.5583,BTG_KAB_2025_9B03427_S1,2025,Axy,300,2909.9577832583627,12
2025-05-16 05:10:00,141.5349,40.55834,BTG_KAB_2025_9B03427_S1,2025,Axy,300,2915.5308226118923,12
2025-05-16 05:15:00,141.53493,40.558370000000004,BTG_KAB_2025_9B03427_S1,2025,Axy,300,2916.3611241756225,12
2025-05-16 05:20:00,141.53492,40.558370000000004,BTG_KAB_2025_9B03427_S1,2025,Axy,300,2916.919028016012,12
2025-05-16 05:25:00,141.53494999999998,40.55812,BTG_KAB_2025_9B03427_S1,2025,Axy,300,2894.406299110068,12
2025-05-16 16:10:00,141.53427,40.52785,BTG_KAB_2025_9B03427_S1,2025,Axy,300,2309.72908929685,13
2025-05-16 16:15:00,141.50675999999999,40.54314,BTG_KAB_2025_9B03427_S1,2025,Axy,300,4336.562682451418,13
2025-05-16 16:20:00,141.50797,40.543330000000005,BTG_KAB_2025_9B03427_S1,2025,Axy,300,4237.320060291123,13
2025-05-16 16:25:00,141.51384,40.55712,BTG_KAB_2025_9B03427_S1,2025,Axy,300,4238.974469965488,13
2025-05-16 16:30:00,141.51393,40.55717,BTG_KAB_2025_9B03427_S1,2025,Axy,300,4235.00766491272,13
2025-05-16 16:35:00,141.51388999999998,40.55721,BTG_KAB_2025_9B03427_S1,2025,Axy,300,4240.129179610178,13
2025-05-16 16:40:00,141.51380999999998,40.55705999999999,BTG_KAB_2025_9B03427_S1,2025,Axy,300,4237.97278077917,13
2025-05-16 16:45:00,141.51391999999998,40.55715,BTG_KAB_2025_9B03427_S1,2025,Axy,300,4234.667707944675,13
2025-05-16 16:50:00,141.51353999999998,40.55699,BTG_KAB_2025_9B03427_S1,2025,Axy,300,4254.272984631248,13
2025-05-16 16:55:00,141.51375999999996,40.5571,BTG_KAB_2025_9B03427_S1,2025,Axy,300,4243.827314788589,13
2025-05-16 17:00:00,141.51382999999998,40.557089999999995,BTG_KAB_2025_9B03427_S1,2025,Axy,300,4238.101597372392,13
2025-05-16 17:05:00,141.51386999999997,40.557089999999995,BTG_KAB_2025_9B03427_S1,2025,Axy,300,4235.137495428984,13
2025-05-16 17:10:00,141.51375999999996,40.55705999999999,BTG_KAB_2025_9B03427_S1,2025,Axy,300,4241.680607388978,13
2025-05-16 17:15:00,141.51393,40.55713,BTG_KAB_2025_9B03427_S1,2025,Axy,300,4232.848320160144,13
2025-05-16 17:20:00,141.51385999999997,40.5571,BTG_KAB_2025_9B03427_S1,2025,Axy,300,4236.416412846482,13
2025-05-16 17:25:00,141.51382999999998,40.557179999999995,BTG_KAB_2025_9B03427_S1,2025,Axy,300,4242.948628903084,13
2025-05-16 17:30:00,141.51385999999997,40.55715,BTG_KAB_2025_9B03427_S1,2025,Axy,300,4239.109510038565,13
2025-05-16 17:35:00,141.51523,40.54641,BTG_KAB_2025_9B03427_S1,2025,Axy,300,3692.7241841411,13
2025-05-16 17:40:00,141.5152,40.55679,BTG_KAB_2025_9B03427_S1,2025,Axy,300,4120.532070338348,13
2025-05-16 17:45:00,141.51498999999998,40.5569,BTG_KAB_2025_9B03427_S1,2025,Axy,300,4142.022113574268,13
2025-05-16 17:50:00,141.51501,40.556869999999996,BTG_KAB_2025_9B03427_S1,2025,Axy,300,4138.913075931192,13
2025-05-16 17:55:00,141.51449,40.55685,BTG_KAB_2025_9B03427_S1,2025,Axy,300,4176.2888865559735,13
2025-05-16 18:00:00,141.51473,40.55692,BTG_KAB_2025_9B03427_S1,2025,Axy,300,4162.313594505729,13
2025-05-16 18:05:00,141.51316999999997,40.558679999999995,BTG_KAB_2025_9B03427_S1,2025,Axy,300,4374.341819753116,13
2025-05-16 18:10:00,141.50551,40.56510000000001,BTG_KAB_2025_9B03427_S1,2025,Axy,300,5303.284032773365,13
2025-05-16 18:15:00,141.48979,40.57996,BTG_KAB_2025_9B03427_S1,2025,Axy,300,7353.4577945655665,13
2025-05-16 18:20:00,141.48184000000003,40.583279999999995,BTG_KAB_2025_9B03427_S1,2025,Axy,300,8110.524749392735,13
2025-05-16 18:25:00,141.48232000000004,40.58374,BTG_KAB_2025_9B03427_S1,2025,Axy,300,8109.853541178352,13
2025-05-16 18:30:00,141.48199000000002,40.58393,BTG_KAB_2025_9B03427_S1,2025,Axy,300,8144.857505608773,13
2025-05-16 18:35:00,141.48235000000003,40.583859999999994,BTG_KAB_2025_9B03427_S1,2025,Axy,300,8116.095737671514,13
2025-05-16 18:40:00,141.48220000000003,40.58389,BTG_KAB_2025_9B03427_S1,2025,Axy,300,8128.134598833395,13
2025-05-16 18:45:00,141.48218000000003,40.58396,BTG_KAB_2025_9B03427_S1,2025,Axy,300,8134.273297691088,13
2025-05-16 18:50:00,141.48241000000004,40.583859999999994,BTG_KAB_2025_9B03427_S1,2025,Axy,300,8112.1061060896,13
2025-05-16 18:55:00,141.49448,40.582550000000005,BTG_KAB_2025_9B03427_S1,2025,Axy,300,7238.20548438348,13
2025-05-16 19:00:00,141.49973,40.5809,BTG_KAB_2025_9B03427_S1,2025,Axy,300,6788.321494469705,13
2025-05-16 19:05:00,141.50777,40.57689,BTG_KAB_2025_9B03427_S1,2025,Axy,300,5990.544890320229,13
2025-05-16 19:10:00,141.50654999999998,40.575050000000005,BTG_KAB_2025_9B03427_S1,2025,Axy,300,5922.374428579617,13
2025-05-16 19:15:00,141.50694000000001,40.574510000000004,BTG_KAB_2025_9B03427_S1,2025,Axy,300,5857.333279500364,13
2025-05-16 19:20:00,141.50766,40.574310000000004,BTG_KAB_2025_9B03427_S1,2025,Axy,300,5797.601497702136,13
2025-05-16 19:25:00,141.50798,40.57403,BTG_KAB_2025_9B03427_S1,2025,Axy,300,5756.571622916026,13
2025-05-16 19:30:00,141.50816,40.57378,BTG_KAB_2025_9B03427_S1,2025,Axy,300,5726.48472439441,13
2025-05-16 19:35:00,141.50807,40.57307,BTG_KAB_2025_9B03427_S1,2025,Axy,300,5678.646977699037,13
2025-05-16 19:40:00,141.5101,40.57286,BTG_KAB_2025_9B03427_S1,2025,Axy,300,5536.7900505030475,13
2025-05-16 19:45:00,141.50854,40.572340000000004,BTG_KAB_2025_9B03427_S1,2025,Axy,300,5594.7203479716045,13
2025-05-16 19:50:00,141.50785,40.57199,BTG_KAB_2025_9B03427_S1,2025,Axy,300,5612.5256673489985,13
2025-05-16 19:55:00,141.50931,40.57178,BTG_KAB_2025_9B03427_S1,2025,Axy,300,5504.655912339321,13
2025-05-16 20:00:00,141.50945,40.571310000000004,BTG_KAB_2025_9B03427_S1,2025,Axy,300,5461.015279532204,13
2025-05-16 20:05:00,141.51014,40.57114,BTG_KAB_2025_9B03427_S1,2025,Axy,300,5404.875251694292,13
2025-05-16 20:10:00,141.51252,40.56987,BTG_KAB_2025_9B03427_S1,2025,Axy,300,5160.788310539695,13
2025-05-16 20:15:00,141.515,40.56798,BTG_KAB_2025_9B03427_S1,2025,Axy,300,4864.239589014885,13
2025-05-16 20:20:00,141.5164,40.56758,BTG_KAB_2025_9B03427_S1,2025,Axy,300,4746.721425232764,13
2025-05-16 20:25:00,141.51677999999998,40.56739,BTG_KAB_2025_9B03427_S1,2025,Axy,300,4708.763814838438,13
2025-05-16 20:30:00,141.51733000000002,40.56701,BTG_KAB_2025_9B03427_S1,2025,Axy,300,4645.918549641752,13
2025-05-16 20:35:00,141.51757999999998,40.5666,BTG_KAB_2025_9B03427_S1,2025,Axy,300,4599.508686500586,13
2025-05-16 20:40:00,141.51784,40.566230000000004,BTG_KAB_2025_9B03427_S1,2025,Axy,300,4555.5416485055275,13
2025-05-16 20:45:00,141.51788,40.566030000000005,BTG_KAB_2025_9B03427_S1,2025,Axy,300,4538.107925013463,13
2025-05-16 20:50:00,141.51788,40.56571000000001,BTG_KAB_2025_9B03427_S1,2025,Axy,300,4514.345413009219,13
2025-05-16 20:55:00,141.51793,40.56535000000001,BTG_KAB_2025_9B03427_S1,2025,Axy,300,4484.624197845738,13
2025-05-16 21:00:00,141.5178,40.56495,BTG_KAB_2025_9B03427_S1,2025,Axy,300,4463.652873915974,13
2025-05-16 21:05:00,141.51766999999998,40.56477,BTG_KAB_2025_9B03427_S1,2025,Axy,300,4458.929363754772,13
2025-05-16 21:10:00,141.51764999999997,40.56407,BTG_KAB_2025_9B03427_S1,2025,Axy,300,4409.988280004988,13
2025-05-16 21:15:00,141.51733000000002,40.563120000000005,BTG_KAB_2025_9B03427_S1,2025,Axy,300,4364.273948216365,13
2025-05-16 21:20:00,141.51713,40.56239000000001,BTG_KAB_2025_9B03427_S1,2025,Axy,300,4327.599959426155,13
2025-05-16 21:25:00,141.51714,40.56206,BTG_KAB_2025_9B03427_S1,2025,Axy,300,4304.666115047072,13
2025-05-16 21:30:00,141.51124000000002,40.5643,BTG_KAB_2025_9B03427_S1,2025,Axy,300,4854.137938146165,13
2025-05-16 21:35:00,141.51172,40.5641,BTG_KAB_2025_9B03427_S1,2025,Axy,300,4808.199519423049,13
2025-05-16 21:40:00,141.51234000000002,40.56425,BTG_KAB_2025_9B03427_S1,2025,Axy,300,4775.761199782885,13
2025-05-16 21:45:00,141.51269,40.56358,BTG_KAB_2025_9B03427_S1,2025,Axy,300,4707.802416964049,13
2025-05-16 21:50:00,141.51339,40.56266,BTG_KAB_2025_9B03427_S1,2025,Axy,300,4599.976319433161,13
2025-05-16 21:55:00,141.51351999999997,40.56183,BTG_KAB_2025_9B03427_S1,2025,Axy,300,4538.03069447259,13
2025-05-16 22:00:00,141.51631,40.55945,BTG_KAB_2025_9B03427_S1,2025,Axy,300,4194.259802267228,13
2025-05-16 22:05:00,141.52372,40.56183,BTG_KAB_2025_9B03427_S1,2025,Axy,300,3858.4817176636016,13
2025-05-16 22:10:00,141.52982,40.56573000000001,BTG_KAB_2025_9B03427_S1,2025,Axy,300,3822.2917814543594,13
2025-05-16 22:15:00,141.52958999999998,40.56582,BTG_KAB_2025_9B03427_S1,2025,Axy,300,3842.17140674036,13
2025-05-16 22:20:00,141.52078,40.563550000000006,BTG_KAB_2025_9B03427_S1,2025,Axy,300,4171.417252424364,13
2025-05-16 22:25:00,141.52056,40.563100000000006,BTG_KAB_2025_9B03427_S1,2025,Axy,300,4152.475396351624,13
2025-05-16 22:30:00,141.52028,40.562020000000004,BTG_KAB_2025_9B03427_S1,2025,Axy,300,4093.2378761162313,13
2025-05-16 22:35:00,141.51293,40.559799999999996,BTG_KAB_2025_9B03427_S1,2025,Axy,300,4456.232791927845,13
2025-05-16 22:40:00,141.51317999999998,40.559979999999996,BTG_KAB_2025_9B03427_S1,2025,Axy,300,4448.891717976989,13
2025-05-16 22:45:00,141.51636,40.560990000000004,BTG_KAB_2025_9B03427_S1,2025,Axy,300,4287.517967353605,13
2025-05-16 22:50:00,141.517,40.559619999999995,BTG_KAB_2025_9B03427_S1,2025,Axy,300,4156.209429566681,13
2025-05-16 22:55:00,141.51827,40.55909,BTG_KAB_2025_9B03427_S1,2025,Axy,300,4034.1728376121705,13
2025-05-16 23:00:00,141.51968999999997,40.55881,BTG_KAB_2025_9B03427_S1,2025,Axy,300,3917.5339677389084,13
2025-05-16 23:05:00,141.52071,40.55907,BTG_KAB_2025_9B03427_S1,2025,Axy,300,3863.927436641555,13
2025-05-16 23:10:00,141.52111000000002,40.558350000000004,BTG_KAB_2025_9B03427_S1,2025,Axy,300,3789.780628305273,13
2025-05-16 23:15:00,141.52155,40.55825,BTG_KAB_2025_9B03427_S1,2025,Axy,300,3752.978339768194,13
2025-05-16 23:20:00,141.52223000000004,40.55842,BTG_KAB_2025_9B03427_S1,2025,Axy,300,3717.3966552842758,13
2025-05-16 23:25:00,141.52261000000001,40.558710000000005,BTG_KAB_2025_9B03427_S1,2025,Axy,300,3710.779737401535,13
2025-05-16 23:30:00,141.52248000000003,40.55875,BTG_KAB_2025_9B03427_S1,2025,Axy,300,3722.2487039616108,13
2025-05-16 23:35:00,141.52077,40.55809,BTG_KAB_2025_9B03427_S1,2025,Axy,300,3796.7872191763045,13
2025-05-16 23:40:00,141.52175,40.55775,BTG_KAB_2025_9B03427_S1,2025,Axy,300,3707.0986242300983,13
2025-05-16 23:45:00,141.52229000000003,40.55824,BTG_KAB_2025_9B03427_S1,2025,Axy,300,3701.496051010526,13
2025-05-16 23:50:00,141.52198,40.559110000000004,BTG_KAB_2025_9B03427_S1,2025,Axy,300,3780.1239660961082,13
2025-05-16 23:55:00,141.52272000000002,40.55574,BTG_KAB_2025_9B03427_S1,2025,Axy,300,3514.4501438090288,13
2025-05-17 00:00:00,141.52399,40.5459,BTG_KAB_2025_9B03427_S1,2025,Axy,300,2960.4674080118543,13
2025-05-17 09:30:00,141.53871,40.563190000000006,BTG_KAB_2025_9B03427_S1,2025,Axy,300,3164.4015745158085,14
2025-05-17 09:35:00,141.50857,40.56297000000001,BTG_KAB_2025_9B03427_S1,2025,Axy,300,4956.759058167934,14
2025-05-17 09:40:00,141.49663,40.563320000000004,BTG_KAB_2025_9B03427_S1,2025,Axy,300,5848.5006969414135,14
2025-05-17 09:45:00,141.49663,40.563300000000005,BTG_KAB_2025_9B03427_S1,2025,Axy,300,5847.4595652278595,14
2025-05-17 09:50:00,141.49707,40.56311000000001,BTG_KAB_2025_9B03427_S1,2025,Axy,300,5804.654470494739,14
2025-05-17 09:55:00,141.49710000000002,40.563210000000005,BTG_KAB_2025_9B03427_S1,2025,Axy,300,5807.622349357118,14
2025-05-17 10:00:00,141.50233000000003,40.56016,BTG_KAB_2025_9B03427_S1,2025,Axy,300,5258.245165330678,14
2025-05-17 10:05:00,141.52256,40.5558,BTG_KAB_2025_9B03427_S1,2025,Axy,300,3529.4518835733593,14
2025-05-17 10:10:00,141.53491,40.56121,BTG_KAB_2025_9B03427_S1,2025,Axy,300,3161.52473215421,14
2025-05-17 10:15:00,141.535,40.561130000000006,BTG_KAB_2025_9B03427_S1,2025,Axy,300,3149.8373901991804,14
2025-05-17 10:20:00,141.53504999999998,40.561150000000005,BTG_KAB_2025_9B03427_S1,2025,Axy,300,3149.029929809954,14
2025-05-17 10:25:00,141.53501,40.56101,BTG_KAB_2025_9B03427_S1,2025,Axy,300,3138.7511390706786,14
2025-05-17 10:30:00,141.53502,40.561150000000005,BTG_KAB_2025_9B03427_S1,2025,Axy,300,3150.572165291046,14
2025-05-17 10:35:00,141.53477999999998,40.56116,BTG_KAB_2025_9B03427_S1,2025,Axy,300,3163.835349876184,14
2025-05-17 10:40:00,141.53494999999998,40.561170000000004,BTG_KAB_2025_9B03427_S1,2025,Axy,300,3155.9385326465654,14
2025-05-17 10:45:00,141.53493,40.561150000000005,BTG_KAB_2025_9B03427_S1,2025,Axy,300,3155.2066283451977,14
2025-05-17 10:50:00,141.53495999999998,40.56118,BTG_KAB_2025_9B03427_S1,2025,Axy,300,3156.3053483858007,14
2025-05-17 10:55:00,141.53493,40.56125,BTG_KAB_2025_9B03427_S1,2025,Axy,300,3164.023467297096,14
2025-05-17 11:00:00,141.53511,40.5612,BTG_KAB_2025_9B03427_S1,2025,Axy,300,3150.368920662697,14
2025-05-17 11:05:00,141.53524000000002,40.56112,BTG_KAB_2025_9B03427_S1,2025,Axy,300,3136.6369662646675,14
2025-05-17 11:10:00,141.53521,40.561110000000006,BTG_KAB_2025_9B03427_S1,2025,Axy,300,3137.2877655997295,14
2025-05-17 11:15:00,141.53501,40.56116,BTG_KAB_2025_9B03427_S1,2025,Axy,300,3151.9687177824035,14
2025-05-17 11:20:00,141.51639,40.56496,BTG_KAB_2025_9B03427_S1,2025,Axy,300,4555.2452655587,14
2025-05-17 11:25:00,141.49424000000002,40.56702,BTG_KAB_2025_9B03427_S1,2025,Axy,300,6225.703050854044,14
2025-05-17 11:30:00,141.49892000000003,40.56472,BTG_KAB_2025_9B03427_S1,2025,Axy,300,5754.645975954171,14
2025-05-17 11:35:00,141.50366999999997,40.55846,BTG_KAB_2025_9B03427_S1,2025,Axy,300,5072.640628589073,14
2025-05-17 11:40:00,141.50585999999998,40.54202,BTG_KAB_2025_9B03427_S1,2025,Axy,300,4399.8812513518915,14
2025-05-17 11:45:00,141.50792,40.5424,BTG_KAB_2025_9B03427_S1,2025,Axy,300,4230.022060816974,14
2025-05-17 11:50:00,141.50772,40.543279999999996,BTG_KAB_2025_9B03427_S1,2025,Axy,300,4257.658181613455,14
2025-05-17 11:55:00,141.50852,40.54299,BTG_KAB_2025_9B03427_S1,2025,Axy,300,4186.541120259975,14
2025-05-17 12:00:00,141.50785,40.54326,BTG_KAB_2025_9B03427_S1,2025,Axy,300,4246.457189544471,14
2025-05-17 12:05:00,141.50809,40.5431,BTG_KAB_2025_9B03427_S1,2025,Axy,300,4224.146362754756,14
2025-05-17 12:10:00,141.50755999999998,40.54343,BTG_KAB_2025_9B03427_S1,2025,Axy,300,4273.16334441933,14
2025-05-17 12:15:00,141.50842000000003,40.542950000000005,BTG_KAB_2025_9B03427_S1,2025,Axy,300,4194.443516485851,14
2025-05-17 12:20:00,141.50811000000002,40.5432,BTG_KAB_2025_9B03427_S1,2025,Axy,300,4223.787543695204,14
2025-05-17 12:25:00,141.50827,40.54284,BTG_KAB_2025_9B03427_S1,2025,Axy,300,4205.687332631086,14
2025-05-17 12:30:00,141.5125,40.54471,BTG_KAB_2025_9B03427_S1,2025,Axy,300,3880.5747380209996,14
2025-05-17 12:35:00,141.51331,40.54463,BTG_KAB_2025_9B03427_S1,2025,Axy,300,3811.462079332174,14
2025-05-17 12:40:00,141.51305999999997,40.544689999999996,BTG_KAB_2025_9B03427_S1,2025,Axy,300,3833.48091313706,14
2025-05-17 12:45:00,141.51349999999996,40.5445,BTG_KAB_2025_9B03427_S1,2025,Axy,300,3793.1031300527366,14
2025-05-17 12:50:00,141.51310999999998,40.544779999999996,BTG_KAB_2025_9B03427_S1,2025,Axy,300,3831.0848375970195,14
2025-05-17 12:55:00,141.51316999999997,40.54508,BTG_KAB_2025_9B03427_S1,2025,Axy,300,3832.1852074404837,14
2025-05-17 13:00:00,141.51504,40.551739999999995,BTG_KAB_2025_9B03427_S1,2025,Axy,300,3889.3579638862825,14
2025-05-17 13:05:00,141.51602,40.556659999999994,BTG_KAB_2025_9B03427_S1,2025,Axy,300,4052.969088926401,14
2025-05-17 13:10:00,141.51594999999998,40.55658,BTG_KAB_2025_9B03427_S1,2025,Axy,300,4053.743992410588,14
2025-05-17 13:15:00,141.51605999999998,40.55663,BTG_KAB_2025_9B03427_S1,2025,Axy,300,4048.3773475247567,14
2025-05-17 13:20:00,141.51603,40.55667,BTG_KAB_2025_9B03427_S1,2025,Axy,300,4052.7821893290784,14
2025-05-17 13:25:00,141.51595999999998,40.5567,BTG_KAB_2025_9B03427_S1,2025,Axy,300,4059.58267057937,14
2025-05-17 13:30:00,141.51594999999998,40.55659,BTG_KAB_2025_9B03427_S1,2025,Axy,300,4054.2906227305903,14
2025-05-17 13:35:00,141.51611,40.55665,BTG_KAB_2025_9B03427_S1,2025,Axy,300,4045.7952937107916,14
2025-05-17 13:40:00,141.51593,40.55647,BTG_KAB_2025_9B03427_S1,2025,Axy,300,4049.2231447216427,14
2025-05-17 13:45:00,141.51604,40.55653,BTG_KAB_2025_9B03427_S1,2025,Axy,300,4044.3759525494647,14
2025-05-17 13:50:00,141.53476999999998,40.559219999999996,BTG_KAB_2025_9B03427_S1,2025,Axy,300,2996.7601455601184,14
2025-05-17 13:55:00,141.53481,40.55912,BTG_KAB_2025_9B03427_S1,2025,Axy,300,2986.0956563195937,14
2025-05-17 14:00:00,141.53506,40.55919,BTG_KAB_2025_9B03427_S1,2025,Axy,300,2978.4080315416527,14
2025-05-17 14:05:00,141.53486999999998,40.55923,BTG_KAB_2025_9B03427_S1,2025,Axy,300,2992.1499779544347,14
2025-05-17 14:10:00,141.53472,40.55923,BTG_KAB_2025_9B03427_S1,2025,Axy,300,3000.3427866166585,14
2025-05-17 14:15:00,141.53489,40.55927,BTG_KAB_2025_9B03427_S1,2025,Axy,300,2994.4619599026128,14
2025-05-17 14:20:00,141.51782,40.54658,BTG_KAB_2025_9B03427_S1,2025,Axy,300,3484.5672119740907,14
2025-05-17 14:25:00,141.51245,40.54431,BTG_KAB_2025_9B03427_S1,2025,Axy,300,3877.2534717194226,14
2025-05-17 14:30:00,141.51271,40.54439,BTG_KAB_2025_9B03427_S1,2025,Axy,300,3856.9920909484704,14
2025-05-17 14:35:00,141.51253,40.544399999999996,BTG_KAB_2025_9B03427_S1,2025,Axy,300,3872.212882613327,14
2025-05-17 14:40:00,141.51272,40.544259999999994,BTG_KAB_2025_9B03427_S1,2025,Axy,300,3853.782314131978,14
2025-05-17 14:45:00,141.51182,40.557469999999995,BTG_KAB_2025_9B03427_S1,2025,Axy,300,4407.725681597744,14
2025-05-17 14:50:00,141.51194,40.557379999999995,BTG_KAB_2025_9B03427_S1,2025,Axy,300,4394.036527779256,14
2025-05-17 14:55:00,141.51185999999998,40.557489999999994,BTG_KAB_2025_9B03427_S1,2025,Axy,300,4405.800877926955,14
2025-05-17 15:00:00,141.51147,40.5581,BTG_KAB_2025_9B03427_S1,2025,Axy,300,4467.294583888393,14
2025-05-17 15:05:00,141.49971,40.564330000000005,BTG_KAB_2025_9B03427_S1,2025,Axy,300,5675.037916249025,14
2025-05-17 15:10:00,141.50419,40.559239999999996,BTG_KAB_2025_9B03427_S1,2025,Axy,300,5071.522803916474,14
2025-05-17 15:15:00,141.50763,40.55844,BTG_KAB_2025_9B03427_S1,2025,Axy,300,4771.742357751241,14
2025-05-17 15:20:00,141.50745,40.55847,BTG_KAB_2025_9B03427_S1,2025,Axy,300,4786.806803645232,14
2025-05-17 15:25:00,141.50735,40.55834,BTG_KAB_2025_9B03427_S1,2025,Axy,300,4787.705253119299,14
2025-05-17 15:30:00,141.50752,40.558370000000004,BTG_KAB_2025_9B03427_S1,2025,Axy,300,4776.435491426994,14
2025-05-17 15:35:00,141.50763,40.55845,BTG_KAB_2025_9B03427_S1,2025,Axy,300,4772.254721818422,14
2025-05-17 15:40:00,141.50742000000002,40.55849,BTG_KAB_2025_9B03427_S1,2025,Axy,300,4790.085031359597,14
2025-05-17 15:45:00,141.5077,40.558370000000004,BTG_KAB_2025_9B03427_S1,2025,Axy,300,4762.898254477434,14
2025-05-17 15:50:00,141.50779,40.55839,BTG_KAB_2025_9B03427_S1,2025,Axy,300,4757.158185864874,14
2025-05-17 15:55:00,141.50804000000002,40.55838,BTG_KAB_2025_9B03427_S1,2025,Axy,300,4737.87053113191,14
2025-05-17 16:00:00,141.50775,40.55844,BTG_KAB_2025_9B03427_S1,2025,Axy,300,4762.727387581375,14
2025-05-17 16:05:00,141.50820000000002,40.558330000000005,BTG_KAB_2025_9B03427_S1,2025,Axy,300,4723.289224991245,14
2025-05-17 16:10:00,141.50777,40.558310000000006,BTG_KAB_2025_9B03427_S1,2025,Axy,300,4754.568432882189,14
2025-05-17 16:15:00,141.50798,40.55838,BTG_KAB_2025_9B03427_S1,2025,Axy,300,4742.374738437787,14
2025-05-17 16:20:00,141.50786,40.55832,BTG_KAB_2025_9B03427_S1,2025,Axy,300,4748.312915702455,14
2025-05-17 16:25:00,141.50793000000002,40.558350000000004,BTG_KAB_2025_9B03427_S1,2025,Axy,300,4744.589642102936,14
2025-05-17 16:30:00,141.51095999999998,40.54777,BTG_KAB_2025_9B03427_S1,2025,Axy,300,4080.224033806946,14
2025-05-17 16:35:00,141.50978999999998,40.54327,BTG_KAB_2025_9B03427_S1,2025,Axy,300,4083.5186607765977,14
2025-05-17 16:40:00,141.50970999999998,40.54307,BTG_KAB_2025_9B03427_S1,2025,Axy,300,4087.4946524534093,14
2025-05-17 16:45:00,141.51024999999998,40.54322,BTG_KAB_2025_9B03427_S1,2025,Axy,300,4044.1612324236557,14
2025-05-17 16:50:00,141.51028,40.54319,BTG_KAB_2025_9B03427_S1,2025,Axy,300,4041.2201735097883,14
2025-05-17 16:55:00,141.51034,40.54321,BTG_KAB_2025_9B03427_S1,2025,Axy,300,4036.4578209078973,14
2025-05-17 17:00:00,141.51037,40.54319,BTG_KAB_2025_9B03427_S1,2025,Axy,300,4033.656545054644,14
2025-05-17 17:05:00,141.51034,40.5432,BTG_KAB_2025_9B03427_S1,2025,Axy,300,4036.3176246839002,14
2025-05-17 17:10:00,141.5103,40.54318,BTG_KAB_2025_9B03427_S1,2025,Axy,300,4039.3998691831675,14
2025-05-17 17:15:00,141.51039,40.5432,BTG_KAB_2025_9B03427_S1,2025,Axy,300,4032.1158118459084,14
2025-05-17 17:20:00,141.51035,40.54317,BTG_KAB_2025_9B03427_S1,2025,Axy,300,4035.0583841467815,14
2025-05-17 17:25:00,141.51037,40.54319,BTG_KAB_2025_9B03427_S1,2025,Axy,300,4033.656545054644,14
2025-05-17 17:30:00,141.51038,40.54309,BTG_KAB_2025_9B03427_S1,2025,Axy,300,4031.432584698838,14
2025-05-17 17:35:00,141.52185,40.541619999999995,BTG_KAB_2025_9B03427_S1,2025,Axy,300,3047.337221303054,14
2025-05-19 07:10:00,141.60282,40.57004,BTG_KAB_2025_9B03427_S1,2025,Axy,300,5181.873039831977,15
2025-05-19 07:15:00,141.63243000000003,40.592780000000005,BTG_KAB_2025_9B03427_S1,2025,Axy,300,8737.466511783774,15
2025-05-19 07:20:00,141.67924,40.6193,BTG_KAB_2025_9B03427_S1,2025,Axy,300,13651.346296763015,15
2025-05-19 07:25:00,141.72669,40.64627,BTG_KAB_2025_9B03427_S1,2025,Axy,300,18649.69721880018,15
2025-05-19 07:30:00,141.76837,40.67475,BTG_KAB_2025_9B03427_S1,2025,Axy,300,23382.73496437248,15
2025-05-19 07:35:00,141.81097,40.699960000000004,BTG_KAB_2025_9B03427_S1,2025,Axy,300,27940.785192992334,15
2025-05-19 07:40:00,141.85318,40.718540000000004,BTG_KAB_2025_9B03427_S1,2025,Axy,300,32009.613899324613,15
2025-05-19 07:45:00,141.89775,40.71714,BTG_KAB_2025_9B03427_S1,2025,Axy,300,34946.57285368835,15
2025-05-19 07:50:00,141.9452,40.724070000000005,BTG_KAB_2025_9B03427_S1,2025,Axy,300,38722.63275940259,15
2025-05-19 07:55:00,141.97575999999998,40.73189,BTG_KAB_2025_9B03427_S1,2025,Axy,300,41377.10348816792,15
2025-05-19 08:00:00,141.98785,40.7342,BTG_KAB_2025_9B03427_S1,2025,Axy,300,42385.183067770835,15
2025-05-19 08:05:00,141.97147,40.72086,BTG_KAB_2025_9B03427_S1,2025,Axy,300,40443.07509707975,15
2025-05-19 08:10:00,141.94893000000002,40.70454,BTG_KAB_2025_9B03427_S1,2025,Axy,300,37893.64804418059,15
2025-05-19 08:15:00,141.92851000000002,40.685230000000004,BTG_KAB_2025_9B03427_S1,2025,Axy,300,35360.26736589445,15
2025-05-19 08:20:00,141.90666,40.66471000000001,BTG_KAB_2025_9B03427_S1,2025,Axy,300,32694.695924352094,15
2025-05-19 08:25:00,141.87821000000002,40.64238,BTG_KAB_2025_9B03427_S1,2025,Axy,300,29485.663913847933,15
2025-05-19 08:30:00,141.84737,40.61827,BTG_KAB_2025_9B03427_S1,2025,Axy,300,26080.387330973892,15
2025-05-19 08:35:00,141.81741000000002,40.595220000000005,BTG_KAB_2025_9B03427_S1,2025,Axy,300,22881.909671950852,15
2025-05-19 08:40:00,141.79009,40.56824,BTG_KAB_2025_9B03427_S1,2025,Axy,300,19964.807616630795,15
2025-05-19 08:45:00,141.75341,40.54585,BTG_KAB_2025_9B03427_S1,2025,Axy,300,16607.189669931016,15
2025-05-19 08:50:00,141.71584,40.53219000000001,BTG_KAB_2025_9B03427_S1,2025,Axy,300,13425.252840899662,15
2025-05-19 08:55:00,141.67634999999999,40.52446,BTG_KAB_2025_9B03427_S1,2025,Axy,300,10183.085387976154,15
2025-05-19 09:00:00,141.63514,40.520830000000004,BTG_KAB_2025_9B03427_S1,2025,Axy,300,6859.870688973742,15
2025-05-19 09:05:00,141.58274000000003,40.53654,BTG_KAB_2025_9B03427_S1,2025,Axy,300,2141.93370548224,15
2025-05-19 09:10:00,141.56801000000002,40.543510000000005,BTG_KAB_2025_9B03427_S1,2025,Axy,300,1036.2437041355893,15
2025-05-09 15:20:00,141.54505999999998,40.538700000000006,BTG_KAB_2025_9B40989_S2,2025,Axy,300,1062.6910894118046,1
2025-05-09 15:25:00,141.51952999999997,40.5473,BTG_KAB_2025_9B40989_S2,2025,Axy,300,3366.696171671525,1
2025-05-09 15:30:00,141.51651999999999,40.54739,BTG_KAB_2025_9B40989_S2,2025,Axy,300,3614.3983125627515,1
2025-05-09 15:35:00,141.51308999999998,40.54824,BTG_KAB_2025_9B40989_S2,2025,Axy,300,3919.6544529792673,1
2025-05-09 15:40:00,141.51318999999998,40.54826,BTG_KAB_2025_9B40989_S2,2025,Axy,300,3912.1129040509354,1
2025-05-09 15:45:00,141.51714,40.55547,BTG_KAB_2025_9B40989_S2,2025,Axy,300,3905.768386762063,1
2025-05-09 15:50:00,141.51755999999997,40.556259999999995,BTG_KAB_2025_9B40989_S2,2025,Axy,300,3917.7189949838494,1
2025-05-09 15:55:00,141.51749999999998,40.55625,BTG_KAB_2025_9B40989_S2,2025,Axy,300,3921.565552110345,1
2025-05-09 16:00:00,141.51726,40.55649,BTG_KAB_2025_9B40989_S2,2025,Axy,300,3952.507301610067,1
2025-05-09 16:05:00,141.51728,40.55625,BTG_KAB_2025_9B40989_S2,2025,Axy,300,3937.7197866869437,1
2025-05-09 16:10:00,141.51738,40.55639,BTG_KAB_2025_9B40989_S2,2025,Axy,300,3938.143945292313,1
2025-05-09 16:15:00,141.51742000000002,40.556259999999995,BTG_KAB_2025_9B40989_S2,2025,Axy,300,3927.991140081761,1
2025-05-09 16:20:00,141.51731,40.55634,BTG_KAB_2025_9B40989_S2,2025,Axy,300,3940.498655678394,1
2025-05-09 16:25:00,141.5174,40.55638,BTG_KAB_2025_9B40989_S2,2025,Axy,300,3936.1215647735944,1
2025-05-09 16:30:00,141.51761,40.55625,BTG_KAB_2025_9B40989_S2,2025,Axy,300,3913.496707404472,1
2025-05-09 16:35:00,141.51769,40.55629,BTG_KAB_2025_9B40989_S2,2025,Axy,300,3909.860059971851,1
2025-05-09 16:40:00,141.53491,40.55887,BTG_KAB_2025_9B40989_S2,2025,Axy,300,2959.4655379969404,1
2025-05-09 16:45:00,141.53465999999997,40.55878,BTG_KAB_2025_9B40989_S2,2025,Axy,300,2965.7083079537897,1
2025-05-09 16:50:00,141.53464999999997,40.55894,BTG_KAB_2025_9B40989_S2,2025,Axy,300,2979.7030305077924,1
2025-05-09 16:55:00,141.53481,40.55914,BTG_KAB_2025_9B40989_S2,2025,Axy,300,2987.790047220536,1
2025-05-09 17:00:00,141.53504,40.559,BTG_KAB_2025_9B40989_S2,2025,Axy,300,2963.341210764164,1
2025-05-09 17:05:00,141.5347,40.55895,BTG_KAB_2025_9B40989_S2,2025,Axy,300,2977.7834508519836,1
2025-05-09 17:10:00,141.53452,40.55877,BTG_KAB_2025_9B40989_S2,2025,Axy,300,2972.656517316068,1
2025-05-09 17:15:00,141.53507,40.5589,BTG_KAB_2025_9B40989_S2,2025,Axy,300,2953.221506707282,1
2025-05-09 17:20:00,141.53474,40.55894,BTG_KAB_2025_9B40989_S2,2025,Axy,300,2974.7342170325282,1
2025-05-09 17:25:00,141.53432,40.55883,BTG_KAB_2025_9B40989_S2,2025,Axy,300,2988.8295021796084,1
2025-05-09 17:30:00,141.53493,40.558859999999996,BTG_KAB_2025_9B40989_S2,2025,Axy,300,2957.5209831056604,1
2025-05-09 17:35:00,141.53476999999998,40.55895,BTG_KAB_2025_9B40989_S2,2025,Axy,300,2973.923797207854,1
2025-05-09 17:40:00,141.52027,40.547839999999994,BTG_KAB_2025_9B40989_S2,2025,Axy,300,3324.6790086208684,1
2025-05-09 17:45:00,141.51979999999998,40.547489999999996,BTG_KAB_2025_9B40989_S2,2025,Axy,300,3350.9366751332386,1
2025-05-09 17:50:00,141.52341,40.54571000000001,BTG_KAB_2025_9B40989_S2,2025,Axy,300,3002.1485042070135,1
2025-05-09 17:55:00,141.52335,40.545410000000004,BTG_KAB_2025_9B40989_S2,2025,Axy,300,2998.4925088519267,1
2025-05-09 18:00:00,141.52327,40.545350000000006,BTG_KAB_2025_9B40989_S2,2025,Axy,300,3003.3845638870107,1
2025-05-09 18:05:00,141.52357999999998,40.54568,BTG_KAB_2025_9B40989_S2,2025,Axy,300,2987.3783879570847,1
2025-05-09 18:10:00,141.52317,40.54538,BTG_KAB_2025_9B40989_S2,2025,Axy,300,3012.418706865988,1
2025-05-09 18:15:00,141.52354999999997,40.545590000000004,BTG_KAB_2025_9B40989_S2,2025,Axy,300,2987.22218740627,1
2025-05-09 18:20:00,141.52349999999998,40.5454,BTG_KAB_2025_9B40989_S2,2025,Axy,300,2985.9164413538706,1
2025-05-09 18:25:00,141.52328,40.54556,BTG_KAB_2025_9B40989_S2,2025,Axy,300,3008.460628959356,1
2025-05-09 18:30:00,141.52418,40.545730000000006,BTG_KAB_2025_9B40989_S2,2025,Axy,300,2939.8566981055455,1
2025-05-09 18:35:00,141.52298000000002,40.54546,BTG_KAB_2025_9B40989_S2,2025,Axy,300,3030.2246794505863,1
2025-05-09 18:40:00,141.52346,40.54554,BTG_KAB_2025_9B40989_S2,2025,Axy,300,2993.1537148404173,1
2025-05-09 18:45:00,141.52349,40.54547,BTG_KAB_2025_9B40989_S2,2025,Axy,300,2988.7075391882486,1
2025-05-09 18:50:00,141.52353,40.54551000000001,BTG_KAB_2025_9B40989_S2,2025,Axy,300,2986.567382281184,1
2025-05-09 18:55:00,141.52358999999998,40.5454,BTG_KAB_2025_9B40989_S2,2025,Axy,300,2978.540094205538,1
2025-05-09 19:00:00,141.52328,40.54545,BTG_KAB_2025_9B40989_S2,2025,Axy,300,3005.3508884394705,1
2025-05-09 19:05:00,141.5248,40.549279999999996,BTG_KAB_2025_9B40989_S2,2025,Axy,300,3021.0544466478786,1
2025-05-09 19:10:00,141.53867,40.570710000000005,BTG_KAB_2025_9B40989_S2,2025,Axy,300,3909.044916421153,1
2025-05-09 19:15:00,141.53981,40.5713,BTG_KAB_2025_9B40989_S2,2025,Axy,300,3930.8626287692327,1
2025-05-09 19:20:00,141.54072,40.57156,BTG_KAB_2025_9B40989_S2,2025,Axy,300,3928.838477445847,1
2025-05-09 19:25:00,141.54189,40.571889999999996,BTG_KAB_2025_9B40989_S2,2025,Axy,300,3928.321452680195,1
2025-05-09 19:30:00,141.54285,40.5722,BTG_KAB_2025_9B40989_S2,2025,Axy,300,3934.149936807967,1
2025-05-09 19:35:00,141.55212000000003,40.58594,BTG_KAB_2025_9B40989_S2,2025,Axy,300,5276.675552231016,1
2025-05-09 19:40:00,141.5532,40.58558,BTG_KAB_2025_9B40989_S2,2025,Axy,300,5229.538707266116,1
2025-05-09 19:45:00,141.55469,40.58531000000001,BTG_KAB_2025_9B40989_S2,2025,Axy,300,5192.109194664227,1
2025-05-09 19:50:00,141.55605,40.584759999999996,BTG_KAB_2025_9B40989_S2,2025,Axy,300,5126.856820211071,1
2025-05-09 19:55:00,141.55756,40.584439999999994,BTG_KAB_2025_9B40989_S2,2025,Axy,300,5089.63590508874,1
2025-05-09 20:00:00,141.55877,40.58407,BTG_KAB_2025_9B40989_S2,2025,Axy,300,5049.514781035553,1
2025-05-09 20:05:00,141.55999,40.58356,BTG_KAB_2025_9B40989_S2,2025,Axy,300,4996.005570608752,1
2025-05-09 20:10:00,141.5607,40.583059999999996,BTG_KAB_2025_9B40989_S2,2025,Axy,300,4943.354104438966,1
2025-05-09 20:15:00,141.56189,40.5829,BTG_KAB_2025_9B40989_S2,2025,Axy,300,4932.005300537349,1
2025-05-09 20:20:00,141.56345,40.58266,BTG_KAB_2025_9B40989_S2,2025,Axy,300,4916.971087615769,1
2025-05-09 20:25:00,141.56464999999997,40.58244,BTG_KAB_2025_9B40989_S2,2025,Axy,300,4903.994188583429,1
2025-05-09 20:30:00,141.56602,40.581979999999994,BTG_KAB_2025_9B40989_S2,2025,Axy,300,4868.926843810117,1
2025-05-09 20:35:00,141.56747000000001,40.5817,BTG_KAB_2025_9B40989_S2,2025,Axy,300,4857.783714709025,1
2025-05-09 20:40:00,141.56906999999998,40.58137,BTG_KAB_2025_9B40989_S2,2025,Axy,300,4847.011855822599,1
2025-05-09 20:45:00,141.57061,40.58099,BTG_KAB_2025_9B40989_S2,2025,Axy,300,4833.72350146926,1
2025-05-09 20:50:00,141.57253,40.5807,BTG_KAB_2025_9B40989_S2,2025,Axy,300,4842.261267049342,1
2025-05-09 20:55:00,141.57451999999998,40.58001,BTG_KAB_2025_9B40989_S2,2025,Axy,300,4815.767308378547,1
2025-05-09 21:00:00,141.57704,40.5793,BTG_KAB_2025_9B40989_S2,2025,Axy,300,4809.36512334301,1
2025-05-09 21:05:00,141.5789,40.57884,BTG_KAB_2025_9B40989_S2,2025,Axy,300,4818.135418192627,1
2025-05-09 21:10:00,141.58089,40.578430000000004,BTG_KAB_2025_9B40989_S2,2025,Axy,300,4842.11786158687,1
2025-05-09 21:15:00,141.58001000000002,40.584489999999995,BTG_KAB_2025_9B40989_S2,2025,Axy,300,5437.093759681438,1
2025-05-09 21:20:00,141.58232000000004,40.5836,BTG_KAB_2025_9B40989_S2,2025,Axy,300,5417.144414209967,1
2025-05-09 21:25:00,141.58397,40.58241,BTG_KAB_2025_9B40989_S2,2025,Axy,300,5352.296866289389,1
2025-05-09 21:30:00,141.58624000000003,40.5813,BTG_KAB_2025_9B40989_S2,2025,Axy,300,5325.298724948443,1
2025-05-09 21:35:00,141.58371,40.58607,BTG_KAB_2025_9B40989_S2,2025,Axy,300,5715.596542008018,1
2025-05-09 21:40:00,141.57856999999998,40.58451,BTG_KAB_2025_9B40989_S2,2025,Axy,300,5397.837210770836,1
2025-05-09 21:45:00,141.58086,40.583639999999995,BTG_KAB_2025_9B40989_S2,2025,Axy,300,5374.707468634001,1
2025-05-09 21:50:00,141.58327,40.58264,BTG_KAB_2025_9B40989_S2,2025,Axy,300,5351.16180287345,1
2025-05-09 21:55:00,141.58514000000002,40.58181999999999,BTG_KAB_2025_9B40989_S2,2025,Axy,300,5335.391804991547,1
2025-05-09 22:00:00,141.58736000000002,40.5807,BTG_KAB_2025_9B40989_S2,2025,Axy,300,5310.428829706718,1
2025-05-09 22:05:00,141.5712,40.569140000000004,BTG_KAB_2025_9B40989_S2,2025,Axy,300,3580.882101606843,1
2025-05-09 22:10:00,141.57154999999997,40.56833000000001,BTG_KAB_2025_9B40989_S2,2025,Axy,300,3505.7139107345606,1
2025-05-09 22:15:00,141.57335999999998,40.567859999999996,BTG_KAB_2025_9B40989_S2,2025,Axy,300,3511.9712446305857,1
2025-05-09 22:20:00,141.57515999999998,40.56743,BTG_KAB_2025_9B40989_S2,2025,Axy,300,3529.3353355384925,1
2025-05-09 22:25:00,141.57717,40.56184,BTG_KAB_2025_9B40989_S2,2025,Axy,300,3066.4969561401,1
2025-05-09 22:30:00,141.57894000000002,40.56125,BTG_KAB_2025_9B40989_S2,2025,Axy,300,3096.629641578288,1
2025-05-09 22:35:00,141.58101000000002,40.56028,BTG_KAB_2025_9B40989_S2,2025,Axy,300,3118.2722300737382,1
2025-05-09 22:40:00,141.58298000000002,40.55932,BTG_KAB_2025_9B40989_S2,2025,Axy,300,3148.2471084314193,1
2025-05-09 22:45:00,141.58537,40.5588,BTG_KAB_2025_9B40989_S2,2025,Axy,300,3249.6978083780273,1
2025-05-09 22:50:00,141.58709000000002,40.5582,BTG_KAB_2025_9B40989_S2,2025,Axy,300,3312.5223680081886,1
2025-05-09 22:55:00,141.58903,40.55721,BTG_KAB_2025_9B40989_S2,2025,Axy,300,3369.6469691549605,1
2025-05-09 23:00:00,141.59081,40.55632,BTG_KAB_2025_9B40989_S2,2025,Axy,300,3432.4282594603033,1
2025-05-09 23:05:00,141.59225,40.555550000000004,BTG_KAB_2025_9B40989_S2,2025,Axy,300,3486.215793544978,1
2025-05-09 23:10:00,141.59409,40.55481999999999,BTG_KAB_2025_9B40989_S2,2025,Axy,300,3576.941153342612,1
2025-05-09 23:15:00,141.59575999999998,40.553999999999995,BTG_KAB_2025_9B40989_S2,2025,Axy,300,3656.43440568303,1
2025-05-09 23:20:00,141.58757,40.54965,BTG_KAB_2025_9B40989_S2,2025,Axy,300,2819.264970291484,1
2025-05-09 23:25:00,141.58698,40.54999,BTG_KAB_2025_9B40989_S2,2025,Axy,300,2791.235366608572,1
2025-05-09 23:30:00,141.58745000000002,40.55023,BTG_KAB_2025_9B40989_S2,2025,Axy,300,2838.8044038485727,1
2025-05-09 23:35:00,141.58687,40.55,BTG_KAB_2025_9B40989_S2,2025,Axy,300,2783.4350772782873,1
2025-05-10 15:55:00,141.52303,40.54779,BTG_KAB_2025_9B40989_S2,2025,Axy,300,3101.276402124981,2
2025-05-10 16:00:00,141.51984,40.55208,BTG_KAB_2025_9B40989_S2,2025,Axy,300,3531.545479808944,2
2025-05-10 16:05:00,141.52662,40.558150000000005,BTG_KAB_2025_9B40989_S2,2025,Axy,300,3405.563216425771,2
2025-05-10 16:10:00,141.52658,40.5583,BTG_KAB_2025_9B40989_S2,2025,Axy,300,3418.8035856486517,2
2025-05-10 16:15:00,141.52678,40.55827,BTG_KAB_2025_9B40989_S2,2025,Axy,300,3403.6611473239736,2
2025-05-10 16:20:00,141.52664000000001,40.55812,BTG_KAB_2025_9B40989_S2,2025,Axy,300,3402.1354560925793,2
2025-05-10 16:25:00,141.52675,40.558170000000004,BTG_KAB_2025_9B40989_S2,2025,Axy,300,3398.5031757447773,2
2025-05-10 16:30:00,141.52664000000001,40.5582,BTG_KAB_2025_9B40989_S2,2025,Axy,300,3407.7993648986026,2
2025-05-10 16:35:00,141.52653,40.55808,BTG_KAB_2025_9B40989_S2,2025,Axy,300,3406.5030813272933,2
2025-05-10 16:40:00,141.52667,40.55824,BTG_KAB_2025_9B40989_S2,2025,Axy,300,3408.6826671293597,2
2025-05-10 16:45:00,141.52653,40.558110000000006,BTG_KAB_2025_9B40989_S2,2025,Axy,300,3408.6183709188012,2
2025-05-10 16:50:00,141.53509,40.55903,BTG_KAB_2025_9B40989_S2,2025,Axy,300,2963.1601022181276,2
2025-05-10 16:55:00,141.53517,40.55895,BTG_KAB_2025_9B40989_S2,2025,Axy,300,2952.0003056693295,2
2025-05-10 17:00:00,141.53541,40.5591,BTG_KAB_2025_9B40989_S2,2025,Axy,300,2951.776664180542,2
2025-05-10 17:05:00,141.53545,40.559219999999996,BTG_KAB_2025_9B40989_S2,2025,Axy,300,2959.912092100997,2
2025-05-10 17:10:00,141.53511,40.55883,BTG_KAB_2025_9B40989_S2,2025,Axy,300,2945.1017786388898,2
2025-05-10 17:15:00,141.53501,40.55885,BTG_KAB_2025_9B40989_S2,2025,Axy,300,2952.279408192031,2
2025-05-10 17:20:00,141.53508,40.55801,BTG_KAB_2025_9B40989_S2,2025,Axy,300,2877.962082226025,2
2025-05-11 03:20:00,141.56226,40.55318,BTG_KAB_2025_9B40989_S2,2025,Axy,300,1665.73550327586,3
2025-05-11 03:25:00,141.55642000000003,40.58401,BTG_KAB_2025_9B40989_S2,2025,Axy,300,5042.880380692435,3
2025-05-11 03:30:00,141.54742000000002,40.58465999999999,BTG_KAB_2025_9B40989_S2,2025,Axy,300,5186.270850473123,3
2025-05-11 03:35:00,141.55417,40.59484,BTG_KAB_2025_9B40989_S2,2025,Axy,300,6251.276919393477,3
2025-05-11 03:40:00,141.57109,40.62515000000001,BTG_KAB_2025_9B40989_S2,2025,Axy,300,9677.926702589117,3
2025-05-11 03:45:00,141.56339,40.67866,BTG_KAB_2025_9B40989_S2,2025,Axy,300,15560.172682604163,3
2025-05-11 03:50:00,141.56225,40.681979999999996,BTG_KAB_2025_9B40989_S2,2025,Axy,300,15925.998054559546,3
2025-05-11 03:55:00,141.55953,40.71622,BTG_KAB_2025_9B40989_S2,2025,Axy,300,19724.102497271135,3
2025-05-11 04:00:00,141.56243000000003,40.75634,BTG_KAB_2025_9B40989_S2,2025,Axy,300,24182.153775719777,3
2025-05-11 04:05:00,141.57456999999997,40.7944,BTG_KAB_2025_9B40989_S2,2025,Axy,300,28441.4617512196,3
2025-05-11 04:10:00,141.57426999999998,40.8345,BTG_KAB_2025_9B40989_S2,2025,Axy,300,32888.562739380526,3
2025-05-11 04:15:00,141.57137,40.871559999999995,BTG_KAB_2025_9B40989_S2,2025,Axy,300,36992.22387990177,3
2025-05-11 04:20:00,141.56265,40.90027,BTG_KAB_2025_9B40989_S2,2025,Axy,300,40164.482287469655,3
2025-05-11 04:25:00,141.56711,40.92199,BTG_KAB_2025_9B40989_S2,2025,Axy,300,42581.846419801965,3
2025-05-11 04:30:00,141.57845,40.94067999999999,BTG_KAB_2025_9B40989_S2,2025,Axy,300,44684.551888035196,3
2025-05-11 04:35:00,141.58963,40.96149,BTG_KAB_2025_9B40989_S2,2025,Axy,300,47038.68225280088,3
2025-05-11 04:40:00,141.61826,40.97121,BTG_KAB_2025_9B40989_S2,2025,Axy,300,48312.59494651094,3
2025-05-11 04:50:00,141.68096,40.987579999999994,BTG_KAB_2025_9B40989_S2,2025,Axy,600,50934.563381631066,3
2025-05-11 04:55:00,141.70418999999998,40.99686,BTG_KAB_2025_9B40989_S2,2025,Axy,300,52372.15201209159,3
2025-05-11 05:00:00,141.72764,41.00939,BTG_KAB_2025_9B40989_S2,2025,Axy,300,54215.22014882742,3
2025-05-11 05:05:00,141.73036,41.014869999999995,BTG_KAB_2025_9B40989_S2,2025,Axy,300,54862.748824882125,3
2025-05-11 05:10:00,141.73050999999998,40.99513000000001,BTG_KAB_2025_9B40989_S2,2025,Axy,300,52756.735268004944,3
2025-05-11 05:15:00,141.74014,40.974689999999995,BTG_KAB_2025_9B40989_S2,2025,Axy,300,50820.6898101084,3
2025-05-11 05:20:00,141.74390999999997,40.96204,BTG_KAB_2025_9B40989_S2,2025,Axy,300,49584.437811608586,3
2025-05-11 05:25:00,141.74265999999997,40.95188999999999,BTG_KAB_2025_9B40989_S2,2025,Axy,300,48483.073662948016,3
2025-05-11 05:30:00,141.73847,40.94204,BTG_KAB_2025_9B40989_S2,2025,Axy,300,47333.88949461423,3
2025-05-11 05:35:00,141.73397999999997,40.93138,BTG_KAB_2025_9B40989_S2,2025,Axy,300,46091.411981251076,3
2025-05-11 05:40:00,141.72197,40.9269,BTG_KAB_2025_9B40989_S2,2025,Axy,300,45299.87231485602,3
2025-05-11 05:45:00,141.71016999999998,40.919979999999995,BTG_KAB_2025_9B40989_S2,2025,Axy,300,44268.79826625248,3
2025-05-11 05:50:00,141.69554999999997,40.91874,BTG_KAB_2025_9B40989_S2,2025,Axy,300,43792.3857931219,3
2025-05-11 05:55:00,141.67583,40.92169,BTG_KAB_2025_9B40989_S2,2025,Axy,300,43697.6192492971,3
2025-05-11 06:00:00,141.67641,40.917629999999996,BTG_KAB_2025_9B40989_S2,2025,Axy,300,43270.21335007295,3
2025-05-11 06:05:00,141.65631000000002,40.9209,BTG_KAB_2025_9B40989_S2,2025,Axy,300,43264.38390199213,3
2025-05-11 06:10:00,141.63604,40.926370000000006,BTG_KAB_2025_9B40989_S2,2025,Axy,300,43567.470704579195,3
2025-05-11 06:15:00,141.61446999999998,40.928380000000004,BTG_KAB_2025_9B40989_S2,2025,Axy,300,43549.641603584045,3
2025-05-11 06:20:00,141.59487,40.943110000000004,BTG_KAB_2025_9B40989_S2,2025,Axy,300,45029.85295861959,3
2025-05-11 06:25:00,141.58036,40.95617,BTG_KAB_2025_9B40989_S2,2025,Axy,300,46409.86736793064,3
2025-05-11 06:30:00,141.55797,40.944179999999996,BTG_KAB_2025_9B40989_S2,2025,Axy,300,45038.54041734704,3
2025-05-11 06:35:00,141.53883000000002,40.93063,BTG_KAB_2025_9B40989_S2,2025,Axy,300,43562.638513525104,3
2025-05-11 06:40:00,141.51289,40.926300000000005,BTG_KAB_2025_9B40989_S2,2025,Axy,300,43218.27549985534,3
2025-05-11 06:45:00,141.48843000000005,40.922230000000006,BTG_KAB_2025_9B40989_S2,2025,Axy,300,42999.82948057036,3
2025-05-11 06:50:00,141.49240000000003,40.9032,BTG_KAB_2025_9B40989_S2,2025,Axy,300,40860.66615067202,3
2025-05-11 06:55:00,141.50274000000002,40.878310000000006,BTG_KAB_2025_9B40989_S2,2025,Axy,300,38007.34416245386,3
2025-05-11 07:00:00,141.51549999999997,40.849869999999996,BTG_KAB_2025_9B40989_S2,2025,Axy,300,34747.930996231444,3
2025-05-11 07:05:00,141.51135,40.8309,BTG_KAB_2025_9B40989_S2,2025,Axy,300,32693.24046710269,3
2025-05-11 07:10:00,141.49431,40.819069999999996,BTG_KAB_2025_9B40989_S2,2025,Axy,300,31601.18324007763,3
2025-05-11 07:15:00,141.47539,40.807669999999995,BTG_KAB_2025_9B40989_S2,2025,Axy,300,30676.783860851403,3
2025-05-11 07:20:00,141.4598,40.794720000000005,BTG_KAB_2025_9B40989_S2,2025,Axy,300,29618.761155699456,3
2025-05-11 07:25:00,141.45725000000002,40.78069,BTG_KAB_2025_9B40989_S2,2025,Axy,300,28190.48274293656,3
2025-05-11 07:30:00,141.45784000000003,40.76659000000001,BTG_KAB_2025_9B40989_S2,2025,Axy,300,26685.946384269,3
2025-05-11 07:35:00,141.45129000000003,40.756130000000006,BTG_KAB_2025_9B40989_S2,2025,Axy,300,25774.824504449924,3
2025-05-11 07:40:00,141.44563,40.74746,BTG_KAB_2025_9B40989_S2,2025,Axy,300,25052.05876251851,3
2025-05-11 07:50:00,141.4344,40.714259999999996,BTG_KAB_2025_9B40989_S2,2025,Axy,600,22116.398862702947,3
2025-05-11 07:55:00,141.44444000000001,40.696160000000006,BTG_KAB_2025_9B40989_S2,2025,Axy,300,19944.914877476094,3
2025-05-11 08:00:00,141.45999,40.66993000000001,BTG_KAB_2025_9B40989_S2,2025,Axy,300,16760.628311734214,3
2025-05-11 08:05:00,141.48759,40.64763,BTG_KAB_2025_9B40989_S2,2025,Axy,300,13479.477140240426,3
2025-05-11 08:10:00,141.51011,40.627,BTG_KAB_2025_9B40989_S2,2025,Axy,300,10607.408074533481,3
2025-05-11 08:15:00,141.52797,40.60258,BTG_KAB_2025_9B40989_S2,2025,Axy,300,7534.157366323931,3
2025-05-11 08:20:00,141.54393,40.57499,BTG_KAB_2025_9B40989_S2,2025,Axy,300,4202.94395703949,3
2025-05-11 08:25:00,141.55267,40.554069999999996,BTG_KAB_2025_9B40989_S2,2025,Axy,300,1767.294763560341,3
2025-05-11 18:00:00,141.54899999999998,40.54941,BTG_KAB_2025_9B40989_S2,2025,Axy,300,1403.7218433364822,4
2025-05-11 18:05:00,141.53752,40.55417,BTG_KAB_2025_9B40989_S2,2025,Axy,300,2425.1058127530873,4
2025-05-11 18:10:00,141.52645,40.55512,BTG_KAB_2025_9B40989_S2,2025,Axy,300,3213.525309349298,4
2025-05-11 18:15:00,141.516,40.54672,BTG_KAB_2025_9B40989_S2,2025,Axy,300,3637.713141802431,4
2025-05-11 18:20:00,141.52262000000002,40.5529,BTG_KAB_2025_9B40989_S2,2025,Axy,300,3361.735224699442,4
2025-05-11 18:25:00,141.52369,40.55479999999999,BTG_KAB_2025_9B40989_S2,2025,Axy,300,3389.148980225083,4
2025-05-11 18:30:00,141.52504000000002,40.55433,BTG_KAB_2025_9B40989_S2,2025,Axy,300,3264.5739684823293,4
2025-05-11 18:35:00,141.52726,40.55843,BTG_KAB_2025_9B40989_S2,2025,Axy,300,3384.1007633168515,4
2025-05-11 18:40:00,141.52759,40.55937,BTG_KAB_2025_9B40989_S2,2025,Axy,300,3432.1412533235743,4
2025-05-11 18:45:00,141.52821000000003,40.559619999999995,BTG_KAB_2025_9B40989_S2,2025,Axy,300,3412.3435065595872,4
2025-05-11 18:50:00,141.52812000000003,40.55881,BTG_KAB_2025_9B40989_S2,2025,Axy,300,3357.155833426627,4
2025-05-11 18:55:00,141.52817000000002,40.55881,BTG_KAB_2025_9B40989_S2,2025,Axy,300,3354.006347471446,4
2025-05-11 19:00:00,141.52808000000002,40.558859999999996,BTG_KAB_2025_9B40989_S2,2025,Axy,300,3363.386698841929,4
2025-05-11 19:05:00,141.52785,40.55879,BTG_KAB_2025_9B40989_S2,2025,Axy,300,3372.7281122124605,4
2025-05-11 19:10:00,141.52802000000003,40.5587,BTG_KAB_2025_9B40989_S2,2025,Axy,300,3355.328046043112,4
2025-05-11 19:15:00,141.52791000000002,40.55874,BTG_KAB_2025_9B40989_S2,2025,Axy,300,3365.241367630295,4
2025-05-11 19:20:00,141.52962,40.554289999999995,BTG_KAB_2025_9B40989_S2,2025,Axy,300,2941.451017250853,4
2025-05-11 19:25:00,141.52834000000004,40.55341,BTG_KAB_2025_9B40989_S2,2025,Axy,300,2974.421193269456,4
2025-05-11 19:30:00,141.53321,40.55036,BTG_KAB_2025_9B40989_S2,2025,Axy,300,2444.0718976172616,4
2025-05-11 19:35:00,141.53292000000002,40.55041,BTG_KAB_2025_9B40989_S2,2025,Axy,300,2467.82076669989,4
2025-05-11 19:40:00,141.53437,40.55085,BTG_KAB_2025_9B40989_S2,2025,Axy,300,2392.0712991448936,4
2025-05-11 19:45:00,141.53319,40.55059,BTG_KAB_2025_9B40989_S2,2025,Axy,300,2459.227650656476,4
2025-05-11 19:50:00,141.53446,40.55092,BTG_KAB_2025_9B40989_S2,2025,Axy,300,2390.23990753133,4
2025-05-11 19:55:00,141.53338,40.55045,BTG_KAB_2025_9B40989_S2,2025,Axy,300,2437.2857264808613,4
2025-05-11 20:00:00,141.53248000000002,40.55052,BTG_KAB_2025_9B40989_S2,2025,Axy,300,2505.9059277681254,4
2025-05-11 20:05:00,141.53303,40.55027,BTG_KAB_2025_9B40989_S2,2025,Axy,300,2451.6838961666404,4
2025-05-11 20:10:00,141.53341,40.55081,BTG_KAB_2025_9B40989_S2,2025,Axy,300,2456.9630624560314,4
2025-05-11 20:15:00,141.53323,40.55047999999999,BTG_KAB_2025_9B40989_S2,2025,Axy,300,2449.784306090347,4
2025-05-11 20:20:00,141.53378999999998,40.55105,BTG_KAB_2025_9B40989_S2,2025,Axy,300,2445.135684336891,4
2025-05-11 20:25:00,141.53444000000002,40.550959999999996,BTG_KAB_2025_9B40989_S2,2025,Axy,300,2394.171566060367,4
2025-05-11 20:30:00,141.53596,40.55073,BTG_KAB_2025_9B40989_S2,2025,Axy,300,2274.6255833458276,4
2025-05-11 20:35:00,141.53343,40.55077,BTG_KAB_2025_9B40989_S2,2025,Axy,300,2453.101981504458,4
2025-05-11 20:40:00,141.55233000000004,40.57605,BTG_KAB_2025_9B40989_S2,2025,Axy,300,4181.876700792759,4
2025-05-11 20:45:00,141.55256,40.5758,BTG_KAB_2025_9B40989_S2,2025,Axy,300,4152.22613834626,4
2025-05-11 20:50:00,141.55318,40.575590000000005,BTG_KAB_2025_9B40989_S2,2025,Axy,300,4123.9297014355,4
2025-05-11 20:55:00,141.55371,40.574889999999996,BTG_KAB_2025_9B40989_S2,2025,Axy,300,4042.616779094866,4
2025-05-11 21:00:00,141.55319,40.57422,BTG_KAB_2025_9B40989_S2,2025,Axy,300,3972.370700815189,4
2025-05-11 21:05:00,141.55363,40.57439,BTG_KAB_2025_9B40989_S2,2025,Axy,300,3987.847642686284,4
2025-05-11 21:10:00,141.55423000000002,40.57454,BTG_KAB_2025_9B40989_S2,2025,Axy,300,4000.4953952827204,4
2025-05-11 21:15:00,141.55435,40.57465,BTG_KAB_2025_9B40989_S2,2025,Axy,300,4011.968507875072,4
2025-05-11 21:20:00,141.54566999999997,40.59548,BTG_KAB_2025_9B40989_S2,2025,Axy,300,6395.917444021414,4
2025-05-11 21:25:00,141.54359999999997,40.59884,BTG_KAB_2025_9B40989_S2,2025,Axy,300,6792.995775251876,4
2025-05-11 21:30:00,141.54365999999996,40.59872000000001,BTG_KAB_2025_9B40989_S2,2025,Axy,300,6778.988618921088,4
2025-05-11 21:35:00,141.54351999999997,40.598890000000004,BTG_KAB_2025_9B40989_S2,2025,Axy,300,6799.647716131605,4
2025-05-11 21:40:00,141.54360999999997,40.59875000000001,BTG_KAB_2025_9B40989_S2,2025,Axy,300,6783.007447905091,4
2025-05-11 21:45:00,141.54351999999997,40.59863000000001,BTG_KAB_2025_9B40989_S2,2025,Axy,300,6771.225545613763,4
2025-05-11 21:50:00,141.54371999999998,40.59855000000001,BTG_KAB_2025_9B40989_S2,2025,Axy,300,6759.514843081605,4
2025-05-11 21:55:00,141.54395999999997,40.59850000000001,BTG_KAB_2025_9B40989_S2,2025,Axy,300,6750.53936139359,4
2025-05-11 22:00:00,141.54423,40.59814000000001,BTG_KAB_2025_9B40989_S2,2025,Axy,300,6707.258373943636,4
2025-05-11 22:05:00,141.54449,40.598290000000006,BTG_KAB_2025_9B40989_S2,2025,Axy,300,6720.003269688353,4
2025-05-11 22:10:00,141.54489999999998,40.598290000000006,BTG_KAB_2025_9B40989_S2,2025,Axy,300,6714.3534218937,4
2025-05-11 22:15:00,141.54255999999998,40.60143,BTG_KAB_2025_9B40989_S2,2025,Axy,300,7091.652469818396,4
2025-05-11 22:20:00,141.5428,40.60183,BTG_KAB_2025_9B40989_S2,2025,Axy,300,7131.752137420303,4
2025-05-11 22:25:00,141.54293,40.602290000000004,BTG_KAB_2025_9B40989_S2,2025,Axy,300,7180.129894922881,4
2025-05-11 22:30:00,141.54143000000002,40.62198,BTG_KAB_2025_9B40989_S2,2025,Axy,300,9359.025451682173,4
2025-05-11 22:35:00,141.54146,40.642590000000006,BTG_KAB_2025_9B40989_S2,2025,Axy,300,11627.570184845365,4
2025-05-11 22:40:00,141.54153,40.64287,BTG_KAB_2025_9B40989_S2,2025,Axy,300,11657.75498256087,4
2025-05-11 22:45:00,141.54284,40.6443,BTG_KAB_2025_9B40989_S2,2025,Axy,300,11803.223576924522,4
2025-05-11 22:50:00,141.54625,40.645810000000004,BTG_KAB_2025_9B40989_S2,2025,Axy,300,11943.287029992453,4
2025-05-11 22:55:00,141.54743000000002,40.644279999999995,BTG_KAB_2025_9B40989_S2,2025,Axy,300,11766.212339114318,4
2025-05-11 23:00:00,141.54283,40.64018,BTG_KAB_2025_9B40989_S2,2025,Axy,300,11348.482575247348,4
2025-05-11 23:05:00,141.53974999999997,40.63306,BTG_KAB_2025_9B40989_S2,2025,Axy,300,10597.048704416924,4
2025-05-11 23:10:00,141.54005999999998,40.63284,BTG_KAB_2025_9B40989_S2,2025,Axy,300,10569.149246512621,4
2025-05-11 23:15:00,141.54046,40.63311000000001,BTG_KAB_2025_9B40989_S2,2025,Axy,300,10594.142603475615,4
2025-05-11 23:20:00,141.54095999999998,40.633430000000004,BTG_KAB_2025_9B40989_S2,2025,Axy,300,10623.646294761038,4
2025-05-11 23:25:00,141.5411,40.633700000000005,BTG_KAB_2025_9B40989_S2,2025,Axy,300,10651.8033560221,4
2025-05-11 23:30:00,141.54058999999998,40.63505000000001,BTG_KAB_2025_9B40989_S2,2025,Axy,300,10806.107470648827,4
2025-05-11 23:35:00,141.54101,40.63469,BTG_KAB_2025_9B40989_S2,2025,Axy,300,10761.790171117163,4
2025-05-11 23:40:00,141.54134000000002,40.63484,BTG_KAB_2025_9B40989_S2,2025,Axy,300,10774.699209450859,4
2025-05-11 23:45:00,141.53511,40.62953000000001,BTG_KAB_2025_9B40989_S2,2025,Axy,300,10274.726318776518,4
2025-05-11 23:50:00,141.53575999999998,40.6298,BTG_KAB_2025_9B40989_S2,2025,Axy,300,10294.162307515222,4
2025-05-11 23:55:00,141.53645,40.629560000000005,BTG_KAB_2025_9B40989_S2,2025,Axy,300,10257.586361536398,4
2025-05-12 00:00:00,141.53698,40.62953000000001,BTG_KAB_2025_9B40989_S2,2025,Axy,300,10246.565020257758,4
2025-05-12 00:05:00,141.53763,40.62984,BTG_KAB_2025_9B40989_S2,2025,Axy,300,10271.284200099744,4
2025-05-12 00:10:00,141.53798,40.62975000000001,BTG_KAB_2025_9B40989_S2,2025,Axy,300,10256.585397469296,4
2025-05-12 00:15:00,141.53858,40.629560000000005,BTG_KAB_2025_9B40989_S2,2025,Axy,300,10227.644231777424,4
2025-05-12 00:20:00,141.53907999999998,40.629540000000006,BTG_KAB_2025_9B40989_S2,2025,Axy,300,10218.869342019325,4
2025-05-12 00:25:00,141.53974999999997,40.62923000000001,BTG_KAB_2025_9B40989_S2,2025,Axy,300,10176.274937387032,4
2025-05-12 00:30:00,141.54032,40.62923000000001,BTG_KAB_2025_9B40989_S2,2025,Axy,300,10169.219261469449,4
2025-05-12 00:35:00,141.54081,40.62915000000001,BTG_KAB_2025_9B40989_S2,2025,Axy,300,10154.53690167981,4
2025-05-12 00:40:00,141.54527,40.62386,BTG_KAB_2025_9B40989_S2,2025,Axy,300,9524.489415178994,4
2025-05-12 00:45:00,141.54621,40.62346,BTG_KAB_2025_9B40989_S2,2025,Axy,300,9471.904613044699,4
2025-05-12 00:50:00,141.54706,40.623160000000006,BTG_KAB_2025_9B40989_S2,2025,Axy,300,9431.681696104302,4
2025-05-12 00:55:00,141.54836,40.62265000000001,BTG_KAB_2025_9B40989_S2,2025,Axy,300,9365.465274204704,4
2025-05-12 01:00:00,141.54900999999998,40.62267000000001,BTG_KAB_2025_9B40989_S2,2025,Axy,300,9363.241565983557,4
2025-05-12 01:05:00,141.55027,40.62236000000001,BTG_KAB_2025_9B40989_S2,2025,Axy,300,9321.20872139353,4
2025-05-12 01:10:00,141.55137000000002,40.62219000000001,BTG_KAB_2025_9B40989_S2,2025,Axy,300,9296.621316872499,4
2025-05-12 01:15:00,141.55171,40.623740000000005,BTG_KAB_2025_9B40989_S2,2025,Axy,300,9466.909960420644,4
2025-05-12 01:20:00,141.55233000000004,40.624370000000006,BTG_KAB_2025_9B40989_S2,2025,Axy,300,9534.170551107036,4
2025-05-12 01:25:00,141.55321,40.62438,BTG_KAB_2025_9B40989_S2,2025,Axy,300,9532.081960073874,4
2025-05-12 01:30:00,141.55395,40.624750000000006,BTG_KAB_2025_9B40989_S2,2025,Axy,300,9570.908591034675,4
2025-05-12 01:35:00,141.55507,40.62447,BTG_KAB_2025_9B40989_S2,2025,Axy,300,9537.228453715687,4
2025-05-12 01:40:00,141.55568,40.62448,BTG_KAB_2025_9B40989_S2,2025,Axy,300,9537.317175289589,4
2025-05-12 01:45:00,141.55681,40.62776,BTG_KAB_2025_9B40989_S2,2025,Axy,300,9900.388102421843,4
2025-05-12 01:50:00,141.55757,40.62791000000001,BTG_KAB_2025_9B40989_S2,2025,Axy,300,9916.817805313396,4
2025-05-12 01:55:00,141.55775,40.62812000000001,BTG_KAB_2025_9B40989_S2,2025,Axy,300,9940.14500202871,4
2025-05-12 02:00:00,141.55436,40.629540000000006,BTG_KAB_2025_9B40989_S2,2025,Axy,300,10101.555732600942,4
2025-05-12 02:05:00,141.54819,40.630160000000004,BTG_KAB_2025_9B40989_S2,2025,Axy,300,10197.858760537658,4
2025-05-12 02:10:00,141.54904999999997,40.63002,BTG_KAB_2025_9B40989_S2,2025,Axy,300,10176.920326587158,4
2025-05-12 02:15:00,141.54968999999997,40.630050000000004,BTG_KAB_2025_9B40989_S2,2025,Axy,300,10176.532744195962,4
2025-05-12 02:20:00,141.54997999999998,40.629940000000005,BTG_KAB_2025_9B40989_S2,2025,Axy,300,10162.75547270456,4
2025-05-12 02:25:00,141.55082000000002,40.63013000000001,BTG_KAB_2025_9B40989_S2,2025,Axy,300,10179.552379387731,4
2025-05-12 02:30:00,141.55128000000002,40.629920000000006,BTG_KAB_2025_9B40989_S2,2025,Axy,300,10154.142239035016,4
2025-05-12 02:35:00,141.55197,40.63002,BTG_KAB_2025_9B40989_S2,2025,Axy,300,10162.322565334505,4
2025-05-12 02:40:00,141.55077,40.63206,BTG_KAB_2025_9B40989_S2,2025,Axy,300,10393.772677917743,4
2025-05-12 02:45:00,141.55117,40.632290000000005,BTG_KAB_2025_9B40989_S2,2025,Axy,300,10417.448593502419,4
2025-05-12 02:50:00,141.54883,40.635980000000004,BTG_KAB_2025_9B40989_S2,2025,Axy,300,10838.442398449783,4
2025-05-12 02:55:00,141.54694999999998,40.64031000000001,BTG_KAB_2025_9B40989_S2,2025,Axy,300,11329.748081182399,4
2025-05-12 03:00:00,141.55024000000003,40.64437,BTG_KAB_2025_9B40989_S2,2025,Axy,300,11761.177259845375,4
2025-05-12 03:05:00,141.55100000000002,40.64417,BTG_KAB_2025_9B40989_S2,2025,Axy,300,11735.758976409565,4
2025-05-12 03:10:00,141.55186,40.64421,BTG_KAB_2025_9B40989_S2,2025,Axy,300,11736.954903454327,4
2025-05-12 03:15:00,141.55238000000003,40.64403,BTG_KAB_2025_9B40989_S2,2025,Axy,300,11715.239725344918,4
2025-05-12 03:20:00,141.55317,40.64383,BTG_KAB_2025_9B40989_S2,2025,Axy,300,11690.708427293654,4
2025-05-12 03:25:00,141.55353,40.64404,BTG_KAB_2025_9B40989_S2,2025,Axy,300,11713.079590363463,4
2025-05-12 03:30:00,141.55387,40.643879999999996,BTG_KAB_2025_9B40989_S2,2025,Axy,300,11694.506632679955,4
2025-05-12 03:35:00,141.55496,40.64382,BTG_KAB_2025_9B40989_S2,2025,Axy,300,11685.715431591661,4
2025-05-12 03:40:00,141.55493,40.651489999999995,BTG_KAB_2025_9B40989_S2,2025,Axy,300,12537.346529951512,4
2025-05-12 03:45:00,141.55043000000003,40.668600000000005,BTG_KAB_2025_9B40989_S2,2025,Axy,300,14448.085610095573,4
2025-05-12 03:50:00,141.54439,40.696810000000006,BTG_KAB_2025_9B40989_S2,2025,Axy,300,17603.525697817193,4
2025-05-12 03:55:00,141.53808,40.723940000000006,BTG_KAB_2025_9B40989_S2,2025,Axy,300,20646.89489111615,4
2025-05-12 04:00:00,141.54896,40.753330000000005,BTG_KAB_2025_9B40989_S2,2025,Axy,300,23855.65362232955,4
2025-05-12 04:05:00,141.55964999999998,40.78611000000001,BTG_KAB_2025_9B40989_S2,2025,Axy,300,27485.195451332504,4
2025-05-12 04:10:00,141.56728,40.816449999999996,BTG_KAB_2025_9B40989_S2,2025,Axy,300,30864.75420493907,4
2025-05-12 04:15:00,141.57728,40.84335,BTG_KAB_2025_9B40989_S2,2025,Axy,300,33882.01844537316,4
2025-05-12 04:20:00,141.57737,40.86641,BTG_KAB_2025_9B40989_S2,2025,Axy,300,36440.32121706601,4
2025-05-12 04:30:00,141.58932000000001,40.92089,BTG_KAB_2025_9B40989_S2,2025,Axy,600,42536.58437217339,4
2025-05-12 04:35:00,141.58756,40.9505,BTG_KAB_2025_9B40989_S2,2025,Axy,300,45810.3069668204,4
2025-05-12 04:40:00,141.58756,40.949639999999995,BTG_KAB_2025_9B40989_S2,2025,Axy,300,45714.94842187661,4
2025-05-12 04:45:00,141.58727000000002,40.965630000000004,BTG_KAB_2025_9B40989_S2,2025,Axy,300,47486.75265199226,4
2025-05-12 04:50:00,141.60076999999998,40.985910000000004,BTG_KAB_2025_9B40989_S2,2025,Axy,300,49806.32561969539,4
2025-05-12 04:55:00,141.60038,41.00547,BTG_KAB_2025_9B40989_S2,2025,Axy,300,51970.62125624426,4
2025-05-12 05:00:00,141.61231,41.03031000000001,BTG_KAB_2025_9B40989_S2,2025,Axy,300,54798.48714125408,4
2025-05-12 05:05:00,141.60595999999998,41.03568,BTG_KAB_2025_9B40989_S2,2025,Axy,300,55350.635132409494,4
2025-05-12 05:10:00,141.59271,41.02454,BTG_KAB_2025_9B40989_S2,2025,Axy,300,54044.10614849156,4
2025-05-12 05:15:00,141.58919,41.00956,BTG_KAB_2025_9B40989_S2,2025,Axy,300,52367.14232732503,4
2025-05-12 05:20:00,141.58051,40.979679999999995,BTG_KAB_2025_9B40989_S2,2025,Axy,300,49019.09450237787,4
2025-05-12 05:25:00,141.57459999999998,40.94997,BTG_KAB_2025_9B40989_S2,2025,Axy,300,45704.076281111185,4
2025-05-12 05:30:00,141.5615,40.92056,BTG_KAB_2025_9B40989_S2,2025,Axy,300,42416.74482373719,4
2025-05-12 05:35:00,141.55302,40.89082,BTG_KAB_2025_9B40989_S2,2025,Axy,300,39114.69536887379,4
2025-05-12 05:40:00,141.54689,40.858619999999995,BTG_KAB_2025_9B40989_S2,2025,Axy,300,35548.45328695711,4
2025-05-12 05:45:00,141.54428,40.82082,BTG_KAB_2025_9B40989_S2,2025,Axy,300,31359.43395579347,4
2025-05-12 05:50:00,141.53339,40.78893000000001,BTG_KAB_2025_9B40989_S2,2025,Axy,300,27873.114026141084,4
2025-05-12 05:55:00,141.5207,40.758950000000006,BTG_KAB_2025_9B40989_S2,2025,Axy,300,24666.820325326757,4
2025-05-12 06:00:00,141.51208,40.73030000000001,BTG_KAB_2025_9B40989_S2,2025,Axy,300,21632.55800530406,4
2025-05-12 06:05:00,141.5011,40.704530000000005,BTG_KAB_2025_9B40989_S2,2025,Axy,300,19035.45329926642,4
2025-05-12 06:10:00,141.49697,40.67754,BTG_KAB_2025_9B40989_S2,2025,Axy,300,16259.088429327525,4
2025-05-12 06:15:00,141.49684000000002,40.64755,BTG_KAB_2025_9B40989_S2,2025,Axy,300,13145.840326819642,4
2025-05-12 06:20:00,141.50696,40.614489999999996,BTG_KAB_2025_9B40989_S2,2025,Axy,300,9454.851437536941,4
2025-05-12 06:25:00,141.52776,40.581739999999996,BTG_KAB_2025_9B40989_S2,2025,Axy,300,5415.754489910531,4
2025-05-12 06:30:00,141.54787,40.55073,BTG_KAB_2025_9B40989_S2,2025,Axy,300,1578.7029676980787,4
2025-05-12 15:25:00,141.54301999999998,40.54992,BTG_KAB_2025_9B40989_S2,2025,Axy,300,1761.9647095761372,5
2025-05-12 15:30:00,141.53539,40.556799999999996,BTG_KAB_2025_9B40989_S2,2025,Axy,300,2760.8410994968212,5
2025-05-12 15:35:00,141.53532,40.55696,BTG_KAB_2025_9B40989_S2,2025,Axy,300,2777.893407862793,5
2025-05-12 15:40:00,141.53515,40.55672,BTG_KAB_2025_9B40989_S2,2025,Axy,300,2768.2757122715216,5
2025-05-12 15:45:00,141.52164000000002,40.549730000000004,BTG_KAB_2025_9B40989_S2,2025,Axy,300,3287.408960703294,5
2025-05-12 15:50:00,141.50551,40.54248,BTG_KAB_2025_9B40989_S2,2025,Axy,300,4434.071404657392,5
2025-05-12 15:55:00,141.50619,40.542770000000004,BTG_KAB_2025_9B40989_S2,2025,Axy,300,4380.012312866232,5
2025-05-12 16:00:00,141.50979999999998,40.54302,BTG_KAB_2025_9B40989_S2,2025,Axy,300,4079.257214135354,5
2025-05-12 16:05:00,141.51566999999997,40.55673,BTG_KAB_2025_9B40989_S2,2025,Axy,300,4082.586778902291,5
2025-05-12 16:10:00,141.51557999999997,40.55665,BTG_KAB_2025_9B40989_S2,2025,Axy,300,4084.8584879022574,5
2025-05-12 16:15:00,141.51549999999997,40.55667,BTG_KAB_2025_9B40989_S2,2025,Axy,300,4091.853022973234,5
2025-05-12 16:20:00,141.51552999999998,40.55674,BTG_KAB_2025_9B40989_S2,2025,Axy,300,4093.4548722770464,5
2025-05-12 16:25:00,141.51558999999997,40.55672,BTG_KAB_2025_9B40989_S2,2025,Axy,300,4087.9378687773697,5
2025-05-12 16:30:00,141.51549,40.55667999999999,BTG_KAB_2025_9B40989_S2,2025,Axy,300,4093.1355057606897,5
2025-05-12 16:35:00,141.51521,40.55667,BTG_KAB_2025_9B40989_S2,2025,Axy,300,4113.2817293613,5
2025-05-12 16:40:00,141.51908999999998,40.56447,BTG_KAB_2025_9B40989_S2,2025,Axy,300,4346.312649340018,5
2025-05-12 16:45:00,141.53114000000002,40.586279999999995,BTG_KAB_2025_9B40989_S2,2025,Axy,300,5748.799405895215,5
2025-05-12 16:50:00,141.52484,40.59550000000001,BTG_KAB_2025_9B40989_S2,2025,Axy,300,6900.175178626686,5
2025-05-12 16:55:00,141.50424,40.6044,BTG_KAB_2025_9B40989_S2,2025,Axy,300,8590.554484067958,5
2025-05-12 17:00:00,141.50555999999997,40.60346,BTG_KAB_2025_9B40989_S2,2025,Axy,300,8443.095959135047,5
2025-05-12 17:05:00,141.50632000000002,40.60262,BTG_KAB_2025_9B40989_S2,2025,Axy,300,8329.957426233312,5
2025-05-12 17:10:00,141.51294000000001,40.59917000000001,BTG_KAB_2025_9B40989_S2,2025,Axy,300,7715.86852020946,5
2025-05-12 17:15:00,141.51005999999998,40.600730000000006,BTG_KAB_2025_9B40989_S2,2025,Axy,300,7987.402652814267,5
2025-05-12 17:20:00,141.51031,40.60005,BTG_KAB_2025_9B40989_S2,2025,Axy,300,7911.549332539693,5
2025-05-12 17:25:00,141.50802000000002,40.59852000000001,BTG_KAB_2025_9B40989_S2,2025,Axy,300,7867.28710162842,5
2025-05-12 17:30:00,141.51874999999998,40.59897000000001,BTG_KAB_2025_9B40989_S2,2025,Axy,300,7467.054909177466,5
2025-05-12 17:35:00,141.51603,40.600570000000005,BTG_KAB_2025_9B40989_S2,2025,Axy,300,7729.089449589038,5
2025-05-12 17:40:00,141.518,40.61472,BTG_KAB_2025_9B40989_S2,2025,Axy,300,9092.988257156348,5
2025-05-12 17:45:00,141.54905999999997,40.618610000000004,BTG_KAB_2025_9B40989_S2,2025,Axy,300,8913.481625198247,5
2025-05-12 17:50:00,141.57,40.631170000000004,BTG_KAB_2025_9B40989_S2,2025,Axy,300,10332.272681205155,5
2025-05-12 17:55:00,141.55934000000002,40.63513000000001,BTG_KAB_2025_9B40989_S2,2025,Axy,300,10719.583809031525,5
2025-05-12 18:00:00,141.55904,40.635250000000006,BTG_KAB_2025_9B40989_S2,2025,Axy,300,10732.59027309051,5
2025-05-12 18:05:00,141.55882000000003,40.635540000000006,BTG_KAB_2025_9B40989_S2,2025,Axy,300,10764.597444289619,5
2025-05-12 18:10:00,141.55865,40.635490000000004,BTG_KAB_2025_9B40989_S2,2025,Axy,300,10758.917174927,5
2025-05-12 18:15:00,141.55283000000003,40.642100000000006,BTG_KAB_2025_9B40989_S2,2025,Axy,300,11499.673249961252,5
2025-05-12 18:20:00,141.53978999999998,40.66675000000001,BTG_KAB_2025_9B40989_S2,2025,Axy,300,14309.533419249294,5
2025-05-12 18:25:00,141.54701,40.676570000000005,BTG_KAB_2025_9B40989_S2,2025,Axy,300,15346.582508956875,5
2025-05-12 18:30:00,141.54478999999998,40.660160000000005,BTG_KAB_2025_9B40989_S2,2025,Axy,300,13541.583719649238,5
2025-05-12 18:35:00,141.54249000000002,40.64409,BTG_KAB_2025_9B40989_S2,2025,Axy,300,11783.21533870412,5
2025-05-12 18:40:00,141.54016,40.62783,BTG_KAB_2025_9B40989_S2,2025,Axy,300,10017.386833579876,5
2025-05-12 18:45:00,141.54111,40.62610000000001,BTG_KAB_2025_9B40989_S2,2025,Axy,300,9815.654231651177,5
2025-05-12 18:50:00,141.54172,40.62615000000001,BTG_KAB_2025_9B40989_S2,2025,Axy,300,9813.940307081157,5
2025-05-12 18:55:00,141.54215,40.626180000000005,BTG_KAB_2025_9B40989_S2,2025,Axy,300,9812.319846599736,5
2025-05-12 19:00:00,141.54281,40.62612000000001,BTG_KAB_2025_9B40989_S2,2025,Axy,300,9798.41763693541,5
2025-05-12 19:05:00,141.56315999999998,40.625040000000006,BTG_KAB_2025_9B40989_S2,2025,Axy,300,9609.63712275114,5
2025-05-12 19:10:00,141.56592,40.626070000000006,BTG_KAB_2025_9B40989_S2,2025,Axy,300,9737.982682053305,5
2025-05-12 19:15:00,141.56781,40.629780000000004,BTG_KAB_2025_9B40989_S2,2025,Axy,300,10161.285177614564,5
2025-05-12 19:20:00,141.56761,40.63548,BTG_KAB_2025_9B40989_S2,2025,Axy,300,10790.747853552808,5
2025-05-12 19:25:00,141.56555999999998,40.62778,BTG_KAB_2025_9B40989_S2,2025,Axy,300,9925.26908859846,5
2025-05-12 19:30:00,141.55878,40.61844,BTG_KAB_2025_9B40989_S2,2025,Axy,300,8865.765817223892,5
2025-05-12 19:35:00,141.55652,40.61243,BTG_KAB_2025_9B40989_S2,2025,Axy,300,8198.329409919515,5
2025-05-12 19:40:00,141.55724000000004,40.61244,BTG_KAB_2025_9B40989_S2,2025,Axy,300,8198.98456019109,5
2025-05-12 19:45:00,141.55802000000003,40.61263,BTG_KAB_2025_9B40989_S2,2025,Axy,300,8220.10153320363,5
2025-05-12 19:50:00,141.55889000000002,40.61249,BTG_KAB_2025_9B40989_S2,2025,Axy,300,8205.202798770708,5
2025-05-12 19:55:00,141.55972,40.6124,BTG_KAB_2025_9B40989_S2,2025,Axy,300,8196.445182436988,5
2025-05-12 20:00:00,141.56034000000002,40.61218,BTG_KAB_2025_9B40989_S2,2025,Axy,300,8173.340813712768,5
2025-05-12 20:05:00,141.56123000000002,40.612030000000004,BTG_KAB_2025_9B40989_S2,2025,Axy,300,8159.179339240697,5
2025-05-12 20:10:00,141.562,40.61187999999999,BTG_KAB_2025_9B40989_S2,2025,Axy,300,8145.253774364675,5
2025-05-12 20:15:00,141.56228000000002,40.61116,BTG_KAB_2025_9B40989_S2,2025,Axy,300,8066.514004628241,5
2025-05-12 20:20:00,141.55801000000002,40.60654,BTG_KAB_2025_9B40989_S2,2025,Axy,300,7543.83203168784,5
2025-05-12 20:25:00,141.55891000000003,40.604310000000005,BTG_KAB_2025_9B40989_S2,2025,Axy,300,7296.959345246083,5
2025-05-12 20:30:00,141.55720000000002,40.59713000000001,BTG_KAB_2025_9B40989_S2,2025,Axy,300,6498.89806940816,5
2025-05-12 20:35:00,141.5577,40.597170000000006,BTG_KAB_2025_9B40989_S2,2025,Axy,300,6503.255442843524,5
2025-05-12 20:40:00,141.55823000000004,40.596590000000006,BTG_KAB_2025_9B40989_S2,2025,Axy,300,6439.062360445916,5
2025-05-12 20:45:00,141.55845000000002,40.595760000000006,BTG_KAB_2025_9B40989_S2,2025,Axy,300,6347.080440674436,5
2025-05-12 20:50:00,141.55883000000003,40.59512000000001,BTG_KAB_2025_9B40989_S2,2025,Axy,300,6276.465745159878,5
2025-05-12 20:55:00,141.55775,40.586330000000004,BTG_KAB_2025_9B40989_S2,2025,Axy,300,5299.525954612411,5
2025-05-12 21:00:00,141.55867,40.58636,BTG_KAB_2025_9B40989_S2,2025,Axy,300,5303.612447821345,5
2025-05-12 21:05:00,141.5596,40.58594,BTG_KAB_2025_9B40989_S2,2025,Axy,300,5258.923360027355,5
2025-05-12 21:10:00,141.56025,40.58581,BTG_KAB_2025_9B40989_S2,2025,Axy,300,5246.558485541477,5
2025-05-12 21:15:00,141.56103000000002,40.58536,BTG_KAB_2025_9B40989_S2,2025,Axy,300,5199.902272453263,5
2025-05-12 21:20:00,141.56193000000002,40.58483,BTG_KAB_2025_9B40989_S2,2025,Axy,300,5146.006292312319,5
2025-05-12 21:25:00,141.5629,40.58461,BTG_KAB_2025_9B40989_S2,2025,Axy,300,5128.170889020847,5
2025-05-12 21:30:00,141.56368999999998,40.58425,BTG_KAB_2025_9B40989_S2,2025,Axy,300,5094.683325601208,5
2025-05-12 21:35:00,141.56464,40.584059999999994,BTG_KAB_2025_9B40989_S2,2025,Axy,300,5082.498263526889,5
2025-05-12 21:40:00,141.56531,40.57268,BTG_KAB_2025_9B40989_S2,2025,Axy,300,3839.6291165896855,5
2025-05-12 21:45:00,141.56617,40.57229,BTG_KAB_2025_9B40989_S2,2025,Axy,300,3810.157345380824,5
2025-05-12 21:50:00,141.56686,40.572100000000006,BTG_KAB_2025_9B40989_S2,2025,Axy,300,3801.0702966957865,5
2025-05-12 21:55:00,141.56777,40.57199,BTG_KAB_2025_9B40989_S2,2025,Axy,300,3805.8144137825566,5
2025-05-12 22:00:00,141.56881,40.571639999999995,BTG_KAB_2025_9B40989_S2,2025,Axy,300,3789.068662170837,5
2025-05-12 22:05:00,141.56967999999998,40.57132,BTG_KAB_2025_9B40989_S2,2025,Axy,300,3773.9804776928413,5
2025-05-12 22:10:00,141.57049999999998,40.57089,BTG_KAB_2025_9B40989_S2,2025,Axy,300,3747.693225115329,5
2025-05-12 22:15:00,141.56784000000002,40.560520000000004,BTG_KAB_2025_9B40989_S2,2025,Axy,300,2583.300740790855,5
2025-05-13 14:50:00,141.5134,40.54599,BTG_KAB_2025_9B40989_S2,2025,Axy,300,3833.359821679176,6
2025-05-13 14:55:00,141.51411,40.54619,BTG_KAB_2025_9B40989_S2,2025,Axy,300,3779.507592967513,6
2025-05-13 15:00:00,141.50549,40.542010000000005,BTG_KAB_2025_9B40989_S2,2025,Axy,300,4431.016270157039,6
2025-05-13 15:05:00,141.50970999999998,40.54322,BTG_KAB_2025_9B40989_S2,2025,Axy,300,4089.54352040224,6
2025-05-13 15:10:00,141.51021,40.54319,BTG_KAB_2025_9B40989_S2,2025,Axy,300,4047.103153480107,6
2025-05-13 15:15:00,141.51034,40.5431,BTG_KAB_2025_9B40989_S2,2025,Axy,300,4034.9322029273153,6
2025-05-13 15:20:00,141.51004,40.54326,BTG_KAB_2025_9B40989_S2,2025,Axy,300,4062.3703998762994,6
2025-05-13 15:25:00,141.50954999999996,40.54359,BTG_KAB_2025_9B40989_S2,2025,Axy,300,4108.313318394715,6
2025-05-13 15:30:00,141.51028,40.543279999999996,BTG_KAB_2025_9B40989_S2,2025,Axy,300,4042.488463493673,6
2025-05-13 15:35:00,141.51009,40.54325,BTG_KAB_2025_9B40989_S2,2025,Axy,300,4058.028075971776,6
2025-05-13 15:40:00,141.52586,40.55933,BTG_KAB_2025_9B40989_S2,2025,Axy,300,3539.168170919321,6
2025-05-13 15:45:00,141.52777,40.55845,BTG_KAB_2025_9B40989_S2,2025,Axy,300,3352.866307693478,6
2025-05-13 15:50:00,141.52778,40.5584,BTG_KAB_2025_9B40989_S2,2025,Axy,300,3348.5815041892533,6
2025-05-13 15:55:00,141.52747000000002,40.55841,BTG_KAB_2025_9B40989_S2,2025,Axy,300,3369.1603734770083,6
2025-05-13 16:00:00,141.52755,40.55858,BTG_KAB_2025_9B40989_S2,2025,Axy,300,3376.3978229371533,6
2025-05-13 16:05:00,141.52646000000001,40.55894,BTG_KAB_2025_9B40989_S2,2025,Axy,300,3472.4013861539797,6
2025-05-13 16:10:00,141.52755,40.55846,BTG_KAB_2025_9B40989_S2,2025,Axy,300,3367.660889127055,6
2025-05-13 16:15:00,141.52751,40.5586,BTG_KAB_2025_9B40989_S2,2025,Axy,300,3380.411162339304,6
2025-05-13 16:20:00,141.52751,40.55857,BTG_KAB_2025_9B40989_S2,2025,Axy,300,3378.22452542139,6
2025-05-13 16:25:00,141.52757,40.558659999999996,BTG_KAB_2025_9B40989_S2,2025,Axy,300,3380.9641450657714,6
2025-05-13 16:30:00,141.52749000000003,40.55847,BTG_KAB_2025_9B40989_S2,2025,Axy,300,3372.230541058854,6
2025-05-13 16:35:00,141.52766,40.55869,BTG_KAB_2025_9B40989_S2,2025,Axy,300,3377.4299653979456,6
2025-05-13 16:40:00,141.52751,40.55859,BTG_KAB_2025_9B40989_S2,2025,Axy,300,3379.6820757011837,6
2025-05-13 16:45:00,141.52746000000002,40.55842,BTG_KAB_2025_9B40989_S2,2025,Axy,300,3370.5267942851956,6
2025-05-13 16:50:00,141.52749000000003,40.55856,BTG_KAB_2025_9B40989_S2,2025,Axy,300,3378.774849748878,6
2025-05-13 16:55:00,141.52756,40.558550000000004,BTG_KAB_2025_9B40989_S2,2025,Axy,300,3373.571748174851,6
2025-05-13 17:00:00,141.52738000000002,40.55849,BTG_KAB_2025_9B40989_S2,2025,Axy,300,3380.7338311976478,6
2025-05-13 17:05:00,141.52746000000002,40.55858,BTG_KAB_2025_9B40989_S2,2025,Axy,300,3382.1494721671293,6
2025-05-13 17:10:00,141.52773000000002,40.5588,BTG_KAB_2025_9B40989_S2,2025,Axy,300,3381.0667544468906,6
2025-05-13 17:15:00,141.52752,40.55849,BTG_KAB_2025_9B40989_S2,2025,Axy,300,3371.7624276510423,6
2025-05-13 17:20:00,141.52756,40.558479999999996,BTG_KAB_2025_9B40989_S2,2025,Axy,300,3368.4749621342276,6
2025-05-13 17:25:00,141.52773000000002,40.5591,BTG_KAB_2025_9B40989_S2,2025,Axy,300,3403.248471549073,6
2025-05-13 17:30:00,141.52742000000003,40.5584,BTG_KAB_2025_9B40989_S2,2025,Axy,300,3371.646318171781,6
2025-05-13 17:35:00,141.52745000000002,40.55854,BTG_KAB_2025_9B40989_S2,2025,Axy,300,3379.878872751058,6
2025-05-13 17:40:00,141.52759,40.55885,BTG_KAB_2025_9B40989_S2,2025,Axy,300,3393.625892280271,6
2025-05-13 17:45:00,141.52748000000003,40.55846,BTG_KAB_2025_9B40989_S2,2025,Axy,300,3372.1453509061794,6
2025-05-13 17:50:00,141.5275,40.55845,BTG_KAB_2025_9B40989_S2,2025,Axy,300,3370.1375910629185,6
2025-05-13 17:55:00,141.52747000000002,40.55869,BTG_KAB_2025_9B40989_S2,2025,Axy,300,3389.5330398857604,6
2025-05-13 18:00:00,141.52755,40.55856,BTG_KAB_2025_9B40989_S2,2025,Axy,300,3374.9395842589024,6
2025-05-13 18:05:00,141.52749000000003,40.55858,BTG_KAB_2025_9B40989_S2,2025,Axy,300,3380.2314327460654,6
2025-05-13 18:10:00,141.52718000000002,40.5583,BTG_KAB_2025_9B40989_S2,2025,Axy,300,3379.8940069063215,6
2025-05-13 18:15:00,141.52702000000002,40.5582,BTG_KAB_2025_9B40989_S2,2025,Axy,300,3383.088102906851,6
2025-05-13 18:20:00,141.52644000000004,40.55954,BTG_KAB_2025_9B40989_S2,2025,Axy,300,3517.3533005240665,6
2025-05-13 18:25:00,141.5265,40.56685,BTG_KAB_2025_9B40989_S2,2025,Axy,300,4095.9844695774964,6
2025-05-13 18:30:00,141.52524000000003,40.56482,BTG_KAB_2025_9B40989_S2,2025,Axy,300,3998.479699187942,6
2025-05-13 18:35:00,141.53485999999998,40.56541000000001,BTG_KAB_2025_9B40989_S2,2025,Axy,300,3545.4408930436502,6
2025-05-13 18:40:00,141.53533000000002,40.56517000000001,BTG_KAB_2025_9B40989_S2,2025,Axy,300,3501.4896672632685,6
2025-05-13 18:45:00,141.53514,40.56519000000001,BTG_KAB_2025_9B40989_S2,2025,Axy,300,3512.053320053301,6
2025-05-13 18:50:00,141.53495999999998,40.56514000000001,BTG_KAB_2025_9B40989_S2,2025,Axy,300,3515.682290921345,6
2025-05-13 18:55:00,141.53903,40.5744,BTG_KAB_2025_9B40989_S2,2025,Axy,300,4274.703853736627,6
2025-05-13 19:05:00,141.56147,40.631730000000005,BTG_KAB_2025_9B40989_S2,2025,Axy,600,10346.196689193575,6
2025-05-13 19:10:00,141.56804000000002,40.640370000000004,BTG_KAB_2025_9B40989_S2,2025,Axy,300,11334.948418505845,6
2025-05-13 19:15:00,141.57231000000002,40.64932,BTG_KAB_2025_9B40989_S2,2025,Axy,300,12357.202450695158,6
2025-05-13 19:20:00,141.57217,40.651779999999995,BTG_KAB_2025_9B40989_S2,2025,Axy,300,12627.853672715437,6
2025-05-13 19:25:00,141.55881000000002,40.63546,BTG_KAB_2025_9B40989_S2,2025,Axy,300,10755.706027114335,6
2025-05-13 19:30:00,141.54327999999998,40.61495,BTG_KAB_2025_9B40989_S2,2025,Axy,300,8563.957924438573,6
2025-05-13 19:35:00,141.53521,40.59268,BTG_KAB_2025_9B40989_S2,2025,Axy,300,6296.987210748863,6
2025-05-13 19:40:00,141.53056999999998,40.58667,BTG_KAB_2025_9B40989_S2,2025,Axy,300,5807.562520736112,6
2025-05-13 19:45:00,141.53001,40.58681,BTG_KAB_2025_9B40989_S2,2025,Axy,300,5840.664872816589,6
2025-05-13 19:50:00,141.52984999999998,40.58725,BTG_KAB_2025_9B40989_S2,2025,Axy,300,5890.866575447675,6
2025-05-13 19:55:00,141.53008,40.58752,BTG_KAB_2025_9B40989_S2,2025,Axy,300,5910.660980564737,6
2025-05-13 20:00:00,141.53815,40.57631000000001,BTG_KAB_2025_9B40989_S2,2025,Axy,300,4499.345500098564,6
2025-05-13 20:05:00,141.53888,40.576879999999996,BTG_KAB_2025_9B40989_S2,2025,Axy,300,4536.320615799241,6
2025-05-13 20:10:00,141.54001,40.577510000000004,BTG_KAB_2025_9B40989_S2,2025,Axy,300,4569.833174710177,6
2025-05-13 20:15:00,141.54066999999998,40.5779,BTG_KAB_2025_9B40989_S2,2025,Axy,300,4593.034814459727,6
2025-05-13 20:20:00,141.54157999999998,40.57818,BTG_KAB_2025_9B40989_S2,2025,Axy,300,4599.254815015728,6
2025-05-13 20:25:00,141.54258,40.57826,BTG_KAB_2025_9B40989_S2,2025,Axy,300,4583.514188410546,6
2025-05-13 20:30:00,141.54399999999998,40.57842,BTG_KAB_2025_9B40989_S2,2025,Axy,300,4568.786075699835,6
2025-05-13 20:35:00,141.54471999999998,40.57858,BTG_KAB_2025_9B40989_S2,2025,Axy,300,4571.042711360511,6
2025-05-13 20:40:00,141.54567999999998,40.57862,BTG_KAB_2025_9B40989_S2,2025,Axy,300,4556.650661358743,6
2025-05-13 20:45:00,141.54679,40.578210000000006,BTG_KAB_2025_9B40989_S2,2025,Axy,300,4492.1615127046325,6
2025-05-13 20:50:00,141.55540000000002,40.55699,BTG_KAB_2025_9B40989_S2,2025,Axy,300,2049.9445684186035,6
2025-05-13 20:55:00,141.55608,40.55614,BTG_KAB_2025_9B40989_S2,2025,Axy,300,1951.3137658985927,6
2025-05-13 21:00:00,141.55676,40.555879999999995,BTG_KAB_2025_9B40989_S2,2025,Axy,300,1919.50105731673,6
2025-05-13 21:05:00,141.55746000000002,40.55563,BTG_KAB_2025_9B40989_S2,2025,Axy,300,1890.4495364967229,6
2025-05-13 21:10:00,141.55826000000002,40.55529,BTG_KAB_2025_9B40989_S2,2025,Axy,300,1853.4907334437191,6
2025-05-13 21:15:00,141.55869,40.554869999999994,BTG_KAB_2025_9B40989_S2,2025,Axy,300,1808.3615577500063,6
2025-05-14 12:35:00,141.53475999999998,40.54385,BTG_KAB_2025_9B40989_S2,2025,Axy,300,2020.8819697988379,7
2025-05-14 12:40:00,141.51415999999998,40.54697,BTG_KAB_2025_9B40989_S2,2025,Axy,300,3795.6175577189997,7
2025-05-14 12:45:00,141.51421,40.54699,BTG_KAB_2025_9B40989_S2,2025,Axy,300,3792.054875454411,7
2025-05-14 12:50:00,141.52278,40.557039999999994,BTG_KAB_2025_9B40989_S2,2025,Axy,300,3590.4515700869083,7
2025-05-14 12:55:00,141.50717,40.569010000000006,BTG_KAB_2025_9B40989_S2,2025,Axy,300,5444.813766899103,7
2025-05-14 13:00:00,141.49720000000002,40.58387,BTG_KAB_2025_9B40989_S2,2025,Axy,300,7171.694354591281,7
2025-05-14 13:05:00,141.48845000000003,40.59301000000001,BTG_KAB_2025_9B40989_S2,2025,Axy,300,8413.834450219134,7
2025-05-14 13:10:00,141.48261000000002,40.583819999999996,BTG_KAB_2025_9B40989_S2,2025,Axy,300,8096.062288388398,7
2025-05-14 13:15:00,141.48234000000005,40.58342,BTG_KAB_2025_9B40989_S2,2025,Axy,300,8086.618091682352,7
2025-05-14 13:20:00,141.48250000000002,40.5835,BTG_KAB_2025_9B40989_S2,2025,Axy,300,8081.4156098449685,7
2025-05-14 13:25:00,141.48271000000003,40.58359,BTG_KAB_2025_9B40989_S2,2025,Axy,300,8073.601513310434,7
2025-05-14 13:30:00,141.48255,40.58357,BTG_KAB_2025_9B40989_S2,2025,Axy,300,8082.880013906836,7
2025-05-14 13:35:00,141.48256,40.58347,BTG_KAB_2025_9B40989_S2,2025,Axy,300,8075.362290080875,7
2025-05-14 13:40:00,141.48765,40.57314,BTG_KAB_2025_9B40989_S2,2025,Axy,300,7057.592516400918,7
2025-05-14 13:45:00,141.48799000000002,40.573010000000004,BTG_KAB_2025_9B40989_S2,2025,Axy,300,7025.57911229545,7
2025-05-14 13:50:00,141.48787000000002,40.573100000000004,BTG_KAB_2025_9B40989_S2,2025,Axy,300,7039.540633791331,7
2025-05-14 13:55:00,141.48770000000002,40.57322,BTG_KAB_2025_9B40989_S2,2025,Axy,300,7058.868162146462,7
2025-05-14 14:00:00,141.48822000000004,40.57298,BTG_KAB_2025_9B40989_S2,2025,Axy,300,7007.42452612052,7
2025-05-14 14:05:00,141.48819000000003,40.57316,BTG_KAB_2025_9B40989_S2,2025,Axy,300,7020.453533063588,7
2025-05-14 14:10:00,141.48747000000003,40.573100000000004,BTG_KAB_2025_9B40989_S2,2025,Axy,300,7067.989310925367,7
2025-05-14 14:15:00,141.48760000000001,40.57309,BTG_KAB_2025_9B40989_S2,2025,Axy,300,7058.136082149641,7
2025-05-14 14:20:00,141.48764000000003,40.57312,BTG_KAB_2025_9B40989_S2,2025,Axy,300,7057.097917247101,7
2025-05-14 14:25:00,141.48756,40.57321,BTG_KAB_2025_9B40989_S2,2025,Axy,300,7068.213279641544,7
2025-05-14 14:30:00,141.48796000000002,40.573130000000006,BTG_KAB_2025_9B40989_S2,2025,Axy,300,7034.960086886288,7
2025-05-14 14:35:00,141.48775,40.57309,BTG_KAB_2025_9B40989_S2,2025,Axy,300,7047.46713227663,7
2025-05-14 14:40:00,141.48785,40.57303,BTG_KAB_2025_9B40989_S2,2025,Axy,300,7036.73881190153,7
2025-05-14 14:45:00,141.48787000000002,40.57304,BTG_KAB_2025_9B40989_S2,2025,Axy,300,7035.919718631153,7
2025-05-14 14:50:00,141.48782000000003,40.57316,BTG_KAB_2025_9B40989_S2,2025,Axy,300,7046.717615620106,7
2025-05-14 14:55:00,141.48775,40.57305,BTG_KAB_2025_9B40989_S2,2025,Axy,300,7045.056116659208,7
2025-05-14 15:00:00,141.48776,40.57321,BTG_KAB_2025_9B40989_S2,2025,Axy,300,7054.001723716535,7
2025-05-14 15:05:00,141.48773000000003,40.57307,BTG_KAB_2025_9B40989_S2,2025,Axy,300,7047.683757955117,7
2025-05-14 15:10:00,141.48764000000003,40.57314,BTG_KAB_2025_9B40989_S2,2025,Axy,300,7058.303565481816,7
2025-05-14 15:15:00,141.48756,40.57294,BTG_KAB_2025_9B40989_S2,2025,Axy,300,7051.968498677588,7
2025-05-14 15:20:00,141.48758,40.57285,BTG_KAB_2025_9B40989_S2,2025,Axy,300,7045.1475276631145,7
2025-05-14 15:25:00,141.49107,40.567930000000004,BTG_KAB_2025_9B40989_S2,2025,Axy,300,6508.533427068529,7
2025-05-14 15:30:00,141.50201,40.56009,BTG_KAB_2025_9B40989_S2,2025,Axy,300,5278.87927010413,7
2025-05-14 15:35:00,141.51587999999998,40.545410000000004,BTG_KAB_2025_9B40989_S2,2025,Axy,300,3614.4135666133534,7
2025-05-14 15:40:00,141.52107,40.54436,BTG_KAB_2025_9B40989_S2,2025,Axy,300,3160.1847384059824,7
2025-05-14 15:45:00,141.52344000000002,40.545100000000005,BTG_KAB_2025_9B40989_S2,2025,Axy,300,2982.6120570556486,7
2025-05-14 15:50:00,141.52361,40.54511000000001,BTG_KAB_2025_9B40989_S2,2025,Axy,300,2968.9095040227407,7
2025-05-14 15:55:00,141.52397,40.54485999999999,BTG_KAB_2025_9B40989_S2,2025,Axy,300,2932.6450324768784,7
2025-05-14 16:00:00,141.52535,40.54543,BTG_KAB_2025_9B40989_S2,2025,Axy,300,2835.443185884853,7
2025-05-14 16:05:00,141.52426,40.54604,BTG_KAB_2025_9B40989_S2,2025,Axy,300,2942.793997539745,7
2025-05-14 16:10:00,141.53745,40.554429999999996,BTG_KAB_2025_9B40989_S2,2025,Axy,300,2449.8914945582214,7
2025-05-14 16:15:00,141.53742000000003,40.554359999999996,BTG_KAB_2025_9B40989_S2,2025,Axy,300,2446.098443537878,7
2025-05-14 16:20:00,141.53749000000002,40.55443999999999,BTG_KAB_2025_9B40989_S2,2025,Axy,300,2448.3288537943035,7
2025-05-14 16:25:00,141.53743000000003,40.55441999999999,BTG_KAB_2025_9B40989_S2,2025,Axy,300,2450.276485183949,7
2025-05-14 16:30:00,141.53744000000003,40.55443999999999,BTG_KAB_2025_9B40989_S2,2025,Axy,300,2451.2781484422403,7
2025-05-14 16:35:00,141.53745,40.554449999999996,BTG_KAB_2025_9B40989_S2,2025,Axy,300,2451.4847253803755,7
2025-05-14 16:40:00,141.53514,40.56497,BTG_KAB_2025_9B40989_S2,2025,Axy,300,3491.545813412757,7
2025-05-14 16:45:00,141.53482,40.56482,BTG_KAB_2025_9B40989_S2,2025,Axy,300,3492.4959626782065,7
2025-05-14 16:50:00,141.53536,40.56514000000001,BTG_KAB_2025_9B40989_S2,2025,Axy,300,3497.314328596616,7
2025-05-14 16:55:00,141.5351,40.56501000000001,BTG_KAB_2025_9B40989_S2,2025,Axy,300,3497.1161969275067,7
2025-05-14 17:00:00,141.5351,40.56498,BTG_KAB_2025_9B40989_S2,2025,Axy,300,3494.323851239877,7
2025-05-14 17:05:00,141.53501,40.56497,BTG_KAB_2025_9B40989_S2,2025,Axy,300,3497.5585096914065,7
2025-05-14 17:10:00,141.53512,40.56815000000001,BTG_KAB_2025_9B40989_S2,2025,Axy,300,3793.344924954304,7
2025-05-14 17:15:00,141.53503,40.564910000000005,BTG_KAB_2025_9B40989_S2,2025,Axy,300,3491.055855065474,7
2025-05-14 17:20:00,141.53512,40.56485,BTG_KAB_2025_9B40989_S2,2025,Axy,300,3481.3076551911527,7
2025-05-14 17:25:00,141.53495999999998,40.564710000000005,BTG_KAB_2025_9B40989_S2,2025,Axy,300,3475.764929688235,7
2025-05-14 17:30:00,141.53504999999998,40.565020000000004,BTG_KAB_2025_9B40989_S2,2025,Axy,300,3500.356689315192,7
2025-05-14 17:35:00,141.53504,40.56489,BTG_KAB_2025_9B40989_S2,2025,Axy,300,3488.7339432732083,7
2025-05-14 17:40:00,141.53504,40.56492,BTG_KAB_2025_9B40989_S2,2025,Axy,300,3491.5212225442037,7
2025-05-14 17:45:00,141.53502,40.5649,BTG_KAB_2025_9B40989_S2,2025,Axy,300,3490.5909844874186,7
2025-05-14 17:50:00,141.535,40.56481,BTG_KAB_2025_9B40989_S2,2025,Axy,300,3483.167014407657,7
2025-05-14 17:55:00,141.53494,40.564910000000005,BTG_KAB_2025_9B40989_S2,2025,Axy,300,3495.2368064192588,7
2025-05-14 18:00:00,141.5351,40.5649,BTG_KAB_2025_9B40989_S2,2025,Axy,300,3486.8822241372313,7
2025-05-14 18:05:00,141.53504,40.56484,BTG_KAB_2025_9B40989_S2,2025,Axy,300,3484.090601200342,7
2025-05-14 18:10:00,141.53509,40.56476,BTG_KAB_2025_9B40989_S2,2025,Axy,300,3474.340508601918,7
2025-05-14 18:15:00,141.53508,40.56494,BTG_KAB_2025_9B40989_S2,2025,Axy,300,3491.5275327614163,7
2025-05-14 18:20:00,141.53517,40.564910000000005,BTG_KAB_2025_9B40989_S2,2025,Axy,300,3484.575330891221,7
2025-05-14 18:25:00,141.53515,40.56501000000001,BTG_KAB_2025_9B40989_S2,2025,Axy,300,3494.8096866147844,7
2025-05-14 18:30:00,141.53494,40.56476,BTG_KAB_2025_9B40989_S2,2025,Axy,300,3481.3301706519783,7
2025-05-14 18:35:00,141.53489,40.56464,BTG_KAB_2025_9B40989_S2,2025,Axy,300,3472.5668502722583,7
2025-05-14 18:40:00,141.53499,40.56499,BTG_KAB_2025_9B40989_S2,2025,Axy,300,3500.3442383820166,7
2025-05-14 18:45:00,141.53519,40.564930000000004,BTG_KAB_2025_9B40989_S2,2025,Axy,300,3485.5140593791075,7
2025-05-14 18:50:00,141.53524000000002,40.564910000000005,BTG_KAB_2025_9B40989_S2,2025,Axy,300,3481.3456922465234,7
2025-05-14 18:55:00,141.53512,40.56503000000001,BTG_KAB_2025_9B40989_S2,2025,Axy,300,3498.055739284999,7
2025-05-14 19:00:00,141.53513,40.56515000000001,BTG_KAB_2025_9B40989_S2,2025,Axy,300,3508.780386954684,7
2025-05-14 19:05:00,141.53535,40.56528,BTG_KAB_2025_9B40989_S2,2025,Axy,300,3510.875599982733,7
2025-05-14 19:10:00,141.53515,40.56785,BTG_KAB_2025_9B40989_S2,2025,Axy,300,3763.287918701229,7
2025-05-14 19:15:00,141.53131000000002,40.57194,BTG_KAB_2025_9B40989_S2,2025,Axy,300,4319.836956709867,7
2025-05-14 19:20:00,141.50572,40.57008,BTG_KAB_2025_9B40989_S2,2025,Axy,300,5614.842478068709,7
2025-05-14 19:25:00,141.51757999999998,40.57012,BTG_KAB_2025_9B40989_S2,2025,Axy,300,4872.148507732889,7
2025-05-14 19:30:00,141.52092000000002,40.57155,BTG_KAB_2025_9B40989_S2,2025,Axy,300,4799.611923840912,7
2025-05-14 19:35:00,141.52378,40.56653000000001,BTG_KAB_2025_9B40989_S2,2025,Axy,300,4221.66709836176,7
2025-05-14 19:40:00,141.52371,40.56559000000001,BTG_KAB_2025_9B40989_S2,2025,Axy,300,4149.716851214529,7
2025-05-14 19:45:00,141.52613000000002,40.56837000000001,BTG_KAB_2025_9B40989_S2,2025,Axy,300,4246.208587962213,7
2025-05-14 19:50:00,141.53526,40.575810000000004,BTG_KAB_2025_9B40989_S2,2025,Axy,300,4544.090771947083,7
2025-05-14 19:55:00,141.53696,40.572700000000005,BTG_KAB_2025_9B40989_S2,2025,Axy,300,4170.1862475722655,7
2025-05-14 20:00:00,141.53697,40.572990000000004,BTG_KAB_2025_9B40989_S2,2025,Axy,300,4199.089945354982,7
2025-05-14 20:05:00,141.53669,40.5732,BTG_KAB_2025_9B40989_S2,2025,Axy,300,4230.179312366063,7
2025-05-14 20:10:00,141.53661,40.57324,BTG_KAB_2025_9B40989_S2,2025,Axy,300,4237.052140978999,7
2025-05-14 20:15:00,141.53623000000002,40.57347,BTG_KAB_2025_9B40989_S2,2025,Axy,300,4273.779945543498,7
2025-05-14 20:20:00,141.53605,40.573570000000004,BTG_KAB_2025_9B40989_S2,2025,Axy,300,4290.305778670684,7
2025-05-14 20:25:00,141.53589,40.573910000000005,BTG_KAB_2025_9B40989_S2,2025,Axy,300,4330.23887478587,7
2025-05-14 20:30:00,141.53572,40.57399,BTG_KAB_2025_9B40989_S2,2025,Axy,300,4344.40593869082,7
2025-05-14 20:35:00,141.53596,40.5745,BTG_KAB_2025_9B40989_S2,2025,Axy,300,4387.158028224496,7
2025-05-14 20:40:00,141.53613000000001,40.57472,BTG_KAB_2025_9B40989_S2,2025,Axy,300,4403.397561676697,7
2025-05-14 20:45:00,141.53616,40.57517000000001,BTG_KAB_2025_9B40989_S2,2025,Axy,300,4447.914136687711,7
2025-05-14 20:50:00,141.53603,40.575610000000005,BTG_KAB_2025_9B40989_S2,2025,Axy,300,4497.0198770295865,7
2025-05-14 20:55:00,141.53618,40.575970000000005,BTG_KAB_2025_9B40989_S2,2025,Axy,300,4528.469780627284,7
2025-05-14 21:00:00,141.53616,40.576550000000005,BTG_KAB_2025_9B40989_S2,2025,Axy,300,4588.220063150917,7
2025-05-14 21:05:00,141.53629,40.577110000000005,BTG_KAB_2025_9B40989_S2,2025,Axy,300,4641.095559946261,7
2025-05-14 21:10:00,141.53647,40.57747,BTG_KAB_2025_9B40989_S2,2025,Axy,300,4672.086849095657,7
2025-05-14 21:15:00,141.53682,40.578100000000006,BTG_KAB_2025_9B40989_S2,2025,Axy,300,4725.659765237112,7
2025-05-14 21:20:00,141.53684,40.57858,BTG_KAB_2025_9B40989_S2,2025,Axy,300,4774.540979066176,7
2025-05-14 21:25:00,141.53703000000002,40.57875000000001,BTG_KAB_2025_9B40989_S2,2025,Axy,300,4786.214291973838,7
2025-05-14 21:30:00,141.53696,40.57921,BTG_KAB_2025_9B40989_S2,2025,Axy,300,4835.963960936867,7
2025-05-14 21:35:00,141.53694000000002,40.57998,BTG_KAB_2025_9B40989_S2,2025,Axy,300,4916.38206227498,7
2025-05-14 21:40:00,141.53674999999998,40.58083,BTG_KAB_2025_9B40989_S2,2025,Axy,300,5010.347127122535,7
2025-05-14 21:45:00,141.53696,40.581419999999994,BTG_KAB_2025_9B40989_S2,2025,Axy,300,5065.5429798721325,7
2025-05-14 21:50:00,141.53972,40.58183,BTG_KAB_2025_9B40989_S2,2025,Axy,300,5033.090585663841,7
2025-05-14 21:55:00,141.54008,40.58252,BTG_KAB_2025_9B40989_S2,2025,Axy,300,5097.250404616337,7
2025-05-14 22:00:00,141.5401,40.583239999999996,BTG_KAB_2025_9B40989_S2,2025,Axy,300,5173.304167971325,7
2025-05-14 22:05:00,141.53549999999998,40.5786,BTG_KAB_2025_9B40989_S2,2025,Axy,300,4819.542341851834,7
2025-05-14 22:10:00,141.53414,40.57663,BTG_KAB_2025_9B40989_S2,2025,Axy,300,4666.625356014373,7
2025-05-14 22:15:00,141.53714000000002,40.58177,BTG_KAB_2025_9B40989_S2,2025,Axy,300,5096.833159986964,7
2025-05-14 22:20:00,141.53716,40.58183,BTG_KAB_2025_9B40989_S2,2025,Axy,300,5102.524160777506,7
2025-05-14 22:25:00,141.53354,40.573010000000004,BTG_KAB_2025_9B40989_S2,2025,Axy,300,4330.023041005167,7
2025-05-14 22:30:00,141.54019,40.564310000000006,BTG_KAB_2025_9B40989_S2,2025,Axy,300,3212.8481379876807,7
2025-05-14 22:35:00,141.5404,40.563930000000006,BTG_KAB_2025_9B40989_S2,2025,Axy,300,3167.198230960417,7
2025-05-14 22:40:00,141.54169,40.563390000000005,BTG_KAB_2025_9B40989_S2,2025,Axy,300,3064.4745490919872,7
2025-05-15 14:45:00,141.52604000000002,40.539190000000005,BTG_KAB_2025_9B40989_S2,2025,Axy,600,2674.7731458598505,8
2025-05-15 14:50:00,141.50234000000003,40.54176,BTG_KAB_2025_9B40989_S2,2025,Axy,300,4694.81354002865,8
2025-05-15 14:55:00,141.51046,40.54342,BTG_KAB_2025_9B40989_S2,2025,Axy,300,4029.3950286134695,8
2025-05-15 15:00:00,141.51024999999998,40.54347,BTG_KAB_2025_9B40989_S2,2025,Axy,300,4047.764485972786,8
2025-05-15 15:05:00,141.51074,40.54332,BTG_KAB_2025_9B40989_S2,2025,Axy,300,4004.4216649900377,8
2025-05-15 15:10:00,141.51304999999996,40.5491,BTG_KAB_2025_9B40989_S2,2025,Axy,300,3950.0028173200867,8
2025-05-15 15:15:00,141.52342000000002,40.56044,BTG_KAB_2025_9B40989_S2,2025,Axy,300,3776.5419022073293,8
2025-05-15 15:20:00,141.51574,40.56143,BTG_KAB_2025_9B40989_S2,2025,Axy,300,4358.635630102657,8
2025-05-15 15:25:00,141.51563,40.55663,BTG_KAB_2025_9B40989_S2,2025,Axy,300,4080.078706070113,8
2025-05-15 15:30:00,141.51534,40.55681,BTG_KAB_2025_9B40989_S2,2025,Axy,300,4111.289677739301,8
2025-05-15 15:35:00,141.51518,40.55693,BTG_KAB_2025_9B40989_S2,2025,Axy,300,4129.643527420551,8
2025-05-15 15:40:00,141.51497999999998,40.556889999999996,BTG_KAB_2025_9B40989_S2,2025,Axy,300,4142.216163949331,8
2025-05-15 15:45:00,141.51560999999998,40.55667999999999,BTG_KAB_2025_9B40989_S2,2025,Axy,300,4084.2794640730535,8
2025-05-15 15:50:00,141.51619,40.55647999999999,BTG_KAB_2025_9B40989_S2,2025,Axy,300,4030.583893449969,8
2025-05-15 15:55:00,141.51444999999998,40.5571,BTG_KAB_2025_9B40989_S2,2025,Axy,300,4192.7738084980665,8
2025-05-15 16:00:00,141.51538,40.55667999999999,BTG_KAB_2025_9B40989_S2,2025,Axy,300,4101.258876674264,8
2025-05-15 16:05:00,141.51543,40.55681,BTG_KAB_2025_9B40989_S2,2025,Axy,300,4104.652867698726,8
2025-05-15 16:10:00,141.51569999999998,40.556999999999995,BTG_KAB_2025_9B40989_S2,2025,Axy,300,4095.2409642240973,8
2025-05-15 16:15:00,141.51549,40.55679,BTG_KAB_2025_9B40989_S2,2025,Axy,300,4099.136228011848,8
2025-05-15 16:20:00,141.51548,40.55675,BTG_KAB_2025_9B40989_S2,2025,Axy,300,4097.688540150616,8
2025-05-15 16:25:00,141.51586999999998,40.556819999999995,BTG_KAB_2025_9B40989_S2,2025,Axy,300,4072.807097920169,8
2025-05-15 16:30:00,141.51549,40.5569,BTG_KAB_2025_9B40989_S2,2025,Axy,300,4105.164524823674,8
2025-05-15 16:35:00,141.51555999999997,40.55685,BTG_KAB_2025_9B40989_S2,2025,Axy,300,4097.2659371844775,8
2025-05-15 16:40:00,141.51537,40.55656,BTG_KAB_2025_9B40989_S2,2025,Axy,300,4095.4970784105117,8
2025-05-15 16:45:00,141.50866,40.56487,BTG_KAB_2025_9B40989_S2,2025,Axy,300,5068.714308267731,8
2025-05-15 16:50:00,141.49815,40.568780000000004,BTG_KAB_2025_9B40989_S2,2025,Axy,300,6048.5571302414,8
2025-05-15 16:55:00,141.49578,40.57808,BTG_KAB_2025_9B40989_S2,2025,Axy,300,6828.645608465449,8
2025-05-15 17:00:00,141.50176,40.56051000000001,BTG_KAB_2025_9B40989_S2,2025,Axy,300,5318.930600279164,8
2025-05-15 17:05:00,141.50212000000002,40.56004,BTG_KAB_2025_9B40989_S2,2025,Axy,300,5268.059833593944,8
2025-05-15 17:10:00,141.50189,40.55987,BTG_KAB_2025_9B40989_S2,2025,Axy,300,5276.978995156942,8
2025-05-15 17:15:00,141.50155999999998,40.560430000000004,BTG_KAB_2025_9B40989_S2,2025,Axy,300,5329.959619329128,8
2025-05-15 17:20:00,141.50172,40.560370000000006,BTG_KAB_2025_9B40989_S2,2025,Axy,300,5314.861174149631,8
2025-05-15 17:25:00,141.50174,40.5604,BTG_KAB_2025_9B40989_S2,2025,Axy,300,5314.867547350202,8
2025-05-15 17:30:00,141.50172,40.56033000000001,BTG_KAB_2025_9B40989_S2,2025,Axy,300,5312.844125696929,8
2025-05-15 17:35:00,141.50173,40.560370000000006,BTG_KAB_2025_9B40989_S2,2025,Axy,300,5314.106771671402,8
2025-05-15 17:40:00,141.50181,40.56044,BTG_KAB_2025_9B40989_S2,2025,Axy,300,5311.614006259348,8
2025-05-15 17:45:00,141.50169,40.56046,BTG_KAB_2025_9B40989_S2,2025,Axy,300,5321.671734890191,8
2025-05-15 17:50:00,141.50182,40.56042,BTG_KAB_2025_9B40989_S2,2025,Axy,300,5309.847452929116,8
2025-05-15 17:55:00,141.50142000000002,40.56083,BTG_KAB_2025_9B40989_S2,2025,Axy,300,5360.814074197883,8
2025-05-15 18:00:00,141.50136,40.56078,BTG_KAB_2025_9B40989_S2,2025,Axy,300,5362.7763485120495,8
2025-05-15 18:05:00,141.50138,40.56078,BTG_KAB_2025_9B40989_S2,2025,Axy,300,5361.271429236913,8
2025-05-15 18:10:00,141.50146,40.560810000000004,BTG_KAB_2025_9B40989_S2,2025,Axy,300,5356.784485883085,8
2025-05-15 18:15:00,141.50141000000002,40.56067,BTG_KAB_2025_9B40989_S2,2025,Axy,300,5353.416321411235,8
2025-05-15 18:20:00,141.50397999999998,40.55937,BTG_KAB_2025_9B40989_S2,2025,Axy,300,5093.912574143029,8
2025-05-15 18:25:00,141.50404,40.55932,BTG_KAB_2025_9B40989_S2,2025,Axy,300,5086.869673285456,8
2025-05-15 18:30:00,141.50402,40.55935,BTG_KAB_2025_9B40989_S2,2025,Axy,300,5089.886649511119,8
2025-05-15 18:35:00,141.50415999999998,40.55936,BTG_KAB_2025_9B40989_S2,2025,Axy,300,5079.8179625897965,8
2025-05-15 18:40:00,141.50434,40.55912,BTG_KAB_2025_9B40989_S2,2025,Axy,300,5054.174542813985,8
2025-05-15 18:45:00,141.50441,40.55918,BTG_KAB_2025_9B40989_S2,2025,Axy,300,5051.89001240015,8
2025-05-15 18:50:00,141.50429,40.55915,BTG_KAB_2025_9B40989_S2,2025,Axy,300,5059.455968628802,8
2025-05-15 18:55:00,141.50424,40.55919,BTG_KAB_2025_9B40989_S2,2025,Axy,300,5065.238321452248,8
2025-05-15 19:00:00,141.50388999999998,40.55915,BTG_KAB_2025_9B40989_S2,2025,Axy,300,5089.721597967155,8
2025-05-15 19:05:00,141.51102,40.56444,BTG_KAB_2025_9B40989_S2,2025,Axy,300,4878.3485540378115,8
2025-05-15 19:10:00,141.51154999999997,40.56461,BTG_KAB_2025_9B40989_S2,2025,Axy,300,4853.314420427203,8
2025-05-15 19:15:00,141.51264,40.565090000000005,BTG_KAB_2025_9B40989_S2,2025,Axy,300,4811.803802932301,8
2025-05-15 19:20:00,141.51292,40.56533000000001,BTG_KAB_2025_9B40989_S2,2025,Axy,300,4809.447319698957,8
2025-05-15 19:25:00,141.5153,40.565670000000004,BTG_KAB_2025_9B40989_S2,2025,Axy,300,4676.634912501473,8
2025-05-15 19:30:00,141.51534,40.56584,BTG_KAB_2025_9B40989_S2,2025,Axy,300,4686.196349474705,8
2025-05-15 19:35:00,141.51576999999997,40.56613000000001,BTG_KAB_2025_9B40989_S2,2025,Axy,300,4679.397274539598,8
2025-05-15 19:40:00,141.51583,40.56624,BTG_KAB_2025_9B40989_S2,2025,Axy,300,4683.542006762092,8
2025-05-15 19:45:00,141.51654999999997,40.56631000000001,BTG_KAB_2025_9B40989_S2,2025,Axy,300,4642.787497904372,8
2025-05-15 19:50:00,141.50796,40.57065,BTG_KAB_2025_9B40989_S2,2025,Axy,300,5508.289920893788,8
2025-05-15 19:55:00,141.49984,40.57423,BTG_KAB_2025_9B40989_S2,2025,Axy,300,6291.568719864447,8
2025-05-15 20:00:00,141.50042000000002,40.57387,BTG_KAB_2025_9B40989_S2,2025,Axy,300,6228.244362910592,8
2025-05-15 20:05:00,141.5016,40.57324,BTG_KAB_2025_9B40989_S2,2025,Axy,300,6106.5647190870695,8
2025-05-15 20:10:00,141.50319,40.57292,BTG_KAB_2025_9B40989_S2,2025,Axy,300,5979.862331675357,8
2025-05-15 20:15:00,141.50453,40.57255000000001,BTG_KAB_2025_9B40989_S2,2025,Axy,300,5866.362098135528,8
2025-05-15 20:20:00,141.50591,40.57236,BTG_KAB_2025_9B40989_S2,2025,Axy,300,5763.548646950084,8
2025-05-15 20:25:00,141.50733000000002,40.571979999999996,BTG_KAB_2025_9B40989_S2,2025,Axy,300,5644.940117292602,8
2025-05-15 20:30:00,141.50862,40.571659999999994,BTG_KAB_2025_9B40989_S2,2025,Axy,300,5539.384217156917,8
2025-05-15 20:35:00,141.51009,40.57122,BTG_KAB_2025_9B40989_S2,2025,Axy,300,5413.962672367271,8
2025-05-15 20:40:00,141.51123,40.57084,BTG_KAB_2025_9B40989_S2,2025,Axy,300,5314.075244859548,8
2025-05-15 20:45:00,141.51273,40.57032,BTG_KAB_2025_9B40989_S2,2025,Axy,300,5181.464935928685,8
2025-05-15 20:50:00,141.51545,40.56687,BTG_KAB_2025_9B40989_S2,2025,Axy,300,4753.787589207063,8
2025-05-15 20:55:00,141.51660999999999,40.56667,BTG_KAB_2025_9B40989_S2,2025,Axy,300,4665.582094567335,8
2025-05-15 21:00:00,141.51829,40.5666,BTG_KAB_2025_9B40989_S2,2025,Axy,300,4555.365906872515,8
2025-05-15 21:05:00,141.51963999999998,40.566590000000005,BTG_KAB_2025_9B40989_S2,2025,Axy,300,4471.68973078869,8
2025-05-15 21:10:00,141.52117,40.56649,BTG_KAB_2025_9B40989_S2,2025,Axy,300,4371.556225162831,8
2025-05-15 21:15:00,141.52233000000004,40.56642,BTG_KAB_2025_9B40989_S2,2025,Axy,300,4297.171047115111,8
2025-05-15 21:20:00,141.52354,40.566410000000005,BTG_KAB_2025_9B40989_S2,2025,Axy,300,4225.744392641324,8
2025-05-15 21:25:00,141.52505,40.56651000000001,BTG_KAB_2025_9B40989_S2,2025,Axy,300,4147.76144487418,8
2025-05-15 21:30:00,141.52648000000002,40.56627,BTG_KAB_2025_9B40989_S2,2025,Axy,300,4047.9902018992016,8
2025-05-15 21:35:00,141.52839000000003,40.566430000000004,BTG_KAB_2025_9B40989_S2,2025,Axy,300,3958.3954492952194,8
2025-05-15 21:40:00,141.52915,40.56687,BTG_KAB_2025_9B40989_S2,2025,Axy,300,3957.1130537951813,8
2025-05-15 21:45:00,141.53951999999998,40.54972,BTG_KAB_2025_9B40989_S2,2025,Axy,300,1967.1487858769744,8
2025-05-17 22:05:00,141.52672,40.547079999999994,BTG_KAB_2025_9B40989_S2,2025,Axy,300,2780.2995877113804,9
2025-05-17 22:10:00,141.51876,40.5469,BTG_KAB_2025_9B40989_S2,2025,Axy,300,3417.0080233334756,9
2025-05-17 22:15:00,141.51165999999998,40.561510000000006,BTG_KAB_2025_9B40989_S2,2025,Axy,300,4648.9997132732115,9
2025-05-17 22:20:00,141.50996999999998,40.56721,BTG_KAB_2025_9B40989_S2,2025,Axy,300,5134.861546362162,9
2025-05-17 22:25:00,141.50992,40.567510000000006,BTG_KAB_2025_9B40989_S2,2025,Axy,300,5158.842976863506,9
2025-05-17 22:30:00,141.51032,40.56724,BTG_KAB_2025_9B40989_S2,2025,Axy,300,5113.671437163074,9
2025-05-17 22:35:00,141.51019,40.56716,BTG_KAB_2025_9B40989_S2,2025,Axy,300,5116.791861080288,9
2025-05-17 22:40:00,141.50401,40.56646,BTG_KAB_2025_9B40989_S2,2025,Axy,300,5493.013541643315,9
2025-05-17 22:45:00,141.50405999999998,40.56664,BTG_KAB_2025_9B40989_S2,2025,Axy,300,5500.7961978707135,9
2025-05-17 22:50:00,141.50428,40.56687,BTG_KAB_2025_9B40989_S2,2025,Axy,300,5499.971322769634,9
2025-05-17 22:55:00,141.50462,40.56698,BTG_KAB_2025_9B40989_S2,2025,Axy,300,5483.353591745463,9
2025-05-17 23:00:00,141.50506,40.56742,BTG_KAB_2025_9B40989_S2,2025,Axy,300,5481.25938090584,9
2025-05-17 23:05:00,141.50558999999998,40.56754,BTG_KAB_2025_9B40989_S2,2025,Axy,300,5452.711307888001,9
2025-05-17 23:10:00,141.50538,40.567859999999996,BTG_KAB_2025_9B40989_S2,2025,Axy,300,5488.042822771056,9
2025-05-17 23:15:00,141.50602,40.56826,BTG_KAB_2025_9B40989_S2,2025,Axy,300,5471.054066135086,9
2025-05-17 23:20:00,141.50671,40.56859000000001,BTG_KAB_2025_9B40989_S2,2025,Axy,300,5446.810709273215,9
2025-05-17 23:25:00,141.50733000000002,40.56899000000001,BTG_KAB_2025_9B40989_S2,2025,Axy,300,5432.809104915804,9
2025-05-17 23:30:00,141.50761,40.56915000000001,BTG_KAB_2025_9B40989_S2,2025,Axy,300,5425.326847013472,9
2025-05-17 23:35:00,141.50842000000003,40.569430000000004,BTG_KAB_2025_9B40989_S2,2025,Axy,300,5391.6296651046205,9
2025-05-17 23:40:00,141.50914999999998,40.569570000000006,BTG_KAB_2025_9B40989_S2,2025,Axy,300,5353.968311733439,9
2025-05-17 23:45:00,141.51027,40.56947,BTG_KAB_2025_9B40989_S2,2025,Axy,300,5274.384010028932,9
2025-05-17 23:50:00,141.50727,40.57077,BTG_KAB_2025_9B40989_S2,2025,Axy,300,5561.575103686528,9
2025-05-17 23:55:00,141.50357999999997,40.575,BTG_KAB_2025_9B40989_S2,2025,Axy,300,6104.775831938564,9
2025-05-18 00:00:00,141.50439,40.575250000000004,BTG_KAB_2025_9B40989_S2,2025,Axy,300,6072.089899767689,9
2025-05-18 00:05:00,141.50541,40.575500000000005,BTG_KAB_2025_9B40989_S2,2025,Axy,300,6027.077021592362,9
2025-05-18 00:10:00,141.51342,40.56898,BTG_KAB_2025_9B40989_S2,2025,Axy,300,5037.9671676796725,9
2025-05-18 00:15:00,141.51444999999998,40.56908,BTG_KAB_2025_9B40989_S2,2025,Axy,300,4981.041090242895,9
2025-05-18 00:20:00,141.51509,40.569250000000004,BTG_KAB_2025_9B40989_S2,2025,Axy,300,4954.344420775139,9
2025-05-18 00:25:00,141.51564,40.569230000000005,BTG_KAB_2025_9B40989_S2,2025,Axy,300,4919.054969230914,9
2025-05-18 00:30:00,141.51639,40.56924,BTG_KAB_2025_9B40989_S2,2025,Axy,300,4874.127622552605,9
2025-05-18 00:35:00,141.53139000000002,40.55578,BTG_KAB_2025_9B40989_S2,2025,Axy,300,2927.009459840343,9
2025-05-18 11:10:00,141.55002000000002,40.5467,BTG_KAB_2025_9B40989_S2,2025,Axy,300,1104.7492862589295,10
2025-05-18 11:15:00,141.5348,40.56028,BTG_KAB_2025_9B40989_S2,2025,Axy,300,3086.00504638964,10
2025-05-18 11:20:00,141.52261000000001,40.561110000000006,BTG_KAB_2025_9B40989_S2,2025,Axy,300,3876.922115779292,10
2025-05-18 11:25:00,141.51415999999998,40.55351,BTG_KAB_2025_9B40989_S2,2025,Axy,300,4035.072413947984,10
2025-05-18 11:30:00,141.5129,40.54505,BTG_KAB_2025_9B40989_S2,2025,Axy,300,3854.0355347503973,10
2025-05-18 11:35:00,141.51242000000002,40.54445,BTG_KAB_2025_9B40989_S2,2025,Axy,300,3882.325156930034,10
2025-05-18 11:40:00,141.51226,40.54423,BTG_KAB_2025_9B40989_S2,2025,Axy,300,3891.7009381347125,10
2025-05-18 11:45:00,141.51219,40.54437,BTG_KAB_2025_9B40989_S2,2025,Axy,300,3900.0714839707794,10
2025-05-18 11:50:00,141.51223000000002,40.544439999999994,BTG_KAB_2025_9B40989_S2,2025,Axy,300,3898.011162929511,10
2025-05-18 11:55:00,141.51233000000002,40.54438,BTG_KAB_2025_9B40989_S2,2025,Axy,300,3888.555256319775,10
2025-05-18 12:00:00,141.51231,40.54451,BTG_KAB_2025_9B40989_S2,2025,Axy,300,3892.6279605563304,10
2025-05-18 12:05:00,141.51204,40.54439,BTG_KAB_2025_9B40989_S2,2025,Axy,300,3912.9704337165317,10
2025-05-18 12:10:00,141.51242000000002,40.54419,BTG_KAB_2025_9B40989_S2,2025,Axy,300,3877.6110780104004,10
2025-05-18 12:15:00,141.51207,40.54471,BTG_KAB_2025_9B40989_S2,2025,Axy,300,3916.447525337224,10
2025-05-18 12:20:00,141.50504,40.54248,BTG_KAB_2025_9B40989_S2,2025,Axy,300,4473.702109972208,10
2025-05-18 12:25:00,141.50801,40.54284,BTG_KAB_2025_9B40989_S2,2025,Axy,300,4227.5762773874685,10
2025-05-18 12:30:00,141.50802000000002,40.54272,BTG_KAB_2025_9B40989_S2,2025,Axy,300,4225.276652693726,10
2025-05-18 12:35:00,141.50791,40.54287,BTG_KAB_2025_9B40989_S2,2025,Axy,300,4236.365580393791,10
2025-05-18 12:40:00,141.51181,40.54439,BTG_KAB_2025_9B40989_S2,2025,Axy,300,3932.192042729085,10
2025-05-18 12:45:00,141.51184,40.54456,BTG_KAB_2025_9B40989_S2,2025,Axy,300,3932.8093362943678,10
2025-05-18 12:50:00,141.51194,40.54441,BTG_KAB_2025_9B40989_S2,2025,Axy,300,3921.691135521767,10
2025-05-18 12:55:00,141.51224000000002,40.54451,BTG_KAB_2025_9B40989_S2,2025,Axy,300,3898.4734615280463,10
2025-05-18 13:00:00,141.51226,40.54453,BTG_KAB_2025_9B40989_S2,2025,Axy,300,3897.1769828522542,10
2025-05-18 13:05:00,141.51219,40.54453,BTG_KAB_2025_9B40989_S2,2025,Axy,300,3903.0221047248965,10
2025-05-18 13:10:00,141.51206,40.544689999999996,BTG_KAB_2025_9B40989_S2,2025,Axy,300,3916.8987971902147,10
2025-05-18 13:15:00,141.51179,40.54493,BTG_KAB_2025_9B40989_S2,2025,Axy,300,3944.0820692552206,10
2025-05-18 13:20:00,141.51212,40.54454,BTG_KAB_2025_9B40989_S2,2025,Axy,300,3909.054227051005,10
2025-05-18 13:25:00,141.51242000000002,40.54459,BTG_KAB_2025_9B40989_S2,2025,Axy,300,3884.950012199335,10
2025-05-18 13:30:00,141.51235,40.54471,BTG_KAB_2025_9B40989_S2,2025,Axy,300,3893.087330840646,10
2025-05-18 13:35:00,141.5126,40.544579999999996,BTG_KAB_2025_9B40989_S2,2025,Axy,300,3869.7365882678528,10
2025-05-18 13:40:00,141.51262,40.54456,BTG_KAB_2025_9B40989_S2,2025,Axy,300,3867.6876710964093,10
2025-05-18 13:45:00,141.51256999999998,40.54467999999999,BTG_KAB_2025_9B40989_S2,2025,Axy,300,3874.1554437829645,10
2025-05-18 13:50:00,141.52217000000002,40.54258,BTG_KAB_2025_9B40989_S2,2025,Axy,300,3034.0342280655586,10
2025-05-18 22:05:00,141.53664999999998,40.56674,BTG_KAB_2025_9B40989_S2,2025,Axy,300,3593.0382545879556,11
2025-05-18 22:10:00,141.51112,40.57127,BTG_KAB_2025_9B40989_S2,2025,Axy,300,5353.193733188551,11
2025-05-18 22:15:00,141.49879,40.57318,BTG_KAB_2025_9B40989_S2,2025,Axy,300,6289.149883106755,11
2025-05-18 22:20:00,141.49859,40.5732,BTG_KAB_2025_9B40989_S2,2025,Axy,300,6303.927799476026,11
2025-05-18 22:25:00,141.49823000000004,40.57327,BTG_KAB_2025_9B40989_S2,2025,Axy,300,6332.850431329636,11
2025-05-18 22:30:00,141.49838000000003,40.57305,BTG_KAB_2025_9B40989_S2,2025,Axy,300,6307.930252343357,11
2025-05-18 22:35:00,141.49831000000003,40.573190000000004,BTG_KAB_2025_9B40989_S2,2025,Axy,300,6322.073334051389,11
2025-05-18 22:40:00,141.49824000000004,40.57324,BTG_KAB_2025_9B40989_S2,2025,Axy,300,6330.154239587254,11
2025-05-18 22:45:00,141.49816,40.57322,BTG_KAB_2025_9B40989_S2,2025,Axy,300,6334.19008718093,11
2025-05-18 22:50:00,141.49759,40.57336,BTG_KAB_2025_9B40989_S2,2025,Axy,300,6382.015091342487,11
2025-05-18 22:55:00,141.49743000000004,40.573710000000005,BTG_KAB_2025_9B40989_S2,2025,Axy,300,6416.340552976646,11
2025-05-18 23:00:00,141.49713000000003,40.573879999999996,BTG_KAB_2025_9B40989_S2,2025,Axy,300,6447.986602010966,11
2025-05-18 23:05:00,141.49734000000004,40.57399,BTG_KAB_2025_9B40989_S2,2025,Axy,300,6441.30787060944,11
2025-05-18 23:10:00,141.49734000000004,40.57409,BTG_KAB_2025_9B40989_S2,2025,Axy,300,6448.0846688441225,11
2025-05-18 23:15:00,141.49683000000002,40.57398,BTG_KAB_2025_9B40989_S2,2025,Axy,300,6474.916097428517,11
2025-05-18 23:20:00,141.49697,40.57787999999999,BTG_KAB_2025_9B40989_S2,2025,Axy,300,6737.283016061081,11
2025-05-18 23:25:00,141.49814000000003,40.57886,BTG_KAB_2025_9B40989_S2,2025,Axy,300,6733.7765832785735,11
2025-05-18 23:30:00,141.49883000000003,40.578610000000005,BTG_KAB_2025_9B40989_S2,2025,Axy,300,6671.673330143673,11
2025-05-18 23:35:00,141.49941,40.578120000000006,BTG_KAB_2025_9B40989_S2,2025,Axy,300,6598.81153022707,11
2025-05-18 23:40:00,141.50033000000002,40.57197,BTG_KAB_2025_9B40989_S2,2025,Axy,300,6103.909084441594,11
2025-05-18 23:45:00,141.50066999999999,40.57204,BTG_KAB_2025_9B40989_S2,2025,Axy,300,6085.785213740046,11
2025-05-18 23:50:00,141.50103000000001,40.571889999999996,BTG_KAB_2025_9B40989_S2,2025,Axy,300,6051.4702069158275,11
2025-05-18 23:55:00,141.50111,40.57185,BTG_KAB_2025_9B40989_S2,2025,Axy,300,6043.393250806808,11
2025-05-19 00:00:00,141.50154999999998,40.571799999999996,BTG_KAB_2025_9B40989_S2,2025,Axy,300,6010.5247787715325,11
2025-05-19 00:05:00,141.5021,40.57169,BTG_KAB_2025_9B40989_S2,2025,Axy,300,5966.270988959949,11
2025-05-19 00:10:00,141.50632000000002,40.56757,BTG_KAB_2025_9B40989_S2,2025,Axy,300,5404.857777643453,11
2025-05-19 00:15:00,141.52123000000003,40.54813000000001,BTG_KAB_2025_9B40989_S2,2025,Axy,300,3257.7205102873518,11
2025-05-19 11:35:00,141.53176,40.54443,BTG_KAB_2025_9B40989_S2,2025,Axy,300,2282.8288579328178,12
2025-05-19 11:40:00,141.51509,40.54413,BTG_KAB_2025_9B40989_S2,2025,Axy,300,3653.3869373787834,12
2025-05-19 11:45:00,141.50686,40.54245,BTG_KAB_2025_9B40989_S2,2025,Axy,300,4319.928089501308,12
2025-05-19 11:50:00,141.50823000000003,40.5432,BTG_KAB_2025_9B40989_S2,2025,Axy,300,4213.69618505876,12
2025-05-19 11:55:00,141.50801,40.5434,BTG_KAB_2025_9B40989_S2,2025,Axy,300,4234.925388685898,12
2025-05-19 12:00:00,141.51124000000002,40.54804,BTG_KAB_2025_9B40989_S2,2025,Axy,300,4064.8739032032854,12
2025-05-19 12:05:00,141.50696,40.566720000000004,BTG_KAB_2025_9B40989_S2,2025,Axy,300,5305.324709386332,12
2025-05-19 12:10:00,141.50059,40.56062,BTG_KAB_2025_9B40989_S2,2025,Axy,300,5412.758465994458,12
2025-05-19 12:15:00,141.50069,40.56046,BTG_KAB_2025_9B40989_S2,2025,Axy,300,5397.195401881797,12
2025-05-19 12:20:00,141.50084999999999,40.56024,BTG_KAB_2025_9B40989_S2,2025,Axy,300,5374.135316700777,12
2025-05-19 12:25:00,141.501,40.56009,BTG_KAB_2025_9B40989_S2,2025,Axy,300,5355.336479162541,12
2025-05-19 12:30:00,141.50112000000001,40.560010000000005,BTG_KAB_2025_9B40989_S2,2025,Axy,300,5342.282312613012,12
2025-05-19 12:35:00,141.50077,40.56031000000001,BTG_KAB_2025_9B40989_S2,2025,Axy,300,5383.670947847696,12
2025-05-19 12:40:00,141.50084,40.56029,BTG_KAB_2025_9B40989_S2,2025,Axy,300,5377.375346749063,12
2025-05-19 12:45:00,141.51245,40.54683,BTG_KAB_2025_9B40989_S2,2025,Axy,300,3932.5989573770953,12
2025-05-19 12:50:00,141.50582,40.54258,BTG_KAB_2025_9B40989_S2,2025,Axy,300,4409.028123573614,12
2025-05-19 12:55:00,141.50727,40.541669999999996,BTG_KAB_2025_9B40989_S2,2025,Axy,300,4277.6314000100665,12
2025-05-19 13:00:00,141.50726,40.541689999999996,BTG_KAB_2025_9B40989_S2,2025,Axy,300,4278.652433199621,12
2025-05-19 13:05:00,141.50728,40.54176,BTG_KAB_2025_9B40989_S2,2025,Axy,300,4277.590700243279,12
2025-05-19 13:10:00,141.50731000000002,40.5417,BTG_KAB_2025_9B40989_S2,2025,Axy,300,4274.518964609597,12
2025-05-19 13:15:00,141.50741000000002,40.54167999999999,BTG_KAB_2025_9B40989_S2,2025,Axy,300,4265.897058852181,12
2025-05-19 13:20:00,141.50882000000001,40.543279999999996,BTG_KAB_2025_9B40989_S2,2025,Axy,300,4165.180789508755,12
2025-05-19 13:25:00,141.51189,40.54452,BTG_KAB_2025_9B40989_S2,2025,Axy,300,3927.889988232258,12
2025-05-19 13:30:00,141.51173,40.54457,BTG_KAB_2025_9B40989_S2,2025,Axy,300,3942.181830562218,12
2025-05-19 13:35:00,141.5118,40.544669999999996,BTG_KAB_2025_9B40989_S2,2025,Axy,300,3938.2167506646624,12
2025-05-19 13:40:00,141.51146,40.544459999999994,BTG_KAB_2025_9B40989_S2,2025,Axy,300,3962.7129116037995,12
2025-05-19 13:45:00,141.50231000000002,40.5403,BTG_KAB_2025_9B40989_S2,2025,Axy,300,4688.10002016905,12
2025-05-19 13:50:00,141.51264,40.54445,BTG_KAB_2025_9B40989_S2,2025,Axy,300,3863.951206107093,12
2025-05-19 13:55:00,141.51308999999998,40.54454,BTG_KAB_2025_9B40989_S2,2025,Axy,300,3828.0811654483423,12
2025-05-19 14:00:00,141.51314,40.54452,BTG_KAB_2025_9B40989_S2,2025,Axy,300,3823.5271664292272,12
2025-05-19 14:05:00,141.51331,40.5447,BTG_KAB_2025_9B40989_S2,2025,Axy,300,3812.8320292927015,12
2025-05-19 14:10:00,141.51282,40.546150000000004,BTG_KAB_2025_9B40989_S2,2025,Axy,300,3885.1590372636147,12
2025-05-19 14:15:00,141.50905999999998,40.566250000000004,BTG_KAB_2025_9B40989_S2,2025,Axy,300,5131.187981123239,12
2025-05-19 14:20:00,141.48583000000002,40.58527,BTG_KAB_2025_9B40989_S2,2025,Axy,300,7987.40118464798,12
2025-05-19 14:25:00,141.47109,40.58927,BTG_KAB_2025_9B40989_S2,2025,Axy,300,9237.430173801798,12
2025-05-19 14:30:00,141.46287,40.602380000000004,BTG_KAB_2025_9B40989_S2,2025,Axy,300,10700.597060656619,12
2025-05-19 14:35:00,141.46273000000002,40.60219000000001,BTG_KAB_2025_9B40989_S2,2025,Axy,300,10695.555672202625,12
2025-05-19 14:40:00,141.46273000000002,40.60224,BTG_KAB_2025_9B40989_S2,2025,Axy,300,10699.219613002375,12
2025-05-19 14:45:00,141.46255,40.6024,BTG_KAB_2025_9B40989_S2,2025,Axy,300,10722.392301785178,12
2025-05-19 14:50:00,141.46198,40.60248,BTG_KAB_2025_9B40989_S2,2025,Axy,300,10764.520119063069,12
2025-05-19 14:55:00,141.46261,40.602230000000006,BTG_KAB_2025_9B40989_S2,2025,Axy,300,10706.119313027119,12
2025-05-19 15:00:00,141.46224000000004,40.602450000000005,BTG_KAB_2025_9B40989_S2,2025,Axy,300,10745.771876979608,12
2025-05-19 15:05:00,141.46286,40.60219000000001,BTG_KAB_2025_9B40989_S2,2025,Axy,300,10687.289481153011,12
2025-05-19 15:10:00,141.46772,40.595870000000005,BTG_KAB_2025_9B40989_S2,2025,Axy,300,9918.244400209847,12
2025-05-19 15:15:00,141.48435,40.5859,BTG_KAB_2025_9B40989_S2,2025,Axy,300,8128.197984292192,12
2025-05-19 15:20:00,141.4849,40.5859,BTG_KAB_2025_9B40989_S2,2025,Axy,300,8092.702933759429,12
2025-05-19 15:25:00,141.46726,40.61074,BTG_KAB_2025_9B40989_S2,2025,Axy,300,11076.105663914837,12
2025-05-19 15:30:00,141.46275,40.602000000000004,BTG_KAB_2025_9B40989_S2,2025,Axy,300,10680.37385330112,12
2025-05-19 15:35:00,141.4625,40.602540000000005,BTG_KAB_2025_9B40989_S2,2025,Axy,300,10735.839146311979,12
2025-05-19 15:40:00,141.46265,40.602320000000006,BTG_KAB_2025_9B40989_S2,2025,Axy,300,10710.17010345009,12
2025-05-19 15:45:00,141.46311,40.602340000000005,BTG_KAB_2025_9B40989_S2,2025,Axy,300,10682.428492480034,12
2025-05-19 15:50:00,141.46258,40.60251000000001,BTG_KAB_2025_9B40989_S2,2025,Axy,300,10728.556067176905,12
2025-05-19 15:55:00,141.46333,40.60226,BTG_KAB_2025_9B40989_S2,2025,Axy,300,10662.593744615744,12
2025-05-19 16:00:00,141.46253000000002,40.602450000000005,BTG_KAB_2025_9B40989_S2,2025,Axy,300,10727.330082653261,12
2025-05-19 16:05:00,141.46268,40.602380000000004,BTG_KAB_2025_9B40989_S2,2025,Axy,300,10712.663767112226,12
2025-05-19 16:10:00,141.46256,40.60242,BTG_KAB_2025_9B40989_S2,2025,Axy,300,10723.223282913948,12
2025-05-19 16:15:00,141.46254000000002,40.6024,BTG_KAB_2025_9B40989_S2,2025,Axy,300,10723.027977091753,12
2025-05-19 16:20:00,141.46242000000004,40.6024,BTG_KAB_2025_9B40989_S2,2025,Axy,300,10730.658355735171,12
2025-05-19 16:25:00,141.46262000000002,40.60224,BTG_KAB_2025_9B40989_S2,2025,Axy,300,10706.215539259043,12
2025-05-19 16:30:00,141.46258,40.60257000000001,BTG_KAB_2025_9B40989_S2,2025,Axy,300,10732.961523105854,12
2025-05-19 16:35:00,141.46254000000002,40.602470000000004,BTG_KAB_2025_9B40989_S2,2025,Axy,300,10728.161697172238,12
2025-05-19 16:40:00,141.46283000000003,40.60233000000001,BTG_KAB_2025_9B40989_S2,2025,Axy,300,10699.4658687177,12
2025-05-19 16:45:00,141.46257,40.601839999999996,BTG_KAB_2025_9B40989_S2,2025,Axy,300,10680.158766454586,12
2025-05-19 16:50:00,141.46154,40.599610000000006,BTG_KAB_2025_9B40989_S2,2025,Axy,300,10585.981939077017,12
2025-05-19 16:55:00,141.46144000000004,40.599740000000004,BTG_KAB_2025_9B40989_S2,2025,Axy,300,10601.722519899638,12
2025-05-19 17:00:00,141.46147000000002,40.5996,BTG_KAB_2025_9B40989_S2,2025,Axy,300,10589.82785685574,12
2025-05-19 17:05:00,141.46875,40.593,BTG_KAB_2025_9B40989_S2,2025,Axy,300,9648.946501944582,12
2025-05-19 17:10:00,141.48651,40.57491,BTG_KAB_2025_9B40989_S2,2025,Axy,300,7246.256439930329,12
2025-05-19 17:15:00,141.50712000000001,40.5591,BTG_KAB_2025_9B40989_S2,2025,Axy,300,4844.084756127281,12
2025-05-19 17:20:00,141.52358999999998,40.55844,BTG_KAB_2025_9B40989_S2,2025,Axy,300,3626.530311469867,12
2025-05-19 17:25:00,141.53872,40.553399999999996,BTG_KAB_2025_9B40989_S2,2025,Axy,300,2292.9009183142257,12
2025-05-21 10:05:00,141.54529,40.53725,BTG_KAB_2025_9B40989_S2,2025,Axy,300,1053.9806489381428,13
2025-05-21 10:10:00,141.5043,40.5413,BTG_KAB_2025_9B40989_S2,2025,Axy,300,4525.5997420877275,13
2025-05-21 10:15:00,141.48085,40.528420000000004,BTG_KAB_2025_9B40989_S2,2025,Axy,300,6600.590815222321,13
2025-05-21 10:20:00,141.47092,40.53169,BTG_KAB_2025_9B40989_S2,2025,Axy,300,7384.144004946885,13
2025-05-21 10:25:00,141.46519,40.53417,BTG_KAB_2025_9B40989_S2,2025,Axy,300,7844.899371403231,13
2025-05-21 10:30:00,141.4652,40.53422,BTG_KAB_2025_9B40989_S2,2025,Axy,300,7843.704188664169,13
2025-05-21 10:35:00,141.46477,40.53307,BTG_KAB_2025_9B40989_S2,2025,Axy,300,7889.054564189451,13
2025-05-21 10:40:00,141.46293000000003,40.531130000000005,BTG_KAB_2025_9B40989_S2,2025,Axy,300,8063.918824401144,13
2025-05-21 10:45:00,141.4632,40.53137,BTG_KAB_2025_9B40989_S2,2025,Axy,300,8038.4432889043765,13
2025-05-21 10:50:00,141.46290000000002,40.53127,BTG_KAB_2025_9B40989_S2,2025,Axy,300,8064.853542591988,13
2025-05-21 10:55:00,141.46311,40.53123,BTG_KAB_2025_9B40989_S2,2025,Axy,300,8047.605999432221,13
2025-05-21 11:00:00,141.46304999999998,40.53124,BTG_KAB_2025_9B40989_S2,2025,Axy,300,8052.549576599225,13
2025-05-21 11:05:00,141.46137000000002,40.53275000000001,BTG_KAB_2025_9B40989_S2,2025,Axy,300,8179.03424069539,13
2025-05-21 11:10:00,141.48476,40.529920000000004,BTG_KAB_2025_9B40989_S2,2025,Axy,300,6246.524436041839,13
2025-05-21 11:15:00,141.49867,40.53152,BTG_KAB_2025_9B40989_S2,2025,Axy,300,5054.650368852591,13
2025-05-21 11:20:00,141.53519,40.53163,BTG_KAB_2025_9B40989_S2,2025,Axy,300,2050.854211481494,13
2025-05-21 13:55:00,141.51242000000002,40.53551000000001,BTG_KAB_2025_9B40989_S2,2025,Axy,300,3843.3713140327077,14
2025-05-21 14:00:00,141.48230000000004,40.52505000000001,BTG_KAB_2025_9B40989_S2,2025,Axy,300,6555.436840899144,14
2025-05-21 14:05:00,141.48217000000002,40.52458,BTG_KAB_2025_9B40989_S2,2025,Axy,300,6578.340660851927,14
2025-05-21 14:10:00,141.48203000000004,40.52454,BTG_KAB_2025_9B40989_S2,2025,Axy,300,6590.918992646076,14
2025-05-21 14:15:00,141.47344999999999,40.522890000000004,BTG_KAB_2025_9B40989_S2,2025,Axy,300,7340.684838821014,14
2025-05-21 14:20:00,141.45955999999998,40.51454,BTG_KAB_2025_9B40989_S2,2025,Axy,300,8726.872354701498,14
2025-05-21 14:25:00,141.44273,40.50669,BTG_KAB_2025_9B40989_S2,2025,Axy,300,10359.373650968057,14
2025-05-21 14:30:00,141.44254,40.50682,BTG_KAB_2025_9B40989_S2,2025,Axy,300,10369.572512653303,14
2025-05-21 14:35:00,141.44254,40.506930000000004,BTG_KAB_2025_9B40989_S2,2025,Axy,300,10365.41356986895,14
2025-05-21 14:40:00,141.4428,40.5071,BTG_KAB_2025_9B40989_S2,2025,Axy,300,10338.276281893508,14
2025-05-21 14:45:00,141.44276,40.50694,BTG_KAB_2025_9B40989_S2,2025,Axy,300,10347.501044422974,14
2025-05-21 14:50:00,141.44319,40.50685,BTG_KAB_2025_9B40989_S2,2025,Axy,300,10316.65705332967,14
2025-05-21 14:55:00,141.44298,40.50684,BTG_KAB_2025_9B40989_S2,2025,Axy,300,10333.761904555362,14
2025-05-21 15:00:00,141.44305999999997,40.50683,BTG_KAB_2025_9B40989_S2,2025,Axy,300,10327.770240455819,14
2025-05-21 15:05:00,141.44258,40.50676,BTG_KAB_2025_9B40989_S2,2025,Axy,300,10368.65999065002,14
2025-05-21 15:10:00,141.44334999999998,40.506879999999995,BTG_KAB_2025_9B40989_S2,2025,Axy,300,10302.774822521913,14
2025-05-21 15:15:00,141.44291,40.507,BTG_KAB_2025_9B40989_S2,2025,Axy,300,10333.278588796136,14
2025-05-21 15:20:00,141.44339,40.50697,BTG_KAB_2025_9B40989_S2,2025,Axy,300,10296.169356800548,14
2025-05-21 15:25:00,141.4422,40.50716,BTG_KAB_2025_9B40989_S2,2025,Axy,300,10383.887512570142,14
2025-05-21 15:30:00,141.44293000000002,40.50694,BTG_KAB_2025_9B40989_S2,2025,Axy,300,10333.953872606467,14
2025-05-21 15:35:00,141.45345,40.51135,BTG_KAB_2025_9B40989_S2,2025,Axy,300,9330.111183382129,14
2025-05-21 15:40:00,141.48659,40.526250000000005,BTG_KAB_2025_9B40989_S2,2025,Axy,300,6171.189658170635,14
2025-05-21 15:45:00,141.52635,40.5309,BTG_KAB_2025_9B40989_S2,2025,Axy,300,2782.7308540731833,14
2025-05-22 04:10:00,141.51432,40.543730000000004,BTG_KAB_2025_9B40989_S2,2025,Axy,300,3710.648952766553,15
2025-05-22 04:15:00,141.49511,40.5369,BTG_KAB_2025_9B40989_S2,2025,Axy,300,5297.818408919257,15
2025-05-22 04:20:00,141.46454,40.51761,BTG_KAB_2025_9B40989_S2,2025,Axy,300,8222.919805699306,15
2025-05-22 04:25:00,141.46437,40.517979999999994,BTG_KAB_2025_9B40989_S2,2025,Axy,300,8225.17761722575,15
2025-05-22 04:30:00,141.45463,40.51526,BTG_KAB_2025_9B40989_S2,2025,Axy,300,9102.301887951138,15
2025-05-22 04:35:00,141.45512000000002,40.51541,BTG_KAB_2025_9B40989_S2,2025,Axy,300,9057.7495397163,15
2025-05-22 04:40:00,141.45517,40.515570000000004,BTG_KAB_2025_9B40989_S2,2025,Axy,300,9048.639157463258,15
2025-05-22 04:45:00,141.4559,40.51554,BTG_KAB_2025_9B40989_S2,2025,Axy,300,8990.27418516098,15
2025-05-22 04:50:00,141.4557,40.51558,BTG_KAB_2025_9B40989_S2,2025,Axy,300,9005.255202832397,15
2025-05-22 04:55:00,141.45543000000004,40.51572,BTG_KAB_2025_9B40989_S2,2025,Axy,300,9022.794245846364,15
2025-05-22 05:00:00,141.45672000000002,40.51524,BTG_KAB_2025_9B40989_S2,2025,Axy,300,8933.331381077618,15
2025-05-22 05:05:00,141.45577,40.51543,BTG_KAB_2025_9B40989_S2,2025,Axy,300,9004.323966852495,15
2025-05-22 05:10:00,141.45538000000002,40.515750000000004,BTG_KAB_2025_9B40989_S2,2025,Axy,300,9025.920292125416,15
2025-05-22 05:15:00,141.45505,40.515390000000004,BTG_KAB_2025_9B40989_S2,2025,Axy,300,9064.06882991069,15
2025-05-22 05:20:00,141.45553,40.515530000000005,BTG_KAB_2025_9B40989_S2,2025,Axy,300,9020.646714977476,15
2025-05-22 05:25:00,141.45497,40.51569,BTG_KAB_2025_9B40989_S2,2025,Axy,300,9061.137125274148,15
2025-05-22 05:30:00,141.45493000000002,40.51538,BTG_KAB_2025_9B40989_S2,2025,Axy,300,9074.133567054414,15
2025-05-22 05:35:00,141.46213000000003,40.52517000000001,BTG_KAB_2025_9B40989_S2,2025,Axy,300,8225.655220957793,15
2025-05-22 05:40:00,141.49261,40.53562,BTG_KAB_2025_9B40989_S2,2025,Axy,300,5516.258310124915,15
2025-05-22 05:45:00,141.52586,40.54205,BTG_KAB_2025_9B40989_S2,2025,Axy,300,2716.2344655805155,15
2025-05-22 08:35:00,141.54279,40.536170000000006,BTG_KAB_2025_9B40989_S2,2025,Axy,300,1283.8029429318651,16
2025-05-22 08:40:00,141.51076999999998,40.54143,BTG_KAB_2025_9B40989_S2,2025,Axy,300,3979.948964240047,16
2025-05-22 08:45:00,141.48954999999998,40.53191,BTG_KAB_2025_9B40989_S2,2025,Axy,300,5813.438284035271,16
2025-05-22 08:50:00,141.45843000000005,40.529030000000006,BTG_KAB_2025_9B40989_S2,2025,Axy,300,8469.480704326685,16
2025-05-22 08:55:00,141.45787,40.53013000000001,BTG_KAB_2025_9B40989_S2,2025,Axy,300,8502.096851366345,16
2025-05-22 09:00:00,141.45744000000005,40.52968,BTG_KAB_2025_9B40989_S2,2025,Axy,300,8543.986506369882,16
2025-05-22 09:05:00,141.45755,40.52969,BTG_KAB_2025_9B40989_S2,2025,Axy,300,8534.600260297755,16
2025-05-22 09:10:00,141.45850000000002,40.5292,BTG_KAB_2025_9B40989_S2,2025,Axy,300,8461.235272866335,16
2025-05-22 09:15:00,141.45842000000005,40.52946,BTG_KAB_2025_9B40989_S2,2025,Axy,300,8464.4325684235,16
2025-05-22 09:20:00,141.45846000000003,40.52888,BTG_KAB_2025_9B40989_S2,2025,Axy,300,8469.07644182033,16
2025-05-22 09:25:00,141.45846000000003,40.52908,BTG_KAB_2025_9B40989_S2,2025,Axy,300,8466.260442984123,16
2025-05-22 09:30:00,141.45861000000002,40.52902,BTG_KAB_2025_9B40989_S2,2025,Axy,300,8454.491436389471,16
2025-05-22 09:35:00,141.45825000000002,40.529230000000005,BTG_KAB_2025_9B40989_S2,2025,Axy,300,8481.843487886526,16
2025-05-22 09:40:00,141.45147000000003,40.53043,BTG_KAB_2025_9B40989_S2,2025,Axy,300,9037.772380860295,16
2025-05-22 09:45:00,141.44277,40.528940000000006,BTG_KAB_2025_9B40989_S2,2025,Axy,300,9788.292563587662,16
2025-05-22 09:50:00,141.45073000000002,40.51377,BTG_KAB_2025_9B40989_S2,2025,Axy,300,9466.516928830528,16
2025-05-22 09:55:00,141.43537,40.498200000000004,BTG_KAB_2025_9B40989_S2,2025,Axy,300,11288.60661922125,16
2025-05-22 10:00:00,141.4309,40.49526,BTG_KAB_2025_9B40989_S2,2025,Axy,300,11767.126326361507,16
2025-05-22 10:05:00,141.4309,40.49541000000001,BTG_KAB_2025_9B40989_S2,2025,Axy,300,11760.311811465452,16
2025-05-22 10:10:00,141.43092000000001,40.49548,BTG_KAB_2025_9B40989_S2,2025,Axy,300,11755.590498619767,16
2025-05-22 10:15:00,141.43642000000003,40.49929,BTG_KAB_2025_9B40989_S2,2025,Axy,300,11159.026710737551,16
2025-05-22 10:20:00,141.43593,40.499120000000005,BTG_KAB_2025_9B40989_S2,2025,Axy,300,11204.638917355871,16
2025-05-22 10:25:00,141.45512000000002,40.50657,BTG_KAB_2025_9B40989_S2,2025,Axy,300,9384.740220205786,16
2025-05-22 10:30:00,141.48266,40.52391000000001,BTG_KAB_2025_9B40989_S2,2025,Axy,300,6556.164794888847,16
2025-05-22 10:35:00,141.51684,40.528470000000006,BTG_KAB_2025_9B40989_S2,2025,Axy,300,3632.4632382782806,16
2025-05-22 13:30:00,141.54241000000002,40.53858,BTG_KAB_2025_9B40989_S2,2025,Axy,300,1287.1500710182343,17
2025-05-22 13:35:00,141.50687,40.5399,BTG_KAB_2025_9B40989_S2,2025,Axy,300,4300.424318984334,17
2025-05-22 13:40:00,141.47009,40.528690000000005,BTG_KAB_2025_9B40989_S2,2025,Axy,300,7495.901516814427,17
2025-05-22 13:45:00,141.44126,40.504979999999996,BTG_KAB_2025_9B40989_S2,2025,Axy,300,10542.37884812801,17
2025-05-22 13:50:00,141.43266,40.50061,BTG_KAB_2025_9B40989_S2,2025,Axy,300,11397.776878721172,17
2025-05-22 13:55:00,141.43075,40.495580000000004,BTG_KAB_2025_9B40989_S2,2025,Axy,300,11764.227670521146,17
2025-05-22 14:00:00,141.44121,40.50172,BTG_KAB_2025_9B40989_S2,2025,Axy,300,10680.099720923576,17
2025-05-22 14:05:00,141.44201,40.5068,BTG_KAB_2025_9B40989_S2,2025,Axy,300,10412.568041948554,17
2025-05-22 14:10:00,141.44247000000001,40.50725,BTG_KAB_2025_9B40989_S2,2025,Axy,300,10358.973668587134,17
2025-05-22 14:15:00,141.44242000000003,40.50682,BTG_KAB_2025_9B40989_S2,2025,Axy,300,10379.134560477529,17
2025-05-22 14:20:00,141.44314999999997,40.50718,BTG_KAB_2025_9B40989_S2,2025,Axy,300,10307.355973172544,17
2025-05-22 14:25:00,141.44305999999997,40.50689,BTG_KAB_2025_9B40989_S2,2025,Axy,300,10325.491712122515,17
2025-05-22 14:30:00,141.44268,40.50699,BTG_KAB_2025_9B40989_S2,2025,Axy,300,10351.989266879975,17
2025-05-22 14:35:00,141.44304999999997,40.50866,BTG_KAB_2025_9B40989_S2,2025,Axy,300,10260.79569506173,17
2025-05-22 14:40:00,141.46266,40.527550000000005,BTG_KAB_2025_9B40989_S2,2025,Axy,300,8137.31125645691,17
2025-05-22 14:45:00,141.491,40.53238,BTG_KAB_2025_9B40989_S2,2025,Axy,300,5685.017594350447,17
2025-05-22 14:50:00,141.50032000000002,40.532610000000005,BTG_KAB_2025_9B40989_S2,2025,Axy,300,4898.655345504811,17
2025-05-22 14:55:00,141.53152,40.53436,BTG_KAB_2025_9B40989_S2,2025,Axy,300,2259.5532606459724,17
2025-05-23 06:00:00,141.52353,40.52103,BTG_KAB_2025_9B40989_S2,2025,Axy,300,3484.8535938599093,18
2025-05-23 06:05:00,141.51128,40.4942,BTG_KAB_2025_9B40989_S2,2025,Axy,300,6302.930204310975,18
2025-05-23 06:10:00,141.52065,40.48526,BTG_KAB_2025_9B40989_S2,2025,Axy,300,6700.751520142367,18
2025-05-23 06:15:00,141.52024000000003,40.485330000000005,BTG_KAB_2025_9B40989_S2,2025,Axy,300,6710.208104352927,18
2025-05-23 06:20:00,141.52014000000003,40.48532,BTG_KAB_2025_9B40989_S2,2025,Axy,300,6715.1904003141335,18
2025-05-23 06:25:00,141.52274000000003,40.48377,BTG_KAB_2025_9B40989_S2,2025,Axy,300,6768.289904263792,18
2025-05-23 06:30:00,141.52208000000002,40.4853,BTG_KAB_2025_9B40989_S2,2025,Axy,300,6641.009366035116,18
2025-05-23 06:35:00,141.52187,40.48519,BTG_KAB_2025_9B40989_S2,2025,Axy,300,6659.97469290156,18
2025-05-23 06:40:00,141.52177,40.485459999999996,BTG_KAB_2025_9B40989_S2,2025,Axy,300,6637.156896367575,18
2025-05-23 06:45:00,141.52220000000003,40.4853,BTG_KAB_2025_9B40989_S2,2025,Axy,300,6636.404875597874,18
2025-05-23 06:50:00,141.52199000000002,40.48552,BTG_KAB_2025_9B40989_S2,2025,Axy,300,6622.714243441497,18
2025-05-23 06:55:00,141.5217,40.4853,BTG_KAB_2025_9B40989_S2,2025,Axy,300,6655.671764911377,18
2025-05-23 07:00:00,141.52210000000002,40.48536,BTG_KAB_2025_9B40989_S2,2025,Axy,300,6634.301844668213,18
2025-05-23 07:05:00,141.52181000000002,40.48547,BTG_KAB_2025_9B40989_S2,2025,Axy,300,6634.618689600912,18
2025-05-23 07:10:00,141.52188,40.48532,BTG_KAB_2025_9B40989_S2,2025,Axy,300,6646.733621367518,18
2025-05-23 07:15:00,141.52124000000003,40.48594,BTG_KAB_2025_9B40989_S2,2025,Axy,300,6610.624212419438,18
2025-05-23 07:20:00,141.52140000000003,40.48577,BTG_KAB_2025_9B40989_S2,2025,Axy,300,6621.037399168869,18
2025-05-23 07:25:00,141.51804,40.49769,BTG_KAB_2025_9B40989_S2,2025,Axy,300,5646.6520867415065,18
2025-05-23 07:30:00,141.52663,40.516310000000004,BTG_KAB_2025_9B40989_S2,2025,Axy,300,3608.005164699079,18
