id,sex,test_date,time_code,set_tame,nest_tame,test_number,LR_observer,LR_bird,within_1m,obtained,peck,,
21,M,2024/5/28,09:13:47:00,0,NA,1,L,L,0,0,0,,
21,M,2024/5/28,09:13:47:15,0.5,NA,1,L,L,0,0,0,,
21,M,2024/5/28,09:13:48:00,1,NA,1,L,L,0,0,0,,
21,M,2024/5/28,09:13:48:15,1.5,NA,1,L,L,0,0,0,,
21,M,2024/5/28,09:13:49:00,2,NA,1,L,L,0,0,0,,
21,M,2024/5/28,09:13:49:15,2.5,NA,1,L,L,0,0,0,,
21,M,2024/5/28,09:13:50:00,3,NA,1,L,L,0,0,0,,
21,M,2024/5/28,09:13:50:15,3.5,NA,1,L,L,0,0,0,,
21,M,2024/5/28,09:13:51:00,4,NA,1,L,L,0,0,0,,
21,M,2024/5/28,09:13:51:15,4.5,NA,1,L,L,0,0,0,,
21,M,2024/5/28,09:13:52:00,5,NA,1,L,L,0,0,0,,
21,M,2024/5/28,09:13:52:15,5.5,NA,1,L,L,0,0,0,,
21,M,2024/5/28,09:13:53:00,6,0,1,L,L,1,0,0,,
21,M,2024/5/28,09:13:53:15,6.5,0.5,1,L,L,1,0,0,,
21,M,2024/5/28,09:13:54:00,7,1,1,L,L,1,0,0,,
21,M,2024/5/28,09:13:54:15,7.5,1.5,1,L,L,1,0,0,,
21,M,2024/5/28,09:13:55:00,8,2,1,L,L,1,0,0,,
21,M,2024/5/28,09:13:55:15,8.5,2.5,1,L,L,1,0,0,,
21,M,2024/5/28,09:13:56:00,9,3,1,L,L,1,0,0,,
21,M,2024/5/28,09:13:56:15,9.5,3.5,1,L,L,1,0,0,,
21,M,2024/5/28,09:13:57:00,10,4,1,L,L,1,0,0,,
21,M,2024/5/28,09:13:57:15,10.5,4.5,1,L,L,1,0,1,,
21,M,2024/5/28,09:13:58:00,11,5,1,L,L,1,0,1,,
21,M,2024/5/28,09:13:58:15,11.5,5.5,1,L,L,1,0,1,,
21,M,2024/5/28,09:13:59:00,12,6,1,L,L,1,0,1,,
21,M,2024/5/28,09:13:59:15,12.5,6.5,1,L,L,1,0,1,,
21,M,2024/5/28,09:14:00:00,13,7,1,L,L,1,0,0,,
21,M,2024/5/28,09:14:00:15,13.5,7.5,1,L,L,1,0,0,,
21,M,2024/5/28,09:14:01:00,14,8,1,L,L,1,0,0,,
21,M,2024/5/28,09:14:01:15,14.5,8.5,1,L,L,1,0,1,,
21,M,2024/5/28,09:14:02:00,15,9,1,L,L,1,0,0,,
21,M,2024/5/28,09:14:02:15,15.5,9.5,1,L,L,1,0,0,,
21,M,2024/5/28,09:14:03:00,16,10,1,L,L,1,0,0,,
21,M,2024/5/28,09:14:03:15,16.5,10.5,1,L,L,1,0,0,,
21,M,2024/5/28,09:14:04:00,17,11,1,L,L,1,0,1,,
21,M,2024/5/28,09:14:04:15,17.5,11.5,1,L,L,1,0,0,,
21,M,2024/5/28,09:14:05:00,18,12,1,L,L,1,0,0,,
21,M,2024/5/28,09:14:05:15,18.5,12.5,1,L,L,1,0,0,,
21,M,2024/5/28,09:14:06:00,19,13,1,L,L,1,0,0,,
21,M,2024/5/28,09:14:06:15,19.5,13.5,1,L,L,1,0,0,,
21,M,2024/5/28,09:14:07:00,20,14,1,L,L,1,0,0,,
21,M,2024/5/28,09:14:07:15,20.5,14.5,1,L,L,1,0,0,,
21,M,2024/5/28,09:14:08:00,21,15,1,L,L,1,0,0,,
21,M,2024/5/28,09:14:08:15,21.5,15.5,1,L,L,1,0,0,,
21,M,2024/5/28,09:14:09:00,22,16,1,L,L,1,0,0,,
21,M,2024/5/28,09:14:09:15,22.5,16.5,1,L,L,1,0,0,,
21,M,2024/5/28,09:14:10:00,23,17,1,L,L,1,1,0,,
21,M,2024/5/28,09:15:08:15,0,NA,2,R,L,0,0,0,,
21,M,2024/5/28,09:15:09:00,0.5,NA,2,R,L,0,0,0,,
21,M,2024/5/28,09:15:09:15,1,NA,2,R,L,0,0,0,,
21,M,2024/5/28,09:15:10:00,1.5,NA,2,R,L,0,0,0,,
21,M,2024/5/28,09:15:10:15,2,NA,2,R,L,0,0,0,,
21,M,2024/5/28,09:15:11:00,2.5,NA,2,R,L,0,0,0,,
21,M,2024/5/28,09:15:11:15,3,NA,2,R,L,0,0,0,,
21,M,2024/5/28,09:15:12:00,3.5,NA,2,R,L,0,0,0,,
21,M,2024/5/28,09:15:12:15,4,NA,2,R,L,0,0,0,,
21,M,2024/5/28,09:15:13:00,4.5,NA,2,R,L,0,0,0,,
21,M,2024/5/28,09:15:13:15,5,0,2,R,L,1,0,0,,
21,M,2024/5/28,09:15:14:00,5.5,0.5,2,R,L,1,0,0,,
21,M,2024/5/28,09:15:14:15,6,1,2,R,L,1,0,0,,
21,M,2024/5/28,09:15:15:00,6.5,1.5,2,R,L,1,0,0,,
21,M,2024/5/28,09:15:15:15,7,2,2,R,L,1,1,0,,
21,M,2024/5/28,09:16:29:15,0,NA,3,L,L,0,0,0,,
21,M,2024/5/28,09:16:30:00,0.5,NA,3,L,L,0,0,0,,
21,M,2024/5/28,09:16:30:15,1,NA,3,L,L,0,0,0,,
21,M,2024/5/28,09:16:31:00,1.5,NA,3,L,L,0,0,0,,
21,M,2024/5/28,09:16:31:15,2,NA,3,L,L,0,0,0,,
21,M,2024/5/28,09:16:32:00,2.5,NA,3,L,L,0,0,0,,
21,M,2024/5/28,09:16:32:15,3,0,3,L,L,1,0,1,,
21,M,2024/5/28,09:16:33:00,3.5,0.5,3,L,L,1,0,0,,
21,M,2024/5/28,09:16:33:15,4,1,3,L,L,1,0,0,,
21,M,2024/5/28,09:16:34:00,4.5,1.5,3,L,L,1,0,0,,
21,M,2024/5/28,09:16:34:15,5,2,3,L,L,1,0,0,,
21,M,2024/5/28,09:16:35:00,5.5,2.5,3,L,L,1,0,0,,
21,M,2024/5/28,09:16:35:15,6,3,3,L,L,1,0,0,,
21,M,2024/5/28,09:16:36:00,6.5,3.5,3,L,L,1,0,0,,
21,M,2024/5/28,09:16:36:15,7,4,3,L,L,1,0,0,,
21,M,2024/5/28,09:16:37:00,7.5,4.5,3,L,L,1,0,0,,
21,M,2024/5/28,09:16:37:15,8,5,3,L,L,1,0,0,,
21,M,2024/5/28,09:16:38:00,8.5,5.5,3,L,L,1,0,0,,
21,M,2024/5/28,09:16:38:15,9,6,3,L,L,1,0,0,,
21,M,2024/5/28,09:16:39:00,9.5,6.5,3,L,L,1,0,0,,
21,M,2024/5/28,09:16:39:15,10,7,3,L,L,1,0,0,,
21,M,2024/5/28,09:16:40:00,10.5,7.5,3,L,L,1,0,0,,
21,M,2024/5/28,09:16:40:15,11,8,3,L,L,1,0,0,,
21,M,2024/5/28,09:16:41:00,11.5,8.5,3,L,L,1,0,0,,
21,M,2024/5/28,09:16:41:15,12,9,3,L,L,1,0,0,,
21,M,2024/5/28,09:16:42:00,12.5,9.5,3,L,L,1,0,0,,
21,M,2024/5/28,09:16:42:15,13,10,3,L,L,1,0,0,,
21,M,2024/5/28,09:16:43:00,13.5,10.5,3,L,L,1,0,0,,
21,M,2024/5/28,09:16:43:15,14,11,3,L,L,1,0,0,,
21,M,2024/5/28,09:16:44:00,14.5,11.5,3,L,L,1,0,0,,
21,M,2024/5/28,09:16:44:15,15,12,3,L,L,1,0,0,,
21,M,2024/5/28,09:16:45:00,15.5,12.5,3,L,L,1,0,0,,
21,M,2024/5/28,09:16:45:15,16,13,3,L,L,1,0,0,,
21,M,2024/5/28,09:16:46:00,16.5,13.5,3,L,L,1,0,0,,
21,M,2024/5/28,09:16:46:15,17,14,3,L,L,1,0,0,,
21,M,2024/5/28,09:16:47:00,17.5,14.5,3,L,L,1,0,0,,
21,M,2024/5/28,09:16:47:15,18,15,3,L,L,1,0,0,,
21,M,2024/5/28,09:16:48:00,18.5,15.5,3,L,L,1,0,0,,
21,M,2024/5/28,09:16:48:15,19,16,3,L,L,1,0,0,,
21,M,2024/5/28,09:16:49:00,19.5,16.5,3,L,L,1,0,0,,
21,M,2024/5/28,09:16:49:15,20,17,3,L,L,1,0,0,,
21,M,2024/5/28,09:16:50:00,20.5,17.5,3,L,L,1,0,0,,
21,M,2024/5/28,09:16:50:15,21,18,3,L,L,1,0,0,,
21,M,2024/5/28,09:16:51:00,21.5,18.5,3,L,L,1,0,0,,
21,M,2024/5/28,09:16:51:15,22,19,3,L,L,1,0,0,,
21,M,2024/5/28,09:16:52:00,22.5,19.5,3,L,L,1,0,0,,
21,M,2024/5/28,09:16:52:15,23,20,3,L,L,1,0,0,,
21,M,2024/5/28,09:16:53:00,23.5,20.5,3,L,L,1,0,0,,
21,M,2024/5/28,09:16:53:15,24,21,3,L,L,1,0,0,,
21,M,2024/5/28,09:16:54:00,24.5,21.5,3,L,L,1,0,0,,
21,M,2024/5/28,09:16:54:15,25,22,3,L,L,1,0,0,,
21,M,2024/5/28,09:16:55:00,25.5,22.5,3,L,L,1,0,0,,
21,M,2024/5/28,09:16:55:15,26,23,3,L,L,1,0,0,,
21,M,2024/5/28,09:16:56:00,26.5,23.5,3,L,L,1,0,0,,
21,M,2024/5/28,09:16:56:15,27,24,3,L,L,1,0,0,,
21,M,2024/5/28,09:16:57:00,27.5,24.5,3,L,L,1,0,0,,
21,M,2024/5/28,09:16:57:15,28,25,3,L,L,1,0,0,,
21,M,2024/5/28,09:16:58:00,28.5,25.5,3,L,L,1,0,0,,
21,M,2024/5/28,09:16:58:15,29,26,3,L,L,1,0,0,,
21,M,2024/5/28,09:16:59:00,29.5,26.5,3,L,L,1,0,0,,
21,M,2024/5/28,09:16:59:15,30,27,3,L,L,1,0,0,,
21,M,2024/5/28,09:17:00:00,30.5,27.5,3,L,L,1,0,0,,
21,M,2024/5/28,09:17:00:15,31,28,3,L,L,1,0,0,,
21,M,2024/5/28,09:17:01:00,31.5,28.5,3,L,L,1,0,0,,
21,M,2024/5/28,09:17:01:15,32,29,3,L,L,1,0,0,,
21,M,2024/5/28,09:17:02:00,32.5,29.5,3,L,L,1,0,0,,
21,M,2024/5/28,09:17:02:15,33,30,3,L,L,1,0,0,,
21,M,2024/5/28,09:17:03:00,33.5,30.5,3,L,L,1,0,0,,
21,M,2024/5/28,09:17:03:15,34,31,3,L,L,1,0,0,,
21,M,2024/5/28,09:17:04:00,34.5,31.5,3,L,L,1,0,0,,
21,M,2024/5/28,09:17:04:15,35,32,3,L,L,1,0,0,,
21,M,2024/5/28,09:17:05:00,35.5,32.5,3,L,L,1,0,0,,
21,M,2024/5/28,09:17:05:15,36,33,3,L,L,1,0,0,,
21,M,2024/5/28,09:17:06:00,36.5,33.5,3,L,L,1,0,0,,
21,M,2024/5/28,09:17:06:15,37,34,3,L,L,1,0,0,,
21,M,2024/5/28,09:17:07:00,37.5,34.5,3,L,L,1,0,0,,
21,M,2024/5/28,09:17:07:15,38,35,3,L,L,1,0,0,,
21,M,2024/5/28,09:17:08:00,38.5,35.5,3,L,L,1,0,0,,
21,M,2024/5/28,09:17:08:15,39,36,3,L,L,1,0,0,,
21,M,2024/5/28,09:17:09:00,39.5,36.5,3,L,L,1,0,0,,
21,M,2024/5/28,09:17:09:15,40,37,3,L,L,1,0,0,,
21,M,2024/5/28,09:17:10:00,40.5,37.5,3,L,L,1,0,0,,
21,M,2024/5/28,09:17:10:15,41,38,3,L,L,1,0,0,,
21,M,2024/5/28,09:17:11:00,41.5,38.5,3,L,L,1,1,0,,
21,M,2024/5/28,09:18:00:15,0,NA,4,R,L,0,0,0,,
21,M,2024/5/28,09:18:01:00,0.5,NA,4,R,L,0,0,0,,
21,M,2024/5/28,09:18:01:15,1,NA,4,R,L,0,0,0,,
21,M,2024/5/28,09:18:02:00,1.5,NA,4,R,L,0,0,0,,
21,M,2024/5/28,09:18:02:15,2,NA,4,R,L,0,0,0,,
21,M,2024/5/28,09:18:03:00,2.5,NA,4,R,L,0,0,0,,
21,M,2024/5/28,09:18:03:15,3,NA,4,R,L,0,0,0,,
21,M,2024/5/28,09:18:04:00,3.5,0,4,R,L,1,0,0,,
21,M,2024/5/28,09:18:04:15,4,0.5,4,R,L,1,0,0,,
21,M,2024/5/28,09:18:05:00,4.5,1,4,R,L,1,0,1,,
21,M,2024/5/28,09:18:05:15,5,1.5,4,R,L,1,0,0,,
21,M,2024/5/28,09:18:06:00,5.5,2,4,R,L,1,0,0,,
21,M,2024/5/28,09:18:06:15,6,2.5,4,R,L,1,0,0,,
21,M,2024/5/28,09:18:07:00,6.5,3,4,R,L,1,1,0,,
21,M,2024/5/28,09:19:13:00,0,NA,5,R,L,0,0,0,,
21,M,2024/5/28,09:19:13:15,0.5,NA,5,R,L,0,0,0,,
21,M,2024/5/28,09:19:14:00,1,NA,5,R,L,0,0,0,,
21,M,2024/5/28,09:19:14:15,1.5,NA,5,R,L,0,0,0,,
21,M,2024/5/28,09:19:15:00,2,NA,5,R,L,0,0,0,,
21,M,2024/5/28,09:19:15:15,2.5,NA,5,R,L,0,0,0,,
21,M,2024/5/28,09:19:16:00,3,0,5,R,L,1,0,0,,
21,M,2024/5/28,09:19:16:15,3.5,0.5,5,R,L,1,0,0,,
21,M,2024/5/28,09:19:17:00,4,1,5,R,L,1,0,0,,
21,M,2024/5/28,09:19:17:15,4.5,1.5,5,R,L,1,0,0,,
21,M,2024/5/28,09:19:18:00,5,2,5,R,L,1,0,0,,
21,M,2024/5/28,09:19:18:15,5.5,2.5,5,R,L,1,0,0,,
21,M,2024/5/28,09:19:19:00,6,3,5,R,L,1,0,0,,
21,M,2024/5/28,09:19:19:15,6.5,3.5,5,R,L,1,0,0,,
21,M,2024/5/28,09:19:20:00,7,4,5,R,L,1,0,0,,
21,M,2024/5/28,09:19:20:15,7.5,4.5,5,R,L,1,0,0,,
21,M,2024/5/28,09:19:21:00,8,5,5,R,L,1,0,0,,
21,M,2024/5/28,09:19:21:15,8.5,5.5,5,R,L,1,0,0,,
21,M,2024/5/28,09:19:22:00,9,6,5,R,L,1,1,0,,
21,M,2024/5/28,09:20:31:00,0,NA,6,L,L,0,0,0,,
21,M,2024/5/28,09:20:31:15,0.5,NA,6,L,L,0,0,0,,
21,M,2024/5/28,09:20:32:00,1,NA,6,L,L,0,0,0,,
21,M,2024/5/28,09:20:32:15,1.5,NA,6,L,L,0,0,0,,
21,M,2024/5/28,09:20:33:00,2,0,6,L,L,0,0,0,,
21,M,2024/5/28,09:20:33:15,2.5,0.5,6,L,L,0,0,0,,
21,M,2024/5/28,09:20:34:00,3,1,6,L,L,0,0,0,,
21,M,2024/5/28,09:20:34:15,3.5,1.5,6,L,L,0,0,0,,
21,M,2024/5/28,09:20:35:00,4,2,6,L,L,0,0,0,,
21,M,2024/5/28,09:20:35:15,4.5,2.5,6,L,L,0,0,0,,
21,M,2024/5/28,09:20:36:00,5,3,6,L,L,0,0,0,,
21,M,2024/5/28,09:20:36:15,5.5,3.5,6,L,L,0,0,0,,
21,M,2024/5/28,09:20:37:00,6,4,6,L,L,0,0,0,,
21,M,2024/5/28,09:20:37:15,6.5,4.5,6,L,L,0,0,0,,
21,M,2024/5/28,09:20:38:00,7,5,6,L,L,0,0,0,,
21,M,2024/5/28,09:20:38:15,7.5,5.5,6,L,L,0,0,0,,
21,M,2024/5/28,09:20:39:00,8,6,6,L,L,0,0,0,,
21,M,2024/5/28,09:20:39:15,8.5,6.5,6,L,L,0,0,0,,
21,M,2024/5/28,09:20:40:00,9,7,6,L,L,0,0,0,,
21,M,2024/5/28,09:20:40:15,9.5,7.5,6,L,L,0,0,0,,
21,M,2024/5/28,09:20:41:00,10,8,6,L,L,0,0,0,,
21,M,2024/5/28,09:20:41:15,10.5,8.5,6,L,L,0,0,0,,
21,M,2024/5/28,09:20:42:00,11,9,6,L,L,0,0,0,,
21,M,2024/5/28,09:20:42:15,11.5,9.5,6,L,L,0,0,0,,
21,M,2024/5/28,09:20:43:00,12,10,6,L,L,0,0,0,,
21,M,2024/5/28,09:20:43:15,12.5,10.5,6,L,L,0,0,0,,
21,M,2024/5/28,09:20:44:00,13,11,6,L,L,0,0,0,,
21,M,2024/5/28,09:20:44:15,13.5,11.5,6,L,L,0,0,0,,
21,M,2024/5/28,09:20:45:00,14,12,6,L,L,0,0,0,,
21,M,2024/5/28,09:20:45:15,14.5,12.5,6,L,L,0,0,0,,
21,M,2024/5/28,09:20:46:00,15,13,6,L,L,0,0,0,,
21,M,2024/5/28,09:20:46:15,15.5,13.5,6,L,L,1,0,0,,
21,M,2024/5/28,09:20:47:00,16,14,6,L,L,1,0,0,,
21,M,2024/5/28,09:20:47:15,16.5,14.5,6,L,L,1,0,0,,
21,M,2024/5/28,09:20:48:00,17,15,6,L,L,1,0,0,,
21,M,2024/5/28,09:20:48:15,17.5,15.5,6,L,L,1,0,0,,
21,M,2024/5/28,09:20:49:00,18,16,6,L,L,1,0,2,,
21,M,2024/5/28,09:20:49:15,18.5,16.5,6,L,L,1,0,3,,
21,M,2024/5/28,09:20:50:00,19,17,6,L,L,1,0,0,,
21,M,2024/5/28,09:20:50:15,19.5,17.5,6,L,L,1,0,0,,
21,M,2024/5/28,09:20:51:00,20,18,6,L,L,1,0,0,,
21,M,2024/5/28,09:20:51:15,20.5,18.5,6,L,L,1,0,0,,
21,M,2024/5/28,09:20:52:00,21,19,6,L,L,1,0,1,,
21,M,2024/5/28,09:20:52:15,21.5,19.5,6,L,L,1,0,2,,
21,M,2024/5/28,09:20:53:00,22,20,6,L,L,1,0,0,,
21,M,2024/5/28,09:20:53:15,22.5,20.5,6,L,L,1,0,0,,
21,M,2024/5/28,09:20:54:00,23,21,6,L,L,1,0,0,,
21,M,2024/5/28,09:20:54:15,23.5,21.5,6,L,L,1,0,0,,
21,M,2024/5/28,09:20:55:00,24,22,6,L,L,1,1,0,,
21,M,2024/5/28,09:21:48:15,0,NA,7,L,L,0,0,0,,
21,M,2024/5/28,09:21:49:00,0.5,NA,7,L,L,0,0,0,,
21,M,2024/5/28,09:21:49:15,1,NA,7,L,L,0,0,0,,
21,M,2024/5/28,09:21:50:00,1.5,NA,7,L,L,0,0,0,,
21,M,2024/5/28,09:21:50:15,2,NA,7,L,L,0,0,0,,
21,M,2024/5/28,09:21:51:00,2.5,NA,7,L,L,0,0,0,,
21,M,2024/5/28,09:21:51:15,3,NA,7,L,L,0,0,0,,
21,M,2024/5/28,09:21:52:00,3.5,NA,7,L,L,0,0,0,,
21,M,2024/5/28,09:21:52:15,4,NA,7,L,L,0,0,0,,
21,M,2024/5/28,09:21:53:00,4.5,NA,7,L,L,0,0,0,,
21,M,2024/5/28,09:21:53:15,5,NA,7,L,L,0,0,0,,
21,M,2024/5/28,09:21:54:00,5.5,NA,7,L,L,0,0,0,,
21,M,2024/5/28,09:21:54:15,6,NA,7,L,L,0,0,0,,
21,M,2024/5/28,09:21:55:00,6.5,NA,7,L,L,0,0,0,,
21,M,2024/5/28,09:21:55:15,7,NA,7,L,L,0,0,0,,
21,M,2024/5/28,09:21:56:00,7.5,NA,7,L,L,0,0,0,,
21,M,2024/5/28,09:21:56:15,8,NA,7,L,L,0,0,0,,
21,M,2024/5/28,09:21:57:00,8.5,NA,7,L,L,0,0,0,,
21,M,2024/5/28,09:21:57:15,9,NA,7,L,L,0,0,0,,
21,M,2024/5/28,09:21:58:00,9.5,NA,7,L,L,0,0,0,,
21,M,2024/5/28,09:21:58:15,10,NA,7,L,L,0,0,0,,
21,M,2024/5/28,09:21:59:00,10.5,NA,7,L,L,0,0,0,,
21,M,2024/5/28,09:21:59:15,11,NA,7,L,L,0,0,0,,
21,M,2024/5/28,09:22:00:00,11.5,NA,7,L,L,0,0,0,,
21,M,2024/5/28,09:22:00:15,12,NA,7,L,L,0,0,0,,
21,M,2024/5/28,09:22:01:00,12.5,NA,7,L,L,0,0,0,,
21,M,2024/5/28,09:22:01:15,13,NA,7,L,L,0,0,0,,
21,M,2024/5/28,09:22:02:00,13.5,NA,7,L,L,0,0,0,,
21,M,2024/5/28,09:22:02:15,14,NA,7,L,L,0,0,0,,
21,M,2024/5/28,09:22:03:00,14.5,NA,7,L,L,0,0,0,,
21,M,2024/5/28,09:22:03:15,15,NA,7,L,L,0,0,0,,
21,M,2024/5/28,09:22:04:00,15.5,NA,7,L,L,0,0,0,,
21,M,2024/5/28,09:22:04:15,16,NA,7,L,L,0,0,0,,
21,M,2024/5/28,09:22:05:00,16.5,NA,7,L,L,0,0,0,,
21,M,2024/5/28,09:22:05:15,17,NA,7,L,L,0,0,0,,
21,M,2024/5/28,09:22:06:00,17.5,NA,7,L,L,0,0,0,,
21,M,2024/5/28,09:22:06:15,18,NA,7,L,L,0,0,0,,
21,M,2024/5/28,09:22:07:00,18.5,NA,7,L,L,0,0,0,,
21,M,2024/5/28,09:22:07:15,19,NA,7,L,L,0,0,0,,
21,M,2024/5/28,09:22:08:00,19.5,NA,7,L,L,0,0,0,,
21,M,2024/5/28,09:22:08:15,20,NA,7,L,L,0,0,0,,
21,M,2024/5/28,09:22:09:00,20.5,NA,7,L,L,0,0,0,,
21,M,2024/5/28,09:22:09:15,21,NA,7,L,L,0,0,0,,
21,M,2024/5/28,09:22:10:00,21.5,NA,7,L,L,0,0,0,,
21,M,2024/5/28,09:22:10:15,22,NA,7,L,L,0,0,0,,
21,M,2024/5/28,09:22:11:00,22.5,NA,7,L,L,0,0,0,,
21,M,2024/5/28,09:22:11:15,23,NA,7,L,L,0,0,0,,
21,M,2024/5/28,09:22:12:00,23.5,NA,7,L,L,0,0,0,,
21,M,2024/5/28,09:22:12:15,24,NA,7,L,L,0,0,0,,
21,M,2024/5/28,09:22:13:00,24.5,NA,7,L,L,0,0,0,,
21,M,2024/5/28,09:22:13:15,25,NA,7,L,L,0,0,0,,
21,M,2024/5/28,09:22:14:00,25.5,NA,7,L,L,0,0,0,,
21,M,2024/5/28,09:22:14:15,26,NA,7,L,L,0,0,0,,
21,M,2024/5/28,09:22:15:00,26.5,NA,7,L,L,0,0,0,,
21,M,2024/5/28,09:22:15:15,27,NA,7,L,L,0,0,0,,
21,M,2024/5/28,09:22:16:00,27.5,NA,7,L,L,0,0,0,,
21,M,2024/5/28,09:22:16:15,28,0,7,L,L,1,0,0,,
21,M,2024/5/28,09:22:17:00,28.5,0.5,7,L,L,1,0,0,,
21,M,2024/5/28,09:22:17:15,29,1,7,L,L,1,0,0,,
21,M,2024/5/28,09:22:18:00,29.5,1.5,7,L,L,1,0,0,,
21,M,2024/5/28,09:22:18:15,30,2,7,L,L,1,0,1,,
21,M,2024/5/28,09:22:19:00,30.5,2.5,7,L,L,1,0,0,,
21,M,2024/5/28,09:22:19:15,31,3,7,L,L,1,0,0,,
21,M,2024/5/28,09:22:20:00,31.5,3.5,7,L,L,1,0,0,,
21,M,2024/5/28,09:22:20:15,32,4,7,L,L,1,1,0,,
21,M,2024/5/28,09:23:09:00,0,NA,8,R,L,0,0,0,,
21,M,2024/5/28,09:23:09:15,0.5,NA,8,R,L,0,0,0,,
21,M,2024/5/28,09:23:10:00,1,NA,8,R,L,0,0,0,,
21,M,2024/5/28,09:23:10:15,1.5,NA,8,R,L,0,0,0,,
21,M,2024/5/28,09:23:11:00,2,NA,8,R,L,0,0,0,,
21,M,2024/5/28,09:23:11:15,2.5,NA,8,R,L,0,0,0,,
21,M,2024/5/28,09:23:12:00,3,NA,8,R,L,0,0,0,,
21,M,2024/5/28,09:23:12:15,3.5,NA,8,R,L,0,0,0,,
21,M,2024/5/28,09:23:13:00,4,NA,8,R,L,0,0,0,,
21,M,2024/5/28,09:23:13:15,4.5,NA,8,R,L,0,0,0,,
21,M,2024/5/28,09:23:14:00,5,NA,8,R,L,0,0,0,,
21,M,2024/5/28,09:23:14:15,5.5,0,8,R,L,1,0,0,,
21,M,2024/5/28,09:23:15:00,6,0.5,8,R,L,1,0,0,,
21,M,2024/5/28,09:23:15:15,6.5,1,8,R,L,1,0,0,,
21,M,2024/5/28,09:23:16:00,7,1.5,8,R,L,1,0,0,,
21,M,2024/5/28,09:23:16:15,7.5,2,8,R,L,1,0,1,,
21,M,2024/5/28,09:23:17:00,8,2.5,8,R,L,1,0,0,,
21,M,2024/5/28,09:23:17:15,8.5,3,8,R,L,1,0,0,,
21,M,2024/5/28,09:23:18:00,9,3.5,8,R,L,1,1,0,,
21,M,2024/5/28,09:24:35:00,0,NA,9,R,L,0,0,0,,
21,M,2024/5/28,09:24:35:15,0.5,NA,9,R,L,0,0,0,,
21,M,2024/5/28,09:24:36:00,1,NA,9,R,L,0,0,0,,
21,M,2024/5/28,09:24:36:15,1.5,NA,9,R,L,0,0,0,,
21,M,2024/5/28,09:24:37:00,2,NA,9,R,L,0,0,0,,
21,M,2024/5/28,09:24:37:15,2.5,NA,9,R,L,0,0,0,,
21,M,2024/5/28,09:24:38:00,3,NA,9,R,L,0,0,0,,
21,M,2024/5/28,09:24:38:15,3.5,NA,9,R,L,0,0,0,,
21,M,2024/5/28,09:24:39:00,4,NA,9,R,L,0,0,0,,
21,M,2024/5/28,09:24:39:15,4.5,NA,9,R,L,0,0,0,,
21,M,2024/5/28,09:24:40:00,5,NA,9,R,L,0,0,0,,
21,M,2024/5/28,09:24:40:15,5.5,NA,9,R,L,0,0,0,,
21,M,2024/5/28,09:24:41:00,6,NA,9,R,L,0,0,0,,
21,M,2024/5/28,09:24:41:15,6.5,NA,9,R,L,0,0,0,,
21,M,2024/5/28,09:24:42:00,7,NA,9,R,L,0,0,0,,
21,M,2024/5/28,09:24:42:15,7.5,0,9,R,L,1,0,0,,
21,M,2024/5/28,09:24:43:00,8,0.5,9,R,L,1,0,0,,
21,M,2024/5/28,09:24:43:15,8.5,1,9,R,L,1,0,0,,
21,M,2024/5/28,09:24:44:00,9,1.5,9,R,L,1,0,0,,
21,M,2024/5/28,09:24:44:15,9.5,2,9,R,L,1,0,0,,
21,M,2024/5/28,09:24:45:00,10,2.5,9,R,L,1,0,0,,
21,M,2024/5/28,09:24:45:15,10.5,3,9,R,L,1,0,0,,
21,M,2024/5/28,09:24:46:00,11,3.5,9,R,L,1,0,0,,
21,M,2024/5/28,09:24:46:15,11.5,4,9,R,L,1,1,0,,
21,M,2024/5/28,09:25:55:15,0,NA,10,L,L,0,0,0,,
21,M,2024/5/28,09:25:56:00,0.5,NA,10,L,L,0,0,0,,
21,M,2024/5/28,09:25:56:15,1,NA,10,L,L,0,0,0,,
21,M,2024/5/28,09:25:57:00,1.5,NA,10,L,L,0,0,0,,
21,M,2024/5/28,09:25:57:15,2,NA,10,L,L,0,0,0,,
21,M,2024/5/28,09:25:58:00,2.5,NA,10,L,L,0,0,0,,
21,M,2024/5/28,09:25:58:15,3,NA,10,L,L,0,0,0,,
21,M,2024/5/28,09:25:59:00,3.5,NA,10,L,L,0,0,0,,
21,M,2024/5/28,09:25:59:15,4,NA,10,L,L,0,0,0,,
21,M,2024/5/28,09:26:00:00,4.5,NA,10,L,L,0,0,0,,
21,M,2024/5/28,09:26:00:15,5,NA,10,L,L,0,0,0,,
21,M,2024/5/28,09:26:01:00,5.5,NA,10,L,L,0,0,0,,
21,M,2024/5/28,09:26:01:15,6,NA,10,L,L,0,0,0,,
21,M,2024/5/28,09:26:02:00,6.5,NA,10,L,L,0,0,0,,
21,M,2024/5/28,09:26:02:15,7,NA,10,L,L,0,0,0,,
21,M,2024/5/28,09:26:03:00,7.5,0,10,L,L,1,0,0,,
21,M,2024/5/28,09:26:03:15,8,0.5,10,L,L,1,0,0,,
21,M,2024/5/28,09:26:04:00,8.5,1,10,L,L,1,0,0,,
21,M,2024/5/28,09:26:04:15,9,1.5,10,L,L,1,0,0,,
21,M,2024/5/28,09:26:05:00,9.5,2,10,L,L,1,0,0,,
21,M,2024/5/28,09:26:05:15,10,2.5,10,L,L,1,0,0,,
21,M,2024/5/28,09:26:06:00,10.5,3,10,L,L,1,0,0,,
21,M,2024/5/28,09:26:06:15,11,3.5,10,L,L,1,0,0,,
21,M,2024/5/28,09:26:07:00,11.5,4,10,L,L,1,0,0,,
21,M,2024/5/28,09:26:07:15,12,4.5,10,L,L,1,1,0,,
8,M,2024/6/1,13:45:08:15,0,NA,1,R,L,0,0,0,,
8,M,2024/6/1,13:45:09:00,0.5,NA,1,R,L,0,0,0,,
8,M,2024/6/1,13:45:09:15,1,NA,1,R,L,0,0,0,,
8,M,2024/6/1,13:45:10:00,1.5,NA,1,R,L,0,0,0,,
8,M,2024/6/1,13:45:10:15,2,NA,1,R,L,0,0,0,,
8,M,2024/6/1,13:45:11:00,2.5,NA,1,R,L,0,0,0,,
8,M,2024/6/1,13:45:11:15,3,NA,1,R,L,0,0,0,,
8,M,2024/6/1,13:45:12:00,3.5,NA,1,R,L,0,0,0,,
8,M,2024/6/1,13:45:12:15,4,NA,1,R,L,0,0,0,,
8,M,2024/6/1,13:45:13:00,4.5,NA,1,R,L,0,0,0,,
8,M,2024/6/1,13:45:13:15,5,NA,1,R,L,0,0,0,,
8,M,2024/6/1,13:45:14:00,5.5,0,1,R,L,1,0,0,,
8,M,2024/6/1,13:45:14:15,6,0.5,1,R,L,1,0,0,,
8,M,2024/6/1,13:45:15:00,6.5,1,1,R,L,1,0,0,,
8,M,2024/6/1,13:45:15:15,7,1.5,1,R,L,1,0,0,,
8,M,2024/6/1,13:45:16:00,7.5,2,1,R,L,1,0,1,,
8,M,2024/6/1,13:45:16:15,8,2.5,1,R,L,1,0,1,,
8,M,2024/6/1,13:45:17:00,8.5,3,1,R,L,1,0,0,,
8,M,2024/6/1,13:45:17:15,9,3.5,1,R,L,1,0,0,,
8,M,2024/6/1,13:45:18:00,9.5,4,1,R,L,1,0,1,,
8,M,2024/6/1,13:45:18:15,10,4.5,1,R,L,1,0,0,,
8,M,2024/6/1,13:45:19:00,10.5,5,1,R,L,1,0,0,,
8,M,2024/6/1,13:45:19:15,11,5.5,1,R,L,1,0,0,,
8,M,2024/6/1,13:45:20:00,11.5,6,1,R,L,1,0,1,,
8,M,2024/6/1,13:45:20:15,12,6.5,1,R,L,1,0,0,,
8,M,2024/6/1,13:45:21:00,12.5,7,1,R,L,1,0,0,,
8,M,2024/6/1,13:45:21:15,13,7.5,1,R,L,1,0,0,,
8,M,2024/6/1,13:45:22:00,13.5,8,1,R,L,1,0,0,,
8,M,2024/6/1,13:45:22:15,14,8.5,1,R,L,1,0,0,,
8,M,2024/6/1,13:45:23:00,14.5,9,1,R,L,1,0,0,,
8,M,2024/6/1,13:45:23:15,15,9.5,1,R,L,1,0,0,,
8,M,2024/6/1,13:45:24:00,15.5,10,1,R,L,1,0,0,,
8,M,2024/6/1,13:45:24:15,16,10.5,1,R,L,1,0,0,,
8,M,2024/6/1,13:45:25:00,16.5,11,1,R,L,1,0,0,,
8,M,2024/6/1,13:45:25:15,17,11.5,1,R,L,1,0,0,,
8,M,2024/6/1,13:45:26:00,17.5,12,1,R,L,1,0,0,,
8,M,2024/6/1,13:45:26:15,18,12.5,1,R,L,1,0,0,,
8,M,2024/6/1,13:45:27:00,18.5,13,1,R,L,1,0,0,,
8,M,2024/6/1,13:45:27:15,19,13.5,1,R,L,1,0,0,,
8,M,2024/6/1,13:45:28:00,19.5,14,1,R,L,1,0,0,,
8,M,2024/6/1,13:45:28:15,20,14.5,1,R,L,1,0,0,,
8,M,2024/6/1,13:45:29:00,20.5,15,1,R,L,1,0,0,,
8,M,2024/6/1,13:45:29:15,21,15.5,1,R,L,1,0,0,,
8,M,2024/6/1,13:45:30:00,21.5,16,1,R,L,1,0,0,,
8,M,2024/6/1,13:45:30:15,22,16.5,1,R,L,1,0,0,,
8,M,2024/6/1,13:45:31:00,22.5,17,1,R,L,1,0,0,,
8,M,2024/6/1,13:45:31:15,23,17.5,1,R,L,1,0,0,,
8,M,2024/6/1,13:45:32:00,23.5,18,1,R,L,1,0,0,,
8,M,2024/6/1,13:45:32:15,24,18.5,1,R,L,1,0,0,,
8,M,2024/6/1,13:45:33:00,24.5,19,1,R,L,1,0,0,,
8,M,2024/6/1,13:45:33:15,25,19.5,1,R,L,1,0,0,,
8,M,2024/6/1,13:45:34:00,25.5,20,1,R,L,1,0,0,,
8,M,2024/6/1,13:45:34:15,26,20.5,1,R,L,1,0,0,,
8,M,2024/6/1,13:45:35:00,26.5,21,1,R,L,1,0,0,,
8,M,2024/6/1,13:45:35:15,27,21.5,1,R,L,1,0,0,,
8,M,2024/6/1,13:45:36:00,27.5,22,1,R,L,1,0,0,,
8,M,2024/6/1,13:45:36:15,28,22.5,1,R,L,1,0,0,,
8,M,2024/6/1,13:45:37:00,28.5,23,1,R,L,1,0,0,,
8,M,2024/6/1,13:45:37:15,29,23.5,1,R,L,1,0,0,,
8,M,2024/6/1,13:45:38:00,29.5,24,1,R,L,1,0,0,,
8,M,2024/6/1,13:45:38:15,30,24.5,1,R,L,1,0,0,,
8,M,2024/6/1,13:45:36:00,30.5,25,1,R,L,1,0,0,,
8,M,2024/6/1,13:45:36:15,31,25.5,1,R,L,1,0,0,,
8,M,2024/6/1,13:45:37:00,31.5,26,1,R,L,1,0,0,,
8,M,2024/6/1,13:45:37:15,32,26.5,1,R,L,1,0,0,,
8,M,2024/6/1,13:45:38:00,32.5,27,1,R,L,1,1,0,,
8,M,2024/6/1,13:46:32:00,0,NA,2,L,NA,0,0,0,,
8,M,2024/6/1,13:46:32:15,0.5,NA,2,L,NA,0,0,0,,
8,M,2024/6/1,13:46:33:00,1,NA,2,L,NA,0,0,0,,
8,M,2024/6/1,13:46:33:15,1.5,NA,2,L,NA,0,0,0,,
8,M,2024/6/1,13:46:34:00,2,NA,2,L,NA,0,0,0,,
8,M,2024/6/1,13:46:34:15,2.5,NA,2,L,NA,0,0,0,,
8,M,2024/6/1,13:46:35:00,3,0,2,L,NA,1,0,0,,
8,M,2024/6/1,13:46:35:15,3.5,0.5,2,L,NA,1,0,0,,
8,M,2024/6/1,13:46:36:00,4,1,2,L,NA,1,0,0,,
8,M,2024/6/1,13:46:36:15,4.5,1.5,2,L,NA,1,0,0,,
8,M,2024/6/1,13:46:37:00,5,2,2,L,NA,1,0,0,,
8,M,2024/6/1,13:46:37:15,5.5,2.5,2,L,NA,1,0,0,,
8,M,2024/6/1,13:46:38:00,6,3,2,L,NA,1,0,0,,
8,M,2024/6/1,13:46:38:15,6.5,3.5,2,L,NA,1,0,0,,
8,M,2024/6/1,13:46:36:00,7,4,2,L,NA,1,0,0,,
8,M,2024/6/1,13:46:36:15,7.5,4.5,2,L,NA,1,0,0,,
8,M,2024/6/1,13:46:37:00,8,5,2,L,NA,1,0,0,,
8,M,2024/6/1,13:46:37:15,8.5,5.5,2,L,NA,1,0,0,,
8,M,2024/6/1,13:46:38:00,9,6,2,L,NA,1,0,0,,
8,M,2024/6/1,13:46:38:15,9.5,6.5,2,L,NA,1,0,0,,
8,M,2024/6/1,13:46:39:00,10,7,2,L,NA,1,0,0,,
8,M,2024/6/1,13:46:39:15,10.5,7.5,2,L,NA,1,0,0,,
8,M,2024/6/1,13:46:40:00,11,8,2,L,NA,1,0,0,,
8,M,2024/6/1,13:46:40:15,11.5,8.5,2,L,NA,1,0,0,,
8,M,2024/6/1,13:46:41:00,12,9,2,L,NA,1,0,0,,
8,M,2024/6/1,13:46:41:15,12.5,9.5,2,L,NA,1,0,0,,
8,M,2024/6/1,13:46:42:00,13,10,2,L,NA,1,0,1,,
8,M,2024/6/1,13:46:42:15,13.5,10.5,2,L,NA,1,0,0,,
8,M,2024/6/1,13:46:43:00,14,11,2,L,NA,1,0,0,,
8,M,2024/6/1,13:46:43:15,14.5,11.5,2,L,NA,1,0,0,,
8,M,2024/6/1,13:46:44:00,15,12,2,L,NA,1,0,0,,
8,M,2024/6/1,13:46:44:15,15.5,12.5,2,L,NA,1,0,0,,
8,M,2024/6/1,13:46:45:00,16,13,2,L,NA,1,0,0,,
8,M,2024/6/1,13:46:45:15,16.5,13.5,2,L,NA,1,0,0,,
8,M,2024/6/1,13:46:46:00,17,14,2,L,NA,1,0,0,,
8,M,2024/6/1,13:46:46:15,17.5,14.5,2,L,NA,1,0,0,,
8,M,2024/6/1,13:46:47:00,18,15,2,L,NA,1,0,0,,
8,M,2024/6/1,13:46:47:15,18.5,15.5,2,L,NA,1,0,0,,
8,M,2024/6/1,13:46:48:00,19,16,2,L,NA,1,0,0,,
8,M,2024/6/1,13:46:48:15,19.5,16.5,2,L,NA,1,0,0,,
8,M,2024/6/1,13:46:49:00,20,17,2,L,NA,1,0,0,,
8,M,2024/6/1,13:46:49:15,20.5,17.5,2,L,NA,1,0,0,,
8,M,2024/6/1,13:46:50:00,21,18,2,L,NA,1,0,0,,
8,M,2024/6/1,13:46:50:15,21.5,18.5,2,L,NA,1,0,0,,
8,M,2024/6/1,13:46:51:00,22,19,2,L,NA,1,0,0,,
8,M,2024/6/1,13:46:51:15,22.5,19.5,2,L,NA,1,0,0,,
8,M,2024/6/1,13:46:52:00,23,20,2,L,NA,1,0,0,,
8,M,2024/6/1,13:46:52:15,23.5,20.5,2,L,NA,1,0,0,,
8,M,2024/6/1,13:46:53:00,24,21,2,L,NA,1,0,0,,
8,M,2024/6/1,13:46:53:15,24.5,21.5,2,L,NA,1,0,0,,
8,M,2024/6/1,13:46:54:00,25,22,2,L,NA,1,0,0,,
8,M,2024/6/1,13:46:54:15,25.5,22.5,2,L,NA,1,0,0,,
8,M,2024/6/1,13:46:55:00,26,23,2,L,NA,1,0,0,,
8,M,2024/6/1,13:46:55:15,26.5,23.5,2,L,NA,1,0,0,,
8,M,2024/6/1,13:46:56:00,27,24,2,L,NA,1,0,0,,
8,M,2024/6/1,13:46:56:15,27.5,24.5,2,L,NA,1,0,0,,
8,M,2024/6/1,13:43:57:00,28,25,2,L,NA,1,0,0,,
8,M,2024/6/1,13:43:57:15,28.5,25.5,2,L,NA,1,0,0,,
8,M,2024/6/1,13:43:58:00,29,26,2,L,NA,1,0,0,,
8,M,2024/6/1,13:43:58:15,29.5,26.5,2,L,NA,1,0,0,,
8,M,2024/6/1,13:43:59:00,30,27,2,L,NA,1,0,0,,
8,M,2024/6/1,13:43:59:15,30.5,27.5,2,L,NA,1,0,0,,
8,M,2024/6/1,13:46:00:00,31,28,2,L,NA,1,0,0,,
8,M,2024/6/1,13:46:00:15,31.5,28.5,2,L,NA,1,0,0,,
8,M,2024/6/1,13:46:01:00,32,29,2,L,NA,1,0,0,,
8,M,2024/6/1,13:46:01:15,32.5,29.5,2,L,NA,1,0,0,,
8,M,2024/6/1,13:46:02:00,33,30,2,L,NA,1,0,0,,
8,M,2024/6/1,13:46:02:15,33.5,30.5,2,L,NA,1,0,0,,
8,M,2024/6/1,13:46:03:00,34,31,2,L,NA,1,0,0,,
8,M,2024/6/1,13:46:03:15,34.5,31.5,2,L,NA,1,0,0,,
8,M,2024/6/1,13:46:04:00,35,32,2,L,NA,1,0,0,,
8,M,2024/6/1,13:46:04:15,35.5,32.5,2,L,NA,1,0,0,,
8,M,2024/6/1,13:46:05:00,36,33,2,L,NA,1,0,0,,
8,M,2024/6/1,13:46:05:15,36.5,33.5,2,L,NA,1,0,0,,
8,M,2024/6/1,13:46:06:00,37,34,2,L,NA,1,0,0,,
8,M,2024/6/1,13:46:06:15,37.5,34.5,2,L,NA,1,0,0,,
8,M,2024/6/1,13:46:07:00,38,35,2,L,NA,1,0,0,,
8,M,2024/6/1,13:46:07:15,38.5,35.5,2,L,NA,1,0,0,,
8,M,2024/6/1,13:46:08:00,39,36,2,L,NA,1,0,0,,
8,M,2024/6/1,13:46:08:15,39.5,36.5,2,L,NA,1,0,0,,
8,M,2024/6/1,13:46:09:00,40,37,2,L,NA,1,0,0,,
8,M,2024/6/1,13:46:09:15,40.5,37.5,2,L,NA,1,0,0,,
8,M,2024/6/1,13:46:10:00,41,38,2,L,NA,1,0,0,,
8,M,2024/6/1,13:46:10:15,41.5,38.5,2,L,NA,1,0,0,,
8,M,2024/6/1,13:46:11:00,42,39,2,L,NA,1,0,0,,
8,M,2024/6/1,13:46:11:15,42.5,39.5,2,L,NA,1,0,0,,
8,M,2024/6/1,13:46:12:00,43,40,2,L,NA,1,0,0,,
8,M,2024/6/1,13:46:12:15,43.5,40.5,2,L,NA,1,0,0,,
8,M,2024/6/1,13:46:13:00,44,41,2,L,NA,1,0,0,,
8,M,2024/6/1,13:46:13:15,44.5,41.5,2,L,NA,1,0,0,,
8,M,2024/6/1,13:46:14:00,45,42,2,L,NA,1,0,0,,
8,M,2024/6/1,13:46:14:15,45.5,42.5,2,L,NA,1,0,0,,
8,M,2024/6/1,13:46:15:00,46,43,2,L,NA,1,0,0,,
8,M,2024/6/1,13:46:15:15,46.5,43.5,2,L,NA,1,0,0,,
8,M,2024/6/1,13:46:16:00,47,44,2,L,NA,1,0,0,,
8,M,2024/6/1,13:46:16:15,47.5,44.5,2,L,NA,1,0,0,,
8,M,2024/6/1,13:46:17:00,48,45,2,L,NA,1,0,0,,
8,M,2024/6/1,13:46:17:15,48.5,45.5,2,L,NA,1,0,0,,
8,M,2024/6/1,13:46:18:00,49,46,2,L,NA,1,0,0,,
8,M,2024/6/1,13:46:18:15,49.5,46.5,2,L,NA,1,0,0,,
8,M,2024/6/1,13:46:19:00,50,47,2,L,NA,1,0,0,,
8,M,2024/6/1,13:46:19:15,50.5,47.5,2,L,NA,1,0,0,,
8,M,2024/6/1,13:47:20:00,51,48,2,L,NA,1,0,0,,
8,M,2024/6/1,13:47:20:15,51.5,48.5,2,L,NA,1,0,0,,
8,M,2024/6/1,13:47:21:00,52,49,2,L,NA,1,0,0,,
8,M,2024/6/1,13:47:21:15,52.5,49.5,2,L,NA,1,0,0,,
8,M,2024/6/1,13:47:22:00,53,50,2,L,NA,1,0,0,,
8,M,2024/6/1,13:47:22:15,53.5,50.5,2,L,NA,1,0,0,,
8,M,2024/6/1,13:47:23:00,54,51,2,L,NA,1,0,0,,
8,M,2024/6/1,13:47:23:15,54.5,51.5,2,L,NA,1,0,0,,
8,M,2024/6/1,13:47:24:00,55,52,2,L,NA,1,0,0,,
8,M,2024/6/1,13:47:24:15,55.5,52.5,2,L,NA,1,0,0,,
8,M,2024/6/1,13:47:25:00,56,53,2,L,NA,1,0,0,,
8,M,2024/6/1,13:47:25:15,56.5,53.5,2,L,NA,1,0,0,,
8,M,2024/6/1,13:47:26:00,57,54,2,L,NA,1,0,0,,
8,M,2024/6/1,13:47:26:15,57.5,54.5,2,L,NA,1,0,0,,
8,M,2024/6/1,13:47:27:00,58,55,2,L,NA,1,0,0,,
8,M,2024/6/1,13:47:27:15,58.5,55.5,2,L,NA,1,0,0,,
8,M,2024/6/1,13:47:28:00,59,56,2,L,NA,1,0,0,,
8,M,2024/6/1,13:47:28:15,59.5,56.5,2,L,NA,1,0,0,,
8,M,2024/6/1,13:47:29:00,60,57,2,L,NA,1,0,0,,
8,M,2024/6/1,13:47:29:15,60.5,57.5,2,L,NA,1,0,0,,
8,M,2024/6/1,13:47:30:00,61,58,2,L,NA,1,0,0,,
8,M,2024/6/1,13:47:30:15,61.5,58.5,2,L,NA,1,0,0,,
8,M,2024/6/1,13:47:31:00,62,59,2,L,NA,1,0,0,,
8,M,2024/6/1,13:47:31:15,62.5,59.5,2,L,NA,1,0,0,,
8,M,2024/6/1,13:47:32:00,63,60,2,L,NA,1,0,0,,
8,M,2024/6/1,13:48:57:15,0,NA,3,L,NA,0,0,0,,
8,M,2024/6/1,13:48:58:00,0.5,NA,3,L,NA,0,0,0,,
8,M,2024/6/1,13:48:58:15,1,NA,3,L,NA,0,0,0,,
8,M,2024/6/1,13:48:59:00,1.5,NA,3,L,NA,0,0,0,,
8,M,2024/6/1,13:48:59:15,2,NA,3,L,NA,0,0,0,,
8,M,2024/6/1,13:49:00:00,2.5,NA,3,L,NA,0,0,0,,
8,M,2024/6/1,13:49:00:15,3,NA,3,L,NA,0,0,0,,
8,M,2024/6/1,13:49:01:00,3.5,NA,3,L,NA,0,0,0,,
8,M,2024/6/1,13:49:01:15,4,NA,3,L,NA,0,0,0,,
8,M,2024/6/1,13:49:02:00,4.5,NA,3,L,NA,0,0,0,,
8,M,2024/6/1,13:49:02:15,5,NA,3,L,NA,0,0,0,,
8,M,2024/6/1,13:49:03:00,5.5,0,3,L,NA,1,0,0,,
8,M,2024/6/1,13:49:03:15,6,0.5,3,L,NA,1,0,0,,
8,M,2024/6/1,13:49:04:00,6.5,1,3,L,NA,1,0,0,,
8,M,2024/6/1,13:49:04:15,7,1.5,3,L,NA,1,0,0,,
8,M,2024/6/1,13:49:05:00,7.5,2,3,L,NA,1,0,0,,
8,M,2024/6/1,13:49:05:15,8,2.5,3,L,NA,1,0,0,,
8,M,2024/6/1,13:49:06:00,8.5,3,3,L,NA,1,0,0,,
8,M,2024/6/1,13:49:06:15,9,3.5,3,L,NA,1,0,0,,
8,M,2024/6/1,13:49:07:00,9.5,4,3,L,NA,1,0,0,,
8,M,2024/6/1,13:49:07:15,10,4.5,3,L,NA,1,0,0,,
8,M,2024/6/1,13:49:08:00,10.5,5,3,L,NA,1,0,0,,
8,M,2024/6/1,13:49:08:15,11,5.5,3,L,NA,1,0,0,,
8,M,2024/6/1,13:49:09:00,11.5,6,3,L,NA,1,0,0,,
8,M,2024/6/1,13:49:09:15,12,6.5,3,L,NA,1,0,0,,
8,M,2024/6/1,13:49:10:00,12.5,7,3,L,NA,1,0,0,,
8,M,2024/6/1,13:49:10:15,13,7.5,3,L,NA,1,0,0,,
8,M,2024/6/1,13:49:11:00,13.5,8,3,L,NA,1,0,0,,
8,M,2024/6/1,13:49:11:15,14,8.5,3,L,NA,1,0,0,,
8,M,2024/6/1,13:49:12:00,14.5,9,3,L,NA,1,0,0,,
8,M,2024/6/1,13:49:12:15,15,9.5,3,L,NA,1,0,0,,
8,M,2024/6/1,13:49:13:00,15.5,10,3,L,NA,1,0,0,,
8,M,2024/6/1,13:49:13:15,16,10.5,3,L,NA,1,0,0,,
8,M,2024/6/1,13:49:14:00,16.5,11,3,L,NA,1,0,0,,
8,M,2024/6/1,13:49:14:15,17,11.5,3,L,NA,1,0,0,,
8,M,2024/6/1,13:49:15:00,17.5,12,3,L,NA,1,0,0,,
8,M,2024/6/1,13:49:15:15,18,12.5,3,L,NA,1,0,0,,
8,M,2024/6/1,13:49:16:00,18.5,13,3,L,NA,1,0,0,,
8,M,2024/6/1,13:49:16:15,19,13.5,3,L,NA,1,0,0,,
8,M,2024/6/1,13:49:17:00,19.5,14,3,L,NA,1,0,0,,
8,M,2024/6/1,13:49:17:15,20,14.5,3,L,NA,1,0,0,,
8,M,2024/6/1,13:49:18:00,20.5,15,3,L,NA,1,0,0,,
8,M,2024/6/1,13:49:18:15,21,15.5,3,L,NA,1,0,0,,
8,M,2024/6/1,13:49:19:00,21.5,16,3,L,NA,1,0,0,,
8,M,2024/6/1,13:49:19:15,22,16.5,3,L,NA,1,0,0,,
8,M,2024/6/1,13:49:20:00,22.5,17,3,L,NA,1,0,0,,
8,M,2024/6/1,13:49:20:15,23,17.5,3,L,NA,1,0,0,,
8,M,2024/6/1,13:49:21:00,23.5,18,3,L,NA,1,0,0,,
8,M,2024/6/1,13:49:21:15,24,18.5,3,L,NA,1,0,0,,
8,M,2024/6/1,13:49:22:00,24.5,19,3,L,NA,1,0,0,,
8,M,2024/6/1,13:49:22:15,25,19.5,3,L,NA,1,0,0,,
8,M,2024/6/1,13:49:23:00,25.5,20,3,L,NA,1,0,0,,
8,M,2024/6/1,13:49:23:15,26,20.5,3,L,NA,1,0,0,,
8,M,2024/6/1,13:49:24:00,26.5,21,3,L,NA,1,0,0,,
8,M,2024/6/1,13:49:24:15,27,21.5,3,L,NA,1,0,0,,
8,M,2024/6/1,13:49:25:00,27.5,22,3,L,NA,1,0,0,,
8,M,2024/6/1,13:49:25:15,28,22.5,3,L,NA,1,0,0,,
8,M,2024/6/1,13:49:26:00,28.5,23,3,L,NA,1,0,0,,
8,M,2024/6/1,13:49:26:15,29,23.5,3,L,NA,1,0,0,,
8,M,2024/6/1,13:49:27:00,29.5,24,3,L,NA,1,0,0,,
8,M,2024/6/1,13:49:27:15,30,24.5,3,L,NA,1,0,0,,
8,M,2024/6/1,13:49:28:00,30.5,25,3,L,NA,1,0,0,,
8,M,2024/6/1,13:49:28:15,31,25.5,3,L,NA,1,0,0,,
8,M,2024/6/1,13:49:29:00,31.5,26,3,L,NA,1,0,0,,
8,M,2024/6/1,13:49:29:15,32,26.5,3,L,NA,1,0,0,,
8,M,2024/6/1,13:49:30:00,32.5,27,3,L,NA,1,0,0,,
8,M,2024/6/1,13:49:30:15,33,27.5,3,L,NA,1,0,0,,
8,M,2024/6/1,13:49:31:00,33.5,28,3,L,NA,1,0,0,,
8,M,2024/6/1,13:49:31:15,34,28.5,3,L,NA,1,0,0,,
8,M,2024/6/1,13:49:32:00,34.5,29,3,L,NA,1,0,0,,
8,M,2024/6/1,13:49:32:15,35,29.5,3,L,NA,1,0,0,,
8,M,2024/6/1,13:49:33:00,35.5,30,3,L,NA,1,0,0,,
8,M,2024/6/1,13:49:33:15,36,30.5,3,L,NA,1,0,0,,
8,M,2024/6/1,13:49:34:00,36.5,31,3,L,NA,1,0,0,,
8,M,2024/6/1,13:49:34:15,37,31.5,3,L,NA,1,0,0,,
8,M,2024/6/1,13:49:35:00,37.5,32,3,L,NA,1,0,0,,
8,M,2024/6/1,13:49:35:15,38,32.5,3,L,NA,1,0,0,,
8,M,2024/6/1,13:49:36:00,38.5,33,3,L,NA,1,0,0,,
8,M,2024/6/1,13:49:36:15,39,33.5,3,L,NA,1,0,0,,
8,M,2024/6/1,13:49:37:00,39.5,34,3,L,NA,1,0,0,,
8,M,2024/6/1,13:49:37:15,40,34.5,3,L,NA,1,0,0,,
8,M,2024/6/1,13:49:38:00,40.5,35,3,L,NA,1,0,0,,
8,M,2024/6/1,13:49:38:15,41,35.5,3,L,NA,1,0,0,,
8,M,2024/6/1,13:49:36:00,41.5,36,3,L,NA,1,0,0,,
8,M,2024/6/1,13:49:36:15,42,36.5,3,L,NA,1,0,0,,
8,M,2024/6/1,13:49:37:00,42.5,37,3,L,NA,1,0,0,,
8,M,2024/6/1,13:49:37:15,43,37.5,3,L,NA,1,0,0,,
8,M,2024/6/1,13:49:38:00,43.5,38,3,L,NA,1,0,0,,
8,M,2024/6/1,13:49:38:15,44,38.5,3,L,NA,1,0,0,,
8,M,2024/6/1,13:49:39:00,44.5,39,3,L,NA,1,0,0,,
8,M,2024/6/1,13:49:39:15,45,39.5,3,L,NA,1,0,0,,
8,M,2024/6/1,13:49:40:00,45.5,40,3,L,NA,1,0,0,,
8,M,2024/6/1,13:49:40:15,46,40.5,3,L,NA,1,0,0,,
8,M,2024/6/1,13:49:41:00,46.5,41,3,L,NA,1,0,0,,
8,M,2024/6/1,13:49:41:15,47,41.5,3,L,NA,1,0,0,,
8,M,2024/6/1,13:49:42:00,47.5,42,3,L,NA,1,0,0,,
8,M,2024/6/1,13:49:42:15,48,42.5,3,L,NA,1,0,0,,
8,M,2024/6/1,13:49:43:00,48.5,43,3,L,NA,1,0,0,,
8,M,2024/6/1,13:49:43:15,49,43.5,3,L,NA,1,0,0,,
8,M,2024/6/1,13:49:44:00,49.5,44,3,L,NA,1,0,0,,
8,M,2024/6/1,13:49:44:15,50,44.5,3,L,NA,1,0,0,,
8,M,2024/6/1,13:49:45:00,50.5,45,3,L,NA,1,0,0,,
8,M,2024/6/1,13:49:45:15,51,45.5,3,L,NA,1,0,0,,
8,M,2024/6/1,13:49:46:00,51.5,46,3,L,NA,1,0,0,,
8,M,2024/6/1,13:49:46:15,52,46.5,3,L,NA,1,0,0,,
8,M,2024/6/1,13:49:47:00,52.5,47,3,L,NA,1,0,0,,
8,M,2024/6/1,13:49:47:15,53,47.5,3,L,NA,1,0,0,,
8,M,2024/6/1,13:49:48:00,53.5,48,3,L,NA,1,0,0,,
8,M,2024/6/1,13:49:48:15,54,48.5,3,L,NA,1,0,0,,
8,M,2024/6/1,13:49:49:00,54.5,49,3,L,NA,1,0,0,,
8,M,2024/6/1,13:49:49:15,55,49.5,3,L,NA,1,0,0,,
8,M,2024/6/1,13:49:50:00,55.5,50,3,L,NA,1,0,0,,
8,M,2024/6/1,13:49:50:15,56,50.5,3,L,NA,1,0,0,,
8,M,2024/6/1,13:49:51:00,56.5,51,3,L,NA,1,0,0,,
8,M,2024/6/1,13:49:51:15,57,51.5,3,L,NA,1,0,0,,
8,M,2024/6/1,13:49:52:00,57.5,52,3,L,NA,1,0,0,,
8,M,2024/6/1,13:49:52:15,58,52.5,3,L,NA,1,0,0,,
8,M,2024/6/1,13:49:53:00,58.5,53,3,L,NA,1,0,0,,
8,M,2024/6/1,13:49:53:15,59,53.5,3,L,NA,1,0,0,,
8,M,2024/6/1,13:49:54:00,59.5,54,3,L,NA,1,0,0,,
8,M,2024/6/1,13:49:54:15,60,54.5,3,L,NA,1,0,0,,
8,M,2024/6/1,13:49:55:00,60.5,55,3,L,NA,1,0,0,,
8,M,2024/6/1,13:49:55:15,61,55.5,3,L,NA,1,0,0,,
8,M,2024/6/1,13:49:56:00,61.5,56,3,L,NA,1,0,0,,
8,M,2024/6/1,13:49:56:15,62,56.5,3,L,NA,1,0,0,,
8,M,2024/6/1,13:49:57:00,62.5,57,3,L,NA,1,0,0,,
8,M,2024/6/1,13:49:57:15,63,57.5,3,L,NA,1,0,0,,
8,M,2024/6/1,13:49:58:00,63.5,58,3,L,NA,1,0,0,,
8,M,2024/6/1,13:49:58:15,64,58.5,3,L,NA,1,0,0,,
8,M,2024/6/1,13:49:59:00,64.5,59,3,L,NA,1,0,0,,
8,M,2024/6/1,13:49:59:15,65,59.5,3,L,NA,1,0,0,,
8,M,2024/6/1,13:50:00:00,65.5,60,3,L,NA,1,0,0,,
8,M,2024/6/1,13:50:31:00,0,NA,4,R,NA,0,0,0,,
8,M,2024/6/1,13:50:31:15,0.5,NA,4,R,NA,0,0,0,,
8,M,2024/6/1,13:50:32:00,1,NA,4,R,NA,0,0,0,,
8,M,2024/6/1,13:50:32:15,1.5,NA,4,R,NA,0,0,0,,
8,M,2024/6/1,13:50:33:00,2,NA,4,R,NA,0,0,0,,
8,M,2024/6/1,13:50:33:15,2.5,NA,4,R,NA,0,0,0,,
8,M,2024/6/1,13:50:34:00,3,NA,4,R,NA,0,0,0,,
8,M,2024/6/1,13:50:34:15,3.5,NA,4,R,NA,0,0,0,,
8,M,2024/6/1,13:50:35:00,4,NA,4,R,NA,0,0,0,,
8,M,2024/6/1,13:50:35:15,4.5,NA,4,R,NA,0,0,0,,
8,M,2024/6/1,13:50:36:00,5,NA,4,R,NA,0,0,0,,
8,M,2024/6/1,13:50:36:15,5.5,NA,4,R,NA,0,0,0,,
8,M,2024/6/1,13:50:37:00,6,NA,4,R,NA,0,0,0,,
8,M,2024/6/1,13:50:37:15,6.5,NA,4,R,NA,0,0,0,,
8,M,2024/6/1,13:50:38:00,7,NA,4,R,NA,0,0,0,,
8,M,2024/6/1,13:50:38:15,7.5,NA,4,R,NA,0,0,0,,
8,M,2024/6/1,13:50:36:00,8,NA,4,R,NA,0,0,0,,
8,M,2024/6/1,13:50:36:15,8.5,NA,4,R,NA,0,0,0,,
8,M,2024/6/1,13:50:37:00,9,NA,4,R,NA,0,0,0,,
8,M,2024/6/1,13:50:37:15,9.5,NA,4,R,NA,0,0,0,,
8,M,2024/6/1,13:50:38:00,10,NA,4,R,NA,0,0,0,,
8,M,2024/6/1,13:50:38:15,10.5,NA,4,R,NA,0,0,0,,
8,M,2024/6/1,13:50:39:00,11,NA,4,R,NA,0,0,0,,
8,M,2024/6/1,13:50:39:15,11.5,NA,4,R,NA,0,0,0,,
8,M,2024/6/1,13:50:40:00,12,NA,4,R,NA,0,0,0,,
8,M,2024/6/1,13:50:40:15,12.5,NA,4,R,NA,0,0,0,,
8,M,2024/6/1,13:50:41:00,13,NA,4,R,NA,0,0,0,,
8,M,2024/6/1,13:50:41:15,13.5,NA,4,R,NA,0,0,0,,
8,M,2024/6/1,13:50:42:00,14,NA,4,R,NA,0,0,0,,
8,M,2024/6/1,13:50:42:15,14.5,NA,4,R,NA,0,0,0,,
8,M,2024/6/1,13:50:43:00,15,NA,4,R,NA,0,0,0,,
8,M,2024/6/1,13:50:43:15,15.5,NA,4,R,NA,0,0,0,,
8,M,2024/6/1,13:50:44:00,16,NA,4,R,NA,0,0,0,,
8,M,2024/6/1,13:50:44:15,16.5,NA,4,R,NA,0,0,0,,
8,M,2024/6/1,13:50:45:00,17,NA,4,R,NA,0,0,0,,
8,M,2024/6/1,13:50:45:15,17.5,NA,4,R,NA,0,0,0,,5
8,M,2024/6/1,13:50:46:00,18,NA,4,R,NA,0,0,0,,
8,M,2024/6/1,13:50:46:15,18.5,NA,4,R,NA,0,0,0,,
8,M,2024/6/1,13:50:47:00,19,NA,4,R,NA,0,0,0,,
8,M,2024/6/1,13:50:47:15,19.5,NA,4,R,NA,0,0,0,,
8,M,2024/6/1,13:50:48:00,20,NA,4,R,NA,0,0,0,,
8,M,2024/6/1,13:50:48:15,20.5,NA,4,R,NA,0,0,0,,
8,M,2024/6/1,13:50:49:00,21,NA,4,R,NA,0,0,0,,
8,M,2024/6/1,13:50:49:15,21.5,NA,4,R,NA,0,0,0,,
8,M,2024/6/1,13:50:50:00,22,NA,4,R,NA,0,0,0,,
8,M,2024/6/1,13:50:50:15,22.5,NA,4,R,NA,0,0,0,,
8,M,2024/6/1,13:50:51:00,23,NA,4,R,NA,0,0,0,,
8,M,2024/6/1,13:50:51:15,23.5,NA,4,R,NA,0,0,0,,
8,M,2024/6/1,13:50:52:00,24,NA,4,R,NA,0,0,0,,
8,M,2024/6/1,13:50:52:15,24.5,0,4,R,NA,1,0,0,,
8,M,2024/6/1,13:50:53:00,25,0.5,4,R,NA,1,0,0,,
8,M,2024/6/1,13:50:53:15,25.5,1,4,R,NA,1,0,0,,
8,M,2024/6/1,13:50:54:00,26,1.5,4,R,NA,1,0,0,,
8,M,2024/6/1,13:50:54:15,26.5,2,4,R,NA,1,0,0,,
8,M,2024/6/1,13:50:55:00,27,2.5,4,R,NA,1,0,0,,
8,M,2024/6/1,13:50:55:15,27.5,3,4,R,NA,1,0,0,,
8,M,2024/6/1,13:50:56:00,28,3.5,4,R,NA,1,0,0,,
8,M,2024/6/1,13:50:56:15,28.5,4,4,R,NA,1,0,0,,
8,M,2024/6/1,13:50:57:00,29,4.5,4,R,NA,1,0,0,,
8,M,2024/6/1,13:50:57:15,29.5,5,4,R,NA,1,0,0,,
8,M,2024/6/1,13:50:58:00,30,5.5,4,R,NA,1,0,0,,
8,M,2024/6/1,13:50:58:15,30.5,6,4,R,NA,1,0,0,,
8,M,2024/6/1,13:50:59:00,31,6.5,4,R,NA,1,0,0,,
8,M,2024/6/1,13:50:59:15,31.5,7,4,R,NA,1,0,0,,
8,M,2024/6/1,13:51:00:00,32,7.5,4,R,NA,1,0,0,,
8,M,2024/6/1,13:51:00:15,32.5,8,4,R,NA,1,0,0,,
8,M,2024/6/1,13:51:01:00,33,8.5,4,R,NA,1,0,0,,
8,M,2024/6/1,13:51:01:15,33.5,9,4,R,NA,1,0,0,,
8,M,2024/6/1,13:51:02:00,34,9.5,4,R,NA,1,0,0,,
8,M,2024/6/1,13:51:02:15,34.5,10,4,R,NA,1,0,0,,
8,M,2024/6/1,13:51:03:00,35,10.5,4,R,NA,1,0,0,,
8,M,2024/6/1,13:51:03:15,35.5,11,4,R,NA,1,0,0,,
8,M,2024/6/1,13:51:04:00,36,11.5,4,R,NA,1,0,0,,
8,M,2024/6/1,13:51:04:15,36.5,12,4,R,NA,1,0,0,,
8,M,2024/6/1,13:51:05:00,37,12.5,4,R,NA,1,0,0,,
8,M,2024/6/1,13:51:05:15,37.5,13,4,R,NA,1,0,0,,
8,M,2024/6/1,13:51:06:00,38,13.5,4,R,NA,1,0,0,,
8,M,2024/6/1,13:51:06:15,38.5,14,4,R,NA,1,0,0,,
8,M,2024/6/1,13:51:07:00,39,14.5,4,R,NA,1,0,0,,
8,M,2024/6/1,13:51:07:15,39.5,15,4,R,NA,1,0,0,,
8,M,2024/6/1,13:51:08:00,40,15.5,4,R,NA,1,0,0,,
8,M,2024/6/1,13:51:08:15,40.5,16,4,R,NA,1,0,0,,
8,M,2024/6/1,13:51:09:00,41,16.5,4,R,NA,1,0,0,,
8,M,2024/6/1,13:51:09:15,41.5,17,4,R,NA,1,0,0,,
8,M,2024/6/1,13:51:10:00,42,17.5,4,R,NA,1,0,0,,
8,M,2024/6/1,13:51:10:15,42.5,18,4,R,NA,1,0,0,,
8,M,2024/6/1,13:51:11:00,43,18.5,4,R,NA,1,0,0,,
8,M,2024/6/1,13:51:11:15,43.5,19,4,R,NA,1,0,0,,
8,M,2024/6/1,13:51:12:00,44,19.5,4,R,NA,1,0,0,,
8,M,2024/6/1,13:51:12:15,44.5,20,4,R,NA,1,0,0,,
8,M,2024/6/1,13:51:13:00,45,20.5,4,R,NA,1,0,0,,
8,M,2024/6/1,13:51:13:15,45.5,21,4,R,NA,1,0,0,,
8,M,2024/6/1,13:51:14:00,46,21.5,4,R,NA,1,0,0,,
8,M,2024/6/1,13:51:14:15,46.5,22,4,R,NA,1,0,0,,
8,M,2024/6/1,13:51:15:00,47,22.5,4,R,NA,1,0,0,,
8,M,2024/6/1,13:51:15:15,47.5,23,4,R,NA,1,0,0,,
8,M,2024/6/1,13:51:16:00,48,23.5,4,R,NA,1,0,0,,
8,M,2024/6/1,13:51:16:15,48.5,24,4,R,NA,1,0,0,,
8,M,2024/6/1,13:51:17:00,49,24.5,4,R,NA,1,0,0,,
8,M,2024/6/1,13:51:17:15,49.5,25,4,R,NA,1,0,0,,
8,M,2024/6/1,13:51:18:00,50,25.5,4,R,NA,1,0,0,,
8,M,2024/6/1,13:51:18:15,50.5,26,4,R,NA,1,0,0,,
8,M,2024/6/1,13:51:19:00,51,26.5,4,R,NA,1,0,0,,
8,M,2024/6/1,13:51:19:15,51.5,27,4,R,NA,1,0,0,,
8,M,2024/6/1,13:51:20:00,52,27.5,4,R,NA,1,0,0,,
8,M,2024/6/1,13:51:20:15,52.5,28,4,R,NA,1,0,0,,
8,M,2024/6/1,13:51:21:00,53,28.5,4,R,NA,1,0,0,,
8,M,2024/6/1,13:51:21:15,53.5,29,4,R,NA,1,0,0,,
8,M,2024/6/1,13:51:22:00,54,29.5,4,R,NA,1,0,0,,
8,M,2024/6/1,13:51:22:15,54.5,30,4,R,NA,1,0,0,,
8,M,2024/6/1,13:51:23:00,55,30.5,4,R,NA,1,0,0,,
8,M,2024/6/1,13:51:23:15,55.5,31,4,R,NA,1,0,0,,
8,M,2024/6/1,13:51:24:00,56,31.5,4,R,NA,1,0,0,,
8,M,2024/6/1,13:51:24:15,56.5,32,4,R,NA,1,0,0,,
8,M,2024/6/1,13:51:25:00,57,32.5,4,R,NA,1,0,0,,
8,M,2024/6/1,13:51:25:15,57.5,33,4,R,NA,1,0,0,,
8,M,2024/6/1,13:51:26:00,58,33.5,4,R,NA,1,0,0,,
8,M,2024/6/1,13:51:26:15,58.5,34,4,R,NA,1,0,0,,
8,M,2024/6/1,13:51:27:00,59,34.5,4,R,NA,1,0,0,,
8,M,2024/6/1,13:51:27:15,59.5,35,4,R,NA,1,0,0,,
8,M,2024/6/1,13:51:28:00,60,35.5,4,R,NA,1,0,0,,
8,M,2024/6/1,13:51:28:15,60.5,36,4,R,NA,1,0,0,,
8,M,2024/6/1,13:51:29:00,61,36.5,4,R,NA,1,0,0,,
8,M,2024/6/1,13:51:29:15,61.5,37,4,R,NA,1,0,0,,
8,M,2024/6/1,13:51:30:00,62,37.5,4,R,NA,1,0,0,,
8,M,2024/6/1,13:51:30:15,62.5,38,4,R,NA,1,0,0,,
8,M,2024/6/1,13:51:31:00,63,38.5,4,R,NA,1,0,0,,
8,M,2024/6/1,13:51:31:15,63.5,39,4,R,NA,1,0,0,,
8,M,2024/6/1,13:51:32:00,64,39.5,4,R,NA,1,0,0,,
8,M,2024/6/1,13:51:32:15,64.5,40,4,R,NA,1,0,0,,
8,M,2024/6/1,13:51:33:00,65,40.5,4,R,NA,1,0,0,,
8,M,2024/6/1,13:51:33:15,65.5,41,4,R,NA,1,0,0,,
8,M,2024/6/1,13:51:34:00,66,41.5,4,R,NA,1,0,0,,
8,M,2024/6/1,13:51:34:15,66.5,42,4,R,NA,1,0,0,,
8,M,2024/6/1,13:51:35:00,67,42.5,4,R,NA,1,0,0,,
8,M,2024/6/1,13:51:35:15,67.5,43,4,R,NA,1,0,0,,
8,M,2024/6/1,13:51:36:00,68,43.5,4,R,NA,1,0,0,,
8,M,2024/6/1,13:51:36:15,68.5,44,4,R,NA,1,0,0,,
8,M,2024/6/1,13:51:37:00,69,44.5,4,R,NA,1,0,0,,
8,M,2024/6/1,13:51:37:15,69.5,45,4,R,NA,1,0,0,,
8,M,2024/6/1,13:51:38:00,70,45.5,4,R,NA,1,0,0,,
8,M,2024/6/1,13:51:38:15,70.5,46,4,R,NA,1,0,0,,
8,M,2024/6/1,13:51:36:00,71,46.5,4,R,NA,1,0,0,,
8,M,2024/6/1,13:51:36:15,71.5,47,4,R,NA,1,0,0,,
8,M,2024/6/1,13:51:37:00,72,47.5,4,R,NA,1,0,0,,
8,M,2024/6/1,13:51:37:15,72.5,48,4,R,NA,1,0,0,,
8,M,2024/6/1,13:51:38:00,73,48.5,4,R,NA,1,0,0,,
8,M,2024/6/1,13:51:38:15,73.5,49,4,R,NA,1,0,0,,
8,M,2024/6/1,13:51:39:00,74,49.5,4,R,NA,1,0,0,,
8,M,2024/6/1,13:51:39:15,74.5,50,4,R,NA,1,0,0,,
8,M,2024/6/1,13:51:40:00,75,50.5,4,R,NA,1,0,0,,
8,M,2024/6/1,13:51:40:15,75.5,51,4,R,NA,1,0,0,,
8,M,2024/6/1,13:51:41:00,76,51.5,4,R,NA,1,0,0,,
8,M,2024/6/1,13:51:41:15,76.5,52,4,R,NA,1,0,0,,
8,M,2024/6/1,13:51:42:00,77,52.5,4,R,NA,1,0,0,,
8,M,2024/6/1,13:51:42:15,77.5,53,4,R,NA,1,0,0,,
8,M,2024/6/1,13:51:43:00,78,53.5,4,R,NA,1,0,0,,
8,M,2024/6/1,13:51:43:15,78.5,54,4,R,NA,1,0,0,,
8,M,2024/6/1,13:51:44:00,79,54.5,4,R,NA,1,0,0,,
8,M,2024/6/1,13:51:44:15,79.5,55,4,R,NA,1,0,0,,
8,M,2024/6/1,13:51:45:00,80,55.5,4,R,NA,1,0,0,,
8,M,2024/6/1,13:51:45:15,80.5,56,4,R,NA,1,0,0,,
8,M,2024/6/1,13:51:46:00,81,56.5,4,R,NA,1,0,0,,
8,M,2024/6/1,13:51:46:15,81.5,57,4,R,NA,1,0,0,,
8,M,2024/6/1,13:51:47:00,82,57.5,4,R,NA,1,0,0,,
8,M,2024/6/1,13:51:47:15,82.5,58,4,R,NA,1,0,0,,
8,M,2024/6/1,13:51:48:00,83,58.5,4,R,NA,1,0,0,,
8,M,2024/6/1,13:51:48:15,83.5,59,4,R,NA,1,0,0,,
8,M,2024/6/1,13:51:49:00,84,59.5,4,R,NA,1,0,0,,
8,M,2024/6/1,13:51:49:15,84.5,60,4,R,NA,1,0,0,,
8,M,2024/6/1,13:52:23:15,0,NA,5,L,NA,0,0,0,,
8,M,2024/6/1,13:52:24:00,0.5,NA,5,L,NA,0,0,0,,
8,M,2024/6/1,13:52:24:15,1,NA,5,L,NA,0,0,0,,
8,M,2024/6/1,13:52:25:00,1.5,NA,5,L,NA,0,0,0,,
8,M,2024/6/1,13:52:25:15,2,NA,5,L,NA,0,0,0,,
8,M,2024/6/1,13:52:26:00,2.5,NA,5,L,NA,0,0,0,,
8,M,2024/6/1,13:52:26:15,3,NA,5,L,NA,0,0,0,,
8,M,2024/6/1,13:52:27:00,3.5,NA,5,L,NA,0,0,0,,
8,M,2024/6/1,13:52:27:15,4,NA,5,L,NA,0,0,0,,
8,M,2024/6/1,13:52:28:00,4.5,NA,5,L,NA,0,0,0,,
8,M,2024/6/1,13:52:28:15,5,NA,5,L,NA,0,0,0,,
8,M,2024/6/1,13:52:29:00,5.5,NA,5,L,NA,0,0,0,,
8,M,2024/6/1,13:52:29:15,6,NA,5,L,NA,0,0,0,,
8,M,2024/6/1,13:52:30:00,6.5,NA,5,L,NA,0,0,0,,
8,M,2024/6/1,13:52:30:15,7,NA,5,L,NA,0,0,0,,
8,M,2024/6/1,13:52:31:00,7.5,NA,5,L,NA,0,0,0,,
8,M,2024/6/1,13:52:31:15,8,0,5,L,NA,1,0,0,,
8,M,2024/6/1,13:52:32:00,8.5,0.5,5,L,NA,1,0,0,,
8,M,2024/6/1,13:52:32:15,9,1,5,L,NA,1,0,0,,
8,M,2024/6/1,13:52:33:00,9.5,1.5,5,L,NA,1,0,0,,
8,M,2024/6/1,13:52:33:15,10,2,5,L,NA,1,0,0,,
8,M,2024/6/1,13:52:34:00,10.5,2.5,5,L,NA,1,0,0,,
8,M,2024/6/1,13:52:34:15,11,3,5,L,NA,1,0,0,,
8,M,2024/6/1,13:52:35:00,11.5,3.5,5,L,NA,1,0,0,,
8,M,2024/6/1,13:52:35:15,12,4,5,L,NA,1,0,0,,
8,M,2024/6/1,13:52:36:00,12.5,4.5,5,L,NA,1,0,0,,
8,M,2024/6/1,13:52:36:15,13,5,5,L,NA,1,0,0,,
8,M,2024/6/1,13:52:37:00,13.5,5.5,5,L,NA,1,0,0,,
8,M,2024/6/1,13:52:37:15,14,6,5,L,NA,1,0,0,,
8,M,2024/6/1,13:52:38:00,14.5,6.5,5,L,NA,1,0,0,,
8,M,2024/6/1,13:52:38:15,15,7,5,L,NA,1,0,0,,
8,M,2024/6/1,13:52:36:00,15.5,7.5,5,L,NA,1,0,0,,
8,M,2024/6/1,13:52:36:15,16,8,5,L,NA,1,0,0,,
8,M,2024/6/1,13:52:37:00,16.5,8.5,5,L,NA,1,0,0,,
8,M,2024/6/1,13:52:37:15,17,9,5,L,NA,1,0,0,,
8,M,2024/6/1,13:52:38:00,17.5,9.5,5,L,NA,1,0,0,,
8,M,2024/6/1,13:52:38:15,18,10,5,L,NA,1,0,0,,
8,M,2024/6/1,13:52:39:00,18.5,10.5,5,L,NA,1,0,0,,
8,M,2024/6/1,13:52:39:15,19,11,5,L,NA,1,0,0,,
8,M,2024/6/1,13:52:40:00,19.5,11.5,5,L,NA,1,0,0,,
8,M,2024/6/1,13:52:40:15,20,12,5,L,NA,1,0,0,,
8,M,2024/6/1,13:52:41:00,20.5,12.5,5,L,NA,1,0,0,,
8,M,2024/6/1,13:52:41:15,21,13,5,L,NA,1,0,0,,
8,M,2024/6/1,13:52:42:00,21.5,13.5,5,L,NA,1,0,0,,
8,M,2024/6/1,13:52:42:15,22,14,5,L,NA,1,0,0,,
8,M,2024/6/1,13:52:43:00,22.5,14.5,5,L,NA,1,0,0,,
8,M,2024/6/1,13:52:43:15,23,15,5,L,NA,1,0,0,,
8,M,2024/6/1,13:52:44:00,23.5,15.5,5,L,NA,1,0,0,,
8,M,2024/6/1,13:52:44:15,24,16,5,L,NA,1,0,0,,
8,M,2024/6/1,13:52:45:00,24.5,16.5,5,L,NA,1,0,0,,
8,M,2024/6/1,13:52:45:15,25,17,5,L,NA,1,0,0,,
8,M,2024/6/1,13:52:46:00,25.5,17.5,5,L,NA,1,0,0,,
8,M,2024/6/1,13:52:46:15,26,18,5,L,NA,1,0,0,,
8,M,2024/6/1,13:52:47:00,26.5,18.5,5,L,NA,1,0,0,,
8,M,2024/6/1,13:52:47:15,27,19,5,L,NA,1,0,0,,
8,M,2024/6/1,13:52:48:00,27.5,19.5,5,L,NA,1,0,0,,
8,M,2024/6/1,13:52:48:15,28,20,5,L,NA,1,0,0,,
8,M,2024/6/1,13:52:49:00,28.5,20.5,5,L,NA,1,0,0,,
8,M,2024/6/1,13:52:49:15,29,21,5,L,NA,1,0,0,,
8,M,2024/6/1,13:52:50:00,29.5,21.5,5,L,NA,1,0,0,,
8,M,2024/6/1,13:52:50:15,30,22,5,L,NA,1,0,0,,
8,M,2024/6/1,13:52:51:00,30.5,22.5,5,L,NA,1,0,0,,
8,M,2024/6/1,13:52:51:15,31,23,5,L,NA,1,0,0,,
8,M,2024/6/1,13:52:52:00,31.5,23.5,5,L,NA,1,0,0,,
8,M,2024/6/1,13:52:52:15,32,24,5,L,NA,1,0,0,,
8,M,2024/6/1,13:52:53:00,32.5,24.5,5,L,NA,1,0,0,,
8,M,2024/6/1,13:52:53:15,33,25,5,L,NA,1,0,0,,
8,M,2024/6/1,13:52:54:00,33.5,25.5,5,L,NA,1,0,0,,
8,M,2024/6/1,13:52:54:15,34,26,5,L,NA,1,0,0,,
8,M,2024/6/1,13:52:55:00,34.5,26.5,5,L,NA,1,0,0,,
8,M,2024/6/1,13:52:55:15,35,27,5,L,NA,1,0,0,,
8,M,2024/6/1,13:52:56:00,35.5,27.5,5,L,NA,1,0,0,,
8,M,2024/6/1,13:52:56:15,36,28,5,L,NA,1,0,0,,
8,M,2024/6/1,13:52:57:00,36.5,28.5,5,L,NA,1,0,0,,
8,M,2024/6/1,13:52:57:15,37,29,5,L,NA,1,0,0,,
8,M,2024/6/1,13:52:58:00,37.5,29.5,5,L,NA,1,0,0,,
8,M,2024/6/1,13:52:58:15,38,30,5,L,NA,1,0,0,,
8,M,2024/6/1,13:52:59:00,38.5,30.5,5,L,NA,1,0,0,,
8,M,2024/6/1,13:52:59:15,39,31,5,L,NA,1,0,0,,
8,M,2024/6/1,13:53:00:00,39.5,31.5,5,L,NA,1,0,0,,
8,M,2024/6/1,13:53:00:15,40,32,5,L,NA,1,0,0,,
8,M,2024/6/1,13:53:01:00,40.5,32.5,5,L,NA,1,0,0,,
8,M,2024/6/1,13:53:01:15,41,33,5,L,NA,1,0,0,,
8,M,2024/6/1,13:53:02:00,41.5,33.5,5,L,NA,1,0,0,,
8,M,2024/6/1,13:53:02:15,42,34,5,L,NA,1,0,0,,
8,M,2024/6/1,13:53:03:00,42.5,34.5,5,L,NA,1,0,0,,
8,M,2024/6/1,13:53:03:15,43,35,5,L,NA,1,0,0,,
8,M,2024/6/1,13:53:04:00,43.5,35.5,5,L,NA,1,0,0,,
8,M,2024/6/1,13:53:04:15,44,36,5,L,NA,1,0,0,,
8,M,2024/6/1,13:53:05:00,44.5,36.5,5,L,NA,1,0,0,,
8,M,2024/6/1,13:53:05:15,45,37,5,L,NA,1,0,0,,
8,M,2024/6/1,13:53:06:00,45.5,37.5,5,L,NA,1,0,0,,
8,M,2024/6/1,13:53:06:15,46,38,5,L,NA,1,0,0,,
8,M,2024/6/1,13:53:07:00,46.5,38.5,5,L,NA,1,0,0,,
8,M,2024/6/1,13:53:07:15,47,39,5,L,NA,1,0,0,,
8,M,2024/6/1,13:53:08:00,47.5,39.5,5,L,NA,1,0,0,,
8,M,2024/6/1,13:53:08:15,48,40,5,L,NA,1,0,0,,
8,M,2024/6/1,13:53:09:00,48.5,40.5,5,L,NA,1,0,0,,
8,M,2024/6/1,13:53:09:15,49,41,5,L,NA,1,0,0,,
8,M,2024/6/1,13:53:10:00,49.5,41.5,5,L,NA,1,0,0,,
8,M,2024/6/1,13:53:10:15,50,42,5,L,NA,1,0,0,,
8,M,2024/6/1,13:53:11:00,50.5,42.5,5,L,NA,1,0,0,,
8,M,2024/6/1,13:53:11:15,51,43,5,L,NA,1,0,0,,
8,M,2024/6/1,13:53:12:00,51.5,43.5,5,L,NA,1,0,0,,
8,M,2024/6/1,13:53:12:15,52,44,5,L,NA,1,0,0,,
8,M,2024/6/1,13:53:13:00,52.5,44.5,5,L,NA,1,0,0,,
8,M,2024/6/1,13:53:13:15,53,45,5,L,NA,1,0,0,,
8,M,2024/6/1,13:53:14:00,53.5,45.5,5,L,NA,1,0,0,,
8,M,2024/6/1,13:53:14:15,54,46,5,L,NA,1,0,0,,
8,M,2024/6/1,13:53:15:00,54.5,46.5,5,L,NA,1,0,0,,
8,M,2024/6/1,13:53:15:15,55,47,5,L,NA,1,0,0,,
8,M,2024/6/1,13:53:16:00,55.5,47.5,5,L,NA,1,0,0,,
8,M,2024/6/1,13:53:16:15,56,48,5,L,NA,1,0,0,,
8,M,2024/6/1,13:53:17:00,56.5,48.5,5,L,NA,1,0,0,,
8,M,2024/6/1,13:53:17:15,57,49,5,L,NA,1,0,0,,
8,M,2024/6/1,13:53:18:00,57.5,49.5,5,L,NA,1,0,0,,
8,M,2024/6/1,13:53:18:15,58,50,5,L,NA,1,0,0,,
8,M,2024/6/1,13:53:19:00,58.5,50.5,5,L,NA,1,0,0,,
8,M,2024/6/1,13:53:19:15,59,51,5,L,NA,1,0,0,,
8,M,2024/6/1,13:53:20:00,59.5,51.5,5,L,NA,1,0,0,,
8,M,2024/6/1,13:53:20:15,60,52,5,L,NA,1,0,0,,
8,M,2024/6/1,13:53:21:00,60.5,52.5,5,L,NA,1,0,0,,
8,M,2024/6/1,13:53:21:15,61,53,5,L,NA,1,0,0,,
8,M,2024/6/1,13:53:22:00,61.5,53.5,5,L,NA,1,0,0,,
8,M,2024/6/1,13:53:22:15,62,54,5,L,NA,1,0,0,,
8,M,2024/6/1,13:53:23:00,62.5,54.5,5,L,NA,1,0,0,,
8,M,2024/6/1,13:53:23:15,63,55,5,L,NA,1,0,0,,
8,M,2024/6/1,13:53:24:00,63.5,55.5,5,L,NA,1,0,0,,
8,M,2024/6/1,13:53:24:15,64,56,5,L,NA,1,0,0,,
8,M,2024/6/1,13:53:25:00,64.5,56.5,5,L,NA,1,0,0,,
8,M,2024/6/1,13:53:25:15,65,57,5,L,NA,1,0,0,,
8,M,2024/6/1,13:53:26:00,65.5,57.5,5,L,NA,1,0,0,,
8,M,2024/6/1,13:53:26:15,66,58,5,L,NA,1,0,0,,
8,M,2024/6/1,13:53:27:00,66.5,58.5,5,L,NA,1,0,0,,
8,M,2024/6/1,13:53:27:15,67,59,5,L,NA,1,0,0,,
8,M,2024/6/1,13:53:28:00,67.5,59.5,5,L,NA,1,0,0,,
8,M,2024/6/1,13:53:28:15,68,60,5,L,NA,1,0,0,,
8,M,2024/6/1,13:53:48:00,0,NA,6,R,NA,0,0,0,,
8,M,2024/6/1,13:53:48:15,0.5,NA,6,R,NA,0,0,0,,
8,M,2024/6/1,13:53:49:00,1,NA,6,R,NA,0,0,0,,
8,M,2024/6/1,13:53:49:15,1.5,NA,6,R,NA,0,0,0,,
8,M,2024/6/1,13:53:50:00,2,NA,6,R,NA,0,0,0,,
8,M,2024/6/1,13:53:50:15,2.5,NA,6,R,NA,0,0,0,,
8,M,2024/6/1,13:53:51:00,3,NA,6,R,NA,0,0,0,,
8,M,2024/6/1,13:53:51:15,3.5,0,6,R,NA,1,0,0,,
8,M,2024/6/1,13:53:52:00,4,0.5,6,R,NA,1,0,0,,
8,M,2024/6/1,13:53:52:15,4.5,1,6,R,NA,1,0,0,,
8,M,2024/6/1,13:53:53:00,5,1.5,6,R,NA,1,0,0,,
8,M,2024/6/1,13:53:53:15,5.5,2,6,R,NA,1,0,0,,
8,M,2024/6/1,13:53:54:00,6,2.5,6,R,NA,1,0,0,,
8,M,2024/6/1,13:53:54:15,6.5,3,6,R,NA,1,0,0,,
8,M,2024/6/1,13:53:55:00,7,3.5,6,R,NA,1,0,0,,
8,M,2024/6/1,13:53:55:15,7.5,4,6,R,NA,1,0,0,,
8,M,2024/6/1,13:53:56:00,8,4.5,6,R,NA,1,0,0,,
8,M,2024/6/1,13:53:56:15,8.5,5,6,R,NA,1,0,0,,
8,M,2024/6/1,13:53:57:00,9,5.5,6,R,NA,1,0,0,,
8,M,2024/6/1,13:53:57:15,9.5,6,6,R,NA,1,0,0,,
8,M,2024/6/1,13:53:58:00,10,6.5,6,R,NA,1,0,0,,
8,M,2024/6/1,13:53:58:15,10.5,7,6,R,NA,1,0,0,,
8,M,2024/6/1,13:53:59:00,11,7.5,6,R,NA,1,0,0,,
8,M,2024/6/1,13:53:59:15,11.5,8,6,R,NA,1,0,0,,
8,M,2024/6/1,13:54:00:00,12,8.5,6,R,NA,1,0,0,,
8,M,2024/6/1,13:54:00:15,12.5,9,6,R,NA,1,0,0,,
8,M,2024/6/1,13:54:01:00,13,9.5,6,R,NA,1,0,0,,
8,M,2024/6/1,13:54:01:15,13.5,10,6,R,NA,1,0,0,,
8,M,2024/6/1,13:54:02:00,14,10.5,6,R,NA,1,0,0,,
8,M,2024/6/1,13:54:02:15,14.5,11,6,R,NA,1,0,0,,
8,M,2024/6/1,13:54:03:00,15,11.5,6,R,NA,1,0,0,,
8,M,2024/6/1,13:54:03:15,15.5,12,6,R,NA,1,0,0,,
8,M,2024/6/1,13:54:04:00,16,12.5,6,R,NA,1,0,0,,
8,M,2024/6/1,13:54:04:15,16.5,13,6,R,NA,1,0,0,,
8,M,2024/6/1,13:54:05:00,17,13.5,6,R,NA,1,0,0,,
8,M,2024/6/1,13:54:05:15,17.5,14,6,R,NA,1,0,0,,
8,M,2024/6/1,13:54:06:00,18,14.5,6,R,NA,1,0,0,,
8,M,2024/6/1,13:54:06:15,18.5,15,6,R,NA,1,0,0,,
8,M,2024/6/1,13:54:07:00,19,15.5,6,R,NA,1,0,0,,
8,M,2024/6/1,13:54:07:15,19.5,16,6,R,NA,1,0,0,,
8,M,2024/6/1,13:54:08:00,20,16.5,6,R,NA,1,0,0,,
8,M,2024/6/1,13:54:08:15,20.5,17,6,R,NA,1,0,0,,
8,M,2024/6/1,13:54:09:00,21,17.5,6,R,NA,1,0,0,,
8,M,2024/6/1,13:54:09:15,21.5,18,6,R,NA,1,0,0,,
8,M,2024/6/1,13:54:10:00,22,18.5,6,R,NA,1,0,0,,
8,M,2024/6/1,13:54:10:15,22.5,19,6,R,NA,1,0,0,,
8,M,2024/6/1,13:54:11:00,23,19.5,6,R,NA,1,0,0,,
8,M,2024/6/1,13:54:11:15,23.5,20,6,R,NA,1,0,0,,
8,M,2024/6/1,13:54:12:00,24,20.5,6,R,NA,1,0,0,,
8,M,2024/6/1,13:54:12:15,24.5,21,6,R,NA,1,0,0,,
8,M,2024/6/1,13:54:13:00,25,21.5,6,R,NA,1,0,0,,
8,M,2024/6/1,13:54:13:15,25.5,22,6,R,NA,1,0,0,,
8,M,2024/6/1,13:54:14:00,26,22.5,6,R,NA,1,0,0,,
8,M,2024/6/1,13:54:14:15,26.5,23,6,R,NA,1,0,0,,
8,M,2024/6/1,13:54:15:00,27,23.5,6,R,NA,1,0,0,,
8,M,2024/6/1,13:54:15:15,27.5,24,6,R,NA,1,0,0,,
8,M,2024/6/1,13:54:16:00,28,24.5,6,R,NA,1,0,0,,
8,M,2024/6/1,13:54:16:15,28.5,25,6,R,NA,1,0,0,,
8,M,2024/6/1,13:54:17:00,29,25.5,6,R,NA,1,0,0,,
8,M,2024/6/1,13:54:17:15,29.5,26,6,R,NA,1,0,0,,
8,M,2024/6/1,13:54:18:00,30,26.5,6,R,NA,1,0,0,,
8,M,2024/6/1,13:54:18:15,30.5,27,6,R,NA,1,0,0,,
8,M,2024/6/1,13:54:19:00,31,27.5,6,R,NA,1,0,0,,
8,M,2024/6/1,13:54:19:15,31.5,28,6,R,NA,1,0,0,,
8,M,2024/6/1,13:54:20:00,32,28.5,6,R,NA,1,0,0,,
8,M,2024/6/1,13:54:20:15,32.5,29,6,R,NA,1,0,0,,
8,M,2024/6/1,13:54:21:00,33,29.5,6,R,NA,1,0,0,,
8,M,2024/6/1,13:54:21:15,33.5,30,6,R,NA,1,0,0,,
8,M,2024/6/1,13:54:22:00,34,30.5,6,R,NA,1,0,0,,
8,M,2024/6/1,13:54:22:15,34.5,31,6,R,NA,1,0,0,,
8,M,2024/6/1,13:54:23:00,35,31.5,6,R,NA,1,0,0,,
8,M,2024/6/1,13:54:23:15,35.5,32,6,R,NA,1,0,0,,
8,M,2024/6/1,13:54:24:00,36,32.5,6,R,NA,1,0,0,,
8,M,2024/6/1,13:54:24:15,36.5,33,6,R,NA,1,0,0,,
8,M,2024/6/1,13:54:25:00,37,33.5,6,R,NA,1,0,0,,
8,M,2024/6/1,13:54:25:15,37.5,34,6,R,NA,1,0,0,,
8,M,2024/6/1,13:54:26:00,38,34.5,6,R,NA,1,0,0,,
8,M,2024/6/1,13:54:26:15,38.5,35,6,R,NA,1,0,0,,
8,M,2024/6/1,13:54:27:00,39,35.5,6,R,NA,1,0,0,,
8,M,2024/6/1,13:54:27:15,39.5,36,6,R,NA,1,0,0,,
8,M,2024/6/1,13:54:28:00,40,36.5,6,R,NA,1,0,0,,
8,M,2024/6/1,13:54:28:15,40.5,37,6,R,NA,1,0,0,,
8,M,2024/6/1,13:54:29:00,41,37.5,6,R,NA,1,0,0,,
8,M,2024/6/1,13:54:29:15,41.5,38,6,R,NA,1,0,0,,
8,M,2024/6/1,13:54:30:00,42,38.5,6,R,NA,1,0,0,,
8,M,2024/6/1,13:54:30:15,42.5,39,6,R,NA,1,0,0,,
8,M,2024/6/1,13:54:31:00,43,39.5,6,R,NA,1,0,0,,
8,M,2024/6/1,13:54:31:15,43.5,40,6,R,NA,1,0,0,,
8,M,2024/6/1,13:54:32:00,44,40.5,6,R,NA,1,0,1,,
8,M,2024/6/1,13:54:32:15,44.5,41,6,R,NA,1,0,0,,
8,M,2024/6/1,13:54:33:00,45,41.5,6,R,NA,1,0,1,,
8,M,2024/6/1,13:54:33:15,45.5,42,6,R,NA,1,0,0,,
8,M,2024/6/1,13:54:34:00,46,42.5,6,R,NA,1,0,0,,
8,M,2024/6/1,13:54:34:15,46.5,43,6,R,NA,1,0,0,,
8,M,2024/6/1,13:54:35:00,47,43.5,6,R,NA,1,0,0,,
8,M,2024/6/1,13:54:35:15,47.5,44,6,R,NA,1,0,0,,
8,M,2024/6/1,13:54:36:00,48,44.5,6,R,NA,1,0,0,,
8,M,2024/6/1,13:54:36:15,48.5,45,6,R,NA,1,0,0,,
8,M,2024/6/1,13:54:37:00,49,45.5,6,R,NA,1,0,0,,
8,M,2024/6/1,13:54:37:15,49.5,46,6,R,NA,1,0,0,,
8,M,2024/6/1,13:54:38:00,50,46.5,6,R,NA,1,0,0,,
8,M,2024/6/1,13:54:38:15,50.5,47,6,R,NA,1,0,0,,
8,M,2024/6/1,13:54:36:00,51,47.5,6,R,NA,1,0,0,,
8,M,2024/6/1,13:54:36:15,51.5,48,6,R,NA,1,0,0,,
8,M,2024/6/1,13:54:37:00,52,48.5,6,R,NA,1,0,0,,
8,M,2024/6/1,13:54:37:15,52.5,49,6,R,NA,1,0,0,,
8,M,2024/6/1,13:54:38:00,53,49.5,6,R,NA,1,0,0,,
8,M,2024/6/1,13:54:38:15,53.5,50,6,R,NA,1,0,0,,
8,M,2024/6/1,13:54:39:00,54,50.5,6,R,NA,1,0,0,,
8,M,2024/6/1,13:54:39:15,54.5,51,6,R,NA,1,0,0,,
8,M,2024/6/1,13:54:40:00,55,51.5,6,R,NA,1,0,0,,
8,M,2024/6/1,13:54:40:15,55.5,52,6,R,NA,1,0,0,,
8,M,2024/6/1,13:54:41:00,56,52.5,6,R,NA,1,0,0,,
8,M,2024/6/1,13:54:41:15,56.5,53,6,R,NA,1,0,0,,
8,M,2024/6/1,13:54:42:00,57,53.5,6,R,NA,1,0,0,,
8,M,2024/6/1,13:54:42:15,57.5,54,6,R,NA,1,0,0,,
8,M,2024/6/1,13:54:43:00,58,54.5,6,R,NA,1,0,0,,
8,M,2024/6/1,13:54:43:15,58.5,55,6,R,NA,1,0,0,,
8,M,2024/6/1,13:54:44:00,59,55.5,6,R,NA,1,0,0,,
8,M,2024/6/1,13:54:44:15,59.5,56,6,R,NA,1,0,0,,
8,M,2024/6/1,13:54:45:00,60,56.5,6,R,NA,1,0,0,,
8,M,2024/6/1,13:54:45:15,60.5,57,6,R,NA,1,0,0,,
8,M,2024/6/1,13:54:46:00,61,57.5,6,R,NA,1,0,0,,
8,M,2024/6/1,13:54:46:15,61.5,58,6,R,NA,1,0,0,,
8,M,2024/6/1,13:54:47:00,62,58.5,6,R,NA,1,0,0,,
8,M,2024/6/1,13:54:47:15,62.5,59,6,R,NA,1,0,0,,
8,M,2024/6/1,13:54:48:00,63,59.5,6,R,NA,1,0,0,,
8,M,2024/6/1,13:54:48:15,63.5,60,6,R,NA,1,0,0,,
8,M,2024/6/1,13:55:29:15,0,NA,7,L,NA,0,0,0,,
8,M,2024/6/1,13:55:30:00,0.5,NA,7,L,NA,0,0,0,,
8,M,2024/6/1,13:55:30:15,1,NA,7,L,NA,0,0,0,,
8,M,2024/6/1,13:55:31:00,1.5,NA,7,L,NA,0,0,0,,
8,M,2024/6/1,13:55:31:15,2,NA,7,L,NA,0,0,0,,
8,M,2024/6/1,13:55:32:00,2.5,NA,7,L,NA,0,0,0,,
8,M,2024/6/1,13:55:32:15,3,NA,7,L,NA,0,0,0,,
8,M,2024/6/1,13:55:33:00,3.5,NA,7,L,NA,0,0,0,,
8,M,2024/6/1,13:55:33:15,4,NA,7,L,NA,0,0,0,,
8,M,2024/6/1,13:55:34:00,4.5,NA,7,L,NA,0,0,0,,
8,M,2024/6/1,13:55:34:15,5,NA,7,L,NA,0,0,0,,
8,M,2024/6/1,13:55:35:00,5.5,NA,7,L,NA,0,0,0,,
8,M,2024/6/1,13:55:35:15,6,NA,7,L,NA,0,0,0,,
8,M,2024/6/1,13:55:36:00,6.5,0,7,L,NA,1,0,0,,
8,M,2024/6/1,13:55:36:15,7,0.5,7,L,NA,1,0,0,,
8,M,2024/6/1,13:55:37:00,7.5,1,7,L,NA,1,0,0,,
8,M,2024/6/1,13:55:37:15,8,1.5,7,L,NA,1,0,0,,
8,M,2024/6/1,13:55:38:00,8.5,2,7,L,NA,1,0,0,,
8,M,2024/6/1,13:55:38:15,9,2.5,7,L,NA,1,0,0,,
8,M,2024/6/1,13:55:36:00,9.5,3,7,L,NA,1,0,0,,
8,M,2024/6/1,13:55:36:15,10,3.5,7,L,NA,1,0,0,,
8,M,2024/6/1,13:55:37:00,10.5,4,7,L,NA,1,0,0,,
8,M,2024/6/1,13:55:37:15,11,4.5,7,L,NA,1,0,0,,
8,M,2024/6/1,13:55:38:00,11.5,5,7,L,NA,1,0,0,,
8,M,2024/6/1,13:55:38:15,12,5.5,7,L,NA,1,0,0,,
8,M,2024/6/1,13:55:39:00,12.5,6,7,L,NA,1,0,0,,
8,M,2024/6/1,13:55:39:15,13,6.5,7,L,NA,1,0,0,,
8,M,2024/6/1,13:55:40:00,13.5,7,7,L,NA,1,0,0,,
8,M,2024/6/1,13:55:40:15,14,7.5,7,L,NA,1,0,0,,
8,M,2024/6/1,13:55:41:00,14.5,8,7,L,NA,1,0,0,,
8,M,2024/6/1,13:55:41:15,15,8.5,7,L,NA,1,0,0,,
8,M,2024/6/1,13:55:42:00,15.5,9,7,L,NA,1,0,0,,
8,M,2024/6/1,13:55:42:15,16,9.5,7,L,NA,1,0,0,,
8,M,2024/6/1,13:55:43:00,16.5,10,7,L,NA,1,0,0,,
8,M,2024/6/1,13:55:43:15,17,10.5,7,L,NA,1,0,0,,
8,M,2024/6/1,13:55:44:00,17.5,11,7,L,NA,1,0,0,,
8,M,2024/6/1,13:55:44:15,18,11.5,7,L,NA,1,0,0,,
8,M,2024/6/1,13:55:45:00,18.5,12,7,L,NA,1,0,0,,
8,M,2024/6/1,13:55:45:15,19,12.5,7,L,NA,1,0,0,,
8,M,2024/6/1,13:55:46:00,19.5,13,7,L,NA,1,0,0,,
8,M,2024/6/1,13:55:46:15,20,13.5,7,L,NA,1,0,0,,
8,M,2024/6/1,13:55:47:00,20.5,14,7,L,NA,1,0,0,,
8,M,2024/6/1,13:55:47:15,21,14.5,7,L,NA,1,0,0,,
8,M,2024/6/1,13:55:48:00,21.5,15,7,L,NA,1,0,0,,
8,M,2024/6/1,13:55:48:15,22,15.5,7,L,NA,1,0,0,,
8,M,2024/6/1,13:55:49:00,22.5,16,7,L,NA,1,0,0,,
8,M,2024/6/1,13:55:49:15,23,16.5,7,L,NA,1,0,0,,
8,M,2024/6/1,13:55:50:00,23.5,17,7,L,NA,1,0,0,,
8,M,2024/6/1,13:55:50:15,24,17.5,7,L,NA,1,0,0,,
8,M,2024/6/1,13:55:51:00,24.5,18,7,L,NA,1,0,0,,
8,M,2024/6/1,13:55:51:15,25,18.5,7,L,NA,1,0,0,,
8,M,2024/6/1,13:55:52:00,25.5,19,7,L,NA,1,0,0,,
8,M,2024/6/1,13:55:52:15,26,19.5,7,L,NA,1,0,0,,
8,M,2024/6/1,13:55:53:00,26.5,20,7,L,NA,1,0,0,,
8,M,2024/6/1,13:55:53:15,27,20.5,7,L,NA,1,0,0,,
8,M,2024/6/1,13:55:54:00,27.5,21,7,L,NA,1,0,0,,
8,M,2024/6/1,13:55:54:15,28,21.5,7,L,NA,1,0,0,,
8,M,2024/6/1,13:55:55:00,28.5,22,7,L,NA,1,0,0,,
8,M,2024/6/1,13:55:55:15,29,22.5,7,L,NA,1,0,0,,
8,M,2024/6/1,13:55:56:00,29.5,23,7,L,NA,1,0,0,,
8,M,2024/6/1,13:55:56:15,30,23.5,7,L,NA,1,0,0,,
8,M,2024/6/1,13:55:57:00,30.5,24,7,L,NA,1,0,0,,
8,M,2024/6/1,13:55:57:15,31,24.5,7,L,NA,1,0,0,,
8,M,2024/6/1,13:55:58:00,31.5,25,7,L,NA,1,0,0,,
8,M,2024/6/1,13:55:58:15,32,25.5,7,L,NA,1,0,0,,
8,M,2024/6/1,13:55:59:00,32.5,26,7,L,NA,1,0,0,,
8,M,2024/6/1,13:55:59:15,33,26.5,7,L,NA,1,0,0,,
8,M,2024/6/1,13:56:00:00,33.5,27,7,L,NA,1,0,0,,
8,M,2024/6/1,13:56:00:15,34,27.5,7,L,NA,1,0,0,,
8,M,2024/6/1,13:56:01:00,34.5,28,7,L,NA,1,0,0,,
8,M,2024/6/1,13:56:01:15,35,28.5,7,L,NA,1,0,0,,
8,M,2024/6/1,13:56:02:00,35.5,29,7,L,NA,1,0,1,,
8,M,2024/6/1,13:56:02:15,36,29.5,7,L,NA,1,0,0,,
8,M,2024/6/1,13:56:03:00,36.5,30,7,L,NA,1,0,0,,
8,M,2024/6/1,13:56:03:15,37,30.5,7,L,NA,1,0,0,,
8,M,2024/6/1,13:56:04:00,37.5,31,7,L,NA,1,0,0,,
8,M,2024/6/1,13:56:04:15,38,31.5,7,L,NA,1,0,0,,
8,M,2024/6/1,13:56:05:00,38.5,32,7,L,NA,1,0,0,,
8,M,2024/6/1,13:56:05:15,39,32.5,7,L,NA,1,0,0,,
8,M,2024/6/1,13:56:06:00,39.5,33,7,L,NA,1,0,0,,
8,M,2024/6/1,13:56:06:15,40,33.5,7,L,NA,1,0,0,,
8,M,2024/6/1,13:56:07:00,40.5,34,7,L,NA,1,0,0,,
8,M,2024/6/1,13:56:07:15,41,34.5,7,L,NA,1,0,0,,
8,M,2024/6/1,13:56:08:00,41.5,35,7,L,NA,1,0,0,,
8,M,2024/6/1,13:56:08:15,42,35.5,7,L,NA,1,0,0,,
8,M,2024/6/1,13:56:09:00,42.5,36,7,L,NA,1,0,0,,
8,M,2024/6/1,13:56:09:15,43,36.5,7,L,NA,1,0,0,,
8,M,2024/6/1,13:56:10:00,43.5,37,7,L,NA,1,0,0,,
8,M,2024/6/1,13:56:10:15,44,37.5,7,L,NA,1,0,0,,
8,M,2024/6/1,13:56:11:00,44.5,38,7,L,NA,1,0,0,,
8,M,2024/6/1,13:56:11:15,45,38.5,7,L,NA,1,0,0,,
8,M,2024/6/1,13:56:12:00,45.5,39,7,L,NA,1,0,0,,
8,M,2024/6/1,13:56:12:15,46,39.5,7,L,NA,1,0,0,,
8,M,2024/6/1,13:56:13:00,46.5,40,7,L,NA,1,0,0,,
8,M,2024/6/1,13:56:13:15,47,40.5,7,L,NA,1,0,0,,
8,M,2024/6/1,13:56:14:00,47.5,41,7,L,NA,1,0,0,,
8,M,2024/6/1,13:56:14:15,48,41.5,7,L,NA,1,0,0,,
8,M,2024/6/1,13:56:15:00,48.5,42,7,L,NA,1,0,0,,
8,M,2024/6/1,13:56:15:15,49,42.5,7,L,NA,1,0,0,,
8,M,2024/6/1,13:56:16:00,49.5,43,7,L,NA,1,0,0,,
8,M,2024/6/1,13:56:16:15,50,43.5,7,L,NA,1,0,0,,
8,M,2024/6/1,13:56:17:00,50.5,44,7,L,NA,1,0,0,,
8,M,2024/6/1,13:56:17:15,51,44.5,7,L,NA,1,0,0,,
8,M,2024/6/1,13:56:18:00,51.5,45,7,L,NA,1,0,0,,
8,M,2024/6/1,13:56:18:15,52,45.5,7,L,NA,1,0,0,,
8,M,2024/6/1,13:56:19:00,52.5,46,7,L,NA,1,0,0,,
8,M,2024/6/1,13:56:19:15,53,46.5,7,L,NA,1,0,0,,
8,M,2024/6/1,13:56:20:00,53.5,47,7,L,NA,1,0,0,,
8,M,2024/6/1,13:56:20:15,54,47.5,7,L,NA,1,0,0,,
8,M,2024/6/1,13:56:21:00,54.5,48,7,L,NA,1,0,0,,
8,M,2024/6/1,13:56:21:15,55,48.5,7,L,NA,1,0,0,,
8,M,2024/6/1,13:56:22:00,55.5,49,7,L,NA,1,0,0,,
8,M,2024/6/1,13:56:22:15,56,49.5,7,L,NA,1,0,0,,
8,M,2024/6/1,13:56:23:00,56.5,50,7,L,NA,1,0,0,,
8,M,2024/6/1,13:56:23:15,57,50.5,7,L,NA,1,0,0,,
8,M,2024/6/1,13:56:24:00,57.5,51,7,L,NA,1,0,0,,
8,M,2024/6/1,13:56:24:15,58,51.5,7,L,NA,1,0,0,,
8,M,2024/6/1,13:56:25:00,58.5,52,7,L,NA,1,0,0,,
8,M,2024/6/1,13:56:25:15,59,52.5,7,L,NA,1,0,0,,
8,M,2024/6/1,13:56:26:00,59.5,53,7,L,NA,1,0,0,,
8,M,2024/6/1,13:56:26:15,60,53.5,7,L,NA,1,0,0,,
8,M,2024/6/1,13:56:27:00,60.5,54,7,L,NA,1,0,0,,
8,M,2024/6/1,13:56:27:15,61,54.5,7,L,NA,1,0,0,,
8,M,2024/6/1,13:56:28:00,61.5,55,7,L,NA,1,0,0,,
8,M,2024/6/1,13:56:28:15,62,55.5,7,L,NA,1,0,0,,
8,M,2024/6/1,13:56:29:00,62.5,56,7,L,NA,1,0,0,,
8,M,2024/6/1,13:56:29:15,63,56.5,7,L,NA,1,0,0,,
8,M,2024/6/1,13:56:30:00,63.5,57,7,L,NA,1,0,0,,
8,M,2024/6/1,13:56:30:15,64,57.5,7,L,NA,1,0,0,,
8,M,2024/6/1,13:56:31:00,64.5,58,7,L,NA,1,0,0,,
8,M,2024/6/1,13:56:31:15,65,58.5,7,L,NA,1,0,0,,
8,M,2024/6/1,13:56:32:00,65.5,59,7,L,NA,1,0,0,,
8,M,2024/6/1,13:56:32:15,66,59.5,7,L,NA,1,0,0,,
8,M,2024/6/1,13:56:33:00,66.5,60,7,L,NA,1,0,0,,
8,M,2024/6/1,13:57:20:15,0,NA,8,L,L,0,0,0,,
8,M,2024/6/1,13:57:21:00,0.5,NA,8,L,L,0,0,0,,
8,M,2024/6/1,13:57:21:15,1,NA,8,L,L,0,0,0,,
8,M,2024/6/1,13:57:22:00,1.5,NA,8,L,L,0,0,0,,
8,M,2024/6/1,13:57:22:15,2,NA,8,L,L,0,0,0,,
8,M,2024/6/1,13:57:23:00,2.5,NA,8,L,L,0,0,0,,
8,M,2024/6/1,13:57:23:15,3,NA,8,L,L,0,0,0,,
8,M,2024/6/1,13:57:24:00,3.5,NA,8,L,L,0,0,0,,
8,M,2024/6/1,13:57:24:15,4,NA,8,L,L,0,0,0,,
8,M,2024/6/1,13:57:25:00,4.5,NA,8,L,L,0,0,0,,
8,M,2024/6/1,13:57:25:15,5,NA,8,L,L,0,0,0,,
8,M,2024/6/1,13:57:26:00,5.5,NA,8,L,L,0,0,0,,
8,M,2024/6/1,13:57:26:15,6,NA,8,L,L,0,0,0,,
8,M,2024/6/1,13:57:27:00,6.5,NA,8,L,L,0,0,0,,
8,M,2024/6/1,13:57:27:15,7,NA,8,L,L,0,0,0,,
8,M,2024/6/1,13:57:28:00,7.5,NA,8,L,L,0,0,0,,
8,M,2024/6/1,13:57:28:15,8,NA,8,L,L,0,0,0,,
8,M,2024/6/1,13:57:29:00,8.5,NA,8,L,L,0,0,0,,
8,M,2024/6/1,13:57:29:15,9,NA,8,L,L,0,0,0,,
8,M,2024/6/1,13:57:30:00,9.5,NA,8,L,L,0,0,0,,
8,M,2024/6/1,13:57:30:15,10,0,8,L,L,1,0,0,,
8,M,2024/6/1,13:57:31:00,10.5,0.5,8,L,L,1,0,0,,
8,M,2024/6/1,13:57:31:15,11,1,8,L,L,1,0,0,,
8,M,2024/6/1,13:57:32:00,11.5,1.5,8,L,L,1,0,0,,
8,M,2024/6/1,13:57:32:15,12,2,8,L,L,1,0,0,,
8,M,2024/6/1,13:57:33:00,12.5,2.5,8,L,L,1,0,0,,
8,M,2024/6/1,13:57:33:15,13,3,8,L,L,1,0,0,,
8,M,2024/6/1,13:57:34:00,13.5,3.5,8,L,L,1,0,0,,
8,M,2024/6/1,13:57:34:15,14,4,8,L,L,1,0,0,,
8,M,2024/6/1,13:57:35:00,14.5,4.5,8,L,L,1,0,0,,
8,M,2024/6/1,13:57:35:15,15,5,8,L,L,1,0,0,,
8,M,2024/6/1,13:57:36:00,15.5,5.5,8,L,L,1,0,0,,
8,M,2024/6/1,13:57:36:15,16,6,8,L,L,1,0,0,,
8,M,2024/6/1,13:57:37:00,16.5,6.5,8,L,L,1,0,0,,
8,M,2024/6/1,13:57:37:15,17,7,8,L,L,1,0,0,,
8,M,2024/6/1,13:57:38:00,17.5,7.5,8,L,L,1,0,0,,
8,M,2024/6/1,13:57:38:15,18,8,8,L,L,1,0,0,,
8,M,2024/6/1,13:57:36:00,18.5,8.5,8,L,L,1,0,0,,
8,M,2024/6/1,13:57:36:15,19,9,8,L,L,1,0,0,,
8,M,2024/6/1,13:57:37:00,19.5,9.5,8,L,L,1,0,0,,
8,M,2024/6/1,13:57:37:15,20,10,8,L,L,1,0,0,,
8,M,2024/6/1,13:57:38:00,20.5,10.5,8,L,L,1,0,0,,
8,M,2024/6/1,13:57:38:15,21,11,8,L,L,1,0,0,,
8,M,2024/6/1,13:57:39:00,21.5,11.5,8,L,L,1,0,0,,
8,M,2024/6/1,13:57:39:15,22,12,8,L,L,1,0,0,,
8,M,2024/6/1,13:57:40:00,22.5,12.5,8,L,L,1,0,0,,
8,M,2024/6/1,13:57:40:15,23,13,8,L,L,1,0,0,,
8,M,2024/6/1,13:57:41:00,23.5,13.5,8,L,L,1,0,0,,
8,M,2024/6/1,13:57:41:15,24,14,8,L,L,1,0,0,,
8,M,2024/6/1,13:57:42:00,24.5,14.5,8,L,L,1,0,0,,
8,M,2024/6/1,13:57:42:15,25,15,8,L,L,1,0,0,,
8,M,2024/6/1,13:57:43:00,25.5,15.5,8,L,L,1,0,0,,
8,M,2024/6/1,13:57:43:15,26,16,8,L,L,1,0,0,,
8,M,2024/6/1,13:57:44:00,26.5,16.5,8,L,L,1,0,0,,
8,M,2024/6/1,13:57:44:15,27,17,8,L,L,1,0,0,,
8,M,2024/6/1,13:57:45:00,27.5,17.5,8,L,L,1,0,0,,
8,M,2024/6/1,13:57:45:15,28,18,8,L,L,1,0,0,,
8,M,2024/6/1,13:57:46:00,28.5,18.5,8,L,L,1,0,0,,
8,M,2024/6/1,13:57:46:15,29,19,8,L,L,1,0,0,,
8,M,2024/6/1,13:57:47:00,29.5,19.5,8,L,L,1,0,0,,
8,M,2024/6/1,13:57:47:15,30,20,8,L,L,1,0,0,,
8,M,2024/6/1,13:57:48:00,30.5,20.5,8,L,L,1,0,0,,
8,M,2024/6/1,13:57:48:15,31,21,8,L,L,1,0,0,,
8,M,2024/6/1,13:57:49:00,31.5,21.5,8,L,L,1,0,0,,
8,M,2024/6/1,13:57:49:15,32,22,8,L,L,1,0,0,,
8,M,2024/6/1,13:57:50:00,32.5,22.5,8,L,L,1,0,0,,
8,M,2024/6/1,13:57:50:15,33,23,8,L,L,1,0,0,,
8,M,2024/6/1,13:57:51:00,33.5,23.5,8,L,L,1,0,0,,
8,M,2024/6/1,13:57:51:15,34,24,8,L,L,1,0,0,,
8,M,2024/6/1,13:57:52:00,34.5,24.5,8,L,L,1,0,0,,
8,M,2024/6/1,13:57:52:15,35,25,8,L,L,1,0,0,,
8,M,2024/6/1,13:57:53:00,35.5,25.5,8,L,L,1,0,0,,
8,M,2024/6/1,13:57:53:15,36,26,8,L,L,1,0,0,,
8,M,2024/6/1,13:57:54:00,36.5,26.5,8,L,L,1,0,0,,
8,M,2024/6/1,13:57:54:15,37,27,8,L,L,1,0,0,,
8,M,2024/6/1,13:57:55:00,37.5,27.5,8,L,L,1,0,0,,
8,M,2024/6/1,13:57:55:15,38,28,8,L,L,1,0,0,,
8,M,2024/6/1,13:57:56:00,38.5,28.5,8,L,L,1,0,0,,
8,M,2024/6/1,13:57:56:15,39,29,8,L,L,1,0,0,,
8,M,2024/6/1,13:57:57:00,39.5,29.5,8,L,L,1,0,0,,
8,M,2024/6/1,13:57:57:15,40,30,8,L,L,1,0,0,,
8,M,2024/6/1,13:57:58:00,40.5,30.5,8,L,L,1,0,0,,
8,M,2024/6/1,13:57:58:15,41,31,8,L,L,1,0,0,,
8,M,2024/6/1,13:57:59:00,41.5,31.5,8,L,L,1,0,0,,
8,M,2024/6/1,13:57:59:15,42,32,8,L,L,1,0,0,,
8,M,2024/6/1,13:58:00:00,42.5,32.5,8,L,L,1,0,0,,
8,M,2024/6/1,13:58:00:15,43,33,8,L,L,1,0,0,,
8,M,2024/6/1,13:58:01:00,43.5,33.5,8,L,L,1,0,0,,
8,M,2024/6/1,13:58:01:15,44,34,8,L,L,1,0,0,,
8,M,2024/6/1,13:58:02:00,44.5,34.5,8,L,L,1,0,0,,
8,M,2024/6/1,13:58:02:15,45,35,8,L,L,1,0,0,,
8,M,2024/6/1,13:58:03:00,45.5,35.5,8,L,L,1,0,0,,
8,M,2024/6/1,13:58:03:15,46,36,8,L,L,1,0,0,,
8,M,2024/6/1,13:58:04:00,46.5,36.5,8,L,L,1,0,0,,
8,M,2024/6/1,13:58:04:15,47,37,8,L,L,1,0,0,,
8,M,2024/6/1,13:58:05:00,47.5,37.5,8,L,L,1,0,0,,
8,M,2024/6/1,13:58:05:15,48,38,8,L,L,1,0,0,,
8,M,2024/6/1,13:58:06:00,48.5,38.5,8,L,L,1,0,0,,
8,M,2024/6/1,13:58:06:15,49,39,8,L,L,1,0,0,,
8,M,2024/6/1,13:58:07:00,49.5,39.5,8,L,L,1,0,0,,
8,M,2024/6/1,13:58:07:15,50,40,8,L,L,1,0,0,,
8,M,2024/6/1,13:58:08:00,50.5,40.5,8,L,L,1,0,0,,
8,M,2024/6/1,13:58:08:15,51,41,8,L,L,1,0,0,,
8,M,2024/6/1,13:58:09:00,51.5,41.5,8,L,L,1,0,0,,
8,M,2024/6/1,13:58:09:15,52,42,8,L,L,1,0,0,,
8,M,2024/6/1,13:58:10:00,52.5,42.5,8,L,L,1,0,0,,
8,M,2024/6/1,13:58:10:15,53,43,8,L,L,1,0,0,,
8,M,2024/6/1,13:58:11:00,53.5,43.5,8,L,L,1,0,0,,
8,M,2024/6/1,13:58:11:15,54,44,8,L,L,1,0,0,,
8,M,2024/6/1,13:58:12:00,54.5,44.5,8,L,L,1,0,0,,
8,M,2024/6/1,13:58:12:15,55,45,8,L,L,1,0,0,,
8,M,2024/6/1,13:58:13:00,55.5,45.5,8,L,L,1,0,0,,
8,M,2024/6/1,13:58:13:15,56,46,8,L,L,1,0,0,,
8,M,2024/6/1,13:58:14:00,56.5,46.5,8,L,L,1,0,0,,
8,M,2024/6/1,13:58:14:15,57,47,8,L,L,1,0,0,,
8,M,2024/6/1,13:58:15:00,57.5,47.5,8,L,L,1,0,0,,
8,M,2024/6/1,13:58:15:15,58,48,8,L,L,1,0,0,,
8,M,2024/6/1,13:58:16:00,58.5,48.5,8,L,L,1,0,0,,
8,M,2024/6/1,13:58:16:15,59,49,8,L,L,1,0,0,,
8,M,2024/6/1,13:58:17:00,59.5,49.5,8,L,L,1,0,0,,
8,M,2024/6/1,13:58:17:15,60,50,8,L,L,1,0,0,,
8,M,2024/6/1,13:58:18:00,60.5,50.5,8,L,L,1,0,0,,
8,M,2024/6/1,13:58:18:15,61,51,8,L,L,1,0,0,,
8,M,2024/6/1,13:58:19:00,61.5,51.5,8,L,L,1,0,0,,
8,M,2024/6/1,13:58:19:15,62,52,8,L,L,1,0,0,,
8,M,2024/6/1,13:58:20:00,62.5,52.5,8,L,L,1,0,0,,
8,M,2024/6/1,13:58:20:15,63,53,8,L,L,1,0,0,,
8,M,2024/6/1,13:58:21:00,63.5,53.5,8,L,L,1,0,0,,
8,M,2024/6/1,13:58:21:15,64,54,8,L,L,1,0,0,,
8,M,2024/6/1,13:58:22:00,64.5,54.5,8,L,L,1,0,0,,
8,M,2024/6/1,13:58:22:15,65,55,8,L,L,1,0,0,,
8,M,2024/6/1,13:58:23:00,65.5,55.5,8,L,L,1,0,0,,
8,M,2024/6/1,13:58:23:15,66,56,8,L,L,1,0,0,,
8,M,2024/6/1,13:58:24:00,66.5,56.5,8,L,L,1,0,0,,
8,M,2024/6/1,13:58:24:15,67,57,8,L,L,1,0,0,,
8,M,2024/6/1,13:58:25:00,67.5,57.5,8,L,L,1,0,0,,
8,M,2024/6/1,13:58:25:15,68,58,8,L,L,1,0,0,,
8,M,2024/6/1,13:58:26:00,68.5,58.5,8,L,L,1,0,0,,
8,M,2024/6/1,13:58:26:15,69,59,8,L,L,1,0,0,,
8,M,2024/6/1,13:58:27:00,69.5,59.5,8,L,L,1,0,0,,
8,M,2024/6/1,13:58:27:15,70,60,8,L,L,1,0,0,,
8,M,2024/6/1,13:58:28:00,70.5,60.5,8,L,L,1,0,0,,
8,M,2024/6/1,13:58:28:15,71,61,8,L,L,1,0,0,,
8,M,2024/6/1,13:58:29:00,71.5,61.5,8,L,L,1,0,0,,
8,M,2024/6/1,13:58:29:15,72,62,8,L,L,1,0,0,,
8,M,2024/6/1,13:58:30:00,72.5,62.5,8,L,L,1,0,0,,
8,M,2024/6/1,13:58:30:15,73,63,8,L,L,1,0,0,,
8,M,2024/6/1,13:58:31:00,73.5,63.5,8,L,L,1,0,0,,
8,M,2024/6/1,13:58:31:15,74,64,8,L,L,1,0,0,,
8,M,2024/6/1,13:58:32:00,74.5,64.5,8,L,L,1,0,0,,
8,M,2024/6/1,13:58:32:15,75,65,8,L,L,1,0,0,,
8,M,2024/6/1,13:58:33:00,75.5,65.5,8,L,L,1,0,0,,
8,M,2024/6/1,13:58:33:15,76,66,8,L,L,1,0,0,,
8,M,2024/6/1,13:58:34:00,76.5,66.5,8,L,L,1,0,0,,
8,M,2024/6/1,13:58:34:15,77,67,8,L,L,1,1,0,,
8,M,2024/6/1,13:59:11:00,0,NA,9,R,NA,0,0,0,,
8,M,2024/6/1,13:59:11:15,0.5,NA,9,R,NA,0,0,0,,
8,M,2024/6/1,13:59:12:00,1,NA,9,R,NA,0,0,0,,
8,M,2024/6/1,13:59:12:15,1.5,NA,9,R,NA,0,0,0,,
8,M,2024/6/1,13:59:13:00,2,NA,9,R,NA,0,0,0,,
8,M,2024/6/1,13:59:13:15,2.5,NA,9,R,NA,0,0,0,,
8,M,2024/6/1,13:59:14:00,3,NA,9,R,NA,0,0,0,,
8,M,2024/6/1,13:59:14:15,3.5,NA,9,R,NA,0,0,0,,
8,M,2024/6/1,13:59:15:00,4,NA,9,R,NA,0,0,0,,
8,M,2024/6/1,13:59:15:15,4.5,NA,9,R,NA,0,0,0,,
8,M,2024/6/1,13:59:16:00,5,NA,9,R,NA,0,0,0,,
8,M,2024/6/1,13:59:16:15,5.5,0,9,R,NA,1,0,0,,
8,M,2024/6/1,13:59:17:00,6,0.5,9,R,NA,1,0,0,,
8,M,2024/6/1,13:59:17:15,6.5,1,9,R,NA,1,0,0,,
8,M,2024/6/1,13:59:18:00,7,1.5,9,R,NA,1,0,0,,
8,M,2024/6/1,13:59:18:15,7.5,2,9,R,NA,1,0,0,,
8,M,2024/6/1,13:59:19:00,8,2.5,9,R,NA,1,0,1,,
8,M,2024/6/1,13:59:19:15,8.5,3,9,R,NA,1,0,0,,
8,M,2024/6/1,13:59:20:00,9,3.5,9,R,NA,1,0,0,,
8,M,2024/6/1,13:59:20:15,9.5,4,9,R,NA,1,0,0,,
8,M,2024/6/1,13:59:21:00,10,4.5,9,R,NA,1,0,0,,
8,M,2024/6/1,13:59:21:15,10.5,5,9,R,NA,1,0,0,,
8,M,2024/6/1,13:59:22:00,11,5.5,9,R,NA,1,0,0,,
8,M,2024/6/1,13:59:22:15,11.5,6,9,R,NA,1,0,0,,
8,M,2024/6/1,13:59:23:00,12,6.5,9,R,NA,1,0,0,,
8,M,2024/6/1,13:59:23:15,12.5,7,9,R,NA,1,0,0,,
8,M,2024/6/1,13:59:24:00,13,7.5,9,R,NA,1,0,0,,
8,M,2024/6/1,13:59:24:15,13.5,8,9,R,NA,1,0,0,,
8,M,2024/6/1,13:59:25:00,14,8.5,9,R,NA,1,0,0,,
8,M,2024/6/1,13:59:25:15,14.5,9,9,R,NA,1,0,0,,
8,M,2024/6/1,13:59:26:00,15,9.5,9,R,NA,1,0,0,,
8,M,2024/6/1,13:59:26:15,15.5,10,9,R,NA,1,0,0,,
8,M,2024/6/1,13:59:27:00,16,10.5,9,R,NA,1,0,0,,
8,M,2024/6/1,13:59:27:15,16.5,11,9,R,NA,1,0,0,,
8,M,2024/6/1,13:59:28:00,17,11.5,9,R,NA,1,0,0,,
8,M,2024/6/1,13:59:28:15,17.5,12,9,R,NA,1,0,0,,
8,M,2024/6/1,13:59:29:00,18,12.5,9,R,NA,1,0,0,,
8,M,2024/6/1,13:59:29:15,18.5,13,9,R,NA,1,0,0,,
8,M,2024/6/1,13:59:30:00,19,13.5,9,R,NA,1,0,0,,
8,M,2024/6/1,13:59:30:15,19.5,14,9,R,NA,1,0,0,,
8,M,2024/6/1,13:59:31:00,20,14.5,9,R,NA,1,0,0,,
8,M,2024/6/1,13:59:31:15,20.5,15,9,R,NA,1,0,0,,
8,M,2024/6/1,13:59:32:00,21,15.5,9,R,NA,1,0,0,,
8,M,2024/6/1,13:59:32:15,21.5,16,9,R,NA,1,0,0,,
8,M,2024/6/1,13:59:33:00,22,16.5,9,R,NA,1,0,0,,
8,M,2024/6/1,13:59:33:15,22.5,17,9,R,NA,1,0,0,,
8,M,2024/6/1,13:59:34:00,23,17.5,9,R,NA,1,0,0,,
8,M,2024/6/1,13:59:34:15,23.5,18,9,R,NA,1,0,0,,
8,M,2024/6/1,13:59:35:00,24,18.5,9,R,NA,1,0,0,,
8,M,2024/6/1,13:59:35:15,24.5,19,9,R,NA,1,0,0,,
8,M,2024/6/1,13:59:36:00,25,19.5,9,R,NA,1,0,0,,
8,M,2024/6/1,13:59:36:15,25.5,20,9,R,NA,1,0,0,,
8,M,2024/6/1,13:59:37:00,26,20.5,9,R,NA,1,0,0,,
8,M,2024/6/1,13:59:37:15,26.5,21,9,R,NA,1,0,0,,
8,M,2024/6/1,13:59:38:00,27,21.5,9,R,NA,1,0,0,,
8,M,2024/6/1,13:59:38:15,27.5,22,9,R,NA,1,0,0,,
8,M,2024/6/1,13:59:36:00,28,22.5,9,R,NA,1,0,0,,
8,M,2024/6/1,13:59:36:15,28.5,23,9,R,NA,1,0,0,,
8,M,2024/6/1,13:59:37:00,29,23.5,9,R,NA,1,0,0,,
8,M,2024/6/1,13:59:37:15,29.5,24,9,R,NA,1,0,0,,
8,M,2024/6/1,13:59:38:00,30,24.5,9,R,NA,1,0,0,,
8,M,2024/6/1,13:59:38:15,30.5,25,9,R,NA,1,0,0,,
8,M,2024/6/1,13:59:39:00,31,25.5,9,R,NA,1,0,0,,
8,M,2024/6/1,13:59:39:15,31.5,26,9,R,NA,1,0,0,,
8,M,2024/6/1,13:59:40:00,32,26.5,9,R,NA,1,0,0,,
8,M,2024/6/1,13:59:40:15,32.5,27,9,R,NA,1,0,0,,
8,M,2024/6/1,13:59:41:00,33,27.5,9,R,NA,1,0,0,,
8,M,2024/6/1,13:59:41:15,33.5,28,9,R,NA,1,0,0,,
8,M,2024/6/1,13:59:42:00,34,28.5,9,R,NA,1,0,0,,
8,M,2024/6/1,13:59:42:15,34.5,29,9,R,NA,1,0,0,,
8,M,2024/6/1,13:59:43:00,35,29.5,9,R,NA,1,0,0,,
8,M,2024/6/1,13:59:43:15,35.5,30,9,R,NA,1,0,0,,
8,M,2024/6/1,13:59:44:00,36,30.5,9,R,NA,1,0,0,,
8,M,2024/6/1,13:59:44:15,36.5,31,9,R,NA,1,0,0,,
8,M,2024/6/1,13:59:45:00,37,31.5,9,R,NA,1,0,0,,
8,M,2024/6/1,13:59:45:15,37.5,32,9,R,NA,1,0,0,,
8,M,2024/6/1,13:59:46:00,38,32.5,9,R,NA,1,0,0,,
8,M,2024/6/1,13:59:46:15,38.5,33,9,R,NA,1,0,0,,
8,M,2024/6/1,13:59:47:00,39,33.5,9,R,NA,1,0,0,,
8,M,2024/6/1,13:59:47:15,39.5,34,9,R,NA,1,0,0,,
8,M,2024/6/1,13:59:48:00,40,34.5,9,R,NA,1,0,0,,
8,M,2024/6/1,13:59:48:15,40.5,35,9,R,NA,1,0,0,,
8,M,2024/6/1,13:59:49:00,41,35.5,9,R,NA,1,0,0,,
8,M,2024/6/1,13:59:49:15,41.5,36,9,R,NA,1,0,0,,
8,M,2024/6/1,13:59:50:00,42,36.5,9,R,NA,1,0,0,,
8,M,2024/6/1,13:59:50:15,42.5,37,9,R,NA,1,0,0,,
8,M,2024/6/1,13:59:51:00,43,37.5,9,R,NA,1,0,0,,
8,M,2024/6/1,13:59:51:15,43.5,38,9,R,NA,1,0,0,,
8,M,2024/6/1,13:59:52:00,44,38.5,9,R,NA,1,0,0,,
8,M,2024/6/1,13:59:52:15,44.5,39,9,R,NA,1,0,0,,
8,M,2024/6/1,13:59:53:00,45,39.5,9,R,NA,1,0,0,,
8,M,2024/6/1,13:59:53:15,45.5,40,9,R,NA,1,0,0,,
8,M,2024/6/1,13:59:54:00,46,40.5,9,R,NA,1,0,0,,
8,M,2024/6/1,13:59:54:15,46.5,41,9,R,NA,1,0,0,,
8,M,2024/6/1,13:59:55:00,47,41.5,9,R,NA,1,0,0,,
8,M,2024/6/1,13:59:55:15,47.5,42,9,R,NA,1,0,0,,
8,M,2024/6/1,13:59:56:00,48,42.5,9,R,NA,1,0,0,,
8,M,2024/6/1,13:59:56:15,48.5,43,9,R,NA,1,0,0,,
8,M,2024/6/1,13:59:57:00,49,43.5,9,R,NA,1,0,0,,
8,M,2024/6/1,13:59:57:15,49.5,44,9,R,NA,1,0,0,,
8,M,2024/6/1,13:59:58:00,50,44.5,9,R,NA,1,0,0,,
8,M,2024/6/1,13:59:58:15,50.5,45,9,R,NA,1,0,0,,
8,M,2024/6/1,13:59:59:00,51,45.5,9,R,NA,1,0,0,,
8,M,2024/6/1,13:59:59:15,51.5,46,9,R,NA,1,0,0,,
8,M,2024/6/1,14:00:00:00,52,46.5,9,R,NA,1,0,0,,
8,M,2024/6/1,14:00:00:15,52.5,47,9,R,NA,1,0,0,,
8,M,2024/6/1,14:00:01:00,53,47.5,9,R,NA,1,0,0,,
8,M,2024/6/1,14:00:01:15,53.5,48,9,R,NA,1,0,0,,
8,M,2024/6/1,14:00:02:00,54,48.5,9,R,NA,1,0,0,,
8,M,2024/6/1,14:00:02:15,54.5,49,9,R,NA,1,0,0,,
8,M,2024/6/1,14:00:03:00,55,49.5,9,R,NA,1,0,0,,
8,M,2024/6/1,14:00:03:15,55.5,50,9,R,NA,1,0,0,,
8,M,2024/6/1,14:00:04:00,56,50.5,9,R,NA,1,0,0,,
8,M,2024/6/1,14:00:04:15,56.5,51,9,R,NA,1,0,0,,
8,M,2024/6/1,14:00:05:00,57,51.5,9,R,NA,1,0,0,,
8,M,2024/6/1,14:00:05:15,57.5,52,9,R,NA,1,0,0,,
8,M,2024/6/1,14:00:06:00,58,52.5,9,R,NA,1,0,0,,
8,M,2024/6/1,14:00:06:15,58.5,53,9,R,NA,1,0,0,,
8,M,2024/6/1,14:00:07:00,59,53.5,9,R,NA,1,0,0,,
8,M,2024/6/1,14:00:07:15,59.5,54,9,R,NA,1,0,0,,
8,M,2024/6/1,14:00:08:00,60,54.5,9,R,NA,1,0,0,,
8,M,2024/6/1,14:00:08:15,60.5,55,9,R,NA,1,0,0,,
8,M,2024/6/1,14:00:09:00,61,55.5,9,R,NA,1,0,0,,
8,M,2024/6/1,14:00:09:15,61.5,56,9,R,NA,1,0,0,,
8,M,2024/6/1,14:00:10:00,62,56.5,9,R,NA,1,0,0,,
8,M,2024/6/1,14:00:10:15,62.5,57,9,R,NA,1,0,0,,
8,M,2024/6/1,14:00:11:00,63,57.5,9,R,NA,1,0,0,,
8,M,2024/6/1,14:00:11:15,63.5,58,9,R,NA,1,0,0,,
8,M,2024/6/1,14:00:12:00,64,58.5,9,R,NA,1,0,0,,
8,M,2024/6/1,14:00:12:15,64.5,59,9,R,NA,1,0,0,,
8,M,2024/6/1,14:00:13:00,65,59.5,9,R,NA,1,0,0,,
8,M,2024/6/1,14:00:13:15,65.5,60,9,R,NA,1,0,0,,
8,M,2024/6/1,14:02:20:15,0,NA,10,R,NA,0,0,0,,
8,M,2024/6/1,14:02:21:00,0.5,NA,10,R,NA,0,0,0,,
8,M,2024/6/1,14:02:21:15,1,NA,10,R,NA,0,0,0,,
8,M,2024/6/1,14:02:22:00,1.5,NA,10,R,NA,0,0,0,,
8,M,2024/6/1,14:02:22:15,2,NA,10,R,NA,0,0,0,,
8,M,2024/6/1,14:02:23:00,2.5,NA,10,R,NA,0,0,0,,
8,M,2024/6/1,14:02:23:15,3,NA,10,R,NA,0,0,0,,
8,M,2024/6/1,14:02:24:00,3.5,NA,10,R,NA,0,0,0,,
8,M,2024/6/1,14:02:24:15,4,NA,10,R,NA,0,0,0,,
8,M,2024/6/1,14:02:25:00,4.5,NA,10,R,NA,0,0,0,,
8,M,2024/6/1,14:02:25:15,5,NA,10,R,NA,0,0,0,,
8,M,2024/6/1,14:02:26:00,5.5,NA,10,R,NA,0,0,0,,
8,M,2024/6/1,14:02:26:15,6,NA,10,R,NA,0,0,0,,
8,M,2024/6/1,14:02:27:00,6.5,NA,10,R,NA,0,0,0,,
8,M,2024/6/1,14:02:27:15,7,NA,10,R,NA,0,0,0,,
8,M,2024/6/1,14:02:28:00,7.5,0,10,R,NA,1,0,0,,
8,M,2024/6/1,14:02:28:15,8,0.5,10,R,NA,1,0,0,,
8,M,2024/6/1,14:02:29:00,8.5,1,10,R,NA,1,0,0,,
8,M,2024/6/1,14:02:29:15,9,1.5,10,R,NA,1,0,0,,
8,M,2024/6/1,14:02:30:00,9.5,2,10,R,NA,1,0,0,,
8,M,2024/6/1,14:02:30:15,10,2.5,10,R,NA,1,0,0,,
8,M,2024/6/1,14:02:31:00,10.5,3,10,R,NA,1,0,0,,
8,M,2024/6/1,14:02:31:15,11,3.5,10,R,NA,1,0,0,,
8,M,2024/6/1,14:02:32:00,11.5,4,10,R,NA,1,0,0,,
8,M,2024/6/1,14:02:32:15,12,4.5,10,R,NA,1,0,0,,
8,M,2024/6/1,14:02:33:00,12.5,5,10,R,NA,1,0,0,,
8,M,2024/6/1,14:02:33:15,13,5.5,10,R,NA,1,0,0,,
8,M,2024/6/1,14:02:34:00,13.5,6,10,R,NA,1,0,0,,
8,M,2024/6/1,14:02:34:15,14,6.5,10,R,NA,1,0,0,,
8,M,2024/6/1,14:02:35:00,14.5,7,10,R,NA,1,0,0,,
8,M,2024/6/1,14:02:35:15,15,7.5,10,R,NA,1,0,0,,
8,M,2024/6/1,14:02:36:00,15.5,8,10,R,NA,1,0,0,,
8,M,2024/6/1,14:02:36:15,16,8.5,10,R,NA,1,0,0,,
8,M,2024/6/1,14:02:37:00,16.5,9,10,R,NA,1,0,0,,
8,M,2024/6/1,14:02:37:15,17,9.5,10,R,NA,1,0,0,,
8,M,2024/6/1,14:02:38:00,17.5,10,10,R,NA,1,0,0,,
8,M,2024/6/1,14:02:38:15,18,10.5,10,R,NA,1,0,0,,
8,M,2024/6/1,14:02:36:00,18.5,11,10,R,NA,1,0,0,,
8,M,2024/6/1,14:02:36:15,19,11.5,10,R,NA,1,0,0,,
8,M,2024/6/1,14:02:37:00,19.5,12,10,R,NA,1,0,0,,
8,M,2024/6/1,14:02:37:15,20,12.5,10,R,NA,1,0,0,,
8,M,2024/6/1,14:02:38:00,20.5,13,10,R,NA,1,0,0,,
8,M,2024/6/1,14:02:38:15,21,13.5,10,R,NA,1,0,0,,
8,M,2024/6/1,14:02:39:00,21.5,14,10,R,NA,1,0,0,,
8,M,2024/6/1,14:02:39:15,22,14.5,10,R,NA,1,0,0,,
8,M,2024/6/1,14:02:40:00,22.5,15,10,R,NA,1,0,0,,
8,M,2024/6/1,14:02:40:15,23,15.5,10,R,NA,1,0,0,,
8,M,2024/6/1,14:02:41:00,23.5,16,10,R,NA,1,0,0,,
8,M,2024/6/1,14:02:41:15,24,16.5,10,R,NA,1,0,0,,
8,M,2024/6/1,14:02:42:00,24.5,17,10,R,NA,1,0,0,,
8,M,2024/6/1,14:02:42:15,25,17.5,10,R,NA,1,0,0,,
8,M,2024/6/1,14:02:43:00,25.5,18,10,R,NA,1,0,0,,
8,M,2024/6/1,14:02:43:15,26,18.5,10,R,NA,1,0,0,,
8,M,2024/6/1,14:02:44:00,26.5,19,10,R,NA,1,0,0,,
8,M,2024/6/1,14:02:44:15,27,19.5,10,R,NA,1,0,0,,
8,M,2024/6/1,14:02:45:00,27.5,20,10,R,NA,1,0,0,,
8,M,2024/6/1,14:02:45:15,28,20.5,10,R,NA,1,0,0,,
8,M,2024/6/1,14:02:46:00,28.5,21,10,R,NA,1,0,0,,
8,M,2024/6/1,14:02:46:15,29,21.5,10,R,NA,1,0,0,,
8,M,2024/6/1,14:02:47:00,29.5,22,10,R,NA,1,0,0,,
8,M,2024/6/1,14:02:47:15,30,22.5,10,R,NA,1,0,0,,
8,M,2024/6/1,14:02:48:00,30.5,23,10,R,NA,1,0,0,,
8,M,2024/6/1,14:02:48:15,31,23.5,10,R,NA,1,0,0,,
8,M,2024/6/1,14:02:49:00,31.5,24,10,R,NA,1,0,0,,
8,M,2024/6/1,14:02:49:15,32,24.5,10,R,NA,1,0,0,,
8,M,2024/6/1,14:02:50:00,32.5,25,10,R,NA,1,0,0,,
8,M,2024/6/1,14:02:50:15,33,25.5,10,R,NA,1,0,0,,
8,M,2024/6/1,14:02:51:00,33.5,26,10,R,NA,1,0,0,,
8,M,2024/6/1,14:02:51:15,34,26.5,10,R,NA,1,0,0,,
8,M,2024/6/1,14:02:52:00,34.5,27,10,R,NA,1,0,0,,
8,M,2024/6/1,14:02:52:15,35,27.5,10,R,NA,1,0,0,,
8,M,2024/6/1,14:02:53:00,35.5,28,10,R,NA,1,0,0,,
8,M,2024/6/1,14:02:53:15,36,28.5,10,R,NA,1,0,0,,
8,M,2024/6/1,14:02:54:00,36.5,29,10,R,NA,1,0,0,,
8,M,2024/6/1,14:02:54:15,37,29.5,10,R,NA,1,0,0,,
8,M,2024/6/1,14:02:55:00,37.5,30,10,R,NA,1,0,0,,
8,M,2024/6/1,14:02:55:15,38,30.5,10,R,NA,1,0,0,,
8,M,2024/6/1,14:02:56:00,38.5,31,10,R,NA,1,0,0,,
8,M,2024/6/1,14:02:56:15,39,31.5,10,R,NA,1,0,0,,
8,M,2024/6/1,14:02:57:00,39.5,32,10,R,NA,1,0,0,,
8,M,2024/6/1,14:02:57:15,40,32.5,10,R,NA,1,0,0,,
8,M,2024/6/1,14:02:58:00,40.5,33,10,R,NA,1,0,0,,
8,M,2024/6/1,14:02:58:15,41,33.5,10,R,NA,1,0,0,,
8,M,2024/6/1,14:02:59:00,41.5,34,10,R,NA,1,0,0,,
8,M,2024/6/1,14:02:59:15,42,34.5,10,R,NA,1,0,0,,
8,M,2024/6/1,14:03:00:00,42.5,35,10,R,NA,1,0,0,,
8,M,2024/6/1,14:03:00:15,43,35.5,10,R,NA,1,0,0,,
8,M,2024/6/1,14:03:01:00,43.5,36,10,R,NA,1,0,0,,
8,M,2024/6/1,14:03:01:15,44,36.5,10,R,NA,1,0,0,,
8,M,2024/6/1,14:03:02:00,44.5,37,10,R,NA,1,0,0,,
8,M,2024/6/1,14:03:02:15,45,37.5,10,R,NA,1,0,0,,
8,M,2024/6/1,14:03:03:00,45.5,38,10,R,NA,1,0,0,,
8,M,2024/6/1,14:03:03:15,46,38.5,10,R,NA,1,0,0,,
8,M,2024/6/1,14:03:04:00,46.5,39,10,R,NA,1,0,0,,
8,M,2024/6/1,14:03:04:15,47,39.5,10,R,NA,1,0,0,,
8,M,2024/6/1,14:03:05:00,47.5,40,10,R,NA,1,0,0,,
8,M,2024/6/1,14:03:05:15,48,40.5,10,R,NA,1,0,0,,
8,M,2024/6/1,14:03:06:00,48.5,41,10,R,NA,1,0,0,,
8,M,2024/6/1,14:03:06:15,49,41.5,10,R,NA,1,0,0,,
8,M,2024/6/1,14:03:07:00,49.5,42,10,R,NA,1,0,0,,
8,M,2024/6/1,14:03:07:15,50,42.5,10,R,NA,1,0,0,,
8,M,2024/6/1,14:03:08:00,50.5,43,10,R,NA,1,0,0,,
8,M,2024/6/1,14:03:08:15,51,43.5,10,R,NA,1,0,0,,
8,M,2024/6/1,14:03:09:00,51.5,44,10,R,NA,1,0,0,,
8,M,2024/6/1,14:03:09:15,52,44.5,10,R,NA,1,0,0,,
8,M,2024/6/1,14:03:10:00,52.5,45,10,R,NA,1,0,0,,
8,M,2024/6/1,14:03:10:15,53,45.5,10,R,NA,1,0,0,,
8,M,2024/6/1,14:03:11:00,53.5,46,10,R,NA,1,0,0,,
8,M,2024/6/1,14:03:11:15,54,46.5,10,R,NA,1,0,0,,
8,M,2024/6/1,14:03:12:00,54.5,47,10,R,NA,1,0,0,,
8,M,2024/6/1,14:03:12:15,55,47.5,10,R,NA,1,0,0,,
8,M,2024/6/1,14:03:13:00,55.5,48,10,R,NA,1,0,0,,
8,M,2024/6/1,14:03:13:15,56,48.5,10,R,NA,1,0,0,,
8,M,2024/6/1,14:03:14:00,56.5,49,10,R,NA,1,0,0,,
8,M,2024/6/1,14:03:14:15,57,49.5,10,R,NA,1,0,0,,
8,M,2024/6/1,14:03:15:00,57.5,50,10,R,NA,1,0,0,,
8,M,2024/6/1,14:03:15:15,58,50.5,10,R,NA,1,0,0,,
8,M,2024/6/1,14:03:16:00,58.5,51,10,R,NA,1,0,0,,
8,M,2024/6/1,14:03:16:15,59,51.5,10,R,NA,1,0,0,,
8,M,2024/6/1,14:03:17:00,59.5,52,10,R,NA,1,0,0,,
8,M,2024/6/1,14:03:17:15,60,52.5,10,R,NA,1,0,0,,
8,M,2024/6/1,14:03:18:00,60.5,53,10,R,NA,1,0,0,,
8,M,2024/6/1,14:03:18:15,61,53.5,10,R,NA,1,0,0,,
8,M,2024/6/1,14:03:19:00,61.5,54,10,R,NA,1,0,0,,
8,M,2024/6/1,14:03:19:15,62,54.5,10,R,NA,1,0,0,,
8,M,2024/6/1,14:03:20:00,62.5,55,10,R,NA,1,0,0,,
8,M,2024/6/1,14:03:20:15,63,55.5,10,R,NA,1,0,0,,
8,M,2024/6/1,14:03:21:00,63.5,56,10,R,NA,1,0,0,,
8,M,2024/6/1,14:03:21:15,64,56.5,10,R,NA,1,0,0,,
8,M,2024/6/1,14:03:22:00,64.5,57,10,R,NA,1,0,0,,
8,M,2024/6/1,14:03:22:15,65,57.5,10,R,NA,1,0,0,,
8,M,2024/6/1,14:03:23:00,65.5,58,10,R,NA,1,0,0,,
8,M,2024/6/1,14:03:23:15,66,58.5,10,R,NA,1,0,0,,
8,M,2024/6/1,14:03:24:00,66.5,59,10,R,NA,1,0,0,,
8,M,2024/6/1,14:03:24:15,67,59.5,10,R,NA,1,0,0,,
8,M,2024/6/1,14:03:25:00,67.5,60,10,R,NA,1,0,0,,
11,F,2024/6/2,13:42:37:00,0,NA,1,R,L,0,0,0,,
11,F,2024/6/2,13:42:37:15,0.5,NA,1,R,L,0,0,0,,
11,F,2024/6/2,13:42:38:00,1,NA,1,R,L,0,0,0,,
11,F,2024/6/2,13:42:38:15,1.5,NA,1,R,L,0,0,0,,
11,F,2024/6/2,13:42:39:00,2,0,1,R,L,1,0,0,,
11,F,2024/6/2,13:42:39:15,2.5,0.5,1,R,L,1,0,0,,
11,F,2024/6/2,13:42:40:00,3,1,1,R,L,1,0,0,,
11,F,2024/6/2,13:42:40:15,3.5,1.5,1,R,L,1,1,0,,
11,F,2024/6/2,13:43:36:00,0,NA,2,L,NA,0,0,0,,
11,F,2024/6/2,13:43:36:15,0.5,NA,2,L,NA,0,0,0,,
11,F,2024/6/2,13:43:37:00,1,0,2,L,NA,1,0,0,,
11,F,2024/6/2,13:43:37:15,1.5,0.5,2,L,NA,1,0,0,,
11,F,2024/6/2,13:43:38:00,2,1,2,L,NA,1,0,0,,
11,F,2024/6/2,13:43:38:15,2.5,1.5,2,L,NA,1,0,1,,
11,F,2024/6/2,13:43:39:00,3,2,2,L,NA,1,0,0,,
11,F,2024/6/2,13:43:39:15,3.5,2.5,2,L,NA,1,0,0,,
11,F,2024/6/2,13:43:40:00,4,3,2,L,NA,1,0,0,,
11,F,2024/6/2,13:43:40:15,4.5,3.5,2,L,NA,1,0,0,,
11,F,2024/6/2,13:43:41:00,5,4,2,L,NA,1,0,0,,
11,F,2024/6/2,13:43:41:15,5.5,4.5,2,L,NA,1,0,0,,
11,F,2024/6/2,13:43:42:00,6,5,2,L,NA,1,0,0,,
11,F,2024/6/2,13:43:42:15,6.5,5.5,2,L,NA,1,0,1,,
11,F,2024/6/2,13:43:43:00,7,6,2,L,NA,1,0,2,,
11,F,2024/6/2,13:43:43:15,7.5,6.5,2,L,NA,1,0,2,,
11,F,2024/6/2,13:43:44:00,8,7,2,L,NA,1,0,0,,
11,F,2024/6/2,13:43:44:15,8.5,7.5,2,L,NA,1,0,0,,
11,F,2024/6/2,13:43:45:00,9,8,2,L,NA,1,0,0,,
11,F,2024/6/2,13:43:45:15,9.5,8.5,2,L,NA,1,0,0,,
11,F,2024/6/2,13:43:46:00,10,9,2,L,NA,1,0,0,,
11,F,2024/6/2,13:43:46:15,10.5,9.5,2,L,NA,1,0,0,,
11,F,2024/6/2,13:43:47:00,11,10,2,L,NA,1,0,0,,
11,F,2024/6/2,13:43:47:15,11.5,10.5,2,L,NA,1,0,0,,
11,F,2024/6/2,13:43:48:00,12,11,2,L,NA,1,0,0,,
11,F,2024/6/2,13:43:48:15,12.5,11.5,2,L,NA,1,0,0,,
11,F,2024/6/2,13:43:49:15,13,12,2,L,NA,1,0,0,,
11,F,2024/6/2,13:43:50:00,13.5,12.5,2,L,NA,1,0,0,,
11,F,2024/6/2,13:43:50:15,14,13,2,L,NA,1,0,0,,
11,F,2024/6/2,13:43:51:00,14.5,13.5,2,L,NA,1,0,0,,
11,F,2024/6/2,13:43:51:15,15,14,2,L,NA,1,0,0,,
11,F,2024/6/2,13:43:52:00,15.5,14.5,2,L,NA,1,0,0,,
11,F,2024/6/2,13:43:52:15,16,15,2,L,NA,1,0,0,,
11,F,2024/6/2,13:43:52:15,16.5,15.5,2,L,NA,1,0,0,,
11,F,2024/6/2,13:43:53:00,17,16,2,L,NA,1,0,0,,
11,F,2024/6/2,13:43:53:15,17.5,16.5,2,L,NA,1,0,0,,
11,F,2024/6/2,13:43:54:00,18,17,2,L,NA,1,0,0,,
11,F,2024/6/2,13:43:54:15,18.5,17.5,2,L,NA,1,0,0,,
11,F,2024/6/2,13:43:55:00,19,18,2,L,NA,1,0,0,,
11,F,2024/6/2,13:43:55:15,19.5,18.5,2,L,NA,1,0,0,,
11,F,2024/6/2,13:43:56:00,20,19,2,L,NA,1,0,0,,
11,F,2024/6/2,13:43:56:15,20.5,19.5,2,L,NA,1,0,0,,
11,F,2024/6/2,13:43:57:00,21,20,2,L,NA,1,0,0,,
11,F,2024/6/2,13:43:57:15,21.5,20.5,2,L,NA,1,0,0,,
11,F,2024/6/2,13:43:58:00,22,21,2,L,NA,1,0,0,,
11,F,2024/6/2,13:43:58:15,22.5,21.5,2,L,NA,1,0,0,,
11,F,2024/6/2,13:43:59:00,23,22,2,L,NA,1,0,0,,
11,F,2024/6/2,13:43:59:15,23.5,22.5,2,L,NA,1,0,0,,
11,F,2024/6/2,13:44:00:00,24,23,2,L,NA,1,0,0,,
11,F,2024/6/2,13:44:00:15,24.5,23.5,2,L,NA,1,0,0,,
11,F,2024/6/2,13:44:01:00,25,24,2,L,NA,1,0,0,,
11,F,2024/6/2,13:44:01:15,25.5,24.5,2,L,NA,1,0,0,,
11,F,2024/6/2,13:44:02:00,26,25,2,L,NA,1,0,0,,
11,F,2024/6/2,13:44:02:15,26.5,25.5,2,L,NA,1,0,0,,
11,F,2024/6/2,13:44:03:00,27,26,2,L,NA,1,0,0,,
11,F,2024/6/2,13:44:03:15,27.5,26.5,2,L,NA,1,0,0,,
11,F,2024/6/2,13:44:04:00,28,27,2,L,NA,1,0,0,,
11,F,2024/6/2,13:44:04:15,28.5,27.5,2,L,NA,1,0,0,,
11,F,2024/6/2,13:44:05:00,29,28,2,L,NA,1,0,0,,
11,F,2024/6/2,13:44:05:15,29.5,28.5,2,L,NA,1,0,0,,
11,F,2024/6/2,13:44:06:00,30,29,2,L,NA,1,0,0,,
11,F,2024/6/2,13:44:06:15,30.5,29.5,2,L,NA,1,0,0,,
11,F,2024/6/2,13:44:07:00,31,30,2,L,NA,1,0,0,,
11,F,2024/6/2,13:44:07:15,31.5,30.5,2,L,NA,1,0,0,,
11,F,2024/6/2,13:44:08:00,32,31,2,L,NA,1,0,0,,
11,F,2024/6/2,13:44:08:15,32.5,31.5,2,L,NA,1,0,0,,
11,F,2024/6/2,13:44:09:00,33,32,2,L,NA,1,0,0,,
11,F,2024/6/2,13:44:09:15,33.5,32.5,2,L,NA,1,0,0,,
11,F,2024/6/2,13:44:10:00,34,33,2,L,NA,1,0,0,,
11,F,2024/6/2,13:44:10:15,34.5,33.5,2,L,NA,1,0,0,,
11,F,2024/6/2,13:44:11:00,35,34,2,L,NA,1,0,0,,
11,F,2024/6/2,13:44:11:15,35.5,34.5,2,L,NA,1,0,0,,
11,F,2024/6/2,13:44:12:00,36,35,2,L,NA,1,0,0,,
11,F,2024/6/2,13:44:12:15,36.5,35.5,2,L,NA,1,0,0,,
11,F,2024/6/2,13:44:13:00,37,36,2,L,NA,1,0,0,,
11,F,2024/6/2,13:44:13:15,37.5,36.5,2,L,NA,1,0,0,,
11,F,2024/6/2,13:44:14:00,38,37,2,L,NA,1,0,0,,
11,F,2024/6/2,13:44:14:15,38.5,37.5,2,L,NA,1,0,0,,
11,F,2024/6/2,13:44:15:00,39,38,2,L,NA,1,0,0,,
11,F,2024/6/2,13:44:15:15,39.5,38.5,2,L,NA,1,0,0,,
11,F,2024/6/2,13:44:16:00,40,39,2,L,NA,1,0,0,,
11,F,2024/6/2,13:44:16:15,40.5,39.5,2,L,NA,1,0,0,,
11,F,2024/6/2,13:44:17:00,41,40,2,L,NA,1,0,0,,
11,F,2024/6/2,13:44:17:15,41.5,40.5,2,L,NA,1,0,0,,
11,F,2024/6/2,13:44:18:00,42,41,2,L,NA,1,0,0,,
11,F,2024/6/2,13:44:18:15,42.5,41.5,2,L,NA,1,0,0,,
11,F,2024/6/2,13:44:19:00,43,42,2,L,NA,1,0,0,,
11,F,2024/6/2,13:44:19:15,43.5,42.5,2,L,NA,1,0,0,,
11,F,2024/6/2,13:44:20:00,44,43,2,L,NA,1,0,0,,
11,F,2024/6/2,13:44:20:15,44.5,43.5,2,L,NA,1,0,0,,
11,F,2024/6/2,13:44:21:00,45,44,2,L,NA,1,0,0,,
11,F,2024/6/2,13:44:21:15,45.5,44.5,2,L,NA,1,0,0,,
11,F,2024/6/2,13:44:22:00,46,45,2,L,NA,1,0,0,,
11,F,2024/6/2,13:44:22:15,46.5,45.5,2,L,NA,1,0,0,,
11,F,2024/6/2,13:44:23:00,47,46,2,L,NA,1,0,0,,
11,F,2024/6/2,13:44:23:15,47.5,46.5,2,L,NA,1,0,0,,
11,F,2024/6/2,13:44:24:00,48,47,2,L,NA,1,0,0,,
11,F,2024/6/2,13:44:24:15,48.5,47.5,2,L,NA,1,0,0,,
11,F,2024/6/2,13:44:25:00,49,48,2,L,NA,1,0,0,,
11,F,2024/6/2,13:44:25:15,49.5,48.5,2,L,NA,1,0,0,,
11,F,2024/6/2,13:44:26:00,50,49,2,L,NA,1,0,0,,
11,F,2024/6/2,13:44:26:15,50.5,49.5,2,L,NA,1,0,0,,
11,F,2024/6/2,13:44:27:00,51,50,2,L,NA,1,0,0,,
11,F,2024/6/2,13:44:27:15,51.5,50.5,2,L,NA,1,0,0,,
11,F,2024/6/2,13:44:28:00,52,51,2,L,NA,1,0,0,,
11,F,2024/6/2,13:44:28:15,52.5,51.5,2,L,NA,1,0,0,,
11,F,2024/6/2,13:44:29:00,53,52,2,L,NA,1,0,0,,
11,F,2024/6/2,13:44:29:15,53.5,52.5,2,L,NA,1,0,0,,
11,F,2024/6/2,13:44:26:00,54,53,2,L,NA,1,0,0,,
11,F,2024/6/2,13:44:26:15,54.5,53.5,2,L,NA,1,0,0,,
11,F,2024/6/2,13:44:27:00,55,54,2,L,NA,1,0,0,,
11,F,2024/6/2,13:44:27:15,55.5,54.5,2,L,NA,1,0,0,,
11,F,2024/6/2,13:44:28:00,56,55,2,L,NA,1,0,0,,
11,F,2024/6/2,13:44:28:15,56.5,55.5,2,L,NA,1,0,0,,
11,F,2024/6/2,13:44:29:00,57,56,2,L,NA,1,0,0,,
11,F,2024/6/2,13:44:29:15,57.5,56.5,2,L,NA,1,0,0,,
11,F,2024/6/2,13:44:30:00,58,57,2,L,NA,1,0,0,,
11,F,2024/6/2,13:44:30:15,58.5,57.5,2,L,NA,1,0,0,,
11,F,2024/6/2,13:44:31:00,59,58,2,L,NA,1,0,0,,
11,F,2024/6/2,13:44:31:15,59.5,58.5,2,L,NA,1,0,0,,
11,F,2024/6/2,13:44:32:00,60,59,2,L,NA,1,0,0,,
11,F,2024/6/2,13:44:32:15,60.5,59.5,2,L,NA,1,0,0,,
11,F,2024/6/2,13:44:33:00,61,60,2,L,NA,1,0,0,,
11,F,2024/6/2,13:45:02:15,0,NA,3,R,NA,0,0,0,,
11,F,2024/6/2,13:45:03:00,0.5,NA,3,R,NA,0,0,0,,
11,F,2024/6/2,13:45:03:15,1,NA,3,R,NA,0,0,0,,
11,F,2024/6/2,13:45:04:00,1.5,NA,3,R,NA,0,0,0,,
11,F,2024/6/2,13:45:04:15,2,0,3,R,NA,1,0,0,,
11,F,2024/6/2,13:45:05:00,2.5,0.5,3,R,NA,1,0,0,,
11,F,2024/6/2,13:45:05:15,3,1,3,R,NA,1,0,0,,
11,F,2024/6/2,13:45:06:00,3.5,1.5,3,R,NA,1,0,0,,
11,F,2024/6/2,13:45:06:15,4,2,3,R,NA,1,0,0,,
11,F,2024/6/2,13:45:07:00,4.5,2.5,3,R,NA,1,0,0,,
11,F,2024/6/2,13:45:07:15,5,3,3,R,NA,1,0,0,,
11,F,2024/6/2,13:45:08:00,5.5,3.5,3,R,NA,1,0,0,,
11,F,2024/6/2,13:45:08:15,6,4,3,R,NA,1,0,0,,
11,F,2024/6/2,13:45:09:00,6.5,4.5,3,R,NA,1,0,0,,
11,F,2024/6/2,13:45:09:15,7,5,3,R,NA,1,0,0,,
11,F,2024/6/2,13:45:10:00,7.5,5.5,3,R,NA,1,0,0,,
11,F,2024/6/2,13:45:10:15,8,6,3,R,NA,1,0,0,,
11,F,2024/6/2,13:45:11:00,8.5,6.5,3,R,NA,1,0,0,,
11,F,2024/6/2,13:45:11:15,9,7,3,R,NA,1,0,0,,
11,F,2024/6/2,13:45:12:00,9.5,7.5,3,R,NA,1,0,0,,
11,F,2024/6/2,13:45:12:15,10,8,3,R,NA,1,0,0,,
11,F,2024/6/2,13:45:13:00,10.5,8.5,3,R,NA,1,0,0,,
11,F,2024/6/2,13:45:13:15,11,9,3,R,NA,1,0,0,,
11,F,2024/6/2,13:45:14:00,11.5,9.5,3,R,NA,1,0,0,,
11,F,2024/6/2,13:45:14:15,12,10,3,R,NA,1,0,0,,
11,F,2024/6/2,13:45:15:00,12.5,10.5,3,R,NA,1,0,0,,
11,F,2024/6/2,13:45:15:15,13,11,3,R,NA,1,0,0,,
11,F,2024/6/2,13:45:16:00,13.5,11.5,3,R,NA,1,0,0,,
11,F,2024/6/2,13:45:16:15,14,12,3,R,NA,1,0,0,,
11,F,2024/6/2,13:45:17:00,14.5,12.5,3,R,NA,1,0,0,,
11,F,2024/6/2,13:45:17:15,15,13,3,R,NA,1,0,0,,
11,F,2024/6/2,13:45:18:00,15.5,13.5,3,R,NA,1,0,0,,
11,F,2024/6/2,13:45:18:15,16,14,3,R,NA,1,0,0,,
11,F,2024/6/2,13:45:19:00,16.5,14.5,3,R,NA,1,0,0,,
11,F,2024/6/2,13:45:19:15,17,15,3,R,NA,1,0,0,,
11,F,2024/6/2,13:45:20:00,17.5,15.5,3,R,NA,1,0,0,,
11,F,2024/6/2,13:45:20:15,18,16,3,R,NA,1,0,0,,
11,F,2024/6/2,13:45:21:00,18.5,16.5,3,R,NA,1,0,0,,
11,F,2024/6/2,13:45:21:15,19,17,3,R,NA,1,0,0,,
11,F,2024/6/2,13:45:22:00,19.5,17.5,3,R,NA,1,0,0,,
11,F,2024/6/2,13:45:22:15,20,18,3,R,NA,1,0,0,,
11,F,2024/6/2,13:45:23:00,20.5,18.5,3,R,NA,1,0,0,,
11,F,2024/6/2,13:45:23:15,21,19,3,R,NA,1,0,0,,
11,F,2024/6/2,13:45:24:00,21.5,19.5,3,R,NA,1,0,0,,
11,F,2024/6/2,13:45:24:15,22,20,3,R,NA,1,0,0,,
11,F,2024/6/2,13:45:25:00,22.5,20.5,3,R,NA,1,0,0,,
11,F,2024/6/2,13:45:25:15,23,21,3,R,NA,1,0,0,,
11,F,2024/6/2,13:45:26:00,23.5,21.5,3,R,NA,1,0,0,,
11,F,2024/6/2,13:45:26:15,24,22,3,R,NA,1,0,0,,
11,F,2024/6/2,13:45:27:00,24.5,22.5,3,R,NA,1,0,0,,
11,F,2024/6/2,13:45:27:15,25,23,3,R,NA,1,0,0,,
11,F,2024/6/2,13:45:28:00,25.5,23.5,3,R,NA,1,0,0,,
11,F,2024/6/2,13:45:28:15,26,24,3,R,NA,1,0,0,,
11,F,2024/6/2,13:45:29:00,26.5,24.5,3,R,NA,1,0,0,,
11,F,2024/6/2,13:45:29:15,27,25,3,R,NA,1,0,0,,
11,F,2024/6/2,13:45:26:00,27.5,25.5,3,R,NA,1,0,0,,
11,F,2024/6/2,13:45:26:15,28,26,3,R,NA,1,0,0,,
11,F,2024/6/2,13:45:27:00,28.5,26.5,3,R,NA,1,0,0,,
11,F,2024/6/2,13:45:27:15,29,27,3,R,NA,1,0,0,,
11,F,2024/6/2,13:45:28:00,29.5,27.5,3,R,NA,1,0,0,,
11,F,2024/6/2,13:45:28:15,30,28,3,R,NA,1,0,0,,
11,F,2024/6/2,13:45:29:00,30.5,28.5,3,R,NA,1,0,0,,
11,F,2024/6/2,13:45:29:15,31,29,3,R,NA,1,0,0,,
11,F,2024/6/2,13:45:30:00,31.5,29.5,3,R,NA,1,0,0,,
11,F,2024/6/2,13:45:30:15,32,30,3,R,NA,1,0,0,,
11,F,2024/6/2,13:45:31:00,32.5,30.5,3,R,NA,1,0,0,,
11,F,2024/6/2,13:45:31:15,33,31,3,R,NA,1,0,0,,
11,F,2024/6/2,13:45:32:00,33.5,31.5,3,R,NA,1,0,0,,
11,F,2024/6/2,13:45:32:15,34,32,3,R,NA,1,0,0,,
11,F,2024/6/2,13:45:33:00,34.5,32.5,3,R,NA,1,0,0,,
11,F,2024/6/2,13:45:33:15,35,33,3,R,NA,1,0,0,,
11,F,2024/6/2,13:45:34:00,35.5,33.5,3,R,NA,1,0,0,,
11,F,2024/6/2,13:45:34:15,36,34,3,R,NA,1,0,0,,
11,F,2024/6/2,13:45:35:00,36.5,34.5,3,R,NA,1,0,0,,
11,F,2024/6/2,13:45:35:15,37,35,3,R,NA,1,0,0,,
11,F,2024/6/2,13:45:36:00,37.5,35.5,3,R,NA,1,0,0,,
11,F,2024/6/2,13:45:36:15,38,36,3,R,NA,1,0,0,,
11,F,2024/6/2,13:45:37:00,38.5,36.5,3,R,NA,1,0,0,,
11,F,2024/6/2,13:45:37:15,39,37,3,R,NA,1,0,0,,
11,F,2024/6/2,13:45:38:00,39.5,37.5,3,R,NA,1,0,0,,
11,F,2024/6/2,13:45:38:15,40,38,3,R,NA,1,0,0,,
11,F,2024/6/2,13:45:39:00,40.5,38.5,3,R,NA,1,0,0,,
11,F,2024/6/2,13:45:39:15,41,39,3,R,NA,1,0,0,,
11,F,2024/6/2,13:45:40:00,41.5,39.5,3,R,NA,1,0,0,,
11,F,2024/6/2,13:45:40:15,42,40,3,R,NA,1,0,0,,
11,F,2024/6/2,13:45:41:00,42.5,40.5,3,R,NA,1,0,0,,
11,F,2024/6/2,13:45:41:15,43,41,3,R,NA,1,0,0,,
11,F,2024/6/2,13:45:42:00,43.5,41.5,3,R,NA,1,0,0,,
11,F,2024/6/2,13:45:42:15,44,42,3,R,NA,1,0,0,,
11,F,2024/6/2,13:45:43:00,44.5,42.5,3,R,NA,1,0,0,,
11,F,2024/6/2,13:45:43:15,45,43,3,R,NA,1,0,0,,
11,F,2024/6/2,13:45:44:00,45.5,43.5,3,R,NA,1,0,0,,
11,F,2024/6/2,13:45:44:15,46,44,3,R,NA,1,0,0,,
11,F,2024/6/2,13:45:45:00,46.5,44.5,3,R,NA,1,0,0,,
11,F,2024/6/2,13:45:45:15,47,45,3,R,NA,1,0,0,,
11,F,2024/6/2,13:45:46:00,47.5,45.5,3,R,NA,1,0,0,,
11,F,2024/6/2,13:45:46:15,48,46,3,R,NA,1,0,0,,
11,F,2024/6/2,13:45:47:00,48.5,46.5,3,R,NA,1,0,0,,
11,F,2024/6/2,13:45:47:15,49,47,3,R,NA,1,0,0,,
11,F,2024/6/2,13:45:48:00,49.5,47.5,3,R,NA,1,0,0,,
11,F,2024/6/2,13:45:48:15,50,48,3,R,NA,1,0,0,,
11,F,2024/6/2,13:45:49:15,50.5,48.5,3,R,NA,1,0,0,,
11,F,2024/6/2,13:45:50:00,51,49,3,R,NA,1,0,0,,
11,F,2024/6/2,13:45:50:15,51.5,49.5,3,R,NA,1,0,0,,
11,F,2024/6/2,13:45:51:00,52,50,3,R,NA,1,0,0,,
11,F,2024/6/2,13:45:51:15,52.5,50.5,3,R,NA,1,0,0,,
11,F,2024/6/2,13:45:52:00,53,51,3,R,NA,1,0,0,,
11,F,2024/6/2,13:45:52:15,53.5,51.5,3,R,NA,1,0,0,,
11,F,2024/6/2,13:45:52:15,54,52,3,R,NA,1,0,0,,
11,F,2024/6/2,13:45:53:00,54.5,52.5,3,R,NA,1,0,0,,
11,F,2024/6/2,13:45:53:15,55,53,3,R,NA,1,0,0,,
11,F,2024/6/2,13:45:54:00,55.5,53.5,3,R,NA,1,0,0,,
11,F,2024/6/2,13:45:54:15,56,54,3,R,NA,1,0,0,,
11,F,2024/6/2,13:45:55:00,56.5,54.5,3,R,NA,1,0,0,,
11,F,2024/6/2,13:45:55:15,57,55,3,R,NA,1,0,0,,
11,F,2024/6/2,13:45:56:00,57.5,55.5,3,R,NA,1,0,0,,
11,F,2024/6/2,13:45:56:15,58,56,3,R,NA,1,0,0,,
11,F,2024/6/2,13:45:57:00,58.5,56.5,3,R,NA,1,0,0,,
11,F,2024/6/2,13:45:57:15,59,57,3,R,NA,1,0,0,,
11,F,2024/6/2,13:45:58:00,59.5,57.5,3,R,NA,1,0,0,,
11,F,2024/6/2,13:45:58:15,60,58,3,R,NA,1,0,0,,
11,F,2024/6/2,13:45:59:00,60.5,58.5,3,R,NA,1,0,0,,
11,F,2024/6/2,13:45:59:15,61,59,3,R,NA,1,0,0,,
11,F,2024/6/2,13:46:00:00,61.5,59.5,3,R,NA,1,0,0,,
11,F,2024/6/2,13:46:00:15,62,60,3,R,NA,1,0,0,,
11,F,2024/6/2,13:46:20:15,0,NA,4,L,NA,0,0,0,,
11,F,2024/6/2,13:46:21:00,0.5,NA,4,L,NA,0,0,0,,
11,F,2024/6/2,13:46:21:15,1,NA,4,L,NA,0,0,0,,
11,F,2024/6/2,13:46:22:00,1.5,NA,4,L,NA,0,0,0,,
11,F,2024/6/2,13:46:22:15,2,0,4,L,NA,1,0,0,,
11,F,2024/6/2,13:46:23:00,2.5,0.5,4,L,NA,1,0,0,,
11,F,2024/6/2,13:46:23:15,3,1,4,L,NA,1,0,0,,
11,F,2024/6/2,13:46:24:00,3.5,1.5,4,L,NA,1,0,0,,
11,F,2024/6/2,13:46:24:15,4,2,4,L,NA,1,0,0,,
11,F,2024/6/2,13:46:25:00,4.5,2.5,4,L,NA,1,0,0,,
11,F,2024/6/2,13:46:25:15,5,3,4,L,NA,1,0,0,,
11,F,2024/6/2,13:46:26:00,5.5,3.5,4,L,NA,1,0,0,,
11,F,2024/6/2,13:46:26:15,6,4,4,L,NA,1,0,0,,
11,F,2024/6/2,13:46:27:00,6.5,4.5,4,L,NA,1,0,0,,
11,F,2024/6/2,13:46:27:15,7,5,4,L,NA,1,0,0,,
11,F,2024/6/2,13:46:28:00,7.5,5.5,4,L,NA,1,0,0,,
11,F,2024/6/2,13:46:28:15,8,6,4,L,NA,1,0,0,,
11,F,2024/6/2,13:46:29:00,8.5,6.5,4,L,NA,1,0,0,,
11,F,2024/6/2,13:46:29:15,9,7,4,L,NA,1,0,0,,
11,F,2024/6/2,13:46:26:00,9.5,7.5,4,L,NA,1,0,0,,
11,F,2024/6/2,13:46:26:15,10,8,4,L,NA,1,0,0,,
11,F,2024/6/2,13:46:27:00,10.5,8.5,4,L,NA,1,0,0,,
11,F,2024/6/2,13:46:27:15,11,9,4,L,NA,1,0,0,,
11,F,2024/6/2,13:46:28:00,11.5,9.5,4,L,NA,1,0,0,,
11,F,2024/6/2,13:46:28:15,12,10,4,L,NA,1,0,0,,
11,F,2024/6/2,13:46:29:00,12.5,10.5,4,L,NA,1,0,0,,
11,F,2024/6/2,13:46:29:15,13,11,4,L,NA,1,0,0,,
11,F,2024/6/2,13:46:30:00,13.5,11.5,4,L,NA,1,0,0,,
11,F,2024/6/2,13:46:30:15,14,12,4,L,NA,1,0,0,,
11,F,2024/6/2,13:46:31:00,14.5,12.5,4,L,NA,1,0,0,,
11,F,2024/6/2,13:46:31:15,15,13,4,L,NA,1,0,0,,
11,F,2024/6/2,13:46:32:00,15.5,13.5,4,L,NA,1,0,0,,
11,F,2024/6/2,13:46:32:15,16,14,4,L,NA,1,0,0,,
11,F,2024/6/2,13:46:33:00,16.5,14.5,4,L,NA,1,0,0,,
11,F,2024/6/2,13:46:33:15,17,15,4,L,NA,1,0,0,,
11,F,2024/6/2,13:46:34:00,17.5,15.5,4,L,NA,1,0,0,,
11,F,2024/6/2,13:46:34:15,18,16,4,L,NA,1,0,0,,
11,F,2024/6/2,13:46:35:00,18.5,16.5,4,L,NA,1,0,0,,
11,F,2024/6/2,13:46:35:15,19,17,4,L,NA,1,0,0,,
11,F,2024/6/2,13:46:36:00,19.5,17.5,4,L,NA,1,0,0,,
11,F,2024/6/2,13:46:36:15,20,18,4,L,NA,1,0,0,,
11,F,2024/6/2,13:46:37:00,20.5,18.5,4,L,NA,1,0,0,,
11,F,2024/6/2,13:46:37:15,21,19,4,L,NA,1,0,0,,
11,F,2024/6/2,13:46:38:00,21.5,19.5,4,L,NA,1,0,0,,
11,F,2024/6/2,13:46:38:15,22,20,4,L,NA,1,0,0,,
11,F,2024/6/2,13:46:39:00,22.5,20.5,4,L,NA,1,0,0,,
11,F,2024/6/2,13:46:39:15,23,21,4,L,NA,1,0,0,,
11,F,2024/6/2,13:46:40:00,23.5,21.5,4,L,NA,1,0,0,,
11,F,2024/6/2,13:46:40:15,24,22,4,L,NA,1,0,0,,
11,F,2024/6/2,13:46:41:00,24.5,22.5,4,L,NA,1,0,0,,
11,F,2024/6/2,13:46:41:15,25,23,4,L,NA,1,0,0,,
11,F,2024/6/2,13:46:42:00,25.5,23.5,4,L,NA,1,0,0,,
11,F,2024/6/2,13:46:42:15,26,24,4,L,NA,1,0,0,,
11,F,2024/6/2,13:46:43:00,26.5,24.5,4,L,NA,1,0,0,,
11,F,2024/6/2,13:46:43:15,27,25,4,L,NA,1,0,0,,
11,F,2024/6/2,13:46:44:00,27.5,25.5,4,L,NA,1,0,0,,
11,F,2024/6/2,13:46:44:15,28,26,4,L,NA,1,0,0,,
11,F,2024/6/2,13:46:45:00,28.5,26.5,4,L,NA,1,0,0,,
11,F,2024/6/2,13:46:45:15,29,27,4,L,NA,1,0,0,,
11,F,2024/6/2,13:46:46:00,29.5,27.5,4,L,NA,1,0,0,,
11,F,2024/6/2,13:46:46:15,30,28,4,L,NA,1,0,0,,
11,F,2024/6/2,13:46:47:00,30.5,28.5,4,L,NA,1,0,0,,
11,F,2024/6/2,13:46:47:15,31,29,4,L,NA,1,0,0,,
11,F,2024/6/2,13:46:48:00,31.5,29.5,4,L,NA,1,0,0,,
11,F,2024/6/2,13:46:48:15,32,30,4,L,NA,1,0,0,,
11,F,2024/6/2,13:46:49:15,32.5,30.5,4,L,NA,1,0,0,,
11,F,2024/6/2,13:46:50:00,33,31,4,L,NA,1,0,0,,
11,F,2024/6/2,13:46:50:15,33.5,31.5,4,L,NA,1,0,0,,
11,F,2024/6/2,13:46:51:00,34,32,4,L,NA,1,0,0,,
11,F,2024/6/2,13:46:51:15,34.5,32.5,4,L,NA,1,0,0,,
11,F,2024/6/2,13:46:52:00,35,33,4,L,NA,1,0,0,,
11,F,2024/6/2,13:46:52:15,35.5,33.5,4,L,NA,1,0,0,,
11,F,2024/6/2,13:46:52:15,36,34,4,L,NA,1,0,0,,
11,F,2024/6/2,13:46:53:00,36.5,34.5,4,L,NA,1,0,0,,
11,F,2024/6/2,13:46:53:15,37,35,4,L,NA,1,0,0,,
11,F,2024/6/2,13:46:54:00,37.5,35.5,4,L,NA,1,0,0,,
11,F,2024/6/2,13:46:54:15,38,36,4,L,NA,1,0,0,,
11,F,2024/6/2,13:46:55:00,38.5,36.5,4,L,NA,1,0,0,,
11,F,2024/6/2,13:46:55:15,39,37,4,L,NA,1,0,0,,
11,F,2024/6/2,13:46:56:00,39.5,37.5,4,L,NA,1,0,0,,
11,F,2024/6/2,13:46:56:15,40,38,4,L,NA,1,0,0,,
11,F,2024/6/2,13:46:57:00,40.5,38.5,4,L,NA,1,0,0,,
11,F,2024/6/2,13:46:57:15,41,39,4,L,NA,1,0,0,,
11,F,2024/6/2,13:46:58:00,41.5,39.5,4,L,NA,1,0,0,,
11,F,2024/6/2,13:46:58:15,42,40,4,L,NA,1,0,0,,
11,F,2024/6/2,13:46:59:00,42.5,40.5,4,L,NA,1,0,0,,
11,F,2024/6/2,13:46:59:15,43,41,4,L,NA,1,0,0,,
11,F,2024/6/2,13:47:00:00,43.5,41.5,4,L,NA,1,0,0,,
11,F,2024/6/2,13:47:00:15,44,42,4,L,NA,1,0,0,,
11,F,2024/6/2,13:47:01:00,44.5,42.5,4,L,NA,1,0,0,,
11,F,2024/6/2,13:47:01:15,45,43,4,L,NA,1,0,0,,
11,F,2024/6/2,13:47:02:00,45.5,43.5,4,L,NA,1,0,0,,
11,F,2024/6/2,13:47:02:15,46,44,4,L,NA,1,0,0,,
11,F,2024/6/2,13:47:03:00,46.5,44.5,4,L,NA,1,0,0,,
11,F,2024/6/2,13:47:03:15,47,45,4,L,NA,1,0,0,,
11,F,2024/6/2,13:47:04:00,47.5,45.5,4,L,NA,1,0,0,,
11,F,2024/6/2,13:47:04:15,48,46,4,L,NA,1,0,0,,
11,F,2024/6/2,13:47:05:00,48.5,46.5,4,L,NA,1,0,0,,
11,F,2024/6/2,13:47:05:15,49,47,4,L,NA,1,0,0,,
11,F,2024/6/2,13:47:06:00,49.5,47.5,4,L,NA,1,0,0,,
11,F,2024/6/2,13:47:06:15,50,48,4,L,NA,1,0,0,,
11,F,2024/6/2,13:47:07:00,50.5,48.5,4,L,NA,1,0,0,,
11,F,2024/6/2,13:47:07:15,51,49,4,L,NA,1,0,0,,
11,F,2024/6/2,13:47:08:00,51.5,49.5,4,L,NA,1,0,0,,
11,F,2024/6/2,13:47:08:15,52,50,4,L,NA,1,0,0,,
11,F,2024/6/2,13:47:09:00,52.5,50.5,4,L,NA,1,0,0,,
11,F,2024/6/2,13:47:09:15,53,51,4,L,NA,1,0,0,,
11,F,2024/6/2,13:47:10:00,53.5,51.5,4,L,NA,1,0,0,,
11,F,2024/6/2,13:47:10:15,54,52,4,L,NA,1,0,0,,
11,F,2024/6/2,13:47:11:00,54.5,52.5,4,L,NA,1,0,0,,
11,F,2024/6/2,13:47:11:15,55,53,4,L,NA,1,0,0,,
11,F,2024/6/2,13:47:12:00,55.5,53.5,4,L,NA,1,0,0,,
11,F,2024/6/2,13:47:12:15,56,54,4,L,NA,1,0,0,,
11,F,2024/6/2,13:47:13:00,56.5,54.5,4,L,NA,1,0,0,,
11,F,2024/6/2,13:47:13:15,57,55,4,L,NA,1,0,0,,
11,F,2024/6/2,13:47:14:00,57.5,55.5,4,L,NA,1,0,0,,
11,F,2024/6/2,13:47:14:15,58,56,4,L,NA,1,0,0,,
11,F,2024/6/2,13:47:15:00,58.5,56.5,4,L,NA,1,0,0,,
11,F,2024/6/2,13:47:15:15,59,57,4,L,NA,1,0,0,,
11,F,2024/6/2,13:47:16:00,59.5,57.5,4,L,NA,1,0,0,,
11,F,2024/6/2,13:47:16:15,60,58,4,L,NA,1,0,0,,
11,F,2024/6/2,13:47:17:00,60.5,58.5,4,L,NA,1,0,0,,
11,F,2024/6/2,13:47:17:15,61,59,4,L,NA,1,0,0,,
11,F,2024/6/2,13:47:18:00,61.5,59.5,4,L,NA,1,0,0,,
11,F,2024/6/2,13:47:18:15,62,60,4,L,NA,1,0,0,,
11,F,2024/6/2,13:47:38:00,0,NA,5,R,L,0,0,0,,
11,F,2024/6/2,13:47:38:15,0.5,NA,5,R,L,0,0,0,,
11,F,2024/6/2,13:47:39:00,1,NA,5,R,L,0,0,0,,
11,F,2024/6/2,13:47:39:15,1.5,0,5,R,L,1,0,0,,
11,F,2024/6/2,13:47:40:00,2,0.5,5,R,L,1,0,0,,
11,F,2024/6/2,13:47:40:15,2.5,1,5,R,L,1,0,0,,
11,F,2024/6/2,13:47:41:00,3,1.5,5,R,L,1,0,0,,
11,F,2024/6/2,13:47:41:15,3.5,2,5,R,L,1,0,0,,
11,F,2024/6/2,13:47:42:00,4,2.5,5,R,L,1,0,0,,
11,F,2024/6/2,13:47:42:15,4.5,3,5,R,L,1,0,0,,
11,F,2024/6/2,13:47:43:00,5,3.5,5,R,L,1,0,0,,
11,F,2024/6/2,13:47:43:15,5.5,4,5,R,L,1,0,0,,
11,F,2024/6/2,13:47:44:00,6,4.5,5,R,L,1,0,0,,
11,F,2024/6/2,13:47:44:15,6.5,5,5,R,L,1,0,0,,
11,F,2024/6/2,13:47:45:00,7,5.5,5,R,L,1,0,0,,
11,F,2024/6/2,13:47:45:15,7.5,6,5,R,L,1,0,0,,
11,F,2024/6/2,13:47:46:00,8,6.5,5,R,L,1,0,0,,
11,F,2024/6/2,13:47:46:15,8.5,7,5,R,L,1,0,0,,
11,F,2024/6/2,13:47:47:00,9,7.5,5,R,L,1,0,0,,
11,F,2024/6/2,13:47:47:15,9.5,8,5,R,L,1,0,0,,
11,F,2024/6/2,13:47:48:00,10,8.5,5,R,L,1,0,0,,
11,F,2024/6/2,13:47:48:15,10.5,9,5,R,L,1,0,0,,
11,F,2024/6/2,13:47:49:15,11,9.5,5,R,L,1,0,0,,
11,F,2024/6/2,13:47:50:00,11.5,10,5,R,L,1,0,0,,
11,F,2024/6/2,13:47:50:15,12,10.5,5,R,L,1,0,0,,
11,F,2024/6/2,13:47:51:00,12.5,11,5,R,L,1,0,0,,
11,F,2024/6/2,13:47:51:15,13,11.5,5,R,L,1,0,0,,
11,F,2024/6/2,13:47:52:00,13.5,12,5,R,L,1,0,0,,
11,F,2024/6/2,13:47:52:15,14,12.5,5,R,L,1,0,0,,
11,F,2024/6/2,13:47:52:15,14.5,13,5,R,L,1,1,0,,
11,F,2024/6/2,13:49:02:15,0,NA,6,R,NA,0,0,0,,
11,F,2024/6/2,13:49:03:00,0.5,NA,6,R,NA,0,0,0,,
11,F,2024/6/2,13:49:03:15,1,NA,6,R,NA,0,0,0,,
11,F,2024/6/2,13:49:04:00,1.5,NA,6,R,NA,0,0,0,,
11,F,2024/6/2,13:49:04:15,2,0,6,R,NA,1,0,0,,
11,F,2024/6/2,13:49:05:00,2.5,0.5,6,R,NA,1,0,0,,
11,F,2024/6/2,13:49:05:15,3,1,6,R,NA,1,0,0,,
11,F,2024/6/2,13:49:06:00,3.5,1.5,6,R,NA,1,0,0,,
11,F,2024/6/2,13:49:06:15,4,2,6,R,NA,1,0,0,,
11,F,2024/6/2,13:49:07:00,4.5,2.5,6,R,NA,1,0,0,,
11,F,2024/6/2,13:49:07:15,5,3,6,R,NA,1,0,0,,
11,F,2024/6/2,13:49:08:00,5.5,3.5,6,R,NA,1,0,0,,
11,F,2024/6/2,13:49:08:15,6,4,6,R,NA,1,0,0,,
11,F,2024/6/2,13:49:09:00,6.5,4.5,6,R,NA,1,0,0,,
11,F,2024/6/2,13:49:09:15,7,5,6,R,NA,1,0,0,,
11,F,2024/6/2,13:49:10:00,7.5,5.5,6,R,NA,1,0,0,,
11,F,2024/6/2,13:49:10:15,8,6,6,R,NA,1,0,0,,
11,F,2024/6/2,13:49:11:00,8.5,6.5,6,R,NA,1,0,0,,
11,F,2024/6/2,13:49:11:15,9,7,6,R,NA,1,0,0,,
11,F,2024/6/2,13:49:12:00,9.5,7.5,6,R,NA,1,0,0,,
11,F,2024/6/2,13:49:12:15,10,8,6,R,NA,1,0,0,,
11,F,2024/6/2,13:49:13:00,10.5,8.5,6,R,NA,1,0,0,,
11,F,2024/6/2,13:49:13:15,11,9,6,R,NA,1,0,0,,
11,F,2024/6/2,13:49:14:00,11.5,9.5,6,R,NA,1,0,0,,
11,F,2024/6/2,13:49:14:15,12,10,6,R,NA,1,0,0,,
11,F,2024/6/2,13:49:15:00,12.5,10.5,6,R,NA,1,0,0,,
11,F,2024/6/2,13:49:15:15,13,11,6,R,NA,1,0,0,,
11,F,2024/6/2,13:49:16:00,13.5,11.5,6,R,NA,1,0,0,,
11,F,2024/6/2,13:49:16:15,14,12,6,R,NA,1,0,0,,
11,F,2024/6/2,13:49:17:00,14.5,12.5,6,R,NA,1,0,0,,
11,F,2024/6/2,13:49:17:15,15,13,6,R,NA,1,0,0,,
11,F,2024/6/2,13:49:18:00,15.5,13.5,6,R,NA,1,0,0,,
11,F,2024/6/2,13:49:18:15,16,14,6,R,NA,1,0,0,,
11,F,2024/6/2,13:49:19:00,16.5,14.5,6,R,NA,1,0,0,,
11,F,2024/6/2,13:49:19:15,17,15,6,R,NA,1,0,0,,
11,F,2024/6/2,13:49:20:00,17.5,15.5,6,R,NA,1,0,0,,
11,F,2024/6/2,13:49:20:15,18,16,6,R,NA,1,0,0,,
11,F,2024/6/2,13:49:21:00,18.5,16.5,6,R,NA,1,0,0,,
11,F,2024/6/2,13:49:21:15,19,17,6,R,NA,1,0,0,,
11,F,2024/6/2,13:49:22:00,19.5,17.5,6,R,NA,1,0,0,,
11,F,2024/6/2,13:49:22:15,20,18,6,R,NA,1,0,0,,
11,F,2024/6/2,13:49:23:00,20.5,18.5,6,R,NA,1,0,2,,
11,F,2024/6/2,13:49:23:15,21,19,6,R,NA,1,0,1,,
11,F,2024/6/2,13:49:24:00,21.5,19.5,6,R,NA,1,0,1,,
11,F,2024/6/2,13:49:24:15,22,20,6,R,NA,1,0,0,,
11,F,2024/6/2,13:49:25:00,22.5,20.5,6,R,NA,1,0,0,,
11,F,2024/6/2,13:49:25:15,23,21,6,R,NA,1,0,0,,
11,F,2024/6/2,13:49:26:00,23.5,21.5,6,R,NA,1,0,0,,
11,F,2024/6/2,13:49:26:15,24,22,6,R,NA,1,0,0,,
11,F,2024/6/2,13:49:27:00,24.5,22.5,6,R,NA,1,0,0,,
11,F,2024/6/2,13:49:27:15,25,23,6,R,NA,1,0,1,,
11,F,2024/6/2,13:49:28:00,25.5,23.5,6,R,NA,1,0,2,,
11,F,2024/6/2,13:49:28:15,26,24,6,R,NA,1,0,0,,
11,F,2024/6/2,13:49:29:00,26.5,24.5,6,R,NA,1,0,0,,
11,F,2024/6/2,13:49:29:15,27,25,6,R,NA,1,0,0,,
11,F,2024/6/2,13:49:26:00,27.5,25.5,6,R,NA,1,0,0,,
11,F,2024/6/2,13:49:26:15,28,26,6,R,NA,1,0,0,,
11,F,2024/6/2,13:49:27:00,28.5,26.5,6,R,NA,1,0,0,,
11,F,2024/6/2,13:49:27:15,29,27,6,R,NA,1,0,0,,
11,F,2024/6/2,13:49:28:00,29.5,27.5,6,R,NA,1,0,0,,
11,F,2024/6/2,13:49:28:15,30,28,6,R,NA,1,0,0,,
11,F,2024/6/2,13:49:29:00,30.5,28.5,6,R,NA,1,0,0,,
11,F,2024/6/2,13:49:29:15,31,29,6,R,NA,1,0,0,,
11,F,2024/6/2,13:49:30:00,31.5,29.5,6,R,NA,1,0,0,,
11,F,2024/6/2,13:49:30:15,32,30,6,R,NA,1,0,0,,
11,F,2024/6/2,13:49:31:00,32.5,30.5,6,R,NA,1,0,0,,
11,F,2024/6/2,13:49:31:15,33,31,6,R,NA,1,0,0,,
11,F,2024/6/2,13:49:32:00,33.5,31.5,6,R,NA,1,0,0,,
11,F,2024/6/2,13:49:32:15,34,32,6,R,NA,1,0,0,,
11,F,2024/6/2,13:49:33:00,34.5,32.5,6,R,NA,1,0,0,,
11,F,2024/6/2,13:49:33:15,35,33,6,R,NA,1,0,0,,
11,F,2024/6/2,13:49:34:00,35.5,33.5,6,R,NA,1,0,0,,
11,F,2024/6/2,13:49:34:15,36,34,6,R,NA,1,0,0,,
11,F,2024/6/2,13:49:35:00,36.5,34.5,6,R,NA,1,0,0,,
11,F,2024/6/2,13:49:35:15,37,35,6,R,NA,1,0,0,,
11,F,2024/6/2,13:49:36:00,37.5,35.5,6,R,NA,1,0,0,,
11,F,2024/6/2,13:49:36:15,38,36,6,R,NA,1,0,0,,
11,F,2024/6/2,13:49:37:00,38.5,36.5,6,R,NA,1,0,0,,
11,F,2024/6/2,13:49:37:15,39,37,6,R,NA,1,0,0,,
11,F,2024/6/2,13:49:38:00,39.5,37.5,6,R,NA,1,0,0,,
11,F,2024/6/2,13:49:38:15,40,38,6,R,NA,1,0,0,,
11,F,2024/6/2,13:49:39:00,40.5,38.5,6,R,NA,1,0,0,,
11,F,2024/6/2,13:49:39:15,41,39,6,R,NA,1,0,0,,
11,F,2024/6/2,13:49:40:00,41.5,39.5,6,R,NA,1,0,0,,
11,F,2024/6/2,13:49:40:15,42,40,6,R,NA,1,0,0,,
11,F,2024/6/2,13:49:41:00,42.5,40.5,6,R,NA,1,0,0,,
11,F,2024/6/2,13:49:41:15,43,41,6,R,NA,1,0,0,,
11,F,2024/6/2,13:49:42:00,43.5,41.5,6,R,NA,1,0,0,,
11,F,2024/6/2,13:49:42:15,44,42,6,R,NA,1,0,0,,
11,F,2024/6/2,13:49:43:00,44.5,42.5,6,R,NA,1,0,0,,
11,F,2024/6/2,13:49:43:15,45,43,6,R,NA,1,0,0,,
11,F,2024/6/2,13:49:44:00,45.5,43.5,6,R,NA,1,0,0,,
11,F,2024/6/2,13:49:44:15,46,44,6,R,NA,1,0,0,,
11,F,2024/6/2,13:49:45:00,46.5,44.5,6,R,NA,1,0,0,,
11,F,2024/6/2,13:49:45:15,47,45,6,R,NA,1,0,0,,
11,F,2024/6/2,13:49:46:00,47.5,45.5,6,R,NA,1,0,0,,
11,F,2024/6/2,13:49:46:15,48,46,6,R,NA,1,0,0,,
11,F,2024/6/2,13:49:47:00,48.5,46.5,6,R,NA,1,0,0,,
11,F,2024/6/2,13:49:47:15,49,47,6,R,NA,1,0,0,,
11,F,2024/6/2,13:49:48:00,49.5,47.5,6,R,NA,1,0,0,,
11,F,2024/6/2,13:49:48:15,50,48,6,R,NA,1,0,0,,
11,F,2024/6/2,13:49:49:15,50.5,48.5,6,R,NA,1,0,0,,
11,F,2024/6/2,13:49:50:00,51,49,6,R,NA,1,0,0,,
11,F,2024/6/2,13:49:50:15,51.5,49.5,6,R,NA,1,0,0,,
11,F,2024/6/2,13:49:51:00,52,50,6,R,NA,1,0,0,,
11,F,2024/6/2,13:49:51:15,52.5,50.5,6,R,NA,1,0,0,,
11,F,2024/6/2,13:49:52:00,53,51,6,R,NA,1,0,0,,
11,F,2024/6/2,13:49:52:15,53.5,51.5,6,R,NA,1,0,0,,
11,F,2024/6/2,13:49:52:15,54,52,6,R,NA,1,0,0,,
11,F,2024/6/2,13:49:53:00,54.5,52.5,6,R,NA,1,0,0,,
11,F,2024/6/2,13:49:53:15,55,53,6,R,NA,1,0,0,,
11,F,2024/6/2,13:49:54:00,55.5,53.5,6,R,NA,1,0,0,,
11,F,2024/6/2,13:49:54:15,56,54,6,R,NA,1,0,0,,
11,F,2024/6/2,13:49:55:00,56.5,54.5,6,R,NA,1,0,0,,
11,F,2024/6/2,13:49:55:15,57,55,6,R,NA,1,0,0,,
11,F,2024/6/2,13:49:56:00,57.5,55.5,6,R,NA,1,0,0,,
11,F,2024/6/2,13:49:56:15,58,56,6,R,NA,1,0,0,,
11,F,2024/6/2,13:49:57:00,58.5,56.5,6,R,NA,1,0,0,,
11,F,2024/6/2,13:49:57:15,59,57,6,R,NA,1,0,0,,
11,F,2024/6/2,13:49:58:00,59.5,57.5,6,R,NA,1,0,0,,
11,F,2024/6/2,13:49:58:15,60,58,6,R,NA,1,0,0,,
11,F,2024/6/2,13:49:59:00,60.5,58.5,6,R,NA,1,0,0,,
11,F,2024/6/2,13:49:59:15,61,59,6,R,NA,1,0,0,,
11,F,2024/6/2,13:50:00:00,61.5,59.5,6,R,NA,1,0,0,,
11,F,2024/6/2,13:50:00:15,62,60,6,R,NA,1,0,0,,
11,F,2024/6/2,13:50:22:15,0,NA,7,L,NA,0,0,0,,
11,F,2024/6/2,13:50:23:00,0.5,NA,7,L,NA,0,0,0,,
11,F,2024/6/2,13:50:23:15,1,NA,7,L,NA,0,0,0,,
11,F,2024/6/2,13:50:24:00,1.5,0,7,L,NA,1,0,0,,
11,F,2024/6/2,13:50:24:15,2,0.5,7,L,NA,1,0,0,,
11,F,2024/6/2,13:50:25:00,2.5,1,7,L,NA,1,0,0,,
11,F,2024/6/2,13:50:25:15,3,1.5,7,L,NA,1,0,0,,
11,F,2024/6/2,13:50:26:00,3.5,2,7,L,NA,1,0,0,,
11,F,2024/6/2,13:50:26:15,4,2.5,7,L,NA,1,0,0,,
11,F,2024/6/2,13:50:27:00,4.5,3,7,L,NA,1,0,0,,
11,F,2024/6/2,13:50:27:15,5,3.5,7,L,NA,1,0,0,,
11,F,2024/6/2,13:50:28:00,5.5,4,7,L,NA,1,0,0,,
11,F,2024/6/2,13:50:28:15,6,4.5,7,L,NA,1,0,0,,
11,F,2024/6/2,13:50:29:00,6.5,5,7,L,NA,1,0,0,,
11,F,2024/6/2,13:50:29:15,7,5.5,7,L,NA,1,0,0,,
11,F,2024/6/2,13:50:26:00,7.5,6,7,L,NA,1,0,0,,
11,F,2024/6/2,13:50:26:15,8,6.5,7,L,NA,1,0,0,,
11,F,2024/6/2,13:50:27:00,8.5,7,7,L,NA,1,0,0,,
11,F,2024/6/2,13:50:27:15,9,7.5,7,L,NA,1,0,0,,
11,F,2024/6/2,13:50:28:00,9.5,8,7,L,NA,1,0,0,,
11,F,2024/6/2,13:50:28:15,10,8.5,7,L,NA,1,0,0,,
11,F,2024/6/2,13:50:29:00,10.5,9,7,L,NA,1,0,0,,
11,F,2024/6/2,13:50:29:15,11,9.5,7,L,NA,1,0,0,,
11,F,2024/6/2,13:50:30:00,11.5,10,7,L,NA,1,0,0,,
11,F,2024/6/2,13:50:30:15,12,10.5,7,L,NA,1,0,0,,
11,F,2024/6/2,13:50:31:00,12.5,11,7,L,NA,1,0,0,,
11,F,2024/6/2,13:50:31:15,13,11.5,7,L,NA,1,0,0,,
11,F,2024/6/2,13:50:32:00,13.5,12,7,L,NA,1,0,0,,
11,F,2024/6/2,13:50:32:15,14,12.5,7,L,NA,1,0,0,,
11,F,2024/6/2,13:50:33:00,14.5,13,7,L,NA,1,0,0,,
11,F,2024/6/2,13:50:33:15,15,13.5,7,L,NA,1,0,0,,
11,F,2024/6/2,13:50:34:00,15.5,14,7,L,NA,1,0,0,,
11,F,2024/6/2,13:50:34:15,16,14.5,7,L,NA,1,0,0,,
11,F,2024/6/2,13:50:35:00,16.5,15,7,L,NA,1,0,0,,
11,F,2024/6/2,13:50:35:15,17,15.5,7,L,NA,1,0,0,,
11,F,2024/6/2,13:50:36:00,17.5,16,7,L,NA,1,0,0,,
11,F,2024/6/2,13:50:36:15,18,16.5,7,L,NA,1,0,0,,
11,F,2024/6/2,13:50:37:00,18.5,17,7,L,NA,1,0,0,,
11,F,2024/6/2,13:50:37:15,19,17.5,7,L,NA,1,0,0,,
11,F,2024/6/2,13:50:38:00,19.5,18,7,L,NA,1,0,0,,
11,F,2024/6/2,13:50:38:15,20,18.5,7,L,NA,1,0,0,,
11,F,2024/6/2,13:50:39:00,20.5,19,7,L,NA,1,0,0,,
11,F,2024/6/2,13:50:39:15,21,19.5,7,L,NA,1,0,0,,
11,F,2024/6/2,13:50:40:00,21.5,20,7,L,NA,1,0,0,,
11,F,2024/6/2,13:50:40:15,22,20.5,7,L,NA,1,0,0,,
11,F,2024/6/2,13:50:41:00,22.5,21,7,L,NA,1,0,0,,
11,F,2024/6/2,13:50:41:15,23,21.5,7,L,NA,1,0,0,,
11,F,2024/6/2,13:50:42:00,23.5,22,7,L,NA,1,0,0,,
11,F,2024/6/2,13:50:42:15,24,22.5,7,L,NA,1,0,0,,
11,F,2024/6/2,13:50:43:00,24.5,23,7,L,NA,1,0,0,,
11,F,2024/6/2,13:50:43:15,25,23.5,7,L,NA,1,0,0,,
11,F,2024/6/2,13:50:44:00,25.5,24,7,L,NA,1,0,0,,
11,F,2024/6/2,13:50:44:15,26,24.5,7,L,NA,1,0,0,,
11,F,2024/6/2,13:50:45:00,26.5,25,7,L,NA,1,0,0,,
11,F,2024/6/2,13:50:45:15,27,25.5,7,L,NA,1,0,0,,
11,F,2024/6/2,13:50:46:00,27.5,26,7,L,NA,1,0,0,,
11,F,2024/6/2,13:50:46:15,28,26.5,7,L,NA,1,0,0,,
11,F,2024/6/2,13:50:47:00,28.5,27,7,L,NA,1,0,0,,
11,F,2024/6/2,13:50:47:15,29,27.5,7,L,NA,1,0,0,,
11,F,2024/6/2,13:50:48:00,29.5,28,7,L,NA,1,0,0,,
11,F,2024/6/2,13:50:48:15,30,28.5,7,L,NA,1,0,0,,
11,F,2024/6/2,13:50:49:15,30.5,29,7,L,NA,1,0,0,,
11,F,2024/6/2,13:50:50:00,31,29.5,7,L,NA,1,0,0,,
11,F,2024/6/2,13:50:50:15,31.5,30,7,L,NA,1,0,0,,
11,F,2024/6/2,13:50:51:00,32,30.5,7,L,NA,1,0,0,,
11,F,2024/6/2,13:50:51:15,32.5,31,7,L,NA,1,0,0,,
11,F,2024/6/2,13:50:52:00,33,31.5,7,L,NA,1,0,0,,
11,F,2024/6/2,13:50:52:15,33.5,32,7,L,NA,1,0,0,,
11,F,2024/6/2,13:50:52:15,34,32.5,7,L,NA,1,0,0,,
11,F,2024/6/2,13:50:53:00,34.5,33,7,L,NA,1,0,0,,
11,F,2024/6/2,13:50:53:15,35,33.5,7,L,NA,1,0,0,,
11,F,2024/6/2,13:50:54:00,35.5,34,7,L,NA,1,0,0,,
11,F,2024/6/2,13:50:54:15,36,34.5,7,L,NA,1,0,0,,
11,F,2024/6/2,13:50:55:00,36.5,35,7,L,NA,1,0,0,,
11,F,2024/6/2,13:50:55:15,37,35.5,7,L,NA,1,0,0,,
11,F,2024/6/2,13:50:56:00,37.5,36,7,L,NA,1,0,0,,
11,F,2024/6/2,13:50:56:15,38,36.5,7,L,NA,1,0,0,,
11,F,2024/6/2,13:50:57:00,38.5,37,7,L,NA,1,0,0,,
11,F,2024/6/2,13:50:57:15,39,37.5,7,L,NA,1,0,0,,
11,F,2024/6/2,13:50:58:00,39.5,38,7,L,NA,1,0,0,,
11,F,2024/6/2,13:50:58:15,40,38.5,7,L,NA,1,0,0,,
11,F,2024/6/2,13:50:59:00,40.5,39,7,L,NA,1,0,0,,
11,F,2024/6/2,13:50:59:15,41,39.5,7,L,NA,1,0,0,,
11,F,2024/6/2,13:51:00:00,41.5,40,7,L,NA,1,0,0,,
11,F,2024/6/2,13:51:00:15,42,40.5,7,L,NA,1,0,0,,
11,F,2024/6/2,13:51:01:00,42.5,41,7,L,NA,1,0,0,,
11,F,2024/6/2,13:51:01:15,43,41.5,7,L,NA,1,0,0,,
11,F,2024/6/2,13:51:02:00,43.5,42,7,L,NA,1,0,0,,
11,F,2024/6/2,13:51:02:15,44,42.5,7,L,NA,1,0,0,,
11,F,2024/6/2,13:51:03:00,44.5,43,7,L,NA,1,0,0,,
11,F,2024/6/2,13:51:03:15,45,43.5,7,L,NA,1,0,0,,
11,F,2024/6/2,13:51:04:00,45.5,44,7,L,NA,1,0,0,,
11,F,2024/6/2,13:51:04:15,46,44.5,7,L,NA,1,0,0,,
11,F,2024/6/2,13:51:05:00,46.5,45,7,L,NA,1,0,0,,
11,F,2024/6/2,13:51:05:15,47,45.5,7,L,NA,1,0,0,,
11,F,2024/6/2,13:51:06:00,47.5,46,7,L,NA,1,0,0,,
11,F,2024/6/2,13:51:06:15,48,46.5,7,L,NA,1,0,0,,
11,F,2024/6/2,13:51:07:00,48.5,47,7,L,NA,1,0,0,,
11,F,2024/6/2,13:51:07:15,49,47.5,7,L,NA,1,0,0,,
11,F,2024/6/2,13:51:08:00,49.5,48,7,L,NA,1,0,0,,
11,F,2024/6/2,13:51:08:15,50,48.5,7,L,NA,1,0,0,,
11,F,2024/6/2,13:51:09:00,50.5,49,7,L,NA,1,0,0,,
11,F,2024/6/2,13:51:09:15,51,49.5,7,L,NA,1,0,0,,
11,F,2024/6/2,13:51:10:00,51.5,50,7,L,NA,1,0,0,,
11,F,2024/6/2,13:51:10:15,52,50.5,7,L,NA,1,0,0,,
11,F,2024/6/2,13:51:11:00,52.5,51,7,L,NA,1,0,0,,
11,F,2024/6/2,13:51:11:15,53,51.5,7,L,NA,1,0,0,,
11,F,2024/6/2,13:51:12:00,53.5,52,7,L,NA,1,0,0,,
11,F,2024/6/2,13:51:12:15,54,52.5,7,L,NA,1,0,0,,
11,F,2024/6/2,13:51:13:00,54.5,53,7,L,NA,1,0,0,,
11,F,2024/6/2,13:51:13:15,55,53.5,7,L,NA,1,0,0,,
11,F,2024/6/2,13:51:14:00,55.5,54,7,L,NA,1,0,0,,
11,F,2024/6/2,13:51:14:15,56,54.5,7,L,NA,1,0,0,,
11,F,2024/6/2,13:51:15:00,56.5,55,7,L,NA,1,0,0,,
11,F,2024/6/2,13:51:15:15,57,55.5,7,L,NA,1,0,0,,
11,F,2024/6/2,13:51:16:00,57.5,56,7,L,NA,1,0,0,,
11,F,2024/6/2,13:51:16:15,58,56.5,7,L,NA,1,0,0,,
11,F,2024/6/2,13:51:17:00,58.5,57,7,L,NA,1,0,0,,
11,F,2024/6/2,13:51:17:15,59,57.5,7,L,NA,1,0,0,,
11,F,2024/6/2,13:51:18:00,59.5,58,7,L,NA,1,0,0,,
11,F,2024/6/2,13:51:18:15,60,58.5,7,L,NA,1,0,0,,
11,F,2024/6/2,13:51:19:00,60.5,59,7,L,NA,1,0,0,,
11,F,2024/6/2,13:51:19:15,61,59.5,7,L,NA,1,0,0,,
11,F,2024/6/2,13:51:20:00,61.5,60,7,L,NA,1,0,0,,
11,F,2024/6/2,13:51:58:15,0,NA,8,R,NA,0,0,0,,
11,F,2024/6/2,13:51:59:00,0.5,NA,8,R,NA,0,0,0,,
11,F,2024/6/2,13:51:59:15,1,NA,8,R,NA,0,0,0,,
11,F,2024/6/2,13:52:00:00,1.5,NA,8,R,NA,0,0,0,,
11,F,2024/6/2,13:52:00:15,2,0,8,R,NA,1,0,0,,
11,F,2024/6/2,13:52:01:00,2.5,0.5,8,R,NA,1,0,0,,
11,F,2024/6/2,13:52:01:15,3,1,8,R,NA,1,0,0,,
11,F,2024/6/2,13:52:02:00,3.5,1.5,8,R,NA,1,0,0,,
11,F,2024/6/2,13:52:02:15,4,2,8,R,NA,1,0,0,,
11,F,2024/6/2,13:52:03:00,4.5,2.5,8,R,NA,1,0,0,,
11,F,2024/6/2,13:52:03:15,5,3,8,R,NA,1,0,0,,
11,F,2024/6/2,13:52:04:00,5.5,3.5,8,R,NA,1,0,0,,
11,F,2024/6/2,13:52:04:15,6,4,8,R,NA,1,0,0,,
11,F,2024/6/2,13:52:05:00,6.5,4.5,8,R,NA,1,0,0,,
11,F,2024/6/2,13:52:05:15,7,5,8,R,NA,1,0,0,,
11,F,2024/6/2,13:52:06:00,7.5,5.5,8,R,NA,1,0,0,,
11,F,2024/6/2,13:52:06:15,8,6,8,R,NA,1,0,0,,
11,F,2024/6/2,13:52:07:00,8.5,6.5,8,R,NA,1,0,0,,
11,F,2024/6/2,13:52:07:15,9,7,8,R,NA,1,0,0,,
11,F,2024/6/2,13:52:08:00,9.5,7.5,8,R,NA,1,0,0,,
11,F,2024/6/2,13:52:08:15,10,8,8,R,NA,1,0,0,,
11,F,2024/6/2,13:52:09:00,10.5,8.5,8,R,NA,1,0,0,,
11,F,2024/6/2,13:52:09:15,11,9,8,R,NA,1,0,0,,
11,F,2024/6/2,13:52:10:00,11.5,9.5,8,R,NA,1,0,0,,
11,F,2024/6/2,13:52:10:15,12,10,8,R,NA,1,0,0,,
11,F,2024/6/2,13:52:11:00,12.5,10.5,8,R,NA,1,0,0,,
11,F,2024/6/2,13:52:11:15,13,11,8,R,NA,1,0,0,,
11,F,2024/6/2,13:52:12:00,13.5,11.5,8,R,NA,1,0,0,,
11,F,2024/6/2,13:52:12:15,14,12,8,R,NA,1,0,0,,
11,F,2024/6/2,13:52:13:00,14.5,12.5,8,R,NA,1,0,0,,
11,F,2024/6/2,13:52:13:15,15,13,8,R,NA,1,0,0,,
11,F,2024/6/2,13:52:14:00,15.5,13.5,8,R,NA,1,0,0,,
11,F,2024/6/2,13:52:14:15,16,14,8,R,NA,1,0,0,,
11,F,2024/6/2,13:52:15:00,16.5,14.5,8,R,NA,1,0,0,,
11,F,2024/6/2,13:52:15:15,17,15,8,R,NA,1,0,0,,
11,F,2024/6/2,13:52:16:00,17.5,15.5,8,R,NA,1,0,0,,
11,F,2024/6/2,13:52:16:15,18,16,8,R,NA,1,0,0,,
11,F,2024/6/2,13:52:17:00,18.5,16.5,8,R,NA,1,0,0,,
11,F,2024/6/2,13:52:17:15,19,17,8,R,NA,1,0,0,,
11,F,2024/6/2,13:52:18:00,19.5,17.5,8,R,NA,1,0,0,,
11,F,2024/6/2,13:52:18:15,20,18,8,R,NA,1,0,0,,
11,F,2024/6/2,13:52:19:00,20.5,18.5,8,R,NA,1,0,0,,
11,F,2024/6/2,13:52:19:15,21,19,8,R,NA,1,0,0,,
11,F,2024/6/2,13:52:20:00,21.5,19.5,8,R,NA,1,0,0,,
11,F,2024/6/2,13:52:20:15,22,20,8,R,NA,1,0,0,,
11,F,2024/6/2,13:52:21:00,22.5,20.5,8,R,NA,1,0,0,,
11,F,2024/6/2,13:52:21:15,23,21,8,R,NA,1,0,0,,
11,F,2024/6/2,13:52:22:00,23.5,21.5,8,R,NA,1,0,0,,
11,F,2024/6/2,13:52:22:15,24,22,8,R,NA,1,0,0,,
11,F,2024/6/2,13:52:23:00,24.5,22.5,8,R,NA,1,0,0,,
11,F,2024/6/2,13:52:23:15,25,23,8,R,NA,1,0,0,,
11,F,2024/6/2,13:52:24:00,25.5,23.5,8,R,NA,1,0,0,,
11,F,2024/6/2,13:52:24:15,26,24,8,R,NA,1,0,0,,
11,F,2024/6/2,13:52:25:00,26.5,24.5,8,R,NA,1,0,0,,
11,F,2024/6/2,13:52:25:15,27,25,8,R,NA,1,0,0,,
11,F,2024/6/2,13:52:26:00,27.5,25.5,8,R,NA,1,0,0,,
11,F,2024/6/2,13:52:26:15,28,26,8,R,NA,1,0,0,,
11,F,2024/6/2,13:52:27:00,28.5,26.5,8,R,NA,1,0,0,,
11,F,2024/6/2,13:52:27:15,29,27,8,R,NA,1,0,0,,
11,F,2024/6/2,13:52:28:00,29.5,27.5,8,R,NA,1,0,0,,
11,F,2024/6/2,13:52:28:15,30,28,8,R,NA,1,0,0,,
11,F,2024/6/2,13:52:29:00,30.5,28.5,8,R,NA,1,0,0,,
11,F,2024/6/2,13:52:29:15,31,29,8,R,NA,1,0,0,,
11,F,2024/6/2,13:52:26:00,31.5,29.5,8,R,NA,1,0,0,,
11,F,2024/6/2,13:52:26:15,32,30,8,R,NA,1,0,0,,
11,F,2024/6/2,13:52:27:00,32.5,30.5,8,R,NA,1,0,0,,
11,F,2024/6/2,13:52:27:15,33,31,8,R,NA,1,0,0,,
11,F,2024/6/2,13:52:28:00,33.5,31.5,8,R,NA,1,0,0,,
11,F,2024/6/2,13:52:28:15,34,32,8,R,NA,1,0,0,,
11,F,2024/6/2,13:52:29:00,34.5,32.5,8,R,NA,1,0,0,,
11,F,2024/6/2,13:52:29:15,35,33,8,R,NA,1,0,0,,
11,F,2024/6/2,13:52:30:00,35.5,33.5,8,R,NA,1,0,0,,
11,F,2024/6/2,13:52:30:15,36,34,8,R,NA,1,0,0,,
11,F,2024/6/2,13:52:31:00,36.5,34.5,8,R,NA,1,0,0,,
11,F,2024/6/2,13:52:31:15,37,35,8,R,NA,1,0,0,,
11,F,2024/6/2,13:52:32:00,37.5,35.5,8,R,NA,1,0,0,,
11,F,2024/6/2,13:52:32:15,38,36,8,R,NA,1,0,0,,
11,F,2024/6/2,13:52:33:00,38.5,36.5,8,R,NA,1,0,0,,
11,F,2024/6/2,13:52:33:15,39,37,8,R,NA,1,0,0,,
11,F,2024/6/2,13:52:34:00,39.5,37.5,8,R,NA,1,0,0,,
11,F,2024/6/2,13:52:34:15,40,38,8,R,NA,1,0,0,,
11,F,2024/6/2,13:52:35:00,40.5,38.5,8,R,NA,1,0,0,,
11,F,2024/6/2,13:52:35:15,41,39,8,R,NA,1,0,0,,
11,F,2024/6/2,13:52:36:00,41.5,39.5,8,R,NA,1,0,0,,
11,F,2024/6/2,13:52:36:15,42,40,8,R,NA,1,0,0,,
11,F,2024/6/2,13:52:37:00,42.5,40.5,8,R,NA,1,0,0,,
11,F,2024/6/2,13:52:37:15,43,41,8,R,NA,1,0,0,,
11,F,2024/6/2,13:52:38:00,43.5,41.5,8,R,NA,1,0,0,,
11,F,2024/6/2,13:52:38:15,44,42,8,R,NA,1,0,0,,
11,F,2024/6/2,13:52:39:00,44.5,42.5,8,R,NA,1,0,0,,
11,F,2024/6/2,13:52:39:15,45,43,8,R,NA,1,0,0,,
11,F,2024/6/2,13:52:40:00,45.5,43.5,8,R,NA,1,0,0,,
11,F,2024/6/2,13:52:40:15,46,44,8,R,NA,1,0,0,,
11,F,2024/6/2,13:52:41:00,46.5,44.5,8,R,NA,1,0,0,,
11,F,2024/6/2,13:52:41:15,47,45,8,R,NA,1,0,0,,
11,F,2024/6/2,13:52:42:00,47.5,45.5,8,R,NA,1,0,0,,
11,F,2024/6/2,13:52:42:15,48,46,8,R,NA,1,0,0,,
11,F,2024/6/2,13:52:43:00,48.5,46.5,8,R,NA,1,0,0,,
11,F,2024/6/2,13:52:43:15,49,47,8,R,NA,1,0,0,,
11,F,2024/6/2,13:52:44:00,49.5,47.5,8,R,NA,1,0,0,,
11,F,2024/6/2,13:52:44:15,50,48,8,R,NA,1,0,0,,
11,F,2024/6/2,13:52:45:00,50.5,48.5,8,R,NA,1,0,0,,
11,F,2024/6/2,13:52:45:15,51,49,8,R,NA,1,0,0,,
11,F,2024/6/2,13:52:46:00,51.5,49.5,8,R,NA,1,0,0,,
11,F,2024/6/2,13:52:46:15,52,50,8,R,NA,1,0,0,,
11,F,2024/6/2,13:52:47:00,52.5,50.5,8,R,NA,1,0,0,,
11,F,2024/6/2,13:52:47:15,53,51,8,R,NA,1,0,0,,
11,F,2024/6/2,13:52:48:00,53.5,51.5,8,R,NA,1,0,0,,
11,F,2024/6/2,13:52:48:15,54,52,8,R,NA,1,0,0,,
11,F,2024/6/2,13:52:49:15,54.5,52.5,8,R,NA,1,0,0,,
11,F,2024/6/2,13:52:50:00,55,53,8,R,NA,1,0,0,,
11,F,2024/6/2,13:52:50:15,55.5,53.5,8,R,NA,1,0,0,,
11,F,2024/6/2,13:52:51:00,56,54,8,R,NA,1,0,0,,
11,F,2024/6/2,13:52:51:15,56.5,54.5,8,R,NA,1,0,0,,
11,F,2024/6/2,13:52:52:00,57,55,8,R,NA,1,0,0,,
11,F,2024/6/2,13:52:52:15,57.5,55.5,8,R,NA,1,0,0,,
11,F,2024/6/2,13:52:52:15,58,56,8,R,NA,1,0,0,,
11,F,2024/6/2,13:52:53:00,58.5,56.5,8,R,NA,1,0,0,,
11,F,2024/6/2,13:52:53:15,59,57,8,R,NA,1,0,0,,
11,F,2024/6/2,13:52:54:00,59.5,57.5,8,R,NA,1,0,0,,
11,F,2024/6/2,13:52:54:15,60,58,8,R,NA,1,0,0,,
11,F,2024/6/2,13:52:55:00,60.5,58.5,8,R,NA,1,0,0,,
11,F,2024/6/2,13:52:55:15,61,59,8,R,NA,1,0,0,,
11,F,2024/6/2,13:52:56:00,61.5,59.5,8,R,NA,1,0,0,,
11,F,2024/6/2,13:52:56:15,62,60,8,R,NA,1,0,0,,
11,F,2024/6/2,13:53:16:00,0,NA,9,L,NA,0,0,0,,
11,F,2024/6/2,13:53:16:15,0.5,NA,9,L,NA,0,0,0,,
11,F,2024/6/2,13:53:17:00,1,NA,9,L,NA,0,0,0,,
11,F,2024/6/2,13:53:17:15,1.5,NA,9,L,NA,0,0,0,,
11,F,2024/6/2,13:53:18:00,2,0,9,L,NA,1,0,0,,
11,F,2024/6/2,13:53:18:15,2.5,0.5,9,L,NA,1,0,0,,
11,F,2024/6/2,13:53:19:00,3,1,9,L,NA,1,0,0,,
11,F,2024/6/2,13:53:19:15,3.5,1.5,9,L,NA,1,0,0,,
11,F,2024/6/2,13:53:20:00,4,2,9,L,NA,1,0,0,,
11,F,2024/6/2,13:53:20:15,4.5,2.5,9,L,NA,1,0,0,,
11,F,2024/6/2,13:53:21:00,5,3,9,L,NA,1,0,0,,
11,F,2024/6/2,13:53:21:15,5.5,3.5,9,L,NA,1,0,0,,
11,F,2024/6/2,13:53:22:00,6,4,9,L,NA,1,0,0,,
11,F,2024/6/2,13:53:22:15,6.5,4.5,9,L,NA,1,0,0,,
11,F,2024/6/2,13:53:23:00,7,5,9,L,NA,1,0,0,,
11,F,2024/6/2,13:53:23:15,7.5,5.5,9,L,NA,1,0,0,,
11,F,2024/6/2,13:53:24:00,8,6,9,L,NA,1,0,0,,
11,F,2024/6/2,13:53:24:15,8.5,6.5,9,L,NA,1,0,0,,
11,F,2024/6/2,13:53:25:00,9,7,9,L,NA,1,0,0,,
11,F,2024/6/2,13:53:25:15,9.5,7.5,9,L,NA,1,0,0,,
11,F,2024/6/2,13:53:26:00,10,8,9,L,NA,1,0,0,,
11,F,2024/6/2,13:53:26:15,10.5,8.5,9,L,NA,1,0,0,,
11,F,2024/6/2,13:53:27:00,11,9,9,L,NA,1,0,0,,
11,F,2024/6/2,13:53:27:15,11.5,9.5,9,L,NA,1,0,0,,
11,F,2024/6/2,13:53:28:00,12,10,9,L,NA,1,0,0,,
11,F,2024/6/2,13:53:28:15,12.5,10.5,9,L,NA,1,0,0,,
11,F,2024/6/2,13:53:29:00,13,11,9,L,NA,1,0,0,,
11,F,2024/6/2,13:53:29:15,13.5,11.5,9,L,NA,1,0,0,,
11,F,2024/6/2,13:53:26:00,14,12,9,L,NA,1,0,0,,
11,F,2024/6/2,13:53:26:15,14.5,12.5,9,L,NA,1,0,0,,
11,F,2024/6/2,13:53:27:00,15,13,9,L,NA,1,0,0,,
11,F,2024/6/2,13:53:27:15,15.5,13.5,9,L,NA,1,0,0,,
11,F,2024/6/2,13:53:28:00,16,14,9,L,NA,1,0,0,,
11,F,2024/6/2,13:53:28:15,16.5,14.5,9,L,NA,1,0,0,,
11,F,2024/6/2,13:53:29:00,17,15,9,L,NA,1,0,0,,
11,F,2024/6/2,13:53:29:15,17.5,15.5,9,L,NA,1,0,0,,
11,F,2024/6/2,13:53:30:00,18,16,9,L,NA,1,0,0,,
11,F,2024/6/2,13:53:30:15,18.5,16.5,9,L,NA,1,0,0,,
11,F,2024/6/2,13:53:31:00,19,17,9,L,NA,1,0,0,,
11,F,2024/6/2,13:53:31:15,19.5,17.5,9,L,NA,1,0,0,,
11,F,2024/6/2,13:53:32:00,20,18,9,L,NA,1,0,0,,
11,F,2024/6/2,13:53:32:15,20.5,18.5,9,L,NA,1,0,0,,
11,F,2024/6/2,13:53:33:00,21,19,9,L,NA,1,0,0,,
11,F,2024/6/2,13:53:33:15,21.5,19.5,9,L,NA,1,0,0,,
11,F,2024/6/2,13:53:34:00,22,20,9,L,NA,1,0,0,,
11,F,2024/6/2,13:53:34:15,22.5,20.5,9,L,NA,1,0,0,,
11,F,2024/6/2,13:53:35:00,23,21,9,L,NA,1,0,0,,
11,F,2024/6/2,13:53:35:15,23.5,21.5,9,L,NA,1,0,0,,
11,F,2024/6/2,13:53:36:00,24,22,9,L,NA,1,0,0,,
11,F,2024/6/2,13:53:36:15,24.5,22.5,9,L,NA,1,0,0,,
11,F,2024/6/2,13:53:37:00,25,23,9,L,NA,1,0,0,,
11,F,2024/6/2,13:53:37:15,25.5,23.5,9,L,NA,1,0,0,,
11,F,2024/6/2,13:53:38:00,26,24,9,L,NA,1,0,0,,
11,F,2024/6/2,13:53:38:15,26.5,24.5,9,L,NA,1,0,0,,
11,F,2024/6/2,13:53:39:00,27,25,9,L,NA,1,0,0,,
11,F,2024/6/2,13:53:39:15,27.5,25.5,9,L,NA,1,0,0,,
11,F,2024/6/2,13:53:40:00,28,26,9,L,NA,1,0,0,,
11,F,2024/6/2,13:53:40:15,28.5,26.5,9,L,NA,1,0,0,,
11,F,2024/6/2,13:53:41:00,29,27,9,L,NA,1,0,0,,
11,F,2024/6/2,13:53:41:15,29.5,27.5,9,L,NA,1,0,0,,
11,F,2024/6/2,13:53:42:00,30,28,9,L,NA,1,0,0,,
11,F,2024/6/2,13:53:42:15,30.5,28.5,9,L,NA,1,0,0,,
11,F,2024/6/2,13:53:43:00,31,29,9,L,NA,1,0,0,,
11,F,2024/6/2,13:53:43:15,31.5,29.5,9,L,NA,1,0,0,,
11,F,2024/6/2,13:53:44:00,32,30,9,L,NA,1,0,0,,
11,F,2024/6/2,13:53:44:15,32.5,30.5,9,L,NA,1,0,0,,
11,F,2024/6/2,13:53:45:00,33,31,9,L,NA,1,0,0,,
11,F,2024/6/2,13:53:45:15,33.5,31.5,9,L,NA,1,0,0,,
11,F,2024/6/2,13:53:46:00,34,32,9,L,NA,1,0,0,,
11,F,2024/6/2,13:53:46:15,34.5,32.5,9,L,NA,1,0,0,,
11,F,2024/6/2,13:53:47:00,35,33,9,L,NA,1,0,0,,
11,F,2024/6/2,13:53:47:15,35.5,33.5,9,L,NA,1,0,0,,
11,F,2024/6/2,13:53:48:00,36,34,9,L,NA,1,0,0,,
11,F,2024/6/2,13:53:48:15,36.5,34.5,9,L,NA,1,0,0,,
11,F,2024/6/2,13:53:49:15,37,35,9,L,NA,1,0,0,,
11,F,2024/6/2,13:53:50:00,37.5,35.5,9,L,NA,1,0,0,,
11,F,2024/6/2,13:53:50:15,38,36,9,L,NA,1,0,0,,
11,F,2024/6/2,13:53:51:00,38.5,36.5,9,L,NA,1,0,0,,
11,F,2024/6/2,13:53:51:15,39,37,9,L,NA,1,0,0,,
11,F,2024/6/2,13:53:52:00,39.5,37.5,9,L,NA,1,0,0,,
11,F,2024/6/2,13:53:52:15,40,38,9,L,NA,1,0,0,,
11,F,2024/6/2,13:53:52:15,40.5,38.5,9,L,NA,1,0,0,,
11,F,2024/6/2,13:53:53:00,41,39,9,L,NA,1,0,0,,
11,F,2024/6/2,13:53:53:15,41.5,39.5,9,L,NA,1,0,0,,
11,F,2024/6/2,13:53:54:00,42,40,9,L,NA,1,0,0,,
11,F,2024/6/2,13:53:54:15,42.5,40.5,9,L,NA,1,0,0,,
11,F,2024/6/2,13:53:55:00,43,41,9,L,NA,1,0,0,,
11,F,2024/6/2,13:53:55:15,43.5,41.5,9,L,NA,1,0,0,,
11,F,2024/6/2,13:53:56:00,44,42,9,L,NA,1,0,0,,
11,F,2024/6/2,13:53:56:15,44.5,42.5,9,L,NA,1,0,0,,
11,F,2024/6/2,13:53:57:00,45,43,9,L,NA,1,0,0,,
11,F,2024/6/2,13:53:57:15,45.5,43.5,9,L,NA,1,0,0,,
11,F,2024/6/2,13:53:58:00,46,44,9,L,NA,1,0,0,,
11,F,2024/6/2,13:53:58:15,46.5,44.5,9,L,NA,1,0,0,,
11,F,2024/6/2,13:53:59:00,47,45,9,L,NA,1,0,0,,
11,F,2024/6/2,13:53:59:15,47.5,45.5,9,L,NA,1,0,0,,
11,F,2024/6/2,13:54:00:00,48,46,9,L,NA,1,0,0,,
11,F,2024/6/2,13:54:00:15,48.5,46.5,9,L,NA,1,0,0,,
11,F,2024/6/2,13:54:01:00,49,47,9,L,NA,1,0,0,,
11,F,2024/6/2,13:54:01:15,49.5,47.5,9,L,NA,1,0,0,,
11,F,2024/6/2,13:54:02:00,50,48,9,L,NA,1,0,0,,
11,F,2024/6/2,13:54:02:15,50.5,48.5,9,L,NA,1,0,0,,
11,F,2024/6/2,13:54:03:00,51,49,9,L,NA,1,0,0,,
11,F,2024/6/2,13:54:03:15,51.5,49.5,9,L,NA,1,0,0,,
11,F,2024/6/2,13:54:04:00,52,50,9,L,NA,1,0,0,,
11,F,2024/6/2,13:54:04:15,52.5,50.5,9,L,NA,1,0,0,,
11,F,2024/6/2,13:54:05:00,53,51,9,L,NA,1,0,0,,
11,F,2024/6/2,13:54:05:15,53.5,51.5,9,L,NA,1,0,0,,
11,F,2024/6/2,13:54:06:00,54,52,9,L,NA,1,0,0,,
11,F,2024/6/2,13:54:06:15,54.5,52.5,9,L,NA,1,0,0,,
11,F,2024/6/2,13:54:07:00,55,53,9,L,NA,1,0,0,,
11,F,2024/6/2,13:54:07:15,55.5,53.5,9,L,NA,1,0,0,,
11,F,2024/6/2,13:54:08:00,56,54,9,L,NA,1,0,0,,
11,F,2024/6/2,13:54:08:15,56.5,54.5,9,L,NA,1,0,0,,
11,F,2024/6/2,13:54:09:00,57,55,9,L,NA,1,0,0,,
11,F,2024/6/2,13:54:09:15,57.5,55.5,9,L,NA,1,0,0,,
11,F,2024/6/2,13:54:10:00,58,56,9,L,NA,1,0,0,,
11,F,2024/6/2,13:54:10:15,58.5,56.5,9,L,NA,1,0,0,,
11,F,2024/6/2,13:54:11:00,59,57,9,L,NA,1,0,0,,
11,F,2024/6/2,13:54:11:15,59.5,57.5,9,L,NA,1,0,0,,
11,F,2024/6/2,13:54:12:00,60,58,9,L,NA,1,0,0,,
11,F,2024/6/2,13:54:12:15,60.5,58.5,9,L,NA,1,0,0,,
11,F,2024/6/2,13:54:13:00,61,59,9,L,NA,1,0,0,,
11,F,2024/6/2,13:54:13:15,61.5,59.5,9,L,NA,1,0,0,,
11,F,2024/6/2,13:54:14:00,62,60,9,L,NA,1,0,0,,
11,F,2024/6/2,13:54:55:15,0,NA,10,L,R,0,0,0,,
11,F,2024/6/2,13:54:56:00,0.5,0,10,L,R,1,0,0,,
11,F,2024/6/2,13:54:56:15,1,0.5,10,L,R,1,0,0,,
11,F,2024/6/2,13:54:57:00,1.5,1,10,L,R,1,0,0,,
11,F,2024/6/2,13:54:57:15,2,1.5,10,L,R,1,0,0,,
11,F,2024/6/2,13:54:58:00,2.5,2,10,L,R,1,0,0,,
11,F,2024/6/2,13:54:58:15,3,2.5,10,L,R,1,0,0,,
11,F,2024/6/2,13:54:59:00,3.5,3,10,L,R,1,0,0,,
11,F,2024/6/2,13:54:59:15,4,3.5,10,L,R,1,0,0,,
11,F,2024/6/2,13:55:00:00,4.5,4,10,L,R,1,0,0,,
11,F,2024/6/2,13:55:00:15,5,4.5,10,L,R,1,0,0,,
11,F,2024/6/2,13:55:01:00,5.5,5,10,L,R,1,0,0,,
11,F,2024/6/2,13:55:01:15,6,5.5,10,L,R,1,0,0,,
11,F,2024/6/2,13:55:02:00,6.5,6,10,L,R,1,0,0,,
11,F,2024/6/2,13:55:02:15,7,6.5,10,L,R,1,0,0,,
11,F,2024/6/2,13:55:03:00,7.5,7,10,L,R,1,0,0,,
11,F,2024/6/2,13:55:03:15,8,7.5,10,L,R,1,0,0,,
11,F,2024/6/2,13:55:04:00,8.5,8,10,L,R,1,0,0,,
11,F,2024/6/2,13:55:04:15,9,8.5,10,L,R,1,0,0,,
11,F,2024/6/2,13:55:05:00,9.5,9,10,L,R,1,0,0,,
11,F,2024/6/2,13:55:05:15,10,9.5,10,L,R,1,0,0,,
11,F,2024/6/2,13:55:06:00,10.5,10,10,L,R,1,0,0,,
11,F,2024/6/2,13:55:06:15,11,10.5,10,L,R,1,0,0,,
11,F,2024/6/2,13:55:07:00,11.5,11,10,L,R,1,0,0,,
11,F,2024/6/2,13:55:07:15,12,11.5,10,L,R,1,0,0,,
11,F,2024/6/2,13:55:08:00,12.5,12,10,L,R,1,0,0,,
11,F,2024/6/2,13:55:08:15,13,12.5,10,L,R,1,0,0,,
11,F,2024/6/2,13:55:09:00,13.5,13,10,L,R,1,0,0,,
11,F,2024/6/2,13:55:09:15,14,13.5,10,L,R,1,0,0,,
11,F,2024/6/2,13:55:10:00,14.5,14,10,L,R,1,0,0,,
11,F,2024/6/2,13:55:10:15,15,14.5,10,L,R,1,0,0,,
11,F,2024/6/2,13:55:11:00,15.5,15,10,L,R,1,0,0,,
11,F,2024/6/2,13:55:11:15,16,15.5,10,L,R,1,0,0,,
11,F,2024/6/2,13:55:12:00,16.5,16,10,L,R,1,0,0,,
11,F,2024/6/2,13:55:12:15,17,16.5,10,L,R,1,0,0,,
11,F,2024/6/2,13:55:13:00,17.5,17,10,L,R,1,0,0,,
11,F,2024/6/2,13:55:13:15,18,17.5,10,L,R,1,0,0,,
11,F,2024/6/2,13:55:14:00,18.5,18,10,L,R,1,0,0,,
11,F,2024/6/2,13:55:14:15,19,18.5,10,L,R,1,0,0,,
11,F,2024/6/2,13:55:15:00,19.5,19,10,L,R,1,0,0,,
11,F,2024/6/2,13:55:15:15,20,19.5,10,L,R,1,0,0,,
11,F,2024/6/2,13:55:16:00,20.5,20,10,L,R,1,0,0,,
11,F,2024/6/2,13:55:16:15,21,20.5,10,L,R,1,0,0,,
11,F,2024/6/2,13:55:17:00,21.5,21,10,L,R,1,0,0,,
11,F,2024/6/2,13:55:17:15,22,21.5,10,L,R,1,0,0,,
11,F,2024/6/2,13:55:18:00,22.5,22,10,L,R,1,1,0,,