id,sex,test_date,time_code,set_tame,nest_tame,test_number,LR_observer,LR_bird,within_1m,obtained,peck
7_p,M,2025/5/28,26945,0,NA,1,L,L,0,0,0
7_p,M,2025/5/28,26960,0.5,NA,1,L,L,0,0,0
7_p,M,2025/5/28,26975,1,NA,1,L,L,0,0,0
7_p,M,2025/5/28,26990,1.5,NA,1,L,L,0,0,0
7_p,M,2025/5/28,27005,2,NA,1,L,L,0,0,0
7_p,M,2025/5/28,27020,2.5,NA,1,L,L,0,0,0
7_p,M,2025/5/28,27035,3,0,1,L,L,1,0,0
7_p,M,2025/5/28,27050,3.5,0.5,1,L,L,1,0,0
7_p,M,2025/5/28,27065,4,1,1,L,L,1,0,1
7_p,M,2025/5/28,27080,4.5,1.5,1,L,L,1,0,1
7_p,M,2025/5/28,27095,5,2,1,L,L,1,0,1
7_p,M,2025/5/28,27110,5.5,2.5,1,L,L,1,0,0
7_p,M,2025/5/28,27125,6,3,1,L,L,1,0,1
7_p,M,2025/5/28,27140,6.5,3.5,1,L,L,1,0,1
7_p,M,2025/5/28,27155,7,4,1,L,L,1,0,1
7_p,M,2025/5/28,27170,7.5,4.5,1,L,L,1,0,1
7_p,M,2025/5/28,27185,8,5,1,L,L,1,0,1
7_p,M,2025/5/28,27200,8.5,5.5,1,L,L,1,0,0
7_p,M,2025/5/28,27215,9,6,1,L,L,1,0,3
7_p,M,2025/5/28,27230,9.5,6.5,1,L,L,1,0,0
7_p,M,2025/5/28,27245,10,7,1,L,L,1,0,1
7_p,M,2025/5/28,27260,10.5,7.5,1,L,L,1,0,1
7_p,M,2025/5/28,27275,11,8,1,L,L,1,0,0
7_p,M,2025/5/28,27290,11.5,8.5,1,L,L,1,0,1
7_p,M,2025/5/28,27305,12,9,1,L,L,1,0,0
7_p,M,2025/5/28,27320,12.5,9.5,1,L,L,1,0,0
7_p,M,2025/5/28,27335,13,10,1,L,L,1,0,0
7_p,M,2025/5/28,27350,13.5,10.5,1,L,L,1,1,0
7_p,M,2025/5/28,29115,0,NA,2,R,R,0,0,0
7_p,M,2025/5/28,29130,0.5,NA,2,R,R,0,0,0
7_p,M,2025/5/28,29145,1,NA,2,R,R,0,0,0
7_p,M,2025/5/28,29160,1.5,NA,2,R,R,0,0,0
7_p,M,2025/5/28,29175,2,NA,2,R,R,0,0,0
7_p,M,2025/5/28,29190,2.5,NA,2,R,R,0,0,0
7_p,M,2025/5/28,29205,3,0,2,R,R,1,0,0
7_p,M,2025/5/28,29220,3.5,0.5,2,R,R,1,0,0
7_p,M,2025/5/28,29235,4,1,2,R,R,1,0,0
7_p,M,2025/5/28,29250,4.5,1.5,2,R,R,1,0,0
7_p,M,2025/5/28,29265,5,2,2,R,R,1,1,0
7_p,M,2025/5/28,31445,0,NA,3,L,R,0,0,0
7_p,M,2025/5/28,31460,0.5,0,3,L,R,1,0,0
7_p,M,2025/5/28,31475,1,0.5,3,L,R,1,0,0
7_p,M,2025/5/28,31490,1.5,1,3,L,R,1,0,0
7_p,M,2025/5/28,31505,2,1.5,3,L,R,1,0,0
7_p,M,2025/5/28,31520,2.5,2,3,L,R,1,0,0
7_p,M,2025/5/28,31535,3,2.5,3,L,R,1,0,0
7_p,M,2025/5/28,31550,3.5,3,3,L,R,1,0,0
7_p,M,2025/5/28,31565,4,3.5,3,L,R,1,1,0
7_p,M,2025/5/28,33475,0,NA,4,R,L,0,0,0
7_p,M,2025/5/28,33490,0.5,NA,4,R,L,0,0,0
7_p,M,2025/5/28,33505,1,NA,4,R,L,0,0,0
7_p,M,2025/5/28,33520,1.5,NA,4,R,L,0,0,0
7_p,M,2025/5/28,33535,2,NA,4,R,L,0,0,0
7_p,M,2025/5/28,33550,2.5,NA,4,R,L,1,0,0
7_p,M,2025/5/28,33565,3,0,4,R,L,1,0,0
7_p,M,2025/5/28,33580,3.5,0.5,4,R,L,1,0,0
7_p,M,2025/5/28,33595,4,1,4,R,L,1,0,0
7_p,M,2025/5/28,33610,4.5,1.5,4,R,L,1,0,0
7_p,M,2025/5/28,33625,5,2,4,R,L,1,0,1
7_p,M,2025/5/28,33640,5.5,2.5,4,R,L,1,0,1
7_p,M,2025/5/28,33655,6,3,4,R,L,1,0,1
7_p,M,2025/5/28,33670,6.5,3.5,4,R,L,1,0,0
7_p,M,2025/5/28,33685,7,4,4,R,L,1,0,1
7_p,M,2025/5/28,33700,7.5,4.5,4,R,L,1,0,0
7_p,M,2025/5/28,33715,8,5,4,R,L,1,0,0
7_p,M,2025/5/28,33730,8.5,5.5,4,R,L,1,0,0
7_p,M,2025/5/28,33745,9,6,4,R,L,1,0,0
7_p,M,2025/5/28,33760,9.5,6.5,4,R,L,1,0,0
7_p,M,2025/5/28,33775,10,7,4,R,L,1,0,0
7_p,M,2025/5/28,33790,10.5,7.5,4,R,L,1,0,0
7_p,M,2025/5/28,33805,11,8,4,R,L,1,0,0
7_p,M,2025/5/28,33820,11.5,8.5,4,R,L,1,0,0
7_p,M,2025/5/28,33835,12,9,4,R,L,1,0,0
7_p,M,2025/5/28,33850,12.5,9.5,4,R,L,1,0,0
7_p,M,2025/5/28,33865,13,10,4,R,L,1,0,0
7_p,M,2025/5/28,33880,13.5,10.5,4,R,L,1,0,0
7_p,M,2025/5/28,33895,14,11,4,R,L,1,0,0
7_p,M,2025/5/28,33910,14.5,11.5,4,R,L,1,0,0
7_p,M,2025/5/28,33925,15,12,4,R,L,1,0,0
7_p,M,2025/5/28,33940,15.5,12.5,4,R,L,1,0,0
7_p,M,2025/5/28,33955,16,13,4,R,L,1,0,0
7_p,M,2025/5/28,33970,16.5,13.5,4,R,L,1,0,0
7_p,M,2025/5/28,33985,17,14,4,R,L,1,0,0
7_p,M,2025/5/28,34000,17.5,14.5,4,R,L,1,0,0
7_p,M,2025/5/28,34015,18,15,4,R,L,1,0,0
7_p,M,2025/5/28,34030,18.5,15.5,4,R,L,1,0,0
7_p,M,2025/5/28,34045,19,16,4,R,L,1,0,0
7_p,M,2025/5/28,34060,19.5,16.5,4,R,L,1,0,0
7_p,M,2025/5/28,34075,20,17,4,R,L,1,0,0
7_p,M,2025/5/28,34090,20.5,17.5,4,R,L,1,0,0
7_p,M,2025/5/28,34105,21,18,4,R,L,1,0,0
7_p,M,2025/5/28,34120,21.5,18.5,4,R,L,1,0,0
7_p,M,2025/5/28,34135,22,19,4,R,L,1,0,0
7_p,M,2025/5/28,34150,22.5,19.5,4,R,L,1,0,0
7_p,M,2025/5/28,34165,23,20,4,R,L,1,0,0
7_p,M,2025/5/28,34180,23.5,20.5,4,R,L,1,0,0
7_p,M,2025/5/28,34195,24,21,4,R,L,1,0,0
7_p,M,2025/5/28,34210,24.5,21.5,4,R,L,1,0,0
7_p,M,2025/5/28,34225,25,22,4,R,L,1,0,0
7_p,M,2025/5/28,34240,25.5,22.5,4,R,L,1,0,0
7_p,M,2025/5/28,34255,26,23,4,R,L,1,0,0
7_p,M,2025/5/28,34270,26.5,23.5,4,R,L,1,0,0
7_p,M,2025/5/28,34285,27,24,4,R,L,1,0,0
7_p,M,2025/5/28,34300,27.5,24.5,4,R,L,1,0,0
7_p,M,2025/5/28,34315,28,25,4,R,L,1,0,0
7_p,M,2025/5/28,34330,28.5,25.5,4,R,L,1,0,0
7_p,M,2025/5/28,34345,29,26,4,R,L,1,0,0
7_p,M,2025/5/28,34360,29.5,26.5,4,R,L,1,0,0
7_p,M,2025/5/28,34375,30,27,4,R,L,1,0,0
7_p,M,2025/5/28,34390,30.5,27.5,4,R,L,1,0,0
7_p,M,2025/5/28,34405,31,28,4,R,L,1,0,0
7_p,M,2025/5/28,34420,31.5,28.5,4,R,L,1,0,0
7_p,M,2025/5/28,34435,32,29,4,R,L,1,0,0
7_p,M,2025/5/28,34450,32.5,29.5,4,R,L,1,0,0
7_p,M,2025/5/28,34465,33,30,4,R,L,1,0,0
7_p,M,2025/5/28,34480,33.5,30.5,4,R,L,1,0,0
7_p,M,2025/5/28,34495,34,31,4,R,L,1,0,0
7_p,M,2025/5/28,34510,34.5,31.5,4,R,L,1,0,0
7_p,M,2025/5/28,34525,35,32,4,R,L,1,0,0
7_p,M,2025/5/28,34540,35.5,32.5,4,R,L,1,0,0
7_p,M,2025/5/28,34555,36,33,4,R,L,1,0,0
7_p,M,2025/5/28,34570,36.5,33.5,4,R,L,1,0,0
7_p,M,2025/5/28,34585,37,34,4,R,L,1,0,0
7_p,M,2025/5/28,34600,37.5,34.5,4,R,L,1,0,0
7_p,M,2025/5/28,34615,38,35,4,R,L,1,0,0
7_p,M,2025/5/28,34630,38.5,35.5,4,R,L,1,0,0
7_p,M,2025/5/28,34645,39,36,4,R,L,1,0,0
7_p,M,2025/5/28,34660,39.5,36.5,4,R,L,1,0,0
7_p,M,2025/5/28,34675,40,37,4,R,L,1,0,0
7_p,M,2025/5/28,34690,40.5,37.5,4,R,L,1,0,0
7_p,M,2025/5/28,34705,41,38,4,R,L,1,0,0
7_p,M,2025/5/28,34720,41.5,38.5,4,R,L,1,0,0
7_p,M,2025/5/28,34735,42,39,4,R,L,1,0,0
7_p,M,2025/5/28,34750,42.5,39.5,4,R,L,1,0,0
7_p,M,2025/5/28,34765,43,40,4,R,L,1,0,0
7_p,M,2025/5/28,34780,43.5,40.5,4,R,L,1,0,0
7_p,M,2025/5/28,34795,44,41,4,R,L,1,0,0
7_p,M,2025/5/28,34810,44.5,41.5,4,R,L,1,0,0
7_p,M,2025/5/28,34825,45,42,4,R,L,1,0,0
7_p,M,2025/5/28,34840,45.5,42.5,4,R,L,1,0,0
7_p,M,2025/5/28,34855,46,43,4,R,L,1,0,0
7_p,M,2025/5/28,34870,46.5,43.5,4,R,L,1,0,0
7_p,M,2025/5/28,34885,47,44,4,R,L,1,0,0
7_p,M,2025/5/28,34900,47.5,44.5,4,R,L,1,0,0
7_p,M,2025/5/28,34915,48,45,4,R,L,1,0,0
7_p,M,2025/5/28,34930,48.5,45.5,4,R,L,1,0,0
7_p,M,2025/5/28,34945,49,46,4,R,L,1,0,0
7_p,M,2025/5/28,34960,49.5,46.5,4,R,L,1,0,0
7_p,M,2025/5/28,34975,50,47,4,R,L,1,0,0
7_p,M,2025/5/28,34990,50.5,47.5,4,R,L,1,0,0
7_p,M,2025/5/28,35005,51,48,4,R,L,1,0,0
7_p,M,2025/5/28,35020,51.5,48.5,4,R,L,1,0,0
7_p,M,2025/5/28,35035,52,49,4,R,L,1,0,0
7_p,M,2025/5/28,35050,52.5,49.5,4,R,L,1,0,0
7_p,M,2025/5/28,35065,53,50,4,R,L,1,0,0
7_p,M,2025/5/28,35080,53.5,50.5,4,R,L,1,0,0
7_p,M,2025/5/28,35095,54,51,4,R,L,1,0,0
7_p,M,2025/5/28,35110,54.5,51.5,4,R,L,1,0,0
7_p,M,2025/5/28,35125,55,52,4,R,L,1,0,0
7_p,M,2025/5/28,35140,55.5,52.5,4,R,L,1,0,0
7_p,M,2025/5/28,35155,56,53,4,R,L,1,0,0
7_p,M,2025/5/28,35170,56.5,53.5,4,R,L,1,0,0
7_p,M,2025/5/28,35185,57,54,4,R,L,1,0,0
7_p,M,2025/5/28,35200,57.5,54.5,4,R,L,1,0,0
7_p,M,2025/5/28,35215,58,55,4,R,L,1,0,0
7_p,M,2025/5/28,35230,58.5,55.5,4,R,L,1,0,0
7_p,M,2025/5/28,35245,59,56,4,R,L,1,0,0
7_p,M,2025/5/28,35260,59.5,56.5,4,R,L,1,0,0
7_p,M,2025/5/28,35275,60,57,4,R,L,1,0,0
7_p,M,2025/5/28,35290,60.5,57.5,4,R,L,1,0,0
7_p,M,2025/5/28,35305,61,58,4,R,L,1,0,0
7_p,M,2025/5/28,35320,61.5,58.5,4,R,L,1,0,0
7_p,M,2025/5/28,35335,62,59,4,R,L,1,1,0
7_p,M,2025/5/28,36375,0,NA,5,L,R,0,0,0
7_p,M,2025/5/28,36390,0.5,NA,5,L,R,0,0,0
7_p,M,2025/5/28,36405,1,NA,5,L,R,0,0,0
7_p,M,2025/5/28,36420,1.5,NA,5,L,R,0,0,0
7_p,M,2025/5/28,36435,2,NA,5,L,R,0,0,0
7_p,M,2025/5/28,36450,2.5,NA,5,L,R,0,0,0
7_p,M,2025/5/28,36465,3,NA,5,L,R,0,0,0
7_p,M,2025/5/28,36480,3.5,NA,5,L,R,0,0,0
7_p,M,2025/5/28,36495,4,NA,5,L,R,0,0,0
7_p,M,2025/5/28,36510,4.5,NA,5,L,R,0,0,0
7_p,M,2025/5/28,36525,5,0,5,L,R,1,0,0
7_p,M,2025/5/28,36540,5.5,0.5,5,L,R,1,0,0
7_p,M,2025/5/28,36555,6,1,5,L,R,1,0,0
7_p,M,2025/5/28,36570,6.5,1.5,5,L,R,1,1,0
7_p,M,2025/5/28,38090,0,NA,6,R,R,0,0,0
7_p,M,2025/5/28,38105,0.5,NA,6,R,R,0,0,0
7_p,M,2025/5/28,38120,1,NA,6,R,R,0,0,0
7_p,M,2025/5/28,38135,1.5,NA,6,R,R,0,0,0
7_p,M,2025/5/28,38150,2,NA,6,R,R,0,0,0
7_p,M,2025/5/28,38165,2.5,NA,6,R,R,0,0,0
7_p,M,2025/5/28,38180,3,0,6,R,R,1,0,0
7_p,M,2025/5/28,38195,3.5,0.5,6,R,R,1,0,0
7_p,M,2025/5/28,38210,4,1,6,R,R,1,0,1
7_p,M,2025/5/28,38225,4.5,1.5,6,R,R,1,0,0
7_p,M,2025/5/28,38240,5,2,6,R,R,1,0,0
7_p,M,2025/5/28,38255,5.5,2.5,6,R,R,1,0,1
7_p,M,2025/5/28,38270,6,3,6,R,R,1,0,0
7_p,M,2025/5/28,38285,6.5,3.5,6,R,R,1,0,0
7_p,M,2025/5/28,38300,7,4,6,R,R,1,1,0
7_p,M,2025/5/28,39655,0,NA,7,L,R,0,0,0
7_p,M,2025/5/28,39670,0.5,NA,7,L,R,0,0,0
7_p,M,2025/5/28,39685,1,NA,7,L,R,0,0,0
7_p,M,2025/5/28,39700,1.5,NA,7,L,R,0,0,0
7_p,M,2025/5/28,39715,2,NA,7,L,R,0,0,0
7_p,M,2025/5/28,39730,2.5,NA,7,L,R,0,0,0
7_p,M,2025/5/28,39745,3,NA,7,L,R,0,0,0
7_p,M,2025/5/28,39760,3.5,NA,7,L,R,0,0,0
7_p,M,2025/5/28,39775,4,NA,7,L,R,0,0,0
7_p,M,2025/5/28,39790,4.5,NA,7,L,R,0,0,0
7_p,M,2025/5/28,39805,5,NA,7,L,R,0,0,0
7_p,M,2025/5/28,39820,5.5,NA,7,L,R,0,0,0
7_p,M,2025/5/28,39835,6,0,7,L,R,1,0,0
7_p,M,2025/5/28,39850,6.5,0.5,7,L,R,1,0,0
7_p,M,2025/5/28,39865,7,1,7,L,R,1,0,0
7_p,M,2025/5/28,39880,7.5,1.5,7,L,R,1,1,0
7_p,M,2025/5/28,41470,0,NA,8,R,L,1,0,0
7_p,M,2025/5/28,41485,0.5,NA,8,R,L,1,0,0
7_p,M,2025/5/28,41500,1,NA,8,R,L,1,0,0
7_p,M,2025/5/28,41515,1.5,NA,8,R,L,1,0,0
7_p,M,2025/5/28,41530,2,NA,8,R,L,1,0,0
7_p,M,2025/5/28,41545,2.5,NA,8,R,L,1,0,0
7_p,M,2025/5/28,41560,3,NA,8,R,L,1,0,0
7_p,M,2025/5/28,41575,3.5,NA,8,R,L,1,0,0
7_p,M,2025/5/28,41590,4,NA,8,R,L,1,0,0
7_p,M,2025/5/28,41605,4.5,NA,8,R,L,1,0,0
7_p,M,2025/5/28,41620,5,NA,8,R,L,1,0,0
7_p,M,2025/5/28,41635,5.5,NA,8,R,L,1,0,0
7_p,M,2025/5/28,41650,6,NA,8,R,L,1,0,0
7_p,M,2025/5/28,41665,6.5,NA,8,R,L,1,0,0
7_p,M,2025/5/28,41680,7,NA,8,R,L,1,0,0
7_p,M,2025/5/28,41695,7.5,NA,8,R,L,1,0,0
7_p,M,2025/5/28,41710,8,NA,8,R,L,1,0,0
7_p,M,2025/5/28,41725,8.5,NA,8,R,L,1,0,0
7_p,M,2025/5/28,41740,9,NA,8,R,L,1,0,0
7_p,M,2025/5/28,41755,9.5,NA,8,R,L,1,0,0
7_p,M,2025/5/28,41770,10,NA,8,R,L,1,0,0
7_p,M,2025/5/28,41785,10.5,NA,8,R,L,1,0,0
7_p,M,2025/5/28,41800,11,NA,8,R,L,1,0,0
7_p,M,2025/5/28,41815,11.5,NA,8,R,L,1,0,0
7_p,M,2025/5/28,41830,12,NA,8,R,L,1,0,0
7_p,M,2025/5/28,41845,12.5,NA,8,R,L,1,0,0
7_p,M,2025/5/28,41860,13,NA,8,R,L,1,0,0
7_p,M,2025/5/28,41875,13.5,NA,8,R,L,1,0,0
7_p,M,2025/5/28,41890,14,NA,8,R,L,1,0,0
7_p,M,2025/5/28,41905,14.5,NA,8,R,L,1,0,0
7_p,M,2025/5/28,41920,15,NA,8,R,L,1,0,0
7_p,M,2025/5/28,41935,15.5,NA,8,R,L,1,0,0
7_p,M,2025/5/28,41950,16,NA,8,R,L,1,0,0
7_p,M,2025/5/28,41965,16.5,NA,8,R,L,1,0,0
7_p,M,2025/5/28,41980,17,NA,8,R,L,1,0,0
7_p,M,2025/5/28,41995,17.5,NA,8,R,L,1,0,0
7_p,M,2025/5/28,42010,18,NA,8,R,L,1,0,0
7_p,M,2025/5/28,42025,18.5,NA,8,R,L,1,0,0
7_p,M,2025/5/28,42040,19,NA,8,R,L,1,0,0
7_p,M,2025/5/28,42055,19.5,NA,8,R,L,1,0,0
7_p,M,2025/5/28,42070,20,NA,8,R,L,1,0,0
7_p,M,2025/5/28,42085,20.5,NA,8,R,L,1,0,0
7_p,M,2025/5/28,42100,21,NA,8,R,L,1,0,0
7_p,M,2025/5/28,42115,21.5,NA,8,R,L,1,0,0
7_p,M,2025/5/28,42130,22,NA,8,R,L,1,0,0
7_p,M,2025/5/28,42145,22.5,NA,8,R,L,1,0,0
7_p,M,2025/5/28,42160,23,NA,8,R,L,1,0,0
7_p,M,2025/5/28,42175,23.5,NA,8,R,L,1,0,0
7_p,M,2025/5/28,42190,24,NA,8,R,L,1,0,0
7_p,M,2025/5/28,42205,24.5,NA,8,R,L,1,0,0
7_p,M,2025/5/28,42220,25,0,8,R,L,1,0,0
7_p,M,2025/5/28,42235,25.5,0.5,8,R,L,1,0,0
7_p,M,2025/5/28,42250,26,1,8,R,L,1,0,1
7_p,M,2025/5/28,42265,26.5,1.5,8,R,L,1,0,0
7_p,M,2025/5/28,42280,27,2,8,R,L,1,0,0
7_p,M,2025/5/28,42295,27.5,2.5,8,R,L,1,0,0
7_p,M,2025/5/28,42310,28,3,8,R,L,1,0,0
7_p,M,2025/5/28,42325,28.5,3.5,8,R,L,1,0,0
7_p,M,2025/5/28,42340,29,4,8,R,L,1,1,0
7_p,M,2025/5/28,44300,0,NA,9,L,L,0,0,0
7_p,M,2025/5/28,44315,0.5,NA,9,L,L,0,0,0
7_p,M,2025/5/28,44330,1,NA,9,L,L,0,0,0
7_p,M,2025/5/28,44345,1.5,0,9,L,L,1,0,0
7_p,M,2025/5/28,44360,2,0.5,9,L,L,1,0,0
7_p,M,2025/5/28,44375,2.5,1,9,L,L,1,0,0
7_p,M,2025/5/28,44390,3,1.5,9,L,L,1,0,0
7_p,M,2025/5/28,44405,3.5,2,9,L,L,1,0,1
7_p,M,2025/5/28,44420,4,2.5,9,L,L,1,0,0
7_p,M,2025/5/28,44435,4.5,3,9,L,L,1,0,0
7_p,M,2025/5/28,44450,5,3.5,9,L,L,1,0,0
7_p,M,2025/5/28,44465,5.5,4,9,L,L,1,1,0
7_p,M,2025/5/28,46645,0,NA,10,R,L,0,0,0
7_p,M,2025/5/28,46660,0.5,NA,10,R,L,0,0,0
7_p,M,2025/5/28,46675,1,NA,10,R,L,0,0,0
7_p,M,2025/5/28,46690,1.5,NA,10,R,L,0,0,0
7_p,M,2025/5/28,46705,2,NA,10,R,L,0,0,0
7_p,M,2025/5/28,46720,2.5,NA,10,R,L,0,0,0
7_p,M,2025/5/28,46735,3,0,10,R,L,1,0,0
7_p,M,2025/5/28,46750,3.5,0.5,10,R,L,1,0,0
7_p,M,2025/5/28,46765,4,1,10,R,L,1,0,1
7_p,M,2025/5/28,46780,4.5,1.5,10,R,L,1,0,1
7_p,M,2025/5/28,46795,5,2,10,R,L,1,0,0
7_p,M,2025/5/28,46810,5.5,2.5,10,R,L,1,0,0
7_p,M,2025/5/28,46825,6,3,10,R,L,1,0,1
7_p,M,2025/5/28,46840,6.5,3.5,10,R,L,1,0,0
7_p,M,2025/5/28,46855,7,4,10,R,L,1,0,1
7_p,M,2025/5/28,46870,7.5,4.5,10,R,L,1,0,0
7_p,M,2025/5/28,46885,8,5,10,R,L,1,0,1
7_p,M,2025/5/28,46900,8.5,5.5,10,R,L,1,0,0
7_p,M,2025/5/28,46915,9,6,10,R,L,1,0,0
7_p,M,2025/5/28,46930,9.5,6.5,10,R,L,1,1,0
14_p,M,2025/5/29,5055,0,NA,1,L,NA,0,0,0
14_p,M,2025/5/29,5070,0.5,NA,1,L,NA,0,0,0
14_p,M,2025/5/29,5085,1,NA,1,L,NA,0,0,0
14_p,M,2025/5/29,5100,1.5,NA,1,L,NA,0,0,0
14_p,M,2025/5/29,5115,2,NA,1,L,NA,0,0,0
14_p,M,2025/5/29,5130,2.5,0,1,L,NA,1,0,0
14_p,M,2025/5/29,5145,3,0.5,1,L,NA,1,0,0
14_p,M,2025/5/29,5160,3.5,1,1,L,NA,1,0,0
14_p,M,2025/5/29,5175,4,1.5,1,L,NA,1,0,1
14_p,M,2025/5/29,5190,4.5,2,1,L,NA,1,0,0
14_p,M,2025/5/29,5205,5,2.5,1,L,NA,1,0,0
14_p,M,2025/5/29,5220,5.5,3,1,L,NA,1,0,1
14_p,M,2025/5/29,5235,6,3.5,1,L,NA,1,0,0
14_p,M,2025/5/29,5250,6.5,4,1,L,NA,1,0,0
14_p,M,2025/5/29,5265,7,4.5,1,L,NA,1,0,0
14_p,M,2025/5/29,5280,7.5,5,1,L,NA,1,0,1
14_p,M,2025/5/29,5295,8,5.5,1,L,NA,1,0,0
14_p,M,2025/5/29,5310,8.5,6,1,L,NA,1,0,0
14_p,M,2025/5/29,5325,9,6.5,1,L,NA,1,0,0
14_p,M,2025/5/29,5340,9.5,7,1,L,NA,1,0,0
14_p,M,2025/5/29,5355,10,7.5,1,L,NA,1,0,0
14_p,M,2025/5/29,5370,10.5,8,1,L,NA,1,0,0
14_p,M,2025/5/29,5385,11,8.5,1,L,NA,1,0,0
14_p,M,2025/5/29,5400,11.5,9,1,L,NA,1,0,0
14_p,M,2025/5/29,5415,12,9.5,1,L,NA,1,0,0
14_p,M,2025/5/29,5430,12.5,10,1,L,NA,1,0,0
14_p,M,2025/5/29,5445,13,10.5,1,L,NA,1,0,0
14_p,M,2025/5/29,5460,13.5,11,1,L,NA,1,0,0
14_p,M,2025/5/29,5475,14,11.5,1,L,NA,1,0,0
14_p,M,2025/5/29,5490,14.5,12,1,L,NA,1,0,0
14_p,M,2025/5/29,5505,15,12.5,1,L,NA,1,0,0
14_p,M,2025/5/29,5520,15.5,13,1,L,NA,1,0,0
14_p,M,2025/5/29,5535,16,13.5,1,L,NA,1,0,0
14_p,M,2025/5/29,5550,16.5,14,1,L,NA,1,0,0
14_p,M,2025/5/29,5565,17,14.5,1,L,NA,1,0,0
14_p,M,2025/5/29,5580,17.5,15,1,L,NA,1,0,0
14_p,M,2025/5/29,5595,18,15.5,1,L,NA,1,0,0
14_p,M,2025/5/29,5610,18.5,16,1,L,NA,1,0,0
14_p,M,2025/5/29,5625,19,16.5,1,L,NA,1,0,0
14_p,M,2025/5/29,5640,19.5,17,1,L,NA,1,0,0
14_p,M,2025/5/29,5655,20,17.5,1,L,NA,1,0,0
14_p,M,2025/5/29,5670,20.5,18,1,L,NA,1,0,0
14_p,M,2025/5/29,5685,21,18.5,1,L,NA,1,0,0
14_p,M,2025/5/29,5700,21.5,19,1,L,NA,1,0,0
14_p,M,2025/5/29,5715,22,19.5,1,L,NA,1,0,0
14_p,M,2025/5/29,5730,22.5,20,1,L,NA,1,0,0
14_p,M,2025/5/29,5745,23,20.5,1,L,NA,1,0,0
14_p,M,2025/5/29,5760,23.5,21,1,L,NA,1,0,0
14_p,M,2025/5/29,5775,24,21.5,1,L,NA,1,0,0
14_p,M,2025/5/29,5790,24.5,22,1,L,NA,1,0,0
14_p,M,2025/5/29,5805,25,22.5,1,L,NA,1,0,0
14_p,M,2025/5/29,5820,25.5,23,1,L,NA,1,0,0
14_p,M,2025/5/29,5835,26,23.5,1,L,NA,1,0,0
14_p,M,2025/5/29,5850,26.5,24,1,L,NA,1,0,0
14_p,M,2025/5/29,5865,27,24.5,1,L,NA,1,0,0
14_p,M,2025/5/29,5880,27.5,25,1,L,NA,1,0,0
14_p,M,2025/5/29,5895,28,25.5,1,L,NA,1,0,0
14_p,M,2025/5/29,5910,28.5,26,1,L,NA,1,0,0
14_p,M,2025/5/29,5925,29,26.5,1,L,NA,1,0,0
14_p,M,2025/5/29,5940,29.5,27,1,L,NA,1,0,0
14_p,M,2025/5/29,5955,30,27.5,1,L,NA,1,0,0
14_p,M,2025/5/29,5970,30.5,28,1,L,NA,1,0,0
14_p,M,2025/5/29,5985,31,28.5,1,L,NA,1,0,0
14_p,M,2025/5/29,6000,31.5,29,1,L,NA,1,0,0
14_p,M,2025/5/29,6015,32,29.5,1,L,NA,1,0,0
14_p,M,2025/5/29,6030,32.5,30,1,L,NA,1,0,0
14_p,M,2025/5/29,6045,33,30.5,1,L,NA,1,0,0
14_p,M,2025/5/29,6060,33.5,31,1,L,NA,1,0,0
14_p,M,2025/5/29,6075,34,31.5,1,L,NA,1,0,0
14_p,M,2025/5/29,6090,34.5,32,1,L,NA,1,0,0
14_p,M,2025/5/29,6105,35,32.5,1,L,NA,1,0,0
14_p,M,2025/5/29,6120,35.5,33,1,L,NA,1,0,0
14_p,M,2025/5/29,6135,36,33.5,1,L,NA,1,0,0
14_p,M,2025/5/29,6150,36.5,34,1,L,NA,1,0,0
14_p,M,2025/5/29,6165,37,34.5,1,L,NA,1,0,0
14_p,M,2025/5/29,6180,37.5,35,1,L,NA,1,0,0
14_p,M,2025/5/29,6195,38,35.5,1,L,NA,1,0,0
14_p,M,2025/5/29,6210,38.5,36,1,L,NA,1,0,0
14_p,M,2025/5/29,6225,39,36.5,1,L,NA,1,0,0
14_p,M,2025/5/29,6240,39.5,37,1,L,NA,1,0,0
14_p,M,2025/5/29,6255,40,37.5,1,L,NA,1,0,0
14_p,M,2025/5/29,6270,40.5,38,1,L,NA,1,0,0
14_p,M,2025/5/29,6285,41,38.5,1,L,NA,1,0,0
14_p,M,2025/5/29,6300,41.5,39,1,L,NA,1,0,0
14_p,M,2025/5/29,6315,42,39.5,1,L,NA,1,0,0
14_p,M,2025/5/29,6330,42.5,40,1,L,NA,1,0,0
14_p,M,2025/5/29,6345,43,40.5,1,L,NA,1,0,0
14_p,M,2025/5/29,6360,43.5,41,1,L,NA,1,0,0
14_p,M,2025/5/29,6375,44,41.5,1,L,NA,1,0,0
14_p,M,2025/5/29,6390,44.5,42,1,L,NA,1,0,0
14_p,M,2025/5/29,6405,45,42.5,1,L,NA,1,0,0
14_p,M,2025/5/29,6420,45.5,43,1,L,NA,1,0,0
14_p,M,2025/5/29,6435,46,43.5,1,L,NA,1,0,0
14_p,M,2025/5/29,6450,46.5,44,1,L,NA,1,0,0
14_p,M,2025/5/29,6465,47,44.5,1,L,NA,1,0,0
14_p,M,2025/5/29,6480,47.5,45,1,L,NA,1,0,0
14_p,M,2025/5/29,6495,48,45.5,1,L,NA,1,0,0
14_p,M,2025/5/29,6510,48.5,46,1,L,NA,1,0,0
14_p,M,2025/5/29,6525,49,46.5,1,L,NA,1,0,0
14_p,M,2025/5/29,6540,49.5,47,1,L,NA,1,0,0
14_p,M,2025/5/29,6555,50,47.5,1,L,NA,1,0,0
14_p,M,2025/5/29,6570,50.5,48,1,L,NA,1,0,0
14_p,M,2025/5/29,6585,51,48.5,1,L,NA,1,0,0
14_p,M,2025/5/29,6600,51.5,49,1,L,NA,1,0,0
14_p,M,2025/5/29,6615,52,49.5,1,L,NA,1,0,0
14_p,M,2025/5/29,6630,52.5,50,1,L,NA,1,0,0
14_p,M,2025/5/29,6645,53,50.5,1,L,NA,1,0,0
14_p,M,2025/5/29,6660,53.5,51,1,L,NA,1,0,0
14_p,M,2025/5/29,6675,54,51.5,1,L,NA,1,0,0
14_p,M,2025/5/29,6690,54.5,52,1,L,NA,1,0,0
14_p,M,2025/5/29,6705,55,52.5,1,L,NA,1,0,0
14_p,M,2025/5/29,6720,55.5,53,1,L,NA,1,0,0
14_p,M,2025/5/29,6735,56,53.5,1,L,NA,1,0,0
14_p,M,2025/5/29,6750,56.5,54,1,L,NA,1,0,0
14_p,M,2025/5/29,6765,57,54.5,1,L,NA,1,0,0
14_p,M,2025/5/29,6780,57.5,55,1,L,NA,1,0,0
14_p,M,2025/5/29,6795,58,55.5,1,L,NA,1,0,0
14_p,M,2025/5/29,6810,58.5,56,1,L,NA,1,0,0
14_p,M,2025/5/29,6825,59,56.5,1,L,NA,1,0,0
14_p,M,2025/5/29,6840,59.5,57,1,L,NA,1,0,0
14_p,M,2025/5/29,6855,60,57.5,1,L,NA,1,0,0
14_p,M,2025/5/29,6870,60.5,58,1,L,NA,1,0,0
14_p,M,2025/5/29,6885,61,58.5,1,L,NA,1,0,0
14_p,M,2025/5/29,6900,61.5,59,1,L,NA,1,0,0
14_p,M,2025/5/29,6915,62,59.5,1,L,NA,1,0,0
14_p,M,2025/5/29,6930,62.5,60,1,L,NA,1,0,0
14_p,M,2025/5/29,7875,0,NA,2,R,L,0,0,0
14_p,M,2025/5/29,7890,0.5,NA,2,R,L,0,0,0
14_p,M,2025/5/29,7905,1,NA,2,R,L,0,0,0
14_p,M,2025/5/29,7920,1.5,NA,2,R,L,0,0,0
14_p,M,2025/5/29,7935,2,NA,2,R,L,0,0,0
14_p,M,2025/5/29,7950,2.5,NA,2,R,L,0,0,0
14_p,M,2025/5/29,7965,3,NA,2,R,L,0,0,0
14_p,M,2025/5/29,7980,3.5,NA,2,R,L,0,0,0
14_p,M,2025/5/29,7995,4,NA,2,R,L,0,0,0
14_p,M,2025/5/29,8010,4.5,0,2,R,L,1,0,0
14_p,M,2025/5/29,8025,5,0.5,2,R,L,1,0,0
14_p,M,2025/5/29,8040,5.5,1,2,R,L,1,0,0
14_p,M,2025/5/29,8055,6,1.5,2,R,L,1,0,0
14_p,M,2025/5/29,8070,6.5,2,2,R,L,1,0,0
14_p,M,2025/5/29,8085,7,2.5,2,R,L,1,0,1
14_p,M,2025/5/29,8100,7.5,3,2,R,L,1,0,1
14_p,M,2025/5/29,8115,8,3.5,2,R,L,1,0,0
14_p,M,2025/5/29,8130,8.5,4,2,R,L,1,0,0
14_p,M,2025/5/29,8145,9,4.5,2,R,L,1,0,0
14_p,M,2025/5/29,8160,9.5,5,2,R,L,1,0,1
14_p,M,2025/5/29,8175,10,5.5,2,R,L,1,0,0
14_p,M,2025/5/29,8190,10.5,6,2,R,L,1,0,0
14_p,M,2025/5/29,8205,11,6.5,2,R,L,1,0,0
14_p,M,2025/5/29,8220,11.5,7,2,R,L,1,0,0
14_p,M,2025/5/29,8235,12,7.5,2,R,L,1,0,0
14_p,M,2025/5/29,8250,12.5,8,2,R,L,1,0,0
14_p,M,2025/5/29,8265,13,8.5,2,R,L,1,0,0
14_p,M,2025/5/29,8280,13.5,9,2,R,L,1,0,0
14_p,M,2025/5/29,8295,14,9.5,2,R,L,1,0,0
14_p,M,2025/5/29,8310,14.5,10,2,R,L,1,0,0
14_p,M,2025/5/29,8325,15,10.5,2,R,L,1,0,0
14_p,M,2025/5/29,8340,15.5,11,2,R,L,1,0,0
14_p,M,2025/5/29,8355,16,11.5,2,R,L,1,0,0
14_p,M,2025/5/29,8370,16.5,12,2,R,L,1,0,0
14_p,M,2025/5/29,8385,17,12.5,2,R,L,1,0,0
14_p,M,2025/5/29,8400,17.5,13,2,R,L,1,0,0
14_p,M,2025/5/29,8415,18,13.5,2,R,L,1,0,0
14_p,M,2025/5/29,8430,18.5,14,2,R,L,1,0,0
14_p,M,2025/5/29,8445,19,14.5,2,R,L,1,0,0
14_p,M,2025/5/29,8460,19.5,15,2,R,L,1,0,0
14_p,M,2025/5/29,8475,20,15.5,2,R,L,1,0,0
14_p,M,2025/5/29,8490,20.5,16,2,R,L,1,0,0
14_p,M,2025/5/29,8505,21,16.5,2,R,L,1,0,0
14_p,M,2025/5/29,8520,21.5,17,2,R,L,1,0,0
14_p,M,2025/5/29,8535,22,17.5,2,R,L,1,0,0
14_p,M,2025/5/29,8550,22.5,18,2,R,L,1,0,0
14_p,M,2025/5/29,8565,23,18.5,2,R,L,1,0,0
14_p,M,2025/5/29,8580,23.5,19,2,R,L,1,0,0
14_p,M,2025/5/29,8595,24,19.5,2,R,L,1,0,0
14_p,M,2025/5/29,8610,24.5,20,2,R,L,1,0,0
14_p,M,2025/5/29,8625,25,20.5,2,R,L,1,0,0
14_p,M,2025/5/29,8640,25.5,21,2,R,L,1,0,0
14_p,M,2025/5/29,8655,26,21.5,2,R,L,1,0,0
14_p,M,2025/5/29,8670,26.5,22,2,R,L,1,0,0
14_p,M,2025/5/29,8685,27,22.5,2,R,L,1,0,0
14_p,M,2025/5/29,8700,27.5,23,2,R,L,1,0,0
14_p,M,2025/5/29,8715,28,23.5,2,R,L,1,0,0
14_p,M,2025/5/29,8730,28.5,24,2,R,L,1,0,0
14_p,M,2025/5/29,8745,29,24.5,2,R,L,1,0,0
14_p,M,2025/5/29,8760,29.5,25,2,R,L,1,0,0
14_p,M,2025/5/29,8775,30,25.5,2,R,L,1,0,0
14_p,M,2025/5/29,8790,30.5,26,2,R,L,1,0,0
14_p,M,2025/5/29,8805,31,26.5,2,R,L,1,0,0
14_p,M,2025/5/29,8820,31.5,27,2,R,L,1,0,0
14_p,M,2025/5/29,8835,32,27.5,2,R,L,1,0,0
14_p,M,2025/5/29,8850,32.5,28,2,R,L,1,0,0
14_p,M,2025/5/29,8865,33,28.5,2,R,L,1,0,0
14_p,M,2025/5/29,8880,33.5,29,2,R,L,1,0,0
14_p,M,2025/5/29,8895,34,29.5,2,R,L,1,0,0
14_p,M,2025/5/29,8910,34.5,30,2,R,L,1,0,0
14_p,M,2025/5/29,8925,35,30.5,2,R,L,1,0,0
14_p,M,2025/5/29,8940,35.5,31,2,R,L,1,0,0
14_p,M,2025/5/29,8955,36,31.5,2,R,L,1,0,0
14_p,M,2025/5/29,8970,36.5,32,2,R,L,1,0,0
14_p,M,2025/5/29,8985,37,32.5,2,R,L,1,0,0
14_p,M,2025/5/29,9000,37.5,33,2,R,L,1,0,0
14_p,M,2025/5/29,9015,38,33.5,2,R,L,1,0,0
14_p,M,2025/5/29,9030,38.5,34,2,R,L,1,0,0
14_p,M,2025/5/29,9045,39,34.5,2,R,L,1,0,0
14_p,M,2025/5/29,9060,39.5,35,2,R,L,1,0,0
14_p,M,2025/5/29,9075,40,35.5,2,R,L,1,0,0
14_p,M,2025/5/29,9090,40.5,36,2,R,L,1,0,0
14_p,M,2025/5/29,9105,41,36.5,2,R,L,1,0,0
14_p,M,2025/5/29,9120,41.5,37,2,R,L,1,0,0
14_p,M,2025/5/29,9135,42,37.5,2,R,L,1,0,0
14_p,M,2025/5/29,9150,42.5,38,2,R,L,1,0,0
14_p,M,2025/5/29,9165,43,38.5,2,R,L,1,0,0
14_p,M,2025/5/29,9180,43.5,39,2,R,L,1,0,0
14_p,M,2025/5/29,9195,44,39.5,2,R,L,1,0,0
14_p,M,2025/5/29,9210,44.5,40,2,R,L,1,0,0
14_p,M,2025/5/29,9225,45,40.5,2,R,L,1,1,0
14_p,M,2025/5/29,10280,0,NA,3,L,L,0,0,0
14_p,M,2025/5/29,10295,0.5,NA,3,L,L,0,0,0
14_p,M,2025/5/29,10310,1,NA,3,L,L,0,0,0
14_p,M,2025/5/29,10325,1.5,NA,3,L,L,0,0,0
14_p,M,2025/5/29,10340,2,NA,3,L,L,0,0,0
14_p,M,2025/5/29,10355,2.5,NA,3,L,L,0,0,0
14_p,M,2025/5/29,10370,3,NA,3,L,L,0,0,0
14_p,M,2025/5/29,10385,3.5,NA,3,L,L,0,0,0
14_p,M,2025/5/29,10400,4,NA,3,L,L,0,0,0
14_p,M,2025/5/29,10415,4.5,NA,3,L,L,0,0,0
14_p,M,2025/5/29,10430,5,NA,3,L,L,0,0,0
14_p,M,2025/5/29,10445,5.5,NA,3,L,L,0,0,0
14_p,M,2025/5/29,10460,6,NA,3,L,L,0,0,0
14_p,M,2025/5/29,10475,6.5,NA,3,L,L,0,0,0
14_p,M,2025/5/29,10490,7,NA,3,L,L,0,0,0
14_p,M,2025/5/29,10505,7.5,NA,3,L,L,0,0,0
14_p,M,2025/5/29,10520,8,NA,3,L,L,0,0,0
14_p,M,2025/5/29,10535,8.5,NA,3,L,L,0,0,0
14_p,M,2025/5/29,10550,9,NA,3,L,L,0,0,0
14_p,M,2025/5/29,10565,9.5,NA,3,L,L,0,0,0
14_p,M,2025/5/29,10580,10,NA,3,L,L,0,0,0
14_p,M,2025/5/29,10595,10.5,0,3,L,L,1,0,0
14_p,M,2025/5/29,10610,11,0.5,3,L,L,1,0,0
14_p,M,2025/5/29,10625,11.5,1,3,L,L,1,0,0
14_p,M,2025/5/29,10640,12,1.5,3,L,L,1,0,0
14_p,M,2025/5/29,10655,12.5,2,3,L,L,1,0,0
14_p,M,2025/5/29,10670,13,2.5,3,L,L,1,0,0
14_p,M,2025/5/29,10685,13.5,3,3,L,L,1,0,0
14_p,M,2025/5/29,10700,14,3.5,3,L,L,1,0,0
14_p,M,2025/5/29,10715,14.5,4,3,L,L,1,0,0
14_p,M,2025/5/29,10730,15,4.5,3,L,L,1,0,0
14_p,M,2025/5/29,10745,15.5,5,3,L,L,1,0,0
14_p,M,2025/5/29,10760,16,5.5,3,L,L,1,0,0
14_p,M,2025/5/29,10775,16.5,6,3,L,L,1,0,0
14_p,M,2025/5/29,10790,17,6.5,3,L,L,1,0,1
14_p,M,2025/5/29,10805,17.5,7,3,L,L,1,1,0
14_p,M,2025/5/29,12145,0,NA,4,R,NA,0,0,0
14_p,M,2025/5/29,12160,0.5,NA,4,R,NA,0,0,0
14_p,M,2025/5/29,12175,1,NA,4,R,NA,0,0,0
14_p,M,2025/5/29,12190,1.5,NA,4,R,NA,0,0,0
14_p,M,2025/5/29,12205,2,NA,4,R,NA,0,0,0
14_p,M,2025/5/29,12220,2.5,NA,4,R,NA,0,0,0
14_p,M,2025/5/29,12235,3,NA,4,R,NA,0,0,0
14_p,M,2025/5/29,12250,3.5,NA,4,R,NA,0,0,0
14_p,M,2025/5/29,12265,4,NA,4,R,NA,0,0,0
14_p,M,2025/5/29,12280,4.5,NA,4,R,NA,0,0,0
14_p,M,2025/5/29,12295,5,NA,4,R,NA,0,0,0
14_p,M,2025/5/29,12310,5.5,NA,4,R,NA,0,0,0
14_p,M,2025/5/29,12325,6,NA,4,R,NA,0,0,0
14_p,M,2025/5/29,12340,6.5,0,4,R,NA,1,0,0
14_p,M,2025/5/29,12355,7,0.5,4,R,NA,1,0,0
14_p,M,2025/5/29,12370,7.5,1,4,R,NA,1,0,0
14_p,M,2025/5/29,12385,8,1.5,4,R,NA,1,0,0
14_p,M,2025/5/29,12400,8.5,2,4,R,NA,1,0,1
14_p,M,2025/5/29,12415,9,2.5,4,R,NA,1,0,1
14_p,M,2025/5/29,12430,9.5,3,4,R,NA,1,0,0
14_p,M,2025/5/29,12445,10,3.5,4,R,NA,1,0,0
14_p,M,2025/5/29,12460,10.5,4,4,R,NA,1,0,0
14_p,M,2025/5/29,12475,11,4.5,4,R,NA,1,0,0
14_p,M,2025/5/29,12490,11.5,5,4,R,NA,1,0,0
14_p,M,2025/5/29,12505,12,5.5,4,R,NA,1,0,0
14_p,M,2025/5/29,12520,12.5,6,4,R,NA,1,0,0
14_p,M,2025/5/29,12535,13,6.5,4,R,NA,1,0,0
14_p,M,2025/5/29,12550,13.5,7,4,R,NA,1,0,0
14_p,M,2025/5/29,12565,14,7.5,4,R,NA,1,0,0
14_p,M,2025/5/29,12580,14.5,8,4,R,NA,1,0,0
14_p,M,2025/5/29,12595,15,8.5,4,R,NA,1,0,0
14_p,M,2025/5/29,12610,15.5,9,4,R,NA,1,0,0
14_p,M,2025/5/29,12625,16,9.5,4,R,NA,1,0,0
14_p,M,2025/5/29,12640,16.5,10,4,R,NA,1,0,0
14_p,M,2025/5/29,12655,17,10.5,4,R,NA,1,0,0
14_p,M,2025/5/29,12670,17.5,11,4,R,NA,1,0,0
14_p,M,2025/5/29,12685,18,11.5,4,R,NA,1,0,0
14_p,M,2025/5/29,12700,18.5,12,4,R,NA,1,0,0
14_p,M,2025/5/29,12715,19,12.5,4,R,NA,1,0,0
14_p,M,2025/5/29,12730,19.5,13,4,R,NA,1,0,0
14_p,M,2025/5/29,12745,20,13.5,4,R,NA,1,0,0
14_p,M,2025/5/29,12760,20.5,14,4,R,NA,1,0,0
14_p,M,2025/5/29,12775,21,14.5,4,R,NA,1,0,0
14_p,M,2025/5/29,12790,21.5,15,4,R,NA,0,0,0
14_p,M,2025/5/29,12805,22,15.5,4,R,NA,0,0,0
14_p,M,2025/5/29,12820,22.5,16,4,R,NA,0,0,0
14_p,M,2025/5/29,12835,23,16.5,4,R,NA,0,0,0
14_p,M,2025/5/29,12850,23.5,17,4,R,NA,0,0,0
14_p,M,2025/5/29,12865,24,17.5,4,R,NA,0,0,0
14_p,M,2025/5/29,12880,24.5,18,4,R,NA,0,0,0
14_p,M,2025/5/29,12895,25,18.5,4,R,NA,0,0,0
14_p,M,2025/5/29,12910,25.5,19,4,R,NA,0,0,0
14_p,M,2025/5/29,12925,26,19.5,4,R,NA,0,0,0
14_p,M,2025/5/29,12940,26.5,20,4,R,NA,0,0,0
14_p,M,2025/5/29,12955,27,20.5,4,R,NA,0,0,0
14_p,M,2025/5/29,12970,27.5,21,4,R,NA,0,0,0
14_p,M,2025/5/29,12985,28,21.5,4,R,NA,0,0,0
14_p,M,2025/5/29,13000,28.5,22,4,R,NA,0,0,0
14_p,M,2025/5/29,13015,29,22.5,4,R,NA,0,0,0
14_p,M,2025/5/29,13030,29.5,23,4,R,NA,0,0,0
14_p,M,2025/5/29,13045,30,23.5,4,R,NA,0,0,0
14_p,M,2025/5/29,13060,30.5,24,4,R,NA,0,0,0
14_p,M,2025/5/29,13075,31,24.5,4,R,NA,0,0,0
14_p,M,2025/5/29,13090,31.5,25,4,R,NA,0,0,0
14_p,M,2025/5/29,13105,32,25.5,4,R,NA,0,0,0
14_p,M,2025/5/29,13120,32.5,26,4,R,NA,0,0,0
14_p,M,2025/5/29,13135,33,26.5,4,R,NA,0,0,0
14_p,M,2025/5/29,13150,33.5,27,4,R,NA,0,0,0
14_p,M,2025/5/29,13165,34,27.5,4,R,NA,0,0,0
14_p,M,2025/5/29,13180,34.5,28,4,R,NA,0,0,0
14_p,M,2025/5/29,13195,35,28.5,4,R,NA,0,0,0
14_p,M,2025/5/29,13210,35.5,29,4,R,NA,0,0,0
14_p,M,2025/5/29,13225,36,29.5,4,R,NA,0,0,0
14_p,M,2025/5/29,13240,36.5,30,4,R,NA,0,0,0
14_p,M,2025/5/29,13255,37,30.5,4,R,NA,0,0,0
14_p,M,2025/5/29,13270,37.5,31,4,R,NA,0,0,0
14_p,M,2025/5/29,13285,38,31.5,4,R,NA,0,0,0
14_p,M,2025/5/29,13300,38.5,32,4,R,NA,0,0,0
14_p,M,2025/5/29,13315,39,32.5,4,R,NA,0,0,0
14_p,M,2025/5/29,13330,39.5,33,4,R,NA,0,0,0
14_p,M,2025/5/29,13345,40,33.5,4,R,NA,0,0,0
14_p,M,2025/5/29,13360,40.5,34,4,R,NA,0,0,0
14_p,M,2025/5/29,13375,41,34.5,4,R,NA,0,0,0
14_p,M,2025/5/29,13390,41.5,35,4,R,NA,0,0,0
14_p,M,2025/5/29,13405,42,35.5,4,R,NA,0,0,0
14_p,M,2025/5/29,13420,42.5,36,4,R,NA,0,0,0
14_p,M,2025/5/29,13435,43,36.5,4,R,NA,0,0,0
14_p,M,2025/5/29,13450,43.5,37,4,R,NA,0,0,0
14_p,M,2025/5/29,13465,44,37.5,4,R,NA,0,0,0
14_p,M,2025/5/29,13480,44.5,38,4,R,NA,0,0,0
14_p,M,2025/5/29,13495,45,38.5,4,R,NA,0,0,0
14_p,M,2025/5/29,13510,45.5,39,4,R,NA,0,0,0
14_p,M,2025/5/29,13525,46,39.5,4,R,NA,0,0,0
14_p,M,2025/5/29,13540,46.5,40,4,R,NA,0,0,0
14_p,M,2025/5/29,13555,47,40.5,4,R,NA,0,0,0
14_p,M,2025/5/29,13570,47.5,41,4,R,NA,0,0,0
14_p,M,2025/5/29,13585,48,41.5,4,R,NA,0,0,0
14_p,M,2025/5/29,13600,48.5,42,4,R,NA,0,0,0
14_p,M,2025/5/29,13615,49,42.5,4,R,NA,0,0,0
14_p,M,2025/5/29,13630,49.5,43,4,R,NA,0,0,0
14_p,M,2025/5/29,13645,50,43.5,4,R,NA,0,0,0
14_p,M,2025/5/29,13660,50.5,44,4,R,NA,0,0,0
14_p,M,2025/5/29,13675,51,44.5,4,R,NA,0,0,0
14_p,M,2025/5/29,13690,51.5,45,4,R,NA,0,0,0
14_p,M,2025/5/29,13705,52,45.5,4,R,NA,0,0,0
14_p,M,2025/5/29,13720,52.5,46,4,R,NA,0,0,0
14_p,M,2025/5/29,13735,53,46.5,4,R,NA,0,0,0
14_p,M,2025/5/29,13750,53.5,47,4,R,NA,0,0,0
14_p,M,2025/5/29,13765,54,47.5,4,R,NA,0,0,0
14_p,M,2025/5/29,13780,54.5,48,4,R,NA,0,0,0
14_p,M,2025/5/29,13795,55,48.5,4,R,NA,0,0,0
14_p,M,2025/5/29,13810,55.5,49,4,R,NA,0,0,0
14_p,M,2025/5/29,13825,56,49.5,4,R,NA,0,0,0
14_p,M,2025/5/29,13840,56.5,50,4,R,NA,0,0,0
14_p,M,2025/5/29,13855,57,50.5,4,R,NA,0,0,0
14_p,M,2025/5/29,13870,57.5,51,4,R,NA,0,0,0
14_p,M,2025/5/29,13885,58,51.5,4,R,NA,0,0,0
14_p,M,2025/5/29,13900,58.5,52,4,R,NA,0,0,0
14_p,M,2025/5/29,13915,59,52.5,4,R,NA,0,0,0
14_p,M,2025/5/29,13930,59.5,53,4,R,NA,0,0,0
14_p,M,2025/5/29,13945,60,53.5,4,R,NA,0,0,0
14_p,M,2025/5/29,13960,60.5,54,4,R,NA,0,0,0
14_p,M,2025/5/29,13975,61,54.5,4,R,NA,0,0,0
14_p,M,2025/5/29,13990,61.5,55,4,R,NA,0,0,0
14_p,M,2025/5/29,14005,62,55.5,4,R,NA,0,0,0
14_p,M,2025/5/29,14020,62.5,56,4,R,NA,0,0,0
14_p,M,2025/5/29,14035,63,56.5,4,R,NA,0,0,0
14_p,M,2025/5/29,14050,63.5,57,4,R,NA,0,0,0
14_p,M,2025/5/29,14065,64,57.5,4,R,NA,0,0,0
14_p,M,2025/5/29,14080,64.5,58,4,R,NA,0,0,0
14_p,M,2025/5/29,14095,65,58.5,4,R,NA,0,0,0
14_p,M,2025/5/29,14110,65.5,59,4,R,NA,0,0,0
14_p,M,2025/5/29,14125,66,59.5,4,R,NA,0,0,0
14_p,M,2025/5/29,14140,66.5,60,4,R,NA,0,0,0
14_p,M,2025/5/29,14155,67,60.5,4,R,NA,0,0,0
14_p,M,2025/5/29,14170,67.5,61,4,R,NA,0,0,0
14_p,M,2025/5/29,14185,68,61.5,4,R,NA,0,0,0
14_p,M,2025/5/29,14200,68.5,62,4,R,NA,0,0,0
14_p,M,2025/5/29,14215,69,62.5,4,R,NA,0,0,0
14_p,M,2025/5/29,14230,69.5,63,4,R,NA,0,0,0
14_p,M,2025/5/29,14245,70,63.5,4,R,NA,0,0,0
14_p,M,2025/5/29,14260,70.5,64,4,R,NA,0,0,0
14_p,M,2025/5/29,14275,71,64.5,4,R,NA,0,0,0
14_p,M,2025/5/29,14290,71.5,65,4,R,NA,0,0,0
14_p,M,2025/5/29,14305,72,65.5,4,R,NA,0,0,0
14_p,M,2025/5/29,14320,72.5,66,4,R,NA,0,0,0
14_p,M,2025/5/29,14335,73,66.5,4,R,NA,0,0,0
14_p,M,2025/5/29,14350,73.5,67,4,R,NA,1,0,0
14_p,M,2025/5/29,14365,74,67.5,4,R,NA,1,0,0
14_p,M,2025/5/29,14380,74.5,68,4,R,NA,1,0,0
14_p,M,2025/5/29,14395,75,68.5,4,R,NA,1,0,0
14_p,M,2025/5/29,14410,75.5,69,4,R,NA,1,0,0
14_p,M,2025/5/29,14425,76,69.5,4,R,NA,1,0,0
14_p,M,2025/5/29,14440,76.5,70,4,R,NA,1,0,0
14_p,M,2025/5/29,14455,77,70.5,4,R,NA,1,0,0
14_p,M,2025/5/29,14470,77.5,71,4,R,NA,1,0,0
14_p,M,2025/5/29,14485,78,71.5,4,R,NA,1,0,0
14_p,M,2025/5/29,14500,78.5,72,4,R,NA,1,0,0
14_p,M,2025/5/29,14515,79,72.5,4,R,NA,1,0,0
14_p,M,2025/5/29,14530,79.5,73,4,R,NA,1,0,0
14_p,M,2025/5/29,14545,80,73.5,4,R,NA,1,0,0
14_p,M,2025/5/29,14560,80.5,74,4,R,NA,1,0,0
14_p,M,2025/5/29,14575,81,74.5,4,R,NA,1,0,0
14_p,M,2025/5/29,14590,81.5,75,4,R,NA,1,0,0
14_p,M,2025/5/29,14605,82,75.5,4,R,NA,1,0,0
14_p,M,2025/5/29,14620,82.5,76,4,R,NA,1,0,0
14_p,M,2025/5/29,14635,83,76.5,4,R,NA,1,0,0
14_p,M,2025/5/29,14650,83.5,77,4,R,NA,1,0,0
14_p,M,2025/5/29,14665,84,77.5,4,R,NA,1,0,0
14_p,M,2025/5/29,14680,84.5,78,4,R,NA,1,0,0
14_p,M,2025/5/29,14695,85,78.5,4,R,NA,1,0,0
14_p,M,2025/5/29,14710,85.5,79,4,R,NA,1,0,0
14_p,M,2025/5/29,14725,86,79.5,4,R,NA,1,0,0
14_p,M,2025/5/29,14740,86.5,80,4,R,NA,1,0,0
14_p,M,2025/5/29,14755,87,80.5,4,R,NA,1,0,0
14_p,M,2025/5/29,14770,87.5,81,4,R,NA,1,0,0
14_p,M,2025/5/29,14785,88,81.5,4,R,NA,1,0,0
14_p,M,2025/5/29,14800,88.5,82,4,R,NA,1,0,0
14_p,M,2025/5/29,14815,89,82.5,4,R,NA,1,0,0
14_p,M,2025/5/29,14830,89.5,83,4,R,NA,1,0,0
14_p,M,2025/5/29,14845,90,83.5,4,R,NA,1,0,0
14_p,M,2025/5/29,14860,90.5,84,4,R,NA,1,0,0
14_p,M,2025/5/29,14875,91,84.5,4,R,NA,1,0,0
14_p,M,2025/5/29,14890,91.5,85,4,R,NA,1,0,0
14_p,M,2025/5/29,14905,92,85.5,4,R,NA,1,0,0
14_p,M,2025/5/29,14920,92.5,86,4,R,NA,1,0,0
14_p,M,2025/5/29,14935,93,86.5,4,R,NA,1,0,0
14_p,M,2025/5/29,15655,0,NA,5,L,NA,0,0,0
14_p,M,2025/5/29,15670,0.5,NA,5,L,NA,0,0,0
14_p,M,2025/5/29,15685,1,NA,5,L,NA,0,0,0
14_p,M,2025/5/29,15700,1.5,NA,5,L,NA,0,0,0
14_p,M,2025/5/29,15715,2,NA,5,L,NA,0,0,0
14_p,M,2025/5/29,15730,2.5,NA,5,L,NA,0,0,0
14_p,M,2025/5/29,15745,3,NA,5,L,NA,0,0,0
14_p,M,2025/5/29,15760,3.5,0,5,L,NA,1,0,0
14_p,M,2025/5/29,15775,4,0.5,5,L,NA,1,0,0
14_p,M,2025/5/29,15790,4.5,1,5,L,NA,1,0,0
14_p,M,2025/5/29,15805,5,1.5,5,L,NA,1,0,0
14_p,M,2025/5/29,15820,5.5,2,5,L,NA,1,0,0
14_p,M,2025/5/29,15835,6,2.5,5,L,NA,1,0,0
14_p,M,2025/5/29,15850,6.5,3,5,L,NA,1,0,0
14_p,M,2025/5/29,15865,7,3.5,5,L,NA,1,0,0
14_p,M,2025/5/29,15880,7.5,4,5,L,NA,1,0,0
14_p,M,2025/5/29,15895,8,4.5,5,L,NA,1,0,0
14_p,M,2025/5/29,15910,8.5,5,5,L,NA,1,0,0
14_p,M,2025/5/29,15925,9,5.5,5,L,NA,1,0,0
14_p,M,2025/5/29,15940,9.5,6,5,L,NA,1,0,0
14_p,M,2025/5/29,15955,10,6.5,5,L,NA,1,0,0
14_p,M,2025/5/29,15970,10.5,7,5,L,NA,1,0,0
14_p,M,2025/5/29,15985,11,7.5,5,L,NA,1,0,0
14_p,M,2025/5/29,16000,11.5,8,5,L,NA,1,0,0
14_p,M,2025/5/29,16015,12,8.5,5,L,NA,1,0,0
14_p,M,2025/5/29,16030,12.5,9,5,L,NA,1,0,0
14_p,M,2025/5/29,16045,13,9.5,5,L,NA,1,0,0
14_p,M,2025/5/29,16060,13.5,10,5,L,NA,1,0,0
14_p,M,2025/5/29,16075,14,10.5,5,L,NA,1,0,0
14_p,M,2025/5/29,16090,14.5,11,5,L,NA,1,0,0
14_p,M,2025/5/29,16105,15,11.5,5,L,NA,1,0,0
14_p,M,2025/5/29,16120,15.5,12,5,L,NA,1,0,0
14_p,M,2025/5/29,16135,16,12.5,5,L,NA,1,0,1
14_p,M,2025/5/29,16150,16.5,13,5,L,NA,1,0,2
14_p,M,2025/5/29,16165,17,13.5,5,L,NA,1,0,1
14_p,M,2025/5/29,16180,17.5,14,5,L,NA,1,0,0
14_p,M,2025/5/29,16195,18,14.5,5,L,NA,1,0,0
14_p,M,2025/5/29,16210,18.5,15,5,L,NA,1,0,0
14_p,M,2025/5/29,16225,19,15.5,5,L,NA,1,0,1
14_p,M,2025/5/29,16240,19.5,16,5,L,NA,1,0,0
14_p,M,2025/5/29,16255,20,16.5,5,L,NA,1,0,0
14_p,M,2025/5/29,16270,20.5,17,5,L,NA,1,0,0
14_p,M,2025/5/29,16285,21,17.5,5,L,NA,1,0,0
14_p,M,2025/5/29,16300,21.5,18,5,L,NA,1,0,0
14_p,M,2025/5/29,16315,22,18.5,5,L,NA,1,0,0
14_p,M,2025/5/29,16330,22.5,19,5,L,NA,1,0,0
14_p,M,2025/5/29,16345,23,19.5,5,L,NA,1,0,0
14_p,M,2025/5/29,16360,23.5,20,5,L,NA,1,0,0
14_p,M,2025/5/29,16375,24,20.5,5,L,NA,1,0,0
14_p,M,2025/5/29,16390,24.5,21,5,L,NA,1,0,0
14_p,M,2025/5/29,16405,25,21.5,5,L,NA,1,0,0
14_p,M,2025/5/29,16420,25.5,22,5,L,NA,1,0,0
14_p,M,2025/5/29,16435,26,22.5,5,L,NA,1,0,0
14_p,M,2025/5/29,16450,26.5,23,5,L,NA,1,0,0
14_p,M,2025/5/29,16465,27,23.5,5,L,NA,1,0,0
14_p,M,2025/5/29,16480,27.5,24,5,L,NA,1,0,0
14_p,M,2025/5/29,16495,28,24.5,5,L,NA,1,0,0
14_p,M,2025/5/29,16510,28.5,25,5,L,NA,1,0,0
14_p,M,2025/5/29,16525,29,25.5,5,L,NA,1,0,0
14_p,M,2025/5/29,16540,29.5,26,5,L,NA,1,0,0
14_p,M,2025/5/29,16555,30,26.5,5,L,NA,1,0,0
14_p,M,2025/5/29,16570,30.5,27,5,L,NA,1,0,0
14_p,M,2025/5/29,16585,31,27.5,5,L,NA,1,0,0
14_p,M,2025/5/29,16600,31.5,28,5,L,NA,1,0,0
14_p,M,2025/5/29,16615,32,28.5,5,L,NA,1,0,0
14_p,M,2025/5/29,16630,32.5,29,5,L,NA,1,0,0
14_p,M,2025/5/29,16645,33,29.5,5,L,NA,1,0,0
14_p,M,2025/5/29,16660,33.5,30,5,L,NA,1,0,0
14_p,M,2025/5/29,16675,34,30.5,5,L,NA,1,0,0
14_p,M,2025/5/29,16690,34.5,31,5,L,NA,0,0,0
14_p,M,2025/5/29,16705,35,31.5,5,L,NA,0,0,0
14_p,M,2025/5/29,16720,35.5,32,5,L,NA,0,0,0
14_p,M,2025/5/29,16735,36,32.5,5,L,NA,0,0,0
14_p,M,2025/5/29,16750,36.5,33,5,L,NA,0,0,0
14_p,M,2025/5/29,16765,37,33.5,5,L,NA,0,0,0
14_p,M,2025/5/29,16780,37.5,34,5,L,NA,0,0,0
14_p,M,2025/5/29,16795,38,34.5,5,L,NA,0,0,0
14_p,M,2025/5/29,16810,38.5,35,5,L,NA,0,0,0
14_p,M,2025/5/29,16825,39,35.5,5,L,NA,0,0,0
14_p,M,2025/5/29,16840,39.5,36,5,L,NA,0,0,0
14_p,M,2025/5/29,16855,40,36.5,5,L,NA,0,0,0
14_p,M,2025/5/29,16870,40.5,37,5,L,NA,0,0,0
14_p,M,2025/5/29,16885,41,37.5,5,L,NA,0,0,0
14_p,M,2025/5/29,16900,41.5,38,5,L,NA,0,0,0
14_p,M,2025/5/29,16915,42,38.5,5,L,NA,0,0,0
14_p,M,2025/5/29,16930,42.5,39,5,L,NA,0,0,0
14_p,M,2025/5/29,16945,43,39.5,5,L,NA,0,0,0
14_p,M,2025/5/29,16960,43.5,40,5,L,NA,0,0,0
14_p,M,2025/5/29,16975,44,40.5,5,L,NA,0,0,0
14_p,M,2025/5/29,16990,44.5,41,5,L,NA,0,0,0
14_p,M,2025/5/29,17005,45,41.5,5,L,NA,0,0,0
14_p,M,2025/5/29,17020,45.5,42,5,L,NA,0,0,0
14_p,M,2025/5/29,17035,46,42.5,5,L,NA,0,0,0
14_p,M,2025/5/29,17050,46.5,43,5,L,NA,0,0,0
14_p,M,2025/5/29,17065,47,43.5,5,L,NA,0,0,0
14_p,M,2025/5/29,17080,47.5,44,5,L,NA,0,0,0
14_p,M,2025/5/29,17095,48,44.5,5,L,NA,0,0,0
14_p,M,2025/5/29,17110,48.5,45,5,L,NA,0,0,0
14_p,M,2025/5/29,17125,49,45.5,5,L,NA,0,0,0
14_p,M,2025/5/29,17140,49.5,46,5,L,NA,0,0,0
14_p,M,2025/5/29,17155,50,46.5,5,L,NA,0,0,0
14_p,M,2025/5/29,17170,50.5,47,5,L,NA,0,0,0
14_p,M,2025/5/29,17185,51,47.5,5,L,NA,0,0,0
14_p,M,2025/5/29,17200,51.5,48,5,L,NA,0,0,0
14_p,M,2025/5/29,17215,52,48.5,5,L,NA,0,0,0
14_p,M,2025/5/29,17230,52.5,49,5,L,NA,0,0,0
14_p,M,2025/5/29,17245,53,49.5,5,L,NA,0,0,0
14_p,M,2025/5/29,17260,53.5,50,5,L,NA,0,0,0
14_p,M,2025/5/29,17275,54,50.5,5,L,NA,0,0,0
14_p,M,2025/5/29,17290,54.5,51,5,L,NA,0,0,0
14_p,M,2025/5/29,17305,55,51.5,5,L,NA,0,0,0
14_p,M,2025/5/29,17320,55.5,52,5,L,NA,0,0,0
14_p,M,2025/5/29,17335,56,52.5,5,L,NA,0,0,0
14_p,M,2025/5/29,17350,56.5,53,5,L,NA,0,0,0
14_p,M,2025/5/29,17365,57,53.5,5,L,NA,0,0,0
14_p,M,2025/5/29,17380,57.5,54,5,L,NA,0,0,0
14_p,M,2025/5/29,17395,58,54.5,5,L,NA,0,0,0
14_p,M,2025/5/29,17410,58.5,55,5,L,NA,0,0,0
14_p,M,2025/5/29,17425,59,55.5,5,L,NA,0,0,0
14_p,M,2025/5/29,17440,59.5,56,5,L,NA,0,0,0
14_p,M,2025/5/29,17455,60,56.5,5,L,NA,0,0,0
14_p,M,2025/5/29,17470,60.5,57,5,L,NA,0,0,0
14_p,M,2025/5/29,17485,61,57.5,5,L,NA,0,0,0
14_p,M,2025/5/29,17500,61.5,58,5,L,NA,0,0,0
14_p,M,2025/5/29,17515,62,58.5,5,L,NA,0,0,0
14_p,M,2025/5/29,17530,62.5,59,5,L,NA,0,0,0
14_p,M,2025/5/29,17545,63,59.5,5,L,NA,0,0,0
14_p,M,2025/5/29,17560,63.5,60,5,L,NA,0,0,0
14_p,M,2025/5/29,18175,0,NA,6,R,L,0,0,0
14_p,M,2025/5/29,18190,0.5,NA,6,R,L,0,0,0
14_p,M,2025/5/29,18205,1,NA,6,R,L,0,0,0
14_p,M,2025/5/29,18220,1.5,NA,6,R,L,0,0,0
14_p,M,2025/5/29,18235,2,NA,6,R,L,0,0,0
14_p,M,2025/5/29,18250,2.5,NA,6,R,L,0,0,0
14_p,M,2025/5/29,18265,3,NA,6,R,L,0,0,0
14_p,M,2025/5/29,18280,3.5,NA,6,R,L,0,0,0
14_p,M,2025/5/29,18295,4,NA,6,R,L,0,0,0
14_p,M,2025/5/29,18310,4.5,NA,6,R,L,0,0,0
14_p,M,2025/5/29,18325,5,NA,6,R,L,0,0,0
14_p,M,2025/5/29,18340,5.5,NA,6,R,L,0,0,0
14_p,M,2025/5/29,18355,6,NA,6,R,L,0,0,0
14_p,M,2025/5/29,18370,6.5,NA,6,R,L,0,0,0
14_p,M,2025/5/29,18385,7,NA,6,R,L,0,0,0
14_p,M,2025/5/29,18400,7.5,NA,6,R,L,0,0,0
14_p,M,2025/5/29,18415,8,NA,6,R,L,0,0,0
14_p,M,2025/5/29,18430,8.5,0,6,R,L,1,0,0
14_p,M,2025/5/29,18445,9,0.5,6,R,L,1,0,0
14_p,M,2025/5/29,18460,9.5,1,6,R,L,1,0,0
14_p,M,2025/5/29,18475,10,1.5,6,R,L,1,0,0
14_p,M,2025/5/29,18490,10.5,2,6,R,L,1,0,0
14_p,M,2025/5/29,18505,11,2.5,6,R,L,1,0,0
14_p,M,2025/5/29,18520,11.5,3,6,R,L,1,0,0
14_p,M,2025/5/29,18535,12,3.5,6,R,L,1,0,0
14_p,M,2025/5/29,18550,12.5,4,6,R,L,1,0,0
14_p,M,2025/5/29,18565,13,4.5,6,R,L,1,0,0
14_p,M,2025/5/29,18580,13.5,5,6,R,L,1,0,0
14_p,M,2025/5/29,18595,14,5.5,6,R,L,1,0,1
14_p,M,2025/5/29,18610,14.5,6,6,R,L,1,0,0
14_p,M,2025/5/29,18625,15,6.5,6,R,L,1,0,0
14_p,M,2025/5/29,18640,15.5,7,6,R,L,1,0,0
14_p,M,2025/5/29,18655,16,7.5,6,R,L,1,0,0
14_p,M,2025/5/29,18670,16.5,8,6,R,L,1,0,0
14_p,M,2025/5/29,18685,17,8.5,6,R,L,1,0,0
14_p,M,2025/5/29,18700,17.5,9,6,R,L,1,0,0
14_p,M,2025/5/29,18715,18,9.5,6,R,L,1,0,0
14_p,M,2025/5/29,18730,18.5,10,6,R,L,1,0,0
14_p,M,2025/5/29,18745,19,10.5,6,R,L,1,0,0
14_p,M,2025/5/29,18760,19.5,11,6,R,L,1,0,0
14_p,M,2025/5/29,18775,20,11.5,6,R,L,1,0,0
14_p,M,2025/5/29,18790,20.5,12,6,R,L,1,0,0
14_p,M,2025/5/29,18805,21,12.5,6,R,L,1,0,0
14_p,M,2025/5/29,18820,21.5,13,6,R,L,1,0,0
14_p,M,2025/5/29,18835,22,13.5,6,R,L,1,0,0
14_p,M,2025/5/29,18850,22.5,14,6,R,L,1,0,0
14_p,M,2025/5/29,18865,23,14.5,6,R,L,1,0,0
14_p,M,2025/5/29,18880,23.5,15,6,R,L,1,0,0
14_p,M,2025/5/29,18895,24,15.5,6,R,L,1,0,0
14_p,M,2025/5/29,18910,24.5,16,6,R,L,1,0,0
14_p,M,2025/5/29,18925,25,16.5,6,R,L,1,0,0
14_p,M,2025/5/29,18940,25.5,17,6,R,L,1,0,0
14_p,M,2025/5/29,18955,26,17.5,6,R,L,1,0,0
14_p,M,2025/5/29,18970,26.5,18,6,R,L,1,0,0
14_p,M,2025/5/29,18985,27,18.5,6,R,L,1,0,0
14_p,M,2025/5/29,19000,27.5,19,6,R,L,1,0,0
14_p,M,2025/5/29,19015,28,19.5,6,R,L,1,0,0
14_p,M,2025/5/29,19030,28.5,20,6,R,L,1,0,0
14_p,M,2025/5/29,19045,29,20.5,6,R,L,1,0,0
14_p,M,2025/5/29,19060,29.5,21,6,R,L,1,0,0
14_p,M,2025/5/29,19075,30,21.5,6,R,L,1,0,0
14_p,M,2025/5/29,19090,30.5,22,6,R,L,1,0,0
14_p,M,2025/5/29,19105,31,22.5,6,R,L,1,0,0
14_p,M,2025/5/29,19120,31.5,23,6,R,L,1,0,0
14_p,M,2025/5/29,19135,32,23.5,6,R,L,1,0,0
14_p,M,2025/5/29,19150,32.5,24,6,R,L,1,0,0
14_p,M,2025/5/29,19165,33,24.5,6,R,L,1,0,0
14_p,M,2025/5/29,19180,33.5,25,6,R,L,1,0,0
14_p,M,2025/5/29,19195,34,25.5,6,R,L,1,0,0
14_p,M,2025/5/29,19210,34.5,26,6,R,L,1,0,0
14_p,M,2025/5/29,19225,35,26.5,6,R,L,1,0,0
14_p,M,2025/5/29,19240,35.5,27,6,R,L,1,0,0
14_p,M,2025/5/29,19255,36,27.5,6,R,L,1,0,0
14_p,M,2025/5/29,19270,36.5,28,6,R,L,1,0,0
14_p,M,2025/5/29,19285,37,28.5,6,R,L,1,0,0
14_p,M,2025/5/29,19300,37.5,29,6,R,L,1,0,0
14_p,M,2025/5/29,19315,38,29.5,6,R,L,1,0,0
14_p,M,2025/5/29,19330,38.5,30,6,R,L,1,0,0
14_p,M,2025/5/29,19345,39,30.5,6,R,L,1,0,0
14_p,M,2025/5/29,19360,39.5,31,6,R,L,1,0,0
14_p,M,2025/5/29,19375,40,31.5,6,R,L,1,0,0
14_p,M,2025/5/29,19390,40.5,32,6,R,L,1,0,0
14_p,M,2025/5/29,19405,41,32.5,6,R,L,1,0,0
14_p,M,2025/5/29,19420,41.5,33,6,R,L,1,0,0
14_p,M,2025/5/29,19435,42,33.5,6,R,L,1,0,0
14_p,M,2025/5/29,19450,42.5,34,6,R,L,1,0,0
14_p,M,2025/5/29,19465,43,34.5,6,R,L,1,0,0
14_p,M,2025/5/29,19480,43.5,35,6,R,L,1,0,0
14_p,M,2025/5/29,19495,44,35.5,6,R,L,1,0,0
14_p,M,2025/5/29,19510,44.5,36,6,R,L,1,1,0
14_p,M,2025/5/29,21125,0,NA,7,L,L,0,0,0
14_p,M,2025/5/29,21140,0.5,NA,7,L,L,0,0,0
14_p,M,2025/5/29,21155,1,NA,7,L,L,0,0,0
14_p,M,2025/5/29,21170,1.5,NA,7,L,L,0,0,0
14_p,M,2025/5/29,21185,2,NA,7,L,L,0,0,0
14_p,M,2025/5/29,21200,2.5,NA,7,L,L,0,0,0
14_p,M,2025/5/29,21215,3,NA,7,L,L,0,0,0
14_p,M,2025/5/29,21230,3.5,NA,7,L,L,0,0,0
14_p,M,2025/5/29,21245,4,NA,7,L,L,0,0,0
14_p,M,2025/5/29,21260,4.5,NA,7,L,L,0,0,0
14_p,M,2025/5/29,21275,5,NA,7,L,L,0,0,0
14_p,M,2025/5/29,21290,5.5,NA,7,L,L,0,0,0
14_p,M,2025/5/29,21305,6,NA,7,L,L,0,0,0
14_p,M,2025/5/29,21320,6.5,NA,7,L,L,0,0,0
14_p,M,2025/5/29,21335,7,NA,7,L,L,0,0,0
14_p,M,2025/5/29,21350,7.5,NA,7,L,L,0,0,0
14_p,M,2025/5/29,21365,8,NA,7,L,L,0,0,0
14_p,M,2025/5/29,21380,8.5,NA,7,L,L,0,0,0
14_p,M,2025/5/29,21395,9,NA,7,L,L,0,0,0
14_p,M,2025/5/29,21410,9.5,NA,7,L,L,0,0,0
14_p,M,2025/5/29,21425,10,NA,7,L,L,0,0,0
14_p,M,2025/5/29,21440,10.5,NA,7,L,L,0,0,0
14_p,M,2025/5/29,21455,11,NA,7,L,L,0,0,0
14_p,M,2025/5/29,21470,11.5,NA,7,L,L,0,0,0
14_p,M,2025/5/29,21485,12,NA,7,L,L,0,0,0
14_p,M,2025/5/29,21500,12.5,NA,7,L,L,0,0,0
14_p,M,2025/5/29,21515,13,NA,7,L,L,0,0,0
14_p,M,2025/5/29,21530,13.5,NA,7,L,L,0,0,0
14_p,M,2025/5/29,21545,14,NA,7,L,L,0,0,0
14_p,M,2025/5/29,21560,14.5,NA,7,L,L,0,0,0
14_p,M,2025/5/29,21575,15,NA,7,L,L,0,0,0
14_p,M,2025/5/29,21590,15.5,NA,7,L,L,0,0,0
14_p,M,2025/5/29,21605,16,NA,7,L,L,0,0,0
14_p,M,2025/5/29,21620,16.5,NA,7,L,L,0,0,0
14_p,M,2025/5/29,21635,17,NA,7,L,L,0,0,0
14_p,M,2025/5/29,21650,17.5,NA,7,L,L,0,0,0
14_p,M,2025/5/29,21665,18,NA,7,L,L,0,0,0
14_p,M,2025/5/29,21680,18.5,NA,7,L,L,0,0,0
14_p,M,2025/5/29,21695,19,NA,7,L,L,0,0,0
14_p,M,2025/5/29,21710,19.5,NA,7,L,L,0,0,0
14_p,M,2025/5/29,21725,20,NA,7,L,L,0,0,0
14_p,M,2025/5/29,21740,20.5,NA,7,L,L,0,0,0
14_p,M,2025/5/29,21755,21,NA,7,L,L,0,0,0
14_p,M,2025/5/29,21770,21.5,NA,7,L,L,0,0,0
14_p,M,2025/5/29,21785,22,NA,7,L,L,0,0,0
14_p,M,2025/5/29,21800,22.5,NA,7,L,L,0,0,0
14_p,M,2025/5/29,21815,23,NA,7,L,L,0,0,0
14_p,M,2025/5/29,21830,23.5,NA,7,L,L,0,0,0
14_p,M,2025/5/29,21845,24,NA,7,L,L,0,0,0
14_p,M,2025/5/29,21860,24.5,NA,7,L,L,0,0,0
14_p,M,2025/5/29,21875,25,NA,7,L,L,0,0,0
14_p,M,2025/5/29,21890,25.5,NA,7,L,L,0,0,0
14_p,M,2025/5/29,21905,26,NA,7,L,L,0,0,0
14_p,M,2025/5/29,21920,26.5,NA,7,L,L,0,0,0
14_p,M,2025/5/29,21935,27,NA,7,L,L,0,0,0
14_p,M,2025/5/29,21950,27.5,NA,7,L,L,0,0,0
14_p,M,2025/5/29,21965,28,NA,7,L,L,0,0,0
14_p,M,2025/5/29,21980,28.5,NA,7,L,L,0,0,0
14_p,M,2025/5/29,21995,29,NA,7,L,L,0,0,0
14_p,M,2025/5/29,22010,29.5,NA,7,L,L,0,0,0
14_p,M,2025/5/29,22025,30,NA,7,L,L,0,0,0
14_p,M,2025/5/29,22040,30.5,NA,7,L,L,0,0,0
14_p,M,2025/5/29,22055,31,NA,7,L,L,0,0,0
14_p,M,2025/5/29,22070,31.5,NA,7,L,L,0,0,0
14_p,M,2025/5/29,22085,32,NA,7,L,L,0,0,0
14_p,M,2025/5/29,22100,32.5,NA,7,L,L,0,0,0
14_p,M,2025/5/29,22115,33,NA,7,L,L,0,0,0
14_p,M,2025/5/29,22130,33.5,0,7,L,L,1,0,0
14_p,M,2025/5/29,22145,34,0.5,7,L,L,1,0,0
14_p,M,2025/5/29,22160,34.5,1,7,L,L,1,0,0
14_p,M,2025/5/29,22175,35,1.5,7,L,L,1,0,2
14_p,M,2025/5/29,22190,35.5,2,7,L,L,1,0,1
14_p,M,2025/5/29,22205,36,2.5,7,L,L,1,0,1
14_p,M,2025/5/29,22220,36.5,3,7,L,L,1,0,0
14_p,M,2025/5/29,22235,37,3.5,7,L,L,1,0,0
14_p,M,2025/5/29,22250,37.5,4,7,L,L,1,0,0
14_p,M,2025/5/29,22265,38,4.5,7,L,L,1,0,1
14_p,M,2025/5/29,22280,38.5,5,7,L,L,1,0,1
14_p,M,2025/5/29,22295,39,5.5,7,L,L,1,0,0
14_p,M,2025/5/29,22310,39.5,6,7,L,L,1,0,0
14_p,M,2025/5/29,22325,40,6.5,7,L,L,1,0,0
14_p,M,2025/5/29,22340,40.5,7,7,L,L,1,0,0
14_p,M,2025/5/29,22355,41,7.5,7,L,L,1,0,0
14_p,M,2025/5/29,22370,41.5,8,7,L,L,1,0,0
14_p,M,2025/5/29,22385,42,8.5,7,L,L,1,0,0
14_p,M,2025/5/29,22400,42.5,9,7,L,L,1,0,0
14_p,M,2025/5/29,22415,43,9.5,7,L,L,1,0,0
14_p,M,2025/5/29,22430,43.5,10,7,L,L,1,0,0
14_p,M,2025/5/29,22445,44,10.5,7,L,L,1,0,0
14_p,M,2025/5/29,22460,44.5,11,7,L,L,1,0,0
14_p,M,2025/5/29,22475,45,11.5,7,L,L,1,0,0
14_p,M,2025/5/29,22490,45.5,12,7,L,L,1,0,0
14_p,M,2025/5/29,22505,46,12.5,7,L,L,1,0,0
14_p,M,2025/5/29,22520,46.5,13,7,L,L,1,0,0
14_p,M,2025/5/29,22535,47,13.5,7,L,L,1,1,0
14_p,M,2025/5/29,23465,0,NA,8,R,L,0,0,0
14_p,M,2025/5/29,23480,0.5,NA,8,R,L,0,0,0
14_p,M,2025/5/29,23495,1,NA,8,R,L,0,0,0
14_p,M,2025/5/29,23510,1.5,NA,8,R,L,0,0,0
14_p,M,2025/5/29,23525,2,NA,8,R,L,0,0,0
14_p,M,2025/5/29,23540,2.5,NA,8,R,L,0,0,0
14_p,M,2025/5/29,23555,3,NA,8,R,L,0,0,0
14_p,M,2025/5/29,23570,3.5,NA,8,R,L,0,0,0
14_p,M,2025/5/29,23585,4,NA,8,R,L,0,0,0
14_p,M,2025/5/29,23600,4.5,NA,8,R,L,0,0,0
14_p,M,2025/5/29,23615,5,NA,8,R,L,0,0,0
14_p,M,2025/5/29,23630,5.5,NA,8,R,L,0,0,0
14_p,M,2025/5/29,23645,6,NA,8,R,L,0,0,0
14_p,M,2025/5/29,23660,6.5,NA,8,R,L,0,0,0
14_p,M,2025/5/29,23675,7,NA,8,R,L,0,0,0
14_p,M,2025/5/29,23690,7.5,NA,8,R,L,0,0,0
14_p,M,2025/5/29,23705,8,NA,8,R,L,0,0,0
14_p,M,2025/5/29,23720,8.5,NA,8,R,L,0,0,0
14_p,M,2025/5/29,23735,9,NA,8,R,L,0,0,0
14_p,M,2025/5/29,23750,9.5,NA,8,R,L,0,0,0
14_p,M,2025/5/29,23765,10,NA,8,R,L,0,0,0
14_p,M,2025/5/29,23780,10.5,NA,8,R,L,0,0,0
14_p,M,2025/5/29,23795,11,NA,8,R,L,0,0,0
14_p,M,2025/5/29,23810,11.5,NA,8,R,L,0,0,0
14_p,M,2025/5/29,23825,12,NA,8,R,L,0,0,0
14_p,M,2025/5/29,23840,12.5,NA,8,R,L,0,0,0
14_p,M,2025/5/29,23855,13,NA,8,R,L,0,0,0
14_p,M,2025/5/29,23870,13.5,NA,8,R,L,0,0,0
14_p,M,2025/5/29,23885,14,NA,8,R,L,0,0,0
14_p,M,2025/5/29,23900,14.5,NA,8,R,L,0,0,0
14_p,M,2025/5/29,23915,15,NA,8,R,L,0,0,0
14_p,M,2025/5/29,23930,15.5,NA,8,R,L,0,0,0
14_p,M,2025/5/29,23945,16,NA,8,R,L,0,0,0
14_p,M,2025/5/29,23960,16.5,NA,8,R,L,0,0,0
14_p,M,2025/5/29,23975,17,NA,8,R,L,0,0,0
14_p,M,2025/5/29,23990,17.5,NA,8,R,L,0,0,0
14_p,M,2025/5/29,24005,18,NA,8,R,L,0,0,0
14_p,M,2025/5/29,24020,18.5,NA,8,R,L,0,0,0
14_p,M,2025/5/29,24035,19,NA,8,R,L,0,0,0
14_p,M,2025/5/29,24050,19.5,NA,8,R,L,0,0,0
14_p,M,2025/5/29,24065,20,NA,8,R,L,0,0,0
14_p,M,2025/5/29,24080,20.5,NA,8,R,L,0,0,0
14_p,M,2025/5/29,24095,21,NA,8,R,L,0,0,0
14_p,M,2025/5/29,24110,21.5,NA,8,R,L,0,0,0
14_p,M,2025/5/29,24125,22,NA,8,R,L,0,0,0
14_p,M,2025/5/29,24140,22.5,NA,8,R,L,0,0,0
14_p,M,2025/5/29,24155,23,NA,8,R,L,0,0,0
14_p,M,2025/5/29,24170,23.5,NA,8,R,L,0,0,0
14_p,M,2025/5/29,24185,24,NA,8,R,L,0,0,0
14_p,M,2025/5/29,24200,24.5,NA,8,R,L,0,0,0
14_p,M,2025/5/29,24215,25,NA,8,R,L,0,0,0
14_p,M,2025/5/29,24230,25.5,NA,8,R,L,0,0,0
14_p,M,2025/5/29,24245,26,NA,8,R,L,0,0,0
14_p,M,2025/5/29,24260,26.5,NA,8,R,L,0,0,0
14_p,M,2025/5/29,24275,27,0,8,R,L,1,0,0
14_p,M,2025/5/29,24290,27.5,0.5,8,R,L,1,0,0
14_p,M,2025/5/29,24305,28,1,8,R,L,1,0,1
14_p,M,2025/5/29,24320,28.5,1.5,8,R,L,1,0,0
14_p,M,2025/5/29,24335,29,2,8,R,L,1,0,0
14_p,M,2025/5/29,24350,29.5,2.5,8,R,L,1,0,1
14_p,M,2025/5/29,24365,30,3,8,R,L,1,0,0
14_p,M,2025/5/29,24380,30.5,3.5,8,R,L,1,0,0
14_p,M,2025/5/29,24395,31,4,8,R,L,1,0,0
14_p,M,2025/5/29,24410,31.5,4.5,8,R,L,1,0,0
14_p,M,2025/5/29,24425,32,5,8,R,L,1,0,0
14_p,M,2025/5/29,24440,32.5,5.5,8,R,L,1,0,0
14_p,M,2025/5/29,24455,33,6,8,R,L,1,0,0
14_p,M,2025/5/29,24470,33.5,6.5,8,R,L,1,0,0
14_p,M,2025/5/29,24485,34,7,8,R,L,1,0,0
14_p,M,2025/5/29,24500,34.5,7.5,8,R,L,1,0,0
14_p,M,2025/5/29,24515,35,8,8,R,L,1,0,0
14_p,M,2025/5/29,24530,35.5,8.5,8,R,L,1,0,0
14_p,M,2025/5/29,24545,36,9,8,R,L,1,0,0
14_p,M,2025/5/29,24560,36.5,9.5,8,R,L,1,0,0
14_p,M,2025/5/29,24575,37,10,8,R,L,1,0,0
14_p,M,2025/5/29,24590,37.5,10.5,8,R,L,1,0,0
14_p,M,2025/5/29,24605,38,11,8,R,L,1,0,0
14_p,M,2025/5/29,24620,38.5,11.5,8,R,L,1,0,0
14_p,M,2025/5/29,24635,39,12,8,R,L,1,0,0
14_p,M,2025/5/29,24650,39.5,12.5,8,R,L,1,0,0
14_p,M,2025/5/29,24665,40,13,8,R,L,1,0,0
14_p,M,2025/5/29,24680,40.5,13.5,8,R,L,1,0,0
14_p,M,2025/5/29,24695,41,14,8,R,L,1,0,0
14_p,M,2025/5/29,24710,41.5,14.5,8,R,L,1,0,0
14_p,M,2025/5/29,24725,42,15,8,R,L,1,0,0
14_p,M,2025/5/29,24740,42.5,15.5,8,R,L,1,0,0
14_p,M,2025/5/29,24755,43,16,8,R,L,1,0,0
14_p,M,2025/5/29,24770,43.5,16.5,8,R,L,1,0,0
14_p,M,2025/5/29,24785,44,17,8,R,L,1,0,0
14_p,M,2025/5/29,24800,44.5,17.5,8,R,L,1,0,0
14_p,M,2025/5/29,24815,45,18,8,R,L,1,1,0
14_p,M,2025/5/29,25735,0,NA,9,L,NA,0,0,0
14_p,M,2025/5/29,25750,0.5,NA,9,L,NA,0,0,0
14_p,M,2025/5/29,25765,1,NA,9,L,NA,0,0,0
14_p,M,2025/5/29,25780,1.5,NA,9,L,NA,0,0,0
14_p,M,2025/5/29,25795,2,NA,9,L,NA,0,0,0
14_p,M,2025/5/29,25810,2.5,NA,9,L,NA,0,0,0
14_p,M,2025/5/29,25825,3,0,9,L,NA,1,0,0
14_p,M,2025/5/29,25840,3.5,0.5,9,L,NA,1,0,0
14_p,M,2025/5/29,25855,4,1,9,L,NA,1,0,0
14_p,M,2025/5/29,25870,4.5,1.5,9,L,NA,1,0,0
14_p,M,2025/5/29,25885,5,2,9,L,NA,1,0,1
14_p,M,2025/5/29,25900,5.5,2.5,9,L,NA,1,0,0
14_p,M,2025/5/29,25915,6,3,9,L,NA,1,0,0
14_p,M,2025/5/29,25930,6.5,3.5,9,L,NA,1,0,0
14_p,M,2025/5/29,25945,7,4,9,L,NA,1,0,0
14_p,M,2025/5/29,25960,7.5,4.5,9,L,NA,1,0,0
14_p,M,2025/5/29,25975,8,5,9,L,NA,1,0,0
14_p,M,2025/5/29,25990,8.5,5.5,9,L,NA,1,0,0
14_p,M,2025/5/29,26005,9,6,9,L,NA,1,0,0
14_p,M,2025/5/29,26020,9.5,6.5,9,L,NA,1,0,0
14_p,M,2025/5/29,26035,10,7,9,L,NA,1,0,0
14_p,M,2025/5/29,26050,10.5,7.5,9,L,NA,1,0,0
14_p,M,2025/5/29,26065,11,8,9,L,NA,1,0,0
14_p,M,2025/5/29,26080,11.5,8.5,9,L,NA,1,0,0
14_p,M,2025/5/29,26095,12,9,9,L,NA,1,0,0
14_p,M,2025/5/29,26110,12.5,9.5,9,L,NA,1,0,0
14_p,M,2025/5/29,26125,13,10,9,L,NA,1,0,0
14_p,M,2025/5/29,26140,13.5,10.5,9,L,NA,1,0,1
14_p,M,2025/5/29,26155,14,11,9,L,NA,1,0,0
14_p,M,2025/5/29,26170,14.5,11.5,9,L,NA,1,0,0
14_p,M,2025/5/29,26185,15,12,9,L,NA,1,0,0
14_p,M,2025/5/29,26200,15.5,12.5,9,L,NA,1,0,0
14_p,M,2025/5/29,26215,16,13,9,L,NA,1,0,0
14_p,M,2025/5/29,26230,16.5,13.5,9,L,NA,1,0,0
14_p,M,2025/5/29,26245,17,14,9,L,NA,1,0,1
14_p,M,2025/5/29,26260,17.5,14.5,9,L,NA,1,0,0
14_p,M,2025/5/29,26275,18,15,9,L,NA,1,0,1
14_p,M,2025/5/29,26290,18.5,15.5,9,L,NA,1,0,0
14_p,M,2025/5/29,26305,19,16,9,L,NA,1,0,0
14_p,M,2025/5/29,26320,19.5,16.5,9,L,NA,1,0,0
14_p,M,2025/5/29,26335,20,17,9,L,NA,1,0,0
14_p,M,2025/5/29,26350,20.5,17.5,9,L,NA,1,0,0
14_p,M,2025/5/29,26365,21,18,9,L,NA,1,0,0
14_p,M,2025/5/29,26380,21.5,18.5,9,L,NA,1,0,0
14_p,M,2025/5/29,26395,22,19,9,L,NA,1,0,0
14_p,M,2025/5/29,26410,22.5,19.5,9,L,NA,1,0,0
14_p,M,2025/5/29,26425,23,20,9,L,NA,1,0,0
14_p,M,2025/5/29,26440,23.5,20.5,9,L,NA,1,0,0
14_p,M,2025/5/29,26455,24,21,9,L,NA,1,0,0
14_p,M,2025/5/29,26470,24.5,21.5,9,L,NA,1,0,0
14_p,M,2025/5/29,26485,25,22,9,L,NA,1,0,0
14_p,M,2025/5/29,26500,25.5,22.5,9,L,NA,1,0,0
14_p,M,2025/5/29,26515,26,23,9,L,NA,1,0,0
14_p,M,2025/5/29,26530,26.5,23.5,9,L,NA,1,0,0
14_p,M,2025/5/29,26545,27,24,9,L,NA,1,0,0
14_p,M,2025/5/29,26560,27.5,24.5,9,L,NA,1,0,0
14_p,M,2025/5/29,26575,28,25,9,L,NA,1,0,0
14_p,M,2025/5/29,26590,28.5,25.5,9,L,NA,1,0,0
14_p,M,2025/5/29,26605,29,26,9,L,NA,1,0,0
14_p,M,2025/5/29,26620,29.5,26.5,9,L,NA,1,0,0
14_p,M,2025/5/29,26635,30,27,9,L,NA,1,0,0
14_p,M,2025/5/29,26650,30.5,27.5,9,L,NA,1,0,0
14_p,M,2025/5/29,26665,31,28,9,L,NA,1,0,0
14_p,M,2025/5/29,26680,31.5,28.5,9,L,NA,1,0,0
14_p,M,2025/5/29,26695,32,29,9,L,NA,1,0,0
14_p,M,2025/5/29,26710,32.5,29.5,9,L,NA,1,0,0
14_p,M,2025/5/29,26725,33,30,9,L,NA,1,0,0
14_p,M,2025/5/29,26740,33.5,30.5,9,L,NA,1,0,0
14_p,M,2025/5/29,26755,34,31,9,L,NA,1,0,0
14_p,M,2025/5/29,26770,34.5,31.5,9,L,NA,1,0,0
14_p,M,2025/5/29,26785,35,32,9,L,NA,1,0,0
14_p,M,2025/5/29,26800,35.5,32.5,9,L,NA,1,0,0
14_p,M,2025/5/29,26815,36,33,9,L,NA,1,0,0
14_p,M,2025/5/29,26830,36.5,33.5,9,L,NA,1,0,0
14_p,M,2025/5/29,26845,37,34,9,L,NA,1,0,0
14_p,M,2025/5/29,26860,37.5,34.5,9,L,NA,1,0,0
14_p,M,2025/5/29,26875,38,35,9,L,NA,1,0,1
14_p,M,2025/5/29,26890,38.5,35.5,9,L,NA,1,0,0
14_p,M,2025/5/29,26905,39,36,9,L,NA,1,0,1
14_p,M,2025/5/29,26920,39.5,36.5,9,L,NA,1,0,0
14_p,M,2025/5/29,26935,40,37,9,L,NA,1,0,0
14_p,M,2025/5/29,26950,40.5,37.5,9,L,NA,1,0,0
14_p,M,2025/5/29,26965,41,38,9,L,NA,1,0,0
14_p,M,2025/5/29,26980,41.5,38.5,9,L,NA,1,0,0
14_p,M,2025/5/29,26995,42,39,9,L,NA,1,0,0
14_p,M,2025/5/29,27010,42.5,39.5,9,L,NA,1,0,0
14_p,M,2025/5/29,27025,43,40,9,L,NA,1,0,0
14_p,M,2025/5/29,27040,43.5,40.5,9,L,NA,1,0,0
14_p,M,2025/5/29,27055,44,41,9,L,NA,1,0,0
14_p,M,2025/5/29,27070,44.5,41.5,9,L,NA,1,0,0
14_p,M,2025/5/29,27085,45,42,9,L,NA,1,0,0
14_p,M,2025/5/29,27100,45.5,42.5,9,L,NA,1,0,0
14_p,M,2025/5/29,27115,46,43,9,L,NA,1,0,0
14_p,M,2025/5/29,27130,46.5,43.5,9,L,NA,1,0,0
14_p,M,2025/5/29,27145,47,44,9,L,NA,1,0,0
14_p,M,2025/5/29,27160,47.5,44.5,9,L,NA,1,0,0
14_p,M,2025/5/29,27175,48,45,9,L,NA,1,0,0
14_p,M,2025/5/29,27190,48.5,45.5,9,L,NA,1,0,0
14_p,M,2025/5/29,27205,49,46,9,L,NA,1,0,0
14_p,M,2025/5/29,27220,49.5,46.5,9,L,NA,1,0,0
14_p,M,2025/5/29,27235,50,47,9,L,NA,1,0,0
14_p,M,2025/5/29,27250,50.5,47.5,9,L,NA,1,0,0
14_p,M,2025/5/29,27265,51,48,9,L,NA,1,0,0
14_p,M,2025/5/29,27280,51.5,48.5,9,L,NA,1,0,0
14_p,M,2025/5/29,27295,52,49,9,L,NA,1,0,0
14_p,M,2025/5/29,27310,52.5,49.5,9,L,NA,1,0,0
14_p,M,2025/5/29,27325,53,50,9,L,NA,1,0,0
14_p,M,2025/5/29,27340,53.5,50.5,9,L,NA,1,0,0
14_p,M,2025/5/29,27355,54,51,9,L,NA,1,0,0
14_p,M,2025/5/29,27370,54.5,51.5,9,L,NA,1,0,0
14_p,M,2025/5/29,27385,55,52,9,L,NA,1,0,0
14_p,M,2025/5/29,27400,55.5,52.5,9,L,NA,1,0,0
14_p,M,2025/5/29,27415,56,53,9,L,NA,1,0,0
14_p,M,2025/5/29,27430,56.5,53.5,9,L,NA,1,0,1
14_p,M,2025/5/29,27445,57,54,9,L,NA,1,0,0
14_p,M,2025/5/29,27460,57.5,54.5,9,L,NA,1,0,0
14_p,M,2025/5/29,27475,58,55,9,L,NA,1,0,1
14_p,M,2025/5/29,27490,58.5,55.5,9,L,NA,1,0,0
14_p,M,2025/5/29,27505,59,56,9,L,NA,1,0,0
14_p,M,2025/5/29,27520,59.5,56.5,9,L,NA,1,0,0
14_p,M,2025/5/29,27535,60,57,9,L,NA,1,0,0
14_p,M,2025/5/29,27550,60.5,57.5,9,L,NA,1,0,0
14_p,M,2025/5/29,27565,61,58,9,L,NA,1,0,0
14_p,M,2025/5/29,27580,61.5,58.5,9,L,NA,1,0,0
14_p,M,2025/5/29,27595,62,59,9,L,NA,1,0,0
14_p,M,2025/5/29,27610,62.5,59.5,9,L,NA,1,0,0
14_p,M,2025/5/29,27625,63,60,9,L,NA,1,0,0
14_p,M,2025/5/29,28760,0,NA,10,R,NA,0,0,0
14_p,M,2025/5/29,28775,0.5,NA,10,R,NA,0,0,0
14_p,M,2025/5/29,28790,1,NA,10,R,NA,0,0,0
14_p,M,2025/5/29,28805,1.5,NA,10,R,NA,0,0,0
14_p,M,2025/5/29,28820,2,NA,10,R,NA,0,0,0
14_p,M,2025/5/29,28835,2.5,NA,10,R,NA,0,0,0
14_p,M,2025/5/29,28850,3,NA,10,R,NA,0,0,0
14_p,M,2025/5/29,28865,3.5,NA,10,R,NA,0,0,0
14_p,M,2025/5/29,28880,4,NA,10,R,NA,0,0,0
14_p,M,2025/5/29,28895,4.5,NA,10,R,NA,0,0,0
14_p,M,2025/5/29,28910,5,0,10,R,NA,1,0,0
14_p,M,2025/5/29,28925,5.5,0.5,10,R,NA,1,0,0
14_p,M,2025/5/29,28940,6,1,10,R,NA,1,0,0
14_p,M,2025/5/29,28955,6.5,1.5,10,R,NA,1,0,0
14_p,M,2025/5/29,28970,7,2,10,R,NA,1,0,0
14_p,M,2025/5/29,28985,7.5,2.5,10,R,NA,1,0,0
14_p,M,2025/5/29,29000,8,3,10,R,NA,1,0,0
14_p,M,2025/5/29,29015,8.5,3.5,10,R,NA,1,0,0
14_p,M,2025/5/29,29030,9,4,10,R,NA,1,0,0
14_p,M,2025/5/29,29045,9.5,4.5,10,R,NA,1,0,0
14_p,M,2025/5/29,29060,10,5,10,R,NA,1,0,0
14_p,M,2025/5/29,29075,10.5,5.5,10,R,NA,1,0,0
14_p,M,2025/5/29,29090,11,6,10,R,NA,1,0,0
14_p,M,2025/5/29,29105,11.5,6.5,10,R,NA,1,0,0
14_p,M,2025/5/29,29120,12,7,10,R,NA,1,0,0
14_p,M,2025/5/29,29135,12.5,7.5,10,R,NA,1,0,0
14_p,M,2025/5/29,29150,13,8,10,R,NA,1,0,0
14_p,M,2025/5/29,29165,13.5,8.5,10,R,NA,1,0,0
14_p,M,2025/5/29,29180,14,9,10,R,NA,1,0,0
14_p,M,2025/5/29,29195,14.5,9.5,10,R,NA,1,0,0
14_p,M,2025/5/29,29210,15,10,10,R,NA,1,0,0
14_p,M,2025/5/29,29225,15.5,10.5,10,R,NA,1,0,0
14_p,M,2025/5/29,29240,16,11,10,R,NA,1,0,0
14_p,M,2025/5/29,29255,16.5,11.5,10,R,NA,1,0,0
14_p,M,2025/5/29,29270,17,12,10,R,NA,1,0,0
14_p,M,2025/5/29,29285,17.5,12.5,10,R,NA,1,0,0
14_p,M,2025/5/29,29300,18,13,10,R,NA,1,0,0
14_p,M,2025/5/29,29315,18.5,13.5,10,R,NA,1,0,0
14_p,M,2025/5/29,29330,19,14,10,R,NA,1,0,0
14_p,M,2025/5/29,29345,19.5,14.5,10,R,NA,1,0,0
14_p,M,2025/5/29,29360,20,15,10,R,NA,1,0,0
14_p,M,2025/5/29,29375,20.5,15.5,10,R,NA,1,0,0
14_p,M,2025/5/29,29390,21,16,10,R,NA,1,0,0
14_p,M,2025/5/29,29405,21.5,16.5,10,R,NA,1,0,0
14_p,M,2025/5/29,29420,22,17,10,R,NA,1,0,0
14_p,M,2025/5/29,29435,22.5,17.5,10,R,NA,1,0,0
14_p,M,2025/5/29,29450,23,18,10,R,NA,1,0,0
14_p,M,2025/5/29,29465,23.5,18.5,10,R,NA,1,0,0
14_p,M,2025/5/29,29480,24,19,10,R,NA,1,0,0
14_p,M,2025/5/29,29495,24.5,19.5,10,R,NA,1,0,0
14_p,M,2025/5/29,29510,25,20,10,R,NA,1,0,0
14_p,M,2025/5/29,29525,25.5,20.5,10,R,NA,1,0,0
14_p,M,2025/5/29,29540,26,21,10,R,NA,1,0,0
14_p,M,2025/5/29,29555,26.5,21.5,10,R,NA,1,0,0
14_p,M,2025/5/29,29570,27,22,10,R,NA,1,0,0
14_p,M,2025/5/29,29585,27.5,22.5,10,R,NA,1,0,0
14_p,M,2025/5/29,29600,28,23,10,R,NA,1,0,0
14_p,M,2025/5/29,29615,28.5,23.5,10,R,NA,1,0,0
14_p,M,2025/5/29,29630,29,24,10,R,NA,1,0,0
14_p,M,2025/5/29,29645,29.5,24.5,10,R,NA,1,0,0
14_p,M,2025/5/29,29660,30,25,10,R,NA,1,0,0
14_p,M,2025/5/29,29675,30.5,25.5,10,R,NA,1,0,0
14_p,M,2025/5/29,29690,31,26,10,R,NA,1,0,0
14_p,M,2025/5/29,29705,31.5,26.5,10,R,NA,1,0,0
14_p,M,2025/5/29,29720,32,27,10,R,NA,1,0,0
14_p,M,2025/5/29,29735,32.5,27.5,10,R,NA,1,0,0
14_p,M,2025/5/29,29750,33,28,10,R,NA,1,0,0
14_p,M,2025/5/29,29765,33.5,28.5,10,R,NA,1,0,0
14_p,M,2025/5/29,29780,34,29,10,R,NA,1,0,0
14_p,M,2025/5/29,29795,34.5,29.5,10,R,NA,1,0,0
14_p,M,2025/5/29,29810,35,30,10,R,NA,1,0,0
14_p,M,2025/5/29,29825,35.5,30.5,10,R,NA,1,0,0
14_p,M,2025/5/29,29840,36,31,10,R,NA,1,0,0
14_p,M,2025/5/29,29855,36.5,31.5,10,R,NA,1,0,0
14_p,M,2025/5/29,29870,37,32,10,R,NA,1,0,0
14_p,M,2025/5/29,29885,37.5,32.5,10,R,NA,1,0,0
14_p,M,2025/5/29,29900,38,33,10,R,NA,1,0,0
14_p,M,2025/5/29,29915,38.5,33.5,10,R,NA,1,0,0
14_p,M,2025/5/29,29930,39,34,10,R,NA,1,0,0
14_p,M,2025/5/29,29945,39.5,34.5,10,R,NA,1,0,0
14_p,M,2025/5/29,29960,40,35,10,R,NA,1,0,0
14_p,M,2025/5/29,29975,40.5,35.5,10,R,NA,1,0,0
14_p,M,2025/5/29,29990,41,36,10,R,NA,1,0,0
14_p,M,2025/5/29,30005,41.5,36.5,10,R,NA,1,0,0
14_p,M,2025/5/29,30020,42,37,10,R,NA,1,0,0
14_p,M,2025/5/29,30035,42.5,37.5,10,R,NA,1,0,0
14_p,M,2025/5/29,30050,43,38,10,R,NA,1,0,0
14_p,M,2025/5/29,30065,43.5,38.5,10,R,NA,1,0,0
14_p,M,2025/5/29,30080,44,39,10,R,NA,1,0,0
14_p,M,2025/5/29,30095,44.5,39.5,10,R,NA,1,0,0
14_p,M,2025/5/29,30110,45,40,10,R,NA,1,0,0
14_p,M,2025/5/29,30125,45.5,40.5,10,R,NA,1,0,0
14_p,M,2025/5/29,30140,46,41,10,R,NA,1,0,0
14_p,M,2025/5/29,30155,46.5,41.5,10,R,NA,0,0,0
14_p,M,2025/5/29,30170,47,42,10,R,NA,0,0,0
14_p,M,2025/5/29,30185,47.5,42.5,10,R,NA,0,0,0
14_p,M,2025/5/29,30200,48,43,10,R,NA,0,0,0
14_p,M,2025/5/29,30215,48.5,43.5,10,R,NA,0,0,0
14_p,M,2025/5/29,30230,49,44,10,R,NA,0,0,0
14_p,M,2025/5/29,30245,49.5,44.5,10,R,NA,0,0,0
14_p,M,2025/5/29,30260,50,45,10,R,NA,0,0,0
14_p,M,2025/5/29,30275,50.5,45.5,10,R,NA,0,0,0
14_p,M,2025/5/29,30290,51,46,10,R,NA,0,0,0
14_p,M,2025/5/29,30305,51.5,46.5,10,R,NA,0,0,0
14_p,M,2025/5/29,30320,52,47,10,R,NA,0,0,0
14_p,M,2025/5/29,30335,52.5,47.5,10,R,NA,0,0,0
14_p,M,2025/5/29,30350,53,48,10,R,NA,0,0,0
14_p,M,2025/5/29,30365,53.5,48.5,10,R,NA,0,0,0
14_p,M,2025/5/29,30380,54,49,10,R,NA,0,0,0
14_p,M,2025/5/29,30395,54.5,49.5,10,R,NA,0,0,0
14_p,M,2025/5/29,30410,55,50,10,R,NA,0,0,0
14_p,M,2025/5/29,30425,55.5,50.5,10,R,NA,0,0,0
14_p,M,2025/5/29,30440,56,51,10,R,NA,0,0,0
14_p,M,2025/5/29,30455,56.5,51.5,10,R,NA,0,0,0
14_p,M,2025/5/29,30470,57,52,10,R,NA,0,0,0
14_p,M,2025/5/29,30485,57.5,52.5,10,R,NA,0,0,0
14_p,M,2025/5/29,30500,58,53,10,R,NA,0,0,0
14_p,M,2025/5/29,30515,58.5,53.5,10,R,NA,0,0,0
14_p,M,2025/5/29,30530,59,54,10,R,NA,0,0,0
14_p,M,2025/5/29,30545,59.5,54.5,10,R,NA,0,0,0
14_p,M,2025/5/29,30560,60,55,10,R,NA,0,0,0
14_p,M,2025/5/29,30575,60.5,55.5,10,R,NA,0,0,0
14_p,M,2025/5/29,30590,61,56,10,R,NA,0,0,0
14_p,M,2025/5/29,30605,61.5,56.5,10,R,NA,0,0,0
14_p,M,2025/5/29,30620,62,57,10,R,NA,0,0,0
14_p,M,2025/5/29,30635,62.5,57.5,10,R,NA,0,0,0
14_p,M,2025/5/29,30650,63,58,10,R,NA,0,0,0
14_p,M,2025/5/29,30665,63.5,58.5,10,R,NA,0,0,0
14_p,M,2025/5/29,30680,64,59,10,R,NA,0,0,0
14_p,M,2025/5/29,30695,64.5,59.5,10,R,NA,0,0,0
14_p,M,2025/5/29,30710,65,60,10,R,NA,0,0,0
7_a,F,2025/5/29,3925,0,NA,1,L,NA,0,0,0
7_a,F,2025/5/29,3940,0.5,NA,1,L,NA,0,0,0
7_a,F,2025/5/29,3955,1,NA,1,L,NA,0,0,0
7_a,F,2025/5/29,3970,1.5,NA,1,L,NA,0,0,0
7_a,F,2025/5/29,3985,2,NA,1,L,NA,0,0,0
7_a,F,2025/5/29,4000,2.5,NA,1,L,NA,0,0,0
7_a,F,2025/5/29,4015,3,NA,1,L,NA,0,0,0
7_a,F,2025/5/29,4030,3.5,NA,1,L,NA,0,0,0
7_a,F,2025/5/29,4045,4,NA,1,L,NA,0,0,0
7_a,F,2025/5/29,4060,4.5,NA,1,L,NA,0,0,0
7_a,F,2025/5/29,4075,5,NA,1,L,NA,0,0,0
7_a,F,2025/5/29,4090,5.5,NA,1,L,NA,0,0,0
7_a,F,2025/5/29,4105,6,NA,1,L,NA,0,0,0
7_a,F,2025/5/29,4120,6.5,NA,1,L,NA,0,0,0
7_a,F,2025/5/29,4135,7,NA,1,L,NA,0,0,0
7_a,F,2025/5/29,4150,7.5,NA,1,L,NA,0,0,0
7_a,F,2025/5/29,4165,8,NA,1,L,NA,0,0,0
7_a,F,2025/5/29,4180,8.5,NA,1,L,NA,0,0,0
7_a,F,2025/5/29,4195,9,NA,1,L,NA,0,0,0
7_a,F,2025/5/29,4210,9.5,NA,1,L,NA,0,0,0
7_a,F,2025/5/29,4225,10,NA,1,L,NA,0,0,0
7_a,F,2025/5/29,4240,10.5,NA,1,L,NA,0,0,0
7_a,F,2025/5/29,4255,11,NA,1,L,NA,0,0,0
7_a,F,2025/5/29,4270,11.5,NA,1,L,NA,0,0,0
7_a,F,2025/5/29,4285,12,NA,1,L,NA,0,0,0
7_a,F,2025/5/29,4300,12.5,NA,1,L,NA,0,0,0
7_a,F,2025/5/29,4315,13,0,1,L,NA,1,0,0
7_a,F,2025/5/29,4330,13.5,0.5,1,L,NA,1,0,0
7_a,F,2025/5/29,4345,14,1,1,L,NA,1,0,0
7_a,F,2025/5/29,4360,14.5,1.5,1,L,NA,1,0,0
7_a,F,2025/5/29,4375,15,2,1,L,NA,1,0,0
7_a,F,2025/5/29,4390,15.5,2.5,1,L,NA,1,0,0
7_a,F,2025/5/29,4405,16,3,1,L,NA,1,0,0
7_a,F,2025/5/29,4420,16.5,3.5,1,L,NA,1,0,0
7_a,F,2025/5/29,4435,17,4,1,L,NA,1,0,0
7_a,F,2025/5/29,4450,17.5,4.5,1,L,NA,1,0,0
7_a,F,2025/5/29,4465,18,5,1,L,NA,1,0,0
7_a,F,2025/5/29,4480,18.5,5.5,1,L,NA,1,0,0
7_a,F,2025/5/29,4495,19,6,1,L,NA,1,0,0
7_a,F,2025/5/29,4510,19.5,6.5,1,L,NA,1,0,0
7_a,F,2025/5/29,4525,20,7,1,L,NA,1,0,0
7_a,F,2025/5/29,4540,20.5,7.5,1,L,NA,1,0,0
7_a,F,2025/5/29,4555,21,8,1,L,NA,1,0,0
7_a,F,2025/5/29,4570,21.5,8.5,1,L,NA,1,0,0
7_a,F,2025/5/29,4585,22,9,1,L,NA,1,0,0
7_a,F,2025/5/29,4600,22.5,9.5,1,L,NA,1,0,0
7_a,F,2025/5/29,4615,23,10,1,L,NA,1,0,0
7_a,F,2025/5/29,4630,23.5,10.5,1,L,NA,1,0,0
7_a,F,2025/5/29,4645,24,11,1,L,NA,1,0,0
7_a,F,2025/5/29,4660,24.5,11.5,1,L,NA,1,0,0
7_a,F,2025/5/29,4675,25,12,1,L,NA,1,0,0
7_a,F,2025/5/29,4690,25.5,12.5,1,L,NA,1,0,0
7_a,F,2025/5/29,4705,26,13,1,L,NA,1,0,0
7_a,F,2025/5/29,4720,26.5,13.5,1,L,NA,1,0,0
7_a,F,2025/5/29,4735,27,14,1,L,NA,1,0,0
7_a,F,2025/5/29,4750,27.5,14.5,1,L,NA,1,0,0
7_a,F,2025/5/29,4765,28,15,1,L,NA,1,0,0
7_a,F,2025/5/29,4780,28.5,15.5,1,L,NA,1,0,0
7_a,F,2025/5/29,4795,29,16,1,L,NA,1,0,0
7_a,F,2025/5/29,4810,29.5,16.5,1,L,NA,1,0,0
7_a,F,2025/5/29,4825,30,17,1,L,NA,1,0,0
7_a,F,2025/5/29,4840,30.5,17.5,1,L,NA,1,0,0
7_a,F,2025/5/29,4855,31,18,1,L,NA,1,0,0
7_a,F,2025/5/29,4870,31.5,18.5,1,L,NA,1,0,0
7_a,F,2025/5/29,4885,32,19,1,L,NA,1,0,0
7_a,F,2025/5/29,4900,32.5,19.5,1,L,NA,1,0,0
7_a,F,2025/5/29,4915,33,20,1,L,NA,1,0,0
7_a,F,2025/5/29,4930,33.5,20.5,1,L,NA,1,0,0
7_a,F,2025/5/29,4945,34,21,1,L,NA,1,0,0
7_a,F,2025/5/29,4960,34.5,21.5,1,L,NA,1,0,0
7_a,F,2025/5/29,4975,35,22,1,L,NA,1,0,0
7_a,F,2025/5/29,4990,35.5,22.5,1,L,NA,1,0,0
7_a,F,2025/5/29,5005,36,23,1,L,NA,1,0,0
7_a,F,2025/5/29,5020,36.5,23.5,1,L,NA,1,0,0
7_a,F,2025/5/29,5035,37,24,1,L,NA,1,0,0
7_a,F,2025/5/29,5050,37.5,24.5,1,L,NA,1,0,0
7_a,F,2025/5/29,5065,38,25,1,L,NA,1,0,0
7_a,F,2025/5/29,5080,38.5,25.5,1,L,NA,1,0,0
7_a,F,2025/5/29,5095,39,26,1,L,NA,1,0,0
7_a,F,2025/5/29,5110,39.5,26.5,1,L,NA,1,0,0
7_a,F,2025/5/29,5125,40,27,1,L,NA,1,0,0
7_a,F,2025/5/29,5140,40.5,27.5,1,L,NA,1,0,0
7_a,F,2025/5/29,5155,41,28,1,L,NA,1,0,0
7_a,F,2025/5/29,5170,41.5,28.5,1,L,NA,1,0,0
7_a,F,2025/5/29,5185,42,29,1,L,NA,1,0,0
7_a,F,2025/5/29,5200,42.5,29.5,1,L,NA,1,0,0
7_a,F,2025/5/29,5215,43,30,1,L,NA,1,0,0
7_a,F,2025/5/29,5230,43.5,30.5,1,L,NA,1,0,0
7_a,F,2025/5/29,5245,44,31,1,L,NA,1,0,0
7_a,F,2025/5/29,5260,44.5,31.5,1,L,NA,1,0,0
7_a,F,2025/5/29,5275,45,32,1,L,NA,1,0,0
7_a,F,2025/5/29,5290,45.5,32.5,1,L,NA,1,0,0
7_a,F,2025/5/29,5305,46,33,1,L,NA,1,0,0
7_a,F,2025/5/29,5320,46.5,33.5,1,L,NA,1,0,0
7_a,F,2025/5/29,5335,47,34,1,L,NA,1,0,0
7_a,F,2025/5/29,5350,47.5,34.5,1,L,NA,1,0,0
7_a,F,2025/5/29,5365,48,35,1,L,NA,1,0,0
7_a,F,2025/5/29,5380,48.5,35.5,1,L,NA,1,0,0
7_a,F,2025/5/29,5395,49,36,1,L,NA,1,0,0
7_a,F,2025/5/29,5410,49.5,36.5,1,L,NA,1,0,0
7_a,F,2025/5/29,5425,50,37,1,L,NA,1,0,0
7_a,F,2025/5/29,5440,50.5,37.5,1,L,NA,1,0,0
7_a,F,2025/5/29,5455,51,38,1,L,NA,1,0,0
7_a,F,2025/5/29,5470,51.5,38.5,1,L,NA,1,0,0
7_a,F,2025/5/29,5485,52,39,1,L,NA,1,0,0
7_a,F,2025/5/29,5500,52.5,39.5,1,L,NA,1,0,0
7_a,F,2025/5/29,5515,53,40,1,L,NA,1,0,0
7_a,F,2025/5/29,5530,53.5,40.5,1,L,NA,1,0,0
7_a,F,2025/5/29,5545,54,41,1,L,NA,1,0,0
7_a,F,2025/5/29,5560,54.5,41.5,1,L,NA,1,0,0
7_a,F,2025/5/29,5575,55,42,1,L,NA,1,0,0
7_a,F,2025/5/29,5590,55.5,42.5,1,L,NA,1,0,0
7_a,F,2025/5/29,5605,56,43,1,L,NA,1,0,0
7_a,F,2025/5/29,5620,56.5,43.5,1,L,NA,1,0,0
7_a,F,2025/5/29,5635,57,44,1,L,NA,1,0,0
7_a,F,2025/5/29,5650,57.5,44.5,1,L,NA,1,0,0
7_a,F,2025/5/29,5665,58,45,1,L,NA,1,0,0
7_a,F,2025/5/29,5680,58.5,45.5,1,L,NA,1,0,0
7_a,F,2025/5/29,5695,59,46,1,L,NA,1,0,0
7_a,F,2025/5/29,5710,59.5,46.5,1,L,NA,1,0,0
7_a,F,2025/5/29,5725,60,47,1,L,NA,1,0,0
7_a,F,2025/5/29,5740,60.5,47.5,1,L,NA,1,0,0
7_a,F,2025/5/29,5755,61,48,1,L,NA,1,0,0
7_a,F,2025/5/29,5770,61.5,48.5,1,L,NA,1,0,0
7_a,F,2025/5/29,5785,62,49,1,L,NA,1,0,0
7_a,F,2025/5/29,5800,62.5,49.5,1,L,NA,1,0,0
7_a,F,2025/5/29,5815,63,50,1,L,NA,1,0,0
7_a,F,2025/5/29,5830,63.5,50.5,1,L,NA,1,0,0
7_a,F,2025/5/29,5845,64,51,1,L,NA,1,0,0
7_a,F,2025/5/29,5860,64.5,51.5,1,L,NA,1,0,0
7_a,F,2025/5/29,5875,65,52,1,L,NA,1,0,0
7_a,F,2025/5/29,5890,65.5,52.5,1,L,NA,1,0,0
7_a,F,2025/5/29,5905,66,53,1,L,NA,1,0,0
7_a,F,2025/5/29,5920,66.5,53.5,1,L,NA,1,0,0
7_a,F,2025/5/29,5935,67,54,1,L,NA,1,0,0
7_a,F,2025/5/29,5950,67.5,54.5,1,L,NA,1,0,0
7_a,F,2025/5/29,5965,68,55,1,L,NA,1,0,0
7_a,F,2025/5/29,5980,68.5,55.5,1,L,NA,1,0,0
7_a,F,2025/5/29,5995,69,56,1,L,NA,1,0,0
7_a,F,2025/5/29,6010,69.5,56.5,1,L,NA,1,0,0
7_a,F,2025/5/29,6025,70,57,1,L,NA,1,0,0
7_a,F,2025/5/29,6040,70.5,57.5,1,L,NA,1,0,0
7_a,F,2025/5/29,6055,71,58,1,L,NA,1,0,0
7_a,F,2025/5/29,6070,71.5,58.5,1,L,NA,1,0,0
7_a,F,2025/5/29,6085,72,59,1,L,NA,1,0,0
7_a,F,2025/5/29,6100,72.5,59.5,1,L,NA,1,0,0
7_a,F,2025/5/29,6115,73,60,1,L,NA,1,0,0
7_a,F,2025/5/29,6465,0,NA,2,L,NA,0,0,0
7_a,F,2025/5/29,6480,0.5,NA,2,L,NA,0,0,0
7_a,F,2025/5/29,6495,1,NA,2,L,NA,0,0,0
7_a,F,2025/5/29,6510,1.5,NA,2,L,NA,0,0,0
7_a,F,2025/5/29,6525,2,NA,2,L,NA,0,0,0
7_a,F,2025/5/29,6540,2.5,0,2,L,NA,1,0,0
7_a,F,2025/5/29,6555,3,0.5,2,L,NA,1,0,0
7_a,F,2025/5/29,6570,3.5,1,2,L,NA,1,0,0
7_a,F,2025/5/29,6585,4,1.5,2,L,NA,1,0,0
7_a,F,2025/5/29,6600,4.5,2,2,L,NA,1,0,0
7_a,F,2025/5/29,6615,5,2.5,2,L,NA,1,0,0
7_a,F,2025/5/29,6630,5.5,3,2,L,NA,1,0,0
7_a,F,2025/5/29,6645,6,3.5,2,L,NA,1,0,0
7_a,F,2025/5/29,6660,6.5,4,2,L,NA,1,0,0
7_a,F,2025/5/29,6675,7,4.5,2,L,NA,1,0,0
7_a,F,2025/5/29,6690,7.5,5,2,L,NA,1,0,0
7_a,F,2025/5/29,6705,8,5.5,2,L,NA,1,0,0
7_a,F,2025/5/29,6720,8.5,6,2,L,NA,1,0,0
7_a,F,2025/5/29,6735,9,6.5,2,L,NA,1,0,0
7_a,F,2025/5/29,6750,9.5,7,2,L,NA,1,0,0
7_a,F,2025/5/29,6765,10,7.5,2,L,NA,1,0,0
7_a,F,2025/5/29,6780,10.5,8,2,L,NA,1,0,0
7_a,F,2025/5/29,6795,11,8.5,2,L,NA,1,0,0
7_a,F,2025/5/29,6810,11.5,9,2,L,NA,1,0,0
7_a,F,2025/5/29,6825,12,9.5,2,L,NA,1,0,0
7_a,F,2025/5/29,6840,12.5,10,2,L,NA,1,0,0
7_a,F,2025/5/29,6855,13,10.5,2,L,NA,1,0,0
7_a,F,2025/5/29,6870,13.5,11,2,L,NA,1,0,0
7_a,F,2025/5/29,6885,14,11.5,2,L,NA,1,0,0
7_a,F,2025/5/29,6900,14.5,12,2,L,NA,1,0,0
7_a,F,2025/5/29,6915,15,12.5,2,L,NA,1,0,0
7_a,F,2025/5/29,6930,15.5,13,2,L,NA,1,0,0
7_a,F,2025/5/29,6945,16,13.5,2,L,NA,1,0,0
7_a,F,2025/5/29,6960,16.5,14,2,L,NA,1,0,0
7_a,F,2025/5/29,6975,17,14.5,2,L,NA,1,0,0
7_a,F,2025/5/29,6990,17.5,15,2,L,NA,1,0,0
7_a,F,2025/5/29,7005,18,15.5,2,L,NA,1,0,0
7_a,F,2025/5/29,7020,18.5,16,2,L,NA,1,0,0
7_a,F,2025/5/29,7035,19,16.5,2,L,NA,1,0,0
7_a,F,2025/5/29,7050,19.5,17,2,L,NA,1,0,0
7_a,F,2025/5/29,7065,20,17.5,2,L,NA,1,0,0
7_a,F,2025/5/29,7080,20.5,18,2,L,NA,1,0,0
7_a,F,2025/5/29,7095,21,18.5,2,L,NA,1,0,0
7_a,F,2025/5/29,7110,21.5,19,2,L,NA,1,0,0
7_a,F,2025/5/29,7125,22,19.5,2,L,NA,1,0,0
7_a,F,2025/5/29,7140,22.5,20,2,L,NA,1,0,0
7_a,F,2025/5/29,7155,23,20.5,2,L,NA,1,0,0
7_a,F,2025/5/29,7170,23.5,21,2,L,NA,1,0,0
7_a,F,2025/5/29,7185,24,21.5,2,L,NA,1,0,0
7_a,F,2025/5/29,7200,24.5,22,2,L,NA,1,0,0
7_a,F,2025/5/29,7215,25,22.5,2,L,NA,1,0,0
7_a,F,2025/5/29,7230,25.5,23,2,L,NA,1,0,0
7_a,F,2025/5/29,7245,26,23.5,2,L,NA,1,0,0
7_a,F,2025/5/29,7260,26.5,24,2,L,NA,1,0,0
7_a,F,2025/5/29,7275,27,24.5,2,L,NA,1,0,0
7_a,F,2025/5/29,7290,27.5,25,2,L,NA,1,0,0
7_a,F,2025/5/29,7305,28,25.5,2,L,NA,1,0,0
7_a,F,2025/5/29,7320,28.5,26,2,L,NA,1,0,0
7_a,F,2025/5/29,7335,29,26.5,2,L,NA,1,0,0
7_a,F,2025/5/29,7350,29.5,27,2,L,NA,1,0,0
7_a,F,2025/5/29,7365,30,27.5,2,L,NA,1,0,0
7_a,F,2025/5/29,7380,30.5,28,2,L,NA,1,0,0
7_a,F,2025/5/29,7395,31,28.5,2,L,NA,1,0,0
7_a,F,2025/5/29,7410,31.5,29,2,L,NA,1,0,0
7_a,F,2025/5/29,7425,32,29.5,2,L,NA,1,0,0
7_a,F,2025/5/29,7440,32.5,30,2,L,NA,1,0,0
7_a,F,2025/5/29,7455,33,30.5,2,L,NA,1,0,0
7_a,F,2025/5/29,7470,33.5,31,2,L,NA,1,0,0
7_a,F,2025/5/29,7485,34,31.5,2,L,NA,1,0,0
7_a,F,2025/5/29,7500,34.5,32,2,L,NA,1,0,0
7_a,F,2025/5/29,7515,35,32.5,2,L,NA,1,0,0
7_a,F,2025/5/29,7530,35.5,33,2,L,NA,1,0,0
7_a,F,2025/5/29,7545,36,33.5,2,L,NA,1,0,0
7_a,F,2025/5/29,7560,36.5,34,2,L,NA,1,0,0
7_a,F,2025/5/29,7575,37,34.5,2,L,NA,1,0,0
7_a,F,2025/5/29,7590,37.5,35,2,L,NA,1,0,0
7_a,F,2025/5/29,7605,38,35.5,2,L,NA,1,0,0
7_a,F,2025/5/29,7620,38.5,36,2,L,NA,1,0,0
7_a,F,2025/5/29,7635,39,36.5,2,L,NA,1,0,0
7_a,F,2025/5/29,7650,39.5,37,2,L,NA,1,0,0
7_a,F,2025/5/29,7665,40,37.5,2,L,NA,1,0,0
7_a,F,2025/5/29,7680,40.5,38,2,L,NA,1,0,0
7_a,F,2025/5/29,7695,41,38.5,2,L,NA,1,0,0
7_a,F,2025/5/29,7710,41.5,39,2,L,NA,1,0,0
7_a,F,2025/5/29,7725,42,39.5,2,L,NA,1,0,0
7_a,F,2025/5/29,7740,42.5,40,2,L,NA,1,0,0
7_a,F,2025/5/29,7755,43,40.5,2,L,NA,1,0,0
7_a,F,2025/5/29,7770,43.5,41,2,L,NA,1,0,0
7_a,F,2025/5/29,7785,44,41.5,2,L,NA,1,0,0
7_a,F,2025/5/29,7800,44.5,42,2,L,NA,1,0,0
7_a,F,2025/5/29,7815,45,42.5,2,L,NA,1,0,0
7_a,F,2025/5/29,7830,45.5,43,2,L,NA,1,0,0
7_a,F,2025/5/29,7845,46,43.5,2,L,NA,1,0,0
7_a,F,2025/5/29,7860,46.5,44,2,L,NA,1,0,0
7_a,F,2025/5/29,7875,47,44.5,2,L,NA,1,0,0
7_a,F,2025/5/29,7890,47.5,45,2,L,NA,1,0,0
7_a,F,2025/5/29,7905,48,45.5,2,L,NA,1,0,0
7_a,F,2025/5/29,7920,48.5,46,2,L,NA,1,0,0
7_a,F,2025/5/29,7935,49,46.5,2,L,NA,1,0,0
7_a,F,2025/5/29,7950,49.5,47,2,L,NA,1,0,0
7_a,F,2025/5/29,7965,50,47.5,2,L,NA,1,0,0
7_a,F,2025/5/29,7980,50.5,48,2,L,NA,1,0,0
7_a,F,2025/5/29,7995,51,48.5,2,L,NA,1,0,0
7_a,F,2025/5/29,8010,51.5,49,2,L,NA,1,0,0
7_a,F,2025/5/29,8025,52,49.5,2,L,NA,1,0,0
7_a,F,2025/5/29,8040,52.5,50,2,L,NA,1,0,0
7_a,F,2025/5/29,8055,53,50.5,2,L,NA,1,0,0
7_a,F,2025/5/29,8070,53.5,51,2,L,NA,1,0,0
7_a,F,2025/5/29,8085,54,51.5,2,L,NA,1,0,0
7_a,F,2025/5/29,8100,54.5,52,2,L,NA,1,0,0
7_a,F,2025/5/29,8115,55,52.5,2,L,NA,1,0,0
7_a,F,2025/5/29,8130,55.5,53,2,L,NA,1,0,0
7_a,F,2025/5/29,8145,56,53.5,2,L,NA,1,0,0
7_a,F,2025/5/29,8160,56.5,54,2,L,NA,1,0,0
7_a,F,2025/5/29,8175,57,54.5,2,L,NA,1,0,0
7_a,F,2025/5/29,8190,57.5,55,2,L,NA,1,0,0
7_a,F,2025/5/29,8205,58,55.5,2,L,NA,1,0,0
7_a,F,2025/5/29,8220,58.5,56,2,L,NA,1,0,0
7_a,F,2025/5/29,8235,59,56.5,2,L,NA,1,0,0
7_a,F,2025/5/29,8250,59.5,57,2,L,NA,1,0,0
7_a,F,2025/5/29,8265,60,57.5,2,L,NA,1,0,0
7_a,F,2025/5/29,8280,60.5,58,2,L,NA,1,0,0
7_a,F,2025/5/29,8295,61,58.5,2,L,NA,1,0,0
7_a,F,2025/5/29,8310,61.5,59,2,L,NA,1,0,0
7_a,F,2025/5/29,8325,62,59.5,2,L,NA,1,0,0
7_a,F,2025/5/29,8340,62.5,60,2,L,NA,1,0,0
7_a,F,2025/5/29,9245,0,NA,3,R,NA,0,0,0
7_a,F,2025/5/29,9260,0.5,NA,3,R,NA,0,0,0
7_a,F,2025/5/29,9275,1,NA,3,R,NA,0,0,0
7_a,F,2025/5/29,9290,1.5,NA,3,R,NA,0,0,0
7_a,F,2025/5/29,9305,2,NA,3,R,NA,0,0,0
7_a,F,2025/5/29,9320,2.5,NA,3,R,NA,0,0,0
7_a,F,2025/5/29,9335,3,NA,3,R,NA,0,0,0
7_a,F,2025/5/29,9350,3.5,0,3,R,NA,1,0,0
7_a,F,2025/5/29,9365,4,0.5,3,R,NA,1,0,0
7_a,F,2025/5/29,9380,4.5,1,3,R,NA,1,0,0
7_a,F,2025/5/29,9395,5,1.5,3,R,NA,1,0,0
7_a,F,2025/5/29,9410,5.5,2,3,R,NA,1,0,0
7_a,F,2025/5/29,9425,6,2.5,3,R,NA,1,0,0
7_a,F,2025/5/29,9440,6.5,3,3,R,NA,1,0,0
7_a,F,2025/5/29,9455,7,3.5,3,R,NA,1,0,0
7_a,F,2025/5/29,9470,7.5,4,3,R,NA,1,0,0
7_a,F,2025/5/29,9485,8,4.5,3,R,NA,1,0,0
7_a,F,2025/5/29,9500,8.5,5,3,R,NA,1,0,0
7_a,F,2025/5/29,9515,9,5.5,3,R,NA,1,0,0
7_a,F,2025/5/29,9530,9.5,6,3,R,NA,1,0,0
7_a,F,2025/5/29,9545,10,6.5,3,R,NA,1,0,0
7_a,F,2025/5/29,9560,10.5,7,3,R,NA,1,0,0
7_a,F,2025/5/29,9575,11,7.5,3,R,NA,1,0,0
7_a,F,2025/5/29,9590,11.5,8,3,R,NA,1,0,0
7_a,F,2025/5/29,9605,12,8.5,3,R,NA,1,0,0
7_a,F,2025/5/29,9620,12.5,9,3,R,NA,1,0,0
7_a,F,2025/5/29,9635,13,9.5,3,R,NA,1,0,0
7_a,F,2025/5/29,9650,13.5,10,3,R,NA,1,0,0
7_a,F,2025/5/29,9665,14,10.5,3,R,NA,1,0,0
7_a,F,2025/5/29,9680,14.5,11,3,R,NA,1,0,0
7_a,F,2025/5/29,9695,15,11.5,3,R,NA,1,0,0
7_a,F,2025/5/29,9710,15.5,12,3,R,NA,1,0,0
7_a,F,2025/5/29,9725,16,12.5,3,R,NA,1,0,0
7_a,F,2025/5/29,9740,16.5,13,3,R,NA,1,0,0
7_a,F,2025/5/29,9755,17,13.5,3,R,NA,1,0,0
7_a,F,2025/5/29,9770,17.5,14,3,R,NA,1,0,0
7_a,F,2025/5/29,9785,18,14.5,3,R,NA,1,0,0
7_a,F,2025/5/29,9800,18.5,15,3,R,NA,1,0,0
7_a,F,2025/5/29,9815,19,15.5,3,R,NA,1,0,0
7_a,F,2025/5/29,9830,19.5,16,3,R,NA,1,0,0
7_a,F,2025/5/29,9845,20,16.5,3,R,NA,1,0,0
7_a,F,2025/5/29,9860,20.5,17,3,R,NA,1,0,0
7_a,F,2025/5/29,9875,21,17.5,3,R,NA,1,0,0
7_a,F,2025/5/29,9890,21.5,18,3,R,NA,1,0,0
7_a,F,2025/5/29,9905,22,18.5,3,R,NA,1,0,0
7_a,F,2025/5/29,9920,22.5,19,3,R,NA,1,0,0
7_a,F,2025/5/29,9935,23,19.5,3,R,NA,1,0,0
7_a,F,2025/5/29,9950,23.5,20,3,R,NA,1,0,0
7_a,F,2025/5/29,9965,24,20.5,3,R,NA,1,0,0
7_a,F,2025/5/29,9980,24.5,21,3,R,NA,1,0,0
7_a,F,2025/5/29,9995,25,21.5,3,R,NA,1,0,0
7_a,F,2025/5/29,10010,25.5,22,3,R,NA,1,0,0
7_a,F,2025/5/29,10025,26,22.5,3,R,NA,1,0,0
7_a,F,2025/5/29,10040,26.5,23,3,R,NA,1,0,0
7_a,F,2025/5/29,10055,27,23.5,3,R,NA,1,0,0
7_a,F,2025/5/29,10070,27.5,24,3,R,NA,1,0,0
7_a,F,2025/5/29,10085,28,24.5,3,R,NA,1,0,0
7_a,F,2025/5/29,10100,28.5,25,3,R,NA,1,0,0
7_a,F,2025/5/29,10115,29,25.5,3,R,NA,1,0,0
7_a,F,2025/5/29,10130,29.5,26,3,R,NA,1,0,0
7_a,F,2025/5/29,10145,30,26.5,3,R,NA,1,0,0
7_a,F,2025/5/29,10160,30.5,27,3,R,NA,1,0,0
7_a,F,2025/5/29,10175,31,27.5,3,R,NA,1,0,0
7_a,F,2025/5/29,10190,31.5,28,3,R,NA,1,0,0
7_a,F,2025/5/29,10205,32,28.5,3,R,NA,1,0,0
7_a,F,2025/5/29,10220,32.5,29,3,R,NA,1,0,0
7_a,F,2025/5/29,10235,33,29.5,3,R,NA,1,0,0
7_a,F,2025/5/29,10250,33.5,30,3,R,NA,1,0,0
7_a,F,2025/5/29,10265,34,30.5,3,R,NA,1,0,0
7_a,F,2025/5/29,10280,34.5,31,3,R,NA,1,0,0
7_a,F,2025/5/29,10295,35,31.5,3,R,NA,1,0,0
7_a,F,2025/5/29,10310,35.5,32,3,R,NA,1,0,0
7_a,F,2025/5/29,10325,36,32.5,3,R,NA,1,0,0
7_a,F,2025/5/29,10340,36.5,33,3,R,NA,1,0,0
7_a,F,2025/5/29,10355,37,33.5,3,R,NA,1,0,0
7_a,F,2025/5/29,10370,37.5,34,3,R,NA,1,0,0
7_a,F,2025/5/29,10385,38,34.5,3,R,NA,1,0,0
7_a,F,2025/5/29,10400,38.5,35,3,R,NA,1,0,0
7_a,F,2025/5/29,10415,39,35.5,3,R,NA,1,0,0
7_a,F,2025/5/29,10430,39.5,36,3,R,NA,1,0,0
7_a,F,2025/5/29,10445,40,36.5,3,R,NA,1,0,0
7_a,F,2025/5/29,10460,40.5,37,3,R,NA,1,0,0
7_a,F,2025/5/29,10475,41,37.5,3,R,NA,1,0,0
7_a,F,2025/5/29,10490,41.5,38,3,R,NA,1,0,0
7_a,F,2025/5/29,10505,42,38.5,3,R,NA,1,0,0
7_a,F,2025/5/29,10520,42.5,39,3,R,NA,1,0,0
7_a,F,2025/5/29,10535,43,39.5,3,R,NA,1,0,0
7_a,F,2025/5/29,10550,43.5,40,3,R,NA,1,0,0
7_a,F,2025/5/29,10565,44,40.5,3,R,NA,1,0,0
7_a,F,2025/5/29,10580,44.5,41,3,R,NA,1,0,0
7_a,F,2025/5/29,10595,45,41.5,3,R,NA,1,0,0
7_a,F,2025/5/29,10610,45.5,42,3,R,NA,1,0,0
7_a,F,2025/5/29,10625,46,42.5,3,R,NA,1,0,0
7_a,F,2025/5/29,10640,46.5,43,3,R,NA,1,0,0
7_a,F,2025/5/29,10655,47,43.5,3,R,NA,1,0,0
7_a,F,2025/5/29,10670,47.5,44,3,R,NA,1,0,0
7_a,F,2025/5/29,10685,48,44.5,3,R,NA,1,0,0
7_a,F,2025/5/29,10700,48.5,45,3,R,NA,1,0,0
7_a,F,2025/5/29,10715,49,45.5,3,R,NA,1,0,0
7_a,F,2025/5/29,10730,49.5,46,3,R,NA,1,0,0
7_a,F,2025/5/29,10745,50,46.5,3,R,NA,1,0,0
7_a,F,2025/5/29,10760,50.5,47,3,R,NA,1,0,0
7_a,F,2025/5/29,10775,51,47.5,3,R,NA,1,0,0
7_a,F,2025/5/29,10790,51.5,48,3,R,NA,1,0,0
7_a,F,2025/5/29,10805,52,48.5,3,R,NA,1,0,0
7_a,F,2025/5/29,10820,52.5,49,3,R,NA,1,0,0
7_a,F,2025/5/29,10835,53,49.5,3,R,NA,1,0,0
7_a,F,2025/5/29,10850,53.5,50,3,R,NA,1,0,0
7_a,F,2025/5/29,10865,54,50.5,3,R,NA,1,0,0
7_a,F,2025/5/29,10880,54.5,51,3,R,NA,1,0,0
7_a,F,2025/5/29,10895,55,51.5,3,R,NA,1,0,0
7_a,F,2025/5/29,10910,55.5,52,3,R,NA,1,0,0
7_a,F,2025/5/29,10925,56,52.5,3,R,NA,1,0,0
7_a,F,2025/5/29,10940,56.5,53,3,R,NA,1,0,0
7_a,F,2025/5/29,10955,57,53.5,3,R,NA,1,0,0
7_a,F,2025/5/29,10970,57.5,54,3,R,NA,1,0,0
7_a,F,2025/5/29,10985,58,54.5,3,R,NA,1,0,0
7_a,F,2025/5/29,11000,58.5,55,3,R,NA,1,0,0
7_a,F,2025/5/29,11015,59,55.5,3,R,NA,1,0,0
7_a,F,2025/5/29,11030,59.5,56,3,R,NA,1,0,0
7_a,F,2025/5/29,11045,60,56.5,3,R,NA,1,0,0
7_a,F,2025/5/29,11060,60.5,57,3,R,NA,1,0,0
7_a,F,2025/5/29,11075,61,57.5,3,R,NA,1,0,0
7_a,F,2025/5/29,11090,61.5,58,3,R,NA,1,0,0
7_a,F,2025/5/29,11105,62,58.5,3,R,NA,1,0,0
7_a,F,2025/5/29,11120,62.5,59,3,R,NA,1,0,0
7_a,F,2025/5/29,11135,63,59.5,3,R,NA,1,0,0
7_a,F,2025/5/29,11150,63.5,60,3,R,NA,1,0,0
7_a,F,2025/5/29,11975,0,NA,4,R,NA,0,0,0
7_a,F,2025/5/29,11990,0.5,NA,4,R,NA,0,0,0
7_a,F,2025/5/29,12005,1,NA,4,R,NA,0,0,0
7_a,F,2025/5/29,12020,1.5,NA,4,R,NA,0,0,0
7_a,F,2025/5/29,12035,2,NA,4,R,NA,0,0,0
7_a,F,2025/5/29,12050,2.5,NA,4,R,NA,0,0,0
7_a,F,2025/5/29,12065,3,NA,4,R,NA,0,0,0
7_a,F,2025/5/29,12080,3.5,NA,4,R,NA,0,0,0
7_a,F,2025/5/29,12095,4,NA,4,R,NA,0,0,0
7_a,F,2025/5/29,12110,4.5,NA,4,R,NA,0,0,0
7_a,F,2025/5/29,12125,5,NA,4,R,NA,0,0,0
7_a,F,2025/5/29,12140,5.5,NA,4,R,NA,0,0,0
7_a,F,2025/5/29,12155,6,NA,4,R,NA,0,0,0
7_a,F,2025/5/29,12170,6.5,NA,4,R,NA,0,0,0
7_a,F,2025/5/29,12185,7,0,4,R,NA,1,0,0
7_a,F,2025/5/29,12200,7.5,0.5,4,R,NA,1,0,0
7_a,F,2025/5/29,12215,8,1,4,R,NA,1,0,0
7_a,F,2025/5/29,12230,8.5,1.5,4,R,NA,1,0,0
7_a,F,2025/5/29,12245,9,2,4,R,NA,1,0,0
7_a,F,2025/5/29,12260,9.5,2.5,4,R,NA,1,0,0
7_a,F,2025/5/29,12275,10,3,4,R,NA,1,0,0
7_a,F,2025/5/29,12290,10.5,3.5,4,R,NA,1,0,0
7_a,F,2025/5/29,12305,11,4,4,R,NA,1,0,0
7_a,F,2025/5/29,12320,11.5,4.5,4,R,NA,1,0,0
7_a,F,2025/5/29,12335,12,5,4,R,NA,1,0,0
7_a,F,2025/5/29,12350,12.5,5.5,4,R,NA,1,0,0
7_a,F,2025/5/29,12365,13,6,4,R,NA,1,0,0
7_a,F,2025/5/29,12380,13.5,6.5,4,R,NA,1,0,0
7_a,F,2025/5/29,12395,14,7,4,R,NA,1,0,0
7_a,F,2025/5/29,12410,14.5,7.5,4,R,NA,1,0,0
7_a,F,2025/5/29,12425,15,8,4,R,NA,1,0,0
7_a,F,2025/5/29,12440,15.5,8.5,4,R,NA,1,0,0
7_a,F,2025/5/29,12455,16,9,4,R,NA,1,0,0
7_a,F,2025/5/29,12470,16.5,9.5,4,R,NA,1,0,0
7_a,F,2025/5/29,12485,17,10,4,R,NA,1,0,0
7_a,F,2025/5/29,12500,17.5,10.5,4,R,NA,1,0,0
7_a,F,2025/5/29,12515,18,11,4,R,NA,1,0,0
7_a,F,2025/5/29,12530,18.5,11.5,4,R,NA,1,0,0
7_a,F,2025/5/29,12545,19,12,4,R,NA,1,0,0
7_a,F,2025/5/29,12560,19.5,12.5,4,R,NA,1,0,0
7_a,F,2025/5/29,12575,20,13,4,R,NA,1,0,0
7_a,F,2025/5/29,12590,20.5,13.5,4,R,NA,1,0,0
7_a,F,2025/5/29,12605,21,14,4,R,NA,1,0,0
7_a,F,2025/5/29,12620,21.5,14.5,4,R,NA,1,0,0
7_a,F,2025/5/29,12635,22,15,4,R,NA,1,0,0
7_a,F,2025/5/29,12650,22.5,15.5,4,R,NA,1,0,0
7_a,F,2025/5/29,12665,23,16,4,R,NA,1,0,0
7_a,F,2025/5/29,12680,23.5,16.5,4,R,NA,1,0,0
7_a,F,2025/5/29,12695,24,17,4,R,NA,1,0,0
7_a,F,2025/5/29,12710,24.5,17.5,4,R,NA,1,0,0
7_a,F,2025/5/29,12725,25,18,4,R,NA,1,0,0
7_a,F,2025/5/29,12740,25.5,18.5,4,R,NA,1,0,0
7_a,F,2025/5/29,12755,26,19,4,R,NA,1,0,0
7_a,F,2025/5/29,12770,26.5,19.5,4,R,NA,1,0,0
7_a,F,2025/5/29,12785,27,20,4,R,NA,1,0,0
7_a,F,2025/5/29,12800,27.5,20.5,4,R,NA,1,0,0
7_a,F,2025/5/29,12815,28,21,4,R,NA,1,0,0
7_a,F,2025/5/29,12830,28.5,21.5,4,R,NA,1,0,0
7_a,F,2025/5/29,12845,29,22,4,R,NA,1,0,0
7_a,F,2025/5/29,12860,29.5,22.5,4,R,NA,1,0,0
7_a,F,2025/5/29,12875,30,23,4,R,NA,1,0,0
7_a,F,2025/5/29,12890,30.5,23.5,4,R,NA,1,0,0
7_a,F,2025/5/29,12905,31,24,4,R,NA,1,0,0
7_a,F,2025/5/29,12920,31.5,24.5,4,R,NA,1,0,0
7_a,F,2025/5/29,12935,32,25,4,R,NA,1,0,0
7_a,F,2025/5/29,12950,32.5,25.5,4,R,NA,1,0,0
7_a,F,2025/5/29,12965,33,26,4,R,NA,1,0,0
7_a,F,2025/5/29,12980,33.5,26.5,4,R,NA,1,0,0
7_a,F,2025/5/29,12995,34,27,4,R,NA,1,0,0
7_a,F,2025/5/29,13010,34.5,27.5,4,R,NA,1,0,0
7_a,F,2025/5/29,13025,35,28,4,R,NA,1,0,0
7_a,F,2025/5/29,13040,35.5,28.5,4,R,NA,1,0,0
7_a,F,2025/5/29,13055,36,29,4,R,NA,1,0,0
7_a,F,2025/5/29,13070,36.5,29.5,4,R,NA,1,0,0
7_a,F,2025/5/29,13085,37,30,4,R,NA,1,0,0
7_a,F,2025/5/29,13100,37.5,30.5,4,R,NA,1,0,0
7_a,F,2025/5/29,13115,38,31,4,R,NA,1,0,0
7_a,F,2025/5/29,13130,38.5,31.5,4,R,NA,1,0,0
7_a,F,2025/5/29,13145,39,32,4,R,NA,1,0,0
7_a,F,2025/5/29,13160,39.5,32.5,4,R,NA,1,0,0
7_a,F,2025/5/29,13175,40,33,4,R,NA,1,0,0
7_a,F,2025/5/29,13190,40.5,33.5,4,R,NA,1,0,0
7_a,F,2025/5/29,13205,41,34,4,R,NA,1,0,0
7_a,F,2025/5/29,13220,41.5,34.5,4,R,NA,1,0,0
7_a,F,2025/5/29,13235,42,35,4,R,NA,1,0,0
7_a,F,2025/5/29,13250,42.5,35.5,4,R,NA,1,0,0
7_a,F,2025/5/29,13265,43,36,4,R,NA,1,0,0
7_a,F,2025/5/29,13280,43.5,36.5,4,R,NA,1,0,0
7_a,F,2025/5/29,13295,44,37,4,R,NA,1,0,0
7_a,F,2025/5/29,13310,44.5,37.5,4,R,NA,1,0,0
7_a,F,2025/5/29,13325,45,38,4,R,NA,1,0,0
7_a,F,2025/5/29,13340,45.5,38.5,4,R,NA,1,0,0
7_a,F,2025/5/29,13355,46,39,4,R,NA,1,0,0
7_a,F,2025/5/29,13370,46.5,39.5,4,R,NA,1,0,0
7_a,F,2025/5/29,13385,47,40,4,R,NA,1,0,0
7_a,F,2025/5/29,13400,47.5,40.5,4,R,NA,1,0,0
7_a,F,2025/5/29,13415,48,41,4,R,NA,1,0,0
7_a,F,2025/5/29,13430,48.5,41.5,4,R,NA,1,0,0
7_a,F,2025/5/29,13445,49,42,4,R,NA,1,0,0
7_a,F,2025/5/29,13460,49.5,42.5,4,R,NA,1,0,0
7_a,F,2025/5/29,13475,50,43,4,R,NA,1,0,0
7_a,F,2025/5/29,13490,50.5,43.5,4,R,NA,1,0,0
7_a,F,2025/5/29,13505,51,44,4,R,NA,1,0,0
7_a,F,2025/5/29,13520,51.5,44.5,4,R,NA,1,0,0
7_a,F,2025/5/29,13535,52,45,4,R,NA,1,0,0
7_a,F,2025/5/29,13550,52.5,45.5,4,R,NA,1,0,0
7_a,F,2025/5/29,13565,53,46,4,R,NA,1,0,0
7_a,F,2025/5/29,13580,53.5,46.5,4,R,NA,1,0,0
7_a,F,2025/5/29,13595,54,47,4,R,NA,1,0,0
7_a,F,2025/5/29,13610,54.5,47.5,4,R,NA,1,0,0
7_a,F,2025/5/29,13625,55,48,4,R,NA,1,0,0
7_a,F,2025/5/29,13640,55.5,48.5,4,R,NA,1,0,0
7_a,F,2025/5/29,13655,56,49,4,R,NA,1,0,0
7_a,F,2025/5/29,13670,56.5,49.5,4,R,NA,1,0,0
7_a,F,2025/5/29,13685,57,50,4,R,NA,1,0,0
7_a,F,2025/5/29,13700,57.5,50.5,4,R,NA,1,0,0
7_a,F,2025/5/29,13715,58,51,4,R,NA,1,0,0
7_a,F,2025/5/29,13730,58.5,51.5,4,R,NA,1,0,0
7_a,F,2025/5/29,13745,59,52,4,R,NA,1,0,0
7_a,F,2025/5/29,13760,59.5,52.5,4,R,NA,1,0,0
7_a,F,2025/5/29,13775,60,53,4,R,NA,1,0,0
7_a,F,2025/5/29,13790,60.5,53.5,4,R,NA,1,0,0
7_a,F,2025/5/29,13805,61,54,4,R,NA,1,0,0
7_a,F,2025/5/29,13820,61.5,54.5,4,R,NA,1,0,0
7_a,F,2025/5/29,13835,62,55,4,R,NA,1,0,0
7_a,F,2025/5/29,13850,62.5,55.5,4,R,NA,1,0,0
7_a,F,2025/5/29,13865,63,56,4,R,NA,1,0,0
7_a,F,2025/5/29,13880,63.5,56.5,4,R,NA,1,0,0
7_a,F,2025/5/29,13895,64,57,4,R,NA,1,0,0
7_a,F,2025/5/29,13910,64.5,57.5,4,R,NA,1,0,0
7_a,F,2025/5/29,13925,65,58,4,R,NA,1,0,0
7_a,F,2025/5/29,13940,65.5,58.5,4,R,NA,1,0,0
7_a,F,2025/5/29,13955,66,59,4,R,NA,1,0,0
7_a,F,2025/5/29,13970,66.5,59.5,4,R,NA,1,0,0
7_a,F,2025/5/29,13985,67,60,4,R,NA,1,0,0
7_a,F,2025/5/29,14580,0,NA,5,L,L,0,0,0
7_a,F,2025/5/29,14595,0.5,NA,5,L,L,0,0,0
7_a,F,2025/5/29,14610,1,NA,5,L,L,0,0,0
7_a,F,2025/5/29,14625,1.5,NA,5,L,L,0,0,0
7_a,F,2025/5/29,14640,2,NA,5,L,L,0,0,0
7_a,F,2025/5/29,14655,2.5,NA,5,L,L,0,0,0
7_a,F,2025/5/29,14670,3,0,5,L,L,1,0,0
7_a,F,2025/5/29,14685,3.5,0.5,5,L,L,1,0,0
7_a,F,2025/5/29,14700,4,1,5,L,L,1,0,0
7_a,F,2025/5/29,14715,4.5,1.5,5,L,L,1,0,0
7_a,F,2025/5/29,14730,5,2,5,L,L,1,0,0
7_a,F,2025/5/29,14745,5.5,2.5,5,L,L,1,0,0
7_a,F,2025/5/29,14760,6,3,5,L,L,1,0,0
7_a,F,2025/5/29,14775,6.5,3.5,5,L,L,1,0,0
7_a,F,2025/5/29,14790,7,4,5,L,L,1,0,0
7_a,F,2025/5/29,14805,7.5,4.5,5,L,L,1,0,0
7_a,F,2025/5/29,14820,8,5,5,L,L,1,0,0
7_a,F,2025/5/29,14835,8.5,5.5,5,L,L,1,0,0
7_a,F,2025/5/29,14850,9,6,5,L,L,1,0,0
7_a,F,2025/5/29,14865,9.5,6.5,5,L,L,1,0,0
7_a,F,2025/5/29,14880,10,7,5,L,L,1,0,0
7_a,F,2025/5/29,14895,10.5,7.5,5,L,L,1,0,0
7_a,F,2025/5/29,14910,11,8,5,L,L,1,0,0
7_a,F,2025/5/29,14925,11.5,8.5,5,L,L,1,0,0
7_a,F,2025/5/29,14940,12,9,5,L,L,1,0,0
7_a,F,2025/5/29,14955,12.5,9.5,5,L,L,1,0,0
7_a,F,2025/5/29,14970,13,10,5,L,L,1,0,0
7_a,F,2025/5/29,14985,13.5,10.5,5,L,L,1,0,0
7_a,F,2025/5/29,15000,14,11,5,L,L,1,0,0
7_a,F,2025/5/29,15015,14.5,11.5,5,L,L,1,0,0
7_a,F,2025/5/29,15030,15,12,5,L,L,1,0,0
7_a,F,2025/5/29,15045,15.5,12.5,5,L,L,1,0,0
7_a,F,2025/5/29,15060,16,13,5,L,L,1,0,0
7_a,F,2025/5/29,15075,16.5,13.5,5,L,L,0,0,0
7_a,F,2025/5/29,15090,17,14,5,L,L,0,0,0
7_a,F,2025/5/29,15105,17.5,14.5,5,L,L,1,0,0
7_a,F,2025/5/29,15120,18,15,5,L,L,1,0,0
7_a,F,2025/5/29,15135,18.5,15.5,5,L,L,1,0,0
7_a,F,2025/5/29,15150,19,16,5,L,L,1,0,0
7_a,F,2025/5/29,15165,19.5,16.5,5,L,L,1,0,0
7_a,F,2025/5/29,15180,20,17,5,L,L,1,0,0
7_a,F,2025/5/29,15195,20.5,17.5,5,L,L,1,0,0
7_a,F,2025/5/29,15210,21,18,5,L,L,1,0,0
7_a,F,2025/5/29,15225,21.5,18.5,5,L,L,1,0,0
7_a,F,2025/5/29,15240,22,19,5,L,L,1,0,0
7_a,F,2025/5/29,15255,22.5,19.5,5,L,L,1,0,0
7_a,F,2025/5/29,15270,23,20,5,L,L,1,0,0
7_a,F,2025/5/29,15285,23.5,20.5,5,L,L,1,0,0
7_a,F,2025/5/29,15300,24,21,5,L,L,1,0,0
7_a,F,2025/5/29,15315,24.5,21.5,5,L,L,1,0,0
7_a,F,2025/5/29,15330,25,22,5,L,L,1,0,0
7_a,F,2025/5/29,15345,25.5,22.5,5,L,L,1,0,0
7_a,F,2025/5/29,15360,26,23,5,L,L,1,0,0
7_a,F,2025/5/29,15375,26.5,23.5,5,L,L,1,0,0
7_a,F,2025/5/29,15390,27,24,5,L,L,1,0,0
7_a,F,2025/5/29,15405,27.5,24.5,5,L,L,1,0,0
7_a,F,2025/5/29,15420,28,25,5,L,L,1,0,0
7_a,F,2025/5/29,15435,28.5,25.5,5,L,L,1,0,0
7_a,F,2025/5/29,15450,29,26,5,L,L,1,0,0
7_a,F,2025/5/29,15465,29.5,26.5,5,L,L,1,0,0
7_a,F,2025/5/29,15480,30,27,5,L,L,1,0,0
7_a,F,2025/5/29,15495,30.5,27.5,5,L,L,1,0,0
7_a,F,2025/5/29,15510,31,28,5,L,L,1,0,0
7_a,F,2025/5/29,15525,31.5,28.5,5,L,L,1,0,0
7_a,F,2025/5/29,15540,32,29,5,L,L,1,0,0
7_a,F,2025/5/29,15555,32.5,29.5,5,L,L,1,0,0
7_a,F,2025/5/29,15570,33,30,5,L,L,1,0,0
7_a,F,2025/5/29,15585,33.5,30.5,5,L,L,1,1,0
7_a,F,2025/5/29,17600,0,NA,6,L,L,0,0,0
7_a,F,2025/5/29,17615,0.5,NA,6,L,L,0,0,0
7_a,F,2025/5/29,17630,1,NA,6,L,L,0,0,0
7_a,F,2025/5/29,17645,1.5,NA,6,L,L,0,0,0
7_a,F,2025/5/29,17660,2,NA,6,L,L,0,0,0
7_a,F,2025/5/29,17675,2.5,NA,6,L,L,0,0,0
7_a,F,2025/5/29,17690,3,NA,6,L,L,0,0,0
7_a,F,2025/5/29,17705,3.5,NA,6,L,L,0,0,0
7_a,F,2025/5/29,17720,4,NA,6,L,L,0,0,0
7_a,F,2025/5/29,17735,4.5,NA,6,L,L,0,0,0
7_a,F,2025/5/29,17750,5,0,6,L,L,1,0,0
7_a,F,2025/5/29,17765,5.5,0.5,6,L,L,1,0,0
7_a,F,2025/5/29,17780,6,1,6,L,L,1,0,0
7_a,F,2025/5/29,17795,6.5,1.5,6,L,L,1,0,0
7_a,F,2025/5/29,17810,7,2,6,L,L,1,1,0
7_a,F,2025/5/29,19030,0,NA,7,L,R,0,0,0
7_a,F,2025/5/29,19045,0.5,NA,7,L,R,0,0,0
7_a,F,2025/5/29,19060,1,NA,7,L,R,0,0,0
7_a,F,2025/5/29,19075,1.5,0,7,L,R,1,0,0
7_a,F,2025/5/29,19090,2,0.5,7,L,R,1,0,0
7_a,F,2025/5/29,19105,2.5,1,7,L,R,1,1,0
7_a,F,2025/5/29,21215,0,NA,8,R,L,0,0,0
7_a,F,2025/5/29,21230,0.5,NA,8,R,L,0,0,0
7_a,F,2025/5/29,21245,1,NA,8,R,L,0,0,0
7_a,F,2025/5/29,21260,1.5,NA,8,R,L,0,0,0
7_a,F,2025/5/29,21275,2,NA,8,R,L,0,0,0
7_a,F,2025/5/29,21290,2.5,NA,8,R,L,0,0,0
7_a,F,2025/5/29,21305,3,NA,8,R,L,0,0,0
7_a,F,2025/5/29,21320,3.5,NA,8,R,L,0,0,0
7_a,F,2025/5/29,21335,4,NA,8,R,L,0,0,0
7_a,F,2025/5/29,21350,4.5,0,8,R,L,1,0,0
7_a,F,2025/5/29,21365,5,0.5,8,R,L,1,0,0
7_a,F,2025/5/29,21380,5.5,1,8,R,L,1,0,0
7_a,F,2025/5/29,21395,6,1.5,8,R,L,1,0,1
7_a,F,2025/5/29,21410,6.5,2,8,R,L,1,0,0
7_a,F,2025/5/29,21425,7,2.5,8,R,L,1,0,0
7_a,F,2025/5/29,21440,7.5,3,8,R,L,1,1,0
7_a,F,2025/5/29,22930,0,NA,9,R,R,0,0,0
7_a,F,2025/5/29,22945,0.5,NA,9,R,R,0,0,0
7_a,F,2025/5/29,22960,1,NA,9,R,R,0,0,0
7_a,F,2025/5/29,22975,1.5,NA,9,R,R,0,0,0
7_a,F,2025/5/29,22990,2,NA,9,R,R,0,0,0
7_a,F,2025/5/29,23005,2.5,NA,9,R,R,0,0,0
7_a,F,2025/5/29,23020,3,NA,9,R,R,0,0,0
7_a,F,2025/5/29,23035,3.5,NA,9,R,R,0,0,0
7_a,F,2025/5/29,23050,4,NA,9,R,R,0,0,0
7_a,F,2025/5/29,23065,4.5,NA,9,R,R,0,0,0
7_a,F,2025/5/29,23080,5,NA,9,R,R,0,0,0
7_a,F,2025/5/29,23095,5.5,NA,9,R,R,0,0,0
7_a,F,2025/5/29,23110,6,NA,9,R,R,0,0,0
7_a,F,2025/5/29,23125,6.5,NA,9,R,R,0,0,0
7_a,F,2025/5/29,23140,7,NA,9,R,R,0,0,0
7_a,F,2025/5/29,23155,7.5,NA,9,R,R,0,0,0
7_a,F,2025/5/29,23170,8,NA,9,R,R,0,0,0
7_a,F,2025/5/29,23185,8.5,NA,9,R,R,0,0,0
7_a,F,2025/5/29,23200,9,NA,9,R,R,0,0,0
7_a,F,2025/5/29,23215,9.5,0,9,R,R,1,0,0
7_a,F,2025/5/29,23230,10,0.5,9,R,R,1,0,0
7_a,F,2025/5/29,23245,10.5,1,9,R,R,1,0,0
7_a,F,2025/5/29,23260,11,1.5,9,R,R,1,0,0
7_a,F,2025/5/29,23275,11.5,2,9,R,R,1,0,2
7_a,F,2025/5/29,23290,12,2.5,9,R,R,1,0,0
7_a,F,2025/5/29,23305,12.5,3,9,R,R,1,0,0
7_a,F,2025/5/29,23320,13,3.5,9,R,R,1,0,1
7_a,F,2025/5/29,23335,13.5,4,9,R,R,1,0,0
7_a,F,2025/5/29,23350,14,4.5,9,R,R,1,0,1
7_a,F,2025/5/29,23365,14.5,5,9,R,R,1,0,0
7_a,F,2025/5/29,23380,15,5.5,9,R,R,1,0,0
7_a,F,2025/5/29,23395,15.5,6,9,R,R,1,0,0
7_a,F,2025/5/29,23410,16,6.5,9,R,R,1,0,0
7_a,F,2025/5/29,23425,16.5,7,9,R,R,1,0,1
7_a,F,2025/5/29,23440,17,7.5,9,R,R,1,0,1
7_a,F,2025/5/29,23455,17.5,8,9,R,R,1,0,0
7_a,F,2025/5/29,23470,18,8.5,9,R,R,1,0,0
7_a,F,2025/5/29,23485,18.5,9,9,R,R,1,0,0
7_a,F,2025/5/29,23500,19,9.5,9,R,R,1,0,0
7_a,F,2025/5/29,23515,19.5,10,9,R,R,1,0,0
7_a,F,2025/5/29,23530,20,10.5,9,R,R,1,0,0
7_a,F,2025/5/29,23545,20.5,11,9,R,R,1,0,0
7_a,F,2025/5/29,23560,21,11.5,9,R,R,1,0,1
7_a,F,2025/5/29,23575,21.5,12,9,R,R,1,0,0
7_a,F,2025/5/29,23590,22,12.5,9,R,R,1,0,0
7_a,F,2025/5/29,23605,22.5,13,9,R,R,1,1,0
7_a,F,2025/5/29,25080,0,NA,10,L,R,0,0,0
7_a,F,2025/5/29,25095,0.5,NA,10,L,R,0,0,0
7_a,F,2025/5/29,25110,1,NA,10,L,R,0,0,0
7_a,F,2025/5/29,25125,1.5,NA,10,L,R,0,0,0
7_a,F,2025/5/29,25140,2,NA,10,L,R,0,0,0
7_a,F,2025/5/29,25155,2.5,NA,10,L,R,0,0,0
7_a,F,2025/5/29,25170,3,NA,10,L,R,0,0,0
7_a,F,2025/5/29,25185,3.5,NA,10,L,R,0,0,0
7_a,F,2025/5/29,25200,4,NA,10,L,R,0,0,0
7_a,F,2025/5/29,25215,4.5,NA,10,L,R,0,0,0
7_a,F,2025/5/29,25230,5,0,10,L,R,1,0,0
7_a,F,2025/5/29,25245,5.5,0.5,10,L,R,1,0,0
7_a,F,2025/5/29,25260,6,1,10,L,R,1,0,0
7_a,F,2025/5/29,25275,6.5,1.5,10,L,R,1,0,0
7_a,F,2025/5/29,25290,7,2,10,L,R,1,0,0
7_a,F,2025/5/29,25305,7.5,2.5,10,L,R,1,0,0
7_a,F,2025/5/29,25320,8,3,10,L,R,1,0,0
7_a,F,2025/5/29,25335,8.5,3.5,10,L,R,1,0,0
7_a,F,2025/5/29,25350,9,4,10,L,R,1,0,0
7_a,F,2025/5/29,25365,9.5,4.5,10,L,R,1,0,0
7_a,F,2025/5/29,25380,10,5,10,L,R,1,0,0
7_a,F,2025/5/29,25395,10.5,5.5,10,L,R,1,0,0
7_a,F,2025/5/29,25410,11,6,10,L,R,1,0,0
7_a,F,2025/5/29,25425,11.5,6.5,10,L,R,1,0,0
7_a,F,2025/5/29,25440,12,7,10,L,R,1,0,0
7_a,F,2025/5/29,25455,12.5,7.5,10,L,R,1,0,0
7_a,F,2025/5/29,25470,13,8,10,L,R,1,0,0
7_a,F,2025/5/29,25485,13.5,8.5,10,L,R,1,0,0
7_a,F,2025/5/29,25500,14,9,10,L,R,1,0,0
7_a,F,2025/5/29,25515,14.5,9.5,10,L,R,1,0,0
7_a,F,2025/5/29,25530,15,10,10,L,R,1,0,0
7_a,F,2025/5/29,25545,15.5,10.5,10,L,R,1,0,0
7_a,F,2025/5/29,25560,16,11,10,L,R,1,0,0
7_a,F,2025/5/29,25575,16.5,11.5,10,L,R,1,0,0
7_a,F,2025/5/29,25590,17,12,10,L,R,1,1,0
14_a,F,2025/6/1,9560,0,NA,1,L,NA,0,0,0
14_a,F,2025/6/1,9575,0.5,NA,1,L,NA,0,0,0
14_a,F,2025/6/1,9590,1,NA,1,L,NA,0,0,0
14_a,F,2025/6/1,9605,1.5,NA,1,L,NA,0,0,0
14_a,F,2025/6/1,9620,2,NA,1,L,NA,0,0,0
14_a,F,2025/6/1,9635,2.5,NA,1,L,NA,0,0,0
14_a,F,2025/6/1,9650,3,NA,1,L,NA,0,0,0
14_a,F,2025/6/1,9665,3.5,NA,1,L,NA,0,0,0
14_a,F,2025/6/1,9680,4,NA,1,L,NA,0,0,0
14_a,F,2025/6/1,9695,4.5,NA,1,L,NA,0,0,0
14_a,F,2025/6/1,9710,5,NA,1,L,NA,0,0,0
14_a,F,2025/6/1,9725,5.5,NA,1,L,NA,0,0,0
14_a,F,2025/6/1,9740,6,NA,1,L,NA,0,0,0
14_a,F,2025/6/1,9755,6.5,NA,1,L,NA,0,0,0
14_a,F,2025/6/1,9770,7,NA,1,L,NA,0,0,0
14_a,F,2025/6/1,9785,7.5,NA,1,L,NA,0,0,0
14_a,F,2025/6/1,9800,8,NA,1,L,NA,0,0,0
14_a,F,2025/6/1,9815,8.5,NA,1,L,NA,0,0,0
14_a,F,2025/6/1,9830,9,NA,1,L,NA,0,0,0
14_a,F,2025/6/1,9845,9.5,NA,1,L,NA,0,0,0
14_a,F,2025/6/1,9860,10,NA,1,L,NA,0,0,0
14_a,F,2025/6/1,9875,10.5,NA,1,L,NA,0,0,0
14_a,F,2025/6/1,9890,11,NA,1,L,NA,0,0,0
14_a,F,2025/6/1,9905,11.5,NA,1,L,NA,0,0,0
14_a,F,2025/6/1,9920,12,NA,1,L,NA,0,0,0
14_a,F,2025/6/1,9935,12.5,NA,1,L,NA,0,0,0
14_a,F,2025/6/1,9950,13,NA,1,L,NA,0,0,0
14_a,F,2025/6/1,9965,13.5,NA,1,L,NA,0,0,0
14_a,F,2025/6/1,9980,14,NA,1,L,NA,0,0,0
14_a,F,2025/6/1,9995,14.5,NA,1,L,NA,0,0,0
14_a,F,2025/6/1,10010,15,NA,1,L,NA,0,0,0
14_a,F,2025/6/1,10025,15.5,NA,1,L,NA,0,0,0
14_a,F,2025/6/1,10040,16,NA,1,L,NA,0,0,0
14_a,F,2025/6/1,10055,16.5,NA,1,L,NA,0,0,0
14_a,F,2025/6/1,10070,17,NA,1,L,NA,0,0,0
14_a,F,2025/6/1,10085,17.5,NA,1,L,NA,0,0,0
14_a,F,2025/6/1,10100,18,NA,1,L,NA,0,0,0
14_a,F,2025/6/1,10115,18.5,NA,1,L,NA,0,0,0
14_a,F,2025/6/1,10130,19,NA,1,L,NA,0,0,0
14_a,F,2025/6/1,10145,19.5,NA,1,L,NA,0,0,0
14_a,F,2025/6/1,10160,20,NA,1,L,NA,0,0,0
14_a,F,2025/6/1,10175,20.5,NA,1,L,NA,0,0,0
14_a,F,2025/6/1,10190,21,NA,1,L,NA,0,0,0
14_a,F,2025/6/1,10205,21.5,NA,1,L,NA,0,0,0
14_a,F,2025/6/1,10220,22,NA,1,L,NA,0,0,0
14_a,F,2025/6/1,10235,22.5,NA,1,L,NA,0,0,0
14_a,F,2025/6/1,10250,23,NA,1,L,NA,0,0,0
14_a,F,2025/6/1,10265,23.5,NA,1,L,NA,0,0,0
14_a,F,2025/6/1,10280,24,NA,1,L,NA,0,0,0
14_a,F,2025/6/1,10295,24.5,NA,1,L,NA,0,0,0
14_a,F,2025/6/1,10310,25,NA,1,L,NA,0,0,0
14_a,F,2025/6/1,10325,25.5,NA,1,L,NA,0,0,0
14_a,F,2025/6/1,10340,26,NA,1,L,NA,0,0,0
14_a,F,2025/6/1,10355,26.5,NA,1,L,NA,0,0,0
14_a,F,2025/6/1,10370,27,NA,1,L,NA,0,0,0
14_a,F,2025/6/1,10385,27.5,NA,1,L,NA,0,0,0
14_a,F,2025/6/1,10400,28,NA,1,L,NA,0,0,0
14_a,F,2025/6/1,10415,28.5,NA,1,L,NA,0,0,0
14_a,F,2025/6/1,10430,29,NA,1,L,NA,0,0,0
14_a,F,2025/6/1,10445,29.5,NA,1,L,NA,0,0,0
14_a,F,2025/6/1,10460,30,NA,1,L,NA,0,0,0
14_a,F,2025/6/1,10475,30.5,NA,1,L,NA,0,0,0
14_a,F,2025/6/1,10490,31,NA,1,L,NA,0,0,0
14_a,F,2025/6/1,10505,31.5,NA,1,L,NA,0,0,0
14_a,F,2025/6/1,10520,32,NA,1,L,NA,0,0,0
14_a,F,2025/6/1,10535,32.5,NA,1,L,NA,0,0,0
14_a,F,2025/6/1,10550,33,NA,1,L,NA,0,0,0
14_a,F,2025/6/1,10565,33.5,NA,1,L,NA,0,0,0
14_a,F,2025/6/1,10580,34,NA,1,L,NA,0,0,0
14_a,F,2025/6/1,10595,34.5,NA,1,L,NA,0,0,0
14_a,F,2025/6/1,10610,35,NA,1,L,NA,0,0,0
14_a,F,2025/6/1,10625,35.5,NA,1,L,NA,0,0,0
14_a,F,2025/6/1,10640,36,NA,1,L,NA,0,0,0
14_a,F,2025/6/1,10655,36.5,NA,1,L,NA,0,0,0
14_a,F,2025/6/1,10670,37,NA,1,L,NA,0,0,0
14_a,F,2025/6/1,10685,37.5,NA,1,L,NA,0,0,0
14_a,F,2025/6/1,10700,38,NA,1,L,NA,0,0,0
14_a,F,2025/6/1,10715,38.5,NA,1,L,NA,0,0,0
14_a,F,2025/6/1,10730,39,NA,1,L,NA,0,0,0
14_a,F,2025/6/1,10745,39.5,NA,1,L,NA,0,0,0
14_a,F,2025/6/1,10760,40,NA,1,L,NA,0,0,0
14_a,F,2025/6/1,10775,40.5,NA,1,L,NA,0,0,0
14_a,F,2025/6/1,10790,41,NA,1,L,NA,0,0,0
14_a,F,2025/6/1,10805,41.5,NA,1,L,NA,0,0,0
14_a,F,2025/6/1,10820,42,NA,1,L,NA,0,0,0
14_a,F,2025/6/1,10835,42.5,NA,1,L,NA,0,0,0
14_a,F,2025/6/1,10850,43,NA,1,L,NA,0,0,0
14_a,F,2025/6/1,10865,43.5,NA,1,L,NA,0,0,0
14_a,F,2025/6/1,10880,44,NA,1,L,NA,0,0,0
14_a,F,2025/6/1,10895,44.5,NA,1,L,NA,0,0,0
14_a,F,2025/6/1,10910,45,NA,1,L,NA,0,0,0
14_a,F,2025/6/1,10925,45.5,NA,1,L,NA,0,0,0
14_a,F,2025/6/1,10940,46,NA,1,L,NA,0,0,0
14_a,F,2025/6/1,10955,46.5,NA,1,L,NA,0,0,0
14_a,F,2025/6/1,10970,47,NA,1,L,NA,0,0,0
14_a,F,2025/6/1,10985,47.5,NA,1,L,NA,0,0,0
14_a,F,2025/6/1,11000,48,NA,1,L,NA,0,0,0
14_a,F,2025/6/1,11015,48.5,NA,1,L,NA,0,0,0
14_a,F,2025/6/1,11030,49,NA,1,L,NA,0,0,0
14_a,F,2025/6/1,11045,49.5,NA,1,L,NA,0,0,0
14_a,F,2025/6/1,11060,50,NA,1,L,NA,0,0,0
14_a,F,2025/6/1,11075,50.5,NA,1,L,NA,0,0,0
14_a,F,2025/6/1,11090,51,NA,1,L,NA,0,0,0
14_a,F,2025/6/1,11105,51.5,NA,1,L,NA,0,0,0
14_a,F,2025/6/1,11120,52,NA,1,L,NA,0,0,0
14_a,F,2025/6/1,11135,52.5,NA,1,L,NA,0,0,0
14_a,F,2025/6/1,11150,53,NA,1,L,NA,0,0,0
14_a,F,2025/6/1,11165,53.5,NA,1,L,NA,0,0,0
14_a,F,2025/6/1,11180,54,NA,1,L,NA,0,0,0
14_a,F,2025/6/1,11195,54.5,NA,1,L,NA,0,0,0
14_a,F,2025/6/1,11210,55,NA,1,L,NA,0,0,0
14_a,F,2025/6/1,11225,55.5,NA,1,L,NA,0,0,0
14_a,F,2025/6/1,11240,56,0,1,L,NA,1,0,0
14_a,F,2025/6/1,11255,56.5,0.5,1,L,NA,1,0,0
14_a,F,2025/6/1,11270,57,1,1,L,NA,1,0,0
14_a,F,2025/6/1,11285,57.5,1.5,1,L,NA,1,0,0
14_a,F,2025/6/1,11300,58,2,1,L,NA,1,0,1
14_a,F,2025/6/1,11315,58.5,2.5,1,L,NA,1,0,1
14_a,F,2025/6/1,11330,59,3,1,L,NA,1,0,1
14_a,F,2025/6/1,11345,59.5,3.5,1,L,NA,1,0,2
14_a,F,2025/6/1,11360,60,4,1,L,NA,1,0,0
14_a,F,2025/6/1,11375,60.5,4.5,1,L,NA,1,0,0
14_a,F,2025/6/1,11390,61,5,1,L,NA,1,0,1
14_a,F,2025/6/1,11405,61.5,5.5,1,L,NA,1,0,0
14_a,F,2025/6/1,11420,62,6,1,L,NA,1,0,0
14_a,F,2025/6/1,11435,62.5,6.5,1,L,NA,1,0,0
14_a,F,2025/6/1,11450,63,7,1,L,NA,1,0,0
14_a,F,2025/6/1,11465,63.5,7.5,1,L,NA,1,0,0
14_a,F,2025/6/1,11480,64,8,1,L,NA,1,0,0
14_a,F,2025/6/1,11495,64.5,8.5,1,L,NA,1,0,0
14_a,F,2025/6/1,11510,65,9,1,L,NA,1,0,0
14_a,F,2025/6/1,11525,65.5,9.5,1,L,NA,1,0,0
14_a,F,2025/6/1,11540,66,10,1,L,NA,1,0,0
14_a,F,2025/6/1,11555,66.5,10.5,1,L,NA,1,0,0
14_a,F,2025/6/1,11570,67,11,1,L,NA,1,0,0
14_a,F,2025/6/1,11585,67.5,11.5,1,L,NA,1,0,0
14_a,F,2025/6/1,11600,68,12,1,L,NA,1,0,0
14_a,F,2025/6/1,11615,68.5,12.5,1,L,NA,1,0,0
14_a,F,2025/6/1,11630,69,13,1,L,NA,1,0,0
14_a,F,2025/6/1,11645,69.5,13.5,1,L,NA,1,0,0
14_a,F,2025/6/1,11660,70,14,1,L,NA,1,0,0
14_a,F,2025/6/1,11675,70.5,14.5,1,L,NA,1,0,0
14_a,F,2025/6/1,11690,71,15,1,L,NA,1,0,0
14_a,F,2025/6/1,11705,71.5,15.5,1,L,NA,1,0,0
14_a,F,2025/6/1,11720,72,16,1,L,NA,1,0,0
14_a,F,2025/6/1,11735,72.5,16.5,1,L,NA,1,0,0
14_a,F,2025/6/1,11750,73,17,1,L,NA,1,0,0
14_a,F,2025/6/1,11765,73.5,17.5,1,L,NA,1,0,0
14_a,F,2025/6/1,11780,74,18,1,L,NA,1,0,0
14_a,F,2025/6/1,11795,74.5,18.5,1,L,NA,1,0,0
14_a,F,2025/6/1,11810,75,19,1,L,NA,1,0,0
14_a,F,2025/6/1,11825,75.5,19.5,1,L,NA,1,0,0
14_a,F,2025/6/1,11840,76,20,1,L,NA,1,0,0
14_a,F,2025/6/1,11855,76.5,20.5,1,L,NA,1,0,0
14_a,F,2025/6/1,11870,77,21,1,L,NA,1,0,0
14_a,F,2025/6/1,11885,77.5,21.5,1,L,NA,1,0,0
14_a,F,2025/6/1,11900,78,22,1,L,NA,1,0,0
14_a,F,2025/6/1,11915,78.5,22.5,1,L,NA,1,0,0
14_a,F,2025/6/1,11930,79,23,1,L,NA,1,0,0
14_a,F,2025/6/1,11945,79.5,23.5,1,L,NA,1,0,0
14_a,F,2025/6/1,11960,80,24,1,L,NA,1,0,0
14_a,F,2025/6/1,11975,80.5,24.5,1,L,NA,1,0,0
14_a,F,2025/6/1,11990,81,25,1,L,NA,1,0,0
14_a,F,2025/6/1,12005,81.5,25.5,1,L,NA,1,0,0
14_a,F,2025/6/1,12020,82,26,1,L,NA,1,0,0
14_a,F,2025/6/1,12035,82.5,26.5,1,L,NA,1,0,0
14_a,F,2025/6/1,12050,83,27,1,L,NA,1,0,0
14_a,F,2025/6/1,12065,83.5,27.5,1,L,NA,1,0,0
14_a,F,2025/6/1,12080,84,28,1,L,NA,1,0,0
14_a,F,2025/6/1,12095,84.5,28.5,1,L,NA,1,0,0
14_a,F,2025/6/1,12110,85,29,1,L,NA,1,0,0
14_a,F,2025/6/1,12125,85.5,29.5,1,L,NA,1,0,0
14_a,F,2025/6/1,12140,86,30,1,L,NA,1,0,0
14_a,F,2025/6/1,12155,86.5,30.5,1,L,NA,1,0,0
14_a,F,2025/6/1,12170,87,31,1,L,NA,1,0,0
14_a,F,2025/6/1,12185,87.5,31.5,1,L,NA,1,0,0
14_a,F,2025/6/1,12200,88,32,1,L,NA,1,0,0
14_a,F,2025/6/1,12215,88.5,32.5,1,L,NA,1,0,0
14_a,F,2025/6/1,12230,89,33,1,L,NA,1,0,0
14_a,F,2025/6/1,12245,89.5,33.5,1,L,NA,1,0,0
14_a,F,2025/6/1,12260,90,34,1,L,NA,1,0,0
14_a,F,2025/6/1,12275,90.5,34.5,1,L,NA,1,0,0
14_a,F,2025/6/1,12290,91,35,1,L,NA,1,0,0
14_a,F,2025/6/1,12305,91.5,35.5,1,L,NA,1,0,0
14_a,F,2025/6/1,12320,92,36,1,L,NA,1,0,0
14_a,F,2025/6/1,12335,92.5,36.5,1,L,NA,1,0,0
14_a,F,2025/6/1,12350,93,37,1,L,NA,1,0,0
14_a,F,2025/6/1,12365,93.5,37.5,1,L,NA,1,0,0
14_a,F,2025/6/1,12380,94,38,1,L,NA,1,0,0
14_a,F,2025/6/1,12395,94.5,38.5,1,L,NA,1,0,0
14_a,F,2025/6/1,12410,95,39,1,L,NA,1,0,0
14_a,F,2025/6/1,12425,95.5,39.5,1,L,NA,1,0,0
14_a,F,2025/6/1,12440,96,40,1,L,NA,1,0,0
14_a,F,2025/6/1,12455,96.5,40.5,1,L,NA,1,0,0
14_a,F,2025/6/1,12470,97,41,1,L,NA,1,0,0
14_a,F,2025/6/1,12485,97.5,41.5,1,L,NA,1,0,0
14_a,F,2025/6/1,12500,98,42,1,L,NA,1,0,0
14_a,F,2025/6/1,12515,98.5,42.5,1,L,NA,1,0,0
14_a,F,2025/6/1,12530,99,43,1,L,NA,1,0,0
14_a,F,2025/6/1,12545,99.5,43.5,1,L,NA,1,0,0
14_a,F,2025/6/1,12560,100,44,1,L,NA,1,0,0
14_a,F,2025/6/1,12575,100.5,44.5,1,L,NA,1,0,0
14_a,F,2025/6/1,12590,101,45,1,L,NA,1,0,0
14_a,F,2025/6/1,12605,101.5,45.5,1,L,NA,1,0,0
14_a,F,2025/6/1,12620,102,46,1,L,NA,1,0,0
14_a,F,2025/6/1,12635,102.5,46.5,1,L,NA,1,0,0
14_a,F,2025/6/1,12650,103,47,1,L,NA,1,0,0
14_a,F,2025/6/1,12665,103.5,47.5,1,L,NA,1,0,0
14_a,F,2025/6/1,12680,104,48,1,L,NA,1,0,0
14_a,F,2025/6/1,12695,104.5,48.5,1,L,NA,1,0,0
14_a,F,2025/6/1,12710,105,49,1,L,NA,1,0,0
14_a,F,2025/6/1,12725,105.5,49.5,1,L,NA,1,0,0
14_a,F,2025/6/1,12740,106,50,1,L,NA,1,0,0
14_a,F,2025/6/1,12755,106.5,50.5,1,L,NA,1,0,0
14_a,F,2025/6/1,12770,107,51,1,L,NA,1,0,0
14_a,F,2025/6/1,12785,107.5,51.5,1,L,NA,1,0,0
14_a,F,2025/6/1,12800,108,52,1,L,NA,1,0,0
14_a,F,2025/6/1,12815,108.5,52.5,1,L,NA,1,0,0
14_a,F,2025/6/1,12830,109,53,1,L,NA,1,0,0
14_a,F,2025/6/1,12845,109.5,53.5,1,L,NA,1,0,0
14_a,F,2025/6/1,12860,110,54,1,L,NA,1,0,0
14_a,F,2025/6/1,12875,110.5,54.5,1,L,NA,1,0,0
14_a,F,2025/6/1,12890,111,55,1,L,NA,1,0,0
14_a,F,2025/6/1,12905,111.5,55.5,1,L,NA,1,0,0
14_a,F,2025/6/1,12920,112,56,1,L,NA,1,0,0
14_a,F,2025/6/1,12935,112.5,56.5,1,L,NA,1,0,0
14_a,F,2025/6/1,12950,113,57,1,L,NA,1,0,0
14_a,F,2025/6/1,12965,113.5,57.5,1,L,NA,1,0,0
14_a,F,2025/6/1,12980,114,58,1,L,NA,1,0,0
14_a,F,2025/6/1,12995,114.5,58.5,1,L,NA,1,0,0
14_a,F,2025/6/1,13010,115,59,1,L,NA,1,0,0
14_a,F,2025/6/1,13025,115.5,59.5,1,L,NA,1,0,0
14_a,F,2025/6/1,13040,116,60,1,L,NA,0,0,0
14_a,F,2025/6/1,13725,0,NA,2,L,NA,0,0,0
14_a,F,2025/6/1,13750,0.5,NA,2,L,NA,0,0,0
14_a,F,2025/6/1,13775,1,NA,2,L,NA,0,0,0
14_a,F,2025/6/1,13800,1.5,NA,2,L,NA,0,0,0
14_a,F,2025/6/1,13825,2,NA,2,L,NA,0,0,0
14_a,F,2025/6/1,13850,2.5,NA,2,L,NA,0,0,0
14_a,F,2025/6/1,13875,3,NA,2,L,NA,0,0,0
14_a,F,2025/6/1,13900,3.5,NA,2,L,NA,0,0,0
14_a,F,2025/6/1,13925,4,NA,2,L,NA,0,0,0
14_a,F,2025/6/1,13950,4.5,NA,2,L,NA,0,0,0
14_a,F,2025/6/1,13975,5,NA,2,L,NA,0,0,0
14_a,F,2025/6/1,14000,5.5,NA,2,L,NA,0,0,0
14_a,F,2025/6/1,14025,6,NA,2,L,NA,0,0,0
14_a,F,2025/6/1,14050,6.5,NA,2,L,NA,0,0,0
14_a,F,2025/6/1,14075,7,NA,2,L,NA,0,0,0
14_a,F,2025/6/1,14100,7.5,NA,2,L,NA,0,0,0
14_a,F,2025/6/1,14125,8,NA,2,L,NA,0,0,0
14_a,F,2025/6/1,14150,8.5,NA,2,L,NA,0,0,0
14_a,F,2025/6/1,14175,9,NA,2,L,NA,0,0,0
14_a,F,2025/6/1,14200,9.5,NA,2,L,NA,0,0,0
14_a,F,2025/6/1,14225,10,NA,2,L,NA,0,0,0
14_a,F,2025/6/1,14250,10.5,NA,2,L,NA,0,0,0
14_a,F,2025/6/1,14275,11,NA,2,L,NA,0,0,0
14_a,F,2025/6/1,14300,11.5,NA,2,L,NA,0,0,0
14_a,F,2025/6/1,14325,12,NA,2,L,NA,0,0,0
14_a,F,2025/6/1,14350,12.5,NA,2,L,NA,0,0,0
14_a,F,2025/6/1,14375,13,NA,2,L,NA,0,0,0
14_a,F,2025/6/1,14400,13.5,NA,2,L,NA,0,0,0
14_a,F,2025/6/1,14425,14,NA,2,L,NA,0,0,0
14_a,F,2025/6/1,14450,14.5,NA,2,L,NA,0,0,0
14_a,F,2025/6/1,14475,15,NA,2,L,NA,0,0,0
14_a,F,2025/6/1,14500,15.5,NA,2,L,NA,0,0,0
14_a,F,2025/6/1,14525,16,NA,2,L,NA,0,0,0
14_a,F,2025/6/1,14550,16.5,NA,2,L,NA,0,0,0
14_a,F,2025/6/1,14575,17,NA,2,L,NA,0,0,0
14_a,F,2025/6/1,14600,17.5,0,2,L,NA,1,0,0
14_a,F,2025/6/1,14625,18,0.5,2,L,NA,1,0,0
14_a,F,2025/6/1,14650,18.5,1,2,L,NA,1,0,0
14_a,F,2025/6/1,14675,19,1.5,2,L,NA,1,0,0
14_a,F,2025/6/1,14700,19.5,2,2,L,NA,1,0,0
14_a,F,2025/6/1,14725,20,2.5,2,L,NA,1,0,0
14_a,F,2025/6/1,14750,20.5,3,2,L,NA,1,0,0
14_a,F,2025/6/1,14775,21,3.5,2,L,NA,1,0,0
14_a,F,2025/6/1,14800,21.5,4,2,L,NA,1,0,0
14_a,F,2025/6/1,14825,22,4.5,2,L,NA,1,0,0
14_a,F,2025/6/1,14850,22.5,5,2,L,NA,1,0,0
14_a,F,2025/6/1,14875,23,5.5,2,L,NA,1,0,0
14_a,F,2025/6/1,14900,23.5,6,2,L,NA,1,0,0
14_a,F,2025/6/1,14925,24,6.5,2,L,NA,1,0,0
14_a,F,2025/6/1,14950,24.5,7,2,L,NA,1,0,0
14_a,F,2025/6/1,14975,25,7.5,2,L,NA,1,0,0
14_a,F,2025/6/1,15000,25.5,8,2,L,NA,1,0,0
14_a,F,2025/6/1,15025,26,8.5,2,L,NA,1,0,0
14_a,F,2025/6/1,15050,26.5,9,2,L,NA,1,0,0
14_a,F,2025/6/1,15075,27,9.5,2,L,NA,1,0,0
14_a,F,2025/6/1,15100,27.5,10,2,L,NA,1,0,0
14_a,F,2025/6/1,15125,28,10.5,2,L,NA,1,0,0
14_a,F,2025/6/1,15150,28.5,11,2,L,NA,1,0,0
14_a,F,2025/6/1,15175,29,11.5,2,L,NA,1,0,0
14_a,F,2025/6/1,15200,29.5,12,2,L,NA,1,0,0
14_a,F,2025/6/1,15225,30,12.5,2,L,NA,1,0,0
14_a,F,2025/6/1,15250,30.5,13,2,L,NA,1,0,0
14_a,F,2025/6/1,15275,31,13.5,2,L,NA,1,0,0
14_a,F,2025/6/1,15300,31.5,14,2,L,NA,1,0,0
14_a,F,2025/6/1,15325,32,14.5,2,L,NA,1,0,0
14_a,F,2025/6/1,15350,32.5,15,2,L,NA,1,0,0
14_a,F,2025/6/1,15375,33,15.5,2,L,NA,1,0,0
14_a,F,2025/6/1,15400,33.5,16,2,L,NA,1,0,0
14_a,F,2025/6/1,15425,34,16.5,2,L,NA,1,0,0
14_a,F,2025/6/1,15450,34.5,17,2,L,NA,1,0,0
14_a,F,2025/6/1,15475,35,17.5,2,L,NA,1,0,0
14_a,F,2025/6/1,15500,35.5,18,2,L,NA,1,0,0
14_a,F,2025/6/1,15525,36,18.5,2,L,NA,1,0,0
14_a,F,2025/6/1,15550,36.5,19,2,L,NA,1,0,0
14_a,F,2025/6/1,15575,37,19.5,2,L,NA,1,0,0
14_a,F,2025/6/1,15600,37.5,20,2,L,NA,1,0,0
14_a,F,2025/6/1,15625,38,20.5,2,L,NA,1,0,0
14_a,F,2025/6/1,15650,38.5,21,2,L,NA,1,0,0
14_a,F,2025/6/1,15675,39,21.5,2,L,NA,1,0,0
14_a,F,2025/6/1,15700,39.5,22,2,L,NA,1,0,0
14_a,F,2025/6/1,15725,40,22.5,2,L,NA,1,0,0
14_a,F,2025/6/1,15750,40.5,23,2,L,NA,1,0,0
14_a,F,2025/6/1,15775,41,23.5,2,L,NA,1,0,0
14_a,F,2025/6/1,15800,41.5,24,2,L,NA,1,0,0
14_a,F,2025/6/1,15825,42,24.5,2,L,NA,1,0,0
14_a,F,2025/6/1,15850,42.5,25,2,L,NA,1,0,0
14_a,F,2025/6/1,15875,43,25.5,2,L,NA,1,0,0
14_a,F,2025/6/1,15900,43.5,26,2,L,NA,1,0,0
14_a,F,2025/6/1,15925,44,26.5,2,L,NA,1,0,0
14_a,F,2025/6/1,15950,44.5,27,2,L,NA,1,0,0
14_a,F,2025/6/1,15975,45,27.5,2,L,NA,1,0,0
14_a,F,2025/6/1,16000,45.5,28,2,L,NA,1,0,0
14_a,F,2025/6/1,16025,46,28.5,2,L,NA,1,0,0
14_a,F,2025/6/1,16050,46.5,29,2,L,NA,1,0,0
14_a,F,2025/6/1,16075,47,29.5,2,L,NA,1,0,0
14_a,F,2025/6/1,16100,47.5,30,2,L,NA,1,0,0
14_a,F,2025/6/1,16125,48,30.5,2,L,NA,1,0,0
14_a,F,2025/6/1,16150,48.5,31,2,L,NA,1,0,0
14_a,F,2025/6/1,16175,49,31.5,2,L,NA,1,0,0
14_a,F,2025/6/1,16200,49.5,32,2,L,NA,1,0,0
14_a,F,2025/6/1,16225,50,32.5,2,L,NA,1,0,0
14_a,F,2025/6/1,16250,50.5,33,2,L,NA,1,0,0
14_a,F,2025/6/1,16275,51,33.5,2,L,NA,1,0,0
14_a,F,2025/6/1,16300,51.5,34,2,L,NA,1,0,0
14_a,F,2025/6/1,16325,52,34.5,2,L,NA,1,0,0
14_a,F,2025/6/1,16350,52.5,35,2,L,NA,1,0,0
14_a,F,2025/6/1,16375,53,35.5,2,L,NA,1,0,0
14_a,F,2025/6/1,16400,53.5,36,2,L,NA,1,0,0
14_a,F,2025/6/1,16425,54,36.5,2,L,NA,1,0,0
14_a,F,2025/6/1,16450,54.5,37,2,L,NA,1,0,0
14_a,F,2025/6/1,16475,55,37.5,2,L,NA,1,0,0
14_a,F,2025/6/1,16500,55.5,38,2,L,NA,1,0,0
14_a,F,2025/6/1,16525,56,38.5,2,L,NA,1,0,0
14_a,F,2025/6/1,16550,56.5,39,2,L,NA,1,0,0
14_a,F,2025/6/1,16575,57,39.5,2,L,NA,1,0,0
14_a,F,2025/6/1,16600,57.5,40,2,L,NA,1,0,0
14_a,F,2025/6/1,16625,58,40.5,2,L,NA,1,0,0
14_a,F,2025/6/1,16650,58.5,41,2,L,NA,1,0,0
14_a,F,2025/6/1,16675,59,41.5,2,L,NA,1,0,0
14_a,F,2025/6/1,16700,59.5,42,2,L,NA,1,0,0
14_a,F,2025/6/1,16725,60,42.5,2,L,NA,1,0,0
14_a,F,2025/6/1,16750,60.5,43,2,L,NA,1,0,0
14_a,F,2025/6/1,16775,61,43.5,2,L,NA,1,0,0
14_a,F,2025/6/1,16800,61.5,44,2,L,NA,1,0,0
14_a,F,2025/6/1,16825,62,44.5,2,L,NA,1,0,0
14_a,F,2025/6/1,16850,62.5,45,2,L,NA,1,0,0
14_a,F,2025/6/1,16875,63,45.5,2,L,NA,1,0,0
14_a,F,2025/6/1,16900,63.5,46,2,L,NA,1,0,0
14_a,F,2025/6/1,16925,64,46.5,2,L,NA,1,0,0
14_a,F,2025/6/1,16950,64.5,47,2,L,NA,1,0,0
14_a,F,2025/6/1,16975,65,47.5,2,L,NA,1,0,0
14_a,F,2025/6/1,17000,65.5,48,2,L,NA,1,0,0
14_a,F,2025/6/1,17025,66,48.5,2,L,NA,1,0,0
14_a,F,2025/6/1,17050,66.5,49,2,L,NA,1,0,0
14_a,F,2025/6/1,17075,67,49.5,2,L,NA,1,0,0
14_a,F,2025/6/1,17100,67.5,50,2,L,NA,1,0,0
14_a,F,2025/6/1,17125,68,50.5,2,L,NA,1,0,0
14_a,F,2025/6/1,17150,68.5,51,2,L,NA,1,0,0
14_a,F,2025/6/1,17175,69,51.5,2,L,NA,1,0,0
14_a,F,2025/6/1,17200,69.5,52,2,L,NA,1,0,0
14_a,F,2025/6/1,17225,70,52.5,2,L,NA,1,0,0
14_a,F,2025/6/1,17250,70.5,53,2,L,NA,1,0,0
14_a,F,2025/6/1,17275,71,53.5,2,L,NA,1,0,0
14_a,F,2025/6/1,17300,71.5,54,2,L,NA,1,0,0
14_a,F,2025/6/1,17325,72,54.5,2,L,NA,1,0,0
14_a,F,2025/6/1,17350,72.5,55,2,L,NA,1,0,0
14_a,F,2025/6/1,17375,73,55.5,2,L,NA,1,0,0
14_a,F,2025/6/1,17400,73.5,56,2,L,NA,1,0,0
14_a,F,2025/6/1,17425,74,56.5,2,L,NA,1,0,0
14_a,F,2025/6/1,17450,74.5,57,2,L,NA,1,0,0
14_a,F,2025/6/1,17475,75,57.5,2,L,NA,1,0,0
14_a,F,2025/6/1,17500,75.5,58,2,L,NA,1,0,0
14_a,F,2025/6/1,17525,76,58.5,2,L,NA,1,0,0
14_a,F,2025/6/1,17550,76.5,59,2,L,NA,1,0,0
14_a,F,2025/6/1,17575,77,59.5,2,L,NA,1,0,0
14_a,F,2025/6/1,17600,77.5,60,2,L,NA,1,0,0
14_a,F,2025/6/1,17060,0,NA,3,R,NA,0,0,0
14_a,F,2025/6/1,17075,0.5,NA,3,R,NA,0,0,0
14_a,F,2025/6/1,17090,1,NA,3,R,NA,0,0,0
14_a,F,2025/6/1,17105,1.5,NA,3,R,NA,0,0,0
14_a,F,2025/6/1,17120,2,NA,3,R,NA,0,0,0
14_a,F,2025/6/1,17135,2.5,NA,3,R,NA,0,0,0
14_a,F,2025/6/1,17150,3,NA,3,R,NA,0,0,0
14_a,F,2025/6/1,17165,3.5,NA,3,R,NA,0,0,0
14_a,F,2025/6/1,17180,4,NA,3,R,NA,0,0,0
14_a,F,2025/6/1,17195,4.5,NA,3,R,NA,0,0,0
14_a,F,2025/6/1,17210,5,NA,3,R,NA,0,0,0
14_a,F,2025/6/1,17225,5.5,NA,3,R,NA,0,0,0
14_a,F,2025/6/1,17240,6,NA,3,R,NA,0,0,0
14_a,F,2025/6/1,17255,6.5,NA,3,R,NA,0,0,0
14_a,F,2025/6/1,17270,7,NA,3,R,NA,0,0,0
14_a,F,2025/6/1,17285,7.5,NA,3,R,NA,0,0,0
14_a,F,2025/6/1,17300,8,NA,3,R,NA,0,0,0
14_a,F,2025/6/1,17315,8.5,NA,3,R,NA,0,0,0
14_a,F,2025/6/1,17330,9,NA,3,R,NA,0,0,0
14_a,F,2025/6/1,17345,9.5,NA,3,R,NA,0,0,0
14_a,F,2025/6/1,17360,10,NA,3,R,NA,0,0,0
14_a,F,2025/6/1,17375,10.5,NA,3,R,NA,0,0,0
14_a,F,2025/6/1,17390,11,NA,3,R,NA,0,0,0
14_a,F,2025/6/1,17405,11.5,NA,3,R,NA,0,0,0
14_a,F,2025/6/1,17420,12,NA,3,R,NA,0,0,0
14_a,F,2025/6/1,17435,12.5,NA,3,R,NA,0,0,0
14_a,F,2025/6/1,17450,13,NA,3,R,NA,0,0,0
14_a,F,2025/6/1,17465,13.5,0,3,R,NA,1,0,0
14_a,F,2025/6/1,17480,14,0.5,3,R,NA,1,0,0
14_a,F,2025/6/1,17495,14.5,1,3,R,NA,1,0,0
14_a,F,2025/6/1,17510,15,1.5,3,R,NA,1,0,0
14_a,F,2025/6/1,17525,15.5,2,3,R,NA,1,0,0
14_a,F,2025/6/1,17540,16,2.5,3,R,NA,1,0,0
14_a,F,2025/6/1,17555,16.5,3,3,R,NA,1,0,0
14_a,F,2025/6/1,17570,17,3.5,3,R,NA,1,0,0
14_a,F,2025/6/1,17585,17.5,4,3,R,NA,1,0,0
14_a,F,2025/6/1,17600,18,4.5,3,R,NA,1,0,0
14_a,F,2025/6/1,17615,18.5,5,3,R,NA,1,0,0
14_a,F,2025/6/1,17630,19,5.5,3,R,NA,1,0,0
14_a,F,2025/6/1,17645,19.5,6,3,R,NA,1,0,0
14_a,F,2025/6/1,17660,20,6.5,3,R,NA,1,0,0
14_a,F,2025/6/1,17675,20.5,7,3,R,NA,1,0,0
14_a,F,2025/6/1,17690,21,7.5,3,R,NA,1,0,0
14_a,F,2025/6/1,17705,21.5,8,3,R,NA,1,0,0
14_a,F,2025/6/1,17720,22,8.5,3,R,NA,1,0,0
14_a,F,2025/6/1,17735,22.5,9,3,R,NA,1,0,0
14_a,F,2025/6/1,17750,23,9.5,3,R,NA,1,0,0
14_a,F,2025/6/1,17765,23.5,10,3,R,NA,1,0,0
14_a,F,2025/6/1,17780,24,10.5,3,R,NA,1,0,0
14_a,F,2025/6/1,17795,24.5,11,3,R,NA,1,0,0
14_a,F,2025/6/1,17810,25,11.5,3,R,NA,1,0,0
14_a,F,2025/6/1,17825,25.5,12,3,R,NA,1,0,0
14_a,F,2025/6/1,17840,26,12.5,3,R,NA,1,0,0
14_a,F,2025/6/1,17855,26.5,13,3,R,NA,1,0,0
14_a,F,2025/6/1,17870,27,13.5,3,R,NA,1,0,0
14_a,F,2025/6/1,17885,27.5,14,3,R,NA,1,0,0
14_a,F,2025/6/1,17900,28,14.5,3,R,NA,1,0,0
14_a,F,2025/6/1,17915,28.5,15,3,R,NA,1,0,0
14_a,F,2025/6/1,17930,29,15.5,3,R,NA,1,0,0
14_a,F,2025/6/1,17945,29.5,16,3,R,NA,1,0,0
14_a,F,2025/6/1,17960,30,16.5,3,R,NA,1,0,0
14_a,F,2025/6/1,17975,30.5,17,3,R,NA,1,0,0
14_a,F,2025/6/1,17990,31,17.5,3,R,NA,1,0,0
14_a,F,2025/6/1,18005,31.5,18,3,R,NA,1,0,0
14_a,F,2025/6/1,18020,32,18.5,3,R,NA,1,0,0
14_a,F,2025/6/1,18035,32.5,19,3,R,NA,1,0,0
14_a,F,2025/6/1,18050,33,19.5,3,R,NA,1,0,0
14_a,F,2025/6/1,18065,33.5,20,3,R,NA,1,0,0
14_a,F,2025/6/1,18080,34,20.5,3,R,NA,1,0,0
14_a,F,2025/6/1,18095,34.5,21,3,R,NA,1,0,0
14_a,F,2025/6/1,18110,35,21.5,3,R,NA,1,0,0
14_a,F,2025/6/1,18125,35.5,22,3,R,NA,1,0,0
14_a,F,2025/6/1,18140,36,22.5,3,R,NA,1,0,0
14_a,F,2025/6/1,18155,36.5,23,3,R,NA,1,0,0
14_a,F,2025/6/1,18170,37,23.5,3,R,NA,1,0,0
14_a,F,2025/6/1,18185,37.5,24,3,R,NA,1,0,0
14_a,F,2025/6/1,18200,38,24.5,3,R,NA,1,0,0
14_a,F,2025/6/1,18215,38.5,25,3,R,NA,1,0,0
14_a,F,2025/6/1,18230,39,25.5,3,R,NA,1,0,0
14_a,F,2025/6/1,18245,39.5,26,3,R,NA,1,0,0
14_a,F,2025/6/1,18260,40,26.5,3,R,NA,1,0,0
14_a,F,2025/6/1,18275,40.5,27,3,R,NA,1,0,0
14_a,F,2025/6/1,18290,41,27.5,3,R,NA,1,0,0
14_a,F,2025/6/1,18305,41.5,28,3,R,NA,1,0,0
14_a,F,2025/6/1,18320,42,28.5,3,R,NA,1,0,0
14_a,F,2025/6/1,18335,42.5,29,3,R,NA,1,0,0
14_a,F,2025/6/1,18350,43,29.5,3,R,NA,1,0,0
14_a,F,2025/6/1,18365,43.5,30,3,R,NA,1,0,0
14_a,F,2025/6/1,18380,44,30.5,3,R,NA,1,0,0
14_a,F,2025/6/1,18395,44.5,31,3,R,NA,1,0,0
14_a,F,2025/6/1,18410,45,31.5,3,R,NA,1,0,0
14_a,F,2025/6/1,18425,45.5,32,3,R,NA,1,0,0
14_a,F,2025/6/1,18440,46,32.5,3,R,NA,1,0,0
14_a,F,2025/6/1,18455,46.5,33,3,R,NA,1,0,0
14_a,F,2025/6/1,18470,47,33.5,3,R,NA,1,0,0
14_a,F,2025/6/1,18485,47.5,34,3,R,NA,1,0,0
14_a,F,2025/6/1,18500,48,34.5,3,R,NA,1,0,0
14_a,F,2025/6/1,18515,48.5,35,3,R,NA,1,0,0
14_a,F,2025/6/1,18530,49,35.5,3,R,NA,1,0,0
14_a,F,2025/6/1,18545,49.5,36,3,R,NA,1,0,0
14_a,F,2025/6/1,18560,50,36.5,3,R,NA,1,0,0
14_a,F,2025/6/1,18575,50.5,37,3,R,NA,1,0,0
14_a,F,2025/6/1,18590,51,37.5,3,R,NA,1,0,0
14_a,F,2025/6/1,18605,51.5,38,3,R,NA,1,0,0
14_a,F,2025/6/1,18620,52,38.5,3,R,NA,1,0,0
14_a,F,2025/6/1,18635,52.5,39,3,R,NA,1,0,0
14_a,F,2025/6/1,18650,53,39.5,3,R,NA,1,0,0
14_a,F,2025/6/1,18665,53.5,40,3,R,NA,1,0,0
14_a,F,2025/6/1,18680,54,40.5,3,R,NA,1,0,0
14_a,F,2025/6/1,18695,54.5,41,3,R,NA,1,0,0
14_a,F,2025/6/1,18710,55,41.5,3,R,NA,1,0,0
14_a,F,2025/6/1,18725,55.5,42,3,R,NA,1,0,0
14_a,F,2025/6/1,18740,56,42.5,3,R,NA,1,0,0
14_a,F,2025/6/1,18755,56.5,43,3,R,NA,1,0,0
14_a,F,2025/6/1,18770,57,43.5,3,R,NA,1,0,0
14_a,F,2025/6/1,18785,57.5,44,3,R,NA,1,0,0
14_a,F,2025/6/1,18800,58,44.5,3,R,NA,1,0,0
14_a,F,2025/6/1,18815,58.5,45,3,R,NA,1,0,0
14_a,F,2025/6/1,18830,59,45.5,3,R,NA,1,0,0
14_a,F,2025/6/1,18845,59.5,46,3,R,NA,1,0,0
14_a,F,2025/6/1,18860,60,46.5,3,R,NA,1,0,0
14_a,F,2025/6/1,18875,60.5,47,3,R,NA,1,0,0
14_a,F,2025/6/1,18890,61,47.5,3,R,NA,1,0,0
14_a,F,2025/6/1,18905,61.5,48,3,R,NA,1,0,0
14_a,F,2025/6/1,18920,62,48.5,3,R,NA,1,0,0
14_a,F,2025/6/1,18935,62.5,49,3,R,NA,1,0,0
14_a,F,2025/6/1,18950,63,49.5,3,R,NA,1,0,0
14_a,F,2025/6/1,18965,63.5,50,3,R,NA,1,0,0
14_a,F,2025/6/1,18980,64,50.5,3,R,NA,1,0,0
14_a,F,2025/6/1,18995,64.5,51,3,R,NA,1,0,0
14_a,F,2025/6/1,19010,65,51.5,3,R,NA,1,0,0
14_a,F,2025/6/1,19025,65.5,52,3,R,NA,1,0,0
14_a,F,2025/6/1,19040,66,52.5,3,R,NA,1,0,0
14_a,F,2025/6/1,19055,66.5,53,3,R,NA,1,0,0
14_a,F,2025/6/1,19070,67,53.5,3,R,NA,1,0,0
14_a,F,2025/6/1,19085,67.5,54,3,R,NA,1,0,0
14_a,F,2025/6/1,19100,68,54.5,3,R,NA,1,0,0
14_a,F,2025/6/1,19115,68.5,55,3,R,NA,1,0,0
14_a,F,2025/6/1,19130,69,55.5,3,R,NA,1,0,0
14_a,F,2025/6/1,19145,69.5,56,3,R,NA,1,0,0
14_a,F,2025/6/1,19160,70,56.5,3,R,NA,1,0,0
14_a,F,2025/6/1,19175,70.5,57,3,R,NA,1,0,0
14_a,F,2025/6/1,19190,71,57.5,3,R,NA,1,0,0
14_a,F,2025/6/1,19205,71.5,58,3,R,NA,1,0,0
14_a,F,2025/6/1,19220,72,58.5,3,R,NA,1,0,0
14_a,F,2025/6/1,19235,72.5,59,3,R,NA,1,0,0
14_a,F,2025/6/1,19250,73,59.5,3,R,NA,1,0,0
14_a,F,2025/6/1,19265,73.5,60,3,R,NA,1,0,0
14_a,F,2025/6/1,19925,0,NA,4,R,L,0,0,0
14_a,F,2025/6/1,19950,0.5,NA,4,R,L,0,0,0
14_a,F,2025/6/1,19975,1,NA,4,R,L,0,0,0
14_a,F,2025/6/1,20000,1.5,NA,4,R,L,0,0,0
14_a,F,2025/6/1,20025,2,NA,4,R,L,0,0,0
14_a,F,2025/6/1,20050,2.5,NA,4,R,L,0,0,0
14_a,F,2025/6/1,20075,3,NA,4,R,L,0,0,0
14_a,F,2025/6/1,20100,3.5,NA,4,R,L,0,0,0
14_a,F,2025/6/1,20125,4,NA,4,R,L,0,0,0
14_a,F,2025/6/1,20150,4.5,NA,4,R,L,0,0,0
14_a,F,2025/6/1,20175,5,NA,4,R,L,0,0,0
14_a,F,2025/6/1,20200,5.5,NA,4,R,L,0,0,0
14_a,F,2025/6/1,20225,6,NA,4,R,L,0,0,0
14_a,F,2025/6/1,20250,6.5,NA,4,R,L,0,0,0
14_a,F,2025/6/1,20275,7,NA,4,R,L,0,0,0
14_a,F,2025/6/1,20300,7.5,NA,4,R,L,0,0,0
14_a,F,2025/6/1,20325,8,NA,4,R,L,0,0,0
14_a,F,2025/6/1,20350,8.5,NA,4,R,L,0,0,0
14_a,F,2025/6/1,20375,9,NA,4,R,L,0,0,0
14_a,F,2025/6/1,20400,9.5,NA,4,R,L,0,0,0
14_a,F,2025/6/1,20425,10,NA,4,R,L,0,0,0
14_a,F,2025/6/1,20450,10.5,NA,4,R,L,0,0,0
14_a,F,2025/6/1,20475,11,NA,4,R,L,0,0,0
14_a,F,2025/6/1,20500,11.5,NA,4,R,L,0,0,0
14_a,F,2025/6/1,20525,12,NA,4,R,L,0,0,0
14_a,F,2025/6/1,20550,12.5,NA,4,R,L,0,0,0
14_a,F,2025/6/1,20575,13,NA,4,R,L,0,0,0
14_a,F,2025/6/1,20600,13.5,NA,4,R,L,0,0,0
14_a,F,2025/6/1,20625,14,NA,4,R,L,0,0,0
14_a,F,2025/6/1,20650,14.5,NA,4,R,L,0,0,0
14_a,F,2025/6/1,20675,15,NA,4,R,L,0,0,0
14_a,F,2025/6/1,20700,15.5,NA,4,R,L,0,0,0
14_a,F,2025/6/1,20725,16,NA,4,R,L,0,0,0
14_a,F,2025/6/1,20750,16.5,NA,4,R,L,0,0,0
14_a,F,2025/6/1,20775,17,NA,4,R,L,0,0,0
14_a,F,2025/6/1,20800,17.5,NA,4,R,L,0,0,0
14_a,F,2025/6/1,20825,18,NA,4,R,L,0,0,0
14_a,F,2025/6/1,20850,18.5,NA,4,R,L,0,0,0
14_a,F,2025/6/1,20875,19,NA,4,R,L,0,0,0
14_a,F,2025/6/1,20900,19.5,NA,4,R,L,0,0,0
14_a,F,2025/6/1,20925,20,0,4,R,L,1,0,0
14_a,F,2025/6/1,20950,20.5,0.5,4,R,L,1,0,0
14_a,F,2025/6/1,20975,21,1,4,R,L,1,0,0
14_a,F,2025/6/1,21000,21.5,1.5,4,R,L,1,0,0
14_a,F,2025/6/1,21025,22,2,4,R,L,1,0,0
14_a,F,2025/6/1,21050,22.5,2.5,4,R,L,1,0,0
14_a,F,2025/6/1,21075,23,3,4,R,L,1,0,0
14_a,F,2025/6/1,21100,23.5,3.5,4,R,L,1,0,0
14_a,F,2025/6/1,21125,24,4,4,R,L,1,0,0
14_a,F,2025/6/1,21150,24.5,4.5,4,R,L,1,0,0
14_a,F,2025/6/1,21175,25,5,4,R,L,1,0,0
14_a,F,2025/6/1,21200,25.5,5.5,4,R,L,1,0,0
14_a,F,2025/6/1,21225,26,6,4,R,L,1,0,0
14_a,F,2025/6/1,21250,26.5,6.5,4,R,L,1,0,0
14_a,F,2025/6/1,21275,27,7,4,R,L,1,0,0
14_a,F,2025/6/1,21300,27.5,7.5,4,R,L,1,0,0
14_a,F,2025/6/1,21325,28,8,4,R,L,1,0,0
14_a,F,2025/6/1,21350,28.5,8.5,4,R,L,1,0,0
14_a,F,2025/6/1,21375,29,9,4,R,L,1,0,0
14_a,F,2025/6/1,21400,29.5,9.5,4,R,L,1,0,0
14_a,F,2025/6/1,21425,30,10,4,R,L,1,0,0
14_a,F,2025/6/1,21450,30.5,10.5,4,R,L,1,0,0
14_a,F,2025/6/1,21475,31,11,4,R,L,1,0,0
14_a,F,2025/6/1,21500,31.5,11.5,4,R,L,1,0,0
14_a,F,2025/6/1,21525,32,12,4,R,L,1,0,0
14_a,F,2025/6/1,21550,32.5,12.5,4,R,L,1,1,0
14_a,F,2025/6/1,23085,0,NA,5,L,NA,0,0,0
14_a,F,2025/6/1,23100,0.5,NA,5,L,NA,0,0,0
14_a,F,2025/6/1,23115,1,NA,5,L,NA,0,0,0
14_a,F,2025/6/1,23130,1.5,NA,5,L,NA,0,0,0
14_a,F,2025/6/1,23145,2,NA,5,L,NA,0,0,0
14_a,F,2025/6/1,23160,2.5,NA,5,L,NA,0,0,0
14_a,F,2025/6/1,23175,3,NA,5,L,NA,0,0,0
14_a,F,2025/6/1,23190,3.5,NA,5,L,NA,0,0,0
14_a,F,2025/6/1,23205,4,NA,5,L,NA,0,0,0
14_a,F,2025/6/1,23220,4.5,NA,5,L,NA,0,0,0
14_a,F,2025/6/1,23235,5,NA,5,L,NA,0,0,0
14_a,F,2025/6/1,23250,5.5,NA,5,L,NA,0,0,0
14_a,F,2025/6/1,23265,6,NA,5,L,NA,0,0,0
14_a,F,2025/6/1,23280,6.5,NA,5,L,NA,0,0,0
14_a,F,2025/6/1,23295,7,NA,5,L,NA,0,0,0
14_a,F,2025/6/1,23310,7.5,NA,5,L,NA,0,0,0
14_a,F,2025/6/1,23325,8,NA,5,L,NA,0,0,0
14_a,F,2025/6/1,23340,8.5,NA,5,L,NA,0,0,0
14_a,F,2025/6/1,23355,9,NA,5,L,NA,0,0,0
14_a,F,2025/6/1,23370,9.5,NA,5,L,NA,0,0,0
14_a,F,2025/6/1,23385,10,NA,5,L,NA,0,0,0
14_a,F,2025/6/1,23400,10.5,NA,5,L,NA,0,0,0
14_a,F,2025/6/1,23415,11,NA,5,L,NA,0,0,0
14_a,F,2025/6/1,23430,11.5,NA,5,L,NA,0,0,0
14_a,F,2025/6/1,23445,12,0,5,L,NA,1,0,0
14_a,F,2025/6/1,23460,12.5,0.5,5,L,NA,1,0,0
14_a,F,2025/6/1,23475,13,1,5,L,NA,1,0,0
14_a,F,2025/6/1,23490,13.5,1.5,5,L,NA,1,0,0
14_a,F,2025/6/1,23505,14,2,5,L,NA,1,0,0
14_a,F,2025/6/1,23520,14.5,2.5,5,L,NA,1,0,0
14_a,F,2025/6/1,23535,15,3,5,L,NA,1,0,0
14_a,F,2025/6/1,23550,15.5,3.5,5,L,NA,1,0,0
14_a,F,2025/6/1,23565,16,4,5,L,NA,1,0,0
14_a,F,2025/6/1,23580,16.5,4.5,5,L,NA,1,0,0
14_a,F,2025/6/1,23595,17,5,5,L,NA,1,0,0
14_a,F,2025/6/1,23610,17.5,5.5,5,L,NA,1,0,0
14_a,F,2025/6/1,23625,18,6,5,L,NA,1,0,0
14_a,F,2025/6/1,23640,18.5,6.5,5,L,NA,1,0,0
14_a,F,2025/6/1,23655,19,7,5,L,NA,1,0,0
14_a,F,2025/6/1,23670,19.5,7.5,5,L,NA,1,0,0
14_a,F,2025/6/1,23685,20,8,5,L,NA,1,0,0
14_a,F,2025/6/1,23700,20.5,8.5,5,L,NA,1,0,0
14_a,F,2025/6/1,23715,21,9,5,L,NA,1,0,0
14_a,F,2025/6/1,23730,21.5,9.5,5,L,NA,1,0,0
14_a,F,2025/6/1,23745,22,10,5,L,NA,1,0,0
14_a,F,2025/6/1,23760,22.5,10.5,5,L,NA,1,0,0
14_a,F,2025/6/1,23775,23,11,5,L,NA,1,0,0
14_a,F,2025/6/1,23790,23.5,11.5,5,L,NA,1,0,0
14_a,F,2025/6/1,23805,24,12,5,L,NA,1,0,0
14_a,F,2025/6/1,23820,24.5,12.5,5,L,NA,1,0,0
14_a,F,2025/6/1,23835,25,13,5,L,NA,1,0,0
14_a,F,2025/6/1,23850,25.5,13.5,5,L,NA,1,0,0
14_a,F,2025/6/1,23865,26,14,5,L,NA,1,0,0
14_a,F,2025/6/1,23880,26.5,14.5,5,L,NA,1,0,0
14_a,F,2025/6/1,23895,27,15,5,L,NA,1,0,0
14_a,F,2025/6/1,23910,27.5,15.5,5,L,NA,1,0,0
14_a,F,2025/6/1,23925,28,16,5,L,NA,1,0,0
14_a,F,2025/6/1,23940,28.5,16.5,5,L,NA,1,0,0
14_a,F,2025/6/1,23955,29,17,5,L,NA,1,0,0
14_a,F,2025/6/1,23970,29.5,17.5,5,L,NA,1,0,0
14_a,F,2025/6/1,23985,30,18,5,L,NA,1,0,0
14_a,F,2025/6/1,24000,30.5,18.5,5,L,NA,1,0,0
14_a,F,2025/6/1,24015,31,19,5,L,NA,1,0,0
14_a,F,2025/6/1,24030,31.5,19.5,5,L,NA,1,0,0
14_a,F,2025/6/1,24045,32,20,5,L,NA,1,0,0
14_a,F,2025/6/1,24060,32.5,20.5,5,L,NA,1,0,0
14_a,F,2025/6/1,24075,33,21,5,L,NA,1,0,0
14_a,F,2025/6/1,24090,33.5,21.5,5,L,NA,1,0,0
14_a,F,2025/6/1,24105,34,22,5,L,NA,1,0,0
14_a,F,2025/6/1,24120,34.5,22.5,5,L,NA,1,0,0
14_a,F,2025/6/1,24135,35,23,5,L,NA,1,0,1
14_a,F,2025/6/1,24150,35.5,23.5,5,L,NA,1,0,0
14_a,F,2025/6/1,24165,36,24,5,L,NA,1,0,0
14_a,F,2025/6/1,24180,36.5,24.5,5,L,NA,1,0,0
14_a,F,2025/6/1,24195,37,25,5,L,NA,1,0,0
14_a,F,2025/6/1,24210,37.5,25.5,5,L,NA,1,0,0
14_a,F,2025/6/1,24225,38,26,5,L,NA,1,0,0
14_a,F,2025/6/1,24240,38.5,26.5,5,L,NA,1,0,0
14_a,F,2025/6/1,24255,39,27,5,L,NA,1,0,0
14_a,F,2025/6/1,24270,39.5,27.5,5,L,NA,1,0,0
14_a,F,2025/6/1,24285,40,28,5,L,NA,1,0,0
14_a,F,2025/6/1,24300,40.5,28.5,5,L,NA,1,0,0
14_a,F,2025/6/1,24315,41,29,5,L,NA,1,0,0
14_a,F,2025/6/1,24330,41.5,29.5,5,L,NA,1,0,0
14_a,F,2025/6/1,24345,42,30,5,L,NA,1,0,0
14_a,F,2025/6/1,24360,42.5,30.5,5,L,NA,1,0,0
14_a,F,2025/6/1,24375,43,31,5,L,NA,1,0,0
14_a,F,2025/6/1,24390,43.5,31.5,5,L,NA,1,0,0
14_a,F,2025/6/1,24405,44,32,5,L,NA,1,0,0
14_a,F,2025/6/1,24420,44.5,32.5,5,L,NA,1,0,0
14_a,F,2025/6/1,24435,45,33,5,L,NA,1,0,0
14_a,F,2025/6/1,24450,45.5,33.5,5,L,NA,1,0,0
14_a,F,2025/6/1,24465,46,34,5,L,NA,1,0,0
14_a,F,2025/6/1,24480,46.5,34.5,5,L,NA,1,0,0
14_a,F,2025/6/1,24495,47,35,5,L,NA,1,0,0
14_a,F,2025/6/1,24510,47.5,35.5,5,L,NA,1,0,0
14_a,F,2025/6/1,24525,48,36,5,L,NA,1,0,0
14_a,F,2025/6/1,24540,48.5,36.5,5,L,NA,1,0,0
14_a,F,2025/6/1,24555,49,37,5,L,NA,1,0,0
14_a,F,2025/6/1,24570,49.5,37.5,5,L,NA,1,0,0
14_a,F,2025/6/1,24585,50,38,5,L,NA,1,0,0
14_a,F,2025/6/1,24600,50.5,38.5,5,L,NA,1,0,0
14_a,F,2025/6/1,24615,51,39,5,L,NA,1,0,0
14_a,F,2025/6/1,24630,51.5,39.5,5,L,NA,1,0,0
14_a,F,2025/6/1,24645,52,40,5,L,NA,1,0,0
14_a,F,2025/6/1,24660,52.5,40.5,5,L,NA,1,0,0
14_a,F,2025/6/1,24675,53,41,5,L,NA,1,0,0
14_a,F,2025/6/1,24690,53.5,41.5,5,L,NA,1,0,0
14_a,F,2025/6/1,24705,54,42,5,L,NA,1,0,0
14_a,F,2025/6/1,24720,54.5,42.5,5,L,NA,1,0,0
14_a,F,2025/6/1,24735,55,43,5,L,NA,1,0,0
14_a,F,2025/6/1,24750,55.5,43.5,5,L,NA,1,0,0
14_a,F,2025/6/1,24765,56,44,5,L,NA,1,0,0
14_a,F,2025/6/1,24780,56.5,44.5,5,L,NA,1,0,0
14_a,F,2025/6/1,24795,57,45,5,L,NA,1,0,0
14_a,F,2025/6/1,24810,57.5,45.5,5,L,NA,1,0,0
14_a,F,2025/6/1,24825,58,46,5,L,NA,1,0,0
14_a,F,2025/6/1,24840,58.5,46.5,5,L,NA,1,0,0
14_a,F,2025/6/1,24855,59,47,5,L,NA,1,0,0
14_a,F,2025/6/1,24870,59.5,47.5,5,L,NA,1,0,0
14_a,F,2025/6/1,24885,60,48,5,L,NA,1,0,0
14_a,F,2025/6/1,24900,60.5,48.5,5,L,NA,1,0,0
14_a,F,2025/6/1,24915,61,49,5,L,NA,1,0,0
14_a,F,2025/6/1,24930,61.5,49.5,5,L,NA,1,0,0
14_a,F,2025/6/1,24945,62,50,5,L,NA,1,0,0
14_a,F,2025/6/1,24960,62.5,50.5,5,L,NA,1,0,0
14_a,F,2025/6/1,24975,63,51,5,L,NA,1,0,0
14_a,F,2025/6/1,24990,63.5,51.5,5,L,NA,1,0,0
14_a,F,2025/6/1,25005,64,52,5,L,NA,1,0,0
14_a,F,2025/6/1,25020,64.5,52.5,5,L,NA,1,0,0
14_a,F,2025/6/1,25035,65,53,5,L,NA,1,0,0
14_a,F,2025/6/1,25050,65.5,53.5,5,L,NA,1,0,0
14_a,F,2025/6/1,25065,66,54,5,L,NA,1,0,0
14_a,F,2025/6/1,25080,66.5,54.5,5,L,NA,1,0,0
14_a,F,2025/6/1,25095,67,55,5,L,NA,1,0,0
14_a,F,2025/6/1,25110,67.5,55.5,5,L,NA,1,0,0
14_a,F,2025/6/1,25125,68,56,5,L,NA,1,0,0
14_a,F,2025/6/1,25140,68.5,56.5,5,L,NA,1,0,0
14_a,F,2025/6/1,25155,69,57,5,L,NA,1,0,0
14_a,F,2025/6/1,25170,69.5,57.5,5,L,NA,1,0,0
14_a,F,2025/6/1,25185,70,58,5,L,NA,1,0,0
14_a,F,2025/6/1,25200,70.5,58.5,5,L,NA,1,0,0
14_a,F,2025/6/1,25215,71,59,5,L,NA,1,0,0
14_a,F,2025/6/1,25230,71.5,59.5,5,L,NA,1,0,0
14_a,F,2025/6/1,25245,72,60,5,L,NA,1,0,0
14_a,F,2025/6/1,26105,0,NA,6,L,NA,0,0,0
14_a,F,2025/6/1,26120,0.5,NA,6,L,NA,0,0,0
14_a,F,2025/6/1,26135,1,NA,6,L,NA,0,0,0
14_a,F,2025/6/1,26150,1.5,NA,6,L,NA,0,0,0
14_a,F,2025/6/1,26165,2,NA,6,L,NA,0,0,0
14_a,F,2025/6/1,26180,2.5,NA,6,L,NA,0,0,0
14_a,F,2025/6/1,26195,3,NA,6,L,NA,0,0,0
14_a,F,2025/6/1,26210,3.5,NA,6,L,NA,0,0,0
14_a,F,2025/6/1,26225,4,NA,6,L,NA,0,0,0
14_a,F,2025/6/1,26240,4.5,NA,6,L,NA,0,0,0
14_a,F,2025/6/1,26255,5,NA,6,L,NA,0,0,0
14_a,F,2025/6/1,26270,5.5,NA,6,L,NA,0,0,0
14_a,F,2025/6/1,26285,6,NA,6,L,NA,0,0,0
14_a,F,2025/6/1,26300,6.5,NA,6,L,NA,0,0,0
14_a,F,2025/6/1,26315,7,NA,6,L,NA,0,0,0
14_a,F,2025/6/1,26330,7.5,NA,6,L,NA,0,0,0
14_a,F,2025/6/1,26345,8,NA,6,L,NA,0,0,0
14_a,F,2025/6/1,26360,8.5,NA,6,L,NA,0,0,0
14_a,F,2025/6/1,26375,9,NA,6,L,NA,0,0,0
14_a,F,2025/6/1,26390,9.5,NA,6,L,NA,0,0,0
14_a,F,2025/6/1,26405,10,NA,6,L,NA,0,0,0
14_a,F,2025/6/1,26420,10.5,NA,6,L,NA,0,0,0
14_a,F,2025/6/1,26435,11,NA,6,L,NA,0,0,0
14_a,F,2025/6/1,26450,11.5,NA,6,L,NA,0,0,0
14_a,F,2025/6/1,26465,12,NA,6,L,NA,0,0,0
14_a,F,2025/6/1,26480,12.5,0,6,L,NA,1,0,0
14_a,F,2025/6/1,26495,13,0.5,6,L,NA,1,0,0
14_a,F,2025/6/1,26510,13.5,1,6,L,NA,1,0,0
14_a,F,2025/6/1,26525,14,1.5,6,L,NA,1,0,0
14_a,F,2025/6/1,26540,14.5,2,6,L,NA,1,0,0
14_a,F,2025/6/1,26555,15,2.5,6,L,NA,1,0,0
14_a,F,2025/6/1,26570,15.5,3,6,L,NA,1,0,0
14_a,F,2025/6/1,26585,16,3.5,6,L,NA,1,0,0
14_a,F,2025/6/1,26600,16.5,4,6,L,NA,1,0,0
14_a,F,2025/6/1,26615,17,4.5,6,L,NA,1,0,0
14_a,F,2025/6/1,26630,17.5,5,6,L,NA,1,0,0
14_a,F,2025/6/1,26645,18,5.5,6,L,NA,1,0,0
14_a,F,2025/6/1,26660,18.5,6,6,L,NA,1,0,0
14_a,F,2025/6/1,26675,19,6.5,6,L,NA,1,0,0
14_a,F,2025/6/1,26690,19.5,7,6,L,NA,1,0,0
14_a,F,2025/6/1,26705,20,7.5,6,L,NA,1,0,0
14_a,F,2025/6/1,26720,20.5,8,6,L,NA,1,0,0
14_a,F,2025/6/1,26735,21,8.5,6,L,NA,1,0,0
14_a,F,2025/6/1,26750,21.5,9,6,L,NA,1,0,0
14_a,F,2025/6/1,26765,22,9.5,6,L,NA,1,0,0
14_a,F,2025/6/1,26780,22.5,10,6,L,NA,1,0,0
14_a,F,2025/6/1,26795,23,10.5,6,L,NA,1,0,0
14_a,F,2025/6/1,26810,23.5,11,6,L,NA,1,0,0
14_a,F,2025/6/1,26825,24,11.5,6,L,NA,1,0,0
14_a,F,2025/6/1,26840,24.5,12,6,L,NA,1,0,0
14_a,F,2025/6/1,26855,25,12.5,6,L,NA,1,0,0
14_a,F,2025/6/1,26870,25.5,13,6,L,NA,1,0,0
14_a,F,2025/6/1,26885,26,13.5,6,L,NA,1,0,0
14_a,F,2025/6/1,26900,26.5,14,6,L,NA,1,0,0
14_a,F,2025/6/1,26915,27,14.5,6,L,NA,1,0,0
14_a,F,2025/6/1,26930,27.5,15,6,L,NA,1,0,0
14_a,F,2025/6/1,26945,28,15.5,6,L,NA,1,0,0
14_a,F,2025/6/1,26960,28.5,16,6,L,NA,1,0,0
14_a,F,2025/6/1,26975,29,16.5,6,L,NA,1,0,0
14_a,F,2025/6/1,26990,29.5,17,6,L,NA,1,0,0
14_a,F,2025/6/1,27005,30,17.5,6,L,NA,1,0,0
14_a,F,2025/6/1,27020,30.5,18,6,L,NA,1,0,0
14_a,F,2025/6/1,27035,31,18.5,6,L,NA,1,0,0
14_a,F,2025/6/1,27050,31.5,19,6,L,NA,1,0,0
14_a,F,2025/6/1,27065,32,19.5,6,L,NA,1,0,0
14_a,F,2025/6/1,27080,32.5,20,6,L,NA,1,0,0
14_a,F,2025/6/1,27095,33,20.5,6,L,NA,1,0,0
14_a,F,2025/6/1,27110,33.5,21,6,L,NA,1,0,0
14_a,F,2025/6/1,27125,34,21.5,6,L,NA,1,0,0
14_a,F,2025/6/1,27140,34.5,22,6,L,NA,1,0,0
14_a,F,2025/6/1,27155,35,22.5,6,L,NA,1,0,0
14_a,F,2025/6/1,27170,35.5,23,6,L,NA,1,0,0
14_a,F,2025/6/1,27185,36,23.5,6,L,NA,1,0,1
14_a,F,2025/6/1,27200,36.5,24,6,L,NA,1,0,0
14_a,F,2025/6/1,27215,37,24.5,6,L,NA,1,0,0
14_a,F,2025/6/1,27230,37.5,25,6,L,NA,1,0,0
14_a,F,2025/6/1,27245,38,25.5,6,L,NA,1,0,0
14_a,F,2025/6/1,27260,38.5,26,6,L,NA,1,0,0
14_a,F,2025/6/1,27275,39,26.5,6,L,NA,1,0,0
14_a,F,2025/6/1,27290,39.5,27,6,L,NA,1,0,0
14_a,F,2025/6/1,27305,40,27.5,6,L,NA,1,0,0
14_a,F,2025/6/1,27320,40.5,28,6,L,NA,1,0,0
14_a,F,2025/6/1,27335,41,28.5,6,L,NA,1,0,0
14_a,F,2025/6/1,27350,41.5,29,6,L,NA,1,0,0
14_a,F,2025/6/1,27365,42,29.5,6,L,NA,1,0,0
14_a,F,2025/6/1,27380,42.5,30,6,L,NA,1,0,0
14_a,F,2025/6/1,27395,43,30.5,6,L,NA,1,0,0
14_a,F,2025/6/1,27410,43.5,31,6,L,NA,1,0,0
14_a,F,2025/6/1,27425,44,31.5,6,L,NA,1,0,0
14_a,F,2025/6/1,27440,44.5,32,6,L,NA,1,0,0
14_a,F,2025/6/1,27455,45,32.5,6,L,NA,1,0,0
14_a,F,2025/6/1,27470,45.5,33,6,L,NA,1,0,0
14_a,F,2025/6/1,27485,46,33.5,6,L,NA,1,0,0
14_a,F,2025/6/1,27500,46.5,34,6,L,NA,1,0,0
14_a,F,2025/6/1,27515,47,34.5,6,L,NA,1,0,0
14_a,F,2025/6/1,27530,47.5,35,6,L,NA,1,0,0
14_a,F,2025/6/1,27545,48,35.5,6,L,NA,1,0,0
14_a,F,2025/6/1,27560,48.5,36,6,L,NA,1,0,0
14_a,F,2025/6/1,27575,49,36.5,6,L,NA,1,0,0
14_a,F,2025/6/1,27590,49.5,37,6,L,NA,1,0,0
14_a,F,2025/6/1,27605,50,37.5,6,L,NA,1,0,0
14_a,F,2025/6/1,27620,50.5,38,6,L,NA,1,0,0
14_a,F,2025/6/1,27635,51,38.5,6,L,NA,1,0,0
14_a,F,2025/6/1,27650,51.5,39,6,L,NA,1,0,0
14_a,F,2025/6/1,27665,52,39.5,6,L,NA,1,0,0
14_a,F,2025/6/1,27680,52.5,40,6,L,NA,1,0,0
14_a,F,2025/6/1,27695,53,40.5,6,L,NA,1,0,0
14_a,F,2025/6/1,27710,53.5,41,6,L,NA,1,0,0
14_a,F,2025/6/1,27725,54,41.5,6,L,NA,1,0,1
14_a,F,2025/6/1,27740,54.5,42,6,L,NA,1,0,0
14_a,F,2025/6/1,27755,55,42.5,6,L,NA,1,0,0
14_a,F,2025/6/1,27770,55.5,43,6,L,NA,1,0,0
14_a,F,2025/6/1,27785,56,43.5,6,L,NA,1,0,0
14_a,F,2025/6/1,27800,56.5,44,6,L,NA,1,0,0
14_a,F,2025/6/1,27815,57,44.5,6,L,NA,1,0,0
14_a,F,2025/6/1,27830,57.5,45,6,L,NA,1,0,0
14_a,F,2025/6/1,27845,58,45.5,6,L,NA,1,0,0
14_a,F,2025/6/1,27860,58.5,46,6,L,NA,1,0,0
14_a,F,2025/6/1,27875,59,46.5,6,L,NA,1,0,0
14_a,F,2025/6/1,27890,59.5,47,6,L,NA,1,0,0
14_a,F,2025/6/1,27905,60,47.5,6,L,NA,1,0,0
14_a,F,2025/6/1,27920,60.5,48,6,L,NA,1,0,0
14_a,F,2025/6/1,27935,61,48.5,6,L,NA,1,0,0
14_a,F,2025/6/1,27950,61.5,49,6,L,NA,1,0,0
14_a,F,2025/6/1,27965,62,49.5,6,L,NA,1,0,0
14_a,F,2025/6/1,27980,62.5,50,6,L,NA,1,0,0
14_a,F,2025/6/1,27995,63,50.5,6,L,NA,1,0,0
14_a,F,2025/6/1,28010,63.5,51,6,L,NA,1,0,0
14_a,F,2025/6/1,28025,64,51.5,6,L,NA,1,0,0
14_a,F,2025/6/1,28040,64.5,52,6,L,NA,1,0,0
14_a,F,2025/6/1,28055,65,52.5,6,L,NA,1,0,0
14_a,F,2025/6/1,28070,65.5,53,6,L,NA,1,0,0
14_a,F,2025/6/1,28085,66,53.5,6,L,NA,1,0,0
14_a,F,2025/6/1,28100,66.5,54,6,L,NA,1,0,0
14_a,F,2025/6/1,28115,67,54.5,6,L,NA,1,0,0
14_a,F,2025/6/1,28130,67.5,55,6,L,NA,1,0,0
14_a,F,2025/6/1,28145,68,55.5,6,L,NA,1,0,0
14_a,F,2025/6/1,28160,68.5,56,6,L,NA,1,0,0
14_a,F,2025/6/1,28175,69,56.5,6,L,NA,1,0,0
14_a,F,2025/6/1,28190,69.5,57,6,L,NA,1,0,0
14_a,F,2025/6/1,28205,70,57.5,6,L,NA,1,0,0
14_a,F,2025/6/1,28220,70.5,58,6,L,NA,1,0,0
14_a,F,2025/6/1,28235,71,58.5,6,L,NA,1,0,0
14_a,F,2025/6/1,28250,71.5,59,6,L,NA,1,0,0
14_a,F,2025/6/1,28265,72,59.5,6,L,NA,1,0,0
14_a,F,2025/6/1,28280,72.5,60,6,L,NA,1,0,0
14_a,F,2025/6/1,28970,0,NA,7,L,NA,0,0,0
14_a,F,2025/6/1,28985,0.5,NA,7,L,NA,0,0,0
14_a,F,2025/6/1,29000,1,NA,7,L,NA,0,0,0
14_a,F,2025/6/1,29015,1.5,NA,7,L,NA,0,0,0
14_a,F,2025/6/1,29030,2,NA,7,L,NA,0,0,0
14_a,F,2025/6/1,29045,2.5,NA,7,L,NA,0,0,0
14_a,F,2025/6/1,29060,3,NA,7,L,NA,0,0,0
14_a,F,2025/6/1,29075,3.5,NA,7,L,NA,0,0,0
14_a,F,2025/6/1,29090,4,NA,7,L,NA,0,0,0
14_a,F,2025/6/1,29105,4.5,NA,7,L,NA,0,0,0
14_a,F,2025/6/1,29120,5,NA,7,L,NA,0,0,0
14_a,F,2025/6/1,29135,5.5,NA,7,L,NA,0,0,0
14_a,F,2025/6/1,29150,6,NA,7,L,NA,0,0,0
14_a,F,2025/6/1,29165,6.5,NA,7,L,NA,0,0,0
14_a,F,2025/6/1,29180,7,NA,7,L,NA,0,0,0
14_a,F,2025/6/1,29195,7.5,NA,7,L,NA,0,0,0
14_a,F,2025/6/1,29210,8,NA,7,L,NA,0,0,0
14_a,F,2025/6/1,29225,8.5,NA,7,L,NA,0,0,0
14_a,F,2025/6/1,29240,9,NA,7,L,NA,0,0,0
14_a,F,2025/6/1,29255,9.5,NA,7,L,NA,0,0,0
14_a,F,2025/6/1,29270,10,NA,7,L,NA,0,0,0
14_a,F,2025/6/1,29285,10.5,NA,7,L,NA,0,0,0
14_a,F,2025/6/1,29300,11,NA,7,L,NA,0,0,0
14_a,F,2025/6/1,29315,11.5,NA,7,L,NA,0,0,0
14_a,F,2025/6/1,29330,12,NA,7,L,NA,0,0,0
14_a,F,2025/6/1,29345,12.5,NA,7,L,NA,0,0,0
14_a,F,2025/6/1,29360,13,NA,7,L,NA,0,0,0
14_a,F,2025/6/1,29375,13.5,NA,7,L,NA,0,0,0
14_a,F,2025/6/1,29390,14,NA,7,L,NA,0,0,0
14_a,F,2025/6/1,29405,14.5,NA,7,L,NA,0,0,0
14_a,F,2025/6/1,29420,15,NA,7,L,NA,0,0,0
14_a,F,2025/6/1,29435,15.5,NA,7,L,NA,0,0,0
14_a,F,2025/6/1,29450,16,NA,7,L,NA,0,0,0
14_a,F,2025/6/1,29465,16.5,NA,7,L,NA,0,0,0
14_a,F,2025/6/1,29480,17,NA,7,L,NA,0,0,0
14_a,F,2025/6/1,29495,17.5,NA,7,L,NA,0,0,0
14_a,F,2025/6/1,29510,18,NA,7,L,NA,0,0,0
14_a,F,2025/6/1,29525,18.5,NA,7,L,NA,0,0,0
14_a,F,2025/6/1,29540,19,NA,7,L,NA,0,0,0
14_a,F,2025/6/1,29555,19.5,NA,7,L,NA,0,0,0
14_a,F,2025/6/1,29570,20,NA,7,L,NA,0,0,0
14_a,F,2025/6/1,29585,20.5,NA,7,L,NA,0,0,0
14_a,F,2025/6/1,29600,21,NA,7,L,NA,0,0,0
14_a,F,2025/6/1,29615,21.5,NA,7,L,NA,0,0,0
14_a,F,2025/6/1,29630,22,NA,7,L,NA,0,0,0
14_a,F,2025/6/1,29645,22.5,NA,7,L,NA,0,0,0
14_a,F,2025/6/1,29660,23,NA,7,L,NA,0,0,0
14_a,F,2025/6/1,29675,23.5,NA,7,L,NA,0,0,0
14_a,F,2025/6/1,29690,24,NA,7,L,NA,0,0,0
14_a,F,2025/6/1,29705,24.5,NA,7,L,NA,0,0,0
14_a,F,2025/6/1,29720,25,NA,7,L,NA,0,0,0
14_a,F,2025/6/1,29735,25.5,NA,7,L,NA,0,0,0
14_a,F,2025/6/1,29750,26,NA,7,L,NA,0,0,0
14_a,F,2025/6/1,29765,26.5,NA,7,L,NA,0,0,0
14_a,F,2025/6/1,29780,27,NA,7,L,NA,0,0,0
14_a,F,2025/6/1,29795,27.5,NA,7,L,NA,0,0,0
14_a,F,2025/6/1,29810,28,NA,7,L,NA,0,0,0
14_a,F,2025/6/1,29825,28.5,NA,7,L,NA,0,0,0
14_a,F,2025/6/1,29840,29,NA,7,L,NA,0,0,0
14_a,F,2025/6/1,29855,29.5,NA,7,L,NA,0,0,0
14_a,F,2025/6/1,29870,30,NA,7,L,NA,0,0,0
14_a,F,2025/6/1,29885,30.5,NA,7,L,NA,0,0,0
14_a,F,2025/6/1,29900,31,NA,7,L,NA,0,0,0
14_a,F,2025/6/1,29915,31.5,NA,7,L,NA,0,0,0
14_a,F,2025/6/1,29930,32,NA,7,L,NA,0,0,0
14_a,F,2025/6/1,29945,32.5,NA,7,L,NA,0,0,0
14_a,F,2025/6/1,29960,33,NA,7,L,NA,0,0,0
14_a,F,2025/6/1,29975,33.5,NA,7,L,NA,0,0,0
14_a,F,2025/6/1,29990,34,NA,7,L,NA,0,0,0
14_a,F,2025/6/1,30005,34.5,NA,7,L,NA,0,0,0
14_a,F,2025/6/1,30020,35,NA,7,L,NA,0,0,0
14_a,F,2025/6/1,30035,35.5,NA,7,L,NA,0,0,0
14_a,F,2025/6/1,30050,36,NA,7,L,NA,0,0,0
14_a,F,2025/6/1,30065,36.5,NA,7,L,NA,0,0,0
14_a,F,2025/6/1,30080,37,NA,7,L,NA,0,0,0
14_a,F,2025/6/1,30095,37.5,NA,7,L,NA,0,0,0
14_a,F,2025/6/1,30110,38,NA,7,L,NA,0,0,0
14_a,F,2025/6/1,30125,38.5,NA,7,L,NA,0,0,0
14_a,F,2025/6/1,30140,39,NA,7,L,NA,0,0,0
14_a,F,2025/6/1,30155,39.5,NA,7,L,NA,0,0,0
14_a,F,2025/6/1,30170,40,0,7,L,NA,1,0,0
14_a,F,2025/6/1,30185,40.5,0.5,7,L,NA,1,0,0
14_a,F,2025/6/1,30200,41,1,7,L,NA,1,0,0
14_a,F,2025/6/1,30215,41.5,1.5,7,L,NA,1,0,0
14_a,F,2025/6/1,30230,42,2,7,L,NA,1,0,0
14_a,F,2025/6/1,30245,42.5,2.5,7,L,NA,1,0,0
14_a,F,2025/6/1,30260,43,3,7,L,NA,1,0,0
14_a,F,2025/6/1,30275,43.5,3.5,7,L,NA,1,0,0
14_a,F,2025/6/1,30290,44,4,7,L,NA,1,0,0
14_a,F,2025/6/1,30305,44.5,4.5,7,L,NA,1,0,0
14_a,F,2025/6/1,30320,45,5,7,L,NA,1,0,0
14_a,F,2025/6/1,30335,45.5,5.5,7,L,NA,1,0,0
14_a,F,2025/6/1,30350,46,6,7,L,NA,1,0,0
14_a,F,2025/6/1,30365,46.5,6.5,7,L,NA,1,0,0
14_a,F,2025/6/1,30380,47,7,7,L,NA,1,0,0
14_a,F,2025/6/1,30395,47.5,7.5,7,L,NA,1,0,0
14_a,F,2025/6/1,30410,48,8,7,L,NA,1,0,0
14_a,F,2025/6/1,30425,48.5,8.5,7,L,NA,1,0,0
14_a,F,2025/6/1,30440,49,9,7,L,NA,1,0,0
14_a,F,2025/6/1,30455,49.5,9.5,7,L,NA,1,0,0
14_a,F,2025/6/1,30470,50,10,7,L,NA,1,0,0
14_a,F,2025/6/1,30485,50.5,10.5,7,L,NA,1,0,0
14_a,F,2025/6/1,30500,51,11,7,L,NA,1,0,0
14_a,F,2025/6/1,30515,51.5,11.5,7,L,NA,1,0,0
14_a,F,2025/6/1,30530,52,12,7,L,NA,1,0,0
14_a,F,2025/6/1,30545,52.5,12.5,7,L,NA,1,0,0
14_a,F,2025/6/1,30560,53,13,7,L,NA,1,0,0
14_a,F,2025/6/1,30575,53.5,13.5,7,L,NA,1,0,0
14_a,F,2025/6/1,30590,54,14,7,L,NA,1,0,0
14_a,F,2025/6/1,30605,54.5,14.5,7,L,NA,1,0,0
14_a,F,2025/6/1,30620,55,15,7,L,NA,1,0,0
14_a,F,2025/6/1,30635,55.5,15.5,7,L,NA,1,0,0
14_a,F,2025/6/1,30650,56,16,7,L,NA,1,0,0
14_a,F,2025/6/1,30665,56.5,16.5,7,L,NA,1,0,0
14_a,F,2025/6/1,30680,57,17,7,L,NA,1,0,0
14_a,F,2025/6/1,30695,57.5,17.5,7,L,NA,1,0,0
14_a,F,2025/6/1,30710,58,18,7,L,NA,1,0,0
14_a,F,2025/6/1,30725,58.5,18.5,7,L,NA,1,0,0
14_a,F,2025/6/1,30740,59,19,7,L,NA,1,0,0
14_a,F,2025/6/1,30755,59.5,19.5,7,L,NA,1,0,0
14_a,F,2025/6/1,30770,60,20,7,L,NA,1,0,0
14_a,F,2025/6/1,30785,60.5,20.5,7,L,NA,1,0,0
14_a,F,2025/6/1,30800,61,21,7,L,NA,1,0,0
14_a,F,2025/6/1,30815,61.5,21.5,7,L,NA,1,0,0
14_a,F,2025/6/1,30830,62,22,7,L,NA,1,0,0
14_a,F,2025/6/1,30845,62.5,22.5,7,L,NA,1,0,0
14_a,F,2025/6/1,30860,63,23,7,L,NA,1,0,0
14_a,F,2025/6/1,30875,63.5,23.5,7,L,NA,1,0,0
14_a,F,2025/6/1,30890,64,24,7,L,NA,1,0,0
14_a,F,2025/6/1,30905,64.5,24.5,7,L,NA,1,0,0
14_a,F,2025/6/1,30920,65,25,7,L,NA,1,0,0
14_a,F,2025/6/1,30935,65.5,25.5,7,L,NA,1,0,0
14_a,F,2025/6/1,30950,66,26,7,L,NA,1,0,0
14_a,F,2025/6/1,30965,66.5,26.5,7,L,NA,1,0,0
14_a,F,2025/6/1,30980,67,27,7,L,NA,1,0,0
14_a,F,2025/6/1,30995,67.5,27.5,7,L,NA,1,0,0
14_a,F,2025/6/1,31010,68,28,7,L,NA,1,0,0
14_a,F,2025/6/1,31025,68.5,28.5,7,L,NA,1,0,0
14_a,F,2025/6/1,31040,69,29,7,L,NA,1,0,0
14_a,F,2025/6/1,31055,69.5,29.5,7,L,NA,1,0,0
14_a,F,2025/6/1,31070,70,30,7,L,NA,1,0,0
14_a,F,2025/6/1,31085,70.5,30.5,7,L,NA,1,0,0
14_a,F,2025/6/1,31100,71,31,7,L,NA,1,0,0
14_a,F,2025/6/1,31115,71.5,31.5,7,L,NA,1,0,0
14_a,F,2025/6/1,31130,72,32,7,L,NA,1,0,0
14_a,F,2025/6/1,31145,72.5,32.5,7,L,NA,1,0,0
14_a,F,2025/6/1,31160,73,33,7,L,NA,1,0,0
14_a,F,2025/6/1,31175,73.5,33.5,7,L,NA,1,0,0
14_a,F,2025/6/1,31190,74,34,7,L,NA,1,0,0
14_a,F,2025/6/1,31205,74.5,34.5,7,L,NA,1,0,0
14_a,F,2025/6/1,31220,75,35,7,L,NA,1,0,0
14_a,F,2025/6/1,31235,75.5,35.5,7,L,NA,1,0,0
14_a,F,2025/6/1,31250,76,36,7,L,NA,1,0,0
14_a,F,2025/6/1,31265,76.5,36.5,7,L,NA,1,0,0
14_a,F,2025/6/1,31280,77,37,7,L,NA,1,0,0
14_a,F,2025/6/1,31295,77.5,37.5,7,L,NA,1,0,0
14_a,F,2025/6/1,31310,78,38,7,L,NA,1,0,0
14_a,F,2025/6/1,31325,78.5,38.5,7,L,NA,1,0,0
14_a,F,2025/6/1,31340,79,39,7,L,NA,1,0,0
14_a,F,2025/6/1,31355,79.5,39.5,7,L,NA,1,0,0
14_a,F,2025/6/1,31370,80,40,7,L,NA,1,0,0
14_a,F,2025/6/1,31385,80.5,40.5,7,L,NA,1,0,0
14_a,F,2025/6/1,31400,81,41,7,L,NA,1,0,0
14_a,F,2025/6/1,31415,81.5,41.5,7,L,NA,1,0,0
14_a,F,2025/6/1,31430,82,42,7,L,NA,1,0,0
14_a,F,2025/6/1,31445,82.5,42.5,7,L,NA,1,0,0
14_a,F,2025/6/1,31460,83,43,7,L,NA,1,0,0
14_a,F,2025/6/1,31475,83.5,43.5,7,L,NA,1,0,0
14_a,F,2025/6/1,31490,84,44,7,L,NA,1,0,0
14_a,F,2025/6/1,31505,84.5,44.5,7,L,NA,1,0,0
14_a,F,2025/6/1,31520,85,45,7,L,NA,1,0,0
14_a,F,2025/6/1,31535,85.5,45.5,7,L,NA,1,0,0
14_a,F,2025/6/1,31550,86,46,7,L,NA,1,0,0
14_a,F,2025/6/1,31565,86.5,46.5,7,L,NA,1,0,0
14_a,F,2025/6/1,31580,87,47,7,L,NA,1,0,0
14_a,F,2025/6/1,31595,87.5,47.5,7,L,NA,1,0,0
14_a,F,2025/6/1,31610,88,48,7,L,NA,1,0,0
14_a,F,2025/6/1,31625,88.5,48.5,7,L,NA,1,0,0
14_a,F,2025/6/1,31640,89,49,7,L,NA,1,0,0
14_a,F,2025/6/1,31655,89.5,49.5,7,L,NA,1,0,0
14_a,F,2025/6/1,31670,90,50,7,L,NA,1,0,0
14_a,F,2025/6/1,31685,90.5,50.5,7,L,NA,1,0,0
14_a,F,2025/6/1,31700,91,51,7,L,NA,1,0,0
14_a,F,2025/6/1,31715,91.5,51.5,7,L,NA,1,0,0
14_a,F,2025/6/1,31730,92,52,7,L,NA,1,0,0
14_a,F,2025/6/1,31745,92.5,52.5,7,L,NA,1,0,0
14_a,F,2025/6/1,31760,93,53,7,L,NA,1,0,0
14_a,F,2025/6/1,31775,93.5,53.5,7,L,NA,1,0,0
14_a,F,2025/6/1,31790,94,54,7,L,NA,1,0,0
14_a,F,2025/6/1,31805,94.5,54.5,7,L,NA,1,0,0
14_a,F,2025/6/1,31820,95,55,7,L,NA,1,0,0
14_a,F,2025/6/1,31835,95.5,55.5,7,L,NA,1,0,0
14_a,F,2025/6/1,31850,96,56,7,L,NA,1,0,0
14_a,F,2025/6/1,31865,96.5,56.5,7,L,NA,1,0,0
14_a,F,2025/6/1,31880,97,57,7,L,NA,1,0,0
14_a,F,2025/6/1,31895,97.5,57.5,7,L,NA,1,0,0
14_a,F,2025/6/1,31910,98,58,7,L,NA,1,0,0
14_a,F,2025/6/1,31925,98.5,58.5,7,L,NA,1,0,0
14_a,F,2025/6/1,31940,99,59,7,L,NA,1,0,0
14_a,F,2025/6/1,31955,99.5,59.5,7,L,NA,1,0,0
14_a,F,2025/6/1,31970,100,60,7,L,NA,1,0,0
14_a,F,2025/6/1,32920,0,NA,8,R,NA,0,0,0
14_a,F,2025/6/1,32935,0.5,NA,8,R,NA,0,0,0
14_a,F,2025/6/1,32950,1,NA,8,R,NA,0,0,0
14_a,F,2025/6/1,32965,1.5,NA,8,R,NA,0,0,0
14_a,F,2025/6/1,32980,2,NA,8,R,NA,0,0,0
14_a,F,2025/6/1,32995,2.5,NA,8,R,NA,0,0,0
14_a,F,2025/6/1,33010,3,NA,8,R,NA,0,0,0
14_a,F,2025/6/1,33025,3.5,NA,8,R,NA,0,0,0
14_a,F,2025/6/1,33040,4,NA,8,R,NA,0,0,0
14_a,F,2025/6/1,33055,4.5,NA,8,R,NA,0,0,0
14_a,F,2025/6/1,33070,5,NA,8,R,NA,0,0,0
14_a,F,2025/6/1,33085,5.5,NA,8,R,NA,0,0,0
14_a,F,2025/6/1,33100,6,NA,8,R,NA,0,0,0
14_a,F,2025/6/1,33115,6.5,NA,8,R,NA,0,0,0
14_a,F,2025/6/1,33130,7,NA,8,R,NA,0,0,0
14_a,F,2025/6/1,33145,7.5,0,8,R,NA,1,0,0
14_a,F,2025/6/1,33160,8,0.5,8,R,NA,1,0,0
14_a,F,2025/6/1,33175,8.5,1,8,R,NA,1,0,0
14_a,F,2025/6/1,33190,9,1.5,8,R,NA,1,0,0
14_a,F,2025/6/1,33205,9.5,2,8,R,NA,1,0,0
14_a,F,2025/6/1,33220,10,2.5,8,R,NA,1,0,0
14_a,F,2025/6/1,33235,10.5,3,8,R,NA,1,0,0
14_a,F,2025/6/1,33250,11,3.5,8,R,NA,1,0,0
14_a,F,2025/6/1,33265,11.5,4,8,R,NA,1,0,0
14_a,F,2025/6/1,33280,12,4.5,8,R,NA,1,0,0
14_a,F,2025/6/1,33295,12.5,5,8,R,NA,1,0,0
14_a,F,2025/6/1,33310,13,5.5,8,R,NA,1,0,0
14_a,F,2025/6/1,33325,13.5,6,8,R,NA,1,0,0
14_a,F,2025/6/1,33340,14,6.5,8,R,NA,1,0,0
14_a,F,2025/6/1,33355,14.5,7,8,R,NA,1,0,0
14_a,F,2025/6/1,33370,15,7.5,8,R,NA,1,0,0
14_a,F,2025/6/1,33385,15.5,8,8,R,NA,1,0,0
14_a,F,2025/6/1,33400,16,8.5,8,R,NA,1,0,0
14_a,F,2025/6/1,33415,16.5,9,8,R,NA,1,0,0
14_a,F,2025/6/1,33430,17,9.5,8,R,NA,1,0,0
14_a,F,2025/6/1,33445,17.5,10,8,R,NA,1,0,0
14_a,F,2025/6/1,33460,18,10.5,8,R,NA,1,0,0
14_a,F,2025/6/1,33475,18.5,11,8,R,NA,1,0,0
14_a,F,2025/6/1,33490,19,11.5,8,R,NA,1,0,0
14_a,F,2025/6/1,33505,19.5,12,8,R,NA,1,0,0
14_a,F,2025/6/1,33520,20,12.5,8,R,NA,1,0,0
14_a,F,2025/6/1,33535,20.5,13,8,R,NA,1,0,0
14_a,F,2025/6/1,33550,21,13.5,8,R,NA,1,0,0
14_a,F,2025/6/1,33565,21.5,14,8,R,NA,1,0,0
14_a,F,2025/6/1,33580,22,14.5,8,R,NA,1,0,0
14_a,F,2025/6/1,33595,22.5,15,8,R,NA,1,0,0
14_a,F,2025/6/1,33610,23,15.5,8,R,NA,1,0,0
14_a,F,2025/6/1,33625,23.5,16,8,R,NA,1,0,0
14_a,F,2025/6/1,33640,24,16.5,8,R,NA,1,0,0
14_a,F,2025/6/1,33655,24.5,17,8,R,NA,1,0,0
14_a,F,2025/6/1,33670,25,17.5,8,R,NA,1,0,0
14_a,F,2025/6/1,33685,25.5,18,8,R,NA,1,0,0
14_a,F,2025/6/1,33700,26,18.5,8,R,NA,1,0,0
14_a,F,2025/6/1,33715,26.5,19,8,R,NA,1,0,0
14_a,F,2025/6/1,33730,27,19.5,8,R,NA,1,0,0
14_a,F,2025/6/1,33745,27.5,20,8,R,NA,1,0,0
14_a,F,2025/6/1,33760,28,20.5,8,R,NA,1,0,0
14_a,F,2025/6/1,33775,28.5,21,8,R,NA,1,0,0
14_a,F,2025/6/1,33790,29,21.5,8,R,NA,1,0,0
14_a,F,2025/6/1,33805,29.5,22,8,R,NA,1,0,0
14_a,F,2025/6/1,33820,30,22.5,8,R,NA,1,0,0
14_a,F,2025/6/1,33835,30.5,23,8,R,NA,1,0,0
14_a,F,2025/6/1,33850,31,23.5,8,R,NA,1,0,0
14_a,F,2025/6/1,33865,31.5,24,8,R,NA,1,0,0
14_a,F,2025/6/1,33880,32,24.5,8,R,NA,1,0,0
14_a,F,2025/6/1,33895,32.5,25,8,R,NA,1,0,0
14_a,F,2025/6/1,33910,33,25.5,8,R,NA,1,0,0
14_a,F,2025/6/1,33925,33.5,26,8,R,NA,1,0,0
14_a,F,2025/6/1,33940,34,26.5,8,R,NA,1,0,0
14_a,F,2025/6/1,33955,34.5,27,8,R,NA,1,0,0
14_a,F,2025/6/1,33970,35,27.5,8,R,NA,1,0,0
14_a,F,2025/6/1,33985,35.5,28,8,R,NA,1,0,0
14_a,F,2025/6/1,34000,36,28.5,8,R,NA,1,0,0
14_a,F,2025/6/1,34015,36.5,29,8,R,NA,1,0,0
14_a,F,2025/6/1,34030,37,29.5,8,R,NA,1,0,0
14_a,F,2025/6/1,34045,37.5,30,8,R,NA,1,0,0
14_a,F,2025/6/1,34060,38,30.5,8,R,NA,1,0,0
14_a,F,2025/6/1,34075,38.5,31,8,R,NA,1,0,0
14_a,F,2025/6/1,34090,39,31.5,8,R,NA,1,0,0
14_a,F,2025/6/1,34105,39.5,32,8,R,NA,1,0,0
14_a,F,2025/6/1,34120,40,32.5,8,R,NA,1,0,0
14_a,F,2025/6/1,34135,40.5,33,8,R,NA,1,0,0
14_a,F,2025/6/1,34150,41,33.5,8,R,NA,1,0,0
14_a,F,2025/6/1,34165,41.5,34,8,R,NA,1,0,0
14_a,F,2025/6/1,34180,42,34.5,8,R,NA,1,0,0
14_a,F,2025/6/1,34195,42.5,35,8,R,NA,1,0,0
14_a,F,2025/6/1,34210,43,35.5,8,R,NA,1,0,0
14_a,F,2025/6/1,34225,43.5,36,8,R,NA,1,0,0
14_a,F,2025/6/1,34240,44,36.5,8,R,NA,1,0,0
14_a,F,2025/6/1,34255,44.5,37,8,R,NA,1,0,0
14_a,F,2025/6/1,34270,45,37.5,8,R,NA,1,0,0
14_a,F,2025/6/1,34285,45.5,38,8,R,NA,1,0,0
14_a,F,2025/6/1,34300,46,38.5,8,R,NA,1,0,0
14_a,F,2025/6/1,34315,46.5,39,8,R,NA,1,0,0
14_a,F,2025/6/1,34330,47,39.5,8,R,NA,1,0,0
14_a,F,2025/6/1,34345,47.5,40,8,R,NA,1,0,0
14_a,F,2025/6/1,34360,48,40.5,8,R,NA,1,0,0
14_a,F,2025/6/1,34375,48.5,41,8,R,NA,1,0,0
14_a,F,2025/6/1,34390,49,41.5,8,R,NA,1,0,0
14_a,F,2025/6/1,34405,49.5,42,8,R,NA,1,0,0
14_a,F,2025/6/1,34420,50,42.5,8,R,NA,1,0,0
14_a,F,2025/6/1,34435,50.5,43,8,R,NA,1,0,0
14_a,F,2025/6/1,34450,51,43.5,8,R,NA,1,0,0
14_a,F,2025/6/1,34465,51.5,44,8,R,NA,1,0,0
14_a,F,2025/6/1,34480,52,44.5,8,R,NA,1,0,0
14_a,F,2025/6/1,34495,52.5,45,8,R,NA,1,0,0
14_a,F,2025/6/1,34510,53,45.5,8,R,NA,1,0,0
14_a,F,2025/6/1,34525,53.5,46,8,R,NA,1,0,0
14_a,F,2025/6/1,34540,54,46.5,8,R,NA,1,0,0
14_a,F,2025/6/1,34555,54.5,47,8,R,NA,1,0,0
14_a,F,2025/6/1,34570,55,47.5,8,R,NA,1,0,0
14_a,F,2025/6/1,34585,55.5,48,8,R,NA,1,0,0
14_a,F,2025/6/1,34600,56,48.5,8,R,NA,1,0,0
14_a,F,2025/6/1,34615,56.5,49,8,R,NA,1,0,0
14_a,F,2025/6/1,34630,57,49.5,8,R,NA,1,0,0
14_a,F,2025/6/1,34645,57.5,50,8,R,NA,1,0,0
14_a,F,2025/6/1,34660,58,50.5,8,R,NA,1,0,0
14_a,F,2025/6/1,34675,58.5,51,8,R,NA,1,0,0
14_a,F,2025/6/1,34690,59,51.5,8,R,NA,1,0,0
14_a,F,2025/6/1,34705,59.5,52,8,R,NA,1,0,0
14_a,F,2025/6/1,34720,60,52.5,8,R,NA,1,0,0
14_a,F,2025/6/1,34735,60.5,53,8,R,NA,1,0,0
14_a,F,2025/6/1,34750,61,53.5,8,R,NA,1,0,0
14_a,F,2025/6/1,34765,61.5,54,8,R,NA,1,0,0
14_a,F,2025/6/1,34780,62,54.5,8,R,NA,1,0,0
14_a,F,2025/6/1,34795,62.5,55,8,R,NA,1,0,0
14_a,F,2025/6/1,34810,63,55.5,8,R,NA,1,0,0
14_a,F,2025/6/1,34825,63.5,56,8,R,NA,1,0,0
14_a,F,2025/6/1,34840,64,56.5,8,R,NA,1,0,0
14_a,F,2025/6/1,34855,64.5,57,8,R,NA,1,0,0
14_a,F,2025/6/1,34870,65,57.5,8,R,NA,1,0,0
14_a,F,2025/6/1,34885,65.5,58,8,R,NA,1,0,0
14_a,F,2025/6/1,34900,66,58.5,8,R,NA,1,0,0
14_a,F,2025/6/1,34915,66.5,59,8,R,NA,1,0,0
14_a,F,2025/6/1,34930,67,59.5,8,R,NA,1,0,0
14_a,F,2025/6/1,34945,67.5,60,8,R,NA,1,0,0
14_a,F,2025/6/1,35660,0,NA,9,R,NA,0,0,0
14_a,F,2025/6/1,35675,0.5,NA,9,R,NA,0,0,0
14_a,F,2025/6/1,35690,1,NA,9,R,NA,0,0,0
14_a,F,2025/6/1,35705,1.5,NA,9,R,NA,0,0,0
14_a,F,2025/6/1,35720,2,NA,9,R,NA,0,0,0
14_a,F,2025/6/1,35735,2.5,NA,9,R,NA,0,0,0
14_a,F,2025/6/1,35750,3,NA,9,R,NA,0,0,0
14_a,F,2025/6/1,35765,3.5,NA,9,R,NA,0,0,0
14_a,F,2025/6/1,35780,4,NA,9,R,NA,0,0,0
14_a,F,2025/6/1,35795,4.5,NA,9,R,NA,0,0,0
14_a,F,2025/6/1,35810,5,NA,9,R,NA,0,0,0
14_a,F,2025/6/1,35825,5.5,NA,9,R,NA,0,0,0
14_a,F,2025/6/1,35840,6,NA,9,R,NA,0,0,0
14_a,F,2025/6/1,35855,6.5,NA,9,R,NA,0,0,0
14_a,F,2025/6/1,35870,7,NA,9,R,NA,0,0,0
14_a,F,2025/6/1,35885,7.5,NA,9,R,NA,0,0,0
14_a,F,2025/6/1,35900,8,NA,9,R,NA,0,0,0
14_a,F,2025/6/1,35915,8.5,NA,9,R,NA,0,0,0
14_a,F,2025/6/1,35930,9,NA,9,R,NA,0,0,0
14_a,F,2025/6/1,35945,9.5,NA,9,R,NA,0,0,0
14_a,F,2025/6/1,35960,10,NA,9,R,NA,0,0,0
14_a,F,2025/6/1,35975,10.5,NA,9,R,NA,0,0,0
14_a,F,2025/6/1,35990,11,NA,9,R,NA,0,0,0
14_a,F,2025/6/1,36005,11.5,NA,9,R,NA,0,0,0
14_a,F,2025/6/1,36020,12,0,9,R,NA,1,0,0
14_a,F,2025/6/1,36035,12.5,0.5,9,R,NA,1,0,0
14_a,F,2025/6/1,36050,13,1,9,R,NA,1,0,0
14_a,F,2025/6/1,36065,13.5,1.5,9,R,NA,1,0,0
14_a,F,2025/6/1,36080,14,2,9,R,NA,1,0,0
14_a,F,2025/6/1,36095,14.5,2.5,9,R,NA,1,0,0
14_a,F,2025/6/1,36110,15,3,9,R,NA,1,0,0
14_a,F,2025/6/1,36125,15.5,3.5,9,R,NA,1,0,0
14_a,F,2025/6/1,36140,16,4,9,R,NA,1,0,0
14_a,F,2025/6/1,36155,16.5,4.5,9,R,NA,1,0,0
14_a,F,2025/6/1,36170,17,5,9,R,NA,1,0,0
14_a,F,2025/6/1,36185,17.5,5.5,9,R,NA,1,0,0
14_a,F,2025/6/1,36200,18,6,9,R,NA,1,0,0
14_a,F,2025/6/1,36215,18.5,6.5,9,R,NA,1,0,0
14_a,F,2025/6/1,36230,19,7,9,R,NA,1,0,0
14_a,F,2025/6/1,36245,19.5,7.5,9,R,NA,1,0,0
14_a,F,2025/6/1,36260,20,8,9,R,NA,1,0,0
14_a,F,2025/6/1,36275,20.5,8.5,9,R,NA,1,0,0
14_a,F,2025/6/1,36290,21,9,9,R,NA,1,0,0
14_a,F,2025/6/1,36305,21.5,9.5,9,R,NA,1,0,0
14_a,F,2025/6/1,36320,22,10,9,R,NA,1,0,0
14_a,F,2025/6/1,36335,22.5,10.5,9,R,NA,1,0,0
14_a,F,2025/6/1,36350,23,11,9,R,NA,1,0,0
14_a,F,2025/6/1,36365,23.5,11.5,9,R,NA,1,0,0
14_a,F,2025/6/1,36380,24,12,9,R,NA,1,0,0
14_a,F,2025/6/1,36395,24.5,12.5,9,R,NA,1,0,0
14_a,F,2025/6/1,36410,25,13,9,R,NA,1,0,0
14_a,F,2025/6/1,36425,25.5,13.5,9,R,NA,1,0,0
14_a,F,2025/6/1,36440,26,14,9,R,NA,1,0,0
14_a,F,2025/6/1,36455,26.5,14.5,9,R,NA,1,0,0
14_a,F,2025/6/1,36470,27,15,9,R,NA,1,0,0
14_a,F,2025/6/1,36485,27.5,15.5,9,R,NA,1,0,0
14_a,F,2025/6/1,36500,28,16,9,R,NA,1,0,0
14_a,F,2025/6/1,36515,28.5,16.5,9,R,NA,1,0,0
14_a,F,2025/6/1,36530,29,17,9,R,NA,1,0,0
14_a,F,2025/6/1,36545,29.5,17.5,9,R,NA,1,0,0
14_a,F,2025/6/1,36560,30,18,9,R,NA,1,0,0
14_a,F,2025/6/1,36575,30.5,18.5,9,R,NA,1,0,0
14_a,F,2025/6/1,36590,31,19,9,R,NA,1,0,0
14_a,F,2025/6/1,36605,31.5,19.5,9,R,NA,1,0,0
14_a,F,2025/6/1,36620,32,20,9,R,NA,1,0,0
14_a,F,2025/6/1,36635,32.5,20.5,9,R,NA,1,0,0
14_a,F,2025/6/1,36650,33,21,9,R,NA,1,0,0
14_a,F,2025/6/1,36665,33.5,21.5,9,R,NA,1,0,0
14_a,F,2025/6/1,36680,34,22,9,R,NA,1,0,0
14_a,F,2025/6/1,36695,34.5,22.5,9,R,NA,1,0,0
14_a,F,2025/6/1,36710,35,23,9,R,NA,1,0,0
14_a,F,2025/6/1,36725,35.5,23.5,9,R,NA,1,0,0
14_a,F,2025/6/1,36740,36,24,9,R,NA,1,0,0
14_a,F,2025/6/1,36755,36.5,24.5,9,R,NA,1,0,0
14_a,F,2025/6/1,36770,37,25,9,R,NA,1,0,0
14_a,F,2025/6/1,36785,37.5,25.5,9,R,NA,1,0,0
14_a,F,2025/6/1,36800,38,26,9,R,NA,1,0,0
14_a,F,2025/6/1,36815,38.5,26.5,9,R,NA,1,0,0
14_a,F,2025/6/1,36830,39,27,9,R,NA,1,0,0
14_a,F,2025/6/1,36845,39.5,27.5,9,R,NA,1,0,0
14_a,F,2025/6/1,36860,40,28,9,R,NA,1,0,0
14_a,F,2025/6/1,36875,40.5,28.5,9,R,NA,1,0,0
14_a,F,2025/6/1,36890,41,29,9,R,NA,1,0,0
14_a,F,2025/6/1,36905,41.5,29.5,9,R,NA,1,0,0
14_a,F,2025/6/1,36920,42,30,9,R,NA,1,0,0
14_a,F,2025/6/1,36935,42.5,30.5,9,R,NA,1,0,0
14_a,F,2025/6/1,36950,43,31,9,R,NA,1,0,0
14_a,F,2025/6/1,36965,43.5,31.5,9,R,NA,1,0,0
14_a,F,2025/6/1,36980,44,32,9,R,NA,1,0,0
14_a,F,2025/6/1,36995,44.5,32.5,9,R,NA,1,0,0
14_a,F,2025/6/1,37010,45,33,9,R,NA,1,0,0
14_a,F,2025/6/1,37025,45.5,33.5,9,R,NA,1,0,0
14_a,F,2025/6/1,37040,46,34,9,R,NA,1,0,0
14_a,F,2025/6/1,37055,46.5,34.5,9,R,NA,1,0,0
14_a,F,2025/6/1,37070,47,35,9,R,NA,1,0,0
14_a,F,2025/6/1,37085,47.5,35.5,9,R,NA,1,0,0
14_a,F,2025/6/1,37100,48,36,9,R,NA,1,0,0
14_a,F,2025/6/1,37115,48.5,36.5,9,R,NA,1,0,0
14_a,F,2025/6/1,37130,49,37,9,R,NA,1,0,0
14_a,F,2025/6/1,37145,49.5,37.5,9,R,NA,1,0,0
14_a,F,2025/6/1,37160,50,38,9,R,NA,1,0,0
14_a,F,2025/6/1,37175,50.5,38.5,9,R,NA,1,0,0
14_a,F,2025/6/1,37190,51,39,9,R,NA,1,0,0
14_a,F,2025/6/1,37205,51.5,39.5,9,R,NA,1,0,0
14_a,F,2025/6/1,37220,52,40,9,R,NA,1,0,0
14_a,F,2025/6/1,37235,52.5,40.5,9,R,NA,1,0,0
14_a,F,2025/6/1,37250,53,41,9,R,NA,1,0,0
14_a,F,2025/6/1,37265,53.5,41.5,9,R,NA,1,0,0
14_a,F,2025/6/1,37280,54,42,9,R,NA,1,0,0
14_a,F,2025/6/1,37295,54.5,42.5,9,R,NA,1,0,0
14_a,F,2025/6/1,37310,55,43,9,R,NA,1,0,0
14_a,F,2025/6/1,37325,55.5,43.5,9,R,NA,1,0,0
14_a,F,2025/6/1,37340,56,44,9,R,NA,1,0,0
14_a,F,2025/6/1,37355,56.5,44.5,9,R,NA,1,0,0
14_a,F,2025/6/1,37370,57,45,9,R,NA,1,0,0
14_a,F,2025/6/1,37385,57.5,45.5,9,R,NA,1,0,0
14_a,F,2025/6/1,37400,58,46,9,R,NA,1,0,0
14_a,F,2025/6/1,37415,58.5,46.5,9,R,NA,1,0,0
14_a,F,2025/6/1,37430,59,47,9,R,NA,1,0,0
14_a,F,2025/6/1,37445,59.5,47.5,9,R,NA,1,0,0
14_a,F,2025/6/1,37460,60,48,9,R,NA,1,0,0
14_a,F,2025/6/1,37475,60.5,48.5,9,R,NA,1,0,0
14_a,F,2025/6/1,37490,61,49,9,R,NA,1,0,0
14_a,F,2025/6/1,37505,61.5,49.5,9,R,NA,1,0,0
14_a,F,2025/6/1,37520,62,50,9,R,NA,1,0,0
14_a,F,2025/6/1,37535,62.5,50.5,9,R,NA,1,0,0
14_a,F,2025/6/1,37550,63,51,9,R,NA,1,0,0
14_a,F,2025/6/1,37565,63.5,51.5,9,R,NA,1,0,0
14_a,F,2025/6/1,37580,64,52,9,R,NA,1,0,0
14_a,F,2025/6/1,37595,64.5,52.5,9,R,NA,1,0,0
14_a,F,2025/6/1,37610,65,53,9,R,NA,1,0,0
14_a,F,2025/6/1,37625,65.5,53.5,9,R,NA,1,0,0
14_a,F,2025/6/1,37640,66,54,9,R,NA,1,0,0
14_a,F,2025/6/1,37655,66.5,54.5,9,R,NA,1,0,0
14_a,F,2025/6/1,37670,67,55,9,R,NA,1,0,0
14_a,F,2025/6/1,37685,67.5,55.5,9,R,NA,1,0,0
14_a,F,2025/6/1,37700,68,56,9,R,NA,1,0,0
14_a,F,2025/6/1,37715,68.5,56.5,9,R,NA,1,0,0
14_a,F,2025/6/1,37730,69,57,9,R,NA,1,0,0
14_a,F,2025/6/1,37745,69.5,57.5,9,R,NA,1,0,0
14_a,F,2025/6/1,37760,70,58,9,R,NA,1,0,0
14_a,F,2025/6/1,37775,70.5,58.5,9,R,NA,1,0,0
14_a,F,2025/6/1,37790,71,59,9,R,NA,1,0,0
14_a,F,2025/6/1,37805,71.5,59.5,9,R,NA,1,0,0
14_a,F,2025/6/1,37820,72,60,9,R,NA,1,0,0
14_a,F,2025/6/1,38515,0,NA,10,R,NA,0,0,0
14_a,F,2025/6/1,38530,0.5,NA,10,R,NA,0,0,0
14_a,F,2025/6/1,38545,1,NA,10,R,NA,0,0,0
14_a,F,2025/6/1,38560,1.5,NA,10,R,NA,0,0,0
14_a,F,2025/6/1,38575,2,NA,10,R,NA,0,0,0
14_a,F,2025/6/1,38590,2.5,NA,10,R,NA,0,0,0
14_a,F,2025/6/1,38605,3,NA,10,R,NA,0,0,0
14_a,F,2025/6/1,38620,3.5,NA,10,R,NA,0,0,0
14_a,F,2025/6/1,38635,4,NA,10,R,NA,0,0,0
14_a,F,2025/6/1,38650,4.5,NA,10,R,NA,0,0,0
14_a,F,2025/6/1,38665,5,NA,10,R,NA,0,0,0
14_a,F,2025/6/1,38680,5.5,NA,10,R,NA,0,0,0
14_a,F,2025/6/1,38695,6,NA,10,R,NA,0,0,0
14_a,F,2025/6/1,38710,6.5,NA,10,R,NA,0,0,0
14_a,F,2025/6/1,38725,7,NA,10,R,NA,0,0,0
14_a,F,2025/6/1,38740,7.5,NA,10,R,NA,0,0,0
14_a,F,2025/6/1,38755,8,NA,10,R,NA,0,0,0
14_a,F,2025/6/1,38770,8.5,NA,10,R,NA,0,0,0
14_a,F,2025/6/1,38785,9,NA,10,R,NA,0,0,0
14_a,F,2025/6/1,38800,9.5,NA,10,R,NA,0,0,0
14_a,F,2025/6/1,38815,10,NA,10,R,NA,0,0,0
14_a,F,2025/6/1,38830,10.5,NA,10,R,NA,0,0,0
14_a,F,2025/6/1,38845,11,NA,10,R,NA,0,0,0
14_a,F,2025/6/1,38860,11.5,NA,10,R,NA,0,0,0
14_a,F,2025/6/1,38875,12,NA,10,R,NA,0,0,0
14_a,F,2025/6/1,38890,12.5,NA,10,R,NA,0,0,0
14_a,F,2025/6/1,38905,13,NA,10,R,NA,0,0,0
14_a,F,2025/6/1,38920,13.5,NA,10,R,NA,0,0,0
14_a,F,2025/6/1,38935,14,NA,10,R,NA,0,0,0
14_a,F,2025/6/1,38950,14.5,NA,10,R,NA,0,0,0
14_a,F,2025/6/1,38965,15,NA,10,R,NA,0,0,0
14_a,F,2025/6/1,38980,15.5,NA,10,R,NA,0,0,0
14_a,F,2025/6/1,38995,16,NA,10,R,NA,0,0,0
14_a,F,2025/6/1,39010,16.5,NA,10,R,NA,0,0,0
14_a,F,2025/6/1,39025,17,NA,10,R,NA,0,0,0
14_a,F,2025/6/1,39040,17.5,NA,10,R,NA,0,0,0
14_a,F,2025/6/1,39055,18,NA,10,R,NA,0,0,0
14_a,F,2025/6/1,39070,18.5,NA,10,R,NA,0,0,0
14_a,F,2025/6/1,39085,19,NA,10,R,NA,0,0,0
14_a,F,2025/6/1,39100,19.5,NA,10,R,NA,0,0,0
14_a,F,2025/6/1,39115,20,NA,10,R,NA,0,0,0
14_a,F,2025/6/1,39130,20.5,NA,10,R,NA,0,0,0
14_a,F,2025/6/1,39145,21,NA,10,R,NA,0,0,0
14_a,F,2025/6/1,39160,21.5,NA,10,R,NA,0,0,0
14_a,F,2025/6/1,39175,22,NA,10,R,NA,0,0,0
14_a,F,2025/6/1,39190,22.5,NA,10,R,NA,0,0,0
14_a,F,2025/6/1,39205,23,NA,10,R,NA,0,0,0
14_a,F,2025/6/1,39220,23.5,NA,10,R,NA,0,0,0
14_a,F,2025/6/1,39235,24,NA,10,R,NA,0,0,0
14_a,F,2025/6/1,39250,24.5,NA,10,R,NA,0,0,0
14_a,F,2025/6/1,39265,25,NA,10,R,NA,0,0,0
14_a,F,2025/6/1,39280,25.5,NA,10,R,NA,0,0,0
14_a,F,2025/6/1,39295,26,NA,10,R,NA,0,0,0
14_a,F,2025/6/1,39310,26.5,NA,10,R,NA,0,0,0
14_a,F,2025/6/1,39325,27,NA,10,R,NA,0,0,0
14_a,F,2025/6/1,39340,27.5,NA,10,R,NA,0,0,0
14_a,F,2025/6/1,39355,28,NA,10,R,NA,0,0,0
14_a,F,2025/6/1,39370,28.5,NA,10,R,NA,0,0,0
14_a,F,2025/6/1,39385,29,NA,10,R,NA,0,0,0
14_a,F,2025/6/1,39400,29.5,NA,10,R,NA,0,0,0
14_a,F,2025/6/1,39415,30,NA,10,R,NA,0,0,0
14_a,F,2025/6/1,39430,30.5,NA,10,R,NA,0,0,0
14_a,F,2025/6/1,39445,31,NA,10,R,NA,0,0,0
14_a,F,2025/6/1,39460,31.5,NA,10,R,NA,0,0,0
14_a,F,2025/6/1,39475,32,NA,10,R,NA,0,0,0
14_a,F,2025/6/1,39490,32.5,NA,10,R,NA,0,0,0
14_a,F,2025/6/1,39505,33,NA,10,R,NA,0,0,0
14_a,F,2025/6/1,39520,33.5,NA,10,R,NA,0,0,0
14_a,F,2025/6/1,39535,34,NA,10,R,NA,0,0,0
14_a,F,2025/6/1,39550,34.5,NA,10,R,NA,0,0,0
14_a,F,2025/6/1,39565,35,NA,10,R,NA,0,0,0
14_a,F,2025/6/1,39580,35.5,NA,10,R,NA,0,0,0
14_a,F,2025/6/1,39595,36,NA,10,R,NA,0,0,0
14_a,F,2025/6/1,39610,36.5,NA,10,R,NA,0,0,0
14_a,F,2025/6/1,39625,37,NA,10,R,NA,0,0,0
14_a,F,2025/6/1,39640,37.5,NA,10,R,NA,0,0,0
14_a,F,2025/6/1,39655,38,0,10,R,NA,1,0,0
14_a,F,2025/6/1,39670,38.5,0.5,10,R,NA,1,0,0
14_a,F,2025/6/1,39685,39,1,10,R,NA,1,0,0
14_a,F,2025/6/1,39700,39.5,1.5,10,R,NA,1,0,0
14_a,F,2025/6/1,39715,40,2,10,R,NA,1,0,0
14_a,F,2025/6/1,39730,40.5,2.5,10,R,NA,1,0,0
14_a,F,2025/6/1,39745,41,3,10,R,NA,1,0,0
14_a,F,2025/6/1,39760,41.5,3.5,10,R,NA,1,0,0
14_a,F,2025/6/1,39775,42,4,10,R,NA,1,0,0
14_a,F,2025/6/1,39790,42.5,4.5,10,R,NA,1,0,0
14_a,F,2025/6/1,39805,43,5,10,R,NA,1,0,0
14_a,F,2025/6/1,39820,43.5,5.5,10,R,NA,1,0,0
14_a,F,2025/6/1,39835,44,6,10,R,NA,1,0,0
14_a,F,2025/6/1,39850,44.5,6.5,10,R,NA,1,0,0
14_a,F,2025/6/1,39865,45,7,10,R,NA,1,0,0
14_a,F,2025/6/1,39880,45.5,7.5,10,R,NA,1,0,0
14_a,F,2025/6/1,39895,46,8,10,R,NA,1,0,0
14_a,F,2025/6/1,39910,46.5,8.5,10,R,NA,1,0,0
14_a,F,2025/6/1,39925,47,9,10,R,NA,1,0,0
14_a,F,2025/6/1,39940,47.5,9.5,10,R,NA,1,0,0
14_a,F,2025/6/1,39955,48,10,10,R,NA,1,0,0
14_a,F,2025/6/1,39970,48.5,10.5,10,R,NA,1,0,0
14_a,F,2025/6/1,39985,49,11,10,R,NA,1,0,0
14_a,F,2025/6/1,40000,49.5,11.5,10,R,NA,1,0,0
14_a,F,2025/6/1,40015,50,12,10,R,NA,1,0,0
14_a,F,2025/6/1,40030,50.5,12.5,10,R,NA,1,0,0
14_a,F,2025/6/1,40045,51,13,10,R,NA,1,0,0
14_a,F,2025/6/1,40060,51.5,13.5,10,R,NA,1,0,0
14_a,F,2025/6/1,40075,52,14,10,R,NA,1,0,0
14_a,F,2025/6/1,40090,52.5,14.5,10,R,NA,1,0,0
14_a,F,2025/6/1,40105,53,15,10,R,NA,1,0,0
14_a,F,2025/6/1,40120,53.5,15.5,10,R,NA,1,0,0
14_a,F,2025/6/1,40135,54,16,10,R,NA,1,0,0
14_a,F,2025/6/1,40150,54.5,16.5,10,R,NA,1,0,0
14_a,F,2025/6/1,40165,55,17,10,R,NA,1,0,0
14_a,F,2025/6/1,40180,55.5,17.5,10,R,NA,1,0,0
14_a,F,2025/6/1,40195,56,18,10,R,NA,1,0,0
14_a,F,2025/6/1,40210,56.5,18.5,10,R,NA,1,0,0
14_a,F,2025/6/1,40225,57,19,10,R,NA,1,0,0
14_a,F,2025/6/1,40240,57.5,19.5,10,R,NA,1,0,0
14_a,F,2025/6/1,40255,58,20,10,R,NA,1,0,0
14_a,F,2025/6/1,40270,58.5,20.5,10,R,NA,1,0,0
14_a,F,2025/6/1,40285,59,21,10,R,NA,1,0,0
14_a,F,2025/6/1,40300,59.5,21.5,10,R,NA,1,0,0
14_a,F,2025/6/1,40315,60,22,10,R,NA,1,0,0
14_a,F,2025/6/1,40330,60.5,22.5,10,R,NA,1,0,0
14_a,F,2025/6/1,40345,61,23,10,R,NA,1,0,0
14_a,F,2025/6/1,40360,61.5,23.5,10,R,NA,1,0,0
14_a,F,2025/6/1,40375,62,24,10,R,NA,1,0,0
14_a,F,2025/6/1,40390,62.5,24.5,10,R,NA,1,0,0
14_a,F,2025/6/1,40405,63,25,10,R,NA,1,0,0
14_a,F,2025/6/1,40420,63.5,25.5,10,R,NA,1,0,0
14_a,F,2025/6/1,40435,64,26,10,R,NA,1,0,0
14_a,F,2025/6/1,40450,64.5,26.5,10,R,NA,1,0,0
14_a,F,2025/6/1,40465,65,27,10,R,NA,1,0,0
14_a,F,2025/6/1,40480,65.5,27.5,10,R,NA,1,0,0
14_a,F,2025/6/1,40495,66,28,10,R,NA,1,0,0
14_a,F,2025/6/1,40510,66.5,28.5,10,R,NA,1,0,0
14_a,F,2025/6/1,40525,67,29,10,R,NA,1,0,0
14_a,F,2025/6/1,40540,67.5,29.5,10,R,NA,1,0,0
14_a,F,2025/6/1,40555,68,30,10,R,NA,1,0,0
14_a,F,2025/6/1,40570,68.5,30.5,10,R,NA,1,0,0
14_a,F,2025/6/1,40585,69,31,10,R,NA,1,0,0
14_a,F,2025/6/1,40600,69.5,31.5,10,R,NA,1,0,0
14_a,F,2025/6/1,40615,70,32,10,R,NA,1,0,0
14_a,F,2025/6/1,40630,70.5,32.5,10,R,NA,1,0,0
14_a,F,2025/6/1,40645,71,33,10,R,NA,1,0,0
14_a,F,2025/6/1,40660,71.5,33.5,10,R,NA,1,0,0
14_a,F,2025/6/1,40675,72,34,10,R,NA,1,0,0
14_a,F,2025/6/1,40690,72.5,34.5,10,R,NA,1,0,0
14_a,F,2025/6/1,40705,73,35,10,R,NA,1,0,0
14_a,F,2025/6/1,40720,73.5,35.5,10,R,NA,1,0,0
14_a,F,2025/6/1,40735,74,36,10,R,NA,1,0,0
14_a,F,2025/6/1,40750,74.5,36.5,10,R,NA,1,0,0
14_a,F,2025/6/1,40765,75,37,10,R,NA,1,0,0
14_a,F,2025/6/1,40780,75.5,37.5,10,R,NA,1,0,0
14_a,F,2025/6/1,40795,76,38,10,R,NA,1,0,0
14_a,F,2025/6/1,40810,76.5,38.5,10,R,NA,1,0,0
14_a,F,2025/6/1,40825,77,39,10,R,NA,1,0,0
14_a,F,2025/6/1,40840,77.5,39.5,10,R,NA,1,0,0
14_a,F,2025/6/1,40855,78,40,10,R,NA,1,0,0
14_a,F,2025/6/1,40870,78.5,40.5,10,R,NA,1,0,0
14_a,F,2025/6/1,40885,79,41,10,R,NA,1,0,0
14_a,F,2025/6/1,40900,79.5,41.5,10,R,NA,1,0,0
14_a,F,2025/6/1,40915,80,42,10,R,NA,1,0,0
14_a,F,2025/6/1,40930,80.5,42.5,10,R,NA,1,0,0
14_a,F,2025/6/1,40945,81,43,10,R,NA,1,0,0
14_a,F,2025/6/1,40960,81.5,43.5,10,R,NA,1,0,0
14_a,F,2025/6/1,40975,82,44,10,R,NA,1,0,0
14_a,F,2025/6/1,40990,82.5,44.5,10,R,NA,1,0,0
14_a,F,2025/6/1,41005,83,45,10,R,NA,1,0,0
14_a,F,2025/6/1,41020,83.5,45.5,10,R,NA,1,0,0
14_a,F,2025/6/1,41035,84,46,10,R,NA,1,0,0
14_a,F,2025/6/1,41050,84.5,46.5,10,R,NA,1,0,0
14_a,F,2025/6/1,41065,85,47,10,R,NA,1,0,0
14_a,F,2025/6/1,41080,85.5,47.5,10,R,NA,1,0,0
14_a,F,2025/6/1,41095,86,48,10,R,NA,1,0,0
14_a,F,2025/6/1,41110,86.5,48.5,10,R,NA,1,0,0
14_a,F,2025/6/1,41125,87,49,10,R,NA,1,0,0
14_a,F,2025/6/1,41140,87.5,49.5,10,R,NA,1,0,0
14_a,F,2025/6/1,41155,88,50,10,R,NA,1,0,0
14_a,F,2025/6/1,41170,88.5,50.5,10,R,NA,1,0,0
14_a,F,2025/6/1,41185,89,51,10,R,NA,1,0,0
14_a,F,2025/6/1,41200,89.5,51.5,10,R,NA,1,0,0
14_a,F,2025/6/1,41215,90,52,10,R,NA,1,0,0
14_a,F,2025/6/1,41230,90.5,52.5,10,R,NA,1,0,0
14_a,F,2025/6/1,41245,91,53,10,R,NA,1,0,0
14_a,F,2025/6/1,41260,91.5,53.5,10,R,NA,1,0,0
14_a,F,2025/6/1,41275,92,54,10,R,NA,1,0,0
14_a,F,2025/6/1,41290,92.5,54.5,10,R,NA,1,0,0
14_a,F,2025/6/1,41305,93,55,10,R,NA,1,0,0
14_a,F,2025/6/1,41320,93.5,55.5,10,R,NA,1,0,0
14_a,F,2025/6/1,41335,94,56,10,R,NA,1,0,0
14_a,F,2025/6/1,41350,94.5,56.5,10,R,NA,1,0,0
14_a,F,2025/6/1,41365,95,57,10,R,NA,1,0,0
14_a,F,2025/6/1,41380,95.5,57.5,10,R,NA,1,0,0
14_a,F,2025/6/1,41395,96,58,10,R,NA,1,0,0
14_a,F,2025/6/1,41410,96.5,58.5,10,R,NA,1,0,0
14_a,F,2025/6/1,41425,97,59,10,R,NA,1,0,0
14_a,F,2025/6/1,41440,97.5,59.5,10,R,NA,1,0,0
14_a,F,2025/6/1,41455,98,60,10,R,NA,1,0,0
59,M,2025/6/1,9790,0,NA,1,L,R,0,0,0
59,M,2025/6/1,9805,0.5,NA,1,L,R,0,0,0
59,M,2025/6/1,9820,1,NA,1,L,R,0,0,0
59,M,2025/6/1,9835,1.5,NA,1,L,R,0,0,0
59,M,2025/6/1,9850,2,NA,1,L,R,0,0,0
59,M,2025/6/1,9865,2.5,NA,1,L,R,0,0,0
59,M,2025/6/1,9880,3,NA,1,L,R,0,0,0
59,M,2025/6/1,9895,3.5,NA,1,L,R,0,0,0
59,M,2025/6/1,9910,4,NA,1,L,R,0,0,0
59,M,2025/6/1,9925,4.5,NA,1,L,R,0,0,0
59,M,2025/6/1,9940,5,NA,1,L,R,0,0,0
59,M,2025/6/1,9955,5.5,NA,1,L,R,0,0,0
59,M,2025/6/1,9970,6,NA,1,L,R,0,0,0
59,M,2025/6/1,9985,6.5,NA,1,L,R,0,0,0
59,M,2025/6/1,10000,7,NA,1,L,R,0,0,0
59,M,2025/6/1,10015,7.5,NA,1,L,R,0,0,0
59,M,2025/6/1,10030,8,NA,1,L,R,0,0,0
59,M,2025/6/1,10045,8.5,NA,1,L,R,0,0,0
59,M,2025/6/1,10060,9,NA,1,L,R,0,0,0
59,M,2025/6/1,10075,9.5,NA,1,L,R,0,0,0
59,M,2025/6/1,10090,10,NA,1,L,R,0,0,0
59,M,2025/6/1,10105,10.5,NA,1,L,R,0,0,0
59,M,2025/6/1,10120,11,NA,1,L,R,0,0,0
59,M,2025/6/1,10135,11.5,NA,1,L,R,0,0,0
59,M,2025/6/1,10150,12,NA,1,L,R,0,0,0
59,M,2025/6/1,10165,12.5,NA,1,L,R,0,0,0
59,M,2025/6/1,10180,13,NA,1,L,R,0,0,0
59,M,2025/6/1,10195,13.5,NA,1,L,R,0,0,0
59,M,2025/6/1,10210,14,NA,1,L,R,0,0,0
59,M,2025/6/1,10225,14.5,0,1,L,R,1,0,0
59,M,2025/6/1,10240,15,0.5,1,L,R,1,0,0
59,M,2025/6/1,10255,15.5,1,1,L,R,1,0,0
59,M,2025/6/1,10270,16,1.5,1,L,R,1,0,0
59,M,2025/6/1,10285,16.5,2,1,L,R,1,0,1
59,M,2025/6/1,10300,17,2.5,1,L,R,1,0,0
59,M,2025/6/1,10315,17.5,3,1,L,R,1,0,1
59,M,2025/6/1,10330,18,3.5,1,L,R,1,0,0
59,M,2025/6/1,10345,18.5,4,1,L,R,1,0,1
59,M,2025/6/1,10360,19,4.5,1,L,R,1,0,0
59,M,2025/6/1,10375,19.5,5,1,L,R,1,0,0
59,M,2025/6/1,10390,20,5.5,1,L,R,1,1,0
59,M,2025/6/1,12695,0,NA,2,L,R,0,0,0
59,M,2025/6/1,12710,0.5,NA,2,L,R,0,0,0
59,M,2025/6/1,12725,1,NA,2,L,R,0,0,0
59,M,2025/6/1,12740,1.5,NA,2,L,R,0,0,0
59,M,2025/6/1,12755,2,NA,2,L,R,0,0,0
59,M,2025/6/1,12770,2.5,NA,2,L,R,0,0,0
59,M,2025/6/1,12785,3,NA,2,L,R,0,0,0
59,M,2025/6/1,12800,3.5,NA,2,L,R,0,0,0
59,M,2025/6/1,12815,4,NA,2,L,R,0,0,0
59,M,2025/6/1,12830,4.5,NA,2,L,R,0,0,0
59,M,2025/6/1,12845,5,NA,2,L,R,0,0,0
59,M,2025/6/1,12860,5.5,NA,2,L,R,0,0,0
59,M,2025/6/1,12875,6,NA,2,L,R,0,0,0
59,M,2025/6/1,12890,6.5,NA,2,L,R,0,0,0
59,M,2025/6/1,12905,7,NA,2,L,R,0,0,0
59,M,2025/6/1,12920,7.5,NA,2,L,R,0,0,0
59,M,2025/6/1,12935,8,NA,2,L,R,0,0,0
59,M,2025/6/1,12950,8.5,NA,2,L,R,0,0,0
59,M,2025/6/1,12965,9,NA,2,L,R,0,0,0
59,M,2025/6/1,12980,9.5,NA,2,L,R,0,0,0
59,M,2025/6/1,12995,10,NA,2,L,R,0,0,0
59,M,2025/6/1,13010,10.5,NA,2,L,R,0,0,0
59,M,2025/6/1,13025,11,NA,2,L,R,0,0,0
59,M,2025/6/1,13040,11.5,NA,2,L,R,0,0,0
59,M,2025/6/1,13055,12,NA,2,L,R,0,0,0
59,M,2025/6/1,13070,12.5,NA,2,L,R,0,0,0
59,M,2025/6/1,13085,13,NA,2,L,R,0,0,0
59,M,2025/6/1,13100,13.5,NA,2,L,R,0,0,0
59,M,2025/6/1,13115,14,NA,2,L,R,0,0,0
59,M,2025/6/1,13130,14.5,NA,2,L,R,0,0,0
59,M,2025/6/1,13145,15,NA,2,L,R,0,0,0
59,M,2025/6/1,13160,15.5,NA,2,L,R,0,0,0
59,M,2025/6/1,13175,16,NA,2,L,R,0,0,0
59,M,2025/6/1,13190,16.5,NA,2,L,R,0,0,0
59,M,2025/6/1,13205,17,NA,2,L,R,0,0,0
59,M,2025/6/1,13220,17.5,0,2,L,R,1,0,0
59,M,2025/6/1,13235,18,0.5,2,L,R,1,0,1
59,M,2025/6/1,13250,18.5,1,2,L,R,1,0,1
59,M,2025/6/1,13265,19,1.5,2,L,R,1,0,0
59,M,2025/6/1,13280,19.5,2,2,L,R,1,0,0
59,M,2025/6/1,13295,20,2.5,2,L,R,1,0,0
59,M,2025/6/1,13310,20.5,3,2,L,R,1,0,0
59,M,2025/6/1,13325,21,3.5,2,L,R,1,0,1
59,M,2025/6/1,13340,21.5,4,2,L,R,1,0,0
59,M,2025/6/1,13355,22,4.5,2,L,R,1,0,0
59,M,2025/6/1,13370,22.5,5,2,L,R,1,0,0
59,M,2025/6/1,13385,23,5.5,2,L,R,1,0,0
59,M,2025/6/1,13400,23.5,6,2,L,R,1,0,0
59,M,2025/6/1,13415,24,6.5,2,L,R,1,0,0
59,M,2025/6/1,13430,24.5,7,2,L,R,1,0,0
59,M,2025/6/1,13445,25,7.5,2,L,R,1,0,0
59,M,2025/6/1,13460,25.5,8,2,L,R,1,0,0
59,M,2025/6/1,13475,26,8.5,2,L,R,1,0,0
59,M,2025/6/1,13490,26.5,9,2,L,R,1,1,0
59,M,2025/6/1,15165,0,NA,3,L,R,0,0,0
59,M,2025/6/1,15180,0.5,NA,3,L,R,0,0,0
59,M,2025/6/1,15195,1,NA,3,L,R,0,0,0
59,M,2025/6/1,15210,1.5,NA,3,L,R,0,0,0
59,M,2025/6/1,15225,2,NA,3,L,R,0,0,0
59,M,2025/6/1,15240,2.5,NA,3,L,R,0,0,0
59,M,2025/6/1,15255,3,NA,3,L,R,0,0,0
59,M,2025/6/1,15270,3.5,NA,3,L,R,0,0,0
59,M,2025/6/1,15285,4,NA,3,L,R,0,0,0
59,M,2025/6/1,15300,4.5,0,3,L,R,1,0,0
59,M,2025/6/1,15315,5,0.5,3,L,R,1,0,0
59,M,2025/6/1,15330,5.5,1,3,L,R,1,0,0
59,M,2025/6/1,15345,6,1.5,3,L,R,1,0,0
59,M,2025/6/1,15360,6.5,2,3,L,R,1,0,0
59,M,2025/6/1,15375,7,2.5,3,L,R,1,0,0
59,M,2025/6/1,15390,7.5,3,3,L,R,1,0,0
59,M,2025/6/1,15405,8,3.5,3,L,R,1,0,0
59,M,2025/6/1,15420,8.5,4,3,L,R,1,0,0
59,M,2025/6/1,15435,9,4.5,3,L,R,1,0,0
59,M,2025/6/1,15450,9.5,5,3,L,R,1,0,0
59,M,2025/6/1,15465,10,5.5,3,L,R,1,0,0
59,M,2025/6/1,15480,10.5,6,3,L,R,1,0,0
59,M,2025/6/1,15495,11,6.5,3,L,R,1,0,0
59,M,2025/6/1,15510,11.5,7,3,L,R,1,0,0
59,M,2025/6/1,15525,12,7.5,3,L,R,1,0,0
59,M,2025/6/1,15540,12.5,8,3,L,R,1,0,0
59,M,2025/6/1,15555,13,8.5,3,L,R,1,0,0
59,M,2025/6/1,15570,13.5,9,3,L,R,1,0,0
59,M,2025/6/1,15585,14,9.5,3,L,R,1,0,0
59,M,2025/6/1,15600,14.5,10,3,L,R,1,0,0
59,M,2025/6/1,15615,15,10.5,3,L,R,1,0,0
59,M,2025/6/1,15630,15.5,11,3,L,R,1,0,0
59,M,2025/6/1,15645,16,11.5,3,L,R,1,0,0
59,M,2025/6/1,15660,16.5,12,3,L,R,1,0,0
59,M,2025/6/1,15675,17,12.5,3,L,R,1,0,0
59,M,2025/6/1,15690,17.5,13,3,L,R,1,0,0
59,M,2025/6/1,15705,18,13.5,3,L,R,1,0,0
59,M,2025/6/1,15720,18.5,14,3,L,R,1,0,0
59,M,2025/6/1,15735,19,14.5,3,L,R,1,0,0
59,M,2025/6/1,15750,19.5,15,3,L,R,1,0,0
59,M,2025/6/1,15765,20,15.5,3,L,R,1,0,0
59,M,2025/6/1,15780,20.5,16,3,L,R,1,0,0
59,M,2025/6/1,15795,21,16.5,3,L,R,1,0,0
59,M,2025/6/1,15810,21.5,17,3,L,R,1,0,0
59,M,2025/6/1,15825,22,17.5,3,L,R,1,0,0
59,M,2025/6/1,15840,22.5,18,3,L,R,1,0,0
59,M,2025/6/1,15855,23,18.5,3,L,R,1,0,0
59,M,2025/6/1,15870,23.5,19,3,L,R,1,0,0
59,M,2025/6/1,15885,24,19.5,3,L,R,1,0,0
59,M,2025/6/1,15900,24.5,20,3,L,R,1,0,0
59,M,2025/6/1,15915,25,20.5,3,L,R,1,0,0
59,M,2025/6/1,15930,25.5,21,3,L,R,1,0,0
59,M,2025/6/1,15945,26,21.5,3,L,R,1,0,0
59,M,2025/6/1,15960,26.5,22,3,L,R,1,0,0
59,M,2025/6/1,15975,27,22.5,3,L,R,1,0,0
59,M,2025/6/1,15990,27.5,23,3,L,R,1,0,0
59,M,2025/6/1,16005,28,23.5,3,L,R,1,0,0
59,M,2025/6/1,16020,28.5,24,3,L,R,1,0,0
59,M,2025/6/1,16035,29,24.5,3,L,R,1,1,0
59,M,2025/6/1,17915,0,NA,4,L,R,0,0,0
59,M,2025/6/1,17930,0.5,NA,4,L,R,0,0,0
59,M,2025/6/1,17945,1,NA,4,L,R,0,0,0
59,M,2025/6/1,17960,1.5,NA,4,L,R,0,0,0
59,M,2025/6/1,17975,2,NA,4,L,R,0,0,0
59,M,2025/6/1,17990,2.5,NA,4,L,R,0,0,0
59,M,2025/6/1,18005,3,NA,4,L,R,0,0,0
59,M,2025/6/1,18020,3.5,NA,4,L,R,0,0,0
59,M,2025/6/1,18035,4,NA,4,L,R,0,0,0
59,M,2025/6/1,18050,4.5,NA,4,L,R,0,0,0
59,M,2025/6/1,18065,5,0,4,L,R,1,0,0
59,M,2025/6/1,18080,5.5,0.5,4,L,R,1,0,0
59,M,2025/6/1,18095,6,1,4,L,R,1,0,0
59,M,2025/6/1,18110,6.5,1.5,4,L,R,1,0,0
59,M,2025/6/1,18125,7,2,4,L,R,1,0,0
59,M,2025/6/1,18140,7.5,2.5,4,L,R,1,0,0
59,M,2025/6/1,18155,8,3,4,L,R,1,0,0
59,M,2025/6/1,18170,8.5,3.5,4,L,R,1,0,0
59,M,2025/6/1,18185,9,4,4,L,R,1,0,0
59,M,2025/6/1,18200,9.5,4.5,4,L,R,1,0,0
59,M,2025/6/1,18215,10,5,4,L,R,1,1,0
59,M,2025/6/1,19565,0,NA,5,L,NA,0,0,0
59,M,2025/6/1,19580,0.5,NA,5,L,NA,0,0,0
59,M,2025/6/1,19595,1,NA,5,L,NA,0,0,0
59,M,2025/6/1,19610,1.5,NA,5,L,NA,0,0,0
59,M,2025/6/1,19625,2,NA,5,L,NA,0,0,0
59,M,2025/6/1,19640,2.5,NA,5,L,NA,0,0,0
59,M,2025/6/1,19655,3,NA,5,L,NA,0,0,0
59,M,2025/6/1,19670,3.5,0,5,L,NA,1,0,0
59,M,2025/6/1,19685,4,0.5,5,L,NA,1,0,0
59,M,2025/6/1,19700,4.5,1,5,L,NA,1,0,0
59,M,2025/6/1,19715,5,1.5,5,L,NA,1,0,0
59,M,2025/6/1,19730,5.5,2,5,L,NA,1,0,0
59,M,2025/6/1,19745,6,2.5,5,L,NA,1,0,0
59,M,2025/6/1,19760,6.5,3,5,L,NA,1,0,0
59,M,2025/6/1,19775,7,3.5,5,L,NA,1,0,0
59,M,2025/6/1,19790,7.5,4,5,L,NA,1,0,0
59,M,2025/6/1,19805,8,4.5,5,L,NA,1,0,0
59,M,2025/6/1,19820,8.5,5,5,L,NA,1,0,0
59,M,2025/6/1,19835,9,5.5,5,L,NA,1,0,0
59,M,2025/6/1,19850,9.5,6,5,L,NA,1,0,0
59,M,2025/6/1,19865,10,6.5,5,L,NA,1,0,0
59,M,2025/6/1,19880,10.5,7,5,L,NA,1,0,0
59,M,2025/6/1,19895,11,7.5,5,L,NA,1,0,0
59,M,2025/6/1,19910,11.5,8,5,L,NA,1,0,0
59,M,2025/6/1,19925,12,8.5,5,L,NA,1,0,0
59,M,2025/6/1,19940,12.5,9,5,L,NA,1,0,0
59,M,2025/6/1,19955,13,9.5,5,L,NA,1,0,0
59,M,2025/6/1,19970,13.5,10,5,L,NA,1,0,0
59,M,2025/6/1,19985,14,10.5,5,L,NA,1,0,0
59,M,2025/6/1,20000,14.5,11,5,L,NA,1,0,0
59,M,2025/6/1,20015,15,11.5,5,L,NA,1,0,0
59,M,2025/6/1,20030,15.5,12,5,L,NA,1,0,0
59,M,2025/6/1,20045,16,12.5,5,L,NA,1,0,0
59,M,2025/6/1,20060,16.5,13,5,L,NA,1,0,0
59,M,2025/6/1,20075,17,13.5,5,L,NA,1,0,0
59,M,2025/6/1,20090,17.5,14,5,L,NA,1,0,0
59,M,2025/6/1,20105,18,14.5,5,L,NA,1,0,0
59,M,2025/6/1,20120,18.5,15,5,L,NA,1,0,0
59,M,2025/6/1,20135,19,15.5,5,L,NA,1,0,0
59,M,2025/6/1,20150,19.5,16,5,L,NA,1,0,0
59,M,2025/6/1,20165,20,16.5,5,L,NA,1,0,0
59,M,2025/6/1,20180,20.5,17,5,L,NA,1,0,0
59,M,2025/6/1,20195,21,17.5,5,L,NA,1,0,0
59,M,2025/6/1,20210,21.5,18,5,L,NA,1,0,0
59,M,2025/6/1,20225,22,18.5,5,L,NA,1,0,0
59,M,2025/6/1,20240,22.5,19,5,L,NA,1,0,0
59,M,2025/6/1,20255,23,19.5,5,L,NA,1,0,0
59,M,2025/6/1,20270,23.5,20,5,L,NA,1,0,0
59,M,2025/6/1,20285,24,20.5,5,L,NA,1,0,0
59,M,2025/6/1,20300,24.5,21,5,L,NA,1,0,0
59,M,2025/6/1,20315,25,21.5,5,L,NA,1,0,0
59,M,2025/6/1,20330,25.5,22,5,L,NA,1,0,0
59,M,2025/6/1,20345,26,22.5,5,L,NA,1,0,0
59,M,2025/6/1,20360,26.5,23,5,L,NA,1,0,0
59,M,2025/6/1,20375,27,23.5,5,L,NA,1,0,0
59,M,2025/6/1,20390,27.5,24,5,L,NA,1,0,0
59,M,2025/6/1,20405,28,24.5,5,L,NA,1,0,0
59,M,2025/6/1,20420,28.5,25,5,L,NA,1,0,0
59,M,2025/6/1,20435,29,25.5,5,L,NA,1,0,0
59,M,2025/6/1,20450,29.5,26,5,L,NA,1,0,0
59,M,2025/6/1,20465,30,26.5,5,L,NA,1,0,0
59,M,2025/6/1,20480,30.5,27,5,L,NA,1,0,0
59,M,2025/6/1,20495,31,27.5,5,L,NA,1,0,0
59,M,2025/6/1,20510,31.5,28,5,L,NA,1,0,0
59,M,2025/6/1,20525,32,28.5,5,L,NA,1,0,0
59,M,2025/6/1,20540,32.5,29,5,L,NA,1,0,0
59,M,2025/6/1,20555,33,29.5,5,L,NA,1,0,0
59,M,2025/6/1,20570,33.5,30,5,L,NA,1,0,0
59,M,2025/6/1,20585,34,30.5,5,L,NA,1,0,0
59,M,2025/6/1,20600,34.5,31,5,L,NA,1,0,0
59,M,2025/6/1,20615,35,31.5,5,L,NA,1,0,0
59,M,2025/6/1,20630,35.5,32,5,L,NA,1,0,0
59,M,2025/6/1,20645,36,32.5,5,L,NA,1,0,0
59,M,2025/6/1,20660,36.5,33,5,L,NA,1,0,0
59,M,2025/6/1,20675,37,33.5,5,L,NA,1,0,0
59,M,2025/6/1,20690,37.5,34,5,L,NA,1,0,0
59,M,2025/6/1,20705,38,34.5,5,L,NA,1,0,0
59,M,2025/6/1,20720,38.5,35,5,L,NA,1,0,0
59,M,2025/6/1,20735,39,35.5,5,L,NA,1,0,0
59,M,2025/6/1,20750,39.5,36,5,L,NA,1,0,0
59,M,2025/6/1,20765,40,36.5,5,L,NA,1,0,0
59,M,2025/6/1,20780,40.5,37,5,L,NA,1,0,0
59,M,2025/6/1,20795,41,37.5,5,L,NA,1,0,0
59,M,2025/6/1,20810,41.5,38,5,L,NA,1,0,0
59,M,2025/6/1,20825,42,38.5,5,L,NA,1,0,0
59,M,2025/6/1,20840,42.5,39,5,L,NA,1,0,0
59,M,2025/6/1,20855,43,39.5,5,L,NA,1,0,0
59,M,2025/6/1,20870,43.5,40,5,L,NA,1,0,0
59,M,2025/6/1,20885,44,40.5,5,L,NA,1,0,0
59,M,2025/6/1,20900,44.5,41,5,L,NA,1,0,0
59,M,2025/6/1,20915,45,41.5,5,L,NA,1,0,0
59,M,2025/6/1,20930,45.5,42,5,L,NA,1,0,0
59,M,2025/6/1,20945,46,42.5,5,L,NA,1,0,0
59,M,2025/6/1,20960,46.5,43,5,L,NA,1,0,0
59,M,2025/6/1,20975,47,43.5,5,L,NA,1,0,0
59,M,2025/6/1,20990,47.5,44,5,L,NA,1,0,0
59,M,2025/6/1,21005,48,44.5,5,L,NA,1,0,0
59,M,2025/6/1,21020,48.5,45,5,L,NA,1,0,0
59,M,2025/6/1,21035,49,45.5,5,L,NA,1,0,0
59,M,2025/6/1,21050,49.5,46,5,L,NA,1,0,0
59,M,2025/6/1,21065,50,46.5,5,L,NA,1,0,0
59,M,2025/6/1,21080,50.5,47,5,L,NA,1,0,0
59,M,2025/6/1,21095,51,47.5,5,L,NA,1,0,0
59,M,2025/6/1,21110,51.5,48,5,L,NA,1,0,0
59,M,2025/6/1,21125,52,48.5,5,L,NA,1,0,0
59,M,2025/6/1,21140,52.5,49,5,L,NA,1,0,0
59,M,2025/6/1,21155,53,49.5,5,L,NA,1,0,0
59,M,2025/6/1,21170,53.5,50,5,L,NA,1,0,0
59,M,2025/6/1,21185,54,50.5,5,L,NA,1,0,0
59,M,2025/6/1,21200,54.5,51,5,L,NA,1,0,0
59,M,2025/6/1,21215,55,51.5,5,L,NA,1,0,0
59,M,2025/6/1,21230,55.5,52,5,L,NA,1,0,0
59,M,2025/6/1,21245,56,52.5,5,L,NA,1,0,0
59,M,2025/6/1,21260,56.5,53,5,L,NA,1,0,0
59,M,2025/6/1,21275,57,53.5,5,L,NA,1,0,0
59,M,2025/6/1,21290,57.5,54,5,L,NA,1,0,0
59,M,2025/6/1,21305,58,54.5,5,L,NA,1,0,0
59,M,2025/6/1,21320,58.5,55,5,L,NA,1,0,0
59,M,2025/6/1,21335,59,55.5,5,L,NA,1,0,0
59,M,2025/6/1,21350,59.5,56,5,L,NA,1,0,0
59,M,2025/6/1,21365,60,56.5,5,L,NA,1,0,0
59,M,2025/6/1,21380,60.5,57,5,L,NA,1,0,0
59,M,2025/6/1,21395,61,57.5,5,L,NA,1,0,0
59,M,2025/6/1,21410,61.5,58,5,L,NA,1,0,0
59,M,2025/6/1,21425,62,58.5,5,L,NA,1,0,0
59,M,2025/6/1,21440,62.5,59,5,L,NA,1,0,0
59,M,2025/6/1,21455,63,59.5,5,L,NA,1,0,0
59,M,2025/6/1,21470,63.5,60,5,L,NA,1,0,0
59,M,2025/6/1,21775,0,NA,6,R,R,0,0,0
59,M,2025/6/1,21790,0.5,NA,6,R,R,0,0,0
59,M,2025/6/1,21805,1,NA,6,R,R,0,0,0
59,M,2025/6/1,21820,1.5,NA,6,R,R,0,0,0
59,M,2025/6/1,21835,2,NA,6,R,R,0,0,0
59,M,2025/6/1,21850,2.5,NA,6,R,R,0,0,0
59,M,2025/6/1,21865,3,NA,6,R,R,0,0,0
59,M,2025/6/1,21880,3.5,NA,6,R,R,0,0,0
59,M,2025/6/1,21895,4,NA,6,R,R,0,0,0
59,M,2025/6/1,21910,4.5,NA,6,R,R,0,0,0
59,M,2025/6/1,21925,5,NA,6,R,R,0,0,0
59,M,2025/6/1,21940,5.5,NA,6,R,R,0,0,0
59,M,2025/6/1,21955,6,NA,6,R,R,0,0,0
59,M,2025/6/1,21970,6.5,NA,6,R,R,0,0,0
59,M,2025/6/1,21985,7,NA,6,R,R,0,0,0
59,M,2025/6/1,22000,7.5,0,6,R,R,1,0,0
59,M,2025/6/1,22015,8,0.5,6,R,R,1,0,0
59,M,2025/6/1,22030,8.5,1,6,R,R,1,0,0
59,M,2025/6/1,22045,9,1.5,6,R,R,1,0,0
59,M,2025/6/1,22060,9.5,2,6,R,R,1,0,0
59,M,2025/6/1,22075,10,2.5,6,R,R,1,0,0
59,M,2025/6/1,22090,10.5,3,6,R,R,1,0,0
59,M,2025/6/1,22105,11,3.5,6,R,R,1,0,0
59,M,2025/6/1,22120,11.5,4,6,R,R,1,0,0
59,M,2025/6/1,22135,12,4.5,6,R,R,1,0,0
59,M,2025/6/1,22150,12.5,5,6,R,R,1,0,0
59,M,2025/6/1,22165,13,5.5,6,R,R,1,0,0
59,M,2025/6/1,22180,13.5,6,6,R,R,1,0,0
59,M,2025/6/1,22195,14,6.5,6,R,R,1,0,0
59,M,2025/6/1,22210,14.5,7,6,R,R,1,0,0
59,M,2025/6/1,22225,15,7.5,6,R,R,1,0,0
59,M,2025/6/1,22240,15.5,8,6,R,R,1,0,0
59,M,2025/6/1,22255,16,8.5,6,R,R,1,0,0
59,M,2025/6/1,22270,16.5,9,6,R,R,1,0,0
59,M,2025/6/1,22285,17,9.5,6,R,R,1,0,0
59,M,2025/6/1,22300,17.5,10,6,R,R,1,0,0
59,M,2025/6/1,22315,18,10.5,6,R,R,1,0,0
59,M,2025/6/1,22330,18.5,11,6,R,R,1,0,0
59,M,2025/6/1,22345,19,11.5,6,R,R,1,0,0
59,M,2025/6/1,22360,19.5,12,6,R,R,1,0,0
59,M,2025/6/1,22375,20,12.5,6,R,R,1,0,0
59,M,2025/6/1,22390,20.5,13,6,R,R,1,0,0
59,M,2025/6/1,22405,21,13.5,6,R,R,1,0,0
59,M,2025/6/1,22420,21.5,14,6,R,R,1,0,0
59,M,2025/6/1,22435,22,14.5,6,R,R,1,0,0
59,M,2025/6/1,22450,22.5,15,6,R,R,1,0,0
59,M,2025/6/1,22465,23,15.5,6,R,R,1,0,0
59,M,2025/6/1,22480,23.5,16,6,R,R,1,0,0
59,M,2025/6/1,22495,24,16.5,6,R,R,1,0,0
59,M,2025/6/1,22510,24.5,17,6,R,R,1,0,0
59,M,2025/6/1,22525,25,17.5,6,R,R,1,0,0
59,M,2025/6/1,22540,25.5,18,6,R,R,1,0,0
59,M,2025/6/1,22555,26,18.5,6,R,R,1,0,0
59,M,2025/6/1,22570,26.5,19,6,R,R,1,0,0
59,M,2025/6/1,22585,27,19.5,6,R,R,1,0,0
59,M,2025/6/1,22600,27.5,20,6,R,R,1,0,0
59,M,2025/6/1,22615,28,20.5,6,R,R,1,0,0
59,M,2025/6/1,22630,28.5,21,6,R,R,1,0,0
59,M,2025/6/1,22645,29,21.5,6,R,R,1,0,0
59,M,2025/6/1,22660,29.5,22,6,R,R,1,0,0
59,M,2025/6/1,22675,30,22.5,6,R,R,1,0,0
59,M,2025/6/1,22690,30.5,23,6,R,R,1,0,0
59,M,2025/6/1,22705,31,23.5,6,R,R,1,0,0
59,M,2025/6/1,22720,31.5,24,6,R,R,1,0,0
59,M,2025/6/1,22735,32,24.5,6,R,R,1,0,0
59,M,2025/6/1,22750,32.5,25,6,R,R,1,0,0
59,M,2025/6/1,22765,33,25.5,6,R,R,1,0,0
59,M,2025/6/1,22780,33.5,26,6,R,R,1,0,0
59,M,2025/6/1,22795,34,26.5,6,R,R,1,0,0
59,M,2025/6/1,22810,34.5,27,6,R,R,1,0,0
59,M,2025/6/1,22825,35,27.5,6,R,R,1,0,0
59,M,2025/6/1,22840,35.5,28,6,R,R,1,0,0
59,M,2025/6/1,22855,36,28.5,6,R,R,1,0,0
59,M,2025/6/1,22870,36.5,29,6,R,R,1,0,0
59,M,2025/6/1,22885,37,29.5,6,R,R,1,0,0
59,M,2025/6/1,22900,37.5,30,6,R,R,1,0,0
59,M,2025/6/1,22915,38,30.5,6,R,R,1,0,0
59,M,2025/6/1,22930,38.5,31,6,R,R,1,0,0
59,M,2025/6/1,22945,39,31.5,6,R,R,1,0,0
59,M,2025/6/1,22960,39.5,32,6,R,R,1,0,0
59,M,2025/6/1,22975,40,32.5,6,R,R,1,0,0
59,M,2025/6/1,22990,40.5,33,6,R,R,1,0,0
59,M,2025/6/1,23005,41,33.5,6,R,R,1,0,0
59,M,2025/6/1,23020,41.5,34,6,R,R,1,0,0
59,M,2025/6/1,23035,42,34.5,6,R,R,1,0,0
59,M,2025/6/1,23050,42.5,35,6,R,R,1,0,0
59,M,2025/6/1,23065,43,35.5,6,R,R,1,0,0
59,M,2025/6/1,23080,43.5,36,6,R,R,1,0,0
59,M,2025/6/1,23095,44,36.5,6,R,R,1,0,0
59,M,2025/6/1,23110,44.5,37,6,R,R,1,0,0
59,M,2025/6/1,23125,45,37.5,6,R,R,1,0,0
59,M,2025/6/1,23140,45.5,38,6,R,R,1,0,0
59,M,2025/6/1,23155,46,38.5,6,R,R,1,0,0
59,M,2025/6/1,23170,46.5,39,6,R,R,1,0,0
59,M,2025/6/1,23185,47,39.5,6,R,R,1,0,0
59,M,2025/6/1,23200,47.5,40,6,R,R,1,0,0
59,M,2025/6/1,23215,48,40.5,6,R,R,1,0,0
59,M,2025/6/1,23230,48.5,41,6,R,R,1,0,0
59,M,2025/6/1,23245,49,41.5,6,R,R,1,0,0
59,M,2025/6/1,23260,49.5,42,6,R,R,1,0,0
59,M,2025/6/1,23275,50,42.5,6,R,R,1,0,0
59,M,2025/6/1,23290,50.5,43,6,R,R,1,0,0
59,M,2025/6/1,23305,51,43.5,6,R,R,1,0,0
59,M,2025/6/1,23320,51.5,44,6,R,R,1,0,0
59,M,2025/6/1,23335,52,44.5,6,R,R,1,0,0
59,M,2025/6/1,23350,52.5,45,6,R,R,1,0,0
59,M,2025/6/1,23365,53,45.5,6,R,R,1,0,0
59,M,2025/6/1,23380,53.5,46,6,R,R,1,0,0
59,M,2025/6/1,23395,54,46.5,6,R,R,1,0,0
59,M,2025/6/1,23410,54.5,47,6,R,R,1,0,0
59,M,2025/6/1,23425,55,47.5,6,R,R,1,0,0
59,M,2025/6/1,23440,55.5,48,6,R,R,1,0,0
59,M,2025/6/1,23455,56,48.5,6,R,R,1,0,0
59,M,2025/6/1,23470,56.5,49,6,R,R,1,0,0
59,M,2025/6/1,23485,57,49.5,6,R,R,1,0,0
59,M,2025/6/1,23500,57.5,50,6,R,R,1,0,0
59,M,2025/6/1,23515,58,50.5,6,R,R,1,0,0
59,M,2025/6/1,23530,58.5,51,6,R,R,1,0,0
59,M,2025/6/1,23545,59,51.5,6,R,R,1,0,0
59,M,2025/6/1,23560,59.5,52,6,R,R,1,0,0
59,M,2025/6/1,23575,60,52.5,6,R,R,1,0,0
59,M,2025/6/1,23590,60.5,53,6,R,R,1,0,0
59,M,2025/6/1,23605,61,53.5,6,R,R,1,0,0
59,M,2025/6/1,23620,61.5,54,6,R,R,1,0,0
59,M,2025/6/1,23635,62,54.5,6,R,R,1,0,0
59,M,2025/6/1,23650,62.5,55,6,R,R,1,0,0
59,M,2025/6/1,23665,63,55.5,6,R,R,1,0,0
59,M,2025/6/1,23680,63.5,56,6,R,R,1,0,0
59,M,2025/6/1,23695,64,56.5,6,R,R,1,0,0
59,M,2025/6/1,23710,64.5,57,6,R,R,1,0,0
59,M,2025/6/1,23725,65,57.5,6,R,R,1,0,0
59,M,2025/6/1,23740,65.5,58,6,R,R,1,0,0
59,M,2025/6/1,23755,66,58.5,6,R,R,1,0,0
59,M,2025/6/1,23770,66.5,59,6,R,R,1,1,0
59,M,2025/6/1,24475,0,NA,7,R,R,0,0,0
59,M,2025/6/1,24490,0.5,NA,7,R,R,0,0,0
59,M,2025/6/1,24505,1,NA,7,R,R,0,0,0
59,M,2025/6/1,24520,1.5,NA,7,R,R,0,0,0
59,M,2025/6/1,24535,2,NA,7,R,R,0,0,0
59,M,2025/6/1,24550,2.5,NA,7,R,R,0,0,0
59,M,2025/6/1,24565,3,NA,7,R,R,0,0,0
59,M,2025/6/1,24580,3.5,NA,7,R,R,0,0,0
59,M,2025/6/1,24595,4,NA,7,R,R,0,0,0
59,M,2025/6/1,24610,4.5,NA,7,R,R,0,0,0
59,M,2025/6/1,24625,5,NA,7,R,R,0,0,0
59,M,2025/6/1,24640,5.5,NA,7,R,R,0,0,0
59,M,2025/6/1,24655,6,NA,7,R,R,0,0,0
59,M,2025/6/1,24670,6.5,NA,7,R,R,0,0,0
59,M,2025/6/1,24685,7,NA,7,R,R,0,0,0
59,M,2025/6/1,24700,7.5,NA,7,R,R,0,0,0
59,M,2025/6/1,24715,8,NA,7,R,R,0,0,0
59,M,2025/6/1,24730,8.5,NA,7,R,R,0,0,0
59,M,2025/6/1,24745,9,NA,7,R,R,0,0,0
59,M,2025/6/1,24760,9.5,NA,7,R,R,0,0,0
59,M,2025/6/1,24775,10,NA,7,R,R,0,0,0
59,M,2025/6/1,24790,10.5,NA,7,R,R,0,0,0
59,M,2025/6/1,24805,11,NA,7,R,R,0,0,0
59,M,2025/6/1,24820,11.5,0,7,R,R,1,0,0
59,M,2025/6/1,24835,12,0.5,7,R,R,1,0,0
59,M,2025/6/1,24850,12.5,1,7,R,R,1,0,0
59,M,2025/6/1,24865,13,1.5,7,R,R,1,0,0
59,M,2025/6/1,24880,13.5,2,7,R,R,1,0,0
59,M,2025/6/1,24895,14,2.5,7,R,R,1,0,1
59,M,2025/6/1,24910,14.5,3,7,R,R,1,0,0
59,M,2025/6/1,24925,15,3.5,7,R,R,1,0,0
59,M,2025/6/1,24940,15.5,4,7,R,R,1,1,0
59,M,2025/6/1,26730,0,NA,8,R,NA,0,0,0
59,M,2025/6/1,26745,0.5,NA,8,R,NA,0,0,0
59,M,2025/6/1,26760,1,NA,8,R,NA,0,0,0
59,M,2025/6/1,26775,1.5,NA,8,R,NA,0,0,0
59,M,2025/6/1,26790,2,NA,8,R,NA,0,0,0
59,M,2025/6/1,26805,2.5,NA,8,R,NA,0,0,0
59,M,2025/6/1,26820,3,NA,8,R,NA,0,0,0
59,M,2025/6/1,26835,3.5,NA,8,R,NA,0,0,0
59,M,2025/6/1,26850,4,NA,8,R,NA,0,0,0
59,M,2025/6/1,26865,4.5,NA,8,R,NA,0,0,0
59,M,2025/6/1,26880,5,NA,8,R,NA,0,0,0
59,M,2025/6/1,26895,5.5,NA,8,R,NA,0,0,0
59,M,2025/6/1,26910,6,NA,8,R,NA,0,0,0
59,M,2025/6/1,26925,6.5,NA,8,R,NA,0,0,0
59,M,2025/6/1,26940,7,NA,8,R,NA,0,0,0
59,M,2025/6/1,26955,7.5,NA,8,R,NA,0,0,0
59,M,2025/6/1,26970,8,0,8,R,NA,1,0,0
59,M,2025/6/1,26985,8.5,0.5,8,R,NA,1,0,0
59,M,2025/6/1,27000,9,1,8,R,NA,1,0,0
59,M,2025/6/1,27015,9.5,1.5,8,R,NA,1,0,0
59,M,2025/6/1,27030,10,2,8,R,NA,1,0,0
59,M,2025/6/1,27045,10.5,2.5,8,R,NA,1,0,0
59,M,2025/6/1,27060,11,3,8,R,NA,1,0,0
59,M,2025/6/1,27075,11.5,3.5,8,R,NA,1,0,0
59,M,2025/6/1,27090,12,4,8,R,NA,1,0,0
59,M,2025/6/1,27105,12.5,4.5,8,R,NA,1,0,0
59,M,2025/6/1,27120,13,5,8,R,NA,1,0,0
59,M,2025/6/1,27135,13.5,5.5,8,R,NA,1,0,0
59,M,2025/6/1,27150,14,6,8,R,NA,1,0,0
59,M,2025/6/1,27165,14.5,6.5,8,R,NA,1,0,0
59,M,2025/6/1,27180,15,7,8,R,NA,1,0,0
59,M,2025/6/1,27195,15.5,7.5,8,R,NA,1,0,0
59,M,2025/6/1,27210,16,8,8,R,NA,1,0,0
59,M,2025/6/1,27225,16.5,8.5,8,R,NA,1,0,0
59,M,2025/6/1,27240,17,9,8,R,NA,1,0,0
59,M,2025/6/1,27255,17.5,9.5,8,R,NA,1,0,0
59,M,2025/6/1,27270,18,10,8,R,NA,1,0,0
59,M,2025/6/1,27285,18.5,10.5,8,R,NA,1,0,0
59,M,2025/6/1,27300,19,11,8,R,NA,1,0,0
59,M,2025/6/1,27315,19.5,11.5,8,R,NA,1,0,0
59,M,2025/6/1,27330,20,12,8,R,NA,1,0,0
59,M,2025/6/1,27345,20.5,12.5,8,R,NA,1,0,0
59,M,2025/6/1,27360,21,13,8,R,NA,1,0,0
59,M,2025/6/1,27375,21.5,13.5,8,R,NA,1,0,0
59,M,2025/6/1,27390,22,14,8,R,NA,1,0,0
59,M,2025/6/1,27405,22.5,14.5,8,R,NA,1,0,0
59,M,2025/6/1,27420,23,15,8,R,NA,1,0,0
59,M,2025/6/1,27435,23.5,15.5,8,R,NA,1,0,0
59,M,2025/6/1,27450,24,16,8,R,NA,1,0,0
59,M,2025/6/1,27465,24.5,16.5,8,R,NA,1,0,0
59,M,2025/6/1,27480,25,17,8,R,NA,1,0,0
59,M,2025/6/1,27495,25.5,17.5,8,R,NA,1,0,0
59,M,2025/6/1,27510,26,18,8,R,NA,1,0,0
59,M,2025/6/1,27525,26.5,18.5,8,R,NA,1,0,0
59,M,2025/6/1,27540,27,19,8,R,NA,1,0,0
59,M,2025/6/1,27555,27.5,19.5,8,R,NA,1,0,0
59,M,2025/6/1,27570,28,20,8,R,NA,1,0,0
59,M,2025/6/1,27585,28.5,20.5,8,R,NA,1,0,0
59,M,2025/6/1,27600,29,21,8,R,NA,1,0,0
59,M,2025/6/1,27615,29.5,21.5,8,R,NA,1,0,0
59,M,2025/6/1,27630,30,22,8,R,NA,1,0,0
59,M,2025/6/1,27645,30.5,22.5,8,R,NA,1,0,0
59,M,2025/6/1,27660,31,23,8,R,NA,1,0,0
59,M,2025/6/1,27675,31.5,23.5,8,R,NA,1,0,0
59,M,2025/6/1,27690,32,24,8,R,NA,1,0,0
59,M,2025/6/1,27705,32.5,24.5,8,R,NA,1,0,0
59,M,2025/6/1,27720,33,25,8,R,NA,1,0,0
59,M,2025/6/1,27735,33.5,25.5,8,R,NA,1,0,0
59,M,2025/6/1,27750,34,26,8,R,NA,1,0,0
59,M,2025/6/1,27765,34.5,26.5,8,R,NA,1,0,0
59,M,2025/6/1,27780,35,27,8,R,NA,1,0,0
59,M,2025/6/1,27795,35.5,27.5,8,R,NA,1,0,0
59,M,2025/6/1,27810,36,28,8,R,NA,1,0,0
59,M,2025/6/1,27825,36.5,28.5,8,R,NA,1,0,0
59,M,2025/6/1,27840,37,29,8,R,NA,1,0,0
59,M,2025/6/1,27855,37.5,29.5,8,R,NA,1,0,0
59,M,2025/6/1,27870,38,30,8,R,NA,1,0,0
59,M,2025/6/1,27885,38.5,30.5,8,R,NA,1,0,0
59,M,2025/6/1,27900,39,31,8,R,NA,1,0,0
59,M,2025/6/1,27915,39.5,31.5,8,R,NA,1,0,0
59,M,2025/6/1,27930,40,32,8,R,NA,1,0,0
59,M,2025/6/1,27945,40.5,32.5,8,R,NA,1,0,0
59,M,2025/6/1,27960,41,33,8,R,NA,1,0,0
59,M,2025/6/1,27975,41.5,33.5,8,R,NA,1,0,0
59,M,2025/6/1,27990,42,34,8,R,NA,1,0,0
59,M,2025/6/1,28005,42.5,34.5,8,R,NA,1,0,0
59,M,2025/6/1,28020,43,35,8,R,NA,1,0,0
59,M,2025/6/1,28035,43.5,35.5,8,R,NA,1,0,0
59,M,2025/6/1,28050,44,36,8,R,NA,1,0,0
59,M,2025/6/1,28065,44.5,36.5,8,R,NA,1,0,0
59,M,2025/6/1,28080,45,37,8,R,NA,1,0,0
59,M,2025/6/1,28095,45.5,37.5,8,R,NA,1,0,0
59,M,2025/6/1,28110,46,38,8,R,NA,1,0,0
59,M,2025/6/1,28125,46.5,38.5,8,R,NA,1,0,0
59,M,2025/6/1,28140,47,39,8,R,NA,1,0,0
59,M,2025/6/1,28155,47.5,39.5,8,R,NA,1,0,0
59,M,2025/6/1,28170,48,40,8,R,NA,1,0,0
59,M,2025/6/1,28185,48.5,40.5,8,R,NA,1,0,0
59,M,2025/6/1,28200,49,41,8,R,NA,1,0,0
59,M,2025/6/1,28215,49.5,41.5,8,R,NA,1,0,0
59,M,2025/6/1,28230,50,42,8,R,NA,1,0,0
59,M,2025/6/1,28245,50.5,42.5,8,R,NA,1,0,0
59,M,2025/6/1,28260,51,43,8,R,NA,1,0,0
59,M,2025/6/1,28275,51.5,43.5,8,R,NA,1,0,0
59,M,2025/6/1,28290,52,44,8,R,NA,1,0,0
59,M,2025/6/1,28305,52.5,44.5,8,R,NA,1,0,0
59,M,2025/6/1,28320,53,45,8,R,NA,1,0,0
59,M,2025/6/1,28335,53.5,45.5,8,R,NA,1,0,0
59,M,2025/6/1,28350,54,46,8,R,NA,1,0,0
59,M,2025/6/1,28365,54.5,46.5,8,R,NA,1,0,0
59,M,2025/6/1,28380,55,47,8,R,NA,1,0,0
59,M,2025/6/1,28395,55.5,47.5,8,R,NA,1,0,0
59,M,2025/6/1,28410,56,48,8,R,NA,1,0,0
59,M,2025/6/1,28425,56.5,48.5,8,R,NA,1,0,0
59,M,2025/6/1,28440,57,49,8,R,NA,1,0,0
59,M,2025/6/1,28455,57.5,49.5,8,R,NA,1,0,0
59,M,2025/6/1,28470,58,50,8,R,NA,1,0,0
59,M,2025/6/1,28485,58.5,50.5,8,R,NA,1,0,0
59,M,2025/6/1,28500,59,51,8,R,NA,1,0,0
59,M,2025/6/1,28515,59.5,51.5,8,R,NA,1,0,0
59,M,2025/6/1,28530,60,52,8,R,NA,1,0,0
59,M,2025/6/1,28545,60.5,52.5,8,R,NA,1,0,0
59,M,2025/6/1,28560,61,53,8,R,NA,1,0,0
59,M,2025/6/1,28575,61.5,53.5,8,R,NA,1,0,0
59,M,2025/6/1,28590,62,54,8,R,NA,1,0,0
59,M,2025/6/1,28605,62.5,54.5,8,R,NA,0,0,0
59,M,2025/6/1,28620,63,55,8,R,NA,0,0,0
59,M,2025/6/1,28635,63.5,55.5,8,R,NA,0,0,0
59,M,2025/6/1,28650,64,56,8,R,NA,0,0,0
59,M,2025/6/1,28665,64.5,56.5,8,R,NA,0,0,0
59,M,2025/6/1,28680,65,57,8,R,NA,0,0,0
59,M,2025/6/1,28695,65.5,57.5,8,R,NA,0,0,0
59,M,2025/6/1,28710,66,58,8,R,NA,0,0,0
59,M,2025/6/1,28725,66.5,58.5,8,R,NA,0,0,0
59,M,2025/6/1,28740,67,59,8,R,NA,0,0,0
59,M,2025/6/1,28755,67.5,59.5,8,R,NA,0,0,0
59,M,2025/6/1,28770,68,60,8,R,NA,0,0,0
59,M,2025/6/1,29010,0,NA,9,R,R,0,0,0
59,M,2025/6/1,29025,0.5,NA,9,R,R,0,0,0
59,M,2025/6/1,29040,1,NA,9,R,R,0,0,0
59,M,2025/6/1,29055,1.5,NA,9,R,R,0,0,0
59,M,2025/6/1,29070,2,NA,9,R,R,0,0,0
59,M,2025/6/1,29085,2.5,NA,9,R,R,0,0,0
59,M,2025/6/1,29100,3,NA,9,R,R,0,0,0
59,M,2025/6/1,29115,3.5,NA,9,R,R,0,0,0
59,M,2025/6/1,29130,4,NA,9,R,R,0,0,0
59,M,2025/6/1,29145,4.5,NA,9,R,R,0,0,0
59,M,2025/6/1,29160,5,NA,9,R,R,0,0,0
59,M,2025/6/1,29175,5.5,NA,9,R,R,0,0,0
59,M,2025/6/1,29190,6,NA,9,R,R,0,0,0
59,M,2025/6/1,29205,6.5,NA,9,R,R,0,0,0
59,M,2025/6/1,29220,7,NA,9,R,R,0,0,0
59,M,2025/6/1,29235,7.5,NA,9,R,R,0,0,0
59,M,2025/6/1,29250,8,NA,9,R,R,0,0,0
59,M,2025/6/1,29265,8.5,NA,9,R,R,0,0,0
59,M,2025/6/1,29280,9,NA,9,R,R,0,0,0
59,M,2025/6/1,29295,9.5,NA,9,R,R,0,0,0
59,M,2025/6/1,29310,10,NA,9,R,R,0,0,0
59,M,2025/6/1,29325,10.5,NA,9,R,R,0,0,0
59,M,2025/6/1,29340,11,NA,9,R,R,0,0,0
59,M,2025/6/1,29355,11.5,NA,9,R,R,0,0,0
59,M,2025/6/1,29370,12,0,9,R,R,1,0,0
59,M,2025/6/1,29385,12.5,0.5,9,R,R,1,0,0
59,M,2025/6/1,29400,13,1,9,R,R,1,0,0
59,M,2025/6/1,29415,13.5,1.5,9,R,R,1,0,0
59,M,2025/6/1,29430,14,2,9,R,R,1,0,0
59,M,2025/6/1,29445,14.5,2.5,9,R,R,1,0,0
59,M,2025/6/1,29460,15,3,9,R,R,1,0,1
59,M,2025/6/1,29475,15.5,3.5,9,R,R,1,0,0
59,M,2025/6/1,29490,16,4,9,R,R,1,0,0
59,M,2025/6/1,29505,16.5,4.5,9,R,R,1,0,0
59,M,2025/6/1,29520,17,5,9,R,R,1,0,0
59,M,2025/6/1,29535,17.5,5.5,9,R,R,1,1,0
59,M,2025/6/1,30725,0,NA,10,R,L,0,0,0
59,M,2025/6/1,30740,0.5,NA,10,R,L,0,0,0
59,M,2025/6/1,30755,1,NA,10,R,L,0,0,0
59,M,2025/6/1,30770,1.5,NA,10,R,L,0,0,0
59,M,2025/6/1,30785,2,NA,10,R,L,0,0,0
59,M,2025/6/1,30800,2.5,NA,10,R,L,0,0,0
59,M,2025/6/1,30815,3,NA,10,R,L,0,0,0
59,M,2025/6/1,30830,3.5,NA,10,R,L,0,0,0
59,M,2025/6/1,30845,4,NA,10,R,L,0,0,0
59,M,2025/6/1,30860,4.5,NA,10,R,L,0,0,0
59,M,2025/6/1,30875,5,NA,10,R,L,0,0,0
59,M,2025/6/1,30890,5.5,NA,10,R,L,0,0,0
59,M,2025/6/1,30905,6,NA,10,R,L,0,0,0
59,M,2025/6/1,30920,6.5,NA,10,R,L,0,0,0
59,M,2025/6/1,30935,7,NA,10,R,L,0,0,0
59,M,2025/6/1,30950,7.5,NA,10,R,L,0,0,0
59,M,2025/6/1,30965,8,NA,10,R,L,0,0,0
59,M,2025/6/1,30980,8.5,NA,10,R,L,0,0,0
59,M,2025/6/1,30995,9,NA,10,R,L,0,0,0
59,M,2025/6/1,31010,9.5,NA,10,R,L,0,0,0
59,M,2025/6/1,31025,10,NA,10,R,L,0,0,0
59,M,2025/6/1,31040,10.5,NA,10,R,L,0,0,0
59,M,2025/6/1,31055,11,NA,10,R,L,0,0,0
59,M,2025/6/1,31070,11.5,NA,10,R,L,0,0,0
59,M,2025/6/1,31085,12,NA,10,R,L,0,0,0
59,M,2025/6/1,31100,12.5,NA,10,R,L,0,0,0
59,M,2025/6/1,31115,13,NA,10,R,L,0,0,0
59,M,2025/6/1,31130,13.5,NA,10,R,L,0,0,0
59,M,2025/6/1,31145,14,NA,10,R,L,0,0,0
59,M,2025/6/1,31160,14.5,NA,10,R,L,0,0,0
59,M,2025/6/1,31175,15,0,10,R,L,1,0,0
59,M,2025/6/1,31190,15.5,0.5,10,R,L,1,0,0
59,M,2025/6/1,31205,16,1,10,R,L,1,0,0
59,M,2025/6/1,31220,16.5,1.5,10,R,L,1,0,0
59,M,2025/6/1,31235,17,2,10,R,L,1,0,0
59,M,2025/6/1,31250,17.5,2.5,10,R,L,1,0,0
59,M,2025/6/1,31265,18,3,10,R,L,1,0,0
59,M,2025/6/1,31280,18.5,3.5,10,R,L,1,0,0
59,M,2025/6/1,31295,19,4,10,R,L,1,0,0
59,M,2025/6/1,31310,19.5,4.5,10,R,L,1,0,0
59,M,2025/6/1,31325,20,5,10,R,L,1,0,1
59,M,2025/6/1,31340,20.5,5.5,10,R,L,1,0,0
59,M,2025/6/1,31355,21,6,10,R,L,1,0,0
59,M,2025/6/1,31370,21.5,6.5,10,R,L,1,0,0
59,M,2025/6/1,31385,22,7,10,R,L,1,0,0
59,M,2025/6/1,31400,22.5,7.5,10,R,L,1,0,0
59,M,2025/6/1,31415,23,8,10,R,L,1,0,0
59,M,2025/6/1,31430,23.5,8.5,10,R,L,1,0,0
59,M,2025/6/1,31445,24,9,10,R,L,1,0,0
59,M,2025/6/1,31460,24.5,9.5,10,R,L,1,0,0
59,M,2025/6/1,31475,25,10,10,R,L,1,0,0
59,M,2025/6/1,31490,25.5,10.5,10,R,L,1,0,0
59,M,2025/6/1,31505,26,11,10,R,L,1,0,0
59,M,2025/6/1,31520,26.5,11.5,10,R,L,1,0,0
59,M,2025/6/1,31535,27,12,10,R,L,1,0,0
59,M,2025/6/1,31550,27.5,12.5,10,R,L,1,0,0
59,M,2025/6/1,31565,28,13,10,R,L,1,0,0
59,M,2025/6/1,31580,28.5,13.5,10,R,L,1,0,0
59,M,2025/6/1,31595,29,14,10,R,L,1,0,0
59,M,2025/6/1,31610,29.5,14.5,10,R,L,1,0,0
59,M,2025/6/1,31625,30,15,10,R,L,1,0,0
59,M,2025/6/1,31640,30.5,15.5,10,R,L,1,0,0
59,M,2025/6/1,31655,31,16,10,R,L,1,0,0
59,M,2025/6/1,31670,31.5,16.5,10,R,L,1,0,0
59,M,2025/6/1,31685,32,17,10,R,L,1,0,0
59,M,2025/6/1,31700,32.5,17.5,10,R,L,1,0,0
59,M,2025/6/1,31715,33,18,10,R,L,1,0,0
59,M,2025/6/1,31730,33.5,18.5,10,R,L,1,0,0
59,M,2025/6/1,31745,34,19,10,R,L,1,0,0
59,M,2025/6/1,31760,34.5,19.5,10,R,L,1,0,0
59,M,2025/6/1,31775,35,20,10,R,L,1,0,0
59,M,2025/6/1,31790,35.5,20.5,10,R,L,1,0,0
59,M,2025/6/1,31805,36,21,10,R,L,1,0,0
59,M,2025/6/1,31820,36.5,21.5,10,R,L,1,0,0
59,M,2025/6/1,31835,37,22,10,R,L,1,0,0
59,M,2025/6/1,31850,37.5,22.5,10,R,L,1,0,0
59,M,2025/6/1,31865,38,23,10,R,L,1,0,0
59,M,2025/6/1,31880,38.5,23.5,10,R,L,1,0,0
59,M,2025/6/1,31895,39,24,10,R,L,1,0,0
59,M,2025/6/1,31910,39.5,24.5,10,R,L,1,0,0
59,M,2025/6/1,31925,40,25,10,R,L,1,0,0
59,M,2025/6/1,31940,40.5,25.5,10,R,L,1,0,0
59,M,2025/6/1,31955,41,26,10,R,L,1,0,0
59,M,2025/6/1,31970,41.5,26.5,10,R,L,1,0,0
59,M,2025/6/1,31985,42,27,10,R,L,1,0,0
59,M,2025/6/1,32000,42.5,27.5,10,R,L,1,0,0
59,M,2025/6/1,32015,43,28,10,R,L,1,0,0
59,M,2025/6/1,32030,43.5,28.5,10,R,L,1,0,0
59,M,2025/6/1,32045,44,29,10,R,L,1,0,0
59,M,2025/6/1,32060,44.5,29.5,10,R,L,1,0,0
59,M,2025/6/1,32075,45,30,10,R,L,1,0,0
59,M,2025/6/1,32090,45.5,30.5,10,R,L,1,0,0
59,M,2025/6/1,32105,46,31,10,R,L,1,0,0
59,M,2025/6/1,32120,46.5,31.5,10,R,L,1,0,0
59,M,2025/6/1,32135,47,32,10,R,L,1,0,0
59,M,2025/6/1,32150,47.5,32.5,10,R,L,1,0,0
59,M,2025/6/1,32165,48,33,10,R,L,1,0,0
59,M,2025/6/1,32180,48.5,33.5,10,R,L,1,0,0
59,M,2025/6/1,32195,49,34,10,R,L,1,0,0
59,M,2025/6/1,32210,49.5,34.5,10,R,L,1,0,0
59,M,2025/6/1,32225,50,35,10,R,L,1,0,0
59,M,2025/6/1,32240,50.5,35.5,10,R,L,1,0,0
59,M,2025/6/1,32255,51,36,10,R,L,1,0,0
59,M,2025/6/1,32270,51.5,36.5,10,R,L,1,0,0
59,M,2025/6/1,32285,52,37,10,R,L,1,0,0
59,M,2025/6/1,32300,52.5,37.5,10,R,L,1,0,0
59,M,2025/6/1,32315,53,38,10,R,L,1,0,0
59,M,2025/6/1,32330,53.5,38.5,10,R,L,1,0,0
59,M,2025/6/1,32345,54,39,10,R,L,1,0,0
59,M,2025/6/1,32360,54.5,39.5,10,R,L,1,1,0
63,F,2025/6/2,6275,0,NA,1,L,NA,0,0,0
63,F,2025/6/2,6290,0.5,NA,1,L,NA,0,0,0
63,F,2025/6/2,6305,1,NA,1,L,NA,0,0,0
63,F,2025/6/2,6320,1.5,NA,1,L,NA,0,0,0
63,F,2025/6/2,6335,2,NA,1,L,NA,0,0,0
63,F,2025/6/2,6350,2.5,NA,1,L,NA,0,0,0
63,F,2025/6/2,6365,3,NA,1,L,NA,0,0,0
63,F,2025/6/2,6380,3.5,NA,1,L,NA,0,0,0
63,F,2025/6/2,6395,4,0,1,L,NA,1,0,0
63,F,2025/6/2,6410,4.5,0.5,1,L,NA,1,0,0
63,F,2025/6/2,6425,5,1,1,L,NA,1,0,0
63,F,2025/6/2,6440,5.5,1.5,1,L,NA,1,0,0
63,F,2025/6/2,6455,6,2,1,L,NA,1,0,0
63,F,2025/6/2,6470,6.5,2.5,1,L,NA,1,0,0
63,F,2025/6/2,6485,7,3,1,L,NA,1,0,0
63,F,2025/6/2,6500,7.5,3.5,1,L,NA,1,0,0
63,F,2025/6/2,6515,8,4,1,L,NA,1,0,0
63,F,2025/6/2,6530,8.5,4.5,1,L,NA,1,0,0
63,F,2025/6/2,6545,9,5,1,L,NA,1,0,0
63,F,2025/6/2,6560,9.5,5.5,1,L,NA,1,0,0
63,F,2025/6/2,6575,10,6,1,L,NA,1,0,0
63,F,2025/6/2,6590,10.5,6.5,1,L,NA,1,0,0
63,F,2025/6/2,6605,11,7,1,L,NA,1,0,0
63,F,2025/6/2,6620,11.5,7.5,1,L,NA,1,0,0
63,F,2025/6/2,6635,12,8,1,L,NA,1,0,0
63,F,2025/6/2,6650,12.5,8.5,1,L,NA,1,0,0
63,F,2025/6/2,6665,13,9,1,L,NA,1,0,0
63,F,2025/6/2,6680,13.5,9.5,1,L,NA,1,0,0
63,F,2025/6/2,6695,14,10,1,L,NA,1,0,0
63,F,2025/6/2,6710,14.5,10.5,1,L,NA,1,0,0
63,F,2025/6/2,6725,15,11,1,L,NA,1,0,0
63,F,2025/6/2,6740,15.5,11.5,1,L,NA,1,0,0
63,F,2025/6/2,6755,16,12,1,L,NA,1,0,0
63,F,2025/6/2,6770,16.5,12.5,1,L,NA,1,0,0
63,F,2025/6/2,6785,17,13,1,L,NA,1,0,0
63,F,2025/6/2,6800,17.5,13.5,1,L,NA,1,0,0
63,F,2025/6/2,6815,18,14,1,L,NA,1,0,0
63,F,2025/6/2,6830,18.5,14.5,1,L,NA,1,0,0
63,F,2025/6/2,6845,19,15,1,L,NA,1,0,0
63,F,2025/6/2,6860,19.5,15.5,1,L,NA,1,0,0
63,F,2025/6/2,6875,20,16,1,L,NA,1,0,0
63,F,2025/6/2,6890,20.5,16.5,1,L,NA,1,0,0
63,F,2025/6/2,6905,21,17,1,L,NA,1,0,0
63,F,2025/6/2,6920,21.5,17.5,1,L,NA,1,0,0
63,F,2025/6/2,6935,22,18,1,L,NA,1,0,0
63,F,2025/6/2,6950,22.5,18.5,1,L,NA,1,0,0
63,F,2025/6/2,6965,23,19,1,L,NA,1,0,0
63,F,2025/6/2,6980,23.5,19.5,1,L,NA,1,0,0
63,F,2025/6/2,6995,24,20,1,L,NA,1,0,0
63,F,2025/6/2,7010,24.5,20.5,1,L,NA,1,0,0
63,F,2025/6/2,7025,25,21,1,L,NA,1,0,0
63,F,2025/6/2,7040,25.5,21.5,1,L,NA,1,0,0
63,F,2025/6/2,7055,26,22,1,L,NA,1,0,0
63,F,2025/6/2,7070,26.5,22.5,1,L,NA,1,0,0
63,F,2025/6/2,7085,27,23,1,L,NA,1,0,0
63,F,2025/6/2,7100,27.5,23.5,1,L,NA,1,0,0
63,F,2025/6/2,7115,28,24,1,L,NA,1,0,0
63,F,2025/6/2,7130,28.5,24.5,1,L,NA,1,0,0
63,F,2025/6/2,7145,29,25,1,L,NA,1,0,0
63,F,2025/6/2,7160,29.5,25.5,1,L,NA,1,0,0
63,F,2025/6/2,7175,30,26,1,L,NA,1,0,0
63,F,2025/6/2,7190,30.5,26.5,1,L,NA,1,0,0
63,F,2025/6/2,7205,31,27,1,L,NA,1,0,0
63,F,2025/6/2,7220,31.5,27.5,1,L,NA,1,0,0
63,F,2025/6/2,7235,32,28,1,L,NA,1,0,0
63,F,2025/6/2,7250,32.5,28.5,1,L,NA,1,0,0
63,F,2025/6/2,7265,33,29,1,L,NA,1,0,0
63,F,2025/6/2,7280,33.5,29.5,1,L,NA,1,0,0
63,F,2025/6/2,7295,34,30,1,L,NA,1,0,0
63,F,2025/6/2,7310,34.5,30.5,1,L,NA,1,0,0
63,F,2025/6/2,7325,35,31,1,L,NA,1,0,0
63,F,2025/6/2,7340,35.5,31.5,1,L,NA,1,0,0
63,F,2025/6/2,7355,36,32,1,L,NA,1,0,0
63,F,2025/6/2,7370,36.5,32.5,1,L,NA,1,0,0
63,F,2025/6/2,7385,37,33,1,L,NA,1,0,0
63,F,2025/6/2,7400,37.5,33.5,1,L,NA,1,0,0
63,F,2025/6/2,7415,38,34,1,L,NA,1,0,0
63,F,2025/6/2,7430,38.5,34.5,1,L,NA,1,0,0
63,F,2025/6/2,7445,39,35,1,L,NA,1,0,0
63,F,2025/6/2,7460,39.5,35.5,1,L,NA,1,0,0
63,F,2025/6/2,7475,40,36,1,L,NA,1,0,0
63,F,2025/6/2,7490,40.5,36.5,1,L,NA,1,0,0
63,F,2025/6/2,7505,41,37,1,L,NA,1,0,0
63,F,2025/6/2,7520,41.5,37.5,1,L,NA,1,0,0
63,F,2025/6/2,7535,42,38,1,L,NA,1,0,0
63,F,2025/6/2,7550,42.5,38.5,1,L,NA,1,0,0
63,F,2025/6/2,7565,43,39,1,L,NA,1,0,0
63,F,2025/6/2,7580,43.5,39.5,1,L,NA,1,0,0
63,F,2025/6/2,7595,44,40,1,L,NA,1,0,0
63,F,2025/6/2,7610,44.5,40.5,1,L,NA,1,0,0
63,F,2025/6/2,7625,45,41,1,L,NA,1,0,0
63,F,2025/6/2,7640,45.5,41.5,1,L,NA,1,0,0
63,F,2025/6/2,7655,46,42,1,L,NA,1,0,0
63,F,2025/6/2,7670,46.5,42.5,1,L,NA,1,0,0
63,F,2025/6/2,7685,47,43,1,L,NA,1,0,0
63,F,2025/6/2,7700,47.5,43.5,1,L,NA,1,0,0
63,F,2025/6/2,7715,48,44,1,L,NA,1,0,0
63,F,2025/6/2,7730,48.5,44.5,1,L,NA,1,0,0
63,F,2025/6/2,7745,49,45,1,L,NA,1,0,0
63,F,2025/6/2,7760,49.5,45.5,1,L,NA,1,0,0
63,F,2025/6/2,7775,50,46,1,L,NA,1,0,0
63,F,2025/6/2,7790,50.5,46.5,1,L,NA,1,0,0
63,F,2025/6/2,7805,51,47,1,L,NA,1,0,0
63,F,2025/6/2,7820,51.5,47.5,1,L,NA,1,0,0
63,F,2025/6/2,7835,52,48,1,L,NA,1,0,0
63,F,2025/6/2,7850,52.5,48.5,1,L,NA,1,0,0
63,F,2025/6/2,7865,53,49,1,L,NA,1,0,0
63,F,2025/6/2,7880,53.5,49.5,1,L,NA,1,0,0
63,F,2025/6/2,7895,54,50,1,L,NA,1,0,0
63,F,2025/6/2,7910,54.5,50.5,1,L,NA,1,0,0
63,F,2025/6/2,7925,55,51,1,L,NA,1,0,0
63,F,2025/6/2,7940,55.5,51.5,1,L,NA,1,0,0
63,F,2025/6/2,7955,56,52,1,L,NA,1,0,0
63,F,2025/6/2,7970,56.5,52.5,1,L,NA,1,0,0
63,F,2025/6/2,7985,57,53,1,L,NA,1,0,0
63,F,2025/6/2,8000,57.5,53.5,1,L,NA,1,0,0
63,F,2025/6/2,8015,58,54,1,L,NA,1,0,0
63,F,2025/6/2,8030,58.5,54.5,1,L,NA,1,0,0
63,F,2025/6/2,8045,59,55,1,L,NA,1,0,0
63,F,2025/6/2,8060,59.5,55.5,1,L,NA,1,0,0
63,F,2025/6/2,8075,60,56,1,L,NA,1,0,0
63,F,2025/6/2,8090,60.5,56.5,1,L,NA,1,0,0
63,F,2025/6/2,8105,61,57,1,L,NA,1,0,0
63,F,2025/6/2,8120,61.5,57.5,1,L,NA,1,0,0
63,F,2025/6/2,8135,62,58,1,L,NA,1,0,0
63,F,2025/6/2,8150,62.5,58.5,1,L,NA,1,0,0
63,F,2025/6/2,8165,63,59,1,L,NA,1,0,0
63,F,2025/6/2,8180,63.5,59.5,1,L,NA,1,0,0
63,F,2025/6/2,8195,64,60,1,L,NA,1,0,0
63,F,2025/6/2,8975,0,NA,2,L,NA,0,0,0
63,F,2025/6/2,8990,0.5,NA,2,L,NA,0,0,0
63,F,2025/6/2,9005,1,0,2,L,NA,1,0,0
63,F,2025/6/2,9020,1.5,0.5,2,L,NA,1,0,0
63,F,2025/6/2,9035,2,1,2,L,NA,1,0,0
63,F,2025/6/2,9050,2.5,1.5,2,L,NA,1,0,0
63,F,2025/6/2,9065,3,2,2,L,NA,1,0,0
63,F,2025/6/2,9080,3.5,2.5,2,L,NA,1,0,0
63,F,2025/6/2,9095,4,3,2,L,NA,1,0,0
63,F,2025/6/2,9110,4.5,3.5,2,L,NA,1,0,0
63,F,2025/6/2,9125,5,4,2,L,NA,1,0,0
63,F,2025/6/2,9140,5.5,4.5,2,L,NA,1,0,0
63,F,2025/6/2,9155,6,5,2,L,NA,1,0,0
63,F,2025/6/2,9170,6.5,5.5,2,L,NA,1,0,0
63,F,2025/6/2,9185,7,6,2,L,NA,1,0,0
63,F,2025/6/2,9200,7.5,6.5,2,L,NA,1,0,0
63,F,2025/6/2,9215,8,7,2,L,NA,1,0,0
63,F,2025/6/2,9230,8.5,7.5,2,L,NA,1,0,0
63,F,2025/6/2,9245,9,8,2,L,NA,1,0,0
63,F,2025/6/2,9260,9.5,8.5,2,L,NA,1,0,0
63,F,2025/6/2,9275,10,9,2,L,NA,1,0,0
63,F,2025/6/2,9290,10.5,9.5,2,L,NA,1,0,0
63,F,2025/6/2,9305,11,10,2,L,NA,1,0,0
63,F,2025/6/2,9320,11.5,10.5,2,L,NA,1,0,0
63,F,2025/6/2,9335,12,11,2,L,NA,1,0,0
63,F,2025/6/2,9350,12.5,11.5,2,L,NA,1,0,0
63,F,2025/6/2,9365,13,12,2,L,NA,1,0,0
63,F,2025/6/2,9380,13.5,12.5,2,L,NA,1,0,0
63,F,2025/6/2,9395,14,13,2,L,NA,1,0,0
63,F,2025/6/2,9410,14.5,13.5,2,L,NA,1,0,0
63,F,2025/6/2,9425,15,14,2,L,NA,1,0,1
63,F,2025/6/2,9440,15.5,14.5,2,L,NA,1,0,0
63,F,2025/6/2,9455,16,15,2,L,NA,1,0,0
63,F,2025/6/2,9470,16.5,15.5,2,L,NA,1,0,0
63,F,2025/6/2,9485,17,16,2,L,NA,1,0,0
63,F,2025/6/2,9500,17.5,16.5,2,L,NA,1,0,0
63,F,2025/6/2,9515,18,17,2,L,NA,1,0,0
63,F,2025/6/2,9530,18.5,17.5,2,L,NA,1,0,0
63,F,2025/6/2,9545,19,18,2,L,NA,1,0,0
63,F,2025/6/2,9560,19.5,18.5,2,L,NA,1,0,0
63,F,2025/6/2,9575,20,19,2,L,NA,1,0,0
63,F,2025/6/2,9590,20.5,19.5,2,L,NA,1,0,0
63,F,2025/6/2,9605,21,20,2,L,NA,1,0,0
63,F,2025/6/2,9620,21.5,20.5,2,L,NA,1,0,0
63,F,2025/6/2,9635,22,21,2,L,NA,1,0,0
63,F,2025/6/2,9650,22.5,21.5,2,L,NA,1,0,0
63,F,2025/6/2,9665,23,22,2,L,NA,1,0,0
63,F,2025/6/2,9680,23.5,22.5,2,L,NA,1,0,0
63,F,2025/6/2,9695,24,23,2,L,NA,1,0,0
63,F,2025/6/2,9710,24.5,23.5,2,L,NA,1,0,0
63,F,2025/6/2,9725,25,24,2,L,NA,1,0,0
63,F,2025/6/2,9740,25.5,24.5,2,L,NA,1,0,0
63,F,2025/6/2,9755,26,25,2,L,NA,1,0,0
63,F,2025/6/2,9770,26.5,25.5,2,L,NA,1,0,0
63,F,2025/6/2,9785,27,26,2,L,NA,1,0,0
63,F,2025/6/2,9800,27.5,26.5,2,L,NA,1,0,0
63,F,2025/6/2,9815,28,27,2,L,NA,1,0,0
63,F,2025/6/2,9830,28.5,27.5,2,L,NA,1,0,0
63,F,2025/6/2,9845,29,28,2,L,NA,1,0,0
63,F,2025/6/2,9860,29.5,28.5,2,L,NA,1,0,0
63,F,2025/6/2,9875,30,29,2,L,NA,1,0,0
63,F,2025/6/2,9890,30.5,29.5,2,L,NA,1,0,0
63,F,2025/6/2,9905,31,30,2,L,NA,1,0,0
63,F,2025/6/2,9920,31.5,30.5,2,L,NA,1,0,0
63,F,2025/6/2,9935,32,31,2,L,NA,1,0,0
63,F,2025/6/2,9950,32.5,31.5,2,L,NA,1,0,0
63,F,2025/6/2,9965,33,32,2,L,NA,1,0,0
63,F,2025/6/2,9980,33.5,32.5,2,L,NA,1,0,0
63,F,2025/6/2,9995,34,33,2,L,NA,1,0,0
63,F,2025/6/2,10010,34.5,33.5,2,L,NA,1,0,0
63,F,2025/6/2,10025,35,34,2,L,NA,1,0,0
63,F,2025/6/2,10040,35.5,34.5,2,L,NA,1,0,0
63,F,2025/6/2,10055,36,35,2,L,NA,1,0,0
63,F,2025/6/2,10070,36.5,35.5,2,L,NA,1,0,0
63,F,2025/6/2,10085,37,36,2,L,NA,1,0,0
63,F,2025/6/2,10100,37.5,36.5,2,L,NA,1,0,0
63,F,2025/6/2,10115,38,37,2,L,NA,1,0,0
63,F,2025/6/2,10130,38.5,37.5,2,L,NA,1,0,0
63,F,2025/6/2,10145,39,38,2,L,NA,1,0,0
63,F,2025/6/2,10160,39.5,38.5,2,L,NA,1,0,0
63,F,2025/6/2,10175,40,39,2,L,NA,1,0,0
63,F,2025/6/2,10190,40.5,39.5,2,L,NA,1,0,0
63,F,2025/6/2,10205,41,40,2,L,NA,1,0,0
63,F,2025/6/2,10220,41.5,40.5,2,L,NA,1,0,0
63,F,2025/6/2,10235,42,41,2,L,NA,1,0,0
63,F,2025/6/2,10250,42.5,41.5,2,L,NA,1,0,0
63,F,2025/6/2,10265,43,42,2,L,NA,1,0,0
63,F,2025/6/2,10280,43.5,42.5,2,L,NA,1,0,0
63,F,2025/6/2,10295,44,43,2,L,NA,1,0,0
63,F,2025/6/2,10310,44.5,43.5,2,L,NA,1,0,0
63,F,2025/6/2,10325,45,44,2,L,NA,1,0,0
63,F,2025/6/2,10340,45.5,44.5,2,L,NA,1,0,0
63,F,2025/6/2,10355,46,45,2,L,NA,1,0,0
63,F,2025/6/2,10370,46.5,45.5,2,L,NA,1,0,0
63,F,2025/6/2,10385,47,46,2,L,NA,1,0,0
63,F,2025/6/2,10400,47.5,46.5,2,L,NA,1,0,0
63,F,2025/6/2,10415,48,47,2,L,NA,1,0,0
63,F,2025/6/2,10430,48.5,47.5,2,L,NA,1,0,0
63,F,2025/6/2,10445,49,48,2,L,NA,1,0,0
63,F,2025/6/2,10460,49.5,48.5,2,L,NA,1,0,0
63,F,2025/6/2,10475,50,49,2,L,NA,1,0,0
63,F,2025/6/2,10490,50.5,49.5,2,L,NA,1,0,0
63,F,2025/6/2,10505,51,50,2,L,NA,1,0,0
63,F,2025/6/2,10520,51.5,50.5,2,L,NA,1,0,0
63,F,2025/6/2,10535,52,51,2,L,NA,1,0,0
63,F,2025/6/2,10550,52.5,51.5,2,L,NA,1,0,0
63,F,2025/6/2,10565,53,52,2,L,NA,1,0,0
63,F,2025/6/2,10580,53.5,52.5,2,L,NA,1,0,0
63,F,2025/6/2,10595,54,53,2,L,NA,1,0,0
63,F,2025/6/2,10610,54.5,53.5,2,L,NA,1,0,0
63,F,2025/6/2,10625,55,54,2,L,NA,1,0,0
63,F,2025/6/2,10640,55.5,54.5,2,L,NA,1,0,0
63,F,2025/6/2,10655,56,55,2,L,NA,1,0,0
63,F,2025/6/2,10670,56.5,55.5,2,L,NA,1,0,0
63,F,2025/6/2,10685,57,56,2,L,NA,1,0,0
63,F,2025/6/2,10700,57.5,56.5,2,L,NA,1,0,0
63,F,2025/6/2,10715,58,57,2,L,NA,1,0,0
63,F,2025/6/2,10730,58.5,57.5,2,L,NA,1,0,0
63,F,2025/6/2,10745,59,58,2,L,NA,1,0,0
63,F,2025/6/2,10760,59.5,58.5,2,L,NA,1,0,0
63,F,2025/6/2,10775,60,59,2,L,NA,1,0,0
63,F,2025/6/2,10790,60.5,59.5,2,L,NA,1,0,0
63,F,2025/6/2,10805,61,60,2,L,NA,1,0,0
63,F,2025/6/2,11795,0,NA,3,L,L,0,0,0
63,F,2025/6/2,11810,0.5,NA,3,L,L,0,0,0
63,F,2025/6/2,11825,1,NA,3,L,L,0,0,0
63,F,2025/6/2,11840,1.5,0,3,L,L,1,0,0
63,F,2025/6/2,11855,2,0.5,3,L,L,1,0,0
63,F,2025/6/2,11870,2.5,1,3,L,L,1,0,0
63,F,2025/6/2,11885,3,1.5,3,L,L,1,0,0
63,F,2025/6/2,11900,3.5,2,3,L,L,1,0,0
63,F,2025/6/2,11915,4,2.5,3,L,L,1,0,0
63,F,2025/6/2,11930,4.5,3,3,L,L,1,0,0
63,F,2025/6/2,11945,5,3.5,3,L,L,1,0,0
63,F,2025/6/2,11960,5.5,4,3,L,L,1,0,0
63,F,2025/6/2,11975,6,4.5,3,L,L,1,0,0
63,F,2025/6/2,11990,6.5,5,3,L,L,1,0,0
63,F,2025/6/2,12005,7,5.5,3,L,L,1,0,0
63,F,2025/6/2,12020,7.5,6,3,L,L,1,0,0
63,F,2025/6/2,12035,8,6.5,3,L,L,1,0,0
63,F,2025/6/2,12050,8.5,7,3,L,L,1,0,0
63,F,2025/6/2,12065,9,7.5,3,L,L,1,0,0
63,F,2025/6/2,12080,9.5,8,3,L,L,1,0,0
63,F,2025/6/2,12095,10,8.5,3,L,L,1,0,0
63,F,2025/6/2,12110,10.5,9,3,L,L,1,0,0
63,F,2025/6/2,12125,11,9.5,3,L,L,1,0,0
63,F,2025/6/2,12140,11.5,10,3,L,L,1,0,0
63,F,2025/6/2,12155,12,10.5,3,L,L,1,0,0
63,F,2025/6/2,12170,12.5,11,3,L,L,1,0,0
63,F,2025/6/2,12185,13,11.5,3,L,L,1,0,0
63,F,2025/6/2,12200,13.5,12,3,L,L,1,1,0
63,F,2025/6/2,13690,0,NA,4,R,NA,0,0,0
63,F,2025/6/2,13705,0.5,0,4,R,NA,1,0,0
63,F,2025/6/2,13720,1,0.5,4,R,NA,1,0,0
63,F,2025/6/2,13735,1.5,1,4,R,NA,1,0,0
63,F,2025/6/2,13750,2,1.5,4,R,NA,1,0,0
63,F,2025/6/2,13765,2.5,2,4,R,NA,1,0,0
63,F,2025/6/2,13780,3,2.5,4,R,NA,1,0,0
63,F,2025/6/2,13795,3.5,3,4,R,NA,1,0,0
63,F,2025/6/2,13810,4,3.5,4,R,NA,1,0,0
63,F,2025/6/2,13825,4.5,4,4,R,NA,1,0,0
63,F,2025/6/2,13840,5,4.5,4,R,NA,1,0,0
63,F,2025/6/2,13855,5.5,5,4,R,NA,1,0,0
63,F,2025/6/2,13870,6,5.5,4,R,NA,1,0,0
63,F,2025/6/2,13885,6.5,6,4,R,NA,1,0,0
63,F,2025/6/2,13900,7,6.5,4,R,NA,1,0,0
63,F,2025/6/2,13915,7.5,7,4,R,NA,1,0,0
63,F,2025/6/2,13930,8,7.5,4,R,NA,1,0,0
63,F,2025/6/2,13945,8.5,8,4,R,NA,1,0,0
63,F,2025/6/2,13960,9,8.5,4,R,NA,1,0,0
63,F,2025/6/2,13975,9.5,9,4,R,NA,1,0,0
63,F,2025/6/2,13990,10,9.5,4,R,NA,1,0,0
63,F,2025/6/2,14005,10.5,10,4,R,NA,1,0,0
63,F,2025/6/2,14020,11,10.5,4,R,NA,1,0,0
63,F,2025/6/2,14035,11.5,11,4,R,NA,1,0,0
63,F,2025/6/2,14050,12,11.5,4,R,NA,1,0,0
63,F,2025/6/2,14065,12.5,12,4,R,NA,1,0,0
63,F,2025/6/2,14080,13,12.5,4,R,NA,1,0,0
63,F,2025/6/2,14095,13.5,13,4,R,NA,1,0,0
63,F,2025/6/2,14110,14,13.5,4,R,NA,1,0,0
63,F,2025/6/2,14125,14.5,14,4,R,NA,1,0,0
63,F,2025/6/2,14140,15,14.5,4,R,NA,1,0,0
63,F,2025/6/2,14155,15.5,15,4,R,NA,1,0,0
63,F,2025/6/2,14170,16,15.5,4,R,NA,1,0,0
63,F,2025/6/2,14185,16.5,16,4,R,NA,1,0,0
63,F,2025/6/2,14200,17,16.5,4,R,NA,1,0,0
63,F,2025/6/2,14215,17.5,17,4,R,NA,1,0,0
63,F,2025/6/2,14230,18,17.5,4,R,NA,1,0,0
63,F,2025/6/2,14245,18.5,18,4,R,NA,1,0,0
63,F,2025/6/2,14260,19,18.5,4,R,NA,1,0,0
63,F,2025/6/2,14275,19.5,19,4,R,NA,1,0,0
63,F,2025/6/2,14290,20,19.5,4,R,NA,1,0,0
63,F,2025/6/2,14305,20.5,20,4,R,NA,1,0,0
63,F,2025/6/2,14320,21,20.5,4,R,NA,1,0,0
63,F,2025/6/2,14335,21.5,21,4,R,NA,1,0,0
63,F,2025/6/2,14350,22,21.5,4,R,NA,1,0,0
63,F,2025/6/2,14365,22.5,22,4,R,NA,1,0,0
63,F,2025/6/2,14380,23,22.5,4,R,NA,1,0,0
63,F,2025/6/2,14395,23.5,23,4,R,NA,1,0,0
63,F,2025/6/2,14410,24,23.5,4,R,NA,1,0,0
63,F,2025/6/2,14425,24.5,24,4,R,NA,1,0,0
63,F,2025/6/2,14440,25,24.5,4,R,NA,1,0,0
63,F,2025/6/2,14455,25.5,25,4,R,NA,1,0,0
63,F,2025/6/2,14470,26,25.5,4,R,NA,1,0,0
63,F,2025/6/2,14485,26.5,26,4,R,NA,1,0,0
63,F,2025/6/2,14500,27,26.5,4,R,NA,1,0,0
63,F,2025/6/2,14515,27.5,27,4,R,NA,1,0,0
63,F,2025/6/2,14530,28,27.5,4,R,NA,1,0,0
63,F,2025/6/2,14545,28.5,28,4,R,NA,1,0,0
63,F,2025/6/2,14560,29,28.5,4,R,NA,1,0,0
63,F,2025/6/2,14575,29.5,29,4,R,NA,1,0,0
63,F,2025/6/2,14590,30,29.5,4,R,NA,1,0,0
63,F,2025/6/2,14605,30.5,30,4,R,NA,1,0,0
63,F,2025/6/2,14620,31,30.5,4,R,NA,1,0,0
63,F,2025/6/2,14635,31.5,31,4,R,NA,1,0,0
63,F,2025/6/2,14650,32,31.5,4,R,NA,1,0,0
63,F,2025/6/2,14665,32.5,32,4,R,NA,1,0,0
63,F,2025/6/2,14680,33,32.5,4,R,NA,1,0,0
63,F,2025/6/2,14695,33.5,33,4,R,NA,1,0,0
63,F,2025/6/2,14710,34,33.5,4,R,NA,1,0,0
63,F,2025/6/2,14725,34.5,34,4,R,NA,1,0,0
63,F,2025/6/2,14740,35,34.5,4,R,NA,1,0,0
63,F,2025/6/2,14755,35.5,35,4,R,NA,1,0,0
63,F,2025/6/2,14770,36,35.5,4,R,NA,1,0,0
63,F,2025/6/2,14785,36.5,36,4,R,NA,1,0,0
63,F,2025/6/2,14800,37,36.5,4,R,NA,1,0,0
63,F,2025/6/2,14815,37.5,37,4,R,NA,1,0,0
63,F,2025/6/2,14830,38,37.5,4,R,NA,1,0,0
63,F,2025/6/2,14845,38.5,38,4,R,NA,1,0,1
63,F,2025/6/2,14860,39,38.5,4,R,NA,1,0,3
63,F,2025/6/2,14875,39.5,39,4,R,NA,1,0,1
63,F,2025/6/2,14890,40,39.5,4,R,NA,1,0,0
63,F,2025/6/2,14905,40.5,40,4,R,NA,1,0,0
63,F,2025/6/2,14920,41,40.5,4,R,NA,1,0,0
63,F,2025/6/2,14935,41.5,41,4,R,NA,1,0,0
63,F,2025/6/2,14950,42,41.5,4,R,NA,1,0,0
63,F,2025/6/2,14965,42.5,42,4,R,NA,1,0,0
63,F,2025/6/2,14980,43,42.5,4,R,NA,1,0,0
63,F,2025/6/2,14995,43.5,43,4,R,NA,1,0,0
63,F,2025/6/2,15010,44,43.5,4,R,NA,1,0,0
63,F,2025/6/2,15025,44.5,44,4,R,NA,1,0,0
63,F,2025/6/2,15040,45,44.5,4,R,NA,1,0,0
63,F,2025/6/2,15055,45.5,45,4,R,NA,1,0,0
63,F,2025/6/2,15070,46,45.5,4,R,NA,1,0,0
63,F,2025/6/2,15085,46.5,46,4,R,NA,1,0,0
63,F,2025/6/2,15100,47,46.5,4,R,NA,1,0,0
63,F,2025/6/2,15115,47.5,47,4,R,NA,1,0,0
63,F,2025/6/2,15130,48,47.5,4,R,NA,1,0,0
63,F,2025/6/2,15145,48.5,48,4,R,NA,1,0,0
63,F,2025/6/2,15160,49,48.5,4,R,NA,1,0,0
63,F,2025/6/2,15175,49.5,49,4,R,NA,1,0,0
63,F,2025/6/2,15190,50,49.5,4,R,NA,1,0,0
63,F,2025/6/2,15205,50.5,50,4,R,NA,1,0,0
63,F,2025/6/2,15220,51,50.5,4,R,NA,1,0,0
63,F,2025/6/2,15235,51.5,51,4,R,NA,1,0,0
63,F,2025/6/2,15250,52,51.5,4,R,NA,1,0,0
63,F,2025/6/2,15265,52.5,52,4,R,NA,1,0,0
63,F,2025/6/2,15280,53,52.5,4,R,NA,1,0,0
63,F,2025/6/2,15295,53.5,53,4,R,NA,1,0,0
63,F,2025/6/2,15310,54,53.5,4,R,NA,1,0,0
63,F,2025/6/2,15325,54.5,54,4,R,NA,1,0,0
63,F,2025/6/2,15340,55,54.5,4,R,NA,1,0,0
63,F,2025/6/2,15355,55.5,55,4,R,NA,1,0,0
63,F,2025/6/2,15370,56,55.5,4,R,NA,1,0,0
63,F,2025/6/2,15385,56.5,56,4,R,NA,1,0,0
63,F,2025/6/2,15400,57,56.5,4,R,NA,1,0,0
63,F,2025/6/2,15415,57.5,57,4,R,NA,1,0,0
63,F,2025/6/2,15430,58,57.5,4,R,NA,1,0,0
63,F,2025/6/2,15445,58.5,58,4,R,NA,1,0,0
63,F,2025/6/2,15460,59,58.5,4,R,NA,1,0,0
63,F,2025/6/2,15475,59.5,59,4,R,NA,1,0,0
63,F,2025/6/2,15490,60,59.5,4,R,NA,1,0,0
63,F,2025/6/2,15505,60.5,60,4,R,NA,1,0,0
63,F,2025/6/2,16355,0,NA,5,L,NA,0,0,0
63,F,2025/6/2,16370,0.5,0,5,L,NA,1,0,0
63,F,2025/6/2,16385,1,0.5,5,L,NA,1,0,0
63,F,2025/6/2,16400,1.5,1,5,L,NA,1,0,0
63,F,2025/6/2,16415,2,1.5,5,L,NA,1,0,0
63,F,2025/6/2,16430,2.5,2,5,L,NA,1,0,0
63,F,2025/6/2,16445,3,2.5,5,L,NA,1,0,0
63,F,2025/6/2,16460,3.5,3,5,L,NA,1,0,0
63,F,2025/6/2,16475,4,3.5,5,L,NA,1,0,0
63,F,2025/6/2,16490,4.5,4,5,L,NA,1,0,0
63,F,2025/6/2,16505,5,4.5,5,L,NA,1,0,0
63,F,2025/6/2,16520,5.5,5,5,L,NA,1,0,0
63,F,2025/6/2,16535,6,5.5,5,L,NA,1,0,0
63,F,2025/6/2,16550,6.5,6,5,L,NA,1,0,0
63,F,2025/6/2,16565,7,6.5,5,L,NA,1,0,0
63,F,2025/6/2,16580,7.5,7,5,L,NA,1,0,0
63,F,2025/6/2,16595,8,7.5,5,L,NA,1,0,0
63,F,2025/6/2,16610,8.5,8,5,L,NA,1,0,0
63,F,2025/6/2,16625,9,8.5,5,L,NA,1,0,0
63,F,2025/6/2,16640,9.5,9,5,L,NA,1,0,0
63,F,2025/6/2,16655,10,9.5,5,L,NA,1,0,0
63,F,2025/6/2,16670,10.5,10,5,L,NA,1,0,0
63,F,2025/6/2,16685,11,10.5,5,L,NA,1,0,0
63,F,2025/6/2,16700,11.5,11,5,L,NA,1,0,0
63,F,2025/6/2,16715,12,11.5,5,L,NA,1,0,0
63,F,2025/6/2,16730,12.5,12,5,L,NA,1,0,0
63,F,2025/6/2,16745,13,12.5,5,L,NA,1,0,0
63,F,2025/6/2,16760,13.5,13,5,L,NA,1,0,0
63,F,2025/6/2,16775,14,13.5,5,L,NA,1,0,0
63,F,2025/6/2,16790,14.5,14,5,L,NA,1,0,0
63,F,2025/6/2,16805,15,14.5,5,L,NA,1,0,0
63,F,2025/6/2,16820,15.5,15,5,L,NA,1,0,0
63,F,2025/6/2,16835,16,15.5,5,L,NA,1,0,0
63,F,2025/6/2,16850,16.5,16,5,L,NA,1,0,0
63,F,2025/6/2,16865,17,16.5,5,L,NA,1,0,0
63,F,2025/6/2,16880,17.5,17,5,L,NA,1,0,0
63,F,2025/6/2,16895,18,17.5,5,L,NA,1,0,0
63,F,2025/6/2,16910,18.5,18,5,L,NA,1,0,0
63,F,2025/6/2,16925,19,18.5,5,L,NA,1,0,0
63,F,2025/6/2,16940,19.5,19,5,L,NA,1,0,0
63,F,2025/6/2,16955,20,19.5,5,L,NA,1,0,0
63,F,2025/6/2,16970,20.5,20,5,L,NA,1,0,0
63,F,2025/6/2,16985,21,20.5,5,L,NA,1,0,0
63,F,2025/6/2,17000,21.5,21,5,L,NA,1,0,0
63,F,2025/6/2,17015,22,21.5,5,L,NA,1,0,0
63,F,2025/6/2,17030,22.5,22,5,L,NA,1,0,0
63,F,2025/6/2,17045,23,22.5,5,L,NA,1,0,0
63,F,2025/6/2,17060,23.5,23,5,L,NA,1,0,0
63,F,2025/6/2,17075,24,23.5,5,L,NA,1,0,0
63,F,2025/6/2,17090,24.5,24,5,L,NA,1,0,0
63,F,2025/6/2,17105,25,24.5,5,L,NA,1,0,0
63,F,2025/6/2,17120,25.5,25,5,L,NA,1,0,0
63,F,2025/6/2,17135,26,25.5,5,L,NA,1,0,0
63,F,2025/6/2,17150,26.5,26,5,L,NA,1,0,0
63,F,2025/6/2,17165,27,26.5,5,L,NA,1,0,0
63,F,2025/6/2,17180,27.5,27,5,L,NA,1,0,0
63,F,2025/6/2,17195,28,27.5,5,L,NA,1,0,0
63,F,2025/6/2,17210,28.5,28,5,L,NA,1,0,0
63,F,2025/6/2,17225,29,28.5,5,L,NA,1,0,0
63,F,2025/6/2,17240,29.5,29,5,L,NA,1,0,0
63,F,2025/6/2,17255,30,29.5,5,L,NA,1,0,0
63,F,2025/6/2,17270,30.5,30,5,L,NA,1,0,0
63,F,2025/6/2,17285,31,30.5,5,L,NA,1,0,0
63,F,2025/6/2,17300,31.5,31,5,L,NA,1,0,0
63,F,2025/6/2,17315,32,31.5,5,L,NA,1,0,0
63,F,2025/6/2,17330,32.5,32,5,L,NA,1,0,0
63,F,2025/6/2,17345,33,32.5,5,L,NA,1,0,0
63,F,2025/6/2,17360,33.5,33,5,L,NA,1,0,0
63,F,2025/6/2,17375,34,33.5,5,L,NA,1,0,0
63,F,2025/6/2,17390,34.5,34,5,L,NA,1,0,0
63,F,2025/6/2,17405,35,34.5,5,L,NA,1,0,0
63,F,2025/6/2,17420,35.5,35,5,L,NA,1,0,0
63,F,2025/6/2,17435,36,35.5,5,L,NA,1,0,0
63,F,2025/6/2,17450,36.5,36,5,L,NA,1,0,0
63,F,2025/6/2,17465,37,36.5,5,L,NA,1,0,0
63,F,2025/6/2,17480,37.5,37,5,L,NA,1,0,0
63,F,2025/6/2,17495,38,37.5,5,L,NA,1,0,0
63,F,2025/6/2,17510,38.5,38,5,L,NA,1,0,0
63,F,2025/6/2,17525,39,38.5,5,L,NA,1,0,0
63,F,2025/6/2,17540,39.5,39,5,L,NA,1,0,0
63,F,2025/6/2,17555,40,39.5,5,L,NA,1,0,0
63,F,2025/6/2,17570,40.5,40,5,L,NA,1,0,0
63,F,2025/6/2,17585,41,40.5,5,L,NA,1,0,0
63,F,2025/6/2,17600,41.5,41,5,L,NA,1,0,0
63,F,2025/6/2,17615,42,41.5,5,L,NA,1,0,0
63,F,2025/6/2,17630,42.5,42,5,L,NA,1,0,0
63,F,2025/6/2,17645,43,42.5,5,L,NA,1,0,0
63,F,2025/6/2,17660,43.5,43,5,L,NA,1,0,0
63,F,2025/6/2,17675,44,43.5,5,L,NA,1,0,0
63,F,2025/6/2,17690,44.5,44,5,L,NA,1,0,0
63,F,2025/6/2,17705,45,44.5,5,L,NA,1,0,0
63,F,2025/6/2,17720,45.5,45,5,L,NA,1,0,0
63,F,2025/6/2,17735,46,45.5,5,L,NA,1,0,0
63,F,2025/6/2,17750,46.5,46,5,L,NA,1,0,0
63,F,2025/6/2,17765,47,46.5,5,L,NA,1,0,0
63,F,2025/6/2,17780,47.5,47,5,L,NA,1,0,0
63,F,2025/6/2,17795,48,47.5,5,L,NA,1,0,0
63,F,2025/6/2,17810,48.5,48,5,L,NA,1,0,0
63,F,2025/6/2,17825,49,48.5,5,L,NA,1,0,0
63,F,2025/6/2,17840,49.5,49,5,L,NA,1,0,0
63,F,2025/6/2,17855,50,49.5,5,L,NA,1,0,0
63,F,2025/6/2,17870,50.5,50,5,L,NA,1,0,0
63,F,2025/6/2,17885,51,50.5,5,L,NA,1,0,0
63,F,2025/6/2,17900,51.5,51,5,L,NA,1,0,0
63,F,2025/6/2,17915,52,51.5,5,L,NA,1,0,0
63,F,2025/6/2,17930,52.5,52,5,L,NA,1,0,0
63,F,2025/6/2,17945,53,52.5,5,L,NA,1,0,0
63,F,2025/6/2,17960,53.5,53,5,L,NA,1,0,0
63,F,2025/6/2,17975,54,53.5,5,L,NA,1,0,0
63,F,2025/6/2,17990,54.5,54,5,L,NA,1,0,0
63,F,2025/6/2,18005,55,54.5,5,L,NA,1,0,0
63,F,2025/6/2,18020,55.5,55,5,L,NA,1,0,0
63,F,2025/6/2,18035,56,55.5,5,L,NA,1,0,0
63,F,2025/6/2,18050,56.5,56,5,L,NA,1,0,0
63,F,2025/6/2,18065,57,56.5,5,L,NA,1,0,0
63,F,2025/6/2,18080,57.5,57,5,L,NA,1,0,0
63,F,2025/6/2,18095,58,57.5,5,L,NA,1,0,0
63,F,2025/6/2,18110,58.5,58,5,L,NA,1,0,0
63,F,2025/6/2,18125,59,58.5,5,L,NA,1,0,0
63,F,2025/6/2,18140,59.5,59,5,L,NA,1,0,0
63,F,2025/6/2,18155,60,59.5,5,L,NA,1,0,0
63,F,2025/6/2,18170,60.5,60,5,L,NA,1,0,0
63,F,2025/6/2,18865,0,NA,6,L,NA,0,0,0
63,F,2025/6/2,18880,0.5,NA,6,L,NA,0,0,0
63,F,2025/6/2,18895,1,NA,6,L,NA,0,0,0
63,F,2025/6/2,18910,1.5,NA,6,L,NA,0,0,0
63,F,2025/6/2,18925,2,0,6,L,NA,1,0,0
63,F,2025/6/2,18940,2.5,0.5,6,L,NA,1,0,0
63,F,2025/6/2,18955,3,1,6,L,NA,1,0,0
63,F,2025/6/2,18970,3.5,1.5,6,L,NA,1,0,0
63,F,2025/6/2,18985,4,2,6,L,NA,1,0,0
63,F,2025/6/2,19000,4.5,2.5,6,L,NA,1,0,0
63,F,2025/6/2,19015,5,3,6,L,NA,1,0,0
63,F,2025/6/2,19030,5.5,3.5,6,L,NA,1,0,0
63,F,2025/6/2,19045,6,4,6,L,NA,1,0,0
63,F,2025/6/2,19060,6.5,4.5,6,L,NA,1,0,0
63,F,2025/6/2,19075,7,5,6,L,NA,1,0,0
63,F,2025/6/2,19090,7.5,5.5,6,L,NA,1,0,0
63,F,2025/6/2,19105,8,6,6,L,NA,1,0,0
63,F,2025/6/2,19120,8.5,6.5,6,L,NA,1,0,0
63,F,2025/6/2,19135,9,7,6,L,NA,1,0,0
63,F,2025/6/2,19150,9.5,7.5,6,L,NA,1,0,0
63,F,2025/6/2,19165,10,8,6,L,NA,1,0,0
63,F,2025/6/2,19180,10.5,8.5,6,L,NA,1,0,0
63,F,2025/6/2,19195,11,9,6,L,NA,1,0,0
63,F,2025/6/2,19210,11.5,9.5,6,L,NA,1,0,0
63,F,2025/6/2,19225,12,10,6,L,NA,1,0,0
63,F,2025/6/2,19240,12.5,10.5,6,L,NA,1,0,0
63,F,2025/6/2,19255,13,11,6,L,NA,1,0,0
63,F,2025/6/2,19270,13.5,11.5,6,L,NA,1,0,0
63,F,2025/6/2,19285,14,12,6,L,NA,1,0,0
63,F,2025/6/2,19300,14.5,12.5,6,L,NA,1,0,0
63,F,2025/6/2,19315,15,13,6,L,NA,1,0,0
63,F,2025/6/2,19330,15.5,13.5,6,L,NA,1,0,0
63,F,2025/6/2,19345,16,14,6,L,NA,1,0,0
63,F,2025/6/2,19360,16.5,14.5,6,L,NA,1,0,0
63,F,2025/6/2,19375,17,15,6,L,NA,1,0,0
63,F,2025/6/2,19390,17.5,15.5,6,L,NA,1,0,0
63,F,2025/6/2,19405,18,16,6,L,NA,1,0,0
63,F,2025/6/2,19420,18.5,16.5,6,L,NA,1,0,0
63,F,2025/6/2,19435,19,17,6,L,NA,1,0,0
63,F,2025/6/2,19450,19.5,17.5,6,L,NA,1,0,0
63,F,2025/6/2,19465,20,18,6,L,NA,1,0,0
63,F,2025/6/2,19480,20.5,18.5,6,L,NA,1,0,0
63,F,2025/6/2,19495,21,19,6,L,NA,1,0,0
63,F,2025/6/2,19510,21.5,19.5,6,L,NA,1,0,0
63,F,2025/6/2,19525,22,20,6,L,NA,1,0,0
63,F,2025/6/2,19540,22.5,20.5,6,L,NA,1,0,0
63,F,2025/6/2,19555,23,21,6,L,NA,1,0,0
63,F,2025/6/2,19570,23.5,21.5,6,L,NA,1,0,0
63,F,2025/6/2,19585,24,22,6,L,NA,1,0,0
63,F,2025/6/2,19600,24.5,22.5,6,L,NA,1,0,0
63,F,2025/6/2,19615,25,23,6,L,NA,1,0,0
63,F,2025/6/2,19630,25.5,23.5,6,L,NA,1,0,0
63,F,2025/6/2,19645,26,24,6,L,NA,1,0,0
63,F,2025/6/2,19660,26.5,24.5,6,L,NA,1,0,0
63,F,2025/6/2,19675,27,25,6,L,NA,1,0,0
63,F,2025/6/2,19690,27.5,25.5,6,L,NA,1,0,0
63,F,2025/6/2,19705,28,26,6,L,NA,1,0,0
63,F,2025/6/2,19720,28.5,26.5,6,L,NA,1,0,0
63,F,2025/6/2,19735,29,27,6,L,NA,1,0,0
63,F,2025/6/2,19750,29.5,27.5,6,L,NA,1,0,0
63,F,2025/6/2,19765,30,28,6,L,NA,1,0,0
63,F,2025/6/2,19780,30.5,28.5,6,L,NA,1,0,0
63,F,2025/6/2,19795,31,29,6,L,NA,1,0,0
63,F,2025/6/2,19810,31.5,29.5,6,L,NA,1,0,0
63,F,2025/6/2,19825,32,30,6,L,NA,1,0,0
63,F,2025/6/2,19840,32.5,30.5,6,L,NA,1,0,0
63,F,2025/6/2,19855,33,31,6,L,NA,1,0,2
63,F,2025/6/2,19870,33.5,31.5,6,L,NA,1,0,0
63,F,2025/6/2,19885,34,32,6,L,NA,1,0,2
63,F,2025/6/2,19900,34.5,32.5,6,L,NA,1,0,1
63,F,2025/6/2,19915,35,33,6,L,NA,1,0,0
63,F,2025/6/2,19930,35.5,33.5,6,L,NA,1,0,0
63,F,2025/6/2,19945,36,34,6,L,NA,1,0,0
63,F,2025/6/2,19960,36.5,34.5,6,L,NA,1,0,0
63,F,2025/6/2,19975,37,35,6,L,NA,1,0,2
63,F,2025/6/2,19990,37.5,35.5,6,L,NA,1,0,4
63,F,2025/6/2,20005,38,36,6,L,NA,1,0,1
63,F,2025/6/2,20020,38.5,36.5,6,L,NA,1,0,0
63,F,2025/6/2,20035,39,37,6,L,NA,1,0,0
63,F,2025/6/2,20050,39.5,37.5,6,L,NA,1,0,0
63,F,2025/6/2,20065,40,38,6,L,NA,1,0,0
63,F,2025/6/2,20080,40.5,38.5,6,L,NA,1,0,0
63,F,2025/6/2,20095,41,39,6,L,NA,1,0,0
63,F,2025/6/2,20110,41.5,39.5,6,L,NA,1,0,0
63,F,2025/6/2,20125,42,40,6,L,NA,1,0,0
63,F,2025/6/2,20140,42.5,40.5,6,L,NA,1,0,0
63,F,2025/6/2,20155,43,41,6,L,NA,1,0,0
63,F,2025/6/2,20170,43.5,41.5,6,L,NA,1,0,0
63,F,2025/6/2,20185,44,42,6,L,NA,1,0,2
63,F,2025/6/2,20200,44.5,42.5,6,L,NA,1,0,0
63,F,2025/6/2,20215,45,43,6,L,NA,1,0,0
63,F,2025/6/2,20230,45.5,43.5,6,L,NA,1,0,0
63,F,2025/6/2,20245,46,44,6,L,NA,1,0,1
63,F,2025/6/2,20260,46.5,44.5,6,L,NA,1,0,0
63,F,2025/6/2,20275,47,45,6,L,NA,1,0,0
63,F,2025/6/2,20290,47.5,45.5,6,L,NA,1,0,0
63,F,2025/6/2,20305,48,46,6,L,NA,1,0,0
63,F,2025/6/2,20320,48.5,46.5,6,L,NA,1,0,0
63,F,2025/6/2,20335,49,47,6,L,NA,1,0,0
63,F,2025/6/2,20350,49.5,47.5,6,L,NA,1,0,0
63,F,2025/6/2,20365,50,48,6,L,NA,1,0,0
63,F,2025/6/2,20380,50.5,48.5,6,L,NA,1,0,0
63,F,2025/6/2,20395,51,49,6,L,NA,1,0,0
63,F,2025/6/2,20410,51.5,49.5,6,L,NA,1,0,0
63,F,2025/6/2,20425,52,50,6,L,NA,1,0,0
63,F,2025/6/2,20440,52.5,50.5,6,L,NA,1,0,0
63,F,2025/6/2,20455,53,51,6,L,NA,1,0,0
63,F,2025/6/2,20470,53.5,51.5,6,L,NA,1,0,0
63,F,2025/6/2,20485,54,52,6,L,NA,1,0,0
63,F,2025/6/2,20500,54.5,52.5,6,L,NA,1,0,0
63,F,2025/6/2,20515,55,53,6,L,NA,1,0,0
63,F,2025/6/2,20530,55.5,53.5,6,L,NA,1,0,0
63,F,2025/6/2,20545,56,54,6,L,NA,1,0,0
63,F,2025/6/2,20560,56.5,54.5,6,L,NA,1,0,0
63,F,2025/6/2,20575,57,55,6,L,NA,1,0,0
63,F,2025/6/2,20590,57.5,55.5,6,L,NA,1,0,0
63,F,2025/6/2,20605,58,56,6,L,NA,1,0,0
63,F,2025/6/2,20620,58.5,56.5,6,L,NA,1,0,0
63,F,2025/6/2,20635,59,57,6,L,NA,1,0,0
63,F,2025/6/2,20650,59.5,57.5,6,L,NA,1,0,0
63,F,2025/6/2,20665,60,58,6,L,NA,1,0,0
63,F,2025/6/2,20680,60.5,58.5,6,L,NA,1,0,0
63,F,2025/6/2,20695,61,59,6,L,NA,1,0,0
63,F,2025/6/2,20710,61.5,59.5,6,L,NA,1,0,0
63,F,2025/6/2,20725,62,60,6,L,NA,1,0,0
63,F,2025/6/2,21770,0,NA,7,R,NA,0,0,0
63,F,2025/6/2,21785,0.5,0,7,R,NA,1,0,0
63,F,2025/6/2,21800,1,0.5,7,R,NA,1,0,0
63,F,2025/6/2,21815,1.5,1,7,R,NA,1,0,0
63,F,2025/6/2,21830,2,1.5,7,R,NA,1,0,0
63,F,2025/6/2,21845,2.5,2,7,R,NA,1,0,0
63,F,2025/6/2,21860,3,2.5,7,R,NA,1,0,0
63,F,2025/6/2,21875,3.5,3,7,R,NA,1,0,0
63,F,2025/6/2,21890,4,3.5,7,R,NA,1,0,0
63,F,2025/6/2,21905,4.5,4,7,R,NA,1,0,0
63,F,2025/6/2,21920,5,4.5,7,R,NA,1,0,0
63,F,2025/6/2,21935,5.5,5,7,R,NA,1,0,0
63,F,2025/6/2,21950,6,5.5,7,R,NA,1,0,0
63,F,2025/6/2,21965,6.5,6,7,R,NA,1,0,0
63,F,2025/6/2,21980,7,6.5,7,R,NA,1,0,0
63,F,2025/6/2,21995,7.5,7,7,R,NA,1,0,0
63,F,2025/6/2,22010,8,7.5,7,R,NA,1,0,0
63,F,2025/6/2,22025,8.5,8,7,R,NA,1,0,0
63,F,2025/6/2,22040,9,8.5,7,R,NA,1,0,0
63,F,2025/6/2,22055,9.5,9,7,R,NA,1,0,0
63,F,2025/6/2,22070,10,9.5,7,R,NA,1,0,0
63,F,2025/6/2,22085,10.5,10,7,R,NA,1,0,0
63,F,2025/6/2,22100,11,10.5,7,R,NA,1,0,0
63,F,2025/6/2,22115,11.5,11,7,R,NA,1,0,0
63,F,2025/6/2,22130,12,11.5,7,R,NA,1,0,0
63,F,2025/6/2,22145,12.5,12,7,R,NA,1,0,0
63,F,2025/6/2,22160,13,12.5,7,R,NA,1,0,0
63,F,2025/6/2,22175,13.5,13,7,R,NA,1,0,0
63,F,2025/6/2,22190,14,13.5,7,R,NA,1,0,0
63,F,2025/6/2,22205,14.5,14,7,R,NA,1,0,0
63,F,2025/6/2,22220,15,14.5,7,R,NA,1,0,0
63,F,2025/6/2,22235,15.5,15,7,R,NA,1,0,0
63,F,2025/6/2,22250,16,15.5,7,R,NA,1,0,0
63,F,2025/6/2,22265,16.5,16,7,R,NA,1,0,0
63,F,2025/6/2,22280,17,16.5,7,R,NA,1,0,0
63,F,2025/6/2,22295,17.5,17,7,R,NA,1,0,0
63,F,2025/6/2,22310,18,17.5,7,R,NA,1,0,0
63,F,2025/6/2,22325,18.5,18,7,R,NA,1,0,0
63,F,2025/6/2,22340,19,18.5,7,R,NA,1,0,0
63,F,2025/6/2,22355,19.5,19,7,R,NA,1,0,0
63,F,2025/6/2,22370,20,19.5,7,R,NA,1,0,0
63,F,2025/6/2,22385,20.5,20,7,R,NA,1,0,0
63,F,2025/6/2,22400,21,20.5,7,R,NA,1,0,0
63,F,2025/6/2,22415,21.5,21,7,R,NA,1,0,0
63,F,2025/6/2,22430,22,21.5,7,R,NA,1,0,0
63,F,2025/6/2,22445,22.5,22,7,R,NA,1,0,0
63,F,2025/6/2,22460,23,22.5,7,R,NA,1,0,0
63,F,2025/6/2,22475,23.5,23,7,R,NA,1,0,0
63,F,2025/6/2,22490,24,23.5,7,R,NA,1,0,0
63,F,2025/6/2,22505,24.5,24,7,R,NA,1,0,0
63,F,2025/6/2,22520,25,24.5,7,R,NA,1,0,0
63,F,2025/6/2,22535,25.5,25,7,R,NA,1,0,0
63,F,2025/6/2,22550,26,25.5,7,R,NA,1,0,0
63,F,2025/6/2,22565,26.5,26,7,R,NA,1,0,0
63,F,2025/6/2,22580,27,26.5,7,R,NA,1,0,0
63,F,2025/6/2,22595,27.5,27,7,R,NA,1,0,0
63,F,2025/6/2,22610,28,27.5,7,R,NA,1,0,0
63,F,2025/6/2,22625,28.5,28,7,R,NA,1,0,0
63,F,2025/6/2,22640,29,28.5,7,R,NA,1,0,0
63,F,2025/6/2,22655,29.5,29,7,R,NA,1,0,0
63,F,2025/6/2,22670,30,29.5,7,R,NA,1,0,0
63,F,2025/6/2,22685,30.5,30,7,R,NA,1,0,0
63,F,2025/6/2,22700,31,30.5,7,R,NA,1,0,0
63,F,2025/6/2,22715,31.5,31,7,R,NA,1,0,0
63,F,2025/6/2,22730,32,31.5,7,R,NA,1,0,0
63,F,2025/6/2,22745,32.5,32,7,R,NA,1,0,0
63,F,2025/6/2,22760,33,32.5,7,R,NA,1,0,0
63,F,2025/6/2,22775,33.5,33,7,R,NA,1,0,0
63,F,2025/6/2,22790,34,33.5,7,R,NA,1,0,0
63,F,2025/6/2,22805,34.5,34,7,R,NA,1,0,0
63,F,2025/6/2,22820,35,34.5,7,R,NA,1,0,0
63,F,2025/6/2,22835,35.5,35,7,R,NA,1,0,0
63,F,2025/6/2,22850,36,35.5,7,R,NA,1,0,0
63,F,2025/6/2,22865,36.5,36,7,R,NA,1,0,0
63,F,2025/6/2,22880,37,36.5,7,R,NA,1,0,0
63,F,2025/6/2,22895,37.5,37,7,R,NA,1,0,0
63,F,2025/6/2,22910,38,37.5,7,R,NA,1,0,0
63,F,2025/6/2,22925,38.5,38,7,R,NA,1,0,0
63,F,2025/6/2,22940,39,38.5,7,R,NA,1,0,0
63,F,2025/6/2,22955,39.5,39,7,R,NA,1,0,0
63,F,2025/6/2,22970,40,39.5,7,R,NA,1,0,0
63,F,2025/6/2,22985,40.5,40,7,R,NA,1,0,0
63,F,2025/6/2,23000,41,40.5,7,R,NA,1,0,0
63,F,2025/6/2,23015,41.5,41,7,R,NA,1,0,0
63,F,2025/6/2,23030,42,41.5,7,R,NA,1,0,0
63,F,2025/6/2,23045,42.5,42,7,R,NA,1,0,0
63,F,2025/6/2,23060,43,42.5,7,R,NA,1,0,0
63,F,2025/6/2,23075,43.5,43,7,R,NA,1,0,0
63,F,2025/6/2,23090,44,43.5,7,R,NA,1,0,0
63,F,2025/6/2,23105,44.5,44,7,R,NA,1,0,0
63,F,2025/6/2,23120,45,44.5,7,R,NA,1,0,0
63,F,2025/6/2,23135,45.5,45,7,R,NA,1,0,0
63,F,2025/6/2,23150,46,45.5,7,R,NA,1,0,0
63,F,2025/6/2,23165,46.5,46,7,R,NA,1,0,0
63,F,2025/6/2,23180,47,46.5,7,R,NA,1,0,0
63,F,2025/6/2,23195,47.5,47,7,R,NA,1,0,0
63,F,2025/6/2,23210,48,47.5,7,R,NA,1,0,0
63,F,2025/6/2,23225,48.5,48,7,R,NA,1,0,0
63,F,2025/6/2,23240,49,48.5,7,R,NA,1,0,0
63,F,2025/6/2,23255,49.5,49,7,R,NA,1,0,0
63,F,2025/6/2,23270,50,49.5,7,R,NA,1,0,0
63,F,2025/6/2,23285,50.5,50,7,R,NA,1,0,0
63,F,2025/6/2,23300,51,50.5,7,R,NA,1,0,0
63,F,2025/6/2,23315,51.5,51,7,R,NA,1,0,0
63,F,2025/6/2,23330,52,51.5,7,R,NA,1,0,0
63,F,2025/6/2,23345,52.5,52,7,R,NA,1,0,0
63,F,2025/6/2,23360,53,52.5,7,R,NA,1,0,0
63,F,2025/6/2,23375,53.5,53,7,R,NA,1,0,0
63,F,2025/6/2,23390,54,53.5,7,R,NA,1,0,0
63,F,2025/6/2,23405,54.5,54,7,R,NA,1,0,0
63,F,2025/6/2,23420,55,54.5,7,R,NA,1,0,0
63,F,2025/6/2,23435,55.5,55,7,R,NA,1,0,0
63,F,2025/6/2,23450,56,55.5,7,R,NA,1,0,0
63,F,2025/6/2,23465,56.5,56,7,R,NA,1,0,0
63,F,2025/6/2,23480,57,56.5,7,R,NA,1,0,0
63,F,2025/6/2,23495,57.5,57,7,R,NA,1,0,0
63,F,2025/6/2,23510,58,57.5,7,R,NA,1,0,0
63,F,2025/6/2,23525,58.5,58,7,R,NA,1,0,0
63,F,2025/6/2,23540,59,58.5,7,R,NA,1,0,0
63,F,2025/6/2,23555,59.5,59,7,R,NA,1,0,0
63,F,2025/6/2,23570,60,59.5,7,R,NA,1,0,0
63,F,2025/6/2,23585,60.5,60,7,R,NA,1,0,0
63,F,2025/6/2,24165,0,NA,8,L,NA,0,0,0
63,F,2025/6/2,24180,0.5,0,8,L,NA,1,0,0
63,F,2025/6/2,24195,1,0.5,8,L,NA,1,0,0
63,F,2025/6/2,24210,1.5,1,8,L,NA,1,0,0
63,F,2025/6/2,24225,2,1.5,8,L,NA,1,0,0
63,F,2025/6/2,24240,2.5,2,8,L,NA,1,0,0
63,F,2025/6/2,24255,3,2.5,8,L,NA,1,0,0
63,F,2025/6/2,24270,3.5,3,8,L,NA,1,0,0
63,F,2025/6/2,24285,4,3.5,8,L,NA,1,0,0
63,F,2025/6/2,24300,4.5,4,8,L,NA,1,0,0
63,F,2025/6/2,24315,5,4.5,8,L,NA,1,0,0
63,F,2025/6/2,24330,5.5,5,8,L,NA,1,0,0
63,F,2025/6/2,24345,6,5.5,8,L,NA,1,0,0
63,F,2025/6/2,24360,6.5,6,8,L,NA,1,0,0
63,F,2025/6/2,24375,7,6.5,8,L,NA,1,0,0
63,F,2025/6/2,24390,7.5,7,8,L,NA,1,0,0
63,F,2025/6/2,24405,8,7.5,8,L,NA,1,0,0
63,F,2025/6/2,24420,8.5,8,8,L,NA,1,0,0
63,F,2025/6/2,24435,9,8.5,8,L,NA,1,0,0
63,F,2025/6/2,24450,9.5,9,8,L,NA,1,0,0
63,F,2025/6/2,24465,10,9.5,8,L,NA,1,0,0
63,F,2025/6/2,24480,10.5,10,8,L,NA,1,0,0
63,F,2025/6/2,24495,11,10.5,8,L,NA,1,0,0
63,F,2025/6/2,24510,11.5,11,8,L,NA,1,0,0
63,F,2025/6/2,24525,12,11.5,8,L,NA,1,0,0
63,F,2025/6/2,24540,12.5,12,8,L,NA,1,0,0
63,F,2025/6/2,24555,13,12.5,8,L,NA,1,0,0
63,F,2025/6/2,24570,13.5,13,8,L,NA,1,0,0
63,F,2025/6/2,24585,14,13.5,8,L,NA,1,0,0
63,F,2025/6/2,24600,14.5,14,8,L,NA,1,0,0
63,F,2025/6/2,24615,15,14.5,8,L,NA,1,0,0
63,F,2025/6/2,24630,15.5,15,8,L,NA,1,0,0
63,F,2025/6/2,24645,16,15.5,8,L,NA,1,0,0
63,F,2025/6/2,24660,16.5,16,8,L,NA,1,0,0
63,F,2025/6/2,24675,17,16.5,8,L,NA,1,0,0
63,F,2025/6/2,24690,17.5,17,8,L,NA,1,0,0
63,F,2025/6/2,24705,18,17.5,8,L,NA,1,0,0
63,F,2025/6/2,24720,18.5,18,8,L,NA,1,0,0
63,F,2025/6/2,24735,19,18.5,8,L,NA,1,0,0
63,F,2025/6/2,24750,19.5,19,8,L,NA,1,0,0
63,F,2025/6/2,24765,20,19.5,8,L,NA,1,0,0
63,F,2025/6/2,24780,20.5,20,8,L,NA,1,0,0
63,F,2025/6/2,24795,21,20.5,8,L,NA,1,0,0
63,F,2025/6/2,24810,21.5,21,8,L,NA,1,0,0
63,F,2025/6/2,24825,22,21.5,8,L,NA,1,0,0
63,F,2025/6/2,24840,22.5,22,8,L,NA,1,0,0
63,F,2025/6/2,24855,23,22.5,8,L,NA,1,0,0
63,F,2025/6/2,24870,23.5,23,8,L,NA,1,0,0
63,F,2025/6/2,24885,24,23.5,8,L,NA,1,0,0
63,F,2025/6/2,24900,24.5,24,8,L,NA,1,0,0
63,F,2025/6/2,24915,25,24.5,8,L,NA,1,0,0
63,F,2025/6/2,24930,25.5,25,8,L,NA,1,0,0
63,F,2025/6/2,24945,26,25.5,8,L,NA,1,0,0
63,F,2025/6/2,24960,26.5,26,8,L,NA,1,0,0
63,F,2025/6/2,24975,27,26.5,8,L,NA,1,0,0
63,F,2025/6/2,24990,27.5,27,8,L,NA,1,0,0
63,F,2025/6/2,25005,28,27.5,8,L,NA,1,0,0
63,F,2025/6/2,25020,28.5,28,8,L,NA,1,0,0
63,F,2025/6/2,25035,29,28.5,8,L,NA,1,0,0
63,F,2025/6/2,25050,29.5,29,8,L,NA,1,0,0
63,F,2025/6/2,25065,30,29.5,8,L,NA,1,0,0
63,F,2025/6/2,25080,30.5,30,8,L,NA,1,0,0
63,F,2025/6/2,25095,31,30.5,8,L,NA,1,0,0
63,F,2025/6/2,25110,31.5,31,8,L,NA,1,0,0
63,F,2025/6/2,25125,32,31.5,8,L,NA,1,0,0
63,F,2025/6/2,25140,32.5,32,8,L,NA,1,0,0
63,F,2025/6/2,25155,33,32.5,8,L,NA,1,0,0
63,F,2025/6/2,25170,33.5,33,8,L,NA,1,0,0
63,F,2025/6/2,25185,34,33.5,8,L,NA,1,0,0
63,F,2025/6/2,25200,34.5,34,8,L,NA,1,0,0
63,F,2025/6/2,25215,35,34.5,8,L,NA,1,0,0
63,F,2025/6/2,25230,35.5,35,8,L,NA,1,0,0
63,F,2025/6/2,25245,36,35.5,8,L,NA,1,0,0
63,F,2025/6/2,25260,36.5,36,8,L,NA,1,0,0
63,F,2025/6/2,25275,37,36.5,8,L,NA,1,0,0
63,F,2025/6/2,25290,37.5,37,8,L,NA,1,0,0
63,F,2025/6/2,25305,38,37.5,8,L,NA,1,0,0
63,F,2025/6/2,25320,38.5,38,8,L,NA,1,0,0
63,F,2025/6/2,25335,39,38.5,8,L,NA,1,0,0
63,F,2025/6/2,25350,39.5,39,8,L,NA,1,0,0
63,F,2025/6/2,25365,40,39.5,8,L,NA,1,0,0
63,F,2025/6/2,25380,40.5,40,8,L,NA,1,0,0
63,F,2025/6/2,25395,41,40.5,8,L,NA,1,0,0
63,F,2025/6/2,25410,41.5,41,8,L,NA,1,0,0
63,F,2025/6/2,25425,42,41.5,8,L,NA,1,0,0
63,F,2025/6/2,25440,42.5,42,8,L,NA,1,0,0
63,F,2025/6/2,25455,43,42.5,8,L,NA,1,0,0
63,F,2025/6/2,25470,43.5,43,8,L,NA,1,0,0
63,F,2025/6/2,25485,44,43.5,8,L,NA,1,0,0
63,F,2025/6/2,25500,44.5,44,8,L,NA,1,0,0
63,F,2025/6/2,25515,45,44.5,8,L,NA,1,0,0
63,F,2025/6/2,25530,45.5,45,8,L,NA,1,0,0
63,F,2025/6/2,25545,46,45.5,8,L,NA,1,0,0
63,F,2025/6/2,25560,46.5,46,8,L,NA,1,0,0
63,F,2025/6/2,25575,47,46.5,8,L,NA,1,0,0
63,F,2025/6/2,25590,47.5,47,8,L,NA,1,0,0
63,F,2025/6/2,25605,48,47.5,8,L,NA,1,0,0
63,F,2025/6/2,25620,48.5,48,8,L,NA,1,0,0
63,F,2025/6/2,25635,49,48.5,8,L,NA,1,0,0
63,F,2025/6/2,25650,49.5,49,8,L,NA,1,0,0
63,F,2025/6/2,25665,50,49.5,8,L,NA,1,0,0
63,F,2025/6/2,25680,50.5,50,8,L,NA,1,0,0
63,F,2025/6/2,25695,51,50.5,8,L,NA,1,0,0
63,F,2025/6/2,25710,51.5,51,8,L,NA,1,0,0
63,F,2025/6/2,25725,52,51.5,8,L,NA,1,0,0
63,F,2025/6/2,25740,52.5,52,8,L,NA,1,0,0
63,F,2025/6/2,25755,53,52.5,8,L,NA,1,0,0
63,F,2025/6/2,25770,53.5,53,8,L,NA,1,0,0
63,F,2025/6/2,25785,54,53.5,8,L,NA,1,0,0
63,F,2025/6/2,25800,54.5,54,8,L,NA,1,0,0
63,F,2025/6/2,25815,55,54.5,8,L,NA,1,0,0
63,F,2025/6/2,25830,55.5,55,8,L,NA,1,0,0
63,F,2025/6/2,25845,56,55.5,8,L,NA,1,0,0
63,F,2025/6/2,25860,56.5,56,8,L,NA,1,0,0
63,F,2025/6/2,25875,57,56.5,8,L,NA,1,0,0
63,F,2025/6/2,25890,57.5,57,8,L,NA,1,0,0
63,F,2025/6/2,25905,58,57.5,8,L,NA,1,0,0
63,F,2025/6/2,25920,58.5,58,8,L,NA,1,0,0
63,F,2025/6/2,25935,59,58.5,8,L,NA,1,0,0
63,F,2025/6/2,25950,59.5,59,8,L,NA,1,0,0
63,F,2025/6/2,25965,60,59.5,8,L,NA,1,0,0
63,F,2025/6/2,25980,60.5,60,8,L,NA,1,0,0
63,F,2025/6/2,26615,0,NA,9,R,R,0,0,0
63,F,2025/6/2,26630,0.5,0,9,R,R,1,0,0
63,F,2025/6/2,26645,1,0.5,9,R,R,1,0,0
63,F,2025/6/2,26660,1.5,1,9,R,R,1,0,0
63,F,2025/6/2,26675,2,1.5,9,R,R,1,0,0
63,F,2025/6/2,26690,2.5,2,9,R,R,1,0,0
63,F,2025/6/2,26705,3,2.5,9,R,R,1,0,0
63,F,2025/6/2,26720,3.5,3,9,R,R,1,0,0
63,F,2025/6/2,26735,4,3.5,9,R,R,1,0,0
63,F,2025/6/2,26750,4.5,4,9,R,R,1,0,0
63,F,2025/6/2,26765,5,4.5,9,R,R,1,0,0
63,F,2025/6/2,26780,5.5,5,9,R,R,1,0,0
63,F,2025/6/2,26795,6,5.5,9,R,R,1,0,0
63,F,2025/6/2,26810,6.5,6,9,R,R,1,0,0
63,F,2025/6/2,26825,7,6.5,9,R,R,1,0,0
63,F,2025/6/2,26840,7.5,7,9,R,R,1,0,0
63,F,2025/6/2,26855,8,7.5,9,R,R,1,0,0
63,F,2025/6/2,26870,8.5,8,9,R,R,1,0,0
63,F,2025/6/2,26885,9,8.5,9,R,R,1,0,0
63,F,2025/6/2,26900,9.5,9,9,R,R,1,0,0
63,F,2025/6/2,26915,10,9.5,9,R,R,1,0,0
63,F,2025/6/2,26930,10.5,10,9,R,R,1,0,0
63,F,2025/6/2,26945,11,10.5,9,R,R,1,0,0
63,F,2025/6/2,26960,11.5,11,9,R,R,1,0,0
63,F,2025/6/2,26975,12,11.5,9,R,R,1,0,0
63,F,2025/6/2,26990,12.5,12,9,R,R,1,0,0
63,F,2025/6/2,27005,13,12.5,9,R,R,1,0,0
63,F,2025/6/2,27020,13.5,13,9,R,R,1,0,0
63,F,2025/6/2,27035,14,13.5,9,R,R,1,0,0
63,F,2025/6/2,27050,14.5,14,9,R,R,1,0,0
63,F,2025/6/2,27065,15,14.5,9,R,R,1,0,0
63,F,2025/6/2,27080,15.5,15,9,R,R,1,0,0
63,F,2025/6/2,27095,16,15.5,9,R,R,1,0,0
63,F,2025/6/2,27110,16.5,16,9,R,R,1,0,0
63,F,2025/6/2,27125,17,16.5,9,R,R,1,1,0
63,F,2025/6/2,28260,0,NA,10,L,L,0,0,0
63,F,2025/6/2,28275,0.5,NA,10,L,L,0,0,0
63,F,2025/6/2,28290,1,0,10,L,L,1,0,0
63,F,2025/6/2,28305,1.5,0.5,10,L,L,1,0,0
63,F,2025/6/2,28320,2,1,10,L,L,1,0,0
63,F,2025/6/2,28335,2.5,1.5,10,L,L,1,0,0
63,F,2025/6/2,28350,3,2,10,L,L,1,0,0
63,F,2025/6/2,28365,3.5,2.5,10,L,L,1,0,0
63,F,2025/6/2,28380,4,3,10,L,L,1,0,0
63,F,2025/6/2,28395,4.5,3.5,10,L,L,1,0,0
63,F,2025/6/2,28410,5,4,10,L,L,1,0,0
63,F,2025/6/2,28425,5.5,4.5,10,L,L,1,1,0
62,F,2025/6/2,5430,0,NA,1,R,NA,0,0,0
62,F,2025/6/2,5445,0.5,NA,1,R,NA,0,0,0
62,F,2025/6/2,5460,1,NA,1,R,NA,0,0,0
62,F,2025/6/2,5475,1.5,NA,1,R,NA,0,0,0
62,F,2025/6/2,5490,2,NA,1,R,NA,0,0,0
62,F,2025/6/2,5505,2.5,NA,1,R,NA,0,0,0
62,F,2025/6/2,5520,3,0,1,R,NA,1,0,0
62,F,2025/6/2,5535,3.5,0.5,1,R,NA,1,0,0
62,F,2025/6/2,5550,4,1,1,R,NA,1,0,0
62,F,2025/6/2,5565,4.5,1.5,1,R,NA,1,0,0
62,F,2025/6/2,5580,5,2,1,R,NA,1,0,0
62,F,2025/6/2,5595,5.5,2.5,1,R,NA,1,0,0
62,F,2025/6/2,5610,6,3,1,R,NA,1,0,1
62,F,2025/6/2,5625,6.5,3.5,1,R,NA,1,0,1
62,F,2025/6/2,5640,7,4,1,R,NA,1,0,2
62,F,2025/6/2,5655,7.5,4.5,1,R,NA,1,0,1
62,F,2025/6/2,5670,8,5,1,R,NA,1,0,0
62,F,2025/6/2,5685,8.5,5.5,1,R,NA,1,0,1
62,F,2025/6/2,5700,9,6,1,R,NA,1,0,0
62,F,2025/6/2,5715,9.5,6.5,1,R,NA,1,0,0
62,F,2025/6/2,5730,10,7,1,R,NA,1,0,0
62,F,2025/6/2,5745,10.5,7.5,1,R,NA,1,0,0
62,F,2025/6/2,5760,11,8,1,R,NA,1,0,1
62,F,2025/6/2,5775,11.5,8.5,1,R,NA,1,0,0
62,F,2025/6/2,5790,12,9,1,R,NA,1,0,0
62,F,2025/6/2,5805,12.5,9.5,1,R,NA,1,0,0
62,F,2025/6/2,5820,13,10,1,R,NA,1,0,1
62,F,2025/6/2,5835,13.5,10.5,1,R,NA,1,0,0
62,F,2025/6/2,5850,14,11,1,R,NA,1,0,0
62,F,2025/6/2,5865,14.5,11.5,1,R,NA,1,0,0
62,F,2025/6/2,5880,15,12,1,R,NA,1,0,0
62,F,2025/6/2,5895,15.5,12.5,1,R,NA,1,0,0
62,F,2025/6/2,5910,16,13,1,R,NA,1,0,0
62,F,2025/6/2,5925,16.5,13.5,1,R,NA,1,0,0
62,F,2025/6/2,5940,17,14,1,R,NA,1,0,0
62,F,2025/6/2,5955,17.5,14.5,1,R,NA,1,0,0
62,F,2025/6/2,5970,18,15,1,R,NA,1,0,0
62,F,2025/6/2,5985,18.5,15.5,1,R,NA,1,0,0
62,F,2025/6/2,6000,19,16,1,R,NA,1,0,0
62,F,2025/6/2,6015,19.5,16.5,1,R,NA,1,0,0
62,F,2025/6/2,6030,20,17,1,R,NA,1,0,0
62,F,2025/6/2,6045,20.5,17.5,1,R,NA,1,0,0
62,F,2025/6/2,6060,21,18,1,R,NA,1,0,0
62,F,2025/6/2,6075,21.5,18.5,1,R,NA,1,0,0
62,F,2025/6/2,6090,22,19,1,R,NA,1,0,0
62,F,2025/6/2,6105,22.5,19.5,1,R,NA,1,0,1
62,F,2025/6/2,6120,23,20,1,R,NA,1,0,0
62,F,2025/6/2,6135,23.5,20.5,1,R,NA,1,0,0
62,F,2025/6/2,6150,24,21,1,R,NA,1,0,0
62,F,2025/6/2,6165,24.5,21.5,1,R,NA,1,0,0
62,F,2025/6/2,6180,25,22,1,R,NA,1,0,1
62,F,2025/6/2,6195,25.5,22.5,1,R,NA,1,0,0
62,F,2025/6/2,6210,26,23,1,R,NA,1,0,0
62,F,2025/6/2,6225,26.5,23.5,1,R,NA,1,0,0
62,F,2025/6/2,6240,27,24,1,R,NA,1,0,0
62,F,2025/6/2,6255,27.5,24.5,1,R,NA,1,0,0
62,F,2025/6/2,6270,28,25,1,R,NA,1,0,0
62,F,2025/6/2,6285,28.5,25.5,1,R,NA,1,0,0
62,F,2025/6/2,6300,29,26,1,R,NA,1,0,0
62,F,2025/6/2,6315,29.5,26.5,1,R,NA,1,0,0
62,F,2025/6/2,6330,30,27,1,R,NA,1,0,0
62,F,2025/6/2,6345,30.5,27.5,1,R,NA,1,0,0
62,F,2025/6/2,6360,31,28,1,R,NA,1,0,0
62,F,2025/6/2,6375,31.5,28.5,1,R,NA,1,0,0
62,F,2025/6/2,6390,32,29,1,R,NA,1,0,0
62,F,2025/6/2,6405,32.5,29.5,1,R,NA,1,0,0
62,F,2025/6/2,6420,33,30,1,R,NA,1,0,0
62,F,2025/6/2,6435,33.5,30.5,1,R,NA,1,0,0
62,F,2025/6/2,6450,34,31,1,R,NA,1,0,0
62,F,2025/6/2,6465,34.5,31.5,1,R,NA,1,0,0
62,F,2025/6/2,6480,35,32,1,R,NA,1,0,0
62,F,2025/6/2,6495,35.5,32.5,1,R,NA,1,0,0
62,F,2025/6/2,6510,36,33,1,R,NA,1,0,0
62,F,2025/6/2,6525,36.5,33.5,1,R,NA,1,0,0
62,F,2025/6/2,6540,37,34,1,R,NA,1,0,0
62,F,2025/6/2,6555,37.5,34.5,1,R,NA,1,0,0
62,F,2025/6/2,6570,38,35,1,R,NA,1,0,0
62,F,2025/6/2,6585,38.5,35.5,1,R,NA,1,0,0
62,F,2025/6/2,6600,39,36,1,R,NA,1,0,0
62,F,2025/6/2,6615,39.5,36.5,1,R,NA,1,0,0
62,F,2025/6/2,6630,40,37,1,R,NA,1,0,0
62,F,2025/6/2,6645,40.5,37.5,1,R,NA,1,0,0
62,F,2025/6/2,6660,41,38,1,R,NA,1,0,0
62,F,2025/6/2,6675,41.5,38.5,1,R,NA,1,0,0
62,F,2025/6/2,6690,42,39,1,R,NA,1,0,0
62,F,2025/6/2,6705,42.5,39.5,1,R,NA,1,0,0
62,F,2025/6/2,6720,43,40,1,R,NA,1,0,0
62,F,2025/6/2,6735,43.5,40.5,1,R,NA,1,0,0
62,F,2025/6/2,6750,44,41,1,R,NA,1,0,0
62,F,2025/6/2,6765,44.5,41.5,1,R,NA,1,0,0
62,F,2025/6/2,6780,45,42,1,R,NA,1,0,0
62,F,2025/6/2,6795,45.5,42.5,1,R,NA,1,0,0
62,F,2025/6/2,6810,46,43,1,R,NA,1,0,0
62,F,2025/6/2,6825,46.5,43.5,1,R,NA,1,0,0
62,F,2025/6/2,6840,47,44,1,R,NA,1,0,0
62,F,2025/6/2,6855,47.5,44.5,1,R,NA,1,0,0
62,F,2025/6/2,6870,48,45,1,R,NA,1,0,0
62,F,2025/6/2,6885,48.5,45.5,1,R,NA,1,0,0
62,F,2025/6/2,6900,49,46,1,R,NA,1,0,0
62,F,2025/6/2,6915,49.5,46.5,1,R,NA,1,0,0
62,F,2025/6/2,6930,50,47,1,R,NA,1,0,0
62,F,2025/6/2,6945,50.5,47.5,1,R,NA,1,0,0
62,F,2025/6/2,6960,51,48,1,R,NA,1,0,0
62,F,2025/6/2,6975,51.5,48.5,1,R,NA,1,0,0
62,F,2025/6/2,6990,52,49,1,R,NA,1,0,0
62,F,2025/6/2,7005,52.5,49.5,1,R,NA,1,0,0
62,F,2025/6/2,7020,53,50,1,R,NA,1,0,0
62,F,2025/6/2,7035,53.5,50.5,1,R,NA,1,0,0
62,F,2025/6/2,7050,54,51,1,R,NA,1,0,0
62,F,2025/6/2,7065,54.5,51.5,1,R,NA,1,0,0
62,F,2025/6/2,7080,55,52,1,R,NA,1,0,0
62,F,2025/6/2,7095,55.5,52.5,1,R,NA,1,0,0
62,F,2025/6/2,7110,56,53,1,R,NA,1,0,0
62,F,2025/6/2,7125,56.5,53.5,1,R,NA,1,0,0
62,F,2025/6/2,7140,57,54,1,R,NA,1,0,0
62,F,2025/6/2,7155,57.5,54.5,1,R,NA,1,0,0
62,F,2025/6/2,7170,58,55,1,R,NA,1,0,0
62,F,2025/6/2,7185,58.5,55.5,1,R,NA,1,0,0
62,F,2025/6/2,7200,59,56,1,R,NA,1,0,0
62,F,2025/6/2,7215,59.5,56.5,1,R,NA,1,0,0
62,F,2025/6/2,7230,60,57,1,R,NA,1,0,0
62,F,2025/6/2,7245,60.5,57.5,1,R,NA,1,0,0
62,F,2025/6/2,7260,61,58,1,R,NA,1,0,0
62,F,2025/6/2,7275,61.5,58.5,1,R,NA,1,0,0
62,F,2025/6/2,7290,62,59,1,R,NA,1,0,0
62,F,2025/6/2,7305,62.5,59.5,1,R,NA,1,0,0
62,F,2025/6/2,7320,63,60,1,R,NA,1,0,0
62,F,2025/6/2,8105,0,NA,2,L,L,0,0,0
62,F,2025/6/2,8120,0.5,NA,2,L,L,0,0,0
62,F,2025/6/2,8135,1,NA,2,L,L,0,0,0
62,F,2025/6/2,8150,1.5,NA,2,L,L,0,0,0
62,F,2025/6/2,8165,2,NA,2,L,L,0,0,0
62,F,2025/6/2,8180,2.5,NA,2,L,L,0,0,0
62,F,2025/6/2,8195,3,NA,2,L,L,0,0,0
62,F,2025/6/2,8210,3.5,NA,2,L,L,0,0,0
62,F,2025/6/2,8225,4,NA,2,L,L,0,0,0
62,F,2025/6/2,8240,4.5,NA,2,L,L,0,0,0
62,F,2025/6/2,8255,5,0,2,L,L,1,0,0
62,F,2025/6/2,8270,5.5,0.5,2,L,L,1,0,0
62,F,2025/6/2,8285,6,1,2,L,L,1,0,0
62,F,2025/6/2,8300,6.5,1.5,2,L,L,1,0,0
62,F,2025/6/2,8315,7,2,2,L,L,1,0,0
62,F,2025/6/2,8330,7.5,2.5,2,L,L,1,0,0
62,F,2025/6/2,8345,8,3,2,L,L,1,0,0
62,F,2025/6/2,8360,8.5,3.5,2,L,L,1,1,0
62,F,2025/6/2,9800,0,NA,3,R,L,0,0,0
62,F,2025/6/2,9815,0.5,NA,3,R,L,0,0,0
62,F,2025/6/2,9830,1,NA,3,R,L,0,0,0
62,F,2025/6/2,9845,1.5,NA,3,R,L,0,0,0
62,F,2025/6/2,9860,2,NA,3,R,L,0,0,0
62,F,2025/6/2,9875,2.5,0,3,R,L,1,0,0
62,F,2025/6/2,9890,3,0.5,3,R,L,1,0,0
62,F,2025/6/2,9905,3.5,1,3,R,L,1,0,0
62,F,2025/6/2,9920,4,1.5,3,R,L,1,0,0
62,F,2025/6/2,9935,4.5,2,3,R,L,1,0,0
62,F,2025/6/2,9950,5,2.5,3,R,L,1,0,0
62,F,2025/6/2,9965,5.5,3,3,R,L,1,0,0
62,F,2025/6/2,9980,6,3.5,3,R,L,1,0,1
62,F,2025/6/2,9995,6.5,4,3,R,L,1,0,0
62,F,2025/6/2,10010,7,4.5,3,R,L,1,0,0
62,F,2025/6/2,10025,7.5,5,3,R,L,1,0,0
62,F,2025/6/2,10040,8,5.5,3,R,L,1,0,1
62,F,2025/6/2,10055,8.5,6,3,R,L,1,0,0
62,F,2025/6/2,10070,9,6.5,3,R,L,1,0,0
62,F,2025/6/2,10085,9.5,7,3,R,L,1,0,0
62,F,2025/6/2,10100,10,7.5,3,R,L,1,0,0
62,F,2025/6/2,10115,10.5,8,3,R,L,1,0,0
62,F,2025/6/2,10130,11,8.5,3,R,L,1,0,0
62,F,2025/6/2,10145,11.5,9,3,R,L,1,0,0
62,F,2025/6/2,10160,12,9.5,3,R,L,1,1,0
62,F,2025/6/2,12835,0,NA,4,R,L,0,0,0
62,F,2025/6/2,12850,0.5,NA,4,R,L,0,0,0
62,F,2025/6/2,12865,1,NA,4,R,L,0,0,0
62,F,2025/6/2,12880,1.5,0,4,R,L,1,0,0
62,F,2025/6/2,12895,2,0.5,4,R,L,1,0,0
62,F,2025/6/2,12910,2.5,1,4,R,L,1,0,0
62,F,2025/6/2,12925,3,1.5,4,R,L,1,0,0
62,F,2025/6/2,12940,3.5,2,4,R,L,1,0,0
62,F,2025/6/2,12955,4,2.5,4,R,L,1,0,0
62,F,2025/6/2,12970,4.5,3,4,R,L,1,0,0
62,F,2025/6/2,12985,5,3.5,4,R,L,1,0,0
62,F,2025/6/2,13000,5.5,4,4,R,L,1,0,1
62,F,2025/6/2,13015,6,4.5,4,R,L,1,0,0
62,F,2025/6/2,13030,6.5,5,4,R,L,1,0,0
62,F,2025/6/2,13045,7,5.5,4,R,L,1,0,0
62,F,2025/6/2,13060,7.5,6,4,R,L,1,0,0
62,F,2025/6/2,13075,8,6.5,4,R,L,1,0,0
62,F,2025/6/2,13090,8.5,7,4,R,L,1,0,0
62,F,2025/6/2,13105,9,7.5,4,R,L,1,0,0
62,F,2025/6/2,13120,9.5,8,4,R,L,1,0,0
62,F,2025/6/2,13135,10,8.5,4,R,L,1,0,0
62,F,2025/6/2,13150,10.5,9,4,R,L,1,0,0
62,F,2025/6/2,13165,11,9.5,4,R,L,1,0,0
62,F,2025/6/2,13180,11.5,10,4,R,L,1,0,0
62,F,2025/6/2,13195,12,10.5,4,R,L,1,0,0
62,F,2025/6/2,13210,12.5,11,4,R,L,1,0,1
62,F,2025/6/2,13225,13,11.5,4,R,L,1,0,1
62,F,2025/6/2,13240,13.5,12,4,R,L,1,0,1
62,F,2025/6/2,13255,14,12.5,4,R,L,1,0,0
62,F,2025/6/2,13270,14.5,13,4,R,L,1,0,0
62,F,2025/6/2,13285,15,13.5,4,R,L,1,0,0
62,F,2025/6/2,13300,15.5,14,4,R,L,1,0,0
62,F,2025/6/2,13315,16,14.5,4,R,L,1,0,0
62,F,2025/6/2,13330,16.5,15,4,R,L,1,0,0
62,F,2025/6/2,13345,17,15.5,4,R,L,1,0,0
62,F,2025/6/2,13360,17.5,16,4,R,L,1,0,0
62,F,2025/6/2,13375,18,16.5,4,R,L,1,0,0
62,F,2025/6/2,13390,18.5,17,4,R,L,1,0,0
62,F,2025/6/2,13405,19,17.5,4,R,L,1,0,0
62,F,2025/6/2,13420,19.5,18,4,R,L,1,0,0
62,F,2025/6/2,13435,20,18.5,4,R,L,1,1,0
62,F,2025/6/2,15390,0,NA,5,R,L,0,0,0
62,F,2025/6/2,15405,0.5,NA,5,R,L,0,0,0
62,F,2025/6/2,15420,1,NA,5,R,L,0,0,0
62,F,2025/6/2,15435,1.5,NA,5,R,L,0,0,0
62,F,2025/6/2,15450,2,NA,5,R,L,0,0,0
62,F,2025/6/2,15465,2.5,NA,5,R,L,0,0,0
62,F,2025/6/2,15480,3,NA,5,R,L,0,0,0
62,F,2025/6/2,15495,3.5,NA,5,R,L,0,0,0
62,F,2025/6/2,15510,4,NA,5,R,L,0,0,0
62,F,2025/6/2,15525,4.5,NA,5,R,L,0,0,0
62,F,2025/6/2,15540,5,NA,5,R,L,0,0,0
62,F,2025/6/2,15555,5.5,0,5,R,L,1,0,0
62,F,2025/6/2,15570,6,0.5,5,R,L,1,0,0
62,F,2025/6/2,15585,6.5,1,5,R,L,1,0,1
62,F,2025/6/2,15600,7,1.5,5,R,L,1,0,0
62,F,2025/6/2,15615,7.5,2,5,R,L,1,0,1
62,F,2025/6/2,15630,8,2.5,5,R,L,1,0,0
62,F,2025/6/2,15645,8.5,3,5,R,L,1,0,0
62,F,2025/6/2,15660,9,3.5,5,R,L,1,0,1
62,F,2025/6/2,15675,9.5,4,5,R,L,1,0,0
62,F,2025/6/2,15690,10,4.5,5,R,L,1,0,0
62,F,2025/6/2,15705,10.5,5,5,R,L,1,0,0
62,F,2025/6/2,15720,11,5.5,5,R,L,1,0,0
62,F,2025/6/2,15735,11.5,6,5,R,L,1,0,0
62,F,2025/6/2,15750,12,6.5,5,R,L,1,0,1
62,F,2025/6/2,15765,12.5,7,5,R,L,1,0,0
62,F,2025/6/2,15780,13,7.5,5,R,L,1,0,0
62,F,2025/6/2,15795,13.5,8,5,R,L,1,0,0
62,F,2025/6/2,15810,14,8.5,5,R,L,1,0,0
62,F,2025/6/2,15825,14.5,9,5,R,L,1,0,0
62,F,2025/6/2,15840,15,9.5,5,R,L,1,0,0
62,F,2025/6/2,15855,15.5,10,5,R,L,1,0,0
62,F,2025/6/2,15870,16,10.5,5,R,L,1,0,1
62,F,2025/6/2,15885,16.5,11,5,R,L,1,0,0
62,F,2025/6/2,15900,17,11.5,5,R,L,1,0,0
62,F,2025/6/2,15915,17.5,12,5,R,L,1,0,0
62,F,2025/6/2,15930,18,12.5,5,R,L,1,0,0
62,F,2025/6/2,15945,18.5,13,5,R,L,1,0,0
62,F,2025/6/2,15960,19,13.5,5,R,L,1,0,0
62,F,2025/6/2,15975,19.5,14,5,R,L,1,0,0
62,F,2025/6/2,15990,20,14.5,5,R,L,1,0,1
62,F,2025/6/2,16005,20.5,15,5,R,L,1,0,0
62,F,2025/6/2,16020,21,15.5,5,R,L,1,0,0
62,F,2025/6/2,16035,21.5,16,5,R,L,1,0,0
62,F,2025/6/2,16050,22,16.5,5,R,L,1,0,0
62,F,2025/6/2,16065,22.5,17,5,R,L,1,0,0
62,F,2025/6/2,16080,23,17.5,5,R,L,1,0,0
62,F,2025/6/2,16095,23.5,18,5,R,L,1,0,0
62,F,2025/6/2,16110,24,18.5,5,R,L,1,0,0
62,F,2025/6/2,16125,24.5,19,5,R,L,1,0,0
62,F,2025/6/2,16140,25,19.5,5,R,L,1,0,0
62,F,2025/6/2,16155,25.5,20,5,R,L,1,0,0
62,F,2025/6/2,16170,26,20.5,5,R,L,1,0,0
62,F,2025/6/2,16185,26.5,21,5,R,L,1,0,0
62,F,2025/6/2,16200,27,21.5,5,R,L,1,0,0
62,F,2025/6/2,16215,27.5,22,5,R,L,1,0,0
62,F,2025/6/2,16230,28,22.5,5,R,L,1,0,0
62,F,2025/6/2,16245,28.5,23,5,R,L,1,0,0
62,F,2025/6/2,16260,29,23.5,5,R,L,1,0,0
62,F,2025/6/2,16275,29.5,24,5,R,L,1,0,0
62,F,2025/6/2,16290,30,24.5,5,R,L,1,0,0
62,F,2025/6/2,16305,30.5,25,5,R,L,1,0,0
62,F,2025/6/2,16320,31,25.5,5,R,L,1,0,0
62,F,2025/6/2,16335,31.5,26,5,R,L,1,0,0
62,F,2025/6/2,16350,32,26.5,5,R,L,1,0,0
62,F,2025/6/2,16365,32.5,27,5,R,L,1,0,0
62,F,2025/6/2,16380,33,27.5,5,R,L,1,0,0
62,F,2025/6/2,16395,33.5,28,5,R,L,1,0,0
62,F,2025/6/2,16410,34,28.5,5,R,L,1,0,0
62,F,2025/6/2,16425,34.5,29,5,R,L,1,0,0
62,F,2025/6/2,16440,35,29.5,5,R,L,1,0,0
62,F,2025/6/2,16455,35.5,30,5,R,L,1,0,0
62,F,2025/6/2,16470,36,30.5,5,R,L,1,0,0
62,F,2025/6/2,16485,36.5,31,5,R,L,1,0,0
62,F,2025/6/2,16500,37,31.5,5,R,L,1,0,0
62,F,2025/6/2,16515,37.5,32,5,R,L,1,0,0
62,F,2025/6/2,16530,38,32.5,5,R,L,1,0,0
62,F,2025/6/2,16545,38.5,33,5,R,L,1,1,0
62,F,2025/6/2,17660,0,NA,6,L,L,0,0,0
62,F,2025/6/2,17675,0.5,NA,6,L,L,0,0,0
62,F,2025/6/2,17690,1,NA,6,L,L,0,0,0
62,F,2025/6/2,17705,1.5,NA,6,L,L,0,0,0
62,F,2025/6/2,17720,2,NA,6,L,L,0,0,0
62,F,2025/6/2,17735,2.5,0,6,L,L,1,0,0
62,F,2025/6/2,17750,3,0.5,6,L,L,1,0,0
62,F,2025/6/2,17765,3.5,1,6,L,L,1,0,0
62,F,2025/6/2,17780,4,1.5,6,L,L,1,0,0
62,F,2025/6/2,17795,4.5,2,6,L,L,1,0,0
62,F,2025/6/2,17810,5,2.5,6,L,L,1,0,0
62,F,2025/6/2,17825,5.5,3,6,L,L,1,0,0
62,F,2025/6/2,17840,6,3.5,6,L,L,1,0,0
62,F,2025/6/2,17855,6.5,4,6,L,L,1,0,0
62,F,2025/6/2,17870,7,4.5,6,L,L,1,0,0
62,F,2025/6/2,17885,7.5,5,6,L,L,1,0,0
62,F,2025/6/2,17900,8,5.5,6,L,L,1,0,0
62,F,2025/6/2,17915,8.5,6,6,L,L,1,0,0
62,F,2025/6/2,17930,9,6.5,6,L,L,1,0,0
62,F,2025/6/2,17945,9.5,7,6,L,L,1,0,0
62,F,2025/6/2,17960,10,7.5,6,L,L,1,0,0
62,F,2025/6/2,17975,10.5,8,6,L,L,1,0,0
62,F,2025/6/2,17990,11,8.5,6,L,L,1,0,0
62,F,2025/6/2,18005,11.5,9,6,L,L,1,0,0
62,F,2025/6/2,18020,12,9.5,6,L,L,1,1,0
62,F,2025/6/2,19645,0,NA,7,R,L,0,0,0
62,F,2025/6/2,19660,0.5,NA,7,R,L,0,0,0
62,F,2025/6/2,19675,1,NA,7,R,L,0,0,0
62,F,2025/6/2,19690,1.5,0,7,R,L,0,0,0
62,F,2025/6/2,19705,2,0.5,7,R,L,0,0,0
62,F,2025/6/2,19720,2.5,1,7,R,L,0,0,0
62,F,2025/6/2,19735,3,1.5,7,R,L,1,0,0
62,F,2025/6/2,19750,3.5,2,7,R,L,1,0,0
62,F,2025/6/2,19765,4,2.5,7,R,L,1,1,0
62,F,2025/6/2,21725,0,NA,8,L,L,0,0,0
62,F,2025/6/2,21740,0.5,NA,8,L,L,0,0,0
62,F,2025/6/2,21755,1,NA,8,L,L,0,0,0
62,F,2025/6/2,21770,1.5,NA,8,L,L,0,0,0
62,F,2025/6/2,21785,2,NA,8,L,L,0,0,0
62,F,2025/6/2,21800,2.5,NA,8,L,L,0,0,0
62,F,2025/6/2,21815,3,NA,8,L,L,0,0,0
62,F,2025/6/2,21830,3.5,NA,8,L,L,0,0,0
62,F,2025/6/2,21845,4,NA,8,L,L,0,0,0
62,F,2025/6/2,21860,4.5,NA,8,L,L,0,0,0
62,F,2025/6/2,21875,5,NA,8,L,L,0,0,0
62,F,2025/6/2,21890,5.5,0,8,L,L,1,0,0
62,F,2025/6/2,21905,6,0.5,8,L,L,1,0,0
62,F,2025/6/2,21920,6.5,1,8,L,L,1,0,0
62,F,2025/6/2,21935,7,1.5,8,L,L,1,1,0
62,F,2025/6/2,23085,0,NA,9,R,L,0,0,0
62,F,2025/6/2,23100,0.5,NA,9,R,L,0,0,0
62,F,2025/6/2,23115,1,NA,9,R,L,0,0,0
62,F,2025/6/2,23130,1.5,NA,9,R,L,0,0,0
62,F,2025/6/2,23145,2,NA,9,R,L,0,0,0
62,F,2025/6/2,23160,2.5,NA,9,R,L,0,0,0
62,F,2025/6/2,23175,3,0,9,R,L,1,0,0
62,F,2025/6/2,23190,3.5,0.5,9,R,L,1,0,0
62,F,2025/6/2,23205,4,1,9,R,L,1,1,0
62,F,2025/6/2,24615,0,NA,10,L,L,0,0,0
62,F,2025/6/2,24630,0.5,NA,10,L,L,0,0,0
62,F,2025/6/2,24645,1,NA,10,L,L,0,0,0
62,F,2025/6/2,24660,1.5,NA,10,L,L,0,0,0
62,F,2025/6/2,24675,2,NA,10,L,L,0,0,0
62,F,2025/6/2,24690,2.5,NA,10,L,L,0,0,0
62,F,2025/6/2,24705,3,0,10,L,L,1,0,0
62,F,2025/6/2,24720,3.5,0.5,10,L,L,1,0,0
62,F,2025/6/2,24735,4,1,10,L,L,1,0,0
62,F,2025/6/2,24750,4.5,1.5,10,L,L,1,0,0
62,F,2025/6/2,24765,5,2,10,L,L,1,1,0
64,F,2025/6/2,17045,0,NA,1,L,NA,0,0,0
64,F,2025/6/2,17060,0.5,NA,1,L,NA,0,0,0
64,F,2025/6/2,17075,1,NA,1,L,NA,0,0,0
64,F,2025/6/2,17090,1.5,NA,1,L,NA,0,0,0
64,F,2025/6/2,17105,2,NA,1,L,NA,0,0,0
64,F,2025/6/2,17120,2.5,NA,1,L,NA,0,0,0
64,F,2025/6/2,17135,3,NA,1,L,NA,0,0,0
64,F,2025/6/2,17150,3.5,NA,1,L,NA,0,0,0
64,F,2025/6/2,17165,4,NA,1,L,NA,0,0,0
64,F,2025/6/2,17180,4.5,NA,1,L,NA,0,0,0
64,F,2025/6/2,17195,5,NA,1,L,NA,0,0,0
64,F,2025/6/2,17210,5.5,NA,1,L,NA,0,0,0
64,F,2025/6/2,17225,6,NA,1,L,NA,0,0,0
64,F,2025/6/2,17240,6.5,NA,1,L,NA,0,0,0
64,F,2025/6/2,17255,7,NA,1,L,NA,0,0,0
64,F,2025/6/2,17270,7.5,NA,1,L,NA,0,0,0
64,F,2025/6/2,17285,8,NA,1,L,NA,0,0,0
64,F,2025/6/2,17300,8.5,NA,1,L,NA,0,0,0
64,F,2025/6/2,17315,9,NA,1,L,NA,0,0,0
64,F,2025/6/2,17330,9.5,NA,1,L,NA,0,0,0
64,F,2025/6/2,17345,10,NA,1,L,NA,0,0,0
64,F,2025/6/2,17360,10.5,NA,1,L,NA,0,0,0
64,F,2025/6/2,17375,11,NA,1,L,NA,0,0,0
64,F,2025/6/2,17390,11.5,NA,1,L,NA,0,0,0
64,F,2025/6/2,17405,12,NA,1,L,NA,0,0,0
64,F,2025/6/2,17420,12.5,NA,1,L,NA,0,0,0
64,F,2025/6/2,17435,13,NA,1,L,NA,0,0,0
64,F,2025/6/2,17450,13.5,NA,1,L,NA,0,0,0
64,F,2025/6/2,17465,14,NA,1,L,NA,0,0,0
64,F,2025/6/2,17480,14.5,NA,1,L,NA,0,0,0
64,F,2025/6/2,17495,15,NA,1,L,NA,0,0,0
64,F,2025/6/2,17510,15.5,NA,1,L,NA,0,0,0
64,F,2025/6/2,17525,16,NA,1,L,NA,0,0,0
64,F,2025/6/2,17540,16.5,NA,1,L,NA,0,0,0
64,F,2025/6/2,17555,17,NA,1,L,NA,0,0,0
64,F,2025/6/2,17570,17.5,NA,1,L,NA,0,0,0
64,F,2025/6/2,17585,18,NA,1,L,NA,0,0,0
64,F,2025/6/2,17600,18.5,NA,1,L,NA,0,0,0
64,F,2025/6/2,17615,19,NA,1,L,NA,0,0,0
64,F,2025/6/2,17630,19.5,NA,1,L,NA,0,0,0
64,F,2025/6/2,17645,20,NA,1,L,NA,0,0,0
64,F,2025/6/2,17660,20.5,NA,1,L,NA,0,0,0
64,F,2025/6/2,17675,21,NA,1,L,NA,0,0,0
64,F,2025/6/2,17690,21.5,NA,1,L,NA,0,0,0
64,F,2025/6/2,17705,22,NA,1,L,NA,0,0,0
64,F,2025/6/2,17720,22.5,NA,1,L,NA,0,0,0
64,F,2025/6/2,17735,23,NA,1,L,NA,0,0,0
64,F,2025/6/2,17750,23.5,NA,1,L,NA,0,0,0
64,F,2025/6/2,17765,24,NA,1,L,NA,0,0,0
64,F,2025/6/2,17780,24.5,NA,1,L,NA,0,0,0
64,F,2025/6/2,17795,25,NA,1,L,NA,0,0,0
64,F,2025/6/2,17810,25.5,NA,1,L,NA,0,0,0
64,F,2025/6/2,17825,26,NA,1,L,NA,0,0,0
64,F,2025/6/2,17840,26.5,NA,1,L,NA,0,0,0
64,F,2025/6/2,17855,27,NA,1,L,NA,0,0,0
64,F,2025/6/2,17870,27.5,NA,1,L,NA,0,0,0
64,F,2025/6/2,17885,28,NA,1,L,NA,0,0,0
64,F,2025/6/2,17900,28.5,NA,1,L,NA,0,0,0
64,F,2025/6/2,17915,29,NA,1,L,NA,0,0,0
64,F,2025/6/2,17930,29.5,NA,1,L,NA,0,0,0
64,F,2025/6/2,17945,30,NA,1,L,NA,0,0,0
64,F,2025/6/2,17960,30.5,NA,1,L,NA,0,0,0
64,F,2025/6/2,17975,31,NA,1,L,NA,0,0,0
64,F,2025/6/2,17990,31.5,NA,1,L,NA,0,0,0
64,F,2025/6/2,18005,32,NA,1,L,NA,0,0,0
64,F,2025/6/2,18020,32.5,NA,1,L,NA,0,0,0
64,F,2025/6/2,18035,33,NA,1,L,NA,0,0,0
64,F,2025/6/2,18050,33.5,NA,1,L,NA,0,0,0
64,F,2025/6/2,18065,34,NA,1,L,NA,0,0,0
64,F,2025/6/2,18080,34.5,NA,1,L,NA,0,0,0
64,F,2025/6/2,18095,35,NA,1,L,NA,0,0,0
64,F,2025/6/2,18110,35.5,NA,1,L,NA,0,0,0
64,F,2025/6/2,18125,36,NA,1,L,NA,0,0,0
64,F,2025/6/2,18140,36.5,NA,1,L,NA,0,0,0
64,F,2025/6/2,18155,37,NA,1,L,NA,0,0,0
64,F,2025/6/2,18170,37.5,NA,1,L,NA,0,0,0
64,F,2025/6/2,18185,38,NA,1,L,NA,0,0,0
64,F,2025/6/2,18200,38.5,NA,1,L,NA,0,0,0
64,F,2025/6/2,18215,39,NA,1,L,NA,0,0,0
64,F,2025/6/2,18230,39.5,NA,1,L,NA,0,0,0
64,F,2025/6/2,18245,40,NA,1,L,NA,0,0,0
64,F,2025/6/2,18260,40.5,NA,1,L,NA,0,0,0
64,F,2025/6/2,18275,41,NA,1,L,NA,0,0,0
64,F,2025/6/2,18290,41.5,NA,1,L,NA,0,0,0
64,F,2025/6/2,18305,42,NA,1,L,NA,0,0,0
64,F,2025/6/2,18320,42.5,NA,1,L,NA,0,0,0
64,F,2025/6/2,18335,43,NA,1,L,NA,0,0,0
64,F,2025/6/2,18350,43.5,NA,1,L,NA,0,0,0
64,F,2025/6/2,18365,44,NA,1,L,NA,0,0,0
64,F,2025/6/2,18380,44.5,NA,1,L,NA,0,0,0
64,F,2025/6/2,18395,45,NA,1,L,NA,0,0,0
64,F,2025/6/2,18410,45.5,NA,1,L,NA,0,0,0
64,F,2025/6/2,18425,46,NA,1,L,NA,0,0,0
64,F,2025/6/2,18440,46.5,NA,1,L,NA,0,0,0
64,F,2025/6/2,18455,47,NA,1,L,NA,0,0,0
64,F,2025/6/2,18470,47.5,NA,1,L,NA,0,0,0
64,F,2025/6/2,18485,48,NA,1,L,NA,0,0,0
64,F,2025/6/2,18500,48.5,NA,1,L,NA,0,0,0
64,F,2025/6/2,18515,49,NA,1,L,NA,0,0,0
64,F,2025/6/2,18530,49.5,NA,1,L,NA,0,0,0
64,F,2025/6/2,18545,50,NA,1,L,NA,0,0,0
64,F,2025/6/2,18560,50.5,NA,1,L,NA,0,0,0
64,F,2025/6/2,18575,51,NA,1,L,NA,0,0,0
64,F,2025/6/2,18590,51.5,NA,1,L,NA,0,0,0
64,F,2025/6/2,18605,52,NA,1,L,NA,0,0,0
64,F,2025/6/2,18620,52.5,NA,1,L,NA,0,0,0
64,F,2025/6/2,18635,53,NA,1,L,NA,0,0,0
64,F,2025/6/2,18650,53.5,NA,1,L,NA,0,0,0
64,F,2025/6/2,18665,54,NA,1,L,NA,0,0,0
64,F,2025/6/2,18680,54.5,NA,1,L,NA,0,0,0
64,F,2025/6/2,18695,55,NA,1,L,NA,0,0,0
64,F,2025/6/2,18710,55.5,NA,1,L,NA,0,0,0
64,F,2025/6/2,18725,56,NA,1,L,NA,0,0,0
64,F,2025/6/2,18740,56.5,NA,1,L,NA,0,0,0
64,F,2025/6/2,18755,57,NA,1,L,NA,0,0,0
64,F,2025/6/2,18770,57.5,NA,1,L,NA,0,0,0
64,F,2025/6/2,18785,58,NA,1,L,NA,0,0,0
64,F,2025/6/2,18800,58.5,NA,1,L,NA,0,0,0
64,F,2025/6/2,18815,59,NA,1,L,NA,0,0,0
64,F,2025/6/2,18830,59.5,NA,1,L,NA,0,0,0
64,F,2025/6/2,18845,60,NA,1,L,NA,0,0,0
64,F,2025/6/2,18860,60.5,NA,1,L,NA,0,0,0
64,F,2025/6/2,18875,61,NA,1,L,NA,0,0,0
64,F,2025/6/2,18890,61.5,NA,1,L,NA,0,0,0
64,F,2025/6/2,18905,62,NA,1,L,NA,0,0,0
64,F,2025/6/2,18920,62.5,NA,1,L,NA,0,0,0
64,F,2025/6/2,18935,63,NA,1,L,NA,0,0,0
64,F,2025/6/2,18950,63.5,NA,1,L,NA,0,0,0
64,F,2025/6/2,18965,64,NA,1,L,NA,0,0,0
64,F,2025/6/2,18980,64.5,NA,1,L,NA,0,0,0
64,F,2025/6/2,18995,65,NA,1,L,NA,0,0,0
64,F,2025/6/2,19010,65.5,NA,1,L,NA,0,0,0
64,F,2025/6/2,19025,66,NA,1,L,NA,0,0,0
64,F,2025/6/2,19040,66.5,NA,1,L,NA,0,0,0
64,F,2025/6/2,19055,67,NA,1,L,NA,0,0,0
64,F,2025/6/2,19070,67.5,NA,1,L,NA,0,0,0
64,F,2025/6/2,19085,68,NA,1,L,NA,0,0,0
64,F,2025/6/2,19100,68.5,NA,1,L,NA,0,0,0
64,F,2025/6/2,19115,69,NA,1,L,NA,0,0,0
64,F,2025/6/2,19130,69.5,NA,1,L,NA,0,0,0
64,F,2025/6/2,19145,70,NA,1,L,NA,0,0,0
64,F,2025/6/2,19160,70.5,NA,1,L,NA,0,0,0
64,F,2025/6/2,19175,71,NA,1,L,NA,0,0,0
64,F,2025/6/2,19190,71.5,NA,1,L,NA,0,0,0
64,F,2025/6/2,19205,72,NA,1,L,NA,0,0,0
64,F,2025/6/2,19220,72.5,NA,1,L,NA,0,0,0
64,F,2025/6/2,19235,73,NA,1,L,NA,0,0,0
64,F,2025/6/2,19250,73.5,NA,1,L,NA,0,0,0
64,F,2025/6/2,19265,74,NA,1,L,NA,0,0,0
64,F,2025/6/2,19280,74.5,NA,1,L,NA,0,0,0
64,F,2025/6/2,19295,75,NA,1,L,NA,0,0,0
64,F,2025/6/2,19310,75.5,NA,1,L,NA,0,0,0
64,F,2025/6/2,19325,76,NA,1,L,NA,0,0,0
64,F,2025/6/2,19340,76.5,NA,1,L,NA,0,0,0
64,F,2025/6/2,19355,77,NA,1,L,NA,0,0,0
64,F,2025/6/2,19370,77.5,NA,1,L,NA,0,0,0
64,F,2025/6/2,19385,78,NA,1,L,NA,0,0,0
64,F,2025/6/2,19400,78.5,NA,1,L,NA,0,0,0
64,F,2025/6/2,19415,79,NA,1,L,NA,0,0,0
64,F,2025/6/2,19430,79.5,NA,1,L,NA,0,0,0
64,F,2025/6/2,19445,80,NA,1,L,NA,0,0,0
64,F,2025/6/2,19460,80.5,NA,1,L,NA,0,0,0
64,F,2025/6/2,19475,81,NA,1,L,NA,0,0,0
64,F,2025/6/2,19490,81.5,NA,1,L,NA,0,0,0
64,F,2025/6/2,19505,82,NA,1,L,NA,0,0,0
64,F,2025/6/2,19520,82.5,NA,1,L,NA,0,0,0
64,F,2025/6/2,19535,83,NA,1,L,NA,0,0,0
64,F,2025/6/2,19550,83.5,NA,1,L,NA,0,0,0
64,F,2025/6/2,19565,84,NA,1,L,NA,0,0,0
64,F,2025/6/2,19580,84.5,NA,1,L,NA,0,0,0
64,F,2025/6/2,19595,85,NA,1,L,NA,0,0,0
64,F,2025/6/2,19610,85.5,NA,1,L,NA,0,0,0
64,F,2025/6/2,19625,86,NA,1,L,NA,0,0,0
64,F,2025/6/2,19640,86.5,NA,1,L,NA,0,0,0
64,F,2025/6/2,19655,87,NA,1,L,NA,0,0,0
64,F,2025/6/2,19670,87.5,NA,1,L,NA,0,0,0
64,F,2025/6/2,19685,88,NA,1,L,NA,0,0,0
64,F,2025/6/2,19700,88.5,NA,1,L,NA,0,0,0
64,F,2025/6/2,19715,89,NA,1,L,NA,0,0,0
64,F,2025/6/2,19730,89.5,NA,1,L,NA,0,0,0
64,F,2025/6/2,19745,90,NA,1,L,NA,0,0,0
64,F,2025/6/2,19760,90.5,NA,1,L,NA,0,0,0
64,F,2025/6/2,19775,91,NA,1,L,NA,0,0,0
64,F,2025/6/2,19790,91.5,NA,1,L,NA,0,0,0
64,F,2025/6/2,19805,92,NA,1,L,NA,0,0,0
64,F,2025/6/2,19820,92.5,NA,1,L,NA,0,0,0
64,F,2025/6/2,19835,93,NA,1,L,NA,0,0,0
64,F,2025/6/2,19850,93.5,NA,1,L,NA,0,0,0
64,F,2025/6/2,19865,94,NA,1,L,NA,0,0,0
64,F,2025/6/2,19880,94.5,NA,1,L,NA,0,0,0
64,F,2025/6/2,19895,95,NA,1,L,NA,0,0,0
64,F,2025/6/2,19910,95.5,NA,1,L,NA,0,0,0
64,F,2025/6/2,19925,96,NA,1,L,NA,0,0,0
64,F,2025/6/2,19940,96.5,NA,1,L,NA,0,0,0
64,F,2025/6/2,19955,97,NA,1,L,NA,0,0,0
64,F,2025/6/2,19970,97.5,NA,1,L,NA,0,0,0
64,F,2025/6/2,19985,98,NA,1,L,NA,0,0,0
64,F,2025/6/2,20000,98.5,NA,1,L,NA,0,0,0
64,F,2025/6/2,20015,99,NA,1,L,NA,0,0,0
64,F,2025/6/2,20030,99.5,NA,1,L,NA,0,0,0
64,F,2025/6/2,20045,100,NA,1,L,NA,0,0,0
64,F,2025/6/2,20060,100.5,NA,1,L,NA,0,0,0
64,F,2025/6/2,20075,101,NA,1,L,NA,0,0,0
64,F,2025/6/2,20090,101.5,NA,1,L,NA,0,0,0
64,F,2025/6/2,20105,102,NA,1,L,NA,0,0,0
64,F,2025/6/2,20120,102.5,NA,1,L,NA,0,0,0
64,F,2025/6/2,20135,103,NA,1,L,NA,0,0,0
64,F,2025/6/2,20150,103.5,NA,1,L,NA,0,0,0
64,F,2025/6/2,20165,104,NA,1,L,NA,0,0,0
64,F,2025/6/2,20180,104.5,NA,1,L,NA,0,0,0
64,F,2025/6/2,20195,105,NA,1,L,NA,0,0,0
64,F,2025/6/2,20210,105.5,NA,1,L,NA,0,0,0
64,F,2025/6/2,20225,106,NA,1,L,NA,0,0,0
64,F,2025/6/2,20240,106.5,NA,1,L,NA,0,0,0
64,F,2025/6/2,20255,107,NA,1,L,NA,0,0,0
64,F,2025/6/2,20270,107.5,NA,1,L,NA,0,0,0
64,F,2025/6/2,20285,108,NA,1,L,NA,0,0,0
64,F,2025/6/2,20300,108.5,NA,1,L,NA,0,0,0
64,F,2025/6/2,20315,109,NA,1,L,NA,0,0,0
64,F,2025/6/2,20330,109.5,NA,1,L,NA,0,0,0
64,F,2025/6/2,20345,110,NA,1,L,NA,0,0,0
64,F,2025/6/2,20360,110.5,NA,1,L,NA,0,0,0
64,F,2025/6/2,20375,111,NA,1,L,NA,0,0,0
64,F,2025/6/2,20390,111.5,NA,1,L,NA,0,0,0
64,F,2025/6/2,20405,112,NA,1,L,NA,0,0,0
64,F,2025/6/2,20420,112.5,NA,1,L,NA,0,0,0
64,F,2025/6/2,20435,113,NA,1,L,NA,0,0,0
64,F,2025/6/2,20450,113.5,NA,1,L,NA,0,0,0
64,F,2025/6/2,20465,114,NA,1,L,NA,0,0,0
64,F,2025/6/2,20480,114.5,NA,1,L,NA,0,0,0
64,F,2025/6/2,20495,115,NA,1,L,NA,0,0,0
64,F,2025/6/2,20510,115.5,NA,1,L,NA,0,0,0
64,F,2025/6/2,20525,116,NA,1,L,NA,0,0,0
64,F,2025/6/2,20540,116.5,NA,1,L,NA,0,0,0
64,F,2025/6/2,20555,117,NA,1,L,NA,0,0,0
64,F,2025/6/2,20570,117.5,NA,1,L,NA,0,0,0
64,F,2025/6/2,20585,118,NA,1,L,NA,0,0,0
64,F,2025/6/2,20600,118.5,NA,1,L,NA,0,0,0
64,F,2025/6/2,20615,119,NA,1,L,NA,0,0,0
64,F,2025/6/2,20630,119.5,NA,1,L,NA,0,0,0
64,F,2025/6/2,20645,120,NA,1,L,NA,0,0,0
64,F,2025/6/2,20660,120.5,NA,1,L,NA,0,0,0
64,F,2025/6/2,20675,121,NA,1,L,NA,0,0,0
64,F,2025/6/2,20690,121.5,NA,1,L,NA,0,0,0
64,F,2025/6/2,20705,122,NA,1,L,NA,0,0,0
64,F,2025/6/2,20720,122.5,NA,1,L,NA,0,0,0
64,F,2025/6/2,20735,123,NA,1,L,NA,0,0,0
64,F,2025/6/2,20750,123.5,NA,1,L,NA,0,0,0
64,F,2025/6/2,20765,124,0,1,L,NA,1,0,0
64,F,2025/6/2,20780,124.5,0.5,1,L,NA,1,0,0
64,F,2025/6/2,20795,125,1,1,L,NA,1,0,0
64,F,2025/6/2,20810,125.5,1.5,1,L,NA,1,0,0
64,F,2025/6/2,20825,126,2,1,L,NA,1,0,0
64,F,2025/6/2,20840,126.5,2.5,1,L,NA,1,0,0
64,F,2025/6/2,20855,127,3,1,L,NA,1,0,0
64,F,2025/6/2,20870,127.5,3.5,1,L,NA,1,0,0
64,F,2025/6/2,20885,128,4,1,L,NA,1,0,0
64,F,2025/6/2,20900,128.5,4.5,1,L,NA,1,0,0
64,F,2025/6/2,20915,129,5,1,L,NA,1,0,0
64,F,2025/6/2,20930,129.5,5.5,1,L,NA,1,0,0
64,F,2025/6/2,20945,130,6,1,L,NA,1,0,0
64,F,2025/6/2,20960,130.5,6.5,1,L,NA,1,0,0
64,F,2025/6/2,20975,131,7,1,L,NA,1,0,0
64,F,2025/6/2,20990,131.5,7.5,1,L,NA,1,0,0
64,F,2025/6/2,21005,132,8,1,L,NA,1,0,0
64,F,2025/6/2,21020,132.5,8.5,1,L,NA,1,0,0
64,F,2025/6/2,21035,133,9,1,L,NA,1,0,1
64,F,2025/6/2,21050,133.5,9.5,1,L,NA,1,0,1
64,F,2025/6/2,21065,134,10,1,L,NA,1,0,1
64,F,2025/6/2,21080,134.5,10.5,1,L,NA,1,0,1
64,F,2025/6/2,21095,135,11,1,L,NA,1,0,1
64,F,2025/6/2,21110,135.5,11.5,1,L,NA,1,0,1
64,F,2025/6/2,21125,136,12,1,L,NA,1,0,2
64,F,2025/6/2,21140,136.5,12.5,1,L,NA,1,0,0
64,F,2025/6/2,21155,137,13,1,L,NA,1,0,0
64,F,2025/6/2,21170,137.5,13.5,1,L,NA,1,0,1
64,F,2025/6/2,21185,138,14,1,L,NA,1,0,0
64,F,2025/6/2,21200,138.5,14.5,1,L,NA,1,0,0
64,F,2025/6/2,21215,139,15,1,L,NA,1,0,0
64,F,2025/6/2,21230,139.5,15.5,1,L,NA,1,0,1
64,F,2025/6/2,21245,140,16,1,L,NA,1,0,1
64,F,2025/6/2,21260,140.5,16.5,1,L,NA,1,0,0
64,F,2025/6/2,21275,141,17,1,L,NA,1,0,0
64,F,2025/6/2,21290,141.5,17.5,1,L,NA,1,0,0
64,F,2025/6/2,21305,142,18,1,L,NA,1,0,0
64,F,2025/6/2,21320,142.5,18.5,1,L,NA,1,0,0
64,F,2025/6/2,21335,143,19,1,L,NA,1,0,1
64,F,2025/6/2,21350,143.5,19.5,1,L,NA,1,0,0
64,F,2025/6/2,21365,144,20,1,L,NA,1,0,1
64,F,2025/6/2,21380,144.5,20.5,1,L,NA,1,0,0
64,F,2025/6/2,21395,145,21,1,L,NA,1,0,0
64,F,2025/6/2,21410,145.5,21.5,1,L,NA,1,0,0
64,F,2025/6/2,21425,146,22,1,L,NA,1,0,0
64,F,2025/6/2,21440,146.5,22.5,1,L,NA,1,0,0
64,F,2025/6/2,21455,147,23,1,L,NA,1,0,0
64,F,2025/6/2,21470,147.5,23.5,1,L,NA,1,0,0
64,F,2025/6/2,21485,148,24,1,L,NA,1,0,0
64,F,2025/6/2,21500,148.5,24.5,1,L,NA,1,0,0
64,F,2025/6/2,21515,149,25,1,L,NA,1,0,0
64,F,2025/6/2,21530,149.5,25.5,1,L,NA,1,0,0
64,F,2025/6/2,21545,150,26,1,L,NA,1,0,0
64,F,2025/6/2,21560,150.5,26.5,1,L,NA,1,0,0
64,F,2025/6/2,21575,151,27,1,L,NA,1,0,0
64,F,2025/6/2,21590,151.5,27.5,1,L,NA,1,0,0
64,F,2025/6/2,21605,152,28,1,L,NA,1,0,0
64,F,2025/6/2,21620,152.5,28.5,1,L,NA,1,0,0
64,F,2025/6/2,21635,153,29,1,L,NA,1,0,0
64,F,2025/6/2,21650,153.5,29.5,1,L,NA,1,0,0
64,F,2025/6/2,21665,154,30,1,L,NA,1,0,0
64,F,2025/6/2,21680,154.5,30.5,1,L,NA,1,0,0
64,F,2025/6/2,21695,155,31,1,L,NA,1,0,0
64,F,2025/6/2,21710,155.5,31.5,1,L,NA,1,0,0
64,F,2025/6/2,21725,156,32,1,L,NA,1,0,0
64,F,2025/6/2,21740,156.5,32.5,1,L,NA,1,0,0
64,F,2025/6/2,21755,157,33,1,L,NA,1,0,0
64,F,2025/6/2,21770,157.5,33.5,1,L,NA,1,0,0
64,F,2025/6/2,21785,158,34,1,L,NA,1,0,0
64,F,2025/6/2,21800,158.5,34.5,1,L,NA,1,0,0
64,F,2025/6/2,21815,159,35,1,L,NA,1,0,0
64,F,2025/6/2,21830,159.5,35.5,1,L,NA,1,0,0
64,F,2025/6/2,21845,160,36,1,L,NA,1,0,0
64,F,2025/6/2,21860,160.5,36.5,1,L,NA,1,0,0
64,F,2025/6/2,21875,161,37,1,L,NA,1,0,0
64,F,2025/6/2,21890,161.5,37.5,1,L,NA,1,0,0
64,F,2025/6/2,21905,162,38,1,L,NA,1,0,0
64,F,2025/6/2,21920,162.5,38.5,1,L,NA,1,0,0
64,F,2025/6/2,21935,163,39,1,L,NA,1,0,0
64,F,2025/6/2,21950,163.5,39.5,1,L,NA,1,0,0
64,F,2025/6/2,21965,164,40,1,L,NA,1,0,0
64,F,2025/6/2,21980,164.5,40.5,1,L,NA,1,0,0
64,F,2025/6/2,21995,165,41,1,L,NA,1,0,0
64,F,2025/6/2,22010,165.5,41.5,1,L,NA,1,0,0
64,F,2025/6/2,22025,166,42,1,L,NA,1,0,0
64,F,2025/6/2,22040,166.5,42.5,1,L,NA,1,0,0
64,F,2025/6/2,22055,167,43,1,L,NA,1,0,0
64,F,2025/6/2,22070,167.5,43.5,1,L,NA,1,0,0
64,F,2025/6/2,22085,168,44,1,L,NA,1,0,0
64,F,2025/6/2,22100,168.5,44.5,1,L,NA,1,0,0
64,F,2025/6/2,22115,169,45,1,L,NA,1,0,0
64,F,2025/6/2,22130,169.5,45.5,1,L,NA,1,0,0
64,F,2025/6/2,22145,170,46,1,L,NA,1,0,0
64,F,2025/6/2,22160,170.5,46.5,1,L,NA,1,0,0
64,F,2025/6/2,22175,171,47,1,L,NA,1,0,0
64,F,2025/6/2,22190,171.5,47.5,1,L,NA,1,0,0
64,F,2025/6/2,22205,172,48,1,L,NA,1,0,0
64,F,2025/6/2,22220,172.5,48.5,1,L,NA,1,0,0
64,F,2025/6/2,22235,173,49,1,L,NA,1,0,0
64,F,2025/6/2,22250,173.5,49.5,1,L,NA,1,0,0
64,F,2025/6/2,22265,174,50,1,L,NA,1,0,0
64,F,2025/6/2,22280,174.5,50.5,1,L,NA,1,0,0
64,F,2025/6/2,22295,175,51,1,L,NA,1,0,0
64,F,2025/6/2,22310,175.5,51.5,1,L,NA,1,0,0
64,F,2025/6/2,22325,176,52,1,L,NA,1,0,0
64,F,2025/6/2,22340,176.5,52.5,1,L,NA,1,0,0
64,F,2025/6/2,22355,177,53,1,L,NA,1,0,0
64,F,2025/6/2,22370,177.5,53.5,1,L,NA,1,0,0
64,F,2025/6/2,22385,178,54,1,L,NA,1,0,0
64,F,2025/6/2,22400,178.5,54.5,1,L,NA,1,0,0
64,F,2025/6/2,22415,179,55,1,L,NA,1,0,0
64,F,2025/6/2,22430,179.5,55.5,1,L,NA,1,0,0
64,F,2025/6/2,22445,180,56,1,L,NA,1,0,0
64,F,2025/6/2,22460,180.5,56.5,1,L,NA,1,0,0
64,F,2025/6/2,22475,181,57,1,L,NA,1,0,0
64,F,2025/6/2,22490,181.5,57.5,1,L,NA,1,0,0
64,F,2025/6/2,22505,182,58,1,L,NA,1,0,0
64,F,2025/6/2,22520,182.5,58.5,1,L,NA,1,0,0
64,F,2025/6/2,22535,183,59,1,L,NA,1,0,0
64,F,2025/6/2,22550,183.5,59.5,1,L,NA,1,0,0
64,F,2025/6/2,22565,184,60,1,L,NA,1,0,0
64,F,2025/6/2,23265,0,,2,L,NA,0,0,0
64,F,2025/6/2,23280,0.5,,2,L,NA,0,0,0
64,F,2025/6/2,23295,1,,2,L,NA,0,0,0
64,F,2025/6/2,23310,1.5,,2,L,NA,0,0,0
64,F,2025/6/2,23325,2,,2,L,NA,0,0,0
64,F,2025/6/2,23340,2.5,,2,L,NA,0,0,0
64,F,2025/6/2,23355,3,,2,L,NA,0,0,0
64,F,2025/6/2,23370,3.5,,2,L,NA,0,0,0
64,F,2025/6/2,23385,4,,2,L,NA,0,0,0
64,F,2025/6/2,23400,4.5,,2,L,NA,0,0,0
64,F,2025/6/2,23415,5,,2,L,NA,0,0,0
64,F,2025/6/2,23430,5.5,,2,L,NA,0,0,0
64,F,2025/6/2,23445,6,,2,L,NA,0,0,0
64,F,2025/6/2,23460,6.5,,2,L,NA,0,0,0
64,F,2025/6/2,23475,7,,2,L,NA,0,0,0
64,F,2025/6/2,23490,7.5,,2,L,NA,0,0,0
64,F,2025/6/2,23505,8,,2,L,NA,0,0,0
64,F,2025/6/2,23520,8.5,,2,L,NA,0,0,0
64,F,2025/6/2,23535,9,,2,L,NA,0,0,0
64,F,2025/6/2,23550,9.5,,2,L,NA,0,0,0
64,F,2025/6/2,23565,10,,2,L,NA,0,0,0
64,F,2025/6/2,23580,10.5,,2,L,NA,0,0,0
64,F,2025/6/2,23595,11,,2,L,NA,0,0,0
64,F,2025/6/2,23610,11.5,,2,L,NA,0,0,0
64,F,2025/6/2,23625,12,,2,L,NA,0,0,0
64,F,2025/6/2,23640,12.5,,2,L,NA,0,0,0
64,F,2025/6/2,23655,13,,2,L,NA,0,0,0
64,F,2025/6/2,23670,13.5,,2,L,NA,0,0,0
64,F,2025/6/2,23685,14,,2,L,NA,0,0,0
64,F,2025/6/2,23700,14.5,,2,L,NA,0,0,0
64,F,2025/6/2,23715,15,,2,L,NA,0,0,0
64,F,2025/6/2,23730,15.5,,2,L,NA,0,0,0
64,F,2025/6/2,23745,16,,2,L,NA,0,0,0
64,F,2025/6/2,23760,16.5,,2,L,NA,0,0,0
64,F,2025/6/2,23775,17,,2,L,NA,0,0,0
64,F,2025/6/2,23790,17.5,,2,L,NA,0,0,0
64,F,2025/6/2,23805,18,,2,L,NA,0,0,0
64,F,2025/6/2,23820,18.5,,2,L,NA,0,0,0
64,F,2025/6/2,23835,19,,2,L,NA,0,0,0
64,F,2025/6/2,23850,19.5,,2,L,NA,0,0,0
64,F,2025/6/2,23865,20,,2,L,NA,0,0,0
64,F,2025/6/2,23880,20.5,,2,L,NA,0,0,0
64,F,2025/6/2,23895,21,,2,L,NA,0,0,0
64,F,2025/6/2,23910,21.5,,2,L,NA,0,0,0
64,F,2025/6/2,23925,22,,2,L,NA,0,0,0
64,F,2025/6/2,23940,22.5,,2,L,NA,0,0,0
64,F,2025/6/2,23955,23,,2,L,NA,0,0,0
64,F,2025/6/2,23970,23.5,,2,L,NA,0,0,0
64,F,2025/6/2,23985,24,,2,L,NA,0,0,0
64,F,2025/6/2,24000,24.5,,2,L,NA,0,0,0
64,F,2025/6/2,24015,25,0,2,L,NA,1,0,0
64,F,2025/6/2,24030,25.5,0.5,2,L,NA,1,0,0
64,F,2025/6/2,24045,26,1,2,L,NA,1,0,0
64,F,2025/6/2,24060,26.5,1.5,2,L,NA,1,0,0
64,F,2025/6/2,24075,27,2,2,L,NA,1,0,0
64,F,2025/6/2,24090,27.5,2.5,2,L,NA,1,0,0
64,F,2025/6/2,24105,28,3,2,L,NA,1,0,0
64,F,2025/6/2,24120,28.5,3.5,2,L,NA,1,0,0
64,F,2025/6/2,24135,29,4,2,L,NA,1,0,0
64,F,2025/6/2,24150,29.5,4.5,2,L,NA,1,0,0
64,F,2025/6/2,24165,30,5,2,L,NA,1,0,0
64,F,2025/6/2,24180,30.5,5.5,2,L,NA,1,0,0
64,F,2025/6/2,24195,31,6,2,L,NA,1,0,0
64,F,2025/6/2,24210,31.5,6.5,2,L,NA,1,0,0
64,F,2025/6/2,24225,32,7,2,L,NA,1,0,0
64,F,2025/6/2,24240,32.5,7.5,2,L,NA,1,0,0
64,F,2025/6/2,24255,33,8,2,L,NA,1,0,0
64,F,2025/6/2,24270,33.5,8.5,2,L,NA,1,0,0
64,F,2025/6/2,24285,34,9,2,L,NA,1,0,0
64,F,2025/6/2,24300,34.5,9.5,2,L,NA,1,0,0
64,F,2025/6/2,24315,35,10,2,L,NA,1,0,0
64,F,2025/6/2,24330,35.5,10.5,2,L,NA,1,0,0
64,F,2025/6/2,24345,36,11,2,L,NA,1,0,0
64,F,2025/6/2,24360,36.5,11.5,2,L,NA,1,0,0
64,F,2025/6/2,24375,37,12,2,L,NA,1,0,0
64,F,2025/6/2,24390,37.5,12.5,2,L,NA,1,0,0
64,F,2025/6/2,24405,38,13,2,L,NA,1,0,0
64,F,2025/6/2,24420,38.5,13.5,2,L,NA,1,0,0
64,F,2025/6/2,24435,39,14,2,L,NA,1,0,0
64,F,2025/6/2,24450,39.5,14.5,2,L,NA,1,0,0
64,F,2025/6/2,24465,40,15,2,L,NA,1,0,0
64,F,2025/6/2,24480,40.5,15.5,2,L,NA,1,0,0
64,F,2025/6/2,24495,41,16,2,L,NA,1,0,0
64,F,2025/6/2,24510,41.5,16.5,2,L,NA,1,0,0
64,F,2025/6/2,24525,42,17,2,L,NA,1,0,0
64,F,2025/6/2,24540,42.5,17.5,2,L,NA,1,0,0
64,F,2025/6/2,24555,43,18,2,L,NA,1,0,0
64,F,2025/6/2,24570,43.5,18.5,2,L,NA,1,0,0
64,F,2025/6/2,24585,44,19,2,L,NA,1,0,0
64,F,2025/6/2,24600,44.5,19.5,2,L,NA,1,0,0
64,F,2025/6/2,24615,45,20,2,L,NA,1,0,0
64,F,2025/6/2,24630,45.5,20.5,2,L,NA,1,0,0
64,F,2025/6/2,24645,46,21,2,L,NA,1,0,0
64,F,2025/6/2,24660,46.5,21.5,2,L,NA,1,0,0
64,F,2025/6/2,24675,47,22,2,L,NA,1,0,0
64,F,2025/6/2,24690,47.5,22.5,2,L,NA,1,0,0
64,F,2025/6/2,24705,48,23,2,L,NA,1,0,0
64,F,2025/6/2,24720,48.5,23.5,2,L,NA,1,0,0
64,F,2025/6/2,24735,49,24,2,L,NA,1,0,0
64,F,2025/6/2,24750,49.5,24.5,2,L,NA,1,0,0
64,F,2025/6/2,24765,50,25,2,L,NA,1,0,0
64,F,2025/6/2,24780,50.5,25.5,2,L,NA,1,0,0
64,F,2025/6/2,24795,51,26,2,L,NA,1,0,0
64,F,2025/6/2,24810,51.5,26.5,2,L,NA,1,0,0
64,F,2025/6/2,24825,52,27,2,L,NA,1,0,0
64,F,2025/6/2,24840,52.5,27.5,2,L,NA,1,0,0
64,F,2025/6/2,24855,53,28,2,L,NA,1,0,0
64,F,2025/6/2,24870,53.5,28.5,2,L,NA,1,0,0
64,F,2025/6/2,24885,54,29,2,L,NA,1,0,0
64,F,2025/6/2,24900,54.5,29.5,2,L,NA,1,0,0
64,F,2025/6/2,24915,55,30,2,L,NA,1,0,0
64,F,2025/6/2,24930,55.5,30.5,2,L,NA,1,0,0
64,F,2025/6/2,24945,56,31,2,L,NA,1,0,0
64,F,2025/6/2,24960,56.5,31.5,2,L,NA,1,0,0
64,F,2025/6/2,24975,57,32,2,L,NA,1,0,0
64,F,2025/6/2,24990,57.5,32.5,2,L,NA,1,0,0
64,F,2025/6/2,25005,58,33,2,L,NA,1,0,0
64,F,2025/6/2,25020,58.5,33.5,2,L,NA,1,0,0
64,F,2025/6/2,25035,59,34,2,L,NA,1,0,0
64,F,2025/6/2,25050,59.5,34.5,2,L,NA,1,0,0
64,F,2025/6/2,25065,60,35,2,L,NA,1,0,0
64,F,2025/6/2,25080,60.5,35.5,2,L,NA,1,0,0
64,F,2025/6/2,25095,61,36,2,L,NA,1,0,0
64,F,2025/6/2,25110,61.5,36.5,2,L,NA,1,0,0
64,F,2025/6/2,25125,62,37,2,L,NA,1,0,0
64,F,2025/6/2,25140,62.5,37.5,2,L,NA,1,0,0
64,F,2025/6/2,25155,63,38,2,L,NA,1,0,0
64,F,2025/6/2,25170,63.5,38.5,2,L,NA,1,0,0
64,F,2025/6/2,25185,64,39,2,L,NA,1,0,0
64,F,2025/6/2,25200,64.5,39.5,2,L,NA,1,0,0
64,F,2025/6/2,25215,65,40,2,L,NA,1,0,0
64,F,2025/6/2,25230,65.5,40.5,2,L,NA,1,0,0
64,F,2025/6/2,25245,66,41,2,L,NA,1,0,0
64,F,2025/6/2,25260,66.5,41.5,2,L,NA,1,0,0
64,F,2025/6/2,25275,67,42,2,L,NA,1,0,0
64,F,2025/6/2,25290,67.5,42.5,2,L,NA,1,0,0
64,F,2025/6/2,25305,68,43,2,L,NA,1,0,0
64,F,2025/6/2,25320,68.5,43.5,2,L,NA,1,0,0
64,F,2025/6/2,25335,69,44,2,L,NA,1,0,0
64,F,2025/6/2,25350,69.5,44.5,2,L,NA,1,0,0
64,F,2025/6/2,25365,70,45,2,L,NA,1,0,0
64,F,2025/6/2,25380,70.5,45.5,2,L,NA,1,0,0
64,F,2025/6/2,25395,71,46,2,L,NA,1,0,0
64,F,2025/6/2,25410,71.5,46.5,2,L,NA,1,0,0
64,F,2025/6/2,25425,72,47,2,L,NA,1,0,0
64,F,2025/6/2,25440,72.5,47.5,2,L,NA,1,0,0
64,F,2025/6/2,25455,73,48,2,L,NA,1,0,0
64,F,2025/6/2,25470,73.5,48.5,2,L,NA,1,0,0
64,F,2025/6/2,25485,74,49,2,L,NA,1,0,0
64,F,2025/6/2,25500,74.5,49.5,2,L,NA,1,0,0
64,F,2025/6/2,25515,75,50,2,L,NA,1,0,0
64,F,2025/6/2,25530,75.5,50.5,2,L,NA,1,0,0
64,F,2025/6/2,25545,76,51,2,L,NA,1,0,0
64,F,2025/6/2,25560,76.5,51.5,2,L,NA,1,0,0
64,F,2025/6/2,25575,77,52,2,L,NA,1,0,0
64,F,2025/6/2,25590,77.5,52.5,2,L,NA,1,0,0
64,F,2025/6/2,25605,78,53,2,L,NA,1,0,0
64,F,2025/6/2,25620,78.5,53.5,2,L,NA,1,0,0
64,F,2025/6/2,25635,79,54,2,L,NA,1,0,0
64,F,2025/6/2,25650,79.5,54.5,2,L,NA,1,0,0
64,F,2025/6/2,25665,80,55,2,L,NA,1,0,0
64,F,2025/6/2,25680,80.5,55.5,2,L,NA,1,0,0
64,F,2025/6/2,25695,81,56,2,L,NA,1,0,0
64,F,2025/6/2,25710,81.5,56.5,2,L,NA,1,0,0
64,F,2025/6/2,25725,82,57,2,L,NA,1,0,0
64,F,2025/6/2,25740,82.5,57.5,2,L,NA,1,0,0
64,F,2025/6/2,25755,83,58,2,L,NA,1,0,0
64,F,2025/6/2,25770,83.5,58.5,2,L,NA,1,0,0
64,F,2025/6/2,25785,84,59,2,L,NA,1,0,0
64,F,2025/6/2,25800,84.5,59.5,2,L,NA,1,0,0
64,F,2025/6/2,25815,85,60,2,L,NA,1,0,0
64,F,2025/6/2,26745,0,NA,3,L,R,0,0,0
64,F,2025/6/2,26760,0.5,NA,3,L,R,0,0,0
64,F,2025/6/2,26775,1,NA,3,L,R,0,0,0
64,F,2025/6/2,26790,1.5,NA,3,L,R,0,0,0
64,F,2025/6/2,26805,2,NA,3,L,R,0,0,0
64,F,2025/6/2,26820,2.5,NA,3,L,R,0,0,0
64,F,2025/6/2,26835,3,NA,3,L,R,0,0,0
64,F,2025/6/2,26850,3.5,NA,3,L,R,0,0,0
64,F,2025/6/2,26865,4,NA,3,L,R,0,0,0
64,F,2025/6/2,26880,4.5,NA,3,L,R,0,0,0
64,F,2025/6/2,26895,5,NA,3,L,R,0,0,0
64,F,2025/6/2,26910,5.5,NA,3,L,R,0,0,0
64,F,2025/6/2,26925,6,NA,3,L,R,0,0,0
64,F,2025/6/2,26940,6.5,NA,3,L,R,0,0,0
64,F,2025/6/2,26955,7,NA,3,L,R,0,0,0
64,F,2025/6/2,26970,7.5,NA,3,L,R,0,0,0
64,F,2025/6/2,26985,8,NA,3,L,R,0,0,0
64,F,2025/6/2,27000,8.5,0,3,L,R,1,0,0
64,F,2025/6/2,27015,9,0.5,3,L,R,1,0,0
64,F,2025/6/2,27030,9.5,1,3,L,R,1,0,0
64,F,2025/6/2,27045,10,1.5,3,L,R,1,0,0
64,F,2025/6/2,27060,10.5,2,3,L,R,1,0,0
64,F,2025/6/2,27075,11,2.5,3,L,R,1,0,0
64,F,2025/6/2,27090,11.5,3,3,L,R,1,0,0
64,F,2025/6/2,27105,12,3.5,3,L,R,1,0,0
64,F,2025/6/2,27120,12.5,4,3,L,R,1,0,0
64,F,2025/6/2,27135,13,4.5,3,L,R,1,0,0
64,F,2025/6/2,27150,13.5,5,3,L,R,1,0,0
64,F,2025/6/2,27165,14,5.5,3,L,R,1,0,0
64,F,2025/6/2,27180,14.5,6,3,L,R,1,0,0
64,F,2025/6/2,27195,15,6.5,3,L,R,1,0,0
64,F,2025/6/2,27210,15.5,7,3,L,R,1,0,0
64,F,2025/6/2,27225,16,7.5,3,L,R,1,0,0
64,F,2025/6/2,27240,16.5,8,3,L,R,1,0,0
64,F,2025/6/2,27255,17,8.5,3,L,R,1,0,0
64,F,2025/6/2,27270,17.5,9,3,L,R,1,0,0
64,F,2025/6/2,27285,18,9.5,3,L,R,1,0,0
64,F,2025/6/2,27300,18.5,10,3,L,R,1,0,0
64,F,2025/6/2,27315,19,10.5,3,L,R,1,0,0
64,F,2025/6/2,27330,19.5,11,3,L,R,1,0,0
64,F,2025/6/2,27345,20,11.5,3,L,R,1,0,0
64,F,2025/6/2,27360,20.5,12,3,L,R,1,0,0
64,F,2025/6/2,27375,21,12.5,3,L,R,1,0,0
64,F,2025/6/2,27390,21.5,13,3,L,R,1,0,0
64,F,2025/6/2,27405,22,13.5,3,L,R,1,0,0
64,F,2025/6/2,27420,22.5,14,3,L,R,1,0,0
64,F,2025/6/2,27435,23,14.5,3,L,R,1,0,0
64,F,2025/6/2,27450,23.5,15,3,L,R,1,0,0
64,F,2025/6/2,27465,24,15.5,3,L,R,1,0,0
64,F,2025/6/2,27480,24.5,16,3,L,R,1,0,0
64,F,2025/6/2,27495,25,16.5,3,L,R,1,0,0
64,F,2025/6/2,27510,25.5,17,3,L,R,1,0,0
64,F,2025/6/2,27525,26,17.5,3,L,R,1,0,0
64,F,2025/6/2,27540,26.5,18,3,L,R,1,0,0
64,F,2025/6/2,27555,27,18.5,3,L,R,1,0,0
64,F,2025/6/2,27570,27.5,19,3,L,R,1,0,0
64,F,2025/6/2,27585,28,19.5,3,L,R,1,0,0
64,F,2025/6/2,27600,28.5,20,3,L,R,1,0,0
64,F,2025/6/2,27615,29,20.5,3,L,R,1,0,0
64,F,2025/6/2,27630,29.5,21,3,L,R,1,0,0
64,F,2025/6/2,27645,30,21.5,3,L,R,1,0,0
64,F,2025/6/2,27660,30.5,22,3,L,R,1,0,0
64,F,2025/6/2,27675,31,22.5,3,L,R,1,0,0
64,F,2025/6/2,27690,31.5,23,3,L,R,1,0,0
64,F,2025/6/2,27705,32,23.5,3,L,R,1,0,0
64,F,2025/6/2,27720,32.5,24,3,L,R,1,0,0
64,F,2025/6/2,27735,33,24.5,3,L,R,1,0,0
64,F,2025/6/2,27750,33.5,25,3,L,R,1,0,0
64,F,2025/6/2,27765,34,25.5,3,L,R,1,0,0
64,F,2025/6/2,27780,34.5,26,3,L,R,1,0,0
64,F,2025/6/2,27795,35,26.5,3,L,R,1,0,0
64,F,2025/6/2,27810,35.5,27,3,L,R,1,0,0
64,F,2025/6/2,27825,36,27.5,3,L,R,1,0,0
64,F,2025/6/2,27840,36.5,28,3,L,R,1,0,0
64,F,2025/6/2,27855,37,28.5,3,L,R,1,0,0
64,F,2025/6/2,27870,37.5,29,3,L,R,1,0,0
64,F,2025/6/2,27885,38,29.5,3,L,R,1,0,0
64,F,2025/6/2,27900,38.5,30,3,L,R,1,0,0
64,F,2025/6/2,27915,39,30.5,3,L,R,1,0,0
64,F,2025/6/2,27930,39.5,31,3,L,R,1,0,0
64,F,2025/6/2,27945,40,31.5,3,L,R,1,0,0
64,F,2025/6/2,27960,40.5,32,3,L,R,1,0,0
64,F,2025/6/2,27975,41,32.5,3,L,R,1,0,0
64,F,2025/6/2,27990,41.5,33,3,L,R,1,0,0
64,F,2025/6/2,28005,42,33.5,3,L,R,1,0,0
64,F,2025/6/2,28020,42.5,34,3,L,R,1,0,0
64,F,2025/6/2,28035,43,34.5,3,L,R,1,0,0
64,F,2025/6/2,28050,43.5,35,3,L,R,1,0,0
64,F,2025/6/2,28065,44,35.5,3,L,R,1,0,0
64,F,2025/6/2,28080,44.5,36,3,L,R,1,0,0
64,F,2025/6/2,28095,45,36.5,3,L,R,1,0,0
64,F,2025/6/2,28110,45.5,37,3,L,R,1,0,0
64,F,2025/6/2,28125,46,37.5,3,L,R,1,0,0
64,F,2025/6/2,28140,46.5,38,3,L,R,1,0,0
64,F,2025/6/2,28155,47,38.5,3,L,R,1,0,0
64,F,2025/6/2,28170,47.5,39,3,L,R,1,0,0
64,F,2025/6/2,28185,48,39.5,3,L,R,1,0,0
64,F,2025/6/2,28200,48.5,40,3,L,R,1,0,0
64,F,2025/6/2,28215,49,40.5,3,L,R,1,0,0
64,F,2025/6/2,28230,49.5,41,3,L,R,1,0,0
64,F,2025/6/2,28245,50,41.5,3,L,R,1,0,0
64,F,2025/6/2,28260,50.5,42,3,L,R,1,0,0
64,F,2025/6/2,28275,51,42.5,3,L,R,1,0,0
64,F,2025/6/2,28290,51.5,43,3,L,R,1,0,0
64,F,2025/6/2,28305,52,43.5,3,L,R,1,0,0
64,F,2025/6/2,28320,52.5,44,3,L,R,1,0,0
64,F,2025/6/2,28335,53,44.5,3,L,R,1,0,0
64,F,2025/6/2,28350,53.5,45,3,L,R,1,0,0
64,F,2025/6/2,28365,54,45.5,3,L,R,1,0,0
64,F,2025/6/2,28380,54.5,46,3,L,R,1,0,0
64,F,2025/6/2,28395,55,46.5,3,L,R,1,0,0
64,F,2025/6/2,28410,55.5,47,3,L,R,1,0,0
64,F,2025/6/2,28425,56,47.5,3,L,R,1,0,0
64,F,2025/6/2,28440,56.5,48,3,L,R,1,0,0
64,F,2025/6/2,28455,57,48.5,3,L,R,1,0,0
64,F,2025/6/2,28470,57.5,49,3,L,R,1,0,0
64,F,2025/6/2,28485,58,49.5,3,L,R,1,0,0
64,F,2025/6/2,28500,58.5,50,3,L,R,1,0,0
64,F,2025/6/2,28515,59,50.5,3,L,R,1,0,0
64,F,2025/6/2,28530,59.5,51,3,L,R,1,0,0
64,F,2025/6/2,28545,60,51.5,3,L,R,1,0,0
64,F,2025/6/2,28560,60.5,52,3,L,R,1,0,0
64,F,2025/6/2,28575,61,52.5,3,L,R,1,0,0
64,F,2025/6/2,28590,61.5,53,3,L,R,1,0,0
64,F,2025/6/2,28605,62,53.5,3,L,R,1,0,0
64,F,2025/6/2,28620,62.5,54,3,L,R,1,0,0
64,F,2025/6/2,28635,63,54.5,3,L,R,1,0,0
64,F,2025/6/2,28650,63.5,55,3,L,R,1,0,0
64,F,2025/6/2,28665,64,55.5,3,L,R,1,0,0
64,F,2025/6/2,28680,64.5,56,3,L,R,1,0,0
64,F,2025/6/2,28695,65,56.5,3,L,R,1,0,0
64,F,2025/6/2,28710,65.5,57,3,L,R,1,0,0
64,F,2025/6/2,28725,66,57.5,3,L,R,1,0,0
64,F,2025/6/2,28740,66.5,58,3,L,R,1,0,0
64,F,2025/6/2,28755,67,58.5,3,L,R,1,0,1
64,F,2025/6/2,28770,67.5,59,3,L,R,1,0,1
64,F,2025/6/2,28785,68,59.5,3,L,R,1,0,1
64,F,2025/6/2,28800,68.5,60,3,L,R,1,0,0
64,F,2025/6/2,28815,69,60.5,3,L,R,1,0,0
64,F,2025/6/2,28830,69.5,61,3,L,R,1,1,0
64,F,2025/6/2,29875,0,NA,4,L,R,0,0,0
64,F,2025/6/2,29890,0.5,NA,4,L,R,0,0,0
64,F,2025/6/2,29905,1,NA,4,L,R,0,0,0
64,F,2025/6/2,29920,1.5,NA,4,L,R,0,0,0
64,F,2025/6/2,29935,2,NA,4,L,R,0,0,0
64,F,2025/6/2,29950,2.5,NA,4,L,R,0,0,0
64,F,2025/6/2,29965,3,NA,4,L,R,0,0,0
64,F,2025/6/2,29980,3.5,NA,4,L,R,0,0,0
64,F,2025/6/2,29995,4,NA,4,L,R,0,0,0
64,F,2025/6/2,30010,4.5,NA,4,L,R,0,0,0
64,F,2025/6/2,30025,5,NA,4,L,R,0,0,0
64,F,2025/6/2,30040,5.5,NA,4,L,R,0,0,0
64,F,2025/6/2,30055,6,NA,4,L,R,0,0,0
64,F,2025/6/2,30070,6.5,NA,4,L,R,0,0,0
64,F,2025/6/2,30085,7,NA,4,L,R,0,0,0
64,F,2025/6/2,30100,7.5,NA,4,L,R,0,0,0
64,F,2025/6/2,30115,8,NA,4,L,R,0,0,0
64,F,2025/6/2,30130,8.5,NA,4,L,R,0,0,0
64,F,2025/6/2,30145,9,NA,4,L,R,0,0,0
64,F,2025/6/2,30160,9.5,NA,4,L,R,0,0,0
64,F,2025/6/2,30175,10,NA,4,L,R,0,0,0
64,F,2025/6/2,30190,10.5,NA,4,L,R,0,0,0
64,F,2025/6/2,30205,11,NA,4,L,R,0,0,0
64,F,2025/6/2,30220,11.5,NA,4,L,R,0,0,0
64,F,2025/6/2,30235,12,NA,4,L,R,0,0,0
64,F,2025/6/2,30250,12.5,NA,4,L,R,0,0,0
64,F,2025/6/2,30265,13,NA,4,L,R,0,0,0
64,F,2025/6/2,30280,13.5,NA,4,L,R,0,0,0
64,F,2025/6/2,30295,14,NA,4,L,R,0,0,0
64,F,2025/6/2,30310,14.5,NA,4,L,R,0,0,0
64,F,2025/6/2,30325,15,NA,4,L,R,0,0,0
64,F,2025/6/2,30340,15.5,NA,4,L,R,0,0,0
64,F,2025/6/2,30355,16,NA,4,L,R,0,0,0
64,F,2025/6/2,30370,16.5,NA,4,L,R,0,0,0
64,F,2025/6/2,30385,17,NA,4,L,R,0,0,0
64,F,2025/6/2,30400,17.5,NA,4,L,R,0,0,0
64,F,2025/6/2,30415,18,NA,4,L,R,0,0,0
64,F,2025/6/2,30430,18.5,NA,4,L,R,0,0,0
64,F,2025/6/2,30445,19,NA,4,L,R,0,0,0
64,F,2025/6/2,30460,19.5,NA,4,L,R,0,0,0
64,F,2025/6/2,30475,20,NA,4,L,R,0,0,0
64,F,2025/6/2,30490,20.5,NA,4,L,R,0,0,0
64,F,2025/6/2,30505,21,NA,4,L,R,0,0,0
64,F,2025/6/2,30520,21.5,NA,4,L,R,0,0,0
64,F,2025/6/2,30535,22,NA,4,L,R,0,0,0
64,F,2025/6/2,30550,22.5,NA,4,L,R,0,0,0
64,F,2025/6/2,30565,23,NA,4,L,R,0,0,0
64,F,2025/6/2,30580,23.5,NA,4,L,R,0,0,0
64,F,2025/6/2,30595,24,NA,4,L,R,0,0,0
64,F,2025/6/2,30610,24.5,NA,4,L,R,0,0,0
64,F,2025/6/2,30625,25,NA,4,L,R,0,0,0
64,F,2025/6/2,30640,25.5,NA,4,L,R,0,0,0
64,F,2025/6/2,30655,26,NA,4,L,R,0,0,0
64,F,2025/6/2,30670,26.5,NA,4,L,R,0,0,0
64,F,2025/6/2,30685,27,NA,4,L,R,0,0,0
64,F,2025/6/2,30700,27.5,NA,4,L,R,0,0,0
64,F,2025/6/2,30715,28,NA,4,L,R,0,0,0
64,F,2025/6/2,30730,28.5,NA,4,L,R,0,0,0
64,F,2025/6/2,30745,29,NA,4,L,R,0,0,0
64,F,2025/6/2,30760,29.5,NA,4,L,R,0,0,0
64,F,2025/6/2,30775,30,NA,4,L,R,0,0,0
64,F,2025/6/2,30790,30.5,NA,4,L,R,0,0,0
64,F,2025/6/2,30805,31,NA,4,L,R,0,0,0
64,F,2025/6/2,30820,31.5,NA,4,L,R,0,0,0
64,F,2025/6/2,30835,32,NA,4,L,R,0,0,0
64,F,2025/6/2,30850,32.5,NA,4,L,R,0,0,0
64,F,2025/6/2,30865,33,NA,4,L,R,0,0,0
64,F,2025/6/2,30880,33.5,NA,4,L,R,0,0,0
64,F,2025/6/2,30895,34,NA,4,L,R,0,0,0
64,F,2025/6/2,30910,34.5,NA,4,L,R,0,0,0
64,F,2025/6/2,30925,35,NA,4,L,R,0,0,0
64,F,2025/6/2,30940,35.5,NA,4,L,R,0,0,0
64,F,2025/6/2,30955,36,NA,4,L,R,0,0,0
64,F,2025/6/2,30970,36.5,NA,4,L,R,0,0,0
64,F,2025/6/2,30985,37,NA,4,L,R,0,0,0
64,F,2025/6/2,31000,37.5,NA,4,L,R,0,0,0
64,F,2025/6/2,31015,38,NA,4,L,R,0,0,0
64,F,2025/6/2,31030,38.5,NA,4,L,R,0,0,0
64,F,2025/6/2,31045,39,NA,4,L,R,0,0,0
64,F,2025/6/2,31060,39.5,NA,4,L,R,0,0,0
64,F,2025/6/2,31075,40,NA,4,L,R,0,0,0
64,F,2025/6/2,31090,40.5,NA,4,L,R,0,0,0
64,F,2025/6/2,31105,41,NA,4,L,R,0,0,0
64,F,2025/6/2,31120,41.5,NA,4,L,R,0,0,0
64,F,2025/6/2,31135,42,NA,4,L,R,0,0,0
64,F,2025/6/2,31150,42.5,NA,4,L,R,0,0,0
64,F,2025/6/2,31165,43,NA,4,L,R,0,0,0
64,F,2025/6/2,31180,43.5,NA,4,L,R,0,0,0
64,F,2025/6/2,31195,44,NA,4,L,R,0,0,0
64,F,2025/6/2,31210,44.5,NA,4,L,R,0,0,0
64,F,2025/6/2,31225,45,NA,4,L,R,0,0,0
64,F,2025/6/2,31240,45.5,NA,4,L,R,0,0,0
64,F,2025/6/2,31255,46,NA,4,L,R,0,0,0
64,F,2025/6/2,31270,46.5,NA,4,L,R,0,0,0
64,F,2025/6/2,31285,47,NA,4,L,R,0,0,0
64,F,2025/6/2,31300,47.5,NA,4,L,R,0,0,0
64,F,2025/6/2,31315,48,NA,4,L,R,0,0,0
64,F,2025/6/2,31330,48.5,NA,4,L,R,0,0,0
64,F,2025/6/2,31345,49,NA,4,L,R,0,0,0
64,F,2025/6/2,31360,49.5,NA,4,L,R,0,0,0
64,F,2025/6/2,31375,50,NA,4,L,R,0,0,0
64,F,2025/6/2,31390,50.5,NA,4,L,R,0,0,0
64,F,2025/6/2,31405,51,NA,4,L,R,0,0,0
64,F,2025/6/2,31420,51.5,NA,4,L,R,0,0,0
64,F,2025/6/2,31435,52,NA,4,L,R,0,0,0
64,F,2025/6/2,31450,52.5,NA,4,L,R,0,0,0
64,F,2025/6/2,31465,53,NA,4,L,R,0,0,0
64,F,2025/6/2,31480,53.5,NA,4,L,R,0,0,0
64,F,2025/6/2,31495,54,NA,4,L,R,0,0,0
64,F,2025/6/2,31510,54.5,NA,4,L,R,0,0,0
64,F,2025/6/2,31525,55,NA,4,L,R,0,0,0
64,F,2025/6/2,31540,55.5,NA,4,L,R,0,0,0
64,F,2025/6/2,31555,56,NA,4,L,R,0,0,0
64,F,2025/6/2,31570,56.5,NA,4,L,R,0,0,0
64,F,2025/6/2,31585,57,NA,4,L,R,0,0,0
64,F,2025/6/2,31600,57.5,NA,4,L,R,0,0,0
64,F,2025/6/2,31615,58,NA,4,L,R,0,0,0
64,F,2025/6/2,31630,58.5,NA,4,L,R,0,0,0
64,F,2025/6/2,31645,59,NA,4,L,R,0,0,0
64,F,2025/6/2,31660,59.5,NA,4,L,R,0,0,0
64,F,2025/6/2,31675,60,NA,4,L,R,0,0,0
64,F,2025/6/2,31690,60.5,NA,4,L,R,0,0,0
64,F,2025/6/2,31705,61,NA,4,L,R,0,0,0
64,F,2025/6/2,31720,61.5,NA,4,L,R,0,0,0
64,F,2025/6/2,31735,62,NA,4,L,R,0,0,0
64,F,2025/6/2,31750,62.5,NA,4,L,R,0,0,0
64,F,2025/6/2,31765,63,NA,4,L,R,0,0,0
64,F,2025/6/2,31780,63.5,NA,4,L,R,0,0,0
64,F,2025/6/2,31795,64,NA,4,L,R,0,0,0
64,F,2025/6/2,31810,64.5,NA,4,L,R,0,0,0
64,F,2025/6/2,31825,65,NA,4,L,R,0,0,0
64,F,2025/6/2,31840,65.5,NA,4,L,R,0,0,0
64,F,2025/6/2,31855,66,NA,4,L,R,0,0,0
64,F,2025/6/2,31870,66.5,NA,4,L,R,0,0,0
64,F,2025/6/2,31885,67,NA,4,L,R,0,0,0
64,F,2025/6/2,31900,67.5,NA,4,L,R,0,0,0
64,F,2025/6/2,31915,68,NA,4,L,R,0,0,0
64,F,2025/6/2,31930,68.5,NA,4,L,R,0,0,0
64,F,2025/6/2,31945,69,NA,4,L,R,0,0,0
64,F,2025/6/2,31960,69.5,NA,4,L,R,0,0,0
64,F,2025/6/2,31975,70,NA,4,L,R,0,0,0
64,F,2025/6/2,31990,70.5,NA,4,L,R,0,0,0
64,F,2025/6/2,32005,71,NA,4,L,R,0,0,0
64,F,2025/6/2,32020,71.5,NA,4,L,R,0,0,0
64,F,2025/6/2,32035,72,NA,4,L,R,0,0,0
64,F,2025/6/2,32050,72.5,NA,4,L,R,0,0,0
64,F,2025/6/2,32065,73,NA,4,L,R,0,0,0
64,F,2025/6/2,32080,73.5,NA,4,L,R,0,0,0
64,F,2025/6/2,32095,74,NA,4,L,R,0,0,0
64,F,2025/6/2,32110,74.5,NA,4,L,R,0,0,0
64,F,2025/6/2,32125,75,NA,4,L,R,0,0,0
64,F,2025/6/2,32140,75.5,NA,4,L,R,0,0,0
64,F,2025/6/2,32155,76,NA,4,L,R,0,0,0
64,F,2025/6/2,32170,76.5,NA,4,L,R,0,0,0
64,F,2025/6/2,32185,77,NA,4,L,R,0,0,0
64,F,2025/6/2,32200,77.5,NA,4,L,R,0,0,0
64,F,2025/6/2,32215,78,NA,4,L,R,0,0,0
64,F,2025/6/2,32230,78.5,NA,4,L,R,0,0,0
64,F,2025/6/2,32245,79,NA,4,L,R,0,0,0
64,F,2025/6/2,32260,79.5,NA,4,L,R,0,0,0
64,F,2025/6/2,32275,80,NA,4,L,R,0,0,0
64,F,2025/6/2,32290,80.5,NA,4,L,R,0,0,0
64,F,2025/6/2,32305,81,NA,4,L,R,0,0,0
64,F,2025/6/2,32320,81.5,NA,4,L,R,0,0,0
64,F,2025/6/2,32335,82,NA,4,L,R,0,0,0
64,F,2025/6/2,32350,82.5,NA,4,L,R,0,0,0
64,F,2025/6/2,32365,83,NA,4,L,R,0,0,0
64,F,2025/6/2,32380,83.5,NA,4,L,R,0,0,0
64,F,2025/6/2,32395,84,NA,4,L,R,0,0,0
64,F,2025/6/2,32410,84.5,NA,4,L,R,0,0,0
64,F,2025/6/2,32425,85,NA,4,L,R,0,0,0
64,F,2025/6/2,32440,85.5,NA,4,L,R,0,0,0
64,F,2025/6/2,32455,86,NA,4,L,R,0,0,0
64,F,2025/6/2,32470,86.5,NA,4,L,R,0,0,0
64,F,2025/6/2,32485,87,NA,4,L,R,0,0,0
64,F,2025/6/2,32500,87.5,NA,4,L,R,0,0,0
64,F,2025/6/2,32515,88,NA,4,L,R,0,0,0
64,F,2025/6/2,32530,88.5,NA,4,L,R,0,0,0
64,F,2025/6/2,32545,89,NA,4,L,R,0,0,0
64,F,2025/6/2,32560,89.5,NA,4,L,R,0,0,0
64,F,2025/6/2,32575,90,NA,4,L,R,0,0,0
64,F,2025/6/2,32590,90.5,NA,4,L,R,0,0,0
64,F,2025/6/2,32605,91,NA,4,L,R,0,0,0
64,F,2025/6/2,32620,91.5,NA,4,L,R,0,0,0
64,F,2025/6/2,32635,92,NA,4,L,R,0,0,0
64,F,2025/6/2,32650,92.5,NA,4,L,R,0,0,0
64,F,2025/6/2,32665,93,NA,4,L,R,0,0,0
64,F,2025/6/2,32680,93.5,NA,4,L,R,0,0,0
64,F,2025/6/2,32695,94,NA,4,L,R,0,0,0
64,F,2025/6/2,32710,94.5,NA,4,L,R,0,0,0
64,F,2025/6/2,32725,95,NA,4,L,R,0,0,0
64,F,2025/6/2,32740,95.5,NA,4,L,R,0,0,0
64,F,2025/6/2,32755,96,NA,4,L,R,0,0,0
64,F,2025/6/2,32770,96.5,NA,4,L,R,0,0,0
64,F,2025/6/2,32785,97,NA,4,L,R,0,0,0
64,F,2025/6/2,32800,97.5,NA,4,L,R,0,0,0
64,F,2025/6/2,32815,98,NA,4,L,R,0,0,0
64,F,2025/6/2,32830,98.5,NA,4,L,R,0,0,0
64,F,2025/6/2,32845,99,NA,4,L,R,0,0,0
64,F,2025/6/2,32860,99.5,NA,4,L,R,0,0,0
64,F,2025/6/2,32875,100,NA,4,L,R,0,0,0
64,F,2025/6/2,32890,100.5,NA,4,L,R,0,0,0
64,F,2025/6/2,32905,101,NA,4,L,R,0,0,0
64,F,2025/6/2,32920,101.5,NA,4,L,R,0,0,0
64,F,2025/6/2,32935,102,NA,4,L,R,0,0,0
64,F,2025/6/2,32950,102.5,NA,4,L,R,0,0,0
64,F,2025/6/2,32965,103,NA,4,L,R,0,0,0
64,F,2025/6/2,32980,103.5,NA,4,L,R,0,0,0
64,F,2025/6/2,32995,104,NA,4,L,R,0,0,0
64,F,2025/6/2,33010,104.5,NA,4,L,R,0,0,0
64,F,2025/6/2,33025,105,NA,4,L,R,0,0,0
64,F,2025/6/2,33040,105.5,NA,4,L,R,0,0,0
64,F,2025/6/2,33055,106,NA,4,L,R,0,0,0
64,F,2025/6/2,33070,106.5,NA,4,L,R,0,0,0
64,F,2025/6/2,33085,107,NA,4,L,R,0,0,0
64,F,2025/6/2,33100,107.5,NA,4,L,R,0,0,0
64,F,2025/6/2,33115,108,NA,4,L,R,0,0,0
64,F,2025/6/2,33130,108.5,NA,4,L,R,0,0,0
64,F,2025/6/2,33145,109,NA,4,L,R,0,0,0
64,F,2025/6/2,33160,109.5,NA,4,L,R,0,0,0
64,F,2025/6/2,33175,110,NA,4,L,R,0,0,0
64,F,2025/6/2,33190,110.5,NA,4,L,R,0,0,0
64,F,2025/6/2,33205,111,NA,4,L,R,0,0,0
64,F,2025/6/2,33220,111.5,NA,4,L,R,0,0,0
64,F,2025/6/2,33235,112,NA,4,L,R,0,0,0
64,F,2025/6/2,33250,112.5,NA,4,L,R,0,0,0
64,F,2025/6/2,33265,113,NA,4,L,R,0,0,0
64,F,2025/6/2,33280,113.5,NA,4,L,R,0,0,0
64,F,2025/6/2,33295,114,NA,4,L,R,0,0,0
64,F,2025/6/2,33310,114.5,NA,4,L,R,0,0,0
64,F,2025/6/2,33325,115,NA,4,L,R,0,0,0
64,F,2025/6/2,33340,115.5,NA,4,L,R,0,0,0
64,F,2025/6/2,33355,116,NA,4,L,R,0,0,0
64,F,2025/6/2,33370,116.5,NA,4,L,R,0,0,0
64,F,2025/6/2,33385,117,NA,4,L,R,0,0,0
64,F,2025/6/2,33400,117.5,NA,4,L,R,0,0,0
64,F,2025/6/2,33415,118,NA,4,L,R,0,0,0
64,F,2025/6/2,33430,118.5,NA,4,L,R,0,0,0
64,F,2025/6/2,33445,119,NA,4,L,R,0,0,0
64,F,2025/6/2,33460,119.5,NA,4,L,R,0,0,0
64,F,2025/6/2,33475,120,NA,4,L,R,0,0,0
64,F,2025/6/2,33490,120.5,NA,4,L,R,0,0,0
64,F,2025/6/2,33505,121,NA,4,L,R,0,0,0
64,F,2025/6/2,33520,121.5,NA,4,L,R,0,0,0
64,F,2025/6/2,33535,122,NA,4,L,R,0,0,0
64,F,2025/6/2,33550,122.5,NA,4,L,R,0,0,0
64,F,2025/6/2,33565,123,NA,4,L,R,0,0,0
64,F,2025/6/2,33580,123.5,NA,4,L,R,0,0,0
64,F,2025/6/2,33595,124,NA,4,L,R,0,0,0
64,F,2025/6/2,33610,124.5,NA,4,L,R,0,0,0
64,F,2025/6/2,33625,125,NA,4,L,R,0,0,0
64,F,2025/6/2,33640,125.5,NA,4,L,R,0,0,0
64,F,2025/6/2,33655,126,NA,4,L,R,0,0,0
64,F,2025/6/2,33670,126.5,NA,4,L,R,0,0,0
64,F,2025/6/2,33685,127,NA,4,L,R,0,0,0
64,F,2025/6/2,33700,127.5,NA,4,L,R,0,0,0
64,F,2025/6/2,33715,128,NA,4,L,R,0,0,0
64,F,2025/6/2,33730,128.5,NA,4,L,R,0,0,0
64,F,2025/6/2,33745,129,NA,4,L,R,0,0,0
64,F,2025/6/2,33760,129.5,NA,4,L,R,0,0,0
64,F,2025/6/2,33775,130,NA,4,L,R,0,0,0
64,F,2025/6/2,33790,130.5,NA,4,L,R,0,0,0
64,F,2025/6/2,33805,131,NA,4,L,R,0,0,0
64,F,2025/6/2,33820,131.5,NA,4,L,R,0,0,0
64,F,2025/6/2,33835,132,NA,4,L,R,0,0,0
64,F,2025/6/2,33850,132.5,NA,4,L,R,0,0,0
64,F,2025/6/2,33865,133,NA,4,L,R,0,0,0
64,F,2025/6/2,33880,133.5,NA,4,L,R,0,0,0
64,F,2025/6/2,33895,134,NA,4,L,R,0,0,0
64,F,2025/6/2,33910,134.5,NA,4,L,R,0,0,0
64,F,2025/6/2,33925,135,NA,4,L,R,0,0,0
64,F,2025/6/2,33940,135.5,NA,4,L,R,0,0,0
64,F,2025/6/2,33955,136,NA,4,L,R,0,0,0
64,F,2025/6/2,33970,136.5,NA,4,L,R,0,0,0
64,F,2025/6/2,33985,137,NA,4,L,R,0,0,0
64,F,2025/6/2,34000,137.5,NA,4,L,R,0,0,0
64,F,2025/6/2,34015,138,NA,4,L,R,0,0,0
64,F,2025/6/2,34030,138.5,NA,4,L,R,0,0,0
64,F,2025/6/2,34045,139,NA,4,L,R,0,0,0
64,F,2025/6/2,34060,139.5,NA,4,L,R,0,0,0
64,F,2025/6/2,34075,140,NA,4,L,R,0,0,0
64,F,2025/6/2,34090,140.5,NA,4,L,R,0,0,0
64,F,2025/6/2,34105,141,NA,4,L,R,0,0,0
64,F,2025/6/2,34120,141.5,NA,4,L,R,0,0,0
64,F,2025/6/2,34135,142,NA,4,L,R,0,0,0
64,F,2025/6/2,34150,142.5,NA,4,L,R,0,0,0
64,F,2025/6/2,34165,143,NA,4,L,R,0,0,0
64,F,2025/6/2,34180,143.5,NA,4,L,R,0,0,0
64,F,2025/6/2,34195,144,NA,4,L,R,0,0,0
64,F,2025/6/2,34210,144.5,NA,4,L,R,0,0,0
64,F,2025/6/2,34225,145,NA,4,L,R,0,0,0
64,F,2025/6/2,34240,145.5,NA,4,L,R,0,0,0
64,F,2025/6/2,34255,146,NA,4,L,R,0,0,0
64,F,2025/6/2,34270,146.5,NA,4,L,R,0,0,0
64,F,2025/6/2,34285,147,NA,4,L,R,0,0,0
64,F,2025/6/2,34300,147.5,NA,4,L,R,0,0,0
64,F,2025/6/2,34315,148,NA,4,L,R,0,0,0
64,F,2025/6/2,34330,148.5,NA,4,L,R,0,0,0
64,F,2025/6/2,34345,149,NA,4,L,R,0,0,0
64,F,2025/6/2,34360,149.5,NA,4,L,R,0,0,0
64,F,2025/6/2,34375,150,NA,4,L,R,0,0,0
64,F,2025/6/2,34390,150.5,NA,4,L,R,0,0,0
64,F,2025/6/2,34405,151,NA,4,L,R,0,0,0
64,F,2025/6/2,34420,151.5,NA,4,L,R,0,0,0
64,F,2025/6/2,34435,152,NA,4,L,R,0,0,0
64,F,2025/6/2,34450,152.5,NA,4,L,R,0,0,0
64,F,2025/6/2,34465,153,NA,4,L,R,0,0,0
64,F,2025/6/2,34480,153.5,NA,4,L,R,0,0,0
64,F,2025/6/2,34495,154,NA,4,L,R,0,0,0
64,F,2025/6/2,34510,154.5,NA,4,L,R,0,0,0
64,F,2025/6/2,34525,155,NA,4,L,R,0,0,0
64,F,2025/6/2,34540,155.5,NA,4,L,R,0,0,0
64,F,2025/6/2,34555,156,NA,4,L,R,0,0,0
64,F,2025/6/2,34570,156.5,NA,4,L,R,0,0,0
64,F,2025/6/2,34585,157,NA,4,L,R,0,0,0
64,F,2025/6/2,34600,157.5,NA,4,L,R,0,0,0
64,F,2025/6/2,34615,158,NA,4,L,R,0,0,0
64,F,2025/6/2,34630,158.5,NA,4,L,R,0,0,0
64,F,2025/6/2,34645,159,NA,4,L,R,0,0,0
64,F,2025/6/2,34660,159.5,NA,4,L,R,0,0,0
64,F,2025/6/2,34675,160,NA,4,L,R,0,0,0
64,F,2025/6/2,34690,160.5,NA,4,L,R,0,0,0
64,F,2025/6/2,34705,161,NA,4,L,R,0,0,0
64,F,2025/6/2,34720,161.5,NA,4,L,R,0,0,0
64,F,2025/6/2,34735,162,NA,4,L,R,0,0,0
64,F,2025/6/2,34750,162.5,NA,4,L,R,0,0,0
64,F,2025/6/2,34765,163,NA,4,L,R,0,0,0
64,F,2025/6/2,34780,163.5,NA,4,L,R,0,0,0
64,F,2025/6/2,34795,164,NA,4,L,R,0,0,0
64,F,2025/6/2,34810,164.5,NA,4,L,R,0,0,0
64,F,2025/6/2,34825,165,NA,4,L,R,0,0,0
64,F,2025/6/2,34840,165.5,0,4,L,R,1,0,0
64,F,2025/6/2,34855,166,0.5,4,L,R,1,0,0
64,F,2025/6/2,34870,166.5,1,4,L,R,1,0,0
64,F,2025/6/2,34885,167,1.5,4,L,R,1,0,0
64,F,2025/6/2,34900,167.5,2,4,L,R,1,0,0
64,F,2025/6/2,34915,168,2.5,4,L,R,1,0,1
64,F,2025/6/2,34930,168.5,3,4,L,R,1,0,2
64,F,2025/6/2,34945,169,3.5,4,L,R,1,0,0
64,F,2025/6/2,34960,169.5,4,4,L,R,1,0,0
64,F,2025/6/2,34975,170,4.5,4,L,R,1,0,0
64,F,2025/6/2,34990,170.5,5,4,L,R,1,0,0
64,F,2025/6/2,35005,171,5.5,4,L,R,1,1,0
64,F,2025/6/2,35875,0,,5,L,R,0,0,0
64,F,2025/6/2,35890,0.5,,5,L,R,0,0,0
64,F,2025/6/2,35905,1,,5,L,R,0,0,0
64,F,2025/6/2,35920,1.5,,5,L,R,0,0,0
64,F,2025/6/2,35935,2,,5,L,R,0,0,0
64,F,2025/6/2,35950,2.5,,5,L,R,0,0,0
64,F,2025/6/2,35965,3,,5,L,R,0,0,0
64,F,2025/6/2,35980,3.5,,5,L,R,0,0,0
64,F,2025/6/2,35995,4,,5,L,R,0,0,0
64,F,2025/6/2,36010,4.5,,5,L,R,0,0,0
64,F,2025/6/2,36025,5,,5,L,R,0,0,0
64,F,2025/6/2,36040,5.5,,5,L,R,0,0,0
64,F,2025/6/2,36055,6,,5,L,R,0,0,0
64,F,2025/6/2,36070,6.5,,5,L,R,0,0,0
64,F,2025/6/2,36085,7,,5,L,R,0,0,0
64,F,2025/6/2,36100,7.5,,5,L,R,0,0,0
64,F,2025/6/2,36115,8,,5,L,R,0,0,0
64,F,2025/6/2,36130,8.5,,5,L,R,0,0,0
64,F,2025/6/2,36145,9,,5,L,R,0,0,0
64,F,2025/6/2,36160,9.5,,5,L,R,0,0,0
64,F,2025/6/2,36175,10,,5,L,R,0,0,0
64,F,2025/6/2,36190,10.5,,5,L,R,0,0,0
64,F,2025/6/2,36205,11,,5,L,R,0,0,0
64,F,2025/6/2,36220,11.5,,5,L,R,0,0,0
64,F,2025/6/2,36235,12,,5,L,R,0,0,0
64,F,2025/6/2,36250,12.5,,5,L,R,0,0,0
64,F,2025/6/2,36265,13,,5,L,R,0,0,0
64,F,2025/6/2,36280,13.5,,5,L,R,0,0,0
64,F,2025/6/2,36295,14,,5,L,R,0,0,0
64,F,2025/6/2,36310,14.5,,5,L,R,0,0,0
64,F,2025/6/2,36325,15,,5,L,R,0,0,0
64,F,2025/6/2,36340,15.5,,5,L,R,0,0,0
64,F,2025/6/2,36355,16,,5,L,R,0,0,0
64,F,2025/6/2,36370,16.5,,5,L,R,0,0,0
64,F,2025/6/2,36385,17,,5,L,R,0,0,0
64,F,2025/6/2,36400,17.5,,5,L,R,0,0,0
64,F,2025/6/2,36415,18,,5,L,R,0,0,0
64,F,2025/6/2,36430,18.5,,5,L,R,0,0,0
64,F,2025/6/2,36445,19,,5,L,R,0,0,0
64,F,2025/6/2,36460,19.5,,5,L,R,0,0,0
64,F,2025/6/2,36475,20,,5,L,R,0,0,0
64,F,2025/6/2,36490,20.5,,5,L,R,0,0,0
64,F,2025/6/2,36505,21,,5,L,R,0,0,0
64,F,2025/6/2,36520,21.5,,5,L,R,0,0,0
64,F,2025/6/2,36535,22,,5,L,R,0,0,0
64,F,2025/6/2,36550,22.5,,5,L,R,0,0,0
64,F,2025/6/2,36565,23,,5,L,R,0,0,0
64,F,2025/6/2,36580,23.5,,5,L,R,0,0,0
64,F,2025/6/2,36595,24,,5,L,R,0,0,0
64,F,2025/6/2,36610,24.5,,5,L,R,0,0,0
64,F,2025/6/2,36625,25,,5,L,R,0,0,0
64,F,2025/6/2,36640,25.5,0,5,L,R,1,0,0
64,F,2025/6/2,36655,26,0.5,5,L,R,1,0,0
64,F,2025/6/2,36670,26.5,1,5,L,R,1,0,0
64,F,2025/6/2,36685,27,1.5,5,L,R,1,0,0
64,F,2025/6/2,36700,27.5,2,5,L,R,1,0,0
64,F,2025/6/2,36715,28,2.5,5,L,R,1,0,0
64,F,2025/6/2,36730,28.5,3,5,L,R,1,0,1
64,F,2025/6/2,36745,29,3.5,5,L,R,1,0,0
64,F,2025/6/2,36760,29.5,4,5,L,R,1,0,1
64,F,2025/6/2,36775,30,4.5,5,L,R,1,0,0
64,F,2025/6/2,36790,30.5,5,5,L,R,1,0,0
64,F,2025/6/2,36805,31,5.5,5,L,R,1,0,1
64,F,2025/6/2,36820,31.5,6,5,L,R,1,0,1
64,F,2025/6/2,36835,32,6.5,5,L,R,1,0,1
64,F,2025/6/2,36850,32.5,7,5,L,R,1,0,0
64,F,2025/6/2,36865,33,7.5,5,L,R,1,0,1
64,F,2025/6/2,36880,33.5,8,5,L,R,1,0,0
64,F,2025/6/2,36895,34,8.5,5,L,R,1,1,0
64,F,2025/6/2,37965,0,NA,6,R,L,0,0,0
64,F,2025/6/2,37980,0.5,NA,6,R,L,0,0,0
64,F,2025/6/2,37995,1,NA,6,R,L,0,0,0
64,F,2025/6/2,38010,1.5,NA,6,R,L,0,0,0
64,F,2025/6/2,38025,2,NA,6,R,L,0,0,0
64,F,2025/6/2,38040,2.5,NA,6,R,L,0,0,0
64,F,2025/6/2,38055,3,NA,6,R,L,0,0,0
64,F,2025/6/2,38070,3.5,NA,6,R,L,0,0,0
64,F,2025/6/2,38085,4,NA,6,R,L,0,0,0
64,F,2025/6/2,38100,4.5,NA,6,R,L,0,0,0
64,F,2025/6/2,38115,5,NA,6,R,L,0,0,0
64,F,2025/6/2,38130,5.5,NA,6,R,L,0,0,0
64,F,2025/6/2,38145,6,NA,6,R,L,0,0,0
64,F,2025/6/2,38160,6.5,NA,6,R,L,0,0,0
64,F,2025/6/2,38175,7,NA,6,R,L,0,0,0
64,F,2025/6/2,38190,7.5,NA,6,R,L,0,0,0
64,F,2025/6/2,38205,8,NA,6,R,L,0,0,0
64,F,2025/6/2,38220,8.5,NA,6,R,L,0,0,0
64,F,2025/6/2,38235,9,NA,6,R,L,0,0,0
64,F,2025/6/2,38250,9.5,NA,6,R,L,0,0,0
64,F,2025/6/2,38265,10,NA,6,R,L,0,0,0
64,F,2025/6/2,38280,10.5,NA,6,R,L,0,0,0
64,F,2025/6/2,38295,11,NA,6,R,L,0,0,0
64,F,2025/6/2,38310,11.5,NA,6,R,L,0,0,0
64,F,2025/6/2,38325,12,NA,6,R,L,0,0,0
64,F,2025/6/2,38340,12.5,NA,6,R,L,0,0,0
64,F,2025/6/2,38355,13,NA,6,R,L,0,0,0
64,F,2025/6/2,38370,13.5,NA,6,R,L,0,0,0
64,F,2025/6/2,38385,14,NA,6,R,L,0,0,0
64,F,2025/6/2,38400,14.5,NA,6,R,L,0,0,0
64,F,2025/6/2,38415,15,NA,6,R,L,0,0,0
64,F,2025/6/2,38430,15.5,NA,6,R,L,0,0,0
64,F,2025/6/2,38445,16,NA,6,R,L,0,0,0
64,F,2025/6/2,38460,16.5,NA,6,R,L,0,0,0
64,F,2025/6/2,38475,17,NA,6,R,L,0,0,0
64,F,2025/6/2,38490,17.5,NA,6,R,L,0,0,0
64,F,2025/6/2,38505,18,NA,6,R,L,0,0,0
64,F,2025/6/2,38520,18.5,NA,6,R,L,0,0,0
64,F,2025/6/2,38535,19,NA,6,R,L,0,0,0
64,F,2025/6/2,38550,19.5,NA,6,R,L,0,0,0
64,F,2025/6/2,38565,20,NA,6,R,L,0,0,0
64,F,2025/6/2,38580,20.5,NA,6,R,L,0,0,0
64,F,2025/6/2,38595,21,NA,6,R,L,0,0,0
64,F,2025/6/2,38610,21.5,NA,6,R,L,0,0,0
64,F,2025/6/2,38625,22,NA,6,R,L,0,0,0
64,F,2025/6/2,38640,22.5,NA,6,R,L,0,0,0
64,F,2025/6/2,38655,23,NA,6,R,L,0,0,0
64,F,2025/6/2,38670,23.5,NA,6,R,L,0,0,0
64,F,2025/6/2,38685,24,NA,6,R,L,0,0,0
64,F,2025/6/2,38700,24.5,NA,6,R,L,0,0,0
64,F,2025/6/2,38715,25,NA,6,R,L,0,0,0
64,F,2025/6/2,38730,25.5,0,6,R,L,1,0,0
64,F,2025/6/2,38745,26,0.5,6,R,L,1,0,0
64,F,2025/6/2,38760,26.5,1,6,R,L,1,0,0
64,F,2025/6/2,38775,27,1.5,6,R,L,1,0,0
64,F,2025/6/2,38790,27.5,2,6,R,L,1,0,0
64,F,2025/6/2,38805,28,2.5,6,R,L,1,0,0
64,F,2025/6/2,38820,28.5,3,6,R,L,1,0,0
64,F,2025/6/2,38835,29,3.5,6,R,L,1,0,0
64,F,2025/6/2,38850,29.5,4,6,R,L,1,0,1
64,F,2025/6/2,38865,30,4.5,6,R,L,1,0,0
64,F,2025/6/2,38880,30.5,5,6,R,L,1,0,0
64,F,2025/6/2,38895,31,5.5,6,R,L,1,0,0
64,F,2025/6/2,38910,31.5,6,6,R,L,1,0,0
64,F,2025/6/2,38925,32,6.5,6,R,L,1,0,0
64,F,2025/6/2,38940,32.5,7,6,R,L,1,1,0
64,F,2025/6/2,41030,0,NA,7,R,L,0,0,0
64,F,2025/6/2,41045,0.5,NA,7,R,L,0,0,0
64,F,2025/6/2,41060,1,NA,7,R,L,0,0,0
64,F,2025/6/2,41075,1.5,NA,7,R,L,0,0,0
64,F,2025/6/2,41090,2,NA,7,R,L,0,0,0
64,F,2025/6/2,41105,2.5,NA,7,R,L,0,0,0
64,F,2025/6/2,41120,3,NA,7,R,L,0,0,0
64,F,2025/6/2,41135,3.5,0,7,R,L,1,0,0
64,F,2025/6/2,41150,4,0.5,7,R,L,1,0,0
64,F,2025/6/2,41165,4.5,1,7,R,L,1,0,0
64,F,2025/6/2,41180,5,1.5,7,R,L,1,0,0
64,F,2025/6/2,41195,5.5,2,7,R,L,1,0,0
64,F,2025/6/2,41210,6,2.5,7,R,L,1,0,0
64,F,2025/6/2,41225,6.5,3,7,R,L,1,0,0
64,F,2025/6/2,41240,7,3.5,7,R,L,1,0,0
64,F,2025/6/2,41255,7.5,4,7,R,L,1,0,0
64,F,2025/6/2,41270,8,4.5,7,R,L,1,0,1
64,F,2025/6/2,41285,8.5,5,7,R,L,1,0,0
64,F,2025/6/2,41300,9,5.5,7,R,L,1,0,0
64,F,2025/6/2,41315,9.5,6,7,R,L,1,0,0
64,F,2025/6/2,41330,10,6.5,7,R,L,1,0,0
64,F,2025/6/2,41345,10.5,7,7,R,L,1,1,0
64,F,2025/6/2,43010,0,NA,8,R,L,0,0,0
64,F,2025/6/2,43025,0.5,NA,8,R,L,0,0,0
64,F,2025/6/2,43040,1,NA,8,R,L,0,0,0
64,F,2025/6/2,43055,1.5,NA,8,R,L,0,0,0
64,F,2025/6/2,43070,2,NA,8,R,L,0,0,0
64,F,2025/6/2,43085,2.5,NA,8,R,L,0,0,0
64,F,2025/6/2,43100,3,NA,8,R,L,0,0,0
64,F,2025/6/2,43115,3.5,NA,8,R,L,0,0,0
64,F,2025/6/2,43130,4,NA,8,R,L,0,0,0
64,F,2025/6/2,43145,4.5,NA,8,R,L,0,0,0
64,F,2025/6/2,43160,5,NA,8,R,L,0,0,0
64,F,2025/6/2,43175,5.5,NA,8,R,L,0,0,0
64,F,2025/6/2,43190,6,NA,8,R,L,0,0,0
64,F,2025/6/2,43205,6.5,NA,8,R,L,0,0,0
64,F,2025/6/2,43220,7,NA,8,R,L,0,0,0
64,F,2025/6/2,43235,7.5,0,8,R,L,1,0,0
64,F,2025/6/2,43250,8,0.5,8,R,L,1,0,0
64,F,2025/6/2,43265,8.5,1,8,R,L,1,0,0
64,F,2025/6/2,43280,9,1.5,8,R,L,1,0,0
64,F,2025/6/2,43295,9.5,2,8,R,L,1,0,0
64,F,2025/6/2,43310,10,2.5,8,R,L,1,0,0
64,F,2025/6/2,43325,10.5,3,8,R,L,1,0,0
64,F,2025/6/2,43340,11,3.5,8,R,L,1,0,0
64,F,2025/6/2,43355,11.5,4,8,R,L,1,0,0
64,F,2025/6/2,43370,12,4.5,8,R,L,1,1,0
64,F,2025/6/2,44980,0,NA,9,R,R,0,0,0
64,F,2025/6/2,44995,0.5,NA,9,R,R,0,0,0
64,F,2025/6/2,45010,1,NA,9,R,R,0,0,0
64,F,2025/6/2,45025,1.5,NA,9,R,R,0,0,0
64,F,2025/6/2,45040,2,NA,9,R,R,0,0,0
64,F,2025/6/2,45055,2.5,NA,9,R,R,0,0,0
64,F,2025/6/2,45070,3,NA,9,R,R,0,0,0
64,F,2025/6/2,45085,3.5,NA,9,R,R,0,0,0
64,F,2025/6/2,45100,4,NA,9,R,R,0,0,0
64,F,2025/6/2,45115,4.5,NA,9,R,R,0,0,0
64,F,2025/6/2,45130,5,NA,9,R,R,0,0,0
64,F,2025/6/2,45145,5.5,NA,9,R,R,0,0,0
64,F,2025/6/2,45160,6,NA,9,R,R,0,0,0
64,F,2025/6/2,45175,6.5,NA,9,R,R,0,0,0
64,F,2025/6/2,45190,7,NA,9,R,R,0,0,0
64,F,2025/6/2,45205,7.5,NA,9,R,R,0,0,0
64,F,2025/6/2,45220,8,NA,9,R,R,0,0,0
64,F,2025/6/2,45235,8.5,NA,9,R,R,0,0,0
64,F,2025/6/2,45250,9,NA,9,R,R,0,0,0
64,F,2025/6/2,45265,9.5,NA,9,R,R,0,0,0
64,F,2025/6/2,45280,10,NA,9,R,R,0,0,0
64,F,2025/6/2,45295,10.5,NA,9,R,R,0,0,0
64,F,2025/6/2,45310,11,NA,9,R,R,0,0,0
64,F,2025/6/2,45325,11.5,NA,9,R,R,0,0,0
64,F,2025/6/2,45340,12,NA,9,R,R,0,0,0
64,F,2025/6/2,45355,12.5,NA,9,R,R,0,0,0
64,F,2025/6/2,45370,13,NA,9,R,R,0,0,0
64,F,2025/6/2,45385,13.5,NA,9,R,R,0,0,0
64,F,2025/6/2,45400,14,NA,9,R,R,0,0,0
64,F,2025/6/2,45415,14.5,0,9,R,R,1,0,0
64,F,2025/6/2,45430,15,0.5,9,R,R,1,0,0
64,F,2025/6/2,45445,15.5,1,9,R,R,1,0,0
64,F,2025/6/2,45460,16,1.5,9,R,R,1,0,0
64,F,2025/6/2,45475,16.5,2,9,R,R,1,0,0
64,F,2025/6/2,45490,17,2.5,9,R,R,1,0,0
64,F,2025/6/2,45505,17.5,3,9,R,R,1,0,1
64,F,2025/6/2,45520,18,3.5,9,R,R,1,0,0
64,F,2025/6/2,45535,18.5,4,9,R,R,1,0,1
64,F,2025/6/2,45550,19,4.5,9,R,R,1,0,1
64,F,2025/6/2,45565,19.5,5,9,R,R,1,0,0
64,F,2025/6/2,45580,20,5.5,9,R,R,1,1,0
64,F,2025/6/2,47190,0,NA,10,R,R,0,0,0
64,F,2025/6/2,47205,0.5,NA,10,R,R,0,0,0
64,F,2025/6/2,47220,1,NA,10,R,R,0,0,0
64,F,2025/6/2,47235,1.5,NA,10,R,R,0,0,0
64,F,2025/6/2,47250,2,NA,10,R,R,0,0,0
64,F,2025/6/2,47265,2.5,NA,10,R,R,0,0,0
64,F,2025/6/2,47280,3,NA,10,R,R,0,0,0
64,F,2025/6/2,47295,3.5,NA,10,R,R,0,0,0
64,F,2025/6/2,47310,4,NA,10,R,R,0,0,0
64,F,2025/6/2,47325,4.5,NA,10,R,R,0,0,0
64,F,2025/6/2,47340,5,NA,10,R,R,0,0,0
64,F,2025/6/2,47355,5.5,NA,10,R,R,0,0,0
64,F,2025/6/2,47370,6,NA,10,R,R,0,0,0
64,F,2025/6/2,47385,6.5,NA,10,R,R,0,0,0
64,F,2025/6/2,47400,7,NA,10,R,R,0,0,0
64,F,2025/6/2,47415,7.5,NA,10,R,R,0,0,0
64,F,2025/6/2,47430,8,NA,10,R,R,0,0,0
64,F,2025/6/2,47445,8.5,NA,10,R,R,0,0,0
64,F,2025/6/2,47460,9,NA,10,R,R,0,0,0
64,F,2025/6/2,47475,9.5,NA,10,R,R,0,0,0
64,F,2025/6/2,47490,10,NA,10,R,R,0,0,0
64,F,2025/6/2,47505,10.5,NA,10,R,R,0,0,0
64,F,2025/6/2,47520,11,NA,10,R,R,0,0,0
64,F,2025/6/2,47535,11.5,NA,10,R,R,0,0,0
64,F,2025/6/2,47550,12,NA,10,R,R,0,0,0
64,F,2025/6/2,47565,12.5,NA,10,R,R,0,0,0
64,F,2025/6/2,47580,13,NA,10,R,R,0,0,0
64,F,2025/6/2,47595,13.5,NA,10,R,R,0,0,0
64,F,2025/6/2,47610,14,NA,10,R,R,0,0,0
64,F,2025/6/2,47625,14.5,NA,10,R,R,0,0,0
64,F,2025/6/2,47640,15,0,10,R,R,1,0,0
64,F,2025/6/2,47655,15.5,0.5,10,R,R,1,0,0
64,F,2025/6/2,47670,16,1,10,R,R,1,0,0
64,F,2025/6/2,47685,16.5,1.5,10,R,R,1,0,0
64,F,2025/6/2,47700,17,2,10,R,R,1,0,0
64,F,2025/6/2,47715,17.5,2.5,10,R,R,1,0,0
64,F,2025/6/2,47730,18,3,10,R,R,1,0,0
64,F,2025/6/2,47745,18.5,3.5,10,R,R,1,0,0
64,F,2025/6/2,47760,19,4,10,R,R,1,0,0
64,F,2025/6/2,47775,19.5,4.5,10,R,R,1,0,0
64,F,2025/6/2,47790,20,5,10,R,R,1,0,1
64,F,2025/6/2,47805,20.5,5.5,10,R,R,1,0,0
64,F,2025/6/2,47820,21,6,10,R,R,1,0,1
64,F,2025/6/2,47835,21.5,6.5,10,R,R,1,0,0
64,F,2025/6/2,47850,22,7,10,R,R,1,0,0
64,F,2025/6/2,47865,22.5,7.5,10,R,R,1,0,0
64,F,2025/6/2,47880,23,8,10,R,R,1,0,0
64,F,2025/6/2,47895,23.5,8.5,10,R,R,1,1,0
67,M,2025/6/5,5075,0,NA,1,L,L,0,0,0
67,M,2025/6/5,5090,0.5,NA,1,L,L,0,0,0
67,M,2025/6/5,5105,1,NA,1,L,L,0,0,0
67,M,2025/6/5,5120,1.5,NA,1,L,L,0,0,0
67,M,2025/6/5,5135,2,0,1,L,L,1,0,0
67,M,2025/6/5,5150,2.5,0.5,1,L,L,1,0,0
67,M,2025/6/5,5165,3,1,1,L,L,1,0,0
67,M,2025/6/5,5180,3.5,1.5,1,L,L,1,0,0
67,M,2025/6/5,5195,4,2,1,L,L,1,0,0
67,M,2025/6/5,5210,4.5,2.5,1,L,L,1,0,0
67,M,2025/6/5,5225,5,3,1,L,L,1,0,1
67,M,2025/6/5,5240,5.5,3.5,1,L,L,1,0,1
67,M,2025/6/5,5255,6,4,1,L,L,1,0,1
67,M,2025/6/5,5270,6.5,4.5,1,L,L,1,0,0
67,M,2025/6/5,5285,7,5,1,L,L,1,0,0
67,M,2025/6/5,5300,7.5,5.5,1,L,L,1,0,0
67,M,2025/6/5,5315,8,6,1,L,L,1,0,0
67,M,2025/6/5,5330,8.5,6.5,1,L,L,1,0,0
67,M,2025/6/5,5345,9,7,1,L,L,1,0,0
67,M,2025/6/5,5360,9.5,7.5,1,L,L,1,1,0
67,M,2025/6/5,7285,0,NA,2,L,NA,0,0,0
67,M,2025/6/5,7300,0.5,NA,2,L,NA,0,0,0
67,M,2025/6/5,7315,1,NA,2,L,NA,0,0,0
67,M,2025/6/5,7330,1.5,NA,2,L,NA,0,0,0
67,M,2025/6/5,7345,2,NA,2,L,NA,0,0,0
67,M,2025/6/5,7360,2.5,NA,2,L,NA,0,0,0
67,M,2025/6/5,7375,3,NA,2,L,NA,0,0,0
67,M,2025/6/5,7390,3.5,NA,2,L,NA,0,0,0
67,M,2025/6/5,7405,4,NA,2,L,NA,0,0,0
67,M,2025/6/5,7420,4.5,NA,2,L,NA,0,0,0
67,M,2025/6/5,7435,5,NA,2,L,NA,0,0,0
67,M,2025/6/5,7450,5.5,NA,2,L,NA,0,0,0
67,M,2025/6/5,7465,6,NA,2,L,NA,0,0,0
67,M,2025/6/5,7480,6.5,NA,2,L,NA,0,0,0
67,M,2025/6/5,7495,7,NA,2,L,NA,0,0,0
67,M,2025/6/5,7510,7.5,NA,2,L,NA,0,0,0
67,M,2025/6/5,7525,8,NA,2,L,NA,0,0,0
67,M,2025/6/5,7540,8.5,0,2,L,NA,1,0,0
67,M,2025/6/5,7555,9,0.5,2,L,NA,1,0,0
67,M,2025/6/5,7570,9.5,1,2,L,NA,1,0,0
67,M,2025/6/5,7585,10,1.5,2,L,NA,1,0,0
67,M,2025/6/5,7600,10.5,2,2,L,NA,1,0,0
67,M,2025/6/5,7615,11,2.5,2,L,NA,1,0,0
67,M,2025/6/5,7630,11.5,3,2,L,NA,1,0,0
67,M,2025/6/5,7645,12,3.5,2,L,NA,1,0,0
67,M,2025/6/5,7660,12.5,4,2,L,NA,1,0,0
67,M,2025/6/5,7675,13,4.5,2,L,NA,1,0,0
67,M,2025/6/5,7690,13.5,5,2,L,NA,1,0,0
67,M,2025/6/5,7705,14,5.5,2,L,NA,1,0,0
67,M,2025/6/5,7720,14.5,6,2,L,NA,1,0,0
67,M,2025/6/5,7735,15,6.5,2,L,NA,1,0,0
67,M,2025/6/5,7750,15.5,7,2,L,NA,1,0,0
67,M,2025/6/5,7765,16,7.5,2,L,NA,1,0,0
67,M,2025/6/5,7780,16.5,8,2,L,NA,1,0,0
67,M,2025/6/5,7795,17,8.5,2,L,NA,1,0,0
67,M,2025/6/5,7810,17.5,9,2,L,NA,1,0,0
67,M,2025/6/5,7825,18,9.5,2,L,NA,1,0,0
67,M,2025/6/5,7840,18.5,10,2,L,NA,1,0,0
67,M,2025/6/5,7855,19,10.5,2,L,NA,1,0,1
67,M,2025/6/5,7870,19.5,11,2,L,NA,1,0,0
67,M,2025/6/5,7885,20,11.5,2,L,NA,1,0,0
67,M,2025/6/5,7900,20.5,12,2,L,NA,1,0,0
67,M,2025/6/5,7915,21,12.5,2,L,NA,1,0,0
67,M,2025/6/5,7930,21.5,13,2,L,NA,1,0,0
67,M,2025/6/5,7945,22,13.5,2,L,NA,1,0,0
67,M,2025/6/5,7960,22.5,14,2,L,NA,1,0,0
67,M,2025/6/5,7975,23,14.5,2,L,NA,1,0,0
67,M,2025/6/5,7990,23.5,15,2,L,NA,1,0,0
67,M,2025/6/5,8005,24,15.5,2,L,NA,1,0,0
67,M,2025/6/5,8020,24.5,16,2,L,NA,1,0,0
67,M,2025/6/5,8035,25,16.5,2,L,NA,1,0,0
67,M,2025/6/5,8050,25.5,17,2,L,NA,1,0,0
67,M,2025/6/5,8065,26,17.5,2,L,NA,1,0,0
67,M,2025/6/5,8080,26.5,18,2,L,NA,1,0,0
67,M,2025/6/5,8095,27,18.5,2,L,NA,1,0,0
67,M,2025/6/5,8110,27.5,19,2,L,NA,1,0,0
67,M,2025/6/5,8125,28,19.5,2,L,NA,1,0,0
67,M,2025/6/5,8140,28.5,20,2,L,NA,1,0,0
67,M,2025/6/5,8155,29,20.5,2,L,NA,1,0,0
67,M,2025/6/5,8170,29.5,21,2,L,NA,1,0,0
67,M,2025/6/5,8185,30,21.5,2,L,NA,1,0,0
67,M,2025/6/5,8200,30.5,22,2,L,NA,1,0,0
67,M,2025/6/5,8215,31,22.5,2,L,NA,1,0,0
67,M,2025/6/5,8230,31.5,23,2,L,NA,1,0,0
67,M,2025/6/5,8245,32,23.5,2,L,NA,1,0,0
67,M,2025/6/5,8260,32.5,24,2,L,NA,1,0,0
67,M,2025/6/5,8275,33,24.5,2,L,NA,1,0,2
67,M,2025/6/5,8290,33.5,25,2,L,NA,1,0,0
67,M,2025/6/5,8305,34,25.5,2,L,NA,1,0,0
67,M,2025/6/5,8320,34.5,26,2,L,NA,1,0,0
67,M,2025/6/5,8335,35,26.5,2,L,NA,1,0,0
67,M,2025/6/5,8350,35.5,27,2,L,NA,1,0,0
67,M,2025/6/5,8365,36,27.5,2,L,NA,1,0,0
67,M,2025/6/5,8380,36.5,28,2,L,NA,1,0,0
67,M,2025/6/5,8395,37,28.5,2,L,NA,1,0,0
67,M,2025/6/5,8410,37.5,29,2,L,NA,1,0,0
67,M,2025/6/5,8425,38,29.5,2,L,NA,1,0,0
67,M,2025/6/5,8440,38.5,30,2,L,NA,1,0,0
67,M,2025/6/5,8455,39,30.5,2,L,NA,1,0,0
67,M,2025/6/5,8470,39.5,31,2,L,NA,1,0,0
67,M,2025/6/5,8485,40,31.5,2,L,NA,1,0,0
67,M,2025/6/5,8500,40.5,32,2,L,NA,1,0,0
67,M,2025/6/5,8515,41,32.5,2,L,NA,1,0,0
67,M,2025/6/5,8530,41.5,33,2,L,NA,1,0,0
67,M,2025/6/5,8545,42,33.5,2,L,NA,1,0,0
67,M,2025/6/5,8560,42.5,34,2,L,NA,1,0,0
67,M,2025/6/5,8575,43,34.5,2,L,NA,1,0,0
67,M,2025/6/5,8590,43.5,35,2,L,NA,1,0,0
67,M,2025/6/5,8605,44,35.5,2,L,NA,1,0,0
67,M,2025/6/5,8620,44.5,36,2,L,NA,1,0,0
67,M,2025/6/5,8635,45,36.5,2,L,NA,1,0,0
67,M,2025/6/5,8650,45.5,37,2,L,NA,1,0,0
67,M,2025/6/5,8665,46,37.5,2,L,NA,1,0,0
67,M,2025/6/5,8680,46.5,38,2,L,NA,1,0,0
67,M,2025/6/5,8695,47,38.5,2,L,NA,1,0,0
67,M,2025/6/5,8710,47.5,39,2,L,NA,1,0,0
67,M,2025/6/5,8725,48,39.5,2,L,NA,1,0,0
67,M,2025/6/5,8740,48.5,40,2,L,NA,1,0,0
67,M,2025/6/5,8755,49,40.5,2,L,NA,1,0,0
67,M,2025/6/5,8770,49.5,41,2,L,NA,1,0,0
67,M,2025/6/5,8785,50,41.5,2,L,NA,1,0,0
67,M,2025/6/5,8800,50.5,42,2,L,NA,1,0,0
67,M,2025/6/5,8815,51,42.5,2,L,NA,1,0,0
67,M,2025/6/5,8830,51.5,43,2,L,NA,1,0,0
67,M,2025/6/5,8845,52,43.5,2,L,NA,1,0,0
67,M,2025/6/5,8860,52.5,44,2,L,NA,1,0,0
67,M,2025/6/5,8875,53,44.5,2,L,NA,1,0,0
67,M,2025/6/5,8890,53.5,45,2,L,NA,1,0,0
67,M,2025/6/5,8905,54,45.5,2,L,NA,1,0,0
67,M,2025/6/5,8920,54.5,46,2,L,NA,1,0,0
67,M,2025/6/5,8935,55,46.5,2,L,NA,1,0,0
67,M,2025/6/5,8950,55.5,47,2,L,NA,1,0,0
67,M,2025/6/5,8965,56,47.5,2,L,NA,1,0,0
67,M,2025/6/5,8980,56.5,48,2,L,NA,1,0,0
67,M,2025/6/5,8995,57,48.5,2,L,NA,1,0,0
67,M,2025/6/5,9010,57.5,49,2,L,NA,1,0,0
67,M,2025/6/5,9025,58,49.5,2,L,NA,1,0,0
67,M,2025/6/5,9040,58.5,50,2,L,NA,1,0,0
67,M,2025/6/5,9055,59,50.5,2,L,NA,1,0,0
67,M,2025/6/5,9070,59.5,51,2,L,NA,1,0,0
67,M,2025/6/5,9085,60,51.5,2,L,NA,1,0,0
67,M,2025/6/5,9100,60.5,52,2,L,NA,1,0,0
67,M,2025/6/5,9115,61,52.5,2,L,NA,1,0,0
67,M,2025/6/5,9130,61.5,53,2,L,NA,1,0,0
67,M,2025/6/5,9145,62,53.5,2,L,NA,1,0,0
67,M,2025/6/5,9160,62.5,54,2,L,NA,1,0,0
67,M,2025/6/5,9175,63,54.5,2,L,NA,1,0,0
67,M,2025/6/5,9190,63.5,55,2,L,NA,1,0,0
67,M,2025/6/5,9205,64,55.5,2,L,NA,1,0,0
67,M,2025/6/5,9220,64.5,56,2,L,NA,1,0,0
67,M,2025/6/5,9235,65,56.5,2,L,NA,1,0,0
67,M,2025/6/5,9250,65.5,57,2,L,NA,1,0,0
67,M,2025/6/5,9265,66,57.5,2,L,NA,1,0,0
67,M,2025/6/5,9280,66.5,58,2,L,NA,1,0,0
67,M,2025/6/5,9295,67,58.5,2,L,NA,1,0,0
67,M,2025/6/5,9310,67.5,59,2,L,NA,1,0,0
67,M,2025/6/5,9325,68,59.5,2,L,NA,1,0,0
67,M,2025/6/5,9340,68.5,60,2,L,NA,1,0,0
67,M,2025/6/5,10095,0,NA,3,L,NA,0,0,0
67,M,2025/6/5,10110,0.5,NA,3,L,NA,0,0,0
67,M,2025/6/5,10125,1,NA,3,L,NA,0,0,0
67,M,2025/6/5,10140,1.5,NA,3,L,NA,0,0,0
67,M,2025/6/5,10155,2,NA,3,L,NA,0,0,0
67,M,2025/6/5,10170,2.5,NA,3,L,NA,0,0,0
67,M,2025/6/5,10185,3,NA,3,L,NA,0,0,0
67,M,2025/6/5,10200,3.5,NA,3,L,NA,0,0,0
67,M,2025/6/5,10215,4,NA,3,L,NA,0,0,0
67,M,2025/6/5,10230,4.5,NA,3,L,NA,0,0,0
67,M,2025/6/5,10245,5,NA,3,L,NA,0,0,0
67,M,2025/6/5,10260,5.5,NA,3,L,NA,0,0,0
67,M,2025/6/5,10275,6,NA,3,L,NA,0,0,0
67,M,2025/6/5,10290,6.5,0,3,L,NA,1,0,0
67,M,2025/6/5,10305,7,0.5,3,L,NA,1,0,0
67,M,2025/6/5,10320,7.5,1,3,L,NA,1,0,0
67,M,2025/6/5,10335,8,1.5,3,L,NA,1,0,0
67,M,2025/6/5,10350,8.5,2,3,L,NA,1,0,0
67,M,2025/6/5,10365,9,2.5,3,L,NA,1,0,0
67,M,2025/6/5,10380,9.5,3,3,L,NA,1,0,0
67,M,2025/6/5,10395,10,3.5,3,L,NA,1,0,0
67,M,2025/6/5,10410,10.5,4,3,L,NA,1,0,0
67,M,2025/6/5,10425,11,4.5,3,L,NA,1,0,0
67,M,2025/6/5,10440,11.5,5,3,L,NA,1,0,0
67,M,2025/6/5,10455,12,5.5,3,L,NA,1,0,0
67,M,2025/6/5,10470,12.5,6,3,L,NA,1,0,0
67,M,2025/6/5,10485,13,6.5,3,L,NA,1,0,0
67,M,2025/6/5,10500,13.5,7,3,L,NA,1,0,0
67,M,2025/6/5,10515,14,7.5,3,L,NA,1,0,0
67,M,2025/6/5,10530,14.5,8,3,L,NA,1,0,0
67,M,2025/6/5,10545,15,8.5,3,L,NA,1,0,0
67,M,2025/6/5,10560,15.5,9,3,L,NA,1,0,0
67,M,2025/6/5,10575,16,9.5,3,L,NA,1,0,0
67,M,2025/6/5,10590,16.5,10,3,L,NA,1,0,0
67,M,2025/6/5,10605,17,10.5,3,L,NA,1,0,0
67,M,2025/6/5,10620,17.5,11,3,L,NA,1,0,0
67,M,2025/6/5,10635,18,11.5,3,L,NA,1,0,0
67,M,2025/6/5,10650,18.5,12,3,L,NA,1,0,0
67,M,2025/6/5,10665,19,12.5,3,L,NA,1,0,0
67,M,2025/6/5,10680,19.5,13,3,L,NA,1,0,0
67,M,2025/6/5,10695,20,13.5,3,L,NA,1,0,0
67,M,2025/6/5,10710,20.5,14,3,L,NA,1,0,0
67,M,2025/6/5,10725,21,14.5,3,L,NA,1,0,0
67,M,2025/6/5,10740,21.5,15,3,L,NA,1,0,0
67,M,2025/6/5,10755,22,15.5,3,L,NA,1,0,0
67,M,2025/6/5,10770,22.5,16,3,L,NA,1,0,0
67,M,2025/6/5,10785,23,16.5,3,L,NA,1,0,0
67,M,2025/6/5,10800,23.5,17,3,L,NA,1,0,0
67,M,2025/6/5,10815,24,17.5,3,L,NA,1,0,0
67,M,2025/6/5,10830,24.5,18,3,L,NA,1,0,0
67,M,2025/6/5,10845,25,18.5,3,L,NA,1,0,0
67,M,2025/6/5,10860,25.5,19,3,L,NA,1,0,0
67,M,2025/6/5,10875,26,19.5,3,L,NA,1,0,0
67,M,2025/6/5,10890,26.5,20,3,L,NA,1,0,0
67,M,2025/6/5,10905,27,20.5,3,L,NA,1,0,0
67,M,2025/6/5,10920,27.5,21,3,L,NA,1,0,0
67,M,2025/6/5,10935,28,21.5,3,L,NA,1,0,0
67,M,2025/6/5,10950,28.5,22,3,L,NA,1,0,0
67,M,2025/6/5,10965,29,22.5,3,L,NA,1,0,0
67,M,2025/6/5,10980,29.5,23,3,L,NA,1,0,0
67,M,2025/6/5,10995,30,23.5,3,L,NA,1,0,0
67,M,2025/6/5,11010,30.5,24,3,L,NA,1,0,0
67,M,2025/6/5,11025,31,24.5,3,L,NA,1,0,0
67,M,2025/6/5,11040,31.5,25,3,L,NA,1,0,0
67,M,2025/6/5,11055,32,25.5,3,L,NA,1,0,0
67,M,2025/6/5,11070,32.5,26,3,L,NA,1,0,0
67,M,2025/6/5,11085,33,26.5,3,L,NA,1,0,0
67,M,2025/6/5,11100,33.5,27,3,L,NA,1,0,0
67,M,2025/6/5,11115,34,27.5,3,L,NA,1,0,0
67,M,2025/6/5,11130,34.5,28,3,L,NA,1,0,0
67,M,2025/6/5,11145,35,28.5,3,L,NA,1,0,0
67,M,2025/6/5,11160,35.5,29,3,L,NA,1,0,0
67,M,2025/6/5,11175,36,29.5,3,L,NA,1,0,0
67,M,2025/6/5,11190,36.5,30,3,L,NA,1,0,0
67,M,2025/6/5,11205,37,30.5,3,L,NA,1,0,0
67,M,2025/6/5,11220,37.5,31,3,L,NA,1,0,0
67,M,2025/6/5,11235,38,31.5,3,L,NA,1,0,0
67,M,2025/6/5,11250,38.5,32,3,L,NA,1,0,0
67,M,2025/6/5,11265,39,32.5,3,L,NA,1,0,0
67,M,2025/6/5,11280,39.5,33,3,L,NA,1,0,0
67,M,2025/6/5,11295,40,33.5,3,L,NA,1,0,0
67,M,2025/6/5,11310,40.5,34,3,L,NA,1,0,0
67,M,2025/6/5,11325,41,34.5,3,L,NA,1,0,0
67,M,2025/6/5,11340,41.5,35,3,L,NA,1,0,0
67,M,2025/6/5,11355,42,35.5,3,L,NA,1,0,0
67,M,2025/6/5,11370,42.5,36,3,L,NA,1,0,0
67,M,2025/6/5,11385,43,36.5,3,L,NA,1,0,0
67,M,2025/6/5,11400,43.5,37,3,L,NA,1,0,0
67,M,2025/6/5,11415,44,37.5,3,L,NA,1,0,0
67,M,2025/6/5,11430,44.5,38,3,L,NA,1,0,0
67,M,2025/6/5,11445,45,38.5,3,L,NA,1,0,0
67,M,2025/6/5,11460,45.5,39,3,L,NA,1,0,0
67,M,2025/6/5,11475,46,39.5,3,L,NA,1,0,0
67,M,2025/6/5,11490,46.5,40,3,L,NA,1,0,0
67,M,2025/6/5,11505,47,40.5,3,L,NA,1,0,0
67,M,2025/6/5,11520,47.5,41,3,L,NA,1,0,0
67,M,2025/6/5,11535,48,41.5,3,L,NA,1,0,0
67,M,2025/6/5,11550,48.5,42,3,L,NA,1,0,0
67,M,2025/6/5,11565,49,42.5,3,L,NA,1,0,0
67,M,2025/6/5,11580,49.5,43,3,L,NA,1,0,0
67,M,2025/6/5,11595,50,43.5,3,L,NA,1,0,0
67,M,2025/6/5,11610,50.5,44,3,L,NA,1,0,0
67,M,2025/6/5,11625,51,44.5,3,L,NA,1,0,0
67,M,2025/6/5,11640,51.5,45,3,L,NA,1,0,0
67,M,2025/6/5,11655,52,45.5,3,L,NA,1,0,0
67,M,2025/6/5,11670,52.5,46,3,L,NA,1,0,0
67,M,2025/6/5,11685,53,46.5,3,L,NA,1,0,0
67,M,2025/6/5,11700,53.5,47,3,L,NA,1,0,0
67,M,2025/6/5,11715,54,47.5,3,L,NA,1,0,0
67,M,2025/6/5,11730,54.5,48,3,L,NA,1,0,0
67,M,2025/6/5,11745,55,48.5,3,L,NA,1,0,0
67,M,2025/6/5,11760,55.5,49,3,L,NA,1,0,0
67,M,2025/6/5,11775,56,49.5,3,L,NA,1,0,0
67,M,2025/6/5,11790,56.5,50,3,L,NA,1,0,0
67,M,2025/6/5,11805,57,50.5,3,L,NA,1,0,0
67,M,2025/6/5,11820,57.5,51,3,L,NA,1,0,0
67,M,2025/6/5,11835,58,51.5,3,L,NA,1,0,0
67,M,2025/6/5,11850,58.5,52,3,L,NA,1,0,0
67,M,2025/6/5,11865,59,52.5,3,L,NA,1,0,0
67,M,2025/6/5,11880,59.5,53,3,L,NA,1,0,0
67,M,2025/6/5,11895,60,53.5,3,L,NA,1,0,0
67,M,2025/6/5,11910,60.5,54,3,L,NA,1,0,0
67,M,2025/6/5,11925,61,54.5,3,L,NA,1,0,0
67,M,2025/6/5,11940,61.5,55,3,L,NA,1,0,0
67,M,2025/6/5,11955,62,55.5,3,L,NA,1,0,0
67,M,2025/6/5,11970,62.5,56,3,L,NA,1,0,0
67,M,2025/6/5,11985,63,56.5,3,L,NA,1,0,0
67,M,2025/6/5,12000,63.5,57,3,L,NA,1,0,0
67,M,2025/6/5,12015,64,57.5,3,L,NA,1,0,0
67,M,2025/6/5,12030,64.5,58,3,L,NA,1,0,0
67,M,2025/6/5,12045,65,58.5,3,L,NA,1,0,0
67,M,2025/6/5,12060,65.5,59,3,L,NA,1,0,0
67,M,2025/6/5,12075,66,59.5,3,L,NA,1,0,0
67,M,2025/6/5,12090,66.5,60,3,L,NA,1,0,0
67,M,2025/6/5,12600,0,NA,4,L,NA,0,0,0
67,M,2025/6/5,12615,0.5,NA,4,L,NA,0,0,0
67,M,2025/6/5,12630,1,NA,4,L,NA,0,0,0
67,M,2025/6/5,12645,1.5,NA,4,L,NA,0,0,0
67,M,2025/6/5,12660,2,NA,4,L,NA,0,0,0
67,M,2025/6/5,12675,2.5,NA,4,L,NA,0,0,0
67,M,2025/6/5,12690,3,NA,4,L,NA,0,0,0
67,M,2025/6/5,12705,3.5,NA,4,L,NA,0,0,0
67,M,2025/6/5,12720,4,NA,4,L,NA,0,0,0
67,M,2025/6/5,12735,4.5,NA,4,L,NA,0,0,0
67,M,2025/6/5,12750,5,NA,4,L,NA,0,0,0
67,M,2025/6/5,12765,5.5,NA,4,L,NA,0,0,0
67,M,2025/6/5,12780,6,NA,4,L,NA,0,0,0
67,M,2025/6/5,12795,6.5,NA,4,L,NA,0,0,0
67,M,2025/6/5,12810,7,NA,4,L,NA,0,0,0
67,M,2025/6/5,12825,7.5,NA,4,L,NA,0,0,0
67,M,2025/6/5,12840,8,NA,4,L,NA,0,0,0
67,M,2025/6/5,12855,8.5,NA,4,L,NA,0,0,0
67,M,2025/6/5,12870,9,0,4,L,NA,1,0,0
67,M,2025/6/5,12885,9.5,0.5,4,L,NA,1,0,0
67,M,2025/6/5,12900,10,1,4,L,NA,1,0,0
67,M,2025/6/5,12915,10.5,1.5,4,L,NA,1,0,0
67,M,2025/6/5,12930,11,2,4,L,NA,1,0,0
67,M,2025/6/5,12945,11.5,2.5,4,L,NA,1,0,0
67,M,2025/6/5,12960,12,3,4,L,NA,1,0,0
67,M,2025/6/5,12975,12.5,3.5,4,L,NA,1,0,0
67,M,2025/6/5,12990,13,4,4,L,NA,1,0,0
67,M,2025/6/5,13005,13.5,4.5,4,L,NA,1,0,0
67,M,2025/6/5,13020,14,5,4,L,NA,1,0,0
67,M,2025/6/5,13035,14.5,5.5,4,L,NA,1,0,0
67,M,2025/6/5,13050,15,6,4,L,NA,1,0,0
67,M,2025/6/5,13065,15.5,6.5,4,L,NA,1,0,0
67,M,2025/6/5,13080,16,7,4,L,NA,1,0,0
67,M,2025/6/5,13095,16.5,7.5,4,L,NA,1,0,0
67,M,2025/6/5,13110,17,8,4,L,NA,1,0,0
67,M,2025/6/5,13125,17.5,8.5,4,L,NA,1,0,0
67,M,2025/6/5,13140,18,9,4,L,NA,1,0,0
67,M,2025/6/5,13155,18.5,9.5,4,L,NA,1,0,0
67,M,2025/6/5,13170,19,10,4,L,NA,1,0,0
67,M,2025/6/5,13185,19.5,10.5,4,L,NA,1,0,0
67,M,2025/6/5,13200,20,11,4,L,NA,1,0,0
67,M,2025/6/5,13215,20.5,11.5,4,L,NA,1,0,0
67,M,2025/6/5,13230,21,12,4,L,NA,1,0,0
67,M,2025/6/5,13245,21.5,12.5,4,L,NA,1,0,0
67,M,2025/6/5,13260,22,13,4,L,NA,1,0,0
67,M,2025/6/5,13275,22.5,13.5,4,L,NA,1,0,0
67,M,2025/6/5,13290,23,14,4,L,NA,1,0,0
67,M,2025/6/5,13305,23.5,14.5,4,L,NA,1,0,0
67,M,2025/6/5,13320,24,15,4,L,NA,1,0,0
67,M,2025/6/5,13335,24.5,15.5,4,L,NA,1,0,0
67,M,2025/6/5,13350,25,16,4,L,NA,1,0,0
67,M,2025/6/5,13365,25.5,16.5,4,L,NA,1,0,0
67,M,2025/6/5,13380,26,17,4,L,NA,1,0,0
67,M,2025/6/5,13395,26.5,17.5,4,L,NA,1,0,0
67,M,2025/6/5,13410,27,18,4,L,NA,1,0,0
67,M,2025/6/5,13425,27.5,18.5,4,L,NA,1,0,0
67,M,2025/6/5,13440,28,19,4,L,NA,1,0,0
67,M,2025/6/5,13455,28.5,19.5,4,L,NA,1,0,0
67,M,2025/6/5,13470,29,20,4,L,NA,1,0,0
67,M,2025/6/5,13485,29.5,20.5,4,L,NA,1,0,0
67,M,2025/6/5,13500,30,21,4,L,NA,1,0,0
67,M,2025/6/5,13515,30.5,21.5,4,L,NA,1,0,0
67,M,2025/6/5,13530,31,22,4,L,NA,1,0,0
67,M,2025/6/5,13545,31.5,22.5,4,L,NA,1,0,0
67,M,2025/6/5,13560,32,23,4,L,NA,1,0,0
67,M,2025/6/5,13575,32.5,23.5,4,L,NA,1,0,0
67,M,2025/6/5,13590,33,24,4,L,NA,1,0,0
67,M,2025/6/5,13605,33.5,24.5,4,L,NA,1,0,0
67,M,2025/6/5,13620,34,25,4,L,NA,1,0,0
67,M,2025/6/5,13635,34.5,25.5,4,L,NA,1,0,0
67,M,2025/6/5,13650,35,26,4,L,NA,1,0,0
67,M,2025/6/5,13665,35.5,26.5,4,L,NA,1,0,0
67,M,2025/6/5,13680,36,27,4,L,NA,1,0,0
67,M,2025/6/5,13695,36.5,27.5,4,L,NA,1,0,0
67,M,2025/6/5,13710,37,28,4,L,NA,1,0,0
67,M,2025/6/5,13725,37.5,28.5,4,L,NA,1,0,0
67,M,2025/6/5,13740,38,29,4,L,NA,1,0,0
67,M,2025/6/5,13755,38.5,29.5,4,L,NA,1,0,0
67,M,2025/6/5,13770,39,30,4,L,NA,1,0,0
67,M,2025/6/5,13785,39.5,30.5,4,L,NA,1,0,0
67,M,2025/6/5,13800,40,31,4,L,NA,1,0,0
67,M,2025/6/5,13815,40.5,31.5,4,L,NA,1,0,0
67,M,2025/6/5,13830,41,32,4,L,NA,1,0,0
67,M,2025/6/5,13845,41.5,32.5,4,L,NA,1,0,0
67,M,2025/6/5,13860,42,33,4,L,NA,1,0,0
67,M,2025/6/5,13875,42.5,33.5,4,L,NA,1,0,0
67,M,2025/6/5,13890,43,34,4,L,NA,1,0,0
67,M,2025/6/5,13905,43.5,34.5,4,L,NA,1,0,0
67,M,2025/6/5,13920,44,35,4,L,NA,1,0,0
67,M,2025/6/5,13935,44.5,35.5,4,L,NA,1,0,0
67,M,2025/6/5,13950,45,36,4,L,NA,1,0,0
67,M,2025/6/5,13965,45.5,36.5,4,L,NA,1,0,0
67,M,2025/6/5,13980,46,37,4,L,NA,1,0,0
67,M,2025/6/5,13995,46.5,37.5,4,L,NA,1,0,0
67,M,2025/6/5,14010,47,38,4,L,NA,1,0,0
67,M,2025/6/5,14025,47.5,38.5,4,L,NA,1,0,0
67,M,2025/6/5,14040,48,39,4,L,NA,1,0,0
67,M,2025/6/5,14055,48.5,39.5,4,L,NA,1,0,0
67,M,2025/6/5,14070,49,40,4,L,NA,1,0,0
67,M,2025/6/5,14085,49.5,40.5,4,L,NA,1,0,0
67,M,2025/6/5,14100,50,41,4,L,NA,1,0,0
67,M,2025/6/5,14115,50.5,41.5,4,L,NA,1,0,0
67,M,2025/6/5,14130,51,42,4,L,NA,1,0,0
67,M,2025/6/5,14145,51.5,42.5,4,L,NA,1,0,0
67,M,2025/6/5,14160,52,43,4,L,NA,1,0,0
67,M,2025/6/5,14175,52.5,43.5,4,L,NA,1,0,0
67,M,2025/6/5,14190,53,44,4,L,NA,1,0,0
67,M,2025/6/5,14205,53.5,44.5,4,L,NA,1,0,0
67,M,2025/6/5,14220,54,45,4,L,NA,1,0,0
67,M,2025/6/5,14235,54.5,45.5,4,L,NA,1,0,0
67,M,2025/6/5,14250,55,46,4,L,NA,1,0,0
67,M,2025/6/5,14265,55.5,46.5,4,L,NA,1,0,0
67,M,2025/6/5,14280,56,47,4,L,NA,1,0,0
67,M,2025/6/5,14295,56.5,47.5,4,L,NA,1,0,0
67,M,2025/6/5,14310,57,48,4,L,NA,1,0,0
67,M,2025/6/5,14325,57.5,48.5,4,L,NA,1,0,0
67,M,2025/6/5,14340,58,49,4,L,NA,1,0,0
67,M,2025/6/5,14355,58.5,49.5,4,L,NA,1,0,0
67,M,2025/6/5,14370,59,50,4,L,NA,1,0,0
67,M,2025/6/5,14385,59.5,50.5,4,L,NA,1,0,0
67,M,2025/6/5,14400,60,51,4,L,NA,1,0,0
67,M,2025/6/5,14415,60.5,51.5,4,L,NA,1,0,0
67,M,2025/6/5,14430,61,52,4,L,NA,1,0,0
67,M,2025/6/5,14445,61.5,52.5,4,L,NA,1,0,0
67,M,2025/6/5,14460,62,53,4,L,NA,1,0,0
67,M,2025/6/5,14475,62.5,53.5,4,L,NA,1,0,0
67,M,2025/6/5,14490,63,54,4,L,NA,1,0,0
67,M,2025/6/5,14505,63.5,54.5,4,L,NA,1,0,0
67,M,2025/6/5,14520,64,55,4,L,NA,1,0,0
67,M,2025/6/5,14535,64.5,55.5,4,L,NA,1,0,0
67,M,2025/6/5,14550,65,56,4,L,NA,1,0,0
67,M,2025/6/5,14565,65.5,56.5,4,L,NA,1,0,0
67,M,2025/6/5,14580,66,57,4,L,NA,1,0,0
67,M,2025/6/5,14595,66.5,57.5,4,L,NA,1,0,0
67,M,2025/6/5,14610,67,58,4,L,NA,1,0,0
67,M,2025/6/5,14625,67.5,58.5,4,L,NA,1,0,0
67,M,2025/6/5,14640,68,59,4,L,NA,1,0,0
67,M,2025/6/5,14655,68.5,59.5,4,L,NA,1,0,0
67,M,2025/6/5,14670,69,60,4,L,NA,1,0,0
67,M,2025/6/5,15170,0,NA,5,L,NA,0,0,0
67,M,2025/6/5,15185,0.5,NA,5,L,NA,0,0,0
67,M,2025/6/5,15200,1,NA,5,L,NA,0,0,0
67,M,2025/6/5,15215,1.5,NA,5,L,NA,0,0,0
67,M,2025/6/5,15230,2,0,5,L,NA,1,0,0
67,M,2025/6/5,15245,2.5,0.5,5,L,NA,1,0,0
67,M,2025/6/5,15260,3,1,5,L,NA,1,0,0
67,M,2025/6/5,15275,3.5,1.5,5,L,NA,1,0,0
67,M,2025/6/5,15290,4,2,5,L,NA,1,0,0
67,M,2025/6/5,15305,4.5,2.5,5,L,NA,1,0,0
67,M,2025/6/5,15320,5,3,5,L,NA,1,0,0
67,M,2025/6/5,15335,5.5,3.5,5,L,NA,1,0,0
67,M,2025/6/5,15350,6,4,5,L,NA,1,0,0
67,M,2025/6/5,15365,6.5,4.5,5,L,NA,1,0,0
67,M,2025/6/5,15380,7,5,5,L,NA,1,0,0
67,M,2025/6/5,15395,7.5,5.5,5,L,NA,1,0,0
67,M,2025/6/5,15410,8,6,5,L,NA,1,0,0
67,M,2025/6/5,15425,8.5,6.5,5,L,NA,1,0,0
67,M,2025/6/5,15440,9,7,5,L,NA,1,0,0
67,M,2025/6/5,15455,9.5,7.5,5,L,NA,1,0,0
67,M,2025/6/5,15470,10,8,5,L,NA,1,0,0
67,M,2025/6/5,15485,10.5,8.5,5,L,NA,1,0,0
67,M,2025/6/5,15500,11,9,5,L,NA,1,0,0
67,M,2025/6/5,15515,11.5,9.5,5,L,NA,1,0,0
67,M,2025/6/5,15530,12,10,5,L,NA,1,0,0
67,M,2025/6/5,15545,12.5,10.5,5,L,NA,1,0,0
67,M,2025/6/5,15560,13,11,5,L,NA,1,0,0
67,M,2025/6/5,15575,13.5,11.5,5,L,NA,1,0,0
67,M,2025/6/5,15590,14,12,5,L,NA,1,0,0
67,M,2025/6/5,15605,14.5,12.5,5,L,NA,1,0,0
67,M,2025/6/5,15620,15,13,5,L,NA,1,0,0
67,M,2025/6/5,15635,15.5,13.5,5,L,NA,1,0,0
67,M,2025/6/5,15650,16,14,5,L,NA,1,0,0
67,M,2025/6/5,15665,16.5,14.5,5,L,NA,1,0,0
67,M,2025/6/5,15680,17,15,5,L,NA,1,0,0
67,M,2025/6/5,15695,17.5,15.5,5,L,NA,1,0,0
67,M,2025/6/5,15710,18,16,5,L,NA,1,0,0
67,M,2025/6/5,15725,18.5,16.5,5,L,NA,1,0,0
67,M,2025/6/5,15740,19,17,5,L,NA,1,0,0
67,M,2025/6/5,15755,19.5,17.5,5,L,NA,1,0,0
67,M,2025/6/5,15770,20,18,5,L,NA,1,0,0
67,M,2025/6/5,15785,20.5,18.5,5,L,NA,1,0,0
67,M,2025/6/5,15800,21,19,5,L,NA,1,0,0
67,M,2025/6/5,15815,21.5,19.5,5,L,NA,1,0,0
67,M,2025/6/5,15830,22,20,5,L,NA,1,0,0
67,M,2025/6/5,15845,22.5,20.5,5,L,NA,1,0,0
67,M,2025/6/5,15860,23,21,5,L,NA,1,0,0
67,M,2025/6/5,15875,23.5,21.5,5,L,NA,1,0,0
67,M,2025/6/5,15890,24,22,5,L,NA,1,0,0
67,M,2025/6/5,15905,24.5,22.5,5,L,NA,1,0,0
67,M,2025/6/5,15920,25,23,5,L,NA,1,0,0
67,M,2025/6/5,15935,25.5,23.5,5,L,NA,1,0,0
67,M,2025/6/5,15950,26,24,5,L,NA,1,0,0
67,M,2025/6/5,15965,26.5,24.5,5,L,NA,1,0,0
67,M,2025/6/5,15980,27,25,5,L,NA,1,0,0
67,M,2025/6/5,15995,27.5,25.5,5,L,NA,1,0,0
67,M,2025/6/5,16010,28,26,5,L,NA,1,0,0
67,M,2025/6/5,16025,28.5,26.5,5,L,NA,1,0,0
67,M,2025/6/5,16040,29,27,5,L,NA,1,0,0
67,M,2025/6/5,16055,29.5,27.5,5,L,NA,1,0,0
67,M,2025/6/5,16070,30,28,5,L,NA,1,0,0
67,M,2025/6/5,16085,30.5,28.5,5,L,NA,1,0,0
67,M,2025/6/5,16100,31,29,5,L,NA,1,0,0
67,M,2025/6/5,16115,31.5,29.5,5,L,NA,1,0,0
67,M,2025/6/5,16130,32,30,5,L,NA,1,0,0
67,M,2025/6/5,16145,32.5,30.5,5,L,NA,1,0,0
67,M,2025/6/5,16160,33,31,5,L,NA,1,0,0
67,M,2025/6/5,16175,33.5,31.5,5,L,NA,1,0,0
67,M,2025/6/5,16190,34,32,5,L,NA,1,0,0
67,M,2025/6/5,16205,34.5,32.5,5,L,NA,1,0,0
67,M,2025/6/5,16220,35,33,5,L,NA,1,0,0
67,M,2025/6/5,16235,35.5,33.5,5,L,NA,1,0,0
67,M,2025/6/5,16250,36,34,5,L,NA,1,0,0
67,M,2025/6/5,16265,36.5,34.5,5,L,NA,1,0,0
67,M,2025/6/5,16280,37,35,5,L,NA,1,0,0
67,M,2025/6/5,16295,37.5,35.5,5,L,NA,1,0,0
67,M,2025/6/5,16310,38,36,5,L,NA,1,0,0
67,M,2025/6/5,16325,38.5,36.5,5,L,NA,1,0,0
67,M,2025/6/5,16340,39,37,5,L,NA,1,0,0
67,M,2025/6/5,16355,39.5,37.5,5,L,NA,1,0,0
67,M,2025/6/5,16370,40,38,5,L,NA,1,0,0
67,M,2025/6/5,16385,40.5,38.5,5,L,NA,1,0,0
67,M,2025/6/5,16400,41,39,5,L,NA,1,0,0
67,M,2025/6/5,16415,41.5,39.5,5,L,NA,1,0,0
67,M,2025/6/5,16430,42,40,5,L,NA,1,0,0
67,M,2025/6/5,16445,42.5,40.5,5,L,NA,1,0,0
67,M,2025/6/5,16460,43,41,5,L,NA,1,0,0
67,M,2025/6/5,16475,43.5,41.5,5,L,NA,1,0,0
67,M,2025/6/5,16490,44,42,5,L,NA,1,0,0
67,M,2025/6/5,16505,44.5,42.5,5,L,NA,1,0,0
67,M,2025/6/5,16520,45,43,5,L,NA,1,0,0
67,M,2025/6/5,16535,45.5,43.5,5,L,NA,1,0,0
67,M,2025/6/5,16550,46,44,5,L,NA,1,0,0
67,M,2025/6/5,16565,46.5,44.5,5,L,NA,1,0,0
67,M,2025/6/5,16580,47,45,5,L,NA,1,0,0
67,M,2025/6/5,16595,47.5,45.5,5,L,NA,1,0,0
67,M,2025/6/5,16610,48,46,5,L,NA,1,0,0
67,M,2025/6/5,16625,48.5,46.5,5,L,NA,1,0,0
67,M,2025/6/5,16640,49,47,5,L,NA,1,0,0
67,M,2025/6/5,16655,49.5,47.5,5,L,NA,1,0,0
67,M,2025/6/5,16670,50,48,5,L,NA,1,0,0
67,M,2025/6/5,16685,50.5,48.5,5,L,NA,1,0,0
67,M,2025/6/5,16700,51,49,5,L,NA,1,0,0
67,M,2025/6/5,16715,51.5,49.5,5,L,NA,1,0,0
67,M,2025/6/5,16730,52,50,5,L,NA,1,0,0
67,M,2025/6/5,16745,52.5,50.5,5,L,NA,1,0,0
67,M,2025/6/5,16760,53,51,5,L,NA,1,0,0
67,M,2025/6/5,16775,53.5,51.5,5,L,NA,1,0,0
67,M,2025/6/5,16790,54,52,5,L,NA,1,0,0
67,M,2025/6/5,16805,54.5,52.5,5,L,NA,1,0,0
67,M,2025/6/5,16820,55,53,5,L,NA,1,0,0
67,M,2025/6/5,16835,55.5,53.5,5,L,NA,1,0,0
67,M,2025/6/5,16850,56,54,5,L,NA,1,0,0
67,M,2025/6/5,16865,56.5,54.5,5,L,NA,1,0,0
67,M,2025/6/5,16880,57,55,5,L,NA,1,0,0
67,M,2025/6/5,16895,57.5,55.5,5,L,NA,1,0,0
67,M,2025/6/5,16910,58,56,5,L,NA,1,0,0
67,M,2025/6/5,16925,58.5,56.5,5,L,NA,1,0,0
67,M,2025/6/5,16940,59,57,5,L,NA,1,0,0
67,M,2025/6/5,16955,59.5,57.5,5,L,NA,1,0,0
67,M,2025/6/5,16970,60,58,5,L,NA,1,0,0
67,M,2025/6/5,16985,60.5,58.5,5,L,NA,1,0,0
67,M,2025/6/5,17000,61,59,5,L,NA,1,0,0
67,M,2025/6/5,17015,61.5,59.5,5,L,NA,1,0,0
67,M,2025/6/5,17030,62,60,5,L,NA,1,0,0
67,M,2025/6/5,17670,0,NA,6,R,NA,0,0,0
67,M,2025/6/5,17685,0.7,NA,6,R,NA,0,0,0
67,M,2025/6/5,17700,1.4,NA,6,R,NA,0,0,0
67,M,2025/6/5,17715,2.1,NA,6,R,NA,0,0,0
67,M,2025/6/5,17730,2.8,NA,6,R,NA,0,0,0
67,M,2025/6/5,17745,3.5,NA,6,R,NA,0,0,0
67,M,2025/6/5,17760,4.2,NA,6,R,NA,0,0,0
67,M,2025/6/5,17775,4.9,0,6,R,NA,1,0,0
67,M,2025/6/5,17790,5.6,0.5,6,R,NA,1,0,0
67,M,2025/6/5,17805,6.3,1,6,R,NA,1,0,0
67,M,2025/6/5,17820,7,1.5,6,R,NA,1,0,0
67,M,2025/6/5,17835,7.7,2,6,R,NA,1,0,0
67,M,2025/6/5,17850,8.4,2.5,6,R,NA,1,0,0
67,M,2025/6/5,17865,9.1,3,6,R,NA,1,0,0
67,M,2025/6/5,17880,9.8,3.5,6,R,NA,1,0,0
67,M,2025/6/5,17895,10.5,4,6,R,NA,1,0,0
67,M,2025/6/5,17910,11.2,4.5,6,R,NA,1,0,0
67,M,2025/6/5,17925,11.9,5,6,R,NA,1,0,0
67,M,2025/6/5,17940,12.6,5.5,6,R,NA,1,0,0
67,M,2025/6/5,17955,13.3,6,6,R,NA,1,0,0
67,M,2025/6/5,17970,14,6.5,6,R,NA,1,0,0
67,M,2025/6/5,17985,14.7,7,6,R,NA,1,0,0
67,M,2025/6/5,18000,15.4,7.5,6,R,NA,1,0,0
67,M,2025/6/5,18015,16.1,8,6,R,NA,1,0,0
67,M,2025/6/5,18030,16.8,8.5,6,R,NA,1,0,0
67,M,2025/6/5,18045,17.5,9,6,R,NA,1,0,0
67,M,2025/6/5,18060,18.2,9.5,6,R,NA,1,0,0
67,M,2025/6/5,18075,18.9,10,6,R,NA,1,0,0
67,M,2025/6/5,18090,19.6,10.5,6,R,NA,1,0,0
67,M,2025/6/5,18105,20.3,11,6,R,NA,1,0,0
67,M,2025/6/5,18120,21,11.5,6,R,NA,1,0,0
67,M,2025/6/5,18135,21.7,12,6,R,NA,1,0,0
67,M,2025/6/5,18150,22.4,12.5,6,R,NA,1,0,0
67,M,2025/6/5,18165,23.1,13,6,R,NA,1,0,0
67,M,2025/6/5,18180,23.8,13.5,6,R,NA,1,0,0
67,M,2025/6/5,18195,24.5,14,6,R,NA,1,0,0
67,M,2025/6/5,18210,25.2,14.5,6,R,NA,1,0,0
67,M,2025/6/5,18225,25.9,15,6,R,NA,1,0,0
67,M,2025/6/5,18240,26.6,15.5,6,R,NA,1,0,0
67,M,2025/6/5,18255,27.3,16,6,R,NA,1,0,0
67,M,2025/6/5,18270,28,16.5,6,R,NA,1,0,0
67,M,2025/6/5,18285,28.7,17,6,R,NA,1,0,0
67,M,2025/6/5,18300,29.4,17.5,6,R,NA,1,0,0
67,M,2025/6/5,18315,30.1,18,6,R,NA,1,0,0
67,M,2025/6/5,18330,30.8,18.5,6,R,NA,1,0,0
67,M,2025/6/5,18345,31.5,19,6,R,NA,1,0,0
67,M,2025/6/5,18360,32.2,19.5,6,R,NA,1,0,0
67,M,2025/6/5,18375,32.9,20,6,R,NA,1,0,0
67,M,2025/6/5,18390,33.6,20.5,6,R,NA,1,0,0
67,M,2025/6/5,18405,34.3,21,6,R,NA,1,0,0
67,M,2025/6/5,18420,35,21.5,6,R,NA,1,0,0
67,M,2025/6/5,18435,35.7,22,6,R,NA,1,0,0
67,M,2025/6/5,18450,36.4,22.5,6,R,NA,1,0,0
67,M,2025/6/5,18465,37.1,23,6,R,NA,1,0,0
67,M,2025/6/5,18480,37.8,23.5,6,R,NA,1,0,0
67,M,2025/6/5,18495,38.5,24,6,R,NA,1,0,0
67,M,2025/6/5,18510,39.2,24.5,6,R,NA,1,0,0
67,M,2025/6/5,18525,39.9,25,6,R,NA,1,0,0
67,M,2025/6/5,18540,40.6,25.5,6,R,NA,1,0,0
67,M,2025/6/5,18555,41.3,26,6,R,NA,1,0,0
67,M,2025/6/5,18570,42,26.5,6,R,NA,1,0,0
67,M,2025/6/5,18585,42.7,27,6,R,NA,1,0,0
67,M,2025/6/5,18600,43.4,27.5,6,R,NA,1,0,0
67,M,2025/6/5,18615,44.1,28,6,R,NA,1,0,0
67,M,2025/6/5,18630,44.8,28.5,6,R,NA,1,0,0
67,M,2025/6/5,18645,45.5,29,6,R,NA,1,0,0
67,M,2025/6/5,18660,46.2,29.5,6,R,NA,1,0,0
67,M,2025/6/5,18675,46.9,30,6,R,NA,1,0,0
67,M,2025/6/5,18690,47.6,30.5,6,R,NA,1,0,0
67,M,2025/6/5,18705,48.3,31,6,R,NA,1,0,0
67,M,2025/6/5,18720,49,31.5,6,R,NA,1,0,0
67,M,2025/6/5,18735,49.7,32,6,R,NA,1,0,0
67,M,2025/6/5,18750,50.4,32.5,6,R,NA,1,0,0
67,M,2025/6/5,18765,51.1,33,6,R,NA,1,0,0
67,M,2025/6/5,18780,51.8,33.5,6,R,NA,1,0,0
67,M,2025/6/5,18795,52.5,34,6,R,NA,1,0,0
67,M,2025/6/5,18810,53.2,34.5,6,R,NA,1,0,0
67,M,2025/6/5,18825,53.9,35,6,R,NA,1,0,0
67,M,2025/6/5,18840,54.6,35.5,6,R,NA,1,0,0
67,M,2025/6/5,18855,55.3,36,6,R,NA,1,0,0
67,M,2025/6/5,18870,56,36.5,6,R,NA,1,0,0
67,M,2025/6/5,18885,56.7,37,6,R,NA,1,0,0
67,M,2025/6/5,18900,57.4,37.5,6,R,NA,1,0,0
67,M,2025/6/5,18915,58.1,38,6,R,NA,1,0,0
67,M,2025/6/5,18930,58.8,38.5,6,R,NA,1,0,0
67,M,2025/6/5,18945,59.5,39,6,R,NA,1,0,0
67,M,2025/6/5,18960,60.2,39.5,6,R,NA,1,0,0
67,M,2025/6/5,18975,60.9,40,6,R,NA,1,0,0
67,M,2025/6/5,18990,61.6,40.5,6,R,NA,1,0,0
67,M,2025/6/5,19005,62.3,41,6,R,NA,1,0,0
67,M,2025/6/5,19020,63,41.5,6,R,NA,1,0,0
67,M,2025/6/5,19035,63.7,42,6,R,NA,1,0,0
67,M,2025/6/5,19050,64.4,42.5,6,R,NA,1,0,0
67,M,2025/6/5,19065,65.1,43,6,R,NA,1,0,0
67,M,2025/6/5,19080,65.8,43.5,6,R,NA,1,0,0
67,M,2025/6/5,19095,66.5,44,6,R,NA,1,0,0
67,M,2025/6/5,19110,67.2,44.5,6,R,NA,1,0,0
67,M,2025/6/5,19125,67.9,45,6,R,NA,1,0,0
67,M,2025/6/5,19140,68.6,45.5,6,R,NA,1,0,0
67,M,2025/6/5,19155,69.3,46,6,R,NA,1,0,0
67,M,2025/6/5,19170,70,46.5,6,R,NA,1,0,0
67,M,2025/6/5,19185,70.7,47,6,R,NA,1,0,0
67,M,2025/6/5,19200,71.4,47.5,6,R,NA,1,0,0
67,M,2025/6/5,19215,72.1,48,6,R,NA,1,0,0
67,M,2025/6/5,19230,72.8,48.5,6,R,NA,1,0,0
67,M,2025/6/5,19245,73.5,49,6,R,NA,1,0,0
67,M,2025/6/5,19260,74.2,49.5,6,R,NA,1,0,0
67,M,2025/6/5,19275,74.9,50,6,R,NA,1,0,0
67,M,2025/6/5,19290,75.6,50.5,6,R,NA,1,0,0
67,M,2025/6/5,19305,76.3,51,6,R,NA,1,0,0
67,M,2025/6/5,19320,77,51.5,6,R,NA,1,0,0
67,M,2025/6/5,19335,77.7,52,6,R,NA,1,0,0
67,M,2025/6/5,19350,78.4,52.5,6,R,NA,1,0,0
67,M,2025/6/5,19365,79.1,53,6,R,NA,1,0,0
67,M,2025/6/5,19380,79.8,53.5,6,R,NA,1,0,0
67,M,2025/6/5,19395,80.5,54,6,R,NA,1,0,0
67,M,2025/6/5,19410,81.2,54.5,6,R,NA,1,0,0
67,M,2025/6/5,19425,81.9,55,6,R,NA,1,0,0
67,M,2025/6/5,19440,82.6,55.5,6,R,NA,1,0,0
67,M,2025/6/5,19455,83.3,56,6,R,NA,1,0,0
67,M,2025/6/5,19470,84,56.5,6,R,NA,1,0,0
67,M,2025/6/5,19485,84.7,57,6,R,NA,1,0,0
67,M,2025/6/5,19500,85.4,57.5,6,R,NA,1,0,0
67,M,2025/6/5,19515,86.1,58,6,R,NA,1,0,0
67,M,2025/6/5,19530,86.8,58.5,6,R,NA,1,0,0
67,M,2025/6/5,19545,87.5,59,6,R,NA,1,0,0
67,M,2025/6/5,19560,88.2,59.5,6,R,NA,1,0,0
67,M,2025/6/5,19575,88.9,60,6,R,NA,1,0,0
67,M,2025/6/5,20260,0,NA,7,R,R,0,0,0
67,M,2025/6/5,20275,0.5,NA,7,R,R,0,0,0
67,M,2025/6/5,20290,1,NA,7,R,R,0,0,0
67,M,2025/6/5,20305,1.5,NA,7,R,R,0,0,0
67,M,2025/6/5,20320,2,NA,7,R,R,0,0,0
67,M,2025/6/5,20335,2.5,NA,7,R,R,0,0,0
67,M,2025/6/5,20350,3,NA,7,R,R,0,0,0
67,M,2025/6/5,20365,3.5,NA,7,R,R,0,0,0
67,M,2025/6/5,20380,4,NA,7,R,R,0,0,0
67,M,2025/6/5,20395,4.5,0,7,R,R,1,0,0
67,M,2025/6/5,20410,5,0.5,7,R,R,1,0,0
67,M,2025/6/5,20425,5.5,1,7,R,R,1,0,0
67,M,2025/6/5,20440,6,1.5,7,R,R,1,0,0
67,M,2025/6/5,20455,6.5,2,7,R,R,1,0,0
67,M,2025/6/5,20470,7,2.5,7,R,R,1,0,0
67,M,2025/6/5,20485,7.5,3,7,R,R,1,0,0
67,M,2025/6/5,20500,8,3.5,7,R,R,1,0,0
67,M,2025/6/5,20515,8.5,4,7,R,R,1,0,0
67,M,2025/6/5,20530,9,4.5,7,R,R,1,0,0
67,M,2025/6/5,20545,9.5,5,7,R,R,1,0,0
67,M,2025/6/5,20560,10,5.5,7,R,R,1,0,0
67,M,2025/6/5,20575,10.5,6,7,R,R,1,0,0
67,M,2025/6/5,20590,11,6.5,7,R,R,1,0,0
67,M,2025/6/5,20605,11.5,7,7,R,R,1,0,0
67,M,2025/6/5,20620,12,7.5,7,R,R,1,0,0
67,M,2025/6/5,20635,12.5,8,7,R,R,1,0,0
67,M,2025/6/5,20650,13,8.5,7,R,R,1,0,0
67,M,2025/6/5,20665,13.5,9,7,R,R,1,0,0
67,M,2025/6/5,20680,14,9.5,7,R,R,1,0,0
67,M,2025/6/5,20695,14.5,10,7,R,R,1,0,0
67,M,2025/6/5,20710,15,10.5,7,R,R,1,0,0
67,M,2025/6/5,20725,15.5,11,7,R,R,1,0,0
67,M,2025/6/5,20740,16,11.5,7,R,R,1,0,0
67,M,2025/6/5,20755,16.5,12,7,R,R,1,0,0
67,M,2025/6/5,20770,17,12.5,7,R,R,1,0,0
67,M,2025/6/5,20785,17.5,13,7,R,R,1,0,0
67,M,2025/6/5,20800,18,13.5,7,R,R,1,0,0
67,M,2025/6/5,20815,18.5,14,7,R,R,1,1,0
67,M,2025/6/5,22625,0,NA,8,R,R,0,0,0
67,M,2025/6/5,22640,0.5,NA,8,R,R,0,0,0
67,M,2025/6/5,22655,1,NA,8,R,R,0,0,0
67,M,2025/6/5,22670,1.5,NA,8,R,R,0,0,0
67,M,2025/6/5,22685,2,NA,8,R,R,0,0,0
67,M,2025/6/5,22700,2.5,NA,8,R,R,0,0,0
67,M,2025/6/5,22715,3,NA,8,R,R,0,0,0
67,M,2025/6/5,22730,3.5,0,8,R,R,1,0,0
67,M,2025/6/5,22745,4,0.5,8,R,R,1,0,0
67,M,2025/6/5,22760,4.5,1,8,R,R,1,0,0
67,M,2025/6/5,22775,5,1.5,8,R,R,1,0,0
67,M,2025/6/5,22790,5.5,2,8,R,R,1,0,0
67,M,2025/6/5,22805,6,2.5,8,R,R,1,1,0
67,M,2025/6/5,24675,0,NA,9,R,NA,0,0,0
67,M,2025/6/5,24690,0.5,NA,9,R,NA,0,0,0
67,M,2025/6/5,24705,1,NA,9,R,NA,0,0,0
67,M,2025/6/5,24720,1.5,NA,9,R,NA,0,0,0
67,M,2025/6/5,24735,2,NA,9,R,NA,0,0,0
67,M,2025/6/5,24750,2.5,NA,9,R,NA,0,0,0
67,M,2025/6/5,24765,3,NA,9,R,NA,0,0,0
67,M,2025/6/5,24780,3.5,0,9,R,NA,1,0,0
67,M,2025/6/5,24795,4,0.5,9,R,NA,1,0,0
67,M,2025/6/5,24810,4.5,1,9,R,NA,1,0,0
67,M,2025/6/5,24825,5,1.5,9,R,NA,1,0,0
67,M,2025/6/5,24840,5.5,2,9,R,NA,1,0,0
67,M,2025/6/5,24855,6,2.5,9,R,NA,1,0,0
67,M,2025/6/5,24870,6.5,3,9,R,NA,1,0,0
67,M,2025/6/5,24885,7,3.5,9,R,NA,1,0,0
67,M,2025/6/5,24900,7.5,4,9,R,NA,1,0,0
67,M,2025/6/5,24915,8,4.5,9,R,NA,1,0,0
67,M,2025/6/5,24930,8.5,5,9,R,NA,1,0,1
67,M,2025/6/5,24945,9,5.5,9,R,NA,1,0,0
67,M,2025/6/5,24960,9.5,6,9,R,NA,1,0,0
67,M,2025/6/5,24975,10,6.5,9,R,NA,1,0,0
67,M,2025/6/5,24990,10.5,7,9,R,NA,1,0,0
67,M,2025/6/5,25005,11,7.5,9,R,NA,1,0,1
67,M,2025/6/5,25020,11.5,8,9,R,NA,1,0,0
67,M,2025/6/5,25035,12,8.5,9,R,NA,1,0,0
67,M,2025/6/5,25050,12.5,9,9,R,NA,1,0,0
67,M,2025/6/5,25065,13,9.5,9,R,NA,1,0,0
67,M,2025/6/5,25080,13.5,10,9,R,NA,1,0,0
67,M,2025/6/5,25095,14,10.5,9,R,NA,1,0,0
67,M,2025/6/5,25110,14.5,11,9,R,NA,1,0,0
67,M,2025/6/5,25125,15,11.5,9,R,NA,1,0,0
67,M,2025/6/5,25140,15.5,12,9,R,NA,1,0,0
67,M,2025/6/5,25155,16,12.5,9,R,NA,1,0,0
67,M,2025/6/5,25170,16.5,13,9,R,NA,1,0,0
67,M,2025/6/5,25185,17,13.5,9,R,NA,1,0,0
67,M,2025/6/5,25200,17.5,14,9,R,NA,1,0,0
67,M,2025/6/5,25215,18,14.5,9,R,NA,1,0,0
67,M,2025/6/5,25230,18.5,15,9,R,NA,1,0,0
67,M,2025/6/5,25245,19,15.5,9,R,NA,1,0,0
67,M,2025/6/5,25260,19.5,16,9,R,NA,1,0,0
67,M,2025/6/5,25275,20,16.5,9,R,NA,1,0,0
67,M,2025/6/5,25290,20.5,17,9,R,NA,1,0,0
67,M,2025/6/5,25305,21,17.5,9,R,NA,1,0,0
67,M,2025/6/5,25320,21.5,18,9,R,NA,1,0,0
67,M,2025/6/5,25335,22,18.5,9,R,NA,1,0,0
67,M,2025/6/5,25350,22.5,19,9,R,NA,1,0,0
67,M,2025/6/5,25365,23,19.5,9,R,NA,1,0,0
67,M,2025/6/5,25380,23.5,20,9,R,NA,1,0,0
67,M,2025/6/5,25395,24,20.5,9,R,NA,1,0,0
67,M,2025/6/5,25410,24.5,21,9,R,NA,1,0,0
67,M,2025/6/5,25425,25,21.5,9,R,NA,1,0,0
67,M,2025/6/5,25440,25.5,22,9,R,NA,1,0,0
67,M,2025/6/5,25455,26,22.5,9,R,NA,1,0,0
67,M,2025/6/5,25470,26.5,23,9,R,NA,1,0,0
67,M,2025/6/5,25485,27,23.5,9,R,NA,1,0,0
67,M,2025/6/5,25500,27.5,24,9,R,NA,1,0,0
67,M,2025/6/5,25515,28,24.5,9,R,NA,1,0,0
67,M,2025/6/5,25530,28.5,25,9,R,NA,1,0,0
67,M,2025/6/5,25545,29,25.5,9,R,NA,1,0,0
67,M,2025/6/5,25560,29.5,26,9,R,NA,1,0,0
67,M,2025/6/5,25575,30,26.5,9,R,NA,1,0,0
67,M,2025/6/5,25590,30.5,27,9,R,NA,1,0,0
67,M,2025/6/5,25605,31,27.5,9,R,NA,1,0,0
67,M,2025/6/5,25620,31.5,28,9,R,NA,1,0,0
67,M,2025/6/5,25635,32,28.5,9,R,NA,1,0,0
67,M,2025/6/5,25650,32.5,29,9,R,NA,1,0,0
67,M,2025/6/5,25665,33,29.5,9,R,NA,1,0,0
67,M,2025/6/5,25680,33.5,30,9,R,NA,1,0,0
67,M,2025/6/5,25695,34,30.5,9,R,NA,1,0,0
67,M,2025/6/5,25710,34.5,31,9,R,NA,1,0,0
67,M,2025/6/5,25725,35,31.5,9,R,NA,1,0,0
67,M,2025/6/5,25740,35.5,32,9,R,NA,1,0,0
67,M,2025/6/5,25755,36,32.5,9,R,NA,1,0,0
67,M,2025/6/5,25770,36.5,33,9,R,NA,1,0,0
67,M,2025/6/5,25785,37,33.5,9,R,NA,1,0,0
67,M,2025/6/5,25800,37.5,34,9,R,NA,1,0,0
67,M,2025/6/5,25815,38,34.5,9,R,NA,1,0,0
67,M,2025/6/5,25830,38.5,35,9,R,NA,1,0,0
67,M,2025/6/5,25845,39,35.5,9,R,NA,1,0,0
67,M,2025/6/5,25860,39.5,36,9,R,NA,1,0,0
67,M,2025/6/5,25875,40,36.5,9,R,NA,1,0,0
67,M,2025/6/5,25890,40.5,37,9,R,NA,1,0,0
67,M,2025/6/5,25905,41,37.5,9,R,NA,1,0,0
67,M,2025/6/5,25920,41.5,38,9,R,NA,1,0,0
67,M,2025/6/5,25935,42,38.5,9,R,NA,1,0,0
67,M,2025/6/5,25950,42.5,39,9,R,NA,1,0,0
67,M,2025/6/5,25965,43,39.5,9,R,NA,1,0,0
67,M,2025/6/5,25980,43.5,40,9,R,NA,1,0,0
67,M,2025/6/5,25995,44,40.5,9,R,NA,1,0,0
67,M,2025/6/5,26010,44.5,41,9,R,NA,1,0,0
67,M,2025/6/5,26025,45,41.5,9,R,NA,1,0,0
67,M,2025/6/5,26040,45.5,42,9,R,NA,1,0,0
67,M,2025/6/5,26055,46,42.5,9,R,NA,1,0,0
67,M,2025/6/5,26070,46.5,43,9,R,NA,1,0,0
67,M,2025/6/5,26085,47,43.5,9,R,NA,1,0,0
67,M,2025/6/5,26100,47.5,44,9,R,NA,1,0,0
67,M,2025/6/5,26115,48,44.5,9,R,NA,1,0,0
67,M,2025/6/5,26130,48.5,45,9,R,NA,1,0,0
67,M,2025/6/5,26145,49,45.5,9,R,NA,1,0,0
67,M,2025/6/5,26160,49.5,46,9,R,NA,1,0,0
67,M,2025/6/5,26175,50,46.5,9,R,NA,1,0,0
67,M,2025/6/5,26190,50.5,47,9,R,NA,1,0,0
67,M,2025/6/5,26205,51,47.5,9,R,NA,1,0,0
67,M,2025/6/5,26220,51.5,48,9,R,NA,1,0,0
67,M,2025/6/5,26235,52,48.5,9,R,NA,1,0,0
67,M,2025/6/5,26250,52.5,49,9,R,NA,1,0,0
67,M,2025/6/5,26265,53,49.5,9,R,NA,1,0,0
67,M,2025/6/5,26280,53.5,50,9,R,NA,1,0,0
67,M,2025/6/5,26295,54,50.5,9,R,NA,1,0,0
67,M,2025/6/5,26310,54.5,51,9,R,NA,1,0,0
67,M,2025/6/5,26325,55,51.5,9,R,NA,1,0,0
67,M,2025/6/5,26340,55.5,52,9,R,NA,1,0,0
67,M,2025/6/5,26355,56,52.5,9,R,NA,1,0,0
67,M,2025/6/5,26370,56.5,53,9,R,NA,1,0,0
67,M,2025/6/5,26385,57,53.5,9,R,NA,1,0,0
67,M,2025/6/5,26400,57.5,54,9,R,NA,1,0,0
67,M,2025/6/5,26415,58,54.5,9,R,NA,1,0,0
67,M,2025/6/5,26430,58.5,55,9,R,NA,1,0,0
67,M,2025/6/5,26445,59,55.5,9,R,NA,1,0,0
67,M,2025/6/5,26460,59.5,56,9,R,NA,1,0,0
67,M,2025/6/5,26475,60,56.5,9,R,NA,1,0,0
67,M,2025/6/5,26490,60.5,57,9,R,NA,1,0,0
67,M,2025/6/5,26505,61,57.5,9,R,NA,1,0,0
67,M,2025/6/5,26520,61.5,58,9,R,NA,1,0,0
67,M,2025/6/5,26535,62,58.5,9,R,NA,1,0,0
67,M,2025/6/5,26550,62.5,59,9,R,NA,1,0,0
67,M,2025/6/5,26565,63,59.5,9,R,NA,1,0,0
67,M,2025/6/5,26580,63.5,60,9,R,NA,1,0,0
67,M,2025/6/5,27370,0,NA,10,R,NA,0,0,0
67,M,2025/6/5,27385,0.5,NA,10,R,NA,0,0,0
67,M,2025/6/5,27400,1,NA,10,R,NA,0,0,0
67,M,2025/6/5,27415,1.5,NA,10,R,NA,0,0,0
67,M,2025/6/5,27430,2,NA,10,R,NA,0,0,0
67,M,2025/6/5,27445,2.5,NA,10,R,NA,0,0,0
67,M,2025/6/5,27460,3,NA,10,R,NA,0,0,0
67,M,2025/6/5,27475,3.5,NA,10,R,NA,0,0,0
67,M,2025/6/5,27490,4,0,10,R,NA,1,0,0
67,M,2025/6/5,27505,4.5,0.5,10,R,NA,1,0,0
67,M,2025/6/5,27520,5,1,10,R,NA,1,0,0
67,M,2025/6/5,27535,5.5,1.5,10,R,NA,1,0,0
67,M,2025/6/5,27550,6,2,10,R,NA,1,0,0
67,M,2025/6/5,27565,6.5,2.5,10,R,NA,1,0,0
67,M,2025/6/5,27580,7,3,10,R,NA,1,0,0
67,M,2025/6/5,27595,7.5,3.5,10,R,NA,1,0,0
67,M,2025/6/5,27610,8,4,10,R,NA,1,0,0
67,M,2025/6/5,27625,8.5,4.5,10,R,NA,1,0,0
67,M,2025/6/5,27640,9,5,10,R,NA,1,0,0
67,M,2025/6/5,27655,9.5,5.5,10,R,NA,1,0,0
67,M,2025/6/5,27670,10,6,10,R,NA,1,0,0
67,M,2025/6/5,27685,10.5,6.5,10,R,NA,1,0,0
67,M,2025/6/5,27700,11,7,10,R,NA,1,0,0
67,M,2025/6/5,27715,11.5,7.5,10,R,NA,1,0,0
67,M,2025/6/5,27730,12,8,10,R,NA,1,0,0
67,M,2025/6/5,27745,12.5,8.5,10,R,NA,1,0,0
67,M,2025/6/5,27760,13,9,10,R,NA,1,0,0
67,M,2025/6/5,27775,13.5,9.5,10,R,NA,1,0,0
67,M,2025/6/5,27790,14,10,10,R,NA,1,0,0
67,M,2025/6/5,27805,14.5,10.5,10,R,NA,1,0,0
67,M,2025/6/5,27820,15,11,10,R,NA,1,0,0
67,M,2025/6/5,27835,15.5,11.5,10,R,NA,1,0,0
67,M,2025/6/5,27850,16,12,10,R,NA,1,0,0
67,M,2025/6/5,27865,16.5,12.5,10,R,NA,1,0,0
67,M,2025/6/5,27880,17,13,10,R,NA,1,0,0
67,M,2025/6/5,27895,17.5,13.5,10,R,NA,1,0,0
67,M,2025/6/5,27910,18,14,10,R,NA,1,0,0
67,M,2025/6/5,27925,18.5,14.5,10,R,NA,1,0,0
67,M,2025/6/5,27940,19,15,10,R,NA,1,0,0
67,M,2025/6/5,27955,19.5,15.5,10,R,NA,1,0,0
67,M,2025/6/5,27970,20,16,10,R,NA,1,0,0
67,M,2025/6/5,27985,20.5,16.5,10,R,NA,1,0,0
67,M,2025/6/5,28000,21,17,10,R,NA,1,0,0
67,M,2025/6/5,28015,21.5,17.5,10,R,NA,1,0,0
67,M,2025/6/5,28030,22,18,10,R,NA,1,0,0
67,M,2025/6/5,28045,22.5,18.5,10,R,NA,1,0,0
67,M,2025/6/5,28060,23,19,10,R,NA,1,0,0
67,M,2025/6/5,28075,23.5,19.5,10,R,NA,1,0,0
67,M,2025/6/5,28090,24,20,10,R,NA,1,0,0
67,M,2025/6/5,28105,24.5,20.5,10,R,NA,1,0,0
67,M,2025/6/5,28120,25,21,10,R,NA,1,0,0
67,M,2025/6/5,28135,25.5,21.5,10,R,NA,1,0,0
67,M,2025/6/5,28150,26,22,10,R,NA,1,0,0
67,M,2025/6/5,28165,26.5,22.5,10,R,NA,1,0,0
67,M,2025/6/5,28180,27,23,10,R,NA,1,0,0
67,M,2025/6/5,28195,27.5,23.5,10,R,NA,1,0,0
67,M,2025/6/5,28210,28,24,10,R,NA,1,0,0
67,M,2025/6/5,28225,28.5,24.5,10,R,NA,1,0,0
67,M,2025/6/5,28240,29,25,10,R,NA,1,0,0
67,M,2025/6/5,28255,29.5,25.5,10,R,NA,1,0,0
67,M,2025/6/5,28270,30,26,10,R,NA,1,0,0
67,M,2025/6/5,28285,30.5,26.5,10,R,NA,1,0,0
67,M,2025/6/5,28300,31,27,10,R,NA,1,0,0
67,M,2025/6/5,28315,31.5,27.5,10,R,NA,1,0,0
67,M,2025/6/5,28330,32,28,10,R,NA,1,0,0
67,M,2025/6/5,28345,32.5,28.5,10,R,NA,1,0,0
67,M,2025/6/5,28360,33,29,10,R,NA,1,0,0
67,M,2025/6/5,28375,33.5,29.5,10,R,NA,1,0,0
67,M,2025/6/5,28390,34,30,10,R,NA,1,0,0
67,M,2025/6/5,28405,34.5,30.5,10,R,NA,1,0,0
67,M,2025/6/5,28420,35,31,10,R,NA,1,0,0
67,M,2025/6/5,28435,35.5,31.5,10,R,NA,1,0,0
67,M,2025/6/5,28450,36,32,10,R,NA,1,0,0
67,M,2025/6/5,28465,36.5,32.5,10,R,NA,1,0,0
67,M,2025/6/5,28480,37,33,10,R,NA,1,0,0
67,M,2025/6/5,28495,37.5,33.5,10,R,NA,1,0,0
67,M,2025/6/5,28510,38,34,10,R,NA,1,0,0
67,M,2025/6/5,28525,38.5,34.5,10,R,NA,1,0,0
67,M,2025/6/5,28540,39,35,10,R,NA,1,0,0
67,M,2025/6/5,28555,39.5,35.5,10,R,NA,1,0,0
67,M,2025/6/5,28570,40,36,10,R,NA,1,0,0
67,M,2025/6/5,28585,40.5,36.5,10,R,NA,1,0,0
67,M,2025/6/5,28600,41,37,10,R,NA,1,0,0
67,M,2025/6/5,28615,41.5,37.5,10,R,NA,1,0,0
67,M,2025/6/5,28630,42,38,10,R,NA,1,0,0
67,M,2025/6/5,28645,42.5,38.5,10,R,NA,1,0,0
67,M,2025/6/5,28660,43,39,10,R,NA,1,0,0
67,M,2025/6/5,28675,43.5,39.5,10,R,NA,1,0,0
67,M,2025/6/5,28690,44,40,10,R,NA,1,0,0
67,M,2025/6/5,28705,44.5,40.5,10,R,NA,1,0,0
67,M,2025/6/5,28720,45,41,10,R,NA,1,0,0
67,M,2025/6/5,28735,45.5,41.5,10,R,NA,1,0,0
67,M,2025/6/5,28750,46,42,10,R,NA,1,0,0
67,M,2025/6/5,28765,46.5,42.5,10,R,NA,1,0,0
67,M,2025/6/5,28780,47,43,10,R,NA,1,0,0
67,M,2025/6/5,28795,47.5,43.5,10,R,NA,1,0,0
67,M,2025/6/5,28810,48,44,10,R,NA,1,0,0
67,M,2025/6/5,28825,48.5,44.5,10,R,NA,1,0,0
67,M,2025/6/5,28840,49,45,10,R,NA,1,0,0
67,M,2025/6/5,28855,49.5,45.5,10,R,NA,1,0,0
67,M,2025/6/5,28870,50,46,10,R,NA,1,0,0
67,M,2025/6/5,28885,50.5,46.5,10,R,NA,1,0,0
67,M,2025/6/5,28900,51,47,10,R,NA,1,0,0
67,M,2025/6/5,28915,51.5,47.5,10,R,NA,1,0,0
67,M,2025/6/5,28930,52,48,10,R,NA,1,0,0
67,M,2025/6/5,28945,52.5,48.5,10,R,NA,1,0,0
67,M,2025/6/5,28960,53,49,10,R,NA,1,0,0
67,M,2025/6/5,28975,53.5,49.5,10,R,NA,1,0,0
67,M,2025/6/5,28990,54,50,10,R,NA,1,0,0
67,M,2025/6/5,29005,54.5,50.5,10,R,NA,1,0,0
67,M,2025/6/5,29020,55,51,10,R,NA,1,0,0
67,M,2025/6/5,29035,55.5,51.5,10,R,NA,1,0,0
67,M,2025/6/5,29050,56,52,10,R,NA,1,0,0
67,M,2025/6/5,29065,56.5,52.5,10,R,NA,1,0,0
67,M,2025/6/5,29080,57,53,10,R,NA,1,0,0
67,M,2025/6/5,29095,57.5,53.5,10,R,NA,1,0,0
67,M,2025/6/5,29110,58,54,10,R,NA,1,0,0
67,M,2025/6/5,29125,58.5,54.5,10,R,NA,1,0,0
67,M,2025/6/5,29140,59,55,10,R,NA,1,0,0
67,M,2025/6/5,29155,59.5,55.5,10,R,NA,1,0,0
67,M,2025/6/5,29170,60,56,10,R,NA,1,0,0
67,M,2025/6/5,29185,60.5,56.5,10,R,NA,1,0,0
67,M,2025/6/5,29200,61,57,10,R,NA,1,0,0
67,M,2025/6/5,29215,61.5,57.5,10,R,NA,1,0,0
67,M,2025/6/5,29230,62,58,10,R,NA,1,0,0
67,M,2025/6/5,29245,62.5,58.5,10,R,NA,1,0,0
67,M,2025/6/5,29260,63,59,10,R,NA,1,0,0
67,M,2025/6/5,29275,63.5,59.5,10,R,NA,1,0,0
67,M,2025/6/5,29290,64,60,10,R,NA,1,0,0
60,F,2025/6/6,3885,0,NA,1,L,L,0,0,0
60,F,2025/6/6,3900,0.5,NA,1,L,L,0,0,0
60,F,2025/6/6,3915,1,NA,1,L,L,0,0,0
60,F,2025/6/6,3930,1.5,NA,1,L,L,0,0,0
60,F,2025/6/6,3945,2,NA,1,L,L,0,0,0
60,F,2025/6/6,3960,2.5,0,1,L,L,1,0,0
60,F,2025/6/6,3975,3,0.5,1,L,L,1,0,0
60,F,2025/6/6,3990,3.5,1,1,L,L,1,0,0
60,F,2025/6/6,4005,4,1.5,1,L,L,1,0,1
60,F,2025/6/6,4020,4.5,2,1,L,L,1,0,3
60,F,2025/6/6,4035,5,2.5,1,L,L,1,0,1
60,F,2025/6/6,4050,5.5,3,1,L,L,1,0,2
60,F,2025/6/6,4065,6,3.5,1,L,L,1,0,2
60,F,2025/6/6,4080,6.5,4,1,L,L,1,0,1
60,F,2025/6/6,4095,7,4.5,1,L,L,1,1,0
60,F,2025/6/6,5805,0,NA,2,L,L,0,0,0
60,F,2025/6/6,5820,0.5,NA,2,L,L,0,0,0
60,F,2025/6/6,5835,1,NA,2,L,L,0,0,0
60,F,2025/6/6,5850,1.5,NA,2,L,L,0,0,0
60,F,2025/6/6,5865,2,NA,2,L,L,0,0,0
60,F,2025/6/6,5880,2.5,NA,2,L,L,0,0,0
60,F,2025/6/6,5895,3,NA,2,L,L,0,0,0
60,F,2025/6/6,5910,3.5,NA,2,L,L,0,0,0
60,F,2025/6/6,5925,4,NA,2,L,L,0,0,0
60,F,2025/6/6,5940,4.5,NA,2,L,L,0,0,0
60,F,2025/6/6,5955,5,NA,2,L,L,0,0,0
60,F,2025/6/6,5970,5.5,NA,2,L,L,0,0,0
60,F,2025/6/6,5985,6,0,2,L,L,1,0,0
60,F,2025/6/6,6000,6.5,0.5,2,L,L,1,0,0
60,F,2025/6/6,6015,7,1,2,L,L,1,0,0
60,F,2025/6/6,6030,7.5,1.5,2,L,L,1,0,0
60,F,2025/6/6,6045,8,2,2,L,L,1,0,0
60,F,2025/6/6,6060,8.5,2.5,2,L,L,1,0,0
60,F,2025/6/6,6075,9,3,2,L,L,1,0,0
60,F,2025/6/6,6090,9.5,3.5,2,L,L,1,0,1
60,F,2025/6/6,6105,10,4,2,L,L,1,0,2
60,F,2025/6/6,6120,10.5,4.5,2,L,L,1,0,2
60,F,2025/6/6,6135,11,5,2,L,L,1,0,2
60,F,2025/6/6,6150,11.5,5.5,2,L,L,1,0,0
60,F,2025/6/6,6165,12,6,2,L,L,1,0,3
60,F,2025/6/6,6180,12.5,6.5,2,L,L,1,0,0
60,F,2025/6/6,6195,13,7,2,L,L,1,0,1
60,F,2025/6/6,6210,13.5,7.5,2,L,L,1,0,0
60,F,2025/6/6,6225,14,8,2,L,L,1,0,1
60,F,2025/6/6,6240,14.5,8.5,2,L,L,1,0,0
60,F,2025/6/6,6255,15,9,2,L,L,1,0,1
60,F,2025/6/6,6270,15.5,9.5,2,L,L,1,0,0
60,F,2025/6/6,6285,16,10,2,L,L,1,0,0
60,F,2025/6/6,6300,16.5,10.5,2,L,L,1,1,0
60,F,2025/6/6,7630,0,NA,3,L,L,0,0,0
60,F,2025/6/6,7645,0.5,NA,3,L,L,0,0,0
60,F,2025/6/6,7660,1,NA,3,L,L,0,0,0
60,F,2025/6/6,7675,1.5,NA,3,L,L,0,0,0
60,F,2025/6/6,7690,2,NA,3,L,L,0,0,0
60,F,2025/6/6,7705,2.5,NA,3,L,L,0,0,0
60,F,2025/6/6,7720,3,NA,3,L,L,0,0,0
60,F,2025/6/6,7735,3.5,NA,3,L,L,0,0,0
60,F,2025/6/6,7750,4,NA,3,L,L,0,0,0
60,F,2025/6/6,7765,4.5,0,3,L,L,1,0,0
60,F,2025/6/6,7780,5,0.5,3,L,L,1,0,0
60,F,2025/6/6,7795,5.5,1,3,L,L,1,0,0
60,F,2025/6/6,7810,6,1.5,3,L,L,1,0,0
60,F,2025/6/6,7825,6.5,2,3,L,L,1,0,0
60,F,2025/6/6,7840,7,2.5,3,L,L,1,0,0
60,F,2025/6/6,7855,7.5,3,3,L,L,1,0,2
60,F,2025/6/6,7870,8,3.5,3,L,L,1,0,2
60,F,2025/6/6,7885,8.5,4,3,L,L,1,0,1
60,F,2025/6/6,7900,9,4.5,3,L,L,1,0,1
60,F,2025/6/6,7915,9.5,5,3,L,L,1,0,1
60,F,2025/6/6,7930,10,5.5,3,L,L,1,0,0
60,F,2025/6/6,7945,10.5,6,3,L,L,1,0,1
60,F,2025/6/6,7960,11,6.5,3,L,L,1,0,0
60,F,2025/6/6,7975,11.5,7,3,L,L,1,0,1
60,F,2025/6/6,7990,12,7.5,3,L,L,1,0,1
60,F,2025/6/6,8005,12.5,8,3,L,L,1,0,1
60,F,2025/6/6,8020,13,8.5,3,L,L,1,0,1
60,F,2025/6/6,8035,13.5,9,3,L,L,1,0,1
60,F,2025/6/6,8050,14,9.5,3,L,L,1,1,0
60,F,2025/6/6,9295,0,NA,4,L,L,0,0,0
60,F,2025/6/6,9310,0.5,NA,4,L,L,0,0,0
60,F,2025/6/6,9325,1,NA,4,L,L,0,0,0
60,F,2025/6/6,9340,1.5,NA,4,L,L,0,0,0
60,F,2025/6/6,9355,2,NA,4,L,L,0,0,0
60,F,2025/6/6,9370,2.5,NA,4,L,L,0,0,0
60,F,2025/6/6,9385,3,NA,4,L,L,0,0,0
60,F,2025/6/6,9400,3.5,NA,4,L,L,0,0,0
60,F,2025/6/6,9415,4,NA,4,L,L,0,0,0
60,F,2025/6/6,9430,4.5,0,4,L,L,1,0,0
60,F,2025/6/6,9445,5,0.5,4,L,L,1,0,0
60,F,2025/6/6,9460,5.5,1,4,L,L,1,0,0
60,F,2025/6/6,9475,6,1.5,4,L,L,1,0,0
60,F,2025/6/6,9490,6.5,2,4,L,L,1,0,1
60,F,2025/6/6,9505,7,2.5,4,L,L,1,0,1
60,F,2025/6/6,9520,7.5,3,4,L,L,1,0,3
60,F,2025/6/6,9535,8,3.5,4,L,L,1,0,1
60,F,2025/6/6,9550,8.5,4,4,L,L,1,0,1
60,F,2025/6/6,9565,9,4.5,4,L,L,1,0,2
60,F,2025/6/6,9580,9.5,5,4,L,L,1,0,0
60,F,2025/6/6,9595,10,5.5,4,L,L,1,0,0
60,F,2025/6/6,9610,10.5,6,4,L,L,1,0,0
60,F,2025/6/6,9625,11,6.5,4,L,L,1,0,0
60,F,2025/6/6,9640,11.5,7,4,L,L,1,0,0
60,F,2025/6/6,9655,12,7.5,4,L,L,1,0,2
60,F,2025/6/6,9670,12.5,8,4,L,L,1,0,0
60,F,2025/6/6,9685,13,8.5,4,L,L,1,0,0
60,F,2025/6/6,9700,13.5,9,4,L,L,1,0,0
60,F,2025/6/6,9715,14,9.5,4,L,L,1,0,0
60,F,2025/6/6,9730,14.5,10,4,L,L,1,0,0
60,F,2025/6/6,9745,15,10.5,4,L,L,1,0,1
60,F,2025/6/6,9760,15.5,11,4,L,L,1,0,0
60,F,2025/6/6,9775,16,11.5,4,L,L,1,0,0
60,F,2025/6/6,9790,16.5,12,4,L,L,1,0,0
60,F,2025/6/6,9805,17,12.5,4,L,L,1,0,0
60,F,2025/6/6,9820,17.5,13,4,L,L,1,0,0
60,F,2025/6/6,9835,18,13.5,4,L,L,1,0,0
60,F,2025/6/6,9850,18.5,14,4,L,L,1,0,0
60,F,2025/6/6,9865,19,14.5,4,L,L,1,0,0
60,F,2025/6/6,9880,19.5,15,4,L,L,1,0,0
60,F,2025/6/6,9895,20,15.5,4,L,L,1,0,0
60,F,2025/6/6,9910,20.5,16,4,L,L,1,0,0
60,F,2025/6/6,9925,21,16.5,4,L,L,1,0,0
60,F,2025/6/6,9940,21.5,17,4,L,L,1,0,0
60,F,2025/6/6,9955,22,17.5,4,L,L,1,0,0
60,F,2025/6/6,9970,22.5,18,4,L,L,1,0,0
60,F,2025/6/6,9985,23,18.5,4,L,L,1,0,0
60,F,2025/6/6,10000,23.5,19,4,L,L,1,0,0
60,F,2025/6/6,10015,24,19.5,4,L,L,1,0,0
60,F,2025/6/6,10030,24.5,20,4,L,L,1,0,0
60,F,2025/6/6,10045,25,20.5,4,L,L,1,0,0
60,F,2025/6/6,10060,25.5,21,4,L,L,1,0,0
60,F,2025/6/6,10075,26,21.5,4,L,L,1,0,0
60,F,2025/6/6,10090,26.5,22,4,L,L,1,0,0
60,F,2025/6/6,10105,27,22.5,4,L,L,1,0,0
60,F,2025/6/6,10120,27.5,23,4,L,L,1,0,0
60,F,2025/6/6,10135,28,23.5,4,L,L,1,0,0
60,F,2025/6/6,10150,28.5,24,4,L,L,1,0,0
60,F,2025/6/6,10165,29,24.5,4,L,L,1,0,0
60,F,2025/6/6,10180,29.5,25,4,L,L,1,0,0
60,F,2025/6/6,10195,30,25.5,4,L,L,1,0,0
60,F,2025/6/6,10210,30.5,26,4,L,L,1,0,0
60,F,2025/6/6,10225,31,26.5,4,L,L,1,0,0
60,F,2025/6/6,10240,31.5,27,4,L,L,1,0,0
60,F,2025/6/6,10255,32,27.5,4,L,L,1,0,0
60,F,2025/6/6,10270,32.5,28,4,L,L,1,0,0
60,F,2025/6/6,10285,33,28.5,4,L,L,1,0,0
60,F,2025/6/6,10300,33.5,29,4,L,L,1,0,0
60,F,2025/6/6,10315,34,29.5,4,L,L,1,0,0
60,F,2025/6/6,10330,34.5,30,4,L,L,1,0,0
60,F,2025/6/6,10345,35,30.5,4,L,L,1,0,0
60,F,2025/6/6,10360,35.5,31,4,L,L,1,0,0
60,F,2025/6/6,10375,36,31.5,4,L,L,1,0,0
60,F,2025/6/6,10390,36.5,32,4,L,L,1,0,0
60,F,2025/6/6,10405,37,32.5,4,L,L,1,0,0
60,F,2025/6/6,10420,37.5,33,4,L,L,1,0,0
60,F,2025/6/6,10435,38,33.5,4,L,L,1,0,0
60,F,2025/6/6,10450,38.5,34,4,L,L,1,0,0
60,F,2025/6/6,10465,39,34.5,4,L,L,1,0,0
60,F,2025/6/6,10480,39.5,35,4,L,L,1,0,0
60,F,2025/6/6,10495,40,35.5,4,L,L,1,0,0
60,F,2025/6/6,10510,40.5,36,4,L,L,1,0,0
60,F,2025/6/6,10525,41,36.5,4,L,L,1,0,0
60,F,2025/6/6,10540,41.5,37,4,L,L,1,0,0
60,F,2025/6/6,10555,42,37.5,4,L,L,1,0,1
60,F,2025/6/6,10570,42.5,38,4,L,L,1,0,0
60,F,2025/6/6,10585,43,38.5,4,L,L,1,0,0
60,F,2025/6/6,10600,43.5,39,4,L,L,1,0,0
60,F,2025/6/6,10615,44,39.5,4,L,L,1,0,0
60,F,2025/6/6,10630,44.5,40,4,L,L,1,0,0
60,F,2025/6/6,10645,45,40.5,4,L,L,1,0,0
60,F,2025/6/6,10660,45.5,41,4,L,L,1,0,0
60,F,2025/6/6,10675,46,41.5,4,L,L,1,0,0
60,F,2025/6/6,10690,46.5,42,4,L,L,1,0,0
60,F,2025/6/6,10705,47,42.5,4,L,L,1,0,0
60,F,2025/6/6,10720,47.5,43,4,L,L,1,0,0
60,F,2025/6/6,10735,48,43.5,4,L,L,1,0,0
60,F,2025/6/6,10750,48.5,44,4,L,L,1,0,0
60,F,2025/6/6,10765,49,44.5,4,L,L,1,0,0
60,F,2025/6/6,10780,49.5,45,4,L,L,1,0,0
60,F,2025/6/6,10795,50,45.5,4,L,L,1,0,0
60,F,2025/6/6,10810,50.5,46,4,L,L,1,0,0
60,F,2025/6/6,10825,51,46.5,4,L,L,1,0,0
60,F,2025/6/6,10840,51.5,47,4,L,L,1,0,0
60,F,2025/6/6,10855,52,47.5,4,L,L,1,0,0
60,F,2025/6/6,10870,52.5,48,4,L,L,1,0,0
60,F,2025/6/6,10885,53,48.5,4,L,L,1,1,0
60,F,2025/6/6,12070,0,NA,5,L,L,0,0,0
60,F,2025/6/6,12085,0.5,NA,5,L,L,0,0,0
60,F,2025/6/6,12100,1,NA,5,L,L,0,0,0
60,F,2025/6/6,12115,1.5,NA,5,L,L,0,0,0
60,F,2025/6/6,12130,2,NA,5,L,L,0,0,0
60,F,2025/6/6,12145,2.5,NA,5,L,L,0,0,0
60,F,2025/6/6,12160,3,0,5,L,L,1,0,1
60,F,2025/6/6,12175,3.5,0.5,5,L,L,1,0,0
60,F,2025/6/6,12190,4,1,5,L,L,1,0,0
60,F,2025/6/6,12205,4.5,1.5,5,L,L,1,0,1
60,F,2025/6/6,12220,5,2,5,L,L,1,0,0
60,F,2025/6/6,12235,5.5,2.5,5,L,L,1,0,1
60,F,2025/6/6,12250,6,3,5,L,L,1,0,0
60,F,2025/6/6,12265,6.5,3.5,5,L,L,1,0,0
60,F,2025/6/6,12280,7,4,5,L,L,1,0,0
60,F,2025/6/6,12295,7.5,4.5,5,L,L,1,0,0
60,F,2025/6/6,12310,8,5,5,L,L,1,0,0
60,F,2025/6/6,12325,8.5,5.5,5,L,L,1,0,0
60,F,2025/6/6,12340,9,6,5,L,L,1,0,0
60,F,2025/6/6,12355,9.5,6.5,5,L,L,1,0,2
60,F,2025/6/6,12370,10,7,5,L,L,1,0,0
60,F,2025/6/6,12385,10.5,7.5,5,L,L,1,0,0
60,F,2025/6/6,12400,11,8,5,L,L,1,0,1
60,F,2025/6/6,12415,11.5,8.5,5,L,L,1,0,0
60,F,2025/6/6,12430,12,9,5,L,L,1,0,0
60,F,2025/6/6,12445,12.5,9.5,5,L,L,1,1,0
60,F,2025/6/6,14025,0,NA,6,R,L,0,0,0
60,F,2025/6/6,14040,0.5,NA,6,R,L,0,0,0
60,F,2025/6/6,14055,1,NA,6,R,L,0,0,0
60,F,2025/6/6,14070,1.5,NA,6,R,L,0,0,0
60,F,2025/6/6,14085,2,NA,6,R,L,0,0,0
60,F,2025/6/6,14100,2.5,NA,6,R,L,0,0,0
60,F,2025/6/6,14115,3,NA,6,R,L,0,0,0
60,F,2025/6/6,14130,3.5,NA,6,R,L,0,0,0
60,F,2025/6/6,14145,4,NA,6,R,L,0,0,0
60,F,2025/6/6,14160,4.5,NA,6,R,L,0,0,0
60,F,2025/6/6,14175,5,NA,6,R,L,0,0,0
60,F,2025/6/6,14190,5.5,NA,6,R,L,0,0,0
60,F,2025/6/6,14205,6,NA,6,R,L,0,0,0
60,F,2025/6/6,14220,6.5,0,6,R,L,1,0,0
60,F,2025/6/6,14235,7,0.5,6,R,L,1,0,0
60,F,2025/6/6,14250,7.5,1,6,R,L,1,0,0
60,F,2025/6/6,14265,8,1.5,6,R,L,1,0,0
60,F,2025/6/6,14280,8.5,2,6,R,L,1,0,0
60,F,2025/6/6,14295,9,2.5,6,R,L,1,0,0
60,F,2025/6/6,14310,9.5,3,6,R,L,1,0,1
60,F,2025/6/6,14325,10,3.5,6,R,L,1,0,2
60,F,2025/6/6,14340,10.5,4,6,R,L,1,0,1
60,F,2025/6/6,14355,11,4.5,6,R,L,1,0,0
60,F,2025/6/6,14370,11.5,5,6,R,L,1,0,0
60,F,2025/6/6,14385,12,5.5,6,R,L,1,0,0
60,F,2025/6/6,14400,12.5,6,6,R,L,1,0,0
60,F,2025/6/6,14415,13,6.5,6,R,L,1,0,0
60,F,2025/6/6,14430,13.5,7,6,R,L,1,0,0
60,F,2025/6/6,14445,14,7.5,6,R,L,1,0,0
60,F,2025/6/6,14460,14.5,8,6,R,L,1,0,0
60,F,2025/6/6,14475,15,8.5,6,R,L,1,0,0
60,F,2025/6/6,14490,15.5,9,6,R,L,1,0,0
60,F,2025/6/6,14505,16,9.5,6,R,L,1,0,0
60,F,2025/6/6,14520,16.5,10,6,R,L,1,0,0
60,F,2025/6/6,14535,17,10.5,6,R,L,1,0,0
60,F,2025/6/6,14550,17.5,11,6,R,L,1,0,0
60,F,2025/6/6,14565,18,11.5,6,R,L,1,0,0
60,F,2025/6/6,14580,18.5,12,6,R,L,1,0,0
60,F,2025/6/6,14595,19,12.5,6,R,L,1,0,0
60,F,2025/6/6,14610,19.5,13,6,R,L,1,0,0
60,F,2025/6/6,14625,20,13.5,6,R,L,1,0,0
60,F,2025/6/6,14640,20.5,14,6,R,L,1,0,0
60,F,2025/6/6,14655,21,14.5,6,R,L,1,0,0
60,F,2025/6/6,14670,21.5,15,6,R,L,1,0,0
60,F,2025/6/6,14685,22,15.5,6,R,L,1,0,0
60,F,2025/6/6,14700,22.5,16,6,R,L,1,0,0
60,F,2025/6/6,14715,23,16.5,6,R,L,1,0,0
60,F,2025/6/6,14730,23.5,17,6,R,L,1,0,0
60,F,2025/6/6,14745,24,17.5,6,R,L,1,0,0
60,F,2025/6/6,14760,24.5,18,6,R,L,1,0,0
60,F,2025/6/6,14775,25,18.5,6,R,L,1,0,0
60,F,2025/6/6,14790,25.5,19,6,R,L,1,0,0
60,F,2025/6/6,14805,26,19.5,6,R,L,1,0,0
60,F,2025/6/6,14820,26.5,20,6,R,L,1,0,0
60,F,2025/6/6,14835,27,20.5,6,R,L,1,0,0
60,F,2025/6/6,14850,27.5,21,6,R,L,1,0,0
60,F,2025/6/6,14865,28,21.5,6,R,L,1,0,0
60,F,2025/6/6,14880,28.5,22,6,R,L,1,0,0
60,F,2025/6/6,14895,29,22.5,6,R,L,1,0,0
60,F,2025/6/6,14910,29.5,23,6,R,L,1,0,0
60,F,2025/6/6,14925,30,23.5,6,R,L,1,0,0
60,F,2025/6/6,14940,30.5,24,6,R,L,1,0,0
60,F,2025/6/6,14955,31,24.5,6,R,L,1,0,0
60,F,2025/6/6,14970,31.5,25,6,R,L,1,0,0
60,F,2025/6/6,14985,32,25.5,6,R,L,1,0,0
60,F,2025/6/6,15000,32.5,26,6,R,L,1,0,0
60,F,2025/6/6,15015,33,26.5,6,R,L,1,0,0
60,F,2025/6/6,15030,33.5,27,6,R,L,1,0,0
60,F,2025/6/6,15045,34,27.5,6,R,L,1,0,0
60,F,2025/6/6,15060,34.5,28,6,R,L,1,0,0
60,F,2025/6/6,15075,35,28.5,6,R,L,1,0,0
60,F,2025/6/6,15090,35.5,29,6,R,L,1,0,0
60,F,2025/6/6,15105,36,29.5,6,R,L,1,0,0
60,F,2025/6/6,15120,36.5,30,6,R,L,1,0,0
60,F,2025/6/6,15135,37,30.5,6,R,L,1,0,0
60,F,2025/6/6,15150,37.5,31,6,R,L,1,0,0
60,F,2025/6/6,15165,38,31.5,6,R,L,1,0,0
60,F,2025/6/6,15180,38.5,32,6,R,L,1,0,0
60,F,2025/6/6,15195,39,32.5,6,R,L,1,0,0
60,F,2025/6/6,15210,39.5,33,6,R,L,1,0,0
60,F,2025/6/6,15225,40,33.5,6,R,L,1,0,0
60,F,2025/6/6,15240,40.5,34,6,R,L,1,0,0
60,F,2025/6/6,15255,41,34.5,6,R,L,1,0,0
60,F,2025/6/6,15270,41.5,35,6,R,L,1,0,0
60,F,2025/6/6,15285,42,35.5,6,R,L,1,0,0
60,F,2025/6/6,15300,42.5,36,6,R,L,1,0,0
60,F,2025/6/6,15315,43,36.5,6,R,L,1,0,0
60,F,2025/6/6,15330,43.5,37,6,R,L,1,0,0
60,F,2025/6/6,15345,44,37.5,6,R,L,1,0,0
60,F,2025/6/6,15360,44.5,38,6,R,L,1,0,0
60,F,2025/6/6,15375,45,38.5,6,R,L,1,0,0
60,F,2025/6/6,15390,45.5,39,6,R,L,1,0,0
60,F,2025/6/6,15405,46,39.5,6,R,L,1,0,0
60,F,2025/6/6,15420,46.5,40,6,R,L,1,0,0
60,F,2025/6/6,15435,47,40.5,6,R,L,1,0,0
60,F,2025/6/6,15450,47.5,41,6,R,L,1,0,0
60,F,2025/6/6,15465,48,41.5,6,R,L,1,0,0
60,F,2025/6/6,15480,48.5,42,6,R,L,1,0,0
60,F,2025/6/6,15495,49,42.5,6,R,L,1,0,0
60,F,2025/6/6,15510,49.5,43,6,R,L,1,0,0
60,F,2025/6/6,15525,50,43.5,6,R,L,1,0,0
60,F,2025/6/6,15540,50.5,44,6,R,L,1,0,0
60,F,2025/6/6,15555,51,44.5,6,R,L,1,0,0
60,F,2025/6/6,15570,51.5,45,6,R,L,1,0,0
60,F,2025/6/6,15585,52,45.5,6,R,L,1,0,0
60,F,2025/6/6,15600,52.5,46,6,R,L,1,0,0
60,F,2025/6/6,15615,53,46.5,6,R,L,1,0,0
60,F,2025/6/6,15630,53.5,47,6,R,L,1,0,0
60,F,2025/6/6,15645,54,47.5,6,R,L,1,0,0
60,F,2025/6/6,15660,54.5,48,6,R,L,1,0,0
60,F,2025/6/6,15675,55,48.5,6,R,L,1,0,0
60,F,2025/6/6,15690,55.5,49,6,R,L,1,0,1
60,F,2025/6/6,15705,56,49.5,6,R,L,1,0,0
60,F,2025/6/6,15720,56.5,50,6,R,L,1,0,1
60,F,2025/6/6,15735,57,50.5,6,R,L,1,0,0
60,F,2025/6/6,15750,57.5,51,6,R,L,1,0,0
60,F,2025/6/6,15765,58,51.5,6,R,L,1,1,0
60,F,2025/6/6,16590,0,NA,7,R,L,0,0,0
60,F,2025/6/6,16605,0.5,NA,7,R,L,0,0,0
60,F,2025/6/6,16620,1,NA,7,R,L,0,0,0
60,F,2025/6/6,16635,1.5,NA,7,R,L,0,0,0
60,F,2025/6/6,16650,2,NA,7,R,L,0,0,0
60,F,2025/6/6,16665,2.5,NA,7,R,L,0,0,0
60,F,2025/6/6,16680,3,NA,7,R,L,0,0,0
60,F,2025/6/6,16695,3.5,NA,7,R,L,0,0,0
60,F,2025/6/6,16710,4,NA,7,R,L,0,0,0
60,F,2025/6/6,16725,4.5,0,7,R,L,1,0,0
60,F,2025/6/6,16740,5,0.5,7,R,L,1,0,0
60,F,2025/6/6,16755,5.5,1,7,R,L,1,0,0
60,F,2025/6/6,16770,6,1.5,7,R,L,1,0,0
60,F,2025/6/6,16785,6.5,2,7,R,L,1,0,0
60,F,2025/6/6,16800,7,2.5,7,R,L,1,0,0
60,F,2025/6/6,16815,7.5,3,7,R,L,1,0,0
60,F,2025/6/6,16830,8,3.5,7,R,L,1,0,0
60,F,2025/6/6,16845,8.5,4,7,R,L,1,0,0
60,F,2025/6/6,16860,9,4.5,7,R,L,1,0,0
60,F,2025/6/6,16875,9.5,5,7,R,L,1,0,1
60,F,2025/6/6,16890,10,5.5,7,R,L,1,0,1
60,F,2025/6/6,16905,10.5,6,7,R,L,1,0,0
60,F,2025/6/6,16920,11,6.5,7,R,L,1,1,0
60,F,2025/6/6,18035,0,NA,8,R,R,0,0,0
60,F,2025/6/6,18050,0.5,NA,8,R,R,0,0,0
60,F,2025/6/6,18065,1,NA,8,R,R,0,0,0
60,F,2025/6/6,18080,1.5,NA,8,R,R,0,0,0
60,F,2025/6/6,18095,2,NA,8,R,R,0,0,0
60,F,2025/6/6,18110,2.5,NA,8,R,R,0,0,0
60,F,2025/6/6,18125,3,NA,8,R,R,0,0,0
60,F,2025/6/6,18140,3.5,NA,8,R,R,0,0,0
60,F,2025/6/6,18155,4,NA,8,R,R,0,0,0
60,F,2025/6/6,18170,4.5,NA,8,R,R,0,0,0
60,F,2025/6/6,18185,5,NA,8,R,R,0,0,0
60,F,2025/6/6,18200,5.5,0,8,R,R,1,0,0
60,F,2025/6/6,18215,6,0.5,8,R,R,1,0,0
60,F,2025/6/6,18230,6.5,1,8,R,R,1,0,0
60,F,2025/6/6,18245,7,1.5,8,R,R,1,0,0
60,F,2025/6/6,18260,7.5,2,8,R,R,1,0,0
60,F,2025/6/6,18275,8,2.5,8,R,R,1,0,0
60,F,2025/6/6,18290,8.5,3,8,R,R,1,0,0
60,F,2025/6/6,18305,9,3.5,8,R,R,1,0,0
60,F,2025/6/6,18320,9.5,4,8,R,R,1,0,2
60,F,2025/6/6,18335,10,4.5,8,R,R,1,0,2
60,F,2025/6/6,18350,10.5,5,8,R,R,1,0,1
60,F,2025/6/6,18365,11,5.5,8,R,R,1,0,0
60,F,2025/6/6,18380,11.5,6,8,R,R,1,0,0
60,F,2025/6/6,18395,12,6.5,8,R,R,1,0,2
60,F,2025/6/6,18410,12.5,7,8,R,R,1,0,2
60,F,2025/6/6,18425,13,7.5,8,R,R,1,0,1
60,F,2025/6/6,18440,13.5,8,8,R,R,1,0,0
60,F,2025/6/6,18455,14,8.5,8,R,R,1,0,2
60,F,2025/6/6,18470,14.5,9,8,R,R,1,0,0
60,F,2025/6/6,18485,15,9.5,8,R,R,1,0,0
60,F,2025/6/6,18500,15.5,10,8,R,R,1,0,0
60,F,2025/6/6,18515,16,10.5,8,R,R,1,0,0
60,F,2025/6/6,18530,16.5,11,8,R,R,1,0,0
60,F,2025/6/6,18545,17,11.5,8,R,R,1,0,0
60,F,2025/6/6,18560,17.5,12,8,R,R,1,0,0
60,F,2025/6/6,18575,18,12.5,8,R,R,1,1,0
60,F,2025/6/6,21000,0,NA,9,R,L,0,0,0
60,F,2025/6/6,21015,0.5,NA,9,R,L,0,0,0
60,F,2025/6/6,21030,1,NA,9,R,L,0,0,0
60,F,2025/6/6,21045,1.5,NA,9,R,L,0,0,0
60,F,2025/6/6,21060,2,NA,9,R,L,0,0,0
60,F,2025/6/6,21075,2.5,NA,9,R,L,0,0,0
60,F,2025/6/6,21090,3,NA,9,R,L,0,0,0
60,F,2025/6/6,21105,3.5,0,9,R,L,1,0,0
60,F,2025/6/6,21120,4,0.5,9,R,L,1,0,0
60,F,2025/6/6,21135,4.5,1,9,R,L,1,0,0
60,F,2025/6/6,21150,5,1.5,9,R,L,1,0,0
60,F,2025/6/6,21165,5.5,2,9,R,L,1,0,1
60,F,2025/6/6,21180,6,2.5,9,R,L,1,0,0
60,F,2025/6/6,21195,6.5,3,9,R,L,1,0,0
60,F,2025/6/6,21210,7,3.5,9,R,L,1,0,0
60,F,2025/6/6,21225,7.5,4,9,R,L,1,0,0
60,F,2025/6/6,21240,8,4.5,9,R,L,1,0,0
60,F,2025/6/6,21255,8.5,5,9,R,L,1,0,0
60,F,2025/6/6,21270,9,5.5,9,R,L,1,0,0
60,F,2025/6/6,21285,9.5,6,9,R,L,1,0,0
60,F,2025/6/6,21300,10,6.5,9,R,L,1,0,0
60,F,2025/6/6,21315,10.5,7,9,R,L,1,0,0
60,F,2025/6/6,21330,11,7.5,9,R,L,1,0,0
60,F,2025/6/6,21345,11.5,8,9,R,L,1,0,0
60,F,2025/6/6,21360,12,8.5,9,R,L,1,0,0
60,F,2025/6/6,21375,12.5,9,9,R,L,1,0,0
60,F,2025/6/6,21390,13,9.5,9,R,L,1,0,1
60,F,2025/6/6,21405,13.5,10,9,R,L,1,0,1
60,F,2025/6/6,21420,14,10.5,9,R,L,1,0,1
60,F,2025/6/6,21435,14.5,11,9,R,L,1,1,0
60,F,2025/6/6,22460,0,NA,10,R,L,0,0,0
60,F,2025/6/6,22475,0.5,NA,10,R,L,0,0,0
60,F,2025/6/6,22490,1,NA,10,R,L,0,0,0
60,F,2025/6/6,22505,1.5,NA,10,R,L,0,0,0
60,F,2025/6/6,22520,2,NA,10,R,L,0,0,0
60,F,2025/6/6,22535,2.5,NA,10,R,L,0,0,0
60,F,2025/6/6,22550,3,NA,10,R,L,0,0,0
60,F,2025/6/6,22565,3.5,NA,10,R,L,0,0,0
60,F,2025/6/6,22580,4,NA,10,R,L,0,0,0
60,F,2025/6/6,22595,4.5,NA,10,R,L,0,0,0
60,F,2025/6/6,22610,5,NA,10,R,L,0,0,0
60,F,2025/6/6,22625,5.5,NA,10,R,L,0,0,0
60,F,2025/6/6,22640,6,NA,10,R,L,0,0,0
60,F,2025/6/6,22655,6.5,NA,10,R,L,0,0,0
60,F,2025/6/6,22670,7,NA,10,R,L,0,0,0
60,F,2025/6/6,22685,7.5,NA,10,R,L,0,0,0
60,F,2025/6/6,22700,8,NA,10,R,L,0,0,0
60,F,2025/6/6,22715,8.5,NA,10,R,L,0,0,0
60,F,2025/6/6,22730,9,NA,10,R,L,0,0,0
60,F,2025/6/6,22745,9.5,0,10,R,L,1,0,0
60,F,2025/6/6,22760,10,0.5,10,R,L,1,0,0
60,F,2025/6/6,22775,10.5,1,10,R,L,1,0,0
60,F,2025/6/6,22790,11,1.5,10,R,L,1,0,0
60,F,2025/6/6,22805,11.5,2,10,R,L,1,0,0
60,F,2025/6/6,22820,12,2.5,10,R,L,1,0,0
60,F,2025/6/6,22835,12.5,3,10,R,L,1,0,0
60,F,2025/6/6,22850,13,3.5,10,R,L,1,0,0
60,F,2025/6/6,22865,13.5,4,10,R,L,1,0,0
60,F,2025/6/6,22880,14,4.5,10,R,L,1,0,0
60,F,2025/6/6,22895,14.5,5,10,R,L,1,0,0
60,F,2025/6/6,22910,15,5.5,10,R,L,1,0,0
60,F,2025/6/6,22925,15.5,6,10,R,L,1,0,0
60,F,2025/6/6,22940,16,6.5,10,R,L,1,0,0
60,F,2025/6/6,22955,16.5,7,10,R,L,1,0,0
60,F,2025/6/6,22970,17,7.5,10,R,L,1,0,0
60,F,2025/6/6,22985,17.5,8,10,R,L,1,0,0
60,F,2025/6/6,23000,18,8.5,10,R,L,1,0,0
60,F,2025/6/6,23015,18.5,9,10,R,L,1,0,0
60,F,2025/6/6,23030,19,9.5,10,R,L,1,0,1
60,F,2025/6/6,23045,19.5,10,10,R,L,1,0,0
60,F,2025/6/6,23060,20,10.5,10,R,L,1,0,0
60,F,2025/6/6,23075,20.5,11,10,R,L,1,0,2
60,F,2025/6/6,23090,21,11.5,10,R,L,1,0,1
60,F,2025/6/6,23105,21.5,12,10,R,L,1,1,0
66,F,2025/6/7,7600,0,NA,1,R,NA,0,0,0
66,F,2025/6/7,7615,0.5,NA,1,R,NA,0,0,0
66,F,2025/6/7,7630,1,0,1,R,NA,1,0,0
66,F,2025/6/7,7645,1.5,0.5,1,R,NA,1,0,0
66,F,2025/6/7,7660,2,1,1,R,NA,1,0,0
66,F,2025/6/7,7675,2.5,1.5,1,R,NA,1,0,0
66,F,2025/6/7,7690,3,2,1,R,NA,1,0,0
66,F,2025/6/7,7705,3.5,2.5,1,R,NA,1,0,0
66,F,2025/6/7,7720,4,3,1,R,NA,1,0,0
66,F,2025/6/7,7735,4.5,3.5,1,R,NA,1,0,0
66,F,2025/6/7,7750,5,4,1,R,NA,1,0,0
66,F,2025/6/7,7765,5.5,4.5,1,R,NA,1,0,0
66,F,2025/6/7,7780,6,5,1,R,NA,1,0,0
66,F,2025/6/7,7795,6.5,5.5,1,R,NA,1,0,0
66,F,2025/6/7,7810,7,6,1,R,NA,1,0,0
66,F,2025/6/7,7825,7.5,6.5,1,R,NA,1,0,0
66,F,2025/6/7,7840,8,7,1,R,NA,1,0,0
66,F,2025/6/7,7855,8.5,7.5,1,R,NA,1,0,0
66,F,2025/6/7,7870,9,8,1,R,NA,1,0,0
66,F,2025/6/7,7885,9.5,8.5,1,R,NA,1,0,0
66,F,2025/6/7,7900,10,9,1,R,NA,1,0,0
66,F,2025/6/7,7915,10.5,9.5,1,R,NA,1,0,0
66,F,2025/6/7,7930,11,10,1,R,NA,1,0,0
66,F,2025/6/7,7945,11.5,10.5,1,R,NA,1,0,0
66,F,2025/6/7,7960,12,11,1,R,NA,1,0,0
66,F,2025/6/7,7975,12.5,11.5,1,R,NA,1,0,0
66,F,2025/6/7,7990,13,12,1,R,NA,1,0,0
66,F,2025/6/7,8005,13.5,12.5,1,R,NA,1,0,0
66,F,2025/6/7,8020,14,13,1,R,NA,1,0,0
66,F,2025/6/7,8035,14.5,13.5,1,R,NA,1,0,0
66,F,2025/6/7,8050,15,14,1,R,NA,1,0,0
66,F,2025/6/7,8065,15.5,14.5,1,R,NA,1,0,0
66,F,2025/6/7,8080,16,15,1,R,NA,1,0,0
66,F,2025/6/7,8095,16.5,15.5,1,R,NA,1,0,0
66,F,2025/6/7,8110,17,16,1,R,NA,1,0,0
66,F,2025/6/7,8125,17.5,16.5,1,R,NA,1,0,0
66,F,2025/6/7,8140,18,17,1,R,NA,1,0,0
66,F,2025/6/7,8155,18.5,17.5,1,R,NA,1,0,0
66,F,2025/6/7,8170,19,18,1,R,NA,1,0,0
66,F,2025/6/7,8185,19.5,18.5,1,R,NA,1,0,0
66,F,2025/6/7,8200,20,19,1,R,NA,1,0,0
66,F,2025/6/7,8215,20.5,19.5,1,R,NA,1,0,0
66,F,2025/6/7,8230,21,20,1,R,NA,1,0,0
66,F,2025/6/7,8245,21.5,20.5,1,R,NA,1,0,0
66,F,2025/6/7,8260,22,21,1,R,NA,1,0,0
66,F,2025/6/7,8275,22.5,21.5,1,R,NA,1,0,0
66,F,2025/6/7,8290,23,22,1,R,NA,1,0,0
66,F,2025/6/7,8305,23.5,22.5,1,R,NA,1,0,0
66,F,2025/6/7,8320,24,23,1,R,NA,1,0,0
66,F,2025/6/7,8335,24.5,23.5,1,R,NA,1,0,0
66,F,2025/6/7,8350,25,24,1,R,NA,1,0,0
66,F,2025/6/7,8365,25.5,24.5,1,R,NA,1,0,0
66,F,2025/6/7,8380,26,25,1,R,NA,1,0,0
66,F,2025/6/7,8395,26.5,25.5,1,R,NA,1,0,0
66,F,2025/6/7,8410,27,26,1,R,NA,1,0,0
66,F,2025/6/7,8425,27.5,26.5,1,R,NA,1,0,0
66,F,2025/6/7,8440,28,27,1,R,NA,1,0,0
66,F,2025/6/7,8455,28.5,27.5,1,R,NA,1,0,0
66,F,2025/6/7,8470,29,28,1,R,NA,1,0,0
66,F,2025/6/7,8485,29.5,28.5,1,R,NA,1,0,0
66,F,2025/6/7,8500,30,29,1,R,NA,1,0,0
66,F,2025/6/7,8515,30.5,29.5,1,R,NA,1,0,0
66,F,2025/6/7,8530,31,30,1,R,NA,1,0,0
66,F,2025/6/7,8545,31.5,30.5,1,R,NA,1,0,0
66,F,2025/6/7,8560,32,31,1,R,NA,1,0,0
66,F,2025/6/7,8575,32.5,31.5,1,R,NA,1,0,0
66,F,2025/6/7,8590,33,32,1,R,NA,1,0,0
66,F,2025/6/7,8605,33.5,32.5,1,R,NA,1,0,0
66,F,2025/6/7,8620,34,33,1,R,NA,1,0,0
66,F,2025/6/7,8635,34.5,33.5,1,R,NA,1,0,0
66,F,2025/6/7,8650,35,34,1,R,NA,1,0,0
66,F,2025/6/7,8665,35.5,34.5,1,R,NA,1,0,0
66,F,2025/6/7,8680,36,35,1,R,NA,1,0,0
66,F,2025/6/7,8695,36.5,35.5,1,R,NA,1,0,0
66,F,2025/6/7,8710,37,36,1,R,NA,1,0,0
66,F,2025/6/7,8725,37.5,36.5,1,R,NA,1,0,0
66,F,2025/6/7,8740,38,37,1,R,NA,1,0,0
66,F,2025/6/7,8755,38.5,37.5,1,R,NA,1,0,0
66,F,2025/6/7,8770,39,38,1,R,NA,1,0,0
66,F,2025/6/7,8785,39.5,38.5,1,R,NA,1,0,0
66,F,2025/6/7,8800,40,39,1,R,NA,1,0,0
66,F,2025/6/7,8815,40.5,39.5,1,R,NA,1,0,0
66,F,2025/6/7,8830,41,40,1,R,NA,1,0,0
66,F,2025/6/7,8845,41.5,40.5,1,R,NA,1,0,0
66,F,2025/6/7,8860,42,41,1,R,NA,1,0,0
66,F,2025/6/7,8875,42.5,41.5,1,R,NA,1,0,0
66,F,2025/6/7,8890,43,42,1,R,NA,1,0,0
66,F,2025/6/7,8905,43.5,42.5,1,R,NA,1,0,0
66,F,2025/6/7,8920,44,43,1,R,NA,1,0,0
66,F,2025/6/7,8935,44.5,43.5,1,R,NA,1,0,0
66,F,2025/6/7,8950,45,44,1,R,NA,1,0,0
66,F,2025/6/7,8965,45.5,44.5,1,R,NA,1,0,0
66,F,2025/6/7,8980,46,45,1,R,NA,1,0,0
66,F,2025/6/7,8995,46.5,45.5,1,R,NA,1,0,0
66,F,2025/6/7,9010,47,46,1,R,NA,1,0,0
66,F,2025/6/7,9025,47.5,46.5,1,R,NA,1,0,0
66,F,2025/6/7,9040,48,47,1,R,NA,1,0,0
66,F,2025/6/7,9055,48.5,47.5,1,R,NA,1,0,0
66,F,2025/6/7,9070,49,48,1,R,NA,1,0,0
66,F,2025/6/7,9085,49.5,48.5,1,R,NA,1,0,0
66,F,2025/6/7,9100,50,49,1,R,NA,1,0,0
66,F,2025/6/7,9115,50.5,49.5,1,R,NA,1,0,0
66,F,2025/6/7,9130,51,50,1,R,NA,1,0,0
66,F,2025/6/7,9145,51.5,50.5,1,R,NA,1,0,0
66,F,2025/6/7,9160,52,51,1,R,NA,1,0,0
66,F,2025/6/7,9175,52.5,51.5,1,R,NA,1,0,0
66,F,2025/6/7,9190,53,52,1,R,NA,1,0,0
66,F,2025/6/7,9205,53.5,52.5,1,R,NA,1,0,0
66,F,2025/6/7,9220,54,53,1,R,NA,1,0,0
66,F,2025/6/7,9235,54.5,53.5,1,R,NA,1,0,0
66,F,2025/6/7,9250,55,54,1,R,NA,1,0,0
66,F,2025/6/7,9265,55.5,54.5,1,R,NA,1,0,0
66,F,2025/6/7,9280,56,55,1,R,NA,1,0,0
66,F,2025/6/7,9295,56.5,55.5,1,R,NA,1,0,0
66,F,2025/6/7,9310,57,56,1,R,NA,1,0,0
66,F,2025/6/7,9325,57.5,56.5,1,R,NA,1,0,0
66,F,2025/6/7,9340,58,57,1,R,NA,1,0,0
66,F,2025/6/7,9355,58.5,57.5,1,R,NA,1,0,0
66,F,2025/6/7,9370,59,58,1,R,NA,1,0,0
66,F,2025/6/7,9385,59.5,58.5,1,R,NA,1,0,0
66,F,2025/6/7,9400,60,59,1,R,NA,1,0,0
66,F,2025/6/7,9415,60.5,59.5,1,R,NA,1,0,0
66,F,2025/6/7,9430,61,60,1,R,NA,1,0,0
66,F,2025/6/7,10270,0,NA,2,L,NA,0,0,0
66,F,2025/6/7,10285,0.5,NA,2,L,NA,0,0,0
66,F,2025/6/7,10300,1,NA,2,L,NA,0,0,0
66,F,2025/6/7,10315,1.5,NA,2,L,NA,0,0,0
66,F,2025/6/7,10330,2,0,2,L,NA,1,0,0
66,F,2025/6/7,10345,2.5,0.5,2,L,NA,1,0,0
66,F,2025/6/7,10360,3,1,2,L,NA,1,0,0
66,F,2025/6/7,10375,3.5,1.5,2,L,NA,1,0,0
66,F,2025/6/7,10390,4,2,2,L,NA,1,0,0
66,F,2025/6/7,10405,4.5,2.5,2,L,NA,1,0,0
66,F,2025/6/7,10420,5,3,2,L,NA,1,0,0
66,F,2025/6/7,10435,5.5,3.5,2,L,NA,1,0,0
66,F,2025/6/7,10450,6,4,2,L,NA,1,0,0
66,F,2025/6/7,10465,6.5,4.5,2,L,NA,1,0,0
66,F,2025/6/7,10480,7,5,2,L,NA,1,0,0
66,F,2025/6/7,10495,7.5,5.5,2,L,NA,1,0,0
66,F,2025/6/7,10510,8,6,2,L,NA,1,0,0
66,F,2025/6/7,10525,8.5,6.5,2,L,NA,1,0,0
66,F,2025/6/7,10540,9,7,2,L,NA,1,0,0
66,F,2025/6/7,10555,9.5,7.5,2,L,NA,1,0,0
66,F,2025/6/7,10570,10,8,2,L,NA,1,0,0
66,F,2025/6/7,10585,10.5,8.5,2,L,NA,1,0,0
66,F,2025/6/7,10600,11,9,2,L,NA,1,0,0
66,F,2025/6/7,10615,11.5,9.5,2,L,NA,1,0,0
66,F,2025/6/7,10630,12,10,2,L,NA,1,0,0
66,F,2025/6/7,10645,12.5,10.5,2,L,NA,1,0,0
66,F,2025/6/7,10660,13,11,2,L,NA,1,0,0
66,F,2025/6/7,10675,13.5,11.5,2,L,NA,1,0,0
66,F,2025/6/7,10690,14,12,2,L,NA,1,0,0
66,F,2025/6/7,10705,14.5,12.5,2,L,NA,1,0,0
66,F,2025/6/7,10720,15,13,2,L,NA,1,0,0
66,F,2025/6/7,10735,15.5,13.5,2,L,NA,1,0,0
66,F,2025/6/7,10750,16,14,2,L,NA,1,0,0
66,F,2025/6/7,10765,16.5,14.5,2,L,NA,1,0,0
66,F,2025/6/7,10780,17,15,2,L,NA,1,0,0
66,F,2025/6/7,10795,17.5,15.5,2,L,NA,1,0,0
66,F,2025/6/7,10810,18,16,2,L,NA,1,0,0
66,F,2025/6/7,10825,18.5,16.5,2,L,NA,1,0,0
66,F,2025/6/7,10840,19,17,2,L,NA,1,0,0
66,F,2025/6/7,10855,19.5,17.5,2,L,NA,1,0,0
66,F,2025/6/7,10870,20,18,2,L,NA,1,0,0
66,F,2025/6/7,10885,20.5,18.5,2,L,NA,1,0,0
66,F,2025/6/7,10900,21,19,2,L,NA,1,0,0
66,F,2025/6/7,10915,21.5,19.5,2,L,NA,1,0,0
66,F,2025/6/7,10930,22,20,2,L,NA,1,0,0
66,F,2025/6/7,10945,22.5,20.5,2,L,NA,1,0,0
66,F,2025/6/7,10960,23,21,2,L,NA,1,0,0
66,F,2025/6/7,10975,23.5,21.5,2,L,NA,1,0,0
66,F,2025/6/7,10990,24,22,2,L,NA,1,0,0
66,F,2025/6/7,11005,24.5,22.5,2,L,NA,1,0,0
66,F,2025/6/7,11020,25,23,2,L,NA,1,0,0
66,F,2025/6/7,11035,25.5,23.5,2,L,NA,1,0,0
66,F,2025/6/7,11050,26,24,2,L,NA,1,0,0
66,F,2025/6/7,11065,26.5,24.5,2,L,NA,1,0,0
66,F,2025/6/7,11080,27,25,2,L,NA,1,0,0
66,F,2025/6/7,11095,27.5,25.5,2,L,NA,1,0,0
66,F,2025/6/7,11110,28,26,2,L,NA,1,0,0
66,F,2025/6/7,11125,28.5,26.5,2,L,NA,1,0,0
66,F,2025/6/7,11140,29,27,2,L,NA,1,0,0
66,F,2025/6/7,11155,29.5,27.5,2,L,NA,1,0,0
66,F,2025/6/7,11170,30,28,2,L,NA,1,0,0
66,F,2025/6/7,11185,30.5,28.5,2,L,NA,1,0,0
66,F,2025/6/7,11200,31,29,2,L,NA,1,0,0
66,F,2025/6/7,11215,31.5,29.5,2,L,NA,1,0,0
66,F,2025/6/7,11230,32,30,2,L,NA,1,0,0
66,F,2025/6/7,11245,32.5,30.5,2,L,NA,1,0,0
66,F,2025/6/7,11260,33,31,2,L,NA,1,0,0
66,F,2025/6/7,11275,33.5,31.5,2,L,NA,1,0,0
66,F,2025/6/7,11290,34,32,2,L,NA,1,0,0
66,F,2025/6/7,11305,34.5,32.5,2,L,NA,1,0,0
66,F,2025/6/7,11320,35,33,2,L,NA,1,0,0
66,F,2025/6/7,11335,35.5,33.5,2,L,NA,1,0,0
66,F,2025/6/7,11350,36,34,2,L,NA,1,0,0
66,F,2025/6/7,11365,36.5,34.5,2,L,NA,1,0,0
66,F,2025/6/7,11380,37,35,2,L,NA,1,0,0
66,F,2025/6/7,11395,37.5,35.5,2,L,NA,1,0,0
66,F,2025/6/7,11410,38,36,2,L,NA,1,0,0
66,F,2025/6/7,11425,38.5,36.5,2,L,NA,1,0,0
66,F,2025/6/7,11440,39,37,2,L,NA,1,0,0
66,F,2025/6/7,11455,39.5,37.5,2,L,NA,1,0,0
66,F,2025/6/7,11470,40,38,2,L,NA,1,0,0
66,F,2025/6/7,11485,40.5,38.5,2,L,NA,1,0,0
66,F,2025/6/7,11500,41,39,2,L,NA,1,0,0
66,F,2025/6/7,11515,41.5,39.5,2,L,NA,1,0,0
66,F,2025/6/7,11530,42,40,2,L,NA,1,0,0
66,F,2025/6/7,11545,42.5,40.5,2,L,NA,1,0,0
66,F,2025/6/7,11560,43,41,2,L,NA,1,0,0
66,F,2025/6/7,11575,43.5,41.5,2,L,NA,1,0,0
66,F,2025/6/7,11590,44,42,2,L,NA,1,0,0
66,F,2025/6/7,11605,44.5,42.5,2,L,NA,1,0,0
66,F,2025/6/7,11620,45,43,2,L,NA,1,0,0
66,F,2025/6/7,11635,45.5,43.5,2,L,NA,1,0,0
66,F,2025/6/7,11650,46,44,2,L,NA,1,0,0
66,F,2025/6/7,11665,46.5,44.5,2,L,NA,1,0,0
66,F,2025/6/7,11680,47,45,2,L,NA,1,0,0
66,F,2025/6/7,11695,47.5,45.5,2,L,NA,1,0,0
66,F,2025/6/7,11710,48,46,2,L,NA,1,0,0
66,F,2025/6/7,11725,48.5,46.5,2,L,NA,1,0,0
66,F,2025/6/7,11740,49,47,2,L,NA,1,0,0
66,F,2025/6/7,11755,49.5,47.5,2,L,NA,1,0,0
66,F,2025/6/7,11770,50,48,2,L,NA,1,0,0
66,F,2025/6/7,11785,50.5,48.5,2,L,NA,1,0,0
66,F,2025/6/7,11800,51,49,2,L,NA,1,0,0
66,F,2025/6/7,11815,51.5,49.5,2,L,NA,1,0,0
66,F,2025/6/7,11830,52,50,2,L,NA,1,0,0
66,F,2025/6/7,11845,52.5,50.5,2,L,NA,1,0,0
66,F,2025/6/7,11860,53,51,2,L,NA,1,0,0
66,F,2025/6/7,11875,53.5,51.5,2,L,NA,1,0,0
66,F,2025/6/7,11890,54,52,2,L,NA,1,0,0
66,F,2025/6/7,11905,54.5,52.5,2,L,NA,1,0,0
66,F,2025/6/7,11920,55,53,2,L,NA,1,0,0
66,F,2025/6/7,11935,55.5,53.5,2,L,NA,1,0,0
66,F,2025/6/7,11950,56,54,2,L,NA,1,0,0
66,F,2025/6/7,11965,56.5,54.5,2,L,NA,1,0,0
66,F,2025/6/7,11980,57,55,2,L,NA,1,0,0
66,F,2025/6/7,11995,57.5,55.5,2,L,NA,1,0,0
66,F,2025/6/7,12010,58,56,2,L,NA,1,0,0
66,F,2025/6/7,12025,58.5,56.5,2,L,NA,1,0,0
66,F,2025/6/7,12040,59,57,2,L,NA,1,0,0
66,F,2025/6/7,12055,59.5,57.5,2,L,NA,1,0,0
66,F,2025/6/7,12070,60,58,2,L,NA,1,0,0
66,F,2025/6/7,12085,60.5,58.5,2,L,NA,1,0,0
66,F,2025/6/7,12100,61,59,2,L,NA,1,0,0
66,F,2025/6/7,12115,61.5,59.5,2,L,NA,1,0,0
66,F,2025/6/7,12130,62,60,2,L,NA,1,0,0
66,F,2025/6/7,12530,0,NA,3,R,NA,0,0,0
66,F,2025/6/7,12545,0.5,NA,3,R,NA,0,0,0
66,F,2025/6/7,12560,1,NA,3,R,NA,0,0,0
66,F,2025/6/7,12575,1.5,0,3,R,NA,1,0,0
66,F,2025/6/7,12590,2,0.5,3,R,NA,1,0,0
66,F,2025/6/7,12605,2.5,1,3,R,NA,1,0,0
66,F,2025/6/7,12620,3,1.5,3,R,NA,1,0,0
66,F,2025/6/7,12635,3.5,2,3,R,NA,1,0,0
66,F,2025/6/7,12650,4,2.5,3,R,NA,1,0,0
66,F,2025/6/7,12665,4.5,3,3,R,NA,1,0,0
66,F,2025/6/7,12680,5,3.5,3,R,NA,1,0,0
66,F,2025/6/7,12695,5.5,4,3,R,NA,1,0,0
66,F,2025/6/7,12710,6,4.5,3,R,NA,1,0,0
66,F,2025/6/7,12725,6.5,5,3,R,NA,1,0,0
66,F,2025/6/7,12740,7,5.5,3,R,NA,1,0,0
66,F,2025/6/7,12755,7.5,6,3,R,NA,1,0,0
66,F,2025/6/7,12770,8,6.5,3,R,NA,1,0,0
66,F,2025/6/7,12785,8.5,7,3,R,NA,1,0,0
66,F,2025/6/7,12800,9,7.5,3,R,NA,1,0,0
66,F,2025/6/7,12815,9.5,8,3,R,NA,1,0,0
66,F,2025/6/7,12830,10,8.5,3,R,NA,1,0,0
66,F,2025/6/7,12845,10.5,9,3,R,NA,1,0,0
66,F,2025/6/7,12860,11,9.5,3,R,NA,1,0,0
66,F,2025/6/7,12875,11.5,10,3,R,NA,1,0,0
66,F,2025/6/7,12890,12,10.5,3,R,NA,1,0,0
66,F,2025/6/7,12905,12.5,11,3,R,NA,1,0,0
66,F,2025/6/7,12920,13,11.5,3,R,NA,1,0,0
66,F,2025/6/7,12935,13.5,12,3,R,NA,1,0,0
66,F,2025/6/7,12950,14,12.5,3,R,NA,1,0,0
66,F,2025/6/7,12965,14.5,13,3,R,NA,1,0,0
66,F,2025/6/7,12980,15,13.5,3,R,NA,1,0,0
66,F,2025/6/7,12995,15.5,14,3,R,NA,1,0,0
66,F,2025/6/7,13010,16,14.5,3,R,NA,1,0,0
66,F,2025/6/7,13025,16.5,15,3,R,NA,1,0,0
66,F,2025/6/7,13040,17,15.5,3,R,NA,1,0,0
66,F,2025/6/7,13055,17.5,16,3,R,NA,1,0,0
66,F,2025/6/7,13070,18,16.5,3,R,NA,1,0,0
66,F,2025/6/7,13085,18.5,17,3,R,NA,1,0,0
66,F,2025/6/7,13100,19,17.5,3,R,NA,1,0,0
66,F,2025/6/7,13115,19.5,18,3,R,NA,1,0,0
66,F,2025/6/7,13130,20,18.5,3,R,NA,1,0,0
66,F,2025/6/7,13145,20.5,19,3,R,NA,1,0,0
66,F,2025/6/7,13160,21,19.5,3,R,NA,1,0,0
66,F,2025/6/7,13175,21.5,20,3,R,NA,1,0,0
66,F,2025/6/7,13190,22,20.5,3,R,NA,1,0,0
66,F,2025/6/7,13205,22.5,21,3,R,NA,1,0,0
66,F,2025/6/7,13220,23,21.5,3,R,NA,1,0,0
66,F,2025/6/7,13235,23.5,22,3,R,NA,1,0,0
66,F,2025/6/7,13250,24,22.5,3,R,NA,1,0,0
66,F,2025/6/7,13265,24.5,23,3,R,NA,1,0,0
66,F,2025/6/7,13280,25,23.5,3,R,NA,1,0,0
66,F,2025/6/7,13295,25.5,24,3,R,NA,1,0,0
66,F,2025/6/7,13310,26,24.5,3,R,NA,1,0,0
66,F,2025/6/7,13325,26.5,25,3,R,NA,1,0,0
66,F,2025/6/7,13340,27,25.5,3,R,NA,1,0,0
66,F,2025/6/7,13355,27.5,26,3,R,NA,1,0,0
66,F,2025/6/7,13370,28,26.5,3,R,NA,1,0,0
66,F,2025/6/7,13385,28.5,27,3,R,NA,1,0,0
66,F,2025/6/7,13400,29,27.5,3,R,NA,1,0,0
66,F,2025/6/7,13415,29.5,28,3,R,NA,1,0,0
66,F,2025/6/7,13430,30,28.5,3,R,NA,1,0,0
66,F,2025/6/7,13445,30.5,29,3,R,NA,1,0,0
66,F,2025/6/7,13460,31,29.5,3,R,NA,1,0,0
66,F,2025/6/7,13475,31.5,30,3,R,NA,1,0,0
66,F,2025/6/7,13490,32,30.5,3,R,NA,1,0,0
66,F,2025/6/7,13505,32.5,31,3,R,NA,1,0,0
66,F,2025/6/7,13520,33,31.5,3,R,NA,1,0,0
66,F,2025/6/7,13535,33.5,32,3,R,NA,1,0,0
66,F,2025/6/7,13550,34,32.5,3,R,NA,1,0,0
66,F,2025/6/7,13565,34.5,33,3,R,NA,1,0,0
66,F,2025/6/7,13580,35,33.5,3,R,NA,1,0,0
66,F,2025/6/7,13595,35.5,34,3,R,NA,1,0,0
66,F,2025/6/7,13610,36,34.5,3,R,NA,1,0,0
66,F,2025/6/7,13625,36.5,35,3,R,NA,1,0,0
66,F,2025/6/7,13640,37,35.5,3,R,NA,1,0,0
66,F,2025/6/7,13655,37.5,36,3,R,NA,1,0,0
66,F,2025/6/7,13670,38,36.5,3,R,NA,1,0,0
66,F,2025/6/7,13685,38.5,37,3,R,NA,1,0,0
66,F,2025/6/7,13700,39,37.5,3,R,NA,1,0,0
66,F,2025/6/7,13715,39.5,38,3,R,NA,1,0,0
66,F,2025/6/7,13730,40,38.5,3,R,NA,1,0,0
66,F,2025/6/7,13745,40.5,39,3,R,NA,1,0,0
66,F,2025/6/7,13760,41,39.5,3,R,NA,1,0,0
66,F,2025/6/7,13775,41.5,40,3,R,NA,1,0,0
66,F,2025/6/7,13790,42,40.5,3,R,NA,1,0,0
66,F,2025/6/7,13805,42.5,41,3,R,NA,1,0,0
66,F,2025/6/7,13820,43,41.5,3,R,NA,1,0,0
66,F,2025/6/7,13835,43.5,42,3,R,NA,1,0,0
66,F,2025/6/7,13850,44,42.5,3,R,NA,1,0,0
66,F,2025/6/7,13865,44.5,43,3,R,NA,1,0,0
66,F,2025/6/7,13880,45,43.5,3,R,NA,1,0,0
66,F,2025/6/7,13895,45.5,44,3,R,NA,1,0,0
66,F,2025/6/7,13910,46,44.5,3,R,NA,1,0,0
66,F,2025/6/7,13925,46.5,45,3,R,NA,1,0,0
66,F,2025/6/7,13940,47,45.5,3,R,NA,1,0,0
66,F,2025/6/7,13955,47.5,46,3,R,NA,1,0,0
66,F,2025/6/7,13970,48,46.5,3,R,NA,1,0,0
66,F,2025/6/7,13985,48.5,47,3,R,NA,1,0,0
66,F,2025/6/7,14000,49,47.5,3,R,NA,1,0,0
66,F,2025/6/7,14015,49.5,48,3,R,NA,1,0,0
66,F,2025/6/7,14030,50,48.5,3,R,NA,1,0,0
66,F,2025/6/7,14045,50.5,49,3,R,NA,1,0,0
66,F,2025/6/7,14060,51,49.5,3,R,NA,1,0,0
66,F,2025/6/7,14075,51.5,50,3,R,NA,1,0,0
66,F,2025/6/7,14090,52,50.5,3,R,NA,1,0,0
66,F,2025/6/7,14105,52.5,51,3,R,NA,1,0,0
66,F,2025/6/7,14120,53,51.5,3,R,NA,1,0,0
66,F,2025/6/7,14135,53.5,52,3,R,NA,1,0,0
66,F,2025/6/7,14150,54,52.5,3,R,NA,1,0,0
66,F,2025/6/7,14165,54.5,53,3,R,NA,1,0,0
66,F,2025/6/7,14180,55,53.5,3,R,NA,1,0,0
66,F,2025/6/7,14195,55.5,54,3,R,NA,1,0,0
66,F,2025/6/7,14210,56,54.5,3,R,NA,1,0,0
66,F,2025/6/7,14225,56.5,55,3,R,NA,1,0,0
66,F,2025/6/7,14240,57,55.5,3,R,NA,1,0,0
66,F,2025/6/7,14255,57.5,56,3,R,NA,1,0,0
66,F,2025/6/7,14270,58,56.5,3,R,NA,1,0,0
66,F,2025/6/7,14285,58.5,57,3,R,NA,1,0,0
66,F,2025/6/7,14300,59,57.5,3,R,NA,1,0,0
66,F,2025/6/7,14315,59.5,58,3,R,NA,1,0,0
66,F,2025/6/7,14330,60,58.5,3,R,NA,1,0,0
66,F,2025/6/7,14345,60.5,59,3,R,NA,1,0,0
66,F,2025/6/7,14360,61,59.5,3,R,NA,1,0,0
66,F,2025/6/7,14375,61.5,60,3,R,NA,1,0,0
66,F,2025/6/7,15100,0,NA,4,L,NA,0,0,0
66,F,2025/6/7,15115,0.5,NA,4,L,NA,0,0,0
66,F,2025/6/7,15130,1,NA,4,L,NA,0,0,0
66,F,2025/6/7,15145,1.5,NA,4,L,NA,0,0,0
66,F,2025/6/7,15160,2,NA,4,L,NA,0,0,0
66,F,2025/6/7,15175,2.5,NA,4,L,NA,0,0,0
66,F,2025/6/7,15190,3,NA,4,L,NA,0,0,0
66,F,2025/6/7,15205,3.5,NA,4,L,NA,0,0,0
66,F,2025/6/7,15220,4,NA,4,L,NA,0,0,0
66,F,2025/6/7,15235,4.5,NA,4,L,NA,0,0,0
66,F,2025/6/7,15250,5,NA,4,L,NA,0,0,0
66,F,2025/6/7,15265,5.5,NA,4,L,NA,0,0,0
66,F,2025/6/7,15280,6,NA,4,L,NA,0,0,0
66,F,2025/6/7,15295,6.5,NA,4,L,NA,0,0,0
66,F,2025/6/7,15310,7,NA,4,L,NA,0,0,0
66,F,2025/6/7,15325,7.5,NA,4,L,NA,0,0,0
66,F,2025/6/7,15340,8,NA,4,L,NA,0,0,0
66,F,2025/6/7,15355,8.5,NA,4,L,NA,0,0,0
66,F,2025/6/7,15370,9,NA,4,L,NA,0,0,0
66,F,2025/6/7,15385,9.5,NA,4,L,NA,0,0,0
66,F,2025/6/7,15400,10,NA,4,L,NA,0,0,0
66,F,2025/6/7,15415,10.5,NA,4,L,NA,0,0,0
66,F,2025/6/7,15430,11,NA,4,L,NA,0,0,0
66,F,2025/6/7,15445,11.5,NA,4,L,NA,0,0,0
66,F,2025/6/7,15460,12,NA,4,L,NA,0,0,0
66,F,2025/6/7,15475,12.5,NA,4,L,NA,0,0,0
66,F,2025/6/7,15490,13,NA,4,L,NA,0,0,0
66,F,2025/6/7,15505,13.5,NA,4,L,NA,0,0,0
66,F,2025/6/7,15520,14,NA,4,L,NA,0,0,0
66,F,2025/6/7,15535,14.5,NA,4,L,NA,0,0,0
66,F,2025/6/7,15550,15,NA,4,L,NA,0,0,0
66,F,2025/6/7,15565,15.5,NA,4,L,NA,0,0,0
66,F,2025/6/7,15580,16,NA,4,L,NA,0,0,0
66,F,2025/6/7,15595,16.5,NA,4,L,NA,0,0,0
66,F,2025/6/7,15610,17,NA,4,L,NA,0,0,0
66,F,2025/6/7,15625,17.5,NA,4,L,NA,0,0,0
66,F,2025/6/7,15640,18,NA,4,L,NA,0,0,0
66,F,2025/6/7,15655,18.5,NA,4,L,NA,0,0,0
66,F,2025/6/7,15670,19,NA,4,L,NA,0,0,0
66,F,2025/6/7,15685,19.5,NA,4,L,NA,0,0,0
66,F,2025/6/7,15700,20,NA,4,L,NA,0,0,0
66,F,2025/6/7,15715,20.5,NA,4,L,NA,0,0,0
66,F,2025/6/7,15730,21,NA,4,L,NA,0,0,0
66,F,2025/6/7,15745,21.5,NA,4,L,NA,0,0,0
66,F,2025/6/7,15760,22,NA,4,L,NA,0,0,0
66,F,2025/6/7,15775,22.5,NA,4,L,NA,0,0,0
66,F,2025/6/7,15790,23,NA,4,L,NA,0,0,0
66,F,2025/6/7,15805,23.5,NA,4,L,NA,0,0,0
66,F,2025/6/7,15820,24,NA,4,L,NA,0,0,0
66,F,2025/6/7,15835,24.5,NA,4,L,NA,0,0,0
66,F,2025/6/7,15850,25,NA,4,L,NA,0,0,0
66,F,2025/6/7,15865,25.5,NA,4,L,NA,0,0,0
66,F,2025/6/7,15880,26,NA,4,L,NA,0,0,0
66,F,2025/6/7,15895,26.5,NA,4,L,NA,0,0,0
66,F,2025/6/7,15910,27,NA,4,L,NA,0,0,0
66,F,2025/6/7,15925,27.5,NA,4,L,NA,0,0,0
66,F,2025/6/7,15940,28,NA,4,L,NA,0,0,0
66,F,2025/6/7,15955,28.5,NA,4,L,NA,0,0,0
66,F,2025/6/7,15970,29,NA,4,L,NA,0,0,0
66,F,2025/6/7,15985,29.5,NA,4,L,NA,0,0,0
66,F,2025/6/7,16000,30,NA,4,L,NA,0,0,0
66,F,2025/6/7,16015,30.5,NA,4,L,NA,0,0,0
66,F,2025/6/7,16030,31,NA,4,L,NA,0,0,0
66,F,2025/6/7,16045,31.5,NA,4,L,NA,0,0,0
66,F,2025/6/7,16060,32,NA,4,L,NA,0,0,0
66,F,2025/6/7,16075,32.5,NA,4,L,NA,0,0,0
66,F,2025/6/7,16090,33,NA,4,L,NA,0,0,0
66,F,2025/6/7,16105,33.5,NA,4,L,NA,0,0,0
66,F,2025/6/7,16120,34,NA,4,L,NA,0,0,0
66,F,2025/6/7,16135,34.5,NA,4,L,NA,0,0,0
66,F,2025/6/7,16150,35,NA,4,L,NA,0,0,0
66,F,2025/6/7,16165,35.5,NA,4,L,NA,0,0,0
66,F,2025/6/7,16180,36,NA,4,L,NA,0,0,0
66,F,2025/6/7,16195,36.5,NA,4,L,NA,0,0,0
66,F,2025/6/7,16210,37,NA,4,L,NA,0,0,0
66,F,2025/6/7,16225,37.5,NA,4,L,NA,0,0,0
66,F,2025/6/7,16240,38,NA,4,L,NA,0,0,0
66,F,2025/6/7,16255,38.5,NA,4,L,NA,0,0,0
66,F,2025/6/7,16270,39,NA,4,L,NA,0,0,0
66,F,2025/6/7,16285,39.5,NA,4,L,NA,0,0,0
66,F,2025/6/7,16300,40,NA,4,L,NA,0,0,0
66,F,2025/6/7,16315,40.5,NA,4,L,NA,0,0,0
66,F,2025/6/7,16330,41,NA,4,L,NA,0,0,0
66,F,2025/6/7,16345,41.5,NA,4,L,NA,0,0,0
66,F,2025/6/7,16360,42,NA,4,L,NA,0,0,0
66,F,2025/6/7,16375,42.5,NA,4,L,NA,0,0,0
66,F,2025/6/7,16390,43,NA,4,L,NA,0,0,0
66,F,2025/6/7,16405,43.5,NA,4,L,NA,0,0,0
66,F,2025/6/7,16420,44,NA,4,L,NA,0,0,0
66,F,2025/6/7,16435,44.5,NA,4,L,NA,0,0,0
66,F,2025/6/7,16450,45,NA,4,L,NA,0,0,0
66,F,2025/6/7,16465,45.5,NA,4,L,NA,0,0,0
66,F,2025/6/7,16480,46,NA,4,L,NA,0,0,0
66,F,2025/6/7,16495,46.5,NA,4,L,NA,0,0,0
66,F,2025/6/7,16510,47,NA,4,L,NA,0,0,0
66,F,2025/6/7,16525,47.5,NA,4,L,NA,0,0,0
66,F,2025/6/7,16540,48,NA,4,L,NA,0,0,0
66,F,2025/6/7,16555,48.5,NA,4,L,NA,0,0,0
66,F,2025/6/7,16570,49,NA,4,L,NA,0,0,0
66,F,2025/6/7,16585,49.5,NA,4,L,NA,0,0,0
66,F,2025/6/7,16600,50,NA,4,L,NA,0,0,0
66,F,2025/6/7,16615,50.5,NA,4,L,NA,0,0,0
66,F,2025/6/7,16630,51,NA,4,L,NA,0,0,0
66,F,2025/6/7,16645,51.5,NA,4,L,NA,0,0,0
66,F,2025/6/7,16660,52,NA,4,L,NA,0,0,0
66,F,2025/6/7,16675,52.5,NA,4,L,NA,0,0,0
66,F,2025/6/7,16690,53,NA,4,L,NA,0,0,0
66,F,2025/6/7,16705,53.5,NA,4,L,NA,0,0,0
66,F,2025/6/7,16720,54,NA,4,L,NA,0,0,0
66,F,2025/6/7,16735,54.5,NA,4,L,NA,0,0,0
66,F,2025/6/7,16750,55,NA,4,L,NA,0,0,0
66,F,2025/6/7,16765,55.5,NA,4,L,NA,0,0,0
66,F,2025/6/7,16780,56,NA,4,L,NA,0,0,0
66,F,2025/6/7,16795,56.5,NA,4,L,NA,0,0,0
66,F,2025/6/7,16810,57,NA,4,L,NA,0,0,0
66,F,2025/6/7,16825,57.5,NA,4,L,NA,0,0,0
66,F,2025/6/7,16840,58,NA,4,L,NA,0,0,0
66,F,2025/6/7,16855,58.5,NA,4,L,NA,0,0,0
66,F,2025/6/7,16870,59,NA,4,L,NA,0,0,0
66,F,2025/6/7,16885,59.5,NA,4,L,NA,0,0,0
66,F,2025/6/7,16900,60,NA,4,L,NA,0,0,0
66,F,2025/6/7,16915,60.5,NA,4,L,NA,0,0,0
66,F,2025/6/7,16930,61,NA,4,L,NA,0,0,0
66,F,2025/6/7,16945,61.5,0,4,L,NA,1,0,0
66,F,2025/6/7,16960,62,0.5,4,L,NA,1,0,0
66,F,2025/6/7,16975,62.5,1,4,L,NA,1,0,0
66,F,2025/6/7,16990,63,1.5,4,L,NA,1,0,0
66,F,2025/6/7,17005,63.5,2,4,L,NA,1,0,0
66,F,2025/6/7,17020,64,2.5,4,L,NA,1,0,0
66,F,2025/6/7,17035,64.5,3,4,L,NA,1,0,0
66,F,2025/6/7,17050,65,3.5,4,L,NA,1,0,0
66,F,2025/6/7,17065,65.5,4,4,L,NA,1,0,0
66,F,2025/6/7,17080,66,4.5,4,L,NA,1,0,0
66,F,2025/6/7,17095,66.5,5,4,L,NA,1,0,0
66,F,2025/6/7,17110,67,5.5,4,L,NA,1,0,0
66,F,2025/6/7,17125,67.5,6,4,L,NA,1,0,0
66,F,2025/6/7,17140,68,6.5,4,L,NA,1,0,0
66,F,2025/6/7,17155,68.5,7,4,L,NA,1,0,0
66,F,2025/6/7,17170,69,7.5,4,L,NA,1,0,0
66,F,2025/6/7,17185,69.5,8,4,L,NA,1,0,0
66,F,2025/6/7,17200,70,8.5,4,L,NA,1,0,0
66,F,2025/6/7,17215,70.5,9,4,L,NA,1,0,0
66,F,2025/6/7,17230,71,9.5,4,L,NA,1,0,0
66,F,2025/6/7,17245,71.5,10,4,L,NA,1,0,1
66,F,2025/6/7,17260,72,10.5,4,L,NA,1,0,1
66,F,2025/6/7,17275,72.5,11,4,L,NA,1,0,0
66,F,2025/6/7,17290,73,11.5,4,L,NA,1,0,0
66,F,2025/6/7,17305,73.5,12,4,L,NA,1,0,0
66,F,2025/6/7,17320,74,12.5,4,L,NA,1,0,0
66,F,2025/6/7,17335,74.5,13,4,L,NA,1,0,0
66,F,2025/6/7,17350,75,13.5,4,L,NA,1,0,0
66,F,2025/6/7,17365,75.5,14,4,L,NA,1,0,0
66,F,2025/6/7,17380,76,14.5,4,L,NA,1,0,0
66,F,2025/6/7,17395,76.5,15,4,L,NA,1,0,0
66,F,2025/6/7,17410,77,15.5,4,L,NA,1,0,0
66,F,2025/6/7,17425,77.5,16,4,L,NA,1,0,0
66,F,2025/6/7,17440,78,16.5,4,L,NA,1,0,0
66,F,2025/6/7,17455,78.5,17,4,L,NA,1,0,0
66,F,2025/6/7,17470,79,17.5,4,L,NA,1,0,0
66,F,2025/6/7,17485,79.5,18,4,L,NA,1,0,0
66,F,2025/6/7,17500,80,18.5,4,L,NA,1,0,0
66,F,2025/6/7,17515,80.5,19,4,L,NA,1,0,0
66,F,2025/6/7,17530,81,19.5,4,L,NA,1,0,0
66,F,2025/6/7,17545,81.5,20,4,L,NA,1,0,0
66,F,2025/6/7,17560,82,20.5,4,L,NA,1,0,0
66,F,2025/6/7,17575,82.5,21,4,L,NA,1,0,0
66,F,2025/6/7,17590,83,21.5,4,L,NA,1,0,0
66,F,2025/6/7,17605,83.5,22,4,L,NA,1,0,0
66,F,2025/6/7,17620,84,22.5,4,L,NA,1,0,0
66,F,2025/6/7,17635,84.5,23,4,L,NA,1,0,0
66,F,2025/6/7,17650,85,23.5,4,L,NA,1,0,0
66,F,2025/6/7,17665,85.5,24,4,L,NA,1,0,0
66,F,2025/6/7,17680,86,24.5,4,L,NA,1,0,0
66,F,2025/6/7,17695,86.5,25,4,L,NA,1,0,0
66,F,2025/6/7,17710,87,25.5,4,L,NA,1,0,0
66,F,2025/6/7,17725,87.5,26,4,L,NA,1,0,0
66,F,2025/6/7,17740,88,26.5,4,L,NA,1,0,0
66,F,2025/6/7,17755,88.5,27,4,L,NA,1,0,0
66,F,2025/6/7,17770,89,27.5,4,L,NA,1,0,0
66,F,2025/6/7,17785,89.5,28,4,L,NA,1,0,0
66,F,2025/6/7,17800,90,28.5,4,L,NA,1,0,0
66,F,2025/6/7,17815,90.5,29,4,L,NA,1,0,0
66,F,2025/6/7,17830,91,29.5,4,L,NA,1,0,0
66,F,2025/6/7,17845,91.5,30,4,L,NA,1,0,0
66,F,2025/6/7,17860,92,30.5,4,L,NA,1,0,0
66,F,2025/6/7,17875,92.5,31,4,L,NA,1,0,0
66,F,2025/6/7,17890,93,31.5,4,L,NA,1,0,0
66,F,2025/6/7,17905,93.5,32,4,L,NA,1,0,0
66,F,2025/6/7,17920,94,32.5,4,L,NA,1,0,0
66,F,2025/6/7,17935,94.5,33,4,L,NA,1,0,0
66,F,2025/6/7,17950,95,33.5,4,L,NA,1,0,0
66,F,2025/6/7,17965,95.5,34,4,L,NA,1,0,0
66,F,2025/6/7,17980,96,34.5,4,L,NA,1,0,0
66,F,2025/6/7,17995,96.5,35,4,L,NA,1,0,0
66,F,2025/6/7,18010,97,35.5,4,L,NA,1,0,0
66,F,2025/6/7,18025,97.5,36,4,L,NA,1,0,0
66,F,2025/6/7,18040,98,36.5,4,L,NA,1,0,0
66,F,2025/6/7,18055,98.5,37,4,L,NA,1,0,0
66,F,2025/6/7,18070,99,37.5,4,L,NA,1,0,0
66,F,2025/6/7,18085,99.5,38,4,L,NA,1,0,0
66,F,2025/6/7,18100,100,38.5,4,L,NA,1,0,0
66,F,2025/6/7,18115,100.5,39,4,L,NA,1,0,0
66,F,2025/6/7,18130,101,39.5,4,L,NA,1,0,0
66,F,2025/6/7,18145,101.5,40,4,L,NA,1,0,0
66,F,2025/6/7,18160,102,40.5,4,L,NA,1,0,0
66,F,2025/6/7,18175,102.5,41,4,L,NA,1,0,0
66,F,2025/6/7,18190,103,41.5,4,L,NA,1,0,0
66,F,2025/6/7,18205,103.5,42,4,L,NA,1,0,0
66,F,2025/6/7,18220,104,42.5,4,L,NA,1,0,0
66,F,2025/6/7,18235,104.5,43,4,L,NA,1,0,0
66,F,2025/6/7,18250,105,43.5,4,L,NA,1,0,0
66,F,2025/6/7,18265,105.5,44,4,L,NA,1,0,0
66,F,2025/6/7,18280,106,44.5,4,L,NA,1,0,0
66,F,2025/6/7,18295,106.5,45,4,L,NA,1,0,0
66,F,2025/6/7,18310,107,45.5,4,L,NA,1,0,0
66,F,2025/6/7,18325,107.5,46,4,L,NA,1,0,0
66,F,2025/6/7,18340,108,46.5,4,L,NA,1,0,0
66,F,2025/6/7,18355,108.5,47,4,L,NA,1,0,0
66,F,2025/6/7,18370,109,47.5,4,L,NA,1,0,0
66,F,2025/6/7,18385,109.5,48,4,L,NA,1,0,0
66,F,2025/6/7,18400,110,48.5,4,L,NA,1,0,0
66,F,2025/6/7,18415,110.5,49,4,L,NA,1,0,0
66,F,2025/6/7,18430,111,49.5,4,L,NA,1,0,0
66,F,2025/6/7,18445,111.5,50,4,L,NA,1,0,0
66,F,2025/6/7,18460,112,50.5,4,L,NA,1,0,0
66,F,2025/6/7,18475,112.5,51,4,L,NA,1,0,0
66,F,2025/6/7,18490,113,51.5,4,L,NA,1,0,0
66,F,2025/6/7,18505,113.5,52,4,L,NA,1,0,0
66,F,2025/6/7,18520,114,52.5,4,L,NA,1,0,0
66,F,2025/6/7,18535,114.5,53,4,L,NA,1,0,0
66,F,2025/6/7,18550,115,53.5,4,L,NA,1,0,0
66,F,2025/6/7,18565,115.5,54,4,L,NA,1,0,0
66,F,2025/6/7,18580,116,54.5,4,L,NA,1,0,0
66,F,2025/6/7,18595,116.5,55,4,L,NA,1,0,0
66,F,2025/6/7,18610,117,55.5,4,L,NA,1,0,0
66,F,2025/6/7,18625,117.5,56,4,L,NA,1,0,0
66,F,2025/6/7,18640,118,56.5,4,L,NA,1,0,0
66,F,2025/6/7,18655,118.5,57,4,L,NA,1,0,0
66,F,2025/6/7,18670,119,57.5,4,L,NA,1,0,0
66,F,2025/6/7,18685,119.5,58,4,L,NA,1,0,0
66,F,2025/6/7,18700,120,58.5,4,L,NA,1,0,0
66,F,2025/6/7,18715,120.5,59,4,L,NA,1,0,0
66,F,2025/6/7,18730,121,59.5,4,L,NA,1,0,0
66,F,2025/6/7,18745,121.5,60,4,L,NA,1,0,0
66,F,2025/6/7,19275,0,NA,5,R,NA,0,0,0
66,F,2025/6/7,19290,0.5,NA,5,R,NA,0,0,0
66,F,2025/6/7,19305,1,NA,5,R,NA,0,0,0
66,F,2025/6/7,19320,1.5,NA,5,R,NA,0,0,0
66,F,2025/6/7,19335,2,NA,5,R,NA,0,0,0
66,F,2025/6/7,19350,2.5,NA,5,R,NA,0,0,0
66,F,2025/6/7,19365,3,NA,5,R,NA,0,0,0
66,F,2025/6/7,19380,3.5,NA,5,R,NA,0,0,0
66,F,2025/6/7,19395,4,NA,5,R,NA,0,0,0
66,F,2025/6/7,19410,4.5,NA,5,R,NA,0,0,0
66,F,2025/6/7,19425,5,NA,5,R,NA,0,0,0
66,F,2025/6/7,19440,5.5,NA,5,R,NA,0,0,0
66,F,2025/6/7,19455,6,NA,5,R,NA,0,0,0
66,F,2025/6/7,19470,6.5,NA,5,R,NA,0,0,0
66,F,2025/6/7,19485,7,NA,5,R,NA,0,0,0
66,F,2025/6/7,19500,7.5,NA,5,R,NA,0,0,0
66,F,2025/6/7,19515,8,NA,5,R,NA,0,0,0
66,F,2025/6/7,19530,8.5,NA,5,R,NA,0,0,0
66,F,2025/6/7,19545,9,NA,5,R,NA,0,0,0
66,F,2025/6/7,19560,9.5,NA,5,R,NA,0,0,0
66,F,2025/6/7,19575,10,NA,5,R,NA,0,0,0
66,F,2025/6/7,19590,10.5,NA,5,R,NA,0,0,0
66,F,2025/6/7,19605,11,NA,5,R,NA,0,0,0
66,F,2025/6/7,19620,11.5,NA,5,R,NA,0,0,0
66,F,2025/6/7,19635,12,NA,5,R,NA,0,0,0
66,F,2025/6/7,19650,12.5,NA,5,R,NA,0,0,0
66,F,2025/6/7,19665,13,NA,5,R,NA,0,0,0
66,F,2025/6/7,19680,13.5,NA,5,R,NA,0,0,0
66,F,2025/6/7,19695,14,NA,5,R,NA,0,0,0
66,F,2025/6/7,19710,14.5,NA,5,R,NA,0,0,0
66,F,2025/6/7,19725,15,NA,5,R,NA,0,0,0
66,F,2025/6/7,19740,15.5,NA,5,R,NA,0,0,0
66,F,2025/6/7,19755,16,NA,5,R,NA,0,0,0
66,F,2025/6/7,19770,16.5,NA,5,R,NA,0,0,0
66,F,2025/6/7,19785,17,NA,5,R,NA,0,0,0
66,F,2025/6/7,19800,17.5,NA,5,R,NA,0,0,0
66,F,2025/6/7,19815,18,NA,5,R,NA,0,0,0
66,F,2025/6/7,19830,18.5,NA,5,R,NA,0,0,0
66,F,2025/6/7,19845,19,NA,5,R,NA,0,0,0
66,F,2025/6/7,19860,19.5,NA,5,R,NA,0,0,0
66,F,2025/6/7,19875,20,NA,5,R,NA,0,0,0
66,F,2025/6/7,19890,20.5,NA,5,R,NA,0,0,0
66,F,2025/6/7,19905,21,NA,5,R,NA,0,0,0
66,F,2025/6/7,19920,21.5,NA,5,R,NA,0,0,0
66,F,2025/6/7,19935,22,NA,5,R,NA,0,0,0
66,F,2025/6/7,19950,22.5,NA,5,R,NA,0,0,0
66,F,2025/6/7,19965,23,NA,5,R,NA,0,0,0
66,F,2025/6/7,19980,23.5,NA,5,R,NA,0,0,0
66,F,2025/6/7,19995,24,NA,5,R,NA,0,0,0
66,F,2025/6/7,20010,24.5,NA,5,R,NA,0,0,0
66,F,2025/6/7,20025,25,NA,5,R,NA,0,0,0
66,F,2025/6/7,20040,25.5,NA,5,R,NA,0,0,0
66,F,2025/6/7,20055,26,NA,5,R,NA,0,0,0
66,F,2025/6/7,20070,26.5,NA,5,R,NA,0,0,0
66,F,2025/6/7,20085,27,NA,5,R,NA,0,0,0
66,F,2025/6/7,20100,27.5,NA,5,R,NA,0,0,0
66,F,2025/6/7,20115,28,NA,5,R,NA,0,0,0
66,F,2025/6/7,20130,28.5,NA,5,R,NA,0,0,0
66,F,2025/6/7,20145,29,NA,5,R,NA,0,0,0
66,F,2025/6/7,20160,29.5,NA,5,R,NA,0,0,0
66,F,2025/6/7,20175,30,NA,5,R,NA,0,0,0
66,F,2025/6/7,20190,30.5,NA,5,R,NA,0,0,0
66,F,2025/6/7,20205,31,NA,5,R,NA,0,0,0
66,F,2025/6/7,20220,31.5,NA,5,R,NA,0,0,0
66,F,2025/6/7,20235,32,NA,5,R,NA,0,0,0
66,F,2025/6/7,20250,32.5,NA,5,R,NA,0,0,0
66,F,2025/6/7,20265,33,NA,5,R,NA,0,0,0
66,F,2025/6/7,20280,33.5,NA,5,R,NA,0,0,0
66,F,2025/6/7,20295,34,NA,5,R,NA,0,0,0
66,F,2025/6/7,20310,34.5,NA,5,R,NA,0,0,0
66,F,2025/6/7,20325,35,NA,5,R,NA,0,0,0
66,F,2025/6/7,20340,35.5,NA,5,R,NA,0,0,0
66,F,2025/6/7,20355,36,NA,5,R,NA,0,0,0
66,F,2025/6/7,20370,36.5,NA,5,R,NA,0,0,0
66,F,2025/6/7,20385,37,NA,5,R,NA,0,0,0
66,F,2025/6/7,20400,37.5,NA,5,R,NA,0,0,0
66,F,2025/6/7,20415,38,NA,5,R,NA,0,0,0
66,F,2025/6/7,20430,38.5,NA,5,R,NA,0,0,0
66,F,2025/6/7,20445,39,NA,5,R,NA,0,0,0
66,F,2025/6/7,20460,39.5,NA,5,R,NA,0,0,0
66,F,2025/6/7,20475,40,NA,5,R,NA,0,0,0
66,F,2025/6/7,20490,40.5,NA,5,R,NA,0,0,0
66,F,2025/6/7,20505,41,NA,5,R,NA,0,0,0
66,F,2025/6/7,20520,41.5,NA,5,R,NA,0,0,0
66,F,2025/6/7,20535,42,NA,5,R,NA,0,0,0
66,F,2025/6/7,20550,42.5,NA,5,R,NA,0,0,0
66,F,2025/6/7,20565,43,NA,5,R,NA,0,0,0
66,F,2025/6/7,20580,43.5,NA,5,R,NA,0,0,0
66,F,2025/6/7,20595,44,NA,5,R,NA,0,0,0
66,F,2025/6/7,20610,44.5,0,5,R,NA,1,0,0
66,F,2025/6/7,20625,45,0.5,5,R,NA,1,0,0
66,F,2025/6/7,20640,45.5,1,5,R,NA,1,0,0
66,F,2025/6/7,20655,46,1.5,5,R,NA,1,0,0
66,F,2025/6/7,20670,46.5,2,5,R,NA,1,0,0
66,F,2025/6/7,20685,47,2.5,5,R,NA,1,0,0
66,F,2025/6/7,20700,47.5,3,5,R,NA,1,0,0
66,F,2025/6/7,20715,48,3.5,5,R,NA,1,0,0
66,F,2025/6/7,20730,48.5,4,5,R,NA,1,0,0
66,F,2025/6/7,20745,49,4.5,5,R,NA,1,0,0
66,F,2025/6/7,20760,49.5,5,5,R,NA,1,0,0
66,F,2025/6/7,20775,50,5.5,5,R,NA,1,0,0
66,F,2025/6/7,20790,50.5,6,5,R,NA,1,0,0
66,F,2025/6/7,20805,51,6.5,5,R,NA,1,0,0
66,F,2025/6/7,20820,51.5,7,5,R,NA,1,0,0
66,F,2025/6/7,20835,52,7.5,5,R,NA,1,0,0
66,F,2025/6/7,20850,52.5,8,5,R,NA,1,0,0
66,F,2025/6/7,20865,53,8.5,5,R,NA,1,0,0
66,F,2025/6/7,20880,53.5,9,5,R,NA,1,0,0
66,F,2025/6/7,20895,54,9.5,5,R,NA,1,0,0
66,F,2025/6/7,20910,54.5,10,5,R,NA,1,0,0
66,F,2025/6/7,20925,55,10.5,5,R,NA,1,0,0
66,F,2025/6/7,20940,55.5,11,5,R,NA,1,0,0
66,F,2025/6/7,20955,56,11.5,5,R,NA,1,0,0
66,F,2025/6/7,20970,56.5,12,5,R,NA,1,0,0
66,F,2025/6/7,20985,57,12.5,5,R,NA,1,0,0
66,F,2025/6/7,21000,57.5,13,5,R,NA,1,0,0
66,F,2025/6/7,21015,58,13.5,5,R,NA,1,0,0
66,F,2025/6/7,21030,58.5,14,5,R,NA,1,0,0
66,F,2025/6/7,21045,59,14.5,5,R,NA,1,0,0
66,F,2025/6/7,21060,59.5,15,5,R,NA,1,0,0
66,F,2025/6/7,21075,60,15.5,5,R,NA,1,0,0
66,F,2025/6/7,21090,60.5,16,5,R,NA,1,0,0
66,F,2025/6/7,21105,61,16.5,5,R,NA,1,0,0
66,F,2025/6/7,21120,61.5,17,5,R,NA,1,0,0
66,F,2025/6/7,21135,62,17.5,5,R,NA,1,0,0
66,F,2025/6/7,21150,62.5,18,5,R,NA,1,0,0
66,F,2025/6/7,21165,63,18.5,5,R,NA,1,0,0
66,F,2025/6/7,21180,63.5,19,5,R,NA,1,0,0
66,F,2025/6/7,21195,64,19.5,5,R,NA,1,0,0
66,F,2025/6/7,21210,64.5,20,5,R,NA,1,0,0
66,F,2025/6/7,21225,65,20.5,5,R,NA,1,0,0
66,F,2025/6/7,21240,65.5,21,5,R,NA,1,0,0
66,F,2025/6/7,21255,66,21.5,5,R,NA,1,0,0
66,F,2025/6/7,21270,66.5,22,5,R,NA,1,0,0
66,F,2025/6/7,21285,67,22.5,5,R,NA,1,0,0
66,F,2025/6/7,21300,67.5,23,5,R,NA,1,0,0
66,F,2025/6/7,21315,68,23.5,5,R,NA,1,0,0
66,F,2025/6/7,21330,68.5,24,5,R,NA,1,0,0
66,F,2025/6/7,21345,69,24.5,5,R,NA,1,0,0
66,F,2025/6/7,21360,69.5,25,5,R,NA,1,0,0
66,F,2025/6/7,21375,70,25.5,5,R,NA,1,0,0
66,F,2025/6/7,21390,70.5,26,5,R,NA,1,0,0
66,F,2025/6/7,21405,71,26.5,5,R,NA,1,0,0
66,F,2025/6/7,21420,71.5,27,5,R,NA,1,0,0
66,F,2025/6/7,21435,72,27.5,5,R,NA,1,0,0
66,F,2025/6/7,21450,72.5,28,5,R,NA,1,0,0
66,F,2025/6/7,21465,73,28.5,5,R,NA,1,0,0
66,F,2025/6/7,21480,73.5,29,5,R,NA,1,0,0
66,F,2025/6/7,21495,74,29.5,5,R,NA,1,0,0
66,F,2025/6/7,21510,74.5,30,5,R,NA,1,0,0
66,F,2025/6/7,21525,75,30.5,5,R,NA,1,0,0
66,F,2025/6/7,21540,75.5,31,5,R,NA,1,0,0
66,F,2025/6/7,21555,76,31.5,5,R,NA,1,0,0
66,F,2025/6/7,21570,76.5,32,5,R,NA,1,0,0
66,F,2025/6/7,21585,77,32.5,5,R,NA,1,0,0
66,F,2025/6/7,21600,77.5,33,5,R,NA,1,0,0
66,F,2025/6/7,21615,78,33.5,5,R,NA,1,0,0
66,F,2025/6/7,21630,78.5,34,5,R,NA,1,0,0
66,F,2025/6/7,21645,79,34.5,5,R,NA,1,0,0
66,F,2025/6/7,21660,79.5,35,5,R,NA,1,0,0
66,F,2025/6/7,21675,80,35.5,5,R,NA,1,0,0
66,F,2025/6/7,21690,80.5,36,5,R,NA,1,0,0
66,F,2025/6/7,21705,81,36.5,5,R,NA,1,0,0
66,F,2025/6/7,21720,81.5,37,5,R,NA,1,0,0
66,F,2025/6/7,21735,82,37.5,5,R,NA,1,0,0
66,F,2025/6/7,21750,82.5,38,5,R,NA,1,0,0
66,F,2025/6/7,21765,83,38.5,5,R,NA,1,0,0
66,F,2025/6/7,21780,83.5,39,5,R,NA,1,0,0
66,F,2025/6/7,21795,84,39.5,5,R,NA,1,0,0
66,F,2025/6/7,21810,84.5,40,5,R,NA,1,0,0
66,F,2025/6/7,21825,85,40.5,5,R,NA,1,0,0
66,F,2025/6/7,21840,85.5,41,5,R,NA,1,0,0
66,F,2025/6/7,21855,86,41.5,5,R,NA,1,0,0
66,F,2025/6/7,21870,86.5,42,5,R,NA,1,0,0
66,F,2025/6/7,21885,87,42.5,5,R,NA,1,0,0
66,F,2025/6/7,21900,87.5,43,5,R,NA,1,0,0
66,F,2025/6/7,21915,88,43.5,5,R,NA,1,0,0
66,F,2025/6/7,21930,88.5,44,5,R,NA,1,0,0
66,F,2025/6/7,21945,89,44.5,5,R,NA,1,0,0
66,F,2025/6/7,21960,89.5,45,5,R,NA,1,0,0
66,F,2025/6/7,21975,90,45.5,5,R,NA,1,0,0
66,F,2025/6/7,21990,90.5,46,5,R,NA,1,0,0
66,F,2025/6/7,22005,91,46.5,5,R,NA,1,0,0
66,F,2025/6/7,22020,91.5,47,5,R,NA,1,0,0
66,F,2025/6/7,22035,92,47.5,5,R,NA,1,0,0
66,F,2025/6/7,22050,92.5,48,5,R,NA,1,0,0
66,F,2025/6/7,22065,93,48.5,5,R,NA,1,0,0
66,F,2025/6/7,22080,93.5,49,5,R,NA,1,0,0
66,F,2025/6/7,22095,94,49.5,5,R,NA,1,0,0
66,F,2025/6/7,22110,94.5,50,5,R,NA,1,0,0
66,F,2025/6/7,22125,95,50.5,5,R,NA,1,0,0
66,F,2025/6/7,22140,95.5,51,5,R,NA,1,0,0
66,F,2025/6/7,22155,96,51.5,5,R,NA,1,0,0
66,F,2025/6/7,22170,96.5,52,5,R,NA,1,0,0
66,F,2025/6/7,22185,97,52.5,5,R,NA,1,0,0
66,F,2025/6/7,22200,97.5,53,5,R,NA,1,0,0
66,F,2025/6/7,22215,98,53.5,5,R,NA,1,0,0
66,F,2025/6/7,22230,98.5,54,5,R,NA,1,0,0
66,F,2025/6/7,22245,99,54.5,5,R,NA,1,0,0
66,F,2025/6/7,22260,99.5,55,5,R,NA,1,0,0
66,F,2025/6/7,22275,100,55.5,5,R,NA,1,0,0
66,F,2025/6/7,22290,100.5,56,5,R,NA,1,0,0
66,F,2025/6/7,22305,101,56.5,5,R,NA,1,0,0
66,F,2025/6/7,22320,101.5,57,5,R,NA,1,0,0
66,F,2025/6/7,22335,102,57.5,5,R,NA,1,0,0
66,F,2025/6/7,22350,102.5,58,5,R,NA,1,0,0
66,F,2025/6/7,22365,103,58.5,5,R,NA,1,0,0
66,F,2025/6/7,22380,103.5,59,5,R,NA,1,0,0
66,F,2025/6/7,22395,104,59.5,5,R,NA,1,0,0
66,F,2025/6/7,22410,104.5,60,5,R,NA,1,0,0
66,F,2025/6/7,22910,0,NA,6,L,NA,0,0,0
66,F,2025/6/7,22925,0.5,NA,6,L,NA,0,0,0
66,F,2025/6/7,22940,1,NA,6,L,NA,0,0,0
66,F,2025/6/7,22955,1.5,0,6,L,NA,1,0,0
66,F,2025/6/7,22970,2,0.5,6,L,NA,1,0,0
66,F,2025/6/7,22985,2.5,1,6,L,NA,1,0,0
66,F,2025/6/7,23000,3,1.5,6,L,NA,1,0,0
66,F,2025/6/7,23015,3.5,2,6,L,NA,1,0,0
66,F,2025/6/7,23030,4,2.5,6,L,NA,1,0,0
66,F,2025/6/7,23045,4.5,3,6,L,NA,1,0,0
66,F,2025/6/7,23060,5,3.5,6,L,NA,1,0,0
66,F,2025/6/7,23075,5.5,4,6,L,NA,1,0,0
66,F,2025/6/7,23090,6,4.5,6,L,NA,1,0,0
66,F,2025/6/7,23105,6.5,5,6,L,NA,1,0,0
66,F,2025/6/7,23120,7,5.5,6,L,NA,1,0,0
66,F,2025/6/7,23135,7.5,6,6,L,NA,1,0,0
66,F,2025/6/7,23150,8,6.5,6,L,NA,1,0,0
66,F,2025/6/7,23165,8.5,7,6,L,NA,1,0,0
66,F,2025/6/7,23180,9,7.5,6,L,NA,1,0,0
66,F,2025/6/7,23195,9.5,8,6,L,NA,1,0,0
66,F,2025/6/7,23210,10,8.5,6,L,NA,1,0,0
66,F,2025/6/7,23225,10.5,9,6,L,NA,1,0,0
66,F,2025/6/7,23240,11,9.5,6,L,NA,1,0,0
66,F,2025/6/7,23255,11.5,10,6,L,NA,1,0,0
66,F,2025/6/7,23270,12,10.5,6,L,NA,1,0,0
66,F,2025/6/7,23285,12.5,11,6,L,NA,1,0,0
66,F,2025/6/7,23300,13,11.5,6,L,NA,1,0,0
66,F,2025/6/7,23315,13.5,12,6,L,NA,1,0,0
66,F,2025/6/7,23330,14,12.5,6,L,NA,1,0,0
66,F,2025/6/7,23345,14.5,13,6,L,NA,1,0,0
66,F,2025/6/7,23360,15,13.5,6,L,NA,1,0,0
66,F,2025/6/7,23375,15.5,14,6,L,NA,1,0,0
66,F,2025/6/7,23390,16,14.5,6,L,NA,1,0,0
66,F,2025/6/7,23405,16.5,15,6,L,NA,1,0,0
66,F,2025/6/7,23420,17,15.5,6,L,NA,1,0,0
66,F,2025/6/7,23435,17.5,16,6,L,NA,1,0,0
66,F,2025/6/7,23450,18,16.5,6,L,NA,1,0,0
66,F,2025/6/7,23465,18.5,17,6,L,NA,1,0,0
66,F,2025/6/7,23480,19,17.5,6,L,NA,1,0,0
66,F,2025/6/7,23495,19.5,18,6,L,NA,1,0,0
66,F,2025/6/7,23510,20,18.5,6,L,NA,1,0,0
66,F,2025/6/7,23525,20.5,19,6,L,NA,1,0,0
66,F,2025/6/7,23540,21,19.5,6,L,NA,1,0,0
66,F,2025/6/7,23555,21.5,20,6,L,NA,1,0,0
66,F,2025/6/7,23570,22,20.5,6,L,NA,1,0,0
66,F,2025/6/7,23585,22.5,21,6,L,NA,1,0,0
66,F,2025/6/7,23600,23,21.5,6,L,NA,1,0,0
66,F,2025/6/7,23615,23.5,22,6,L,NA,1,0,0
66,F,2025/6/7,23630,24,22.5,6,L,NA,1,0,0
66,F,2025/6/7,23645,24.5,23,6,L,NA,1,0,0
66,F,2025/6/7,23660,25,23.5,6,L,NA,1,0,0
66,F,2025/6/7,23675,25.5,24,6,L,NA,1,0,0
66,F,2025/6/7,23690,26,24.5,6,L,NA,1,0,0
66,F,2025/6/7,23705,26.5,25,6,L,NA,1,0,0
66,F,2025/6/7,23720,27,25.5,6,L,NA,1,0,0
66,F,2025/6/7,23735,27.5,26,6,L,NA,1,0,0
66,F,2025/6/7,23750,28,26.5,6,L,NA,1,0,0
66,F,2025/6/7,23765,28.5,27,6,L,NA,1,0,0
66,F,2025/6/7,23780,29,27.5,6,L,NA,1,0,0
66,F,2025/6/7,23795,29.5,28,6,L,NA,1,0,0
66,F,2025/6/7,23810,30,28.5,6,L,NA,1,0,0
66,F,2025/6/7,23825,30.5,29,6,L,NA,1,0,0
66,F,2025/6/7,23840,31,29.5,6,L,NA,1,0,0
66,F,2025/6/7,23855,31.5,30,6,L,NA,1,0,0
66,F,2025/6/7,23870,32,30.5,6,L,NA,1,0,0
66,F,2025/6/7,23885,32.5,31,6,L,NA,1,0,0
66,F,2025/6/7,23900,33,31.5,6,L,NA,1,0,0
66,F,2025/6/7,23915,33.5,32,6,L,NA,1,0,0
66,F,2025/6/7,23930,34,32.5,6,L,NA,1,0,0
66,F,2025/6/7,23945,34.5,33,6,L,NA,1,0,0
66,F,2025/6/7,23960,35,33.5,6,L,NA,1,0,0
66,F,2025/6/7,23975,35.5,34,6,L,NA,1,0,0
66,F,2025/6/7,23990,36,34.5,6,L,NA,1,0,0
66,F,2025/6/7,24005,36.5,35,6,L,NA,1,0,0
66,F,2025/6/7,24020,37,35.5,6,L,NA,1,0,0
66,F,2025/6/7,24035,37.5,36,6,L,NA,1,0,0
66,F,2025/6/7,24050,38,36.5,6,L,NA,1,0,0
66,F,2025/6/7,24065,38.5,37,6,L,NA,1,0,0
66,F,2025/6/7,24080,39,37.5,6,L,NA,1,0,0
66,F,2025/6/7,24095,39.5,38,6,L,NA,1,0,0
66,F,2025/6/7,24110,40,38.5,6,L,NA,1,0,0
66,F,2025/6/7,24125,40.5,39,6,L,NA,1,0,0
66,F,2025/6/7,24140,41,39.5,6,L,NA,1,0,0
66,F,2025/6/7,24155,41.5,40,6,L,NA,1,0,0
66,F,2025/6/7,24170,42,40.5,6,L,NA,1,0,0
66,F,2025/6/7,24185,42.5,41,6,L,NA,1,0,0
66,F,2025/6/7,24200,43,41.5,6,L,NA,1,0,0
66,F,2025/6/7,24215,43.5,42,6,L,NA,1,0,0
66,F,2025/6/7,24230,44,42.5,6,L,NA,1,0,0
66,F,2025/6/7,24245,44.5,43,6,L,NA,1,0,0
66,F,2025/6/7,24260,45,43.5,6,L,NA,1,0,0
66,F,2025/6/7,24275,45.5,44,6,L,NA,1,0,0
66,F,2025/6/7,24290,46,44.5,6,L,NA,1,0,0
66,F,2025/6/7,24305,46.5,45,6,L,NA,1,0,0
66,F,2025/6/7,24320,47,45.5,6,L,NA,1,0,0
66,F,2025/6/7,24335,47.5,46,6,L,NA,1,0,0
66,F,2025/6/7,24350,48,46.5,6,L,NA,1,0,0
66,F,2025/6/7,24365,48.5,47,6,L,NA,1,0,0
66,F,2025/6/7,24380,49,47.5,6,L,NA,1,0,0
66,F,2025/6/7,24395,49.5,48,6,L,NA,1,0,0
66,F,2025/6/7,24410,50,48.5,6,L,NA,1,0,0
66,F,2025/6/7,24425,50.5,49,6,L,NA,1,0,0
66,F,2025/6/7,24440,51,49.5,6,L,NA,1,0,0
66,F,2025/6/7,24455,51.5,50,6,L,NA,1,0,0
66,F,2025/6/7,24470,52,50.5,6,L,NA,1,0,0
66,F,2025/6/7,24485,52.5,51,6,L,NA,1,0,0
66,F,2025/6/7,24500,53,51.5,6,L,NA,1,0,0
66,F,2025/6/7,24515,53.5,52,6,L,NA,1,0,0
66,F,2025/6/7,24530,54,52.5,6,L,NA,1,0,0
66,F,2025/6/7,24545,54.5,53,6,L,NA,1,0,0
66,F,2025/6/7,24560,55,53.5,6,L,NA,1,0,0
66,F,2025/6/7,24575,55.5,54,6,L,NA,1,0,0
66,F,2025/6/7,24590,56,54.5,6,L,NA,1,0,0
66,F,2025/6/7,24605,56.5,55,6,L,NA,1,0,0
66,F,2025/6/7,24620,57,55.5,6,L,NA,1,0,0
66,F,2025/6/7,24635,57.5,56,6,L,NA,1,0,0
66,F,2025/6/7,24650,58,56.5,6,L,NA,1,0,0
66,F,2025/6/7,24665,58.5,57,6,L,NA,1,0,0
66,F,2025/6/7,24680,59,57.5,6,L,NA,1,0,0
66,F,2025/6/7,24695,59.5,58,6,L,NA,1,0,0
66,F,2025/6/7,24710,60,58.5,6,L,NA,1,0,0
66,F,2025/6/7,24725,60.5,59,6,L,NA,1,0,0
66,F,2025/6/7,24740,61,59.5,6,L,NA,1,0,0
66,F,2025/6/7,24755,61.5,60,6,L,NA,1,0,0
66,F,2025/6/7,25280,0,NA,7,R,NA,0,0,0
66,F,2025/6/7,25295,0.5,NA,7,R,NA,0,0,0
66,F,2025/6/7,25310,1,0,7,R,NA,1,0,0
66,F,2025/6/7,25325,1.5,0.5,7,R,NA,1,0,0
66,F,2025/6/7,25340,2,1,7,R,NA,1,0,0
66,F,2025/6/7,25355,2.5,1.5,7,R,NA,1,0,0
66,F,2025/6/7,25370,3,2,7,R,NA,1,0,0
66,F,2025/6/7,25385,3.5,2.5,7,R,NA,1,0,0
66,F,2025/6/7,25400,4,3,7,R,NA,1,0,0
66,F,2025/6/7,25415,4.5,3.5,7,R,NA,1,0,0
66,F,2025/6/7,25430,5,4,7,R,NA,1,0,0
66,F,2025/6/7,25445,5.5,4.5,7,R,NA,1,0,0
66,F,2025/6/7,25460,6,5,7,R,NA,1,0,0
66,F,2025/6/7,25475,6.5,5.5,7,R,NA,1,0,0
66,F,2025/6/7,25490,7,6,7,R,NA,1,0,0
66,F,2025/6/7,25505,7.5,6.5,7,R,NA,1,0,0
66,F,2025/6/7,25520,8,7,7,R,NA,1,0,0
66,F,2025/6/7,25535,8.5,7.5,7,R,NA,1,0,0
66,F,2025/6/7,25550,9,8,7,R,NA,1,0,0
66,F,2025/6/7,25565,9.5,8.5,7,R,NA,1,0,0
66,F,2025/6/7,25580,10,9,7,R,NA,1,0,0
66,F,2025/6/7,25595,10.5,9.5,7,R,NA,1,0,0
66,F,2025/6/7,25610,11,10,7,R,NA,1,0,0
66,F,2025/6/7,25625,11.5,10.5,7,R,NA,1,0,0
66,F,2025/6/7,25640,12,11,7,R,NA,1,0,0
66,F,2025/6/7,25655,12.5,11.5,7,R,NA,1,0,0
66,F,2025/6/7,25670,13,12,7,R,NA,1,0,0
66,F,2025/6/7,25685,13.5,12.5,7,R,NA,1,0,0
66,F,2025/6/7,25700,14,13,7,R,NA,1,0,0
66,F,2025/6/7,25715,14.5,13.5,7,R,NA,1,0,0
66,F,2025/6/7,25730,15,14,7,R,NA,1,0,0
66,F,2025/6/7,25745,15.5,14.5,7,R,NA,1,0,0
66,F,2025/6/7,25760,16,15,7,R,NA,1,0,0
66,F,2025/6/7,25775,16.5,15.5,7,R,NA,1,0,0
66,F,2025/6/7,25790,17,16,7,R,NA,1,0,0
66,F,2025/6/7,25805,17.5,16.5,7,R,NA,1,0,0
66,F,2025/6/7,25820,18,17,7,R,NA,1,0,0
66,F,2025/6/7,25835,18.5,17.5,7,R,NA,1,0,0
66,F,2025/6/7,25850,19,18,7,R,NA,1,0,0
66,F,2025/6/7,25865,19.5,18.5,7,R,NA,1,0,0
66,F,2025/6/7,25880,20,19,7,R,NA,1,0,0
66,F,2025/6/7,25895,20.5,19.5,7,R,NA,1,0,0
66,F,2025/6/7,25910,21,20,7,R,NA,1,0,0
66,F,2025/6/7,25925,21.5,20.5,7,R,NA,1,0,0
66,F,2025/6/7,25940,22,21,7,R,NA,1,0,0
66,F,2025/6/7,25955,22.5,21.5,7,R,NA,1,0,0
66,F,2025/6/7,25970,23,22,7,R,NA,1,0,0
66,F,2025/6/7,25985,23.5,22.5,7,R,NA,1,0,0
66,F,2025/6/7,26000,24,23,7,R,NA,1,0,0
66,F,2025/6/7,26015,24.5,23.5,7,R,NA,1,0,0
66,F,2025/6/7,26030,25,24,7,R,NA,1,0,0
66,F,2025/6/7,26045,25.5,24.5,7,R,NA,1,0,0
66,F,2025/6/7,26060,26,25,7,R,NA,1,0,0
66,F,2025/6/7,26075,26.5,25.5,7,R,NA,1,0,0
66,F,2025/6/7,26090,27,26,7,R,NA,1,0,0
66,F,2025/6/7,26105,27.5,26.5,7,R,NA,1,0,0
66,F,2025/6/7,26120,28,27,7,R,NA,1,0,0
66,F,2025/6/7,26135,28.5,27.5,7,R,NA,1,0,0
66,F,2025/6/7,26150,29,28,7,R,NA,1,0,0
66,F,2025/6/7,26165,29.5,28.5,7,R,NA,1,0,0
66,F,2025/6/7,26180,30,29,7,R,NA,1,0,0
66,F,2025/6/7,26195,30.5,29.5,7,R,NA,1,0,0
66,F,2025/6/7,26210,31,30,7,R,NA,1,0,0
66,F,2025/6/7,26225,31.5,30.5,7,R,NA,1,0,0
66,F,2025/6/7,26240,32,31,7,R,NA,1,0,0
66,F,2025/6/7,26255,32.5,31.5,7,R,NA,1,0,0
66,F,2025/6/7,26270,33,32,7,R,NA,1,0,0
66,F,2025/6/7,26285,33.5,32.5,7,R,NA,1,0,0
66,F,2025/6/7,26300,34,33,7,R,NA,1,0,0
66,F,2025/6/7,26315,34.5,33.5,7,R,NA,1,0,0
66,F,2025/6/7,26330,35,34,7,R,NA,1,0,0
66,F,2025/6/7,26345,35.5,34.5,7,R,NA,1,0,0
66,F,2025/6/7,26360,36,35,7,R,NA,1,0,0
66,F,2025/6/7,26375,36.5,35.5,7,R,NA,1,0,0
66,F,2025/6/7,26390,37,36,7,R,NA,1,0,0
66,F,2025/6/7,26405,37.5,36.5,7,R,NA,1,0,0
66,F,2025/6/7,26420,38,37,7,R,NA,1,0,0
66,F,2025/6/7,26435,38.5,37.5,7,R,NA,1,0,0
66,F,2025/6/7,26450,39,38,7,R,NA,1,0,0
66,F,2025/6/7,26465,39.5,38.5,7,R,NA,1,0,0
66,F,2025/6/7,26480,40,39,7,R,NA,1,0,0
66,F,2025/6/7,26495,40.5,39.5,7,R,NA,1,0,0
66,F,2025/6/7,26510,41,40,7,R,NA,1,0,0
66,F,2025/6/7,26525,41.5,40.5,7,R,NA,1,0,0
66,F,2025/6/7,26540,42,41,7,R,NA,1,0,0
66,F,2025/6/7,26555,42.5,41.5,7,R,NA,1,0,0
66,F,2025/6/7,26570,43,42,7,R,NA,1,0,0
66,F,2025/6/7,26585,43.5,42.5,7,R,NA,1,0,0
66,F,2025/6/7,26600,44,43,7,R,NA,1,0,0
66,F,2025/6/7,26615,44.5,43.5,7,R,NA,1,0,0
66,F,2025/6/7,26630,45,44,7,R,NA,1,0,0
66,F,2025/6/7,26645,45.5,44.5,7,R,NA,1,0,0
66,F,2025/6/7,26660,46,45,7,R,NA,1,0,0
66,F,2025/6/7,26675,46.5,45.5,7,R,NA,1,0,0
66,F,2025/6/7,26690,47,46,7,R,NA,1,0,0
66,F,2025/6/7,26705,47.5,46.5,7,R,NA,1,0,0
66,F,2025/6/7,26720,48,47,7,R,NA,1,0,0
66,F,2025/6/7,26735,48.5,47.5,7,R,NA,1,0,0
66,F,2025/6/7,26750,49,48,7,R,NA,1,0,0
66,F,2025/6/7,26765,49.5,48.5,7,R,NA,1,0,0
66,F,2025/6/7,26780,50,49,7,R,NA,1,0,0
66,F,2025/6/7,26795,50.5,49.5,7,R,NA,1,0,0
66,F,2025/6/7,26810,51,50,7,R,NA,1,0,0
66,F,2025/6/7,26825,51.5,50.5,7,R,NA,1,0,0
66,F,2025/6/7,26840,52,51,7,R,NA,1,0,0
66,F,2025/6/7,26855,52.5,51.5,7,R,NA,1,0,0
66,F,2025/6/7,26870,53,52,7,R,NA,1,0,0
66,F,2025/6/7,26885,53.5,52.5,7,R,NA,1,0,0
66,F,2025/6/7,26900,54,53,7,R,NA,1,0,0
66,F,2025/6/7,26915,54.5,53.5,7,R,NA,1,0,0
66,F,2025/6/7,26930,55,54,7,R,NA,1,0,0
66,F,2025/6/7,26945,55.5,54.5,7,R,NA,1,0,0
66,F,2025/6/7,26960,56,55,7,R,NA,1,0,0
66,F,2025/6/7,26975,56.5,55.5,7,R,NA,1,0,0
66,F,2025/6/7,26990,57,56,7,R,NA,1,0,0
66,F,2025/6/7,27005,57.5,56.5,7,R,NA,1,0,0
66,F,2025/6/7,27020,58,57,7,R,NA,1,0,0
66,F,2025/6/7,27035,58.5,57.5,7,R,NA,1,0,0
66,F,2025/6/7,27050,59,58,7,R,NA,1,0,0
66,F,2025/6/7,27065,59.5,58.5,7,R,NA,1,0,0
66,F,2025/6/7,27080,60,59,7,R,NA,1,0,0
66,F,2025/6/7,27095,60.5,59.5,7,R,NA,1,0,0
66,F,2025/6/7,27110,61,60,7,R,NA,1,0,0
66,F,2025/6/7,27695,0,NA,8,L,NA,0,0,0
66,F,2025/6/7,27710,0.5,NA,8,L,NA,0,0,0
66,F,2025/6/7,27725,1,NA,8,L,NA,0,0,0
66,F,2025/6/7,27740,1.5,NA,8,L,NA,0,0,0
66,F,2025/6/7,27755,2,NA,8,L,NA,0,0,0
66,F,2025/6/7,27770,2.5,NA,8,L,NA,0,0,0
66,F,2025/6/7,27785,3,NA,8,L,NA,0,0,0
66,F,2025/6/7,27800,3.5,NA,8,L,NA,0,0,0
66,F,2025/6/7,27815,4,NA,8,L,NA,0,0,0
66,F,2025/6/7,27830,4.5,NA,8,L,NA,0,0,0
66,F,2025/6/7,27845,5,NA,8,L,NA,0,0,0
66,F,2025/6/7,27860,5.5,NA,8,L,NA,0,0,0
66,F,2025/6/7,27875,6,NA,8,L,NA,0,0,0
66,F,2025/6/7,27890,6.5,NA,8,L,NA,0,0,0
66,F,2025/6/7,27905,7,NA,8,L,NA,0,0,0
66,F,2025/6/7,27920,7.5,NA,8,L,NA,0,0,0
66,F,2025/6/7,27935,8,NA,8,L,NA,0,0,0
66,F,2025/6/7,27950,8.5,NA,8,L,NA,0,0,0
66,F,2025/6/7,27965,9,NA,8,L,NA,0,0,0
66,F,2025/6/7,27980,9.5,NA,8,L,NA,0,0,0
66,F,2025/6/7,27995,10,NA,8,L,NA,0,0,0
66,F,2025/6/7,28010,10.5,NA,8,L,NA,0,0,0
66,F,2025/6/7,28025,11,NA,8,L,NA,0,0,0
66,F,2025/6/7,28040,11.5,NA,8,L,NA,0,0,0
66,F,2025/6/7,28055,12,NA,8,L,NA,0,0,0
66,F,2025/6/7,28070,12.5,NA,8,L,NA,0,0,0
66,F,2025/6/7,28085,13,NA,8,L,NA,0,0,0
66,F,2025/6/7,28100,13.5,NA,8,L,NA,0,0,0
66,F,2025/6/7,28115,14,NA,8,L,NA,0,0,0
66,F,2025/6/7,28130,14.5,NA,8,L,NA,0,0,0
66,F,2025/6/7,28145,15,NA,8,L,NA,0,0,0
66,F,2025/6/7,28160,15.5,0,8,L,NA,1,0,0
66,F,2025/6/7,28175,16,0.5,8,L,NA,1,0,0
66,F,2025/6/7,28190,16.5,1,8,L,NA,1,0,0
66,F,2025/6/7,28205,17,1.5,8,L,NA,1,0,0
66,F,2025/6/7,28220,17.5,2,8,L,NA,1,0,0
66,F,2025/6/7,28235,18,2.5,8,L,NA,1,0,0
66,F,2025/6/7,28250,18.5,3,8,L,NA,1,0,0
66,F,2025/6/7,28265,19,3.5,8,L,NA,1,0,0
66,F,2025/6/7,28280,19.5,4,8,L,NA,1,0,0
66,F,2025/6/7,28295,20,4.5,8,L,NA,1,0,0
66,F,2025/6/7,28310,20.5,5,8,L,NA,1,0,0
66,F,2025/6/7,28325,21,5.5,8,L,NA,1,0,0
66,F,2025/6/7,28340,21.5,6,8,L,NA,1,0,0
66,F,2025/6/7,28355,22,6.5,8,L,NA,1,0,0
66,F,2025/6/7,28370,22.5,7,8,L,NA,1,0,0
66,F,2025/6/7,28385,23,7.5,8,L,NA,1,0,0
66,F,2025/6/7,28400,23.5,8,8,L,NA,1,0,0
66,F,2025/6/7,28415,24,8.5,8,L,NA,1,0,0
66,F,2025/6/7,28430,24.5,9,8,L,NA,1,0,0
66,F,2025/6/7,28445,25,9.5,8,L,NA,1,0,0
66,F,2025/6/7,28460,25.5,10,8,L,NA,1,0,0
66,F,2025/6/7,28475,26,10.5,8,L,NA,1,0,0
66,F,2025/6/7,28490,26.5,11,8,L,NA,1,0,0
66,F,2025/6/7,28505,27,11.5,8,L,NA,1,0,0
66,F,2025/6/7,28520,27.5,12,8,L,NA,1,0,0
66,F,2025/6/7,28535,28,12.5,8,L,NA,1,0,0
66,F,2025/6/7,28550,28.5,13,8,L,NA,1,0,0
66,F,2025/6/7,28565,29,13.5,8,L,NA,1,0,0
66,F,2025/6/7,28580,29.5,14,8,L,NA,1,0,0
66,F,2025/6/7,28595,30,14.5,8,L,NA,1,0,0
66,F,2025/6/7,28610,30.5,15,8,L,NA,1,0,0
66,F,2025/6/7,28625,31,15.5,8,L,NA,1,0,0
66,F,2025/6/7,28640,31.5,16,8,L,NA,1,0,0
66,F,2025/6/7,28655,32,16.5,8,L,NA,1,0,0
66,F,2025/6/7,28670,32.5,17,8,L,NA,1,0,0
66,F,2025/6/7,28685,33,17.5,8,L,NA,1,0,0
66,F,2025/6/7,28700,33.5,18,8,L,NA,1,0,0
66,F,2025/6/7,28715,34,18.5,8,L,NA,1,0,0
66,F,2025/6/7,28730,34.5,19,8,L,NA,1,0,0
66,F,2025/6/7,28745,35,19.5,8,L,NA,1,0,0
66,F,2025/6/7,28760,35.5,20,8,L,NA,1,0,0
66,F,2025/6/7,28775,36,20.5,8,L,NA,1,0,0
66,F,2025/6/7,28790,36.5,21,8,L,NA,1,0,0
66,F,2025/6/7,28805,37,21.5,8,L,NA,1,0,0
66,F,2025/6/7,28820,37.5,22,8,L,NA,1,0,0
66,F,2025/6/7,28835,38,22.5,8,L,NA,1,0,0
66,F,2025/6/7,28850,38.5,23,8,L,NA,1,0,0
66,F,2025/6/7,28865,39,23.5,8,L,NA,1,0,0
66,F,2025/6/7,28880,39.5,24,8,L,NA,1,0,0
66,F,2025/6/7,28895,40,24.5,8,L,NA,1,0,0
66,F,2025/6/7,28910,40.5,25,8,L,NA,1,0,0
66,F,2025/6/7,28925,41,25.5,8,L,NA,1,0,0
66,F,2025/6/7,28940,41.5,26,8,L,NA,1,0,0
66,F,2025/6/7,28955,42,26.5,8,L,NA,1,0,0
66,F,2025/6/7,28970,42.5,27,8,L,NA,1,0,0
66,F,2025/6/7,28985,43,27.5,8,L,NA,1,0,0
66,F,2025/6/7,29000,43.5,28,8,L,NA,1,0,0
66,F,2025/6/7,29015,44,28.5,8,L,NA,1,0,0
66,F,2025/6/7,29030,44.5,29,8,L,NA,1,0,0
66,F,2025/6/7,29045,45,29.5,8,L,NA,1,0,0
66,F,2025/6/7,29060,45.5,30,8,L,NA,1,0,0
66,F,2025/6/7,29075,46,30.5,8,L,NA,1,0,0
66,F,2025/6/7,29090,46.5,31,8,L,NA,1,0,0
66,F,2025/6/7,29105,47,31.5,8,L,NA,1,0,0
66,F,2025/6/7,29120,47.5,32,8,L,NA,1,0,0
66,F,2025/6/7,29135,48,32.5,8,L,NA,1,0,0
66,F,2025/6/7,29150,48.5,33,8,L,NA,1,0,0
66,F,2025/6/7,29165,49,33.5,8,L,NA,1,0,0
66,F,2025/6/7,29180,49.5,34,8,L,NA,1,0,0
66,F,2025/6/7,29195,50,34.5,8,L,NA,1,0,0
66,F,2025/6/7,29210,50.5,35,8,L,NA,1,0,0
66,F,2025/6/7,29225,51,35.5,8,L,NA,1,0,0
66,F,2025/6/7,29240,51.5,36,8,L,NA,1,0,0
66,F,2025/6/7,29255,52,36.5,8,L,NA,1,0,0
66,F,2025/6/7,29270,52.5,37,8,L,NA,1,0,0
66,F,2025/6/7,29285,53,37.5,8,L,NA,1,0,0
66,F,2025/6/7,29300,53.5,38,8,L,NA,1,0,0
66,F,2025/6/7,29315,54,38.5,8,L,NA,1,0,0
66,F,2025/6/7,29330,54.5,39,8,L,NA,1,0,0
66,F,2025/6/7,29345,55,39.5,8,L,NA,1,0,0
66,F,2025/6/7,29360,55.5,40,8,L,NA,1,0,0
66,F,2025/6/7,29375,56,40.5,8,L,NA,1,0,0
66,F,2025/6/7,29390,56.5,41,8,L,NA,1,0,0
66,F,2025/6/7,29405,57,41.5,8,L,NA,1,0,0
66,F,2025/6/7,29420,57.5,42,8,L,NA,1,0,0
66,F,2025/6/7,29435,58,42.5,8,L,NA,1,0,0
66,F,2025/6/7,29450,58.5,43,8,L,NA,1,0,0
66,F,2025/6/7,29465,59,43.5,8,L,NA,1,0,0
66,F,2025/6/7,29480,59.5,44,8,L,NA,1,0,0
66,F,2025/6/7,29495,60,44.5,8,L,NA,1,0,0
66,F,2025/6/7,29510,60.5,45,8,L,NA,1,0,0
66,F,2025/6/7,29525,61,45.5,8,L,NA,1,0,0
66,F,2025/6/7,29540,61.5,46,8,L,NA,1,0,0
66,F,2025/6/7,29555,62,46.5,8,L,NA,1,0,0
66,F,2025/6/7,29570,62.5,47,8,L,NA,1,0,0
66,F,2025/6/7,29585,63,47.5,8,L,NA,1,0,0
66,F,2025/6/7,29600,63.5,48,8,L,NA,1,0,0
66,F,2025/6/7,29615,64,48.5,8,L,NA,1,0,0
66,F,2025/6/7,29630,64.5,49,8,L,NA,1,0,0
66,F,2025/6/7,29645,65,49.5,8,L,NA,1,0,0
66,F,2025/6/7,29660,65.5,50,8,L,NA,1,0,0
66,F,2025/6/7,29675,66,50.5,8,L,NA,1,0,0
66,F,2025/6/7,29690,66.5,51,8,L,NA,1,0,0
66,F,2025/6/7,29705,67,51.5,8,L,NA,1,0,0
66,F,2025/6/7,29720,67.5,52,8,L,NA,1,0,0
66,F,2025/6/7,29735,68,52.5,8,L,NA,1,0,0
66,F,2025/6/7,29750,68.5,53,8,L,NA,1,0,0
66,F,2025/6/7,29765,69,53.5,8,L,NA,1,0,0
66,F,2025/6/7,29780,69.5,54,8,L,NA,1,0,0
66,F,2025/6/7,29795,70,54.5,8,L,NA,1,0,0
66,F,2025/6/7,29810,70.5,55,8,L,NA,1,0,0
66,F,2025/6/7,29825,71,55.5,8,L,NA,1,0,0
66,F,2025/6/7,29840,71.5,56,8,L,NA,1,0,0
66,F,2025/6/7,29855,72,56.5,8,L,NA,1,0,0
66,F,2025/6/7,29870,72.5,57,8,L,NA,1,0,0
66,F,2025/6/7,29885,73,57.5,8,L,NA,1,0,0
66,F,2025/6/7,29900,73.5,58,8,L,NA,1,0,0
66,F,2025/6/7,29915,74,58.5,8,L,NA,1,0,0
66,F,2025/6/7,29930,74.5,59,8,L,NA,1,0,0
66,F,2025/6/7,29945,75,59.5,8,L,NA,1,0,0
66,F,2025/6/7,29960,75.5,60,8,L,NA,1,0,0
66,F,2025/6/7,30625,0,NA,9,R,NA,0,0,0
66,F,2025/6/7,30640,0.5,NA,9,R,NA,0,0,0
66,F,2025/6/7,30655,1,NA,9,R,NA,0,0,0
66,F,2025/6/7,30670,1.5,0,9,R,NA,1,0,0
66,F,2025/6/7,30685,2,0.5,9,R,NA,1,0,0
66,F,2025/6/7,30700,2.5,1,9,R,NA,1,0,0
66,F,2025/6/7,30715,3,1.5,9,R,NA,1,0,0
66,F,2025/6/7,30730,3.5,2,9,R,NA,1,0,0
66,F,2025/6/7,30745,4,2.5,9,R,NA,1,0,0
66,F,2025/6/7,30760,4.5,3,9,R,NA,1,0,0
66,F,2025/6/7,30775,5,3.5,9,R,NA,1,0,0
66,F,2025/6/7,30790,5.5,4,9,R,NA,1,0,0
66,F,2025/6/7,30805,6,4.5,9,R,NA,1,0,0
66,F,2025/6/7,30820,6.5,5,9,R,NA,1,0,0
66,F,2025/6/7,30835,7,5.5,9,R,NA,1,0,0
66,F,2025/6/7,30850,7.5,6,9,R,NA,1,0,0
66,F,2025/6/7,30865,8,6.5,9,R,NA,1,0,0
66,F,2025/6/7,30880,8.5,7,9,R,NA,1,0,0
66,F,2025/6/7,30895,9,7.5,9,R,NA,1,0,0
66,F,2025/6/7,30910,9.5,8,9,R,NA,1,0,0
66,F,2025/6/7,30925,10,8.5,9,R,NA,1,0,0
66,F,2025/6/7,30940,10.5,9,9,R,NA,1,0,0
66,F,2025/6/7,30955,11,9.5,9,R,NA,1,0,0
66,F,2025/6/7,30970,11.5,10,9,R,NA,1,0,0
66,F,2025/6/7,30985,12,10.5,9,R,NA,1,0,0
66,F,2025/6/7,31000,12.5,11,9,R,NA,1,0,0
66,F,2025/6/7,31015,13,11.5,9,R,NA,1,0,0
66,F,2025/6/7,31030,13.5,12,9,R,NA,1,0,0
66,F,2025/6/7,31045,14,12.5,9,R,NA,1,0,0
66,F,2025/6/7,31060,14.5,13,9,R,NA,1,0,0
66,F,2025/6/7,31075,15,13.5,9,R,NA,1,0,0
66,F,2025/6/7,31090,15.5,14,9,R,NA,1,0,0
66,F,2025/6/7,31105,16,14.5,9,R,NA,1,0,0
66,F,2025/6/7,31120,16.5,15,9,R,NA,1,0,0
66,F,2025/6/7,31135,17,15.5,9,R,NA,1,0,0
66,F,2025/6/7,31150,17.5,16,9,R,NA,1,0,0
66,F,2025/6/7,31165,18,16.5,9,R,NA,1,0,0
66,F,2025/6/7,31180,18.5,17,9,R,NA,1,0,0
66,F,2025/6/7,31195,19,17.5,9,R,NA,1,0,0
66,F,2025/6/7,31210,19.5,18,9,R,NA,1,0,0
66,F,2025/6/7,31225,20,18.5,9,R,NA,1,0,0
66,F,2025/6/7,31240,20.5,19,9,R,NA,1,0,0
66,F,2025/6/7,31255,21,19.5,9,R,NA,1,0,0
66,F,2025/6/7,31270,21.5,20,9,R,NA,1,0,0
66,F,2025/6/7,31285,22,20.5,9,R,NA,1,0,0
66,F,2025/6/7,31300,22.5,21,9,R,NA,1,0,0
66,F,2025/6/7,31315,23,21.5,9,R,NA,1,0,0
66,F,2025/6/7,31330,23.5,22,9,R,NA,1,0,0
66,F,2025/6/7,31345,24,22.5,9,R,NA,1,0,0
66,F,2025/6/7,31360,24.5,23,9,R,NA,1,0,0
66,F,2025/6/7,31375,25,23.5,9,R,NA,1,0,0
66,F,2025/6/7,31390,25.5,24,9,R,NA,1,0,0
66,F,2025/6/7,31405,26,24.5,9,R,NA,1,0,0
66,F,2025/6/7,31420,26.5,25,9,R,NA,1,0,0
66,F,2025/6/7,31435,27,25.5,9,R,NA,1,0,0
66,F,2025/6/7,31450,27.5,26,9,R,NA,1,0,0
66,F,2025/6/7,31465,28,26.5,9,R,NA,1,0,0
66,F,2025/6/7,31480,28.5,27,9,R,NA,1,0,0
66,F,2025/6/7,31495,29,27.5,9,R,NA,1,0,0
66,F,2025/6/7,31510,29.5,28,9,R,NA,1,0,0
66,F,2025/6/7,31525,30,28.5,9,R,NA,1,0,0
66,F,2025/6/7,31540,30.5,29,9,R,NA,1,0,0
66,F,2025/6/7,31555,31,29.5,9,R,NA,1,0,0
66,F,2025/6/7,31570,31.5,30,9,R,NA,1,0,0
66,F,2025/6/7,31585,32,30.5,9,R,NA,1,0,0
66,F,2025/6/7,31600,32.5,31,9,R,NA,1,0,0
66,F,2025/6/7,31615,33,31.5,9,R,NA,1,0,0
66,F,2025/6/7,31630,33.5,32,9,R,NA,1,0,0
66,F,2025/6/7,31645,34,32.5,9,R,NA,1,0,0
66,F,2025/6/7,31660,34.5,33,9,R,NA,1,0,0
66,F,2025/6/7,31675,35,33.5,9,R,NA,1,0,0
66,F,2025/6/7,31690,35.5,34,9,R,NA,1,0,0
66,F,2025/6/7,31705,36,34.5,9,R,NA,1,0,0
66,F,2025/6/7,31720,36.5,35,9,R,NA,1,0,0
66,F,2025/6/7,31735,37,35.5,9,R,NA,1,0,0
66,F,2025/6/7,31750,37.5,36,9,R,NA,1,0,0
66,F,2025/6/7,31765,38,36.5,9,R,NA,1,0,0
66,F,2025/6/7,31780,38.5,37,9,R,NA,1,0,0
66,F,2025/6/7,31795,39,37.5,9,R,NA,1,0,0
66,F,2025/6/7,31810,39.5,38,9,R,NA,1,0,0
66,F,2025/6/7,31825,40,38.5,9,R,NA,1,0,0
66,F,2025/6/7,31840,40.5,39,9,R,NA,1,0,0
66,F,2025/6/7,31855,41,39.5,9,R,NA,1,0,0
66,F,2025/6/7,31870,41.5,40,9,R,NA,1,0,0
66,F,2025/6/7,31885,42,40.5,9,R,NA,1,0,0
66,F,2025/6/7,31900,42.5,41,9,R,NA,1,0,0
66,F,2025/6/7,31915,43,41.5,9,R,NA,1,0,0
66,F,2025/6/7,31930,43.5,42,9,R,NA,1,0,0
66,F,2025/6/7,31945,44,42.5,9,R,NA,1,0,0
66,F,2025/6/7,31960,44.5,43,9,R,NA,1,0,0
66,F,2025/6/7,31975,45,43.5,9,R,NA,1,0,0
66,F,2025/6/7,31990,45.5,44,9,R,NA,1,0,0
66,F,2025/6/7,32005,46,44.5,9,R,NA,1,0,0
66,F,2025/6/7,32020,46.5,45,9,R,NA,1,0,0
66,F,2025/6/7,32035,47,45.5,9,R,NA,1,0,0
66,F,2025/6/7,32050,47.5,46,9,R,NA,1,0,0
66,F,2025/6/7,32065,48,46.5,9,R,NA,1,0,0
66,F,2025/6/7,32080,48.5,47,9,R,NA,1,0,0
66,F,2025/6/7,32095,49,47.5,9,R,NA,1,0,0
66,F,2025/6/7,32110,49.5,48,9,R,NA,1,0,0
66,F,2025/6/7,32125,50,48.5,9,R,NA,1,0,0
66,F,2025/6/7,32140,50.5,49,9,R,NA,1,0,0
66,F,2025/6/7,32155,51,49.5,9,R,NA,1,0,0
66,F,2025/6/7,32170,51.5,50,9,R,NA,1,0,0
66,F,2025/6/7,32185,52,50.5,9,R,NA,1,0,0
66,F,2025/6/7,32200,52.5,51,9,R,NA,1,0,0
66,F,2025/6/7,32215,53,51.5,9,R,NA,1,0,0
66,F,2025/6/7,32230,53.5,52,9,R,NA,1,0,0
66,F,2025/6/7,32245,54,52.5,9,R,NA,1,0,0
66,F,2025/6/7,32260,54.5,53,9,R,NA,1,0,0
66,F,2025/6/7,32275,55,53.5,9,R,NA,1,0,0
66,F,2025/6/7,32290,55.5,54,9,R,NA,1,0,0
66,F,2025/6/7,32305,56,54.5,9,R,NA,1,0,0
66,F,2025/6/7,32320,56.5,55,9,R,NA,1,0,0
66,F,2025/6/7,32335,57,55.5,9,R,NA,1,0,0
66,F,2025/6/7,32350,57.5,56,9,R,NA,1,0,0
66,F,2025/6/7,32365,58,56.5,9,R,NA,1,0,0
66,F,2025/6/7,32380,58.5,57,9,R,NA,1,0,0
66,F,2025/6/7,32395,59,57.5,9,R,NA,1,0,0
66,F,2025/6/7,32410,59.5,58,9,R,NA,1,0,0
66,F,2025/6/7,32425,60,58.5,9,R,NA,1,0,0
66,F,2025/6/7,32440,60.5,59,9,R,NA,1,0,0
66,F,2025/6/7,32455,61,59.5,9,R,NA,1,0,0
66,F,2025/6/7,32470,61.5,60,9,R,NA,1,0,0
66,F,2025/6/7,33170,0,NA,10,L,NA,0,0,0
66,F,2025/6/7,33185,0.5,NA,10,L,NA,0,0,0
66,F,2025/6/7,33200,1,NA,10,L,NA,0,0,0
66,F,2025/6/7,33215,1.5,NA,10,L,NA,0,0,0
66,F,2025/6/7,33230,2,NA,10,L,NA,0,0,0
66,F,2025/6/7,33245,2.5,0,10,L,NA,1,0,0
66,F,2025/6/7,33260,3,0.5,10,L,NA,1,0,0
66,F,2025/6/7,33275,3.5,1,10,L,NA,1,0,0
66,F,2025/6/7,33290,4,1.5,10,L,NA,1,0,0
66,F,2025/6/7,33305,4.5,2,10,L,NA,1,0,0
66,F,2025/6/7,33320,5,2.5,10,L,NA,1,0,0
66,F,2025/6/7,33335,5.5,3,10,L,NA,1,0,0
66,F,2025/6/7,33350,6,3.5,10,L,NA,1,0,0
66,F,2025/6/7,33365,6.5,4,10,L,NA,1,0,0
66,F,2025/6/7,33380,7,4.5,10,L,NA,1,0,0
66,F,2025/6/7,33395,7.5,5,10,L,NA,1,0,0
66,F,2025/6/7,33410,8,5.5,10,L,NA,1,0,0
66,F,2025/6/7,33425,8.5,6,10,L,NA,1,0,0
66,F,2025/6/7,33440,9,6.5,10,L,NA,1,0,0
66,F,2025/6/7,33455,9.5,7,10,L,NA,1,0,0
66,F,2025/6/7,33470,10,7.5,10,L,NA,1,0,0
66,F,2025/6/7,33485,10.5,8,10,L,NA,1,0,0
66,F,2025/6/7,33500,11,8.5,10,L,NA,1,0,0
66,F,2025/6/7,33515,11.5,9,10,L,NA,1,0,0
66,F,2025/6/7,33530,12,9.5,10,L,NA,1,0,0
66,F,2025/6/7,33545,12.5,10,10,L,NA,1,0,0
66,F,2025/6/7,33560,13,10.5,10,L,NA,1,0,0
66,F,2025/6/7,33575,13.5,11,10,L,NA,1,0,0
66,F,2025/6/7,33590,14,11.5,10,L,NA,1,0,0
66,F,2025/6/7,33605,14.5,12,10,L,NA,1,0,0
66,F,2025/6/7,33620,15,12.5,10,L,NA,1,0,0
66,F,2025/6/7,33635,15.5,13,10,L,NA,1,0,0
66,F,2025/6/7,33650,16,13.5,10,L,NA,1,0,0
66,F,2025/6/7,33665,16.5,14,10,L,NA,1,0,0
66,F,2025/6/7,33680,17,14.5,10,L,NA,1,0,0
66,F,2025/6/7,33695,17.5,15,10,L,NA,1,0,0
66,F,2025/6/7,33710,18,15.5,10,L,NA,1,0,0
66,F,2025/6/7,33725,18.5,16,10,L,NA,1,0,0
66,F,2025/6/7,33740,19,16.5,10,L,NA,1,0,0
66,F,2025/6/7,33755,19.5,17,10,L,NA,1,0,0
66,F,2025/6/7,33770,20,17.5,10,L,NA,1,0,0
66,F,2025/6/7,33785,20.5,18,10,L,NA,1,0,0
66,F,2025/6/7,33800,21,18.5,10,L,NA,1,0,0
66,F,2025/6/7,33815,21.5,19,10,L,NA,1,0,0
66,F,2025/6/7,33830,22,19.5,10,L,NA,1,0,0
66,F,2025/6/7,33845,22.5,20,10,L,NA,1,0,0
66,F,2025/6/7,33860,23,20.5,10,L,NA,1,0,0
66,F,2025/6/7,33875,23.5,21,10,L,NA,1,0,0
66,F,2025/6/7,33890,24,21.5,10,L,NA,1,0,0
66,F,2025/6/7,33905,24.5,22,10,L,NA,1,0,0
66,F,2025/6/7,33920,25,22.5,10,L,NA,1,0,0
66,F,2025/6/7,33935,25.5,23,10,L,NA,1,0,0
66,F,2025/6/7,33950,26,23.5,10,L,NA,1,0,0
66,F,2025/6/7,33965,26.5,24,10,L,NA,1,0,0
66,F,2025/6/7,33980,27,24.5,10,L,NA,1,0,0
66,F,2025/6/7,33995,27.5,25,10,L,NA,1,0,0
66,F,2025/6/7,34010,28,25.5,10,L,NA,1,0,0
66,F,2025/6/7,34025,28.5,26,10,L,NA,1,0,0
66,F,2025/6/7,34040,29,26.5,10,L,NA,1,0,0
66,F,2025/6/7,34055,29.5,27,10,L,NA,1,0,0
66,F,2025/6/7,34070,30,27.5,10,L,NA,1,0,0
66,F,2025/6/7,34085,30.5,28,10,L,NA,1,0,0
66,F,2025/6/7,34100,31,28.5,10,L,NA,1,0,0
66,F,2025/6/7,34115,31.5,29,10,L,NA,1,0,0
66,F,2025/6/7,34130,32,29.5,10,L,NA,1,0,0
66,F,2025/6/7,34145,32.5,30,10,L,NA,1,0,0